{
  "type": "FeatureCollection",
  "generator": "overpass-turbo",
  "copyright": "The data included in this document is from www.openstreetmap.org. The data is made available under ODbL.",
  "timestamp": "2026-08-14T16:43:36Z",
  "features": [
    {
      "type": "Feature",
      "properties": {
        "@id": "relation/12172643",
        "name": "Barrio Chambú",
        "place": "neighbourhood",
        "type": "multipolygon"
      },
      "geometry": {
        "type": "Polygon",
        "coordinates": [
          [
            [
              -77.2730257,
              1.187404
            ],
            [
              -77.2730407,
              1.1878508
            ],
            [
              -77.2731355,
              1.1884875
            ],
            [
              -77.2731852,
              1.1891189
            ],
            [
              -77.2730938,
              1.1894005
            ],
            [
              -77.2729558,
              1.1900173
            ],
            [
              -77.2730431,
              1.190449
            ],
            [
              -77.2731505,
              1.1908943
            ],
            [
              -77.2731866,
              1.1913594
            ],
            [
              -77.2731374,
              1.1916733
            ],
            [
              -77.2731018,
              1.1919004
            ],
            [
              -77.2730427,
              1.1922411
            ],
            [
              -77.2729225,
              1.1926069
            ],
            [
              -77.272879,
              1.1927838
            ],
            [
              -77.2729673,
              1.1929047
            ],
            [
              -77.2739211,
              1.1924123
            ],
            [
              -77.2746683,
              1.1920731
            ],
            [
              -77.2747131,
              1.1920856
            ],
            [
              -77.2756275,
              1.1916418
            ],
            [
              -77.2757165,
              1.1916459
            ],
            [
              -77.2764614,
              1.1913029
            ],
            [
              -77.2771456,
              1.1909696
            ],
            [
              -77.2770234,
              1.1907089
            ],
            [
              -77.277428,
              1.1905614
            ],
            [
              -77.2766434,
              1.189801
            ],
            [
              -77.2762905,
              1.1893709
            ],
            [
              -77.2756961,
              1.1887931
            ],
            [
              -77.2751285,
              1.1883024
            ],
            [
              -77.2747838,
              1.1877943
            ],
            [
              -77.2746095,
              1.1875663
            ],
            [
              -77.2743682,
              1.1872707
            ],
            [
              -77.2741983,
              1.1870713
            ],
            [
              -77.2741414,
              1.1870045
            ],
            [
              -77.2740483,
              1.1869639
            ],
            [
              -77.2738816,
              1.1870172
            ],
            [
              -77.2733771,
              1.1872204
            ],
            [
              -77.2730257,
              1.187404
            ]
          ]
        ]
      },
      "id": "relation/12172643"
    },
    {
      "type": "Feature",
      "properties": {
        "@id": "relation/17985083",
        "admin_level": "9",
        "boundary": "administrative",
        "name": "Altos de Chapalito I",
        "place": "neighbourhood",
        "type": "boundary"
      },
      "geometry": {
        "type": "Polygon",
        "coordinates": [
          [
            [
              -77.2740483,
              1.1869639
            ],
            [
              -77.2740419,
              1.1869537
            ],
            [
              -77.2738432,
              1.1865739
            ],
            [
              -77.2737999,
              1.1864681
            ],
            [
              -77.273594,
              1.1860047
            ],
            [
              -77.2735457,
              1.1858681
            ],
            [
              -77.2734122,
              1.1857892
            ],
            [
              -77.2724677,
              1.1861553
            ],
            [
              -77.2725821,
              1.1864137
            ],
            [
              -77.2726805,
              1.1866481
            ],
            [
              -77.2728297,
              1.1870239
            ],
            [
              -77.2730215,
              1.1873964
            ],
            [
              -77.2730257,
              1.187404
            ],
            [
              -77.2733771,
              1.1872204
            ],
            [
              -77.2738816,
              1.1870172
            ],
            [
              -77.2740483,
              1.1869639
            ]
          ]
        ]
      },
      "id": "relation/17985083"
    },
    {
      "type": "Feature",
      "properties": {
        "@id": "relation/17985107",
        "admin_level": "9",
        "boundary": "administrative",
        "name": "Chambú",
        "place": "neighbourhood",
        "type": "boundary"
      },
      "geometry": {
        "type": "Polygon",
        "coordinates": [
          [
            [
              -77.2730938,
              1.1894005
            ],
            [
              -77.2729558,
              1.1900173
            ],
            [
              -77.2730431,
              1.190449
            ],
            [
              -77.2731505,
              1.1908943
            ],
            [
              -77.2731866,
              1.1913594
            ],
            [
              -77.2731374,
              1.1916733
            ],
            [
              -77.2731018,
              1.1919004
            ],
            [
              -77.2730427,
              1.1922411
            ],
            [
              -77.2729225,
              1.1926069
            ],
            [
              -77.272879,
              1.1927838
            ],
            [
              -77.2729673,
              1.1929047
            ],
            [
              -77.2739211,
              1.1924123
            ],
            [
              -77.2746683,
              1.1920731
            ],
            [
              -77.2747131,
              1.1920856
            ],
            [
              -77.2756275,
              1.1916418
            ],
            [
              -77.2757165,
              1.1916459
            ],
            [
              -77.2764614,
              1.1913029
            ],
            [
              -77.2771456,
              1.1909696
            ],
            [
              -77.2770234,
              1.1907089
            ],
            [
              -77.277428,
              1.1905614
            ],
            [
              -77.2766434,
              1.189801
            ],
            [
              -77.2762905,
              1.1893709
            ],
            [
              -77.2756961,
              1.1887931
            ],
            [
              -77.2751285,
              1.1883024
            ],
            [
              -77.2747838,
              1.1877943
            ],
            [
              -77.2746095,
              1.1875663
            ],
            [
              -77.2743682,
              1.1872707
            ],
            [
              -77.2741983,
              1.1870713
            ],
            [
              -77.2741414,
              1.1870045
            ],
            [
              -77.2740483,
              1.1869639
            ],
            [
              -77.2738816,
              1.1870172
            ],
            [
              -77.2733771,
              1.1872204
            ],
            [
              -77.2730257,
              1.187404
            ],
            [
              -77.2730407,
              1.1878508
            ],
            [
              -77.2731355,
              1.1884875
            ],
            [
              -77.2731852,
              1.1891189
            ],
            [
              -77.2730938,
              1.1894005
            ]
          ]
        ]
      },
      "id": "relation/17985107"
    },
    {
      "type": "Feature",
      "properties": {
        "@id": "relation/19657751",
        "admin_level": "9",
        "boundary": "administrative",
        "name": "Fray Ezequiel Bajo",
        "place": "neighbourhood",
        "type": "boundary"
      },
      "geometry": {
        "type": "Polygon",
        "coordinates": [
          [
            [
              -77.2773398,
              1.1828949
            ],
            [
              -77.2772701,
              1.1827594
            ],
            [
              -77.2771789,
              1.1824242
            ],
            [
              -77.2770933,
              1.1824585
            ],
            [
              -77.2769442,
              1.182545
            ],
            [
              -77.2767471,
              1.1826924
            ],
            [
              -77.2766049,
              1.1828017
            ],
            [
              -77.2765446,
              1.1829029
            ],
            [
              -77.2764924,
              1.1829354
            ],
            [
              -77.2763394,
              1.1832482
            ],
            [
              -77.2762656,
              1.1835116
            ],
            [
              -77.2765325,
              1.1835907
            ],
            [
              -77.2769325,
              1.1836382
            ],
            [
              -77.2773626,
              1.1835492
            ],
            [
              -77.2774941,
              1.1835317
            ],
            [
              -77.2774753,
              1.1833346
            ],
            [
              -77.2772956,
              1.1833574
            ],
            [
              -77.2771736,
              1.1829552
            ],
            [
              -77.2773398,
              1.1828949
            ]
          ]
        ]
      },
      "id": "relation/19657751"
    },
    {
      "type": "Feature",
      "properties": {
        "@id": "relation/19657752",
        "admin_level": "9",
        "boundary": "administrative",
        "name": "Los Robles",
        "place": "neighbourhood",
        "type": "boundary"
      },
      "geometry": {
        "type": "Polygon",
        "coordinates": [
          [
            [
              -77.2772956,
              1.1833574
            ],
            [
              -77.278752,
              1.1829458
            ],
            [
              -77.2788808,
              1.1826763
            ],
            [
              -77.2788419,
              1.182026
            ],
            [
              -77.2784778,
              1.1820277
            ],
            [
              -77.2784758,
              1.182203
            ],
            [
              -77.2785495,
              1.1822017
            ],
            [
              -77.2785415,
              1.1825342
            ],
            [
              -77.2773398,
              1.1828949
            ],
            [
              -77.2771736,
              1.1829552
            ],
            [
              -77.2772956,
              1.1833574
            ]
          ]
        ]
      },
      "id": "relation/19657752"
    },
    {
      "type": "Feature",
      "properties": {
        "@id": "relation/19657753",
        "admin_level": "9",
        "boundary": "administrative",
        "name": "Fray Ezequiel A",
        "place": "neighbourhood",
        "type": "boundary"
      },
      "geometry": {
        "type": "Polygon",
        "coordinates": [
          [
            [
              -77.2773398,
              1.1828949
            ],
            [
              -77.2785415,
              1.1825342
            ],
            [
              -77.2785495,
              1.1822017
            ],
            [
              -77.2784758,
              1.182203
            ],
            [
              -77.2784778,
              1.1820277
            ],
            [
              -77.2781475,
              1.1820749
            ],
            [
              -77.2779946,
              1.1821034
            ],
            [
              -77.2779142,
              1.1821306
            ],
            [
              -77.277706,
              1.1821748
            ],
            [
              -77.2776698,
              1.1822426
            ],
            [
              -77.2776919,
              1.1823666
            ],
            [
              -77.2775806,
              1.1824001
            ],
            [
              -77.2775826,
              1.1825442
            ],
            [
              -77.2774632,
              1.1825999
            ],
            [
              -77.2774746,
              1.1826931
            ],
            [
              -77.2772701,
              1.1827594
            ],
            [
              -77.2773398,
              1.1828949
            ]
          ]
        ]
      },
      "id": "relation/19657753"
    },
    {
      "type": "Feature",
      "properties": {
        "@id": "relation/19682897",
        "admin_level": "9",
        "boundary": "administrative",
        "name": "Quintas de San Pedro",
        "place": "neighbourhood",
        "type": "boundary"
      },
      "geometry": {
        "type": "Polygon",
        "coordinates": [
          [
            [
              -77.2940406,
              1.2267158
            ],
            [
              -77.293246,
              1.2269444
            ],
            [
              -77.2932816,
              1.2271368
            ],
            [
              -77.2930013,
              1.2271784
            ],
            [
              -77.2930455,
              1.2273198
            ],
            [
              -77.2929905,
              1.2276966
            ],
            [
              -77.2929448,
              1.2278432
            ],
            [
              -77.2929179,
              1.2279791
            ],
            [
              -77.2929142,
              1.2280399
            ],
            [
              -77.2929466,
              1.2281618
            ],
            [
              -77.2929576,
              1.2282012
            ],
            [
              -77.2929778,
              1.2282737
            ],
            [
              -77.2929859,
              1.2283081
            ],
            [
              -77.2930075,
              1.2283686
            ],
            [
              -77.2930303,
              1.2283887
            ],
            [
              -77.293193,
              1.2284208
            ],
            [
              -77.2932538,
              1.2284309
            ],
            [
              -77.2932997,
              1.228418
            ],
            [
              -77.293476,
              1.228481
            ],
            [
              -77.2943273,
              1.2287958
            ],
            [
              -77.2942934,
              1.2289327
            ],
            [
              -77.2943454,
              1.228947
            ],
            [
              -77.2943086,
              1.2290923
            ],
            [
              -77.2944845,
              1.2291487
            ],
            [
              -77.294687,
              1.2292224
            ],
            [
              -77.2949003,
              1.2293391
            ],
            [
              -77.2951108,
              1.2294517
            ],
            [
              -77.2953817,
              1.2295482
            ],
            [
              -77.2955373,
              1.2293954
            ],
            [
              -77.2956124,
              1.2291715
            ],
            [
              -77.2955588,
              1.2291071
            ],
            [
              -77.2956204,
              1.2288443
            ],
            [
              -77.2957237,
              1.2285628
            ],
            [
              -77.2958712,
              1.2283442
            ],
            [
              -77.2962366,
              1.2281912
            ],
            [
              -77.2958926,
              1.2274244
            ],
            [
              -77.2958312,
              1.2274098
            ],
            [
              -77.2957649,
              1.2272887
            ],
            [
              -77.2956868,
              1.2272997
            ],
            [
              -77.2951452,
              1.2271111
            ],
            [
              -77.294443,
              1.2268935
            ],
            [
              -77.2942703,
              1.2269029
            ],
            [
              -77.2940936,
              1.226935
            ],
            [
              -77.2940406,
              1.2267158
            ]
          ]
        ]
      },
      "id": "relation/19682897"
    },
    {
      "type": "Feature",
      "properties": {
        "@id": "relation/19682898",
        "admin_level": "9",
        "boundary": "administrative",
        "name": "Figueroa",
        "place": "neighbourhood",
        "type": "boundary"
      },
      "geometry": {
        "type": "Polygon",
        "coordinates": [
          [
            [
              -77.2930013,
              1.2271784
            ],
            [
              -77.2926566,
              1.2270664
            ],
            [
              -77.2925936,
              1.2272622
            ],
            [
              -77.2926915,
              1.2273225
            ],
            [
              -77.2925574,
              1.2274781
            ],
            [
              -77.2926405,
              1.22758
            ],
            [
              -77.2927545,
              1.2276309
            ],
            [
              -77.292733,
              1.2277328
            ],
            [
              -77.2925761,
              1.227714
            ],
            [
              -77.2925319,
              1.2278146
            ],
            [
              -77.2926955,
              1.2278749
            ],
            [
              -77.2926794,
              1.2279245
            ],
            [
              -77.2925802,
              1.2279809
            ],
            [
              -77.2926767,
              1.22806
            ],
            [
              -77.2925614,
              1.2283013
            ],
            [
              -77.2926311,
              1.2283549
            ],
            [
              -77.2927062,
              1.2285091
            ],
            [
              -77.2926593,
              1.2285641
            ],
            [
              -77.2927277,
              1.2286097
            ],
            [
              -77.292725,
              1.2286419
            ],
            [
              -77.2926633,
              1.2286754
            ],
            [
              -77.292786,
              1.2287746
            ],
            [
              -77.2927263,
              1.2288135
            ],
            [
              -77.2929235,
              1.2290924
            ],
            [
              -77.2929563,
              1.2290468
            ],
            [
              -77.2929865,
              1.2290783
            ],
            [
              -77.2931005,
              1.2289724
            ],
            [
              -77.2931307,
              1.2289999
            ],
            [
              -77.2933151,
              1.2292332
            ],
            [
              -77.2934519,
              1.2293753
            ],
            [
              -77.2935484,
              1.2294598
            ],
            [
              -77.2936611,
              1.2293297
            ],
            [
              -77.2935015,
              1.2291876
            ],
            [
              -77.2935323,
              1.2291514
            ],
            [
              -77.2934519,
              1.229087
            ],
            [
              -77.2935511,
              1.2289798
            ],
            [
              -77.2936396,
              1.2290334
            ],
            [
              -77.2937335,
              1.2289342
            ],
            [
              -77.2937939,
              1.2289985
            ],
            [
              -77.2939977,
              1.2289328
            ],
            [
              -77.2941023,
              1.2290387
            ],
            [
              -77.2940661,
              1.2290843
            ],
            [
              -77.2941627,
              1.2291889
            ],
            [
              -77.2942083,
              1.2291353
            ],
            [
              -77.29427,
              1.2291903
            ],
            [
              -77.2943383,
              1.2291165
            ],
            [
              -77.2943638,
              1.2291299
            ],
            [
              -77.2943303,
              1.2292171
            ],
            [
              -77.2944121,
              1.22926
            ],
            [
              -77.2944041,
              1.2292774
            ],
            [
              -77.2945878,
              1.2293666
            ],
            [
              -77.2948473,
              1.2294872
            ],
            [
              -77.2949003,
              1.2293391
            ],
            [
              -77.294687,
              1.2292224
            ],
            [
              -77.2944845,
              1.2291487
            ],
            [
              -77.2943086,
              1.2290923
            ],
            [
              -77.2943454,
              1.228947
            ],
            [
              -77.2942934,
              1.2289327
            ],
            [
              -77.2943273,
              1.2287958
            ],
            [
              -77.293476,
              1.228481
            ],
            [
              -77.2932997,
              1.228418
            ],
            [
              -77.2932538,
              1.2284309
            ],
            [
              -77.293193,
              1.2284208
            ],
            [
              -77.2930303,
              1.2283887
            ],
            [
              -77.2930075,
              1.2283686
            ],
            [
              -77.2929859,
              1.2283081
            ],
            [
              -77.2929778,
              1.2282737
            ],
            [
              -77.2929576,
              1.2282012
            ],
            [
              -77.2929466,
              1.2281618
            ],
            [
              -77.2929142,
              1.2280399
            ],
            [
              -77.2929179,
              1.2279791
            ],
            [
              -77.2929448,
              1.2278432
            ],
            [
              -77.2929905,
              1.2276966
            ],
            [
              -77.2930455,
              1.2273198
            ],
            [
              -77.2930013,
              1.2271784
            ]
          ]
        ]
      },
      "id": "relation/19682898"
    },
    {
      "type": "Feature",
      "properties": {
        "@id": "relation/19682899",
        "admin_level": "9",
        "boundary": "administrative",
        "name": "Albergue del Sol",
        "place": "neighbourhood",
        "type": "boundary"
      },
      "geometry": {
        "type": "Polygon",
        "coordinates": [
          [
            [
              -77.2621397,
              1.1936439
            ],
            [
              -77.2620494,
              1.1936231
            ],
            [
              -77.2619702,
              1.1938898
            ],
            [
              -77.2622277,
              1.1939642
            ],
            [
              -77.2621612,
              1.1942288
            ],
            [
              -77.2625367,
              1.1943223
            ],
            [
              -77.2625476,
              1.1942087
            ],
            [
              -77.2625877,
              1.1940545
            ],
            [
              -77.2622324,
              1.1939527
            ],
            [
              -77.2623047,
              1.1936817
            ],
            [
              -77.2621397,
              1.1936439
            ]
          ]
        ]
      },
      "id": "relation/19682899"
    },
    {
      "type": "Feature",
      "properties": {
        "@id": "relation/19682900",
        "admin_level": "9",
        "boundary": "administrative",
        "name": "Villa del Sol",
        "place": "neighbourhood",
        "type": "boundary"
      },
      "geometry": {
        "type": "Polygon",
        "coordinates": [
          [
            [
              -77.2621397,
              1.1936439
            ],
            [
              -77.2621999,
              1.1934307
            ],
            [
              -77.2619802,
              1.1933955
            ],
            [
              -77.2619858,
              1.1933203
            ],
            [
              -77.2621098,
              1.1929632
            ],
            [
              -77.261972,
              1.192931
            ],
            [
              -77.2621745,
              1.1923469
            ],
            [
              -77.2619527,
              1.1922645
            ],
            [
              -77.2619057,
              1.1922739
            ],
            [
              -77.2616348,
              1.1921954
            ],
            [
              -77.2614967,
              1.1920707
            ],
            [
              -77.2612332,
              1.1919889
            ],
            [
              -77.2609898,
              1.1924623
            ],
            [
              -77.2612402,
              1.19254
            ],
            [
              -77.2611554,
              1.192894
            ],
            [
              -77.2614376,
              1.1929571
            ],
            [
              -77.26138,
              1.1931943
            ],
            [
              -77.2616684,
              1.1932855
            ],
            [
              -77.2616284,
              1.1934884
            ],
            [
              -77.2619349,
              1.1935684
            ],
            [
              -77.2618917,
              1.1938037
            ],
            [
              -77.2618412,
              1.1940985
            ],
            [
              -77.2619185,
              1.1941584
            ],
            [
              -77.2619004,
              1.1943256
            ],
            [
              -77.2621135,
              1.1943831
            ],
            [
              -77.2621612,
              1.1942288
            ],
            [
              -77.2622277,
              1.1939642
            ],
            [
              -77.2619702,
              1.1938898
            ],
            [
              -77.2620494,
              1.1936231
            ],
            [
              -77.2621397,
              1.1936439
            ]
          ]
        ]
      },
      "id": "relation/19682900"
    },
    {
      "type": "Feature",
      "properties": {
        "@id": "relation/19682901",
        "admin_level": "9",
        "alt_name": "Villa Docente",
        "boundary": "administrative",
        "name": "Villadocente",
        "place": "neighbourhood",
        "type": "boundary"
      },
      "geometry": {
        "type": "Polygon",
        "coordinates": [
          [
            [
              -77.2621612,
              1.1942288
            ],
            [
              -77.2621135,
              1.1943831
            ],
            [
              -77.2621638,
              1.1942346
            ],
            [
              -77.262536,
              1.1943291
            ],
            [
              -77.2624884,
              1.1944844
            ],
            [
              -77.2629235,
              1.1946037
            ],
            [
              -77.2629738,
              1.1944752
            ],
            [
              -77.2638658,
              1.1946847
            ],
            [
              -77.2639241,
              1.1944453
            ],
            [
              -77.2639737,
              1.194456
            ],
            [
              -77.2641266,
              1.1944862
            ],
            [
              -77.2642292,
              1.1941363
            ],
            [
              -77.2642967,
              1.1940915
            ],
            [
              -77.264168,
              1.1938841
            ],
            [
              -77.2641133,
              1.1937873
            ],
            [
              -77.2640549,
              1.1937253
            ],
            [
              -77.264024,
              1.1936925
            ],
            [
              -77.2639503,
              1.1936415
            ],
            [
              -77.2639047,
              1.1936234
            ],
            [
              -77.2638678,
              1.1936234
            ],
            [
              -77.2638182,
              1.1936247
            ],
            [
              -77.2634541,
              1.1935108
            ],
            [
              -77.2633079,
              1.1934605
            ],
            [
              -77.263336,
              1.1933284
            ],
            [
              -77.2632006,
              1.1932486
            ],
            [
              -77.2631966,
              1.1931488
            ],
            [
              -77.2629236,
              1.1931146
            ],
            [
              -77.2628284,
              1.1931072
            ],
            [
              -77.2629049,
              1.1929684
            ],
            [
              -77.262876,
              1.1928632
            ],
            [
              -77.2628043,
              1.1928384
            ],
            [
              -77.2627674,
              1.1928223
            ],
            [
              -77.2628036,
              1.1926781
            ],
            [
              -77.2622766,
              1.1925226
            ],
            [
              -77.2622631,
              1.1924261
            ],
            [
              -77.2621745,
              1.1923469
            ],
            [
              -77.261972,
              1.192931
            ],
            [
              -77.2621098,
              1.1929632
            ],
            [
              -77.2619858,
              1.1933203
            ],
            [
              -77.2619802,
              1.1933955
            ],
            [
              -77.2621999,
              1.1934307
            ],
            [
              -77.2621397,
              1.1936439
            ],
            [
              -77.2620494,
              1.1936231
            ],
            [
              -77.2619702,
              1.1938898
            ],
            [
              -77.2622277,
              1.1939642
            ],
            [
              -77.2621612,
              1.1942288
            ]
          ]
        ]
      },
      "id": "relation/19682901"
    },
    {
      "type": "Feature",
      "properties": {
        "@id": "relation/19727214",
        "admin_level": "9",
        "boundary": "administrative",
        "name": "Villas del Norte",
        "place": "neighbourhood",
        "type": "boundary"
      },
      "geometry": {
        "type": "Polygon",
        "coordinates": [
          [
            [
              -77.2694086,
              1.2310228
            ],
            [
              -77.2697197,
              1.2313731
            ],
            [
              -77.2698659,
              1.2312631
            ],
            [
              -77.2695333,
              1.2308399
            ],
            [
              -77.2694265,
              1.2308133
            ],
            [
              -77.2690599,
              1.2303336
            ],
            [
              -77.269163,
              1.2302364
            ],
            [
              -77.2686059,
              1.2294709
            ],
            [
              -77.2685283,
              1.2293696
            ],
            [
              -77.2682638,
              1.2290457
            ],
            [
              -77.2680174,
              1.2289453
            ],
            [
              -77.2676166,
              1.2296279
            ],
            [
              -77.267437,
              1.2299664
            ],
            [
              -77.2672405,
              1.2306731
            ],
            [
              -77.2674902,
              1.2308225
            ],
            [
              -77.2673741,
              1.2310272
            ],
            [
              -77.2680551,
              1.2315531
            ],
            [
              -77.2683161,
              1.2317699
            ],
            [
              -77.2685444,
              1.2319595
            ],
            [
              -77.2686069,
              1.2320216
            ],
            [
              -77.268613,
              1.2320129
            ],
            [
              -77.2687777,
              1.2317764
            ],
            [
              -77.2690646,
              1.2314245
            ],
            [
              -77.2694086,
              1.2310228
            ]
          ]
        ]
      },
      "id": "relation/19727214"
    },
    {
      "type": "Feature",
      "properties": {
        "@id": "relation/19727215",
        "admin_level": "9",
        "boundary": "administrative",
        "name": "El Futuro",
        "place": "neighbourhood",
        "type": "boundary"
      },
      "geometry": {
        "type": "Polygon",
        "coordinates": [
          [
            [
              -77.2694086,
              1.2310228
            ],
            [
              -77.2690646,
              1.2314245
            ],
            [
              -77.2687777,
              1.2317764
            ],
            [
              -77.2686859,
              1.2319094
            ],
            [
              -77.2686158,
              1.2320225
            ],
            [
              -77.2690935,
              1.2324141
            ],
            [
              -77.2697989,
              1.2314737
            ],
            [
              -77.2694086,
              1.2310228
            ]
          ]
        ]
      },
      "id": "relation/19727215"
    },
    {
      "type": "Feature",
      "properties": {
        "@id": "relation/19727216",
        "admin_level": "9",
        "boundary": "administrative",
        "name": "El Rincón de Pasto",
        "place": "neighbourhood",
        "type": "boundary"
      },
      "geometry": {
        "type": "Polygon",
        "coordinates": [
          [
            [
              -77.2685182,
              1.2330705
            ],
            [
              -77.2682761,
              1.2328964
            ],
            [
              -77.2680416,
              1.2326962
            ],
            [
              -77.267518,
              1.2323003
            ],
            [
              -77.2673922,
              1.2325474
            ],
            [
              -77.2672115,
              1.2328429
            ],
            [
              -77.2670805,
              1.2329834
            ],
            [
              -77.2671328,
              1.2332273
            ],
            [
              -77.2673691,
              1.2333729
            ],
            [
              -77.2672069,
              1.233661
            ],
            [
              -77.2678043,
              1.2341758
            ],
            [
              -77.2680569,
              1.233965
            ],
            [
              -77.2682599,
              1.233727
            ],
            [
              -77.2683874,
              1.2336041
            ],
            [
              -77.268502,
              1.2334968
            ],
            [
              -77.2687018,
              1.2332439
            ],
            [
              -77.2685182,
              1.2330705
            ]
          ]
        ]
      },
      "id": "relation/19727216"
    },
    {
      "type": "Feature",
      "properties": {
        "@id": "relation/19727217",
        "admin_level": "9",
        "boundary": "administrative",
        "name": "Villa Guerrero",
        "place": "neighbourhood",
        "type": "boundary"
      },
      "geometry": {
        "type": "Polygon",
        "coordinates": [
          [
            [
              -77.2685032,
              1.2321546
            ],
            [
              -77.2680416,
              1.2326962
            ],
            [
              -77.2682761,
              1.2328964
            ],
            [
              -77.2685182,
              1.2330705
            ],
            [
              -77.268563,
              1.2330113
            ],
            [
              -77.2686223,
              1.2329939
            ],
            [
              -77.268863,
              1.233184
            ],
            [
              -77.2689258,
              1.2330662
            ],
            [
              -77.2689725,
              1.2330763
            ],
            [
              -77.26901,
              1.2330301
            ],
            [
              -77.2691282,
              1.2328913
            ],
            [
              -77.2692467,
              1.2328884
            ],
            [
              -77.2694068,
              1.2326713
            ],
            [
              -77.2690935,
              1.2324141
            ],
            [
              -77.2686158,
              1.2320225
            ],
            [
              -77.2685032,
              1.2321546
            ]
          ]
        ]
      },
      "id": "relation/19727217"
    },
    {
      "type": "Feature",
      "properties": {
        "@id": "relation/19736691",
        "admin_level": "9",
        "boundary": "administrative",
        "name": "Conjunto Residencial Sotavento",
        "place": "neighbourhood",
        "type": "boundary"
      },
      "geometry": {
        "type": "Polygon",
        "coordinates": [
          [
            [
              -77.2814116,
              1.1992293
            ],
            [
              -77.2810173,
              1.1987238
            ],
            [
              -77.2810398,
              1.1981062
            ],
            [
              -77.2794628,
              1.1985516
            ],
            [
              -77.2798678,
              1.1996189
            ],
            [
              -77.2798772,
              1.1996474
            ],
            [
              -77.2809367,
              1.1993634
            ],
            [
              -77.2813675,
              1.1992392
            ],
            [
              -77.2814116,
              1.1992293
            ]
          ]
        ]
      },
      "id": "relation/19736691"
    },
    {
      "type": "Feature",
      "properties": {
        "@id": "relation/19736692",
        "admin_level": "9",
        "boundary": "administrative",
        "name": "Conjunto Ciudad Jardín",
        "type": "boundary"
      },
      "geometry": {
        "type": "Polygon",
        "coordinates": [
          [
            [
              -77.2798772,
              1.1996474
            ],
            [
              -77.2801996,
              1.2007716
            ],
            [
              -77.2802923,
              1.2006332
            ],
            [
              -77.2803375,
              1.2006873
            ],
            [
              -77.2803323,
              1.2006921
            ],
            [
              -77.2803707,
              1.2007431
            ],
            [
              -77.2804727,
              1.2006922
            ],
            [
              -77.2805981,
              1.2006037
            ],
            [
              -77.2806885,
              1.2005295
            ],
            [
              -77.2807959,
              1.2004434
            ],
            [
              -77.280982,
              1.2002778
            ],
            [
              -77.2810534,
              1.2002081
            ],
            [
              -77.2811244,
              1.2001277
            ],
            [
              -77.2812116,
              1.1999976
            ],
            [
              -77.2812606,
              1.1999185
            ],
            [
              -77.2813189,
              1.1998106
            ],
            [
              -77.2814188,
              1.1996651
            ],
            [
              -77.2815274,
              1.1994988
            ],
            [
              -77.2814517,
              1.1994111
            ],
            [
              -77.2814604,
              1.1993473
            ],
            [
              -77.2814116,
              1.1992293
            ],
            [
              -77.2813675,
              1.1992392
            ],
            [
              -77.2809367,
              1.1993634
            ],
            [
              -77.2798772,
              1.1996474
            ]
          ]
        ]
      },
      "id": "relation/19736692"
    },
    {
      "type": "Feature",
      "properties": {
        "@id": "relation/19738914",
        "addr:city": "Pasto",
        "addr:housenumber": "4-50",
        "addr:street": "Calle 18A",
        "admin_level": "9",
        "boundary": "administrative",
        "landuse": "residential",
        "name": "Condominio Residencial Los Elíseos",
        "place": "neighbourhood",
        "type": "boundary"
      },
      "geometry": {
        "type": "Polygon",
        "coordinates": [
          [
            [
              -77.2677463,
              1.2007284
            ],
            [
              -77.2681798,
              1.2001064
            ],
            [
              -77.2667651,
              1.1990964
            ],
            [
              -77.2666504,
              1.1991158
            ],
            [
              -77.2662798,
              1.1996966
            ],
            [
              -77.2671944,
              1.2003451
            ],
            [
              -77.2672279,
              1.2003677
            ],
            [
              -77.2673167,
              1.2004293
            ],
            [
              -77.2675885,
              1.2006174
            ],
            [
              -77.2677463,
              1.2007284
            ]
          ]
        ]
      },
      "id": "relation/19738914"
    },
    {
      "type": "Feature",
      "properties": {
        "@id": "relation/19739389",
        "admin_level": "9",
        "boundary": "administrative",
        "landuse": "residential",
        "name": "Condominio Castillos del Norte",
        "place": "neighbourhood",
        "type": "boundary"
      },
      "geometry": {
        "type": "Polygon",
        "coordinates": [
          [
            [
              -77.2906627,
              1.2102675
            ],
            [
              -77.2898979,
              1.2108964
            ],
            [
              -77.2900106,
              1.211007
            ],
            [
              -77.2900867,
              1.2110472
            ],
            [
              -77.2903677,
              1.211186
            ],
            [
              -77.2905269,
              1.2112916
            ],
            [
              -77.2905906,
              1.2113382
            ],
            [
              -77.2909427,
              1.2116244
            ],
            [
              -77.2915435,
              1.2110023
            ],
            [
              -77.2914654,
              1.2108916
            ],
            [
              -77.2914249,
              1.2109052
            ],
            [
              -77.2908731,
              1.2103042
            ],
            [
              -77.2907915,
              1.2103607
            ],
            [
              -77.2907442,
              1.2103523
            ],
            [
              -77.2906627,
              1.2102675
            ]
          ]
        ]
      },
      "id": "relation/19739389"
    },
    {
      "type": "Feature",
      "properties": {
        "@id": "relation/19739510",
        "admin_level": "9",
        "boundary": "administrative",
        "landuse": "residential",
        "name": "Condominio Achalay",
        "type": "boundary"
      },
      "geometry": {
        "type": "Polygon",
        "coordinates": [
          [
            [
              -77.2910784,
              1.2127174
            ],
            [
              -77.2905652,
              1.2121925
            ],
            [
              -77.2903254,
              1.212451
            ],
            [
              -77.2902781,
              1.2124969
            ],
            [
              -77.290019,
              1.2127475
            ],
            [
              -77.2905222,
              1.213262
            ],
            [
              -77.290982,
              1.2127996
            ],
            [
              -77.2910784,
              1.2127174
            ]
          ]
        ]
      },
      "id": "relation/19739510"
    },
    {
      "type": "Feature",
      "properties": {
        "@id": "relation/19739902",
        "admin_level": "9",
        "boundary": "administrative",
        "name": "Conjunto Residencial La Gran Colombia",
        "place": "neighbourhood",
        "type": "boundary"
      },
      "geometry": {
        "type": "Polygon",
        "coordinates": [
          [
            [
              -77.2719369,
              1.2078863
            ],
            [
              -77.2716348,
              1.2080539
            ],
            [
              -77.271563,
              1.2080834
            ],
            [
              -77.2714946,
              1.2080626
            ],
            [
              -77.2713874,
              1.2081397
            ],
            [
              -77.2714296,
              1.2085258
            ],
            [
              -77.2714745,
              1.2086636
            ],
            [
              -77.2715334,
              1.2086939
            ],
            [
              -77.2717166,
              1.2088227
            ],
            [
              -77.2718655,
              1.2089423
            ],
            [
              -77.2719266,
              1.2089566
            ],
            [
              -77.2721115,
              1.2088395
            ],
            [
              -77.2722158,
              1.2087983
            ],
            [
              -77.2721967,
              1.2087886
            ],
            [
              -77.2718708,
              1.2082764
            ],
            [
              -77.2717488,
              1.2081222
            ],
            [
              -77.2720049,
              1.2079774
            ],
            [
              -77.27196,
              1.2079138
            ],
            [
              -77.2719369,
              1.2078863
            ]
          ]
        ]
      },
      "id": "relation/19739902"
    },
    {
      "type": "Feature",
      "properties": {
        "@id": "relation/19739903",
        "admin_level": "9",
        "boundary": "administrative",
        "name": "Urbanización Normandía",
        "place": "neighbourhood",
        "type": "boundary"
      },
      "geometry": {
        "type": "Polygon",
        "coordinates": [
          [
            [
              -77.2723392,
              1.2087291
            ],
            [
              -77.2722158,
              1.2087983
            ],
            [
              -77.2721115,
              1.2088395
            ],
            [
              -77.2719266,
              1.2089566
            ],
            [
              -77.2718655,
              1.2089423
            ],
            [
              -77.2717166,
              1.2088227
            ],
            [
              -77.2715334,
              1.2086939
            ],
            [
              -77.2714745,
              1.2086636
            ],
            [
              -77.2712925,
              1.2089541
            ],
            [
              -77.2714665,
              1.20922
            ],
            [
              -77.2720571,
              1.2093789
            ],
            [
              -77.272119,
              1.2094341
            ],
            [
              -77.2723808,
              1.2097369
            ],
            [
              -77.272708,
              1.2095034
            ],
            [
              -77.2728518,
              1.2093856
            ],
            [
              -77.2723392,
              1.2087291
            ]
          ]
        ]
      },
      "id": "relation/19739903"
    },
    {
      "type": "Feature",
      "properties": {
        "@id": "relation/19739904",
        "admin_level": "9",
        "boundary": "administrative",
        "name": "San José",
        "place": "neighbourhood",
        "type": "boundary"
      },
      "geometry": {
        "type": "Polygon",
        "coordinates": [
          [
            [
              -77.2741211,
              1.2121137
            ],
            [
              -77.2736486,
              1.2110717
            ],
            [
              -77.2735575,
              1.2109103
            ],
            [
              -77.2734664,
              1.2107184
            ],
            [
              -77.2734168,
              1.2107452
            ],
            [
              -77.2733502,
              1.2106363
            ],
            [
              -77.2732149,
              1.2107077
            ],
            [
              -77.2731613,
              1.2106366
            ],
            [
              -77.2730433,
              1.2107204
            ],
            [
              -77.273173,
              1.2109498
            ],
            [
              -77.2731573,
              1.2109565
            ],
            [
              -77.2731749,
              1.2109899
            ],
            [
              -77.2729298,
              1.2110883
            ],
            [
              -77.2730526,
              1.211811
            ],
            [
              -77.2733263,
              1.2120463
            ],
            [
              -77.2734658,
              1.2125153
            ],
            [
              -77.2735327,
              1.2125023
            ],
            [
              -77.2737799,
              1.2123664
            ],
            [
              -77.2741409,
              1.2121949
            ],
            [
              -77.2741087,
              1.2121201
            ],
            [
              -77.2741211,
              1.2121137
            ]
          ]
        ]
      },
      "id": "relation/19739904"
    },
    {
      "type": "Feature",
      "properties": {
        "@id": "relation/19739905",
        "admin_level": "9",
        "boundary": "administrative",
        "name": "El Recuerdo",
        "place": "neighbourhood",
        "type": "boundary"
      },
      "geometry": {
        "type": "Polygon",
        "coordinates": [
          [
            [
              -77.2703819,
              1.2015251
            ],
            [
              -77.2701843,
              1.2018912
            ],
            [
              -77.2699084,
              1.2026245
            ],
            [
              -77.2692552,
              1.2044187
            ],
            [
              -77.2709252,
              1.2049747
            ],
            [
              -77.2711444,
              1.2050407
            ],
            [
              -77.2714648,
              1.2050014
            ],
            [
              -77.2718632,
              1.2049274
            ],
            [
              -77.2717116,
              1.2041199
            ],
            [
              -77.2715821,
              1.2033045
            ],
            [
              -77.27151,
              1.2028921
            ],
            [
              -77.2714728,
              1.2025396
            ],
            [
              -77.2716656,
              1.2024455
            ],
            [
              -77.2703819,
              1.2015251
            ]
          ]
        ]
      },
      "id": "relation/19739905"
    },
    {
      "type": "Feature",
      "properties": {
        "@id": "relation/19739906",
        "admin_level": "9",
        "boundary": "administrative",
        "name": "Las Lunas I Etapa",
        "place": "neighbourhood",
        "type": "boundary"
      },
      "geometry": {
        "type": "Polygon",
        "coordinates": [
          [
            [
              -77.274573,
              1.2013403
            ],
            [
              -77.2756329,
              1.2008268
            ],
            [
              -77.2758083,
              1.201118
            ],
            [
              -77.2762113,
              1.2017898
            ],
            [
              -77.276331,
              1.201743
            ],
            [
              -77.2763945,
              1.2018032
            ],
            [
              -77.2765209,
              1.2017497
            ],
            [
              -77.2764949,
              1.2016761
            ],
            [
              -77.2767372,
              1.2015911
            ],
            [
              -77.2767402,
              1.2015596
            ],
            [
              -77.2769935,
              1.2014636
            ],
            [
              -77.2777857,
              1.2011375
            ],
            [
              -77.2785244,
              1.2008422
            ],
            [
              -77.2785461,
              1.2008347
            ],
            [
              -77.278406,
              1.20022
            ],
            [
              -77.2783328,
              1.200041
            ],
            [
              -77.2778024,
              1.1996303
            ],
            [
              -77.2775699,
              1.199361
            ],
            [
              -77.276799,
              1.1983963
            ],
            [
              -77.2765108,
              1.1982872
            ],
            [
              -77.2755522,
              1.1986468
            ],
            [
              -77.2730216,
              1.1994961
            ],
            [
              -77.2721842,
              1.2000903
            ],
            [
              -77.2714012,
              1.2006566
            ],
            [
              -77.272641,
              1.2017162
            ],
            [
              -77.2730793,
              1.2015038
            ],
            [
              -77.2739092,
              1.2010722
            ],
            [
              -77.2740418,
              1.2013273
            ],
            [
              -77.2744548,
              1.2011232
            ],
            [
              -77.2745236,
              1.2012861
            ],
            [
              -77.274573,
              1.2013403
            ]
          ]
        ]
      },
      "id": "relation/19739906"
    },
    {
      "type": "Feature",
      "properties": {
        "@id": "relation/19739907",
        "admin_level": "9",
        "boundary": "administrative",
        "name": "Salomón",
        "place": "neighbourhood",
        "type": "boundary"
      },
      "geometry": {
        "type": "Polygon",
        "coordinates": [
          [
            [
              -77.272641,
              1.2017162
            ],
            [
              -77.2714012,
              1.2006566
            ],
            [
              -77.2703819,
              1.2015251
            ],
            [
              -77.2716656,
              1.2024455
            ],
            [
              -77.2721202,
              1.2022389
            ],
            [
              -77.272802,
              1.201917
            ],
            [
              -77.272641,
              1.2017162
            ]
          ]
        ]
      },
      "id": "relation/19739907"
    },
    {
      "type": "Feature",
      "properties": {
        "@id": "relation/19739908",
        "admin_level": "9",
        "boundary": "administrative",
        "name": "Fátima",
        "place": "neighbourhood",
        "type": "boundary"
      },
      "geometry": {
        "type": "Polygon",
        "coordinates": [
          [
            [
              -77.274573,
              1.2013403
            ],
            [
              -77.2745236,
              1.2012861
            ],
            [
              -77.2744548,
              1.2011232
            ],
            [
              -77.2740418,
              1.2013273
            ],
            [
              -77.2739092,
              1.2010722
            ],
            [
              -77.2730793,
              1.2015038
            ],
            [
              -77.272641,
              1.2017162
            ],
            [
              -77.272802,
              1.201917
            ],
            [
              -77.2721202,
              1.2022389
            ],
            [
              -77.2716656,
              1.2024455
            ],
            [
              -77.2714728,
              1.2025396
            ],
            [
              -77.27151,
              1.2028921
            ],
            [
              -77.2715821,
              1.2033045
            ],
            [
              -77.2717116,
              1.2041199
            ],
            [
              -77.2718632,
              1.2049274
            ],
            [
              -77.2730613,
              1.2046132
            ],
            [
              -77.2738561,
              1.2044172
            ],
            [
              -77.2754212,
              1.2040852
            ],
            [
              -77.2755898,
              1.2040104
            ],
            [
              -77.2748574,
              1.2026525
            ],
            [
              -77.2752543,
              1.2025112
            ],
            [
              -77.274573,
              1.2013403
            ]
          ]
        ]
      },
      "id": "relation/19739908"
    },
    {
      "type": "Feature",
      "properties": {
        "@id": "relation/19739909",
        "admin_level": "9",
        "boundary": "administrative",
        "landuse": "residential",
        "name": "Las Violetas II",
        "type": "boundary"
      },
      "geometry": {
        "type": "Polygon",
        "coordinates": [
          [
            [
              -77.2764673,
              1.2020959
            ],
            [
              -77.2766654,
              1.2020175
            ],
            [
              -77.2769413,
              1.2027107
            ],
            [
              -77.2777962,
              1.2024267
            ],
            [
              -77.2777186,
              1.2021858
            ],
            [
              -77.277935,
              1.2021051
            ],
            [
              -77.277779,
              1.201623
            ],
            [
              -77.2779363,
              1.2015807
            ],
            [
              -77.2777857,
              1.2011375
            ],
            [
              -77.2769935,
              1.2014636
            ],
            [
              -77.2767402,
              1.2015596
            ],
            [
              -77.2767372,
              1.2015911
            ],
            [
              -77.2764949,
              1.2016761
            ],
            [
              -77.2765209,
              1.2017497
            ],
            [
              -77.2763945,
              1.2018032
            ],
            [
              -77.2764673,
              1.2020959
            ]
          ]
        ]
      },
      "id": "relation/19739909"
    },
    {
      "type": "Feature",
      "properties": {
        "@id": "relation/19739910",
        "admin_level": "9",
        "boundary": "administrative",
        "name": "Las Violetas I",
        "place": "neighbourhood",
        "type": "boundary"
      },
      "geometry": {
        "type": "Polygon",
        "coordinates": [
          [
            [
              -77.2769413,
              1.2027107
            ],
            [
              -77.2770479,
              1.2029783
            ],
            [
              -77.2772185,
              1.2029105
            ],
            [
              -77.2774461,
              1.2034659
            ],
            [
              -77.2780693,
              1.2032961
            ],
            [
              -77.2778865,
              1.2027144
            ],
            [
              -77.2778786,
              1.2026902
            ],
            [
              -77.2777962,
              1.2024267
            ],
            [
              -77.2769413,
              1.2027107
            ]
          ]
        ]
      },
      "id": "relation/19739910"
    },
    {
      "type": "Feature",
      "properties": {
        "@id": "relation/19739911",
        "admin_level": "9",
        "boundary": "administrative",
        "landuse": "residential",
        "name": "Las Violetas III",
        "place": "neighbourhood",
        "type": "boundary"
      },
      "geometry": {
        "type": "Polygon",
        "coordinates": [
          [
            [
              -77.274573,
              1.2013403
            ],
            [
              -77.2752543,
              1.2025112
            ],
            [
              -77.2764673,
              1.2020959
            ],
            [
              -77.2763945,
              1.2018032
            ],
            [
              -77.276331,
              1.201743
            ],
            [
              -77.2762113,
              1.2017898
            ],
            [
              -77.2758083,
              1.201118
            ],
            [
              -77.2756329,
              1.2008268
            ],
            [
              -77.274573,
              1.2013403
            ]
          ]
        ]
      },
      "id": "relation/19739911"
    },
    {
      "type": "Feature",
      "properties": {
        "@id": "relation/19739912",
        "admin_level": "9",
        "boundary": "administrative",
        "name": "Condominio San Diego",
        "place": "neighbourhood",
        "type": "boundary"
      },
      "geometry": {
        "type": "Polygon",
        "coordinates": [
          [
            [
              -77.2950465,
              1.2135482
            ],
            [
              -77.2942685,
              1.2134884
            ],
            [
              -77.2933063,
              1.2138624
            ],
            [
              -77.293302,
              1.2138647
            ],
            [
              -77.29329,
              1.2138713
            ],
            [
              -77.2929104,
              1.2140332
            ],
            [
              -77.2931371,
              1.2141319
            ],
            [
              -77.293404,
              1.2141403
            ],
            [
              -77.2939374,
              1.2141259
            ],
            [
              -77.2949262,
              1.2140714
            ],
            [
              -77.2950465,
              1.2135482
            ]
          ]
        ]
      },
      "id": "relation/19739912"
    },
    {
      "type": "Feature",
      "properties": {
        "@id": "relation/19740420",
        "admin_level": "9",
        "boundary": "administrative",
        "name": "Conjunto Residencial Prado Verde",
        "place": "neighbourhood",
        "type": "boundary"
      },
      "geometry": {
        "type": "Polygon",
        "coordinates": [
          [
            [
              -77.2967696,
              1.2252182
            ],
            [
              -77.2985573,
              1.2244765
            ],
            [
              -77.2980725,
              1.2233362
            ],
            [
              -77.2979863,
              1.2231246
            ],
            [
              -77.2959693,
              1.223899
            ],
            [
              -77.2965234,
              1.225276
            ],
            [
              -77.2965369,
              1.2253213
            ],
            [
              -77.2967696,
              1.2252182
            ]
          ]
        ]
      },
      "id": "relation/19740420"
    },
    {
      "type": "Feature",
      "properties": {
        "@id": "relation/19740421",
        "admin_level": "9",
        "boundary": "administrative",
        "name": "Condominio Altos de la Colina",
        "place": "neighbourhood",
        "type": "boundary"
      },
      "geometry": {
        "type": "Polygon",
        "coordinates": [
          [
            [
              -77.2959693,
              1.223899
            ],
            [
              -77.2959053,
              1.2238222
            ],
            [
              -77.2953318,
              1.2241161
            ],
            [
              -77.2953726,
              1.2242143
            ],
            [
              -77.2951614,
              1.2243049
            ],
            [
              -77.2950323,
              1.2245081
            ],
            [
              -77.2956344,
              1.2256949
            ],
            [
              -77.2956978,
              1.2256532
            ],
            [
              -77.2965369,
              1.2253213
            ],
            [
              -77.2965234,
              1.225276
            ],
            [
              -77.2959693,
              1.223899
            ]
          ]
        ]
      },
      "id": "relation/19740421"
    },
    {
      "type": "Feature",
      "properties": {
        "@id": "relation/19740422",
        "admin_level": "9",
        "boundary": "administrative",
        "name": "Conjunto Residencial Bosque de la Colina I",
        "place": "neighbourhood",
        "type": "boundary"
      },
      "geometry": {
        "type": "Polygon",
        "coordinates": [
          [
            [
              -77.2970584,
              1.2259212
            ],
            [
              -77.2972427,
              1.2263994
            ],
            [
              -77.2973005,
              1.2265821
            ],
            [
              -77.2974882,
              1.2268778
            ],
            [
              -77.2976471,
              1.2267399
            ],
            [
              -77.2978842,
              1.2266521
            ],
            [
              -77.2980934,
              1.2266039
            ],
            [
              -77.2982651,
              1.22662
            ],
            [
              -77.298469,
              1.2264886
            ],
            [
              -77.2986326,
              1.2264054
            ],
            [
              -77.298646,
              1.2261748
            ],
            [
              -77.2980586,
              1.2257887
            ],
            [
              -77.2979969,
              1.2258544
            ],
            [
              -77.2979432,
              1.2259268
            ],
            [
              -77.2978708,
              1.225979
            ],
            [
              -77.2977273,
              1.2260045
            ],
            [
              -77.2975317,
              1.2260087
            ],
            [
              -77.2974189,
              1.2260112
            ],
            [
              -77.2972807,
              1.2260032
            ],
            [
              -77.2971815,
              1.2259804
            ],
            [
              -77.2971305,
              1.225963
            ],
            [
              -77.2970584,
              1.2259212
            ]
          ]
        ]
      },
      "id": "relation/19740422"
    },
    {
      "type": "Feature",
      "properties": {
        "@id": "relation/19740423",
        "admin_level": "9",
        "boundary": "administrative",
        "name": "Altos de la Colina",
        "place": "neighbourhood",
        "type": "boundary"
      },
      "geometry": {
        "type": "Polygon",
        "coordinates": [
          [
            [
              -77.2951452,
              1.2271111
            ],
            [
              -77.2952557,
              1.2268006
            ],
            [
              -77.2953663,
              1.226479
            ],
            [
              -77.2955541,
              1.2258329
            ],
            [
              -77.2955996,
              1.225739
            ],
            [
              -77.2955811,
              1.2256738
            ],
            [
              -77.2955451,
              1.2256156
            ],
            [
              -77.2950186,
              1.2254846
            ],
            [
              -77.295028,
              1.2254525
            ],
            [
              -77.2949754,
              1.2253323
            ],
            [
              -77.2949617,
              1.2252993
            ],
            [
              -77.2949176,
              1.2251807
            ],
            [
              -77.2948712,
              1.2250418
            ],
            [
              -77.2948345,
              1.2250117
            ],
            [
              -77.294818,
              1.2250011
            ],
            [
              -77.2947927,
              1.2249954
            ],
            [
              -77.2947404,
              1.2250006
            ],
            [
              -77.2947097,
              1.2250228
            ],
            [
              -77.2946875,
              1.2250516
            ],
            [
              -77.2946665,
              1.2252097
            ],
            [
              -77.2947084,
              1.2252594
            ],
            [
              -77.2948247,
              1.2254241
            ],
            [
              -77.2948993,
              1.2255058
            ],
            [
              -77.2949418,
              1.2255408
            ],
            [
              -77.2945446,
              1.2254303
            ],
            [
              -77.2942913,
              1.2259078
            ],
            [
              -77.2941795,
              1.2262822
            ],
            [
              -77.2940524,
              1.2266587
            ],
            [
              -77.2940406,
              1.2267158
            ],
            [
              -77.2940936,
              1.226935
            ],
            [
              -77.2942703,
              1.2269029
            ],
            [
              -77.294443,
              1.2268935
            ],
            [
              -77.2951452,
              1.2271111
            ]
          ]
        ]
      },
      "id": "relation/19740423"
    },
    {
      "type": "Feature",
      "properties": {
        "@id": "relation/19740424",
        "admin_level": "9",
        "boundary": "administrative",
        "name": "Los Laureles",
        "place": "neighbourhood",
        "type": "boundary"
      },
      "geometry": {
        "type": "Polygon",
        "coordinates": [
          [
            [
              -77.2962366,
              1.2281912
            ],
            [
              -77.2964237,
              1.2280992
            ],
            [
              -77.296523,
              1.2281035
            ],
            [
              -77.2966021,
              1.228072
            ],
            [
              -77.2966605,
              1.2279815
            ],
            [
              -77.2966689,
              1.2278848
            ],
            [
              -77.2967027,
              1.2278066
            ],
            [
              -77.2967394,
              1.2277147
            ],
            [
              -77.2968864,
              1.2276143
            ],
            [
              -77.2969339,
              1.2275885
            ],
            [
              -77.2969756,
              1.2275396
            ],
            [
              -77.2970313,
              1.2274352
            ],
            [
              -77.2971024,
              1.2273336
            ],
            [
              -77.2971349,
              1.2272308
            ],
            [
              -77.2971458,
              1.2272226
            ],
            [
              -77.297233,
              1.2271607
            ],
            [
              -77.2973372,
              1.2270837
            ],
            [
              -77.2974447,
              1.2270053
            ],
            [
              -77.2974651,
              1.22693
            ],
            [
              -77.2974882,
              1.2268778
            ],
            [
              -77.2973005,
              1.2265821
            ],
            [
              -77.2972427,
              1.2263994
            ],
            [
              -77.2970584,
              1.2259212
            ],
            [
              -77.2967696,
              1.2252182
            ],
            [
              -77.2965369,
              1.2253213
            ],
            [
              -77.2956978,
              1.2256532
            ],
            [
              -77.2956344,
              1.2256949
            ],
            [
              -77.2955996,
              1.225739
            ],
            [
              -77.2955541,
              1.2258329
            ],
            [
              -77.2953663,
              1.226479
            ],
            [
              -77.2952557,
              1.2268006
            ],
            [
              -77.2951452,
              1.2271111
            ],
            [
              -77.2956868,
              1.2272997
            ],
            [
              -77.2957649,
              1.2272887
            ],
            [
              -77.2958312,
              1.2274098
            ],
            [
              -77.2958926,
              1.2274244
            ],
            [
              -77.2962366,
              1.2281912
            ]
          ]
        ]
      },
      "id": "relation/19740424"
    },
    {
      "type": "Feature",
      "properties": {
        "@id": "relation/19756237",
        "admin_level": "9",
        "boundary": "administrative",
        "name": "Urbanización Puertas del Sol",
        "place": "neighbourhood",
        "type": "boundary"
      },
      "geometry": {
        "type": "Polygon",
        "coordinates": [
          [
            [
              -77.2677402,
              1.1942267
            ],
            [
              -77.2687972,
              1.1948987
            ],
            [
              -77.2690599,
              1.1943987
            ],
            [
              -77.269116,
              1.1940426
            ],
            [
              -77.2691217,
              1.1938776
            ],
            [
              -77.2691518,
              1.1936093
            ],
            [
              -77.2687354,
              1.1933134
            ],
            [
              -77.268302,
              1.1930313
            ],
            [
              -77.2682567,
              1.1931523
            ],
            [
              -77.2681256,
              1.1933719
            ],
            [
              -77.2677402,
              1.1942267
            ]
          ]
        ]
      },
      "id": "relation/19756237"
    },
    {
      "type": "Feature",
      "properties": {
        "@id": "relation/19756238",
        "admin_level": "9",
        "boundary": "administrative",
        "name": "Urbanización La Minga",
        "place": "neighbourhood",
        "type": "boundary"
      },
      "geometry": {
        "type": "Polygon",
        "coordinates": [
          [
            [
              -77.2701381,
              1.1916155
            ],
            [
              -77.2701931,
              1.1918448
            ],
            [
              -77.270164,
              1.19199
            ],
            [
              -77.2702105,
              1.191995
            ],
            [
              -77.2713253,
              1.1920199
            ],
            [
              -77.2717855,
              1.1920382
            ],
            [
              -77.2718719,
              1.1920116
            ],
            [
              -77.2718199,
              1.1916823
            ],
            [
              -77.2718714,
              1.1914422
            ],
            [
              -77.2719413,
              1.1912656
            ],
            [
              -77.2719524,
              1.190825
            ],
            [
              -77.2719487,
              1.1901415
            ],
            [
              -77.2719524,
              1.1896415
            ],
            [
              -77.2719616,
              1.1892708
            ],
            [
              -77.2720499,
              1.1889444
            ],
            [
              -77.2720539,
              1.1887602
            ],
            [
              -77.2720527,
              1.1883845
            ],
            [
              -77.272014,
              1.1883735
            ],
            [
              -77.2711519,
              1.1883551
            ],
            [
              -77.2710116,
              1.1883749
            ],
            [
              -77.2709633,
              1.1883031
            ],
            [
              -77.2705595,
              1.1883096
            ],
            [
              -77.270483,
              1.1883089
            ],
            [
              -77.2704678,
              1.188511
            ],
            [
              -77.2701996,
              1.1885175
            ],
            [
              -77.2700326,
              1.1885225
            ],
            [
              -77.2700149,
              1.1886506
            ],
            [
              -77.2700133,
              1.1887262
            ],
            [
              -77.2701287,
              1.1888843
            ],
            [
              -77.2701187,
              1.1892351
            ],
            [
              -77.2700429,
              1.1896566
            ],
            [
              -77.2698713,
              1.1902144
            ],
            [
              -77.2699142,
              1.1908365
            ],
            [
              -77.2700146,
              1.1911519
            ],
            [
              -77.2700644,
              1.1913085
            ],
            [
              -77.2701381,
              1.1916155
            ]
          ]
        ]
      },
      "id": "relation/19756238"
    },
    {
      "type": "Feature",
      "properties": {
        "@id": "relation/19756247",
        "admin_level": "9",
        "alt_name": "La Habana",
        "boundary": "administrative",
        "name": "Belén",
        "place": "neighbourhood",
        "type": "boundary"
      },
      "geometry": {
        "type": "Polygon",
        "coordinates": [
          [
            [
              -77.2660283,
              1.1903029
            ],
            [
              -77.2660665,
              1.1913008
            ],
            [
              -77.2660169,
              1.1914761
            ],
            [
              -77.2660454,
              1.1914865
            ],
            [
              -77.2676242,
              1.1922152
            ],
            [
              -77.2683524,
              1.1926158
            ],
            [
              -77.268622,
              1.1924951
            ],
            [
              -77.2692532,
              1.1920476
            ],
            [
              -77.2697787,
              1.1916812
            ],
            [
              -77.2697368,
              1.1916532
            ],
            [
              -77.268967,
              1.1914644
            ],
            [
              -77.2689351,
              1.1912649
            ],
            [
              -77.2688507,
              1.191226
            ],
            [
              -77.2683254,
              1.1910765
            ],
            [
              -77.2680768,
              1.1909733
            ],
            [
              -77.2677697,
              1.1908702
            ],
            [
              -77.2663193,
              1.1902539
            ],
            [
              -77.2660283,
              1.1903029
            ]
          ]
        ]
      },
      "id": "relation/19756247"
    },
    {
      "type": "Feature",
      "properties": {
        "@id": "relation/19756276",
        "admin_level": "9",
        "boundary": "administrative",
        "name": "Tamasagra II",
        "place": "neighbourhood",
        "type": "boundary"
      },
      "geometry": {
        "type": "Polygon",
        "coordinates": [
          [
            [
              -77.2898242,
              1.2022177
            ],
            [
              -77.289847,
              1.2022475
            ],
            [
              -77.2900857,
              1.2025624
            ],
            [
              -77.2902478,
              1.2027763
            ],
            [
              -77.2903315,
              1.202884
            ],
            [
              -77.2903965,
              1.202936
            ],
            [
              -77.2906253,
              1.2031907
            ],
            [
              -77.2908677,
              1.2034276
            ],
            [
              -77.2911529,
              1.2037619
            ],
            [
              -77.2913893,
              1.2040044
            ],
            [
              -77.2917634,
              1.2043881
            ],
            [
              -77.2920219,
              1.2046636
            ],
            [
              -77.2927438,
              1.2040321
            ],
            [
              -77.2925061,
              1.203772
            ],
            [
              -77.2924568,
              1.2036815
            ],
            [
              -77.2922449,
              1.2033932
            ],
            [
              -77.2918566,
              1.2028696
            ],
            [
              -77.2913598,
              1.2022803
            ],
            [
              -77.2910966,
              1.2019012
            ],
            [
              -77.2908297,
              1.2015288
            ],
            [
              -77.2908025,
              1.2014923
            ],
            [
              -77.290465,
              1.2010234
            ],
            [
              -77.2903805,
              1.2010877
            ],
            [
              -77.2898636,
              1.2015838
            ],
            [
              -77.2897998,
              1.2016271
            ],
            [
              -77.2894833,
              1.2018955
            ],
            [
              -77.2896969,
              1.202093
            ],
            [
              -77.289714,
              1.2021087
            ],
            [
              -77.2898242,
              1.2022177
            ]
          ]
        ]
      },
      "id": "relation/19756276"
    },
    {
      "type": "Feature",
      "properties": {
        "@id": "relation/19756277",
        "admin_level": "9",
        "boundary": "administrative",
        "name": "Tamasagra I",
        "place": "neighbourhood",
        "type": "boundary"
      },
      "geometry": {
        "type": "Polygon",
        "coordinates": [
          [
            [
              -77.2952668,
              1.2019112
            ],
            [
              -77.2954047,
              1.2018107
            ],
            [
              -77.2954501,
              1.2013726
            ],
            [
              -77.2948607,
              1.200544
            ],
            [
              -77.294679,
              1.2002866
            ],
            [
              -77.2942512,
              1.200245
            ],
            [
              -77.2943048,
              1.1998669
            ],
            [
              -77.2939146,
              1.1998159
            ],
            [
              -77.2936409,
              1.199816
            ],
            [
              -77.2936933,
              1.19958
            ],
            [
              -77.2925654,
              1.1990289
            ],
            [
              -77.2919807,
              1.1995759
            ],
            [
              -77.2915918,
              1.1999715
            ],
            [
              -77.2905806,
              1.2009288
            ],
            [
              -77.290465,
              1.2010234
            ],
            [
              -77.2908025,
              1.2014923
            ],
            [
              -77.2908297,
              1.2015288
            ],
            [
              -77.2910966,
              1.2019012
            ],
            [
              -77.2913598,
              1.2022803
            ],
            [
              -77.2918566,
              1.2028696
            ],
            [
              -77.2922449,
              1.2033932
            ],
            [
              -77.2924568,
              1.2036815
            ],
            [
              -77.2925061,
              1.203772
            ],
            [
              -77.2927438,
              1.2040321
            ],
            [
              -77.2927793,
              1.2041159
            ],
            [
              -77.2930442,
              1.2044645
            ],
            [
              -77.2934411,
              1.2050106
            ],
            [
              -77.2939263,
              1.2056612
            ],
            [
              -77.294274,
              1.2054567
            ],
            [
              -77.2947541,
              1.2051671
            ],
            [
              -77.2943239,
              1.2045245
            ],
            [
              -77.2943635,
              1.2042658
            ],
            [
              -77.2945291,
              1.2042678
            ],
            [
              -77.2945603,
              1.2037462
            ],
            [
              -77.2950592,
              1.203833
            ],
            [
              -77.2951316,
              1.20377
            ],
            [
              -77.2954018,
              1.2037914
            ],
            [
              -77.2953884,
              1.2039265
            ],
            [
              -77.2955071,
              1.2040871
            ],
            [
              -77.2958651,
              1.2045542
            ],
            [
              -77.2961889,
              1.2043665
            ],
            [
              -77.29607,
              1.2041937
            ],
            [
              -77.2956208,
              1.2036138
            ],
            [
              -77.2950143,
              1.2027818
            ],
            [
              -77.2948185,
              1.202452
            ],
            [
              -77.2947222,
              1.2023012
            ],
            [
              -77.2949804,
              1.2020997
            ],
            [
              -77.2952668,
              1.2019112
            ]
          ]
        ]
      },
      "id": "relation/19756277"
    },
    {
      "type": "Feature",
      "properties": {
        "@id": "relation/19757248",
        "admin_level": "9",
        "boundary": "administrative",
        "name": "Calatrava",
        "place": "neighbourhood",
        "type": "boundary"
      },
      "geometry": {
        "type": "Polygon",
        "coordinates": [
          [
            [
              -77.2900517,
              1.226454
            ],
            [
              -77.2908209,
              1.2269084
            ],
            [
              -77.2910674,
              1.2269977
            ],
            [
              -77.2917207,
              1.2262756
            ],
            [
              -77.2918042,
              1.2262381
            ],
            [
              -77.2915146,
              1.2258414
            ],
            [
              -77.2912275,
              1.2261596
            ],
            [
              -77.2907344,
              1.2258579
            ],
            [
              -77.2906608,
              1.2259628
            ],
            [
              -77.2904639,
              1.2258543
            ],
            [
              -77.2903571,
              1.2259352
            ],
            [
              -77.2900517,
              1.226454
            ]
          ]
        ]
      },
      "id": "relation/19757248"
    },
    {
      "type": "Feature",
      "properties": {
        "@id": "relation/19757249",
        "admin_level": "9",
        "boundary": "administrative",
        "name": "Unidad Residencial Miravalle",
        "place": "neighbourhood",
        "type": "boundary"
      },
      "geometry": {
        "type": "Polygon",
        "coordinates": [
          [
            [
              -77.2918042,
              1.2262381
            ],
            [
              -77.2917207,
              1.2262756
            ],
            [
              -77.2910674,
              1.2269977
            ],
            [
              -77.2913297,
              1.2272617
            ],
            [
              -77.2916178,
              1.2273412
            ],
            [
              -77.2919381,
              1.2272939
            ],
            [
              -77.2923371,
              1.2268671
            ],
            [
              -77.2921872,
              1.2267058
            ],
            [
              -77.2918042,
              1.2262381
            ]
          ]
        ]
      },
      "id": "relation/19757249"
    },
    {
      "type": "Feature",
      "properties": {
        "@id": "relation/19757250",
        "admin_level": "9",
        "boundary": "administrative",
        "name": "Condominio El Remanso del Norte",
        "place": "neighbourhood",
        "type": "boundary"
      },
      "geometry": {
        "type": "Polygon",
        "coordinates": [
          [
            [
              -77.2924333,
              1.2268698
            ],
            [
              -77.2924952,
              1.2268434
            ],
            [
              -77.2927912,
              1.2267951
            ],
            [
              -77.2931763,
              1.22671
            ],
            [
              -77.2932744,
              1.2266549
            ],
            [
              -77.293519,
              1.2265156
            ],
            [
              -77.2935145,
              1.2264728
            ],
            [
              -77.2936701,
              1.2263078
            ],
            [
              -77.293772,
              1.2261416
            ],
            [
              -77.2938346,
              1.2260095
            ],
            [
              -77.2941167,
              1.2257125
            ],
            [
              -77.2941796,
              1.2255896
            ],
            [
              -77.2939484,
              1.2253245
            ],
            [
              -77.2937934,
              1.2255154
            ],
            [
              -77.2933804,
              1.2257554
            ],
            [
              -77.2929851,
              1.2258977
            ],
            [
              -77.2928118,
              1.2259163
            ],
            [
              -77.2924334,
              1.2260572
            ],
            [
              -77.2924643,
              1.2262327
            ],
            [
              -77.2923919,
              1.226266
            ],
            [
              -77.2923344,
              1.2262756
            ],
            [
              -77.2919367,
              1.2263564
            ],
            [
              -77.2920284,
              1.2264776
            ],
            [
              -77.2923201,
              1.226483
            ],
            [
              -77.2923284,
              1.2265676
            ],
            [
              -77.2924333,
              1.2268698
            ]
          ]
        ]
      },
      "id": "relation/19757250"
    },
    {
      "type": "Feature",
      "properties": {
        "@id": "relation/19757714",
        "admin_level": "9",
        "boundary": "administrative",
        "name": "Conjunto Residencial Balcones de La Carolina",
        "place": "neighbourhood",
        "type": "boundary"
      },
      "geometry": {
        "type": "Polygon",
        "coordinates": [
          [
            [
              -77.2611185,
              1.2113382
            ],
            [
              -77.2607598,
              1.2111451
            ],
            [
              -77.2605915,
              1.2110652
            ],
            [
              -77.2604885,
              1.2110046
            ],
            [
              -77.2603479,
              1.210897
            ],
            [
              -77.2600822,
              1.2106973
            ],
            [
              -77.2600282,
              1.210655
            ],
            [
              -77.2599256,
              1.2106168
            ],
            [
              -77.2598297,
              1.2106349
            ],
            [
              -77.2597976,
              1.2106671
            ],
            [
              -77.259707,
              1.2108145
            ],
            [
              -77.2592939,
              1.2113603
            ],
            [
              -77.2594844,
              1.2115574
            ],
            [
              -77.2596882,
              1.2117813
            ],
            [
              -77.2599269,
              1.2119677
            ],
            [
              -77.2600664,
              1.2118564
            ],
            [
              -77.2602716,
              1.2117223
            ],
            [
              -77.2607236,
              1.21167
            ],
            [
              -77.2608791,
              1.2116177
            ],
            [
              -77.2610376,
              1.2114154
            ],
            [
              -77.2611185,
              1.2113382
            ]
          ]
        ]
      },
      "id": "relation/19757714"
    },
    {
      "type": "Feature",
      "properties": {
        "@id": "relation/19757715",
        "admin_level": "9",
        "boundary": "administrative",
        "name": "Conjunto Residencial Campiña de Oriente",
        "place": "neighbourhood",
        "type": "boundary"
      },
      "geometry": {
        "type": "Polygon",
        "coordinates": [
          [
            [
              -77.2597598,
              1.207565
            ],
            [
              -77.259625,
              1.2072318
            ],
            [
              -77.2591358,
              1.2073475
            ],
            [
              -77.2591315,
              1.2073352
            ],
            [
              -77.2585175,
              1.2074535
            ],
            [
              -77.2585332,
              1.2076046
            ],
            [
              -77.2584835,
              1.2077414
            ],
            [
              -77.2584351,
              1.2078616
            ],
            [
              -77.2584191,
              1.2079606
            ],
            [
              -77.2584711,
              1.2081
            ],
            [
              -77.2584182,
              1.2082381
            ],
            [
              -77.2582377,
              1.2082644
            ],
            [
              -77.2582445,
              1.2083949
            ],
            [
              -77.2583593,
              1.208611
            ],
            [
              -77.2587664,
              1.2086994
            ],
            [
              -77.2588562,
              1.2086696
            ],
            [
              -77.2589463,
              1.208632
            ],
            [
              -77.2590608,
              1.2086545
            ],
            [
              -77.2590788,
              1.2085822
            ],
            [
              -77.2591139,
              1.2084771
            ],
            [
              -77.259149,
              1.2084113
            ],
            [
              -77.2592026,
              1.2083371
            ],
            [
              -77.2592656,
              1.2083076
            ],
            [
              -77.2593601,
              1.2082817
            ],
            [
              -77.2594419,
              1.2082252
            ],
            [
              -77.2596032,
              1.2081609
            ],
            [
              -77.2597408,
              1.2076041
            ],
            [
              -77.2597598,
              1.207565
            ]
          ]
        ]
      },
      "id": "relation/19757715"
    },
    {
      "type": "Feature",
      "properties": {
        "@id": "relation/19757716",
        "admin_level": "9",
        "boundary": "administrative",
        "name": "Urbanización Campo Verde",
        "place": "neighbourhood",
        "type": "boundary"
      },
      "geometry": {
        "type": "Polygon",
        "coordinates": [
          [
            [
              -77.2602393,
              1.2079346
            ],
            [
              -77.2603019,
              1.2079498
            ],
            [
              -77.2604261,
              1.2079962
            ],
            [
              -77.2606938,
              1.2073325
            ],
            [
              -77.2599986,
              1.2070564
            ],
            [
              -77.2597598,
              1.207565
            ],
            [
              -77.2597408,
              1.2076041
            ],
            [
              -77.2596032,
              1.2081609
            ],
            [
              -77.2597198,
              1.2081099
            ],
            [
              -77.2599547,
              1.2080009
            ],
            [
              -77.2600533,
              1.2079472
            ],
            [
              -77.2601086,
              1.2079293
            ],
            [
              -77.260174,
              1.2079247
            ],
            [
              -77.2602393,
              1.2079346
            ]
          ]
        ]
      },
      "id": "relation/19757716"
    },
    {
      "type": "Feature",
      "properties": {
        "@id": "relation/19757769",
        "admin_level": "9",
        "boundary": "administrative",
        "name": "Javeriano",
        "place": "neighbourhood",
        "type": "boundary"
      },
      "geometry": {
        "type": "Polygon",
        "coordinates": [
          [
            [
              -77.2724023,
              1.2079634
            ],
            [
              -77.2726177,
              1.2077742
            ],
            [
              -77.2732111,
              1.2072676
            ],
            [
              -77.2735433,
              1.2069661
            ],
            [
              -77.2737907,
              1.2067433
            ],
            [
              -77.274284,
              1.2063817
            ],
            [
              -77.27411,
              1.2061589
            ],
            [
              -77.2737601,
              1.2057066
            ],
            [
              -77.2729459,
              1.2064654
            ],
            [
              -77.2726689,
              1.2067335
            ],
            [
              -77.2725871,
              1.2067133
            ],
            [
              -77.2720957,
              1.2064216
            ],
            [
              -77.2717564,
              1.2069927
            ],
            [
              -77.2718114,
              1.2073228
            ],
            [
              -77.2719425,
              1.2075002
            ],
            [
              -77.2720538,
              1.2075968
            ],
            [
              -77.2724023,
              1.2079634
            ]
          ]
        ]
      },
      "id": "relation/19757769"
    },
    {
      "type": "Feature",
      "properties": {
        "@id": "relation/19757770",
        "admin_level": "9",
        "boundary": "administrative",
        "name": "Navarrete",
        "place": "neighbourhood",
        "type": "boundary"
      },
      "geometry": {
        "type": "Polygon",
        "coordinates": [
          [
            [
              -77.274284,
              1.2063817
            ],
            [
              -77.2737907,
              1.2067433
            ],
            [
              -77.2735433,
              1.2069661
            ],
            [
              -77.2732111,
              1.2072676
            ],
            [
              -77.2726177,
              1.2077742
            ],
            [
              -77.2724023,
              1.2079634
            ],
            [
              -77.2723121,
              1.2080393
            ],
            [
              -77.2723899,
              1.2081686
            ],
            [
              -77.2729878,
              1.2090154
            ],
            [
              -77.2745507,
              1.2079171
            ],
            [
              -77.2748232,
              1.2077485
            ],
            [
              -77.2750199,
              1.2076505
            ],
            [
              -77.2749592,
              1.2075096
            ],
            [
              -77.274938,
              1.207447
            ],
            [
              -77.2748912,
              1.2073366
            ],
            [
              -77.2748641,
              1.2072666
            ],
            [
              -77.274804,
              1.2071454
            ],
            [
              -77.2747813,
              1.2070291
            ],
            [
              -77.2748,
              1.2069503
            ],
            [
              -77.274599,
              1.2064024
            ],
            [
              -77.2743762,
              1.2065797
            ],
            [
              -77.274284,
              1.2063817
            ]
          ]
        ]
      },
      "id": "relation/19757770"
    },
    {
      "type": "Feature",
      "properties": {
        "@id": "relation/19757771",
        "admin_level": "9",
        "boundary": "administrative",
        "name": "El Prado",
        "place": "neighbourhood",
        "type": "boundary"
      },
      "geometry": {
        "type": "Polygon",
        "coordinates": [
          [
            [
              -77.2729878,
              1.2090154
            ],
            [
              -77.2731598,
              1.2092613
            ],
            [
              -77.2736118,
              1.2098954
            ],
            [
              -77.2737507,
              1.2099467
            ],
            [
              -77.2739697,
              1.2100262
            ],
            [
              -77.2753014,
              1.2091248
            ],
            [
              -77.2754118,
              1.2090605
            ],
            [
              -77.2748232,
              1.2077485
            ],
            [
              -77.2745507,
              1.2079171
            ],
            [
              -77.2729878,
              1.2090154
            ]
          ]
        ]
      },
      "id": "relation/19757771"
    },
    {
      "type": "Feature",
      "properties": {
        "@id": "relation/19758154",
        "admin_level": "9",
        "boundary": "administrative",
        "name": "Nueva Aranda",
        "place": "neighbourhood",
        "type": "boundary"
      },
      "geometry": {
        "type": "Polygon",
        "coordinates": [
          [
            [
              -77.2711543,
              1.2286654
            ],
            [
              -77.2720987,
              1.2289428
            ],
            [
              -77.2728366,
              1.2291619
            ],
            [
              -77.2729955,
              1.2285927
            ],
            [
              -77.2730089,
              1.2284968
            ],
            [
              -77.2727911,
              1.228402
            ],
            [
              -77.2722825,
              1.2280047
            ],
            [
              -77.2720994,
              1.2278233
            ],
            [
              -77.2719379,
              1.2275344
            ],
            [
              -77.2716013,
              1.2273064
            ],
            [
              -77.2706574,
              1.226882
            ],
            [
              -77.2702322,
              1.2266648
            ],
            [
              -77.2698489,
              1.226476
            ],
            [
              -77.2694902,
              1.2267314
            ],
            [
              -77.2692622,
              1.2269337
            ],
            [
              -77.2691024,
              1.2270754
            ],
            [
              -77.2683403,
              1.2278012
            ],
            [
              -77.2680246,
              1.2281037
            ],
            [
              -77.2675583,
              1.2285142
            ],
            [
              -77.2677818,
              1.2287314
            ],
            [
              -77.2680174,
              1.2289453
            ],
            [
              -77.2682638,
              1.2290457
            ],
            [
              -77.2685283,
              1.2293696
            ],
            [
              -77.2686059,
              1.2294709
            ],
            [
              -77.269163,
              1.2302364
            ],
            [
              -77.2690599,
              1.2303336
            ],
            [
              -77.2694265,
              1.2308133
            ],
            [
              -77.2694882,
              1.2307811
            ],
            [
              -77.2698739,
              1.2312703
            ],
            [
              -77.270005,
              1.2311622
            ],
            [
              -77.2701001,
              1.2312775
            ],
            [
              -77.2701759,
              1.2313916
            ],
            [
              -77.2702146,
              1.2314084
            ],
            [
              -77.2703534,
              1.2313665
            ],
            [
              -77.2705304,
              1.2313218
            ],
            [
              -77.2706445,
              1.2312625
            ],
            [
              -77.2707637,
              1.2309553
            ],
            [
              -77.2708641,
              1.2302487
            ],
            [
              -77.2709686,
              1.2294065
            ],
            [
              -77.2709951,
              1.2291438
            ],
            [
              -77.271079,
              1.2288801
            ],
            [
              -77.2711543,
              1.2286654
            ]
          ]
        ]
      },
      "id": "relation/19758154"
    },
    {
      "type": "Feature",
      "properties": {
        "@id": "relation/19758155",
        "admin_level": "9",
        "boundary": "administrative",
        "name": "Juan Pablo II",
        "place": "neighbourhood",
        "type": "boundary"
      },
      "geometry": {
        "type": "Polygon",
        "coordinates": [
          [
            [
              -77.2722818,
              1.231771
            ],
            [
              -77.2724515,
              1.2318973
            ],
            [
              -77.2725749,
              1.2319081
            ],
            [
              -77.2726125,
              1.2317632
            ],
            [
              -77.2738162,
              1.2319922
            ],
            [
              -77.2738386,
              1.2318439
            ],
            [
              -77.2739375,
              1.231833
            ],
            [
              -77.2748601,
              1.230889
            ],
            [
              -77.2749674,
              1.2307442
            ],
            [
              -77.2749782,
              1.2306692
            ],
            [
              -77.2749192,
              1.2305619
            ],
            [
              -77.2748172,
              1.2304225
            ],
            [
              -77.2749862,
              1.2300202
            ],
            [
              -77.2748005,
              1.2298848
            ],
            [
              -77.2746925,
              1.2299827
            ],
            [
              -77.2745034,
              1.2303185
            ],
            [
              -77.2743398,
              1.2305029
            ],
            [
              -77.2740984,
              1.2305834
            ],
            [
              -77.2738704,
              1.2304064
            ],
            [
              -77.2737363,
              1.2303447
            ],
            [
              -77.2735056,
              1.2305673
            ],
            [
              -77.2732884,
              1.2307335
            ],
            [
              -77.2732555,
              1.2305833
            ],
            [
              -77.2730758,
              1.2305163
            ],
            [
              -77.272817,
              1.230456
            ],
            [
              -77.2725453,
              1.2304578
            ],
            [
              -77.2724676,
              1.2308032
            ],
            [
              -77.2722818,
              1.231771
            ]
          ]
        ]
      },
      "id": "relation/19758155"
    },
    {
      "type": "Feature",
      "properties": {
        "@id": "relation/19758156",
        "admin_level": "9",
        "boundary": "administrative",
        "name": "Nuevo Sol",
        "place": "neighbourhood",
        "type": "boundary"
      },
      "geometry": {
        "type": "Polygon",
        "coordinates": [
          [
            [
              -77.2706159,
              1.233599
            ],
            [
              -77.2717447,
              1.2340383
            ],
            [
              -77.271878,
              1.2340425
            ],
            [
              -77.2719321,
              1.2338655
            ],
            [
              -77.2720064,
              1.2332539
            ],
            [
              -77.2720363,
              1.2330181
            ],
            [
              -77.27203,
              1.2328349
            ],
            [
              -77.2720665,
              1.2325798
            ],
            [
              -77.2722818,
              1.231771
            ],
            [
              -77.2724676,
              1.2308032
            ],
            [
              -77.2725453,
              1.2304578
            ],
            [
              -77.272656,
              1.2299658
            ],
            [
              -77.2728366,
              1.2291619
            ],
            [
              -77.2720987,
              1.2289428
            ],
            [
              -77.2711543,
              1.2286654
            ],
            [
              -77.271079,
              1.2288801
            ],
            [
              -77.2709951,
              1.2291438
            ],
            [
              -77.2709686,
              1.2294065
            ],
            [
              -77.2708641,
              1.2302487
            ],
            [
              -77.2707637,
              1.2309553
            ],
            [
              -77.2706445,
              1.2312625
            ],
            [
              -77.2705689,
              1.2318896
            ],
            [
              -77.2705388,
              1.2322851
            ],
            [
              -77.2705743,
              1.2326725
            ],
            [
              -77.2705243,
              1.2327224
            ],
            [
              -77.270511,
              1.232891
            ],
            [
              -77.2706742,
              1.2332555
            ],
            [
              -77.2706159,
              1.233599
            ]
          ]
        ]
      },
      "id": "relation/19758156"
    },
    {
      "type": "Feature",
      "properties": {
        "@id": "relation/19758191",
        "admin_level": "9",
        "boundary": "administrative",
        "name": "Quillotocto",
        "place": "neighbourhood",
        "type": "boundary"
      },
      "geometry": {
        "type": "Polygon",
        "coordinates": [
          [
            [
              -77.271878,
              1.2340425
            ],
            [
              -77.2717447,
              1.2340383
            ],
            [
              -77.2706159,
              1.233599
            ],
            [
              -77.2706209,
              1.233824
            ],
            [
              -77.2706424,
              1.2341123
            ],
            [
              -77.2706658,
              1.2345239
            ],
            [
              -77.2706907,
              1.2348424
            ],
            [
              -77.2707579,
              1.2358009
            ],
            [
              -77.2707939,
              1.236088
            ],
            [
              -77.2707953,
              1.2362596
            ],
            [
              -77.2707155,
              1.2366263
            ],
            [
              -77.2705753,
              1.2370849
            ],
            [
              -77.27057,
              1.2373302
            ],
            [
              -77.2707456,
              1.2374388
            ],
            [
              -77.27103,
              1.2375273
            ],
            [
              -77.2711627,
              1.2375602
            ],
            [
              -77.271323,
              1.2371821
            ],
            [
              -77.2713679,
              1.2369709
            ],
            [
              -77.2714752,
              1.2365499
            ],
            [
              -77.2715074,
              1.2363327
            ],
            [
              -77.2715074,
              1.2358714
            ],
            [
              -77.271561,
              1.2355738
            ],
            [
              -77.2715744,
              1.2351984
            ],
            [
              -77.2716227,
              1.2349275
            ],
            [
              -77.2716992,
              1.2345534
            ],
            [
              -77.271878,
              1.2340425
            ]
          ]
        ]
      },
      "id": "relation/19758191"
    },
    {
      "type": "Feature",
      "properties": {
        "@id": "relation/19758313",
        "admin_level": "9",
        "boundary": "administrative",
        "name": "La Floresta",
        "place": "neighbourhood",
        "type": "boundary"
      },
      "geometry": {
        "type": "Polygon",
        "coordinates": [
          [
            [
              -77.2680635,
              1.2255554
            ],
            [
              -77.2679052,
              1.2257819
            ],
            [
              -77.2677523,
              1.2260179
            ],
            [
              -77.2676155,
              1.2262667
            ],
            [
              -77.2674293,
              1.2265925
            ],
            [
              -77.2673499,
              1.2267312
            ],
            [
              -77.2672688,
              1.2267885
            ],
            [
              -77.2672107,
              1.2269056
            ],
            [
              -77.2668791,
              1.2274629
            ],
            [
              -77.2670033,
              1.2274945
            ],
            [
              -77.2672554,
              1.2277034
            ],
            [
              -77.2673682,
              1.2280251
            ],
            [
              -77.2673085,
              1.2282705
            ],
            [
              -77.2674157,
              1.2283838
            ],
            [
              -77.2675583,
              1.2285142
            ],
            [
              -77.2680246,
              1.2281037
            ],
            [
              -77.2683403,
              1.2278012
            ],
            [
              -77.2691024,
              1.2270754
            ],
            [
              -77.2692622,
              1.2269337
            ],
            [
              -77.2692034,
              1.2267245
            ],
            [
              -77.2686297,
              1.226093
            ],
            [
              -77.268164,
              1.2255875
            ],
            [
              -77.2680635,
              1.2255554
            ]
          ]
        ]
      },
      "id": "relation/19758313"
    },
    {
      "type": "Feature",
      "properties": {
        "@id": "relation/19758314",
        "admin_level": "9",
        "boundary": "administrative",
        "name": "Torres de San Luis",
        "place": "neighbourhood",
        "type": "boundary"
      },
      "geometry": {
        "type": "Polygon",
        "coordinates": [
          [
            [
              -77.2672688,
              1.2267885
            ],
            [
              -77.2663665,
              1.2268346
            ],
            [
              -77.2662916,
              1.2268716
            ],
            [
              -77.2660646,
              1.2269838
            ],
            [
              -77.2658211,
              1.2269203
            ],
            [
              -77.2657514,
              1.2271509
            ],
            [
              -77.2656387,
              1.2273762
            ],
            [
              -77.2654885,
              1.2275478
            ],
            [
              -77.2652954,
              1.2277033
            ],
            [
              -77.2652271,
              1.2279438
            ],
            [
              -77.2652155,
              1.228161
            ],
            [
              -77.2651624,
              1.22837
            ],
            [
              -77.2654576,
              1.2290464
            ],
            [
              -77.265252,
              1.2292023
            ],
            [
              -77.2650596,
              1.2292023
            ],
            [
              -77.2652438,
              1.2296981
            ],
            [
              -77.2656222,
              1.2295525
            ],
            [
              -77.2657835,
              1.2294839
            ],
            [
              -77.2660878,
              1.2293492
            ],
            [
              -77.2661874,
              1.2293051
            ],
            [
              -77.266801,
              1.2291294
            ],
            [
              -77.266772,
              1.2287944
            ],
            [
              -77.2668325,
              1.2286941
            ],
            [
              -77.2670174,
              1.2285142
            ],
            [
              -77.2673085,
              1.2282705
            ],
            [
              -77.2673682,
              1.2280251
            ],
            [
              -77.2672554,
              1.2277034
            ],
            [
              -77.2670033,
              1.2274945
            ],
            [
              -77.2668791,
              1.2274629
            ],
            [
              -77.2672107,
              1.2269056
            ],
            [
              -77.2672688,
              1.2267885
            ]
          ]
        ]
      },
      "id": "relation/19758314"
    },
    {
      "type": "Feature",
      "properties": {
        "@id": "relation/19758315",
        "admin_level": "9",
        "boundary": "administrative",
        "name": "San Albano",
        "place": "neighbourhood",
        "type": "boundary"
      },
      "geometry": {
        "type": "Polygon",
        "coordinates": [
          [
            [
              -77.2720994,
              1.2278233
            ],
            [
              -77.2723718,
              1.2269844
            ],
            [
              -77.2721685,
              1.2266535
            ],
            [
              -77.2722573,
              1.2264499
            ],
            [
              -77.2728279,
              1.2256772
            ],
            [
              -77.2730509,
              1.2247586
            ],
            [
              -77.273109,
              1.2239213
            ],
            [
              -77.2731247,
              1.2236859
            ],
            [
              -77.2731115,
              1.2236726
            ],
            [
              -77.2728216,
              1.2236104
            ],
            [
              -77.2725202,
              1.2238475
            ],
            [
              -77.2723701,
              1.2240146
            ],
            [
              -77.272264,
              1.2241966
            ],
            [
              -77.2722441,
              1.2244187
            ],
            [
              -77.2723121,
              1.2249443
            ],
            [
              -77.2715558,
              1.2247968
            ],
            [
              -77.271312,
              1.224747
            ],
            [
              -77.2709754,
              1.225465
            ],
            [
              -77.2708746,
              1.2256165
            ],
            [
              -77.2706967,
              1.2258132
            ],
            [
              -77.2704057,
              1.2260461
            ],
            [
              -77.2698489,
              1.226476
            ],
            [
              -77.2702322,
              1.2266648
            ],
            [
              -77.2706574,
              1.226882
            ],
            [
              -77.2716013,
              1.2273064
            ],
            [
              -77.2719379,
              1.2275344
            ],
            [
              -77.2720994,
              1.2278233
            ]
          ]
        ]
      },
      "id": "relation/19758315"
    },
    {
      "type": "Feature",
      "properties": {
        "@id": "relation/19758560",
        "admin_level": "9",
        "boundary": "administrative",
        "name": "Granada",
        "place": "neighbourhood",
        "type": "boundary"
      },
      "geometry": {
        "type": "Polygon",
        "coordinates": [
          [
            [
              -77.2814741,
              1.1959172
            ],
            [
              -77.2813752,
              1.1956071
            ],
            [
              -77.2813672,
              1.1950158
            ],
            [
              -77.2811741,
              1.1949917
            ],
            [
              -77.2811378,
              1.1950787
            ],
            [
              -77.2811151,
              1.1951808
            ],
            [
              -77.2811365,
              1.1957385
            ],
            [
              -77.2811473,
              1.196114
            ],
            [
              -77.2810507,
              1.196661
            ],
            [
              -77.2812599,
              1.1968527
            ],
            [
              -77.2814557,
              1.1970874
            ],
            [
              -77.2815657,
              1.1970847
            ],
            [
              -77.2816448,
              1.1972429
            ],
            [
              -77.2819506,
              1.1977699
            ],
            [
              -77.2823542,
              1.1976009
            ],
            [
              -77.2826493,
              1.1977886
            ],
            [
              -77.2828625,
              1.1982056
            ],
            [
              -77.2830664,
              1.198341
            ],
            [
              -77.2842452,
              1.197916
            ],
            [
              -77.2840306,
              1.1974467
            ],
            [
              -77.2835445,
              1.1965759
            ],
            [
              -77.2834506,
              1.1963158
            ],
            [
              -77.283346,
              1.1959913
            ],
            [
              -77.2832595,
              1.1960167
            ],
            [
              -77.2826922,
              1.1962306
            ],
            [
              -77.2825289,
              1.1962826
            ],
            [
              -77.2818167,
              1.1965501
            ],
            [
              -77.2813648,
              1.1967116
            ],
            [
              -77.28131,
              1.196596
            ],
            [
              -77.2813387,
              1.1963163
            ],
            [
              -77.2813588,
              1.1961444
            ],
            [
              -77.2813854,
              1.1959555
            ],
            [
              -77.2814741,
              1.1959172
            ]
          ]
        ]
      },
      "id": "relation/19758560"
    },
    {
      "type": "Feature",
      "properties": {
        "@id": "relation/19758561",
        "admin_level": "9",
        "boundary": "administrative",
        "name": "Los Fundadores",
        "place": "neighbourhood",
        "type": "boundary"
      },
      "geometry": {
        "type": "Polygon",
        "coordinates": [
          [
            [
              -77.2814741,
              1.1959172
            ],
            [
              -77.2813854,
              1.1959555
            ],
            [
              -77.2813588,
              1.1961444
            ],
            [
              -77.2813387,
              1.1963163
            ],
            [
              -77.28131,
              1.196596
            ],
            [
              -77.2813648,
              1.1967116
            ],
            [
              -77.2818167,
              1.1965501
            ],
            [
              -77.2825289,
              1.1962826
            ],
            [
              -77.2826922,
              1.1962306
            ],
            [
              -77.2832595,
              1.1960167
            ],
            [
              -77.283346,
              1.1959913
            ],
            [
              -77.2837973,
              1.1958404
            ],
            [
              -77.2838491,
              1.1958422
            ],
            [
              -77.283882,
              1.1958965
            ],
            [
              -77.2841324,
              1.1957979
            ],
            [
              -77.2837341,
              1.1948928
            ],
            [
              -77.2835107,
              1.1944428
            ],
            [
              -77.2828451,
              1.1946525
            ],
            [
              -77.282947,
              1.1950024
            ],
            [
              -77.2819097,
              1.1951606
            ],
            [
              -77.2816535,
              1.1952062
            ],
            [
              -77.2815543,
              1.1952666
            ],
            [
              -77.2814745,
              1.1954389
            ],
            [
              -77.2816248,
              1.1959009
            ],
            [
              -77.2814741,
              1.1959172
            ]
          ]
        ]
      },
      "id": "relation/19758561"
    },
    {
      "type": "Feature",
      "properties": {
        "@id": "relation/19758562",
        "admin_level": "9",
        "boundary": "administrative",
        "name": "Urbanización La Florida",
        "place": "neighbourhood",
        "type": "boundary"
      },
      "geometry": {
        "type": "Polygon",
        "coordinates": [
          [
            [
              -77.2602393,
              1.2079346
            ],
            [
              -77.260174,
              1.2079247
            ],
            [
              -77.2601086,
              1.2079293
            ],
            [
              -77.2600533,
              1.2079472
            ],
            [
              -77.2599547,
              1.2080009
            ],
            [
              -77.2597198,
              1.2081099
            ],
            [
              -77.2596032,
              1.2081609
            ],
            [
              -77.2594419,
              1.2082252
            ],
            [
              -77.2593601,
              1.2082817
            ],
            [
              -77.2592656,
              1.2083076
            ],
            [
              -77.2592026,
              1.2083371
            ],
            [
              -77.259149,
              1.2084113
            ],
            [
              -77.2591139,
              1.2084771
            ],
            [
              -77.2590788,
              1.2085822
            ],
            [
              -77.2590608,
              1.2086545
            ],
            [
              -77.2590206,
              1.208857
            ],
            [
              -77.2589782,
              1.2090985
            ],
            [
              -77.2581986,
              1.2108628
            ],
            [
              -77.2585497,
              1.2109801
            ],
            [
              -77.2585541,
              1.2110738
            ],
            [
              -77.2585074,
              1.2112348
            ],
            [
              -77.2585329,
              1.2114446
            ],
            [
              -77.2586019,
              1.2114929
            ],
            [
              -77.2586726,
              1.2115048
            ],
            [
              -77.2587524,
              1.2115342
            ],
            [
              -77.2588208,
              1.2115398
            ],
            [
              -77.2588823,
              1.2115264
            ],
            [
              -77.2589409,
              1.2114986
            ],
            [
              -77.2590009,
              1.2114612
            ],
            [
              -77.2590666,
              1.2114187
            ],
            [
              -77.2592131,
              1.211199
            ],
            [
              -77.2592385,
              1.2111411
            ],
            [
              -77.2593951,
              1.210916
            ],
            [
              -77.2594241,
              1.2108721
            ],
            [
              -77.2595352,
              1.2106239
            ],
            [
              -77.2595583,
              1.2105809
            ],
            [
              -77.2596646,
              1.2103525
            ],
            [
              -77.259684,
              1.2103061
            ],
            [
              -77.259759,
              1.2101462
            ],
            [
              -77.259793,
              1.2101296
            ],
            [
              -77.260123,
              1.210052
            ],
            [
              -77.2601213,
              1.2100014
            ],
            [
              -77.2600672,
              1.2097072
            ],
            [
              -77.2599672,
              1.2093789
            ],
            [
              -77.2599166,
              1.2089847
            ],
            [
              -77.2599624,
              1.2088753
            ],
            [
              -77.2599925,
              1.2087968
            ],
            [
              -77.260015,
              1.2087207
            ],
            [
              -77.260167,
              1.2081372
            ],
            [
              -77.2602133,
              1.2079737
            ],
            [
              -77.2602393,
              1.2079346
            ]
          ]
        ]
      },
      "id": "relation/19758562"
    },
    {
      "type": "Feature",
      "properties": {
        "@id": "relation/19763508",
        "admin_level": "9",
        "boundary": "administrative",
        "name": "Condominio Ciudad Real",
        "place": "neighbourhood",
        "type": "boundary"
      },
      "geometry": {
        "type": "Polygon",
        "coordinates": [
          [
            [
              -77.2736338,
              1.219017
            ],
            [
              -77.2736326,
              1.2190113
            ],
            [
              -77.2736205,
              1.2189523
            ],
            [
              -77.2736193,
              1.2189522
            ],
            [
              -77.2736007,
              1.2188952
            ],
            [
              -77.2736001,
              1.2188951
            ],
            [
              -77.2735785,
              1.2188379
            ],
            [
              -77.2735552,
              1.2188356
            ],
            [
              -77.2735607,
              1.218781
            ],
            [
              -77.2735512,
              1.21878
            ],
            [
              -77.2735566,
              1.2187255
            ],
            [
              -77.2735472,
              1.2187245
            ],
            [
              -77.2735526,
              1.2186699
            ],
            [
              -77.2735432,
              1.218669
            ],
            [
              -77.2735486,
              1.2186144
            ],
            [
              -77.2735431,
              1.2186139
            ],
            [
              -77.2735443,
              1.2185589
            ],
            [
              -77.2735395,
              1.2185584
            ],
            [
              -77.2735402,
              1.2185033
            ],
            [
              -77.2735351,
              1.2185028
            ],
            [
              -77.2735362,
              1.2184478
            ],
            [
              -77.2735271,
              1.2184469
            ],
            [
              -77.2735325,
              1.2183923
            ],
            [
              -77.2735231,
              1.2183914
            ],
            [
              -77.2735285,
              1.2183368
            ],
            [
              -77.2735263,
              1.2183366
            ],
            [
              -77.273517,
              1.2182805
            ],
            [
              -77.273516,
              1.2182805
            ],
            [
              -77.2735068,
              1.2182327
            ],
            [
              -77.2735096,
              1.218233
            ],
            [
              -77.27351,
              1.2182287
            ],
            [
              -77.273515,
              1.2181784
            ],
            [
              -77.2735251,
              1.2181794
            ],
            [
              -77.2735255,
              1.2181752
            ],
            [
              -77.2735305,
              1.2181248
            ],
            [
              -77.2735309,
              1.2181206
            ],
            [
              -77.2735313,
              1.2181166
            ],
            [
              -77.2735359,
              1.2180703
            ],
            [
              -77.2735363,
              1.218066
            ],
            [
              -77.2735367,
              1.218062
            ],
            [
              -77.2735413,
              1.2180157
            ],
            [
              -77.2735417,
              1.2180114
            ],
            [
              -77.2735421,
              1.2180074
            ],
            [
              -77.2735467,
              1.2179611
            ],
            [
              -77.2735472,
              1.2179568
            ],
            [
              -77.2735476,
              1.2179529
            ],
            [
              -77.2735521,
              1.2179065
            ],
            [
              -77.2735526,
              1.2179022
            ],
            [
              -77.273553,
              1.2178983
            ],
            [
              -77.2735576,
              1.2178519
            ],
            [
              -77.273558,
              1.2178476
            ],
            [
              -77.2735584,
              1.2178437
            ],
            [
              -77.273563,
              1.2177973
            ],
            [
              -77.2735634,
              1.2177931
            ],
            [
              -77.2735638,
              1.2177891
            ],
            [
              -77.2735684,
              1.2177427
            ],
            [
              -77.2735688,
              1.2177385
            ],
            [
              -77.2735692,
              1.2177345
            ],
            [
              -77.2735738,
              1.2176881
            ],
            [
              -77.2735742,
              1.2176839
            ],
            [
              -77.2735746,
              1.2176799
            ],
            [
              -77.2735792,
              1.2176336
            ],
            [
              -77.2735796,
              1.2176293
            ],
            [
              -77.27358,
              1.2176253
            ],
            [
              -77.2735846,
              1.217579
            ],
            [
              -77.273585,
              1.2175747
            ],
            [
              -77.2735854,
              1.2175707
            ],
            [
              -77.27359,
              1.2175244
            ],
            [
              -77.2735905,
              1.2175201
            ],
            [
              -77.2735909,
              1.2175162
            ],
            [
              -77.2735955,
              1.2174698
            ],
            [
              -77.2735959,
              1.2174655
            ],
            [
              -77.2735963,
              1.2174616
            ],
            [
              -77.2736009,
              1.2174152
            ],
            [
              -77.2736013,
              1.217411
            ],
            [
              -77.2736017,
              1.217407
            ],
            [
              -77.2736071,
              1.2173524
            ],
            [
              -77.2735906,
              1.2173508
            ],
            [
              -77.2735983,
              1.2172727
            ],
            [
              -77.2735016,
              1.2172631
            ],
            [
              -77.2734979,
              1.2172998
            ],
            [
              -77.2734613,
              1.2172961
            ],
            [
              -77.2734588,
              1.2173214
            ],
            [
              -77.2733593,
              1.2172964
            ],
            [
              -77.273318,
              1.2173549
            ],
            [
              -77.2731983,
              1.2182109
            ],
            [
              -77.2732199,
              1.2184937
            ],
            [
              -77.2732231,
              1.2186257
            ],
            [
              -77.2732581,
              1.2191027
            ],
            [
              -77.2733007,
              1.2192007
            ],
            [
              -77.2735578,
              1.2191232
            ],
            [
              -77.2736024,
              1.2190697
            ],
            [
              -77.2735895,
              1.2190126
            ],
            [
              -77.2736338,
              1.219017
            ]
          ]
        ]
      },
      "id": "relation/19763508"
    },
    {
      "type": "Feature",
      "properties": {
        "@id": "relation/19763560",
        "admin_level": "9",
        "boundary": "administrative",
        "name": "Panorámico 2",
        "place": "neighbourhood",
        "type": "boundary"
      },
      "geometry": {
        "type": "Polygon",
        "coordinates": [
          [
            [
              -77.2939374,
              1.2141259
            ],
            [
              -77.2939789,
              1.2143664
            ],
            [
              -77.293873,
              1.2143181
            ],
            [
              -77.2932467,
              1.214845
            ],
            [
              -77.2932695,
              1.2150059
            ],
            [
              -77.29359,
              1.2156309
            ],
            [
              -77.2935003,
              1.2156753
            ],
            [
              -77.2938029,
              1.2163414
            ],
            [
              -77.2936162,
              1.2164406
            ],
            [
              -77.2938649,
              1.2170929
            ],
            [
              -77.2942512,
              1.2169085
            ],
            [
              -77.2943102,
              1.2168689
            ],
            [
              -77.2948305,
              1.21625
            ],
            [
              -77.2949338,
              1.2163075
            ],
            [
              -77.2949452,
              1.2163305
            ],
            [
              -77.2955907,
              1.2162566
            ],
            [
              -77.2956234,
              1.2162227
            ],
            [
              -77.2955003,
              1.2140607
            ],
            [
              -77.2949262,
              1.2140714
            ],
            [
              -77.2939374,
              1.2141259
            ]
          ]
        ]
      },
      "id": "relation/19763560"
    },
    {
      "type": "Feature",
      "properties": {
        "@id": "relation/19763561",
        "admin_level": "9",
        "boundary": "administrative",
        "name": "Panorámico 1",
        "place": "neighbourhood",
        "type": "boundary"
      },
      "geometry": {
        "type": "Polygon",
        "coordinates": [
          [
            [
              -77.2955003,
              1.2140607
            ],
            [
              -77.2956234,
              1.2162227
            ],
            [
              -77.2956412,
              1.2162063
            ],
            [
              -77.2962471,
              1.2160476
            ],
            [
              -77.2963187,
              1.2159337
            ],
            [
              -77.2963784,
              1.2158595
            ],
            [
              -77.2965198,
              1.2156758
            ],
            [
              -77.2966935,
              1.2155545
            ],
            [
              -77.2968423,
              1.2155447
            ],
            [
              -77.2969864,
              1.2154722
            ],
            [
              -77.296984,
              1.2148776
            ],
            [
              -77.2975174,
              1.2148403
            ],
            [
              -77.2974264,
              1.2146005
            ],
            [
              -77.2973778,
              1.2146029
            ],
            [
              -77.2973081,
              1.2143156
            ],
            [
              -77.2972837,
              1.2142836
            ],
            [
              -77.2972636,
              1.2140412
            ],
            [
              -77.2964638,
              1.2140945
            ],
            [
              -77.2963877,
              1.2140788
            ],
            [
              -77.2955003,
              1.2140607
            ]
          ]
        ]
      },
      "id": "relation/19763561"
    },
    {
      "type": "Feature",
      "properties": {
        "@id": "relation/19763562",
        "admin_level": "9",
        "boundary": "administrative",
        "name": "Gualcaloma IV etapa",
        "place": "neighbourhood",
        "type": "boundary"
      },
      "geometry": {
        "type": "Polygon",
        "coordinates": [
          [
            [
              -77.2949452,
              1.2163305
            ],
            [
              -77.2952433,
              1.217038
            ],
            [
              -77.2953656,
              1.2173151
            ],
            [
              -77.2954863,
              1.2175704
            ],
            [
              -77.2966537,
              1.2169808
            ],
            [
              -77.2967185,
              1.2169373
            ],
            [
              -77.2973316,
              1.2166237
            ],
            [
              -77.2972322,
              1.2164186
            ],
            [
              -77.2975964,
              1.2162354
            ],
            [
              -77.2974248,
              1.2159924
            ],
            [
              -77.2977252,
              1.2158026
            ],
            [
              -77.2975035,
              1.2153186
            ],
            [
              -77.2971011,
              1.2155138
            ],
            [
              -77.2969864,
              1.2154722
            ],
            [
              -77.2968423,
              1.2155447
            ],
            [
              -77.2966935,
              1.2155545
            ],
            [
              -77.2965198,
              1.2156758
            ],
            [
              -77.2963784,
              1.2158595
            ],
            [
              -77.2963187,
              1.2159337
            ],
            [
              -77.2962471,
              1.2160476
            ],
            [
              -77.2956412,
              1.2162063
            ],
            [
              -77.2956234,
              1.2162227
            ],
            [
              -77.2955907,
              1.2162566
            ],
            [
              -77.2949452,
              1.2163305
            ]
          ]
        ]
      },
      "id": "relation/19763562"
    },
    {
      "type": "Feature",
      "properties": {
        "@id": "relation/19764011",
        "admin_level": "9",
        "boundary": "administrative",
        "name": "Corazón de Jesús",
        "place": "neighbourhood",
        "type": "boundary"
      },
      "geometry": {
        "type": "Polygon",
        "coordinates": [
          [
            [
              -77.2674036,
              1.2250003
            ],
            [
              -77.2676396,
              1.2252363
            ],
            [
              -77.2681224,
              1.2248716
            ],
            [
              -77.2681546,
              1.2247536
            ],
            [
              -77.2681224,
              1.2244318
            ],
            [
              -77.2679508,
              1.2240993
            ],
            [
              -77.2685301,
              1.2235629
            ],
            [
              -77.2687447,
              1.2238526
            ],
            [
              -77.2693026,
              1.2232841
            ],
            [
              -77.2694206,
              1.2234021
            ],
            [
              -77.269764,
              1.2225868
            ],
            [
              -77.2694206,
              1.2222651
            ],
            [
              -77.2703219,
              1.2214713
            ],
            [
              -77.2708798,
              1.2209564
            ],
            [
              -77.2710943,
              1.2203343
            ],
            [
              -77.271545,
              1.2199052
            ],
            [
              -77.2721672,
              1.2192617
            ],
            [
              -77.271689,
              1.2190837
            ],
            [
              -77.2715248,
              1.2191468
            ],
            [
              -77.271295,
              1.2192518
            ],
            [
              -77.2712044,
              1.219282
            ],
            [
              -77.2710212,
              1.2193017
            ],
            [
              -77.2708655,
              1.219387
            ],
            [
              -77.2704321,
              1.219781
            ],
            [
              -77.2702548,
              1.2199372
            ],
            [
              -77.2701312,
              1.2197816
            ],
            [
              -77.2700968,
              1.2197353
            ],
            [
              -77.2699813,
              1.219871
            ],
            [
              -77.2697253,
              1.2200826
            ],
            [
              -77.2696862,
              1.220121
            ],
            [
              -77.2695588,
              1.2201056
            ],
            [
              -77.2693533,
              1.2202701
            ],
            [
              -77.2690699,
              1.2199326
            ],
            [
              -77.268602,
              1.2201026
            ],
            [
              -77.2681168,
              1.2202523
            ],
            [
              -77.2678659,
              1.2206646
            ],
            [
              -77.2672408,
              1.2211859
            ],
            [
              -77.2671462,
              1.2212765
            ],
            [
              -77.2668389,
              1.2218069
            ],
            [
              -77.2667128,
              1.2219382
            ],
            [
              -77.2665841,
              1.222059
            ],
            [
              -77.2665946,
              1.2221194
            ],
            [
              -77.2663714,
              1.2223794
            ],
            [
              -77.2673787,
              1.2235493
            ],
            [
              -77.2669414,
              1.2239616
            ],
            [
              -77.2673432,
              1.22445
            ],
            [
              -77.2673587,
              1.2245603
            ],
            [
              -77.2674036,
              1.2246141
            ],
            [
              -77.2675538,
              1.2248394
            ],
            [
              -77.2674036,
              1.2250003
            ]
          ]
        ]
      },
      "id": "relation/19764011"
    },
    {
      "type": "Feature",
      "properties": {
        "@id": "relation/19764057",
        "admin_level": "9",
        "boundary": "administrative",
        "name": "Villa Adriana María",
        "place": "neighbourhood",
        "type": "boundary"
      },
      "geometry": {
        "type": "Polygon",
        "coordinates": [
          [
            [
              -77.2625664,
              1.2063363
            ],
            [
              -77.2625534,
              1.2060318
            ],
            [
              -77.2625212,
              1.2059133
            ],
            [
              -77.2625456,
              1.2054001
            ],
            [
              -77.2625558,
              1.2051213
            ],
            [
              -77.2620504,
              1.2049923
            ],
            [
              -77.2620495,
              1.2062688
            ],
            [
              -77.2622423,
              1.2063032
            ],
            [
              -77.2625664,
              1.2063363
            ]
          ]
        ]
      },
      "id": "relation/19764057"
    },
    {
      "type": "Feature",
      "properties": {
        "@id": "relation/19764058",
        "admin_level": "9",
        "boundary": "administrative",
        "name": "Pucalpa II",
        "place": "neighbourhood",
        "type": "boundary"
      },
      "geometry": {
        "type": "Polygon",
        "coordinates": [
          [
            [
              -77.2625664,
              1.2063363
            ],
            [
              -77.2622423,
              1.2063032
            ],
            [
              -77.2620495,
              1.2062688
            ],
            [
              -77.2616183,
              1.2062038
            ],
            [
              -77.2611534,
              1.2061441
            ],
            [
              -77.2608274,
              1.2060675
            ],
            [
              -77.2607897,
              1.2062168
            ],
            [
              -77.2609326,
              1.2069335
            ],
            [
              -77.2614079,
              1.2069868
            ],
            [
              -77.2614819,
              1.2067881
            ],
            [
              -77.2615852,
              1.206569
            ],
            [
              -77.2616677,
              1.2064327
            ],
            [
              -77.261917,
              1.206372
            ],
            [
              -77.2619943,
              1.2064096
            ],
            [
              -77.2620949,
              1.2064797
            ],
            [
              -77.2622436,
              1.2064668
            ],
            [
              -77.2623047,
              1.2064427
            ],
            [
              -77.2624823,
              1.2064379
            ],
            [
              -77.2624917,
              1.2063493
            ],
            [
              -77.2625664,
              1.2063363
            ]
          ]
        ]
      },
      "id": "relation/19764058"
    },
    {
      "type": "Feature",
      "properties": {
        "@id": "relation/19766085",
        "admin_level": "9",
        "boundary": "administrative",
        "name": "Capusigra",
        "place": "neighbourhood",
        "type": "boundary"
      },
      "geometry": {
        "type": "Polygon",
        "coordinates": [
          [
            [
              -77.2860074,
              1.205918
            ],
            [
              -77.2856588,
              1.2064821
            ],
            [
              -77.2864845,
              1.2075381
            ],
            [
              -77.2865639,
              1.2074755
            ],
            [
              -77.28737,
              1.208546
            ],
            [
              -77.2869194,
              1.208857
            ],
            [
              -77.2871118,
              1.2091497
            ],
            [
              -77.2874161,
              1.2095634
            ],
            [
              -77.2879171,
              1.2092754
            ],
            [
              -77.2885716,
              1.2101227
            ],
            [
              -77.2886101,
              1.2100593
            ],
            [
              -77.2887483,
              1.2098305
            ],
            [
              -77.2889375,
              1.2096755
            ],
            [
              -77.2892629,
              1.2094373
            ],
            [
              -77.2899127,
              1.2088999
            ],
            [
              -77.2860074,
              1.205918
            ]
          ]
        ]
      },
      "id": "relation/19766085"
    },
    {
      "type": "Feature",
      "properties": {
        "@id": "relation/19766086",
        "admin_level": "9",
        "boundary": "administrative",
        "name": "Santiago",
        "place": "neighbourhood",
        "type": "boundary"
      },
      "geometry": {
        "type": "Polygon",
        "coordinates": [
          [
            [
              -77.2838509,
              1.2084816
            ],
            [
              -77.2823596,
              1.2090286
            ],
            [
              -77.2828725,
              1.2101307
            ],
            [
              -77.2832202,
              1.2109589
            ],
            [
              -77.2835873,
              1.2118801
            ],
            [
              -77.2842569,
              1.2135353
            ],
            [
              -77.2851487,
              1.213122
            ],
            [
              -77.2853396,
              1.2131838
            ],
            [
              -77.2855783,
              1.2128258
            ],
            [
              -77.2857743,
              1.2126586
            ],
            [
              -77.2855137,
              1.2119776
            ],
            [
              -77.2851221,
              1.2110635
            ],
            [
              -77.2847709,
              1.2102197
            ],
            [
              -77.2845842,
              1.2098227
            ],
            [
              -77.2850898,
              1.2096052
            ],
            [
              -77.2847928,
              1.2089725
            ],
            [
              -77.2840541,
              1.209081
            ],
            [
              -77.2838509,
              1.2084816
            ]
          ]
        ]
      },
      "id": "relation/19766086"
    },
    {
      "type": "Feature",
      "properties": {
        "@id": "relation/19766087",
        "admin_level": "9",
        "boundary": "administrative",
        "name": "Caracha",
        "place": "neighbourhood",
        "type": "boundary"
      },
      "geometry": {
        "type": "Polygon",
        "coordinates": [
          [
            [
              -77.2847709,
              1.2102197
            ],
            [
              -77.2854082,
              1.2099312
            ],
            [
              -77.2856787,
              1.2098053
            ],
            [
              -77.2860287,
              1.2096458
            ],
            [
              -77.2869481,
              1.2092153
            ],
            [
              -77.2871118,
              1.2091497
            ],
            [
              -77.2869194,
              1.208857
            ],
            [
              -77.28737,
              1.208546
            ],
            [
              -77.2865639,
              1.2074755
            ],
            [
              -77.2864845,
              1.2075381
            ],
            [
              -77.2856588,
              1.2064821
            ],
            [
              -77.2851491,
              1.2073124
            ],
            [
              -77.2847951,
              1.2076986
            ],
            [
              -77.2838509,
              1.2084816
            ],
            [
              -77.2840541,
              1.209081
            ],
            [
              -77.2847928,
              1.2089725
            ],
            [
              -77.2850898,
              1.2096052
            ],
            [
              -77.2845842,
              1.2098227
            ],
            [
              -77.2847709,
              1.2102197
            ]
          ]
        ]
      },
      "id": "relation/19766087"
    },
    {
      "type": "Feature",
      "properties": {
        "@id": "relation/19766088",
        "admin_level": "9",
        "boundary": "administrative",
        "name": "Obrero",
        "official_name": "San José Obrero",
        "place": "neighbourhood",
        "type": "boundary"
      },
      "geometry": {
        "type": "Polygon",
        "coordinates": [
          [
            [
              -77.2847709,
              1.2102197
            ],
            [
              -77.2851221,
              1.2110635
            ],
            [
              -77.2855137,
              1.2119776
            ],
            [
              -77.2857743,
              1.2126586
            ],
            [
              -77.2866511,
              1.2119462
            ],
            [
              -77.2885716,
              1.2101227
            ],
            [
              -77.2879171,
              1.2092754
            ],
            [
              -77.2874161,
              1.2095634
            ],
            [
              -77.2871118,
              1.2091497
            ],
            [
              -77.2869481,
              1.2092153
            ],
            [
              -77.2860287,
              1.2096458
            ],
            [
              -77.2856787,
              1.2098053
            ],
            [
              -77.2854082,
              1.2099312
            ],
            [
              -77.2847709,
              1.2102197
            ]
          ]
        ]
      },
      "id": "relation/19766088"
    },
    {
      "type": "Feature",
      "properties": {
        "@id": "relation/19767329",
        "admin_level": "9",
        "boundary": "administrative",
        "name": "La Rosa",
        "place": "neighbourhood",
        "type": "boundary"
      },
      "geometry": {
        "type": "Polygon",
        "coordinates": [
          [
            [
              -77.272879,
              1.1927838
            ],
            [
              -77.2728002,
              1.193081
            ],
            [
              -77.2728686,
              1.1933385
            ],
            [
              -77.2728374,
              1.1933555
            ],
            [
              -77.2727518,
              1.1933474
            ],
            [
              -77.2725776,
              1.1934327
            ],
            [
              -77.272471,
              1.1934759
            ],
            [
              -77.27231,
              1.1936643
            ],
            [
              -77.2722269,
              1.1937964
            ],
            [
              -77.2721404,
              1.1940625
            ],
            [
              -77.2719385,
              1.1940665
            ],
            [
              -77.2718681,
              1.1942429
            ],
            [
              -77.272416,
              1.1942147
            ],
            [
              -77.2733165,
              1.1937796
            ],
            [
              -77.274026,
              1.193376
            ],
            [
              -77.2742848,
              1.1932339
            ],
            [
              -77.2746435,
              1.1930387
            ],
            [
              -77.2748792,
              1.1929213
            ],
            [
              -77.275278,
              1.1927522
            ],
            [
              -77.275548,
              1.19257
            ],
            [
              -77.2757129,
              1.1924377
            ],
            [
              -77.2767328,
              1.1919888
            ],
            [
              -77.2771575,
              1.1917632
            ],
            [
              -77.2773601,
              1.1916758
            ],
            [
              -77.2775426,
              1.1916032
            ],
            [
              -77.277641,
              1.1915444
            ],
            [
              -77.2776336,
              1.1915023
            ],
            [
              -77.2776655,
              1.191488
            ],
            [
              -77.2779151,
              1.1914331
            ],
            [
              -77.27796,
              1.1914171
            ],
            [
              -77.2778334,
              1.1911483
            ],
            [
              -77.2776663,
              1.1908387
            ],
            [
              -77.277428,
              1.1905614
            ],
            [
              -77.2770234,
              1.1907089
            ],
            [
              -77.2771456,
              1.1909696
            ],
            [
              -77.2764614,
              1.1913029
            ],
            [
              -77.2757165,
              1.1916459
            ],
            [
              -77.2756275,
              1.1916418
            ],
            [
              -77.2747131,
              1.1920856
            ],
            [
              -77.2746683,
              1.1920731
            ],
            [
              -77.2739211,
              1.1924123
            ],
            [
              -77.2729673,
              1.1929047
            ],
            [
              -77.272879,
              1.1927838
            ]
          ]
        ]
      },
      "id": "relation/19767329"
    },
    {
      "type": "Feature",
      "properties": {
        "@id": "relation/19767330",
        "admin_level": "9",
        "boundary": "administrative",
        "name": "Altos de Las Mercedes",
        "place": "neighbourhood",
        "type": "boundary"
      },
      "geometry": {
        "type": "Polygon",
        "coordinates": [
          [
            [
              -77.2956311,
              1.1975125
            ],
            [
              -77.29554,
              1.1973824
            ],
            [
              -77.2954997,
              1.1973636
            ],
            [
              -77.2953925,
              1.1971866
            ],
            [
              -77.2953817,
              1.1971303
            ],
            [
              -77.2954085,
              1.1970874
            ],
            [
              -77.2953263,
              1.1969461
            ],
            [
              -77.295312,
              1.1969533
            ],
            [
              -77.2948131,
              1.1972376
            ],
            [
              -77.2937053,
              1.1981359
            ],
            [
              -77.2944584,
              1.1990604
            ],
            [
              -77.2946388,
              1.1993265
            ],
            [
              -77.2959356,
              1.200668
            ],
            [
              -77.2961911,
              1.2005078
            ],
            [
              -77.2958209,
              1.1999862
            ],
            [
              -77.2951209,
              1.1989672
            ],
            [
              -77.2945724,
              1.1981553
            ],
            [
              -77.2956311,
              1.1975125
            ]
          ]
        ]
      },
      "id": "relation/19767330"
    },
    {
      "type": "Feature",
      "properties": {
        "@id": "relation/19767331",
        "admin_level": "9",
        "boundary": "administrative",
        "name": "Villa Lucciana",
        "place": "neighbourhood",
        "type": "boundary"
      },
      "geometry": {
        "type": "Polygon",
        "coordinates": [
          [
            [
              -77.2615377,
              1.2061065
            ],
            [
              -77.2615498,
              1.2056589
            ],
            [
              -77.2612338,
              1.2056503
            ],
            [
              -77.261223,
              1.2060791
            ],
            [
              -77.2615377,
              1.2061065
            ]
          ]
        ]
      },
      "id": "relation/19767331"
    },
    {
      "type": "Feature",
      "properties": {
        "@id": "relation/19767394",
        "admin_level": "9",
        "alt_name": "Urbanización Pie de Cuesta",
        "boundary": "administrative",
        "loc_name": "Conjunto Piedecuesta",
        "name": "Conjunto Residencial Pie de Cuesta",
        "place": "neighbourhood",
        "type": "boundary"
      },
      "geometry": {
        "type": "Polygon",
        "coordinates": [
          [
            [
              -77.2524338,
              1.2016694
            ],
            [
              -77.2521492,
              1.2021825
            ],
            [
              -77.2521418,
              1.2025579
            ],
            [
              -77.2529203,
              1.202998
            ],
            [
              -77.2533324,
              1.2022777
            ],
            [
              -77.2534212,
              1.2022938
            ],
            [
              -77.2535191,
              1.2021339
            ],
            [
              -77.2531017,
              1.2019026
            ],
            [
              -77.2525381,
              1.2015611
            ],
            [
              -77.2524338,
              1.2016694
            ]
          ]
        ]
      },
      "id": "relation/19767394"
    },
    {
      "type": "Feature",
      "properties": {
        "@id": "relation/19767395",
        "admin_level": "9",
        "boundary": "administrative",
        "name": "Villa Alejandría",
        "place": "neighbourhood",
        "type": "boundary"
      },
      "geometry": {
        "type": "Polygon",
        "coordinates": [
          [
            [
              -77.2535191,
              1.2021339
            ],
            [
              -77.2538256,
              1.202275
            ],
            [
              -77.2539956,
              1.2022734
            ],
            [
              -77.2539819,
              1.20148
            ],
            [
              -77.2539834,
              1.2013771
            ],
            [
              -77.2540061,
              1.200717
            ],
            [
              -77.253263,
              1.2008229
            ],
            [
              -77.2526386,
              1.2009244
            ],
            [
              -77.2526172,
              1.2012139
            ],
            [
              -77.2525902,
              1.2013868
            ],
            [
              -77.2525381,
              1.2015611
            ],
            [
              -77.2531017,
              1.2019026
            ],
            [
              -77.2535191,
              1.2021339
            ]
          ]
        ]
      },
      "id": "relation/19767395"
    },
    {
      "type": "Feature",
      "properties": {
        "@id": "relation/19767396",
        "admin_level": "9",
        "boundary": "administrative",
        "name": "Arnulfo Guerrero",
        "place": "neighbourhood",
        "type": "boundary"
      },
      "geometry": {
        "type": "Polygon",
        "coordinates": [
          [
            [
              -77.2525381,
              1.2015611
            ],
            [
              -77.2525902,
              1.2013868
            ],
            [
              -77.2526172,
              1.2012139
            ],
            [
              -77.2526386,
              1.2009244
            ],
            [
              -77.2526636,
              1.2005856
            ],
            [
              -77.2526884,
              1.2002783
            ],
            [
              -77.2523484,
              1.2000253
            ],
            [
              -77.2520622,
              1.1999355
            ],
            [
              -77.2517886,
              1.2000211
            ],
            [
              -77.2516115,
              1.1998935
            ],
            [
              -77.2514394,
              1.2000269
            ],
            [
              -77.2512002,
              1.2002149
            ],
            [
              -77.2513454,
              1.2010717
            ],
            [
              -77.2515251,
              1.2013142
            ],
            [
              -77.2516828,
              1.2015072
            ],
            [
              -77.2517309,
              1.2015555
            ],
            [
              -77.2524338,
              1.2016694
            ],
            [
              -77.2525381,
              1.2015611
            ]
          ]
        ]
      },
      "id": "relation/19767396"
    },
    {
      "type": "Feature",
      "properties": {
        "@id": "relation/19774755",
        "admin_level": "9",
        "boundary": "administrative",
        "name": "La Lomita",
        "place": "neighbourhood",
        "type": "boundary"
      },
      "geometry": {
        "type": "Polygon",
        "coordinates": [
          [
            [
              -77.2707872,
              1.2174382
            ],
            [
              -77.2707621,
              1.2173135
            ],
            [
              -77.2704781,
              1.2169072
            ],
            [
              -77.2704077,
              1.216938
            ],
            [
              -77.2703125,
              1.2167966
            ],
            [
              -77.2703661,
              1.216757
            ],
            [
              -77.2702768,
              1.2166623
            ],
            [
              -77.2701094,
              1.2164193
            ],
            [
              -77.2698806,
              1.2165921
            ],
            [
              -77.2698203,
              1.2165767
            ],
            [
              -77.2695081,
              1.216744
            ],
            [
              -77.2692959,
              1.2168509
            ],
            [
              -77.269379,
              1.2169843
            ],
            [
              -77.2691407,
              1.2171304
            ],
            [
              -77.2694233,
              1.2175789
            ],
            [
              -77.2694405,
              1.2176094
            ],
            [
              -77.2697326,
              1.2179872
            ],
            [
              -77.2698055,
              1.2181448
            ],
            [
              -77.2700483,
              1.2182681
            ],
            [
              -77.2701797,
              1.2180871
            ],
            [
              -77.2703326,
              1.2178672
            ],
            [
              -77.2704329,
              1.217706
            ],
            [
              -77.2707872,
              1.2174382
            ]
          ]
        ]
      },
      "id": "relation/19774755"
    },
    {
      "type": "Feature",
      "properties": {
        "@id": "relation/19776678",
        "admin_level": "9",
        "boundary": "administrative",
        "name": "Aquine Reservado P.H. sector A",
        "place": "neighbourhood",
        "type": "boundary"
      },
      "geometry": {
        "type": "Polygon",
        "coordinates": [
          [
            [
              -77.2710246,
              1.2163266
            ],
            [
              -77.2708422,
              1.2160531
            ],
            [
              -77.2706585,
              1.2158238
            ],
            [
              -77.2704318,
              1.216029
            ],
            [
              -77.2706759,
              1.2164661
            ],
            [
              -77.2710246,
              1.2163266
            ]
          ]
        ]
      },
      "id": "relation/19776678"
    },
    {
      "type": "Feature",
      "properties": {
        "@id": "relation/19776679",
        "admin_level": "9",
        "boundary": "administrative",
        "name": "Aquine Reservado P.H. sector B",
        "place": "neighbourhood",
        "type": "boundary"
      },
      "geometry": {
        "type": "Polygon",
        "coordinates": [
          [
            [
              -77.2709428,
              1.2155731
            ],
            [
              -77.2707202,
              1.2157689
            ],
            [
              -77.2709361,
              1.2160129
            ],
            [
              -77.271046,
              1.2161872
            ],
            [
              -77.2712714,
              1.2161
            ],
            [
              -77.2709428,
              1.2155731
            ]
          ]
        ]
      },
      "id": "relation/19776679"
    },
    {
      "type": "Feature",
      "properties": {
        "@id": "relation/19776680",
        "admin_level": "9",
        "boundary": "administrative",
        "name": "Aquine Alto II Sector 2",
        "place": "neighbourhood",
        "type": "boundary"
      },
      "geometry": {
        "type": "Polygon",
        "coordinates": [
          [
            [
              -77.2702548,
              1.2160223
            ],
            [
              -77.2700174,
              1.2156911
            ],
            [
              -77.2695789,
              1.215254
            ],
            [
              -77.2692356,
              1.2155557
            ],
            [
              -77.2693764,
              1.2157099
            ],
            [
              -77.2692825,
              1.2159713
            ],
            [
              -77.2693804,
              1.2161148
            ],
            [
              -77.26932,
              1.2161785
            ],
            [
              -77.2693723,
              1.2162938
            ],
            [
              -77.2692,
              1.2164104
            ],
            [
              -77.2690827,
              1.2165056
            ],
            [
              -77.2692456,
              1.2167007
            ],
            [
              -77.2693589,
              1.2166176
            ],
            [
              -77.2697894,
              1.2163467
            ],
            [
              -77.2702548,
              1.2160223
            ]
          ]
        ]
      },
      "id": "relation/19776680"
    },
    {
      "type": "Feature",
      "properties": {
        "@id": "relation/19776681",
        "admin_level": "9",
        "boundary": "administrative",
        "name": "Conjunto Villa Jazmín",
        "place": "neighbourhood",
        "type": "boundary"
      },
      "geometry": {
        "type": "Polygon",
        "coordinates": [
          [
            [
              -77.2709428,
              1.2155731
            ],
            [
              -77.2712714,
              1.2161
            ],
            [
              -77.2714028,
              1.2160786
            ],
            [
              -77.2714967,
              1.2162676
            ],
            [
              -77.2722477,
              1.2159003
            ],
            [
              -77.2721672,
              1.2156965
            ],
            [
              -77.2720961,
              1.2156308
            ],
            [
              -77.2720237,
              1.2156066
            ],
            [
              -77.2719153,
              1.2155808
            ],
            [
              -77.2718386,
              1.2155503
            ],
            [
              -77.271722,
              1.2154806
            ],
            [
              -77.2715905,
              1.2153814
            ],
            [
              -77.2714571,
              1.2152097
            ],
            [
              -77.2712304,
              1.2153418
            ],
            [
              -77.2709428,
              1.2155731
            ]
          ]
        ]
      },
      "id": "relation/19776681"
    },
    {
      "type": "Feature",
      "properties": {
        "@id": "relation/19776682",
        "admin_level": "9",
        "boundary": "administrative",
        "name": "Aquine Alto I",
        "place": "neighbourhood",
        "type": "boundary"
      },
      "geometry": {
        "type": "Polygon",
        "coordinates": [
          [
            [
              -77.2709146,
              1.2139869
            ],
            [
              -77.2706276,
              1.2142122
            ],
            [
              -77.2705311,
              1.2145179
            ],
            [
              -77.2703755,
              1.21466
            ],
            [
              -77.2702454,
              1.2146493
            ],
            [
              -77.2700469,
              1.214786
            ],
            [
              -77.2704821,
              1.2153204
            ],
            [
              -77.270059,
              1.2156596
            ],
            [
              -77.2703467,
              1.2160136
            ],
            [
              -77.2706243,
              1.2157508
            ],
            [
              -77.2712315,
              1.2152208
            ],
            [
              -77.2713364,
              1.2151682
            ],
            [
              -77.2711956,
              1.2148993
            ],
            [
              -77.2711989,
              1.2148397
            ],
            [
              -77.2710055,
              1.2142826
            ],
            [
              -77.2709978,
              1.2141854
            ],
            [
              -77.2709146,
              1.2139869
            ]
          ]
        ]
      },
      "id": "relation/19776682"
    },
    {
      "type": "Feature",
      "properties": {
        "@id": "relation/19776683",
        "admin_level": "9",
        "boundary": "administrative",
        "name": "Condominio Aquine III Sector 2",
        "place": "neighbourhood",
        "type": "boundary"
      },
      "geometry": {
        "type": "Polygon",
        "coordinates": [
          [
            [
              -77.2713364,
              1.2151682
            ],
            [
              -77.2715892,
              1.2150783
            ],
            [
              -77.2721887,
              1.2148812
            ],
            [
              -77.2726292,
              1.214725
            ],
            [
              -77.2731415,
              1.2145357
            ],
            [
              -77.2727828,
              1.2136557
            ],
            [
              -77.2718433,
              1.2140044
            ],
            [
              -77.272011,
              1.2146298
            ],
            [
              -77.2711989,
              1.2148397
            ],
            [
              -77.2711956,
              1.2148993
            ],
            [
              -77.2713364,
              1.2151682
            ]
          ]
        ]
      },
      "id": "relation/19776683"
    },
    {
      "type": "Feature",
      "properties": {
        "@id": "relation/19776684",
        "admin_level": "9",
        "boundary": "administrative",
        "name": "Condominio Aquine III Sector 3",
        "place": "neighbourhood",
        "type": "boundary"
      },
      "geometry": {
        "type": "Polygon",
        "coordinates": [
          [
            [
              -77.2732951,
              1.2149684
            ],
            [
              -77.2731838,
              1.2146788
            ],
            [
              -77.2731502,
              1.2146144
            ],
            [
              -77.2724649,
              1.214841
            ],
            [
              -77.2719526,
              1.2150395
            ],
            [
              -77.2715543,
              1.2151816
            ],
            [
              -77.2718185,
              1.2153814
            ],
            [
              -77.272253,
              1.2155141
            ],
            [
              -77.2724797,
              1.2155168
            ],
            [
              -77.2728968,
              1.215203
            ],
            [
              -77.273059,
              1.2150596
            ],
            [
              -77.273216,
              1.2150173
            ],
            [
              -77.2732951,
              1.2149684
            ]
          ]
        ]
      },
      "id": "relation/19776684"
    },
    {
      "type": "Feature",
      "properties": {
        "@id": "relation/19776685",
        "admin_level": "9",
        "boundary": "administrative",
        "name": "El Cilinidro",
        "place": "neighbourhood",
        "type": "boundary"
      },
      "geometry": {
        "type": "Polygon",
        "coordinates": [
          [
            [
              -77.2738946,
              1.2141022
            ],
            [
              -77.2740421,
              1.2141411
            ],
            [
              -77.2747757,
              1.2139306
            ],
            [
              -77.2745979,
              1.2132776
            ],
            [
              -77.2741675,
              1.2134157
            ],
            [
              -77.2741735,
              1.2134499
            ],
            [
              -77.2740883,
              1.2134724
            ],
            [
              -77.2740605,
              1.2134355
            ],
            [
              -77.2739884,
              1.2132307
            ],
            [
              -77.2736713,
              1.2133226
            ],
            [
              -77.2736283,
              1.2133433
            ],
            [
              -77.273562,
              1.2133836
            ],
            [
              -77.2733474,
              1.2135123
            ],
            [
              -77.2731757,
              1.2136732
            ],
            [
              -77.2731006,
              1.2138234
            ],
            [
              -77.2732079,
              1.2139199
            ],
            [
              -77.2734332,
              1.2139199
            ],
            [
              -77.2737336,
              1.2140164
            ],
            [
              -77.2738946,
              1.2141022
            ]
          ]
        ]
      },
      "id": "relation/19776685"
    },
    {
      "type": "Feature",
      "properties": {
        "@id": "relation/19776686",
        "admin_level": "9",
        "boundary": "administrative",
        "name": "Condominio Aquine II",
        "place": "neighbourhood",
        "type": "boundary"
      },
      "geometry": {
        "type": "Polygon",
        "coordinates": [
          [
            [
              -77.2709978,
              1.2141854
            ],
            [
              -77.2710055,
              1.2142826
            ],
            [
              -77.2711989,
              1.2148397
            ],
            [
              -77.272011,
              1.2146298
            ],
            [
              -77.2718433,
              1.2140044
            ],
            [
              -77.2727828,
              1.2136557
            ],
            [
              -77.2725454,
              1.2130685
            ],
            [
              -77.2715503,
              1.2134895
            ],
            [
              -77.271621,
              1.2136363
            ],
            [
              -77.2715476,
              1.2137241
            ],
            [
              -77.2715342,
              1.2139548
            ],
            [
              -77.2709978,
              1.2141854
            ]
          ]
        ]
      },
      "id": "relation/19776686"
    },
    {
      "type": "Feature",
      "properties": {
        "@id": "relation/19776687",
        "admin_level": "9",
        "boundary": "administrative",
        "name": "Condominio Aquine I",
        "place": "neighbourhood",
        "type": "boundary"
      },
      "geometry": {
        "type": "Polygon",
        "coordinates": [
          [
            [
              -77.2709146,
              1.2139869
            ],
            [
              -77.2709978,
              1.2141854
            ],
            [
              -77.2715342,
              1.2139548
            ],
            [
              -77.2715476,
              1.2137241
            ],
            [
              -77.271621,
              1.2136363
            ],
            [
              -77.2715503,
              1.2134895
            ],
            [
              -77.2725454,
              1.2130685
            ],
            [
              -77.2722007,
              1.2122338
            ],
            [
              -77.2715087,
              1.2125737
            ],
            [
              -77.2716388,
              1.2126796
            ],
            [
              -77.2717609,
              1.2128754
            ],
            [
              -77.2716013,
              1.2129398
            ],
            [
              -77.2715114,
              1.213165
            ],
            [
              -77.2713894,
              1.2133641
            ],
            [
              -77.2711185,
              1.2135264
            ],
            [
              -77.2710139,
              1.2136812
            ],
            [
              -77.2708744,
              1.2137375
            ],
            [
              -77.270802,
              1.2138019
            ],
            [
              -77.2709146,
              1.2139869
            ]
          ]
        ]
      },
      "id": "relation/19776687"
    },
    {
      "type": "Feature",
      "properties": {
        "@id": "relation/19776688",
        "admin_level": "9",
        "boundary": "administrative",
        "name": "Aquine IV",
        "place": "neighbourhood",
        "type": "boundary"
      },
      "geometry": {
        "type": "Polygon",
        "coordinates": [
          [
            [
              -77.2726232,
              1.2130872
            ],
            [
              -77.272819,
              1.2135713
            ],
            [
              -77.272984,
              1.2136961
            ],
            [
              -77.2731507,
              1.2135218
            ],
            [
              -77.2732356,
              1.2132684
            ],
            [
              -77.273288,
              1.2132703
            ],
            [
              -77.2733123,
              1.2130487
            ],
            [
              -77.2732534,
              1.2130191
            ],
            [
              -77.273229,
              1.2128179
            ],
            [
              -77.2731665,
              1.2126353
            ],
            [
              -77.273004,
              1.212713
            ],
            [
              -77.2725471,
              1.2128965
            ],
            [
              -77.2726232,
              1.2130872
            ]
          ]
        ]
      },
      "id": "relation/19776688"
    },
    {
      "type": "Feature",
      "properties": {
        "@id": "relation/19776689",
        "admin_level": "9",
        "boundary": "administrative",
        "name": "El Olivo",
        "place": "neighbourhood",
        "type": "boundary"
      },
      "geometry": {
        "type": "Polygon",
        "coordinates": [
          [
            [
              -77.2706529,
              1.2072197
            ],
            [
              -77.2707838,
              1.2068593
            ],
            [
              -77.2709078,
              1.206557
            ],
            [
              -77.270746,
              1.2065042
            ],
            [
              -77.2707059,
              1.2064994
            ],
            [
              -77.2706595,
              1.2064807
            ],
            [
              -77.2706358,
              1.2064606
            ],
            [
              -77.2706276,
              1.2064522
            ],
            [
              -77.269485,
              1.2059609
            ],
            [
              -77.2693133,
              1.2069692
            ],
            [
              -77.2694314,
              1.2070013
            ],
            [
              -77.2696459,
              1.2071944
            ],
            [
              -77.2698498,
              1.2072802
            ],
            [
              -77.2700644,
              1.2073124
            ],
            [
              -77.2703755,
              1.2072802
            ],
            [
              -77.2706529,
              1.2072197
            ]
          ]
        ]
      },
      "id": "relation/19776689"
    },
    {
      "type": "Feature",
      "properties": {
        "@id": "relation/19777629",
        "admin_level": "9",
        "boundary": "administrative",
        "name": "Urbanización Pucalpa III",
        "place": "neighbourhood",
        "type": "boundary"
      },
      "geometry": {
        "type": "Polygon",
        "coordinates": [
          [
            [
              -77.2550225,
              1.2071837
            ],
            [
              -77.2556019,
              1.2070121
            ],
            [
              -77.2559667,
              1.2070979
            ],
            [
              -77.2564817,
              1.2072266
            ],
            [
              -77.2569967,
              1.2071837
            ],
            [
              -77.2574258,
              1.2068405
            ],
            [
              -77.2576189,
              1.2064758
            ],
            [
              -77.2579622,
              1.2060252
            ],
            [
              -77.2579407,
              1.2058097
            ],
            [
              -77.2550183,
              1.2057495
            ],
            [
              -77.2550225,
              1.2071837
            ]
          ]
        ]
      },
      "id": "relation/19777629"
    },
    {
      "type": "Feature",
      "properties": {
        "@id": "relation/19779838",
        "admin_level": "9",
        "boundary": "administrative",
        "name": "Las Brisas",
        "place": "neighbourhood",
        "type": "boundary"
      },
      "geometry": {
        "type": "Polygon",
        "coordinates": [
          [
            [
              -77.2499383,
              1.2043164
            ],
            [
              -77.2503753,
              1.2044858
            ],
            [
              -77.2505155,
              1.2045987
            ],
            [
              -77.2506942,
              1.2046584
            ],
            [
              -77.251246,
              1.2050726
            ],
            [
              -77.2512237,
              1.2053155
            ],
            [
              -77.2517955,
              1.2052926
            ],
            [
              -77.2519051,
              1.204645
            ],
            [
              -77.2520416,
              1.2040323
            ],
            [
              -77.2521363,
              1.2037159
            ],
            [
              -77.2513453,
              1.2033685
            ],
            [
              -77.2513368,
              1.20335
            ],
            [
              -77.2501179,
              1.2030475
            ],
            [
              -77.2500892,
              1.2029531
            ],
            [
              -77.2497273,
              1.2029827
            ],
            [
              -77.2497115,
              1.203265
            ],
            [
              -77.2499383,
              1.2043164
            ]
          ]
        ]
      },
      "id": "relation/19779838"
    },
    {
      "type": "Feature",
      "properties": {
        "@id": "relation/19782336",
        "admin_level": "9",
        "boundary": "administrative",
        "name": "Nuevo Amanecer",
        "place": "neighbourhood",
        "type": "boundary"
      },
      "geometry": {
        "type": "Polygon",
        "coordinates": [
          [
            [
              -77.2871574,
              1.2393172
            ],
            [
              -77.2859252,
              1.2394216
            ],
            [
              -77.2851818,
              1.2398075
            ],
            [
              -77.2851437,
              1.2399367
            ],
            [
              -77.2851598,
              1.2401512
            ],
            [
              -77.2851223,
              1.2403068
            ],
            [
              -77.2849184,
              1.2406607
            ],
            [
              -77.2847843,
              1.2408914
            ],
            [
              -77.2847843,
              1.2410201
            ],
            [
              -77.2847468,
              1.2411273
            ],
            [
              -77.2847414,
              1.2412507
            ],
            [
              -77.2847843,
              1.2413365
            ],
            [
              -77.2848433,
              1.2414438
            ],
            [
              -77.2849292,
              1.2415457
            ],
            [
              -77.2850257,
              1.2415618
            ],
            [
              -77.2849453,
              1.241299
            ],
            [
              -77.2849935,
              1.2410576
            ],
            [
              -77.2850579,
              1.2409986
            ],
            [
              -77.2852242,
              1.2409128
            ],
            [
              -77.2854066,
              1.2407895
            ],
            [
              -77.2855675,
              1.2406393
            ],
            [
              -77.2856158,
              1.2409825
            ],
            [
              -77.2856963,
              1.241181
            ],
            [
              -77.2859323,
              1.2417441
            ],
            [
              -77.2865975,
              1.2416797
            ],
            [
              -77.2869194,
              1.2416208
            ],
            [
              -77.2871393,
              1.2402692
            ],
            [
              -77.2871554,
              1.2394594
            ],
            [
              -77.2871574,
              1.2393172
            ]
          ]
        ]
      },
      "id": "relation/19782336"
    },
    {
      "type": "Feature",
      "properties": {
        "@id": "relation/19810009",
        "admin_level": "9",
        "alt_name": "Doce de Octubre 2",
        "boundary": "administrative",
        "name": "Doce de Octubre 2a Etapa",
        "place": "neighbourhood",
        "type": "boundary"
      },
      "geometry": {
        "type": "Polygon",
        "coordinates": [
          [
            [
              -77.2697787,
              1.1916812
            ],
            [
              -77.2701381,
              1.1916155
            ],
            [
              -77.2700644,
              1.1913085
            ],
            [
              -77.2700146,
              1.1911519
            ],
            [
              -77.2697987,
              1.1911068
            ],
            [
              -77.268884,
              1.1908362
            ],
            [
              -77.2686693,
              1.190606
            ],
            [
              -77.2674746,
              1.1900554
            ],
            [
              -77.2662923,
              1.1893711
            ],
            [
              -77.2656296,
              1.1889045
            ],
            [
              -77.2652562,
              1.1899217
            ],
            [
              -77.2660283,
              1.1903029
            ],
            [
              -77.2663193,
              1.1902539
            ],
            [
              -77.2677697,
              1.1908702
            ],
            [
              -77.2680768,
              1.1909733
            ],
            [
              -77.2683254,
              1.1910765
            ],
            [
              -77.2688507,
              1.191226
            ],
            [
              -77.2689351,
              1.1912649
            ],
            [
              -77.268967,
              1.1914644
            ],
            [
              -77.2697368,
              1.1916532
            ],
            [
              -77.2697787,
              1.1916812
            ]
          ]
        ]
      },
      "id": "relation/19810009"
    },
    {
      "type": "Feature",
      "properties": {
        "@id": "relation/19810566",
        "admin_level": "9",
        "boundary": "administrative",
        "name": "Villa Olímpica",
        "place": "neighbourhood",
        "type": "boundary"
      },
      "geometry": {
        "type": "Polygon",
        "coordinates": [
          [
            [
              -77.2635452,
              1.1921143
            ],
            [
              -77.2634911,
              1.1922062
            ],
            [
              -77.263417,
              1.192241
            ],
            [
              -77.2633501,
              1.1922444
            ],
            [
              -77.2631335,
              1.1921887
            ],
            [
              -77.2628063,
              1.1921163
            ],
            [
              -77.26264,
              1.1920862
            ],
            [
              -77.2625521,
              1.1919461
            ],
            [
              -77.2623557,
              1.1918555
            ],
            [
              -77.2622155,
              1.1920641
            ],
            [
              -77.2621813,
              1.1921586
            ],
            [
              -77.2621834,
              1.1921767
            ],
            [
              -77.2622457,
              1.1923255
            ],
            [
              -77.262465,
              1.1924515
            ],
            [
              -77.2627734,
              1.1925407
            ],
            [
              -77.2629538,
              1.1927465
            ],
            [
              -77.2633991,
              1.1933224
            ],
            [
              -77.2639114,
              1.1935691
            ],
            [
              -77.2643311,
              1.1940732
            ],
            [
              -77.2646061,
              1.1938963
            ],
            [
              -77.264303,
              1.1934726
            ],
            [
              -77.2637585,
              1.1932419
            ],
            [
              -77.2633957,
              1.1929108
            ],
            [
              -77.2633977,
              1.1925608
            ],
            [
              -77.2634654,
              1.1924797
            ],
            [
              -77.2635741,
              1.192365
            ],
            [
              -77.2636606,
              1.1922799
            ],
            [
              -77.2636163,
              1.1922122
            ],
            [
              -77.2635452,
              1.1921143
            ]
          ]
        ]
      },
      "id": "relation/19810566"
    },
    {
      "type": "Feature",
      "properties": {
        "@id": "relation/19810567",
        "admin_level": "9",
        "boundary": "administrative",
        "name": "Villa Victoria",
        "place": "neighbourhood",
        "type": "boundary"
      },
      "geometry": {
        "type": "Polygon",
        "coordinates": [
          [
            [
              -77.2635452,
              1.1921143
            ],
            [
              -77.26356,
              1.1919494
            ],
            [
              -77.2634768,
              1.1917711
            ],
            [
              -77.2633307,
              1.1916075
            ],
            [
              -77.2631899,
              1.1914345
            ],
            [
              -77.2630933,
              1.1912897
            ],
            [
              -77.2630826,
              1.1913594
            ],
            [
              -77.26264,
              1.1920862
            ],
            [
              -77.2628063,
              1.1921163
            ],
            [
              -77.2631335,
              1.1921887
            ],
            [
              -77.2633501,
              1.1922444
            ],
            [
              -77.263417,
              1.192241
            ],
            [
              -77.2634911,
              1.1922062
            ],
            [
              -77.2635452,
              1.1921143
            ]
          ]
        ]
      },
      "id": "relation/19810567"
    },
    {
      "type": "Feature",
      "properties": {
        "@id": "relation/19815743",
        "admin_level": "9",
        "boundary": "administrative",
        "name": "Sendoya",
        "place": "neighbourhood",
        "type": "boundary"
      },
      "geometry": {
        "type": "Polygon",
        "coordinates": [
          [
            [
              -77.2693844,
              1.2008323
            ],
            [
              -77.2686696,
              1.2003188
            ],
            [
              -77.2684925,
              1.2001488
            ],
            [
              -77.2683675,
              1.2002675
            ],
            [
              -77.2680902,
              1.2006618
            ],
            [
              -77.2674458,
              1.2016187
            ],
            [
              -77.2667162,
              1.202702
            ],
            [
              -77.2667908,
              1.2033789
            ],
            [
              -77.2671611,
              1.2037405
            ],
            [
              -77.2678059,
              1.2039642
            ],
            [
              -77.2679266,
              1.2036137
            ],
            [
              -77.2681852,
              1.2028937
            ],
            [
              -77.2685194,
              1.2020441
            ],
            [
              -77.2693322,
              1.2009008
            ],
            [
              -77.2693844,
              1.2008323
            ]
          ]
        ]
      },
      "id": "relation/19815743"
    },
    {
      "type": "Feature",
      "properties": {
        "@id": "relation/19815744",
        "admin_level": "9",
        "boundary": "administrative",
        "name": "Bernal",
        "place": "neighbourhood",
        "type": "boundary"
      },
      "geometry": {
        "type": "Polygon",
        "coordinates": [
          [
            [
              -77.2677463,
              1.2007284
            ],
            [
              -77.2675885,
              1.2006174
            ],
            [
              -77.2673167,
              1.2004293
            ],
            [
              -77.2672279,
              1.2003677
            ],
            [
              -77.2671944,
              1.2003451
            ],
            [
              -77.2662798,
              1.1996966
            ],
            [
              -77.2659329,
              1.2001937
            ],
            [
              -77.2652336,
              1.2011859
            ],
            [
              -77.2647296,
              1.2019295
            ],
            [
              -77.2645709,
              1.2022607
            ],
            [
              -77.2645989,
              1.2022832
            ],
            [
              -77.2650104,
              1.2023929
            ],
            [
              -77.2657742,
              1.2026347
            ],
            [
              -77.2661709,
              1.2027825
            ],
            [
              -77.2665383,
              1.202908
            ],
            [
              -77.2667162,
              1.202702
            ],
            [
              -77.2674458,
              1.2016187
            ],
            [
              -77.2680902,
              1.2006618
            ],
            [
              -77.2683675,
              1.2002675
            ],
            [
              -77.2684925,
              1.2001488
            ],
            [
              -77.2683131,
              1.1999766
            ],
            [
              -77.2681798,
              1.2001064
            ],
            [
              -77.2677463,
              1.2007284
            ]
          ]
        ]
      },
      "id": "relation/19815744"
    },
    {
      "type": "Feature",
      "properties": {
        "@id": "relation/19815745",
        "admin_level": "9",
        "boundary": "administrative",
        "name": "Chile",
        "place": "neighbourhood",
        "type": "boundary"
      },
      "geometry": {
        "type": "Polygon",
        "coordinates": [
          [
            [
              -77.2703433,
              1.2014558
            ],
            [
              -77.2693844,
              1.2008323
            ],
            [
              -77.2693322,
              1.2009008
            ],
            [
              -77.2685194,
              1.2020441
            ],
            [
              -77.2681852,
              1.2028937
            ],
            [
              -77.2679266,
              1.2036137
            ],
            [
              -77.2678059,
              1.2039642
            ],
            [
              -77.2678113,
              1.2040301
            ],
            [
              -77.2691846,
              1.2044806
            ],
            [
              -77.2694421,
              1.2037298
            ],
            [
              -77.2703433,
              1.2014558
            ]
          ]
        ]
      },
      "id": "relation/19815745"
    },
    {
      "type": "Feature",
      "properties": {
        "@id": "relation/19815891",
        "admin_level": "9",
        "boundary": "administrative",
        "name": "Santa Mónica Condominio",
        "place": "neighbourhood",
        "type": "boundary"
      },
      "geometry": {
        "type": "Polygon",
        "coordinates": [
          [
            [
              -77.2543446,
              1.2051204
            ],
            [
              -77.2543572,
              1.2056081
            ],
            [
              -77.2549274,
              1.205643
            ],
            [
              -77.2549876,
              1.205586
            ],
            [
              -77.2550279,
              1.2049902
            ],
            [
              -77.2543446,
              1.2051204
            ]
          ]
        ]
      },
      "id": "relation/19815891"
    },
    {
      "type": "Feature",
      "properties": {
        "@id": "relation/19815892",
        "admin_level": "9",
        "boundary": "administrative",
        "name": "Conjunto Residencial Santa Catalina",
        "place": "neighbourhood",
        "type": "boundary"
      },
      "geometry": {
        "type": "Polygon",
        "coordinates": [
          [
            [
              -77.255772,
              1.2048661
            ],
            [
              -77.2556998,
              1.2056847
            ],
            [
              -77.2564065,
              1.205686
            ],
            [
              -77.2563998,
              1.2056363
            ],
            [
              -77.2564678,
              1.2049269
            ],
            [
              -77.2563442,
              1.2049217
            ],
            [
              -77.255772,
              1.2048661
            ]
          ]
        ]
      },
      "id": "relation/19815892"
    },
    {
      "type": "Feature",
      "properties": {
        "@id": "relation/19815893",
        "admin_level": "9",
        "boundary": "administrative",
        "name": "Conjunto Residencial Guamuez",
        "place": "neighbourhood",
        "type": "boundary"
      },
      "geometry": {
        "type": "Polygon",
        "coordinates": [
          [
            [
              -77.2567425,
              1.2049587
            ],
            [
              -77.2564678,
              1.2049269
            ],
            [
              -77.2563998,
              1.2056363
            ],
            [
              -77.2564065,
              1.205686
            ],
            [
              -77.2565078,
              1.2056659
            ],
            [
              -77.257413,
              1.2056837
            ],
            [
              -77.2580381,
              1.2056808
            ],
            [
              -77.2580645,
              1.2056495
            ],
            [
              -77.2580749,
              1.2053293
            ],
            [
              -77.25839,
              1.2052797
            ],
            [
              -77.2583337,
              1.2049579
            ],
            [
              -77.2580813,
              1.2050122
            ],
            [
              -77.2574419,
              1.2050035
            ],
            [
              -77.2567425,
              1.2049587
            ]
          ]
        ]
      },
      "id": "relation/19815893"
    },
    {
      "type": "Feature",
      "properties": {
        "@id": "relation/19816058",
        "admin_level": "9",
        "boundary": "administrative",
        "name": "Villa de los Ríos",
        "place": "neighbourhood",
        "type": "boundary"
      },
      "geometry": {
        "type": "Polygon",
        "coordinates": [
          [
            [
              -77.2983257,
              1.2031935
            ],
            [
              -77.2996759,
              1.2021208
            ],
            [
              -77.2997107,
              1.2020417
            ],
            [
              -77.2998313,
              1.2019768
            ],
            [
              -77.299812,
              1.2018356
            ],
            [
              -77.2996715,
              1.2018237
            ],
            [
              -77.2994936,
              1.201925
            ],
            [
              -77.2993085,
              1.2020806
            ],
            [
              -77.299279,
              1.202094
            ],
            [
              -77.2992522,
              1.2020672
            ],
            [
              -77.299102,
              1.201866
            ],
            [
              -77.2990778,
              1.2018541
            ],
            [
              -77.2989736,
              1.2017262
            ],
            [
              -77.2988867,
              1.2016172
            ],
            [
              -77.2988514,
              1.2015523
            ],
            [
              -77.2987156,
              1.2013802
            ],
            [
              -77.2985172,
              1.2011742
            ],
            [
              -77.2983348,
              1.2009167
            ],
            [
              -77.2982356,
              1.2008068
            ],
            [
              -77.2981015,
              1.2006244
            ],
            [
              -77.2978976,
              1.2003751
            ],
            [
              -77.2978758,
              1.2003379
            ],
            [
              -77.2976643,
              1.2001337
            ],
            [
              -77.2973521,
              1.2003261
            ],
            [
              -77.2973122,
              1.2003487
            ],
            [
              -77.2969811,
              1.2006103
            ],
            [
              -77.2963618,
              1.20109
            ],
            [
              -77.2964002,
              1.2011463
            ],
            [
              -77.2968749,
              1.2016004
            ],
            [
              -77.2976772,
              1.2023891
            ],
            [
              -77.2982325,
              1.2030796
            ],
            [
              -77.2983257,
              1.2031935
            ]
          ]
        ]
      },
      "id": "relation/19816058"
    },
    {
      "type": "Feature",
      "properties": {
        "@id": "relation/19838201",
        "admin_level": "9",
        "alt_name": "Condominio Santa Rita",
        "boundary": "administrative",
        "name": "Conjunto Cerrado Santa Rita",
        "place": "neighbourhood",
        "type": "boundary"
      },
      "geometry": {
        "type": "Polygon",
        "coordinates": [
          [
            [
              -77.2896432,
              1.2339786
            ],
            [
              -77.2897015,
              1.2341686
            ],
            [
              -77.2897451,
              1.2343299
            ],
            [
              -77.2897652,
              1.2344713
            ],
            [
              -77.290024,
              1.2344462
            ],
            [
              -77.2902735,
              1.2343644
            ],
            [
              -77.2904116,
              1.2342297
            ],
            [
              -77.2903915,
              1.2340345
            ],
            [
              -77.2902708,
              1.2336658
            ],
            [
              -77.2896432,
              1.2339786
            ]
          ]
        ]
      },
      "id": "relation/19838201"
    },
    {
      "type": "Feature",
      "properties": {
        "@id": "relation/19838202",
        "admin_level": "9",
        "alt_name": "Urbanización El Aljibe",
        "boundary": "administrative",
        "name": "Condominio El Aljibe",
        "place": "neighbourhood",
        "type": "boundary"
      },
      "geometry": {
        "type": "Polygon",
        "coordinates": [
          [
            [
              -77.2896432,
              1.2339786
            ],
            [
              -77.2895372,
              1.2337105
            ],
            [
              -77.2895218,
              1.2336809
            ],
            [
              -77.2892777,
              1.2337909
            ],
            [
              -77.2891617,
              1.2338714
            ],
            [
              -77.2889645,
              1.2339712
            ],
            [
              -77.2891449,
              1.2343363
            ],
            [
              -77.2897524,
              1.2344706
            ],
            [
              -77.2897652,
              1.2344713
            ],
            [
              -77.2897451,
              1.2343299
            ],
            [
              -77.2897015,
              1.2341686
            ],
            [
              -77.2896432,
              1.2339786
            ]
          ]
        ]
      },
      "id": "relation/19838202"
    },
    {
      "type": "Feature",
      "properties": {
        "@id": "relation/19838203",
        "admin_level": "9",
        "boundary": "administrative",
        "name": "Sindagua",
        "place": "neighbourhood",
        "type": "boundary"
      },
      "geometry": {
        "type": "Polygon",
        "coordinates": [
          [
            [
              -77.2626887,
              1.2188726
            ],
            [
              -77.2625294,
              1.2190391
            ],
            [
              -77.2623969,
              1.2191591
            ],
            [
              -77.2622806,
              1.2192509
            ],
            [
              -77.2622109,
              1.2193689
            ],
            [
              -77.2622001,
              1.2194601
            ],
            [
              -77.262125,
              1.2195244
            ],
            [
              -77.2620821,
              1.219621
            ],
            [
              -77.2620499,
              1.21968
            ],
            [
              -77.2619855,
              1.219739
            ],
            [
              -77.2626615,
              1.2206293
            ],
            [
              -77.2627366,
              1.22064
            ],
            [
              -77.2631121,
              1.221128
            ],
            [
              -77.263214,
              1.2210422
            ],
            [
              -77.2634071,
              1.2210261
            ],
            [
              -77.2635466,
              1.2210905
            ],
            [
              -77.2636807,
              1.2212085
            ],
            [
              -77.2638202,
              1.2213908
            ],
            [
              -77.2639704,
              1.2216429
            ],
            [
              -77.2639918,
              1.2214069
            ],
            [
              -77.2641776,
              1.2203504
            ],
            [
              -77.2641957,
              1.2202136
            ],
            [
              -77.2640334,
              1.2201814
            ],
            [
              -77.2641112,
              1.2196813
            ],
            [
              -77.2641206,
              1.2195801
            ],
            [
              -77.2640059,
              1.2196558
            ],
            [
              -77.2639798,
              1.2196686
            ],
            [
              -77.2637665,
              1.2194132
            ],
            [
              -77.2636773,
              1.2193488
            ],
            [
              -77.2636344,
              1.2192861
            ],
            [
              -77.2635379,
              1.2191805
            ],
            [
              -77.2634634,
              1.2191383
            ],
            [
              -77.2632576,
              1.219261
            ],
            [
              -77.2630544,
              1.2192288
            ],
            [
              -77.2630128,
              1.2189184
            ],
            [
              -77.2626887,
              1.2188726
            ]
          ]
        ]
      },
      "id": "relation/19838203"
    },
    {
      "type": "Feature",
      "properties": {
        "@id": "relation/19838204",
        "admin_level": "9",
        "boundary": "administrative",
        "name": "Urbanización Nuevo Sindagua",
        "place": "neighbourhood",
        "type": "boundary"
      },
      "geometry": {
        "type": "Polygon",
        "coordinates": [
          [
            [
              -77.2641957,
              1.2202136
            ],
            [
              -77.2642855,
              1.2197564
            ],
            [
              -77.2643412,
              1.2195043
            ],
            [
              -77.2644317,
              1.2188245
            ],
            [
              -77.2643486,
              1.2185698
            ],
            [
              -77.2642198,
              1.2184223
            ],
            [
              -77.2636834,
              1.2185912
            ],
            [
              -77.2630128,
              1.2189184
            ],
            [
              -77.2630544,
              1.2192288
            ],
            [
              -77.2632576,
              1.219261
            ],
            [
              -77.2634634,
              1.2191383
            ],
            [
              -77.2635379,
              1.2191805
            ],
            [
              -77.2636344,
              1.2192861
            ],
            [
              -77.2636773,
              1.2193488
            ],
            [
              -77.2637665,
              1.2194132
            ],
            [
              -77.2639798,
              1.2196686
            ],
            [
              -77.2640059,
              1.2196558
            ],
            [
              -77.2641206,
              1.2195801
            ],
            [
              -77.2641112,
              1.2196813
            ],
            [
              -77.2640334,
              1.2201814
            ],
            [
              -77.2641957,
              1.2202136
            ]
          ]
        ]
      },
      "id": "relation/19838204"
    },
    {
      "type": "Feature",
      "properties": {
        "@id": "relation/19838205",
        "admin_level": "9",
        "boundary": "administrative",
        "name": "Conjunto Residencial Villa Rocío",
        "place": "neighbourhood",
        "type": "boundary"
      },
      "geometry": {
        "type": "Polygon",
        "coordinates": [
          [
            [
              -77.2635726,
              1.2179696
            ],
            [
              -77.2635606,
              1.2179877
            ],
            [
              -77.2634031,
              1.2181917
            ],
            [
              -77.263324,
              1.2182855
            ],
            [
              -77.2631637,
              1.2183626
            ],
            [
              -77.2630209,
              1.2184558
            ],
            [
              -77.2630906,
              1.2185383
            ],
            [
              -77.2631959,
              1.2186013
            ],
            [
              -77.2635392,
              1.2183928
            ],
            [
              -77.2638356,
              1.2182118
            ],
            [
              -77.2639623,
              1.2180811
            ],
            [
              -77.2638316,
              1.2179798
            ],
            [
              -77.2637454,
              1.2179648
            ],
            [
              -77.2635869,
              1.2179167
            ],
            [
              -77.2635726,
              1.2179696
            ]
          ]
        ]
      },
      "id": "relation/19838205"
    },
    {
      "type": "Feature",
      "properties": {
        "@id": "relation/19838206",
        "admin_level": "9",
        "boundary": "administrative",
        "name": "Las Orquídeas",
        "place": "neighbourhood",
        "type": "boundary"
      },
      "geometry": {
        "type": "Polygon",
        "coordinates": [
          [
            [
              -77.2628656,
              1.2185589
            ],
            [
              -77.2628578,
              1.2185486
            ],
            [
              -77.2628332,
              1.2185398
            ],
            [
              -77.2628028,
              1.2185314
            ],
            [
              -77.2624817,
              1.2183928
            ],
            [
              -77.2622887,
              1.218312
            ],
            [
              -77.2619994,
              1.2181832
            ],
            [
              -77.2615317,
              1.2190066
            ],
            [
              -77.262189,
              1.2192423
            ],
            [
              -77.2622806,
              1.2192509
            ],
            [
              -77.2623969,
              1.2191591
            ],
            [
              -77.2625294,
              1.2190391
            ],
            [
              -77.2626887,
              1.2188726
            ],
            [
              -77.2627305,
              1.2188289
            ],
            [
              -77.2628331,
              1.2187072
            ],
            [
              -77.2628656,
              1.2185589
            ]
          ]
        ]
      },
      "id": "relation/19838206"
    },
    {
      "type": "Feature",
      "properties": {
        "@id": "relation/19838207",
        "admin_level": "9",
        "boundary": "administrative",
        "name": "El Paraíso",
        "place": "neighbourhood",
        "type": "boundary"
      },
      "geometry": {
        "type": "Polygon",
        "coordinates": [
          [
            [
              -77.2619994,
              1.2181832
            ],
            [
              -77.2622887,
              1.218312
            ],
            [
              -77.2624817,
              1.2183928
            ],
            [
              -77.2628028,
              1.2185314
            ],
            [
              -77.2628332,
              1.2185398
            ],
            [
              -77.2628578,
              1.2185486
            ],
            [
              -77.2628656,
              1.2185589
            ],
            [
              -77.2628734,
              1.218552
            ],
            [
              -77.2630209,
              1.2184558
            ],
            [
              -77.2631637,
              1.2183626
            ],
            [
              -77.263324,
              1.2182855
            ],
            [
              -77.2634031,
              1.2181917
            ],
            [
              -77.2635606,
              1.2179877
            ],
            [
              -77.2635726,
              1.2179696
            ],
            [
              -77.2628962,
              1.217777
            ],
            [
              -77.2623748,
              1.2176376
            ],
            [
              -77.2623205,
              1.2176178
            ],
            [
              -77.2619994,
              1.2181832
            ]
          ]
        ]
      },
      "id": "relation/19838207"
    },
    {
      "type": "Feature",
      "properties": {
        "@id": "relation/19838208",
        "admin_level": "9",
        "boundary": "administrative",
        "name": "El Manantial",
        "place": "neighbourhood",
        "type": "boundary"
      },
      "geometry": {
        "type": "Polygon",
        "coordinates": [
          [
            [
              -77.2635459,
              1.2173351
            ],
            [
              -77.2630108,
              1.2170755
            ],
            [
              -77.2628164,
              1.2169803
            ],
            [
              -77.2627151,
              1.2169233
            ],
            [
              -77.2627276,
              1.2169773
            ],
            [
              -77.2626924,
              1.2169975
            ],
            [
              -77.2626562,
              1.2170269
            ],
            [
              -77.2623205,
              1.2176178
            ],
            [
              -77.2623748,
              1.2176376
            ],
            [
              -77.2628962,
              1.217777
            ],
            [
              -77.2635726,
              1.2179696
            ],
            [
              -77.2635869,
              1.2179167
            ],
            [
              -77.2636588,
              1.2176619
            ],
            [
              -77.2637213,
              1.2174201
            ],
            [
              -77.2635459,
              1.2173351
            ]
          ]
        ]
      },
      "id": "relation/19838208"
    },
    {
      "type": "Feature",
      "properties": {
        "@id": "relation/19838209",
        "admin_level": "9",
        "boundary": "administrative",
        "name": "Conjunto Residencial La Quinta",
        "place": "neighbourhood",
        "type": "boundary"
      },
      "geometry": {
        "type": "Polygon",
        "coordinates": [
          [
            [
              -77.2650282,
              1.2200122
            ],
            [
              -77.2648247,
              1.2201667
            ],
            [
              -77.2646356,
              1.220345
            ],
            [
              -77.2645269,
              1.2205113
            ],
            [
              -77.2644787,
              1.2207245
            ],
            [
              -77.2644947,
              1.2209303
            ],
            [
              -77.2645222,
              1.2210918
            ],
            [
              -77.2646181,
              1.2213573
            ],
            [
              -77.2647201,
              1.2213285
            ],
            [
              -77.2647596,
              1.2214223
            ],
            [
              -77.2648703,
              1.2213801
            ],
            [
              -77.2648595,
              1.2213318
            ],
            [
              -77.2649997,
              1.2212983
            ],
            [
              -77.2651271,
              1.2212702
            ],
            [
              -77.2651908,
              1.2212279
            ],
            [
              -77.2651774,
              1.2211944
            ],
            [
              -77.2652256,
              1.2211589
            ],
            [
              -77.2653162,
              1.2213164
            ],
            [
              -77.2655861,
              1.2211909
            ],
            [
              -77.2652927,
              1.2206172
            ],
            [
              -77.2651526,
              1.220349
            ],
            [
              -77.2651043,
              1.220225
            ],
            [
              -77.2650282,
              1.2200122
            ]
          ]
        ]
      },
      "id": "relation/19838209"
    },
    {
      "type": "Feature",
      "properties": {
        "@id": "relation/19838210",
        "admin_level": "9",
        "boundary": "administrative",
        "name": "Condominio Santa Elena",
        "place": "neighbourhood",
        "type": "boundary"
      },
      "geometry": {
        "type": "Polygon",
        "coordinates": [
          [
            [
              -77.2900857,
              1.2025624
            ],
            [
              -77.289847,
              1.2022475
            ],
            [
              -77.2898242,
              1.2022177
            ],
            [
              -77.2897464,
              1.2023117
            ],
            [
              -77.2893922,
              1.2026548
            ],
            [
              -77.2894721,
              1.2027302
            ],
            [
              -77.289564,
              1.2026833
            ],
            [
              -77.2896056,
              1.202696
            ],
            [
              -77.2897437,
              1.2026035
            ],
            [
              -77.2898651,
              1.2025364
            ],
            [
              -77.2899509,
              1.2026196
            ],
            [
              -77.2900057,
              1.2026305
            ],
            [
              -77.2900445,
              1.2025954
            ],
            [
              -77.2900857,
              1.2025624
            ]
          ]
        ]
      },
      "id": "relation/19838210"
    },
    {
      "type": "Feature",
      "properties": {
        "@id": "relation/19838211",
        "admin_level": "9",
        "boundary": "administrative",
        "name": "Jerusalén",
        "place": "neighbourhood",
        "type": "boundary"
      },
      "geometry": {
        "type": "Polygon",
        "coordinates": [
          [
            [
              -77.2954047,
              1.2018107
            ],
            [
              -77.2952668,
              1.2019112
            ],
            [
              -77.2953071,
              1.2019634
            ],
            [
              -77.2954206,
              1.2021163
            ],
            [
              -77.2968719,
              1.2040544
            ],
            [
              -77.2974436,
              1.2037377
            ],
            [
              -77.2975375,
              1.2036849
            ],
            [
              -77.2974553,
              1.2036055
            ],
            [
              -77.297299,
              1.2033912
            ],
            [
              -77.2971481,
              1.2031639
            ],
            [
              -77.296804,
              1.2027081
            ],
            [
              -77.296352,
              1.2021114
            ],
            [
              -77.2961881,
              1.2018691
            ],
            [
              -77.295871,
              1.2014021
            ],
            [
              -77.2954047,
              1.2018107
            ]
          ]
        ]
      },
      "id": "relation/19838211"
    },
    {
      "type": "Feature",
      "properties": {
        "@id": "relation/19838600",
        "admin_level": "9",
        "boundary": "administrative",
        "name": "María Paz 1",
        "place": "neighbourhood",
        "type": "boundary"
      },
      "geometry": {
        "type": "Polygon",
        "coordinates": [
          [
            [
              -77.2669376,
              1.2160734
            ],
            [
              -77.2668002,
              1.2160733
            ],
            [
              -77.2664974,
              1.2161364
            ],
            [
              -77.266098,
              1.2161373
            ],
            [
              -77.2660204,
              1.2161375
            ],
            [
              -77.2657401,
              1.2161688
            ],
            [
              -77.2658594,
              1.2165731
            ],
            [
              -77.265937,
              1.2165477
            ],
            [
              -77.2660613,
              1.2164954
            ],
            [
              -77.2661454,
              1.2164618
            ],
            [
              -77.2664585,
              1.216487
            ],
            [
              -77.2668698,
              1.2165108
            ],
            [
              -77.2669539,
              1.2165679
            ],
            [
              -77.2671702,
              1.216485
            ],
            [
              -77.2670241,
              1.2164102
            ],
            [
              -77.2670699,
              1.2160734
            ],
            [
              -77.2669376,
              1.2160734
            ]
          ]
        ]
      },
      "id": "relation/19838600"
    },
    {
      "type": "Feature",
      "properties": {
        "@id": "relation/19838601",
        "admin_level": "9",
        "boundary": "administrative",
        "name": "San Diego Norte",
        "official_name": "San Diego",
        "place": "neighbourhood",
        "type": "boundary"
      },
      "geometry": {
        "type": "Polygon",
        "coordinates": [
          [
            [
              -77.2668254,
              1.2187121
            ],
            [
              -77.266852,
              1.2187383
            ],
            [
              -77.2677021,
              1.2184372
            ],
            [
              -77.2679279,
              1.2183562
            ],
            [
              -77.2674675,
              1.2172908
            ],
            [
              -77.2672746,
              1.2168723
            ],
            [
              -77.2671702,
              1.216485
            ],
            [
              -77.2669539,
              1.2165679
            ],
            [
              -77.2668698,
              1.2165108
            ],
            [
              -77.2664585,
              1.216487
            ],
            [
              -77.2661454,
              1.2164618
            ],
            [
              -77.2660613,
              1.2164954
            ],
            [
              -77.265937,
              1.2165477
            ],
            [
              -77.2659489,
              1.2165778
            ],
            [
              -77.2663218,
              1.2176701
            ],
            [
              -77.2663414,
              1.2176728
            ],
            [
              -77.26666,
              1.2185826
            ],
            [
              -77.2668254,
              1.2187121
            ]
          ]
        ]
      },
      "id": "relation/19838601"
    },
    {
      "type": "Feature",
      "properties": {
        "@id": "relation/19838787",
        "admin_level": "9",
        "boundary": "administrative",
        "name": "Condominio Alto Bello",
        "place": "neighbourhood",
        "type": "boundary"
      },
      "geometry": {
        "type": "Polygon",
        "coordinates": [
          [
            [
              -77.2941486,
              1.1976391
            ],
            [
              -77.2938911,
              1.1974554
            ],
            [
              -77.2937,
              1.197318
            ],
            [
              -77.2936738,
              1.1973669
            ],
            [
              -77.2937409,
              1.1974038
            ],
            [
              -77.2936403,
              1.1975996
            ],
            [
              -77.2935974,
              1.197682
            ],
            [
              -77.2937764,
              1.1979214
            ],
            [
              -77.2938502,
              1.1978684
            ],
            [
              -77.2937878,
              1.1977839
            ],
            [
              -77.2938234,
              1.1977565
            ],
            [
              -77.2938924,
              1.1978403
            ],
            [
              -77.2939193,
              1.1978148
            ],
            [
              -77.2939555,
              1.1977833
            ],
            [
              -77.2939756,
              1.1977679
            ],
            [
              -77.2938777,
              1.1976566
            ],
            [
              -77.2939474,
              1.1975942
            ],
            [
              -77.2940379,
              1.1977162
            ],
            [
              -77.2941144,
              1.1976646
            ],
            [
              -77.2941486,
              1.1976391
            ]
          ]
        ]
      },
      "id": "relation/19838787"
    },
    {
      "type": "Feature",
      "properties": {
        "@id": "relation/19851311",
        "admin_level": "9",
        "boundary": "administrative",
        "name": "Conjunto Residencial Villa Campestre",
        "place": "neighbourhood",
        "type": "boundary"
      },
      "geometry": {
        "type": "Polygon",
        "coordinates": [
          [
            [
              -77.2992012,
              1.23682
            ],
            [
              -77.2993252,
              1.2367302
            ],
            [
              -77.3002161,
              1.235858
            ],
            [
              -77.3003371,
              1.2359559
            ],
            [
              -77.3005839,
              1.2357226
            ],
            [
              -77.300486,
              1.2356053
            ],
            [
              -77.3002295,
              1.2354313
            ],
            [
              -77.3001252,
              1.2353324
            ],
            [
              -77.2999782,
              1.2354651
            ],
            [
              -77.299907,
              1.235532
            ],
            [
              -77.2996548,
              1.2357731
            ],
            [
              -77.2992232,
              1.2362053
            ],
            [
              -77.2988733,
              1.2365847
            ],
            [
              -77.2988612,
              1.2366223
            ],
            [
              -77.2987989,
              1.2366672
            ],
            [
              -77.2986409,
              1.2368891
            ],
            [
              -77.2986798,
              1.2369327
            ],
            [
              -77.2987509,
              1.2369695
            ],
            [
              -77.298823,
              1.2369825
            ],
            [
              -77.2988828,
              1.2369983
            ],
            [
              -77.2989947,
              1.2370279
            ],
            [
              -77.2992012,
              1.23682
            ]
          ]
        ]
      },
      "id": "relation/19851311"
    },
    {
      "type": "Feature",
      "properties": {
        "@id": "relation/19851377",
        "admin_level": "9",
        "boundary": "administrative",
        "name": "La Esperanza",
        "place": "neighbourhood",
        "type": "boundary"
      },
      "geometry": {
        "type": "Polygon",
        "coordinates": [
          [
            [
              -77.269764,
              1.2225868
            ],
            [
              -77.2694206,
              1.2234021
            ],
            [
              -77.2695658,
              1.2234934
            ],
            [
              -77.269712,
              1.2235613
            ],
            [
              -77.2700536,
              1.2236769
            ],
            [
              -77.2706437,
              1.223866
            ],
            [
              -77.2713277,
              1.224114
            ],
            [
              -77.2714028,
              1.2239142
            ],
            [
              -77.2715208,
              1.2238036
            ],
            [
              -77.2715218,
              1.2236276
            ],
            [
              -77.2715416,
              1.2233618
            ],
            [
              -77.2709914,
              1.2231423
            ],
            [
              -77.2705971,
              1.222985
            ],
            [
              -77.2703403,
              1.2228845
            ],
            [
              -77.269966,
              1.2227367
            ],
            [
              -77.269764,
              1.2225868
            ]
          ]
        ]
      },
      "id": "relation/19851377"
    },
    {
      "type": "Feature",
      "properties": {
        "@id": "relation/19859954",
        "admin_level": "9",
        "alt_name": "Conjunto Amankay",
        "boundary": "administrative",
        "name": "Torres de Amankay",
        "place": "neighbourhood",
        "type": "boundary"
      },
      "geometry": {
        "type": "Polygon",
        "coordinates": [
          [
            [
              -77.2652354,
              1.2192638
            ],
            [
              -77.2652456,
              1.2192593
            ],
            [
              -77.2652481,
              1.2192489
            ],
            [
              -77.2653641,
              1.2192038
            ],
            [
              -77.2653873,
              1.2191948
            ],
            [
              -77.2654164,
              1.2191869
            ],
            [
              -77.2657695,
              1.2190699
            ],
            [
              -77.2658255,
              1.2190535
            ],
            [
              -77.2657795,
              1.2189114
            ],
            [
              -77.2655227,
              1.2189928
            ],
            [
              -77.2652927,
              1.2190659
            ],
            [
              -77.265048,
              1.2191644
            ],
            [
              -77.2651076,
              1.2193066
            ],
            [
              -77.2652354,
              1.2192638
            ]
          ]
        ]
      },
      "id": "relation/19859954"
    },
    {
      "type": "Feature",
      "properties": {
        "@id": "relation/19859955",
        "admin_level": "9",
        "alt_name": "San Ezequiel Moreno",
        "boundary": "administrative",
        "name": "Ezequiel Moreno",
        "place": "neighbourhood",
        "type": "boundary"
      },
      "geometry": {
        "type": "Polygon",
        "coordinates": [
          [
            [
              -77.2658255,
              1.2190535
            ],
            [
              -77.2657695,
              1.2190699
            ],
            [
              -77.2654164,
              1.2191869
            ],
            [
              -77.2653873,
              1.2191948
            ],
            [
              -77.2653641,
              1.2192038
            ],
            [
              -77.2652481,
              1.2192489
            ],
            [
              -77.2652456,
              1.2192593
            ],
            [
              -77.2652354,
              1.2192638
            ],
            [
              -77.2653108,
              1.2194215
            ],
            [
              -77.2653385,
              1.2194706
            ],
            [
              -77.2657268,
              1.2203912
            ],
            [
              -77.2657658,
              1.220408
            ],
            [
              -77.265866,
              1.2206507
            ],
            [
              -77.2658694,
              1.2206836
            ],
            [
              -77.2659807,
              1.2206205
            ],
            [
              -77.2660628,
              1.2207892
            ],
            [
              -77.2660803,
              1.2207905
            ],
            [
              -77.2666841,
              1.2203571
            ],
            [
              -77.267134,
              1.2201707
            ],
            [
              -77.2670577,
              1.2199897
            ],
            [
              -77.2670859,
              1.2199615
            ],
            [
              -77.2672447,
              1.2199463
            ],
            [
              -77.266852,
              1.2187383
            ],
            [
              -77.2668254,
              1.2187121
            ],
            [
              -77.2666894,
              1.2187697
            ],
            [
              -77.2666815,
              1.2187722
            ],
            [
              -77.2660288,
              1.2189983
            ],
            [
              -77.2659981,
              1.2189965
            ],
            [
              -77.2658255,
              1.2190535
            ]
          ]
        ]
      },
      "id": "relation/19859955"
    },
    {
      "type": "Feature",
      "properties": {
        "@id": "relation/19859956",
        "admin_level": "9",
        "boundary": "administrative",
        "name": "Villa Colombia",
        "place": "neighbourhood",
        "type": "boundary"
      },
      "geometry": {
        "type": "Polygon",
        "coordinates": [
          [
            [
              -77.2651076,
              1.2193066
            ],
            [
              -77.2649501,
              1.2197728
            ],
            [
              -77.2650282,
              1.2200122
            ],
            [
              -77.2651043,
              1.220225
            ],
            [
              -77.2651526,
              1.220349
            ],
            [
              -77.2652927,
              1.2206172
            ],
            [
              -77.2655861,
              1.2211909
            ],
            [
              -77.265608,
              1.2210721
            ],
            [
              -77.2660628,
              1.2207892
            ],
            [
              -77.2659807,
              1.2206205
            ],
            [
              -77.2658694,
              1.2206836
            ],
            [
              -77.265866,
              1.2206507
            ],
            [
              -77.2657658,
              1.220408
            ],
            [
              -77.2657268,
              1.2203912
            ],
            [
              -77.2653385,
              1.2194706
            ],
            [
              -77.2653108,
              1.2194215
            ],
            [
              -77.2652354,
              1.2192638
            ],
            [
              -77.2651076,
              1.2193066
            ]
          ]
        ]
      },
      "id": "relation/19859956"
    },
    {
      "type": "Feature",
      "properties": {
        "@id": "relation/19871404",
        "admin_level": "9",
        "boundary": "administrative",
        "loc_name": "Santa Monica; Santamonica; Santamónica",
        "name": "Santa Mónica",
        "place": "neighbourhood",
        "type": "boundary"
      },
      "geometry": {
        "type": "Polygon",
        "coordinates": [
          [
            [
              -77.2543446,
              1.2051204
            ],
            [
              -77.2550279,
              1.2049902
            ],
            [
              -77.2552217,
              1.2049077
            ],
            [
              -77.2554845,
              1.2048735
            ],
            [
              -77.2556267,
              1.2048621
            ],
            [
              -77.255772,
              1.2048661
            ],
            [
              -77.2563442,
              1.2049217
            ],
            [
              -77.2564678,
              1.2049269
            ],
            [
              -77.2567425,
              1.2049587
            ],
            [
              -77.2567968,
              1.2041293
            ],
            [
              -77.2572246,
              1.2041669
            ],
            [
              -77.2575505,
              1.204183
            ],
            [
              -77.2583344,
              1.2041662
            ],
            [
              -77.2583699,
              1.2032417
            ],
            [
              -77.2584266,
              1.2025682
            ],
            [
              -77.2584298,
              1.2025353
            ],
            [
              -77.2580863,
              1.2025304
            ],
            [
              -77.2575559,
              1.2025121
            ],
            [
              -77.2572843,
              1.2024855
            ],
            [
              -77.2569765,
              1.2024463
            ],
            [
              -77.2562503,
              1.2024479
            ],
            [
              -77.2553974,
              1.2023729
            ],
            [
              -77.2547701,
              1.2023256
            ],
            [
              -77.2539956,
              1.2022734
            ],
            [
              -77.2540301,
              1.2026464
            ],
            [
              -77.2538303,
              1.2029293
            ],
            [
              -77.2540033,
              1.20305
            ],
            [
              -77.2542648,
              1.2030835
            ],
            [
              -77.2542125,
              1.2038719
            ],
            [
              -77.2542038,
              1.2039584
            ],
            [
              -77.2538605,
              1.2039396
            ],
            [
              -77.2537149,
              1.2043355
            ],
            [
              -77.2536958,
              1.204352
            ],
            [
              -77.253444,
              1.2051852
            ],
            [
              -77.2543446,
              1.2051204
            ]
          ]
        ]
      },
      "id": "relation/19871404"
    },
    {
      "type": "Feature",
      "properties": {
        "@id": "relation/19871405",
        "admin_level": "9",
        "alt_name": "Villaflor 2",
        "boundary": "administrative",
        "loc_name": "Villa Flor II; Villa Flor 2",
        "name": "Villaflor II",
        "place": "neighbourhood",
        "type": "boundary"
      },
      "geometry": {
        "type": "Polygon",
        "coordinates": [
          [
            [
              -77.2584298,
              1.2025353
            ],
            [
              -77.2585218,
              1.2013907
            ],
            [
              -77.2581889,
              1.2013652
            ],
            [
              -77.2582142,
              1.2010912
            ],
            [
              -77.25824,
              1.200796
            ],
            [
              -77.2582631,
              1.2004895
            ],
            [
              -77.2586012,
              1.2005002
            ],
            [
              -77.2586784,
              1.1995166
            ],
            [
              -77.2585,
              1.199395
            ],
            [
              -77.2579595,
              1.1991335
            ],
            [
              -77.2578013,
              1.1990745
            ],
            [
              -77.2574338,
              1.1988894
            ],
            [
              -77.2572863,
              1.1988036
            ],
            [
              -77.2569028,
              1.198514
            ],
            [
              -77.2568652,
              1.1985167
            ],
            [
              -77.2566818,
              1.198637
            ],
            [
              -77.2561973,
              1.1989216
            ],
            [
              -77.2555992,
              1.1992783
            ],
            [
              -77.2554517,
              1.1993668
            ],
            [
              -77.2552344,
              1.1994714
            ],
            [
              -77.2550628,
              1.1995733
            ],
            [
              -77.2549447,
              1.1996537
            ],
            [
              -77.2548589,
              1.1996966
            ],
            [
              -77.2546899,
              1.1996912
            ],
            [
              -77.25458,
              1.1997047
            ],
            [
              -77.2544083,
              1.1998092
            ],
            [
              -77.2542071,
              1.1999567
            ],
            [
              -77.2540784,
              1.2000667
            ],
            [
              -77.2539402,
              1.2001672
            ],
            [
              -77.2539614,
              1.200242
            ],
            [
              -77.2541803,
              1.2005621
            ],
            [
              -77.2541391,
              1.2006724
            ],
            [
              -77.2540061,
              1.200717
            ],
            [
              -77.2539834,
              1.2013771
            ],
            [
              -77.2539819,
              1.20148
            ],
            [
              -77.2539956,
              1.2022734
            ],
            [
              -77.2547701,
              1.2023256
            ],
            [
              -77.2553974,
              1.2023729
            ],
            [
              -77.2562503,
              1.2024479
            ],
            [
              -77.2569765,
              1.2024463
            ],
            [
              -77.2572843,
              1.2024855
            ],
            [
              -77.2575559,
              1.2025121
            ],
            [
              -77.2580863,
              1.2025304
            ],
            [
              -77.2584298,
              1.2025353
            ]
          ]
        ]
      },
      "id": "relation/19871405"
    },
    {
      "type": "Feature",
      "properties": {
        "@id": "relation/19874312",
        "admin_level": "9",
        "boundary": "administrative",
        "name": "Conjunto residencial Tequendama",
        "place": "neighbourhood",
        "type": "boundary"
      },
      "geometry": {
        "type": "Polygon",
        "coordinates": [
          [
            [
              -77.2856304,
              1.2199147
            ],
            [
              -77.2855325,
              1.2198408
            ],
            [
              -77.2854318,
              1.2199605
            ],
            [
              -77.2853896,
              1.2200308
            ],
            [
              -77.2852907,
              1.2201724
            ],
            [
              -77.285009,
              1.2206018
            ],
            [
              -77.2853796,
              1.2209024
            ],
            [
              -77.2854855,
              1.2207676
            ],
            [
              -77.2855759,
              1.2206957
            ],
            [
              -77.2856848,
              1.2205354
            ],
            [
              -77.2857762,
              1.2203611
            ],
            [
              -77.2857872,
              1.2202807
            ],
            [
              -77.2858866,
              1.2201299
            ],
            [
              -77.2856304,
              1.2199147
            ]
          ]
        ]
      },
      "id": "relation/19874312"
    },
    {
      "type": "Feature",
      "properties": {
        "@id": "relation/19895504",
        "admin_level": "9",
        "boundary": "administrative",
        "name": "Pinos del Norte",
        "place": "neighbourhood",
        "type": "boundary"
      },
      "geometry": {
        "type": "Polygon",
        "coordinates": [
          [
            [
              -77.2864429,
              1.2308032
            ],
            [
              -77.2863584,
              1.2309772
            ],
            [
              -77.2864768,
              1.2310439
            ],
            [
              -77.2862086,
              1.231597
            ],
            [
              -77.2861764,
              1.2316861
            ],
            [
              -77.2862247,
              1.2317425
            ],
            [
              -77.2868248,
              1.2320968
            ],
            [
              -77.2868976,
              1.2319634
            ],
            [
              -77.2872481,
              1.2312075
            ],
            [
              -77.2864429,
              1.2308032
            ]
          ]
        ]
      },
      "id": "relation/19895504"
    },
    {
      "type": "Feature",
      "properties": {
        "@id": "relation/19895505",
        "admin_level": "9",
        "alt_name": "Conjunto Valle de Atriz",
        "boundary": "administrative",
        "name": "Condominio Valle de Atriz",
        "place": "neighbourhood",
        "type": "boundary"
      },
      "geometry": {
        "type": "Polygon",
        "coordinates": [
          [
            [
              -77.2857003,
              1.2294919
            ],
            [
              -77.2857142,
              1.2294979
            ],
            [
              -77.2866833,
              1.2299129
            ],
            [
              -77.2869341,
              1.2292962
            ],
            [
              -77.2870588,
              1.2289355
            ],
            [
              -77.2861937,
              1.2286244
            ],
            [
              -77.2861603,
              1.2286124
            ],
            [
              -77.2858156,
              1.2285051
            ],
            [
              -77.2857285,
              1.2285829
            ],
            [
              -77.2856882,
              1.2290116
            ],
            [
              -77.285648,
              1.229445
            ],
            [
              -77.2857003,
              1.2294919
            ]
          ]
        ]
      },
      "id": "relation/19895505"
    },
    {
      "type": "Feature",
      "properties": {
        "@id": "relation/19895506",
        "admin_level": "9",
        "boundary": "administrative",
        "name": "Carlos Pizarro",
        "place": "neighbourhood",
        "type": "boundary"
      },
      "geometry": {
        "type": "Polygon",
        "coordinates": [
          [
            [
              -77.2638312,
              1.2156303
            ],
            [
              -77.2639918,
              1.2158882
            ],
            [
              -77.264185,
              1.2161523
            ],
            [
              -77.2640978,
              1.2162864
            ],
            [
              -77.264138,
              1.2166404
            ],
            [
              -77.2635459,
              1.2173351
            ],
            [
              -77.2637213,
              1.2174201
            ],
            [
              -77.2636588,
              1.2176619
            ],
            [
              -77.2639436,
              1.2177224
            ],
            [
              -77.2647536,
              1.2171056
            ],
            [
              -77.2650057,
              1.2168428
            ],
            [
              -77.2649923,
              1.2164406
            ],
            [
              -77.2649427,
              1.21597
            ],
            [
              -77.2648233,
              1.2151253
            ],
            [
              -77.2648294,
              1.2150562
            ],
            [
              -77.264773,
              1.2147606
            ],
            [
              -77.2645926,
              1.2147834
            ],
            [
              -77.2643177,
              1.2148424
            ],
            [
              -77.2640683,
              1.2149121
            ],
            [
              -77.2635694,
              1.2149067
            ],
            [
              -77.2633634,
              1.2149155
            ],
            [
              -77.2638312,
              1.2156303
            ]
          ]
        ]
      },
      "id": "relation/19895506"
    },
    {
      "type": "Feature",
      "properties": {
        "@id": "relation/19895507",
        "admin_level": "9",
        "alt_name": "Villa del Viento",
        "boundary": "administrative",
        "loc_name": "Villadelviento",
        "name": "Villas del Viento",
        "place": "neighbourhood",
        "type": "boundary"
      },
      "geometry": {
        "type": "Polygon",
        "coordinates": [
          [
            [
              -77.261848,
              1.2143007
            ],
            [
              -77.2617627,
              1.2147331
            ],
            [
              -77.2616539,
              1.2150861
            ],
            [
              -77.2614126,
              1.2152038
            ],
            [
              -77.2612721,
              1.2152661
            ],
            [
              -77.2615349,
              1.2152929
            ],
            [
              -77.261669,
              1.2153358
            ],
            [
              -77.2618246,
              1.215368
            ],
            [
              -77.2617978,
              1.2155449
            ],
            [
              -77.2618944,
              1.215561
            ],
            [
              -77.2619212,
              1.2154162
            ],
            [
              -77.2620124,
              1.2154323
            ],
            [
              -77.2620553,
              1.2153519
            ],
            [
              -77.2620177,
              1.215309
            ],
            [
              -77.2620499,
              1.21525
            ],
            [
              -77.2629243,
              1.2156576
            ],
            [
              -77.2629404,
              1.2157541
            ],
            [
              -77.2630853,
              1.2159257
            ],
            [
              -77.2632751,
              1.2159833
            ],
            [
              -77.2634605,
              1.2158715
            ],
            [
              -77.2638312,
              1.2156303
            ],
            [
              -77.2633634,
              1.2149155
            ],
            [
              -77.2630603,
              1.2148096
            ],
            [
              -77.262666,
              1.2147478
            ],
            [
              -77.2621717,
              1.214639
            ],
            [
              -77.261848,
              1.2143007
            ]
          ]
        ]
      },
      "id": "relation/19895507"
    },
    {
      "type": "Feature",
      "properties": {
        "@id": "relation/19895508",
        "admin_level": "9",
        "alt_name": "Conjunto Residencial La Alborada",
        "boundary": "administrative",
        "loc_name": "Lalborada",
        "name": "Condominio La Alborada",
        "place": "neighbourhood",
        "type": "boundary"
      },
      "geometry": {
        "type": "Polygon",
        "coordinates": [
          [
            [
              -77.261848,
              1.2143007
            ],
            [
              -77.261022,
              1.2142207
            ],
            [
              -77.2609234,
              1.2146493
            ],
            [
              -77.260977,
              1.2147029
            ],
            [
              -77.260918,
              1.214896
            ],
            [
              -77.2612721,
              1.2152661
            ],
            [
              -77.2614126,
              1.2152038
            ],
            [
              -77.2616539,
              1.2150861
            ],
            [
              -77.2617627,
              1.2147331
            ],
            [
              -77.261848,
              1.2143007
            ]
          ]
        ]
      },
      "id": "relation/19895508"
    },
    {
      "type": "Feature",
      "properties": {
        "@id": "relation/19895509",
        "admin_level": "9",
        "alt_name": "María Paz II",
        "boundary": "administrative",
        "loc_name": "Mariapaz 2; Maríapaz II",
        "name": "María Paz 2",
        "place": "neighbourhood",
        "type": "boundary"
      },
      "geometry": {
        "type": "Polygon",
        "coordinates": [
          [
            [
              -77.2669376,
              1.2160734
            ],
            [
              -77.2669248,
              1.2158044
            ],
            [
              -77.2669181,
              1.2155858
            ],
            [
              -77.2669466,
              1.2155384
            ],
            [
              -77.2669269,
              1.2155116
            ],
            [
              -77.2661168,
              1.2157353
            ],
            [
              -77.266098,
              1.2161373
            ],
            [
              -77.2664974,
              1.2161364
            ],
            [
              -77.2668002,
              1.2160733
            ],
            [
              -77.2669376,
              1.2160734
            ]
          ]
        ]
      },
      "id": "relation/19895509"
    },
    {
      "type": "Feature",
      "properties": {
        "@id": "relation/19895510",
        "admin_level": "9",
        "boundary": "administrative",
        "name": "Villa Ángela",
        "place": "neighbourhood",
        "type": "boundary"
      },
      "geometry": {
        "type": "Polygon",
        "coordinates": [
          [
            [
              -77.26791,
              1.2149559
            ],
            [
              -77.2679319,
              1.214706
            ],
            [
              -77.2679569,
              1.2144204
            ],
            [
              -77.2679772,
              1.2140899
            ],
            [
              -77.2673369,
              1.2140373
            ],
            [
              -77.267322,
              1.214007
            ],
            [
              -77.267269,
              1.213979
            ],
            [
              -77.267107,
              1.214003
            ],
            [
              -77.2670303,
              1.21402
            ],
            [
              -77.2669835,
              1.2140253
            ],
            [
              -77.2669269,
              1.2155116
            ],
            [
              -77.2669466,
              1.2155384
            ],
            [
              -77.2672658,
              1.2154903
            ],
            [
              -77.2673037,
              1.214929
            ],
            [
              -77.2678234,
              1.214959
            ],
            [
              -77.26791,
              1.2149559
            ]
          ]
        ]
      },
      "id": "relation/19895510"
    },
    {
      "type": "Feature",
      "properties": {
        "@id": "relation/19898647",
        "admin_level": "9",
        "boundary": "administrative",
        "loc_name": "Torres de Granada; Condonminio Granada",
        "name": "Conjunto Residencial Mirador de Granada",
        "place": "neighbourhood",
        "type": "boundary"
      },
      "geometry": {
        "type": "Polygon",
        "coordinates": [
          [
            [
              -77.2835121,
              1.1944172
            ],
            [
              -77.2832192,
              1.1932145
            ],
            [
              -77.2826882,
              1.1933653
            ],
            [
              -77.2824897,
              1.1934431
            ],
            [
              -77.2823086,
              1.1935892
            ],
            [
              -77.2820552,
              1.1938909
            ],
            [
              -77.281744,
              1.194082
            ],
            [
              -77.2815965,
              1.194151
            ],
            [
              -77.2814684,
              1.1942925
            ],
            [
              -77.2817534,
              1.1949609
            ],
            [
              -77.2826815,
              1.1946847
            ],
            [
              -77.2835121,
              1.1944172
            ]
          ]
        ]
      },
      "id": "relation/19898647"
    },
    {
      "type": "Feature",
      "properties": {
        "@id": "relation/19898907",
        "admin_level": "9",
        "boundary": "administrative",
        "loc_name": "Terrazasdelnorte",
        "name": "Urbanización Terrazas del Norte",
        "official_name": "Conjunto Residencial Terrazas del Norte",
        "place": "neighbourhood",
        "type": "boundary"
      },
      "geometry": {
        "type": "Polygon",
        "coordinates": [
          [
            [
              -77.2698737,
              1.2263275
            ],
            [
              -77.2699076,
              1.2263194
            ],
            [
              -77.2699534,
              1.2263083
            ],
            [
              -77.2707615,
              1.2256424
            ],
            [
              -77.2708167,
              1.2255781
            ],
            [
              -77.2708361,
              1.2255532
            ],
            [
              -77.2708803,
              1.2254806
            ],
            [
              -77.2702686,
              1.2248394
            ],
            [
              -77.2701935,
              1.2248739
            ],
            [
              -77.27011,
              1.2249512
            ],
            [
              -77.2700225,
              1.2248606
            ],
            [
              -77.2692827,
              1.2255661
            ],
            [
              -77.2693833,
              1.2256715
            ],
            [
              -77.2693186,
              1.2257332
            ],
            [
              -77.269347,
              1.2257635
            ],
            [
              -77.2694216,
              1.2258435
            ],
            [
              -77.269527,
              1.2259564
            ],
            [
              -77.2696478,
              1.2260858
            ],
            [
              -77.2697685,
              1.2262151
            ],
            [
              -77.2698737,
              1.2263275
            ]
          ]
        ]
      },
      "id": "relation/19898907"
    },
    {
      "type": "Feature",
      "properties": {
        "@id": "relation/19900076",
        "admin_level": "9",
        "alt_name": "Urbanización Bellavista",
        "boundary": "administrative",
        "loc_name": "Conjunto Bellavista; Bellavista Boyacá",
        "name": "Condominio Bellavista",
        "place": "neighbourhood",
        "type": "boundary"
      },
      "geometry": {
        "type": "Polygon",
        "coordinates": [
          [
            [
              -77.2825913,
              1.2077019
            ],
            [
              -77.2827418,
              1.2076342
            ],
            [
              -77.2827696,
              1.2076211
            ],
            [
              -77.2829842,
              1.2075249
            ],
            [
              -77.2832005,
              1.2074378
            ],
            [
              -77.2828833,
              1.2069598
            ],
            [
              -77.2827418,
              1.2070268
            ],
            [
              -77.2823608,
              1.2071657
            ],
            [
              -77.2824558,
              1.2073651
            ],
            [
              -77.2825424,
              1.2075528
            ],
            [
              -77.2825913,
              1.2077019
            ]
          ]
        ]
      },
      "id": "relation/19900076"
    },
    {
      "type": "Feature",
      "properties": {
        "@id": "relation/19901969",
        "admin_level": "9",
        "alt_name": "Urbanización Monterrey",
        "boundary": "administrative",
        "loc_name": "Monterey",
        "name": "Condominio Monterrey",
        "place": "neighbourhood",
        "type": "boundary"
      },
      "geometry": {
        "type": "Polygon",
        "coordinates": [
          [
            [
              -77.267629,
              1.2200804
            ],
            [
              -77.2676826,
              1.2199911
            ],
            [
              -77.2680691,
              1.2196783
            ],
            [
              -77.2679561,
              1.2194386
            ],
            [
              -77.2681171,
              1.2192107
            ],
            [
              -77.2684202,
              1.219031
            ],
            [
              -77.2681922,
              1.2188098
            ],
            [
              -77.2678301,
              1.2185953
            ],
            [
              -77.2677021,
              1.2184372
            ],
            [
              -77.266852,
              1.2187383
            ],
            [
              -77.2672447,
              1.2199463
            ],
            [
              -77.2672534,
              1.219975
            ],
            [
              -77.2674961,
              1.219932
            ],
            [
              -77.267629,
              1.2200804
            ]
          ]
        ]
      },
      "id": "relation/19901969"
    },
    {
      "type": "Feature",
      "properties": {
        "@id": "relation/19901970",
        "admin_level": "9",
        "alt_name": "Aranda III Etapa; Aranda tercera etapa",
        "boundary": "administrative",
        "name": "Aranda 3 Etapa",
        "place": "neighbourhood",
        "type": "boundary"
      },
      "geometry": {
        "type": "Polygon",
        "coordinates": [
          [
            [
              -77.2676396,
              1.2252363
            ],
            [
              -77.2674036,
              1.2250003
            ],
            [
              -77.2672829,
              1.2250164
            ],
            [
              -77.2669503,
              1.2247053
            ],
            [
              -77.2665453,
              1.2251504
            ],
            [
              -77.2664273,
              1.2251102
            ],
            [
              -77.2661966,
              1.2251638
            ],
            [
              -77.2660719,
              1.2257565
            ],
            [
              -77.2659928,
              1.2260555
            ],
            [
              -77.2660035,
              1.2263223
            ],
            [
              -77.2663173,
              1.226561
            ],
            [
              -77.2665507,
              1.2266696
            ],
            [
              -77.2667813,
              1.2265972
            ],
            [
              -77.2670335,
              1.226443
            ],
            [
              -77.2674293,
              1.2265925
            ],
            [
              -77.2676155,
              1.2262667
            ],
            [
              -77.2677523,
              1.2260179
            ],
            [
              -77.2679052,
              1.2257819
            ],
            [
              -77.2680635,
              1.2255554
            ],
            [
              -77.2680165,
              1.2254642
            ],
            [
              -77.2676396,
              1.2252363
            ]
          ]
        ]
      },
      "id": "relation/19901970"
    },
    {
      "type": "Feature",
      "properties": {
        "@id": "relation/19901971",
        "admin_level": "9",
        "alt_name": "Barrio Nuevo Horizonte",
        "boundary": "administrative",
        "loc_name": "Nuevorizonte; Barrio Nuevorizonte",
        "name": "Nuevo Horizonte",
        "place": "neighbourhood",
        "type": "boundary"
      },
      "geometry": {
        "type": "Polygon",
        "coordinates": [
          [
            [
              -77.267518,
              1.2323003
            ],
            [
              -77.2680416,
              1.2326962
            ],
            [
              -77.2685032,
              1.2321546
            ],
            [
              -77.2686069,
              1.2320216
            ],
            [
              -77.2685444,
              1.2319595
            ],
            [
              -77.2683161,
              1.2317699
            ],
            [
              -77.2680551,
              1.2315531
            ],
            [
              -77.2673741,
              1.2310272
            ],
            [
              -77.2672712,
              1.2311822
            ],
            [
              -77.2670901,
              1.2314118
            ],
            [
              -77.2668581,
              1.2316834
            ],
            [
              -77.2675417,
              1.232199
            ],
            [
              -77.267518,
              1.2323003
            ]
          ]
        ]
      },
      "id": "relation/19901971"
    },
    {
      "type": "Feature",
      "properties": {
        "@id": "relation/19901972",
        "admin_level": "9",
        "alt_name": "Villanueva; Villanueva de Aranda",
        "boundary": "administrative",
        "name": "Villa Nueva",
        "official_name": "Villa Nueva de Aranda",
        "place": "neighbourhood",
        "type": "boundary"
      },
      "geometry": {
        "type": "Polygon",
        "coordinates": [
          [
            [
              -77.2650596,
              1.2292023
            ],
            [
              -77.2648408,
              1.2289704
            ],
            [
              -77.2646114,
              1.228965
            ],
            [
              -77.2645819,
              1.2288356
            ],
            [
              -77.2643861,
              1.2287357
            ],
            [
              -77.2641957,
              1.2289154
            ],
            [
              -77.2641474,
              1.2294276
            ],
            [
              -77.2642493,
              1.2300765
            ],
            [
              -77.2645283,
              1.2312765
            ],
            [
              -77.264472,
              1.2327688
            ],
            [
              -77.2644264,
              1.233332
            ],
            [
              -77.2644532,
              1.2336216
            ],
            [
              -77.2645444,
              1.2336457
            ],
            [
              -77.265805,
              1.2336779
            ],
            [
              -77.2658385,
              1.232687
            ],
            [
              -77.2658063,
              1.2317029
            ],
            [
              -77.2658479,
              1.2307751
            ],
            [
              -77.2653797,
              1.2307808
            ],
            [
              -77.2653316,
              1.2307794
            ],
            [
              -77.2649124,
              1.2307752
            ],
            [
              -77.2649086,
              1.2307248
            ],
            [
              -77.2648959,
              1.2302238
            ],
            [
              -77.264885,
              1.2300792
            ],
            [
              -77.2649122,
              1.2298442
            ],
            [
              -77.2650245,
              1.2297869
            ],
            [
              -77.2652438,
              1.2296981
            ],
            [
              -77.2650596,
              1.2292023
            ]
          ]
        ]
      },
      "id": "relation/19901972"
    },
    {
      "type": "Feature",
      "properties": {
        "@id": "relation/19901973",
        "admin_level": "9",
        "alt_name": "Urbanización Rincón de Aranda; Condominio Rincón de Aranda",
        "boundary": "administrative",
        "name": "Conjunto Residencial Rincón de Aranda",
        "place": "neighbourhood",
        "type": "boundary"
      },
      "geometry": {
        "type": "Polygon",
        "coordinates": [
          [
            [
              -77.2653798,
              1.2307471
            ],
            [
              -77.2653797,
              1.2304929
            ],
            [
              -77.2653742,
              1.2304412
            ],
            [
              -77.2653741,
              1.2302234
            ],
            [
              -77.2648959,
              1.2302238
            ],
            [
              -77.2649086,
              1.2307248
            ],
            [
              -77.2649124,
              1.2307752
            ],
            [
              -77.2653316,
              1.2307794
            ],
            [
              -77.2653797,
              1.2307808
            ],
            [
              -77.2653798,
              1.2307471
            ]
          ]
        ]
      },
      "id": "relation/19901973"
    },
    {
      "type": "Feature",
      "properties": {
        "@id": "relation/19901974",
        "admin_level": "9",
        "boundary": "administrative",
        "name": "Prados del Norte",
        "place": "neighbourhood",
        "type": "boundary"
      },
      "geometry": {
        "type": "Polygon",
        "coordinates": [
          [
            [
              -77.2658479,
              1.2307751
            ],
            [
              -77.2658359,
              1.2301617
            ],
            [
              -77.2658335,
              1.2298325
            ],
            [
              -77.2658211,
              1.229626
            ],
            [
              -77.2657835,
              1.2294839
            ],
            [
              -77.2656222,
              1.2295525
            ],
            [
              -77.2652438,
              1.2296981
            ],
            [
              -77.2650245,
              1.2297869
            ],
            [
              -77.2649122,
              1.2298442
            ],
            [
              -77.264885,
              1.2300792
            ],
            [
              -77.2648959,
              1.2302238
            ],
            [
              -77.2653741,
              1.2302234
            ],
            [
              -77.2653742,
              1.2304412
            ],
            [
              -77.2653797,
              1.2304929
            ],
            [
              -77.2653798,
              1.2307471
            ],
            [
              -77.2653797,
              1.2307808
            ],
            [
              -77.2658479,
              1.2307751
            ]
          ]
        ]
      },
      "id": "relation/19901974"
    },
    {
      "type": "Feature",
      "properties": {
        "@id": "relation/19902340",
        "admin_level": "9",
        "boundary": "administrative",
        "name": "Urbanización Tequendama",
        "place": "neighbourhood",
        "type": "boundary"
      },
      "geometry": {
        "type": "Polygon",
        "coordinates": [
          [
            [
              -77.2845108,
              1.2207179
            ],
            [
              -77.2845979,
              1.220673
            ],
            [
              -77.2846808,
              1.2206154
            ],
            [
              -77.2848493,
              1.2204651
            ],
            [
              -77.2847805,
              1.2204061
            ],
            [
              -77.2846751,
              1.2203064
            ],
            [
              -77.2845557,
              1.2201603
            ],
            [
              -77.284338,
              1.2199538
            ],
            [
              -77.2840247,
              1.2202628
            ],
            [
              -77.2839109,
              1.2203752
            ],
            [
              -77.2838041,
              1.2204876
            ],
            [
              -77.2840668,
              1.2207853
            ],
            [
              -77.28422,
              1.2209791
            ],
            [
              -77.2844251,
              1.2208078
            ],
            [
              -77.2845108,
              1.2207179
            ]
          ]
        ]
      },
      "id": "relation/19902340"
    },
    {
      "type": "Feature",
      "properties": {
        "@id": "relation/19902341",
        "admin_level": "9",
        "alt_name": "Urbanización Prados del Oeste; Condominio Prados del Oeste",
        "boundary": "administrative",
        "name": "Conjunto Residencial Prados del Oeste",
        "place": "neighbourhood",
        "type": "boundary"
      },
      "geometry": {
        "type": "Polygon",
        "coordinates": [
          [
            [
              -77.2890838,
              1.2200989
            ],
            [
              -77.2887334,
              1.2197632
            ],
            [
              -77.288089,
              1.2205388
            ],
            [
              -77.2883747,
              1.2207453
            ],
            [
              -77.2890838,
              1.2200989
            ]
          ]
        ]
      },
      "id": "relation/19902341"
    },
    {
      "type": "Feature",
      "properties": {
        "@id": "relation/19902342",
        "admin_level": "9",
        "alt_name": "Urbanización El Portal De La Colina; Condominio El Portal de La Colina",
        "boundary": "administrative",
        "name": "Conjunto Residencial El Portal de La Colina",
        "place": "neighbourhood",
        "type": "boundary"
      },
      "geometry": {
        "type": "Polygon",
        "coordinates": [
          [
            [
              -77.2900517,
              1.226454
            ],
            [
              -77.2903571,
              1.2259352
            ],
            [
              -77.2904639,
              1.2258543
            ],
            [
              -77.2906608,
              1.2259628
            ],
            [
              -77.2907344,
              1.2258579
            ],
            [
              -77.2912275,
              1.2261596
            ],
            [
              -77.2915146,
              1.2258414
            ],
            [
              -77.290922,
              1.2249859
            ],
            [
              -77.2907597,
              1.2251193
            ],
            [
              -77.2904882,
              1.2253442
            ],
            [
              -77.2902374,
              1.2255923
            ],
            [
              -77.2900668,
              1.2257061
            ],
            [
              -77.2898832,
              1.2258637
            ],
            [
              -77.2896868,
              1.2260873
            ],
            [
              -77.2900517,
              1.226454
            ]
          ]
        ]
      },
      "id": "relation/19902342"
    },
    {
      "type": "Feature",
      "properties": {
        "@id": "relation/19902343",
        "admin_level": "9",
        "alt_name": "Urbanización Francisco de la Villota; Conjunto Francisco de la Villota",
        "boundary": "administrative",
        "name": "Condominio Francisco de la Villota",
        "place": "neighbourhood",
        "type": "boundary"
      },
      "geometry": {
        "type": "Polygon",
        "coordinates": [
          [
            [
              -77.2957761,
              1.2085388
            ],
            [
              -77.2952079,
              1.2076977
            ],
            [
              -77.2944022,
              1.2082214
            ],
            [
              -77.2948414,
              1.2085017
            ],
            [
              -77.2949794,
              1.2085863
            ],
            [
              -77.2952909,
              1.2087865
            ],
            [
              -77.2957761,
              1.2085388
            ]
          ]
        ]
      },
      "id": "relation/19902343"
    },
    {
      "type": "Feature",
      "properties": {
        "@id": "relation/19902463",
        "admin_level": "9",
        "alt_name": "Urbanización Pinasaco",
        "boundary": "administrative",
        "loc_name": "Terraza de Pina Saco; Terrazas de Pinazaco; Pina Zaco",
        "name": "Terrazas de Pinasaco",
        "place": "neighbourhood",
        "type": "boundary"
      },
      "geometry": {
        "type": "Polygon",
        "coordinates": [
          [
            [
              -77.298216,
              1.2461001
            ],
            [
              -77.2982141,
              1.2462197
            ],
            [
              -77.2986835,
              1.2474666
            ],
            [
              -77.2979808,
              1.247842
            ],
            [
              -77.2982329,
              1.2481477
            ],
            [
              -77.2989678,
              1.2480404
            ],
            [
              -77.2990828,
              1.2479597
            ],
            [
              -77.2992314,
              1.2479213
            ],
            [
              -77.2994305,
              1.2478635
            ],
            [
              -77.2997323,
              1.2477562
            ],
            [
              -77.2999924,
              1.2476127
            ],
            [
              -77.3002888,
              1.2475899
            ],
            [
              -77.3003921,
              1.2476087
            ],
            [
              -77.3005517,
              1.2476275
            ],
            [
              -77.3005906,
              1.2473714
            ],
            [
              -77.3008829,
              1.2474049
            ],
            [
              -77.3009487,
              1.2473111
            ],
            [
              -77.3008467,
              1.2468485
            ],
            [
              -77.3007998,
              1.2467506
            ],
            [
              -77.3008776,
              1.2466165
            ],
            [
              -77.3009232,
              1.2464583
            ],
            [
              -77.3008668,
              1.2462921
            ],
            [
              -77.3009607,
              1.2461338
            ],
            [
              -77.301017,
              1.2458281
            ],
            [
              -77.3010519,
              1.2456672
            ],
            [
              -77.3009983,
              1.2454876
            ],
            [
              -77.3008615,
              1.245383
            ],
            [
              -77.3005101,
              1.2454179
            ],
            [
              -77.3003358,
              1.2454688
            ],
            [
              -77.3002741,
              1.2454661
            ],
            [
              -77.299912,
              1.2455332
            ],
            [
              -77.2995257,
              1.2456699
            ],
            [
              -77.2990108,
              1.2458201
            ],
            [
              -77.2983804,
              1.2460346
            ],
            [
              -77.298216,
              1.2461001
            ]
          ]
        ]
      },
      "id": "relation/19902463"
    },
    {
      "type": "Feature",
      "properties": {
        "@id": "relation/19902464",
        "admin_level": "9",
        "alt_name": "Urbanización Morasurco",
        "boundary": "administrative",
        "loc_name": "Mora Surco Condominio",
        "name": "Condominio Morasurco",
        "place": "neighbourhood",
        "type": "boundary"
      },
      "geometry": {
        "type": "Polygon",
        "coordinates": [
          [
            [
              -77.2865029,
              1.2361718
            ],
            [
              -77.2864553,
              1.2361141
            ],
            [
              -77.2864231,
              1.2358708
            ],
            [
              -77.2861449,
              1.2359606
            ],
            [
              -77.2857285,
              1.2361664
            ],
            [
              -77.2855555,
              1.2360839
            ],
            [
              -77.2856346,
              1.2359298
            ],
            [
              -77.2855568,
              1.2358634
            ],
            [
              -77.2854012,
              1.2357347
            ],
            [
              -77.2853221,
              1.2356663
            ],
            [
              -77.2852376,
              1.2356375
            ],
            [
              -77.285131,
              1.2356039
            ],
            [
              -77.2850876,
              1.2355783
            ],
            [
              -77.2850532,
              1.2355946
            ],
            [
              -77.2850304,
              1.2357219
            ],
            [
              -77.2849976,
              1.2358748
            ],
            [
              -77.2849332,
              1.2360203
            ],
            [
              -77.2849385,
              1.2361785
            ],
            [
              -77.2849863,
              1.2363013
            ],
            [
              -77.2852611,
              1.2365101
            ],
            [
              -77.2853768,
              1.2365546
            ],
            [
              -77.2857593,
              1.2367513
            ],
            [
              -77.2858901,
              1.2368221
            ],
            [
              -77.2859839,
              1.2368992
            ],
            [
              -77.2860637,
              1.2370064
            ],
            [
              -77.2861482,
              1.237109
            ],
            [
              -77.2862314,
              1.2372967
            ],
            [
              -77.2863226,
              1.2375032
            ],
            [
              -77.2863782,
              1.2374797
            ],
            [
              -77.286429,
              1.2374641
            ],
            [
              -77.2865278,
              1.2373302
            ],
            [
              -77.2865492,
              1.2372337
            ],
            [
              -77.2864902,
              1.2371425
            ],
            [
              -77.2866136,
              1.2370567
            ],
            [
              -77.2864795,
              1.2366491
            ],
            [
              -77.2865063,
              1.2365847
            ],
            [
              -77.2864527,
              1.2362522
            ],
            [
              -77.2865029,
              1.2361718
            ]
          ]
        ]
      },
      "id": "relation/19902464"
    },
    {
      "type": "Feature",
      "properties": {
        "@id": "relation/19903393",
        "admin_level": "9",
        "alt_name": "Condominio Santa María; Urbanización Santa María",
        "boundary": "administrative",
        "loc_name": "Santamaria; Santa Maria",
        "name": "Conjunto Residencial Santa María",
        "place": "neighbourhood",
        "type": "boundary"
      },
      "geometry": {
        "type": "Polygon",
        "coordinates": [
          [
            [
              -77.2950478,
              1.213515
            ],
            [
              -77.2951215,
              1.2135299
            ],
            [
              -77.2951262,
              1.2133909
            ],
            [
              -77.2951698,
              1.2132991
            ],
            [
              -77.2952865,
              1.2133648
            ],
            [
              -77.2953837,
              1.2133621
            ],
            [
              -77.2959396,
              1.2130745
            ],
            [
              -77.2960643,
              1.2130269
            ],
            [
              -77.2961334,
              1.2130028
            ],
            [
              -77.2962868,
              1.2132989
            ],
            [
              -77.2974291,
              1.2127018
            ],
            [
              -77.2974142,
              1.2126253
            ],
            [
              -77.2973518,
              1.2125241
            ],
            [
              -77.2972103,
              1.2122378
            ],
            [
              -77.2969052,
              1.2117371
            ],
            [
              -77.2965847,
              1.2112289
            ],
            [
              -77.2964694,
              1.2111712
            ],
            [
              -77.2963051,
              1.211249
            ],
            [
              -77.2962608,
              1.2113576
            ],
            [
              -77.2961146,
              1.2114461
            ],
            [
              -77.2958162,
              1.2115728
            ],
            [
              -77.2961126,
              1.212264
            ],
            [
              -77.2957452,
              1.2124571
            ],
            [
              -77.2953831,
              1.2127588
            ],
            [
              -77.295257,
              1.2128888
            ],
            [
              -77.2951698,
              1.2130242
            ],
            [
              -77.2950666,
              1.2134392
            ],
            [
              -77.2950478,
              1.213515
            ]
          ]
        ]
      },
      "id": "relation/19903393"
    },
    {
      "type": "Feature",
      "properties": {
        "@id": "relation/19903394",
        "admin_level": "9",
        "alt_name": "Conjunto Los Andes; Condominio Los Andes",
        "boundary": "administrative",
        "name": "Urbanización Los Andes",
        "place": "neighbourhood",
        "type": "boundary"
      },
      "geometry": {
        "type": "Polygon",
        "coordinates": [
          [
            [
              -77.2951698,
              1.2130242
            ],
            [
              -77.2949338,
              1.2125094
            ],
            [
              -77.2945077,
              1.2121018
            ],
            [
              -77.2944614,
              1.2120843
            ],
            [
              -77.294328,
              1.2121343
            ],
            [
              -77.2942916,
              1.2121405
            ],
            [
              -77.2934775,
              1.2124016
            ],
            [
              -77.2934096,
              1.2124168
            ],
            [
              -77.2932557,
              1.2124745
            ],
            [
              -77.2932531,
              1.2124789
            ],
            [
              -77.2936651,
              1.213407
            ],
            [
              -77.2937174,
              1.2133896
            ],
            [
              -77.293826,
              1.21359
            ],
            [
              -77.293844,
              1.2136392
            ],
            [
              -77.2942686,
              1.2134694
            ],
            [
              -77.2947366,
              1.2134788
            ],
            [
              -77.2950478,
              1.213515
            ],
            [
              -77.2950666,
              1.2134392
            ],
            [
              -77.2951698,
              1.2130242
            ]
          ]
        ]
      },
      "id": "relation/19903394"
    },
    {
      "type": "Feature",
      "properties": {
        "@id": "relation/19903478",
        "admin_level": "9",
        "alt_name": "Barrio La Esmeralda",
        "boundary": "administrative",
        "name": "La Esmeralda",
        "type": "boundary"
      },
      "geometry": {
        "type": "Polygon",
        "coordinates": [
          [
            [
              -77.2645475,
              1.2024505
            ],
            [
              -77.2645019,
              1.2031603
            ],
            [
              -77.2644534,
              1.2037212
            ],
            [
              -77.2641889,
              1.2037562
            ],
            [
              -77.2636087,
              1.2037113
            ],
            [
              -77.2635965,
              1.2038182
            ],
            [
              -77.263531,
              1.2046791
            ],
            [
              -77.2636414,
              1.2047183
            ],
            [
              -77.2646188,
              1.2048594
            ],
            [
              -77.2648868,
              1.204905
            ],
            [
              -77.2650237,
              1.2047967
            ],
            [
              -77.2656373,
              1.2048026
            ],
            [
              -77.2658777,
              1.2046941
            ],
            [
              -77.2661728,
              1.2047012
            ],
            [
              -77.2666426,
              1.2047283
            ],
            [
              -77.2668123,
              1.204605
            ],
            [
              -77.266905,
              1.2044938
            ],
            [
              -77.2669406,
              1.2043769
            ],
            [
              -77.2669221,
              1.2042679
            ],
            [
              -77.2668073,
              1.203873
            ],
            [
              -77.2669627,
              1.2037476
            ],
            [
              -77.2667888,
              1.2036649
            ],
            [
              -77.2666291,
              1.2034625
            ],
            [
              -77.2665378,
              1.2032487
            ],
            [
              -77.266247,
              1.2030634
            ],
            [
              -77.2661557,
              1.2029722
            ],
            [
              -77.2659561,
              1.2028895
            ],
            [
              -77.265594,
              1.2027783
            ],
            [
              -77.2649296,
              1.2025331
            ],
            [
              -77.2646986,
              1.2023992
            ],
            [
              -77.2645475,
              1.2024505
            ]
          ]
        ]
      },
      "id": "relation/19903478"
    },
    {
      "type": "Feature",
      "properties": {
        "@id": "relation/19905113",
        "admin_level": "9",
        "alt_name": "Conjunto Cerrado Pinar del Río; Urbanización Pinar del Río; Conjunto Residencial Pinar del Río",
        "boundary": "administrative",
        "name": "Condominio Pinar del Río",
        "place": "neighbourhood",
        "type": "boundary"
      },
      "geometry": {
        "type": "Polygon",
        "coordinates": [
          [
            [
              -77.2487228,
              1.2029092
            ],
            [
              -77.2489508,
              1.2028482
            ],
            [
              -77.2489391,
              1.2026568
            ],
            [
              -77.2489005,
              1.2024236
            ],
            [
              -77.2488115,
              1.2019872
            ],
            [
              -77.2487326,
              1.2016532
            ],
            [
              -77.2484861,
              1.2017036
            ],
            [
              -77.2484753,
              1.2018258
            ],
            [
              -77.2484538,
              1.2018821
            ],
            [
              -77.2481453,
              1.202279
            ],
            [
              -77.2481078,
              1.2023621
            ],
            [
              -77.248081,
              1.2024399
            ],
            [
              -77.248081,
              1.2025123
            ],
            [
              -77.2481051,
              1.202574
            ],
            [
              -77.2481453,
              1.2026544
            ],
            [
              -77.2481963,
              1.2027242
            ],
            [
              -77.2483009,
              1.2027885
            ],
            [
              -77.2484162,
              1.2028341
            ],
            [
              -77.2487228,
              1.2029092
            ]
          ]
        ]
      },
      "id": "relation/19905113"
    },
    {
      "type": "Feature",
      "properties": {
        "@id": "relation/19908449",
        "admin_level": "9",
        "alt_name": "Alto del Lorenzo",
        "boundary": "administrative",
        "loc_name": "Lorenzo Alto",
        "name": "Altos de Lorenzo",
        "place": "neighbourhood",
        "type": "boundary"
      },
      "geometry": {
        "type": "Polygon",
        "coordinates": [
          [
            [
              -77.2629235,
              1.1946037
            ],
            [
              -77.2624884,
              1.1944844
            ],
            [
              -77.2621538,
              1.1944158
            ],
            [
              -77.2619621,
              1.1943588
            ],
            [
              -77.2618793,
              1.1943444
            ],
            [
              -77.2618756,
              1.1944068
            ],
            [
              -77.2618457,
              1.1944969
            ],
            [
              -77.2618032,
              1.1946659
            ],
            [
              -77.2615591,
              1.1951834
            ],
            [
              -77.2615296,
              1.1952478
            ],
            [
              -77.2614706,
              1.1952692
            ],
            [
              -77.2613499,
              1.1953256
            ],
            [
              -77.2614521,
              1.1953805
            ],
            [
              -77.2610223,
              1.1962343
            ],
            [
              -77.2610873,
              1.196298
            ],
            [
              -77.2612171,
              1.1963707
            ],
            [
              -77.2618001,
              1.1959083
            ],
            [
              -77.2617321,
              1.1958498
            ],
            [
              -77.2617562,
              1.1957868
            ],
            [
              -77.2619037,
              1.1955267
            ],
            [
              -77.2620794,
              1.1955917
            ],
            [
              -77.2623255,
              1.1953752
            ],
            [
              -77.2622625,
              1.1953054
            ],
            [
              -77.2623114,
              1.1953115
            ],
            [
              -77.2623356,
              1.1952666
            ],
            [
              -77.262418,
              1.1951405
            ],
            [
              -77.2624335,
              1.1951479
            ],
            [
              -77.2624697,
              1.1950963
            ],
            [
              -77.2624603,
              1.1950574
            ],
            [
              -77.2625113,
              1.1949448
            ],
            [
              -77.2625689,
              1.1947691
            ],
            [
              -77.2627007,
              1.1948154
            ],
            [
              -77.2627459,
              1.1947051
            ],
            [
              -77.2628153,
              1.1947195
            ],
            [
              -77.2628425,
              1.1946997
            ],
            [
              -77.2628516,
              1.1946714
            ],
            [
              -77.2628707,
              1.1946221
            ],
            [
              -77.2629235,
              1.1946037
            ]
          ]
        ]
      },
      "id": "relation/19908449"
    },
    {
      "type": "Feature",
      "properties": {
        "@id": "relation/19965834",
        "admin_level": "9",
        "alt_name": "Villa del Rosario",
        "boundary": "administrative",
        "loc_name": "Villadelrosario; Villa del Rozario; Villa delRozario",
        "name": "Villas del Rosario",
        "place": "neighbourhood",
        "type": "boundary"
      },
      "geometry": {
        "type": "Polygon",
        "coordinates": [
          [
            [
              -77.2727037,
              1.2298727
            ],
            [
              -77.272656,
              1.2299658
            ],
            [
              -77.2725453,
              1.2304578
            ],
            [
              -77.272817,
              1.230456
            ],
            [
              -77.2730758,
              1.2305163
            ],
            [
              -77.2732555,
              1.2305833
            ],
            [
              -77.2732884,
              1.2307335
            ],
            [
              -77.2735056,
              1.2305673
            ],
            [
              -77.2737363,
              1.2303447
            ],
            [
              -77.2738704,
              1.2304064
            ],
            [
              -77.2740984,
              1.2305834
            ],
            [
              -77.2743372,
              1.2299183
            ],
            [
              -77.2745141,
              1.2294973
            ],
            [
              -77.2743559,
              1.2293739
            ],
            [
              -77.2741761,
              1.2294115
            ],
            [
              -77.2740515,
              1.2294235
            ],
            [
              -77.2733769,
              1.2297158
            ],
            [
              -77.2727037,
              1.2298727
            ]
          ]
        ]
      },
      "id": "relation/19965834"
    },
    {
      "type": "Feature",
      "properties": {
        "@id": "relation/20141970",
        "admin_level": "9",
        "boundary": "administrative",
        "name": "Condominio Mirador de San Juan",
        "place": "neighbourhood",
        "type": "boundary"
      },
      "geometry": {
        "type": "Polygon",
        "coordinates": [
          [
            [
              -77.2936772,
              1.2200611
            ],
            [
              -77.2934747,
              1.2198684
            ],
            [
              -77.2933654,
              1.219983
            ],
            [
              -77.2935196,
              1.2201305
            ],
            [
              -77.2934854,
              1.2201694
            ],
            [
              -77.2935136,
              1.2201955
            ],
            [
              -77.2933795,
              1.2203812
            ],
            [
              -77.2932628,
              1.2204415
            ],
            [
              -77.2932829,
              1.2205703
            ],
            [
              -77.2933674,
              1.2207526
            ],
            [
              -77.2936061,
              1.2206775
            ],
            [
              -77.2939286,
              1.2203088
            ],
            [
              -77.2938053,
              1.2201855
            ],
            [
              -77.2936772,
              1.2200611
            ]
          ]
        ]
      },
      "id": "relation/20141970"
    },
    {
      "type": "Feature",
      "properties": {
        "@id": "relation/20627117",
        "admin_level": "9",
        "boundary": "administrative",
        "name": "Conjunto residencial Reserva del Moral",
        "place": "neighbourhood",
        "type": "boundary"
      },
      "geometry": {
        "type": "Polygon",
        "coordinates": [
          [
            [
              -77.2983788,
              1.2148664
            ],
            [
              -77.298366,
              1.2148695
            ],
            [
              -77.298254,
              1.2149087
            ],
            [
              -77.2980475,
              1.2149677
            ],
            [
              -77.298083,
              1.2150958
            ],
            [
              -77.2981105,
              1.2152141
            ],
            [
              -77.2981283,
              1.2152976
            ],
            [
              -77.2981571,
              1.2153842
            ],
            [
              -77.2981972,
              1.2153814
            ],
            [
              -77.2982514,
              1.2155563
            ],
            [
              -77.2984498,
              1.215499
            ],
            [
              -77.2985702,
              1.2154605
            ],
            [
              -77.2985835,
              1.2154542
            ],
            [
              -77.298485,
              1.2151749
            ],
            [
              -77.2983788,
              1.2148664
            ]
          ]
        ]
      },
      "id": "relation/20627117"
    },
    {
      "type": "Feature",
      "properties": {
        "@id": "way/894432146",
        "name": "El Remanso",
        "place": "neighbourhood"
      },
      "geometry": {
        "type": "Polygon",
        "coordinates": [
          [
            [
              -77.2790234,
              1.1928859
            ],
            [
              -77.2791976,
              1.192624
            ],
            [
              -77.2791422,
              1.1920572
            ],
            [
              -77.2789943,
              1.1919586
            ],
            [
              -77.2788156,
              1.1918107
            ],
            [
              -77.2785383,
              1.191361
            ],
            [
              -77.277959,
              1.1914719
            ],
            [
              -77.2779299,
              1.1916306
            ],
            [
              -77.2778329,
              1.1917926
            ],
            [
              -77.2776789,
              1.1919167
            ],
            [
              -77.2778974,
              1.1922851
            ],
            [
              -77.2781501,
              1.1926671
            ],
            [
              -77.2785321,
              1.192778
            ],
            [
              -77.2790234,
              1.1928859
            ]
          ]
        ]
      },
      "id": "way/894432146"
    },
    {
      "type": "Feature",
      "properties": {
        "@id": "way/894432147",
        "name": "Chapal",
        "place": "neighbourhood"
      },
      "geometry": {
        "type": "Polygon",
        "coordinates": [
          [
            [
              -77.2780948,
              1.1927919
            ],
            [
              -77.2779023,
              1.1937282
            ],
            [
              -77.277794,
              1.1942551
            ],
            [
              -77.2777371,
              1.194434
            ],
            [
              -77.2778102,
              1.1946372
            ],
            [
              -77.2779078,
              1.1947673
            ],
            [
              -77.2776232,
              1.1949461
            ],
            [
              -77.2775338,
              1.1951249
            ],
            [
              -77.2776232,
              1.1953282
            ],
            [
              -77.2775663,
              1.1955964
            ],
            [
              -77.2773468,
              1.1964012
            ],
            [
              -77.2768752,
              1.1963281
            ],
            [
              -77.2765987,
              1.1979539
            ],
            [
              -77.2767288,
              1.1980433
            ],
            [
              -77.2779322,
              1.1968565
            ],
            [
              -77.2785908,
              1.196889
            ],
            [
              -77.2795665,
              1.1969215
            ],
            [
              -77.2810301,
              1.1966776
            ],
            [
              -77.2810686,
              1.1961994
            ],
            [
              -77.2800755,
              1.1961158
            ],
            [
              -77.2800279,
              1.1961117
            ],
            [
              -77.2800523,
              1.1959439
            ],
            [
              -77.2808764,
              1.1954337
            ],
            [
              -77.2812496,
              1.1935743
            ],
            [
              -77.2814491,
              1.1935142
            ],
            [
              -77.2815101,
              1.1930871
            ],
            [
              -77.2816251,
              1.1926647
            ],
            [
              -77.2810642,
              1.1927069
            ],
            [
              -77.2804633,
              1.1927398
            ],
            [
              -77.2805009,
              1.1925098
            ],
            [
              -77.2804164,
              1.1923925
            ],
            [
              -77.2802802,
              1.1924253
            ],
            [
              -77.2800831,
              1.1922517
            ],
            [
              -77.2796794,
              1.1923409
            ],
            [
              -77.2796559,
              1.1913412
            ],
            [
              -77.2792005,
              1.1914163
            ],
            [
              -77.2793179,
              1.1916885
            ],
            [
              -77.2793672,
              1.1920757
            ],
            [
              -77.2794188,
              1.1924488
            ],
            [
              -77.2794059,
              1.1926623
            ],
            [
              -77.2794986,
              1.1928947
            ],
            [
              -77.2795021,
              1.1929381
            ],
            [
              -77.2794823,
              1.193001
            ],
            [
              -77.2793783,
              1.1930894
            ],
            [
              -77.2793062,
              1.1931195
            ],
            [
              -77.2792439,
              1.1931229
            ],
            [
              -77.2791574,
              1.1930766
            ],
            [
              -77.2780948,
              1.1927919
            ]
          ]
        ]
      },
      "id": "way/894432147"
    },
    {
      "type": "Feature",
      "properties": {
        "@id": "way/1313636429",
        "landuse": "residential",
        "name": "Condominio La Estancia",
        "place": "neighbourhood",
        "@relations": [
          {
            "role": "perimeter",
            "rel": 18013486,
            "reltags": {
              "landuse": "residential",
              "name": "Condominio La Estancia",
              "place": "neighbourhood",
              "type": "site"
            }
          }
        ]
      },
      "geometry": {
        "type": "Polygon",
        "coordinates": [
          [
            [
              -77.2898972,
              1.1867682
            ],
            [
              -77.2900384,
              1.1869963
            ],
            [
              -77.2905909,
              1.1866746
            ],
            [
              -77.2909886,
              1.1871075
            ],
            [
              -77.2911814,
              1.1869053
            ],
            [
              -77.2915696,
              1.1868307
            ],
            [
              -77.2917787,
              1.1869718
            ],
            [
              -77.291868,
              1.1870098
            ],
            [
              -77.2920477,
              1.1869294
            ],
            [
              -77.2923455,
              1.1868033
            ],
            [
              -77.2926083,
              1.1868543
            ],
            [
              -77.2927022,
              1.1868449
            ],
            [
              -77.292776,
              1.186806
            ],
            [
              -77.2928524,
              1.1867792
            ],
            [
              -77.2929047,
              1.1867376
            ],
            [
              -77.2929637,
              1.1866907
            ],
            [
              -77.2929999,
              1.1866371
            ],
            [
              -77.2930174,
              1.1865553
            ],
            [
              -77.2929999,
              1.1864856
            ],
            [
              -77.2929409,
              1.1863475
            ],
            [
              -77.2928672,
              1.1862241
            ],
            [
              -77.2924769,
              1.1856905
            ],
            [
              -77.2921403,
              1.1851126
            ],
            [
              -77.291868,
              1.1847251
            ],
            [
              -77.2909708,
              1.1833816
            ],
            [
              -77.2900455,
              1.1840721
            ],
            [
              -77.2903995,
              1.1844408
            ],
            [
              -77.2906932,
              1.1848458
            ],
            [
              -77.2909883,
              1.1852989
            ],
            [
              -77.2907415,
              1.1854491
            ],
            [
              -77.2905189,
              1.1855457
            ],
            [
              -77.2902963,
              1.1857226
            ],
            [
              -77.2901085,
              1.1859399
            ],
            [
              -77.2902694,
              1.1861571
            ],
            [
              -77.2903392,
              1.1864762
            ],
            [
              -77.2898972,
              1.1867682
            ]
          ]
        ]
      },
      "id": "way/1313636429"
    },
    {
      "type": "Feature",
      "properties": {
        "@id": "way/1313636430",
        "landuse": "residential",
        "name": "Conjunto Residencial Bellavista",
        "place": "neighbourhood",
        "@relations": [
          {
            "role": "perimeter",
            "rel": 18013487,
            "reltags": {
              "landuse": "residential",
              "name": "Conjunto Residencial Bellavista",
              "place": "neighbourhood",
              "type": "site"
            }
          }
        ]
      },
      "geometry": {
        "type": "Polygon",
        "coordinates": [
          [
            [
              -77.2937796,
              1.1869718
            ],
            [
              -77.2938027,
              1.1866651
            ],
            [
              -77.2937904,
              1.1864507
            ],
            [
              -77.2936085,
              1.1860381
            ],
            [
              -77.2936058,
              1.1854762
            ],
            [
              -77.2928742,
              1.1843701
            ],
            [
              -77.2925864,
              1.1839182
            ],
            [
              -77.2924656,
              1.1837092
            ],
            [
              -77.292376,
              1.1834975
            ],
            [
              -77.2924058,
              1.1833617
            ],
            [
              -77.2917624,
              1.1822651
            ],
            [
              -77.291423,
              1.1819231
            ],
            [
              -77.2911434,
              1.1819367
            ],
            [
              -77.2908447,
              1.1822299
            ],
            [
              -77.2906628,
              1.1825311
            ],
            [
              -77.2906466,
              1.1828406
            ],
            [
              -77.2912248,
              1.1836508
            ],
            [
              -77.2921011,
              1.1849666
            ],
            [
              -77.2931524,
              1.1864561
            ],
            [
              -77.2936737,
              1.1870424
            ],
            [
              -77.2937796,
              1.1869718
            ]
          ]
        ]
      },
      "id": "way/1313636430"
    },
    {
      "type": "Feature",
      "properties": {
        "@id": "way/1433140512",
        "landuse": "residential",
        "name": "Conjunto Juanoy Alto",
        "place": "neighbourhood"
      },
      "geometry": {
        "type": "Polygon",
        "coordinates": [
          [
            [
              -77.2878125,
              1.2341204
            ],
            [
              -77.287842,
              1.2342021
            ],
            [
              -77.2880888,
              1.2342196
            ],
            [
              -77.2881451,
              1.234064
            ],
            [
              -77.2883299,
              1.2340319
            ],
            [
              -77.2884087,
              1.2339985
            ],
            [
              -77.2883835,
              1.2339363
            ],
            [
              -77.2883262,
              1.2339564
            ],
            [
              -77.2883141,
              1.2339192
            ],
            [
              -77.2882299,
              1.2339417
            ],
            [
              -77.288074,
              1.2336015
            ],
            [
              -77.2879279,
              1.2336631
            ],
            [
              -77.2878622,
              1.233879
            ],
            [
              -77.2878125,
              1.2341204
            ]
          ]
        ]
      },
      "id": "way/1433140512"
    },
    {
      "type": "Feature",
      "properties": {
        "@id": "way/1433140513",
        "landuse": "residential",
        "name": "Los Sauces Norte",
        "place": "neighbourhood"
      },
      "geometry": {
        "type": "Polygon",
        "coordinates": [
          [
            [
              -77.287728,
              1.2341499
            ],
            [
              -77.2878514,
              1.2337396
            ],
            [
              -77.2872677,
              1.2337976
            ],
            [
              -77.287264,
              1.2340882
            ],
            [
              -77.287728,
              1.2341499
            ]
          ]
        ]
      },
      "id": "way/1433140513"
    },
    {
      "type": "Feature",
      "properties": {
        "@id": "way/1433159137",
        "landuse": "residential",
        "name": "Niza III",
        "place": "neighbourhood"
      },
      "geometry": {
        "type": "Polygon",
        "coordinates": [
          [
            [
              -77.2818314,
              1.2001949
            ],
            [
              -77.2817875,
              1.2002716
            ],
            [
              -77.2818165,
              1.2003047
            ],
            [
              -77.2818208,
              1.2003285
            ],
            [
              -77.2817811,
              1.2004022
            ],
            [
              -77.2818111,
              1.2004248
            ],
            [
              -77.2817761,
              1.2005105
            ],
            [
              -77.2818103,
              1.2005379
            ],
            [
              -77.2817621,
              1.2006278
            ],
            [
              -77.2818051,
              1.200658
            ],
            [
              -77.2817856,
              1.2006928
            ],
            [
              -77.2817502,
              1.2007694
            ],
            [
              -77.281876,
              1.2008427
            ],
            [
              -77.2818919,
              1.2008164
            ],
            [
              -77.2819247,
              1.2005294
            ],
            [
              -77.2819318,
              1.2002373
            ],
            [
              -77.2818314,
              1.2001949
            ]
          ]
        ]
      },
      "id": "way/1433159137"
    },
    {
      "type": "Feature",
      "properties": {
        "@id": "way/1433212023",
        "landuse": "residential",
        "name": "El Manantial",
        "place": "neighbourhood"
      },
      "geometry": {
        "type": "Polygon",
        "coordinates": [
          [
            [
              -77.2635707,
              1.2179653
            ],
            [
              -77.2636903,
              1.2174288
            ],
            [
              -77.2635183,
              1.2173479
            ],
            [
              -77.2627612,
              1.2169841
            ],
            [
              -77.2627218,
              1.2170054
            ],
            [
              -77.2625929,
              1.2171882
            ],
            [
              -77.2625171,
              1.2173479
            ],
            [
              -77.2623837,
              1.2176256
            ],
            [
              -77.2625239,
              1.217668
            ],
            [
              -77.2627808,
              1.2177378
            ],
            [
              -77.2635707,
              1.2179653
            ]
          ]
        ]
      },
      "id": "way/1433212023"
    },
    {
      "type": "Feature",
      "properties": {
        "@id": "way/1433503900",
        "landuse": "residential",
        "name": "Condominio Bosque de la Colina III",
        "place": "neighbourhood"
      },
      "geometry": {
        "type": "Polygon",
        "coordinates": [
          [
            [
              -77.2998878,
              1.2240242
            ],
            [
              -77.2988525,
              1.2244345
            ],
            [
              -77.2993434,
              1.2256439
            ],
            [
              -77.3000112,
              1.225499
            ],
            [
              -77.3001668,
              1.2253469
            ],
            [
              -77.3002446,
              1.225129
            ],
            [
              -77.3003438,
              1.2248662
            ],
            [
              -77.3004109,
              1.2246758
            ],
            [
              -77.3003331,
              1.2246195
            ],
            [
              -77.3000085,
              1.2243486
            ],
            [
              -77.2999388,
              1.2241877
            ],
            [
              -77.2998878,
              1.2240242
            ]
          ]
        ]
      },
      "id": "way/1433503900"
    },
    {
      "type": "Feature",
      "properties": {
        "@id": "way/1433503901",
        "landuse": "residential",
        "name": "Conjunto Residencial Pascana",
        "place": "neighbourhood"
      },
      "geometry": {
        "type": "Polygon",
        "coordinates": [
          [
            [
              -77.298815,
              1.2245042
            ],
            [
              -77.2986165,
              1.2245793
            ],
            [
              -77.2985682,
              1.2257887
            ],
            [
              -77.2993004,
              1.2260863
            ],
            [
              -77.2992656,
              1.2256894
            ],
            [
              -77.2991395,
              1.225314
            ],
            [
              -77.298815,
              1.2245042
            ]
          ]
        ]
      },
      "id": "way/1433503901"
    },
    {
      "type": "Feature",
      "properties": {
        "@id": "way/1433503902",
        "landuse": "residential",
        "name": "Urbanización Torres de Girasol",
        "place": "neighbourhood"
      },
      "geometry": {
        "type": "Polygon",
        "coordinates": [
          [
            [
              -77.2985709,
              1.224598
            ],
            [
              -77.2980693,
              1.2247884
            ],
            [
              -77.2980639,
              1.2256707
            ],
            [
              -77.298528,
              1.2257404
            ],
            [
              -77.2985709,
              1.224598
            ]
          ]
        ]
      },
      "id": "way/1433503902"
    },
    {
      "type": "Feature",
      "properties": {
        "@id": "way/1433503912",
        "landuse": "residential",
        "name": "Urbanización Balcones de la Pradera",
        "place": "neighbourhood"
      },
      "geometry": {
        "type": "Polygon",
        "coordinates": [
          [
            [
              -77.2979929,
              1.2248246
            ],
            [
              -77.2968046,
              1.2252456
            ],
            [
              -77.2969562,
              1.2255835
            ],
            [
              -77.2970594,
              1.2257954
            ],
            [
              -77.2971211,
              1.2258732
            ],
            [
              -77.297156,
              1.2259013
            ],
            [
              -77.2971909,
              1.2259174
            ],
            [
              -77.2972392,
              1.2259214
            ],
            [
              -77.2973197,
              1.2259254
            ],
            [
              -77.2975678,
              1.2259308
            ],
            [
              -77.2977703,
              1.2259361
            ],
            [
              -77.2978293,
              1.2259174
            ],
            [
              -77.2978843,
              1.2258785
            ],
            [
              -77.2979312,
              1.2258289
            ],
            [
              -77.2979808,
              1.2257431
            ],
            [
              -77.2979889,
              1.2255835
            ],
            [
              -77.2979835,
              1.2253167
            ],
            [
              -77.2979929,
              1.2248246
            ]
          ]
        ]
      },
      "id": "way/1433503912"
    },
    {
      "type": "Feature",
      "properties": {
        "@id": "way/1433503923",
        "landuse": "residential",
        "name": "Condominio Bosque de la Colina II",
        "place": "neighbourhood"
      },
      "geometry": {
        "type": "Polygon",
        "coordinates": [
          [
            [
              -77.2998932,
              1.2238901
            ],
            [
              -77.2998845,
              1.2237935
            ],
            [
              -77.2998865,
              1.2236742
            ],
            [
              -77.2998536,
              1.2235381
            ],
            [
              -77.2998047,
              1.2234215
            ],
            [
              -77.2997618,
              1.2233316
            ],
            [
              -77.2996411,
              1.2232331
            ],
            [
              -77.2989035,
              1.2229006
            ],
            [
              -77.2986627,
              1.2230058
            ],
            [
              -77.2986916,
              1.223091
            ],
            [
              -77.2984904,
              1.2231795
            ],
            [
              -77.298249,
              1.2234825
            ],
            [
              -77.298646,
              1.2244076
            ],
            [
              -77.2998932,
              1.2238901
            ]
          ]
        ]
      },
      "id": "way/1433503923"
    },
    {
      "type": "Feature",
      "properties": {
        "@id": "way/1434402301",
        "landuse": "residential",
        "name": "Conjunto Residencial Frailejones",
        "place": "neighbourhood"
      },
      "geometry": {
        "type": "Polygon",
        "coordinates": [
          [
            [
              -77.2935045,
              1.2222272
            ],
            [
              -77.2935838,
              1.2221638
            ],
            [
              -77.2927565,
              1.2210999
            ],
            [
              -77.2926398,
              1.2211381
            ],
            [
              -77.2927129,
              1.2212762
            ],
            [
              -77.2922871,
              1.2214901
            ],
            [
              -77.2924189,
              1.2216922
            ],
            [
              -77.2930485,
              1.2224936
            ],
            [
              -77.2932259,
              1.2224112
            ],
            [
              -77.2933587,
              1.2223341
            ],
            [
              -77.2935045,
              1.2222272
            ]
          ]
        ]
      },
      "id": "way/1434402301"
    },
    {
      "type": "Feature",
      "properties": {
        "@id": "way/1434402304",
        "landuse": "residential",
        "name": "Condominio Torres de Mariluz",
        "place": "neighbourhood"
      },
      "geometry": {
        "type": "Polygon",
        "coordinates": [
          [
            [
              -77.2954365,
              1.2207362
            ],
            [
              -77.2950668,
              1.220095
            ],
            [
              -77.2948614,
              1.2201814
            ],
            [
              -77.2946374,
              1.2203437
            ],
            [
              -77.2945878,
              1.2204201
            ],
            [
              -77.2946092,
              1.2208183
            ],
            [
              -77.2945905,
              1.2210784
            ],
            [
              -77.2943772,
              1.2210731
            ],
            [
              -77.2940862,
              1.2210583
            ],
            [
              -77.2938046,
              1.2210905
            ],
            [
              -77.2934693,
              1.2211361
            ],
            [
              -77.2931032,
              1.2211347
            ],
            [
              -77.2929919,
              1.2213439
            ],
            [
              -77.2932132,
              1.2216577
            ],
            [
              -77.2935779,
              1.2221356
            ],
            [
              -77.2942308,
              1.2217265
            ],
            [
              -77.2945046,
              1.2215705
            ],
            [
              -77.2949546,
              1.2212836
            ],
            [
              -77.2954365,
              1.2207362
            ]
          ]
        ]
      },
      "id": "way/1434402304"
    },
    {
      "type": "Feature",
      "properties": {
        "@id": "way/1435967755",
        "landuse": "residential",
        "name": "Unidad Residencial Mijitayo",
        "place": "neighbourhood"
      },
      "geometry": {
        "type": "Polygon",
        "coordinates": [
          [
            [
              -77.2968744,
              1.2006302
            ],
            [
              -77.2962981,
              1.1997352
            ],
            [
              -77.296119,
              1.1998505
            ],
            [
              -77.2961941,
              1.1999672
            ],
            [
              -77.2959852,
              1.2001017
            ],
            [
              -77.2964863,
              1.20088
            ],
            [
              -77.2968744,
              1.2006302
            ]
          ]
        ]
      },
      "id": "way/1435967755"
    },
    {
      "type": "Feature",
      "properties": {
        "@id": "way/1436238165",
        "landuse": "residential",
        "name": "Condominio Santa María de Fátima",
        "phone": "(57)3013340554",
        "place": "neighbourhood",
        "website": "https://www.santamariadefatima.com"
      },
      "geometry": {
        "type": "Polygon",
        "coordinates": [
          [
            [
              -77.2725537,
              1.2047012
            ],
            [
              -77.2725236,
              1.204558
            ],
            [
              -77.272696,
              1.204519
            ],
            [
              -77.2726717,
              1.2044141
            ],
            [
              -77.2726458,
              1.2043025
            ],
            [
              -77.2726983,
              1.2042902
            ],
            [
              -77.2727484,
              1.2042786
            ],
            [
              -77.2727113,
              1.2041343
            ],
            [
              -77.2727492,
              1.2040755
            ],
            [
              -77.2728141,
              1.2040561
            ],
            [
              -77.2728489,
              1.2040178
            ],
            [
              -77.2730669,
              1.2038751
            ],
            [
              -77.2728883,
              1.2037187
            ],
            [
              -77.2727596,
              1.2038147
            ],
            [
              -77.2727051,
              1.2037612
            ],
            [
              -77.2727267,
              1.2037445
            ],
            [
              -77.2726968,
              1.203715
            ],
            [
              -77.2726964,
              1.2037147
            ],
            [
              -77.2726663,
              1.2036851
            ],
            [
              -77.2726669,
              1.2036841
            ],
            [
              -77.2725935,
              1.2035126
            ],
            [
              -77.2726223,
              1.2034859
            ],
            [
              -77.2725343,
              1.2034089
            ],
            [
              -77.2724941,
              1.2033194
            ],
            [
              -77.2723128,
              1.2033989
            ],
            [
              -77.2723109,
              1.2033946
            ],
            [
              -77.2718809,
              1.2036093
            ],
            [
              -77.2721115,
              1.2047962
            ],
            [
              -77.2725537,
              1.2047012
            ]
          ]
        ]
      },
      "id": "way/1436238165"
    },
    {
      "type": "Feature",
      "properties": {
        "@id": "way/1441489243",
        "landuse": "residential",
        "name": "Condominio Mijitayo Alto",
        "place": "neighbourhood"
      },
      "geometry": {
        "type": "Polygon",
        "coordinates": [
          [
            [
              -77.2955252,
              1.1984631
            ],
            [
              -77.2951926,
              1.1979616
            ],
            [
              -77.294679,
              1.1982794
            ],
            [
              -77.2950545,
              1.1988117
            ],
            [
              -77.2955252,
              1.1984631
            ]
          ]
        ]
      },
      "id": "way/1441489243"
    },
    {
      "type": "Feature",
      "properties": {
        "@id": "way/1441489266",
        "landuse": "residential",
        "name": "Conjunto residencial Kaminari",
        "place": "neighbourhood"
      },
      "geometry": {
        "type": "Polygon",
        "coordinates": [
          [
            [
              -77.2944856,
              1.1991928
            ],
            [
              -77.2936546,
              1.198167
            ],
            [
              -77.2932678,
              1.1984592
            ],
            [
              -77.2940628,
              1.1995254
            ],
            [
              -77.2944856,
              1.1991928
            ]
          ]
        ]
      },
      "id": "way/1441489266"
    },
    {
      "type": "Feature",
      "properties": {
        "@id": "way/1441489267",
        "landuse": "residential",
        "loc_name": "Reserva de Alta Mira; Bloques de Altamira",
        "name": "Conjunto residencial Reserva de Altamira",
        "place": "neighbourhood"
      },
      "geometry": {
        "type": "Polygon",
        "coordinates": [
          [
            [
              -77.2957227,
              1.1998141
            ],
            [
              -77.2957728,
              1.1997771
            ],
            [
              -77.295823,
              1.1997402
            ],
            [
              -77.2958731,
              1.1997032
            ],
            [
              -77.2959232,
              1.1996662
            ],
            [
              -77.2959734,
              1.1996293
            ],
            [
              -77.2960235,
              1.1995923
            ],
            [
              -77.2959609,
              1.1995029
            ],
            [
              -77.2958983,
              1.1994136
            ],
            [
              -77.2958356,
              1.1993242
            ],
            [
              -77.295773,
              1.1992348
            ],
            [
              -77.2957104,
              1.1991455
            ],
            [
              -77.2956478,
              1.1990561
            ],
            [
              -77.295676,
              1.1990363
            ],
            [
              -77.2957043,
              1.1990165
            ],
            [
              -77.2957326,
              1.1989967
            ],
            [
              -77.2957609,
              1.1989769
            ],
            [
              -77.2957892,
              1.1989571
            ],
            [
              -77.2958174,
              1.1989373
            ],
            [
              -77.2957745,
              1.1988761
            ],
            [
              -77.2957316,
              1.198815
            ],
            [
              -77.2956886,
              1.1987538
            ],
            [
              -77.2956457,
              1.1986927
            ],
            [
              -77.2956027,
              1.1986315
            ],
            [
              -77.2955598,
              1.1985703
            ],
            [
              -77.2954816,
              1.1986251
            ],
            [
              -77.2954034,
              1.1986799
            ],
            [
              -77.2953252,
              1.1987347
            ],
            [
              -77.295247,
              1.1987894
            ],
            [
              -77.2951688,
              1.1988442
            ],
            [
              -77.2950907,
              1.198899
            ],
            [
              -77.2951953,
              1.199052
            ],
            [
              -77.2952999,
              1.199205
            ],
            [
              -77.2954046,
              1.1993581
            ],
            [
              -77.2955092,
              1.1995111
            ],
            [
              -77.2956138,
              1.1996642
            ],
            [
              -77.2957185,
              1.1998172
            ],
            [
              -77.2957192,
              1.1998167
            ],
            [
              -77.2957199,
              1.1998162
            ],
            [
              -77.2957206,
              1.1998156
            ],
            [
              -77.2957213,
              1.1998151
            ],
            [
              -77.295722,
              1.1998146
            ],
            [
              -77.2957227,
              1.1998141
            ]
          ]
        ]
      },
      "id": "way/1441489267"
    },
    {
      "type": "Feature",
      "properties": {
        "@id": "way/1443105262",
        "addr:housenumber": "18A-75",
        "addr:street": "Carrera 44",
        "landuse": "residential",
        "name": "Condominio Terranova",
        "place": "neighbourhood"
      },
      "geometry": {
        "type": "Polygon",
        "coordinates": [
          [
            [
              -77.2885516,
              1.230755
            ],
            [
              -77.2886564,
              1.23055
            ],
            [
              -77.2882143,
              1.2303241
            ],
            [
              -77.2881095,
              1.2305291
            ],
            [
              -77.2885516,
              1.230755
            ]
          ]
        ]
      },
      "id": "way/1443105262"
    },
    {
      "type": "Feature",
      "properties": {
        "@id": "way/654330811",
        "name": "Ciudad Jardin",
        "place": "neighbourhood",
        "@relations": [
          {
            "role": "outer",
            "rel": 19736692,
            "reltags": {
              "admin_level": "9",
              "boundary": "administrative",
              "name": "Conjunto Ciudad Jardín",
              "type": "boundary"
            }
          }
        ]
      },
      "geometry": {
        "type": "LineString",
        "coordinates": [
          [
            -77.2798772,
            1.1996474
          ],
          [
            -77.2801996,
            1.2007716
          ],
          [
            -77.2802923,
            1.2006332
          ],
          [
            -77.2803375,
            1.2006873
          ],
          [
            -77.2803323,
            1.2006921
          ],
          [
            -77.2803707,
            1.2007431
          ],
          [
            -77.2804727,
            1.2006922
          ],
          [
            -77.2805981,
            1.2006037
          ],
          [
            -77.2806885,
            1.2005295
          ],
          [
            -77.2807959,
            1.2004434
          ],
          [
            -77.280982,
            1.2002778
          ],
          [
            -77.2810534,
            1.2002081
          ],
          [
            -77.2811244,
            1.2001277
          ],
          [
            -77.2812116,
            1.1999976
          ],
          [
            -77.2812606,
            1.1999185
          ],
          [
            -77.2813189,
            1.1998106
          ],
          [
            -77.2814188,
            1.1996651
          ],
          [
            -77.2815274,
            1.1994988
          ],
          [
            -77.2814517,
            1.1994111
          ],
          [
            -77.2814604,
            1.1993473
          ],
          [
            -77.2814116,
            1.1992293
          ]
        ]
      },
      "id": "way/654330811"
    },
    {
      "type": "Feature",
      "properties": {
        "@id": "way/817651975",
        "name": "Santa Mónica Condominio",
        "place": "neighbourhood",
        "@relations": [
          {
            "role": "outer",
            "rel": 19815891,
            "reltags": {
              "admin_level": "9",
              "boundary": "administrative",
              "name": "Santa Mónica Condominio",
              "place": "neighbourhood",
              "type": "boundary"
            }
          }
        ]
      },
      "geometry": {
        "type": "LineString",
        "coordinates": [
          [
            -77.2550279,
            1.2049902
          ],
          [
            -77.2549876,
            1.205586
          ],
          [
            -77.2549274,
            1.205643
          ],
          [
            -77.2543572,
            1.2056081
          ],
          [
            -77.2543446,
            1.2051204
          ]
        ]
      },
      "id": "way/817651975"
    },
    {
      "type": "Feature",
      "properties": {
        "@id": "way/1432614791",
        "name": "Condominio Pinar del Río",
        "place": "neighbourhood",
        "@relations": [
          {
            "role": "outer",
            "rel": 19905113,
            "reltags": {
              "admin_level": "9",
              "alt_name": "Conjunto Cerrado Pinar del Río; Urbanización Pinar del Río; Conjunto Residencial Pinar del Río",
              "boundary": "administrative",
              "name": "Condominio Pinar del Río",
              "place": "neighbourhood",
              "type": "boundary"
            }
          }
        ]
      },
      "geometry": {
        "type": "LineString",
        "coordinates": [
          [
            -77.2487228,
            1.2029092
          ],
          [
            -77.2489508,
            1.2028482
          ],
          [
            -77.2489391,
            1.2026568
          ],
          [
            -77.2489005,
            1.2024236
          ],
          [
            -77.2488115,
            1.2019872
          ],
          [
            -77.2487326,
            1.2016532
          ],
          [
            -77.2484861,
            1.2017036
          ]
        ]
      },
      "id": "way/1432614791"
    },
    {
      "type": "Feature",
      "properties": {
        "@id": "way/1435803706",
        "name": "Quintas de San Pedro",
        "place": "neighbourhood",
        "@relations": [
          {
            "role": "outer",
            "rel": 19682897,
            "reltags": {
              "admin_level": "9",
              "boundary": "administrative",
              "name": "Quintas de San Pedro",
              "place": "neighbourhood",
              "type": "boundary"
            }
          }
        ]
      },
      "geometry": {
        "type": "LineString",
        "coordinates": [
          [
            -77.2949003,
            1.2293391
          ],
          [
            -77.2951108,
            1.2294517
          ],
          [
            -77.2953817,
            1.2295482
          ],
          [
            -77.2955373,
            1.2293954
          ],
          [
            -77.2956124,
            1.2291715
          ],
          [
            -77.2955588,
            1.2291071
          ],
          [
            -77.2956204,
            1.2288443
          ],
          [
            -77.2957237,
            1.2285628
          ],
          [
            -77.2958712,
            1.2283442
          ],
          [
            -77.2962366,
            1.2281912
          ]
        ]
      },
      "id": "way/1435803706"
    },
    {
      "type": "Feature",
      "properties": {
        "@id": "way/1435803714",
        "name": "Quintas de San Pedro",
        "place": "neighbourhood",
        "@relations": [
          {
            "role": "outer",
            "rel": 19682897,
            "reltags": {
              "admin_level": "9",
              "boundary": "administrative",
              "name": "Quintas de San Pedro",
              "place": "neighbourhood",
              "type": "boundary"
            }
          },
          {
            "role": "outer",
            "rel": 19682898,
            "reltags": {
              "admin_level": "9",
              "boundary": "administrative",
              "name": "Figueroa",
              "place": "neighbourhood",
              "type": "boundary"
            }
          }
        ]
      },
      "geometry": {
        "type": "LineString",
        "coordinates": [
          [
            -77.2930013,
            1.2271784
          ],
          [
            -77.2930455,
            1.2273198
          ],
          [
            -77.2929905,
            1.2276966
          ],
          [
            -77.2929448,
            1.2278432
          ],
          [
            -77.2929179,
            1.2279791
          ],
          [
            -77.2929142,
            1.2280399
          ],
          [
            -77.2929466,
            1.2281618
          ],
          [
            -77.2929576,
            1.2282012
          ],
          [
            -77.2929778,
            1.2282737
          ],
          [
            -77.2929859,
            1.2283081
          ],
          [
            -77.2930075,
            1.2283686
          ],
          [
            -77.2930303,
            1.2283887
          ],
          [
            -77.293193,
            1.2284208
          ],
          [
            -77.2932538,
            1.2284309
          ],
          [
            -77.2932997,
            1.228418
          ],
          [
            -77.293476,
            1.228481
          ],
          [
            -77.2943273,
            1.2287958
          ],
          [
            -77.2942934,
            1.2289327
          ],
          [
            -77.2943454,
            1.228947
          ],
          [
            -77.2943086,
            1.2290923
          ],
          [
            -77.2944845,
            1.2291487
          ],
          [
            -77.294687,
            1.2292224
          ],
          [
            -77.2949003,
            1.2293391
          ]
        ]
      },
      "id": "way/1435803714"
    },
    {
      "type": "Feature",
      "properties": {
        "@id": "way/1443557867",
        "name": "Ciudad Jardin",
        "place": "neighbourhood",
        "@relations": [
          {
            "role": "outer",
            "rel": 19736691,
            "reltags": {
              "admin_level": "9",
              "boundary": "administrative",
              "name": "Conjunto Residencial Sotavento",
              "place": "neighbourhood",
              "type": "boundary"
            }
          },
          {
            "role": "outer",
            "rel": 19736692,
            "reltags": {
              "admin_level": "9",
              "boundary": "administrative",
              "name": "Conjunto Ciudad Jardín",
              "type": "boundary"
            }
          }
        ]
      },
      "geometry": {
        "type": "LineString",
        "coordinates": [
          [
            -77.2814116,
            1.1992293
          ],
          [
            -77.2813675,
            1.1992392
          ],
          [
            -77.2809367,
            1.1993634
          ],
          [
            -77.2798772,
            1.1996474
          ]
        ]
      },
      "id": "way/1443557867"
    },
    {
      "type": "Feature",
      "properties": {
        "@id": "way/1443831144",
        "name": "Quintas de San Pedro",
        "place": "neighbourhood",
        "@relations": [
          {
            "role": "outer",
            "rel": 19682897,
            "reltags": {
              "admin_level": "9",
              "boundary": "administrative",
              "name": "Quintas de San Pedro",
              "place": "neighbourhood",
              "type": "boundary"
            }
          }
        ]
      },
      "geometry": {
        "type": "LineString",
        "coordinates": [
          [
            -77.2940406,
            1.2267158
          ],
          [
            -77.293246,
            1.2269444
          ],
          [
            -77.2932816,
            1.2271368
          ],
          [
            -77.2930013,
            1.2271784
          ]
        ]
      },
      "id": "way/1443831144"
    },
    {
      "type": "Feature",
      "properties": {
        "@id": "way/1443831147",
        "name": "Quintas de San Pedro",
        "place": "neighbourhood",
        "@relations": [
          {
            "role": "outer",
            "rel": 19682897,
            "reltags": {
              "admin_level": "9",
              "boundary": "administrative",
              "name": "Quintas de San Pedro",
              "place": "neighbourhood",
              "type": "boundary"
            }
          },
          {
            "role": "outer",
            "rel": 19740423,
            "reltags": {
              "admin_level": "9",
              "boundary": "administrative",
              "name": "Altos de la Colina",
              "place": "neighbourhood",
              "type": "boundary"
            }
          }
        ]
      },
      "geometry": {
        "type": "LineString",
        "coordinates": [
          [
            -77.2951452,
            1.2271111
          ],
          [
            -77.294443,
            1.2268935
          ],
          [
            -77.2942703,
            1.2269029
          ],
          [
            -77.2940936,
            1.226935
          ],
          [
            -77.2940406,
            1.2267158
          ]
        ]
      },
      "id": "way/1443831147"
    },
    {
      "type": "Feature",
      "properties": {
        "@id": "way/1443831148",
        "name": "Quintas de San Pedro",
        "place": "neighbourhood",
        "@relations": [
          {
            "role": "outer",
            "rel": 19682897,
            "reltags": {
              "admin_level": "9",
              "boundary": "administrative",
              "name": "Quintas de San Pedro",
              "place": "neighbourhood",
              "type": "boundary"
            }
          },
          {
            "role": "outer",
            "rel": 19740424,
            "reltags": {
              "admin_level": "9",
              "boundary": "administrative",
              "name": "Los Laureles",
              "place": "neighbourhood",
              "type": "boundary"
            }
          }
        ]
      },
      "geometry": {
        "type": "LineString",
        "coordinates": [
          [
            -77.2962366,
            1.2281912
          ],
          [
            -77.2958926,
            1.2274244
          ],
          [
            -77.2958312,
            1.2274098
          ],
          [
            -77.2957649,
            1.2272887
          ],
          [
            -77.2956868,
            1.2272997
          ],
          [
            -77.2951452,
            1.2271111
          ]
        ]
      },
      "id": "way/1443831148"
    },
    {
      "type": "Feature",
      "properties": {
        "@id": "way/1452914733",
        "name": "Santa Mónica Condominio",
        "place": "neighbourhood",
        "@relations": [
          {
            "role": "outer",
            "rel": 19815891,
            "reltags": {
              "admin_level": "9",
              "boundary": "administrative",
              "name": "Santa Mónica Condominio",
              "place": "neighbourhood",
              "type": "boundary"
            }
          },
          {
            "role": "outer",
            "rel": 19871404,
            "reltags": {
              "admin_level": "9",
              "boundary": "administrative",
              "loc_name": "Santa Monica; Santamonica; Santamónica",
              "name": "Santa Mónica",
              "place": "neighbourhood",
              "type": "boundary"
            }
          }
        ]
      },
      "geometry": {
        "type": "LineString",
        "coordinates": [
          [
            -77.2543446,
            1.2051204
          ],
          [
            -77.2550279,
            1.2049902
          ]
        ]
      },
      "id": "way/1452914733"
    },
    {
      "type": "Feature",
      "properties": {
        "@id": "way/1311917100",
        "@relations": [
          {
            "role": "perimeter",
            "rel": 17985080,
            "reltags": {
              "name": "Altos de Chapalito IV",
              "place": "neighbourhood",
              "type": "site"
            }
          }
        ]
      },
      "geometry": {
        "type": "LineString",
        "coordinates": [
          [
            -77.2735373,
            1.1857295
          ],
          [
            -77.2734894,
            1.1856927
          ],
          [
            -77.2734559,
            1.1857037
          ],
          [
            -77.2733177,
            1.1855189
          ],
          [
            -77.273277,
            1.1854477
          ],
          [
            -77.2732441,
            1.1853539
          ],
          [
            -77.2731887,
            1.1852533
          ],
          [
            -77.2731735,
            1.1852009
          ],
          [
            -77.2731589,
            1.1850993
          ],
          [
            -77.2731123,
            1.185051
          ],
          [
            -77.2730822,
            1.184973
          ],
          [
            -77.2730868,
            1.1849447
          ],
          [
            -77.2731229,
            1.1849014
          ],
          [
            -77.2731627,
            1.1848368
          ],
          [
            -77.273185,
            1.1847991
          ],
          [
            -77.2732177,
            1.1847593
          ],
          [
            -77.2732756,
            1.1846539
          ],
          [
            -77.2733681,
            1.1844405
          ],
          [
            -77.2733963,
            1.1843703
          ],
          [
            -77.2734332,
            1.1843141
          ],
          [
            -77.2734724,
            1.1842643
          ],
          [
            -77.2734773,
            1.1842601
          ],
          [
            -77.2735325,
            1.1842521
          ],
          [
            -77.2736166,
            1.1842716
          ],
          [
            -77.2736205,
            1.184276
          ],
          [
            -77.2736265,
            1.1844299
          ],
          [
            -77.2736076,
            1.184508
          ],
          [
            -77.2735677,
            1.1846262
          ],
          [
            -77.2735469,
            1.1846351
          ],
          [
            -77.2734994,
            1.184761
          ],
          [
            -77.2734827,
            1.1847666
          ],
          [
            -77.2734388,
            1.1848535
          ],
          [
            -77.2734035,
            1.1849255
          ],
          [
            -77.2733979,
            1.1849371
          ],
          [
            -77.2733898,
            1.1849605
          ],
          [
            -77.2733555,
            1.1850494
          ],
          [
            -77.2733638,
            1.1851114
          ],
          [
            -77.27337,
            1.1851602
          ],
          [
            -77.2733803,
            1.1851828
          ],
          [
            -77.2734293,
            1.1853223
          ],
          [
            -77.2735005,
            1.1854684
          ],
          [
            -77.2735373,
            1.1857295
          ]
        ]
      },
      "id": "way/1311917100"
    },
    {
      "type": "Feature",
      "properties": {
        "@id": "way/1311917101",
        "@relations": [
          {
            "role": "perimeter",
            "rel": 17985081,
            "reltags": {
              "name": "Altos de Chapalito II",
              "place": "neighbourhood",
              "type": "site"
            }
          }
        ]
      },
      "geometry": {
        "type": "LineString",
        "coordinates": [
          [
            -77.2729939,
            1.1851876
          ],
          [
            -77.2725722,
            1.1853657
          ],
          [
            -77.2720681,
            1.185567
          ],
          [
            -77.2716657,
            1.184753
          ],
          [
            -77.2716178,
            1.1847018
          ],
          [
            -77.2713977,
            1.1847535
          ],
          [
            -77.2713654,
            1.1846332
          ],
          [
            -77.271374,
            1.184618
          ],
          [
            -77.271927,
            1.184388
          ],
          [
            -77.272082,
            1.1843372
          ],
          [
            -77.2726046,
            1.1841005
          ],
          [
            -77.2726505,
            1.1841287
          ],
          [
            -77.2727086,
            1.184268
          ],
          [
            -77.2729695,
            1.1841716
          ],
          [
            -77.2730531,
            1.1843672
          ],
          [
            -77.2730331,
            1.1846272
          ],
          [
            -77.2729389,
            1.1847297
          ],
          [
            -77.2729497,
            1.184933
          ],
          [
            -77.2729956,
            1.1851264
          ],
          [
            -77.2729939,
            1.1851876
          ]
        ]
      },
      "id": "way/1311917101"
    },
    {
      "type": "Feature",
      "properties": {
        "@id": "way/1311917102",
        "@relations": [
          {
            "role": "perimeter",
            "rel": 17985082,
            "reltags": {
              "name": "Altos de Chapalito III",
              "place": "neighbourhood",
              "type": "site"
            }
          }
        ]
      },
      "geometry": {
        "type": "LineString",
        "coordinates": [
          [
            -77.2733104,
            1.1857483
          ],
          [
            -77.2731248,
            1.1858272
          ],
          [
            -77.2724559,
            1.1860976
          ],
          [
            -77.2724146,
            1.1860122
          ],
          [
            -77.2723654,
            1.1859856
          ],
          [
            -77.2723483,
            1.1858956
          ],
          [
            -77.2722229,
            1.1858556
          ],
          [
            -77.2721183,
            1.1856181
          ],
          [
            -77.2730114,
            1.1852547
          ],
          [
            -77.2730814,
            1.1853822
          ],
          [
            -77.2730793,
            1.1854181
          ],
          [
            -77.2731048,
            1.1854851
          ],
          [
            -77.2731744,
            1.1855797
          ],
          [
            -77.2731956,
            1.1856418
          ],
          [
            -77.2732606,
            1.1856547
          ],
          [
            -77.2733094,
            1.1856939
          ],
          [
            -77.2733104,
            1.1857483
          ]
        ]
      },
      "id": "way/1311917102"
    },
    {
      "type": "Feature",
      "properties": {
        "@id": "way/1311917731",
        "@relations": [
          {
            "role": "perimeter",
            "rel": 17985086,
            "reltags": {
              "name": "Los Cristales",
              "place": "neighbourhood",
              "type": "site"
            }
          }
        ]
      },
      "geometry": {
        "type": "LineString",
        "coordinates": [
          [
            -77.2767664,
            1.1811889
          ],
          [
            -77.2765546,
            1.1806811
          ],
          [
            -77.2764256,
            1.180396
          ],
          [
            -77.2761465,
            1.1804088
          ],
          [
            -77.27594,
            1.1805073
          ],
          [
            -77.2757098,
            1.1807042
          ],
          [
            -77.2756249,
            1.1808033
          ],
          [
            -77.275686,
            1.1809153
          ],
          [
            -77.2757159,
            1.1811149
          ],
          [
            -77.275865,
            1.1816038
          ],
          [
            -77.2761013,
            1.1814985
          ],
          [
            -77.2766537,
            1.1812621
          ],
          [
            -77.2767664,
            1.1811889
          ]
        ]
      },
      "id": "way/1311917731"
    },
    {
      "type": "Feature",
      "properties": {
        "@id": "way/1313636429",
        "@relations": [
          {
            "role": "perimeter",
            "rel": 18013486,
            "reltags": {
              "landuse": "residential",
              "name": "Condominio La Estancia",
              "place": "neighbourhood",
              "type": "site"
            }
          }
        ]
      },
      "geometry": {
        "type": "LineString",
        "coordinates": [
          [
            -77.2898972,
            1.1867682
          ],
          [
            -77.2900384,
            1.1869963
          ],
          [
            -77.2905909,
            1.1866746
          ],
          [
            -77.2909886,
            1.1871075
          ],
          [
            -77.2911814,
            1.1869053
          ],
          [
            -77.2915696,
            1.1868307
          ],
          [
            -77.2917787,
            1.1869718
          ],
          [
            -77.291868,
            1.1870098
          ],
          [
            -77.2920477,
            1.1869294
          ],
          [
            -77.2923455,
            1.1868033
          ],
          [
            -77.2926083,
            1.1868543
          ],
          [
            -77.2927022,
            1.1868449
          ],
          [
            -77.292776,
            1.186806
          ],
          [
            -77.2928524,
            1.1867792
          ],
          [
            -77.2929047,
            1.1867376
          ],
          [
            -77.2929637,
            1.1866907
          ],
          [
            -77.2929999,
            1.1866371
          ],
          [
            -77.2930174,
            1.1865553
          ],
          [
            -77.2929999,
            1.1864856
          ],
          [
            -77.2929409,
            1.1863475
          ],
          [
            -77.2928672,
            1.1862241
          ],
          [
            -77.2924769,
            1.1856905
          ],
          [
            -77.2921403,
            1.1851126
          ],
          [
            -77.291868,
            1.1847251
          ],
          [
            -77.2909708,
            1.1833816
          ],
          [
            -77.2900455,
            1.1840721
          ],
          [
            -77.2903995,
            1.1844408
          ],
          [
            -77.2906932,
            1.1848458
          ],
          [
            -77.2909883,
            1.1852989
          ],
          [
            -77.2907415,
            1.1854491
          ],
          [
            -77.2905189,
            1.1855457
          ],
          [
            -77.2902963,
            1.1857226
          ],
          [
            -77.2901085,
            1.1859399
          ],
          [
            -77.2902694,
            1.1861571
          ],
          [
            -77.2903392,
            1.1864762
          ],
          [
            -77.2898972,
            1.1867682
          ]
        ]
      },
      "id": "way/1313636429"
    },
    {
      "type": "Feature",
      "properties": {
        "@id": "way/1313636430",
        "@relations": [
          {
            "role": "perimeter",
            "rel": 18013487,
            "reltags": {
              "landuse": "residential",
              "name": "Conjunto Residencial Bellavista",
              "place": "neighbourhood",
              "type": "site"
            }
          }
        ]
      },
      "geometry": {
        "type": "LineString",
        "coordinates": [
          [
            -77.2937796,
            1.1869718
          ],
          [
            -77.2936737,
            1.1870424
          ],
          [
            -77.2931524,
            1.1864561
          ],
          [
            -77.2921011,
            1.1849666
          ],
          [
            -77.2912248,
            1.1836508
          ],
          [
            -77.2906466,
            1.1828406
          ],
          [
            -77.2906628,
            1.1825311
          ],
          [
            -77.2908447,
            1.1822299
          ],
          [
            -77.2911434,
            1.1819367
          ],
          [
            -77.291423,
            1.1819231
          ],
          [
            -77.2917624,
            1.1822651
          ],
          [
            -77.2924058,
            1.1833617
          ],
          [
            -77.292376,
            1.1834975
          ],
          [
            -77.2924656,
            1.1837092
          ],
          [
            -77.2925864,
            1.1839182
          ],
          [
            -77.2928742,
            1.1843701
          ],
          [
            -77.2936058,
            1.1854762
          ],
          [
            -77.2936085,
            1.1860381
          ],
          [
            -77.2937904,
            1.1864507
          ],
          [
            -77.2938027,
            1.1866651
          ],
          [
            -77.2937796,
            1.1869718
          ]
        ]
      },
      "id": "way/1313636430"
    },
    {
      "type": "Feature",
      "properties": {
        "@id": "node/638963395",
        "is_in": "Pasto, Nariño, Colombia",
        "name": "Dorado",
        "place": "neighbourhood"
      },
      "geometry": {
        "type": "Point",
        "coordinates": [
          -77.2872579,
          1.2248342
        ]
      },
      "id": "node/638963395"
    },
    {
      "type": "Feature",
      "properties": {
        "@id": "node/703893175",
        "name": "Capusigra",
        "place": "neighbourhood",
        "@relations": [
          {
            "role": "label",
            "rel": 19766085,
            "reltags": {
              "admin_level": "9",
              "boundary": "administrative",
              "name": "Capusigra",
              "place": "neighbourhood",
              "type": "boundary"
            }
          }
        ]
      },
      "geometry": {
        "type": "Point",
        "coordinates": [
          -77.2880532,
          1.2084144
        ]
      },
      "id": "node/703893175"
    },
    {
      "type": "Feature",
      "properties": {
        "@id": "node/1225743283",
        "loc_name": "Santa Anita; Santanita",
        "name": "Santa Ana",
        "place": "neighbourhood"
      },
      "geometry": {
        "type": "Point",
        "coordinates": [
          -77.2870699,
          1.2232198
        ]
      },
      "id": "node/1225743283"
    },
    {
      "type": "Feature",
      "properties": {
        "@id": "node/1225802963",
        "is_in": "Pasto, Nariño, Colombia",
        "name": "Palermo",
        "place": "neighbourhood"
      },
      "geometry": {
        "type": "Point",
        "coordinates": [
          -77.2838512,
          1.2259066
        ]
      },
      "id": "node/1225802963"
    },
    {
      "type": "Feature",
      "properties": {
        "@id": "node/1225802973",
        "is_in": "Pasto, Nariño, Colombia",
        "name": "Altos de la Colina",
        "place": "neighbourhood"
      },
      "geometry": {
        "type": "Point",
        "coordinates": [
          -77.2943138,
          1.2265331
        ]
      },
      "id": "node/1225802973"
    },
    {
      "type": "Feature",
      "properties": {
        "@id": "node/1225802991",
        "alt_name": "Agua Longo",
        "name": "Agualongo",
        "place": "neighbourhood"
      },
      "geometry": {
        "type": "Point",
        "coordinates": [
          -77.2876489,
          1.2021425
        ]
      },
      "id": "node/1225802991"
    },
    {
      "type": "Feature",
      "properties": {
        "@id": "node/1225802997",
        "is_in": "Pasto, Nariño, Colombia",
        "name": "Morasurco",
        "place": "neighbourhood"
      },
      "geometry": {
        "type": "Point",
        "coordinates": [
          -77.2846966,
          1.2333411
        ]
      },
      "id": "node/1225802997"
    },
    {
      "type": "Feature",
      "properties": {
        "@id": "node/1225803002",
        "is_in": "Pasto, Nariño, Colombia",
        "name": "San Ignacio",
        "place": "neighbourhood"
      },
      "geometry": {
        "type": "Point",
        "coordinates": [
          -77.2856375,
          1.2167683
        ]
      },
      "id": "node/1225803002"
    },
    {
      "type": "Feature",
      "properties": {
        "@id": "node/1225803011",
        "is_in": "Pasto, Nariño, Colombia",
        "name": "La Colina",
        "place": "neighbourhood"
      },
      "geometry": {
        "type": "Point",
        "coordinates": [
          -77.2889412,
          1.2257725
        ]
      },
      "id": "node/1225803011"
    },
    {
      "type": "Feature",
      "properties": {
        "@id": "node/1225803033",
        "is_in": "Pasto, Nariño, Colombia",
        "name": "La Primavera",
        "place": "neighbourhood"
      },
      "geometry": {
        "type": "Point",
        "coordinates": [
          -77.2929388,
          1.2098929
        ]
      },
      "id": "node/1225803033"
    },
    {
      "type": "Feature",
      "properties": {
        "@id": "node/1225803037",
        "name": "Maridíaz",
        "place": "neighbourhood"
      },
      "geometry": {
        "type": "Point",
        "coordinates": [
          -77.2836027,
          1.2210826
        ]
      },
      "id": "node/1225803037"
    },
    {
      "type": "Feature",
      "properties": {
        "@id": "node/1225803051",
        "name": "San Juan De Dios",
        "place": "neighbourhood"
      },
      "geometry": {
        "type": "Point",
        "coordinates": [
          -77.2903411,
          1.2216117
        ]
      },
      "id": "node/1225803051"
    },
    {
      "type": "Feature",
      "properties": {
        "@id": "node/1225803072",
        "is_in": "Pasto, Nariño, Colombia",
        "name": "Las Cuadras",
        "place": "neighbourhood"
      },
      "geometry": {
        "type": "Point",
        "coordinates": [
          -77.2793346,
          1.2186612
        ]
      },
      "id": "node/1225803072"
    },
    {
      "type": "Feature",
      "properties": {
        "@id": "node/1225803077",
        "is_in": "Pasto, Nariño, Colombia",
        "name": "Villa Vergel",
        "place": "neighbourhood"
      },
      "geometry": {
        "type": "Point",
        "coordinates": [
          -77.2936834,
          1.2121291
        ]
      },
      "id": "node/1225803077"
    },
    {
      "type": "Feature",
      "properties": {
        "@id": "node/1225825136",
        "is_in": "Pasto, Nariño, Colombia",
        "name": "Bachué",
        "place": "neighbourhood"
      },
      "geometry": {
        "type": "Point",
        "coordinates": [
          -77.2852784,
          1.2043414
        ]
      },
      "id": "node/1225825136"
    },
    {
      "type": "Feature",
      "properties": {
        "@id": "node/1225825138",
        "name": "Fátima",
        "place": "neighbourhood",
        "@relations": [
          {
            "role": "label",
            "rel": 19739908,
            "reltags": {
              "admin_level": "9",
              "boundary": "administrative",
              "name": "Fátima",
              "place": "neighbourhood",
              "type": "boundary"
            }
          }
        ]
      },
      "geometry": {
        "type": "Point",
        "coordinates": [
          -77.2731728,
          1.2029701
        ]
      },
      "id": "node/1225825138"
    },
    {
      "type": "Feature",
      "properties": {
        "@id": "node/1225825159",
        "alt_name": "Tamasagra 1; Tamasagra primera etapa; Tamasagra 1a etapa",
        "loc_name": "Tama; Tamazagra 1; Tamazagra 1; Tama Sagra 1; Tama Zagra 1",
        "name": "Tamasagra I",
        "place": "neighbourhood",
        "@relations": [
          {
            "role": "label",
            "rel": 19756277,
            "reltags": {
              "admin_level": "9",
              "boundary": "administrative",
              "name": "Tamasagra I",
              "place": "neighbourhood",
              "type": "boundary"
            }
          }
        ]
      },
      "geometry": {
        "type": "Point",
        "coordinates": [
          -77.293511,
          1.2022566
        ]
      },
      "id": "node/1225825159"
    },
    {
      "type": "Feature",
      "properties": {
        "@id": "node/1616853248",
        "admin_level": "8",
        "name": "Villa de los Ríos",
        "place": "neighbourhood",
        "@relations": [
          {
            "role": "label",
            "rel": 19816058,
            "reltags": {
              "admin_level": "9",
              "boundary": "administrative",
              "name": "Villa de los Ríos",
              "place": "neighbourhood",
              "type": "boundary"
            }
          }
        ]
      },
      "geometry": {
        "type": "Point",
        "coordinates": [
          -77.2980367,
          1.2012806
        ]
      },
      "id": "node/1616853248"
    },
    {
      "type": "Feature",
      "properties": {
        "@id": "node/1616853840",
        "alt_name": "Barrio Rosales I; Barrio Rosales 1",
        "name": "Rosales I",
        "place": "neighbourhood"
      },
      "geometry": {
        "type": "Point",
        "coordinates": [
          -77.2989742,
          1.2121702
        ]
      },
      "id": "node/1616853840"
    },
    {
      "type": "Feature",
      "properties": {
        "@id": "node/1616853926",
        "name": "Condominio San Diego",
        "place": "neighbourhood",
        "@relations": [
          {
            "role": "label",
            "rel": 19739912,
            "reltags": {
              "admin_level": "9",
              "boundary": "administrative",
              "name": "Condominio San Diego",
              "place": "neighbourhood",
              "type": "boundary"
            }
          }
        ]
      },
      "geometry": {
        "type": "Point",
        "coordinates": [
          -77.2942273,
          1.2137979
        ]
      },
      "id": "node/1616853926"
    },
    {
      "type": "Feature",
      "properties": {
        "@id": "node/1686455899",
        "name": "La Castellana",
        "place": "neighbourhood"
      },
      "geometry": {
        "type": "Point",
        "coordinates": [
          -77.2907522,
          1.218059
        ]
      },
      "id": "node/1686455899"
    },
    {
      "type": "Feature",
      "properties": {
        "@id": "node/1686632609",
        "alt_name": "Barrio Villa Recreo; Urbanización Villa Recreo",
        "loc_name": "Villarecreo; Villarrecreo",
        "name": "Villa Recreo",
        "place": "neighbourhood"
      },
      "geometry": {
        "type": "Point",
        "coordinates": [
          -77.2632338,
          1.2112146
        ]
      },
      "id": "node/1686632609"
    },
    {
      "type": "Feature",
      "properties": {
        "@id": "node/2322128320",
        "name": "Villa Lucía",
        "place": "neighbourhood"
      },
      "geometry": {
        "type": "Point",
        "coordinates": [
          -77.2837251,
          1.2069071
        ]
      },
      "id": "node/2322128320"
    },
    {
      "type": "Feature",
      "properties": {
        "@id": "node/4449735326",
        "alt_name": "Caycedo; Cayzedo",
        "name": "Caicedo Alto",
        "place": "neighbourhood"
      },
      "geometry": {
        "type": "Point",
        "coordinates": [
          -77.2841655,
          1.201486
        ]
      },
      "id": "node/4449735326"
    },
    {
      "type": "Feature",
      "properties": {
        "@id": "node/5148611987",
        "name": "Quito López III",
        "place": "neighbourhood"
      },
      "geometry": {
        "type": "Point",
        "coordinates": [
          -77.2849303,
          1.1983415
        ]
      },
      "id": "node/5148611987"
    },
    {
      "type": "Feature",
      "properties": {
        "@id": "node/5148611988",
        "alt_name": "Caycedo; Cayzedo",
        "name": "Caicedo Bajo",
        "place": "neighbourhood"
      },
      "geometry": {
        "type": "Point",
        "coordinates": [
          -77.2843442,
          1.1996939
        ]
      },
      "id": "node/5148611988"
    },
    {
      "type": "Feature",
      "properties": {
        "@id": "node/5148613233",
        "name": "Nueva Colombia",
        "place": "neighbourhood"
      },
      "geometry": {
        "type": "Point",
        "coordinates": [
          -77.2827666,
          1.1989071
        ]
      },
      "id": "node/5148613233"
    },
    {
      "type": "Feature",
      "properties": {
        "@id": "node/5148613234",
        "name": "Mirador de Niza",
        "place": "neighbourhood"
      },
      "geometry": {
        "type": "Point",
        "coordinates": [
          -77.2824338,
          1.2016917
        ]
      },
      "id": "node/5148613234"
    },
    {
      "type": "Feature",
      "properties": {
        "@id": "node/5148613235",
        "alt_name": "Niza 2",
        "loc_name": "Nisan 2; Nissan 2; Nizan 2",
        "name": "Niza II",
        "place": "neighbourhood"
      },
      "geometry": {
        "type": "Point",
        "coordinates": [
          -77.2818792,
          1.202086
        ]
      },
      "id": "node/5148613235"
    },
    {
      "type": "Feature",
      "properties": {
        "@id": "node/5148613236",
        "alt_name": "Niza; Niza 1",
        "loc_name": "Nisan 1; Nissan 1; Nizan 1",
        "name": "Niza I",
        "place": "neighbourhood"
      },
      "geometry": {
        "type": "Point",
        "coordinates": [
          -77.2808933,
          1.2005951
        ]
      },
      "id": "node/5148613236"
    },
    {
      "type": "Feature",
      "properties": {
        "@id": "node/5148613237",
        "alt_name": "Niza 3; Bloques de Niza; Bloques Niza 3; Torres de Niza 3",
        "loc_name": "Nisan 3; Nissan 3; Nizan 3; Bloques del Nisan; Bloques del Nizan",
        "name": "Niza III",
        "place": "neighbourhood"
      },
      "geometry": {
        "type": "Point",
        "coordinates": [
          -77.2818445,
          1.2005265
        ]
      },
      "id": "node/5148613237"
    },
    {
      "type": "Feature",
      "properties": {
        "@id": "node/5148613238",
        "loc_name": "Prados del Nisan; Prados del Nissan; Prados del Nizan",
        "name": "Prados de Niza",
        "place": "neighbourhood"
      },
      "geometry": {
        "type": "Point",
        "coordinates": [
          -77.2811436,
          1.2015778
        ]
      },
      "id": "node/5148613238"
    },
    {
      "type": "Feature",
      "properties": {
        "@id": "node/5149854389",
        "name": "Quito López I",
        "place": "neighbourhood"
      },
      "geometry": {
        "type": "Point",
        "coordinates": [
          -77.2853387,
          1.1955362
        ]
      },
      "id": "node/5149854389"
    },
    {
      "type": "Feature",
      "properties": {
        "@id": "node/5149854390",
        "name": "Quito López II",
        "place": "neighbourhood"
      },
      "geometry": {
        "type": "Point",
        "coordinates": [
          -77.2848345,
          1.1971989
        ]
      },
      "id": "node/5149854390"
    },
    {
      "type": "Feature",
      "properties": {
        "@id": "node/5149854391",
        "name": "San Miguel de Jongovito",
        "place": "neighbourhood"
      },
      "geometry": {
        "type": "Point",
        "coordinates": [
          -77.2981501,
          1.2031073
        ]
      },
      "id": "node/5149854391"
    },
    {
      "type": "Feature",
      "properties": {
        "@id": "node/5149854392",
        "name": "Quillacinga",
        "place": "neighbourhood"
      },
      "geometry": {
        "type": "Point",
        "coordinates": [
          -77.2861338,
          1.1954465
        ]
      },
      "id": "node/5149854392"
    },
    {
      "type": "Feature",
      "properties": {
        "@id": "node/5149854393",
        "name": "Los Guaduales",
        "place": "neighbourhood"
      },
      "geometry": {
        "type": "Point",
        "coordinates": [
          -77.2867424,
          1.1952921
        ]
      },
      "id": "node/5149854393"
    },
    {
      "type": "Feature",
      "properties": {
        "@id": "node/5149854395",
        "name": "San Sebastián",
        "place": "neighbourhood"
      },
      "geometry": {
        "type": "Point",
        "coordinates": [
          -77.2841189,
          1.1967392
        ]
      },
      "id": "node/5149854395"
    },
    {
      "type": "Feature",
      "properties": {
        "@id": "node/5149854396",
        "name": "Granada",
        "place": "neighbourhood",
        "@relations": [
          {
            "role": "label",
            "rel": 19758560,
            "reltags": {
              "admin_level": "9",
              "boundary": "administrative",
              "name": "Granada",
              "place": "neighbourhood",
              "type": "boundary"
            }
          }
        ]
      },
      "geometry": {
        "type": "Point",
        "coordinates": [
          -77.2825793,
          1.1969671
        ]
      },
      "id": "node/5149854396"
    },
    {
      "type": "Feature",
      "properties": {
        "@id": "node/5149854397",
        "name": "Los Fundadores",
        "place": "neighbourhood",
        "@relations": [
          {
            "role": "label",
            "rel": 19758561,
            "reltags": {
              "admin_level": "9",
              "boundary": "administrative",
              "name": "Los Fundadores",
              "place": "neighbourhood",
              "type": "boundary"
            }
          }
        ]
      },
      "geometry": {
        "type": "Point",
        "coordinates": [
          -77.2825684,
          1.195812
        ]
      },
      "id": "node/5149854397"
    },
    {
      "type": "Feature",
      "properties": {
        "@id": "node/5149854399",
        "name": "Luis Carlos Galán",
        "place": "neighbourhood"
      },
      "geometry": {
        "type": "Point",
        "coordinates": [
          -77.2851385,
          1.193323
        ]
      },
      "id": "node/5149854399"
    },
    {
      "type": "Feature",
      "properties": {
        "@id": "node/5149854400",
        "name": "Santa Anita",
        "place": "neighbourhood"
      },
      "geometry": {
        "type": "Point",
        "coordinates": [
          -77.2844036,
          1.1925249
        ]
      },
      "id": "node/5149854400"
    },
    {
      "type": "Feature",
      "properties": {
        "@id": "node/5149854401",
        "name": "San Carlos",
        "place": "neighbourhood"
      },
      "geometry": {
        "type": "Point",
        "coordinates": [
          -77.283846,
          1.1936777
        ]
      },
      "id": "node/5149854401"
    },
    {
      "type": "Feature",
      "properties": {
        "@id": "node/5150509640",
        "name": "Ciudadela Invipaz",
        "place": "neighbourhood"
      },
      "geometry": {
        "type": "Point",
        "coordinates": [
          -77.2858729,
          1.1921259
        ]
      },
      "id": "node/5150509640"
    },
    {
      "type": "Feature",
      "properties": {
        "@id": "node/5448367156",
        "name": "Las Cruces",
        "place": "neighbourhood"
      },
      "geometry": {
        "type": "Point",
        "coordinates": [
          -77.2915105,
          1.1980173
        ]
      },
      "id": "node/5448367156"
    },
    {
      "type": "Feature",
      "properties": {
        "@id": "node/5448367157",
        "name": "Las Palmas",
        "place": "neighbourhood"
      },
      "geometry": {
        "type": "Point",
        "coordinates": [
          -77.2927998,
          1.1969113
        ]
      },
      "id": "node/5448367157"
    },
    {
      "type": "Feature",
      "properties": {
        "@id": "node/5448367158",
        "alt_name": "Barrio Altamira",
        "loc_name": "Alta Mira",
        "name": "Altamira",
        "place": "neighbourhood"
      },
      "geometry": {
        "type": "Point",
        "coordinates": [
          -77.296115,
          1.1991961
        ]
      },
      "id": "node/5448367158"
    },
    {
      "type": "Feature",
      "properties": {
        "@id": "node/5448367159",
        "loc_name": "Barrio Jerusalen",
        "name": "Jerusalén",
        "place": "neighbourhood",
        "@relations": [
          {
            "role": "label",
            "rel": 19838211,
            "reltags": {
              "admin_level": "9",
              "boundary": "administrative",
              "name": "Jerusalén",
              "place": "neighbourhood",
              "type": "boundary"
            }
          }
        ]
      },
      "geometry": {
        "type": "Point",
        "coordinates": [
          -77.2961446,
          1.2027553
        ]
      },
      "id": "node/5448367159"
    },
    {
      "type": "Feature",
      "properties": {
        "@id": "node/5448367160",
        "name": "Mijitayo Alto",
        "place": "neighbourhood"
      },
      "geometry": {
        "type": "Point",
        "coordinates": [
          -77.296374,
          1.2048291
        ]
      },
      "id": "node/5448367160"
    },
    {
      "type": "Feature",
      "properties": {
        "@id": "node/5448367161",
        "name": "Mijitayo Bajo",
        "place": "neighbourhood"
      },
      "geometry": {
        "type": "Point",
        "coordinates": [
          -77.2935607,
          1.2062111
        ]
      },
      "id": "node/5448367161"
    },
    {
      "type": "Feature",
      "properties": {
        "@id": "node/5448367162",
        "name": "El Bosque",
        "place": "neighbourhood"
      },
      "geometry": {
        "type": "Point",
        "coordinates": [
          -77.293886,
          1.2087392
        ]
      },
      "id": "node/5448367162"
    },
    {
      "type": "Feature",
      "properties": {
        "@id": "node/5448367163",
        "name": "El Edén",
        "place": "neighbourhood"
      },
      "geometry": {
        "type": "Point",
        "coordinates": [
          -77.2927314,
          1.2079182
        ]
      },
      "id": "node/5448367163"
    },
    {
      "type": "Feature",
      "properties": {
        "@id": "node/5448367164",
        "name": "Villa Sofía",
        "place": "neighbourhood"
      },
      "geometry": {
        "type": "Point",
        "coordinates": [
          -77.2919902,
          1.2084052
        ]
      },
      "id": "node/5448367164"
    },
    {
      "type": "Feature",
      "properties": {
        "@id": "node/5457695559",
        "name": "Conjunto Residencial Santa María",
        "place": "neighbourhood",
        "@relations": [
          {
            "role": "label",
            "rel": 19903393,
            "reltags": {
              "admin_level": "9",
              "alt_name": "Condominio Santa María; Urbanización Santa María",
              "boundary": "administrative",
              "loc_name": "Santamaria; Santa Maria",
              "name": "Conjunto Residencial Santa María",
              "place": "neighbourhood",
              "type": "boundary"
            }
          }
        ]
      },
      "geometry": {
        "type": "Point",
        "coordinates": [
          -77.2960117,
          1.2127335
        ]
      },
      "id": "node/5457695559"
    },
    {
      "type": "Feature",
      "properties": {
        "@id": "node/5457695560",
        "name": "Colón",
        "place": "neighbourhood"
      },
      "geometry": {
        "type": "Point",
        "coordinates": [
          -77.2961018,
          1.2137723
        ]
      },
      "id": "node/5457695560"
    },
    {
      "type": "Feature",
      "properties": {
        "@id": "node/5457695561",
        "name": "Urbanización Los Andes",
        "place": "neighbourhood",
        "@relations": [
          {
            "role": "label",
            "rel": 19903394,
            "reltags": {
              "admin_level": "9",
              "alt_name": "Conjunto Los Andes; Condominio Los Andes",
              "boundary": "administrative",
              "name": "Urbanización Los Andes",
              "place": "neighbourhood",
              "type": "boundary"
            }
          }
        ]
      },
      "geometry": {
        "type": "Point",
        "coordinates": [
          -77.294102,
          1.2128944
        ]
      },
      "id": "node/5457695561"
    },
    {
      "type": "Feature",
      "properties": {
        "@id": "node/5457695565",
        "name": "Sindamanoy",
        "place": "neighbourhood"
      },
      "geometry": {
        "type": "Point",
        "coordinates": [
          -77.2944131,
          1.2169061
        ]
      },
      "id": "node/5457695565"
    },
    {
      "type": "Feature",
      "properties": {
        "@id": "node/5457695566",
        "name": "Jorge Giraldo",
        "place": "neighbourhood"
      },
      "geometry": {
        "type": "Point",
        "coordinates": [
          -77.2938552,
          1.2177749
        ]
      },
      "id": "node/5457695566"
    },
    {
      "type": "Feature",
      "properties": {
        "@id": "node/5457695567",
        "name": "San Vicente",
        "place": "neighbourhood"
      },
      "geometry": {
        "type": "Point",
        "coordinates": [
          -77.2921386,
          1.2159193
        ]
      },
      "id": "node/5457695567"
    },
    {
      "type": "Feature",
      "properties": {
        "@id": "node/5457695568",
        "name": "Anganoy",
        "place": "neighbourhood"
      },
      "geometry": {
        "type": "Point",
        "coordinates": [
          -77.2995212,
          1.2143887
        ]
      },
      "id": "node/5457695568"
    },
    {
      "type": "Feature",
      "properties": {
        "@id": "node/6414815364",
        "name": "Tequendama",
        "place": "neighbourhood"
      },
      "geometry": {
        "type": "Point",
        "coordinates": [
          -77.283808,
          1.1988169
        ]
      },
      "id": "node/6414815364"
    },
    {
      "type": "Feature",
      "properties": {
        "@id": "node/6870928888",
        "alt_name": "Sauces de la Carolina",
        "name": "Los Sauces",
        "place": "neighbourhood"
      },
      "geometry": {
        "type": "Point",
        "coordinates": [
          -77.2611571,
          1.2078961
        ]
      },
      "id": "node/6870928888"
    },
    {
      "type": "Feature",
      "properties": {
        "@id": "node/7700252886",
        "alt_name": "Juan Pablo Segundo",
        "loc_name": "Juanpablo segundo; Juan Pablo 2; Juampablo Segundo",
        "name": "Juan Pablo II",
        "place": "neighbourhood",
        "@relations": [
          {
            "role": "label",
            "rel": 19758155,
            "reltags": {
              "admin_level": "9",
              "boundary": "administrative",
              "name": "Juan Pablo II",
              "place": "neighbourhood",
              "type": "boundary"
            }
          }
        ]
      },
      "geometry": {
        "type": "Point",
        "coordinates": [
          -77.2733307,
          1.2313559
        ]
      },
      "id": "node/7700252886"
    },
    {
      "type": "Feature",
      "properties": {
        "@id": "node/8060688585",
        "alt_name": "Condominio Altavista; Urbanización Altavista",
        "loc_name": "Alta Vista",
        "name": "Conjunto Residencial Altavista",
        "place": "neighbourhood"
      },
      "geometry": {
        "type": "Point",
        "coordinates": [
          -77.2682892,
          1.2197657
        ]
      },
      "id": "node/8060688585"
    },
    {
      "type": "Feature",
      "properties": {
        "@id": "node/12095585116",
        "alt_name": "Tamasagra 2; Tamasagra Segunda Etapa; Tamasagra 2 etapa; Tamasagra 2a etapa",
        "loc_name": "Tama; Tamazagra; Tama sagra; Tama zagra",
        "name": "Tamasagra II",
        "place": "neighbourhood",
        "@relations": [
          {
            "role": "label",
            "rel": 19756276,
            "reltags": {
              "admin_level": "9",
              "boundary": "administrative",
              "name": "Tamasagra II",
              "place": "neighbourhood",
              "type": "boundary"
            }
          }
        ]
      },
      "geometry": {
        "type": "Point",
        "coordinates": [
          -77.2909071,
          1.202625
        ]
      },
      "id": "node/12095585116"
    },
    {
      "type": "Feature",
      "properties": {
        "@id": "node/12117593270",
        "name": "Villaflor I",
        "place": "neighbourhood"
      },
      "geometry": {
        "type": "Point",
        "coordinates": [
          -77.2576689,
          1.2045543
        ]
      },
      "id": "node/12117593270"
    },
    {
      "type": "Feature",
      "properties": {
        "@id": "node/12143377364",
        "name": "Altos de Chapalito IV",
        "place": "neighbourhood",
        "@relations": [
          {
            "role": "",
            "rel": 17985080,
            "reltags": {
              "name": "Altos de Chapalito IV",
              "place": "neighbourhood",
              "type": "site"
            }
          }
        ]
      },
      "geometry": {
        "type": "Point",
        "coordinates": [
          -77.2732823,
          1.1849151
        ]
      },
      "id": "node/12143377364"
    },
    {
      "type": "Feature",
      "properties": {
        "@id": "node/12143394039",
        "alt_name": "El Chambú",
        "loc_name": "Chambu",
        "name": "Chambú",
        "not:name": "Chanbu; Champu",
        "place": "neighbourhood",
        "@relations": [
          {
            "role": "label",
            "rel": 17985107,
            "reltags": {
              "admin_level": "9",
              "boundary": "administrative",
              "name": "Chambú",
              "place": "neighbourhood",
              "type": "boundary"
            }
          }
        ]
      },
      "geometry": {
        "type": "Point",
        "coordinates": [
          -77.274067,
          1.188729
        ]
      },
      "id": "node/12143394039"
    },
    {
      "type": "Feature",
      "properties": {
        "@id": "node/12143395908",
        "name": "Los Cristales",
        "place": "neighbourhood",
        "@relations": [
          {
            "role": "",
            "rel": 17985086,
            "reltags": {
              "name": "Los Cristales",
              "place": "neighbourhood",
              "type": "site"
            }
          }
        ]
      },
      "geometry": {
        "type": "Point",
        "coordinates": [
          -77.2761607,
          1.1809622
        ]
      },
      "id": "node/12143395908"
    },
    {
      "type": "Feature",
      "properties": {
        "@id": "node/12143398806",
        "name": "Altos de Chapalito II",
        "place": "neighbourhood",
        "@relations": [
          {
            "role": "",
            "rel": 17985081,
            "reltags": {
              "name": "Altos de Chapalito II",
              "place": "neighbourhood",
              "type": "site"
            }
          }
        ]
      },
      "geometry": {
        "type": "Point",
        "coordinates": [
          -77.2723896,
          1.1847922
        ]
      },
      "id": "node/12143398806"
    },
    {
      "type": "Feature",
      "properties": {
        "@id": "node/12143398826",
        "name": "Altos de Chapalito III",
        "place": "neighbourhood",
        "@relations": [
          {
            "role": "",
            "rel": 17985082,
            "reltags": {
              "name": "Altos de Chapalito III",
              "place": "neighbourhood",
              "type": "site"
            }
          }
        ]
      },
      "geometry": {
        "type": "Point",
        "coordinates": [
          -77.272713,
          1.1856872
        ]
      },
      "id": "node/12143398826"
    },
    {
      "type": "Feature",
      "properties": {
        "@id": "node/12143398843",
        "name": "Altos de Chapalito I",
        "place": "neighbourhood",
        "@relations": [
          {
            "role": "label",
            "rel": 17985083,
            "reltags": {
              "admin_level": "9",
              "boundary": "administrative",
              "name": "Altos de Chapalito I",
              "place": "neighbourhood",
              "type": "boundary"
            }
          }
        ]
      },
      "geometry": {
        "type": "Point",
        "coordinates": [
          -77.2732648,
          1.1864556
        ]
      },
      "id": "node/12143398843"
    },
    {
      "type": "Feature",
      "properties": {
        "@id": "node/12159124535",
        "name": "Condominio La Estancia",
        "place": "neighbourhood",
        "@relations": [
          {
            "role": "label",
            "rel": 18013486,
            "reltags": {
              "landuse": "residential",
              "name": "Condominio La Estancia",
              "place": "neighbourhood",
              "type": "site"
            }
          }
        ]
      },
      "geometry": {
        "type": "Point",
        "coordinates": [
          -77.2915207,
          1.1859707
        ]
      },
      "id": "node/12159124535"
    },
    {
      "type": "Feature",
      "properties": {
        "@id": "node/12159124565",
        "name": "Conjunto Residencial Bellavista",
        "place": "neighbourhood",
        "@relations": [
          {
            "role": "label",
            "rel": 18013487,
            "reltags": {
              "landuse": "residential",
              "name": "Conjunto Residencial Bellavista",
              "place": "neighbourhood",
              "type": "site"
            }
          }
        ]
      },
      "geometry": {
        "type": "Point",
        "coordinates": [
          -77.2922619,
          1.1845099
        ]
      },
      "id": "node/12159124565"
    },
    {
      "type": "Feature",
      "properties": {
        "@id": "node/13178409793",
        "name": "Fray Ezequiel Bajo",
        "place": "neighbourhood",
        "@relations": [
          {
            "role": "label",
            "rel": 19657751,
            "reltags": {
              "admin_level": "9",
              "boundary": "administrative",
              "name": "Fray Ezequiel Bajo",
              "place": "neighbourhood",
              "type": "boundary"
            }
          }
        ]
      },
      "geometry": {
        "type": "Point",
        "coordinates": [
          -77.2768074,
          1.1831697
        ]
      },
      "id": "node/13178409793"
    },
    {
      "type": "Feature",
      "properties": {
        "@id": "node/13178409794",
        "name": "Los Robles",
        "place": "neighbourhood",
        "@relations": [
          {
            "role": "label",
            "rel": 19657752,
            "reltags": {
              "admin_level": "9",
              "boundary": "administrative",
              "name": "Los Robles",
              "place": "neighbourhood",
              "type": "boundary"
            }
          }
        ]
      },
      "geometry": {
        "type": "Point",
        "coordinates": [
          -77.2782867,
          1.1827983
        ]
      },
      "id": "node/13178409794"
    },
    {
      "type": "Feature",
      "properties": {
        "@id": "node/13178409795",
        "name": "Fray Ezequiel A",
        "place": "neighbourhood",
        "@relations": [
          {
            "role": "label",
            "rel": 19657753,
            "reltags": {
              "admin_level": "9",
              "boundary": "administrative",
              "name": "Fray Ezequiel A",
              "place": "neighbourhood",
              "type": "boundary"
            }
          }
        ]
      },
      "geometry": {
        "type": "Point",
        "coordinates": [
          -77.2781485,
          1.1824041
        ]
      },
      "id": "node/13178409795"
    },
    {
      "type": "Feature",
      "properties": {
        "@id": "node/13196994829",
        "name": "Quintas de San Pedro",
        "place": "neighbourhood",
        "@relations": [
          {
            "role": "label",
            "rel": 19682897,
            "reltags": {
              "admin_level": "9",
              "boundary": "administrative",
              "name": "Quintas de San Pedro",
              "place": "neighbourhood",
              "type": "boundary"
            }
          }
        ]
      },
      "geometry": {
        "type": "Point",
        "coordinates": [
          -77.2944748,
          1.2279822
        ]
      },
      "id": "node/13196994829"
    },
    {
      "type": "Feature",
      "properties": {
        "@id": "node/13196994830",
        "name": "Figueroa",
        "place": "neighbourhood",
        "@relations": [
          {
            "role": "label",
            "rel": 19682898,
            "reltags": {
              "admin_level": "9",
              "boundary": "administrative",
              "name": "Figueroa",
              "place": "neighbourhood",
              "type": "boundary"
            }
          }
        ]
      },
      "geometry": {
        "type": "Point",
        "coordinates": [
          -77.2929946,
          1.2283965
        ]
      },
      "id": "node/13196994830"
    },
    {
      "type": "Feature",
      "properties": {
        "@id": "node/13196994883",
        "name": "Albergue del Sol",
        "place": "neighbourhood",
        "@relations": [
          {
            "role": "label",
            "rel": 19682899,
            "reltags": {
              "admin_level": "9",
              "boundary": "administrative",
              "name": "Albergue del Sol",
              "place": "neighbourhood",
              "type": "boundary"
            }
          }
        ]
      },
      "geometry": {
        "type": "Point",
        "coordinates": [
          -77.2622417,
          1.1939754
        ]
      },
      "id": "node/13196994883"
    },
    {
      "type": "Feature",
      "properties": {
        "@id": "node/13196994888",
        "name": "Villa del Sol",
        "place": "neighbourhood",
        "@relations": [
          {
            "role": "label",
            "rel": 19682900,
            "reltags": {
              "admin_level": "9",
              "boundary": "administrative",
              "name": "Villa del Sol",
              "place": "neighbourhood",
              "type": "boundary"
            }
          }
        ]
      },
      "geometry": {
        "type": "Point",
        "coordinates": [
          -77.2617012,
          1.1927981
        ]
      },
      "id": "node/13196994888"
    },
    {
      "type": "Feature",
      "properties": {
        "@id": "node/13196994889",
        "alt_name": "Villa Docente",
        "name": "Villadocente",
        "place": "neighbourhood",
        "@relations": [
          {
            "role": "label",
            "rel": 19682901,
            "reltags": {
              "admin_level": "9",
              "alt_name": "Villa Docente",
              "boundary": "administrative",
              "name": "Villadocente",
              "place": "neighbourhood",
              "type": "boundary"
            }
          }
        ]
      },
      "geometry": {
        "type": "Point",
        "coordinates": [
          -77.2629372,
          1.1935295
        ]
      },
      "id": "node/13196994889"
    },
    {
      "type": "Feature",
      "properties": {
        "@id": "node/13240766978",
        "alt_name": "Villa del Norte; Barrio Villa del Norte",
        "loc_name": "Villadelnorte; Barrio Villadelnorte",
        "name": "Villas del Norte",
        "place": "neighbourhood",
        "@relations": [
          {
            "role": "label",
            "rel": 19727214,
            "reltags": {
              "admin_level": "9",
              "boundary": "administrative",
              "name": "Villas del Norte",
              "place": "neighbourhood",
              "type": "boundary"
            }
          }
        ]
      },
      "geometry": {
        "type": "Point",
        "coordinates": [
          -77.2682956,
          1.2305734
        ]
      },
      "id": "node/13240766978"
    },
    {
      "type": "Feature",
      "properties": {
        "@id": "node/13240766991",
        "alt_name": "Barrio Futuro",
        "name": "El Futuro",
        "place": "neighbourhood",
        "@relations": [
          {
            "role": "label",
            "rel": 19727215,
            "reltags": {
              "admin_level": "9",
              "boundary": "administrative",
              "name": "El Futuro",
              "place": "neighbourhood",
              "type": "boundary"
            }
          }
        ]
      },
      "geometry": {
        "type": "Point",
        "coordinates": [
          -77.2691705,
          1.2317446
        ]
      },
      "id": "node/13240766991"
    },
    {
      "type": "Feature",
      "properties": {
        "@id": "node/13240766997",
        "name": "El Rincón de Pasto",
        "place": "neighbourhood",
        "@relations": [
          {
            "role": "label",
            "rel": 19727216,
            "reltags": {
              "admin_level": "9",
              "boundary": "administrative",
              "name": "El Rincón de Pasto",
              "place": "neighbourhood",
              "type": "boundary"
            }
          }
        ]
      },
      "geometry": {
        "type": "Point",
        "coordinates": [
          -77.2677825,
          1.2332165
        ]
      },
      "id": "node/13240766997"
    },
    {
      "type": "Feature",
      "properties": {
        "@id": "node/13240793711",
        "alt_name": "Barrio Villa Guerrero",
        "loc_name": "Villaguerrero; Barrio Villaguerrero; Barrio Guerrero",
        "name": "Villa Guerrero",
        "place": "neighbourhood",
        "@relations": [
          {
            "role": "label",
            "rel": 19727217,
            "reltags": {
              "admin_level": "9",
              "boundary": "administrative",
              "name": "Villa Guerrero",
              "place": "neighbourhood",
              "type": "boundary"
            }
          }
        ]
      },
      "geometry": {
        "type": "Point",
        "coordinates": [
          -77.2685999,
          1.2327324
        ]
      },
      "id": "node/13240793711"
    },
    {
      "type": "Feature",
      "properties": {
        "@id": "node/13246527394",
        "name": "Conjunto Ciudad Jardín",
        "place": "neighbourhood",
        "@relations": [
          {
            "role": "label",
            "rel": 19736692,
            "reltags": {
              "admin_level": "9",
              "boundary": "administrative",
              "name": "Conjunto Ciudad Jardín",
              "type": "boundary"
            }
          }
        ]
      },
      "geometry": {
        "type": "Point",
        "coordinates": [
          -77.2804526,
          1.1999969
        ]
      },
      "id": "node/13246527394"
    },
    {
      "type": "Feature",
      "properties": {
        "@id": "node/13246527395",
        "name": "Conjunto Residencial Sotavento",
        "place": "neighbourhood",
        "@relations": [
          {
            "role": "label",
            "rel": 19736691,
            "reltags": {
              "admin_level": "9",
              "boundary": "administrative",
              "name": "Conjunto Residencial Sotavento",
              "place": "neighbourhood",
              "type": "boundary"
            }
          }
        ]
      },
      "geometry": {
        "type": "Point",
        "coordinates": [
          -77.2804713,
          1.1988358
        ]
      },
      "id": "node/13246527395"
    },
    {
      "type": "Feature",
      "properties": {
        "@id": "node/13247885607",
        "name": "Condominio Residencial Los Elíseos",
        "place": "neighbourhood",
        "@relations": [
          {
            "role": "label",
            "rel": 19738914,
            "reltags": {
              "addr:city": "Pasto",
              "addr:housenumber": "4-50",
              "addr:street": "Calle 18A",
              "admin_level": "9",
              "boundary": "administrative",
              "landuse": "residential",
              "name": "Condominio Residencial Los Elíseos",
              "place": "neighbourhood",
              "type": "boundary"
            }
          }
        ]
      },
      "geometry": {
        "type": "Point",
        "coordinates": [
          -77.2672319,
          1.1998763
        ]
      },
      "id": "node/13247885607"
    },
    {
      "type": "Feature",
      "properties": {
        "@id": "node/13248132316",
        "name": "Condominio Castillos del Norte",
        "place": "neighbourhood",
        "@relations": [
          {
            "role": "label",
            "rel": 19739389,
            "reltags": {
              "admin_level": "9",
              "boundary": "administrative",
              "landuse": "residential",
              "name": "Condominio Castillos del Norte",
              "place": "neighbourhood",
              "type": "boundary"
            }
          }
        ]
      },
      "geometry": {
        "type": "Point",
        "coordinates": [
          -77.2908005,
          1.2109715
        ]
      },
      "id": "node/13248132316"
    },
    {
      "type": "Feature",
      "properties": {
        "@id": "node/13248196552",
        "name": "Condominio Achalay",
        "place": "neighbourhood",
        "@relations": [
          {
            "role": "label",
            "rel": 19739510,
            "reltags": {
              "admin_level": "9",
              "boundary": "administrative",
              "landuse": "residential",
              "name": "Condominio Achalay",
              "type": "boundary"
            }
          }
        ]
      },
      "geometry": {
        "type": "Point",
        "coordinates": [
          -77.2905888,
          1.2127083
        ]
      },
      "id": "node/13248196552"
    },
    {
      "type": "Feature",
      "properties": {
        "@id": "node/13248564065",
        "name": "Conjunto Residencial La Gran Colombia",
        "place": "neighbourhood",
        "@relations": [
          {
            "role": "label",
            "rel": 19739902,
            "reltags": {
              "admin_level": "9",
              "boundary": "administrative",
              "name": "Conjunto Residencial La Gran Colombia",
              "place": "neighbourhood",
              "type": "boundary"
            }
          }
        ]
      },
      "geometry": {
        "type": "Point",
        "coordinates": [
          -77.2717649,
          1.2085071
        ]
      },
      "id": "node/13248564065"
    },
    {
      "type": "Feature",
      "properties": {
        "@id": "node/13248564079",
        "name": "Urbanización Normandía",
        "place": "neighbourhood",
        "@relations": [
          {
            "role": "label",
            "rel": 19739903,
            "reltags": {
              "admin_level": "9",
              "boundary": "administrative",
              "name": "Urbanización Normandía",
              "place": "neighbourhood",
              "type": "boundary"
            }
          }
        ]
      },
      "geometry": {
        "type": "Point",
        "coordinates": [
          -77.2720331,
          1.209097
        ]
      },
      "id": "node/13248564079"
    },
    {
      "type": "Feature",
      "properties": {
        "@id": "node/13248564094",
        "loc_name": "La Ratonera",
        "name": "San José",
        "place": "neighbourhood",
        "@relations": [
          {
            "role": "label",
            "rel": 19739904,
            "reltags": {
              "admin_level": "9",
              "boundary": "administrative",
              "name": "San José",
              "place": "neighbourhood",
              "type": "boundary"
            }
          }
        ]
      },
      "geometry": {
        "type": "Point",
        "coordinates": [
          -77.2734616,
          1.2116279
        ]
      },
      "id": "node/13248564094"
    },
    {
      "type": "Feature",
      "properties": {
        "@id": "node/13248571705",
        "name": "El Recuerdo",
        "place": "neighbourhood",
        "@relations": [
          {
            "role": "label",
            "rel": 19739905,
            "reltags": {
              "admin_level": "9",
              "boundary": "administrative",
              "name": "El Recuerdo",
              "place": "neighbourhood",
              "type": "boundary"
            }
          }
        ]
      },
      "geometry": {
        "type": "Point",
        "coordinates": [
          -77.2707291,
          1.2037088
        ]
      },
      "id": "node/13248571705"
    },
    {
      "type": "Feature",
      "properties": {
        "@id": "node/13248571714",
        "name": "Las Lunas I Etapa",
        "place": "neighbourhood",
        "@relations": [
          {
            "role": "label",
            "rel": 19739906,
            "reltags": {
              "admin_level": "9",
              "boundary": "administrative",
              "name": "Las Lunas I Etapa",
              "place": "neighbourhood",
              "type": "boundary"
            }
          }
        ]
      },
      "geometry": {
        "type": "Point",
        "coordinates": [
          -77.2748963,
          1.1999147
        ]
      },
      "id": "node/13248571714"
    },
    {
      "type": "Feature",
      "properties": {
        "@id": "node/13248571726",
        "name": "Salomón",
        "place": "neighbourhood",
        "@relations": [
          {
            "role": "label",
            "rel": 19739907,
            "reltags": {
              "admin_level": "9",
              "boundary": "administrative",
              "name": "Salomón",
              "place": "neighbourhood",
              "type": "boundary"
            }
          }
        ]
      },
      "geometry": {
        "type": "Point",
        "coordinates": [
          -77.2715702,
          1.2015674
        ]
      },
      "id": "node/13248571726"
    },
    {
      "type": "Feature",
      "properties": {
        "@id": "node/13248571746",
        "name": "Las Violetas I",
        "place": "neighbourhood",
        "@relations": [
          {
            "role": "label",
            "rel": 19739910,
            "reltags": {
              "admin_level": "9",
              "boundary": "administrative",
              "name": "Las Violetas I",
              "place": "neighbourhood",
              "type": "boundary"
            }
          }
        ]
      },
      "geometry": {
        "type": "Point",
        "coordinates": [
          -77.2776226,
          1.2028411
        ]
      },
      "id": "node/13248571746"
    },
    {
      "type": "Feature",
      "properties": {
        "@id": "node/13248571747",
        "name": "Las Violetas II",
        "place": "neighbourhood",
        "@relations": [
          {
            "role": "label",
            "rel": 19739909,
            "reltags": {
              "admin_level": "9",
              "boundary": "administrative",
              "landuse": "residential",
              "name": "Las Violetas II",
              "type": "boundary"
            }
          }
        ]
      },
      "geometry": {
        "type": "Point",
        "coordinates": [
          -77.2773658,
          1.2018618
        ]
      },
      "id": "node/13248571747"
    },
    {
      "type": "Feature",
      "properties": {
        "@id": "node/13248571748",
        "name": "Las Violetas III",
        "place": "neighbourhood",
        "@relations": [
          {
            "role": "label",
            "rel": 19739911,
            "reltags": {
              "admin_level": "9",
              "boundary": "administrative",
              "landuse": "residential",
              "name": "Las Violetas III",
              "place": "neighbourhood",
              "type": "boundary"
            }
          }
        ]
      },
      "geometry": {
        "type": "Point",
        "coordinates": [
          -77.2754099,
          1.2016025
        ]
      },
      "id": "node/13248571748"
    },
    {
      "type": "Feature",
      "properties": {
        "@id": "node/13248935223",
        "name": "Conjunto Residencial Prado Verde",
        "place": "neighbourhood",
        "@relations": [
          {
            "role": "label",
            "rel": 19740420,
            "reltags": {
              "admin_level": "9",
              "boundary": "administrative",
              "name": "Conjunto Residencial Prado Verde",
              "place": "neighbourhood",
              "type": "boundary"
            }
          }
        ]
      },
      "geometry": {
        "type": "Point",
        "coordinates": [
          -77.29732,
          1.2244013
        ]
      },
      "id": "node/13248935223"
    },
    {
      "type": "Feature",
      "properties": {
        "@id": "node/13248935228",
        "name": "Condominio Altos de la Colina",
        "place": "neighbourhood"
      },
      "geometry": {
        "type": "Point",
        "coordinates": [
          -77.2957681,
          1.2248287
        ]
      },
      "id": "node/13248935228"
    },
    {
      "type": "Feature",
      "properties": {
        "@id": "node/13248935233",
        "name": "Conjunto Residencial Bosque de la Colina I",
        "place": "neighbourhood",
        "@relations": [
          {
            "role": "label",
            "rel": 19740422,
            "reltags": {
              "admin_level": "9",
              "boundary": "administrative",
              "name": "Conjunto Residencial Bosque de la Colina I",
              "place": "neighbourhood",
              "type": "boundary"
            }
          }
        ]
      },
      "geometry": {
        "type": "Point",
        "coordinates": [
          -77.2978887,
          1.226311
        ]
      },
      "id": "node/13248935233"
    },
    {
      "type": "Feature",
      "properties": {
        "@id": "node/13248935249",
        "name": "Altos de la Colina",
        "place": "neighbourhood",
        "@relations": [
          {
            "role": "label",
            "rel": 19740423,
            "reltags": {
              "admin_level": "9",
              "boundary": "administrative",
              "name": "Altos de la Colina",
              "place": "neighbourhood",
              "type": "boundary"
            }
          }
        ]
      },
      "geometry": {
        "type": "Point",
        "coordinates": [
          -77.2947355,
          1.2263362
        ]
      },
      "id": "node/13248935249"
    },
    {
      "type": "Feature",
      "properties": {
        "@id": "node/13248935258",
        "name": "Los Laureles",
        "place": "neighbourhood",
        "@relations": [
          {
            "role": "label",
            "rel": 19740424,
            "reltags": {
              "admin_level": "9",
              "boundary": "administrative",
              "name": "Los Laureles",
              "place": "neighbourhood",
              "type": "boundary"
            }
          }
        ]
      },
      "geometry": {
        "type": "Point",
        "coordinates": [
          -77.2962466,
          1.2266378
        ]
      },
      "id": "node/13248935258"
    },
    {
      "type": "Feature",
      "properties": {
        "@id": "node/13257080438",
        "name": "Urbanización Puertas del Sol",
        "place": "neighbourhood",
        "@relations": [
          {
            "role": "label",
            "rel": 19756237,
            "reltags": {
              "admin_level": "9",
              "boundary": "administrative",
              "name": "Urbanización Puertas del Sol",
              "place": "neighbourhood",
              "type": "boundary"
            }
          }
        ]
      },
      "geometry": {
        "type": "Point",
        "coordinates": [
          -77.2684834,
          1.1940093
        ]
      },
      "id": "node/13257080438"
    },
    {
      "type": "Feature",
      "properties": {
        "@id": "node/13257080449",
        "alt_name": "La Minga",
        "name": "Urbanización La Minga",
        "place": "neighbourhood",
        "@relations": [
          {
            "role": "label",
            "rel": 19756238,
            "reltags": {
              "admin_level": "9",
              "boundary": "administrative",
              "name": "Urbanización La Minga",
              "place": "neighbourhood",
              "type": "boundary"
            }
          }
        ]
      },
      "geometry": {
        "type": "Point",
        "coordinates": [
          -77.2709679,
          1.1899934
        ]
      },
      "id": "node/13257080449"
    },
    {
      "type": "Feature",
      "properties": {
        "@id": "node/13257091205",
        "name": "Belén",
        "place": "neighbourhood",
        "@relations": [
          {
            "role": "label",
            "rel": 19756247,
            "reltags": {
              "admin_level": "9",
              "alt_name": "La Habana",
              "boundary": "administrative",
              "name": "Belén",
              "place": "neighbourhood",
              "type": "boundary"
            }
          }
        ]
      },
      "geometry": {
        "type": "Point",
        "coordinates": [
          -77.2674508,
          1.1912335
        ]
      },
      "id": "node/13257091205"
    },
    {
      "type": "Feature",
      "properties": {
        "@id": "node/13258205185",
        "alt_name": "Unidad Residencial Calatrava; Urbanización Calatrava",
        "loc_name": "Cala Trava; Cala Traba; Calatraba",
        "name": "Conjunto Calatrava",
        "place": "neighbourhood",
        "@relations": [
          {
            "role": "label",
            "rel": 19757248,
            "reltags": {
              "admin_level": "9",
              "boundary": "administrative",
              "name": "Calatrava",
              "place": "neighbourhood",
              "type": "boundary"
            }
          }
        ]
      },
      "geometry": {
        "type": "Point",
        "coordinates": [
          -77.2910122,
          1.2264522
        ]
      },
      "id": "node/13258205185"
    },
    {
      "type": "Feature",
      "properties": {
        "@id": "node/13258932117",
        "alt_name": "Conjunto Miravalle; Urbanización Miravalle",
        "loc_name": "Mira Valle",
        "name": "Unidad Residencial Miravalle",
        "place": "neighbourhood"
      },
      "geometry": {
        "type": "Point",
        "coordinates": [
          -77.2917764,
          1.2268781
        ]
      },
      "id": "node/13258932117"
    },
    {
      "type": "Feature",
      "properties": {
        "@id": "node/13258932130",
        "loc_name": "Remansos del Norte",
        "name": "Condominio El Remanso del Norte",
        "place": "neighbourhood",
        "@relations": [
          {
            "role": "label",
            "rel": 19757250,
            "reltags": {
              "admin_level": "9",
              "boundary": "administrative",
              "name": "Condominio El Remanso del Norte",
              "place": "neighbourhood",
              "type": "boundary"
            }
          }
        ]
      },
      "geometry": {
        "type": "Point",
        "coordinates": [
          -77.2931238,
          1.2262342
        ]
      },
      "id": "node/13258932130"
    },
    {
      "type": "Feature",
      "properties": {
        "@id": "node/13259862037",
        "alt_name": "Urbanización Balcones de la Carolina; Condominio Balcones de la Carolina",
        "loc_name": "Los Balcones de la Carolina",
        "name": "Conjunto Residencial Balcones de La Carolina",
        "place": "neighbourhood",
        "@relations": [
          {
            "role": "label",
            "rel": 19757714,
            "reltags": {
              "admin_level": "9",
              "boundary": "administrative",
              "name": "Conjunto Residencial Balcones de La Carolina",
              "place": "neighbourhood",
              "type": "boundary"
            }
          }
        ]
      },
      "geometry": {
        "type": "Point",
        "coordinates": [
          -77.2601174,
          1.2113241
        ]
      },
      "id": "node/13259862037"
    },
    {
      "type": "Feature",
      "properties": {
        "@id": "node/13259862694",
        "alt_name": "Urbanización Campiña de Oriente; Condominio Campiña de Oriente",
        "name": "Conjunto Residencial Campiña de Oriente",
        "place": "neighbourhood",
        "@relations": [
          {
            "role": "label",
            "rel": 19757715,
            "reltags": {
              "admin_level": "9",
              "boundary": "administrative",
              "name": "Conjunto Residencial Campiña de Oriente",
              "place": "neighbourhood",
              "type": "boundary"
            }
          }
        ]
      },
      "geometry": {
        "type": "Point",
        "coordinates": [
          -77.259228,
          1.2079051
        ]
      },
      "id": "node/13259862694"
    },
    {
      "type": "Feature",
      "properties": {
        "@id": "node/13259862695",
        "alt_name": "Conjunto Residencial Campiña de Oriente; Condominio Campiña de Oriente",
        "name": "Urbanización Campo Verde",
        "place": "neighbourhood",
        "@relations": [
          {
            "role": "label",
            "rel": 19757716,
            "reltags": {
              "admin_level": "9",
              "boundary": "administrative",
              "name": "Urbanización Campo Verde",
              "place": "neighbourhood",
              "type": "boundary"
            }
          }
        ]
      },
      "geometry": {
        "type": "Point",
        "coordinates": [
          -77.2604083,
          1.2075882
        ]
      },
      "id": "node/13259862695"
    },
    {
      "type": "Feature",
      "properties": {
        "@id": "node/13259866887",
        "name": "Javeriano",
        "place": "neighbourhood",
        "@relations": [
          {
            "role": "label",
            "rel": 19757769,
            "reltags": {
              "admin_level": "9",
              "boundary": "administrative",
              "name": "Javeriano",
              "place": "neighbourhood",
              "type": "boundary"
            }
          }
        ]
      },
      "geometry": {
        "type": "Point",
        "coordinates": [
          -77.2731882,
          1.2069059
        ]
      },
      "id": "node/13259866887"
    },
    {
      "type": "Feature",
      "properties": {
        "@id": "node/13259866895",
        "name": "Navarrete",
        "place": "neighbourhood",
        "@relations": [
          {
            "role": "label",
            "rel": 19757770,
            "reltags": {
              "admin_level": "9",
              "boundary": "administrative",
              "name": "Navarrete",
              "place": "neighbourhood",
              "type": "boundary"
            }
          }
        ]
      },
      "geometry": {
        "type": "Point",
        "coordinates": [
          -77.2736497,
          1.2076091
        ]
      },
      "id": "node/13259866895"
    },
    {
      "type": "Feature",
      "properties": {
        "@id": "node/13259889714",
        "name": "El Prado",
        "place": "neighbourhood",
        "@relations": [
          {
            "role": "label",
            "rel": 19757771,
            "reltags": {
              "admin_level": "9",
              "boundary": "administrative",
              "name": "El Prado",
              "place": "neighbourhood",
              "type": "boundary"
            }
          }
        ]
      },
      "geometry": {
        "type": "Point",
        "coordinates": [
          -77.2742086,
          1.2089804
        ]
      },
      "id": "node/13259889714"
    },
    {
      "type": "Feature",
      "properties": {
        "@id": "node/13260068055",
        "loc_name": "Nuevaranda; Barrio Aranda Nuevo; Barrio Nuevaranda; Barrio Nueva Aranda",
        "name": "Nueva Aranda",
        "official_name": "La Nueva Aranda",
        "place": "neighbourhood",
        "@relations": [
          {
            "role": "label",
            "rel": 19758154,
            "reltags": {
              "admin_level": "9",
              "boundary": "administrative",
              "name": "Nueva Aranda",
              "place": "neighbourhood",
              "type": "boundary"
            }
          }
        ]
      },
      "geometry": {
        "type": "Point",
        "coordinates": [
          -77.2701582,
          1.228683
        ]
      },
      "id": "node/13260068055"
    },
    {
      "type": "Feature",
      "properties": {
        "@id": "node/13260124617",
        "alt_name": "Urbanización Nuevo Sol; Barrio Nuevo Sol",
        "loc_name": "Nuevosol",
        "name": "Nuevo Sol",
        "place": "neighbourhood",
        "@relations": [
          {
            "role": "label",
            "rel": 19758156,
            "reltags": {
              "admin_level": "9",
              "boundary": "administrative",
              "name": "Nuevo Sol",
              "place": "neighbourhood",
              "type": "boundary"
            }
          }
        ]
      },
      "geometry": {
        "type": "Point",
        "coordinates": [
          -77.2717407,
          1.2306373
        ]
      },
      "id": "node/13260124617"
    },
    {
      "type": "Feature",
      "properties": {
        "@id": "node/13260140571",
        "name": "Quillotocto",
        "place": "neighbourhood",
        "@relations": [
          {
            "role": "label",
            "rel": 19758191,
            "reltags": {
              "admin_level": "9",
              "boundary": "administrative",
              "name": "Quillotocto",
              "place": "neighbourhood",
              "type": "boundary"
            }
          }
        ]
      },
      "geometry": {
        "type": "Point",
        "coordinates": [
          -77.2711654,
          1.2346232
        ]
      },
      "id": "node/13260140571"
    },
    {
      "type": "Feature",
      "properties": {
        "@id": "node/13260201094",
        "loc_name": "Lafloresta; Barrio Floresta",
        "name": "La Floresta",
        "place": "neighbourhood"
      },
      "geometry": {
        "type": "Point",
        "coordinates": [
          -77.2678046,
          1.2268278
        ]
      },
      "id": "node/13260201094"
    },
    {
      "type": "Feature",
      "properties": {
        "@id": "node/13260224510",
        "alt_name": "Urbanización San Luis; Conjunto San Luis",
        "loc_name": "Sanluis; Torres Sanluis; Bloques rojos; Bloques rojos Floresta",
        "name": "Torres de San Luis",
        "place": "neighbourhood",
        "@relations": [
          {
            "role": "label",
            "rel": 19758314,
            "reltags": {
              "admin_level": "9",
              "boundary": "administrative",
              "name": "Torres de San Luis",
              "place": "neighbourhood",
              "type": "boundary"
            }
          }
        ]
      },
      "geometry": {
        "type": "Point",
        "coordinates": [
          -77.2664418,
          1.2287555
        ]
      },
      "id": "node/13260224510"
    },
    {
      "type": "Feature",
      "properties": {
        "@id": "node/13260224533",
        "loc_name": "Sanalbano; San Alvano",
        "name": "San Albano",
        "place": "neighbourhood",
        "@relations": [
          {
            "role": "label",
            "rel": 19758315,
            "reltags": {
              "admin_level": "9",
              "boundary": "administrative",
              "name": "San Albano",
              "place": "neighbourhood",
              "type": "boundary"
            }
          }
        ]
      },
      "geometry": {
        "type": "Point",
        "coordinates": [
          -77.2716968,
          1.2258364
        ]
      },
      "id": "node/13260224533"
    },
    {
      "type": "Feature",
      "properties": {
        "@id": "node/13260306273",
        "name": "María Isabel",
        "place": "neighbourhood"
      },
      "geometry": {
        "type": "Point",
        "coordinates": [
          -77.2797525,
          1.1971276
        ]
      },
      "id": "node/13260306273"
    },
    {
      "type": "Feature",
      "properties": {
        "@id": "node/13260306274",
        "name": "Terrazas de Chapal",
        "place": "neighbourhood"
      },
      "geometry": {
        "type": "Point",
        "coordinates": [
          -77.2809327,
          1.1935128
        ]
      },
      "id": "node/13260306274"
    },
    {
      "type": "Feature",
      "properties": {
        "@id": "node/13260306275",
        "name": "Pandiaco",
        "place": "neighbourhood"
      },
      "geometry": {
        "type": "Point",
        "coordinates": [
          -77.2886132,
          1.2298405
        ]
      },
      "id": "node/13260306275"
    },
    {
      "type": "Feature",
      "properties": {
        "@id": "node/13260306276",
        "name": "Paraná",
        "place": "neighbourhood"
      },
      "geometry": {
        "type": "Point",
        "coordinates": [
          -77.2850338,
          1.2225144
        ]
      },
      "id": "node/13260306276"
    },
    {
      "type": "Feature",
      "properties": {
        "@id": "node/13260306280",
        "alt_name": "Barrio La Carolina; Urbanización La Carolina",
        "name": "La Carolina",
        "place": "neighbourhood"
      },
      "geometry": {
        "type": "Point",
        "coordinates": [
          -77.2618501,
          1.2096736
        ]
      },
      "id": "node/13260306280"
    },
    {
      "type": "Feature",
      "properties": {
        "@id": "node/13260306281",
        "alt_name": "Barrio Gualcalá; Urbanización Gualcalá",
        "name": "Gualcalá",
        "place": "neighbourhood"
      },
      "geometry": {
        "type": "Point",
        "coordinates": [
          -77.2605211,
          1.210045
        ]
      },
      "id": "node/13260306281"
    },
    {
      "type": "Feature",
      "properties": {
        "@id": "node/13260306282",
        "alt_name": "Conjunto residencial La Florida; Barrio La Florida",
        "name": "Urbanización La Florida",
        "place": "neighbourhood",
        "@relations": [
          {
            "role": "label",
            "rel": 19758562,
            "reltags": {
              "admin_level": "9",
              "boundary": "administrative",
              "name": "Urbanización La Florida",
              "place": "neighbourhood",
              "type": "boundary"
            }
          }
        ]
      },
      "geometry": {
        "type": "Point",
        "coordinates": [
          -77.2592416,
          1.2097071
        ]
      },
      "id": "node/13260306282"
    },
    {
      "type": "Feature",
      "properties": {
        "@id": "node/13263963160",
        "alt_name": "Panorámico II; Panorámico segunda etapa",
        "name": "Panorámico 2",
        "place": "neighbourhood",
        "@relations": [
          {
            "role": "label",
            "rel": 19763560,
            "reltags": {
              "admin_level": "9",
              "boundary": "administrative",
              "name": "Panorámico 2",
              "place": "neighbourhood",
              "type": "boundary"
            }
          }
        ]
      },
      "geometry": {
        "type": "Point",
        "coordinates": [
          -77.2946277,
          1.2153222
        ]
      },
      "id": "node/13263963160"
    },
    {
      "type": "Feature",
      "properties": {
        "@id": "node/13263963161",
        "alt_name": "Panorámico I; Panorámico primera etapa",
        "name": "Panorámico 1",
        "place": "neighbourhood",
        "@relations": [
          {
            "role": "label",
            "rel": 19763561,
            "reltags": {
              "admin_level": "9",
              "boundary": "administrative",
              "name": "Panorámico 1",
              "place": "neighbourhood",
              "type": "boundary"
            }
          }
        ]
      },
      "geometry": {
        "type": "Point",
        "coordinates": [
          -77.2964231,
          1.2147856
        ]
      },
      "id": "node/13263963161"
    },
    {
      "type": "Feature",
      "properties": {
        "@id": "node/13263963162",
        "name": "Gualcaloma IV etapa",
        "place": "neighbourhood",
        "@relations": [
          {
            "role": "label",
            "rel": 19763562,
            "reltags": {
              "admin_level": "9",
              "boundary": "administrative",
              "name": "Gualcaloma IV etapa",
              "place": "neighbourhood",
              "type": "boundary"
            }
          }
        ]
      },
      "geometry": {
        "type": "Point",
        "coordinates": [
          -77.2962389,
          1.2163798
        ]
      },
      "id": "node/13263963162"
    },
    {
      "type": "Feature",
      "properties": {
        "@id": "node/13263965177",
        "name": "Condominio Ciudad Real",
        "place": "neighbourhood",
        "@relations": [
          {
            "role": "label",
            "rel": 19763508,
            "reltags": {
              "admin_level": "9",
              "boundary": "administrative",
              "name": "Condominio Ciudad Real",
              "place": "neighbourhood",
              "type": "boundary"
            }
          }
        ]
      },
      "geometry": {
        "type": "Point",
        "coordinates": [
          -77.2726876,
          1.2180134
        ]
      },
      "id": "node/13263965177"
    },
    {
      "type": "Feature",
      "properties": {
        "@id": "node/13264305337",
        "name": "Corazón de Jesús",
        "place": "neighbourhood"
      },
      "geometry": {
        "type": "Point",
        "coordinates": [
          -77.2686539,
          1.2218805
        ]
      },
      "id": "node/13264305337"
    },
    {
      "type": "Feature",
      "properties": {
        "@id": "node/13264305368",
        "name": "Santa Matilde",
        "place": "neighbourhood"
      },
      "geometry": {
        "type": "Point",
        "coordinates": [
          -77.2667916,
          1.2246247
        ]
      },
      "id": "node/13264305368"
    },
    {
      "type": "Feature",
      "properties": {
        "@id": "node/13264326975",
        "alt_name": "Barrio Villa Adriana",
        "name": "Villa Adriana María",
        "place": "neighbourhood",
        "@relations": [
          {
            "role": "label",
            "rel": 19764057,
            "reltags": {
              "admin_level": "9",
              "boundary": "administrative",
              "name": "Villa Adriana María",
              "place": "neighbourhood",
              "type": "boundary"
            }
          }
        ]
      },
      "geometry": {
        "type": "Point",
        "coordinates": [
          -77.2623001,
          1.2056663
        ]
      },
      "id": "node/13264326975"
    },
    {
      "type": "Feature",
      "properties": {
        "@id": "node/13264326976",
        "alt_name": "Conjunto Residencial Pucalpa II; Urbanización Pucalpa II; Pucalpa 2",
        "loc_name": "Pucallpa 2",
        "name": "Pucalpa II",
        "place": "neighbourhood",
        "@relations": [
          {
            "role": "label",
            "rel": 19764058,
            "reltags": {
              "admin_level": "9",
              "boundary": "administrative",
              "name": "Pucalpa II",
              "place": "neighbourhood",
              "type": "boundary"
            }
          }
        ]
      },
      "geometry": {
        "type": "Point",
        "coordinates": [
          -77.2613469,
          1.2064687
        ]
      },
      "id": "node/13264326976"
    },
    {
      "type": "Feature",
      "properties": {
        "@id": "node/13264369501",
        "name": "Prados del Sur",
        "place": "neighbourhood"
      },
      "geometry": {
        "type": "Point",
        "coordinates": [
          -77.2798196,
          1.1961446
        ]
      },
      "id": "node/13264369501"
    },
    {
      "type": "Feature",
      "properties": {
        "@id": "node/13265214541",
        "name": "Santiago",
        "place": "neighbourhood",
        "@relations": [
          {
            "role": "label",
            "rel": 19766086,
            "reltags": {
              "admin_level": "9",
              "boundary": "administrative",
              "name": "Santiago",
              "place": "neighbourhood",
              "type": "boundary"
            }
          }
        ]
      },
      "geometry": {
        "type": "Point",
        "coordinates": [
          -77.284098,
          1.2105128
        ]
      },
      "id": "node/13265214541"
    },
    {
      "type": "Feature",
      "properties": {
        "@id": "node/13265214548",
        "name": "Caracha",
        "place": "neighbourhood",
        "@relations": [
          {
            "role": "label",
            "rel": 19766087,
            "reltags": {
              "admin_level": "9",
              "boundary": "administrative",
              "name": "Caracha",
              "place": "neighbourhood",
              "type": "boundary"
            }
          }
        ]
      },
      "geometry": {
        "type": "Point",
        "coordinates": [
          -77.2855999,
          1.2086627
        ]
      },
      "id": "node/13265214548"
    },
    {
      "type": "Feature",
      "properties": {
        "@id": "node/13265214555",
        "loc_name": "El Obrero",
        "name": "Obrero",
        "official_name": "San José Obrero",
        "place": "neighbourhood",
        "@relations": [
          {
            "role": "label",
            "rel": 19766088,
            "reltags": {
              "admin_level": "9",
              "boundary": "administrative",
              "name": "Obrero",
              "official_name": "San José Obrero",
              "place": "neighbourhood",
              "type": "boundary"
            }
          }
        ]
      },
      "geometry": {
        "type": "Point",
        "coordinates": [
          -77.2871522,
          1.2102791
        ]
      },
      "id": "node/13265214555"
    },
    {
      "type": "Feature",
      "properties": {
        "@id": "node/13265904605",
        "alt_name": "Santa Rosa de Lima",
        "name": "La Rosa",
        "place": "neighbourhood",
        "@relations": [
          {
            "role": "label",
            "rel": 19767329,
            "reltags": {
              "admin_level": "9",
              "boundary": "administrative",
              "name": "La Rosa",
              "place": "neighbourhood",
              "type": "boundary"
            }
          }
        ]
      },
      "geometry": {
        "type": "Point",
        "coordinates": [
          -77.2757453,
          1.1922363
        ]
      },
      "id": "node/13265904605"
    },
    {
      "type": "Feature",
      "properties": {
        "@id": "node/13265904630",
        "alt_name": "Barrio Altos de Las Mercedes; Urbanización Altos de Las Mercedes",
        "name": "Altos de Las Mercedes",
        "place": "neighbourhood",
        "@relations": [
          {
            "role": "label",
            "rel": 19767330,
            "reltags": {
              "admin_level": "9",
              "boundary": "administrative",
              "name": "Altos de Las Mercedes",
              "place": "neighbourhood",
              "type": "boundary"
            }
          }
        ]
      },
      "geometry": {
        "type": "Point",
        "coordinates": [
          -77.2948077,
          1.1990101
        ]
      },
      "id": "node/13265904630"
    },
    {
      "type": "Feature",
      "properties": {
        "@id": "node/13265904683",
        "name": "Villa Lucciana",
        "place": "neighbourhood",
        "@relations": [
          {
            "role": "label",
            "rel": 19767331,
            "reltags": {
              "admin_level": "9",
              "boundary": "administrative",
              "name": "Villa Lucciana",
              "place": "neighbourhood",
              "type": "boundary"
            }
          }
        ]
      },
      "geometry": {
        "type": "Point",
        "coordinates": [
          -77.2613833,
          1.2059975
        ]
      },
      "id": "node/13265904683"
    },
    {
      "type": "Feature",
      "properties": {
        "@id": "node/13265916577",
        "alt_name": "Las Lajas; Barrio Villa Las Lajas; Urbanización Villa Las Lajas; Barrio Las Lajas",
        "name": "Villa Las Lajas",
        "place": "neighbourhood"
      },
      "geometry": {
        "type": "Point",
        "coordinates": [
          -77.2536278,
          1.2006647
        ]
      },
      "id": "node/13265916577"
    },
    {
      "type": "Feature",
      "properties": {
        "@id": "node/13265916578",
        "alt_name": "Barrio Las Brisas; Urbanización Las Brisas",
        "name": "Las Brisas",
        "place": "neighbourhood",
        "@relations": [
          {
            "role": "label",
            "rel": 19779838,
            "reltags": {
              "admin_level": "9",
              "boundary": "administrative",
              "name": "Las Brisas",
              "place": "neighbourhood",
              "type": "boundary"
            }
          }
        ]
      },
      "geometry": {
        "type": "Point",
        "coordinates": [
          -77.2512701,
          1.2040221
        ]
      },
      "id": "node/13265916578"
    },
    {
      "type": "Feature",
      "properties": {
        "@id": "node/13265916579",
        "alt_name": "Barrio Caicedonia",
        "name": "Caicedonia",
        "place": "neighbourhood"
      },
      "geometry": {
        "type": "Point",
        "coordinates": [
          -77.2529611,
          1.2042201
        ]
      },
      "id": "node/13265916579"
    },
    {
      "type": "Feature",
      "properties": {
        "@id": "node/13265916582",
        "alt_name": "Urbanización Pie de Cuesta",
        "loc_name": "Conjunto Piedecuesta",
        "name": "Conjunto Residencial Pie de Cuesta",
        "place": "neighbourhood"
      },
      "geometry": {
        "type": "Point",
        "coordinates": [
          -77.2527547,
          1.2023849
        ]
      },
      "id": "node/13265916582"
    },
    {
      "type": "Feature",
      "properties": {
        "@id": "node/13265916590",
        "alt_name": "Barrio Villa Alejandría; Urbanización Villa Alejandría",
        "loc_name": "Villa Alejandra",
        "name": "Villa Alejandría",
        "place": "neighbourhood",
        "@relations": [
          {
            "role": "label",
            "rel": 19767395,
            "reltags": {
              "admin_level": "9",
              "boundary": "administrative",
              "name": "Villa Alejandría",
              "place": "neighbourhood",
              "type": "boundary"
            }
          }
        ]
      },
      "geometry": {
        "type": "Point",
        "coordinates": [
          -77.253487,
          1.2014383
        ]
      },
      "id": "node/13265916590"
    },
    {
      "type": "Feature",
      "properties": {
        "@id": "node/13265916598",
        "name": "Arnulfo Guerrero",
        "place": "neighbourhood",
        "@relations": [
          {
            "role": "label",
            "rel": 19767396,
            "reltags": {
              "admin_level": "9",
              "boundary": "administrative",
              "name": "Arnulfo Guerrero",
              "place": "neighbourhood",
              "type": "boundary"
            }
          }
        ]
      },
      "geometry": {
        "type": "Point",
        "coordinates": [
          -77.2520265,
          1.2008309
        ]
      },
      "id": "node/13265916598"
    },
    {
      "type": "Feature",
      "properties": {
        "@id": "node/13270584103",
        "name": "Torres de Aquine",
        "place": "neighbourhood"
      },
      "geometry": {
        "type": "Point",
        "coordinates": [
          -77.2699195,
          1.2152929
        ]
      },
      "id": "node/13270584103"
    },
    {
      "type": "Feature",
      "properties": {
        "@id": "node/13270584104",
        "name": "Aquine Alto II Sector 1",
        "place": "neighbourhood"
      },
      "geometry": {
        "type": "Point",
        "coordinates": [
          -77.2697505,
          1.2164406
        ]
      },
      "id": "node/13270584104"
    },
    {
      "type": "Feature",
      "properties": {
        "@id": "node/13270584105",
        "name": "La Lomita",
        "place": "neighbourhood",
        "@relations": [
          {
            "role": "label",
            "rel": 19774755,
            "reltags": {
              "admin_level": "9",
              "boundary": "administrative",
              "name": "La Lomita",
              "place": "neighbourhood",
              "type": "boundary"
            }
          }
        ]
      },
      "geometry": {
        "type": "Point",
        "coordinates": [
          -77.2701126,
          1.2173389
        ]
      },
      "id": "node/13270584105"
    },
    {
      "type": "Feature",
      "properties": {
        "@id": "node/13270584106",
        "name": "Belalcázar",
        "place": "neighbourhood"
      },
      "geometry": {
        "type": "Point",
        "coordinates": [
          -77.2716522,
          1.2167812
        ]
      },
      "id": "node/13270584106"
    },
    {
      "type": "Feature",
      "properties": {
        "@id": "node/13270584107",
        "name": "Calvario",
        "place": "neighbourhood"
      },
      "geometry": {
        "type": "Point",
        "coordinates": [
          -77.2713035,
          1.2174864
        ]
      },
      "id": "node/13270584107"
    },
    {
      "type": "Feature",
      "properties": {
        "@id": "node/13270584108",
        "name": "Torres del Cielo I",
        "place": "neighbourhood"
      },
      "geometry": {
        "type": "Point",
        "coordinates": [
          -77.2686321,
          1.2169501
        ]
      },
      "id": "node/13270584108"
    },
    {
      "type": "Feature",
      "properties": {
        "@id": "node/13270584109",
        "alt_name": "Torres del Cielo 2",
        "name": "Torres del Cielo II",
        "place": "neighbourhood"
      },
      "geometry": {
        "type": "Point",
        "coordinates": [
          -77.2676665,
          1.2170735
        ]
      },
      "id": "node/13270584109"
    },
    {
      "type": "Feature",
      "properties": {
        "@id": "node/13270584110",
        "name": "Conjunto residencial La Quinta",
        "place": "neighbourhood",
        "@relations": [
          {
            "role": "label",
            "rel": 19838209,
            "reltags": {
              "admin_level": "9",
              "boundary": "administrative",
              "name": "Conjunto Residencial La Quinta",
              "place": "neighbourhood",
              "type": "boundary"
            }
          }
        ]
      },
      "geometry": {
        "type": "Point",
        "coordinates": [
          -77.2651613,
          1.2209135
        ]
      },
      "id": "node/13270584110"
    },
    {
      "type": "Feature",
      "properties": {
        "@id": "node/13270584111",
        "name": "Urbanización Nuevo Sindagua",
        "place": "neighbourhood",
        "@relations": [
          {
            "role": "label",
            "rel": 19838204,
            "reltags": {
              "admin_level": "9",
              "boundary": "administrative",
              "name": "Urbanización Nuevo Sindagua",
              "place": "neighbourhood",
              "type": "boundary"
            }
          }
        ]
      },
      "geometry": {
        "type": "Point",
        "coordinates": [
          -77.2639892,
          1.2191544
        ]
      },
      "id": "node/13270584111"
    },
    {
      "type": "Feature",
      "properties": {
        "@id": "node/13270584112",
        "name": "Conjunto Residencial Villa Rocío",
        "place": "neighbourhood"
      },
      "geometry": {
        "type": "Point",
        "coordinates": [
          -77.2635359,
          1.2183579
        ]
      },
      "id": "node/13270584112"
    },
    {
      "type": "Feature",
      "properties": {
        "@id": "node/13270584113",
        "name": "Torres de Iguazú",
        "place": "neighbourhood"
      },
      "geometry": {
        "type": "Point",
        "coordinates": [
          -77.2648421,
          1.2184813
        ]
      },
      "id": "node/13270584113"
    },
    {
      "type": "Feature",
      "properties": {
        "@id": "node/13270584114",
        "name": "Carlos Pizarro",
        "place": "neighbourhood",
        "@relations": [
          {
            "role": "label",
            "rel": 19895506,
            "reltags": {
              "admin_level": "9",
              "boundary": "administrative",
              "name": "Carlos Pizarro",
              "place": "neighbourhood",
              "type": "boundary"
            }
          }
        ]
      },
      "geometry": {
        "type": "Point",
        "coordinates": [
          -77.2646172,
          1.2166049
        ]
      },
      "id": "node/13270584114"
    },
    {
      "type": "Feature",
      "properties": {
        "@id": "node/13270584115",
        "name": "Las Orquídeas",
        "place": "neighbourhood",
        "@relations": [
          {
            "role": "label",
            "rel": 19838206,
            "reltags": {
              "admin_level": "9",
              "boundary": "administrative",
              "name": "Las Orquídeas",
              "place": "neighbourhood",
              "type": "boundary"
            }
          }
        ]
      },
      "geometry": {
        "type": "Point",
        "coordinates": [
          -77.2623002,
          1.2187673
        ]
      },
      "id": "node/13270584115"
    },
    {
      "type": "Feature",
      "properties": {
        "@id": "node/13270584116",
        "name": "El Paraíso",
        "place": "neighbourhood",
        "@relations": [
          {
            "role": "label",
            "rel": 19838207,
            "reltags": {
              "admin_level": "9",
              "boundary": "administrative",
              "name": "El Paraíso",
              "place": "neighbourhood",
              "type": "boundary"
            }
          }
        ]
      },
      "geometry": {
        "type": "Point",
        "coordinates": [
          -77.263159,
          1.2182614
        ]
      },
      "id": "node/13270584116"
    },
    {
      "type": "Feature",
      "properties": {
        "@id": "node/13270584117",
        "name": "El Manantial",
        "place": "neighbourhood",
        "@relations": [
          {
            "role": "label",
            "rel": 19838208,
            "reltags": {
              "admin_level": "9",
              "boundary": "administrative",
              "name": "El Manantial",
              "place": "neighbourhood",
              "type": "boundary"
            }
          }
        ]
      },
      "geometry": {
        "type": "Point",
        "coordinates": [
          -77.2632511,
          1.2175803
        ]
      },
      "id": "node/13270584117"
    },
    {
      "type": "Feature",
      "properties": {
        "@id": "node/13270584118",
        "alt_name": "Torres de Monterrey",
        "loc_name": "Bloques de Monterrey; Conjunto Monterrey; Urbanización Monterrey; Monterey",
        "name": "Condominio Monterrey",
        "place": "neighbourhood",
        "@relations": [
          {
            "role": "label",
            "rel": 19901969,
            "reltags": {
              "admin_level": "9",
              "alt_name": "Urbanización Monterrey",
              "boundary": "administrative",
              "loc_name": "Monterey",
              "name": "Condominio Monterrey",
              "place": "neighbourhood",
              "type": "boundary"
            }
          }
        ]
      },
      "geometry": {
        "type": "Point",
        "coordinates": [
          -77.2677767,
          1.2194169
        ]
      },
      "id": "node/13270584118"
    },
    {
      "type": "Feature",
      "properties": {
        "@id": "node/13270584119",
        "name": "Ezequiel Moreno",
        "official_name": "San Ezequiel Moreno Díaz",
        "place": "neighbourhood",
        "@relations": [
          {
            "role": "label",
            "rel": 19859955,
            "reltags": {
              "admin_level": "9",
              "alt_name": "San Ezequiel Moreno",
              "boundary": "administrative",
              "name": "Ezequiel Moreno",
              "place": "neighbourhood",
              "type": "boundary"
            }
          }
        ]
      },
      "geometry": {
        "type": "Point",
        "coordinates": [
          -77.2662859,
          1.2196829
        ]
      },
      "id": "node/13270584119"
    },
    {
      "type": "Feature",
      "properties": {
        "@id": "node/13270584120",
        "name": "Simón Bolívar",
        "place": "neighbourhood"
      },
      "geometry": {
        "type": "Point",
        "coordinates": [
          -77.2663079,
          1.2184004
        ]
      },
      "id": "node/13270584120"
    },
    {
      "type": "Feature",
      "properties": {
        "@id": "node/13270584121",
        "name": "San Diego Norte",
        "official_name": "San Diego",
        "place": "neighbourhood",
        "@relations": [
          {
            "role": "label",
            "rel": 19838601,
            "reltags": {
              "admin_level": "9",
              "boundary": "administrative",
              "name": "San Diego Norte",
              "official_name": "San Diego",
              "place": "neighbourhood",
              "type": "boundary"
            }
          }
        ]
      },
      "geometry": {
        "type": "Point",
        "coordinates": [
          -77.266758,
          1.217502
        ]
      },
      "id": "node/13270584121"
    },
    {
      "type": "Feature",
      "properties": {
        "@id": "node/13270584122",
        "name": "María Paz 2",
        "place": "neighbourhood",
        "@relations": [
          {
            "role": "label",
            "rel": 19895509,
            "reltags": {
              "admin_level": "9",
              "alt_name": "María Paz II",
              "boundary": "administrative",
              "loc_name": "Mariapaz 2; Maríapaz II",
              "name": "María Paz 2",
              "place": "neighbourhood",
              "type": "boundary"
            }
          }
        ]
      },
      "geometry": {
        "type": "Point",
        "coordinates": [
          -77.2665166,
          1.2159473
        ]
      },
      "id": "node/13270584122"
    },
    {
      "type": "Feature",
      "properties": {
        "@id": "node/13270584123",
        "alt_name": "María Paz I; Mariapaz; Mariapaz 1",
        "name": "María Paz 1",
        "place": "neighbourhood",
        "@relations": [
          {
            "role": "label",
            "rel": 19838600,
            "reltags": {
              "admin_level": "9",
              "boundary": "administrative",
              "name": "María Paz 1",
              "place": "neighbourhood",
              "type": "boundary"
            }
          }
        ]
      },
      "geometry": {
        "type": "Point",
        "coordinates": [
          -77.2665034,
          1.2162767
        ]
      },
      "id": "node/13270584123"
    },
    {
      "type": "Feature",
      "properties": {
        "@id": "node/13270584124",
        "name": "Sindagua",
        "place": "neighbourhood",
        "@relations": [
          {
            "role": "label",
            "rel": 19838203,
            "reltags": {
              "admin_level": "9",
              "boundary": "administrative",
              "name": "Sindagua",
              "place": "neighbourhood",
              "type": "boundary"
            }
          }
        ]
      },
      "geometry": {
        "type": "Point",
        "coordinates": [
          -77.2634457,
          1.2204714
        ]
      },
      "id": "node/13270584124"
    },
    {
      "type": "Feature",
      "properties": {
        "@id": "node/13270730518",
        "alt_name": "Barrio Villaflor 2; Barrio Villaflor II",
        "loc_name": "Villa Flor II; Villa Flor 2",
        "name": "Villaflor II",
        "place": "neighbourhood",
        "@relations": [
          {
            "role": "label",
            "rel": 19871405,
            "reltags": {
              "admin_level": "9",
              "alt_name": "Villaflor 2",
              "boundary": "administrative",
              "loc_name": "Villa Flor II; Villa Flor 2",
              "name": "Villaflor II",
              "place": "neighbourhood",
              "type": "boundary"
            }
          }
        ]
      },
      "geometry": {
        "type": "Point",
        "coordinates": [
          -77.2561226,
          1.2012911
        ]
      },
      "id": "node/13270730518"
    },
    {
      "type": "Feature",
      "properties": {
        "@id": "node/13270730519",
        "alt_name": "Barrio Santa Mónica",
        "loc_name": "Santa Monica; Santamonica; Santamónica",
        "name": "Santa Mónica",
        "place": "neighbourhood",
        "@relations": [
          {
            "role": "label",
            "rel": 19871404,
            "reltags": {
              "admin_level": "9",
              "boundary": "administrative",
              "loc_name": "Santa Monica; Santamonica; Santamónica",
              "name": "Santa Mónica",
              "place": "neighbourhood",
              "type": "boundary"
            }
          }
        ]
      },
      "geometry": {
        "type": "Point",
        "coordinates": [
          -77.2562005,
          1.2039843
        ]
      },
      "id": "node/13270730519"
    },
    {
      "type": "Feature",
      "properties": {
        "@id": "node/13271648278",
        "name": "Aquine Reservado P.H. sector A",
        "place": "neighbourhood",
        "@relations": [
          {
            "role": "label",
            "rel": 19776678,
            "reltags": {
              "admin_level": "9",
              "boundary": "administrative",
              "name": "Aquine Reservado P.H. sector A",
              "place": "neighbourhood",
              "type": "boundary"
            }
          }
        ]
      },
      "geometry": {
        "type": "Point",
        "coordinates": [
          -77.2707939,
          1.2161027
        ]
      },
      "id": "node/13271648278"
    },
    {
      "type": "Feature",
      "properties": {
        "@id": "node/13271648279",
        "name": "Aquine Reservado P.H. sector B",
        "place": "neighbourhood",
        "@relations": [
          {
            "role": "label",
            "rel": 19776679,
            "reltags": {
              "admin_level": "9",
              "boundary": "administrative",
              "name": "Aquine Reservado P.H. sector B",
              "place": "neighbourhood",
              "type": "boundary"
            }
          }
        ]
      },
      "geometry": {
        "type": "Point",
        "coordinates": [
          -77.2709897,
          1.2159351
        ]
      },
      "id": "node/13271648279"
    },
    {
      "type": "Feature",
      "properties": {
        "@id": "node/13271648297",
        "name": "Aquine Alto II Sector 2",
        "place": "neighbourhood",
        "@relations": [
          {
            "role": "label",
            "rel": 19776680,
            "reltags": {
              "admin_level": "9",
              "boundary": "administrative",
              "name": "Aquine Alto II Sector 2",
              "place": "neighbourhood",
              "type": "boundary"
            }
          }
        ]
      },
      "geometry": {
        "type": "Point",
        "coordinates": [
          -77.2697264,
          1.215848
        ]
      },
      "id": "node/13271648297"
    },
    {
      "type": "Feature",
      "properties": {
        "@id": "node/13271731212",
        "name": "Conjunto Villa Jazmín",
        "place": "neighbourhood"
      },
      "geometry": {
        "type": "Point",
        "coordinates": [
          -77.2716013,
          1.2157863
        ]
      },
      "id": "node/13271731212"
    },
    {
      "type": "Feature",
      "properties": {
        "@id": "node/13271731227",
        "name": "Aquine Alto I Sector 2",
        "place": "neighbourhood"
      },
      "geometry": {
        "type": "Point",
        "coordinates": [
          -77.2703514,
          1.2156589
        ]
      },
      "id": "node/13271731227"
    },
    {
      "type": "Feature",
      "properties": {
        "@id": "node/13271731228",
        "name": "Aquine Alto I Sector 1",
        "place": "neighbourhood"
      },
      "geometry": {
        "type": "Point",
        "coordinates": [
          -77.2710568,
          1.2150261
        ]
      },
      "id": "node/13271731228"
    },
    {
      "type": "Feature",
      "properties": {
        "@id": "node/13271731253",
        "name": "Condominio Aquine III Sector 3",
        "place": "neighbourhood",
        "@relations": [
          {
            "role": "label",
            "rel": 19776684,
            "reltags": {
              "admin_level": "9",
              "boundary": "administrative",
              "name": "Condominio Aquine III Sector 3",
              "place": "neighbourhood",
              "type": "boundary"
            }
          }
        ]
      },
      "geometry": {
        "type": "Point",
        "coordinates": [
          -77.2725293,
          1.2151266
        ]
      },
      "id": "node/13271731253"
    },
    {
      "type": "Feature",
      "properties": {
        "@id": "node/13271731266",
        "name": "Condominio Aquine III Sector 2",
        "place": "neighbourhood",
        "@relations": [
          {
            "role": "label",
            "rel": 19776683,
            "reltags": {
              "admin_level": "9",
              "boundary": "administrative",
              "name": "Condominio Aquine III Sector 2",
              "place": "neighbourhood",
              "type": "boundary"
            }
          }
        ]
      },
      "geometry": {
        "type": "Point",
        "coordinates": [
          -77.2721055,
          1.2148558
        ]
      },
      "id": "node/13271731266"
    },
    {
      "type": "Feature",
      "properties": {
        "@id": "node/13271731267",
        "name": "Condominio Aquine III Sector 1",
        "place": "neighbourhood"
      },
      "geometry": {
        "type": "Point",
        "coordinates": [
          -77.2726098,
          1.2140902
        ]
      },
      "id": "node/13271731267"
    },
    {
      "type": "Feature",
      "properties": {
        "@id": "node/13271731274",
        "name": "El Cilinidro",
        "place": "neighbourhood",
        "@relations": [
          {
            "role": "label",
            "rel": 19776685,
            "reltags": {
              "admin_level": "9",
              "boundary": "administrative",
              "name": "El Cilinidro",
              "place": "neighbourhood",
              "type": "boundary"
            }
          }
        ]
      },
      "geometry": {
        "type": "Point",
        "coordinates": [
          -77.2741628,
          1.2137161
        ]
      },
      "id": "node/13271731274"
    },
    {
      "type": "Feature",
      "properties": {
        "@id": "node/13271731285",
        "name": "Conjunto Residencial Torres del Nogal",
        "place": "neighbourhood"
      },
      "geometry": {
        "type": "Point",
        "coordinates": [
          -77.2741601,
          1.2158024
        ]
      },
      "id": "node/13271731285"
    },
    {
      "type": "Feature",
      "properties": {
        "@id": "node/13271731286",
        "name": "Conjunto Residencial Mirador de Aquine",
        "place": "neighbourhood"
      },
      "geometry": {
        "type": "Point",
        "coordinates": [
          -77.2731462,
          1.2156924
        ]
      },
      "id": "node/13271731286"
    },
    {
      "type": "Feature",
      "properties": {
        "@id": "node/13271731287",
        "name": "Condominio Alameda del Río",
        "place": "neighbourhood"
      },
      "geometry": {
        "type": "Point",
        "coordinates": [
          -77.2735968,
          1.2147083
        ]
      },
      "id": "node/13271731287"
    },
    {
      "type": "Feature",
      "properties": {
        "@id": "node/13271731289",
        "name": "Condominio Aquine II",
        "place": "neighbourhood",
        "@relations": [
          {
            "role": "label",
            "rel": 19776686,
            "reltags": {
              "admin_level": "9",
              "boundary": "administrative",
              "name": "Condominio Aquine II",
              "place": "neighbourhood",
              "type": "boundary"
            }
          }
        ]
      },
      "geometry": {
        "type": "Point",
        "coordinates": [
          -77.2721075,
          1.2137362
        ]
      },
      "id": "node/13271731289"
    },
    {
      "type": "Feature",
      "properties": {
        "@id": "node/13271731295",
        "name": "Condominio Aquine I",
        "place": "neighbourhood",
        "@relations": [
          {
            "role": "label",
            "rel": 19776687,
            "reltags": {
              "admin_level": "9",
              "boundary": "administrative",
              "name": "Condominio Aquine I",
              "place": "neighbourhood",
              "type": "boundary"
            }
          }
        ]
      },
      "geometry": {
        "type": "Point",
        "coordinates": [
          -77.2718856,
          1.2129813
        ]
      },
      "id": "node/13271731295"
    },
    {
      "type": "Feature",
      "properties": {
        "@id": "node/13271731315",
        "name": "Aquine IV",
        "place": "neighbourhood"
      },
      "geometry": {
        "type": "Point",
        "coordinates": [
          -77.2729746,
          1.2131556
        ]
      },
      "id": "node/13271731315"
    },
    {
      "type": "Feature",
      "properties": {
        "@id": "node/13271731329",
        "name": "La Alhambra",
        "place": "neighbourhood"
      },
      "geometry": {
        "type": "Point",
        "coordinates": [
          -77.2741875,
          1.2052673
        ]
      },
      "id": "node/13271731329"
    },
    {
      "type": "Feature",
      "properties": {
        "@id": "node/13271731330",
        "name": "El Aire Libre",
        "place": "neighbourhood"
      },
      "geometry": {
        "type": "Point",
        "coordinates": [
          -77.2778835,
          1.2055248
        ]
      },
      "id": "node/13271731330"
    },
    {
      "type": "Feature",
      "properties": {
        "@id": "node/13271731331",
        "name": "Los Álamos",
        "place": "neighbourhood"
      },
      "geometry": {
        "type": "Point",
        "coordinates": [
          -77.2842602,
          1.2076941
        ]
      },
      "id": "node/13271731331"
    },
    {
      "type": "Feature",
      "properties": {
        "@id": "node/13271731332",
        "name": "Boyacá",
        "place": "neighbourhood"
      },
      "geometry": {
        "type": "Point",
        "coordinates": [
          -77.2825547,
          1.208758
        ]
      },
      "id": "node/13271731332"
    },
    {
      "type": "Feature",
      "properties": {
        "@id": "node/13271731333",
        "name": "Los Alcázares",
        "place": "neighbourhood"
      },
      "geometry": {
        "type": "Point",
        "coordinates": [
          -77.2692739,
          1.2175412
        ]
      },
      "id": "node/13271731333"
    },
    {
      "type": "Feature",
      "properties": {
        "@id": "node/13271731334",
        "name": "San Miguel",
        "place": "neighbourhood"
      },
      "geometry": {
        "type": "Point",
        "coordinates": [
          -77.2804057,
          1.2037031
        ]
      },
      "id": "node/13271731334"
    },
    {
      "type": "Feature",
      "properties": {
        "@id": "node/13271731335",
        "loc_name": "Ata Hualpa",
        "name": "Atahualpa",
        "place": "neighbourhood"
      },
      "geometry": {
        "type": "Point",
        "coordinates": [
          -77.2817655,
          1.2054184
        ]
      },
      "id": "node/13271731335"
    },
    {
      "type": "Feature",
      "properties": {
        "@id": "node/13271731336",
        "alt_name": "Balcones de Bachué",
        "loc_name": "Balcones del Bachué",
        "name": "Los Balcones",
        "place": "neighbourhood"
      },
      "geometry": {
        "type": "Point",
        "coordinates": [
          -77.2844699,
          1.2052759
        ]
      },
      "id": "node/13271731336"
    },
    {
      "type": "Feature",
      "properties": {
        "@id": "node/13271731337",
        "name": "El Olivo",
        "place": "neighbourhood",
        "@relations": [
          {
            "role": "label",
            "rel": 19776689,
            "reltags": {
              "admin_level": "9",
              "boundary": "administrative",
              "name": "El Olivo",
              "place": "neighbourhood",
              "type": "boundary"
            }
          }
        ]
      },
      "geometry": {
        "type": "Point",
        "coordinates": [
          -77.2701003,
          1.2067865
        ]
      },
      "id": "node/13271731337"
    },
    {
      "type": "Feature",
      "properties": {
        "@id": "node/13272239676",
        "name": "Marcos de la Rosa",
        "place": "neighbourhood"
      },
      "geometry": {
        "type": "Point",
        "coordinates": [
          -77.2779004,
          1.2180951
        ]
      },
      "id": "node/13272239676"
    },
    {
      "type": "Feature",
      "properties": {
        "@id": "node/13272239678",
        "loc_name": "Pejendino Reyes",
        "name": "La Estrella",
        "place": "neighbourhood"
      },
      "geometry": {
        "type": "Point",
        "coordinates": [
          -77.2515678,
          1.2054433
        ]
      },
      "id": "node/13272239678"
    },
    {
      "type": "Feature",
      "properties": {
        "@id": "node/13272239679",
        "alt_name": "Alto del Lorenzo",
        "loc_name": "Lorenzo Alto",
        "name": "Altos de Lorenzo",
        "place": "neighbourhood",
        "@relations": [
          {
            "role": "label",
            "rel": 19908449,
            "reltags": {
              "admin_level": "9",
              "alt_name": "Alto del Lorenzo",
              "boundary": "administrative",
              "loc_name": "Lorenzo Alto",
              "name": "Altos de Lorenzo",
              "place": "neighbourhood",
              "type": "boundary"
            }
          }
        ]
      },
      "geometry": {
        "type": "Point",
        "coordinates": [
          -77.2621008,
          1.1951432
        ]
      },
      "id": "node/13272239679"
    },
    {
      "type": "Feature",
      "properties": {
        "@id": "node/13272239680",
        "alt_name": "Barrio La Esmeralda; Urbanización La Esmeralda",
        "name": "La Esmeralda",
        "place": "neighbourhood",
        "@relations": [
          {
            "role": "label",
            "rel": 19903478,
            "reltags": {
              "admin_level": "9",
              "alt_name": "Barrio La Esmeralda",
              "boundary": "administrative",
              "name": "La Esmeralda",
              "type": "boundary"
            }
          }
        ]
      },
      "geometry": {
        "type": "Point",
        "coordinates": [
          -77.2655484,
          1.2037646
        ]
      },
      "id": "node/13272239680"
    },
    {
      "type": "Feature",
      "properties": {
        "@id": "node/13272239681",
        "name": "Mercedario",
        "place": "neighbourhood"
      },
      "geometry": {
        "type": "Point",
        "coordinates": [
          -77.2618175,
          1.2043287
        ]
      },
      "id": "node/13272239681"
    },
    {
      "type": "Feature",
      "properties": {
        "@id": "node/13272239682",
        "alt_name": "Barrio Santa Bárbara",
        "loc_name": "Santabarbara",
        "name": "Santa Bárbara",
        "place": "neighbourhood"
      },
      "geometry": {
        "type": "Point",
        "coordinates": [
          -77.2600374,
          1.2021607
        ]
      },
      "id": "node/13272239682"
    },
    {
      "type": "Feature",
      "properties": {
        "@id": "node/13272239683",
        "alt_name": "Santa Fe",
        "name": "Santafé",
        "place": "neighbourhood"
      },
      "geometry": {
        "type": "Point",
        "coordinates": [
          -77.2603118,
          1.1980447
        ]
      },
      "id": "node/13272239683"
    },
    {
      "type": "Feature",
      "properties": {
        "@id": "node/13272239684",
        "name": "La Paz",
        "place": "neighbourhood"
      },
      "geometry": {
        "type": "Point",
        "coordinates": [
          -77.2611648,
          1.1972671
        ]
      },
      "id": "node/13272239684"
    },
    {
      "type": "Feature",
      "properties": {
        "@id": "node/13272239685",
        "name": "Las Américas",
        "place": "neighbourhood"
      },
      "geometry": {
        "type": "Point",
        "coordinates": [
          -77.2807449,
          1.2077146
        ]
      },
      "id": "node/13272239685"
    },
    {
      "type": "Feature",
      "properties": {
        "@id": "node/13272280737",
        "alt_name": "Conjunto Residencial Pucalpa III; Urbanización Pucalpa III; Pucalpa 3",
        "name": "Urbanización Pucalpa III",
        "place": "neighbourhood",
        "@relations": [
          {
            "role": "label",
            "rel": 19777629,
            "reltags": {
              "admin_level": "9",
              "boundary": "administrative",
              "name": "Urbanización Pucalpa III",
              "place": "neighbourhood",
              "type": "boundary"
            }
          }
        ]
      },
      "geometry": {
        "type": "Point",
        "coordinates": [
          -77.256565,
          1.2066197
        ]
      },
      "id": "node/13272280737"
    },
    {
      "type": "Feature",
      "properties": {
        "@id": "node/13274382501",
        "name": "Nuevo Amanecer",
        "place": "neighbourhood",
        "@relations": [
          {
            "role": "label",
            "rel": 19782336,
            "reltags": {
              "admin_level": "9",
              "boundary": "administrative",
              "name": "Nuevo Amanecer",
              "place": "neighbourhood",
              "type": "boundary"
            }
          }
        ]
      },
      "geometry": {
        "type": "Point",
        "coordinates": [
          -77.2859721,
          1.2405755
        ]
      },
      "id": "node/13274382501"
    },
    {
      "type": "Feature",
      "properties": {
        "@id": "node/13274382505",
        "name": "La Riviera",
        "place": "neighbourhood"
      },
      "geometry": {
        "type": "Point",
        "coordinates": [
          -77.2804817,
          1.2242339
        ]
      },
      "id": "node/13274382505"
    },
    {
      "type": "Feature",
      "properties": {
        "@id": "node/13274382506",
        "name": "Versalles",
        "place": "neighbourhood"
      },
      "geometry": {
        "type": "Point",
        "coordinates": [
          -77.2816468,
          1.2239873
        ]
      },
      "id": "node/13274382506"
    },
    {
      "type": "Feature",
      "properties": {
        "@id": "node/13291070474",
        "alt_name": "Doce de Octubre",
        "name": "Doce de Octubre 1a etapa",
        "place": "neighbourhood"
      },
      "geometry": {
        "type": "Point",
        "coordinates": [
          -77.2693693,
          1.1926403
        ]
      },
      "id": "node/13291070474"
    },
    {
      "type": "Feature",
      "properties": {
        "@id": "node/13291070475",
        "alt_name": "Doce de Octubre 2",
        "name": "Doce de Octubre 2a etapa",
        "place": "neighbourhood",
        "@relations": [
          {
            "role": "label",
            "rel": 19810009,
            "reltags": {
              "admin_level": "9",
              "alt_name": "Doce de Octubre 2",
              "boundary": "administrative",
              "name": "Doce de Octubre 2a Etapa",
              "place": "neighbourhood",
              "type": "boundary"
            }
          }
        ]
      },
      "geometry": {
        "type": "Point",
        "coordinates": [
          -77.2675959,
          1.1903766
        ]
      },
      "id": "node/13291070475"
    },
    {
      "type": "Feature",
      "properties": {
        "@id": "node/13291255073",
        "name": "La Libertad",
        "place": "neighbourhood"
      },
      "geometry": {
        "type": "Point",
        "coordinates": [
          -77.2727431,
          1.2233982
        ]
      },
      "id": "node/13291255073"
    },
    {
      "type": "Feature",
      "properties": {
        "@id": "node/13291255074",
        "name": "Cementerio",
        "place": "neighbourhood"
      },
      "geometry": {
        "type": "Point",
        "coordinates": [
          -77.2742064,
          1.221728
        ]
      },
      "id": "node/13291255074"
    },
    {
      "type": "Feature",
      "properties": {
        "@id": "node/13291259259",
        "alt_name": "Barrio Popular; El Popular",
        "name": "Popular",
        "place": "neighbourhood"
      },
      "geometry": {
        "type": "Point",
        "coordinates": [
          -77.2481346,
          1.2002329
        ]
      },
      "id": "node/13291259259"
    },
    {
      "type": "Feature",
      "properties": {
        "@id": "node/13291259260",
        "alt_name": "Barrio Rosal del Oriente",
        "loc_name": "Rosales de Oriente",
        "name": "Rosal de Oriente",
        "place": "neighbourhood"
      },
      "geometry": {
        "type": "Point",
        "coordinates": [
          -77.2469088,
          1.1996805
        ]
      },
      "id": "node/13291259260"
    },
    {
      "type": "Feature",
      "properties": {
        "@id": "node/13291347242",
        "name": "El Triunfo",
        "place": "neighbourhood"
      },
      "geometry": {
        "type": "Point",
        "coordinates": [
          -77.2641367,
          1.1913889
        ]
      },
      "id": "node/13291347242"
    },
    {
      "type": "Feature",
      "properties": {
        "@id": "node/13291347243",
        "name": "El Porvenir",
        "place": "neighbourhood"
      },
      "geometry": {
        "type": "Point",
        "coordinates": [
          -77.2635305,
          1.190622
        ]
      },
      "id": "node/13291347243"
    },
    {
      "type": "Feature",
      "properties": {
        "@id": "node/13291347244",
        "name": "El Rosario",
        "old_name": "El Rosario de Males",
        "place": "neighbourhood"
      },
      "geometry": {
        "type": "Point",
        "coordinates": [
          -77.2627379,
          1.1894206
        ]
      },
      "id": "node/13291347244"
    },
    {
      "type": "Feature",
      "properties": {
        "@id": "node/13291347278",
        "name": "Villa Victoria",
        "place": "neighbourhood",
        "@relations": [
          {
            "role": "label",
            "rel": 19810567,
            "reltags": {
              "admin_level": "9",
              "boundary": "administrative",
              "name": "Villa Victoria",
              "place": "neighbourhood",
              "type": "boundary"
            }
          }
        ]
      },
      "geometry": {
        "type": "Point",
        "coordinates": [
          -77.2632274,
          1.191877
        ]
      },
      "id": "node/13291347278"
    },
    {
      "type": "Feature",
      "properties": {
        "@id": "node/13291347279",
        "name": "Villa Olímpica",
        "place": "neighbourhood",
        "@relations": [
          {
            "role": "label",
            "rel": 19810566,
            "reltags": {
              "admin_level": "9",
              "boundary": "administrative",
              "name": "Villa Olímpica",
              "place": "neighbourhood",
              "type": "boundary"
            }
          }
        ]
      },
      "geometry": {
        "type": "Point",
        "coordinates": [
          -77.2629431,
          1.1924468
        ]
      },
      "id": "node/13291347279"
    },
    {
      "type": "Feature",
      "properties": {
        "@id": "node/13291348974",
        "name": "San Martín",
        "place": "neighbourhood"
      },
      "geometry": {
        "type": "Point",
        "coordinates": [
          -77.2742749,
          1.1952012
        ]
      },
      "id": "node/13291348974"
    },
    {
      "type": "Feature",
      "properties": {
        "@id": "node/13291348975",
        "name": "El Pilar",
        "place": "neighbourhood"
      },
      "geometry": {
        "type": "Point",
        "coordinates": [
          -77.2761772,
          1.1948268
        ]
      },
      "id": "node/13291348975"
    },
    {
      "type": "Feature",
      "properties": {
        "@id": "node/13291348976",
        "name": "Las Lunas II Etapa",
        "place": "neighbourhood"
      },
      "geometry": {
        "type": "Point",
        "coordinates": [
          -77.2756659,
          1.1979768
        ]
      },
      "id": "node/13291348976"
    },
    {
      "type": "Feature",
      "properties": {
        "@id": "node/13291348977",
        "name": "El Progreso",
        "place": "neighbourhood"
      },
      "geometry": {
        "type": "Point",
        "coordinates": [
          -77.2735556,
          1.1979292
        ]
      },
      "id": "node/13291348977"
    },
    {
      "type": "Feature",
      "properties": {
        "@id": "node/13291348978",
        "name": "Santa Clara",
        "place": "neighbourhood"
      },
      "geometry": {
        "type": "Point",
        "coordinates": [
          -77.2716711,
          1.1954033
        ]
      },
      "id": "node/13291348978"
    },
    {
      "type": "Feature",
      "properties": {
        "@id": "node/13291348979",
        "name": "Emilio Botero",
        "place": "neighbourhood"
      },
      "geometry": {
        "type": "Point",
        "coordinates": [
          -77.2682648,
          1.1965771
        ]
      },
      "id": "node/13291348979"
    },
    {
      "type": "Feature",
      "properties": {
        "@id": "node/13291348980",
        "name": "Cantarana",
        "place": "neighbourhood"
      },
      "geometry": {
        "type": "Point",
        "coordinates": [
          -77.2676109,
          1.197421
        ]
      },
      "id": "node/13291348980"
    },
    {
      "type": "Feature",
      "properties": {
        "@id": "node/13291348981",
        "name": "Madrigal",
        "place": "neighbourhood"
      },
      "geometry": {
        "type": "Point",
        "coordinates": [
          -77.2678665,
          1.1988712
        ]
      },
      "id": "node/13291348981"
    },
    {
      "type": "Feature",
      "properties": {
        "@id": "node/13291402330",
        "name": "Venecia",
        "place": "neighbourhood"
      },
      "geometry": {
        "type": "Point",
        "coordinates": [
          -77.2701719,
          1.2009578
        ]
      },
      "id": "node/13291402330"
    },
    {
      "type": "Feature",
      "properties": {
        "@id": "node/13291402331",
        "name": "Betania",
        "place": "neighbourhood"
      },
      "geometry": {
        "type": "Point",
        "coordinates": [
          -77.2614676,
          1.1992379
        ]
      },
      "id": "node/13291402331"
    },
    {
      "type": "Feature",
      "properties": {
        "@id": "node/13291402332",
        "name": "Lorenzo",
        "official_name": "Lorenzo de Aldana",
        "place": "neighbourhood"
      },
      "geometry": {
        "type": "Point",
        "coordinates": [
          -77.2651048,
          1.1974688
        ]
      },
      "id": "node/13291402332"
    },
    {
      "type": "Feature",
      "properties": {
        "@id": "node/13291402333",
        "name": "El Tejar",
        "place": "neighbourhood"
      },
      "geometry": {
        "type": "Point",
        "coordinates": [
          -77.2636107,
          1.200472
        ]
      },
      "id": "node/13291402333"
    },
    {
      "type": "Feature",
      "properties": {
        "@id": "node/13291402334",
        "name": "Las Mercedes",
        "place": "neighbourhood"
      },
      "geometry": {
        "type": "Point",
        "coordinates": [
          -77.2639498,
          1.2016658
        ]
      },
      "id": "node/13291402334"
    },
    {
      "type": "Feature",
      "properties": {
        "@id": "node/13291402335",
        "name": "Bernal",
        "place": "neighbourhood",
        "@relations": [
          {
            "role": "label",
            "rel": 19815744,
            "reltags": {
              "admin_level": "9",
              "boundary": "administrative",
              "name": "Bernal",
              "place": "neighbourhood",
              "type": "boundary"
            }
          }
        ]
      },
      "geometry": {
        "type": "Point",
        "coordinates": [
          -77.266205,
          1.2013208
        ]
      },
      "id": "node/13291402335"
    },
    {
      "type": "Feature",
      "properties": {
        "@id": "node/13291402336",
        "name": "Sendoya",
        "place": "neighbourhood",
        "@relations": [
          {
            "role": "label",
            "rel": 19815743,
            "reltags": {
              "admin_level": "9",
              "boundary": "administrative",
              "name": "Sendoya",
              "place": "neighbourhood",
              "type": "boundary"
            }
          }
        ]
      },
      "geometry": {
        "type": "Point",
        "coordinates": [
          -77.2677534,
          1.2020793
        ]
      },
      "id": "node/13291402336"
    },
    {
      "type": "Feature",
      "properties": {
        "@id": "node/13291402337",
        "name": "Chile",
        "place": "neighbourhood",
        "@relations": [
          {
            "role": "label",
            "rel": 19815745,
            "reltags": {
              "admin_level": "9",
              "boundary": "administrative",
              "name": "Chile",
              "place": "neighbourhood",
              "type": "boundary"
            }
          }
        ]
      },
      "geometry": {
        "type": "Point",
        "coordinates": [
          -77.2690283,
          1.2027023
        ]
      },
      "id": "node/13291402337"
    },
    {
      "type": "Feature",
      "properties": {
        "@id": "node/13293573221",
        "name": "Rincón Colonial",
        "place": "neighbourhood"
      },
      "geometry": {
        "type": "Point",
        "coordinates": [
          -77.2648851,
          1.1996788
        ]
      },
      "id": "node/13293573221"
    },
    {
      "type": "Feature",
      "properties": {
        "@id": "node/13293573222",
        "name": "El Ejido",
        "place": "neighbourhood"
      },
      "geometry": {
        "type": "Point",
        "coordinates": [
          -77.2653092,
          1.2051086
        ]
      },
      "id": "node/13293573222"
    },
    {
      "type": "Feature",
      "properties": {
        "@id": "node/13293600610",
        "name": "Santa Mónica Condominio",
        "place": "neighbourhood",
        "@relations": [
          {
            "role": "label",
            "rel": 19815891,
            "reltags": {
              "admin_level": "9",
              "boundary": "administrative",
              "name": "Santa Mónica Condominio",
              "place": "neighbourhood",
              "type": "boundary"
            }
          }
        ]
      },
      "geometry": {
        "type": "Point",
        "coordinates": [
          -77.2548361,
          1.2052154
        ]
      },
      "id": "node/13293600610"
    },
    {
      "type": "Feature",
      "properties": {
        "@id": "node/13293600612",
        "alt_name": "Condominio Santa Catalina; Urbanización Santa Catalina",
        "loc_name": "Santacatalina",
        "name": "Conjunto Residencial Santa Catalina",
        "place": "neighbourhood",
        "@relations": [
          {
            "role": "label",
            "rel": 19815892,
            "reltags": {
              "admin_level": "9",
              "boundary": "administrative",
              "name": "Conjunto Residencial Santa Catalina",
              "place": "neighbourhood",
              "type": "boundary"
            }
          }
        ]
      },
      "geometry": {
        "type": "Point",
        "coordinates": [
          -77.2561229,
          1.2052415
        ]
      },
      "id": "node/13293600612"
    },
    {
      "type": "Feature",
      "properties": {
        "@id": "node/13293600613",
        "alt_name": "Condominio Guamuez; Urbanización Guamuez",
        "loc_name": "Guamues",
        "name": "Conjunto Residencial Guamuez",
        "place": "neighbourhood",
        "@relations": [
          {
            "role": "label",
            "rel": 19815893,
            "reltags": {
              "admin_level": "9",
              "boundary": "administrative",
              "name": "Conjunto Residencial Guamuez",
              "place": "neighbourhood",
              "type": "boundary"
            }
          }
        ]
      },
      "geometry": {
        "type": "Point",
        "coordinates": [
          -77.2573252,
          1.2052918
        ]
      },
      "id": "node/13293600613"
    },
    {
      "type": "Feature",
      "properties": {
        "@id": "node/13293633618",
        "alt_name": "Casa Loma",
        "name": "Casaloma",
        "place": "neighbourhood"
      },
      "geometry": {
        "type": "Point",
        "coordinates": [
          -77.263552,
          1.2052154
        ]
      },
      "id": "node/13293633618"
    },
    {
      "type": "Feature",
      "properties": {
        "@id": "node/13296937387",
        "name": "Laureano Gómez",
        "place": "neighbourhood"
      },
      "geometry": {
        "type": "Point",
        "coordinates": [
          -77.26661,
          1.1984049
        ]
      },
      "id": "node/13296937387"
    },
    {
      "type": "Feature",
      "properties": {
        "@id": "node/13296937388",
        "name": "Miraflores II",
        "place": "neighbourhood"
      },
      "geometry": {
        "type": "Point",
        "coordinates": [
          -77.2642697,
          1.1927032
        ]
      },
      "id": "node/13296937388"
    },
    {
      "type": "Feature",
      "properties": {
        "@id": "node/13296937389",
        "name": "Miraflores I",
        "place": "neighbourhood"
      },
      "geometry": {
        "type": "Point",
        "coordinates": [
          -77.2669814,
          1.1944249
        ]
      },
      "id": "node/13296937389"
    },
    {
      "type": "Feature",
      "properties": {
        "@id": "node/13296937390",
        "name": "San Germán",
        "place": "neighbourhood"
      },
      "geometry": {
        "type": "Point",
        "coordinates": [
          -77.2644022,
          1.1895948
        ]
      },
      "id": "node/13296937390"
    },
    {
      "type": "Feature",
      "properties": {
        "@id": "node/13296937391",
        "alt_name": "Barrio Belisario Betancur; Urbanización Belisario Betancur",
        "loc_name": "Belisario Betancourt",
        "name": "Belisario Betancur",
        "place": "neighbourhood"
      },
      "geometry": {
        "type": "Point",
        "coordinates": [
          -77.252185,
          1.203161
        ]
      },
      "id": "node/13296937391"
    },
    {
      "type": "Feature",
      "properties": {
        "@id": "node/13305054513",
        "alt_name": "Condominio Santa Rita",
        "name": "Conjunto Cerrado Santa Rita",
        "place": "neighbourhood",
        "@relations": [
          {
            "role": "label",
            "rel": 19838201,
            "reltags": {
              "admin_level": "9",
              "alt_name": "Condominio Santa Rita",
              "boundary": "administrative",
              "name": "Conjunto Cerrado Santa Rita",
              "place": "neighbourhood",
              "type": "boundary"
            }
          }
        ]
      },
      "geometry": {
        "type": "Point",
        "coordinates": [
          -77.2901273,
          1.2341685
        ]
      },
      "id": "node/13305054513"
    },
    {
      "type": "Feature",
      "properties": {
        "@id": "node/13305054518",
        "alt_name": "Urbanización El Aljibe",
        "name": "Condominio El Aljibe",
        "place": "neighbourhood",
        "@relations": [
          {
            "role": "label",
            "rel": 19838202,
            "reltags": {
              "admin_level": "9",
              "alt_name": "Urbanización El Aljibe",
              "boundary": "administrative",
              "name": "Condominio El Aljibe",
              "place": "neighbourhood",
              "type": "boundary"
            }
          }
        ]
      },
      "geometry": {
        "type": "Point",
        "coordinates": [
          -77.2893468,
          1.2340815
        ]
      },
      "id": "node/13305054518"
    },
    {
      "type": "Feature",
      "properties": {
        "@id": "node/13305054764",
        "name": "Condominio Santa Elena",
        "place": "neighbourhood"
      },
      "geometry": {
        "type": "Point",
        "coordinates": [
          -77.2897357,
          1.2025277
        ]
      },
      "id": "node/13305054764"
    },
    {
      "type": "Feature",
      "properties": {
        "@id": "node/13305355469",
        "name": "Condominio Alto Bello",
        "place": "neighbourhood",
        "@relations": [
          {
            "role": "label",
            "rel": 19838787,
            "reltags": {
              "admin_level": "9",
              "boundary": "administrative",
              "name": "Condominio Alto Bello",
              "place": "neighbourhood",
              "type": "boundary"
            }
          }
        ]
      },
      "geometry": {
        "type": "Point",
        "coordinates": [
          -77.2938602,
          1.1977042
        ]
      },
      "id": "node/13305355469"
    },
    {
      "type": "Feature",
      "properties": {
        "@id": "node/13306888457",
        "name": "Las Margaritas",
        "place": "neighbourhood"
      },
      "geometry": {
        "type": "Point",
        "coordinates": [
          -77.2885721,
          1.221585
        ]
      },
      "id": "node/13306888457"
    },
    {
      "type": "Feature",
      "properties": {
        "@id": "node/13312701896",
        "name": "Pinasaco",
        "place": "neighbourhood"
      },
      "geometry": {
        "type": "Point",
        "coordinates": [
          -77.2968972,
          1.2442112
        ]
      },
      "id": "node/13312701896"
    },
    {
      "type": "Feature",
      "properties": {
        "@id": "node/13312701897",
        "name": "Terrazas de Briceño",
        "place": "neighbourhood"
      },
      "geometry": {
        "type": "Point",
        "coordinates": [
          -77.3062447,
          1.2416315
        ]
      },
      "id": "node/13312701897"
    },
    {
      "type": "Feature",
      "properties": {
        "@id": "node/13312701898",
        "name": "Conjunto Residencial Villa Campestre",
        "place": "neighbourhood"
      },
      "geometry": {
        "type": "Point",
        "coordinates": [
          -77.2997296,
          1.2358848
        ]
      },
      "id": "node/13312701898"
    },
    {
      "type": "Feature",
      "properties": {
        "@id": "node/13312719648",
        "name": "Santa Isabel",
        "place": "neighbourhood"
      },
      "geometry": {
        "type": "Point",
        "coordinates": [
          -77.2922734,
          1.205614
        ]
      },
      "id": "node/13312719648"
    },
    {
      "type": "Feature",
      "properties": {
        "@id": "node/13312719649",
        "name": "Mijitayo",
        "place": "neighbourhood"
      },
      "geometry": {
        "type": "Point",
        "coordinates": [
          -77.2897286,
          1.2039229
        ]
      },
      "id": "node/13312719649"
    },
    {
      "type": "Feature",
      "properties": {
        "@id": "node/13312719650",
        "loc_name": "Suma Tambo; Sumatanbo; Suma tanbo; Zumatambo; Zumatanbo; Zuma tanbo",
        "name": "Sumatambo",
        "place": "neighbourhood"
      },
      "geometry": {
        "type": "Point",
        "coordinates": [
          -77.2877622,
          1.2042924
        ]
      },
      "id": "node/13312719650"
    },
    {
      "type": "Feature",
      "properties": {
        "@id": "node/13312719651",
        "name": "Urbanización Sumatambo 1 Etapa",
        "place": "neighbourhood"
      },
      "geometry": {
        "type": "Point",
        "coordinates": [
          -77.2867136,
          1.2059106
        ]
      },
      "id": "node/13312719651"
    },
    {
      "type": "Feature",
      "properties": {
        "@id": "node/13312743403",
        "name": "La Esperanza",
        "place": "neighbourhood"
      },
      "geometry": {
        "type": "Point",
        "coordinates": [
          -77.2708821,
          1.2233631
        ]
      },
      "id": "node/13312743403"
    },
    {
      "type": "Feature",
      "properties": {
        "@id": "node/13319541371",
        "name": "Villa Colombia",
        "place": "neighbourhood",
        "@relations": [
          {
            "role": "label",
            "rel": 19859956,
            "reltags": {
              "admin_level": "9",
              "boundary": "administrative",
              "name": "Villa Colombia",
              "place": "neighbourhood",
              "type": "boundary"
            }
          }
        ]
      },
      "geometry": {
        "type": "Point",
        "coordinates": [
          -77.2654443,
          1.2201466
        ]
      },
      "id": "node/13319541371"
    },
    {
      "type": "Feature",
      "properties": {
        "@id": "node/13319602058",
        "name": "Torres de Amankay",
        "place": "neighbourhood",
        "@relations": [
          {
            "role": "label",
            "rel": 19859954,
            "reltags": {
              "admin_level": "9",
              "alt_name": "Conjunto Amankay",
              "boundary": "administrative",
              "name": "Torres de Amankay",
              "place": "neighbourhood",
              "type": "boundary"
            }
          }
        ]
      },
      "geometry": {
        "type": "Point",
        "coordinates": [
          -77.265415,
          1.2191277
        ]
      },
      "id": "node/13319602058"
    },
    {
      "type": "Feature",
      "properties": {
        "@id": "node/13324559035",
        "name": "Altos del Campo",
        "place": "neighbourhood"
      },
      "geometry": {
        "type": "Point",
        "coordinates": [
          -77.2620045,
          1.1962439
        ]
      },
      "id": "node/13324559035"
    },
    {
      "type": "Feature",
      "properties": {
        "@id": "node/13324559036",
        "name": "Praga",
        "place": "neighbourhood"
      },
      "geometry": {
        "type": "Point",
        "coordinates": [
          -77.2628601,
          1.1963007
        ]
      },
      "id": "node/13324559036"
    },
    {
      "type": "Feature",
      "properties": {
        "@id": "node/13326372903",
        "name": "Mariluz II",
        "place": "neighbourhood"
      },
      "geometry": {
        "type": "Point",
        "coordinates": [
          -77.2933513,
          1.218669
        ]
      },
      "id": "node/13326372903"
    },
    {
      "type": "Feature",
      "properties": {
        "@id": "node/13326372908",
        "alt_name": "Medardo Buchely; Medardo Buchelly",
        "name": "Medardo Bucheli",
        "place": "neighbourhood"
      },
      "geometry": {
        "type": "Point",
        "coordinates": [
          -77.2795737,
          1.206162
        ]
      },
      "id": "node/13326372908"
    },
    {
      "type": "Feature",
      "properties": {
        "@id": "node/13326372909",
        "name": "Panamericano",
        "place": "neighbourhood"
      },
      "geometry": {
        "type": "Point",
        "coordinates": [
          -77.2913842,
          1.2185984
        ]
      },
      "id": "node/13326372909"
    },
    {
      "type": "Feature",
      "properties": {
        "@id": "node/13326372910",
        "name": "Balcones de Pubenza",
        "place": "neighbourhood"
      },
      "geometry": {
        "type": "Point",
        "coordinates": [
          -77.2899475,
          1.2196652
        ]
      },
      "id": "node/13326372910"
    },
    {
      "type": "Feature",
      "properties": {
        "@id": "node/13326372911",
        "name": "Torres de Pubenza",
        "place": "neighbourhood"
      },
      "geometry": {
        "type": "Point",
        "coordinates": [
          -77.2894139,
          1.2190054
        ]
      },
      "id": "node/13326372911"
    },
    {
      "type": "Feature",
      "properties": {
        "@id": "node/13326372912",
        "name": "Villas de San Rafael",
        "place": "neighbourhood"
      },
      "geometry": {
        "type": "Point",
        "coordinates": [
          -77.291871,
          1.221373
        ]
      },
      "id": "node/13326372912"
    },
    {
      "type": "Feature",
      "properties": {
        "@id": "node/13326372913",
        "name": "Mariluz III",
        "place": "neighbourhood"
      },
      "geometry": {
        "type": "Point",
        "coordinates": [
          -77.2933353,
          1.219709
        ]
      },
      "id": "node/13326372913"
    },
    {
      "type": "Feature",
      "properties": {
        "@id": "node/13326372914",
        "alt_name": "Casabella II; Casa Bella 2; Casabella 2",
        "name": "Casa Bella II",
        "place": "neighbourhood"
      },
      "geometry": {
        "type": "Point",
        "coordinates": [
          -77.2841614,
          1.2058705
        ]
      },
      "id": "node/13326372914"
    },
    {
      "type": "Feature",
      "properties": {
        "@id": "node/13326372915",
        "name": "Las Acacias",
        "place": "neighbourhood"
      },
      "geometry": {
        "type": "Point",
        "coordinates": [
          -77.2877073,
          1.2140717
        ]
      },
      "id": "node/13326372915"
    },
    {
      "type": "Feature",
      "properties": {
        "@id": "node/13326372916",
        "name": "La Aurora",
        "place": "neighbourhood"
      },
      "geometry": {
        "type": "Point",
        "coordinates": [
          -77.2888861,
          1.2148207
        ]
      },
      "id": "node/13326372916"
    },
    {
      "type": "Feature",
      "properties": {
        "@id": "node/13326372917",
        "name": "Urbanización Colpatria",
        "place": "neighbourhood"
      },
      "geometry": {
        "type": "Point",
        "coordinates": [
          -77.2876348,
          1.220952
        ]
      },
      "id": "node/13326372917"
    },
    {
      "type": "Feature",
      "properties": {
        "@id": "node/13326372932",
        "name": "Conjunto residencial Tequendama",
        "place": "neighbourhood",
        "@relations": [
          {
            "role": "label",
            "rel": 19874312,
            "reltags": {
              "admin_level": "9",
              "boundary": "administrative",
              "name": "Conjunto residencial Tequendama",
              "place": "neighbourhood",
              "type": "boundary"
            }
          }
        ]
      },
      "geometry": {
        "type": "Point",
        "coordinates": [
          -77.2856074,
          1.2203571
        ]
      },
      "id": "node/13326372932"
    },
    {
      "type": "Feature",
      "properties": {
        "@id": "node/13326613121",
        "loc_name": "Villa Santamarta; Villa Santa Marta",
        "name": "Villa Santa Martha",
        "place": "neighbourhood"
      },
      "geometry": {
        "type": "Point",
        "coordinates": [
          -77.2866592,
          1.1932956
        ]
      },
      "id": "node/13326613121"
    },
    {
      "type": "Feature",
      "properties": {
        "@id": "node/13327199574",
        "alt_name": "Barrio Nuevo Horizonte",
        "loc_name": "Nuevorizonte; Barrio Nuevorizonte",
        "name": "Nuevo Horizonte",
        "place": "neighbourhood",
        "@relations": [
          {
            "role": "label",
            "rel": 19901971,
            "reltags": {
              "admin_level": "9",
              "alt_name": "Barrio Nuevo Horizonte",
              "boundary": "administrative",
              "loc_name": "Nuevorizonte; Barrio Nuevorizonte",
              "name": "Nuevo Horizonte",
              "place": "neighbourhood",
              "type": "boundary"
            }
          }
        ]
      },
      "geometry": {
        "type": "Point",
        "coordinates": [
          -77.2679012,
          1.2318001
        ]
      },
      "id": "node/13327199574"
    },
    {
      "type": "Feature",
      "properties": {
        "@id": "node/13327357353",
        "alt_name": "1 de Mayo",
        "loc_name": "Primero de Mayo; Primerodemayo; 1° de Mayo",
        "name": "Primero de Mayo",
        "place": "neighbourhood"
      },
      "geometry": {
        "type": "Point",
        "coordinates": [
          -77.2692231,
          1.2355726
        ]
      },
      "id": "node/13327357353"
    },
    {
      "type": "Feature",
      "properties": {
        "@id": "node/13327357354",
        "alt_name": "Barrio Sol de Oriente",
        "loc_name": "Soldeoriente; Barrio Soldeoriente",
        "name": "Sol de Oriente",
        "place": "neighbourhood"
      },
      "geometry": {
        "type": "Point",
        "coordinates": [
          -77.2709491,
          1.2368776
        ]
      },
      "id": "node/13327357354"
    },
    {
      "type": "Feature",
      "properties": {
        "@id": "node/13327357355",
        "alt_name": "Barrio Villa Nueva",
        "loc_name": "Villanueva; Barrio Villanueva",
        "name": "Villa Nueva",
        "place": "neighbourhood",
        "@relations": [
          {
            "role": "label",
            "rel": 19901972,
            "reltags": {
              "admin_level": "9",
              "alt_name": "Villanueva; Villanueva de Aranda",
              "boundary": "administrative",
              "name": "Villa Nueva",
              "official_name": "Villa Nueva de Aranda",
              "place": "neighbourhood",
              "type": "boundary"
            }
          }
        ]
      },
      "geometry": {
        "type": "Point",
        "coordinates": [
          -77.2648067,
          1.2315371
        ]
      },
      "id": "node/13327357355"
    },
    {
      "type": "Feature",
      "properties": {
        "@id": "node/13338966772",
        "alt_name": "Los Pinos",
        "name": "Pinos del Norte",
        "official_name": "Conjunto Residencial Pinos del Norte",
        "place": "neighbourhood",
        "@relations": [
          {
            "role": "label",
            "rel": 19895504,
            "reltags": {
              "admin_level": "9",
              "boundary": "administrative",
              "name": "Pinos del Norte",
              "place": "neighbourhood",
              "type": "boundary"
            }
          }
        ]
      },
      "geometry": {
        "type": "Point",
        "coordinates": [
          -77.286745,
          1.2314368
        ]
      },
      "id": "node/13338966772"
    },
    {
      "type": "Feature",
      "properties": {
        "@id": "node/13338995211",
        "alt_name": "Valle de Atriz Condominio; Conjunto Valle de Atriz",
        "name": "Condominio Valle de Atriz",
        "place": "neighbourhood",
        "@relations": [
          {
            "role": "label",
            "rel": 19895505,
            "reltags": {
              "admin_level": "9",
              "alt_name": "Conjunto Valle de Atriz",
              "boundary": "administrative",
              "name": "Condominio Valle de Atriz",
              "place": "neighbourhood",
              "type": "boundary"
            }
          }
        ]
      },
      "geometry": {
        "type": "Point",
        "coordinates": [
          -77.2863273,
          1.2292084
        ]
      },
      "id": "node/13338995211"
    },
    {
      "type": "Feature",
      "properties": {
        "@id": "node/13338995309",
        "alt_name": "Barrio Villa del Viento; Urbanización Villa del Viento; Barrio Villas del Viento",
        "loc_name": "Villadelviento",
        "name": "Villas del Viento",
        "place": "neighbourhood",
        "@relations": [
          {
            "role": "label",
            "rel": 19895507,
            "reltags": {
              "admin_level": "9",
              "alt_name": "Villa del Viento",
              "boundary": "administrative",
              "loc_name": "Villadelviento",
              "name": "Villas del Viento",
              "place": "neighbourhood",
              "type": "boundary"
            }
          }
        ]
      },
      "geometry": {
        "type": "Point",
        "coordinates": [
          -77.2629203,
          1.2152017
        ]
      },
      "id": "node/13338995309"
    },
    {
      "type": "Feature",
      "properties": {
        "@id": "node/13338995310",
        "alt_name": "Urbanización La Alborada",
        "loc_name": "Lalborada",
        "name": "Condominio La Alborada",
        "place": "neighbourhood"
      },
      "geometry": {
        "type": "Point",
        "coordinates": [
          -77.261382,
          1.2147163
        ]
      },
      "id": "node/13338995310"
    },
    {
      "type": "Feature",
      "properties": {
        "@id": "node/13338995352",
        "name": "El Común",
        "place": "neighbourhood"
      },
      "geometry": {
        "type": "Point",
        "coordinates": [
          -77.2687018,
          1.2139789
        ]
      },
      "id": "node/13338995352"
    },
    {
      "type": "Feature",
      "properties": {
        "@id": "node/13338995353",
        "name": "La Alameda",
        "place": "neighbourhood"
      },
      "geometry": {
        "type": "Point",
        "coordinates": [
          -77.2693791,
          1.2151079
        ]
      },
      "id": "node/13338995353"
    },
    {
      "type": "Feature",
      "properties": {
        "@id": "node/13338995355",
        "loc_name": "Villangela; Villa Angela",
        "name": "Villa Ángela",
        "place": "neighbourhood",
        "@relations": [
          {
            "role": "label",
            "rel": 19895510,
            "reltags": {
              "admin_level": "9",
              "boundary": "administrative",
              "name": "Villa Ángela",
              "place": "neighbourhood",
              "type": "boundary"
            }
          }
        ]
      },
      "geometry": {
        "type": "Point",
        "coordinates": [
          -77.2674358,
          1.2145635
        ]
      },
      "id": "node/13338995355"
    },
    {
      "type": "Feature",
      "properties": {
        "@id": "node/13338995356",
        "alt_name": "Barrio La Josefina; Urbanización La Josefina",
        "name": "La Josefina",
        "place": "neighbourhood"
      },
      "geometry": {
        "type": "Point",
        "coordinates": [
          -77.2652189,
          1.215317
        ]
      },
      "id": "node/13338995356"
    },
    {
      "type": "Feature",
      "properties": {
        "@id": "node/13340231828",
        "loc_name": "Terrazasdelnorte",
        "name": "Urbanización Terrazas del Norte",
        "official_name": "Conjunto Residencial Terrazas del Norte",
        "place": "neighbourhood"
      },
      "geometry": {
        "type": "Point",
        "coordinates": [
          -77.2700054,
          1.225558
        ]
      },
      "id": "node/13340231828"
    },
    {
      "type": "Feature",
      "properties": {
        "@id": "node/13340231829",
        "alt_name": "Condominio San Sebastián; Conjunto San Sebastián",
        "loc_name": "Sansebastian; Torres Sansebastián; Bloques de colores pequeños; Bloques rojos Floresta",
        "name": "Urbanización San Sebastián",
        "place": "neighbourhood"
      },
      "geometry": {
        "type": "Point",
        "coordinates": [
          -77.2661671,
          1.2274057
        ]
      },
      "id": "node/13340231829"
    },
    {
      "type": "Feature",
      "properties": {
        "@id": "node/13340231834",
        "name": "Mariluz I",
        "place": "neighbourhood"
      },
      "geometry": {
        "type": "Point",
        "coordinates": [
          -77.2916712,
          1.2192868
        ]
      },
      "id": "node/13340231834"
    },
    {
      "type": "Feature",
      "properties": {
        "@id": "node/13340860138",
        "name": "Conjunto Residencial Mirador de Granada",
        "place": "neighbourhood"
      },
      "geometry": {
        "type": "Point",
        "coordinates": [
          -77.2828612,
          1.1938989
        ]
      },
      "id": "node/13340860138"
    },
    {
      "type": "Feature",
      "properties": {
        "@id": "node/13341704573",
        "name": "Condominio Bellavista",
        "place": "neighbourhood"
      },
      "geometry": {
        "type": "Point",
        "coordinates": [
          -77.2827988,
          1.2073278
        ]
      },
      "id": "node/13341704573"
    },
    {
      "type": "Feature",
      "properties": {
        "@id": "node/13342914550",
        "name": "San Andresito",
        "place": "neighbourhood"
      },
      "geometry": {
        "type": "Point",
        "coordinates": [
          -77.2806349,
          1.2097285
        ]
      },
      "id": "node/13342914550"
    },
    {
      "type": "Feature",
      "properties": {
        "@id": "node/13342914556",
        "name": "Santa María Di Fiore",
        "place": "neighbourhood"
      },
      "geometry": {
        "type": "Point",
        "coordinates": [
          -77.3012786,
          1.224944
        ]
      },
      "id": "node/13342914556"
    },
    {
      "type": "Feature",
      "properties": {
        "@id": "node/13342914579",
        "alt_name": "Aranda 3",
        "name": "Aranda III Etapa",
        "place": "neighbourhood",
        "@relations": [
          {
            "role": "label",
            "rel": 19901970,
            "reltags": {
              "admin_level": "9",
              "alt_name": "Aranda III Etapa; Aranda tercera etapa",
              "boundary": "administrative",
              "name": "Aranda 3 Etapa",
              "place": "neighbourhood",
              "type": "boundary"
            }
          }
        ]
      },
      "geometry": {
        "type": "Point",
        "coordinates": [
          -77.2668886,
          1.2257618
        ]
      },
      "id": "node/13342914579"
    },
    {
      "type": "Feature",
      "properties": {
        "@id": "node/13342918291",
        "alt_name": "Aranda Antiguo",
        "loc_name": "Aranda Viejo; Pueblo de Aranda",
        "name": "San Antonio de Aranda",
        "place": "neighbourhood"
      },
      "geometry": {
        "type": "Point",
        "coordinates": [
          -77.2667813,
          1.2361074
        ]
      },
      "id": "node/13342918291"
    },
    {
      "type": "Feature",
      "properties": {
        "@id": "node/13342918313",
        "alt_name": "Urbanización Rincón de Aranda; Condominio Rincón de Aranda",
        "name": "Rincón de Aranda",
        "official_name": "Conjunto Residencial Rincón de Aranda",
        "place": "neighbourhood",
        "@relations": [
          {
            "role": "label",
            "rel": 19901973,
            "reltags": {
              "admin_level": "9",
              "alt_name": "Urbanización Rincón de Aranda; Condominio Rincón de Aranda",
              "boundary": "administrative",
              "name": "Conjunto Residencial Rincón de Aranda",
              "place": "neighbourhood",
              "type": "boundary"
            }
          }
        ]
      },
      "geometry": {
        "type": "Point",
        "coordinates": [
          -77.2651056,
          1.2306571
        ]
      },
      "id": "node/13342918313"
    },
    {
      "type": "Feature",
      "properties": {
        "@id": "node/13342918317",
        "name": "Prados del Norte",
        "place": "neighbourhood",
        "@relations": [
          {
            "role": "label",
            "rel": 19901974,
            "reltags": {
              "admin_level": "9",
              "boundary": "administrative",
              "name": "Prados del Norte",
              "place": "neighbourhood",
              "type": "boundary"
            }
          }
        ]
      },
      "geometry": {
        "type": "Point",
        "coordinates": [
          -77.2656693,
          1.2301566
        ]
      },
      "id": "node/13342918317"
    },
    {
      "type": "Feature",
      "properties": {
        "@id": "node/13343085788",
        "name": "Villa Helena",
        "place": "neighbourhood"
      },
      "geometry": {
        "type": "Point",
        "coordinates": [
          -77.2698873,
          1.2144656
        ]
      },
      "id": "node/13343085788"
    },
    {
      "type": "Feature",
      "properties": {
        "@id": "node/13343085789",
        "alt_name": "Condominio Balcones del Este; Urbanización Balcones del Este",
        "name": "Conjunto Residencial Balcones del Este",
        "place": "neighbourhood"
      },
      "geometry": {
        "type": "Point",
        "coordinates": [
          -77.2623145,
          1.2082517
        ]
      },
      "id": "node/13343085789"
    },
    {
      "type": "Feature",
      "properties": {
        "@id": "node/13343085790",
        "alt_name": "Marquetalia",
        "name": "Loma del Carmen (Marquetalia)",
        "place": "neighbourhood"
      },
      "geometry": {
        "type": "Point",
        "coordinates": [
          -77.2737964,
          1.2222303
        ]
      },
      "id": "node/13343085790"
    },
    {
      "type": "Feature",
      "properties": {
        "@id": "node/13343085791",
        "alt_name": "Bella Vista",
        "loc_name": "La Vuelta Negra",
        "name": "Bellavista",
        "place": "neighbourhood"
      },
      "geometry": {
        "type": "Point",
        "coordinates": [
          -77.2730951,
          1.2220451
        ]
      },
      "id": "node/13343085791"
    },
    {
      "type": "Feature",
      "properties": {
        "@id": "node/13343085792",
        "name": "Universitario",
        "place": "neighbourhood"
      },
      "geometry": {
        "type": "Point",
        "coordinates": [
          -77.2919791,
          1.2297452
        ]
      },
      "id": "node/13343085792"
    },
    {
      "type": "Feature",
      "properties": {
        "@id": "node/13343085793",
        "alt_name": "Chapultepec",
        "name": "San Antonio de Juanoy",
        "place": "neighbourhood"
      },
      "geometry": {
        "type": "Point",
        "coordinates": [
          -77.2889781,
          1.2355561
        ]
      },
      "id": "node/13343085793"
    },
    {
      "type": "Feature",
      "properties": {
        "@id": "node/13343085794",
        "alt_name": "Juan 23",
        "name": "Juan XXIII",
        "place": "neighbourhood"
      },
      "geometry": {
        "type": "Point",
        "coordinates": [
          -77.2906419,
          1.2326545
        ]
      },
      "id": "node/13343085794"
    },
    {
      "type": "Feature",
      "properties": {
        "@id": "node/13343085795",
        "name": "Juanoy Bajo",
        "place": "neighbourhood"
      },
      "geometry": {
        "type": "Point",
        "coordinates": [
          -77.2894221,
          1.2331638
        ]
      },
      "id": "node/13343085795"
    },
    {
      "type": "Feature",
      "properties": {
        "@id": "node/13343085796",
        "name": "Urbanización Tequendama",
        "place": "neighbourhood",
        "@relations": [
          {
            "role": "label",
            "rel": 19902340,
            "reltags": {
              "admin_level": "9",
              "boundary": "administrative",
              "name": "Urbanización Tequendama",
              "place": "neighbourhood",
              "type": "boundary"
            }
          }
        ]
      },
      "geometry": {
        "type": "Point",
        "coordinates": [
          -77.284338,
          1.2204876
        ]
      },
      "id": "node/13343085796"
    },
    {
      "type": "Feature",
      "properties": {
        "@id": "node/13343139711",
        "alt_name": "Urbanización Prados del Oeste; Condominio Prados del Oeste",
        "name": "Conjunto Residencial Prados del Oeste",
        "place": "neighbourhood",
        "@relations": [
          {
            "role": "label",
            "rel": 19902341,
            "reltags": {
              "admin_level": "9",
              "alt_name": "Urbanización Prados del Oeste; Condominio Prados del Oeste",
              "boundary": "administrative",
              "name": "Conjunto Residencial Prados del Oeste",
              "place": "neighbourhood",
              "type": "boundary"
            }
          }
        ]
      },
      "geometry": {
        "type": "Point",
        "coordinates": [
          -77.2888127,
          1.2200551
        ]
      },
      "id": "node/13343139711"
    },
    {
      "type": "Feature",
      "properties": {
        "@id": "node/13343139723",
        "loc_name": "Portales de La Colina",
        "name": "Conjunto Residencial El Portal de La Colina",
        "place": "neighbourhood",
        "@relations": [
          {
            "role": "label",
            "rel": 19902342,
            "reltags": {
              "admin_level": "9",
              "alt_name": "Urbanización El Portal De La Colina; Condominio El Portal de La Colina",
              "boundary": "administrative",
              "name": "Conjunto Residencial El Portal de La Colina",
              "place": "neighbourhood",
              "type": "boundary"
            }
          }
        ]
      },
      "geometry": {
        "type": "Point",
        "coordinates": [
          -77.2910917,
          1.2256077
        ]
      },
      "id": "node/13343139723"
    },
    {
      "type": "Feature",
      "properties": {
        "@id": "node/13343139724",
        "alt_name": "Urbanización Francisco de la Villota; Conjunto Francisco de la Villota",
        "name": "Condominio Francisco de la Villota",
        "place": "neighbourhood",
        "@relations": [
          {
            "role": "label",
            "rel": 19902343,
            "reltags": {
              "admin_level": "9",
              "alt_name": "Urbanización Francisco de la Villota; Conjunto Francisco de la Villota",
              "boundary": "administrative",
              "name": "Condominio Francisco de la Villota",
              "place": "neighbourhood",
              "type": "boundary"
            }
          }
        ]
      },
      "geometry": {
        "type": "Point",
        "coordinates": [
          -77.2952746,
          1.2084557
        ]
      },
      "id": "node/13343139724"
    },
    {
      "type": "Feature",
      "properties": {
        "@id": "node/13343139731",
        "loc_name": "Las Vegas",
        "name": "La Vega",
        "place": "neighbourhood"
      },
      "geometry": {
        "type": "Point",
        "coordinates": [
          -77.2777303,
          1.1958925
        ]
      },
      "id": "node/13343139731"
    },
    {
      "type": "Feature",
      "properties": {
        "@id": "node/13343139732",
        "alt_name": "Barrio Villa Oriente; Urbanización Villa Oriente",
        "loc_name": "Villaoriente",
        "name": "Villa Oriente",
        "place": "neighbourhood"
      },
      "geometry": {
        "type": "Point",
        "coordinates": [
          -77.253461,
          1.2025842
        ]
      },
      "id": "node/13343139732"
    },
    {
      "type": "Feature",
      "properties": {
        "@id": "node/13343139733",
        "name": "La Panadería",
        "place": "neighbourhood"
      },
      "geometry": {
        "type": "Point",
        "coordinates": [
          -77.2747835,
          1.2124293
        ]
      },
      "id": "node/13343139733"
    },
    {
      "type": "Feature",
      "properties": {
        "@id": "node/13343139734",
        "name": "El Churo",
        "place": "neighbourhood"
      },
      "geometry": {
        "type": "Point",
        "coordinates": [
          -77.2752416,
          1.2113621
        ]
      },
      "id": "node/13343139734"
    },
    {
      "type": "Feature",
      "properties": {
        "@id": "node/13343214144",
        "alt_name": "Urbanización Pinasaco",
        "loc_name": "Terraza de Pina Saco; Terrazas de Pinazaco; Pina Zaco",
        "name": "Terrazas de Pinasaco",
        "place": "neighbourhood",
        "@relations": [
          {
            "role": "label",
            "rel": 19902463,
            "reltags": {
              "admin_level": "9",
              "alt_name": "Urbanización Pinasaco",
              "boundary": "administrative",
              "loc_name": "Terraza de Pina Saco; Terrazas de Pinazaco; Pina Zaco",
              "name": "Terrazas de Pinasaco",
              "place": "neighbourhood",
              "type": "boundary"
            }
          }
        ]
      },
      "geometry": {
        "type": "Point",
        "coordinates": [
          -77.2996545,
          1.2468123
        ]
      },
      "id": "node/13343214144"
    },
    {
      "type": "Feature",
      "properties": {
        "@id": "node/13343214145",
        "alt_name": "Urbanización Morasurco",
        "loc_name": "Mora Surco Condominio",
        "name": "Condominio Morasurco",
        "place": "neighbourhood",
        "@relations": [
          {
            "role": "label",
            "rel": 19902464,
            "reltags": {
              "admin_level": "9",
              "alt_name": "Urbanización Morasurco",
              "boundary": "administrative",
              "loc_name": "Mora Surco Condominio",
              "name": "Condominio Morasurco",
              "place": "neighbourhood",
              "type": "boundary"
            }
          }
        ]
      },
      "geometry": {
        "type": "Point",
        "coordinates": [
          -77.2857673,
          1.2364118
        ]
      },
      "id": "node/13343214145"
    },
    {
      "type": "Feature",
      "properties": {
        "@id": "node/13343795148",
        "alt_name": "Barrio Rosales II; Barrio Rosales 2",
        "name": "Rosales II",
        "place": "neighbourhood"
      },
      "geometry": {
        "type": "Point",
        "coordinates": [
          -77.299912,
          1.2114153
        ]
      },
      "id": "node/13343795148"
    },
    {
      "type": "Feature",
      "properties": {
        "@id": "node/13343795149",
        "alt_name": "Rosales de Anganoy",
        "name": "Conjunto Residencial Rosales de Anganoy",
        "place": "neighbourhood"
      },
      "geometry": {
        "type": "Point",
        "coordinates": [
          -77.2980277,
          1.2121916
        ]
      },
      "id": "node/13343795149"
    },
    {
      "type": "Feature",
      "properties": {
        "@id": "node/13343795150",
        "alt_name": "Rosales 1",
        "name": "Conjunto Residencial Los Rosales I",
        "place": "neighbourhood"
      },
      "geometry": {
        "type": "Point",
        "coordinates": [
          -77.2975972,
          1.2123579
        ]
      },
      "id": "node/13343795150"
    },
    {
      "type": "Feature",
      "properties": {
        "@id": "node/13344717776",
        "alt_name": "Conjunto Cerrado Pinar del Río; Urbanización Pinar del Río; Conjunto Residencial Pinar del Río",
        "name": "Pinar del Río",
        "place": "neighbourhood",
        "@relations": [
          {
            "role": "label",
            "rel": 19905113,
            "reltags": {
              "admin_level": "9",
              "alt_name": "Conjunto Cerrado Pinar del Río; Urbanización Pinar del Río; Conjunto Residencial Pinar del Río",
              "boundary": "administrative",
              "name": "Condominio Pinar del Río",
              "place": "neighbourhood",
              "type": "boundary"
            }
          }
        ]
      },
      "geometry": {
        "type": "Point",
        "coordinates": [
          -77.2484952,
          1.2020931
        ]
      },
      "id": "node/13344717776"
    },
    {
      "type": "Feature",
      "properties": {
        "@id": "node/13344990871",
        "alt_name": "Conjunto Residencial Pucalpa I; Urbanización Pucalpa I; Pucalpa 1",
        "loc_name": "Pucallpa 1",
        "name": "Pucalpa I",
        "place": "neighbourhood"
      },
      "geometry": {
        "type": "Point",
        "coordinates": [
          -77.2624786,
          1.2068441
        ]
      },
      "id": "node/13344990871"
    },
    {
      "type": "Feature",
      "properties": {
        "@id": "node/13347222676",
        "name": "Urbanización Los Ángeles",
        "place": "neighbourhood"
      },
      "geometry": {
        "type": "Point",
        "coordinates": [
          -77.2623106,
          1.1943549
        ]
      },
      "id": "node/13347222676"
    },
    {
      "type": "Feature",
      "properties": {
        "@id": "node/13348957016",
        "alt_name": "Casabella I; Casa Bella 1; Casabella 1",
        "name": "Casa Bella I",
        "place": "neighbourhood"
      },
      "geometry": {
        "type": "Point",
        "coordinates": [
          -77.284229,
          1.2064532
        ]
      },
      "id": "node/13348957016"
    },
    {
      "type": "Feature",
      "properties": {
        "@id": "node/13348974800",
        "name": "Gilberto Pabón",
        "place": "neighbourhood"
      },
      "geometry": {
        "type": "Point",
        "coordinates": [
          -77.2861952,
          1.1932044
        ]
      },
      "id": "node/13348974800"
    },
    {
      "type": "Feature",
      "properties": {
        "@id": "node/13348974801",
        "name": "San Juan de Los Pastos",
        "place": "neighbourhood"
      },
      "geometry": {
        "type": "Point",
        "coordinates": [
          -77.2620884,
          1.1980798
        ]
      },
      "id": "node/13348974801"
    },
    {
      "type": "Feature",
      "properties": {
        "@id": "node/13350655235",
        "loc_name": "Portales del Norte; Portal Norte",
        "name": "Portal del Norte",
        "place": "neighbourhood"
      },
      "geometry": {
        "type": "Point",
        "coordinates": [
          -77.2655167,
          1.2344489
        ]
      },
      "id": "node/13350655235"
    },
    {
      "type": "Feature",
      "properties": {
        "@id": "node/13352414806",
        "name": "Jardín de la Carolina",
        "place": "neighbourhood"
      },
      "geometry": {
        "type": "Point",
        "coordinates": [
          -77.2593086,
          1.2134265
        ]
      },
      "id": "node/13352414806"
    },
    {
      "type": "Feature",
      "properties": {
        "@id": "node/13358669431",
        "loc_name": "Ullahuanga; Ullaguanga",
        "name": "Hullaguanga",
        "place": "neighbourhood"
      },
      "geometry": {
        "type": "Point",
        "coordinates": [
          -77.2755606,
          1.2171838
        ]
      },
      "id": "node/13358669431"
    },
    {
      "type": "Feature",
      "properties": {
        "@id": "node/13380018156",
        "alt_name": "Villa del Rosario",
        "loc_name": "Rozario; Villa del Rozario; Villa delrozario; villadelrosario",
        "name": "Villas del Rosario",
        "place": "neighbourhood",
        "@relations": [
          {
            "role": "label",
            "rel": 19965834,
            "reltags": {
              "admin_level": "9",
              "alt_name": "Villa del Rosario",
              "boundary": "administrative",
              "loc_name": "Villadelrosario; Villa del Rozario; Villa delRozario",
              "name": "Villas del Rosario",
              "place": "neighbourhood",
              "type": "boundary"
            }
          }
        ]
      },
      "geometry": {
        "type": "Point",
        "coordinates": [
          -77.2738382,
          1.2302026
        ]
      },
      "id": "node/13380018156"
    },
    {
      "type": "Feature",
      "properties": {
        "@id": "node/13447092255",
        "name": "Condominio Mirador de San Juan",
        "place": "neighbourhood",
        "@relations": [
          {
            "role": "label",
            "rel": 20141970,
            "reltags": {
              "admin_level": "9",
              "boundary": "administrative",
              "name": "Condominio Mirador de San Juan",
              "place": "neighbourhood",
              "type": "boundary"
            }
          }
        ]
      },
      "geometry": {
        "type": "Point",
        "coordinates": [
          -77.2935416,
          1.220375
        ]
      },
      "id": "node/13447092255"
    },
    {
      "type": "Feature",
      "properties": {
        "@id": "node/13797000080",
        "name": "Conjunto residencial Reserva del Moral",
        "place": "neighbourhood"
      },
      "geometry": {
        "type": "Point",
        "coordinates": [
          -77.2983737,
          1.2152057
        ]
      },
      "id": "node/13797000080"
    }
  ]
}