1|NI|900091143|2025-12-29|2025-12-29|1644
2|1|1|52|UZPE011|52001|T09|MT04|VILLA FLOR II|MANZANA9CASA24|-77.257139|1.201959||52UZPE01152001T09MT04EBS001H0001|52UZPE01152001T09MT04EBS001H0001F0001|2|1|1|2|52UZPE01152001T09MT04EBS001|900091143|CC|1085300095|AUXILIARDEENFERMERIA|52UZPE01152001T09MT04EBS001H0001F0001CF001|2025-07-06|1||1||3||1||1|2|11|5|3|2|20||2|13|0||1||1||1||1||1|2|3|1|1|1|1|2|2|2|2|2|2||2|2|1|2||6||1|2|2|1|1|1|2|2|1|52UZPE01152001T09MT04EBS001H000152UZPE01152001T09MT04EBS001H0001F0001
2|2|1|52|UZPE011|52001|T08|MT02|MERCEDARIO|21C63|-77.262694|1.203301||52UZPE01152001T08MT02EBS001H0003|52UZPE01152001T08MT02EBS001H0003F0003|2|2|2|2|52UZPE01152001T08MT02EBS001|900091143|CC|1085255824|AUXDEENFERMERIA|52UZPE01152001T08MT02EBS001H0003F0003CF003|2025-07-06|4||1||3||8||1|2|11|5|3|2|20||2|13|0||1||1||1||1||1|2|3|1|1|1|1|2|2|2|2|2|2||2|2|2|2||6||2|2|2|1|1|1|2|2|1|52UZPE01152001T08MT02EBS001H000352UZPE01152001T08MT02EBS001H0003F0003
2|3|1|52|UZPE011|52001|T08|MT02|MERCEDARIO|CALLE21214|-77.259671|1.203405||52UZPE01152001T08MT02EBS001H0004|52UZPE01152001T08MT02EBS001H0004F0004|2|1|1|4|52UZPE01152001T08MT02EBS001|900091143|CC|1085255824|AUXDEENFERMERIA|52UZPE01152001T08MT02EBS001H0004F0004CF004|2025-07-06|1||1||3||1||4|2|11|5|3|2|20||2|13|0||1||1||1||1||1|4|3|1|1|1|1|2|2|2|2|2|2||2|2|1|2||6||1|2|2|1|1|1|2|2|1|52UZPE01152001T08MT02EBS001H000452UZPE01152001T08MT02EBS001H0004F0004
2|4|1|52|UZPE011|52001|T08|MT02|MERCEDARIO|CRA3A21C17|-77.262368|1.203717||52UZPE01152001T08MT02EBS001H0005|52UZPE01152001T08MT02EBS001H0005F0005|2|1|1|1|52UZPE01152001T08MT02EBS001|900091143|CC|59651018|PSICOLOGIA|52UZPE01152001T08MT02EBS001H0005F0005CF005|2025-06-06|1||1||3||1||1|2|11|5|3|2|20||2|13|0||1||1||1||1||7|1|3|1|1|1|1|2|2|2|2|2|2||2|2|1|1||6||1|2|2|1|1|1|2|2|1|52UZPE01152001T08MT02EBS001H000552UZPE01152001T08MT02EBS001H0005F0005
2|5|1|52|UZPE011|52001|T08|MT02|MERCEDARIO|3A21C39|-77.262352|1.203941||52UZPE01152001T08MT02EBS001H0006|52UZPE01152001T08MT02EBS001H0006F0006|2|1|1|1|52UZPE01152001T08MT02EBS001|900091143|CC|1085304072|GESTORCOMUNITARIO|52UZPE01152001T08MT02EBS001H0006F0006CF006|2025-07-06|1||1||3||1||3|2|11|5|3|2|20||2|13|0||1||1||1||1||7|2|3|1|1|1|1|2|2|2|2|2|2||2|2|1|1||6||1|2|2|1|1|1|2|2|1|52UZPE01152001T08MT02EBS001H000652UZPE01152001T08MT02EBS001H0006F0006
2|6|1|52|UZPE011|52001|T08|MT02|MERCEDARIO|CRA3A21C45|-77.262363|1.204108||52UZPE01152001T08MT02EBS001H0007|52UZPE01152001T08MT02EBS001H0007F0007|2|1|1|2|52UZPE01152001T08MT02EBS001|900091143|CC|59651018|PSICOLOGIA|52UZPE01152001T08MT02EBS001H0007F0007CF007|2025-06-06|1||1||3||4||2|2|11|5|3|2|20||2|13|0||1||1||1||1||4|2|3|1|1|3|2|2|2|2|2|2|2||2|2|1|1||6||1|2|2|1|1|1|2|2|1|52UZPE01152001T08MT02EBS001H000752UZPE01152001T08MT02EBS001H0007F0007
2|7|1|52|UZPE011|52001|T08|MT02|MERCEDARIO|CRA3A21D27|-77.262562|1.204525||52UZPE01152001T08MT02EBS001H0009|52UZPE01152001T08MT02EBS001H0009F0009|2|1|1|3|52UZPE01152001T08MT02EBS001|900091143|CC|59651018|PSICOLOGIA|52UZPE01152001T08MT02EBS001H0009F0009CF009|2025-06-06|4||1||3||1||2|2|11|5|2|2|20||2|13|0||1||1||1||1||1|3|3|1|1|1|1|2|2|2|2|2|2||2|2|1|1||6||1|2|2|1|1|1|2|2|1|52UZPE01152001T08MT02EBS001H000952UZPE01152001T08MT02EBS001H0009F0009
2|8|1|52|UZPE011|52001|T08|MT02|MERCEDARIO|CRA3A21C09|-77.26249|1.203951||52UZPE01152001T08MT02EBS001H0011|52UZPE01152001T08MT02EBS001H0011F0011|2|1|1|2|52UZPE01152001T08MT02EBS001|900091143|CC|1085255824|AUXDEENFERMERIA|52UZPE01152001T08MT02EBS001H0011F0011CF011|2025-07-06|1||1||3||1||2|2|11|5|3|1|20||2|13|0||1||1||1||1||7|2|3|1|1|1|1|2|2|2|2|2|2||2|2|1|1||6||1|2|2|1|1|1|2|2|1|52UZPE01152001T08MT02EBS001H001152UZPE01152001T08MT02EBS001H0011F0011
2|9|1|52|UZPE011|52001|T09|MT04|VILLA FLOR II|MANZANA12CASA21|-77.256907|1.201939||52UZPE01152001T09MT04EBS001H0013|52UZPE01152001T09MT04EBS001H0013F0013|2|1|1|1|52UZPE01152001T09MT04EBS001|900091143|CC|1085300095|AUXILIARDEENFERMERIA|52UZPE01152001T09MT04EBS001H0013F0013CF013|2025-07-07|5||1||3||1||1|2|11|5|2|2|20||2|13|0||1||1||1||1||7|1|3|3|1|1|3|2|2|2|2|2|2||2|2|1|2||6||1|2|2|1|2|1|2|2|1|52UZPE01152001T09MT04EBS001H001352UZPE01152001T09MT04EBS001H0013F0013
2|10|1|52|UZPE011|52001|T09|MT04|VILLA FLOR II|MANZANA12CASA18|-77.255784|1.201257||52UZPE01152001T09MT04EBS001H0014|52UZPE01152001T09MT04EBS001H0014F0014|2|1|1|1|52UZPE01152001T09MT04EBS001|900091143|CC|1085300095|AUXILIARDEENFERMERIA|52UZPE01152001T09MT04EBS001H0014F0014CF014|2025-07-07|4||1||3||1||1|2|11|4|3|2|8||2|13|0||1||1||1||1||7|1|3|1|1|1|2|2|2|2|2|2|2||2|2|1|2||6||1|2|2|1|1|1|2|2|1|52UZPE01152001T09MT04EBS001H001452UZPE01152001T09MT04EBS001H0014F0014
2|11|1|52|UZPE011|52001|T09|MT04|VILLA FLOR II|MANZANA12CASA17|-77.256141|1.200875||52UZPE01152001T09MT04EBS001H0015|52UZPE01152001T09MT04EBS001H0015F0015|2|1|1|2|52UZPE01152001T09MT04EBS001|900091143|CC|1085300095|AUXILIARDEENFERMERIA|52UZPE01152001T09MT04EBS001H0015F0015CF015|2025-07-07|1||1||3||1||1|2|11|5|3|2|20||2|13|0||1||1||1||1||2|2|3|1|1|1|1|2|2|2|2|2|2||2|2|2|1||6||2|2|2|1|1|1|2|2|1|52UZPE01152001T09MT04EBS001H001552UZPE01152001T09MT04EBS001H0015F0015
2|12|1|52|UZPE011|52001|T09|MT04|VILLA FLOR II|MANZANA6CASA31|-77.257712|1.201664||52UZPE01152001T09MT04EBS001H0016|52UZPE01152001T09MT04EBS001H0016F0016|2|1|1|2|52UZPE01152001T09MT04EBS001|900091143|CC|1085300095|AUXILIARDEENFERMERIA|52UZPE01152001T09MT04EBS001H0016F0016CF016|2025-07-07|4||1||3||1||2|2|11|4|2|2|20||2|13|0||1||1||1||1||2|2|3|1|1|1|2|2|2|2|2|2|2||2|2|1|2||6||1|2|2|1|2|1|2|2|1|52UZPE01152001T09MT04EBS001H001652UZPE01152001T09MT04EBS001H0016F0016
2|13|1|52|UZPE011|52001|T08|MT02|MERCEDARIO|CRA321C18|-77.262559|1.204145||52UZPE01152001T08MT02EBS001H0018|52UZPE01152001T08MT02EBS001H0018F0018|2|1|1|1|52UZPE01152001T08MT02EBS001|900091143|CC|59651018|PSICOLOGIA|52UZPE01152001T08MT02EBS001H0018F0018CF018|2025-07-07|4||1||3||1||1|2|11|5|3|2|20||2|13|0||1||1||1||1||4|1|3|1|1|1|1|2|2|2|2|2|2||2|2|1|2||6||1|2|2|1|2|1|2|2|1|52UZPE01152001T08MT02EBS001H001852UZPE01152001T08MT02EBS001H0018F0018
2|14|1|52|UZPE011|52001|T08|MT02|MERCEDARIO|CRA321C18DIV2|-77.261882|1.204013||52UZPE01152001T08MT02EBS001H0019|52UZPE01152001T08MT02EBS001H0019F0019|2|1|1|4|52UZPE01152001T08MT02EBS001|900091143|CC|1085321578|TERAPEUTAOCUPACIONAL|52UZPE01152001T08MT02EBS001H0019F0019CF019|2025-07-07|4||1||3||1||1|2|11|5|3|2|20||2|13|0||1||1||1||1||2|2|3|1|1|1|1|2|2|2|2|2|2||2|2|1|2||6||1|2|2|1|2|1|2|2|1|52UZPE01152001T08MT02EBS001H001952UZPE01152001T08MT02EBS001H0019F0019
2|15|1|52|UZPE011|52001|T08|MT02|MERCEDARIO|3A29B10|-77.262759|1.204145||52UZPE01152001T08MT02EBS001H0020|52UZPE01152001T08MT02EBS001H0020F0020|2|1|1|3|52UZPE01152001T08MT02EBS001|900091143|CC|59651018|PSICOLOGIA|52UZPE01152001T08MT02EBS001H0020F0020CF020|2025-07-07|4||1||3||1||2|2|11|5|2|2|20||2|13|0||1||1||1||1||1|3|3|2|1|1|1|2|2|2|2|2|2||2|2|1|2||6||1|2|2|1|1|1|2|2|1|52UZPE01152001T08MT02EBS001H002052UZPE01152001T08MT02EBS001H0020F0020
2|16|1|52|UZPE011|52001|T08|MT02|MERCEDARIO|CRA321D16|-77.262499|1.204058||52UZPE01152001T08MT02EBS001H0021|52UZPE01152001T08MT02EBS001H0021F0021|2|2|2|4|52UZPE01152001T08MT02EBS001|900091143|CC|1085321578|TERAPEUTAOCUPACIONAL|52UZPE01152001T08MT02EBS001H0021F0021CF021|2025-07-07|1||1||3||1||1|2|11|5|3|2|20||2|13|0||1||1||1||1||2|2|3|1|1|1|1|2|2|2|2|2|2||2|2|1|1||6||1|2|2|1|2|1|2|2|1|52UZPE01152001T08MT02EBS001H002152UZPE01152001T08MT02EBS001H0021F0021
2|17|1|52|UZPE011|52001|T09|MT04|VILLA FLOR II|MANZANA6CASA31|-77.257697|1.201607||52UZPE01152001T09MT04EBS001H0022|52UZPE01152001T09MT04EBS001H0022F0022|2|1|1|3|52UZPE01152001T09MT04EBS001|900091143|CC|1085300095|AUXILIARDEENFERMERIA|52UZPE01152001T09MT04EBS001H0022F0022CF022|2025-07-07|4||1||3||1||3|2|11|5|2|2|20||2|13|0||1||1||1||1||2|3|3|1|1|1|2|2|2|2|2|2|2||2|2|1|2||6||1|2|2|1|1|1|2|2|1|52UZPE01152001T09MT04EBS001H002252UZPE01152001T09MT04EBS001H0022F0022
2|18|1|52|UZPE011|52001|T09|MT04|VILLA FLOR II|MANZANA6CASA32|-77.256855|1.201572||52UZPE01152001T09MT04EBS001H0023|52UZPE01152001T09MT04EBS001H0023F0023|2|1|1|2|52UZPE01152001T09MT04EBS001|900091143|CC|1085300095|AUXILIARDEENFERMERIA|52UZPE01152001T09MT04EBS001H0023F0023CF023|2025-07-07|1||1||3||1||2|2|11|5|3|2|20||2|13|0||1||1||1||1||2|2|3|1|1|1|1|2|2|2|2|2|2||2|2|1|1||6||1|2|2|1|1|1|2|2|1|52UZPE01152001T09MT04EBS001H002352UZPE01152001T09MT04EBS001H0023F0023
2|19|1|52|UZPE011|52001|T08|MT02|MERCEDARIO|CRA3NUMERO21D16|-77.262499|1.204058||52UZPE01152001T08MT02EBS001H0024|52UZPE01152001T08MT02EBS001H0024F0024|2|2|2|4|52UZPE01152001T08MT02EBS001|900091143|CC|1085321578|TERAPEUTAOCUPACIONAL|52UZPE01152001T08MT02EBS001H0024F0024CF024|2025-07-07|1||1||3||1||2|2|11|5|3|2|20||1|13|0||1||1||1||1||2|2|2|1|1|1|2|2|2|2|2|2|2||2|2|1|1||6||1|2|2|1|2|1|2|2|1|52UZPE01152001T08MT02EBS001H002452UZPE01152001T08MT02EBS001H0024F0024
2|20|1|52|UZPE011|52001|T08|MT02|MERCEDARIO|CRA3A21D28|-77.262758|1.204467||52UZPE01152001T08MT02EBS001H0025|52UZPE01152001T08MT02EBS001H0025F0025|2|3|3|5|52UZPE01152001T08MT02EBS001|900091143|CC|59651018|PSICOLOGIA|52UZPE01152001T08MT02EBS001H0025F0025CF025|2025-07-07|1||1||3||1||4|2|11|5|2|2|20||2|13|0||1||1||1||1||2|2|3|1|1|1|1|2|2|2|2|2|2||2|2|2|2||6||2|2|2|1|2|1|2|2|1|52UZPE01152001T08MT02EBS001H002552UZPE01152001T08MT02EBS001H0025F0025
2|21|1|52|UZPE011|52001|T08|MT02|MERCEDARIO|CRA321D22|-77.26249|1.204175||52UZPE01152001T08MT02EBS001H0026|52UZPE01152001T08MT02EBS001H0026F0026|2|3|3|4|52UZPE01152001T08MT02EBS001|900091143|CC|1085321578|TERAPEUTAOCUPACIONAL|52UZPE01152001T08MT02EBS001H0026F0026CF026|2025-07-07|1||1||3||1||1|2|11|5|3|2|20||1|13|0||1||1||1||1||2|2|3|2|1|1|1|2|2|2|2|2|2||2|2|1|1||6||1|2|2|1|2|1|2|2|1|52UZPE01152001T08MT02EBS001H002652UZPE01152001T08MT02EBS001H0026F0026
2|22|1|52|UZPE011|52001|T08|MT02|MERCEDARIO|CRA3A21D28|-77.262758|1.204467||52UZPE01152001T08MT02EBS001H0027|52UZPE01152001T08MT02EBS001H0027F0027|2|3|3|5|52UZPE01152001T08MT02EBS001|900091143|CC|59651018|PSICOLOGIA|52UZPE01152001T08MT02EBS001H0027F0027CF027|2025-07-07|1||1||3||1||4|2|11|5|3|2|20||2|13|0||1||1||1||1||2|2|3|1|1|1|1|2|2|2|2|2|2||2|2|1|2||6||1|2|2|1|2|1|2|2|1|52UZPE01152001T08MT02EBS001H002752UZPE01152001T08MT02EBS001H0027F0027
2|23|1|52|UZPE011|52001|T08|MT02|MERCEDARIO|CR3A21C12|-77.261473|1.203517||52UZPE01152001T08MT02EBS001H0028|52UZPE01152001T08MT02EBS001H0028F0028|2|1|1|1|52UZPE01152001T08MT02EBS001|900091143|CC|1085304072|GESTORCOMUNITARIO|52UZPE01152001T08MT02EBS001H0028F0028CF028|2025-07-07|1||1||1||1||3|2|11|5|2|2|20||2|13|0||1||1||1||1||2|3|3|1|1|1|1|2|2|2|2|2|2||2|2|1|2||6||1|2|2|1|2|1|2|2|1|52UZPE01152001T08MT02EBS001H002852UZPE01152001T08MT02EBS001H0028F0028
2|24|1|52|UZPE011|52001|T08|MT02|MERCEDARIO|CRA321C30|-77.262397|1.203909||52UZPE01152001T08MT02EBS001H0029|52UZPE01152001T08MT02EBS001H0029F0029|2|1|1|2|52UZPE01152001T08MT02EBS001|900091143|CC|1085255824|AUXDEENFERMERIA|52UZPE01152001T08MT02EBS001H0029F0029CF029|2025-07-07|1||1||3||4||2|2|11|5|3|2|20||2|13|0||1||1||1||1||2|2|3|1|1|1|1|2|2|2|2|2|2||2|2|1|2||6||1|2|2|1|1|1|2|2|1|52UZPE01152001T08MT02EBS001H002952UZPE01152001T08MT02EBS001H0029F0029
2|25|1|52|UZPE011|52001|T09|MT04|VILLA FLOR II|MZ12CS15VILLAFLORII|-77.257133|1.20151||52UZPE01152001T09MT04EBS001H0031|52UZPE01152001T09MT04EBS001H0031F0031|2|1|1|1|52UZPE01152001T09MT04EBS001|900091143|CC|27087475|PSICOLOGIA|52UZPE01152001T09MT04EBS001H0031F0031CF031|2025-07-07|1||1||3||1||1|2|11|5|3|2|20||2|13|0||1||1||1||1||7|1|1|1|1|1|1|2|2|2|2|2|2||2|2|1|1||6||1|2|2|1|1|1|2|2|1|52UZPE01152001T09MT04EBS001H003152UZPE01152001T09MT04EBS001H0031F0031
2|26|1|52|UZPE011|52001|T08|MT02|MERCEDARIO|CRA321C18DIV|-77.261881|1.204075||52UZPE01152001T08MT02EBS001H0032|52UZPE01152001T08MT02EBS001H0032F0032|2|2|2|4|52UZPE01152001T08MT02EBS001|900091143|CC|1085321578|TERAPEUTAOCUPACIONAL|52UZPE01152001T08MT02EBS001H0032F0032CF032|2025-07-08|1||1||3||1||1|1|11|5|3|2|20||2|13|0||1||1||1||1||2|2|3|1|1|1|1|2|2|2|2|2|2||2|2|1|2||6||1|2|2|1|2|1|2|2|1|52UZPE01152001T08MT02EBS001H003252UZPE01152001T08MT02EBS001H0032F0032
2|27|1|52|UZPE011|52001|T09|MT04|VILLA FLOR II|MANZANA6CASA38|-77.258036|1.20171||52UZPE01152001T09MT04EBS001H0034|52UZPE01152001T09MT04EBS001H0034F0034|2|1|1|2|52UZPE01152001T09MT04EBS001|900091143|CC|1085300095|AUXILIARDEENFERMERIA|52UZPE01152001T09MT04EBS001H0034F0034CF034|2025-07-07|1||1||3||1||1|2|11|5|2|2|20||2|13|0||1||1||1||1||2|2|3|1|1|1|1|2|2|2|2|2|2||2|2|1|1||6||1|2|2|1|1|1|2|2|1|52UZPE01152001T09MT04EBS001H003452UZPE01152001T09MT04EBS001H0034F0034
2|28|1|52|UZPE011|52001|T09|MT04|VILLA FLOR II|MANZANACASA38APTO1|-77.258019|1.201819||52UZPE01152001T09MT04EBS001H0036|52UZPE01152001T09MT04EBS001H0036F0036|2|1|1|1|52UZPE01152001T09MT04EBS001|900091143|CC|1085300095|AUXILIARDEENFERMERIA|52UZPE01152001T09MT04EBS001H0036F0036CF036|2025-07-08|4||1||3||1||1|2|11|5|2|2|20||2|13|0||1||1||1||1||7|1|3|2|1|1|1|2|2|2|2|2|2||2|2|2|1||6||2|2|2|1|2|1|2|2|1|52UZPE01152001T09MT04EBS001H003652UZPE01152001T09MT04EBS001H0036F0036
2|29|1|52|UZPE011|52001|T09|MT04|VILLA FLOR II|MANZANA6CASA38APTO2|-77.259008|1.201285||52UZPE01152001T09MT04EBS001H0037|52UZPE01152001T09MT04EBS001H0037F0037|2|1|1|3|52UZPE01152001T09MT04EBS001|900091143|CC|1085300095|AUXILIARDEENFERMERIA|52UZPE01152001T09MT04EBS001H0037F0037CF037|2025-07-08|4||1||3||1||2|2|11|5|2|2|20||2|13|0||1||1||1||1||2|3|1|1|1|1|1|2|2|2|2|2|2||2|2|2|1||6||2|2|2|1|2|1|2|2|1|52UZPE01152001T09MT04EBS001H003752UZPE01152001T09MT04EBS001H0037F0037
2|30|1|52|UZPE011|52001|T08|MT02|MERCEDARIO|CR2A21C18|-77.261549|1.203092||52UZPE01152001T08MT02EBS001H0038|52UZPE01152001T08MT02EBS001H0038F0038|2|1|1|1|52UZPE01152001T08MT02EBS001|900091143|CC|1085304072|GESTORCOMUNITARIO|52UZPE01152001T08MT02EBS001H0038F0038CF038|2025-07-08|1||1||3||1||2|2|11|5|2|2|20||2|13|0||1||1||1||1||2|2|3|1|1|1|1|2|2|2|2|2|2||2|2|1|2||6||1|2|2|1|1|1|2|2|1|52UZPE01152001T08MT02EBS001H003852UZPE01152001T08MT02EBS001H0038F0038
2|31|1|52|UZPE011|52001|T09|MT04|VILLA FLOR II|MANZANA6CASA12|-77.257474|1.201787||52UZPE01152001T09MT04EBS001H0039|52UZPE01152001T09MT04EBS001H0039F0039|2|1|1|2|52UZPE01152001T09MT04EBS001|900091143|CC|1085300095|AUXILIARDEENFERMERIA|52UZPE01152001T09MT04EBS001H0039F0039CF039|2025-07-08|1||1||3||1||1|2|11|4|3|2|20||2|13|0||1||1||1||1||2|2|1|3|1|1|1|2|2|2|2|2|2||2|2|1|1||6||1|2|2|1|1|1|2|2|1|52UZPE01152001T09MT04EBS001H003952UZPE01152001T09MT04EBS001H0039F0039
2|32|1|52|UZPE011|52001|T08|MT02|MERCEDARIO|CR2A21C09|-77.262285|1.203886||52UZPE01152001T08MT02EBS001H0040|52UZPE01152001T08MT02EBS001H0040F0040|2|1|1|1|52UZPE01152001T08MT02EBS001|900091143|CC|1085304072|GESTORCOMUNITARIO|52UZPE01152001T08MT02EBS001H0040F0040CF040|2025-07-08|1||1||3||1||2|2|11|5|3|2|20||1|13|0||1||1||1||1||2|2|3|1|1|1|1|2|2|2|2|2|2||2|2|2|2||6||2|2|2|1|1|1|2|2|1|52UZPE01152001T08MT02EBS001H004052UZPE01152001T08MT02EBS001H0040F0040
2|33|1|52|UZPE011|52001|T08|MT02|MERCEDARIO|CR2A21C09|-77.262285|1.203886||52UZPE01152001T08MT02EBS001H0041|52UZPE01152001T08MT02EBS001H0041F0041|2|1|1|1|52UZPE01152001T08MT02EBS001|900091143|CC|1085304072|GESTORCOMUNITARIO|52UZPE01152001T08MT02EBS001H0041F0041CF041|2025-07-08|1||1||3||1||2|2|11|5|3|2|20||1|13|0||1||1||1||1||2|2|3|1|1|1|1|2|2|2|2|2|2||2|2|2|2||6||2|2|2|1|1|1|2|2|1|52UZPE01152001T08MT02EBS001H004152UZPE01152001T08MT02EBS001H0041F0041
2|34|1|52|UZPE011|52001|T09|MT04|VILLA FLOR II|MANZANA3CASA7|-77.257907|1.20217||52UZPE01152001T09MT04EBS001H0042|52UZPE01152001T09MT04EBS001H0042F0042|2|1|1|1|52UZPE01152001T09MT04EBS001|900091143|CC|1085300095|AUXILIARDEENFERMERIA|52UZPE01152001T09MT04EBS001H0042F0042CF042|2025-07-08|4||1||3||1||1|2|11|4|3|2|20||2|13|0||1||1||1||1||7|1|1|1|1|1|2|2|2|2|2|2|2||2|2|2|1||6||2|2|2|1|1|1|2|2|1|52UZPE01152001T09MT04EBS001H004252UZPE01152001T09MT04EBS001H0042F0042
2|35|1|52|UZPE011|52001|T09|MT04|VILLA FLOR II|MANZANA3CASA7APTO1|-77.257884|1.202027||52UZPE01152001T09MT04EBS001H0043|52UZPE01152001T09MT04EBS001H0043F0043|2|1|1|2|52UZPE01152001T09MT04EBS001|900091143|CC|1085300095|AUXILIARDEENFERMERIA|52UZPE01152001T09MT04EBS001H0043F0043CF043|2025-07-08|4||1||3||1||2|2|11|4|3|2|20||2|13|0||1||1||1||1||1|2|1|4|1|1|1|2|2|2|2|2|2||2|2|1|1||6||1|2|2|1|1|1|2|2|1|52UZPE01152001T09MT04EBS001H004352UZPE01152001T09MT04EBS001H0043F0043
2|36|1|52|UZPE011|52001|T08|MT02|MERCEDARIO|CR2A21C24|-77.262784|1.204763||52UZPE01152001T08MT02EBS001H0044|52UZPE01152001T08MT02EBS001H0044F0044|2|2|2|1|52UZPE01152001T08MT02EBS001|900091143|CC|1085304072|GESTORCOMUNITARIO|52UZPE01152001T08MT02EBS001H0044F0044CF044|2025-07-08|1||1||3||1||4|2|11|5|3|2|20||1|13|0||1||1||1||1||1|2|3|1|1|1|1|2|2|2|2|2|2||2|2|2|2||6||2|2|2|1|1|1|2|2|1|52UZPE01152001T08MT02EBS001H004452UZPE01152001T08MT02EBS001H0044F0044
2|37|1|52|UZPE011|52001|T08|MT02|MERCEDARIO|CR2A21C24|-77.262784|1.204763||52UZPE01152001T08MT02EBS001H0045|52UZPE01152001T08MT02EBS001H0045F0045|2|2|2|1|52UZPE01152001T08MT02EBS001|900091143|CC|1085304072|GESTORCOMUNITARIO|52UZPE01152001T08MT02EBS001H0045F0045CF045|2025-07-08|1||1||3||1||4|2|11|5|3|2|20||1|13|0||1||1||1||1||1|2|3|1|1|1|1|2|2|2|2|2|2||2|2|2|2||6||2|2|2|1|1|1|2|2|1|52UZPE01152001T08MT02EBS001H004552UZPE01152001T08MT02EBS001H0045F0045
2|38|1|52|UZPE011|52001|T08|MT02|MERCEDARIO|CR2A21C24|-77.262784|1.204763||52UZPE01152001T08MT02EBS001H0046|52UZPE01152001T08MT02EBS001H0046F0046|2|2|2|1|52UZPE01152001T08MT02EBS001|900091143|CC|1085304072|GESTORCOMUNITARIO|52UZPE01152001T08MT02EBS001H0046F0046CF046|2025-07-08|1||1||3||1||1|2|11|5|3|2|20||1|13|0||1||1||1||1||2|2|3|1|1|1|1|2|2|2|2|2|2||2|2|2|2||6||2|2|2|1|1|1|2|2|1|52UZPE01152001T08MT02EBS001H004652UZPE01152001T08MT02EBS001H0046F0046
2|39|1|52|UZPE011|52001|T08|MT02|MERCEDARIO|CR2A21C10|-77.261707|1.203872||52UZPE01152001T08MT02EBS001H0047|52UZPE01152001T08MT02EBS001H0047F0047|2|2|2|1|52UZPE01152001T08MT02EBS001|900091143|CC|1085304072|GESTORCOMUNITARIO|52UZPE01152001T08MT02EBS001H0047F0047CF047|2025-07-08|1||1||3||1||1|2|11|5|3|2|20||2|13|0||1||1||1||1||2|2|3|1|1|1|1|2|2|2|2|2|2||2|2|2|2||6||2|2|2|1|1|1|2|2|1|52UZPE01152001T08MT02EBS001H004752UZPE01152001T08MT02EBS001H0047F0047
2|40|1|52|UZPE011|52001|T08|MT02|MERCEDARIO|CR2A21C10|-77.261707|1.203872||52UZPE01152001T08MT02EBS001H0048|52UZPE01152001T08MT02EBS001H0048F0048|2|2|2|1|52UZPE01152001T08MT02EBS001|900091143|CC|1085304072|GESTORCOMUNITARIO|52UZPE01152001T08MT02EBS001H0048F0048CF048|2025-07-08|1||1||3||1||1|2|11|5|3|2|20||1|13|0||1||1||1||1||2|2|3|1|1|1|1|2|2|2|2|2|2||2|2|2|2||6||2|2|2|1|1|1|2|2|1|52UZPE01152001T08MT02EBS001H004852UZPE01152001T08MT02EBS001H0048F0048
2|41|1|52|UZPE011|52001|T08|MT02|MERCEDARIO|CRA3A21D21|-77.262758|1.204467||52UZPE01152001T08MT02EBS001H0049|52UZPE01152001T08MT02EBS001H0049F0049|2|3|3|5|52UZPE01152001T08MT02EBS001|900091143|CC|59651018|PSICOLOGIA|52UZPE01152001T08MT02EBS001H0049F0049CF049|2025-07-07|1||1||3||4||3|2|11|5|3|2|20||2|13|0||1||1||1||1||4|1|3|1|1|1|1|2|2|2|2|2|2||2|2|1|2||6||1|2|2|1|2|1|2|2|1|52UZPE01152001T08MT02EBS001H004952UZPE01152001T08MT02EBS001H0049F0049
2|42|1|52|UZPE011|52001|T08|MT02|MERCEDARIO|CR221C15|-77.261872|1.203627||52UZPE01152001T08MT02EBS001H0050|52UZPE01152001T08MT02EBS001H0050F0050|2|1|1|1|52UZPE01152001T08MT02EBS001|900091143|CC|1085304072|GESTORCOMUNITARIO|52UZPE01152001T08MT02EBS001H0050F0050CF050|2025-07-08|1||1||3||1||2|2|11|5|3|2|20||1|13|0||1||1||1||1||7|1|3|1|1|1|1|2|2|2|2|2|2||2|2|1|2||6||1|2|2|1|1|1|2|2|1|52UZPE01152001T08MT02EBS001H005052UZPE01152001T08MT02EBS001H0050F0050
2|43|1|52|UZPE011|52001|T08|MT02|MERCEDARIO|CRA2A21D15|-77.262512|1.204137||52UZPE01152001T08MT02EBS001H0051|52UZPE01152001T08MT02EBS001H0051F0051|2|2|2|4|52UZPE01152001T08MT02EBS001|900091143|CC|59651018|PSICOLOGIA|52UZPE01152001T08MT02EBS001H0051F0051CF051|2025-07-07|4||1||3||4||1|2|11|5|2|2|20||2|13|0||1||1||1||1||1|2|3|1|1|1|1|2|2|2|2|2|2||2|2|1|2||6||1|2|2|1|2|1|2|2|1|52UZPE01152001T08MT02EBS001H005152UZPE01152001T08MT02EBS001H0051F0051
2|44|1|52|UZPE011|52001|T08|MT02|MERCEDARIO|CR221D03|-77.263295|1.203648||52UZPE01152001T08MT02EBS001H0052|52UZPE01152001T08MT02EBS001H0052F0052|2|1|1|1|52UZPE01152001T08MT02EBS001|900091143|CC|1085304072|GESTORCOMUNITARIO|52UZPE01152001T08MT02EBS001H0052F0052CF052|2025-07-08|1||1||3||1||1|2|11|5|2|2|20||2|13|0||1||1||1||1||1|4|3|1|1|1|1|2|2|2|2|2|2||2|2|2|2||6||2|2|2|1|1|1|2|2|1|52UZPE01152001T08MT02EBS001H005252UZPE01152001T08MT02EBS001H0052F0052
2|45|1|52|UZPE011|52001|T09|MT04|VILLA FLOR II|MNZ12CASA20|-77.256907|1.201939||52UZPE01152001T09MT04EBS001H0053|52UZPE01152001T09MT04EBS001H0053F0053|2|1|1|2|52UZPE01152001T09MT04EBS001|900091143|CC|37084285|AUXILIARDEENFERMERIA|52UZPE01152001T09MT04EBS001H0053F0053CF053|2025-07-07|1||1||3||1||1|2|11|5|2|2|20||2|13|0||1||1||1||1||2|2|1|1|1|1|1|2|2|2|2|2|2||2|2|2|1||6||2|2|2|1|1|1|2|2|1|52UZPE01152001T09MT04EBS001H005352UZPE01152001T09MT04EBS001H0053F0053
2|46|1|52|UZPE011|52001|T09|MT04|VILLA FLOR II|MNZ12CASA20APTO2|-77.256907|1.201939||52UZPE01152001T09MT04EBS001H0054|52UZPE01152001T09MT04EBS001H0054F0054|2|1|1|2|52UZPE01152001T09MT04EBS001|900091143|CC|37084285|AUXILIARDEENFERMERIA|52UZPE01152001T09MT04EBS001H0054F0054CF054|2025-07-07|1||1||3||1||2|2|11|5|1|2|20||2|13|0||1||1||1||1||2|2|1|1|1|1|1|2|2|2|2|2|2||2|2|1|1||6||1|2|2|1|1|1|2|2|1|52UZPE01152001T09MT04EBS001H005452UZPE01152001T09MT04EBS001H0054F0054
2|47|1|52|UZPE011|52001|T08|MT02|MERCEDARIO|CRA2A21D04|-77.262289|1.204133||52UZPE01152001T08MT02EBS001H0055|52UZPE01152001T08MT02EBS001H0055F0055|2|2|2|4|52UZPE01152001T08MT02EBS001|900091143|CC|59651018|PSICOLOGIA|52UZPE01152001T08MT02EBS001H0055F0055CF055|2025-07-07|1||1||3||4||2|2|11|5|3|2|20||2|13|0||1||1||1||1||4|2|3|1|1|1|1|2|2|2|2|2|2||2|2|1|2||6||1|2|2|1|2|1|2|2|1|52UZPE01152001T08MT02EBS001H005552UZPE01152001T08MT02EBS001H0055F0055
2|48|1|52|UZPE011|52001|T09|MT04|VILLA FLOR II|MNZ6CASA20|-77.255792|1.200781||52UZPE01152001T09MT04EBS001H0056|52UZPE01152001T09MT04EBS001H0056F0056|2|1|1|1|52UZPE01152001T09MT04EBS001|900091143|CC|37084285|AUXILIARDEENFERMERIA|52UZPE01152001T09MT04EBS001H0056F0056CF056|2025-07-07|4||1||3||1||1|2|11|5|2|2|20||1|13|0||1||1||1||1||7|1|1|1|1|1|1|2|2|2|2|2|2||2|2|1|2||6||1|2|2|1|1|1|2|2|1|52UZPE01152001T09MT04EBS001H005652UZPE01152001T09MT04EBS001H0056F0056
2|49|1|52|UZPE011|52001|T08|MT02|MERCEDARIO|CRA21D0228|-77.262311|1.204237||52UZPE01152001T08MT02EBS001H0057|52UZPE01152001T08MT02EBS001H0057F0057|2|1|1|1|52UZPE01152001T08MT02EBS001|900091143|CC|59651018|PSICOLOGIA|52UZPE01152001T08MT02EBS001H0057F0057CF057|2025-07-07|4||1||3||1||1|2|11|5|2|2|20||2|13|0||1||1||1||1||7|1|3|1|1|1|1|2|2|2|2|2|2||2|2|2|2||6||2|2|2|1|2|1|2|2|1|52UZPE01152001T08MT02EBS001H005752UZPE01152001T08MT02EBS001H0057F0057
2|50|1|52|UZPE011|52001|T09|MT04|VILLA FLOR II|MNZ12CASA13|-77.255792|1.200781||52UZPE01152001T09MT04EBS001H0058|52UZPE01152001T09MT04EBS001H0058F0058|2|1|1|1|52UZPE01152001T09MT04EBS001|900091143|CC|37084285|AUXILIARDEENFERMERIA|52UZPE01152001T09MT04EBS001H0058F0058CF058|2025-07-07|4||1||3||1||1|2|11|5|2|2|20||2|13|0||1||1||1||1||7|1|1|1|1|1|1|2|2|2|2|2|2||2|2|1|1||6||1|2|2|1|1|1|2|2|1|52UZPE01152001T09MT04EBS001H005852UZPE01152001T09MT04EBS001H0058F0058
2|51|1|52|UZPE011|52001|T09|MT04|VILLA FLOR II|MNZ12CASA13APTO2|-77.255795|1.200781||52UZPE01152001T09MT04EBS001H0059|52UZPE01152001T09MT04EBS001H0059F0059|2|1|1|1|52UZPE01152001T09MT04EBS001|900091143|CC|37084285|AUXILIARDEENFERMERIA|52UZPE01152001T09MT04EBS001H0059F0059CF059|2025-07-07|5||1||3||1||1|2|11|5|2|2|20||2|13|0||1||1||1||1||7|1|1|1|1|1|1|2|2|2|2|2|2||2|2|2|2||6||2|2|2|1|1|1|2|2|1|52UZPE01152001T09MT04EBS001H005952UZPE01152001T09MT04EBS001H0059F0059
2|52|1|52|UZPE011|52001|T09|MT04|VILLA FLOR II|MNZ6CASA34|-77.257584|1.202187||52UZPE01152001T09MT04EBS001H0060|52UZPE01152001T09MT04EBS001H0060F0060|2|1|1|1|52UZPE01152001T09MT04EBS001|900091143|CC|37084285|AUXILIARDEENFERMERIA|52UZPE01152001T09MT04EBS001H0060F0060CF060|2025-07-07|4||1||3||1||1|2|11|5|2|2|20||2|13|0||1||1||1||1||7|1|1|1|1|1|1|2|2|2|2|2|2||2|2|1|2||6||1|2|2|1|1|1|2|2|1|52UZPE01152001T09MT04EBS001H006052UZPE01152001T09MT04EBS001H0060F0060
2|53|1|52|UZPE011|52001|T09|MT04|VILLA FLOR II|MZ12CS18VILLAFLORII|-77.25673|1.202191||52UZPE01152001T09MT04EBS001H0061|52UZPE01152001T09MT04EBS001H0061F0061|2|1|1|3|52UZPE01152001T09MT04EBS001|900091143|CC|27087475|PSICOLOGIA|52UZPE01152001T09MT04EBS001H0061F0061CF061|2025-07-07|1||1||3||1||2|2|11|5|3|2|20||1|13|0||1||1||1||1||1|3|1|1|1|1|1|2|2|2|2|2|2||2|2|1|2||6||1|2|2|1|1|1|2|2|1|52UZPE01152001T09MT04EBS001H006152UZPE01152001T09MT04EBS001H0061F0061
2|54|1|52|UZPE011|52001|T08|MT02|MERCEDARIO|CRA2A21C39|-77.262536|1.203824||52UZPE01152001T08MT02EBS001H0062|52UZPE01152001T08MT02EBS001H0062F0062|2|1|1|2|52UZPE01152001T08MT02EBS001|900091143|CC|1085255824|AUXDEENFERMERIA|52UZPE01152001T08MT02EBS001H0062F0062CF062|2025-07-08|1||1||3||4||2|2|11|5|3|2|20||2|13|0||1||1||1||1||2|5|3|1|1|1|1|2|2|2|2|2|2||2|2|1|1||6||1|2|2|1|1|1|2|2|1|52UZPE01152001T08MT02EBS001H006252UZPE01152001T08MT02EBS001H0062F0062
2|55|1|52|UZPE011|52001|T09|MT04|VILLA FLOR II|MZ6CASA34|-77.257584|1.202187||52UZPE01152001T09MT04EBS001H0063|52UZPE01152001T09MT04EBS001H0063F0063|2|1|1|2|52UZPE01152001T09MT04EBS001|900091143|CC|37084285|AUXILIARDEENFERMERIA|52UZPE01152001T09MT04EBS001H0063F0063CF063|2025-07-07|4||1||3||1||2|2|11|5|3|2|20||2|13|0||1||1||1||1||2|2|1|1|1|1|1|2|2|2|2|2|2||2|2|1|2||6||1|2|2|1|1|1|2|2|1|52UZPE01152001T09MT04EBS001H006352UZPE01152001T09MT04EBS001H0063F0063
2|56|1|52|UZPE011|52001|T09|MT04|VILLA FLOR II|MZ6CASA34|-77.257584|1.202187||52UZPE01152001T09MT04EBS001H0064|52UZPE01152001T09MT04EBS001H0064F0064|2|1|1|1|52UZPE01152001T09MT04EBS001|900091143|CC|37084285|AUXILIARDEENFERMERIA|52UZPE01152001T09MT04EBS001H0064F0064CF064|2025-07-07|4||1||3||1||1|2|11|5|2|2|20||2|13|0||1||1||1||1||7|1|1|1|1|1|1|2|2|2|2|2|2||2|2|1|2||6||1|2|2|1|1|1|2|2|1|52UZPE01152001T09MT04EBS001H006452UZPE01152001T09MT04EBS001H0064F0064
2|57|1|52|UZPE011|52001|T09|MT04|VILLA FLOR II|MNZ6CASA6|-77.260815|1.20166||52UZPE01152001T09MT04EBS001H0065|52UZPE01152001T09MT04EBS001H0065F0065|2|1|1|2|52UZPE01152001T09MT04EBS001|900091143|CC|37084285|AUXILIARDEENFERMERIA|52UZPE01152001T09MT04EBS001H0065F0065CF065|2025-07-08|1||1||3||1||2|2|11|5|3|2|20||2|13|0||1||1||1||1||4|2|1|1|1|1|1|2|2|2|2|2|2||2|2|1|1||6||1|2|2|1|1|1|2|2|1|52UZPE01152001T09MT04EBS001H006552UZPE01152001T09MT04EBS001H0065F0065
2|58|1|52|UZPE011|52001|T09|MT04|VILLA FLOR II|MANZANA3CASA5|-77.257627|1.202041||52UZPE01152001T09MT04EBS001H0066|52UZPE01152001T09MT04EBS001H0066F0066|2|1|1|2|52UZPE01152001T09MT04EBS001|900091143|CC|1085300095|AUXILIARDEENFERMERIA|52UZPE01152001T09MT04EBS001H0066F0066CF066|2025-07-08|4||1||3||1||2|2|11|4|3|1|20||2|13|0||1||1||1||1||2|2|1|2|1|1|2|2|2|2|2|2|2||2|2|1|2||6||1|2|2|1|1|1|2|2|1|52UZPE01152001T09MT04EBS001H006652UZPE01152001T09MT04EBS001H0066F0066
2|59|1|52|UZPE011|52001|T09|MT04|VILLA FLOR II|MANZANA3CASA5APTO1|-77.257627|1.202041||52UZPE01152001T09MT04EBS001H0067|52UZPE01152001T09MT04EBS001H0067F0067|3|1|1|1|52UZPE01152001T09MT04EBS001|900091143|CC|1085300095|AUXILIARDEENFERMERIA|52UZPE01152001T09MT04EBS001H0067F0067CF067|2025-07-08|4||1||3||1||1|2|11|5|3|2|20||2|13|0||1||1||1||1||7|1|1|2|1|1|2|2|2|2|2|2|2||2|2|2|2||6||2|2|2|1|1|1|2|2|1|52UZPE01152001T09MT04EBS001H006752UZPE01152001T09MT04EBS001H0067F0067
2|60|1|52|UZPE011|52001|T09|MT04|VILLA FLOR II|MANZANA3CASA14|-77.243139|1.201922||52UZPE01152001T09MT04EBS001H0068|52UZPE01152001T09MT04EBS001H0068F0068|2|1|1|1|52UZPE01152001T09MT04EBS001|900091143|CC|1085300095|AUXILIARDEENFERMERIA|52UZPE01152001T09MT04EBS001H0068F0068CF068|2025-07-08|1||1||3||1||1|2|11|4|3|2|20||2|13|0||1||1||1||1||7|1|1|1|1|1|1|2|2|2|2|2|2||2|2|2|2||6||2|2|2|1|1|1|2|2|1|52UZPE01152001T09MT04EBS001H006852UZPE01152001T09MT04EBS001H0068F0068
2|61|1|52|UZPE011|52001|T09|MT04|VILLA FLOR II|MANZANA3CASA15|-77.258048|1.20212||52UZPE01152001T09MT04EBS001H0071|52UZPE01152001T09MT04EBS001H0071F0071|2|1|1|3|52UZPE01152001T09MT04EBS001|900091143|CC|1085300095|AUXILIARDEENFERMERIA|52UZPE01152001T09MT04EBS001H0071F0071CF071|2025-07-08|1||1||3||1||3|2|11|4|2|2|20||1|13|0||1||1||1||1||1|3|1|2|1|1|3|2|2|2|2|2|2||2|2|1|2||6||1|2|2|1|1|1|2|2|1|52UZPE01152001T09MT04EBS001H007152UZPE01152001T09MT04EBS001H0071F0071
2|62|1|52|UZPE011|52001|T08|MT02|MERCEDARIO|CRA2A21D15|-77.261909|1.204149||52UZPE01152001T08MT02EBS001H0073|52UZPE01152001T08MT02EBS001H0073F0073|2|3|3|3|52UZPE01152001T08MT02EBS001|900091143|CC|1085321578|TERAPEUTAOCUPACIONAL|52UZPE01152001T08MT02EBS001H0073F0073CF073|2025-07-09|4||1||3||1||2|2|11|5|3|2|20||2|13|0||1||1||1||1||7|1|3|1|1|1|1|2|2|2|2|2|2||2|2|2|1||6||2|2|2|1|2|1|2|2|1|52UZPE01152001T08MT02EBS001H007352UZPE01152001T08MT02EBS001H0073F0073
2|63|1|52|UZPE011|52001|T09|MT04|VILLA FLOR II|MANZANA7CASA23|-77.257103|1.201233||52UZPE01152001T09MT04EBS001H0074|52UZPE01152001T09MT04EBS001H0074F0074|2|1|1|3|52UZPE01152001T09MT04EBS001|900091143|CC|1085300095|AUXILIARDEENFERMERIA|52UZPE01152001T09MT04EBS001H0074F0074CF074|2025-07-09|1||1||3||1||2|2|11|5|3|2|20||2|13|0||1||1||1||1||1|3|1|1|1|1|1|2|2|2|2|2|2||2|2|2|2||6||2|2|2|1|2|1|2|2|1|52UZPE01152001T09MT04EBS001H007452UZPE01152001T09MT04EBS001H0074F0074
2|64|1|52|UZPE011|52001|T09|MT04|VILLA FLOR II|MZ26CS20VILLAFLORII|-77.256907|1.201939||52UZPE01152001T09MT04EBS001H0075|52UZPE01152001T09MT04EBS001H0075F0075|2|1|1|2|52UZPE01152001T09MT04EBS001|900091143|CC|27087475|PSICOLOGIA|52UZPE01152001T09MT04EBS001H0075F0075CF075|2025-07-07|1||1||3||1||1|2|11|5|3|2|20||2|13|0||1||1||1||1||1|2|1|1|1|1|1|2|2|2|2|2|2||2|2|1|1||6||1|2|2|1|1|1|2|2|1|52UZPE01152001T09MT04EBS001H007552UZPE01152001T09MT04EBS001H0075F0075
2|65|1|52|UZPE011|52001|T08|MT02|MERCEDARIO|CRA22D22|-77.261834|1.204328||52UZPE01152001T08MT02EBS001H0076|52UZPE01152001T08MT02EBS001H0076F0076|2|3|3|3|52UZPE01152001T08MT02EBS001|900091143|CC|59651018|PSICOLOGIA|52UZPE01152001T08MT02EBS001H0076F0076CF076|2025-07-09|1||1||3||4||3|2|11|5|3|2|20||2|13|0||1||1||1||1||4|1|3|4|1|1|1|2|2|2|2|2|2||2|2|2|2||6||2|2|2|1|2|1|2|2|1|52UZPE01152001T08MT02EBS001H007652UZPE01152001T08MT02EBS001H0076F0076
2|66|1|52|UZPE011|52001|T09|MT04|VILLA FLOR II|MANZANA7CASA30|-77.257261|1.200783||52UZPE01152001T09MT04EBS001H0077|52UZPE01152001T09MT04EBS001H0077F0077|1|1|1|2|52UZPE01152001T09MT04EBS001|900091143|CC|1085300095|AUXILIARDEENFERMERIA|52UZPE01152001T09MT04EBS001H0077F0077CF077|2025-07-09|1||1||3||1||1|2|11|5|3|2|20||2|13|0||1||1||1||1||1|2|1|1|1|1|1|2|2|2|2|2|2||2|2|1|2||6||1|2|2|1|1|1|2|2|1|52UZPE01152001T09MT04EBS001H007752UZPE01152001T09MT04EBS001H0077F0077
2|67|1|52|UZPE011|52001|T09|MT04|VILLA FLOR II|MZ26CS31VILLAFLORII|-77.257074|1.201244||52UZPE01152001T09MT04EBS001H0078|52UZPE01152001T09MT04EBS001H0078F0078|2|1|1|1|52UZPE01152001T09MT04EBS001|900091143|CC|27087475|PSICOLOGIA|52UZPE01152001T09MT04EBS001H0078F0078CF078|2025-07-07|4||1||3||1||1|2|11|5|3|2|20||2|13|0||1||1||1||1||7|1|1|1|1|1|1|2|2|2|2|2|2||2|2|1|2||6||1|2|2|1|1|1|2|2|1|52UZPE01152001T09MT04EBS001H007852UZPE01152001T09MT04EBS001H0078F0078
2|68|1|52|UZPE011|52001|T09|MT04|VILLA FLOR II|MANZANA7CASA30|-77.257428|1.20109||52UZPE01152001T09MT04EBS001H0079|52UZPE01152001T09MT04EBS001H0079F0079|3|1|1|2|52UZPE01152001T09MT04EBS001|900091143|CC|1085300095|AUXILIARDEENFERMERIA|52UZPE01152001T09MT04EBS001H0079F0079CF079|2025-07-09|4||1||3||1||1|1|11|5|2|2|20||2|13|0||1||1||1||1||2|1|1|1|1|1|1|2|2|2|2|2|2||2|2|2|2||6||2|2|2|1|1|1|2|2|1|52UZPE01152001T09MT04EBS001H007952UZPE01152001T09MT04EBS001H0079F0079
2|69|1|52|UZPE011|52001|T08|MT02|MERCEDARIO|CRA221C42|-77.261071|1.203739||52UZPE01152001T08MT02EBS001H0080|52UZPE01152001T08MT02EBS001H0080F0080|2|1|1|2|52UZPE01152001T08MT02EBS001|900091143|CC|59651018|PSICOLOGIA|52UZPE01152001T08MT02EBS001H0080F0080CF080|2025-07-09|1||1||3||4||2|2|11|5|3|2|20||2|13|0||1||1||1||1||2|2|3|1|1|1|1|2|2|2|2|2|2||2|2|2|1||6||2|2|2|1|2|1|2|2|1|52UZPE01152001T08MT02EBS001H008052UZPE01152001T08MT02EBS001H0080F0080
2|70|1|52|UZPE011|52001|T09|MT04|VILLA FLOR II|MANZANA7CASA35|-77.257612|1.201312||52UZPE01152001T09MT04EBS001H0081|52UZPE01152001T09MT04EBS001H0081F0081|3|1|1|2|52UZPE01152001T09MT04EBS001|900091143|CC|1085300095|AUXILIARDEENFERMERIA|52UZPE01152001T09MT04EBS001H0081F0081CF081|2025-07-09|4||1||3||1||1|2|11|5|2|2|20||2|13|0||1||1||1||1||2|2|1|1|1|1|1|2|2|2|2|2|2||2|2|2|2||6||2|2|2|1|1|1|2|2|1|52UZPE01152001T09MT04EBS001H008152UZPE01152001T09MT04EBS001H0081F0081
2|71|1|52|UZPE011|52001|T09|MT04|VILLA FLOR II|MANZANA8CASA6|-77.257811|1.20142||52UZPE01152001T09MT04EBS001H0082|52UZPE01152001T09MT04EBS001H0082F0082|3|1|1|2|52UZPE01152001T09MT04EBS001|900091143|CC|1085300095|AUXILIARDEENFERMERIA|52UZPE01152001T09MT04EBS001H0082F0082CF082|2025-07-09|1||1||3||1||2|2|11|4|2|2|20||1|13|0||1||1||1||1||2|2|1|2|1|1|2|2|2|2|2|2|2||2|2|1|2||6||1|2|2|1|2|1|2|2|1|52UZPE01152001T09MT04EBS001H008252UZPE01152001T09MT04EBS001H0082F0082
2|72|1|52|UZPE011|52001|T08|MT02|MERCEDARIO|CRA221C24|-77.262252|1.203679||52UZPE01152001T08MT02EBS001H0083|52UZPE01152001T08MT02EBS001H0083F0083|2|2|2|2|52UZPE01152001T08MT02EBS001|900091143|CC|59651018|PSICOLOGIA|52UZPE01152001T08MT02EBS001H0083F0083CF083|2025-07-09|1||1||3||4||2|2|11|5|2|2|20||2|13|0||1||1||1||1||4|1|3|1|1|1|1|2|2|2|2|2|2||2|2|2|1||6||2|2|2|1|2|1|2|2|1|52UZPE01152001T08MT02EBS001H008352UZPE01152001T08MT02EBS001H0083F0083
2|73|1|52|UZPE011|52001|T09|MT04|VILLA FLOR II|MZ6CS32VILLAFLORIIT33MT4|-77.257682|1.201598||52UZPE01152001T09MT04EBS001H0084|52UZPE01152001T09MT04EBS001H0084F0084|2|1|1|2|52UZPE01152001T09MT04EBS001|900091143|CC|27087475|PSICOLOGIA|52UZPE01152001T09MT04EBS001H0084F0084CF084|2025-07-08|4||1||3||1||2|2|11|5|3|2|20||2|13|0||1||1||1||1||2|2|1|1|1|1|1|2|2|2|2|2|2||2|2|2|2||6||2|2|2|1|1|1|2|2|1|52UZPE01152001T09MT04EBS001H008452UZPE01152001T09MT04EBS001H0084F0084
2|74|1|52|UZPE011|52001|T09|MT04|VILLA FLOR II|MNZ5CASA10|-77.257882|1.201052||52UZPE01152001T09MT04EBS001H0085|52UZPE01152001T09MT04EBS001H0085F0085|2|1|1|2|52UZPE01152001T09MT04EBS001|900091143|CC|37084285|AUXILIARDEENFERMERIA|52UZPE01152001T09MT04EBS001H0085F0085CF085|2025-07-09|1||1||3||1||1|2|11|5|3|2|20||2|13|0||1||1||1||1||1|2|1|1|1|1|1|2|2|2|2|2|2||2|2|1|1||6||1|2|2|1|1|1|2|2|1|52UZPE01152001T09MT04EBS001H008552UZPE01152001T09MT04EBS001H0085F0085
2|75|1|52|UZPE011|52001|T08|MT02|MERCEDARIO|CRA221C24|-77.262252|1.203679||52UZPE01152001T08MT02EBS001H0086|52UZPE01152001T08MT02EBS001H0086F0086|2|2|2|2|52UZPE01152001T08MT02EBS001|900091143|CC|59651018|PSICOLOGIA|52UZPE01152001T08MT02EBS001H0086F0086CF086|2025-07-09|1||1||3||4||2|2|11|5|2|2|20||2|13|0||1||1||1||1||4|1|3|1|1|1|1|2|2|2|2|2|2||2|2|2|1||6||2|2|2|1|2|1|2|2|1|52UZPE01152001T08MT02EBS001H008652UZPE01152001T08MT02EBS001H0086F0086
2|76|1|52|UZPE011|52001|T09|MT04|VILLA FLOR II|MNZ5CASA10|-77.25745|1.201012||52UZPE01152001T09MT04EBS001H0087|52UZPE01152001T09MT04EBS001H0087F0087|2|1|1|1|52UZPE01152001T09MT04EBS001|900091143|CC|37084285|AUXILIARDEENFERMERIA|52UZPE01152001T09MT04EBS001H0087F0087CF087|2025-07-08|4||1||3||1||1|2|11|5|2|2|20||2|13|0||1||1||1||1||7|1|1|1|1|1|1|2|2|2|2|2|2||2|2|2|1||6||2|2|2|1|1|1|2|2|1|52UZPE01152001T09MT04EBS001H008752UZPE01152001T09MT04EBS001H0087F0087
2|77|1|52|UZPE011|52001|T09|MT04|VILLA FLOR II|MANZANA8CASA14|-77.25753|1.201405||52UZPE01152001T09MT04EBS001H0088|52UZPE01152001T09MT04EBS001H0088F0088|3|1|1|2|52UZPE01152001T09MT04EBS001|900091143|CC|1085300095|AUXILIARDEENFERMERIA|52UZPE01152001T09MT04EBS001H0088F0088CF088|2025-07-09|1||1||3||1||2|2|11|4|3|2|20||2|13|0||1||1||1||1||2|2|1|1|1|1|2|2|2|2|2|2|2||2|2|1|1||6||1|2|2|1|1|1|2|2|1|52UZPE01152001T09MT04EBS001H008852UZPE01152001T09MT04EBS001H0088F0088
2|78|1|52|UZPE011|52001|T09|MT04|VILLA FLOR II|MNZ4CASA10|-77.25845|1.201013||52UZPE01152001T09MT04EBS001H0089|52UZPE01152001T09MT04EBS001H0089F0089|2|1|1|1|52UZPE01152001T09MT04EBS001|900091143|CC|37084285|AUXILIARDEENFERMERIA|52UZPE01152001T09MT04EBS001H0089F0089CF089|2025-07-08|5||1||3||1||1|2|11|5|2|2|20||2|13|0||1||1||1||1||7|1|1|1|1|1|1|2|2|2|2|2|2||2|2|1|1||6||1|2|2|1|1|1|2|2|1|52UZPE01152001T09MT04EBS001H008952UZPE01152001T09MT04EBS001H0089F0089
2|79|1|52|UZPE011|52001|T09|MT04|VILLA FLOR II|MNZ4CASA14|-77.258465|1.20071||52UZPE01152001T09MT04EBS001H0090|52UZPE01152001T09MT04EBS001H0090F0090|2|1|1|1|52UZPE01152001T09MT04EBS001|900091143|CC|37084285|AUXILIARDEENFERMERIA|52UZPE01152001T09MT04EBS001H0090F0090CF090|2025-07-08|1||1||3||1||1|2|11|5|3|2|20||2|13|0||1||1||1||1||7|1|1|1|1|1|1|2|2|2|2|2|2||2|2|1|1||6||1|2|2|1|1|1|2|2|1|52UZPE01152001T09MT04EBS001H009052UZPE01152001T09MT04EBS001H0090F0090
2|80|1|52|UZPE011|52001|T09|MT04|VILLA FLOR II|KRA7E21A40|-77.257141|1.201192||52UZPE01152001T09MT04EBS001H0091|52UZPE01152001T09MT04EBS001H0091F0091|2|1|1|1|52UZPE01152001T09MT04EBS001|900091143|CC|37084285|AUXILIARDEENFERMERIA|52UZPE01152001T09MT04EBS001H0091F0091CF091|2025-07-08|4||1||3||1||1|2|11|5|2|2|20||1|13|0||1||1||1||1||7|1|1|1|1|1|1|2|2|2|2|2|2||2|2|1|1||6||1|2|2|1|1|1|2|2|1|52UZPE01152001T09MT04EBS001H009152UZPE01152001T09MT04EBS001H0091F0091
2|81|1|52|UZPE011|52001|T09|MT04|VILLA FLOR II|MZ6CS34VILLAFLORII|-77.257584|1.202185||52UZPE01152001T09MT04EBS001H0092|52UZPE01152001T09MT04EBS001H0092F0092|2|1|1|2|52UZPE01152001T09MT04EBS001|900091143|CC|27087475|PSICOLOGIA|52UZPE01152001T09MT04EBS001H0092F0092CF092|2025-07-08|1||1||3||1||1|2|11|5|3|2|20||2|13|0||1||1||1||1||1|2|1|1|1|1|1|2|2|2|2|2|2||2|2|1|2||6||1|2|2|1|1|1|2|2|1|52UZPE01152001T09MT04EBS001H009252UZPE01152001T09MT04EBS001H0092F0092
2|82|1|52|UZPE011|52001|T09|MT04|VILLA FLOR II|MZ7CS4VILLAFLORII|-77.257584|1.202185||52UZPE01152001T09MT04EBS001H0093|52UZPE01152001T09MT04EBS001H0093F0093|2|1|1|2|52UZPE01152001T09MT04EBS001|900091143|CC|27087475|PSICOLOGIA|52UZPE01152001T09MT04EBS001H0093F0093CF093|2025-07-08|1||1||3||1||2|2|11|5|3|2|20||2|13|0||1||1||1||1||2|2|1|1|1|1|1|2|2|2|2|2|2||2|2|2|2||6||2|2|2|1|1|1|2|2|1|52UZPE01152001T09MT04EBS001H009352UZPE01152001T09MT04EBS001H0093F0093
2|83|1|52|UZPE011|52001|T08|MT02|MERCEDARIO|KRA2NO21D27|-77.261504|1.209517||52UZPE01152001T08MT02EBS001H0094|52UZPE01152001T08MT02EBS001H0094F0094|2|1|1|3|52UZPE01152001T08MT02EBS001|900091143|CC|1085255824|AUXDEENFERMERIA|52UZPE01152001T08MT02EBS001H0094F0094CF094|2025-07-09|1||1||3||4||3|2|11|5|3|2|20||2|13|0||1||1||1||1||1|3|3|1|1|1|1|2|2|2|2|2|2||2|2|1|1||6||1|2|2|1|1|1|2|2|1|52UZPE01152001T08MT02EBS001H009452UZPE01152001T08MT02EBS001H0094F0094
2|84|1|52|UZPE011|52001|T09|MT04|VILLA FLOR II|MZ6CS5VILLAFLORII|-77.257374|1.201725||52UZPE01152001T09MT04EBS001H0095|52UZPE01152001T09MT04EBS001H0095F0095|2|1|1|2|52UZPE01152001T09MT04EBS001|900091143|CC|27087475|PSICOLOGIA|52UZPE01152001T09MT04EBS001H0095F0095CF095|2025-07-08|1||1||3||1||2|2|11|5|3|2|20||2|13|0||1||1||1||1||2|2|1|1|1|1|2|2|2|2|2|2|2||2|2|1|2||6||1|2|2|1|1|1|2|2|1|52UZPE01152001T09MT04EBS001H009552UZPE01152001T09MT04EBS001H0095F0095
2|85|1|52|UZPE011|52001|T08|MT02|MERCEDARIO|CRA221D46|-77.261506|1.204386||52UZPE01152001T08MT02EBS001H0096|52UZPE01152001T08MT02EBS001H0096F0096|2|2|2|1|52UZPE01152001T08MT02EBS001|900091143|CC|1085255824|AUXDEENFERMERIA|52UZPE01152001T08MT02EBS001H0096F0096CF096|2025-07-09|4||1||4||1||1|2|11|5|3|2|20||2|13|0||1||1||1||1||7|1|3|1|1|1|1|2|2|2|2|2|2||2|2|1|2||6||1|2|2|1|1|1|2|2|1|52UZPE01152001T08MT02EBS001H009652UZPE01152001T08MT02EBS001H0096F0096
2|86|1|52|UZPE011|52001|T08|MT02|MERCEDARIO|CRA2A21C33|-77.261957|1.204834||52UZPE01152001T08MT02EBS001H0097|52UZPE01152001T08MT02EBS001H0097F0097|2|2|2|2|52UZPE01152001T08MT02EBS001|900091143|CC|1085255824|AUXDEENFERMERIA|52UZPE01152001T08MT02EBS001H0097F0097CF097|2025-07-09|1||1||3||4||4|2|11|5|3|2|20||2|13|0||1||1||1||1||2|2|3|1|1|1|1|2|2|2|2|2|2||2|2|1|2||6||1|2|2|1|2|1|2|2|1|52UZPE01152001T08MT02EBS001H009752UZPE01152001T08MT02EBS001H0097F0097
2|87|1|52|UZPE011|52001|T09|MT04|VILLA FLOR II|MZ6CS6|-77.257374|1.201715||52UZPE01152001T09MT04EBS001H0099|52UZPE01152001T09MT04EBS001H0099F0099|2|1|1|3|52UZPE01152001T09MT04EBS001|900091143|CC|27087475|PSICOLOGIA|52UZPE01152001T09MT04EBS001H0099F0099CF099|2025-07-09|1||1||3||1||3|2|11|5|3|2|20||2|13|0||1||1||1||1||1|4|1|1|1|1|1|2|2|2|2|2|2||2|2|1|2||6||1|2|2|1|1|1|2|2|1|52UZPE01152001T09MT04EBS001H009952UZPE01152001T09MT04EBS001H0099F0099
2|88|1|52|UZPE011|52001|T09|MT04|VILLA FLOR II|KRA7E2045|-77.258985|1.202229||52UZPE01152001T09MT04EBS001H0100|52UZPE01152001T09MT04EBS001H0100F0100|2|1|1|1|52UZPE01152001T09MT04EBS001|900091143|CC|37084285|AUXILIARDEENFERMERIA|52UZPE01152001T09MT04EBS001H0100F0100CF100|2025-07-08|4||1||3||1||1|2|11|5|3|2|20||2|13|0||1||1||1||1||7|1|1|1|1|1|1|2|2|2|2|2|2||2|2|1|1||6||1|2|2|1|1|1|2|2|1|52UZPE01152001T09MT04EBS001H010052UZPE01152001T09MT04EBS001H0100F0100
2|89|1|52|UZPE011|52001|T09|MT04|VILLA FLOR II|MNZ7CASA33|-77.257633|1.201505||52UZPE01152001T09MT04EBS001H0101|52UZPE01152001T09MT04EBS001H0101F0101|2|1|1|1|52UZPE01152001T09MT04EBS001|900091143|CC|37084285|AUXILIARDEENFERMERIA|52UZPE01152001T09MT04EBS001H0101F0101CF101|2025-07-09|4||1||3||1||1|2|11|5|3|2|20||2|13|0||1||1||1||1||7|1|1|1|1|1|1|2|2|2|2|2|2||2|2|1|1||6||1|2|2|1|1|1|2|2|1|52UZPE01152001T09MT04EBS001H010152UZPE01152001T09MT04EBS001H0101F0101
2|90|1|52|UZPE011|52001|T09|MT04|VILLA FLOR II|MNZ7CASA36|-77.257882|1.201052||52UZPE01152001T09MT04EBS001H0102|52UZPE01152001T09MT04EBS001H0102F0102|2|1|1|2|52UZPE01152001T09MT04EBS001|900091143|CC|37084285|AUXILIARDEENFERMERIA|52UZPE01152001T09MT04EBS001H0102F0102CF102|2025-07-09|1||1||3||1||2|2|11|5|3|2|20||2|13|0||1||1||1||1||2|2|1|1|1|1|1|2|2|2|2|2|2||2|2|1|2||6||1|2|2|1|1|1|2|2|1|52UZPE01152001T09MT04EBS001H010252UZPE01152001T09MT04EBS001H0102F0102
2|91|1|52|UZPE011|52001|T09|MT04|VILLA FLOR II|MNZ7CASA36|-77.257882|1.201052||52UZPE01152001T09MT04EBS001H0104|52UZPE01152001T09MT04EBS001H0104F0104|2|1|1|1|52UZPE01152001T09MT04EBS001|900091143|CC|37084285|AUXILIARDEENFERMERIA|52UZPE01152001T09MT04EBS001H0104F0104CF104|2025-07-09|4||1||3||1||1|2|11|5|2|2|20||2|13|0||1||1||1||1||7|1|1|1|1|1|1|2|2|2|2|2|2||2|2|1|1||6||1|2|2|1|1|1|2|2|1|52UZPE01152001T09MT04EBS001H010452UZPE01152001T09MT04EBS001H0104F0104
2|92|1|52|UZPE011|52001|T09|MT04|VILLA FLOR II|MZ4CS15VILLAFLORII|-77.257584|1.202185||52UZPE01152001T09MT04EBS001H0105|52UZPE01152001T09MT04EBS001H0105F0105|2|1|1|2|52UZPE01152001T09MT04EBS001|900091143|CC|27087475|PSICOLOGIA|52UZPE01152001T09MT04EBS001H0105F0105CF105|2025-07-09|1||1||3||1||2|2|11|5|3|2|20||2|13|0||1||1||1||1||2|2|1|1|1|1|1|2|2|2|2|2|2||2|2|1|2||6||1|2|2|1|1|1|2|2|1|52UZPE01152001T09MT04EBS001H010552UZPE01152001T09MT04EBS001H0105F0105
2|93|1|52|UZPE011|52001|T08|MT02|MERCEDARIO|CRA221C12|-77.261648|1.203745||52UZPE01152001T08MT02EBS001H0106|52UZPE01152001T08MT02EBS001H0106F0106|2|1|1|1|52UZPE01152001T08MT02EBS001|900091143|CC|59651018|PSICOLOGIA|52UZPE01152001T08MT02EBS001H0106F0106CF106|2025-07-10|1||1||3||1||1|2|11|5|3|2|20||2|13|0||1||1||1||1||7|1|3|1|1|1|1|2|2|2|2|2|2||2|2|2|1||6||2|2|2|1|2|1|2|2|1|52UZPE01152001T08MT02EBS001H010652UZPE01152001T08MT02EBS001H0106F0106
2|94|1|52|UZPE011|52001|T08|MT02|MERCEDARIO|CRAA21C15|-77.261558|1.204221||52UZPE01152001T08MT02EBS001H0108|52UZPE01152001T08MT02EBS001H0108F0108|2|1|1|1|52UZPE01152001T08MT02EBS001|900091143|CC|59651018|PSICOLOGIA|52UZPE01152001T08MT02EBS001H0108F0108CF108|2025-07-10|1||1||3||1||1|2|11|5|3|2|20||2|13|0||1||1||1||1||2|1|3|1|1|1|1|2|2|2|2|2|2||2|2|2|1||6||2|2|2|1|2|1|2|2|1|52UZPE01152001T08MT02EBS001H010852UZPE01152001T08MT02EBS001H0108F0108
2|95|1|52|UZPE011|52001|T09|MT04|VILLA FLOR II|CRA21E21A69VILLAFLORII|-77.257584|1.202185||52UZPE01152001T09MT04EBS001H0109|52UZPE01152001T09MT04EBS001H0109F0109|2|1|1|1|52UZPE01152001T09MT04EBS001|900091143|CC|27087475|PSICOLOGIA|52UZPE01152001T09MT04EBS001H0109F0109CF109|2025-07-09|1||1||3||1||1|2|11|5|3|2|20||2|13|0||1||1||1||1||7|1|1|1|1|1|1|2|2|2|2|2|2||2|2|1|2||6||1|2|2|1|1|1|2|2|1|52UZPE01152001T09MT04EBS001H010952UZPE01152001T09MT04EBS001H0109F0109
2|96|1|52|UZPE011|52001|T08|MT02|MERCEDARIO|CRA1A21C39|-77.261584|1.203618||52UZPE01152001T08MT02EBS001H0110|52UZPE01152001T08MT02EBS001H0110F0110|2|1|1|3|52UZPE01152001T08MT02EBS001|900091143|CC|59651018|PSICOLOGIA|52UZPE01152001T08MT02EBS001H0110F0110CF110|2025-07-10|1||1||3||1||2|2|11|5|3|2|20||2|13|0||1||1||1||1||1|3|3|1|1|1|1|2|2|2|2|2|2||2|2|2|1||6||2|2|2|1|2|1|2|2|1|52UZPE01152001T08MT02EBS001H011052UZPE01152001T08MT02EBS001H0110F0110
2|97|1|52|UZPE011|52001|T08|MT02|MERCEDARIO|CR1A21C09|-77.262043|1.203935||52UZPE01152001T08MT02EBS001H0111|52UZPE01152001T08MT02EBS001H0111F0111|2|1|1|3|52UZPE01152001T08MT02EBS001|900091143|CC|1085304072|GESTORCOMUNITARIO|52UZPE01152001T08MT02EBS001H0111F0111CF111|2025-07-09|1||1||1||1||3|2|11|5|3|2|20||2|13|0||1||1||1||1||1|3|3|1|1|1|1|2|2|2|2|2|2||2|2|2|2||6||2|2|2|1|1|1|2|2|1|52UZPE01152001T08MT02EBS001H011152UZPE01152001T08MT02EBS001H0111F0111
2|98|1|52|UZPE011|52001|T08|MT02|MERCEDARIO|KRA121D24|-77.2615|1.204129||52UZPE01152001T08MT02EBS001H0112|52UZPE01152001T08MT02EBS001H0112F0112|2|1|1|1|52UZPE01152001T08MT02EBS001|900091143|CC|1085255824|AUXDEENFERMERIA|52UZPE01152001T08MT02EBS001H0112F0112CF112|2025-07-09|1||1||3||1||1|2|11|5|3|2|20||2|13|0||1||1||1||1||7|1|3|1|1|1|1|2|2|2|2|2|2||2|2|1|1||6||1|2|2|1|2|1|2|2|1|52UZPE01152001T08MT02EBS001H011252UZPE01152001T08MT02EBS001H0112F0112
2|99|1|52|UZPE011|52001|T08|MT02|MERCEDARIO|CR1A21C27|-77.261566|1.203947||52UZPE01152001T08MT02EBS001H0113|52UZPE01152001T08MT02EBS001H0113F0113|2|2|2|2|52UZPE01152001T08MT02EBS001|900091143|CC|1085304072|GESTORCOMUNITARIO|52UZPE01152001T08MT02EBS001H0113F0113CF113|2025-07-09|4||1||1||1||2|2|11|5|3|2|20||2|13|0||1||1||1||1||1|2|3|1|1|1|1|2|2|2|2|2|2||2|2|1|1||6||1|2|2|1|1|1|2|2|1|52UZPE01152001T08MT02EBS001H011352UZPE01152001T08MT02EBS001H0113F0113
2|100|1|52|UZPE011|52001|T08|MT02|MERCEDARIO|CR121C27|-77.261566|1.203947||52UZPE01152001T08MT02EBS001H0114|52UZPE01152001T08MT02EBS001H0114F0114|2|2|2|2|52UZPE01152001T08MT02EBS001|900091143|CC|1085304072|GESTORCOMUNITARIO|52UZPE01152001T08MT02EBS001H0114F0114CF114|2025-07-09|4||1||3||1||2|2|11|5|3|2|20||2|13|0||1||1||1||1||1|2|3|1|1|1|1|2|2|2|2|2|2||2|2|2|1||6||2|2|2|1|1|1|2|2|1|52UZPE01152001T08MT02EBS001H011452UZPE01152001T08MT02EBS001H0114F0114
2|101|1|52|UZPE011|52001|T08|MT02|MERCEDARIO|CRA121D36|-77.260557|1.204564||52UZPE01152001T08MT02EBS001H0115|52UZPE01152001T08MT02EBS001H0115F0115|2|1|1|2|52UZPE01152001T08MT02EBS001|900091143|CC|1085255824|AUXDEENFERMERIA|52UZPE01152001T08MT02EBS001H0115F0115CF115|2025-07-09|1||1||3||1||1|2|11|5|3|2|20||2|13|0||1||1||1||1||7|2|3|1|1|1|1|2|2|2|2|2|2||2|2|1|2||6||1|2|2|1|1|1|2|2|1|52UZPE01152001T08MT02EBS001H011552UZPE01152001T08MT02EBS001H0115F0115
2|102|1|52|UZPE011|52001|T08|MT02|MERCEDARIO|CR1A21D15|-77.261402|1.204527||52UZPE01152001T08MT02EBS001H0116|52UZPE01152001T08MT02EBS001H0116F0116|2|2|2|2|52UZPE01152001T08MT02EBS001|900091143|CC|1085304072|GESTORCOMUNITARIO|52UZPE01152001T08MT02EBS001H0116F0116CF116|2025-07-09|1||1||3||1||2|2|11|5|3|2|20||2|13|0||1||1||1||1||2|2|3|1|1|1|1|2|2|2|2|2|2||2|2|2|2||6||2|2|2|1|1|1|2|2|1|52UZPE01152001T08MT02EBS001H011652UZPE01152001T08MT02EBS001H0116F0116
2|103|1|52|UZPE011|52001|T08|MT02|MERCEDARIO|CR1A21D15|-77.261402|1.204527||52UZPE01152001T08MT02EBS001H0117|52UZPE01152001T08MT02EBS001H0117F0117|2|2|2|2|52UZPE01152001T08MT02EBS001|900091143|CC|1085304072|GESTORCOMUNITARIO|52UZPE01152001T08MT02EBS001H0117F0117CF117|2025-07-09|1||1||3||1||2|2|11|5|3|2|20||2|13|0||1||1||1||1||7|1|3|1|1|1|1|2|2|2|2|2|2||2|2|2|2||6||2|2|2|1|1|1|2|2|1|52UZPE01152001T08MT02EBS001H011752UZPE01152001T08MT02EBS001H0117F0117
2|104|1|52|UZPE011|52001|T08|MT02|MERCEDARIO|CR1A21D15|-77.261402|1.204527||52UZPE01152001T08MT02EBS001H0118|52UZPE01152001T08MT02EBS001H0118F0118|2|2|2|1|52UZPE01152001T08MT02EBS001|900091143|CC|1085304072|GESTORCOMUNITARIO|52UZPE01152001T08MT02EBS001H0118F0118CF118|2025-07-09|4||1||3||1||1|2|11|5|3|2|20||2|13|0||1||1||1||1||2|2|3|1|1|1|1|2|2|2|2|2|2||2|2|2|2||6||2|2|2|1|1|1|2|2|1|52UZPE01152001T08MT02EBS001H011852UZPE01152001T08MT02EBS001H0118F0118
2|105|1|52|UZPE011|52001|T08|MT02|MERCEDARIO|CR1A21D06|-77.261668|1.205145||52UZPE01152001T08MT02EBS001H0119|52UZPE01152001T08MT02EBS001H0119F0119|2|2|2|2|52UZPE01152001T08MT02EBS001|900091143|CC|1085304072|GESTORCOMUNITARIO|52UZPE01152001T08MT02EBS001H0119F0119CF119|2025-07-09|4||1||1||1||1|2|11|5|3|2|20||1|13|0||1||1||1||1||1|2|3|1|1|1|1|2|2|2|2|2|2||2|2|1|1||6||1|2|2|1|1|1|2|2|1|52UZPE01152001T08MT02EBS001H011952UZPE01152001T08MT02EBS001H0119F0119
2|106|1|52|UZPE011|52001|T08|MT02|MERCEDARIO|CRA1CALLE21D60|-77.260309|1.204265||52UZPE01152001T08MT02EBS001H0120|52UZPE01152001T08MT02EBS001H0120F0120|2|1|1|1|52UZPE01152001T08MT02EBS001|900091143|CC|1085255824|AUXDEENFERMERIA|52UZPE01152001T08MT02EBS001H0120F0120CF120|2025-07-09|4||1||3||1||2|2|11|5|2|2|20||2|13|0||1||1||1||1||7|1|3|1|1|1|1|2|2|2|2|2|2||2|2|1|1||6||1|2|2|1|2|1|2|2|1|52UZPE01152001T08MT02EBS001H012052UZPE01152001T08MT02EBS001H0120F0120
2|107|1|52|UZPE011|52001|T08|MT02|MERCEDARIO|CL1A21D06|-77.261668|1.205145||52UZPE01152001T08MT02EBS001H0121|52UZPE01152001T08MT02EBS001H0121F0121|2|2|2|2|52UZPE01152001T08MT02EBS001|900091143|CC|1085304072|GESTORCOMUNITARIO|52UZPE01152001T08MT02EBS001H0121F0121CF121|2025-07-09|4||1||3||1||2|2|11|5|3|2|20||2|13|0||1||1||1||1||2|2|3|1|1|1|1|2|2|2|2|2|2||2|2|2|2||6||2|2|2|1|1|1|2|2|1|52UZPE01152001T08MT02EBS001H012152UZPE01152001T08MT02EBS001H0121F0121
2|108|1|52|UZPE011|52001|T08|MT02|MERCEDARIO|CR121D54|-77.261268|1.204721||52UZPE01152001T08MT02EBS001H0122|52UZPE01152001T08MT02EBS001H0122F0122|2|2|2|2|52UZPE01152001T08MT02EBS001|900091143|CC|1085304072|GESTORCOMUNITARIO|52UZPE01152001T08MT02EBS001H0122F0122CF122|2025-07-09|4||1||3||1||2|2|11|5|3|2|20||2|13|0||1||1||1||1||1|2|3|1|1|1|1|2|2|2|2|2|2||2|2|2|1||6||2|2|2|1|1|1|2|2|1|52UZPE01152001T08MT02EBS001H012252UZPE01152001T08MT02EBS001H0122F0122
2|109|1|52|UZPE011|52001|T08|MT02|MERCEDARIO|CRA1E21D33|-77.250427|1.204468||52UZPE01152001T08MT02EBS001H0123|52UZPE01152001T08MT02EBS001H0123F0123|2|1|1|1|52UZPE01152001T08MT02EBS001|900091143|CC|1085255824|AUXDEENFERMERIA|52UZPE01152001T08MT02EBS001H0123F0123CF123|2025-07-10|5||1||3||1||1|2|11|5|3|2|20||2|13|0||1||1||1||1||7|1|3|1|1|1|1|2|2|2|2|2|2||2|2|1|2||6||1|2|2|1|1|1|2|2|1|52UZPE01152001T08MT02EBS001H012352UZPE01152001T08MT02EBS001H0123F0123
2|110|1|52|UZPE011|52001|T08|MT02|MERCEDARIO|CR121D54|-77.261268|1.204721||52UZPE01152001T08MT02EBS001H0124|52UZPE01152001T08MT02EBS001H0124F0124|2|2|2|2|52UZPE01152001T08MT02EBS001|900091143|CC|1085304072|GESTORCOMUNITARIO|52UZPE01152001T08MT02EBS001H0124F0124CF124|2025-07-09|4||1||3||1||2|2|11|5|3|2|20||2|13|0||1||1||1||1||2|2|3|1|1|1|1|2|2|2|2|2|2||2|2|2|2||6||2|2|2|1|1|1|2|2|1|52UZPE01152001T08MT02EBS001H012452UZPE01152001T08MT02EBS001H0124F0124
2|111|1|52|UZPE011|52001|T08|MT02|MERCEDARIO|CRA1E21D45|-77.260633|1.204549||52UZPE01152001T08MT02EBS001H0125|52UZPE01152001T08MT02EBS001H0125F0125|2|2|2|4|52UZPE01152001T08MT02EBS001|900091143|CC|1085255824|AUXDEENFERMERIA|52UZPE01152001T08MT02EBS001H0125F0125CF125|2025-07-10|1||1||3||1||4|2|11|5|3|2|20||2|13|0||1||1||1||1||1|4|3|1|1|1|1|2|2|2|2|2|2||2|2|2|2||6||2|2|2|1|1|1|2|2|1|52UZPE01152001T08MT02EBS001H012552UZPE01152001T08MT02EBS001H0125F0125
2|112|1|52|UZPE011|52001|T08|MT02|MERCEDARIO|CR1ECALL21D9|-77.261094|1.203775||52UZPE01152001T08MT02EBS001H0126|52UZPE01152001T08MT02EBS001H0126F0126|2|2|2|1|52UZPE01152001T08MT02EBS001|900091143|CC|1085304072|GESTORCOMUNITARIO|52UZPE01152001T08MT02EBS001H0126F0126CF126|2025-07-10|4||1||1||1||1|2|11|5|3|2|20||2|13|0||1||1||1||1||7|1|3|1|1|1|1|2|2|2|2|2|2||2|2|1|2||6||1|2|2|1|1|1|2|2|1|52UZPE01152001T08MT02EBS001H012652UZPE01152001T08MT02EBS001H0126F0126
2|113|1|52|UZPE011|52001|T08|MT02|MERCEDARIO|CR1E21D9|-77.261094|1.204775||52UZPE01152001T08MT02EBS001H0127|52UZPE01152001T08MT02EBS001H0127F0127|2|2|2|4|52UZPE01152001T08MT02EBS001|900091143|CC|1085304072|GESTORCOMUNITARIO|52UZPE01152001T08MT02EBS001H0127F0127CF127|2025-07-10|4||1||3||1||3|1|11|5|3|2|20||2|13|0||1||1||1||1||1|4|3|1|1|1|1|2|2|2|2|2|2||2|2|1|2||6||1|2|2|1|1|1|2|2|1|52UZPE01152001T08MT02EBS001H012752UZPE01152001T08MT02EBS001H0127F0127
2|114|1|52|UZPE011|52001|T08|MT02|MERCEDARIO|CREA21D12|-77.260563|1.204561||52UZPE01152001T08MT02EBS001H0128|52UZPE01152001T08MT02EBS001H0128F0128|2|2|2|2|52UZPE01152001T08MT02EBS001|900091143|CC|1085304072|GESTORCOMUNITARIO|52UZPE01152001T08MT02EBS001H0128F0128CF128|2025-07-10|4||1||3||1||2|2|11|5|3|2|20||1|13|0||1||1||1||1||2|2|3|1|1|1|1|2|2|2|2|2|2||2|2|2|2||6||2|2|2|1|1|1|2|2|1|52UZPE01152001T08MT02EBS001H012852UZPE01152001T08MT02EBS001H0128F0128
2|115|1|52|UZPE011|52001|T08|MT02|MERCEDARIO|CR1EA21D12|-77.260563|1.204561||52UZPE01152001T08MT02EBS001H0129|52UZPE01152001T08MT02EBS001H0129F0129|2|2|2|3|52UZPE01152001T08MT02EBS001|900091143|CC|1085304072|GESTORCOMUNITARIO|52UZPE01152001T08MT02EBS001H0129F0129CF129|2025-07-10|4||1||3||1||2|2|11|5|3|2|20||2|13|0||1||1||1||1||1|3|3|1|1|1|1|2|2|2|2|2|2||2|2|1|2||6||1|2|2|1|1|1|2|2|1|52UZPE01152001T08MT02EBS001H012952UZPE01152001T08MT02EBS001H0129F0129
2|116|1|52|UZPE011|52001|T08|MT02|MERCEDARIO|CR1EA21D27|-77.260756|1.206381||52UZPE01152001T08MT02EBS001H0130|52UZPE01152001T08MT02EBS001H0130F0130|2|1|1|2|52UZPE01152001T08MT02EBS001|900091143|CC|1085304072|GESTORCOMUNITARIO|52UZPE01152001T08MT02EBS001H0130F0130CF130|2025-07-10|1||1||3||1||2|2|11|5|3|2|20||2|13|0||1||1||1||1||2|2|3|1|1|1|1|2|2|2|2|2|2||2|2|1|2||6||1|2|2|1|1|1|2|2|1|52UZPE01152001T08MT02EBS001H013052UZPE01152001T08MT02EBS001H0130F0130
2|117|1|52|UZPE011|52001|T08|MT02|MERCEDARIO|CRE1ECALL2D27|-77.260756|1.206381||52UZPE01152001T08MT02EBS001H0131|52UZPE01152001T08MT02EBS001H0131F0131|2|2|2|1|52UZPE01152001T08MT02EBS001|900091143|CC|1085304072|GESTORCOMUNITARIO|52UZPE01152001T08MT02EBS001H0131F0131CF131|2025-07-10|4||1||3||1||1|2|11|5|3|2|20||1|13|0||1||1||1||1||7|1|3|1|1|1|1|2|2|2|2|2|2||2|2|2|2||6||2|2|2|1|1|1|2|2|1|52UZPE01152001T08MT02EBS001H013152UZPE01152001T08MT02EBS001H0131F0131
2|118|1|52|UZPE011|52001|T08|MT02|MERCEDARIO|CRA1E21D03|-77.260286|1.203902||52UZPE01152001T08MT02EBS001H0132|52UZPE01152001T08MT02EBS001H0132F0132|2|3|3|2|52UZPE01152001T08MT02EBS001|900091143|CC|1085255824|AUXDEENFERMERIA|52UZPE01152001T08MT02EBS001H0132F0132CF132|2025-07-10|4||1||3||1||2|2|11|5|3|2|20||2|13|0||1||1||1||1||1|2|3|1|1|1|1|2|2|2|2|2|2||2|2|1|1||6||1|2|2|1|2|1|2|2|1|52UZPE01152001T08MT02EBS001H013252UZPE01152001T08MT02EBS001H0132F0132
2|119|1|52|UZPE011|52001|T08|MT02|MERCEDARIO|CR1EA21D51|-77.259947|1.206003||52UZPE01152001T08MT02EBS001H0133|52UZPE01152001T08MT02EBS001H0133F0133|2|1|1|2|52UZPE01152001T08MT02EBS001|900091143|CC|1085304072|GESTORCOMUNITARIO|52UZPE01152001T08MT02EBS001H0133F0133CF133|2025-07-10|1||1||3||1||2|2|11|5|3|2|20||2|13|0||1||1||1||1||2|2|3|1|1|1|1|2|2|2|2|2|2||2|2|1|2||6||1|2|2|1|1|1|2|2|1|52UZPE01152001T08MT02EBS001H013352UZPE01152001T08MT02EBS001H0133F0133
2|120|1|52|UZPE011|52001|T08|MT02|MERCEDARIO|CRA1E21D03|-77.260286|1.203902||52UZPE01152001T08MT02EBS001H0134|52UZPE01152001T08MT02EBS001H0134F0134|2|4|4|3|52UZPE01152001T08MT02EBS001|900091143|CC|1085255824|AUXDEENFERMERIA|52UZPE01152001T08MT02EBS001H0134F0134CF134|2025-07-10|4||1||3||1||3|2|11|5|3|2|20||2|13|0||1||1||1||1||1|3|3|1|1|1|1|2|2|2|2|2|2||2|2|1|2||6||1|2|2|1|1|1|2|2|1|52UZPE01152001T08MT02EBS001H013452UZPE01152001T08MT02EBS001H0134F0134
2|121|1|52|UZPE011|52001|T08|MT02|MERCEDARIO|CARRERA1E21D03|-77.260276|1.203986||52UZPE01152001T08MT02EBS001H0135|52UZPE01152001T08MT02EBS001H0135F0135|2|1|1|3|52UZPE01152001T08MT02EBS001|900091143|CC|59825948|ENFERMERIA|52UZPE01152001T08MT02EBS001H0135F0135CF135|2025-07-11|1||1||3||1||3|2|11|5|3|2|20||2|13|0||1||1||1||1||2|3|3|1|1|1|1|2|2|2|2|2|2||2|2|1|1||6||1|2|2|1|2|1|2|2|1|52UZPE01152001T08MT02EBS001H013552UZPE01152001T08MT02EBS001H0135F0135
2|122|1|52|UZPE011|52001|T09|MT04|VILLA FLOR II|MANZANA27CASA9|-77.257777|1.200978||52UZPE01152001T09MT04EBS001H0136|52UZPE01152001T09MT04EBS001H0136F0136|2|1|1|2|52UZPE01152001T09MT04EBS001|900091143|CC|1085300095|AUXILIARDEENFERMERIA|52UZPE01152001T09MT04EBS001H0136F0136CF136|2025-07-13|1||1||3||1||1|2|11|4|2|2|8||2|13|0||1||1||1||1||2|2|1|2|1|1|2|2|2|2|2|2|2||2|2|1|2||6||1|2|2|1|1|1|2|2|1|52UZPE01152001T09MT04EBS001H013652UZPE01152001T09MT04EBS001H0136F0136
2|123|1|52|UZPE011|52001|T09|MT04|VILLA FLOR II|MANZANA27CASA11APTO1|-77.257678|1.201049||52UZPE01152001T09MT04EBS001H0137|52UZPE01152001T09MT04EBS001H0137F0137|2|1|1|1|52UZPE01152001T09MT04EBS001|900091143|CC|1085300095|AUXILIARDEENFERMERIA|52UZPE01152001T09MT04EBS001H0137F0137CF137|2025-07-13|4||1||3||1||1|2|11|5|2|2|20||2|13|0||1||1||1||1||7|1|1|2|1|1|2|2|2|2|2|2|2||2|2|1|1||6||1|2|2|1|1|1|2|2|1|52UZPE01152001T09MT04EBS001H013752UZPE01152001T09MT04EBS001H0137F0137
2|124|1|52|UZPE011|52001|T09|MT04|VILLA FLOR II|MANZANA27CASA42|-77.258257|1.200928||52UZPE01152001T09MT04EBS001H0138|52UZPE01152001T09MT04EBS001H0138F0138|2|1|1|2|52UZPE01152001T09MT04EBS001|900091143|CC|1085300095|AUXILIARDEENFERMERIA|52UZPE01152001T09MT04EBS001H0138F0138CF138|2025-07-13|4||1||3||1||1|2|11|4|3|2|20||2|13|0||1||1||1||1||2|2|1|2|1|1|3|2|2|2|2|2|2||2|2|1|1||6||1|2|2|1|1|1|2|2|1|52UZPE01152001T09MT04EBS001H013852UZPE01152001T09MT04EBS001H0138F0138
2|125|1|52|UZPE011|52001|T09|MT04|VILLA FLOR II|MANZANA30CASA14|-77.257578|1.200752||52UZPE01152001T09MT04EBS001H0139|52UZPE01152001T09MT04EBS001H0139F0139|2|1|1|2|52UZPE01152001T09MT04EBS001|900091143|CC|1085300095|AUXILIARDEENFERMERIA|52UZPE01152001T09MT04EBS001H0139F0139CF139|2025-07-13|1||1||3||1||1|2|11|4|2|2|20||2|13|0||1||1||1||1||2|2|1|1|1|1|2|2|2|2|2|2|2||2|2|1|1||6||1|2|2|1|1|1|2|2|1|52UZPE01152001T09MT04EBS001H013952UZPE01152001T09MT04EBS001H0139F0139
2|126|1|52|UZPE011|52001|T09|MT04|VILLA FLOR II|MANZANA5CASA15|-77.257512|1.20204||52UZPE01152001T09MT04EBS001H0140|52UZPE01152001T09MT04EBS001H0140F0140|2|1|1|2|52UZPE01152001T09MT04EBS001|900091143|CC|1085300095|AUXILIARDEENFERMERIA|52UZPE01152001T09MT04EBS001H0140F0140CF140|2025-07-13|4||1||3||1||2|2|11|5|3|2|20||2|13|0||1||1||1||1||2|2|1|1|1|1|1|2|2|2|2|2|2||2|2|1|1||6||1|2|2|1|1|1|2|2|1|52UZPE01152001T09MT04EBS001H014052UZPE01152001T09MT04EBS001H0140F0140
2|127|1|52|UZPE011|52001|T09|MT04|VILLA FLOR II|MANZANA5CASA15APTO1|-77.257515|1.202042||52UZPE01152001T09MT04EBS001H0141|52UZPE01152001T09MT04EBS001H0141F0141|2|1|1|1|52UZPE01152001T09MT04EBS001|900091143|CC|1085300095|AUXILIARDEENFERMERIA|52UZPE01152001T09MT04EBS001H0141F0141CF141|2025-07-13|4||1||3||1||1|2|11|5|3|2|20||2|13|0||1||1||1||1||7|1|1|1|1|1|1|2|2|2|2|2|2||2|2|1|1||6||1|2|2|1|1|1|2|2|1|52UZPE01152001T09MT04EBS001H014152UZPE01152001T09MT04EBS001H0141F0141
2|128|1|52|UZPE011|52001|T09|MT04|VILLA FLOR II|MANZANA5CASA3APTO2|-77.257399|1.202255||52UZPE01152001T09MT04EBS001H0142|52UZPE01152001T09MT04EBS001H0142F0142|1|1|1|1|52UZPE01152001T09MT04EBS001|900091143|CC|1085300095|AUXILIARDEENFERMERIA|52UZPE01152001T09MT04EBS001H0142F0142CF142|2025-07-13|4||1||3||1||1|2|11|4|2|2|20||2|13|0||1||1||1||1||7|1|1|4|1|1|2|2|2|2|2|2|2||2|2|1|2||6||1|2|2|1|1|1|2|2|1|52UZPE01152001T09MT04EBS001H014252UZPE01152001T09MT04EBS001H0142F0142
2|129|1|52|UZPE011|52001|T09|MT04|VILLA FLOR II|MANZANA27CASA21|-77.257222|1.200945||52UZPE01152001T09MT04EBS001H0143|52UZPE01152001T09MT04EBS001H0143F0143|2|1|1|2|52UZPE01152001T09MT04EBS001|900091143|CC|1088729401|TERAPEUTAOCUPACIONAL|52UZPE01152001T09MT04EBS001H0143F0143CF143|2025-07-13|4||1||3||1||1|2|11|4|3|2|20||2|13|0||1||1||1||1||1|2|1|1|1|1|1|2|2|2|2|2|2||2|2|1|2||6||1|2|2|1|1|1|2|2|1|52UZPE01152001T09MT04EBS001H014352UZPE01152001T09MT04EBS001H0143F0143
2|130|1|52|UZPE011|52001|T09|MT04|VILLA FLOR II|MANZANA27CASA21APTO1|-77.288481|1.200955||52UZPE01152001T09MT04EBS001H0144|52UZPE01152001T09MT04EBS001H0144F0144|2|1|1|2|52UZPE01152001T09MT04EBS001|900091143|CC|1088729401|TERAPEUTAOCUPACIONAL|52UZPE01152001T09MT04EBS001H0144F0144CF144|2025-07-13|4||1||3||1||1|2|11|4|3|2|20||2|13|0||1||1||1||1||2|2|1|1|1|1|2|2|2|2|2|2|2||2|2|2|2||6||2|2|2|1|1|1|2|2|1|52UZPE01152001T09MT04EBS001H014452UZPE01152001T09MT04EBS001H0144F0144
2|131|1|52|UZPE011|52001|T09|MT04|VILLA FLOR II|MANZANA3CASA6APTO1|-77.257626|1.20204||52UZPE01152001T09MT04EBS001H0145|52UZPE01152001T09MT04EBS001H0145F0145|2|1|1|1|52UZPE01152001T09MT04EBS001|900091143|CC|1088729401|TERAPEUTAOCUPACIONAL|52UZPE01152001T09MT04EBS001H0145F0145CF145|2025-07-08|1||1||3||1||1|2|11|5|3|2|20||2|13|0||1||1||1||1||7|1|1|4|1|1|2|2|2|2|2|2|2||2|2|1|2||6||1|2|2|1|1|1|2|2|1|52UZPE01152001T09MT04EBS001H014552UZPE01152001T09MT04EBS001H0145F0145
2|132|1|52|UZPE011|52001|T09|MT04|VILLA FLOR II|MANZANA5CASA12|-77.257388|1.201973||52UZPE01152001T09MT04EBS001H0146|52UZPE01152001T09MT04EBS001H0146F0146|2|1|1|2|52UZPE01152001T09MT04EBS001|900091143|CC|1088729401|TERAPEUTAOCUPACIONAL|52UZPE01152001T09MT04EBS001H0146F0146CF146|2025-07-08|4||1||3||1||1|2|11|5|3|2|20||2|13|0||1||1||1||1||2|2|3|1|1|1|1|2|2|2|2|2|2||2|2|2|2||6||2|2|2|1|1|1|2|2|1|52UZPE01152001T09MT04EBS001H014652UZPE01152001T09MT04EBS001H0146F0146
2|133|1|52|UZPE011|52001|T09|MT04|VILLA FLOR II|MANZANA5CASA1APTO1|-77.257153|1.20213||52UZPE01152001T09MT04EBS001H0147|52UZPE01152001T09MT04EBS001H0147F0147|2|1|1|2|52UZPE01152001T09MT04EBS001|900091143|CC|1088729401|TERAPEUTAOCUPACIONAL|52UZPE01152001T09MT04EBS001H0147F0147CF147|2025-07-08|4||1||3||1||1|2|11|4|3|2|20||2|13|0||1||1||1||1||2|2|1|1|1|1|2|2|2|2|2|2|2||2|2|1|2||6||1|2|2|1|1|1|2|2|1|52UZPE01152001T09MT04EBS001H014752UZPE01152001T09MT04EBS001H0147F0147
2|134|1|52|UZPE011|52001|T09|MT04|VILLA FLOR II|MANZANA38CASA6|-77.257956|1.201531||52UZPE01152001T09MT04EBS001H0148|52UZPE01152001T09MT04EBS001H0148F0148|2|1|1|3|52UZPE01152001T09MT04EBS001|900091143|CC|1088729401|TERAPEUTAOCUPACIONAL|52UZPE01152001T09MT04EBS001H0148F0148CF148|2025-07-08|4||1||3||1||1|2|11|5|3|2|20||2|13|0||1||1||1||1||1|3|1|1|1|1|1|2|2|2|2|2|2||2|2|1|2||6||1|2|2|1|1|1|2|2|1|52UZPE01152001T09MT04EBS001H014852UZPE01152001T09MT04EBS001H0148F0148
2|135|1|52|UZPE011|52001|T09|MT04|VILLA FLOR II|CARRERA7CASA2107|-77.25814|1.201493||52UZPE01152001T09MT04EBS001H0150|52UZPE01152001T09MT04EBS001H0150F0150|2|1|1|3|52UZPE01152001T09MT04EBS001|900091143|CC|1088729401|TERAPEUTAOCUPACIONAL|52UZPE01152001T09MT04EBS001H0150F0150CF150|2025-07-09|4||1||3||4||1|2|11|4|3|2|20||2|13|0||1||1||1||1||1|2|3|1|1|1|2|2|2|2|2|2|2||2|2|1|2||6||1|2|2|1|1|1|2|2|1|52UZPE01152001T09MT04EBS001H015052UZPE01152001T09MT04EBS001H0150F0150
2|136|1|52|UZPE011|52001|T09|MT04|VILLA FLOR II|MNZ8CASA19|-77.257538|1.201483||52UZPE01152001T09MT04EBS001H0151|52UZPE01152001T09MT04EBS001H0151F0151|2|1|1|1|52UZPE01152001T09MT04EBS001|900091143|CC|37084285|AUXILIARDEENFERMERIA|52UZPE01152001T09MT04EBS001H0151F0151CF151|2025-07-13|4||1||3||1||1|2|11|5|3|2|20||2|13|0||1||1||1||1||7|1|1|1|1|1|1|2|2|2|2|2|2||2|2|1|2||6||1|2|2|1|1|1|2|2|1|52UZPE01152001T09MT04EBS001H015152UZPE01152001T09MT04EBS001H0151F0151
2|137|1|52|UZPE011|52001|T09|MT04|VILLA FLOR II|MNZ8CASA23|-77.256697|1.200342||52UZPE01152001T09MT04EBS001H0152|52UZPE01152001T09MT04EBS001H0152F0152|2|1|1|1|52UZPE01152001T09MT04EBS001|900091143|CC|37084285|AUXILIARDEENFERMERIA|52UZPE01152001T09MT04EBS001H0152F0152CF152|2025-07-13|4||1||3||1||1|2|11|5|2|2|20||2|13|0||1||1||1||1||7|1|1|1|1|1|1|2|2|2|2|2|2||2|2|1|1||6||1|2|2|1|1|1|2|2|1|52UZPE01152001T09MT04EBS001H015252UZPE01152001T09MT04EBS001H0152F0152
2|138|1|52|UZPE011|52001|T09|MT04|VILLA FLOR II|MZ27CASA6|-77.257791|1.200851||52UZPE01152001T09MT04EBS001H0153|52UZPE01152001T09MT04EBS001H0153F0153|2|1|1|2|52UZPE01152001T09MT04EBS001|900091143|CC|37084285|AUXILIARDEENFERMERIA|52UZPE01152001T09MT04EBS001H0153F0153CF153|2025-07-13|4||1||3||1||1|2|11|5|2|2|20||2|13|0||1||1||1||1||2|2|1|1|1|1|1|2|2|2|2|2|2||2|2|1|2||6||1|2|2|1|1|1|2|2|1|52UZPE01152001T09MT04EBS001H015352UZPE01152001T09MT04EBS001H0153F0153
2|139|1|52|UZPE011|52001|T08|MT02|MERCEDARIO|CRA1E21D15|-77.260274|1.204705||52UZPE01152001T08MT02EBS001H0154|52UZPE01152001T08MT02EBS001H0154F0154|2|1|1|2|52UZPE01152001T08MT02EBS001|900091143|CC|1085255824|AUXDEENFERMERIA|52UZPE01152001T08MT02EBS001H0154F0154CF154|2025-07-13|4||1||3||1||2|2|11|5|2|2|20||2|13|0||1||1||1||1||2|2|2|2|1|1|2|2|2|2|2|2|2||2|2|1|2||6||1|2|2|1|2|1|2|2|1|52UZPE01152001T08MT02EBS001H015452UZPE01152001T08MT02EBS001H0154F0154
2|140|1|52|UZPE011|52001|T09|MT04|VILLA FLOR II|MNZ27CASA11APTO2|-77.257861|1.201107||52UZPE01152001T09MT04EBS001H0155|52UZPE01152001T09MT04EBS001H0155F0155|2|1|1|2|52UZPE01152001T09MT04EBS001|900091143|CC|37084285|AUXILIARDEENFERMERIA|52UZPE01152001T09MT04EBS001H0155F0155CF155|2025-07-13|4||1||4||1||1|2|11|5|2|2|20||2|13|0||1||1||1||1||2|2|1|1|1|1|1|2|2|2|2|2|2||2|2|1|2||6||1|2|2|1|1|1|2|2|1|52UZPE01152001T09MT04EBS001H015552UZPE01152001T09MT04EBS001H0155F0155
2|141|1|52|UZPE011|52001|T09|MT04|VILLA FLOR II|MANZANA30CASA20|-77.257227|1.20071||52UZPE01152001T09MT04EBS001H0156|52UZPE01152001T09MT04EBS001H0156F0156|2|1|1|3|52UZPE01152001T09MT04EBS001|900091143|CC|1085300095|AUXILIARDEENFERMERIA|52UZPE01152001T09MT04EBS001H0156F0156CF156|2025-07-14|1||1||3||1||3|1|11|5|2|2|20||2|13|0||1||1||1||1||1|3|1|1|1|1|2|2|2|2|2|2|2||2|2|1|1||6||1|2|2|1|1|1|2|2|1|52UZPE01152001T09MT04EBS001H015652UZPE01152001T09MT04EBS001H0156F0156
2|142|1|52|UZPE011|52001|T09|MT04|VILLA FLOR II|MZ7CS29VILLAFLORII|-77.258142|1.200555||52UZPE01152001T09MT04EBS001H0157|52UZPE01152001T09MT04EBS001H0157F0157|3|1|1|3|52UZPE01152001T09MT04EBS001|900091143|CC|27087475|PSICOLOGIA|52UZPE01152001T09MT04EBS001H0157F0157CF157|2025-07-09|1||1||3||1||3|2|11|5|2|2|20||2|13|0||1||1||1||1||2|3|1|1|1|1|1|2|2|2|2|2|2||2|2|1|2||6||1|2|2|1|1|1|2|2|1|52UZPE01152001T09MT04EBS001H015752UZPE01152001T09MT04EBS001H0157F0157
2|143|1|52|UZPE011|52001|T08|MT02|MERCEDARIO|CRA21C06|-77.261991|1.203446||52UZPE01152001T08MT02EBS001H0159|52UZPE01152001T08MT02EBS001H0159F0159|2|1|1|2|52UZPE01152001T08MT02EBS001|900091143|CC|59651018|PSICOLOGIA|52UZPE01152001T08MT02EBS001H0159F0159CF159|2025-07-13|1||1||3||1||1|2|11|5|1|2|20||2|13|0||1||1||1||1||1|2|3|1|1|1|1|2|2|2|2|2|2||2|2|1|2||6||1|2|2|1|1|1|2|2|1|52UZPE01152001T08MT02EBS001H015952UZPE01152001T08MT02EBS001H0159F0159
2|144|1|52|UZPE011|52001|T08|MT02|MERCEDARIO|CRA2E21D09|-77.259961|1.204397||52UZPE01152001T08MT02EBS001H0160|52UZPE01152001T08MT02EBS001H0160F0160|2|1|1|3|52UZPE01152001T08MT02EBS001|900091143|CC|1085321578|TERAPEUTAOCUPACIONAL|52UZPE01152001T08MT02EBS001H0160F0160CF160|2025-07-14|1||1||3||1||1|2|11|5|3|1|20||2|13|0||1||1||1||1||1|1|3|1|1|1|1|2|2|2|2|2|2||2|2|1|1||6||1|2|2|1|2|1|2|2|1|52UZPE01152001T08MT02EBS001H016052UZPE01152001T08MT02EBS001H0160F0160
2|145|1|52|UZPE011|52001|T08|MT02|MERCEDARIO|2E21D21|-77.260033|1.204476||52UZPE01152001T08MT02EBS001H0161|52UZPE01152001T08MT02EBS001H0161F0161|2|1|1|2|52UZPE01152001T08MT02EBS001|900091143|CC|59651018|PSICOLOGIA|52UZPE01152001T08MT02EBS001H0161F0161CF161|2025-07-13|1||1||3||4||1|2|11|5|2|2|20||2|13|0||1||1||1||1||1|2|3|1|1|1|1|2|2|2|2|2|2||2|2|1|2||6||1|2|2|1|1|1|2|2|1|52UZPE01152001T08MT02EBS001H016152UZPE01152001T08MT02EBS001H0161F0161
2|146|1|52|UZPE011|52001|T09|MT04|VILLA FLOR II|MZ7CS34VILLAFLORIIT33MT4|-77.257858|1.200948||52UZPE01152001T09MT04EBS001H0164|52UZPE01152001T09MT04EBS001H0164F0164|3|1|1|2|52UZPE01152001T09MT04EBS001|900091143|CC|27087475|PSICOLOGIA|52UZPE01152001T09MT04EBS001H0164F0164CF164|2025-07-09|1||1||3||1||2|2|11|5|3|2|20||2|13|0||1||1||1||1||2|2|1|1|1|1|1|2|2|2|2|2|2||2|2|2|2||6||2|2|2|1|1|1|2|2|1|52UZPE01152001T09MT04EBS001H016452UZPE01152001T09MT04EBS001H0164F0164
2|147|1|52|UZPE011|52001|T08|MT02|MERCEDARIO|CRA1E21D27|-77.260279|1.204481||52UZPE01152001T08MT02EBS001H0167|52UZPE01152001T08MT02EBS001H0167F0167|2|2|2|3|52UZPE01152001T08MT02EBS001|900091143|CC|1085255824|AUXDEENFERMERIA|52UZPE01152001T08MT02EBS001H0167F0167CF167|2025-07-13|1||1||3||1||3|2|11|5|2|2|20||2|13|0||1||1||1||1||1|3|3|1|1|1|1|2|2|2|2|2|2||2|2|2|2||6||2|2|2|1|2|1|2|2|1|52UZPE01152001T08MT02EBS001H016752UZPE01152001T08MT02EBS001H0167F0167
2|148|1|52|UZPE011|52001|T09|MT04|VILLA FLOR II|MZ30CS26VILLAFLORIIT33MT4|-77.257621|1.201275||52UZPE01152001T09MT04EBS001H0168|52UZPE01152001T09MT04EBS001H0168F0168|3|1|1|1|52UZPE01152001T09MT04EBS001|900091143|CC|27087475|PSICOLOGIA|52UZPE01152001T09MT04EBS001H0168F0168CF168|2025-07-14|1||1||3||1||1|2|11|5|3|2|20||2|13|0||1||1||1||1||7|1|1|1|1|1|2|2|2|2|2|2|2||2|2|1|2||6||1|2|2|1|1|1|2|2|1|52UZPE01152001T09MT04EBS001H016852UZPE01152001T09MT04EBS001H0168F0168
2|149|1|52|UZPE011|52001|T08|MT02|MERCEDARIO|CR1E21D25|-77.260354|1.204339||52UZPE01152001T08MT02EBS001H0169|52UZPE01152001T08MT02EBS001H0169F0169|2|1|1|5|52UZPE01152001T08MT02EBS001|900091143|CC|1085304072|GESTORCOMUNITARIO|52UZPE01152001T08MT02EBS001H0169F0169CF169|2025-07-13|4||1||1||1||4|2|11|5|2|2|20||2|13|0||1||1||1||1||1|5|3|1|1|1|1|2|2|2|2|2|2||2|2|1|2||6||1|2|2|1|1|1|2|2|1|52UZPE01152001T08MT02EBS001H016952UZPE01152001T08MT02EBS001H0169F0169
2|150|1|52|UZPE011|52001|T08|MT02|MERCEDARIO|CR1E21D25|-77.260357|1.204337||52UZPE01152001T08MT02EBS001H0170|52UZPE01152001T08MT02EBS001H0170F0170|2|2|2|5|52UZPE01152001T08MT02EBS001|900091143|CC|1085304072|GESTORCOMUNITARIO|52UZPE01152001T08MT02EBS001H0170F0170CF170|2025-07-13|4||1||3||1||4|2|11|5|2|2|20||2|13|0||1||1||1||1||1|5|3|1|1|1|1|2|2|2|2|2|2||2|2|1|2||6||1|2|2|1|1|1|2|2|1|52UZPE01152001T08MT02EBS001H017052UZPE01152001T08MT02EBS001H0170F0170
2|151|1|52|UZPE011|52001|T08|MT02|MERCEDARIO|CR1E21D57|-77.260308|1.204685||52UZPE01152001T08MT02EBS001H0171|52UZPE01152001T08MT02EBS001H0171F0171|2|1|1|1|52UZPE01152001T08MT02EBS001|900091143|CC|1085304072|GESTORCOMUNITARIO|52UZPE01152001T08MT02EBS001H0171F0171CF171|2025-07-13|1||1||3||1||1|2|11|5|3|2|20||1|13|0||1||1||1||1||7|1|3|2|1|1|1|2|2|2|2|2|2||2|2|1|2||6||1|2|2|1|1|1|2|2|1|52UZPE01152001T08MT02EBS001H017152UZPE01152001T08MT02EBS001H0171F0171
2|152|1|52|UZPE011|52001|T08|MT02|MERCEDARIO|CR1E21D06|-77.260177|1.204409||52UZPE01152001T08MT02EBS001H0172|52UZPE01152001T08MT02EBS001H0172F0172|2|1|1|4|52UZPE01152001T08MT02EBS001|900091143|CC|1085304072|GESTORCOMUNITARIO|52UZPE01152001T08MT02EBS001H0172F0172CF172|2025-07-14|1||1||3||1||3|2|11|5|3|2|20||1|13|0||1||1||1||1||1|4|3|1|1|1|1|2|2|2|2|2|2||2|2|1|2||6||1|2|2|1|1|1|2|2|1|52UZPE01152001T08MT02EBS001H017252UZPE01152001T08MT02EBS001H0172F0172
2|153|1|52|UZPE011|52001|T08|MT02|MERCEDARIO|CR3E21D09|-77.259636|1.204245||52UZPE01152001T08MT02EBS001H0173|52UZPE01152001T08MT02EBS001H0173F0173|2|1|1|1|52UZPE01152001T08MT02EBS001|900091143|CC|1085304072|GESTORCOMUNITARIO|52UZPE01152001T08MT02EBS001H0173F0173CF173|2025-07-14|1||1||3||1||1|2|11|5|3|2|20||2|13|0||1||1||1||1||7|1|3|2|1|1|1|2|2|2|2|2|2||2|2|2|2||6||2|2|2|1|1|1|2|2|1|52UZPE01152001T08MT02EBS001H017352UZPE01152001T08MT02EBS001H0173F0173
2|154|1|52|UZPE011|52001|T08|MT02|MERCEDARIO|CRA1E21D27|-77.260279|1.204481||52UZPE01152001T08MT02EBS001H0174|52UZPE01152001T08MT02EBS001H0174F0174|2|2|2|2|52UZPE01152001T08MT02EBS001|900091143|CC|1085255824|AUXDEENFERMERIA|52UZPE01152001T08MT02EBS001H0174F0174CF174|2025-07-13|4||1||3||1||2|2|11|5|2|2|20||2|13|0||1||1||1||1||7|2|3|1|1|1|1|2|2|2|2|2|2||2|2|2|2||6||2|2|2|1|2|1|2|2|1|52UZPE01152001T08MT02EBS001H017452UZPE01152001T08MT02EBS001H0174F0174
2|155|1|52|UZPE011|52001|T08|MT02|MERCEDARIO|CR3E21D15|-77.25958|1.204425||52UZPE01152001T08MT02EBS001H0175|52UZPE01152001T08MT02EBS001H0175F0175|2|1|1|1|52UZPE01152001T08MT02EBS001|900091143|CC|1085304072|GESTORCOMUNITARIO|52UZPE01152001T08MT02EBS001H0175F0175CF175|2025-07-14|1||1||1||1||1|2|11|5|3|2|20||2|13|0||1||1||1||1||7|1|3|2|1|1|1|2|2|2|2|2|2||2|2|2|2||6||2|2|2|1|1|1|2|2|1|52UZPE01152001T08MT02EBS001H017552UZPE01152001T08MT02EBS001H0175F0175
2|156|1|52|UZPE011|52001|T08|MT02|MERCEDARIO|CR3E21D27|-77.259755|1.204369||52UZPE01152001T08MT02EBS001H0176|52UZPE01152001T08MT02EBS001H0176F0176|2|1|1|2|52UZPE01152001T08MT02EBS001|900091143|CC|1085304072|GESTORCOMUNITARIO|52UZPE01152001T08MT02EBS001H0176F0176CF176|2025-07-14|1||1||3||1||2|2|11|5|3|2|20||2|13|0||1||1||1||1||7|2|3|1|1|1|1|2|2|2|2|2|2||2|2|2|2||6||2|2|2|1|1|1|2|2|1|52UZPE01152001T08MT02EBS001H017652UZPE01152001T08MT02EBS001H0176F0176
2|157|1|52|UZPE011|52001|T08|MT02|MERCEDARIO|CRA2E21D3639|-77.260094|1.204579||52UZPE01152001T08MT02EBS001H0177|52UZPE01152001T08MT02EBS001H0177F0177|2|2|2|6|52UZPE01152001T08MT02EBS001|900091143|CC|59651018|PSICOLOGIA|52UZPE01152001T08MT02EBS001H0177F0177CF177|2025-07-14|1||1||3||1||2|2|11|5|3|2|20||2|13|0||1||1||1||1||1|4|3|1|1|1|1|2|2|2|2|2|2||2|2|1|2||6||1|2|2|1|1|1|2|2|1|52UZPE01152001T08MT02EBS001H017752UZPE01152001T08MT02EBS001H0177F0177
2|158|1|52|UZPE011|52001|T08|MT02|MERCEDARIO|CR4EA21D15|-77.259258|1.204556||52UZPE01152001T08MT02EBS001H0178|52UZPE01152001T08MT02EBS001H0178F0178|2|1|1|2|52UZPE01152001T08MT02EBS001|900091143|CC|1085304072|GESTORCOMUNITARIO|52UZPE01152001T08MT02EBS001H0178F0178CF178|2025-07-14|1||1||1||1||2|2|11|5|3|2|20||2|13|0||1||1||1||1||2|2|3|1|1|1|1|2|2|2|2|2|2||2|2|2|2||6||2|2|2|1|1|1|2|2|1|52UZPE01152001T08MT02EBS001H017852UZPE01152001T08MT02EBS001H0178F0178
2|159|1|52|UZPE011|52001|T08|MT02|MERCEDARIO|CRA2E21D39APAR1|-77.260094|1.204579||52UZPE01152001T08MT02EBS001H0179|52UZPE01152001T08MT02EBS001H0179F0179|2|2|2|6|52UZPE01152001T08MT02EBS001|900091143|CC|59651018|PSICOLOGIA|52UZPE01152001T08MT02EBS001H0179F0179CF179|2025-07-14|1||1||3||1||2|2|11|5|3|2|20||2|13|0||1||1||1||1||2|2|3|1|1|1|1|2|2|2|2|2|2||2|2|1|1||6||1|2|2|1|1|1|2|2|1|52UZPE01152001T08MT02EBS001H017952UZPE01152001T08MT02EBS001H0179F0179
2|160|1|52|UZPE011|52001|T08|MT02|MERCEDARIO|CRA3E21D39|-77.259551|1.204323||52UZPE01152001T08MT02EBS001H0180|52UZPE01152001T08MT02EBS001H0180F0180|2|1|1|2|52UZPE01152001T08MT02EBS001|900091143|CC|59651018|PSICOLOGIA|52UZPE01152001T08MT02EBS001H0180F0180CF180|2025-07-15|1||1||3||4||2|2|11|5|3|2|20||2|13|0||1||1||1||1||1|3|3|1|1|1|1|2|2|2|2|2|2||2|2|2|1||6||2|2|2|1|2|1|2|2|1|52UZPE01152001T08MT02EBS001H018052UZPE01152001T08MT02EBS001H0180F0180
2|161|1|52|UZPE011|52001|T08|MT02|MERCEDARIO|CRA1E21D24|-77.260383|1.204146||52UZPE01152001T08MT02EBS001H0181|52UZPE01152001T08MT02EBS001H0181F0181|2|3|3|7|52UZPE01152001T08MT02EBS001|900091143|CC|1085255824|AUXDEENFERMERIA|52UZPE01152001T08MT02EBS001H0181F0181CF181|2025-07-14|1||1||3||4||4|1|11|5|3|2|20||2|13|0||1||1||1||1||2|3|3|1|1|1|1|2|2|2|2|2|2||2|2|1|2||6||1|2|2|1|1|1|2|2|1|52UZPE01152001T08MT02EBS001H018152UZPE01152001T08MT02EBS001H0181F0181
2|162|1|52|UZPE011|52001|T09|MT04|VILLA FLOR II|MNZ27CASA17|-77.257527|1.201038||52UZPE01152001T09MT04EBS001H0182|52UZPE01152001T09MT04EBS001H0182F0182|2|1|1|2|52UZPE01152001T09MT04EBS001|900091143|CC|37084285|AUXILIARDEENFERMERIA|52UZPE01152001T09MT04EBS001H0182F0182CF182|2025-07-13|4||1||3||1||1|2|11|5|3|2|20||2|13|0||1||1||1||1||1|2|1|1|1|1|2|2|2|2|2|2|2||2|2|1|1||6||1|2|2|1|1|1|2|2|1|52UZPE01152001T09MT04EBS001H018252UZPE01152001T09MT04EBS001H0182F0182
2|163|1|52|UZPE011|52001|T09|MT04|VILLA FLOR II|MNZ30CASA13|-77.258115|1.200613||52UZPE01152001T09MT04EBS001H0183|52UZPE01152001T09MT04EBS001H0183F0183|2|1|1|2|52UZPE01152001T09MT04EBS001|900091143|CC|37084285|AUXILIARDEENFERMERIA|52UZPE01152001T09MT04EBS001H0183F0183CF183|2025-07-14|4||1||3||1||2|2|11|5|3|2|20||1|13|0||1||1||1||1||2|2|1|1|1|1|1|2|2|2|2|2|2||2|2|1|1||6||1|2|2|1|1|1|2|2|1|52UZPE01152001T09MT04EBS001H018352UZPE01152001T09MT04EBS001H0183F0183
2|164|1|52|UZPE011|52001|T08|MT02|MERCEDARIO|CRA2E21D36|-77.259996|1.204312||52UZPE01152001T08MT02EBS001H0184|52UZPE01152001T08MT02EBS001H0184F0184|2|3|3|3|52UZPE01152001T08MT02EBS001|900091143|CC|1085255824|AUXDEENFERMERIA|52UZPE01152001T08MT02EBS001H0184F0184CF184|2025-07-14|4||1||3||1||2|2|11|5|3|2|20||2|13|0||1||1||1||1||1|3|1|1|1|1|2|2|2|2|2|2|2||2|2|1|2||6||1|2|2|1|2|1|2|2|1|52UZPE01152001T08MT02EBS001H018452UZPE01152001T08MT02EBS001H0184F0184
2|165|1|52|UZPE011|52001|T09|MT04|VILLA FLOR II|MNZ30CASA13|-77.258116|1.200614||52UZPE01152001T09MT04EBS001H0185|52UZPE01152001T09MT04EBS001H0185F0185|2|1|1|1|52UZPE01152001T09MT04EBS001|900091143|CC|37084285|AUXILIARDEENFERMERIA|52UZPE01152001T09MT04EBS001H0185F0185CF185|2025-07-14|5||1||3||1||1|2|11|5|2|2|20||2|13|0||1||1||1||1||7|1|1|1|1|1|1|2|2|2|2|2|2||2|2|1|1||6||1|2|2|1|1|1|2|2|1|52UZPE01152001T09MT04EBS001H018552UZPE01152001T09MT04EBS001H0185F0185
2|166|1|52|UZPE011|52001|T09|MT04|VILLA FLOR II|MANZANA30CASA23|-77.257233|1.200445||52UZPE01152001T09MT04EBS001H0186|52UZPE01152001T09MT04EBS001H0186F0186|3|1|1|2|52UZPE01152001T09MT04EBS001|900091143|CC|1085300095|AUXILIARDEENFERMERIA|52UZPE01152001T09MT04EBS001H0186F0186CF186|2025-07-14|1||1||3||1||1|2|11|4|3|2|20||2|13|0||1||1||1||1||1|2|1|1|1|1|1|2|2|2|2|2|2||2|2|1|2||6||1|2|2|1|1|1|2|2|1|52UZPE01152001T09MT04EBS001H018652UZPE01152001T09MT04EBS001H0186F0186
2|167|1|52|UZPE011|52001|T09|MT04|VILLA FLOR II|MANZANA30CASA24|-77.257305|1.200383||52UZPE01152001T09MT04EBS001H0187|52UZPE01152001T09MT04EBS001H0187F0187|3|1|1|3|52UZPE01152001T09MT04EBS001|900091143|CC|1085300095|AUXILIARDEENFERMERIA|52UZPE01152001T09MT04EBS001H0187F0187CF187|2025-07-14|4||1||3||1||3|2|11|5|3|2|20||2|13|0||1||1||1||1||1|3|1|2|1|1|2|2|2|2|2|2|2||2|2|2|1||6||2|2|2|1|1|1|2|2|1|52UZPE01152001T09MT04EBS001H018752UZPE01152001T09MT04EBS001H0187F0187
2|168|1|52|UZPE011|52001|T09|MT04|VILLA FLOR II|MANZANA30CASA35|-77.259055|1.200018||52UZPE01152001T09MT04EBS001H0188|52UZPE01152001T09MT04EBS001H0188F0188|3|1|1|3|52UZPE01152001T09MT04EBS001|900091143|CC|1085300095|AUXILIARDEENFERMERIA|52UZPE01152001T09MT04EBS001H0188F0188CF188|2025-07-14|1||1||3||1||2|2|11|4|2|2|19||2|13|0||1||1||1||1||1|3|1|2|1|1|3|2|2|2|2|2|2||2|2|1|2||6||1|2|2|1|1|1|2|2|1|52UZPE01152001T09MT04EBS001H018852UZPE01152001T09MT04EBS001H0188F0188
2|169|1|52|UZPE011|52001|T09|MT04|VILLA FLOR II|MANZANA34CASA7|-77.257941|1.200525||52UZPE01152001T09MT04EBS001H0189|52UZPE01152001T09MT04EBS001H0189F0189|3|1|1|2|52UZPE01152001T09MT04EBS001|900091143|CC|1085300095|AUXILIARDEENFERMERIA|52UZPE01152001T09MT04EBS001H0189F0189CF189|2025-07-15|1||1||3||1||1|2|11|4|2|2|20||2|13|0||1||1||1||1||2|2|1|1|1|1|3|2|2|2|2|2|2||2|2|1|1||6||1|2|2|1|1|1|2|2|1|52UZPE01152001T09MT04EBS001H018952UZPE01152001T09MT04EBS001H0189F0189
2|170|1|52|UZPE011|52001|T09|MT04|VILLA FLOR II|MANZANA34CASA42|-77.258066|1.200038||52UZPE01152001T09MT04EBS001H0190|52UZPE01152001T09MT04EBS001H0190F0190|2|1|1|4|52UZPE01152001T09MT04EBS001|900091143|CC|1085300095|AUXILIARDEENFERMERIA|52UZPE01152001T09MT04EBS001H0190F0190CF190|2025-07-15|4||1||3||1||2|1|10|5|3|2|20||2|13|0||1||1||1||1||1|4|1|1|1|1|1|2|2|2|2|2|2||2|2|1|1||6||1|2|2|1|1|1|2|2|1|52UZPE01152001T09MT04EBS001H019052UZPE01152001T09MT04EBS001H0190F0190
2|171|1|52|UZPE011|52001|T09|MT04|VILLA FLOR II|MANZANA34CASA32APTO1|-77.257751|1.200222||52UZPE01152001T09MT04EBS001H0192|52UZPE01152001T09MT04EBS001H0192F0192|2|1|1|2|52UZPE01152001T09MT04EBS001|900091143|CC|1085300095|AUXILIARDEENFERMERIA|52UZPE01152001T09MT04EBS001H0192F0192CF192|2025-07-15|4||1||3||1||1|2|11|5|2|2|20||2|13|0||1||1||1||1||2|2|1|2|1|1|2|2|2|2|2|2|2||2|2|1|2||6||1|2|2|1|1|1|2|2|1|52UZPE01152001T09MT04EBS001H019252UZPE01152001T09MT04EBS001H0192F0192
2|172|1|52|UZPE011|52001|T09|MT04|VILLA FLOR II|MANZANA34CASA32APTO2|-77.257762|1.200232||52UZPE01152001T09MT04EBS001H0195|52UZPE01152001T09MT04EBS001H0195F0195|2|1|1|1|52UZPE01152001T09MT04EBS001|900091143|CC|1085300095|AUXILIARDEENFERMERIA|52UZPE01152001T09MT04EBS001H0195F0195CF195|2025-07-15|4||1||3||1||1|2|11|4|3|2|20||2|13|0||1||1||1||1||7|1|1|2|1|1|3|2|2|2|2|2|2||2|2|1|1||6||1|2|2|1|1|1|2|2|1|52UZPE01152001T09MT04EBS001H019552UZPE01152001T09MT04EBS001H0195F0195
2|173|1|52|UZPE011|52001|T09|MT04|VILLA FLOR II|MANZANA42CASA1|-77.257695|1.200147||52UZPE01152001T09MT04EBS001H0197|52UZPE01152001T09MT04EBS001H0197F0197|2|1|1|1|52UZPE01152001T09MT04EBS001|900091143|CC|1085300095|AUXILIARDEENFERMERIA|52UZPE01152001T09MT04EBS001H0197F0197CF197|2025-07-15|4||1||3||1||1|2|11|4|2|2|20||2|13|0||1||1||1||1||7|1|1|2|1|1|1|2|2|2|2|2|2||2|2|1|2||6||1|2|2|1|1|1|2|2|1|52UZPE01152001T09MT04EBS001H019752UZPE01152001T09MT04EBS001H0197F0197
2|174|1|52|UZPE011|52001|T09|MT04|VILLA FLOR II|MANZANA41CASA10|-77.257202|1.200315||52UZPE01152001T09MT04EBS001H0199|52UZPE01152001T09MT04EBS001H0199F0199|2|1|1|2|52UZPE01152001T09MT04EBS001|900091143|CC|1085300095|AUXILIARDEENFERMERIA|52UZPE01152001T09MT04EBS001H0199F0199CF199|2025-07-15|1||1||3||1||1|2|11|5|2|2|20||2|13|0||1||1||1||1||2|1|1|2|1|1|2|2|2|2|2|2|2||2|2|1|1||6||1|2|2|1|1|1|2|2|1|52UZPE01152001T09MT04EBS001H019952UZPE01152001T09MT04EBS001H0199F0199
2|175|1|52|UZPE011|52001|T09|MT04|VILLA FLOR II|MANZANA4CASA26|-77.257494|1.200136||52UZPE01152001T09MT04EBS001H0200|52UZPE01152001T09MT04EBS001H0200F0200|2|1|1|2|52UZPE01152001T09MT04EBS001|900091143|CC|1085300095|AUXILIARDEENFERMERIA|52UZPE01152001T09MT04EBS001H0200F0200CF200|2025-07-15|4||1||3||1||1|2|11|5|3|2|20||2|13|0||1||1||1||1||2|2|1|2|1|1|1|2|2|2|2|2|2||2|2|1|2||6||1|2|2|1|1|1|2|2|1|52UZPE01152001T09MT04EBS001H020052UZPE01152001T09MT04EBS001H0200F0200
2|176|1|52|UZPE011|52001|T09|MT04|VILLA FLOR II|MNZ30CASA18|-77.257332|1.200707||52UZPE01152001T09MT04EBS001H0202|52UZPE01152001T09MT04EBS001H0202F0202|2|1|1|2|52UZPE01152001T09MT04EBS001|900091143|CC|37084285|AUXILIARDEENFERMERIA|52UZPE01152001T09MT04EBS001H0202F0202CF202|2025-07-14|1||1||3||1||1|2|11|5|3|2|20||2|13|0||1||1||1||1||1|2|1|1|1|1|1|2|2|2|2|2|2||2|2|1|1||6||1|2|2|1|1|1|2|2|1|52UZPE01152001T09MT04EBS001H020252UZPE01152001T09MT04EBS001H0202F0202
2|177|1|52|UZPE011|52001|T08|MT02|MERCEDARIO|CR4E21D12|-77.258807|1.204312||52UZPE01152001T08MT02EBS001H0203|52UZPE01152001T08MT02EBS001H0203F0203|2|2|2|4|52UZPE01152001T08MT02EBS001|900091143|CC|1085304072|GESTORCOMUNITARIO|52UZPE01152001T08MT02EBS001H0203F0203CF203|2025-07-15|4||1||3||1||4|2|11|5|3|2|20||2|13|0||1||1||1||1||1|4|3|1|1|1|1|2|2|2|2|2|2||2|2|2|2||6||2|2|2|1|1|1|2|2|1|52UZPE01152001T08MT02EBS001H020352UZPE01152001T08MT02EBS001H0203F0203
2|178|1|52|UZPE011|52001|T09|MT04|VILLA FLOR II|MNZ30CASA30|-77.256598|1.200853||52UZPE01152001T09MT04EBS001H0205|52UZPE01152001T09MT04EBS001H0205F0205|2|1|1|2|52UZPE01152001T09MT04EBS001|900091143|CC|37084285|AUXILIARDEENFERMERIA|52UZPE01152001T09MT04EBS001H0205F0205CF205|2025-07-14|1||1||3||1||2|2|11|5|3|2|20||1|13|0||1||1||1||1||2|2|1|1|1|1|1|2|2|2|2|2|2||2|2|1|2||6||1|2|2|1|2|1|2|2|1|52UZPE01152001T09MT04EBS001H020552UZPE01152001T09MT04EBS001H0205F0205
2|179|1|52|UZPE011|52001|T08|MT02|MERCEDARIO|CRA4EA21D36|-77.259248|1.204469||52UZPE01152001T08MT02EBS001H0206|52UZPE01152001T08MT02EBS001H0206F0206|2|1|1|2|52UZPE01152001T08MT02EBS001|900091143|CC|59651018|PSICOLOGIA|52UZPE01152001T08MT02EBS001H0206F0206CF206|2025-07-15|1||1||3||4||2|2|11|5|3|2|20||2|13|0||1||1||1||1||2|2|3|1|1|1|1|2|2|2|2|2|2||2|2|1|2||6||1|2|2|1|1|1|2|2|1|52UZPE01152001T08MT02EBS001H020652UZPE01152001T08MT02EBS001H0206F0206
2|180|1|52|UZPE011|52001|T08|MT02|MERCEDARIO|CR4E21D12|-77.258807|1.204312||52UZPE01152001T08MT02EBS001H0207|52UZPE01152001T08MT02EBS001H0207F0207|2|2|2|1|52UZPE01152001T08MT02EBS001|900091143|CC|1085304072|GESTORCOMUNITARIO|52UZPE01152001T08MT02EBS001H0207F0207CF207|2025-07-15|4||1||3||1||1|2|11|5|3|2|20||2|13|0||1||1||1||1||7|1|3|1|1|1|1|2|2|2|2|2|2||2|2|2|2||6||2|2|2|1|1|1|2|2|1|52UZPE01152001T08MT02EBS001H020752UZPE01152001T08MT02EBS001H0207F0207
2|181|1|52|UZPE011|52001|T09|MT04|VILLA FLOR II|MNZ30CASA40|-77.2581|1.200202||52UZPE01152001T09MT04EBS001H0209|52UZPE01152001T09MT04EBS001H0209F0209|2|1|1|1|52UZPE01152001T09MT04EBS001|900091143|CC|37084285|AUXILIARDEENFERMERIA|52UZPE01152001T09MT04EBS001H0209F0209CF209|2025-07-15|4||1||3||1||1|2|11|5|2|2|20||2|13|0||1||1||1||1||7|1|1|1|1|1|1|2|2|2|2|2|2||2|2|1|1||6||1|2|2|1|1|1|2|2|1|52UZPE01152001T09MT04EBS001H020952UZPE01152001T09MT04EBS001H0209F0209
2|182|1|52|UZPE011|52001|T08|MT02|MERCEDARIO|CLL21E3E31|-77.25925|1.204799||52UZPE01152001T08MT02EBS001H0210|52UZPE01152001T08MT02EBS001H0210F0210|2|2|2|4|52UZPE01152001T08MT02EBS001|900091143|CC|1085304072|GESTORCOMUNITARIO|52UZPE01152001T08MT02EBS001H0210F0210CF210|2025-07-15|5||1||3||1||3|2|11|5|2|2|20||2|13|0||1||1||1||1||2|4|3|1|1|1|1|2|2|2|2|2|2||2|2|1|2||6||1|2|2|1|1|1|2|2|1|52UZPE01152001T08MT02EBS001H021052UZPE01152001T08MT02EBS001H0210F0210
2|183|1|52|UZPE011|52001|T08|MT02|MERCEDARIO|21E3E3131|-77.259221|1.204824||52UZPE01152001T08MT02EBS001H0211|52UZPE01152001T08MT02EBS001H0211F0211|2|1|1|2|52UZPE01152001T08MT02EBS001|900091143|CC|59651018|PSICOLOGIA|52UZPE01152001T08MT02EBS001H0211F0211CF211|2025-07-15|1||1||3||4||1|2|11|5|3|2|20||2|13|0||1||1||1||1||2|2|3|1|1|1|1|2|2|2|2|2|2||2|2|1|2||6||1|2|2|1|1|1|2|2|1|52UZPE01152001T08MT02EBS001H021152UZPE01152001T08MT02EBS001H0211F0211
2|184|1|52|UZPE011|52001|T09|MT04|VILLA FLOR II|MNZ34CASA9|-77.256368|1.199782||52UZPE01152001T09MT04EBS001H0212|52UZPE01152001T09MT04EBS001H0212F0212|2|1|1|2|52UZPE01152001T09MT04EBS001|900091143|CC|37084285|AUXILIARDEENFERMERIA|52UZPE01152001T09MT04EBS001H0212F0212CF212|2025-07-15|4||1||3||1||1|2|11|5|3|2|20||2|13|0||1||1||1||1||2|2|1|1|1|1|1|2|2|2|2|2|2||2|2|1|1||6||1|2|2|1|1|1|2|2|1|52UZPE01152001T09MT04EBS001H021252UZPE01152001T09MT04EBS001H0212F0212
2|185|1|52|UZPE011|52001|T09|MT04|VILLA FLOR II|MZ34CASA9|-77.256636|1.199782||52UZPE01152001T09MT04EBS001H0213|52UZPE01152001T09MT04EBS001H0213F0213|2|1|1|1|52UZPE01152001T09MT04EBS001|900091143|CC|37084285|AUXILIARDEENFERMERIA|52UZPE01152001T09MT04EBS001H0213F0213CF213|2025-07-15|5||1||3||1||1|2|11|5|3|2|20||2|13|0||1||1||1||1||7|1|1|1|1|1|1|2|2|2|2|2|2||2|2|1|1||6||1|2|2|1|1|1|2|2|1|52UZPE01152001T09MT04EBS001H021352UZPE01152001T09MT04EBS001H0213F0213
2|186|1|52|UZPE011|52001|T08|MT02|MERCEDARIO|CRA4E21D21|-77.259221|1.204338||52UZPE01152001T08MT02EBS001H0214|52UZPE01152001T08MT02EBS001H0214F0214|2|2|2|2|52UZPE01152001T08MT02EBS001|900091143|CC|59651018|PSICOLOGIA|52UZPE01152001T08MT02EBS001H0214F0214CF214|2025-07-15|1||1||3||4||2|2|11|5|3|2|20||2|13|0||1||1||1||1||4|1|3|1|1|1|1|2|2|2|2|2|2||2|2|2|2||6||2|2|2|1|2|1|2|2|1|52UZPE01152001T08MT02EBS001H021452UZPE01152001T08MT02EBS001H0214F0214
2|187|1|52|UZPE011|52001|T08|MT02|MERCEDARIO|CLL21E3E31|-77.25925|1.204799||52UZPE01152001T08MT02EBS001H0215|52UZPE01152001T08MT02EBS001H0215F0215|2|2|2|2|52UZPE01152001T08MT02EBS001|900091143|CC|1085304072|GESTORCOMUNITARIO|52UZPE01152001T08MT02EBS001H0215F0215CF215|2025-07-15|5||1||3||1||1|2|11|5|2|2|20||2|13|0||1||1||1||1||2|2|3|1|1|1|1|2|2|2|2|2|2||2|2|1|2||6||1|2|2|1|1|1|2|2|1|52UZPE01152001T08MT02EBS001H021552UZPE01152001T08MT02EBS001H0215F0215
2|188|1|52|UZPE011|52001|T09|MT04|VILLA FLOR II|MNZ34CASA9|-77.256369|1.199783||52UZPE01152001T09MT04EBS001H0216|52UZPE01152001T09MT04EBS001H0216F0216|2|1|1|1|52UZPE01152001T09MT04EBS001|900091143|CC|37084285|AUXILIARDEENFERMERIA|52UZPE01152001T09MT04EBS001H0216F0216CF216|2025-07-15|5||1||3||1||1|2|11|5|2|2|20||2|13|0||1||1||1||1||7|1|1|1|1|1|1|2|2|2|2|2|2||2|2|2|1||6||2|2|2|1|1|1|2|2|1|52UZPE01152001T09MT04EBS001H021652UZPE01152001T09MT04EBS001H0216F0216
2|189|1|52|UZPE011|52001|T08|MT02|MERCEDARIO|4E21D21|-77.259221|1.204338||52UZPE01152001T08MT02EBS001H0217|52UZPE01152001T08MT02EBS001H0217F0217|2|2|2|2|52UZPE01152001T08MT02EBS001|900091143|CC|59651018|PSICOLOGIA|52UZPE01152001T08MT02EBS001H0217F0217CF217|2025-07-16|1||1||3||4||1|2|11|5|3|2|20||2|13|0||1||1||1||1||7|1|3|1|1|1|1|2|2|2|2|2|2||2|2|1|2||6||1|2|2|1|1|1|2|2|1|52UZPE01152001T08MT02EBS001H021752UZPE01152001T08MT02EBS001H0217F0217
2|190|1|52|UZPE011|52001|T08|MT02|MERCEDARIO|CR4EA21D42|-77.259303|1.204507||52UZPE01152001T08MT02EBS001H0218|52UZPE01152001T08MT02EBS001H0218F0218|2|1|1|3|52UZPE01152001T08MT02EBS001|900091143|CC|1085304072|GESTORCOMUNITARIO|52UZPE01152001T08MT02EBS001H0218F0218CF218|2025-07-15|1||1||3||1||3|2|11|5|3|2|20||2|13|0||1||1||1||1||2|3|3|1|1|1|1|2|2|2|2|2|2||2|2|1|1||6||1|2|2|1|1|1|2|2|1|52UZPE01152001T08MT02EBS001H021852UZPE01152001T08MT02EBS001H0218F0218
2|191|1|52|UZPE011|52001|T09|MT04|VILLA FLOR II|MNZ34CASA33|-77.255769|1.199649||52UZPE01152001T09MT04EBS001H0219|52UZPE01152001T09MT04EBS001H0219F0219|2|1|1|1|52UZPE01152001T09MT04EBS001|900091143|CC|37084285|AUXILIARDEENFERMERIA|52UZPE01152001T09MT04EBS001H0219F0219CF219|2025-07-15|1||1||3||1||1|2|11|5|3|2|20||2|13|0||1||1||1||1||7|1|1|1|1|1|1|2|2|2|2|2|2||2|2|1|1||6||1|2|2|1|1|1|2|2|1|52UZPE01152001T09MT04EBS001H021952UZPE01152001T09MT04EBS001H0219F0219
2|192|1|52|UZPE011|52001|T08|MT02|MERCEDARIO|CRA4E21D03|-77.259113|1.204338||52UZPE01152001T08MT02EBS001H0220|52UZPE01152001T08MT02EBS001H0220F0220|2|1|1|3|52UZPE01152001T08MT02EBS001|900091143|CC|59651018|PSICOLOGIA|52UZPE01152001T08MT02EBS001H0220F0220CF220|2025-07-16|4||1||3||1||3|2|11|5|3|2|20||2|13|0||1||1||1||1||2|3|3|1|1|1|1|2|2|2|2|2|2||2|2|2|2||6||2|2|2|1|1|1|2|2|1|52UZPE01152001T08MT02EBS001H022052UZPE01152001T08MT02EBS001H0220F0220
2|193|1|52|UZPE011|52001|T09|MT04|VILLA FLOR II|MNZ34CASA33|-77.255769|1.199649||52UZPE01152001T09MT04EBS001H0222|52UZPE01152001T09MT04EBS001H0222F0222|2|1|1|1|52UZPE01152001T09MT04EBS001|900091143|CC|37084285|AUXILIARDEENFERMERIA|52UZPE01152001T09MT04EBS001H0222F0222CF222|2025-07-15|4||1||3||1||1|2|11|5|2|2|20||2|13|0||1||1||1||1||7|1|1|1|1|1|2|2|2|2|2|2|2||2|2|2|1||6||2|2|2|1|1|1|2|2|1|52UZPE01152001T09MT04EBS001H022252UZPE01152001T09MT04EBS001H0222F0222
2|194|1|52|UZPE011|52001|T09|MT04|VILLA FLOR II|MNZ34CASA30|-77.257014|1.19941||52UZPE01152001T09MT04EBS001H0223|52UZPE01152001T09MT04EBS001H0223F0223|2|1|1|1|52UZPE01152001T09MT04EBS001|900091143|CC|37084285|AUXILIARDEENFERMERIA|52UZPE01152001T09MT04EBS001H0223F0223CF223|2025-07-15|4||1||3||1||1|2|11|5|3|2|20||2|13|0||1||1||1||1||7|1|1|1|1|1|1|2|2|2|2|2|2||2|2|2|1||6||2|2|2|1|1|1|2|2|1|52UZPE01152001T09MT04EBS001H022352UZPE01152001T09MT04EBS001H0223F0223
2|195|1|52|UZPE011|52001|T09|MT04|VILLA FLOR II|MANZANA40CASA3|-77.257106|1.199869||52UZPE01152001T09MT04EBS001H0224|52UZPE01152001T09MT04EBS001H0224F0224|3|1|1|1|52UZPE01152001T09MT04EBS001|900091143|CC|1085300095|AUXILIARDEENFERMERIA|52UZPE01152001T09MT04EBS001H0224F0224CF224|2025-07-16|4||1||3||1||1|2|11|5|3|2|20||2|13|0||1||1||1||1||7|1|1|2|1|1|2|2|2|2|2|2|2||2|2|2|1||6||2|2|2|1|1|1|2|2|1|52UZPE01152001T09MT04EBS001H022452UZPE01152001T09MT04EBS001H0224F0224
2|196|1|52|UZPE011|52001|T08|MT02|MERCEDARIO|CRA2ENO21D36|-77.2596|1.204311||52UZPE01152001T08MT02EBS001H0225|52UZPE01152001T08MT02EBS001H0225F0225|2|3|3|1|52UZPE01152001T08MT02EBS001|900091143|CC|1085255824|AUXDEENFERMERIA|52UZPE01152001T08MT02EBS001H0225F0225CF225|2025-07-14|5||1||3||1||1|2|11|5|3|2|20||2|13|0||1||2||1||1||7|1|3|1|1|1|1|2|2|2|2|2|2||2|2|1|1||6||1|2|2|1|2|1|2|2|1|52UZPE01152001T08MT02EBS001H022552UZPE01152001T08MT02EBS001H0225F0225
2|197|1|52|UZPE011|52001|T09|MT04|VILLA FLOR II|MANZANA40CASA8|-77.257246|1.199662||52UZPE01152001T09MT04EBS001H0226|52UZPE01152001T09MT04EBS001H0226F0226|3|1|1|2|52UZPE01152001T09MT04EBS001|900091143|CC|1085300095|AUXILIARDEENFERMERIA|52UZPE01152001T09MT04EBS001H0226F0226CF226|2025-07-16|1||1||3||1||1|2|11|4|3|2|20||2|13|0||1||1||1||1||1|2|1|2|1|1|2|2|2|2|2|2|2||2|2|1|2||6||1|2|2|1|2|1|2|2|1|52UZPE01152001T09MT04EBS001H022652UZPE01152001T09MT04EBS001H0226F0226
2|198|1|52|UZPE011|52001|T09|MT04|VILLA FLOR II|MANZANA40CASA14|-77.257183|1.199454||52UZPE01152001T09MT04EBS001H0227|52UZPE01152001T09MT04EBS001H0227F0227|3|1|1|1|52UZPE01152001T09MT04EBS001|900091143|CC|1085300095|AUXILIARDEENFERMERIA|52UZPE01152001T09MT04EBS001H0227F0227CF227|2025-07-16|1||1||3||1||1|2|11|5|3|2|20||2|13|0||1||1||1||1||7|1|1|3|1|1|2|2|2|2|2|2|2||2|2|1|1||6||1|2|2|1|1|1|2|2|1|52UZPE01152001T09MT04EBS001H022752UZPE01152001T09MT04EBS001H0227F0227
2|199|1|52|UZPE011|52001|T09|MT04|VILLA FLOR II|MANZANA40CASA21APTO1|-77.257484|1.199728||52UZPE01152001T09MT04EBS001H0228|52UZPE01152001T09MT04EBS001H0228F0228|2|1|1|2|52UZPE01152001T09MT04EBS001|900091143|CC|1085300095|AUXILIARDEENFERMERIA|52UZPE01152001T09MT04EBS001H0228F0228CF228|2025-07-16|4||1||3||1||2|2|11|5|3|2|20||2|13|0||1||1||1||1||2|2|1|1|1|1|1|2|2|2|2|2|2||2|2|1|1||6||1|2|2|1|1|1|2|2|1|52UZPE01152001T09MT04EBS001H022852UZPE01152001T09MT04EBS001H0228F0228
2|200|1|52|UZPE011|52001|T09|MT04|VILLA FLOR II|MANZANA40CASA21APTO2|-77.257484|1.199728||52UZPE01152001T09MT04EBS001H0229|52UZPE01152001T09MT04EBS001H0229F0229|2|1|1|1|52UZPE01152001T09MT04EBS001|900091143|CC|1085300095|AUXILIARDEENFERMERIA|52UZPE01152001T09MT04EBS001H0229F0229CF229|2025-07-16|4||1||3||1||1|2|11|5|3|2|20||2|13|0||1||1||1||1||7|1|1|1|1|1|2|2|2|2|2|2|2||2|2|2|1||6||2|2|2|1|2|1|2|2|1|52UZPE01152001T09MT04EBS001H022952UZPE01152001T09MT04EBS001H0229F0229
2|201|1|52|UZPE011|52001|T08|MT02|MERCEDARIO|4E21D03|-77.259113|1.204338||52UZPE01152001T08MT02EBS001H0230|52UZPE01152001T08MT02EBS001H0230F0230|2|1|1|1|52UZPE01152001T08MT02EBS001|900091143|CC|59651018|PSICOLOGIA|52UZPE01152001T08MT02EBS001H0230F0230CF230|2025-07-16|4||1||3||4||1|2|11|5|3|2|20||2|13|0||1||1||1||1||7|1|3|1|1|1|2|2|2|2|2|2|2||2|2|1|1||6||1|2|2|1|1|1|2|2|1|52UZPE01152001T08MT02EBS001H023052UZPE01152001T08MT02EBS001H0230F0230
2|202|1|52|UZPE011|52001|T09|MT04|VILLA FLOR II|MANZANA41CASA30APTO1|-77.257824|1.199853||52UZPE01152001T09MT04EBS001H0231|52UZPE01152001T09MT04EBS001H0231F0231|2|1|1|3|52UZPE01152001T09MT04EBS001|900091143|CC|1085300095|AUXILIARDEENFERMERIA|52UZPE01152001T09MT04EBS001H0231F0231CF231|2025-07-16|4||1||3||1||1|2|11|5|3|2|20||2|13|0||1||1||1||1||1|3|1|1|1|1|1|2|2|2|2|2|2||2|2|1|2||6||1|2|2|1|1|1|2|2|1|52UZPE01152001T09MT04EBS001H023152UZPE01152001T09MT04EBS001H0231F0231
2|203|1|52|UZPE011|52001|T09|MT04|VILLA FLOR II|MNZ41CASA34|-77.258031|1.200307||52UZPE01152001T09MT04EBS001H0232|52UZPE01152001T09MT04EBS001H0232F0232|2|1|1|1|52UZPE01152001T09MT04EBS001|900091143|CC|37084285|AUXILIARDEENFERMERIA|52UZPE01152001T09MT04EBS001H0232F0232CF232|2025-07-16|4||1||3||1||1|2|11|5|2|2|20||2|13|0||1||1||1||1||7|1|1|1|1|1|2|2|2|2|2|2|2||2|2|1|1||6||1|2|2|1|1|1|2|2|1|52UZPE01152001T09MT04EBS001H023252UZPE01152001T09MT04EBS001H0232F0232
2|204|1|52|UZPE011|52001|T09|MT04|VILLA FLOR II|MANZANA41CASA30APTO2|-77.257712|1.199977||52UZPE01152001T09MT04EBS001H0233|52UZPE01152001T09MT04EBS001H0233F0233|2|1|1|1|52UZPE01152001T09MT04EBS001|900091143|CC|1085300095|AUXILIARDEENFERMERIA|52UZPE01152001T09MT04EBS001H0233F0233CF233|2025-07-16|4||1||3||1||1|2|11|5|3|2|20||2|13|0||1||1||1||1||7|1|1|3|1|1|2|2|2|2|2|2|2||2|2|1|1||6||1|2|2|1|1|1|2|2|1|52UZPE01152001T09MT04EBS001H023352UZPE01152001T09MT04EBS001H0233F0233
2|205|1|52|UZPE011|52001|T09|MT04|VILLA FLOR II|MNZ34CASA23|-77.256773|1.200241||52UZPE01152001T09MT04EBS001H0234|52UZPE01152001T09MT04EBS001H0234F0234|2|1|1|2|52UZPE01152001T09MT04EBS001|900091143|CC|37084285|AUXILIARDEENFERMERIA|52UZPE01152001T09MT04EBS001H0234F0234CF234|2025-07-16|4||1||3||1||1|2|11|5|3|2|20||2|13|0||1||1||1||1||1|2|1|4|1|1|1|2|2|2|2|2|2||2|2|1|1||6||1|2|2|1|1|1|2|2|1|52UZPE01152001T09MT04EBS001H023452UZPE01152001T09MT04EBS001H0234F0234
2|206|1|52|UZPE011|52001|T09|MT04|VILLA FLOR II|MANZANA41CASA20|-77.257748|1.199504||52UZPE01152001T09MT04EBS001H0235|52UZPE01152001T09MT04EBS001H0235F0235|2|1|1|2|52UZPE01152001T09MT04EBS001|900091143|CC|1085300095|AUXILIARDEENFERMERIA|52UZPE01152001T09MT04EBS001H0235F0235CF235|2025-07-16|1||1||3||1||1|2|11|5|3|2|20||2|13|0||1||1||1||1||1|2|1|1|1|1|1|2|2|2|2|2|2||2|2|1|2||6||1|2|2|1|1|1|2|2|1|52UZPE01152001T09MT04EBS001H023552UZPE01152001T09MT04EBS001H0235F0235
2|207|1|52|UZPE011|52001|T08|MT02|MERCEDARIO|CRA5E21D15|-77.258514|1.20419||52UZPE01152001T08MT02EBS001H0236|52UZPE01152001T08MT02EBS001H0236F0236|2|2|2|3|52UZPE01152001T08MT02EBS001|900091143|CC|59651018|PSICOLOGIA|52UZPE01152001T08MT02EBS001H0236F0236CF236|2025-07-17|1||1||3||4||1|2|11|5|3|2|20||1|13|0||1||1||1||1||4|2|3|1|1|1|1|2|2|2|2|2|2||2|2|1|2||6||1|2|2|1|2|1|2|2|1|52UZPE01152001T08MT02EBS001H023652UZPE01152001T08MT02EBS001H0236F0236
2|208|1|52|UZPE011|52001|T09|MT04|VILLA FLOR II|MZ34CASA23|-77.256773|1.200244||52UZPE01152001T09MT04EBS001H0237|52UZPE01152001T09MT04EBS001H0237F0237|2|1|1|1|52UZPE01152001T09MT04EBS001|900091143|CC|37084285|AUXILIARDEENFERMERIA|52UZPE01152001T09MT04EBS001H0237F0237CF237|2025-07-16|5||1||3||1||1|2|11|5|3|2|20||2|13|0||1||1||1||1||7|1|1|1|1|1|1|2|2|2|2|2|2||2|2|1|1||6||1|2|2|1|1|1|2|2|1|52UZPE01152001T09MT04EBS001H023752UZPE01152001T09MT04EBS001H0237F0237
2|209|1|52|UZPE011|52001|T08|MT02|MERCEDARIO|5E21D15|-77.258514|1.20419||52UZPE01152001T08MT02EBS001H0238|52UZPE01152001T08MT02EBS001H0238F0238|2|2|2|3|52UZPE01152001T08MT02EBS001|900091143|CC|59651018|PSICOLOGIA|52UZPE01152001T08MT02EBS001H0238F0238CF238|2025-07-17|1||1||3||4||1|2|11|5|3|2|20||1|13|0||1||1||1||1||7|1|3|1|1|1|2|2|2|2|2|2|2||2|2|1|1||6||1|2|2|1|1|1|2|2|1|52UZPE01152001T08MT02EBS001H023852UZPE01152001T08MT02EBS001H0238F0238
2|210|1|52|UZPE011|52001|T09|MT04|VILLA FLOR II|MNZ40CASA6|-77.267557|1.10601||52UZPE01152001T09MT04EBS001H0239|52UZPE01152001T09MT04EBS001H0239F0239|2|1|1|1|52UZPE01152001T09MT04EBS001|900091143|CC|37084285|AUXILIARDEENFERMERIA|52UZPE01152001T09MT04EBS001H0239F0239CF239|2025-07-16|1||1||3||1||1|2|11|5|3|2|20||2|13|0||1||1||1||1||7|1|1|1|1|1|1|2|2|2|2|2|2||2|2|1|1||6||1|2|2|1|1|1|2|2|1|52UZPE01152001T09MT04EBS001H023952UZPE01152001T09MT04EBS001H0239F0239
2|211|1|52|UZPE011|52001|T08|MT02|MERCEDARIO|CRA5E21D46|-77.258525|1.204711||52UZPE01152001T08MT02EBS001H0240|52UZPE01152001T08MT02EBS001H0240F0240|2|1|1|2|52UZPE01152001T08MT02EBS001|900091143|CC|59651018|PSICOLOGIA|52UZPE01152001T08MT02EBS001H0240F0240CF240|2025-07-17|1||1||3||4||1|2|11|5|3|2|20||1|13|0||1||1||1||1||4|2|3|1|1|1|1|2|2|2|2|2|2||2|2|1|2||6||1|2|2|1|1|1|2|2|1|52UZPE01152001T08MT02EBS001H024052UZPE01152001T08MT02EBS001H0240F0240
2|212|1|52|UZPE011|52001|T09|MT04|VILLA FLOR II|MNZ40CASA17|-77.25753|1.19657||52UZPE01152001T09MT04EBS001H0241|52UZPE01152001T09MT04EBS001H0241F0241|2|1|1|1|52UZPE01152001T09MT04EBS001|900091143|CC|37084285|AUXILIARDEENFERMERIA|52UZPE01152001T09MT04EBS001H0241F0241CF241|2025-07-16|4||1||3||1||1|2|11|5|2|2|20||2|13|0||1||1||1||1||7|1|1|1|1|1|1|2|2|2|2|2|2||2|2|1|2||6||1|2|2|1|1|1|2|2|1|52UZPE01152001T09MT04EBS001H024152UZPE01152001T09MT04EBS001H0241F0241
2|213|1|52|UZPE011|52001|T08|MT02|MERCEDARIO|CR5E21D21|-77.258567|1.204534||52UZPE01152001T08MT02EBS001H0243|52UZPE01152001T08MT02EBS001H0243F0243|2|1|1|2|52UZPE01152001T08MT02EBS001|900091143|CC|1085304072|GESTORCOMUNITARIO|52UZPE01152001T08MT02EBS001H0243F0243CF243|2025-07-16|1||1||3||1||2|2|11|5|3|2|20||2|13|0||1||1||1||1||2|2|3|1|1|1|1|2|2|2|2|2|2||2|2|2|2||6||2|2|2|1|1|1|2|2|1|52UZPE01152001T08MT02EBS001H024352UZPE01152001T08MT02EBS001H0243F0243
2|214|1|52|UZPE011|52001|T08|MT02|MERCEDARIO|CR5E21D34|-77.258467|1.204715||52UZPE01152001T08MT02EBS001H0246|52UZPE01152001T08MT02EBS001H0246F0246|2|2|2|3|52UZPE01152001T08MT02EBS001|900091143|CC|1085304072|GESTORCOMUNITARIO|52UZPE01152001T08MT02EBS001H0246F0246CF246|2025-07-16|4||1||3||1||2|2|11|5|3|2|20||2|13|0||1||1||1||1||1|3|3|1|1|1|1|2|2|2|2|2|2||2|2|1|2||6||1|2|2|1|1|1|2|2|1|52UZPE01152001T08MT02EBS001H024652UZPE01152001T08MT02EBS001H0246F0246
2|215|1|52|UZPE011|52001|T08|MT02|MERCEDARIO|CALLE21DCRA3E18|-77.259471|1.204813||52UZPE01152001T08MT02EBS001H0250|52UZPE01152001T08MT02EBS001H0250F0250|2|1|1|2|52UZPE01152001T08MT02EBS001|900091143|CC|1085255824|AUXDEENFERMERIA|52UZPE01152001T08MT02EBS001H0250F0250CF250|2025-07-15|4||1||3||1||1|2|11|5|2|2|20||1|13|0||1||1||1||1||1|4|3|1|1|1|1|2|2|2|2|2|2||2|2|1|2||6||1|2|2|1|1|1|2|2|1|52UZPE01152001T08MT02EBS001H025052UZPE01152001T08MT02EBS001H0250F0250
2|216|1|52|UZPE011|52001|T08|MT02|MERCEDARIO|CALLE2ENO3ESTE15|-77.259846|1.204439||52UZPE01152001T08MT02EBS001H0252|52UZPE01152001T08MT02EBS001H0252F0252|2|3|3|2|52UZPE01152001T08MT02EBS001|900091143|CC|1085255824|AUXDEENFERMERIA|52UZPE01152001T08MT02EBS001H0252F0252CF252|2025-07-16|4||1||3||1||1|2|11|5|3|2|20||2|13|0||1||1||1||1||1|2|3|1|1|1|1|2|2|2|2|2|2||2|2|1|1||6||1|2|2|1|2|1|2|2|1|52UZPE01152001T08MT02EBS001H025252UZPE01152001T08MT02EBS001H0252F0252
2|217|1|52|UZPE011|52001|T08|MT02|MERCEDARIO|CRA2E22D36|-77.259996|1.202043||52UZPE01152001T08MT02EBS001H0253|52UZPE01152001T08MT02EBS001H0253F0253|2|3|3|3|52UZPE01152001T08MT02EBS001|900091143|CC|1085255824|AUXDEENFERMERIA|52UZPE01152001T08MT02EBS001H0253F0253CF253|2025-07-15|4||1||3||8||3|2|11|5|3|2|20||2|13|0||1||1||1||1||2|3|3|1|1|1|1|2|2|2|2|2|2||2|2|1|2||6||1|2|2|1|1|1|2|2|1|52UZPE01152001T08MT02EBS001H025352UZPE01152001T08MT02EBS001H0253F0253
2|218|1|52|UZPE011|52001|T09|MT04|VILLA FLOR II|MANZANA43CASA3|-77.258135|1.200087||52UZPE01152001T09MT04EBS001H0254|52UZPE01152001T09MT04EBS001H0254F0254|1|1|1|1|52UZPE01152001T09MT04EBS001|900091143|CC|1085300095|AUXILIARDEENFERMERIA|52UZPE01152001T09MT04EBS001H0254F0254CF254|2025-07-17|1||1||3||1||1|2|11|5|3|2|20||2|13|0||1||1||1||1||7|1|1|4|1|1|2|2|2|2|2|2|2||2|2|2|2||6||2|2|2|1|2|1|2|2|1|52UZPE01152001T09MT04EBS001H025452UZPE01152001T09MT04EBS001H0254F0254
2|219|1|52|UZPE011|52001|T09|MT04|VILLA FLOR II|MANZANA42CASA24|-77.257991|1.199887||52UZPE01152001T09MT04EBS001H0255|52UZPE01152001T09MT04EBS001H0255F0255|2|1|1|2|52UZPE01152001T09MT04EBS001|900091143|CC|1085300095|AUXILIARDEENFERMERIA|52UZPE01152001T09MT04EBS001H0255F0255CF255|2025-07-17|1||1||3||1||1|2|11|5|3|2|20||2|13|0||1||1||1||1||1|2|1|1|1|1|1|2|2|2|2|2|2||2|2|1|1||6||1|2|2|1|1|1|2|2|1|52UZPE01152001T09MT04EBS001H025552UZPE01152001T09MT04EBS001H0255F0255
2|220|1|52|UZPE011|52001|T09|MT04|VILLA FLOR II|MANZANA43CASA10|-77.25805|1.199573||52UZPE01152001T09MT04EBS001H0256|52UZPE01152001T09MT04EBS001H0256F0256|2|1|1|1|52UZPE01152001T09MT04EBS001|900091143|CC|1085300095|AUXILIARDEENFERMERIA|52UZPE01152001T09MT04EBS001H0256F0256CF256|2025-07-17|4||1||3||1||1|2|11|4|2|2|20||2|13|0||1||1||1||1||7|1|1|1|1|1|1|2|2|2|2|2|2||2|2|1|2||6||1|2|2|1|2|1|2|2|1|52UZPE01152001T09MT04EBS001H025652UZPE01152001T09MT04EBS001H0256F0256
2|221|1|52|UZPE011|52001|T08|MT02|MERCEDARIO|CRA1E21D51|-77.602933|1.204646||52UZPE01152001T08MT02EBS001H0270|52UZPE01152001T08MT02EBS001H0270F0270|2|3|3|2|52UZPE01152001T08MT02EBS001|900091143|CC|1085255824|AUXDEENFERMERIA|52UZPE01152001T08MT02EBS001H0270F0270CF270|2025-07-13|1||1||3||1||4|2|11|5|3|2|20||2|13|0||1||1||1||1||1|2|3|1|1|1|1|2|2|2|2|2|2||2|2|1|1||6||1|2|2|1|2|1|2|2|1|52UZPE01152001T08MT02EBS001H027052UZPE01152001T08MT02EBS001H0270F0270
2|222|1|52|UZPE011|52001|T08|MT02|MERCEDARIO|KRA1ENO21D51|-77.602933|1.204646||52UZPE01152001T08MT02EBS001H0271|52UZPE01152001T08MT02EBS001H0271F0271|2|3|3|2|52UZPE01152001T08MT02EBS001|900091143|CC|1085255824|AUXDEENFERMERIA|52UZPE01152001T08MT02EBS001H0271F0271CF271|2025-07-13|5||1||3||1||1|2|11|5|3|2|20||2|13|0||1||1||1||1||2|2|3|1|1|1|1|2|2|2|2|2|2||2|2|1|2||6||1|2|2|1|2|1|2|2|1|52UZPE01152001T08MT02EBS001H027152UZPE01152001T08MT02EBS001H0271F0271
2|223|1|52|UZPE011|52001|T08|MT02|MERCEDARIO|CLL21E3E53|-77.259102|1.204632||52UZPE01152001T08MT02EBS001H0273|52UZPE01152001T08MT02EBS001H0273F0273|2|1|1|2|52UZPE01152001T08MT02EBS001|900091143|CC|1085255824|AUXDEENFERMERIA|52UZPE01152001T08MT02EBS001H0273F0273CF273|2025-07-16|1||1||3||1||2|2|11|5|3|2|20||2|13|0||1||1||1||1||1|2|3|1|1|1|1|2|2|2|2|2|2||2|2|1|2||6||1|2|2|1|2|1|2|2|1|52UZPE01152001T08MT02EBS001H027352UZPE01152001T08MT02EBS001H0273F0273
2|224|1|52|UZPE011|52001|T08|MT02|MERCEDARIO|CLL223E71|-77.258812|1.204441||52UZPE01152001T08MT02EBS001H0274|52UZPE01152001T08MT02EBS001H0274F0274|2|1|1|2|52UZPE01152001T08MT02EBS001|900091143|CC|1085255824|AUXDEENFERMERIA|52UZPE01152001T08MT02EBS001H0274F0274CF274|2025-07-16|1||1||3||1||2|2|11|5|2|2|20||2|12|2||1||1||1||1||7|2|3|1|1|1|1|2|2|2|2|2|2||2|2|1|2||6||1|2|2|1|2|1|2|2|1|52UZPE01152001T08MT02EBS001H027452UZPE01152001T08MT02EBS001H0274F0274
2|225|1|52|UZPE011|52001|T08|MT02|MERCEDARIO|CRA3ENO21D54|-77.259911|1.204367||52UZPE01152001T08MT02EBS001H0275|52UZPE01152001T08MT02EBS001H0275F0275|2|1|1|2|52UZPE01152001T08MT02EBS001|900091143|CC|1085255824|AUXDEENFERMERIA|52UZPE01152001T08MT02EBS001H0275F0275CF275|2025-07-16|1||1||3||1||2|2|11|5|3|2|20||2|13|0||1||1||1||1||1|2|3|1|1|1|1|2|2|2|2|2|2||2|2|1|2||6||1|2|2|1|2|1|2|2|1|52UZPE01152001T08MT02EBS001H027552UZPE01152001T08MT02EBS001H0275F0275
2|226|1|52|UZPE011|52001|T09|MT04|VILLA FLOR II|MANZANA43CASA12|-77.258064|1.199502||52UZPE01152001T09MT04EBS001H0278|52UZPE01152001T09MT04EBS001H0278F0278|2|1|1|1|52UZPE01152001T09MT04EBS001|900091143|CC|1085300095|AUXILIARDEENFERMERIA|52UZPE01152001T09MT04EBS001H0278F0278CF278|2025-07-17|1||1||3||1||1|2|11|4|2|2|20||2|13|0||1||1||1||1||7|1|1|2|1|1|2|2|2|2|2|2|2||2|2|1|2||6||1|2|2|1|1|1|2|2|1|52UZPE01152001T09MT04EBS001H027852UZPE01152001T09MT04EBS001H0278F0278
2|227|1|52|UZPE011|52001|T09|MT04|VILLA FLOR II|MANZANA43CASA22|-77.58364|1.199628||52UZPE01152001T09MT04EBS001H0279|52UZPE01152001T09MT04EBS001H0279F0279|2|1|1|1|52UZPE01152001T09MT04EBS001|900091143|CC|1085300095|AUXILIARDEENFERMERIA|52UZPE01152001T09MT04EBS001H0279F0279CF279|2025-07-17|1||1||3||1||1|2|11|5|2|2|20||2|13|0||1||1||1||1||7|1|1|1|1|1|3|2|2|2|2|2|2||2|2|1|1||6||1|2|2|1|2|1|2|2|1|52UZPE01152001T09MT04EBS001H027952UZPE01152001T09MT04EBS001H0279F0279
2|228|1|52|UZPE011|52001|T08|MT02|MERCEDARIO|CRA4E21D15|-77.258992|1.204338||52UZPE01152001T08MT02EBS001H0280|52UZPE01152001T08MT02EBS001H0280F0280|2|2|2|4|52UZPE01152001T08MT02EBS001|900091143|CC|1085321578|TERAPEUTAOCUPACIONAL|52UZPE01152001T08MT02EBS001H0280F0280CF280|2025-07-17|4||1||3||1||3|2|11|5|3|2|20||2|13|0||1||1||1||1||1|1|3|1|1|1|1|2|2|2|2|2|2||2|2|1|1||6||1|2|2|1|2|1|2|2|1|52UZPE01152001T08MT02EBS001H028052UZPE01152001T08MT02EBS001H0280F0280
2|229|1|52|UZPE011|52001|T08|MT02|MERCEDARIO|CRA4E21D33|-77.259008|1.204335||52UZPE01152001T08MT02EBS001H0281|52UZPE01152001T08MT02EBS001H0281F0281|2|1|1|2|52UZPE01152001T08MT02EBS001|900091143|CC|1085321578|TERAPEUTAOCUPACIONAL|52UZPE01152001T08MT02EBS001H0281F0281CF281|2025-07-20|1||1||3||1||1|2|11|5|3|2|20||2|13|0||1||1||1||1||2|1|3|1|1|1|1|2|2|2|2|2|2||2|2|1|2||6||1|2|2|1|2|1|2|2|1|52UZPE01152001T08MT02EBS001H028152UZPE01152001T08MT02EBS001H0281F0281
2|230|1|52|UZPE011|52001|T08|MT02|MERCEDARIO|CRA4E21D09|-77.258995|1.20438||52UZPE01152001T08MT02EBS001H0282|52UZPE01152001T08MT02EBS001H0282F0282|2|2|2|2|52UZPE01152001T08MT02EBS001|900091143|CC|1085321578|TERAPEUTAOCUPACIONAL|52UZPE01152001T08MT02EBS001H0282F0282CF282|2025-07-20|4||2||3||1||1|2|11|5|3|2|20||1|13|0||1||1||1||1||1|2|3|1|1|1|1|2|2|2|2|2|2||2|2|1|1||6||1|2|2|1|2|1|2|2|1|52UZPE01152001T08MT02EBS001H028252UZPE01152001T08MT02EBS001H0282F0282
2|231|1|52|UZPE011|52001|T08|MT02|MERCEDARIO|CRA4E21D09|-77.258995|1.20438||52UZPE01152001T08MT02EBS001H0283|52UZPE01152001T08MT02EBS001H0283F0283|2|2|2|2|52UZPE01152001T08MT02EBS001|900091143|CC|1085321578|TERAPEUTAOCUPACIONAL|52UZPE01152001T08MT02EBS001H0283F0283CF283|2025-07-20|4||2||3||1||1|2|11|5|3|2|20||1|13|0||1||1||1||1||2|2|3|1|1|1|1|2|2|2|2|2|2||2|2|1|1||6||1|2|2|1|2|1|2|2|1|52UZPE01152001T08MT02EBS001H028352UZPE01152001T08MT02EBS001H0283F0283
2|232|1|52|UZPE011|52001|T09|MT04|VILLA FLOR II|CRA72079|-77.258259|1.200066||52UZPE01152001T09MT04EBS001H0284|52UZPE01152001T09MT04EBS001H0284F0284|2|1|1|3|52UZPE01152001T09MT04EBS001|900091143|CC|1085300095|AUXILIARDEENFERMERIA|52UZPE01152001T09MT04EBS001H0284F0284CF284|2025-07-20|1||1||3||1||2|2|11|5|3|2|20||2|13|0||1||1||1||1||1|3|1|1|1|1|1|2|2|2|2|2|2||2|2|2|2||6||2|2|2|1|2|1|2|2|1|52UZPE01152001T09MT04EBS001H028452UZPE01152001T09MT04EBS001H0284F0284
2|233|1|52|UZPE011|52001|T08|MT02|MERCEDARIO|CR6E21D09|-77.258238|1.204451||52UZPE01152001T08MT02EBS001H0285|52UZPE01152001T08MT02EBS001H0285F0285|2|1|1|1|52UZPE01152001T08MT02EBS001|900091143|CC|1085304072|GESTORCOMUNITARIO|52UZPE01152001T08MT02EBS001H0285F0285CF285|2025-07-17|1||1||3||1||1|2|11|5|3|2|20||2|13|0||1||1||1||1||7|1|3|1|1|1|1|2|2|2|2|2|2||2|2|2|2||6||2|2|2|1|1|1|2|2|1|52UZPE01152001T08MT02EBS001H028552UZPE01152001T08MT02EBS001H0285F0285
2|234|1|52|UZPE011|52001|T08|MT02|MERCEDARIO|CR4E21D42|-77.258878|1.204683||52UZPE01152001T08MT02EBS001H0286|52UZPE01152001T08MT02EBS001H0286F0286|2|1|1|3|52UZPE01152001T08MT02EBS001|900091143|CC|1085304072|GESTORCOMUNITARIO|52UZPE01152001T08MT02EBS001H0286F0286CF286|2025-07-17|1||1||3||1||3|2|11|5|3|2|20||2|13|0||1||1||1||1||1|3|3|1|1|1|1|2|2|2|2|2|2||2|2|2|2||6||2|2|2|1|1|1|2|2|1|52UZPE01152001T08MT02EBS001H028652UZPE01152001T08MT02EBS001H0286F0286
2|235|1|52|UZPE011|52001|T08|MT02|MERCEDARIO|CR4E21C51|-77.25926|1.204126||52UZPE01152001T08MT02EBS001H0287|52UZPE01152001T08MT02EBS001H0287F0287|2|1|1|1|52UZPE01152001T08MT02EBS001|900091143|CC|1085304072|GESTORCOMUNITARIO|52UZPE01152001T08MT02EBS001H0287F0287CF287|2025-07-17|1||1||3||1||1|2|11|5|2|2|20||2|13|0||1||1||1||1||7|1|3|1|1|1|1|2|2|2|2|2|2||2|2|1|2||6||1|2|2|1|1|1|2|2|1|52UZPE01152001T08MT02EBS001H028752UZPE01152001T08MT02EBS001H0287F0287
2|236|1|52|UZPE011|52001|T08|MT02|MERCEDARIO|CR4E21C76|-77.259162|1.204113||52UZPE01152001T08MT02EBS001H0288|52UZPE01152001T08MT02EBS001H0288F0288|2|1|1|1|52UZPE01152001T08MT02EBS001|900091143|CC|1085304072|GESTORCOMUNITARIO|52UZPE01152001T08MT02EBS001H0288F0288CF288|2025-07-17|4||1||3||1||1|2|11|5|3|2|20||2|13|0||1||1||1||1||7|1|3|1|1|1|1|2|2|2|2|2|2||2|2|1|2||6||1|2|2|1|1|1|2|2|1|52UZPE01152001T08MT02EBS001H028852UZPE01152001T08MT02EBS001H0288F0288
2|237|1|52|UZPE011|52001|T08|MT02|MERCEDARIO|CRA5E21D40|-77.258775|1.204683||52UZPE01152001T08MT02EBS001H0289|52UZPE01152001T08MT02EBS001H0289F0289|2|2|2|3|52UZPE01152001T08MT02EBS001|900091143|CC|59651018|PSICOLOGIA|52UZPE01152001T08MT02EBS001H0289F0289CF289|2025-07-20|1||1||3||4||1|2|11|5|3|2|20||2|13|0||1||1||1||1||1|2|3|1|1|1|1|2|2|2|2|2|2||2|2|1|2||6||1|2|2|1|2|1|2|2|1|52UZPE01152001T08MT02EBS001H028952UZPE01152001T08MT02EBS001H0289F0289
2|238|1|52|UZPE011|52001|T08|MT02|MERCEDARIO|5E21D40|-77.258775|1.204683||52UZPE01152001T08MT02EBS001H0292|52UZPE01152001T08MT02EBS001H0292F0292|2|2|2|3|52UZPE01152001T08MT02EBS001|900091143|CC|59651018|PSICOLOGIA|52UZPE01152001T08MT02EBS001H0292F0292CF292|2025-07-20|1||1||3||4||1|2|11|5|3|2|20||2|13|0||1||1||1||1||7|1|3|1|1|1|1|2|2|2|2|2|2||2|2|1|2||6||1|2|2|1|2|1|2|2|1|52UZPE01152001T08MT02EBS001H029252UZPE01152001T08MT02EBS001H0292F0292
2|239|1|52|UZPE011|52001|T08|MT02|MERCEDARIO|CRA4E21D09|-77.259454|1.204484||52UZPE01152001T08MT02EBS001H0293|52UZPE01152001T08MT02EBS001H0293F0293|2|2|2|3|52UZPE01152001T08MT02EBS001|900091143|CC|59651018|PSICOLOGIA|52UZPE01152001T08MT02EBS001H0293F0293CF293|2025-07-20|4||1||3||1||1|2|11|5|3|2|20||2|13|0||1||1||1||1||7|1|3|1|1|1|1|2|2|2|2|2|2||2|2|2|2||6||2|2|2|1|2|1|2|2|1|52UZPE01152001T08MT02EBS001H029352UZPE01152001T08MT02EBS001H0293F0293
2|240|1|52|UZPE011|52001|T08|MT02|MERCEDARIO|CRA6E21C81|-77.258255|1.204129||52UZPE01152001T08MT02EBS001H0296|52UZPE01152001T08MT02EBS001H0296F0296|2|1|1|3|52UZPE01152001T08MT02EBS001|900091143|CC|1085255824|AUXDEENFERMERIA|52UZPE01152001T08MT02EBS001H0296F0296CF296|2025-07-20|1||1||3||1||3|1|11|5|3|2|20||1|13|0||1||1||1||1||2|3|2|3|1|1|3|2|2|2|2|2|2||2|2|1|2||6||1|2|2|1|2|1|2|2|1|52UZPE01152001T08MT02EBS001H029652UZPE01152001T08MT02EBS001H0296F0296
2|241|1|52|UZPE011|52001|T08|MT02|MERCEDARIO|CRA5ENO21C90|-77.258125|1.204593||52UZPE01152001T08MT02EBS001H0297|52UZPE01152001T08MT02EBS001H0297F0297|2|1|1|2|52UZPE01152001T08MT02EBS001|900091143|CC|1085255824|AUXDEENFERMERIA|52UZPE01152001T08MT02EBS001H0297F0297CF297|2025-07-20|1||1||3||1||2|2|11|5|3|2|20||2|13|0||1||1||1||1||2|2|3|1|1|1|1|2|2|2|2|2|2||2|2|1|1||6||1|2|2|1|2|1|2|2|1|52UZPE01152001T08MT02EBS001H029752UZPE01152001T08MT02EBS001H0297F0297
2|242|1|52|UZPE011|52001|T08|MT02|MERCEDARIO|KRA5E21C42|-77.258287|1.203766||52UZPE01152001T08MT02EBS001H0298|52UZPE01152001T08MT02EBS001H0298F0298|2|1|1|1|52UZPE01152001T08MT02EBS001|900091143|CC|1085255824|AUXDEENFERMERIA|52UZPE01152001T08MT02EBS001H0298F0298CF298|2025-07-20|1||1||3||4||1|2|11|5|3|2|20||2|13|0||1||1||1||1||7|1|3|1|1|1|2|2|2|2|2|2|2||2|2|1|1||6||1|2|2|1|2|1|2|2|1|52UZPE01152001T08MT02EBS001H029852UZPE01152001T08MT02EBS001H0298F0298
2|243|1|52|UZPE011|52001|T08|MT02|MERCEDARIO|KRA5E21C30|-77.258123|1.204188||52UZPE01152001T08MT02EBS001H0299|52UZPE01152001T08MT02EBS001H0299F0299|2|3|3|3|52UZPE01152001T08MT02EBS001|900091143|CC|1085255824|AUXDEENFERMERIA|52UZPE01152001T08MT02EBS001H0299F0299CF299|2025-07-20|4||1||3||1||3|2|11|5|3|2|20||2|13|0||1||1||1||1||7|1|3|1|1|1|1|2|2|2|2|2|2||2|2|1|2||6||1|2|2|1|2|1|2|2|1|52UZPE01152001T08MT02EBS001H029952UZPE01152001T08MT02EBS001H0299F0299
2|244|1|52|UZPE011|52001|T08|MT02|MERCEDARIO|CRA5ENO21C30|-77.258123|1.204188||52UZPE01152001T08MT02EBS001H0300|52UZPE01152001T08MT02EBS001H0300F0300|2|2|2|3|52UZPE01152001T08MT02EBS001|900091143|CC|1085255824|AUXDEENFERMERIA|52UZPE01152001T08MT02EBS001H0300F0300CF300|2025-07-20|5||1||3||1||1|2|11|5|3|2|20||2|13|0||1||1||1||1||7|1|3|1|1|1|1|2|2|2|2|2|2||2|2|1|2||6||1|2|2|1|1|1|2|2|1|52UZPE01152001T08MT02EBS001H030052UZPE01152001T08MT02EBS001H0300F0300
2|245|1|52|UZPE011|52001|T08|MT02|MERCEDARIO|CR5E21C30|-77.258123|1.204188||52UZPE01152001T08MT02EBS001H0301|52UZPE01152001T08MT02EBS001H0301F0301|2|3|3|1|52UZPE01152001T08MT02EBS001|900091143|CC|1085255824|AUXDEENFERMERIA|52UZPE01152001T08MT02EBS001H0301F0301CF301|2025-07-20|5||1||3||1||1|2|11|5|3|2|20||2|13|0||1||1||1||1||7|1|3|1|1|1|1|2|2|2|2|2|2||2|2|1|2||6||1|2|2|1|1|1|2|2|1|52UZPE01152001T08MT02EBS001H030152UZPE01152001T08MT02EBS001H0301F0301
2|246|1|52|UZPE011|52001|T09|MT04|VILLA FLOR II|MNZ43CASA4|-77.257848|1.199513||52UZPE01152001T09MT04EBS001H0302|52UZPE01152001T09MT04EBS001H0302F0302|2|1|1|2|52UZPE01152001T09MT04EBS001|900091143|CC|37084285|AUXILIARDEENFERMERIA|52UZPE01152001T09MT04EBS001H0302F0302CF302|2025-07-20|4||1||3||1||2|2|11|5|3|2|20||2|13|0||1||1||1||1||2|2|1|1|1|1|2|2|2|2|2|2|2||2|2|1|1||6||1|2|2|1|1|1|2|2|1|52UZPE01152001T09MT04EBS001H030252UZPE01152001T09MT04EBS001H0302F0302
2|247|1|52|UZPE011|52001|T09|MT04|VILLA FLOR II|MNZ43CASA6|-77.256715|1.199629||52UZPE01152001T09MT04EBS001H0305|52UZPE01152001T09MT04EBS001H0305F0305|2|1|1|1|52UZPE01152001T09MT04EBS001|900091143|CC|37084285|AUXILIARDEENFERMERIA|52UZPE01152001T09MT04EBS001H0305F0305CF305|2025-07-20|4||1||3||1||1|2|11|5|3|2|20||1|13|0||1||1||1||1||7|1|1|1|1|1|1|2|2|2|2|2|2||2|2|1|2||6||1|2|2|1|1|1|2|2|1|52UZPE01152001T09MT04EBS001H030552UZPE01152001T09MT04EBS001H0305F0305
2|248|1|52|UZPE011|52001|T09|MT04|VILLA FLOR II|MNZ43CASA18|-77.255587|1.199386||52UZPE01152001T09MT04EBS001H0306|52UZPE01152001T09MT04EBS001H0306F0306|2|1|1|1|52UZPE01152001T09MT04EBS001|900091143|CC|37084285|AUXILIARDEENFERMERIA|52UZPE01152001T09MT04EBS001H0306F0306CF306|2025-07-20|4||1||3||1||1|2|11|5|3|2|20||2|13|0||1||1||1||1||7|1|1|1|1|1|1|2|2|2|2|2|2||2|2|1|1||6||1|2|2|1|1|1|2|2|1|52UZPE01152001T09MT04EBS001H030652UZPE01152001T09MT04EBS001H0306F0306
2|249|1|52|UZPE011|52001|T09|MT04|VILLA FLOR II|MZ8CS30VILLAFLORII|-77.257631|1.201303||52UZPE01152001T09MT04EBS001H0307|52UZPE01152001T09MT04EBS001H0307F0307|2|1|1|3|52UZPE01152001T09MT04EBS001|900091143|CC|27087475|PSICOLOGIA|52UZPE01152001T09MT04EBS001H0307F0307CF307|2025-07-13|1||1||3||1||3|2|11|5|3|2|20||2|13|0||1||1||1||1||2|3|1|1|1|1|1|2|2|2|2|2|2||2|2|1|2||6||1|2|2|1|1|1|2|2|1|52UZPE01152001T09MT04EBS001H030752UZPE01152001T09MT04EBS001H0307F0307
2|250|1|52|UZPE011|52001|T09|MT04|VILLA FLOR II|MZ8CS32VILLAFLIRIIT33MT4|-77.257103|1.201124||52UZPE01152001T09MT04EBS001H0308|52UZPE01152001T09MT04EBS001H0308F0308|2|1|1|1|52UZPE01152001T09MT04EBS001|900091143|CC|27087475|PSICOLOGIA|52UZPE01152001T09MT04EBS001H0308F0308CF308|2025-07-14|1||1||3||1||1|2|11|5|3|2|20||2|13|0||1||1||1||1||7|1|1|1|1|1|1|2|2|2|2|2|2||2|2|1|2||6||1|2|2|1|1|1|2|2|1|52UZPE01152001T09MT04EBS001H030852UZPE01152001T09MT04EBS001H0308F0308
2|251|1|52|UZPE011|52001|T08|MT02|MERCEDARIO|CRA4E21D09|-77.2594|1.204484||52UZPE01152001T08MT02EBS001H0309|52UZPE01152001T08MT02EBS001H0309F0309|2|1|1|2|52UZPE01152001T08MT02EBS001|900091143|CC|59651018|PSICOLOGIA|52UZPE01152001T08MT02EBS001H0309F0309CF309|2025-07-21|4||1||3||1||2|2|11|5|3|2|20||2|13|0||1||1||1||1||2|2|3|1|1|1|1|2|2|2|2|2|2||2|2|2|1||6||2|2|2|1|1|1|2|2|1|52UZPE01152001T08MT02EBS001H030952UZPE01152001T08MT02EBS001H0309F0309
2|252|1|52|UZPE011|52001|T08|MT02|MERCEDARIO|CRA4E21C28|-77.259506|1.203296||52UZPE01152001T08MT02EBS001H0310|52UZPE01152001T08MT02EBS001H0310F0310|2|1|1|1|52UZPE01152001T08MT02EBS001|900091143|CC|59651018|PSICOLOGIA|52UZPE01152001T08MT02EBS001H0310F0310CF310|2025-07-21|4||1||3||1||2|2|11|5|3|2|20||2|13|0||1||1||1||1||1|2|3|1|1|1|1|2|2|2|2|2|2||2|2|1|2||6||1|2|2|1|2|1|2|2|1|52UZPE01152001T08MT02EBS001H031052UZPE01152001T08MT02EBS001H0310F0310
2|253|1|52|UZPE011|52001|T08|MT02|MERCEDARIO|CRA4E21C27|-77.259113|1.203783||52UZPE01152001T08MT02EBS001H0311|52UZPE01152001T08MT02EBS001H0311F0311|2|1|1|4|52UZPE01152001T08MT02EBS001|900091143|CC|1085321578|TERAPEUTAOCUPACIONAL|52UZPE01152001T08MT02EBS001H0311F0311CF311|2025-07-21|1||1||3||1||1|2|11|5|3|2|20||2|13|0||1||1||1||1||1|4|3|1|1|1|1|2|2|2|2|2|2||2|2|1|1||6||1|2|2|1|2|1|2|2|1|52UZPE01152001T08MT02EBS001H031152UZPE01152001T08MT02EBS001H0311F0311
2|254|1|52|UZPE011|52001|T08|MT02|MERCEDARIO|CRA421C45MERCEDARIO|-77.254424|1.203945||52UZPE01152001T08MT02EBS001H0312|52UZPE01152001T08MT02EBS001H0312F0312|2|3|3|3|52UZPE01152001T08MT02EBS001|900091143|CC|1085321578|TERAPEUTAOCUPACIONAL|52UZPE01152001T08MT02EBS001H0312F0312CF312|2025-07-21|1||1||3||1||1|2|11|5|3|2|20||1|13|0||1||1||1||1||7|1|3|1|1|1|1|2|2|2|2|2|2||2|2|1|1||6||1|2|2|1|2|1|2|2|1|52UZPE01152001T08MT02EBS001H031252UZPE01152001T08MT02EBS001H0312F0312
2|255|1|52|UZPE011|52001|T08|MT02|MERCEDARIO|CRA4EA21C51|-77.259403|1.203828||52UZPE01152001T08MT02EBS001H0313|52UZPE01152001T08MT02EBS001H0313F0313|2|3|3|4|52UZPE01152001T08MT02EBS001|900091143|CC|1233188873|PSICOLOGA|52UZPE01152001T08MT02EBS001H0313F0313CF313|2025-07-21|1||1||3||4||3|2|11|5|3|2|20||2|13|0||1||1||1||1||1|4|3|1|1|1|1|2|2|2|2|2|2||2|2|1|2||6||1|2|2|1|1|1|2|2|1|52UZPE01152001T08MT02EBS001H031352UZPE01152001T08MT02EBS001H0313F0313
2|256|1|52|UZPE011|52001|T08|MT02|MERCEDARIO|CRA4EA21C39|-77.259514|1.203909||52UZPE01152001T08MT02EBS001H0314|52UZPE01152001T08MT02EBS001H0314F0314|1|2|2|3|52UZPE01152001T08MT02EBS001|900091143|CC|1085321578|TERAPEUTAOCUPACIONAL|52UZPE01152001T08MT02EBS001H0314F0314CF314|2025-07-21|1||1||3||1||1|2|11|5|3|2|20||2|13|0||1||1||1||1||7|1|3|1|1|1|1|2|2|2|2|2|2||2|2|1|1||6||1|2|2|1|2|1|2|2|1|52UZPE01152001T08MT02EBS001H031452UZPE01152001T08MT02EBS001H0314F0314
2|257|1|52|UZPE011|52001|T08|MT02|MERCEDARIO|4EA21C51|-77.259403|1.203828||52UZPE01152001T08MT02EBS001H0315|52UZPE01152001T08MT02EBS001H0315F0315|2|2|2|1|52UZPE01152001T08MT02EBS001|900091143|CC|59651018|PSICOLOGIA|52UZPE01152001T08MT02EBS001H0315F0315CF315|2025-07-22|1||1||3||4||1|2|11|5|3|2|20||2|13|0||1||1||1||1||7|1|3|1|1|1|1|2|2|2|2|2|2||2|2|1|2||6||1|2|2|1|2|1|2|2|1|52UZPE01152001T08MT02EBS001H031552UZPE01152001T08MT02EBS001H0315F0315
2|258|1|52|UZPE011|52001|T09|MT04|VILLA FLOR II|MNZ9CASA7|-77.256762|1.202361||52UZPE01152001T09MT04EBS001H0316|52UZPE01152001T09MT04EBS001H0316F0316|2|1|1|1|52UZPE01152001T09MT04EBS001|900091143|CC|37084285|AUXILIARDEENFERMERIA|52UZPE01152001T09MT04EBS001H0316F0316CF316|2025-07-20|4||1||3||1||1|2|11|5|3|2|20||2|13|0||1||1||1||1||7|1|1|1|1|1|1|2|2|2|2|2|2||2|2|1|2||6||1|2|2|1|1|1|2|2|1|52UZPE01152001T09MT04EBS001H031652UZPE01152001T09MT04EBS001H0316F0316
2|259|1|52|UZPE011|52001|T08|MT02|MERCEDARIO|CRA4EA21D35|-77.259403|1.203828||52UZPE01152001T08MT02EBS001H0317|52UZPE01152001T08MT02EBS001H0317F0317|2|3|3|3|52UZPE01152001T08MT02EBS001|900091143|CC|59651018|PSICOLOGIA|52UZPE01152001T08MT02EBS001H0317F0317CF317|2025-07-22|1||1||3||4||2|2|11|5|3|2|20||2|13|0||1||1||1||1||2|3|3|1|1|1|1|2|2|2|2|2|2||2|2|2|2||6||2|2|2|1|2|1|2|2|1|52UZPE01152001T08MT02EBS001H031752UZPE01152001T08MT02EBS001H0317F0317
2|260|1|52|UZPE011|52001|T09|MT04|VILLA FLOR II|CASA22MNZ37|-77.256566|1.199545||52UZPE01152001T09MT04EBS001H0318|52UZPE01152001T09MT04EBS001H0318F0318|2|1|1|2|52UZPE01152001T09MT04EBS001|900091143|CC|37084285|AUXILIARDEENFERMERIA|52UZPE01152001T09MT04EBS001H0318F0318CF318|2025-07-21|4||1||3||1||1|2|11|5|2|2|20||2|13|0||1||1||1||1||2|2|1|1|1|1|1|2|2|2|2|2|2||2|2|1|2||6||1|2|2|1|1|1|2|2|1|52UZPE01152001T09MT04EBS001H031852UZPE01152001T09MT04EBS001H0318F0318
2|261|1|52|UZPE011|52001|T08|MT02|MERCEDARIO|KRA5E21C15|-77.258811|1.203545||52UZPE01152001T08MT02EBS001H0319|52UZPE01152001T08MT02EBS001H0319F0319|2|1|1|4|52UZPE01152001T08MT02EBS001|900091143|CC|1085255824|AUXDEENFERMERIA|52UZPE01152001T08MT02EBS001H0319F0319CF319|2025-07-21|1||1||3||2||3|2|11|5|3|2|20||1|13|0||1||1||1||1||1|3|3|1|1|1|1|2|2|2|2|2|2||2|2|1|1||6||1|2|2|1|2|1|2|2|1|52UZPE01152001T08MT02EBS001H031952UZPE01152001T08MT02EBS001H0319F0319
2|262|1|52|UZPE011|52001|T09|MT04|VILLA FLOR II|MZ27CS10VILLAFLORII|-77.257801|1.201029||52UZPE01152001T09MT04EBS001H0320|52UZPE01152001T09MT04EBS001H0320F0320|2|1|1|1|52UZPE01152001T09MT04EBS001|900091143|CC|27087475|PSICOLOGIA|52UZPE01152001T09MT04EBS001H0320F0320CF320|2025-07-13|1||1||3||1||1|2|11|5|3|2|20||2|13|0||1||1||1||1||7|1|1|1|1|1|1|2|2|2|2|2|2||2|2|1|2||6||1|2|2|1|1|1|2|2|1|52UZPE01152001T09MT04EBS001H032052UZPE01152001T09MT04EBS001H0320F0320
2|263|1|52|UZPE011|52001|T09|MT04|VILLA FLOR II|MZ38CASA26VILLAFLORDOS|-77.256394|1.199728||52UZPE01152001T09MT04EBS001H0323|52UZPE01152001T09MT04EBS001H0323F0323|2|2|2|3|52UZPE01152001T09MT04EBS001|900091143|CC|27087122|AUXILIARDEENFERMERIA|52UZPE01152001T09MT04EBS001H0323F0323CF323|2025-07-21|1||1||3||1||2|2|11|5|3|2|20||2|13|0||1||1||1||1||1|3|2|2|1|1|3|2|2|2|2|2|2||2|2|1|2||6||1|2|2|1|1|1|2|2|1|52UZPE01152001T09MT04EBS001H032352UZPE01152001T09MT04EBS001H0323F0323
2|264|1|52|UZPE011|52001|T09|MT04|VILLA FLOR II|MZ38CASA26VILLAFLORDOS|-77.256394|1.199728||52UZPE01152001T09MT04EBS001H0324|52UZPE01152001T09MT04EBS001H0324F0324|2|2|2|3|52UZPE01152001T09MT04EBS001|900091143|CC|27087122|AUXILIARDEENFERMERIA|52UZPE01152001T09MT04EBS001H0324F0324CF324|2025-07-21|1||1||3||1||2|2|11|5|3|2|20||2|13|0||1||1||1||1||7|1|2|3|1|1|3|2|2|2|2|2|2||2|2|1|2||6||1|2|2|1|1|1|2|2|1|52UZPE01152001T09MT04EBS001H032452UZPE01152001T09MT04EBS001H0324F0324
2|265|1|52|UZPE011|52001|T08|MT02|MERCEDARIO|CRA421C45|-77.254424|1.203945||52UZPE01152001T08MT02EBS001H0325|52UZPE01152001T08MT02EBS001H0325F0325|2|2|2|3|52UZPE01152001T08MT02EBS001|900091143|CC|1085321578|TERAPEUTAOCUPACIONAL|52UZPE01152001T08MT02EBS001H0325F0325CF325|2025-07-22|1||1||3||1||1|2|11|5|3|2|20||1|13|0||1||1||1||1||7|1|3|1|1|1|1|2|2|2|2|2|2||2|2|1|1||6||1|2|2|1|1|1|2|2|1|52UZPE01152001T08MT02EBS001H032552UZPE01152001T08MT02EBS001H0325F0325
2|266|1|52|UZPE011|52001|T08|MT02|MERCEDARIO|CRA4EA21C39MERCEDARIO|-77.259522|1.203596||52UZPE01152001T08MT02EBS001H0326|52UZPE01152001T08MT02EBS001H0326F0326|2|2|2|3|52UZPE01152001T08MT02EBS001|900091143|CC|1085321578|TERAPEUTAOCUPACIONAL|52UZPE01152001T08MT02EBS001H0326F0326CF326|2025-07-21|1||1||3||1||1|2|11|5|3|2|20||2|13|0||1||1||1||1||2|2|3|1|1|1|1|2|2|2|2|2|2||2|2|1|2||6||1|2|2|1|2|1|2|2|1|52UZPE01152001T08MT02EBS001H032652UZPE01152001T08MT02EBS001H0326F0326
2|267|1|52|UZPE011|52001|T09|MT04|VILLA FLOR II|MANZANA39CASA7|-77.256903|1.199665||52UZPE01152001T09MT04EBS001H0327|52UZPE01152001T09MT04EBS001H0327F0327|2|1|1|4|52UZPE01152001T09MT04EBS001|900091143|CC|1085300095|AUXILIARDEENFERMERIA|52UZPE01152001T09MT04EBS001H0327F0327CF327|2025-07-22|1||1||3||1||3|2|11|4|3|2|20||2|13|0||1||1||1||1||1|4|1|1|1|1|1|2|2|2|2|2|2||2|2|1|1||6||1|2|2|1|2|1|2|2|1|52UZPE01152001T09MT04EBS001H032752UZPE01152001T09MT04EBS001H0327F0327
2|268|1|52|UZPE011|52001|T09|MT04|VILLA FLOR II|MANZANA35CASA31|-77.256961|1.200034||52UZPE01152001T09MT04EBS001H0328|52UZPE01152001T09MT04EBS001H0328F0328|2|1|1|1|52UZPE01152001T09MT04EBS001|900091143|CC|1085300095|AUXILIARDEENFERMERIA|52UZPE01152001T09MT04EBS001H0328F0328CF328|2025-07-22|4||1||3||1||1|2|11|5|3|2|20||2|13|0||1||1||1||1||7|1|1|2|1|1|2|2|2|2|2|2|2||2|2|1|1||6||1|2|2|1|1|1|2|2|1|52UZPE01152001T09MT04EBS001H032852UZPE01152001T09MT04EBS001H0328F0328
2|269|1|52|UZPE011|52001|T08|MT02|MERCEDARIO|CRA3E21C21|-77.259831|1.203664||52UZPE01152001T08MT02EBS001H0329|52UZPE01152001T08MT02EBS001H0329F0329|2|2|2|3|52UZPE01152001T08MT02EBS001|900091143|CC|1085321578|TERAPEUTAOCUPACIONAL|52UZPE01152001T08MT02EBS001H0329F0329CF329|2025-07-21|1||1||3||1||1|2|11|5|3|2|20||1|13|0||1||1||1||1||7|1|3|1|1|1|1|2|2|2|2|2|2||2|2|1|1||6||1|2|2|1|2|1|2|2|1|52UZPE01152001T08MT02EBS001H032952UZPE01152001T08MT02EBS001H0329F0329
2|270|1|52|UZPE011|52001|T09|MT04|VILLA FLOR II|MANZANA35CASA21|-77.256487|1.200091||52UZPE01152001T09MT04EBS001H0330|52UZPE01152001T09MT04EBS001H0330F0330|2|1|1|2|52UZPE01152001T09MT04EBS001|900091143|CC|1085300095|AUXILIARDEENFERMERIA|52UZPE01152001T09MT04EBS001H0330F0330CF330|2025-07-22|1||1||3||1||1|2|11|5|2|2|20||2|13|0||1||1||1||1||1|2|1|1|1|1|2|2|2|2|2|2|2||2|2|1|1||6||1|2|2|1|1|1|2|2|1|52UZPE01152001T09MT04EBS001H033052UZPE01152001T09MT04EBS001H0330F0330
2|271|1|52|UZPE011|52001|T08|MT02|MERCEDARIO|CRA3E21C21|-77.259831|1.203664||52UZPE01152001T08MT02EBS001H0331|52UZPE01152001T08MT02EBS001H0331F0331|2|2|2|3|52UZPE01152001T08MT02EBS001|900091143|CC|1085321578|TERAPEUTAOCUPACIONAL|52UZPE01152001T08MT02EBS001H0331F0331CF331|2025-07-23|1||1||3||1||2|2|11|5|3|2|20||2|13|0||1||1||1||1||2|2|3|1|1|1|2|2|2|2|2|2|2||2|2|1|2||6||1|2|2|1|2|1|2|2|1|52UZPE01152001T08MT02EBS001H033152UZPE01152001T08MT02EBS001H0331F0331
2|272|1|52|UZPE011|52001|T08|MT02|MERCEDARIO|CR4EA21C16|-77.259454|1.203634||52UZPE01152001T08MT02EBS001H0332|52UZPE01152001T08MT02EBS001H0332F0332|2|1|1|1|52UZPE01152001T08MT02EBS001|900091143|CC|1085304072|GESTORCOMUNITARIO|52UZPE01152001T08MT02EBS001H0332F0332CF332|2025-07-20|4||1||3||1||1|2|11|5|3|2|20||2|13|0||1||1||1||1||7|1|3|2|1|1|1|2|2|2|2|2|2||2|2|1|2||6||1|2|2|1|1|1|2|2|1|52UZPE01152001T08MT02EBS001H033252UZPE01152001T08MT02EBS001H0332F0332
2|273|1|52|UZPE011|52001|T08|MT02|MERCEDARIO|CRE4EA21C27|-77.259705|1.203569||52UZPE01152001T08MT02EBS001H0333|52UZPE01152001T08MT02EBS001H0333F0333|2|3|3|2|52UZPE01152001T08MT02EBS001|900091143|CC|1085304072|GESTORCOMUNITARIO|52UZPE01152001T08MT02EBS001H0333F0333CF333|2025-07-20|5||1||3||1||2|2|11|5|2|2|20||2|13|0||1||1||1||1||2|2|3|2|1|1|1|2|2|2|2|2|2||2|2|1|2||6||1|2|2|1|2|1|2|2|1|52UZPE01152001T08MT02EBS001H033352UZPE01152001T08MT02EBS001H0333F0333
2|274|1|52|UZPE011|52001|T09|MT04|VILLA FLOR II|MANZANA37CASA19|-77.289482|1.120813||52UZPE01152001T09MT04EBS001H0334|52UZPE01152001T09MT04EBS001H0334F0334|3|1|1|2|52UZPE01152001T09MT04EBS001|900091143|CC|1085300095|AUXILIARDEENFERMERIA|52UZPE01152001T09MT04EBS001H0334F0334CF334|2025-07-22|1||1||3||1||1|2|11|5|3|2|20||2|13|0||1||1||1||1||1|2|1|1|1|1|1|2|2|2|2|2|2||2|2|1|2||6||1|2|2|1|2|1|2|2|1|52UZPE01152001T09MT04EBS001H033452UZPE01152001T09MT04EBS001H0334F0334
2|275|1|52|UZPE011|52001|T08|MT02|MERCEDARIO|CRA5E21C15|-77.258811|1.203545||52UZPE01152001T08MT02EBS001H0335|52UZPE01152001T08MT02EBS001H0335F0335|2|1|1|1|52UZPE01152001T08MT02EBS001|900091143|CC|1085255824|AUXDEENFERMERIA|52UZPE01152001T08MT02EBS001H0335F0335CF335|2025-07-21|5||1||3||2||1|2|11|5|2|2|20||2|13|0||1||1||1||1||7|1|3|1|1|1|1|2|2|2|2|2|2||2|2|1|1||6||1|2|2|1|1|1|2|2|1|52UZPE01152001T08MT02EBS001H033552UZPE01152001T08MT02EBS001H0335F0335
2|276|1|52|UZPE011|52001|T09|MT04|VILLA FLOR II|MANZANA36CASA16|-77.255571|1.19994||52UZPE01152001T09MT04EBS001H0336|52UZPE01152001T09MT04EBS001H0336F0336|2|1|1|2|52UZPE01152001T09MT04EBS001|900091143|CC|1085300095|AUXILIARDEENFERMERIA|52UZPE01152001T09MT04EBS001H0336F0336CF336|2025-07-22|1||1||3||1||2|2|11|4|2|2|20||2|13|0||1||1||1||1||2|2|1|2|1|1|2|2|2|2|2|2|2||2|2|1|1||6||1|2|2|1|1|1|2|2|1|52UZPE01152001T09MT04EBS001H033652UZPE01152001T09MT04EBS001H0336F0336
2|277|1|52|UZPE011|52001|T08|MT02|MERCEDARIO|CR4EA21C27|-77.259705|1.203569||52UZPE01152001T08MT02EBS001H0337|52UZPE01152001T08MT02EBS001H0337F0337|2|3|3|2|52UZPE01152001T08MT02EBS001|900091143|CC|1085304072|GESTORCOMUNITARIO|52UZPE01152001T08MT02EBS001H0337F0337CF337|2025-07-20|5||1||4||1||2|2|11|5|2|2|20||2|13|0||1||1||1||1||2|2|3|1|1|1|1|2|2|2|2|2|2||2|2|1|2||6||1|2|2|1|1|1|2|2|1|52UZPE01152001T08MT02EBS001H033752UZPE01152001T08MT02EBS001H0337F0337
2|278|1|52|UZPE011|52001|T09|MT04|VILLA FLOR II|MANZANA36CASA16APTO2|-77.255571|1.19994||52UZPE01152001T09MT04EBS001H0338|52UZPE01152001T09MT04EBS001H0338F0338|2|1|1|1|52UZPE01152001T09MT04EBS001|900091143|CC|1085300095|AUXILIARDEENFERMERIA|52UZPE01152001T09MT04EBS001H0338F0338CF338|2025-07-22|4||1||3||1||1|2|11|5|2|2|20||2|13|0||1||1||1||1||7|1|1|2|1|1|1|2|2|2|2|2|2||2|2|2|2||6||2|2|2|1|2|1|2|2|1|52UZPE01152001T09MT04EBS001H033852UZPE01152001T09MT04EBS001H0338F0338
2|279|1|52|UZPE011|52001|T08|MT02|MERCEDARIO|CR4EA21C27|-77.259705|1.203569||52UZPE01152001T08MT02EBS001H0339|52UZPE01152001T08MT02EBS001H0339F0339|2|3|3|2|52UZPE01152001T08MT02EBS001|900091143|CC|1085304072|GESTORCOMUNITARIO|52UZPE01152001T08MT02EBS001H0339F0339CF339|2025-07-20|5||1||3||1||1|2|11|5|2|2|20||2|13|0||1||1||1||1||2|2|3|1|1|1|1|2|2|2|2|2|2||2|2|1|2||6||1|2|2|1|1|1|2|2|1|52UZPE01152001T08MT02EBS001H033952UZPE01152001T08MT02EBS001H0339F0339
2|280|1|52|UZPE011|52001|T09|MT04|VILLA FLOR II|MZ27CS13VILLAFLORIIT33MT4|-77.256674|1.20063||52UZPE01152001T09MT04EBS001H0340|52UZPE01152001T09MT04EBS001H0340F0340|2|1|1|2|52UZPE01152001T09MT04EBS001|900091143|CC|27087475|PSICOLOGIA|52UZPE01152001T09MT04EBS001H0340F0340CF340|2025-07-13|1||1||3||1||1|2|11|5|3|2|20||2|13|0||1||1||1||1||1|2|1|1|1|1|1|2|2|2|2|2|2||2|2|1|1||6||1|2|2|1|1|1|2|2|1|52UZPE01152001T09MT04EBS001H034052UZPE01152001T09MT04EBS001H0340F0340
2|281|1|52|UZPE011|52001|T08|MT02|MERCEDARIO|CR4EA21C22|-77.259506|1.203899||52UZPE01152001T08MT02EBS001H0341|52UZPE01152001T08MT02EBS001H0341F0341|2|1|1|2|52UZPE01152001T08MT02EBS001|900091143|CC|1085304072|GESTORCOMUNITARIO|52UZPE01152001T08MT02EBS001H0341F0341CF341|2025-07-21|1||1||3||1||2|2|11|5|3|2|20||2|13|0||1||1||1||1||2|2|3|1|1|1|1|2|2|2|2|2|2||2|2|1|2||6||1|2|2|1|1|1|2|2|1|52UZPE01152001T08MT02EBS001H034152UZPE01152001T08MT02EBS001H0341F0341
2|282|1|52|UZPE011|52001|T09|MT04|VILLA FLOR II|MZ27CS36VILLAFLORIIT33MT4|-77.257686|1.200713||52UZPE01152001T09MT04EBS001H0342|52UZPE01152001T09MT04EBS001H0342F0342|2|1|1|1|52UZPE01152001T09MT04EBS001|900091143|CC|27087475|PSICOLOGIA|52UZPE01152001T09MT04EBS001H0342F0342CF342|2025-07-15|1||1||3||1||1|2|11|5|3|2|20||2|13|0||1||1||1||1||7|1|1|1|1|1|1|2|2|2|2|2|2||2|2|1|1||6||1|2|2|1|1|1|2|2|1|52UZPE01152001T09MT04EBS001H034252UZPE01152001T09MT04EBS001H0342F0342
2|283|1|52|UZPE011|52001|T08|MT02|MERCEDARIO|CR4E21C21|-77.259244|1.203724||52UZPE01152001T08MT02EBS001H0343|52UZPE01152001T08MT02EBS001H0343F0343|2|2|2|2|52UZPE01152001T08MT02EBS001|900091143|CC|1085304072|GESTORCOMUNITARIO|52UZPE01152001T08MT02EBS001H0343F0343CF343|2025-07-22|4||1||3||1||2|2|11|5|3|2|20||2|13|0||1||1||1||1||2|2|3|1|1|1|1|2|2|2|2|2|2||2|2|1|2||6||1|2|2|1|1|1|2|2|1|52UZPE01152001T08MT02EBS001H034352UZPE01152001T08MT02EBS001H0343F0343
2|284|1|52|UZPE011|52001|T09|MT04|VILLA FLOR II|MZ37CASA5VILLAFLORDOS|-77.256814|1.199768||52UZPE01152001T09MT04EBS001H0344|52UZPE01152001T09MT04EBS001H0344F0344|2|1|1|4|52UZPE01152001T09MT04EBS001|900091143|CC|27087122|AUXILIARDEENFERMERIA|52UZPE01152001T09MT04EBS001H0344F0344CF344|2025-07-22|1||1||3||1||2|2|11|5|3|2|20||2|13|0||1||1||1||1||1|4|3|2|1|1|1|2|2|2|2|2|2||2|2|1|2||6||1|2|2|1|2|1|2|2|1|52UZPE01152001T09MT04EBS001H034452UZPE01152001T09MT04EBS001H0344F0344
2|285|1|52|UZPE011|52001|T08|MT02|MERCEDARIO|KRA5E21C57|-77.258703|1.203817||52UZPE01152001T08MT02EBS001H0345|52UZPE01152001T08MT02EBS001H0345F0345|2|1|1|3|52UZPE01152001T08MT02EBS001|900091143|CC|1085255824|AUXDEENFERMERIA|52UZPE01152001T08MT02EBS001H0345F0345CF345|2025-07-21|4||1||3||1||3|2|11|5|2|2|20||2|13|0||1||1||1||1||2|3|3|1|1|1|1|2|2|2|2|2|2||2|2|1|2||6||1|2|2|1|1|1|2|2|1|52UZPE01152001T08MT02EBS001H034552UZPE01152001T08MT02EBS001H0345F0345
2|286|1|52|UZPE011|52001|T09|MT04|VILLA FLOR II|MZ39CASA6VILLAFLORDOS|-77.256141|1.199614||52UZPE01152001T09MT04EBS001H0346|52UZPE01152001T09MT04EBS001H0346F0346|2|2|2|2|52UZPE01152001T09MT04EBS001|900091143|CC|27087122|AUXILIARDEENFERMERIA|52UZPE01152001T09MT04EBS001H0346F0346CF346|2025-07-22|1||1||3||1||2|2|11|5|3|2|20||2|13|0||1||1||1||1||1|2|3|2|1|1|1|2|2|2|2|2|2||2|2|1|2||6||1|2|2|1|1|1|2|2|1|52UZPE01152001T09MT04EBS001H034652UZPE01152001T09MT04EBS001H0346F0346
2|287|1|52|UZPE011|52001|T09|MT04|VILLA FLOR II|MZ39CASA6VILLAFLORDOS|-77.256141|1.199614||52UZPE01152001T09MT04EBS001H0347|52UZPE01152001T09MT04EBS001H0347F0347|2|2|2|2|52UZPE01152001T09MT04EBS001|900091143|CC|27087122|AUXILIARDEENFERMERIA|52UZPE01152001T09MT04EBS001H0347F0347CF347|2025-07-22|1||1||3||1||2|2|11|5|3|2|20||2|13|0||1||1||1||1||1|2|3|1|1|1|1|2|2|2|2|2|2||2|2|1|2||6||1|2|2|1|1|1|2|2|1|52UZPE01152001T09MT04EBS001H034752UZPE01152001T09MT04EBS001H0347F0347
2|288|1|52|UZPE011|52001|T09|MT04|VILLA FLOR II|MNZ37CASA1|-77.255315|1.200543||52UZPE01152001T09MT04EBS001H0348|52UZPE01152001T09MT04EBS001H0348F0348|2|1|1|2|52UZPE01152001T09MT04EBS001|900091143|CC|37084285|AUXILIARDEENFERMERIA|52UZPE01152001T09MT04EBS001H0348F0348CF348|2025-07-22|4||1||3||1||2|2|11|5|2|2|20||2|13|0||1||1||1||1||2|2|1|1|1|1|1|2|2|2|2|2|2||2|2|1|1||6||1|2|2|1|1|1|2|2|1|52UZPE01152001T09MT04EBS001H034852UZPE01152001T09MT04EBS001H0348F0348
2|289|1|52|UZPE011|52001|T09|MT04|VILLA FLOR II|MNZ37CASA22|-77.256566|1.199545||52UZPE01152001T09MT04EBS001H0350|52UZPE01152001T09MT04EBS001H0350F0350|2|1|1|1|52UZPE01152001T09MT04EBS001|900091143|CC|37084285|AUXILIARDEENFERMERIA|52UZPE01152001T09MT04EBS001H0350F0350CF350|2025-07-23|5||1||3||1||1|2|11|5|2|2|20||2|13|0||1||1||1||1||7|1|1|1|1|1|1|2|2|2|2|2|2||2|2|1|1||6||1|2|2|1|1|1|2|2|1|52UZPE01152001T09MT04EBS001H035052UZPE01152001T09MT04EBS001H0350F0350
2|290|1|52|UZPE011|52001|T09|MT04|VILLA FLOR II|MZ39CASA14VILLAFLORDOS|-77.256306|1.199151||52UZPE01152001T09MT04EBS001H0351|52UZPE01152001T09MT04EBS001H0351F0351|2|1|1|2|52UZPE01152001T09MT04EBS001|900091143|CC|27087122|AUXILIARDEENFERMERIA|52UZPE01152001T09MT04EBS001H0351F0351CF351|2025-07-23|1||1||3||1||2|2|11|5|3|2|20||2|13|0||1||1||1||1||1|1|3|2|1|1|1|2|2|2|2|2|2||2|2|1|1||6||1|2|2|1|1|1|2|2|1|52UZPE01152001T09MT04EBS001H035152UZPE01152001T09MT04EBS001H0351F0351
2|291|1|52|UZPE011|52001|T09|MT04|VILLA FLOR II|MZ39CASA28VILLAFLORDOS|-77.256498|1.19976||52UZPE01152001T09MT04EBS001H0352|52UZPE01152001T09MT04EBS001H0352F0352|2|1|1|4|52UZPE01152001T09MT04EBS001|900091143|CC|27087122|AUXILIARDEENFERMERIA|52UZPE01152001T09MT04EBS001H0352F0352CF352|2025-07-23|1||1||3||1||3|2|11|5|3|2|20||1|13|0||1||1||1||1||1|4|3|1|1|1|1|2|2|2|2|2|2||2|2|1|2||6||1|2|2|1|2|1|2|2|1|52UZPE01152001T09MT04EBS001H035252UZPE01152001T09MT04EBS001H0352F0352
2|292|1|52|UZPE011|52001|T09|MT04|VILLA FLOR II|MZ35CASA18VILLAFLORDOS|-77.256095|1.200056||52UZPE01152001T09MT04EBS001H0353|52UZPE01152001T09MT04EBS001H0353F0353|2|1|1|2|52UZPE01152001T09MT04EBS001|900091143|CC|27087122|AUXILIARDEENFERMERIA|52UZPE01152001T09MT04EBS001H0353F0353CF353|2025-07-23|1||1||3||1||2|2|11|5|3|2|20||2|13|0||1||1||1||1||1|2|3|3|1|1|1|2|2|2|2|2|2||2|2|1|1||6||1|2|2|1|1|1|2|2|1|52UZPE01152001T09MT04EBS001H035352UZPE01152001T09MT04EBS001H0353F0353
2|293|1|52|UZPE011|52001|T08|MT02|MERCEDARIO|CRA2E21C48|-77.260132|1.203793||52UZPE01152001T08MT02EBS001H0354|52UZPE01152001T08MT02EBS001H0354F0354|2|1|1|3|52UZPE01152001T08MT02EBS001|900091143|CC|1085255824|AUXDEENFERMERIA|52UZPE01152001T08MT02EBS001H0354F0354CF354|2025-07-23|1||1||4||1||2|2|11|5|3|2|20||1|13|0||1||1||1||1||1|3|3|1|1|1|1|2|2|2|2|2|2||2|2|1|2||6||1|2|2|1|2|1|2|2|1|52UZPE01152001T08MT02EBS001H035452UZPE01152001T08MT02EBS001H0354F0354
2|294|1|52|UZPE011|52001|T09|MT04|VILLA FLOR II|MNZ39CASA13|-77.256819|1.199431||52UZPE01152001T09MT04EBS001H0355|52UZPE01152001T09MT04EBS001H0355F0355|2|1|1|2|52UZPE01152001T09MT04EBS001|900091143|CC|37084285|AUXILIARDEENFERMERIA|52UZPE01152001T09MT04EBS001H0355F0355CF355|2025-07-23|1||1||3||1||2|2|11|5|3|2|20||2|13|0||1||1||1||1||2|2|1|1|1|1|2|2|2|2|2|2|2||2|2|1|1||6||1|2|2|1|1|1|2|2|1|52UZPE01152001T09MT04EBS001H035552UZPE01152001T09MT04EBS001H0355F0355
2|295|1|52|UZPE011|52001|T09|MT04|VILLA FLOR II|MZ36CASA21VILLAFLORDOS|-77.255941|1.200006||52UZPE01152001T09MT04EBS001H0356|52UZPE01152001T09MT04EBS001H0356F0356|2|1|1|2|52UZPE01152001T09MT04EBS001|900091143|CC|27087122|AUXILIARDEENFERMERIA|52UZPE01152001T09MT04EBS001H0356F0356CF356|2025-07-23|1||1||3||1||2|2|11|5|3|2|20||2|13|0||1||1||1||1||1|2|3|1|1|1|1|2|2|2|2|2|2||2|2|1|1||6||1|2|2|1|1|1|2|2|1|52UZPE01152001T09MT04EBS001H035652UZPE01152001T09MT04EBS001H0356F0356
2|296|1|52|UZPE011|52001|T09|MT04|VILLA FLOR II|MNZ35CASA26|-77.256571|1.198898||52UZPE01152001T09MT04EBS001H0357|52UZPE01152001T09MT04EBS001H0357F0357|2|1|1|1|52UZPE01152001T09MT04EBS001|900091143|CC|37084285|AUXILIARDEENFERMERIA|52UZPE01152001T09MT04EBS001H0357F0357CF357|2025-07-23|4||1||4||1||1|2|11|5|3|2|20||2|13|0||1||1||1||1||7|1|1|1|1|1|2|2|2|2|2|2|2||2|2|1|2||6||1|2|2|1|1|1|2|2|1|52UZPE01152001T09MT04EBS001H035752UZPE01152001T09MT04EBS001H0357F0357
2|297|1|52|UZPE011|52001|T09|MT04|VILLA FLOR II|MZ35CASA17|-77.256465|1.200007||52UZPE01152001T09MT04EBS001H0358|52UZPE01152001T09MT04EBS001H0358F0358|2|1|1|2|52UZPE01152001T09MT04EBS001|900091143|CC|37084285|AUXILIARDEENFERMERIA|52UZPE01152001T09MT04EBS001H0358F0358CF358|2025-07-23|1||1||3||1||2|2|11|5|3|2|20||2|13|0||1||1||1||1||2|2|1|1|1|1|1|2|2|2|2|2|2||2|2|1|1||6||1|2|2|1|1|1|2|2|1|52UZPE01152001T09MT04EBS001H035852UZPE01152001T09MT04EBS001H0358F0358
2|298|1|52|UZPE011|52001|T08|MT02|MERCEDARIO|CRA2E21C24|-77.260111|1.203673||52UZPE01152001T08MT02EBS001H0359|52UZPE01152001T08MT02EBS001H0359F0359|2|1|1|1|52UZPE01152001T08MT02EBS001|900091143|CC|1085255824|AUXDEENFERMERIA|52UZPE01152001T08MT02EBS001H0359F0359CF359|2025-07-23|4||1||3||1||1|2|11|5|2|2|20||2|13|0||1||1||1||1||7|1|3|1|1|1|1|2|2|2|2|2|2||2|2|1|2||6||1|2|2|1|1|1|2|2|1|52UZPE01152001T08MT02EBS001H035952UZPE01152001T08MT02EBS001H0359F0359
2|299|1|52|UZPE011|52001|T09|MT04|VILLA FLOR II|MANZANA37CASA18|-77.278413|1.208564||52UZPE01152001T09MT04EBS001H0360|52UZPE01152001T09MT04EBS001H0360F0360|1|1|1|1|52UZPE01152001T09MT04EBS001|900091143|CC|1085300095|AUXILIARDEENFERMERIA|52UZPE01152001T09MT04EBS001H0360F0360CF360|2025-07-23|4||1||3||1||1|2|11|4|2|2|20||2|13|0||1||1||1||1||7|1|1|4|1|1|2|2|2|2|2|2|2||2|2|1|1||4||1|2|2|1|2|1|2|2|1|52UZPE01152001T09MT04EBS001H036052UZPE01152001T09MT04EBS001H0360F0360
2|300|1|52|UZPE011|52001|T09|MT04|VILLA FLOR II|MANZANA36CASA5|-77.255966|1.200202||52UZPE01152001T09MT04EBS001H0361|52UZPE01152001T09MT04EBS001H0361F0361|3|1|1|1|52UZPE01152001T09MT04EBS001|900091143|CC|1085300095|AUXILIARDEENFERMERIA|52UZPE01152001T09MT04EBS001H0361F0361CF361|2025-07-24|1||1||3||1||1|2|1|5|3|2|20||1|13|0||1||1||1||1||7|1|1|2|1|1|2|2|2|2|2|2|2||2|2|1|1||6||1|2|2|1|2|1|2|2|1|52UZPE01152001T09MT04EBS001H036152UZPE01152001T09MT04EBS001H0361F0361
2|301|1|52|UZPE011|52001|T09|MT04|VILLA FLOR II|MANZANA36CASA1|-77.256239|1.200364||52UZPE01152001T09MT04EBS001H0362|52UZPE01152001T09MT04EBS001H0362F0362|3|1|1|2|52UZPE01152001T09MT04EBS001|900091143|CC|1085300095|AUXILIARDEENFERMERIA|52UZPE01152001T09MT04EBS001H0362F0362CF362|2025-07-24|4||1||3||1||2|2|11|5|2|2|20||1|13|0||1||1||1||1||2|2|1|1|1|1|1|2|2|2|2|2|2||2|2|1|1||6||1|2|2|1|1|1|2|2|1|52UZPE01152001T09MT04EBS001H036252UZPE01152001T09MT04EBS001H0362F0362
2|302|1|52|UZPE011|52001|T09|MT04|VILLA FLOR II|MANZANA35CASA10|-77.256627|1.20038||52UZPE01152001T09MT04EBS001H0363|52UZPE01152001T09MT04EBS001H0363F0363|3|1|1|3|52UZPE01152001T09MT04EBS001|900091143|CC|1085300095|AUXILIARDEENFERMERIA|52UZPE01152001T09MT04EBS001H0363F0363CF363|2025-07-24|1||1||3||1||2|2|11|5|3|2|20||2|13|0||1||1||1||1||1|3|1|1|1|1|1|2|2|2|2|2|2||2|2|2|1||6||2|2|2|1|2|1|2|2|1|52UZPE01152001T09MT04EBS001H036352UZPE01152001T09MT04EBS001H0363F0363
2|303|1|52|UZPE011|52001|T09|MT04|VILLA FLOR II|MANZANA35CASA10APTO1|-77.287147|1.20038||52UZPE01152001T09MT04EBS001H0364|52UZPE01152001T09MT04EBS001H0364F0364|1|1|1|1|52UZPE01152001T09MT04EBS001|900091143|CC|1085300095|AUXILIARDEENFERMERIA|52UZPE01152001T09MT04EBS001H0364F0364CF364|2025-07-24|5||1||3||1||1|2|11|4|2|2|20||2|13|0||1||1||1||1||7|1|1|1|1|1|1|2|2|2|2|2|2||2|2|2|1||6||2|2|2|1|1|1|2|2|1|52UZPE01152001T09MT04EBS001H036452UZPE01152001T09MT04EBS001H0364F0364
2|304|1|52|UZPE011|52001|T08|MT02|MERCEDARIO|CRA2E21C30|-77.260149|1.203742||52UZPE01152001T08MT02EBS001H0365|52UZPE01152001T08MT02EBS001H0365F0365|2|1|1|4|52UZPE01152001T08MT02EBS001|900091143|CC|1085255824|AUXDEENFERMERIA|52UZPE01152001T08MT02EBS001H0365F0365CF365|2025-07-23|1||1||3||1||3|2|11|5|3|2|20||2|13|0||1||1||1||1||1|4|1|1|1|1|1|2|2|2|2|2|2||2|2|1|2||6||1|2|2|1|2|1|2|2|1|52UZPE01152001T08MT02EBS001H036552UZPE01152001T08MT02EBS001H0365F0365
2|305|1|52|UZPE011|52001|T08|MT02|MERCEDARIO|CRA2E21C36|-77.259916|1.203798||52UZPE01152001T08MT02EBS001H0366|52UZPE01152001T08MT02EBS001H0366F0366|2|1|1|2|52UZPE01152001T08MT02EBS001|900091143|CC|1085255824|AUXDEENFERMERIA|52UZPE01152001T08MT02EBS001H0366F0366CF366|2025-07-23|1||1||3||1||1|2|11|5|3|2|20||2|13|0||1||1||1||1||1|2|3|4|1|1|2|2|2|2|2|2|2||2|2|1|2||6||1|2|2|1|1|1|2|2|1|52UZPE01152001T08MT02EBS001H036652UZPE01152001T08MT02EBS001H0366F0366
2|306|1|52|UZPE011|52001|T08|MT02|MERCEDARIO|CRA2E21C36|-77.259916|1.203798||52UZPE01152001T08MT02EBS001H0367|52UZPE01152001T08MT02EBS001H0367F0367|2|1|1|2|52UZPE01152001T08MT02EBS001|900091143|CC|1085255824|AUXDEENFERMERIA|52UZPE01152001T08MT02EBS001H0367F0367CF367|2025-07-23|5||1||3||1||2|2|11|5|2|2|20||2|13|0||1||1||1||1||2|2|3|2|1|1|1|2|2|2|2|2|2||2|2|2|2||6||2|2|2|1|1|1|2|2|1|52UZPE01152001T08MT02EBS001H036752UZPE01152001T08MT02EBS001H0367F0367
2|307|1|52|UZPE011|52001|T09|MT04|VILLA FLOR II|MZ36CASA9VILLAFLORDOS|-77.255655|1.200015||52UZPE01152001T09MT04EBS001H0368|52UZPE01152001T09MT04EBS001H0368F0368|2|1|1|2|52UZPE01152001T09MT04EBS001|900091143|CC|27087122|AUXILIARDEENFERMERIA|52UZPE01152001T09MT04EBS001H0368F0368CF368|2025-07-24|1||1||3||1||1|2|11|5|3|2|20||2|13|0||1||1||1||1||1|2|3|2|1|1|1|2|2|2|2|2|2||2|2|1|1||6||1|2|2|1|2|1|2|2|1|52UZPE01152001T09MT04EBS001H036852UZPE01152001T09MT04EBS001H0368F0368
2|308|1|52|UZPE011|52001|T09|MT04|VILLA FLOR II|MANZANA31CASA28|-77.256901|1.200419||52UZPE01152001T09MT04EBS001H0369|52UZPE01152001T09MT04EBS001H0369F0369|3|1|1|2|52UZPE01152001T09MT04EBS001|900091143|CC|1085300095|AUXILIARDEENFERMERIA|52UZPE01152001T09MT04EBS001H0369F0369CF369|2025-07-24|4||1||3||1||1|2|11|5|3|2|19||2|13|0||1||1||1||1||1|2|1|2|1|1|2|2|2|2|2|2|2||2|2|1|1||6||1|2|2|1|1|1|2|2|1|52UZPE01152001T09MT04EBS001H036952UZPE01152001T09MT04EBS001H0369F0369
2|309|1|52|UZPE011|52001|T08|MT02|MERCEDARIO|CALLE2121C82|-77.258961|1.203936||52UZPE01152001T08MT02EBS001H0370|52UZPE01152001T08MT02EBS001H0370F0370|2|1|1|1|52UZPE01152001T08MT02EBS001|900091143|CC|59651018|PSICOLOGIA|52UZPE01152001T08MT02EBS001H0370F0370CF370|2025-07-25|4||1||3||1||1|2|11|5|3|2|20||2|13|0||1||1||1||1||7|1|3|1|1|1|1|2|2|2|2|2|2||2|2|1|2||6||1|2|2|1|2|1|2|2|1|52UZPE01152001T08MT02EBS001H037052UZPE01152001T08MT02EBS001H0370F0370
2|310|1|52|UZPE011|52001|T08|MT02|MERCEDARIO|CRA3E21D03|-77.258159|1.204509||52UZPE01152001T08MT02EBS001H0371|52UZPE01152001T08MT02EBS001H0371F0371|2|2|2|2|52UZPE01152001T08MT02EBS001|900091143|CC|59651018|PSICOLOGIA|52UZPE01152001T08MT02EBS001H0371F0371CF371|2025-07-25|1||1||3||1||1|2|11|5|3|2|20||2|13|0||1||1||1||1||7|1|3|1|1|1|1|2|2|2|2|2|2||2|2|2|2||6||2|2|2|1|2|1|2|2|1|52UZPE01152001T08MT02EBS001H037152UZPE01152001T08MT02EBS001H0371F0371
2|311|1|52|UZPE011|52001|T08|MT02|MERCEDARIO|CRA3E21D03|-77.258159|1.204509||52UZPE01152001T08MT02EBS001H0372|52UZPE01152001T08MT02EBS001H0372F0372|2|2|2|1|52UZPE01152001T08MT02EBS001|900091143|CC|59651018|PSICOLOGIA|52UZPE01152001T08MT02EBS001H0372F0372CF372|2025-07-25|1||1||3||4||1|2|11|5|3|2|20||2|13|0||1||1||1||1||7|1|3|1|1|1|1|2|2|2|2|2|2||2|2|2|2||6||2|2|2|1|1|1|2|2|1|52UZPE01152001T08MT02EBS001H037252UZPE01152001T08MT02EBS001H0372F0372
2|312|1|52|UZPE011|52001|T08|MT02|MERCEDARIO|CRA5E21D45|-77.258634|1.204521||52UZPE01152001T08MT02EBS001H0373|52UZPE01152001T08MT02EBS001H0373F0373|2|1|1|1|52UZPE01152001T08MT02EBS001|900091143|CC|59651018|PSICOLOGIA|52UZPE01152001T08MT02EBS001H0373F0373CF373|2025-07-25|1||1||3||1||1|2|11|5|2|2|20||2|13|0||1||1||1||1||7|1|3|1|1|1|1|2|2|2|2|2|2||2|2|2|1||6||2|2|2|1|1|1|2|2|1|52UZPE01152001T08MT02EBS001H037352UZPE01152001T08MT02EBS001H0373F0373
2|313|1|52|UZPE011|52001|T09|MT04|VILLA FLOR II|MZ35CASA7VILLAFLORDOS|-77.256629|1.200029||52UZPE01152001T09MT04EBS001H0374|52UZPE01152001T09MT04EBS001H0374F0374|2|1|1|2|52UZPE01152001T09MT04EBS001|900091143|CC|27087122|AUXILIARDEENFERMERIA|52UZPE01152001T09MT04EBS001H0374F0374CF374|2025-07-24|1||1||3||1||1|2|11|5|3|2|20||2|13|0||1||1||1||1||1|2|3|2|1|1|1|2|2|2|2|2|2||2|2|1|1||6||1|2|2|1|2|1|2|2|1|52UZPE01152001T09MT04EBS001H037452UZPE01152001T09MT04EBS001H0374F0374
2|314|1|52|UZPE011|52001|T09|MT04|VILLA FLOR II|MZ31CASA30VILLAFLORDOS|-77.256947|1.200047||52UZPE01152001T09MT04EBS001H0375|52UZPE01152001T09MT04EBS001H0375F0375|2|1|1|5|52UZPE01152001T09MT04EBS001|900091143|CC|27087122|AUXILIARDEENFERMERIA|52UZPE01152001T09MT04EBS001H0375F0375CF375|2025-07-24|1||1||3||1||3|2|11|5|3|2|20||2|13|0||1||1||1||1||1|2|2|3|1|1|2|2|2|2|2|2|2||2|2|1|1||6||1|2|2|1|1|1|2|2|1|52UZPE01152001T09MT04EBS001H037552UZPE01152001T09MT04EBS001H0375F0375
2|315|1|52|UZPE011|52001|T09|MT04|VILLA FLOR II|MZ31CASA30VILLAFLORDOS|-77.256947|1.200047||52UZPE01152001T09MT04EBS001H0376|52UZPE01152001T09MT04EBS001H0376F0376|2|1|1|5|52UZPE01152001T09MT04EBS001|900091143|CC|27087122|AUXILIARDEENFERMERIA|52UZPE01152001T09MT04EBS001H0376F0376CF376|2025-07-24|1||1||3||1||3|2|11|5|3|2|20||2|13|0||1||1||1||1||1|3|3|2|1|1|1|2|2|2|2|2|2||2|2|2|2||6||2|2|2|1|1|1|2|2|1|52UZPE01152001T09MT04EBS001H037652UZPE01152001T09MT04EBS001H0376F0376
2|316|1|52|UZPE011|52001|T09|MT04|VILLA FLOR II|MZ35CASA11VILLAFLORDOS|-77.256489|1.200294||52UZPE01152001T09MT04EBS001H0377|52UZPE01152001T09MT04EBS001H0377F0377|2|1|1|2|52UZPE01152001T09MT04EBS001|900091143|CC|27087122|AUXILIARDEENFERMERIA|52UZPE01152001T09MT04EBS001H0377F0377CF377|2025-07-24|4||1||3||1||2|2|11|5|2|2|20||2|13|0||1||1||1||1||1|2|2|4|1|1|1|2|2|2|2|2|2||2|2|1|2||6||1|2|2|1|2|1|2|2|1|52UZPE01152001T09MT04EBS001H037752UZPE01152001T09MT04EBS001H0377F0377
2|317|1|52|UZPE011|52001|T09|MT04|VILLA FLOR II|MZ35CASA9VILLAFLORDOS|-77.256536|1.200347||52UZPE01152001T09MT04EBS001H0378|52UZPE01152001T09MT04EBS001H0378F0378|2|1|1|1|52UZPE01152001T09MT04EBS001|900091143|CC|27087122|AUXILIARDEENFERMERIA|52UZPE01152001T09MT04EBS001H0378F0378CF378|2025-07-25|1||1||3||1||1|2|11|5|3|2|20||2|13|0||1||1||1||1||1|1|3|2|1|1|1|2|2|2|2|2|2||2|2|1|1||6||1|2|2|1|1|1|2|2|1|52UZPE01152001T09MT04EBS001H037852UZPE01152001T09MT04EBS001H0378F0378
2|318|1|52|UZPE011|52001|T09|MT04|VILLA FLOR II|MZ31CASA261VILLAFLORDOS|-77.256568|1.200317||52UZPE01152001T09MT04EBS001H0379|52UZPE01152001T09MT04EBS001H0379F0379|2|2|2|4|52UZPE01152001T09MT04EBS001|900091143|CC|27087122|AUXILIARDEENFERMERIA|52UZPE01152001T09MT04EBS001H0379F0379CF379|2025-07-25|1||1||3||1||3|2|11|5|3|2|20||2|13|0||1||1||1||1||1|2|3|1|1|1|1|2|2|2|2|2|2||2|2|1|2||6||1|2|2|1|1|1|2|2|1|52UZPE01152001T09MT04EBS001H037952UZPE01152001T09MT04EBS001H0379F0379
2|319|1|52|UZPE011|52001|T09|MT04|VILLA FLOR II|MZ31CASA261VILLAFLORDOS|-77.256568|1.200317||52UZPE01152001T09MT04EBS001H0380|52UZPE01152001T09MT04EBS001H0380F0380|2|2|2|4|52UZPE01152001T09MT04EBS001|900091143|CC|27087122|AUXILIARDEENFERMERIA|52UZPE01152001T09MT04EBS001H0380F0380CF380|2025-07-25|1||1||3||1||3|2|11|5|3|2|20||2|13|0||1||1||1||1||7|1|3|2|1|1|1|2|2|2|2|2|2||2|2|1|2||6||1|2|2|1|2|1|2|2|1|52UZPE01152001T09MT04EBS001H038052UZPE01152001T09MT04EBS001H0380F0380
2|320|1|52|UZPE011|52001|T08|MT02|MERCEDARIO|CRA2E21C54|-77.260097|1.203938||52UZPE01152001T08MT02EBS001H0381|52UZPE01152001T08MT02EBS001H0381F0381|2|1|1|3|52UZPE01152001T08MT02EBS001|900091143|CC|1085255824|AUXDEENFERMERIA|52UZPE01152001T08MT02EBS001H0381F0381CF381|2025-07-23|4||1||3||1||2|2|11|5|3|2|20||2|13|0||1||1||1||1||1|3|3|1|1|1|1|2|2|2|2|2|2||2|2|1|2||6||1|2|2|1|1|1|2|2|1|52UZPE01152001T08MT02EBS001H038152UZPE01152001T08MT02EBS001H0381F0381
2|321|1|52|UZPE011|52001|T09|MT04|VILLA FLOR II|MZ39CS59VILLAFLORIIT33MT4|-77.256871|1.199616||52UZPE01152001T09MT04EBS001H0382|52UZPE01152001T09MT04EBS001H0382F0382|2|1|1|2|52UZPE01152001T09MT04EBS001|900091143|CC|27087475|PSICOLOGIA|52UZPE01152001T09MT04EBS001H0382F0382CF382|2025-07-23|4||1||3||1||2|2|11|5|3|2|20||2|13|0||1||1||1||1||2|2|1|1|1|1|1|2|2|2|2|2|2||2|2|1|1||6||1|2|2|1|1|1|2|2|1|52UZPE01152001T09MT04EBS001H038252UZPE01152001T09MT04EBS001H0382F0382
2|322|1|52|UZPE011|52001|T09|MT04|VILLA FLOR II|MZ37CS14VILLAFLORIIT33MT4|-77.255888|1.199981||52UZPE01152001T09MT04EBS001H0383|52UZPE01152001T09MT04EBS001H0383F0383|2|1|1|2|52UZPE01152001T09MT04EBS001|900091143|CC|27087475|PSICOLOGIA|52UZPE01152001T09MT04EBS001H0383F0383CF383|2025-07-23|1||1||3||1||1|2|11|5|3|2|20||2|13|0||1||1||1||1||1|2|1|1|1|1|1|2|2|2|2|2|2||2|2|1|2||6||1|2|2|1|1|1|2|2|1|52UZPE01152001T09MT04EBS001H038352UZPE01152001T09MT04EBS001H0383F0383
2|323|1|52|UZPE011|52001|T09|MT04|VILLA FLOR II|MZ32CASA9VILLAFLORDOS|-77.255483|1.200092||52UZPE01152001T09MT04EBS001H0384|52UZPE01152001T09MT04EBS001H0384F0384|2|2|2|3|52UZPE01152001T09MT04EBS001|900091143|CC|27087122|AUXILIARDEENFERMERIA|52UZPE01152001T09MT04EBS001H0384F0384CF384|2025-07-28|1||1||3||1||3|2|11|5|3|2|20||2|13|0||1||1||1||1||1|2|3|2|1|1|1|2|2|2|2|2|2||2|2|1|1||6||1|2|2|1|1|1|2|2|1|52UZPE01152001T09MT04EBS001H038452UZPE01152001T09MT04EBS001H0384F0384
2|324|1|52|UZPE011|52001|T09|MT04|VILLA FLOR II|MZ32CASA9VILLAFLORDOS|-77.255483|1.200092||52UZPE01152001T09MT04EBS001H0385|52UZPE01152001T09MT04EBS001H0385F0385|2|2|2|3|52UZPE01152001T09MT04EBS001|900091143|CC|27087122|AUXILIARDEENFERMERIA|52UZPE01152001T09MT04EBS001H0385F0385CF385|2025-07-28|1||1||3||1||3|2|11|5|3|2|20||2|13|0||1||1||1||1||7|1|3|3|1|1|1|2|2|2|2|2|2||2|2|1|1||6||1|2|2|1|1|1|2|2|1|52UZPE01152001T09MT04EBS001H038552UZPE01152001T09MT04EBS001H0385F0385
2|325|1|52|UZPE011|52001|T09|MT04|VILLA FLOR II|MZ32CASA11VILLAFLORDOS|-77.255661|1.199431||52UZPE01152001T09MT04EBS001H0386|52UZPE01152001T09MT04EBS001H0386F0386|2|1|1|3|52UZPE01152001T09MT04EBS001|900091143|CC|27087122|AUXILIARDEENFERMERIA|52UZPE01152001T09MT04EBS001H0386F0386CF386|2025-07-28|1||1||3||1||3|2|11|5|3|2|20||2|13|0||1||1||1||1||1|3|3|1|1|1|1|2|2|2|2|2|2||2|2|1|1||6||1|2|2|1|2|1|2|2|1|52UZPE01152001T09MT04EBS001H038652UZPE01152001T09MT04EBS001H0386F0386
2|326|1|52|UZPE011|52001|T09|MT04|VILLA FLOR II|MANZANA43CASA28|-77.258274|1.200086||52UZPE01152001T09MT04EBS001H0390|52UZPE01152001T09MT04EBS001H0390F0390|2|1|1|2|52UZPE01152001T09MT04EBS001|900091143|CC|1085300095|AUXILIARDEENFERMERIA|52UZPE01152001T09MT04EBS001H0390F0390CF390|2025-07-21|4||1||3||1||2|2|11|4|3|2|20||2|13|0||1||1||1||1||1|2|1|2|1|1|3|2|2|2|2|2|2||2|2|1|1||6||1|2|2|1|1|1|2|2|1|52UZPE01152001T09MT04EBS001H039052UZPE01152001T09MT04EBS001H0390F0390
2|327|1|52|UZPE011|52001|T09|MT04|VILLA FLOR II|MANZANA43CASA28|-77.258274|1.200086||52UZPE01152001T09MT04EBS001H0391|52UZPE01152001T09MT04EBS001H0391F0391|2|1|1|1|52UZPE01152001T09MT04EBS001|900091143|CC|1085300095|AUXILIARDEENFERMERIA|52UZPE01152001T09MT04EBS001H0391F0391CF391|2025-07-21|5||1||3||1||1|2|11|5|2|2|20||2|13|0||1||1||1||1||7|1|1|3|1|1|2|2|2|2|2|2|2||2|2|1|1||6||1|2|2|1|2|1|2|2|1|52UZPE01152001T09MT04EBS001H039152UZPE01152001T09MT04EBS001H0391F0391
2|328|1|52|UZPE011|52001|T09|MT04|VILLA FLOR II|MANZANA43CASA28APTO1|-77.258274|1.200086||52UZPE01152001T09MT04EBS001H0392|52UZPE01152001T09MT04EBS001H0392F0392|2|1|1|2|52UZPE01152001T09MT04EBS001|900091143|CC|1085300095|AUXILIARDEENFERMERIA|52UZPE01152001T09MT04EBS001H0392F0392CF392|2025-07-21|4||1||3||1||1|2|11|4|2|2|20||2|13|0||1||1||1||1||2|2|1|2|1|1|2|2|2|2|2|2|2||2|2|1|2||6||1|2|2|1|1|1|2|2|1|52UZPE01152001T09MT04EBS001H039252UZPE01152001T09MT04EBS001H0392F0392
2|329|1|52|UZPE011|52001|T09|MT04|VILLA FLOR II|MNZ31CASA12|-77.258606|1.200193||52UZPE01152001T09MT04EBS001H0393|52UZPE01152001T09MT04EBS001H0393F0393|2|1|1|2|52UZPE01152001T09MT04EBS001|900091143|CC|37084285|AUXILIARDEENFERMERIA|52UZPE01152001T09MT04EBS001H0393F0393CF393|2025-07-25|1||1||3||1||1|2|11|5|2|2|20||2|13|0||1||1||1||1||2|2|1|1|1|1|1|2|2|2|2|2|2||2|2|1|1||6||1|2|2|1|1|1|2|2|1|52UZPE01152001T09MT04EBS001H039352UZPE01152001T09MT04EBS001H0393F0393
2|330|1|52|UZPE011|52001|T09|MT04|VILLA FLOR II|MNZ31CASA31|-77.256304|1.200137||52UZPE01152001T09MT04EBS001H0394|52UZPE01152001T09MT04EBS001H0394F0394|2|1|1|3|52UZPE01152001T09MT04EBS001|900091143|CC|37084285|AUXILIARDEENFERMERIA|52UZPE01152001T09MT04EBS001H0394F0394CF394|2025-07-25|1||1||3||1||2|2|11|5|3|2|20||1|13|0||1||1||1||1||2|3|1|1|1|1|1|2|2|2|2|2|2||2|2|2|2||6||2|2|2|1|1|1|2|2|1|52UZPE01152001T09MT04EBS001H039452UZPE01152001T09MT04EBS001H0394F0394
2|331|1|52|UZPE011|52001|T09|MT04|VILLA FLOR II|MNZ31CASA28|-77.25662|1.200293||52UZPE01152001T09MT04EBS001H0395|52UZPE01152001T09MT04EBS001H0395F0395|2|1|1|1|52UZPE01152001T09MT04EBS001|900091143|CC|37084285|AUXILIARDEENFERMERIA|52UZPE01152001T09MT04EBS001H0395F0395CF395|2025-07-25|4||1||3||1||1|2|11|5|2|2|20||2|13|0||1||1||1||1||7|1|1|1|1|1|2|2|2|2|2|2|2||2|2|2|2||6||2|2|2|1|1|1|2|2|1|52UZPE01152001T09MT04EBS001H039552UZPE01152001T09MT04EBS001H0395F0395
2|332|1|52|UZPE011|52001|T09|MT04|VILLA FLOR II|MNZ31CASA27|-77.255735|1.199615||52UZPE01152001T09MT04EBS001H0396|52UZPE01152001T09MT04EBS001H0396F0396|2|1|1|1|52UZPE01152001T09MT04EBS001|900091143|CC|37084285|AUXILIARDEENFERMERIA|52UZPE01152001T09MT04EBS001H0396F0396CF396|2025-07-24|1||1||3||1||1|2|11|5|3|2|20||2|13|0||1||1||1||1||7|1|1|1|1|1|1|2|2|2|2|2|2||2|2|1|2||6||1|2|2|1|1|1|2|2|1|52UZPE01152001T09MT04EBS001H039652UZPE01152001T09MT04EBS001H0396F0396
2|333|1|52|UZPE011|52001|T09|MT04|VILLA FLOR II|MANZANA43CASA28|-77.258259|1.200066||52UZPE01152001T09MT04EBS001H0397|52UZPE01152001T09MT04EBS001H0397F0397|2|1|1|1|52UZPE01152001T09MT04EBS001|900091143|CC|1085300095|AUXILIARDEENFERMERIA|52UZPE01152001T09MT04EBS001H0397F0397CF397|2025-07-21|3||1||3||1||1|2|11|4|2|2|20||2|13|0||1||1||1||1||1|3|1|3|1|1|2|2|2|2|2|2|2||2|2|1|1||6||1|2|2|1|1|1|2|2|1|52UZPE01152001T09MT04EBS001H039752UZPE01152001T09MT04EBS001H0397F0397
2|334|1|52|UZPE011|52001|T09|MT04|VILLA FLOR II|MNZ31CASA27|-77.255737|1.199616||52UZPE01152001T09MT04EBS001H0398|52UZPE01152001T09MT04EBS001H0398F0398|2|1|1|1|52UZPE01152001T09MT04EBS001|900091143|CC|37084285|AUXILIARDEENFERMERIA|52UZPE01152001T09MT04EBS001H0398F0398CF398|2025-07-25|4||1||3||1||1|2|11|5|2|2|20||2|13|0||1||1||1||1||7|1|1|1|1|1|1|2|2|2|2|2|2||2|2|2|1||6||2|2|2|1|1|1|2|2|1|52UZPE01152001T09MT04EBS001H039852UZPE01152001T09MT04EBS001H0398F0398
2|335|1|52|UZPE011|52001|T09|MT04|VILLA FLOR II|MNZ32CASA3|-77.25583|1.200575||52UZPE01152001T09MT04EBS001H0399|52UZPE01152001T09MT04EBS001H0399F0399|2|1|1|2|52UZPE01152001T09MT04EBS001|900091143|CC|37084285|AUXILIARDEENFERMERIA|52UZPE01152001T09MT04EBS001H0399F0399CF399|2025-07-28|1||1||3||1||1|2|11|5|3|2|20||2|13|0||1||1||1||1||2|2|1|1|1|1|1|2|2|2|2|2|2||2|2|1|1||6||1|2|2|1|1|1|2|2|1|52UZPE01152001T09MT04EBS001H039952UZPE01152001T09MT04EBS001H0399F0399
2|336|1|52|UZPE011|52001|T09|MT04|VILLA FLOR II|MNZ32CASA3|-77.25583|1.200575||52UZPE01152001T09MT04EBS001H0400|52UZPE01152001T09MT04EBS001H0400F0400|2|1|1|1|52UZPE01152001T09MT04EBS001|900091143|CC|37084285|AUXILIARDEENFERMERIA|52UZPE01152001T09MT04EBS001H0400F0400CF400|2025-07-28|4||1||3||1||1|2|11|5|2|2|20||2|13|0||1||1||1||1||7|1|1|1|1|1|1|2|2|2|2|2|2||2|2|2|1||6||2|2|2|1|1|1|2|2|1|52UZPE01152001T09MT04EBS001H040052UZPE01152001T09MT04EBS001H0400F0400
2|337|1|52|UZPE011|52001|T09|MT04|VILLA FLOR II|MZ32CASA3|-77.25585|1.200576||52UZPE01152001T09MT04EBS001H0401|52UZPE01152001T09MT04EBS001H0401F0401|2|1|1|1|52UZPE01152001T09MT04EBS001|900091143|CC|37084285|AUXILIARDEENFERMERIA|52UZPE01152001T09MT04EBS001H0401F0401CF401|2025-07-28|5||1||3||1||1|2|11|5|2|2|20||2|13|0||1||1||1||1||7|1|1|1|1|1|1|2|2|2|2|2|2||2|2|2|1||6||2|2|2|1|1|1|2|2|1|52UZPE01152001T09MT04EBS001H040152UZPE01152001T09MT04EBS001H0401F0401
2|338|1|52|UZPE011|52001|T09|MT04|VILLA FLOR II|MANZANA43CASA28APTO2|-77.2583|1.200016||52UZPE01152001T09MT04EBS001H0403|52UZPE01152001T09MT04EBS001H0403F0403|2|1|1|3|52UZPE01152001T09MT04EBS001|900091143|CC|1085300095|AUXILIARDEENFERMERIA|52UZPE01152001T09MT04EBS001H0403F0403CF403|2025-07-21|4||1||3||4||2|2|10|4|2|2|19||2|13|0||1||1||1||1||1|3|2|3|1|1|3|2|2|2|2|2|2||2|2|1|1||6||1|2|2|1|1|1|2|2|1|52UZPE01152001T09MT04EBS001H040352UZPE01152001T09MT04EBS001H0403F0403
2|339|1|52|UZPE011|52001|T09|MT04|VILLA FLOR II|MANZANA43CASA28APTO3|-77.258274|1.200086||52UZPE01152001T09MT04EBS001H0404|52UZPE01152001T09MT04EBS001H0404F0404|2|1|1|2|52UZPE01152001T09MT04EBS001|900091143|CC|1085300095|AUXILIARDEENFERMERIA|52UZPE01152001T09MT04EBS001H0404F0404CF404|2025-07-21|3||1||3||4||2|2|10|5|2|2|20||2|13|0||1||1||1||1||2|2|1|2|1|1|2|2|2|2|2|2|2||2|2|1|1||6||1|2|2|1|2|1|2|2|1|52UZPE01152001T09MT04EBS001H040452UZPE01152001T09MT04EBS001H0404F0404
2|340|1|52|UZPE011|52001|T09|MT04|VILLA FLOR II|MNZ31CASA6|-77.256745|1.200555||52UZPE01152001T09MT04EBS001H0405|52UZPE01152001T09MT04EBS001H0405F0405|2|1|1|1|52UZPE01152001T09MT04EBS001|900091143|CC|37084285|AUXILIARDEENFERMERIA|52UZPE01152001T09MT04EBS001H0405F0405CF405|2025-07-29|1||1||3||1||1|2|11|5|2|2|20||2|13|0||1||1||1||1||7|1|1|1|1|1|1|2|2|2|2|2|2||2|2|1|1||6||1|2|2|1|1|1|2|2|1|52UZPE01152001T09MT04EBS001H040552UZPE01152001T09MT04EBS001H0405F0405
2|341|1|52|UZPE011|52001|T09|MT04|VILLA FLOR II|MNZ31CASA6|-77.256745|1.200555||52UZPE01152001T09MT04EBS001H0406|52UZPE01152001T09MT04EBS001H0406F0406|2|1|1|1|52UZPE01152001T09MT04EBS001|900091143|CC|37084285|AUXILIARDEENFERMERIA|52UZPE01152001T09MT04EBS001H0406F0406CF406|2025-07-29|4||1||3||1||1|2|11|5|2|2|20||1|13|0||1||1||1||1||7|1|1|1|1|1|2|2|2|2|2|2|2||2|2|2|1||6||2|2|2|1|1|1|2|2|1|52UZPE01152001T09MT04EBS001H040652UZPE01152001T09MT04EBS001H0406F0406
2|342|1|52|UZPE011|52001|T09|MT04|VILLA FLOR II|MNZ28CASA14|-77.256659|1.209908||52UZPE01152001T09MT04EBS001H0407|52UZPE01152001T09MT04EBS001H0407F0407|2|1|1|1|52UZPE01152001T09MT04EBS001|900091143|CC|37084285|AUXILIARDEENFERMERIA|52UZPE01152001T09MT04EBS001H0407F0407CF407|2025-07-29|1||1||3||1||1|2|11|5|3|2|20||2|13|0||1||1||1||1||7|1|1|1|1|1|1|2|2|2|2|2|2||2|2|2|1||6||2|2|2|1|1|1|2|2|1|52UZPE01152001T09MT04EBS001H040752UZPE01152001T09MT04EBS001H0407F0407
2|343|1|52|UZPE011|52001|T09|MT04|VILLA FLOR II|MZ28CASA20VILLAFLORDOS|-77.256753|1.200655||52UZPE01152001T09MT04EBS001H0408|52UZPE01152001T09MT04EBS001H0408F0408|2|1|1|2|52UZPE01152001T09MT04EBS001|900091143|CC|27087122|AUXILIARDEENFERMERIA|52UZPE01152001T09MT04EBS001H0408F0408CF408|2025-07-29|1||1||3||1||1|2|11|5|3|2|20||2|13|0||1||1||1||1||1|2|3|1|1|1|1|2|2|2|2|2|2||2|2|1|1||6||1|2|2|1|1|1|2|2|1|52UZPE01152001T09MT04EBS001H040852UZPE01152001T09MT04EBS001H0408F0408
2|344|1|52|UZPE011|52001|T09|MT04|VILLA FLOR II|MZ28CASA28VILLAFLORDOS|-77.256641|1.200621||52UZPE01152001T09MT04EBS001H0409|52UZPE01152001T09MT04EBS001H0409F0409|2|1|1|3|52UZPE01152001T09MT04EBS001|900091143|CC|27087122|AUXILIARDEENFERMERIA|52UZPE01152001T09MT04EBS001H0409F0409CF409|2025-07-29|1||1||3||1||2|2|11|5|3|2|20||2|13|0||1||1||1||1||1|3|3|1|1|1|1|2|2|2|2|2|2||2|2|1|1||6||1|2|2|1|1|1|2|2|1|52UZPE01152001T09MT04EBS001H040952UZPE01152001T09MT04EBS001H0409F0409
2|345|1|52|UZPE011|52001|T09|MT04|VILLA FLOR II|MZ11CASA22VILLAFLORDOS|-77.256748|1.201197||52UZPE01152001T09MT04EBS001H0410|52UZPE01152001T09MT04EBS001H0410F0410|2|1|1|2|52UZPE01152001T09MT04EBS001|900091143|CC|27087122|AUXILIARDEENFERMERIA|52UZPE01152001T09MT04EBS001H0410F0410CF410|2025-07-29|1||1||3||1||2|2|11|5|3|2|20||1|13|0||1||1||1||1||1|2|3|2|1|1|1|2|2|2|2|2|2||2|2|1|2||6||1|2|2|1|1|1|2|2|1|52UZPE01152001T09MT04EBS001H041052UZPE01152001T09MT04EBS001H0410F0410
2|346|1|52|UZPE011|52001|T08|MT02|MERCEDARIO|CR2E21C54|-77.260097|1.203938||52UZPE01152001T08MT02EBS001H0413|52UZPE01152001T08MT02EBS001H0413F0413|2|1|1|2|52UZPE01152001T08MT02EBS001|900091143|CC|1085255824|AUXDEENFERMERIA|52UZPE01152001T08MT02EBS001H0413F0413CF413|2025-07-23|5||1||3||1||1|2|11|1|2|2|20||2|13|0||1||1||1||1||1|2|3|1|1|1|1|2|2|2|2|2|2||2|2|1|2||6||1|2|2|1|1|1|2|2|1|52UZPE01152001T08MT02EBS001H041352UZPE01152001T08MT02EBS001H0413F0413
2|347|1|52|UZPE011|52001|T08|MT02|MERCEDARIO|CRA2E21C21|-77.260148|1.203628||52UZPE01152001T08MT02EBS001H0414|52UZPE01152001T08MT02EBS001H0414F0414|2|1|1|2|52UZPE01152001T08MT02EBS001|900091143|CC|1085255824|AUXDEENFERMERIA|52UZPE01152001T08MT02EBS001H0414F0414CF414|2025-07-24|5||1||3||4||1|2|11|5|2|2|20||2|13|0||1||1||1||1||1|2|3|2|1|1|1|2|2|2|2|2|2||2|2|1|2||6||1|2|2|1|1|1|2|2|1|52UZPE01152001T08MT02EBS001H041452UZPE01152001T08MT02EBS001H0414F0414
2|348|1|52|UZPE011|52001|T09|MT04|VILLA FLOR II|MZ11CASA19|-77.256148|1.201197||52UZPE01152001T09MT04EBS001H0415|52UZPE01152001T09MT04EBS001H0415F0415|2|1|1|1|52UZPE01152001T09MT04EBS001|900091143|CC|37084285|AUXILIARDEENFERMERIA|52UZPE01152001T09MT04EBS001H0415F0415CF415|2025-07-30|1||1||3||1||1|2|11|5|3|2|20||2|13|0||1||1||1||1||7|1|1|1|1|1|2|2|2|2|2|2|2||2|2|2|1||6||2|2|2|1|1|1|2|2|1|52UZPE01152001T09MT04EBS001H041552UZPE01152001T09MT04EBS001H0415F0415
2|349|1|52|UZPE011|52001|T09|MT04|VILLA FLOR II|MZ11CASA19|-77.256148|1.201197||52UZPE01152001T09MT04EBS001H0416|52UZPE01152001T09MT04EBS001H0416F0416|2|1|1|1|52UZPE01152001T09MT04EBS001|900091143|CC|37084285|AUXILIARDEENFERMERIA|52UZPE01152001T09MT04EBS001H0416F0416CF416|2025-07-30|4||1||3||1||1|2|11|5|3|2|20||2|13|0||1||1||1||1||7|1|1|1|1|1|1|2|2|2|2|2|2||2|2|1|2||6||1|2|2|1|1|1|2|2|1|52UZPE01152001T09MT04EBS001H041652UZPE01152001T09MT04EBS001H0416F0416
2|350|1|52|UZPE011|52001|T09|MT04|VILLA FLOR II|MNZ11CASA25|-77.256659|1.200908||52UZPE01152001T09MT04EBS001H0417|52UZPE01152001T09MT04EBS001H0417F0417|2|1|1|1|52UZPE01152001T09MT04EBS001|900091143|CC|37084285|AUXILIARDEENFERMERIA|52UZPE01152001T09MT04EBS001H0417F0417CF417|2025-07-30|1||1||3||1||1|2|11|5|2|2|20||2|13|0||1||1||1||1||7|1|1|1|1|1|1|2|2|2|2|2|2||2|2|1|2||6||1|2|2|1|1|1|2|2|1|52UZPE01152001T09MT04EBS001H041752UZPE01152001T09MT04EBS001H0417F0417
2|351|1|52|UZPE011|52001|T09|MT04|VILLA FLOR II|MNZ11CASA25|-77.256659|1.200908||52UZPE01152001T09MT04EBS001H0418|52UZPE01152001T09MT04EBS001H0418F0418|2|1|1|1|52UZPE01152001T09MT04EBS001|900091143|CC|37084285|AUXILIARDEENFERMERIA|52UZPE01152001T09MT04EBS001H0418F0418CF418|2025-07-30|4||1||3||1||1|2|11|5|2|2|20||2|13|0||1||1||1||1||7|1|1|1|1|1|2|2|2|2|2|2|2||2|2|1|2||6||1|2|2|1|1|1|2|2|1|52UZPE01152001T09MT04EBS001H041852UZPE01152001T09MT04EBS001H0418F0418
2|352|1|52|UZPE011|52001|T09|MT04|VILLA FLOR II|MZ11CASA12VILLAFLORDOS|-77.256814|1.199728||52UZPE01152001T09MT04EBS001H0420|52UZPE01152001T09MT04EBS001H0420F0420|2|1|1|2|52UZPE01152001T09MT04EBS001|900091143|CC|27087122|AUXILIARDEENFERMERIA|52UZPE01152001T09MT04EBS001H0420F0420CF420|2025-07-31|1||1||3||1||2|2|11|5|3|2|20||2|13|0||1||1||1||1||1|2|3|2|1|1|1|2|2|2|2|2|2||2|2|2|2||6||2|2|2|1|2|1|2|2|1|52UZPE01152001T09MT04EBS001H042052UZPE01152001T09MT04EBS001H0420F0420
2|353|1|52|UZPE011|52001|T09|MT04|VILLA FLOR II|MZ10CASA23VILLAFLORDOS|-77.270279|1.201918||52UZPE01152001T09MT04EBS001H0422|52UZPE01152001T09MT04EBS001H0422F0422|2|1|1|2|52UZPE01152001T09MT04EBS001|900091143|CC|27087122|AUXILIARDEENFERMERIA|52UZPE01152001T09MT04EBS001H0422F0422CF422|2025-07-31|1||1||3||1||2|2|11|5|3|2|20||2|13|0||1||1||1||1||1|2|3|1|1|1|1|2|2|2|2|2|2||2|2|1|2||6||1|2|2|1|1|1|2|2|1|52UZPE01152001T09MT04EBS001H042252UZPE01152001T09MT04EBS001H0422F0422
2|354|1|52|UZPE011|52001|T09|MT04|VILLA FLOR II|MANZANA31CASA28APTO1|-77.256733|1.200335||52UZPE01152001T09MT04EBS001H0423|52UZPE01152001T09MT04EBS001H0423F0423|2|1|1|2|52UZPE01152001T09MT04EBS001|900091143|CC|1085300095|AUXILIARDEENFERMERIA|52UZPE01152001T09MT04EBS001H0423F0423CF423|2025-07-24|4||1||3||1||2|2|11|5|2|2|20||2|13|0||1||1||1||1||2|2|1|2|1|1|2|2|2|2|2|2|2||2|2|1|2||6||1|2|2|1|1|1|2|2|1|52UZPE01152001T09MT04EBS001H042352UZPE01152001T09MT04EBS001H0423F0423
2|355|1|52|UZPE011|52001|T08|MT02|MERCEDARIO|KRA2E21C21|-77.260148|1.203628||52UZPE01152001T08MT02EBS001H0424|52UZPE01152001T08MT02EBS001H0424F0424|2|1|1|2|52UZPE01152001T08MT02EBS001|900091143|CC|1085255824|AUXDEENFERMERIA|52UZPE01152001T08MT02EBS001H0424F0424CF424|2025-07-24|5||1||3||4||1|1|11|5|2|2|20||2|13|0||1||1||1||1||2|2|3|1|1|1|1|2|2|2|2|2|2||2|2|1|2||6||1|2|2|1|2|1|2|2|1|52UZPE01152001T08MT02EBS001H042452UZPE01152001T08MT02EBS001H0424F0424
2|356|1|52|UZPE011|52001|T09|MT04|VILLA FLOR II|MANZANA32CASA2|-77.256105|1.200534||52UZPE01152001T09MT04EBS001H0425|52UZPE01152001T09MT04EBS001H0425F0425|2|1|1|2|52UZPE01152001T09MT04EBS001|900091143|CC|1085300095|AUXILIARDEENFERMERIA|52UZPE01152001T09MT04EBS001H0425F0425CF425|2025-07-28|4||1||3||1||1|2|11|5|3|2|20||2|13|0||1||1||1||1||2|2|1|1|1|1|1|2|2|2|2|2|2||2|2|1|1||6||1|2|2|1|1|1|2|2|1|52UZPE01152001T09MT04EBS001H042552UZPE01152001T09MT04EBS001H0425F0425
2|357|1|52|UZPE011|52001|T09|MT04|VILLA FLOR II|MANZANA32CASA2|-77.256105|1.200534||52UZPE01152001T09MT04EBS001H0426|52UZPE01152001T09MT04EBS001H0426F0426|2|1|1|1|52UZPE01152001T09MT04EBS001|900091143|CC|1085300095|AUXILIARDEENFERMERIA|52UZPE01152001T09MT04EBS001H0426F0426CF426|2025-07-28|4||1||3||1||1|2|11|5|2|2|20||2|13|0||1||1||1||1||7|1|1|1|1|1|1|2|2|2|2|2|2||2|2|2|1||6||2|2|2|1|2|1|2|2|1|52UZPE01152001T09MT04EBS001H042652UZPE01152001T09MT04EBS001H0426F0426
2|358|1|52|UZPE011|52001|T09|MT04|VILLA FLOR II|MANZANA32CASA10|-77.255624|1.200854||52UZPE01152001T09MT04EBS001H0427|52UZPE01152001T09MT04EBS001H0427F0427|2|1|1|1|52UZPE01152001T09MT04EBS001|900091143|CC|1085300095|AUXILIARDEENFERMERIA|52UZPE01152001T09MT04EBS001H0427F0427CF427|2025-07-28|4||1||3||1||1|2|11|5|3|2|20||2|13|0||1||1||1||1||7|1|1|2|1|1|2|2|2|2|2|2|2||2|2|1|1||6||1|2|2|1|1|1|2|2|1|52UZPE01152001T09MT04EBS001H042752UZPE01152001T09MT04EBS001H0427F0427
2|359|1|52|UZPE011|52001|T09|MT04|VILLA FLOR II|MANZANA29CASA26|-77.256269|1.20054||52UZPE01152001T09MT04EBS001H0428|52UZPE01152001T09MT04EBS001H0428F0428|2|1|1|2|52UZPE01152001T09MT04EBS001|900091143|CC|1085300095|AUXILIARDEENFERMERIA|52UZPE01152001T09MT04EBS001H0428F0428CF428|2025-07-28|1||1||3||1||2|2|11|4|2|2|20||2|13|0||1||1||1||1||2|2|1|3|1|1|3|2|2|2|2|2|2||2|2|1|2||6||1|2|2|1|2|1|2|2|1|52UZPE01152001T09MT04EBS001H042852UZPE01152001T09MT04EBS001H0428F0428
2|360|1|52|UZPE011|52001|T09|MT04|VILLA FLOR II|MANZANA29CASA26|-77.256269|1.20054||52UZPE01152001T09MT04EBS001H0429|52UZPE01152001T09MT04EBS001H0429F0429|2|1|1|2|52UZPE01152001T09MT04EBS001|900091143|CC|1085300095|AUXILIARDEENFERMERIA|52UZPE01152001T09MT04EBS001H0429F0429CF429|2025-07-28|4||1||3||1||1|2|11|5|2|2|20||2|13|0||1||1||1||1||2|2|1|1|1|1|2|2|2|2|2|2|2||2|2|1|2||6||1|2|2|1|1|1|2|2|1|52UZPE01152001T09MT04EBS001H042952UZPE01152001T09MT04EBS001H0429F0429
2|361|1|52|UZPE011|52001|T09|MT04|VILLA FLOR II|MANZANA29CASA26APTO3|-77.256269|1.20054||52UZPE01152001T09MT04EBS001H0430|52UZPE01152001T09MT04EBS001H0430F0430|1|1|1|2|52UZPE01152001T09MT04EBS001|900091143|CC|1085300095|AUXILIARDEENFERMERIA|52UZPE01152001T09MT04EBS001H0430F0430CF430|2025-07-28|1||1||3||1||1|2|11|4|2|2|20||2|13|0||1||1||1||1||2|2|1|2|1|1|2|2|2|2|2|2|2||2|2|1|2||6||1|2|2|1|1|1|2|2|1|52UZPE01152001T09MT04EBS001H043052UZPE01152001T09MT04EBS001H0430F0430
2|362|1|52|UZPE011|52001|T09|MT04|VILLA FLOR II|MANZANA31CASA14|-77.256417|1.20065||52UZPE01152001T09MT04EBS001H0431|52UZPE01152001T09MT04EBS001H0431F0431|2|1|1|2|52UZPE01152001T09MT04EBS001|900091143|CC|1085300095|AUXILIARDEENFERMERIA|52UZPE01152001T09MT04EBS001H0431F0431CF431|2025-07-29|1||1||3||1||1|2|11|4|3|2|20||2|13|0||1||1||1||1||2|2|1|1|1|1|1|2|2|2|2|2|2||2|2|1|2||6||1|2|2|1|1|1|2|2|1|52UZPE01152001T09MT04EBS001H043152UZPE01152001T09MT04EBS001H0431F0431
2|363|1|52|UZPE011|52001|T09|MT04|VILLA FLOR II|MANZANA28CASA29|-77.256922|1.200564||52UZPE01152001T09MT04EBS001H0432|52UZPE01152001T09MT04EBS001H0432F0432|2|1|1|2|52UZPE01152001T09MT04EBS001|900091143|CC|1085300095|AUXILIARDEENFERMERIA|52UZPE01152001T09MT04EBS001H0432F0432CF432|2025-07-29|1||1||3||1||2|2|11|4|2|2|20||2|13|0||1||1||1||1||2|2|1|2|1|1|2|2|2|2|2|2|2||2|2|1|1||7||1|2|2|1|1|1|2|2|1|52UZPE01152001T09MT04EBS001H043252UZPE01152001T09MT04EBS001H0432F0432
2|364|1|52|UZPE011|52001|T09|MT04|VILLA FLOR II|MANZANA28CASA7|-77.256777|1.201212||52UZPE01152001T09MT04EBS001H0433|52UZPE01152001T09MT04EBS001H0433F0433|2|1|1|1|52UZPE01152001T09MT04EBS001|900091143|CC|1085300095|AUXILIARDEENFERMERIA|52UZPE01152001T09MT04EBS001H0433F0433CF433|2025-07-29|1||1||3||1||1|2|11|5|2|2|20||2|13|0||1||1||1||1||7|1|1|3|1|1|2|2|2|2|2|2|2||2|2|1|2||6||1|2|2|1|1|1|2|2|1|52UZPE01152001T09MT04EBS001H043352UZPE01152001T09MT04EBS001H0433F0433
2|365|1|52|UZPE011|52001|T09|MT04|VILLA FLOR II|MANZANA11CASA18|-77.256237|1.200708||52UZPE01152001T09MT04EBS001H0434|52UZPE01152001T09MT04EBS001H0434F0434|2|1|1|1|52UZPE01152001T09MT04EBS001|900091143|CC|1085300095|AUXILIARDEENFERMERIA|52UZPE01152001T09MT04EBS001H0434F0434CF434|2025-07-29|5||1||3||1||1|2|11|5|2|2|20||2|13|0||1||1||1||1||7|1|1|3|1|1|3|2|2|2|2|2|2||2|2|1|1||6||1|2|2|1|1|1|2|2|1|52UZPE01152001T09MT04EBS001H043452UZPE01152001T09MT04EBS001H0434F0434
2|366|1|52|UZPE011|52001|T09|MT04|VILLA FLOR II|MANZANA11CASA24|-77.256623|1.200926||52UZPE01152001T09MT04EBS001H0435|52UZPE01152001T09MT04EBS001H0435F0435|2|1|1|2|52UZPE01152001T09MT04EBS001|900091143|CC|1085300095|AUXILIARDEENFERMERIA|52UZPE01152001T09MT04EBS001H0435F0435CF435|2025-07-29|1||1||3||1||1|2|11|4|3|2|20||2|13|0||1||1||1||1||2|2|1|4|1|1|3|2|2|2|2|2|2||2|2|1|2||6||1|2|2|1|1|1|2|2|1|52UZPE01152001T09MT04EBS001H043552UZPE01152001T09MT04EBS001H0435F0435
2|367|1|52|UZPE011|52001|T09|MT04|VILLA FLOR II|MANZANA10CASA37|-77.256266|1.201358||52UZPE01152001T09MT04EBS001H0436|52UZPE01152001T09MT04EBS001H0436F0436|2|1|1|1|52UZPE01152001T09MT04EBS001|900091143|CC|1085300095|AUXILIARDEENFERMERIA|52UZPE01152001T09MT04EBS001H0436F0436CF436|2025-07-31|1||1||3||1||1|2|11|4|3|2|20||2|13|0||1||1||1||1||7|1|1|2|1|1|2|2|2|2|2|2|2||2|2|1|2||6||1|2|2|1|1|1|2|2|1|52UZPE01152001T09MT04EBS001H043652UZPE01152001T09MT04EBS001H0436F0436
2|368|1|52|UZPE011|52001|T09|MT02|SANTA BARBARA|CRA6E20A60SANTABARBARA|-77.258675|1.200075||52UZPE01152001T09MT02EBS001H0438|52UZPE01152001T09MT02EBS001H0438F0438|2|1|1|3|52UZPE01152001T09MT02EBS001|900091143|CC|27087122|AUXILIARDEENFERMERIA|52UZPE01152001T09MT02EBS001H0438F0438CF438|2025-08-04|1||1||3||4||3|2|11|5|3|2|20||2|13|0||1||1||1||1||1|3|3|1|1|1|1|2|2|2|2|2|2||2|2|1|2||6||1|2|2|1|1|1|2|2|1|52UZPE01152001T09MT02EBS001H043852UZPE01152001T09MT02EBS001H0438F0438
2|369|1|52|UZPE011|52001|T09|MT02|SANTA BARBARA|CRA6E2119SANTABARBARA|-77.258052|1.201484||52UZPE01152001T09MT02EBS001H0439|52UZPE01152001T09MT02EBS001H0439F0439|2|1|1|2|52UZPE01152001T09MT02EBS001|900091143|CC|27087122|AUXILIARDEENFERMERIA|52UZPE01152001T09MT02EBS001H0439F0439CF439|2025-08-05|1||1||3||1||2|2|11|5|3|2|20||2|13|0||1||1||1||1||1|2|3|2|1|1|1|2|2|2|2|2|2||2|2|1|1||6||1|2|2|1|2|1|2|2|1|52UZPE01152001T09MT02EBS001H043952UZPE01152001T09MT02EBS001H0439F0439
2|370|1|52|UZPE011|52001|T09|MT02|SANTA BARBARA|CRA6E2141SANTABARBARA|-77.258889|1.202104||52UZPE01152001T09MT02EBS001H0440|52UZPE01152001T09MT02EBS001H0440F0440|2|1|1|2|52UZPE01152001T09MT02EBS001|900091143|CC|27087122|AUXILIARDEENFERMERIA|52UZPE01152001T09MT02EBS001H0440F0440CF440|2025-08-05|1||1||3||1||2|2|11|5|3|2|20||1|13|0||1||1||1||1||1|2|3|2|1|1|1|2|2|2|2|2|2||2|2|1|1||6||1|2|2|1|1|1|2|2|1|52UZPE01152001T09MT02EBS001H044052UZPE01152001T09MT02EBS001H0440F0440
2|371|1|52|UZPE011|52001|T09|MT02|SANTA BARBARA|CRA6E2147SANTABARBARA|-77.258424|1.20195||52UZPE01152001T09MT02EBS001H0441|52UZPE01152001T09MT02EBS001H0441F0441|2|1|1|2|52UZPE01152001T09MT02EBS001|900091143|CC|27087122|AUXILIARDEENFERMERIA|52UZPE01152001T09MT02EBS001H0441F0441CF441|2025-08-05|1||1||3||1||2|2|11|5|3|2|20||2|13|0||1||1||1||1||1|2|3|2|1|1|1|2|2|2|2|2|2||2|2|1|1||6||1|2|2|1|2|1|2|2|1|52UZPE01152001T09MT02EBS001H044152UZPE01152001T09MT02EBS001H0441F0441
2|372|1|52|UZPE011|52001|T09|MT04|VILLA FLOR II|MANZANA10CASA17|-77.255794|1.201463||52UZPE01152001T09MT04EBS001H0444|52UZPE01152001T09MT04EBS001H0444F0444|3|1|1|1|52UZPE01152001T09MT04EBS001|900091143|CC|1085300095|AUXILIARDEENFERMERIA|52UZPE01152001T09MT04EBS001H0444F0444CF444|2025-07-31|4||1||3||1||1|2|11|5|2|2|20||1|13|0||1||1||1||1||7|1|1|2|1|1|1|2|2|2|2|2|2||2|2|2|2||6||2|2|2|1|1|1|2|2|1|52UZPE01152001T09MT04EBS001H044452UZPE01152001T09MT04EBS001H0444F0444
2|373|1|52|UZPE011|52001|T09|MT04|VILLA FLOR II|MNZ11CASA11|-77.256219|1.201324||52UZPE01152001T09MT04EBS001H0445|52UZPE01152001T09MT04EBS001H0445F0445|2|1|1|1|52UZPE01152001T09MT04EBS001|900091143|CC|37084285|AUXILIARDEENFERMERIA|52UZPE01152001T09MT04EBS001H0445F0445CF445|2025-07-31|1||1||3||1||1|2|11|5|3|2|20||2|13|0||1||1||1||1||7|1|1|1|1|1|1|2|2|2|2|2|2||2|2|1|1||6||1|2|2|1|1|1|2|2|1|52UZPE01152001T09MT04EBS001H044552UZPE01152001T09MT04EBS001H0445F0445
2|374|1|52|UZPE011|52001|T09|MT04|VILLA FLOR II|MNZ10CASA26|-77.270279|1.201918||52UZPE01152001T09MT04EBS001H0446|52UZPE01152001T09MT04EBS001H0446F0446|2|1|1|2|52UZPE01152001T09MT04EBS001|900091143|CC|37084285|AUXILIARDEENFERMERIA|52UZPE01152001T09MT04EBS001H0446F0446CF446|2025-07-31|1||1||3||1||1|2|11|5|3|2|20||2|13|0||1||1||1||1||7|1|1|1|1|1|1|2|2|2|2|2|2||2|2|1|1||6||1|2|2|1|1|1|2|2|1|52UZPE01152001T09MT04EBS001H044652UZPE01152001T09MT04EBS001H0446F0446
2|375|1|52|UZPE011|52001|T09|MT04|VILLA FLOR II|MNZ29CASA15|-77.254761|1.200197||52UZPE01152001T09MT04EBS001H0447|52UZPE01152001T09MT04EBS001H0447F0447|2|1|1|2|52UZPE01152001T09MT04EBS001|900091143|CC|37084285|AUXILIARDEENFERMERIA|52UZPE01152001T09MT04EBS001H0447F0447CF447|2025-07-28|1||1||3||1||1|2|11|5|3|2|20||2|13|0||1||1||1||1||2|2|1|1|1|1|1|2|2|2|2|2|2||2|2|1|1||6||1|2|2|1|1|1|2|2|1|52UZPE01152001T09MT04EBS001H044752UZPE01152001T09MT04EBS001H0447F0447
2|376|1|52|UZPE011|52001|T09|MT04|VILLA FLOR II|MNZ29CASA22|-77.254769|1.198953||52UZPE01152001T09MT04EBS001H0448|52UZPE01152001T09MT04EBS001H0448F0448|2|1|1|1|52UZPE01152001T09MT04EBS001|900091143|CC|37084285|AUXILIARDEENFERMERIA|52UZPE01152001T09MT04EBS001H0448F0448CF448|2025-07-31|4||1||3||1||1|2|11|5|2|2|20||2|13|0||1||1||1||1||7|1|1|1|1|1|1|2|2|2|2|2|2||2|2|2|1||6||2|2|2|1|1|1|2|2|1|52UZPE01152001T09MT04EBS001H044852UZPE01152001T09MT04EBS001H0448F0448
2|377|1|52|UZPE011|52001|T09|MT02|SANTA BARBARA|CRA5E21A43SANTABARBARA|-77.258994|1.202136||52UZPE01152001T09MT02EBS001H0450|52UZPE01152001T09MT02EBS001H0450F0450|2|1|1|3|52UZPE01152001T09MT02EBS001|900091143|CC|27087122|AUXILIARDEENFERMERIA|52UZPE01152001T09MT02EBS001H0450F0450CF450|2025-08-06|1||1||3||1||2|2|11|5|3|2|20||2|13|0||1||1||1||1||1|3|3|1|1|1|1|2|2|2|2|2|2||2|2|1|2||6||1|2|2|1|1|1|2|2|1|52UZPE01152001T09MT02EBS001H045052UZPE01152001T09MT02EBS001H0450F0450
2|378|1|52|UZPE011|52001|T09|MT04|VILLA FLOR II|MNZ6CASA10|-77.257725|1.201997||52UZPE01152001T09MT04EBS001H0451|52UZPE01152001T09MT04EBS001H0451F0451|2|1|1|3|52UZPE01152001T09MT04EBS001|900091143|CC|37084285|AUXILIARDEENFERMERIA|52UZPE01152001T09MT04EBS001H0451F0451CF451|2025-07-28|1||1||3||1||2|2|11|5|2|2|20||2|13|0||1||1||1||1||2|3|1|1|1|1|1|2|2|2|2|2|2||2|2|1|2||6||1|2|2|1|1|1|2|2|1|52UZPE01152001T09MT04EBS001H045152UZPE01152001T09MT04EBS001H0451F0451
2|379|1|52|UZPE011|52001|T09|MT04|VILLA FLOR II|MNZ6CASA10|-77.257725|1.201997||52UZPE01152001T09MT04EBS001H0452|52UZPE01152001T09MT04EBS001H0452F0452|2|1|1|1|52UZPE01152001T09MT04EBS001|900091143|CC|37084285|AUXILIARDEENFERMERIA|52UZPE01152001T09MT04EBS001H0452F0452CF452|2025-07-27|5||1||3||1||1|2|11|5|2|2|20||2|13|0||1||1||1||1||7|1|1|1|1|1|1|2|2|2|2|2|2||2|2|2|2||6||2|2|2|1|1|1|2|2|1|52UZPE01152001T09MT04EBS001H045252UZPE01152001T09MT04EBS001H0452F0452
2|380|1|52|UZPE011|52001|T09|MT04|VILLA FLOR II|MNZ6CASA11|-77.264389|1.201705||52UZPE01152001T09MT04EBS001H0453|52UZPE01152001T09MT04EBS001H0453F0453|2|1|1|1|52UZPE01152001T09MT04EBS001|900091143|CC|37084285|AUXILIARDEENFERMERIA|52UZPE01152001T09MT04EBS001H0453F0453CF453|2025-07-27|4||1||3||1||1|2|11|5|3|2|20||2|13|0||1||1||1||1||7|1|1|1|1|1|1|2|2|2|2|2|2||2|2|1|1||6||1|2|2|1|1|1|2|2|1|52UZPE01152001T09MT04EBS001H045352UZPE01152001T09MT04EBS001H0453F0453
2|381|1|52|UZPE011|52001|T09|MT04|VILLA FLOR II|MNZ5CASA5|-77.25717|1.202055||52UZPE01152001T09MT04EBS001H0454|52UZPE01152001T09MT04EBS001H0454F0454|2|1|1|2|52UZPE01152001T09MT04EBS001|900091143|CC|37084285|AUXILIARDEENFERMERIA|52UZPE01152001T09MT04EBS001H0454F0454CF454|2025-07-28|1||1||3||1||1|2|11|5|3|2|20||2|13|0||1||1||1||1||2|2|1|1|1|1|1|2|2|2|2|2|2||2|2|1|2||6||1|2|2|1|1|1|2|2|1|52UZPE01152001T09MT04EBS001H045452UZPE01152001T09MT04EBS001H0454F0454
2|382|1|52|UZPE011|52001|T09|MT04|VILLA FLOR II|MZ5CASA5|-77.25717|1.202055||52UZPE01152001T09MT04EBS001H0455|52UZPE01152001T09MT04EBS001H0455F0455|2|1|1|1|52UZPE01152001T09MT04EBS001|900091143|CC|37084285|AUXILIARDEENFERMERIA|52UZPE01152001T09MT04EBS001H0455F0455CF455|2025-07-31|5||1||3||1||1|2|11|5|2|2|20||2|13|0||1||1||1||1||7|1|2|1|1|1|1|2|2|2|2|2|2||2|2|2|1||6||2|2|2|1|1|1|2|2|1|52UZPE01152001T09MT04EBS001H045552UZPE01152001T09MT04EBS001H0455F0455
2|383|1|52|UZPE011|52001|T09|MT04|VILLA FLOR II|MZ3CASA8|-77.257833|1.202008||52UZPE01152001T09MT04EBS001H0456|52UZPE01152001T09MT04EBS001H0456F0456|2|1|1|2|52UZPE01152001T09MT04EBS001|900091143|CC|37084285|AUXILIARDEENFERMERIA|52UZPE01152001T09MT04EBS001H0456F0456CF456|2025-07-31|1||1||3||1||2|2|11|5|2|2|20||2|13|0||1||1||1||1||2|2|1|1|1|1|1|2|2|2|2|2|2||2|2|2|2||6||2|2|2|1|1|1|2|2|1|52UZPE01152001T09MT04EBS001H045652UZPE01152001T09MT04EBS001H0456F0456
2|384|1|52|UZPE011|52001|T09|MT04|VILLA FLOR II|CRA7E21A81|-77.257957|1.202196||52UZPE01152001T09MT04EBS001H0457|52UZPE01152001T09MT04EBS001H0457F0457|2|1|1|3|52UZPE01152001T09MT04EBS001|900091143|CC|37084285|AUXILIARDEENFERMERIA|52UZPE01152001T09MT04EBS001H0457F0457CF457|2025-07-29|4||1||3||1||1|2|11|5|2|2|20||2|13|0||1||1||1||1||1|2|1|1|1|1|1|2|2|2|2|2|2||2|2|2|1||6||2|2|2|1|1|1|2|2|1|52UZPE01152001T09MT04EBS001H045752UZPE01152001T09MT04EBS001H0457F0457
2|385|1|52|UZPE011|52001|T09|MT04|VILLA FLOR II|MNZ3CASA13|-77.258122|1.202187||52UZPE01152001T09MT04EBS001H0458|52UZPE01152001T09MT04EBS001H0458F0458|2|1|1|2|52UZPE01152001T09MT04EBS001|900091143|CC|37084285|AUXILIARDEENFERMERIA|52UZPE01152001T09MT04EBS001H0458F0458CF458|2025-07-31|1||1||3||1||2|2|1|5|3|2|20||2|13|0||1||1||1||1||1|2|1|2|1|1|1|2|2|2|2|2|2||2|2|2|1||6||2|2|2|1|1|1|2|2|1|52UZPE01152001T09MT04EBS001H045852UZPE01152001T09MT04EBS001H0458F0458
2|386|1|52|UZPE011|52001|T09|MT04|VILLA FLOR II|CRA7E2141|-77.2581|1.202025||52UZPE01152001T09MT04EBS001H0459|52UZPE01152001T09MT04EBS001H0459F0459|2|1|1|1|52UZPE01152001T09MT04EBS001|900091143|CC|37084285|AUXILIARDEENFERMERIA|52UZPE01152001T09MT04EBS001H0459F0459CF459|2025-07-31|4||1||3||1||2|2|11|5|2|2|20||2|13|0||1||1||1||1||7|1|1|1|1|1|1|2|2|2|2|2|2||2|2|1|1||6||1|2|2|1|1|1|2|2|1|52UZPE01152001T09MT04EBS001H045952UZPE01152001T09MT04EBS001H0459F0459
2|387|1|52|UZPE011|52001|T09|MT04|VILLA FLOR II|MZ8CASA16|-77.257424|1.20142||52UZPE01152001T09MT04EBS001H0460|52UZPE01152001T09MT04EBS001H0460F0460|2|1|1|2|52UZPE01152001T09MT04EBS001|900091143|CC|37084285|AUXILIARDEENFERMERIA|52UZPE01152001T09MT04EBS001H0460F0460CF460|2025-07-29|4||1||3||1||1|2|11|5|3|2|20||2|13|0||1||1||1||1||1|2|1|1|1|1|1|2|2|2|2|2|2||2|2|1|2||6||1|2|2|1|1|1|2|2|1|52UZPE01152001T09MT04EBS001H046052UZPE01152001T09MT04EBS001H0460F0460
2|388|1|52|UZPE011|52001|T09|MT04|VILLA FLOR II|MNZ8CASA33|-77.256637|1.201047||52UZPE01152001T09MT04EBS001H0461|52UZPE01152001T09MT04EBS001H0461F0461|2|1|1|3|52UZPE01152001T09MT04EBS001|900091143|CC|37084285|AUXILIARDEENFERMERIA|52UZPE01152001T09MT04EBS001H0461F0461CF461|2025-07-28|1||1||3||1||3|2|11|5|3|2|20||2|13|0||1||1||1||1||1|3|1|2|1|1|1|2|2|2|2|2|2||2|2|1|2||6||1|2|2|1|1|1|2|2|1|52UZPE01152001T09MT04EBS001H046152UZPE01152001T09MT04EBS001H0461F0461
2|389|1|52|UZPE011|52001|T09|MT04|VILLA FLOR II|MNZ1CASA4|-77.25787|1.201133||52UZPE01152001T09MT04EBS001H0462|52UZPE01152001T09MT04EBS001H0462F0462|2|1|1|2|52UZPE01152001T09MT04EBS001|900091143|CC|37084285|AUXILIARDEENFERMERIA|52UZPE01152001T09MT04EBS001H0462F0462CF462|2025-07-29|1||1||3||1||1|2|11|5|3|2|20||2|13|0||1||1||1||1||1|2|1|1|1|1|1|2|2|2|2|2|2||2|2|2|1||6||2|2|2|1|1|1|2|2|1|52UZPE01152001T09MT04EBS001H046252UZPE01152001T09MT04EBS001H0462F0462
2|390|1|52|UZPE011|52001|T09|MT04|VILLA FLOR II|CALLE206E23|-77.257452|1.19829||52UZPE01152001T09MT04EBS001H0463|52UZPE01152001T09MT04EBS001H0463F0463|2|1|1|2|52UZPE01152001T09MT04EBS001|900091143|CC|1085300095|AUXILIARDEENFERMERIA|52UZPE01152001T09MT04EBS001H0463F0463CF463|2025-08-04|4||1||3||1||1|2|11|5|3|2|20||2|13|0||1||1||1||1||2|2|1|2|1|1|2|2|2|2|2|2|2||2|2|1|1||6||1|2|2|1|2|1|2|2|1|52UZPE01152001T09MT04EBS001H046352UZPE01152001T09MT04EBS001H0463F0463
2|391|1|52|UZPE011|52001|T09|MT02|SANTA BARBARA|CRA62026|-77.258688|1.19981||52UZPE01152001T09MT02EBS001H0464|52UZPE01152001T09MT02EBS001H0464F0464|2|1|1|1|52UZPE01152001T09MT02EBS001|900091143|CC|1085300095|AUXILIARDEENFERMERIA|52UZPE01152001T09MT02EBS001H0464F0464CF464|2025-08-04|4||1||3||1||1|2|11|5|2|2|20||2|13|0||1||1||1||1||7|1|1|2|1|1|2|2|2|2|2|2|2||2|2|1|1||6||1|2|2|1|1|1|2|2|1|52UZPE01152001T09MT02EBS001H046452UZPE01152001T09MT02EBS001H0464F0464
2|392|1|52|UZPE011|52001|T09|MT02|SANTA BARBARA|CRA6E2052|-77.25861|1.200112||52UZPE01152001T09MT02EBS001H0465|52UZPE01152001T09MT02EBS001H0465F0465|2|1|1|3|52UZPE01152001T09MT02EBS001|900091143|CC|1085300095|AUXILIARDEENFERMERIA|52UZPE01152001T09MT02EBS001H0465F0465CF465|2025-08-04|4||1||3||1||2|2|11|5|2|2|20||2|13|0||1||1||1||1||2|3|1|2|1|1|2|2|2|2|2|2|2||2|2|1|2||6||1|2|2|1|2|1|2|2|1|52UZPE01152001T09MT02EBS001H046552UZPE01152001T09MT02EBS001H0465F0465
2|393|1|52|UZPE011|52001|T09|MT02|SANTA BARBARA|CRA5E2060|-77.258925|1.200346||52UZPE01152001T09MT02EBS001H0466|52UZPE01152001T09MT02EBS001H0466F0466|2|1|1|3|52UZPE01152001T09MT02EBS001|900091143|CC|1085300095|AUXILIARDEENFERMERIA|52UZPE01152001T09MT02EBS001H0466F0466CF466|2025-08-04|1||1||3||1||2|2|11|5|3|2|20||1|13|0||1||1||1||1||1|3|1|1|1|1|1|2|2|2|2|2|2||2|2|1|2||6||1|2|2|1|2|1|2|2|1|52UZPE01152001T09MT02EBS001H046652UZPE01152001T09MT02EBS001H0466F0466
2|394|1|52|UZPE011|52001|T09|MT02|SANTA BARBARA|CRA5E2018|-77.292271|1.200435||52UZPE01152001T09MT02EBS001H0467|52UZPE01152001T09MT02EBS001H0467F0467|2|1|1|3|52UZPE01152001T09MT02EBS001|900091143|CC|1085300095|AUXILIARDEENFERMERIA|52UZPE01152001T09MT02EBS001H0467F0467CF467|2025-07-05|4||1||3||1||2|2|11|5|2|2|20||1|13|0||1||1||1||1||1|3|1|1|1|1|1|2|2|2|2|2|2||2|2|1|2||6||1|2|2|1|1|1|2|2|1|52UZPE01152001T09MT02EBS001H046752UZPE01152001T09MT02EBS001H0467F0467
2|395|1|52|UZPE011|52001|T09|MT02|SANTA BARBARA|CALLE21A6E18|-77.258383|1.202114||52UZPE01152001T09MT02EBS001H0468|52UZPE01152001T09MT02EBS001H0468F0468|2|1|1|2|52UZPE01152001T09MT02EBS001|900091143|CC|1085300095|AUXILIARDEENFERMERIA|52UZPE01152001T09MT02EBS001H0468F0468CF468|2025-08-05|4||1||3||1||2|2|11|5|2|2|20||2|13|0||1||1||1||1||1|2|1|3|1|1|2|2|2|2|2|2|2||2|2|1|2||6||1|2|2|1|1|1|2|2|1|52UZPE01152001T09MT02EBS001H046852UZPE01152001T09MT02EBS001H0468F0468
2|396|1|52|UZPE011|52001|T09|MT02|SANTA BARBARA|CRA6E2105|-77.258593|1.201235||52UZPE01152001T09MT02EBS001H0469|52UZPE01152001T09MT02EBS001H0469F0469|2|1|1|1|52UZPE01152001T09MT02EBS001|900091143|CC|1085300095|AUXILIARDEENFERMERIA|52UZPE01152001T09MT02EBS001H0469F0469CF469|2025-08-05|4||1||3||1||1|2|11|4|2|2|20||2|13|0||1||1||1||1||7|1|1|2|1|1|2|2|2|2|2|2|2||2|2|1|1||6||1|2|2|1|1|1|2|2|1|52UZPE01152001T09MT02EBS001H046952UZPE01152001T09MT02EBS001H0469F0469
2|397|1|52|UZPE011|52001|T08|MT02|MERCEDARIO|CRA2E21D09|-77.261891|1.204358||52UZPE01152001T08MT02EBS001H0470|52UZPE01152001T08MT02EBS001H0470F0470|2|1|1|2|52UZPE01152001T08MT02EBS001|900091143|CC|1085255824|AUXDEENFERMERIA|52UZPE01152001T08MT02EBS001H0470F0470CF470|2025-07-24|1||1||3||4||2|2|11|5|3|2|20||2|13|0||1||1||1||1||2|2|3|1|1|1|1|2|2|2|2|2|2||2|2|1|1||6||1|2|2|1|2|1|2|2|1|52UZPE01152001T08MT02EBS001H047052UZPE01152001T08MT02EBS001H0470F0470
2|398|1|52|UZPE011|52001|T09|MT02|SANTA BARBARA|CRA6E2105APTO2|-77.258593|1.201235||52UZPE01152001T09MT02EBS001H0471|52UZPE01152001T09MT02EBS001H0471F0471|2|1|1|2|52UZPE01152001T09MT02EBS001|900091143|CC|1085300095|AUXILIARDEENFERMERIA|52UZPE01152001T09MT02EBS001H0471F0471CF471|2025-08-06|4||1||3||1||2|2|11|5|2|2|20||1|13|0||1||1||1||1||2|2|1|2|1|1|2|2|2|2|2|2|2||2|2|1|1||6||1|2|2|1|1|1|2|2|1|52UZPE01152001T09MT02EBS001H047152UZPE01152001T09MT02EBS001H0471F0471
2|399|1|52|UZPE011|52001|T09|MT02|SANTA BARBARA|CRA5E21A08|-77.259057|1.201781||52UZPE01152001T09MT02EBS001H0472|52UZPE01152001T09MT02EBS001H0472F0472|2|1|1|2|52UZPE01152001T09MT02EBS001|900091143|CC|1085300095|AUXILIARDEENFERMERIA|52UZPE01152001T09MT02EBS001H0472F0472CF472|2025-08-05|4||1||3||1||1|2|11|4|2|2|20||2|13|0||1||1||1||1||2|2|1|1|1|1|2|2|2|2|2|2|2||2|2|1|1||6||1|2|2|1|1|1|2|2|1|52UZPE01152001T09MT02EBS001H047252UZPE01152001T09MT02EBS001H0472F0472
2|400|1|52|UZPE011|52001|T09|MT02|SANTA BARBARA|CRA5E21A31|-77.258781|1.202078||52UZPE01152001T09MT02EBS001H0473|52UZPE01152001T09MT02EBS001H0473F0473|2|1|1|1|52UZPE01152001T09MT02EBS001|900091143|CC|1085300095|AUXILIARDEENFERMERIA|52UZPE01152001T09MT02EBS001H0473F0473CF473|2025-08-08|4||1||3||1||1|2|11|4|2|2|20||2|13|0||1||1||1||1||7|1|1|2|1|1|1|2|2|2|2|2|2||2|2|1|1||6||1|2|2|1|1|1|2|2|1|52UZPE01152001T09MT02EBS001H047352UZPE01152001T09MT02EBS001H0473F0473
2|401|1|52|UZPE011|52001|T09|MT02|SANTA BARBARA|CRA5E21A21|-77.26079|1.202179||52UZPE01152001T09MT02EBS001H0474|52UZPE01152001T09MT02EBS001H0474F0474|2|1|1|1|52UZPE01152001T09MT02EBS001|900091143|CC|1085300095|AUXILIARDEENFERMERIA|52UZPE01152001T09MT02EBS001H0474F0474CF474|2025-08-08|4||1||3||1||1|2|11|5|2|2|20||2|13|0||1||1||1||1||7|1|1|3|1|1|2|2|2|2|2|2|2||2|2|1|1||6||1|2|2|1|2|1|2|2|1|52UZPE01152001T09MT02EBS001H047452UZPE01152001T09MT02EBS001H0474F0474
2|402|1|52|UZPE011|52001|T09|MT02|SANTA BARBARA|CRA4E21A32|-77.259405|1.202053||52UZPE01152001T09MT02EBS001H0475|52UZPE01152001T09MT02EBS001H0475F0475|2|1|1|1|52UZPE01152001T09MT02EBS001|900091143|CC|1085300095|AUXILIARDEENFERMERIA|52UZPE01152001T09MT02EBS001H0475F0475CF475|2025-08-08|1||1||3||1||1|2|11|4|2|2|20||2|13|0||1||1||1||1||7|1|1|2|1|1|2|2|2|2|2|2|2||2|2|1|2||6||1|2|2|1|2|1|2|2|1|52UZPE01152001T09MT02EBS001H047552UZPE01152001T09MT02EBS001H0475F0475
2|403|1|52|UZPE011|52001|T09|MT02|SANTA BARBARA|CRA4E21B61|-77.259255|1.202553||52UZPE01152001T09MT02EBS001H0476|52UZPE01152001T09MT02EBS001H0476F0476|2|1|1|1|52UZPE01152001T09MT02EBS001|900091143|CC|1085300095|AUXILIARDEENFERMERIA|52UZPE01152001T09MT02EBS001H0476F0476CF476|2025-08-08|1||1||3||1||1|2|11|5|2|2|20||2|13|0||1||1||1||1||7|1|1|2|1|1|1|2|2|2|2|2|2||2|2|1|2||6||1|2|2|1|2|1|2|2|1|52UZPE01152001T09MT02EBS001H047652UZPE01152001T09MT02EBS001H0476F0476
2|404|1|52|UZPE011|52001|T08|MT02|MERCEDARIO|CRA6E21D45|-77.270749|1.21379||52UZPE01152001T08MT02EBS001H0477|52UZPE01152001T08MT02EBS001H0477F0477|2|1|1|3|52UZPE01152001T08MT02EBS001|900091143|CC|59813323|AUXILIARENFERMERIA|52UZPE01152001T08MT02EBS001H0477F0477CF477|2025-08-08|1||1||3||1||2|2|1|5|3|2|20||2|13|0||1||1||1||1||1|3|1|2|1|1|1|2|2|2|2|2|2||2|2|1|2||6||1|2|2|1|1|1|2|2|1|52UZPE01152001T08MT02EBS001H047752UZPE01152001T08MT02EBS001H0477F0477
2|405|1|52|UZPE011|52001|T08|MT02|MERCEDARIO|CRA2E21D09|-77.261891|1.204353||52UZPE01152001T08MT02EBS001H0478|52UZPE01152001T08MT02EBS001H0478F0478|2|1|1|1|52UZPE01152001T08MT02EBS001|900091143|CC|1085255824|AUXDEENFERMERIA|52UZPE01152001T08MT02EBS001H0478F0478CF478|2025-07-28|5||1||3||1||1|2|11|5|2|2|20||2|13|0||1||1||1||1||7|1|3|1|1|1|1|2|2|2|2|2|2||2|2|1|1||6||1|2|2|1|2|1|2|2|1|52UZPE01152001T08MT02EBS001H047852UZPE01152001T08MT02EBS001H0478F0478
2|406|1|52|UZPE011|52001|T08|MT02|MERCEDARIO|CALLE21NO3E69|-77.258825|1.204833||52UZPE01152001T08MT02EBS001H0479|52UZPE01152001T08MT02EBS001H0479F0479|2|1|1|2|52UZPE01152001T08MT02EBS001|900091143|CC|1085255824|AUXDEENFERMERIA|52UZPE01152001T08MT02EBS001H0479F0479CF479|2025-07-27|5||1||3||1||1|2|11|5|2|2|20||2|13|0||1||1||1||1||2|2|3|1|1|1|1|2|2|2|2|2|2||2|2|1|2||6||1|2|2|1|1|1|2|2|1|52UZPE01152001T08MT02EBS001H047952UZPE01152001T08MT02EBS001H0479F0479
2|407|1|52|UZPE011|52001|T08|MT02|MERCEDARIO|CALLE21CRA3E69|-77.258825|1.204833||52UZPE01152001T08MT02EBS001H0481|52UZPE01152001T08MT02EBS001H0481F0481|2|1|1|1|52UZPE01152001T08MT02EBS001|900091143|CC|1085255824|AUXDEENFERMERIA|52UZPE01152001T08MT02EBS001H0481F0481CF481|2025-07-28|5||1||3||1||1|2|11|5|2|1|20||2|13|0||1||1||1||1||7|1|3|1|1|1|1|2|2|2|2|2|2||2|2|1|2||6||1|2|2|1|2|1|2|2|1|52UZPE01152001T08MT02EBS001H048152UZPE01152001T08MT02EBS001H0481F0481
2|408|1|52|UZPE011|52001|T08|MT02|MERCEDARIO|KRA5E21C57|-77.258703|1.203817||52UZPE01152001T08MT02EBS001H0482|52UZPE01152001T08MT02EBS001H0482F0482|2|1|1|1|52UZPE01152001T08MT02EBS001|900091143|CC|1085255824|AUXDEENFERMERIA|52UZPE01152001T08MT02EBS001H0482F0482CF482|2025-07-28|4||1||3||1||1|2|11|5|2|2|20||2|13|0||1||1||1||1||2|3|3|1|1|1|1|2|2|2|2|2|2||2|2|1|2||6||1|2|2|1|2|1|2|2|1|52UZPE01152001T08MT02EBS001H048252UZPE01152001T08MT02EBS001H0482F0482
2|409|1|52|UZPE011|52001|T08|MT02|MERCEDARIO|CRA321D10|-77.262908|1.204327||52UZPE01152001T08MT02EBS001H0483|52UZPE01152001T08MT02EBS001H0483F0483|2|1|1|2|52UZPE01152001T08MT02EBS001|900091143|CC|1085255824|AUXDEENFERMERIA|52UZPE01152001T08MT02EBS001H0483F0483CF483|2025-07-28|4||1||3||1||2|2|11|5|2|2|20||2|13|0||1||1||1||1||2|2|3|1|1|1|1|2|2|2|2|2|2||2|2|1|2||6||1|2|2|1|2|1|2|2|1|52UZPE01152001T08MT02EBS001H048352UZPE01152001T08MT02EBS001H0483F0483
2|410|1|52|UZPE011|52001|T09|MT02|SANTA BARBARA|CRA6E2042|-77.257404|1.197498||52UZPE01152001T09MT02EBS001H0484|52UZPE01152001T09MT02EBS001H0484F0484|2|1|1|2|52UZPE01152001T09MT02EBS001|900091143|CC|37084285|AUXILIARDEENFERMERIA|52UZPE01152001T09MT02EBS001H0484F0484CF484|2025-08-05|4||1||3||1||1|2|11|5|2|2|20||1|13|0||1||1||1||1||7|2|1|1|1|1|1|2|2|2|2|2|2||2|2|1|2||6||1|2|2|1|1|1|2|2|1|52UZPE01152001T09MT02EBS001H048452UZPE01152001T09MT02EBS001H0484F0484
2|411|1|52|UZPE011|52001|T08|MT02|MERCEDARIO|KRA5ENO21E03APT1|-77.258635|1.204041||52UZPE01152001T08MT02EBS001H0485|52UZPE01152001T08MT02EBS001H0485F0485|2|1|1|2|52UZPE01152001T08MT02EBS001|900091143|CC|1085255824|AUXDEENFERMERIA|52UZPE01152001T08MT02EBS001H0485F0485CF485|2025-07-28|4||1||3||1||1|2|11|5|2|2|20||1|13|0||1||1||1||1||1|2|3|1|1|1|1|2|2|2|2|2|2||2|2|1|2||6||1|2|2|1|2|1|2|2|1|52UZPE01152001T08MT02EBS001H048552UZPE01152001T08MT02EBS001H0485F0485
2|412|1|52|UZPE011|52001|T08|MT02|MERCEDARIO|CRA1E21D42|-77.202069|1.221143||52UZPE01152001T08MT02EBS001H0486|52UZPE01152001T08MT02EBS001H0486F0486|2|1|1|3|52UZPE01152001T08MT02EBS001|900091143|CC|59813323|AUXILIARENFERMERIA|52UZPE01152001T08MT02EBS001H0486F0486CF486|2025-08-08|1||1||3||4||2|2|8|4|3|2|19||2|13|0||1||1||1||1||2|3|1|2|1|1|1|2|2|2|2|2|2||2|2|1|1||6||1|2|2|1|1|1|2|2|1|52UZPE01152001T08MT02EBS001H048652UZPE01152001T08MT02EBS001H0486F0486
2|413|1|52|UZPE011|52001|T08|MT02|MERCEDARIO|CRA1EAAPT1|-77.202038|1.221144||52UZPE01152001T08MT02EBS001H0487|52UZPE01152001T08MT02EBS001H0487F0487|2|1|1|3|52UZPE01152001T08MT02EBS001|900091143|CC|59813323|AUXILIARENFERMERIA|52UZPE01152001T08MT02EBS001H0487F0487CF487|2025-08-08|4||1||3||1||3|2|8|4|3|2|20||2|13|0||1||1||1||1||1|2|3|2|1|1|1|2|2|2|2|2|2||2|2|1|2||6||1|2|2|1|2|1|2|2|1|52UZPE01152001T08MT02EBS001H048752UZPE01152001T08MT02EBS001H0487F0487
2|414|1|52|UZPE011|52001|T08|MT02|MERCEDARIO|KRA4E21D33|-77.258969|1.204497||52UZPE01152001T08MT02EBS001H0488|52UZPE01152001T08MT02EBS001H0488F0488|2|1|1|1|52UZPE01152001T08MT02EBS001|900091143|CC|1085255824|AUXDEENFERMERIA|52UZPE01152001T08MT02EBS001H0488F0488CF488|2025-07-29|1||1||3||1||1|2|1|5|3|2|20||2|13|0||1||1||1||1||7|1|3|2|1|1|1|2|2|2|2|2|2||2|2|1|2||6||1|2|2|1|2|1|2|2|1|52UZPE01152001T08MT02EBS001H048852UZPE01152001T08MT02EBS001H0488F0488
2|415|1|52|UZPE011|52001|T08|MT02|MERCEDARIO|KRA5E21D04|-77.258828|1.204338||52UZPE01152001T08MT02EBS001H0489|52UZPE01152001T08MT02EBS001H0489F0489|2|1|1|1|52UZPE01152001T08MT02EBS001|900091143|CC|1085255824|AUXDEENFERMERIA|52UZPE01152001T08MT02EBS001H0489F0489CF489|2025-07-28|5||1||3||1||2|2|11|5|3|2|20||2|13|0||1||1||1||1||2|2|3|1|1|1|1|2|2|2|2|2|2||2|2|1|2||6||1|2|2|1|1|1|2|2|1|52UZPE01152001T08MT02EBS001H048952UZPE01152001T08MT02EBS001H0489F0489
2|416|1|52|UZPE011|52001|T08|MT02|MERCEDARIO|CR3A21D21|-77.262557|1.204422||52UZPE01152001T08MT02EBS001H0490|52UZPE01152001T08MT02EBS001H0490F0490|2|1|1|1|52UZPE01152001T08MT02EBS001|900091143|CC|1085304072|GESTORCOMUNITARIO|52UZPE01152001T08MT02EBS001H0490F0490CF490|2025-08-01|1||1||1||1||2|2|11|5|3|2|20||2|13|0||1||1||1||1||7|1|3|1|1|1|1|2|2|2|2|2|2||2|2|2|2||6||2|2|2|1|1|1|2|2|1|52UZPE01152001T08MT02EBS001H049052UZPE01152001T08MT02EBS001H0490F0490
2|417|1|52|UZPE011|52001|T08|MT02|MERCEDARIO|KRA5ENO21D04|-77.258828|1.204358||52UZPE01152001T08MT02EBS001H0491|52UZPE01152001T08MT02EBS001H0491F0491|2|1|1|1|52UZPE01152001T08MT02EBS001|900091143|CC|1085255824|AUXDEENFERMERIA|52UZPE01152001T08MT02EBS001H0491F0491CF491|2025-07-29|5||1||3||1||1|2|11|5|2|2|20||2|13|0||1||1||1||1||1|1|3|1|1|1|1|2|2|2|2|2|2||2|2|1|2||6||1|2|2|1|1|1|2|2|1|52UZPE01152001T08MT02EBS001H049152UZPE01152001T08MT02EBS001H0491F0491
2|418|1|52|UZPE011|52001|T08|MT02|MERCEDARIO|CR3A21G10|-77.263447|1.204843||52UZPE01152001T08MT02EBS001H0492|52UZPE01152001T08MT02EBS001H0492F0492|2|1|1|1|52UZPE01152001T08MT02EBS001|900091143|CC|1085304072|GESTORCOMUNITARIO|52UZPE01152001T08MT02EBS001H0492F0492CF492|2025-08-01|1||1||3||1||1|2|11|5|3|2|20||2|13|0||1||1||1||1||7|1|3|2|1|1|1|2|2|2|2|2|2||2|2|1|2||6||1|2|2|1|1|1|2|2|1|52UZPE01152001T08MT02EBS001H049252UZPE01152001T08MT02EBS001H0492F0492
2|419|1|52|UZPE011|52001|T08|MT02|MERCEDARIO|CR6E21D21|-77.258381|1.204342||52UZPE01152001T08MT02EBS001H0493|52UZPE01152001T08MT02EBS001H0493F0493|2|2|2|1|52UZPE01152001T08MT02EBS001|900091143|CC|1085304072|GESTORCOMUNITARIO|52UZPE01152001T08MT02EBS001H0493F0493CF493|2025-08-04|1||1||3||1||2|2|11|5|3|2|20||1|13|0||1||1||1||1||1|2|3|2|1|1|1|2|2|2|2|2|2||2|2|2|2||6||2|2|2|1|1|1|2|2|1|52UZPE01152001T08MT02EBS001H049352UZPE01152001T08MT02EBS001H0493F0493
2|420|1|52|UZPE011|52001|T08|MT02|MERCEDARIO|CRA2E21D24|-77.259684|1.203937||52UZPE01152001T08MT02EBS001H0494|52UZPE01152001T08MT02EBS001H0494F0494|2|1|1|1|52UZPE01152001T08MT02EBS001|900091143|CC|1085255824|AUXDEENFERMERIA|52UZPE01152001T08MT02EBS001H0494F0494CF494|2025-07-30|4||1||3||1||1|2|11|5|2|2|20||2|13|0||1||1||1||1||7|1|3|1|1|1|1|2|2|2|2|2|2||2|2|1|1||6||1|2|2|1|1|1|2|2|1|52UZPE01152001T08MT02EBS001H049452UZPE01152001T08MT02EBS001H0494F0494
2|421|1|52|UZPE011|52001|T08|MT02|MERCEDARIO|CR3E21D54|-77.259667|1.204998||52UZPE01152001T08MT02EBS001H0495|52UZPE01152001T08MT02EBS001H0495F0495|2|1|1|1|52UZPE01152001T08MT02EBS001|900091143|CC|1085304072|GESTORCOMUNITARIO|52UZPE01152001T08MT02EBS001H0495F0495CF495|2025-08-05|1||1||3||1||1|2|11|5|3|2|20||2|13|0||1||1||1||1||7|1|3|2|1|1|1|2|2|2|2|2|2||2|2|1|2||6||1|2|2|1|1|1|2|2|1|52UZPE01152001T08MT02EBS001H049552UZPE01152001T08MT02EBS001H0495F0495
2|422|1|52|UZPE011|52001|T08|MT02|MERCEDARIO|CR2E21C51|-77.260382|1.204915||52UZPE01152001T08MT02EBS001H0496|52UZPE01152001T08MT02EBS001H0496F0496|2|1|1|2|52UZPE01152001T08MT02EBS001|900091143|CC|1085304072|GESTORCOMUNITARIO|52UZPE01152001T08MT02EBS001H0496F0496CF496|2025-08-05|1||1||3||1||2|2|11|5|3|2|20||2|13|0||1||1||1||1||2|2|3|1|1|1|1|2|2|2|2|2|2||2|2|1|2||6||1|2|2|1|1|1|2|2|1|52UZPE01152001T08MT02EBS001H049652UZPE01152001T08MT02EBS001H0496F0496
2|423|1|52|UZPE011|52001|T08|MT02|MERCEDARIO|CRA4E21D06|-77.250427|1.204185||52UZPE01152001T08MT02EBS001H0497|52UZPE01152001T08MT02EBS001H0497F0497|2|1|1|1|52UZPE01152001T08MT02EBS001|900091143|CC|1085255824|AUXDEENFERMERIA|52UZPE01152001T08MT02EBS001H0497F0497CF497|2025-07-29|5||1||3||1||1|2|11|5|2|2|20||2|13|0||1||1||1||1||7|1|3|1|1|1|1|2|2|2|2|2|2||2|2|1|2||6||1|2|2|1|2|1|2|2|1|52UZPE01152001T08MT02EBS001H049752UZPE01152001T08MT02EBS001H0497F0497
2|424|1|52|UZPE011|52001|T08|MT02|MERCEDARIO|CR2E21C27|-77.260143|1.203836||52UZPE01152001T08MT02EBS001H0498|52UZPE01152001T08MT02EBS001H0498F0498|2|1|1|3|52UZPE01152001T08MT02EBS001|900091143|CC|1085304072|GESTORCOMUNITARIO|52UZPE01152001T08MT02EBS001H0498F0498CF498|2025-08-06|1||1||3||1||3|2|11|5|3|2|20||2|13|0||1||1||1||1||2|3|3|1|1|1|1|2|2|2|2|2|2||2|2|1|2||6||1|2|2|1|1|1|2|2|1|52UZPE01152001T08MT02EBS001H049852UZPE01152001T08MT02EBS001H0498F0498
2|425|1|52|UZPE011|52001|T08|MT02|MERCEDARIO|CR2E21C09|-77.259918|1.203784||52UZPE01152001T08MT02EBS001H0499|52UZPE01152001T08MT02EBS001H0499F0499|2|1|1|3|52UZPE01152001T08MT02EBS001|900091143|CC|1085304072|GESTORCOMUNITARIO|52UZPE01152001T08MT02EBS001H0499F0499CF499|2025-08-07|1||1||3||1||3|2|11|5|3|2|20||2|13|0||1||1||1||1||1|3|3|1|1|1|1|2|2|2|2|2|2||2|2|1|2||6||1|2|2|1|1|1|2|2|1|52UZPE01152001T08MT02EBS001H049952UZPE01152001T08MT02EBS001H0499F0499
2|426|1|52|UZPE011|52001|T08|MT02|MERCEDARIO|CRA3E21D45|-77.259708|1.204503||52UZPE01152001T08MT02EBS001H0500|52UZPE01152001T08MT02EBS001H0500F0500|2|1|1|1|52UZPE01152001T08MT02EBS001|900091143|CC|1085255824|AUXDEENFERMERIA|52UZPE01152001T08MT02EBS001H0500F0500CF500|2025-08-01|5||1||3||1||1|2|11|5|2|2|20||2|13|0||1||1||1||1||7|1|3|2|1|1|1|2|2|2|2|2|2||2|2|1|2||6||1|2|2|1|2|1|2|2|1|52UZPE01152001T08MT02EBS001H050052UZPE01152001T08MT02EBS001H0500F0500
2|427|1|52|UZPE011|52001|T08|MT02|MERCEDARIO|KRA3E21C30|-77.259784|1.203825||52UZPE01152001T08MT02EBS001H0501|52UZPE01152001T08MT02EBS001H0501F0501|2|1|1|2|52UZPE01152001T08MT02EBS001|900091143|CC|1085255824|AUXDEENFERMERIA|52UZPE01152001T08MT02EBS001H0501F0501CF501|2025-08-01|1||1||3||1||2|2|11|5|2|2|20||2|13|0||1||1||1||1||2|2|3|1|1|1|1|2|2|2|2|2|2||2|2|1|2||6||1|2|2|1|2|1|2|2|1|52UZPE01152001T08MT02EBS001H050152UZPE01152001T08MT02EBS001H0501F0501
2|428|1|52|UZPE011|52001|T08|MT02|MERCEDARIO|CRA421D42|-77.259214|1.204671||52UZPE01152001T08MT02EBS001H0502|52UZPE01152001T08MT02EBS001H0502F0502|2|1|1|1|52UZPE01152001T08MT02EBS001|900091143|CC|1085255824|AUXDEENFERMERIA|52UZPE01152001T08MT02EBS001H0502F0502CF502|2025-08-01|5||1||3||1||1|2|11|5|2|2|20||2|13|0||1||1||1||1||7|1|3|1|1|1|1|2|2|2|2|2|2||2|2|1|2||6||1|2|2|1|1|1|2|2|1|52UZPE01152001T08MT02EBS001H050252UZPE01152001T08MT02EBS001H0502F0502
2|429|1|52|UZPE011|52001|T08|MT02|MERCEDARIO|CR4E21D42|-77.259214|1.204671||52UZPE01152001T08MT02EBS001H0503|52UZPE01152001T08MT02EBS001H0503F0503|2|1|1|1|52UZPE01152001T08MT02EBS001|900091143|CC|1085255824|AUXDEENFERMERIA|52UZPE01152001T08MT02EBS001H0503F0503CF503|2025-08-01|5||1||3||1||1|1|11|5|2|2|20||2|13|0||1||1||1||1||7|1|3|1|1|1|1|2|2|2|2|2|2||2|2|1|2||6||1|2|2|1|2|1|2|2|1|52UZPE01152001T08MT02EBS001H050352UZPE01152001T08MT02EBS001H0503F0503
2|430|1|52|UZPE011|52001|T08|MT02|MERCEDARIO|CRA3NO21C33|-77.262626|1.203942||52UZPE01152001T08MT02EBS001H0507|52UZPE01152001T08MT02EBS001H0507F0507|2|1|1|1|52UZPE01152001T08MT02EBS001|900091143|CC|1085255824|AUXDEENFERMERIA|52UZPE01152001T08MT02EBS001H0507F0507CF507|2025-08-04|1||1||3||1||1|2|11|5|2|2|20||2|13|0||1||1||1||1||7|1|3|1|1|1|1|2|2|2|2|2|2||2|2|1|2||6||1|2|2|1|2|1|2|2|1|52UZPE01152001T08MT02EBS001H050752UZPE01152001T08MT02EBS001H0507F0507
2|431|1|52|UZPE011|52001|T08|MT02|MERCEDARIO|CRA2E21C45|-77.261909|1.204152||52UZPE01152001T08MT02EBS001H0508|52UZPE01152001T08MT02EBS001H0508F0508|2|1|1|2|52UZPE01152001T08MT02EBS001|900091143|CC|1085255824|AUXDEENFERMERIA|52UZPE01152001T08MT02EBS001H0508F0508CF508|2025-08-05|1||1||4||4||1|2|11|5|2|2|20||1|13|0||1||1||1||1||7|1|3|1|1|1|1|2|2|2|2|2|2||2|2|1|2||6||1|2|2|1|1|1|2|2|1|52UZPE01152001T08MT02EBS001H050852UZPE01152001T08MT02EBS001H0508F0508
2|432|1|52|UZPE011|52001|T08|MT02|MERCEDARIO|CRA221C09|-77.261887|1.203836||52UZPE01152001T08MT02EBS001H0509|52UZPE01152001T08MT02EBS001H0509F0509|2|1|1|1|52UZPE01152001T08MT02EBS001|900091143|CC|1085255824|AUXDEENFERMERIA|52UZPE01152001T08MT02EBS001H0509F0509CF509|2025-08-06|4||1||3||1||1|2|11|5|3|2|20||2|13|0||1||1||1||1||7|1|3|1|1|1|1|2|2|2|2|2|2||2|2|1|2||6||1|2|2|1|1|1|2|2|1|52UZPE01152001T08MT02EBS001H050952UZPE01152001T08MT02EBS001H0509F0509
2|433|1|52|UZPE011|52001|T08|MT02|MERCEDARIO|KRA2E21C45|-77.261909|1.204152||52UZPE01152001T08MT02EBS001H0510|52UZPE01152001T08MT02EBS001H0510F0510|2|1|1|1|52UZPE01152001T08MT02EBS001|900091143|CC|1085255824|AUXDEENFERMERIA|52UZPE01152001T08MT02EBS001H0510F0510CF510|2025-08-08|5||1||4||1||1|1|11|5|3|2|20||1|13|0||1||1||1||1||1|1|3|1|1|1|1|2|2|2|2|2|2||2|2|1|2||6||1|2|2|1|1|1|2|2|1|52UZPE01152001T08MT02EBS001H051052UZPE01152001T08MT02EBS001H0510F0510
2|434|1|52|UZPE011|52001|T08|MT02|MERCEDARIO|KRA221C09|-77.261887|1.203836||52UZPE01152001T08MT02EBS001H0511|52UZPE01152001T08MT02EBS001H0511F0511|2|1|1|1|52UZPE01152001T08MT02EBS001|900091143|CC|1085255824|AUXDEENFERMERIA|52UZPE01152001T08MT02EBS001H0511F0511CF511|2025-08-11|5||1||3||1||1|2|11|5|3|2|20||2|13|0||1||1||1||1||7|1|3|1|1|1|1|2|2|2|2|2|2||2|2|1|2||6||1|2|2|1|2|1|2|2|1|52UZPE01152001T08MT02EBS001H051152UZPE01152001T08MT02EBS001H0511F0511
2|435|1|52|UZPE011|52001|T09|MT02|SANTA BARBARA|CRA20A63|-77.256724|1.196084||52UZPE01152001T09MT02EBS001H0512|52UZPE01152001T09MT02EBS001H0512F0512|2|1|1|1|52UZPE01152001T09MT02EBS001|900091143|CC|37084285|AUXILIARDEENFERMERIA|52UZPE01152001T09MT02EBS001H0512F0512CF512|2025-08-05|1||1||3||1||1|2|11|5|3|2|20||2|13|0||1||1||1||1||7|1|1|1|1|1|1|2|2|2|2|2|2||2|2|1|1||6||1|2|2|1|2|1|2|2|1|52UZPE01152001T09MT02EBS001H051252UZPE01152001T09MT02EBS001H0512F0512
2|436|1|52|UZPE011|52001|T09|MT02|SANTA BARBARA|CRA6E20A89|-77.25554|1.195053||52UZPE01152001T09MT02EBS001H0513|52UZPE01152001T09MT02EBS001H0513F0513|2|1|1|1|52UZPE01152001T09MT02EBS001|900091143|CC|37084285|AUXILIARDEENFERMERIA|52UZPE01152001T09MT02EBS001H0513F0513CF513|2025-08-05|4||1||3||1||1|2|11|5|3|2|20||2|13|0||1||1||1||1||7|1|1|1|1|1|1|2|2|2|2|2|2||2|2|2|1||6||2|2|2|1|1|1|2|2|1|52UZPE01152001T09MT02EBS001H051352UZPE01152001T09MT02EBS001H0513F0513
2|437|1|52|UZPE011|52001|T09|MT02|SANTA BARBARA|CRA5E2068|-77.255525|1.19537||52UZPE01152001T09MT02EBS001H0514|52UZPE01152001T09MT02EBS001H0514F0514|2|1|1|1|52UZPE01152001T09MT02EBS001|900091143|CC|37084285|AUXILIARDEENFERMERIA|52UZPE01152001T09MT02EBS001H0514F0514CF514|2025-08-05|1||1||3||1||1|2|11|5|3|2|20||2|13|0||1||1||1||1||7|1|1|1|1|1|2|2|2|2|2|2|2||2|2|1|2||6||1|2|2|1|1|1|2|2|1|52UZPE01152001T09MT02EBS001H051452UZPE01152001T09MT02EBS001H0514F0514
2|438|1|52|UZPE011|52001|T09|MT02|SANTA BARBARA|CRA5E2008|-77.255463|1.195676||52UZPE01152001T09MT02EBS001H0515|52UZPE01152001T09MT02EBS001H0515F0515|2|1|1|1|52UZPE01152001T09MT02EBS001|900091143|CC|37084285|AUXILIARDEENFERMERIA|52UZPE01152001T09MT02EBS001H0515F0515CF515|2025-08-05|4||1||3||1||1|2|11|5|3|2|20||2|13|0||1||1||1||1||7|1|1|1|1|1|1|2|2|2|2|2|2||2|2|1|1||6||1|2|2|1|1|1|2|2|1|52UZPE01152001T09MT02EBS001H051552UZPE01152001T09MT02EBS001H0515F0515
2|439|1|52|UZPE011|52001|T09|MT02|SANTA BARBARA|CRA5E2004|-77.255528|1.195893||52UZPE01152001T09MT02EBS001H0516|52UZPE01152001T09MT02EBS001H0516F0516|2|1|1|1|52UZPE01152001T09MT02EBS001|900091143|CC|37084285|AUXILIARDEENFERMERIA|52UZPE01152001T09MT02EBS001H0516F0516CF516|2025-08-05|4||1||3||1||1|2|11|5|3|2|20||2|13|0||1||1||1||1||7|1|1|1|1|1|1|2|2|2|2|2|2||2|2|1|1||6||1|2|2|1|1|1|2|2|1|52UZPE01152001T09MT02EBS001H051652UZPE01152001T09MT02EBS001H0516F0516
2|440|1|52|UZPE011|52001|T09|MT02|SANTA BARBARA|CRA6E2024|-77.255331|1.196206||52UZPE01152001T09MT02EBS001H0517|52UZPE01152001T09MT02EBS001H0517F0517|2|2|2|1|52UZPE01152001T09MT02EBS001|900091143|CC|37084285|AUXILIARDEENFERMERIA|52UZPE01152001T09MT02EBS001H0517F0517CF517|2025-08-08|1||2||3||1||1|2|11|5|2|2|20||2|13|0||1||1||1||1||7|1|1|1|1|1|1|2|2|2|2|2|2||2|2|1|1||6||1|2|2|1|1|1|2|2|1|52UZPE01152001T09MT02EBS001H051752UZPE01152001T09MT02EBS001H0517F0517
2|441|1|52|UZPE011|52001|T09|MT02|SANTA BARBARA|CRA6E20A47|-77.258223|1.198777||52UZPE01152001T09MT02EBS001H0518|52UZPE01152001T09MT02EBS001H0518F0518|2|1|1|1|52UZPE01152001T09MT02EBS001|900091143|CC|37084285|AUXILIARDEENFERMERIA|52UZPE01152001T09MT02EBS001H0518F0518CF518|2025-08-06|1||1||3||1||1|2|11|5|3|2|20||2|13|0||1||1||1||1||7|1|1|1|1|1|1|2|2|2|2|2|2||2|2|1|1||6||1|2|2|1|1|1|2|2|1|52UZPE01152001T09MT02EBS001H051852UZPE01152001T09MT02EBS001H0518F0518
2|442|1|52|UZPE011|52001|T09|MT02|SANTA BARBARA|CRA6E2134|-77.256829|1.201914||52UZPE01152001T09MT02EBS001H0519|52UZPE01152001T09MT02EBS001H0519F0519|2|1|1|1|52UZPE01152001T09MT02EBS001|900091143|CC|37084285|AUXILIARDEENFERMERIA|52UZPE01152001T09MT02EBS001H0519F0519CF519|2025-08-08|1||1||3||1||1|2|11|5|3|2|20||2|13|0||1||1||1||1||7|1|1|1|1|1|1|2|2|2|2|2|2||2|2|1|1||6||1|2|2|1|1|1|2|2|1|52UZPE01152001T09MT02EBS001H051952UZPE01152001T09MT02EBS001H0519F0519
2|443|1|52|UZPE011|52001|T09|MT02|SANTA BARBARA|CRA6E2147|-77.256401|1.201241||52UZPE01152001T09MT02EBS001H0520|52UZPE01152001T09MT02EBS001H0520F0520|2|1|1|1|52UZPE01152001T09MT02EBS001|900091143|CC|37084285|AUXILIARDEENFERMERIA|52UZPE01152001T09MT02EBS001H0520F0520CF520|2025-08-08|1||1||3||1||1|2|11|5|3|2|20||2|13|0||1||1||1||1||7|1|1|1|1|1|1|2|2|2|2|2|2||2|2|2|1||6||2|2|2|1|1|1|2|2|1|52UZPE01152001T09MT02EBS001H052052UZPE01152001T09MT02EBS001H0520F0520
2|444|1|52|UZPE011|52001|T09|MT02|SANTA BARBARA|CRATE2118|-77.258604|1.20136||52UZPE01152001T09MT02EBS001H0521|52UZPE01152001T09MT02EBS001H0521F0521|2|1|1|2|52UZPE01152001T09MT02EBS001|900091143|CC|37084285|AUXILIARDEENFERMERIA|52UZPE01152001T09MT02EBS001H0521F0521CF521|2025-08-08|1||1||3||1||2|2|11|5|3|2|20||2|13|0||1||1||1||1||7|1|1|1|1|1|1|2|2|2|2|2|2||2|2|2|2||6||2|2|2|1|1|1|2|2|1|52UZPE01152001T09MT02EBS001H052152UZPE01152001T09MT02EBS001H0521F0521
2|445|1|52|UZPE011|52001|T09|MT02|SANTA BARBARA|SANTABARBARACRA4E21A25|-77.259343|1.201951||52UZPE01152001T09MT02EBS001H0527|52UZPE01152001T09MT02EBS001H0527F0527|2|2|2|4|52UZPE01152001T09MT02EBS001|900091143|CC|27087122|AUXILIARDEENFERMERIA|52UZPE01152001T09MT02EBS001H0527F0527CF527|2025-08-20|1||1||3||1||3|2|11|5|3|2|20||2|13|0||1||1||1||1||1|2|3|2|1|1|1|2|2|2|2|2|2||2|2|1|1||6||1|2|2|1|1|1|2|2|1|52UZPE01152001T09MT02EBS001H052752UZPE01152001T09MT02EBS001H0527F0527
2|446|1|52|UZPE011|52001|T09|MT02|SANTA BARBARA|SANTABARBARACRA4E21A25|-77.259343|1.201951||52UZPE01152001T09MT02EBS001H0528|52UZPE01152001T09MT02EBS001H0528F0528|2|2|2|4|52UZPE01152001T09MT02EBS001|900091143|CC|27087122|AUXILIARDEENFERMERIA|52UZPE01152001T09MT02EBS001H0528F0528CF528|2025-08-20|1||1||3||1||3|2|11|5|3|2|20||2|13|0||1||1||1||1||1|2|3|2|1|1|1|2|2|2|2|2|2||2|2|1|2||6||1|2|2|1|1|1|2|2|1|52UZPE01152001T09MT02EBS001H052852UZPE01152001T09MT02EBS001H0528F0528
2|447|1|52|UZPE011|52001|T09|MT02|SANTA BARBARA|CLL4E21A381|-77.259345|1.201999||52UZPE01152001T09MT02EBS001H0529|52UZPE01152001T09MT02EBS001H0529F0529|2|1|1|1|52UZPE01152001T09MT02EBS001|900091143|CC|59813323|AUXILIARENFERMERIA|52UZPE01152001T09MT02EBS001H0529F0529CF529|2025-08-20|1||1||3||1||2|2|8|4|3|2|20||2|13|0||1||1||1||1||7|1|1|2|1|1|1|2|2|2|2|2|2||2|2|1|1||6||1|2|2|1|2|1|2|2|1|52UZPE01152001T09MT02EBS001H052952UZPE01152001T09MT02EBS001H0529F0529
2|448|1|52|UZPE011|52001|T09|MT02|SANTA BARBARA|CRA3E1A14|-77.259978|1.201657||52UZPE01152001T09MT02EBS001H0530|52UZPE01152001T09MT02EBS001H0530F0530|1|1|1|1|52UZPE01152001T09MT02EBS001|900091143|CC|59813323|AUXILIARENFERMERIA|52UZPE01152001T09MT02EBS001H0530F0530CF530|2025-08-20|4||1||3||1||1|2|5|5|2|2|20||2|13|0||1||1||1||1||7|1|1|3|1|1|1|2|2|2|2|2|2||2|2|1|2||6||1|2|2|1|2|1|2|2|1|52UZPE01152001T09MT02EBS001H053052UZPE01152001T09MT02EBS001H0530F0530
2|449|1|52|UZPE011|52001|T09|MT02|SANTA BARBARA|CRA3E21A20|-77.2598|1.202019||52UZPE01152001T09MT02EBS001H0531|52UZPE01152001T09MT02EBS001H0531F0531|2|1|1|1|52UZPE01152001T09MT02EBS001|900091143|CC|59813323|AUXILIARENFERMERIA|52UZPE01152001T09MT02EBS001H0531F0531CF531|2025-08-20|1||1||3||1||2|2|8|4|3|2|19||2|13|0||1||1||1||1||7|1|1|2|1|1|1|2|2|2|2|2|2||2|2|1|2||6||1|2|2|1|1|1|2|2|1|52UZPE01152001T09MT02EBS001H053152UZPE01152001T09MT02EBS001H0531F0531
2|450|1|52|UZPE011|52001|T09|MT02|SANTA BARBARA|SANTABARBARACRA21A37|-77.259913|1.202221||52UZPE01152001T09MT02EBS001H0532|52UZPE01152001T09MT02EBS001H0532F0532|2|1|1|2|52UZPE01152001T09MT02EBS001|900091143|CC|27087122|AUXILIARDEENFERMERIA|52UZPE01152001T09MT02EBS001H0532F0532CF532|2025-08-20|1||1||3||1||2|2|11|5|3|2|20||2|13|0||1||1||1||1||1|2|3|1|1|1|1|2|2|2|2|2|2||2|2|2|2||6||2|2|2|1|1|1|2|2|1|52UZPE01152001T09MT02EBS001H053252UZPE01152001T09MT02EBS001H0532F0532
2|451|1|52|UZPE011|52001|T09|MT02|SANTA BARBARA|CRA3E21A56|-77.260444|1.202597||52UZPE01152001T09MT02EBS001H0533|52UZPE01152001T09MT02EBS001H0533F0533|2|1|1|3|52UZPE01152001T09MT02EBS001|900091143|CC|59813323|AUXILIARENFERMERIA|52UZPE01152001T09MT02EBS001H0533F0533CF533|2025-08-20|1||1||3||2||2|2|10|4|3|2|17||2|13|0||1||1||1||1||1|3|1|2|1|1|1|2|2|2|2|2|2||2|2|1|1||6||1|2|2|1|1|1|2|2|1|52UZPE01152001T09MT02EBS001H053352UZPE01152001T09MT02EBS001H0533F0533
2|452|1|52|UZPE011|52001|T09|MT02|SANTA BARBARA|CRA321A56|-77.260445|1.202598||52UZPE01152001T09MT02EBS001H0534|52UZPE01152001T09MT02EBS001H0534F0534|2|2|2|2|52UZPE01152001T09MT02EBS001|900091143|CC|59813323|AUXILIARENFERMERIA|52UZPE01152001T09MT02EBS001H0534F0534CF534|2025-08-20|4||1||3||1||2|2|8|4|3|2|7||2|13|0||1||1||1||1||1|2|1|1|1|1|1|2|2|2|2|2|2||2|2|1|2||6||1|2|2|1|2|1|2|2|1|52UZPE01152001T09MT02EBS001H053452UZPE01152001T09MT02EBS001H0534F0534
2|453|1|52|UZPE011|52001|T08|MT01|SANTA BARBARA|CRA3E21A19|-77.256849|1.204015||52UZPE01152001T08MT01EBS001H0535|52UZPE01152001T08MT01EBS001H0535F0535|2|1|1|5|52UZPE01152001T08MT01EBS001|900091143|CC|59813323|AUXILIARENFERMERIA|52UZPE01152001T08MT01EBS001H0535F0535CF535|2025-08-21|1||1||3||1||4|2|5|4|3|2|7||2|13|0||1||1||1||1||1|2|3|3|1|1|1|2|2|2|2|2|2||2|2|1|1||6||1|2|2|1|1|1|2|2|1|52UZPE01152001T08MT01EBS001H053552UZPE01152001T08MT01EBS001H0535F0535
2|454|1|52|UZPE011|52001|T08|MT01|SANTA BARBARA|CRA3E21A19|-77.256849|1.204015||52UZPE01152001T08MT01EBS001H0536|52UZPE01152001T08MT01EBS001H0536F0536|2|1|1|5|52UZPE01152001T08MT01EBS001|900091143|CC|59813323|AUXILIARENFERMERIA|52UZPE01152001T08MT01EBS001H0536F0536CF536|2025-08-21|1||1||3||1||4|2|5|4|3|2|7||2|13|0||1||1||1||1||1|3|3|3|1|1|1|2|2|2|2|2|2||2|2|1|1||6||1|2|2|1|1|1|2|2|1|52UZPE01152001T08MT01EBS001H053652UZPE01152001T08MT01EBS001H0536F0536
2|455|1|52|UZPE011|52001|T09|MT02|SANTA BARBARA|CRA5E21A20|-77.58865|1.202107||52UZPE01152001T09MT02EBS001H0537|52UZPE01152001T09MT02EBS001H0537F0537|2|1|1|1|52UZPE01152001T09MT02EBS001|900091143|CC|37084285|AUXILIARDEENFERMERIA|52UZPE01152001T09MT02EBS001H0537F0537CF537|2025-08-08|4||1||3||1||1|2|11|5|3|2|20||2|13|0||1||1||1||1||7|1|1|1|1|1|1|2|2|2|2|2|2||2|2|1|1||6||1|2|2|1|1|1|2|2|1|52UZPE01152001T09MT02EBS001H053752UZPE01152001T09MT02EBS001H0537F0537
2|456|1|52|UZPE011|52001|T09|MT02|SANTA BARBARA|CLL21A4E18|-77.259254|1.201782||52UZPE01152001T09MT02EBS001H0538|52UZPE01152001T09MT02EBS001H0538F0538|2|1|1|1|52UZPE01152001T09MT02EBS001|900091143|CC|37084285|AUXILIARDEENFERMERIA|52UZPE01152001T09MT02EBS001H0538F0538CF538|2025-08-08|4||1||3||1||1|2|11|5|3|2|20||2|13|0||1||1||1||1||7|1|1|1|1|1|1|2|2|2|2|2|2||2|2|1|2||6||1|2|2|1|1|1|2|2|1|52UZPE01152001T09MT02EBS001H053852UZPE01152001T09MT02EBS001H0538F0538
2|457|1|52|UZPE011|52001|T09|MT02|SANTA BARBARA|CRA4E2126|-77.259786|1.201571||52UZPE01152001T09MT02EBS001H0539|52UZPE01152001T09MT02EBS001H0539F0539|2|1|1|2|52UZPE01152001T09MT02EBS001|900091143|CC|37084285|AUXILIARDEENFERMERIA|52UZPE01152001T09MT02EBS001H0539F0539CF539|2025-08-08|1||1||3||1||1|2|11|5|3|2|20||2|13|0||1||1||1||1||2|2|1|1|1|1|1|2|2|2|2|2|2||2|2|2|2||6||2|2|2|1|1|1|2|2|1|52UZPE01152001T09MT02EBS001H053952UZPE01152001T09MT02EBS001H0539F0539
2|458|1|52|UZPE011|52001|T09|MT02|SANTA BARBARA|CRA3E2113|-77.260953|1.201819||52UZPE01152001T09MT02EBS001H0540|52UZPE01152001T09MT02EBS001H0540F0540|2|1|1|3|52UZPE01152001T09MT02EBS001|900091143|CC|59813323|AUXILIARENFERMERIA|52UZPE01152001T09MT02EBS001H0540F0540CF540|2025-08-21|1||1||3||1||3|2|5|5|3|2|7||2|13|0||1||1||1||1||1|3|1|1|1|1|1|2|2|2|2|2|2||2|2|1|1||6||1|2|2|1|1|1|2|2|1|52UZPE01152001T09MT02EBS001H054052UZPE01152001T09MT02EBS001H0540F0540
2|459|1|52|UZPE011|52001|T09|MT02|SANTA BARBARA|CRA3E2113|-77.260953|1.201819||52UZPE01152001T09MT02EBS001H0547|52UZPE01152001T09MT02EBS001H0547F0547|2|2|2|3|52UZPE01152001T09MT02EBS001|900091143|CC|59813323|AUXILIARENFERMERIA|52UZPE01152001T09MT02EBS001H0547F0547CF547|2025-08-22|1||1||3||1||3|2|5|5|3|1|7||2|13|0||1||1||1||1||1|3|1|1|1|1|1|2|2|2|2|2|2||2|2|1|2||6||1|2|2|1|2|1|2|2|1|52UZPE01152001T09MT02EBS001H054752UZPE01152001T09MT02EBS001H0547F0547
2|460|1|52|UZPE011|52001|T09|MT02|SANTA BARBARA|CLL204E19|-77.259398|1.199582||52UZPE01152001T09MT02EBS001H0548|52UZPE01152001T09MT02EBS001H0548F0548|1|1|1|4|52UZPE01152001T09MT02EBS001|900091143|CC|59813323|AUXILIARENFERMERIA|52UZPE01152001T09MT02EBS001H0548F0548CF548|2025-08-22|4||1||3||1||3|2|8|4|3|1|7||2|13|0||1||1||1||1||2|4|1|1|1|1|1|2|2|2|2|2|2||2|2|1|2||6||1|2|2|1|1|1|2|2|1|52UZPE01152001T09MT02EBS001H054852UZPE01152001T09MT02EBS001H0548F0548
2|461|1|52|UZPE011|52001|T09|MT02|SANTA BARBARA|CLL204E19|-77.259398|1.199582||52UZPE01152001T09MT02EBS001H0549|52UZPE01152001T09MT02EBS001H0549F0549|1|1|1|3|52UZPE01152001T09MT02EBS001|900091143|CC|59813323|AUXILIARENFERMERIA|52UZPE01152001T09MT02EBS001H0549F0549CF549|2025-08-22|4||1||3||1||3|2|5|4|3|2|7||2|13|0||1||1||1||1||2|3|1|2|1|1|1|2|2|2|2|2|2||2|2|1|2||6||1|2|2|1|1|1|2|2|1|52UZPE01152001T09MT02EBS001H054952UZPE01152001T09MT02EBS001H0549F0549
2|462|1|52|UZPE011|52001|T09|MT02|SANTA BARBARA|CRA5E20A31|-77.256027|1.202644||52UZPE01152001T09MT02EBS001H0560|52UZPE01152001T09MT02EBS001H0560F0560|2|1|1|3|52UZPE01152001T09MT02EBS001|900091143|CC|59813323|AUXILIARENFERMERIA|52UZPE01152001T09MT02EBS001H0560F0560CF560|2025-08-22|1||1||3||1||2|2|8|4|3|2|7||2|13|0||1||1||1||1||1|3|1|2|1|1|1|2|2|2|2|2|2||2|2|1|1||6||1|2|2|1|2|1|2|2|1|52UZPE01152001T09MT02EBS001H056052UZPE01152001T09MT02EBS001H0560F0560
2|463|1|52|UZPE011|52001|T09|MT02|SANTA BARBARA|CRA5E20A31|-77.256027|1.202644||52UZPE01152001T09MT02EBS001H0561|52UZPE01152001T09MT02EBS001H0561F0561|2|2|2|2|52UZPE01152001T09MT02EBS001|900091143|CC|59813323|AUXILIARENFERMERIA|52UZPE01152001T09MT02EBS001H0561F0561CF561|2025-08-22|1||1||3||1||2|2|8|4|3|2|7||2|13|0||1||1||1||1||2|2|1|2|1|1|1|2|2|2|2|2|2||2|2|1|2||6||1|2|2|1|1|1|2|2|1|52UZPE01152001T09MT02EBS001H056152UZPE01152001T09MT02EBS001H0561F0561
2|464|1|52|UZPE011|52001|T09|MT02|SANTA BARBARA|CRA5E2007|-77.259331|1.200209||52UZPE01152001T09MT02EBS001H0564|52UZPE01152001T09MT02EBS001H0564F0564|2|1|1|2|52UZPE01152001T09MT02EBS001|900091143|CC|59813323|AUXILIARENFERMERIA|52UZPE01152001T09MT02EBS001H0564F0564CF564|2025-08-22|1||1||3||1||2|2|5|4|3|2|7||2|13|0||1||1||1||1||1|2|1|1|1|1|1|2|2|2|2|2|2||2|2|1|1||6||1|2|2|1|1|1|2|2|1|52UZPE01152001T09MT02EBS001H056452UZPE01152001T09MT02EBS001H0564F0564
2|465|1|52|UZPE011|52001|T09|MT02|SANTA BARBARA|CLL204E15|-77.259597|1.199662||52UZPE01152001T09MT02EBS001H0565|52UZPE01152001T09MT02EBS001H0565F0565|2|1|1|1|52UZPE01152001T09MT02EBS001|900091143|CC|59813323|AUXILIARENFERMERIA|52UZPE01152001T09MT02EBS001H0565F0565CF565|2025-08-21|1||1||3||1||2|2|8|5|3|2|7||2|13|0||1||1||1||1||7|1|1|2|1|1|1|2|2|2|2|2|2||2|2|1|2||6||1|2|2|1|1|1|2|2|1|52UZPE01152001T09MT02EBS001H056552UZPE01152001T09MT02EBS001H0565F0565
2|466|1|52|UZPE011|52001|T09|MT02|SANTA BARBARA|CRA4E2026|-77.259427|1.200488||52UZPE01152001T09MT02EBS001H0566|52UZPE01152001T09MT02EBS001H0566F0566|2|1|1|2|52UZPE01152001T09MT02EBS001|900091143|CC|59813323|AUXILIARENFERMERIA|52UZPE01152001T09MT02EBS001H0566F0566CF566|2025-08-21|1||1||3||4||2|2|8|4|3|2|7||2|13|0||1||1||1||1||2|2|3|2|1|1|1|2|2|2|2|2|2||2|2|1|2||6||1|2|2|1|1|1|2|2|1|52UZPE01152001T09MT02EBS001H056652UZPE01152001T09MT02EBS001H0566F0566
2|467|1|52|UZPE011|52001|T09|MT02|SANTA BARBARA|CRA4E2062|-77.258959|1.199569||52UZPE01152001T09MT02EBS001H0567|52UZPE01152001T09MT02EBS001H0567F0567|2|1|1|3|52UZPE01152001T09MT02EBS001|900091143|CC|59813323|AUXILIARENFERMERIA|52UZPE01152001T09MT02EBS001H0567F0567CF567|2025-08-25|1||1||3||1||3|2|8|4|3|2|7||2|13|0||1||1||1||1||2|3|1|2|1|1|1|2|2|2|2|2|2||2|2|1|2||6||1|2|2|1|1|1|2|2|1|52UZPE01152001T09MT02EBS001H056752UZPE01152001T09MT02EBS001H0567F0567
2|468|1|52|UZPE011|52001|T09|MT02|SANTA BARBARA|CRA3E2107|-77.259747|1.20163||52UZPE01152001T09MT02EBS001H0568|52UZPE01152001T09MT02EBS001H0568F0568|2|1|1|2|52UZPE01152001T09MT02EBS001|900091143|CC|59813323|AUXILIARENFERMERIA|52UZPE01152001T09MT02EBS001H0568F0568CF568|2025-08-25|1||1||3||1||2|2|5|4|3|2|7||2|13|0||1||1||1||1||1|2|1|2|1|1|1|2|2|2|2|2|2||2|2|1|1||6||1|2|2|1|1|1|2|2|1|52UZPE01152001T09MT02EBS001H056852UZPE01152001T09MT02EBS001H0568F0568
2|469|1|52|UZPE011|52001|T09|MT02|SANTA BARBARA|CRA4ENO2073|-77.259641|1.201057||52UZPE01152001T09MT02EBS001H0569|52UZPE01152001T09MT02EBS001H0569F0569|1|1|1|2|52UZPE01152001T09MT02EBS001|900091143|CC|59813323|AUXILIARENFERMERIA|52UZPE01152001T09MT02EBS001H0569F0569CF569|2025-08-25|1||1||3||1||2|2|5|4|3|2|7||2|13|0||1||1||1||1||2|2|1|2|1|1|1|2|2|2|2|2|2||2|2|1|1||6||1|2|2|1|2|1|2|2|1|52UZPE01152001T09MT02EBS001H056952UZPE01152001T09MT02EBS001H0569F0569
2|470|1|52|UZPE011|52001|T09|MT02|SANTA BARBARA|CALLE203608|-77.260206|1.200524||52UZPE01152001T09MT02EBS001H0570|52UZPE01152001T09MT02EBS001H0570F0570|2|1|1|2|52UZPE01152001T09MT02EBS001|900091143|CC|59813323|AUXILIARENFERMERIA|52UZPE01152001T09MT02EBS001H0570F0570CF570|2025-08-25|1||1||3||1||2|2|8|4|3|2|7||2|13|0||1||1||1||1||1|2|1|2|1|1|1|2|2|2|2|2|2||2|2|1|2||6||1|2|2|1|1|1|2|2|1|52UZPE01152001T09MT02EBS001H057052UZPE01152001T09MT02EBS001H0570F0570
2|471|1|52|UZPE011|52001|T09|MT02|SANTA BARBARA|CRA3E2031|-77.255426|1.191596||52UZPE01152001T09MT02EBS001H0571|52UZPE01152001T09MT02EBS001H0571F0571|1|1|1|1|52UZPE01152001T09MT02EBS001|900091143|CC|59813323|AUXILIARENFERMERIA|52UZPE01152001T09MT02EBS001H0571F0571CF571|2025-08-25|1||1||3||1||2|2|8|4|3|2|7||2|13|0||1||1||1||1||7|1|1|2|1|1|1|2|2|2|2|2|2||2|2|1|2||6||1|2|2|1|2|1|2|2|1|52UZPE01152001T09MT02EBS001H057152UZPE01152001T09MT02EBS001H0571F0571
2|472|1|52|UZPE011|52001|T09|MT02|SANTA BARBARA|CRA3E2026|-77.260206|1.200524||52UZPE01152001T09MT02EBS001H0572|52UZPE01152001T09MT02EBS001H0572F0572|1|1|1|1|52UZPE01152001T09MT02EBS001|900091143|CC|59813323|AUXILIARENFERMERIA|52UZPE01152001T09MT02EBS001H0572F0572CF572|2025-08-25|1||1||3||1||2|2|8|5|3|2|7||2|13|0||1||1||1||1||7|1|1|2|1|1|1|2|2|2|2|2|2||2|2|1|1||6||1|2|2|1|1|1|2|2|1|52UZPE01152001T09MT02EBS001H057252UZPE01152001T09MT02EBS001H0572F0572
2|473|1|52|UZPE011|52001|T09|MT02|SANTA BARBARA|CRA262044|-77.259235|1.201182||52UZPE01152001T09MT02EBS001H0573|52UZPE01152001T09MT02EBS001H0573F0573|1|1|1|2|52UZPE01152001T09MT02EBS001|900091143|CC|59813323|AUXILIARENFERMERIA|52UZPE01152001T09MT02EBS001H0573F0573CF573|2025-08-26|1||1||3||4||2|2|8|4|3|2|7||1|13|0||1||1||1||1||2|2|1|2|1|1|1|2|2|2|2|2|2||2|2|1|1||6||1|2|2|1|2|1|2|2|1|52UZPE01152001T09MT02EBS001H057352UZPE01152001T09MT02EBS001H0573F0573
2|474|1|52|UZPE011|52001|T09|MT02|SANTA BARBARA|CRA6E2171|-77.260693|1.193013||52UZPE01152001T09MT02EBS001H0574|52UZPE01152001T09MT02EBS001H0574F0574|1|1|1|2|52UZPE01152001T09MT02EBS001|900091143|CC|59813323|AUXILIARENFERMERIA|52UZPE01152001T09MT02EBS001H0574F0574CF574|2025-08-26|1||1||3||4||2|2|11|4|3|2|7||2|13|0||1||1||1||1||2|2|1|2|1|1|1|2|2|2|2|2|2||2|2|1|1||6||1|2|2|1|1|1|2|2|1|52UZPE01152001T09MT02EBS001H057452UZPE01152001T09MT02EBS001H0574F0574
2|475|1|52|UZPE011|52001|T09|MT02|SANTA BARBARA|CARRERA1E2056|-77.260677|1.20133||52UZPE01152001T09MT02EBS001H0575|52UZPE01152001T09MT02EBS001H0575F0575|2|1|1|2|52UZPE01152001T09MT02EBS001|900091143|CC|1087006717|AUXILIARDEENFERMERIA|52UZPE01152001T09MT02EBS001H0575F0575CF575|2025-09-04|4||1||3||1||2|2|11|5|3|2|20||2|13|0||1||1||1||1||2|2|1|2|1|1|2|2|2|2|2|2|2||2|2|1|1||6||1|2|2|1|1|1|2|2|1|52UZPE01152001T09MT02EBS001H057552UZPE01152001T09MT02EBS001H0575F0575
2|476|1|52|UZPE011|52001|T09|MT02|SANTA BARBARA|CALLE21118|-77.260655|1.201847||52UZPE01152001T09MT02EBS001H0576|52UZPE01152001T09MT02EBS001H0576F0576|2|1|1|1|52UZPE01152001T09MT02EBS001|900091143|CC|1087006717|AUXILIARDEENFERMERIA|52UZPE01152001T09MT02EBS001H0576F0576CF576|2025-09-04|4||1||3||1||1|2|11|5|3|2|20||2|13|0||1||1||1||1||7|1|3|1|1|1|2|2|2|2|2|2|2||2|2|2|2||6||2|2|2|1|2|1|2|2|1|52UZPE01152001T09MT02EBS001H057652UZPE01152001T09MT02EBS001H0576F0576
2|477|1|52|UZPE011|52001|T09|MT02|SANTA BARBARA|CARRERA2E2150|-77.260221|1.202226||52UZPE01152001T09MT02EBS001H0577|52UZPE01152001T09MT02EBS001H0577F0577|2|1|1|1|52UZPE01152001T09MT02EBS001|900091143|CC|1087006717|AUXILIARDEENFERMERIA|52UZPE01152001T09MT02EBS001H0577F0577CF577|2025-09-08|1||1||3||1||1|2|11|5|2|2|20||2|13|0||1||1||1||1||7|1|3|2|1|1|2|2|2|2|2|2|2||2|2|1|1||6||1|2|2|1|1|1|2|2|1|52UZPE01152001T09MT02EBS001H057752UZPE01152001T09MT02EBS001H0577F0577
2|478|1|52|UZPE011|52001|T09|MT02|SANTA BARBARA|CRA2E2063|-77.260697|1.293015||52UZPE01152001T09MT02EBS001H0578|52UZPE01152001T09MT02EBS001H0578F0578|1|1|1|2|52UZPE01152001T09MT02EBS001|900091143|CC|59813323|AUXILIARENFERMERIA|52UZPE01152001T09MT02EBS001H0578F0578CF578|2025-08-27|1||1||3||4||2|2|8|4|3|2|7||2|13|0||1||1||1||1||2|2|1|2|1|1|1|2|2|2|2|2|2||2|2|1|2||6||1|2|2|1|1|1|2|2|1|52UZPE01152001T09MT02EBS001H057852UZPE01152001T09MT02EBS001H0578F0578
2|479|1|52|UZPE011|52001|T09|MT02|SANTA BARBARA|CRA1E|-77.260532|1.200842||52UZPE01152001T09MT02EBS001H0579|52UZPE01152001T09MT02EBS001H0579F0579|1|1|1|3|52UZPE01152001T09MT02EBS001|900091143|CC|59813323|AUXILIARENFERMERIA|52UZPE01152001T09MT02EBS001H0579F0579CF579|2025-08-27|1||1||3||4||3|2|8|4|3|1|7||1|13|0||1||1||1||1||2|3|1|2|1|1|1|2|2|2|2|2|2||2|2|1|1||6||1|2|2|1|2|1|2|2|1|52UZPE01152001T09MT02EBS001H057952UZPE01152001T09MT02EBS001H0579F0579
2|480|1|52|UZPE011|52001|T09|MT02|SANTA BARBARA|CARRERA2E2186|-77.260397|1.20245||52UZPE01152001T09MT02EBS001H0580|52UZPE01152001T09MT02EBS001H0580F0580|2|1|1|1|52UZPE01152001T09MT02EBS001|900091143|CC|1087006717|AUXILIARDEENFERMERIA|52UZPE01152001T09MT02EBS001H0580F0580CF580|2025-09-08|1||1||3||1||1|2|11|5|3|2|20||1|13|0||1||1||1||1||7|1|3|1|1|1|2|2|2|2|2|2|2||2|2|1|1||6||1|2|2|1|1|1|2|2|1|52UZPE01152001T09MT02EBS001H058052UZPE01152001T09MT02EBS001H0580F0580
2|481|1|52|UZPE011|52001|T09|MT02|SANTA BARBARA|CARRERA2E2137|-77.260247|1.202063||52UZPE01152001T09MT02EBS001H0581|52UZPE01152001T09MT02EBS001H0581F0581|1|1|1|3|52UZPE01152001T09MT02EBS001|900091143|CC|1087006717|AUXILIARDEENFERMERIA|52UZPE01152001T09MT02EBS001H0581F0581CF581|2025-09-09|1||1||3||1||2|2|11|5|3|2|20||2|13|0||1||1||1||1||1|3|3|1|1|1|2|2|2|2|2|2|2||2|2|2|2||6||2|2|2|1|1|1|2|2|1|52UZPE01152001T09MT02EBS001H058152UZPE01152001T09MT02EBS001H0581F0581
2|482|1|52|UZPE011|52001|T09|MT02|SANTA BARBARA|CARRERA2E2177|-77.260186|1.202442||52UZPE01152001T09MT02EBS001H0582|52UZPE01152001T09MT02EBS001H0582F0582|2|1|1|2|52UZPE01152001T09MT02EBS001|900091143|CC|1087006717|AUXILIARDEENFERMERIA|52UZPE01152001T09MT02EBS001H0582F0582CF582|2025-09-09|1||1||3||1||2|2|11|5|3|2|20||2|13|0||1||1||1||1||2|2|3|1|1|1|2|2|2|2|2|2|2||2|2|1|1||6||1|2|2|1|1|1|2|2|1|52UZPE01152001T09MT02EBS001H058252UZPE01152001T09MT02EBS001H0582F0582
2|483|1|52|UZPE011|52001|T09|MT02|SANTA BARBARA|CRA2ENO2156|-77.260239|1.202184||52UZPE01152001T09MT02EBS001H0583|52UZPE01152001T09MT02EBS001H0583F0583|2|1|1|1|52UZPE01152001T09MT02EBS001|900091143|CC|59813323|AUXILIARENFERMERIA|52UZPE01152001T09MT02EBS001H0583F0583CF583|2025-08-15|1||1||3||4||2|2|8|5|3|2|7||2|13|0||1||1||1||1||7|1|1|2|1|1|1|2|2|2|2|2|2||2|2|1|1||6||1|2|2|1|1|1|2|2|1|52UZPE01152001T09MT02EBS001H058352UZPE01152001T09MT02EBS001H0583F0583
2|484|1|52|UZPE011|52001|T09|MT02|SANTA BARBARA|CRA2E2156|-77.260239|1.202184||52UZPE01152001T09MT02EBS001H0584|52UZPE01152001T09MT02EBS001H0584F0584|2|2|2|2|52UZPE01152001T09MT02EBS001|900091143|CC|59813323|AUXILIARENFERMERIA|52UZPE01152001T09MT02EBS001H0584F0584CF584|2025-08-15|1||1||3||4||2|2|8|4|2|2|7||2|13|0||1||1||1||1||2|2|1|2|1|1|1|2|2|2|2|2|2||2|2|1|2||6||1|2|2|1|2|1|2|2|1|52UZPE01152001T09MT02EBS001H058452UZPE01152001T09MT02EBS001H0584F0584
2|485|1|52|UZPE011|52001|T09|MT02|SANTA BARBARA|CRA2E2139|-77.260013|1.201832||52UZPE01152001T09MT02EBS001H0585|52UZPE01152001T09MT02EBS001H0585F0585|2|1|1|2|52UZPE01152001T09MT02EBS001|900091143|CC|59813323|AUXILIARENFERMERIA|52UZPE01152001T09MT02EBS001H0585F0585CF585|2025-08-15|1||1||3||4||2|2|8|5|3|2|7||2|13|0||1||1||1||1||1|2|1|2|1|1|1|2|2|2|2|2|2||2|2|1|2||6||1|2|2|1|1|1|2|2|1|52UZPE01152001T09MT02EBS001H058552UZPE01152001T09MT02EBS001H0585F0585
2|486|1|52|UZPE011|52001|T09|MT02|SANTA BARBARA|CRA2E2149|-77.261385|1.199077||52UZPE01152001T09MT02EBS001H0586|52UZPE01152001T09MT02EBS001H0586F0586|2|1|1|3|52UZPE01152001T09MT02EBS001|900091143|CC|59813323|AUXILIARENFERMERIA|52UZPE01152001T09MT02EBS001H0586F0586CF586|2025-08-27|1||1||3||1||2|1|8|5|3|2|7||2|13|0||1||1||1||1||2|3|1|2|1|1|1|2|2|2|2|2|2||2|2|1|2||6||1|2|2|1|1|1|2|2|1|52UZPE01152001T09MT02EBS001H058652UZPE01152001T09MT02EBS001H0586F0586
2|487|1|52|UZPE011|52001|T09|MT02|SANTA BARBARA|CRA6E2171|-77.260693|1.193013||52UZPE01152001T09MT02EBS001H0587|52UZPE01152001T09MT02EBS001H0587F0587|2|2|2|2|52UZPE01152001T09MT02EBS001|900091143|CC|59813323|AUXILIARENFERMERIA|52UZPE01152001T09MT02EBS001H0587F0587CF587|2025-08-26|4||1||3||1||2|2|8|4|3|2|19||2|13|0||1||1||1||1||1|2|1|2|1|1|1|2|2|2|2|2|2||2|2|1|1||6||1|2|2|1|1|1|2|2|1|52UZPE01152001T09MT02EBS001H058752UZPE01152001T09MT02EBS001H0587F0587
2|488|1|52|UZPE011|52001|T09|MT02|SANTA BARBARA|CRA2E2085SANTABARBARA|-77.260014|1.202168||52UZPE01152001T09MT02EBS001H0593|52UZPE01152001T09MT02EBS001H0593F0593|2|2|2|4|52UZPE01152001T09MT02EBS001|900091143|CC|27087122|AUXILIARDEENFERMERIA|52UZPE01152001T09MT02EBS001H0593F0593CF593|2025-09-03|1||1||3||4||2|2|11|5|3|2|20||2|13|0||1||1||1||1||1|2|3|2|1|1|1|2|2|2|2|2|2||2|2|1|1||6||1|2|2|1|2|1|2|2|1|52UZPE01152001T09MT02EBS001H059352UZPE01152001T09MT02EBS001H0593F0593
2|489|1|52|UZPE011|52001|T09|MT02|SANTA BARBARA|CRA2E2085SANTABARBARA|-77.260014|1.202168||52UZPE01152001T09MT02EBS001H0594|52UZPE01152001T09MT02EBS001H0594F0594|2|2|2|4|52UZPE01152001T09MT02EBS001|900091143|CC|27087122|AUXILIARDEENFERMERIA|52UZPE01152001T09MT02EBS001H0594F0594CF594|2025-09-03|1||1||3||4||2|2|11|5|3|2|20||2|13|0||1||1||1||1||1|4|3|2|1|1|1|2|2|2|2|2|2||2|2|1|2||6||1|2|2|1|1|1|2|2|1|52UZPE01152001T09MT02EBS001H059452UZPE01152001T09MT02EBS001H0594F0594
2|490|1|52|UZPE011|52001|T09|MT02|SANTA BARBARA|CRA2E2037SANTABARBARA|-77.260238|1.200805||52UZPE01152001T09MT02EBS001H0598|52UZPE01152001T09MT02EBS001H0598F0598|2|1|1|4|52UZPE01152001T09MT02EBS001|900091143|CC|27087122|AUXILIARDEENFERMERIA|52UZPE01152001T09MT02EBS001H0598F0598CF598|2025-09-24|1||1||3||1||3|2|11|5|3|2|20||2|13|0||1||1||1||1||1|4|3|2|1|1|1|2|2|2|2|2|2||2|2|1|2||6||1|2|2|1|1|1|2|2|1|52UZPE01152001T09MT02EBS001H059852UZPE01152001T09MT02EBS001H0598F0598
2|491|1|52|UZPE011|52001|T09|MT01|VILLA FLOR I|CRA1E21A24|-77.260949|1.201881||52UZPE01152001T09MT01EBS001H0599|52UZPE01152001T09MT01EBS001H0599F0599|2|3|3|5|52UZPE01152001T09MT01EBS001|900091143|CC|59651018|PSICOLOGIA|52UZPE01152001T09MT01EBS001H0599F0599CF599|2025-09-25|1||1||3||4||4|2|11|5|3|2|20||2|13|0||1||1||1||1||7|1|3|2|1|1|1|2|2|2|2|2|2||2|2|1|1||6||1|2|2|1|1|1|2|2|1|52UZPE01152001T09MT01EBS001H059952UZPE01152001T09MT01EBS001H0599F0599
2|492|1|52|UZPE011|52001|T09|MT03|VILLA FLOR II|CRA7E21A40|-77.25811|1.202328||52UZPE01152001T09MT03EBS001H0600|52UZPE01152001T09MT03EBS001H0600F0600|2|1|1|1|52UZPE01152001T09MT03EBS001|900091143|CC|36758143|AUXILIARDEENFERMERIA|52UZPE01152001T09MT03EBS001H0600F0600CF600|2025-09-25|4||1||3||1||2|2|11|5|2|2|20||2|13|0||1||1||1||1||1|3|1|1|1|1|1|2|2|2|2|2|2||2|2|1|1||6||1|2|2|1|2|1|2|2|1|52UZPE01152001T09MT03EBS001H060052UZPE01152001T09MT03EBS001H0600F0600
2|493|1|52|UZPE011|52001|T09|MT02|SANTA BARBARA|CRA2E2119SANTABARBARA|-77.259583|1.201382||52UZPE01152001T09MT02EBS001H0602|52UZPE01152001T09MT02EBS001H0602F0602|2|1|1|2|52UZPE01152001T09MT02EBS001|900091143|CC|27087122|AUXILIARDEENFERMERIA|52UZPE01152001T09MT02EBS001H0602F0602CF602|2025-09-25|1||1||3||4||2|2|11|5|3|2|20||1|13|0||1||1||1||1||1|2|3|1|1|1|1|2|2|2|2|2|2||2|2|1|1||6||1|2|2|1|2|1|2|2|1|52UZPE01152001T09MT02EBS001H060252UZPE01152001T09MT02EBS001H0602F0602
2|494|1|52|UZPE011|52001|T09|MT02|SANTA BARBARA|CRA2E2131SANTABARBARA|-77.260274|1.202211||52UZPE01152001T09MT02EBS001H0603|52UZPE01152001T09MT02EBS001H0603F0603|2|1|1|3|52UZPE01152001T09MT02EBS001|900091143|CC|27087122|AUXILIARDEENFERMERIA|52UZPE01152001T09MT02EBS001H0603F0603CF603|2025-09-24|1||1||3||1||2|2|11|5|3|2|20||2|13|0||1||1||1||1||1|3|3|2|1|1|1|2|2|2|2|2|2||2|2|1|1||6||1|2|2|1|1|1|2|2|1|52UZPE01152001T09MT02EBS001H060352UZPE01152001T09MT02EBS001H0603F0603
2|495|1|52|UZPE011|52001|T08|MT01|SANTA BARBARA|CRA1E21A18|-77.260874|1.201816||52UZPE01152001T08MT01EBS001H0604|52UZPE01152001T08MT01EBS001H0604F0604|2|1|1|2|52UZPE01152001T08MT01EBS001|900091143|CC|59651018|PSICOLOGIA|52UZPE01152001T08MT01EBS001H0604F0604CF604|2025-09-24|1||1||3||1||1|2|11|5|2|2|19||2|13|0||1||1||1||1||1|2|3|1|1|1|1|2|2|2|2|2|2||2|2|2|2||6||2|2|2|1|2|1|2|2|1|52UZPE01152001T08MT01EBS001H060452UZPE01152001T08MT01EBS001H0604F0604
2|496|1|52|UZPE011|52001|T09|MT02|SANTA BARBARA|CRA2E2143SANTABARBARA|-77.260045|1.202128||52UZPE01152001T09MT02EBS001H0606|52UZPE01152001T09MT02EBS001H0606F0606|2|1|1|2|52UZPE01152001T09MT02EBS001|900091143|CC|27087122|AUXILIARDEENFERMERIA|52UZPE01152001T09MT02EBS001H0606F0606CF606|2025-09-24|1||1||3||1||1|2|11|5|3|2|20||2|13|0||1||1||1||1||1|2|3|2|1|1|1|2|2|2|2|2|2||2|2|1|1||6||1|2|2|1|2|1|2|2|1|52UZPE01152001T09MT02EBS001H060652UZPE01152001T09MT02EBS001H0606F0606
2|497|1|52|UZPE011|52001|T09|MT02|SANTA BARBARA|CRA2E2107SANTABARBARA|-77.260294|1.201712||52UZPE01152001T09MT02EBS001H0607|52UZPE01152001T09MT02EBS001H0607F0607|2|1|1|2|52UZPE01152001T09MT02EBS001|900091143|CC|27087122|AUXILIARDEENFERMERIA|52UZPE01152001T09MT02EBS001H0607F0607CF607|2025-09-24|1||1||3||1||2|2|11|5|3|2|20||1|13|0||1||1||1||1||1|2|3|2|1|1|1|2|2|2|2|2|2||2|2|1|2||6||1|2|2|1|2|1|2|2|1|52UZPE01152001T09MT02EBS001H060752UZPE01152001T09MT02EBS001H0607F0607
2|498|1|52|UZPE011|52001|T09|MT03|VILLA FLOR II|MZ3CASA7AVILLAFLOR2|-77.257834|1.201973||52UZPE01152001T09MT03EBS001H0608|52UZPE01152001T09MT03EBS001H0608F0608|2|1|1|2|52UZPE01152001T09MT03EBS001|900091143|CC|36758143|AUXILIARDEENFERMERIA|52UZPE01152001T09MT03EBS001H0608F0608CF608|2025-09-25|4||1||3||1||1|2|11|5|2|2|20||1|13|0||1||1||1||1||1|2|3|1|1|1|1|2|2|2|2|2|2||2|2|1|1||6||1|2|2|1|2|1|2|2|1|52UZPE01152001T09MT03EBS001H060852UZPE01152001T09MT03EBS001H0608F0608
2|499|1|52|UZPE011|52001|T09|MT03|VILLA FLOR II|MANZANA4CASA17VILLAFLOR2|-77.25757|1.20241||52UZPE01152001T09MT03EBS001H0610|52UZPE01152001T09MT03EBS001H0610F0610|2|1|1|3|52UZPE01152001T09MT03EBS001|900091143|CC|36758143|AUXILIARDEENFERMERIA|52UZPE01152001T09MT03EBS001H0610F0610CF610|2025-09-25|1||1||3||1||2|2|11|5|2|2|20||2|13|0||1||1||1||1||1|3|3|1|1|1|1|2|2|2|2|2|2||2|2|1|1||6||1|2|2|1|1|1|2|2|1|52UZPE01152001T09MT03EBS001H061052UZPE01152001T09MT03EBS001H0610F0610
2|500|1|52|UZPE011|52001|T09|MT02|SANTA BARBARA|CRA1E2074SANTABARBARA|-77.260855|1.201594||52UZPE01152001T09MT02EBS001H0611|52UZPE01152001T09MT02EBS001H0611F0611|2|1|1|2|52UZPE01152001T09MT02EBS001|900091143|CC|27087122|AUXILIARDEENFERMERIA|52UZPE01152001T09MT02EBS001H0611F0611CF611|2025-09-25|1||1||3||4||2|2|11|5|3|2|20||1|13|0||1||1||1||1||1|2|3|2|1|1|1|2|2|2|2|2|2||2|2|1|2||6||1|2|2|1|1|1|2|2|1|52UZPE01152001T09MT02EBS001H061152UZPE01152001T09MT02EBS001H0611F0611
2|501|1|52|UZPE011|52001|T08|MT01|SANTA BARBARA|CRA1E2072|-77.260514|1.201241||52UZPE01152001T08MT01EBS001H0612|52UZPE01152001T08MT01EBS001H0612F0612|2|1|1|1|52UZPE01152001T08MT01EBS001|900091143|CC|59651018|PSICOLOGIA|52UZPE01152001T08MT01EBS001H0612F0612CF612|2025-09-24|1||1||3||1||1|2|11|5|3|2|20||2|13|0||1||1||1||1||2|1|3|1|1|1|1|2|2|2|2|2|2||2|2|1|2||6||1|2|2|1|1|1|2|2|1|52UZPE01152001T08MT01EBS001H061252UZPE01152001T08MT01EBS001H0612F0612
2|502|1|52|UZPE011|52001|T08|MT01|SANTA BARBARA|CRA1E21A48|-77.260556|1.202108||52UZPE01152001T08MT01EBS001H0613|52UZPE01152001T08MT01EBS001H0613F0613|2|1|1|2|52UZPE01152001T08MT01EBS001|900091143|CC|59651018|PSICOLOGIA|52UZPE01152001T08MT01EBS001H0613F0613CF613|2025-09-24|4||1||3||1||1|2|11|5|2|2|20||1|13|0||1||1||1||1||1|2|3|1|1|1|1|2|2|2|2|2|2||2|2|1|2||6||1|2|2|1|2|1|2|2|1|52UZPE01152001T08MT01EBS001H061352UZPE01152001T08MT01EBS001H0613F0613
2|503|1|52|UZPE011|52001|T08|MT01|SANTA BARBARA|CRA3A21B18|-77.263587|1.202531||52UZPE01152001T08MT01EBS001H0614|52UZPE01152001T08MT01EBS001H0614F0614|2|1|1|1|52UZPE01152001T08MT01EBS001|900091143|CC|59651018|PSICOLOGIA|52UZPE01152001T08MT01EBS001H0614F0614CF614|2025-09-25|1||1||6||8||1|2|11|5|2|2|20||2|13|0||1||1||1||1||7|1|3|2|1|1|2|2|2|2|2|2|2||2|2|1|2||6||1|2|2|1|1|1|2|2|1|52UZPE01152001T08MT01EBS001H061452UZPE01152001T08MT01EBS001H0614F0614
2|504|1|52|UZPE011|52001|T09|MT02|SANTA BARBARA|CRA1E21A42SANTABARBARA|-77.260478|1.202402||52UZPE01152001T09MT02EBS001H0615|52UZPE01152001T09MT02EBS001H0615F0615|2|1|1|2|52UZPE01152001T09MT02EBS001|900091143|CC|27087122|AUXILIARDEENFERMERIA|52UZPE01152001T09MT02EBS001H0615F0615CF615|2025-09-24|1||1||3||1||1|2|11|5|2|2|20||2|13|0||1||1||1||1||1|2|3|2|1|1|1|2|2|2|2|2|2||2|2|1|2||6||1|2|2|1|1|1|2|2|1|52UZPE01152001T09MT02EBS001H061552UZPE01152001T09MT02EBS001H0615F0615
2|505|1|52|UZPE011|52001|T09|MT02|SANTA BARBARA|CRA1E2120SANTABARBARA|-77.260796|1.201768||52UZPE01152001T09MT02EBS001H0616|52UZPE01152001T09MT02EBS001H0616F0616|2|2|2|3|52UZPE01152001T09MT02EBS001|900091143|CC|27087122|AUXILIARDEENFERMERIA|52UZPE01152001T09MT02EBS001H0616F0616CF616|2025-09-25|4||1||3||1||3|2|11|5|2|2|20||2|13|0||1||1||1||1||1|3|3|2|1|1|1|2|2|2|2|2|2||2|2|1|2||6||1|2|2|1|1|1|2|2|1|52UZPE01152001T09MT02EBS001H061652UZPE01152001T09MT02EBS001H0616F0616
2|506|1|52|UZPE011|52001|T09|MT02|SANTA BARBARA|CRA1E2020SANTABARBARA|-77.26167|1.201257||52UZPE01152001T09MT02EBS001H0617|52UZPE01152001T09MT02EBS001H0617F0617|2|1|1|1|52UZPE01152001T09MT02EBS001|900091143|CC|27087122|AUXILIARDEENFERMERIA|52UZPE01152001T09MT02EBS001H0617F0617CF617|2025-09-25|1||1||3||4||1|2|11|5|3|2|20||1|13|0||1||1||1||1||7|1|3|2|1|1|1|2|2|2|2|2|2||2|2|1|2||6||1|2|2|1|1|1|2|2|1|52UZPE01152001T09MT02EBS001H061752UZPE01152001T09MT02EBS001H0617F0617
2|507|1|52|UZPE011|52001|T09|MT03|VILLA FLOR II|MANZANA28CASA1|-77.257236|1.201087||52UZPE01152001T09MT03EBS001H0618|52UZPE01152001T09MT03EBS001H0618F0618|2|1|1|1|52UZPE01152001T09MT03EBS001|900091143|CC|36758143|AUXILIARDEENFERMERIA|52UZPE01152001T09MT03EBS001H0618F0618CF618|2025-09-29|4||1||3||1||1|2|11|5|2|2|20||1|13|0||1||1||1||1||7|1|3|2|1|1|1|2|2|2|2|2|2||2|2|1|2||6||1|2|2|1|1|1|2|2|1|52UZPE01152001T09MT03EBS001H061852UZPE01152001T09MT03EBS001H0618F0618
2|508|1|52|UZPE011|52001|T09|MT02|SANTA BARBARA|CRA3A21B48SANTABARBARA|-77.264166|1.202988||52UZPE01152001T09MT02EBS001H0619|52UZPE01152001T09MT02EBS001H0619F0619|2|1|1|3|52UZPE01152001T09MT02EBS001|900091143|CC|27087122|AUXILIARDEENFERMERIA|52UZPE01152001T09MT02EBS001H0619F0619CF619|2025-09-30|1||1||3||1||2|2|11|5|3|2|20||2|13|0||1||1||1||1||1|3|3|2|1|1|1|2|2|2|2|2|2||2|2|1|2||6||1|2|2|1|1|1|2|2|1|52UZPE01152001T09MT02EBS001H061952UZPE01152001T09MT02EBS001H0619F0619
2|509|1|52|UZPE011|52001|T09|MT02|SANTA BARBARA|CRA3A21B114SANTABARBARA|-77.263651|1.203232||52UZPE01152001T09MT02EBS001H0620|52UZPE01152001T09MT02EBS001H0620F0620|2|1|1|3|52UZPE01152001T09MT02EBS001|900091143|CC|27087122|AUXILIARDEENFERMERIA|52UZPE01152001T09MT02EBS001H0620F0620CF620|2025-09-30|1||1||3||4||2|2|11|5|2|2|20||1|13|0||1||1||1||1||1|3|3|2|1|1|1|2|2|2|2|2|2||2|2|1|1||6||1|2|2|1|1|1|2|2|1|52UZPE01152001T09MT02EBS001H062052UZPE01152001T09MT02EBS001H0620F0620
2|510|1|52|UZPE011|52001|T08|MT01|SANTA BARBARA|CRA321B109SANTABARBARASEGUNDAETAPA|-77.26283|1.203239||52UZPE01152001T08MT01EBS001H0621|52UZPE01152001T08MT01EBS001H0621F0621|2|1|1|2|52UZPE01152001T08MT01EBS001|900091143|CC|27087122|AUXILIARDEENFERMERIA|52UZPE01152001T08MT01EBS001H0621F0621CF621|2025-10-02|1||1||3||4||2|2|11|5|3|2|20||2|13|0||1||1||1||1||1|2|3|2|1|1|1|2|2|2|2|2|2||2|2|1|2||6||1|2|2|1|1|1|2|2|1|52UZPE01152001T08MT01EBS001H062152UZPE01152001T08MT01EBS001H0621F0621
2|511|1|52|UZPE011|52001|T08|MT01|SANTA BARBARA|CRA2B21B|-77.262675|1.202802||52UZPE01152001T08MT01EBS001H0622|52UZPE01152001T08MT01EBS001H0622F0622|2|1|1|2|52UZPE01152001T08MT01EBS001|900091143|CC|1087414586|PSICOLOGA|52UZPE01152001T08MT01EBS001H0622F0622CF622|2025-10-02|1||1||3||1||2|2|8|5|3|2|20||2|13|0||1||1||1||1||2|2|1|2|1|1|1|2|2|2|2|2|2||2|2|1|1||6||1|2|2|1|1|1|2|2|1|52UZPE01152001T08MT01EBS001H062252UZPE01152001T08MT01EBS001H0622F0622
2|512|1|52|UZPE011|52001|T08|MT01|SANTA BARBARA|CRA2B21B12|-77.262724|1.202555||52UZPE01152001T08MT01EBS001H0623|52UZPE01152001T08MT01EBS001H0623F0623|2|2|2|2|52UZPE01152001T08MT01EBS001|900091143|CC|1087414586|PSICOLOGA|52UZPE01152001T08MT01EBS001H0623F0623CF623|2025-10-02|1||1||3||1||2|1|3|4|2|1|8||2|13|0||1||1||1||1||7|1|1|3|1|3|1|2|2|2|2|2|2||2|2|1|1||6||1|2|2|1|2|1|2|2|1|52UZPE01152001T08MT01EBS001H062352UZPE01152001T08MT01EBS001H0623F0623
2|513|1|52|UZPE011|52001|T08|MT01|SANTA BARBARA|CRA2B21B12|-77.262724|1.202555||52UZPE01152001T08MT01EBS001H0624|52UZPE01152001T08MT01EBS001H0624F0624|2|2|2|2|52UZPE01152001T08MT01EBS001|900091143|CC|1087414586|PSICOLOGA|52UZPE01152001T08MT01EBS001H0624F0624CF624|2025-10-02|1||1||3||1||2|1|3|4|2|1|8||2|13|0||1||1||1||1||7|1|1|2|1|1|2|2|2|2|2|2|2||2|2|1|1||6||1|2|2|1|2|1|2|2|1|52UZPE01152001T08MT01EBS001H062452UZPE01152001T08MT01EBS001H0624F0624
2|514|1|52|UZPE011|52001|T08|MT01|SANTA BARBARA|CRA2B21B12FONDO1|-77.262718|1.202383||52UZPE01152001T08MT01EBS001H0626|52UZPE01152001T08MT01EBS001H0626F0626|2|1|1|3|52UZPE01152001T08MT01EBS001|900091143|CC|1087414586|PSICOLOGA|52UZPE01152001T08MT01EBS001H0626F0626CF626|2025-10-02|3||1||3||1||1|1|11|5|2|2|8||2|13|0||1||1||1||1||2|3|1|3|1|1|1|2|2|2|2|2|2||2|2|1|1||6||1|2|2|1|1|1|2|2|1|52UZPE01152001T08MT01EBS001H062652UZPE01152001T08MT01EBS001H0626F0626
2|515|1|52|UZPE011|52001|T08|MT01|SANTA BARBARA|CRA2A21B85|-77.261886|1.203133||52UZPE01152001T08MT01EBS001H0627|52UZPE01152001T08MT01EBS001H0627F0627|2|1|1|1|52UZPE01152001T08MT01EBS001|900091143|CC|1087414586|PSICOLOGA|52UZPE01152001T08MT01EBS001H0627F0627CF627|2025-10-02|4||1||3||1||2|2|11|4|3|2|20||2|13|0||1||1||1||1||7|1|1|2|1|1|1|2|2|2|2|2|2||2|2|1|1||6||1|2|2|1|1|1|2|2|1|52UZPE01152001T08MT01EBS001H062752UZPE01152001T08MT01EBS001H0627F0627
2|516|1|52|UZPE011|52001|T08|MT01|SANTA BARBARA|CRA2A21B31|-77.262356|1.202543||52UZPE01152001T08MT01EBS001H0628|52UZPE01152001T08MT01EBS001H0628F0628|2|1|1|3|52UZPE01152001T08MT01EBS001|900091143|CC|1087414586|PSICOLOGA|52UZPE01152001T08MT01EBS001H0628F0628CF628|2025-10-03|4||1||3||1||2|2|11|4|3|2|20||2|13|0||1||1||1||1||2|3|1|1|1|1|1|2|2|2|2|2|2||2|2|1|1||6||1|2|2|1|1|1|2|2|1|52UZPE01152001T08MT01EBS001H062852UZPE01152001T08MT01EBS001H0628F0628
2|517|1|52|UZPE011|52001|T09|MT02|SANTA BARBARA|CARRERA2A21B83|-77.261886|1.203133||52UZPE01152001T09MT02EBS001H0629|52UZPE01152001T09MT02EBS001H0629F0629|2|2|2|2|52UZPE01152001T09MT02EBS001|900091143|CC|1089483067|MEDICO|52UZPE01152001T09MT02EBS001H0629F0629CF629|2025-10-02|1||1||3||1||2|2|11|5|3|2|20||2|13|0||1||1||1||1||2|1|1|1|1|1|1|2|2|2|2|2|2||2|2|1|2||6||1|2|2|1|1|1|2|2|1|52UZPE01152001T09MT02EBS001H062952UZPE01152001T09MT02EBS001H0629F0629
2|518|1|52|UZPE011|52001|T09|MT02|SANTA BARBARA|CARRERA2A21B83|-77.261886|1.203133||52UZPE01152001T09MT02EBS001H0630|52UZPE01152001T09MT02EBS001H0630F0630|2|2|2|2|52UZPE01152001T09MT02EBS001|900091143|CC|1089483067|MEDICO|52UZPE01152001T09MT02EBS001H0630F0630CF630|2025-10-02|1||1||3||1||2|2|11|5|3|2|20||2|13|0||1||1||1||1||7|1|1|1|1|1|1|2|2|2|2|2|2||2|2|1|1||6||1|2|2|1|1|1|2|2|1|52UZPE01152001T09MT02EBS001H063052UZPE01152001T09MT02EBS001H0630F0630
2|519|1|52|UZPE011|52001|T08|MT01|SANTA BARBARA|CRA321B49SANTABARBARA|-77.263207|1.202752||52UZPE01152001T08MT01EBS001H0631|52UZPE01152001T08MT01EBS001H0631F0631|2|1|1|2|52UZPE01152001T08MT01EBS001|900091143|CC|27087122|AUXILIARDEENFERMERIA|52UZPE01152001T08MT01EBS001H0631F0631CF631|2025-10-02|1||1||3||4||2|2|11|5|3|2|20||2|13|0||1||1||1||1||1|2|3|2|1|1|1|2|2|2|2|2|2||2|2|1|1||6||1|2|2|1|1|1|2|2|1|52UZPE01152001T08MT01EBS001H063152UZPE01152001T08MT01EBS001H0631F0631
2|520|1|52|UZPE011|52001|T09|MT02|SANTA BARBARA|SANTABARBARACRA2B21B97|-77.262843|1.202291||52UZPE01152001T09MT02EBS001H0632|52UZPE01152001T09MT02EBS001H0632F0632|2|1|1|2|52UZPE01152001T09MT02EBS001|900091143|CC|27087122|AUXILIARDEENFERMERIA|52UZPE01152001T09MT02EBS001H0632F0632CF632|2025-09-03|1||1||3||1||1|2|11|5|3|2|20||2|13|0||1||1||1||1||1|2|3|2|1|1|1|2|2|2|2|2|2||2|2|1|1||6||1|2|2|1|1|1|2|2|1|52UZPE01152001T09MT02EBS001H063252UZPE01152001T09MT02EBS001H0632F0632
2|521|1|52|UZPE011|52001|T09|MT02|SANTA BARBARA|CARRERA2A21B83|-77.261886|1.203133||52UZPE01152001T09MT02EBS001H0633|52UZPE01152001T09MT02EBS001H0633F0633|2|1|1|1|52UZPE01152001T09MT02EBS001|900091143|CC|1089483067|MEDICO|52UZPE01152001T09MT02EBS001H0633F0633CF633|2025-10-02|4||1||3||1||1|2|11|5|3|2|20||2|13|0||1||1||1||1||7|1|1|1|1|1|1|2|2|2|2|2|2||2|2|1|1||6||1|2|2|1|1|1|2|2|1|52UZPE01152001T09MT02EBS001H063352UZPE01152001T09MT02EBS001H0633F0633
2|522|1|52|UZPE011|52001|T08|MT01|SANTA BARBARA|CRA2B21B55|-77.262969|1.202475||52UZPE01152001T08MT01EBS001H0634|52UZPE01152001T08MT01EBS001H0634F0634|2|1|1|2|52UZPE01152001T08MT01EBS001|900091143|CC|27087122|AUXILIARDEENFERMERIA|52UZPE01152001T08MT01EBS001H0634F0634CF634|2025-10-03|1||1||3||1||2|2|11|5|3|2|20||2|13|0||1||1||1||1||1|2|3|1|1|1|1|2|2|2|2|2|2||2|2|1|2||6||1|2|2|1|1|1|2|2|1|52UZPE01152001T08MT01EBS001H063452UZPE01152001T08MT01EBS001H0634F0634
2|523|1|52|UZPE011|52001|T08|MT01|SANTA BARBARA|CRA321B54SANTABARBARA|-77.263196|1.202827||52UZPE01152001T08MT01EBS001H0635|52UZPE01152001T08MT01EBS001H0635F0635|2|1|1|2|52UZPE01152001T08MT01EBS001|900091143|CC|27087122|AUXILIARDEENFERMERIA|52UZPE01152001T08MT01EBS001H0635F0635CF635|2025-10-03|1||1||3||1||2|2|11|5|3|2|20||2|13|0||1||1||1||1||1|2|3|2|1|1|1|2|2|2|2|2|2||2|2|1|2||6||1|2|2|1|1|1|2|2|1|52UZPE01152001T08MT01EBS001H063552UZPE01152001T08MT01EBS001H0635F0635
2|524|1|52|UZPE011|52001|T08|MT01|SANTA BARBARA|SANTABARBARACRA2B21B72|-77.262909|1.202208||52UZPE01152001T08MT01EBS001H0637|52UZPE01152001T08MT01EBS001H0637F0637|2|1|1|1|52UZPE01152001T08MT01EBS001|900091143|CC|27087122|AUXILIARDEENFERMERIA|52UZPE01152001T08MT01EBS001H0637F0637CF637|2025-10-03|1||1||3||1||1|2|11|5|3|2|20||2|13|0||1||1||1||1||1|1|3|2|1|1|1|2|2|2|2|2|2||2|2|1|1||6||1|2|2|1|1|1|2|2|1|52UZPE01152001T08MT01EBS001H063752UZPE01152001T08MT01EBS001H0637F0637
2|525|1|52|UZPE011|52001|T08|MT01|SANTA BARBARA|SANTABARBARACRA2B21B96|-77.262893|1.202225||52UZPE01152001T08MT01EBS001H0638|52UZPE01152001T08MT01EBS001H0638F0638|2|1|1|1|52UZPE01152001T08MT01EBS001|900091143|CC|27087122|AUXILIARDEENFERMERIA|52UZPE01152001T08MT01EBS001H0638F0638CF638|2025-10-03|1||1||3||1||1|2|11|5|3|2|20||2|13|0||1||1||1||1||7|1|3|2|1|1|1|2|2|2|2|2|2||2|2|1|1||6||1|2|2|1|1|1|2|2|1|52UZPE01152001T08MT01EBS001H063852UZPE01152001T08MT01EBS001H0638F0638
2|526|1|52|UZPE011|52001|T09|MT02|SANTA BARBARA|CARRERA21B31|-77.262813|1.202745||52UZPE01152001T09MT02EBS001H0639|52UZPE01152001T09MT02EBS001H0639F0639|2|1|1|2|52UZPE01152001T09MT02EBS001|900091143|CC|1089483067|MEDICO|52UZPE01152001T09MT02EBS001H0639F0639CF639|2025-10-02|1||1||3||1||1|2|11|5|3|2|20||2|13|0||1||1||1||1||1|2|1|1|1|1|2|2|2|2|2|2|2||2|2|1|1||6||1|2|2|1|1|1|2|2|1|52UZPE01152001T09MT02EBS001H063952UZPE01152001T09MT02EBS001H0639F0639
2|527|1|52|UZPE011|52001|T08|MT01|SANTA BARBARA|CRA2A21B30|-77.262224|1.202825||52UZPE01152001T08MT01EBS001H0640|52UZPE01152001T08MT01EBS001H0640F0640|2|1|1|3|52UZPE01152001T08MT01EBS001|900091143|CC|1087414586|PSICOLOGA|52UZPE01152001T08MT01EBS001H0640F0640CF640|2025-10-07|4||1||3||1||2|2|11|4|3|2|19||2|13|0||1||1||1||1||2|3|1|2|1|1|1|2|2|2|2|2|2||2|2|1|1||6||1|2|2|1|1|1|2|2|1|52UZPE01152001T08MT01EBS001H064052UZPE01152001T08MT01EBS001H0640F0640
2|528|1|52|UZPE011|52001|T08|MT01|SANTA BARBARA|CRA2A21B78|-77.262177|1.203371||52UZPE01152001T08MT01EBS001H0641|52UZPE01152001T08MT01EBS001H0641F0641|2|1|1|1|52UZPE01152001T08MT01EBS001|900091143|CC|1087414586|PSICOLOGA|52UZPE01152001T08MT01EBS001H0641F0641CF641|2025-10-07|1||1||3||1||2|2|11|4|3|2|20||2|13|0||1||1||1||1||7|1|1|2|1|1|1|2|2|2|2|2|2||2|2|1|1||6||1|2|2|1|1|1|2|2|1|52UZPE01152001T08MT01EBS001H064152UZPE01152001T08MT01EBS001H0641F0641
2|529|1|52|UZPE011|52001|T08|MT01|SANTA BARBARA|CRA2B21B103APTO3|-77.262085|1.203338||52UZPE01152001T08MT01EBS001H0642|52UZPE01152001T08MT01EBS001H0642F0642|2|1|1|1|52UZPE01152001T08MT01EBS001|900091143|CC|1087414586|PSICOLOGA|52UZPE01152001T08MT01EBS001H0642F0642CF642|2025-10-07|4||1||3||1||2|2|11|4|3|2|20||2|13|0||1||1||1||1||7|1|1|2|1|1|1|2|2|2|2|2|2||2|2|1|2||6||1|2|2|1|1|1|2|2|1|52UZPE01152001T08MT01EBS001H064252UZPE01152001T08MT01EBS001H0642F0642
2|530|1|52|UZPE011|52001|T08|MT01|SANTA BARBARA|CRA2A2124SANTABARBARA|-77.26335|1.202302||52UZPE01152001T08MT01EBS001H0643|52UZPE01152001T08MT01EBS001H0643F0643|2|1|1|2|52UZPE01152001T08MT01EBS001|900091143|CC|27087122|AUXILIARDEENFERMERIA|52UZPE01152001T08MT01EBS001H0643F0643CF643|2025-10-07|1||1||3||4||2|2|11|5|3|2|20||2|13|2||1||1||1||1||2|2|3|2|1|1|1|2|2|2|2|2|2||2|2|1|1||6||1|2|2|1|1|1|2|2|1|52UZPE01152001T08MT01EBS001H064352UZPE01152001T08MT01EBS001H0643F0643
2|531|1|52|UZPE011|52001|T08|MT01|SANTA BARBARA|CRA2A21B30SANTABARBARA|-77.262347|1.20289||52UZPE01152001T08MT01EBS001H0644|52UZPE01152001T08MT01EBS001H0644F0644|2|1|1|2|52UZPE01152001T08MT01EBS001|900091143|CC|27087122|AUXILIARDEENFERMERIA|52UZPE01152001T08MT01EBS001H0644F0644CF644|2025-10-07|1||1||3||1||2|2|11|5|3|2|20||2|13|0||1||1||1||1||7|1|3|4|1|1|1|2|2|2|2|2|2||2|2|1|1||6||1|2|2|1|1|1|2|2|1|52UZPE01152001T08MT01EBS001H064452UZPE01152001T08MT01EBS001H0644F0644
2|532|1|52|UZPE011|52001|T08|MT01|SANTA BARBARA|CRA2A21B54SANTABARBARA|-77.262281|1.203314||52UZPE01152001T08MT01EBS001H0645|52UZPE01152001T08MT01EBS001H0645F0645|2|1|1|2|52UZPE01152001T08MT01EBS001|900091143|CC|27087122|AUXILIARDEENFERMERIA|52UZPE01152001T08MT01EBS001H0645F0645CF645|2025-10-07|1||1||3||4||2|2|11|5|3|2|20||2|13|0||1||1||1||1||1|2|2|3|1|1|2|2|2|2|2|2|2||2|2|1|1||6||1|2|2|1|1|1|2|2|1|52UZPE01152001T08MT01EBS001H064552UZPE01152001T08MT01EBS001H0645F0645
2|533|1|52|UZPE011|52001|T08|MT01|SANTA BARBARA|CRA221B79SANTABARBARA|-77.261022|1.206533||52UZPE01152001T08MT01EBS001H0646|52UZPE01152001T08MT01EBS001H0646F0646|2|3|3|6|52UZPE01152001T08MT01EBS001|900091143|CC|27087122|AUXILIARDEENFERMERIA|52UZPE01152001T08MT01EBS001H0646F0646CF646|2025-10-07|1||1||3||4||4|2|11|5|2|2|20||1|13|0||1||1||1||1||1|2|3|2|1|1|1|2|2|2|2|2|2||2|2|1|2||6||1|2|2|1|1|1|2|2|1|52UZPE01152001T08MT01EBS001H064652UZPE01152001T08MT01EBS001H0646F0646
2|534|1|52|UZPE011|52001|T08|MT01|SANTA BARBARA|CRA221B79SANTABARBARA|-77.261022|1.206533||52UZPE01152001T08MT01EBS001H0647|52UZPE01152001T08MT01EBS001H0647F0647|2|3|3|6|52UZPE01152001T08MT01EBS001|900091143|CC|27087122|AUXILIARDEENFERMERIA|52UZPE01152001T08MT01EBS001H0647F0647CF647|2025-10-07|1||1||3||4||4|2|11|5|2|2|20||1|13|0||1||1||1||1||2|2|3|2|1|1|1|2|2|2|2|2|2||2|2|1|2||6||1|2|2|1|1|1|2|2|1|52UZPE01152001T08MT01EBS001H064752UZPE01152001T08MT01EBS001H0647F0647
2|535|1|52|UZPE011|52001|T08|MT01|SANTA BARBARA|CRA221B79SANTABARBARA|-77.261022|1.206533||52UZPE01152001T08MT01EBS001H0648|52UZPE01152001T08MT01EBS001H0648F0648|2|3|3|6|52UZPE01152001T08MT01EBS001|900091143|CC|27087122|AUXILIARDEENFERMERIA|52UZPE01152001T08MT01EBS001H0648F0648CF648|2025-10-07|1||1||3||4||4|2|11|5|2|2|20||1|13|0||1||1||1||1||2|2|3|2|1|1|1|2|2|2|2|2|2||2|2|1|2||6||1|2|2|1|1|1|2|2|1|52UZPE01152001T08MT01EBS001H064852UZPE01152001T08MT01EBS001H0648F0648
2|536|1|52|UZPE011|52001|T08|MT01|SANTA BARBARA|CRA221B66SANTABARBARA|-77.26248|1.203302||52UZPE01152001T08MT01EBS001H0649|52UZPE01152001T08MT01EBS001H0649F0649|2|1|1|3|52UZPE01152001T08MT01EBS001|900091143|CC|27087122|AUXILIARDEENFERMERIA|52UZPE01152001T08MT01EBS001H0649F0649CF649|2025-10-08|1||1||3||1||3|2|11|5|3|2|20||2|13|0||1||1||1||1||2|2|3|2|1|1|1|2|2|2|2|2|2||2|2|2|2||6||2|2|2|1|1|1|2|2|1|52UZPE01152001T08MT01EBS001H064952UZPE01152001T08MT01EBS001H0649F0649
2|537|1|52|UZPE011|52001|T08|MT01|SANTA BARBARA|CRA221B59SANTABARBARA|-77.261926|1.203715||52UZPE01152001T08MT01EBS001H0650|52UZPE01152001T08MT01EBS001H0650F0650|2|1|1|1|52UZPE01152001T08MT01EBS001|900091143|CC|27087122|AUXILIARDEENFERMERIA|52UZPE01152001T08MT01EBS001H0650F0650CF650|2025-10-08|1||1||3||1||1|2|11|5|3|2|20||2|13|0||1||1||1||1||7|1|3|3|1|1|1|2|2|2|2|2|2||2|2|2|2||6||2|2|2|1|1|1|2|2|1|52UZPE01152001T08MT01EBS001H065052UZPE01152001T08MT01EBS001H0650F0650
2|538|1|52|UZPE011|52001|T08|MT01|SANTA BARBARA|CRA221B60|-77.262326|1.203334||52UZPE01152001T08MT01EBS001H0651|52UZPE01152001T08MT01EBS001H0651F0651|2|1|1|2|52UZPE01152001T08MT01EBS001|900091143|CC|1087414586|PSICOLOGA|52UZPE01152001T08MT01EBS001H0651F0651CF651|2025-10-08|1||1||4||1||2|2|11|4|2|2|19||2|13|0||1||1||1||1||2|2|1|3|1|1|2|2|2|2|2|2|2||2|2|1|1||6||1|2|2|1|1|1|2|2|1|52UZPE01152001T08MT01EBS001H065152UZPE01152001T08MT01EBS001H0651F0651
2|539|1|52|UZPE011|52001|T08|MT01|SANTA BARBARA|CRA221B12|-77.261482|1.202646||52UZPE01152001T08MT01EBS001H0652|52UZPE01152001T08MT01EBS001H0652F0652|2|3|3|2|52UZPE01152001T08MT01EBS001|900091143|CC|1087414586|PSICOLOGA|52UZPE01152001T08MT01EBS001H0652F0652CF652|2025-10-08|3||1||3||1||1|1|11|4|2|2|19||2|13|0||1||1||1||1||2|2|1|2|1|1|1|2|2|2|2|2|2||2|2|1|1||6||1|2|2|1|1|1|2|2|1|52UZPE01152001T08MT01EBS001H065252UZPE01152001T08MT01EBS001H0652F0652
2|540|1|52|UZPE011|52001|T08|MT01|SANTA BARBARA|CRA221B12|-77.261482|1.202646||52UZPE01152001T08MT01EBS001H0653|52UZPE01152001T08MT01EBS001H0653F0653|2|3|3|2|52UZPE01152001T08MT01EBS001|900091143|CC|1087414586|PSICOLOGA|52UZPE01152001T08MT01EBS001H0653F0653CF653|2025-10-08|3||1||3||1||1|1|11|4|2|2|19||2|13|0||1||1||1||1||2|3|1|2|1|1|1|2|2|2|2|2|2||2|2|1|1||6||1|2|2|1|1|1|2|2|1|52UZPE01152001T08MT01EBS001H065352UZPE01152001T08MT01EBS001H0653F0653
2|541|1|52|UZPE011|52001|T08|MT01|SANTA BARBARA|CRA221B12|-77.261482|1.202646||52UZPE01152001T08MT01EBS001H0654|52UZPE01152001T08MT01EBS001H0654F0654|2|3|3|2|52UZPE01152001T08MT01EBS001|900091143|CC|1087414586|PSICOLOGA|52UZPE01152001T08MT01EBS001H0654F0654CF654|2025-10-08|3||1||3||1||1|1|11|4|2|2|19||2|13|0||1||1||1||1||7|1|1|2|1|1|1|2|2|2|2|2|2||2|2|1|1||6||1|2|2|1|1|1|2|2|1|52UZPE01152001T08MT01EBS001H065452UZPE01152001T08MT01EBS001H0654F0654
2|542|1|52|UZPE011|52001|T08|MT01|SANTA BARBARA|CRA1A21B49SANTABARBARA|-77.261474|1.203442||52UZPE01152001T08MT01EBS001H0655|52UZPE01152001T08MT01EBS001H0655F0655|2|1|1|3|52UZPE01152001T08MT01EBS001|900091143|CC|27087122|AUXILIARDEENFERMERIA|52UZPE01152001T08MT01EBS001H0655F0655CF655|2025-10-08|1||1||3||4||3|2|11|5|3|2|20||2|13|0||1||1||1||1||1|3|3|2|1|1|1|2|2|2|2|2|2||2|2|1|2||6||1|2|2|1|1|1|2|2|1|52UZPE01152001T08MT01EBS001H065552UZPE01152001T08MT01EBS001H0655F0655
2|543|1|52|UZPE011|52001|T08|MT01|SANTA BARBARA|CRA220B30SANTABARBARA|-77.261763|1.203102||52UZPE01152001T08MT01EBS001H0656|52UZPE01152001T08MT01EBS001H0656F0656|2|1|1|5|52UZPE01152001T08MT01EBS001|900091143|CC|27087122|AUXILIARDEENFERMERIA|52UZPE01152001T08MT01EBS001H0656F0656CF656|2025-10-08|1||1||3||1||4|2|11|5|3|2|20||2|13|0||1||1||1||1||1|5|3|1|1|1|1|2|2|2|2|2|2||2|2|1|2||6||1|2|2|1|1|1|2|2|1|52UZPE01152001T08MT01EBS001H065652UZPE01152001T08MT01EBS001H0656F0656
2|544|1|52|UZPE011|52001|T08|MT01|SANTA BARBARA|CRA121B36SANTABARBARA|-77.260962|1.203067||52UZPE01152001T08MT01EBS001H0657|52UZPE01152001T08MT01EBS001H0657F0657|2|1|1|1|52UZPE01152001T08MT01EBS001|900091143|CC|27087122|AUXILIARDEENFERMERIA|52UZPE01152001T08MT01EBS001H0657F0657CF657|2025-10-09|1||1||3||4||1|2|11|5|3|2|20||2|13|0||1||1||1||1||2|2|3|2|1|1|1|2|2|2|2|2|2||2|2|1|2||6||1|2|2|1|1|1|2|2|1|52UZPE01152001T08MT01EBS001H065752UZPE01152001T08MT01EBS001H0657F0657
2|545|1|52|UZPE011|52001|T08|MT01|SANTA BARBARA|CRA121B19SANTABARBARA|-77.260652|1.202931||52UZPE01152001T08MT01EBS001H0658|52UZPE01152001T08MT01EBS001H0658F0658|2|1|1|1|52UZPE01152001T08MT01EBS001|900091143|CC|27087122|AUXILIARDEENFERMERIA|52UZPE01152001T08MT01EBS001H0658F0658CF658|2025-10-09|4||1||3||1||3|2|11|5|3|2|20||2|13|0||1||1||1||1||2|1|3|2|1|1|1|2|2|2|2|2|2||2|2|1|2||6||1|2|2|1|1|1|2|2|1|52UZPE01152001T08MT01EBS001H065852UZPE01152001T08MT01EBS001H0658F0658
2|546|1|52|UZPE011|52001|T08|MT01|SANTA BARBARA|CRA1E21B18SANTABARBARA|-77.260614|1.202931||52UZPE01152001T08MT01EBS001H0659|52UZPE01152001T08MT01EBS001H0659F0659|2|4|4|7|52UZPE01152001T08MT01EBS001|900091143|CC|27087122|AUXILIARDEENFERMERIA|52UZPE01152001T08MT01EBS001H0659F0659CF659|2025-10-09|1||1||3||4||4|1|11|5|2|2|20||2|13|0||1||1||1||1||7|1|3|2|1|1|1|2|2|2|2|2|2||2|2|1|2||6||1|2|2|1|1|1|2|2|1|52UZPE01152001T08MT01EBS001H065952UZPE01152001T08MT01EBS001H0659F0659
2|547|1|52|UZPE011|52001|T08|MT01|SANTA BARBARA|CRA1E21B18SANTABARBARA|-77.260614|1.202931||52UZPE01152001T08MT01EBS001H0660|52UZPE01152001T08MT01EBS001H0660F0660|2|4|4|7|52UZPE01152001T08MT01EBS001|900091143|CC|27087122|AUXILIARDEENFERMERIA|52UZPE01152001T08MT01EBS001H0660F0660CF660|2025-10-09|1||1||3||4||4|1|11|5|2|2|20||2|13|0||1||1||1||1||2|2|3|2|1|1|1|2|2|2|2|2|2||2|2|1|1||6||1|2|2|1|1|1|2|2|1|52UZPE01152001T08MT01EBS001H066052UZPE01152001T08MT01EBS001H0660F0660
2|548|1|52|UZPE011|52001|T08|MT01|SANTA BARBARA|CRA1E21B18SANTABARBARA|-77.260614|1.202931||52UZPE01152001T08MT01EBS001H0661|52UZPE01152001T08MT01EBS001H0661F0661|2|4|4|7|52UZPE01152001T08MT01EBS001|900091143|CC|27087122|AUXILIARDEENFERMERIA|52UZPE01152001T08MT01EBS001H0661F0661CF661|2025-10-09|1||1||3||4||4|1|11|5|2|2|20||2|13|0||1||1||1||1||7|1|3|2|1|1|1|2|2|2|2|2|2||2|2|1|2||6||1|2|2|1|1|1|2|2|1|52UZPE01152001T08MT01EBS001H066152UZPE01152001T08MT01EBS001H0661F0661
2|549|1|52|UZPE011|52001|T08|MT01|SANTA BARBARA|CRA2E21B19|-77.26021|1.202893||52UZPE01152001T08MT01EBS001H0662|52UZPE01152001T08MT01EBS001H0662F0662|2|1|1|4|52UZPE01152001T08MT01EBS001|900091143|CC|1087414586|PSICOLOGA|52UZPE01152001T08MT01EBS001H0662F0662CF662|2025-10-10|1||1||3||1||3|2|11|4|3|2|19||2|13|0||1||1||1||1||1|4|1|2|1|1|1|2|2|2|2|2|2||2|2|1|1||6||1|2|2|1|1|1|2|2|1|52UZPE01152001T08MT01EBS001H066252UZPE01152001T08MT01EBS001H0662F0662
2|550|1|52|UZPE011|52001|T08|MT01|SANTA BARBARA|CRA2E21B19DIVISION2|-77.260325|1.202936||52UZPE01152001T08MT01EBS001H0663|52UZPE01152001T08MT01EBS001H0663F0663|2|1|1|2|52UZPE01152001T08MT01EBS001|900091143|CC|1087414586|PSICOLOGA|52UZPE01152001T08MT01EBS001H0663F0663CF663|2025-10-10|1||1||3||1||2|2|11|4|2|2|20||1|13|0||1||1||1||1||2|2|1|2|1|1|1|2|2|2|2|2|2||2|2|1|1||6||1|2|2|1|1|1|2|2|1|52UZPE01152001T08MT01EBS001H066352UZPE01152001T08MT01EBS001H0663F0663
2|551|1|52|UZPE011|52001|T08|MT01|SANTA BARBARA|CALLE21C2E19|-77.260517|1.203415||52UZPE01152001T08MT01EBS001H0664|52UZPE01152001T08MT01EBS001H0664F0664|2|1|1|1|52UZPE01152001T08MT01EBS001|900091143|CC|1087414586|PSICOLOGA|52UZPE01152001T08MT01EBS001H0664F0664CF664|2025-10-10|4||1||3||1||1|2|11|4|2|2|20||2|13|0||1||1||1||1||7|1|1|2|1|1|1|2|2|2|2|2|2||2|2|1|1||6||1|2|2|1|1|1|2|2|1|52UZPE01152001T08MT01EBS001H066452UZPE01152001T08MT01EBS001H0664F0664
2|552|1|52|UZPE011|52001|T08|MT01|SANTA BARBARA|CRA2A21B73|-77.261812|1.202899||52UZPE01152001T08MT01EBS001H0665|52UZPE01152001T08MT01EBS001H0665F0665|2|1|1|1|52UZPE01152001T08MT01EBS001|900091143|CC|1089483067|MEDICO|52UZPE01152001T08MT01EBS001H0665F0665CF665|2025-10-07|4||1||3||1||2|2|11|4|2|2|19||2|13|0||1||1||1||1||7|1|1|3|1|1|1|2|2|2|2|2|2||2|2|1|2||6||1|2|2|1|1|1|2|2|1|52UZPE01152001T08MT01EBS001H066552UZPE01152001T08MT01EBS001H0665F0665
2|553|1|52|UZPE011|52001|T08|MT01|SANTA BARBARA|CRA2A21B30APTO2|-77.262237|1.202915||52UZPE01152001T08MT01EBS001H0666|52UZPE01152001T08MT01EBS001H0666F0666|2|1|1|2|52UZPE01152001T08MT01EBS001|900091143|CC|1089483067|MEDICO|52UZPE01152001T08MT01EBS001H0666F0666CF666|2025-10-07|1||1||3||1||2|2|11|4|3|2|20||2|13|0||1||1||1||1||2|2|1|2|1|1|1|2|2|2|2|2|2||2|2|1|2||6||1|2|2|1|1|1|2|2|1|52UZPE01152001T08MT01EBS001H066652UZPE01152001T08MT01EBS001H0666F0666
2|554|1|52|UZPE011|52001|T08|MT01|SANTA BARBARA|CRA2A21B72|-77.261491|1.203482||52UZPE01152001T08MT01EBS001H0667|52UZPE01152001T08MT01EBS001H0667F0667|2|1|1|2|52UZPE01152001T08MT01EBS001|900091143|CC|1089483067|MEDICO|52UZPE01152001T08MT01EBS001H0667F0667CF667|2025-10-07|1||1||3||1||2|2|11|4|3|2|19||2|13|0||1||1||1||1||1|2|1|2|1|1|1|2|2|2|2|2|2||2|2|1|1||6||1|2|2|1|1|1|2|2|1|52UZPE01152001T08MT01EBS001H066752UZPE01152001T08MT01EBS001H0667F0667
2|555|1|52|UZPE011|52001|T08|MT01|SANTA BARBARA|CALLE21C223|-77.263627|1.203442||52UZPE01152001T08MT01EBS001H0668|52UZPE01152001T08MT01EBS001H0668F0668|2|1|1|1|52UZPE01152001T08MT01EBS001|900091143|CC|1089483067|MEDICO|52UZPE01152001T08MT01EBS001H0668F0668CF668|2025-10-07|4||1||3||1||1|2|11|4|2|2|20||2|13|0||1||1||1||1||7|1|1|3|1|1|1|2|2|2|2|2|2||2|2|1|2||6||1|2|2|1|1|1|2|2|1|52UZPE01152001T08MT01EBS001H066852UZPE01152001T08MT01EBS001H0668F0668
2|556|1|52|UZPE011|52001|T08|MT01|SANTA BARBARA|CRA221B61APTO1|-77.26121|1.203441||52UZPE01152001T08MT01EBS001H0669|52UZPE01152001T08MT01EBS001H0669F0669|2|1|1|1|52UZPE01152001T08MT01EBS001|900091143|CC|1089483067|MEDICO|52UZPE01152001T08MT01EBS001H0669F0669CF669|2025-10-07|4||1||3||1||2|2|11|4|2|2|20||2|13|0||1||1||1||1||7|1|1|2|1|1|1|2|2|2|2|2|2||2|2|1|1||6||1|2|2|1|1|1|2|2|1|52UZPE01152001T08MT01EBS001H066952UZPE01152001T08MT01EBS001H0669F0669
2|557|1|52|UZPE011|52001|T08|MT01|SANTA BARBARA|CRA221B37|-77.26213|1.202976||52UZPE01152001T08MT01EBS001H0670|52UZPE01152001T08MT01EBS001H0670F0670|2|1|1|3|52UZPE01152001T08MT01EBS001|900091143|CC|1089483067|MEDICO|52UZPE01152001T08MT01EBS001H0670F0670CF670|2025-10-09|4||1||3||1||3|2|11|4|3|2|20||2|13|0||1||1||1||1||2|3|1|2|1|1|1|2|2|2|2|2|2||2|2|1|2||6||1|2|2|1|1|1|2|2|1|52UZPE01152001T08MT01EBS001H067052UZPE01152001T08MT01EBS001H0670F0670
2|558|1|52|UZPE011|52001|T08|MT01|SANTA BARBARA|CRA221B31|-77.261758|1.202987||52UZPE01152001T08MT01EBS001H0671|52UZPE01152001T08MT01EBS001H0671F0671|2|1|1|1|52UZPE01152001T08MT01EBS001|900091143|CC|1089483067|MEDICO|52UZPE01152001T08MT01EBS001H0671F0671CF671|2025-10-09|1||1||3||1||2|2|11|4|2|2|20||2|13|0||1||1||1||1||7|1|1|2|1|1|1|2|2|2|2|2|2||2|2|1|1||6||1|2|2|1|1|1|2|2|1|52UZPE01152001T08MT01EBS001H067152UZPE01152001T08MT01EBS001H0671F0671
2|559|1|52|UZPE011|52001|T08|MT01|SANTA BARBARA|CRA121B30|-77.261003|1.202641||52UZPE01152001T08MT01EBS001H0672|52UZPE01152001T08MT01EBS001H0672F0672|2|1|1|3|52UZPE01152001T08MT01EBS001|900091143|CC|1089483067|MEDICO|52UZPE01152001T08MT01EBS001H0672F0672CF672|2025-10-09|1||1||3||1||3|2|11|4|3|2|20||2|13|0||1||1||1||1||1|3|1|2|1|1|1|2|2|2|2|2|2||2|2|1|1||6||1|2|2|1|1|1|2|2|1|52UZPE01152001T08MT01EBS001H067252UZPE01152001T08MT01EBS001H0672F0672
2|560|1|52|UZPE011|52001|T09|MT02|SANTA BARBARA|2B21B67|-77.262772|1.20316||52UZPE01152001T09MT02EBS001H0673|52UZPE01152001T09MT02EBS001H0673F0673|2|2|2|2|52UZPE01152001T09MT02EBS001|900091143|CC|1089483067|MEDICO|52UZPE01152001T09MT02EBS001H0673F0673CF673|2025-10-03|1||1||3||1||2|2|11|5|2|2|20||2|13|0||1||1||1||1||7|1|3|1|1|1|1|2|2|2|2|2|2||2|2|2|2||6||2|2|2|1|1|1|2|2|1|52UZPE01152001T09MT02EBS001H067352UZPE01152001T09MT02EBS001H0673F0673
2|561|1|52|UZPE011|52001|T09|MT02|SANTA BARBARA|2B21B67|-77.262772|1.20316||52UZPE01152001T09MT02EBS001H0674|52UZPE01152001T09MT02EBS001H0674F0674|2|2|2|2|52UZPE01152001T09MT02EBS001|900091143|CC|1089483067|MEDICO|52UZPE01152001T09MT02EBS001H0674F0674CF674|2025-10-03|1||1||3||1||2|2|11|5|2|2|20||2|13|0||1||1||1||1||4|1|3|1|1|1|1|2|2|2|2|2|2||2|2|1|1||6||1|2|2|1|2|1|2|2|1|52UZPE01152001T09MT02EBS001H067452UZPE01152001T09MT02EBS001H0674F0674
2|562|1|52|UZPE011|52001|T08|MT01|SANTA BARBARA|CRA2E21B54|-77.260195|1.203297||52UZPE01152001T08MT01EBS001H0675|52UZPE01152001T08MT01EBS001H0675F0675|2|1|1|5|52UZPE01152001T08MT01EBS001|900091143|CC|1087414586|PSICOLOGA|52UZPE01152001T08MT01EBS001H0675F0675CF675|2025-10-16|1||1||3||1||3|2|11|4|2|2|20||2|13|0||1||1||1||1||1|5|1|2|1|1|1|2|2|2|2|2|2||2|2|1|1||6||1|2|2|1|1|1|2|2|1|52UZPE01152001T08MT01EBS001H067552UZPE01152001T08MT01EBS001H0675F0675
2|563|1|52|UZPE011|52001|T08|MT01|SANTA BARBARA|CRA4E21B54|-77.259192|1.203274||52UZPE01152001T08MT01EBS001H0676|52UZPE01152001T08MT01EBS001H0676F0676|2|1|1|2|52UZPE01152001T08MT01EBS001|900091143|CC|1087414586|PSICOLOGA|52UZPE01152001T08MT01EBS001H0676F0676CF676|2025-10-16|1||1||3||1||3|2|11|4|3|2|20||1|13|0||1||1||1||1||2|2|1|2|1|1|1|2|2|2|2|2|2||2|2|1|1||6||1|2|2|1|1|1|2|2|1|52UZPE01152001T08MT01EBS001H067652UZPE01152001T08MT01EBS001H0676F0676
2|564|1|52|UZPE011|52001|T08|MT01|SANTA BARBARA|CRA4E21B42|-77.25919|1.203273||52UZPE01152001T08MT01EBS001H0677|52UZPE01152001T08MT01EBS001H0677F0677|2|1|1|2|52UZPE01152001T08MT01EBS001|900091143|CC|1087414586|PSICOLOGA|52UZPE01152001T08MT01EBS001H0677F0677CF677|2025-10-16|4||1||3||1||2|2|11|4|3|2|20||2|13|0||1||1||1||1||2|2|1|2|1|1|1|2|2|2|2|2|2||2|2|1|2||6||1|2|2|1|1|1|2|2|1|52UZPE01152001T08MT01EBS001H067752UZPE01152001T08MT01EBS001H0677F0677
2|565|1|52|UZPE011|52001|T08|MT01|SANTA BARBARA|CRA5A21B25|-77.257976|1.20253||52UZPE01152001T08MT01EBS001H0678|52UZPE01152001T08MT01EBS001H0678F0678|2|1|1|1|52UZPE01152001T08MT01EBS001|900091143|CC|1087414586|PSICOLOGA|52UZPE01152001T08MT01EBS001H0678F0678CF678|2025-10-16|1||1||3||1||2|2|11|4|2|2|19||1|13|0||1||1||1||1||7|1|1|2|1|1|1|2|2|2|2|2|2||2|2|1|2||6||1|2|2|1|1|1|2|2|1|52UZPE01152001T08MT01EBS001H067852UZPE01152001T08MT01EBS001H0678F0678
2|566|1|52|UZPE011|52001|T08|MT01|SANTA BARBARA|CRA6E21B21|-77.258454|1.203151||52UZPE01152001T08MT01EBS001H0679|52UZPE01152001T08MT01EBS001H0679F0679|2|1|1|2|52UZPE01152001T08MT01EBS001|900091143|CC|1087414586|PSICOLOGA|52UZPE01152001T08MT01EBS001H0679F0679CF679|2025-10-20|4||1||3||1||3|2|11|4|3|2|20||2|13|0||1||1||1||1||2|2|1|2|1|1|1|2|2|2|2|2|2||2|2|1|2||6||1|2|2|1|1|1|2|2|1|52UZPE01152001T08MT01EBS001H067952UZPE01152001T08MT01EBS001H0679F0679
2|567|1|52|UZPE011|52001|T08|MT01|SANTA BARBARA|CALLE21C4E22|-77.263302|1.202618||52UZPE01152001T08MT01EBS001H0681|52UZPE01152001T08MT01EBS001H0681F0681|2|4|4|3|52UZPE01152001T08MT01EBS001|900091143|CC|1087414586|PSICOLOGA|52UZPE01152001T08MT01EBS001H0681F0681CF681|2025-10-21|4||1||3||1||3|2|11|4|3|2|20||2|13|0||1||1||1||1||2|3|1|2|1|1|1|2|2|2|2|2|2||2|2|1|1||6||1|2|2|1|1|1|2|2|1|52UZPE01152001T08MT01EBS001H068152UZPE01152001T08MT01EBS001H0681F0681
2|568|1|52|UZPE011|52001|T08|MT01|SANTA BARBARA|CALLE21C4E22|-77.263302|1.202618||52UZPE01152001T08MT01EBS001H0682|52UZPE01152001T08MT01EBS001H0682F0682|2|4|4|3|52UZPE01152001T08MT01EBS001|900091143|CC|1087414586|PSICOLOGA|52UZPE01152001T08MT01EBS001H0682F0682CF682|2025-10-21|4||1||3||1||3|2|11|4|3|2|20||2|13|0||1||1||1||1||2|3|1|2|1|1|1|2|2|2|2|2|2||2|2|1|1||6||1|2|2|1|1|1|2|2|1|52UZPE01152001T08MT01EBS001H068252UZPE01152001T08MT01EBS001H0682F0682
2|569|1|52|UZPE011|52001|T08|MT01|SANTA BARBARA|CALLE21C4E22|-77.263302|1.202618||52UZPE01152001T08MT01EBS001H0683|52UZPE01152001T08MT01EBS001H0683F0683|2|4|4|3|52UZPE01152001T08MT01EBS001|900091143|CC|1087414586|PSICOLOGA|52UZPE01152001T08MT01EBS001H0683F0683CF683|2025-10-21|4||1||3||1||3|2|11|4|3|2|20||2|13|0||1||1||1||1||2|3|1|2|1|1|1|2|2|2|2|2|2||2|2|1|1||6||1|2|2|1|1|1|2|2|1|52UZPE01152001T08MT01EBS001H068352UZPE01152001T08MT01EBS001H0683F0683
2|570|1|52|UZPE011|52001|T08|MT01|SANTA BARBARA|CALLE21C4E22|-77.263302|1.202618||52UZPE01152001T08MT01EBS001H0684|52UZPE01152001T08MT01EBS001H0684F0684|2|4|4|3|52UZPE01152001T08MT01EBS001|900091143|CC|1087414586|PSICOLOGA|52UZPE01152001T08MT01EBS001H0684F0684CF684|2025-10-21|4||1||3||1||3|2|11|4|3|2|20||2|13|0||1||1||1||1||7|1|1|2|1|1|1|2|2|2|2|2|2||2|2|1|2||6||1|2|2|1|1|1|2|2|1|52UZPE01152001T08MT01EBS001H068452UZPE01152001T08MT01EBS001H0684F0684
2|571|1|52|UZPE011|52001|T08|MT01|SANTA BARBARA|CRA4E21B55|-77.259213|1.203375||52UZPE01152001T08MT01EBS001H0685|52UZPE01152001T08MT01EBS001H0685F0685|2|1|1|3|52UZPE01152001T08MT01EBS001|900091143|CC|1087414586|PSICOLOGA|52UZPE01152001T08MT01EBS001H0685F0685CF685|2025-10-22|1||1||3||1||3|2|11|4|2|2|20||2|13|0||1||1||1||1||1|3|1|2|1|1|1|2|2|2|2|2|2||2|2|1|1||6||1|2|2|1|1|1|2|2|1|52UZPE01152001T08MT01EBS001H068552UZPE01152001T08MT01EBS001H0685F0685
2|572|1|52|UZPE011|52001|T08|MT01|SANTA BARBARA|CRA4E21B30|-77.258916|1.202342||52UZPE01152001T08MT01EBS001H0686|52UZPE01152001T08MT01EBS001H0686F0686|2|1|1|2|52UZPE01152001T08MT01EBS001|900091143|CC|1087414586|PSICOLOGA|52UZPE01152001T08MT01EBS001H0686F0686CF686|2025-10-22|4||1||3||1||2|2|11|4|2|2|20||2|13|0||1||1||1||1||1|2|1|2|1|1|1|2|2|2|2|2|2||2|2|1|2||6||1|2|2|1|1|1|2|2|1|52UZPE01152001T08MT01EBS001H068652UZPE01152001T08MT01EBS001H0686F0686
2|573|1|52|UZPE011|52001|T08|MT01|SANTA BARBARA|CALLE21C4E30|-77.259254|1.20322||52UZPE01152001T08MT01EBS001H0687|52UZPE01152001T08MT01EBS001H0687F0687|2|1|1|1|52UZPE01152001T08MT01EBS001|900091143|CC|1087414586|PSICOLOGA|52UZPE01152001T08MT01EBS001H0687F0687CF687|2025-10-22|1||1||3||1||1|2|11|4|3|2|19||2|13|0||1||1||1||1||7|1|1|2|1|1|1|2|2|2|2|2|2||2|2|1|1||6||1|2|2|1|2|1|2|2|1|52UZPE01152001T08MT01EBS001H068752UZPE01152001T08MT01EBS001H0687F0687
2|574|1|52|UZPE011|52001|T08|MT01|SANTA BARBARA|CRA3E2156|-77.259951|1.203545||52UZPE01152001T08MT01EBS001H0688|52UZPE01152001T08MT01EBS001H0688F0688|2|1|1|1|52UZPE01152001T08MT01EBS001|900091143|CC|1087414586|PSICOLOGA|52UZPE01152001T08MT01EBS001H0688F0688CF688|2025-10-22|4||1||3||1||2|2|11|4|2|2|20||2|13|0||1||1||1||1||7|1|1|3|1|1|1|2|2|2|2|2|2||2|2|1|2||6||1|2|2|1|1|1|2|2|1|52UZPE01152001T08MT01EBS001H068852UZPE01152001T08MT01EBS001H0688F0688
2|575|1|52|UZPE011|52001|T08|MT01|SANTA BARBARA|CRA3E21B31SANTABARBARASEGUNDAETAPA|-77.259916|1.202964||52UZPE01152001T08MT01EBS001H0689|52UZPE01152001T08MT01EBS001H0689F0689|2|1|1|2|52UZPE01152001T08MT01EBS001|900091143|CC|27087122|AUXILIARDEENFERMERIA|52UZPE01152001T08MT01EBS001H0689F0689CF689|2025-10-15|1||1||3||4||1|2|11|5|3|2|20||2|13|0||1||1||1||1||1|2|3|1|1|1|1|2|2|2|2|2|2||2|2|1|2||6||1|2|2|1|1|1|2|2|1|52UZPE01152001T08MT01EBS001H068952UZPE01152001T08MT01EBS001H0689F0689
2|576|1|52|UZPE011|52001|T08|MT01|SANTA BARBARA|CRA4E21B43|-77.276211|1.197623||52UZPE01152001T08MT01EBS001H0690|52UZPE01152001T08MT01EBS001H0690F0690|2|1|1|3|52UZPE01152001T08MT01EBS001|900091143|CC|27087122|AUXILIARDEENFERMERIA|52UZPE01152001T08MT01EBS001H0690F0690CF690|2025-10-16|1||1||3||1||3|2|11|5|3|2|20||2|13|0||1||1||1||1||1|3|3|2|1|1|1|2|2|2|2|2|2||2|2|1|1||6||1|2|2|1|1|1|2|2|1|52UZPE01152001T08MT01EBS001H069052UZPE01152001T08MT01EBS001H0690F0690
2|577|1|52|UZPE011|52001|T08|MT01|SANTA BARBARA|CRA5E21B25SANTABARBARA|-77.258818|1.203091||52UZPE01152001T08MT01EBS001H0691|52UZPE01152001T08MT01EBS001H0691F0691|2|1|1|3|52UZPE01152001T08MT01EBS001|900091143|CC|27087122|AUXILIARDEENFERMERIA|52UZPE01152001T08MT01EBS001H0691F0691CF691|2025-10-15|1||1||3||1||2|2|11|5|2|2|20||2|13|0||1||1||1||1||1|3|3|2|1|1|2|2|2|2|2|2|2||2|2|1|2||6||1|2|2|1|1|1|2|2|1|52UZPE01152001T08MT01EBS001H069152UZPE01152001T08MT01EBS001H0691F0691
2|578|1|52|UZPE011|52001|T08|MT01|SANTA BARBARA|21B25|-77.260264|1.202922||52UZPE01152001T08MT01EBS001H0692|52UZPE01152001T08MT01EBS001H0692F0692|3|2|2|4|52UZPE01152001T08MT01EBS001|900091143|CC|37084258|PSICOLOGO|52UZPE01152001T08MT01EBS001H0692F0692CF692|2025-10-10|1||1||3||1||3|2|11|5|2|2|20||2|13|0||1||1||1||1||2|2|1|1|1|1|1|2|2|2|2|2|2||2|2|2|2||6||2|2|2|1|1|1|2|2|1|52UZPE01152001T08MT01EBS001H069252UZPE01152001T08MT01EBS001H0692F0692
2|579|1|52|UZPE011|52001|T08|MT01|SANTA BARBARA|CALLE21B2E25|-77.259937|1.202742||52UZPE01152001T08MT01EBS001H0694|52UZPE01152001T08MT01EBS001H0694F0694|3|2|2|3|52UZPE01152001T08MT01EBS001|900091143|CC|37084258|PSICOLOGO|52UZPE01152001T08MT01EBS001H0694F0694CF694|2025-10-23|1||1||3||1||4|2|2|5|2|2|19||1|13|0||1||1||1||1||1|3|1|3|1|1|1|2|2|2|2|2|2||2|2|1|1||6||1|2|2|1|1|1|2|2|1|52UZPE01152001T08MT01EBS001H069452UZPE01152001T08MT01EBS001H0694F0694
2|580|1|52|UZPE011|52001|T08|MT01|SANTA BARBARA|CRA3A21B85|-77.263281|1.203258||52UZPE01152001T08MT01EBS001H0695|52UZPE01152001T08MT01EBS001H0695F0695|2|1|1|3|52UZPE01152001T08MT01EBS001|900091143|CC|1087414586|PSICOLOGA|52UZPE01152001T08MT01EBS001H0695F0695CF695|2025-11-06|1||1||3||4||3|2|11|4|3|2|20||2|13|0||1||1||1||1||1|3|1|2|1|1|1|2|2|2|2|2|2||2|2|1|2||6||1|2|2|1|1|1|2|2|1|52UZPE01152001T08MT01EBS001H069552UZPE01152001T08MT01EBS001H0695F0695
2|581|1|52|UZPE011|52001|T08|MT01|SANTA BARBARA|CRA3A21B49|-77.263381|1.202686||52UZPE01152001T08MT01EBS001H0696|52UZPE01152001T08MT01EBS001H0696F0696|2|2|2|3|52UZPE01152001T08MT01EBS001|900091143|CC|1087414586|PSICOLOGA|52UZPE01152001T08MT01EBS001H0696F0696CF696|2025-11-06|4||1||3||1||3|2|11|4|3|2|19||2|13|0||1||1||1||1||1|3|1|2|1|1|1|2|2|2|2|2|2||2|2|1|1||6||1|2|2|1|1|1|2|2|1|52UZPE01152001T08MT01EBS001H069652UZPE01152001T08MT01EBS001H0696F0696
2|582|1|52|UZPE011|52001|T08|MT01|SANTA BARBARA|CRA3A21B49|-77.263381|1.202686||52UZPE01152001T08MT01EBS001H0697|52UZPE01152001T08MT01EBS001H0697F0697|2|2|2|3|52UZPE01152001T08MT01EBS001|900091143|CC|1087414586|PSICOLOGA|52UZPE01152001T08MT01EBS001H0697F0697CF697|2025-11-06|4||1||3||1||3|2|11|4|3|2|19||2|13|0||1||1||1||1||2|3|1|2|1|1|1|2|2|2|2|2|2||2|2|1|1||6||1|2|2|1|1|1|2|2|1|52UZPE01152001T08MT01EBS001H069752UZPE01152001T08MT01EBS001H0697F0697
2|583|1|52|UZPE011|52001|T08|MT01|SANTA BARBARA|VEREDALOSANGELES|-77.292622|1.064454||52UZPE01152001T08MT01EBS001H0698|52UZPE01152001T08MT01EBS001H0698F0698|1|1|1|1|52UZPE01152001T08MT01EBS001|900091143|CC|1081272656|AUXILIARDEENFERMERIA|52UZPE01152001T08MT01EBS001H0698F0698CF698|2025-11-04|1||2||3||2||2|2|11|1|1|1|19||2|9,10|2||1||2||6||3||1|2|1|4|1|1|2|2|2|2|2|2|2||2|2|1|2||1||1|2|2|1|1|1|2|2|1|52UZPE01152001T08MT01EBS001H069852UZPE01152001T08MT01EBS001H0698F0698
2|584|1|52|UZPE011|52001|T08|MT01|SANTA BARBARA|VEREDALOSANGELE|-77.292633|1.064452||52UZPE01152001T08MT01EBS001H0699|52UZPE01152001T08MT01EBS001H0699F0699|1|1|1|3|52UZPE01152001T08MT01EBS001|900091143|CC|1081272656|AUXILIARDEENFERMERIA|52UZPE01152001T08MT01EBS001H0699F0699CF699|2025-11-01|1||2||3||4||2|2|11|1|4|2|20||2|9,10|2||3||1||5||3||1|3|3|4|1|1|1|2|2|2|2|2|2||2|2|1|2||1||1|2|2|1|1|1|2|2|1|52UZPE01152001T08MT01EBS001H069952UZPE01152001T08MT01EBS001H0699F0699
2|585|1|52|UZPE011|52001|T08|MT01|SANTA BARBARA|VEREDALASIGLESI|-77.281656|1.057442||52UZPE01152001T08MT01EBS001H0701|52UZPE01152001T08MT01EBS001H0701F0701|1|1|1|1|52UZPE01152001T08MT01EBS001|900091143|CC|1081272656|AUXILIARDEENFERMERIA|52UZPE01152001T08MT01EBS001H0701F0701CF701|2025-11-08|1||2||3||1||2|2|11|1|4|1|8||2|13|0||3||1||5||1||7|1|1|4|1|1|2|2|2|2|2|2|2||2|2|1|2||1||1|2|2|1|2|1|2|2|1|52UZPE01152001T08MT01EBS001H070152UZPE01152001T08MT01EBS001H0701F0701
2|586|1|52|UZPE011|52001|T08|MT01|SANTA BARBARA|VEREDAJURADO|-77.279553|1.096009||52UZPE01152001T08MT01EBS001H0703|52UZPE01152001T08MT01EBS001H0703F0703|1|1|1|2|52UZPE01152001T08MT01EBS001|900091143|CC|1081272656|AUXILIARDEENFERMERIA|52UZPE01152001T08MT01EBS001H0703F0703CF703|2025-11-10|1||1||3||1||1|2|11|1|4|1|8||2|13|0||1||1||1||1||1|1|3|1|1|1|1|2|2|2|2|2|2||2|2|1|2||1||1|2|2|1|1|1|2|2|1|52UZPE01152001T08MT01EBS001H070352UZPE01152001T08MT01EBS001H0703F0703
2|587|1|52|UZPE011|52001|T08|MT01|SANTA BARBARA|VEREDAJURAD|-77.277577|1.096555||52UZPE01152001T08MT01EBS001H0704|52UZPE01152001T08MT01EBS001H0704F0704|1|1|1|1|52UZPE01152001T08MT01EBS001|900091143|CC|1081272656|AUXILIARDEENFERMERIA|52UZPE01152001T08MT01EBS001H0704F0704CF704|2025-11-10|1||1||3||1||2|2|11|5|4|1|20||2|13|0||1||1||1||3||1|3|3|4|1|1|1|2|2|2|2|2|2||2|2|1|2||1||1|2|2|1|2|1|2|2|1|52UZPE01152001T08MT01EBS001H070452UZPE01152001T08MT01EBS001H0704F0704
2|588|1|52|UZPE011|52001|T08|MT01|SANTA BARBARA|VEREDJURAD|-77.275211|1.097644||52UZPE01152001T08MT01EBS001H0706|52UZPE01152001T08MT01EBS001H0706F0706|1|1|1|1|52UZPE01152001T08MT01EBS001|900091143|CC|1081272656|AUXILIARDEENFERMERIA|52UZPE01152001T08MT01EBS001H0706F0706CF706|2025-11-10|1||1||3||1||1|2|11|1|2|1|20||2|13|0||1||1||1||3||1|1|3|1|1|1|1|2|2|2|2|2|2||2|2|1|2||1||1|2|2|1|1|1|2|2|1|52UZPE01152001T08MT01EBS001H070652UZPE01152001T08MT01EBS001H0706F0706
2|589|1|52|UZPE011|52001|T08|MT01|SANTA BARBARA|VEREDAIGLESIASS|-77.277377|1.059344||52UZPE01152001T08MT01EBS001H0707|52UZPE01152001T08MT01EBS001H0707F0707|1|1|1|2|52UZPE01152001T08MT01EBS001|900091143|CC|1081272656|AUXILIARDEENFERMERIA|52UZPE01152001T08MT01EBS001H0707F0707CF707|2025-11-12|1||2||3||4||2|2|11|1|4|1|8||2|13|0||3||2||5||3||1|2|1|2|1|1|2|2|2|2|2|2|2||2|2|1|2||1||1|2|2|1|2|1|2|2|1|52UZPE01152001T08MT01EBS001H070752UZPE01152001T08MT01EBS001H0707F0707
3|590|KATHERIN|DANIELA|ORTEGA|PAZ|CC|1085346889|1999-08-21|2|2|5|9622|7|5||7|07|||8|61.0|160|||2||||||||||||52UZPE01152001T09MT04EBS001H000152UZPE01152001T09MT04EBS001H0001F0001|52UZPE01152001T09MT04EBS001H000152UZPE01152001T09MT04EBS001H0001F0001CC1085346889
3|591|IAN|EMILIANO|OBANDO|ORTEGA|RC|1080073322|2022-12-01|1|2|3|9998|3|2||8|07|||8|||||2||||||||||||52UZPE01152001T09MT04EBS001H000152UZPE01152001T09MT04EBS001H0001F0001|52UZPE01152001T09MT04EBS001H000152UZPE01152001T09MT04EBS001H0001F0001RC1080073322
3|592|EULER|RAMIRO|LINARES|GELPU|CC|13071183|1981-05-25|1|2|2|5169|7|2||7|07|||8|67.0|170|||2||||||||||||52UZPE01152001T08MT02EBS001H000352UZPE01152001T08MT02EBS001H0003F0003|52UZPE01152001T08MT02EBS001H000352UZPE01152001T08MT02EBS001H0003F0003CC13071183
3|593|ADRIANA|NOAPLICA|RUIZ|RUIZ|CC|5335421|1997-10-06|2|2|2|9510|3|1||7|07|||8|70.0|165|||2||||||||||||52UZPE01152001T08MT02EBS001H000352UZPE01152001T08MT02EBS001H0003F0003|52UZPE01152001T08MT02EBS001H000352UZPE01152001T08MT02EBS001H0003F0003CC5335421
3|594|JESUS|ARTURO|SEGURA|RODRIGUEZ|CC|12965348|1957-12-28|1|2|5|9622|3|1||3|07|||8|74.0|168|||2||||||||||||52UZPE01152001T08MT02EBS001H000452UZPE01152001T08MT02EBS001H0004F0004|52UZPE01152001T08MT02EBS001H000452UZPE01152001T08MT02EBS001H0004F0004CC12965348
3|595|MARIA|ELENA|ALVAREZ|PAZ|CC|30738541|1965-03-26|2|2|5|9998|2|1||3|07|||8|95.0|145|||2||||||||||||52UZPE01152001T08MT02EBS001H000452UZPE01152001T08MT02EBS001H0004F0004|52UZPE01152001T08MT02EBS001H000452UZPE01152001T08MT02EBS001H0004F0004CC30738541
3|596|CRISTIAN|CAMILO|SEGURA|ALVAREZ|CC|1085333963|1997-01-23|1|2|3|9998|7|1||7|07|||8|76.0|176|||2||||||||||||52UZPE01152001T08MT02EBS001H000452UZPE01152001T08MT02EBS001H0004F0004|52UZPE01152001T08MT02EBS001H000452UZPE01152001T08MT02EBS001H0004F0004CC1085333963
3|597|DIEGO|ALEXANDER|SEGURA|ALVAREZ|CC|1085299227|1992-09-09|1|2|3|9999|5|1||7|07|||8|82.0|170|||2||||||||||||52UZPE01152001T08MT02EBS001H000452UZPE01152001T08MT02EBS001H0004F0004|52UZPE01152001T08MT02EBS001H000452UZPE01152001T08MT02EBS001H0004F0004CC1085299227
3|598|VISITACION|DELCARMEN|PIZCAL|DIAZ|CC|27373954|1968-07-12|2|2|2|9998|7|1||7|07|||8|46.0|140|||2||||||||||||52UZPE01152001T08MT02EBS001H000552UZPE01152001T08MT02EBS001H0005F0005|52UZPE01152001T08MT02EBS001H000552UZPE01152001T08MT02EBS001H0005F0005CC27373954
3|599|NORA|EUGENIA|VILLAMARIN|RIASCOS|CC|59815088|1971-07-20|2|2|5|9998|3|2||7|07|||8|50.0|150|||2||||||||||||52UZPE01152001T08MT02EBS001H000652UZPE01152001T08MT02EBS001H0006F0006|52UZPE01152001T08MT02EBS001H000652UZPE01152001T08MT02EBS001H0006F0006CC59815088
3|600|YANETH|YANETH|DELGADO|GUZMAN|CC|30734366|1965-09-07|2|2|1|9998|8|2||7|07|||8|64.0|160|||2||||||||||||52UZPE01152001T08MT02EBS001H000752UZPE01152001T08MT02EBS001H0007F0007|52UZPE01152001T08MT02EBS001H000752UZPE01152001T08MT02EBS001H0007F0007CC30734366
3|601|SANDRA|SANDRA|DELGADO|GUZMAN|CC|30741785|1987-09-12|2|2|4|9998|13|1||7|07|||8|51.0|159|||2||||||||||||52UZPE01152001T08MT02EBS001H000752UZPE01152001T08MT02EBS001H0007F0007|52UZPE01152001T08MT02EBS001H000752UZPE01152001T08MT02EBS001H0007F0007CC30741785
3|602|ZARAH|ALEJANDRA|GAVIRIA|GAVIRIA|TI|1030002576|2018-02-02|2|2|3|9998|3|1||8|07|||8|19.0|121|||2||||||||||||52UZPE01152001T08MT02EBS001H000952UZPE01152001T08MT02EBS001H0009F0009|52UZPE01152001T08MT02EBS001H000952UZPE01152001T08MT02EBS001H0009F0009TI1030002576
3|603|LUIS|FERNANDO|GAVIRIA|FIGUEROA|CC|1085269729|1988-09-11|1|2|1|5169|7|2||7|07|||8|75.0|172|||2||||||||||||52UZPE01152001T08MT02EBS001H000952UZPE01152001T08MT02EBS001H0009F0009|52UZPE01152001T08MT02EBS001H000952UZPE01152001T08MT02EBS001H0009F0009CC1085269729
3|604|MAGDA|CAROLINA|GAVIRIA|HUERTAS|CC|1085257417|1987-02-01|2|2|5|9998|8|1||7|07|||8|72.0|160|||2||||||||||||52UZPE01152001T08MT02EBS001H000952UZPE01152001T08MT02EBS001H0009F0009|52UZPE01152001T08MT02EBS001H000952UZPE01152001T08MT02EBS001H0009F0009CC1085257417
3|605|ANA|MARIA|BENAVIDES|MORAN|CC|30731148|1965-04-03|2|2|3|9622|3|1||3|07|||8|75.0|148|||2||||||||||||52UZPE01152001T08MT02EBS001H001152UZPE01152001T08MT02EBS001H0011F0011|52UZPE01152001T08MT02EBS001H001152UZPE01152001T08MT02EBS001H0011F0011CC30731148
3|606|MONICA|DELPILAR|BENAVIDES|MORAN|CC|59816826|1968-11-14|2|2|3|9998|2|1||7|07|||8|72.0|157|||2||||||||||||52UZPE01152001T08MT02EBS001H001152UZPE01152001T08MT02EBS001H0011F0011|52UZPE01152001T08MT02EBS001H001152UZPE01152001T08MT02EBS001H0011F0011CC59816826
3|607|GLADYS|MARINA|DELGADO|VITERI|CC|30709545|1955-04-07|2|2|6|9998|2|1||3|07|||3|59.0|152|||2||||||||||||52UZPE01152001T09MT04EBS001H001352UZPE01152001T09MT04EBS001H0013F0013|52UZPE01152001T09MT04EBS001H001352UZPE01152001T09MT04EBS001H0013F0013CC30709545
3|608|MAIRA|ALEJANDRA|ACHICANOY|RIVERA|CC|1085310736|1993-10-22|2|2|3|5169|3|2||7|07|||8|48.0|157|||2||||||||||||52UZPE01152001T09MT04EBS001H001452UZPE01152001T09MT04EBS001H0014F0014|52UZPE01152001T09MT04EBS001H001452UZPE01152001T09MT04EBS001H0014F0014CC1085310736
3|609|CARLOS|EUDORO|ORTEGA|ORTEGA|CC|12983679|1960-03-03|1|2|2|9510|3|1||3|07|||8|73.0|165|||2||||||||||||52UZPE01152001T09MT04EBS001H001552UZPE01152001T09MT04EBS001H0015F0015|52UZPE01152001T09MT04EBS001H001552UZPE01152001T09MT04EBS001H0015F0015CC12983679
3|610|MARIA|LUISA|CAICEDO|NOTIENE|CC|30746464|1970-10-04|2|2|2|9998|3|1||7|07|||8|60.0|154|||2||||||||||||52UZPE01152001T09MT04EBS001H001552UZPE01152001T09MT04EBS001H0015F0015|52UZPE01152001T09MT04EBS001H001552UZPE01152001T09MT04EBS001H0015F0015CC30746464
3|611|ALVARO|HERNAN|RAMIREZ|NOTIENE|CC|12754450|1981-01-28|1|2|3|9510|3|1||7|07|||8|80.0|170|||2||||||||||||52UZPE01152001T09MT04EBS001H001652UZPE01152001T09MT04EBS001H0016F0016|52UZPE01152001T09MT04EBS001H001652UZPE01152001T09MT04EBS001H0016F0016CC12754450
3|612|GLORIA|DELSOCORRO|RAMIREZ|NOREFIERE|CC|30735989|1967-08-15|2|2|1|9998|2|1||7|07|||8|55.0|158|||2||||||||||||52UZPE01152001T09MT04EBS001H001652UZPE01152001T09MT04EBS001H0016F0016|52UZPE01152001T09MT04EBS001H001652UZPE01152001T09MT04EBS001H0016F0016CC30735989
3|613|MARIA|FABIOLA|MENESES|QUELAL|CC|27486049|1944-11-01|2|2|5|9998|2|1||3|07|||8|50.0|148|||2||||||||||||52UZPE01152001T08MT02EBS001H001852UZPE01152001T08MT02EBS001H0018F0018|52UZPE01152001T08MT02EBS001H001852UZPE01152001T08MT02EBS001H0018F0018CC27486049
3|614|GUILLERMO|NA|DELGADO|ROSERO|CC|12820191|1961-05-14|1|2|1|9622|2|1||3|07|||8|75.0|170|||2||||||||||||52UZPE01152001T08MT02EBS001H001952UZPE01152001T08MT02EBS001H0019F0019|52UZPE01152001T08MT02EBS001H001952UZPE01152001T08MT02EBS001H0019F0019CC12820191
3|615|HOYOS|LOPEZ|ESTELA|DELCARMEN|CC|30723689|1961-10-12|2|2|2|9998|2|2||3|07|||8|63.0|154|||2||||||||||||52UZPE01152001T08MT02EBS001H001952UZPE01152001T08MT02EBS001H0019F0019|52UZPE01152001T08MT02EBS001H001952UZPE01152001T08MT02EBS001H0019F0019CC30723689
3|616|ILBA|NA|LUNA|DERIVAS|CC|31222964|1949-08-05|2|2|1|9998|2|2||3|07|||8|74.0|155|||2||||||||||||52UZPE01152001T08MT02EBS001H002152UZPE01152001T08MT02EBS001H0021F0021|52UZPE01152001T08MT02EBS001H002152UZPE01152001T08MT02EBS001H0021F0021CC31222964
3|617|HARVEY|NA|RIVAS|NA|CC|6495241|1941-04-30|1|2|1|9622|2|2||3|07|||8|67.0|166|||2||||||||||||52UZPE01152001T08MT02EBS001H002152UZPE01152001T08MT02EBS001H0021F0021|52UZPE01152001T08MT02EBS001H002152UZPE01152001T08MT02EBS001H0021F0021CC6495241
3|618|EMANUEL|EMANUEL|PANTOJA|ROSALES|RC|1080709005|2021-08-12|1|2|3|9998|3|1||8|07|||8|||||2||||||||||||52UZPE01152001T08MT02EBS001H002052UZPE01152001T08MT02EBS001H0020F0020|52UZPE01152001T08MT02EBS001H002052UZPE01152001T08MT02EBS001H0020F0020RC1080709005
3|619|ADRIAN|ADRIAN|PANTOJA|TORRES|CC|1085689270|1992-05-02|1|2|1|5169|4|5||7|07|||8|78.0|172|||2||||||||||||52UZPE01152001T08MT02EBS001H002052UZPE01152001T08MT02EBS001H0020F0020|52UZPE01152001T08MT02EBS001H002052UZPE01152001T08MT02EBS001H0020F0020CC1085689270
3|620|NATALIA|NATALIA|ROSALES|ESPINOSA|CC|1004572799|2000-04-21|2|2|2|9622|7|1||7|07|||8|63.0|157|||2||||||||||||52UZPE01152001T08MT02EBS001H002052UZPE01152001T08MT02EBS001H0020F0020|52UZPE01152001T08MT02EBS001H002052UZPE01152001T08MT02EBS001H0020F0020CC1004572799
3|621|KATHERIN|YAJARI|MOSQUERA|RAMIREZ|TI|1081055834|2007-09-23|2|2|3|9998|3|1||1|07|||8|50.0|153|||2||||||||||||52UZPE01152001T09MT04EBS001H002252UZPE01152001T09MT04EBS001H0022F0022|52UZPE01152001T09MT04EBS001H002252UZPE01152001T09MT04EBS001H0022F0022TI1081055834
3|622|JESICA|DANIELA|ANDRADE|RAMIREZ|CC|1085303445|1993-02-26|2|2|5|9510|5|1||7|07|||8|55.0|163|||2||||||||||||52UZPE01152001T09MT04EBS001H002252UZPE01152001T09MT04EBS001H0022F0022|52UZPE01152001T09MT04EBS001H002252UZPE01152001T09MT04EBS001H0022F0022CC1085303445
3|623|NASLY|ALEJANDRA|MOSQUERA|ANDRADE|TI|1080057713|2010-08-21|2|2|3|9998|3|1||1|07|||8|43.0|150|||2||||||||||||52UZPE01152001T09MT04EBS001H002252UZPE01152001T09MT04EBS001H0022F0022|52UZPE01152001T09MT04EBS001H002252UZPE01152001T09MT04EBS001H0022F0022TI1080057713
3|624|ALICIA|JOSEFINA|CAICEDO|ERAZO|CC|30723948|1961-12-31|2|2|5|9998|2|1||3|07|||8|62.0|155|||2||||||||||||52UZPE01152001T09MT04EBS001H002352UZPE01152001T09MT04EBS001H0023F0023|52UZPE01152001T09MT04EBS001H002352UZPE01152001T09MT04EBS001H0023F0023CC30723948
3|625|GABRIEL|ALEXANDER|CRIOLLO|CAICEDO|CC|1085322075|1995-07-13|1|2|3|9998|9|1||7|07|||8|70.0|172|||2||||||||||||52UZPE01152001T09MT04EBS001H002352UZPE01152001T09MT04EBS001H0023F0023|52UZPE01152001T09MT04EBS001H002352UZPE01152001T09MT04EBS001H0023F0023CC1085322075
3|626|MARIA|FERNANDA|RIVAS|LUNA|CC|1085263658|1988-02-15|2|2|1|9998|5|1||7|07|||8|60.0|166|||2||||||||||||52UZPE01152001T08MT02EBS001H002452UZPE01152001T08MT02EBS001H0024F0024|52UZPE01152001T08MT02EBS001H002452UZPE01152001T08MT02EBS001H0024F0024CC1085263658
3|627|MARIETH|ALAIA|MANGUERA|RUEDA|RC|1081066313|2019-12-13|2|2|3|9998|3|1||8|06|||8|||||2||||||||||||52UZPE01152001T08MT02EBS001H002552UZPE01152001T08MT02EBS001H0025F0025|52UZPE01152001T08MT02EBS001H002552UZPE01152001T08MT02EBS001H0025F0025RC1081066313
3|628|KAROL|VANESA|RUEDA|CORTEZ|CC|1085335813|1997-07-11|2|1|1|9998|7|1||7|06|||8|11.2|170|||2||||||||||||52UZPE01152001T08MT02EBS001H002552UZPE01152001T08MT02EBS001H0025F0025|52UZPE01152001T08MT02EBS001H002552UZPE01152001T08MT02EBS001H0025F0025CC1085335813
3|629|MARIA|DELCARMEN|JOJOA|MARTINEZ|CC|59813244|1968-10-04|2|2|6|9998|3|2||7|07|||8|59.0|157|||2||||||||||||52UZPE01152001T08MT02EBS001H002652UZPE01152001T08MT02EBS001H0026F0026|52UZPE01152001T08MT02EBS001H002652UZPE01152001T08MT02EBS001H0026F0026CC59813244
3|630|ESTEFANI|LUCERO|RUEDA|CORTEZ|CC|1193548562|2000-10-15|2|2|1|9998|7|2||7|06|||8|90.0|163|||2||||||||||||52UZPE01152001T08MT02EBS001H002752UZPE01152001T08MT02EBS001H0027F0027|52UZPE01152001T08MT02EBS001H002752UZPE01152001T08MT02EBS001H0027F0027CC1193548562
3|631|ITZEL|ISABELLA|CABRERA|RUEDA|RC|1080069027|2018-10-29|2|2|3|9998|3|2||8|06|||8|20.0|112|||2||||||||||||52UZPE01152001T08MT02EBS001H002752UZPE01152001T08MT02EBS001H0027F0027|52UZPE01152001T08MT02EBS001H002752UZPE01152001T08MT02EBS001H0027F0027RC1080069027
3|632|GLORIA|NO|GUERRERO|BENAVIDES|CC|30737059|1967-07-27|2|2|5|9998|3|1||7|07|||8|62.0|153|||2||||||||||||52UZPE01152001T08MT02EBS001H002852UZPE01152001T08MT02EBS001H0028F0028|52UZPE01152001T08MT02EBS001H002852UZPE01152001T08MT02EBS001H0028F0028CC30737059
3|633|MARLENE|DELCARMEN|BACCA|RAMOS|CC|30734435|1962-03-13|2|2|5|5169|5|1||3|07|||8|56.0|148|||2||||||||||||52UZPE01152001T08MT02EBS001H002952UZPE01152001T08MT02EBS001H0029F0029|52UZPE01152001T08MT02EBS001H002952UZPE01152001T08MT02EBS001H0029F0029CC30734435
3|634|LUIS|ALEXANDER|JACOME|BACCA|CC|1085271063|1989-01-28|1|2|3|5169|3|1||7|07|||8|65.0|168|||2||||||||||||52UZPE01152001T08MT02EBS001H002952UZPE01152001T08MT02EBS001H0029F0029|52UZPE01152001T08MT02EBS001H002952UZPE01152001T08MT02EBS001H0029F0029CC1085271063
3|635|GLADYS|DELSOCORRO|DIAZ|BERMUDEZ|CC|30717027|1955-04-08|2|2|1|9998|2|1||3|07|||8|64.0|148|||2||||||||||||52UZPE01152001T09MT04EBS001H003152UZPE01152001T09MT04EBS001H0031F0031|52UZPE01152001T09MT04EBS001H003152UZPE01152001T09MT04EBS001H0031F0031CC30717027
3|636|HOYOS|NA|HOYOS|NA|CC|37085054|1986-07-13|2|2|5|5169|6|2||7|07|||8|54.0|162|||2||||||||||||52UZPE01152001T08MT02EBS001H003252UZPE01152001T08MT02EBS001H0032F0032|52UZPE01152001T08MT02EBS001H003252UZPE01152001T08MT02EBS001H0032F0032CC37085054
3|637|MARGARITA|ISABEL|ECHEVERRY|URBINA|CC|30729962|1965-07-09|2|2|2|9998|3|2||3|07|||8|74.0|156|||2||||||||||||52UZPE01152001T09MT04EBS001H003452UZPE01152001T09MT04EBS001H0034F0034|52UZPE01152001T09MT04EBS001H003452UZPE01152001T09MT04EBS001H0034F0034CC30729962
3|638|FABIO|JAVIER|ORTEGA|BENAVIDES|CC|12983676|1961-11-17|1|2|2|9998|3|2||3|07|||1|60.0|162|||2||||||||||||52UZPE01152001T09MT04EBS001H003452UZPE01152001T09MT04EBS001H0034F0034|52UZPE01152001T09MT04EBS001H003452UZPE01152001T09MT04EBS001H0034F0034CC12983676
3|639|FABIO|DARIO|ORTEGA|ECHEVERRY|CC|87065427|1984-03-20|1|2|3|5169|9|2||4|07|||3|66.0|167|||2||||||||||||52UZPE01152001T09MT04EBS001H003652UZPE01152001T09MT04EBS001H0036F0036|52UZPE01152001T09MT04EBS001H003652UZPE01152001T09MT04EBS001H0036F0036CC87065427
3|640|STEEV|ALEXANDRE|ORTEGA|QUIROZ|RC|1080707887|2020-06-09|1|2|3|9998|3|2||8|07|||8|||||2||||||||||||52UZPE01152001T09MT04EBS001H003752UZPE01152001T09MT04EBS001H0037F0037|52UZPE01152001T09MT04EBS001H003752UZPE01152001T09MT04EBS001H0037F0037RC1080707887
3|641|FANNY|RUBY|QUIROZ|PANTOJA|CC|1088735573|1993-10-20|2|2|2|9998|5|2||7|07|||8|53.0|155|||2||||||||||||52UZPE01152001T09MT04EBS001H003752UZPE01152001T09MT04EBS001H0037F0037|52UZPE01152001T09MT04EBS001H003752UZPE01152001T09MT04EBS001H0037F0037CC1088735573
3|642|JUNIOR|ALEXANDER|ORTEGA|ECHEVERRY|CC|1085266413|1988-02-11|1|2|2|5169|10|2||7|07|||8|69.0|170|||2||||||||||||52UZPE01152001T09MT04EBS001H003752UZPE01152001T09MT04EBS001H0037F0037|52UZPE01152001T09MT04EBS001H003752UZPE01152001T09MT04EBS001H0037F0037CC1085266413
3|643|JOSE|NO|DELGADO|BENAVIDES|CC|12987872|1966-03-12|1|2|3|9510|3|1||7|07|||8|90.0|177|||2||||||||||||52UZPE01152001T08MT02EBS001H003852UZPE01152001T08MT02EBS001H0038F0038|52UZPE01152001T08MT02EBS001H003852UZPE01152001T08MT02EBS001H0038F0038CC12987872
3|644|LIGIA|BERTHA|ROSERO|CASTRO|CC|30708920|1953-12-05|2|2|2|9998|2|2||3|07|||8|43.0|142|||2||||||||||||52UZPE01152001T09MT04EBS001H003952UZPE01152001T09MT04EBS001H0039F0039|52UZPE01152001T09MT04EBS001H003952UZPE01152001T09MT04EBS001H0039F0039CC30708920
3|645|OSWALDO|FERNANDO|SAPUYEZ|MEZA|CC|12958292|1952-10-22|1|2|2|9998|2|2||3|07|||8|60.0|170|||2||||||||||||52UZPE01152001T09MT04EBS001H003952UZPE01152001T09MT04EBS001H0039F0039|52UZPE01152001T09MT04EBS001H003952UZPE01152001T09MT04EBS001H0039F0039CC12958292
3|646|NURY|DELPILAR|CALDERON|CORAL|CC|59830251|1974-10-12|2|2|5|9510|3|1||7|07|||8|52.0|157|||2||||||||||||52UZPE01152001T08MT02EBS001H004152UZPE01152001T08MT02EBS001H0041F0041|52UZPE01152001T08MT02EBS001H004152UZPE01152001T08MT02EBS001H0041F0041CC59830251
3|647|DIEGO|ANDRES|MUNOZ|GARCIA|CC|1138524800|2006-04-23|1|2|3|9998|5|1||7|07|||8|56.0|171|||2||||||||||||52UZPE01152001T09MT04EBS001H004252UZPE01152001T09MT04EBS001H0042F0042|52UZPE01152001T09MT04EBS001H004252UZPE01152001T09MT04EBS001H0042F0042CC1138524800
3|648|SILVAN|ESTEFANIA|MALLA|CALDERON|CC|1085301660|1992-12-29|2|2|3|5169|9|2||7|07|||8|65.0|165|||2||||||||||||52UZPE01152001T08MT02EBS001H004052UZPE01152001T08MT02EBS001H0040F0040|52UZPE01152001T08MT02EBS001H004052UZPE01152001T08MT02EBS001H0040F0040CC1085301660
3|649|PEDRO|LINO|GARCIA|MARTINEZ|CC|1804418|1946-12-14|1|2|2|9998|2|2||3|07|||8|57.0|157|||2||||||||||||52UZPE01152001T09MT04EBS001H004352UZPE01152001T09MT04EBS001H0043F0043|52UZPE01152001T09MT04EBS001H004352UZPE01152001T09MT04EBS001H0043F0043CC1804418
3|650|OLGA|LUCIA|PACHAJOA|DEGARCIA|CC|27071247|1945-07-02|2|2|2|9998|2|2||3|07|||3|52.0|149|||2||||||||||||52UZPE01152001T09MT04EBS001H004352UZPE01152001T09MT04EBS001H0043F0043|52UZPE01152001T09MT04EBS001H004352UZPE01152001T09MT04EBS001H0043F0043CC27071247
3|651|SEGUNDO|MAXIMO|PAREDES|NO|CC|5202006|1943-11-11|1|2|5|9998|2|2||3|07|||8|52.0|165|||2||||||||||||52UZPE01152001T08MT02EBS001H004452UZPE01152001T08MT02EBS001H0044F0044|52UZPE01152001T08MT02EBS001H004452UZPE01152001T08MT02EBS001H0044F0044CC5202006
3|652|MARIA|LURDES|PASOS|MUNOZ|CC|27079220|1950-05-26|2|2|5|9998|3|2||3|07|||8|68.0|154|||2||||||||||||52UZPE01152001T08MT02EBS001H004552UZPE01152001T08MT02EBS001H0045F0045|52UZPE01152001T08MT02EBS001H004552UZPE01152001T08MT02EBS001H0045F0045CC27079220
3|653|PAREDES|PASOS|LUCY|NO|CC|59822514|1972-02-02|2|2|2|9998|3|2||7|07|||8|62.0|165|||2||||||||||||52UZPE01152001T08MT02EBS001H004652UZPE01152001T08MT02EBS001H0046F0046|52UZPE01152001T08MT02EBS001H004652UZPE01152001T08MT02EBS001H0046F0046CC59822514
3|654|OSWALDO|MAURICIO|BENAVIDES|CERON|CC|1004770461|1994-07-20|1|2|5|5169|7|2||7|07|||8|60.0|168|||2||||||||||||52UZPE01152001T08MT02EBS001H004752UZPE01152001T08MT02EBS001H0047F0047|52UZPE01152001T08MT02EBS001H004752UZPE01152001T08MT02EBS001H0047F0047CC1004770461
3|655|CARMEN|ALICIA|CERON|SOLARTE|CC|27221012|1979-10-14|2|2|5|9998|4|2||7|07|||8|75.0|158|||2||||||||||||52UZPE01152001T08MT02EBS001H004852UZPE01152001T08MT02EBS001H0048F0048|52UZPE01152001T08MT02EBS001H004852UZPE01152001T08MT02EBS001H0048F0048CC27221012
3|656|ARACELI|DELCARMEN|CORTEZ|AREAS|CC|59832891|1975-09-27|1|2|1|5169|7|2||7|06|||8|10.2|167|||2||||||||||||52UZPE01152001T08MT02EBS001H004952UZPE01152001T08MT02EBS001H0049F0049|52UZPE01152001T08MT02EBS001H004952UZPE01152001T08MT02EBS001H0049F0049CC59832891
3|657|MARIA|EUGENIA|OVIEDO|NO|CC|30735056|1964-06-13|2|2|5|9998|3|2||3|07|||8|50.0|141|||2||||||||||||52UZPE01152001T08MT02EBS001H005052UZPE01152001T08MT02EBS001H0050F0050|52UZPE01152001T08MT02EBS001H005052UZPE01152001T08MT02EBS001H0050F0050CC30735056
3|658|MARTA|MARTA|DELGADO|CUASPA|CC|27074396|1974-07-29|2|2|2|9998|2|2||7|07|||8|48.0|150|||2||||||||||||52UZPE01152001T08MT02EBS001H005152UZPE01152001T08MT02EBS001H0051F0051|52UZPE01152001T08MT02EBS001H005152UZPE01152001T08MT02EBS001H0051F0051CC27074396
3|659|JOSE|EDUARDO|CUASPA|HUERTAS|CC|12952276|1948-09-07|1|2|1|9998|2|2||3|07|||8|74.0|175|||2||||||||||||52UZPE01152001T08MT02EBS001H005152UZPE01152001T08MT02EBS001H0051F0051|52UZPE01152001T08MT02EBS001H005152UZPE01152001T08MT02EBS001H0051F0051CC12952276
3|660|YAMILE|LIZET|NARVAEZ|MUNOS|CC|1085256629|1987-01-17|2|2|5|9998|3|1||7|07|||8|65.0|163|||2||||||||||||52UZPE01152001T08MT02EBS001H005252UZPE01152001T08MT02EBS001H0052F0052|52UZPE01152001T08MT02EBS001H005252UZPE01152001T08MT02EBS001H0052F0052CC1085256629
3|661|FABIAN|DAVID|RAMOS|FAJARDO|RC|12012877353|2021-10-20|1|2|3|9998|3|2||8|07|||8|||||2||||||||||||52UZPE01152001T09MT04EBS001H005352UZPE01152001T09MT04EBS001H0053F0053|52UZPE01152001T09MT04EBS001H005352UZPE01152001T09MT04EBS001H0053F0053RC12012877353
3|662|DAIRA|YANIRA|FAJARDO|MOJICA|CC|37084214|1993-08-09|2|2|1|5169|9|2||7|07|||8|70.0|167|||2||||||||||||52UZPE01152001T09MT04EBS001H005352UZPE01152001T09MT04EBS001H0053F0053|52UZPE01152001T09MT04EBS001H005352UZPE01152001T09MT04EBS001H0053F0053CC37084214
3|663|SANTIAGO|DAVID|RAMOS|FAJARDO|TI|1008064375|2015-03-30|1|2|3|9998|3|2||8|07|||8|30.0|120|||2||||||||||||52UZPE01152001T09MT04EBS001H005452UZPE01152001T09MT04EBS001H0054F0054|52UZPE01152001T09MT04EBS001H005452UZPE01152001T09MT04EBS001H0054F0054TI1008064375
3|664|FABIAN|ANTONIO|RAMOS|CONTRERAS|CC|7321435|1981-01-14|1|2|1|9622|9|2||7|07|||8|85.0|170|||2||||||||||||52UZPE01152001T09MT04EBS001H005452UZPE01152001T09MT04EBS001H0054F0054|52UZPE01152001T09MT04EBS001H005452UZPE01152001T09MT04EBS001H0054F0054CC7321435
3|665|LAURA|LAURA|ESPANA|CHAVEZ|CC|59834556|1976-07-16|2|2|2|9998|8|2||7|07|||8|66.0|164|||2||||||||||||52UZPE01152001T08MT02EBS001H005552UZPE01152001T08MT02EBS001H0055F0055|52UZPE01152001T08MT02EBS001H005552UZPE01152001T08MT02EBS001H0055F0055CC59834556
3|666|JAIR|JAIR|DELGADO|ERAZO|CC|98379175|1975-02-20|1|2|1|5169|3|2||7|07|||8|69.0|170|||2||||||||||||52UZPE01152001T08MT02EBS001H005552UZPE01152001T08MT02EBS001H0055F0055|52UZPE01152001T08MT02EBS001H005552UZPE01152001T08MT02EBS001H0055F0055CC98379175
3|667|KAROL|DAYANA|DELGADO|ENRIQUEZ|CC|1080046624|2006-05-25|2|2|3|9622|3|1||7|07|||8|60.0|155|||2||||||||||||52UZPE01152001T09MT04EBS001H005652UZPE01152001T09MT04EBS001H0056F0056|52UZPE01152001T09MT04EBS001H005652UZPE01152001T09MT04EBS001H0056F0056CC1080046624
3|668|LEIDY|MARCELA|ESCOBAR|SOLARTE|CC|1085279006|1989-12-12|2|2|1|5169|8|2||7|07|||8|64.0|164|||2||||||||||||52UZPE01152001T08MT02EBS001H005752UZPE01152001T08MT02EBS001H0057F0057|52UZPE01152001T08MT02EBS001H005752UZPE01152001T08MT02EBS001H0057F0057CC1085279006
3|669|LURDES|ROSARIO|DULCE|YAQUENO|CC|30712995|1959-05-05|2|2|1|9510|3|1||3|07|||8|50.0|158|||2||||||||||||52UZPE01152001T09MT04EBS001H005852UZPE01152001T09MT04EBS001H0058F0058|52UZPE01152001T09MT04EBS001H005852UZPE01152001T09MT04EBS001H0058F0058CC30712995
3|670|FABIAN|NOTIENE|DULCE|NOTIENE|CC|1085258439|1986-11-02|1|2|3|9998|8|1||7|07|||8|80.0|170|||2||||||||||||52UZPE01152001T09MT04EBS001H005952UZPE01152001T09MT04EBS001H0059F0059|52UZPE01152001T09MT04EBS001H005952UZPE01152001T09MT04EBS001H0059F0059CC1085258439
3|671|PABLO|ERNESTO|GOMEZ|ROSERO|CC|1061714808|1988-09-22|1|2|3|5169|9|2||7|07|||8|60.0|168|||2||||||||||||52UZPE01152001T09MT04EBS001H006052UZPE01152001T09MT04EBS001H0060F0060|52UZPE01152001T09MT04EBS001H006052UZPE01152001T09MT04EBS001H0060F0060CC1061714808
3|672|ESMERALDA|LUCIA|BASTIDAS|BURGOS|CC|59122910|1977-09-19|2|2|2|9998|3|1||7|07|||8|74.0|156|||2||||||||||||52UZPE01152001T09MT04EBS001H006152UZPE01152001T09MT04EBS001H0061F0061|52UZPE01152001T09MT04EBS001H006152UZPE01152001T09MT04EBS001H0061F0061CC59122910
3|673|ANDERSON|IVAN|BURBANO|BASTIDAS|TI|1086361380|2010-01-20|1|2|3|9998|3|1||1|07|||8|64.0|155|||2||||||||||||52UZPE01152001T09MT04EBS001H006152UZPE01152001T09MT04EBS001H0061F0061|52UZPE01152001T09MT04EBS001H006152UZPE01152001T09MT04EBS001H0061F0061TI1086361380
3|674|IVAN|ORLANDO|BURBANO|ROSERO|CC|1086359005|1987-05-10|1|2|1|5169|3|1||7|07|||8|76.0|181|||2||||||||||||52UZPE01152001T09MT04EBS001H006152UZPE01152001T09MT04EBS001H0061F0061|52UZPE01152001T09MT04EBS001H006152UZPE01152001T09MT04EBS001H0061F0061CC1086359005
3|675|VALENTINA|RITA|LOMBANA|MONTUFAR|CC|27088074|1964-03-10|2|2|3|9510|2|1||3|07|||8|39.0|152|||2||||||||||||52UZPE01152001T08MT02EBS001H006252UZPE01152001T08MT02EBS001H0062F0062|52UZPE01152001T08MT02EBS001H006252UZPE01152001T08MT02EBS001H0062F0062CC27088074
3|676|MERCEDES|NOAPLICA|CABRERA|NOAPLICA|CC|25262113|1942-11-30|2|2|5|9510|2|1||3|07|||8|82.0|153|||2||||||||||||52UZPE01152001T08MT02EBS001H006252UZPE01152001T08MT02EBS001H0062F0062|52UZPE01152001T08MT02EBS001H006252UZPE01152001T08MT02EBS001H0062F0062CC25262113
3|677|FRANCES|MANUELA|RODRIGUEZ|NOTIENE|CC|1085335532|1997-03-25|2|2|5|5169|9|2||7|07|||8|60.0|160|||2||||||||||||52UZPE01152001T09MT04EBS001H006352UZPE01152001T09MT04EBS001H0063F0063|52UZPE01152001T09MT04EBS001H006352UZPE01152001T09MT04EBS001H0063F0063CC1085335532
3|678|HERNAN|DAVID|GOMEZ|ROSERO|CC|1085301003|1992-11-07|1|2|3|5169|9|2||7|07|||8|60.0|160|||2||||||||||||52UZPE01152001T09MT04EBS001H006452UZPE01152001T09MT04EBS001H0064F0064|52UZPE01152001T09MT04EBS001H006452UZPE01152001T09MT04EBS001H0064F0064CC1085301003
3|679|INGRID|ANGELLI|USAMA|CHAVES|CC|27091551|1980-03-03|2|2|3|9999|8|2||7|07|||8|70.0|160|||2||||||||||||52UZPE01152001T09MT04EBS001H006552UZPE01152001T09MT04EBS001H0065F0065|52UZPE01152001T09MT04EBS001H006552UZPE01152001T09MT04EBS001H0065F0065CC27091551
3|680|FRANCO|PEDROTULIO|USAMA|NOTIENE|CC|5200847|1943-06-17|1|2|5|9998|13|5||3|07|||1|60.0|160|||2||||||||||||52UZPE01152001T09MT04EBS001H006552UZPE01152001T09MT04EBS001H0065F0065|52UZPE01152001T09MT04EBS001H006552UZPE01152001T09MT04EBS001H0065F0065CC5200847
3|681|JOSE|ALFONSO|DELACRUZ|NOTIENE|CC|12984056|1965-03-26|1|2|3|9998|3|1||3|07|||8|45.0|148|||2||||||||||||52UZPE01152001T09MT04EBS001H006652UZPE01152001T09MT04EBS001H0066F0066|52UZPE01152001T09MT04EBS001H006652UZPE01152001T09MT04EBS001H0066F0066CC12984056
3|682|CARMELA|NOTIENE|DELACRUZ|NOTIENE|CC|27067514|1940-05-07|2|2|6|9998|13|1||3|07|||3|69.0|149|||2||||||||||||52UZPE01152001T09MT04EBS001H006652UZPE01152001T09MT04EBS001H0066F0066|52UZPE01152001T09MT04EBS001H006652UZPE01152001T09MT04EBS001H0066F0066CC27067514
3|683|JOSE|LEONARDO|VIVAS|SUAREZ|CC|1087132536|1990-10-03|1|2|6|5169|3|2||7|07|||8|76.0|173|||2||||||||||||52UZPE01152001T09MT04EBS001H006752UZPE01152001T09MT04EBS001H0067F0067|52UZPE01152001T09MT04EBS001H006752UZPE01152001T09MT04EBS001H0067F0067CC1087132536
3|684|BRAYAN|CAMILO|ESTRADA|NARVAEZ|CC|1085309537|1994-01-14|1|2|3|5169|9|2||7|07|||8|80.0|166|||2||||||||||||52UZPE01152001T09MT04EBS001H006852UZPE01152001T09MT04EBS001H0068F0068|52UZPE01152001T09MT04EBS001H006852UZPE01152001T09MT04EBS001H0068F0068CC1085309537
3|685|YUDITH|CARLOTA|FLOREZ|CADENA|CC|27255152|1983-11-07|2|2|1|9510|3|1||7|07|||8|58.0|154|||2||||||||||||52UZPE01152001T09MT04EBS001H007152UZPE01152001T09MT04EBS001H0071F0071|52UZPE01152001T09MT04EBS001H007152UZPE01152001T09MT04EBS001H0071F0071CC27255152
3|686|JORDY|ESTEBAN|CUASQUER|FLOREZ|TI|1086103507|2007-11-05|1|2|3|9998|3|1||1|07|||8|73.0|170|||2||||||||||||52UZPE01152001T09MT04EBS001H007152UZPE01152001T09MT04EBS001H0071F0071|52UZPE01152001T09MT04EBS001H007152UZPE01152001T09MT04EBS001H0071F0071TI1086103507
3|687|MICHAEL|DAVID|CUASQUER|FLOREZ|TI|1085924627|2009-09-08|1|2|3|9998|3|1||1|07|||8|78.0|175|||2||||||||||||52UZPE01152001T09MT04EBS001H007152UZPE01152001T09MT04EBS001H0071F0071|52UZPE01152001T09MT04EBS001H007152UZPE01152001T09MT04EBS001H0071F0071TI1085924627
3|688|RONALD|GEOVANY|CUASPA|DELGADO|CC|80037113|1979-04-10|1|2|6|5169|7|2||7|07|||8|72.0|170|||2||||||||||||52UZPE01152001T08MT02EBS001H007352UZPE01152001T08MT02EBS001H0073F0073|52UZPE01152001T08MT02EBS001H007352UZPE01152001T08MT02EBS001H0073F0073CC80037113
3|689|SEBASTIAN|NOTIENE|BARCO|GALLEGO|RC|1250088048|2023-05-08|1|2|3|9998|3|2||8|07|||8|||||2||||||||||||52UZPE01152001T09MT04EBS001H007452UZPE01152001T09MT04EBS001H0074F0074|52UZPE01152001T09MT04EBS001H007452UZPE01152001T09MT04EBS001H0074F0074RC1250088048
3|690|JENNIFER|ALEXANDRA|GALLEGO|NOTIENE|CC|67045008|1985-12-13|2|2|2|9998|9|2||4|07|||3|62.0|158|||2||||||||||||52UZPE01152001T09MT04EBS001H007452UZPE01152001T09MT04EBS001H0074F0074|52UZPE01152001T09MT04EBS001H007452UZPE01152001T09MT04EBS001H0074F0074CC67045008
3|691|GIOVANNI|NOTIENE|BARCO|RAMOS|CC|98391501|1974-09-12|1|2|1|5169|9|2||7|07|||8|75.0|175|||2||||||||||||52UZPE01152001T09MT04EBS001H007452UZPE01152001T09MT04EBS001H0074F0074|52UZPE01152001T09MT04EBS001H007452UZPE01152001T09MT04EBS001H0074F0074CC98391501
3|692|MARTHA|LOLA|BENAVIDES|HERNANDEZ|CC|36759383|1962-11-19|2|2|2|9998|13|1||3|07|||8|69.0|157|||2||||||||||||52UZPE01152001T09MT04EBS001H007552UZPE01152001T09MT04EBS001H0075F0075|52UZPE01152001T09MT04EBS001H007552UZPE01152001T09MT04EBS001H0075F0075CC36759383
3|693|HAROLD|NOTIENE|NARVAEZ|PARRA|CC|12960440|1953-11-21|1|2|2|9510|2|1||3|07|||8|63.0|153|||2||||||||||||52UZPE01152001T09MT04EBS001H007552UZPE01152001T09MT04EBS001H0075F0075|52UZPE01152001T09MT04EBS001H007552UZPE01152001T09MT04EBS001H0075F0075CC12960440
3|694|HENRY|JAVIER|DELGADO|ROMO|CC|1085299309|1992-06-20|1|2|3|5169|5|2||7|07|||8|75.0|173|||2||||||||||||52UZPE01152001T08MT02EBS001H007652UZPE01152001T08MT02EBS001H0076F0076|52UZPE01152001T08MT02EBS001H007652UZPE01152001T08MT02EBS001H0076F0076CC1085299309
3|695|VICENTE|ARMANDO|ESTUPINAN|DORADO|CC|14968895|1950-07-05|1|2|1|9998|2|2||3|07|||8|70.0|169|||2||||||||||||52UZPE01152001T09MT04EBS001H007752UZPE01152001T09MT04EBS001H0077F0077|52UZPE01152001T09MT04EBS001H007752UZPE01152001T09MT04EBS001H0077F0077CC14968895
3|696|LILIA|AMPARO|CERON|NOTIENE|CC|30707733|1954-10-30|2|2|2|9998|3|2||3|07|||8|70.0|168|||2||||||||||||52UZPE01152001T09MT04EBS001H007752UZPE01152001T09MT04EBS001H0077F0077|52UZPE01152001T09MT04EBS001H007752UZPE01152001T09MT04EBS001H0077F0077CC30707733
3|697|NIDIA|AMPARO|JURADO|PUENTES|CC|30712865|1958-06-05|2|2|1|9998|2|1||3|07|||8|69.0|156|||2||||||||||||52UZPE01152001T09MT04EBS001H007852UZPE01152001T09MT04EBS001H0078F0078|52UZPE01152001T09MT04EBS001H007852UZPE01152001T09MT04EBS001H0078F0078CC30712865
3|698|MIGUEL|FERNANDO|ESTUPINAN|CERON|CC|1085250011|1986-06-06|1|2|3|5169|9|2||7|07|||8|75.0|175|||2||||||||||||52UZPE01152001T09MT04EBS001H007952UZPE01152001T09MT04EBS001H0079F0079|52UZPE01152001T09MT04EBS001H007952UZPE01152001T09MT04EBS001H0079F0079CC1085250011
3|699|CEDAR|ALEXANDER|ESTUPINAN|CERON|CC|1085294367|1993-01-23|1|2|4|5169|9|2||7|07|||8|70.0|173|||2||||||||||||52UZPE01152001T09MT04EBS001H007952UZPE01152001T09MT04EBS001H0079F0079|52UZPE01152001T09MT04EBS001H007952UZPE01152001T09MT04EBS001H0079F0079CC1085294367
3|700|MARIA|CAMILA|ASCUNTAR|TARAPUEZ|CC|1087413734|1989-10-10|2|2|1|5169|7|2||7|07|||8|56.0|155|||2||||||||||||52UZPE01152001T08MT02EBS001H008052UZPE01152001T08MT02EBS001H0080F0080|52UZPE01152001T08MT02EBS001H008052UZPE01152001T08MT02EBS001H0080F0080CC1087413734
3|701|LAURA|MARIANA|ESTRADA|ASCUNTAR|TI|1080066253|2016-09-20|2|2|3|9998|3|2||8|07|||8|25.0|125|||2||||||||||||52UZPE01152001T08MT02EBS001H008052UZPE01152001T08MT02EBS001H0080F0080|52UZPE01152001T08MT02EBS001H008052UZPE01152001T08MT02EBS001H0080F0080TI1080066253
3|702|PAOLA|ANDREA|CERON|BENAVIDES|CC|59314131|1984-09-28|2|2|5|5169|9|2||7|07|||8|52.0|154|||2||||||||||||52UZPE01152001T09MT04EBS001H008152UZPE01152001T09MT04EBS001H0081F0081|52UZPE01152001T09MT04EBS001H008152UZPE01152001T09MT04EBS001H0081F0081CC59314131
3|703|JUAN|JOSE|PORTILLA|CERON|TI|1081060424|2013-06-23|1|2|3|9998|3|2||1|07|||8|42.0|147|||2||||||||||||52UZPE01152001T09MT04EBS001H008152UZPE01152001T09MT04EBS001H0081F0081|52UZPE01152001T09MT04EBS001H008152UZPE01152001T09MT04EBS001H0081F0081TI1081060424
3|704|MARIA|DELCARMEN|ENRIQUEZ|DEMUNOZ|CC|27430981|1947-08-11|2|2|1|9998|2|1||3|07|||2|67.0|156|||2||||||||||||52UZPE01152001T09MT04EBS001H008252UZPE01152001T09MT04EBS001H0082F0082|52UZPE01152001T09MT04EBS001H008252UZPE01152001T09MT04EBS001H0082F0082CC27430981
3|705|DAYANA|MARCELA|DIAZ|MUNOZ|CC|1085335888|1997-07-30|2|2|6|9622|9|1||7|07|||8|76.0|164|||2||||||||||||52UZPE01152001T09MT04EBS001H008252UZPE01152001T09MT04EBS001H0082F0082|52UZPE01152001T09MT04EBS001H008252UZPE01152001T09MT04EBS001H0082F0082CC1085335888
3|706|JOSEFINA|JOSEFINA|ERASO|LOPEZ|CC|30732090|1965-07-21|2|2|2|9998|5|2||7|07|||8|51.0|155|||2||||||||||||52UZPE01152001T08MT02EBS001H008352UZPE01152001T08MT02EBS001H0083F0083|52UZPE01152001T08MT02EBS001H008352UZPE01152001T08MT02EBS001H0083F0083CC30732090
3|707|JUAN|JOSE|ROSERO|LUNA|TI|1080052782|2008-08-14|1|2|3|9998|3|1||1|07|||8|60.0|170|||2||||||||||||52UZPE01152001T09MT04EBS001H008452UZPE01152001T09MT04EBS001H0084F0084|52UZPE01152001T09MT04EBS001H008452UZPE01152001T09MT04EBS001H0084F0084TI1080052782
3|708|MARIO|ALBERTO|ROSERO|JURADO|CC|12752355|1982-07-15|1|2|1|9510|3|1||7|07|||8|75.0|170|||2||||||||||||52UZPE01152001T09MT04EBS001H008452UZPE01152001T09MT04EBS001H0084F0084|52UZPE01152001T09MT04EBS001H008452UZPE01152001T09MT04EBS001H0084F0084CC12752355
3|709|CARMEN|ESPERANZA|OSEJO|OSEJO|CC|3699917|1960-05-04|2|2|2|9998|3|2||3|07|||8|75.0|164|||2||||||||||||52UZPE01152001T09MT04EBS001H008552UZPE01152001T09MT04EBS001H0085F0085|52UZPE01152001T09MT04EBS001H008552UZPE01152001T09MT04EBS001H0085F0085CC3699917
3|710|MAURO|CAMPO|MESA|CHAMORRO|CC|13099565|1960-08-19|1|2|2|9622|3|2||3|07|||8|65.0|165|||2||||||||||||52UZPE01152001T09MT04EBS001H008552UZPE01152001T09MT04EBS001H0085F0085|52UZPE01152001T09MT04EBS001H008552UZPE01152001T09MT04EBS001H0085F0085CC13099565
3|711|LUIS|FELIPE|ERAZO|LOPEZ|CC|12990001|1967-01-29|1|2|4|5169|3|2||7|07|||8|64.0|165|||2||||||||||||52UZPE01152001T08MT02EBS001H008652UZPE01152001T08MT02EBS001H0086F0086|52UZPE01152001T08MT02EBS001H008652UZPE01152001T08MT02EBS001H0086F0086CC12990001
3|712|KARIN|JOHANA|MESA|ORTEGA|CC|1085245122|1985-12-05|2|2|3|5169|9|5||7|07|||8|60.0|160|||2||||||||||||52UZPE01152001T09MT04EBS001H008752UZPE01152001T09MT04EBS001H0087F0087|52UZPE01152001T09MT04EBS001H008752UZPE01152001T09MT04EBS001H0087F0087CC1085245122
3|713|ALICIA|DELSOCORRO|LOPEZ|MATABAJOY|CC|59827470|1973-08-06|2|2|5|9998|2|1||7|07|||8|56.0|156|||2||||||||||||52UZPE01152001T09MT04EBS001H008852UZPE01152001T09MT04EBS001H0088F0088|52UZPE01152001T09MT04EBS001H008852UZPE01152001T09MT04EBS001H0088F0088CC59827470
3|714|BIANEY|ALEJANDRA|DELGADO|LOPEZ|CC|1085338043|1997-12-21|2|2|3|9998|9|1||7|07|||8|59.0|157|||2||||||||||||52UZPE01152001T09MT04EBS001H008852UZPE01152001T09MT04EBS001H0088F0088|52UZPE01152001T09MT04EBS001H008852UZPE01152001T09MT04EBS001H0088F0088CC1085338043
3|715|MAURO|ERNESTO|ORTEGA|MESA|CC|1085411274|1988-01-20|1|2|3|9622|9|2||7|07|||8|70.0|170|||2||||||||||||52UZPE01152001T09MT04EBS001H008952UZPE01152001T09MT04EBS001H0089F0089|52UZPE01152001T09MT04EBS001H008952UZPE01152001T09MT04EBS001H0089F0089CC1085411274
3|716|GLORIA|NOTIENE|ROSERO|DEMARTINEZ|CC|30703706|1951-07-18|2|2|2|9510|3|2||3|07|||8|57.0|145|||2||||||||||||52UZPE01152001T09MT04EBS001H009052UZPE01152001T09MT04EBS001H0090F0090|52UZPE01152001T09MT04EBS001H009052UZPE01152001T09MT04EBS001H0090F0090CC30703706
3|717|ROVIRA|NOTIENE|DELGA|MENESES|CC|27079972|1948-12-25|2|2|2|9510|2|1||3|07|||8|50.0|147|||2||||||||||||52UZPE01152001T09MT04EBS001H009152UZPE01152001T09MT04EBS001H0091F0091|52UZPE01152001T09MT04EBS001H009152UZPE01152001T09MT04EBS001H0091F0091CC27079972
3|718|DIGNA|DELCARMEN|ROSERO|ROSERO|CC|27399789|1960-03-19|2|2|1|5169|11|5||3|07|||8|72.0|165|||2||||||||||||52UZPE01152001T09MT04EBS001H009252UZPE01152001T09MT04EBS001H0092F0092|52UZPE01152001T09MT04EBS001H009252UZPE01152001T09MT04EBS001H0092F0092CC27399789
3|719|LIBIO|HERNAN|GOMEZ|ORDONEZ|CC|10537695|1960-10-10|1|2|1|5169|11|5||3|07|||8|60.0|165|||2||||||||||||52UZPE01152001T09MT04EBS001H009252UZPE01152001T09MT04EBS001H0092F0092|52UZPE01152001T09MT04EBS001H009252UZPE01152001T09MT04EBS001H0092F0092CC10537695
3|720|ROSARIO|DELCARMEN|ROSERO|GUERRERO|CC|30741149|1967-05-16|2|2|1|5169|7|2||7|07|||8|54.0|145|||2||||||||||||52UZPE01152001T09MT04EBS001H009352UZPE01152001T09MT04EBS001H0093F0093|52UZPE01152001T09MT04EBS001H009352UZPE01152001T09MT04EBS001H0093F0093CC30741149
3|721|JUAN|DAVID|GUERRERO|ROSERO|CC|1193271861|2002-05-13|1|2|3|9998|3|2||7|07|||8|62.0|160|||2||||||||||||52UZPE01152001T09MT04EBS001H009352UZPE01152001T09MT04EBS001H0093F0093|52UZPE01152001T09MT04EBS001H009352UZPE01152001T09MT04EBS001H0093F0093CC1193271861
3|722|MERCY|NOAPLICA|RAMIRES|NOAPLICA|CC|59818036|1965-05-10|2|2|5|9510|3|1||3|07|||8|80.0|149|||2||||||||||||52UZPE01152001T08MT02EBS001H009452UZPE01152001T08MT02EBS001H0094F0094|52UZPE01152001T08MT02EBS001H009452UZPE01152001T08MT02EBS001H0094F0094CC59818036
3|723|PEDRO|NOAPLICA|DIAZ|NOAPLICA|CC|12998929|1965-04-13|1|2|5|9510|3|1||3|07|||8|70.0|172|||2||||||||||||52UZPE01152001T08MT02EBS001H009452UZPE01152001T08MT02EBS001H0094F0094|52UZPE01152001T08MT02EBS001H009452UZPE01152001T08MT02EBS001H0094F0094CC12998929
3|724|AMADA|RAQUEL|DIAZ|RAMIREZ|CC|1138525288|2005-03-14|2|2|3|9998|3|1||7|07|||8|55.0|165|||2||||||||||||52UZPE01152001T08MT02EBS001H009452UZPE01152001T08MT02EBS001H0094F0094|52UZPE01152001T08MT02EBS001H009452UZPE01152001T08MT02EBS001H0094F0094CC1138525288
3|725|BERTHA|LUCIA|ERAZO|MURIEL|CC|59821557|1972-10-25|2|2|1|9998|3|1||7|07|||8|62.0|164|||2||||||||||||52UZPE01152001T09MT04EBS001H009552UZPE01152001T09MT04EBS001H0095F0095|52UZPE01152001T09MT04EBS001H009552UZPE01152001T09MT04EBS001H0095F0095CC59821557
3|726|MARIO|FERNANDO|ZAMUDIO|ERAZO|CC|180045141|2005-11-16|1|2|3|9998|3|1||7|07|||8|52.0|178|||2||||||||||||52UZPE01152001T09MT04EBS001H009552UZPE01152001T09MT04EBS001H0095F0095|52UZPE01152001T09MT04EBS001H009552UZPE01152001T09MT04EBS001H0095F0095CC180045141
3|727|YOLANDA|NOAPLICA|DELGADO|NOAPLICA|CC|59177957|1980-12-16|2|2|5|9998|3|1||7|07|||8|47.0|156|||2||||||||||||52UZPE01152001T08MT02EBS001H009652UZPE01152001T08MT02EBS001H0096F0096|52UZPE01152001T08MT02EBS001H009652UZPE01152001T08MT02EBS001H0096F0096CC59177957
3|728|GEOVANY|ANDRES|MARTINEZ|ARCINIEGAS|CC|12753657|1982-08-16|1|2|3|5169|3|1||7|07|||8|65.0|162|||2||||||||||||52UZPE01152001T08MT02EBS001H009752UZPE01152001T08MT02EBS001H0097F0097|52UZPE01152001T08MT02EBS001H009752UZPE01152001T08MT02EBS001H0097F0097CC12753657
3|729|ALBA|AURORA|ARCINIEGAS|BERDUGO|CC|30707141|1954-12-24|2|2|5|9998|2|1||3|07|||8|52.0|150|||2||||||||||||52UZPE01152001T08MT02EBS001H009752UZPE01152001T08MT02EBS001H0097F0097|52UZPE01152001T08MT02EBS001H009752UZPE01152001T08MT02EBS001H0097F0097CC30707141
3|730|DAVID|SANTIAGO|CERON|DELGADO|TI|1081064296|2017-04-20|1|2|3|9998|3|1||8|07|||8|29.0|124|||2||||||||||||52UZPE01152001T09MT04EBS001H009952UZPE01152001T09MT04EBS001H0099F0099|52UZPE01152001T09MT04EBS001H009952UZPE01152001T09MT04EBS001H0099F0099TI1081064296
3|731|CLAUDIA|NA|DELGADO|RIVADENEIRA|CC|27286235|1980-04-18|2|2|2|9998|3|1||7|07|||8|62.0|162|||2||||||||||||52UZPE01152001T09MT04EBS001H009952UZPE01152001T09MT04EBS001H0099F0099|52UZPE01152001T09MT04EBS001H009952UZPE01152001T09MT04EBS001H0099F0099CC27286235
3|732|JESUS|EDUARDO|CERON|MELO|CC|87531699|1973-01-04|1|2|2|5169|3|1||7|07|||8|77.0|170|||2||||||||||||52UZPE01152001T09MT04EBS001H009952UZPE01152001T09MT04EBS001H0099F0099|52UZPE01152001T09MT04EBS001H009952UZPE01152001T09MT04EBS001H0099F0099CC87531699
3|733|JUAN|PARMENIDES|BENAVIDES|NOTIENE|CC|5332894|1945-02-17|1|2|2|9622|7|2||3|07|||8|60.0|160|||2||||||||||||52UZPE01152001T09MT04EBS001H010052UZPE01152001T09MT04EBS001H0100F0100|52UZPE01152001T09MT04EBS001H010052UZPE01152001T09MT04EBS001H0100F0100CC5332894
3|734|ANA|SORAIDA|CAICEDO|MURILLO|CC|30713595|1957-07-19|2|2|5|9999|9|5||3|07|||8|59.0|150|||2||||||||||||52UZPE01152001T09MT04EBS001H010152UZPE01152001T09MT04EBS001H0101F0101|52UZPE01152001T09MT04EBS001H010152UZPE01152001T09MT04EBS001H0101F0101CC30713595
3|735|MARIA|ALEJANDRA|CALIXTO|PARRA|CC|1092349216|1991-08-17|2|2|5|9999|3|1||7|07|||8|97.0|165|||2||||||||||||52UZPE01152001T09MT04EBS001H010252UZPE01152001T09MT04EBS001H0102F0102|52UZPE01152001T09MT04EBS001H010252UZPE01152001T09MT04EBS001H0102F0102CC1092349216
3|736|THIAGO|ALEJANDRO|ESTRELLA|CALIXTO|RC|1080710011|2023-07-25|1|2|3|9998|3|1||8|07|||8|||||2||||||||||||52UZPE01152001T09MT04EBS001H010252UZPE01152001T09MT04EBS001H0102F0102|52UZPE01152001T09MT04EBS001H010252UZPE01152001T09MT04EBS001H0102F0102RC1080710011
3|737|JAVIER|ALEXANDER|ESTRE|NOTIENE|CC|12746253|1979-03-29|1|2|3|9999|5|2||7|07|||8|79.0|164|||2||||||||||||52UZPE01152001T09MT04EBS001H010452UZPE01152001T09MT04EBS001H0104F0104|52UZPE01152001T09MT04EBS001H010452UZPE01152001T09MT04EBS001H0104F0104CC12746253
3|738|VICTOR|NAKON|MONTECE|VILLALTA|CC|1089031213|1973-03-18|1|2|1|9622|3|1||7|07|||8|70.0|168|||2||||||||||||52UZPE01152001T09MT04EBS001H010552UZPE01152001T09MT04EBS001H0105F0105|52UZPE01152001T09MT04EBS001H010552UZPE01152001T09MT04EBS001H0105F0105CC1089031213
3|739|EDISON|MIGUEL|MONTECE|LINARES|CC|1004695460|2001-04-21|1|2|3|9998|7|1||7|07|||8|90.0|173|||2||||||||||||52UZPE01152001T09MT04EBS001H010552UZPE01152001T09MT04EBS001H0105F0105|52UZPE01152001T09MT04EBS001H010552UZPE01152001T09MT04EBS001H0105F0105CC1004695460
3|740|ALICIA|ALICIA|ORTEGA|CARVAJAL|CC|27223905|1953-04-23|2|2|1|9998|8|2||3|07|||8|58.0|156|||2||||||||||||52UZPE01152001T08MT02EBS001H010652UZPE01152001T08MT02EBS001H0106F0106|52UZPE01152001T08MT02EBS001H010652UZPE01152001T08MT02EBS001H0106F0106CC27223905
3|741|ANDRES|FELIPE|OROSCO|USTEGUI|CC|1085285206|1990-10-08|1|2|3|5169|11|2||7|07|||8|73.0|170|||2||||||||||||52UZPE01152001T08MT02EBS001H010852UZPE01152001T08MT02EBS001H0108F0108|52UZPE01152001T08MT02EBS001H010852UZPE01152001T08MT02EBS001H0108F0108CC1085285206
3|742|ANA|LIDIA|GONZALES|BOLANOZ|CC|30737044|1967-03-17|2|2|1|9998|2|1||7|07|||8|68.0|150|||2||||||||||||52UZPE01152001T09MT04EBS001H010952UZPE01152001T09MT04EBS001H0109F0109|52UZPE01152001T09MT04EBS001H010952UZPE01152001T09MT04EBS001H0109F0109CC30737044
3|743|GERONIMO|GERONIMO|GUERRA|GUERRERO|TI|1080703589|2016-04-18|2|2|3|9998|3|2||8|07|||8|35.0|138|||2||||||||||||52UZPE01152001T08MT02EBS001H011052UZPE01152001T08MT02EBS001H0110F0110|52UZPE01152001T08MT02EBS001H011052UZPE01152001T08MT02EBS001H0110F0110TI1080703589
3|744|ANABELL|ANABELL|GUERRERO|GUERRERO|CC|1085253554|1987-10-20|2|2|5|9998|7|2||7|07|||8|86.0|175|||2||||||||||||52UZPE01152001T08MT02EBS001H011052UZPE01152001T08MT02EBS001H0110F0110|52UZPE01152001T08MT02EBS001H011052UZPE01152001T08MT02EBS001H0110F0110CC1085253554
3|745|WILSON|JOJOA|GUERRA|JOJOA|CC|1095271860|1989-03-02|1|2|1|5169|7|2||7|07|||8|84.0|170|||2||||||||||||52UZPE01152001T08MT02EBS001H011052UZPE01152001T08MT02EBS001H0110F0110|52UZPE01152001T08MT02EBS001H011052UZPE01152001T08MT02EBS001H0110F0110CC1095271860
3|746|JAIDER|STEVEN|CASTRO|SALAZAR|CC|1080044660|2006-04-08|1|2|3|9998|3|2||7|07|||8|62.0|165|||2||||||||||||52UZPE01152001T08MT02EBS001H011152UZPE01152001T08MT02EBS001H0111F0111|52UZPE01152001T08MT02EBS001H011152UZPE01152001T08MT02EBS001H0111F0111CC1080044660
3|747|ESTEFANIA|DELCARMEN|CEBALLOS|DEVILLOTA|CC|27074070|1947-07-16|2|2|5|9622|3|2||3|07|||8|65.0|160|||2||||||||||||52UZPE01152001T08MT02EBS001H011252UZPE01152001T08MT02EBS001H0112F0112|52UZPE01152001T08MT02EBS001H011252UZPE01152001T08MT02EBS001H0112F0112CC27074070
3|748|RUBEN|DARIO|QUINCENO|HERNANDEZ|CC|3458070|1948-02-02|1|2|1|9998|3|2||3|07|||8|70.0|168|||2||||||||||||52UZPE01152001T08MT02EBS001H011352UZPE01152001T08MT02EBS001H0113F0113|52UZPE01152001T08MT02EBS001H011352UZPE01152001T08MT02EBS001H0113F0113CC3458070
3|749|SERVIO|TURBIO|DELGADO|DELGADO|CC|1798337|1933-05-04|1|2|5|9998|2|2||3|07|||8|75.0|173|||2||||||||||||52UZPE01152001T08MT02EBS001H011452UZPE01152001T08MT02EBS001H0114F0114|52UZPE01152001T08MT02EBS001H011452UZPE01152001T08MT02EBS001H0114F0114CC1798337
3|750|EMERITA|NO|ESCOBAR|VILLEGAS|CC|27058973|1970-03-02|2|2|5|9998|2|1||7|07|||8|70.0|158|||2||||||||||||52UZPE01152001T08MT02EBS001H011652UZPE01152001T08MT02EBS001H0116F0116|52UZPE01152001T08MT02EBS001H011652UZPE01152001T08MT02EBS001H0116F0116CC27058973
3|751|JORGE|OSVALDO|VILLEGAS|ESCCOBAR|CC|12993885|1967-08-06|1|2|5|9998|3|1||7|07|||8|75.0|178|||2||||||||||||52UZPE01152001T08MT02EBS001H011652UZPE01152001T08MT02EBS001H0116F0116|52UZPE01152001T08MT02EBS001H011652UZPE01152001T08MT02EBS001H0116F0116CC12993885
3|752|ADRIANA|MARIA|CASTRO|NOAPLICA|CC|36759765|1981-12-16|2|2|2|5169|7|2||7|07|||8|57.0|155|||2||||||||||||52UZPE01152001T08MT02EBS001H011552UZPE01152001T08MT02EBS001H0115F0115|52UZPE01152001T08MT02EBS001H011552UZPE01152001T08MT02EBS001H0115F0115CC36759765
3|753|OMAR|ERNESTO|JOJOA|JOJOA|CC|12747385|1979-12-18|1|2|2|5169|7|2||7|07|||8|60.0|160|||2||||||||||||52UZPE01152001T08MT02EBS001H011552UZPE01152001T08MT02EBS001H0115F0115|52UZPE01152001T08MT02EBS001H011552UZPE01152001T08MT02EBS001H0115F0115CC12747385
3|754|CARLOS|EFRAIN|BASTIDAS|CORDOVA|CC|12993881|1979-02-05|1|2|6|5169|7|2||7|07|||8|68.0|165|||2||||||||||||52UZPE01152001T08MT02EBS001H011752UZPE01152001T08MT02EBS001H0117F0117|52UZPE01152001T08MT02EBS001H011752UZPE01152001T08MT02EBS001H0117F0117CC12993881
3|755|VALERI|ELISABET|VILLEGAS|QUIROS|CC|1138525368|2007-06-11|2|2|3|9998|3|1||7|07|||8|45.0|156|||2||||||||||||52UZPE01152001T08MT02EBS001H011852UZPE01152001T08MT02EBS001H0118F0118|52UZPE01152001T08MT02EBS001H011852UZPE01152001T08MT02EBS001H0118F0118CC1138525368
3|756|MARIA|LAURA|MUNOZ|CORDOVA|CC|30726339|1963-04-02|2|2|5|9998|3|1||3|07|||8|85.0|154|||2||||||||||||52UZPE01152001T08MT02EBS001H011952UZPE01152001T08MT02EBS001H0119F0119|52UZPE01152001T08MT02EBS001H011952UZPE01152001T08MT02EBS001H0119F0119CC30726339
3|757|JORGE|NORVERTO|PAZMINIO|TIMARAN|CC|5202911|1944-10-11|1|2|2|9998|3|1||3|07|||8|82.0|176|||2||||||||||||52UZPE01152001T08MT02EBS001H011952UZPE01152001T08MT02EBS001H0119F0119|52UZPE01152001T08MT02EBS001H011952UZPE01152001T08MT02EBS001H0119F0119CC5202911
3|758|ERIKA|NOAPLICA|QUINONES|NOAPLICA|CC|598179076|1978-08-19|2|2|2|9998|3|2||7|07|||8|45.0|150|||2||||||||||||52UZPE01152001T08MT02EBS001H012052UZPE01152001T08MT02EBS001H0120F0120|52UZPE01152001T08MT02EBS001H012052UZPE01152001T08MT02EBS001H0120F0120CC598179076
3|759|ANGI|CAROLINA|PAZMINIO|MUNOZ|CC|1085338861|1997-07-08|2|2|5|9510|3|1||7|07|||8|67.0|162|||2||||||||||||52UZPE01152001T08MT02EBS001H012152UZPE01152001T08MT02EBS001H0121F0121|52UZPE01152001T08MT02EBS001H012152UZPE01152001T08MT02EBS001H0121F0121CC1085338861
3|760|ANDRES|FELIPE|RIASCOS|PAZMINIO|TI|1080702811|2017-05-07|1|2|3|9998|3|1||8|07|||8|2.6|128|||2||||||||||||52UZPE01152001T08MT02EBS001H012152UZPE01152001T08MT02EBS001H0121F0121|52UZPE01152001T08MT02EBS001H012152UZPE01152001T08MT02EBS001H0121F0121TI1080702811
3|761|OSCAR|EMILIO|GAMES|MORA|CC|12994997|1968-02-05|1|2|2|9998|5|2||7|07|||8|68.0|165|||2||||||||||||52UZPE01152001T08MT02EBS001H012252UZPE01152001T08MT02EBS001H0122F0122|52UZPE01152001T08MT02EBS001H012252UZPE01152001T08MT02EBS001H0122F0122CC12994997
3|762|MIRIAN|NOTIENE|PAZ|JOJOA|CC|30745924|1969-05-06|2|2|2|9998|5|2||7|07|||8|72.0|156|||2||||||||||||52UZPE01152001T08MT02EBS001H012252UZPE01152001T08MT02EBS001H0122F0122|52UZPE01152001T08MT02EBS001H012252UZPE01152001T08MT02EBS001H0122F0122CC30745924
3|763|LUIS|CARLOS|ERAZO|GOMEZ|CC|98389600|1971-02-26|1|2|6|9622|3|1||7|07|||8|76.0|172|||2||||||||||||52UZPE01152001T08MT02EBS001H012352UZPE01152001T08MT02EBS001H0123F0123|52UZPE01152001T08MT02EBS001H012352UZPE01152001T08MT02EBS001H0123F0123CC98389600
3|764|MERCEDES|DELCARMEN|GAMES|MORA|CC|59817808|1969-10-01|2|2|3|9510|3|1||7|07|||8|68.0|145|||2||||||||||||52UZPE01152001T08MT02EBS001H012452UZPE01152001T08MT02EBS001H0124F0124|52UZPE01152001T08MT02EBS001H012452UZPE01152001T08MT02EBS001H0124F0124CC59817808
3|765|CARMEN|NOTIENE|MORA|GAMES|CC|27072392|1945-02-02|2|2|5|9998|2|1||3|07|||8|35.0|149|||2||||||||||||52UZPE01152001T08MT02EBS001H012452UZPE01152001T08MT02EBS001H0124F0124|52UZPE01152001T08MT02EBS001H012452UZPE01152001T08MT02EBS001H0124F0124CC27072392
3|766|ALISON|DAYANA|BRAVO|NOAPLICA|CC|0958792509|1998-04-22|2|2|2|9510|3|5||7|07|||8|56.0|155|||2||||||||||||52UZPE01152001T08MT02EBS001H012552UZPE01152001T08MT02EBS001H0125F0125|52UZPE01152001T08MT02EBS001H012552UZPE01152001T08MT02EBS001H0125F0125CC0958792509
3|767|ADRIAN|SEBASTIAN|AREVALO|BRAVO|TI|1233195501|2017-06-14|1|2|3|9998|3|2||8|07|||8|23.0|120|||2||||||||||||52UZPE01152001T08MT02EBS001H012552UZPE01152001T08MT02EBS001H0125F0125|52UZPE01152001T08MT02EBS001H012552UZPE01152001T08MT02EBS001H0125F0125TI1233195501
3|768|MARIO|ANDRES|AREVALO|BENAVIDES|CC|13070014|1980-12-15|1|2|2|9510|3|2||7|07|||8|1.7|70|||2||||||||||||52UZPE01152001T08MT02EBS001H012552UZPE01152001T08MT02EBS001H0125F0125|52UZPE01152001T08MT02EBS001H012552UZPE01152001T08MT02EBS001H0125F0125CC13070014
3|769|AMY|DAHIANA|AREVALO|BRAVO|TI|1233195502|2018-11-16|2|2|3|9998|3|2||8|07|||8|21.0|118|||2||||||||||||52UZPE01152001T08MT02EBS001H012552UZPE01152001T08MT02EBS001H0125F0125|52UZPE01152001T08MT02EBS001H012552UZPE01152001T08MT02EBS001H0125F0125TI1233195502
3|770|GLORIA|ESPERANZA|BENAVIDES|CASTRO|CC|30743006|1969-05-12|2|2|5|5169|3|1||7|07|||8|64.0|145|||2||||||||||||52UZPE01152001T08MT02EBS001H012652UZPE01152001T08MT02EBS001H0126F0126|52UZPE01152001T08MT02EBS001H012652UZPE01152001T08MT02EBS001H0126F0126CC30743006
3|771|ANYELA|CRISTINA|RUBIO|HOYOS|CC|1085288651|1990-05-22|2|2|2|9622|3|1||7|07|||8|60.0|150|||2||||||||||||52UZPE01152001T08MT02EBS001H012752UZPE01152001T08MT02EBS001H0127F0127|52UZPE01152001T08MT02EBS001H012752UZPE01152001T08MT02EBS001H0127F0127CC1085288651
3|772|LUIS|ALBERTO|ALBORNOS|HOYOS|CC|1085281651|1990-07-06|1|2|2|9622|3|1||7|07|||8|73.0|174|||2||||||||||||52UZPE01152001T08MT02EBS001H012752UZPE01152001T08MT02EBS001H0127F0127|52UZPE01152001T08MT02EBS001H012752UZPE01152001T08MT02EBS001H0127F0127CC1085281651
3|773|SEBASTIAN|NO|ALBORNOS|RUBIO|RC|000000001|2022-05-30|1|2|3|9998|3|1||8|07|||8|||||2||||||||||||52UZPE01152001T08MT02EBS001H012752UZPE01152001T08MT02EBS001H0127F0127|52UZPE01152001T08MT02EBS001H012752UZPE01152001T08MT02EBS001H0127F0127RC000000001
3|774|CRISTOFER|NO|ALBORNOS|RUBIO|TI|1080062090|2013-07-06|1|2|3|9998|3|1||1|07|||8|3.1|128|||2||||||||||||52UZPE01152001T08MT02EBS001H012752UZPE01152001T08MT02EBS001H0127F0127|52UZPE01152001T08MT02EBS001H012752UZPE01152001T08MT02EBS001H0127F0127TI1080062090
3|775|MALLERLIN|LIZETH|MUNOZ|MESISAS|CC|1193131481|2001-06-19|2|2|3|5169|5|1||7|07|||8|45.0|150|||2||||||||||||52UZPE01152001T08MT02EBS001H012852UZPE01152001T08MT02EBS001H0128F0128|52UZPE01152001T08MT02EBS001H012852UZPE01152001T08MT02EBS001H0128F0128CC1193131481
3|776|NELSON|HERMUNDO|MUNOZ|LAZO|CC|75080300|1950-06-21|1|2|5|9622|3|1||3|07|||8|68.0|170|||2||||||||||||52UZPE01152001T08MT02EBS001H012852UZPE01152001T08MT02EBS001H0128F0128|52UZPE01152001T08MT02EBS001H012852UZPE01152001T08MT02EBS001H0128F0128CC75080300
3|777|ALICIA|DELCARMEN|LOZANO|MUNOZ|CC|27078447|1948-07-12|2|2|2|9998|3|2||3|07|||8|61.0|150|||2||||||||||||52UZPE01152001T08MT02EBS001H012952UZPE01152001T08MT02EBS001H0129F0129|52UZPE01152001T08MT02EBS001H012952UZPE01152001T08MT02EBS001H0129F0129CC27078447
3|778|EDGAR|HERNUNDO|MUNOZ|DELCASTILLO|CC|5201014|1944-07-25|1|2|2|9998|2|2||3|07|||8|54.0|160|||2||||||||||||52UZPE01152001T08MT02EBS001H012952UZPE01152001T08MT02EBS001H0129F0129|52UZPE01152001T08MT02EBS001H012952UZPE01152001T08MT02EBS001H0129F0129CC5201014
3|779|MAYERLIN|LIZET|MUNOZ|LOZANO|CC|59814105|1969-08-07|2|2|3|5169|5|2||7|07|||8|55.0|155|||2||||||||||||52UZPE01152001T08MT02EBS001H012952UZPE01152001T08MT02EBS001H0129F0129|52UZPE01152001T08MT02EBS001H012952UZPE01152001T08MT02EBS001H0129F0129CC59814105
3|780|MARTHA|NO|CABRERA|URTADO|CC|27068312|1942-04-04|2|2|5|9998|3|1||3|07|||8|75.0|157|||2||||||||||||52UZPE01152001T08MT02EBS001H013052UZPE01152001T08MT02EBS001H0130F0130|52UZPE01152001T08MT02EBS001H013052UZPE01152001T08MT02EBS001H0130F0130CC27068312
3|781|SILVIA|MARCELA|SALAS|CABRERA|CC|30742397|1967-11-27|2|2|3|9998|3|1||7|07|||8|72.0|152|||2||||||||||||52UZPE01152001T08MT02EBS001H013052UZPE01152001T08MT02EBS001H0130F0130|52UZPE01152001T08MT02EBS001H013052UZPE01152001T08MT02EBS001H0130F0130CC30742397
3|782|LIDAD|YAZMIN|SALAS|CABRERA|CC|27091729|1979-11-21|2|2|3|5169|3|2||7|07|||8|63.0|156|||2||||||||||||52UZPE01152001T08MT02EBS001H013152UZPE01152001T08MT02EBS001H0131F0131|52UZPE01152001T08MT02EBS001H013152UZPE01152001T08MT02EBS001H0131F0131CC27091729
3|783|OVIDIO|NOAPLICA|MAFLA|MEJIA|CC|5197842|1941-05-18|1|2|5|9998|2|1||3|07|||8|67.0|160|||2||||||||||||52UZPE01152001T08MT02EBS001H013252UZPE01152001T08MT02EBS001H0132F0132|52UZPE01152001T08MT02EBS001H013252UZPE01152001T08MT02EBS001H0132F0132CC5197842
3|784|MARIA|NATIVIDAD|POTOSI|DEMAFLA|CC|27072135|1941-12-25|2|2|5|9998|2|1||3|07|||8|50.0|142|||2||||||||||||52UZPE01152001T08MT02EBS001H013252UZPE01152001T08MT02EBS001H0132F0132|52UZPE01152001T08MT02EBS001H013252UZPE01152001T08MT02EBS001H0132F0132CC27072135
3|785|HUGO|ANTONIO|BENAVIDES|GUERRERO|CC|5200588|1941-02-01|1|2|2|9998|3|2||3|07|||8|66.0|153|||2||||||||||||52UZPE01152001T08MT02EBS001H013352UZPE01152001T08MT02EBS001H0133F0133|52UZPE01152001T08MT02EBS001H013352UZPE01152001T08MT02EBS001H0133F0133CC5200588
3|786|ESOERANZA|NO|BOLANOS|BENAVIDES|CC|30703087|1948-04-06|2|2|2|9998|3|2||3|07|||8|66.0|153|||2||||||||||||52UZPE01152001T08MT02EBS001H013352UZPE01152001T08MT02EBS001H0133F0133|52UZPE01152001T08MT02EBS001H013352UZPE01152001T08MT02EBS001H0133F0133CC30703087
3|787|NIDIA|ELENA|DELGADO|NOAPLICA|CC|59829432|1975-04-22|2|2|2|9998|2|2||7|07|||8|50.0|152|||2||||||||||||52UZPE01152001T08MT02EBS001H013452UZPE01152001T08MT02EBS001H0134F0134|52UZPE01152001T08MT02EBS001H013452UZPE01152001T08MT02EBS001H0134F0134CC59829432
3|788|JOSE|GEOVANY|MAFLA|POTOSI|CC|12994009|1970-11-30|1|2|5|5169|3|2||7|07|||8|72.0|165|||2||||||||||||52UZPE01152001T08MT02EBS001H013452UZPE01152001T08MT02EBS001H0134F0134|52UZPE01152001T08MT02EBS001H013452UZPE01152001T08MT02EBS001H0134F0134CC12994009
3|789|SAMUEL|FELIPE|MAFLA|DELGADO|TI|1080051432|2007-02-22|1|2|3|9998|3|2||7|07|||8|55.0|165|||2||||||||||||52UZPE01152001T08MT02EBS001H013452UZPE01152001T08MT02EBS001H0134F0134|52UZPE01152001T08MT02EBS001H013452UZPE01152001T08MT02EBS001H0134F0134TI1080051432
3|790|LAURA|ELISA|MARTINEZ|DELOPEZ|CC|7069667|1942-07-03|2|2|5|9998|2|1||3|07|||8|68.0|150|||2||||||||||||52UZPE01152001T08MT02EBS001H013552UZPE01152001T08MT02EBS001H0135F0135|52UZPE01152001T08MT02EBS001H013552UZPE01152001T08MT02EBS001H0135F0135CC7069667
3|791|PEDRO|HERNAN|LOPEZ|MARTINEZ|CC|98384905|1973-02-23|1|2|3|9998|3|1||7|07|||8|72.0|170|||2||||||||||||52UZPE01152001T08MT02EBS001H013552UZPE01152001T08MT02EBS001H0135F0135|52UZPE01152001T08MT02EBS001H013552UZPE01152001T08MT02EBS001H0135F0135CC98384905
3|792|MARTHA|NA|LOPEZ|MARTINEZ|CC|59816833|1970-12-19|1|2|3|5169|7|2||7|07|||8|58.0|152|||2||||||||||||52UZPE01152001T08MT02EBS001H013552UZPE01152001T08MT02EBS001H0135F0135|52UZPE01152001T08MT02EBS001H013552UZPE01152001T08MT02EBS001H0135F0135CC59816833
3|793|ROGER|HENRY|CHAMORRO|DIAZ|CC|1085247785|1986-03-16|1|2|2|9998|3|5||7|07|||8|95.0|179|||2||||||||||||52UZPE01152001T09MT04EBS001H013652UZPE01152001T09MT04EBS001H0136F0136|52UZPE01152001T09MT04EBS001H013652UZPE01152001T09MT04EBS001H0136F0136CC1085247785
3|794|NATHALY|NOTIENE|MONTENEGRO|PATINO|CC|1085296835|1991-08-15|2|2|2|9998|9|1||7|07|||8|74.0|158|||2||||||||||||52UZPE01152001T09MT04EBS001H013652UZPE01152001T09MT04EBS001H0136F0136|52UZPE01152001T09MT04EBS001H013652UZPE01152001T09MT04EBS001H0136F0136CC1085296835
3|795|JENNIFER|LISBETH|ESTUPINAN|ROMERO|CC|1085326513|1996-02-01|2|2|3|9622|9|1||7|07|||8|60.0|163|||2||||||||||||52UZPE01152001T09MT04EBS001H013752UZPE01152001T09MT04EBS001H0137F0137|52UZPE01152001T09MT04EBS001H013752UZPE01152001T09MT04EBS001H0137F0137CC1085326513
3|796|DORIS|DELCARMEN|MARCILLO|ROSAS|CC|30727574|1954-06-20|2|2|6|9998|2|1||3|07|||8|57.0|147|||2||||||||||||52UZPE01152001T09MT04EBS001H013852UZPE01152001T09MT04EBS001H0138F0138|52UZPE01152001T09MT04EBS001H013852UZPE01152001T09MT04EBS001H0138F0138CC30727574
3|797|MARIA|ANGELICA|ROSAS|SANCHEZ|CC|30715560|1957-09-10|2|2|6|9998|2|1||3|07|||3|62.0|155|||2||||||||||||52UZPE01152001T09MT04EBS001H013852UZPE01152001T09MT04EBS001H0138F0138|52UZPE01152001T09MT04EBS001H013852UZPE01152001T09MT04EBS001H0138F0138CC30715560
3|798|NANCY|MARGOTH|GAVILANES|BENAVIDES|CC|27088407|1978-02-25|2|2|2|9998|3|1||7|07|||8|45.0|150|||2||||||||||||52UZPE01152001T09MT04EBS001H013952UZPE01152001T09MT04EBS001H0139F0139|52UZPE01152001T09MT04EBS001H013952UZPE01152001T09MT04EBS001H0139F0139CC27088407
3|799|ROBERTO|CARLOS|ROSERO|BOLANOS|CC|5204329|1978-02-08|1|2|2|5169|3|2||7|07|||8|70.0|179|||2||||||||||||52UZPE01152001T09MT04EBS001H013952UZPE01152001T09MT04EBS001H0139F0139|52UZPE01152001T09MT04EBS001H013952UZPE01152001T09MT04EBS001H0139F0139CC5204329
3|800|LIDA|CARMENZA|GARCES|CABEZAS|CC|30726443|1970-04-21|2|2|3|9998|9|2||7|07|||8|47.0|154|||2||||||||||||52UZPE01152001T09MT04EBS001H014052UZPE01152001T09MT04EBS001H0140F0140|52UZPE01152001T09MT04EBS001H014052UZPE01152001T09MT04EBS001H0140F0140CC30726443
3|801|JESUS|HERMILA|CABEZAS|LANDAZURI|CC|30737043|1932-02-10|2|2|5|9998|9|2||3|07|||8|45.0|154|||2||||||||||||52UZPE01152001T09MT04EBS001H014052UZPE01152001T09MT04EBS001H0140F0140|52UZPE01152001T09MT04EBS001H014052UZPE01152001T09MT04EBS001H0140F0140CC30737043
3|802|ALEIDA|LUCIA|GARCES|CABEZAS|CC|30726444|1962-07-01|2|2|1|5169|9|2||3|07|||8|58.0|154|||2||||||||||||52UZPE01152001T09MT04EBS001H014152UZPE01152001T09MT04EBS001H0141F0141|52UZPE01152001T09MT04EBS001H014152UZPE01152001T09MT04EBS001H0141F0141CC30726444
3|803|LUZ|MARINA|VALLEJO|SANCHEZ|CC|30711891|1955-10-10|2|2|6|9998|2|2||3|07|||8|71.0|155|||2||||||||||||52UZPE01152001T09MT04EBS001H014252UZPE01152001T09MT04EBS001H0142F0142|52UZPE01152001T09MT04EBS001H014252UZPE01152001T09MT04EBS001H0142F0142CC30711891
3|804|CECILIA|ESTER|SALAZAR|ROSERO|CC|27108424|1965-01-23|2|2|2|9998|2|2||3|07|||8|72.0|165|||2||||||||||||52UZPE01152001T09MT04EBS001H014352UZPE01152001T09MT04EBS001H0143F0143|52UZPE01152001T09MT04EBS001H014352UZPE01152001T09MT04EBS001H0143F0143CC27108424
3|805|JOSE|LUIS|MONTENEGRO|NARVAEZ|CC|98378310|1971-04-26|1|2|2|9622|3|2||7|07|||8|79.0|170|||2||||||||||||52UZPE01152001T09MT04EBS001H014352UZPE01152001T09MT04EBS001H0143F0143|52UZPE01152001T09MT04EBS001H014352UZPE01152001T09MT04EBS001H0143F0143CC98378310
3|806|YORBIN|GABRIEL|ACHICANOY|MONTENEGRO|RC|1080070777|2020-06-11|1|2|3|9998|3|2||8|07|||8|||||2||||||||||||52UZPE01152001T09MT04EBS001H014452UZPE01152001T09MT04EBS001H0144F0144|52UZPE01152001T09MT04EBS001H014452UZPE01152001T09MT04EBS001H0144F0144RC1080070777
3|807|ANGIE|VANESSA|MONTENEGRO|SALAZAR|CC|1004509886|2001-12-14|2|2|5|9998|3|2||7|07|||8|76.0|173|||2||||||||||||52UZPE01152001T09MT04EBS001H014452UZPE01152001T09MT04EBS001H0144F0144|52UZPE01152001T09MT04EBS001H014452UZPE01152001T09MT04EBS001H0144F0144CC1004509886
3|808|MARIANA|DELCARMEN|CASTRO|LOPEZ|CC|30726433|1959-12-30|2|2|2|9622|3|1||3|07|||8|62.0|153|||2||||||||||||52UZPE01152001T09MT04EBS001H014552UZPE01152001T09MT04EBS001H0145F0145|52UZPE01152001T09MT04EBS001H014552UZPE01152001T09MT04EBS001H0145F0145CC30726433
3|809|MARIA|ISABEL|DELGADO|GALINDREZ|TI|1080063003|2014-03-13|2|2|3|9998|3|2||8|07|||8|45.0|145|||2||||||||||||52UZPE01152001T09MT04EBS001H014652UZPE01152001T09MT04EBS001H0146F0146|52UZPE01152001T09MT04EBS001H014652UZPE01152001T09MT04EBS001H0146F0146TI1080063003
3|810|CRISTIAN|CAMILO|DELGADO|VALLEJO|CC|1085287264|1990-10-19|1|2|1|9998|2|2||7|07|||8|64.0|168|||2||||||||||||52UZPE01152001T09MT04EBS001H014652UZPE01152001T09MT04EBS001H0146F0146|52UZPE01152001T09MT04EBS001H014652UZPE01152001T09MT04EBS001H0146F0146CC1085287264
3|811|CESAR|AUGUSTO|NASPIRAN|PATINO|CC|12952046|1946-05-11|1|2|2|9622|3|2||3|07|||8|67.0|174|||2||||||||||||52UZPE01152001T09MT04EBS001H014752UZPE01152001T09MT04EBS001H0147F0147|52UZPE01152001T09MT04EBS001H014752UZPE01152001T09MT04EBS001H0147F0147CC12952046
3|812|BLANCA|ALICIA|REYES|NASPIRAN|CC|30704050|1952-04-01|2|2|2|9622|3|2||3|07|||8|55.0|160|||2||||||||||||52UZPE01152001T09MT04EBS001H014752UZPE01152001T09MT04EBS001H0147F0147|52UZPE01152001T09MT04EBS001H014752UZPE01152001T09MT04EBS001H0147F0147CC30704050
3|813|JORGE|ENRIQUE|NARVAEZ|DELCASTILLO|CC|12962977|1957-10-17|1|2|1|9622|9|2||3|07|||8|61.0|158|||2||||||||||||52UZPE01152001T09MT04EBS001H014852UZPE01152001T09MT04EBS001H0148F0148|52UZPE01152001T09MT04EBS001H014852UZPE01152001T09MT04EBS001H0148F0148CC12962977
3|814|MARIO|ALEJANDRO|NARVAEZ|VALENCIA|CC|1085314374|1994-05-13|1|2|3|5169|9|2||7|07|||8|55.0|157|||2||||||||||||52UZPE01152001T09MT04EBS001H014852UZPE01152001T09MT04EBS001H0148F0148|52UZPE01152001T09MT04EBS001H014852UZPE01152001T09MT04EBS001H0148F0148CC1085314374
3|815|RICHARD|ALEXANDER|RODRIGUEZ|JURADO|CC|1085337299|1998-03-20|1|2|3|9998|2|1||7|07|||8|75.0|169|||2||||||||||||52UZPE01152001T09MT04EBS001H015052UZPE01152001T09MT04EBS001H0150F0150|52UZPE01152001T09MT04EBS001H015052UZPE01152001T09MT04EBS001H0150F0150CC1085337299
3|816|MARIA|SOCORRO|VELASQUEZ|DEJURADO|CC|30702508|1951-05-06|2|2|2|9998|2|1||3|07|||3|76.0|156|||2||||||||||||52UZPE01152001T09MT04EBS001H015052UZPE01152001T09MT04EBS001H0150F0150|52UZPE01152001T09MT04EBS001H015052UZPE01152001T09MT04EBS001H0150F0150CC30702508
3|817|GUILLERMO|NOTIENE|JURADO|NOTIENE|CC|12955734|1951-06-22|1|2|1|9622|3|1||3|07|||8|75.0|170|||2||||||||||||52UZPE01152001T09MT04EBS001H015052UZPE01152001T09MT04EBS001H0150F0150|52UZPE01152001T09MT04EBS001H015052UZPE01152001T09MT04EBS001H0150F0150CC12955734
3|818|BLANCA|NUBIA|RUIZ|QUINTERO|CC|41105905|1962-04-24|2|2|1|9510|3|1||3|07|||8|69.0|158|||2||||||||||||52UZPE01152001T09MT04EBS001H015152UZPE01152001T09MT04EBS001H0151F0151|52UZPE01152001T09MT04EBS001H015152UZPE01152001T09MT04EBS001H0151F0151CC41105905
3|819|DELIA|DELCARMEN|GONZALES|CALVACHE|CC|30719723|1954-09-24|2|2|5|9510|3|2||3|07|||8|56.0|152|||2||||||||||||52UZPE01152001T09MT04EBS001H015252UZPE01152001T09MT04EBS001H0152F0152|52UZPE01152001T09MT04EBS001H015252UZPE01152001T09MT04EBS001H0152F0152CC30719723
3|820|MABEL|DAYELI|ESTRADA|TELLO|CC|1087410804|2006-04-09|2|2|5|9510|3|1||7|07|||8|70.0|150|||2||||||||||||52UZPE01152001T09MT04EBS001H015352UZPE01152001T09MT04EBS001H0153F0153|52UZPE01152001T09MT04EBS001H015352UZPE01152001T09MT04EBS001H0153F0153CC1087410804
3|821|MABEL|DAYELI|ESTRADA|TELLO|RC|1087428566|2023-01-30|1|2|3|9998|3|1||8|07|||8|||||2||||||||||||52UZPE01152001T09MT04EBS001H015352UZPE01152001T09MT04EBS001H0153F0153|52UZPE01152001T09MT04EBS001H015352UZPE01152001T09MT04EBS001H0153F0153RC1087428566
3|822|ELVIA|ELIZA|NARVAEZ|DELACRUZ|CC|27091864|1979-10-17|2|2|5|9510|2|1||7|07|||8|55.0|155|||2||||||||||||52UZPE01152001T08MT02EBS001H015452UZPE01152001T08MT02EBS001H0154F0154|52UZPE01152001T08MT02EBS001H015452UZPE01152001T08MT02EBS001H0154F0154CC27091864
3|823|ROSA|EMERITA|DELACRUZ|NARVAEZ|CC|1193525334|2000-10-10|2|2|3|9998|2|1||4|07|||1|54.0|132|||2||||||||||||52UZPE01152001T08MT02EBS001H015452UZPE01152001T08MT02EBS001H0154F0154|52UZPE01152001T08MT02EBS001H015452UZPE01152001T08MT02EBS001H0154F0154CC1193525334
3|824|CINDY|CATERINE|PARDO|LOPEZ|CC|1014202956|1989-08-01|2|2|2|9622|3|5||7|07|||8|75.0|158|||2||||||||||||52UZPE01152001T09MT04EBS001H015552UZPE01152001T09MT04EBS001H0155F0155|52UZPE01152001T09MT04EBS001H015552UZPE01152001T09MT04EBS001H0155F0155CC1014202956
3|825|JHON|EDISON|ROSERO|BASTIDAS|CC|1085245572|1985-04-13|1|2|2|9622|3|5||7|07|||8|70.0|165|||2||||||||||||52UZPE01152001T09MT04EBS001H015552UZPE01152001T09MT04EBS001H0155F0155|52UZPE01152001T09MT04EBS001H015552UZPE01152001T09MT04EBS001H0155F0155CC1085245572
3|826|ILIANA|EDITH|CABRERA|BURBANO|CC|59831544|1974-02-15|2|2|1|9998|7|1||7|07|||8|64.0|156|||2||||||||||||52UZPE01152001T09MT04EBS001H015652UZPE01152001T09MT04EBS001H0156F0156|52UZPE01152001T09MT04EBS001H015652UZPE01152001T09MT04EBS001H0156F0156CC59831544
3|827|JUAN|PABLO|MALES|CABRERA|CC|1081274395|2005-03-09|2|2|3|9999|9|1||7|07|||8|62.0|167|||2||||||||||||52UZPE01152001T09MT04EBS001H015652UZPE01152001T09MT04EBS001H0156F0156|52UZPE01152001T09MT04EBS001H015652UZPE01152001T09MT04EBS001H0156F0156CC1081274395
3|828|JOSE|ALEJANDRO|MALES|CABRERA|CC|1081272013|2003-09-07|1|2|3|9998|9|1||7|07|||8|64.0|171|||2||||||||||||52UZPE01152001T09MT04EBS001H015652UZPE01152001T09MT04EBS001H0156F0156|52UZPE01152001T09MT04EBS001H015652UZPE01152001T09MT04EBS001H0156F0156CC1081272013
3|829|SEBASTIAN|FELIPE|PORTILLO|MENESES|TI|1081278659|2008-10-30|1|2|3|9998|3|2||1|07|||8|59.0|163|||2||||||||||||52UZPE01152001T09MT04EBS001H015752UZPE01152001T09MT04EBS001H0157F0157|52UZPE01152001T09MT04EBS001H015752UZPE01152001T09MT04EBS001H0157F0157TI1081278659
3|830|ANGIE|FABIANA|SUAREZ|MENESES|CC|1081052836|2004-03-20|2|2|3|5169|8|2||7|07|||8|52.0|159|||2||||||||||||52UZPE01152001T09MT04EBS001H015752UZPE01152001T09MT04EBS001H0157F0157|52UZPE01152001T09MT04EBS001H015752UZPE01152001T09MT04EBS001H0157F0157CC1081052836
3|831|ANGELA|ROCIO|MENESES|MUNOZ|CC|37088230|1985-09-05|2|2|1|9998|3|2||7|07|||8|62.0|152|||2||||||||||||52UZPE01152001T09MT04EBS001H015752UZPE01152001T09MT04EBS001H0157F0157|52UZPE01152001T09MT04EBS001H015752UZPE01152001T09MT04EBS001H0157F0157CC37088230
3|832|FANY|CECILIA|RIASCOS|ROMERO|CC|27460420|1936-01-01|2|2|2|9998|2|1||3|07|||8|45.0|153|||2||||||||||||52UZPE01152001T08MT02EBS001H015952UZPE01152001T08MT02EBS001H0159F0159|52UZPE01152001T08MT02EBS001H015952UZPE01152001T08MT02EBS001H0159F0159CC27460420
3|833|ANIBAL|ANIBAL|MINO|ROMERO|CC|1887071|1936-03-28|1|2|1|9998|2|1||3|07|||8|60.0|160|||2||||||||||||52UZPE01152001T08MT02EBS001H015952UZPE01152001T08MT02EBS001H0159F0159|52UZPE01152001T08MT02EBS001H015952UZPE01152001T08MT02EBS001H0159F0159CC1887071
3|834|GLORIA|OLIVA|ALVAREZ|PANTOJA|CC|59396685|1983-11-29|2|2|5|9998|2|1||7|01|||8|84.0|165|||2||||||||||||52UZPE01152001T08MT02EBS001H016052UZPE01152001T08MT02EBS001H0160F0160|52UZPE01152001T08MT02EBS001H016052UZPE01152001T08MT02EBS001H0160F0160CC59396685
3|835|HERNAN|NA|CORDOBA|ARIAS|CC|87455908|1984-06-03|1|2|5|5169|3|1||7|01|||8|78.0|173|||2||||||||||||52UZPE01152001T08MT02EBS001H016052UZPE01152001T08MT02EBS001H0160F0160|52UZPE01152001T08MT02EBS001H016052UZPE01152001T08MT02EBS001H0160F0160CC87455908
3|836|FLOR|FLOR|BENAVIDES|BENAVIDES|CC|59831979|1962-02-08|2|2|2|9998|3|1||3|07|||8|58.0|160|||2||||||||||||52UZPE01152001T08MT02EBS001H016152UZPE01152001T08MT02EBS001H0161F0161|52UZPE01152001T08MT02EBS001H016152UZPE01152001T08MT02EBS001H0161F0161CC59831979
3|837|JESUS|JESUS|REVELO|BOLETOS|CC|12969943|1959-09-07|1|2|1|9510|3|1||3|07|||8|68.0|170|||2||||||||||||52UZPE01152001T08MT02EBS001H016152UZPE01152001T08MT02EBS001H0161F0161|52UZPE01152001T08MT02EBS001H016152UZPE01152001T08MT02EBS001H0161F0161CC12969943
3|838|PEDRO|NA|PUPIALES|CAICEDO|CC|65309944|1963-03-13|1|2|1|9622|3|2||3|07|||8|85.0|175|||2||||||||||||52UZPE01152001T09MT04EBS001H016452UZPE01152001T09MT04EBS001H0164F0164|52UZPE01152001T09MT04EBS001H016452UZPE01152001T09MT04EBS001H0164F0164CC65309944
3|839|CARLOS|ALBERTO|PUPIALES|TRUJILLO|CC|1085314972|1994-08-04|1|2|3|5169|7|2||7|07|||8|64.0|173|||2||||||||||||52UZPE01152001T09MT04EBS001H016452UZPE01152001T09MT04EBS001H0164F0164|52UZPE01152001T09MT04EBS001H016452UZPE01152001T09MT04EBS001H0164F0164CC1085314972
3|840|BETTY|DELCARMEN|ROSERO|ROSERO|CC|30710336|1955-08-01|2|2|5|9998|2|2||3|07|||8|93.0|160|||2||||||||||||52UZPE01152001T08MT02EBS001H016752UZPE01152001T08MT02EBS001H0167F0167|52UZPE01152001T08MT02EBS001H016752UZPE01152001T08MT02EBS001H0167F0167CC30710336
3|841|DAISSY|ELIZABETH|CORTES|ROSERO|CC|1085259494|1982-05-07|2|2|3|5169|7|2||7|07|||8|82.0|168|||2||||||||||||52UZPE01152001T08MT02EBS001H016752UZPE01152001T08MT02EBS001H0167F0167|52UZPE01152001T08MT02EBS001H016752UZPE01152001T08MT02EBS001H0167F0167CC1085259494
3|842|HECTOR|ALFREDO|CORTEZ|ALFARO|CC|12967602|1952-09-09|1|2|5|9998|2|2||3|07|||8|85.0|165|||2||||||||||||52UZPE01152001T08MT02EBS001H016752UZPE01152001T08MT02EBS001H0167F0167|52UZPE01152001T08MT02EBS001H016752UZPE01152001T08MT02EBS001H0167F0167CC12967602
3|843|GUSTAVO|NA|ROJAS|NA|CC|12957092|1950-12-03|1|2|1|9622|2|2||3|07|||8|75.0|166|||2||||||||||||52UZPE01152001T09MT04EBS001H016852UZPE01152001T09MT04EBS001H0168F0168|52UZPE01152001T09MT04EBS001H016852UZPE01152001T09MT04EBS001H0168F0168CC12957092
3|844|KEVIN|STEVEN|BASTIDAS|CAICEDO|TI|1138525592|2007-10-28|1|2|3|9998|3|2||1|07|||8|67.0|183|||2||||||||||||52UZPE01152001T08MT02EBS001H016952UZPE01152001T08MT02EBS001H0169F0169|52UZPE01152001T08MT02EBS001H016952UZPE01152001T08MT02EBS001H0169F0169TI1138525592
3|845|SCARLETH|VALERIA|BASTIDAS|CAICEDO|TI|1126566623|2016-09-12|2|2|3|9998|3|2||8|07|||8|22.0|120|||2||||||||||||52UZPE01152001T08MT02EBS001H016952UZPE01152001T08MT02EBS001H0169F0169|52UZPE01152001T08MT02EBS001H016952UZPE01152001T08MT02EBS001H0169F0169TI1126566623
3|846|AXEL|MATEO|BASTIDAS|CAICEDO|TI|1080698529|2013-01-24|1|2|3|9998|3|2||1|07|||8|45.0|160|||2||||||||||||52UZPE01152001T08MT02EBS001H016952UZPE01152001T08MT02EBS001H0169F0169|52UZPE01152001T08MT02EBS001H016952UZPE01152001T08MT02EBS001H0169F0169TI1080698529
3|847|CECILIA|PATRICIA|CAICEDO|CASTILLO|CC|59673358|1975-12-02|2|2|2|9998|3|2||7|07|||8|95.0|175|||2||||||||||||52UZPE01152001T08MT02EBS001H016952UZPE01152001T08MT02EBS001H0169F0169|52UZPE01152001T08MT02EBS001H016952UZPE01152001T08MT02EBS001H0169F0169CC59673358
3|848|FRANCISCO|JAVIER|BASTIDAS|POSOS|CC|87531398|1970-10-04|1|2|2|9510|3|2||7|07|||8|90.0|172|||2||||||||||||52UZPE01152001T08MT02EBS001H016952UZPE01152001T08MT02EBS001H0169F0169|52UZPE01152001T08MT02EBS001H016952UZPE01152001T08MT02EBS001H0169F0169CC87531398
3|849|SARHA|N|CARDENAS|TORO|TI|1032473866|2014-05-06|2|2|3|9998|3|2||8|07|||8|54.0|173|||2||||||||||||52UZPE01152001T08MT02EBS001H017052UZPE01152001T08MT02EBS001H0170F0170|52UZPE01152001T08MT02EBS001H017052UZPE01152001T08MT02EBS001H0170F0170TI1032473866
3|850|DIANA|MARIA|TORO|BASTIDAS|CC|1032376134|1986-07-09|2|2|2|9998|3|2||7|07|||8|85.0|160|||2||||||||||||52UZPE01152001T08MT02EBS001H017052UZPE01152001T08MT02EBS001H0170F0170|52UZPE01152001T08MT02EBS001H017052UZPE01152001T08MT02EBS001H0170F0170CC1032376134
3|851|ROBERT|ALBEIRO|CARDENAS|QUIROS|CC|80852470|1984-08-08|1|2|2|5169|3|2||7|07|||8|78.0|171|||2||||||||||||52UZPE01152001T08MT02EBS001H017052UZPE01152001T08MT02EBS001H0170F0170|52UZPE01152001T08MT02EBS001H017052UZPE01152001T08MT02EBS001H0170F0170CC80852470
3|852|KAROL|STHEFANY|CARDENAS|TORO|TI|1088732400|2008-08-12|2|2|3|9998|3|2||1|07|||8|64.0|158|||2||||||||||||52UZPE01152001T08MT02EBS001H017052UZPE01152001T08MT02EBS001H0170F0170|52UZPE01152001T08MT02EBS001H017052UZPE01152001T08MT02EBS001H0170F0170TI1088732400
3|853|JOHAN|SEBASTIAN|CARDENAS|TORO|TI|1032445197|2010-03-03|1|2|3|9998|3|2||1|07|||8|63.0|173|||2||||||||||||52UZPE01152001T08MT02EBS001H017052UZPE01152001T08MT02EBS001H0170F0170|52UZPE01152001T08MT02EBS001H017052UZPE01152001T08MT02EBS001H0170F0170TI1032445197
3|854|TERSA|NO|CASTRO|JURADO|CC|27052850|1933-09-05|2|2|5|9998|2|2||3|07|||1|78.0|158|||2||||||||||||52UZPE01152001T08MT02EBS001H017152UZPE01152001T08MT02EBS001H0171F0171|52UZPE01152001T08MT02EBS001H017152UZPE01152001T08MT02EBS001H0171F0171CC27052850
3|855|JUAN|RODRIGO|RIVIERA|RODRIGUES|CC|12994418|1967-09-08|1|2|2|5169|9|2||7|07|||8|62.0|160|||2||||||||||||52UZPE01152001T08MT02EBS001H017252UZPE01152001T08MT02EBS001H0172F0172|52UZPE01152001T08MT02EBS001H017252UZPE01152001T08MT02EBS001H0172F0172CC12994418
3|856|GLORIA|ESPERANZA|NARVAEZ|BURGOS|CC|59830517|1975-03-22|2|2|2|9998|3|2||7|07|||8|70.0|160|||2||||||||||||52UZPE01152001T08MT02EBS001H017252UZPE01152001T08MT02EBS001H0172F0172|52UZPE01152001T08MT02EBS001H017252UZPE01152001T08MT02EBS001H0172F0172CC59830517
3|857|JULIANA|ISABEL|RIVIERA|NARVAEZ|TI|1081061744|2014-08-06|2|2|3|9998|3|2||8|07|||8|40.0|120|||2||||||||||||52UZPE01152001T08MT02EBS001H017252UZPE01152001T08MT02EBS001H0172F0172|52UZPE01152001T08MT02EBS001H017252UZPE01152001T08MT02EBS001H0172F0172TI1081061744
3|858|JUAN|SEBASTIAN|RIVIERA|NARVAEZ|CC|1085322884|1995-08-07|1|2|3|5169|7|1||7|07|||8|70.0|160|||2||||||||||||52UZPE01152001T08MT02EBS001H017252UZPE01152001T08MT02EBS001H0172F0172|52UZPE01152001T08MT02EBS001H017252UZPE01152001T08MT02EBS001H0172F0172CC1085322884
3|859|ANDERSON|NO|GUZMAN|ARROLLO|CC|1085270656|1988-08-30|1|2|3|5169|9|2||7|07|||8|65.0|175|||2||||||||||||52UZPE01152001T08MT02EBS001H017352UZPE01152001T08MT02EBS001H0173F0173|52UZPE01152001T08MT02EBS001H017352UZPE01152001T08MT02EBS001H0173F0173CC1085270656
3|860|HERNAN|NO|CAICEDO|ERAZO|CC|98384588|1973-04-24|1|2|3|5169|9|2||7|07|||8|50.0|160|||2||||||||||||52UZPE01152001T08MT02EBS001H017552UZPE01152001T08MT02EBS001H0175F0175|52UZPE01152001T08MT02EBS001H017552UZPE01152001T08MT02EBS001H0175F0175CC98384588
3|861|ALEJANDRA|NOAPLICA|ENRIQUEZ|CORTEZ|TI|1080065775|2016-05-03|2|2|3|9998|3|2||8|07|||8|26.0|137|||2||||||||||||52UZPE01152001T08MT02EBS001H017452UZPE01152001T08MT02EBS001H0174F0174|52UZPE01152001T08MT02EBS001H017452UZPE01152001T08MT02EBS001H0174F0174TI1080065775
3|862|ADRIANA|MILENA|CORTEZ|ROSERO|CC|59310727|1983-12-04|2|2|5|5169|7|2||7|07|||8|41.0|160|||2||||||||||||52UZPE01152001T08MT02EBS001H017452UZPE01152001T08MT02EBS001H0174F0174|52UZPE01152001T08MT02EBS001H017452UZPE01152001T08MT02EBS001H0174F0174CC59310727
3|863|JULIAN|MAURICIO|PORTILLA|ESPANA|CC|1087008379|1999-07-09|1|2|4|5169|9|2||7|07|||8|64.0|183|||2||||||||||||52UZPE01152001T08MT02EBS001H017652UZPE01152001T08MT02EBS001H0176F0176|52UZPE01152001T08MT02EBS001H017652UZPE01152001T08MT02EBS001H0176F0176CC1087008379
3|864|DARWIN|NO|ZAMBRANO|ESPANA|CC|1087007586|1997-12-17|1|2|4|5169|9|1||7|07|||8|70.0|183|||2||||||||||||52UZPE01152001T08MT02EBS001H017652UZPE01152001T08MT02EBS001H0176F0176|52UZPE01152001T08MT02EBS001H017652UZPE01152001T08MT02EBS001H0176F0176CC1087007586
3|865|YHON|ALEJANDRO|CHAMORRO|PANTOJA|CC|1004189549|1987-05-21|1|2|2|5169|3|2||7|07|||8|62.0|167|||2||||||||||||52UZPE01152001T08MT02EBS001H017752UZPE01152001T08MT02EBS001H0177F0177|52UZPE01152001T08MT02EBS001H017752UZPE01152001T08MT02EBS001H0177F0177CC1004189549
3|866|LUISA|MARIA|CHAMORRO|SALAZAR|RC|1080710470|2023-01-20|2|2|3|9998|3|1||8|07|||8|||||2||||||||||||52UZPE01152001T08MT02EBS001H017752UZPE01152001T08MT02EBS001H0177F0177|52UZPE01152001T08MT02EBS001H017752UZPE01152001T08MT02EBS001H0177F0177RC1080710470
3|867|JUAN|JOSE|SALAZAR|JIMENEZ|TI|1080704141|2018-01-29|1|2|3|9998|3|1||8|07|||8|24.0|128|||2||||||||||||52UZPE01152001T08MT02EBS001H017752UZPE01152001T08MT02EBS001H0177F0177|52UZPE01152001T08MT02EBS001H017752UZPE01152001T08MT02EBS001H0177F0177TI1080704141
3|868|GABRIELA|GABRIELA|SALAZAR|JIMENES|CC|1085326324|1986-01-19|2|2|2|9998|7|1||7|07|||8|62.0|157|||2||||||||||||52UZPE01152001T08MT02EBS001H017752UZPE01152001T08MT02EBS001H0177F0177|52UZPE01152001T08MT02EBS001H017752UZPE01152001T08MT02EBS001H0177F0177CC1085326324
3|869|DEISY|ALEJANDRA|JARAMILLO|DIAS|CC|1085278875|1987-10-01|2|2|5|5169|3|5||7|07|||8|72.0|168|||2||||||||||||52UZPE01152001T08MT02EBS001H017852UZPE01152001T08MT02EBS001H0178F0178|52UZPE01152001T08MT02EBS001H017852UZPE01152001T08MT02EBS001H0178F0178CC1085278875
3|870|JOHAN|SANTIAGO|PANTOJA|JARAMILLO|CC|1080044042|2005-05-21|1|2|3|9998|7|1||7|07|||8|74.0|175|||2||||||||||||52UZPE01152001T08MT02EBS001H017852UZPE01152001T08MT02EBS001H0178F0178|52UZPE01152001T08MT02EBS001H017852UZPE01152001T08MT02EBS001H0178F0178CC1080044042
3|871|MAGALI|DELCARMEN|PANTOJA|PATINO|CC|30739668|1967-07-09|2|2|1|9998|2|1||7|07|||8|60.0|167|||2||||||||||||52UZPE01152001T08MT02EBS001H017952UZPE01152001T08MT02EBS001H0179F0179|52UZPE01152001T08MT02EBS001H017952UZPE01152001T08MT02EBS001H0179F0179CC30739668
3|872|GERMAN|MAURICIO|CHAMORRO|PANTOJA|CC|1233193789|1999-07-07|1|2|3|9999|13|1||7|07|||8|52.0|170|||2||||||||||||52UZPE01152001T08MT02EBS001H017952UZPE01152001T08MT02EBS001H0179F0179|52UZPE01152001T08MT02EBS001H017952UZPE01152001T08MT02EBS001H0179F0179CC1233193789
3|873|PABLO|ANDRES|VILLOTA|ZAMBRANO|CC|98379541|1971-02-11|1|2|2|9510|7|2||7|07|||8|10.0|170|||2||||||||||||52UZPE01152001T08MT02EBS001H018052UZPE01152001T08MT02EBS001H0180F0180|52UZPE01152001T08MT02EBS001H018052UZPE01152001T08MT02EBS001H0180F0180CC98379541
3|874|AIDA|PATRICIA|LOPEZ|CORAL|CC|59837678|1977-07-13|2|2|2|5169|7|2||7|07|||8|67.0|150|||2||||||||||||52UZPE01152001T08MT02EBS001H018052UZPE01152001T08MT02EBS001H0180F0180|52UZPE01152001T08MT02EBS001H018052UZPE01152001T08MT02EBS001H0180F0180CC59837678
3|875|KAREN|TATIANA|ACEVEDO|PAZ|CC|1080044823|2005-09-20|2|2|3|9998|3|1||7|07|||8|50.0|156|||2||||||||||||52UZPE01152001T08MT02EBS001H018152UZPE01152001T08MT02EBS001H0181F0181|52UZPE01152001T08MT02EBS001H018152UZPE01152001T08MT02EBS001H0181F0181CC1080044823
3|876|SANDRA|MILENA|PAZ|GUERRERO|CC|1085246294|1985-11-19|2|2|5|5169|3|2||7|07|||8|56.0|154|||2||||||||||||52UZPE01152001T08MT02EBS001H018152UZPE01152001T08MT02EBS001H0181F0181|52UZPE01152001T08MT02EBS001H018152UZPE01152001T08MT02EBS001H0181F0181CC1085246294
3|877|ISAAC|NO|PAZ|GUERRERO|RC|1080071100|2020-08-10|1|2|3|9998|3|1||8|07|||8|1.6|12|||2||||||||||||52UZPE01152001T08MT02EBS001H018152UZPE01152001T08MT02EBS001H0181F0181|52UZPE01152001T08MT02EBS001H018152UZPE01152001T08MT02EBS001H0181F0181RC1080071100
3|878|MARIA|XIMENA|CUAYCUAN|CRUZ|CC|1085249767|1984-05-20|2|2|2|9999|3|1||7|07|||8|64.0|156|||2||||||||||||52UZPE01152001T09MT04EBS001H018252UZPE01152001T09MT04EBS001H0182F0182|52UZPE01152001T09MT04EBS001H018252UZPE01152001T09MT04EBS001H0182F0182CC1085249767
3|879|JAIRO|ANDRES|AREVALO|BENAVIDES|CC|87063176|1981-12-09|1|2|2|9622|3|1||7|07|||8|68.0|168|||2||||||||||||52UZPE01152001T09MT04EBS001H018252UZPE01152001T09MT04EBS001H0182F0182|52UZPE01152001T09MT04EBS001H018252UZPE01152001T09MT04EBS001H0182F0182CC87063176
3|880|DIANA|MAITE|RODRIGUEZ|GUERRERO|CC|1085290412|1991-06-21|2|2|5|5169|7|2||7|07|||8|74.0|164|||2||||||||||||52UZPE01152001T09MT04EBS001H018352UZPE01152001T09MT04EBS001H0183F0183|52UZPE01152001T09MT04EBS001H018352UZPE01152001T09MT04EBS001H0183F0183CC1085290412
3|881|ISABELA|NOTIENE|DELGADO|RODRIGUEZ|TI|1085321247|2013-06-05|2|2|3|9998|3|1||1|07|||8|45.0|155|||2||||||||||||52UZPE01152001T09MT04EBS001H018352UZPE01152001T09MT04EBS001H0183F0183|52UZPE01152001T09MT04EBS001H018352UZPE01152001T09MT04EBS001H0183F0183TI1085321247
3|882|DILAN|ANDRES|DELGADO|RODRIGUEZ|CC|1138525178|2007-01-12|1|2|3|9999|2|1||7|07|||8|16.4|74|||2||||||||||||52UZPE01152001T09MT04EBS001H018552UZPE01152001T09MT04EBS001H0185F0185|52UZPE01152001T09MT04EBS001H018552UZPE01152001T09MT04EBS001H0185F0185CC1138525178
3|883|ROBERTO|ARNULFO|BOTINA|JOSA|CC|12966463|1958-03-13|1|2|2|9510|2|1||3|07|||8|63.0|160|||2||||||||||||52UZPE01152001T08MT02EBS001H018452UZPE01152001T08MT02EBS001H0184F0184|52UZPE01152001T08MT02EBS001H018452UZPE01152001T08MT02EBS001H0184F0184CC12966463
3|884|MIRIAM|DELSOCORRRO|VILLAREAL|DELGADO|CC|30722485|1962-04-09|2|2|2|9998|4|1||3|07|||8|56.0|152|||2||||||||||||52UZPE01152001T08MT02EBS001H018452UZPE01152001T08MT02EBS001H0184F0184|52UZPE01152001T08MT02EBS001H018452UZPE01152001T08MT02EBS001H0184F0184CC30722485
3|885|CARLOS|EFRAIN|AZAIN|VILLOTA|CC|15555081|1947-07-28|1|2|1|9622|2|2||3|07|||8|64.0|162|||2||||||||||||52UZPE01152001T09MT04EBS001H018652UZPE01152001T09MT04EBS001H0186F0186|52UZPE01152001T09MT04EBS001H018652UZPE01152001T09MT04EBS001H0186F0186CC15555081
3|886|BLANCA|EMILIA|NARVAEZ|DEAZAIN|CC|27354249|1953-02-01|2|2|2|9999|2|2||3|07|||8|64.0|141|||2||||||||||||52UZPE01152001T09MT04EBS001H018652UZPE01152001T09MT04EBS001H0186F0186|52UZPE01152001T09MT04EBS001H018652UZPE01152001T09MT04EBS001H0186F0186CC27354249
3|887|JAVIER|ANDRES|CASTRO|BOTINA|CC|1085278760|1969-01-14|1|2|4|9622|7|1||7|07|||8|70.0|165|||2||||||||||||52UZPE01152001T09MT04EBS001H018752UZPE01152001T09MT04EBS001H0187F0187|52UZPE01152001T09MT04EBS001H018752UZPE01152001T09MT04EBS001H0187F0187CC1085278760
3|888|DEISY|YAMILE|CASTRO|BOTINA|CC|1233189085|1997-04-24|2|2|4|9998|9|1||7|07|||8|69.0|160|||2||||||||||||52UZPE01152001T09MT04EBS001H018752UZPE01152001T09MT04EBS001H0187F0187|52UZPE01152001T09MT04EBS001H018752UZPE01152001T09MT04EBS001H0187F0187CC1233189085
3|889|CLAUDIA|VIVIANA|CASTRO|BOTINA|CC|1086310412|1994-02-13|2|2|4|5169|9|2||7|07|||8|67.0|165|||2||||||||||||52UZPE01152001T09MT04EBS001H018752UZPE01152001T09MT04EBS001H0187F0187|52UZPE01152001T09MT04EBS001H018752UZPE01152001T09MT04EBS001H0187F0187CC1086310412
3|890|FABIO|NOTIENE|ERIRA|MUECES|CC|5212020|1955-04-06|1|2|2|9622|2|1||3|07|||8|76.0|168|||2||||||||||||52UZPE01152001T09MT04EBS001H018852UZPE01152001T09MT04EBS001H0188F0188|52UZPE01152001T09MT04EBS001H018852UZPE01152001T09MT04EBS001H0188F0188CC5212020
3|891|MARIANA|NOTIENE|ERIRA|NOTIENE|CC|27104906|1963-10-11|2|2|2|9998|2|1||3|07|||8|70.0|155|||2||||||||||||52UZPE01152001T09MT04EBS001H018852UZPE01152001T09MT04EBS001H0188F0188|52UZPE01152001T09MT04EBS001H018852UZPE01152001T09MT04EBS001H0188F0188CC27104906
3|892|DENNIS|FABIAN|LOPEZ|CALIS|TI|1081279362|2009-05-07|1|2|6|9998|3|1||1|07|||8|55.0|145|||2||||||||||||52UZPE01152001T09MT04EBS001H018852UZPE01152001T09MT04EBS001H0188F0188|52UZPE01152001T09MT04EBS001H018852UZPE01152001T09MT04EBS001H0188F0188TI1081279362
3|893|ESTELLA|DELSOCORRO|GUERRERO|DEMEZA|CC|27202870|1948-12-31|2|2|2|9998|2|1||3|07|||8|70.0|162|||2||||||||||||52UZPE01152001T09MT04EBS001H018952UZPE01152001T09MT04EBS001H0189F0189|52UZPE01152001T09MT04EBS001H018952UZPE01152001T09MT04EBS001H0189F0189CC27202870
3|894|HAROLD|LUIS|MEZA|GUERRERO|CC|1837422|1937-08-10|1|2|2|9998|2|1||3|07|||1|67.0|170|||2||||||||||||52UZPE01152001T09MT04EBS001H018952UZPE01152001T09MT04EBS001H0189F0189|52UZPE01152001T09MT04EBS001H018952UZPE01152001T09MT04EBS001H0189F0189CC1837422
3|895|CLAUDIA|JANETH|TULCANES|RINCONES|CC|59856445|1983-03-22|2|2|2|9998|7|2||7|07|||8|66.0|150|||2||||||||||||52UZPE01152001T09MT04EBS001H019052UZPE01152001T09MT04EBS001H0190F0190|52UZPE01152001T09MT04EBS001H019052UZPE01152001T09MT04EBS001H0190F0190CC59856445
3|896|JOSE|DAVID|ERAZO|TULCANES|TI|1082748638|2013-04-12|1|2|3|9998|3|2||1|07|||8|46.0|145|||2||||||||||||52UZPE01152001T09MT04EBS001H019052UZPE01152001T09MT04EBS001H0190F0190|52UZPE01152001T09MT04EBS001H019052UZPE01152001T09MT04EBS001H0190F0190TI1082748638
3|897|MARIA|JOSE|ERAZO|TULCANES|RC|1233195113|2020-09-17|2|2|3|9998|3|5||8|07|||8|||||2||||||||||||52UZPE01152001T09MT04EBS001H019052UZPE01152001T09MT04EBS001H0190F0190|52UZPE01152001T09MT04EBS001H019052UZPE01152001T09MT04EBS001H0190F0190RC1233195113
3|898|GUIDO|ROLANDO|ERAZO|MORALES|CC|98400498|1978-05-09|1|2|1|5169|3|2||7|07|||8|71.0|170|||2||||||||||||52UZPE01152001T09MT04EBS001H019052UZPE01152001T09MT04EBS001H0190F0190|52UZPE01152001T09MT04EBS001H019052UZPE01152001T09MT04EBS001H0190F0190CC98400498
3|899|JOSE|BOLIVAR|ROSERO|NOTIENE|CC|12963923|1955-02-24|1|2|2|9622|3|1||3|07|||8|75.0|164|||2||||||||||||52UZPE01152001T09MT04EBS001H019252UZPE01152001T09MT04EBS001H0192F0192|52UZPE01152001T09MT04EBS001H019252UZPE01152001T09MT04EBS001H0192F0192CC12963923
3|900|MERCEDES|AMPARO|INSUASTY|ESPANA|CC|59815933|1971-10-20|2|2|2|9998|2|1||7|07|||8|68.0|163|||2||||||||||||52UZPE01152001T09MT04EBS001H019252UZPE01152001T09MT04EBS001H0192F0192|52UZPE01152001T09MT04EBS001H019252UZPE01152001T09MT04EBS001H0192F0192CC59815933
3|901|BLANCA|YOLITA|HERNANDEZ|ROSERO|CC|30723190|1951-05-31|2|2|2|9998|3|1||3|07|||8|57.0|146|||2||||||||||||52UZPE01152001T09MT04EBS001H019552UZPE01152001T09MT04EBS001H0195F0195|52UZPE01152001T09MT04EBS001H019552UZPE01152001T09MT04EBS001H0195F0195CC30723190
3|902|RUTH|DELCARMEN|ROSERO|DERUALES|CC|27073805|1945-11-16|2|2|5|9998|2|2||3|07|||8|66.0|150|||2||||||||||||52UZPE01152001T09MT04EBS001H019752UZPE01152001T09MT04EBS001H0197F0197|52UZPE01152001T09MT04EBS001H019752UZPE01152001T09MT04EBS001H0197F0197CC27073805
3|903|HELENA|DELCARMEN|PORTILLA|NARVAEZ|CC|37001583|1959-01-04|2|2|2|9622|2|1||3|07|||8|68.0|155|||2||||||||||||52UZPE01152001T09MT04EBS001H019952UZPE01152001T09MT04EBS001H0199F0199|52UZPE01152001T09MT04EBS001H019952UZPE01152001T09MT04EBS001H0199F0199CC37001583
3|904|GERARDO|LEONEL|ROSERO|REVELO|CC|13004637|1951-06-18|1|2|1|9998|2|1||3|07|||8|64.0|160|||2||||||||||||52UZPE01152001T09MT04EBS001H019952UZPE01152001T09MT04EBS001H0199F0199|52UZPE01152001T09MT04EBS001H019952UZPE01152001T09MT04EBS001H0199F0199CC13004637
3|905|SANTIAGO|RAFAEL|GALLARDO|RIVAS|RC|1082749862|2020-03-01|1|2|3|9998|3|1||8|07|||8|||||2||||||||||||52UZPE01152001T09MT04EBS001H020052UZPE01152001T09MT04EBS001H0200F0200|52UZPE01152001T09MT04EBS001H020052UZPE01152001T09MT04EBS001H0200F0200RC1082749862
3|906|DEISY|YOLIMAR|RIVAS|AGUILAR|PT|4945825|1997-02-20|2|2|1|9622|7|1||7|07|||8|58.0|160|||2||||||||||||52UZPE01152001T09MT04EBS001H020052UZPE01152001T09MT04EBS001H0200F0200|52UZPE01152001T09MT04EBS001H020052UZPE01152001T09MT04EBS001H0200F0200PT4945825
3|907|JUAN|JOSE|SALAZAR|PINTA|TI|1080053040|2008-09-17|1|2|3|9998|3|1||1|07|||8|44.0|158|||2||||||||||||52UZPE01152001T08MT02EBS001H020352UZPE01152001T08MT02EBS001H0203F0203|52UZPE01152001T08MT02EBS001H020352UZPE01152001T08MT02EBS001H0203F0203TI1080053040
3|908|NATALIA|CAROLINA|SALAZAR|PINTA|TI|1081281301|2010-11-28|2|2|3|9998|3|1||1|07|||8|38.0|135|||2||||||||||||52UZPE01152001T08MT02EBS001H020352UZPE01152001T08MT02EBS001H0203F0203|52UZPE01152001T08MT02EBS001H020352UZPE01152001T08MT02EBS001H0203F0203TI1081281301
3|909|MARIA|MAGOLA|PINTA|INSUASTY|CC|59822026|1972-09-26|2|2|2|9998|3|1||7|07|||8|62.0|150|||2||||||||||||52UZPE01152001T08MT02EBS001H020352UZPE01152001T08MT02EBS001H0203F0203|52UZPE01152001T08MT02EBS001H020352UZPE01152001T08MT02EBS001H0203F0203CC59822026
3|910|JOSE|RICARDO|SALASR|NO|CC|12991583|1967-02-10|1|2|2|5169|3|2||7|07|||8|68.0|150|||2||||||||||||52UZPE01152001T08MT02EBS001H020352UZPE01152001T08MT02EBS001H0203F0203|52UZPE01152001T08MT02EBS001H020352UZPE01152001T08MT02EBS001H0203F0203CC12991583
3|911|MARIA|DELCARMEN|CASTRILLON|NOTIENE|CC|27074103|1947-05-08|2|2|2|9998|3|2||3|07|||8|53.0|150|||2||||||||||||52UZPE01152001T09MT04EBS001H020252UZPE01152001T09MT04EBS001H0202F0202|52UZPE01152001T09MT04EBS001H020252UZPE01152001T09MT04EBS001H0202F0202CC27074103
3|912|LUIS|IGNACIO|MESIAS|MARTINEZ|CC|5200930|1945-01-01|1|2|2|9998|3|2||3|07|||8|58.0|170|||2||||||||||||52UZPE01152001T09MT04EBS001H020252UZPE01152001T09MT04EBS001H0202F0202|52UZPE01152001T09MT04EBS001H020252UZPE01152001T09MT04EBS001H0202F0202CC5200930
3|913|VANESA|ESTEFANIA|MIRANDA|IMBAJOA|CC|1085302641|1992-10-20|2|2|3|9998|13|1||7|07|||8|60.0|152|||2||||||||||||52UZPE01152001T09MT04EBS001H020552UZPE01152001T09MT04EBS001H0205F0205|52UZPE01152001T09MT04EBS001H020552UZPE01152001T09MT04EBS001H0205F0205CC1085302641
3|914|MARIA|DEFILIA|IMBAJOA|PINTO|CC|30705525|1953-10-12|2|2|5|9998|13|1||3|07|||8|16.0|90|||2||||||||||||52UZPE01152001T09MT04EBS001H020552UZPE01152001T09MT04EBS001H0205F0205|52UZPE01152001T09MT04EBS001H020552UZPE01152001T09MT04EBS001H0205F0205CC30705525
3|915|BERTA|LUCIA|REVELO|REYES|CC|30745816|1968-12-16|2|2|1|9510|4|1||7|07|||8|63.0|158|||2||||||||||||52UZPE01152001T08MT02EBS001H020652UZPE01152001T08MT02EBS001H0206F0206|52UZPE01152001T08MT02EBS001H020652UZPE01152001T08MT02EBS001H0206F0206CC30745816
3|916|ANA|MARIA|BELTRAN|REVELO|CC|1085333116|1997-01-01|2|2|3|9998|7|1||7|07|||8|55.0|159|||2||||||||||||52UZPE01152001T08MT02EBS001H020652UZPE01152001T08MT02EBS001H0206F0206|52UZPE01152001T08MT02EBS001H020652UZPE01152001T08MT02EBS001H0206F0206CC1085333116
3|917|BERTA|MARIA|GRIJALVA|SALAZAR|CC|27071064|1944-11-26|2|2|5|9998|2|1||3|07|||8|64.0|144|||2||||||||||||52UZPE01152001T08MT02EBS001H020752UZPE01152001T08MT02EBS001H0207F0207|52UZPE01152001T08MT02EBS001H020752UZPE01152001T08MT02EBS001H0207F0207CC27071064
3|918|MARIA|REGINA|BERNAL|MORALES|CC|59419010|1968-10-15|2|2|5|9510|3|1||7|07|||8|66.0|155|||2||||||||||||52UZPE01152001T09MT04EBS001H020952UZPE01152001T09MT04EBS001H0209F0209|52UZPE01152001T09MT04EBS001H020952UZPE01152001T09MT04EBS001H0209F0209CC59419010
3|919|MARIA|SOFIA|DELGADO|CHAPUAL|RC|1030023950|2018-10-12|2|2|3|9998|3|2||8|07|||8|15.0|105|||2||||||||||||52UZPE01152001T08MT02EBS001H021152UZPE01152001T08MT02EBS001H0211F0211|52UZPE01152001T08MT02EBS001H021152UZPE01152001T08MT02EBS001H0211F0211RC1030023950
3|920|ANA|PATRICIA|CHAPUEL|ZUNIGA|CC|47082388|1982-07-16|2|2|5|5169|4|2||7|07|||8|70.0|156|||2||||||||||||52UZPE01152001T08MT02EBS001H021152UZPE01152001T08MT02EBS001H0211F0211|52UZPE01152001T08MT02EBS001H021152UZPE01152001T08MT02EBS001H0211F0211CC47082388
3|921|LUZ|DARI|CASTRO|NOTIENE|CC|1085247417|1985-08-11|2|2|5|9622|3|1||7|07|||8|76.0|159|||2||||||||||||52UZPE01152001T09MT04EBS001H021252UZPE01152001T09MT04EBS001H0212F0212|52UZPE01152001T09MT04EBS001H021252UZPE01152001T09MT04EBS001H0212F0212CC1085247417
3|922|YEISON|ALEJANDRO|BENAVIDES|CASTRO|TI|1080064787|2015-06-01|1|2|3|9998|3|1||8|07|||8|65.0|152|||2||||||||||||52UZPE01152001T09MT04EBS001H021252UZPE01152001T09MT04EBS001H0212F0212|52UZPE01152001T09MT04EBS001H021252UZPE01152001T09MT04EBS001H0212F0212TI1080064787
3|923|RUT|NATALY|CHAPUES|ZUNIGA|CC|1085250960|1985-06-01|2|2|5|9510|3|1||7|07|||8|62.0|165|||2||||||||||||52UZPE01152001T08MT02EBS001H021052UZPE01152001T08MT02EBS001H0210F0210|52UZPE01152001T08MT02EBS001H021052UZPE01152001T08MT02EBS001H0210F0210CC1085250960
3|924|JOSE|IGNACIO|CHAPUES|ZUNIGA|CC|1004217536|2001-11-20|1|2|3|5169|3|2||7|07|||8|55.0|167|||2||||||||||||52UZPE01152001T08MT02EBS001H021052UZPE01152001T08MT02EBS001H0210F0210|52UZPE01152001T08MT02EBS001H021052UZPE01152001T08MT02EBS001H0210F0210CC1004217536
3|925|ANGEL|STEVEN|CHAPUES|ZUNIGA|TI|1081061421|2014-07-06|1|2|3|9998|3|1||8|07|||8|50.0|154|||2||||||||||||52UZPE01152001T08MT02EBS001H021052UZPE01152001T08MT02EBS001H0210F0210|52UZPE01152001T08MT02EBS001H021052UZPE01152001T08MT02EBS001H0210F0210TI1081061421
3|926|JESUS|ARMANDO|HERNANDEZ|CHAPUES|TI|1081055910|2007-12-24|1|2|3|9998|3|1||1|07|||8|52.0|164|||2||||||||||||52UZPE01152001T08MT02EBS001H021052UZPE01152001T08MT02EBS001H0210F0210|52UZPE01152001T08MT02EBS001H021052UZPE01152001T08MT02EBS001H0210F0210TI1081055910
3|927|MERI|DELCARMEN|CASTRO|GUERRERO|CC|30741904|1966-06-07|2|2|5|9622|3|1||7|07|||8|75.0|150|||2||||||||||||52UZPE01152001T09MT04EBS001H021352UZPE01152001T09MT04EBS001H0213F0213|52UZPE01152001T09MT04EBS001H021352UZPE01152001T09MT04EBS001H0213F0213CC30741904
3|928|CECILIA|DELCARMEN|NARVAEZ|NARVAEZ|CC|30707056|1949-11-30|2|2|6|9998|2|2||3|07|||8|55.0|150|||2||||||||||||52UZPE01152001T08MT02EBS001H021452UZPE01152001T08MT02EBS001H0214F0214|52UZPE01152001T08MT02EBS001H021452UZPE01152001T08MT02EBS001H0214F0214CC30707056
3|929|ESPERANZA|NO|ZUNIGA|REMIRES|CC|30718269|1961-04-07|2|2|5|9998|2|1||3|07|||8|78.0|149|||2||||||||||||52UZPE01152001T08MT02EBS001H021552UZPE01152001T08MT02EBS001H0215F0215|52UZPE01152001T08MT02EBS001H021552UZPE01152001T08MT02EBS001H0215F0215CC30718269
3|930|JOSE|IGNACIO|CHAPUES|QUIROS|CC|12964691|1953-08-27|1|2|2|5169|3|2||3|07|||8|54.0|168|||2||||||||||||52UZPE01152001T08MT02EBS001H021552UZPE01152001T08MT02EBS001H0215F0215|52UZPE01152001T08MT02EBS001H021552UZPE01152001T08MT02EBS001H0215F0215CC12964691
3|931|YAQUELINE|ANDREA|CASTRO|NOTIENE|CC|1085247321|1985-08-11|2|2|3|9622|3|1||7|07|||8|65.0|160|||2||||||||||||52UZPE01152001T09MT04EBS001H021652UZPE01152001T09MT04EBS001H0216F0216|52UZPE01152001T09MT04EBS001H021652UZPE01152001T09MT04EBS001H0216F0216CC1085247321
3|932|LICETH|CAROLINA|GUERRERO|RIASCOS|CC|1004509317|2003-06-19|2|2|6|9510|8|1||7|07|||8|58.0|157|||2||||||||||||52UZPE01152001T08MT02EBS001H021752UZPE01152001T08MT02EBS001H0217F0217|52UZPE01152001T08MT02EBS001H021752UZPE01152001T08MT02EBS001H0217F0217CC1004509317
3|933|MARIA|BETILA|GONZALES|PAZ|CC|30708663|1954-06-03|2|2|5|9998|2|2||3|07|||8|70.0|161|||2||||||||||||52UZPE01152001T08MT02EBS001H021852UZPE01152001T08MT02EBS001H0218F0218|52UZPE01152001T08MT02EBS001H021852UZPE01152001T08MT02EBS001H0218F0218CC30708663
3|934|SOILA|ROSA|PAZ|GONZALES|CC|27089241|1932-12-28|2|2|5|9998|2|2||3|07|||8|50.0|150|||2||||||||||||52UZPE01152001T08MT02EBS001H021852UZPE01152001T08MT02EBS001H0218F0218|52UZPE01152001T08MT02EBS001H021852UZPE01152001T08MT02EBS001H0218F0218CC27089241
3|935|WILIAM|HERNAN|GONZALES|PAZ|CC|12995543|1968-12-23|1|2|3|9622|3|1||7|07|||8|70.0|164|||2||||||||||||52UZPE01152001T08MT02EBS001H021852UZPE01152001T08MT02EBS001H0218F0218|52UZPE01152001T08MT02EBS001H021852UZPE01152001T08MT02EBS001H0218F0218CC12995543
3|936|BERTHA|LILIA|DAVILA|GUARANGUAY|CC|27231628|1962-07-17|2|2|5|9622|4|1||3|07|||8|58.0|150|||2||||||||||||52UZPE01152001T09MT04EBS001H021952UZPE01152001T09MT04EBS001H0219F0219|52UZPE01152001T09MT04EBS001H021952UZPE01152001T09MT04EBS001H0219F0219CC27231628
3|937|DORIS|DORIS|BENAVIDES|GUADIR|CC|59825460|1972-01-09|2|2|1|9510|3|1||7|07|||8|52.0|158|||2||||||||||||52UZPE01152001T08MT02EBS001H022052UZPE01152001T08MT02EBS001H0220F0220|52UZPE01152001T08MT02EBS001H022052UZPE01152001T08MT02EBS001H0220F0220CC59825460
3|938|PAOLA|PAOLA|CABRERA|BENAVIDES|CC|1004190428|2002-10-01|2|2|3|9998|4|1||7|07|||8|58.0|170|||2||||||||||||52UZPE01152001T08MT02EBS001H022052UZPE01152001T08MT02EBS001H0220F0220|52UZPE01152001T08MT02EBS001H022052UZPE01152001T08MT02EBS001H0220F0220CC1004190428
3|939|SILVANA|VANESA|CABRERA|BENVIDES|CC|1081276650|2007-02-03|2|2|3|9998|4|1||7|07|||8|63.0|162|||2||||||||||||52UZPE01152001T08MT02EBS001H022052UZPE01152001T08MT02EBS001H0220F0220|52UZPE01152001T08MT02EBS001H022052UZPE01152001T08MT02EBS001H0220F0220CC1081276650
3|940|DAVID|ALEJANDRO|GUARANGUAY|NOTIENE|CC|1080692948|2006-10-12|1|2|3|9998|13|1||7|07|||8|60.0|163|||2||||||||||||52UZPE01152001T09MT04EBS001H022252UZPE01152001T09MT04EBS001H0222F0222|52UZPE01152001T09MT04EBS001H022252UZPE01152001T09MT04EBS001H0222F0222CC1080692948
3|941|ROSA|ANGELICA|RODRIGUEZ|NOTIENE|PT|5703523|1985-09-05|2|2|5|9622|3|1||7|07|||8|90.0|160|||2||||||||||||52UZPE01152001T09MT04EBS001H022352UZPE01152001T09MT04EBS001H0223F0223|52UZPE01152001T09MT04EBS001H022352UZPE01152001T09MT04EBS001H0223F0223PT5703523
3|942|DARWIN|ALBERTO|CUAICAL|CHAVEZ|CC|1085324378|1995-10-29|2|2|3|9622|8|1||7|07|||8|75.0|175|||2||||||||||||52UZPE01152001T09MT04EBS001H022452UZPE01152001T09MT04EBS001H0224F0224|52UZPE01152001T09MT04EBS001H022452UZPE01152001T09MT04EBS001H0224F0224CC1085324378
3|943|MARIA|ESTELA|LAGOS|DELGADO|CC|27071496|1946-01-23|2|2|5|9998|2|1||3|07|||8|53.0|150|||2||||||||||||52UZPE01152001T08MT02EBS001H022552UZPE01152001T08MT02EBS001H0225F0225|52UZPE01152001T08MT02EBS001H022552UZPE01152001T08MT02EBS001H0225F0225CC27071496
3|944|CARLOS|ALFREDO|FAJARDO|VILLOTA|CC|12957691|1973-06-04|1|2|2|9998|3|2||4|07|||2|70.0|174|||2||||||||||||52UZPE01152001T09MT04EBS001H022652UZPE01152001T09MT04EBS001H0226F0226|52UZPE01152001T09MT04EBS001H022652UZPE01152001T09MT04EBS001H0226F0226CC12957691
3|945|ROSA|ISABEL|FUERTES|DEFAJARDO|CC|30716894|1954-04-14|2|2|2|9998|3|2||3|07|||8|70.0|155|||2||||||||||||52UZPE01152001T09MT04EBS001H022652UZPE01152001T09MT04EBS001H0226F0226|52UZPE01152001T09MT04EBS001H022652UZPE01152001T09MT04EBS001H0226F0226CC30716894
3|946|LILIANA|DELCARMEN|BENAVIDES|VALLEJO|CC|59815597|1966-10-11|2|2|1|9998|3|1||7|07|||8|61.0|153|||2||||||||||||52UZPE01152001T09MT04EBS001H022752UZPE01152001T09MT04EBS001H0227F0227|52UZPE01152001T09MT04EBS001H022752UZPE01152001T09MT04EBS001H0227F0227CC59815597
3|947|MAGDALENA|NOTIENE|ARIAS|LOPEZ|CC|34058112|1959-06-16|2|2|5|9622|9|2||3|07|||8|68.0|160|||2||||||||||||52UZPE01152001T09MT04EBS001H022852UZPE01152001T09MT04EBS001H0228F0228|52UZPE01152001T09MT04EBS001H022852UZPE01152001T09MT04EBS001H0228F0228CC34058112
3|948|ALEJANDRO|NOTIENE|DIAZ|ARIAS|CC|1018439073|1990-11-07|1|2|3|5169|3|2||7|07|||8|62.0|168|||2||||||||||||52UZPE01152001T09MT04EBS001H022852UZPE01152001T09MT04EBS001H0228F0228|52UZPE01152001T09MT04EBS001H022852UZPE01152001T09MT04EBS001H0228F0228CC1018439073
3|949|ALEJANDRO|NOTIENE|DIAZ|ARIAS|CC|1087549717|1990-11-07|1|2|3|9510|7|1||7|07|||8|67.0|178|||2||||||||||||52UZPE01152001T09MT04EBS001H022952UZPE01152001T09MT04EBS001H0229F0229|52UZPE01152001T09MT04EBS001H022952UZPE01152001T09MT04EBS001H0229F0229CC1087549717
3|950|JORGE|ENRIQUE|BENAVIDES|REALES|CC|98399798|1973-10-26|1|2|3|9510|2|1||7|07|||8|60.0|164|||2||||||||||||52UZPE01152001T08MT02EBS001H023052UZPE01152001T08MT02EBS001H0230F0230|52UZPE01152001T08MT02EBS001H023052UZPE01152001T08MT02EBS001H0230F0230CC98399798
3|951|JOSE|LUIS|PAZ|PAZ|CC|1192741269|2001-03-15|1|2|2|5169|3|2||7|07|||8|70.0|169|||2||||||||||||52UZPE01152001T09MT04EBS001H023152UZPE01152001T09MT04EBS001H0231F0231|52UZPE01152001T09MT04EBS001H023152UZPE01152001T09MT04EBS001H0231F0231CC1192741269
3|952|IAN|SAMUEL|PAZ|CORDOBA|RC|1080711380|2024-01-28|1|2|3|9998|3|2||8|07|||8|||||2||||||||||||52UZPE01152001T09MT04EBS001H023152UZPE01152001T09MT04EBS001H0231F0231|52UZPE01152001T09MT04EBS001H023152UZPE01152001T09MT04EBS001H0231F0231RC1080711380
3|953|TIFFANY|BRISETH|CORDOBA|JIMENEZ|CC|1004191400|2002-07-21|2|2|2|9998|3|2||7|07|||8|55.0|154|||2||||||||||||52UZPE01152001T09MT04EBS001H023152UZPE01152001T09MT04EBS001H0231F0231|52UZPE01152001T09MT04EBS001H023152UZPE01152001T09MT04EBS001H0231F0231CC1004191400
3|954|JUAN|CARLOS|MONTILLA|JOJOA|CC|18112804|1979-05-20|1|2|5|9510|2|1||7|07|||8|60.0|160|||2||||||||||||52UZPE01152001T09MT04EBS001H023252UZPE01152001T09MT04EBS001H0232F0232|52UZPE01152001T09MT04EBS001H023252UZPE01152001T09MT04EBS001H0232F0232CC18112804
3|955|CECILIA|SOCORRO|RAMOS|GENOY|CC|27285039|1965-02-09|2|2|5|9998|2|1||3|07|||8|50.0|149|||2||||||||||||52UZPE01152001T09MT04EBS001H023352UZPE01152001T09MT04EBS001H0233F0233|52UZPE01152001T09MT04EBS001H023352UZPE01152001T09MT04EBS001H0233F0233CC27285039
3|956|OSCAR|ALEJANDRO|CADENA|AREYANO|CC|98396394|1972-10-26|1|2|2|9510|3|1||7|07|||8|75.0|160|||2||||||||||||52UZPE01152001T09MT04EBS001H023452UZPE01152001T09MT04EBS001H0234F0234|52UZPE01152001T09MT04EBS001H023452UZPE01152001T09MT04EBS001H0234F0234CC98396394
3|957|GLORIA|ISABEL|ORDONEZ|FAJARDO|CC|30745464|1969-10-11|2|2|2|9510|3|1||7|07|||8|65.0|165|||2||||||||||||52UZPE01152001T09MT04EBS001H023452UZPE01152001T09MT04EBS001H0234F0234|52UZPE01152001T09MT04EBS001H023452UZPE01152001T09MT04EBS001H0234F0234CC30745464
3|958|SOCORRO|NELLY|PAZ|TIMANA|CC|30736333|1963-02-26|2|2|2|9998|3|2||3|07|||8|70.0|156|||2||||||||||||52UZPE01152001T09MT04EBS001H023552UZPE01152001T09MT04EBS001H0235F0235|52UZPE01152001T09MT04EBS001H023552UZPE01152001T09MT04EBS001H0235F0235CC30736333
3|959|LUIS|ANTONIO|URBINA|CHAVEZ|CC|12970413|1959-02-13|1|2|1|9622|3|2||3|07|||8|69.0|168|||2||||||||||||52UZPE01152001T09MT04EBS001H023552UZPE01152001T09MT04EBS001H0235F0235|52UZPE01152001T09MT04EBS001H023552UZPE01152001T09MT04EBS001H0235F0235CC12970413
3|960|MARINA|RODRIGUEZ|RODRIGUEZ|RODRIGUEZ|CC|27239617|1935-02-16|2|2|2|9998|13|1||3|07|||8|49.0|135|||2||||||||||||52UZPE01152001T08MT02EBS001H023652UZPE01152001T08MT02EBS001H0236F0236|52UZPE01152001T08MT02EBS001H023652UZPE01152001T08MT02EBS001H0236F0236CC27239617
3|961|CARLOS|EFRAIN|BURGOS|ROSERO|CC|5199270|1943-10-06|1|2|2|9998|2|1||3|07|||8|60.0|160|||2||||||||||||52UZPE01152001T08MT02EBS001H023652UZPE01152001T08MT02EBS001H0236F0236|52UZPE01152001T08MT02EBS001H023652UZPE01152001T08MT02EBS001H0236F0236CC5199270
3|962|OSCAR|ESTEBAN|CADENA|ORDONEZ|CC|1140214020|2006-05-09|1|2|3|9510|3|1||7|07|||8|62.0|170|||2||||||||||||52UZPE01152001T09MT04EBS001H023752UZPE01152001T09MT04EBS001H0237F0237|52UZPE01152001T09MT04EBS001H023752UZPE01152001T09MT04EBS001H0237F0237CC1140214020
3|963|NANCY|ESPERANZA|BURGOS|RODRIGUEZ|CC|59826592|1970-01-02|2|2|3|9998|2|1||4|07|||2|57.0|139|||2||||||||||||52UZPE01152001T08MT02EBS001H023852UZPE01152001T08MT02EBS001H0238F0238|52UZPE01152001T08MT02EBS001H023852UZPE01152001T08MT02EBS001H0238F0238CC59826592
3|964|ADRIANA|DELCARMEN|ROSALES|LAGOS|CC|1084847537|1994-08-03|2|2|5|9510|3|5||7|07|||8|67.0|167|||2||||||||||||52UZPE01152001T09MT04EBS001H023952UZPE01152001T09MT04EBS001H0239F0239|52UZPE01152001T09MT04EBS001H023952UZPE01152001T09MT04EBS001H0239F0239CC1084847537
3|965|OFELIA|OFELIA|CAICEDO|CAICEDO|CC|27075722|1948-11-23|2|2|2|9998|2|1||3|07|||8|65.0|150|||2||||||||||||52UZPE01152001T08MT02EBS001H024052UZPE01152001T08MT02EBS001H0240F0240|52UZPE01152001T08MT02EBS001H024052UZPE01152001T08MT02EBS001H0240F0240CC27075722
3|966|MARIO|MARIO|BURBANO|VILLOTA|CC|1798476|1935-08-28|1|2|2|9998|2|1||3|07|||8|75.0|162|||2||||||||||||52UZPE01152001T08MT02EBS001H024052UZPE01152001T08MT02EBS001H0240F0240|52UZPE01152001T08MT02EBS001H024052UZPE01152001T08MT02EBS001H0240F0240CC1798476
3|967|CELICA|AURA|RODRIGUEZ|TAPIA|CC|37083695|1962-02-15|2|2|5|9510|2|1||3|07|||8|55.0|150|||2||||||||||||52UZPE01152001T09MT04EBS001H024152UZPE01152001T09MT04EBS001H0241F0241|52UZPE01152001T09MT04EBS001H024152UZPE01152001T09MT04EBS001H0241F0241CC37083695
3|968|JOSE|FRANCISCO|MORALES|APRAEZ|CC|5192124|1939-08-23|1|2|6|9998|2|2||3|07|||8|89.0|163|||2||||||||||||52UZPE01152001T08MT02EBS001H024352UZPE01152001T08MT02EBS001H0243F0243|52UZPE01152001T08MT02EBS001H024352UZPE01152001T08MT02EBS001H0243F0243CC5192124
3|969|KETERINE|NO|ARAUJO|MORALES|CC|1085280299|1990-02-01|2|2|6|5169|9|2||7|07|||8|59.0|152|||2||||||||||||52UZPE01152001T08MT02EBS001H024352UZPE01152001T08MT02EBS001H0243F0243|52UZPE01152001T08MT02EBS001H024352UZPE01152001T08MT02EBS001H0243F0243CC1085280299
3|970|CARLOS|ALBERTO|PANTOJA|NO|CC|12984378|1965-11-11|1|2|2|9510|3|1||7|07|||8|65.0|173|||2||||||||||||52UZPE01152001T08MT02EBS001H024652UZPE01152001T08MT02EBS001H0246F0246|52UZPE01152001T08MT02EBS001H024652UZPE01152001T08MT02EBS001H0246F0246CC12984378
3|971|LUZDARI|NO|OBANDO|NO|CC|27388019|1972-11-13|2|2|2|9998|3|1||7|07|||8|69.0|157|||2||||||||||||52UZPE01152001T08MT02EBS001H024652UZPE01152001T08MT02EBS001H0246F0246|52UZPE01152001T08MT02EBS001H024652UZPE01152001T08MT02EBS001H0246F0246CC27388019
3|972|MARIA|TARJALIA|PANTOJA|NO|CC|384437850|1939-06-04|2|2|6|9998|2|1||3|07|||1|48.0|150|||2||||||||||||52UZPE01152001T08MT02EBS001H024652UZPE01152001T08MT02EBS001H0246F0246|52UZPE01152001T08MT02EBS001H024652UZPE01152001T08MT02EBS001H0246F0246CC384437850
3|973|EMILIANO|NO|CHAVEZ|YAZAN|RC|1080710993|2023-09-06|1|2|3|9998|3|1||8|07|||8|||||2||||||||||||52UZPE01152001T08MT02EBS001H025052UZPE01152001T08MT02EBS001H0250F0250|52UZPE01152001T08MT02EBS001H025052UZPE01152001T08MT02EBS001H0250F0250RC1080710993
3|974|ANGELA|KARINA|YAZAN|NOAPLICA|CC|1085320967|1995-02-28|2|2|2|9510|7|1||7|07|||8|90.0|169|||2||||||||||||52UZPE01152001T08MT02EBS001H025052UZPE01152001T08MT02EBS001H0250F0250|52UZPE01152001T08MT02EBS001H025052UZPE01152001T08MT02EBS001H0250F0250CC1085320967
3|975|LEONSO|MARINO|CHAVEZ|NA|CC|5250215|1951-05-28|1|2|5|9510|2|1||3|07|||8|16.8|170|||2||||||||||||52UZPE01152001T08MT02EBS001H025252UZPE01152001T08MT02EBS001H0252F0252|52UZPE01152001T08MT02EBS001H025252UZPE01152001T08MT02EBS001H0252F0252CC5250215
3|976|NELLY|ORFILA|RIVERA|ERAZO|CC|27201250|1958-04-06|1|2|5|9510|2|1||3|07|||8|73.0|153|||2||||||||||||52UZPE01152001T08MT02EBS001H025252UZPE01152001T08MT02EBS001H0252F0252|52UZPE01152001T08MT02EBS001H025252UZPE01152001T08MT02EBS001H0252F0252CC27201250
3|977|AMANDA|JANETH|MARTINEZ|LAGOS|CC|59821643|1973-07-11|2|2|3|9998|2|1||7|07|||8|65.0|152|||2||||||||||||52UZPE01152001T08MT02EBS001H025352UZPE01152001T08MT02EBS001H0253F0253|52UZPE01152001T08MT02EBS001H025352UZPE01152001T08MT02EBS001H0253F0253CC59821643
3|978|CARLOS|DAVID|TUPAZ|MARTINEZ|CC|1004508657|2002-05-27|1|2|3|9998|7|1||7|07|||8|70.0|175|||2||||||||||||52UZPE01152001T08MT02EBS001H025352UZPE01152001T08MT02EBS001H0253F0253|52UZPE01152001T08MT02EBS001H025352UZPE01152001T08MT02EBS001H0253F0253CC1004508657
3|979|CRISTIAN|ALEXIS|TUPAZ|MARTINEZ|CC|1004135681|2003-06-28|1|2|3|9998|3|1||7|07|||8|65.0|175|||2||||||||||||52UZPE01152001T08MT02EBS001H025352UZPE01152001T08MT02EBS001H0253F0253|52UZPE01152001T08MT02EBS001H025352UZPE01152001T08MT02EBS001H0253F0253CC1004135681
3|980|JHONNY|ANDRES|RIVAS|NOTIENE|CC|1087068339|1985-01-08|1|2|3|9622|7|1||7|07|||8|70.0|167|||2||||||||||||52UZPE01152001T09MT04EBS001H025452UZPE01152001T09MT04EBS001H0254F0254|52UZPE01152001T09MT04EBS001H025452UZPE01152001T09MT04EBS001H0254F0254CC1087068339
3|981|CARLOS|EDUARDO|GUZMAN|GONZALEZ|CC|4643811|1959-09-20|1|2|1|9998|3|5||3|07|||8|82.0|166|||2||||||||||||52UZPE01152001T09MT04EBS001H025552UZPE01152001T09MT04EBS001H0255F0255|52UZPE01152001T09MT04EBS001H025552UZPE01152001T09MT04EBS001H0255F0255CC4643811
3|982|LUZ|MILA|PINO|CERTUCHE|CC|25394332|1956-01-04|2|2|2|9998|2|5||3|07|||8|59.0|147|||2||||||||||||52UZPE01152001T09MT04EBS001H025552UZPE01152001T09MT04EBS001H0255F0255|52UZPE01152001T09MT04EBS001H025552UZPE01152001T09MT04EBS001H0255F0255CC25394332
3|983|ROSA|ELINA|AGUIRRE|NAVARRETE|CC|30739941|1968-05-29|2|2|5|9998|3|2||7|07|||8|75.0|168|||2||||||||||||52UZPE01152001T09MT04EBS001H025652UZPE01152001T09MT04EBS001H0256F0256|52UZPE01152001T09MT04EBS001H025652UZPE01152001T09MT04EBS001H0256F0256CC30739941
3|984|CRUZ|DELROSARIO|VILLOTA|NOAPLICA|CC|30715739|1957-12-26|2|2|5|9998|2|5||3|07|||8|65.0|150|||2||||||||||||52UZPE01152001T08MT02EBS001H027052UZPE01152001T08MT02EBS001H0270F0270|52UZPE01152001T08MT02EBS001H027052UZPE01152001T08MT02EBS001H0270F0270CC30715739
3|985|LIBARDO|ARMANDO|LASSO|HUERFANO|CC|12962117|1955-07-27|1|2|5|9622|2|2||3|07|||8|60.0|160|||2||||||||||||52UZPE01152001T08MT02EBS001H027052UZPE01152001T08MT02EBS001H0270F0270|52UZPE01152001T08MT02EBS001H027052UZPE01152001T08MT02EBS001H0270F0270CC12962117
3|986|JOSE|FERNANDO|BURBANO|ALAVA|CC|1193035799|2000-08-25|1|2|3|9998|3|1||7|07|||8|75.0|172|||2||||||||||||52UZPE01152001T08MT02EBS001H027152UZPE01152001T08MT02EBS001H0271F0271|52UZPE01152001T08MT02EBS001H027152UZPE01152001T08MT02EBS001H0271F0271CC1193035799
3|987|ESPERANZA|NOAPLICA|ALAVA|VILLOTA|CC|36950868|1979-05-06|2|2|5|5169|3|2||7|07|||8|76.0|170|||2||||||||||||52UZPE01152001T08MT02EBS001H027152UZPE01152001T08MT02EBS001H0271F0271|52UZPE01152001T08MT02EBS001H027152UZPE01152001T08MT02EBS001H0271F0271CC36950868
3|988|OSCAR|NO|VELAZQUEZ|NOAPLICA|CC|12992471|1968-05-13|1|2|2|5169|3|1||7|07|||8|80.0|176|||2||||||||||||52UZPE01152001T08MT02EBS001H027352UZPE01152001T08MT02EBS001H0273F0273|52UZPE01152001T08MT02EBS001H027352UZPE01152001T08MT02EBS001H0273F0273CC12992471
3|989|BERNARDA|GUADALUPE|ORTEGA|TRUJILLO|CC|30738404|1967-05-11|2|2|2|9510|13|1||7|07|||8|56.0|160|||2||||||||||||52UZPE01152001T08MT02EBS001H027352UZPE01152001T08MT02EBS001H0273F0273|52UZPE01152001T08MT02EBS001H027352UZPE01152001T08MT02EBS001H0273F0273CC30738404
3|990|JAIRO|NOAPLICA|CABRERA|NOAPLICA|CC|98379070|1971-12-24|1|2|2|9622|3|1||7|07|||8|90.0|170|||2||||||||||||52UZPE01152001T08MT02EBS001H027452UZPE01152001T08MT02EBS001H0274F0274|52UZPE01152001T08MT02EBS001H027452UZPE01152001T08MT02EBS001H0274F0274CC98379070
3|991|CRISTINA|NOAPLICA|DELGADO|NOAPLICA|CC|307400626|1968-11-25|2|2|2|9622|3|1||7|07|||8|58.0|160|||2||||||||||||52UZPE01152001T08MT02EBS001H027452UZPE01152001T08MT02EBS001H0274F0274|52UZPE01152001T08MT02EBS001H027452UZPE01152001T08MT02EBS001H0274F0274CC307400626
3|992|AURA|CECILIA|VALLEJO|GUERRERO|CC|30730463|1965-01-12|2|2|3|9998|3|2||3|07|||8|80.0|159|||2||||||||||||52UZPE01152001T08MT02EBS001H027552UZPE01152001T08MT02EBS001H0275F0275|52UZPE01152001T08MT02EBS001H027552UZPE01152001T08MT02EBS001H0275F0275CC30730463
3|993|LUZ|MARIA|GUERRERO|ROSERO|CC|27162232|1929-03-19|2|2|5|9998|2|1||3|07|||8|47.0|148|||2||||||||||||52UZPE01152001T08MT02EBS001H027552UZPE01152001T08MT02EBS001H0275F0275|52UZPE01152001T08MT02EBS001H027552UZPE01152001T08MT02EBS001H0275F0275CC27162232
3|994|LIDIA|DELCARMEN|CHATEZ|NOTIENE|CC|30728747|1959-08-16|2|2|5|9998|2|1||3|07|||8|54.0|147|||2||||||||||||52UZPE01152001T09MT04EBS001H027852UZPE01152001T09MT04EBS001H0278F0278|52UZPE01152001T09MT04EBS001H027852UZPE01152001T09MT04EBS001H0278F0278CC30728747
3|995|TERESA|DEJESUS|CANCIMANSI|PAZ|CC|27079732|1949-04-27|2|2|5|9998|2|1||3|07|||8|59.0|145|||2||||||||||||52UZPE01152001T09MT04EBS001H027952UZPE01152001T09MT04EBS001H0279F0279|52UZPE01152001T09MT04EBS001H027952UZPE01152001T09MT04EBS001H0279F0279CC27079732
3|996|ALI|JAVIER|CABEZAS|QUINTERO|CC|1087117956|1986-12-09|1|2|1|9622|5|1||7|05|||8|84.0|180|||2||||||||||||52UZPE01152001T08MT02EBS001H028052UZPE01152001T08MT02EBS001H0280F0280|52UZPE01152001T08MT02EBS001H028052UZPE01152001T08MT02EBS001H0280F0280CC1087117956
3|997|MELINA|XIOMARA|VALENCIA|PLAZA|CC|1087109229|1993-03-27|2|2|5|9998|3|1||7|05|||8|10.2|163|||2||||||||||||52UZPE01152001T08MT02EBS001H028052UZPE01152001T08MT02EBS001H0280F0280|52UZPE01152001T08MT02EBS001H028052UZPE01152001T08MT02EBS001H0280F0280CC1087109229
3|998|HILARY|CAMILA|CABEZAS|VALENCIA|TI|1087132039|2008-05-25|2|2|3|9998|3|1||1|05|||8|67.0|166|||2||||||||||||52UZPE01152001T08MT02EBS001H028052UZPE01152001T08MT02EBS001H0280F0280|52UZPE01152001T08MT02EBS001H028052UZPE01152001T08MT02EBS001H0280F0280TI1087132039
3|999|ANYELY|LIZETH|CABEZAS|VALENCIA|TI|1081281747|2011-04-30|2|2|3|9998|3|1||1|05|||8|57.0|159|||2||||||||||||52UZPE01152001T08MT02EBS001H028052UZPE01152001T08MT02EBS001H0280F0280|52UZPE01152001T08MT02EBS001H028052UZPE01152001T08MT02EBS001H0280F0280TI1081281747
3|1000|NANCY|DELSOCORRO|PINCHAO|MAIGUAL|TI|30742467|1968-12-08|2|2|5|9998|3|1||7|07|||8|68.0|140|||2||||||||||||52UZPE01152001T08MT02EBS001H028152UZPE01152001T08MT02EBS001H0281F0281|52UZPE01152001T08MT02EBS001H028152UZPE01152001T08MT02EBS001H0281F0281TI30742467
3|1001|OMAR|NA|GONZALES|CABRERA|CC|27072108|1962-12-20|1|2|1|5169|3|2||3|07|||8|70.0|170|||2||||||||||||52UZPE01152001T08MT02EBS001H028252UZPE01152001T08MT02EBS001H0282F0282|52UZPE01152001T08MT02EBS001H028252UZPE01152001T08MT02EBS001H0282F0282CC27072108
3|1002|AURA|ELENA|MARTINEZ|MUNOZ|CC|30724306|1960-06-20|2|2|5|9998|3|1||3|07|||8|60.0|155|||2||||||||||||52UZPE01152001T08MT02EBS001H028252UZPE01152001T08MT02EBS001H0282F0282|52UZPE01152001T08MT02EBS001H028252UZPE01152001T08MT02EBS001H0282F0282CC30724306
3|1003|JUAN|ESTEBAN|GONZALES|GUERRERO|TI|1081286702|2017-11-15|1|2|3|9998|3|2||8|07|||8|23.0|120|||2||||||||||||52UZPE01152001T08MT02EBS001H028352UZPE01152001T08MT02EBS001H0283F0283|52UZPE01152001T08MT02EBS001H028352UZPE01152001T08MT02EBS001H0283F0283TI1081286702
3|1004|ESTEBAN|NA|GONZALES|MARTINEZ|CC|108528492|1990-09-15|1|2|3|9622|7|2||7|07|||8|70.0|170|||2||||||||||||52UZPE01152001T08MT02EBS001H028352UZPE01152001T08MT02EBS001H0283F0283|52UZPE01152001T08MT02EBS001H028352UZPE01152001T08MT02EBS001H0283F0283CC108528492
3|1005|KAREN|NATHALY|OSEJO|ARGOTY|CC|1085899762|1986-09-01|2|2|1|5169|9|2||7|07|||8|70.0|165|||2||||||||||||52UZPE01152001T09MT04EBS001H028452UZPE01152001T09MT04EBS001H0284F0284|52UZPE01152001T09MT04EBS001H028452UZPE01152001T09MT04EBS001H0284F0284CC1085899762
3|1006|SAMUEL|DAVID|DURAN|OSEJO|TI|1080062395|2013-08-28|1|2|3|9998|3|2||8|07|||8|39.0|142|||2||||||||||||52UZPE01152001T09MT04EBS001H028452UZPE01152001T09MT04EBS001H0284F0284|52UZPE01152001T09MT04EBS001H028452UZPE01152001T09MT04EBS001H0284F0284TI1080062395
3|1007|NOA|ABIGAIL|DURAN|OSEJO|RC|1080072489|2021-12-25|2|2|3|9998|3|2||8|07|||8|||||2||||||||||||52UZPE01152001T09MT04EBS001H028452UZPE01152001T09MT04EBS001H0284F0284|52UZPE01152001T09MT04EBS001H028452UZPE01152001T09MT04EBS001H0284F0284RC1080072489
3|1008|ANGELA|MARIA|ROSERO|GUERRERO|CC|1004191336|2002-06-21|2|2|3|9998|9|2||7|07|||8|50.0|168|||2||||||||||||52UZPE01152001T08MT02EBS001H028552UZPE01152001T08MT02EBS001H0285F0285|52UZPE01152001T08MT02EBS001H028552UZPE01152001T08MT02EBS001H0285F0285CC1004191336
3|1009|MELBA|ILIA|CERON|YELA|CC|27277677|1975-07-24|2|2|5|9998|3|2||7|07|||8|60.0|150|||2||||||||||||52UZPE01152001T08MT02EBS001H028652UZPE01152001T08MT02EBS001H0286F0286|52UZPE01152001T08MT02EBS001H028652UZPE01152001T08MT02EBS001H0286F0286CC27277677
3|1010|EDGAR|ROBERTO|FIGUEROA|NO|CC|98417472|1978-03-30|1|2|5|5169|3|2||7|07|||8|70.0|168|||2||||||||||||52UZPE01152001T08MT02EBS001H028652UZPE01152001T08MT02EBS001H0286F0286|52UZPE01152001T08MT02EBS001H028652UZPE01152001T08MT02EBS001H0286F0286CC98417472
3|1011|JULIETH|DANIELA|FIGUERO|CERON|CC|1080042771|2004-12-22|2|2|3|9998|9|1||7|07|||8|64.0|162|||2||||||||||||52UZPE01152001T08MT02EBS001H028652UZPE01152001T08MT02EBS001H0286F0286|52UZPE01152001T08MT02EBS001H028652UZPE01152001T08MT02EBS001H0286F0286CC1080042771
3|1012|CLAUDIA|NELLY|PORTILLA|ROSERO|CC|59829594|1977-07-31|2|2|5|9998|3|1||7|07|||8|81.0|177|||2||||||||||||52UZPE01152001T08MT02EBS001H028752UZPE01152001T08MT02EBS001H0287F0287|52UZPE01152001T08MT02EBS001H028752UZPE01152001T08MT02EBS001H0287F0287CC59829594
3|1013|MARIA|TERESA|VILLACIS|DIAS|CC|52146430|1974-01-15|2|2|5|5169|3|2||7|07|||8|68.0|160|||2||||||||||||52UZPE01152001T08MT02EBS001H028852UZPE01152001T08MT02EBS001H0288F0288|52UZPE01152001T08MT02EBS001H028852UZPE01152001T08MT02EBS001H0288F0288CC52146430
3|1014|ROSA|MARTA|TOBAR|ROSERO|CC|27219478|1961-03-24|2|2|2|9998|4|2||3|07|||8|55.0|152|||2||||||||||||52UZPE01152001T08MT02EBS001H028952UZPE01152001T08MT02EBS001H0289F0289|52UZPE01152001T08MT02EBS001H028952UZPE01152001T08MT02EBS001H0289F0289CC27219478
3|1015|RODRIGO|RODRIGO|BURBANO|LOPEZ|CC|12962430|1955-01-21|1|2|1|9998|3|2||3|07|||8|69.0|164|||2||||||||||||52UZPE01152001T08MT02EBS001H028952UZPE01152001T08MT02EBS001H0289F0289|52UZPE01152001T08MT02EBS001H028952UZPE01152001T08MT02EBS001H0289F0289CC12962430
3|1016|YORLADY|YORLADY|BURBANO|TOBAR|CC|1087259083|1987-06-05|1|2|3|5169|9|2||7|07|||8|57.0|158|||2||||||||||||52UZPE01152001T08MT02EBS001H029252UZPE01152001T08MT02EBS001H0292F0292|52UZPE01152001T08MT02EBS001H029252UZPE01152001T08MT02EBS001H0292F0292CC1087259083
3|1017|MARIA|JOEL|MUNOZ|MUNOZ|CC|27076108|1943-09-01|2|2|5|9998|2|2||3|07|||8|43.0|150|||2||||||||||||52UZPE01152001T08MT02EBS001H029352UZPE01152001T08MT02EBS001H0293F0293|52UZPE01152001T08MT02EBS001H029352UZPE01152001T08MT02EBS001H0293F0293CC27076108
3|1018|JAIRO|NOAPLICA|CORDOBA|MUNOZ|CC|12991694|1968-01-27|1|2|3|9510|2|1||6|07|||8|70.0|173|||2||||||||||||52UZPE01152001T08MT02EBS001H029652UZPE01152001T08MT02EBS001H0296F0296|52UZPE01152001T08MT02EBS001H029652UZPE01152001T08MT02EBS001H0296F0296CC12991694
3|1019|LEONOR|NOAPLICA|MUNOZ|DECORDOBA|CC|27067069|1938-08-22|2|2|5|9998|2|2||3|07|||8|41.0|142|||2||||||||||||52UZPE01152001T08MT02EBS001H029652UZPE01152001T08MT02EBS001H0296F0296|52UZPE01152001T08MT02EBS001H029652UZPE01152001T08MT02EBS001H0296F0296CC27067069
3|1020|LIDA|NO|CORDOBA|MUNOZ|CC|30731934|1962-02-04|2|2|3|9998|2|1||3|07|||8|55.0|63|||2||||||||||||52UZPE01152001T08MT02EBS001H029652UZPE01152001T08MT02EBS001H0296F0296|52UZPE01152001T08MT02EBS001H029652UZPE01152001T08MT02EBS001H0296F0296CC30731934
3|1021|MARTHA|CECILIA|SALAS|NOAPLICA|CC|27068021|1941-07-10|2|2|2|9998|2|2||3|07|||8|52.0|162|||2||||||||||||52UZPE01152001T08MT02EBS001H029752UZPE01152001T08MT02EBS001H0297F0297|52UZPE01152001T08MT02EBS001H029752UZPE01152001T08MT02EBS001H0297F0297CC27068021
3|1022|HECTOR|HUGO|BOTINA|SUAREZ|CC|5198553|1942-12-26|1|2|5|9622|2|2||3|07|||8|81.0|165|||2||||||||||||52UZPE01152001T08MT02EBS001H029752UZPE01152001T08MT02EBS001H0297F0297|52UZPE01152001T08MT02EBS001H029752UZPE01152001T08MT02EBS001H0297F0297CC5198553
3|1023|OLGA|MARIA|VILLOTA|SARRIA|CC|27074663|1946-08-20|2|2|5|9998|2|2||3|07|||8|45.0|146|||2||||||||||||52UZPE01152001T08MT02EBS001H029852UZPE01152001T08MT02EBS001H0298F0298|52UZPE01152001T08MT02EBS001H029852UZPE01152001T08MT02EBS001H0298F0298CC27074663
3|1024|RUTH|YANETH|MUNOZ|MALPUD|CC|37010615|1973-10-05|2|2|3|9510|9|2||7|07|||8|69.0|160|||2||||||||||||52UZPE01152001T08MT02EBS001H029952UZPE01152001T08MT02EBS001H0299F0299|52UZPE01152001T08MT02EBS001H029952UZPE01152001T08MT02EBS001H0299F0299CC37010615
3|1025|YOJANA|CATHERINE|MUNOZ|CADENA|CC|1086418104|2003-12-11|2|2|6|9998|3|1||7|07|||8|60.0|167|||2||||||||||||52UZPE01152001T08MT02EBS001H030052UZPE01152001T08MT02EBS001H0300F0300|52UZPE01152001T08MT02EBS001H030052UZPE01152001T08MT02EBS001H0300F0300CC1086418104
3|1026|ESTEFANI|QUENGUAN|MUNOZ|QUENGUAN|CC|1085912704|2007-03-16|2|2|6|9998|3|1||7|07|||8|63.0|168|||2||||||||||||52UZPE01152001T08MT02EBS001H030152UZPE01152001T08MT02EBS001H0301F0301|52UZPE01152001T08MT02EBS001H030152UZPE01152001T08MT02EBS001H0301F0301CC1085912704
3|1027|EDITA|NOTIENE|CASTILLO|NOTIENE|PT|6505225|2008-06-28|1|2|3|9998|3|1||1|07|||8|70.0|180|||2||||||||||||52UZPE01152001T09MT04EBS001H030252UZPE01152001T09MT04EBS001H0302F0302|52UZPE01152001T09MT04EBS001H030252UZPE01152001T09MT04EBS001H0302F0302PT6505225
3|1028|EDITA|NOTIENE|CASTILLO|NOTIENE|CC|650068|1974-01-02|2|2|5|9622|2|1||7|07|||8|70.0|161|||2||||||||||||52UZPE01152001T09MT04EBS001H030252UZPE01152001T09MT04EBS001H0302F0302|52UZPE01152001T09MT04EBS001H030252UZPE01152001T09MT04EBS001H0302F0302CC650068
3|1029|EDWIN|ALFONSO|MARTINEZ|OJEDA|CC|12995637|1969-06-11|1|2|3|9510|2|1||7|07|||8|70.0|165|||2||||||||||||52UZPE01152001T09MT04EBS001H030552UZPE01152001T09MT04EBS001H0305F0305|52UZPE01152001T09MT04EBS001H030552UZPE01152001T09MT04EBS001H0305F0305CC12995637
3|1030|LUIS|FELIPE|ESTRADA|ERAZO|CC|14930723|1946-02-06|1|2|5|9510|2|1||3|07|||8|60.0|158|||2||||||||||||52UZPE01152001T09MT04EBS001H030652UZPE01152001T09MT04EBS001H0306F0306|52UZPE01152001T09MT04EBS001H030652UZPE01152001T09MT04EBS001H0306F0306CC14930723
3|1031|MANUELA|ELISABETH|JOJOA|REVELO|TI|1080057508|2010-07-17|2|2|3|9998|3|1||1|07|||8|50.0|158|||2||||||||||||52UZPE01152001T09MT04EBS001H030752UZPE01152001T09MT04EBS001H0307F0307|52UZPE01152001T09MT04EBS001H030752UZPE01152001T09MT04EBS001H0307F0307TI1080057508
3|1032|ROSA|ODILIA|REVELO|CHAMORRO|CC|41119021|1981-12-28|2|2|1|9998|2|1||7|07|||8|75.0|149|||2||||||||||||52UZPE01152001T09MT04EBS001H030752UZPE01152001T09MT04EBS001H0307F0307|52UZPE01152001T09MT04EBS001H030752UZPE01152001T09MT04EBS001H0307F0307CC41119021
3|1033|CAROL|SOFIA|MIRAMA|REVELO|CC|1080043552|2005-02-14|2|2|3|9622|3|1||7|07|||8|60.0|159|||2||||||||||||52UZPE01152001T09MT04EBS001H030752UZPE01152001T09MT04EBS001H0307F0307|52UZPE01152001T09MT04EBS001H030752UZPE01152001T09MT04EBS001H0307F0307CC1080043552
3|1034|JOSE|NA|PEPINOSA|CORTEZ|CC|13001170|1944-04-03|1|2|1|9998|2|1||3|07|||8|65.0|165|||2||||||||||||52UZPE01152001T09MT04EBS001H030852UZPE01152001T09MT04EBS001H0308F0308|52UZPE01152001T09MT04EBS001H030852UZPE01152001T09MT04EBS001H0308F0308CC13001170
3|1035|MIRIAM|AMPARO|MARTINEZ|MUNOZ|CC|30746764|1968-10-24|2|2|5|9998|4|1||7|07|||8|54.0|156|||2||||||||||||52UZPE01152001T08MT02EBS001H030952UZPE01152001T08MT02EBS001H0309F0309|52UZPE01152001T08MT02EBS001H030952UZPE01152001T08MT02EBS001H0309F0309CC30746764
3|1036|MARIA|CAMILA|GUERRERO|MARTINEZ|CC|1081274847|2005-05-11|2|2|3|9998|4|1||7|07|||8|60.0|166|||2||||||||||||52UZPE01152001T08MT02EBS001H030952UZPE01152001T08MT02EBS001H0309F0309|52UZPE01152001T08MT02EBS001H030952UZPE01152001T08MT02EBS001H0309F0309CC1081274847
3|1037|OIGA|DELSOCORRO|RONDON|ARGOTY|CC|30702376|1952-11-06|2|2|2|9998|4|2||3|07|||8|98.0|158|||2||||||||||||52UZPE01152001T08MT02EBS001H031052UZPE01152001T08MT02EBS001H0310F0310|52UZPE01152001T08MT02EBS001H031052UZPE01152001T08MT02EBS001H0310F0310CC30702376
3|1038|JAIME|ANTONIO|BOLANOS|NARVAEZ|CC|17165929|1946-10-05|1|2|2|9998|5|2||3|07|||8|79.0|160|||2||||||||||||52UZPE01152001T08MT02EBS001H031052UZPE01152001T08MT02EBS001H0310F0310|52UZPE01152001T08MT02EBS001H031052UZPE01152001T08MT02EBS001H0310F0310CC17165929
3|1039|JUAN|JOSE|PALACIOS|VELASQUEZ|RC|1080709606|2022-02-18|1|2|3|9998|3|1||8|07|||8|||||2||||||||||||52UZPE01152001T08MT02EBS001H031152UZPE01152001T08MT02EBS001H0311F0311|52UZPE01152001T08MT02EBS001H031152UZPE01152001T08MT02EBS001H0311F0311RC1080709606
3|1040|LUNA|VANESA|PALACIOS|VELASQUEZ|TI|1085376833|2011-08-04|2|2|3|9998|3|1||1|07|||8|48.0|156|||2||||||||||||52UZPE01152001T08MT02EBS001H031152UZPE01152001T08MT02EBS001H0311F0311|52UZPE01152001T08MT02EBS001H031152UZPE01152001T08MT02EBS001H0311F0311TI1085376833
3|1041|LADY|LEONELA|VELASQUEZ|ORTEGA|CC|1085272328|1989-02-03|2|2|5|9998|9|1||7|07|||8|67.0|158|||2||||||||||||52UZPE01152001T08MT02EBS001H031152UZPE01152001T08MT02EBS001H0311F0311|52UZPE01152001T08MT02EBS001H031152UZPE01152001T08MT02EBS001H0311F0311CC1085272328
3|1042|ROBERT|EDIMER|PALACIOS|CUARAN|CC|87061974|1983-07-29|1|2|1|9622|9|1||7|07|||8|78.0|168|||2||||||||||||52UZPE01152001T08MT02EBS001H031152UZPE01152001T08MT02EBS001H0311F0311|52UZPE01152001T08MT02EBS001H031152UZPE01152001T08MT02EBS001H0311F0311CC87061974
3|1043|ANA|PATRICIA|OLAVE|PAZ|CC|30741823|1968-09-25|2|2|6|9998|5|1||7|07|||8|68.0|155|||2||||||||||||52UZPE01152001T08MT02EBS001H031252UZPE01152001T08MT02EBS001H0312F0312|52UZPE01152001T08MT02EBS001H031252UZPE01152001T08MT02EBS001H0312F0312CC30741823
3|1044|JOSE|ALIRIO|BENAVIDES|MELO|TI|108006478|2015-08-08|1|2|3|9998|3|1||8|07|||8|42.0|145|||2||||||||||||52UZPE01152001T08MT02EBS001H031352UZPE01152001T08MT02EBS001H0313F0313|52UZPE01152001T08MT02EBS001H031352UZPE01152001T08MT02EBS001H0313F0313TI108006478
3|1045|YULIANA|FERNANDA|BENAVIDES|MELO|CC|1004136395|2003-08-07|2|2|3|9998|4|1||7|07|||8|58.0|159|||2||||||||||||52UZPE01152001T08MT02EBS001H031352UZPE01152001T08MT02EBS001H0313F0313|52UZPE01152001T08MT02EBS001H031352UZPE01152001T08MT02EBS001H0313F0313CC1004136395
3|1046|GLORIA|ELISA|MELO|ROJAS|CC|37084049|1984-09-06|2|2|2|9998|4|1||7|07|||8|60.0|159|||2||||||||||||52UZPE01152001T08MT02EBS001H031352UZPE01152001T08MT02EBS001H0313F0313|52UZPE01152001T08MT02EBS001H031352UZPE01152001T08MT02EBS001H0313F0313CC37084049
3|1047|JOSE|ALIRIO|BENAVIDES|VALLEJO|CC|98397958|1976-09-11|1|2|1|5169|4|2||7|07|||8|70.0|170|||2||||||||||||52UZPE01152001T08MT02EBS001H031352UZPE01152001T08MT02EBS001H0313F0313|52UZPE01152001T08MT02EBS001H031352UZPE01152001T08MT02EBS001H0313F0313CC98397958
3|1048|NEIRA|MERCEDES|ZAMBRANO|FIGUEROA|CC|30716558|1958-08-29|2|2|5|9998|2|1||3|07|||8|80.0|161|||2||||||||||||52UZPE01152001T08MT02EBS001H031452UZPE01152001T08MT02EBS001H0314F0314|52UZPE01152001T08MT02EBS001H031452UZPE01152001T08MT02EBS001H0314F0314CC30716558
3|1049|JOSE|ALEXANDER|BENAVIDES|MELO|CC|1193240339|2001-11-28|1|2|3|5169|4|2||7|07|||8|86.0|175|||2||||||||||||52UZPE01152001T08MT02EBS001H031552UZPE01152001T08MT02EBS001H0315F0315|52UZPE01152001T08MT02EBS001H031552UZPE01152001T08MT02EBS001H0315F0315CC1193240339
3|1050|AMPARO|DELSOCORRO|ARTEAGA|ARTEAGA|CC|30737447|1966-07-16|2|2|5|9510|3|2||7|07|||8|55.0|150|||2||||||||||||52UZPE01152001T09MT04EBS001H031652UZPE01152001T09MT04EBS001H0316F0316|52UZPE01152001T09MT04EBS001H031652UZPE01152001T09MT04EBS001H0316F0316CC30737447
3|1051|ELIZABETH|ELIZABETH|MELO|ROJAS|CC|1122339008|1986-08-08|2|2|5|9510|7|2||7|07|||8|53.0|155|||2||||||||||||52UZPE01152001T08MT02EBS001H031752UZPE01152001T08MT02EBS001H0317F0317|52UZPE01152001T08MT02EBS001H031752UZPE01152001T08MT02EBS001H0317F0317CC1122339008
3|1052|LUISA|MARIA|VILLA|MELO|TI|1124868089|2018-03-04|2|2|3|9998|3|2||8|07|||8|26.0|120|||2||||||||||||52UZPE01152001T08MT02EBS001H031752UZPE01152001T08MT02EBS001H0317F0317|52UZPE01152001T08MT02EBS001H031752UZPE01152001T08MT02EBS001H0317F0317TI1124868089
3|1053|SARA|CAMILA|VILLA|MELO|TI|1030081971|2013-05-18|2|2|3|9998|3|2||1|07|||8|43.0|150|||2||||||||||||52UZPE01152001T08MT02EBS001H031752UZPE01152001T08MT02EBS001H0317F0317|52UZPE01152001T08MT02EBS001H031752UZPE01152001T08MT02EBS001H0317F0317TI1030081971
3|1054|VALERI|SOFIA|DELACRUZ|CABRERA|RC|1030004049|2024-06-21|2|2|3|9998|3|2||8|07|||8|||||2||||||||||||52UZPE01152001T09MT04EBS001H031852UZPE01152001T09MT04EBS001H0318F0318|52UZPE01152001T09MT04EBS001H031852UZPE01152001T09MT04EBS001H0318F0318RC1030004049
3|1055|JENNY|MARCELA|CABRERA|SALCEDO|CC|1004199212|2005-02-05|2|2|5|9622|3|2||7|07|||8|67.0|162|||2||||||||||||52UZPE01152001T09MT04EBS001H031852UZPE01152001T09MT04EBS001H0318F0318|52UZPE01152001T09MT04EBS001H031852UZPE01152001T09MT04EBS001H0318F0318CC1004199212
3|1056|LILIA|DELSOCORRO|JOJOA|GUALGUAN|CC|59822094|1972-12-08|2|2|1|9998|3|2||7|07|||8|65.0|159|||2||||||||||||52UZPE01152001T09MT04EBS001H032052UZPE01152001T09MT04EBS001H0320F0320|52UZPE01152001T09MT04EBS001H032052UZPE01152001T09MT04EBS001H0320F0320CC59822094
3|1057|FLOR|ALBA|MORALES|DELGADO|CC|30743382|1957-04-30|2|2|5|9998|2|2||3|07|||8|68.0|150|||2||||||||||||52UZPE01152001T08MT02EBS001H031952UZPE01152001T08MT02EBS001H0319F0319|52UZPE01152001T08MT02EBS001H031952UZPE01152001T08MT02EBS001H0319F0319CC30743382
3|1058|JORGE|ISMAEL|VALLEJO|NOAPLICA|CC|12962469|1953-05-29|1|2|2|9622|7|2||3|07|||8|65.0|165|||2||||||||||||52UZPE01152001T08MT02EBS001H031952UZPE01152001T08MT02EBS001H0319F0319|52UZPE01152001T08MT02EBS001H031952UZPE01152001T08MT02EBS001H0319F0319CC12962469
3|1059|JORGE|ANDRES|VALLEJO|MORALES|CC|1004189616|1990-03-04|1|2|3|9999|9|1||7|07|||8|78.0|180|||2||||||||||||52UZPE01152001T08MT02EBS001H031952UZPE01152001T08MT02EBS001H0319F0319|52UZPE01152001T08MT02EBS001H031952UZPE01152001T08MT02EBS001H0319F0319CC1004189616
3|1060|JUAN|DAVID|VALLEJO|MORALES|CC|1085291880|1991-10-06|1|2|3|9999|9|1||7|07|||8|68.0|165|||2||||||||||||52UZPE01152001T08MT02EBS001H031952UZPE01152001T08MT02EBS001H0319F0319|52UZPE01152001T08MT02EBS001H031952UZPE01152001T08MT02EBS001H0319F0319CC1085291880
3|1061|CENEIDA|PIEDAD|JURADO|MELO|CC|59825722|1973-10-28|2|2|5|9510|3|1||7|07|||8|50.0|146|||2||||||||||||52UZPE01152001T09MT04EBS001H032352UZPE01152001T09MT04EBS001H0323F0323|52UZPE01152001T09MT04EBS001H032352UZPE01152001T09MT04EBS001H0323F0323CC59825722
3|1062|DIRLEY|KATERIN|CERON|JURADO|CC|1085315780|1994-10-05|2|2|3|9510|6|1||7|07|||8|52.0|155|||2||||||||||||52UZPE01152001T09MT04EBS001H032352UZPE01152001T09MT04EBS001H0323F0323|52UZPE01152001T09MT04EBS001H032352UZPE01152001T09MT04EBS001H0323F0323CC1085315780
3|1063|ANGELA|MARIA|CERON|JURADO|CC|1081055004|2006-11-08|2|2|3|9998|3|1||7|07|||8|70.0|150|||2||||||||||||52UZPE01152001T09MT04EBS001H032352UZPE01152001T09MT04EBS001H0323F0323|52UZPE01152001T09MT04EBS001H032352UZPE01152001T09MT04EBS001H0323F0323CC1081055004
3|1064|SILVANIA|YANET|OLAVE|PAZ|CC|59818060|1970-07-08|2|2|6|9622|7|2||4|07|||3|48.0|150|||2||||||||||||52UZPE01152001T08MT02EBS001H032552UZPE01152001T08MT02EBS001H0325F0325|52UZPE01152001T08MT02EBS001H032552UZPE01152001T08MT02EBS001H0325F0325CC59818060
3|1065|KAREN|MARILIN|COLMENARES|ZAMBRANO|CC|37085654|1983-10-28|2|2|5|9998|3|1||7|07|||8|68.0|165|||2||||||||||||52UZPE01152001T08MT02EBS001H032652UZPE01152001T08MT02EBS001H0326F0326|52UZPE01152001T08MT02EBS001H032652UZPE01152001T08MT02EBS001H0326F0326CC37085654
3|1066|IHAN|DANIEL|RIASCOS|COLMENARES|TI|1080065056|2015-09-25|1|2|3|9998|3|1||8|07|||8|41.0|148|||2||||||||||||52UZPE01152001T08MT02EBS001H032652UZPE01152001T08MT02EBS001H0326F0326|52UZPE01152001T08MT02EBS001H032652UZPE01152001T08MT02EBS001H0326F0326TI1080065056
3|1067|ISABELLA|NOTIENE|NARVAEZ|CALDERON|TI|1059244492|2011-10-27|2|2|3|9998|3|2||1|07|||8|52.0|153|||2||||||||||||52UZPE01152001T09MT04EBS001H032752UZPE01152001T09MT04EBS001H0327F0327|52UZPE01152001T09MT04EBS001H032752UZPE01152001T09MT04EBS001H0327F0327TI1059244492
3|1068|LILIANA|DELROSARIO|CALDERON|BRAVO|CC|37010079|1973-11-10|2|2|2|9998|9|2||7|07|||8|80.0|160|||2||||||||||||52UZPE01152001T09MT04EBS001H032752UZPE01152001T09MT04EBS001H0327F0327|52UZPE01152001T09MT04EBS001H032752UZPE01152001T09MT04EBS001H0327F0327CC37010079
3|1069|LAURA|VANESSA|NARVAEZ|CALDERON|TI|1029621650|2014-05-08|2|2|3|9998|3|2||8|07|||8|52.0|152|||2||||||||||||52UZPE01152001T09MT04EBS001H032752UZPE01152001T09MT04EBS001H0327F0327|52UZPE01152001T09MT04EBS001H032752UZPE01152001T09MT04EBS001H0327F0327TI1029621650
3|1070|JULIO|CESAR|NARVAEZ|CEBALLOS|CC|13016590|1967-05-11|1|2|1|5169|5|2||7|07|||8|70.0|163|||2||||||||||||52UZPE01152001T09MT04EBS001H032752UZPE01152001T09MT04EBS001H0327F0327|52UZPE01152001T09MT04EBS001H032752UZPE01152001T09MT04EBS001H0327F0327CC13016590
3|1071|MARIA|LIGIA|BENAVIDES|GUERRERO|CC|30722636|1962-06-23|2|2|5|9998|3|1||3|07|||8|84.0|155|||2||||||||||||52UZPE01152001T09MT04EBS001H032852UZPE01152001T09MT04EBS001H0328F0328|52UZPE01152001T09MT04EBS001H032852UZPE01152001T09MT04EBS001H0328F0328CC30722636
3|1072|EUDOCIA|DELTRANSITO|LASSO|AGUILAR|CC|30714780|1960-07-31|2|2|5|9998|3|2||3|07|||8|76.0|155|||2||||||||||||52UZPE01152001T08MT02EBS001H032952UZPE01152001T08MT02EBS001H0329F0329|52UZPE01152001T08MT02EBS001H032952UZPE01152001T08MT02EBS001H0329F0329CC30714780
3|1073|FRANCI|DELSOCORRO|PALACIOS|MASIAS|CC|27081770|1977-08-24|2|2|2|9998|3|1||7|07|||8|90.0|160|||2||||||||||||52UZPE01152001T09MT04EBS001H033052UZPE01152001T09MT04EBS001H0330F0330|52UZPE01152001T09MT04EBS001H033052UZPE01152001T09MT04EBS001H0330F0330CC27081770
3|1074|WILLIAM|ALFONSO|CASTRO|CRIOLLO|CC|87074046|1977-03-19|1|2|1|5169|3|2||7|07|||8|79.0|183|||2||||||||||||52UZPE01152001T09MT04EBS001H033052UZPE01152001T09MT04EBS001H0330F0330|52UZPE01152001T09MT04EBS001H033052UZPE01152001T09MT04EBS001H0330F0330CC87074046
3|1075|MIRIAN|ANDREA|CABRERA|LASSO|CC|37086700|1985-05-19|2|2|5|5169|7|2||7|07|||8|80.0|160|||2||||||||||||52UZPE01152001T08MT02EBS001H033152UZPE01152001T08MT02EBS001H0331F0331|52UZPE01152001T08MT02EBS001H033152UZPE01152001T08MT02EBS001H0331F0331CC37086700
3|1076|CARLOS|EDUARDO|CABRERA|LASSO|CC|1138525205|2007-01-25|1|2|3|9998|3|2||7|07|||8|68.0|173|||2||||||||||||52UZPE01152001T08MT02EBS001H033152UZPE01152001T08MT02EBS001H0331F0331|52UZPE01152001T08MT02EBS001H033152UZPE01152001T08MT02EBS001H0331F0331CC1138525205
3|1077|JORGE|ELIECER|GUANCHA|URRESTA|CC|12958492|1952-05-15|1|2|5|9510|2|1||3|07|||2|59.0|163|||2||||||||||||52UZPE01152001T08MT02EBS001H033252UZPE01152001T08MT02EBS001H0332F0332|52UZPE01152001T08MT02EBS001H033252UZPE01152001T08MT02EBS001H0332F0332CC12958492
3|1078|JOSE|FABIAN|PAZ|CASTRO|CC|12999735|1969-05-17|1|2|3|9510|2|5||7|07|||8|70.0|170|||2||||||||||||52UZPE01152001T08MT02EBS001H033352UZPE01152001T08MT02EBS001H0333F0333|52UZPE01152001T08MT02EBS001H033352UZPE01152001T08MT02EBS001H0333F0333CC12999735
3|1079|DOLORES|ALICIA|CASTRO|ACUSTAR|CC|30708946|1943-05-10|2|2|5|9998|2|1||3|07|||8|51.0|142|||2||||||||||||52UZPE01152001T08MT02EBS001H033352UZPE01152001T08MT02EBS001H0333F0333|52UZPE01152001T08MT02EBS001H033352UZPE01152001T08MT02EBS001H0333F0333CC30708946
3|1080|CARLOS|CIRO|BOLANOS|PORTILLA|CC|12964901|1956-02-25|1|2|1|9998|3|5||3|07|||1|80.0|172|||2||||||||||||52UZPE01152001T09MT04EBS001H033452UZPE01152001T09MT04EBS001H0334F0334|52UZPE01152001T09MT04EBS001H033452UZPE01152001T09MT04EBS001H0334F0334CC12964901
3|1081|FANNY|NOTIENE|RAMIREZ|CASTRO|CC|30718251|1954-05-21|2|2|2|9998|2|5||3|07|||2|78.0|160|||2||||||||||||52UZPE01152001T09MT04EBS001H033452UZPE01152001T09MT04EBS001H0334F0334|52UZPE01152001T09MT04EBS001H033452UZPE01152001T09MT04EBS001H0334F0334CC30718251
3|1082|MARINA|NOAPLICA|VALLEJO|NOAPLICA|CC|27223476|1936-06-12|2|2|6|9998|2|1||3|07|||8|35.0|150|||2||||||||||||52UZPE01152001T08MT02EBS001H033552UZPE01152001T08MT02EBS001H0335F0335|52UZPE01152001T08MT02EBS001H033552UZPE01152001T08MT02EBS001H0335F0335CC27223476
3|1083|ROSA|CRISTINA|ANGANOY|BUESAQUILLO|CC|59835880|1977-02-16|2|2|5|9510|3|2||7|07|||8|62.0|150|||2||||||||||||52UZPE01152001T09MT04EBS001H033652UZPE01152001T09MT04EBS001H0336F0336|52UZPE01152001T09MT04EBS001H033652UZPE01152001T09MT04EBS001H0336F0336CC59835880
3|1084|SOFIA|VALENTINA|NARVAEZ|ANGANOY|CC|1004136480|2003-04-14|2|2|3|9998|7|2||7|07|||8|60.0|168|||2||||||||||||52UZPE01152001T09MT04EBS001H033652UZPE01152001T09MT04EBS001H0336F0336|52UZPE01152001T09MT04EBS001H033652UZPE01152001T09MT04EBS001H0336F0336CC1004136480
3|1085|JAIR|FERNANDO|CASTRO|ASCUNTAR|CC|1080041609|1985-06-21|1|2|3|9998|2|1||7|07|||8|60.0|165|||2||||||||||||52UZPE01152001T08MT02EBS001H033752UZPE01152001T08MT02EBS001H0337F0337|52UZPE01152001T08MT02EBS001H033752UZPE01152001T08MT02EBS001H0337F0337CC1080041609
3|1086|MIRIAN|NO|CATRO|ASCUNTAR|CC|1085251444|1963-08-17|2|2|5|9998|2|1||3|07|||8|54.0|145|||2||||||||||||52UZPE01152001T08MT02EBS001H033752UZPE01152001T08MT02EBS001H0337F0337|52UZPE01152001T08MT02EBS001H033752UZPE01152001T08MT02EBS001H0337F0337CC1085251444
3|1087|OSCAR|JHOAN|NARVAEZ|ANGANOY|CC|1004133630|2000-06-08|1|2|3|9998|7|1||7|07|||8|70.0|176|||2||||||||||||52UZPE01152001T09MT04EBS001H033852UZPE01152001T09MT04EBS001H0338F0338|52UZPE01152001T09MT04EBS001H033852UZPE01152001T09MT04EBS001H0338F0338CC1004133630
3|1088|SARHA|ISABEL|BENAVIDES|CASTRO|RC|1081286956|2018-04-25|2|2|3|9998|3|1||8|07|||8|20.0|117|||2||||||||||||52UZPE01152001T08MT02EBS001H033952UZPE01152001T08MT02EBS001H0339F0339|52UZPE01152001T08MT02EBS001H033952UZPE01152001T08MT02EBS001H0339F0339RC1081286956
3|1089|YESITH|STEVEN|OSORIO|BENAVIDES|TI|1080056296|2010-01-15|1|2|3|9998|3|1||1|07|||8|58.0|163|||2||||||||||||52UZPE01152001T08MT02EBS001H033952UZPE01152001T08MT02EBS001H0339F0339|52UZPE01152001T08MT02EBS001H033952UZPE01152001T08MT02EBS001H0339F0339TI1080056296
3|1090|SANDRA|MILENA|BENAVIDES|CASTRO|CC|37085854|1985-03-10|2|2|5|5169|3|2||7|07|||8|65.0|155|||2||||||||||||52UZPE01152001T08MT02EBS001H033952UZPE01152001T08MT02EBS001H0339F0339|52UZPE01152001T08MT02EBS001H033952UZPE01152001T08MT02EBS001H0339F0339CC37085854
3|1091|DORIS|MIREYA|ROSERO|MUNOZ|CC|30731152|1963-10-30|2|2|1|9998|2|1||3|07|||8|50.0|153|||2||||||||||||52UZPE01152001T09MT04EBS001H034052UZPE01152001T09MT04EBS001H0340F0340|52UZPE01152001T09MT04EBS001H034052UZPE01152001T09MT04EBS001H0340F0340CC30731152
3|1092|LUIS|ARMANDO|PAZ|BRAVO|CC|12976587|1962-01-25|1|2|2|9510|2|1||3|07|||8|75.0|179|||2||||||||||||52UZPE01152001T09MT04EBS001H034052UZPE01152001T09MT04EBS001H0340F0340|52UZPE01152001T09MT04EBS001H034052UZPE01152001T09MT04EBS001H0340F0340CC12976587
3|1093|CESAR|HUMBERTO|ERAZO|PORTILLA|CC|12993187|1966-08-06|1|2|3|9998|3|1||7|07|||8|52.0|155|||2||||||||||||52UZPE01152001T08MT02EBS001H034152UZPE01152001T08MT02EBS001H0341F0341|52UZPE01152001T08MT02EBS001H034152UZPE01152001T08MT02EBS001H0341F0341CC12993187
3|1094|PEDRO|VICENTE|ERAZO|NO|CC|1800629|1935-06-03|1|2|5|9998|2|1||3|07|||8|62.0|165|||2||||||||||||52UZPE01152001T08MT02EBS001H034152UZPE01152001T08MT02EBS001H0341F0341|52UZPE01152001T08MT02EBS001H034152UZPE01152001T08MT02EBS001H0341F0341CC1800629
3|1095|JANETH|DELCARMEN|JURADO|MELO|CC|59837522|1975-11-26|2|2|4|9998|3|1||7|07|||8|42.0|155|||2||||||||||||52UZPE01152001T09MT04EBS001H032452UZPE01152001T09MT04EBS001H0324F0324|52UZPE01152001T09MT04EBS001H032452UZPE01152001T09MT04EBS001H0324F0324CC59837522
3|1096|LUIS|ALFREDO|AYALA|NA|CC|13009601|1960-02-13|1|2|1|9998|3|1||3|07|||8|93.0|163|||2||||||||||||52UZPE01152001T09MT04EBS001H034252UZPE01152001T09MT04EBS001H0342F0342|52UZPE01152001T09MT04EBS001H034252UZPE01152001T09MT04EBS001H0342F0342CC13009601
3|1097|GLORIA|ANGELA|REBELO|BOLANOS|CC|30718814|1954-10-17|2|2|5|9998|2|1||3|07|||8|55.0|155|||2||||||||||||52UZPE01152001T08MT02EBS001H034352UZPE01152001T08MT02EBS001H0343F0343|52UZPE01152001T08MT02EBS001H034352UZPE01152001T08MT02EBS001H0343F0343CC30718814
3|1098|SANTIAGO|ALEJANDRO|GUARIN|RODRIGUES|CC|180049695|2007-07-07|1|2|3|9998|3|1||7|07|||8|77.0|183|||2||||||||||||52UZPE01152001T08MT02EBS001H034352UZPE01152001T08MT02EBS001H0343F0343|52UZPE01152001T08MT02EBS001H034352UZPE01152001T08MT02EBS001H0343F0343CC180049695
3|1099|DANI|BLADIMIR|BURBANO|MORA|CC|1086359276|1987-06-20|1|2|2|9510|3|1||7|07|||8|74.0|170|||2||||||||||||52UZPE01152001T09MT04EBS001H034452UZPE01152001T09MT04EBS001H0344F0344|52UZPE01152001T09MT04EBS001H034452UZPE01152001T09MT04EBS001H0344F0344CC1086359276
3|1100|LEIDY|JOHANNA|PARRA|RAMOS|CC|1089458781|1989-05-29|2|2|2|9510|3|1||7|07|||8|75.0|150|||2||||||||||||52UZPE01152001T09MT04EBS001H034452UZPE01152001T09MT04EBS001H0344F0344|52UZPE01152001T09MT04EBS001H034452UZPE01152001T09MT04EBS001H0344F0344CC1089458781
3|1101|JOHAN|DAVID|BURBANO|PARRA|RC|10853350975|2024-08-20|1|2|3|9998|3|1||8|07|||8|||||2||||||||||||52UZPE01152001T09MT04EBS001H034452UZPE01152001T09MT04EBS001H0344F0344|52UZPE01152001T09MT04EBS001H034452UZPE01152001T09MT04EBS001H0344F0344RC10853350975
3|1102|HEIDI|JAZMIN|BURBANO|PARRA|TI|1030001243|2013-06-13|2|2|3|9998|3|1||1|07|||8|38.0|143|||2||||||||||||52UZPE01152001T09MT04EBS001H034452UZPE01152001T09MT04EBS001H0344F0344|52UZPE01152001T09MT04EBS001H034452UZPE01152001T09MT04EBS001H0344F0344TI1030001243
3|1103|MARIA|CAMILA|BOTINA|MARTINEZ|CC|1004508296|2002-02-15|2|2|3|9999|3|2||7|07|||8|75.0|176|||2||||||||||||52UZPE01152001T08MT02EBS001H034552UZPE01152001T08MT02EBS001H0345F0345|52UZPE01152001T08MT02EBS001H034552UZPE01152001T08MT02EBS001H0345F0345CC1004508296
3|1104|LAURA|ISABELA|BOTINA|MARTINEZ|TI|1140264272|2007-04-13|2|2|3|9998|7|2||7|07|||8|70.0|165|||2||||||||||||52UZPE01152001T08MT02EBS001H034552UZPE01152001T08MT02EBS001H0345F0345|52UZPE01152001T08MT02EBS001H034552UZPE01152001T08MT02EBS001H0345F0345TI1140264272
3|1105|DENIS|CARMENZA|MARTINEZ|MUNOZ|CC|59825791|1972-12-05|2|2|5|5169|5|2||7|07|||8|63.0|165|||2||||||||||||52UZPE01152001T08MT02EBS001H034552UZPE01152001T08MT02EBS001H0345F0345|52UZPE01152001T08MT02EBS001H034552UZPE01152001T08MT02EBS001H0345F0345CC59825791
3|1106|MIRIAM|DELCARMEN|DAZA|VITERI|CC|30730667|1967-01-24|2|2|5|9510|3|1||7|07|||8|78.0|150|||2||||||||||||52UZPE01152001T09MT04EBS001H034652UZPE01152001T09MT04EBS001H0346F0346|52UZPE01152001T09MT04EBS001H034652UZPE01152001T09MT04EBS001H0346F0346CC30730667
3|1107|JOSE|SAMUEL|BENITEZ|DAZA|TI|103000685|2010-03-10|1|2|3|9998|3|1||1|07|||8|41.0|172|||2||||||||||||52UZPE01152001T09MT04EBS001H034652UZPE01152001T09MT04EBS001H0346F0346|52UZPE01152001T09MT04EBS001H034652UZPE01152001T09MT04EBS001H0346F0346TI103000685
3|1108|MANUELA|NOTIENE|CORAL|ARTEAGA|TI|1080695312|2010-01-10|2|2|3|9998|3|1||1|07|||8|45.0|150|||2||||||||||||52UZPE01152001T09MT04EBS001H034852UZPE01152001T09MT04EBS001H0348F0348|52UZPE01152001T09MT04EBS001H034852UZPE01152001T09MT04EBS001H0348F0348TI1080695312
3|1109|JOVANA|NOTIENE|ARTEAGA|LOPEZ|CC|36952721|1980-12-09|2|2|5|9622|7|1||7|07|||8|57.0|150|||2||||||||||||52UZPE01152001T09MT04EBS001H034852UZPE01152001T09MT04EBS001H0348F0348|52UZPE01152001T09MT04EBS001H034852UZPE01152001T09MT04EBS001H0348F0348CC36952721
3|1110|PIEDAD|DELSOCORRO|DAZA|VITERI|CC|30741305|1968-09-27|2|2|5|9510|3|1||7|07|||8|75.0|150|||2||||||||||||52UZPE01152001T09MT04EBS001H034752UZPE01152001T09MT04EBS001H0347F0347|52UZPE01152001T09MT04EBS001H034752UZPE01152001T09MT04EBS001H0347F0347CC30741305
3|1111|ARLEY|FERMIN|DELACRUZ|ORDONEZ|CC|1086550720|1996-11-09|1|2|3|9622|3|1||7|07|||8|93.0|185|||2||||||||||||52UZPE01152001T09MT04EBS001H035052UZPE01152001T09MT04EBS001H0350F0350|52UZPE01152001T09MT04EBS001H035052UZPE01152001T09MT04EBS001H0350F0350CC1086550720
3|1112|DIANA|PATRICIA|CEBALLOS|VARGAS|CC|30733231|1961-06-20|2|2|5|5169|3|2||3|07|||8|54.0|154|||2||||||||||||52UZPE01152001T09MT04EBS001H035152UZPE01152001T09MT04EBS001H0351F0351|52UZPE01152001T09MT04EBS001H035152UZPE01152001T09MT04EBS001H0351F0351CC30733231
3|1113|ALBARO|NA|YARPAZ|ERAZO|CC|98138123|1979-02-21|1|2|2|9510|3|1||7|07|||8|64.0|162|||2||||||||||||52UZPE01152001T09MT04EBS001H035252UZPE01152001T09MT04EBS001H0352F0352|52UZPE01152001T09MT04EBS001H035252UZPE01152001T09MT04EBS001H0352F0352CC98138123
3|1114|TATIANA|ESTEFANIA|YARPAZ|PULSARA|CC|104624431|2000-02-25|2|2|3|5169|7|2||7|07|||8|50.0|150|||2||||||||||||52UZPE01152001T09MT04EBS001H035252UZPE01152001T09MT04EBS001H0352F0352|52UZPE01152001T09MT04EBS001H035252UZPE01152001T09MT04EBS001H0352F0352CC104624431
3|1115|GLORIA|MARLENY|PULSARA|VELASQUEZ|CC|59652242|1982-05-01|2|2|2|9510|3|2||7|07|||8|60.0|147|||2||||||||||||52UZPE01152001T09MT04EBS001H035252UZPE01152001T09MT04EBS001H0352F0352|52UZPE01152001T09MT04EBS001H035252UZPE01152001T09MT04EBS001H0352F0352CC59652242
3|1116|LUIZA|FERNANDA|YARPAZ|PULSARA|CC|1087408841|2005-11-25|2|2|3|9998|7|2||7|07|||8|62.0|160|||2||||||||||||52UZPE01152001T09MT04EBS001H035252UZPE01152001T09MT04EBS001H0352F0352|52UZPE01152001T09MT04EBS001H035252UZPE01152001T09MT04EBS001H0352F0352CC1087408841
3|1117|JOHAN|SEBASTIAN|GAVILANES|RAMOS|CC|1085329714|1994-11-10|1|2|3|9998|3|1||7|07|||8|58.0|160|||2||||||||||||52UZPE01152001T09MT04EBS001H035352UZPE01152001T09MT04EBS001H0353F0353|52UZPE01152001T09MT04EBS001H035352UZPE01152001T09MT04EBS001H0353F0353CC1085329714
3|1118|ANA|MIRIAM|RAMOS|PACHAJOA|CC|30741885|1965-09-25|2|2|5|9998|2|1||7|07|||8|53.0|147|||2||||||||||||52UZPE01152001T09MT04EBS001H035352UZPE01152001T09MT04EBS001H0353F0353|52UZPE01152001T09MT04EBS001H035352UZPE01152001T09MT04EBS001H0353F0353CC30741885
3|1119|DAYRON|ALEXANDER|ROMERO|BENAVIDES|CC|87066070|1985-05-06|1|2|3|9510|7|5||7|07|||8|60.0|165|||2||||||||||||52UZPE01152001T09MT04EBS001H035552UZPE01152001T09MT04EBS001H0355F0355|52UZPE01152001T09MT04EBS001H035552UZPE01152001T09MT04EBS001H0355F0355CC87066070
3|1120|MAURA|NOTIENE|BENAVIDES|NOTIENE|CC|27455264|1955-11-03|2|2|5|9622|2|2||3|07|||8|60.0|160|||2||||||||||||52UZPE01152001T09MT04EBS001H035552UZPE01152001T09MT04EBS001H0355F0355|52UZPE01152001T09MT04EBS001H035552UZPE01152001T09MT04EBS001H0355F0355CC27455264
3|1121|BLANCA|GLADIS|NARVAEZ|DEPEDROSA|CC|30711463|1955-12-17|2|2|5|9622|3|5||3|07|||8|65.0|150|||2||||||||||||52UZPE01152001T08MT02EBS001H035452UZPE01152001T08MT02EBS001H0354F0354|52UZPE01152001T08MT02EBS001H035452UZPE01152001T08MT02EBS001H0354F0354CC30711463
3|1122|DARWIN|ERNESTO|PEDROSA|NARVAEZ|CC|12517752|1982-07-12|1|2|3|9999|7|1||7|07|||8|70.0|165|||2||||||||||||52UZPE01152001T08MT02EBS001H035452UZPE01152001T08MT02EBS001H0354F0354|52UZPE01152001T08MT02EBS001H035452UZPE01152001T08MT02EBS001H0354F0354CC12517752
3|1123|LUIS|ERNESTO|PEDROSA|CORTES|CC|10531764|1959-05-07|1|2|5|5169|3|5||3|07|||8|75.0|180|||2||||||||||||52UZPE01152001T08MT02EBS001H035452UZPE01152001T08MT02EBS001H0354F0354|52UZPE01152001T08MT02EBS001H035452UZPE01152001T08MT02EBS001H0354F0354CC10531764
3|1124|NATHALY|ALEJANDRA|ORDONEZ|DELGADO|CC|1085332501|1996-11-13|2|2|3|9998|7|1||7|07|||8|54.0|160|||2||||||||||||52UZPE01152001T09MT04EBS001H035652UZPE01152001T09MT04EBS001H0356F0356|52UZPE01152001T09MT04EBS001H035652UZPE01152001T09MT04EBS001H0356F0356CC1085332501
3|1125|ANGELA|GLORIA|DELGADO|CABRERA|CC|30710930|1957-01-20|2|2|5|9998|3|1||3|07|||8|76.0|160|||2||||||||||||52UZPE01152001T09MT04EBS001H035652UZPE01152001T09MT04EBS001H0356F0356|52UZPE01152001T09MT04EBS001H035652UZPE01152001T09MT04EBS001H0356F0356CC30710930
3|1126|CRISTIAN|CAMILO|MAFLA|JIMENEZ|CC|1085254655|1986-09-03|1|2|3|9622|3|1||7|07|||8|65.0|160|||2||||||||||||52UZPE01152001T09MT04EBS001H035752UZPE01152001T09MT04EBS001H0357F0357|52UZPE01152001T09MT04EBS001H035752UZPE01152001T09MT04EBS001H0357F0357CC1085254655
3|1127|GELTRUDIS|EMPERATRIZ|ROJAS|CHAMORRO|CC|27164381|1936-11-14|2|2|5|9998|2|2||3|07|||8|42.0|145|||2||||||||||||52UZPE01152001T09MT04EBS001H035852UZPE01152001T09MT04EBS001H0358F0358|52UZPE01152001T09MT04EBS001H035852UZPE01152001T09MT04EBS001H0358F0358CC27164381
3|1128|ELIZABETH|NOTIENE|BUCHELI|ROJAS|CC|30746043|1970-01-10|2|2|3|9622|4|2||7|07|||8|57.0|155|||2||||||||||||52UZPE01152001T09MT04EBS001H035852UZPE01152001T09MT04EBS001H0358F0358|52UZPE01152001T09MT04EBS001H035852UZPE01152001T09MT04EBS001H0358F0358CC30746043
3|1129|FLOR|NOAPLICA|SARASTY|NOAPLICA|CC|30711833|1958-09-18|2|2|5|9999|13|1||3|07|||8|79.0|161|||2||||||||||||52UZPE01152001T08MT02EBS001H035952UZPE01152001T08MT02EBS001H0359F0359|52UZPE01152001T08MT02EBS001H035952UZPE01152001T08MT02EBS001H0359F0359CC30711833
3|1130|LIGIA|DELCARMEN|SALAS|CEBALLOS|CC|30717624|1960-09-10|2|2|5|9998|3|1||3|07|||8|59.0|150|||2||||||||||||52UZPE01152001T09MT04EBS001H036052UZPE01152001T09MT04EBS001H0360F0360|52UZPE01152001T09MT04EBS001H036052UZPE01152001T09MT04EBS001H0360F0360CC30717624
3|1131|CARLOS|GERARDO|DELGADO|DELCASTILLO|CC|12969612|1960-02-15|1|2|5|9622|9|2||3|07|||8|63.0|172|||2||||||||||||52UZPE01152001T09MT04EBS001H036152UZPE01152001T09MT04EBS001H0361F0361|52UZPE01152001T09MT04EBS001H036152UZPE01152001T09MT04EBS001H0361F0361CC12969612
3|1132|MARGARITA|YOVANNY|ORTEGA|HERNANDEZ|CC|36933290|1973-11-14|2|2|5|9998|3|1||7|07|||8|50.0|155|||2||||||||||||52UZPE01152001T09MT04EBS001H036252UZPE01152001T09MT04EBS001H0362F0362|52UZPE01152001T09MT04EBS001H036252UZPE01152001T09MT04EBS001H0362F0362CC36933290
3|1133|SAMUEL|FELIPE|RAMIREZ|ORTEGA|TI|1060388321|2010-04-17|1|2|3|9998|3|1||1|07|||8|50.0|155|||2||||||||||||52UZPE01152001T09MT04EBS001H036252UZPE01152001T09MT04EBS001H0362F0362|52UZPE01152001T09MT04EBS001H036252UZPE01152001T09MT04EBS001H0362F0362TI1060388321
3|1134|MARLENY|DELSOCORRO|CAIZA|ASTAIZA|CC|27279039|1971-06-01|2|2|2|9998|2|5||7|07|||8|68.0|160|||2||||||||||||52UZPE01152001T09MT04EBS001H036352UZPE01152001T09MT04EBS001H0363F0363|52UZPE01152001T09MT04EBS001H036352UZPE01152001T09MT04EBS001H0363F0363CC27279039
3|1135|LUISA|MARIA|BOTINA|TEZ|TI|1080059698|2011-09-15|2|2|6|9998|3|1||1|07|||8|54.0|157|||2||||||||||||52UZPE01152001T09MT04EBS001H036352UZPE01152001T09MT04EBS001H0363F0363|52UZPE01152001T09MT04EBS001H036352UZPE01152001T09MT04EBS001H0363F0363TI1080059698
3|1136|HERNANDO|NOTIENE|TEZ|MENESES|CC|12971461|1959-08-29|1|2|1|9622|3|5||3|07|||8|66.0|160|||2||||||||||||52UZPE01152001T09MT04EBS001H036352UZPE01152001T09MT04EBS001H0363F0363|52UZPE01152001T09MT04EBS001H036352UZPE01152001T09MT04EBS001H0363F0363CC12971461
3|1137|ANNY|NOTIENE|TEZ|CAIZA|CC|1085325823|1996-01-02|2|2|3|5169|9|1||7|07|||8|60.0|165|||2||||||||||||52UZPE01152001T09MT04EBS001H036452UZPE01152001T09MT04EBS001H0364F0364|52UZPE01152001T09MT04EBS001H036452UZPE01152001T09MT04EBS001H0364F0364CC1085325823
3|1138|MARIA|JOSE|BENITES|ARCOS|TI|1080064278|2015-03-05|2|2|3|9998|3|2||8|07|||8|36.0|130|||2||||||||||||52UZPE01152001T08MT02EBS001H036552UZPE01152001T08MT02EBS001H0365F0365|52UZPE01152001T08MT02EBS001H036552UZPE01152001T08MT02EBS001H0365F0365TI1080064278
3|1139|HECTOR|FERNANDO|BENITES|CHANFUELAN|CC|87491490|1968-03-05|1|2|5|5169|7|2||7|07|||8|95.0|174|||2||||||||||||52UZPE01152001T08MT02EBS001H036552UZPE01152001T08MT02EBS001H0365F0365|52UZPE01152001T08MT02EBS001H036552UZPE01152001T08MT02EBS001H0365F0365CC87491490
3|1140|SILVIA|FRANCIA|ARCOS|NOAPLICA|CC|59176928|1978-09-11|2|2|5|5169|9|2||7|07|||8|74.0|157|||2||||||||||||52UZPE01152001T08MT02EBS001H036552UZPE01152001T08MT02EBS001H0365F0365|52UZPE01152001T08MT02EBS001H036552UZPE01152001T08MT02EBS001H0365F0365CC59176928
3|1141|DANIEL|ALEJANDRO|BENITES|ARCOS|TI|1081286070|2016-11-03|1|2|3|9998|3|2||8|07|||8|32.0|130|||2||||||||||||52UZPE01152001T08MT02EBS001H036552UZPE01152001T08MT02EBS001H0365F0365|52UZPE01152001T08MT02EBS001H036552UZPE01152001T08MT02EBS001H0365F0365TI1081286070
3|1142|LILIANAMARIBEL|DELCARMEN|ERAZO|ORTIZ|CC|30730209|1962-07-21|2|2|5|9999|3|2||3|07|||8|80.0|158|||2||||||||||||52UZPE01152001T08MT02EBS001H036652UZPE01152001T08MT02EBS001H0366F0366|52UZPE01152001T08MT02EBS001H036652UZPE01152001T08MT02EBS001H0366F0366CC30730209
3|1143|LUIS|NOAPLICA|ARTEAGA|NOAPLICA|CC|12968405|1955-04-08|1|2|5|9510|3|2||3|07|||8|80.0|180|||2||||||||||||52UZPE01152001T08MT02EBS001H036652UZPE01152001T08MT02EBS001H0366F0366|52UZPE01152001T08MT02EBS001H036652UZPE01152001T08MT02EBS001H0366F0366CC12968405
3|1144|LUIS|FELIPE|ARTEAGA|ERAZO|CC|1085325238|1995-10-11|1|2|5|9622|3|1||7|07|||8|90.0|176|||2||||||||||||52UZPE01152001T08MT02EBS001H036752UZPE01152001T08MT02EBS001H0367F0367|52UZPE01152001T08MT02EBS001H036752UZPE01152001T08MT02EBS001H0367F0367CC1085325238
3|1145|LUISA|MARIA|ARTEAGA|LOPEZ|TI|1080701464|2015-06-19|2|2|3|9998|3|2||8|07|||8|36.0|130|||2||||||||||||52UZPE01152001T08MT02EBS001H036752UZPE01152001T08MT02EBS001H0367F0367|52UZPE01152001T08MT02EBS001H036752UZPE01152001T08MT02EBS001H0367F0367TI1080701464
3|1146|NANCY|HEUGENIA|GARZON|ARCOS|CC|30620702|1961-06-26|2|2|2|9998|3|2||3|07|||8|65.0|160|||2||||||||||||52UZPE01152001T09MT04EBS001H036852UZPE01152001T09MT04EBS001H0368F0368|52UZPE01152001T09MT04EBS001H036852UZPE01152001T09MT04EBS001H0368F0368CC30620702
3|1147|JOSE|LEONARDO|DELGADO|SANTACRUZ|CC|12975744|1961-12-14|1|2|2|5169|3|2||3|07|||8|84.0|178|||2||||||||||||52UZPE01152001T09MT04EBS001H036852UZPE01152001T09MT04EBS001H0368F0368|52UZPE01152001T09MT04EBS001H036852UZPE01152001T09MT04EBS001H0368F0368CC12975744
3|1148|ALVARO|NOTIENE|MUNOZ|NARVAEZ|CC|87026924|1958-08-01|1|2|1|9510|2|1||3|07|||8|89.0|162|||2||||||||||||52UZPE01152001T09MT04EBS001H036952UZPE01152001T09MT04EBS001H0369F0369|52UZPE01152001T09MT04EBS001H036952UZPE01152001T09MT04EBS001H0369F0369CC87026924
3|1149|GLORIA|DELCARMEN|ARTEAGA|DAZA|CC|27480273|1966-03-22|2|2|2|9998|2|1||7|07|||8|87.0|153|||2||||||||||||52UZPE01152001T09MT04EBS001H036952UZPE01152001T09MT04EBS001H0369F0369|52UZPE01152001T09MT04EBS001H036952UZPE01152001T09MT04EBS001H0369F0369CC27480273
3|1150|MARIANA|ALICIA|CASTRO|CASTRO|CC|27078511|1950-06-06|2|2|5|9998|2|2||3|07|||8|51.0|160|||2||||||||||||52UZPE01152001T08MT02EBS001H037052UZPE01152001T08MT02EBS001H0370F0370|52UZPE01152001T08MT02EBS001H037052UZPE01152001T08MT02EBS001H0370F0370CC27078511
3|1151|LUIS|ALBERTO|TORO|LUNA|CC|5371083|1941-03-16|1|2|5|9998|2|2||3|07|||8|78.0|164|||2||||||||||||52UZPE01152001T08MT02EBS001H037152UZPE01152001T08MT02EBS001H0371F0371|52UZPE01152001T08MT02EBS001H037152UZPE01152001T08MT02EBS001H0371F0371CC5371083
3|1152|FABIO|FABIO|GUERRERO|MELO|CC|98381668|1972-08-08|1|2|3|9510|7|1||7|07|||8|72.0|172|||2||||||||||||52UZPE01152001T08MT02EBS001H037252UZPE01152001T08MT02EBS001H0372F0372|52UZPE01152001T08MT02EBS001H037252UZPE01152001T08MT02EBS001H0372F0372CC98381668
3|1153|GLORIA|ALICIA|PEREZ|PORTILLA|CC|30732140|1963-12-01|2|2|5|9510|4|1||3|07|||8|83.0|163|||2||||||||||||52UZPE01152001T08MT02EBS001H037352UZPE01152001T08MT02EBS001H0373F0373|52UZPE01152001T08MT02EBS001H037352UZPE01152001T08MT02EBS001H0373F0373CC30732140
3|1154|MARIA|NA|GONZALEZ|ESPANA|CC|30722983|1959-11-10|2|2|2|9998|3|2||3|07|||8|57.0|158|||2||||||||||||52UZPE01152001T09MT04EBS001H037452UZPE01152001T09MT04EBS001H0374F0374|52UZPE01152001T09MT04EBS001H037452UZPE01152001T09MT04EBS001H0374F0374CC30722983
3|1155|CARLOS|ARTURO|ESPANA|MOSQUERA|CC|12968440|1956-05-15|1|2|2|9998|7|2||3|07|||8|65.0|167|||2||||||||||||52UZPE01152001T09MT04EBS001H037452UZPE01152001T09MT04EBS001H0374F0374|52UZPE01152001T09MT04EBS001H037452UZPE01152001T09MT04EBS001H0374F0374CC12968440
3|1156|JEFERSON|ALEXANDRO|CORAL|GUERRA|CC|1085391871|1998-09-05|1|2|3|9998|7|1||7|07|||8|62.0|165|||2||||||||||||52UZPE01152001T09MT04EBS001H037652UZPE01152001T09MT04EBS001H0376F0376|52UZPE01152001T09MT04EBS001H037652UZPE01152001T09MT04EBS001H0376F0376CC1085391871
3|1157|BAUDILIO|WALTER|CORAL|ROMERO|CC|98357178|1972-03-15|1|2|2|9510|3|1||7|07|||8|78.0|173|||2||||||||||||52UZPE01152001T09MT04EBS001H037652UZPE01152001T09MT04EBS001H0376F0376|52UZPE01152001T09MT04EBS001H037652UZPE01152001T09MT04EBS001H0376F0376CC98357178
3|1158|NUVIA|MARLENY|GUERRA|CUASQUER|CC|27224608|1970-08-04|2|2|2|9998|3|1||7|07|||8|70.0|163|||2||||||||||||52UZPE01152001T09MT04EBS001H037652UZPE01152001T09MT04EBS001H0376F0376|52UZPE01152001T09MT04EBS001H037652UZPE01152001T09MT04EBS001H0376F0376CC27224608
3|1159|JOHANNA|LISETH|ARTEAGA|GUERRA|CC|1085284723|1990-10-05|2|2|3|5169|9|1||7|07|||8|60.0|169|||2||||||||||||52UZPE01152001T09MT04EBS001H037552UZPE01152001T09MT04EBS001H0375F0375|52UZPE01152001T09MT04EBS001H037552UZPE01152001T09MT04EBS001H0375F0375CC1085284723
3|1160|ANA|MARIA|CORAL|GUERRA|CC|1193031247|2000-07-15|2|2|3|5169|9|2||7|07|||8|50.0|155|||2||||||||||||52UZPE01152001T09MT04EBS001H037552UZPE01152001T09MT04EBS001H0375F0375|52UZPE01152001T09MT04EBS001H037552UZPE01152001T09MT04EBS001H0375F0375CC1193031247
3|1161|CALEB|JOSUE|BURBANO|PANTOJA|TI|1080701390|2015-05-30|1|2|3|9998|3|1||8|07|||8|25.0|129|||2||||||||||||52UZPE01152001T09MT04EBS001H037752UZPE01152001T09MT04EBS001H0377F0377|52UZPE01152001T09MT04EBS001H037752UZPE01152001T09MT04EBS001H0377F0377TI1080701390
3|1162|NILSE|MERY|BURBANO|PANTOJA|CC|1085253100|1977-12-12|2|2|5|9998|3|1||7|07|||8|49.0|145|||2||||||||||||52UZPE01152001T09MT04EBS001H037752UZPE01152001T09MT04EBS001H0377F0377|52UZPE01152001T09MT04EBS001H037752UZPE01152001T09MT04EBS001H0377F0377CC1085253100
3|1163|MARIA|LUCINDA|ORDONEZ|BENAVIDES|CC|30715641|1958-12-15|2|2|5|5169|3|2||3|07|||8|54.0|153|||2||||||||||||52UZPE01152001T09MT04EBS001H037852UZPE01152001T09MT04EBS001H0378F0378|52UZPE01152001T09MT04EBS001H037852UZPE01152001T09MT04EBS001H0378F0378CC30715641
3|1164|MADELEY|THAILANY|TROYA|GAYARDO|CC|1081055838|2006-06-15|2|2|3|9998|7|1||7|07|||8|70.0|162|||2||||||||||||52UZPE01152001T09MT04EBS001H037952UZPE01152001T09MT04EBS001H0379F0379|52UZPE01152001T09MT04EBS001H037952UZPE01152001T09MT04EBS001H0379F0379CC1081055838
3|1165|MABEL|JAZMIN|GAYARDO|BURBANO|CC|1085277234|1988-03-17|2|2|5|9510|3|1||7|07|||8|75.0|163|||2||||||||||||52UZPE01152001T09MT04EBS001H037952UZPE01152001T09MT04EBS001H0379F0379|52UZPE01152001T09MT04EBS001H037952UZPE01152001T09MT04EBS001H0379F0379CC1085277234
3|1166|ADRIANA|NOAPLICA|VILLOTA|GALARZA|CC|1085322826|1995-06-03|2|2|3|9998|5|1||7|07|||8|54.0|150|||2||||||||||||52UZPE01152001T08MT02EBS001H038152UZPE01152001T08MT02EBS001H0381F0381|52UZPE01152001T08MT02EBS001H038152UZPE01152001T08MT02EBS001H0381F0381CC1085322826
3|1167|AURA|NOAPLICA|GALARZA|NOAPLICA|CC|27304793|1957-12-10|2|2|2|9998|2|1||3|07|||8|50.0|144|||2||||||||||||52UZPE01152001T08MT02EBS001H038152UZPE01152001T08MT02EBS001H0381F0381|52UZPE01152001T08MT02EBS001H038152UZPE01152001T08MT02EBS001H0381F0381CC27304793
3|1168|HUGO|NOAPLICA|VILLOTA|NOAPLICA|CC|12955545|1951-04-27|1|2|2|9510|2|1||3|07|||8|57.0|170|||2||||||||||||52UZPE01152001T08MT02EBS001H038152UZPE01152001T08MT02EBS001H0381F0381|52UZPE01152001T08MT02EBS001H038152UZPE01152001T08MT02EBS001H0381F0381CC12955545
3|1169|WILIAM|NA|PASTUSAN|MATAMANCHOY|CC|12983338|1964-11-10|1|2|6|9998|7|2||3|07|||8|74.0|169|||2||||||||||||52UZPE01152001T09MT04EBS001H038052UZPE01152001T09MT04EBS001H0380F0380|52UZPE01152001T09MT04EBS001H038052UZPE01152001T09MT04EBS001H0380F0380CC12983338
3|1170|JUAN|DAVID|AREVALO|PINZA|TI|1080056728|2010-03-31|1|2|3|9998|3|2||1|07|||8|58.0|168|||2||||||||||||52UZPE01152001T09MT04EBS001H038252UZPE01152001T09MT04EBS001H0382F0382|52UZPE01152001T09MT04EBS001H038252UZPE01152001T09MT04EBS001H0382F0382TI1080056728
3|1171|LUISA|JIMENA|PINZA|NASPIRAN|CC|36756568|1982-02-17|2|2|1|5169|8|2||7|07|||8|90.0|162|||2||||||||||||52UZPE01152001T09MT04EBS001H038252UZPE01152001T09MT04EBS001H0382F0382|52UZPE01152001T09MT04EBS001H038252UZPE01152001T09MT04EBS001H0382F0382CC36756568
3|1172|ALBERTO|LEON|ARAUJO|PORTILLA|CC|12986826|1964-05-25|1|2|1|9998|2|1||3|07|||8|65.0|166|||2||||||||||||52UZPE01152001T09MT04EBS001H038352UZPE01152001T09MT04EBS001H0383F0383|52UZPE01152001T09MT04EBS001H038352UZPE01152001T09MT04EBS001H0383F0383CC12986826
3|1173|MARTHA|CECILIA|BUCHELY|ROJAS|CC|30733494|1965-05-14|2|2|1|9998|2|1||3|07|||8|64.0|157|||2||||||||||||52UZPE01152001T09MT04EBS001H038352UZPE01152001T09MT04EBS001H0383F0383|52UZPE01152001T09MT04EBS001H038352UZPE01152001T09MT04EBS001H0383F0383CC30733494
3|1174|LIGIA|NA|VALENCIA|HERNANDEZ|CC|30711696|1955-01-15|2|2|5|9998|7|2||3|07|||8|63.0|155|||2||||||||||||52UZPE01152001T09MT04EBS001H038452UZPE01152001T09MT04EBS001H0384F0384|52UZPE01152001T09MT04EBS001H038452UZPE01152001T09MT04EBS001H0384F0384CC30711696
3|1175|ARSENIO|GUILLERMO|VALENCIA|ZAMBRANO|CC|12993271|1968-08-23|1|2|6|9998|2|1||7|07|||8|58.0|163|||2||||||||||||52UZPE01152001T09MT04EBS001H038552UZPE01152001T09MT04EBS001H0385F0385|52UZPE01152001T09MT04EBS001H038552UZPE01152001T09MT04EBS001H0385F0385CC12993271
3|1176|ENRIQUETA|NA|ESCOBAR|LOPEZ|CC|30714370|1955-10-08|2|2|2|9998|7|2||3|01|||8|71.0|156|||2||||||||||||52UZPE01152001T09MT04EBS001H038652UZPE01152001T09MT04EBS001H0386F0386|52UZPE01152001T09MT04EBS001H038652UZPE01152001T09MT04EBS001H0386F0386CC30714370
3|1177|LIBARDO|NA|DELACRUZ|ESCOBAR|CC|5203817|1978-07-30|1|2|3|5169|7|2||7|01|||8|71.0|171|||2||||||||||||52UZPE01152001T09MT04EBS001H038652UZPE01152001T09MT04EBS001H0386F0386|52UZPE01152001T09MT04EBS001H038652UZPE01152001T09MT04EBS001H0386F0386CC5203817
3|1178|LIBARDO|NA|DELACRUZ|DELGADO|CC|129550801|1950-08-12|1|2|2|9998|7|2||3|01|||8|71.0|170|||2||||||||||||52UZPE01152001T09MT04EBS001H038652UZPE01152001T09MT04EBS001H0386F0386|52UZPE01152001T09MT04EBS001H038652UZPE01152001T09MT04EBS001H0386F0386CC129550801
3|1179|DEISY|YOBANA|CHINGAL|LOPEZ|CC|36950332|1978-06-08|2|2|5|9998|7|1||7|07|||8|65.0|160|||2||||||||||||52UZPE01152001T09MT04EBS001H039052UZPE01152001T09MT04EBS001H0390F0390|52UZPE01152001T09MT04EBS001H039052UZPE01152001T09MT04EBS001H0390F0390CC36950332
3|1180|NICOLAS|FELIPE|CADENA|CHINGAL|CC|1080048052|2006-11-15|1|2|3|9622|3|1||7|07|||8|60.0|172|||2||||||||||||52UZPE01152001T09MT04EBS001H039052UZPE01152001T09MT04EBS001H0390F0390|52UZPE01152001T09MT04EBS001H039052UZPE01152001T09MT04EBS001H0390F0390CC1080048052
3|1181|GONZALEZ|CHINGAL|GISELA|CAROLINA|CC|1193265915|2001-08-06|2|2|3|9998|5|1||7|07|||8|55.0|162|||2||||||||||||52UZPE01152001T09MT04EBS001H039152UZPE01152001T09MT04EBS001H0391F0391|52UZPE01152001T09MT04EBS001H039152UZPE01152001T09MT04EBS001H0391F0391CC1193265915
3|1182|HUGO|OVIDIO|CHINGAL|PANTOJA|CC|12951924|1948-04-30|1|2|1|9998|2|1||3|07|||3|65.0|160|||2||||||||||||52UZPE01152001T09MT04EBS001H039252UZPE01152001T09MT04EBS001H0392F0392|52UZPE01152001T09MT04EBS001H039252UZPE01152001T09MT04EBS001H0392F0392CC12951924
3|1183|DORIS|DELCARMEN|LOPEZ|NOTIENE|CC|30713973|1950-08-30|2|2|2|9998|2|1||3|07|||2|83.0|162|||2||||||||||||52UZPE01152001T09MT04EBS001H039252UZPE01152001T09MT04EBS001H0392F0392|52UZPE01152001T09MT04EBS001H039252UZPE01152001T09MT04EBS001H0392F0392CC30713973
3|1184|LUIS|HERNANDO|QUINONES|RIASCOS|CC|12957525|1952-05-07|1|2|2|9622|7|2||3|07|||8|74.0|165|||2||||||||||||52UZPE01152001T09MT04EBS001H039352UZPE01152001T09MT04EBS001H0393F0393|52UZPE01152001T09MT04EBS001H039352UZPE01152001T09MT04EBS001H0393F0393CC12957525
3|1185|TOMASA|ILIADELCARMEN|ESCOBAR|NOTIENE|CC|30709445|1955-03-29|2|2|2|9998|6|2||3|07|||8|55.0|150|||2||||||||||||52UZPE01152001T09MT04EBS001H039352UZPE01152001T09MT04EBS001H0393F0393|52UZPE01152001T09MT04EBS001H039352UZPE01152001T09MT04EBS001H0393F0393CC30709445
3|1186|CLAUDIA|ROCIO|MADRONERO|NOTIENE|CC|1089845726|1987-05-07|2|2|5|9622|3|2||7|07|||8|63.0|150|||2||||||||||||52UZPE01152001T09MT04EBS001H039452UZPE01152001T09MT04EBS001H0394F0394|52UZPE01152001T09MT04EBS001H039452UZPE01152001T09MT04EBS001H0394F0394CC1089845726
3|1187|LUISA|MARIA|SOLARTE|MADRONERO|TI|1081062140|2015-03-12|2|2|3|9998|3|1||8|07|||8|30.0|120|||2||||||||||||52UZPE01152001T09MT04EBS001H039452UZPE01152001T09MT04EBS001H0394F0394|52UZPE01152001T09MT04EBS001H039452UZPE01152001T09MT04EBS001H0394F0394TI1081062140
3|1188|ANA|BELEN|SOLARTE|MADRONERO|RC|1081065980|2019-07-19|2|2|3|9998|3|1||8|07|||8|23.0|115|||2||||||||||||52UZPE01152001T09MT04EBS001H039452UZPE01152001T09MT04EBS001H0394F0394|52UZPE01152001T09MT04EBS001H039452UZPE01152001T09MT04EBS001H0394F0394RC1081065980
3|1189|MIKER|RONAL|DIAZ|SOLARTE|CC|1126446849|2005-09-23|1|2|3|9622|7|5||7|07|||8|63.0|165|||2||||||||||||52UZPE01152001T09MT04EBS001H039552UZPE01152001T09MT04EBS001H0395F0395|52UZPE01152001T09MT04EBS001H039552UZPE01152001T09MT04EBS001H0395F0395CC1126446849
3|1190|MARIA|NELLY|MARTINEZ|BOTINA|CC|59814422|1971-02-02|2|2|2|9622|3|2||7|07|||8|66.0|150|||2||||||||||||52UZPE01152001T09MT04EBS001H039652UZPE01152001T09MT04EBS001H0396F0396|52UZPE01152001T09MT04EBS001H039652UZPE01152001T09MT04EBS001H0396F0396CC59814422
3|1191|MABEL|ALEXANDRA|CHINGAL|LOPEZ|CC|1085289009|1974-01-16|2|2|3|9999|13|1||7|07|||8|70.0|162|||2||||||||||||52UZPE01152001T09MT04EBS001H039752UZPE01152001T09MT04EBS001H0397F0397|52UZPE01152001T09MT04EBS001H039752UZPE01152001T09MT04EBS001H0397F0397CC1085289009
3|1192|MONICA|CRISTINA|CHINGAL|LOPEZ|CC|59818134|1970-06-21|2|2|4|9998|3|1||7|07|||8|70.0|162|||2||||||||||||52UZPE01152001T09MT04EBS001H039752UZPE01152001T09MT04EBS001H0397F0397|52UZPE01152001T09MT04EBS001H039752UZPE01152001T09MT04EBS001H0397F0397CC59818134
3|1193|YULISSA|FERNANDA|SANCHEZ|CHINGAL|CC|1085336717|1998-08-08|2|2|3|5169|3|2||7|07|||8|68.0|166|||2||||||||||||52UZPE01152001T09MT04EBS001H039752UZPE01152001T09MT04EBS001H0397F0397|52UZPE01152001T09MT04EBS001H039752UZPE01152001T09MT04EBS001H0397F0397CC1085336717
3|1194|ALVARO|ERNESTO|CAGU|CHAVES|CC|13062076|1958-11-01|1|2|5|9622|8|2||3|07|||8|65.0|155|||2||||||||||||52UZPE01152001T09MT04EBS001H039852UZPE01152001T09MT04EBS001H0398F0398|52UZPE01152001T09MT04EBS001H039852UZPE01152001T09MT04EBS001H0398F0398CC13062076
3|1195|ROSALBA|NOTIENE|GRIJALBA|DEDELGADO|CC|27076775|1949-08-03|2|2|2|9998|3|2||3|07|||8|65.0|150|||2||||||||||||52UZPE01152001T09MT04EBS001H039952UZPE01152001T09MT04EBS001H0399F0399|52UZPE01152001T09MT04EBS001H039952UZPE01152001T09MT04EBS001H0399F0399CC27076775
3|1196|FRANCO|NOTIENE|DELGADO|NOTIENE|CC|12953783|1949-07-12|1|2|2|9622|3|2||3|07|||8|70.0|160|||2||||||||||||52UZPE01152001T09MT04EBS001H039952UZPE01152001T09MT04EBS001H0399F0399|52UZPE01152001T09MT04EBS001H039952UZPE01152001T09MT04EBS001H0399F0399CC12953783
3|1197|CRISTINA|NOTIENE|DELGADO|GRIJALBA|CC|37030052|1986-04-25|2|2|3|9622|4|2||7|07|||8|60.0|160|||2||||||||||||52UZPE01152001T09MT04EBS001H040052UZPE01152001T09MT04EBS001H0400F0400|52UZPE01152001T09MT04EBS001H040052UZPE01152001T09MT04EBS001H0400F0400CC37030052
3|1198|FRANCO|NICOLAS|LOPEZ|DELGADO|CC|1004236137|2000-02-03|1|2|3|9622|7|2||7|07|||8|60.0|160|||2||||||||||||52UZPE01152001T09MT04EBS001H040152UZPE01152001T09MT04EBS001H0401F0401|52UZPE01152001T09MT04EBS001H040152UZPE01152001T09MT04EBS001H0401F0401CC1004236137
3|1199|ANDREA|EMILSE|CHINGAL|LOPEZ|CC|59833804|1976-06-25|2|2|2|9510|3|1||7|07|||8|16.5|60|||2||||||||||||52UZPE01152001T09MT04EBS001H040352UZPE01152001T09MT04EBS001H0403F0403|52UZPE01152001T09MT04EBS001H040352UZPE01152001T09MT04EBS001H0403F0403CC59833804
3|1200|MARIO|FERNANDO|LOPEZ|SANCHEZ|CC|12994097|1968-11-23|1|2|2|9510|2|1||6|07|||8|69.0|166|||2||||||||||||52UZPE01152001T09MT04EBS001H040352UZPE01152001T09MT04EBS001H0403F0403|52UZPE01152001T09MT04EBS001H040352UZPE01152001T09MT04EBS001H0403F0403CC12994097
3|1201|FAIBER|ALEJANDROO|CADENA|CHINGAL|CC|1193107178|2002-06-06|1|2|3|9998|3|1||7|07|||8|53.0|177|||2||||||||||||52UZPE01152001T09MT04EBS001H040352UZPE01152001T09MT04EBS001H0403F0403|52UZPE01152001T09MT04EBS001H040352UZPE01152001T09MT04EBS001H0403F0403CC1193107178
3|1202|CRISTOFER|KALETH|NARVAEZ|CORREDOR|TI|1080063591|2014-07-29|1|2|3|9998|3|5||8|07|||8|46.0|150|||2||||||||||||52UZPE01152001T09MT04EBS001H040452UZPE01152001T09MT04EBS001H0404F0404|52UZPE01152001T09MT04EBS001H040452UZPE01152001T09MT04EBS001H0404F0404TI1080063591
3|1203|MARLENY|NATHALY|CORREDOR|CHINGAL|CC|1085307204|1993-07-29|2|2|5|9998|3|1||7|07|||8|55.0|160|||2||||||||||||52UZPE01152001T09MT04EBS001H040452UZPE01152001T09MT04EBS001H0404F0404|52UZPE01152001T09MT04EBS001H040452UZPE01152001T09MT04EBS001H0404F0404CC1085307204
3|1204|LAURENTINA|NOTIENE|FIGUEROA|LASSO|CC|27274870|1953-09-14|2|2|5|9622|2|2||3|07|||8|60.0|145|||2||||||||||||52UZPE01152001T09MT04EBS001H040552UZPE01152001T09MT04EBS001H0405F0405|52UZPE01152001T09MT04EBS001H040552UZPE01152001T09MT04EBS001H0405F0405CC27274870
3|1205|ALEXANDER|GIOVANY|CORDOBA|FIGUEROA|CC|12748025|1979-08-20|1|2|3|9510|4|1||7|07|||8|70.0|170|||2||||||||||||52UZPE01152001T09MT04EBS001H040652UZPE01152001T09MT04EBS001H0406F0406|52UZPE01152001T09MT04EBS001H040652UZPE01152001T09MT04EBS001H0406F0406CC12748025
3|1206|LIGUIA|LUCILA|GOMEZ|ENRIQUEZ|CC|59830786|1962-01-03|2|2|5|9999|3|1||3|07|||8|78.0|155|||2||||||||||||52UZPE01152001T09MT04EBS001H040752UZPE01152001T09MT04EBS001H0407F0407|52UZPE01152001T09MT04EBS001H040752UZPE01152001T09MT04EBS001H0407F0407CC59830786
3|1207|FRANCISCO|NA|CARLOSSAMA|DELACRUZ|CC|98345273|1967-10-13|1|2|2|9510|3|1||7|07|||8|62.0|167|||2||||||||||||52UZPE01152001T09MT04EBS001H040852UZPE01152001T09MT04EBS001H0408F0408|52UZPE01152001T09MT04EBS001H040852UZPE01152001T09MT04EBS001H0408F0408CC98345273
3|1208|ANA|BERCELINA|BURBANO|CHAVEZ|CC|27548517|1966-06-16|2|2|2|9998|13|1||7|07|||8|57.0|155|||2||||||||||||52UZPE01152001T09MT04EBS001H040852UZPE01152001T09MT04EBS001H0408F0408|52UZPE01152001T09MT04EBS001H040852UZPE01152001T09MT04EBS001H0408F0408CC27548517
3|1209|LUIZA|MARIA|CIFUENTES|NARVAEZ|CC|108048461|2007-01-09|2|2|3|9998|6|1||7|07|||8|48.0|160|||2||||||||||||52UZPE01152001T09MT04EBS001H040952UZPE01152001T09MT04EBS001H0409F0409|52UZPE01152001T09MT04EBS001H040952UZPE01152001T09MT04EBS001H0409F0409CC108048461
3|1210|GUILLERMO|ULPIANO|CIFUENTES|RIVERA|CC|98389552|1975-07-03|1|2|2|9510|3|1||7|07|||8|85.0|175|||2||||||||||||52UZPE01152001T09MT04EBS001H040952UZPE01152001T09MT04EBS001H0409F0409|52UZPE01152001T09MT04EBS001H040952UZPE01152001T09MT04EBS001H0409F0409CC98389552
3|1211|SANDRA|MIRIAM|NARVAEZ|JURADO|CC|59833611|1976-07-05|2|2|2|9998|3|1||7|07|||8|62.0|153|||2||||||||||||52UZPE01152001T09MT04EBS001H040952UZPE01152001T09MT04EBS001H0409F0409|52UZPE01152001T09MT04EBS001H040952UZPE01152001T09MT04EBS001H0409F0409CC59833611
3|1212|JOHANNA|NA|PIZA|NA|CC|1085292426|1991-08-04|2|2|5|9510|3|1||7|07|||8|55.0|159|||2||||||||||||52UZPE01152001T09MT04EBS001H041052UZPE01152001T09MT04EBS001H0410F0410|52UZPE01152001T09MT04EBS001H041052UZPE01152001T09MT04EBS001H0410F0410CC1085292426
3|1213|SAMUEL|FELIPE|BOTINA|PIZA|TI|1080066597|2016-12-25|1|2|3|9998|3|1||8|07|||8|28.0|130|||2||||||||||||52UZPE01152001T09MT04EBS001H041052UZPE01152001T09MT04EBS001H0410F0410|52UZPE01152001T09MT04EBS001H041052UZPE01152001T09MT04EBS001H0410F0410TI1080066597
3|1214|ALEJANDRA|NOAPLICA|VILLOTA|GALARZA|CC|1085308282|1993-10-03|2|2|5|5169|7|2||7|07|||8|55.0|150|||2||||||||||||52UZPE01152001T08MT02EBS001H041352UZPE01152001T08MT02EBS001H0413F0413|52UZPE01152001T08MT02EBS001H041352UZPE01152001T08MT02EBS001H0413F0413CC1085308282
3|1215|JOEL|NOAPLICA|MUNOZ|VILLOTA|RC|1025562978|2018-08-26|1|2|3|9998|3|2||8|07|||8|19.4|109|||2||||||||||||52UZPE01152001T08MT02EBS001H041352UZPE01152001T08MT02EBS001H0413F0413|52UZPE01152001T08MT02EBS001H041352UZPE01152001T08MT02EBS001H0413F0413RC1025562978
3|1216|LUZ|ESTELA|DELGADO|NOAPLICA|CC|30716002|1960-02-09|2|2|5|9998|2|2||3|07|||8|54.0|143|||2||||||||||||52UZPE01152001T08MT02EBS001H041452UZPE01152001T08MT02EBS001H0414F0414|52UZPE01152001T08MT02EBS001H041452UZPE01152001T08MT02EBS001H0414F0414CC30716002
3|1217|JAIME|NOAPLICA|RIVERA|NOAPLICA|CC|12968638|1955-02-08|1|2|2|5169|5|2||3|07|||8|60.0|165|||2||||||||||||52UZPE01152001T08MT02EBS001H041452UZPE01152001T08MT02EBS001H0414F0414|52UZPE01152001T08MT02EBS001H041452UZPE01152001T08MT02EBS001H0414F0414CC12968638
3|1218|SEBASTIAN|CAMILO|RUIZ|BERMUDEZ|CC|1085626037|1995-03-05|1|2|3|9510|3|1||7|07|||8|80.0|170|||2||||||||||||52UZPE01152001T09MT04EBS001H041552UZPE01152001T09MT04EBS001H0415F0415|52UZPE01152001T09MT04EBS001H041552UZPE01152001T09MT04EBS001H0415F0415CC1085626037
3|1219|MARIA|ELENA|BERMUDEZ|NOTIENE|CC|30722044|1958-03-23|2|2|5|9622|2|2||3|07|||8|70.0|155|||2||||||||||||52UZPE01152001T09MT04EBS001H041652UZPE01152001T09MT04EBS001H0416F0416|52UZPE01152001T09MT04EBS001H041652UZPE01152001T09MT04EBS001H0416F0416CC30722044
3|1220|JAIME|NOTIENE|JUAGINOY|CORDOBA|CC|98383756|1972-07-29|1|2|5|9622|5|1||7|07|||8|60.0|155|||2||||||||||||52UZPE01152001T09MT04EBS001H041752UZPE01152001T09MT04EBS001H0417F0417|52UZPE01152001T09MT04EBS001H041752UZPE01152001T09MT04EBS001H0417F0417CC98383756
3|1221|ERIK|XAVIER|JUAGINOY|PRETEL|CC|1081276020|2006-11-11|1|2|3|9998|3|1||7|07|||8|60.0|166|||2||||||||||||52UZPE01152001T09MT04EBS001H041852UZPE01152001T09MT04EBS001H0418F0418|52UZPE01152001T09MT04EBS001H041852UZPE01152001T09MT04EBS001H0418F0418CC1081276020
3|1222|ZONIA|ARGENIS|RODRIGUEZ|RUALES|CC|59836863|1973-03-08|2|2|5|5169|9|2||7|07|||8|78.0|160|||2||||||||||||52UZPE01152001T09MT04EBS001H042052UZPE01152001T09MT04EBS001H0420F0420|52UZPE01152001T09MT04EBS001H042052UZPE01152001T09MT04EBS001H0420F0420CC59836863
3|1223|JUAN|DAVID|RODRIGUEZ|NA|CC|1080044857|2005-09-30|1|2|3|9998|7|2||7|07|||8|60.0|163|||2||||||||||||52UZPE01152001T09MT04EBS001H042052UZPE01152001T09MT04EBS001H0420F0420|52UZPE01152001T09MT04EBS001H042052UZPE01152001T09MT04EBS001H0420F0420CC1080044857
3|1224|NANCY|YANINE|SOLARTE|DIAZ|CC|41120178|1982-05-20|2|2|5|9510|5|2||7|07|||8|58.0|150|||2||||||||||||52UZPE01152001T09MT04EBS001H042252UZPE01152001T09MT04EBS001H0422F0422|52UZPE01152001T09MT04EBS001H042252UZPE01152001T09MT04EBS001H0422F0422CC41120178
3|1225|CAMILO|ANDRES|MOSQUERA|SOLARTE|CC|1006994733|2003-01-10|1|2|3|9998|7|2||7|07|||8|70.0|170|||2||||||||||||52UZPE01152001T09MT04EBS001H042252UZPE01152001T09MT04EBS001H0422F0422|52UZPE01152001T09MT04EBS001H042252UZPE01152001T09MT04EBS001H0422F0422CC1006994733
3|1226|CAMILA|NOTIENE|MOZ|ARTEAGA|CC|1085300375|1992-11-08|2|2|5|9622|3|1||7|07|||8|58.0|160|||2||||||||||||52UZPE01152001T09MT04EBS001H042352UZPE01152001T09MT04EBS001H0423F0423|52UZPE01152001T09MT04EBS001H042352UZPE01152001T09MT04EBS001H0423F0423CC1085300375
3|1227|ANDRES|FELIPE|CARDONA|MUNOZ|TI|1081284693|2014-12-24|1|2|3|9998|3|1||8|07|||8|41.0|135|||2||||||||||||52UZPE01152001T09MT04EBS001H042352UZPE01152001T09MT04EBS001H0423F0423|52UZPE01152001T09MT04EBS001H042352UZPE01152001T09MT04EBS001H0423F0423TI1081284693
3|1228|NATALIA|NOAPLICA|ORTEGA|RIVERA|TI|1081056603|2008-10-14|2|2|3|9998|3|2||1|07|||8|45.0|140|||2||||||||||||52UZPE01152001T08MT02EBS001H042452UZPE01152001T08MT02EBS001H0424F0424|52UZPE01152001T08MT02EBS001H042452UZPE01152001T08MT02EBS001H0424F0424TI1081056603
3|1229|GINNA|NOAPLICA|RIVERA|DELGADO|CC|27093076|1980-03-18|2|2|5|9998|3|2||7|07|||8|65.0|170|||2||||||||||||52UZPE01152001T08MT02EBS001H042452UZPE01152001T08MT02EBS001H0424F0424|52UZPE01152001T08MT02EBS001H042452UZPE01152001T08MT02EBS001H0424F0424CC27093076
3|1230|ELYS|VILLA|FANES|ACEVEDO|CC|28496793|1971-02-17|2|2|2|9998|3|5||7|07|||8|75.0|167|||2||||||||||||52UZPE01152001T09MT04EBS001H042552UZPE01152001T09MT04EBS001H0425F0425|52UZPE01152001T09MT04EBS001H042552UZPE01152001T09MT04EBS001H0425F0425CC28496793
3|1231|JUAN|CARLOS|PICHANGA|RODRIGUEZ|CC|12984749|1962-06-26|1|2|2|9622|3|5||3|07|||8|85.0|163|||2||||||||||||52UZPE01152001T09MT04EBS001H042552UZPE01152001T09MT04EBS001H0425F0425|52UZPE01152001T09MT04EBS001H042552UZPE01152001T09MT04EBS001H0425F0425CC12984749
3|1232|EIDER|ARMANDO|PUCHANA|VILLAFANES|CC|1085271816|1989-03-08|1|2|3|5169|9|2||7|07|||8|73.0|165|||2||||||||||||52UZPE01152001T09MT04EBS001H042652UZPE01152001T09MT04EBS001H0426F0426|52UZPE01152001T09MT04EBS001H042652UZPE01152001T09MT04EBS001H0426F0426CC1085271816
3|1233|ORFELINA|ROSA|MURILLO|HUERTAS|CC|27159965|1961-11-27|2|2|6|9998|3|1||3|07|||8|75.0|165|||2||||||||||||52UZPE01152001T09MT04EBS001H042752UZPE01152001T09MT04EBS001H0427F0427|52UZPE01152001T09MT04EBS001H042752UZPE01152001T09MT04EBS001H0427F0427CC27159965
3|1234|JUAN|JOSE|PANTOJA|CIFUENTES|TI|1081055700|2007-09-12|1|2|3|9998|3|1||1|07|||8|73.0|183|||2||||||||||||52UZPE01152001T09MT04EBS001H042852UZPE01152001T09MT04EBS001H0428F0428|52UZPE01152001T09MT04EBS001H042852UZPE01152001T09MT04EBS001H0428F0428TI1081055700
3|1235|ADRIANA|DELPILAR|CIFUENTES|RIVERA|CC|36952794|1979-05-30|2|2|5|9998|3|1||7|07|||8|69.0|165|||2||||||||||||52UZPE01152001T09MT04EBS001H042852UZPE01152001T09MT04EBS001H0428F0428|52UZPE01152001T09MT04EBS001H042852UZPE01152001T09MT04EBS001H0428F0428CC36952794
3|1236|THIAGO|ALEJANDRO|PIANDA|PANTOJA|TI|1081065235|2018-07-04|1|2|3|9998|3|2||8|07|||8|37.0|140|||2||||||||||||52UZPE01152001T09MT04EBS001H042952UZPE01152001T09MT04EBS001H0429F0429|52UZPE01152001T09MT04EBS001H042952UZPE01152001T09MT04EBS001H0429F0429TI1081065235
3|1237|LEIDY|ALEJANDRA|PANTOJA|CIFUENTES|CC|1233193767|2000-05-25|2|2|5|5169|9|2||7|07|||8|55.0|160|||2||||||||||||52UZPE01152001T09MT04EBS001H042952UZPE01152001T09MT04EBS001H0429F0429|52UZPE01152001T09MT04EBS001H042952UZPE01152001T09MT04EBS001H0429F0429CC1233193767
3|1238|MARIA|MERCEDES|CIFUENTES|RIVERA|CC|27284968|1942-11-10|2|2|2|9998|2|2||3|07|||8|65.0|164|||2||||||||||||52UZPE01152001T09MT04EBS001H043052UZPE01152001T09MT04EBS001H0430F0430|52UZPE01152001T09MT04EBS001H043052UZPE01152001T09MT04EBS001H0430F0430CC27284968
3|1239|CARLOS|ALFREDO|CIFUENTES|REY|CC|5371138|1941-08-06|1|2|2|9622|3|2||3|07|||8|80.0|174|||2||||||||||||52UZPE01152001T09MT04EBS001H043052UZPE01152001T09MT04EBS001H0430F0430|52UZPE01152001T09MT04EBS001H043052UZPE01152001T09MT04EBS001H0430F0430CC5371138
3|1240|MARIA|JESUS|USCATEGUI|ESCOBAR|CC|36990679|1950-11-04|2|2|2|9998|2|2||3|07|||2|74.0|165|||2||||||||||||52UZPE01152001T09MT04EBS001H043152UZPE01152001T09MT04EBS001H0431F0431|52UZPE01152001T09MT04EBS001H043152UZPE01152001T09MT04EBS001H0431F0431CC36990679
3|1241|ANGEL|BOLIVAR|CORAL|MARTINEZ|CC|13004401|1950-09-10|1|2|2|9998|2|2||3|07|||8|67.0|168|||2||||||||||||52UZPE01152001T09MT04EBS001H043152UZPE01152001T09MT04EBS001H0431F0431|52UZPE01152001T09MT04EBS001H043152UZPE01152001T09MT04EBS001H0431F0431CC13004401
3|1242|MARIA|ISABEL|RUALES|DIAZ|CC|27304742|1946-02-23|2|2|5|9998|2|1||3|07|||2|73.0|153|||2||||||||||||52UZPE01152001T09MT04EBS001H043252UZPE01152001T09MT04EBS001H0432F0432|52UZPE01152001T09MT04EBS001H043252UZPE01152001T09MT04EBS001H0432F0432CC27304742
3|1243|MERLY|YOJANA|RUALES|DIAZ|CC|37082718|1983-01-04|2|2|3|9622|8|2||7|07|||8|62.0|158|||2||||||||||||52UZPE01152001T09MT04EBS001H043252UZPE01152001T09MT04EBS001H0432F0432|52UZPE01152001T09MT04EBS001H043252UZPE01152001T09MT04EBS001H0432F0432CC37082718
3|1244|JORGE|LEON|CAIPE|CUZ|CC|12963546|1956-10-04|1|2|6|9998|7|5||3|07|||8|70.0|169|||2||||||||||||52UZPE01152001T09MT04EBS001H043352UZPE01152001T09MT04EBS001H0433F0433|52UZPE01152001T09MT04EBS001H043352UZPE01152001T09MT04EBS001H0433F0433CC12963546
3|1245|JHON|JAIRO|LOPEZ|YAQUENO|CC|98395634|1996-11-28|1|2|6|5169|3|2||7|07|||8|83.0|175|||2||||||||||||52UZPE01152001T09MT04EBS001H043452UZPE01152001T09MT04EBS001H0434F0434|52UZPE01152001T09MT04EBS001H043452UZPE01152001T09MT04EBS001H0434F0434CC98395634
3|1246|LUZ|MARIA|SOTELO|BRAVO|CC|27531395|1941-04-13|2|2|5|9998|2|1||3|07|||2|57.0|145|||2||||||||||||52UZPE01152001T09MT04EBS001H043552UZPE01152001T09MT04EBS001H0435F0435|52UZPE01152001T09MT04EBS001H043552UZPE01152001T09MT04EBS001H0435F0435CC27531395
3|1247|CARMEN|PATRICIA|NARVAEZ|SOTELO|CC|30740909|1969-01-15|2|2|3|9998|3|1||4|07|||2|57.0|155|||2||||||||||||52UZPE01152001T09MT04EBS001H043552UZPE01152001T09MT04EBS001H0435F0435|52UZPE01152001T09MT04EBS001H043552UZPE01152001T09MT04EBS001H0435F0435CC30740909
3|1248|LUZ|ERMINIA|CORDOBA|NOTIENE|CC|30731333|1959-04-12|2|2|5|9998|2|1||3|07|||8|65.0|154|||2||||||||||||52UZPE01152001T09MT04EBS001H043652UZPE01152001T09MT04EBS001H0436F0436|52UZPE01152001T09MT04EBS001H043652UZPE01152001T09MT04EBS001H0436F0436CC30731333
3|1249|MARCELA|NA|ORDONEZ|GUZMAN|CC|1085272830|1988-12-27|2|2|3|5169|7|2||7|07|||8|68.0|160|||2||||||||||||52UZPE01152001T09MT02EBS001H043852UZPE01152001T09MT02EBS001H0438F0438|52UZPE01152001T09MT02EBS001H043852UZPE01152001T09MT02EBS001H0438F0438CC1085272830
3|1250|LUIS|NA|HIDALGO|NA|CC|12952377|1948-10-11|1|2|6|9510|2|1||3|07|||8|79.0|168|||2||||||||||||52UZPE01152001T09MT02EBS001H043952UZPE01152001T09MT02EBS001H0439F0439|52UZPE01152001T09MT02EBS001H043952UZPE01152001T09MT02EBS001H0439F0439CC12952377
3|1251|BETTY|MAGDALENA|TRUJILLO|NA|CC|36952279|1960-08-08|2|2|4|9510|3|1||3|07|||8|58.0|149|||2||||||||||||52UZPE01152001T09MT02EBS001H044052UZPE01152001T09MT02EBS001H0440F0440|52UZPE01152001T09MT02EBS001H044052UZPE01152001T09MT02EBS001H0440F0440CC36952279
3|1252|MELVA|NA|MARTINEZ|DEGUERRERO|CC|30706441|1954-04-20|2|2|5|9998|2|1||3|07|||8|67.0|154|||2||||||||||||52UZPE01152001T09MT02EBS001H044152UZPE01152001T09MT02EBS001H0441F0441|52UZPE01152001T09MT02EBS001H044152UZPE01152001T09MT02EBS001H0441F0441CC30706441
3|1253|JAIRO|EFREN|FAJARDO|ORTIZ|CC|5220184|1966-09-03|1|2|6|9622|3|1||7|07|||8|71.0|170|||2||||||||||||52UZPE01152001T09MT04EBS001H044452UZPE01152001T09MT04EBS001H0444F0444|52UZPE01152001T09MT04EBS001H044452UZPE01152001T09MT04EBS001H0444F0444CC5220184
3|1254|JORGEK|ADRIAN|MAFLA|FIGUEROA|CC|1193579883|2002-08-12|1|2|3|9510|8|2||7|07|||8|65.0|175|||2||||||||||||52UZPE01152001T09MT04EBS001H044552UZPE01152001T09MT04EBS001H0445F0445|52UZPE01152001T09MT04EBS001H044552UZPE01152001T09MT04EBS001H0445F0445CC1193579883
3|1255|SANDRA|LUCIA|CHAMORRO|NOTIENE|CC|27160369|1970-01-16|2|2|2|9510|3|1||7|07|||8|60.0|159|||2||||||||||||52UZPE01152001T09MT04EBS001H044652UZPE01152001T09MT04EBS001H0446F0446|52UZPE01152001T09MT04EBS001H044652UZPE01152001T09MT04EBS001H0446F0446CC27160369
3|1256|BERTHA|ELVIRA|RUALES|DIAZ|CC|27304743|1948-05-18|2|2|2|9622|3|2||3|07|||8|76.0|145|||2||||||||||||52UZPE01152001T09MT04EBS001H044752UZPE01152001T09MT04EBS001H0447F0447|52UZPE01152001T09MT04EBS001H044752UZPE01152001T09MT04EBS001H0447F0447CC27304743
3|1257|PEDRO|ANTONIO|RODRIGUEZ|ORTEGA|CC|5282973|1948-06-13|1|2|2|9622|3|2||3|07|||8|60.0|163|||2||||||||||||52UZPE01152001T09MT04EBS001H044752UZPE01152001T09MT04EBS001H0447F0447|52UZPE01152001T09MT04EBS001H044752UZPE01152001T09MT04EBS001H0447F0447CC5282973
3|1258|SANDRA|MILENA|MUNOZ|VALLEJO|CC|27094439|1982-06-17|2|2|2|9622|3|1||7|07|||8|51.0|152|||2||||||||||||52UZPE01152001T09MT04EBS001H044852UZPE01152001T09MT04EBS001H0448F0448|52UZPE01152001T09MT04EBS001H044852UZPE01152001T09MT04EBS001H0448F0448CC27094439
3|1259|ALEJANDRA|ESTEFANIA|ORTIZ|RODRIGUEZ|CC|1085303034|1993-02-15|2|2|2|9510|3|1||7|07|||8|65.0|164|||2||||||||||||52UZPE01152001T09MT02EBS001H045052UZPE01152001T09MT02EBS001H0450F0450|52UZPE01152001T09MT02EBS001H045052UZPE01152001T09MT02EBS001H0450F0450CC1085303034
3|1260|FRANCISCO|HERNAN|IBARRA|MAYORA|CC|1120216653|1998-10-17|1|2|2|9510|3|1||7|07|||8|82.0|175|||2||||||||||||52UZPE01152001T09MT02EBS001H045052UZPE01152001T09MT02EBS001H0450F0450|52UZPE01152001T09MT02EBS001H045052UZPE01152001T09MT02EBS001H0450F0450CC1120216653
3|1261|JOSUE|ALEJANDRO|IBARRA|ORTIZ|TI|1080062817|2013-12-31|1|2|3|9998|3|1||8|07|||8|37.0|145|||2||||||||||||52UZPE01152001T09MT02EBS001H045052UZPE01152001T09MT02EBS001H0450F0450|52UZPE01152001T09MT02EBS001H045052UZPE01152001T09MT02EBS001H0450F0450TI1080062817
3|1262|OMAIRA|SOCORRO|IMBAQUIN|MORA|CC|27082796|1978-01-20|2|2|2|9622|3|2||7|07|||8|60.0|155|||2||||||||||||52UZPE01152001T09MT04EBS001H045152UZPE01152001T09MT04EBS001H0451F0451|52UZPE01152001T09MT04EBS001H045152UZPE01152001T09MT04EBS001H0451F0451CC27082796
3|1263|JOSUE|NOTIENE|GARCIA|IMBAQUIN|RC|1081066076|2018-08-28|1|2|3|9998|3|2||8|07|||8|20.0|145|||2||||||||||||52UZPE01152001T09MT04EBS001H045152UZPE01152001T09MT04EBS001H0451F0451|52UZPE01152001T09MT04EBS001H045152UZPE01152001T09MT04EBS001H0451F0451RC1081066076
3|1264|LUIS|ALBERTO|GARCIA|MEZA|CC|1130625413|1983-06-06|1|2|2|9622|5|2||7|07|||8|70.0|165|||2||||||||||||52UZPE01152001T09MT04EBS001H045152UZPE01152001T09MT04EBS001H0451F0451|52UZPE01152001T09MT04EBS001H045152UZPE01152001T09MT04EBS001H0451F0451CC1130625413
3|1265|CRISTIAN|DAVID|BURBANO|IMBAQUIN|CC|1193474677|2001-04-05|1|2|3|9622|7|2||7|07|||8|60.0|165|||2||||||||||||52UZPE01152001T09MT04EBS001H045252UZPE01152001T09MT04EBS001H0452F0452|52UZPE01152001T09MT04EBS001H045252UZPE01152001T09MT04EBS001H0452F0452CC1193474677
3|1266|MARIANA|NOTIENE|SANCHEZ|BASTIDAS|CC|27077699|1948-01-08|2|2|6|9622|6|2||3|07|||8|60.0|155|||2||||||||||||52UZPE01152001T09MT04EBS001H045352UZPE01152001T09MT04EBS001H0453F0453|52UZPE01152001T09MT04EBS001H045352UZPE01152001T09MT04EBS001H0453F0453CC27077699
3|1267|JESUS|ALIRIO|PAREDES|NOTIENE|CC|12986474|1959-03-11|1|2|2|9622|3|2||3|07|||8|74.0|175|||2||||||||||||52UZPE01152001T09MT04EBS001H045452UZPE01152001T09MT04EBS001H0454F0454|52UZPE01152001T09MT04EBS001H045452UZPE01152001T09MT04EBS001H0454F0454CC12986474
3|1268|SILVIA|NOTIENE|PAZ|YAQUENO|CC|30736919|1957-07-21|2|2|2|9622|3|2||3|07|||8|68.0|158|||2||||||||||||52UZPE01152001T09MT04EBS001H045452UZPE01152001T09MT04EBS001H0454F0454|52UZPE01152001T09MT04EBS001H045452UZPE01152001T09MT04EBS001H0454F0454CC30736919
3|1269|LUISA|MARIA|PAREDES|PAZ|CC|1085298110|1992-07-21|2|2|3|9622|8|2||7|07|||8|70.0|160|||2||||||||||||52UZPE01152001T09MT04EBS001H045552UZPE01152001T09MT04EBS001H0455F0455|52UZPE01152001T09MT04EBS001H045552UZPE01152001T09MT04EBS001H0455F0455CC1085298110
3|1270|MARIA|DELROSARIO|GUTIERREZ|NOTIENE|CC|59833693|1967-11-21|2|2|5|9622|3|1||7|07|||8|68.0|155|||2||||||||||||52UZPE01152001T09MT04EBS001H045652UZPE01152001T09MT04EBS001H0456F0456|52UZPE01152001T09MT04EBS001H045652UZPE01152001T09MT04EBS001H0456F0456CC59833693
3|1271|DANILO|HERNANDO|RUIZ|GUTIERREZ|CC|1085345267|1999-04-24|1|2|3|9622|8|1||7|07|||8|60.0|165|||2||||||||||||52UZPE01152001T09MT04EBS001H045652UZPE01152001T09MT04EBS001H0456F0456|52UZPE01152001T09MT04EBS001H045652UZPE01152001T09MT04EBS001H0456F0456CC1085345267
3|1272|ERIKA|NOTIENE|RIVER|ONOFRE|CC|29104450|1978-09-15|2|2|2|5169|4|2||7|07|||8|14.2|60|||2||||||||||||52UZPE01152001T09MT04EBS001H045752UZPE01152001T09MT04EBS001H0457F0457|52UZPE01152001T09MT04EBS001H045752UZPE01152001T09MT04EBS001H0457F0457CC29104450
3|1273|DIEGO|ARMANDO|VALLEJO|FIGUEROA|CC|1086358131|1985-06-15|1|2|2|5169|7|2||7|07|||8|70.0|165|||2||||||||||||52UZPE01152001T09MT04EBS001H045752UZPE01152001T09MT04EBS001H0457F0457|52UZPE01152001T09MT04EBS001H045752UZPE01152001T09MT04EBS001H0457F0457CC1086358131
3|1274|MARIA|ZOILA|SAPUYES|GARCIA|CC|27155133|1943-03-02|2|2|5|9998|6|5||3|07|||8|50.0|145|||2||||||||||||52UZPE01152001T09MT04EBS001H045852UZPE01152001T09MT04EBS001H0458F0458|52UZPE01152001T09MT04EBS001H045852UZPE01152001T09MT04EBS001H0458F0458CC27155133
3|1275|JUAN|CARLOS|ACHICANOY|NOTIENE|CC|12995779|1969-06-24|1|2|4|9622|7|5||7|07|||8|65.0|160|||2||||||||||||52UZPE01152001T09MT04EBS001H045852UZPE01152001T09MT04EBS001H0458F0458|52UZPE01152001T09MT04EBS001H045852UZPE01152001T09MT04EBS001H0458F0458CC12995779
3|1276|FLOR|ALEYDA|BENAVIDES|ARCOS|CC|59817406|1971-06-04|2|2|3|9998|7|2||7|07|||8|50.0|150|||2||||||||||||52UZPE01152001T09MT04EBS001H045952UZPE01152001T09MT04EBS001H0459F0459|52UZPE01152001T09MT04EBS001H045952UZPE01152001T09MT04EBS001H0459F0459CC59817406
3|1277|NAIRO|MARTIN|YARPAZ|NOTIENE|CC|12996188|1969-06-06|1|2|2|5169|7|2||7|07|||8|66.0|160|||2||||||||||||52UZPE01152001T09MT04EBS001H046052UZPE01152001T09MT04EBS001H0460F0460|52UZPE01152001T09MT04EBS001H046052UZPE01152001T09MT04EBS001H0460F0460CC12996188
3|1278|OLGA|DELCARMEN|NARVAEZ|OBANDO|CC|30739480|1968-05-13|2|2|2|5169|7|2||7|07|||8|51.0|155|||2||||||||||||52UZPE01152001T09MT04EBS001H046052UZPE01152001T09MT04EBS001H0460F0460|52UZPE01152001T09MT04EBS001H046052UZPE01152001T09MT04EBS001H0460F0460CC30739480
3|1279|SEGUNDO|ISRAEL|GUACAN|LOPEZ|CC|12964467|1954-02-02|1|2|5|9622|3|1||3|07|||8|68.0|160|||2||||||||||||52UZPE01152001T09MT04EBS001H046152UZPE01152001T09MT04EBS001H0461F0461|52UZPE01152001T09MT04EBS001H046152UZPE01152001T09MT04EBS001H0461F0461CC12964467
3|1280|ANA|MILENA|LOPEZ|DELGADO|CC|36752759|1979-02-04|2|2|3|9998|7|1||7|07|||8|70.0|155|||2||||||||||||52UZPE01152001T09MT04EBS001H046152UZPE01152001T09MT04EBS001H0461F0461|52UZPE01152001T09MT04EBS001H046152UZPE01152001T09MT04EBS001H0461F0461CC36752759
3|1281|GIOVANNY|ISRAEL|LOPEZ|DELGADO|CC|5208354|1980-08-08|1|2|3|9510|3|1||7|07|||8|70.0|175|||2||||||||||||52UZPE01152001T09MT04EBS001H046152UZPE01152001T09MT04EBS001H0461F0461|52UZPE01152001T09MT04EBS001H046152UZPE01152001T09MT04EBS001H0461F0461CC5208354
3|1282|MARIANA|DEJESUS|PABON|NOTIENE|CC|30738511|1959-10-14|2|2|2|9510|3|1||3|07|||8|48.0|150|||2||||||||||||52UZPE01152001T09MT04EBS001H046252UZPE01152001T09MT04EBS001H0462F0462|52UZPE01152001T09MT04EBS001H046252UZPE01152001T09MT04EBS001H0462F0462CC30738511
3|1283|JESUS|NOTIENE|BENAVIDES|NOTIENE|CC|12994247|1952-11-15|1|2|2|9622|7|1||3|07|||8|70.0|165|||2||||||||||||52UZPE01152001T09MT04EBS001H046252UZPE01152001T09MT04EBS001H0462F0462|52UZPE01152001T09MT04EBS001H046252UZPE01152001T09MT04EBS001H0462F0462CC12994247
3|1284|MARTIN|DAVID|CASTRO|CERON|RC|1080711793|2024-09-14|1|2|3|9998|3|2||8|07|||8|||||2||||||||||||52UZPE01152001T09MT04EBS001H046352UZPE01152001T09MT04EBS001H0463F0463|52UZPE01152001T09MT04EBS001H046352UZPE01152001T09MT04EBS001H0463F0463RC1080711793
3|1285|ANGIE|NATALIA|CERON|GONZALEZ|CC|1080041023|2001-10-12|2|2|5|9510|3|2||7|07|||8|73.0|145|||2||||||||||||52UZPE01152001T09MT04EBS001H046352UZPE01152001T09MT04EBS001H0463F0463|52UZPE01152001T09MT04EBS001H046352UZPE01152001T09MT04EBS001H0463F0463CC1080041023
3|1286|GLADYS|DELROSARIO|MUESES|JOJOA|CC|59820704|1971-01-15|2|2|5|9998|2|1||7|07|||8|74.0|154|||2||||||||||||52UZPE01152001T09MT02EBS001H046452UZPE01152001T09MT02EBS001H0464F0464|52UZPE01152001T09MT02EBS001H046452UZPE01152001T09MT02EBS001H0464F0464CC59820704
3|1287|ANGELA|KARINA|BURBANO|CAICEDO|CC|1085276535|1989-02-17|2|2|5|9998|3|1||7|07|||8|70.0|165|||2||||||||||||52UZPE01152001T09MT02EBS001H046552UZPE01152001T09MT02EBS001H0465F0465|52UZPE01152001T09MT02EBS001H046552UZPE01152001T09MT02EBS001H0465F0465CC1085276535
3|1288|CARLOS|MARIO|GUERRERO|BURBANO|CC|1080046174|2006-04-11|1|2|3|9510|7|1||7|07|||8|65.0|170|||2||||||||||||52UZPE01152001T09MT02EBS001H046552UZPE01152001T09MT02EBS001H0465F0465|52UZPE01152001T09MT02EBS001H046552UZPE01152001T09MT02EBS001H0465F0465CC1080046174
3|1289|ERICK|SANTIAGO|GUERRERO|BURBANO|TI|1080065074|2015-09-26|1|2|3|9998|3|1||8|07|||8|38.0|140|||2||||||||||||52UZPE01152001T09MT02EBS001H046552UZPE01152001T09MT02EBS001H0465F0465|52UZPE01152001T09MT02EBS001H046552UZPE01152001T09MT02EBS001H0465F0465TI1080065074
3|1290|NILSA|XIMENA|LOPEZ|DELGADO|CC|1085274777|1989-03-11|2|2|3|9998|5|1||7|07|||8|66.0|158|||2||||||||||||52UZPE01152001T09MT02EBS001H046652UZPE01152001T09MT02EBS001H0466F0466|52UZPE01152001T09MT02EBS001H046652UZPE01152001T09MT02EBS001H0466F0466CC1085274777
3|1291|JESUS|ANTONIO|LOPEZ|RIVERA|CC|12958134|1950-04-08|1|2|5|9622|2|1||3|07|||8|50.0|160|||2||||||||||||52UZPE01152001T09MT02EBS001H046652UZPE01152001T09MT02EBS001H0466F0466|52UZPE01152001T09MT02EBS001H046652UZPE01152001T09MT02EBS001H0466F0466CC12958134
3|1292|GLORIA|ESPERANZA|DELGADO|PASAS|CC|30726908|1960-10-16|2|2|5|9998|2|1||3|07|||8|60.0|154|||2||||||||||||52UZPE01152001T09MT02EBS001H046652UZPE01152001T09MT02EBS001H0466F0466|52UZPE01152001T09MT02EBS001H046652UZPE01152001T09MT02EBS001H0466F0466CC30726908
3|1293|LIZETH|FERNANDA|GONZALEZ|LEITON|CC|1085308143|1993-10-07|2|2|2|9622|3|1||7|07|||8|40.0|142|||2||||||||||||52UZPE01152001T09MT02EBS001H046752UZPE01152001T09MT02EBS001H0467F0467|52UZPE01152001T09MT02EBS001H046752UZPE01152001T09MT02EBS001H0467F0467CC1085308143
3|1294|JESUS|ALBERTO|MEZA|ESPINOZA|CC|1085315072|1994-07-25|1|2|2|9622|3|1||7|07|||8|68.0|165|||2||||||||||||52UZPE01152001T09MT02EBS001H046752UZPE01152001T09MT02EBS001H0467F0467|52UZPE01152001T09MT02EBS001H046752UZPE01152001T09MT02EBS001H0467F0467CC1085315072
3|1295|VALERI|SHASMI|MEZA|GONZALEZ|TI|1080704806|2018-02-25|2|2|3|9998|3|1||8|07|||3|37.0|139|||2||||||||||||52UZPE01152001T09MT02EBS001H046752UZPE01152001T09MT02EBS001H0467F0467|52UZPE01152001T09MT02EBS001H046752UZPE01152001T09MT02EBS001H0467F0467TI1080704806
3|1296|GRACIELA|NOTIENE|VALLEJO|DEREVELO|CC|27244214|1935-08-30|2|2|1|9998|2|1||3|07|||3|62.0|145|||2||||||||||||52UZPE01152001T09MT02EBS001H046852UZPE01152001T09MT02EBS001H0468F0468|52UZPE01152001T09MT02EBS001H046852UZPE01152001T09MT02EBS001H0468F0468CC27244214
3|1297|NANCY|MARCELA|REVELO|VALLEJO|CC|36997215|1960-06-02|2|2|3|9998|3|1||3|07|||8|60.0|150|||2||||||||||||52UZPE01152001T09MT02EBS001H046852UZPE01152001T09MT02EBS001H0468F0468|52UZPE01152001T09MT02EBS001H046852UZPE01152001T09MT02EBS001H0468F0468CC36997215
3|1298|MARISOL|RUBELY|RODRIGUEZ|DAVILA|CC|59827689|1974-11-08|2|2|3|9998|3|1||7|07|||8|58.0|156|||2||||||||||||52UZPE01152001T09MT02EBS001H046952UZPE01152001T09MT02EBS001H0469F0469|52UZPE01152001T09MT02EBS001H046952UZPE01152001T09MT02EBS001H0469F0469CC59827689
3|1299|BAYARDO|ALBERTO|RODRIGUEZ|NOTIENE|CC|12950493|1944-04-29|1|2|1|9998|3|2||3|07|||1|62.0|170|||2||||||||||||52UZPE01152001T09MT02EBS001H047152UZPE01152001T09MT02EBS001H0471F0471|52UZPE01152001T09MT02EBS001H047152UZPE01152001T09MT02EBS001H0471F0471CC12950493
3|1300|MARIA|NOTIENE|DAVILA|DERODRIGUEZ|CC|36990042|1949-03-14|2|2|2|9998|2|2||3|07|||3|46.0|144|||2||||||||||||52UZPE01152001T09MT02EBS001H047152UZPE01152001T09MT02EBS001H0471F0471|52UZPE01152001T09MT02EBS001H047152UZPE01152001T09MT02EBS001H0471F0471CC36990042
3|1301|ISABEL|ALICIA|SOLARTE|BENAVIDES|CC|27219853|1965-09-28|2|2|5|9998|2|1||7|07|||8|64.0|150|||2||||||||||||52UZPE01152001T08MT02EBS001H047052UZPE01152001T08MT02EBS001H0470F0470|52UZPE01152001T08MT02EBS001H047052UZPE01152001T08MT02EBS001H0470F0470CC27219853
3|1302|JUAN|DAVID|CHAMORRO|SOLARTE|CC|1004134484|2003-04-15|1|2|3|9998|3|1||7|07|||8|70.0|180|||2||||||||||||52UZPE01152001T08MT02EBS001H047052UZPE01152001T08MT02EBS001H0470F0470|52UZPE01152001T08MT02EBS001H047052UZPE01152001T08MT02EBS001H0470F0470CC1004134484
3|1303|ELIA|SORAIDA|NARVAEZ|VILLARREAL|CC|27387048|1959-09-30|2|2|2|9998|2|2||3|07|||8|67.0|155|||2||||||||||||52UZPE01152001T09MT02EBS001H047252UZPE01152001T09MT02EBS001H0472F0472|52UZPE01152001T09MT02EBS001H047252UZPE01152001T09MT02EBS001H0472F0472CC27387048
3|1304|RICHARD|HERMES|SARASTY|LEON|CC|13002508|1948-10-08|1|2|2|9998|2|2||3|07|||2|65.0|165|||2||||||||||||52UZPE01152001T09MT02EBS001H047252UZPE01152001T09MT02EBS001H0472F0472|52UZPE01152001T09MT02EBS001H047252UZPE01152001T09MT02EBS001H0472F0472CC13002508
3|1305|MARICELA|NOTIENE|BELTRAN|NOTIENE|CC|36758839|1982-04-25|2|2|3|9998|5|1||7|07|||8|58.0|155|||2||||||||||||52UZPE01152001T09MT02EBS001H047352UZPE01152001T09MT02EBS001H0473F0473|52UZPE01152001T09MT02EBS001H047352UZPE01152001T09MT02EBS001H0473F0473CC36758839
3|1306|MARIA|SOFIA|JOJOA|NASPIRAN|CC|30713490|1949-11-25|2|2|5|9998|2|1||3|07|||2|50.0|146|||2||||||||||||52UZPE01152001T09MT02EBS001H047452UZPE01152001T09MT02EBS001H0474F0474|52UZPE01152001T09MT02EBS001H047452UZPE01152001T09MT02EBS001H0474F0474CC30713490
3|1307|MARIA|DELOSANGELES|NARVAEZ|NOTIENE|CC|27063516|1940-09-29|2|2|5|9998|2|1||3|07|||8|53.0|148|||2||||||||||||52UZPE01152001T09MT02EBS001H047552UZPE01152001T09MT02EBS001H0475F0475|52UZPE01152001T09MT02EBS001H047552UZPE01152001T09MT02EBS001H0475F0475CC27063516
3|1308|BERNARDO|NOTIENE|LEON|DIEZ|CC|19086576|1949-10-17|1|2|2|9998|3|1||3|07|||8|70.0|172|||2||||||||||||52UZPE01152001T09MT02EBS001H047652UZPE01152001T09MT02EBS001H0476F0476|52UZPE01152001T09MT02EBS001H047652UZPE01152001T09MT02EBS001H0476F0476CC19086576
3|1309|LUIS|ALFONSO|CAICEDO|CANAMEJOY|CC|12973897|1959-05-02|1|2|2|9510|3|1||3|07|||8|74.0|175|||2||||||||||||52UZPE01152001T08MT02EBS001H047752UZPE01152001T08MT02EBS001H0477F0477|52UZPE01152001T08MT02EBS001H047752UZPE01152001T08MT02EBS001H0477F0477CC12973897
3|1310|OSCAR|DANILO|LOPEZ|PAZ|TI|1080699089|2013-08-20|1|2|6|9998|3|1||8|07|||8|45.0|150|||2||||||||||||52UZPE01152001T08MT02EBS001H047752UZPE01152001T08MT02EBS001H0477F0477|52UZPE01152001T08MT02EBS001H047752UZPE01152001T08MT02EBS001H0477F0477TI1080699089
3|1311|DELGADO|DORADO|BETTY|DELCRMEN|CC|30709093|1960-04-10|2|2|2|9998|3|2||3|07|||8|63.4|156|||2||||||||||||52UZPE01152001T08MT02EBS001H047752UZPE01152001T08MT02EBS001H0477F0477|52UZPE01152001T08MT02EBS001H047752UZPE01152001T08MT02EBS001H0477F0477CC30709093
3|1312|ARTURO|RENE|SOLARTE|BENAVIDES|CC|87530951|1967-10-13|1|2|6|9510|3|1||7|07|||8|72.0|160|||2||||||||||||52UZPE01152001T08MT02EBS001H047852UZPE01152001T08MT02EBS001H0478F0478|52UZPE01152001T08MT02EBS001H047852UZPE01152001T08MT02EBS001H0478F0478CC87530951
3|1313|RITA|DELCARMEN|CABRERA|NOAPLICA|CC|59819684|1966-06-17|2|2|5|9998|2|1||7|07|||8|70.0|152|||2||||||||||||52UZPE01152001T08MT02EBS001H047952UZPE01152001T08MT02EBS001H0479F0479|52UZPE01152001T08MT02EBS001H047952UZPE01152001T08MT02EBS001H0479F0479CC59819684
3|1314|ANGIE|VANESSA|PAZ|CABRERA|CC|1085289974|1991-02-13|2|2|3|5169|5|1||7|07|||8|72.0|171|||2||||||||||||52UZPE01152001T08MT02EBS001H047952UZPE01152001T08MT02EBS001H0479F0479|52UZPE01152001T08MT02EBS001H047952UZPE01152001T08MT02EBS001H0479F0479CC1085289974
3|1315|GEOVANY|NOAPLICA|CABRERA|NOAPLICA|CC|87069430|1981-04-28|1|2|6|5169|9|1||7|07|||8|94.0|175|||2||||||||||||52UZPE01152001T08MT02EBS001H048152UZPE01152001T08MT02EBS001H0481F0481|52UZPE01152001T08MT02EBS001H048152UZPE01152001T08MT02EBS001H0481F0481CC87069430
3|1316|DENIS|CARMENZA|MARTINEZ|MUNOZ|CC|59825792|1972-12-15|2|2|5|5169|7|2||7|07|||8|68.0|165|||2||||||||||||52UZPE01152001T08MT02EBS001H048252UZPE01152001T08MT02EBS001H0482F0482|52UZPE01152001T08MT02EBS001H048252UZPE01152001T08MT02EBS001H0482F0482CC59825792
3|1317|VALERI|JULIETH|NARVAEZ|MONTENEGRO|TI|1081280210|2009-12-07|2|2|3|9998|3|1||1|07|||8|45.0|152|||2||||||||||||52UZPE01152001T09MT02EBS001H048452UZPE01152001T09MT02EBS001H0484F0484|52UZPE01152001T09MT02EBS001H048452UZPE01152001T09MT02EBS001H0484F0484TI1081280210
3|1318|JAIME|EDMUNDO|MONTENEGRO|ARGOTY|CC|87711515|1970-01-03|1|2|5|9510|3|1||7|07|||8|68.0|156|||2||||||||||||52UZPE01152001T09MT02EBS001H048452UZPE01152001T09MT02EBS001H0484F0484|52UZPE01152001T09MT02EBS001H048452UZPE01152001T09MT02EBS001H0484F0484CC87711515
3|1319|SEGUNDO|ORLANDO|PORTILLA|RUEDA|CC|12749969|1980-04-21|1|2|3|9510|3|1||7|07|||8|68.0|170|||2||||||||||||52UZPE01152001T08MT02EBS001H048352UZPE01152001T08MT02EBS001H0483F0483|52UZPE01152001T08MT02EBS001H048352UZPE01152001T08MT02EBS001H0483F0483CC12749969
3|1320|MARIA|SOCORRO|RUEDA|PRADA|CC|27331488|1956-05-25|2|2|5|9998|3|1||3|07|||8|67.0|158|||2||||||||||||52UZPE01152001T08MT02EBS001H048352UZPE01152001T08MT02EBS001H0483F0483|52UZPE01152001T08MT02EBS001H048352UZPE01152001T08MT02EBS001H0483F0483CC27331488
3|1321|LILIANA|MARGOTH|MORALES|SANTACRUZ|CC|27094125|1970-03-17|2|2|2|9510|3|1||7|07|||8|55.0|154|||2||||||||||||52UZPE01152001T08MT02EBS001H048552UZPE01152001T08MT02EBS001H0485F0485|52UZPE01152001T08MT02EBS001H048552UZPE01152001T08MT02EBS001H0485F0485CC27094125
3|1322|CARLOS|ARTURO|VILLOTA|NARVAEZ|CC|12994929|1969-03-22|1|2|2|9510|5|1||7|07|||8|54.0|160|||2||||||||||||52UZPE01152001T08MT02EBS001H048552UZPE01152001T08MT02EBS001H0485F0485|52UZPE01152001T08MT02EBS001H048552UZPE01152001T08MT02EBS001H0485F0485CC12994929
3|1323|ANA|JULIA|ROMAN|TORO|CC|27055997|1935-11-13|2|2|1|9998|2|2||3|07|||1|65.0|160|||2||||||||||||52UZPE01152001T08MT02EBS001H048652UZPE01152001T08MT02EBS001H0486F0486|52UZPE01152001T08MT02EBS001H048652UZPE01152001T08MT02EBS001H0486F0486CC27055997
3|1324|MARY|ELIZABETH|MARTINEZ|ROMAN|CC|30745277|1968-05-30|2|2|3|9998|3|2||7|07|||8|65.0|162|||2||||||||||||52UZPE01152001T08MT02EBS001H048652UZPE01152001T08MT02EBS001H0486F0486|52UZPE01152001T08MT02EBS001H048652UZPE01152001T08MT02EBS001H0486F0486CC30745277
3|1325|GUILLERMO|ENRIQUE|MARTINEZ|ROMAN|CC|12990253|1967-01-12|1|2|3|9998|3|1||7|07|||8|72.0|168|||2||||||||||||52UZPE01152001T08MT02EBS001H048652UZPE01152001T08MT02EBS001H0486F0486|52UZPE01152001T08MT02EBS001H048652UZPE01152001T08MT02EBS001H0486F0486CC12990253
3|1326|JOSE|ANTONIO|GUERRERO|GARCIA|CC|348283|1962-12-01|1|2|1|5169|9|2||3|07|||8|74.0|170|||2||||||||||||52UZPE01152001T08MT02EBS001H048752UZPE01152001T08MT02EBS001H0487F0487|52UZPE01152001T08MT02EBS001H048752UZPE01152001T08MT02EBS001H0487F0487CC348283
3|1327|LINA|MARIA|REALPE|NA|CC|27333186|1980-10-14|2|2|5|5169|9|2||7|07|||8|60.0|160|||2||||||||||||52UZPE01152001T08MT02EBS001H048752UZPE01152001T08MT02EBS001H0487F0487|52UZPE01152001T08MT02EBS001H048752UZPE01152001T08MT02EBS001H0487F0487CC27333186
3|1328|DAMIR|CAMILO|GUERRERO|REALPE|TI|1086895262|2008-05-07|1|2|3|9998|3|2||1|07|||8|70.0|170|||2||||||||||||52UZPE01152001T08MT02EBS001H048752UZPE01152001T08MT02EBS001H0487F0487|52UZPE01152001T08MT02EBS001H048752UZPE01152001T08MT02EBS001H0487F0487TI1086895262
3|1329|LAURA|KATEHERIN|SALAS|SALAS|CC|1081056771|2006-11-06|2|2|3|9998|5|2||7|07|||8|48.0|170|||2||||||||||||52UZPE01152001T08MT02EBS001H048852UZPE01152001T08MT02EBS001H0488F0488|52UZPE01152001T08MT02EBS001H048852UZPE01152001T08MT02EBS001H0488F0488CC1081056771
3|1330|OSWALDO|NOAPLICA|JOJOA|BENAVIDES|CC|5202677|1946-10-15|1|2|5|9998|2|1||3|07|||8|62.0|170|||2||||||||||||52UZPE01152001T08MT02EBS001H048952UZPE01152001T08MT02EBS001H0489F0489|52UZPE01152001T08MT02EBS001H048952UZPE01152001T08MT02EBS001H0489F0489CC5202677
3|1331|ALEJANDRO|NO|CABRERA|MERINO|CC|1004592162|2003-01-01|1|2|3|9510|5|1||7|07|||8|70.0|182|||2||||||||||||52UZPE01152001T08MT02EBS001H049052UZPE01152001T08MT02EBS001H0490F0490|52UZPE01152001T08MT02EBS001H049052UZPE01152001T08MT02EBS001H0490F0490CC1004592162
3|1332|SANDRA|MILENA|JOJOA|RAMIRES|CC|27086992|1977-11-20|2|2|3|9998|5|1||7|07|||8|80.0|170|||2||||||||||||52UZPE01152001T08MT02EBS001H049152UZPE01152001T08MT02EBS001H0491F0491|52UZPE01152001T08MT02EBS001H049152UZPE01152001T08MT02EBS001H0491F0491CC27086992
3|1333|OMAR|NO|VACA|RAMOS|CC|5208047|1942-05-09|1|2|5|9998|3|1||3|07|||8|60.0|156|||2||||||||||||52UZPE01152001T08MT02EBS001H049252UZPE01152001T08MT02EBS001H0492F0492|52UZPE01152001T08MT02EBS001H049252UZPE01152001T08MT02EBS001H0492F0492CC5208047
3|1334|WILSON|ENRIQUE|GUERRERO|JOJOA|CC|98398936|1977-11-11|1|2|1|9510|5|1||7|07|||8|94.0|165|||2||||||||||||52UZPE01152001T08MT02EBS001H049352UZPE01152001T08MT02EBS001H0493F0493|52UZPE01152001T08MT02EBS001H049352UZPE01152001T08MT02EBS001H0493F0493CC98398936
3|1335|DANIEL|ESTIVEN|GUERRERO|TUTALCHAN|CC|1004235069|2002-12-09|1|2|3|9998|7|1||7|07|||8|70.0|167|||2||||||||||||52UZPE01152001T08MT02EBS001H049352UZPE01152001T08MT02EBS001H0493F0493|52UZPE01152001T08MT02EBS001H049352UZPE01152001T08MT02EBS001H0493F0493CC1004235069
3|1336|MARIA|CRISTINA|BENAVIDES|BENAVIDES|CC|27061799|1937-08-08|2|2|5|9998|2|1||3|07|||8|90.0|165|||2||||||||||||52UZPE01152001T08MT02EBS001H049452UZPE01152001T08MT02EBS001H0494F0494|52UZPE01152001T08MT02EBS001H049452UZPE01152001T08MT02EBS001H0494F0494CC27061799
3|1337|GLORIA|ESPERANZA|ORTEGA|CORDOBA|CC|30729840|1956-11-03|2|2|5|9998|2|1||3|07|||8|50.0|155|||2||||||||||||52UZPE01152001T08MT02EBS001H049552UZPE01152001T08MT02EBS001H0495F0495|52UZPE01152001T08MT02EBS001H049552UZPE01152001T08MT02EBS001H0495F0495CC30729840
3|1338|MERCEDES|ESMERALDA|AREBALO|PAREDES|CC|59820056|1971-08-02|2|2|5|9998|3|1||7|07|||8|59.0|160|||2||||||||||||52UZPE01152001T08MT02EBS001H049652UZPE01152001T08MT02EBS001H0496F0496|52UZPE01152001T08MT02EBS001H049652UZPE01152001T08MT02EBS001H0496F0496CC59820056
3|1339|BRANDON|ARLEY|MONCAYO|AREVALO|CC|1193218598|2000-10-10|1|2|3|9998|5|1||7|07|||8|68.0|170|||2||||||||||||52UZPE01152001T08MT02EBS001H049652UZPE01152001T08MT02EBS001H0496F0496|52UZPE01152001T08MT02EBS001H049652UZPE01152001T08MT02EBS001H0496F0496CC1193218598
3|1340|AMAPRO|NOAPLICA|RUBIO|NOAPLICA|CC|59813957|1972-12-06|2|2|5|9998|4|1||7|07|||8|65.0|170|||2||||||||||||52UZPE01152001T08MT02EBS001H049752UZPE01152001T08MT02EBS001H0497F0497|52UZPE01152001T08MT02EBS001H049752UZPE01152001T08MT02EBS001H0497F0497CC59813957
3|1341|SARA|VALENTINA|MIRAMAG|GUERRERO|TI|1080703623|2017-04-17|2|2|3|9998|3|1||8|07|||8|35.0|145|||2||||||||||||52UZPE01152001T08MT02EBS001H049852UZPE01152001T08MT02EBS001H0498F0498|52UZPE01152001T08MT02EBS001H049852UZPE01152001T08MT02EBS001H0498F0498TI1080703623
3|1342|EDDY|SANTIAGO|MIRAMAG|GUERRERO|TI|1087816337|2010-11-04|1|2|3|9998|3|1||1|07|||8|65.0|180|||2||||||||||||52UZPE01152001T08MT02EBS001H049852UZPE01152001T08MT02EBS001H0498F0498|52UZPE01152001T08MT02EBS001H049852UZPE01152001T08MT02EBS001H0498F0498TI1087816337
3|1343|EDITH|ESLEBY|GUERRERO|MORIANO|CC|1004639369|1988-11-05|2|2|1|9510|5|2||7|07|||8|65.0|160|||2||||||||||||52UZPE01152001T08MT02EBS001H049852UZPE01152001T08MT02EBS001H0498F0498|52UZPE01152001T08MT02EBS001H049852UZPE01152001T08MT02EBS001H0498F0498CC1004639369
3|1344|MARTHA|INES|ROSERO|MURILLO|CC|30746411|1970-08-26|2|2|3|9998|4|1||7|07|||8|55.0|155|||2||||||||||||52UZPE01152001T08MT02EBS001H049952UZPE01152001T08MT02EBS001H0499F0499|52UZPE01152001T08MT02EBS001H049952UZPE01152001T08MT02EBS001H0499F0499CC30746411
3|1345|EFREN|NO|ROSERO|TUTAL|CC|1846110|1931-01-28|1|2|5|9998|2|2||3|07|||8|62.0|155|||2||||||||||||52UZPE01152001T08MT02EBS001H049952UZPE01152001T08MT02EBS001H0499F0499|52UZPE01152001T08MT02EBS001H049952UZPE01152001T08MT02EBS001H0499F0499CC1846110
3|1346|BERENICE|NO|MURILLO|ROSERO|CC|24657961|1938-07-15|2|2|5|9998|2|2||3|07|||8|52.0|150|||2||||||||||||52UZPE01152001T08MT02EBS001H049952UZPE01152001T08MT02EBS001H0499F0499|52UZPE01152001T08MT02EBS001H049952UZPE01152001T08MT02EBS001H0499F0499CC24657961
3|1347|WUILLIAM|NOAPLICA|PEREZ|NOAPLICA|CC|12966326|1960-11-17|1|2|3|9510|3|1||3|07|||8|75.0|180|||2||||||||||||52UZPE01152001T08MT02EBS001H050052UZPE01152001T08MT02EBS001H0500F0500|52UZPE01152001T08MT02EBS001H050052UZPE01152001T08MT02EBS001H0500F0500CC12966326
3|1348|MARIBEL|NOAPLICA|GAVIRIA|NOAPLICA|CC|1084222151|1987-10-26|1|2|5|9510|5|1||7|07|||8|56.0|160|||2||||||||||||52UZPE01152001T08MT02EBS001H050152UZPE01152001T08MT02EBS001H0501F0501|52UZPE01152001T08MT02EBS001H050152UZPE01152001T08MT02EBS001H0501F0501CC1084222151
3|1349|MIGUEL|SEBASTIAN|MUNOZ|GAVIRIA|CC|1080048034|1987-10-26|1|2|3|9998|7|1||7|07|||8|80.0|170|||2||||||||||||52UZPE01152001T08MT02EBS001H050152UZPE01152001T08MT02EBS001H0501F0501|52UZPE01152001T08MT02EBS001H050152UZPE01152001T08MT02EBS001H0501F0501CC1080048034
3|1350|CARLOS|ANDRES|GONZALEZ|NOAPLICA|CC|98399362|1977-05-20|1|2|3|9510|3|1||7|07|||8|75.0|167|||2||||||||||||52UZPE01152001T08MT02EBS001H050252UZPE01152001T08MT02EBS001H0502F0502|52UZPE01152001T08MT02EBS001H050252UZPE01152001T08MT02EBS001H0502F0502CC98399362
3|1351|JAVIER|ERNESTO|GONZALEZ|PAZ|CC|12989840|1965-09-29|1|2|3|9510|3|1||7|07|||8|75.0|168|||2||||||||||||52UZPE01152001T08MT02EBS001H050352UZPE01152001T08MT02EBS001H0503F0503|52UZPE01152001T08MT02EBS001H050352UZPE01152001T08MT02EBS001H0503F0503CC12989840
3|1352|MARIA|MELVA|GUERRERO|NOAPLICA|CC|27075285|1948-06-12|2|2|5|9998|2|2||3|07|||8|64.0|157|||2||||||||||||52UZPE01152001T08MT02EBS001H050752UZPE01152001T08MT02EBS001H0507F0507|52UZPE01152001T08MT02EBS001H050752UZPE01152001T08MT02EBS001H0507F0507CC27075285
3|1353|LUIS|ALBERTO|ALARCON|GUAMAN|CC|125921|1936-07-12|1|2|5|9998|2|1||3|07|||8|52.0|160|||2||||||||||||52UZPE01152001T08MT02EBS001H050852UZPE01152001T08MT02EBS001H0508F0508|52UZPE01152001T08MT02EBS001H050852UZPE01152001T08MT02EBS001H0508F0508CC125921
3|1354|LIBIA|NOAPLICA|CHAMORRO|NOAPLICA|CC|27079511|1950-12-17|2|2|5|9998|9|2||3|07|||8|78.0|151|||2||||||||||||52UZPE01152001T08MT02EBS001H050952UZPE01152001T08MT02EBS001H0509F0509|52UZPE01152001T08MT02EBS001H050952UZPE01152001T08MT02EBS001H0509F0509CC27079511
3|1355|ARMANDO|NOAPLICA|ALARCON|NOAPLICA|CC|12970878|1960-09-08|1|2|3|9998|3|1||3|07|||8|52.0|160|||2||||||||||||52UZPE01152001T08MT02EBS001H051052UZPE01152001T08MT02EBS001H0510F0510|52UZPE01152001T08MT02EBS001H051052UZPE01152001T08MT02EBS001H0510F0510CC12970878
3|1356|TERESA|NOAPLICA|PAIL|NOAPLICA|CC|1081132381|1962-06-12|2|2|5|9998|3|1||3|07|||8|57.0|158|||2||||||||||||52UZPE01152001T08MT02EBS001H051152UZPE01152001T08MT02EBS001H0511F0511|52UZPE01152001T08MT02EBS001H051152UZPE01152001T08MT02EBS001H0511F0511CC1081132381
3|1357|MARTHA|DELSOCORRO|CORDOBA|DELASSO|CC|30723635|1948-11-02|2|2|5|9999|2|1||3|07|||8|50.0|155|||2||||||||||||52UZPE01152001T09MT02EBS001H051252UZPE01152001T09MT02EBS001H0512F0512|52UZPE01152001T09MT02EBS001H051252UZPE01152001T09MT02EBS001H0512F0512CC30723635
3|1358|ALEJANDRO|DANIEL|POTOSI|ARTEAGA|CC|1085299311|1992-09-13|1|2|3|9510|3|1||7|07|||8|63.0|155|||2||||||||||||52UZPE01152001T09MT02EBS001H051352UZPE01152001T09MT02EBS001H0513F0513|52UZPE01152001T09MT02EBS001H051352UZPE01152001T09MT02EBS001H0513F0513CC1085299311
3|1359|GIOVANNY|ALEXANDER|CORDOBA|BURBANO|CC|98380410|1971-05-22|1|2|3|9622|3|1||7|07|||8|70.0|173|||2||||||||||||52UZPE01152001T09MT02EBS001H051452UZPE01152001T09MT02EBS001H0514F0514|52UZPE01152001T09MT02EBS001H051452UZPE01152001T09MT02EBS001H0514F0514CC98380410
3|1360|YUDEISI|ADREINA|INOJOSA|LUGO|PT|20293947|1995-10-10|2|2|3|9622|3|1||7|07|||8|63.0|155|||2||||||||||||52UZPE01152001T09MT02EBS001H051552UZPE01152001T09MT02EBS001H0515F0515|52UZPE01152001T09MT02EBS001H051552UZPE01152001T09MT02EBS001H0515F0515PT20293947
3|1361|JOSE|FERNANDO|BOLANOS|NOTIENE|CC|5203764|1978-07-08|1|2|5|9622|3|1||7|07|||8|75.0|164|||2||||||||||||52UZPE01152001T09MT02EBS001H051652UZPE01152001T09MT02EBS001H0516F0516|52UZPE01152001T09MT02EBS001H051652UZPE01152001T09MT02EBS001H0516F0516CC5203764
3|1362|MARIA|JOSEFINA|MUESES|JOJOA|CC|59829336|1974-10-17|2|2|5|9622|2|1||7|07|||8|55.0|155|||2||||||||||||52UZPE01152001T09MT02EBS001H051752UZPE01152001T09MT02EBS001H0517F0517|52UZPE01152001T09MT02EBS001H051752UZPE01152001T09MT02EBS001H0517F0517CC59829336
3|1363|CLARA|NOEMI|CAICEDO|NOTIENE|CC|30703054|1946-08-08|2|2|5|9622|3|1||3|07|||8|64.0|155|||2||||||||||||52UZPE01152001T09MT02EBS001H051852UZPE01152001T09MT02EBS001H0518F0518|52UZPE01152001T09MT02EBS001H051852UZPE01152001T09MT02EBS001H0518F0518CC30703054
3|1364|MARIA|LUCIA|PINZA|CASTRO|CC|30703439|1952-01-14|2|2|5|9622|2|2||3|07|||8|56.0|147|||2||||||||||||52UZPE01152001T09MT02EBS001H051952UZPE01152001T09MT02EBS001H0519F0519|52UZPE01152001T09MT02EBS001H051952UZPE01152001T09MT02EBS001H0519F0519CC30703439
3|1365|MARTHA|CECILIA|ORTIZ|NOTIENE|CC|30712665|1956-11-28|2|2|5|9622|3|1||3|07|||8|75.0|155|||2||||||||||||52UZPE01152001T09MT02EBS001H052052UZPE01152001T09MT02EBS001H0520F0520|52UZPE01152001T09MT02EBS001H052052UZPE01152001T09MT02EBS001H0520F0520CC30712665
3|1366|LUZ|ANGELICA|ROSERO|LOPEZ|CC|59818269|1972-01-30|2|2|5|9622|2|1||7|07|||8|60.0|158|||2||||||||||||52UZPE01152001T09MT02EBS001H052152UZPE01152001T09MT02EBS001H0521F0521|52UZPE01152001T09MT02EBS001H052152UZPE01152001T09MT02EBS001H0521F0521CC59818269
3|1367|KAROL|VALENTINA|FINLEY|ROSERO|CC|1081273547|2004-09-02|2|2|3|9622|7|1||7|07|||8|58.0|160|||2||||||||||||52UZPE01152001T09MT02EBS001H052152UZPE01152001T09MT02EBS001H0521F0521|52UZPE01152001T09MT02EBS001H052152UZPE01152001T09MT02EBS001H0521F0521CC1081273547
3|1368|MARIA|GRACIELA|DIAZ|DIAZ|CC|27400283|1954-05-15|2|2|2|9998|2|1||3|07|||8|79.0|150|||2||||||||||||52UZPE01152001T09MT02EBS001H052752UZPE01152001T09MT02EBS001H0527F0527|52UZPE01152001T09MT02EBS001H052752UZPE01152001T09MT02EBS001H0527F0527CC27400283
3|1369|HECTOR|NA|GUERRERO|NA|CC|6040956|1937-05-15|1|2|2|9998|2|1||3|07|||8|75.0|167|||2||||||||||||52UZPE01152001T09MT02EBS001H052752UZPE01152001T09MT02EBS001H0527F0527|52UZPE01152001T09MT02EBS001H052752UZPE01152001T09MT02EBS001H0527F0527CC6040956
3|1370|GABRIELA|NA|GUERRERO|NA|CC|1085336399|1997-08-27|2|2|4|9510|3|1||7|07|||8|65.0|156|||2||||||||||||52UZPE01152001T09MT02EBS001H052852UZPE01152001T09MT02EBS001H0528F0528|52UZPE01152001T09MT02EBS001H052852UZPE01152001T09MT02EBS001H0528F0528CC1085336399
3|1371|HECTOR|DARIO|GUERRERO|DIAZ|CC|1004592867|2000-07-08|1|2|4|9998|3|1||7|07|||8|62.0|160|||2||||||||||||52UZPE01152001T09MT02EBS001H052852UZPE01152001T09MT02EBS001H0528F0528|52UZPE01152001T09MT02EBS001H052852UZPE01152001T09MT02EBS001H0528F0528CC1004592867
3|1372|MARIA|TERESA|MORAN|BASTIDAS|CC|27075277|1940-08-26|2|2|5|9998|2|1||3|07|||8|63.0|150|||2||||||||||||52UZPE01152001T09MT02EBS001H052952UZPE01152001T09MT02EBS001H0529F0529|52UZPE01152001T09MT02EBS001H052952UZPE01152001T09MT02EBS001H0529F0529CC27075277
3|1373|BENAVIDES|OBANDO|CARLOS|ALBERTO|CC|12749745|1977-05-13|1|2|3|5169|3|1||7|07|||8|57.0|163|||2||||||||||||52UZPE01152001T09MT02EBS001H053052UZPE01152001T09MT02EBS001H0530F0530|52UZPE01152001T09MT02EBS001H053052UZPE01152001T09MT02EBS001H0530F0530CC12749745
3|1374|INGRID|KETERINE|BUESAQUILLO|JOJOA|CC|1233192361|1998-08-27|2|2|6|9510|3|1||7|07|||8|56.0|155|||2||||||||||||52UZPE01152001T09MT02EBS001H053252UZPE01152001T09MT02EBS001H0532F0532|52UZPE01152001T09MT02EBS001H053252UZPE01152001T09MT02EBS001H0532F0532CC1233192361
3|1375|YANIRA|NA|QUIROZ|CUATIN|CC|1087425653|1998-08-25|2|2|6|5169|3|2||7|07|||8|58.0|163|||2||||||||||||52UZPE01152001T09MT02EBS001H053252UZPE01152001T09MT02EBS001H0532F0532|52UZPE01152001T09MT02EBS001H053252UZPE01152001T09MT02EBS001H0532F0532CC1087425653
3|1376|CARMEN|NOTIENE|GUERRERO|YARPAZ|CC|30714709|1956-04-30|2|2|2|9998|3|2||3|07|||8|70.0|155|||2||||||||||||52UZPE01152001T09MT02EBS001H053152UZPE01152001T09MT02EBS001H0531F0531|52UZPE01152001T09MT02EBS001H053152UZPE01152001T09MT02EBS001H0531F0531CC30714709
3|1377|JAVIER|EDMUNDO|RAMIREZ|DIAZ|CC|12967417|1957-12-05|1|2|2|9998|3|2||3|07|||8|70.0|167|||2||||||||||||52UZPE01152001T09MT02EBS001H053352UZPE01152001T09MT02EBS001H0533F0533|52UZPE01152001T09MT02EBS001H053352UZPE01152001T09MT02EBS001H0533F0533CC12967417
3|1378|CARMEN|DELSOCORRO|BURBANO|PORTILLA|CC|30716633|1955-06-07|2|2|2|9998|3|2||3|07|||8|89.0|155|||2||||||||||||52UZPE01152001T09MT02EBS001H053352UZPE01152001T09MT02EBS001H0533F0533|52UZPE01152001T09MT02EBS001H053352UZPE01152001T09MT02EBS001H0533F0533CC30716633
3|1379|ANA|ALEJANDRA|RAMIREZ|BURBANO|CC|1085315013|1994-08-12|2|2|3|5169|5|2||7|07|||8|80.0|160|||2||||||||||||52UZPE01152001T09MT02EBS001H053352UZPE01152001T09MT02EBS001H0533F0533|52UZPE01152001T09MT02EBS001H053352UZPE01152001T09MT02EBS001H0533F0533CC1085315013
3|1380|ANA|MILENA|RAMIREZ|BURBANO|CC|27090289|1979-06-20|2|2|2|5169|5|2||7|07|||8|80.0|160|||2||||||||||||52UZPE01152001T09MT02EBS001H053452UZPE01152001T09MT02EBS001H0534F0534|52UZPE01152001T09MT02EBS001H053452UZPE01152001T09MT02EBS001H0534F0534CC27090289
3|1381|JUAN|CARLOS|CEBALLOS|ORTEGA|CC|87103607|1985-12-31|1|2|2|5169|7|2||7|07|||8|76.0|167|||2||||||||||||52UZPE01152001T09MT02EBS001H053452UZPE01152001T09MT02EBS001H0534F0534|52UZPE01152001T09MT02EBS001H053452UZPE01152001T09MT02EBS001H0534F0534CC87103607
3|1382|GLORIA|DELCARMEN|YELA|DEMONCAYO|CC|30712048|1955-05-22|2|2|1|9998|2|2||3|07|||8|74.0|151|||2||||||||||||52UZPE01152001T08MT01EBS001H053552UZPE01152001T08MT01EBS001H0535F0535|52UZPE01152001T08MT01EBS001H053552UZPE01152001T08MT01EBS001H0535F0535CC30712048
3|1383|ROBERTO|OSWALDO|MONCAYO|HIDALGO|CC|12855329|1949-05-20|1|2|2|5169|3|2||3|07|||8|82.0|170|||2||||||||||||52UZPE01152001T08MT01EBS001H053552UZPE01152001T08MT01EBS001H0535F0535|52UZPE01152001T08MT01EBS001H053552UZPE01152001T08MT01EBS001H0535F0535CC12855329
3|1384|EDWARD|ROBERTO|MONCAYO|YELA|CC|98383346|1973-01-21|1|2|3|5169|7|2||7|07|||8|12.5|180|||2||||||||||||52UZPE01152001T08MT01EBS001H053552UZPE01152001T08MT01EBS001H0535F0535|52UZPE01152001T08MT01EBS001H053552UZPE01152001T08MT01EBS001H0535F0535CC98383346
3|1385|NELSON|EFRAIN|MONCAYO|YELA|CC|87065851|1974-12-08|1|2|3|9998|13|1||7|07|||8|64.0|161|||2||||||||||||52UZPE01152001T08MT01EBS001H053552UZPE01152001T08MT01EBS001H0535F0535|52UZPE01152001T08MT01EBS001H053552UZPE01152001T08MT01EBS001H0535F0535CC87065851
3|1386|SAMUEL|FELIPE|MONCAYO|GUERRERO|TI|1080054829|2009-05-31|1|2|3|9998|3|2||1|07|||8|58.0|171|||2||||||||||||52UZPE01152001T08MT01EBS001H053552UZPE01152001T08MT01EBS001H0535F0535|52UZPE01152001T08MT01EBS001H053552UZPE01152001T08MT01EBS001H0535F0535TI1080054829
3|1387|ROBERTO|OSWALDO|MONCAYO|HIDALGO|CC|12355329|1949-03-20|1|2|2|9998|2|2||3|07|||8|80.0|175|||2||||||||||||52UZPE01152001T08MT01EBS001H053652UZPE01152001T08MT01EBS001H0536F0536|52UZPE01152001T08MT01EBS001H053652UZPE01152001T08MT01EBS001H0536F0536CC12355329
3|1388|OFELIA|NOTIENE|ROSERO|NOTIENE|CC|27068670|1939-12-09|2|2|2|9622|2|2||3|07|||8|66.0|150|||2||||||||||||52UZPE01152001T09MT02EBS001H053752UZPE01152001T09MT02EBS001H0537F0537|52UZPE01152001T09MT02EBS001H053752UZPE01152001T09MT02EBS001H0537F0537CC27068670
3|1389|GLORIA|AMPARO|NARVAEZ|PAUCAR|CC|30704793|1953-06-08|2|2|5|9622|2|1||3|07|||8|62.0|155|||2||||||||||||52UZPE01152001T09MT02EBS001H053852UZPE01152001T09MT02EBS001H0538F0538|52UZPE01152001T09MT02EBS001H053852UZPE01152001T09MT02EBS001H0538F0538CC30704793
3|1390|MATIAS|NOTIENE|MEZA|CRUZ|TI|1081284332|2014-08-03|1|2|3|9998|3|2||8|07|||8|40.0|125|||2||||||||||||52UZPE01152001T09MT02EBS001H053952UZPE01152001T09MT02EBS001H0539F0539|52UZPE01152001T09MT02EBS001H053952UZPE01152001T09MT02EBS001H0539F0539TI1081284332
3|1391|MARIA|ELIZABETH|CRUZ|CORONEL|CC|1085283405|1990-08-30|2|2|5|9622|3|2||7|07|||8|60.0|157|||2||||||||||||52UZPE01152001T09MT02EBS001H053952UZPE01152001T09MT02EBS001H0539F0539|52UZPE01152001T09MT02EBS001H053952UZPE01152001T09MT02EBS001H0539F0539CC1085283405
3|1392|NESTOR|GILBERTO|CORDOBA|DELACRUZ|CC|13978833|1963-06-06|1|2|2|9998|3|1||3|07|||8|74.0|162|||2||||||||||||52UZPE01152001T09MT02EBS001H054052UZPE01152001T09MT02EBS001H0540F0540|52UZPE01152001T09MT02EBS001H054052UZPE01152001T09MT02EBS001H0540F0540CC13978833
3|1393|CECILIA|MARGARITA|MONCAYO|HIDALGO|CC|30727589|1959-10-07|2|2|2|9998|3|1||3|07|||8|75.0|155|||2||||||||||||52UZPE01152001T09MT02EBS001H054052UZPE01152001T09MT02EBS001H0540F0540|52UZPE01152001T09MT02EBS001H054052UZPE01152001T09MT02EBS001H0540F0540CC30727589
3|1394|NESTOR|ALEXANDER|CORDOBA|MONCAYO|CC|1085244142|1985-03-28|1|2|3|9999|3|1||7|07|||8|68.0|167|||2||||||||||||52UZPE01152001T09MT02EBS001H054052UZPE01152001T09MT02EBS001H0540F0540|52UZPE01152001T09MT02EBS001H054052UZPE01152001T09MT02EBS001H0540F0540CC1085244142
3|1395|JULIAN|ESTEBAN|MENA|CORDOBA|RC|1030003746|2022-11-02|1|2|3|9998|3|1||8|07|||8|||||2||||||||||||52UZPE01152001T09MT02EBS001H054752UZPE01152001T09MT02EBS001H0547F0547|52UZPE01152001T09MT02EBS001H054752UZPE01152001T09MT02EBS001H0547F0547RC1030003746
3|1396|JAVIER|HERNANDO|MENA|CANCIMANCI|CC|87304035|1982-11-28|1|2|2|5169|3|2||7|07|||8|75.0|172|||2||||||||||||52UZPE01152001T09MT02EBS001H054752UZPE01152001T09MT02EBS001H0547F0547|52UZPE01152001T09MT02EBS001H054752UZPE01152001T09MT02EBS001H0547F0547CC87304035
3|1397|MARISELA|STEPHANIA|CORDOBA|MONCAYO|CC|1085294164|1992-01-05|2|2|2|9998|3|2||7|07|||8|52.0|150|||2||||||||||||52UZPE01152001T09MT02EBS001H054752UZPE01152001T09MT02EBS001H0547F0547|52UZPE01152001T09MT02EBS001H054752UZPE01152001T09MT02EBS001H0547F0547CC1085294164
3|1398|MARTHA|DELSOCORRO|CUASTUMAL|ARGOTY|CC|59821928|1968-03-16|2|2|5|9998|2|1||7|07|||8|58.0|152|||2||||||||||||52UZPE01152001T09MT02EBS001H054852UZPE01152001T09MT02EBS001H0548F0548|52UZPE01152001T09MT02EBS001H054852UZPE01152001T09MT02EBS001H0548F0548CC59821928
3|1399|M|DELSOCORRO|CUASTUMAL|ARGOTY|CC|110022224659821928|1968-03-16|2|2|3|9998|3|1||7|07|||8|54.0|155|||2||||||||||||52UZPE01152001T09MT02EBS001H054852UZPE01152001T09MT02EBS001H0548F0548|52UZPE01152001T09MT02EBS001H054852UZPE01152001T09MT02EBS001H0548F0548CC110022224659821928
3|1400|KAREN|MAYERLY|SANCHEZ|CUASTUMAL|CC|100222246|1994-08-15|2|2|5|9998|3|1||7|07|||8|58.0|156|||2||||||||||||52UZPE01152001T09MT02EBS001H054952UZPE01152001T09MT02EBS001H0549F0549|52UZPE01152001T09MT02EBS001H054952UZPE01152001T09MT02EBS001H0549F0549CC100222246
3|1401|GABRIELA|ISABEL|DIAZ|SANCHEZ|TI|1081283640|2013-09-21|2|2|3|9998|3|1||8|07|||8|38.0|140|||2||||||||||||52UZPE01152001T09MT02EBS001H054952UZPE01152001T09MT02EBS001H0549F0549|52UZPE01152001T09MT02EBS001H054952UZPE01152001T09MT02EBS001H0549F0549TI1081283640
3|1402|JOSE|MIGUEL|ANGULO|SANCHEZ|RC|1080069910|2019-08-23|1|2|3|9998|3|1||8|07|||8|35.0|128|||2||||||||||||52UZPE01152001T09MT02EBS001H054952UZPE01152001T09MT02EBS001H0549F0549|52UZPE01152001T09MT02EBS001H054952UZPE01152001T09MT02EBS001H0549F0549RC1080069910
3|1403|EDGAR|ARMANDO|ALVAREZ|NOTIENE|CC|12953077|1951-02-16|1|2|2|9998|2|1||3|07|||8|76.0|170|||2||||||||||||52UZPE01152001T09MT02EBS001H056052UZPE01152001T09MT02EBS001H0560F0560|52UZPE01152001T09MT02EBS001H056052UZPE01152001T09MT02EBS001H0560F0560CC12953077
3|1404|OLGA|MARINA|TORRES|ZAMBRANO|CC|30705269|1953-02-28|2|2|2|9998|2|1||3|07|||8|58.0|155|||2||||||||||||52UZPE01152001T09MT02EBS001H056052UZPE01152001T09MT02EBS001H0560F0560|52UZPE01152001T09MT02EBS001H056052UZPE01152001T09MT02EBS001H0560F0560CC30705269
3|1405|OLGA|MARINA|ALVAREZ|TORRES|CC|1085257875|1986-12-05|2|2|3|9998|3|1||7|07|||8|55.0|154|||2||||||||||||52UZPE01152001T09MT02EBS001H056052UZPE01152001T09MT02EBS001H0560F0560|52UZPE01152001T09MT02EBS001H056052UZPE01152001T09MT02EBS001H0560F0560CC1085257875
3|1406|MILAN|ALEXANDER|CORDOBA|ALVAREZ|RC|1080074147|2023-11-17|1|2|3|9998|3|1||8|07|||8|||||2||||||||||||52UZPE01152001T09MT02EBS001H056052UZPE01152001T09MT02EBS001H0560F0560|52UZPE01152001T09MT02EBS001H056052UZPE01152001T09MT02EBS001H0560F0560RC1080074147
3|1407|SUSANA|ANDREA|ALVAREZ|TORRES|CC|1085252743|1985-09-11|2|2|5|9998|3|1||7|07|||8|54.0|152|||2||||||||||||52UZPE01152001T09MT02EBS001H056152UZPE01152001T09MT02EBS001H0561F0561|52UZPE01152001T09MT02EBS001H056152UZPE01152001T09MT02EBS001H0561F0561CC1085252743
3|1408|SARA|LIZETH|DELGADO|ALVAREZ|TI|1081277938|2008-03-14|2|2|3|9998|3|1||1|07|||8|50.0|152|||2||||||||||||52UZPE01152001T09MT02EBS001H056152UZPE01152001T09MT02EBS001H0561F0561|52UZPE01152001T09MT02EBS001H056152UZPE01152001T09MT02EBS001H0561F0561TI1081277938
3|1409|PEDRO|ANTONIO|CORDOBA|NOTIENE|CC|12973285|1956-06-23|1|2|2|9998|3|2||3|07|||8|76.0|168|||2||||||||||||52UZPE01152001T09MT02EBS001H056452UZPE01152001T09MT02EBS001H0564F0564|52UZPE01152001T09MT02EBS001H056452UZPE01152001T09MT02EBS001H0564F0564CC12973285
3|1410|ERIKA|LOURDES|YEPEZ|NOTIENE|CC|30725343|1959-02-02|2|2|2|9998|3|2||3|07|||8|75.0|152|||2||||||||||||52UZPE01152001T09MT02EBS001H056452UZPE01152001T09MT02EBS001H0564F0564|52UZPE01152001T09MT02EBS001H056452UZPE01152001T09MT02EBS001H0564F0564CC30725343
3|1411|JOSE|LAUREANO|MAIGUAL|NOTIENE|CC|12950857|1945-04-21|1|2|1|9510|3|2||3|07|||8|80.0|170|||2||||||||||||52UZPE01152001T09MT02EBS001H056552UZPE01152001T09MT02EBS001H0565F0565|52UZPE01152001T09MT02EBS001H056552UZPE01152001T09MT02EBS001H0565F0565CC12950857
3|1412|INGRID|NOTIENE|BRAVO|ORTIZ|CC|27253286|1983-03-30|2|2|5|9998|2|1||7|07|||8|70.0|160|||2||||||||||||52UZPE01152001T09MT02EBS001H056652UZPE01152001T09MT02EBS001H0566F0566|52UZPE01152001T09MT02EBS001H056652UZPE01152001T09MT02EBS001H0566F0566CC27253286
3|1413|JEFERSON|NOTIENE|SANTACRUZ|BRAVO|CC|1081273386|2004-06-11|1|2|3|9510|3|1||7|07|||8|70.0|175|||2||||||||||||52UZPE01152001T09MT02EBS001H056652UZPE01152001T09MT02EBS001H0566F0566|52UZPE01152001T09MT02EBS001H056652UZPE01152001T09MT02EBS001H0566F0566CC1081273386
3|1414|ANGELA|ROCIO|BERNAL|MORAN|CC|30745281|1964-07-13|2|2|5|9998|3|1||3|07|||8|56.0|149|||2||||||||||||52UZPE01152001T09MT02EBS001H056752UZPE01152001T09MT02EBS001H0567F0567|52UZPE01152001T09MT02EBS001H056752UZPE01152001T09MT02EBS001H0567F0567CC30745281
3|1415|ESTEBAN|CAMILO|BENAVIDES|BERNAL|CC|1085290482|1991-07-31|1|2|3|5169|5|2||7|07|||8|75.0|173|||2||||||||||||52UZPE01152001T09MT02EBS001H056752UZPE01152001T09MT02EBS001H0567F0567|52UZPE01152001T09MT02EBS001H056752UZPE01152001T09MT02EBS001H0567F0567CC1085290482
3|1416|JHON|ALEXANDER|BENAVIDES|BERNAL|CC|87069094|1984-12-03|1|2|3|9510|3|1||7|07|||8|60.0|170|||2||||||||||||52UZPE01152001T09MT02EBS001H056752UZPE01152001T09MT02EBS001H0567F0567|52UZPE01152001T09MT02EBS001H056752UZPE01152001T09MT02EBS001H0567F0567CC87069094
3|1417|AURA|TERESA|ACHICANOY|YAQUENO|CC|30721365|1960-09-30|2|2|2|9998|2|1||3|07|||8|55.0|150|||2||||||||||||52UZPE01152001T09MT02EBS001H056852UZPE01152001T09MT02EBS001H0568F0568|52UZPE01152001T09MT02EBS001H056852UZPE01152001T09MT02EBS001H0568F0568CC30721365
3|1418|NELSON|JAVIER|OBANDO|NOTIENE|CC|12970061|1960-02-08|1|2|2|9510|2|1||3|07|||8|65.0|150|||2||||||||||||52UZPE01152001T09MT02EBS001H056852UZPE01152001T09MT02EBS001H0568F0568|52UZPE01152001T09MT02EBS001H056852UZPE01152001T09MT02EBS001H0568F0568CC12970061
3|1419|ELVIRA|DELCARMEN|MUTIS|BURBANO|CC|30704861|1950-07-15|2|2|5|9998|2|1||3|07|||8|48.0|147|||2||||||||||||52UZPE01152001T09MT02EBS001H056952UZPE01152001T09MT02EBS001H0569F0569|52UZPE01152001T09MT02EBS001H056952UZPE01152001T09MT02EBS001H0569F0569CC30704861
3|1420|DIEGO|FERNANDO|PIANDS|MUTIS|CC|87069984|1984-05-20|1|2|3|9510|3|1||7|07|||8|70.0|166|||2||||||||||||52UZPE01152001T09MT02EBS001H056952UZPE01152001T09MT02EBS001H0569F0569|52UZPE01152001T09MT02EBS001H056952UZPE01152001T09MT02EBS001H0569F0569CC87069984
3|1421|FERNANDO|ANTONIO|BENAVIDES|NOTIENE|CC|12985972|1962-12-24|1|2|2|9510|2|2||3|07|||8|85.0|174|||2||||||||||||52UZPE01152001T09MT02EBS001H057052UZPE01152001T09MT02EBS001H0570F0570|52UZPE01152001T09MT02EBS001H057052UZPE01152001T09MT02EBS001H0570F0570CC12985972
3|1422|JACQUELINE|NOTIENE|CORDOBA|SANTACRUZ|CC|30738084|1967-01-08|2|2|2|9998|3|2||7|07|||8|65.0|163|||2||||||||||||52UZPE01152001T09MT02EBS001H057052UZPE01152001T09MT02EBS001H0570F0570|52UZPE01152001T09MT02EBS001H057052UZPE01152001T09MT02EBS001H0570F0570CC30738084
3|1423|ALBA|ALICIA|ACOSTA|ORTEGA|CC|27301322|1941-12-31|2|2|1|9998|2|1||3|07|||8|56.0|150|||2||||||||||||52UZPE01152001T09MT02EBS001H057152UZPE01152001T09MT02EBS001H0571F0571|52UZPE01152001T09MT02EBS001H057152UZPE01152001T09MT02EBS001H0571F0571CC27301322
3|1424|IRENE|NOTIENE|LUNA|AREVALO|CC|27445702|1932-07-24|2|2|1|9998|2|2||3|07|||8|50.0|146|||2||||||||||||52UZPE01152001T09MT02EBS001H057252UZPE01152001T09MT02EBS001H0572F0572|52UZPE01152001T09MT02EBS001H057252UZPE01152001T09MT02EBS001H0572F0572CC27445702
3|1425|CLODOMIRO|NOTIENE|TOBAR|QUIROZ|CC|130581451|1946-06-25|1|2|1|9510|2|2||3|07|||8|86.0|161|||2||||||||||||52UZPE01152001T09MT02EBS001H057352UZPE01152001T09MT02EBS001H0573F0573|52UZPE01152001T09MT02EBS001H057352UZPE01152001T09MT02EBS001H0573F0573CC130581451
3|1426|GLORIA|LILIAANA|TOBAR|ARROYO|CC|36934080|1977-05-20|2|2|3|5169|5|2||7|07|||8|57.0|153|||2||||||||||||52UZPE01152001T09MT02EBS001H057352UZPE01152001T09MT02EBS001H0573F0573|52UZPE01152001T09MT02EBS001H057352UZPE01152001T09MT02EBS001H0573F0573CC36934080
3|1427|LIZETH|FERNANDA|HIDALGO|MENESES|CC|1085298643|1992-06-02|2|2|3|9998|3|1||7|07|||8|62.0|153|||2||||||||||||52UZPE01152001T09MT02EBS001H057452UZPE01152001T09MT02EBS001H0574F0574|52UZPE01152001T09MT02EBS001H057452UZPE01152001T09MT02EBS001H0574F0574CC1085298643
3|1428|GLADYS|DELCARMEN|MENESES|GOMEZ|CC|30718180|1960-07-16|2|2|5|9998|2|1||3|07|||8|75.0|152|||2||||||||||||52UZPE01152001T09MT02EBS001H057452UZPE01152001T09MT02EBS001H0574F0574|52UZPE01152001T09MT02EBS001H057452UZPE01152001T09MT02EBS001H0574F0574CC30718180
3|1429|ROSA|NELLY|PAREDES|NA|CC|30724529|1963-08-02|2|2|5|9998|2|1||3|07|||8|97.0|152|||2||||||||||||52UZPE01152001T09MT02EBS001H057552UZPE01152001T09MT02EBS001H0575F0575|52UZPE01152001T09MT02EBS001H057552UZPE01152001T09MT02EBS001H0575F0575CC30724529
3|1430|JESICA|NA|CERON|PAREDES|CC|1085261838|1987-10-17|2|2|3|9510|3|1||7|07|||8|85.0|156|||2||||||||||||52UZPE01152001T09MT02EBS001H057552UZPE01152001T09MT02EBS001H0575F0575|52UZPE01152001T09MT02EBS001H057552UZPE01152001T09MT02EBS001H0575F0575CC1085261838
3|1431|ANDRES|NA|RODRIGUEZ|ARGOTI|CC|1085288119|1991-10-05|1|2|1|9998|2|1||7|07|||8|56.0|156|||2||||||||||||52UZPE01152001T09MT02EBS001H057652UZPE01152001T09MT02EBS001H0576F0576|52UZPE01152001T09MT02EBS001H057652UZPE01152001T09MT02EBS001H0576F0576CC1085288119
3|1432|MERY|AMPARO|GRIJALBA|NA|CC|30729310|1964-07-12|2|2|1|5169|9|2||3|07|||8|38.0|150|||2||||||||||||52UZPE01152001T09MT02EBS001H057752UZPE01152001T09MT02EBS001H0577F0577|52UZPE01152001T09MT02EBS001H057752UZPE01152001T09MT02EBS001H0577F0577CC30729310
3|1433|MARITZA|DELSOCORRO|OLIVA|AREVALO|CC|37013419|1975-05-01|2|2|5|9998|3|1||7|07|||8|76.0|160|||2||||||||||||52UZPE01152001T09MT02EBS001H057852UZPE01152001T09MT02EBS001H0578F0578|52UZPE01152001T09MT02EBS001H057852UZPE01152001T09MT02EBS001H0578F0578CC37013419
3|1434|KEVIN|DAVID|PORTILLA|OLIVA|CC|1004192281|2003-01-24|1|2|3|9998|3|1||7|07|||8|76.0|180|||2||||||||||||52UZPE01152001T09MT02EBS001H057852UZPE01152001T09MT02EBS001H0578F0578|52UZPE01152001T09MT02EBS001H057852UZPE01152001T09MT02EBS001H0578F0578CC1004192281
3|1435|JORGE|IVAN|ARTEAGA|NARVAEZ|CC|12991582|1966-02-05|1|2|3|5169|3|1||7|07|||8|65.0|168|||2||||||||||||52UZPE01152001T09MT02EBS001H057952UZPE01152001T09MT02EBS001H0579F0579|52UZPE01152001T09MT02EBS001H057952UZPE01152001T09MT02EBS001H0579F0579CC12991582
3|1436|ARTEAGA|NARVAEZ|OSCAR|CONRADO|CC|12974665|1960-05-23|1|2|3|5169|3|1||3|07|||8|76.0|179|||2||||||||||||52UZPE01152001T09MT02EBS001H057952UZPE01152001T09MT02EBS001H0579F0579|52UZPE01152001T09MT02EBS001H057952UZPE01152001T09MT02EBS001H0579F0579CC12974665
3|1437|MARIA|BLANCA|NARVAEZ|DEARTEAGA|CC|27063958|1935-12-09|2|2|1|9998|2|1||3|07|||8|50.0|155|||2||||||||||||52UZPE01152001T09MT02EBS001H057952UZPE01152001T09MT02EBS001H0579F0579|52UZPE01152001T09MT02EBS001H057952UZPE01152001T09MT02EBS001H0579F0579CC27063958
3|1438|GERARDO|ALFREDO|ARTEAGA|NARVAEZ|CC|12984601|1963-02-14|1|2|3|5169|2|1||3|07|||8|70.0|170|||2||||||||||||52UZPE01152001T09MT02EBS001H057952UZPE01152001T09MT02EBS001H0579F0579|52UZPE01152001T09MT02EBS001H057952UZPE01152001T09MT02EBS001H0579F0579CC12984601
3|1439|DILSIA|DELCARMEN|RAMOS|NA|CC|30722731|1955-12-21|2|2|1|9622|2|2||3|07|||8|68.0|156|||2||||||||||||52UZPE01152001T09MT02EBS001H058052UZPE01152001T09MT02EBS001H0580F0580|52UZPE01152001T09MT02EBS001H058052UZPE01152001T09MT02EBS001H0580F0580CC30722731
3|1440|KAROL|DANIELA|ROSERO|CIFUENTES|CC|1085341091|1998-07-02|2|2|3|9998|7|2||7|07|||8|54.0|150|||2||||||||||||52UZPE01152001T09MT02EBS001H058152UZPE01152001T09MT02EBS001H0581F0581|52UZPE01152001T09MT02EBS001H058152UZPE01152001T09MT02EBS001H0581F0581CC1085341091
3|1441|DORIS|NA|CIFUENTES|NA|CC|27087306|1978-03-21|2|2|5|9998|7|2||7|07|||8|66.0|150|||2||||||||||||52UZPE01152001T09MT02EBS001H058152UZPE01152001T09MT02EBS001H0581F0581|52UZPE01152001T09MT02EBS001H058152UZPE01152001T09MT02EBS001H0581F0581CC27087306
3|1442|FRANCIS|NA|LUNA|ZAMBRANO|CC|98398491|1977-07-21|1|2|5|9622|7|1||7|07|||8|84.0|168|||2||||||||||||52UZPE01152001T09MT02EBS001H058152UZPE01152001T09MT02EBS001H0581F0581|52UZPE01152001T09MT02EBS001H058152UZPE01152001T09MT02EBS001H0581F0581CC98398491
3|1443|ESPERANZA|NA|RAMOS|GUSTIN|CC|30715683|1959-06-29|2|2|5|9998|2|1||3|07|||8|68.0|160|||2||||||||||||52UZPE01152001T09MT02EBS001H058252UZPE01152001T09MT02EBS001H0582F0582|52UZPE01152001T09MT02EBS001H058252UZPE01152001T09MT02EBS001H0582F0582CC30715683
3|1444|MARIO|ANDRES|GOMEZ|RAMOS|CC|1085317921|1995-01-15|1|2|3|9998|9|1||7|07|||8|70.0|165|||2||||||||||||52UZPE01152001T09MT02EBS001H058252UZPE01152001T09MT02EBS001H0582F0582|52UZPE01152001T09MT02EBS001H058252UZPE01152001T09MT02EBS001H0582F0582CC1085317921
3|1445|EUMENIA|LEONILDENOHEMI|GUACHAVEZ|ESPINOZA|CC|41584|1952-11-15|2|2|5|9998|2|1||3|07|||8|64.0|160|||2||||||||||||52UZPE01152001T09MT02EBS001H058352UZPE01152001T09MT02EBS001H0583F0583|52UZPE01152001T09MT02EBS001H058352UZPE01152001T09MT02EBS001H0583F0583CC41584
3|1446|DELEGADO|NOTIENE|LIGIA|STELLA|CC|41694023|1955-07-11|2|2|3|9998|2|1||3|07|||8|56.0|150|||2||||||||||||52UZPE01152001T09MT02EBS001H058452UZPE01152001T09MT02EBS001H0584F0584|52UZPE01152001T09MT02EBS001H058452UZPE01152001T09MT02EBS001H0584F0584CC41694023
3|1447|DOLORES|NOTIENE|DELGADO|NOTIENE|CC|27064544|1936-04-17|2|2|5|9998|2|1||3|07|||8|50.0|148|||2||||||||||||52UZPE01152001T09MT02EBS001H058452UZPE01152001T09MT02EBS001H0584F0584|52UZPE01152001T09MT02EBS001H058452UZPE01152001T09MT02EBS001H0584F0584CC27064544
3|1448|JUAN|FRANCISCO|CHAMORRO|NOTIENE|CC|12983749|1956-12-30|1|2|2|9510|2|1||3|07|||8|62.0|165|||2||||||||||||52UZPE01152001T09MT02EBS001H058552UZPE01152001T09MT02EBS001H0585F0585|52UZPE01152001T09MT02EBS001H058552UZPE01152001T09MT02EBS001H0585F0585CC12983749
3|1449|GLADYS|ALICIA|JOJOA|VILLOTA|CC|30720078|1961-10-08|2|2|2|9998|2|1||3|07|||8|50.0|147|||2||||||||||||52UZPE01152001T09MT02EBS001H058552UZPE01152001T09MT02EBS001H0585F0585|52UZPE01152001T09MT02EBS001H058552UZPE01152001T09MT02EBS001H0585F0585CC30720078
3|1450|ANGELA|NOTIENE|ARMERO|LASSO|CC|111589557|1961-10-08|2|2|5|9998|3|1||3|07|||8|85.0|162|||2||||||||||||52UZPE01152001T09MT02EBS001H058652UZPE01152001T09MT02EBS001H0586F0586|52UZPE01152001T09MT02EBS001H058652UZPE01152001T09MT02EBS001H0586F0586CC111589557
3|1451|AYDA|DELROSARIO|MENESES|GOMEZ|CC|30712529|1955-04-21|2|2|2|9998|2|1||3|07|||8|60.0|148|||2||||||||||||52UZPE01152001T09MT02EBS001H058752UZPE01152001T09MT02EBS001H0587F0587|52UZPE01152001T09MT02EBS001H058752UZPE01152001T09MT02EBS001H0587F0587CC30712529
3|1452|SEGUNDO|GUILLERMO|NARVAEZ|ZAMBRANO|CC|12958668|1952-04-05|1|2|2|9510|3|1||3|07|||8|62.0|162|||2||||||||||||52UZPE01152001T09MT02EBS001H058752UZPE01152001T09MT02EBS001H0587F0587|52UZPE01152001T09MT02EBS001H058752UZPE01152001T09MT02EBS001H0587F0587CC12958668
3|1453|OSCAR|ANDRES|ORTEGA|ROSERO|CC|1233190577|1997-06-21|1|2|6|9998|7|1||7|07|||8|69.0|165|||2||||||||||||52UZPE01152001T09MT02EBS001H059352UZPE01152001T09MT02EBS001H0593F0593|52UZPE01152001T09MT02EBS001H059352UZPE01152001T09MT02EBS001H0593F0593CC1233190577
3|1454|TERESA|NA|ROSERO|NA|CC|27064069|1941-04-30|2|2|5|9998|13|2||3|07|||8|58.0|150|||2||||||||||||52UZPE01152001T09MT02EBS001H059352UZPE01152001T09MT02EBS001H0593F0593|52UZPE01152001T09MT02EBS001H059352UZPE01152001T09MT02EBS001H0593F0593CC27064069
3|1455|JUAN|CARLOS|HERNANDEZ|ANDRADE|CC|1085278131|1989-11-03|1|2|2|9510|2|1||7|07|||8|70.0|175|||2||||||||||||52UZPE01152001T09MT02EBS001H059452UZPE01152001T09MT02EBS001H0594F0594|52UZPE01152001T09MT02EBS001H059452UZPE01152001T09MT02EBS001H0594F0594CC1085278131
3|1456|JUAN|DAVID|HERNANDEZ|ORTEGA|TI|1030001941|2016-02-08|1|2|3|9998|3|1||8|07|||8|32.0|130|||2||||||||||||52UZPE01152001T09MT02EBS001H059452UZPE01152001T09MT02EBS001H0594F0594|52UZPE01152001T09MT02EBS001H059452UZPE01152001T09MT02EBS001H0594F0594TI1030001941
3|1457|ALEXANDRA|MARIA|ORTEGA|ROSERO|CC|370872681|1984-03-15|2|2|2|9998|3|1||7|07|||8|69.0|155|||2||||||||||||52UZPE01152001T09MT02EBS001H059452UZPE01152001T09MT02EBS001H0594F0594|52UZPE01152001T09MT02EBS001H059452UZPE01152001T09MT02EBS001H0594F0594CC370872681
3|1458|DANA|SOFIA|HERNANDEZ|ORTEGA|TI|1080060269|2012-01-12|2|2|3|9998|3|1||1|07|||8|48.0|158|||2||||||||||||52UZPE01152001T09MT02EBS001H059452UZPE01152001T09MT02EBS001H0594F0594|52UZPE01152001T09MT02EBS001H059452UZPE01152001T09MT02EBS001H0594F0594TI1080060269
3|1459|DIEGO|HERNAN|RODRIGUEZ|GETIAL|CC|11935794121|2000-09-20|1|2|3|9998|7|1||7|07|||8|65.0|183|||2||||||||||||52UZPE01152001T09MT02EBS001H059852UZPE01152001T09MT02EBS001H0598F0598|52UZPE01152001T09MT02EBS001H059852UZPE01152001T09MT02EBS001H0598F0598CC11935794121
3|1460|ANGELA|MARIA|GETIAL|CORREA|CC|303378811|1976-04-14|2|2|2|9998|3|1||7|07|||8|65.0|160|||2||||||||||||52UZPE01152001T09MT02EBS001H059852UZPE01152001T09MT02EBS001H0598F0598|52UZPE01152001T09MT02EBS001H059852UZPE01152001T09MT02EBS001H0598F0598CC303378811
3|1461|OSCAR|LIBARDO|RODRIGUEZ|GETIAL|CC|129829921|1965-01-04|1|2|2|9510|7|1||3|07|||8|71.0|170|||2||||||||||||52UZPE01152001T09MT02EBS001H059852UZPE01152001T09MT02EBS001H0598F0598|52UZPE01152001T09MT02EBS001H059852UZPE01152001T09MT02EBS001H0598F0598CC129829921
3|1462|MAIRA|JULIANA|RODRIGUEZ|GETIAL|TI|10800543551|2009-02-25|2|2|3|9998|3|1||1|07|||8|50.0|158|||2||||||||||||52UZPE01152001T09MT02EBS001H059852UZPE01152001T09MT02EBS001H0598F0598|52UZPE01152001T09MT02EBS001H059852UZPE01152001T09MT02EBS001H0598F0598TI10800543551
3|1463|OSWALDO|HERNESTO|CALVACHE|GUERRERO|CC|12964762|1956-07-19|1|2|4|9510|2|1||3|07|||8|54.0|157|||2||||||||||||52UZPE01152001T09MT01EBS001H059952UZPE01152001T09MT01EBS001H0599F0599|52UZPE01152001T09MT01EBS001H059952UZPE01152001T09MT01EBS001H0599F0599CC12964762
3|1464|MARCO|FIDEL|GOMEZ|MUNOZ|CC|4708029|1951-09-16|1|2|1|9510|2|1||3|07|||8|58.0|155|||2||||||||||||52UZPE01152001T09MT03EBS001H060052UZPE01152001T09MT03EBS001H0600F0600|52UZPE01152001T09MT03EBS001H060052UZPE01152001T09MT03EBS001H0600F0600CC4708029
3|1465|PAOLA|MILENA|GOMEZ|DELGADO|CC|27094912|1980-03-19|2|2|3|9998|3|1||7|07|||8|49.0|160|||2||||||||||||52UZPE01152001T09MT03EBS001H060052UZPE01152001T09MT03EBS001H0600F0600|52UZPE01152001T09MT03EBS001H060052UZPE01152001T09MT03EBS001H0600F0600CC27094912
3|1466|ANA|MARIA|NARVAEZ|NA|CC|30702106|1951-01-07|2|2|3|9998|2|1||3|07|||8|48.0|150|||2||||||||||||52UZPE01152001T09MT02EBS001H060252UZPE01152001T09MT02EBS001H0602F0602|52UZPE01152001T09MT02EBS001H060252UZPE01152001T09MT02EBS001H0602F0602CC30702106
3|1467|MARIA|DELROSARIO|PARRA|DENARVAEZ|CC|27057053|1925-09-08|2|2|5|9998|1|1||3|07|||1|48.0|140|||2||||||||||||52UZPE01152001T09MT02EBS001H060252UZPE01152001T09MT02EBS001H0602F0602|52UZPE01152001T09MT02EBS001H060252UZPE01152001T09MT02EBS001H0602F0602CC27057053
3|1468|NELLY|RUBIELA|QUESAMA|NOGUERA|CC|27387897|1971-01-18|2|2|2|9998|2|1||7|07|||8|68.0|158|||2||||||||||||52UZPE01152001T09MT02EBS001H060352UZPE01152001T09MT02EBS001H0603F0603|52UZPE01152001T09MT02EBS001H060352UZPE01152001T09MT02EBS001H0603F0603CC27387897
3|1469|RAUL|GILBERTO|CERON|ROSERO|CC|12969909|1958-08-15|1|2|2|9510|2|1||3|07|||8|78.0|180|||2||||||||||||52UZPE01152001T09MT02EBS001H060352UZPE01152001T09MT02EBS001H0603F0603|52UZPE01152001T09MT02EBS001H060352UZPE01152001T09MT02EBS001H0603F0603CC12969909
3|1470|BERNARDO|BERNARDO|MEJIA|RAMOS|CC|12993853|1967-05-22|1|2|1|5169|3|2||7|07|||8|70.0|170|||2||||||||||||52UZPE01152001T08MT01EBS001H060452UZPE01152001T08MT01EBS001H0604F0604|52UZPE01152001T08MT01EBS001H060452UZPE01152001T08MT01EBS001H0604F0604CC12993853
3|1471|MONICA|MONICA|GUERRERO|YAQUENO|CC|30741362|1967-06-26|2|2|2|9998|3|2||7|07|||8|60.0|158|||2||||||||||||52UZPE01152001T08MT01EBS001H060452UZPE01152001T08MT01EBS001H0604F0604|52UZPE01152001T08MT01EBS001H060452UZPE01152001T08MT01EBS001H0604F0604CC30741362
3|1472|MARCO|ANTONIO|MONCAYO|HIDALGO|CC|12961132|1955-08-10|1|2|2|9510|2|1||3|07|||8|80.0|170|||2||||||||||||52UZPE01152001T09MT02EBS001H060652UZPE01152001T09MT02EBS001H0606F0606|52UZPE01152001T09MT02EBS001H060652UZPE01152001T09MT02EBS001H0606F0606CC12961132
3|1473|TRANSITO|LUCILA|CHAVEZ|CORAL|CC|30711950|1958-07-14|2|2|2|9998|2|1||3|07|||8|78.0|167|||2||||||||||||52UZPE01152001T09MT02EBS001H060652UZPE01152001T09MT02EBS001H0606F0606|52UZPE01152001T09MT02EBS001H060652UZPE01152001T09MT02EBS001H0606F0606CC30711950
3|1474|ILIA|FIDELIA|ENRIQUEZ|NA|CC|30731222|1965-05-29|2|2|3|5169|7|2||3|07|||8|62.0|159|||2||||||||||||52UZPE01152001T09MT02EBS001H060752UZPE01152001T09MT02EBS001H0607F0607|52UZPE01152001T09MT02EBS001H060752UZPE01152001T09MT02EBS001H0607F0607CC30731222
3|1475|EVELIA|ELMIRA|GUAQUEZ|DEENRIQUEZ|CC|27438536|1938-05-11|2|2|5|9998|1|1||3|07|||1|65.0|152|||2||||||||||||52UZPE01152001T09MT02EBS001H060752UZPE01152001T09MT02EBS001H0607F0607|52UZPE01152001T09MT02EBS001H060752UZPE01152001T09MT02EBS001H0607F0607CC27438536
3|1476|GLORIA|ADRIANA|DELGADO|ROMO|CC|30730009|1963-04-30|2|2|2|9510|3|2||3|07|||8|95.0|162|||2||||||||||||52UZPE01152001T09MT03EBS001H060852UZPE01152001T09MT03EBS001H0608F0608|52UZPE01152001T09MT03EBS001H060852UZPE01152001T09MT03EBS001H0608F0608CC30730009
3|1477|JAIME|ARTURO|PACHAJOA|MARTINEZ|CC|12976429|1961-08-29|1|2|1|5169|9|2||3|07|||8|66.0|160|||2||||||||||||52UZPE01152001T09MT03EBS001H060852UZPE01152001T09MT03EBS001H0608F0608|52UZPE01152001T09MT03EBS001H060852UZPE01152001T09MT03EBS001H0608F0608CC12976429
3|1478|MARIBEL|DELCARMEN|DELACRUZ|JURADO|CC|30741190|1968-06-19|2|2|2|9998|3|1||7|07|||8|68.0|170|||2||||||||||||52UZPE01152001T09MT03EBS001H061052UZPE01152001T09MT03EBS001H0610F0610|52UZPE01152001T09MT03EBS001H061052UZPE01152001T09MT03EBS001H0610F0610CC30741190
3|1479|EDGAR|OLNEY|RIASCOS|DIAZ|CC|79451851|1968-07-20|1|2|1|9510|3|1||7|07|||8|83.0|167|||2||||||||||||52UZPE01152001T09MT03EBS001H061052UZPE01152001T09MT03EBS001H0610F0610|52UZPE01152001T09MT03EBS001H061052UZPE01152001T09MT03EBS001H0610F0610CC79451851
3|1480|SALOME|ALEJANDRA|DELGADO|RIASCOS|TI|1080701528|2015-07-26|2|2|6|9998|3|1||8|07|||8|33.0|137|||2||||||||||||52UZPE01152001T09MT03EBS001H061052UZPE01152001T09MT03EBS001H0610F0610|52UZPE01152001T09MT03EBS001H061052UZPE01152001T09MT03EBS001H0610F0610TI1080701528
3|1481|LEIDY|GINNA|BENAVIDES|ALPALA|CC|37085089|1985-01-19|2|2|3|9998|3|1||7|07|||8|57.0|154|||2||||||||||||52UZPE01152001T09MT02EBS001H061152UZPE01152001T09MT02EBS001H0611F0611|52UZPE01152001T09MT02EBS001H061152UZPE01152001T09MT02EBS001H0611F0611CC37085089
3|1482|GLORIA|ALPALA|ALPALA|BENAVIDES|CC|30730036|1963-01-31|2|2|5|9998|2|1||3|07|||8|78.0|148|||2||||||||||||52UZPE01152001T09MT02EBS001H061152UZPE01152001T09MT02EBS001H0611F0611|52UZPE01152001T09MT02EBS001H061152UZPE01152001T09MT02EBS001H0611F0611CC30730036
3|1483|JUANA|MARIA|REALES|NARVAEZ|CC|30705622|1953-10-28|2|2|5|9998|2|1||3|07|||8|75.0|157|||2||||||||||||52UZPE01152001T08MT01EBS001H061252UZPE01152001T08MT01EBS001H0612F0612|52UZPE01152001T08MT01EBS001H061252UZPE01152001T08MT01EBS001H0612F0612CC30705622
3|1484|NILSON|NILSON|RIVERA|RIASCOS|CC|98397391|1979-08-21|1|2|1|5169|3|2||7|07|||8|60.0|168|||2||||||||||||52UZPE01152001T08MT01EBS001H061352UZPE01152001T08MT01EBS001H0613F0613|52UZPE01152001T08MT01EBS001H061352UZPE01152001T08MT01EBS001H0613F0613CC98397391
3|1485|DORIS|MARIBEL|DIAZ|ACOSTA|CC|37081439|1983-09-05|2|2|5|9998|3|2||7|07|||8|63.0|154|||2||||||||||||52UZPE01152001T08MT01EBS001H061352UZPE01152001T08MT01EBS001H0613F0613|52UZPE01152001T08MT01EBS001H061352UZPE01152001T08MT01EBS001H0613F0613CC37081439
3|1486|CARLOS|CARLOS|ANGULO|MESIAS|CC|12972070|1960-04-05|1|2|4|9510|3|1||3|07|||8|64.0|163|||2||||||||||||52UZPE01152001T08MT01EBS001H061452UZPE01152001T08MT01EBS001H0614F0614|52UZPE01152001T08MT01EBS001H061452UZPE01152001T08MT01EBS001H0614F0614CC12972070
3|1487|JUDITH|MAGOLA|PANTOJA|NA|CC|30730514|1963-07-22|2|2|2|9998|2|1||3|07|||8|62.0|159|||2||||||||||||52UZPE01152001T09MT02EBS001H061552UZPE01152001T09MT02EBS001H0615F0615|52UZPE01152001T09MT02EBS001H061552UZPE01152001T09MT02EBS001H0615F0615CC30730514
3|1488|JAVIER|FRANCISCO|ARGOTY|SALAS|CC|12991115|1969-04-29|1|2|2|9510|2|1||7|07|||8|75.0|170|||2||||||||||||52UZPE01152001T09MT02EBS001H061552UZPE01152001T09MT02EBS001H0615F0615|52UZPE01152001T09MT02EBS001H061552UZPE01152001T09MT02EBS001H0615F0615CC12991115
3|1489|VALERY|SALOME|TIMANA|PINZA|RC|1081067440|2021-07-19|2|2|3|9998|3|1||8|07|||8|||||2||||||||||||52UZPE01152001T09MT02EBS001H061652UZPE01152001T09MT02EBS001H0616F0616|52UZPE01152001T09MT02EBS001H061652UZPE01152001T09MT02EBS001H0616F0616RC1081067440
3|1490|VANESA|ZORANA|TIMANA|PINZA|CC|1085292790|1991-06-04|2|2|3|9510|3|1||7|07|||8|53.0|150|||2||||||||||||52UZPE01152001T09MT02EBS001H061652UZPE01152001T09MT02EBS001H0616F0616|52UZPE01152001T09MT02EBS001H061652UZPE01152001T09MT02EBS001H0616F0616CC1085292790
3|1491|DIGNA|LOURDES|PINZA|JOJOA|CC|30728175|1963-09-21|2|2|2|9998|2|1||3|07|||8|59.0|149|||2||||||||||||52UZPE01152001T09MT02EBS001H061652UZPE01152001T09MT02EBS001H0616F0616|52UZPE01152001T09MT02EBS001H061652UZPE01152001T09MT02EBS001H0616F0616CC30728175
3|1492|GERARDO|ALFREDO|ARTEAGA|NARVAEZ|CC|129846011|1963-02-14|1|2|6|9510|2|1||3|07|||8|70.0|170|||2||||||||||||52UZPE01152001T09MT02EBS001H061752UZPE01152001T09MT02EBS001H0617F0617|52UZPE01152001T09MT02EBS001H061752UZPE01152001T09MT02EBS001H0617F0617CC129846011
3|1493|LIGIA|GENITH|MARCILLO|BURBANO|CC|30707002|1955-08-30|2|2|1|9510|3|2||3|07|||8|67.0|154|||2||||||||||||52UZPE01152001T09MT03EBS001H061852UZPE01152001T09MT03EBS001H0618F0618|52UZPE01152001T09MT03EBS001H061852UZPE01152001T09MT03EBS001H0618F0618CC30707002
3|1494|SERVIO|TULIO|ROSALES|GUERRERO|CC|12980066|1962-12-09|1|2|2|9510|2|2||3|07|||8|80.0|175|||2||||||||||||52UZPE01152001T09MT02EBS001H061952UZPE01152001T09MT02EBS001H0619F0619|52UZPE01152001T09MT02EBS001H061952UZPE01152001T09MT02EBS001H0619F0619CC12980066
3|1495|NUVIA|ELIZABETH|RODRIGUEZ|NA|CC|59791501|1962-03-16|2|2|2|9998|2|2||3|07|||8|67.0|162|||2||||||||||||52UZPE01152001T09MT02EBS001H061952UZPE01152001T09MT02EBS001H0619F0619|52UZPE01152001T09MT02EBS001H061952UZPE01152001T09MT02EBS001H0619F0619CC59791501
3|1496|LUIS|AGUSTIN|NARVAEZ|PATINO|CC|13004395|1951-01-04|1|2|2|9510|3|1||3|07|||8|75.0|167|||2||||||||||||52UZPE01152001T09MT02EBS001H062052UZPE01152001T09MT02EBS001H0620F0620|52UZPE01152001T09MT02EBS001H062052UZPE01152001T09MT02EBS001H0620F0620CC13004395
3|1497|MARTA|CECILIA|BUESAQUILLO|GUATUSMAR|CC|30707255|1954-02-24|2|2|2|9998|2|1||3|07|||8|86.0|153|||2||||||||||||52UZPE01152001T09MT02EBS001H062052UZPE01152001T09MT02EBS001H0620F0620|52UZPE01152001T09MT02EBS001H062052UZPE01152001T09MT02EBS001H0620F0620CC30707255
3|1498|LUIS|ALEXANDER|NARVAEZ|BUESAQUILLO|CC|5208971|1980-10-17|1|2|3|9998|3|1||7|07|||8|75.0|171|||2||||||||||||52UZPE01152001T09MT02EBS001H062052UZPE01152001T09MT02EBS001H0620F0620|52UZPE01152001T09MT02EBS001H062052UZPE01152001T09MT02EBS001H0620F0620CC5208971
3|1499|MARIANITA|DEJESUS|SALAZAR|MATAMANCHOY|CC|30714140|1956-05-12|2|2|6|9998|2|1||3|07|||8|50.0|148|||2||||||||||||52UZPE01152001T08MT01EBS001H062152UZPE01152001T08MT01EBS001H0621F0621|52UZPE01152001T08MT01EBS001H062152UZPE01152001T08MT01EBS001H0621F0621CC30714140
3|1500|ROSA|DELCARMEN|SALAZAR|MATAMANCHOY|CC|59832069|1957-02-06|2|2|6|9998|2|1||3|07|||8|62.0|149|||2||||||||||||52UZPE01152001T08MT01EBS001H062152UZPE01152001T08MT01EBS001H0621F0621|52UZPE01152001T08MT01EBS001H062152UZPE01152001T08MT01EBS001H0621F0621CC59832069
3|1501|DARCY|NA|ERAZO|MUNOZ|CC|27481062|1962-02-12|2|2|5|9998|3|2||3|07|||8|65.0|159|||2||||||||||||52UZPE01152001T08MT01EBS001H062252UZPE01152001T08MT01EBS001H0622F0622|52UZPE01152001T08MT01EBS001H062252UZPE01152001T08MT01EBS001H0622F0622CC27481062
3|1502|ANGIE|PAOLA|MELO|ERAZO|CC|1085328958|1996-04-30|2|2|3|5169|9|2||7|07|||8|67.0|164|||2||||||||||||52UZPE01152001T08MT01EBS001H062252UZPE01152001T08MT01EBS001H0622F0622|52UZPE01152001T08MT01EBS001H062252UZPE01152001T08MT01EBS001H0622F0622CC1085328958
3|1503|MARIA|LUISA|ROSERO|ERAZO|CC|30735947|1961-01-01|2|2|4|9998|2|1||3|07|||8|62.0|160|||2||||||||||||52UZPE01152001T08MT01EBS001H062352UZPE01152001T08MT01EBS001H0623F0623|52UZPE01152001T08MT01EBS001H062352UZPE01152001T08MT01EBS001H0623F0623CC30735947
3|1504|BLANCA|CECILIA|ROSERO|ERAZO|CC|27072003|1943-08-29|2|2|4|9998|3|1||3|07|||1|78.0|146|||2||||||||||||52UZPE01152001T08MT01EBS001H062452UZPE01152001T08MT01EBS001H0624F0624|52UZPE01152001T08MT01EBS001H062452UZPE01152001T08MT01EBS001H0624F0624CC27072003
3|1505|ANDRES|FELIPE|NARVAEZ|GRECIA|TI|1033719027|2008-01-01|1|2|6|9998|3|1||1|07|||8|56.0|165|||2||||||||||||52UZPE01152001T08MT01EBS001H062652UZPE01152001T08MT01EBS001H0626F0626|52UZPE01152001T08MT01EBS001H062652UZPE01152001T08MT01EBS001H0626F0626TI1033719027
3|1506|ILIA|MARIA|ROSERO|DENARVAEZ|CC|27074614|1946-12-31|2|2|5|9998|2|1||3|07|||8|65.0|147|||2||||||||||||52UZPE01152001T08MT01EBS001H062652UZPE01152001T08MT01EBS001H0626F0626|52UZPE01152001T08MT01EBS001H062652UZPE01152001T08MT01EBS001H0626F0626CC27074614
3|1507|MARCO|ANTONIO|NARVAEZ|ROSERO|CC|12999772|1969-12-20|1|2|3|9998|2|1||6|07|||8|78.0|169|||2||||||||||||52UZPE01152001T08MT01EBS001H062652UZPE01152001T08MT01EBS001H0626F0626|52UZPE01152001T08MT01EBS001H062652UZPE01152001T08MT01EBS001H0626F0626CC12999772
3|1508|LUIS|EDUARDO|GUZMAN|GALEANO|CC|12968448|1959-07-11|1|2|4|9510|3|1||3|07|||8|71.0|162|||2||||||||||||52UZPE01152001T08MT01EBS001H062752UZPE01152001T08MT01EBS001H0627F0627|52UZPE01152001T08MT01EBS001H062752UZPE01152001T08MT01EBS001H0627F0627CC12968448
3|1509|MIGUEL|ANGEL|ROSERO|ROJAS|RC|1080067570|2017-09-02|1|2|3|9998|3|1||8|07|||8|28.0|124|||2||||||||||||52UZPE01152001T08MT01EBS001H062852UZPE01152001T08MT01EBS001H0628F0628|52UZPE01152001T08MT01EBS001H062852UZPE01152001T08MT01EBS001H0628F0628RC1080067570
3|1510|JENNY|ELIZABETH|ROSERO|ROJAS|CC|37085537|1984-12-22|2|2|5|9622|7|1||7|07|||8|58.0|153|||2||||||||||||52UZPE01152001T08MT01EBS001H062852UZPE01152001T08MT01EBS001H0628F0628|52UZPE01152001T08MT01EBS001H062852UZPE01152001T08MT01EBS001H0628F0628CC37085537
3|1511|OSCAR|JULIAN|CADENA|ROSERO|CC|1080048783|2007-02-27|1|2|3|9998|3|2||7|07|||8|47.0|162|||2||||||||||||52UZPE01152001T08MT01EBS001H062852UZPE01152001T08MT01EBS001H0628F0628|52UZPE01152001T08MT01EBS001H062852UZPE01152001T08MT01EBS001H0628F0628CC1080048783
3|1512|CARLOS|EDGAR|GUZMAN|GALEANO|CC|12968429|1957-01-08|1|2|1|9622|9|1||3|07|||8|65.0|160|||2||||||||||||52UZPE01152001T09MT02EBS001H062952UZPE01152001T09MT02EBS001H0629F0629|52UZPE01152001T09MT02EBS001H062952UZPE01152001T09MT02EBS001H0629F0629CC12968429
3|1513|VIVIANA|XIMENA|GUZMAN|SANCHEZ|CC|1085296976|1996-05-23|2|2|3|9510|9|2||7|07|||8|55.0|160|||2||||||||||||52UZPE01152001T09MT02EBS001H063052UZPE01152001T09MT02EBS001H0630F0630|52UZPE01152001T09MT02EBS001H063052UZPE01152001T09MT02EBS001H0630F0630CC1085296976
3|1514|RUBIELA|NA|ORDONEZ|LASO|CC|36825278|1963-09-10|2|2|5|9998|2|1||3|07|||8|65.0|155|||2||||||||||||52UZPE01152001T08MT01EBS001H063152UZPE01152001T08MT01EBS001H0631F0631|52UZPE01152001T08MT01EBS001H063152UZPE01152001T08MT01EBS001H0631F0631CC36825278
3|1515|ANA|CRISTINA|BURBANO|ORDONEZ|CC|1085259904|1987-07-28|2|2|3|5169|7|2||7|07|||8|60.0|155|||2||||||||||||52UZPE01152001T08MT01EBS001H063152UZPE01152001T08MT01EBS001H0631F0631|52UZPE01152001T08MT01EBS001H063152UZPE01152001T08MT01EBS001H0631F0631CC1085259904
3|1516|BLANCA|IRMA|CAICEDO|ARELLANO|CC|27074345|1947-09-05|2|2|5|9998|2|1||3|07|||8|65.0|170|||2||||||||||||52UZPE01152001T09MT02EBS001H063252UZPE01152001T09MT02EBS001H0632F0632|52UZPE01152001T09MT02EBS001H063252UZPE01152001T09MT02EBS001H0632F0632CC27074345
3|1517|SANDRA|MILENA|CAICEDO|NA|CC|36758892|1982-04-28|2|2|3|9510|7|2||7|07|||8|58.0|160|||2||||||||||||52UZPE01152001T09MT02EBS001H063252UZPE01152001T09MT02EBS001H0632F0632|52UZPE01152001T09MT02EBS001H063252UZPE01152001T09MT02EBS001H0632F0632CC36758892
3|1518|CRISTINA|XIMENA|GUZMAN|GALEANO|CC|59816930|1968-09-30|2|2|1|9998|3|1||7|07|||8|60.0|155|||2||||||||||||52UZPE01152001T09MT02EBS001H063352UZPE01152001T09MT02EBS001H0633F0633|52UZPE01152001T09MT02EBS001H063352UZPE01152001T09MT02EBS001H0633F0633CC59816930
3|1519|LUIS|IGNACIO|ROSERO|MORA|CC|12991050|1966-07-27|1|2|2|9510|2|1||7|07|||8|71.0|175|||2||||||||||||52UZPE01152001T08MT01EBS001H063452UZPE01152001T08MT01EBS001H0634F0634|52UZPE01152001T08MT01EBS001H063452UZPE01152001T08MT01EBS001H0634F0634CC12991050
3|1520|MARIA|EDILMA|ORDONEZ|NA|CC|59830024|1972-01-29|2|2|2|9998|2|1||7|07|||8|71.0|156|||2||||||||||||52UZPE01152001T08MT01EBS001H063452UZPE01152001T08MT01EBS001H0634F0634|52UZPE01152001T08MT01EBS001H063452UZPE01152001T08MT01EBS001H0634F0634CC59830024
3|1521|NANCY|DELCARMEN|ORTIZ|GUERRA|CC|27203620|1964-09-06|2|2|4|9998|2|1||3|07|||8|60.0|155|||2||||||||||||52UZPE01152001T08MT01EBS001H063552UZPE01152001T08MT01EBS001H0635F0635|52UZPE01152001T08MT01EBS001H063552UZPE01152001T08MT01EBS001H0635F0635CC27203620
3|1522|NIEVES|NA|MELO|MARTINESY|CC|30708580|1953-05-12|2|2|5|9998|2|1||3|07|||8|50.0|150|||2||||||||||||52UZPE01152001T08MT01EBS001H063752UZPE01152001T08MT01EBS001H0637F0637|52UZPE01152001T08MT01EBS001H063752UZPE01152001T08MT01EBS001H0637F0637CC30708580
3|1523|GLORIA|ALICIA|CASTRO|NA|CC|30713766|1948-04-26|2|2|5|9998|2|1||3|07|||8|50.0|150|||2||||||||||||52UZPE01152001T08MT01EBS001H063852UZPE01152001T08MT01EBS001H0638F0638|52UZPE01152001T08MT01EBS001H063852UZPE01152001T08MT01EBS001H0638F0638CC30713766
3|1524|MERCEDES|NA|DELGADO|RIVERA|CC|27432795|1961-03-19|2|2|2|9998|3|2||3|07|||8|64.0|160|||2||||||||||||52UZPE01152001T09MT02EBS001H063952UZPE01152001T09MT02EBS001H0639F0639|52UZPE01152001T09MT02EBS001H063952UZPE01152001T09MT02EBS001H0639F0639CC27432795
3|1525|JORGE|EVELIO|DOMINGUEZ|LOPEZ|CC|87571015|1963-01-23|1|2|1|9998|3|2||3|07|||1|16.5|68|||2||||||||||||52UZPE01152001T09MT02EBS001H063952UZPE01152001T09MT02EBS001H0639F0639|52UZPE01152001T09MT02EBS001H063952UZPE01152001T09MT02EBS001H0639F0639CC87571015
3|1526|ZOE|JHONYTH|ALVAREZ|TORRES|TI|1081281546|2011-02-11|2|2|3|9998|3|1||1|07|||8|45.0|154|||2||||||||||||52UZPE01152001T08MT01EBS001H064052UZPE01152001T08MT01EBS001H0640F0640|52UZPE01152001T08MT01EBS001H064052UZPE01152001T08MT01EBS001H0640F0640TI1081281546
3|1527|GENITH|AMPARO|TORRES|MONCAYO|CC|59833507|1973-01-01|2|2|5|9998|3|1||7|07|||8|60.0|168|||2||||||||||||52UZPE01152001T08MT01EBS001H064052UZPE01152001T08MT01EBS001H0640F0640|52UZPE01152001T08MT01EBS001H064052UZPE01152001T08MT01EBS001H0640F0640CC59833507
3|1528|RODRIGO|NA|ALVAREZ|NA|CC|12991875|1970-05-15|1|2|2|9622|3|1||7|07|||8|85.0|170|||2||||||||||||52UZPE01152001T08MT01EBS001H064052UZPE01152001T08MT01EBS001H0640F0640|52UZPE01152001T08MT01EBS001H064052UZPE01152001T08MT01EBS001H0640F0640CC12991875
3|1529|IVAN|GEOVANNY|REVELO|ZAMBRANO|CC|12989160|1966-12-30|1|2|1|5169|5|1||7|07|||8|73.0|174|||2||||||||||||52UZPE01152001T08MT01EBS001H064152UZPE01152001T08MT01EBS001H0641F0641|52UZPE01152001T08MT01EBS001H064152UZPE01152001T08MT01EBS001H0641F0641CC12989160
3|1530|BERTHA|CECILIA|AGUIRRE|TOBAR|CC|31220943|1950-04-13|2|2|1|9998|3|1||3|01|||8|62.0|154|||2||||||||||||52UZPE01152001T08MT01EBS001H064252UZPE01152001T08MT01EBS001H0642F0642|52UZPE01152001T08MT01EBS001H064252UZPE01152001T08MT01EBS001H0642F0642CC31220943
3|1531|LUCIA|DELSOCORRO|GRANJA|NARVAEZ|CC|30737509|1965-11-26|2|2|5|9998|2|1||7|07|||8|10.3|155|||2||||||||||||52UZPE01152001T08MT01EBS001H064352UZPE01152001T08MT01EBS001H0643F0643|52UZPE01152001T08MT01EBS001H064352UZPE01152001T08MT01EBS001H0643F0643CC30737509
3|1532|JESU|ENRIQUE|ORTIZ|GRANJA|TI|1233189464|1997-05-15|1|2|3|9510|3|1||7|07|||8|58.0|156|||2||||||||||||52UZPE01152001T08MT01EBS001H064352UZPE01152001T08MT01EBS001H0643F0643|52UZPE01152001T08MT01EBS001H064352UZPE01152001T08MT01EBS001H0643F0643TI1233189464
3|1533|CLEMENCIA|DELCARMEN|MORENO|DEALVAREZ|CC|27076323|1948-05-06|2|2|5|9998|2|1||3|07|||8|75.0|160|||2||||||||||||52UZPE01152001T08MT01EBS001H064452UZPE01152001T08MT01EBS001H0644F0644|52UZPE01152001T08MT01EBS001H064452UZPE01152001T08MT01EBS001H0644F0644CC27076323
3|1534|HERMES|WILIAM|ARTEAGA|SUAREZ|CC|18143329|1964-02-19|1|2|4|9510|2|1||3|07|||8|70.0|165|||2||||||||||||52UZPE01152001T08MT01EBS001H064552UZPE01152001T08MT01EBS001H0645F0645|52UZPE01152001T08MT01EBS001H064552UZPE01152001T08MT01EBS001H0645F0645CC18143329
3|1535|ORLANDO|NA|ORTEGA|SUAREZ|CC|18143469|1967-03-01|1|2|4|9998|13|1||7|07|||8|72.0|168|||2||||||||||||52UZPE01152001T08MT01EBS001H064552UZPE01152001T08MT01EBS001H0645F0645|52UZPE01152001T08MT01EBS001H064552UZPE01152001T08MT01EBS001H0645F0645CC18143469
3|1536|BLANCA|NA|QUINTANA|ERAZO|CC|30714679|1960-02-14|2|2|5|9998|2|1||3|07|||8|58.0|155|||2||||||||||||52UZPE01152001T08MT01EBS001H064652UZPE01152001T08MT01EBS001H0646F0646|52UZPE01152001T08MT01EBS001H064652UZPE01152001T08MT01EBS001H0646F0646CC30714679
3|1537|ROSA|DELCARMEN|QUINTANA|ERAZO|CC|30719272|1953-07-11|2|2|5|9998|2|1||3|07|||8|58.0|155|||2||||||||||||52UZPE01152001T08MT01EBS001H064752UZPE01152001T08MT01EBS001H0647F0647|52UZPE01152001T08MT01EBS001H064752UZPE01152001T08MT01EBS001H0647F0647CC30719272
3|1538|IVAN|DARIO|BENAVIDES|QUINTANA|CC|13069677|1980-08-22|1|2|3|9510|3|1||7|07|||8|65.0|170|||2||||||||||||52UZPE01152001T08MT01EBS001H064752UZPE01152001T08MT01EBS001H0647F0647|52UZPE01152001T08MT01EBS001H064752UZPE01152001T08MT01EBS001H0647F0647CC13069677
3|1539|MARIO|ANDRES|RIVAS|QUINTANA|CC|1085317900|1994-04-05|1|2|3|9510|3|1||7|07|||8|70.0|163|||2||||||||||||52UZPE01152001T08MT01EBS001H064852UZPE01152001T08MT01EBS001H0648F0648|52UZPE01152001T08MT01EBS001H064852UZPE01152001T08MT01EBS001H0648F0648CC1085317900
3|1540|ADRIANA|ELVIRA|QUINTANA|ERAZO|CC|30738184|1960-11-23|2|2|5|9998|2|1||3|07|||8|50.0|150|||2||||||||||||52UZPE01152001T08MT01EBS001H064852UZPE01152001T08MT01EBS001H0648F0648|52UZPE01152001T08MT01EBS001H064852UZPE01152001T08MT01EBS001H0648F0648CC30738184
3|1541|MARTIN|ANDRES|PALACIO|JIMENEZ|CC|1080040645|2004-04-02|1|2|4|9998|3|1||7|07|||8|71.0|170|||2||||||||||||52UZPE01152001T08MT01EBS001H064952UZPE01152001T08MT01EBS001H0649F0649|52UZPE01152001T08MT01EBS001H064952UZPE01152001T08MT01EBS001H0649F0649CC1080040645
3|1542|MARIO|DAVID|BASTIDAS|JIMENEZ|CC|1085323901|1995-10-05|1|2|4|9998|7|2||7|07|||8|62.0|166|||2||||||||||||52UZPE01152001T08MT01EBS001H064952UZPE01152001T08MT01EBS001H0649F0649|52UZPE01152001T08MT01EBS001H064952UZPE01152001T08MT01EBS001H0649F0649CC1085323901
3|1543|SOILA|LUZ|SAA|MUNOZ|CC|59816079|1966-09-22|2|2|5|9510|3|1||7|07|||8|58.0|155|||2||||||||||||52UZPE01152001T08MT01EBS001H065052UZPE01152001T08MT01EBS001H0650F0650|52UZPE01152001T08MT01EBS001H065052UZPE01152001T08MT01EBS001H0650F0650CC59816079
3|1544|GLORIA|MERCEDES|DELGADO|VEGA|CC|30727231|1959-01-14|2|2|5|9998|2|1||3|07|||8|82.0|140|||2||||||||||||52UZPE01152001T08MT01EBS001H065152UZPE01152001T08MT01EBS001H0651F0651|52UZPE01152001T08MT01EBS001H065152UZPE01152001T08MT01EBS001H0651F0651CC30727231
3|1545|VICTOR|ORLANDO|MOSQUERA|DELGADO|CC|1085253773|1986-01-18|1|2|3|9510|3|1||7|07|||8|59.0|160|||2||||||||||||52UZPE01152001T08MT01EBS001H065152UZPE01152001T08MT01EBS001H0651F0651|52UZPE01152001T08MT01EBS001H065152UZPE01152001T08MT01EBS001H0651F0651CC1085253773
3|1546|FANNY|INES|JOJOA|CHANAG|CC|30714841|1959-03-02|2|2|3|9998|2|1||3|07|||8|68.0|147|||2||||||||||||52UZPE01152001T08MT01EBS001H065252UZPE01152001T08MT01EBS001H0652F0652|52UZPE01152001T08MT01EBS001H065252UZPE01152001T08MT01EBS001H0652F0652CC30714841
3|1547|GREGORIO|NA|CHACHINOY|CHANAG|CC|5194935|1931-01-04|1|2|5|9998|2|1||3|07|||8|1.5|61|||2||||||||||||52UZPE01152001T08MT01EBS001H065252UZPE01152001T08MT01EBS001H0652F0652|52UZPE01152001T08MT01EBS001H065252UZPE01152001T08MT01EBS001H0652F0652CC5194935
3|1548|MARIA|ALEJANDRA|GETIAL|CERON|CC|1085330080|1996-06-27|2|2|3|9998|3|1||7|07|||8|78.0|165|||2||||||||||||52UZPE01152001T08MT01EBS001H065552UZPE01152001T08MT01EBS001H0655F0655|52UZPE01152001T08MT01EBS001H065552UZPE01152001T08MT01EBS001H0655F0655CC1085330080
3|1549|CARLOS|EDUARDO|GETIAL|CERON|CC|1007736297|2000-09-21|1|2|3|9510|3|1||7|07|||8|88.0|168|||2||||||||||||52UZPE01152001T08MT01EBS001H065552UZPE01152001T08MT01EBS001H0655F0655|52UZPE01152001T08MT01EBS001H065552UZPE01152001T08MT01EBS001H0655F0655CC1007736297
3|1550|JESUS|ALBERTO|GETIAL|CARRERA|CC|5377935|1967-02-15|1|2|5|9510|2|1||7|07|||8|85.0|157|||2||||||||||||52UZPE01152001T08MT01EBS001H065552UZPE01152001T08MT01EBS001H0655F0655|52UZPE01152001T08MT01EBS001H065552UZPE01152001T08MT01EBS001H0655F0655CC5377935
3|1551|ANDREA|DELPILAR|ACHICANOY|NA|CC|36954643|1980-05-11|2|2|1|9510|3|1||7|07|||8|68.0|152|||2||||||||||||52UZPE01152001T08MT01EBS001H065352UZPE01152001T08MT01EBS001H0653F0653|52UZPE01152001T08MT01EBS001H065352UZPE01152001T08MT01EBS001H0653F0653CC36954643
3|1552|JOHN|ADRIAN|VALLEJO|NA|CC|1193266283|2001-07-10|1|2|3|9998|7|1||7|07|||8|68.0|162|||2||||||||||||52UZPE01152001T08MT01EBS001H065352UZPE01152001T08MT01EBS001H0653F0653|52UZPE01152001T08MT01EBS001H065352UZPE01152001T08MT01EBS001H0653F0653CC1193266283
3|1553|SEBASTIAN|ALEXANDER|VALLEJO|ACHICANOY|CC|1085345146|1999-04-29|1|2|3|9510|3|1||7|07|||8|74.0|172|||2||||||||||||52UZPE01152001T08MT01EBS001H065352UZPE01152001T08MT01EBS001H0653F0653|52UZPE01152001T08MT01EBS001H065352UZPE01152001T08MT01EBS001H0653F0653CC1085345146
3|1554|GERALDINE|VALENTINA|MARTINEZ|SOLARTE|CC|1137089532|2003-05-11|2|2|3|9998|3|1||7|07|||8|58.0|156|||2||||||||||||52UZPE01152001T08MT01EBS001H065652UZPE01152001T08MT01EBS001H0656F0656|52UZPE01152001T08MT01EBS001H065652UZPE01152001T08MT01EBS001H0656F0656CC1137089532
3|1555|JUAN|JOSE|MARTINEZ|SOLARTE|CC|1085244852|2005-11-02|1|2|3|9998|3|1||7|07|||8|71.0|170|||2||||||||||||52UZPE01152001T08MT01EBS001H065652UZPE01152001T08MT01EBS001H0656F0656|52UZPE01152001T08MT01EBS001H065652UZPE01152001T08MT01EBS001H0656F0656CC1085244852
3|1556|DANIELA|ESTEFANIA|MARTINEZ|SOLARTE|CC|1085318941|1995-02-15|2|2|3|9510|3|1||7|07|||8|65.0|160|||2||||||||||||52UZPE01152001T08MT01EBS001H065652UZPE01152001T08MT01EBS001H0656F0656|52UZPE01152001T08MT01EBS001H065652UZPE01152001T08MT01EBS001H0656F0656CC1085318941
3|1557|AURA|NELCY|SOLARTE|JURADO|CC|59832832|1975-01-10|2|2|2|9998|3|1||7|07|||8|73.0|156|||2||||||||||||52UZPE01152001T08MT01EBS001H065652UZPE01152001T08MT01EBS001H0656F0656|52UZPE01152001T08MT01EBS001H065652UZPE01152001T08MT01EBS001H0656F0656CC59832832
3|1558|CARLOS|EDUARDO|MARTINEZ|BENAVIDES|CC|12986957|1965-06-29|1|2|2|9510|3|1||3|07|||8|65.0|158|||2||||||||||||52UZPE01152001T08MT01EBS001H065652UZPE01152001T08MT01EBS001H0656F0656|52UZPE01152001T08MT01EBS001H065652UZPE01152001T08MT01EBS001H0656F0656CC12986957
3|1559|ROSALBA|NA|VALDES|INSANDARA|CC|27084649|1963-12-06|2|2|5|9998|2|1||3|07|||8|58.0|150|||2||||||||||||52UZPE01152001T08MT01EBS001H065752UZPE01152001T08MT01EBS001H0657F0657|52UZPE01152001T08MT01EBS001H065752UZPE01152001T08MT01EBS001H0657F0657CC27084649
3|1560|JAVIER|MAURICIO|CHANAG|NA|CC|1085282726|1990-06-03|1|2|1|5169|9|2||7|07|||8|55.0|163|||2||||||||||||52UZPE01152001T08MT01EBS001H065452UZPE01152001T08MT01EBS001H0654F0654|52UZPE01152001T08MT01EBS001H065452UZPE01152001T08MT01EBS001H0654F0654CC1085282726
3|1561|ALBA|NIBIA|CHAVEZ|DEJARAMILLO|CC|36895215|1953-03-02|2|2|5|9998|2|1||3|07|||8|73.0|155|||2||||||||||||52UZPE01152001T08MT01EBS001H065852UZPE01152001T08MT01EBS001H0658F0658|52UZPE01152001T08MT01EBS001H065852UZPE01152001T08MT01EBS001H0658F0658CC36895215
3|1562|MARIA|JESUS|PAZ|NA|CC|30735185|1963-02-05|2|2|6|9998|2|2||3|07|||8|48.0|150|||2||||||||||||52UZPE01152001T08MT01EBS001H066052UZPE01152001T08MT01EBS001H0660F0660|52UZPE01152001T08MT01EBS001H066052UZPE01152001T08MT01EBS001H0660F0660CC30735185
3|1563|MARIANO|ALFONSO|PAZ|MAIGUAL|CC|12988672|1959-10-17|1|2|4|9510|2|1||3|07|||8|65.0|160|||2||||||||||||52UZPE01152001T08MT01EBS001H066152UZPE01152001T08MT01EBS001H0661F0661|52UZPE01152001T08MT01EBS001H066152UZPE01152001T08MT01EBS001H0661F0661CC12988672
3|1564|FEDERICO|HENRY|PAZ|NA|CC|12974394|1961-05-04|1|2|6|9510|2|1||3|07|||8|72.0|167|||2||||||||||||52UZPE01152001T08MT01EBS001H065952UZPE01152001T08MT01EBS001H0659F0659|52UZPE01152001T08MT01EBS001H065952UZPE01152001T08MT01EBS001H0659F0659CC12974394
3|1565|JERSY|EDUARDO|CABRERA|DIAZ|CC|98215338|1977-09-20|1|2|1|9510|3|1||7|07|||8|90.0|180|||2||||||||||||52UZPE01152001T08MT01EBS001H066252UZPE01152001T08MT01EBS001H0662F0662|52UZPE01152001T08MT01EBS001H066252UZPE01152001T08MT01EBS001H0662F0662CC98215338
3|1566|CRISTIAN|ALEJANDRO|GUERRERO|CABRERA|CC|1085340779|1998-05-15|1|2|3|9998|3|1||7|07|||8|64.0|169|||2||||||||||||52UZPE01152001T08MT01EBS001H066252UZPE01152001T08MT01EBS001H0662F0662|52UZPE01152001T08MT01EBS001H066252UZPE01152001T08MT01EBS001H0662F0662CC1085340779
3|1567|ELIZABETH|NA|CAICEDO|ARROYO|CC|59837261|1976-09-16|2|2|2|9510|7|1||7|07|||8|75.0|176|||2||||||||||||52UZPE01152001T08MT01EBS001H066252UZPE01152001T08MT01EBS001H0662F0662|52UZPE01152001T08MT01EBS001H066252UZPE01152001T08MT01EBS001H0662F0662CC59837261
3|1568|ISABELLA|NA|CABRERA|CAICEDO|TI|1030002982|2019-03-15|2|2|3|9998|3|1||8|07|||8|35.0|138|||2||||||||||||52UZPE01152001T08MT01EBS001H066252UZPE01152001T08MT01EBS001H0662F0662|52UZPE01152001T08MT01EBS001H066252UZPE01152001T08MT01EBS001H0662F0662TI1030002982
3|1569|GEOVANNY|ALFREDO|DAVID|BUCHELI|CC|87062315|1982-11-13|1|2|3|9622|3|1||7|07|||8|79.0|165|||2||||||||||||52UZPE01152001T08MT01EBS001H066352UZPE01152001T08MT01EBS001H0663F0663|52UZPE01152001T08MT01EBS001H066352UZPE01152001T08MT01EBS001H0663F0663CC87062315
3|1570|ALBA|CECILIA|DAVID|BUCHELI|CC|30707551|1976-01-08|2|2|5|9998|2|1||7|07|||8|56.0|145|||2||||||||||||52UZPE01152001T08MT01EBS001H066352UZPE01152001T08MT01EBS001H0663F0663|52UZPE01152001T08MT01EBS001H066352UZPE01152001T08MT01EBS001H0663F0663CC30707551
3|1571|ALICIA|LEONOR|DELGADO|GOMEZ|CC|27219546|1969-06-16|2|2|1|9998|2|1||7|07|||8|78.0|156|||2||||||||||||52UZPE01152001T08MT01EBS001H066452UZPE01152001T08MT01EBS001H0664F0664|52UZPE01152001T08MT01EBS001H066452UZPE01152001T08MT01EBS001H0664F0664CC27219546
3|1572|ANA|LUCIA|BOLANOS|PORTILLA|CC|59823715|1974-01-16|2|2|1|9622|3|1||7|07|||8|55.0|156|||2||||||||||||52UZPE01152001T08MT01EBS001H066552UZPE01152001T08MT01EBS001H0665F0665|52UZPE01152001T08MT01EBS001H066552UZPE01152001T08MT01EBS001H0665F0665CC59823715
3|1573|CAMILA|NA|BURGOS|NA|CC|1085320142|1995-11-27|2|2|1|9622|7|2||7|07|||8|78.0|174|||2||||||||||||52UZPE01152001T08MT01EBS001H066652UZPE01152001T08MT01EBS001H0666F0666|52UZPE01152001T08MT01EBS001H066652UZPE01152001T08MT01EBS001H0666F0666CC1085320142
3|1574|XAITI|NA|ALVAREZ|BURGOS|TI|1080060515|2012-03-24|2|2|3|9998|3|1||1|07|||8|66.0|153|||2||||||||||||52UZPE01152001T08MT01EBS001H066652UZPE01152001T08MT01EBS001H0666F0666|52UZPE01152001T08MT01EBS001H066652UZPE01152001T08MT01EBS001H0666F0666TI1080060515
3|1575|JAVIER|NA|RODRIGUEZ|VELASQUEZ|CC|12994726|1969-01-25|1|2|1|9622|3|1||7|07|||8|75.0|170|||2||||||||||||52UZPE01152001T08MT01EBS001H066752UZPE01152001T08MT01EBS001H0667F0667|52UZPE01152001T08MT01EBS001H066752UZPE01152001T08MT01EBS001H0667F0667CC12994726
3|1576|JAVIER|NA|MORA|RUIZ|CC|12955265|1950-12-02|1|2|1|9622|2|1||3|07|||8|65.0|162|||2||||||||||||52UZPE01152001T08MT01EBS001H066852UZPE01152001T08MT01EBS001H0668F0668|52UZPE01152001T08MT01EBS001H066852UZPE01152001T08MT01EBS001H0668F0668CC12955265
3|1577|JUAN|CARLOS|ESPINOSA|NA|CC|98387170|1973-04-22|1|2|1|9622|3|1||7|07|||8|68.0|156|||2||||||||||||52UZPE01152001T08MT01EBS001H066952UZPE01152001T08MT01EBS001H0669F0669|52UZPE01152001T08MT01EBS001H066952UZPE01152001T08MT01EBS001H0669F0669CC98387170
3|1578|KELLY|SOFIA|MALES|BERMUDEZ|TI|1080055791|2009-10-13|2|2|3|9998|3|1||1|07|||8|52.0|145|||2||||||||||||52UZPE01152001T08MT01EBS001H067052UZPE01152001T08MT01EBS001H0670F0670|52UZPE01152001T08MT01EBS001H067052UZPE01152001T08MT01EBS001H0670F0670TI1080055791
3|1579|YULIANA|ESTEFANIA|MALES|BERMUDEZ|CC|1080048899|2007-03-22|2|2|3|9998|3|1||7|07|||8|62.0|156|||2||||||||||||52UZPE01152001T08MT01EBS001H067052UZPE01152001T08MT01EBS001H0670F0670|52UZPE01152001T08MT01EBS001H067052UZPE01152001T08MT01EBS001H0670F0670CC1080048899
3|1580|GLORIA|JANETH|BERMUDEZ|NA|CC|1085247440|1985-09-27|2|2|1|9622|3|1||7|07|||8|68.0|158|||2||||||||||||52UZPE01152001T08MT01EBS001H067052UZPE01152001T08MT01EBS001H0670F0670|52UZPE01152001T08MT01EBS001H067052UZPE01152001T08MT01EBS001H0670F0670CC1085247440
3|1581|CARLOS|NA|YAQUENO|ACHICANOY|CC|5201997|1946-02-22|1|2|1|9998|2|1||3|07|||8|67.0|155|||2||||||||||||52UZPE01152001T08MT01EBS001H067152UZPE01152001T08MT01EBS001H0671F0671|52UZPE01152001T08MT01EBS001H067152UZPE01152001T08MT01EBS001H0671F0671CC5201997
3|1582|BLANCA|CECILIA|BERMUDEZ|NA|CC|27058286|1939-10-09|2|2|6|9998|2|1||3|07|||8|55.0|140|||2||||||||||||52UZPE01152001T08MT01EBS001H067252UZPE01152001T08MT01EBS001H0672F0672|52UZPE01152001T08MT01EBS001H067252UZPE01152001T08MT01EBS001H0672F0672CC27058286
3|1583|LILIANA|NA|CORDOBA|MONTENEGRO|CC|59817531|1971-08-21|2|2|2|9998|2|1||7|07|||8|58.0|152|||2||||||||||||52UZPE01152001T08MT01EBS001H067252UZPE01152001T08MT01EBS001H0672F0672|52UZPE01152001T08MT01EBS001H067252UZPE01152001T08MT01EBS001H0672F0672CC59817531
3|1584|JUAN|CARLOS|CANTUCA|LOPEZ|CC|12990108|1967-01-31|1|2|1|9622|2|1||7|07|||8|65.0|160|||2||||||||||||52UZPE01152001T08MT01EBS001H067252UZPE01152001T08MT01EBS001H0672F0672|52UZPE01152001T08MT01EBS001H067252UZPE01152001T08MT01EBS001H0672F0672CC12990108
3|1585|MARTHA|ILIA|HERMOSA|AGUIRRE|CC|301719741|1955-04-08|2|2|1|9998|2|1||3|07|||1|65.0|140|||2||||||||||||52UZPE01152001T09MT02EBS001H067452UZPE01152001T09MT02EBS001H0674F0674|52UZPE01152001T09MT02EBS001H067452UZPE01152001T09MT02EBS001H0674F0674CC301719741
3|1586|HUMBERTO|NA|PEREZ|CALPA|CC|13068685|1980-10-30|1|2|2|9510|2|1||7|07|||8|65.0|163|||2||||||||||||52UZPE01152001T08MT01EBS001H067552UZPE01152001T08MT01EBS001H0675F0675|52UZPE01152001T08MT01EBS001H067552UZPE01152001T08MT01EBS001H0675F0675CC13068685
3|1587|HADER|YAIR|PEREZ|YELA|CC|1004696971|2001-07-31|1|2|3|9622|3|1||7|07|||8|60.0|162|||2||||||||||||52UZPE01152001T08MT01EBS001H067552UZPE01152001T08MT01EBS001H0675F0675|52UZPE01152001T08MT01EBS001H067552UZPE01152001T08MT01EBS001H0675F0675CC1004696971
3|1588|CRISTIAN|DAVID|YELA|PEREZ|RC|1080711893|2024-12-02|1|2|3|9998|3|1||8|07|||8|||||2||||||||||||52UZPE01152001T08MT01EBS001H067552UZPE01152001T08MT01EBS001H0675F0675|52UZPE01152001T08MT01EBS001H067552UZPE01152001T08MT01EBS001H0675F0675RC1080711893
3|1589|JHOAN|ESNHEIDER|PEREZ|YELA|TI|1087048653|2013-09-19|1|2|3|9998|3|1||1|07|||8|42.0|140|||2||||||||||||52UZPE01152001T08MT01EBS001H067552UZPE01152001T08MT01EBS001H0675F0675|52UZPE01152001T08MT01EBS001H067552UZPE01152001T08MT01EBS001H0675F0675TI1087048653
3|1590|MARIA|DIOSELINA|YELA|RIVERA|CC|59396313|1982-06-30|2|2|5|9998|3|1||7|07|||8|68.0|149|||2||||||||||||52UZPE01152001T08MT01EBS001H067552UZPE01152001T08MT01EBS001H0675F0675|52UZPE01152001T08MT01EBS001H067552UZPE01152001T08MT01EBS001H0675F0675CC59396313
3|1591|MARTHA|YOLANDA|RODRIGUEZ|NA|CC|30711088|1956-10-18|2|2|5|9622|3|1||3|07|||8|60.0|154|||2||||||||||||52UZPE01152001T08MT01EBS001H067652UZPE01152001T08MT01EBS001H0676F0676|52UZPE01152001T08MT01EBS001H067652UZPE01152001T08MT01EBS001H0676F0676CC30711088
3|1592|LUIS|EDUARDO|ERASO|RODRIGUEZ|CC|1085254643|1986-11-11|1|2|3|5169|7|2||7|07|||8|68.0|165|||2||||||||||||52UZPE01152001T08MT01EBS001H067652UZPE01152001T08MT01EBS001H0676F0676|52UZPE01152001T08MT01EBS001H067652UZPE01152001T08MT01EBS001H0676F0676CC1085254643
3|1593|ALVARO|ENRIQUE|RIVERA|REALPE|CC|12962033|1954-09-20|1|2|4|9998|3|1||3|07|||8|45.0|160|||2||||||||||||52UZPE01152001T08MT01EBS001H067752UZPE01152001T08MT01EBS001H0677F0677|52UZPE01152001T08MT01EBS001H067752UZPE01152001T08MT01EBS001H0677F0677CC12962033
3|1594|ILIA|ESMERALDA|RIVERA|REALPE|CC|30719252|1960-09-18|2|2|4|9998|3|1||3|07|||8|55.0|150|||2||||||||||||52UZPE01152001T08MT01EBS001H067752UZPE01152001T08MT01EBS001H0677F0677|52UZPE01152001T08MT01EBS001H067752UZPE01152001T08MT01EBS001H0677F0677CC30719252
3|1595|JOSE|TOBIAS|CABRERA|LASSO|CC|98395451|1976-11-24|1|2|1|9510|2|1||7|07|||8|68.0|154|||2||||||||||||52UZPE01152001T08MT01EBS001H067852UZPE01152001T08MT01EBS001H0678F0678|52UZPE01152001T08MT01EBS001H067852UZPE01152001T08MT01EBS001H0678F0678CC98395451
3|1596|KAROL|ANDREA|ORTIZ|ARMERO|CC|1085290638|1991-07-11|2|2|1|9622|7|1||7|07|||8|61.0|151|||2||||||||||||52UZPE01152001T08MT01EBS001H067952UZPE01152001T08MT01EBS001H0679F0679|52UZPE01152001T08MT01EBS001H067952UZPE01152001T08MT01EBS001H0679F0679CC1085290638
3|1597|JOSE|JULIAN|RODRIGUEZ|ORTIZ|TI|1080063599|2014-09-01|1|2|3|9998|3|1||8|07|||8|36.0|145|||2||||||||||||52UZPE01152001T08MT01EBS001H067952UZPE01152001T08MT01EBS001H0679F0679|52UZPE01152001T08MT01EBS001H067952UZPE01152001T08MT01EBS001H0679F0679TI1080063599
3|1598|MANUEL|ALEJANDRO|TOBON|ANGULO|TI|1081055857|2007-10-31|1|2|6|9998|3|1||1|07|||8|65.0|167|||2||||||||||||52UZPE01152001T09MT02EBS001H067352UZPE01152001T09MT02EBS001H0673F0673|52UZPE01152001T09MT02EBS001H067352UZPE01152001T09MT02EBS001H0673F0673TI1081055857
3|1599|CATALEYA|NA|MORANO|OSPINA|RC|1080712106|2025-06-06|2|2|3|9998|3|1||8|07|||8|||||2||||||||||||52UZPE01152001T08MT01EBS001H068152UZPE01152001T08MT01EBS001H0681F0681|52UZPE01152001T08MT01EBS001H068152UZPE01152001T08MT01EBS001H0681F0681RC1080712106
3|1600|ANDREI|ALEXANDER|ANDRADE|OSPINA|TI|1081283108|2013-02-24|1|2|3|9998|3|1||1|07|||8|40.0|142|||2||||||||||||52UZPE01152001T08MT01EBS001H068152UZPE01152001T08MT01EBS001H0681F0681|52UZPE01152001T08MT01EBS001H068152UZPE01152001T08MT01EBS001H0681F0681TI1081283108
3|1601|JULIETH|NA|OSPINA|MAYA|CC|1085281241|1990-01-15|2|2|5|9998|3|1||7|07|||8|75.0|156|||2||||||||||||52UZPE01152001T08MT01EBS001H068152UZPE01152001T08MT01EBS001H0681F0681|52UZPE01152001T08MT01EBS001H068152UZPE01152001T08MT01EBS001H0681F0681CC1085281241
3|1602|AARON|SAMUEL|MORAN|MAYA|TI|1080703841|2017-06-20|1|2|3|9998|3|1||8|07|||8|32.0|132|||2||||||||||||52UZPE01152001T08MT01EBS001H068252UZPE01152001T08MT01EBS001H0682F0682|52UZPE01152001T08MT01EBS001H068252UZPE01152001T08MT01EBS001H0682F0682TI1080703841
3|1603|ABRIL|ANTHONELLA|SALAZAR|MORAN|RC|1080711082|2023-10-16|2|2|3|9998|3|1||8|07|||8|||||2||||||||||||52UZPE01152001T08MT01EBS001H068252UZPE01152001T08MT01EBS001H0682F0682|52UZPE01152001T08MT01EBS001H068252UZPE01152001T08MT01EBS001H0682F0682RC1080711082
3|1604|DIANA|CAROLINA|MORAN|MAYA|CC|1085342942|1998-09-30|2|2|1|9622|7|1||7|07|||8|57.0|160|||2||||||||||||52UZPE01152001T08MT01EBS001H068252UZPE01152001T08MT01EBS001H0682F0682|52UZPE01152001T08MT01EBS001H068252UZPE01152001T08MT01EBS001H0682F0682CC1085342942
3|1605|DAYANA|CAMILA|MORAN|MAYA|CC|1004136820|2000-10-13|2|2|3|9510|3|1||7|07|||8|60.0|150|||2||||||||||||52UZPE01152001T08MT01EBS001H068352UZPE01152001T08MT01EBS001H0683F0683|52UZPE01152001T08MT01EBS001H068352UZPE01152001T08MT01EBS001H0683F0683CC1004136820
3|1606|OSCAR|ARMANDO|MORAN|NA|CC|12997765|1967-03-26|1|2|2|5169|3|2||7|07|||8|72.0|170|||2||||||||||||52UZPE01152001T08MT01EBS001H068352UZPE01152001T08MT01EBS001H0683F0683|52UZPE01152001T08MT01EBS001H068352UZPE01152001T08MT01EBS001H0683F0683CC12997765
3|1607|OLGA|MIREYA|MAYA|NA|CC|31944959|1964-04-28|2|2|5|9998|2|2||3|07|||8|66.0|150|||2||||||||||||52UZPE01152001T08MT01EBS001H068352UZPE01152001T08MT01EBS001H0683F0683|52UZPE01152001T08MT01EBS001H068352UZPE01152001T08MT01EBS001H0683F0683CC31944959
3|1608|OSCAR|ANDREI|MORAN|MAYA|CC|1085324078|1995-11-03|1|2|3|9998|7|1||7|07|||8|68.0|170|||2||||||||||||52UZPE01152001T08MT01EBS001H068452UZPE01152001T08MT01EBS001H0684F0684|52UZPE01152001T08MT01EBS001H068452UZPE01152001T08MT01EBS001H0684F0684CC1085324078
3|1609|GISELL|NA|ORTIZ|VANEGAS|CC|1144145500|1990-12-31|2|2|3|9510|3|1||7|07|||8|70.0|165|||2||||||||||||52UZPE01152001T08MT01EBS001H068552UZPE01152001T08MT01EBS001H0685F0685|52UZPE01152001T08MT01EBS001H068552UZPE01152001T08MT01EBS001H0685F0685CC1144145500
3|1610|ZULLEY|NA|CASTILLO|ORTIZ|TI|1233194312|2017-10-13|2|2|6|9998|3|1||8|07|||8|33.5|128|||2||||||||||||52UZPE01152001T08MT01EBS001H068552UZPE01152001T08MT01EBS001H0685F0685|52UZPE01152001T08MT01EBS001H068552UZPE01152001T08MT01EBS001H0685F0685TI1233194312
3|1611|LAUREANO|NA|ORTIZ|PAZ|CC|12972461|1960-12-15|1|2|5|9998|3|1||3|07|||8|72.0|172|||2||||||||||||52UZPE01152001T08MT01EBS001H068552UZPE01152001T08MT01EBS001H0685F0685|52UZPE01152001T08MT01EBS001H068552UZPE01152001T08MT01EBS001H0685F0685CC12972461
3|1612|DIANA|MARIBEL|ARCOS|BURBANO|CC|1120218084|1995-07-23|2|2|1|9998|3|1||7|07|||8|90.0|168|||2||||||||||||52UZPE01152001T08MT01EBS001H068652UZPE01152001T08MT01EBS001H0686F0686|52UZPE01152001T08MT01EBS001H068652UZPE01152001T08MT01EBS001H0686F0686CC1120218084
3|1613|GUSTAVO|ADOLFO|BURGOS|NA|CC|1085262098|1988-03-17|1|2|2|9622|2|2||7|07|||8|95.0|183|||2||||||||||||52UZPE01152001T08MT01EBS001H068652UZPE01152001T08MT01EBS001H0686F0686|52UZPE01152001T08MT01EBS001H068652UZPE01152001T08MT01EBS001H0686F0686CC1085262098
3|1614|CARMEN|MAGDALENA|PAZ|NA|CC|30706652|1950-07-20|2|2|1|9998|2|1||3|07|||8|39.0|140|||2||||||||||||52UZPE01152001T08MT01EBS001H068752UZPE01152001T08MT01EBS001H0687F0687|52UZPE01152001T08MT01EBS001H068752UZPE01152001T08MT01EBS001H0687F0687CC30706652
3|1615|AMANDA|LUCIA|ARGOTI|CHAVEZ|CC|59813304|1971-01-10|2|2|1|9510|3|1||7|07|||8|65.0|159|||2||||||||||||52UZPE01152001T08MT01EBS001H068852UZPE01152001T08MT01EBS001H0688F0688|52UZPE01152001T08MT01EBS001H068852UZPE01152001T08MT01EBS001H0688F0688CC59813304
3|1616|YAQUELINE|NA|PARDO|POLO|CC|30742658|1967-10-14|2|2|2|9998|2|2||7|07|||8|65.0|169|||2||||||||||||52UZPE01152001T08MT01EBS001H068952UZPE01152001T08MT01EBS001H0689F0689|52UZPE01152001T08MT01EBS001H068952UZPE01152001T08MT01EBS001H0689F0689CC30742658
3|1617|NUBIA|DELCARMEN|ARCINIEGAS|CORDOBA|CC|30713029|1956-12-08|2|2|4|9998|2|2||3|07|||8|62.0|148|||2||||||||||||52UZPE01152001T08MT01EBS001H069052UZPE01152001T08MT01EBS001H0690F0690|52UZPE01152001T08MT01EBS001H069052UZPE01152001T08MT01EBS001H0690F0690CC30713029
3|1618|MARIA|NA|ARCINIEGAS|CORDOBA|CC|30772718|1959-03-17|2|2|4|9998|2|1||3|07|||8|63.0|155|||2||||||||||||52UZPE01152001T08MT01EBS001H069052UZPE01152001T08MT01EBS001H0690F0690|52UZPE01152001T08MT01EBS001H069052UZPE01152001T08MT01EBS001H0690F0690CC30772718
3|1619|CARLOS|ARTURO|NOGUERA|RIVERA|CC|12969540|1957-04-15|1|2|4|9998|2|1||3|07|||8|74.0|168|||2||||||||||||52UZPE01152001T08MT01EBS001H069052UZPE01152001T08MT01EBS001H0690F0690|52UZPE01152001T08MT01EBS001H069052UZPE01152001T08MT01EBS001H0690F0690CC12969540
3|1620|VICTORIA|JOHANA|BURBANO|ORTEGA|CC|1085274647|1989-05-02|2|2|5|9998|3|1||7|07|||8|65.0|165|||2||||||||||||52UZPE01152001T08MT01EBS001H069152UZPE01152001T08MT01EBS001H0691F0691|52UZPE01152001T08MT01EBS001H069152UZPE01152001T08MT01EBS001H0691F0691CC1085274647
3|1621|SAMANTHA|NICOLE|CAICEDO|BURBANO|RC|1080067374|2017-08-11|2|2|3|9998|3|1||8|07|||8|30.0|126|||2||||||||||||52UZPE01152001T08MT01EBS001H069152UZPE01152001T08MT01EBS001H0691F0691|52UZPE01152001T08MT01EBS001H069152UZPE01152001T08MT01EBS001H0691F0691RC1080067374
3|1622|SHARA|MELINA|YARPAZ|CHINGAL|TI|1087619169|2014-08-08|2|2|3|9998|3|1||8|07|||8|30.0|150|||2||||||||||||52UZPE01152001T08MT01EBS001H069252UZPE01152001T08MT01EBS001H0692F0692|52UZPE01152001T08MT01EBS001H069252UZPE01152001T08MT01EBS001H0692F0692TI1087619169
3|1623|SEGUNDO|NOREGISTRA|LATORRE|ROSERO|CC|5371350|1940-12-31|1|2|1|9510|2|1||3|07|||8|56.0|158|||2||||||||||||52UZPE01152001T08MT01EBS001H069452UZPE01152001T08MT01EBS001H0694F0694|52UZPE01152001T08MT01EBS001H069452UZPE01152001T08MT01EBS001H0694F0694CC5371350
3|1624|JORGE|EFRAIN|LATORRE|CAICEDO|CC|12996797|1969-07-16|1|2|3|9998|3|1||7|07|||8|68.0|160|||2||||||||||||52UZPE01152001T08MT01EBS001H069452UZPE01152001T08MT01EBS001H0694F0694|52UZPE01152001T08MT01EBS001H069452UZPE01152001T08MT01EBS001H0694F0694CC12996797
3|1625|DINO|GINO|GORLATO|NA|CC|98383494|1970-11-22|1|2|2|9622|3|1||7|07|||8|81.0|175|||2||||||||||||52UZPE01152001T08MT01EBS001H069552UZPE01152001T08MT01EBS001H0695F0695|52UZPE01152001T08MT01EBS001H069552UZPE01152001T08MT01EBS001H0695F0695CC98383494
3|1626|LINA|MARCELA|GORLATO|SALAZAR|CC|1140264007|2006-01-01|2|2|3|9998|5|1||7|07|||8|60.0|162|||2||||||||||||52UZPE01152001T08MT01EBS001H069552UZPE01152001T08MT01EBS001H0695F0695|52UZPE01152001T08MT01EBS001H069552UZPE01152001T08MT01EBS001H0695F0695CC1140264007
3|1627|EUGENIA|DELOURDES|SALAZAR|CHAVES|CC|30735280|1963-07-23|2|2|1|9998|3|1||3|07|||8|62.0|150|||2||||||||||||52UZPE01152001T08MT01EBS001H069552UZPE01152001T08MT01EBS001H0695F0695|52UZPE01152001T08MT01EBS001H069552UZPE01152001T08MT01EBS001H0695F0695CC30735280
3|1628|MARTHA|CECILIA|CASTILLO|NA|CC|27432108|1947-12-07|2|2|5|9998|2|1||3|07|||8|72.0|152|||2||||||||||||52UZPE01152001T08MT01EBS001H069652UZPE01152001T08MT01EBS001H0696F0696|52UZPE01152001T08MT01EBS001H069652UZPE01152001T08MT01EBS001H0696F0696CC27432108
3|1629|DEIRA|AMPARO|PORTILLO|CASTILLO|CC|27108902|1972-06-17|2|2|1|9510|2|1||7|07|||8|1.6|72|||2||||||||||||52UZPE01152001T08MT01EBS001H069652UZPE01152001T08MT01EBS001H0696F0696|52UZPE01152001T08MT01EBS001H069652UZPE01152001T08MT01EBS001H0696F0696CC27108902
3|1630|LUIS|ANTONIO|LOPEZ|NA|CC|98339877|1970-11-14|1|2|2|9622|3|1||7|07|||8|75.0|150|||2||||||||||||52UZPE01152001T08MT01EBS001H069652UZPE01152001T08MT01EBS001H0696F0696|52UZPE01152001T08MT01EBS001H069652UZPE01152001T08MT01EBS001H0696F0696CC98339877
3|1631|GABRIELA|SOFIA|MOLINA|LOPEZ|TI|1080061023|2012-08-03|2|2|3|9998|3|1||1|07|||8|51.0|142|||2||||||||||||52UZPE01152001T08MT01EBS001H069752UZPE01152001T08MT01EBS001H0697F0697|52UZPE01152001T08MT01EBS001H069752UZPE01152001T08MT01EBS001H0697F0697TI1080061023
3|1632|DILAN|NA|NINO|LOPEZ|RC|1082658756|2017-11-03|1|2|3|9998|3|1||8|07|||8|32.0|131|||2||||||||||||52UZPE01152001T08MT01EBS001H069752UZPE01152001T08MT01EBS001H0697F0697|52UZPE01152001T08MT01EBS001H069752UZPE01152001T08MT01EBS001H0697F0697RC1082658756
3|1633|LUISA|DAYANA|LOPEZ|PORTILLO|CC|1085313202|1994-06-16|2|2|1|5169|7|2||7|07|||8|65.0|162|||2||||||||||||52UZPE01152001T08MT01EBS001H069752UZPE01152001T08MT01EBS001H0697F0697|52UZPE01152001T08MT01EBS001H069752UZPE01152001T08MT01EBS001H0697F0697CC1085313202
3|1634|ANGANOY|BOTINA|HUMBERTO|BENJAMIN|CC|5199384|1941-11-03|1|2|1|9510|1|1||3|07|||8|59.0|158|||2||||||||||||52UZPE01152001T08MT01EBS001H069852UZPE01152001T08MT01EBS001H0698F0698|52UZPE01152001T08MT01EBS001H069852UZPE01152001T08MT01EBS001H0698F0698CC5199384
3|1635|ADRIAN|STIVEN|ERAZO|VILLOTA|RC|1082631707|2021-06-04|1|2|3|9998|3|1||8|07|||8|||||2||||||||||||52UZPE01152001T08MT01EBS001H069952UZPE01152001T08MT01EBS001H0699F0699|52UZPE01152001T08MT01EBS001H069952UZPE01152001T08MT01EBS001H0699F0699RC1082631707
3|1636|LEIDY|VIVIANA|VILLOTA|ARTE|CC|1010134834|2001-02-03|2|2|1|9998|3|1||7|07|||8|54.0|150|||2||||||||||||52UZPE01152001T08MT01EBS001H069952UZPE01152001T08MT01EBS001H0699F0699|52UZPE01152001T08MT01EBS001H069952UZPE01152001T08MT01EBS001H0699F0699CC1010134834
3|1637|JORGE|ELIEZAR|CASTILLO|ROSAS|CC|12951857|1947-12-12|1|2|5|9510|1|1||3|07|||8|66.0|160|||2||||||||||||52UZPE01152001T08MT01EBS001H070152UZPE01152001T08MT01EBS001H0701F0701|52UZPE01152001T08MT01EBS001H070152UZPE01152001T08MT01EBS001H0701F0701CC12951857
3|1638|MARINA|MARINA|GELPUD|ROSAS|CC|36755232|1945-12-31|2|2|1|9998|1|1||3|07|||8|77.0|150|||2||||||||||||52UZPE01152001T08MT01EBS001H070152UZPE01152001T08MT01EBS001H0701F0701|52UZPE01152001T08MT01EBS001H070152UZPE01152001T08MT01EBS001H0701F0701CC36755232
3|1639|SANDRA|VERONICA|MASINSOY|PINCHAO|CC|1085283382|1990-04-16|2|2|5|5169|5|1||7|07|||8|70.0|160|||2||||||||||||52UZPE01152001T08MT01EBS001H070352UZPE01152001T08MT01EBS001H0703F0703|52UZPE01152001T08MT01EBS001H070352UZPE01152001T08MT01EBS001H0703F0703CC1085283382
3|1640|STIVEN|HERNAN|ROJAS|MUNOZ|CC|1082630019|2004-02-01|1|2|3|9999|3|1||7|07|||8|72.0|165|||2||||||||||||52UZPE01152001T08MT01EBS001H070452UZPE01152001T08MT01EBS001H0704F0704|52UZPE01152001T08MT01EBS001H070452UZPE01152001T08MT01EBS001H0704F0704CC1082630019
3|1641|RICARDO|HERNAN|ROJAS|TULCAN|CC|98395127|1975-12-12|1|2|5|9510|3|1||7|07|||8|66.0|160|||2||||||||||||52UZPE01152001T08MT01EBS001H070452UZPE01152001T08MT01EBS001H0704F0704|52UZPE01152001T08MT01EBS001H070452UZPE01152001T08MT01EBS001H0704F0704CC98395127
3|1642|JEISOM|EVILSOM|LOPEZ|PINCHAO|CC|1090085869|1999-02-17|1|2|6|9510|1|1||7|07|||8|78.0|165|||2||||||||||||52UZPE01152001T08MT01EBS001H070652UZPE01152001T08MT01EBS001H0706F0706|52UZPE01152001T08MT01EBS001H070652UZPE01152001T08MT01EBS001H0706F0706CC1090085869
3|1643|MARIA|TERESA|GELPUD|CARLOSAMA|CC|27075950|1947-04-15|2|2|6|9998|1|1||3|07|||8|46.0|133|||2||||||||||||52UZPE01152001T08MT01EBS001H070752UZPE01152001T08MT01EBS001H0707F0707|52UZPE01152001T08MT01EBS001H070752UZPE01152001T08MT01EBS001H0707F0707CC27075950
3|1644|SEGUNDO|LUIS|GELPUD|CARLOSAMA|CC|1083752973|1978-07-21|1|2|5|9510|2|1||7|07|||8|63.0|167|||2||||||||||||52UZPE01152001T08MT01EBS001H070752UZPE01152001T08MT01EBS001H0707F0707|52UZPE01152001T08MT01EBS001H070752UZPE01152001T08MT01EBS001H0707F0707CC1083752973