1|NI|900091143|2025-12-08|2025-12-08|2367
2|1|1|52|UZPE011|52001|T48|MT01|FRAY EZEQUIEL MORENO|TORRE1APARTAMENTO1202|-77.265045|1.220494||52UZPE01152001T48MT01EBS001H0001|52UZPE01152001T48MT01EBS001H0001F0001|1|1|1|2|52UZPE01152001T48MT01EBS001|900091143|CC|1085269090|AUXILIARDEENFERMERIA|52UZPE01152001T48MT01EBS001H0001F0001CF001|2024-10-29|4||1||3||1||2|2|1|5|3|2|20||1|13|0||1||1||1||1||1|3|3|1|1|1|1|2|2|2|2|2|2||2|2|1|2||9||1|2|2|1|2|1|2|2|1|52UZPE01152001T48MT01EBS001H000152UZPE01152001T48MT01EBS001H0001F0001
2|2|1|52|UZPE011|52001|T48|MT01|FRAY EZEQUIEL MORENO|TORRE1APARTAMENTO1201|-77.264786|1.219753||52UZPE01152001T48MT01EBS001H0002|52UZPE01152001T48MT01EBS001H0002F0002|1|1|1|1|52UZPE01152001T48MT01EBS001|900091143|CC|1085269090|AUXILIARDEENFERMERIA|52UZPE01152001T48MT01EBS001H0002F0002CF002|2024-10-29|4||1||3||1||1|2|11|5|3|2|20||1|13|0||1||1||1||1||2|1|3|1|1|1|1|2|2|2|2|2|2||2|2|1|1||9||1|2|2|1|2|1|2|2|1|52UZPE01152001T48MT01EBS001H000252UZPE01152001T48MT01EBS001H0002F0002
2|3|1|52|UZPE011|52001|T48|MT01|FRAY EZEQUIEL MORENO|1503TORRE1LAQUINTA|-77.265112|1.221424||52UZPE01152001T48MT01EBS001H0003|52UZPE01152001T48MT01EBS001H0003F0003|1|1|1|4|52UZPE01152001T48MT01EBS001|900091143|CC|59833702|OTRO|52UZPE01152001T48MT01EBS001H0003F0003CF003|2024-10-29|4||1||3||1||2|1|11|5|3|2|8||2|13|0||1||1||1||1||1|4|3|1|1|1|1|2|2|2|2|2|2||2|2|2|2||9||2|2|2|1|2|1|2|2|1|52UZPE01152001T48MT01EBS001H000352UZPE01152001T48MT01EBS001H0003F0003
2|4|1|52|UZPE011|52001|T48|MT01|FRAY EZEQUIEL MORENO|TORRE2APARTAMENTO1406|-77.264893|1.221032||52UZPE01152001T48MT01EBS001H0004|52UZPE01152001T48MT01EBS001H0004F0004|1|1|1|1|52UZPE01152001T48MT01EBS001|900091143|CC|1085269090|AUXILIARDEENFERMERIA|52UZPE01152001T48MT01EBS001H0004F0004CF004|2024-10-29|4||1||3||1||1|2|11|5|3|2|20||1|13|0||1||1||1||1||7|1|3|1|1|1|1|2|2|2|2|2|2||2|2|1|2||9||1|2|2|1|2|1|2|2|1|52UZPE01152001T48MT01EBS001H000452UZPE01152001T48MT01EBS001H0004F0004
2|5|1|52|UZPE011|52001|T48|MT01|FRAY EZEQUIEL MORENO|APARTAMENTO905TORRE1|-77.264843|1.220298||52UZPE01152001T48MT01EBS001H0005|52UZPE01152001T48MT01EBS001H0005F0005|1|1|1|1|52UZPE01152001T48MT01EBS001|900091143|CC|1085269090|AUXILIARDEENFERMERIA|52UZPE01152001T48MT01EBS001H0005F0005CF005|2024-10-29|4||1||3||1||1|2|11|5|3|2|20||1|13|0||1||1||1||1||7|1|3|1|1|1|1|2|2|2|2|2|2||2|2|1|1||9||1|2|2|1|2|1|2|2|1|52UZPE01152001T48MT01EBS001H000552UZPE01152001T48MT01EBS001H0005F0005
2|6|1|52|UZPE011|52001|T48|MT01|FRAY EZEQUIEL MORENO|TORRE1APARTAMENTO606|-77.264692|1.220815||52UZPE01152001T48MT01EBS001H0006|52UZPE01152001T48MT01EBS001H0006F0006|1|1|1|1|52UZPE01152001T48MT01EBS001|900091143|CC|1085269090|AUXILIARDEENFERMERIA|52UZPE01152001T48MT01EBS001H0006F0006CF006|2024-10-29|4||1||3||4||1|2|11|5|3|2|20||1|13|0||1||1||1||1||7|1|3|1|1|1|1|2|2|2|2|2|2||2|2|2|2||9||2|2|2|1|2|1|2|2|1|52UZPE01152001T48MT01EBS001H000652UZPE01152001T48MT01EBS001H0006F0006
2|7|1|52|UZPE011|52001|T48|MT01|FRAY EZEQUIEL MORENO|TORRE1APARTAMENTO605|-77.263924|1.221053||52UZPE01152001T48MT01EBS001H0007|52UZPE01152001T48MT01EBS001H0007F0007|1|1|1|2|52UZPE01152001T48MT01EBS001|900091143|CC|1085269090|AUXILIARDEENFERMERIA|52UZPE01152001T48MT01EBS001H0007F0007CF007|2024-10-29|4||1||3||1||2|1|11|5|3|2|20||1|13|0||1||1||1||1||2|3|3|1|1|1|1|2|2|2|2|2|2||2|2|1|2||9||1|2|2|1|2|1|2|2|1|52UZPE01152001T48MT01EBS001H000752UZPE01152001T48MT01EBS001H0007F0007
2|8|1|52|UZPE011|52001|T48|MT01|FRAY EZEQUIEL MORENO|TORRE1APARTAMENTO304|-77.264502|1.220518||52UZPE01152001T48MT01EBS001H0008|52UZPE01152001T48MT01EBS001H0008F0008|1|1|1|2|52UZPE01152001T48MT01EBS001|900091143|CC|1085269090|AUXILIARDEENFERMERIA|52UZPE01152001T48MT01EBS001H0008F0008CF008|2024-10-29|4||1||3||1||2|2|11|5|3|2|20||1|13|0||1||1||1||1||2|2|3|2|1|1|1|2|2|2|2|2|2||2|2|2|2||9||2|2|2|1|2|1|2|2|1|52UZPE01152001T48MT01EBS001H000852UZPE01152001T48MT01EBS001H0008F0008
2|9|1|52|UZPE011|52001|T48|MT01|FRAY EZEQUIEL MORENO|TORRE1APARTAMENTO207|-77.264502|1.220518||52UZPE01152001T48MT01EBS001H0009|52UZPE01152001T48MT01EBS001H0009F0009|1|1|1|3|52UZPE01152001T48MT01EBS001|900091143|CC|1085269090|AUXILIARDEENFERMERIA|52UZPE01152001T48MT01EBS001H0009F0009CF009|2024-10-29|4||1||3||1||3|2|11|5|3|2|20||1|13|0||1||1||1||1||2|3|3|1|1|1|1|2|2|2|2|2|2||2|2|1|1||9||1|2|2|1|2|1|2|2|1|52UZPE01152001T48MT01EBS001H000952UZPE01152001T48MT01EBS001H0009F0009
2|10|1|52|UZPE011|52001|T48|MT01|FRAY EZEQUIEL MORENO|TORRE2APARTAMENTO301|-77.26469|1.220901||52UZPE01152001T48MT01EBS001H0010|52UZPE01152001T48MT01EBS001H0010F0010|1|1|1|2|52UZPE01152001T48MT01EBS001|900091143|CC|1085269090|AUXILIARDEENFERMERIA|52UZPE01152001T48MT01EBS001H0010F0010CF010|2024-10-30|4||1||3||1||2|2|11|5|3|2|20||1|13|0||1||1||1||1||2|2|3|2|1|1|1|2|2|2|2|2|2||2|2|1|2||9||1|2|2|1|2|1|2|2|1|52UZPE01152001T48MT01EBS001H001052UZPE01152001T48MT01EBS001H0010F0010
2|11|1|52|UZPE011|52001|T48|MT01|FRAY EZEQUIEL MORENO|TORRE2APARTAMENTO502|-77.264875|1.220901||52UZPE01152001T48MT01EBS001H0011|52UZPE01152001T48MT01EBS001H0011F0011|1|1|1|4|52UZPE01152001T48MT01EBS001|900091143|CC|1085269090|AUXILIARDEENFERMERIA|52UZPE01152001T48MT01EBS001H0011F0011CF011|2024-10-30|4||1||3||1||2|1|11|5|3|2|20||1|13|0||1||1||1||1||1|4|3|2|1|1|1|2|2|2|2|2|2||2|2|1|1||9||1|2|2|1|2|1|2|2|1|52UZPE01152001T48MT01EBS001H001152UZPE01152001T48MT01EBS001H0011F0011
2|12|1|52|UZPE011|52001|T48|MT01|FRAY EZEQUIEL MORENO|TORRE2APARTAMENTO508|-77.265029|1.221155||52UZPE01152001T48MT01EBS001H0012|52UZPE01152001T48MT01EBS001H0012F0012|1|1|1|1|52UZPE01152001T48MT01EBS001|900091143|CC|1085269090|AUXILIARDEENFERMERIA|52UZPE01152001T48MT01EBS001H0012F0012CF012|2024-10-30|4||1||3||1||1|2|11|5|3|2|20||1|13|0||1||1||1||1||7|1|3|1|1|1|1|2|2|2|2|2|2||2|2|1|1||9||1|2|2|1|2|1|2|2|1|52UZPE01152001T48MT01EBS001H001252UZPE01152001T48MT01EBS001H0012F0012
2|13|1|52|UZPE011|52001|T48|MT01|FRAY EZEQUIEL MORENO|TORRE2APARTAMENTO507|-77.264978|1.221316||52UZPE01152001T48MT01EBS001H0013|52UZPE01152001T48MT01EBS001H0013F0013|1|1|1|3|52UZPE01152001T48MT01EBS001|900091143|CC|1085269090|AUXILIARDEENFERMERIA|52UZPE01152001T48MT01EBS001H0013F0013CF013|2024-10-30|4||1||3||1||1|2|11|5|3|2|20||1|13|0||1||1||1||1||1|3|3|2|1|1|1|2|2|2|2|2|2||2|2|1|2||9||1|2|2|1|2|1|2|2|1|52UZPE01152001T48MT01EBS001H001352UZPE01152001T48MT01EBS001H0013F0013
2|14|1|52|UZPE011|52001|T48|MT01|FRAY EZEQUIEL MORENO|TORRE2APARTAMENTO407|-77.265231|1.221243||52UZPE01152001T48MT01EBS001H0014|52UZPE01152001T48MT01EBS001H0014F0014|1|1|1|5|52UZPE01152001T48MT01EBS001|900091143|CC|1085269090|AUXILIARDEENFERMERIA|52UZPE01152001T48MT01EBS001H0014F0014CF014|2024-10-30|4||1||3||1||3|1|11|5|3|2|20||1|13|0||1||1||1||1||1|5|3|1|1|1|1|2|2|2|2|2|2||2|2|1|1||9||1|2|2|1|2|1|2|2|1|52UZPE01152001T48MT01EBS001H001452UZPE01152001T48MT01EBS001H0014F0014
2|15|1|52|UZPE011|52001|T48|MT01|FRAY EZEQUIEL MORENO|QUINTACUJACALBAJOTORRE1APARTAMENTO1401|-77.2671|1.218258||52UZPE01152001T48MT01EBS001H0015|52UZPE01152001T48MT01EBS001H0015F0015|1|1|1|3|52UZPE01152001T48MT01EBS001|900091143|CC|59311233|AUXILIARDEENFERMERIA|52UZPE01152001T48MT01EBS001H0015F0015CF015|2024-10-29|4||1||3||1||2|2|11|5|3|2|5||2|13|0||1||1||1||1||1|3|3|1|1|1|1|2|2|2|2|2|2||2|2|1|2||9||1|2|2|1|1|1|2|2|1|52UZPE01152001T48MT01EBS001H001552UZPE01152001T48MT01EBS001H0015F0015
2|16|1|52|UZPE011|52001|T48|MT01|FRAY EZEQUIEL MORENO|LAQUINTACUJACALBAJOTORRE1APARTAMENTO1101|-77.2671|1.218258||52UZPE01152001T48MT01EBS001H0016|52UZPE01152001T48MT01EBS001H0016F0016|1|1|1|2|52UZPE01152001T48MT01EBS001|900091143|CC|59311233|AUXILIARDEENFERMERIA|52UZPE01152001T48MT01EBS001H0016F0016CF016|2024-10-29|4||1||3||1||2|2|11|5|3|2|5||2|13|0||1||1||1||1||1|2|1|1|1|1|1|2|2|2|2|2|2||2|2|1|1||9||1|2|2|1|1|1|2|2|1|52UZPE01152001T48MT01EBS001H001652UZPE01152001T48MT01EBS001H0016F0016
2|17|1|52|UZPE011|52001|T48|MT01|FRAY EZEQUIEL MORENO|QUINTACUJACALBAJOTORRE1APARTAMENTO507|-77.2671|1.218258||52UZPE01152001T48MT01EBS001H0017|52UZPE01152001T48MT01EBS001H0017F0017|1|1|1|2|52UZPE01152001T48MT01EBS001|900091143|CC|59311233|AUXILIARDEENFERMERIA|52UZPE01152001T48MT01EBS001H0017F0017CF017|2024-10-29|4||1||3||1||2|2|11|5|3|2|5||2|13|0||1||1||1||1||1|2|3|1|1|1|1|2|2|2|2|2|2||2|2|1|2||9||1|2|2|1|1|1|2|2|1|52UZPE01152001T48MT01EBS001H001752UZPE01152001T48MT01EBS001H0017F0017
2|18|1|52|UZPE011|52001|T48|MT01|FRAY EZEQUIEL MORENO|TORRE2APARTAMENTO408|-77.265008|1.221104||52UZPE01152001T48MT01EBS001H0018|52UZPE01152001T48MT01EBS001H0018F0018|1|1|1|1|52UZPE01152001T48MT01EBS001|900091143|CC|1085269090|AUXILIARDEENFERMERIA|52UZPE01152001T48MT01EBS001H0018F0018CF018|2024-10-30|4||1||3||1||1|2|11|5|3|2|20||1|13|0||1||1||1||1||7|1|3|1|1|1|1|2|2|2|2|2|2||2|2|1|1||9||1|2|2|1|2|1|2|2|1|52UZPE01152001T48MT01EBS001H001852UZPE01152001T48MT01EBS001H0018F0018
2|19|1|52|UZPE011|52001|T48|MT01|FRAY EZEQUIEL MORENO|T2APAR404|-77.264875|1.220984||52UZPE01152001T48MT01EBS001H0019|52UZPE01152001T48MT01EBS001H0019F0019|1|1|1|2|52UZPE01152001T48MT01EBS001|900091143|CC|1085269090|AUXILIARDEENFERMERIA|52UZPE01152001T48MT01EBS001H0019F0019CF019|2024-10-30|4||1||3||1||1|1|11|5|3|2|20||1|13|0||1||1||1||1||2|2|3|1|1|1|1|2|2|2|2|2|2||2|2|1|2||9||1|2|2|1|2|1|2|2|1|52UZPE01152001T48MT01EBS001H001952UZPE01152001T48MT01EBS001H0019F0019
2|20|1|52|UZPE011|52001|T48|MT01|FRAY EZEQUIEL MORENO|QUINTACUJACALBAJOTORRE1APARTAMENTO504|-77.26686|1.218221||52UZPE01152001T48MT01EBS001H0020|52UZPE01152001T48MT01EBS001H0020F0020|1|2|2|4|52UZPE01152001T48MT01EBS001|900091143|CC|59311233|AUXILIARDEENFERMERIA|52UZPE01152001T48MT01EBS001H0020F0020CF020|2024-10-29|4||1||3||1||2|2|11|5|3|2|5||2|13|0||1||1||1||1||1|3|1|1|1|1|1|2|2|2|2|2|2||2|2|1|2||9||1|2|2|1|1|1|2|2|1|52UZPE01152001T48MT01EBS001H002052UZPE01152001T48MT01EBS001H0020F0020
2|21|1|52|UZPE011|52001|T48|MT01|FRAY EZEQUIEL MORENO|T2APARTAMENTO502|-77.264404|1.220955||52UZPE01152001T48MT01EBS001H0021|52UZPE01152001T48MT01EBS001H0021F0021|1|1|1|2|52UZPE01152001T48MT01EBS001|900091143|CC|1085269090|AUXILIARDEENFERMERIA|52UZPE01152001T48MT01EBS001H0021F0021CF021|2024-10-30|4||1||3||1||1|2|11|5|3|2|20||1|13|0||1||1||1||1||2|2|3|1|1|1|1|2|2|2|2|2|2||2|2|1|2||9||1|2|2|1|2|1|2|2|1|52UZPE01152001T48MT01EBS001H002152UZPE01152001T48MT01EBS001H0021F0021
2|22|1|52|UZPE011|52001|T48|MT01|FRAY EZEQUIEL MORENO|TORRE3APARTAMENTO308|-77.268002|1.221118||52UZPE01152001T48MT01EBS001H0022|52UZPE01152001T48MT01EBS001H0022F0022|1|1|1|1|52UZPE01152001T48MT01EBS001|900091143|CC|1085269090|AUXILIARDEENFERMERIA|52UZPE01152001T48MT01EBS001H0022F0022CF022|2024-10-31|4||1||3||1||1|2|11|5|3|2|20||1|13|0||1||1||1||1||7|1|3|1|1|1|1|2|2|2|2|2|2||2|2|1|2||9||1|2|2|1|2|1|2|2|1|52UZPE01152001T48MT01EBS001H002252UZPE01152001T48MT01EBS001H0022F0022
2|23|1|52|UZPE011|52001|T48|MT01|FRAY EZEQUIEL MORENO|T3APARTAMENTO601|-77.26493|1.22087||52UZPE01152001T48MT01EBS001H0023|52UZPE01152001T48MT01EBS001H0023F0023|1|1|1|3|52UZPE01152001T48MT01EBS001|900091143|CC|1085269090|AUXILIARDEENFERMERIA|52UZPE01152001T48MT01EBS001H0023F0023CF023|2024-10-31|4||1||3||1||2|2|11|5|3|2|20||1|13|0||1||1||1||1||1|3|3|2|1|1|1|2|2|2|2|2|2||2|2|1|1||9||1|2|2|1|2|1|2|2|1|52UZPE01152001T48MT01EBS001H002352UZPE01152001T48MT01EBS001H0023F0023
2|24|1|52|UZPE011|52001|T48|MT01|FRAY EZEQUIEL MORENO|QUINTACUJACALBAJOTORRE1APARTAMENTO504|-77.2671|1.218258||52UZPE01152001T48MT01EBS001H0024|52UZPE01152001T48MT01EBS001H0024F0024|1|2|2|4|52UZPE01152001T48MT01EBS001|900091143|CC|59311233|AUXILIARDEENFERMERIA|52UZPE01152001T48MT01EBS001H0024F0024CF024|2024-10-29|4||1||3||1||2|1|11|5|3|2|5||2|13|0||1||1||1||1||7|1|1|1|1|1|1|2|2|2|2|2|2||2|2|1|2||9||1|2|2|1|1|1|2|2|1|52UZPE01152001T48MT01EBS001H002452UZPE01152001T48MT01EBS001H0024F0024
2|25|1|52|UZPE011|52001|T48|MT01|FRAY EZEQUIEL MORENO|TORRE3APARTAMENTO1004|-77.265558|1.220993||52UZPE01152001T48MT01EBS001H0025|52UZPE01152001T48MT01EBS001H0025F0025|1|1|1|1|52UZPE01152001T48MT01EBS001|900091143|CC|1085269090|AUXILIARDEENFERMERIA|52UZPE01152001T48MT01EBS001H0025F0025CF025|2024-10-31|4||1||3||1||1|2|11|5|3|2|20||1|13|0||1||1||1||1||7|1|3|1|1|1|1|2|2|2|2|2|2||2|2|1|1||9||1|2|2|1|2|1|2|2|1|52UZPE01152001T48MT01EBS001H002552UZPE01152001T48MT01EBS001H0025F0025
2|26|1|52|UZPE011|52001|T48|MT01|FRAY EZEQUIEL MORENO|QUINTACUJACALBAJOTORRE1APARTAMENTO408|-77.26686|1.218221||52UZPE01152001T48MT01EBS001H0026|52UZPE01152001T48MT01EBS001H0026F0026|1|1|1|2|52UZPE01152001T48MT01EBS001|900091143|CC|59311233|AUXILIARDEENFERMERIA|52UZPE01152001T48MT01EBS001H0026F0026CF026|2024-10-29|4||1||3||1||2|2|11|5|3|2|5||2|13|0||1||1||1||1||1|2|1|1|1|1|1|2|2|2|2|2|2||2|2|1|2||9||1|2|2|1|1|1|2|2|1|52UZPE01152001T48MT01EBS001H002652UZPE01152001T48MT01EBS001H0026F0026
2|27|1|52|UZPE011|52001|T48|MT01|FRAY EZEQUIEL MORENO|TORRE3APARTAMENTO904|-77.264941|1.22081||52UZPE01152001T48MT01EBS001H0027|52UZPE01152001T48MT01EBS001H0027F0027|1|1|1|1|52UZPE01152001T48MT01EBS001|900091143|CC|1085269090|AUXILIARDEENFERMERIA|52UZPE01152001T48MT01EBS001H0027F0027CF027|2024-10-31|4||1||3||1||1|2|11|5|3|2|20||1|13|0||1||1||1||1||7|1|3|1|1|1|1|2|2|2|2|2|2||2|2|2|2||9||2|2|2|1|2|1|2|2|1|52UZPE01152001T48MT01EBS001H002752UZPE01152001T48MT01EBS001H0027F0027
2|28|1|52|UZPE011|52001|T48|MT01|FRAY EZEQUIEL MORENO|QUINTACUJACALBAJOTORRE1APARTAMENTO306|-77.26686|1.218221||52UZPE01152001T48MT01EBS001H0028|52UZPE01152001T48MT01EBS001H0028F0028|1|1|1|2|52UZPE01152001T48MT01EBS001|900091143|CC|59311233|AUXILIARDEENFERMERIA|52UZPE01152001T48MT01EBS001H0028F0028CF028|2024-10-29|4||1||3||1||2|2|11|5|3|2|5||2|13|0||1||1||1||1||2|2|2|1|1|1|1|2|2|2|2|2|2||2|2|1|2||9||1|2|2|1|1|1|2|2|1|52UZPE01152001T48MT01EBS001H002852UZPE01152001T48MT01EBS001H0028F0028
2|29|1|52|UZPE011|52001|T48|MT01|FRAY EZEQUIEL MORENO|TORRE3APARTAMENTO708|-77.265052|1.220753||52UZPE01152001T48MT01EBS001H0029|52UZPE01152001T48MT01EBS001H0029F0029|1|1|1|1|52UZPE01152001T48MT01EBS001|900091143|CC|1085269090|AUXILIARDEENFERMERIA|52UZPE01152001T48MT01EBS001H0029F0029CF029|2024-10-31|4||1||3||1||1|2|11|5|3|2|20||1|13|0||1||1||1||1||7|1|3|1|1|1|1|2|2|2|2|2|2||2|2|1|2||9||1|2|2|1|2|1|2|2|1|52UZPE01152001T48MT01EBS001H002952UZPE01152001T48MT01EBS001H0029F0029
2|30|1|52|UZPE011|52001|T48|MT01|FRAY EZEQUIEL MORENO|TORRE3APARTAMENTO702|-77.264998|1.221122||52UZPE01152001T48MT01EBS001H0030|52UZPE01152001T48MT01EBS001H0030F0030|1|1|1|2|52UZPE01152001T48MT01EBS001|900091143|CC|1085269090|AUXILIARDEENFERMERIA|52UZPE01152001T48MT01EBS001H0030F0030CF030|2024-10-31|4||1||3||1||1|2|11|5|3|2|20||1|13|0||1||1||1||1||1|2|3|1|1|1|1|2|2|2|2|2|2||2|2|1|2||9||1|2|2|1|2|1|2|2|1|52UZPE01152001T48MT01EBS001H003052UZPE01152001T48MT01EBS001H0030F0030
2|31|1|52|UZPE011|52001|T48|MT01|FRAY EZEQUIEL MORENO|QUINTACUJACALBAJOTORRE1APARTAMENTO707|-77.26686|1.218221||52UZPE01152001T48MT01EBS001H0031|52UZPE01152001T48MT01EBS001H0031F0031|1|1|1|3|52UZPE01152001T48MT01EBS001|900091143|CC|59311233|AUXILIARDEENFERMERIA|52UZPE01152001T48MT01EBS001H0031F0031CF031|2024-10-29|4||1||3||1||2|2|11|5|3|2|5||2|13|0||1||1||1||1||1|3|3|1|1|1|1|2|2|2|2|2|2||2|2|2|2||9||2|2|2|1|1|1|2|2|1|52UZPE01152001T48MT01EBS001H003152UZPE01152001T48MT01EBS001H0031F0031
2|32|1|52|UZPE011|52001|T48|MT01|FRAY EZEQUIEL MORENO|APARTAMENTO106TORRE2|-77.264925|1.221321||52UZPE01152001T48MT01EBS001H0032|52UZPE01152001T48MT01EBS001H0032F0032|1|2|2|3|52UZPE01152001T48MT01EBS001|900091143|CC|1085269090|AUXILIARDEENFERMERIA|52UZPE01152001T48MT01EBS001H0032F0032CF032|2024-10-31|4||1||3||1||2|1|11|5|3|2|20||1|13|0||1||1||1||1||1|3|3|2|1|1|1|2|2|2|2|2|2||2|2|1|1||9||1|2|2|1|2|1|2|2|1|52UZPE01152001T48MT01EBS001H003252UZPE01152001T48MT01EBS001H0032F0032
2|33|1|52|UZPE011|52001|T48|MT01|FRAY EZEQUIEL MORENO|QUINTACUJACALBAJOTORRE1APARTAMENTO101|-77.26686|1.218221||52UZPE01152001T48MT01EBS001H0033|52UZPE01152001T48MT01EBS001H0033F0033|1|1|1|2|52UZPE01152001T48MT01EBS001|900091143|CC|59311233|AUXILIARDEENFERMERIA|52UZPE01152001T48MT01EBS001H0033F0033CF033|2024-10-29|4||1||3||1||2|2|11|5|3|2|5||2|13|0||1||1||1||1||2|2|1|2|1|1|2|2|2|2|2|2|2||2|2|1|2||9||1|2|2|1|1|1|2|2|1|52UZPE01152001T48MT01EBS001H003352UZPE01152001T48MT01EBS001H0033F0033
2|34|1|52|UZPE011|52001|T48|MT01|FRAY EZEQUIEL MORENO|APARTAMENTO106T2|-77.264925|1.221321||52UZPE01152001T48MT01EBS001H0034|52UZPE01152001T48MT01EBS001H0034F0034|1|2|2|1|52UZPE01152001T48MT01EBS001|900091143|CC|1085269090|AUXILIARDEENFERMERIA|52UZPE01152001T48MT01EBS001H0034F0034CF034|2024-10-31|4||1||3||1||1|2|11|5|2|2|20||1|13|0||1||1||1||1||2|1|3|1|1|1|1|2|2|2|2|2|2||2|2|1|1||9||1|2|2|1|2|1|2|2|1|52UZPE01152001T48MT01EBS001H003452UZPE01152001T48MT01EBS001H0034F0034
2|35|1|52|UZPE011|52001|T48|MT01|FRAY EZEQUIEL MORENO|APARTAMENTO1205TORRE1LAQUINTA|-77.265112|1.221424||52UZPE01152001T48MT01EBS001H0035|52UZPE01152001T48MT01EBS001H0035F0035|1|1|1|4|52UZPE01152001T48MT01EBS001|900091143|CC|59833702|OTRO|52UZPE01152001T48MT01EBS001H0035F0035CF035|2024-10-29|4||1||3||1||3|1|11|5|3|2|5||2|13|0||1||1||1||1||1|4|3|1|1|1|1|2|2|2|2|2|2||2|2|1|2||9||1|2|2|1|1|1|2|2|1|52UZPE01152001T48MT01EBS001H003552UZPE01152001T48MT01EBS001H0035F0035
2|36|1|52|UZPE011|52001|T48|MT01|FRAY EZEQUIEL MORENO|APARTAMENTO808LAQUINTA|-77.265112|1.221424||52UZPE01152001T48MT01EBS001H0036|52UZPE01152001T48MT01EBS001H0036F0036|1|1|1|1|52UZPE01152001T48MT01EBS001|900091143|CC|59833702|OTRO|52UZPE01152001T48MT01EBS001H0036F0036CF036|2024-10-29|4||1||3||1||1|2|11|5|3|2|20||2|13|0||1||1||1||1||7|1|3|1|1|1|1|2|2|2|2|2|2||2|2|1|2||9||1|2|2|1|1|1|2|2|1|52UZPE01152001T48MT01EBS001H003652UZPE01152001T48MT01EBS001H0036F0036
2|37|1|52|UZPE011|52001|T48|MT01|FRAY EZEQUIEL MORENO|APARTAMENTO805TORRE1|-77.265112|1.220424||52UZPE01152001T48MT01EBS001H0037|52UZPE01152001T48MT01EBS001H0037F0037|1|1|1|1|52UZPE01152001T48MT01EBS001|900091143|CC|59833702|OTRO|52UZPE01152001T48MT01EBS001H0037F0037CF037|2024-10-29|4||1||3||1||1|2|11|5|3|2|20||2|13|0||1||1||1||1||7|1|3|1|1|1|1|2|2|2|2|2|2||2|2|2|2||9||2|2|2|1|1|1|2|2|1|52UZPE01152001T48MT01EBS001H003752UZPE01152001T48MT01EBS001H0037F0037
2|38|1|52|UZPE011|52001|T48|MT01|FRAY EZEQUIEL MORENO|APARTAMENTO701TORRE1LAQUINTA|-77.265112|1.221424||52UZPE01152001T48MT01EBS001H0038|52UZPE01152001T48MT01EBS001H0038F0038|1|1|1|1|52UZPE01152001T48MT01EBS001|900091143|CC|59833702|OTRO|52UZPE01152001T48MT01EBS001H0038F0038CF038|2024-10-29|4||1||3||1||1|2|11|5|3|2|20||2|13|0||1||1||1||1||7|1|3|1|1|1|1|2|2|2|2|2|2||2|2|1|2||9||1|2|2|1|2|1|2|2|1|52UZPE01152001T48MT01EBS001H003852UZPE01152001T48MT01EBS001H0038F0038
2|39|1|52|UZPE011|52001|T48|MT01|FRAY EZEQUIEL MORENO|QUINTACUJACALBAJOTORRE2APARTAMENTO1302|-77.264873|1.221114||52UZPE01152001T48MT01EBS001H0039|52UZPE01152001T48MT01EBS001H0039F0039|1|1|1|2|52UZPE01152001T48MT01EBS001|900091143|CC|59311233|AUXILIARDEENFERMERIA|52UZPE01152001T48MT01EBS001H0039F0039CF039|2024-10-30|4||1||3||1||2|2|11|5|3|2|5||2|13|0||1||1||1||1||1|2|3|1|1|1|1|2|2|2|2|2|2||2|2|1|2||9||1|2|2|1|1|1|2|2|1|52UZPE01152001T48MT01EBS001H003952UZPE01152001T48MT01EBS001H0039F0039
2|40|1|52|UZPE011|52001|T48|MT01|FRAY EZEQUIEL MORENO|APARTAMENTO706TORRE1LAQUINTA|-77.265112|1.221424||52UZPE01152001T48MT01EBS001H0040|52UZPE01152001T48MT01EBS001H0040F0040|1|1|1|4|52UZPE01152001T48MT01EBS001|900091143|CC|59833702|OTRO|52UZPE01152001T48MT01EBS001H0040F0040CF040|2024-10-29|4||1||3||1||3|2|11|5|3|2|20||2|13|0||1||1||1||1||1|4|3|1|1|1|1|2|2|2|2|2|2||2|2|1|2||9||1|2|2|1|1|1|2|2|1|52UZPE01152001T48MT01EBS001H004052UZPE01152001T48MT01EBS001H0040F0040
2|41|1|52|UZPE011|52001|T48|MT01|FRAY EZEQUIEL MORENO|QUINTACUJACALBAJOTORRE2APARTAMENTO1204|-77.264873|1.221114||52UZPE01152001T48MT01EBS001H0041|52UZPE01152001T48MT01EBS001H0041F0041|1|1|1|1|52UZPE01152001T48MT01EBS001|900091143|CC|59311233|AUXILIARDEENFERMERIA|52UZPE01152001T48MT01EBS001H0041F0041CF041|2024-10-30|4||1||3||1||2|2|11|5|3|2|5||2|13|0||1||1||1||1||2|2|2|2|1|1|1|2|2|2|2|2|2||2|2|1|2||9||1|2|2|1|1|1|2|2|1|52UZPE01152001T48MT01EBS001H004152UZPE01152001T48MT01EBS001H0041F0041
2|42|1|52|UZPE011|52001|T48|MT01|FRAY EZEQUIEL MORENO|QUINTACUJACALBAJOTORRE2APARTAMENTO1202|-77.264873|1.221114||52UZPE01152001T48MT01EBS001H0042|52UZPE01152001T48MT01EBS001H0042F0042|1|1|1|3|52UZPE01152001T48MT01EBS001|900091143|CC|59311233|AUXILIARDEENFERMERIA|52UZPE01152001T48MT01EBS001H0042F0042CF042|2024-10-30|4||1||3||1||2|2|11|5|3|2|5||2|13|0||1||1||1||1||1|3|2|1|1|1|1|2|2|2|2|2|2||2|2|1|2||9||1|2|2|1|1|1|2|2|1|52UZPE01152001T48MT01EBS001H004252UZPE01152001T48MT01EBS001H0042F0042
2|43|1|52|UZPE011|52001|T48|MT01|FRAY EZEQUIEL MORENO|APARTAMENTO704TORRE1LAQUINTA|-77.265112|1.221424||52UZPE01152001T48MT01EBS001H0043|52UZPE01152001T48MT01EBS001H0043F0043|1|1|1|2|52UZPE01152001T48MT01EBS001|900091143|CC|59833702|OTRO|52UZPE01152001T48MT01EBS001H0043F0043CF043|2024-10-29|4||1||3||1||1|2|11|5|3|2|20||2|13|0||1||1||1||1||1|2|3|1|1|1|1|2|2|2|2|2|2||2|2|1|2||9||1|2|2|1|1|1|2|2|1|52UZPE01152001T48MT01EBS001H004352UZPE01152001T48MT01EBS001H0043F0043
2|44|1|52|UZPE011|52001|T48|MT01|FRAY EZEQUIEL MORENO|APARTAMENTO202TORRE1LAQUINTA|-77.265112|1.221424||52UZPE01152001T48MT01EBS001H0044|52UZPE01152001T48MT01EBS001H0044F0044|1|1|1|2|52UZPE01152001T48MT01EBS001|900091143|CC|59833702|OTRO|52UZPE01152001T48MT01EBS001H0044F0044CF044|2024-10-29|4||1||3||1||1|2|11|5|3|2|20||2|13|0||1||1||1||1||1|2|3|1|1|1|1|2|2|2|2|2|2||2|2|1|2||9||1|2|2|1|1|1|2|2|1|52UZPE01152001T48MT01EBS001H004452UZPE01152001T48MT01EBS001H0044F0044
2|45|1|52|UZPE011|52001|T48|MT01|FRAY EZEQUIEL MORENO|QUINTACUJACALBAJOTORRE2APARTAMENTO1206|-77.264948|1.22104||52UZPE01152001T48MT01EBS001H0045|52UZPE01152001T48MT01EBS001H0045F0045|1|1|1|1|52UZPE01152001T48MT01EBS001|900091143|CC|59311233|AUXILIARDEENFERMERIA|52UZPE01152001T48MT01EBS001H0045F0045CF045|2024-10-30|4||1||3||1||2|2|11|5|3|2|5||2|13|0||1||1||1||1||7|1|1|1|1|1|1|2|2|2|2|2|2||2|2|1|2||9||1|2|2|1|1|1|2|2|1|52UZPE01152001T48MT01EBS001H004552UZPE01152001T48MT01EBS001H0045F0045
2|46|1|52|UZPE011|52001|T48|MT01|FRAY EZEQUIEL MORENO|QUINTACUJACALBAJOTORRE2APARTAMENTO1102|-77.264948|1.22104||52UZPE01152001T48MT01EBS001H0046|52UZPE01152001T48MT01EBS001H0046F0046|1|1|1|1|52UZPE01152001T48MT01EBS001|900091143|CC|59311233|AUXILIARDEENFERMERIA|52UZPE01152001T48MT01EBS001H0046F0046CF046|2024-10-30|4||1||3||1||2|2|11|5|3|2|5||2|13|0||1||1||1||1||7|1|1|1|1|1|1|2|2|2|2|2|2||2|2|2|2||9||2|2|2|1|1|1|2|2|1|52UZPE01152001T48MT01EBS001H004652UZPE01152001T48MT01EBS001H0046F0046
2|47|1|52|UZPE011|52001|T48|MT01|FRAY EZEQUIEL MORENO|QUINTACUJACALBAJOTORRE2APARTAMENTO1107|-77.264948|1.22104||52UZPE01152001T48MT01EBS001H0047|52UZPE01152001T48MT01EBS001H0047F0047|1|1|1|4|52UZPE01152001T48MT01EBS001|900091143|CC|59311233|AUXILIARDEENFERMERIA|52UZPE01152001T48MT01EBS001H0047F0047CF047|2024-10-30|4||1||3||1||2|2|11|5|3|2|5||2|13|0||1||1||1||1||1|4|2|1|1|1|1|2|2|2|2|2|2||2|2|1|2||9||1|2|2|1|1|1|2|2|1|52UZPE01152001T48MT01EBS001H004752UZPE01152001T48MT01EBS001H0047F0047
2|48|1|52|UZPE011|52001|T48|MT01|FRAY EZEQUIEL MORENO|QUINTACUJACALBAJOTORRE2APARTAMENTO704|-77.264948|1.22104||52UZPE01152001T48MT01EBS001H0048|52UZPE01152001T48MT01EBS001H0048F0048|1|1|1|3|52UZPE01152001T48MT01EBS001|900091143|CC|59311233|AUXILIARDEENFERMERIA|52UZPE01152001T48MT01EBS001H0048F0048CF048|2024-10-30|4||1||3||1||2|2|11|5|3|2|5||2|13|0||1||1||1||1||1|3|3|1|1|1|1|2|2|2|2|2|2||2|2|1|2||9||1|2|2|1|1|1|2|2|1|52UZPE01152001T48MT01EBS001H004852UZPE01152001T48MT01EBS001H0048F0048
2|49|1|52|UZPE011|52001|T48|MT01|FRAY EZEQUIEL MORENO|QUINTACUJACALBAJOTORRE2APARTAMENTO608|-77.264948|1.22104||52UZPE01152001T48MT01EBS001H0049|52UZPE01152001T48MT01EBS001H0049F0049|1|1|1|3|52UZPE01152001T48MT01EBS001|900091143|CC|59311233|AUXILIARDEENFERMERIA|52UZPE01152001T48MT01EBS001H0049F0049CF049|2024-10-30|4||1||3||1||2|2|11|1|3|2|5||2|13|0||1||1||1||1||2|3|2|1|1|1|1|2|2|2|2|2|2||2|2|1|2||9||1|2|2|1|1|1|2|2|1|52UZPE01152001T48MT01EBS001H004952UZPE01152001T48MT01EBS001H0049F0049
2|50|1|52|UZPE011|52001|T48|MT01|FRAY EZEQUIEL MORENO|QUINTACUJACALBAJOTORRE3APARTAMENTO107|-77.264756|1.220505||52UZPE01152001T48MT01EBS001H0050|52UZPE01152001T48MT01EBS001H0050F0050|1|2|2|4|52UZPE01152001T48MT01EBS001|900091143|CC|59311233|AUXILIARDEENFERMERIA|52UZPE01152001T48MT01EBS001H0050F0050CF050|2024-10-31|4||1||3||1||2|2|11|5|3|2|5||2|13|0||1||1||1||1||1|2|2|2|1|1|1|2|2|2|2|2|2||2|2|1|1||9||1|2|2|1|1|1|2|2|1|52UZPE01152001T48MT01EBS001H005052UZPE01152001T48MT01EBS001H0050F0050
2|51|1|52|UZPE011|52001|T48|MT01|FRAY EZEQUIEL MORENO|QUINTACUJACALBAJOTORRE3APARTAMENTO107|-77.264756|1.220505||52UZPE01152001T48MT01EBS001H0051|52UZPE01152001T48MT01EBS001H0051F0051|1|2|2|4|52UZPE01152001T48MT01EBS001|900091143|CC|59311233|AUXILIARDEENFERMERIA|52UZPE01152001T48MT01EBS001H0051F0051CF051|2024-10-31|4||1||3||1||2|2|11|5|3|2|5||2|13|0||1||1||1||1||2|2|2|1|1|1|1|2|2|2|2|2|2||2|2|1|1||9||1|2|2|1|1|1|2|2|1|52UZPE01152001T48MT01EBS001H005152UZPE01152001T48MT01EBS001H0051F0051
2|52|1|52|UZPE011|52001|T48|MT01|FRAY EZEQUIEL MORENO|QUINTACUJACALBAJOTORRE3APARTAMENTO202|-77.264756|1.220505||52UZPE01152001T48MT01EBS001H0052|52UZPE01152001T48MT01EBS001H0052F0052|1|1|1|1|52UZPE01152001T48MT01EBS001|900091143|CC|59311233|AUXILIARDEENFERMERIA|52UZPE01152001T48MT01EBS001H0052F0052CF052|2024-10-31|4||1||3||1||2|2|11|5|3|2|5||2|13|0||1||1||1||1||7|1|3|1|1|1|1|2|2|2|2|2|2||2|2|2|2||9||2|2|2|1|1|1|2|2|1|52UZPE01152001T48MT01EBS001H005252UZPE01152001T48MT01EBS001H0052F0052
2|53|1|52|UZPE011|52001|T48|MT01|FRAY EZEQUIEL MORENO|APARTAMENTO1007TORRE2LAQUINTA|-77.264876|1.221058||52UZPE01152001T48MT01EBS001H0053|52UZPE01152001T48MT01EBS001H0053F0053|1|1|1|1|52UZPE01152001T48MT01EBS001|900091143|CC|59833702|OTRO|52UZPE01152001T48MT01EBS001H0053F0053CF053|2024-10-30|4||1||3||1||1|2|11|5|3|2|20||2|13|0||1||1||1||1||7|1|3|1|1|1|1|2|2|2|2|2|2||2|2|2|1||9||2|2|2|1|1|1|2|2|1|52UZPE01152001T48MT01EBS001H005352UZPE01152001T48MT01EBS001H0053F0053
2|54|1|52|UZPE011|52001|T48|MT01|FRAY EZEQUIEL MORENO|APARTAMENTO1008TORRE2LAQUINTA|-77.264487|1.221058||52UZPE01152001T48MT01EBS001H0054|52UZPE01152001T48MT01EBS001H0054F0054|1|1|1|1|52UZPE01152001T48MT01EBS001|900091143|CC|59833702|OTRO|52UZPE01152001T48MT01EBS001H0054F0054CF054|2024-10-30|4||1||3||1||1|2|11|5|3|2|20||2|13|0||1||1||1||1||7|1|3|1|1|1|1|2|2|2|2|2|2||2|2|2|2||9||2|2|2|1|1|1|2|2|1|52UZPE01152001T48MT01EBS001H005452UZPE01152001T48MT01EBS001H0054F0054
2|55|1|52|UZPE011|52001|T48|MT01|FRAY EZEQUIEL MORENO|APARTAMENTO907TORRE2LAQUINTA|-77.264876|1.221058||52UZPE01152001T48MT01EBS001H0056|52UZPE01152001T48MT01EBS001H0056F0056|1|1|1|4|52UZPE01152001T48MT01EBS001|900091143|CC|59833702|OTRO|52UZPE01152001T48MT01EBS001H0056F0056CF056|2024-10-30|4||1||3||1||2|2|11|5|3|2|20||1|13|0||1||1||1||1||1|3|3|1|1|1|1|2|2|2|2|2|2||2|2|2|2||9||2|2|2|1|1|1|2|2|1|52UZPE01152001T48MT01EBS001H005652UZPE01152001T48MT01EBS001H0056F0056
2|56|1|52|UZPE011|52001|T48|MT01|FRAY EZEQUIEL MORENO|APARTAMENTO806TORRE2LAQUINTA|-77.264876|1.221058||52UZPE01152001T48MT01EBS001H0057|52UZPE01152001T48MT01EBS001H0057F0057|1|1|1|1|52UZPE01152001T48MT01EBS001|900091143|CC|59833702|OTRO|52UZPE01152001T48MT01EBS001H0057F0057CF057|2024-10-30|4||1||3||1||1|2|11|5|3|2|20||2|13|0||1||1||1||1||7|1|3|1|1|1|1|2|2|2|2|2|2||2|2|1|2||9||1|2|2|1|1|1|2|2|1|52UZPE01152001T48MT01EBS001H005752UZPE01152001T48MT01EBS001H0057F0057
2|57|1|52|UZPE011|52001|T48|MT01|FRAY EZEQUIEL MORENO|QUINTACUJACALBAJOTORRE3APARTAMENTO206|-77.264756|1.220505||52UZPE01152001T48MT01EBS001H0058|52UZPE01152001T48MT01EBS001H0058F0058|1|1|1|2|52UZPE01152001T48MT01EBS001|900091143|CC|59311233|AUXILIARDEENFERMERIA|52UZPE01152001T48MT01EBS001H0058F0058CF058|2024-10-31|4||1||3||1||2|2|11|5|3|2|5||2|13|0||1||1||1||1||2|2|3|1|1|1|1|2|2|2|2|2|2||2|2|1|2||9||1|2|2|1|1|1|2|2|1|52UZPE01152001T48MT01EBS001H005852UZPE01152001T48MT01EBS001H0058F0058
2|58|1|52|UZPE011|52001|T48|MT01|FRAY EZEQUIEL MORENO|QUINTACUJACALBAJOTORRE3APARTAMENTO301|-77.264756|1.220505||52UZPE01152001T48MT01EBS001H0061|52UZPE01152001T48MT01EBS001H0061F0061|1|1|1|2|52UZPE01152001T48MT01EBS001|900091143|CC|59311233|AUXILIARDEENFERMERIA|52UZPE01152001T48MT01EBS001H0061F0061CF061|2024-10-31|4||1||3||1||2|2|11|5|3|2|5||2|13|0||1||1||1||1||2|2|2|1|1|1|1|2|2|2|2|2|2||2|2|1|2||9||1|2|2|1|1|1|2|2|1|52UZPE01152001T48MT01EBS001H006152UZPE01152001T48MT01EBS001H0061F0061
2|59|1|52|UZPE011|52001|T48|MT01|FRAY EZEQUIEL MORENO|APARTAMENTO1405TORRE3LAQUINTA|-77.265051|1.220485||52UZPE01152001T48MT01EBS001H0063|52UZPE01152001T48MT01EBS001H0063F0063|1|1|1|2|52UZPE01152001T48MT01EBS001|900091143|CC|59833702|OTRO|52UZPE01152001T48MT01EBS001H0063F0063CF063|2024-10-31|4||1||3||1||2|2|11|5|3|2|20||2|13|0||1||1||1||1||2|2|3|1|1|1|1|2|2|2|2|2|2||2|2|1|2||9||1|2|2|1|1|1|2|2|1|52UZPE01152001T48MT01EBS001H006352UZPE01152001T48MT01EBS001H0063F0063
2|60|1|52|UZPE011|52001|T48|MT01|FRAY EZEQUIEL MORENO|APARTAMENTO1305TORRE3LAQUINTA|-77.265051|1.220485||52UZPE01152001T48MT01EBS001H0064|52UZPE01152001T48MT01EBS001H0064F0064|1|1|1|1|52UZPE01152001T48MT01EBS001|900091143|CC|59833702|OTRO|52UZPE01152001T48MT01EBS001H0064F0064CF064|2024-10-31|4||1||3||1||1|2|11|5|3|2|20||2|13|0||1||1||1||1||7|1|3|1|1|1|1|2|2|2|2|2|2||2|2|2|2||9||2|2|2|1|1|1|2|2|1|52UZPE01152001T48MT01EBS001H006452UZPE01152001T48MT01EBS001H0064F0064
2|61|1|52|UZPE011|52001|T48|MT01|FRAY EZEQUIEL MORENO|QUINTACUJACALBAJOTORRE3APARTAMENTO404|-77.264756|1.220505||52UZPE01152001T48MT01EBS001H0065|52UZPE01152001T48MT01EBS001H0065F0065|1|1|1|3|52UZPE01152001T48MT01EBS001|900091143|CC|59311233|AUXILIARDEENFERMERIA|52UZPE01152001T48MT01EBS001H0065F0065CF065|2024-10-31|4||1||3||1||2|2|11|5|3|2|5||2|13|0||1||1||1||1||1|3|2|1|1|1|1|2|2|2|2|2|2||2|2|1|1||9||1|2|2|1|1|1|2|2|1|52UZPE01152001T48MT01EBS001H006552UZPE01152001T48MT01EBS001H0065F0065
2|62|1|52|UZPE011|52001|T48|MT01|FRAY EZEQUIEL MORENO|APARTAMENTO1208TORRE3LAQUINTA|-77.265051|1.220485||52UZPE01152001T48MT01EBS001H0066|52UZPE01152001T48MT01EBS001H0066F0066|1|1|1|3|52UZPE01152001T48MT01EBS001|900091143|CC|59833702|OTRO|52UZPE01152001T48MT01EBS001H0066F0066CF066|2024-10-31|4||1||3||1||2|1|11|5|3|2|20||2|13|0||1||1||1||1||2|3|3|1|1|1|1|2|2|2|2|2|2||2|2|2|1||9||2|2|2|1|1|1|2|2|1|52UZPE01152001T48MT01EBS001H006652UZPE01152001T48MT01EBS001H0066F0066
2|63|1|52|UZPE011|52001|T48|MT01|FRAY EZEQUIEL MORENO|APARTAMENTO1101TORRE3LAQUINTA|-77.265051|1.220485||52UZPE01152001T48MT01EBS001H0067|52UZPE01152001T48MT01EBS001H0067F0067|1|1|1|3|52UZPE01152001T48MT01EBS001|900091143|CC|59833702|OTRO|52UZPE01152001T48MT01EBS001H0067F0067CF067|2024-10-31|4||1||3||1||2|1|11|5|3|2|20||1|13|0||1||1||1||1||2|3|3|1|1|1|1|2|2|2|2|2|2||2|2|1|1||9||1|2|2|1|1|1|2|2|1|52UZPE01152001T48MT01EBS001H006752UZPE01152001T48MT01EBS001H0067F0067
2|64|1|52|UZPE011|52001|T48|MT01|FRAY EZEQUIEL MORENO|QUINTACUJACALBAJOTORRE3APARTAMENTO508|-77.264756|1.220505||52UZPE01152001T48MT01EBS001H0068|52UZPE01152001T48MT01EBS001H0068F0068|1|1|1|1|52UZPE01152001T48MT01EBS001|900091143|CC|59311233|AUXILIARDEENFERMERIA|52UZPE01152001T48MT01EBS001H0068F0068CF068|2024-10-31|4||1||3||1||2|2|11|5|3|2|5||2|13|0||1||1||1||1||7|1|3|1|1|1|1|2|2|2|2|2|2||2|2|2|2||9||2|2|2|1|1|1|2|2|1|52UZPE01152001T48MT01EBS001H006852UZPE01152001T48MT01EBS001H0068F0068
2|65|1|52|UZPE011|52001|T48|MT01|FRAY EZEQUIEL MORENO|APARTAMENTO1104TORRE3LAQUINTA|-77.265051|1.220485||52UZPE01152001T48MT01EBS001H0069|52UZPE01152001T48MT01EBS001H0069F0069|1|1|1|2|52UZPE01152001T48MT01EBS001|900091143|CC|59833702|OTRO|52UZPE01152001T48MT01EBS001H0069F0069CF069|2024-10-31|4||1||3||1||2|2|11|5|3|2|20||2|13|0||1||1||1||1||2|2|3|1|1|1|1|2|2|2|2|2|2||2|2|1|2||9||1|2|2|1|1|1|2|2|1|52UZPE01152001T48MT01EBS001H006952UZPE01152001T48MT01EBS001H0069F0069
2|66|1|52|UZPE011|52001|T48|MT01|FRAY EZEQUIEL MORENO|APARTAMENTO1407TORRE1LAQUINTA|-77.265051|1.220485||52UZPE01152001T48MT01EBS001H0070|52UZPE01152001T48MT01EBS001H0070F0070|1|1|1|3|52UZPE01152001T48MT01EBS001|900091143|CC|59833702|OTRO|52UZPE01152001T48MT01EBS001H0070F0070CF070|2024-10-31|4||1||3||1||2|2|11|5|3|2|20||2|13|0||1||1||1||1||1|3|3|1|1|1|1|2|2|2|2|2|2||2|2|1|2||9||1|2|2|1|1|1|2|2|1|52UZPE01152001T48MT01EBS001H007052UZPE01152001T48MT01EBS001H0070F0070
2|67|1|52|UZPE011|52001|T48|MT01|FRAY EZEQUIEL MORENO|APARTAMENTO1403TORRE1LAQUINTA|-77.264859|1.220518||52UZPE01152001T48MT01EBS001H0071|52UZPE01152001T48MT01EBS001H0071F0071|1|1|1|3|52UZPE01152001T48MT01EBS001|900091143|CC|59833702|OTRO|52UZPE01152001T48MT01EBS001H0071F0071CF071|2024-10-31|4||1||3||1||3|2|11|5|3|2|20||2|13|0||1||1||1||1||2|3|3|1|1|1|1|2|2|2|2|2|2||2|2|1|2||9||1|2|2|1|1|1|2|2|1|52UZPE01152001T48MT01EBS001H007152UZPE01152001T48MT01EBS001H0071F0071
2|68|1|52|UZPE011|52001|T48|MT01|FRAY EZEQUIEL MORENO|MANZANAFCASA12VILLACOLOMBIA|-77.265278|1.219967||52UZPE01152001T48MT01EBS001H0072|52UZPE01152001T48MT01EBS001H0072F0072|1|1|1|2|52UZPE01152001T48MT01EBS001|900091143|CC|59833702|OTRO|52UZPE01152001T48MT01EBS001H0072F0072CF072|2024-11-04|1||1||3||1||2|2|11|5|2|2|20||2|13|0||1||1||1||1||2|2|2|1|1|1|2|2|2|2|2|2|2||2|2|1|2||9||1|2|2|1|1|1|2|2|1|52UZPE01152001T48MT01EBS001H007252UZPE01152001T48MT01EBS001H0072F0072
2|69|1|52|UZPE011|52001|T48|MT01|FRAY EZEQUIEL MORENO|MZFCASA15|-77.26561|1.219906||52UZPE01152001T48MT01EBS001H0073|52UZPE01152001T48MT01EBS001H0073F0073|2|2|2|2|52UZPE01152001T48MT01EBS001|900091143|CC|1085269090|AUXILIARDEENFERMERIA|52UZPE01152001T48MT01EBS001H0073F0073CF073|2024-11-04|4||1||3||1||1|2|11|5|3|2|20||1|13|0||1||1||1||1||1|2|3|1|1|1|1|2|2|2|2|2|2||2|2|1|2||9||1|2|2|1|2|1|2|2|1|52UZPE01152001T48MT01EBS001H007352UZPE01152001T48MT01EBS001H0073F0073
2|70|1|52|UZPE011|52001|T48|MT01|FRAY EZEQUIEL MORENO|MZFCASA15APAT2|-77.265586|1.219319||52UZPE01152001T48MT01EBS001H0074|52UZPE01152001T48MT01EBS001H0074F0074|2|2|2|1|52UZPE01152001T48MT01EBS001|900091143|CC|1085269090|AUXILIARDEENFERMERIA|52UZPE01152001T48MT01EBS001H0074F0074CF074|2024-11-04|4||1||3||1||1|2|11|5|3|2|20||1|13|0||1||1||1||1||7|1|3|1|1|1|1|2|2|2|2|2|2||2|2|1|2||9||1|2|2|1|2|1|2|2|1|52UZPE01152001T48MT01EBS001H007452UZPE01152001T48MT01EBS001H0074F0074
2|71|1|52|UZPE011|52001|T48|MT01|FRAY EZEQUIEL MORENO|MZFCASA11APAT1|-77.265424|1.219894||52UZPE01152001T48MT01EBS001H0075|52UZPE01152001T48MT01EBS001H0075F0075|2|2|2|1|52UZPE01152001T48MT01EBS001|900091143|CC|1085269090|AUXILIARDEENFERMERIA|52UZPE01152001T48MT01EBS001H0075F0075CF075|2024-11-04|4||1||3||1||1|2|11|5|3|2|20||1|13|0||1||1||1||1||7|1|3|1|1|1|1|2|2|2|2|2|2||2|2|1|2||9||1|2|2|1|2|1|2|2|1|52UZPE01152001T48MT01EBS001H007552UZPE01152001T48MT01EBS001H0075F0075
2|72|1|52|UZPE011|52001|T48|MT01|FRAY EZEQUIEL MORENO|MZFCASA11APAT2|-77.265332|1.22043||52UZPE01152001T48MT01EBS001H0076|52UZPE01152001T48MT01EBS001H0076F0076|2|2|2|3|52UZPE01152001T48MT01EBS001|900091143|CC|1085269090|AUXILIARDEENFERMERIA|52UZPE01152001T48MT01EBS001H0076F0076CF076|2024-11-04|4||1||3||1||3|2|11|5|3|2|20||1|13|0||1||1||1||1||2|3|3|1|1|1|1|2|2|2|2|2|2||2|2|1|1||9||1|2|2|1|2|1|2|2|1|52UZPE01152001T48MT01EBS001H007652UZPE01152001T48MT01EBS001H0076F0076
2|73|1|52|UZPE011|52001|T48|MT01|FRAY EZEQUIEL MORENO|MANZANADCASA10VILLACOLOMBIA|-77.265211|1.219696||52UZPE01152001T48MT01EBS001H0077|52UZPE01152001T48MT01EBS001H0077F0077|2|1|1|4|52UZPE01152001T48MT01EBS001|900091143|CC|59311233|AUXILIARDEENFERMERIA|52UZPE01152001T48MT01EBS001H0077F0077CF077|2024-11-04|1||1||3||1||3|2|11|5|2|2|5||2|13|0||1||1||1||1||4|4|1|1|1|1|1|2|2|2|2|2|2||2|2|1|2||9||1|2|2|1|1|1|2|2|1|52UZPE01152001T48MT01EBS001H007752UZPE01152001T48MT01EBS001H0077F0077
2|74|1|52|UZPE011|52001|T48|MT01|FRAY EZEQUIEL MORENO|MANZANAFCASA10VILLACOLOMBIA|-77.265205|1.219987||52UZPE01152001T48MT01EBS001H0078|52UZPE01152001T48MT01EBS001H0078F0078|1|1|1|2|52UZPE01152001T48MT01EBS001|900091143|CC|59833702|OTRO|52UZPE01152001T48MT01EBS001H0078F0078CF078|2024-11-04|1||1||3||1||2|1|11|5|3|2|20||2|13|0||1||1||1||1||2|2|3|1|1|1|1|2|2|2|2|2|2||2|2|1|2||9||1|2|2|1|1|1|2|2|1|52UZPE01152001T48MT01EBS001H007852UZPE01152001T48MT01EBS001H0078F0078
2|75|1|52|UZPE011|52001|T48|MT01|FRAY EZEQUIEL MORENO|MANZANAFCASA8|-77.126549|1.219844||52UZPE01152001T48MT01EBS001H0079|52UZPE01152001T48MT01EBS001H0079F0079|2|1|1|5|52UZPE01152001T48MT01EBS001|900091143|CC|1085269090|AUXILIARDEENFERMERIA|52UZPE01152001T48MT01EBS001H0079F0079CF079|2024-11-03|1||1||3||1||4|2|11|5|3|2|20||1|13|0||1||1||1||1||1|5|3|2|1|1|1|2|2|2|2|2|2||2|2|1|1||9||1|2|2|1|2|1|2|2|1|52UZPE01152001T48MT01EBS001H007952UZPE01152001T48MT01EBS001H0079F0079
2|76|1|52|UZPE011|52001|T48|MT01|FRAY EZEQUIEL MORENO|MZFCASA7|-77.265414|1.220094||52UZPE01152001T48MT01EBS001H0080|52UZPE01152001T48MT01EBS001H0080F0080|2|1|1|3|52UZPE01152001T48MT01EBS001|900091143|CC|1085269090|AUXILIARDEENFERMERIA|52UZPE01152001T48MT01EBS001H0080F0080CF080|2024-11-04|1||1||3||1||2|1|11|5|3|2|20||1|13|0||1||1||1||1||1|3|3|1|1|1|1|2|2|2|2|2|2||2|2|1|1||9||1|2|2|1|2|1|2|2|1|52UZPE01152001T48MT01EBS001H008052UZPE01152001T48MT01EBS001H0080F0080
2|77|1|52|UZPE011|52001|T48|MT01|FRAY EZEQUIEL MORENO|MANZANACCASA11|-77.265749|1.220214||52UZPE01152001T48MT01EBS001H0081|52UZPE01152001T48MT01EBS001H0081F0081|2|2|2|4|52UZPE01152001T48MT01EBS001|900091143|CC|1085269090|AUXILIARDEENFERMERIA|52UZPE01152001T48MT01EBS001H0081F0081CF081|2024-11-04|4||1||3||1||2|1|11|5|3|2|20||1|13|0||1||1||1||1||1|4|3|1|1|1|1|2|2|2|2|2|2||2|2|1|2||9||1|2|2|1|2|1|2|2|1|52UZPE01152001T48MT01EBS001H008152UZPE01152001T48MT01EBS001H0081F0081
2|78|1|52|UZPE011|52001|T48|MT01|FRAY EZEQUIEL MORENO|MANZANABCASA1VILLACOLOMBIA|-77.265317|1.220902||52UZPE01152001T48MT01EBS001H0082|52UZPE01152001T48MT01EBS001H0082F0082|1|1|1|3|52UZPE01152001T48MT01EBS001|900091143|CC|59833702|OTRO|52UZPE01152001T48MT01EBS001H0082F0082CF082|2024-11-04|1||1||3||1||2|2|11|5|3|2|20||1|13|0||1||1||1||1||1|3|3|1|1|1|1|2|2|2|2|2|2||2|2|2|2||9||2|2|2|1|1|1|2|2|1|52UZPE01152001T48MT01EBS001H008252UZPE01152001T48MT01EBS001H0082F0082
2|79|1|52|UZPE011|52001|T48|MT01|FRAY EZEQUIEL MORENO|MZBCASA2|-77.265419|1.220267||52UZPE01152001T48MT01EBS001H0083|52UZPE01152001T48MT01EBS001H0083F0083|2|1|1|2|52UZPE01152001T48MT01EBS001|900091143|CC|1085269090|AUXILIARDEENFERMERIA|52UZPE01152001T48MT01EBS001H0083F0083CF083|2024-11-04|1||1||3||1||1|1|11|5|2|2|20||1|13|0||1||1||1||1||4|2|2|2|1|1|1|2|2|2|2|2|2||2|2|1|1||9||1|2|2|1|2|1|2|2|1|52UZPE01152001T48MT01EBS001H008352UZPE01152001T48MT01EBS001H0083F0083
2|80|1|52|UZPE011|52001|T48|MT01|FRAY EZEQUIEL MORENO|MANZANACCASA10VILLACOLOMBIA|-77.265432|1.220241||52UZPE01152001T48MT01EBS001H0084|52UZPE01152001T48MT01EBS001H0084F0084|2|2|2|5|52UZPE01152001T48MT01EBS001|900091143|CC|59311233|AUXILIARDEENFERMERIA|52UZPE01152001T48MT01EBS001H0084F0084CF084|2024-11-04|1||1||3||1||3|2|11|5|2|2|5||2|13|0||1||1||1||1||1|3|1|1|1|1|1|2|2|2|2|2|2||2|2|2|1||9||2|2|2|1|1|1|2|2|1|52UZPE01152001T48MT01EBS001H008452UZPE01152001T48MT01EBS001H0084F0084
2|81|1|52|UZPE011|52001|T48|MT01|FRAY EZEQUIEL MORENO|MANZANACCASA10VILLACOLOMBIA|-77.265435|1.220241||52UZPE01152001T48MT01EBS001H0085|52UZPE01152001T48MT01EBS001H0085F0085|2|2|2|5|52UZPE01152001T48MT01EBS001|900091143|CC|59311233|AUXILIARDEENFERMERIA|52UZPE01152001T48MT01EBS001H0085F0085CF085|2024-11-04|1||1||3||1||3|2|11|5|2|2|5||2|13|0||1||1||1||1||2|2|1|1|1|1|1|2|2|2|2|2|2||2|2|1|1||9||1|2|2|1|1|1|2|2|1|52UZPE01152001T48MT01EBS001H008552UZPE01152001T48MT01EBS001H0085F0085
2|82|1|52|UZPE011|52001|T48|MT01|FRAY EZEQUIEL MORENO|MANZANAECASA4VILLACOLOMBIA|-77.265435|1.220241||52UZPE01152001T48MT01EBS001H0086|52UZPE01152001T48MT01EBS001H0086F0086|1|2|2|4|52UZPE01152001T48MT01EBS001|900091143|CC|59311233|AUXILIARDEENFERMERIA|52UZPE01152001T48MT01EBS001H0086F0086CF086|2024-11-04|1||1||3||1||3|2|11|5|2|2|5||2|13|0||1||1||1||1||2|2|1|1|1|1|1|2|2|2|2|2|2||2|2|1|1||9||1|2|2|1|1|1|2|2|1|52UZPE01152001T48MT01EBS001H008652UZPE01152001T48MT01EBS001H0086F0086
2|83|1|52|UZPE011|52001|T48|MT01|FRAY EZEQUIEL MORENO|MANZANABCASA3VILLACOLOMBIA|-77.265599|1.220883||52UZPE01152001T48MT01EBS001H0087|52UZPE01152001T48MT01EBS001H0087F0087|1|2|2|4|52UZPE01152001T48MT01EBS001|900091143|CC|59833702|OTRO|52UZPE01152001T48MT01EBS001H0087F0087CF087|2024-11-04|1||1||3||1||1|2|11|5|3|2|20||2|13|0||1||1||1||1||1|3|3|1|1|1|1|2|2|2|2|2|2||2|2|1|2||9||1|2|2|1|1|1|2|2|1|52UZPE01152001T48MT01EBS001H008752UZPE01152001T48MT01EBS001H0087F0087
2|84|1|52|UZPE011|52001|T48|MT01|FRAY EZEQUIEL MORENO|MANZANABCASA3VILLACOLOMBIA|-77.265599|1.220883||52UZPE01152001T48MT01EBS001H0088|52UZPE01152001T48MT01EBS001H0088F0088|1|2|2|4|52UZPE01152001T48MT01EBS001|900091143|CC|59833702|OTRO|52UZPE01152001T48MT01EBS001H0088F0088CF088|2024-11-04|1||1||3||1||1|2|11|5|3|2|20||2|13|0||1||1||1||1||7|1|3|1|1|1|1|2|2|2|2|2|2||2|2|1|2||9||1|2|2|1|1|1|2|2|1|52UZPE01152001T48MT01EBS001H008852UZPE01152001T48MT01EBS001H0088F0088
2|85|1|52|UZPE011|52001|T48|MT01|FRAY EZEQUIEL MORENO|MANZANAECASA4VILLACOLOMBIA|-77.265435|1.220241||52UZPE01152001T48MT01EBS001H0089|52UZPE01152001T48MT01EBS001H0089F0089|1|2|2|4|52UZPE01152001T48MT01EBS001|900091143|CC|59311233|AUXILIARDEENFERMERIA|52UZPE01152001T48MT01EBS001H0089F0089CF089|2024-11-04|1||1||3||1||3|2|11|2|2|2|5||2|13|0||1||1||1||1||2|2|1|1|1|1|1|2|2|2|2|2|2||2|2|1|1||9||1|2|2|1|2|1|2|2|1|52UZPE01152001T48MT01EBS001H008952UZPE01152001T48MT01EBS001H0089F0089
2|86|1|52|UZPE011|52001|T48|MT01|FRAY EZEQUIEL MORENO|MANZANABCASA4VILLACOLOMBIA|-77.265615|1.220712||52UZPE01152001T48MT01EBS001H0090|52UZPE01152001T48MT01EBS001H0090F0090|1|1|1|2|52UZPE01152001T48MT01EBS001|900091143|CC|59833702|OTRO|52UZPE01152001T48MT01EBS001H0090F0090CF090|2024-11-04|1||1||3||1||1|2|11|5|3|2|20||2|13|0||1||1||1||1||1|2|3|1|1|1|1|2|2|2|2|2|2||2|2|1|1||9||1|2|2|1|1|1|2|2|1|52UZPE01152001T48MT01EBS001H009052UZPE01152001T48MT01EBS001H0090F0090
2|87|1|52|UZPE011|52001|T48|MT01|FRAY EZEQUIEL MORENO|MANZANAECASA1VILLACOLOMBIA|-77.265435|1.220241||52UZPE01152001T48MT01EBS001H0091|52UZPE01152001T48MT01EBS001H0091F0091|2|1|1|3|52UZPE01152001T48MT01EBS001|900091143|CC|59311233|AUXILIARDEENFERMERIA|52UZPE01152001T48MT01EBS001H0091F0091CF091|2024-11-04|1||1||3||1||3|2|11|5|2|2|5||2|13|0||1||1||1||1||4|3|2|1|1|2|1|2|2|2|2|2|2||2|2|2|1||9||2|2|2|1|1|1|2|2|1|52UZPE01152001T48MT01EBS001H009152UZPE01152001T48MT01EBS001H0091F0091
2|88|1|52|UZPE011|52001|T48|MT01|FRAY EZEQUIEL MORENO|MANZANABCASA7VILLACOLOMBIA|-77.265633|1.220707||52UZPE01152001T48MT01EBS001H0092|52UZPE01152001T48MT01EBS001H0092F0092|1|1|1|2|52UZPE01152001T48MT01EBS001|900091143|CC|59833702|OTRO|52UZPE01152001T48MT01EBS001H0092F0092CF092|2024-11-04|1||1||3||1||1|2|11|5|3|2|20||2|13|0||1||1||1||1||1|2|3|1|1|1|1|2|2|2|2|2|2||2|2|2|2||9||2|2|2|1|1|1|2|2|1|52UZPE01152001T48MT01EBS001H009252UZPE01152001T48MT01EBS001H0092F0092
2|89|1|52|UZPE011|52001|T48|MT01|FRAY EZEQUIEL MORENO|MANZANACCASA12VILLACOLOMBIA|-77.265435|1.220241||52UZPE01152001T48MT01EBS001H0093|52UZPE01152001T48MT01EBS001H0093F0093|2|1|1|3|52UZPE01152001T48MT01EBS001|900091143|CC|59311233|AUXILIARDEENFERMERIA|52UZPE01152001T48MT01EBS001H0093F0093CF093|2024-11-04|1||1||3||1||3|2|11|5|2|2|5||2|13|0||1||1||1||1||4|3|1|1|1|1|2|2|2|2|2|2|2||2|2|1|2||9||1|2|2|1|1|1|2|2|1|52UZPE01152001T48MT01EBS001H009352UZPE01152001T48MT01EBS001H0093F0093
2|90|1|52|UZPE011|52001|T48|MT01|FRAY EZEQUIEL MORENO|MANZANACCASA12VILLACOLOMBIA|-77.265527|1.220367||52UZPE01152001T48MT01EBS001H0094|52UZPE01152001T48MT01EBS001H0094F0094|1|1|1|3|52UZPE01152001T48MT01EBS001|900091143|CC|59833702|OTRO|52UZPE01152001T48MT01EBS001H0094F0094CF094|2024-11-04|1||1||3||1||2|2|11|5|3|2|20||2|13|0||1||1||1||1||1|3|3|1|1|1|1|2|2|2|2|2|2||2|2|2|1||9||2|2|2|1|1|1|2|2|1|52UZPE01152001T48MT01EBS001H009452UZPE01152001T48MT01EBS001H0094F0094
2|91|1|52|UZPE011|52001|T48|MT01|FRAY EZEQUIEL MORENO|MANZANAACASA19|-77.26634|1.220408||52UZPE01152001T48MT01EBS001H0095|52UZPE01152001T48MT01EBS001H0095F0095|1|1|1|1|52UZPE01152001T48MT01EBS001|900091143|CC|59833702|OTRO|52UZPE01152001T48MT01EBS001H0095F0095CF095|2024-11-05|1||1||3||1||1|2|11|5|3|2|20||2|13|0||1||1||1||1||2|1|3|1|1|1|1|2|2|2|2|2|2||2|2|1|1||9||1|2|2|1|1|1|2|2|1|52UZPE01152001T48MT01EBS001H009552UZPE01152001T48MT01EBS001H0095F0095
2|92|1|52|UZPE011|52001|T48|MT01|FRAY EZEQUIEL MORENO|MANZANAACASA13|-77.266387|1.220402||52UZPE01152001T48MT01EBS001H0096|52UZPE01152001T48MT01EBS001H0096F0096|1|2|2|4|52UZPE01152001T48MT01EBS001|900091143|CC|59833702|OTRO|52UZPE01152001T48MT01EBS001H0096F0096CF096|2024-11-05|1||1||3||1||1|2|11|5|3|2|20||2|13|0||1||1||1||1||1|3|3|1|1|1|1|2|2|2|2|2|2||2|2|1|2||9||1|2|2|1|1|1|2|2|1|52UZPE01152001T48MT01EBS001H009652UZPE01152001T48MT01EBS001H0096F0096
2|93|1|52|UZPE011|52001|T48|MT01|FRAY EZEQUIEL MORENO|MANZANAACASA13|-77.266387|1.220402||52UZPE01152001T48MT01EBS001H0097|52UZPE01152001T48MT01EBS001H0097F0097|1|2|2|4|52UZPE01152001T48MT01EBS001|900091143|CC|59833702|OTRO|52UZPE01152001T48MT01EBS001H0097F0097CF097|2024-11-05|1||1||3||1||1|2|11|5|3|2|20||2|13|0||1||1||1||1||7|1|3|1|1|1|1|2|2|2|2|2|2||2|2|1|1||9||1|2|2|1|1|1|2|2|1|52UZPE01152001T48MT01EBS001H009752UZPE01152001T48MT01EBS001H0097F0097
2|94|1|52|UZPE011|52001|T48|MT01|FRAY EZEQUIEL MORENO|MANZANAJCASA8BARRIOEZEQUIELMORENO|-77.266675|1.219509||52UZPE01152001T48MT01EBS001H0100|52UZPE01152001T48MT01EBS001H0100F0100|1|1|1|5|52UZPE01152001T48MT01EBS001|900091143|CC|1085265622|ODONTOLOGIA|52UZPE01152001T48MT01EBS001H0100F0100CF100|2024-11-05|1||1||3||1||3|2|11|5|3|2|20||2|13|0||1||1||1||1||1|4|2|1|1|1|2|2|2|2|2|2|2||2|2|1|2||9||1|2|2|1|1|1|2|2|1|52UZPE01152001T48MT01EBS001H010052UZPE01152001T48MT01EBS001H0100F0100
2|95|1|52|UZPE011|52001|T48|MT01|FRAY EZEQUIEL MORENO|MANZANAACASA24EZEQUIELMORENO|-77.266761|1.220296||52UZPE01152001T48MT01EBS001H0106|52UZPE01152001T48MT01EBS001H0106F0106|1|1|1|3|52UZPE01152001T48MT01EBS001|900091143|CC|59311233|AUXILIARDEENFERMERIA|52UZPE01152001T48MT01EBS001H0106F0106CF106|2024-11-05|1||1||3||1||3|2|11|5|3|2|5||2|13|0||1||1||1||1||4|3|2|1|1|1|1|2|2|2|2|2|2||2|2|1|2||9||1|2|2|1|1|1|2|2|1|52UZPE01152001T48MT01EBS001H010652UZPE01152001T48MT01EBS001H0106F0106
2|96|1|52|UZPE011|52001|T48|MT01|FRAY EZEQUIEL MORENO|CALLE3123D12EZEQUIELMORENO|-77.266761|1.220296||52UZPE01152001T48MT01EBS001H0107|52UZPE01152001T48MT01EBS001H0107F0107|1|1|1|3|52UZPE01152001T48MT01EBS001|900091143|CC|59311233|AUXILIARDEENFERMERIA|52UZPE01152001T48MT01EBS001H0107F0107CF107|2024-11-05|1||1||3||1||2|2|11|5|3|2|19||2|13|0||1||1||1||1||4|3|1|1|1|1|1|2|2|2|2|2|2||2|2|1|1||9||1|2|2|1|2|1|2|2|1|52UZPE01152001T48MT01EBS001H010752UZPE01152001T48MT01EBS001H0107F0107
2|97|1|52|UZPE011|52001|T48|MT01|FRAY EZEQUIEL MORENO|MHC14|-77.265438|1.219438||52UZPE01152001T48MT01EBS001H0108|52UZPE01152001T48MT01EBS001H0108F0108|2|1|1|4|52UZPE01152001T48MT01EBS001|900091143|CC|1004216993|AUXILIARESDEENFERMERIA|52UZPE01152001T48MT01EBS001H0108F0108CF108|2024-11-05|1||1||3||1||2|2|11|5|2|2|20||1|13|0||1||1||1||1||1|4|3|1|1|1|1|2|2|2|2|2|2||2|2|1|2||9||1|2|2|1|1|1|2|2|1|52UZPE01152001T48MT01EBS001H010852UZPE01152001T48MT01EBS001H0108F0108
2|98|1|52|UZPE011|52001|T48|MT01|FRAY EZEQUIEL MORENO|MANZANAJCASA16EZEQUIELMORENO|-77.266761|1.220296||52UZPE01152001T48MT01EBS001H0109|52UZPE01152001T48MT01EBS001H0109F0109|1|1|1|3|52UZPE01152001T48MT01EBS001|900091143|CC|59311233|AUXILIARDEENFERMERIA|52UZPE01152001T48MT01EBS001H0109F0109CF109|2024-11-05|1||1||3||1||2|2|11|5|3|2|7||1|13|0||1||1||1||1||1|3|3|1|1|1|2|2|2|2|2|2|2||2|2|1|2||9||1|2|2|1|1|1|2|2|1|52UZPE01152001T48MT01EBS001H010952UZPE01152001T48MT01EBS001H0109F0109
2|99|1|52|UZPE011|52001|T48|MT01|FRAY EZEQUIEL MORENO|MANZANAACASA18EZEQUIELMORENO|-77.266761|1.220296||52UZPE01152001T48MT01EBS001H0110|52UZPE01152001T48MT01EBS001H0110F0110|1|2|2|4|52UZPE01152001T48MT01EBS001|900091143|CC|59311233|AUXILIARDEENFERMERIA|52UZPE01152001T48MT01EBS001H0110F0110CF110|2024-11-05|1||1||3||1||3|2|10|5|2|2|19||2|13|0||1||1||1||1||1|3|2|2|1|3|2|2|2|2|2|2|2||2|2|1|2||9||1|2|2|1|2|1|2|2|1|52UZPE01152001T48MT01EBS001H011052UZPE01152001T48MT01EBS001H0110F0110
2|100|1|52|UZPE011|52001|T48|MT01|FRAY EZEQUIEL MORENO|M6C2|-77.264416|1.219624||52UZPE01152001T48MT01EBS001H0111|52UZPE01152001T48MT01EBS001H0111F0111|1|1|1|4|52UZPE01152001T48MT01EBS001|900091143|CC|1004216993|AUXILIARESDEENFERMERIA|52UZPE01152001T48MT01EBS001H0111F0111CF111|2024-11-04|4||1||3||1||2|2|11|5|2|2|20||1|13|0||1||1||1||1||1|4|3|1|1|1|1|2|2|2|2|2|2||2|2|1|1||9||1|2|2|1|1|1|2|2|1|52UZPE01152001T48MT01EBS001H011152UZPE01152001T48MT01EBS001H0111F0111
2|101|1|52|UZPE011|52001|T48|MT01|FRAY EZEQUIEL MORENO|MANZANAACASA18EZEQUIELMORENO|-77.266761|1.220296||52UZPE01152001T48MT01EBS001H0112|52UZPE01152001T48MT01EBS001H0112F0112|1|2|2|4|52UZPE01152001T48MT01EBS001|900091143|CC|59311233|AUXILIARDEENFERMERIA|52UZPE01152001T48MT01EBS001H0112F0112CF112|2024-11-05|1||1||3||1||3|2|10|5|2|2|19||2|13|0||1||1||1||1||7|1|2|2|1|1|1|2|2|2|2|2|2||2|2|1|1||9||1|2|2|1|1|1|2|2|1|52UZPE01152001T48MT01EBS001H011252UZPE01152001T48MT01EBS001H0112F0112
2|102|1|52|UZPE011|52001|T48|MT01|FRAY EZEQUIEL MORENO|MANZANAACASA10|-77.266185|1.220083||52UZPE01152001T48MT01EBS001H0113|52UZPE01152001T48MT01EBS001H0113F0113|1|1|1|1|52UZPE01152001T48MT01EBS001|900091143|CC|59833702|OTRO|52UZPE01152001T48MT01EBS001H0113F0113CF113|2024-11-05|1||1||3||1||1|2|11|5|3|2|20||1|13|0||1||1||1||1||7|1|3|1|1|1|1|2|2|2|2|2|2||2|2|1|2||9||1|2|2|1|1|1|2|2|1|52UZPE01152001T48MT01EBS001H011352UZPE01152001T48MT01EBS001H0113F0113
2|103|1|52|UZPE011|52001|T48|MT01|FRAY EZEQUIEL MORENO|MANZANAACASA10|-77.266185|1.220083||52UZPE01152001T48MT01EBS001H0114|52UZPE01152001T48MT01EBS001H0114F0114|1|1|1|1|52UZPE01152001T48MT01EBS001|900091143|CC|59833702|OTRO|52UZPE01152001T48MT01EBS001H0114F0114CF114|2024-11-05|1||1||3||1||1|2|11|5|3|2|20||1|13|0||1||1||1||1||1|4|3|1|1|1|1|2|2|2|2|2|2||2|2|1|1||9||1|2|2|1|1|1|2|2|1|52UZPE01152001T48MT01EBS001H011452UZPE01152001T48MT01EBS001H0114F0114
2|104|1|52|UZPE011|52001|T48|MT01|FRAY EZEQUIEL MORENO|MANZANAICASA17EZEQUIELMORENO|-77.265969|1.21957||52UZPE01152001T48MT01EBS001H0115|52UZPE01152001T48MT01EBS001H0115F0115|1|1|1|4|52UZPE01152001T48MT01EBS001|900091143|CC|1004235479|AUXILIARDEENFERMERIA|52UZPE01152001T48MT01EBS001H0115F0115CF115|2024-11-05|1||1||3||1||4|2|11|5|3|1|20||2|13|0||1||1||1||1||1|4|1|1|1|1|1|2|2|2|2|2|2||2|2|2|2||9||2|2|2|1|2|1|2|2|1|52UZPE01152001T48MT01EBS001H011552UZPE01152001T48MT01EBS001H0115F0115
2|105|1|52|UZPE011|52001|T48|MT01|FRAY EZEQUIEL MORENO|MANZANAHCASA11|-77.265603|1.218936||52UZPE01152001T48MT01EBS001H0116|52UZPE01152001T48MT01EBS001H0116F0116|1|1|1|4|52UZPE01152001T48MT01EBS001|900091143|CC|27097745|ENFERMERA|52UZPE01152001T48MT01EBS001H0116F0116CF116|2024-11-05|1||1||3||1||3|2|11|5|3|2|20||2|13|0||1||1||1||1||1|4|2|1|1|1|3|2|2|2|2|2|2||2|2|1|2||9||1|2|2|1|1|1|2|2|1|52UZPE01152001T48MT01EBS001H011652UZPE01152001T48MT01EBS001H0116F0116
2|106|1|52|UZPE011|52001|T48|MT01|FRAY EZEQUIEL MORENO|MANZANAICASA21EZEQUIELMORENO|-77.265969|1.21957||52UZPE01152001T48MT01EBS001H0117|52UZPE01152001T48MT01EBS001H0117F0117|1|1|1|2|52UZPE01152001T48MT01EBS001|900091143|CC|1004235479|AUXILIARDEENFERMERIA|52UZPE01152001T48MT01EBS001H0117F0117CF117|2024-11-05|1||1||3||1||2|2|11|5|3|1|20||2|13|0||1||1||1||1||2|2|2|3|1|3|2|2|2|2|2|2|2||2|2|2|2||9||2|2|2|1|1|1|2|2|1|52UZPE01152001T48MT01EBS001H011752UZPE01152001T48MT01EBS001H0117F0117
2|107|1|52|UZPE011|52001|T48|MT01|FRAY EZEQUIEL MORENO|MANZANAJCASA7EZEQUIELMORENO|-77.265849|1.21964||52UZPE01152001T48MT01EBS001H0118|52UZPE01152001T48MT01EBS001H0118F0118|1|1|1|1|52UZPE01152001T48MT01EBS001|900091143|CC|1004235479|AUXILIARDEENFERMERIA|52UZPE01152001T48MT01EBS001H0118F0118CF118|2024-11-05|1||1||3||1||3|2|11|5|3|2|20||2|13|0||1||1||1||1||7|1|3|1|1|1|1|2|2|2|2|2|2||2|2|2|1||9||2|2|2|1|2|1|2|2|1|52UZPE01152001T48MT01EBS001H011852UZPE01152001T48MT01EBS001H0118F0118
2|108|1|52|UZPE011|52001|T48|MT01|FRAY EZEQUIEL MORENO|MANZANAHCASA11EZEQUIEL|-77.265603|1.218936||52UZPE01152001T48MT01EBS001H0119|52UZPE01152001T48MT01EBS001H0119F0119|1|1|1|2|52UZPE01152001T48MT01EBS001|900091143|CC|27097745|ENFERMERA|52UZPE01152001T48MT01EBS001H0119F0119CF119|2024-01-24|1||1||3||1||1|2|11|5|3|2|20||2|13|0||1||1||1||1||2|2|3|1|1|1|1|2|2|2|2|2|2||2|2|2|2||9||2|2|2|1|1|1|2|2|1|52UZPE01152001T48MT01EBS001H011952UZPE01152001T48MT01EBS001H0119F0119
2|109|1|52|UZPE011|52001|T48|MT01|FRAY EZEQUIEL MORENO|MANZANAJCASA8EZEQUIELMORENO|-77.265969|1.21957||52UZPE01152001T48MT01EBS001H0120|52UZPE01152001T48MT01EBS001H0120F0120|1|1|1|3|52UZPE01152001T48MT01EBS001|900091143|CC|1004235479|AUXILIARDEENFERMERIA|52UZPE01152001T48MT01EBS001H0120F0120CF120|2024-11-05|1||1||3||1||3|2|11|5|3|1|20||2|13|0||1||1||1||1||1|3|3|1|1|1|1|2|2|2|2|2|2||2|2|2|2||9||2|2|2|1|2|1|2|2|1|52UZPE01152001T48MT01EBS001H012052UZPE01152001T48MT01EBS001H0120F0120
2|110|1|52|UZPE011|52001|T48|MT01|FRAY EZEQUIEL MORENO|MANZANAJCASA9EZEQUIELMORENO|-77.265849|1.21964||52UZPE01152001T48MT01EBS001H0121|52UZPE01152001T48MT01EBS001H0121F0121|1|1|1|2|52UZPE01152001T48MT01EBS001|900091143|CC|1085265622|ODONTOLOGIA|52UZPE01152001T48MT01EBS001H0121F0121CF121|2024-11-05|1||1||3||1||2|2|11|5|3|2|20||2|13|0||1||1||1||1||2|2|3|1|1|1|1|2|2|2|2|2|2||2|2|1|2||9||1|2|2|1|2|1|2|2|1|52UZPE01152001T48MT01EBS001H012152UZPE01152001T48MT01EBS001H0121F0121
2|111|1|52|UZPE011|52001|T48|MT01|FRAY EZEQUIEL MORENO|MANZANAHCASA20EZEQUIEL|-77.265325|1.219831||52UZPE01152001T48MT01EBS001H0122|52UZPE01152001T48MT01EBS001H0122F0122|1|1|1|1|52UZPE01152001T48MT01EBS001|900091143|CC|27097745|ENFERMERA|52UZPE01152001T48MT01EBS001H0122F0122CF122|2024-11-06|1||1||3||1||3|2|11|5|3|2|20||2|13|0||1||1||1||1||7|1|3|1|1|1|1|2|2|2|2|2|2||2|2|1|2||9||1|2|2|1|2|1|2|2|1|52UZPE01152001T48MT01EBS001H012252UZPE01152001T48MT01EBS001H0122F0122
2|112|1|52|UZPE011|52001|T48|MT01|FRAY EZEQUIEL MORENO|MANZANAACASA15FRAYEZEQUIELMORENO|-77.266561|1.226639||52UZPE01152001T48MT01EBS001H0123|52UZPE01152001T48MT01EBS001H0123F0123|1|1|1|4|52UZPE01152001T48MT01EBS001|900091143|CC|59833702|OTRO|52UZPE01152001T48MT01EBS001H0123F0123CF123|2024-11-05|1||1||3||1||3|1|11|5|3|2|20||2|13|0||1||1||1||1||1|4|3|1|1|1|1|2|2|2|2|2|2||2|2|1|1||9||1|2|2|1|1|1|2|2|1|52UZPE01152001T48MT01EBS001H012352UZPE01152001T48MT01EBS001H0123F0123
2|113|1|52|UZPE011|52001|T48|MT01|FRAY EZEQUIEL MORENO|CARRERA2430479|-77.264234|1.222349||52UZPE01152001T48MT01EBS001H0125|52UZPE01152001T48MT01EBS001H0125F0125|1|3|3|7|52UZPE01152001T48MT01EBS001|900091143|CC|59833702|OTRO|52UZPE01152001T48MT01EBS001H0125F0125CF125|2024-11-07|1||1||3||2||1|1|11|5|2|2|5||2|13|0||1||1||1||1||2|2|3|1|1|1|1|2|2|2|2|2|2||2|2|1|2||9||1|2|2|1|1|1|2|2|1|52UZPE01152001T48MT01EBS001H012552UZPE01152001T48MT01EBS001H0125F0125
2|114|1|52|UZPE011|52001|T48|MT01|FRAY EZEQUIEL MORENO|CARRERA2430479|-77.264234|1.222349||52UZPE01152001T48MT01EBS001H0126|52UZPE01152001T48MT01EBS001H0126F0126|1|3|3|7|52UZPE01152001T48MT01EBS001|900091143|CC|59833702|OTRO|52UZPE01152001T48MT01EBS001H0126F0126CF126|2024-11-07|1||1||3||2||1|1|11|5|2|2|5||2|13|0||1||1||1||1||7|1|2|1|1|1|2|2|2|2|2|2|2||2|2|1|2||9||1|2|2|1|1|1|2|2|1|52UZPE01152001T48MT01EBS001H012652UZPE01152001T48MT01EBS001H0126F0126
2|115|1|52|UZPE011|52001|T48|MT01|FRAY EZEQUIEL MORENO|CARRERA2430479|-77.264234|1.222349||52UZPE01152001T48MT01EBS001H0127|52UZPE01152001T48MT01EBS001H0127F0127|1|3|3|7|52UZPE01152001T48MT01EBS001|900091143|CC|59833702|OTRO|52UZPE01152001T48MT01EBS001H0127F0127CF127|2024-11-07|1||1||3||2||1|1|11|5|2|2|5||2|13|0||1||1||1||1||1|4|3|1|1|1|1|2|2|2|2|2|2||2|2|1|2||9||1|2|2|1|1|1|2|2|1|52UZPE01152001T48MT01EBS001H012752UZPE01152001T48MT01EBS001H0127F0127
2|116|1|52|UZPE011|52001|T48|MT01|FRAY EZEQUIEL MORENO|CARRERA193242|-77.265396|1.225491||52UZPE01152001T48MT01EBS001H0128|52UZPE01152001T48MT01EBS001H0128F0128|1|1|1|2|52UZPE01152001T48MT01EBS001|900091143|CC|27097745|ENFERMERA|52UZPE01152001T48MT01EBS001H0128F0128CF128|2024-11-07|1||1||3||1||4|2|11|5|3|2|20||2|13|0||1||1||1||1||1|2|3|1|1|1|1|2|2|2|2|2|2||2|2|1|2||9||1|2|2|1|2|1|2|2|1|52UZPE01152001T48MT01EBS001H012852UZPE01152001T48MT01EBS001H0128F0128
2|117|1|52|UZPE011|52001|T48|MT01|FRAY EZEQUIEL MORENO|CARRERA1432B08|-77.265052|1.225385||52UZPE01152001T48MT01EBS001H0129|52UZPE01152001T48MT01EBS001H0129F0129|1|1|1|3|52UZPE01152001T48MT01EBS001|900091143|CC|1004235479|AUXILIARDEENFERMERIA|52UZPE01152001T48MT01EBS001H0129F0129CF129|2024-11-07|1||1||3||1||2|2|11|5|3|1|20||2|13|0||1||1||1||1||1|3|3|1|1|1|1|2|2|2|2|2|2||2|2|1|2||9||1|2|2|1|1|1|2|2|1|52UZPE01152001T48MT01EBS001H012952UZPE01152001T48MT01EBS001H0129F0129
2|118|1|52|UZPE011|52001|T48|MT01|FRAY EZEQUIEL MORENO|CARRERA1932B26|-77.26509|1.225597||52UZPE01152001T48MT01EBS001H0130|52UZPE01152001T48MT01EBS001H0130F0130|1|1|1|2|52UZPE01152001T48MT01EBS001|900091143|CC|1004235479|AUXILIARDEENFERMERIA|52UZPE01152001T48MT01EBS001H0130F0130CF130|2024-11-07|1||1||3||1||2|2|11|5|3|2|20||2|13|0||1||1||1||1||2|2|3|1|1|1|1|2|2|2|2|2|2||2|2|2|1||9||2|2|2|1|1|1|2|2|1|52UZPE01152001T48MT01EBS001H013052UZPE01152001T48MT01EBS001H0130F0130
2|119|1|52|UZPE011|52001|T48|MT01|FRAY EZEQUIEL MORENO|CARRERA1932B26SANMATILDE|-77.26509|1.225597||52UZPE01152001T48MT01EBS001H0131|52UZPE01152001T48MT01EBS001H0131F0131|1|1|1|3|52UZPE01152001T48MT01EBS001|900091143|CC|1004235479|AUXILIARDEENFERMERIA|52UZPE01152001T48MT01EBS001H0131F0131CF131|2024-11-07|1||1||3||1||3|2|11|5|3|2|20||2|13|0||1||1||1||1||4|3|3|1|1|1|1|2|2|2|2|2|2||2|2|2|2||9||2|2|2|1|1|1|2|2|1|52UZPE01152001T48MT01EBS001H013152UZPE01152001T48MT01EBS001H0131F0131
2|120|1|52|UZPE011|52001|T48|MT01|FRAY EZEQUIEL MORENO|CARRERA32926|-77.26509|1.225597||52UZPE01152001T48MT01EBS001H0132|52UZPE01152001T48MT01EBS001H0132F0132|1|1|1|1|52UZPE01152001T48MT01EBS001|900091143|CC|1004235479|AUXILIARDEENFERMERIA|52UZPE01152001T48MT01EBS001H0132F0132CF132|2024-11-07|1||1||3||1||1|2|11|5|2|2|20||2|13|0||1||1||1||1||7|1|3|1|1|1|1|2|2|2|2|2|2||2|2|2|2||9||2|2|2|1|2|1|2|2|1|52UZPE01152001T48MT01EBS001H013252UZPE01152001T48MT01EBS001H0132F0132
2|121|1|52|UZPE011|52001|T48|MT01|FRAY EZEQUIEL MORENO|CARRERA193238|-77.263955|1.22475||52UZPE01152001T48MT01EBS001H0133|52UZPE01152001T48MT01EBS001H0133F0133|1|1|1|2|52UZPE01152001T48MT01EBS001|900091143|CC|27097745|ENFERMERA|52UZPE01152001T48MT01EBS001H0133F0133CF133|2024-11-07|1||1||3||1||1|2|11|5|3|1|20||2|13|0||1||1||1||1||1|2|3|1|1|1|1|2|2|2|2|2|2||2|2|1|2||9||1|2|2|1|2|1|2|2|1|52UZPE01152001T48MT01EBS001H013352UZPE01152001T48MT01EBS001H0133F0133
2|122|1|52|UZPE011|52001|T48|MT01|FRAY EZEQUIEL MORENO|CARRERA1832B08|-77.26509|1.225597||52UZPE01152001T48MT01EBS001H0139|52UZPE01152001T48MT01EBS001H0139F0139|1|1|1|2|52UZPE01152001T48MT01EBS001|900091143|CC|1004235479|AUXILIARDEENFERMERIA|52UZPE01152001T48MT01EBS001H0139F0139CF139|2024-11-07|1||1||3||1||2|2|11|5|2|2|20||2|13|0||1||1||1||1||1|2|3|1|1|1|1|2|2|2|2|2|2||2|2|2|2||9||2|2|2|1|1|1|2|2|1|52UZPE01152001T48MT01EBS001H013952UZPE01152001T48MT01EBS001H0139F0139
2|123|1|52|UZPE011|52001|T48|MT01|FRAY EZEQUIEL MORENO|CARRERA1832B8|-77.265052|1.225385||52UZPE01152001T48MT01EBS001H0140|52UZPE01152001T48MT01EBS001H0140F0140|1|1|1|2|52UZPE01152001T48MT01EBS001|900091143|CC|1004235479|AUXILIARDEENFERMERIA|52UZPE01152001T48MT01EBS001H0140F0140CF140|2024-11-07|1||1||3||1||2|2|11|5|2|2|20||2|13|0||1||1||1||1||1|3|3|1|1|1|1|2|2|2|2|2|2||2|2|1|2||9||1|2|2|1|1|1|2|2|1|52UZPE01152001T48MT01EBS001H014052UZPE01152001T48MT01EBS001H0140F0140
2|124|1|52|UZPE011|52001|T48|MT01|FRAY EZEQUIEL MORENO|CARRERA233257|-77.265038|1.22541||52UZPE01152001T48MT01EBS001H0141|52UZPE01152001T48MT01EBS001H0141F0141|1|1|1|2|52UZPE01152001T48MT01EBS001|900091143|CC|1004235479|AUXILIARDEENFERMERIA|52UZPE01152001T48MT01EBS001H0141F0141CF141|2024-11-07|1||1||3||1||2|2|11|5|3|2|20||2|13|0||1||1||1||1||1|2|3|1|1|1|1|2|2|2|2|2|2||2|2|2|1||9||2|2|2|1|1|1|2|2|1|52UZPE01152001T48MT01EBS001H014152UZPE01152001T48MT01EBS001H0141F0141
2|125|1|52|UZPE011|52001|T48|MT01|FRAY EZEQUIEL MORENO|CARRERA1929A38|-77.26657|1.221552||52UZPE01152001T48MT01EBS001H0142|52UZPE01152001T48MT01EBS001H0142F0142|1|1|1|4|52UZPE01152001T48MT01EBS001|900091143|CC|1004235479|AUXILIARDEENFERMERIA|52UZPE01152001T48MT01EBS001H0142F0142CF142|2024-11-07|1||1||3||1||4|2|11|5|3|2|20||2|13|0||1||1||1||1||2|4|3|1|1|1|1|2|2|2|2|2|2||2|2|2|2||9||2|2|2|1|1|1|2|2|1|52UZPE01152001T48MT01EBS001H014252UZPE01152001T48MT01EBS001H0142F0142
2|126|1|52|UZPE011|52001|T48|MT01|FRAY EZEQUIEL MORENO|MEC3|-77.264912|1.219298||52UZPE01152001T48MT01EBS001H0143|52UZPE01152001T48MT01EBS001H0143F0143|1|1|1|1|52UZPE01152001T48MT01EBS001|900091143|CC|1004216993|AUXILIARESDEENFERMERIA|52UZPE01152001T48MT01EBS001H0143F0143CF143|2024-11-04|1||1||3||1||1|2|11|5|2|2|5||1|13|0||1||1||1||1||2|2|3|2|1|1|1|2|2|2|2|2|2||2|2|1|2||9||1|2|2|1|1|1|2|2|1|52UZPE01152001T48MT01EBS001H014352UZPE01152001T48MT01EBS001H0143F0143
2|127|1|52|UZPE011|52001|T48|MT01|FRAY EZEQUIEL MORENO|MEC4|-77.265373|1.220455||52UZPE01152001T48MT01EBS001H0144|52UZPE01152001T48MT01EBS001H0144F0144|2|1|1|1|52UZPE01152001T48MT01EBS001|900091143|CC|1004216993|AUXILIARESDEENFERMERIA|52UZPE01152001T48MT01EBS001H0144F0144CF144|2024-11-04|1||1||3||1||1|2|11|5|3|2|20||2|13|0||1||1||1||1||7|1|3|2|1|1|1|2|2|2|2|2|2||2|2|1|1||9||1|2|2|1|1|1|2|2|1|52UZPE01152001T48MT01EBS001H014452UZPE01152001T48MT01EBS001H0144F0144
2|128|1|52|UZPE011|52001|T48|MT01|FRAY EZEQUIEL MORENO|MFC13|-77.265219|1.21988||52UZPE01152001T48MT01EBS001H0145|52UZPE01152001T48MT01EBS001H0145F0145|2|1|1|2|52UZPE01152001T48MT01EBS001|900091143|CC|1004216993|AUXILIARESDEENFERMERIA|52UZPE01152001T48MT01EBS001H0145F0145CF145|2024-11-04|1||1||3||1||1|2|11|5|3|2|20||1|13|0||1||1||1||1||1|3|3|1|1|1|1|2|2|2|2|2|2||2|2|1|2||9||1|2|2|1|2|1|2|2|1|52UZPE01152001T48MT01EBS001H014552UZPE01152001T48MT01EBS001H0145F0145
2|129|1|52|UZPE011|52001|T48|MT01|FRAY EZEQUIEL MORENO|MJC22|-77.265981|1.219901||52UZPE01152001T48MT01EBS001H0146|52UZPE01152001T48MT01EBS001H0146F0146|1|1|1|2|52UZPE01152001T48MT01EBS001|900091143|CC|1233188273|AUXILIARESDEENFERMERIA|52UZPE01152001T48MT01EBS001H0146F0146CF146|2024-11-05|1||1||3||1||2|2|11|5|2|2|20||1|13|0||1||1||1||1||1|2|3|1|1|1|1|2|2|2|2|2|2||2|2|2|2||9||2|2|2|1|1|1|2|2|1|52UZPE01152001T48MT01EBS001H014652UZPE01152001T48MT01EBS001H0146F0146
2|130|1|52|UZPE011|52001|T48|MT01|FRAY EZEQUIEL MORENO|NUMERO32B38SANTAMATILDE|-77.263955|1.22475||52UZPE01152001T48MT01EBS001H0147|52UZPE01152001T48MT01EBS001H0147F0147|1|1|1|3|52UZPE01152001T48MT01EBS001|900091143|CC|1085265622|ODONTOLOGIA|52UZPE01152001T48MT01EBS001H0147F0147CF147|2024-11-06|1||1||3||1||2|2|11|5|3|2|8||2|13|0||1||1||1||1||1|3|3|1|1|1|1|2|2|2|2|2|2||2|2|1|1||9||1|2|2|1|2|1|2|2|1|52UZPE01152001T48MT01EBS001H014752UZPE01152001T48MT01EBS001H0147F0147
2|131|1|52|UZPE011|52001|T48|MT01|FRAY EZEQUIEL MORENO|MANZANABCASA16APARTAMENTO1|-77.266873|1.218988||52UZPE01152001T48MT01EBS001H0150|52UZPE01152001T48MT01EBS001H0150F0150|1|1|1|3|52UZPE01152001T48MT01EBS001|900091143|CC|1085329980|MEDICO|52UZPE01152001T48MT01EBS001H0150F0150CF150|2024-11-06|1||1||1||1||2|2|11|4|2|2|17||2|13|0||1||1||1||1||1|3|3|1|1|1|1|2|2|2|2|2|2||2|2|2|2||9||2|2|2|1|2|1|2|2|1|52UZPE01152001T48MT01EBS001H015052UZPE01152001T48MT01EBS001H0150F0150
2|132|1|52|UZPE011|52001|T48|MT01|FRAY EZEQUIEL MORENO|CRA19NO32B28SANTAMATILDE|-77.264886|1.224847||52UZPE01152001T48MT01EBS001H0151|52UZPE01152001T48MT01EBS001H0151F0151|1|1|1|1|52UZPE01152001T48MT01EBS001|900091143|CC|1085265622|ODONTOLOGIA|52UZPE01152001T48MT01EBS001H0151F0151CF151|2024-11-06|1||1||3||4||1|2|11|5|3|2|20||2|13|0||1||1||1||1||7|1|3|1|1|1|1|2|2|2|2|2|2||2|2|1|2||9||1|2|2|1|2|1|2|2|1|52UZPE01152001T48MT01EBS001H015152UZPE01152001T48MT01EBS001H0151F0151
2|133|1|52|UZPE011|52001|T48|MT01|FRAY EZEQUIEL MORENO|CARRERA243031|-77.267148|1.220172||52UZPE01152001T48MT01EBS001H0154|52UZPE01152001T48MT01EBS001H0154F0154|1|1|1|3|52UZPE01152001T48MT01EBS001|900091143|CC|27097745|ENFERMERA|52UZPE01152001T48MT01EBS001H0154F0154CF154|2024-11-07|4||1||3||1||2|2|11|5|3|2|20||2|13|0||1||1||1||1||1|3|3|1|1|1|1|2|2|2|2|2|2||2|2|1|1||9||1|2|2|1|1|1|2|2|1|52UZPE01152001T48MT01EBS001H015452UZPE01152001T48MT01EBS001H0154F0154
2|134|1|52|UZPE011|52001|T48|MT01|FRAY EZEQUIEL MORENO|CR24N30222A|-77.265909|1.221104||52UZPE01152001T48MT01EBS001H0155|52UZPE01152001T48MT01EBS001H0155F0155|1|1|1|2|52UZPE01152001T48MT01EBS001|900091143|CC|1004236159|AUXILIARDEENFERMERIA|52UZPE01152001T48MT01EBS001H0155F0155CF155|2025-10-17|1||2||4||7||1|2|5|5|3|1|8||2|13|2||1||1||1||1||4|2|1|4|1|3|5|2|2|2|2|2|2||2|2|2|2||9||2|2|2|1|2|1|2|2|1|52UZPE01152001T48MT01EBS001H015552UZPE01152001T48MT01EBS001H0155F0155
2|135|1|52|UZPE011|52001|T48|MT01|FRAY EZEQUIEL MORENO|MANZANAHCASA16|-77.265665|1.219541||52UZPE01152001T48MT01EBS001H0157|52UZPE01152001T48MT01EBS001H0157F0157|2|1|1|1|52UZPE01152001T48MT01EBS001|900091143|CC|1004216993|AUXILIARESDEENFERMERIA|52UZPE01152001T48MT01EBS001H0157F0157CF157|2024-11-05|1||1||3||1||1|2|11|5|2|2|20||1|13|0||1||1||1||1||7|1|3|2|1|1|1|2|2|2|2|2|2||2|2|1|1||9||1|2|2|1|2|1|2|2|1|52UZPE01152001T48MT01EBS001H015752UZPE01152001T48MT01EBS001H0157F0157
2|136|1|52|UZPE011|52001|T48|MT01|FRAY EZEQUIEL MORENO|FRAYEZEQUIELMORENOTORRESDEAMANCAYTORREAAPARTAMENTO302|-77.26585|1.218868||52UZPE01152001T48MT01EBS001H0158|52UZPE01152001T48MT01EBS001H0158F0158|1|1|1|2|52UZPE01152001T48MT01EBS001|900091143|CC|59311233|AUXILIARDEENFERMERIA|52UZPE01152001T48MT01EBS001H0158F0158CF158|2024-11-06|4||1||3||1||2|2|11|5|3|2|20||2|13|0||1||1||1||1||2|2|2|1|1|1|1|2|2|2|2|2|2||2|2|1|1||9||1|2|2|1|1|1|2|2|1|52UZPE01152001T48MT01EBS001H015852UZPE01152001T48MT01EBS001H0158F0158
2|137|1|52|UZPE011|52001|T48|MT01|FRAY EZEQUIEL MORENO|MANZANAZCALLE18|-77.265765|1.219556||52UZPE01152001T48MT01EBS001H0160|52UZPE01152001T48MT01EBS001H0160F0160|1|1|1|1|52UZPE01152001T48MT01EBS001|900091143|CC|1004216993|AUXILIARESDEENFERMERIA|52UZPE01152001T48MT01EBS001H0160F0160CF160|2024-11-05|4||1||3||1||1|2|11|5|2|2|20||1|13|0||1||1||1||1||7|1|3|1|1|1|1|2|2|2|2|2|2||2|2|2|1||9||2|2|2|1|2|1|2|2|1|52UZPE01152001T48MT01EBS001H016052UZPE01152001T48MT01EBS001H0160F0160
2|138|1|52|UZPE011|52001|T48|MT01|FRAY EZEQUIEL MORENO|CR23N30186|-77.266246|1.220915||52UZPE01152001T48MT01EBS001H0161|52UZPE01152001T48MT01EBS001H0161F0161|1|1|1|3|52UZPE01152001T48MT01EBS001|900091143|CC|1004236159|AUXILIARDEENFERMERIA|52UZPE01152001T48MT01EBS001H0161F0161CF161|2025-10-25|1||1||3||4||3|2|11|5|2|2|20||2|13|0||1||1||1||1||1|3|3|2|1|1|1|2|2|2|2|2|2||2|2|1|2||9||1|2|2|1|2|1|2|2|1|52UZPE01152001T48MT01EBS001H016152UZPE01152001T48MT01EBS001H0161F0161
2|139|1|52|UZPE011|52001|T48|MT01|FRAY EZEQUIEL MORENO|MANZANAECASA15|-77.26647|1.21965||52UZPE01152001T48MT01EBS001H0162|52UZPE01152001T48MT01EBS001H0162F0162|2|1|1|3|52UZPE01152001T48MT01EBS001|900091143|CC|1004216993|AUXILIARESDEENFERMERIA|52UZPE01152001T48MT01EBS001H0162F0162CF162|2024-11-05|1||1||3||1||3|2|11|5|2|2|20||1|13|0||1||1||1||1||1|3|3|1|1|1|1|2|2|2|2|2|2||2|2|1|1||9||1|2|2|1|2|1|2|2|1|52UZPE01152001T48MT01EBS001H016252UZPE01152001T48MT01EBS001H0162F0162
2|140|1|52|UZPE011|52001|T48|MT01|FRAY EZEQUIEL MORENO|CR24N3097|-77.266497|1.220841||52UZPE01152001T48MT01EBS001H0163|52UZPE01152001T48MT01EBS001H0163F0163|1|1|1|2|52UZPE01152001T48MT01EBS001|900091143|CC|59310291|ENFERMERA|52UZPE01152001T48MT01EBS001H0163F0163CF163|2025-11-12|1||1||3||4||2|2|11|5|3|2|20||2|13|0||1||1||1||1||1|2|3|2|1|1|1|2|2|2|2|2|2||2|2|1|2||9||1|2|2|1|2|1|2|2|1|52UZPE01152001T48MT01EBS001H016352UZPE01152001T48MT01EBS001H0163F0163
2|141|1|52|UZPE011|52001|T48|MT01|FRAY EZEQUIEL MORENO|FRAYEZEQUIELMORENOTORRESDEAMANCAYTORREAAPARTAMENTO303|-77.26585|1.218868||52UZPE01152001T48MT01EBS001H0164|52UZPE01152001T48MT01EBS001H0164F0164|1|1|1|3|52UZPE01152001T48MT01EBS001|900091143|CC|59311233|AUXILIARDEENFERMERIA|52UZPE01152001T48MT01EBS001H0164F0164CF164|2024-11-06|4||1||3||1||2|2|11|5|3|2|20||2|13|0||1||1||1||1||4|3|2|1|1|1|1|2|2|2|2|2|2||2|2|1|2||9||1|2|2|1|1|1|2|2|1|52UZPE01152001T48MT01EBS001H016452UZPE01152001T48MT01EBS001H0164F0164
2|142|1|52|UZPE011|52001|T48|MT01|FRAY EZEQUIEL MORENO|MANZANAHCASA22|-77.266578|1.220664||52UZPE01152001T48MT01EBS001H0165|52UZPE01152001T48MT01EBS001H0165F0165|1|1|1|3|52UZPE01152001T48MT01EBS001|900091143|CC|59833702|OTRO|52UZPE01152001T48MT01EBS001H0165F0165CF165|2024-11-05|1||1||3||1||2|2|11|5|3|2|20||2|13|0||1||1||1||1||1|3|3|1|1|1|1|2|2|2|2|2|2||2|2|1|2||9||1|2|2|1|1|1|2|2|1|52UZPE01152001T48MT01EBS001H016552UZPE01152001T48MT01EBS001H0165F0165
2|143|1|52|UZPE011|52001|T48|MT01|FRAY EZEQUIEL MORENO|APARTAMENTO401AMANKAY|-77.265628|1.219151||52UZPE01152001T48MT01EBS001H0166|52UZPE01152001T48MT01EBS001H0166F0166|1|1|1|2|52UZPE01152001T48MT01EBS001|900091143|CC|59833702|OTRO|52UZPE01152001T48MT01EBS001H0166F0166CF166|2024-11-06|1||1||3||1||1|2|11|5|3|2|20||1|13|0||1||1||1||1||1|2|3|1|1|1|1|2|2|2|2|2|2||2|2|2|2||9||2|2|2|1|1|1|2|2|1|52UZPE01152001T48MT01EBS001H016652UZPE01152001T48MT01EBS001H0166F0166
2|144|1|52|UZPE011|52001|T48|MT01|FRAY EZEQUIEL MORENO|FRAYEZEQUIELTORRESDEAMANCAYTORRE1APARTAMENTO104|-77.26585|1.218868||52UZPE01152001T48MT01EBS001H0168|52UZPE01152001T48MT01EBS001H0168F0168|1|1|1|3|52UZPE01152001T48MT01EBS001|900091143|CC|59311233|AUXILIARDEENFERMERIA|52UZPE01152001T48MT01EBS001H0168F0168CF168|2024-11-06|4||1||3||1||2|2|11|5|3|2|20||2|13|0||1||1||1||1||2|3|2|1|1|1|1|2|2|2|2|2|2||2|2|1|2||9||1|2|2|1|1|1|2|2|1|52UZPE01152001T48MT01EBS001H016852UZPE01152001T48MT01EBS001H0168F0168
2|145|1|52|UZPE011|52001|T48|MT01|FRAY EZEQUIEL MORENO|MANZANACCASA1|-77.267007|1.219492||52UZPE01152001T48MT01EBS001H0169|52UZPE01152001T48MT01EBS001H0169F0169|2|1|1|4|52UZPE01152001T48MT01EBS001|900091143|CC|1004216993|AUXILIARESDEENFERMERIA|52UZPE01152001T48MT01EBS001H0169F0169CF169|2024-11-05|1||1||3||1||3|2|10|5|3|1|8||1|13|0||1||1||1||1||1|4|2|2|1|3|2|2|2|2|2|2|2||2|2|1|2||9||1|2|2|1|2|1|2|2|1|52UZPE01152001T48MT01EBS001H016952UZPE01152001T48MT01EBS001H0169F0169
2|146|1|52|UZPE011|52001|T48|MT01|FRAY EZEQUIEL MORENO|CR24N3095|-77.266663|1.220749||52UZPE01152001T48MT01EBS001H0170|52UZPE01152001T48MT01EBS001H0170F0170|1|1|1|1|52UZPE01152001T48MT01EBS001|900091143|CC|1089291166|AUXILIARDEENFERMERIA|52UZPE01152001T48MT01EBS001H0170F0170CF170|2025-10-24|4||1||3||4||1|1|11|5|4|2|20||2|13|0||1||1||1||1||7|1|3|3|1|1|1|2|2|2|2|2|2||2|2|2|2||9||2|2|2|1|2|1|2|2|1|52UZPE01152001T48MT01EBS001H017052UZPE01152001T48MT01EBS001H0170F0170
2|147|1|52|UZPE011|52001|T48|MT01|FRAY EZEQUIEL MORENO|CRA2430462|-77.264458|1.221837||52UZPE01152001T48MT01EBS001H0171|52UZPE01152001T48MT01EBS001H0171F0171|2|1|1|2|52UZPE01152001T48MT01EBS001|900091143|CC|1004216993|AUXILIARESDEENFERMERIA|52UZPE01152001T48MT01EBS001H0171F0171CF171|2024-11-07|1||1||3||1||1|2|10|1|2|1|8||1|9,10|2||1||1||1||1||2|3|3|2|1|1|1|2|2|2|2|2|2||2|2|1|1||9||1|2|2|1|2|1|2|2|1|52UZPE01152001T48MT01EBS001H017152UZPE01152001T48MT01EBS001H0171F0171
2|148|1|52|UZPE011|52001|T48|MT01|FRAY EZEQUIEL MORENO|APARTAMENTO404TORREAAMANKAY|-77.265628|1.219151||52UZPE01152001T48MT01EBS001H0172|52UZPE01152001T48MT01EBS001H0172F0172|1|1|1|2|52UZPE01152001T48MT01EBS001|900091143|CC|59833702|OTRO|52UZPE01152001T48MT01EBS001H0172F0172CF172|2024-11-06|4||1||3||1||2|2|11|5|3|2|20||2|13|0||1||1||1||1||2|2|3|1|1|1|1|2|2|2|2|2|2||2|2|1|2||9||1|2|2|1|1|1|2|2|1|52UZPE01152001T48MT01EBS001H017252UZPE01152001T48MT01EBS001H0172F0172
2|149|1|52|UZPE011|52001|T48|MT01|FRAY EZEQUIEL MORENO|FRAYEZEQUIELMORENOTORRESDEAMANCAYTORREBAPARTAMENTO702|-77.26585|1.218868||52UZPE01152001T48MT01EBS001H0173|52UZPE01152001T48MT01EBS001H0173F0173|1|1|1|3|52UZPE01152001T48MT01EBS001|900091143|CC|59311233|AUXILIARDEENFERMERIA|52UZPE01152001T48MT01EBS001H0173F0173CF173|2024-11-06|4||1||3||1||2|2|11|5|3|2|20||2|13|0||1||1||1||1||1|4|2|1|1|1|1|2|2|2|2|2|2||2|2|1|2||9||1|2|2|1|1|1|2|2|1|52UZPE01152001T48MT01EBS001H017352UZPE01152001T48MT01EBS001H0173F0173
2|150|1|52|UZPE011|52001|T48|MT01|FRAY EZEQUIEL MORENO|CR24N30454|-77.266331|1.220845||52UZPE01152001T48MT01EBS001H0174|52UZPE01152001T48MT01EBS001H0174F0174|1|1|1|5|52UZPE01152001T48MT01EBS001|900091143|CC|59310291|ENFERMERA|52UZPE01152001T48MT01EBS001H0174F0174CF174|2025-11-11|1||1||3||4||2|1|11|5|3|2|20||2|13|0||1||1||1||1||1|4|3|1|1|1|1|2|2|2|2|2|2||2|2|2|2||9||2|2|2|1|2|1|2|2|1|52UZPE01152001T48MT01EBS001H017452UZPE01152001T48MT01EBS001H0174F0174
2|151|1|52|UZPE011|52001|T48|MT01|FRAY EZEQUIEL MORENO|CARRERA2430222|-77.264793|1.221694||52UZPE01152001T48MT01EBS001H0175|52UZPE01152001T48MT01EBS001H0175F0175|1|2|2|6|52UZPE01152001T48MT01EBS001|900091143|CC|1004216993|AUXILIARESDEENFERMERIA|52UZPE01152001T48MT01EBS001H0175F0175CF175|2024-11-07|1||1||3||1||3|1|11|5|3|2|20||1|13|0||1||1||1||1||1|3|2|2|1|1|1|2|2|2|2|2|2||2|2|1|2||9||1|2|2|1|2|1|2|2|1|52UZPE01152001T48MT01EBS001H017552UZPE01152001T48MT01EBS001H0175F0175
2|152|1|52|UZPE011|52001|T48|MT01|FRAY EZEQUIEL MORENO|CARRERA2430222|-77.264793|1.221694||52UZPE01152001T48MT01EBS001H0176|52UZPE01152001T48MT01EBS001H0176F0176|1|2|2|6|52UZPE01152001T48MT01EBS001|900091143|CC|1004216993|AUXILIARESDEENFERMERIA|52UZPE01152001T48MT01EBS001H0176F0176CF176|2024-11-07|1||1||3||1||3|1|11|5|3|2|20||1|13|0||1||1||1||1||2|3|3|1|1|1|1|2|2|2|2|2|2||2|2|2|2||9||2|2|2|1|1|1|2|2|1|52UZPE01152001T48MT01EBS001H017652UZPE01152001T48MT01EBS001H0176F0176
2|153|1|52|UZPE011|52001|T48|MT01|FRAY EZEQUIEL MORENO|FRAYEZEQUIELMORENOMANZANAGCASA4|-77.266021|1.219571||52UZPE01152001T48MT01EBS001H0177|52UZPE01152001T48MT01EBS001H0177F0177|1|2|2|5|52UZPE01152001T48MT01EBS001|900091143|CC|59311233|AUXILIARDEENFERMERIA|52UZPE01152001T48MT01EBS001H0177F0177CF177|2024-11-06|1||1||3||1||4|2|11|5|2|2|7||2|13|0||1||1||1||1||4|3|1|1|1|1|1|2|2|2|2|2|2||2|2|1|1||9||1|2|2|1|1|1|2|2|1|52UZPE01152001T48MT01EBS001H017752UZPE01152001T48MT01EBS001H0177F0177
2|154|1|52|UZPE011|52001|T48|MT01|FRAY EZEQUIEL MORENO|FRAYEZEQUIELMORENOMANZANAGCASA4|-77.266021|1.219571||52UZPE01152001T48MT01EBS001H0178|52UZPE01152001T48MT01EBS001H0178F0178|1|2|2|5|52UZPE01152001T48MT01EBS001|900091143|CC|59311233|AUXILIARDEENFERMERIA|52UZPE01152001T48MT01EBS001H0178F0178CF178|2024-11-06|4||1||3||1||4|2|11|5|2|2|7||2|13|0||1||1||1||1||2|2|1|1|1|1|1|2|2|2|2|2|2||2|2|1|1||9||1|2|2|1|1|1|2|2|1|52UZPE01152001T48MT01EBS001H017852UZPE01152001T48MT01EBS001H0178F0178
2|155|1|52|UZPE011|52001|T48|MT01|FRAY EZEQUIEL MORENO|APARTAMENTO402TORREAAMANKAY|-77.265628|1.219151||52UZPE01152001T48MT01EBS001H0179|52UZPE01152001T48MT01EBS001H0179F0179|1|1|1|3|52UZPE01152001T48MT01EBS001|900091143|CC|59833702|OTRO|52UZPE01152001T48MT01EBS001H0179F0179CF179|2024-11-06|4||1||3||1||2|1|11|5|3|2|20||2|13|0||1||1||1||1||2|3|2|1|1|1|2|2|2|2|2|2|2||2|2|1|2||9||1|2|2|1|1|1|2|2|1|52UZPE01152001T48MT01EBS001H017952UZPE01152001T48MT01EBS001H0179F0179
2|156|1|52|UZPE011|52001|T48|MT01|FRAY EZEQUIEL MORENO|KRA24NO3027CALVARIO|-77.266923|1.220434||52UZPE01152001T48MT01EBS001H0180|52UZPE01152001T48MT01EBS001H0180F0180|1|3|3|6|52UZPE01152001T48MT01EBS001|900091143|CC|1085265622|ODONTOLOGIA|52UZPE01152001T48MT01EBS001H0180F0180CF180|2024-11-07|1||1||3||1||3|2|11|5|3|2|20||2|13|0||1||1||1||1||1|6|3|1|1|1|1|2|2|2|2|2|2||2|2|1|2||9||1|2|2|1|1|1|2|2|1|52UZPE01152001T48MT01EBS001H018052UZPE01152001T48MT01EBS001H0180F0180
2|157|1|52|UZPE011|52001|T48|MT01|FRAY EZEQUIEL MORENO|CARRERA243081|-77.267125|1.22007||52UZPE01152001T48MT01EBS001H0181|52UZPE01152001T48MT01EBS001H0181F0181|1|1|1|3|52UZPE01152001T48MT01EBS001|900091143|CC|1089291166|AUXILIARDEENFERMERIA|52UZPE01152001T48MT01EBS001H0181F0181CF181|2025-10-24|1||1||3||1||3|2|11|5|2|2|20||1|13|0||1||1||1||1||1|3|1|1|1|1|1|2|2|2|2|2|2||2|2|2|2||9||2|2|2|1|1|1|2|2|1|52UZPE01152001T48MT01EBS001H018152UZPE01152001T48MT01EBS001H0181F0181
2|158|1|52|UZPE011|52001|T48|MT01|FRAY EZEQUIEL MORENO|MANZANABCASA12EZEQUIELMORENO|-77.266836|1.28889||52UZPE01152001T48MT01EBS001H0182|52UZPE01152001T48MT01EBS001H0182F0182|1|1|1|3|52UZPE01152001T48MT01EBS001|900091143|CC|1233188273|AUXILIARESDEENFERMERIA|52UZPE01152001T48MT01EBS001H0182F0182CF182|2024-11-06|1||1||3||1||3|2|11|5|2|2|20||2|13|0||1||1||1||1||1|4|3|1|1|1|1|2|2|2|2|2|2||2|2|2|2||9||2|2|2|1|1|1|2|2|1|52UZPE01152001T48MT01EBS001H018252UZPE01152001T48MT01EBS001H0182F0182
2|159|1|52|UZPE011|52001|T48|MT01|FRAY EZEQUIEL MORENO|APARTAMENTO502TORREAAMANKAY|-77.265628|1.219151||52UZPE01152001T48MT01EBS001H0183|52UZPE01152001T48MT01EBS001H0183F0183|1|1|1|3|52UZPE01152001T48MT01EBS001|900091143|CC|59833702|OTRO|52UZPE01152001T48MT01EBS001H0183F0183CF183|2024-11-06|4||1||3||1||1|2|11|5|3|2|20||2|13|0||1||1||1||1||1|3|3|1|1|1|1|2|2|2|2|2|2||2|2|1|1||9||1|2|2|1|1|1|2|2|1|52UZPE01152001T48MT01EBS001H018352UZPE01152001T48MT01EBS001H0183F0183
2|160|1|52|UZPE011|52001|T48|MT01|FRAY EZEQUIEL MORENO|APARTAMENTO505TORREA|-77.265628|1.219151||52UZPE01152001T48MT01EBS001H0184|52UZPE01152001T48MT01EBS001H0184F0184|1|1|1|1|52UZPE01152001T48MT01EBS001|900091143|CC|59833702|OTRO|52UZPE01152001T48MT01EBS001H0184F0184CF184|2024-11-06|4||1||3||1||1|1|11|5|3|2|20||2|13|0||1||1||1||1||7|1|2|2|1|1|2|2|2|2|2|2|2||2|2|1|2||9||1|2|2|1|1|1|2|2|1|52UZPE01152001T48MT01EBS001H018452UZPE01152001T48MT01EBS001H0184F0184
2|161|1|52|UZPE011|52001|T48|MT01|FRAY EZEQUIEL MORENO|APARTAMENTO601TORREAAMANKAY|-77.265628|1.219151||52UZPE01152001T48MT01EBS001H0185|52UZPE01152001T48MT01EBS001H0185F0185|1|1|1|1|52UZPE01152001T48MT01EBS001|900091143|CC|59833702|OTRO|52UZPE01152001T48MT01EBS001H0185F0185CF185|2024-11-06|4||1||3||1||1|2|11|5|3|2|20||2|13|0||1||1||1||1||7|1|3|1|1|1|1|2|2|2|2|2|2||2|2|2|2||9||2|2|2|1|1|1|2|2|1|52UZPE01152001T48MT01EBS001H018552UZPE01152001T48MT01EBS001H0185F0185
2|162|1|52|UZPE011|52001|T48|MT01|FRAY EZEQUIEL MORENO|TORRESDEAMANCAITORREBAPARTAMENTO902|-77.265128|2.189556||52UZPE01152001T48MT01EBS001H0186|52UZPE01152001T48MT01EBS001H0186F0186|1|1|1|1|52UZPE01152001T48MT01EBS001|900091143|CC|1085329980|MEDICO|52UZPE01152001T48MT01EBS001H0186F0186CF186|2024-11-06|4||1||3||1||2|2|11|4|2|2|20||2|13|0||3||1||1||1||7|1|3|2|1|1|1|2|2|2|2|2|2||2|2|2|2||9||2|2|2|1|2|1|2|2|1|52UZPE01152001T48MT01EBS001H018652UZPE01152001T48MT01EBS001H0186F0186
2|163|1|52|UZPE011|52001|T48|MT01|FRAY EZEQUIEL MORENO|TORRESDEAMANCAITORREBAPARTAMENTO901|-77.265025|1.219669||52UZPE01152001T48MT01EBS001H0187|52UZPE01152001T48MT01EBS001H0187F0187|1|1|1|1|52UZPE01152001T48MT01EBS001|900091143|CC|1085329980|MEDICO|52UZPE01152001T48MT01EBS001H0187F0187CF187|2024-11-06|4||1||3||1||2|2|3|4|3|2|19||2|13|0||1||1||1||1||1|1|3|3|1|1|1|2|2|2|2|2|2||2|2|1|2||9||1|2|2|1|1|1|2|2|1|52UZPE01152001T48MT01EBS001H018752UZPE01152001T48MT01EBS001H0187F0187
2|164|1|52|UZPE011|52001|T48|MT01|FRAY EZEQUIEL MORENO|CAMA10MANZANAAAPARTAMENTO2|-77.266644|1.220253||52UZPE01152001T48MT01EBS001H0188|52UZPE01152001T48MT01EBS001H0188F0188|1|2|2|3|52UZPE01152001T48MT01EBS001|900091143|CC|1085329980|MEDICO|52UZPE01152001T48MT01EBS001H0188F0188CF188|2024-11-06|1||1||3||1||4|2|11|5|3|2|5||1|13|0||1||1||1||1||1|3|3|1|1|1|1|2|2|2|2|2|2||2|2|1|1||9||1|2|2|1|1|1|2|2|1|52UZPE01152001T48MT01EBS001H018852UZPE01152001T48MT01EBS001H0188F0188
2|165|1|52|UZPE011|52001|T48|MT01|FRAY EZEQUIEL MORENO|MZKCASA1|-77.264938|1.218879||52UZPE01152001T48MT01EBS001H0189|52UZPE01152001T48MT01EBS001H0189F0189|1|1|1|2|52UZPE01152001T48MT01EBS001|900091143|CC|1085269090|AUXILIARDEENFERMERIA|52UZPE01152001T48MT01EBS001H0189F0189CF189|2024-11-05|1||1||3||1||1|1|11|5|3|2|20||1|13|0||1||1||1||1||1|2|3|1|1|1|1|2|2|2|2|2|2||2|2|1|2||9||1|2|2|1|2|1|2|2|1|52UZPE01152001T48MT01EBS001H018952UZPE01152001T48MT01EBS001H0189F0189
2|166|1|52|UZPE011|52001|T48|MT01|FRAY EZEQUIEL MORENO|MZLCASA15|-77.265831|1.220356||52UZPE01152001T48MT01EBS001H0190|52UZPE01152001T48MT01EBS001H0190F0190|1|2|2|1|52UZPE01152001T48MT01EBS001|900091143|CC|1085269090|AUXILIARDEENFERMERIA|52UZPE01152001T48MT01EBS001H0190F0190CF190|2024-11-05|1||1||3||1||1|2|11|5|3|2|20||1|13|0||1||1||1||1||7|1|3|1|1|1|1|2|2|2|2|2|2||2|2|1|2||9||1|2|2|1|2|1|2|2|1|52UZPE01152001T48MT01EBS001H019052UZPE01152001T48MT01EBS001H0190F0190
2|167|1|52|UZPE011|52001|T48|MT01|FRAY EZEQUIEL MORENO|CASA15MZL|-77.265831|1.220356||52UZPE01152001T48MT01EBS001H0191|52UZPE01152001T48MT01EBS001H0191F0191|1|2|2|2|52UZPE01152001T48MT01EBS001|900091143|CC|1085269090|AUXILIARDEENFERMERIA|52UZPE01152001T48MT01EBS001H0191F0191CF191|2024-11-05|1||1||3||1||2|2|11|5|3|2|20||1|13|0||1||1||1||1||2|2|2|2|1|1|1|2|2|2|2|2|2||2|2|1|1||9||1|2|2|1|2|1|2|2|1|52UZPE01152001T48MT01EBS001H019152UZPE01152001T48MT01EBS001H0191F0191
2|168|1|52|UZPE011|52001|T48|MT01|FRAY EZEQUIEL MORENO|MZJCASA14|-77.265697|1.220277||52UZPE01152001T48MT01EBS001H0192|52UZPE01152001T48MT01EBS001H0192F0192|1|2|2|2|52UZPE01152001T48MT01EBS001|900091143|CC|1085269090|AUXILIARDEENFERMERIA|52UZPE01152001T48MT01EBS001H0192F0192CF192|2024-11-05|1||1||3||1||2|2|11|5|3|2|20||1|13|0||1||1||1||1||2|2|3|1|1|1|1|2|2|2|2|2|2||2|2|1|1||9||1|2|2|1|2|1|2|2|1|52UZPE01152001T48MT01EBS001H019252UZPE01152001T48MT01EBS001H0192F0192
2|169|1|52|UZPE011|52001|T48|MT01|FRAY EZEQUIEL MORENO|CASA14MZJ|-77.265697|1.220277||52UZPE01152001T48MT01EBS001H0193|52UZPE01152001T48MT01EBS001H0193F0193|1|2|2|2|52UZPE01152001T48MT01EBS001|900091143|CC|1085269090|AUXILIARDEENFERMERIA|52UZPE01152001T48MT01EBS001H0193F0193CF193|2024-11-05|1||1||3||1||1|2|11|5|3|2|20||1|13|0||1||1||1||1||1|2|3|1|1|1|1|2|2|2|2|2|2||2|2|1|1||9||1|2|2|1|2|1|2|2|1|52UZPE01152001T48MT01EBS001H019352UZPE01152001T48MT01EBS001H0193F0193
2|170|1|52|UZPE011|52001|T48|MT01|FRAY EZEQUIEL MORENO|MZJCASA13|-77.265893|1.220559||52UZPE01152001T48MT01EBS001H0194|52UZPE01152001T48MT01EBS001H0194F0194|1|1|1|2|52UZPE01152001T48MT01EBS001|900091143|CC|1085269090|AUXILIARDEENFERMERIA|52UZPE01152001T48MT01EBS001H0194F0194CF194|2024-11-05|1||1||3||1||2|2|11|5|3|2|20||1|13|0||1||1||1||1||2|2|3|1|1|1|1|2|2|2|2|2|2||2|2|1|2||9||1|2|2|1|2|1|2|2|1|52UZPE01152001T48MT01EBS001H019452UZPE01152001T48MT01EBS001H0194F0194
2|171|1|52|UZPE011|52001|T48|MT01|FRAY EZEQUIEL MORENO|CASA13MZJ|-77.265886|1.219793||52UZPE01152001T48MT01EBS001H0195|52UZPE01152001T48MT01EBS001H0195F0195|1|4|4|1|52UZPE01152001T48MT01EBS001|900091143|CC|1085269090|AUXILIARDEENFERMERIA|52UZPE01152001T48MT01EBS001H0195F0195CF195|2024-11-05|4||1||3||1||1|2|11|5|3|2|20||1|13|0||1||1||1||1||7|1|3|2|1|1|1|2|2|2|2|2|2||2|2|1|2||9||1|2|2|1|2|1|2|2|1|52UZPE01152001T48MT01EBS001H019552UZPE01152001T48MT01EBS001H0195F0195
2|172|1|52|UZPE011|52001|T48|MT01|FRAY EZEQUIEL MORENO|MZLCASA13|-77.265924|1.21988||52UZPE01152001T48MT01EBS001H0196|52UZPE01152001T48MT01EBS001H0196F0196|1|1|1|3|52UZPE01152001T48MT01EBS001|900091143|CC|1085269090|AUXILIARDEENFERMERIA|52UZPE01152001T48MT01EBS001H0196F0196CF196|2024-11-05|1||1||3||1||3|1|11|5|3|2|20||1|13|0||1||2||1||1||1|3|3|1|1|1|1|2|2|2|2|2|2||2|2|1|2||9||1|2|2|1|2|1|2|2|1|52UZPE01152001T48MT01EBS001H019652UZPE01152001T48MT01EBS001H0196F0196
2|173|1|52|UZPE011|52001|T48|MT01|FRAY EZEQUIEL MORENO|MZLCASA16|-77.265995|1.220539||52UZPE01152001T48MT01EBS001H0197|52UZPE01152001T48MT01EBS001H0197F0197|1|1|1|2|52UZPE01152001T48MT01EBS001|900091143|CC|1085269090|AUXILIARDEENFERMERIA|52UZPE01152001T48MT01EBS001H0197F0197CF197|2024-11-05|1||1||3||1||2|2|11|5|3|2|20||1|13|0||1||1||1||1||1|2|3|1|1|1|1|2|2|2|2|2|2||2|2|1|2||9||1|2|2|1|2|1|2|2|1|52UZPE01152001T48MT01EBS001H019752UZPE01152001T48MT01EBS001H0197F0197
2|174|1|52|UZPE011|52001|T48|MT01|FRAY EZEQUIEL MORENO|APARTAMENTO606TORREAAMANKAY|-77.265628|1.219151||52UZPE01152001T48MT01EBS001H0198|52UZPE01152001T48MT01EBS001H0198F0198|1|1|1|2|52UZPE01152001T48MT01EBS001|900091143|CC|59833702|OTRO|52UZPE01152001T48MT01EBS001H0198F0198CF198|2024-11-06|4||1||3||1||2|2|11|5|3|2|20||1|13|0||1||1||1||1||2|2|3|1|1|1|1|2|2|2|2|2|2||2|2|1|1||9||1|2|2|1|1|1|2|2|1|52UZPE01152001T48MT01EBS001H019852UZPE01152001T48MT01EBS001H0198F0198
2|175|1|52|UZPE011|52001|T48|MT01|FRAY EZEQUIEL MORENO|CASA18MZL|-77.265651|1.220077||52UZPE01152001T48MT01EBS001H0199|52UZPE01152001T48MT01EBS001H0199F0199|1|1|1|2|52UZPE01152001T48MT01EBS001|900091143|CC|1085269090|AUXILIARDEENFERMERIA|52UZPE01152001T48MT01EBS001H0199F0199CF199|2024-11-05|1||1||3||1||1|1|11|5|1|2|20||1|13|0||1||1||1||1||1|2|3|1|1|1|1|2|2|2|2|2|2||2|2|1|1||9||1|2|2|1|2|1|2|2|1|52UZPE01152001T48MT01EBS001H019952UZPE01152001T48MT01EBS001H0199F0199
2|176|1|52|UZPE011|52001|T48|MT01|FRAY EZEQUIEL MORENO|MZJCASA8APART2|-77.265651|1.220077||52UZPE01152001T48MT01EBS001H0200|52UZPE01152001T48MT01EBS001H0200F0200|1|2|2|3|52UZPE01152001T48MT01EBS001|900091143|CC|1085269090|AUXILIARDEENFERMERIA|52UZPE01152001T48MT01EBS001H0200F0200CF200|2024-11-05|4||1||3||1||2|1|11|5|3|2|20||1|13|0||1||1||1||1||1|3|3|1|1|1|1|2|2|2|2|2|2||2|2|1|1||9||1|2|2|1|2|1|2|2|1|52UZPE01152001T48MT01EBS001H020052UZPE01152001T48MT01EBS001H0200F0200
2|177|1|52|UZPE011|52001|T48|MT01|FRAY EZEQUIEL MORENO|CASA12MZB|-77.26568|1.218954||52UZPE01152001T48MT01EBS001H0201|52UZPE01152001T48MT01EBS001H0201F0201|1|1|1|4|52UZPE01152001T48MT01EBS001|900091143|CC|1085269090|AUXILIARDEENFERMERIA|52UZPE01152001T48MT01EBS001H0201F0201CF201|2024-11-05|1||1||3||1||3|1|11|5|3|2|20||1|13|0||1||1||1||1||1|4|3|1|1|1|1|2|2|2|2|2|2||2|2|1|2||9||1|2|2|1|2|1|2|2|1|52UZPE01152001T48MT01EBS001H020152UZPE01152001T48MT01EBS001H0201F0201
2|178|1|52|UZPE011|52001|T48|MT01|FRAY EZEQUIEL MORENO|MZBCASA12APAR2|-77.26568|1.218954||52UZPE01152001T48MT01EBS001H0202|52UZPE01152001T48MT01EBS001H0202F0202|1|2|2|2|52UZPE01152001T48MT01EBS001|900091143|CC|1085269090|AUXILIARDEENFERMERIA|52UZPE01152001T48MT01EBS001H0202F0202CF202|2024-11-05|1||1||3||1||2|2|11|5|3|2|20||1|13|0||1||1||1||1||2|2|3|1|1|1|1|2|2|2|2|2|2||2|2|1|2||9||1|2|2|1|2|1|2|2|1|52UZPE01152001T48MT01EBS001H020252UZPE01152001T48MT01EBS001H0202F0202
2|179|1|52|UZPE011|52001|T48|MT01|FRAY EZEQUIEL MORENO|CAS3MZF|-77.266714|1.219895||52UZPE01152001T48MT01EBS001H0204|52UZPE01152001T48MT01EBS001H0204F0204|1|1|1|2|52UZPE01152001T48MT01EBS001|900091143|CC|1085269090|AUXILIARDEENFERMERIA|52UZPE01152001T48MT01EBS001H0204F0204CF204|2024-11-05|1||1||3||1||1|1|11|5|3|2|20||1|13|0||1||1||1||1||1|3|3|1|1|1|1|2|2|2|2|2|2||2|2|1|2||9||1|2|2|1|2|1|2|2|1|52UZPE01152001T48MT01EBS001H020452UZPE01152001T48MT01EBS001H0204F0204
2|180|1|52|UZPE011|52001|T48|MT01|FRAY EZEQUIEL MORENO|CR24CASA9A|-77.264099|1.222392||52UZPE01152001T48MT01EBS001H0205|52UZPE01152001T48MT01EBS001H0205F0205|1|1|1|2|52UZPE01152001T48MT01EBS001|900091143|CC|59833702|OTRO|52UZPE01152001T48MT01EBS001H0205F0205CF205|2024-11-07|1||1||3||1||1|2|11|5|2|2|5||2|13|0||1||1||1||1||2|2|3|1|1|1|1|2|2|2|2|2|2||2|2|1|2||9||1|2|2|1|1|1|2|2|1|52UZPE01152001T48MT01EBS001H020552UZPE01152001T48MT01EBS001H0205F0205
2|181|1|52|UZPE011|52001|T48|MT01|FRAY EZEQUIEL MORENO|CUJACALBAJOCARRERA2430455|-77.264064|1.219033||52UZPE01152001T48MT01EBS001H0206|52UZPE01152001T48MT01EBS001H0206F0206|1|1|1|1|52UZPE01152001T48MT01EBS001|900091143|CC|59311233|AUXILIARDEENFERMERIA|52UZPE01152001T48MT01EBS001H0206F0206CF206|2024-11-07|1||2||3||2||2|2|11|5|2|2|7||2|13|0||1||1||1||1||7|1|2|1|1|1|1|2|2|2|2|2|2||2|2|1|1||9||1|2|2|1|1|1|2|2|1|52UZPE01152001T48MT01EBS001H020652UZPE01152001T48MT01EBS001H0206F0206
2|182|1|52|UZPE011|52001|T48|MT01|FRAY EZEQUIEL MORENO|CRA2430235|-77.264292|1.224844||52UZPE01152001T48MT01EBS001H0207|52UZPE01152001T48MT01EBS001H0207F0207|1|1|1|3|52UZPE01152001T48MT01EBS001|900091143|CC|59833702|OTRO|52UZPE01152001T48MT01EBS001H0207F0207CF207|2024-11-07|1||1||3||1||2|2|11|5|3|2|5||2|13|0||1||1||1||1||2|3|2|3|1|1|2|2|2|2|2|2|2||2|2|1|2||9||1|2|2|1|1|1|2|2|1|52UZPE01152001T48MT01EBS001H020752UZPE01152001T48MT01EBS001H0207F0207
2|183|1|52|UZPE011|52001|T48|MT01|FRAY EZEQUIEL MORENO|CARRERA2430464|-77.264064|1.219033||52UZPE01152001T48MT01EBS001H0208|52UZPE01152001T48MT01EBS001H0208F0208|1|1|1|3|52UZPE01152001T48MT01EBS001|900091143|CC|59311233|AUXILIARDEENFERMERIA|52UZPE01152001T48MT01EBS001H0208F0208CF208|2024-11-07|1||1||3||1||3|2|11|5|3|2|7||2|13|0||1||1||1||1||4|3|2|1|1|1|1|2|2|2|2|2|2||2|2|2|1||9||2|2|2|1|2|1|2|2|1|52UZPE01152001T48MT01EBS001H020852UZPE01152001T48MT01EBS001H0208F0208
2|184|1|52|UZPE011|52001|T48|MT01|FRAY EZEQUIEL MORENO|CRA2430453|-77.2643|1.22485||52UZPE01152001T48MT01EBS001H0209|52UZPE01152001T48MT01EBS001H0209F0209|1|1|1|4|52UZPE01152001T48MT01EBS001|900091143|CC|59833702|OTRO|52UZPE01152001T48MT01EBS001H0209F0209CF209|2024-11-07|1||1||3||4||2|1|11|5|3|1|5||2|13|0||1||1||1||1||2|4|3|1|1|1|1|2|2|2|2|2|2||2|2|1|2||9||1|2|2|1|1|1|2|2|1|52UZPE01152001T48MT01EBS001H020952UZPE01152001T48MT01EBS001H0209F0209
2|185|1|52|UZPE011|52001|T48|MT01|FRAY EZEQUIEL MORENO|CUJACALBAJOCARRERA24CALLE304555|-77.264064|1.219033||52UZPE01152001T48MT01EBS001H0210|52UZPE01152001T48MT01EBS001H0210F0210|1|1|1|1|52UZPE01152001T48MT01EBS001|900091143|CC|59311233|AUXILIARDEENFERMERIA|52UZPE01152001T48MT01EBS001H0210F0210CF210|2024-11-07|1||2||3||4||1|2|3|5|8|1|8||2|13|0||1||1||1||1||7|1|1|3|1|1|2|2|2|2|2|2|2||2|2|1|2||9||1|2|2|1|1|1|2|2|1|52UZPE01152001T48MT01EBS001H021052UZPE01152001T48MT01EBS001H0210F0210
2|186|1|52|UZPE011|52001|T48|MT01|FRAY EZEQUIEL MORENO|CUJACALBAJOCARRERA2430600|-77.264064|1.219033||52UZPE01152001T48MT01EBS001H0211|52UZPE01152001T48MT01EBS001H0211F0211|1|1|1|1|52UZPE01152001T48MT01EBS001|900091143|CC|59311233|AUXILIARDEENFERMERIA|52UZPE01152001T48MT01EBS001H0211F0211CF211|2024-11-07|1||2||5||4||1|2|8|5|3|2|19||2|13|0||1||1||1||1||7|1|2|4|1|1|1|2|2|2|2|2|2||2|2|1|1||9||1|2|2|1|2|1|2|2|1|52UZPE01152001T48MT01EBS001H021152UZPE01152001T48MT01EBS001H0211F0211
2|187|1|52|UZPE011|52001|T48|MT01|FRAY EZEQUIEL MORENO|CRA24CASA3|-77.264099|1.222392||52UZPE01152001T48MT01EBS001H0212|52UZPE01152001T48MT01EBS001H0212F0212|1|1|1|2|52UZPE01152001T48MT01EBS001|900091143|CC|59833702|OTRO|52UZPE01152001T48MT01EBS001H0212F0212CF212|2024-11-07|1||1||3||1||1|2|11|5|3|2|20||2|13|0||1||1||1||1||1|2|3|1|1|1|1|2|2|2|2|2|2||2|2|1|2||9||1|2|2|1|1|1|2|2|1|52UZPE01152001T48MT01EBS001H021252UZPE01152001T48MT01EBS001H0212F0212
2|188|1|52|UZPE011|52001|T48|MT01|FRAY EZEQUIEL MORENO|CUJACALBAJOCARRERA2430358|-77.264031|1.222095||52UZPE01152001T48MT01EBS001H0213|52UZPE01152001T48MT01EBS001H0213F0213|1|1|1|3|52UZPE01152001T48MT01EBS001|900091143|CC|59311233|AUXILIARDEENFERMERIA|52UZPE01152001T48MT01EBS001H0213F0213CF213|2024-11-07|1||1||3||1||2|2|11|5|3|2|7||2|13|0||1||1||1||1||1|3|2|1|1|1|1|2|2|2|2|2|2||2|2|1|2||9||1|2|2|1|1|1|2|2|1|52UZPE01152001T48MT01EBS001H021352UZPE01152001T48MT01EBS001H0213F0213
2|189|1|52|UZPE011|52001|T48|MT01|FRAY EZEQUIEL MORENO|CRA2430323|-77.2652|1.221499||52UZPE01152001T48MT01EBS001H0214|52UZPE01152001T48MT01EBS001H0214F0214|1|1|1|2|52UZPE01152001T48MT01EBS001|900091143|CC|59833702|OTRO|52UZPE01152001T48MT01EBS001H0214F0214CF214|2024-11-07|1||1||3||4||2|2|11|5|3|2|20||2|13|0||1||1||1||1||2|2|2|1|1|1|1|2|2|2|2|2|2||2|2|1|1||9||1|2|2|1|1|1|2|2|1|52UZPE01152001T48MT01EBS001H021452UZPE01152001T48MT01EBS001H0214F0214
2|190|1|52|UZPE011|52001|T48|MT01|FRAY EZEQUIEL MORENO|CRA24N30339|-77.264938|1.221592||52UZPE01152001T48MT01EBS001H0215|52UZPE01152001T48MT01EBS001H0215F0215|1|2|2|2|52UZPE01152001T48MT01EBS001|900091143|CC|1081592742|AUXILIARDEENFERMERIA|52UZPE01152001T48MT01EBS001H0215F0215CF215|2025-11-12|1||1||3||1||2|2|11|1|3|2|20||2|13|0||1||1||1||1||2|2|3|1|1|1|1|2|2|2|2|2|2||2|2|2|2||9||2|2|2|1|1|1|2|2|1|52UZPE01152001T48MT01EBS001H021552UZPE01152001T48MT01EBS001H0215F0215
2|191|1|52|UZPE011|52001|T48|MT01|FRAY EZEQUIEL MORENO|CRA24N30339|-77.264938|1.221592||52UZPE01152001T48MT01EBS001H0216|52UZPE01152001T48MT01EBS001H0216F0216|1|2|2|2|52UZPE01152001T48MT01EBS001|900091143|CC|1081592742|AUXILIARDEENFERMERIA|52UZPE01152001T48MT01EBS001H0216F0216CF216|2025-11-12|1||1||3||1||2|2|11|1|3|2|20||2|13|0||1||1||1||1||7|1|3|1|1|1|1|2|2|2|2|2|2||2|2|1|2||9||1|2|2|1|1|1|2|2|1|52UZPE01152001T48MT01EBS001H021652UZPE01152001T48MT01EBS001H0216F0216
2|192|1|52|UZPE011|52001|T48|MT01|FRAY EZEQUIEL MORENO|CUJACALBAJOCARRERA2430339|-77.265629|1.221405||52UZPE01152001T48MT01EBS001H0217|52UZPE01152001T48MT01EBS001H0217F0217|1|2|2|4|52UZPE01152001T48MT01EBS001|900091143|CC|59311233|AUXILIARDEENFERMERIA|52UZPE01152001T48MT01EBS001H0217F0217CF217|2024-11-07|1||1||3||4||2|2|11|5|3|2|7||2|13|0||1||1||1||1||1|2|2|1|1|1|1|2|2|2|2|2|2||2|2|1|2||9||1|2|2|1|1|1|2|2|1|52UZPE01152001T48MT01EBS001H021752UZPE01152001T48MT01EBS001H0217F0217
2|193|1|52|UZPE011|52001|T48|MT01|FRAY EZEQUIEL MORENO|CUJACALBAJOCARRERA2430339|-77.265629|1.221405||52UZPE01152001T48MT01EBS001H0218|52UZPE01152001T48MT01EBS001H0218F0218|1|2|2|4|52UZPE01152001T48MT01EBS001|900091143|CC|59311233|AUXILIARDEENFERMERIA|52UZPE01152001T48MT01EBS001H0218F0218CF218|2024-11-07|1||1||3||4||2|2|11|5|3|2|7||2|13|0||1||1||1||1||1|2|1|1|1|1|1|2|2|2|2|2|2||2|2|1|2||9||1|2|2|1|1|1|2|2|1|52UZPE01152001T48MT01EBS001H021852UZPE01152001T48MT01EBS001H0218F0218
2|194|1|52|UZPE011|52001|T48|MT01|FRAY EZEQUIEL MORENO|CUJACALBAJOCARRERA2430225|-77.265051|1.220485||52UZPE01152001T48MT01EBS001H0219|52UZPE01152001T48MT01EBS001H0219F0219|1|1|1|3|52UZPE01152001T48MT01EBS001|900091143|CC|59311233|AUXILIARDEENFERMERIA|52UZPE01152001T48MT01EBS001H0219F0219CF219|2024-11-07|1||1||3||1||2|2|11|5|3|2|7||2|13|0||1||1||1||1||1|3|1|1|1|1|1|2|2|2|2|2|2||2|2|1|2||9||1|2|2|1|1|1|2|2|1|52UZPE01152001T48MT01EBS001H021952UZPE01152001T48MT01EBS001H0219F0219
2|195|1|52|UZPE011|52001|T48|MT01|FRAY EZEQUIEL MORENO|CUJACALBAJOCARRERA2430245|-77.265051|1.220485||52UZPE01152001T48MT01EBS001H0220|52UZPE01152001T48MT01EBS001H0220F0220|1|1|1|3|52UZPE01152001T48MT01EBS001|900091143|CC|59311233|AUXILIARDEENFERMERIA|52UZPE01152001T48MT01EBS001H0220F0220CF220|2024-11-07|1||2||3||2||3|2|11|5|2|2|7||2|13|0||1||1||1||1||4|3|1|3|1|1|1|2|2|2|2|2|2||2|2|1|1||9||1|2|2|1|1|1|2|2|1|52UZPE01152001T48MT01EBS001H022052UZPE01152001T48MT01EBS001H0220F0220
2|196|1|52|UZPE011|52001|T48|MT01|FRAY EZEQUIEL MORENO|CUJACALBAJOCARRERA2430224|-77.266072|1.220783||52UZPE01152001T48MT01EBS001H0221|52UZPE01152001T48MT01EBS001H0221F0221|1|1|1|7|52UZPE01152001T48MT01EBS001|900091143|CC|1004236159|AUXILIARDEENFERMERIA|52UZPE01152001T48MT01EBS001H0221F0221CF221|2025-10-20|1||1||3||4||3|1|11|5|2|1|7||2|13|0||1||1||1||1||4|8|1|2|1|1|2|2|2|2|2|2|2||2|2|1|1||9||1|2|2|1|1|1|2|2|1|52UZPE01152001T48MT01EBS001H022152UZPE01152001T48MT01EBS001H0221F0221
2|197|1|52|UZPE011|52001|T48|MT01|FRAY EZEQUIEL MORENO|CRA24N3091|-77.266381|1.220899||52UZPE01152001T48MT01EBS001H0222|52UZPE01152001T48MT01EBS001H0222F0222|1|1|1|3|52UZPE01152001T48MT01EBS001|900091143|CC|1004236159|AUXILIARDEENFERMERIA|52UZPE01152001T48MT01EBS001H0222F0222CF222|2025-10-27|1||1||3||1||2|2|11|1|2|2|20||2|13|0||1||1||1||1||1|3|3|1|1|1|1|2|2|2|2|2|2||2|2|1|2||9||1|2|2|1|1|1|2|2|1|52UZPE01152001T48MT01EBS001H022252UZPE01152001T48MT01EBS001H0222F0222
2|198|1|52|UZPE011|52001|T48|MT01|FRAY EZEQUIEL MORENO|CUJACALBAJOCARRERA24CALLE3097|-77.265931|1.221232||52UZPE01152001T48MT01EBS001H0223|52UZPE01152001T48MT01EBS001H0223F0223|1|1|1|3|52UZPE01152001T48MT01EBS001|900091143|CC|59311233|AUXILIARDEENFERMERIA|52UZPE01152001T48MT01EBS001H0223F0223CF223|2024-11-07|1||1||3||4||2|2|11|5|3|2|7||2|13|0||1||1||1||1||1|3|2|1|1|1|1|2|2|2|2|2|2||2|2|2|2||9||2|2|2|1|2|1|2|2|1|52UZPE01152001T48MT01EBS001H022352UZPE01152001T48MT01EBS001H0223F0223
2|199|1|52|UZPE011|52001|T48|MT01|FRAY EZEQUIEL MORENO|CUJACALBAJOCARRERA24CALLE3077|-77.265931|1.221232||52UZPE01152001T48MT01EBS001H0224|52UZPE01152001T48MT01EBS001H0224F0224|1|1|1|2|52UZPE01152001T48MT01EBS001|900091143|CC|59311233|AUXILIARDEENFERMERIA|52UZPE01152001T48MT01EBS001H0224F0224CF224|2024-11-07|1||1||3||4||2|2|11|5|2|2|7||2|13|0||1||1||1||1||4|2|2|2|1|3|2|2|2|2|2|2|2||2|2|1|2||9||1|2|2|1|1|1|2|2|1|52UZPE01152001T48MT01EBS001H022452UZPE01152001T48MT01EBS001H0224F0224
2|200|1|52|UZPE011|52001|T48|MT01|FRAY EZEQUIEL MORENO|CRA30230|-77.265874|1.221043||52UZPE01152001T48MT01EBS001H0225|52UZPE01152001T48MT01EBS001H0225F0225|1|3|3|6|52UZPE01152001T48MT01EBS001|900091143|CC|1004236159|AUXILIARDEENFERMERIA|52UZPE01152001T48MT01EBS001H0225F0225CF225|2025-10-27|1||1||3||4||3|1|11|5|3|2|20||2|13|0||1||1||1||1||2|4|2|1|1|1|2|2|2|2|2|2|2||2|2|1|2||9||1|2|2|1|1|1|2|2|1|52UZPE01152001T48MT01EBS001H022552UZPE01152001T48MT01EBS001H0225F0225
2|201|1|52|UZPE011|52001|T48|MT01|FRAY EZEQUIEL MORENO|CRA30230|-77.265874|1.221043||52UZPE01152001T48MT01EBS001H0226|52UZPE01152001T48MT01EBS001H0226F0226|1|3|3|6|52UZPE01152001T48MT01EBS001|900091143|CC|1004236159|AUXILIARDEENFERMERIA|52UZPE01152001T48MT01EBS001H0226F0226CF226|2025-10-27|1||1||3||4||3|1|11|5|3|2|20||2|13|0||1||1||1||1||7|1|3|1|1|1|1|2|2|2|2|2|2||2|2|1|1||9||1|2|2|1|1|1|2|2|1|52UZPE01152001T48MT01EBS001H022652UZPE01152001T48MT01EBS001H0226F0226
2|202|1|52|UZPE011|52001|T48|MT01|FRAY EZEQUIEL MORENO|CRA30230|-77.265874|1.221043||52UZPE01152001T48MT01EBS001H0227|52UZPE01152001T48MT01EBS001H0227F0227|1|3|3|6|52UZPE01152001T48MT01EBS001|900091143|CC|1004236159|AUXILIARDEENFERMERIA|52UZPE01152001T48MT01EBS001H0227F0227CF227|2025-10-27|1||1||3||4||3|1|11|5|2|2|20||2|13|0||1||1||1||1||7|1|3|3|1|1|1|2|2|2|2|2|2||2|2|2|1||6||2|2|2|1|2|1|2|2|1|52UZPE01152001T48MT01EBS001H022752UZPE01152001T48MT01EBS001H0227F0227
2|203|1|52|UZPE011|52001|T48|MT01|FRAY EZEQUIEL MORENO|CRA24CASA30222|-77.266186|1.221274||52UZPE01152001T48MT01EBS001H0229|52UZPE01152001T48MT01EBS001H0229F0229|1|1|1|3|52UZPE01152001T48MT01EBS001|900091143|CC|1081592742|AUXILIARDEENFERMERIA|52UZPE01152001T48MT01EBS001H0229F0229CF229|2024-11-07|1||1||3||1||2|2|11|5|3|2|20||2|13|0||1||1||1||1||1|3|2|1|1|1|1|2|2|2|2|2|2||2|2|1|2||9||1|2|2|1|1|1|2|2|1|52UZPE01152001T48MT01EBS001H022952UZPE01152001T48MT01EBS001H0229F0229
2|204|1|52|UZPE011|52001|T48|MT01|FRAY EZEQUIEL MORENO|CRA243098|-77.266504|1.2207||52UZPE01152001T48MT01EBS001H0230|52UZPE01152001T48MT01EBS001H0230F0230|1|1|1|2|52UZPE01152001T48MT01EBS001|900091143|CC|59833702|OTRO|52UZPE01152001T48MT01EBS001H0230F0230CF230|2024-11-07|1||1||3||1||2|2|11|5|3|2|20||2|13|0||1||1||1||1||7|1|3|1|1|1|1|2|2|2|2|2|2||2|2|2|2||9||2|2|2|1|1|1|2|2|1|52UZPE01152001T48MT01EBS001H023052UZPE01152001T48MT01EBS001H0230F0230
2|205|1|52|UZPE011|52001|T48|MT01|FRAY EZEQUIEL MORENO|MANZANA9CASA1|-77.266643|1.216943||52UZPE01152001T48MT01EBS001H0231|52UZPE01152001T48MT01EBS001H0231F0231|1|1|1|3|52UZPE01152001T48MT01EBS001|900091143|CC|1085329980|MEDICO|52UZPE01152001T48MT01EBS001H0231F0231CF231|2024-11-13|1||1||3||1||3|2|11|4|3|2|20||2|13|0||1||1||1||1||2|2|3|2|1|1|1|2|2|2|2|2|2||2|2|2|2||9||2|2|2|1|2|1|2|2|1|52UZPE01152001T48MT01EBS001H023152UZPE01152001T48MT01EBS001H0231F0231
2|206|1|52|UZPE011|52001|T48|MT01|FRAY EZEQUIEL MORENO|MANZANAICASA7APAR1|-77.266503|1.217323||52UZPE01152001T48MT01EBS001H0232|52UZPE01152001T48MT01EBS001H0232F0232|1|2|2|3|52UZPE01152001T48MT01EBS001|900091143|CC|1085329980|MEDICO|52UZPE01152001T48MT01EBS001H0232F0232CF232|2024-11-13|1||1||3||1||0|2|10|5|3|2|20||2|13|0||1||1||1||1||1|3|3|1|1|1|1|2|2|2|2|2|2||2|2|1|1||9||1|2|2|1|2|1|2|2|1|52UZPE01152001T48MT01EBS001H023252UZPE01152001T48MT01EBS001H0232F0232
2|207|1|52|UZPE011|52001|T48|MT02|CONDOMINIO MONTERREY|CR23B28A96|-77.2725|1.198963||52UZPE01152001T48MT02EBS001H0235|52UZPE01152001T48MT02EBS001H0235F0235|2|1|1|4|52UZPE01152001T48MT02EBS001|900091143|CC|36752202|AUXILIARDEENFERMERIA|52UZPE01152001T48MT02EBS001H0235F0235CF235|2025-07-09|4||1||3||1||2|2|11|5|3|2|20||2|13|0||1||1||1||1||1|4|3|1|1|1|1|2|2|2|2|2|2||2|2|1|2||6||1|2|2|1|1|1|2|2|1|52UZPE01152001T48MT02EBS001H023552UZPE01152001T48MT02EBS001H0235F0235
2|208|1|52|UZPE011|52001|T48|MT02|CONDOMINIO MONTERREY|CR23B28A96TORRE1APTO401|-77.267709|1.219605||52UZPE01152001T48MT02EBS001H0236|52UZPE01152001T48MT02EBS001H0236F0236|2|1|1|3|52UZPE01152001T48MT02EBS001|900091143|CC|36752202|AUXILIARDEENFERMERIA|52UZPE01152001T48MT02EBS001H0236F0236CF236|2025-07-09|4||1||3||1||2|2|11|5|3|2|20||2|13|0||1||1||1||1||1|3|3|1|1|1|1|2|2|2|2|2|2||2|2|2|1||6||2|2|2|1|1|1|2|2|1|52UZPE01152001T48MT02EBS001H023652UZPE01152001T48MT02EBS001H0236F0236
2|209|1|52|UZPE011|52001|T48|MT02|CONDOMINIO MONTERREY|CR23B28A96TORRE1APTO508|-77.26783|1.219462||52UZPE01152001T48MT02EBS001H0237|52UZPE01152001T48MT02EBS001H0237F0237|2|1|1|3|52UZPE01152001T48MT02EBS001|900091143|CC|36752202|AUXILIARDEENFERMERIA|52UZPE01152001T48MT02EBS001H0237F0237CF237|2025-07-09|4||1||3||1||2|2|11|5|3|2|20||1|13|0||1||1||1||1||2|3|3|1|1|1|1|2|2|2|2|2|2||2|2|1|2||6||1|2|2|1|1|1|2|2|1|52UZPE01152001T48MT02EBS001H023752UZPE01152001T48MT02EBS001H0237F0237
2|210|1|52|UZPE011|52001|T48|MT02|CONDOMINIO MONTERREY|CR23B28A96TORRE1APTO504|-77.267787|1.21969||52UZPE01152001T48MT02EBS001H0238|52UZPE01152001T48MT02EBS001H0238F0238|2|1|1|1|52UZPE01152001T48MT02EBS001|900091143|CC|36752202|AUXILIARDEENFERMERIA|52UZPE01152001T48MT02EBS001H0238F0238CF238|2025-07-09|4||1||3||1||1|2|11|5|3|2|20||2|13|0||1||1||1||1||7|1|3|1|1|1|1|2|2|2|2|2|2||2|2|1|1||6||1|2|2|1|1|1|2|2|1|52UZPE01152001T48MT02EBS001H023852UZPE01152001T48MT02EBS001H0238F0238
2|211|1|52|UZPE011|52001|T48|MT02|CONDOMINIO MONTERREY|CR23B28A96TORRE1APTO704|-77.267606|1.219383||52UZPE01152001T48MT02EBS001H0239|52UZPE01152001T48MT02EBS001H0239F0239|2|1|1|1|52UZPE01152001T48MT02EBS001|900091143|CC|36752202|AUXILIARDEENFERMERIA|52UZPE01152001T48MT02EBS001H0239F0239CF239|2025-07-09|4||1||3||1||1|2|11|5|3|2|20||2|13|0||1||1||1||1||7|1|3|1|1|1|1|2|2|2|2|2|2||2|2|1|2||6||1|2|2|1|1|1|2|2|1|52UZPE01152001T48MT02EBS001H023952UZPE01152001T48MT02EBS001H0239F0239
2|212|1|52|UZPE011|52001|T48|MT02|CONDOMINIO MONTERREY|CR23B28A96TORRE1APTO1008|-77.267778|1.220725||52UZPE01152001T48MT02EBS001H0240|52UZPE01152001T48MT02EBS001H0240F0240|2|1|1|1|52UZPE01152001T48MT02EBS001|900091143|CC|36752202|AUXILIARDEENFERMERIA|52UZPE01152001T48MT02EBS001H0240F0240CF240|2025-07-09|4||1||3||1||1|2|11|5|3|2|20||2|13|0||1||1||1||1||7|1|3|1|1|1|1|2|2|2|2|2|2||2|2|1|1||6||1|2|2|1|1|1|2|2|1|52UZPE01152001T48MT02EBS001H024052UZPE01152001T48MT02EBS001H0240F0240
2|213|1|52|UZPE011|52001|T48|MT02|CONDOMINIO MONTERREY|CR23B28A96TORRE1APTO1105|-77.268015|1.219192||52UZPE01152001T48MT02EBS001H0241|52UZPE01152001T48MT02EBS001H0241F0241|2|1|1|2|52UZPE01152001T48MT02EBS001|900091143|CC|36752202|AUXILIARDEENFERMERIA|52UZPE01152001T48MT02EBS001H0241F0241CF241|2025-07-09|4||1||3||1||2|2|11|5|3|2|20||2|13|0||1||1||1||1||2|2|3|1|1|1|1|2|2|2|2|2|2||2|2|1|1||6||1|2|2|1|1|1|2|2|1|52UZPE01152001T48MT02EBS001H024152UZPE01152001T48MT02EBS001H0241F0241
2|214|1|52|UZPE011|52001|T48|MT02|CONDOMINIO MONTERREY|CR23B28A96TORRE1APTO1006|-77.367419|1.219492||52UZPE01152001T48MT02EBS001H0242|52UZPE01152001T48MT02EBS001H0242F0242|2|1|1|2|52UZPE01152001T48MT02EBS001|900091143|CC|36752202|AUXILIARDEENFERMERIA|52UZPE01152001T48MT02EBS001H0242F0242CF242|2025-07-09|4||1||3||1||2|2|11|5|3|2|20||2|13|0||1||1||1||1||2|2|3|1|1|1|1|2|2|2|2|2|2||2|2|1|1||6||1|2|2|1|1|1|2|2|1|52UZPE01152001T48MT02EBS001H024252UZPE01152001T48MT02EBS001H0242F0242
2|215|1|52|UZPE011|52001|T48|MT02|CONDOMINIO MONTERREY|CRA23D28A96|-77.267474|1.219347||52UZPE01152001T48MT02EBS001H0243|52UZPE01152001T48MT02EBS001H0243F0243|2|1|1|3|52UZPE01152001T48MT02EBS001|900091143|CC|1080900817|NUTRICIONISTA|52UZPE01152001T48MT02EBS001H0243F0243CF243|2025-07-09|4||1||3||1||2|2|11|4|3|2|20||2|13|0||1||1||1||1||1|3|3|2|1|1|1|2|2|2|2|2|2||2|2|1|2||9||1|2|2|1|1|1|2|2|1|52UZPE01152001T48MT02EBS001H024352UZPE01152001T48MT02EBS001H0243F0243
2|216|1|52|UZPE011|52001|T48|MT02|CONDOMINIO MONTERREY|1CRA23D28A96|-77.267474|1.219347||52UZPE01152001T48MT02EBS001H0244|52UZPE01152001T48MT02EBS001H0244F0244|2|1|1|1|52UZPE01152001T48MT02EBS001|900091143|CC|1080900817|NUTRICIONISTA|52UZPE01152001T48MT02EBS001H0244F0244CF244|2025-07-09|4||1||3||1||1|2|11|4|3|2|20||2|13|0||1||1||1||1||7|1|2|2|1|1|1|2|2|2|2|2|2||2|2|1|2||9||1|2|2|1|1|1|2|2|1|52UZPE01152001T48MT02EBS001H024452UZPE01152001T48MT02EBS001H0244F0244
2|217|1|52|UZPE011|52001|T48|MT02|CONDOMINIO MONTERREY|2CRA23D28A96|-77.267474|1.219347||52UZPE01152001T48MT02EBS001H0245|52UZPE01152001T48MT02EBS001H0245F0245|2|1|1|2|52UZPE01152001T48MT02EBS001|900091143|CC|1080900817|NUTRICIONISTA|52UZPE01152001T48MT02EBS001H0245F0245CF245|2025-07-09|4||1||3||1||2|2|11|4|3|2|20||2|13|0||1||1||1||1||1|2|3|2|1|1|1|2|2|2|2|2|2||2|2|1|2||9||1|2|2|1|1|1|2|2|1|52UZPE01152001T48MT02EBS001H024552UZPE01152001T48MT02EBS001H0245F0245
2|218|1|52|UZPE011|52001|T48|MT02|CONDOMINIO MONTERREY|3CRA23D28A96|-77.267474|1.219347||52UZPE01152001T48MT02EBS001H0246|52UZPE01152001T48MT02EBS001H0246F0246|2|1|1|2|52UZPE01152001T48MT02EBS001|900091143|CC|1080900817|NUTRICIONISTA|52UZPE01152001T48MT02EBS001H0246F0246CF246|2025-07-09|4||1||3||1||1|2|11|4|3|2|20||2|13|0||1||1||1||1||1|2|3|2|1|1|1|2|2|2|2|2|2||2|2|1|1||9||1|2|2|1|1|1|2|2|1|52UZPE01152001T48MT02EBS001H024652UZPE01152001T48MT02EBS001H0246F0246
2|219|1|52|UZPE011|52001|T48|MT02|CONDOMINIO MONTERREY|CR23B28A96TORRE1APTO1301|-77.267606|1.21939||52UZPE01152001T48MT02EBS001H0247|52UZPE01152001T48MT02EBS001H0247F0247|2|1|1|3|52UZPE01152001T48MT02EBS001|900091143|CC|36752202|AUXILIARDEENFERMERIA|52UZPE01152001T48MT02EBS001H0247F0247CF247|2025-07-10|4||1||3||1||2|2|11|5|3|2|20||2|13|0||1||1||1||1||1|3|3|2|1|1|3|2|2|2|2|2|2||2|2|1|1||6||1|2|2|1|1|1|2|2|1|52UZPE01152001T48MT02EBS001H024752UZPE01152001T48MT02EBS001H0247F0247
2|220|1|52|UZPE011|52001|T48|MT02|CONDOMINIO MONTERREY|4CRA23D28A96|-77.267474|1.219347||52UZPE01152001T48MT02EBS001H0248|52UZPE01152001T48MT02EBS001H0248F0248|2|1|1|3|52UZPE01152001T48MT02EBS001|900091143|CC|1080900817|NUTRICIONISTA|52UZPE01152001T48MT02EBS001H0248F0248CF248|2025-07-09|4||1||3||1||2|2|11|4|3|2|20||2|13|0||1||1||1||1||1|3|3|2|1|1|1|2|2|2|2|2|2||2|2|1|2||9||1|2|2|1|1|1|2|2|1|52UZPE01152001T48MT02EBS001H024852UZPE01152001T48MT02EBS001H0248F0248
2|221|1|52|UZPE011|52001|T48|MT02|CONDOMINIO MONTERREY|CR23B28A96TORRE1APTO103|-77.267474|1.219347||52UZPE01152001T48MT02EBS001H0249|52UZPE01152001T48MT02EBS001H0249F0249|2|1|1|1|52UZPE01152001T48MT02EBS001|900091143|CC|36752202|AUXILIARDEENFERMERIA|52UZPE01152001T48MT02EBS001H0249F0249CF249|2025-07-10|4||1||3||1||1|2|11|5|3|2|20||2|13|0||1||1||1||1||7|1|3|1|1|1|2|2|2|2|2|2|2||2|2|1|1||6||1|2|2|1|1|1|2|2|1|52UZPE01152001T48MT02EBS001H024952UZPE01152001T48MT02EBS001H0249F0249
2|222|1|52|UZPE011|52001|T48|MT02|CONDOMINIO MONTERREY|CR23B28A96TORRE2APTO103|-77.267427|1.21921||52UZPE01152001T48MT02EBS001H0250|52UZPE01152001T48MT02EBS001H0250F0250|2|1|1|2|52UZPE01152001T48MT02EBS001|900091143|CC|36752202|AUXILIARDEENFERMERIA|52UZPE01152001T48MT02EBS001H0250F0250CF250|2025-07-10|4||1||3||1||1|2|11|5|3|2|20||2|13|0||1||1||1||1||1|2|3|1|1|1|2|2|2|2|2|2|2||2|2|1|1||6||1|2|2|1|1|1|2|2|1|52UZPE01152001T48MT02EBS001H025052UZPE01152001T48MT02EBS001H0250F0250
2|223|1|52|UZPE011|52001|T48|MT02|CONDOMINIO MONTERREY|5CRA23D28A96|-77.267474|1.219347||52UZPE01152001T48MT02EBS001H0251|52UZPE01152001T48MT02EBS001H0251F0251|2|1|1|4|52UZPE01152001T48MT02EBS001|900091143|CC|1080900817|NUTRICIONISTA|52UZPE01152001T48MT02EBS001H0251F0251CF251|2025-07-09|4||1||3||1||2|2|11|4|3|2|20||2|13|0||1||1||1||1||1|4|3|2|1|1|1|2|2|2|2|2|2||2|2|1|2||9||1|2|2|1|1|1|2|2|1|52UZPE01152001T48MT02EBS001H025152UZPE01152001T48MT02EBS001H0251F0251
2|224|1|52|UZPE011|52001|T48|MT02|CONDOMINIO MONTERREY|CR23B28A96TORRE2APTO104|-77.267476|1.219347||52UZPE01152001T48MT02EBS001H0252|52UZPE01152001T48MT02EBS001H0252F0252|2|1|1|2|52UZPE01152001T48MT02EBS001|900091143|CC|36752202|AUXILIARDEENFERMERIA|52UZPE01152001T48MT02EBS001H0252F0252CF252|2025-07-10|4||1||3||1||2|2|11|5|3|2|20||2|13|0||1||1||1||1||2|2|3|1|1|1|1|2|2|2|2|2|2||2|2|1|1||6||1|2|2|1|1|1|2|2|1|52UZPE01152001T48MT02EBS001H025252UZPE01152001T48MT02EBS001H0252F0252
2|225|1|52|UZPE011|52001|T48|MT02|CONDOMINIO MONTERREY|CR23B28A96TORRE2APTO507|-77.269225|1.221703||52UZPE01152001T48MT02EBS001H0253|52UZPE01152001T48MT02EBS001H0253F0253|2|1|1|3|52UZPE01152001T48MT02EBS001|900091143|CC|36752202|AUXILIARDEENFERMERIA|52UZPE01152001T48MT02EBS001H0253F0253CF253|2025-07-10|4||1||3||1||2|2|11|5|3|2|20||2|13|0||1||1||1||1||1|3|3|1|1|1|1|2|2|2|2|2|2||2|2|1|1||6||1|2|2|1|1|1|2|2|1|52UZPE01152001T48MT02EBS001H025352UZPE01152001T48MT02EBS001H0253F0253
2|226|1|52|UZPE011|52001|T48|MT02|CONDOMINIO MONTERREY|6CRA23D28A96|-77.267474|1.219347||52UZPE01152001T48MT02EBS001H0254|52UZPE01152001T48MT02EBS001H0254F0254|2|1|1|2|52UZPE01152001T48MT02EBS001|900091143|CC|1080900817|NUTRICIONISTA|52UZPE01152001T48MT02EBS001H0254F0254CF254|2025-07-09|4||1||3||1||1|2|11|4|3|2|20||2|13|0||1||1||1||1||1|2|3|2|1|1|1|2|2|2|2|2|2||2|2|1|1||9||1|2|2|1|1|1|2|2|1|52UZPE01152001T48MT02EBS001H025452UZPE01152001T48MT02EBS001H0254F0254
2|227|1|52|UZPE011|52001|T48|MT02|CONDOMINIO MONTERREY|CR23B28A96TORRE2|-77.267948|1.21913||52UZPE01152001T48MT02EBS001H0255|52UZPE01152001T48MT02EBS001H0255F0255|2|1|1|1|52UZPE01152001T48MT02EBS001|900091143|CC|36752202|AUXILIARDEENFERMERIA|52UZPE01152001T48MT02EBS001H0255F0255CF255|2025-07-10|4||1||3||1||1|2|11|5|3|2|20||2|13|0||1||1||1||1||7|1|3|1|1|1|1|2|2|2|2|2|2||2|2|1|1||6||1|2|2|1|1|1|2|2|1|52UZPE01152001T48MT02EBS001H025552UZPE01152001T48MT02EBS001H0255F0255
2|228|1|52|UZPE011|52001|T48|MT02|CONDOMINIO MONTERREY|7CRA23D28A96|-77.267474|1.219347||52UZPE01152001T48MT02EBS001H0256|52UZPE01152001T48MT02EBS001H0256F0256|2|1|1|2|52UZPE01152001T48MT02EBS001|900091143|CC|1080900817|NUTRICIONISTA|52UZPE01152001T48MT02EBS001H0256F0256CF256|2025-07-09|4||1||3||1||2|2|11|4|3|2|20||2|13|0||1||1||1||1||1|2|3|3|1|1|2|2|2|2|2|2|2||2|2|1|2||9||1|2|2|1|1|1|2|2|1|52UZPE01152001T48MT02EBS001H025652UZPE01152001T48MT02EBS001H0256F0256
2|229|1|52|UZPE011|52001|T48|MT02|CONDOMINIO MONTERREY|CR23B28A96TORRE2APTO|-77.268073|1.219245||52UZPE01152001T48MT02EBS001H0257|52UZPE01152001T48MT02EBS001H0257F0257|2|1|1|3|52UZPE01152001T48MT02EBS001|900091143|CC|36752202|AUXILIARDEENFERMERIA|52UZPE01152001T48MT02EBS001H0257F0257CF257|2025-07-10|4||1||3||1||2|2|11|5|3|2|20||2|13|0||1||1||1||1||2|3|3|1|1|1|1|2|2|2|2|2|2||2|2|1|2||6||1|2|2|1|1|1|2|2|1|52UZPE01152001T48MT02EBS001H025752UZPE01152001T48MT02EBS001H0257F0257
2|230|1|52|UZPE011|52001|T48|MT02|CONDOMINIO MONTERREY|CR23B28A96TORRE2APTO1106|-77.268044|1.219323||52UZPE01152001T48MT02EBS001H0259|52UZPE01152001T48MT02EBS001H0259F0259|2|1|1|3|52UZPE01152001T48MT02EBS001|900091143|CC|36752202|AUXILIARDEENFERMERIA|52UZPE01152001T48MT02EBS001H0259F0259CF259|2025-07-10|4||1||3||1||2|2|11|5|3|2|20||2|13|0||1||1||1||1||1|3|3|1|1|1|1|2|2|2|2|2|2||2|2|1|2||6||1|2|2|1|1|1|2|2|1|52UZPE01152001T48MT02EBS001H025952UZPE01152001T48MT02EBS001H0259F0259
2|231|1|52|UZPE011|52001|T48|MT02|CONDOMINIO MONTERREY|CR23B28A96TORRE2APTO605|-77.267838|1.219287||52UZPE01152001T48MT02EBS001H0260|52UZPE01152001T48MT02EBS001H0260F0260|2|1|1|1|52UZPE01152001T48MT02EBS001|900091143|CC|36752202|AUXILIARDEENFERMERIA|52UZPE01152001T48MT02EBS001H0260F0260CF260|2025-07-10|4||1||3||1||1|2|11|5|3|2|20||2|13|0||1||1||1||1||7|1|3|1|1|1|1|2|2|2|2|2|2||2|2|1|1||6||1|2|2|1|1|1|2|2|1|52UZPE01152001T48MT02EBS001H026052UZPE01152001T48MT02EBS001H0260F0260
2|232|1|52|UZPE011|52001|T48|MT02|CONDOMINIO MONTERREY|8CRA23D28A96|-77.267474|1.219347||52UZPE01152001T48MT02EBS001H0261|52UZPE01152001T48MT02EBS001H0261F0261|2|1|1|3|52UZPE01152001T48MT02EBS001|900091143|CC|1080900817|NUTRICIONISTA|52UZPE01152001T48MT02EBS001H0261F0261CF261|2025-07-10|4||1||3||1||2|2|11|4|3|2|20||2|13|0||1||1||1||1||1|3|3|2|1|1|1|2|2|2|2|2|2||2|2|1|2||9||1|2|2|1|1|1|2|2|1|52UZPE01152001T48MT02EBS001H026152UZPE01152001T48MT02EBS001H0261F0261
2|233|1|52|UZPE011|52001|T48|MT02|CONDOMINIO MONTERREY|KRA23D28A96|-77.267356|1.218863||52UZPE01152001T48MT02EBS001H0262|52UZPE01152001T48MT02EBS001H0262F0262|2|1|1|1|52UZPE01152001T48MT02EBS001|900091143|CC|98386323|GESTORCOMUNITARIO|52UZPE01152001T48MT02EBS001H0262F0262CF262|2025-07-10|4||1||3||1||1|2|11|5|3|2|20||2|13|0||1||1||1||1||7|1|3|1|1|1|1|2|2|2|2|2|2||2|2|1|2||6||1|2|2|1|1|1|2|2|1|52UZPE01152001T48MT02EBS001H026252UZPE01152001T48MT02EBS001H0262F0262
2|234|1|52|UZPE011|52001|T48|MT02|CONDOMINIO MONTERREY|9CRA23D28A96|-77.267474|1.219347||52UZPE01152001T48MT02EBS001H0263|52UZPE01152001T48MT02EBS001H0263F0263|2|1|1|2|52UZPE01152001T48MT02EBS001|900091143|CC|1080900817|NUTRICIONISTA|52UZPE01152001T48MT02EBS001H0263F0263CF263|2025-07-10|4||1||3||1||2|2|11|4|3|2|20||2|13|0||1||1||1||1||1|2|3|2|1|1|1|2|2|2|2|2|2||2|2|1|2||9||1|2|2|1|1|1|2|2|1|52UZPE01152001T48MT02EBS001H026352UZPE01152001T48MT02EBS001H0263F0263
2|235|1|52|UZPE011|52001|T48|MT02|CONDOMINIO MONTERREY|10CRA23D28A96|-77.267474|1.219347||52UZPE01152001T48MT02EBS001H0264|52UZPE01152001T48MT02EBS001H0264F0264|2|1|1|2|52UZPE01152001T48MT02EBS001|900091143|CC|1080900817|NUTRICIONISTA|52UZPE01152001T48MT02EBS001H0264F0264CF264|2025-07-10|4||1||3||1||1|2|11|4|3|2|20||2|13|0||1||1||1||1||1|2|3|2|1|1|1|2|2|2|2|2|2||2|2|1|2||9||1|2|2|1|1|1|2|2|1|52UZPE01152001T48MT02EBS001H026452UZPE01152001T48MT02EBS001H0264F0264
2|236|1|52|UZPE011|52001|T48|MT02|CONDOMINIO MONTERREY|CR23B28A96TORRE1APTO507|-77.26774|1.219347||52UZPE01152001T48MT02EBS001H0265|52UZPE01152001T48MT02EBS001H0265F0265|2|1|1|1|52UZPE01152001T48MT02EBS001|900091143|CC|36752202|AUXILIARDEENFERMERIA|52UZPE01152001T48MT02EBS001H0265F0265CF265|2025-07-11|4||1||3||1||1|2|11|5|3|2|20||2|13|0||1||1||1||1||7|1|3|1|1|1|1|2|2|2|2|2|2||2|2|1|2||6||1|2|2|1|1|1|2|2|1|52UZPE01152001T48MT02EBS001H026552UZPE01152001T48MT02EBS001H0265F0265
2|237|1|52|UZPE011|52001|T48|MT02|CONDOMINIO MONTERREY|CR23B28A96TORRE6APTO607|-77.267474|1.219347||52UZPE01152001T48MT02EBS001H0266|52UZPE01152001T48MT02EBS001H0266F0266|2|1|1|1|52UZPE01152001T48MT02EBS001|900091143|CC|36752202|AUXILIARDEENFERMERIA|52UZPE01152001T48MT02EBS001H0266F0266CF266|2025-07-11|4||1||3||1||1|2|11|5|3|2|20||2|13|0||1||1||1||1||7|1|3|1|1|1|1|2|2|2|2|2|2||2|2|1|2||6||1|2|2|1|1|1|2|2|1|52UZPE01152001T48MT02EBS001H026652UZPE01152001T48MT02EBS001H0266F0266
2|238|1|52|UZPE011|52001|T48|MT02|CONDOMINIO MONTERREY|CR23B28A96TORRE1APTO701|-77.267474|1.219346||52UZPE01152001T48MT02EBS001H0267|52UZPE01152001T48MT02EBS001H0267F0267|2|1|1|2|52UZPE01152001T48MT02EBS001|900091143|CC|36752202|AUXILIARDEENFERMERIA|52UZPE01152001T48MT02EBS001H0267F0267CF267|2025-07-11|4||1||3||1||2|2|11|5|3|2|20||2|13|0||1||1||1||1||1|3|3|1|1|1|1|2|2|2|2|2|2||2|2|1|1||6||1|2|2|1|1|1|2|2|1|52UZPE01152001T48MT02EBS001H026752UZPE01152001T48MT02EBS001H0267F0267
2|239|1|52|UZPE011|52001|T48|MT02|CONDOMINIO MONTERREY|CR23B28A96TORRE1APTO903|-77.267474|1.219347||52UZPE01152001T48MT02EBS001H0268|52UZPE01152001T48MT02EBS001H0268F0268|2|1|1|4|52UZPE01152001T48MT02EBS001|900091143|CC|36752202|AUXILIARDEENFERMERIA|52UZPE01152001T48MT02EBS001H0268F0268CF268|2025-07-11|4||1||3||1||2|2|11|5|3|2|20||2|13|0||1||1||1||1||1|4|3|1|1|1|1|2|2|2|2|2|2||2|2|1|2||6||1|2|2|1|1|1|2|2|1|52UZPE01152001T48MT02EBS001H026852UZPE01152001T48MT02EBS001H0268F0268
2|240|1|52|UZPE011|52001|T48|MT02|CONDOMINIO MONTERREY|CR23B28A96TORRE1APTO1004|-77.267778|1.220725||52UZPE01152001T48MT02EBS001H0270|52UZPE01152001T48MT02EBS001H0270F0270|2|1|1|3|52UZPE01152001T48MT02EBS001|900091143|CC|36752202|AUXILIARDEENFERMERIA|52UZPE01152001T48MT02EBS001H0270F0270CF270|2025-07-11|4||1||3||1||2|2|11|5|3|2|20||2|13|0||1||1||1||1||1|3|3|1|1|1|1|2|2|2|2|2|2||2|2|1|1||6||1|2|2|1|1|1|2|2|1|52UZPE01152001T48MT02EBS001H027052UZPE01152001T48MT02EBS001H0270F0270
2|241|1|52|UZPE011|52001|T48|MT02|CONDOMINIO MONTERREY|CR23B28A96TORRE1APTO1107|-77.268044|1.219323||52UZPE01152001T48MT02EBS001H0271|52UZPE01152001T48MT02EBS001H0271F0271|2|1|1|2|52UZPE01152001T48MT02EBS001|900091143|CC|36752202|AUXILIARDEENFERMERIA|52UZPE01152001T48MT02EBS001H0271F0271CF271|2025-07-11|4||1||3||1||1|2|11|5|3|2|20||2|13|0||1||1||1||1||1|2|3|1|1|1|1|2|2|2|2|2|2||2|2|1|2||6||1|2|2|1|1|1|2|2|1|52UZPE01152001T48MT02EBS001H027152UZPE01152001T48MT02EBS001H0271F0271
2|242|1|52|UZPE011|52001|T48|MT02|CONDOMINIO MONTERREY|CR23B28A96TORRE1APTO1008|-77.267419|1.229492||52UZPE01152001T48MT02EBS001H0272|52UZPE01152001T48MT02EBS001H0272F0272|2|1|1|1|52UZPE01152001T48MT02EBS001|900091143|CC|36752202|AUXILIARDEENFERMERIA|52UZPE01152001T48MT02EBS001H0272F0272CF272|2025-07-11|4||1||3||1||1|2|11|5|3|2|20||2|13|0||1||1||1||1||7|1|3|1|1|1|1|2|2|2|2|2|2||2|2|1|1||6||1|2|2|1|1|1|2|2|1|52UZPE01152001T48MT02EBS001H027252UZPE01152001T48MT02EBS001H0272F0272
2|243|1|52|UZPE011|52001|T48|MT02|CONDOMINIO MONTERREY|10CRA23D28A96|-77.268015|1.219192||52UZPE01152001T48MT02EBS001H0273|52UZPE01152001T48MT02EBS001H0273F0273|2|1|1|4|52UZPE01152001T48MT02EBS001|900091143|CC|1080900817|NUTRICIONISTA|52UZPE01152001T48MT02EBS001H0273F0273CF273|2025-07-10|4||1||3||1||2|2|11|4|3|2|20||2|13|0||1||1||1||1||1|4|3|2|1|1|1|2|2|2|2|2|2||2|2|1|2||9||1|2|2|1|1|1|2|2|1|52UZPE01152001T48MT02EBS001H027352UZPE01152001T48MT02EBS001H0273F0273
2|244|1|52|UZPE011|52001|T48|MT02|CONDOMINIO MONTERREY|12CRA23D28A96|-77.268015|1.219192||52UZPE01152001T48MT02EBS001H0274|52UZPE01152001T48MT02EBS001H0274F0274|2|1|1|2|52UZPE01152001T48MT02EBS001|900091143|CC|1080900817|NUTRICIONISTA|52UZPE01152001T48MT02EBS001H0274F0274CF274|2025-07-10|4||1||3||1||1|2|11|4|3|2|20||2|13|0||1||1||1||1||1|2|3|2|1|1|1|2|2|2|2|2|2||2|2|1|2||9||1|2|2|1|2|1|2|2|1|52UZPE01152001T48MT02EBS001H027452UZPE01152001T48MT02EBS001H0274F0274
2|245|1|52|UZPE011|52001|T48|MT02|CONDOMINIO MONTERREY|KRA23D28A96TORRE2|-77.26728|1.218551||52UZPE01152001T48MT02EBS001H0275|52UZPE01152001T48MT02EBS001H0275F0275|2|1|1|3|52UZPE01152001T48MT02EBS001|900091143|CC|98386323|GESTORCOMUNITARIO|52UZPE01152001T48MT02EBS001H0275F0275CF275|2025-07-10|4||1||3||1||2|2|11|5|3|2|20||2|13|0||3||1||1||1||1|3|3|1|1|1|1|2|2|2|2|2|2||2|2|1|2||6||1|2|2|1|2|1|2|2|1|52UZPE01152001T48MT02EBS001H027552UZPE01152001T48MT02EBS001H0275F0275
2|246|1|52|UZPE011|52001|T48|MT02|CONDOMINIO MONTERREY|13CRA23D28A96|-77.268015|1.219192||52UZPE01152001T48MT02EBS001H0276|52UZPE01152001T48MT02EBS001H0276F0276|2|1|1|2|52UZPE01152001T48MT02EBS001|900091143|CC|1080900817|NUTRICIONISTA|52UZPE01152001T48MT02EBS001H0276F0276CF276|2025-07-10|4||1||3||1||2|2|11|4|3|2|20||2|13|0||1||1||1||1||1|2|3|2|1|1|1|2|2|2|2|2|2||2|2|1|2||9||1|2|2|1|2|1|2|2|1|52UZPE01152001T48MT02EBS001H027652UZPE01152001T48MT02EBS001H0276F0276
2|247|1|52|UZPE011|52001|T48|MT02|CONDOMINIO MONTERREY|14CRA23D28A96|-77.268015|1.219192||52UZPE01152001T48MT02EBS001H0277|52UZPE01152001T48MT02EBS001H0277F0277|2|1|1|2|52UZPE01152001T48MT02EBS001|900091143|CC|1080900817|NUTRICIONISTA|52UZPE01152001T48MT02EBS001H0277F0277CF277|2025-07-10|4||1||3||1||1|2|11|4|3|2|20||2|13|0||1||1||1||1||1|2|3|2|1|1|1|2|2|2|2|2|2||2|2|1|2||9||1|2|2|1|2|1|2|2|1|52UZPE01152001T48MT02EBS001H027752UZPE01152001T48MT02EBS001H0277F0277
2|248|1|52|UZPE011|52001|T48|MT02|CONDOMINIO MONTERREY|15CRA23D28A96|-77.268015|1.219192||52UZPE01152001T48MT02EBS001H0278|52UZPE01152001T48MT02EBS001H0278F0278|2|1|1|1|52UZPE01152001T48MT02EBS001|900091143|CC|1080900817|NUTRICIONISTA|52UZPE01152001T48MT02EBS001H0278F0278CF278|2025-07-11|4||1||3||1||1|2|11|4|3|2|20||2|13|0||1||1||1||1||1|3|3|2|1|1|1|2|2|2|2|2|2||2|2|1|2||9||1|2|2|1|1|1|2|2|1|52UZPE01152001T48MT02EBS001H027852UZPE01152001T48MT02EBS001H0278F0278
2|249|1|52|UZPE011|52001|T48|MT02|CONDOMINIO MONTERREY|15CRA23D28A96|-77.268015|1.219192||52UZPE01152001T48MT02EBS001H0279|52UZPE01152001T48MT02EBS001H0279F0279|2|1|1|1|52UZPE01152001T48MT02EBS001|900091143|CC|1080900817|NUTRICIONISTA|52UZPE01152001T48MT02EBS001H0279F0279CF279|2025-07-11|4||1||3||1||1|2|11|4|3|2|20||2|13|0||1||1||1||1||7|1|3|2|1|1|1|2|2|2|2|2|2||2|2|1|2||9||1|2|2|1|1|1|2|2|1|52UZPE01152001T48MT02EBS001H027952UZPE01152001T48MT02EBS001H0279F0279
2|250|1|52|UZPE011|52001|T48|MT02|CONDOMINIO MONTERREY|CR23B28A96TORRE3APTO307|-77.266559|1.223325||52UZPE01152001T48MT02EBS001H0280|52UZPE01152001T48MT02EBS001H0280F0280|2|1|1|1|52UZPE01152001T48MT02EBS001|900091143|CC|36752202|AUXILIARDEENFERMERIA|52UZPE01152001T48MT02EBS001H0280F0280CF280|2025-07-13|4||1||3||1||1|2|11|5|3|2|20||2|13|0||1||1||1||1||7|1|3|1|1|1|1|2|2|2|2|2|2||2|2|1|1||6||1|2|2|1|2|1|2|2|1|52UZPE01152001T48MT02EBS001H028052UZPE01152001T48MT02EBS001H0280F0280
2|251|1|52|UZPE011|52001|T48|MT02|CONDOMINIO MONTERREY|CR23B28A96TORRE3APTO502|-77.266559|1.223325||52UZPE01152001T48MT02EBS001H0281|52UZPE01152001T48MT02EBS001H0281F0281|2|1|1|3|52UZPE01152001T48MT02EBS001|900091143|CC|36752202|AUXILIARDEENFERMERIA|52UZPE01152001T48MT02EBS001H0281F0281CF281|2025-07-13|4||1||3||1||2|2|11|5|3|2|20||2|13|0||1||1||1||1||1|3|3|1|1|1|1|2|2|2|2|2|2||2|2|1|2||6||1|2|2|1|1|1|2|2|1|52UZPE01152001T48MT02EBS001H028152UZPE01152001T48MT02EBS001H0281F0281
2|252|1|52|UZPE011|52001|T48|MT02|CONDOMINIO MONTERREY|CR23B28A96TORRE3APTO507|-77.266559|1.233249||52UZPE01152001T48MT02EBS001H0282|52UZPE01152001T48MT02EBS001H0282F0282|2|1|1|2|52UZPE01152001T48MT02EBS001|900091143|CC|36752202|AUXILIARDEENFERMERIA|52UZPE01152001T48MT02EBS001H0282F0282CF282|2025-07-13|4||1||3||1||2|2|11|5|3|2|20||2|13|0||1||1||1||1||2|2|3|1|1|1|1|2|2|2|2|2|2||2|2|1|2||6||1|2|2|1|1|1|2|2|1|52UZPE01152001T48MT02EBS001H028252UZPE01152001T48MT02EBS001H0282F0282
2|253|1|52|UZPE011|52001|T48|MT02|CONDOMINIO MONTERREY|CR23B28A96TORRE3APTO1106|-77.273347|1.321869||52UZPE01152001T48MT02EBS001H0283|52UZPE01152001T48MT02EBS001H0283F0283|2|1|1|2|52UZPE01152001T48MT02EBS001|900091143|CC|36752202|AUXILIARDEENFERMERIA|52UZPE01152001T48MT02EBS001H0283F0283CF283|2025-07-13|4||1||3||1||2|2|11|5|3|2|20||2|13|0||1||1||1||1||2|2|3|1|1|1|1|2|2|2|2|2|2||2|2|1|2||6||1|2|2|1|1|1|2|2|1|52UZPE01152001T48MT02EBS001H028352UZPE01152001T48MT02EBS001H0283F0283
2|254|1|52|UZPE011|52001|T48|MT02|CONDOMINIO MONTERREY|16CRA23D28A96|-77.268015|1.219192||52UZPE01152001T48MT02EBS001H0285|52UZPE01152001T48MT02EBS001H0285F0285|2|1|1|2|52UZPE01152001T48MT02EBS001|900091143|CC|1080900817|NUTRICIONISTA|52UZPE01152001T48MT02EBS001H0285F0285CF285|2025-07-13|4||1||3||1||2|2|11|4|3|2|20||1|13|0||1||1||1||1||1|2|3|2|1|1|1|2|2|2|2|2|2||2|2|1|2||9||1|2|2|1|1|1|2|2|1|52UZPE01152001T48MT02EBS001H028552UZPE01152001T48MT02EBS001H0285F0285
2|255|1|52|UZPE011|52001|T48|MT02|CONDOMINIO MONTERREY|17CRA23D28A96|-77.268015|1.219192||52UZPE01152001T48MT02EBS001H0286|52UZPE01152001T48MT02EBS001H0286F0286|2|1|1|3|52UZPE01152001T48MT02EBS001|900091143|CC|1080900817|NUTRICIONISTA|52UZPE01152001T48MT02EBS001H0286F0286CF286|2025-07-13|4||1||3||1||1|2|11|4|3|2|20||2|13|0||1||1||1||1||1|3|3|2|1|1|1|2|2|2|2|2|2||2|2|1|2||9||1|2|2|1|1|1|2|2|1|52UZPE01152001T48MT02EBS001H028652UZPE01152001T48MT02EBS001H0286F0286
2|256|1|52|UZPE011|52001|T48|MT02|CONDOMINIO MONTERREY|18CRA23D28A96|-77.268015|1.219192||52UZPE01152001T48MT02EBS001H0287|52UZPE01152001T48MT02EBS001H0287F0287|1|1|1|2|52UZPE01152001T48MT02EBS001|900091143|CC|1080900817|NUTRICIONISTA|52UZPE01152001T48MT02EBS001H0287F0287CF287|2025-07-13|4||1||3||1||2|2|11|4|3|2|20||2|13|0||1||1||1||1||1|2|3|1|1|1|1|2|2|2|2|2|2||2|2|1|2||9||1|2|2|1|1|1|2|2|1|52UZPE01152001T48MT02EBS001H028752UZPE01152001T48MT02EBS001H0287F0287
2|257|1|52|UZPE011|52001|T48|MT02|CONDOMINIO MONTERREY|19CRA23D28A96|-77.268015|1.219192||52UZPE01152001T48MT02EBS001H0288|52UZPE01152001T48MT02EBS001H0288F0288|2|1|1|2|52UZPE01152001T48MT02EBS001|900091143|CC|1080900817|NUTRICIONISTA|52UZPE01152001T48MT02EBS001H0288F0288CF288|2025-07-13|4||1||3||1||2|2|11|4|3|2|20||2|13|0||1||1||1||1||1|2|3|2|1|1|1|2|2|2|2|2|2||2|2|1|2||9||1|2|2|1|1|1|2|2|1|52UZPE01152001T48MT02EBS001H028852UZPE01152001T48MT02EBS001H0288F0288
2|258|1|52|UZPE011|52001|T48|MT02|CONDOMINIO MONTERREY|20CRA23D28A96|-77.268015|1.219192||52UZPE01152001T48MT02EBS001H0289|52UZPE01152001T48MT02EBS001H0289F0289|2|1|1|2|52UZPE01152001T48MT02EBS001|900091143|CC|1080900817|NUTRICIONISTA|52UZPE01152001T48MT02EBS001H0289F0289CF289|2025-07-13|4||1||3||1||2|2|11|4|3|2|20||2|13|0||1||1||1||1||1|2|3|2|1|1|1|2|2|2|2|2|2||2|2|1|2||9||1|2|2|1|1|1|2|2|1|52UZPE01152001T48MT02EBS001H028952UZPE01152001T48MT02EBS001H0289F0289
2|259|1|52|UZPE011|52001|T48|MT02|CONDOMINIO MONTERREY|CR23B28A96TORRE4APTO201|-77.268695|1.221138||52UZPE01152001T48MT02EBS001H0290|52UZPE01152001T48MT02EBS001H0290F0290|2|1|1|2|52UZPE01152001T48MT02EBS001|900091143|CC|36752202|AUXILIARDEENFERMERIA|52UZPE01152001T48MT02EBS001H0290F0290CF290|2025-07-14|4||1||3||1||1|2|11|4|3|2|20||2|13|0||1||1||1||1||1|2|3|1|1|1|1|2|2|2|2|2|2||2|2|1|1||6||1|2|2|1|1|1|2|2|1|52UZPE01152001T48MT02EBS001H029052UZPE01152001T48MT02EBS001H0290F0290
2|260|1|52|UZPE011|52001|T48|MT02|CONDOMINIO MONTERREY|CR23B28A96TORRE4APTO903|-77.267778|1.220725||52UZPE01152001T48MT02EBS001H0293|52UZPE01152001T48MT02EBS001H0293F0293|2|1|1|3|52UZPE01152001T48MT02EBS001|900091143|CC|36752202|AUXILIARDEENFERMERIA|52UZPE01152001T48MT02EBS001H0293F0293CF293|2025-07-14|4||1||3||1||2|2|11|5|3|2|20||2|13|0||1||1||1||1||1|3|3|1|1|1|1|2|2|2|2|2|2||2|2|1|2||6||1|2|2|1|2|1|2|2|1|52UZPE01152001T48MT02EBS001H029352UZPE01152001T48MT02EBS001H0293F0293
2|261|1|52|UZPE011|52001|T48|MT02|CONDOMINIO MONTERREY|CR23B28A96TORRE4APTO1008|-77.26895|1.222384||52UZPE01152001T48MT02EBS001H0294|52UZPE01152001T48MT02EBS001H0294F0294|2|1|1|2|52UZPE01152001T48MT02EBS001|900091143|CC|36752202|AUXILIARDEENFERMERIA|52UZPE01152001T48MT02EBS001H0294F0294CF294|2025-07-14|4||1||3||1||2|2|11|2|3|2|20||2|13|0||1||1||1||1||1|4|3|1|1|1|1|2|2|2|2|2|2||2|2|1|2||6||1|2|2|1|1|1|2|2|1|52UZPE01152001T48MT02EBS001H029452UZPE01152001T48MT02EBS001H0294F0294
2|262|1|52|UZPE011|52001|T48|MT02|CONDOMINIO MONTERREY|CR23B28A96TORRE4APTO|-77.268695|1.221384||52UZPE01152001T48MT02EBS001H0295|52UZPE01152001T48MT02EBS001H0295F0295|2|1|1|1|52UZPE01152001T48MT02EBS001|900091143|CC|36752202|AUXILIARDEENFERMERIA|52UZPE01152001T48MT02EBS001H0295F0295CF295|2025-07-14|4||1||3||1||1|2|11|1|3|2|20||2|13|0||1||1||1||1||7|1|3|1|1|1|1|2|2|2|2|2|2||2|2|1|2||6||1|2|2|1|1|1|2|2|1|52UZPE01152001T48MT02EBS001H029552UZPE01152001T48MT02EBS001H0295F0295
2|263|1|52|UZPE011|52001|T48|MT02|CONDOMINIO MONTERREY|CR23B28A96TORRE5APTO404|-77.267482|1.211901||52UZPE01152001T48MT02EBS001H0296|52UZPE01152001T48MT02EBS001H0296F0296|2|1|1|4|52UZPE01152001T48MT02EBS001|900091143|CC|36752202|AUXILIARDEENFERMERIA|52UZPE01152001T48MT02EBS001H0296F0296CF296|2025-07-16|4||1||3||1||2|2|11|5|3|2|20||2|13|0||1||1||1||1||1|4|3|1|1|1|1|2|2|2|2|2|2||2|2|1|1||6||1|2|2|1|1|1|2|2|1|52UZPE01152001T48MT02EBS001H029652UZPE01152001T48MT02EBS001H0296F0296
2|264|1|52|UZPE011|52001|T48|MT02|CONDOMINIO MONTERREY|CR23B28A96TORRE5APTO706|-77.267493|1.219018||52UZPE01152001T48MT02EBS001H0297|52UZPE01152001T48MT02EBS001H0297F0297|2|1|1|2|52UZPE01152001T48MT02EBS001|900091143|CC|36752202|AUXILIARDEENFERMERIA|52UZPE01152001T48MT02EBS001H0297F0297CF297|2025-07-15|4||1||3||1||2|2|11|4|3|2|20||2|13|0||1||1||1||1||2|2|3|1|1|1|1|2|2|2|2|2|2||2|2|1|1||6||1|2|2|1|1|1|2|2|1|52UZPE01152001T48MT02EBS001H029752UZPE01152001T48MT02EBS001H0297F0297
2|265|1|52|UZPE011|52001|T48|MT02|CONDOMINIO MONTERREY|CR23B28A96TORRE5APTO808|-77.267493|1.219018||52UZPE01152001T48MT02EBS001H0298|52UZPE01152001T48MT02EBS001H0298F0298|2|1|1|3|52UZPE01152001T48MT02EBS001|900091143|CC|36752202|AUXILIARDEENFERMERIA|52UZPE01152001T48MT02EBS001H0298F0298CF298|2025-07-15|4||1||3||1||2|2|11|5|3|2|20||2|13|0||1||1||1||1||1|3|3|1|1|1|1|2|2|2|2|2|2||2|2|1|1||6||1|2|2|1|2|1|2|2|1|52UZPE01152001T48MT02EBS001H029852UZPE01152001T48MT02EBS001H0298F0298
2|266|1|52|UZPE011|52001|T48|MT02|CONDOMINIO MONTERREY|CR23B28A96TORRE5APTO|-77.267482|1.219013||52UZPE01152001T48MT02EBS001H0299|52UZPE01152001T48MT02EBS001H0299F0299|2|1|1|5|52UZPE01152001T48MT02EBS001|900091143|CC|36752202|AUXILIARDEENFERMERIA|52UZPE01152001T48MT02EBS001H0299F0299CF299|2025-07-15|4||1||3||1||2|2|11|5|3|2|20||2|13|0||1||1||1||1||1|5|3|1|1|1|1|2|2|2|2|2|2||2|2|1|1||6||1|2|2|1|1|1|2|2|1|52UZPE01152001T48MT02EBS001H029952UZPE01152001T48MT02EBS001H0299F0299
2|267|1|52|UZPE011|52001|T48|MT02|CONDOMINIO MONTERREY|CR23B28A96TORRE5APTO1005|-77.267493|1.219018||52UZPE01152001T48MT02EBS001H0300|52UZPE01152001T48MT02EBS001H0300F0300|2|1|1|2|52UZPE01152001T48MT02EBS001|900091143|CC|36752202|AUXILIARDEENFERMERIA|52UZPE01152001T48MT02EBS001H0300F0300CF300|2025-07-15|4||1||3||1||2|2|11|5|3|2|20||2|13|0||1||1||1||1||2|2|3|1|1|1|1|2|2|2|2|2|2||2|2|1|1||6||1|2|2|1|1|1|2|2|1|52UZPE01152001T48MT02EBS001H030052UZPE01152001T48MT02EBS001H0300F0300
2|268|1|52|UZPE011|52001|T48|MT02|CONDOMINIO MONTERREY|CR23B28A96TORRE5APTO1001|-77.267482|1.219013||52UZPE01152001T48MT02EBS001H0301|52UZPE01152001T48MT02EBS001H0301F0301|2|1|1|1|52UZPE01152001T48MT02EBS001|900091143|CC|36752202|AUXILIARDEENFERMERIA|52UZPE01152001T48MT02EBS001H0301F0301CF301|2025-07-15|4||1||3||1||1|1|11|5|3|2|20||2|13|0||1||1||1||1||7|1|2|1|1|1|1|2|2|2|2|2|2||2|2|1|1||6||1|2|2|1|1|1|2|2|1|52UZPE01152001T48MT02EBS001H030152UZPE01152001T48MT02EBS001H0301F0301
2|269|1|52|UZPE011|52001|T48|MT02|CONDOMINIO MONTERREY|BARRIOSANDIEGOTORRE1APTO1304|-77.26776|1.21953||52UZPE01152001T48MT02EBS001H0302|52UZPE01152001T48MT02EBS001H0302F0302|2|1|1|3|52UZPE01152001T48MT02EBS001|900091143|CC|1082748783|AUXILIARDEENFERMERIA|52UZPE01152001T48MT02EBS001H0302F0302CF302|2025-07-12|4||1||3||1||2|2|11|5|3|2|20||2|13|0||1||1||1||1||1|3|3|1|1|1|1|2|2|2|2|2|2||2|2|1|1||6||1|2|2|1|1|1|2|2|1|52UZPE01152001T48MT02EBS001H030252UZPE01152001T48MT02EBS001H0302F0302
2|270|1|52|UZPE011|52001|T48|MT02|CONDOMINIO MONTERREY|TORRE1APTO405|-77.268016|1.219192||52UZPE01152001T48MT02EBS001H0303|52UZPE01152001T48MT02EBS001H0303F0303|2|1|1|2|52UZPE01152001T48MT02EBS001|900091143|CC|98386323|GESTORCOMUNITARIO|52UZPE01152001T48MT02EBS001H0303F0303CF303|2025-07-10|4||1||3||1||1|2|11|5|3|2|20||2|13|0||1||1||1||1||7|2|3|1|1|1|1|2|2|2|2|2|2||2|2|1|1||6||1|2|2|1|1|1|2|2|1|52UZPE01152001T48MT02EBS001H030352UZPE01152001T48MT02EBS001H0303F0303
2|271|1|52|UZPE011|52001|T48|MT02|CONDOMINIO MONTERREY|CR23B28A96TORRE4APTO303|-77.268176|1.218982||52UZPE01152001T48MT02EBS001H0304|52UZPE01152001T48MT02EBS001H0304F0304|2|1|1|1|52UZPE01152001T48MT02EBS001|900091143|CC|36752202|AUXILIARDEENFERMERIA|52UZPE01152001T48MT02EBS001H0304F0304CF304|2025-07-16|4||1||3||1||1|2|11|2|3|2|20||2|13|0||1||1||1||1||7|1|3|1|1|1|1|2|2|2|2|2|2||2|2|1|1||6||1|2|2|1|1|1|2|2|1|52UZPE01152001T48MT02EBS001H030452UZPE01152001T48MT02EBS001H0304F0304
2|272|1|52|UZPE011|52001|T48|MT02|CONDOMINIO MONTERREY|CR23B28A96TORRE4APTO1104|-77.268176|1.218982||52UZPE01152001T48MT02EBS001H0305|52UZPE01152001T48MT02EBS001H0305F0305|2|1|1|2|52UZPE01152001T48MT02EBS001|900091143|CC|36752202|AUXILIARDEENFERMERIA|52UZPE01152001T48MT02EBS001H0305F0305CF305|2025-07-16|4||1||3||1||1|2|11|3|3|2|20||2|13|0||1||1||1||1||1|2|3|1|1|1|1|2|2|2|2|2|2||2|2|1|1||6||1|2|2|1|1|1|2|2|1|52UZPE01152001T48MT02EBS001H030552UZPE01152001T48MT02EBS001H0305F0305
2|273|1|52|UZPE011|52001|T48|MT02|CONDOMINIO MONTERREY|CR23B28A96TORRE4APTO602|-77.268176|1.218982||52UZPE01152001T48MT02EBS001H0306|52UZPE01152001T48MT02EBS001H0306F0306|2|1|1|1|52UZPE01152001T48MT02EBS001|900091143|CC|36752202|AUXILIARDEENFERMERIA|52UZPE01152001T48MT02EBS001H0306F0306CF306|2025-07-16|4||1||3||1||1|2|11|4|3|2|20||2|13|0||1||1||1||1||7|1|3|1|1|1|1|2|2|2|2|2|2||2|2|1|2||6||1|2|2|1|2|1|2|2|1|52UZPE01152001T48MT02EBS001H030652UZPE01152001T48MT02EBS001H0306F0306
2|274|1|52|UZPE011|52001|T48|MT02|CONDOMINIO MONTERREY|CR23B28A96TORRE6APTO104|-77.267728|1.218767||52UZPE01152001T48MT02EBS001H0307|52UZPE01152001T48MT02EBS001H0307F0307|2|1|1|2|52UZPE01152001T48MT02EBS001|900091143|CC|36752202|AUXILIARDEENFERMERIA|52UZPE01152001T48MT02EBS001H0307F0307CF307|2025-07-17|4||1||3||1||2|2|11|5|3|2|20||2|13|0||1||1||1||1||2|2|3|1|1|1|1|2|2|2|2|2|2||2|2|1|1||6||1|2|2|1|2|1|2|2|1|52UZPE01152001T48MT02EBS001H030752UZPE01152001T48MT02EBS001H0307F0307
2|275|1|52|UZPE011|52001|T48|MT02|CONDOMINIO MONTERREY|CR23B28A96TORRE6APTO204|-77.267728|1.218767||52UZPE01152001T48MT02EBS001H0308|52UZPE01152001T48MT02EBS001H0308F0308|2|1|1|4|52UZPE01152001T48MT02EBS001|900091143|CC|36752202|AUXILIARDEENFERMERIA|52UZPE01152001T48MT02EBS001H0308F0308CF308|2025-07-17|4||1||3||1||2|2|11|5|3|2|20||2|13|0||1||1||1||1||1|4|3|1|1|1|1|2|2|2|2|2|2||2|2|1|1||6||1|2|2|1|2|1|2|2|1|52UZPE01152001T48MT02EBS001H030852UZPE01152001T48MT02EBS001H0308F0308
2|276|1|52|UZPE011|52001|T48|MT02|CONDOMINIO MONTERREY|CR23B28A96TORRE6APTO507|-77.267665|1.218566||52UZPE01152001T48MT02EBS001H0309|52UZPE01152001T48MT02EBS001H0309F0309|2|1|1|1|52UZPE01152001T48MT02EBS001|900091143|CC|36752202|AUXILIARDEENFERMERIA|52UZPE01152001T48MT02EBS001H0309F0309CF309|2025-07-16|4||1||3||1||1|2|11|3|3|2|20||2|13|0||1||1||1||1||7|1|3|1|1|1|1|2|2|2|2|2|2||2|2|1|1||6||1|2|2|1|1|1|2|2|1|52UZPE01152001T48MT02EBS001H030952UZPE01152001T48MT02EBS001H0309F0309
2|277|1|52|UZPE011|52001|T48|MT02|CONDOMINIO MONTERREY|CR23B28A96TORRE6APTO604|-77.267665|1.218566||52UZPE01152001T48MT02EBS001H0310|52UZPE01152001T48MT02EBS001H0310F0310|2|1|1|4|52UZPE01152001T48MT02EBS001|900091143|CC|36752202|AUXILIARDEENFERMERIA|52UZPE01152001T48MT02EBS001H0310F0310CF310|2025-07-16|4||1||3||1||2|2|11|5|3|2|20||2|13|0||1||1||1||1||1|4|3|1|1|1|1|2|2|2|2|2|2||2|2|1|2||6||1|2|2|1|1|1|2|2|1|52UZPE01152001T48MT02EBS001H031052UZPE01152001T48MT02EBS001H0310F0310
2|278|1|52|UZPE011|52001|T48|MT02|CONDOMINIO MONTERREY|CR23B28A96TORRE6APTO905|-77.267665|1.218556||52UZPE01152001T48MT02EBS001H0311|52UZPE01152001T48MT02EBS001H0311F0311|2|1|1|2|52UZPE01152001T48MT02EBS001|900091143|CC|36752202|AUXILIARDEENFERMERIA|52UZPE01152001T48MT02EBS001H0311F0311CF311|2025-07-16|4||1||3||1||2|2|11|5|3|2|20||2|13|0||1||1||1||1||1|1|3|1|1|1|1|2|2|2|2|2|2||2|2|1|2||6||1|2|2|1|1|1|2|2|1|52UZPE01152001T48MT02EBS001H031152UZPE01152001T48MT02EBS001H0311F0311
2|279|1|52|UZPE011|52001|T48|MT02|CONDOMINIO MONTERREY|CR23B28A96TORRE6APTO1003|-77.267741|1.218487||52UZPE01152001T48MT02EBS001H0312|52UZPE01152001T48MT02EBS001H0312F0312|2|1|1|1|52UZPE01152001T48MT02EBS001|900091143|CC|36752202|AUXILIARDEENFERMERIA|52UZPE01152001T48MT02EBS001H0312F0312CF312|2025-07-20|4||1||3||1||1|2|11|1|3|2|20||2|13|0||1||1||1||1||7|1|3|1|1|1|1|2|2|2|2|2|2||2|2|1|1||6||1|2|2|1|1|1|2|2|1|52UZPE01152001T48MT02EBS001H031252UZPE01152001T48MT02EBS001H0312F0312
2|280|1|52|UZPE011|52001|T48|MT02|CONDOMINIO MONTERREY|CR23B28A96TORRE6APTO1406|-77.267741|1.218487||52UZPE01152001T48MT02EBS001H0313|52UZPE01152001T48MT02EBS001H0313F0313|2|1|1|3|52UZPE01152001T48MT02EBS001|900091143|CC|36752202|AUXILIARDEENFERMERIA|52UZPE01152001T48MT02EBS001H0313F0313CF313|2025-07-20|4||1||3||1||2|2|11|5|3|2|20||2|13|0||1||1||1||1||2|3|3|1|1|1|1|2|2|2|2|2|2||2|2|1|1||6||1|2|2|1|1|1|2|2|1|52UZPE01152001T48MT02EBS001H031352UZPE01152001T48MT02EBS001H0313F0313
2|281|1|52|UZPE011|52001|T48|MT02|CONDOMINIO MONTERREY|TORRE1APTO707|-77.26797|1.219063||52UZPE01152001T48MT02EBS001H0318|52UZPE01152001T48MT02EBS001H0318F0318|2|1|1|2|52UZPE01152001T48MT02EBS001|900091143|CC|98386323|GESTORCOMUNITARIO|52UZPE01152001T48MT02EBS001H0318F0318CF318|2025-07-10|4||1||3||1||2|2|11|5|3|2|20||2|13|0||1||1||1||1||1|2|3|1|1|1|1|2|2|2|2|2|2||2|2|1|2||6||1|2|2|1|2|1|2|2|1|52UZPE01152001T48MT02EBS001H031852UZPE01152001T48MT02EBS001H0318F0318
2|282|1|52|UZPE011|52001|T48|MT02|CONDOMINIO MONTERREY|CR23B28A96TORRE26APTO503|-77.267741|1.218487||52UZPE01152001T48MT02EBS001H0319|52UZPE01152001T48MT02EBS001H0319F0319|2|2|2|4|52UZPE01152001T48MT02EBS001|900091143|CC|36752202|AUXILIARDEENFERMERIA|52UZPE01152001T48MT02EBS001H0319F0319CF319|2025-07-20|4||1||3||1||2|2|11|2|3|2|20||2|13|0||1||1||1||1||2|2|3|1|1|1|1|2|2|2|2|2|2||2|2|1|2||6||1|2|2|1|1|1|2|2|1|52UZPE01152001T48MT02EBS001H031952UZPE01152001T48MT02EBS001H0319F0319
2|283|1|52|UZPE011|52001|T48|MT02|CONDOMINIO MONTERREY|CR23B28A96TORRE6|-77.267741|1.218487||52UZPE01152001T48MT02EBS001H0320|52UZPE01152001T48MT02EBS001H0320F0320|2|2|2|2|52UZPE01152001T48MT02EBS001|900091143|CC|36752202|AUXILIARDEENFERMERIA|52UZPE01152001T48MT02EBS001H0320F0320CF320|2025-07-20|4||1||3||1||2|2|11|5|3|2|20||2|13|0||1||1||1||1||2|2|3|1|1|1|1|2|2|2|2|2|2||2|2|1|2||6||1|2|2|1|1|1|2|2|1|52UZPE01152001T48MT02EBS001H032052UZPE01152001T48MT02EBS001H0320F0320
2|284|1|52|UZPE011|52001|T48|MT02|CONDOMINIO MONTERREY|CR23B28A96TORRE6APTO601|-77.267741|7.218487||52UZPE01152001T48MT02EBS001H0321|52UZPE01152001T48MT02EBS001H0321F0321|2|1|1|2|52UZPE01152001T48MT02EBS001|900091143|CC|36752202|AUXILIARDEENFERMERIA|52UZPE01152001T48MT02EBS001H0321F0321CF321|2025-07-20|4||1||3||1||1|2|11|4|3|2|20||2|13|0||1||1||1||1||2|2|3|1|1|1|1|2|2|2|2|2|2||2|2|1|2||6||1|2|2|1|2|1|2|2|1|52UZPE01152001T48MT02EBS001H032152UZPE01152001T48MT02EBS001H0321F0321
2|285|1|52|UZPE011|52001|T48|MT02|CONDOMINIO MONTERREY|CR23B28A96TORRE8APTO803|-77.266934|1.21859||52UZPE01152001T48MT02EBS001H0322|52UZPE01152001T48MT02EBS001H0322F0322|2|1|1|3|52UZPE01152001T48MT02EBS001|900091143|CC|36752202|AUXILIARDEENFERMERIA|52UZPE01152001T48MT02EBS001H0322F0322CF322|2025-07-21|4||1||3||1||2|2|11|5|3|2|20||2|13|0||1||1||1||1||2|3|3|1|1|1|1|2|2|2|2|2|2||2|2|1|1||6||1|2|2|1|2|1|2|2|1|52UZPE01152001T48MT02EBS001H032252UZPE01152001T48MT02EBS001H0322F0322
2|286|1|52|UZPE011|52001|T48|MT02|CONDOMINIO MONTERREY|CR23B28A96TORRE8APTO806|-77.266934|1.21859||52UZPE01152001T48MT02EBS001H0323|52UZPE01152001T48MT02EBS001H0323F0323|2|1|1|4|52UZPE01152001T48MT02EBS001|900091143|CC|36752202|AUXILIARDEENFERMERIA|52UZPE01152001T48MT02EBS001H0323F0323CF323|2025-07-21|4||1||3||1||2|2|11|5|3|2|20||2|13|0||1||1||1||1||1|4|3|1|1|1|1|2|2|2|2|2|2||2|2|1|1||6||1|2|2|1|1|1|2|2|1|52UZPE01152001T48MT02EBS001H032352UZPE01152001T48MT02EBS001H0323F0323
2|287|1|52|UZPE011|52001|T48|MT02|CONDOMINIO MONTERREY|CR23B28A96TORRE8APTO901|-77.266934|1.21859||52UZPE01152001T48MT02EBS001H0324|52UZPE01152001T48MT02EBS001H0324F0324|2|1|1|1|52UZPE01152001T48MT02EBS001|900091143|CC|36752202|AUXILIARDEENFERMERIA|52UZPE01152001T48MT02EBS001H0324F0324CF324|2025-07-21|4||1||3||1||1|2|11|5|3|2|20||2|13|0||1||1||1||1||7|1|3|1|1|1|1|2|2|2|2|2|2||2|2|1|2||6||1|2|2|1|1|1|2|2|1|52UZPE01152001T48MT02EBS001H032452UZPE01152001T48MT02EBS001H0324F0324
2|288|1|52|UZPE011|52001|T48|MT02|CONDOMINIO MONTERREY|CR23B28A96TORRE8APTO904|-77.266924|1.21859||52UZPE01152001T48MT02EBS001H0325|52UZPE01152001T48MT02EBS001H0325F0325|2|1|1|2|52UZPE01152001T48MT02EBS001|900091143|CC|36752202|AUXILIARDEENFERMERIA|52UZPE01152001T48MT02EBS001H0325F0325CF325|2025-07-21|4||1||3||1||1|2|11|2|3|2|20||2|13|0||1||1||1||1||1|2|3|1|1|1|1|2|2|2|2|2|2||2|2|1|1||6||1|2|2|1|1|1|2|2|1|52UZPE01152001T48MT02EBS001H032552UZPE01152001T48MT02EBS001H0325F0325
2|289|1|52|UZPE011|52001|T48|MT02|CONDOMINIO MONTERREY|CR23B28A96TORRE8APTO907|-77.266934|1.21859||52UZPE01152001T48MT02EBS001H0326|52UZPE01152001T48MT02EBS001H0326F0326|2|1|1|2|52UZPE01152001T48MT02EBS001|900091143|CC|36752202|AUXILIARDEENFERMERIA|52UZPE01152001T48MT02EBS001H0326F0326CF326|2025-07-21|4||1||3||1||2|2|11|5|3|2|8||1|13|0||1||1||1||1||2|2|2|1|1|1|1|2|2|2|2|2|2||2|2|1|1||6||1|2|2|1|1|1|2|2|1|52UZPE01152001T48MT02EBS001H032652UZPE01152001T48MT02EBS001H0326F0326
2|290|1|52|UZPE011|52001|T48|MT02|CONDOMINIO MONTERREY|27CRA23D28A96|-77.268015|1.219192||52UZPE01152001T48MT02EBS001H0328|52UZPE01152001T48MT02EBS001H0328F0328|2|1|1|3|52UZPE01152001T48MT02EBS001|900091143|CC|1080900817|NUTRICIONISTA|52UZPE01152001T48MT02EBS001H0328F0328CF328|2025-07-18|4||1||3||1||2|2|11|4|3|2|20||2|13|0||1||1||1||1||1|3|3|2|1|1|1|2|2|2|2|2|2||2|2|1|2||9||1|2|2|1|2|1|2|2|1|52UZPE01152001T48MT02EBS001H032852UZPE01152001T48MT02EBS001H0328F0328
2|291|1|52|UZPE011|52001|T48|MT02|CONDOMINIO MONTERREY|CR23B28A96TORRE8APTO1103|-77.266934|1.218596||52UZPE01152001T48MT02EBS001H0329|52UZPE01152001T48MT02EBS001H0329F0329|2|1|1|2|52UZPE01152001T48MT02EBS001|900091143|CC|36752202|AUXILIARDEENFERMERIA|52UZPE01152001T48MT02EBS001H0329F0329CF329|2025-07-21|4||1||3||1||2|2|11|3|3|2|20||2|13|0||1||1||1||1||1|2|3|1|1|1|1|2|2|2|2|2|2||2|2|1|2||6||1|2|2|1|1|1|2|2|1|52UZPE01152001T48MT02EBS001H032952UZPE01152001T48MT02EBS001H0329F0329
2|292|1|52|UZPE011|52001|T48|MT02|CONDOMINIO MONTERREY|28CRA23D28A96|-77.268015|1.219192||52UZPE01152001T48MT02EBS001H0331|52UZPE01152001T48MT02EBS001H0331F0331|2|1|1|1|52UZPE01152001T48MT02EBS001|900091143|CC|1080900817|NUTRICIONISTA|52UZPE01152001T48MT02EBS001H0331F0331CF331|2025-07-18|4||1||3||1||2|2|11|4|3|2|20||2|13|0||1||1||1||1||7|1|3|2|1|1|1|2|2|2|2|2|2||2|2|1|2||9||1|2|2|1|1|1|2|2|1|52UZPE01152001T48MT02EBS001H033152UZPE01152001T48MT02EBS001H0331F0331
2|293|1|52|UZPE011|52001|T48|MT02|CONDOMINIO MONTERREY|CARRERA1223A108|-77.26738|1.21919||52UZPE01152001T48MT02EBS001H0332|52UZPE01152001T48MT02EBS001H0332F0332|2|1|1|3|52UZPE01152001T48MT02EBS001|900091143|CC|1082748783|AUXILIARDEENFERMERIA|52UZPE01152001T48MT02EBS001H0332F0332CF332|2025-07-13|4||1||3||1||2|2|11|5|3|2|20||2|13|0||1||1||1||1||1|3|3|1|1|1|1|2|2|2|2|2|2||2|2|1|1||6||1|2|2|1|2|1|2|2|1|52UZPE01152001T48MT02EBS001H033252UZPE01152001T48MT02EBS001H0332F0332
2|294|1|52|UZPE011|52001|T48|MT02|CONDOMINIO MONTERREY|CRR1223A108|-77.267388|1.219299||52UZPE01152001T48MT02EBS001H0334|52UZPE01152001T48MT02EBS001H0334F0334|2|1|1|1|52UZPE01152001T48MT02EBS001|900091143|CC|1082748783|AUXILIARDEENFERMERIA|52UZPE01152001T48MT02EBS001H0334F0334CF334|2025-07-13|4||1||3||1||2|2|11|5|3|2|20||2|13|0||1||1||1||1||7|1|3|2|1|1|1|2|2|2|2|2|2||2|2|1|1||6||1|2|2|1|1|1|2|2|1|52UZPE01152001T48MT02EBS001H033452UZPE01152001T48MT02EBS001H0334F0334
2|295|1|52|UZPE011|52001|T48|MT02|CONDOMINIO MONTERREY|CARR1223A108|-77.267388|1.219299||52UZPE01152001T48MT02EBS001H0335|52UZPE01152001T48MT02EBS001H0335F0335|2|1|1|3|52UZPE01152001T48MT02EBS001|900091143|CC|1082748783|AUXILIARDEENFERMERIA|52UZPE01152001T48MT02EBS001H0335F0335CF335|2025-07-13|4||1||3||1||2|2|11|5|3|2|20||2|13|0||1||1||1||1||2|3|3|1|1|1|1|2|2|2|2|2|2||2|2|1|2||6||1|2|2|1|1|1|2|2|1|52UZPE01152001T48MT02EBS001H033552UZPE01152001T48MT02EBS001H0335F0335
2|296|1|52|UZPE011|52001|T48|MT02|CONDOMINIO MONTERREY|29CRA23D28A96|-77.266934|1.21859||52UZPE01152001T48MT02EBS001H0336|52UZPE01152001T48MT02EBS001H0336F0336|2|1|1|1|52UZPE01152001T48MT02EBS001|900091143|CC|1080900817|NUTRICIONISTA|52UZPE01152001T48MT02EBS001H0336F0336CF336|2025-07-20|4||1||3||1||1|2|11|4|3|2|20||2|13|0||1||1||1||1||7|1|3|2|1|1|1|2|2|2|2|2|2||2|2|1|2||9||1|2|2|1|1|1|2|2|1|52UZPE01152001T48MT02EBS001H033652UZPE01152001T48MT02EBS001H0336F0336
2|297|1|52|UZPE011|52001|T48|MT02|CONDOMINIO MONTERREY|30CRA23D28A96|-77.266934|1.21859||52UZPE01152001T48MT02EBS001H0337|52UZPE01152001T48MT02EBS001H0337F0337|2|1|1|1|52UZPE01152001T48MT02EBS001|900091143|CC|1080900817|NUTRICIONISTA|52UZPE01152001T48MT02EBS001H0337F0337CF337|2025-07-20|4||1||3||1||1|2|11|4|3|2|20||1|13|0||1||1||1||1||7|1|3|2|1|1|1|2|2|2|2|2|2||2|2|1|2||9||1|2|2|1|1|1|2|2|1|52UZPE01152001T48MT02EBS001H033752UZPE01152001T48MT02EBS001H0337F0337
2|298|1|52|UZPE011|52001|T48|MT02|CONDOMINIO MONTERREY|31CRA23D28A96|-77.266934|1.21859||52UZPE01152001T48MT02EBS001H0338|52UZPE01152001T48MT02EBS001H0338F0338|2|1|1|2|52UZPE01152001T48MT02EBS001|900091143|CC|1080900817|NUTRICIONISTA|52UZPE01152001T48MT02EBS001H0338F0338CF338|2025-07-21|4||1||3||1||2|2|11|5|3|2|20||2|13|0||1||1||1||1||1|2|3|2|1|1|1|2|2|2|2|2|2||2|2|1|2||9||1|2|2|1|2|1|2|2|1|52UZPE01152001T48MT02EBS001H033852UZPE01152001T48MT02EBS001H0338F0338
2|299|1|52|UZPE011|52001|T48|MT02|CONDOMINIO MONTERREY|32CRA23D28A96|-77.266934|1.21859||52UZPE01152001T48MT02EBS001H0339|52UZPE01152001T48MT02EBS001H0339F0339|2|1|1|3|52UZPE01152001T48MT02EBS001|900091143|CC|1080900817|NUTRICIONISTA|52UZPE01152001T48MT02EBS001H0339F0339CF339|2025-07-21|4||1||3||1||2|2|11|4|3|2|20||2|13|0||1||1||1||1||1|3|3|2|1|1|1|2|2|2|2|2|2||2|2|1|2||9||1|2|2|1|1|1|2|2|1|52UZPE01152001T48MT02EBS001H033952UZPE01152001T48MT02EBS001H0339F0339
2|300|1|52|UZPE011|52001|T48|MT02|CONDOMINIO MONTERREY|33CRA23D28A96|-77.266934|1.21859||52UZPE01152001T48MT02EBS001H0340|52UZPE01152001T48MT02EBS001H0340F0340|2|1|1|4|52UZPE01152001T48MT02EBS001|900091143|CC|1080900817|NUTRICIONISTA|52UZPE01152001T48MT02EBS001H0340F0340CF340|2025-07-22|4||1||3||1||2|2|11|4|3|2|20||2|13|0||1||1||1||1||1|4|3|2|1|1|1|2|2|2|2|2|2||2|2|1|2||9||1|2|2|1|1|1|2|2|1|52UZPE01152001T48MT02EBS001H034052UZPE01152001T48MT02EBS001H0340F0340
2|301|1|52|UZPE011|52001|T48|MT02|CONDOMINIO MONTERREY|34CRA23D28A96|-77.266934|1.21859||52UZPE01152001T48MT02EBS001H0341|52UZPE01152001T48MT02EBS001H0341F0341|2|1|1|3|52UZPE01152001T48MT02EBS001|900091143|CC|1080900817|NUTRICIONISTA|52UZPE01152001T48MT02EBS001H0341F0341CF341|2025-07-22|4||1||3||1||2|2|11|4|3|2|20||2|13|0||1||1||1||1||1|3|3|2|1|1|1|2|2|2|2|2|2||2|2|1|2||9||1|2|2|1|2|1|2|2|1|52UZPE01152001T48MT02EBS001H034152UZPE01152001T48MT02EBS001H0341F0341
2|302|1|52|UZPE011|52001|T48|MT02|CONDOMINIO MONTERREY|APARTAMENTO801|-77.267335|1.219765||52UZPE01152001T48MT02EBS001H0342|52UZPE01152001T48MT02EBS001H0342F0342|2|1|1|1|52UZPE01152001T48MT02EBS001|900091143|CC|98386323|GESTORCOMUNITARIO|52UZPE01152001T48MT02EBS001H0342F0342CF342|2025-07-12|4||1||3||1||1|2|11|4|3|2|20||2|13|0||1||1||1||1||7|1|3|1|1|1|1|2|2|2|2|2|2||2|2|1|2||6||1|2|2|1|1|1|2|2|1|52UZPE01152001T48MT02EBS001H034252UZPE01152001T48MT02EBS001H0342F0342
2|303|1|52|UZPE011|52001|T48|MT02|CONDOMINIO MONTERREY|TORRE2APARTAMENTO806|-77.267324|1.219765||52UZPE01152001T48MT02EBS001H0343|52UZPE01152001T48MT02EBS001H0343F0343|2|1|1|2|52UZPE01152001T48MT02EBS001|900091143|CC|98386323|GESTORCOMUNITARIO|52UZPE01152001T48MT02EBS001H0343F0343CF343|2025-07-12|4||1||3||1||2|2|11|4|3|2|20||2|13|0||1||1||1||1||2|2|3|1|1|1|1|2|2|2|2|2|2||2|2|1|1||6||1|2|2|1|1|1|2|2|1|52UZPE01152001T48MT02EBS001H034352UZPE01152001T48MT02EBS001H0343F0343
2|304|1|52|UZPE011|52001|T48|MT02|CONDOMINIO MONTERREY|TORRE2APARTAMENTO807|-77.267324|1.219765||52UZPE01152001T48MT02EBS001H0344|52UZPE01152001T48MT02EBS001H0344F0344|2|1|1|1|52UZPE01152001T48MT02EBS001|900091143|CC|98386323|GESTORCOMUNITARIO|52UZPE01152001T48MT02EBS001H0344F0344CF344|2025-07-12|4||1||3||1||2|2|11|4|3|2|20||2|13|0||1||1||1||1||7|2|3|1|1|1|1|2|2|2|2|2|2||2|2|1|2||6||1|2|2|1|1|1|2|2|1|52UZPE01152001T48MT02EBS001H034452UZPE01152001T48MT02EBS001H0344F0344
2|305|1|52|UZPE011|52001|T48|MT03|TORRES DEL CIELO|CL282056|-77.267946|1.21669||52UZPE01152001T48MT03EBS001H0345|52UZPE01152001T48MT03EBS001H0345F0345|2|1|1|3|52UZPE01152001T48MT03EBS001|900091143|CC|1080900817|NUTRICIONISTA|52UZPE01152001T48MT03EBS001H0345F0345CF345|2025-07-25|4||1||3||1||3|2|11|4|3|2|20||2|13|0||1||1||1||1||1|3|3|2|1|1|1|2|2|2|2|2|2||2|2|1|2||9||1|2|2|1|2|1|2|2|1|52UZPE01152001T48MT03EBS001H034552UZPE01152001T48MT03EBS001H0345F0345
2|306|1|52|UZPE011|52001|T48|MT03|TORRES DEL CIELO|1CL282056|-77.267946|1.21669||52UZPE01152001T48MT03EBS001H0346|52UZPE01152001T48MT03EBS001H0346F0346|2|1|1|2|52UZPE01152001T48MT03EBS001|900091143|CC|1080900817|NUTRICIONISTA|52UZPE01152001T48MT03EBS001H0346F0346CF346|2025-07-25|4||1||3||1||1|2|11|4|3|2|20||2|13|0||1||1||1||1||1|2|3|2|1|1|1|2|2|2|2|2|2||2|2|1|2||9||1|2|2|1|2|1|2|2|1|52UZPE01152001T48MT03EBS001H034652UZPE01152001T48MT03EBS001H0346F0346
2|307|1|52|UZPE011|52001|T48|MT02|CONDOMINIO MONTERREY|TORRE2APARTAMENTO204|-77.276994|1.219384||52UZPE01152001T48MT02EBS001H0347|52UZPE01152001T48MT02EBS001H0347F0347|2|1|1|1|52UZPE01152001T48MT02EBS001|900091143|CC|98386323|GESTORCOMUNITARIO|52UZPE01152001T48MT02EBS001H0347F0347CF347|2025-07-12|4||1||3||1||1|1|11|5|3|2|20||1|13|0||1||1||1||1||7|1|3|1|1|1|1|2|2|2|2|2|2||2|2|1|2||6||1|2|2|1|2|1|2|2|1|52UZPE01152001T48MT02EBS001H034752UZPE01152001T48MT02EBS001H0347F0347
2|308|1|52|UZPE011|52001|T48|MT02|CONDOMINIO MONTERREY|TORRE2APARTAMENTO1204|-77.267324|1.219765||52UZPE01152001T48MT02EBS001H0348|52UZPE01152001T48MT02EBS001H0348F0348|2|1|1|1|52UZPE01152001T48MT02EBS001|900091143|CC|98386323|GESTORCOMUNITARIO|52UZPE01152001T48MT02EBS001H0348F0348CF348|2025-07-13|4||1||3||1||1|2|11|5|3|2|20||2|13|0||1||1||1||1||7|1|3|1|1|1|1|2|2|2|2|2|2||2|2|1|2||6||1|2|2|1|2|1|2|2|1|52UZPE01152001T48MT02EBS001H034852UZPE01152001T48MT02EBS001H0348F0348
2|309|1|52|UZPE011|52001|T48|MT02|CONDOMINIO MONTERREY|TORRE2APTO1303|-77.267335|1.219777||52UZPE01152001T48MT02EBS001H0349|52UZPE01152001T48MT02EBS001H0349F0349|1|1|1|1|52UZPE01152001T48MT02EBS001|900091143|CC|98386323|GESTORCOMUNITARIO|52UZPE01152001T48MT02EBS001H0349F0349CF349|2025-07-13|4||1||3||1||1|1|11|5|2|2|20||2|13|0||1||1||1||1||7|1|3|1|1|1|1|2|2|2|2|2|2||2|2|1|1||6||1|2|2|1|2|1|2|2|1|52UZPE01152001T48MT02EBS001H034952UZPE01152001T48MT02EBS001H0349F0349
2|310|1|52|UZPE011|52001|T48|MT02|CONDOMINIO MONTERREY|TORRE2APTO1306|-77.26768|1.219418||52UZPE01152001T48MT02EBS001H0350|52UZPE01152001T48MT02EBS001H0350F0350|2|1|1|1|52UZPE01152001T48MT02EBS001|900091143|CC|98386323|GESTORCOMUNITARIO|52UZPE01152001T48MT02EBS001H0350F0350CF350|2025-07-13|4||1||3||1||1|2|11|5|3|2|20||2|13|0||1||1||1||1||7|1|3|1|1|1|1|2|2|2|2|2|2||2|2|1|1||6||1|2|2|1|2|1|2|2|1|52UZPE01152001T48MT02EBS001H035052UZPE01152001T48MT02EBS001H0350F0350
2|311|1|52|UZPE011|52001|T48|MT02|CONDOMINIO MONTERREY|APAT407MONTERREY|-77.26786|1.219695||52UZPE01152001T48MT02EBS001H0351|52UZPE01152001T48MT02EBS001H0351F0351|2|1|1|2|52UZPE01152001T48MT02EBS001|900091143|CC|98386323|GESTORCOMUNITARIO|52UZPE01152001T48MT02EBS001H0351F0351CF351|2025-07-14|4||1||3||1||2|1|11|5|2|2|20||1|13|0||1||1||1||1||1|1|3|1|1|1|1|2|2|2|2|2|2||2|2|1|2||6||1|2|2|1|2|1|2|2|1|52UZPE01152001T48MT02EBS001H035152UZPE01152001T48MT02EBS001H0351F0351
2|312|1|52|UZPE011|52001|T48|MT03|TORRES DEL CIELO|TORRESDECIELOTORRE1|-77.267603|1.21699||52UZPE01152001T48MT03EBS001H0352|52UZPE01152001T48MT03EBS001H0352F0352|2|1|1|2|52UZPE01152001T48MT03EBS001|900091143|CC|36752202|AUXILIARDEENFERMERIA|52UZPE01152001T48MT03EBS001H0352F0352CF352|2025-07-25|4||1||3||1||2|2|11|1|3|2|20||2|13|0||1||1||1||1||1|2|3|1|1|1|1|2|2|2|2|2|2||2|2|1|1||6||1|2|2|1|1|1|2|2|1|52UZPE01152001T48MT03EBS001H035252UZPE01152001T48MT03EBS001H0352F0352
2|313|1|52|UZPE011|52001|T48|MT03|TORRES DEL CIELO|TORRESDECIELOTORRE1|-77.267525|1.216877||52UZPE01152001T48MT03EBS001H0353|52UZPE01152001T48MT03EBS001H0353F0353|2|1|1|3|52UZPE01152001T48MT03EBS001|900091143|CC|36752202|AUXILIARDEENFERMERIA|52UZPE01152001T48MT03EBS001H0353F0353CF353|2025-07-25|4||1||3||1||3|2|11|1|3|2|20||2|13|0||1||1||1||1||1|4|3|1|1|1|1|2|2|2|2|2|2||2|2|1|2||6||1|2|2|1|1|1|2|2|1|52UZPE01152001T48MT03EBS001H035352UZPE01152001T48MT03EBS001H0353F0353
2|314|1|52|UZPE011|52001|T48|MT03|TORRES DEL CIELO|TORRESDELCIELOTORRE1|-77.267603|1.21699||52UZPE01152001T48MT03EBS001H0354|52UZPE01152001T48MT03EBS001H0354F0354|2|1|1|1|52UZPE01152001T48MT03EBS001|900091143|CC|36752202|AUXILIARDEENFERMERIA|52UZPE01152001T48MT03EBS001H0354F0354CF354|2025-07-25|4||1||3||1||1|2|11|1|3|2|20||2|13|0||1||1||1||1||7|1|3|1|1|1|1|2|2|2|2|2|2||2|2|1|2||6||1|2|2|1|1|1|2|2|1|52UZPE01152001T48MT03EBS001H035452UZPE01152001T48MT03EBS001H0354F0354
2|315|1|52|UZPE011|52001|T48|MT03|TORRES DEL CIELO|2CL282056|-77.267946|1.21669||52UZPE01152001T48MT03EBS001H0355|52UZPE01152001T48MT03EBS001H0355F0355|2|1|1|2|52UZPE01152001T48MT03EBS001|900091143|CC|1080900817|NUTRICIONISTA|52UZPE01152001T48MT03EBS001H0355F0355CF355|2025-07-25|4||1||3||1||1|2|11|4|3|2|20||2|13|0||1||1||1||1||1|2|3|2|1|1|1|2|2|2|2|2|2||2|2|1|2||9||1|2|2|1|2|1|2|2|1|52UZPE01152001T48MT03EBS001H035552UZPE01152001T48MT03EBS001H0355F0355
2|316|1|52|UZPE011|52001|T48|MT03|TORRES DEL CIELO|TORRESDECIELO|-77.267525|1.216977||52UZPE01152001T48MT03EBS001H0356|52UZPE01152001T48MT03EBS001H0356F0356|2|1|1|3|52UZPE01152001T48MT03EBS001|900091143|CC|36752202|AUXILIARDEENFERMERIA|52UZPE01152001T48MT03EBS001H0356F0356CF356|2025-07-25|4||1||3||1||2|2|11|1|3|2|20||2|13|0||1||1||1||1||1|3|3|1|1|1|1|2|2|2|2|2|2||2|2|1|2||6||1|2|2|1|2|1|2|2|1|52UZPE01152001T48MT03EBS001H035652UZPE01152001T48MT03EBS001H0356F0356
2|317|1|52|UZPE011|52001|T48|MT03|TORRES DEL CIELO|3CL282056|-77.267946|1.21669||52UZPE01152001T48MT03EBS001H0357|52UZPE01152001T48MT03EBS001H0357F0357|2|1|1|2|52UZPE01152001T48MT03EBS001|900091143|CC|1080900817|NUTRICIONISTA|52UZPE01152001T48MT03EBS001H0357F0357CF357|2025-07-25|4||1||3||1||1|2|11|4|3|2|20||2|13|0||1||1||1||1||1|2|3|2|1|1|1|2|2|2|2|2|2||2|2|1|2||9||1|2|2|1|2|1|2|2|1|52UZPE01152001T48MT03EBS001H035752UZPE01152001T48MT03EBS001H0357F0357
2|318|1|52|UZPE011|52001|T48|MT03|TORRES DEL CIELO|TORRESDECIELOTORRE2APTO602|-77.267567|1.21618||52UZPE01152001T48MT03EBS001H0358|52UZPE01152001T48MT03EBS001H0358F0358|2|1|1|3|52UZPE01152001T48MT03EBS001|900091143|CC|36752202|AUXILIARDEENFERMERIA|52UZPE01152001T48MT03EBS001H0358F0358CF358|2025-07-25|4||1||3||1||3|2|11|1|3|2|20||2|13|0||1||1||1||1||1|3|3|1|1|1|1|2|2|2|2|2|2||2|2|1|1||6||1|2|2|1|1|1|2|2|1|52UZPE01152001T48MT03EBS001H035852UZPE01152001T48MT03EBS001H0358F0358
2|319|1|52|UZPE011|52001|T48|MT03|TORRES DEL CIELO|4CL282056|-77.267946|1.21669||52UZPE01152001T48MT03EBS001H0359|52UZPE01152001T48MT03EBS001H0359F0359|2|1|1|2|52UZPE01152001T48MT03EBS001|900091143|CC|1080900817|NUTRICIONISTA|52UZPE01152001T48MT03EBS001H0359F0359CF359|2025-07-25|4||1||3||1||1|2|11|4|3|2|20||2|13|0||1||1||1||1||1|2|3|2|1|1|1|2|2|2|2|2|2||2|2|1|2||9||1|2|2|1|1|1|2|2|1|52UZPE01152001T48MT03EBS001H035952UZPE01152001T48MT03EBS001H0359F0359
2|320|1|52|UZPE011|52001|T48|MT03|TORRES DEL CIELO|TORRESDECIELOTORRE2APTO304|-77.267567|1.21618||52UZPE01152001T48MT03EBS001H0360|52UZPE01152001T48MT03EBS001H0360F0360|2|1|1|1|52UZPE01152001T48MT03EBS001|900091143|CC|36752202|AUXILIARDEENFERMERIA|52UZPE01152001T48MT03EBS001H0360F0360CF360|2025-07-25|4||1||3||1||1|2|11|2|3|2|20||2|13|0||1||1||1||1||7|1|3|1|1|1|1|2|2|2|2|2|2||2|2|1|2||6||1|2|2|1|2|1|2|2|1|52UZPE01152001T48MT03EBS001H036052UZPE01152001T48MT03EBS001H0360F0360
2|321|1|52|UZPE011|52001|T48|MT03|TORRES DEL CIELO|5CL282056|-77.267946|1.21669||52UZPE01152001T48MT03EBS001H0361|52UZPE01152001T48MT03EBS001H0361F0361|2|1|1|2|52UZPE01152001T48MT03EBS001|900091143|CC|1080900817|NUTRICIONISTA|52UZPE01152001T48MT03EBS001H0361F0361CF361|2025-07-25|4||1||3||1||1|2|11|4|3|2|20||2|13|0||1||1||1||1||1|2|3|2|1|1|1|2|2|2|2|2|2||2|2|1|2||9||1|2|2|1|2|1|2|2|1|52UZPE01152001T48MT03EBS001H036152UZPE01152001T48MT03EBS001H0361F0361
2|322|1|52|UZPE011|52001|T48|MT03|TORRES DEL CIELO|6CL282056|-77.267946|1.21669||52UZPE01152001T48MT03EBS001H0362|52UZPE01152001T48MT03EBS001H0362F0362|1|1|1|1|52UZPE01152001T48MT03EBS001|900091143|CC|1080900817|NUTRICIONISTA|52UZPE01152001T48MT03EBS001H0362F0362CF362|2025-07-25|4||1||3||1||1|2|11|4|3|2|20||2|13|0||1||1||1||1||7|1|3|2|1|1|1|2|2|2|2|2|2||2|2|1|2||9||1|2|2|1|1|1|2|2|1|52UZPE01152001T48MT03EBS001H036252UZPE01152001T48MT03EBS001H0362F0362
2|323|1|52|UZPE011|52001|T48|MT02|CONDOMINIO MONTERREY|TORRE3APT901MONTERREY|-77.267864|1.219303||52UZPE01152001T48MT02EBS001H0363|52UZPE01152001T48MT02EBS001H0363F0363|2|1|1|1|52UZPE01152001T48MT02EBS001|900091143|CC|98386323|GESTORCOMUNITARIO|52UZPE01152001T48MT02EBS001H0363F0363CF363|2025-07-14|4||1||3||1||1|2|11|5|3|2|20||2|13|0||1||1||1||1||7|1|3|1|1|1|1|2|2|2|2|2|2||2|2|1|1||6||1|2|2|1|2|1|2|2|1|52UZPE01152001T48MT02EBS001H036352UZPE01152001T48MT02EBS001H0363F0363
2|324|1|52|UZPE011|52001|T48|MT02|CONDOMINIO MONTERREY|TORRE3APTO904|-77.267864|1.219303||52UZPE01152001T48MT02EBS001H0364|52UZPE01152001T48MT02EBS001H0364F0364|2|1|1|1|52UZPE01152001T48MT02EBS001|900091143|CC|98386323|GESTORCOMUNITARIO|52UZPE01152001T48MT02EBS001H0364F0364CF364|2025-07-14|4||1||3||1||1|2|11|5|3|2|20||2|13|0||1||1||1||1||7|1|3|1|1|1|1|2|2|2|2|2|2||2|2|1|2||6||1|2|2|1|2|1|2|2|1|52UZPE01152001T48MT02EBS001H036452UZPE01152001T48MT02EBS001H0364F0364
2|325|1|52|UZPE011|52001|T48|MT02|CONDOMINIO MONTERREY|TORRE3APTO1202|-77.267989|1.219097||52UZPE01152001T48MT02EBS001H0365|52UZPE01152001T48MT02EBS001H0365F0365|2|1|1|1|52UZPE01152001T48MT02EBS001|900091143|CC|98386323|GESTORCOMUNITARIO|52UZPE01152001T48MT02EBS001H0365F0365CF365|2025-07-14|4||1||3||1||1|2|11|5|3|2|20||2|13|0||1||1||1||1||1|1|3|1|1|1|1|2|2|2|2|2|2||2|2|1|1||6||1|2|2|1|1|1|2|2|1|52UZPE01152001T48MT02EBS001H036552UZPE01152001T48MT02EBS001H0365F0365
2|326|1|52|UZPE011|52001|T48|MT02|CONDOMINIO MONTERREY|APT1308MONTERREY|-77.267865|1.218988||52UZPE01152001T48MT02EBS001H0366|52UZPE01152001T48MT02EBS001H0366F0366|2|1|1|2|52UZPE01152001T48MT02EBS001|900091143|CC|98386323|GESTORCOMUNITARIO|52UZPE01152001T48MT02EBS001H0366F0366CF366|2025-07-14|4||1||3||1||1|2|11|5|3|2|20||2|13|0||1||1||1||1||7|2|3|1|1|1|1|2|2|2|2|2|2||2|2|1|1||6||1|2|2|1|2|1|2|2|1|52UZPE01152001T48MT02EBS001H036652UZPE01152001T48MT02EBS001H0366F0366
2|327|1|52|UZPE011|52001|T48|MT02|CONDOMINIO MONTERREY|TORRE3APTO1307|-77.26817|1.218942||52UZPE01152001T48MT02EBS001H0367|52UZPE01152001T48MT02EBS001H0367F0367|2|1|1|4|52UZPE01152001T48MT02EBS001|900091143|CC|1004236159|AUXILIARDEENFERMERIA|52UZPE01152001T48MT02EBS001H0367F0367CF367|2025-10-07|4||1||3||1||1|2|11|5|3|2|20||2|13|0||1||1||1||1||7|1|3|1|1|1|1|2|2|2|2|2|2||2|2|1|2||6||1|2|2|1|2|1|2|2|1|52UZPE01152001T48MT02EBS001H036752UZPE01152001T48MT02EBS001H0367F0367
2|328|1|52|UZPE011|52001|T48|MT02|CONDOMINIO MONTERREY|CR23DAPT303MONTERREYTORRE4|-77.266097|1.219003||52UZPE01152001T48MT02EBS001H0368|52UZPE01152001T48MT02EBS001H0368F0368|2|1|1|3|52UZPE01152001T48MT02EBS001|900091143|CC|1004236159|AUXILIARDEENFERMERIA|52UZPE01152001T48MT02EBS001H0368F0368CF368|2025-10-08|4||1||3||1||1|1|11|5|2|2|20||2|13|0||1||1||1||1||2|1|3|1|1|1|1|2|2|2|2|2|2||2|2|1|1||6||1|2|2|1|2|1|2|2|1|52UZPE01152001T48MT02EBS001H036852UZPE01152001T48MT02EBS001H0368F0368
2|329|1|52|UZPE011|52001|T48|MT02|CONDOMINIO MONTERREY|CR23DAPT303MONTERREYTORRE4|-77.266097|1.219003||52UZPE01152001T48MT02EBS001H0369|52UZPE01152001T48MT02EBS001H0369F0369|2|1|1|3|52UZPE01152001T48MT02EBS001|900091143|CC|1004236159|AUXILIARDEENFERMERIA|52UZPE01152001T48MT02EBS001H0369F0369CF369|2025-10-08|4||1||3||1||1|1|11|5|3|2|20||2|13|0||1||1||1||1||2|2|3|1|1|1|1|2|2|2|2|2|2||2|2|2|1||6||2|2|2|1|1|1|2|2|1|52UZPE01152001T48MT02EBS001H036952UZPE01152001T48MT02EBS001H0369F0369
2|330|1|52|UZPE011|52001|T48|MT02|CONDOMINIO MONTERREY|APT304TORRE4MONTERREY|-77.26702|1.219579||52UZPE01152001T48MT02EBS001H0370|52UZPE01152001T48MT02EBS001H0370F0370|2|1|1|1|52UZPE01152001T48MT02EBS001|900091143|CC|98386323|GESTORCOMUNITARIO|52UZPE01152001T48MT02EBS001H0370F0370CF370|2025-07-15|4||1||3||1||1|2|11|5|2|2|20||2|13|0||1||1||1||1||7|1|3|1|1|1|1|2|2|2|2|2|2||2|2|1|1||6||1|2|2|1|2|1|2|2|1|52UZPE01152001T48MT02EBS001H037052UZPE01152001T48MT02EBS001H0370F0370
2|331|1|52|UZPE011|52001|T48|MT02|CONDOMINIO MONTERREY|APT804MONTERREY|-77.26695|1.219208||52UZPE01152001T48MT02EBS001H0371|52UZPE01152001T48MT02EBS001H0371F0371|2|1|1|2|52UZPE01152001T48MT02EBS001|900091143|CC|98386323|GESTORCOMUNITARIO|52UZPE01152001T48MT02EBS001H0371F0371CF371|2025-07-15|4||1||3||1||1|2|11|5|3|2|20||2|13|0||1||1||1||1||7|2|3|1|1|1|1|2|2|2|2|2|2||2|2|1|1||6||1|2|2|1|2|1|2|2|1|52UZPE01152001T48MT02EBS001H037152UZPE01152001T48MT02EBS001H0371F0371
2|332|1|52|UZPE011|52001|T48|MT03|TORRES DEL CIELO|TORRESDECIELOTORRE3APTO1804|-77.267407|1.216752||52UZPE01152001T48MT03EBS001H0372|52UZPE01152001T48MT03EBS001H0372F0372|2|1|1|3|52UZPE01152001T48MT03EBS001|900091143|CC|36752202|AUXILIARDEENFERMERIA|52UZPE01152001T48MT03EBS001H0372F0372CF372|2025-07-28|4||1||3||1||2|2|11|1|3|2|20||2|13|0||1||1||1||1||1|3|3|1|1|1|1|2|2|2|2|2|2||2|2|1|2||6||1|2|2|1|1|1|2|2|1|52UZPE01152001T48MT03EBS001H037252UZPE01152001T48MT03EBS001H0372F0372
2|333|1|52|UZPE011|52001|T48|MT02|CONDOMINIO MONTERREY|APAR304TORRE5MONTERREY|-77.267516|1.218835||52UZPE01152001T48MT02EBS001H0373|52UZPE01152001T48MT02EBS001H0373F0373|2|1|1|4|52UZPE01152001T48MT02EBS001|900091143|CC|98386323|GESTORCOMUNITARIO|52UZPE01152001T48MT02EBS001H0373F0373CF373|2025-07-16|4||1||3||1||2|2|11|5|3|2|20||2|13|0||1||1||1||1||1|4|3|1|1|1|1|2|2|2|2|2|2||2|2|1|1||6||1|2|2|1|1|1|2|2|1|52UZPE01152001T48MT02EBS001H037352UZPE01152001T48MT02EBS001H0373F0373
2|334|1|52|UZPE011|52001|T48|MT02|CONDOMINIO MONTERREY|TORRE4APTO1206|-77.266959|1.219208||52UZPE01152001T48MT02EBS001H0374|52UZPE01152001T48MT02EBS001H0374F0374|2|1|1|3|52UZPE01152001T48MT02EBS001|900091143|CC|98386323|GESTORCOMUNITARIO|52UZPE01152001T48MT02EBS001H0374F0374CF374|2025-07-15|4||1||3||1||2|2|11|1|3|2|20||2|13|0||1||1||1||1||7|3|3|1|1|1|1|2|2|2|2|2|2||2|2|1|1||6||1|2|2|1|1|1|2|2|1|52UZPE01152001T48MT02EBS001H037452UZPE01152001T48MT02EBS001H0374F0374
2|335|1|52|UZPE011|52001|T48|MT03|TORRES DEL CIELO|TORRESDECIELOTORRE2APTO901|-77.267407|1.216752||52UZPE01152001T48MT03EBS001H0375|52UZPE01152001T48MT03EBS001H0375F0375|2|1|1|3|52UZPE01152001T48MT03EBS001|900091143|CC|36752202|AUXILIARDEENFERMERIA|52UZPE01152001T48MT03EBS001H0375F0375CF375|2025-07-28|4||1||3||1||2|2|11|1|3|2|20||2|13|0||1||1||1||1||1|3|3|1|1|1|1|2|2|2|2|2|2||2|2|1|1||6||1|2|2|1|1|1|2|2|1|52UZPE01152001T48MT03EBS001H037552UZPE01152001T48MT03EBS001H0375F0375
2|336|1|52|UZPE011|52001|T48|MT03|TORRES DEL CIELO|TORRESDECIELOTORRE3APTO304|-77.267407|1.216752||52UZPE01152001T48MT03EBS001H0376|52UZPE01152001T48MT03EBS001H0376F0376|2|1|1|1|52UZPE01152001T48MT03EBS001|900091143|CC|36752202|AUXILIARDEENFERMERIA|52UZPE01152001T48MT03EBS001H0376F0376CF376|2025-07-28|4||1||3||1||2|2|11|1|3|2|20||2|13|0||1||1||1||1||1|3|3|1|1|1|1|2|2|2|2|2|2||2|2|1|2||6||1|2|2|1|1|1|2|2|1|52UZPE01152001T48MT03EBS001H037652UZPE01152001T48MT03EBS001H0376F0376
2|337|1|52|UZPE011|52001|T48|MT03|TORRES DEL CIELO|TORRESDECIELOTORRE4APTO1801|-77.267035|1.216736||52UZPE01152001T48MT03EBS001H0377|52UZPE01152001T48MT03EBS001H0377F0377|2|1|1|4|52UZPE01152001T48MT03EBS001|900091143|CC|36752202|AUXILIARDEENFERMERIA|52UZPE01152001T48MT03EBS001H0377F0377CF377|2025-07-28|4||1||3||1||3|2|11|1|3|2|20||2|13|0||1||1||1||1||1|4|3|1|1|1|1|2|2|2|2|2|2||2|2|1|1||6||1|2|2|1|1|1|2|2|1|52UZPE01152001T48MT03EBS001H037752UZPE01152001T48MT03EBS001H0377F0377
2|338|1|52|UZPE011|52001|T48|MT02|CONDOMINIO MONTERREY|6CL282056|-77.267407|1.216752||52UZPE01152001T48MT02EBS001H0378|52UZPE01152001T48MT02EBS001H0378F0378|2|1|1|2|52UZPE01152001T48MT02EBS001|900091143|CC|1080900817|NUTRICIONISTA|52UZPE01152001T48MT02EBS001H0378F0378CF378|2025-07-28|4||1||3||1||2|2|11|4|3|2|20||2|13|0||1||1||1||1||1|2|3|2|1|1|1|2|2|2|2|2|2||2|2|1|2||9||1|2|2|1|1|1|2|2|1|52UZPE01152001T48MT02EBS001H037852UZPE01152001T48MT02EBS001H0378F0378
2|339|1|52|UZPE011|52001|T48|MT03|TORRES DEL CIELO|8CL282056|-77.267407|1.216752||52UZPE01152001T48MT03EBS001H0379|52UZPE01152001T48MT03EBS001H0379F0379|3|1|1|3|52UZPE01152001T48MT03EBS001|900091143|CC|1080900817|NUTRICIONISTA|52UZPE01152001T48MT03EBS001H0379F0379CF379|2025-07-28|4||1||3||1||2|2|11|4|3|2|20||1|13|0||1||1||1||1||1|3|3|2|1|1|1|2|2|2|2|2|2||2|2|1|2||9||1|2|2|1|2|1|2|2|1|52UZPE01152001T48MT03EBS001H037952UZPE01152001T48MT03EBS001H0379F0379
2|340|1|52|UZPE011|52001|T48|MT03|TORRES DEL CIELO|9CL282056|-77.267407|1.216752||52UZPE01152001T48MT03EBS001H0380|52UZPE01152001T48MT03EBS001H0380F0380|2|1|1|2|52UZPE01152001T48MT03EBS001|900091143|CC|1080900817|NUTRICIONISTA|52UZPE01152001T48MT03EBS001H0380F0380CF380|2025-07-28|4||1||3||1||2|2|11|4|3|2|20||2|13|0||1||1||1||1||1|2|3|2|1|1|1|2|2|2|2|2|2||2|2|1|2||9||1|2|2|1|1|1|2|2|1|52UZPE01152001T48MT03EBS001H038052UZPE01152001T48MT03EBS001H0380F0380
2|341|1|52|UZPE011|52001|T48|MT03|TORRES DEL CIELO|10CL282056|-77.267407|1.216752||52UZPE01152001T48MT03EBS001H0381|52UZPE01152001T48MT03EBS001H0381F0381|2|1|1|2|52UZPE01152001T48MT03EBS001|900091143|CC|1080900817|NUTRICIONISTA|52UZPE01152001T48MT03EBS001H0381F0381CF381|2025-07-28|4||1||3||1||2|1|11|4|3|2|20||1|13|0||1||1||1||1||1|2|3|2|1|1|1|2|2|2|2|2|2||2|2|1|2||9||1|2|2|1|2|1|2|2|1|52UZPE01152001T48MT03EBS001H038152UZPE01152001T48MT03EBS001H0381F0381
2|342|1|52|UZPE011|52001|T48|MT03|TORRES DEL CIELO|11CL282056|-77.267407|1.216752||52UZPE01152001T48MT03EBS001H0382|52UZPE01152001T48MT03EBS001H0382F0382|2|1|1|2|52UZPE01152001T48MT03EBS001|900091143|CC|1080900817|NUTRICIONISTA|52UZPE01152001T48MT03EBS001H0382F0382CF382|2025-07-28|4||1||3||1||1|2|11|4|3|2|20||2|13|0||1||1||1||1||1|2|3|2|1|1|1|2|2|2|2|2|2||2|2|1|2||9||1|2|2|1|2|1|2|2|1|52UZPE01152001T48MT03EBS001H038252UZPE01152001T48MT03EBS001H0382F0382
2|343|1|52|UZPE011|52001|T48|MT03|TORRES DEL CIELO|CR23B28A96TORRE4APTO1004|-77.267035|1.216736||52UZPE01152001T48MT03EBS001H0383|52UZPE01152001T48MT03EBS001H0383F0383|2|1|1|3|52UZPE01152001T48MT03EBS001|900091143|CC|36752202|AUXILIARDEENFERMERIA|52UZPE01152001T48MT03EBS001H0383F0383CF383|2025-07-28|4||1||3||1||1|2|11|1|3|2|20||2|13|0||1||1||1||1||7|1|3|1|1|1|1|2|2|2|2|2|2||2|2|1|2||6||1|2|2|1|1|1|2|2|1|52UZPE01152001T48MT03EBS001H038352UZPE01152001T48MT03EBS001H0383F0383
2|344|1|52|UZPE011|52001|T48|MT02|CONDOMINIO MONTERREY|TORRE4APARTAMENTO302|-77.267701|1.219044||52UZPE01152001T48MT02EBS001H0384|52UZPE01152001T48MT02EBS001H0384F0384|2|1|1|3|52UZPE01152001T48MT02EBS001|900091143|CC|98386323|GESTORCOMUNITARIO|52UZPE01152001T48MT02EBS001H0384F0384CF384|2025-07-15|4||1||3||1||2|2|11|2|3|2|20||2|13|0||1||1||1||1||1|3|3|1|1|1|1|2|2|2|2|2|2||2|2|1|2||6||1|2|2|1|1|1|2|2|1|52UZPE01152001T48MT02EBS001H038452UZPE01152001T48MT02EBS001H0384F0384
2|345|1|52|UZPE011|52001|T48|MT03|TORRES DEL CIELO|TORRE1APTO301|-77.267509|1.217213||52UZPE01152001T48MT03EBS001H0386|52UZPE01152001T48MT03EBS001H0386F0386|2|1|1|2|52UZPE01152001T48MT03EBS001|900091143|CC|1082748783|AUXILIARDEENFERMERIA|52UZPE01152001T48MT03EBS001H0386F0386CF386|2025-07-25|4||1||3||1||2|2|11|5|3|2|20||2|13|0||1||1||1||1||2|2|3|1|1|1|1|2|2|2|2|2|2||2|2|1|2||6||1|2|2|1|1|1|2|2|1|52UZPE01152001T48MT03EBS001H038652UZPE01152001T48MT03EBS001H0386F0386
2|346|1|52|UZPE011|52001|T48|MT02|CONDOMINIO MONTERREY|TORRE4APTO607|-77.267388|1.219299||52UZPE01152001T48MT02EBS001H0387|52UZPE01152001T48MT02EBS001H0387F0387|2|1|1|3|52UZPE01152001T48MT02EBS001|900091143|CC|1082748783|AUXILIARDEENFERMERIA|52UZPE01152001T48MT02EBS001H0387F0387CF387|2025-07-14|4||1||3||1||2|2|11|5|3|2|20||2|13|0||1||1||1||1||1|3|3|1|1|1|1|2|2|2|2|2|2||2|2|1|2||6||1|2|2|1|2|1|2|2|1|52UZPE01152001T48MT02EBS001H038752UZPE01152001T48MT02EBS001H0387F0387
2|347|1|52|UZPE011|52001|T48|MT02|CONDOMINIO MONTERREY|TORRE4APTO1102|-77.267388|1.219299||52UZPE01152001T48MT02EBS001H0388|52UZPE01152001T48MT02EBS001H0388F0388|2|1|1|2|52UZPE01152001T48MT02EBS001|900091143|CC|1082748783|AUXILIARDEENFERMERIA|52UZPE01152001T48MT02EBS001H0388F0388CF388|2025-07-15|4||1||3||1||2|2|11|5|3|2|20||2|13|0||1||1||1||1||2|1|3|1|1|1|1|2|2|2|2|2|2||2|2|1|2||6||1|2|2|1|1|1|2|2|1|52UZPE01152001T48MT02EBS001H038852UZPE01152001T48MT02EBS001H0388F0388
2|348|1|52|UZPE011|52001|T48|MT02|CONDOMINIO MONTERREY|TORRE4APTO1103|-77.267388|1.219299||52UZPE01152001T48MT02EBS001H0389|52UZPE01152001T48MT02EBS001H0389F0389|2|1|1|2|52UZPE01152001T48MT02EBS001|900091143|CC|1082748783|AUXILIARDEENFERMERIA|52UZPE01152001T48MT02EBS001H0389F0389CF389|2025-07-16|4||1||3||1||2|2|11|5|3|2|20||2|13|0||1||1||1||1||4|2|3|1|1|1|1|2|2|2|2|2|2||2|2|1|2||6||1|2|2|1|1|1|2|2|1|52UZPE01152001T48MT02EBS001H038952UZPE01152001T48MT02EBS001H0389F0389
2|349|1|52|UZPE011|52001|T48|MT02|CONDOMINIO MONTERREY|TORRE4APTO1107|-77.267388|1.219299||52UZPE01152001T48MT02EBS001H0390|52UZPE01152001T48MT02EBS001H0390F0390|2|1|1|1|52UZPE01152001T48MT02EBS001|900091143|CC|1082748783|AUXILIARDEENFERMERIA|52UZPE01152001T48MT02EBS001H0390F0390CF390|2025-07-16|4||1||3||1||2|2|11|5|3|2|20||2|13|0||1||1||1||1||7|1|3|1|1|1|1|2|2|2|2|2|2||2|2|1|2||6||1|2|2|1|1|1|2|2|1|52UZPE01152001T48MT02EBS001H039052UZPE01152001T48MT02EBS001H0390F0390
2|350|1|52|UZPE011|52001|T48|MT02|CONDOMINIO MONTERREY|APTO601TORRE5|-77.267809|1.218944||52UZPE01152001T48MT02EBS001H0391|52UZPE01152001T48MT02EBS001H0391F0391|2|1|1|2|52UZPE01152001T48MT02EBS001|900091143|CC|98386323|GESTORCOMUNITARIO|52UZPE01152001T48MT02EBS001H0391F0391CF391|2025-07-16|4||1||3||1||2|2|11|5|3|2|20||2|13|0||1||1||1||1||1|2|3|1|1|1|1|2|2|2|2|2|2||2|2|1|2||6||1|2|2|1|2|1|2|2|1|52UZPE01152001T48MT02EBS001H039152UZPE01152001T48MT02EBS001H0391F0391
2|351|1|52|UZPE011|52001|T48|MT03|TORRES DEL CIELO|TORRESDECIELOTORREAPTO103|-77.267035|1.216736||52UZPE01152001T48MT03EBS001H0392|52UZPE01152001T48MT03EBS001H0392F0392|2|1|1|2|52UZPE01152001T48MT03EBS001|900091143|CC|36752202|AUXILIARDEENFERMERIA|52UZPE01152001T48MT03EBS001H0392F0392CF392|2025-07-28|4||1||3||1||3|2|11|2|3|2|20||2|13|0||1||1||1||1||2|2|3|1|1|1|1|2|2|2|2|2|2||2|2|1|1||6||1|2|2|1|1|1|2|2|1|52UZPE01152001T48MT03EBS001H039252UZPE01152001T48MT03EBS001H0392F0392
2|352|1|52|UZPE011|52001|T48|MT03|TORRES DEL CIELO|APTO303TORRESDELCIELO2|-77.267516|1.216083||52UZPE01152001T48MT03EBS001H0394|52UZPE01152001T48MT03EBS001H0394F0394|3|1|1|1|52UZPE01152001T48MT03EBS001|900091143|CC|1085261053|AUXILIARDEENFERMERIA|52UZPE01152001T48MT03EBS001H0394F0394CF394|2025-07-31|4||1||3||1||1|2|11|5|3|2|20||2|13|0||1||1||1||1||7|1|2|1|1|1|2|2|2|2|2|2|2||2|2|1|2||6||1|2|2|1|1|1|2|2|1|52UZPE01152001T48MT03EBS001H039452UZPE01152001T48MT03EBS001H0394F0394
2|353|1|52|UZPE011|52001|T48|MT03|TORRES DEL CIELO|TORRESDECIELOTORREAPTO801|-77.26677|1.216222||52UZPE01152001T48MT03EBS001H0395|52UZPE01152001T48MT03EBS001H0395F0395|2|1|1|3|52UZPE01152001T48MT03EBS001|900091143|CC|36752202|AUXILIARDEENFERMERIA|52UZPE01152001T48MT03EBS001H0395F0395CF395|2025-07-31|4||1||3||1||3|2|11|1|3|2|20||2|13|0||1||1||1||1||1|3|3|1|1|1|1|2|2|2|2|2|2||2|2|1|2||6||1|2|2|1|1|1|2|2|1|52UZPE01152001T48MT03EBS001H039552UZPE01152001T48MT03EBS001H0395F0395
2|354|1|52|UZPE011|52001|T48|MT03|TORRES DEL CIELO|APTO504TORRESDELCIELO2|-77.267411|1.216209||52UZPE01152001T48MT03EBS001H0396|52UZPE01152001T48MT03EBS001H0396F0396|3|1|1|2|52UZPE01152001T48MT03EBS001|900091143|CC|1085261053|AUXILIARDEENFERMERIA|52UZPE01152001T48MT03EBS001H0396F0396CF396|2025-07-31|4||1||3||1||2|2|11|5|3|2|20||2|13|0||1||1||1||1||2|2|3|1|1|1|1|2|2|2|2|2|2||2|2|1|1||6||1|2|2|1|2|1|2|2|1|52UZPE01152001T48MT03EBS001H039652UZPE01152001T48MT03EBS001H0396F0396
2|355|1|52|UZPE011|52001|T48|MT03|TORRES DEL CIELO|12CL282056|-77.267232|1.215803||52UZPE01152001T48MT03EBS001H0397|52UZPE01152001T48MT03EBS001H0397F0397|2|1|1|2|52UZPE01152001T48MT03EBS001|900091143|CC|1080900817|NUTRICIONISTA|52UZPE01152001T48MT03EBS001H0397F0397CF397|2025-07-31|4||1||3||1||1|2|11|4|3|2|20||2|13|0||1||1||1||1||1|2|3|3|1|1|1|2|2|2|2|2|2||2|2|1|2||9||1|2|2|1|2|1|2|2|1|52UZPE01152001T48MT03EBS001H039752UZPE01152001T48MT03EBS001H0397F0397
2|356|1|52|UZPE011|52001|T48|MT03|TORRES DEL CIELO|TORRESDECIELOTORRETORRE5APTO1103|-77.26677|1.216222||52UZPE01152001T48MT03EBS001H0398|52UZPE01152001T48MT03EBS001H0398F0398|2|1|1|2|52UZPE01152001T48MT03EBS001|900091143|CC|36752202|AUXILIARDEENFERMERIA|52UZPE01152001T48MT03EBS001H0398F0398CF398|2025-07-31|4||1||3||1||2|2|11|1|3|2|20||2|13|0||1||1||1||1||4|2|3|1|1|1|1|2|2|2|2|2|2||2|2|1|1||6||1|2|2|1|2|1|2|2|1|52UZPE01152001T48MT03EBS001H039852UZPE01152001T48MT03EBS001H0398F0398
2|357|1|52|UZPE011|52001|T48|MT03|TORRES DEL CIELO|13CL282056|-77.267232|1.215803||52UZPE01152001T48MT03EBS001H0399|52UZPE01152001T48MT03EBS001H0399F0399|2|1|1|3|52UZPE01152001T48MT03EBS001|900091143|CC|1080900817|NUTRICIONISTA|52UZPE01152001T48MT03EBS001H0399F0399CF399|2025-07-31|4||1||3||1||2|2|11|4|3|2|20||2|13|0||1||1||1||1||1|3|3|2|1|1|1|2|2|2|2|2|2||2|2|1|2||9||1|2|2|1|2|1|2|2|1|52UZPE01152001T48MT03EBS001H039952UZPE01152001T48MT03EBS001H0399F0399
2|358|1|52|UZPE011|52001|T48|MT03|TORRES DEL CIELO|TORRESDECIELOTORREAPTO1005|-77.26677|1.21622||52UZPE01152001T48MT03EBS001H0400|52UZPE01152001T48MT03EBS001H0400F0400|2|1|1|1|52UZPE01152001T48MT03EBS001|900091143|CC|36752202|AUXILIARDEENFERMERIA|52UZPE01152001T48MT03EBS001H0400F0400CF400|2025-07-31|4||1||3||1||1|2|11|5|3|2|20||2|13|0||1||1||1||1||7|1|3|1|1|1|1|2|2|2|2|2|2||2|2|1|2||6||1|2|2|1|1|1|2|2|1|52UZPE01152001T48MT03EBS001H040052UZPE01152001T48MT03EBS001H0400F0400
2|359|1|52|UZPE011|52001|T48|MT03|TORRES DEL CIELO|APTO1001TORRESDELCIELO2|-77.267351|1.216233||52UZPE01152001T48MT03EBS001H0401|52UZPE01152001T48MT03EBS001H0401F0401|3|2|2|2|52UZPE01152001T48MT03EBS001|900091143|CC|1085261053|AUXILIARDEENFERMERIA|52UZPE01152001T48MT03EBS001H0401F0401CF401|2025-07-31|4||1||3||1||1|2|11|5|3|2|20||2|13|0||1||1||1||1||1|3|3|1|1|1|1|2|2|2|2|2|2||2|2|2|2||6||2|2|2|1|1|1|2|2|1|52UZPE01152001T48MT03EBS001H040152UZPE01152001T48MT03EBS001H0401F0401
2|360|1|52|UZPE011|52001|T48|MT03|TORRES DEL CIELO|APTO1001TORRESDELCIELO2|-77.267351|1.216233||52UZPE01152001T48MT03EBS001H0402|52UZPE01152001T48MT03EBS001H0402F0402|3|2|2|2|52UZPE01152001T48MT03EBS001|900091143|CC|1085261053|AUXILIARDEENFERMERIA|52UZPE01152001T48MT03EBS001H0402F0402CF402|2025-07-31|4||1||3||1||1|2|11|5|3|2|20||2|13|0||1||1||1||1||4|3|3|1|1|1|1|2|2|2|2|2|2||2|2|1|2||6||1|2|2|1|2|1|2|2|1|52UZPE01152001T48MT03EBS001H040252UZPE01152001T48MT03EBS001H0402F0402
2|361|1|52|UZPE011|52001|T48|MT03|TORRES DEL CIELO|14CL282056|-77.267232|1.215803||52UZPE01152001T48MT03EBS001H0403|52UZPE01152001T48MT03EBS001H0403F0403|2|1|1|2|52UZPE01152001T48MT03EBS001|900091143|CC|1080900817|NUTRICIONISTA|52UZPE01152001T48MT03EBS001H0403F0403CF403|2025-07-31|4||1||3||1||1|2|11|4|3|2|20||2|13|0||1||1||1||1||1|2|3|2|1|1|1|2|2|2|2|2|2||2|2|1|2||9||1|2|2|1|1|1|2|2|1|52UZPE01152001T48MT03EBS001H040352UZPE01152001T48MT03EBS001H0403F0403
2|362|1|52|UZPE011|52001|T48|MT03|TORRES DEL CIELO|TORRE1APTO1504|-77.267509|1.217213||52UZPE01152001T48MT03EBS001H0404|52UZPE01152001T48MT03EBS001H0404F0404|2|1|1|2|52UZPE01152001T48MT03EBS001|900091143|CC|1082748783|AUXILIARDEENFERMERIA|52UZPE01152001T48MT03EBS001H0404F0404CF404|2025-07-25|4||1||3||1||2|2|11|5|3|2|20||2|13|0||1||1||1||1||2|2|3|1|1|1|1|2|2|2|2|2|2||2|2|1|2||6||1|2|2|1|1|1|2|2|1|52UZPE01152001T48MT03EBS001H040452UZPE01152001T48MT03EBS001H0404F0404
2|363|1|52|UZPE011|52001|T48|MT03|TORRES DEL CIELO|APTO1601TORRESDELCIELO2|-77.267424|1.216148||52UZPE01152001T48MT03EBS001H0405|52UZPE01152001T48MT03EBS001H0405F0405|3|1|1|2|52UZPE01152001T48MT03EBS001|900091143|CC|1085261053|AUXILIARDEENFERMERIA|52UZPE01152001T48MT03EBS001H0405F0405CF405|2025-07-31|4||1||3||1||1|2|11|5|3|2|20||2|13|0||1||1||1||1||1|2|3|1|1|1|1|2|2|2|2|2|2||2|2|2|1||6||2|2|2|1|2|1|2|2|1|52UZPE01152001T48MT03EBS001H040552UZPE01152001T48MT03EBS001H0405F0405
2|364|1|52|UZPE011|52001|T48|MT03|TORRES DEL CIELO|TORRE1APTO1501|-77.267509|1.217213||52UZPE01152001T48MT03EBS001H0406|52UZPE01152001T48MT03EBS001H0406F0406|2|1|1|3|52UZPE01152001T48MT03EBS001|900091143|CC|1082748783|AUXILIARDEENFERMERIA|52UZPE01152001T48MT03EBS001H0406F0406CF406|2025-07-25|4||1||3||1||3|2|11|5|3|2|20||2|13|0||1||1||1||1||1|3|3|1|1|1|1|2|2|2|2|2|2||2|2|1|2||6||1|2|2|1|1|1|2|2|1|52UZPE01152001T48MT03EBS001H040652UZPE01152001T48MT03EBS001H0406F0406
2|365|1|52|UZPE011|52001|T48|MT02|CONDOMINIO MONTERREY|APTO1101TORRE1|-77.267809|1.218944||52UZPE01152001T48MT02EBS001H0407|52UZPE01152001T48MT02EBS001H0407F0407|2|1|1|2|52UZPE01152001T48MT02EBS001|900091143|CC|98386323|GESTORCOMUNITARIO|52UZPE01152001T48MT02EBS001H0407F0407CF407|2025-07-17|4||1||3||1||1|2|11|5|3|2|20||2|13|0||1||1||1||1||1|2|3|1|1|1|1|2|2|2|2|2|2||2|2|1|2||6||1|2|2|1|1|1|2|2|1|52UZPE01152001T48MT02EBS001H040752UZPE01152001T48MT02EBS001H0407F0407
2|366|1|52|UZPE011|52001|T48|MT03|TORRES DEL CIELO|APTO1802TORRESDELCIELO2|-77.268637|1.216847||52UZPE01152001T48MT03EBS001H0408|52UZPE01152001T48MT03EBS001H0408F0408|3|2|2|2|52UZPE01152001T48MT03EBS001|900091143|CC|1085261053|AUXILIARDEENFERMERIA|52UZPE01152001T48MT03EBS001H0408F0408CF408|2025-07-31|4||1||3||1||1|2|11|5|2|2|20||2|13|0||1||1||1||1||1|2|3|1|1|1|1|2|2|2|2|2|2||2|2|1|1||6||1|2|2|1|2|1|2|2|1|52UZPE01152001T48MT03EBS001H040852UZPE01152001T48MT03EBS001H0408F0408
2|367|1|52|UZPE011|52001|T48|MT03|TORRES DEL CIELO|APTO1802TORRESDELCIELO2|-77.268637|1.216847||52UZPE01152001T48MT03EBS001H0409|52UZPE01152001T48MT03EBS001H0409F0409|3|2|2|2|52UZPE01152001T48MT03EBS001|900091143|CC|1085261053|AUXILIARDEENFERMERIA|52UZPE01152001T48MT03EBS001H0409F0409CF409|2025-07-31|4||1||3||1||1|2|11|5|2|2|20||2|13|0||1||1||1||1||1|3|3|1|1|1|1|2|2|2|2|2|2||2|2|2|2||6||2|2|2|1|1|1|2|2|1|52UZPE01152001T48MT03EBS001H040952UZPE01152001T48MT03EBS001H0409F0409
2|368|1|52|UZPE011|52001|T48|MT03|TORRES DEL CIELO|APTO704TORRESDELCIELO2|-77.267381|1.216249||52UZPE01152001T48MT03EBS001H0410|52UZPE01152001T48MT03EBS001H0410F0410|3|2|2|3|52UZPE01152001T48MT03EBS001|900091143|CC|1085261053|AUXILIARDEENFERMERIA|52UZPE01152001T48MT03EBS001H0410F0410CF410|2025-07-31|4||1||3||1||2|2|11|5|3|2|20||2|13|0||1||1||1||1||1|3|3|1|1|1|1|2|2|2|2|2|2||2|2|1|1||6||1|2|2|1|1|1|2|2|1|52UZPE01152001T48MT03EBS001H041052UZPE01152001T48MT03EBS001H0410F0410
2|369|1|52|UZPE011|52001|T48|MT03|TORRES DEL CIELO|APTO704TORRESDELCIELO2|-77.267381|1.216249||52UZPE01152001T48MT03EBS001H0411|52UZPE01152001T48MT03EBS001H0411F0411|3|2|2|3|52UZPE01152001T48MT03EBS001|900091143|CC|1085261053|AUXILIARDEENFERMERIA|52UZPE01152001T48MT03EBS001H0411F0411CF411|2025-07-31|4||1||3||1||2|2|11|5|3|2|20||2|13|0||1||1||1||1||7|1|3|1|1|1|1|2|2|2|2|2|2||2|2|2|2||6||2|2|2|1|2|1|2|2|1|52UZPE01152001T48MT03EBS001H041152UZPE01152001T48MT03EBS001H0411F0411
2|370|1|52|UZPE011|52001|T48|MT03|TORRES DEL CIELO|TORRE2APTO1501|-77.267509|1.217213||52UZPE01152001T48MT03EBS001H0412|52UZPE01152001T48MT03EBS001H0412F0412|2|1|1|4|52UZPE01152001T48MT03EBS001|900091143|CC|1082748783|AUXILIARDEENFERMERIA|52UZPE01152001T48MT03EBS001H0412F0412CF412|2025-07-25|4||1||3||1||3|2|11|5|3|2|20||2|13|0||1||1||1||1||1|4|3|1|1|1|1|2|2|2|2|2|2||2|2|1|1||6||1|2|2|1|1|1|2|2|1|52UZPE01152001T48MT03EBS001H041252UZPE01152001T48MT03EBS001H0412F0412
2|371|1|52|UZPE011|52001|T48|MT03|TORRES DEL CIELO|TORRE2APTO702|-77.267454|1.217032||52UZPE01152001T48MT03EBS001H0413|52UZPE01152001T48MT03EBS001H0413F0413|2|1|1|1|52UZPE01152001T48MT03EBS001|900091143|CC|1082748783|AUXILIARDEENFERMERIA|52UZPE01152001T48MT03EBS001H0413F0413CF413|2025-07-25|4||1||3||1||1|2|11|5|3|2|20||2|13|0||1||1||1||1||7|1|3|1|1|1|1|2|2|2|2|2|2||2|2|2|2||6||2|2|2|1|1|1|2|2|1|52UZPE01152001T48MT03EBS001H041352UZPE01152001T48MT03EBS001H0413F0413
2|372|1|52|UZPE011|52001|T48|MT03|TORRES DEL CIELO|TORRE2APTO603|-77.267454|1.217032||52UZPE01152001T48MT03EBS001H0414|52UZPE01152001T48MT03EBS001H0414F0414|2|1|1|2|52UZPE01152001T48MT03EBS001|900091143|CC|1082748783|AUXILIARDEENFERMERIA|52UZPE01152001T48MT03EBS001H0414F0414CF414|2025-07-25|4||1||3||1||2|2|11|5|3|2|20||2|13|0||1||1||1||1||2|2|3|1|1|1|1|2|2|2|2|2|2||2|2|1|2||6||1|2|2|1|1|1|2|2|1|52UZPE01152001T48MT03EBS001H041452UZPE01152001T48MT03EBS001H0414F0414
2|373|1|52|UZPE011|52001|T48|MT03|TORRES DEL CIELO|APTO1802TORRESDELCIELO1|-77.268655|1.21687||52UZPE01152001T48MT03EBS001H0415|52UZPE01152001T48MT03EBS001H0415F0415|3|1|1|3|52UZPE01152001T48MT03EBS001|900091143|CC|1085261053|AUXILIARDEENFERMERIA|52UZPE01152001T48MT03EBS001H0415F0415CF415|2025-08-01|4||1||3||1||2|2|11|5|3|2|17||2|13|0||1||1||1||1||1|3|3|1|1|1|1|2|2|2|2|2|2||2|2|2|1||6||2|2|2|1|1|1|2|2|1|52UZPE01152001T48MT03EBS001H041552UZPE01152001T48MT03EBS001H0415F0415
2|374|1|52|UZPE011|52001|T48|MT02|CONDOMINIO MONTERREY|APTO1102TORRE5|-77.267376|1.218977||52UZPE01152001T48MT02EBS001H0416|52UZPE01152001T48MT02EBS001H0416F0416|2|1|1|1|52UZPE01152001T48MT02EBS001|900091143|CC|98386323|GESTORCOMUNITARIO|52UZPE01152001T48MT02EBS001H0416F0416CF416|2025-07-16|4||1||3||1||1|2|11|5|3|2|20||2|13|0||1||1||1||1||7|1|3|1|1|1|1|2|2|2|2|2|2||2|2|1|1||6||1|2|2|1|1|1|2|2|1|52UZPE01152001T48MT02EBS001H041652UZPE01152001T48MT02EBS001H0416F0416
2|375|1|52|UZPE011|52001|T48|MT02|CONDOMINIO MONTERREY|APTO1402TORRE5|-77.267259|1.219426||52UZPE01152001T48MT02EBS001H0417|52UZPE01152001T48MT02EBS001H0417F0417|2|1|1|2|52UZPE01152001T48MT02EBS001|900091143|CC|98386323|GESTORCOMUNITARIO|52UZPE01152001T48MT02EBS001H0417F0417CF417|2025-07-16|4||1||3||1||2|2|11|1|3|2|20||2|13|0||1||1||1||1||2|2|3|1|1|1|1|2|2|2|2|2|2||2|2|1|2||6||1|2|2|1|2|1|2|2|1|52UZPE01152001T48MT02EBS001H041752UZPE01152001T48MT02EBS001H0417F0417
2|376|1|52|UZPE011|52001|T48|MT02|CONDOMINIO MONTERREY|APAT1101MONTERREY|-77.267095|1.218354||52UZPE01152001T48MT02EBS001H0418|52UZPE01152001T48MT02EBS001H0418F0418|2|1|1|2|52UZPE01152001T48MT02EBS001|900091143|CC|98386323|GESTORCOMUNITARIO|52UZPE01152001T48MT02EBS001H0418F0418CF418|2025-07-18|4||1||3||1||1|2|11|5|2|2|20||2|13|0||1||1||1||1||7|2|3|1|1|1|1|2|2|2|2|2|2||2|2|1|1||6||1|2|2|1|2|1|2|2|1|52UZPE01152001T48MT02EBS001H041852UZPE01152001T48MT02EBS001H0418F0418
2|377|1|52|UZPE011|52001|T48|MT02|CONDOMINIO MONTERREY|APAT1104MONTERREYTORRE6|-77.267095|1.218354||52UZPE01152001T48MT02EBS001H0419|52UZPE01152001T48MT02EBS001H0419F0419|1|1|1|1|52UZPE01152001T48MT02EBS001|900091143|CC|98386323|GESTORCOMUNITARIO|52UZPE01152001T48MT02EBS001H0419F0419CF419|2025-07-18|4||1||3||1||1|2|11|5|2|2|20||2|13|0||1||1||1||1||7|1|3|1|1|1|1|2|2|2|2|2|2||2|2|1|2||6||1|2|2|1|2|1|2|2|1|52UZPE01152001T48MT02EBS001H041952UZPE01152001T48MT02EBS001H0419F0419
2|378|1|52|UZPE011|52001|T48|MT02|CONDOMINIO MONTERREY|APAT1106MONTERREYTORRE6|-77.267095|1.218354||52UZPE01152001T48MT02EBS001H0420|52UZPE01152001T48MT02EBS001H0420F0420|2|1|1|1|52UZPE01152001T48MT02EBS001|900091143|CC|98386323|GESTORCOMUNITARIO|52UZPE01152001T48MT02EBS001H0420F0420CF420|2025-07-18|4||1||3||1||1|2|11|5|3|2|20||2|13|0||1||1||1||1||7|1|3|1|1|1|1|2|2|2|2|2|2||2|2|1|2||6||1|2|2|1|2|1|2|2|1|52UZPE01152001T48MT02EBS001H042052UZPE01152001T48MT02EBS001H0420F0420
2|379|1|52|UZPE011|52001|T48|MT02|CONDOMINIO MONTERREY|APAT1107TORRE6MONTERREY|-77.267095|1.218354||52UZPE01152001T48MT02EBS001H0421|52UZPE01152001T48MT02EBS001H0421F0421|2|1|1|3|52UZPE01152001T48MT02EBS001|900091143|CC|98386323|GESTORCOMUNITARIO|52UZPE01152001T48MT02EBS001H0421F0421CF421|2025-07-28|4||1||3||1||3|2|11|5|3|2|20||2|13|0||1||1||1||1||7|1|3|1|1|1|1|2|2|2|2|2|2||2|2|1|1||6||1|2|2|1|2|1|2|2|1|52UZPE01152001T48MT02EBS001H042152UZPE01152001T48MT02EBS001H0421F0421
2|380|1|52|UZPE011|52001|T48|MT02|CONDOMINIO MONTERREY|APAT2001TORRE7MONTERREY|-77.26646|1.218574||52UZPE01152001T48MT02EBS001H0422|52UZPE01152001T48MT02EBS001H0422F0422|2|1|1|2|52UZPE01152001T48MT02EBS001|900091143|CC|98386323|GESTORCOMUNITARIO|52UZPE01152001T48MT02EBS001H0422F0422CF422|2025-07-28|4||1||3||1||2|2|11|5|2|2|20||2|13|0||1||1||1||1||1|2|3|1|1|1|1|2|2|2|2|2|2||2|2|1|1||6||1|2|2|1|2|1|2|2|1|52UZPE01152001T48MT02EBS001H042252UZPE01152001T48MT02EBS001H0422F0422
2|381|1|52|UZPE011|52001|T48|MT02|CONDOMINIO MONTERREY|APAT705MONTERREYTORRE7|-77.266646|1.218554||52UZPE01152001T48MT02EBS001H0423|52UZPE01152001T48MT02EBS001H0423F0423|1|1|1|2|52UZPE01152001T48MT02EBS001|900091143|CC|98386323|GESTORCOMUNITARIO|52UZPE01152001T48MT02EBS001H0423F0423CF423|2025-07-28|4||1||3||1||2|2|11|5|2|2|20||1|13|0||1||1||1||1||1|2|3|1|1|1|1|2|2|2|2|2|2||2|2|1|1||6||1|2|2|1|2|1|2|2|1|52UZPE01152001T48MT02EBS001H042352UZPE01152001T48MT02EBS001H0423F0423
2|382|1|52|UZPE011|52001|T48|MT03|TORRES DEL CIELO|TORRE5APTO104|-77.267735|1.217139||52UZPE01152001T48MT03EBS001H0424|52UZPE01152001T48MT03EBS001H0424F0424|2|1|1|2|52UZPE01152001T48MT03EBS001|900091143|CC|1082748783|AUXILIARDEENFERMERIA|52UZPE01152001T48MT03EBS001H0424F0424CF424|2025-07-31|4||1||3||1||2|2|11|5|3|2|20||2|13|0||1||1||1||1||2|2|3|1|1|1|1|2|2|2|2|2|2||2|2|1|1||6||1|2|2|1|1|1|2|2|1|52UZPE01152001T48MT03EBS001H042452UZPE01152001T48MT03EBS001H0424F0424
2|383|1|52|UZPE011|52001|T48|MT03|TORRES DEL CIELO|APTO1504TORRESDELCIELO1|-77.268655|1.21687||52UZPE01152001T48MT03EBS001H0425|52UZPE01152001T48MT03EBS001H0425F0425|3|1|1|3|52UZPE01152001T48MT03EBS001|900091143|CC|1085261053|AUXILIARDEENFERMERIA|52UZPE01152001T48MT03EBS001H0425F0425CF425|2025-08-01|4||1||3||1||2|2|11|5|3|2|17||2|13|0||1||1||1||1||1|3|2|1|1|1|2|2|2|2|2|2|2||2|2|1|1||6||1|2|2|1|1|1|2|2|1|52UZPE01152001T48MT03EBS001H042552UZPE01152001T48MT03EBS001H0425F0425
2|384|1|52|UZPE011|52001|T48|MT03|TORRES DEL CIELO|TORRE5APTO1004|-77.267735|1.217139||52UZPE01152001T48MT03EBS001H0426|52UZPE01152001T48MT03EBS001H0426F0426|2|1|1|3|52UZPE01152001T48MT03EBS001|900091143|CC|1082748783|AUXILIARDEENFERMERIA|52UZPE01152001T48MT03EBS001H0426F0426CF426|2025-07-31|4||1||3||1||3|2|11|5|3|2|20||2|13|0||1||1||1||1||1|3|3|1|1|1|1|2|2|2|2|2|2||2|2|1|1||6||1|2|2|1|1|1|2|2|1|52UZPE01152001T48MT03EBS001H042652UZPE01152001T48MT03EBS001H0426F0426
2|385|1|52|UZPE011|52001|T48|MT03|TORRES DEL CIELO|TORRE5APTO1404|-77.267735|1.217139||52UZPE01152001T48MT03EBS001H0427|52UZPE01152001T48MT03EBS001H0427F0427|2|1|1|1|52UZPE01152001T48MT03EBS001|900091143|CC|1082748783|AUXILIARDEENFERMERIA|52UZPE01152001T48MT03EBS001H0427F0427CF427|2025-07-31|4||1||3||1||1|2|11|5|3|2|20||2|13|0||1||1||1||1||7|1|3|1|1|1|1|2|2|2|2|2|2||2|2|1|1||6||1|2|2|1|1|1|2|2|1|52UZPE01152001T48MT03EBS001H042752UZPE01152001T48MT03EBS001H0427F0427
2|386|1|52|UZPE011|52001|T48|MT03|TORRES DEL CIELO|APTO1202TORRESDELCIELO1|-77.268655|1.21687||52UZPE01152001T48MT03EBS001H0428|52UZPE01152001T48MT03EBS001H0428F0428|3|1|1|2|52UZPE01152001T48MT03EBS001|900091143|CC|1085261053|AUXILIARDEENFERMERIA|52UZPE01152001T48MT03EBS001H0428F0428CF428|2025-08-01|4||1||1||1||1|2|11|5|3|2|20||2|13|0||1||1||1||1||1|2|3|1|1|1|1|2|2|2|2|2|2||2|2|2|2||6||2|2|2|1|2|1|2|2|1|52UZPE01152001T48MT03EBS001H042852UZPE01152001T48MT03EBS001H0428F0428
2|387|1|52|UZPE011|52001|T48|MT03|TORRES DEL CIELO|APTO404TORRESDELCIELO1|-77.268655|1.21687||52UZPE01152001T48MT03EBS001H0429|52UZPE01152001T48MT03EBS001H0429F0429|3|1|1|3|52UZPE01152001T48MT03EBS001|900091143|CC|1085261053|AUXILIARDEENFERMERIA|52UZPE01152001T48MT03EBS001H0429F0429CF429|2025-08-01|4||1||3||1||3|2|11|5|3|2|20||2|13|0||1||1||1||1||2|3|3|1|1|1|1|2|2|2|2|2|2||2|2|2|1||6||2|2|2|1|2|1|2|2|1|52UZPE01152001T48MT03EBS001H042952UZPE01152001T48MT03EBS001H0429F0429
2|388|1|52|UZPE011|52001|T48|MT03|TORRES DEL CIELO|TORRESDELCIELO1APTO1802|-77.268105|1.216896||52UZPE01152001T48MT03EBS001H0430|52UZPE01152001T48MT03EBS001H0430F0430|3|1|1|1|52UZPE01152001T48MT03EBS001|900091143|CC|1085261053|AUXILIARDEENFERMERIA|52UZPE01152001T48MT03EBS001H0430F0430CF430|2025-08-01|4||1||1||1||1|2|11|5|3|2|20||2|13|0||1||1||1||1||7|1|2|1|1|1|1|2|2|2|2|2|2||2|2|1|2||6||1|2|2|1|1|1|2|2|1|52UZPE01152001T48MT03EBS001H043052UZPE01152001T48MT03EBS001H0430F0430
2|389|1|52|UZPE011|52001|T48|MT03|TORRES DEL CIELO|TORRESDECIELOTORRE3APTO302|-77.26677|1.216222||52UZPE01152001T48MT03EBS001H0431|52UZPE01152001T48MT03EBS001H0431F0431|2|1|1|3|52UZPE01152001T48MT03EBS001|900091143|CC|36752202|AUXILIARDEENFERMERIA|52UZPE01152001T48MT03EBS001H0431F0431CF431|2025-07-31|4||1||3||1||2|2|11|5|3|2|20||2|13|0||1||1||1||1||1|3|3|1|1|1|1|2|2|2|2|2|2||2|2|1|1||6||1|2|2|1|1|1|2|2|1|52UZPE01152001T48MT03EBS001H043152UZPE01152001T48MT03EBS001H0431F0431
2|390|1|52|UZPE011|52001|T48|MT03|TORRES DEL CIELO|TORRESDECIELOTORRE6APTO1303|-77.26677|1.216222||52UZPE01152001T48MT03EBS001H0432|52UZPE01152001T48MT03EBS001H0432F0432|2|1|1|1|52UZPE01152001T48MT03EBS001|900091143|CC|36752202|AUXILIARDEENFERMERIA|52UZPE01152001T48MT03EBS001H0432F0432CF432|2025-07-31|4||1||3||1||1|2|11|1|3|2|20||2|13|0||1||1||1||1||7|1|3|1|1|1|1|2|2|2|2|2|2||2|2|1|1||6||1|2|2|1|1|1|2|2|1|52UZPE01152001T48MT03EBS001H043252UZPE01152001T48MT03EBS001H0432F0432
2|391|1|52|UZPE011|52001|T48|MT03|TORRES DEL CIELO|TORRESDECIELOTORRE6APTO804|-77.26677|1.216222||52UZPE01152001T48MT03EBS001H0433|52UZPE01152001T48MT03EBS001H0433F0433|2|1|1|2|52UZPE01152001T48MT03EBS001|900091143|CC|36752202|AUXILIARDEENFERMERIA|52UZPE01152001T48MT03EBS001H0433F0433CF433|2025-07-31|4||1||3||1||1|2|11|1|3|2|20||2|13|0||1||1||1||1||1|2|3|1|1|1|1|2|2|2|2|2|2||2|2|1|2||6||1|2|2|1|1|1|2|2|1|52UZPE01152001T48MT03EBS001H043352UZPE01152001T48MT03EBS001H0433F0433
2|392|1|52|UZPE011|52001|T48|MT03|TORRES DEL CIELO|APTO1502TORRESDELCIELO1|-77.268105|1.216896||52UZPE01152001T48MT03EBS001H0434|52UZPE01152001T48MT03EBS001H0434F0434|3|1|1|2|52UZPE01152001T48MT03EBS001|900091143|CC|1085261053|AUXILIARDEENFERMERIA|52UZPE01152001T48MT03EBS001H0434F0434CF434|2025-08-01|4||1||3||1||2|2|11|5|3|2|20||2|13|0||1||1||1||1||2|2|2|1|1|1|2|2|2|2|2|2|2||2|2|1|2||6||1|2|2|1|1|1|2|2|1|52UZPE01152001T48MT03EBS001H043452UZPE01152001T48MT03EBS001H0434F0434
2|393|1|52|UZPE011|52001|T48|MT03|TORRES DEL CIELO|TORRESDECIELOTORRE1APTO1501|-77.268655|1.21687||52UZPE01152001T48MT03EBS001H0435|52UZPE01152001T48MT03EBS001H0435F0435|2|1|1|2|52UZPE01152001T48MT03EBS001|900091143|CC|27436186|AUXILIARDEENFERMERIA|52UZPE01152001T48MT03EBS001H0435F0435CF435|2025-08-01|4||1||3||1||2|2|11|2|3|2|20||2|13|0||1||1||1||1||2|2|3|1|1|1|1|2|2|2|2|2|2||2|2|2|2||6||2|2|2|1|2|1|2|2|1|52UZPE01152001T48MT03EBS001H043552UZPE01152001T48MT03EBS001H0435F0435
2|394|1|52|UZPE011|52001|T48|MT03|TORRES DEL CIELO|APTO1002TORRESDELCIELO1|-77.268105|1.216896||52UZPE01152001T48MT03EBS001H0436|52UZPE01152001T48MT03EBS001H0436F0436|3|1|1|3|52UZPE01152001T48MT03EBS001|900091143|CC|1085261053|AUXILIARDEENFERMERIA|52UZPE01152001T48MT03EBS001H0436F0436CF436|2025-08-01|4||1||3||1||2|2|11|5|3|2|20||2|13|0||1||1||1||1||2|3|3|1|1|1|1|2|2|2|2|2|2||2|2|1|2||6||1|2|2|1|2|1|2|2|1|52UZPE01152001T48MT03EBS001H043652UZPE01152001T48MT03EBS001H0436F0436
2|395|1|52|UZPE011|52001|T48|MT03|TORRES DEL CIELO|TORRESDECIELOTORRE1APTO1401|-77.268655|1.21687||52UZPE01152001T48MT03EBS001H0437|52UZPE01152001T48MT03EBS001H0437F0437|2|1|1|3|52UZPE01152001T48MT03EBS001|900091143|CC|36752202|AUXILIARDEENFERMERIA|52UZPE01152001T48MT03EBS001H0437F0437CF437|2025-08-01|4||1||3||1||3|2|11|1|3|2|20||2|13|0||1||1||1||1||2|3|3|1|1|1|1|2|2|2|2|2|2||2|2|1|1||6||1|2|2|1|1|1|2|2|1|52UZPE01152001T48MT03EBS001H043752UZPE01152001T48MT03EBS001H0437F0437
2|396|1|52|UZPE011|52001|T48|MT03|TORRES DEL CIELO|APTO903TORRESDELCIELO1|-77.268105|1.216896||52UZPE01152001T48MT03EBS001H0438|52UZPE01152001T48MT03EBS001H0438F0438|3|1|1|1|52UZPE01152001T48MT03EBS001|900091143|CC|1085261053|AUXILIARDEENFERMERIA|52UZPE01152001T48MT03EBS001H0438F0438CF438|2025-08-01|4||1||3||1||1|2|11|5|3|2|20||2|13|0||1||1||1||1||7|1|2|2|1|1|1|2|2|2|2|2|2||2|2|2|2||6||2|2|2|1|1|1|2|2|1|52UZPE01152001T48MT03EBS001H043852UZPE01152001T48MT03EBS001H0438F0438
2|397|1|52|UZPE011|52001|T48|MT03|TORRES DEL CIELO|TORRESDECIELOTORRE2APTO1603|-77.268642|1.216048||52UZPE01152001T48MT03EBS001H0439|52UZPE01152001T48MT03EBS001H0439F0439|2|2|2|1|52UZPE01152001T48MT03EBS001|900091143|CC|36752202|AUXILIARDEENFERMERIA|52UZPE01152001T48MT03EBS001H0439F0439CF439|2025-08-01|4||1||3||1||2|2|11|2|3|2|20||2|13|0||1||1||1||1||7|1|3|1|1|1|1|2|2|2|2|2|2||2|2|1|2||6||1|2|2|1|1|1|2|2|1|52UZPE01152001T48MT03EBS001H043952UZPE01152001T48MT03EBS001H0439F0439
2|398|1|52|UZPE011|52001|T48|MT03|TORRES DEL CIELO|TORRESDECIELOTORRE2APTO16011|-77.268642|1.216048||52UZPE01152001T48MT03EBS001H0440|52UZPE01152001T48MT03EBS001H0440F0440|2|2|2|1|52UZPE01152001T48MT03EBS001|900091143|CC|36752202|AUXILIARDEENFERMERIA|52UZPE01152001T48MT03EBS001H0440F0440CF440|2025-08-01|4||1||3||1||1|2|11|1|3|2|20||2|13|0||1||1||1||1||7|1|3|1|1|1|1|2|2|2|2|2|2||2|2|1|2||6||1|2|2|1|1|1|2|2|1|52UZPE01152001T48MT03EBS001H044052UZPE01152001T48MT03EBS001H0440F0440
2|399|1|52|UZPE011|52001|T48|MT03|TORRES DEL CIELO|TORRESDECIELOTORRE2APTO1602|-77.268642|1.216048||52UZPE01152001T48MT03EBS001H0441|52UZPE01152001T48MT03EBS001H0441F0441|2|1|1|2|52UZPE01152001T48MT03EBS001|900091143|CC|36752202|AUXILIARDEENFERMERIA|52UZPE01152001T48MT03EBS001H0441F0441CF441|2025-08-01|4||1||3||1||1|2|11|1|3|2|20||2|13|0||1||1||1||1||1|2|3|1|1|1|1|2|2|2|2|2|2||2|2|1|2||6||1|2|2|1|1|1|2|2|1|52UZPE01152001T48MT03EBS001H044152UZPE01152001T48MT03EBS001H0441F0441
2|400|1|52|UZPE011|52001|T48|MT03|TORRES DEL CIELO|TORRESDECIELOTORRE2APTO1204|-77.268642|1.216048||52UZPE01152001T48MT03EBS001H0442|52UZPE01152001T48MT03EBS001H0442F0442|2|1|1|3|52UZPE01152001T48MT03EBS001|900091143|CC|36752202|AUXILIARDEENFERMERIA|52UZPE01152001T48MT03EBS001H0442F0442CF442|2025-08-01|4||1||3||1||2|2|11|2|3|2|8||2|13|0||1||1||1||1||1|3|3|1|1|1|1|2|2|2|2|2|2||2|2|1|2||6||1|2|2|1|1|1|2|2|1|52UZPE01152001T48MT03EBS001H044252UZPE01152001T48MT03EBS001H0442F0442
2|401|1|52|UZPE011|52001|T48|MT03|TORRES DEL CIELO|TORRESDECIELOTORREAPTO904|-77.268642|1.216048||52UZPE01152001T48MT03EBS001H0443|52UZPE01152001T48MT03EBS001H0443F0443|2|1|1|4|52UZPE01152001T48MT03EBS001|900091143|CC|36752202|AUXILIARDEENFERMERIA|52UZPE01152001T48MT03EBS001H0443F0443CF443|2025-08-01|4||1||3||1||3|2|11|2|3|2|20||2|13|0||1||1||1||1||1|4|3|1|1|1|1|2|2|2|2|2|2||2|2|1|2||6||1|2|2|1|2|1|2|2|1|52UZPE01152001T48MT03EBS001H044352UZPE01152001T48MT03EBS001H0443F0443
2|402|1|52|UZPE011|52001|T48|MT03|TORRES DEL CIELO|APTO301TORRESDELCIELO1|-77.268105|1.216896||52UZPE01152001T48MT03EBS001H0444|52UZPE01152001T48MT03EBS001H0444F0444|3|1|1|2|52UZPE01152001T48MT03EBS001|900091143|CC|1085261053|AUXILIARDEENFERMERIA|52UZPE01152001T48MT03EBS001H0444F0444CF444|2025-08-01|4||1||1||1||1|2|11|5|3|2|20||2|13|0||1||1||1||1||1|2|3|1|1|1|1|2|2|2|2|2|2||2|2|2|2||6||2|2|2|1|1|1|2|2|1|52UZPE01152001T48MT03EBS001H044452UZPE01152001T48MT03EBS001H0444F0444
2|403|1|52|UZPE011|52001|T48|MT03|TORRES DEL CIELO|APTO104TORRESDELCIELO1|-77.268105|1.216896||52UZPE01152001T48MT03EBS001H0445|52UZPE01152001T48MT03EBS001H0445F0445|3|1|1|3|52UZPE01152001T48MT03EBS001|900091143|CC|1085261053|AUXILIARDEENFERMERIA|52UZPE01152001T48MT03EBS001H0445F0445CF445|2025-08-01|4||1||3||1||2|2|11|5|3|2|20||2|13|0||1||1||1||1||1|3|3|1|1|1|1|2|2|2|2|2|2||2|2|2|1||6||2|2|2|1|1|1|2|2|1|52UZPE01152001T48MT03EBS001H044552UZPE01152001T48MT03EBS001H0445F0445
2|404|1|52|UZPE011|52001|T48|MT02|CONDOMINIO MONTERREY|MONTERREYAPT1106TORRE7|-77.266882|1.19076||52UZPE01152001T48MT02EBS001H0446|52UZPE01152001T48MT02EBS001H0446F0446|1|1|1|1|52UZPE01152001T48MT02EBS001|900091143|CC|98386323|GESTORCOMUNITARIO|52UZPE01152001T48MT02EBS001H0446F0446CF446|2025-07-18|4||1||3||1||1|2|11|5|2|2|20||2|13|0||1||1||1||1||7|1|3|1|1|1|1|2|2|2|2|2|2||2|2|1|2||6||1|2|2|1|2|1|2|2|1|52UZPE01152001T48MT02EBS001H044652UZPE01152001T48MT02EBS001H0446F0446
2|405|1|52|UZPE011|52001|T48|MT02|CONDOMINIO MONTERREY|MONTERREYAPT1006TORRE7|-77.266946|1.218948||52UZPE01152001T48MT02EBS001H0447|52UZPE01152001T48MT02EBS001H0447F0447|1|1|1|2|52UZPE01152001T48MT02EBS001|900091143|CC|98386323|GESTORCOMUNITARIO|52UZPE01152001T48MT02EBS001H0447F0447CF447|2025-07-22|4||1||3||1||1|2|11|5|2|2|20||1|13|0||1||1||1||1||7|2|3|1|1|1|1|2|2|2|2|2|2||2|2|1|2||6||1|2|2|1|2|1|2|2|1|52UZPE01152001T48MT02EBS001H044752UZPE01152001T48MT02EBS001H0447F0447
2|406|1|52|UZPE011|52001|T48|MT02|CONDOMINIO MONTERREY|MONTERREYAPT2001TORRE7|-77.267993|1.218758||52UZPE01152001T48MT02EBS001H0448|52UZPE01152001T48MT02EBS001H0448F0448|2|1|1|2|52UZPE01152001T48MT02EBS001|900091143|CC|98386323|GESTORCOMUNITARIO|52UZPE01152001T48MT02EBS001H0448F0448CF448|2025-07-22|4||1||3||1||1|2|11|5|2|2|20||2|13|0||1||1||1||1||7|2|3|1|1|1|1|2|2|2|2|2|2||2|2|1|1||6||1|2|2|1|2|1|2|2|1|52UZPE01152001T48MT02EBS001H044852UZPE01152001T48MT02EBS001H0448F0448
2|407|1|52|UZPE011|52001|T48|MT03|TORRES DEL CIELO|TORRESDECIELOTORRE3APTO1802|-77.268693|1.216778||52UZPE01152001T48MT03EBS001H0449|52UZPE01152001T48MT03EBS001H0449F0449|2|1|1|2|52UZPE01152001T48MT03EBS001|900091143|CC|36752202|AUXILIARDEENFERMERIA|52UZPE01152001T48MT03EBS001H0449F0449CF449|2025-08-04|4||1||3||1||2|2|11|5|3|2|20||2|13|0||1||1||1||1||2|2|3|1|1|1|1|2|2|2|2|2|2||2|2|1|2||6||1|2|2|1|1|1|2|2|1|52UZPE01152001T48MT03EBS001H044952UZPE01152001T48MT03EBS001H0449F0449
2|408|1|52|UZPE011|52001|T48|MT03|TORRES DEL CIELO|TORRESDECIELOTORRE3APTO1403|-77.268693|1.216778||52UZPE01152001T48MT03EBS001H0450|52UZPE01152001T48MT03EBS001H0450F0450|2|1|1|4|52UZPE01152001T48MT03EBS001|900091143|CC|36752202|AUXILIARDEENFERMERIA|52UZPE01152001T48MT03EBS001H0450F0450CF450|2025-08-04|4||1||3||1||4|2|11|5|3|2|20||2|13|0||1||1||1||1||1|4|3|1|1|1|1|2|2|2|2|2|2||2|2|1|2||6||1|2|2|1|1|1|2|2|1|52UZPE01152001T48MT03EBS001H045052UZPE01152001T48MT03EBS001H0450F0450
2|409|1|52|UZPE011|52001|T48|MT03|TORRES DEL CIELO|TORRESDECIELOTORRE3APTO903|-77.268693|1.216778||52UZPE01152001T48MT03EBS001H0451|52UZPE01152001T48MT03EBS001H0451F0451|2|2|2|4|52UZPE01152001T48MT03EBS001|900091143|CC|36752202|AUXILIARDEENFERMERIA|52UZPE01152001T48MT03EBS001H0451F0451CF451|2025-08-04|4||1||3||1||3|2|11|5|3|2|20||2|13|0||1||1||1||1||2|2|3|1|1|1|1|2|2|2|2|2|2||2|2|1|2||6||1|2|2|1|2|1|2|2|1|52UZPE01152001T48MT03EBS001H045152UZPE01152001T48MT03EBS001H0451F0451
2|410|1|52|UZPE011|52001|T48|MT03|TORRES DEL CIELO|APTO1804TORRE3|-77.268747|1.215558||52UZPE01152001T48MT03EBS001H0452|52UZPE01152001T48MT03EBS001H0452F0452|3|1|1|1|52UZPE01152001T48MT03EBS001|900091143|CC|98386323|GESTORCOMUNITARIO|52UZPE01152001T48MT03EBS001H0452F0452CF452|2025-08-04|4||1||3||1||1|2|11|5|3|2|20||2|13|0||1||1||1||1||7|1|3|1|1|1|1|2|2|2|2|2|2||2|2|1|2||6||1|2|2|1|2|1|2|2|1|52UZPE01152001T48MT03EBS001H045252UZPE01152001T48MT03EBS001H0452F0452
2|411|1|52|UZPE011|52001|T48|MT03|TORRES DEL CIELO|TORRESDECIELOTORRE3APTO9031|-77.268693|1.216778||52UZPE01152001T48MT03EBS001H0453|52UZPE01152001T48MT03EBS001H0453F0453|2|2|2|4|52UZPE01152001T48MT03EBS001|900091143|CC|36752202|AUXILIARDEENFERMERIA|52UZPE01152001T48MT03EBS001H0453F0453CF453|2025-08-04|4||1||3||1||3|2|11|2|3|2|20||2|13|0||1||1||1||1||2|2|3|1|1|1|1|2|2|2|2|2|2||2|2|1|2||6||1|2|2|1|1|1|2|2|1|52UZPE01152001T48MT03EBS001H045352UZPE01152001T48MT03EBS001H0453F0453
2|412|1|52|UZPE011|52001|T48|MT03|TORRES DEL CIELO|APTO1104TORRE3|-77.268747|1.215558||52UZPE01152001T48MT03EBS001H0454|52UZPE01152001T48MT03EBS001H0454F0454|3|1|1|2|52UZPE01152001T48MT03EBS001|900091143|CC|98386323|GESTORCOMUNITARIO|52UZPE01152001T48MT03EBS001H0454F0454CF454|2025-08-04|4||1||3||1||1|2|11|5|2|2|20||2|13|0||1||1||1||1||1|2|3|1|1|1|1|2|2|2|2|2|2||2|2|1|2||6||1|2|2|1|2|1|2|2|1|52UZPE01152001T48MT03EBS001H045452UZPE01152001T48MT03EBS001H0454F0454
2|413|1|52|UZPE011|52001|T48|MT02|CONDOMINIO MONTERREY|APAT502MONTERREYTORRE8|-77.266993|1.218758||52UZPE01152001T48MT02EBS001H0455|52UZPE01152001T48MT02EBS001H0455F0455|2|1|1|3|52UZPE01152001T48MT02EBS001|900091143|CC|98386323|GESTORCOMUNITARIO|52UZPE01152001T48MT02EBS001H0455F0455CF455|2025-07-22|4||1||3||1||3|2|11|5|2|2|20||2|13|0||1||1||1||1||7|3|3|1|1|1|1|2|2|2|2|2|2||2|2|1|2||6||1|2|2|1|2|1|2|2|1|52UZPE01152001T48MT02EBS001H045552UZPE01152001T48MT02EBS001H0455F0455
2|414|1|52|UZPE011|52001|T48|MT02|CONDOMINIO MONTERREY|MONTERREYAPT507TORRE8|-77.266993|1.218758||52UZPE01152001T48MT02EBS001H0456|52UZPE01152001T48MT02EBS001H0456F0456|2|1|1|2|52UZPE01152001T48MT02EBS001|900091143|CC|98386323|GESTORCOMUNITARIO|52UZPE01152001T48MT02EBS001H0456F0456CF456|2025-07-22|4||1||3||1||2|2|11|5|2|2|20||2|13|0||1||1||1||1||7|2|3|1|1|1|1|2|2|2|2|2|2||2|2|1|1||6||1|2|2|1|2|1|2|2|1|52UZPE01152001T48MT02EBS001H045652UZPE01152001T48MT02EBS001H0456F0456
2|415|1|52|UZPE011|52001|T48|MT03|TORRES DEL CIELO|APTO701TORRE3|-77.268816|1.215852||52UZPE01152001T48MT03EBS001H0457|52UZPE01152001T48MT03EBS001H0457F0457|3|1|1|1|52UZPE01152001T48MT03EBS001|900091143|CC|98386323|GESTORCOMUNITARIO|52UZPE01152001T48MT03EBS001H0457F0457CF457|2025-08-04|4||1||3||1||2|2|11|2|3|2|20||2|13|0||1||1||1||1||1|4|3|1|1|1|1|2|2|2|2|2|2||2|2|1|2||6||1|2|2|1|2|1|2|2|1|52UZPE01152001T48MT03EBS001H045752UZPE01152001T48MT03EBS001H0457F0457
2|416|1|52|UZPE011|52001|T48|MT02|CONDOMINIO MONTERREY|APAT1002MONTERREYTORRE8|-77.266987|1.218828||52UZPE01152001T48MT02EBS001H0458|52UZPE01152001T48MT02EBS001H0458F0458|2|1|1|1|52UZPE01152001T48MT02EBS001|900091143|CC|98386323|GESTORCOMUNITARIO|52UZPE01152001T48MT02EBS001H0458F0458CF458|2025-07-22|4||1||3||1||1|1|11|5|2|2|20||2|13|0||1||1||1||1||7|1|3|1|1|1|1|2|2|2|2|2|2||2|2|1|1||6||1|2|2|1|2|1|2|2|1|52UZPE01152001T48MT02EBS001H045852UZPE01152001T48MT02EBS001H0458F0458
2|417|1|52|UZPE011|52001|T48|MT02|CONDOMINIO MONTERREY|APAT1007MONTERREYTORRE8|-77.266987|1.218828||52UZPE01152001T48MT02EBS001H0459|52UZPE01152001T48MT02EBS001H0459F0459|2|1|1|3|52UZPE01152001T48MT02EBS001|900091143|CC|98386323|GESTORCOMUNITARIO|52UZPE01152001T48MT02EBS001H0459F0459CF459|2025-07-22|4||1||3||1||2|2|11|5|2|2|20||2|13|0||1||1||1||1||7|3|3|1|1|1|1|2|2|2|2|2|2||2|2|1|1||6||1|2|2|1|2|1|2|2|1|52UZPE01152001T48MT02EBS001H045952UZPE01152001T48MT02EBS001H0459F0459
2|418|1|52|UZPE011|52001|T48|MT02|CONDOMINIO MONTERREY|MONTERREYAPT1008TORRE8|-77.267204|1.218231||52UZPE01152001T48MT02EBS001H0460|52UZPE01152001T48MT02EBS001H0460F0460|2|1|1|2|52UZPE01152001T48MT02EBS001|900091143|CC|98386323|GESTORCOMUNITARIO|52UZPE01152001T48MT02EBS001H0460F0460CF460|2025-07-22|4||1||3||1||1|1|11|5|2|2|20||2|13|0||1||1||1||1||7|2|3|1|1|1|1|2|2|2|2|2|2||2|2|1|1||6||1|2|2|1|2|1|2|2|1|52UZPE01152001T48MT02EBS001H046052UZPE01152001T48MT02EBS001H0460F0460
2|419|1|52|UZPE011|52001|T48|MT03|TORRES DEL CIELO|APTO1702TORRE4|-77.268816|1.215852||52UZPE01152001T48MT03EBS001H0461|52UZPE01152001T48MT03EBS001H0461F0461|3|1|1|1|52UZPE01152001T48MT03EBS001|900091143|CC|98386323|GESTORCOMUNITARIO|52UZPE01152001T48MT03EBS001H0461F0461CF461|2025-08-04|4||1||3||1||1|2|11|4|3|2|20||2|13|0||1||1||1||1||1|2|3|1|1|1|2|2|2|2|2|2|2||2|2|1|2||6||1|2|2|1|2|1|2|2|1|52UZPE01152001T48MT03EBS001H046152UZPE01152001T48MT03EBS001H0461F0461
2|420|1|52|UZPE011|52001|T48|MT02|CONDOMINIO MONTERREY|CONDOMINIOMONTERREYTORRE3APTO1201|-77.267927|1.21929||52UZPE01152001T48MT02EBS001H0463|52UZPE01152001T48MT02EBS001H0463F0463|2|1|1|3|52UZPE01152001T48MT02EBS001|900091143|CC|36752202|AUXILIARDEENFERMERIA|52UZPE01152001T48MT02EBS001H0463F0463CF463|2025-07-11|4||1||3||1||2|2|11|3|3|2|20||2|13|0||1||1||1||1||1|3|3|1|1|1|1|2|2|2|2|2|2||2|2|1|1||6||1|2|2|1|1|1|2|2|1|52UZPE01152001T48MT02EBS001H046352UZPE01152001T48MT02EBS001H0463F0463
2|421|1|52|UZPE011|52001|T48|MT03|TORRES DEL CIELO|APTO1503TORRESDELCIELO1|-77.268693|1.216778||52UZPE01152001T48MT03EBS001H0464|52UZPE01152001T48MT03EBS001H0464F0464|3|1|1|1|52UZPE01152001T48MT03EBS001|900091143|CC|1085261053|AUXILIARDEENFERMERIA|52UZPE01152001T48MT03EBS001H0464F0464CF464|2025-08-04|4||1||1||1||1|2|11|5|3|2|20||2|13|0||1||1||1||1||7|1|3|1|1|1|1|2|2|2|2|2|2||2|2|2|2||6||2|2|2|1|1|1|2|2|1|52UZPE01152001T48MT03EBS001H046452UZPE01152001T48MT03EBS001H0464F0464
2|422|1|52|UZPE011|52001|T48|MT02|CONDOMINIO MONTERREY|TORRESDELCIELO2APT2001TORRE1|-77.267367|1.216797||52UZPE01152001T48MT02EBS001H0465|52UZPE01152001T48MT02EBS001H0465F0465|2|1|1|3|52UZPE01152001T48MT02EBS001|900091143|CC|98386323|GESTORCOMUNITARIO|52UZPE01152001T48MT02EBS001H0465F0465CF465|2025-07-25|4||1||3||1||2|2|11|5|2|2|20||2|13|0||1||1||1||1||7|3|3|1|1|1|1|2|2|2|2|2|2||2|2|1|2||6||1|2|2|1|1|1|2|2|1|52UZPE01152001T48MT02EBS001H046552UZPE01152001T48MT02EBS001H0465F0465
2|423|1|52|UZPE011|52001|T48|MT03|TORRES DEL CIELO|TORREDELCIELO2APT501|-77.267367|1.216797||52UZPE01152001T48MT03EBS001H0466|52UZPE01152001T48MT03EBS001H0466F0466|2|1|1|1|52UZPE01152001T48MT03EBS001|900091143|CC|98386323|GESTORCOMUNITARIO|52UZPE01152001T48MT03EBS001H0466F0466CF466|2025-07-25|4||1||3||1||2|2|11|5|2|2|20||2|13|0||1||1||1||1||1|2|3|1|1|1|2|2|2|2|2|2|2||2|2|1|1||6||1|2|2|1|2|1|2|2|1|52UZPE01152001T48MT03EBS001H046652UZPE01152001T48MT03EBS001H0466F0466
2|424|1|52|UZPE011|52001|T48|MT03|TORRES DEL CIELO|TORRESDELCIELO1301TORRE1|-77.267367|1.216797||52UZPE01152001T48MT03EBS001H0467|52UZPE01152001T48MT03EBS001H0467F0467|2|1|1|1|52UZPE01152001T48MT03EBS001|900091143|CC|98386323|GESTORCOMUNITARIO|52UZPE01152001T48MT03EBS001H0467F0467CF467|2025-07-25|4||1||3||1||1|1|11|5|2|2|20||2|13|0||1||1||1||1||7|1|3|1|1|1|1|2|2|2|2|2|2||2|2|1|1||6||1|2|2|1|2|1|2|2|1|52UZPE01152001T48MT03EBS001H046752UZPE01152001T48MT03EBS001H0467F0467
2|425|1|52|UZPE011|52001|T48|MT03|TORRES DEL CIELO|TORRESDELCIELO2APT1302TORRE1|-77.267367|1.216797||52UZPE01152001T48MT03EBS001H0468|52UZPE01152001T48MT03EBS001H0468F0468|1|1|1|1|52UZPE01152001T48MT03EBS001|900091143|CC|98386323|GESTORCOMUNITARIO|52UZPE01152001T48MT03EBS001H0468F0468CF468|2025-07-25|4||1||3||1||1|2|11|5|2|2|20||2|13|0||1||1||1||1||1|1|3|1|1|1|1|2|2|2|2|2|2||2|2|1|1||6||1|2|2|1|2|1|2|2|1|52UZPE01152001T48MT03EBS001H046852UZPE01152001T48MT03EBS001H0468F0468
2|426|1|52|UZPE011|52001|T48|MT03|TORRES DEL CIELO|TORRE6APTO1804|-77.267667|1.216932||52UZPE01152001T48MT03EBS001H0469|52UZPE01152001T48MT03EBS001H0469F0469|2|1|1|4|52UZPE01152001T48MT03EBS001|900091143|CC|1082748783|AUXILIARDEENFERMERIA|52UZPE01152001T48MT03EBS001H0469F0469CF469|2025-07-31|4||1||3||1||3|2|11|5|3|2|20||2|13|0||1||1||1||1||1|4|3|1|1|1|1|2|2|2|2|2|2||2|2|1|1||6||1|2|2|1|1|1|2|2|1|52UZPE01152001T48MT03EBS001H046952UZPE01152001T48MT03EBS001H0469F0469
2|427|1|52|UZPE011|52001|T48|MT03|TORRES DEL CIELO|TORRE6APTO302|-77.267667|1.216932||52UZPE01152001T48MT03EBS001H0470|52UZPE01152001T48MT03EBS001H0470F0470|2|1|1|3|52UZPE01152001T48MT03EBS001|900091143|CC|1082748783|AUXILIARDEENFERMERIA|52UZPE01152001T48MT03EBS001H0470F0470CF470|2025-07-31|4||1||3||1||3|2|11|5|3|2|20||2|13|0||1||1||1||1||2|3|3|1|1|1|1|2|2|2|2|2|2||2|2|1|2||6||1|2|2|1|1|1|2|2|1|52UZPE01152001T48MT03EBS001H047052UZPE01152001T48MT03EBS001H0470F0470
2|428|1|52|UZPE011|52001|T48|MT03|TORRES DEL CIELO|APTO904TORRESDELCIELO1|-77.268693|1.216778||52UZPE01152001T48MT03EBS001H0471|52UZPE01152001T48MT03EBS001H0471F0471|3|1|1|3|52UZPE01152001T48MT03EBS001|900091143|CC|1085261053|AUXILIARDEENFERMERIA|52UZPE01152001T48MT03EBS001H0471F0471CF471|2025-08-04|4||1||1||1||2|2|11|5|3|2|20||2|13|0||1||1||1||1||1|3|3|1|1|1|1|2|2|2|2|2|2||2|2|1|2||6||1|2|2|1|1|1|2|2|1|52UZPE01152001T48MT03EBS001H047152UZPE01152001T48MT03EBS001H0471F0471
2|429|1|52|UZPE011|52001|T48|MT03|TORRES DEL CIELO|TORRE1APTO1801|-77.268655|1.21687||52UZPE01152001T48MT03EBS001H0472|52UZPE01152001T48MT03EBS001H0472F0472|2|1|1|2|52UZPE01152001T48MT03EBS001|900091143|CC|1082748783|AUXILIARDEENFERMERIA|52UZPE01152001T48MT03EBS001H0472F0472CF472|2025-08-01|4||1||3||1||1|2|11|5|3|2|20||2|13|0||1||1||1||1||1|2|3|1|1|1|1|2|2|2|2|2|2||2|2|1|1||6||1|2|2|1|1|1|2|2|1|52UZPE01152001T48MT03EBS001H047252UZPE01152001T48MT03EBS001H0472F0472
2|430|1|52|UZPE011|52001|T48|MT03|TORRES DEL CIELO|TORRE1APTO1301|-77.268655|1.21687||52UZPE01152001T48MT03EBS001H0473|52UZPE01152001T48MT03EBS001H0473F0473|2|1|1|1|52UZPE01152001T48MT03EBS001|900091143|CC|1082748783|AUXILIARDEENFERMERIA|52UZPE01152001T48MT03EBS001H0473F0473CF473|2025-08-01|4||1||3||1||1|2|11|5|3|2|20||2|13|0||1||1||1||1||7|1|3|1|1|1|1|2|2|2|2|2|2||2|2|1|2||6||1|2|2|1|1|1|2|2|1|52UZPE01152001T48MT03EBS001H047352UZPE01152001T48MT03EBS001H0473F0473
2|431|1|52|UZPE011|52001|T48|MT03|TORRES DEL CIELO|APTO1103TORRESDELCIELO1|-77.268643|1.216872||52UZPE01152001T48MT03EBS001H0474|52UZPE01152001T48MT03EBS001H0474F0474|3|2|2|2|52UZPE01152001T48MT03EBS001|900091143|CC|1085261053|AUXILIARDEENFERMERIA|52UZPE01152001T48MT03EBS001H0474F0474CF474|2025-08-04|4||1||1||1||2|2|11|5|3|2|20||2|13|0||1||1||1||1||7|1|2|1|1|1|2|2|2|2|2|2|2||2|2|2|2||6||2|2|2|1|1|1|2|2|1|52UZPE01152001T48MT03EBS001H047452UZPE01152001T48MT03EBS001H0474F0474
2|432|1|52|UZPE011|52001|T48|MT03|TORRES DEL CIELO|APTO1103TORRESDELCIELO1|-77.268643|1.216872||52UZPE01152001T48MT03EBS001H0475|52UZPE01152001T48MT03EBS001H0475F0475|3|2|2|2|52UZPE01152001T48MT03EBS001|900091143|CC|1085261053|AUXILIARDEENFERMERIA|52UZPE01152001T48MT03EBS001H0475F0475CF475|2025-08-04|4||1||1||1||2|2|11|5|3|2|20||2|13|0||1||1||1||1||7|1|3|1|1|1|1|2|2|2|2|2|2||2|2|2|2||6||2|2|2|1|1|1|2|2|1|52UZPE01152001T48MT03EBS001H047552UZPE01152001T48MT03EBS001H0475F0475
2|433|1|52|UZPE011|52001|T48|MT03|TORRES DEL CIELO|APTO301TORRESDELCIELO|-77.268643|1.216872||52UZPE01152001T48MT03EBS001H0476|52UZPE01152001T48MT03EBS001H0476F0476|3|1|1|1|52UZPE01152001T48MT03EBS001|900091143|CC|1085261053|AUXILIARDEENFERMERIA|52UZPE01152001T48MT03EBS001H0476F0476CF476|2025-08-04|4||1||3||1||1|2|11|5|3|2|20||2|13|0||1||1||1||1||7|1|3|1|1|1|2|2|2|2|2|2|2||2|2|2|2||6||2|2|2|1|1|1|2|2|1|52UZPE01152001T48MT03EBS001H047652UZPE01152001T48MT03EBS001H0476F0476
2|434|1|52|UZPE011|52001|T48|MT03|TORRES DEL CIELO|TORRE2APTO202|-77.268655|1.21687||52UZPE01152001T48MT03EBS001H0477|52UZPE01152001T48MT03EBS001H0477F0477|2|1|1|2|52UZPE01152001T48MT03EBS001|900091143|CC|1082748783|AUXILIARDEENFERMERIA|52UZPE01152001T48MT03EBS001H0477F0477CF477|2025-08-01|4||1||3||1||1|2|11|5|3|2|20||2|13|0||1||1||1||1||1|2|3|1|1|1|1|2|2|2|2|2|2||2|2|1|1||6||1|2|2|1|1|1|2|2|1|52UZPE01152001T48MT03EBS001H047752UZPE01152001T48MT03EBS001H0477F0477
2|435|1|52|UZPE011|52001|T48|MT03|TORRES DEL CIELO|APTO1004TORRESDELCIELO1|-77.268655|1.21687||52UZPE01152001T48MT03EBS001H0478|52UZPE01152001T48MT03EBS001H0478F0478|3|1|1|1|52UZPE01152001T48MT03EBS001|900091143|CC|1085261053|AUXILIARDEENFERMERIA|52UZPE01152001T48MT03EBS001H0478F0478CF478|2025-08-05|4||1||1||1||1|2|11|5|3|2|20||2|13|0||1||1||1||1||7|1|2|1|1|1|2|2|2|2|2|2|2||2|2|2|2||6||2|2|2|1|2|1|2|2|1|52UZPE01152001T48MT03EBS001H047852UZPE01152001T48MT03EBS001H0478F0478
2|436|1|52|UZPE011|52001|T48|MT03|TORRES DEL CIELO|TORRESDELCIELO1APTO301|-77.268655|1.21687||52UZPE01152001T48MT03EBS001H0479|52UZPE01152001T48MT03EBS001H0479F0479|3|1|1|1|52UZPE01152001T48MT03EBS001|900091143|CC|1085261053|AUXILIARDEENFERMERIA|52UZPE01152001T48MT03EBS001H0479F0479CF479|2025-08-05|4||1||1||1||1|2|11|5|3|2|20||2|13|0||1||1||1||1||7|1|2|1|1|1|2|2|2|2|2|2|2||2|2|1|2||6||1|2|2|1|1|1|2|2|1|52UZPE01152001T48MT03EBS001H047952UZPE01152001T48MT03EBS001H0479F0479
2|437|1|52|UZPE011|52001|T48|MT03|TORRES DEL CIELO|APTO1301TORRE4|-77.269228|1.215523||52UZPE01152001T48MT03EBS001H0480|52UZPE01152001T48MT03EBS001H0480F0480|3|1|1|1|52UZPE01152001T48MT03EBS001|900091143|CC|98386323|GESTORCOMUNITARIO|52UZPE01152001T48MT03EBS001H0480F0480CF480|2025-08-04|4||1||3||1||1|2|11|1|3|2|20||2|13|0||1||1||1||1||7|1|3|1|1|1|1|2|2|2|2|2|2||2|2|1|1||6||1|2|2|1|1|1|2|2|1|52UZPE01152001T48MT03EBS001H048052UZPE01152001T48MT03EBS001H0480F0480
2|438|1|52|UZPE011|52001|T48|MT03|TORRES DEL CIELO|APTO1303TORRESDELCIELO1|-77.268105|1.216896||52UZPE01152001T48MT03EBS001H0481|52UZPE01152001T48MT03EBS001H0481F0481|3|1|1|1|52UZPE01152001T48MT03EBS001|900091143|CC|1085261053|AUXILIARDEENFERMERIA|52UZPE01152001T48MT03EBS001H0481F0481CF481|2025-08-05|4||1||1||1||1|2|11|5|3|2|20||2|13|0||1||1||1||1||4|1|3|1|1|1|1|2|2|2|2|2|2||2|2|2|2||6||2|2|2|1|1|1|2|2|1|52UZPE01152001T48MT03EBS001H048152UZPE01152001T48MT03EBS001H0481F0481
2|439|1|52|UZPE011|52001|T48|MT03|TORRES DEL CIELO|APTO1803TORRESDELCIELO1|-77.268693|1.216778||52UZPE01152001T48MT03EBS001H0482|52UZPE01152001T48MT03EBS001H0482F0482|3|1|1|1|52UZPE01152001T48MT03EBS001|900091143|CC|1085261053|AUXILIARDEENFERMERIA|52UZPE01152001T48MT03EBS001H0482F0482CF482|2025-08-05|4||1||1||1||1|2|11|5|3|2|20||2|13|0||1||1||1||1||7|1|3|1|1|1|1|2|2|2|2|2|2||2|2|2|2||6||2|2|2|1|2|1|2|2|1|52UZPE01152001T48MT03EBS001H048252UZPE01152001T48MT03EBS001H0482F0482
2|440|1|52|UZPE011|52001|T48|MT03|TORRES DEL CIELO|APTO704TORRE2|-77.268642|1.216048||52UZPE01152001T48MT03EBS001H0483|52UZPE01152001T48MT03EBS001H0483F0483|3|1|1|2|52UZPE01152001T48MT03EBS001|900091143|CC|98386323|GESTORCOMUNITARIO|52UZPE01152001T48MT03EBS001H0483F0483CF483|2025-08-01|4||1||3||1||1|2|11|4|3|2|20||2|13|0||1||1||1||1||1|2|3|1|1|1|1|2|2|2|2|2|2||2|2|1|2||6||1|2|2|1|2|1|2|2|1|52UZPE01152001T48MT03EBS001H048352UZPE01152001T48MT03EBS001H0483F0483
2|441|1|52|UZPE011|52001|T48|MT03|TORRES DEL CIELO|TORRESDECIELOTORRE2APTO504|-77.268642|1.216048||52UZPE01152001T48MT03EBS001H0485|52UZPE01152001T48MT03EBS001H0485F0485|2|1|1|2|52UZPE01152001T48MT03EBS001|900091143|CC|36752202|AUXILIARDEENFERMERIA|52UZPE01152001T48MT03EBS001H0485F0485CF485|2025-08-05|4||1||3||1||2|2|11|3|3|2|20||2|13|0||1||1||1||1||2|2|3|1|1|1|1|2|2|2|2|2|2||2|2|1|1||6||1|2|2|1|1|1|2|2|1|52UZPE01152001T48MT03EBS001H048552UZPE01152001T48MT03EBS001H0485F0485
2|442|1|52|UZPE011|52001|T48|MT03|TORRES DEL CIELO|TORRESDECIELOTORRE1APTO1001|-77.268655|1.21687||52UZPE01152001T48MT03EBS001H0486|52UZPE01152001T48MT03EBS001H0486F0486|2|1|1|2|52UZPE01152001T48MT03EBS001|900091143|CC|36752202|AUXILIARDEENFERMERIA|52UZPE01152001T48MT03EBS001H0486F0486CF486|2025-08-05|4||1||3||1||2|2|11|5|3|2|20||2|13|0||1||1||1||1||2|2|3|1|1|1|1|2|2|2|2|2|2||2|2|1|1||6||1|2|2|1|1|1|2|2|1|52UZPE01152001T48MT03EBS001H048652UZPE01152001T48MT03EBS001H0486F0486
2|443|1|52|UZPE011|52001|T48|MT03|TORRES DEL CIELO|TORRESDECIELOTORRE1APTO801|-77.269655|1.21687||52UZPE01152001T48MT03EBS001H0487|52UZPE01152001T48MT03EBS001H0487F0487|2|1|1|2|52UZPE01152001T48MT03EBS001|900091143|CC|36752202|AUXILIARDEENFERMERIA|52UZPE01152001T48MT03EBS001H0487F0487CF487|2025-08-05|4||1||3||1||2|2|11|5|3|2|20||2|13|0||1||1||1||1||1|2|3|1|1|1|1|2|2|2|2|2|2||2|2|1|1||6||1|2|2|1|2|1|2|2|1|52UZPE01152001T48MT03EBS001H048752UZPE01152001T48MT03EBS001H0487F0487
2|444|1|52|UZPE011|52001|T48|MT03|TORRES DEL CIELO|APTO603TORRESDELCIELO1|-77.268693|1.216778||52UZPE01152001T48MT03EBS001H0488|52UZPE01152001T48MT03EBS001H0488F0488|3|1|1|3|52UZPE01152001T48MT03EBS001|900091143|CC|1085261053|AUXILIARDEENFERMERIA|52UZPE01152001T48MT03EBS001H0488F0488CF488|2025-08-06|4||1||1||1||3|2|11|5|3|2|20||2|13|0||1||1||1||1||1|3|2|1|1|1|1|2|2|2|2|2|2||2|2|2|1||6||2|2|2|1|1|1|2|2|1|52UZPE01152001T48MT03EBS001H048852UZPE01152001T48MT03EBS001H0488F0488
2|445|1|52|UZPE011|52001|T48|MT03|TORRES DEL CIELO|TORRESDELCIELO1APTO1004|-77.268693|1.216778||52UZPE01152001T48MT03EBS001H0489|52UZPE01152001T48MT03EBS001H0489F0489|3|1|1|2|52UZPE01152001T48MT03EBS001|900091143|CC|1085261053|AUXILIARDEENFERMERIA|52UZPE01152001T48MT03EBS001H0489F0489CF489|2025-08-06|4||1||1||4||2|2|11|5|2|2|20||2|13|0||1||1||1||1||2|2|3|1|1|1|1|2|2|2|2|2|2||2|2|2|2||6||2|2|2|1|1|1|2|2|1|52UZPE01152001T48MT03EBS001H048952UZPE01152001T48MT03EBS001H0489F0489
2|446|1|52|UZPE011|52001|T48|MT03|TORRES DEL CIELO|APTO103TORRE2|-77.267438|1.21662||52UZPE01152001T48MT03EBS001H0490|52UZPE01152001T48MT03EBS001H0490F0490|2|1|1|2|52UZPE01152001T48MT03EBS001|900091143|CC|98386323|GESTORCOMUNITARIO|52UZPE01152001T48MT03EBS001H0490F0490CF490|2025-07-25|4||1||3||1||2|2|11|5|3|2|20||2|13|0||1||1||1||1||2|2|3|1|1|1|1|2|2|2|2|2|2||2|2|1|2||6||1|2|2|1|1|1|2|2|1|52UZPE01152001T48MT03EBS001H049052UZPE01152001T48MT03EBS001H0490F0490
2|447|1|52|UZPE011|52001|T48|MT02|CONDOMINIO MONTERREY|CL26NO2155BLACAROLINA|-77.263482|1.21386||52UZPE01152001T48MT02EBS001H0491|52UZPE01152001T48MT02EBS001H0491F0491|2|1|1|1|52UZPE01152001T48MT02EBS001|900091143|CC|1085261053|AUXILIARDEENFERMERIA|52UZPE01152001T48MT02EBS001H0491F0491CF491|2025-08-12|3||1||3||1||0|2|11|5|3|2|20||2|13|0||1||1||1||1||7|1|2|4|1|1|5|2|2|2|2|2|2||2|2|1|1||7||1|2|2|1|2|1|2|2|1|52UZPE01152001T48MT02EBS001H049152UZPE01152001T48MT02EBS001H0491F0491
2|448|1|52|UZPE011|52001|T48|MT03|TORRES DEL CIELO|TORRE4APTO1704|-77.26924|1.215564||52UZPE01152001T48MT03EBS001H0492|52UZPE01152001T48MT03EBS001H0492F0492|3|1|1|1|52UZPE01152001T48MT03EBS001|900091143|CC|1004213964|ENFERMERA|52UZPE01152001T48MT03EBS001H0492F0492CF492|2025-08-04|4||1||1||1||2|2|11|5|1|2|20||2|13|0||1||1||1||1||7|1|3|1|1|1|1|2|2|2|2|2|2||2|2|2|1||6||2|2|2|1|1|1|2|2|1|52UZPE01152001T48MT03EBS001H049252UZPE01152001T48MT03EBS001H0492F0492
2|449|1|52|UZPE011|52001|T48|MT03|TORRES DEL CIELO|TORRE4APTO604|-77.26924|1.215564||52UZPE01152001T48MT03EBS001H0493|52UZPE01152001T48MT03EBS001H0493F0493|3|1|1|1|52UZPE01152001T48MT03EBS001|900091143|CC|1004213964|ENFERMERA|52UZPE01152001T48MT03EBS001H0493F0493CF493|2025-08-04|4||1||1||1||3|2|11|5|1|2|20||2|13|0||1||1||1||1||7|1|3|1|1|1|1|2|2|2|2|2|2||2|2|1|2||6||1|2|2|1|1|1|2|2|1|52UZPE01152001T48MT03EBS001H049352UZPE01152001T48MT03EBS001H0493F0493
2|450|1|52|UZPE011|52001|T48|MT02|CONDOMINIO MONTERREY|APTO1704TORRE3|-77.267407|1.216752||52UZPE01152001T48MT02EBS001H0494|52UZPE01152001T48MT02EBS001H0494F0494|2|1|1|3|52UZPE01152001T48MT02EBS001|900091143|CC|98386323|GESTORCOMUNITARIO|52UZPE01152001T48MT02EBS001H0494F0494CF494|2025-07-28|4||1||3||1||2|2|11|1|3|2|20||2|13|0||1||1||1||1||7|1|3|1|1|1|1|2|2|2|2|2|2||2|2|2|2||6||2|2|2|1|2|1|2|2|1|52UZPE01152001T48MT02EBS001H049452UZPE01152001T48MT02EBS001H0494F0494
2|451|1|52|UZPE011|52001|T48|MT02|CONDOMINIO MONTERREY|CL26NO2155BLACAROLINA|-77.263482|1.21386||52UZPE01152001T48MT02EBS001H0495|52UZPE01152001T48MT02EBS001H0495F0495|1|1|1|1|52UZPE01152001T48MT02EBS001|900091143|CC|1085261053|AUXILIARDEENFERMERIA|52UZPE01152001T48MT02EBS001H0495F0495CF495|2025-08-12|3||1||3||1||0|1|11|5|3|2|20||2|13|0||1||1||1||1||7|1|2|4|1|1|5|2|2|2|2|2|2||2|2|1|1||7||1|2|2|1|1|1|2|2|1|52UZPE01152001T48MT02EBS001H049552UZPE01152001T48MT02EBS001H0495F0495
2|452|1|52|UZPE011|52001|T48|MT02|CONDOMINIO MONTERREY|CL26NO2155BLACAROLINA|-77.263482|1.21386||52UZPE01152001T48MT02EBS001H0496|52UZPE01152001T48MT02EBS001H0496F0496|1|1|1|1|52UZPE01152001T48MT02EBS001|900091143|CC|1085261053|AUXILIARDEENFERMERIA|52UZPE01152001T48MT02EBS001H0496F0496CF496|2025-08-12|3||1||3||1||1|1|11|5|3|2|20||2|13|0||1||1||1||1||7|1|2|4|1|1|5|2|2|2|2|2|2||2|2|1|1||7||1|2|2|1|1|1|2|2|1|52UZPE01152001T48MT02EBS001H049652UZPE01152001T48MT02EBS001H0496F0496
2|453|1|52|UZPE011|52001|T48|MT03|TORRES DEL CIELO|APTO501TORRE1|-77.267367|1.216797||52UZPE01152001T48MT03EBS001H0497|52UZPE01152001T48MT03EBS001H0497F0497|2|1|1|2|52UZPE01152001T48MT03EBS001|900091143|CC|98386323|GESTORCOMUNITARIO|52UZPE01152001T48MT03EBS001H0497F0497CF497|2025-07-25|4||1||3||1||2|2|11|4|3|2|20||2|13|0||1||1||1||1||1|3|3|1|1|1|1|2|2|2|2|2|2||2|2|1|2||6||1|2|2|1|2|1|2|2|1|52UZPE01152001T48MT03EBS001H049752UZPE01152001T48MT03EBS001H0497F0497
2|454|1|52|UZPE011|52001|T48|MT02|CONDOMINIO MONTERREY|CL26NO2155BLACAROLINA|-77.263482|1.21386||52UZPE01152001T48MT02EBS001H0498|52UZPE01152001T48MT02EBS001H0498F0498|1|1|1|1|52UZPE01152001T48MT02EBS001|900091143|CC|1085261053|AUXILIARDEENFERMERIA|52UZPE01152001T48MT02EBS001H0498F0498CF498|2025-08-12|3||1||3||1||1|1|11|5|3|2|20||2|13|0||1||1||1||1||7|1|2|4|1|1|5|2|2|2|2|2|2||2|2|1|1||7||1|2|2|1|1|1|2|2|1|52UZPE01152001T48MT02EBS001H049852UZPE01152001T48MT02EBS001H0498F0498
2|455|1|52|UZPE011|52001|T48|MT03|TORRES DEL CIELO|TORRE4APTO1003|-77.268609|1.215211||52UZPE01152001T48MT03EBS001H0499|52UZPE01152001T48MT03EBS001H0499F0499|3|1|1|2|52UZPE01152001T48MT03EBS001|900091143|CC|1004213964|ENFERMERA|52UZPE01152001T48MT03EBS001H0499F0499CF499|2025-08-05|4||1||1||1||3|2|11|5|1|2|20||2|13|0||1||1||1||1||2|2|3|1|1|1|1|2|2|2|2|2|2||2|2|2|2||6||2|2|2|1|1|1|2|2|1|52UZPE01152001T48MT03EBS001H049952UZPE01152001T48MT03EBS001H0499F0499
2|456|1|52|UZPE011|52001|T48|MT03|TORRES DEL CIELO|TORRE4APTO602|-77.268609|1.215211||52UZPE01152001T48MT03EBS001H0500|52UZPE01152001T48MT03EBS001H0500F0500|3|1|1|1|52UZPE01152001T48MT03EBS001|900091143|CC|1004213964|ENFERMERA|52UZPE01152001T48MT03EBS001H0500F0500CF500|2025-08-06|4||1||1||1||2|2|11|5|1|2|20||2|13|0||1||1||1||1||1|1|3|1|1|1|1|2|2|2|2|2|2||2|2|2|2||6||2|2|2|1|1|1|2|2|1|52UZPE01152001T48MT03EBS001H050052UZPE01152001T48MT03EBS001H0500F0500
2|457|1|52|UZPE011|52001|T48|MT03|TORRES DEL CIELO|TORRE4APTO503|-77.268609|1.215211||52UZPE01152001T48MT03EBS001H0501|52UZPE01152001T48MT03EBS001H0501F0501|3|1|1|3|52UZPE01152001T48MT03EBS001|900091143|CC|1004213964|ENFERMERA|52UZPE01152001T48MT03EBS001H0501F0501CF501|2025-08-06|4||1||1||1||4|2|11|5|1|2|20||2|13|0||1||1||1||1||1|3|3|1|1|1|1|2|2|2|2|2|2||2|2|1|1||6||1|2|2|1|2|1|2|2|1|52UZPE01152001T48MT03EBS001H050152UZPE01152001T48MT03EBS001H0501F0501
2|458|1|52|UZPE011|52001|T48|MT02|CONDOMINIO MONTERREY|CALLE2621551|-77.263482|1.21386||52UZPE01152001T48MT02EBS001H0502|52UZPE01152001T48MT02EBS001H0502F0502|1|6|6|7|52UZPE01152001T48MT02EBS001|900091143|CC|36752202|AUXILIARDEENFERMERIA|52UZPE01152001T48MT02EBS001H0502F0502CF502|2025-08-12|1||1||3||1||0|1|11|5|3|2|20||2|13|0||1||1||1||1||7|1|2|1|1|1|1|2|2|2|2|2|2||2|2|1|1||6||1|2|2|1|2|1|2|2|1|52UZPE01152001T48MT02EBS001H050252UZPE01152001T48MT02EBS001H0502F0502
2|459|1|52|UZPE011|52001|T48|MT02|CONDOMINIO MONTERREY|CALLR262155|-77.263482|1.21386||52UZPE01152001T48MT02EBS001H0504|52UZPE01152001T48MT02EBS001H0504F0504|1|1|1|7|52UZPE01152001T48MT02EBS001|900091143|CC|36752202|AUXILIARDEENFERMERIA|52UZPE01152001T48MT02EBS001H0504F0504CF504|2025-08-12|1||1||3||1||1|1|11|5|3|2|20||2|13|0||1||1||1||1||7|1|2|1|1|1|1|2|2|2|2|2|2||2|2|1|1||6||1|2|2|1|2|1|2|2|1|52UZPE01152001T48MT02EBS001H050452UZPE01152001T48MT02EBS001H0504F0504
2|460|1|52|UZPE011|52001|T48|MT02|CONDOMINIO MONTERREY|CALLE2621552|-77.263482|1.21386||52UZPE01152001T48MT02EBS001H0505|52UZPE01152001T48MT02EBS001H0505F0505|1|1|1|7|52UZPE01152001T48MT02EBS001|900091143|CC|36752202|AUXILIARDEENFERMERIA|52UZPE01152001T48MT02EBS001H0505F0505CF505|2025-08-12|1||1||3||1||1|1|11|5|3|2|20||2|13|0||1||1||1||1||7|1|2|1|1|1|1|2|2|2|2|2|2||2|2|1|1||6||1|2|2|1|2|1|2|2|1|52UZPE01152001T48MT02EBS001H050552UZPE01152001T48MT02EBS001H0505F0505
2|461|1|52|UZPE011|52001|T48|MT02|CONDOMINIO MONTERREY|CALLE2621554|-77.263482|1.21386||52UZPE01152001T48MT02EBS001H0506|52UZPE01152001T48MT02EBS001H0506F0506|1|1|1|7|52UZPE01152001T48MT02EBS001|900091143|CC|36752202|AUXILIARDEENFERMERIA|52UZPE01152001T48MT02EBS001H0506F0506CF506|2025-08-12|1||1||3||1||1|1|11|5|3|2|20||2|13|0||1||1||1||1||7|1|2|1|1|1|1|2|2|2|2|2|2||2|2|1|1||6||1|2|2|1|2|1|2|2|1|52UZPE01152001T48MT02EBS001H050652UZPE01152001T48MT02EBS001H0506F0506
2|462|1|52|UZPE011|52001|T48|MT02|CONDOMINIO MONTERREY|CALLE2621556|-77.263482|1.21386||52UZPE01152001T48MT02EBS001H0507|52UZPE01152001T48MT02EBS001H0507F0507|1|1|1|7|52UZPE01152001T48MT02EBS001|900091143|CC|36752202|AUXILIARDEENFERMERIA|52UZPE01152001T48MT02EBS001H0507F0507CF507|2025-08-12|1||1||3||1||0|1|11|5|3|2|20||2|13|0||1||1||1||1||7|1|2|1|1|1|1|2|2|2|2|2|2||2|2|1|1||6||1|2|2|1|2|1|2|2|1|52UZPE01152001T48MT02EBS001H050752UZPE01152001T48MT02EBS001H0507F0507
2|463|1|52|UZPE011|52001|T48|MT02|CONDOMINIO MONTERREY|CALLE2621557|-77.263482|1.21386||52UZPE01152001T48MT02EBS001H0508|52UZPE01152001T48MT02EBS001H0508F0508|1|1|1|7|52UZPE01152001T48MT02EBS001|900091143|CC|36752202|AUXILIARDEENFERMERIA|52UZPE01152001T48MT02EBS001H0508F0508CF508|2025-08-12|1||1||3||1||0|1|11|5|3|2|20||2|13|0||1||1||1||1||7|1|2|1|1|1|1|2|2|2|2|2|2||2|2|1|1||6||1|2|2|1|2|1|2|2|1|52UZPE01152001T48MT02EBS001H050852UZPE01152001T48MT02EBS001H0508F0508
2|464|1|52|UZPE011|52001|T48|MT02|CONDOMINIO MONTERREY|CALLE2621558|-77.263482|1.21386||52UZPE01152001T48MT02EBS001H0509|52UZPE01152001T48MT02EBS001H0509F0509|1|1|1|7|52UZPE01152001T48MT02EBS001|900091143|CC|36752202|AUXILIARDEENFERMERIA|52UZPE01152001T48MT02EBS001H0509F0509CF509|2025-08-12|1||1||3||1||0|1|11|5|3|2|20||2|13|0||1||1||1||1||7|1|2|1|1|1|1|2|2|2|2|2|2||2|2|1|1||6||1|2|2|1|2|1|2|2|1|52UZPE01152001T48MT02EBS001H050952UZPE01152001T48MT02EBS001H0509F0509
2|465|1|52|UZPE011|52001|T48|MT02|CONDOMINIO MONTERREY|CALLE2621559|-77.263482|1.21386||52UZPE01152001T48MT02EBS001H0510|52UZPE01152001T48MT02EBS001H0510F0510|1|1|1|7|52UZPE01152001T48MT02EBS001|900091143|CC|36752202|AUXILIARDEENFERMERIA|52UZPE01152001T48MT02EBS001H0510F0510CF510|2025-08-12|1||1||3||1||1|1|11|5|3|2|20||2|13|0||1||1||1||1||7|1|2|1|1|1|1|2|2|2|2|2|2||2|2|1|1||6||1|2|2|1|2|1|2|2|1|52UZPE01152001T48MT02EBS001H051052UZPE01152001T48MT02EBS001H0510F0510
2|466|1|52|UZPE011|52001|T48|MT02|CONDOMINIO MONTERREY|FUNDACIONAMPAROSANJOSE|-77.263482|1.21386||52UZPE01152001T48MT02EBS001H0511|52UZPE01152001T48MT02EBS001H0511F0511|1|1|1|1|52UZPE01152001T48MT02EBS001|900091143|CC|1082748783|AUXILIARDEENFERMERIA|52UZPE01152001T48MT02EBS001H0511F0511CF511|2025-08-12|3||1||3||4||1|1|8|5|3|2|20||2|13|0||1||1||1||1||7|1|2|4|1|1|5|2|2|2|2|2|2||2|2|1|2||7||1|2|2|1|2|1|2|2|1|52UZPE01152001T48MT02EBS001H051152UZPE01152001T48MT02EBS001H0511F0511
2|467|1|52|UZPE011|52001|T48|MT02|CONDOMINIO MONTERREY|CL26NO2155BLACAROLINA|-77.263482|1.21386||52UZPE01152001T48MT02EBS001H0512|52UZPE01152001T48MT02EBS001H0512F0512|1|1|1|1|52UZPE01152001T48MT02EBS001|900091143|CC|1085261053|AUXILIARDEENFERMERIA|52UZPE01152001T48MT02EBS001H0512F0512CF512|2025-08-12|3||1||3||4||1|1|11|5|3|2|20||2|13|0||1||1||1||1||7|1|2|4|1|1|3|2|2|2|2|2|2||2|2|1|1||7||1|2|2|1|1|1|2|2|1|52UZPE01152001T48MT02EBS001H051252UZPE01152001T48MT02EBS001H0512F0512
2|468|1|52|UZPE011|52001|T48|MT02|CONDOMINIO MONTERREY|CL26NO2155BLACAROLINA|-77.263482|1.21386||52UZPE01152001T48MT02EBS001H0513|52UZPE01152001T48MT02EBS001H0513F0513|1|1|1|1|52UZPE01152001T48MT02EBS001|900091143|CC|1085261053|AUXILIARDEENFERMERIA|52UZPE01152001T48MT02EBS001H0513F0513CF513|2025-08-12|3||1||3||4||1|1|11|5|3|2|20||2|13|0||1||1||1||1||7|1|2|4|1|1|5|2|2|2|2|2|2||2|2|1|1||7||1|2|2|1|1|1|2|2|1|52UZPE01152001T48MT02EBS001H051352UZPE01152001T48MT02EBS001H0513F0513
2|469|1|52|UZPE011|52001|T48|MT02|CONDOMINIO MONTERREY|CL26NO2155BLACAROLINA|-77.263482|1.21386||52UZPE01152001T48MT02EBS001H0514|52UZPE01152001T48MT02EBS001H0514F0514|1|1|1|1|52UZPE01152001T48MT02EBS001|900091143|CC|1085261053|AUXILIARDEENFERMERIA|52UZPE01152001T48MT02EBS001H0514F0514CF514|2025-08-12|3||1||3||4||1|1|11|5|3|2|20||2|13|0||1||1||1||1||7|1|2|4|1|1|5|2|2|2|2|2|2||2|2|1|1||7||1|2|2|1|1|1|2|2|1|52UZPE01152001T48MT02EBS001H051452UZPE01152001T48MT02EBS001H0514F0514
2|470|1|52|UZPE011|52001|T48|MT02|CONDOMINIO MONTERREY|CL26NO2155BLACAROLINA|-77.263482|1.21386||52UZPE01152001T48MT02EBS001H0515|52UZPE01152001T48MT02EBS001H0515F0515|1|1|1|1|52UZPE01152001T48MT02EBS001|900091143|CC|1085261053|AUXILIARDEENFERMERIA|52UZPE01152001T48MT02EBS001H0515F0515CF515|2025-08-12|3||1||3||4||1|1|11|5|3|2|20||2|13|0||1||1||1||1||7|1|2|4|1|1|5|2|2|2|2|2|2||2|2|1|2||7||1|2|2|1|1|1|2|2|1|52UZPE01152001T48MT02EBS001H051552UZPE01152001T48MT02EBS001H0515F0515
2|471|1|52|UZPE011|52001|T48|MT02|CONDOMINIO MONTERREY|CL26NO2155BLACAROLINA|-77.263482|1.21386||52UZPE01152001T48MT02EBS001H0516|52UZPE01152001T48MT02EBS001H0516F0516|1|1|1|1|52UZPE01152001T48MT02EBS001|900091143|CC|1085261053|AUXILIARDEENFERMERIA|52UZPE01152001T48MT02EBS001H0516F0516CF516|2025-08-12|3||1||3||4||1|1|11|5|3|2|20||2|13|0||1||1||1||1||7|1|2|4|1|1|5|2|2|2|2|2|2||2|2|1|1||7||1|2|2|1|1|1|2|2|1|52UZPE01152001T48MT02EBS001H051652UZPE01152001T48MT02EBS001H0516F0516
2|472|1|52|UZPE011|52001|T48|MT02|CONDOMINIO MONTERREY|CLL26NO2155BLACAROLINA|-77.263482|1.21386||52UZPE01152001T48MT02EBS001H0517|52UZPE01152001T48MT02EBS001H0517F0517|1|1|1|1|52UZPE01152001T48MT02EBS001|900091143|CC|1085261053|AUXILIARDEENFERMERIA|52UZPE01152001T48MT02EBS001H0517F0517CF517|2025-08-12|3||1||3||4||1|1|11|5|3|2|20||2|13|0||1||1||1||1||7|1|2|4|1|1|5|2|2|2|2|2|2||2|2|1|1||7||1|2|2|1|1|1|2|2|1|52UZPE01152001T48MT02EBS001H051752UZPE01152001T48MT02EBS001H0517F0517
2|473|1|52|UZPE011|52001|T48|MT02|CONDOMINIO MONTERREY|FUNDACIONAMPAROSANJOSE|-77.263482|1.21386||52UZPE01152001T48MT02EBS001H0518|52UZPE01152001T48MT02EBS001H0518F0518|1|1|1|1|52UZPE01152001T48MT02EBS001|900091143|CC|1082748783|AUXILIARDEENFERMERIA|52UZPE01152001T48MT02EBS001H0518F0518CF518|2025-08-12|3||1||3||4||1|1|8|5|3|2|20||2|13|0||1||1||1||1||7|1|3|4|1|1|1|2|2|2|2|2|2||2|2|1|2||7||1|2|2|1|2|1|2|2|1|52UZPE01152001T48MT02EBS001H051852UZPE01152001T48MT02EBS001H0518F0518
2|474|1|52|UZPE011|52001|T48|MT02|CONDOMINIO MONTERREY|CLLE26NO2155BLACAROLINA|-77.263482|1.21386||52UZPE01152001T48MT02EBS001H0519|52UZPE01152001T48MT02EBS001H0519F0519|1|1|1|1|52UZPE01152001T48MT02EBS001|900091143|CC|1085261053|AUXILIARDEENFERMERIA|52UZPE01152001T48MT02EBS001H0519F0519CF519|2025-08-12|3||1||3||4||1|1|11|5|3|2|20||2|13|0||1||1||1||1||7|1|2|4|1|1|5|2|2|2|2|2|2||2|2|1|1||7||1|2|2|1|1|1|2|2|1|52UZPE01152001T48MT02EBS001H051952UZPE01152001T48MT02EBS001H0519F0519
2|475|1|52|UZPE011|52001|T48|MT02|CONDOMINIO MONTERREY|CALLE262155LACAROLINA|-77.263482|1.21386||52UZPE01152001T48MT02EBS001H0520|52UZPE01152001T48MT02EBS001H0520F0520|1|1|1|1|52UZPE01152001T48MT02EBS001|900091143|CC|98386323|GESTORCOMUNITARIO|52UZPE01152001T48MT02EBS001H0520F0520CF520|2025-08-12|3||1||3||1||1|1|11|5|3|2|20||2|13|0||1||1||1||1||7|1|3|3|1|1|3|2|2|2|2|2|2||2|2|1|1||6||1|2|2|1|2|1|2|2|1|52UZPE01152001T48MT02EBS001H052052UZPE01152001T48MT02EBS001H0520F0520
2|476|1|52|UZPE011|52001|T48|MT02|CONDOMINIO MONTERREY|CALLE262155LACAROLIN|-77.263482|1.21386||52UZPE01152001T48MT02EBS001H0521|52UZPE01152001T48MT02EBS001H0521F0521|1|1|1|1|52UZPE01152001T48MT02EBS001|900091143|CC|98386323|GESTORCOMUNITARIO|52UZPE01152001T48MT02EBS001H0521F0521CF521|2025-08-12|3||2||3||1||1|2|11|5|3|2|20||2|13|0||1||1||1||1||7|1|3|3|1|1|2|2|2|2|2|2|2||2|2|1|1||6||1|2|2|1|2|1|2|2|1|52UZPE01152001T48MT02EBS001H052152UZPE01152001T48MT02EBS001H0521F0521
2|477|1|52|UZPE011|52001|T48|MT02|CONDOMINIO MONTERREY|CALLE262155LACAROLI|-77.263482|1.21386||52UZPE01152001T48MT02EBS001H0522|52UZPE01152001T48MT02EBS001H0522F0522|1|1|1|1|52UZPE01152001T48MT02EBS001|900091143|CC|98386323|GESTORCOMUNITARIO|52UZPE01152001T48MT02EBS001H0522F0522CF522|2025-08-12|3||1||3||1||1|2|11|5|2|2|20||2|13|0||1||1||1||1||7|1|3|3|1|1|2|2|2|2|2|2|2||2|2|1|1||6||1|2|2|1|2|1|2|2|1|52UZPE01152001T48MT02EBS001H052252UZPE01152001T48MT02EBS001H0522F0522
2|478|1|52|UZPE011|52001|T48|MT02|CONDOMINIO MONTERREY|CALLE262155LACAROLINA|-77.263482|1.21386||52UZPE01152001T48MT02EBS001H0523|52UZPE01152001T48MT02EBS001H0523F0523|1|1|1|1|52UZPE01152001T48MT02EBS001|900091143|CC|98386323|GESTORCOMUNITARIO|52UZPE01152001T48MT02EBS001H0523F0523CF523|2025-08-12|3||1||3||1||1|1|11|5|2|2|20||1|13|0||1||1||1||1||7|1|2|3|1|1|5|2|2|2|2|2|2||2|2|1|1||6||1|2|2|1|2|1|2|2|1|52UZPE01152001T48MT02EBS001H052352UZPE01152001T48MT02EBS001H0523F0523
2|479|1|52|UZPE011|52001|T48|MT02|CONDOMINIO MONTERREY|CALLE262155|-77.263482|1.21386||52UZPE01152001T48MT02EBS001H0524|52UZPE01152001T48MT02EBS001H0524F0524|1|1|1|1|52UZPE01152001T48MT02EBS001|900091143|CC|98386323|GESTORCOMUNITARIO|52UZPE01152001T48MT02EBS001H0524F0524CF524|2025-08-13|3||1||3||1||1|2|11|5|2|2|20||2|13|0||1||1||1||1||7|1|2|4|1|1|5|2|2|2|2|2|2||2|2|1|1||6||1|2|2|1|2|1|2|2|1|52UZPE01152001T48MT02EBS001H052452UZPE01152001T48MT02EBS001H0524F0524
2|480|1|52|UZPE011|52001|T48|MT02|CONDOMINIO MONTERREY|CALLE262155|-77.263482|1.21386||52UZPE01152001T48MT02EBS001H0525|52UZPE01152001T48MT02EBS001H0525F0525|1|1|1|1|52UZPE01152001T48MT02EBS001|900091143|CC|98386323|GESTORCOMUNITARIO|52UZPE01152001T48MT02EBS001H0525F0525CF525|2025-08-13|3||1||3||1||1|2|11|5|3|2|20||2|13|0||1||1||1||1||7|1|2|4|1|1|5|2|2|2|2|2|2||2|2|1|1||6||1|2|2|1|2|1|2|2|1|52UZPE01152001T48MT02EBS001H052552UZPE01152001T48MT02EBS001H0525F0525
2|481|1|52|UZPE011|52001|T48|MT02|CONDOMINIO MONTERREY|CALLE262155LACARO|-77.263482|1.21386||52UZPE01152001T48MT02EBS001H0526|52UZPE01152001T48MT02EBS001H0526F0526|1|1|1|1|52UZPE01152001T48MT02EBS001|900091143|CC|98386323|GESTORCOMUNITARIO|52UZPE01152001T48MT02EBS001H0526F0526CF526|2025-08-12|3||1||3||1||1|2|11|5|3|2|20||2|13|0||1||1||1||1||7|1|2|4|1|1|5|2|2|2|2|2|2||2|2|1|1||6||1|2|2|1|1|1|2|2|1|52UZPE01152001T48MT02EBS001H052652UZPE01152001T48MT02EBS001H0526F0526
2|482|1|52|UZPE011|52001|T48|MT02|CONDOMINIO MONTERREY|CALLE262155CAROLINA|-77.263482|1.21386||52UZPE01152001T48MT02EBS001H0527|52UZPE01152001T48MT02EBS001H0527F0527|1|1|1|1|52UZPE01152001T48MT02EBS001|900091143|CC|98386323|GESTORCOMUNITARIO|52UZPE01152001T48MT02EBS001H0527F0527CF527|2025-08-12|3||1||3||1||1|2|11|5|2|2|20||2|13|0||1||1||1||1||7|1|2|4|1|1|5|2|2|2|2|2|2||2|2|1|1||6||1|2|2|1|2|1|2|2|1|52UZPE01152001T48MT02EBS001H052752UZPE01152001T48MT02EBS001H0527F0527
2|483|1|52|UZPE011|52001|T48|MT02|CONDOMINIO MONTERREY|CLLE262155|-77.263482|1.21386||52UZPE01152001T48MT02EBS001H0528|52UZPE01152001T48MT02EBS001H0528F0528|1|1|1|1|52UZPE01152001T48MT02EBS001|900091143|CC|98386323|GESTORCOMUNITARIO|52UZPE01152001T48MT02EBS001H0528F0528CF528|2025-08-12|3||1||3||1||1|2|11|5|3|2|20||2|13|0||1||1||1||1||7|1|2|4|1|1|5|2|2|2|2|2|2||2|2|1|1||6||1|2|2|1|2|1|2|2|1|52UZPE01152001T48MT02EBS001H052852UZPE01152001T48MT02EBS001H0528F0528
2|484|1|52|UZPE011|52001|T48|MT02|CONDOMINIO MONTERREY|FUNDACIONAMPAROSANJOSE|-77.263482|1.21386||52UZPE01152001T48MT02EBS001H0529|52UZPE01152001T48MT02EBS001H0529F0529|1|1|1|1|52UZPE01152001T48MT02EBS001|900091143|CC|1082748783|AUXILIARDEENFERMERIA|52UZPE01152001T48MT02EBS001H0529F0529CF529|2025-08-12|3||1||3||4||1|1|8|5|3|2|20||2|13|0||1||1||1||1||7|1|3|4|1|1|1|2|2|2|2|2|2||2|2|1|2||7||1|2|2|1|2|1|2|2|1|52UZPE01152001T48MT02EBS001H052952UZPE01152001T48MT02EBS001H0529F0529
2|485|1|52|UZPE011|52001|T48|MT02|CONDOMINIO MONTERREY|FUNDACIONAMPAROSANJOSE|-77.263482|1.21386||52UZPE01152001T48MT02EBS001H0530|52UZPE01152001T48MT02EBS001H0530F0530|1|1|1|1|52UZPE01152001T48MT02EBS001|900091143|CC|1082748783|AUXILIARDEENFERMERIA|52UZPE01152001T48MT02EBS001H0530F0530CF530|2025-08-12|3||1||3||4||1|1|8|5|3|2|20||2|13|0||1||1||1||1||7|1|3|4|1|1|1|2|2|2|2|2|2||2|2|1|2||7||1|2|2|1|2|1|2|2|1|52UZPE01152001T48MT02EBS001H053052UZPE01152001T48MT02EBS001H0530F0530
2|486|1|52|UZPE011|52001|T48|MT02|CONDOMINIO MONTERREY|CLLE262155|-77.263482|1.21386||52UZPE01152001T48MT02EBS001H0531|52UZPE01152001T48MT02EBS001H0531F0531|2|1|1|1|52UZPE01152001T48MT02EBS001|900091143|CC|98386323|GESTORCOMUNITARIO|52UZPE01152001T48MT02EBS001H0531F0531CF531|2025-08-12|3||1||3||4||1|1|11|5|3|2|20||2|13|0||1||1||1||1||1|1|3|4|1|1|1|2|2|2|2|2|2||2|2|1|1||7||1|2|2|1|2|1|2|2|1|52UZPE01152001T48MT02EBS001H053152UZPE01152001T48MT02EBS001H0531F0531
2|487|1|52|UZPE011|52001|T48|MT02|CONDOMINIO MONTERREY|FUNDACIONAMPAROSANJOSE|-77.263482|1.21386||52UZPE01152001T48MT02EBS001H0532|52UZPE01152001T48MT02EBS001H0532F0532|1|1|1|1|52UZPE01152001T48MT02EBS001|900091143|CC|1082748783|AUXILIARDEENFERMERIA|52UZPE01152001T48MT02EBS001H0532F0532CF532|2025-08-12|3||1||3||4||1|1|8|5|3|2|20||2|13|0||1||1||1||1||7|1|3|4|1|1|1|2|2|2|2|2|2||2|2|1|2||7||1|2|2|1|2|1|2|2|1|52UZPE01152001T48MT02EBS001H053252UZPE01152001T48MT02EBS001H0532F0532
2|488|1|52|UZPE011|52001|T48|MT02|CONDOMINIO MONTERREY|CLLE262155|-77.263482|1.21386||52UZPE01152001T48MT02EBS001H0533|52UZPE01152001T48MT02EBS001H0533F0533|2|1|1|1|52UZPE01152001T48MT02EBS001|900091143|CC|98386323|GESTORCOMUNITARIO|52UZPE01152001T48MT02EBS001H0533F0533CF533|2025-08-12|3||1||3||4||1|1|11|5|3|2|20||2|13|0||1||1||1||1||7|1|3|4|1|1|1|2|2|2|2|2|2||2|2|1|2||7||1|2|2|1|2|1|2|2|1|52UZPE01152001T48MT02EBS001H053352UZPE01152001T48MT02EBS001H0533F0533
2|489|1|52|UZPE011|52001|T48|MT02|CONDOMINIO MONTERREY|FUNDACIONAMPAROSANJOSE|-77.263482|1.21386||52UZPE01152001T48MT02EBS001H0534|52UZPE01152001T48MT02EBS001H0534F0534|1|1|1|1|52UZPE01152001T48MT02EBS001|900091143|CC|1082748783|AUXILIARDEENFERMERIA|52UZPE01152001T48MT02EBS001H0534F0534CF534|2025-08-12|3||1||3||4||1|1|8|5|3|2|20||2|13|0||1||1||1||1||7|1|3|4|1|1|1|2|2|2|2|2|2||2|2|1|2||7||1|2|2|1|2|1|2|2|1|52UZPE01152001T48MT02EBS001H053452UZPE01152001T48MT02EBS001H0534F0534
2|490|1|52|UZPE011|52001|T48|MT02|CONDOMINIO MONTERREY|FUNDACIONAMPAROSANJOSE|-77.263482|1.21386||52UZPE01152001T48MT02EBS001H0535|52UZPE01152001T48MT02EBS001H0535F0535|1|1|1|1|52UZPE01152001T48MT02EBS001|900091143|CC|1082748783|AUXILIARDEENFERMERIA|52UZPE01152001T48MT02EBS001H0535F0535CF535|2025-08-12|3||1||3||4||1|1|8|5|3|2|20||2|13|0||1||1||1||1||7|1|3|4|1|1|1|2|2|2|2|2|2||2|2|1|2||7||1|2|2|1|2|1|2|2|1|52UZPE01152001T48MT02EBS001H053552UZPE01152001T48MT02EBS001H0535F0535
2|491|1|52|UZPE011|52001|T48|MT02|CONDOMINIO MONTERREY|FUNDACIONAMPAROSANJOSE|-77.263482|1.21386||52UZPE01152001T48MT02EBS001H0536|52UZPE01152001T48MT02EBS001H0536F0536|1|1|1|1|52UZPE01152001T48MT02EBS001|900091143|CC|1082748783|AUXILIARDEENFERMERIA|52UZPE01152001T48MT02EBS001H0536F0536CF536|2025-08-12|3||1||3||4||1|1|8|5|3|2|20||2|13|0||1||1||1||1||7|1|3|4|1|1|1|2|2|2|2|2|2||2|2|1|2||7||1|2|2|1|2|1|2|2|1|52UZPE01152001T48MT02EBS001H053652UZPE01152001T48MT02EBS001H0536F0536
2|492|1|52|UZPE011|52001|T48|MT02|CONDOMINIO MONTERREY|FUNDACIONAMPAROSANJOSE|-77.263482|1.21386||52UZPE01152001T48MT02EBS001H0537|52UZPE01152001T48MT02EBS001H0537F0537|1|1|1|1|52UZPE01152001T48MT02EBS001|900091143|CC|1082748783|AUXILIARDEENFERMERIA|52UZPE01152001T48MT02EBS001H0537F0537CF537|2025-08-12|3||1||3||4||1|1|8|5|3|2|20||2|13|0||1||1||1||1||7|1|3|4|1|1|1|2|2|2|2|2|2||2|2|1|2||7||1|2|2|1|2|1|2|2|1|52UZPE01152001T48MT02EBS001H053752UZPE01152001T48MT02EBS001H0537F0537
2|493|1|52|UZPE011|52001|T48|MT02|CONDOMINIO MONTERREY|CLLE262155|-77.263482|1.213386||52UZPE01152001T48MT02EBS001H0538|52UZPE01152001T48MT02EBS001H0538F0538|2|1|1|1|52UZPE01152001T48MT02EBS001|900091143|CC|98386323|GESTORCOMUNITARIO|52UZPE01152001T48MT02EBS001H0538F0538CF538|2025-08-12|3||1||3||4||1|1|11|5|3|2|20||2|13|0||1||1||1||1||7|1|3|4|1|1|1|2|2|2|2|2|2||2|2|1|1||7||1|2|2|1|2|1|2|2|1|52UZPE01152001T48MT02EBS001H053852UZPE01152001T48MT02EBS001H0538F0538
2|494|1|52|UZPE011|52001|T48|MT02|CONDOMINIO MONTERREY|CL26NO2155BLACAROLINA|-77.263482|1.21386||52UZPE01152001T48MT02EBS001H0539|52UZPE01152001T48MT02EBS001H0539F0539|1|1|1|1|52UZPE01152001T48MT02EBS001|900091143|CC|1085261053|AUXILIARDEENFERMERIA|52UZPE01152001T48MT02EBS001H0539F0539CF539|2025-08-12|3||1||3||4||1|1|11|5|3|2|20||2|13|0||1||1||1||1||7|1|2|4|1|1|5|2|2|2|2|2|2||2|2|1|1||7||1|2|2|1|1|1|2|2|1|52UZPE01152001T48MT02EBS001H053952UZPE01152001T48MT02EBS001H0539F0539
2|495|1|52|UZPE011|52001|T48|MT02|CONDOMINIO MONTERREY|CL26NO2155BLACAROLINA|-77.263482|1.21386||52UZPE01152001T48MT02EBS001H0540|52UZPE01152001T48MT02EBS001H0540F0540|1|1|1|1|52UZPE01152001T48MT02EBS001|900091143|CC|1085261053|AUXILIARDEENFERMERIA|52UZPE01152001T48MT02EBS001H0540F0540CF540|2025-08-12|3||1||3||4||1|1|11|5|3|2|20||2|13|0||1||1||1||1||7|1|2|4|1|1|5|2|2|2|2|2|2||2|2|1|2||7||1|2|2|1|1|1|2|2|1|52UZPE01152001T48MT02EBS001H054052UZPE01152001T48MT02EBS001H0540F0540
2|496|1|52|UZPE011|52001|T48|MT02|CONDOMINIO MONTERREY|CL26NO2155BRRLACAROLINA|-77.263324|1.213672||52UZPE01152001T48MT02EBS001H0541|52UZPE01152001T48MT02EBS001H0541F0541|1|1|1|1|52UZPE01152001T48MT02EBS001|900091143|CC|1085261053|AUXILIARDEENFERMERIA|52UZPE01152001T48MT02EBS001H0541F0541CF541|2025-08-13|3||1||3||4||1|1|11|5|3|2|20||2|13|0||1||1||1||1||7|1|2|4|1|1|5|2|2|2|2|2|2||2|2|1|1||7||1|2|2|1|1|1|2|2|1|52UZPE01152001T48MT02EBS001H054152UZPE01152001T48MT02EBS001H0541F0541
2|497|1|52|UZPE011|52001|T48|MT02|CONDOMINIO MONTERREY|CL26NO2155BLACAROLINA|-77.263324|1.213672||52UZPE01152001T48MT02EBS001H0542|52UZPE01152001T48MT02EBS001H0542F0542|1|1|1|1|52UZPE01152001T48MT02EBS001|900091143|CC|1085261053|AUXILIARDEENFERMERIA|52UZPE01152001T48MT02EBS001H0542F0542CF542|2025-08-13|3||1||3||4||1|1|11|5|3|2|20||2|13|0||1||1||1||1||7|1|2|4|1|1|5|2|2|2|2|2|2||2|2|1|1||7||1|2|2|1|1|1|2|2|1|52UZPE01152001T48MT02EBS001H054252UZPE01152001T48MT02EBS001H0542F0542
2|498|1|52|UZPE011|52001|T48|MT02|CONDOMINIO MONTERREY|CL26NO2155BLACAROLINA|-77.263324|1.213672||52UZPE01152001T48MT02EBS001H0543|52UZPE01152001T48MT02EBS001H0543F0543|1|1|1|1|52UZPE01152001T48MT02EBS001|900091143|CC|1085261053|AUXILIARDEENFERMERIA|52UZPE01152001T48MT02EBS001H0543F0543CF543|2025-08-13|3||1||3||4||1|1|11|5|3|2|20||2|13|0||1||1||1||1||7|1|2|4|1|1|5|2|2|2|2|2|2||2|2|1|1||7||1|2|2|1|1|1|2|2|1|52UZPE01152001T48MT02EBS001H054352UZPE01152001T48MT02EBS001H0543F0543
2|499|1|52|UZPE011|52001|T48|MT02|CONDOMINIO MONTERREY|CL26NO2155BLACAROLINA|-77.263324|1.213672||52UZPE01152001T48MT02EBS001H0544|52UZPE01152001T48MT02EBS001H0544F0544|1|1|1|1|52UZPE01152001T48MT02EBS001|900091143|CC|1085261053|AUXILIARDEENFERMERIA|52UZPE01152001T48MT02EBS001H0544F0544CF544|2025-08-13|3||1||3||4||1|1|11|5|3|2|20||2|13|0||1||1||1||1||7|1|2|4|1|1|5|2|2|2|2|2|2||2|2|1|1||7||1|2|2|1|1|1|2|2|1|52UZPE01152001T48MT02EBS001H054452UZPE01152001T48MT02EBS001H0544F0544
2|500|1|52|UZPE011|52001|T48|MT02|CONDOMINIO MONTERREY|CL26NO2155BLACAROLINA|-77.263324|1.213672||52UZPE01152001T48MT02EBS001H0545|52UZPE01152001T48MT02EBS001H0545F0545|1|1|1|1|52UZPE01152001T48MT02EBS001|900091143|CC|1085261053|AUXILIARDEENFERMERIA|52UZPE01152001T48MT02EBS001H0545F0545CF545|2025-08-13|3||1||3||4||1|1|11|5|3|2|20||2|13|0||1||1||1||1||7|1|2|4|1|1|5|2|2|2|2|2|2||2|2|1|2||7||1|2|2|1|1|1|2|2|1|52UZPE01152001T48MT02EBS001H054552UZPE01152001T48MT02EBS001H0545F0545
2|501|1|52|UZPE011|52001|T48|MT02|CONDOMINIO MONTERREY|CL262155BLACAROLINA|-77.263324|1.213672||52UZPE01152001T48MT02EBS001H0546|52UZPE01152001T48MT02EBS001H0546F0546|1|1|1|1|52UZPE01152001T48MT02EBS001|900091143|CC|1085261053|AUXILIARDEENFERMERIA|52UZPE01152001T48MT02EBS001H0546F0546CF546|2025-08-13|3||1||3||4||1|1|11|5|3|2|20||2|13|0||1||1||1||1||7|1|2|4|1|1|5|2|2|2|2|2|2||2|2|1|1||7||1|2|2|1|1|1|2|2|1|52UZPE01152001T48MT02EBS001H054652UZPE01152001T48MT02EBS001H0546F0546
2|502|1|52|UZPE011|52001|T48|MT02|CONDOMINIO MONTERREY|CL26NO2155BLACAROLINA|-77.263324|1.213672||52UZPE01152001T48MT02EBS001H0547|52UZPE01152001T48MT02EBS001H0547F0547|1|1|1|1|52UZPE01152001T48MT02EBS001|900091143|CC|1085261053|AUXILIARDEENFERMERIA|52UZPE01152001T48MT02EBS001H0547F0547CF547|2025-08-13|3||1||3||4||1|1|11|5|3|2|20||2|13|0||1||1||1||1||7|1|2|4|1|1|5|2|2|2|2|2|2||2|2|1|1||7||1|2|2|1|1|1|2|2|1|52UZPE01152001T48MT02EBS001H054752UZPE01152001T48MT02EBS001H0547F0547
2|503|1|52|UZPE011|52001|T48|MT02|CONDOMINIO MONTERREY|CL26NO2155BLACAROLINA|-77.263324|1.213672||52UZPE01152001T48MT02EBS001H0548|52UZPE01152001T48MT02EBS001H0548F0548|1|1|1|1|52UZPE01152001T48MT02EBS001|900091143|CC|1085261053|AUXILIARDEENFERMERIA|52UZPE01152001T48MT02EBS001H0548F0548CF548|2025-08-13|3||1||3||4||1|1|11|5|3|2|20||2|13|0||1||1||1||1||7|1|2|4|1|1|5|2|2|2|2|2|2||2|2|1|1||7||1|2|2|1|1|1|2|2|1|52UZPE01152001T48MT02EBS001H054852UZPE01152001T48MT02EBS001H0548F0548
2|504|1|52|UZPE011|52001|T48|MT02|CONDOMINIO MONTERREY|CALL26NO2155BLACAROLINA|-77.263324|1.213672||52UZPE01152001T48MT02EBS001H0549|52UZPE01152001T48MT02EBS001H0549F0549|1|1|1|1|52UZPE01152001T48MT02EBS001|900091143|CC|1085261053|AUXILIARDEENFERMERIA|52UZPE01152001T48MT02EBS001H0549F0549CF549|2025-08-13|3||1||3||4||1|1|11|5|3|2|20||2|13|0||1||1||1||1||7|1|2|4|1|1|5|2|2|2|2|2|2||2|2|1|1||7||1|2|2|1|1|1|2|2|1|52UZPE01152001T48MT02EBS001H054952UZPE01152001T48MT02EBS001H0549F0549
2|505|1|52|UZPE011|52001|T48|MT02|CONDOMINIO MONTERREY|CALLE26NO2155BLACAROLINA|-77.263324|1.213672||52UZPE01152001T48MT02EBS001H0550|52UZPE01152001T48MT02EBS001H0550F0550|1|1|1|1|52UZPE01152001T48MT02EBS001|900091143|CC|1085261053|AUXILIARDEENFERMERIA|52UZPE01152001T48MT02EBS001H0550F0550CF550|2025-08-13|3||1||3||4||1|1|11|5|3|2|20||2|13|0||1||1||1||1||7|1|2|4|1|1|5|2|2|2|2|2|2||2|2|1|2||7||1|2|2|1|1|1|2|2|1|52UZPE01152001T48MT02EBS001H055052UZPE01152001T48MT02EBS001H0550F0550
2|506|1|52|UZPE011|52001|T48|MT02|CONDOMINIO MONTERREY|CL262155BLACAROLINA|-77.263324|1.213672||52UZPE01152001T48MT02EBS001H0552|52UZPE01152001T48MT02EBS001H0552F0552|1|1|1|1|52UZPE01152001T48MT02EBS001|900091143|CC|1085261053|AUXILIARDEENFERMERIA|52UZPE01152001T48MT02EBS001H0552F0552CF552|2025-08-13|3||1||3||4||2|1|11|5|3|2|20||2|13|0||1||1||1||1||7|1|2|4|1|1|5|2|2|2|2|2|2||2|2|1|1||7||1|2|2|1|1|1|2|2|1|52UZPE01152001T48MT02EBS001H055252UZPE01152001T48MT02EBS001H0552F0552
2|507|1|52|UZPE011|52001|T48|MT02|CONDOMINIO MONTERREY|CL26NO2155BLACROLINA|-77.263324|1.213672||52UZPE01152001T48MT02EBS001H0553|52UZPE01152001T48MT02EBS001H0553F0553|1|1|1|1|52UZPE01152001T48MT02EBS001|900091143|CC|1085261053|AUXILIARDEENFERMERIA|52UZPE01152001T48MT02EBS001H0553F0553CF553|2025-08-13|3||1||3||4||1|1|11|5|3|2|20||2|13|0||1||1||1||1||7|1|2|4|1|1|5|2|2|2|2|2|2||2|2|1|1||7||1|2|2|1|2|1|2|2|1|52UZPE01152001T48MT02EBS001H055352UZPE01152001T48MT02EBS001H0553F0553
2|508|1|52|UZPE011|52001|T48|MT02|CONDOMINIO MONTERREY|CL26NO2155BCAROLINA|-77.263324|1.213672||52UZPE01152001T48MT02EBS001H0554|52UZPE01152001T48MT02EBS001H0554F0554|1|1|1|1|52UZPE01152001T48MT02EBS001|900091143|CC|1085261053|AUXILIARDEENFERMERIA|52UZPE01152001T48MT02EBS001H0554F0554CF554|2025-08-13|3||1||3||4||1|1|11|5|3|2|20||2|13|0||1||1||1||1||7|1|2|4|1|1|5|2|2|2|2|2|2||2|2|1|2||7||1|2|2|1|1|1|2|2|1|52UZPE01152001T48MT02EBS001H055452UZPE01152001T48MT02EBS001H0554F0554
2|509|1|52|UZPE011|52001|T48|MT02|CONDOMINIO MONTERREY|CL26NO2155BARRIOLACAROLINA|-77.263324|1.213672||52UZPE01152001T48MT02EBS001H0555|52UZPE01152001T48MT02EBS001H0555F0555|1|1|1|1|52UZPE01152001T48MT02EBS001|900091143|CC|1085261053|AUXILIARDEENFERMERIA|52UZPE01152001T48MT02EBS001H0555F0555CF555|2025-08-13|3||1||3||4||1|1|11|5|3|2|20||2|13|0||1||1||1||1||7|1|2|4|1|1|5|2|2|2|2|2|2||2|2|1|1||7||1|2|2|1|1|1|2|2|1|52UZPE01152001T48MT02EBS001H055552UZPE01152001T48MT02EBS001H0555F0555
2|510|1|52|UZPE011|52001|T48|MT02|CONDOMINIO MONTERREY|CL26NO2155LACAROLINA|-77.263324|1.213672||52UZPE01152001T48MT02EBS001H0556|52UZPE01152001T48MT02EBS001H0556F0556|1|1|1|1|52UZPE01152001T48MT02EBS001|900091143|CC|1085261053|AUXILIARDEENFERMERIA|52UZPE01152001T48MT02EBS001H0556F0556CF556|2025-08-13|3||1||3||4||1|1|11|5|3|2|20||2|13|0||1||1||1||1||7|1|2|4|1|1|5|2|2|2|2|2|2||2|2|1|1||7||1|2|2|1|1|1|2|2|1|52UZPE01152001T48MT02EBS001H055652UZPE01152001T48MT02EBS001H0556F0556
2|511|1|52|UZPE011|52001|T48|MT02|CONDOMINIO MONTERREY|CL26NO2155BLACAROLINA|-77.263324|1.213672||52UZPE01152001T48MT02EBS001H0557|52UZPE01152001T48MT02EBS001H0557F0557|1|1|1|1|52UZPE01152001T48MT02EBS001|900091143|CC|1085261053|AUXILIARDEENFERMERIA|52UZPE01152001T48MT02EBS001H0557F0557CF557|2025-08-13|3||1||3||4||1|1|11|5|3|2|20||2|13|0||1||1||1||1||7|1|2|4|1|1|5|2|2|2|2|2|2||2|2|1|1||7||1|2|2|1|1|1|2|2|1|52UZPE01152001T48MT02EBS001H055752UZPE01152001T48MT02EBS001H0557F0557
2|512|1|52|UZPE011|52001|T48|MT02|CONDOMINIO MONTERREY|CL26NO2155BLACAOLINA|-77.263482|1.213672||52UZPE01152001T48MT02EBS001H0558|52UZPE01152001T48MT02EBS001H0558F0558|1|1|1|1|52UZPE01152001T48MT02EBS001|900091143|CC|1085261053|AUXILIARDEENFERMERIA|52UZPE01152001T48MT02EBS001H0558F0558CF558|2025-08-13|3||1||3||4||1|1|11|5|3|2|20||2|13|0||1||1||1||1||7|1|2|4|1|1|5|2|2|2|2|2|2||2|2|1|1||7||1|2|2|1|1|1|2|2|1|52UZPE01152001T48MT02EBS001H055852UZPE01152001T48MT02EBS001H0558F0558
2|513|1|52|UZPE011|52001|T48|MT02|CONDOMINIO MONTERREY|CL26NOII155BLACAROLINA|-77.263324|1.213672||52UZPE01152001T48MT02EBS001H0559|52UZPE01152001T48MT02EBS001H0559F0559|1|1|1|1|52UZPE01152001T48MT02EBS001|900091143|CC|1085261053|AUXILIARDEENFERMERIA|52UZPE01152001T48MT02EBS001H0559F0559CF559|2025-08-13|3||1||3||4||1|1|11|5|3|2|20||2|13|0||1||1||1||1||7|1|2|4|1|1|5|2|2|2|2|2|2||2|2|1|1||7||1|2|2|1|1|1|2|2|1|52UZPE01152001T48MT02EBS001H055952UZPE01152001T48MT02EBS001H0559F0559
2|514|1|52|UZPE011|52001|T48|MT02|CONDOMINIO MONTERREY|CL262155BLACAROLINA|-77.263324|1.213672||52UZPE01152001T48MT02EBS001H0560|52UZPE01152001T48MT02EBS001H0560F0560|1|1|1|1|52UZPE01152001T48MT02EBS001|900091143|CC|1085261053|AUXILIARDEENFERMERIA|52UZPE01152001T48MT02EBS001H0560F0560CF560|2025-08-13|3||1||3||4||1|1|11|5|3|1|20||2|13|0||1||1||1||1||7|1|2|4|1|1|5|2|2|2|2|2|2||2|2|1|2||7||1|2|2|1|1|1|2|2|1|52UZPE01152001T48MT02EBS001H056052UZPE01152001T48MT02EBS001H0560F0560
2|515|1|52|UZPE011|52001|T48|MT02|CONDOMINIO MONTERREY|CLL26NO2155BLACAROLINA|-77.26333|1.213678||52UZPE01152001T48MT02EBS001H0561|52UZPE01152001T48MT02EBS001H0561F0561|1|1|1|1|52UZPE01152001T48MT02EBS001|900091143|CC|1085261053|AUXILIARDEENFERMERIA|52UZPE01152001T48MT02EBS001H0561F0561CF561|2025-08-13|3||1||3||4||1|1|11|5|3|2|20||2|13|0||1||1||1||1||7|1|2|4|1|1|5|2|2|2|2|2|2||2|2|1|1||7||1|2|2|1|1|1|2|2|1|52UZPE01152001T48MT02EBS001H056152UZPE01152001T48MT02EBS001H0561F0561
2|516|1|52|UZPE011|52001|T48|MT02|CONDOMINIO MONTERREY|CL26NOII155BLACAROLINA|-77.26333|1.213678||52UZPE01152001T48MT02EBS001H0562|52UZPE01152001T48MT02EBS001H0562F0562|1|1|1|1|52UZPE01152001T48MT02EBS001|900091143|CC|1085261053|AUXILIARDEENFERMERIA|52UZPE01152001T48MT02EBS001H0562F0562CF562|2025-08-13|3||1||3||1||1|1|11|5|3|2|20||2|13|0||1||1||1||1||7|1|2|4|1|1|5|2|2|2|2|2|2||2|2|1|1||7||1|2|2|1|1|1|2|2|1|52UZPE01152001T48MT02EBS001H056252UZPE01152001T48MT02EBS001H0562F0562
2|517|1|52|UZPE011|52001|T48|MT02|CONDOMINIO MONTERREY|CL26NO2155CATOLINA|-77.26333|1.213678||52UZPE01152001T48MT02EBS001H0563|52UZPE01152001T48MT02EBS001H0563F0563|1|1|1|1|52UZPE01152001T48MT02EBS001|900091143|CC|1085261053|AUXILIARDEENFERMERIA|52UZPE01152001T48MT02EBS001H0563F0563CF563|2025-08-13|3||1||3||4||1|1|11|5|3|2|20||2|13|0||1||1||1||1||7|1|2|4|1|1|5|2|2|2|2|2|2||2|2|1|1||7||1|2|2|1|1|1|2|2|1|52UZPE01152001T48MT02EBS001H056352UZPE01152001T48MT02EBS001H0563F0563
2|518|1|52|UZPE011|52001|T48|MT02|CONDOMINIO MONTERREY|CL26255LACAROLINA|-77.26333|1.213678||52UZPE01152001T48MT02EBS001H0564|52UZPE01152001T48MT02EBS001H0564F0564|1|1|1|1|52UZPE01152001T48MT02EBS001|900091143|CC|1085261053|AUXILIARDEENFERMERIA|52UZPE01152001T48MT02EBS001H0564F0564CF564|2025-08-13|3||1||3||4||1|1|11|5|3|2|20||2|13|0||1||1||1||1||7|1|2|4|1|1|5|2|2|2|2|2|2||2|2|1|1||7||1|2|2|1|1|1|2|2|1|52UZPE01152001T48MT02EBS001H056452UZPE01152001T48MT02EBS001H0564F0564
2|519|1|52|UZPE011|52001|T48|MT02|CONDOMINIO MONTERREY|CLLE262155BARRIOLACAROLINA|-77.26333|1.213678||52UZPE01152001T48MT02EBS001H0565|52UZPE01152001T48MT02EBS001H0565F0565|1|1|1|1|52UZPE01152001T48MT02EBS001|900091143|CC|1085261053|AUXILIARDEENFERMERIA|52UZPE01152001T48MT02EBS001H0565F0565CF565|2025-08-13|3||1||3||4||1|1|11|5|3|2|20||2|13|0||1||1||1||1||7|1|2|4|1|1|5|2|2|2|2|2|2||2|2|1|1||7||1|2|2|1|1|1|2|2|1|52UZPE01152001T48MT02EBS001H056552UZPE01152001T48MT02EBS001H0565F0565
2|520|1|52|UZPE011|52001|T48|MT02|CONDOMINIO MONTERREY|CALLE26NO2155BBLACAROLINA|-77.26333|1.213678||52UZPE01152001T48MT02EBS001H0566|52UZPE01152001T48MT02EBS001H0566F0566|1|1|1|1|52UZPE01152001T48MT02EBS001|900091143|CC|1085261053|AUXILIARDEENFERMERIA|52UZPE01152001T48MT02EBS001H0566F0566CF566|2025-08-13|3||1||3||4||1|1|11|5|3|2|20||2|13|0||1||1||1||1||7|1|2|4|1|1|5|2|2|2|2|2|2||2|2|1|1||7||1|2|2|1|1|1|2|2|1|52UZPE01152001T48MT02EBS001H056652UZPE01152001T48MT02EBS001H0566F0566
2|521|1|52|UZPE011|52001|T48|MT02|CONDOMINIO MONTERREY|CL26NO2155BLACAROLINA|-77.26333|1.213678||52UZPE01152001T48MT02EBS001H0567|52UZPE01152001T48MT02EBS001H0567F0567|1|1|1|1|52UZPE01152001T48MT02EBS001|900091143|CC|1085261053|AUXILIARDEENFERMERIA|52UZPE01152001T48MT02EBS001H0567F0567CF567|2025-08-13|3||1||3||4||1|1|11|5|3|2|20||2|13|0||1||1||1||1||7|1|2|4|1|1|5|2|2|2|2|2|2||2|2|1|1||7||1|2|2|1|1|1|2|2|1|52UZPE01152001T48MT02EBS001H056752UZPE01152001T48MT02EBS001H0567F0567
2|522|1|52|UZPE011|52001|T48|MT02|CONDOMINIO MONTERREY|CL26NO2155BLACAROLINA|-77.26333|1.213678||52UZPE01152001T48MT02EBS001H0568|52UZPE01152001T48MT02EBS001H0568F0568|1|1|1|1|52UZPE01152001T48MT02EBS001|900091143|CC|1085261053|AUXILIARDEENFERMERIA|52UZPE01152001T48MT02EBS001H0568F0568CF568|2025-08-13|3||1||3||4||1|1|11|5|3|2|20||2|13|0||1||1||1||1||7|1|2|4|1|1|5|2|2|2|2|2|2||2|2|1|1||7||1|2|2|1|1|1|2|2|1|52UZPE01152001T48MT02EBS001H056852UZPE01152001T48MT02EBS001H0568F0568
2|523|1|52|UZPE011|52001|T48|MT02|CONDOMINIO MONTERREY|CL26NO2155BLLACAROLINA|-77.26333|1.213678||52UZPE01152001T48MT02EBS001H0569|52UZPE01152001T48MT02EBS001H0569F0569|1|1|1|1|52UZPE01152001T48MT02EBS001|900091143|CC|1085261053|AUXILIARDEENFERMERIA|52UZPE01152001T48MT02EBS001H0569F0569CF569|2025-08-13|3||1||3||4||1|1|11|5|3|2|20||2|13|0||1||1||1||1||7|1|2|4|1|1|5|2|2|2|2|2|2||2|2|1|1||7||1|2|2|1|1|1|2|2|1|52UZPE01152001T48MT02EBS001H056952UZPE01152001T48MT02EBS001H0569F0569
2|524|1|52|UZPE011|52001|T48|MT02|CONDOMINIO MONTERREY|CL26NO2155BLLACAROLINA|-77.26333|1.213678||52UZPE01152001T48MT02EBS001H0570|52UZPE01152001T48MT02EBS001H0570F0570|1|1|1|1|52UZPE01152001T48MT02EBS001|900091143|CC|1085261053|AUXILIARDEENFERMERIA|52UZPE01152001T48MT02EBS001H0570F0570CF570|2025-08-13|3||1||3||4||1|1|1|5|3|2|20||2|13|0||1||1||1||1||7|1|2|4|1|1|5|2|2|2|2|2|2||2|2|1|1||7||1|2|2|1|1|1|2|2|1|52UZPE01152001T48MT02EBS001H057052UZPE01152001T48MT02EBS001H0570F0570
2|525|1|52|UZPE011|52001|T48|MT02|CONDOMINIO MONTERREY|FUNDACIONAMPAROSANJOSE|-77.263482|1.21386||52UZPE01152001T48MT02EBS001H0571|52UZPE01152001T48MT02EBS001H0571F0571|1|1|1|1|52UZPE01152001T48MT02EBS001|900091143|CC|1082748783|AUXILIARDEENFERMERIA|52UZPE01152001T48MT02EBS001H0571F0571CF571|2025-08-12|3||1||3||4||1|1|8|5|3|2|8||2|13|0||1||1||1||1||7|1|3|4|1|1|1|2|2|2|2|2|2||2|2|1|2||7||1|2|2|1|2|1|2|2|1|52UZPE01152001T48MT02EBS001H057152UZPE01152001T48MT02EBS001H0571F0571
2|526|1|52|UZPE011|52001|T48|MT02|CONDOMINIO MONTERREY|FUNDACIONAMPAROSANJOSE1|-77.263482|1.21386||52UZPE01152001T48MT02EBS001H0572|52UZPE01152001T48MT02EBS001H0572F0572|1|1|1|1|52UZPE01152001T48MT02EBS001|900091143|CC|1082748783|AUXILIARDEENFERMERIA|52UZPE01152001T48MT02EBS001H0572F0572CF572|2025-08-12|3||1||3||4||1|1|8|5|3|2|20||2|13|0||1||1||1||1||7|1|3|4|1|1|1|2|2|2|2|2|2||2|2|1|2||7||1|2|2|1|2|1|2|2|1|52UZPE01152001T48MT02EBS001H057252UZPE01152001T48MT02EBS001H0572F0572
2|527|1|52|UZPE011|52001|T48|MT02|CONDOMINIO MONTERREY|FUNDACIONAMPAROSANJOSE2|-77.263482|1.21386||52UZPE01152001T48MT02EBS001H0573|52UZPE01152001T48MT02EBS001H0573F0573|1|1|1|1|52UZPE01152001T48MT02EBS001|900091143|CC|1082748783|AUXILIARDEENFERMERIA|52UZPE01152001T48MT02EBS001H0573F0573CF573|2025-08-13|3||1||3||4||1|1|8|5|3|2|20||2|13|0||1||1||1||1||7|1|3|4|1|1|1|2|2|2|2|2|2||2|2|1|2||7||1|2|2|1|2|1|2|2|1|52UZPE01152001T48MT02EBS001H057352UZPE01152001T48MT02EBS001H0573F0573
2|528|1|52|UZPE011|52001|T48|MT02|CONDOMINIO MONTERREY|FUNDACIONAMPAROSANJOSE3|-77.263482|1.21386||52UZPE01152001T48MT02EBS001H0574|52UZPE01152001T48MT02EBS001H0574F0574|1|1|1|1|52UZPE01152001T48MT02EBS001|900091143|CC|1085317833|AUXILIARDEENFERMERIA|52UZPE01152001T48MT02EBS001H0574F0574CF574|2025-10-13|3||1||3||4||1|1|8|5|3|2|20||2|13|0||1||1||1||1||7|1|3|4|1|1|1|2|2|2|2|2|2||2|2|1|2||7||1|2|2|1|2|1|2|2|1|52UZPE01152001T48MT02EBS001H057452UZPE01152001T48MT02EBS001H0574F0574
2|529|1|52|UZPE011|52001|T48|MT02|CONDOMINIO MONTERREY|FUNDACIONAMPAROSANJOSE5|-77.263482|1.21386||52UZPE01152001T48MT02EBS001H0575|52UZPE01152001T48MT02EBS001H0575F0575|1|1|1|1|52UZPE01152001T48MT02EBS001|900091143|CC|1082748783|AUXILIARDEENFERMERIA|52UZPE01152001T48MT02EBS001H0575F0575CF575|2025-08-13|3||1||3||4||1|1|8|5|3|2|20||2|13|0||1||1||1||1||7|1|3|4|1|1|1|2|2|2|2|2|2||2|2|1|2||7||1|2|2|1|2|1|2|2|1|52UZPE01152001T48MT02EBS001H057552UZPE01152001T48MT02EBS001H0575F0575
2|530|1|52|UZPE011|52001|T48|MT02|CONDOMINIO MONTERREY|FUNDACIONAMPAROSANJOSE6|-77.263482|1.21386||52UZPE01152001T48MT02EBS001H0576|52UZPE01152001T48MT02EBS001H0576F0576|1|1|1|1|52UZPE01152001T48MT02EBS001|900091143|CC|1082748783|AUXILIARDEENFERMERIA|52UZPE01152001T48MT02EBS001H0576F0576CF576|2025-08-13|3||1||3||4||1|1|8|5|3|2|20||2|13|0||1||1||1||1||7|1|3|4|1|1|1|2|2|2|2|2|2||2|2|1|2||7||1|2|2|1|2|1|2|2|1|52UZPE01152001T48MT02EBS001H057652UZPE01152001T48MT02EBS001H0576F0576
2|531|1|52|UZPE011|52001|T48|MT02|CONDOMINIO MONTERREY|FUNDACIONAMPAROSANJOSE7|-77.263482|1.21386||52UZPE01152001T48MT02EBS001H0577|52UZPE01152001T48MT02EBS001H0577F0577|1|1|1|1|52UZPE01152001T48MT02EBS001|900091143|CC|1082748783|AUXILIARDEENFERMERIA|52UZPE01152001T48MT02EBS001H0577F0577CF577|2025-08-13|3||1||3||4||1|1|8|5|3|2|20||2|13|0||1||1||1||1||7|1|2|4|1|1|5|2|2|2|2|2|2||2|2|1|2||7||1|2|2|1|2|1|2|2|1|52UZPE01152001T48MT02EBS001H057752UZPE01152001T48MT02EBS001H0577F0577
2|532|1|52|UZPE011|52001|T48|MT02|CONDOMINIO MONTERREY|FUNDACIONAMPAROSANJOSE8|-77.263482|1.21386||52UZPE01152001T48MT02EBS001H0578|52UZPE01152001T48MT02EBS001H0578F0578|1|1|1|1|52UZPE01152001T48MT02EBS001|900091143|CC|1082748783|AUXILIARDEENFERMERIA|52UZPE01152001T48MT02EBS001H0578F0578CF578|2025-08-13|3||1||3||4||1|1|8|5|3|2|20||2|13|0||1||1||1||1||7|1|2|4|1|1|1|2|2|2|2|2|2||2|2|1|2||7||1|2|2|1|2|1|2|2|1|52UZPE01152001T48MT02EBS001H057852UZPE01152001T48MT02EBS001H0578F0578
2|533|1|52|UZPE011|52001|T48|MT02|CONDOMINIO MONTERREY|FUNDACIONAMPAROSANJOSE9|-77.263482|1.21386||52UZPE01152001T48MT02EBS001H0580|52UZPE01152001T48MT02EBS001H0580F0580|1|1|1|1|52UZPE01152001T48MT02EBS001|900091143|CC|1082748783|AUXILIARDEENFERMERIA|52UZPE01152001T48MT02EBS001H0580F0580CF580|2025-08-12|3||1||3||4||1|1|8|5|3|2|20||2|13|0||1||1||1||1||7|1|2|4|1|1|5|2|2|2|2|2|2||2|2|1|2||7||1|2|2|1|2|1|2|2|1|52UZPE01152001T48MT02EBS001H058052UZPE01152001T48MT02EBS001H0580F0580
2|534|1|52|UZPE011|52001|T48|MT02|CONDOMINIO MONTERREY|FUNDACIONAMPAROSANJOSE10|-77.263482|1.21386||52UZPE01152001T48MT02EBS001H0581|52UZPE01152001T48MT02EBS001H0581F0581|1|1|1|1|52UZPE01152001T48MT02EBS001|900091143|CC|1082748783|AUXILIARDEENFERMERIA|52UZPE01152001T48MT02EBS001H0581F0581CF581|2025-08-13|3||1||3||4||1|1|8|5|3|2|20||2|13|0||1||1||1||1||7|1|2|4|1|1|5|2|2|2|2|2|2||2|2|1|2||7||1|2|2|1|2|1|2|2|1|52UZPE01152001T48MT02EBS001H058152UZPE01152001T48MT02EBS001H0581F0581
2|535|1|52|UZPE011|52001|T48|MT02|CONDOMINIO MONTERREY|FUNDACIONAMPAROSANJOSE11|-77.263482|1.21386||52UZPE01152001T48MT02EBS001H0582|52UZPE01152001T48MT02EBS001H0582F0582|1|1|1|1|52UZPE01152001T48MT02EBS001|900091143|CC|1082748783|AUXILIARDEENFERMERIA|52UZPE01152001T48MT02EBS001H0582F0582CF582|2025-08-13|3||1||3||4||1|1|8|5|3|2|20||2|13|0||1||1||1||1||7|1|2|4|1|1|5|2|2|2|2|2|2||2|2|1|2||7||1|2|2|1|2|1|2|2|1|52UZPE01152001T48MT02EBS001H058252UZPE01152001T48MT02EBS001H0582F0582
2|536|1|52|UZPE011|52001|T48|MT02|CONDOMINIO MONTERREY|FUNDACIONAMPAROSANJOSE12|-77.263482|1.21386||52UZPE01152001T48MT02EBS001H0583|52UZPE01152001T48MT02EBS001H0583F0583|1|1|1|1|52UZPE01152001T48MT02EBS001|900091143|CC|1082748783|AUXILIARDEENFERMERIA|52UZPE01152001T48MT02EBS001H0583F0583CF583|2025-08-13|3||1||3||4||1|1|8|5|3|2|20||2|13|0||1||1||1||1||7|1|2|4|1|1|5|2|2|2|2|2|2||2|2|1|2||7||1|2|2|1|2|1|2|2|1|52UZPE01152001T48MT02EBS001H058352UZPE01152001T48MT02EBS001H0583F0583
2|537|1|52|UZPE011|52001|T48|MT02|CONDOMINIO MONTERREY|FUNDACIONAMPAROSANJOSE13|-77.263482|1.21386||52UZPE01152001T48MT02EBS001H0584|52UZPE01152001T48MT02EBS001H0584F0584|1|1|1|1|52UZPE01152001T48MT02EBS001|900091143|CC|1082748783|AUXILIARDEENFERMERIA|52UZPE01152001T48MT02EBS001H0584F0584CF584|2025-08-13|3||1||3||4||1|1|8|5|3|2|20||2|13|0||1||1||1||1||7|1|3|4|1|1|1|2|2|2|2|2|2||2|2|1|2||7||1|2|2|1|2|1|2|2|1|52UZPE01152001T48MT02EBS001H058452UZPE01152001T48MT02EBS001H0584F0584
2|538|1|52|UZPE011|52001|T48|MT02|CONDOMINIO MONTERREY|FUNDACIONAMPAROSANJOSE14|-77.263482|1.21386||52UZPE01152001T48MT02EBS001H0585|52UZPE01152001T48MT02EBS001H0585F0585|1|1|1|1|52UZPE01152001T48MT02EBS001|900091143|CC|1082748783|AUXILIARDEENFERMERIA|52UZPE01152001T48MT02EBS001H0585F0585CF585|2025-08-13|3||1||3||4||1|1|8|5|3|2|20||2|13|0||1||1||1||1||7|1|3|4|1|1|1|2|2|2|2|2|2||2|2|1|2||7||1|2|2|1|2|1|2|2|1|52UZPE01152001T48MT02EBS001H058552UZPE01152001T48MT02EBS001H0585F0585
2|539|1|52|UZPE011|52001|T48|MT02|CONDOMINIO MONTERREY|FUNDACIONAMPAROSANJOSE15|-77.263482|1.21386||52UZPE01152001T48MT02EBS001H0586|52UZPE01152001T48MT02EBS001H0586F0586|1|1|1|1|52UZPE01152001T48MT02EBS001|900091143|CC|1082748783|AUXILIARDEENFERMERIA|52UZPE01152001T48MT02EBS001H0586F0586CF586|2025-08-13|3||1||3||4||1|1|8|5|3|2|20||2|13|0||1||1||1||1||7|1|3|4|1|1|1|2|2|2|2|2|2||2|2|1|2||7||1|2|2|1|2|1|2|2|1|52UZPE01152001T48MT02EBS001H058652UZPE01152001T48MT02EBS001H0586F0586
2|540|1|52|UZPE011|52001|T48|MT02|CONDOMINIO MONTERREY|1CL262155BLACAROLINA|-77.263468|1.213732||52UZPE01152001T48MT02EBS001H0587|52UZPE01152001T48MT02EBS001H0587F0587|1|1|1|1|52UZPE01152001T48MT02EBS001|900091143|CC|1085261053|AUXILIARDEENFERMERIA|52UZPE01152001T48MT02EBS001H0587F0587CF587|2025-08-20|3||1||3||4||1|1|11|5|3|2|20||2|13|0||1||1||1||1||7|1|2|4|1|1|5|2|2|2|2|2|2||2|2|1|1||7||1|2|2|1|1|1|2|2|1|52UZPE01152001T48MT02EBS001H058752UZPE01152001T48MT02EBS001H0587F0587
2|541|1|52|UZPE011|52001|T48|MT02|CONDOMINIO MONTERREY|2CL262155BLACAROLINA|-77.263468|1.213732||52UZPE01152001T48MT02EBS001H0588|52UZPE01152001T48MT02EBS001H0588F0588|1|1|1|1|52UZPE01152001T48MT02EBS001|900091143|CC|1085261053|AUXILIARDEENFERMERIA|52UZPE01152001T48MT02EBS001H0588F0588CF588|2025-08-20|3||1||3||4||1|1|11|5|3|2|20||2|13|0||1||1||1||1||7|1|2|4|1|1|5|2|2|2|2|2|2||2|2|1|1||7||1|2|2|1|1|1|2|2|1|52UZPE01152001T48MT02EBS001H058852UZPE01152001T48MT02EBS001H0588F0588
2|542|1|52|UZPE011|52001|T48|MT02|CONDOMINIO MONTERREY|3CL262155BLACAROLINA|-77.263468|1.213732||52UZPE01152001T48MT02EBS001H0589|52UZPE01152001T48MT02EBS001H0589F0589|1|1|1|1|52UZPE01152001T48MT02EBS001|900091143|CC|1085261053|AUXILIARDEENFERMERIA|52UZPE01152001T48MT02EBS001H0589F0589CF589|2025-08-20|3||1||3||4||1|1|11|5|3|2|20||2|13|0||1||1||1||1||7|1|2|4|1|1|5|2|2|2|2|2|2||2|2|1|1||7||1|2|2|1|1|1|2|2|1|52UZPE01152001T48MT02EBS001H058952UZPE01152001T48MT02EBS001H0589F0589
2|543|1|52|UZPE011|52001|T48|MT02|CONDOMINIO MONTERREY|4CL262155BLACAROLINA|-77.263468|1.213732||52UZPE01152001T48MT02EBS001H0590|52UZPE01152001T48MT02EBS001H0590F0590|1|1|1|1|52UZPE01152001T48MT02EBS001|900091143|CC|1085261053|AUXILIARDEENFERMERIA|52UZPE01152001T48MT02EBS001H0590F0590CF590|2025-08-20|3||1||3||4||1|1|11|5|3|2|20||2|13|0||1||1||1||1||7|1|2|4|1|1|5|2|2|2|2|2|2||2|2|1|1||7||1|2|2|1|1|1|2|2|1|52UZPE01152001T48MT02EBS001H059052UZPE01152001T48MT02EBS001H0590F0590
2|544|1|52|UZPE011|52001|T48|MT02|CONDOMINIO MONTERREY|5CL262155BLACAROLINA|-77.263468|1.213732||52UZPE01152001T48MT02EBS001H0591|52UZPE01152001T48MT02EBS001H0591F0591|1|1|1|1|52UZPE01152001T48MT02EBS001|900091143|CC|1085261053|AUXILIARDEENFERMERIA|52UZPE01152001T48MT02EBS001H0591F0591CF591|2025-08-20|3||1||3||4||1|1|11|5|3|2|20||2|13|0||1||1||1||1||7|1|2|4|1|1|5|2|2|2|2|2|2||2|2|1|1||7||1|2|2|1|1|1|2|2|1|52UZPE01152001T48MT02EBS001H059152UZPE01152001T48MT02EBS001H0591F0591
2|545|1|52|UZPE011|52001|T48|MT02|CONDOMINIO MONTERREY|6CL262155BLACAROLINA|-77.263468|1.213732||52UZPE01152001T48MT02EBS001H0592|52UZPE01152001T48MT02EBS001H0592F0592|1|1|1|1|52UZPE01152001T48MT02EBS001|900091143|CC|1085261053|AUXILIARDEENFERMERIA|52UZPE01152001T48MT02EBS001H0592F0592CF592|2025-08-20|3||1||3||4||1|1|11|5|3|2|20||2|13|0||1||1||1||1||7|1|2|4|1|1|5|2|2|2|2|2|2||2|2|1|1||7||1|2|2|1|1|1|2|2|1|52UZPE01152001T48MT02EBS001H059252UZPE01152001T48MT02EBS001H0592F0592
2|546|1|52|UZPE011|52001|T48|MT02|CONDOMINIO MONTERREY|7CL262155BLACAROLINA|-77.263468|1.213732||52UZPE01152001T48MT02EBS001H0593|52UZPE01152001T48MT02EBS001H0593F0593|1|1|1|1|52UZPE01152001T48MT02EBS001|900091143|CC|1085261053|AUXILIARDEENFERMERIA|52UZPE01152001T48MT02EBS001H0593F0593CF593|2025-08-20|3||1||3||4||1|1|11|5|3|2|20||2|13|0||1||1||1||1||7|1|2|4|1|1|5|2|2|2|2|2|2||2|2|1|1||7||1|2|2|1|1|1|2|2|1|52UZPE01152001T48MT02EBS001H059352UZPE01152001T48MT02EBS001H0593F0593
2|547|1|52|UZPE011|52001|T48|MT02|CONDOMINIO MONTERREY|8CL262155BLACAROLINA|-77.263468|1.213732||52UZPE01152001T48MT02EBS001H0594|52UZPE01152001T48MT02EBS001H0594F0594|1|1|1|1|52UZPE01152001T48MT02EBS001|900091143|CC|1085261053|AUXILIARDEENFERMERIA|52UZPE01152001T48MT02EBS001H0594F0594CF594|2025-08-20|3||1||3||4||1|1|11|5|3|2|20||2|13|0||1||1||1||1||7|1|2|4|1|1|5|2|2|2|2|2|2||2|2|1|1||7||1|2|2|1|1|1|2|2|1|52UZPE01152001T48MT02EBS001H059452UZPE01152001T48MT02EBS001H0594F0594
2|548|1|52|UZPE011|52001|T48|MT02|CONDOMINIO MONTERREY|9CL262155BLACAROLINA|-77.263468|1.213732||52UZPE01152001T48MT02EBS001H0595|52UZPE01152001T48MT02EBS001H0595F0595|1|1|1|1|52UZPE01152001T48MT02EBS001|900091143|CC|1085261053|AUXILIARDEENFERMERIA|52UZPE01152001T48MT02EBS001H0595F0595CF595|2025-08-20|3||1||3||4||1|1|11|5|3|2|20||2|13|0||1||1||1||1||7|1|2|4|1|1|5|2|2|2|2|2|2||2|2|1|1||7||1|2|2|1|1|1|2|2|1|52UZPE01152001T48MT02EBS001H059552UZPE01152001T48MT02EBS001H0595F0595
2|549|1|52|UZPE011|52001|T48|MT02|CONDOMINIO MONTERREY|10CL262155BLACAROLINA|-77.263468|1.213732||52UZPE01152001T48MT02EBS001H0596|52UZPE01152001T48MT02EBS001H0596F0596|1|1|1|1|52UZPE01152001T48MT02EBS001|900091143|CC|1085261053|AUXILIARDEENFERMERIA|52UZPE01152001T48MT02EBS001H0596F0596CF596|2025-08-20|3||1||3||4||1|1|11|5|3|2|20||2|13|0||1||1||1||1||7|1|2|4|1|1|5|2|2|2|2|2|2||2|2|1|1||7||1|2|2|1|1|1|2|2|1|52UZPE01152001T48MT02EBS001H059652UZPE01152001T48MT02EBS001H0596F0596
2|550|1|52|UZPE011|52001|T48|MT02|CONDOMINIO MONTERREY|11CL262155BLACAROLINA|-77.263482|1.213732||52UZPE01152001T48MT02EBS001H0597|52UZPE01152001T48MT02EBS001H0597F0597|1|1|1|1|52UZPE01152001T48MT02EBS001|900091143|CC|1085261053|AUXILIARDEENFERMERIA|52UZPE01152001T48MT02EBS001H0597F0597CF597|2025-08-20|3||1||3||4||1|1|11|5|3|2|20||2|13|0||1||1||1||1||7|1|2|4|1|1|5|2|2|2|2|2|2||2|2|1|1||7||1|2|2|1|1|1|2|2|1|52UZPE01152001T48MT02EBS001H059752UZPE01152001T48MT02EBS001H0597F0597
2|551|1|52|UZPE011|52001|T48|MT02|CONDOMINIO MONTERREY|12CL262155BLACAROLINA|-77.263468|1.213732||52UZPE01152001T48MT02EBS001H0598|52UZPE01152001T48MT02EBS001H0598F0598|1|1|1|1|52UZPE01152001T48MT02EBS001|900091143|CC|1085261053|AUXILIARDEENFERMERIA|52UZPE01152001T48MT02EBS001H0598F0598CF598|2025-08-20|3||1||3||4||1|1|11|5|3|2|20||1|13|0||1||1||1||1||7|1|2|4|1|1|5|2|2|2|2|2|2||2|2|1|2||7||1|2|2|1|1|1|2|2|1|52UZPE01152001T48MT02EBS001H059852UZPE01152001T48MT02EBS001H0598F0598
2|552|1|52|UZPE011|52001|T48|MT02|CONDOMINIO MONTERREY|14CL262155BLACAROLINA|-77.263468|1.213732||52UZPE01152001T48MT02EBS001H0599|52UZPE01152001T48MT02EBS001H0599F0599|1|1|1|1|52UZPE01152001T48MT02EBS001|900091143|CC|1085261053|AUXILIARDEENFERMERIA|52UZPE01152001T48MT02EBS001H0599F0599CF599|2025-08-20|3||1||3||4||1|1|11|5|3|2|20||2|13|0||1||1||1||1||7|1|2|4|1|1|5|2|2|2|2|2|2||2|2|1|1||7||1|2|2|1|1|1|2|2|1|52UZPE01152001T48MT02EBS001H059952UZPE01152001T48MT02EBS001H0599F0599
2|553|1|52|UZPE011|52001|T48|MT02|CONDOMINIO MONTERREY|15CL262155BLACAROLINA|-77.263468|1.213732||52UZPE01152001T48MT02EBS001H0600|52UZPE01152001T48MT02EBS001H0600F0600|1|1|1|1|52UZPE01152001T48MT02EBS001|900091143|CC|1085261053|AUXILIARDEENFERMERIA|52UZPE01152001T48MT02EBS001H0600F0600CF600|2025-08-20|3||1||3||4||1|1|11|5|3|2|20||2|13|0||1||1||1||1||7|1|2|4|1|1|5|2|2|2|2|2|2||2|2|1|1||7||1|2|2|1|1|1|2|2|1|52UZPE01152001T48MT02EBS001H060052UZPE01152001T48MT02EBS001H0600F0600
2|554|1|52|UZPE011|52001|T48|MT02|CONDOMINIO MONTERREY|16CL262155BLACAROLINA|-77.263468|1.213732||52UZPE01152001T48MT02EBS001H0601|52UZPE01152001T48MT02EBS001H0601F0601|1|1|1|1|52UZPE01152001T48MT02EBS001|900091143|CC|1085261053|AUXILIARDEENFERMERIA|52UZPE01152001T48MT02EBS001H0601F0601CF601|2025-08-20|3||1||3||4||1|1|11|5|3|2|20||2|13|0||1||1||1||1||7|1|2|4|1|1|5|2|2|2|2|2|2||2|2|1|1||7||1|2|2|1|1|1|2|2|1|52UZPE01152001T48MT02EBS001H060152UZPE01152001T48MT02EBS001H0601F0601
2|555|1|52|UZPE011|52001|T48|MT02|CONDOMINIO MONTERREY|17CL262155BLACAROLINA|-77.263468|1.213732||52UZPE01152001T48MT02EBS001H0602|52UZPE01152001T48MT02EBS001H0602F0602|1|1|1|1|52UZPE01152001T48MT02EBS001|900091143|CC|1085261053|AUXILIARDEENFERMERIA|52UZPE01152001T48MT02EBS001H0602F0602CF602|2025-08-20|3||1||3||4||1|1|11|5|3|2|20||2|13|0||1||1||1||1||7|1|2|4|1|1|5|2|2|2|2|2|2||2|2|1|1||7||1|2|2|1|1|1|2|2|1|52UZPE01152001T48MT02EBS001H060252UZPE01152001T48MT02EBS001H0602F0602
2|556|1|52|UZPE011|52001|T48|MT02|CONDOMINIO MONTERREY|18CL262155BLACAROLINA|-77.263468|1.213732||52UZPE01152001T48MT02EBS001H0603|52UZPE01152001T48MT02EBS001H0603F0603|1|1|1|1|52UZPE01152001T48MT02EBS001|900091143|CC|1085261053|AUXILIARDEENFERMERIA|52UZPE01152001T48MT02EBS001H0603F0603CF603|2025-08-20|3||1||3||4||1|1|11|5|3|2|20||2|13|0||1||1||1||1||7|1|2|4|1|1|5|2|2|2|2|2|2||2|2|1|1||7||1|2|2|1|1|1|2|2|1|52UZPE01152001T48MT02EBS001H060352UZPE01152001T48MT02EBS001H0603F0603
2|557|1|52|UZPE011|52001|T48|MT02|CONDOMINIO MONTERREY|FUNDACIONAMPAROSANJOSE18|-77.263482|1.21386||52UZPE01152001T48MT02EBS001H0607|52UZPE01152001T48MT02EBS001H0607F0607|1|1|1|1|52UZPE01152001T48MT02EBS001|900091143|CC|1082748783|AUXILIARDEENFERMERIA|52UZPE01152001T48MT02EBS001H0607F0607CF607|2025-08-13|3||1||3||4||1|1|8|5|3|2|20||2|13|0||1||1||1||1||7|1|3|4|1|1|1|2|2|2|2|2|2||2|2|1|2||7||1|2|2|1|2|1|2|2|1|52UZPE01152001T48MT02EBS001H060752UZPE01152001T48MT02EBS001H0607F0607
2|558|1|52|UZPE011|52001|T48|MT02|CONDOMINIO MONTERREY|FAMPAROSANJOSE|-77.263482|1.21386||52UZPE01152001T48MT02EBS001H0618|52UZPE01152001T48MT02EBS001H0618F0618|1|1|1|1|52UZPE01152001T48MT02EBS001|900091143|CC|1082748783|AUXILIARDEENFERMERIA|52UZPE01152001T48MT02EBS001H0618F0618CF618|2025-08-20|3||1||3||4||1|1|8|5|3|2|20||2|13|0||1||1||1||1||7|1|3|4|1|1|1|2|2|2|2|2|2||2|2|1|2||7||1|2|2|1|2|1|2|2|1|52UZPE01152001T48MT02EBS001H061852UZPE01152001T48MT02EBS001H0618F0618
2|559|1|52|UZPE011|52001|T48|MT02|CONDOMINIO MONTERREY|FUNDACIONAMPAROSANJOSE19|-77.263482|1.21386||52UZPE01152001T48MT02EBS001H0619|52UZPE01152001T48MT02EBS001H0619F0619|1|1|1|1|52UZPE01152001T48MT02EBS001|900091143|CC|1082748783|AUXILIARDEENFERMERIA|52UZPE01152001T48MT02EBS001H0619F0619CF619|2025-08-20|3||1||3||4||1|1|8|5|3|2|20||2|13|0||1||1||1||1||7|1|3|4|1|1|1|2|2|2|2|2|2||2|2|1|2||7||1|2|2|1|2|1|2|2|1|52UZPE01152001T48MT02EBS001H061952UZPE01152001T48MT02EBS001H0619F0619
2|560|1|52|UZPE011|52001|T48|MT02|CONDOMINIO MONTERREY|FUNDACIONAMPAROSANJOSE21|-77.263482|1.21386||52UZPE01152001T48MT02EBS001H0621|52UZPE01152001T48MT02EBS001H0621F0621|1|1|1|1|52UZPE01152001T48MT02EBS001|900091143|CC|1082748783|AUXILIARDEENFERMERIA|52UZPE01152001T48MT02EBS001H0621F0621CF621|2025-08-20|3||1||3||4||1|1|8|5|3|2|20||2|13|0||1||1||1||1||7|1|3|4|1|1|1|2|2|2|2|2|2||2|2|1|2||7||1|2|2|1|2|1|2|2|1|52UZPE01152001T48MT02EBS001H062152UZPE01152001T48MT02EBS001H0621F0621
2|561|1|52|UZPE011|52001|T48|MT02|CONDOMINIO MONTERREY|FUNDACIONAMPAROSANJOSE24|-77.263482|1.21386||52UZPE01152001T48MT02EBS001H0623|52UZPE01152001T48MT02EBS001H0623F0623|1|1|1|1|52UZPE01152001T48MT02EBS001|900091143|CC|1082748783|AUXILIARDEENFERMERIA|52UZPE01152001T48MT02EBS001H0623F0623CF623|2025-08-20|3||1||3||4||1|1|8|5|3|2|8||2|13|0||1||1||1||1||7|1|3|4|1|1|1|2|2|2|2|2|2||2|2|1|2||7||1|2|2|1|2|1|2|2|1|52UZPE01152001T48MT02EBS001H062352UZPE01152001T48MT02EBS001H0623F0623
2|562|1|52|UZPE011|52001|T48|MT02|CONDOMINIO MONTERREY|FUNDACIONAMPAROSANJOSE25|-77.263482|1.21386||52UZPE01152001T48MT02EBS001H0624|52UZPE01152001T48MT02EBS001H0624F0624|1|1|1|1|52UZPE01152001T48MT02EBS001|900091143|CC|1082748783|AUXILIARDEENFERMERIA|52UZPE01152001T48MT02EBS001H0624F0624CF624|2025-08-20|3||1||3||4||1|1|8|5|3|2|20||2|13|0||1||1||1||1||7|1|3|4|1|1|1|2|2|2|2|2|2||2|2|1|2||7||1|2|2|1|2|1|2|2|1|52UZPE01152001T48MT02EBS001H062452UZPE01152001T48MT02EBS001H0624F0624
2|563|1|52|UZPE011|52001|T48|MT02|CONDOMINIO MONTERREY|FUNDACIONAMPAROSANJOSE26|-77.263482|1.21386||52UZPE01152001T48MT02EBS001H0626|52UZPE01152001T48MT02EBS001H0626F0626|1|1|1|1|52UZPE01152001T48MT02EBS001|900091143|CC|1082748783|AUXILIARDEENFERMERIA|52UZPE01152001T48MT02EBS001H0626F0626CF626|2025-08-20|3||1||3||4||1|1|8|5|3|2|8||2|13|0||1||1||1||1||7|1|3|4|1|1|1|2|2|2|2|2|2||2|2|1|2||7||1|2|2|1|2|1|2|2|1|52UZPE01152001T48MT02EBS001H062652UZPE01152001T48MT02EBS001H0626F0626
2|564|1|52|UZPE011|52001|T48|MT02|CONDOMINIO MONTERREY|FUNDACIONAMPAROSANJOSE27|-77.263482|1.21386||52UZPE01152001T48MT02EBS001H0630|52UZPE01152001T48MT02EBS001H0630F0630|1|1|1|1|52UZPE01152001T48MT02EBS001|900091143|CC|1082748783|AUXILIARDEENFERMERIA|52UZPE01152001T48MT02EBS001H0630F0630CF630|2025-08-13|3||1||3||4||1|1|8|5|3|2|20||2|13|0||1||1||1||1||7|1|2|4|1|1|5|2|2|2|2|2|2||2|2|1|2||7||1|2|2|1|2|1|2|2|1|52UZPE01152001T48MT02EBS001H063052UZPE01152001T48MT02EBS001H0630F0630
2|565|1|52|UZPE011|52001|T48|MT02|CONDOMINIO MONTERREY|FUNDACIONAMPAROSANJOSE31|-77.263482|1.21386||52UZPE01152001T48MT02EBS001H0632|52UZPE01152001T48MT02EBS001H0632F0632|1|1|1|1|52UZPE01152001T48MT02EBS001|900091143|CC|1082748783|AUXILIARDEENFERMERIA|52UZPE01152001T48MT02EBS001H0632F0632CF632|2025-08-13|3||1||3||4||1|1|8|5|3|2|20||2|13|0||1||1||1||1||7|1|2|4|1|1|5|2|2|2|2|2|2||2|2|1|2||7||1|2|2|1|2|1|2|2|1|52UZPE01152001T48MT02EBS001H063252UZPE01152001T48MT02EBS001H0632F0632
2|566|1|52|UZPE011|52001|T48|MT02|CONDOMINIO MONTERREY|FUNDACIONAMPAROSANJOSE32|-77.263482|1.21386||52UZPE01152001T48MT02EBS001H0634|52UZPE01152001T48MT02EBS001H0634F0634|1|1|1|1|52UZPE01152001T48MT02EBS001|900091143|CC|1082748783|AUXILIARDEENFERMERIA|52UZPE01152001T48MT02EBS001H0634F0634CF634|2025-08-13|3||1||3||4||1|1|8|5|3|2|20||2|13|0||1||1||1||1||7|1|2|4|1|1|5|2|2|2|2|2|2||2|2|1|2||7||1|2|2|1|2|1|2|2|1|52UZPE01152001T48MT02EBS001H063452UZPE01152001T48MT02EBS001H0634F0634
2|567|1|52|UZPE011|52001|T48|MT02|CONDOMINIO MONTERREY|FUNDACIONAMPAROSANJOSE33|-77.263482|1.21386||52UZPE01152001T48MT02EBS001H0638|52UZPE01152001T48MT02EBS001H0638F0638|1|1|1|1|52UZPE01152001T48MT02EBS001|900091143|CC|1082748783|AUXILIARDEENFERMERIA|52UZPE01152001T48MT02EBS001H0638F0638CF638|2025-08-13|3||1||3||4||1|1|8|5|3|2|20||2|13|0||1||1||1||1||7|1|2|4|1|1|5|2|2|2|2|2|2||2|2|1|2||7||1|2|2|1|2|1|2|2|1|52UZPE01152001T48MT02EBS001H063852UZPE01152001T48MT02EBS001H0638F0638
2|568|1|52|UZPE011|52001|T48|MT02|CONDOMINIO MONTERREY|FUNDACIONAMPAROSANJOSE35|-77.263482|1.21386||52UZPE01152001T48MT02EBS001H0639|52UZPE01152001T48MT02EBS001H0639F0639|1|1|1|1|52UZPE01152001T48MT02EBS001|900091143|CC|1082748783|AUXILIARDEENFERMERIA|52UZPE01152001T48MT02EBS001H0639F0639CF639|2025-08-13|3||1||3||4||1|1|8|5|3|2|20||2|13|0||1||1||1||1||7|1|2|4|1|1|5|2|2|2|2|2|2||2|2|1|2||7||1|2|2|1|2|1|2|2|1|52UZPE01152001T48MT02EBS001H063952UZPE01152001T48MT02EBS001H0639F0639
2|569|1|52|UZPE011|52001|T48|MT01|FRAY EZEQUIEL MORENO|MANZANAACASANO5|-77.262522|1.215045||52UZPE01152001T48MT01EBS001H0640|52UZPE01152001T48MT01EBS001H0640F0640|1|1|1|3|52UZPE01152001T48MT01EBS001|900091143|CC|1085261053|AUXILIARDEENFERMERIA|52UZPE01152001T48MT01EBS001H0640F0640CF640|2025-08-28|1||1||3||1||2|2|10|2|3|2|5||2|13|0||1||1||1||1||1|3|2|1|1|1|2|2|2|2|2|2|2||2|2|1|2||6||1|2|2|1|1|1|2|2|1|52UZPE01152001T48MT01EBS001H064052UZPE01152001T48MT01EBS001H0640F0640
2|570|1|52|UZPE011|52001|T48|MT01|FRAY EZEQUIEL MORENO|MANZANABCASANO7|-77.262728|1.214907||52UZPE01152001T48MT01EBS001H0641|52UZPE01152001T48MT01EBS001H0641F0641|1|1|1|3|52UZPE01152001T48MT01EBS001|900091143|CC|1085261053|AUXILIARDEENFERMERIA|52UZPE01152001T48MT01EBS001H0641F0641CF641|2025-08-28|1||1||3||1||2|2|11|2|3|2|5||2|13|0||1||1||1||1||1|3|3|1|1|1|1|2|2|2|2|2|2||2|2|1|2||6||1|2|2|1|1|1|2|2|1|52UZPE01152001T48MT01EBS001H064152UZPE01152001T48MT01EBS001H0641F0641
2|571|1|52|UZPE011|52001|T48|MT01|FRAY EZEQUIEL MORENO|MZBCASA1VILLASDELVIENTO|-77.262735|1.214948||52UZPE01152001T48MT01EBS001H0645|52UZPE01152001T48MT01EBS001H0645F0645|1|1|1|1|52UZPE01152001T48MT01EBS001|900091143|CC|1082748783|AUXILIARDEENFERMERIA|52UZPE01152001T48MT01EBS001H0645F0645CF645|2025-08-28|4||1||3||1||1|2|8|1|3|1|5||2|13|0||1||1||1||1||7|1|3|1|1|1|1|2|2|2|2|2|2||2|2|1|1||6||1|2|2|1|1|1|2|2|1|52UZPE01152001T48MT01EBS001H064552UZPE01152001T48MT01EBS001H0645F0645
2|572|1|52|UZPE011|52001|T48|MT01|FRAY EZEQUIEL MORENO|MZBCASA5APTO2VILLASDELVIENTO|-77.262685|1.215028||52UZPE01152001T48MT01EBS001H0646|52UZPE01152001T48MT01EBS001H0646F0646|1|1|1|3|52UZPE01152001T48MT01EBS001|900091143|CC|1082748783|AUXILIARDEENFERMERIA|52UZPE01152001T48MT01EBS001H0646F0646CF646|2025-08-28|1||1||3||1||2|2|8|1|3|1|5||2|13|0||1||1||1||1||2|3|3|1|1|1|1|2|2|2|2|2|2||2|2|1|2||6||1|2|2|1|1|1|2|2|1|52UZPE01152001T48MT01EBS001H064652UZPE01152001T48MT01EBS001H0646F0646
2|573|1|52|UZPE011|52001|T48|MT01|FRAY EZEQUIEL MORENO|MZBCASA6VILLASDELVIENTO|-77.262613|1.215189||52UZPE01152001T48MT01EBS001H0648|52UZPE01152001T48MT01EBS001H0648F0648|1|1|1|3|52UZPE01152001T48MT01EBS001|900091143|CC|1082748783|AUXILIARDEENFERMERIA|52UZPE01152001T48MT01EBS001H0648F0648CF648|2025-09-01|1||1||3||1||2|2|8|1|3|2|5||2|13|0||1||1||1||1||2|3|3|1|1|1|1|2|2|2|2|2|2||2|2|1|1||6||1|2|2|1|1|1|2|2|1|52UZPE01152001T48MT01EBS001H064852UZPE01152001T48MT01EBS001H0648F0648
2|574|1|52|UZPE011|52001|T48|MT01|FRAY EZEQUIEL MORENO|MZACASANO8|-77.262728|1.214901||52UZPE01152001T48MT01EBS001H0649|52UZPE01152001T48MT01EBS001H0649F0649|1|1|1|1|52UZPE01152001T48MT01EBS001|900091143|CC|1085261053|AUXILIARDEENFERMERIA|52UZPE01152001T48MT01EBS001H0649F0649CF649|2025-08-28|1||1||3||1||1|1|8|1|2|1|5||2|13|0||1||1||1||1||7|1|2|4|1|1|5|2|2|2|2|2|2||2|2|1|2||6||1|2|2|1|1|1|2|2|1|52UZPE01152001T48MT01EBS001H064952UZPE01152001T48MT01EBS001H0649F0649
2|575|1|52|UZPE011|52001|T48|MT01|FRAY EZEQUIEL MORENO|MANZANAACASA8APTO2|-77.262612|1.214777||52UZPE01152001T48MT01EBS001H0650|52UZPE01152001T48MT01EBS001H0650F0650|1|1|1|2|52UZPE01152001T48MT01EBS001|900091143|CC|1085261053|AUXILIARDEENFERMERIA|52UZPE01152001T48MT01EBS001H0650F0650CF650|2025-08-28|4||1||3||7||1|2|10|1|3|2|5||2|13|2||1||1||1||1||2|2|2|1|1|1|1|2|2|2|2|2|2||2|2|1|2||6||1|2|2|1|1|1|2|2|1|52UZPE01152001T48MT01EBS001H065052UZPE01152001T48MT01EBS001H0650F0650
2|576|1|52|UZPE011|52001|T48|MT01|FRAY EZEQUIEL MORENO|MANZANADCASA3|-77.262184|1.215042||52UZPE01152001T48MT01EBS001H0651|52UZPE01152001T48MT01EBS001H0651F0651|1|1|1|4|52UZPE01152001T48MT01EBS001|900091143|CC|27091114|AUXILIARDEENFERMERIA|52UZPE01152001T48MT01EBS001H0651F0651CF651|2025-09-01|4||1||3||4||2|2|10|4|3|2|20||2|13|0||1||1||1||1||1|4|3|1|1|1|1|2|2|2|2|2|2||2|2|1|2||6||1|2|2|1|1|1|2|2|1|52UZPE01152001T48MT01EBS001H065152UZPE01152001T48MT01EBS001H0651F0651
2|577|1|52|UZPE011|52001|T48|MT01|FRAY EZEQUIEL MORENO|MZACASA10|-77.26262|1.215136||52UZPE01152001T48MT01EBS001H0652|52UZPE01152001T48MT01EBS001H0652F0652|1|1|1|2|52UZPE01152001T48MT01EBS001|900091143|CC|1085261053|AUXILIARDEENFERMERIA|52UZPE01152001T48MT01EBS001H0652F0652CF652|2025-08-28|1||1||3||1||1|2|8|1|3|2|19||2|13|0||1||1||1||1||1|2|3|1|1|1|1|2|2|2|2|2|2||2|2|2|2||6||2|2|2|1|1|1|2|2|1|52UZPE01152001T48MT01EBS001H065252UZPE01152001T48MT01EBS001H0652F0652
2|578|1|52|UZPE011|52001|T48|MT01|FRAY EZEQUIEL MORENO|MZBCASA3VILLASDELVIENTO|-77.262694|1.215043||52UZPE01152001T48MT01EBS001H0653|52UZPE01152001T48MT01EBS001H0653F0653|1|1|1|1|52UZPE01152001T48MT01EBS001|900091143|CC|1082748783|AUXILIARDEENFERMERIA|52UZPE01152001T48MT01EBS001H0653F0653CF653|2025-08-28|1||1||3||1||1|2|8|1|3|2|5||2|13|0||1||1||1||1||7|1|3|1|1|1|1|2|2|2|2|2|2||2|2|2|2||6||2|2|2|1|1|1|2|2|1|52UZPE01152001T48MT01EBS001H065352UZPE01152001T48MT01EBS001H0653F0653
2|579|1|52|UZPE011|52001|T48|MT01|FRAY EZEQUIEL MORENO|MZACASANO04|-77.26249|1.214833||52UZPE01152001T48MT01EBS001H0654|52UZPE01152001T48MT01EBS001H0654F0654|1|1|1|2|52UZPE01152001T48MT01EBS001|900091143|CC|1085261053|AUXILIARDEENFERMERIA|52UZPE01152001T48MT01EBS001H0654F0654CF654|2025-09-01|1||1||3||1||1|2|11|1|3|2|20||2|13|0||1||1||1||1||1|2|3|1|1|1|1|2|2|2|2|2|2||2|2|1|1||6||1|2|2|1|1|1|2|2|1|52UZPE01152001T48MT01EBS001H065452UZPE01152001T48MT01EBS001H0654F0654
2|580|1|52|UZPE011|52001|T48|MT01|FRAY EZEQUIEL MORENO|MANZANACCASA105|-77.272224|1.215109||52UZPE01152001T48MT01EBS001H0655|52UZPE01152001T48MT01EBS001H0655F0655|1|1|1|3|52UZPE01152001T48MT01EBS001|900091143|CC|27091114|AUXILIARDEENFERMERIA|52UZPE01152001T48MT01EBS001H0655F0655CF655|2025-09-01|1||1||3||1||2|2|11|4|2|2|20||2|9,10|2||1||1||1||1||2|3|3|1|1|1|1|2|2|2|2|2|2||2|2|1|2||6||1|2|2|1|1|1|2|2|1|52UZPE01152001T48MT01EBS001H065552UZPE01152001T48MT01EBS001H0655F0655
2|581|1|52|UZPE011|52001|T48|MT01|FRAY EZEQUIEL MORENO|MANZANABCASA5APTO1|-77.262649|1.215123||52UZPE01152001T48MT01EBS001H0656|52UZPE01152001T48MT01EBS001H0656F0656|1|2|2|4|52UZPE01152001T48MT01EBS001|900091143|CC|1004213964|ENFERMERA|52UZPE01152001T48MT01EBS001H0656F0656CF656|2025-09-01|4||1||3||1||3|2|8|1|3|2|20||1|13|0||1||1||1||1||4|4|3|1|1|1|1|2|2|2|2|2|2||2|2|1|1||6||1|2|2|1|1|1|2|2|1|52UZPE01152001T48MT01EBS001H065652UZPE01152001T48MT01EBS001H0656F0656
2|582|1|52|UZPE011|52001|T48|MT01|FRAY EZEQUIEL MORENO|MZDCS4|-77.262104|1.215054||52UZPE01152001T48MT01EBS001H0657|52UZPE01152001T48MT01EBS001H0657F0657|1|3|3|1|52UZPE01152001T48MT01EBS001|900091143|CC|1085261053|AUXILIARDEENFERMERIA|52UZPE01152001T48MT01EBS001H0657F0657CF657|2025-09-01|4||1||3||1||2|1|10|1|2|2|5||2|13|0||1||1||1||1||2|2|2|1|1|1|3|2|2|2|2|2|2||2|2|1|1||6||1|2|2|1|1|1|2|2|1|52UZPE01152001T48MT01EBS001H065752UZPE01152001T48MT01EBS001H0657F0657
2|583|1|52|UZPE011|52001|T48|MT01|FRAY EZEQUIEL MORENO|MZDCS4|-77.262104|1.215054||52UZPE01152001T48MT01EBS001H0658|52UZPE01152001T48MT01EBS001H0658F0658|1|3|3|1|52UZPE01152001T48MT01EBS001|900091143|CC|1085261053|AUXILIARDEENFERMERIA|52UZPE01152001T48MT01EBS001H0658F0658CF658|2025-09-01|4||1||3||1||2|1|10|1|2|2|5||2|13|0||1||1||1||1||2|2|2|1|1|1|2|2|2|2|2|2|2||2|2|1|2||6||1|2|2|1|1|1|2|2|1|52UZPE01152001T48MT01EBS001H065852UZPE01152001T48MT01EBS001H0658F0658
2|584|1|52|UZPE011|52001|T48|MT01|FRAY EZEQUIEL MORENO|MZDCS4|-77.262104|1.215054||52UZPE01152001T48MT01EBS001H0659|52UZPE01152001T48MT01EBS001H0659F0659|1|3|3|1|52UZPE01152001T48MT01EBS001|900091143|CC|1085261053|AUXILIARDEENFERMERIA|52UZPE01152001T48MT01EBS001H0659F0659CF659|2025-09-01|4||1||3||1||2|1|10|1|2|2|5||2|13|0||1||1||1||1||7|1|2|1|1|1|3|2|2|2|2|2|2||2|2|1|2||6||1|2|2|1|1|1|2|2|1|52UZPE01152001T48MT01EBS001H065952UZPE01152001T48MT01EBS001H0659F0659
2|585|1|52|UZPE011|52001|T48|MT01|FRAY EZEQUIEL MORENO|MZDCS4|-77.262104|1.215054||52UZPE01152001T48MT01EBS001H0660|52UZPE01152001T48MT01EBS001H0660F0660|1|3|3|1|52UZPE01152001T48MT01EBS001|900091143|CC|1085261053|AUXILIARDEENFERMERIA|52UZPE01152001T48MT01EBS001H0660F0660CF660|2025-09-01|4||1||3||1||2|1|10|1|3|2|5||2|13|0||1||1||1||1||7|1|2|1|1|1|2|2|2|2|2|2|2||2|2|1|2||6||1|2|2|1|1|1|2|2|1|52UZPE01152001T48MT01EBS001H066052UZPE01152001T48MT01EBS001H0660F0660
2|586|1|52|UZPE011|52001|T48|MT01|FRAY EZEQUIEL MORENO|MANZANACCASA6|-77.262371|1.214822||52UZPE01152001T48MT01EBS001H0661|52UZPE01152001T48MT01EBS001H0661F0661|1|1|1|3|52UZPE01152001T48MT01EBS001|900091143|CC|27091114|AUXILIARDEENFERMERIA|52UZPE01152001T48MT01EBS001H0661F0661CF661|2025-09-01|1||1||3||4||2|2|11|4|3|2|19||2|13|0||1||1||1||1||1|3|3|1|1|1|1|2|2|2|2|2|2||2|2|1|1||6||1|2|2|1|1|1|2|2|1|52UZPE01152001T48MT01EBS001H066152UZPE01152001T48MT01EBS001H0661F0661
2|587|1|52|UZPE011|52001|T48|MT01|FRAY EZEQUIEL MORENO|CARRERA225115|-77.263036|1.212584||52UZPE01152001T48MT01EBS001H0663|52UZPE01152001T48MT01EBS001H0663F0663|1|2|2|4|52UZPE01152001T48MT01EBS001|900091143|CC|27091114|AUXILIARDEENFERMERIA|52UZPE01152001T48MT01EBS001H0663F0663CF663|2025-09-02|1||7||3||4||1|2|5|4|2|1|8||2|13|2||3||2||1||1||2|4|3|1|1|1|4|2|2|2|2|2|2||2|2|1|2||6||1|2|2|1|1|1|2|2|1|52UZPE01152001T48MT01EBS001H066352UZPE01152001T48MT01EBS001H0663F0663
2|588|1|52|UZPE011|52001|T48|MT01|FRAY EZEQUIEL MORENO|CRA2CASA2FLIA2|-77.261104|1.211541||52UZPE01152001T48MT01EBS001H0665|52UZPE01152001T48MT01EBS001H0665F0665|1|1|1|3|52UZPE01152001T48MT01EBS001|900091143|CC|27091114|AUXILIARDEENFERMERIA|52UZPE01152001T48MT01EBS001H0665F0665CF665|2025-09-02|3||5||4||4||1|1|5|4|2|2|20||2|13|0||3||1||1||1||2|3|3|2|1|1|1|2|2|2|2|2|2||2|2|1|1||6||1|2|2|1|1|1|2|2|1|52UZPE01152001T48MT01EBS001H066552UZPE01152001T48MT01EBS001H0665F0665
2|589|1|52|UZPE011|52001|T48|MT01|FRAY EZEQUIEL MORENO|CASAFINCA5LAJOSEFINA|-77.261566|1.214881||52UZPE01152001T48MT01EBS001H0666|52UZPE01152001T48MT01EBS001H0666F0666|1|1|1|2|52UZPE01152001T48MT01EBS001|900091143|CC|27091114|AUXILIARDEENFERMERIA|52UZPE01152001T48MT01EBS001H0666F0666CF666|2025-09-03|1||1||3||1||2|2|11|4|3|1|20||2|13|2||10||1||1||1||1|2|3|2|1|1|1|2|2|2|2|2|2||2|2|1|1||6||1|2|2|1|2|1|2|2|1|52UZPE01152001T48MT01EBS001H066652UZPE01152001T48MT01EBS001H0666F0666
2|590|1|52|UZPE011|52001|T48|MT01|FRAY EZEQUIEL MORENO|MZANABCSA8|-77.262013|1.215173||52UZPE01152001T48MT01EBS001H0667|52UZPE01152001T48MT01EBS001H0667F0667|1|1|1|2|52UZPE01152001T48MT01EBS001|900091143|CC|1085261053|AUXILIARDEENFERMERIA|52UZPE01152001T48MT01EBS001H0667F0667CF667|2025-09-01|1||1||3||1||2|2|11|1|2|2|19||2|13|0||1||1||1||1||2|2|3|1|1|1|1|2|2|2|2|2|2||2|2|2|2||6||2|2|2|1|2|1|2|2|1|52UZPE01152001T48MT01EBS001H066752UZPE01152001T48MT01EBS001H0667F0667
2|591|1|52|UZPE011|52001|T48|MT01|FRAY EZEQUIEL MORENO|MANZANABCASA18|-77.259835|1.211365||52UZPE01152001T48MT01EBS001H0668|52UZPE01152001T48MT01EBS001H0668F0668|1|2|2|2|52UZPE01152001T48MT01EBS001|900091143|CC|1085261053|AUXILIARDEENFERMERIA|52UZPE01152001T48MT01EBS001H0668F0668CF668|2025-09-02|1||1||3||1||2|2|11|2|3|2|19||2|13|0||1||1||1||1||2|2|3|1|1|1|1|2|2|2|2|2|2||2|2|1|2||6||1|2|2|1|1|1|2|2|1|52UZPE01152001T48MT01EBS001H066852UZPE01152001T48MT01EBS001H0668F0668
2|592|1|52|UZPE011|52001|T48|MT01|FRAY EZEQUIEL MORENO|MANZANABCASA18|-77.259835|1.211365||52UZPE01152001T48MT01EBS001H0669|52UZPE01152001T48MT01EBS001H0669F0669|1|2|2|2|52UZPE01152001T48MT01EBS001|900091143|CC|1085261053|AUXILIARDEENFERMERIA|52UZPE01152001T48MT01EBS001H0669F0669CF669|2025-09-02|1||1||3||1||2|2|11|2|3|2|19||2|13|0||1||1||1||1||2|2|3|1|1|1|1|2|2|2|2|2|2||2|2|1|1||6||1|2|2|1|2|1|2|2|1|52UZPE01152001T48MT01EBS001H066952UZPE01152001T48MT01EBS001H0669F0669
2|593|1|52|UZPE011|52001|T48|MT01|FRAY EZEQUIEL MORENO|CRA2NO25115|-77.263036|1.212584||52UZPE01152001T48MT01EBS001H0670|52UZPE01152001T48MT01EBS001H0670F0670|1|1|1|3|52UZPE01152001T48MT01EBS001|900091143|CC|1085261053|AUXILIARDEENFERMERIA|52UZPE01152001T48MT01EBS001H0670F0670CF670|2025-09-02|1||1||4||7||1|1|8|1|2|1|19||2|13|2||10||1||1||1||1|3|2|1|1|1|1|2|2|2|2|2|2||2|2|1|2||6||1|2|2|1|1|1|2|2|1|52UZPE01152001T48MT01EBS001H067052UZPE01152001T48MT01EBS001H0670F0670
2|594|1|52|UZPE011|52001|T48|MT01|FRAY EZEQUIEL MORENO|CRA2CASANO2|-77.261104|1.211541||52UZPE01152001T48MT01EBS001H0671|52UZPE01152001T48MT01EBS001H0671F0671|1|1|1|3|52UZPE01152001T48MT01EBS001|900091143|CC|1085261053|AUXILIARDEENFERMERIA|52UZPE01152001T48MT01EBS001H0671F0671CF671|2025-09-02|3||2||5||7||1|1|8|1|2|1|5||2|13|2||10||1||1||1||1|3|2|1|1|1|1|2|2|2|2|2|2||2|2|2|2||6||2|2|2|1|1|1|2|2|1|52UZPE01152001T48MT01EBS001H067152UZPE01152001T48MT01EBS001H0671F0671
2|595|1|52|UZPE011|52001|T48|MT01|FRAY EZEQUIEL MORENO|FINCALAJOSEFINA|-77.263547|1.216081||52UZPE01152001T48MT01EBS001H0673|52UZPE01152001T48MT01EBS001H0673F0673|1|1|1|3|52UZPE01152001T48MT01EBS001|900091143|CC|1085261053|AUXILIARDEENFERMERIA|52UZPE01152001T48MT01EBS001H0673F0673CF673|2025-09-03|1||1||3||1||2|2|11|4|2|2|7||2|13|2||1||1||1||1||2|3|3|1|1|1|1|2|2|2|2|2|2||2|2|2|2||6||2|2|2|1|1|1|2|2|1|52UZPE01152001T48MT01EBS001H067352UZPE01152001T48MT01EBS001H0673F0673
2|596|1|52|UZPE011|52001|T48|MT01|FRAY EZEQUIEL MORENO|MANZANACCASANO10|-77.260343|1.211397||52UZPE01152001T48MT01EBS001H0674|52UZPE01152001T48MT01EBS001H0674F0674|1|1|1|2|52UZPE01152001T48MT01EBS001|900091143|CC|1085261053|AUXILIARDEENFERMERIA|52UZPE01152001T48MT01EBS001H0674F0674CF674|2025-09-03|1||1||3||1||2|2|8|1|3|2|5||2|13|0||1||1||1||1||2|2|3|1|1|1|1|2|2|2|2|2|2||2|2|2|2||6||2|2|2|1|1|1|2|2|1|52UZPE01152001T48MT01EBS001H067452UZPE01152001T48MT01EBS001H0674F0674
2|597|1|52|UZPE011|52001|T48|MT01|FRAY EZEQUIEL MORENO|MANZANAFCASA|-77.26283|1.215258||52UZPE01152001T48MT01EBS001H0675|52UZPE01152001T48MT01EBS001H0675F0675|1|1|1|2|52UZPE01152001T48MT01EBS001|900091143|CC|27091114|AUXILIARDEENFERMERIA|52UZPE01152001T48MT01EBS001H0675F0675CF675|2025-09-09|1||1||3||1||2|2|11|4|3|1|5||2|13|0||1||1||1||1||1|2|3|1|1|1|1|2|2|2|2|2|2||2|2|1|2||6||1|2|2|1|1|1|2|2|1|52UZPE01152001T48MT01EBS001H067552UZPE01152001T48MT01EBS001H0675F0675
2|598|1|52|UZPE011|52001|T48|MT01|FRAY EZEQUIEL MORENO|MANZANAECASANO27|-77.263063|1.214716||52UZPE01152001T48MT01EBS001H0676|52UZPE01152001T48MT01EBS001H0676F0676|1|2|2|3|52UZPE01152001T48MT01EBS001|900091143|CC|1085261053|AUXILIARDEENFERMERIA|52UZPE01152001T48MT01EBS001H0676F0676CF676|2025-09-08|1||1||3||1||2|2|8|1|3|2|5||2|13|0||1||1||1||1||2|2|3|1|1|1|1|2|2|2|2|2|2||2|2|1|1||6||1|2|2|1|1|1|2|2|1|52UZPE01152001T48MT01EBS001H067652UZPE01152001T48MT01EBS001H0676F0676
2|599|1|52|UZPE011|52001|T48|MT01|FRAY EZEQUIEL MORENO|MANZANAECASANO27|-77.263063|1.214716||52UZPE01152001T48MT01EBS001H0677|52UZPE01152001T48MT01EBS001H0677F0677|1|2|2|3|52UZPE01152001T48MT01EBS001|900091143|CC|1085261053|AUXILIARDEENFERMERIA|52UZPE01152001T48MT01EBS001H0677F0677CF677|2025-09-08|1||1||3||1||2|2|8|1|3|2|5||2|13|0||1||1||1||1||7|1|2|1|1|1|1|2|2|2|2|2|2||2|2|2|2||6||2|2|2|1|1|1|2|2|1|52UZPE01152001T48MT01EBS001H067752UZPE01152001T48MT01EBS001H0677F0677
2|600|1|52|UZPE011|52001|T48|MT01|FRAY EZEQUIEL MORENO|MZDCASA9VILLASDELVIENTO|-77.262003|1.215008||52UZPE01152001T48MT01EBS001H0678|52UZPE01152001T48MT01EBS001H0678F0678|1|1|1|2|52UZPE01152001T48MT01EBS001|900091143|CC|1082748783|AUXILIARDEENFERMERIA|52UZPE01152001T48MT01EBS001H0678F0678CF678|2025-09-01|1||1||3||1||2|2|8|1|3|2|5||1|13|0||1||1||1||1||2|2|3|1|1|1|1|2|2|2|2|2|2||2|2|1|2||6||1|2|2|1|1|1|2|2|1|52UZPE01152001T48MT01EBS001H067852UZPE01152001T48MT01EBS001H0678F0678
2|601|1|52|UZPE011|52001|T48|MT01|FRAY EZEQUIEL MORENO|CRR2CASA3LAJOSEFINA|-77.261892|1.214674||52UZPE01152001T48MT01EBS001H0679|52UZPE01152001T48MT01EBS001H0679F0679|1|3|3|7|52UZPE01152001T48MT01EBS001|900091143|CC|1082748783|AUXILIARDEENFERMERIA|52UZPE01152001T48MT01EBS001H0679F0679CF679|2025-09-02|1||7||5||7||0|2|8|1|3|1|5||2|13|2||10||1||1||1||1|4|3|1|1|1|1|2|2|2|2|2|2||2|2|1|2||6||1|2|2|1|1|1|2|2|1|52UZPE01152001T48MT01EBS001H067952UZPE01152001T48MT01EBS001H0679F0679
2|602|1|52|UZPE011|52001|T48|MT01|FRAY EZEQUIEL MORENO|MANZANAFCASA9|-77.2629|1.21525||52UZPE01152001T48MT01EBS001H0682|52UZPE01152001T48MT01EBS001H0682F0682|1|3|3|5|52UZPE01152001T48MT01EBS001|900091143|CC|1085330309|PSICOLOGIA|52UZPE01152001T48MT01EBS001H0682F0682CF682|2025-09-08|1||1||3||1||4|2|8|1|2|2|20||2|13|0||1||1||1||1||2|2|1|1|1|1|1|2|2|2|2|2|2||2|2|1|1||6||1|2|2|1|1|1|2|2|1|52UZPE01152001T48MT01EBS001H068252UZPE01152001T48MT01EBS001H0682F0682
2|603|1|52|UZPE011|52001|T48|MT01|FRAY EZEQUIEL MORENO|MANZANAFCASA9|-77.2629|1.21525||52UZPE01152001T48MT01EBS001H0683|52UZPE01152001T48MT01EBS001H0683F0683|1|3|3|5|52UZPE01152001T48MT01EBS001|900091143|CC|1085330309|PSICOLOGIA|52UZPE01152001T48MT01EBS001H0683F0683CF683|2025-09-08|1||1||3||1||4|2|8|1|2|2|20||2|13|0||1||1||1||1||2|2|3|2|1|1|1|2|2|2|2|2|2||2|2|1|1||6||1|2|2|1|1|1|2|2|1|52UZPE01152001T48MT01EBS001H068352UZPE01152001T48MT01EBS001H0683F0683
2|604|1|52|UZPE011|52001|T48|MT01|FRAY EZEQUIEL MORENO|MANZANAFCASA9|-77.2629|1.21525||52UZPE01152001T48MT01EBS001H0684|52UZPE01152001T48MT01EBS001H0684F0684|1|3|3|5|52UZPE01152001T48MT01EBS001|900091143|CC|1085330309|PSICOLOGIA|52UZPE01152001T48MT01EBS001H0684F0684CF684|2025-09-08|1||1||3||1||4|2|8|1|2|2|20||2|13|0||1||1||1||1||1|2|3|1|1|1|1|2|2|2|2|2|2||2|2|1|2||6||1|2|2|1|1|1|2|2|1|52UZPE01152001T48MT01EBS001H068452UZPE01152001T48MT01EBS001H0684F0684
2|605|1|52|UZPE011|52001|T48|MT01|FRAY EZEQUIEL MORENO|MANZANAECASA12APTO2|-77.263702|1.215886||52UZPE01152001T48MT01EBS001H0685|52UZPE01152001T48MT01EBS001H0685F0685|1|1|1|2|52UZPE01152001T48MT01EBS001|900091143|CC|1085261053|AUXILIARDEENFERMERIA|52UZPE01152001T48MT01EBS001H0685F0685CF685|2025-09-08|4||1||3||1||2|2|10|1|3|2|5||2|13|0||1||1||1||1||2|2|2|3|1|1|3|2|2|2|2|2|2||2|2|1|2||6||1|2|2|1|1|1|2|2|1|52UZPE01152001T48MT01EBS001H068552UZPE01152001T48MT01EBS001H0685F0685
2|606|1|52|UZPE011|52001|T48|MT01|FRAY EZEQUIEL MORENO|CRR225115CASA2|-77.261817|1.214645||52UZPE01152001T48MT01EBS001H0686|52UZPE01152001T48MT01EBS001H0686F0686|1|3|3|7|52UZPE01152001T48MT01EBS001|900091143|CC|1082748783|AUXILIARDEENFERMERIA|52UZPE01152001T48MT01EBS001H0686F0686CF686|2025-09-02|1||7||3||4||1|2|8|1|3|1|5||2|13|0||10||1||1||1||1|3|3|1|1|1|1|2|2|2|2|2|2||2|2|1|1||6||1|2|2|1|1|1|2|2|1|52UZPE01152001T48MT01EBS001H068652UZPE01152001T48MT01EBS001H0686F0686
2|607|1|52|UZPE011|52001|T48|MT01|FRAY EZEQUIEL MORENO|MANZANACCASA3APTO1|-77.26525|1.21602||52UZPE01152001T48MT01EBS001H0691|52UZPE01152001T48MT01EBS001H0691F0691|1|1|1|3|52UZPE01152001T48MT01EBS001|900091143|CC|27091114|AUXILIARDEENFERMERIA|52UZPE01152001T48MT01EBS001H0691F0691CF691|2025-09-09|1||1||3||1||2|2|8|1|3|1|5||2|13|0||1||1||1||1||2|3|3|1|1|1|1|2|2|2|2|2|2||2|2|1|2||6||1|2|2|1|1|1|2|2|1|52UZPE01152001T48MT01EBS001H069152UZPE01152001T48MT01EBS001H0691F0691
2|608|1|52|UZPE011|52001|T48|MT01|FRAY EZEQUIEL MORENO|MANZANAECASA13APTO1|-77.263178|1.215596||52UZPE01152001T48MT01EBS001H0692|52UZPE01152001T48MT01EBS001H0692F0692|1|1|1|4|52UZPE01152001T48MT01EBS001|900091143|CC|1085261053|AUXILIARDEENFERMERIA|52UZPE01152001T48MT01EBS001H0692F0692CF692|2025-09-08|1||1||3||1||3|2|11|1|3|2|5||2|13|0||1||1||1||1||1|4|3|1|1|1|1|2|2|2|2|2|2||2|2|2|2||6||2|2|2|1|1|1|2|2|1|52UZPE01152001T48MT01EBS001H069252UZPE01152001T48MT01EBS001H0692F0692
2|609|1|52|UZPE011|52001|T48|MT01|FRAY EZEQUIEL MORENO|MANZANABCASA1|-77.26389|1.21595||52UZPE01152001T48MT01EBS001H0693|52UZPE01152001T48MT01EBS001H0693F0693|1|1|1|2|52UZPE01152001T48MT01EBS001|900091143|CC|27091114|AUXILIARDEENFERMERIA|52UZPE01152001T48MT01EBS001H0693F0693CF693|2025-09-09|1||1||3||1||2|2|8|4|3|1|5||2|9,10|2||1||1||1||1||2|2|3|1|1|1|1|2|2|2|2|2|2||2|2|1|2||6||1|2|2|1|2|1|2|2|1|52UZPE01152001T48MT01EBS001H069352UZPE01152001T48MT01EBS001H0693F0693
2|610|1|52|UZPE011|52001|T48|MT01|FRAY EZEQUIEL MORENO|MANZANADCASANO9|-77.263457|1.215515||52UZPE01152001T48MT01EBS001H0694|52UZPE01152001T48MT01EBS001H0694F0694|1|1|1|3|52UZPE01152001T48MT01EBS001|900091143|CC|1085261053|AUXILIARDEENFERMERIA|52UZPE01152001T48MT01EBS001H0694F0694CF694|2025-09-08|1||1||3||1||3|2|11|4|3|2|20||2|13|0||1||1||1||1||1|3|3|1|1|1|1|2|2|2|2|2|2||2|2|1|2||6||1|2|2|1|1|1|2|2|1|52UZPE01152001T48MT01EBS001H069452UZPE01152001T48MT01EBS001H0694F0694
2|611|1|52|UZPE011|52001|T48|MT01|FRAY EZEQUIEL MORENO|MANZANADCASANO8|-77.262958|1.215608||52UZPE01152001T48MT01EBS001H0695|52UZPE01152001T48MT01EBS001H0695F0695|1|1|1|2|52UZPE01152001T48MT01EBS001|900091143|CC|1085261053|AUXILIARDEENFERMERIA|52UZPE01152001T48MT01EBS001H0695F0695CF695|2025-09-09|1||1||3||1||2|2|8|1|3|2|5||2|13|0||1||1||1||1||2|2|3|1|1|1|1|2|2|2|2|2|2||2|2|1|2||6||1|2|2|1|1|1|2|2|1|52UZPE01152001T48MT01EBS001H069552UZPE01152001T48MT01EBS001H0695F0695
2|612|1|52|UZPE011|52001|T48|MT01|FRAY EZEQUIEL MORENO|MANZANADCASANO2APTO2|-77.266711|1.217507||52UZPE01152001T48MT01EBS001H0697|52UZPE01152001T48MT01EBS001H0697F0697|1|1|1|2|52UZPE01152001T48MT01EBS001|900091143|CC|1085261053|AUXILIARDEENFERMERIA|52UZPE01152001T48MT01EBS001H0697F0697CF697|2025-09-09|4||1||3||1||2|2|10|5|3|2|5||2|13|0||1||1||1||1||2|2|3|1|1|1|1|2|2|2|2|2|2||2|2|1|1||6||1|2|2|1|1|1|2|2|1|52UZPE01152001T48MT01EBS001H069752UZPE01152001T48MT01EBS001H0697F0697
2|613|1|52|UZPE011|52001|T48|MT01|FRAY EZEQUIEL MORENO|MANZANADCASA3APTO401|-77.263363|1.215319||52UZPE01152001T48MT01EBS001H0698|52UZPE01152001T48MT01EBS001H0698F0698|1|1|1|4|52UZPE01152001T48MT01EBS001|900091143|CC|1004213964|ENFERMERA|52UZPE01152001T48MT01EBS001H0698F0698CF698|2025-09-11|4||1||3||1||3|2|11|1|2|2|19||2|13|0||1||1||1||1||1|4|3|1|1|1|1|2|2|2|2|2|2||2|2|1|2||6||1|2|2|1|1|1|2|2|1|52UZPE01152001T48MT01EBS001H069852UZPE01152001T48MT01EBS001H0698F0698
2|614|1|52|UZPE011|52001|T48|MT01|FRAY EZEQUIEL MORENO|MANZANACCASANO6APTO1ERPISO|-77.263451|1.215687||52UZPE01152001T48MT01EBS001H0699|52UZPE01152001T48MT01EBS001H0699F0699|1|1|1|3|52UZPE01152001T48MT01EBS001|900091143|CC|1085261053|AUXILIARDEENFERMERIA|52UZPE01152001T48MT01EBS001H0699F0699CF699|2025-09-09|4||1||3||1||2|2|11|1|2|2|20||2|13|0||1||1||1||1||2|3|3|1|1|1|1|2|2|2|2|2|2||2|2|1|2||6||1|2|2|1|1|1|2|2|1|52UZPE01152001T48MT01EBS001H069952UZPE01152001T48MT01EBS001H0699F0699
2|615|1|52|UZPE011|52001|T48|MT01|FRAY EZEQUIEL MORENO|MANZANADCASA4APTO1|-77.263077|1.214729||52UZPE01152001T48MT01EBS001H0700|52UZPE01152001T48MT01EBS001H0700F0700|1|1|1|7|52UZPE01152001T48MT01EBS001|900091143|CC|27091114|AUXILIARDEENFERMERIA|52UZPE01152001T48MT01EBS001H0700F0700CF700|2025-09-11|4||1||3||1||2|1|11|4|3|1|5||2|13|0||1||1||1||1||1|7|3|1|1|1|1|2|2|2|2|2|2||2|2|1|2||6||1|2|2|1|1|1|2|2|1|52UZPE01152001T48MT01EBS001H070052UZPE01152001T48MT01EBS001H0700F0700
2|616|1|52|UZPE011|52001|T48|MT01|FRAY EZEQUIEL MORENO|MANZANABCASANO2|-77.263811|1.215927||52UZPE01152001T48MT01EBS001H0701|52UZPE01152001T48MT01EBS001H0701F0701|1|2|2|3|52UZPE01152001T48MT01EBS001|900091143|CC|1085261053|AUXILIARDEENFERMERIA|52UZPE01152001T48MT01EBS001H0701F0701CF701|2025-09-09|4||1||3||1||2|2|11|5|2|2|5||2|13|0||1||1||1||1||1|3|3|1|1|1|1|2|2|2|2|2|2||2|2|1|1||6||1|2|2|1|1|1|2|2|1|52UZPE01152001T48MT01EBS001H070152UZPE01152001T48MT01EBS001H0701F0701
2|617|1|52|UZPE011|52001|T48|MT01|FRAY EZEQUIEL MORENO|MANZANABCASANO2|-77.263811|1.215927||52UZPE01152001T48MT01EBS001H0702|52UZPE01152001T48MT01EBS001H0702F0702|1|2|2|3|52UZPE01152001T48MT01EBS001|900091143|CC|1085261053|AUXILIARDEENFERMERIA|52UZPE01152001T48MT01EBS001H0702F0702CF702|2025-09-09|4||1||3||1||2|2|11|5|2|2|5||2|13|0||1||1||1||1||2|2|2|1|1|1|2|2|2|2|2|2|2||2|2|1|2||6||1|2|2|1|1|1|2|2|1|52UZPE01152001T48MT01EBS001H070252UZPE01152001T48MT01EBS001H0702F0702
2|618|1|52|UZPE011|52001|T48|MT01|FRAY EZEQUIEL MORENO|MANZANADCASA4APTO402|-77.263363|1.215319||52UZPE01152001T48MT01EBS001H0703|52UZPE01152001T48MT01EBS001H0703F0703|1|2|2|1|52UZPE01152001T48MT01EBS001|900091143|CC|1004213964|ENFERMERA|52UZPE01152001T48MT01EBS001H0703F0703CF703|2025-09-11|5||1||3||1||1|2|11|1|2|2|20||2|13|0||3||1||1||1||7|1|3|1|1|1|1|2|2|2|2|2|2||2|2|2|2||6||2|2|2|1|1|1|2|2|1|52UZPE01152001T48MT01EBS001H070352UZPE01152001T48MT01EBS001H0703F0703
2|619|1|52|UZPE011|52001|T48|MT01|FRAY EZEQUIEL MORENO|MANZANAECASA19|-77.262982|1.215356||52UZPE01152001T48MT01EBS001H0704|52UZPE01152001T48MT01EBS001H0704F0704|1|1|1|1|52UZPE01152001T48MT01EBS001|900091143|CC|1004213964|ENFERMERA|52UZPE01152001T48MT01EBS001H0704F0704CF704|2025-09-08|1||1||3||4||2|2|11|1|2|2|19||2|13|0||1||1||1||1||1|1|3|2|1|1|1|2|2|2|2|2|2||2|2|1|1||6||1|2|2|1|1|1|2|2|1|52UZPE01152001T48MT01EBS001H070452UZPE01152001T48MT01EBS001H0704F0704
2|620|1|52|UZPE011|52001|T48|MT01|FRAY EZEQUIEL MORENO|MANZANABCASA6APTONO2|-77.263606|1.215914||52UZPE01152001T48MT01EBS001H0705|52UZPE01152001T48MT01EBS001H0705F0705|1|1|1|4|52UZPE01152001T48MT01EBS001|900091143|CC|1085261053|AUXILIARDEENFERMERIA|52UZPE01152001T48MT01EBS001H0705F0705CF705|2025-09-09|4||1||3||1||2|2|11|5|3|2|5||2|13|0||1||1||1||1||1|4|2|1|1|1|1|2|2|2|2|2|2||2|2|1|2||6||1|2|2|1|1|1|2|2|1|52UZPE01152001T48MT01EBS001H070552UZPE01152001T48MT01EBS001H0705F0705
2|621|1|52|UZPE011|52001|T48|MT01|FRAY EZEQUIEL MORENO|MANZANABCASANO2APTO2|-77.263811|1.215927||52UZPE01152001T48MT01EBS001H0706|52UZPE01152001T48MT01EBS001H0706F0706|1|1|1|1|52UZPE01152001T48MT01EBS001|900091143|CC|1085261053|AUXILIARDEENFERMERIA|52UZPE01152001T48MT01EBS001H0706F0706CF706|2025-09-09|4||1||3||1||1|2|11|5|3|2|5||1|13|0||1||1||1||1||7|1|2|1|1|1|2|2|2|2|2|2|2||2|2|1|2||6||1|2|2|1|1|1|2|2|1|52UZPE01152001T48MT01EBS001H070652UZPE01152001T48MT01EBS001H0706F0706
2|622|1|52|UZPE011|52001|T48|MT01|FRAY EZEQUIEL MORENO|CRA2FNO26B44APTO301|-77.263188|1.214791||52UZPE01152001T48MT01EBS001H0707|52UZPE01152001T48MT01EBS001H0707F0707|1|1|1|4|52UZPE01152001T48MT01EBS001|900091143|CC|1085261053|AUXILIARDEENFERMERIA|52UZPE01152001T48MT01EBS001H0707F0707CF707|2025-09-11|4||1||3||1||2|1|11|5|3|2|5||2|13|0||1||1||1||1||2|4|2|1|1|1|2|2|2|2|2|2|2||2|2|2|2||6||2|2|2|1|1|1|2|2|1|52UZPE01152001T48MT01EBS001H070752UZPE01152001T48MT01EBS001H0707F0707
2|623|1|52|UZPE011|52001|T48|MT01|FRAY EZEQUIEL MORENO|MANZANAECASANO8|-77.262806|1.214723||52UZPE01152001T48MT01EBS001H0708|52UZPE01152001T48MT01EBS001H0708F0708|1|1|1|1|52UZPE01152001T48MT01EBS001|900091143|CC|1085261053|AUXILIARDEENFERMERIA|52UZPE01152001T48MT01EBS001H0708F0708CF708|2025-09-11|1||1||3||1||1|2|11|5|3|2|20||2|13|0||1||1||1||1||7|1|2|1|1|1|2|2|2|2|2|2|2||2|2|1|2||6||1|2|2|1|1|1|2|2|1|52UZPE01152001T48MT01EBS001H070852UZPE01152001T48MT01EBS001H0708F0708
2|624|1|52|UZPE011|52001|T48|MT02|CONDOMINIO MONTERREY|CRA23D28A96|-77.267851|1.21948||52UZPE01152001T48MT02EBS001H0709|52UZPE01152001T48MT02EBS001H0709F0709|2|1|1|2|52UZPE01152001T48MT02EBS001|900091143|CC|1085260497|PSICOLOGO|52UZPE01152001T48MT02EBS001H0709F0709CF709|2025-09-26|4||1||3||1||2|2|11|5|3|2|20||2|13|0||1||1||1||1||2|2|3|1|1|1|1|2|2|2|2|2|2||2|2|2|2||6||2|2|2|1|1|1|2|2|1|52UZPE01152001T48MT02EBS001H070952UZPE01152001T48MT02EBS001H0709F0709
2|625|1|52|UZPE011|52001|T48|MT02|CONDOMINIO MONTERREY|CR23D28A96TORRE1APTO102|-77.267854|1.219475||52UZPE01152001T48MT02EBS001H0710|52UZPE01152001T48MT02EBS001H0710F0710|2|1|1|3|52UZPE01152001T48MT02EBS001|900091143|CC|1004236159|AUXILIARDEENFERMERIA|52UZPE01152001T48MT02EBS001H0710F0710CF710|2025-09-29|4||1||3||1||2|2|11|5|3|2|20||2|13|0||1||1||1||1||1|3|3|1|1|1|1|2|2|2|2|2|2||2|2|2|1||6||2|2|2|1|1|1|2|2|1|52UZPE01152001T48MT02EBS001H071052UZPE01152001T48MT02EBS001H0710F0710
2|626|1|52|UZPE011|52001|T48|MT02|CONDOMINIO MONTERREY|CR23D28A96TORRE1APTO307|-77.267751|1.219505||52UZPE01152001T48MT02EBS001H0711|52UZPE01152001T48MT02EBS001H0711F0711|2|1|1|1|52UZPE01152001T48MT02EBS001|900091143|CC|1004236159|AUXILIARDEENFERMERIA|52UZPE01152001T48MT02EBS001H0711F0711CF711|2025-09-29|4||1||3||1||1|2|11|5|3|2|20||2|13|0||1||1||1||1||7|1|3|1|1|1|1|2|2|2|2|2|2||2|2|2|1||6||2|2|2|1|2|1|2|2|1|52UZPE01152001T48MT02EBS001H071152UZPE01152001T48MT02EBS001H0711F0711
2|627|1|52|UZPE011|52001|T48|MT02|CONDOMINIO MONTERREY|CR23D28A96TORRE1APTO301|-77.267836|1.219437||52UZPE01152001T48MT02EBS001H0712|52UZPE01152001T48MT02EBS001H0712F0712|2|2|2|3|52UZPE01152001T48MT02EBS001|900091143|CC|1004236159|AUXILIARDEENFERMERIA|52UZPE01152001T48MT02EBS001H0712F0712CF712|2025-09-29|4||1||3||1||2|1|11|5|3|2|20||2|13|0||1||1||1||1||4|3|1|1|1|1|2|2|2|2|2|2|2||2|2|1|2||6||1|2|2|1|1|1|2|2|1|52UZPE01152001T48MT02EBS001H071252UZPE01152001T48MT02EBS001H0712F0712
2|628|1|52|UZPE011|52001|T48|MT02|CONDOMINIO MONTERREY|CR23D28A96TORRE1APTO301|-77.267836|1.219437||52UZPE01152001T48MT02EBS001H0713|52UZPE01152001T48MT02EBS001H0713F0713|2|2|2|3|52UZPE01152001T48MT02EBS001|900091143|CC|1004236159|AUXILIARDEENFERMERIA|52UZPE01152001T48MT02EBS001H0713F0713CF713|2025-09-29|4||1||3||1||2|1|11|5|3|2|20||2|13|0||1||1||1||1||7|1|1|1|1|1|2|2|2|2|2|2|2||2|2|2|2||6||2|2|2|1|2|1|2|2|1|52UZPE01152001T48MT02EBS001H071352UZPE01152001T48MT02EBS001H0713F0713
2|629|1|52|UZPE011|52001|T48|MT02|CONDOMINIO MONTERREY|CR23DTORRE1APARTAMENTO807|-77.267735|1.219487||52UZPE01152001T48MT02EBS001H0714|52UZPE01152001T48MT02EBS001H0714F0714|2|2|2|4|52UZPE01152001T48MT02EBS001|900091143|CC|1089291166|AUXILIARDEENFERMERIA|52UZPE01152001T48MT02EBS001H0714F0714CF714|2025-09-30|4||1||3||1||2|1|11|5|3|2|20||2|13|0||1||1||1||1||4|2|1|1|1|1|2|2|2|2|2|2|2||2|2|1|1||6||1|2|2|1|1|1|2|2|1|52UZPE01152001T48MT02EBS001H071452UZPE01152001T48MT02EBS001H0714F0714
2|630|1|52|UZPE011|52001|T48|MT02|CONDOMINIO MONTERREY|CR23DTORRE1APARTAMENTO807|-77.267735|1.219487||52UZPE01152001T48MT02EBS001H0715|52UZPE01152001T48MT02EBS001H0715F0715|2|2|2|4|52UZPE01152001T48MT02EBS001|900091143|CC|1089291166|AUXILIARDEENFERMERIA|52UZPE01152001T48MT02EBS001H0715F0715CF715|2025-09-30|4||1||3||1||2|1|11|5|3|2|20||2|13|0||1||1||1||1||2|2|3|1|1|1|1|2|2|2|2|2|2||2|2|2|1||6||2|2|2|1|1|1|2|2|1|52UZPE01152001T48MT02EBS001H071552UZPE01152001T48MT02EBS001H0715F0715
2|631|1|52|UZPE011|52001|T48|MT02|CONDOMINIO MONTERREY|CR23D28A96TORRE1APTO707|-77.267758|1.219412||52UZPE01152001T48MT02EBS001H0716|52UZPE01152001T48MT02EBS001H0716F0716|2|2|2|2|52UZPE01152001T48MT02EBS001|900091143|CC|1004236159|AUXILIARDEENFERMERIA|52UZPE01152001T48MT02EBS001H0716F0716CF716|2025-09-30|4||1||3||1||2|2|11|5|3|2|20||2|12|2||1||1||1||1||7|1|3|3|1|1|2|2|2|2|2|2|2||2|2|2|2||6||2|2|2|1|2|1|2|2|1|52UZPE01152001T48MT02EBS001H071652UZPE01152001T48MT02EBS001H0716F0716
2|632|1|52|UZPE011|52001|T48|MT02|CONDOMINIO MONTERREY|CR23D28A96TORRE1APTO707|-77.267758|1.219412||52UZPE01152001T48MT02EBS001H0717|52UZPE01152001T48MT02EBS001H0717F0717|2|2|2|2|52UZPE01152001T48MT02EBS001|900091143|CC|1004236159|AUXILIARDEENFERMERIA|52UZPE01152001T48MT02EBS001H0717F0717CF717|2025-09-30|4||1||3||1||2|2|11|5|3|2|20||2|12|2||1||1||1||1||7|1|3|3|1|1|2|2|2|2|2|2|2||2|2|2|2||6||2|2|2|1|1|1|2|2|1|52UZPE01152001T48MT02EBS001H071752UZPE01152001T48MT02EBS001H0717F0717
2|633|1|52|UZPE011|52001|T48|MT02|CONDOMINIO MONTERREY|CR23DTORRE1APARTAMENTO603|-77.267671|1.219521||52UZPE01152001T48MT02EBS001H0718|52UZPE01152001T48MT02EBS001H0718F0718|2|1|1|3|52UZPE01152001T48MT02EBS001|900091143|CC|1089291166|AUXILIARDEENFERMERIA|52UZPE01152001T48MT02EBS001H0718F0718CF718|2025-09-30|4||1||3||1||2|2|11|5|3|2|20||2|13|0||1||1||1||1||4|3|1|1|1|1|2|2|2|2|2|2|2||2|2|1|1||6||1|2|2|1|2|1|2|2|1|52UZPE01152001T48MT02EBS001H071852UZPE01152001T48MT02EBS001H0718F0718
2|634|1|52|UZPE011|52001|T48|MT02|CONDOMINIO MONTERREY|CR23D28A96TORRE1APTO403|-77.268927|1.219922||52UZPE01152001T48MT02EBS001H0719|52UZPE01152001T48MT02EBS001H0719F0719|2|3|3|4|52UZPE01152001T48MT02EBS001|900091143|CC|1004236159|AUXILIARDEENFERMERIA|52UZPE01152001T48MT02EBS001H0719F0719CF719|2025-09-30|4||1||3||1||3|2|11|5|3|2|20||2|13|0||1||1||1||1||1|4|3|2|1|1|3|2|2|2|2|2|2||2|2|1|1||6||1|2|2|1|1|1|2|2|1|52UZPE01152001T48MT02EBS001H071952UZPE01152001T48MT02EBS001H0719F0719
2|635|1|52|UZPE011|52001|T48|MT02|CONDOMINIO MONTERREY|CR23DTORRE1APARTAMENTO708|-77.267758|1.219412||52UZPE01152001T48MT02EBS001H0720|52UZPE01152001T48MT02EBS001H0720F0720|2|1|1|1|52UZPE01152001T48MT02EBS001|900091143|CC|1089291166|AUXILIARDEENFERMERIA|52UZPE01152001T48MT02EBS001H0720F0720CF720|2025-09-30|4||1||3||1||1|2|11|5|3|2|20||2|13|0||1||1||1||1||7|1|3|1|1|1|1|2|2|2|2|2|2||2|2|2|2||6||2|2|2|1|2|1|2|2|1|52UZPE01152001T48MT02EBS001H072052UZPE01152001T48MT02EBS001H0720F0720
2|636|1|52|UZPE011|52001|T48|MT02|CONDOMINIO MONTERREY|CR23D28A96TORRE1APTO804|-77.267836|1.219473||52UZPE01152001T48MT02EBS001H0721|52UZPE01152001T48MT02EBS001H0721F0721|2|1|1|4|52UZPE01152001T48MT02EBS001|900091143|CC|1004236159|AUXILIARDEENFERMERIA|52UZPE01152001T48MT02EBS001H0721F0721CF721|2025-09-30|4||1||3||1||2|1|11|5|2|2|20||2|13|0||1||1||1||1||1|4|3|1|1|1|1|2|2|2|2|2|2||2|2|2|2||6||2|2|2|1|1|1|2|2|1|52UZPE01152001T48MT02EBS001H072152UZPE01152001T48MT02EBS001H0721F0721
2|637|1|52|UZPE011|52001|T48|MT02|CONDOMINIO MONTERREY|CR23D28A96TORRE1APTO1003|-77.267612|1.219454||52UZPE01152001T48MT02EBS001H0722|52UZPE01152001T48MT02EBS001H0722F0722|2|1|1|4|52UZPE01152001T48MT02EBS001|900091143|CC|1004236159|AUXILIARDEENFERMERIA|52UZPE01152001T48MT02EBS001H0722F0722CF722|2025-10-03|4||1||3||1||3|2|11|5|3|2|20||2|13|0||1||1||1||1||1|4|3|1|1|1|1|2|2|2|2|2|2||2|2|2|1||6||2|2|2|1|1|1|2|2|1|52UZPE01152001T48MT02EBS001H072252UZPE01152001T48MT02EBS001H0722F0722
2|638|1|52|UZPE011|52001|T48|MT02|CONDOMINIO MONTERREY|CR23D28A96TORRE1APTO1307|-77.267905|1.21925||52UZPE01152001T48MT02EBS001H0723|52UZPE01152001T48MT02EBS001H0723F0723|2|1|1|4|52UZPE01152001T48MT02EBS001|900091143|CC|1004236159|AUXILIARDEENFERMERIA|52UZPE01152001T48MT02EBS001H0723F0723CF723|2025-10-02|4||1||3||1||3|2|11|5|3|2|20||2|13|0||1||1||1||1||1|4|3|1|1|3|1|2|2|2|2|2|2||2|2|2|1||6||2|2|2|1|1|1|2|2|1|52UZPE01152001T48MT02EBS001H072352UZPE01152001T48MT02EBS001H0723F0723
2|639|1|52|UZPE011|52001|T48|MT02|CONDOMINIO MONTERREY|CR23DTORRE1APARTAMENTO1308|-77.267758|1.219446||52UZPE01152001T48MT02EBS001H0724|52UZPE01152001T48MT02EBS001H0724F0724|2|2|2|3|52UZPE01152001T48MT02EBS001|900091143|CC|1089291166|AUXILIARDEENFERMERIA|52UZPE01152001T48MT02EBS001H0724F0724CF724|2025-10-01|4||1||3||1||2|2|11|5|3|2|20||2|13|0||1||1||1||1||2|2|3|1|1|1|2|2|2|2|2|2|2||2|2|2|1||6||2|2|2|1|1|1|2|2|1|52UZPE01152001T48MT02EBS001H072452UZPE01152001T48MT02EBS001H0724F0724
2|640|1|52|UZPE011|52001|T48|MT02|CONDOMINIO MONTERREY|CR23DTORRE1APARTAMENTO1104|-77.267634|1.219556||52UZPE01152001T48MT02EBS001H0725|52UZPE01152001T48MT02EBS001H0725F0725|2|1|1|1|52UZPE01152001T48MT02EBS001|900091143|CC|1089291166|AUXILIARDEENFERMERIA|52UZPE01152001T48MT02EBS001H0725F0725CF725|2025-10-01|4||1||3||1||1|2|11|5|3|2|20||2|13|0||1||1||1||1||7|1|3|1|1|1|1|2|2|2|2|2|2||2|2|1|1||6||1|2|2|1|1|1|2|2|1|52UZPE01152001T48MT02EBS001H072552UZPE01152001T48MT02EBS001H0725F0725
2|641|1|52|UZPE011|52001|T48|MT02|CONDOMINIO MONTERREY|CR23DTORRE2APARTAMENTO305|-77.2676|1.219388||52UZPE01152001T48MT02EBS001H0726|52UZPE01152001T48MT02EBS001H0726F0726|2|2|2|5|52UZPE01152001T48MT02EBS001|900091143|CC|1089291166|AUXILIARDEENFERMERIA|52UZPE01152001T48MT02EBS001H0726F0726CF726|2025-10-02|4||1||3||1||2|1|11|5|3|2|20||2|13|0||1||1||1||1||1|3|1|1|1|1|1|2|2|2|2|2|2||2|2|2|1||6||2|2|2|1|2|1|2|2|1|52UZPE01152001T48MT02EBS001H072652UZPE01152001T48MT02EBS001H0726F0726
2|642|1|52|UZPE011|52001|T48|MT02|CONDOMINIO MONTERREY|CR23DTORRE2APARTAMENTO305|-77.2676|1.219388||52UZPE01152001T48MT02EBS001H0727|52UZPE01152001T48MT02EBS001H0727F0727|2|2|2|5|52UZPE01152001T48MT02EBS001|900091143|CC|1089291166|AUXILIARDEENFERMERIA|52UZPE01152001T48MT02EBS001H0727F0727CF727|2025-10-02|4||1||3||1||2|1|11|5|3|2|20||2|13|0||1||1||1||1||2|2|1|1|1|1|1|2|2|2|2|2|2||2|2|2|1||6||2|2|2|1|2|1|2|2|1|52UZPE01152001T48MT02EBS001H072752UZPE01152001T48MT02EBS001H0727F0727
2|643|1|52|UZPE011|52001|T48|MT02|CONDOMINIO MONTERREY|CR23DTORRE2APARTAMENTO1305|-77.267949|1.219518||52UZPE01152001T48MT02EBS001H0728|52UZPE01152001T48MT02EBS001H0728F0728|2|1|1|4|52UZPE01152001T48MT02EBS001|900091143|CC|1089291166|AUXILIARDEENFERMERIA|52UZPE01152001T48MT02EBS001H0728F0728CF728|2025-10-06|4||1||3||1||2|2|11|5|3|2|20||2|13|0||1||1||1||1||1|4|3|1|1|1|1|2|2|2|2|2|2||2|2|2|1||6||2|2|2|1|1|1|2|2|1|52UZPE01152001T48MT02EBS001H072852UZPE01152001T48MT02EBS001H0728F0728
2|644|1|52|UZPE011|52001|T48|MT02|CONDOMINIO MONTERREY|CR23D28A96TORRE3APTO1302|-77.268179|1.219021||52UZPE01152001T48MT02EBS001H0729|52UZPE01152001T48MT02EBS001H0729F0729|2|1|1|3|52UZPE01152001T48MT02EBS001|900091143|CC|1004236159|AUXILIARDEENFERMERIA|52UZPE01152001T48MT02EBS001H0729F0729CF729|2025-10-07|4||1||3||1||2|2|11|5|3|2|20||2|13|0||1||1||1||1||1|3|3|1|1|1|1|2|2|2|2|2|2||2|2|2|2||6||2|2|2|1|1|1|2|2|1|52UZPE01152001T48MT02EBS001H072952UZPE01152001T48MT02EBS001H0729F0729
2|645|1|52|UZPE011|52001|T48|MT02|CONDOMINIO MONTERREY|CR23D28A96TORRE3APTO1304|-77.268037|1.219178||52UZPE01152001T48MT02EBS001H0730|52UZPE01152001T48MT02EBS001H0730F0730|2|1|1|2|52UZPE01152001T48MT02EBS001|900091143|CC|1004236159|AUXILIARDEENFERMERIA|52UZPE01152001T48MT02EBS001H0730F0730CF730|2025-10-07|4||1||3||1||2|2|11|5|3|2|20||2|13|0||1||1||1||1||2|2|2|2|1|1|2|2|2|2|2|2|2||2|2|1|1||6||1|2|2|1|1|1|2|2|1|52UZPE01152001T48MT02EBS001H073052UZPE01152001T48MT02EBS001H0730F0730
2|646|1|52|UZPE011|52001|T48|MT02|CONDOMINIO MONTERREY|CR23DTORRE3APARTAMENTO1103|-77.268114|1.219078||52UZPE01152001T48MT02EBS001H0731|52UZPE01152001T48MT02EBS001H0731F0731|2|1|1|1|52UZPE01152001T48MT02EBS001|900091143|CC|1089291166|AUXILIARDEENFERMERIA|52UZPE01152001T48MT02EBS001H0731F0731CF731|2025-10-07|4||1||3||1||1|2|11|5|3|2|20||2|13|0||1||1||1||1||7|1|3|1|1|1|1|2|2|2|2|2|2||2|2|2|1||6||2|2|2|1|1|1|2|2|1|52UZPE01152001T48MT02EBS001H073152UZPE01152001T48MT02EBS001H0731F0731
2|647|1|52|UZPE011|52001|T48|MT02|CONDOMINIO MONTERREY|CR23DTORRE3APARTAMENTO1208|-77.268218|1.218781||52UZPE01152001T48MT02EBS001H0732|52UZPE01152001T48MT02EBS001H0732F0732|2|1|1|2|52UZPE01152001T48MT02EBS001|900091143|CC|1089291166|AUXILIARDEENFERMERIA|52UZPE01152001T48MT02EBS001H0732F0732CF732|2025-10-07|4||1||3||1||1|2|11|5|3|2|20||2|13|0||1||1||1||1||1|2|3|1|1|1|1|2|2|2|2|2|2||2|2|2|1||6||2|2|2|1|1|1|2|2|1|52UZPE01152001T48MT02EBS001H073252UZPE01152001T48MT02EBS001H0732F0732
2|648|1|52|UZPE011|52001|T48|MT02|CONDOMINIO MONTERREY|CR23DTORRE4APARTAMENTO308|-77.26737|1.219122||52UZPE01152001T48MT02EBS001H0733|52UZPE01152001T48MT02EBS001H0733F0733|2|1|1|3|52UZPE01152001T48MT02EBS001|900091143|CC|1089291166|AUXILIARDEENFERMERIA|52UZPE01152001T48MT02EBS001H0733F0733CF733|2025-10-08|4||1||3||1||2|2|11|5|3|2|20||2|13|0||1||1||1||1||1|3|3|1|1|1|1|2|2|2|2|2|2||2|2|2|2||6||2|2|2|1|2|1|2|2|1|52UZPE01152001T48MT02EBS001H073352UZPE01152001T48MT02EBS001H0733F0733
2|649|1|52|UZPE011|52001|T48|MT01|FRAY EZEQUIEL MORENO|MANZANAACASA|-77.267123|1.219786||52UZPE01152001T48MT01EBS001H0735|52UZPE01152001T48MT01EBS001H0735F0735|1|2|2|2|52UZPE01152001T48MT01EBS001|900091143|CC|1089291166|AUXILIARDEENFERMERIA|52UZPE01152001T48MT01EBS001H0735F0735CF735|2025-10-14|1||1||3||1||2|1|11|5|3|2|20||2|13|0||1||1||1||1||4|3|2|1|1|1|1|2|2|2|2|2|2||2|2|2|1||6||2|2|2|1|2|1|2|2|1|52UZPE01152001T48MT01EBS001H073552UZPE01152001T48MT01EBS001H0735F0735
2|650|1|52|UZPE011|52001|T48|MT01|FRAY EZEQUIEL MORENO|MANZANAACASA|-77.267123|1.219786||52UZPE01152001T48MT01EBS001H0736|52UZPE01152001T48MT01EBS001H0736F0736|1|2|2|2|52UZPE01152001T48MT01EBS001|900091143|CC|1089291166|AUXILIARDEENFERMERIA|52UZPE01152001T48MT01EBS001H0736F0736CF736|2025-10-14|1||1||3||1||2|1|11|5|3|2|20||2|13|0||1||1||1||1||2|2|3|1|1|1|1|2|2|2|2|2|2||2|2|2|2||6||2|2|2|1|2|1|2|2|1|52UZPE01152001T48MT01EBS001H073652UZPE01152001T48MT01EBS001H0736F0736
2|651|1|52|UZPE011|52001|T48|MT01|FRAY EZEQUIEL MORENO|CRA511A16|-77.277242|1.183413||52UZPE01152001T48MT01EBS001H0737|52UZPE01152001T48MT01EBS001H0737F0737|2|1|1|2|52UZPE01152001T48MT01EBS001|900091143|CC|27088797|AUXILIARDEENFERMERIA|52UZPE01152001T48MT01EBS001H0737F0737CF737|2025-10-15|1||1||3||1||2|2|11|5|2|2|20||1|13|0||1||1||1||1||1|2|3|2|1|1|3|2|2|2|2|2|2||2|2|1|1||6||1|2|2|1|2|1|2|2|1|52UZPE01152001T48MT01EBS001H073752UZPE01152001T48MT01EBS001H0737F0737
2|652|1|52|UZPE011|52001|T48|MT01|FRAY EZEQUIEL MORENO|CALLE123E125|-77.277029|1.183647||52UZPE01152001T48MT01EBS001H0738|52UZPE01152001T48MT01EBS001H0738F0738|2|1|1|4|52UZPE01152001T48MT01EBS001|900091143|CC|27088797|AUXILIARDEENFERMERIA|52UZPE01152001T48MT01EBS001H0738F0738CF738|2025-08-15|1||1||3||1||3|2|11|5|2|2|20||1|13|0||1||1||1||1||1|4|3|1|1|1|1|2|2|2|2|2|2||2|2|1|1||6||1|2|2|1|1|1|2|2|1|52UZPE01152001T48MT01EBS001H073852UZPE01152001T48MT01EBS001H0738F0738
2|653|1|52|UZPE011|52001|T48|MT01|FRAY EZEQUIEL MORENO|CALLE122E125CASA1|-77.277029|1.183637||52UZPE01152001T48MT01EBS001H0739|52UZPE01152001T48MT01EBS001H0739F0739|2|1|1|2|52UZPE01152001T48MT01EBS001|900091143|CC|27088797|AUXILIARDEENFERMERIA|52UZPE01152001T48MT01EBS001H0739F0739CF739|2025-10-15|1||1||3||1||2|2|11|5|2|2|20||2|13|0||1||1||1||1||1|2|3|1|1|1|1|2|2|2|2|2|2||2|2|1|1||6||1|2|2|1|1|1|2|2|1|52UZPE01152001T48MT01EBS001H073952UZPE01152001T48MT01EBS001H0739F0739
2|654|1|52|UZPE011|52001|T48|MT01|FRAY EZEQUIEL MORENO|CRA5ESTE11A76|-77.27664|1.183698||52UZPE01152001T48MT01EBS001H0740|52UZPE01152001T48MT01EBS001H0740F0740|2|2|2|3|52UZPE01152001T48MT01EBS001|900091143|CC|27088797|AUXILIARDEENFERMERIA|52UZPE01152001T48MT01EBS001H0740F0740CF740|2025-10-15|1||1||3||1||2|2|11|5|2|2|20||2|13|0||1||1||1||1||1|3|3|1|1|1|1|2|2|2|2|2|2||2|2|1|1||6||1|2|2|1|2|1|2|2|1|52UZPE01152001T48MT01EBS001H074052UZPE01152001T48MT01EBS001H0740F0740
2|655|1|52|UZPE011|52001|T48|MT01|FRAY EZEQUIEL MORENO|CRA5A5AESTE11A76|-77.27664|1.183698||52UZPE01152001T48MT01EBS001H0741|52UZPE01152001T48MT01EBS001H0741F0741|2|2|2|2|52UZPE01152001T48MT01EBS001|900091143|CC|27088797|AUXILIARDEENFERMERIA|52UZPE01152001T48MT01EBS001H0741F0741CF741|2025-10-15|4||1||3||1||1|2|11|5|2|2|20||2|13|0||1||1||1||1||1|2|3|1|1|1|1|2|2|2|2|2|2||2|2|1|2||6||1|2|2|1|1|1|2|2|1|52UZPE01152001T48MT01EBS001H074152UZPE01152001T48MT01EBS001H0741F0741
2|656|1|52|UZPE011|52001|T48|MT01|FRAY EZEQUIEL MORENO|CRA8EESTE1094|-77.27659|1.18367||52UZPE01152001T48MT01EBS001H0742|52UZPE01152001T48MT01EBS001H0742F0742|2|1|1|3|52UZPE01152001T48MT01EBS001|900091143|CC|27088797|AUXILIARDEENFERMERIA|52UZPE01152001T48MT01EBS001H0742F0742CF742|2025-10-15|1||1||3||1||3|2|11|5|2|2|20||2|13|0||1||1||1||1||1|3|3|1|1|1|1|2|2|2|2|2|2||2|2|1|1||6||1|2|2|1|1|1|2|2|1|52UZPE01152001T48MT01EBS001H074252UZPE01152001T48MT01EBS001H0742F0742
2|657|1|52|UZPE011|52001|T48|MT01|FRAY EZEQUIEL MORENO|KILOMETRO4SALIDAELSUR|-77.276354|1.183484||52UZPE01152001T48MT01EBS001H0743|52UZPE01152001T48MT01EBS001H0743F0743|2|1|1|2|52UZPE01152001T48MT01EBS001|900091143|CC|27088797|AUXILIARDEENFERMERIA|52UZPE01152001T48MT01EBS001H0743F0743CF743|2025-10-15|1||1||3||1||1|2|11|5|2|2|20||2|13|0||1||1||1||1||1|2|3|1|1|1|1|2|2|2|2|2|2||2|2|1|1||6||1|2|2|1|2|1|2|2|1|52UZPE01152001T48MT01EBS001H074352UZPE01152001T48MT01EBS001H0743F0743
2|658|1|52|UZPE011|52001|T48|MT01|FRAY EZEQUIEL MORENO|CALLE125A52|-77.276399|1.183357||52UZPE01152001T48MT01EBS001H0744|52UZPE01152001T48MT01EBS001H0744F0744|2|1|1|1|52UZPE01152001T48MT01EBS001|900091143|CC|27088797|AUXILIARDEENFERMERIA|52UZPE01152001T48MT01EBS001H0744F0744CF744|2025-10-15|5||5||5||4||1|2|11|5|2|2|19||2|13|0||1||1||1||1||7|1|2|3|1|1|1|2|2|2|2|2|2||2|2|1|2||6||1|2|2|1|1|1|2|2|1|52UZPE01152001T48MT01EBS001H074452UZPE01152001T48MT01EBS001H0744F0744
2|659|1|52|UZPE011|52001|T48|MT01|FRAY EZEQUIEL MORENO|CALLE11B5A61|-77.276833|1.18266||52UZPE01152001T48MT01EBS001H0745|52UZPE01152001T48MT01EBS001H0745F0745|2|1|1|4|52UZPE01152001T48MT01EBS001|900091143|CC|27088797|AUXILIARDEENFERMERIA|52UZPE01152001T48MT01EBS001H0745F0745CF745|2025-10-16|1||1||3||1||2|1|11|5|2|2|20||2|13|0||1||1||1||1||1|4|3|2|1|1|1|2|2|2|2|2|2||2|2|1|1||6||1|2|2|1|1|1|2|2|1|52UZPE01152001T48MT01EBS001H074552UZPE01152001T48MT01EBS001H0745F0745
2|660|1|52|UZPE011|52001|T48|MT01|FRAY EZEQUIEL MORENO|CARRERA23MACASA2|-77.26592|1.22039||52UZPE01152001T48MT01EBS001H0746|52UZPE01152001T48MT01EBS001H0746F0746|1|2|2|1|52UZPE01152001T48MT01EBS001|900091143|CC|1081592742|AUXILIARDEENFERMERIA|52UZPE01152001T48MT01EBS001H0746F0746CF746|2025-10-15|1||1||3||1||3|1|4|5|2|2|5||2|13|0||1||1||1||1||7|1|3|1|1|1|1|2|2|2|2|2|2||2|2|2|1||6||2|2|2|1|1|1|2|2|1|52UZPE01152001T48MT01EBS001H074652UZPE01152001T48MT01EBS001H0746F0746
2|661|1|52|UZPE011|52001|T48|MT01|FRAY EZEQUIEL MORENO|KILOMETRO4VIASURCASA11|-77.276354|1.183484||52UZPE01152001T48MT01EBS001H0747|52UZPE01152001T48MT01EBS001H0747F0747|2|1|1|3|52UZPE01152001T48MT01EBS001|900091143|CC|27088797|AUXILIARDEENFERMERIA|52UZPE01152001T48MT01EBS001H0747F0747CF747|2025-10-16|1||1||3||1||2|2|11|5|2|2|20||1|13|0||1||1||1||1||1|3|3|1|1|1|1|2|2|2|2|2|2||2|2|1|2||6||1|2|2|1|2|1|2|2|1|52UZPE01152001T48MT01EBS001H074752UZPE01152001T48MT01EBS001H0747F0747
2|662|1|52|UZPE011|52001|T48|MT01|FRAY EZEQUIEL MORENO|CALLE11B5A61|-77.276833|1.18266||52UZPE01152001T48MT01EBS001H0748|52UZPE01152001T48MT01EBS001H0748F0748|2|1|1|2|52UZPE01152001T48MT01EBS001|900091143|CC|27088797|AUXILIARDEENFERMERIA|52UZPE01152001T48MT01EBS001H0748F0748CF748|2025-10-16|1||1||3||1||1|1|11|5|2|2|20||2|13|0||1||1||1||1||1|2|3|2|1|1|3|2|2|2|2|2|2||2|2|1|1||6||1|2|2|1|1|1|2|2|1|52UZPE01152001T48MT01EBS001H074852UZPE01152001T48MT01EBS001H0748F0748
2|663|1|52|UZPE011|52001|T48|MT01|FRAY EZEQUIEL MORENO|CR23DMZNFCS4|-77.266849|1.219825||52UZPE01152001T48MT01EBS001H0749|52UZPE01152001T48MT01EBS001H0749F0749|1|1|1|3|52UZPE01152001T48MT01EBS001|900091143|CC|1004236159|AUXILIARDEENFERMERIA|52UZPE01152001T48MT01EBS001H0749F0749CF749|2025-10-16|1||1||3||1||3|2|11|5|3|2|8||2|13|2||1||1||1||1||1|3|2|3|1|1|2|2|2|2|2|2|2||2|2|2|1||6||2|2|2|1|1|1|2|2|1|52UZPE01152001T48MT01EBS001H074952UZPE01152001T48MT01EBS001H0749F0749
2|664|1|52|UZPE011|52001|T48|MT01|FRAY EZEQUIEL MORENO|KILOMETRO4SALIDAELSURESTE|-77.277325|1.183765||52UZPE01152001T48MT01EBS001H0750|52UZPE01152001T48MT01EBS001H0750F0750|2|1|1|1|52UZPE01152001T48MT01EBS001|900091143|CC|27088797|AUXILIARDEENFERMERIA|52UZPE01152001T48MT01EBS001H0750F0750CF750|2025-10-16|1||1||3||1||1|2|11|5|2|2|20||2|13|0||1||1||1||1||7|1|3|2|1|1|1|2|2|2|2|2|2||2|2|1|1||6||1|2|2|1|1|1|2|2|1|52UZPE01152001T48MT01EBS001H075052UZPE01152001T48MT01EBS001H0750F0750
2|665|1|52|UZPE011|52001|T48|MT01|FRAY EZEQUIEL MORENO|KILOMETRO4SUR|-77.276322|1.183756||52UZPE01152001T48MT01EBS001H0751|52UZPE01152001T48MT01EBS001H0751F0751|2|1|1|3|52UZPE01152001T48MT01EBS001|900091143|CC|27088797|AUXILIARDEENFERMERIA|52UZPE01152001T48MT01EBS001H0751F0751CF751|2025-10-16|1||1||3||1||2|2|11|5|2|2|20||1|13|0||1||1||1||1||4|3|3|2|1|1|1|2|2|2|2|2|2||2|2|2|1||6||2|2|2|1|1|1|2|2|1|52UZPE01152001T48MT01EBS001H075152UZPE01152001T48MT01EBS001H0751F0751
2|666|1|52|UZPE011|52001|T48|MT01|FRAY EZEQUIEL MORENO|KILOMETRO4|-77.277215|1.182499||52UZPE01152001T48MT01EBS001H0752|52UZPE01152001T48MT01EBS001H0752F0752|2|1|1|3|52UZPE01152001T48MT01EBS001|900091143|CC|27088797|AUXILIARDEENFERMERIA|52UZPE01152001T48MT01EBS001H0752F0752CF752|2025-10-16|1||1||3||1||2|2|11|5|2|2|20||2|13|0||1||1||1||1||1|3|3|1|1|1|1|2|2|2|2|2|2||2|2|1|1||6||1|2|2|1|1|1|2|2|1|52UZPE01152001T48MT01EBS001H075252UZPE01152001T48MT01EBS001H0752F0752
2|667|1|52|UZPE011|52001|T48|MT01|FRAY EZEQUIEL MORENO|KILOMETRO4SURCASA2|-77.277215|1.182499||52UZPE01152001T48MT01EBS001H0753|52UZPE01152001T48MT01EBS001H0753F0753|2|1|1|2|52UZPE01152001T48MT01EBS001|900091143|CC|27088797|AUXILIARDEENFERMERIA|52UZPE01152001T48MT01EBS001H0753F0753CF753|2025-10-16|1||1||3||1||2|1|11|5|2|2|20||2|13|0||1||1||1||1||1|2|3|2|1|1|1|2|2|2|2|2|2||2|2|1|1||6||1|2|2|1|1|1|2|2|1|52UZPE01152001T48MT01EBS001H075352UZPE01152001T48MT01EBS001H0753F0753
2|668|1|52|UZPE011|52001|T48|MT01|FRAY EZEQUIEL MORENO|CALLE122E125FRANEZEQUIEL|-77.277242|1.183121||52UZPE01152001T48MT01EBS001H0754|52UZPE01152001T48MT01EBS001H0754F0754|1|1|1|2|52UZPE01152001T48MT01EBS001|900091143|CC|1081272656|AUXILIARDEENFERMERIA|52UZPE01152001T48MT01EBS001H0754F0754CF754|2025-10-14|1||1||3||1||1|2|11|5|2|2|20||2|13|0||1||1||1||1||1|1|3|1|1|1|1|2|2|2|2|2|2||2|2|1|2||6||1|2|2|1|2|1|2|2|1|52UZPE01152001T48MT01EBS001H075452UZPE01152001T48MT01EBS001H0754F0754
2|669|1|52|UZPE011|52001|T48|MT01|FRAY EZEQUIEL MORENO|CALLE1212CASA125|-77.276767|1.183121||52UZPE01152001T48MT01EBS001H0755|52UZPE01152001T48MT01EBS001H0755F0755|1|1|1|5|52UZPE01152001T48MT01EBS001|900091143|CC|1081272656|AUXILIARDEENFERMERIA|52UZPE01152001T48MT01EBS001H0755F0755CF755|2025-10-14|1||1||3||1||4|2|11|5|2|2|20||2|13|0||1||1||1||1||1|5|3|1|1|1|1|2|2|2|2|2|2||2|2|1|2||6||1|2|2|1|1|1|2|2|1|52UZPE01152001T48MT01EBS001H075552UZPE01152001T48MT01EBS001H0755F0755
2|670|1|52|UZPE011|52001|T48|MT02|CONDOMINIO MONTERREY|CR23D28A96TORRE3APTO1207|-77.268127|1.219158||52UZPE01152001T48MT02EBS001H0756|52UZPE01152001T48MT02EBS001H0756F0756|2|1|1|3|52UZPE01152001T48MT02EBS001|900091143|CC|1004236159|AUXILIARDEENFERMERIA|52UZPE01152001T48MT02EBS001H0756F0756CF756|2025-10-07|4||1||3||1||3|2|11|5|3|2|20||2|13|0||1||1||1||1||1|3|3|1|1|1|1|2|2|2|2|2|2||2|2|2|2||6||2|2|2|1|2|1|2|2|1|52UZPE01152001T48MT02EBS001H075652UZPE01152001T48MT02EBS001H0756F0756
2|671|1|52|UZPE011|52001|T48|MT01|FRAY EZEQUIEL MORENO|CASA9F|-77.27717|1.11827||52UZPE01152001T48MT01EBS001H0757|52UZPE01152001T48MT01EBS001H0757F0757|2|1|1|3|52UZPE01152001T48MT01EBS001|900091143|CC|27088797|AUXILIARDEENFERMERIA|52UZPE01152001T48MT01EBS001H0757F0757CF757|2025-10-17|1||1||3||1||1|2|11|5|2|2|20||2|13|0||1||1||1||1||1|3|3|1|1|1|1|2|2|2|2|2|2||2|2|1|1||6||1|2|2|1|1|1|2|2|1|52UZPE01152001T48MT01EBS001H075752UZPE01152001T48MT01EBS001H0757F0757
2|672|1|52|UZPE011|52001|T48|MT01|FRAY EZEQUIEL MORENO|CALLE11A5AESTE42|-77.27722|1.182798||52UZPE01152001T48MT01EBS001H0758|52UZPE01152001T48MT01EBS001H0758F0758|2|2|2|2|52UZPE01152001T48MT01EBS001|900091143|CC|27088797|AUXILIARDEENFERMERIA|52UZPE01152001T48MT01EBS001H0758F0758CF758|2025-10-17|1||1||3||1||1|2|11|5|2|2|20||2|13|0||1||1||1||1||1|2|3|1|1|1|1|2|2|2|2|2|2||2|2|1|1||6||1|2|2|1|1|1|2|2|1|52UZPE01152001T48MT01EBS001H075852UZPE01152001T48MT01EBS001H0758F0758
2|673|1|52|UZPE011|52001|T48|MT01|FRAY EZEQUIEL MORENO|CALLE11A5AESTEPIEZA2|-77.277221|1.182798||52UZPE01152001T48MT01EBS001H0759|52UZPE01152001T48MT01EBS001H0759F0759|2|2|2|2|52UZPE01152001T48MT01EBS001|900091143|CC|27088797|AUXILIARDEENFERMERIA|52UZPE01152001T48MT01EBS001H0759F0759CF759|2025-10-17|5||1||3||1||1|2|11|5|2|2|20||2|13|0||1||1||1||1||1|2|3|1|1|1|1|2|2|2|2|2|2||2|2|1|1||6||1|2|2|1|1|1|2|2|1|52UZPE01152001T48MT01EBS001H075952UZPE01152001T48MT01EBS001H0759F0759
2|674|1|52|UZPE011|52001|T48|MT01|FRAY EZEQUIEL MORENO|CRA5E11AFRAYEZEQUIEL|-77.276576|1.118365||52UZPE01152001T48MT01EBS001H0760|52UZPE01152001T48MT01EBS001H0760F0760|1|1|1|2|52UZPE01152001T48MT01EBS001|900091143|CC|1081272656|AUXILIARDEENFERMERIA|52UZPE01152001T48MT01EBS001H0760F0760CF760|2025-10-14|1||1||3||1||2|2|11|5|2|2|20||1|13|0||1||1||1||1||1|2|3|1|1|1|1|2|2|2|2|2|2||2|2|2|2||6||2|2|2|1|1|1|2|2|1|52UZPE01152001T48MT01EBS001H076052UZPE01152001T48MT01EBS001H0760F0760
2|675|1|52|UZPE011|52001|T48|MT01|FRAY EZEQUIEL MORENO|11AFRAYEZEQUIEL|-77.276486|1.118364||52UZPE01152001T48MT01EBS001H0761|52UZPE01152001T48MT01EBS001H0761F0761|2|1|1|1|52UZPE01152001T48MT01EBS001|900091143|CC|1081272656|AUXILIARDEENFERMERIA|52UZPE01152001T48MT01EBS001H0761F0761CF761|2025-10-14|1||1||3||1||1|2|11|5|2|2|20||2|13|0||1||1||1||1||7|1|3|1|1|1|1|2|2|2|2|2|2||2|2|1|2||6||1|2|2|1|1|1|2|2|1|52UZPE01152001T48MT01EBS001H076152UZPE01152001T48MT01EBS001H0761F0761
2|676|1|52|UZPE011|52001|T48|MT01|FRAY EZEQUIEL MORENO|CALLE11B3AE27FRAYEZEQUIEL|-77.276844|1.118293||52UZPE01152001T48MT01EBS001H0762|52UZPE01152001T48MT01EBS001H0762F0762|1|1|1|2|52UZPE01152001T48MT01EBS001|900091143|CC|1081272656|AUXILIARDEENFERMERIA|52UZPE01152001T48MT01EBS001H0762F0762CF762|2025-10-15|1||1||3||1||1|2|11|3|2|2|20||2|13|0||1||1||1||1||7|2|3|3|1|1|1|2|2|2|2|2|2||2|2|1|2||6||1|2|2|1|1|1|2|2|1|52UZPE01152001T48MT01EBS001H076252UZPE01152001T48MT01EBS001H0762F0762
2|677|1|52|UZPE011|52001|T48|MT01|FRAY EZEQUIEL MORENO|CALLE11A5AE62FRAYEZEQUIEL|-77.277014|1.118257||52UZPE01152001T48MT01EBS001H0763|52UZPE01152001T48MT01EBS001H0763F0763|1|1|1|2|52UZPE01152001T48MT01EBS001|900091143|CC|1081272656|AUXILIARDEENFERMERIA|52UZPE01152001T48MT01EBS001H0763F0763CF763|2025-10-15|1||1||3||1||1|2|11|3|2|2|20||2|13|0||1||1||1||1||1|2|3|3|1|1|1|2|2|2|2|2|2||2|2|1|2||6||1|2|2|1|1|1|2|2|1|52UZPE01152001T48MT01EBS001H076352UZPE01152001T48MT01EBS001H0763F0763
2|678|1|52|UZPE011|52001|T48|MT01|FRAY EZEQUIEL MORENO|CALLE11A5AE62FRAYEZEQUIEL|-77.277033|1.118258||52UZPE01152001T48MT01EBS001H0764|52UZPE01152001T48MT01EBS001H0764F0764|1|1|1|2|52UZPE01152001T48MT01EBS001|900091143|CC|1081272656|AUXILIARDEENFERMERIA|52UZPE01152001T48MT01EBS001H0764F0764CF764|2025-10-16|1||1||3||1||2|2|11|5|2|2|20||2|13|0||1||1||1||1||1|2|3|3|1|1|1|2|2|2|2|2|2||2|2|1|2||6||1|2|2|1|1|1|2|2|1|52UZPE01152001T48MT01EBS001H076452UZPE01152001T48MT01EBS001H0764F0764
2|679|1|52|UZPE011|52001|T48|MT01|FRAY EZEQUIEL MORENO|CALLE11A5AE56FRAYEZEQUIEL|-77.276966|1.118262||52UZPE01152001T48MT01EBS001H0765|52UZPE01152001T48MT01EBS001H0765F0765|1|1|1|1|52UZPE01152001T48MT01EBS001|900091143|CC|1081272656|AUXILIARDEENFERMERIA|52UZPE01152001T48MT01EBS001H0765F0765CF765|2025-10-16|1||1||3||1||1|2|11|5|2|2|20||2|13|0||1||1||1||1||1|1|3|3|1|1|1|2|2|2|2|2|2||2|2|1|2||6||1|2|2|1|1|1|2|2|1|52UZPE01152001T48MT01EBS001H076552UZPE01152001T48MT01EBS001H0765F0765
2|680|1|52|UZPE011|52001|T48|MT01|FRAY EZEQUIEL MORENO|MANZANAACASA4APARTAMENTO3FRAYEZEQUIEL|-77.266952|1.219927||52UZPE01152001T48MT01EBS001H0766|52UZPE01152001T48MT01EBS001H0766F0766|1|1|1|3|52UZPE01152001T48MT01EBS001|900091143|CC|1085260497|PSICOLOGO|52UZPE01152001T48MT01EBS001H0766F0766CF766|2025-10-14|4||1||3||1||2|2|8|5|3|2|20||2|13|0||1||1||6||1||1|3|3|1|1|1|1|2|2|2|2|2|2||2|2|1|2||6||1|2|2|1|2|1|2|2|1|52UZPE01152001T48MT01EBS001H076652UZPE01152001T48MT01EBS001H0766F0766
2|681|1|52|UZPE011|52001|T48|MT01|FRAY EZEQUIEL MORENO|CRA5AE11A76FRAYEZEQUIEL|-77.276744|1.11836||52UZPE01152001T48MT01EBS001H0767|52UZPE01152001T48MT01EBS001H0767F0767|1|1|1|1|52UZPE01152001T48MT01EBS001|900091143|CC|1081272656|AUXILIARDEENFERMERIA|52UZPE01152001T48MT01EBS001H0767F0767CF767|2025-10-16|1||1||3||1||1|2|11|5|2|2|20||2|13|0||1||1||1||1||7|1|3|3|1|1|1|2|2|2|2|2|2||2|2|1|2||6||1|2|2|1|1|1|2|2|1|52UZPE01152001T48MT01EBS001H076752UZPE01152001T48MT01EBS001H0767F0767
2|682|1|52|UZPE011|52001|T48|MT01|FRAY EZEQUIEL MORENO|CRA5E11AFRAYEZEQUIEL|-77.276487|1.118367||52UZPE01152001T48MT01EBS001H0768|52UZPE01152001T48MT01EBS001H0768F0768|1|1|1|1|52UZPE01152001T48MT01EBS001|900091143|CC|1081272656|AUXILIARDEENFERMERIA|52UZPE01152001T48MT01EBS001H0768F0768CF768|2025-10-14|1||1||3||1||1|2|11|5|2|2|20||2|13|0||1||1||1||1||7|1|3|1|1|1|1|2|2|2|2|2|2||2|2|1|2||6||1|2|2|1|1|1|2|2|1|52UZPE01152001T48MT01EBS001H076852UZPE01152001T48MT01EBS001H0768F0768
2|683|1|52|UZPE011|52001|T48|MT01|FRAY EZEQUIEL MORENO|CASA9FRAYEZEQUIEL|-77.27717|1.11827||52UZPE01152001T48MT01EBS001H0769|52UZPE01152001T48MT01EBS001H0769F0769|1|1|1|1|52UZPE01152001T48MT01EBS001|900091143|CC|1081272656|AUXILIARDEENFERMERIA|52UZPE01152001T48MT01EBS001H0769F0769CF769|2025-10-17|1||1||3||1||1|2|11|2|2|2|20||2|13|0||1||1||1||1||7|1|3|3|1|1|1|2|2|2|2|2|2||2|2|1|2||6||1|2|2|1|1|1|2|2|1|52UZPE01152001T48MT01EBS001H076952UZPE01152001T48MT01EBS001H0769F0769
2|684|1|52|UZPE011|52001|T48|MT01|FRAY EZEQUIEL MORENO|CALLE11A5AEESTE42|-77.277166|1.11828||52UZPE01152001T48MT01EBS001H0770|52UZPE01152001T48MT01EBS001H0770F0770|1|1|1|2|52UZPE01152001T48MT01EBS001|900091143|CC|1081272656|AUXILIARDEENFERMERIA|52UZPE01152001T48MT01EBS001H0770F0770CF770|2025-10-17|1||1||3||1||1|2|11|2|2|2|20||2|13|0||1||1||1||1||1|1|3|1|1|1|1|2|2|2|2|2|2||2|2|1|2||6||1|2|2|1|2|1|2|2|1|52UZPE01152001T48MT01EBS001H077052UZPE01152001T48MT01EBS001H0770F0770
2|685|1|52|UZPE011|52001|T48|MT01|FRAY EZEQUIEL MORENO|CALLE11A5AE38|-77.277199|1.118275||52UZPE01152001T48MT01EBS001H0771|52UZPE01152001T48MT01EBS001H0771F0771|1|1|1|3|52UZPE01152001T48MT01EBS001|900091143|CC|1081272656|AUXILIARDEENFERMERIA|52UZPE01152001T48MT01EBS001H0771F0771CF771|2025-10-17|1||1||3||1||2|2|11|3|2|2|20||2|13|0||1||1||1||1||1|1|3|3|1|1|1|2|2|2|2|2|2||2|2|1|2||6||1|2|2|1|1|1|2|2|1|52UZPE01152001T48MT01EBS001H077152UZPE01152001T48MT01EBS001H0771F0771
2|686|1|52|UZPE011|52001|T48|MT01|FRAY EZEQUIEL MORENO|CRA3ESTE1589|-77.277684|1.182629||52UZPE01152001T48MT01EBS001H0772|52UZPE01152001T48MT01EBS001H0772F0772|2|1|1|3|52UZPE01152001T48MT01EBS001|900091143|CC|27088797|AUXILIARDEENFERMERIA|52UZPE01152001T48MT01EBS001H0772F0772CF772|2025-10-21|4||1||3||1||2|2|11|5|2|2|20||2|13|0||1||1||1||1||1|3|3|1|1|1|1|2|2|2|2|2|2||2|2|1|2||6||1|2|2|1|1|1|2|2|1|52UZPE01152001T48MT01EBS001H077252UZPE01152001T48MT01EBS001H0772F0772
2|687|1|52|UZPE011|52001|T48|MT01|FRAY EZEQUIEL MORENO|MZANAACASA3VILLACOLOMBIA|-77.265657|1.220841||52UZPE01152001T48MT01EBS001H0773|52UZPE01152001T48MT01EBS001H0773F0773|1|4|4|7|52UZPE01152001T48MT01EBS001|900091143|CC|1004236159|AUXILIARDEENFERMERIA|52UZPE01152001T48MT01EBS001H0773F0773CF773|2025-10-17|1||1||3||1||4|2|11|5|3|2|20||2|12|2||1||1||1||1||7|1|3|1|1|1|1|2|2|2|2|2|2||2|2|2|1||6||2|2|2|1|2|1|2|2|1|52UZPE01152001T48MT01EBS001H077352UZPE01152001T48MT01EBS001H0773F0773
2|688|1|52|UZPE011|52001|T48|MT01|FRAY EZEQUIEL MORENO|MZANAACASA3VILLACOLOMBIA|-77.265657|1.220841||52UZPE01152001T48MT01EBS001H0774|52UZPE01152001T48MT01EBS001H0774F0774|1|4|4|7|52UZPE01152001T48MT01EBS001|900091143|CC|1004236159|AUXILIARDEENFERMERIA|52UZPE01152001T48MT01EBS001H0774F0774CF774|2025-10-17|1||1||3||1||4|2|11|5|3|2|20||2|12|2||1||1||1||1||2|3|3|1|1|1|1|2|2|2|2|2|2||2|2|2|1||6||2|2|2|1|1|1|2|2|1|52UZPE01152001T48MT01EBS001H077452UZPE01152001T48MT01EBS001H0774F0774
2|689|1|52|UZPE011|52001|T48|MT01|FRAY EZEQUIEL MORENO|MZANAACASA3VILLACOLOMBIA|-77.265657|1.220841||52UZPE01152001T48MT01EBS001H0775|52UZPE01152001T48MT01EBS001H0775F0775|1|4|4|7|52UZPE01152001T48MT01EBS001|900091143|CC|1004236159|AUXILIARDEENFERMERIA|52UZPE01152001T48MT01EBS001H0775F0775CF775|2025-10-17|1||1||3||1||4|2|11|5|3|2|20||2|12|2||1||1||1||1||2|2|3|1|1|1|1|2|2|2|2|2|2||2|2|2|1||6||2|2|2|1|1|1|2|2|1|52UZPE01152001T48MT01EBS001H077552UZPE01152001T48MT01EBS001H0775F0775
2|690|1|52|UZPE011|52001|T48|MT01|FRAY EZEQUIEL MORENO|MZANAACASA3VILLACOLOMBIA|-77.265657|1.220841||52UZPE01152001T48MT01EBS001H0776|52UZPE01152001T48MT01EBS001H0776F0776|1|4|4|7|52UZPE01152001T48MT01EBS001|900091143|CC|1004236159|AUXILIARDEENFERMERIA|52UZPE01152001T48MT01EBS001H0776F0776CF776|2025-10-17|1||1||3||1||4|2|11|5|3|2|20||2|12|2||1||1||1||1||1|2|3|1|1|1|1|2|2|2|2|2|2||2|2|2|1||6||2|2|2|1|1|1|2|2|1|52UZPE01152001T48MT01EBS001H077652UZPE01152001T48MT01EBS001H0776F0776
2|691|1|52|UZPE011|52001|T48|MT01|FRAY EZEQUIEL MORENO|CARRERA3ESTE1589|-77.277684|1.182731||52UZPE01152001T48MT01EBS001H0777|52UZPE01152001T48MT01EBS001H0777F0777|2|1|1|3|52UZPE01152001T48MT01EBS001|900091143|CC|27088797|AUXILIARDEENFERMERIA|52UZPE01152001T48MT01EBS001H0777F0777CF777|2025-10-21|1||1||3||1||3|2|11|5|2|2|20||1|13|0||1||1||1||1||1|3|3|2|1|1|1|2|2|2|2|2|2||2|2|1|1||6||1|2|2|1|2|1|2|2|1|52UZPE01152001T48MT01EBS001H077752UZPE01152001T48MT01EBS001H0777F0777
2|692|1|52|UZPE011|52001|T48|MT01|FRAY EZEQUIEL MORENO|CASA19FRAYEXEQUIEL|-77.277908|1.182404||52UZPE01152001T48MT01EBS001H0778|52UZPE01152001T48MT01EBS001H0778F0778|2|2|2|2|52UZPE01152001T48MT01EBS001|900091143|CC|37085864|ENFERMERA|52UZPE01152001T48MT01EBS001H0778F0778CF778|2025-10-22|1||1||3||1||2|1|11|5|2|2|7||1|13|0||1||1||1||1||1|2|3|2|1|1|1|2|2|2|2|2|2||2|2|1|2||6||1|2|2|1|1|1|2|2|1|52UZPE01152001T48MT01EBS001H077852UZPE01152001T48MT01EBS001H0778F0778
2|693|1|52|UZPE011|52001|T48|MT01|FRAY EZEQUIEL MORENO|CASA19APTO1|-77.277908|1.118404||52UZPE01152001T48MT01EBS001H0779|52UZPE01152001T48MT01EBS001H0779F0779|2|2|2|4|52UZPE01152001T48MT01EBS001|900091143|CC|27088797|AUXILIARDEENFERMERIA|52UZPE01152001T48MT01EBS001H0779F0779CF779|2025-10-22|4||1||3||1||2|2|11|5|2|2|20||1|13|0||1||1||1||1||1|4|3|1|1|1|1|2|2|2|2|2|2||2|2|1|2||6||1|2|2|1|1|1|2|2|1|52UZPE01152001T48MT01EBS001H077952UZPE01152001T48MT01EBS001H0779F0779
2|694|1|52|UZPE011|52001|T48|MT01|FRAY EZEQUIEL MORENO|CALLE11A5AE39|-77.277177|1.118286||52UZPE01152001T48MT01EBS001H0780|52UZPE01152001T48MT01EBS001H0780F0780|1|1|1|1|52UZPE01152001T48MT01EBS001|900091143|CC|1081272656|AUXILIARDEENFERMERIA|52UZPE01152001T48MT01EBS001H0780F0780CF780|2025-10-21|1||1||3||1||1|2|11|3|2|2|20||2|13|0||1||1||1||1||7|1|3|3|1|1|1|2|2|2|2|2|2||2|2|1|2||6||1|2|2|1|1|1|2|2|1|52UZPE01152001T48MT01EBS001H078052UZPE01152001T48MT01EBS001H0780F0780
2|695|1|52|UZPE011|52001|T48|MT01|FRAY EZEQUIEL MORENO|K3ECALLE1576ADIV1|-77.277664|1.182402||52UZPE01152001T48MT01EBS001H0781|52UZPE01152001T48MT01EBS001H0781F0781|2|1|1|3|52UZPE01152001T48MT01EBS001|900091143|CC|37085864|ENFERMERA|52UZPE01152001T48MT01EBS001H0781F0781CF781|2025-10-21|1||1||3||1||3|2|11|5|2|2|20||2|13|0||1||1||1||1||1|2|3|2|1|1|1|2|2|2|2|2|2||2|2|1|2||6||1|2|2|1|1|1|2|2|1|52UZPE01152001T48MT01EBS001H078152UZPE01152001T48MT01EBS001H0781F0781
2|696|1|52|UZPE011|52001|T48|MT01|FRAY EZEQUIEL MORENO|KILOMETRO4VIAELSUR|-77.27794|1.182493||52UZPE01152001T48MT01EBS001H0782|52UZPE01152001T48MT01EBS001H0782F0782|2|1|1|3|52UZPE01152001T48MT01EBS001|900091143|CC|27088797|AUXILIARDEENFERMERIA|52UZPE01152001T48MT01EBS001H0782F0782CF782|2025-10-22|4||1||3||1||2|2|11|5|2|2|20||2|13|0||1||1||1||1||1|3|3|2|1|1|1|2|2|2|2|2|2||2|2|1|1||6||1|2|2|1|2|1|2|2|1|52UZPE01152001T48MT01EBS001H078252UZPE01152001T48MT01EBS001H0782F0782
2|697|1|52|UZPE011|52001|T48|MT01|FRAY EZEQUIEL MORENO|CALLE9B9E32PISO|-77.27897|1.182577||52UZPE01152001T48MT01EBS001H0783|52UZPE01152001T48MT01EBS001H0783F0783|2|2|2|4|52UZPE01152001T48MT01EBS001|900091143|CC|27088797|AUXILIARDEENFERMERIA|52UZPE01152001T48MT01EBS001H0783F0783CF783|2025-10-22|4||1||3||1||2|1|11|5|2|2|20||2|13|0||1||1||1||1||1|4|3|2|1|1|1|2|2|2|2|2|2||2|2|1|2||6||1|2|2|1|1|1|2|2|1|52UZPE01152001T48MT01EBS001H078352UZPE01152001T48MT01EBS001H0783F0783
2|698|1|52|UZPE011|52001|T48|MT01|FRAY EZEQUIEL MORENO|CARRERA3E11587|-77.277633|1.118233||52UZPE01152001T48MT01EBS001H0784|52UZPE01152001T48MT01EBS001H0784F0784|1|1|1|3|52UZPE01152001T48MT01EBS001|900091143|CC|1081272656|AUXILIARDEENFERMERIA|52UZPE01152001T48MT01EBS001H0784F0784CF784|2025-10-21|1||1||3||1||2|2|11|5|2|2|20||2|13|0||1||1||1||1||1|3|3|3|1|1|1|2|2|2|2|2|2||2|2|1|2||6||1|2|2|1|1|1|2|2|1|52UZPE01152001T48MT01EBS001H078452UZPE01152001T48MT01EBS001H0784F0784
2|699|1|52|UZPE011|52001|T48|MT01|FRAY EZEQUIEL MORENO|CARRERA3E1589|-77.277622|1.118233||52UZPE01152001T48MT01EBS001H0785|52UZPE01152001T48MT01EBS001H0785F0785|1|1|1|2|52UZPE01152001T48MT01EBS001|900091143|CC|1081272656|AUXILIARDEENFERMERIA|52UZPE01152001T48MT01EBS001H0785F0785CF785|2025-10-21|1||1||3||1||2|2|11|5|2|2|20||2|13|0||1||1||1||1||1|2|3|3|1|1|1|2|2|2|2|2|2||2|2|1|2||6||1|2|2|1|2|1|2|2|1|52UZPE01152001T48MT01EBS001H078552UZPE01152001T48MT01EBS001H0785F0785
2|700|1|52|UZPE011|52001|T48|MT01|FRAY EZEQUIEL MORENO|CRA3E1588|-77.277627|1.118238||52UZPE01152001T48MT01EBS001H0786|52UZPE01152001T48MT01EBS001H0786F0786|1|1|1|1|52UZPE01152001T48MT01EBS001|900091143|CC|1081272656|AUXILIARDEENFERMERIA|52UZPE01152001T48MT01EBS001H0786F0786CF786|2025-10-21|1||1||3||1||1|2|11|3|2|2|20||2|13|0||1||1||1||1||7|1|3|3|1|1|1|2|2|2|2|2|2||2|2|1|2||6||1|2|2|1|1|1|2|2|1|52UZPE01152001T48MT01EBS001H078652UZPE01152001T48MT01EBS001H0786F0786
2|701|1|52|UZPE011|52001|T48|MT01|FRAY EZEQUIEL MORENO|CARRERA3E1586|-77.277699|1.11823||52UZPE01152001T48MT01EBS001H0787|52UZPE01152001T48MT01EBS001H0787F0787|1|1|1|1|52UZPE01152001T48MT01EBS001|900091143|CC|1081272656|AUXILIARDEENFERMERIA|52UZPE01152001T48MT01EBS001H0787F0787CF787|2025-10-21|1||1||3||1||1|2|11|3|2|2|20||2|13|0||1||1||1||1||7|1|3|3|1|1|1|2|2|2|2|2|2||2|2|1|2||6||1|2|2|1|1|1|2|2|1|52UZPE01152001T48MT01EBS001H078752UZPE01152001T48MT01EBS001H0787F0787
2|702|1|52|UZPE011|52001|T48|MT01|FRAY EZEQUIEL MORENO|CLL9B9E3PISO3|-77.29897|1.118577||52UZPE01152001T48MT01EBS001H0788|52UZPE01152001T48MT01EBS001H0788F0788|2|2|2|2|52UZPE01152001T48MT01EBS001|900091143|CC|27088797|AUXILIARDEENFERMERIA|52UZPE01152001T48MT01EBS001H0788F0788CF788|2025-10-21|4||1||3||1||1|2|11|5|2|2|20||2|13|0||1||1||1||1||1|2|2|3|1|1|3|2|2|2|2|2|2||2|2|1|1||6||1|2|2|1|1|1|2|2|1|52UZPE01152001T48MT01EBS001H078852UZPE01152001T48MT01EBS001H0788F0788
2|703|1|52|UZPE011|52001|T48|MT01|FRAY EZEQUIEL MORENO|KILOMETRO4VIASUR|-77.278019|1.182635||52UZPE01152001T48MT01EBS001H0789|52UZPE01152001T48MT01EBS001H0789F0789|2|1|1|3|52UZPE01152001T48MT01EBS001|900091143|CC|27088797|AUXILIARDEENFERMERIA|52UZPE01152001T48MT01EBS001H0789F0789CF789|2025-10-22|1||1||3||1||2|2|11|5|2|2|19||2|13|0||1||1||1||1||1|3|3|1|1|1|3|2|2|2|2|2|2||2|2|1|1||6||1|2|2|1|1|1|2|2|1|52UZPE01152001T48MT01EBS001H078952UZPE01152001T48MT01EBS001H0789F0789
2|704|1|52|UZPE011|52001|T48|MT01|FRAY EZEQUIEL MORENO|MANZNAACASA4|-77.261916|1.220027||52UZPE01152001T48MT01EBS001H0790|52UZPE01152001T48MT01EBS001H0790F0790|1|1|1|2|52UZPE01152001T48MT01EBS001|900091143|CC|1004236159|AUXILIARDEENFERMERIA|52UZPE01152001T48MT01EBS001H0790F0790CF790|2025-10-14|1||1||3||1||2|2|11|5|3|2|20||2|13|0||1||1||1||1||2|2|3|4|1|1|1|2|2|2|2|2|2||2|2|2|1||6||2|2|2|1|2|1|2|2|1|52UZPE01152001T48MT01EBS001H079052UZPE01152001T48MT01EBS001H0790F0790
2|705|1|52|UZPE011|52001|T48|MT01|FRAY EZEQUIEL MORENO|MANZAAACASA21|-77.26592|1.22039||52UZPE01152001T48MT01EBS001H0791|52UZPE01152001T48MT01EBS001H0791F0791|1|1|1|4|52UZPE01152001T48MT01EBS001|900091143|CC|1004236159|AUXILIARDEENFERMERIA|52UZPE01152001T48MT01EBS001H0791F0791CF791|2025-10-16|1||1||3||1||3|2|11|5|3|2|20||2|13|0||1||1||1||1||2|4|3|1|1|1|1|2|2|2|2|2|2||2|2|2|1||6||2|2|2|1|2|1|2|2|1|52UZPE01152001T48MT01EBS001H079152UZPE01152001T48MT01EBS001H0791F0791
2|706|1|52|UZPE011|52001|T48|MT01|FRAY EZEQUIEL MORENO|MZACASA27KILOMETROSUR|-77.277731|1.182586||52UZPE01152001T48MT01EBS001H0792|52UZPE01152001T48MT01EBS001H0792F0792|2|1|1|4|52UZPE01152001T48MT01EBS001|900091143|CC|27088797|AUXILIARDEENFERMERIA|52UZPE01152001T48MT01EBS001H0792F0792CF792|2025-10-21|4||1||3||1||2|1|11|5|2|2|20||2|13|0||1||1||1||1||1|4|3|1|1|1|1|2|2|2|2|2|2||2|2|1|1||6||1|2|2|1|1|1|2|2|1|52UZPE01152001T48MT01EBS001H079252UZPE01152001T48MT01EBS001H0792F0792
2|707|1|52|UZPE011|52001|T48|MT01|FRAY EZEQUIEL MORENO|KRA3ECALLE1590|-77.277719|1.182509||52UZPE01152001T48MT01EBS001H0793|52UZPE01152001T48MT01EBS001H0793F0793|2|1|1|2|52UZPE01152001T48MT01EBS001|900091143|CC|27088797|AUXILIARDEENFERMERIA|52UZPE01152001T48MT01EBS001H0793F0793CF793|2025-10-21|1||1||3||1||2|1|11|5|2|2|20||2|13|0||1||1||1||1||1|2|3|2|1|1|3|2|2|2|2|2|2||2|2|1|1||6||1|2|2|1|1|1|2|2|1|52UZPE01152001T48MT01EBS001H079352UZPE01152001T48MT01EBS001H0793F0793
2|708|1|52|UZPE011|52001|T48|MT01|FRAY EZEQUIEL MORENO|MZACASA4EKILOMETROSUR|-77.277723|1.182554||52UZPE01152001T48MT01EBS001H0794|52UZPE01152001T48MT01EBS001H0794F0794|2|1|1|4|52UZPE01152001T48MT01EBS001|900091143|CC|27088797|AUXILIARDEENFERMERIA|52UZPE01152001T48MT01EBS001H0794F0794CF794|2025-10-21|1||1||3||1||3|2|11|5|2|2|20||2|13|0||1||1||1||1||1|4|3|1|1|1|1|2|2|2|2|2|2||2|2|1|2||6||1|2|2|1|2|1|2|2|1|52UZPE01152001T48MT01EBS001H079452UZPE01152001T48MT01EBS001H0794F0794
2|709|1|52|UZPE011|52001|T48|MT02|CONDOMINIO MONTERREY|CRA23DNO28A96|-77.268178|1.219187||52UZPE01152001T48MT02EBS001H0795|52UZPE01152001T48MT02EBS001H0795F0795|2|1|1|2|52UZPE01152001T48MT02EBS001|900091143|CC|59310291|ENFERMERA|52UZPE01152001T48MT02EBS001H0795F0795CF795|2025-10-04|4||1||3||1||2|2|11|5|3|2|20||2|13|0||1||1||1||1||1|2|3|1|1|1|1|2|2|2|2|2|2||2|2|2|1||6||2|2|2|1|1|1|2|2|1|52UZPE01152001T48MT02EBS001H079552UZPE01152001T48MT02EBS001H0795F0795
2|710|1|52|UZPE011|52001|T48|MT01|FRAY EZEQUIEL MORENO|MZACASA2710|-77.2776|1.182311||52UZPE01152001T48MT01EBS001H0796|52UZPE01152001T48MT01EBS001H0796F0796|2|1|1|3|52UZPE01152001T48MT01EBS001|900091143|CC|27088797|AUXILIARDEENFERMERIA|52UZPE01152001T48MT01EBS001H0796F0796CF796|2025-10-21|1||1||3||1||3|1|11|5|2|2|20||2|13|0||1||1||1||1||1|3|3|2|1|1|1|2|2|2|2|2|2||2|2|1|1||6||1|2|2|1|1|1|2|2|1|52UZPE01152001T48MT01EBS001H079652UZPE01152001T48MT01EBS001H0796F0796
2|711|1|52|UZPE011|52001|T48|MT01|FRAY EZEQUIEL MORENO|CRA243490|-77.267127|1.220261||52UZPE01152001T48MT01EBS001H0798|52UZPE01152001T48MT01EBS001H0798F0798|1|2|2|2|52UZPE01152001T48MT01EBS001|900091143|CC|1081592742|AUXILIARDEENFERMERIA|52UZPE01152001T48MT01EBS001H0798F0798CF798|2025-10-21|1||1||3||1||1|2|11|5|3|2|20||2|13|0||1||1||1||1||2|2|3|1|1|1|1|2|2|2|2|2|2||2|2|2|2||6||2|2|2|1|1|1|2|2|1|52UZPE01152001T48MT01EBS001H079852UZPE01152001T48MT01EBS001H0798F0798
2|712|1|52|UZPE011|52001|T48|MT01|FRAY EZEQUIEL MORENO|CRA243070|-77.266852|1.220572||52UZPE01152001T48MT01EBS001H0800|52UZPE01152001T48MT01EBS001H0800F0800|1|3|3|1|52UZPE01152001T48MT01EBS001|900091143|CC|1081592742|AUXILIARDEENFERMERIA|52UZPE01152001T48MT01EBS001H0800F0800CF800|2025-10-24|1||1||3||1||1|2|11|5|3|2|20||2|13|0||1||1||1||1||7|1|3|3|1|1|1|2|2|2|2|2|2||2|2|2|2||6||2|2|2|1|1|1|2|2|1|52UZPE01152001T48MT01EBS001H080052UZPE01152001T48MT01EBS001H0800F0800
2|713|1|52|UZPE011|52001|T48|MT01|FRAY EZEQUIEL MORENO|CRA2430339|-77.26587|1.221165||52UZPE01152001T48MT01EBS001H0801|52UZPE01152001T48MT01EBS001H0801F0801|1|1|1|2|52UZPE01152001T48MT01EBS001|900091143|CC|1081592742|AUXILIARDEENFERMERIA|52UZPE01152001T48MT01EBS001H0801F0801CF801|2025-10-17|1||1||3||1||1|2|11|5|3|2|20||2|13|0||1||1||1||1||1|2|3|1|1|1|1|2|2|2|2|2|2||2|2|2|1||6||2|2|2|1|2|1|2|2|1|52UZPE01152001T48MT01EBS001H080152UZPE01152001T48MT01EBS001H0801F0801
2|714|1|52|UZPE011|52001|T48|MT02|CONDOMINIO MONTERREY|TORRE2APARTAMENTO903|-77.268178|1.219187||52UZPE01152001T48MT02EBS001H0802|52UZPE01152001T48MT02EBS001H0802F0802|2|1|1|2|52UZPE01152001T48MT02EBS001|900091143|CC|59310291|ENFERMERA|52UZPE01152001T48MT02EBS001H0802F0802CF802|2025-10-04|4||1||3||1||2|2|11|5|3|2|20||2|13|0||1||1||1||1||2|2|3|1|1|1|1|2|2|2|2|2|2||2|2|2|1||6||2|2|2|1|2|1|2|2|1|52UZPE01152001T48MT02EBS001H080252UZPE01152001T48MT02EBS001H0802F0802
2|715|1|52|UZPE011|52001|T48|MT01|FRAY EZEQUIEL MORENO|CRA243090|-77.267127|1.220261||52UZPE01152001T48MT01EBS001H0804|52UZPE01152001T48MT01EBS001H0804F0804|1|1|1|2|52UZPE01152001T48MT01EBS001|900091143|CC|1081592742|AUXILIARDEENFERMERIA|52UZPE01152001T48MT01EBS001H0804F0804CF804|2025-10-21|1||1||3||1||1|2|11|5|3|2|20||2|13|0||1||1||1||1||2|2|3|1|1|1|1|2|2|2|2|2|2||2|2|2|2||6||2|2|2|1|2|1|2|2|1|52UZPE01152001T48MT01EBS001H080452UZPE01152001T48MT01EBS001H0804F0804
2|716|1|52|UZPE011|52001|T48|MT01|FRAY EZEQUIEL MORENO|CALLE9BCARRERA5ESTE26|-77.279541|1.182857||52UZPE01152001T48MT01EBS001H0805|52UZPE01152001T48MT01EBS001H0805F0805|2|2|2|4|52UZPE01152001T48MT01EBS001|900091143|CC|27088797|AUXILIARDEENFERMERIA|52UZPE01152001T48MT01EBS001H0805F0805CF805|2025-10-23|1||1||3||1||2|1|11|5|2|2|20||2|13|0||1||1||1||1||1|4|3|1|1|1|1|2|2|2|2|2|2||2|2|1|2||6||1|2|2|1|1|1|2|2|1|52UZPE01152001T48MT01EBS001H080552UZPE01152001T48MT01EBS001H0805F0805
2|717|1|52|UZPE011|52001|T48|MT01|FRAY EZEQUIEL MORENO|CARRERA5ESTE26VIASUR|-77.279543|1.182888||52UZPE01152001T48MT01EBS001H0806|52UZPE01152001T48MT01EBS001H0806F0806|2|2|2|4|52UZPE01152001T48MT01EBS001|900091143|CC|27088797|AUXILIARDEENFERMERIA|52UZPE01152001T48MT01EBS001H0806F0806CF806|2025-10-23|1||1||3||1||3|2|11|5|2|2|20||2|13|0||1||1||1||1||1|4|3|1|1|1|1|2|2|2|2|2|2||2|2|1|1||6||1|2|2|1|1|1|2|2|1|52UZPE01152001T48MT01EBS001H080652UZPE01152001T48MT01EBS001H0806F0806
2|718|1|52|UZPE011|52001|T48|MT01|FRAY EZEQUIEL MORENO|CASA4BAPTO1|-77.279559|1.182563||52UZPE01152001T48MT01EBS001H0807|52UZPE01152001T48MT01EBS001H0807F0807|2|2|2|2|52UZPE01152001T48MT01EBS001|900091143|CC|27088797|AUXILIARDEENFERMERIA|52UZPE01152001T48MT01EBS001H0807F0807CF807|2025-10-23|1||1||3||1||1|2|11|5|2|2|20||2|13|0||1||1||1||1||1|2|3|2|1|1|1|2|2|2|2|2|2||2|2|1|1||6||1|2|2|1|1|1|2|2|1|52UZPE01152001T48MT01EBS001H080752UZPE01152001T48MT01EBS001H0807F0807
2|719|1|52|UZPE011|52001|T48|MT01|FRAY EZEQUIEL MORENO|CASA4APT2VIASUR|-77.279559|1.182563||52UZPE01152001T48MT01EBS001H0808|52UZPE01152001T48MT01EBS001H0808F0808|2|2|2|3|52UZPE01152001T48MT01EBS001|900091143|CC|27088797|AUXILIARDEENFERMERIA|52UZPE01152001T48MT01EBS001H0808F0808CF808|2025-10-23|5||1||3||1||2|2|11|5|2|2|20||2|13|0||1||1||1||1||1|3|2|1|1|1|1|2|2|2|2|2|2||2|2|1|2||6||1|2|2|1|1|1|2|2|1|52UZPE01152001T48MT01EBS001H080852UZPE01152001T48MT01EBS001H0808F0808
2|720|1|52|UZPE011|52001|T48|MT01|FRAY EZEQUIEL MORENO|CARRERA3E1589|-77.277688|1.118257||52UZPE01152001T48MT01EBS001H0809|52UZPE01152001T48MT01EBS001H0809F0809|1|1|1|3|52UZPE01152001T48MT01EBS001|900091143|CC|1081272656|AUXILIARDEENFERMERIA|52UZPE01152001T48MT01EBS001H0809F0809CF809|2025-10-21|1||1||3||1||2|2|11|5|2|2|20||2|13|0||1||1||1||1||1|3|3|3|1|1|1|2|2|2|2|2|2||2|2|1|2||6||1|2|2|1|1|1|2|2|1|52UZPE01152001T48MT01EBS001H080952UZPE01152001T48MT01EBS001H0809F0809
2|721|1|52|UZPE011|52001|T48|MT01|FRAY EZEQUIEL MORENO|CARRERA3E1590|-77.277688|1.118242||52UZPE01152001T48MT01EBS001H0810|52UZPE01152001T48MT01EBS001H0810F0810|3|1|1|1|52UZPE01152001T48MT01EBS001|900091143|CC|1081272656|AUXILIARDEENFERMERIA|52UZPE01152001T48MT01EBS001H0810F0810CF810|2025-10-21|4||1||3||8||1|2|11|2|2|2|20||2|13|0||1||1||1||1||1|3|3|3|1|1|1|2|2|2|2|2|2||2|2|1|2||6||1|2|2|1|2|1|2|2|1|52UZPE01152001T48MT01EBS001H081052UZPE01152001T48MT01EBS001H0810F0810
2|722|1|52|UZPE011|52001|T48|MT01|FRAY EZEQUIEL MORENO|CALLE10A5AE32|-77.278111|1.118254||52UZPE01152001T48MT01EBS001H0811|52UZPE01152001T48MT01EBS001H0811F0811|1|1|1|3|52UZPE01152001T48MT01EBS001|900091143|CC|1081272656|AUXILIARDEENFERMERIA|52UZPE01152001T48MT01EBS001H0811F0811CF811|2025-10-22|1||1||3||1||2|2|11|5|2|2|20||1|13|0||1||1||1||1||1|3|3|3|1|1|1|2|2|2|2|2|2||2|2|1|2||6||1|2|2|1|1|1|2|2|1|52UZPE01152001T48MT01EBS001H081152UZPE01152001T48MT01EBS001H0811F0811
2|723|1|52|UZPE011|52001|T48|MT01|FRAY EZEQUIEL MORENO|CLL10BA540|-77.277912|1.182428||52UZPE01152001T48MT01EBS001H0812|52UZPE01152001T48MT01EBS001H0812F0812|2|2|2|1|52UZPE01152001T48MT01EBS001|900091143|CC|27088797|AUXILIARDEENFERMERIA|52UZPE01152001T48MT01EBS001H0812F0812CF812|2025-10-23|4||1||3||1||1|2|11|1|2|2|20||2|13|0||1||1||1||1||7|1|3|4|1|1|1|2|2|2|2|2|2||2|2|1|2||6||1|2|2|1|2|1|2|2|1|52UZPE01152001T48MT01EBS001H081252UZPE01152001T48MT01EBS001H0812F0812
2|724|1|52|UZPE011|52001|T48|MT01|FRAY EZEQUIEL MORENO|CARRERA3CASA21|-77.278155|1.182533||52UZPE01152001T48MT01EBS001H0813|52UZPE01152001T48MT01EBS001H0813F0813|2|1|1|1|52UZPE01152001T48MT01EBS001|900091143|CC|27088797|AUXILIARDEENFERMERIA|52UZPE01152001T48MT01EBS001H0813F0813CF813|2025-10-23|5||1||3||1||1|2|11|1|2|1|20||2|13|0||1||1||1||1||7|1|3|4|1|1|1|2|2|2|2|2|2||2|2|1|2||6||1|2|2|1|1|1|2|2|1|52UZPE01152001T48MT01EBS001H081352UZPE01152001T48MT01EBS001H0813F0813
2|725|1|52|UZPE011|52001|T48|MT01|FRAY EZEQUIEL MORENO|DIV1KILOMETRO4|-77.279027|1.183013||52UZPE01152001T48MT01EBS001H0814|52UZPE01152001T48MT01EBS001H0814F0814|2|1|1|3|52UZPE01152001T48MT01EBS001|900091143|CC|27088797|AUXILIARDEENFERMERIA|52UZPE01152001T48MT01EBS001H0814F0814CF814|2025-10-24|1||1||3||4||2|2|11|1|2|1|4||2|13|2||1||1||1||1||1|3|3|2|1|1|1|2|2|2|2|2|2||2|2|1|1||6||1|2|2|1|2|1|2|2|1|52UZPE01152001T48MT01EBS001H081452UZPE01152001T48MT01EBS001H0814F0814
2|726|1|52|UZPE011|52001|T48|MT01|FRAY EZEQUIEL MORENO|CALLE10B5AE47|-77.277299|1.118239||52UZPE01152001T48MT01EBS001H0815|52UZPE01152001T48MT01EBS001H0815F0815|1|1|1|2|52UZPE01152001T48MT01EBS001|900091143|CC|1081272656|AUXILIARDEENFERMERIA|52UZPE01152001T48MT01EBS001H0815F0815CF815|2025-10-22|1||1||3||1||1|2|11|1|2|2|20||2|13|0||1||1||1||1||1|2|3|3|1|1|1|2|2|2|2|2|2||2|2|1|2||6||1|2|2|1|1|1|2|2|1|52UZPE01152001T48MT01EBS001H081552UZPE01152001T48MT01EBS001H0815F0815
2|727|1|52|UZPE011|52001|T48|MT01|FRAY EZEQUIEL MORENO|CRA3E1607|-77.277922|1.118231||52UZPE01152001T48MT01EBS001H0816|52UZPE01152001T48MT01EBS001H0816F0816|1|1|1|2|52UZPE01152001T48MT01EBS001|900091143|CC|1081272656|AUXILIARDEENFERMERIA|52UZPE01152001T48MT01EBS001H0816F0816CF816|2025-10-22|1||1||3||1||1|2|11|5|2|2|20||2|13|0||1||1||1||1||1|2|3|3|1|1|1|2|2|2|2|2|2||2|2|1|2||6||1|2|2|1|1|1|2|2|1|52UZPE01152001T48MT01EBS001H081652UZPE01152001T48MT01EBS001H0816F0816
2|728|1|52|UZPE011|52001|T48|MT01|FRAY EZEQUIEL MORENO|CRA3E11608|-77.277992|1.118232||52UZPE01152001T48MT01EBS001H0817|52UZPE01152001T48MT01EBS001H0817F0817|1|1|1|1|52UZPE01152001T48MT01EBS001|900091143|CC|1081272656|AUXILIARDEENFERMERIA|52UZPE01152001T48MT01EBS001H0817F0817CF817|2025-10-22|4||1||3||1||1|2|11|5|2|2|20||2|13|0||1||1||1||1||7|1|3|1|1|1|1|2|2|2|2|2|2||2|2|1|2||6||1|2|2|1|1|1|2|2|1|52UZPE01152001T48MT01EBS001H081752UZPE01152001T48MT01EBS001H0817F0817
2|729|1|52|UZPE011|52001|T48|MT01|FRAY EZEQUIEL MORENO|CASA7FRAYEZEQUIEL|-77.277907|1.118414||52UZPE01152001T48MT01EBS001H0818|52UZPE01152001T48MT01EBS001H0818F0818|1|1|1|1|52UZPE01152001T48MT01EBS001|900091143|CC|1081272656|AUXILIARDEENFERMERIA|52UZPE01152001T48MT01EBS001H0818F0818CF818|2025-10-23|1||1||3||1||2|2|11|2|2|2|20||2|13|0||1||1||1||1||1|3|3|3|1|1|1|2|2|2|2|2|2||2|2|1|2||6||1|2|2|1|1|1|2|2|1|52UZPE01152001T48MT01EBS001H081852UZPE01152001T48MT01EBS001H0818F0818
2|730|1|52|UZPE011|52001|T48|MT01|FRAY EZEQUIEL MORENO|CALLE10B5AE71|-77.277899|1.118223||52UZPE01152001T48MT01EBS001H0819|52UZPE01152001T48MT01EBS001H0819F0819|1|1|1|2|52UZPE01152001T48MT01EBS001|900091143|CC|1081272656|AUXILIARDEENFERMERIA|52UZPE01152001T48MT01EBS001H0819F0819CF819|2025-10-23|1||1||3||1||1|2|11|5|2|2|20||2|13|0||1||1||1||1||1|2|3|3|1|1|1|2|2|2|2|2|2||2|2|1|2||6||1|2|2|1|1|1|2|2|1|52UZPE01152001T48MT01EBS001H081952UZPE01152001T48MT01EBS001H0819F0819
2|731|1|52|UZPE011|52001|T48|MT01|FRAY EZEQUIEL MORENO|CALLE10A5AE32|-77.278122|1.118265||52UZPE01152001T48MT01EBS001H0820|52UZPE01152001T48MT01EBS001H0820F0820|1|1|1|2|52UZPE01152001T48MT01EBS001|900091143|CC|1081272656|AUXILIARDEENFERMERIA|52UZPE01152001T48MT01EBS001H0820F0820CF820|2025-10-23|1||1||3||1||2|2|11|5|2|2|20||2|13|0||1||1||1||1||1|2|3|1|1|1|1|2|2|2|2|2|2||2|2|1|2||6||1|2|2|1|1|1|2|2|1|52UZPE01152001T48MT01EBS001H082052UZPE01152001T48MT01EBS001H0820F0820
2|732|1|52|UZPE011|52001|T48|MT01|FRAY EZEQUIEL MORENO|KILOMETRO4VIAELSUR|-77.279059|1.18011||52UZPE01152001T48MT01EBS001H0821|52UZPE01152001T48MT01EBS001H0821F0821|2|1|1|2|52UZPE01152001T48MT01EBS001|900091143|CC|27088797|AUXILIARDEENFERMERIA|52UZPE01152001T48MT01EBS001H0821F0821CF821|2025-10-24|1||1||3||1||2|2|11|1|2|1|4||2|13|0||1||1||1||1||1|2|3|1|1|1|1|2|2|2|2|2|2||2|2|1|2||6||1|2|2|1|1|1|2|2|1|52UZPE01152001T48MT01EBS001H082152UZPE01152001T48MT01EBS001H0821F0821
2|733|1|52|UZPE011|52001|T48|MT01|FRAY EZEQUIEL MORENO|CALLE10A5AE325AE58|-77.278144|1.118237||52UZPE01152001T48MT01EBS001H0822|52UZPE01152001T48MT01EBS001H0822F0822|1|1|1|2|52UZPE01152001T48MT01EBS001|900091143|CC|1081272656|AUXILIARDEENFERMERIA|52UZPE01152001T48MT01EBS001H0822F0822CF822|2025-10-23|1||1||3||1||2|2|11|2|2|2|20||2|13|0||1||1||1||1||1|2|3|1|1|1|1|2|2|2|2|2|2||2|2|1|2||6||1|2|2|1|1|1|2|2|1|52UZPE01152001T48MT01EBS001H082252UZPE01152001T48MT01EBS001H0822F0822
2|734|1|52|UZPE011|52001|T48|MT01|FRAY EZEQUIEL MORENO|CARRERA5E6|-77.279488|1.118266||52UZPE01152001T48MT01EBS001H0823|52UZPE01152001T48MT01EBS001H0823F0823|1|1|1|3|52UZPE01152001T48MT01EBS001|900091143|CC|1081272656|AUXILIARDEENFERMERIA|52UZPE01152001T48MT01EBS001H0823F0823CF823|2025-10-23|1||1||3||1||2|2|11|3|2|2|20||2|13|0||1||1||1||1||1|3|3|1|1|1|1|2|2|2|2|2|2||2|2|1|2||6||1|2|2|1|1|1|2|2|1|52UZPE01152001T48MT01EBS001H082352UZPE01152001T48MT01EBS001H0823F0823
2|735|1|52|UZPE011|52001|T48|MT01|FRAY EZEQUIEL MORENO|CRA5AE9BLINIA46|-77.27898|1.182817||52UZPE01152001T48MT01EBS001H0824|52UZPE01152001T48MT01EBS001H0824F0824|2|1|1|2|52UZPE01152001T48MT01EBS001|900091143|CC|27088797|AUXILIARDEENFERMERIA|52UZPE01152001T48MT01EBS001H0824F0824CF824|2025-10-24|5||5||5||4||1|1|11|1|2|1|10||2|13|2||1||1||1||1||1|2|3|3|1|1|3|2|2|2|2|2|2||2|2|1|1||6||1|2|2|1|1|1|2|2|1|52UZPE01152001T48MT01EBS001H082452UZPE01152001T48MT01EBS001H0824F0824
2|736|1|52|UZPE011|52001|T48|MT01|FRAY EZEQUIEL MORENO|CARRERA5E9A107|-77.279479|1.118268||52UZPE01152001T48MT01EBS001H0825|52UZPE01152001T48MT01EBS001H0825F0825|1|1|1|2|52UZPE01152001T48MT01EBS001|900091143|CC|1081272656|AUXILIARDEENFERMERIA|52UZPE01152001T48MT01EBS001H0825F0825CF825|2025-10-23|1||1||3||1||3|2|11|5|2|2|20||2|13|0||1||1||1||1||1|4|3|1|1|1|1|2|2|2|2|2|2||2|2|1|2||6||1|2|2|1|1|1|2|2|1|52UZPE01152001T48MT01EBS001H082552UZPE01152001T48MT01EBS001H0825F0825
2|737|1|52|UZPE011|52001|T48|MT01|FRAY EZEQUIEL MORENO|CALLE5E9A105|-77.279488|1.118266||52UZPE01152001T48MT01EBS001H0826|52UZPE01152001T48MT01EBS001H0826F0826|1|1|1|1|52UZPE01152001T48MT01EBS001|900091143|CC|1081272656|AUXILIARDEENFERMERIA|52UZPE01152001T48MT01EBS001H0826F0826CF826|2025-10-23|1||1||3||1||1|2|11|4|2|2|20||2|13|0||1||1||1||1||1|1|3|1|1|1|1|2|2|2|2|2|2||2|2|1|2||6||1|2|2|1|1|1|2|2|1|52UZPE01152001T48MT01EBS001H082652UZPE01152001T48MT01EBS001H0826F0826
2|738|1|52|UZPE011|52001|T48|MT01|FRAY EZEQUIEL MORENO|CALLE5E9A106|-77.279455|1.11827||52UZPE01152001T48MT01EBS001H0827|52UZPE01152001T48MT01EBS001H0827F0827|1|1|1|1|52UZPE01152001T48MT01EBS001|900091143|CC|1081272656|AUXILIARDEENFERMERIA|52UZPE01152001T48MT01EBS001H0827F0827CF827|2025-10-23|1||1||3||1||1|2|11|5|2|2|20||2|13|0||1||1||1||1||1|1|3|3|1|1|2|2|2|2|2|2|2||2|2|1|2||6||1|2|2|1|1|1|2|2|1|52UZPE01152001T48MT01EBS001H082752UZPE01152001T48MT01EBS001H0827F0827
2|739|1|52|UZPE011|52001|T48|MT01|FRAY EZEQUIEL MORENO|CALLE5AE91345|-77.279388|1.118269||52UZPE01152001T48MT01EBS001H0828|52UZPE01152001T48MT01EBS001H0828F0828|1|1|1|2|52UZPE01152001T48MT01EBS001|900091143|CC|1081272656|AUXILIARDEENFERMERIA|52UZPE01152001T48MT01EBS001H0828F0828CF828|2025-10-24|1||1||3||1||2|2|11|5|2|2|8||2|13|0||1||1||1||1||1|2|3|3|1|1|2|2|2|2|2|2|2||2|2|1|2||6||1|2|2|1|1|1|2|2|1|52UZPE01152001T48MT01EBS001H082852UZPE01152001T48MT01EBS001H0828F0828
2|740|1|52|UZPE011|52001|T48|MT01|FRAY EZEQUIEL MORENO|KRA4APT1|-77.279453|1.182903||52UZPE01152001T48MT01EBS001H0829|52UZPE01152001T48MT01EBS001H0829F0829|2|1|1|2|52UZPE01152001T48MT01EBS001|900091143|CC|27088797|AUXILIARDEENFERMERIA|52UZPE01152001T48MT01EBS001H0829F0829CF829|2025-10-24|1||1||3||1||2|2|11|5|2|2|20||1|13|0||1||1||1||1||1|2|3|2|1|1|1|2|2|2|2|2|2||2|2|1|1||6||1|2|2|1|1|1|2|2|1|52UZPE01152001T48MT01EBS001H082952UZPE01152001T48MT01EBS001H0829F0829
2|741|1|52|UZPE011|52001|T48|MT01|FRAY EZEQUIEL MORENO|CALLE5AE91348|-77.279399|1.118265||52UZPE01152001T48MT01EBS001H0830|52UZPE01152001T48MT01EBS001H0830F0830|1|1|1|2|52UZPE01152001T48MT01EBS001|900091143|CC|1081272656|AUXILIARDEENFERMERIA|52UZPE01152001T48MT01EBS001H0830F0830CF830|2025-10-24|1||1||3||1||2|2|11|3|2|2|20||2|13|0||1||1||1||1||1|2|3|1|1|1|1|2|2|2|2|2|2||2|2|1|2||6||1|2|2|1|1|1|2|2|1|52UZPE01152001T48MT01EBS001H083052UZPE01152001T48MT01EBS001H0830F0830
2|742|1|52|UZPE011|52001|T48|MT01|FRAY EZEQUIEL MORENO|CALLE5AE91346|-77.2792|1.11826||52UZPE01152001T48MT01EBS001H0831|52UZPE01152001T48MT01EBS001H0831F0831|1|1|1|3|52UZPE01152001T48MT01EBS001|900091143|CC|1081272656|AUXILIARDEENFERMERIA|52UZPE01152001T48MT01EBS001H0831F0831CF831|2025-10-23|1||1||3||1||3|2|11|3|2|2|20||2|13|0||1||1||1||1||1|3|3|1|1|1|1|2|2|2|2|2|2||2|2|1|2||6||1|2|2|1|1|1|2|2|1|52UZPE01152001T48MT01EBS001H083152UZPE01152001T48MT01EBS001H0831F0831
2|743|1|52|UZPE011|52001|T48|MT01|FRAY EZEQUIEL MORENO|CALLE5AE91344|-77.279233|1.118457||52UZPE01152001T48MT01EBS001H0832|52UZPE01152001T48MT01EBS001H0832F0832|1|1|1|2|52UZPE01152001T48MT01EBS001|900091143|CC|1081272656|AUXILIARDEENFERMERIA|52UZPE01152001T48MT01EBS001H0832F0832CF832|2025-10-24|1||1||3||1||2|2|11|2|2|2|20||2|13|0||1||1||1||1||7|2|3|1|1|1|1|2|2|2|2|2|2||2|2|1|2||6||1|2|2|1|1|1|2|2|1|52UZPE01152001T48MT01EBS001H083252UZPE01152001T48MT01EBS001H0832F0832
2|744|1|52|UZPE011|52001|T48|MT01|FRAY EZEQUIEL MORENO|CLL10B5A31|-77.277917|1.182426||52UZPE01152001T48MT01EBS001H0833|52UZPE01152001T48MT01EBS001H0833F0833|2|1|1|3|52UZPE01152001T48MT01EBS001|900091143|CC|27088797|AUXILIARDEENFERMERIA|52UZPE01152001T48MT01EBS001H0833F0833CF833|2025-10-24|1||1||3||1||2|1|11|5|2|2|20||2|13|0||1||1||1||1||1|3|3|1|1|1|1|2|2|2|2|2|2||2|2|1|2||6||1|2|2|1|2|1|2|2|1|52UZPE01152001T48MT01EBS001H083352UZPE01152001T48MT01EBS001H0833F0833
2|745|1|52|UZPE011|52001|T48|MT01|FRAY EZEQUIEL MORENO|CR24N3077|-77.266481|1.220903||52UZPE01152001T48MT01EBS001H0836|52UZPE01152001T48MT01EBS001H0836F0836|1|1|1|1|52UZPE01152001T48MT01EBS001|900091143|CC|1004236159|AUXILIARDEENFERMERIA|52UZPE01152001T48MT01EBS001H0836F0836CF836|2025-10-20|1||1||3||1||1|2|11|1|3|2|20||2|13|0||1||1||1||1||7|1|1|4|1|1|5|2|2|2|2|2|2||2|2|2|2||6||2|2|2|1|2|1|2|2|1|52UZPE01152001T48MT01EBS001H083652UZPE01152001T48MT01EBS001H0836F0836
2|746|1|52|UZPE011|52001|T48|MT02|CONDOMINIO MONTERREY|APTO307TORRE2|-77.268178|1.219187||52UZPE01152001T48MT02EBS001H0838|52UZPE01152001T48MT02EBS001H0838F0838|2|1|1|2|52UZPE01152001T48MT02EBS001|900091143|CC|59310291|ENFERMERA|52UZPE01152001T48MT02EBS001H0838F0838CF838|2025-10-04|4||1||3||1||2|2|11|5|3|2|20||2|13|0||1||1||1||1||1|3|3|4|1|1|1|2|2|2|2|2|2||2|2|2|1||6||2|2|2|1|2|1|2|2|1|52UZPE01152001T48MT02EBS001H083852UZPE01152001T48MT02EBS001H0838F0838
2|747|1|52|UZPE011|52001|T48|MT01|FRAY EZEQUIEL MORENO|CR24N3091|-77.266607|1.220618||52UZPE01152001T48MT01EBS001H0839|52UZPE01152001T48MT01EBS001H0839F0839|1|4|4|7|52UZPE01152001T48MT01EBS001|900091143|CC|1004236159|AUXILIARDEENFERMERIA|52UZPE01152001T48MT01EBS001H0839F0839CF839|2025-10-24|1||2||3||2||4|2|5|5|1|1|5||1|13|0||1||1||1||1||4|9|2|2|1|1|3|2|2|2|2|2|2||2|2|1|2||6||1|2|2|1|1|1|2|2|1|52UZPE01152001T48MT01EBS001H083952UZPE01152001T48MT01EBS001H0839F0839
2|748|1|52|UZPE011|52001|T48|MT01|FRAY EZEQUIEL MORENO|CR24N3091|-77.266607|1.220618||52UZPE01152001T48MT01EBS001H0840|52UZPE01152001T48MT01EBS001H0840F0840|1|4|4|7|52UZPE01152001T48MT01EBS001|900091143|CC|1004236159|AUXILIARDEENFERMERIA|52UZPE01152001T48MT01EBS001H0840F0840CF840|2025-10-24|1||2||3||2||4|2|5|5|3|1|5||1|13|0||1||1||1||1||4|3|3|2|1|1|1|2|2|2|2|2|2||2|2|1|1||6||1|2|2|1|1|1|2|2|1|52UZPE01152001T48MT01EBS001H084052UZPE01152001T48MT01EBS001H0840F0840
2|749|1|52|UZPE011|52001|T48|MT01|FRAY EZEQUIEL MORENO|MANZANAAACASA1|-77.265826|1.220286||52UZPE01152001T48MT01EBS001H0841|52UZPE01152001T48MT01EBS001H0841F0841|1|1|1|2|52UZPE01152001T48MT01EBS001|900091143|CC|59310291|ENFERMERA|52UZPE01152001T48MT01EBS001H0841F0841CF841|2025-10-17|1||1||3||1||3|2|11|5|3|2|20||2|13|0||1||1||1||1||1|4|3|1|1|1|1|2|2|2|2|2|2||2|2|2|1||6||2|2|2|1|2|1|2|2|1|52UZPE01152001T48MT01EBS001H084152UZPE01152001T48MT01EBS001H0841F0841
2|750|1|52|UZPE011|52001|T48|MT01|FRAY EZEQUIEL MORENO|CRA2430224|-77.266022|1.220911||52UZPE01152001T48MT01EBS001H0842|52UZPE01152001T48MT01EBS001H0842F0842|1|3|3|7|52UZPE01152001T48MT01EBS001|900091143|CC|1081592742|AUXILIARDEENFERMERIA|52UZPE01152001T48MT01EBS001H0842F0842CF842|2025-10-20|1||1||3||2||1|1|11|5|3|2|20||2|13|0||1||1||1||1||2|3|3|2|1|1|1|2|2|2|2|2|2||2|2|2|1||6||2|2|2|1|1|1|2|2|1|52UZPE01152001T48MT01EBS001H084252UZPE01152001T48MT01EBS001H0842F0842
2|751|1|52|UZPE011|52001|T48|MT01|FRAY EZEQUIEL MORENO|MZACASA23|-77.26592|1.22039||52UZPE01152001T48MT01EBS001H0843|52UZPE01152001T48MT01EBS001H0843F0843|1|2|2|3|52UZPE01152001T48MT01EBS001|900091143|CC|1089291166|AUXILIARDEENFERMERIA|52UZPE01152001T48MT01EBS001H0843F0843CF843|2025-10-14|1||1||3||1||3|2|11|5|3|2|20||2|13|0||1||1||1||1||1|3|3|1|1|1|2|2|2|2|2|2|2||2|2|2|1||6||2|2|2|1|2|1|2|2|1|52UZPE01152001T48MT01EBS001H084352UZPE01152001T48MT01EBS001H0843F0843
2|752|1|52|UZPE011|52001|T48|MT01|FRAY EZEQUIEL MORENO|CRA24NO3017|-77.267262|1.219187||52UZPE01152001T48MT01EBS001H0844|52UZPE01152001T48MT01EBS001H0844F0844|1|1|1|5|52UZPE01152001T48MT01EBS001|900091143|CC|59310291|ENFERMERA|52UZPE01152001T48MT01EBS001H0844F0844CF844|2025-10-21|1||1||3||1||3|2|11|5|3|2|20||2|13|0||1||1||1||1||1|5|3|4|1|1|1|2|2|2|2|2|2||2|2|2|2||6||2|2|2|1|1|1|2|2|1|52UZPE01152001T48MT01EBS001H084452UZPE01152001T48MT01EBS001H0844F0844
2|753|1|52|UZPE011|52001|T48|MT01|FRAY EZEQUIEL MORENO|KILOMETRO4VIASURCASA2|-77.279559|1.182569||52UZPE01152001T48MT01EBS001H0845|52UZPE01152001T48MT01EBS001H0845F0845|2|1|1|5|52UZPE01152001T48MT01EBS001|900091143|CC|27088797|AUXILIARDEENFERMERIA|52UZPE01152001T48MT01EBS001H0845F0845CF845|2025-10-24|1||1||3||1||3|1|11|5|2|2|20||2|13|0||1||1||1||1||1|5|3|1|1|1|1|2|2|2|2|2|2||2|2|1|1||6||1|2|2|1|2|1|2|2|1|52UZPE01152001T48MT01EBS001H084552UZPE01152001T48MT01EBS001H0845F0845
2|754|1|52|UZPE011|52001|T48|MT01|FRAY EZEQUIEL MORENO|CARRERA25N3222|-77.657947|1.220975||52UZPE01152001T48MT01EBS001H0846|52UZPE01152001T48MT01EBS001H0846F0846|1|1|1|2|52UZPE01152001T48MT01EBS001|900091143|CC|1089291166|AUXILIARDEENFERMERIA|52UZPE01152001T48MT01EBS001H0846F0846CF846|2025-10-17|1||1||3||1||2|2|11|5|3|2|20||2|13|0||1||1||1||1||1|2|3|1|1|1|1|2|2|2|2|2|2||2|2|2|1||6||2|2|2|1|1|1|2|2|1|52UZPE01152001T48MT01EBS001H084652UZPE01152001T48MT01EBS001H0846F0846
2|755|1|52|UZPE011|52001|T48|MT01|FRAY EZEQUIEL MORENO|CARRERA24N30246|-77.26587|1.221165||52UZPE01152001T48MT01EBS001H0847|52UZPE01152001T48MT01EBS001H0847F0847|1|1|1|3|52UZPE01152001T48MT01EBS001|900091143|CC|1089291166|AUXILIARDEENFERMERIA|52UZPE01152001T48MT01EBS001H0847F0847CF847|2025-10-17|1||1||3||1||2|2|11|5|3|2|20||2|13|0||1||1||1||1||1|3|3|1|1|1|1|2|2|2|2|2|2||2|2|1|2||6||1|2|2|1|2|1|2|2|1|52UZPE01152001T48MT01EBS001H084752UZPE01152001T48MT01EBS001H0847F0847
2|756|1|52|UZPE011|52001|T48|MT01|FRAY EZEQUIEL MORENO|CRA243097|-77.266327|1.220667||52UZPE01152001T48MT01EBS001H0849|52UZPE01152001T48MT01EBS001H0849F0849|1|1|1|3|52UZPE01152001T48MT01EBS001|900091143|CC|1081592742|AUXILIARDEENFERMERIA|52UZPE01152001T48MT01EBS001H0849F0849CF849|2025-10-24|1||1||3||1||2|2|11|5|3|2|20||2|13|0||1||1||1||1||1|3|3|1|1|1|1|2|2|2|2|2|2||2|2|2|2||6||2|2|2|1|1|1|2|2|1|52UZPE01152001T48MT01EBS001H084952UZPE01152001T48MT01EBS001H0849F0849
2|757|1|52|UZPE011|52001|T48|MT01|FRAY EZEQUIEL MORENO|CARRERA24N30243|-77.265912|1.221123||52UZPE01152001T48MT01EBS001H0850|52UZPE01152001T48MT01EBS001H0850F0850|1|1|1|3|52UZPE01152001T48MT01EBS001|900091143|CC|1089291166|AUXILIARDEENFERMERIA|52UZPE01152001T48MT01EBS001H0850F0850CF850|2025-10-27|1||1||3||4||2|2|11|5|2|2|20||2|13|0||1||1||1||1||1|3|3|1|1|1|1|2|2|2|2|2|2||2|2|1|2||6||1|2|2|1|2|1|2|2|1|52UZPE01152001T48MT01EBS001H085052UZPE01152001T48MT01EBS001H0850F0850
2|758|1|52|UZPE011|52001|T48|MT01|FRAY EZEQUIEL MORENO|MANZANABCASA2APTO2|-77.267142|1.219831||52UZPE01152001T48MT01EBS001H0851|52UZPE01152001T48MT01EBS001H0851F0851|1|1|1|1|52UZPE01152001T48MT01EBS001|900091143|CC|1089291166|AUXILIARDEENFERMERIA|52UZPE01152001T48MT01EBS001H0851F0851CF851|2025-10-27|1||1||3||1||1|2|11|5|2|2|20||2|13|0||1||1||1||1||7|1|2|4|1|1|2|2|2|2|2|2|2||2|2|1|2||6||1|2|2|1|2|1|2|2|1|52UZPE01152001T48MT01EBS001H085152UZPE01152001T48MT01EBS001H0851F0851
2|759|1|52|UZPE011|52001|T48|MT01|FRAY EZEQUIEL MORENO|MZACASA3DIV1APT1|-77.277927|1.182596||52UZPE01152001T48MT01EBS001H0852|52UZPE01152001T48MT01EBS001H0852F0852|2|1|1|2|52UZPE01152001T48MT01EBS001|900091143|CC|27088797|AUXILIARDEENFERMERIA|52UZPE01152001T48MT01EBS001H0852F0852CF852|2025-10-29|4||1||3||1||1|2|11|5|2|2|20||2|13|0||1||1||1||1||1|2|3|4|1|1|3|2|2|2|2|2|2||2|2|1|1||6||1|2|2|1|2|1|2|2|1|52UZPE01152001T48MT01EBS001H085252UZPE01152001T48MT01EBS001H0852F0852
2|760|1|52|UZPE011|52001|T48|MT01|FRAY EZEQUIEL MORENO|CALLE10A5AE58|-77.277955|1.118227||52UZPE01152001T48MT01EBS001H0853|52UZPE01152001T48MT01EBS001H0853F0853|1|1|1|4|52UZPE01152001T48MT01EBS001|900091143|CC|1081272656|AUXILIARDEENFERMERIA|52UZPE01152001T48MT01EBS001H0853F0853CF853|2025-10-09|1||1||3||1||2|2|11|3|2|2|20||2|13|0||1||1||1||1||1|4|3|3|1|1|1|2|2|2|2|2|2||2|2|1|2||6||1|2|2|1|1|1|2|2|1|52UZPE01152001T48MT01EBS001H085352UZPE01152001T48MT01EBS001H0853F0853
2|761|1|52|UZPE011|52001|T48|MT01|FRAY EZEQUIEL MORENO|MANZANABCASA19|-77.266684|1.21882||52UZPE01152001T48MT01EBS001H0854|52UZPE01152001T48MT01EBS001H0854F0854|1|3|3|6|52UZPE01152001T48MT01EBS001|900091143|CC|1081592742|AUXILIARDEENFERMERIA|52UZPE01152001T48MT01EBS001H0854F0854CF854|2025-10-29|1||1||3||1||3|2|11|5|3|2|20||2|13|0||1||1||1||1||2|2|3|1|1|1|1|2|2|2|2|2|2||2|2|2|2||6||2|2|2|1|2|1|2|2|1|52UZPE01152001T48MT01EBS001H085452UZPE01152001T48MT01EBS001H0854F0854
2|762|1|52|UZPE011|52001|T48|MT01|FRAY EZEQUIEL MORENO|MANZANABCASA19|-77.266684|1.21882||52UZPE01152001T48MT01EBS001H0855|52UZPE01152001T48MT01EBS001H0855F0855|1|3|3|6|52UZPE01152001T48MT01EBS001|900091143|CC|1081592742|AUXILIARDEENFERMERIA|52UZPE01152001T48MT01EBS001H0855F0855CF855|2025-10-29|1||1||3||1||3|2|11|5|3|2|20||2|13|0||1||1||1||1||2|2|3|1|1|1|1|2|2|2|2|2|2||2|2|2|2||6||2|2|2|1|2|1|2|2|1|52UZPE01152001T48MT01EBS001H085552UZPE01152001T48MT01EBS001H0855F0855
2|763|1|52|UZPE011|52001|T48|MT01|FRAY EZEQUIEL MORENO|MANZANABCASA19|-77.266684|1.21882||52UZPE01152001T48MT01EBS001H0856|52UZPE01152001T48MT01EBS001H0856F0856|1|3|3|6|52UZPE01152001T48MT01EBS001|900091143|CC|1081592742|AUXILIARDEENFERMERIA|52UZPE01152001T48MT01EBS001H0856F0856CF856|2025-10-29|1||1||3||1||3|2|11|5|3|2|20||2|13|0||1||1||1||1||7|3|2|1|1|1|1|2|2|2|2|2|2||2|2|2|1||6||2|2|2|1|2|1|2|2|1|52UZPE01152001T48MT01EBS001H085652UZPE01152001T48MT01EBS001H0856F0856
2|764|1|52|UZPE011|52001|T48|MT01|FRAY EZEQUIEL MORENO|MANZANABCASA19|-77.266684|1.21882||52UZPE01152001T48MT01EBS001H0857|52UZPE01152001T48MT01EBS001H0857F0857|1|3|3|6|52UZPE01152001T48MT01EBS001|900091143|CC|1081592742|AUXILIARDEENFERMERIA|52UZPE01152001T48MT01EBS001H0857F0857CF857|2025-10-29|1||1||3||1||3|2|11|5|3|2|20||2|13|0||1||1||1||1||1|2|3|1|1|1|1|2|2|2|2|2|2||2|2|2|2||6||2|2|2|1|1|1|2|2|1|52UZPE01152001T48MT01EBS001H085752UZPE01152001T48MT01EBS001H0857F0857
2|765|1|52|UZPE011|52001|T48|MT01|FRAY EZEQUIEL MORENO|CALLE10A5AE32|-77.278066|1.11826||52UZPE01152001T48MT01EBS001H0858|52UZPE01152001T48MT01EBS001H0858F0858|1|1|1|2|52UZPE01152001T48MT01EBS001|900091143|CC|1081272656|AUXILIARDEENFERMERIA|52UZPE01152001T48MT01EBS001H0858F0858CF858|2025-10-29|1||1||3||1||1|2|11|5|2|2|20||2|13|0||1||1||1||1||1|2|3|1|1|1|2|2|2|2|2|2|2||2|2|1|2||6||1|2|2|1|1|1|2|2|1|52UZPE01152001T48MT01EBS001H085852UZPE01152001T48MT01EBS001H0858F0858
2|766|1|52|UZPE011|52001|T48|MT01|FRAY EZEQUIEL MORENO|KILOMETROSURDIV1|-77.275937|1.183481||52UZPE01152001T48MT01EBS001H0859|52UZPE01152001T48MT01EBS001H0859F0859|2|1|1|3|52UZPE01152001T48MT01EBS001|900091143|CC|27088797|AUXILIARDEENFERMERIA|52UZPE01152001T48MT01EBS001H0859F0859CF859|2025-10-29|1||1||3||1||2|2|11|5|2|1|20||2|13|2||1||1||1||1||1|3|3|3|1|1|3|2|2|2|2|2|2||2|2|1|1||6||1|2|2|1|1|1|2|2|1|52UZPE01152001T48MT01EBS001H085952UZPE01152001T48MT01EBS001H0859F0859
2|767|1|52|UZPE011|52001|T48|MT01|FRAY EZEQUIEL MORENO|CALLE11A5AE32|-77.277922|1.182681||52UZPE01152001T48MT01EBS001H0860|52UZPE01152001T48MT01EBS001H0860F0860|2|1|1|1|52UZPE01152001T48MT01EBS001|900091143|CC|27088197|AUXILIARENFERMERA|52UZPE01152001T48MT01EBS001H0860F0860CF860|2025-10-29|4||1||3||1||1|2|11|5|2|2|20||2|13|0||1||1||1||1||1|2|3|2|1|1|1|2|2|2|2|2|2||2|2|1|2||6||1|2|2|1|2|1|2|2|1|52UZPE01152001T48MT01EBS001H086052UZPE01152001T48MT01EBS001H0860F0860
2|768|1|52|UZPE011|52001|T48|MT01|FRAY EZEQUIEL MORENO|MZBC12|-77.266778|1.219237||52UZPE01152001T48MT01EBS001H0861|52UZPE01152001T48MT01EBS001H0861F0861|1|1|1|2|52UZPE01152001T48MT01EBS001|900091143|CC|1089291166|AUXILIARDEENFERMERIA|52UZPE01152001T48MT01EBS001H0861F0861CF861|2025-10-27|1||1||3||1||1|2|11|5|3|2|20||2|13|0||1||1||1||1||1|2|3|1|1|1|1|2|2|2|2|2|2||2|2|1|2||6||1|2|2|1|1|1|2|2|1|52UZPE01152001T48MT01EBS001H086152UZPE01152001T48MT01EBS001H0861F0861
2|769|1|52|UZPE011|52001|T48|MT01|FRAY EZEQUIEL MORENO|CRA24N30100|-77.266481|1.220903||52UZPE01152001T48MT01EBS001H0862|52UZPE01152001T48MT01EBS001H0862F0862|1|1|1|1|52UZPE01152001T48MT01EBS001|900091143|CC|1089291166|AUXILIARDEENFERMERIA|52UZPE01152001T48MT01EBS001H0862F0862CF862|2025-10-20|1||1||3||1||2|2|11|5|3|2|20||1|13|0||1||1||1||1||7|1|3|1|1|1|1|2|2|2|2|2|2||2|2|1|2||6||1|2|2|1|1|1|2|2|1|52UZPE01152001T48MT01EBS001H086252UZPE01152001T48MT01EBS001H0862F0862
2|770|1|52|UZPE011|52001|T48|MT01|FRAY EZEQUIEL MORENO|MANZANAACASA24|-77.267262|1.220286||52UZPE01152001T48MT01EBS001H0863|52UZPE01152001T48MT01EBS001H0863F0863|1|1|1|4|52UZPE01152001T48MT01EBS001|900091143|CC|59310291|ENFERMERA|52UZPE01152001T48MT01EBS001H0863F0863CF863|2025-10-04|1||1||3||1||3|2|11|5|3|2|20||2|13|0||1||1||1||1||1|6|3|1|1|1|1|2|2|2|2|2|2||2|2|2|1||6||2|2|2|1|1|1|2|2|1|52UZPE01152001T48MT01EBS001H086352UZPE01152001T48MT01EBS001H0863F0863
2|771|1|52|UZPE011|52001|T48|MT01|FRAY EZEQUIEL MORENO|MANZANAACASA20|-77.266237|1.220569||52UZPE01152001T48MT01EBS001H0864|52UZPE01152001T48MT01EBS001H0864F0864|1|1|1|2|52UZPE01152001T48MT01EBS001|900091143|CC|59310291|ENFERMERA|52UZPE01152001T48MT01EBS001H0864F0864CF864|2025-10-16|1||1||3||1||3|2|11|5|3|2|20||2|13|0||1||1||1||1||1|2|3|1|1|1|2|2|2|2|2|2|2||2|2|2|1||6||2|2|2|1|2|1|2|2|1|52UZPE01152001T48MT01EBS001H086452UZPE01152001T48MT01EBS001H0864F0864
2|772|1|52|UZPE011|52001|T48|MT01|FRAY EZEQUIEL MORENO|MZA|-77.265826|1.220286||52UZPE01152001T48MT01EBS001H0865|52UZPE01152001T48MT01EBS001H0865F0865|1|1|1|2|52UZPE01152001T48MT01EBS001|900091143|CC|59310291|ENFERMERA|52UZPE01152001T48MT01EBS001H0865F0865CF865|2025-10-17|1||1||3||1||3|2|11|5|3|2|20||2|13|0||1||1||1||1||2|2|3|4|1|1|1|2|2|2|2|2|2||2|2|2|1||6||2|2|2|1|2|1|2|2|1|52UZPE01152001T48MT01EBS001H086552UZPE01152001T48MT01EBS001H0865F0865
2|773|1|52|UZPE011|52001|T48|MT01|FRAY EZEQUIEL MORENO|CRA243026CUJACALBAJO|-77.267091|1.220536||52UZPE01152001T48MT01EBS001H0866|52UZPE01152001T48MT01EBS001H0866F0866|1|1|1|2|52UZPE01152001T48MT01EBS001|900091143|CC|1085260497|PSICOLOGO|52UZPE01152001T48MT01EBS001H0866F0866CF866|2025-10-21|4||1||3||1||1|2|11|5|3|2|20||2|13|0||1||1||1||1||1|2|3|1|1|1|4|2|2|2|2|2|2||2|2|1|1||6||1|2|2|1|2|1|2|2|1|52UZPE01152001T48MT01EBS001H086652UZPE01152001T48MT01EBS001H0866F0866
2|774|1|52|UZPE011|52001|T48|MT01|FRAY EZEQUIEL MORENO|CRA243095CUJACALBAJO|-77.266613|1.220803||52UZPE01152001T48MT01EBS001H0867|52UZPE01152001T48MT01EBS001H0867F0867|1|1|1|1|52UZPE01152001T48MT01EBS001|900091143|CC|1085260497|PSICOLOGO|52UZPE01152001T48MT01EBS001H0867F0867CF867|2025-10-24|1||1||3||4||1|2|8|5|2|2|20||1|13|0||1||1||1||1||2|1|1|1|1|1|2|2|2|2|2|2|2||2|2|1|1||6||1|2|2|1|2|1|2|2|1|52UZPE01152001T48MT01EBS001H086752UZPE01152001T48MT01EBS001H0867F0867
2|775|1|52|UZPE011|52001|T48|MT01|FRAY EZEQUIEL MORENO|CARRERA24CASA3099|-77.266142|1.220425||52UZPE01152001T48MT01EBS001H0868|52UZPE01152001T48MT01EBS001H0868F0868|1|1|1|3|52UZPE01152001T48MT01EBS001|900091143|CC|1089291166|AUXILIARDEENFERMERIA|52UZPE01152001T48MT01EBS001H0868F0868CF868|2025-10-24|1||1||3||4||2|2|11|5|3|2|20||1|13|0||1||1||1||1||2|3|3|1|1|1|1|2|2|2|2|2|2||2|2|1|2||6||1|2|2|1|2|1|2|2|1|52UZPE01152001T48MT01EBS001H086852UZPE01152001T48MT01EBS001H0868F0868
2|776|1|52|UZPE011|52001|T48|MT01|FRAY EZEQUIEL MORENO|CRA24338CUJACALBAJO|-77.265019|1.221472||52UZPE01152001T48MT01EBS001H0869|52UZPE01152001T48MT01EBS001H0869F0869|1|1|1|1|52UZPE01152001T48MT01EBS001|900091143|CC|1085260497|PSICOLOGO|52UZPE01152001T48MT01EBS001H0869F0869CF869|2025-11-11|1||1||3||1||1|2|11|5|2|2|20||2|13|0||1||1||1||1||7|1|3|1|1|1|1|2|2|2|2|2|2||2|2|1|2||6||1|2|2|1|2|1|2|2|1|52UZPE01152001T48MT01EBS001H086952UZPE01152001T48MT01EBS001H0869F0869
2|777|1|52|UZPE011|52001|T48|MT01|FRAY EZEQUIEL MORENO|CRA2430186|-77.266211|1.220931||52UZPE01152001T48MT01EBS001H0870|52UZPE01152001T48MT01EBS001H0870F0870|1|1|1|1|52UZPE01152001T48MT01EBS001|900091143|CC|1004236159|AUXILIARDEENFERMERIA|52UZPE01152001T48MT01EBS001H0870F0870CF870|2025-10-25|1||1||3||1||2|2|11|5|2|2|20||1|13|0||1||1||1||1||7|1|3|2|1|1|1|2|2|2|2|2|2||2|2|2|1||6||2|2|2|1|1|1|2|2|1|52UZPE01152001T48MT01EBS001H087052UZPE01152001T48MT01EBS001H0870F0870
2|778|1|52|UZPE011|52001|T48|MT01|FRAY EZEQUIEL MORENO|CRA2430165|-77.266008|1.221037||52UZPE01152001T48MT01EBS001H0871|52UZPE01152001T48MT01EBS001H0871F0871|1|1|1|1|52UZPE01152001T48MT01EBS001|900091143|CC|1004236159|AUXILIARDEENFERMERIA|52UZPE01152001T48MT01EBS001H0871F0871CF871|2025-10-28|1||1||3||1||1|2|11|5|2|2|20||2|13|0||1||1||1||1||7|1|1|3|1|1|5|2|2|2|2|2|2||2|2|1|2||6||1|2|2|1|2|1|2|2|1|52UZPE01152001T48MT01EBS001H087152UZPE01152001T48MT01EBS001H0871F0871
2|779|1|52|UZPE011|52001|T48|MT01|FRAY EZEQUIEL MORENO|MANZANACCSA8|-77.266687|1.219051||52UZPE01152001T48MT01EBS001H0872|52UZPE01152001T48MT01EBS001H0872F0872|1|1|1|3|52UZPE01152001T48MT01EBS001|900091143|CC|1004236159|AUXILIARDEENFERMERIA|52UZPE01152001T48MT01EBS001H0872F0872CF872|2025-10-29|1||1||3||1||3|2|11|5|2|2|20||2|13|0||1||1||1||1||4|1|3|3|1|1|1|2|2|2|2|2|2||2|2|2|1||6||2|2|2|1|1|1|2|2|1|52UZPE01152001T48MT01EBS001H087252UZPE01152001T48MT01EBS001H0872F0872
2|780|1|52|UZPE011|52001|T48|MT01|FRAY EZEQUIEL MORENO|CR24N3083|-77.266974|1.220227||52UZPE01152001T48MT01EBS001H0873|52UZPE01152001T48MT01EBS001H0873F0873|1|3|3|7|52UZPE01152001T48MT01EBS001|900091143|CC|1004236159|AUXILIARDEENFERMERIA|52UZPE01152001T48MT01EBS001H0873F0873CF873|2025-10-21|1||1||3||1||4|2|11|5|3|2|20||2|13|0||1||1||1||1||4|2|3|2|1|1|1|2|2|2|2|2|2||2|2|1|1||6||1|2|2|1|2|1|2|2|1|52UZPE01152001T48MT01EBS001H087352UZPE01152001T48MT01EBS001H0873F0873
2|781|1|52|UZPE011|52001|T48|MT01|FRAY EZEQUIEL MORENO|CR24N3083|-77.266974|1.220227||52UZPE01152001T48MT01EBS001H0874|52UZPE01152001T48MT01EBS001H0874F0874|1|3|3|7|52UZPE01152001T48MT01EBS001|900091143|CC|1004236159|AUXILIARDEENFERMERIA|52UZPE01152001T48MT01EBS001H0874F0874CF874|2025-10-21|1||1||3||1||4|2|11|5|3|2|20||2|13|0||1||1||1||1||1|3|3|2|1|1|1|2|2|2|2|2|2||2|2|2|1||6||2|2|2|1|2|1|2|2|1|52UZPE01152001T48MT01EBS001H087452UZPE01152001T48MT01EBS001H0874F0874
2|782|1|52|UZPE011|52001|T48|MT01|FRAY EZEQUIEL MORENO|CRA2430360|-77.264919|1.221357||52UZPE01152001T48MT01EBS001H0875|52UZPE01152001T48MT01EBS001H0875F0875|1|1|1|1|52UZPE01152001T48MT01EBS001|900091143|CC|1004236159|AUXILIARDEENFERMERIA|52UZPE01152001T48MT01EBS001H0875F0875CF875|2025-10-30|1||2||5||4||1|2|4|5|2|1|8||2|13|0||1||1||1||1||7|1|3|3|1|1|1|2|2|2|2|2|2||2|2|2|1||6||2|2|2|1|1|1|2|2|1|52UZPE01152001T48MT01EBS001H087552UZPE01152001T48MT01EBS001H0875F0875
2|783|1|52|UZPE011|52001|T48|MT01|FRAY EZEQUIEL MORENO|CRA2430339CUJACALBAJO|-77.265138|1.221775||52UZPE01152001T48MT01EBS001H0876|52UZPE01152001T48MT01EBS001H0876F0876|1|1|1|2|52UZPE01152001T48MT01EBS001|900091143|CC|1085260497|PSICOLOGO|52UZPE01152001T48MT01EBS001H0876F0876CF876|2025-11-11|1||1||3||1||1|2|11|5|3|2|20||2|13|0||3||1||1||1||1|2|3|1|1|1|4|2|2|2|2|2|2||2|2|1|2||6||1|2|2|1|1|1|2|2|1|52UZPE01152001T48MT01EBS001H087652UZPE01152001T48MT01EBS001H0876F0876
2|784|1|52|UZPE011|52001|T48|MT01|FRAY EZEQUIEL MORENO|CRA24N3070|-77.266824|1.220466||52UZPE01152001T48MT01EBS001H0877|52UZPE01152001T48MT01EBS001H0877F0877|1|1|1|3|52UZPE01152001T48MT01EBS001|900091143|CC|1089291166|AUXILIARDEENFERMERIA|52UZPE01152001T48MT01EBS001H0877F0877CF877|2025-10-24|1||1||3||1||3|1|11|5|3|2|20||1|13|0||1||1||1||1||1|3|3|1|1|1|1|2|2|2|2|2|2||2|2|2|1||6||2|2|2|1|2|1|2|2|1|52UZPE01152001T48MT01EBS001H087752UZPE01152001T48MT01EBS001H0877F0877
2|785|1|52|UZPE011|52001|T48|MT01|FRAY EZEQUIEL MORENO|CRA24N30339|-77.365138|1.221775||52UZPE01152001T48MT01EBS001H0878|52UZPE01152001T48MT01EBS001H0878F0878|1|1|1|2|52UZPE01152001T48MT01EBS001|900091143|CC|1089291166|AUXILIARDEENFERMERIA|52UZPE01152001T48MT01EBS001H0878F0878CF878|2025-11-11|1||1||3||1||2|2|11|5|3|2|20||2|13|0||1||1||1||1||2|2|3|1|1|1|1|2|2|2|2|2|2||2|2|2|1||6||2|2|2|1|2|1|2|2|1|52UZPE01152001T48MT01EBS001H087852UZPE01152001T48MT01EBS001H0878F0878
2|786|1|52|UZPE011|52001|T48|MT01|FRAY EZEQUIEL MORENO|CRA24N30183|-77.266132|1.220836||52UZPE01152001T48MT01EBS001H0879|52UZPE01152001T48MT01EBS001H0879F0879|1|1|1|1|52UZPE01152001T48MT01EBS001|900091143|CC|1004236159|AUXILIARDEENFERMERIA|52UZPE01152001T48MT01EBS001H0879F0879CF879|2025-11-12|1||1||3||1||2|2|11|5|3|2|20||2|13|0||1||1||1||1||7|1|3|3|1|1|1|2|2|2|2|2|2||2|2|1|1||6||1|2|2|1|1|1|2|2|1|52UZPE01152001T48MT01EBS001H087952UZPE01152001T48MT01EBS001H0879F0879
2|787|1|52|UZPE011|52001|T48|MT01|FRAY EZEQUIEL MORENO|CRA24N3092|-77.266512|1.220575||52UZPE01152001T48MT01EBS001H0880|52UZPE01152001T48MT01EBS001H0880F0880|1|1|1|3|52UZPE01152001T48MT01EBS001|900091143|CC|1089291166|AUXILIARDEENFERMERIA|52UZPE01152001T48MT01EBS001H0880F0880CF880|2025-11-12|1||1||6||1||0|2|11|5|3|1|8||2|13|0||1||1||1||1||2|2|3|2|1|1|1|2|2|2|2|2|2||2|2|1|2||6||1|2|2|1|1|1|2|2|1|52UZPE01152001T48MT01EBS001H088052UZPE01152001T48MT01EBS001H0880F0880
2|788|1|52|UZPE011|52001|T48|MT01|FRAY EZEQUIEL MORENO|CRA24N30320|-77.265241|1.221402||52UZPE01152001T48MT01EBS001H0881|52UZPE01152001T48MT01EBS001H0881F0881|1|1|1|2|52UZPE01152001T48MT01EBS001|900091143|CC|1004236159|AUXILIARDEENFERMERIA|52UZPE01152001T48MT01EBS001H0881F0881CF881|2025-11-06|1||1||3||1||2|2|11|5|3|2|20||1|13|0||1||1||1||1||1|2|3|1|1|1|1|2|2|2|2|2|2||2|2|2|1||6||2|2|2|1|1|1|2|2|1|52UZPE01152001T48MT01EBS001H088152UZPE01152001T48MT01EBS001H0881F0881
2|789|1|52|UZPE011|52001|T48|MT01|FRAY EZEQUIEL MORENO|CRA243077|-77.26579|1.221172||52UZPE01152001T48MT01EBS001H0882|52UZPE01152001T48MT01EBS001H0882F0882|1|1|1|3|52UZPE01152001T48MT01EBS001|900091143|CC|1004236159|AUXILIARDEENFERMERIA|52UZPE01152001T48MT01EBS001H0882F0882CF882|2025-11-20|1||1||3||1||3|2|11|5|3|2|20||2|13|0||1||1||1||1||1|3|3|1|1|1|1|2|2|2|2|2|2||2|2|2|1||6||2|2|2|1|2|1|2|2|1|52UZPE01152001T48MT01EBS001H088252UZPE01152001T48MT01EBS001H0882F0882
2|790|1|52|UZPE011|52001|T48|MT01|FRAY EZEQUIEL MORENO|CRA2430457CUJACALBAJO|-77.264325|1.22209||52UZPE01152001T48MT01EBS001H0883|52UZPE01152001T48MT01EBS001H0883F0883|1|1|1|2|52UZPE01152001T48MT01EBS001|900091143|CC|1085260497|PSICOLOGO|52UZPE01152001T48MT01EBS001H0883F0883CF883|2025-11-20|1||1||3||8||2|2|11|5|2|2|20||1|13|0||3||1||1||1||2|2|2|1|1|1|1|2|2|2|2|2|2||2|2|1|2||6||1|2|2|1|1|1|2|2|1|52UZPE01152001T48MT01EBS001H088352UZPE01152001T48MT01EBS001H0883F0883
2|791|1|52|UZPE011|52001|T48|MT01|FRAY EZEQUIEL MORENO|CRA2430454|-77.266237|1.220569||52UZPE01152001T48MT01EBS001H0884|52UZPE01152001T48MT01EBS001H0884F0884|2|2|2|3|52UZPE01152001T48MT01EBS001|900091143|CC|59310291|ENFERMERA|52UZPE01152001T48MT01EBS001H0884F0884CF884|2025-12-02|1||1||3||1||2|2|11|5|2|2|20||2|13|0||1||1||1||1||2|3|3|1|1|1|1|2|2|2|2|2|2||2|2|2|1||6||2|2|2|1|2|1|2|2|1|52UZPE01152001T48MT01EBS001H088452UZPE01152001T48MT01EBS001H0884F0884
3|792|PAOLA|ANDREA|TUTALCHA|HERNANDEZ|CC|1085295303|1992-03-21|2|2|6|9998|3|1||7|07|||8|55.0|157|||2||||||||||||52UZPE01152001T48MT01EBS001H000152UZPE01152001T48MT01EBS001H0001F0001|52UZPE01152001T48MT01EBS001H000152UZPE01152001T48MT01EBS001H0001F0001CC1085295303
3|793|JUAN|DANIEL|NASPIRAN|TUTALCHA|RC|1081286814|2018-06-24|1|2|6|9998|3|1||8|07|||8|27.0|112|||2||||||||||||52UZPE01152001T48MT01EBS001H000152UZPE01152001T48MT01EBS001H0001F0001|52UZPE01152001T48MT01EBS001H000152UZPE01152001T48MT01EBS001H0001F0001RC1081286814
3|794|ROBER|ARTEMIO|NASPIRAN|BARRERA|CC|1085270841|1988-10-20|1|2|6|5169|3|2||7|07|||8|65.0|166|||2||||||||||||52UZPE01152001T48MT01EBS001H000152UZPE01152001T48MT01EBS001H0001F0001|52UZPE01152001T48MT01EBS001H000152UZPE01152001T48MT01EBS001H0001F0001CC1085270841
3|795|MARIA|EUGENIA|MELO|ROSERO|CC|27109046|1964-05-20|2|2|6|9998|3|1||7|07|||8|70.0|158|||2||||||||||||52UZPE01152001T48MT01EBS001H000252UZPE01152001T48MT01EBS001H0002F0002|52UZPE01152001T48MT01EBS001H000252UZPE01152001T48MT01EBS001H0002F0002CC27109046
3|796|AIDA|MERCEDES|HERNADEZ|NOTIENE|CC|30722634|1958-10-27|2|2|6|9998|3|1||3|07|||8|46.0|152|||2||||||||||||52UZPE01152001T48MT01EBS001H000452UZPE01152001T48MT01EBS001H0004F0004|52UZPE01152001T48MT01EBS001H000452UZPE01152001T48MT01EBS001H0004F0004CC30722634
3|797|LUISA|MARIA|NARVAEZ|URBANO|TI|1081279489|2009-06-14|2|2|6|9998|3|2||1|07|||8|63.0|154|||2||||||||||||52UZPE01152001T48MT01EBS001H000352UZPE01152001T48MT01EBS001H0003F0003|52UZPE01152001T48MT01EBS001H000352UZPE01152001T48MT01EBS001H0003F0003TI1081279489
3|798|JUAN|SEBASTIAN|MONTENEGRO|URBANO|RC|1080706926|2019-10-23|1|2|6|9998|3|2||8|07|||8|||||2||||||||||||52UZPE01152001T48MT01EBS001H000352UZPE01152001T48MT01EBS001H0003F0003|52UZPE01152001T48MT01EBS001H000352UZPE01152001T48MT01EBS001H0003F0003RC1080706926
3|799|DIANA|CRISTINA|URBANO|QUINTERO|CC|1085298561|1992-03-17|2|2|6|5169|3|2||7|07|||8|62.0|177|||2||||||||||||52UZPE01152001T48MT01EBS001H000352UZPE01152001T48MT01EBS001H0003F0003|52UZPE01152001T48MT01EBS001H000352UZPE01152001T48MT01EBS001H0003F0003CC1085298561
3|800|BYRON|GIOVANNI|MONTENEGRO|USAMA|CC|1085315291|1994-09-12|1|2|6|5169|3|2||7|07|||8|68.0|170|||2||||||||||||52UZPE01152001T48MT01EBS001H000352UZPE01152001T48MT01EBS001H0003F0003|52UZPE01152001T48MT01EBS001H000352UZPE01152001T48MT01EBS001H0003F0003CC1085315291
3|801|GLORIA|ESPERANZA|DIAZ|PALACIOS|CC|27093486|1980-03-25|2|2|6|9510|3|2||7|07|||8|62.0|157|||2||||||||||||52UZPE01152001T48MT01EBS001H000552UZPE01152001T48MT01EBS001H0005F0005|52UZPE01152001T48MT01EBS001H000552UZPE01152001T48MT01EBS001H0005F0005CC27093486
3|802|LEIDY|JOHANA|ROJAS|PORTILLA|CC|1004728371|2001-12-08|2|2|6|5169|3|2||7|07|||8|54.0|150|||2||||||||||||52UZPE01152001T48MT01EBS001H000652UZPE01152001T48MT01EBS001H0006F0006|52UZPE01152001T48MT01EBS001H000652UZPE01152001T48MT01EBS001H0006F0006CC1004728371
3|803|KAROL|ALEJANDRA|VILLOTA|OVIEDO|CC|1004135823|2003-10-18|2|2|6|9998|3|1||7|07|||8|64.0|158|||2||||||||||||52UZPE01152001T48MT01EBS001H000752UZPE01152001T48MT01EBS001H0007F0007|52UZPE01152001T48MT01EBS001H000752UZPE01152001T48MT01EBS001H0007F0007CC1004135823
3|804|MATIAS|ALEJANDRO|SALAS|VILLOTA|RC|1080071671|2021-02-09|1|2|6|9998|3|1||8|07|||8|||||2||||||||||||52UZPE01152001T48MT01EBS001H000752UZPE01152001T48MT01EBS001H0007F0007|52UZPE01152001T48MT01EBS001H000752UZPE01152001T48MT01EBS001H0007F0007RC1080071671
3|805|ANA|CRISTINA|ZAMORA|INSANDARA|CC|59831018|1973-12-06|2|2|6|5169|3|2||7|07|||8|70.0|158|||2||||||||||||52UZPE01152001T48MT01EBS001H000852UZPE01152001T48MT01EBS001H0008F0008|52UZPE01152001T48MT01EBS001H000852UZPE01152001T48MT01EBS001H0008F0008CC59831018
3|806|MARIO|ALEJANDRO|TORRES|ZAMORA|TI|1080055084|2009-06-09|1|2|6|9998|3|2||1|07|||8|58.0|160|||2||||||||||||52UZPE01152001T48MT01EBS001H000852UZPE01152001T48MT01EBS001H0008F0008|52UZPE01152001T48MT01EBS001H000852UZPE01152001T48MT01EBS001H0008F0008TI1080055084
3|807|LEONELA|ALEXANDRA|RAMIREZ|RIASCOS|CC|1085261180|1987-10-01|2|2|6|9510|3|1||7|07|||8|65.0|160|||2||||||||||||52UZPE01152001T48MT01EBS001H000952UZPE01152001T48MT01EBS001H0009F0009|52UZPE01152001T48MT01EBS001H000952UZPE01152001T48MT01EBS001H0009F0009CC1085261180
3|808|ELKIN|ERNESTO|RIVAS|RAMIREZ|RC|1058553943|2019-01-29|1|2|6|9998|3|1||8|07|||8|||||2||||||||||||52UZPE01152001T48MT01EBS001H000952UZPE01152001T48MT01EBS001H0009F0009|52UZPE01152001T48MT01EBS001H000952UZPE01152001T48MT01EBS001H0009F0009RC1058553943
3|809|SHARA|VALENTINA|RIVAS|RAMIREZ|TI|1080692977|2006-11-18|2|2|6|9998|3|1||1|07|||8|57.0|160|||2||||||||||||52UZPE01152001T48MT01EBS001H000952UZPE01152001T48MT01EBS001H0009F0009|52UZPE01152001T48MT01EBS001H000952UZPE01152001T48MT01EBS001H0009F0009TI1080692977
3|810|MARIBEL|CRISTINA|ZAMBRANO|CORAL|CC|36759912|1981-11-12|2|2|6|5169|3|1||7|07|||8|57.0|160|||2||||||||||||52UZPE01152001T48MT01EBS001H001052UZPE01152001T48MT01EBS001H0010F0010|52UZPE01152001T48MT01EBS001H001052UZPE01152001T48MT01EBS001H0010F0010CC36759912
3|811|YULIHETD|DAYANA|DELACRUZ|ZAMBRANO|TI|1030020293|2006-12-05|2|2|6|9998|3|1||1|07|||8|58.0|158|||2||||||||||||52UZPE01152001T48MT01EBS001H001052UZPE01152001T48MT01EBS001H0010F0010|52UZPE01152001T48MT01EBS001H001052UZPE01152001T48MT01EBS001H0010F0010TI1030020293
3|812|JOSUE|ALEJANDRO|ALMEIDA|MARTINEZ|RC|1080711702|2024-07-27|1|2|6|9998|3|2||8|07|||8|||||2||||||||||||52UZPE01152001T48MT01EBS001H001152UZPE01152001T48MT01EBS001H0011F0011|52UZPE01152001T48MT01EBS001H001152UZPE01152001T48MT01EBS001H0011F0011RC1080711702
3|813|JOSEPH|EMANUEL|ALMEIDA|MARTINEZ|TI|1080695774|2010-06-23|1|2|6|9998|3|2||1|07|||8|57.0|162|||2||||||||||||52UZPE01152001T48MT01EBS001H001152UZPE01152001T48MT01EBS001H0011F0011|52UZPE01152001T48MT01EBS001H001152UZPE01152001T48MT01EBS001H0011F0011TI1080695774
3|814|FRANCISCO|JAVIER|ALMEIDA|DELGADO|CC|87070132|1985-07-05|1|2|6|5169|3|2||7|07|||8|70.0|165|||2||||||||||||52UZPE01152001T48MT01EBS001H001152UZPE01152001T48MT01EBS001H0011F0011|52UZPE01152001T48MT01EBS001H001152UZPE01152001T48MT01EBS001H0011F0011CC87070132
3|815|DAIRA|XIMENA|MARTINEZ|SINZA|CC|1086329615|1989-08-21|2|2|6|5169|3|2||7|07|||8|59.0|158|||2||||||||||||52UZPE01152001T48MT01EBS001H001152UZPE01152001T48MT01EBS001H0011F0011|52UZPE01152001T48MT01EBS001H001152UZPE01152001T48MT01EBS001H0011F0011CC1086329615
3|816|MARIA|SANTOS|DELGADO|CARLOSAMA|CC|30726980|1962-04-10|2|2|6|9510|3|2||3|07|||1|67.0|148|||2||||||||||||52UZPE01152001T48MT01EBS001H001252UZPE01152001T48MT01EBS001H0012F0012|52UZPE01152001T48MT01EBS001H001252UZPE01152001T48MT01EBS001H0012F0012CC30726980
3|817|DAYANA|ELISABETH|CALVACHE|BOTINA|CC|1085311524|1994-04-04|2|2|6|5169|3|2||7|07|||8|68.0|160|||2||||||||||||52UZPE01152001T48MT01EBS001H001352UZPE01152001T48MT01EBS001H0013F0013|52UZPE01152001T48MT01EBS001H001352UZPE01152001T48MT01EBS001H0013F0013CC1085311524
3|818|SOE|VALENTINA|BENAVIDES|CALVACHE|RC|1080711033|2023-09-25|2|2|6|9998|3|2||8|07|||8|||||2||||||||||||52UZPE01152001T48MT01EBS001H001352UZPE01152001T48MT01EBS001H0013F0013|52UZPE01152001T48MT01EBS001H001352UZPE01152001T48MT01EBS001H0013F0013RC1080711033
3|819|JORGE|ENRIQUE|BENAVIDES|RODRIGUEZ|CC|1085295131|1993-02-21|1|2|6|5169|3|2||7|07|||8|83.0|180|||2||||||||||||52UZPE01152001T48MT01EBS001H001352UZPE01152001T48MT01EBS001H0013F0013|52UZPE01152001T48MT01EBS001H001352UZPE01152001T48MT01EBS001H0013F0013CC1085295131
3|820|NICOL|ALEJANDRA|PEREZ|GONZALES|TI|1081060612|2012-09-12|2|2|6|9998|3|2||1|07|||8|32.0|135|||2||||||||||||52UZPE01152001T48MT01EBS001H001452UZPE01152001T48MT01EBS001H0014F0014|52UZPE01152001T48MT01EBS001H001452UZPE01152001T48MT01EBS001H0014F0014TI1081060612
3|821|ANA|EDITH|GONZALES|INSUASTY|CC|37084594|1983-02-11|2|2|6|5169|3|2||7|07|||8|80.0|152|||2||||||||||||52UZPE01152001T48MT01EBS001H001452UZPE01152001T48MT01EBS001H0014F0014|52UZPE01152001T48MT01EBS001H001452UZPE01152001T48MT01EBS001H0014F0014CC37084594
3|822|MARCO|ANTONIO|PEREZ|MORENO|CC|98292068|1975-01-10|1|2|6|5169|3|2||7|07|||8|79.0|172|||2||||||||||||52UZPE01152001T48MT01EBS001H001452UZPE01152001T48MT01EBS001H0014F0014|52UZPE01152001T48MT01EBS001H001452UZPE01152001T48MT01EBS001H0014F0014CC98292068
3|823|DANNA|VALENTINA|PEREZ|GONZALES|TI|1081060611|2012-09-12|2|2|6|9998|3|2||1|07|||8|35.0|140|||2||||||||||||52UZPE01152001T48MT01EBS001H001452UZPE01152001T48MT01EBS001H0014F0014|52UZPE01152001T48MT01EBS001H001452UZPE01152001T48MT01EBS001H0014F0014TI1081060611
3|824|SEBASTIAN|DAVID|PEREZ|GONZALES|CC|1080690920|2004-10-08|1|2|6|9998|3|2||7|07|||8|63.0|170|||2||||||||||||52UZPE01152001T48MT01EBS001H001452UZPE01152001T48MT01EBS001H0014F0014|52UZPE01152001T48MT01EBS001H001452UZPE01152001T48MT01EBS001H0014F0014CC1080690920
3|825|SAMUEL|DAVID|ORTIZ|BURBANO|TI|1141720261|2011-07-25|1|2|6|9998|3|2||1|07|||8|35.0|130|||2||||||||||||52UZPE01152001T48MT01EBS001H001552UZPE01152001T48MT01EBS001H0015F0015|52UZPE01152001T48MT01EBS001H001552UZPE01152001T48MT01EBS001H0015F0015TI1141720261
3|826|YESIKA|ANDREA|URBANO|CHAVES|CC|1081594098|1992-08-27|2|2|6|5169|3|2||7|07|||8|55.0|158|||2||||||||||||52UZPE01152001T48MT01EBS001H001552UZPE01152001T48MT01EBS001H0015F0015|52UZPE01152001T48MT01EBS001H001552UZPE01152001T48MT01EBS001H0015F0015CC1081594098
3|827|CRISTIAN|DARIO|ORTIZ|GALLARDO|CC|1085288600|1991-05-21|1|2|6|5169|3|2||7|07|||8|70.0|168|||2||||||||||||52UZPE01152001T48MT01EBS001H001552UZPE01152001T48MT01EBS001H0015F0015|52UZPE01152001T48MT01EBS001H001552UZPE01152001T48MT01EBS001H0015F0015CC1085288600
3|828|ENNY|PATRICIA|MATABAJOY|ACOSTA|CC|1089458748|1988-09-25|2|2|6|5169|3|2||7|07|||8|56.0|162|||2||||||||||||52UZPE01152001T48MT01EBS001H001652UZPE01152001T48MT01EBS001H0016F0016|52UZPE01152001T48MT01EBS001H001652UZPE01152001T48MT01EBS001H0016F0016CC1089458748
3|829|MARITZA|DELCARMEN|GUAMIALAMAG|POZO|CC|1030525273|1986-06-15|2|2|6|5169|3|2||7|07|||8|60.0|160|||2||||||||||||52UZPE01152001T48MT01EBS001H001852UZPE01152001T48MT01EBS001H0018F0018|52UZPE01152001T48MT01EBS001H001852UZPE01152001T48MT01EBS001H0018F0018CC1030525273
3|830|WILMER|ANDRES|CORAL|GONZALES|CC|1085261243|1987-10-02|1|2|6|5169|3|5||7|07|||8|90.0|174|||2||||||||||||52UZPE01152001T48MT01EBS001H001752UZPE01152001T48MT01EBS001H0017F0017|52UZPE01152001T48MT01EBS001H001752UZPE01152001T48MT01EBS001H0017F0017CC1085261243
3|831|ROSARIO|JOSEFINA|MORAN|MAFLA|CC|1085336017|1997-08-08|2|1|6|9998|3|2||7|07|||8|79.0|159|||2||||||||||||52UZPE01152001T48MT01EBS001H001752UZPE01152001T48MT01EBS001H0017F0017|52UZPE01152001T48MT01EBS001H001752UZPE01152001T48MT01EBS001H0017F0017CC1085336017
3|832|ANGELA|VALENTINA|GARCIA|CERON|CC|1004508625|2002-02-23|2|2|6|5169|3|1||7|07|||8|55.0|155|||2||||||||||||52UZPE01152001T48MT01EBS001H001952UZPE01152001T48MT01EBS001H0019F0019|52UZPE01152001T48MT01EBS001H001952UZPE01152001T48MT01EBS001H0019F0019CC1004508625
3|833|CRISTOPHER|ISAAC|SANCHEZ|GARCIA|RC|108070637|2022-06-29|1|2|6|9998|3|1||8|07|||8|||||2||||||||||||52UZPE01152001T48MT01EBS001H001952UZPE01152001T48MT01EBS001H0019F0019|52UZPE01152001T48MT01EBS001H001952UZPE01152001T48MT01EBS001H0019F0019RC108070637
3|834|ANA|YELY|ESCOBAR|MUNOZ|CC|1004216973|2003-01-21|2|2|6|5169|3|1||7|07|||8|50.0|150|||2||||||||||||52UZPE01152001T48MT01EBS001H002152UZPE01152001T48MT01EBS001H0021F0021|52UZPE01152001T48MT01EBS001H002152UZPE01152001T48MT01EBS001H0021F0021CC1004216973
3|835|ALAN|JAVIER|ESTRADA|ESCOBAR|RC|1085350935|2024-08-05|1|2|6|9998|3|1||8|07|||8|||||2||||||||||||52UZPE01152001T48MT01EBS001H002152UZPE01152001T48MT01EBS001H0021F0021|52UZPE01152001T48MT01EBS001H002152UZPE01152001T48MT01EBS001H0021F0021RC1085350935
3|836|YENY|MARCELA|MARTINEZ|INSUASTY|CC|1085270773|1989-08-20|2|2|6|5169|3|2||7|07|||8|65.0|150|||2||||||||||||52UZPE01152001T48MT01EBS001H002052UZPE01152001T48MT01EBS001H0020F0020|52UZPE01152001T48MT01EBS001H002052UZPE01152001T48MT01EBS001H0020F0020CC1085270773
3|837|MIGUEL|ANGEL|JAIMES|ROA|CC|1005157808|2003-08-16|1|2|6|9510|3|1||7|07|||8|70.0|173|||2||||||||||||52UZPE01152001T48MT01EBS001H002052UZPE01152001T48MT01EBS001H0020F0020|52UZPE01152001T48MT01EBS001H002052UZPE01152001T48MT01EBS001H0020F0020CC1005157808
3|838|VICTORIA|ELISABETH|JAIMES|MARTINEZ|RC|1081068721|2024-05-06|2|2|6|9998|3|2||8|07|||8|6.5|62|||2||||||||||||52UZPE01152001T48MT01EBS001H002052UZPE01152001T48MT01EBS001H0020F0020|52UZPE01152001T48MT01EBS001H002052UZPE01152001T48MT01EBS001H0020F0020RC1081068721
3|839|MIGUEL|NA|JAIMES|RAMIREZ|CC|91182450|1979-10-30|1|2|6|9510|3|1||7|07|||8|72.0|173|||2||||||||||||52UZPE01152001T48MT01EBS001H002452UZPE01152001T48MT01EBS001H0024F0024|52UZPE01152001T48MT01EBS001H002452UZPE01152001T48MT01EBS001H0024F0024CC91182450
3|840|ENELIA|VICTORIA|BASANTE|MORENO|CC|30741943|1967-10-21|2|2|6|9998|3|1||7|07|||8|66.0|148|||2||||||||||||52UZPE01152001T48MT01EBS001H002552UZPE01152001T48MT01EBS001H0025F0025|52UZPE01152001T48MT01EBS001H002552UZPE01152001T48MT01EBS001H0025F0025CC30741943
3|841|JHON|ALEXANDER|MONTILLA|CHINGUA|CC|1085332908|1996-12-09|1|2|6|9510|3|1||7|07|||8|65.0|163|||2||||||||||||52UZPE01152001T48MT01EBS001H002252UZPE01152001T48MT01EBS001H0022F0022|52UZPE01152001T48MT01EBS001H002252UZPE01152001T48MT01EBS001H0022F0022CC1085332908
3|842|SEBASTIAN|FELIPE|POPAYAN|ROJAS|TI|1030001987|2016-03-19|1|2|6|9998|3|1||8|07|||8|26.0|121|||2||||||||||||52UZPE01152001T48MT01EBS001H002352UZPE01152001T48MT01EBS001H0023F0023|52UZPE01152001T48MT01EBS001H002352UZPE01152001T48MT01EBS001H0023F0023TI1030001987
3|843|JIMENA|ANDREA|ROJAS|CRUZ|CC|1123324698|1988-09-16|2|2|6|5169|3|2||7|07|||8|56.0|153|||2||||||||||||52UZPE01152001T48MT01EBS001H002352UZPE01152001T48MT01EBS001H0023F0023|52UZPE01152001T48MT01EBS001H002352UZPE01152001T48MT01EBS001H0023F0023CC1123324698
3|844|MANUEL|ANTONIO|POPAYAN|RIVERA|CC|1084552113|1994-01-23|1|2|6|5169|3|1||7|07|||8|64.0|164|||2||||||||||||52UZPE01152001T48MT01EBS001H002352UZPE01152001T48MT01EBS001H0023F0023|52UZPE01152001T48MT01EBS001H002352UZPE01152001T48MT01EBS001H0023F0023CC1084552113
3|845|PETER|ALEJANDRO|CEPEDA|LOPEZ|CC|1085319082|1995-02-17|1|2|6|9510|3|2||7|07|||8|72.0|167|||2||||||||||||52UZPE01152001T48MT01EBS001H002652UZPE01152001T48MT01EBS001H0026F0026|52UZPE01152001T48MT01EBS001H002652UZPE01152001T48MT01EBS001H0026F0026CC1085319082
3|846|YESID|MATEO|ANDRADE|ZAMBRANO|CC|193279432|2000-01-07|1|2|6|9510|3|1||7|07|||8|62.0|162|||2||||||||||||52UZPE01152001T48MT01EBS001H002652UZPE01152001T48MT01EBS001H0026F0026|52UZPE01152001T48MT01EBS001H002652UZPE01152001T48MT01EBS001H0026F0026CC193279432
3|847|WILLIAM|YOBANI|MUESES|BENITES|CC|1085939885|1995-04-14|1|2|6|5169|3|2||7|07|||8|63.0|165|||2||||||||||||52UZPE01152001T48MT01EBS001H002752UZPE01152001T48MT01EBS001H0027F0027|52UZPE01152001T48MT01EBS001H002752UZPE01152001T48MT01EBS001H0027F0027CC1085939885
3|848|MARIA|JOSE|POLO|ZARAMA|CC|1193458291|2001-08-15|2|2|6|9998|3|1||7|07|||8|64.0|166|||2||||||||||||52UZPE01152001T48MT01EBS001H002852UZPE01152001T48MT01EBS001H0028F0028|52UZPE01152001T48MT01EBS001H002852UZPE01152001T48MT01EBS001H0028F0028CC1193458291
3|849|JASSIR|ANDREA|ZARAMA|TORO|CC|36952370|1980-07-28|2|2|6|9510|3|1||7|07|||8|74.0|160|||2||||||||||||52UZPE01152001T48MT01EBS001H002852UZPE01152001T48MT01EBS001H0028F0028|52UZPE01152001T48MT01EBS001H002852UZPE01152001T48MT01EBS001H0028F0028CC36952370
3|850|CARMEN|LUCIA|AREVALO|RODRIGUEZ|CC|28787893|1967-12-04|2|2|6|9998|3|2||7|07|||8|72.0|160|||2||||||||||||52UZPE01152001T48MT01EBS001H002952UZPE01152001T48MT01EBS001H0029F0029|52UZPE01152001T48MT01EBS001H002952UZPE01152001T48MT01EBS001H0029F0029CC28787893
3|851|ARLEY|FERNANDO|RENGIFO|ZAMORA|CC|12751954|1982-07-02|1|2|6|9510|3|1||7|07|||8|65.0|167|||2||||||||||||52UZPE01152001T48MT01EBS001H003052UZPE01152001T48MT01EBS001H0030F0030|52UZPE01152001T48MT01EBS001H003052UZPE01152001T48MT01EBS001H0030F0030CC12751954
3|852|MILENA|LILIANA|ROSERO|MORENO|CC|36951000|1980-04-01|2|2|6|9998|3|1||7|07|||8|60.0|150|||2||||||||||||52UZPE01152001T48MT01EBS001H003052UZPE01152001T48MT01EBS001H0030F0030|52UZPE01152001T48MT01EBS001H003052UZPE01152001T48MT01EBS001H0030F0030CC36951000
3|853|WILMAR|ALDAVER|VILLAMIL|PARRA|CC|1053327297|1985-03-28|1|2|6|5169|3|5||7|07|||8|72.0|175|||2||||||||||||52UZPE01152001T48MT01EBS001H003152UZPE01152001T48MT01EBS001H0031F0031|52UZPE01152001T48MT01EBS001H003152UZPE01152001T48MT01EBS001H0031F0031CC1053327297
3|854|YOLIMAR|NA|JAIMES|CAICEDO|CC|1098748438|1993-11-22|2|2|6|9998|3|5||7|07|||8|61.0|164|||2||||||||||||52UZPE01152001T48MT01EBS001H003152UZPE01152001T48MT01EBS001H0031F0031|52UZPE01152001T48MT01EBS001H003152UZPE01152001T48MT01EBS001H0031F0031CC1098748438
3|855|THIAGO|JOSEPH|VILLAMIL|JAIMES|RC|1099429669|2018-02-02|1|2|6|9998|3|5||8|07|||8|25.0|125|||2||||||||||||52UZPE01152001T48MT01EBS001H003152UZPE01152001T48MT01EBS001H0031F0031|52UZPE01152001T48MT01EBS001H003152UZPE01152001T48MT01EBS001H0031F0031RC1099429669
3|856|SARA|ESTEFANIA|CARLOSAMA|RIVERA|CC|1193480233|2001-08-15|1|2|6|9998|3|2||7|07|||8|60.0|160|||2||||||||||||52UZPE01152001T48MT01EBS001H003252UZPE01152001T48MT01EBS001H0032F0032|52UZPE01152001T48MT01EBS001H003252UZPE01152001T48MT01EBS001H0032F0032CC1193480233
3|857|BRAYAN|DANIEL|LOPEZ|CARLOSAMA|RC|1080709494|2022-06-03|1|2|6|9998|3|2||8|07|||8|||||2||||||||||||52UZPE01152001T48MT01EBS001H003252UZPE01152001T48MT01EBS001H0032F0032|52UZPE01152001T48MT01EBS001H003252UZPE01152001T48MT01EBS001H0032F0032RC1080709494
3|858|JEFERSON|DANIEL|LOPEZ|URBANO|CC|1007304936|2000-03-30|1|2|6|5169|3|2||7|07|||8|60.0|165|||2||||||||||||52UZPE01152001T48MT01EBS001H003252UZPE01152001T48MT01EBS001H0032F0032|52UZPE01152001T48MT01EBS001H003252UZPE01152001T48MT01EBS001H0032F0032CC1007304936
3|859|AIDA|JIMENA|URBANO|ESPANA|CC|1006788150|1986-09-18|2|2|6|9510|3|1||7|07|||8|51.0|152|||2||||||||||||52UZPE01152001T48MT01EBS001H003452UZPE01152001T48MT01EBS001H0034F0034|52UZPE01152001T48MT01EBS001H003452UZPE01152001T48MT01EBS001H0034F0034CC1006788150
3|860|YOVAR|ECTARLIN|GUANGA|CANTICUS|RC|1089298399|2021-02-21|1|2|6|9998|3|1||8|07|||8|||||2||||||||||||52UZPE01152001T48MT01EBS001H003352UZPE01152001T48MT01EBS001H0033F0033|52UZPE01152001T48MT01EBS001H003352UZPE01152001T48MT01EBS001H0033F0033RC1089298399
3|861|KAREN|NOHEMY|GUANGA|CANTICUS|CC|1089289050|2005-02-18|2|2|6|9510|3|1||7|07|||8|45.0|152|||2||||||||||||52UZPE01152001T48MT01EBS001H003352UZPE01152001T48MT01EBS001H0033F0033|52UZPE01152001T48MT01EBS001H003352UZPE01152001T48MT01EBS001H0033F0033CC1089289050
3|862|FABIOLA|NA|BOLANOS|TAMINANGO|CC|27480830|1971-09-27|2|2|6|9998|3|5||7|07|||8|75.0|151|||2||||||||||||52UZPE01152001T48MT01EBS001H003552UZPE01152001T48MT01EBS001H0035F0035|52UZPE01152001T48MT01EBS001H003552UZPE01152001T48MT01EBS001H0035F0035CC27480830
3|863|JHON|FREID|FAJARDO|NA|CC|98385529|1969-07-13|2|2|6|5169|3|5||7|07|||8|73.0|161|||2||||||||||||52UZPE01152001T48MT01EBS001H003552UZPE01152001T48MT01EBS001H0035F0035|52UZPE01152001T48MT01EBS001H003552UZPE01152001T48MT01EBS001H0035F0035CC98385529
3|864|CAROLAIN|TATIANA|FAJARDO|BOLANOS|CC|1080690283|2004-02-03|2|2|6|9998|3|1||7|07|||8|51.0|151|||2||||||||||||52UZPE01152001T48MT01EBS001H003552UZPE01152001T48MT01EBS001H0035F0035|52UZPE01152001T48MT01EBS001H003552UZPE01152001T48MT01EBS001H0035F0035CC1080690283
3|865|LAIDY|FERNANDA|FAJARDO|BOLANOS|CC|1085333424|1996-12-01|2|2|6|9998|3|1||7|07|||8|58.0|151|||2||||||||||||52UZPE01152001T48MT01EBS001H003552UZPE01152001T48MT01EBS001H0035F0035|52UZPE01152001T48MT01EBS001H003552UZPE01152001T48MT01EBS001H0035F0035CC1085333424
3|866|JUAN|ANDRES|CORAL|VELA|CC|98135210|1978-02-03|1|2|6|9510|3|1||7|07|||8|70.0|168|||2||||||||||||52UZPE01152001T48MT01EBS001H003652UZPE01152001T48MT01EBS001H0036F0036|52UZPE01152001T48MT01EBS001H003652UZPE01152001T48MT01EBS001H0036F0036CC98135210
3|867|LUISA|FERNANDA|GUERRERO|VILLOTA|CC|1085344569|1998-08-24|2|2|6|9998|3|1||7|07|||8|57.0|163|||2||||||||||||52UZPE01152001T48MT01EBS001H003752UZPE01152001T48MT01EBS001H0037F0037|52UZPE01152001T48MT01EBS001H003752UZPE01152001T48MT01EBS001H0037F0037CC1085344569
3|868|ADRIANA|LUCIA|CHINDOY|BECERRA|CC|1007403422|2000-02-24|2|1|6|9998|3|1||7|07|||8|70.0|153|||2||||||||||||52UZPE01152001T48MT01EBS001H003952UZPE01152001T48MT01EBS001H0039F0039|52UZPE01152001T48MT01EBS001H003952UZPE01152001T48MT01EBS001H0039F0039CC1007403422
3|869|PABLO|ESTEVEN|RODRIGUEZ|RUIZ|CC|1061771752|1994-06-13|1|2|6|5169|3|2||7|07|||8|83.0|168|||2||||||||||||52UZPE01152001T48MT01EBS001H003952UZPE01152001T48MT01EBS001H0039F0039|52UZPE01152001T48MT01EBS001H003952UZPE01152001T48MT01EBS001H0039F0039CC1061771752
3|870|GABRIEL|JAIME|BURBANO|BOLANOS|CC|1085662435|1993-09-13|1|2|6|5169|3|2||7|07|||8|92.0|180|||2||||||||||||52UZPE01152001T48MT01EBS001H003852UZPE01152001T48MT01EBS001H0038F0038|52UZPE01152001T48MT01EBS001H003852UZPE01152001T48MT01EBS001H0038F0038CC1085662435
3|871|PAOLA|XIMENA|CASTILLO|RIOBAMBA|CC|1085307528|1993-09-24|2|2|6|5169|3|2||7|07|||8|58.0|165|||2||||||||||||52UZPE01152001T48MT01EBS001H004052UZPE01152001T48MT01EBS001H0040F0040|52UZPE01152001T48MT01EBS001H004052UZPE01152001T48MT01EBS001H0040F0040CC1085307528
3|872|SONIA|NA|RIOBAMBA|ORTEGA|CC|59824219|1974-04-24|2|2|6|9998|3|1||7|07|||8|65.0|155|||2||||||||||||52UZPE01152001T48MT01EBS001H004052UZPE01152001T48MT01EBS001H0040F0040|52UZPE01152001T48MT01EBS001H004052UZPE01152001T48MT01EBS001H0040F0040CC59824219
3|873|ARSENIO|ALEJANDRO|CASTILLO|JOSA|CC|12984854|1965-05-01|1|2|6|9510|3|1||7|07|||8|70.0|172|||2||||||||||||52UZPE01152001T48MT01EBS001H004052UZPE01152001T48MT01EBS001H0040F0040|52UZPE01152001T48MT01EBS001H004052UZPE01152001T48MT01EBS001H0040F0040CC12984854
3|874|ANYELA|NATHALIA|CASTILLO|RIOBAMBA|CC|1080041011|2004-05-13|2|2|6|9998|3|1||7|07|||8|55.0|162|||2||||||||||||52UZPE01152001T48MT01EBS001H004052UZPE01152001T48MT01EBS001H0040F0040|52UZPE01152001T48MT01EBS001H004052UZPE01152001T48MT01EBS001H0040F0040CC1080041011
3|875|YURY|CAROLINA|ORBES|DELAROSA|CC|1085260516|1987-08-02|2|2|6|9510|3|1||7|07|||8|74.0|164|||2||||||||||||52UZPE01152001T48MT01EBS001H004152UZPE01152001T48MT01EBS001H0041F0041|52UZPE01152001T48MT01EBS001H004152UZPE01152001T48MT01EBS001H0041F0041CC1085260516
3|876|WILSON|EMANUEL|MENESES|ORBES|TI|1081285943|2016-08-24|1|2|6|9998|3|1||8|07|||8|27.0|120|||2||||||||||||52UZPE01152001T48MT01EBS001H004152UZPE01152001T48MT01EBS001H0041F0041|52UZPE01152001T48MT01EBS001H004152UZPE01152001T48MT01EBS001H0041F0041TI1081285943
3|877|KAROL|STEPHANIA|MENESES|TORO|CC|1085287140|2004-02-26|2|2|6|5169|3|2||7|07|||8|55.0|160|||2||||||||||||52UZPE01152001T48MT01EBS001H004252UZPE01152001T48MT01EBS001H0042F0042|52UZPE01152001T48MT01EBS001H004252UZPE01152001T48MT01EBS001H0042F0042CC1085287140
3|878|MARIO|ANDRES|ROSERO|SANTACRUZ|CC|1085318627|1994-06-24|1|2|6|9510|3|1||7|07|||8|85.0|176|||2||||||||||||52UZPE01152001T48MT01EBS001H004252UZPE01152001T48MT01EBS001H0042F0042|52UZPE01152001T48MT01EBS001H004252UZPE01152001T48MT01EBS001H0042F0042CC1085318627
3|879|DELIO|JESUS|DIAZ|AREVALO|CC|98382803|1972-01-23|1|2|6|9510|3|1||7|07|||8|77.0|165|||2||||||||||||52UZPE01152001T48MT01EBS001H004352UZPE01152001T48MT01EBS001H0043F0043|52UZPE01152001T48MT01EBS001H004352UZPE01152001T48MT01EBS001H0043F0043CC98382803
3|880|BLANCA|RUBIELA|PALACIOS|ARMERO|CC|37008990|1973-05-12|2|2|6|9510|3|1||7|07|||8|73.0|162|||2||||||||||||52UZPE01152001T48MT01EBS001H004352UZPE01152001T48MT01EBS001H0043F0043|52UZPE01152001T48MT01EBS001H004352UZPE01152001T48MT01EBS001H0043F0043CC37008990
3|881|MARIA|ISABEL|MALUA|RUALES|TI|1140166590|2008-02-11|2|2|6|9998|3|1||1|07|||8|65.0|157|||2||||||||||||52UZPE01152001T48MT01EBS001H004452UZPE01152001T48MT01EBS001H0044F0044|52UZPE01152001T48MT01EBS001H004452UZPE01152001T48MT01EBS001H0044F0044TI1140166590
3|882|JONATHAN|STEVEN|MALUA|RUALES|CC|1087203124|1995-08-11|1|2|6|9510|3|1||7|07|||8|95.0|165|||2||||||||||||52UZPE01152001T48MT01EBS001H004452UZPE01152001T48MT01EBS001H0044F0044|52UZPE01152001T48MT01EBS001H004452UZPE01152001T48MT01EBS001H0044F0044CC1087203124
3|883|HUGO|MAURICIO|MERA|YARPAZ|CC|1085288161|1990-11-10|1|2|6|9510|3|1||7|07|||8|72.0|177|||2||||||||||||52UZPE01152001T48MT01EBS001H004552UZPE01152001T48MT01EBS001H0045F0045|52UZPE01152001T48MT01EBS001H004552UZPE01152001T48MT01EBS001H0045F0045CC1085288161
3|884|JULIAN|RICARDO|BENAVIDES|SANTACRUZ|CC|1085295273|1991-11-19|1|2|6|5169|3|2||7|07|||8|75.0|164|||2||||||||||||52UZPE01152001T48MT01EBS001H004652UZPE01152001T48MT01EBS001H0046F0046|52UZPE01152001T48MT01EBS001H004652UZPE01152001T48MT01EBS001H0046F0046CC1085295273
3|885|EVELIN|SALOME|BASTIDAS|DIAZ|TI|1080063495|2014-07-06|2|2|6|9998|3|1||8|07|||8|38.0|142|||2||||||||||||52UZPE01152001T48MT01EBS001H004752UZPE01152001T48MT01EBS001H0047F0047|52UZPE01152001T48MT01EBS001H004752UZPE01152001T48MT01EBS001H0047F0047TI1080063495
3|886|MAYERLI|STEPHANIA|ORTEGA|DIAZ|TI|1080695389|2010-02-08|2|2|6|9998|3|1||1|07|||8|53.0|163|||2||||||||||||52UZPE01152001T48MT01EBS001H004752UZPE01152001T48MT01EBS001H0047F0047|52UZPE01152001T48MT01EBS001H004752UZPE01152001T48MT01EBS001H0047F0047TI1080695389
3|887|SANDRA|STEPHANNY|DIAZ|MERCHAN|CC|1085307133|1993-09-07|2|2|6|9510|3|1||7|07|||8|75.0|160|||2||||||||||||52UZPE01152001T48MT01EBS001H004752UZPE01152001T48MT01EBS001H0047F0047|52UZPE01152001T48MT01EBS001H004752UZPE01152001T48MT01EBS001H0047F0047CC1085307133
3|888|JESSICA|STEPHANIA|ROA|ESTUPINAN|CC|1004192476|2003-05-22|2|2|6|9998|3|5||7|07|||8|53.0|156|||2||||||||||||52UZPE01152001T48MT01EBS001H004852UZPE01152001T48MT01EBS001H0048F0048|52UZPE01152001T48MT01EBS001H004852UZPE01152001T48MT01EBS001H0048F0048CC1004192476
3|889|CARLOS|ENRRIQUE|GUERRON|CUCARDO|CC|1080045944|2006-03-11|1|2|6|9998|3|1||7|07|||8|57.0|170|||2||||||||||||52UZPE01152001T48MT01EBS001H004952UZPE01152001T48MT01EBS001H0049F0049|52UZPE01152001T48MT01EBS001H004952UZPE01152001T48MT01EBS001H0049F0049CC1080045944
3|890|ANGEL|FELIPE|GUERRON|CUCARDO|TI|1080063761|2014-09-23|1|2|6|9998|3|1||8|07|||8|29.0|110|||2||||||||||||52UZPE01152001T48MT01EBS001H004952UZPE01152001T48MT01EBS001H0049F0049|52UZPE01152001T48MT01EBS001H004952UZPE01152001T48MT01EBS001H0049F0049TI1080063761
3|891|JULY|PAOLA|CUCARDO|MASMELA|CC|1085269422|1988-11-17|2|2|6|9510|3|1||7|07|||8|57.0|155|||2||||||||||||52UZPE01152001T48MT01EBS001H004952UZPE01152001T48MT01EBS001H0049F0049|52UZPE01152001T48MT01EBS001H004952UZPE01152001T48MT01EBS001H0049F0049CC1085269422
3|892|NUVIA|SORAIDA|GOMEZ|YANGUATIN|CC|59828469|1969-05-07|2|2|6|9510|3|2||7|07|||8|63.0|153|||2||||||||||||52UZPE01152001T48MT01EBS001H005052UZPE01152001T48MT01EBS001H0050F0050|52UZPE01152001T48MT01EBS001H005052UZPE01152001T48MT01EBS001H0050F0050CC59828469
3|893|JAVIER|ANTONIO|ENRRIQUEZ|NA|CC|12989588|1966-06-14|1|2|6|5169|3|2||7|07|||8|56.0|160|||2||||||||||||52UZPE01152001T48MT01EBS001H005052UZPE01152001T48MT01EBS001H0050F0050|52UZPE01152001T48MT01EBS001H005052UZPE01152001T48MT01EBS001H0050F0050CC12989588
3|894|ANGELA|MARIA|ENRRIQUEZ|GOMEZ|CC|1085345301|1999-05-13|2|2|6|5169|3|2||7|07|||8|92.0|165|||2||||||||||||52UZPE01152001T48MT01EBS001H005152UZPE01152001T48MT01EBS001H0051F0051|52UZPE01152001T48MT01EBS001H005152UZPE01152001T48MT01EBS001H0051F0051CC1085345301
3|895|ANGIE|JULIETH|ROQUE|ENRRIQUEZ|TI|1081061762|2014-11-04|2|2|6|9998|3|5||8|07|||8|27.0|127|||2||||||||||||52UZPE01152001T48MT01EBS001H005152UZPE01152001T48MT01EBS001H0051F0051|52UZPE01152001T48MT01EBS001H005152UZPE01152001T48MT01EBS001H0051F0051TI1081061762
3|896|MARIO|ANDRES|ASCUNTAR|AREVALO|CC|1087416120|1991-05-01|1|2|6|5169|3|2||7|07|||8|80.0|175|||2||||||||||||52UZPE01152001T48MT01EBS001H005252UZPE01152001T48MT01EBS001H0052F0052|52UZPE01152001T48MT01EBS001H005252UZPE01152001T48MT01EBS001H0052F0052CC1087416120
3|897|DILSA|ARELIS|PAGUATIAN|SANCHEZ|CC|59706952|1980-08-27|2|2|6|5169|3|2||7|07|||8|53.0|158|||2||||||||||||52UZPE01152001T48MT01EBS001H005352UZPE01152001T48MT01EBS001H0053F0053|52UZPE01152001T48MT01EBS001H005352UZPE01152001T48MT01EBS001H0053F0053CC59706952
3|898|JUAN|CAMILO|GUERRERO|CALDERON|CC|1085331857|1996-10-10|1|2|6|5169|3|2||7|07|||8|72.5|178|||2||||||||||||52UZPE01152001T48MT01EBS001H005452UZPE01152001T48MT01EBS001H0054F0054|52UZPE01152001T48MT01EBS001H005452UZPE01152001T48MT01EBS001H0054F0054CC1085331857
3|899|RUBEN|DARIO|PORTILLA|DIAZ|CC|1085314453|1994-05-18|1|2|6|9510|3|1||7|07|||8|55.0|165|||2||||||||||||52UZPE01152001T48MT01EBS001H005652UZPE01152001T48MT01EBS001H0056F0056|52UZPE01152001T48MT01EBS001H005652UZPE01152001T48MT01EBS001H0056F0056CC1085314453
3|900|CINDY|ANDREA|ANDICA|LOPEZ|CC|1085278199|1990-01-03|2|2|6|5169|3|2||7|07|||8|70.0|165|||2||||||||||||52UZPE01152001T48MT01EBS001H005652UZPE01152001T48MT01EBS001H0056F0056|52UZPE01152001T48MT01EBS001H005652UZPE01152001T48MT01EBS001H0056F0056CC1085278199
3|901|MARIA|JOSE|CHAVEZ|INDICA|TI|1081283612|2015-10-04|2|2|6|9998|3|2||8|07|||8|42.0|120|||2||||||||||||52UZPE01152001T48MT01EBS001H005652UZPE01152001T48MT01EBS001H0056F0056|52UZPE01152001T48MT01EBS001H005652UZPE01152001T48MT01EBS001H0056F0056TI1081283612
3|902|ISAAC|DARIO|PORTILLA|ANDICA|RC|1140214436|2020-12-23|1|2|6|9998|3|2||8|07|||8|||||2||||||||||||52UZPE01152001T48MT01EBS001H005652UZPE01152001T48MT01EBS001H0056F0056|52UZPE01152001T48MT01EBS001H005652UZPE01152001T48MT01EBS001H0056F0056RC1140214436
3|903|KAROLD|DAYANA|MARTINEZ|ROSERO|CC|1010094937|1998-11-10|2|2|6|9998|3|1||7|07|||8|59.0|156|||2||||||||||||52UZPE01152001T48MT01EBS001H005752UZPE01152001T48MT01EBS001H0057F0057|52UZPE01152001T48MT01EBS001H005752UZPE01152001T48MT01EBS001H0057F0057CC1010094937
3|904|SARA|ISABELLA|BARGAS|ORDONEZ|RC|1085350348|2023-03-28|2|2|6|9998|3|2||8|07|||8|11.0|81|||2||||||||||||52UZPE01152001T48MT01EBS001H005852UZPE01152001T48MT01EBS001H0058F0058|52UZPE01152001T48MT01EBS001H005852UZPE01152001T48MT01EBS001H0058F0058RC1085350348
3|905|BLANCA|ROCIO|ORDONEZ|ORDONEZ|CC|1084227181|1997-05-29|2|2|6|5169|3|2||7|07|||8|59.0|156|||2||||||||||||52UZPE01152001T48MT01EBS001H005852UZPE01152001T48MT01EBS001H0058F0058|52UZPE01152001T48MT01EBS001H005852UZPE01152001T48MT01EBS001H0058F0058CC1084227181
3|906|LEIDY|JOHANA|LOPEZ|LOPEZ|CC|1085248131|1984-10-12|2|2|6|5169|3|2||7|07|||8|70.0|165|||2||||||||||||52UZPE01152001T48MT01EBS001H006152UZPE01152001T48MT01EBS001H0061F0061|52UZPE01152001T48MT01EBS001H006152UZPE01152001T48MT01EBS001H0061F0061CC1085248131
3|907|JOHAN|STIVEN|LOPEZ|LOPEZ|TI|1081282666|2012-06-16|1|2|6|9998|3|2||1|07|||8|49.0|153|||2||||||||||||52UZPE01152001T48MT01EBS001H006152UZPE01152001T48MT01EBS001H0061F0061|52UZPE01152001T48MT01EBS001H006152UZPE01152001T48MT01EBS001H0061F0061TI1081282666
3|908|RICARDO|DAVID|PENA|CHAVEZ|CC|1085938525|1995-04-01|1|2|6|9510|3|1||7|07|||8|68.0|175|||2||||||||||||52UZPE01152001T48MT01EBS001H006352UZPE01152001T48MT01EBS001H0063F0063|52UZPE01152001T48MT01EBS001H006352UZPE01152001T48MT01EBS001H0063F0063CC1085938525
3|909|SANDRA|MILENA|CUCHALA|BURBANO|CC|1085316585|1994-08-30|2|2|6|5169|3|2||7|07|||8|60.0|159|||2||||||||||||52UZPE01152001T48MT01EBS001H006352UZPE01152001T48MT01EBS001H0063F0063|52UZPE01152001T48MT01EBS001H006352UZPE01152001T48MT01EBS001H0063F0063CC1085316585
3|910|DANIELA|KARLA|BOLANOS|DIAZY|CC|1085341794|1998-08-20|2|2|6|9510|3|1||7|07|||8|74.0|175|||2||||||||||||52UZPE01152001T48MT01EBS001H006452UZPE01152001T48MT01EBS001H0064F0064|52UZPE01152001T48MT01EBS001H006452UZPE01152001T48MT01EBS001H0064F0064CC1085341794
3|911|SAMUEL|ALEJANDRO|ENRIQUEZ|TIMANA|TI|1081062751|2015-09-27|1|2|6|9998|3|2||8|07|||8|25.0|116|||2||||||||||||52UZPE01152001T48MT01EBS001H006652UZPE01152001T48MT01EBS001H0066F0066|52UZPE01152001T48MT01EBS001H006652UZPE01152001T48MT01EBS001H0066F0066TI1081062751
3|912|YEISY|ANABELL|TIMANA|ENRIQUEZ|CC|1085266859|1988-01-27|2|2|6|5169|3|2||7|07|||8|50.0|150|||2||||||||||||52UZPE01152001T48MT01EBS001H006652UZPE01152001T48MT01EBS001H0066F0066|52UZPE01152001T48MT01EBS001H006652UZPE01152001T48MT01EBS001H0066F0066CC1085266859
3|913|EDISON|DAVID|ARANDA|TIMANA|CC|1081273293|2004-06-17|1|2|6|9998|3|2||7|07|||8|56.0|161|||2||||||||||||52UZPE01152001T48MT01EBS001H006652UZPE01152001T48MT01EBS001H0066F0066|52UZPE01152001T48MT01EBS001H006652UZPE01152001T48MT01EBS001H0066F0066CC1081273293
3|914|GILMA|AZUCENA|CEBALLOS|BURBANO|CC|59833146|1975-10-10|2|2|6|5169|3|2||7|07|||8|59.0|160|||2||||||||||||52UZPE01152001T48MT01EBS001H006552UZPE01152001T48MT01EBS001H0065F0065|52UZPE01152001T48MT01EBS001H006552UZPE01152001T48MT01EBS001H0065F0065CC59833146
3|915|ROBERT|NELSON|CUASTUMAL|ENRRIQUEZ|CC|98379224|1971-04-16|1|2|6|5169|3|2||7|07|||8|70.0|172|||2||||||||||||52UZPE01152001T48MT01EBS001H006552UZPE01152001T48MT01EBS001H0065F0065|52UZPE01152001T48MT01EBS001H006552UZPE01152001T48MT01EBS001H0065F0065CC98379224
3|916|ANGIE|ALEJANDRA|CUASTUMAL|CEBALLOS|CC|1085341165|1998-07-03|2|2|6|9998|3|1||7|07|||8|58.0|158|||2||||||||||||52UZPE01152001T48MT01EBS001H006552UZPE01152001T48MT01EBS001H0065F0065|52UZPE01152001T48MT01EBS001H006552UZPE01152001T48MT01EBS001H0065F0065CC1085341165
3|917|STHEFANNY|JOHANA|DELGADO|ACOSTA|CC|1085252982|1986-08-27|2|2|6|5169|3|2||7|07|||8|62.0|150|||2||||||||||||52UZPE01152001T48MT01EBS001H006752UZPE01152001T48MT01EBS001H0067F0067|52UZPE01152001T48MT01EBS001H006752UZPE01152001T48MT01EBS001H0067F0067CC1085252982
3|918|JHON|NA|CADENA|PAZ|CC|80730271|1983-03-26|1|2|6|5169|3|2||7|07|||8|80.0|170|||2||||||||||||52UZPE01152001T48MT01EBS001H006752UZPE01152001T48MT01EBS001H0067F0067|52UZPE01152001T48MT01EBS001H006752UZPE01152001T48MT01EBS001H0067F0067CC80730271
3|919|JHON|ALEXANDER|CADENA|DELGADO|TI|1030021066|2010-09-07|1|2|6|9998|3|2||1|07|||8|54.0|157|||2||||||||||||52UZPE01152001T48MT01EBS001H006752UZPE01152001T48MT01EBS001H0067F0067|52UZPE01152001T48MT01EBS001H006752UZPE01152001T48MT01EBS001H0067F0067TI1030021066
3|920|MILTON|NA|RODRIGUEZ|NA|CC|1084893925|1993-02-19|1|2|6|9510|3|1||7|07|||8|87.0|185|||2||||||||||||52UZPE01152001T48MT01EBS001H006852UZPE01152001T48MT01EBS001H0068F0068|52UZPE01152001T48MT01EBS001H006852UZPE01152001T48MT01EBS001H0068F0068CC1084893925
3|921|SALOME|NA|DELACRUZ|TROCHEZ|TI|1109682442|2016-06-16|2|2|6|9998|3|5||8|07|||8|25.0|115|||2||||||||||||52UZPE01152001T48MT01EBS001H006952UZPE01152001T48MT01EBS001H0069F0069|52UZPE01152001T48MT01EBS001H006952UZPE01152001T48MT01EBS001H0069F0069TI1109682442
3|922|LIZETH|JHOANNA|TROCHEZ|CASTRO|CC|1143976804|1995-11-02|2|2|6|9622|3|1||7|07|||8|60.0|163|||2||||||||||||52UZPE01152001T48MT01EBS001H006952UZPE01152001T48MT01EBS001H0069F0069|52UZPE01152001T48MT01EBS001H006952UZPE01152001T48MT01EBS001H0069F0069CC1143976804
3|923|SAMUEL|ISAAC|CALPA|LEITON|TI|1030002450|2017-09-14|1|2|6|9998|3|1||8|07|||8|27.0|117|||2||||||||||||52UZPE01152001T48MT01EBS001H007052UZPE01152001T48MT01EBS001H0070F0070|52UZPE01152001T48MT01EBS001H007052UZPE01152001T48MT01EBS001H0070F0070TI1030002450
3|924|MARIA|FERNANDA|LEITON|LOPEZ|CC|1085308122|1993-09-15|2|2|6|9998|3|1||7|07|||8|62.0|148|||2||||||||||||52UZPE01152001T48MT01EBS001H007052UZPE01152001T48MT01EBS001H0070F0070|52UZPE01152001T48MT01EBS001H007052UZPE01152001T48MT01EBS001H0070F0070CC1085308122
3|925|JHONATAN|MARCOS|YELA|PANTOJA|CC|1127452863|1985-12-14|1|2|6|5169|3|2||7|07|||8|75.0|165|||2||||||||||||52UZPE01152001T48MT01EBS001H007052UZPE01152001T48MT01EBS001H0070F0070|52UZPE01152001T48MT01EBS001H007052UZPE01152001T48MT01EBS001H0070F0070CC1127452863
3|926|LUISA|FERNANDA|BENAVIDES|ARGOTY|CC|1004134275|1999-05-29|2|2|6|5169|3|2||7|07|||8|63.0|160|||2||||||||||||52UZPE01152001T48MT01EBS001H007152UZPE01152001T48MT01EBS001H0071F0071|52UZPE01152001T48MT01EBS001H007152UZPE01152001T48MT01EBS001H0071F0071CC1004134275
3|927|SANDRA|MILENA|ARGOTI|LOPEZ|CC|36755565|1981-01-18|2|2|6|5169|3|2||7|07|||8|65.0|160|||2||||||||||||52UZPE01152001T48MT01EBS001H007152UZPE01152001T48MT01EBS001H0071F0071|52UZPE01152001T48MT01EBS001H007152UZPE01152001T48MT01EBS001H0071F0071CC36755565
3|928|JULIETH|KATHERINE|CADENA|ARGOTI|CC|1081274381|2005-03-19|2|2|6|9998|3|2||7|07|||8|60.0|159|||2||||||||||||52UZPE01152001T48MT01EBS001H007152UZPE01152001T48MT01EBS001H0071F0071|52UZPE01152001T48MT01EBS001H007152UZPE01152001T48MT01EBS001H0071F0071CC1081274381
3|929|NICOL|STEFANIA|ALVAREZ|SIGUENZA|TI|1081061303|2014-05-24|2|2|6|9998|3|1||8|07|||8|42.0|127|||2||||||||||||52UZPE01152001T48MT01EBS001H007252UZPE01152001T48MT01EBS001H0072F0072|52UZPE01152001T48MT01EBS001H007252UZPE01152001T48MT01EBS001H0072F0072TI1081061303
3|930|JOHANA|NA|SIGUENZA|MOLINA|CC|1085331031|1996-09-05|2|2|6|9510|3|1||7|07|||8|58.0|153|||2||||||||||||52UZPE01152001T48MT01EBS001H007252UZPE01152001T48MT01EBS001H0072F0072|52UZPE01152001T48MT01EBS001H007252UZPE01152001T48MT01EBS001H0072F0072CC1085331031
3|931|BISMAR|JUANPABLO|RAMOS|GUERRERO|CC|87453156|1973-03-12|1|2|6|5169|3|5||7|07|||8|79.0|171|||2||||||||||||52UZPE01152001T48MT01EBS001H007352UZPE01152001T48MT01EBS001H0073F0073|52UZPE01152001T48MT01EBS001H007352UZPE01152001T48MT01EBS001H0073F0073CC87453156
3|932|MARIA|DELMAR|VASQUEZ|MURILLO|CC|1080161933|1990-06-06|2|2|6|9510|3|1||7|07|||8|70.0|169|||2||||||||||||52UZPE01152001T48MT01EBS001H007352UZPE01152001T48MT01EBS001H0073F0073|52UZPE01152001T48MT01EBS001H007352UZPE01152001T48MT01EBS001H0073F0073CC1080161933
3|933|ANDRES|MAURICIO|ROSERO|RODRIGUEZ|CC|87456122|1985-04-14|1|2|6|9510|3|2||7|07|||8|96.0|175|||2||||||||||||52UZPE01152001T48MT01EBS001H007452UZPE01152001T48MT01EBS001H0074F0074|52UZPE01152001T48MT01EBS001H007452UZPE01152001T48MT01EBS001H0074F0074CC87456122
3|934|CLARA|ELIZA|QUINTERO|APRAEZ|CC|59805937|1974-11-20|2|2|6|9998|3|1||7|07|||8|63.0|155|||2||||||||||||52UZPE01152001T48MT01EBS001H007552UZPE01152001T48MT01EBS001H0075F0075|52UZPE01152001T48MT01EBS001H007552UZPE01152001T48MT01EBS001H0075F0075CC59805937
3|935|MATEO|NOTIENE|ZARAMA|BASTIDAS|RC|1030003380|2020-11-04|1|2|6|9998|3|1||8|07|||8|||||2||||||||||||52UZPE01152001T48MT01EBS001H007652UZPE01152001T48MT01EBS001H0076F0076|52UZPE01152001T48MT01EBS001H007652UZPE01152001T48MT01EBS001H0076F0076RC1030003380
3|936|SILVIA|ESTEFANY|BASTIDAS|CABRERA|CC|1085285619|1990-10-23|2|2|6|9510|3|1||7|07|||8|58.0|155|||2||||||||||||52UZPE01152001T48MT01EBS001H007652UZPE01152001T48MT01EBS001H0076F0076|52UZPE01152001T48MT01EBS001H007652UZPE01152001T48MT01EBS001H0076F0076CC1085285619
3|937|MARIA|VICTORIA|ZARAMA|BASTIDAS|TI|1080700840|2015-01-04|2|2|6|9998|3|1||8|07|||8|44.0|144|||2||||||||||||52UZPE01152001T48MT01EBS001H007652UZPE01152001T48MT01EBS001H0076F0076|52UZPE01152001T48MT01EBS001H007652UZPE01152001T48MT01EBS001H0076F0076TI1080700840
3|938|CRISTIAN|ALEXANDER|PISCAL|NUPAN|CC|104215821|2002-06-10|1|2|6|9998|3|1||7|07|||8|60.0|163|||2||||||||||||52UZPE01152001T48MT01EBS001H007852UZPE01152001T48MT01EBS001H0078F0078|52UZPE01152001T48MT01EBS001H007852UZPE01152001T48MT01EBS001H0078F0078CC104215821
3|939|DIGNA|DELSOCORRO|NUPAN|INCHIMA|CC|27084840|1977-01-14|2|2|6|9998|3|1||7|07|||8|65.0|160|||2||||||||||||52UZPE01152001T48MT01EBS001H007852UZPE01152001T48MT01EBS001H0078F0078|52UZPE01152001T48MT01EBS001H007852UZPE01152001T48MT01EBS001H0078F0078CC27084840
3|940|ALEX|ARTURO|ZAMBRANO|HURTADO|CC|1134530346|1999-04-10|1|2|6|5169|3|2||7|07|||8|80.0|166|||2||||||||||||52UZPE01152001T48MT01EBS001H007952UZPE01152001T48MT01EBS001H0079F0079|52UZPE01152001T48MT01EBS001H007952UZPE01152001T48MT01EBS001H0079F0079CC1134530346
3|941|MIGUEL|ANGEL|ZAMBRANO|ROSERO|TI|1080164064|2015-07-18|1|2|6|9998|3|2||8|07|||8|36.0|140|||2||||||||||||52UZPE01152001T48MT01EBS001H007952UZPE01152001T48MT01EBS001H0079F0079|52UZPE01152001T48MT01EBS001H007952UZPE01152001T48MT01EBS001H0079F0079TI1080164064
3|942|JHOAN|DANILO|ZAMBRANO|ROSERO|TI|1080163245|2013-03-27|1|2|6|9998|3|1||8|07|||8|45.0|145|||2||||||||||||52UZPE01152001T48MT01EBS001H007952UZPE01152001T48MT01EBS001H0079F0079|52UZPE01152001T48MT01EBS001H007952UZPE01152001T48MT01EBS001H0079F0079TI1080163245
3|943|SEBASTIAN|ELIAS|ZAMBRANO|ROSERO|TI|1080164753|2018-08-08|1|2|6|9998|3|2||8|07|||8|30.0|120|||2||||||||||||52UZPE01152001T48MT01EBS001H007952UZPE01152001T48MT01EBS001H0079F0079|52UZPE01152001T48MT01EBS001H007952UZPE01152001T48MT01EBS001H0079F0079TI1080164753
3|944|ANA|MARCELA|ROSERO|CHICAIZA|CC|1130654315|1987-06-09|2|2|6|9998|3|1||7|07|||8|90.0|148|||2||||||||||||52UZPE01152001T48MT01EBS001H007952UZPE01152001T48MT01EBS001H0079F0079|52UZPE01152001T48MT01EBS001H007952UZPE01152001T48MT01EBS001H0079F0079CC1130654315
3|945|ADRIAN|FELIPE|SOLARTE|JOJOA|TI|1080694381|2009-03-25|1|2|6|9998|3|1||1|07|||8|68.0|172|||2||||||||||||52UZPE01152001T48MT01EBS001H007752UZPE01152001T48MT01EBS001H0077F0077|52UZPE01152001T48MT01EBS001H007752UZPE01152001T48MT01EBS001H0077F0077TI1080694381
3|946|MONICA|ISABEL|JOJOA|PARDO|CC|1085291166|1991-08-13|2|2|6|9510|3|1||7|07|||8|65.0|160|||2||||||||||||52UZPE01152001T48MT01EBS001H007752UZPE01152001T48MT01EBS001H0077F0077|52UZPE01152001T48MT01EBS001H007752UZPE01152001T48MT01EBS001H0077F0077CC1085291166
3|947|ISABEL|NA|PARDO|DEJOJOA|CC|30718841|1969-03-15|2|2|6|9510|3|1||7|07|||8|70.0|155|||2||||||||||||52UZPE01152001T48MT01EBS001H007752UZPE01152001T48MT01EBS001H0077F0077|52UZPE01152001T48MT01EBS001H007752UZPE01152001T48MT01EBS001H0077F0077CC30718841
3|948|EDWIN|ADRIAN|SOLARTE|PORTILLA|CC|87066074|1984-05-22|1|2|6|9510|3|1||7|07|||8|80.0|170|||2||||||||||||52UZPE01152001T48MT01EBS001H007752UZPE01152001T48MT01EBS001H0077F0077|52UZPE01152001T48MT01EBS001H007752UZPE01152001T48MT01EBS001H0077F0077CC87066074
3|949|JOSEA|ANTONIO|HERNANDEZ|SALAS|CC|1887721|1963-12-16|1|2|6|5169|3|2||3|07|||8|63.0|163|||2||||||||||||52UZPE01152001T48MT01EBS001H008052UZPE01152001T48MT01EBS001H0080F0080|52UZPE01152001T48MT01EBS001H008052UZPE01152001T48MT01EBS001H0080F0080CC1887721
3|950|ROBERT|ALEXANDER|HERNANDEZ|LOPEZ|CC|1085293002|1991-11-14|1|2|6|5169|3|2||7|07|||8|75.0|175|||2||||||||||||52UZPE01152001T48MT01EBS001H008052UZPE01152001T48MT01EBS001H0080F0080|52UZPE01152001T48MT01EBS001H008052UZPE01152001T48MT01EBS001H0080F0080CC1085293002
3|951|LUZ|MARIA|LOPEZ|NOTIENE|CC|59813791|1969-01-19|2|2|6|9998|3|2||7|07|||8|63.0|150|||2||||||||||||52UZPE01152001T48MT01EBS001H008052UZPE01152001T48MT01EBS001H0080F0080|52UZPE01152001T48MT01EBS001H008052UZPE01152001T48MT01EBS001H0080F0080CC59813791
3|952|SEBASTIAN|JOSE|RUIZ|CANTILLO|TI|1067626152|2014-04-05|1|2|6|9998|3|5||8|07|||8|45.0|145|||2||||||||||||52UZPE01152001T48MT01EBS001H008152UZPE01152001T48MT01EBS001H0081F0081|52UZPE01152001T48MT01EBS001H008152UZPE01152001T48MT01EBS001H0081F0081TI1067626152
3|953|KENIS|JOHANA|CANTILLO|OCHOA|CC|1065659836|1994-02-05|2|2|6|5169|3|2||7|07|||8|58.0|160|||2||||||||||||52UZPE01152001T48MT01EBS001H008152UZPE01152001T48MT01EBS001H0081F0081|52UZPE01152001T48MT01EBS001H008152UZPE01152001T48MT01EBS001H0081F0081CC1065659836
3|954|IVANA|MICHELL|RUIZ|CANTILLO|TI|10660890863|2016-06-27|2|2|6|9998|3|5||8|07|||8|32.0|126|||2||||||||||||52UZPE01152001T48MT01EBS001H008152UZPE01152001T48MT01EBS001H0081F0081|52UZPE01152001T48MT01EBS001H008152UZPE01152001T48MT01EBS001H0081F0081TI10660890863
3|955|JOSE|LUIS|RUIZ|CONTRERAS|CC|1063961854|1992-10-07|1|2|6|5169|3|2||7|07|||8|65.0|172|||2||||||||||||52UZPE01152001T48MT01EBS001H008152UZPE01152001T48MT01EBS001H0081F0081|52UZPE01152001T48MT01EBS001H008152UZPE01152001T48MT01EBS001H0081F0081CC1063961854
3|956|CAMPO|ELIAD|QUETAMA|CAICEDO|CC|98389503|1971-11-09|1|2|6|9510|3|1||7|07|||8|65.0|165|||2||||||||||||52UZPE01152001T48MT01EBS001H008252UZPE01152001T48MT01EBS001H0082F0082|52UZPE01152001T48MT01EBS001H008252UZPE01152001T48MT01EBS001H0082F0082CC98389503
3|957|IRMA|LUCIA|CHAUCANES|BETANCOURTH|CC|59312986|1983-09-24|2|2|6|9510|3|1||7|07|||8|65.0|158|||2||||||||||||52UZPE01152001T48MT01EBS001H008252UZPE01152001T48MT01EBS001H0082F0082|52UZPE01152001T48MT01EBS001H008252UZPE01152001T48MT01EBS001H0082F0082CC59312986
3|958|ANGIE|LUCIA|QUETAMA|CHAUCANES|CC|1004214842|2002-08-08|2|2|6|9510|3|1||7|07|||8|60.0|154|||2||||||||||||52UZPE01152001T48MT01EBS001H008252UZPE01152001T48MT01EBS001H0082F0082|52UZPE01152001T48MT01EBS001H008252UZPE01152001T48MT01EBS001H0082F0082CC1004214842
3|959|MICHELL|ISABELLA|CASTILLO|LAZO|TI|1080065820|2016-05-04|2|2|6|9998|3|1||8|07|||8|35.0|135|||2||||||||||||52UZPE01152001T48MT01EBS001H008352UZPE01152001T48MT01EBS001H0083F0083|52UZPE01152001T48MT01EBS001H008352UZPE01152001T48MT01EBS001H0083F0083TI1080065820
3|960|GLADYS|ALICIA|LAZO|NOTIENE|CC|59829844|1956-09-08|2|2|6|9510|3|1||3|07|||1|60.0|154|||2||||||||||||52UZPE01152001T48MT01EBS001H008352UZPE01152001T48MT01EBS001H0083F0083|52UZPE01152001T48MT01EBS001H008352UZPE01152001T48MT01EBS001H0083F0083CC59829844
3|961|ANGIE|CAROLINA|GONZALES|PAZMINO|CC|1081054054|2005-09-19|2|2|6|9998|3|1||7|07|||8|48.0|160|||2||||||||||||52UZPE01152001T48MT01EBS001H008452UZPE01152001T48MT01EBS001H0084F0084|52UZPE01152001T48MT01EBS001H008452UZPE01152001T48MT01EBS001H0084F0084CC1081054054
3|962|FABIAN|NA|GONZALES|TORO|CC|87247235|1973-01-06|1|2|6|9510|3|1||7|07|||8|65.0|168|||2||||||||||||52UZPE01152001T48MT01EBS001H008452UZPE01152001T48MT01EBS001H0084F0084|52UZPE01152001T48MT01EBS001H008452UZPE01152001T48MT01EBS001H0084F0084CC87247235
3|963|ANA|JULIA|PAZMINO|GUERRERO|CC|36752576|1978-08-04|2|2|6|9510|3|1||7|07|||8|75.0|156|||2||||||||||||52UZPE01152001T48MT01EBS001H008452UZPE01152001T48MT01EBS001H0084F0084|52UZPE01152001T48MT01EBS001H008452UZPE01152001T48MT01EBS001H0084F0084CC36752576
3|964|LEIDY|VIVIANA|GONZALES|PAZMINO|CC|1085339020|1998-02-12|2|2|6|5169|3|2||7|07|||8|65.0|165|||2||||||||||||52UZPE01152001T48MT01EBS001H008552UZPE01152001T48MT01EBS001H0085F0085|52UZPE01152001T48MT01EBS001H008552UZPE01152001T48MT01EBS001H0085F0085CC1085339020
3|965|YESID|SANTIAGO|MENESES|GONZALES|RC|1030003575|2021-10-11|1|2|6|9998|3|2||8|07|||8|13.0|92|||2||||||||||||52UZPE01152001T48MT01EBS001H008552UZPE01152001T48MT01EBS001H0085F0085|52UZPE01152001T48MT01EBS001H008552UZPE01152001T48MT01EBS001H0085F0085RC1030003575
3|966|VEGA|TOBAR|JUAN|XAVIER|RC|1081067906|2022-06-05|1|2|6|9998|3|1||8|07|||8|12.0|78|||2||||||||||||52UZPE01152001T48MT01EBS001H008652UZPE01152001T48MT01EBS001H0086F0086|52UZPE01152001T48MT01EBS001H008652UZPE01152001T48MT01EBS001H0086F0086RC1081067906
3|967|CLAUDIA|YERALDIN|TOBAR|PADILLA|CC|1193458393|2001-08-20|2|2|6|9510|3|1||7|07|||8|63.0|154|||2||||||||||||52UZPE01152001T48MT01EBS001H008652UZPE01152001T48MT01EBS001H0086F0086|52UZPE01152001T48MT01EBS001H008652UZPE01152001T48MT01EBS001H0086F0086CC1193458393
3|968|MONICA|ROCIO|LASSO|JIMENEZ|CC|30745243|1969-12-07|2|2|6|9998|3|1||7|07|||8|75.0|156|||2||||||||||||52UZPE01152001T48MT01EBS001H008852UZPE01152001T48MT01EBS001H0088F0088|52UZPE01152001T48MT01EBS001H008852UZPE01152001T48MT01EBS001H0088F0088CC30745243
3|969|ALEJANDRA|NA|MONTENEGRO|TORO|TI|1086105528|2011-03-24|2|2|6|9998|3|1||1|07|||8|70.0|155|||2||||||||||||52UZPE01152001T48MT01EBS001H008752UZPE01152001T48MT01EBS001H0087F0087|52UZPE01152001T48MT01EBS001H008752UZPE01152001T48MT01EBS001H0087F0087TI1086105528
3|970|BRIAN|ERNESTO|MONTENEGRO|LASSO|CC|1085287100|1991-03-13|1|2|6|9510|3|1||7|07|||8|65.0|167|||2||||||||||||52UZPE01152001T48MT01EBS001H008752UZPE01152001T48MT01EBS001H0087F0087|52UZPE01152001T48MT01EBS001H008752UZPE01152001T48MT01EBS001H0087F0087CC1085287100
3|971|CLAUDIA|NA|MUNOZ|TORO|CC|1004676283|1991-08-25|2|2|6|5169|3|2||7|07|||8|70.0|155|||2||||||||||||52UZPE01152001T48MT01EBS001H008752UZPE01152001T48MT01EBS001H0087F0087|52UZPE01152001T48MT01EBS001H008752UZPE01152001T48MT01EBS001H0087F0087CC1004676283
3|972|KAROL|JULIANA|PADILLA|IBARRA|RC|1081065062|2018-05-02|2|2|6|9998|3|1||8|07|||8|22.0|110|||2||||||||||||52UZPE01152001T48MT01EBS001H008952UZPE01152001T48MT01EBS001H0089F0089|52UZPE01152001T48MT01EBS001H008952UZPE01152001T48MT01EBS001H0089F0089RC1081065062
3|973|CLAUDIA|VIVIANA|PADILLA|IBARRA|CC|36759936|1982-11-06|2|2|6|9510|3|1||7|07|||8|63.0|158|||2||||||||||||52UZPE01152001T48MT01EBS001H008952UZPE01152001T48MT01EBS001H0089F0089|52UZPE01152001T48MT01EBS001H008952UZPE01152001T48MT01EBS001H0089F0089CC36759936
3|974|MIGUEL|ANGEL|CASTILLO|ANGULO|CC|1874633|1951-02-07|1|2|6|9998|3|2||3|07|||8|73.0|171|||2||||||||||||52UZPE01152001T48MT01EBS001H009052UZPE01152001T48MT01EBS001H0090F0090|52UZPE01152001T48MT01EBS001H009052UZPE01152001T48MT01EBS001H0090F0090CC1874633
3|975|ATOCHA|FILENA|CASTILLO|CORTES|CC|27122855|1948-08-15|2|2|6|5169|3|2||3|07|||8|56.0|158|||2||||||||||||52UZPE01152001T48MT01EBS001H009052UZPE01152001T48MT01EBS001H0090F0090|52UZPE01152001T48MT01EBS001H009052UZPE01152001T48MT01EBS001H0090F0090CC27122855
3|976|JOSE|ABEL|RIVERA|GUERRERO|CC|12965097|1956-05-01|1|2|6|9999|3|2||3|07|||8|73.0|175|||2||||||||||||52UZPE01152001T48MT01EBS001H009252UZPE01152001T48MT01EBS001H0092F0092|52UZPE01152001T48MT01EBS001H009252UZPE01152001T48MT01EBS001H0092F0092CC12965097
3|977|MARIA|ESPERANZA|ROSERO|ROSERO|CC|24227175|1967-11-17|2|2|6|9998|3|2||7|07|||8|65.0|154|||2||||||||||||52UZPE01152001T48MT01EBS001H009252UZPE01152001T48MT01EBS001H0092F0092|52UZPE01152001T48MT01EBS001H009252UZPE01152001T48MT01EBS001H0092F0092CC24227175
3|978|FIDENCIO|NA|PORTILLA|NA|CC|1840828|1931-10-21|1|2|6|9998|3|1||3|07|||8|67.0|165|||2||||||||||||52UZPE01152001T48MT01EBS001H009152UZPE01152001T48MT01EBS001H0091F0091|52UZPE01152001T48MT01EBS001H009152UZPE01152001T48MT01EBS001H0091F0091CC1840828
3|979|JESUS|VICENTE|NARVAEZ|PEREZ|CC|12965235|1956-01-06|1|2|6|5169|3|2||3|07|||8|83.0|170|||2||||||||||||52UZPE01152001T48MT01EBS001H009152UZPE01152001T48MT01EBS001H0091F0091|52UZPE01152001T48MT01EBS001H009152UZPE01152001T48MT01EBS001H0091F0091CC12965235
3|980|ALBA|LUCIA|PORTILLA|DOMINGUEZ|CC|30732375|1965-09-08|2|2|6|9998|3|1||7|07|||8|64.0|155|||2||||||||||||52UZPE01152001T48MT01EBS001H009152UZPE01152001T48MT01EBS001H0091F0091|52UZPE01152001T48MT01EBS001H009152UZPE01152001T48MT01EBS001H0091F0091CC30732375
3|981|MARIA|FANNY|DIAZ|DIAZ|CC|30730815|1958-01-19|2|2|6|9998|3|2||3|07|||8|61.0|150|||2||||||||||||52UZPE01152001T48MT01EBS001H009352UZPE01152001T48MT01EBS001H0093F0093|52UZPE01152001T48MT01EBS001H009352UZPE01152001T48MT01EBS001H0093F0093CC30730815
3|982|KAREN|YISETH|MONTILLA|REYES|CC|1085256575|1987-03-17|2|2|6|5169|3|2||7|07|||8|52.0|160|||2||||||||||||52UZPE01152001T48MT01EBS001H009452UZPE01152001T48MT01EBS001H0094F0094|52UZPE01152001T48MT01EBS001H009452UZPE01152001T48MT01EBS001H0094F0094CC1085256575
3|983|JOSEPH|DANIEN|GUARIN|MONTILLA|TI|1030023787|2017-03-09|1|2|6|9998|3|2||8|07|||8|30.0|130|||2||||||||||||52UZPE01152001T48MT01EBS001H009452UZPE01152001T48MT01EBS001H0094F0094|52UZPE01152001T48MT01EBS001H009452UZPE01152001T48MT01EBS001H0094F0094TI1030023787
3|984|JHONN|WALTER|GUARIN|ARTEAGA|CC|98382926|1972-10-22|1|2|6|5169|3|2||7|07|||8|73.0|175|||2||||||||||||52UZPE01152001T48MT01EBS001H009452UZPE01152001T48MT01EBS001H0094F0094|52UZPE01152001T48MT01EBS001H009452UZPE01152001T48MT01EBS001H0094F0094CC98382926
3|985|ZOILA|MARIA|MERCHANCANO|RIOBAMBA|CC|30737002|1963-03-26|2|2|6|9510|3|1||3|07|||8|63.0|158|||2||||||||||||52UZPE01152001T48MT01EBS001H009552UZPE01152001T48MT01EBS001H0095F0095|52UZPE01152001T48MT01EBS001H009552UZPE01152001T48MT01EBS001H0095F0095CC30737002
3|986|EDUARDO|MAURICIO|BURBANO|ROSERO|CC|12982407|1962-12-20|1|2|6|9510|3|1||3|07|||8|85.0|169|||2||||||||||||52UZPE01152001T48MT01EBS001H009752UZPE01152001T48MT01EBS001H0097F0097|52UZPE01152001T48MT01EBS001H009752UZPE01152001T48MT01EBS001H0097F0097CC12982407
3|987|CARLOS|ALDEMAR|BURBANO|LASSO|CC|98377802|1970-03-07|1|2|6|9510|3|1||7|07|||8|80.0|162|||2||||||||||||52UZPE01152001T48MT01EBS001H009652UZPE01152001T48MT01EBS001H0096F0096|52UZPE01152001T48MT01EBS001H009652UZPE01152001T48MT01EBS001H0096F0096CC98377802
3|988|GLORIA|EDILMA|BURBANO|ROSERO|CC|30729050|1963-04-01|2|2|6|9998|3|1||3|07|||8|64.0|160|||2||||||||||||52UZPE01152001T48MT01EBS001H009652UZPE01152001T48MT01EBS001H0096F0096|52UZPE01152001T48MT01EBS001H009652UZPE01152001T48MT01EBS001H0096F0096CC30729050
3|989|DANIEL|FELIPE|BURBANO|BURBANO|CC|1233190341|1997-10-17|2|2|6|9622|3|2||7|07|||8|75.0|165|||2||||||||||||52UZPE01152001T48MT01EBS001H009652UZPE01152001T48MT01EBS001H0096F0096|52UZPE01152001T48MT01EBS001H009652UZPE01152001T48MT01EBS001H0096F0096CC1233190341
3|990|JORGE|GIRALDO|MORALES|ARDULJO|CC|1089482440|1991-04-05|1|2|6|9622|3|1||6|07|||8||173|||2||||||||||||52UZPE01152001T48MT01EBS001H010052UZPE01152001T48MT01EBS001H0100F0100|52UZPE01152001T48MT01EBS001H010052UZPE01152001T48MT01EBS001H0100F0100CC1089482440
3|991|KAROL|MELISA|JURADO|MENESES|TI|1088157585|2011-01-04|2|2|6|9998|3|1||1|07|||8||150|||2||||||||||||52UZPE01152001T48MT01EBS001H010052UZPE01152001T48MT01EBS001H0100F0100|52UZPE01152001T48MT01EBS001H010052UZPE01152001T48MT01EBS001H0100F0100TI1088157585
3|992|CARMEN|MARIA|MENESES|LOPEZ|CC|1086923233|1991-09-08|2|2|6|9998|3|1||7|07|||8|60.0|159|||2||||||||||||52UZPE01152001T48MT01EBS001H010052UZPE01152001T48MT01EBS001H0100F0100|52UZPE01152001T48MT01EBS001H010052UZPE01152001T48MT01EBS001H0100F0100CC1086923233
3|993|WILSON|FERNANDO|BASTIDAS|MENESES|TI|1179963874|2013-05-21|1|2|6|9998|3|1||8|07|||8||155|||2||||||||||||52UZPE01152001T48MT01EBS001H010052UZPE01152001T48MT01EBS001H0100F0100|52UZPE01152001T48MT01EBS001H010052UZPE01152001T48MT01EBS001H0100F0100TI1179963874
3|994|DAYSI|NA|ESCOBAR|MARTINEZ|CC|31173448|1966-05-24|2|2|6|9998|3|5||7|07|||8|58.0|153|||2||||||||||||52UZPE01152001T48MT01EBS001H010652UZPE01152001T48MT01EBS001H0106F0106|52UZPE01152001T48MT01EBS001H010652UZPE01152001T48MT01EBS001H0106F0106CC31173448
3|995|SARA|VALENTINA|ALPALA|QUETAMA|TI|1080059599|2011-09-15|2|2|6|9998|3|1||1|07|||8|49.0|151|||2||||||||||||52UZPE01152001T48MT01EBS001H010652UZPE01152001T48MT01EBS001H0106F0106|52UZPE01152001T48MT01EBS001H010652UZPE01152001T48MT01EBS001H0106F0106TI1080059599
3|996|EUMELIA|FLORINDA|PIANDA|DEYAQUENO|CC|30705896|1953-05-01|2|2|6|9998|3|1||3|07|||8|54.0|146|||2||||||||||||52UZPE01152001T48MT01EBS001H010752UZPE01152001T48MT01EBS001H0107F0107|52UZPE01152001T48MT01EBS001H010752UZPE01152001T48MT01EBS001H0107F0107CC30705896
3|997|ALEJANDRO|DANIEL|ENRIQUEZ|CRUZ|CC|1004437744|2001-01-31|1|2|6|5169|3|2||7|07|||8|65.0|168|||2||||||||||||52UZPE01152001T48MT01EBS001H010852UZPE01152001T48MT01EBS001H0108F0108|52UZPE01152001T48MT01EBS001H010852UZPE01152001T48MT01EBS001H0108F0108CC1004437744
3|998|MARTHA|LENY|CRUZ|JOSA|CC|27090744|1979-08-17|2|2|6|9998|3|1||7|07|||8|65.0|157|||2||||||||||||52UZPE01152001T48MT01EBS001H010852UZPE01152001T48MT01EBS001H0108F0108|52UZPE01152001T48MT01EBS001H010852UZPE01152001T48MT01EBS001H0108F0108CC27090744
3|999|EUDES|NA|ENRIQUEZ|BENAVIDES|CC|12747414|1979-09-12|1|2|6|9510|3|1||7|07|||8|72.0|160|||2||||||||||||52UZPE01152001T48MT01EBS001H010852UZPE01152001T48MT01EBS001H0108F0108|52UZPE01152001T48MT01EBS001H010852UZPE01152001T48MT01EBS001H0108F0108CC12747414
3|1000|CAMILO|ANDRES|ENRIQUEZ|CRUZ|CC|1085338506|1998-01-17|1|2|6|5169|3|2||7|07|||8|80.0|168|||2||||||||||||52UZPE01152001T48MT01EBS001H010852UZPE01152001T48MT01EBS001H0108F0108|52UZPE01152001T48MT01EBS001H010852UZPE01152001T48MT01EBS001H0108F0108CC1085338506
3|1001|ROSALINO|NA|GOMEZ|NARVAEZ|CC|12951030|1947-10-12|1|2|6|9510|3|2||3|07|||8|68.0|165|||2||||||||||||52UZPE01152001T48MT01EBS001H010952UZPE01152001T48MT01EBS001H0109F0109|52UZPE01152001T48MT01EBS001H010952UZPE01152001T48MT01EBS001H0109F0109CC12951030
3|1002|MARTA|PASTORA|YANGUATIN|DEGOMEZ|CC|27074765|1943-02-27|2|2|6|9998|3|2||3|07|||8|65.0|150|||2||||||||||||52UZPE01152001T48MT01EBS001H010952UZPE01152001T48MT01EBS001H0109F0109|52UZPE01152001T48MT01EBS001H010952UZPE01152001T48MT01EBS001H0109F0109CC27074765
3|1003|JANETH|NA|GOMEZ|YANGUATIN|CC|59821222|1972-12-25|2|2|6|9510|3|1||7|07|||8|73.0|150|||2||||||||||||52UZPE01152001T48MT01EBS001H010952UZPE01152001T48MT01EBS001H0109F0109|52UZPE01152001T48MT01EBS001H010952UZPE01152001T48MT01EBS001H0109F0109CC59821222
3|1004|LUIS|AURELIO|BOLANOS|NA|CC|12954964|1965-05-16|1|2|6|9998|3|1||4|07|||2|62.0|165|||2||||||||||||52UZPE01152001T48MT01EBS001H011052UZPE01152001T48MT01EBS001H0110F0110|52UZPE01152001T48MT01EBS001H011052UZPE01152001T48MT01EBS001H0110F0110CC12954964
3|1005|ZULY|LENYS|BOLANOS|CALPA|CC|37084670|1953-05-10|2|2|6|9510|3|1||3|07|||8|78.0|162|||2||||||||||||52UZPE01152001T48MT01EBS001H011052UZPE01152001T48MT01EBS001H0110F0110|52UZPE01152001T48MT01EBS001H011052UZPE01152001T48MT01EBS001H0110F0110CC37084670
3|1006|MARIADELSOCORRO|NA|CALPA|NA|CC|1080043698|1953-05-10|2|2|6|9998|3|1||3|07|||8|45.0|156|||2||||||||||||52UZPE01152001T48MT01EBS001H011052UZPE01152001T48MT01EBS001H0110F0110|52UZPE01152001T48MT01EBS001H011052UZPE01152001T48MT01EBS001H0110F0110CC1080043698
3|1007|ARIANA|PAOLA|OCANDO|ROMERO|PT|5249085|1997-11-16|2|2|6|9998|3|1||7|07|||8|84.0|159|||2||||||||||||52UZPE01152001T48MT01EBS001H011152UZPE01152001T48MT01EBS001H0111F0111|52UZPE01152001T48MT01EBS001H011152UZPE01152001T48MT01EBS001H0111F0111PT5249085
3|1008|ABDIEL|DAVID|AGUILERA|OCANDO|PT|7983486|2022-09-06|1|2|6|9998|3|1||8|07|||8|||||2||||||||||||52UZPE01152001T48MT01EBS001H011152UZPE01152001T48MT01EBS001H0111F0111|52UZPE01152001T48MT01EBS001H011152UZPE01152001T48MT01EBS001H0111F0111PT7983486
3|1009|ISRAEL|SANTIAGO|AGUILERA|OCANDO|PT|5248537|2017-12-30|1|2|6|9998|3|1||8|07|||8|23.0|111|||2||||||||||||52UZPE01152001T48MT01EBS001H011152UZPE01152001T48MT01EBS001H0111F0111|52UZPE01152001T48MT01EBS001H011152UZPE01152001T48MT01EBS001H0111F0111PT5248537
3|1010|PEDRO|HERNESTO|AGUILERA|REINA|PT|1905902|1987-04-13|1|2|6|9510|3|1||7|07|||8|80.0|180|||2||||||||||||52UZPE01152001T48MT01EBS001H011152UZPE01152001T48MT01EBS001H0111F0111|52UZPE01152001T48MT01EBS001H011152UZPE01152001T48MT01EBS001H0111F0111PT1905902
3|1011|LUIS|ADRIAN|BOLANOS|CALPA|CC|1085295952|1992-01-04|1|2|6|9510|3|1||7|07|||8|59.0|177|||2||||||||||||52UZPE01152001T48MT01EBS001H011252UZPE01152001T48MT01EBS001H0112F0112|52UZPE01152001T48MT01EBS001H011252UZPE01152001T48MT01EBS001H0112F0112CC1085295952
3|1012|KAREN|DAYANA|DIAZ|YAMPUEZAN|CC|1233191495|1998-04-26|2|2|6|9998|3|1||7|07|||8|68.0|153|||2||||||||||||52UZPE01152001T48MT01EBS001H011352UZPE01152001T48MT01EBS001H0113F0113|52UZPE01152001T48MT01EBS001H011352UZPE01152001T48MT01EBS001H0113F0113CC1233191495
3|1013|JAVIER|ANDRES|ENRIQUEZ|ARIAS|CC|1081273732|2004-09-17|1|2|6|9998|3|1||7|07|||8|67.0|174|||2||||||||||||52UZPE01152001T48MT01EBS001H011452UZPE01152001T48MT01EBS001H0114F0114|52UZPE01152001T48MT01EBS001H011452UZPE01152001T48MT01EBS001H0114F0114CC1081273732
3|1014|MONICA|JULIETHA|ARIAS|BURGOS|CC|59314831|1984-07-18|2|2|6|9998|3|1||7|07|||8|65.0|160|||2||||||||||||52UZPE01152001T48MT01EBS001H011452UZPE01152001T48MT01EBS001H0114F0114|52UZPE01152001T48MT01EBS001H011452UZPE01152001T48MT01EBS001H0114F0114CC59314831
3|1015|HERNANDO|JAVIER|ENRIQUEZ|SEGOVIA|CC|13069572|1981-02-23|1|2|6|9510|3|1||7|07|||8|68.0|170|||2||||||||||||52UZPE01152001T48MT01EBS001H011452UZPE01152001T48MT01EBS001H0114F0114|52UZPE01152001T48MT01EBS001H011452UZPE01152001T48MT01EBS001H0114F0114CC13069572
3|1016|MARIA|CAMILA|VELASQUEZ|MERCHANCANO|CC|1004235024|2002-12-09|2|2|6|9998|3|1||7|07|||8|58.0|158|||2||||||||||||52UZPE01152001T48MT01EBS001H011552UZPE01152001T48MT01EBS001H0115F0115|52UZPE01152001T48MT01EBS001H011552UZPE01152001T48MT01EBS001H0115F0115CC1004235024
3|1017|JHOSEP|JULIAN|URBANO|MERCHANCANO|TI|1080053872|2009-01-03|1|2|6|9998|3|1||1|07|||8|60.0|172|||2||||||||||||52UZPE01152001T48MT01EBS001H011552UZPE01152001T48MT01EBS001H0115F0115|52UZPE01152001T48MT01EBS001H011552UZPE01152001T48MT01EBS001H0115F0115TI1080053872
3|1018|MIRYAM|LUCELI|MERCHANCANO|GOMEZ|CC|36952430|1981-02-01|2|2|6|9998|3|1||7|07|||8|68.0|165|||2||||||||||||52UZPE01152001T48MT01EBS001H011552UZPE01152001T48MT01EBS001H0115F0115|52UZPE01152001T48MT01EBS001H011552UZPE01152001T48MT01EBS001H0115F0115CC36952430
3|1019|DARIO|BRAVO|URBANO|BRAVO|CC|13040632|1981-04-05|1|2|6|9510|3|1||7|07|||8|75.0|178|||2||||||||||||52UZPE01152001T48MT01EBS001H011552UZPE01152001T48MT01EBS001H0115F0115|52UZPE01152001T48MT01EBS001H011552UZPE01152001T48MT01EBS001H0115F0115CC13040632
3|1020|YENY|MILENACRIOLLO|CRIOLLO|MAGON|CC|36951618|1980-11-15|2|2|6|9510|3|1||7|07|||8|76.0|157|||2||||||||||||52UZPE01152001T48MT01EBS001H011652UZPE01152001T48MT01EBS001H0116F0116|52UZPE01152001T48MT01EBS001H011652UZPE01152001T48MT01EBS001H0116F0116CC36951618
3|1021|HUGO|ARMANDO|ORTIZ|ACOSTA|CC|13071410|1980-07-03|1|2|6|9510|3|1||7|07|||8|76.0|170|||2||||||||||||52UZPE01152001T48MT01EBS001H011652UZPE01152001T48MT01EBS001H0116F0116|52UZPE01152001T48MT01EBS001H011652UZPE01152001T48MT01EBS001H0116F0116CC13071410
3|1022|FRANKLIN|GUIOVANY|GOMEZ|CRIOLLO|CC|1193406409|1996-09-08|1|2|6|9998|3|1||6|07|||8|58.0|170|||2||||||||||||52UZPE01152001T48MT01EBS001H011652UZPE01152001T48MT01EBS001H0116F0116|52UZPE01152001T48MT01EBS001H011652UZPE01152001T48MT01EBS001H0116F0116CC1193406409
3|1023|EELIN|MILENA|ORTIZ|CRIOLLO|TI|1081056007|2008-12-15|2|2|6|9998|3|1||1|07|||8|50.0|154|||2||||||||||||52UZPE01152001T48MT01EBS001H011652UZPE01152001T48MT01EBS001H0116F0116|52UZPE01152001T48MT01EBS001H011652UZPE01152001T48MT01EBS001H0116F0116TI1081056007
3|1024|MARIA|GRATULINA|TULCAN|LOPEZ|CC|27484686|1925-09-15|2|2|6|9999|3|2||3|07|||1|55.0|144|||2||||||||||||52UZPE01152001T48MT01EBS001H011752UZPE01152001T48MT01EBS001H0117F0117|52UZPE01152001T48MT01EBS001H011752UZPE01152001T48MT01EBS001H0117F0117CC27484686
3|1025|MARIA|TRANSITO|GAMBOA|LOPEZ|CC|3073692|1963-05-28|2|2|6|9998|3|2||3|07|||8|52.0|157|||2||||||||||||52UZPE01152001T48MT01EBS001H011752UZPE01152001T48MT01EBS001H0117F0117|52UZPE01152001T48MT01EBS001H011752UZPE01152001T48MT01EBS001H0117F0117CC3073692
3|1026|ZENAIDA|NOAPLICA|PORTILLO|ALBARES|CC|27321488|1982-03-26|2|2|6|9998|3|2||7|07|||8||165|||2||||||||||||52UZPE01152001T48MT01EBS001H011852UZPE01152001T48MT01EBS001H0118F0118|52UZPE01152001T48MT01EBS001H011852UZPE01152001T48MT01EBS001H0118F0118CC27321488
3|1027|AYDEN|XAVIER|TOBAR|GOMEZ|RC|1080707707|2020-05-14|1|2|6|9998|3|2||8|07|||8|||||2||||||||||||52UZPE01152001T48MT01EBS001H011952UZPE01152001T48MT01EBS001H0119F0119|52UZPE01152001T48MT01EBS001H011952UZPE01152001T48MT01EBS001H0119F0119RC1080707707
3|1028|HARY|YAKELINE|GOMEZ|CRIOLLO|CC|1004135264|2002-01-25|2|2|6|5169|3|2||7|07|||8|54.0|156|||2||||||||||||52UZPE01152001T48MT01EBS001H011952UZPE01152001T48MT01EBS001H0119F0119|52UZPE01152001T48MT01EBS001H011952UZPE01152001T48MT01EBS001H0119F0119CC1004135264
3|1029|BRAYAN|ADRIAN|RODRIGUEZ|ERAZO|CC|1085293339|1991-12-03|1|2|6|5169|3|2||7|07|||8|71.0|170|||2||||||||||||52UZPE01152001T48MT01EBS001H012052UZPE01152001T48MT01EBS001H0120F0120|52UZPE01152001T48MT01EBS001H012052UZPE01152001T48MT01EBS001H0120F0120CC1085293339
3|1030|LUIS|VERNARDO|RODRUGUEZ|NOAPLICA|CC|87531644|1972-10-07|1|2|6|9998|3|2||7|07|||8|75.0|160|||2||||||||||||52UZPE01152001T48MT01EBS001H012052UZPE01152001T48MT01EBS001H0120F0120|52UZPE01152001T48MT01EBS001H012052UZPE01152001T48MT01EBS001H0120F0120CC87531644
3|1031|BLANCA|NIEVES|ERAZO|MENESES|CC|2720273|1969-05-14|2|2|6|9998|3|2||7|07|||8|86.0|170|||2||||||||||||52UZPE01152001T48MT01EBS001H012052UZPE01152001T48MT01EBS001H0120F0120|52UZPE01152001T48MT01EBS001H012052UZPE01152001T48MT01EBS001H0120F0120CC2720273
3|1032|CRISTIAN|SANTIAGO|VILLAREAL|RODRIGUEZ|TI|1081283133|2013-03-10|1|2|6|9998|3|2||8|07|||8|42.0|145|||2||||||||||||52UZPE01152001T48MT01EBS001H012152UZPE01152001T48MT01EBS001H0121F0121|52UZPE01152001T48MT01EBS001H012152UZPE01152001T48MT01EBS001H0121F0121TI1081283133
3|1033|DORADEL|ROSIO|MONTILLA|BASTIDAS|CC|367507321|1978-09-03|2|2|6|9998|3|2||7|07|||8|66.0|150|||2||||||||||||52UZPE01152001T48MT01EBS001H012252UZPE01152001T48MT01EBS001H0122F0122|52UZPE01152001T48MT01EBS001H012252UZPE01152001T48MT01EBS001H0122F0122CC367507321
3|1034|DAVID|SANTIAGO|MARTINEZ|REVELO|TI|1080699481|2013-12-14|1|2|6|9998|3|2||8|07|||8|30.0|120|||2||||||||||||52UZPE01152001T48MT01EBS001H012352UZPE01152001T48MT01EBS001H0123F0123|52UZPE01152001T48MT01EBS001H012352UZPE01152001T48MT01EBS001H0123F0123TI1080699481
3|1035|SARA|VALENTINA|MARTINEZ|REVELO|CC|1004192426|2003-04-10|2|2|6|9998|3|2||7|07|||8|58.0|160|||2||||||||||||52UZPE01152001T48MT01EBS001H012352UZPE01152001T48MT01EBS001H0123F0123|52UZPE01152001T48MT01EBS001H012352UZPE01152001T48MT01EBS001H0123F0123CC1004192426
3|1036|EDGAR|HUMBERTO|MARTINEZ|ARBOLEDA|CC|98388527|1974-09-11|1|2|6|5169|3|2||7|07|||8|84.0|165|||2||||||||||||52UZPE01152001T48MT01EBS001H012352UZPE01152001T48MT01EBS001H0123F0123|52UZPE01152001T48MT01EBS001H012352UZPE01152001T48MT01EBS001H0123F0123CC98388527
3|1037|PAOLA|ANDREA|REVELO|NARVAEZ|CC|36950410|1980-08-18|2|2|6|9998|3|2||7|07|||8|57.0|155|||2||||||||||||52UZPE01152001T48MT01EBS001H012352UZPE01152001T48MT01EBS001H0123F0123|52UZPE01152001T48MT01EBS001H012352UZPE01152001T48MT01EBS001H0123F0123CC36950410
3|1038|SEGUNDO|NOAPLICA|PALACIOS|SINDATO|CC|5194969|1936-05-15|1|2|6|9998|3|1||3|07|||2|58.0|156|||2||||||||||||52UZPE01152001T48MT01EBS001H012852UZPE01152001T48MT01EBS001H0128F0128|52UZPE01152001T48MT01EBS001H012852UZPE01152001T48MT01EBS001H0128F0128CC5194969
3|1039|FLOR|ALBA|ARMERO|NA|CC|27069325|1935-07-15|2|2|6|9998|3|1||3|07|||8|67.0|155|||2||||||||||||52UZPE01152001T48MT01EBS001H012852UZPE01152001T48MT01EBS001H0128F0128|52UZPE01152001T48MT01EBS001H012852UZPE01152001T48MT01EBS001H0128F0128CC27069325
3|1040|JESSICA|STEPHANIA|BRAVO|CARLOSAMA|CC|1193136074|2000-09-08|2|2|6|9998|3|1||7|07|||8|62.0|160|||2||||||||||||52UZPE01152001T48MT01EBS001H012952UZPE01152001T48MT01EBS001H0129F0129|52UZPE01152001T48MT01EBS001H012952UZPE01152001T48MT01EBS001H0129F0129CC1193136074
3|1041|MELANY|ZARAY|MAIGUAL|BRAVO|RC|1080708544|2021-02-26|2|2|6|9998|3|1||8|07|||8|||||2||||||||||||52UZPE01152001T48MT01EBS001H012952UZPE01152001T48MT01EBS001H0129F0129|52UZPE01152001T48MT01EBS001H012952UZPE01152001T48MT01EBS001H0129F0129RC1080708544
3|1042|JORDAN|DAVID|MAIGUAN|RAMOS|CC|1085344452|1998-11-19|1|2|6|9510|3|1||7|07|||8|62.0|163|||2||||||||||||52UZPE01152001T48MT01EBS001H012952UZPE01152001T48MT01EBS001H0129F0129|52UZPE01152001T48MT01EBS001H012952UZPE01152001T48MT01EBS001H0129F0129CC1085344452
3|1043|ZAHIRY|TATIANA|SANTACRUZ|YAMPUEZAN|CC|1233192459|1998-09-24|2|2|6|9998|3|1||7|07|||8|55.0|160|||2||||||||||||52UZPE01152001T48MT01EBS001H013052UZPE01152001T48MT01EBS001H0130F0130|52UZPE01152001T48MT01EBS001H013052UZPE01152001T48MT01EBS001H0130F0130CC1233192459
3|1044|ZAID|SEBASTIAN|BARRERA|SANTACRUZ|RC|1080073944|2023-09-25|1|2|6|9998|3|1||8|07|||8|||||2||||||||||||52UZPE01152001T48MT01EBS001H013052UZPE01152001T48MT01EBS001H0130F0130|52UZPE01152001T48MT01EBS001H013052UZPE01152001T48MT01EBS001H0130F0130RC1080073944
3|1045|BRIDNY|ALEJANDRA|DELACRUZ|YAMPUEZAN|CC|119303000|2000-11-06|2|2|6|9998|3|1||7|07|||8||165|||2||||||||||||52UZPE01152001T48MT01EBS001H013152UZPE01152001T48MT01EBS001H0131F0131|52UZPE01152001T48MT01EBS001H013152UZPE01152001T48MT01EBS001H0131F0131CC119303000
3|1046|MARIA|CELINA|RIASCOS|NOTIENE|CC|27076539|1949-04-01|2|2|6|9998|3|1||3|07|||8|55.0|150|||2||||||||||||52UZPE01152001T48MT01EBS001H013152UZPE01152001T48MT01EBS001H0131F0131|52UZPE01152001T48MT01EBS001H013152UZPE01152001T48MT01EBS001H0131F0131CC27076539
3|1047|PAOLA|JANETH|YAMPUEZAN|RIASCOS|CC|36758237|1982-06-02|2|2|6|9998|3|1||7|07|||8|62.0|160|||2||||||||||||52UZPE01152001T48MT01EBS001H013152UZPE01152001T48MT01EBS001H0131F0131|52UZPE01152001T48MT01EBS001H013152UZPE01152001T48MT01EBS001H0131F0131CC36758237
3|1048|LUIS|ANTONIO|RIASCOS|NOTIENE|CC|87064710|1958-08-20|1|2|6|9998|3|1||3|07|||8||165|||2||||||||||||52UZPE01152001T48MT01EBS001H013252UZPE01152001T48MT01EBS001H0132F0132|52UZPE01152001T48MT01EBS001H013252UZPE01152001T48MT01EBS001H0132F0132CC87064710
3|1049|DANIEL|ANTONIO|PAZ|GOMEZ|CC|12953263|1948-07-21|1|2|6|9998|3|1||3|07|||8|75.0|170|||2||||||||||||52UZPE01152001T48MT01EBS001H013352UZPE01152001T48MT01EBS001H0133F0133|52UZPE01152001T48MT01EBS001H013352UZPE01152001T48MT01EBS001H0133F0133CC12953263
3|1050|SOLEDAD|NOAPLICA|TAIMBU|PEREZ|CC|27313546|1944-05-10|2|2|6|9998|3|1||3|07|||1|45.0|145|||2||||||||||||52UZPE01152001T48MT01EBS001H013352UZPE01152001T48MT01EBS001H0133F0133|52UZPE01152001T48MT01EBS001H013352UZPE01152001T48MT01EBS001H0133F0133CC27313546
3|1051|GUILLERMO|ARNULFO|MAIGUAL|MORA|CC|98377844|1971-01-03|1|2|6|9510|3|1||7|07|||8|70.0|162|||2||||||||||||52UZPE01152001T48MT01EBS001H013952UZPE01152001T48MT01EBS001H0139F0139|52UZPE01152001T48MT01EBS001H013952UZPE01152001T48MT01EBS001H0139F0139CC98377844
3|1052|MARTA|LUCIA|RAMOS|ORTIZ|CC|59830345|1973-11-13|2|2|6|9998|3|1||7|07|||8|60.0|158|||2||||||||||||52UZPE01152001T48MT01EBS001H013952UZPE01152001T48MT01EBS001H0139F0139|52UZPE01152001T48MT01EBS001H013952UZPE01152001T48MT01EBS001H0139F0139CC59830345
3|1053|GEIDY|SALOME|MAIGUAL|MATABANCHOY|RC|1080074330|2024-01-23|2|2|6|9998|3|1||8|07|||8|||||2||||||||||||52UZPE01152001T48MT01EBS001H014052UZPE01152001T48MT01EBS001H0140F0140|52UZPE01152001T48MT01EBS001H014052UZPE01152001T48MT01EBS001H0140F0140RC1080074330
3|1054|ANA|VICTORIA|MATABANCHOY|RIASCOS|CC|1137089174|2005-11-04|2|2|6|9998|3|1||7|07|||8|51.0|156|||2||||||||||||52UZPE01152001T48MT01EBS001H014052UZPE01152001T48MT01EBS001H0140F0140|52UZPE01152001T48MT01EBS001H014052UZPE01152001T48MT01EBS001H0140F0140CC1137089174
3|1055|YEISON|ALEXANDER|MAIGUAL|RAMOS|CC|104136079|2003-03-05|1|2|6|9510|3|1||7|07|||8|55.0|158|||2||||||||||||52UZPE01152001T48MT01EBS001H014052UZPE01152001T48MT01EBS001H0140F0140|52UZPE01152001T48MT01EBS001H014052UZPE01152001T48MT01EBS001H0140F0140CC104136079
3|1056|JOSE|LEONARDO|MESA|PUPIALES|CC|12970233|1959-01-20|1|2|6|9510|3|1||3|07|||8|68.0|162|||2||||||||||||52UZPE01152001T48MT01EBS001H014152UZPE01152001T48MT01EBS001H0141F0141|52UZPE01152001T48MT01EBS001H014152UZPE01152001T48MT01EBS001H0141F0141CC12970233
3|1057|GLADISDEL|CARME|MORA|NOTIENE|CC|30715919|1959-11-22|2|2|6|9998|3|1||3|07|||8|60.0|158|||2||||||||||||52UZPE01152001T48MT01EBS001H014152UZPE01152001T48MT01EBS001H0141F0141|52UZPE01152001T48MT01EBS001H014152UZPE01152001T48MT01EBS001H0141F0141CC30715919
3|1058|DAVID|STEVEN|JOJOA|MARTINEZ|CC|1193376981|2000-07-03|1|2|6|9998|3|2||7|07|||8|52.0|182|||2||||||||||||52UZPE01152001T48MT01EBS001H014252UZPE01152001T48MT01EBS001H0142F0142|52UZPE01152001T48MT01EBS001H014252UZPE01152001T48MT01EBS001H0142F0142CC1193376981
3|1059|HERRY|FABIAN|JOJOA|MARTINEZ|CC|1085335225|1997-06-10|1|2|6|9998|3|1||4|07|||1|42.0|140|||2||||||||||||52UZPE01152001T48MT01EBS001H014252UZPE01152001T48MT01EBS001H0142F0142|52UZPE01152001T48MT01EBS001H014252UZPE01152001T48MT01EBS001H0142F0142CC1085335225
3|1060|LILIANADEL|PILAR|MARTINEZ|BENAVIDES|CC|59813500|1966-10-29|2|2|6|9998|3|2||6|07|||8|50.0|160|||2||||||||||||52UZPE01152001T48MT01EBS001H014252UZPE01152001T48MT01EBS001H0142F0142|52UZPE01152001T48MT01EBS001H014252UZPE01152001T48MT01EBS001H0142F0142CC59813500
3|1061|JHANELLY|LILIANA|JOJOA|MARTINEZ|CC|1004215581|2003-08-07|2|2|6|9998|3|2||7|07|||8|52.0|157|||2||||||||||||52UZPE01152001T48MT01EBS001H014252UZPE01152001T48MT01EBS001H0142F0142|52UZPE01152001T48MT01EBS001H014252UZPE01152001T48MT01EBS001H0142F0142CC1004215581
3|1062|OLGA|YURY|FIERRO|BRAVO|CC|59817000|1971-06-29|2|2|6|9998|3|1||7|07|||8|74.0|158|||2||||||||||||52UZPE01152001T48MT01EBS001H014352UZPE01152001T48MT01EBS001H0143F0143|52UZPE01152001T48MT01EBS001H014352UZPE01152001T48MT01EBS001H0143F0143CC59817000
3|1063|MARIA|MAGDALENA|CHAMORRO|LOPEZ|CC|3718811|1955-12-05|2|2|6|9998|3|1||3|07|||8|55.0|156|||2||||||||||||52UZPE01152001T48MT01EBS001H014452UZPE01152001T48MT01EBS001H0144F0144|52UZPE01152001T48MT01EBS001H014452UZPE01152001T48MT01EBS001H0144F0144CC3718811
3|1064|NICOLAS|ANDRES|DELGADO|MARTINEZ|TI|1081280667|2010-04-22|1|2|6|9998|3|1||1|07|||8|55.0|156|||2||||||||||||52UZPE01152001T48MT01EBS001H014552UZPE01152001T48MT01EBS001H0145F0145|52UZPE01152001T48MT01EBS001H014552UZPE01152001T48MT01EBS001H0145F0145TI1081280667
3|1065|ELCY|ENCARNACION|MONCAYO|MARTINEZ|CC|27082043|1977-05-05|2|2|6|9998|3|1||7|07|||8|58.0|155|||2||||||||||||52UZPE01152001T48MT01EBS001H014552UZPE01152001T48MT01EBS001H0145F0145|52UZPE01152001T48MT01EBS001H014552UZPE01152001T48MT01EBS001H0145F0145CC27082043
3|1066|JOSE|ARMANDO|RODRIGUEZ|DELGADO|CC|98387235|1974-11-19|1|2|6|5169|3|2||7|07|||8|70.0|166|||2||||||||||||52UZPE01152001T48MT01EBS001H014552UZPE01152001T48MT01EBS001H0145F0145|52UZPE01152001T48MT01EBS001H014552UZPE01152001T48MT01EBS001H0145F0145CC98387235
3|1067|CESAR|AUGUSTO|ORTEGA|ERASO|CC|12998592|1970-07-27|1|2|6|5169|3|2||7|07|||8|65.0|160|||2||||||||||||52UZPE01152001T48MT01EBS001H014652UZPE01152001T48MT01EBS001H0146F0146|52UZPE01152001T48MT01EBS001H014652UZPE01152001T48MT01EBS001H0146F0146CC12998592
3|1068|ADRIANA|JOSEFINA|ORTEGA|ORTEGA|CC|59651784|1979-04-28|2|2|6|9998|3|1||7|07|||8|55.0|157|||2||||||||||||52UZPE01152001T48MT01EBS001H014652UZPE01152001T48MT01EBS001H0146F0146|52UZPE01152001T48MT01EBS001H014652UZPE01152001T48MT01EBS001H0146F0146CC59651784
3|1069|EBER|GERMAN|PAZ|TAIMBUD|CC|1085252037|1986-04-27|1|2|6|9510|3|2||7|07|||8|75.0|172|||2||||||||||||52UZPE01152001T48MT01EBS001H014752UZPE01152001T48MT01EBS001H0147F0147|52UZPE01152001T48MT01EBS001H014752UZPE01152001T48MT01EBS001H0147F0147CC1085252037
3|1070|JOHAN|ERICK|PAZ|ORTEGA|RC|0000000000|2016-04-07|1|2|6|9998|3|1||8|07|||8|30.0|125|||2||||||||||||52UZPE01152001T48MT01EBS001H014752UZPE01152001T48MT01EBS001H0147F0147|52UZPE01152001T48MT01EBS001H014752UZPE01152001T48MT01EBS001H0147F0147RC0000000000
3|1071|LUZ|DARY|ORTEGA|VILLACORTE|CC|1085273090|1989-03-16|1|2|6|9998|3|1||7|07|||8|65.0|146|||2||||||||||||52UZPE01152001T48MT01EBS001H014752UZPE01152001T48MT01EBS001H0147F0147|52UZPE01152001T48MT01EBS001H014752UZPE01152001T48MT01EBS001H0147F0147CC1085273090
3|1072|JHON|ALEJANDRO|JURADO|CUALCAL|CC|1084847889|1996-12-11|1|2|6|5169|3|5||7|07|||8|66.0|164|||2||||||||||||52UZPE01152001T48MT01EBS001H015052UZPE01152001T48MT01EBS001H0150F0150|52UZPE01152001T48MT01EBS001H015052UZPE01152001T48MT01EBS001H0150F0150CC1084847889
3|1073|DAISY|LORENA|MALLAMAS|ROSERO|CC|1193223029|2000-07-29|2|2|6|9998|3|2||7|07|||8|55.0|154|||2||||||||||||52UZPE01152001T48MT01EBS001H015052UZPE01152001T48MT01EBS001H0150F0150|52UZPE01152001T48MT01EBS001H015052UZPE01152001T48MT01EBS001H0150F0150CC1193223029
3|1074|EMELY|SOFIA|JURADO|MALLAMAS|TI|1080066508|2016-11-11|2|2|6|9998|3|2||8|07|||8|30.0|110|||2||||||||||||52UZPE01152001T48MT01EBS001H015052UZPE01152001T48MT01EBS001H0150F0150|52UZPE01152001T48MT01EBS001H015052UZPE01152001T48MT01EBS001H0150F0150TI1080066508
3|1075|GILMER|JESID|PORTILLA|ARCOS|CC|1004508228|2002-02-10|1|2|6|9622|3|1||7|07|||8|||||2||||||||||||52UZPE01152001T48MT01EBS001H015152UZPE01152001T48MT01EBS001H0151F0151|52UZPE01152001T48MT01EBS001H015152UZPE01152001T48MT01EBS001H0151F0151CC1004508228
3|1076|FATIMA|ANDREA|ANGULO|CORTEZ|CC|1085328951|1996-05-22|2|2|6|9998|3|1||7|07|||8|66.0|159|||2||||||||||||52UZPE01152001T48MT01EBS001H015452UZPE01152001T48MT01EBS001H0154F0154|52UZPE01152001T48MT01EBS001H015452UZPE01152001T48MT01EBS001H0154F0154CC1085328951
3|1077|VIOLETA|ALEXANDRA|GOMEZ|ANGULO|TI|1080703917|2017-06-27|2|2|6|9998|3|1||8|07|||8|21.0|124|||2||||||||||||52UZPE01152001T48MT01EBS001H015452UZPE01152001T48MT01EBS001H0154F0154|52UZPE01152001T48MT01EBS001H015452UZPE01152001T48MT01EBS001H0154F0154TI1080703917
3|1078|OSCAR|WILSON|GOMEZ|YANGUATI|CC|87240313|1974-10-02|1|2|6|9510|3|1||7|07|||8|76.0|170|||2||||||||||||52UZPE01152001T48MT01EBS001H015452UZPE01152001T48MT01EBS001H0154F0154|52UZPE01152001T48MT01EBS001H015452UZPE01152001T48MT01EBS001H0154F0154CC87240313
3|1079|ROSA|FANNY|ORTEGA|TOBAR|CC|59312228|1943-07-13|2|2|4|9999|13|1||3|07|||8|43.0|133|||2||||||||||||52UZPE01152001T48MT01EBS001H015552UZPE01152001T48MT01EBS001H0155F0155|52UZPE01152001T48MT01EBS001H015552UZPE01152001T48MT01EBS001H0155F0155CC59312228
3|1080|ALONSO|FIDEL|ORTEGA|TOBAR|CC|87064963|1950-01-20|1|2|6|9998|3|1||3|07|||1|58.0|147|||2||||||||||||52UZPE01152001T48MT01EBS001H015552UZPE01152001T48MT01EBS001H0155F0155|52UZPE01152001T48MT01EBS001H015552UZPE01152001T48MT01EBS001H0155F0155CC87064963
3|1081|LUIS|MARIO|JUAJINOY|QUETAMA|CC|1193201354|2002-11-18|1|2|6|9510|3|1||7|07|||8|66.0|167|||2||||||||||||52UZPE01152001T48MT01EBS001H015752UZPE01152001T48MT01EBS001H0157F0157|52UZPE01152001T48MT01EBS001H015752UZPE01152001T48MT01EBS001H0157F0157CC1193201354
3|1082|MARIA|DELCARMEN|QUETAMA|ASCUNTAR|CC|27081699|1977-10-23|2|2|6|9622|3|1||7|07|||8|68.0|147|||2||||||||||||52UZPE01152001T48MT01EBS001H015752UZPE01152001T48MT01EBS001H0157F0157|52UZPE01152001T48MT01EBS001H015752UZPE01152001T48MT01EBS001H0157F0157CC27081699
3|1083|DIANA|MARCELA|RIASCOS|GOMEZ|CC|1085334746|1997-05-18|2|2|6|9510|3|2||7|07|||8|64.0|168|||2||||||||||||52UZPE01152001T48MT01EBS001H015852UZPE01152001T48MT01EBS001H0158F0158|52UZPE01152001T48MT01EBS001H015852UZPE01152001T48MT01EBS001H0158F0158CC1085334746
3|1084|MARIA|CATALINA|GOMEZ|NARVAEZ|CC|36750962|1973-03-19|2|2|6|5169|3|2||7|07|||8|64.0|155|||2||||||||||||52UZPE01152001T48MT01EBS001H015852UZPE01152001T48MT01EBS001H0158F0158|52UZPE01152001T48MT01EBS001H015852UZPE01152001T48MT01EBS001H0158F0158CC36750962
3|1085|MILCER|ANTONIO|PORTILLO|GRANDA|CC|1087645240|1991-05-14|1|2|6|5169|3|5||7|07|||8|65.0|162|||2||||||||||||52UZPE01152001T48MT01EBS001H016052UZPE01152001T48MT01EBS001H0160F0160|52UZPE01152001T48MT01EBS001H016052UZPE01152001T48MT01EBS001H0160F0160CC1087645240
3|1086|MARIAESTELLA|DELSOCORRO|FIGUEROA|BENAVIDES|CC|59814721|1970-11-27|2|2|5|9998|5|1||7|07|||8|45.0|154|||2||||||||||||52UZPE01152001T48MT01EBS001H016152UZPE01152001T48MT01EBS001H0161F0161|52UZPE01152001T48MT01EBS001H016152UZPE01152001T48MT01EBS001H0161F0161CC59814721
3|1087|ANA|JAMIN|FIGUEROA|NO|CC|1085309439|1993-08-29|2|2|6|9622|3|1||7|07|||8|65.0|150|||2||||||||||||52UZPE01152001T48MT01EBS001H016152UZPE01152001T48MT01EBS001H0161F0161|52UZPE01152001T48MT01EBS001H016152UZPE01152001T48MT01EBS001H0161F0161CC1085309439
3|1088|CLAUDIA|STEFANI|FIGUEROA|NO|CC|1085275336|1989-06-21|2|2|6|9998|3|1||7|07|||8|45.0|155|||2||||||||||||52UZPE01152001T48MT01EBS001H016152UZPE01152001T48MT01EBS001H0161F0161|52UZPE01152001T48MT01EBS001H016152UZPE01152001T48MT01EBS001H0161F0161CC1085275336
3|1089|ISRAEL|NA|FAJARDO|PARDO|CC|12959920|1952-09-10|1|2|6|9998|3|1||3|07|||8|87.0|172|||2||||||||||||52UZPE01152001T48MT01EBS001H016252UZPE01152001T48MT01EBS001H0162F0162|52UZPE01152001T48MT01EBS001H016252UZPE01152001T48MT01EBS001H0162F0162CC12959920
3|1090|STELLA|DELCARMEN|MONTENEGRO|BASTIDAS|CC|59314373|1979-05-20|2|2|6|9998|3|1||7|07|||8|62.0|150|||2||||||||||||52UZPE01152001T48MT01EBS001H016252UZPE01152001T48MT01EBS001H0162F0162|52UZPE01152001T48MT01EBS001H016252UZPE01152001T48MT01EBS001H0162F0162CC59314373
3|1091|FABIO|FERNANDO|FAJARDO|JURADO|CC|87064855|1979-08-27|1|2|6|9510|3|1||7|07|||8|69.0|168|||2||||||||||||52UZPE01152001T48MT01EBS001H016252UZPE01152001T48MT01EBS001H0162F0162|52UZPE01152001T48MT01EBS001H016252UZPE01152001T48MT01EBS001H0162F0162CC87064855
3|1092|RUBIELA|DELROSARIO|MONTILLA|MONTILLA|CC|30740388|1968-11-01|2|2|5|9998|2|1||7|07|||8|48.0|154|||2||||||||||||52UZPE01152001T48MT01EBS001H016352UZPE01152001T48MT01EBS001H0163F0163|52UZPE01152001T48MT01EBS001H016352UZPE01152001T48MT01EBS001H0163F0163CC30740388
3|1093|EDGAR|ALFREDO|GALLARDO|OCANA|CC|98382272|1967-09-23|1|2|6|9622|3|1||7|07|||8|57.0|160|||2||||||||||||52UZPE01152001T48MT01EBS001H016352UZPE01152001T48MT01EBS001H0163F0163|52UZPE01152001T48MT01EBS001H016352UZPE01152001T48MT01EBS001H0163F0163CC98382272
3|1094|MARIA|NUBIA|BENAVIDES|PEREZ|CC|59826576|1969-02-13|2|2|6|9998|3|2||7|07|||8|55.0|157|||2||||||||||||52UZPE01152001T48MT01EBS001H016552UZPE01152001T48MT01EBS001H0165F0165|52UZPE01152001T48MT01EBS001H016552UZPE01152001T48MT01EBS001H0165F0165CC59826576
3|1095|JAIRO|ARMANDO|TOBAR|MIRANDA|CC|98381010|1969-12-13|1|2|6|5169|3|2||7|07|||8|62.0|160|||2||||||||||||52UZPE01152001T48MT01EBS001H016552UZPE01152001T48MT01EBS001H0165F0165|52UZPE01152001T48MT01EBS001H016552UZPE01152001T48MT01EBS001H0165F0165CC98381010
3|1096|BRAYAM|ARMANDO|TOBAR|BENAVIDES|CC|1085335107|1997-06-04|1|2|6|9998|3|2||7|07|||8|70.0|170|||2||||||||||||52UZPE01152001T48MT01EBS001H016552UZPE01152001T48MT01EBS001H0165F0165|52UZPE01152001T48MT01EBS001H016552UZPE01152001T48MT01EBS001H0165F0165CC1085335107
3|1097|MIRIANDELCARMEN|NA|VILLA|NA|CC|30730600|1957-08-20|2|2|6|9998|3|1||3|07|||8|70.0|150|||2||||||||||||52UZPE01152001T48MT01EBS001H016452UZPE01152001T48MT01EBS001H0164F0164|52UZPE01152001T48MT01EBS001H016452UZPE01152001T48MT01EBS001H0164F0164CC30730600
3|1098|RUBENDARJIO|DARIO|NUPAN|VILLOTA|CC|1085328318|1996-04-28|1|2|6|5169|3|2||7|07|||8|69.0|170|||2||||||||||||52UZPE01152001T48MT01EBS001H016452UZPE01152001T48MT01EBS001H0164F0164|52UZPE01152001T48MT01EBS001H016452UZPE01152001T48MT01EBS001H0164F0164CC1085328318
3|1099|VERONICA|NN|ARENAS|CEBALLOS|CC|1116276318|1997-08-17|2|2|6|9998|3|1||7|07|||8|70.0|163|||2||||||||||||52UZPE01152001T48MT01EBS001H016652UZPE01152001T48MT01EBS001H0166F0166|52UZPE01152001T48MT01EBS001H016652UZPE01152001T48MT01EBS001H0166F0166CC1116276318
3|1100|JHON|ALEJANDRO|ROMERO|VELASQUEZ|CC|1085270387|1988-11-14|1|2|6|5169|3|5||7|07|||8|75.0|165|||2||||||||||||52UZPE01152001T48MT01EBS001H016652UZPE01152001T48MT01EBS001H0166F0166|52UZPE01152001T48MT01EBS001H016652UZPE01152001T48MT01EBS001H0166F0166CC1085270387
3|1101|DIANA|MARCELA|ANDRADE|ACOSTA|CC|59825550|1970-03-09|2|2|6|9998|3|2||7|07|||8|67.0|150|||2||||||||||||52UZPE01152001T48MT01EBS001H016852UZPE01152001T48MT01EBS001H0168F0168|52UZPE01152001T48MT01EBS001H016852UZPE01152001T48MT01EBS001H0168F0168CC59825550
3|1102|DAYANA|JISSELLE|DELGADO|ANDRADE|CC|1085310151|1994-02-01|2|2|6|5169|3|2||7|07|||8|57.0|150|||2||||||||||||52UZPE01152001T48MT01EBS001H016852UZPE01152001T48MT01EBS001H0168F0168|52UZPE01152001T48MT01EBS001H016852UZPE01152001T48MT01EBS001H0168F0168CC1085310151
3|1103|YIMMY|ALEXANDER|DELGADO|ANDRADE|CC|1081272240|2004-01-04|1|2|6|9510|3|2||7|07|||8|62.0|164|||2||||||||||||52UZPE01152001T48MT01EBS001H016852UZPE01152001T48MT01EBS001H0168F0168|52UZPE01152001T48MT01EBS001H016852UZPE01152001T48MT01EBS001H0168F0168CC1081272240
3|1104|OFELIA|NA|MUNOZ|DEMEZA|CC|27068579|1935-10-17|2|2|6|9998|3|1||3|07|||2|50.0|150|||2||||||||||||52UZPE01152001T48MT01EBS001H016952UZPE01152001T48MT01EBS001H0169F0169|52UZPE01152001T48MT01EBS001H016952UZPE01152001T48MT01EBS001H0169F0169CC27068579
3|1105|JULIAN|ALEJANDRO|ROSERO|MEZA|CC|1131085472|1996-11-22|1|2|6|9510|3|1||7|07|||8|72.0|170|||2||||||||||||52UZPE01152001T48MT01EBS001H016952UZPE01152001T48MT01EBS001H0169F0169|52UZPE01152001T48MT01EBS001H016952UZPE01152001T48MT01EBS001H0169F0169CC1131085472
3|1106|RODRIGO|EDILBERTO|ROSERO|GUERRERO|CC|12989491|1957-10-19|1|2|6|5169|3|1||3|07|||8|65.0|165|||2||||||||||||52UZPE01152001T48MT01EBS001H016952UZPE01152001T48MT01EBS001H0169F0169|52UZPE01152001T48MT01EBS001H016952UZPE01152001T48MT01EBS001H0169F0169CC12989491
3|1107|MISAELINA|NA|MEZA|MUNOZ|CC|35491025|1957-07-28|2|2|6|9998|3|1||3|07|||8|57.0|155|||2||||||||||||52UZPE01152001T48MT01EBS001H016952UZPE01152001T48MT01EBS001H0169F0169|52UZPE01152001T48MT01EBS001H016952UZPE01152001T48MT01EBS001H0169F0169CC35491025
3|1108|GLORIA|YOLANDA|CORDOBA|SANTACRUZ|CC|1085244519|1975-08-24|2|2|6|9622|2|1||7|07|||8|54.0|142|||2||||||||||||52UZPE01152001T48MT01EBS001H017052UZPE01152001T48MT01EBS001H0170F0170|52UZPE01152001T48MT01EBS001H017052UZPE01152001T48MT01EBS001H0170F0170CC1085244519
3|1109|LUIS|BOLIVAR|HERNANDEZ|RUANO|CC|12973907|1961-02-10|1|2|6|5169|3|1||3|07|||8|60.0|155|||2||||||||||||52UZPE01152001T48MT01EBS001H017152UZPE01152001T48MT01EBS001H0171F0171|52UZPE01152001T48MT01EBS001H017152UZPE01152001T48MT01EBS001H0171F0171CC12973907
3|1110|MARIAESPERANZA|DELCARMEN|GUACAS|FAJARDO|CC|27093634|1967-04-26|2|2|6|9998|3|1||7|07|||8|70.0|156|||2||||||||||||52UZPE01152001T48MT01EBS001H017152UZPE01152001T48MT01EBS001H0171F0171|52UZPE01152001T48MT01EBS001H017152UZPE01152001T48MT01EBS001H0171F0171CC27093634
3|1111|CARLOS|EFREN|ZAMBRANO|MARTINEZ|CC|12985415|1965-03-05|1|2|6|9510|3|1||7|07|||8|72.0|169|||2||||||||||||52UZPE01152001T48MT01EBS001H017252UZPE01152001T48MT01EBS001H0172F0172|52UZPE01152001T48MT01EBS001H017252UZPE01152001T48MT01EBS001H0172F0172CC12985415
3|1112|DAVID|SEBASTIAN|ZAMBRANO|MONTENEGRO|CC|1193292080|2001-03-10|1|2|6|9510|3|1||7|07|||8|70.0|168|||2||||||||||||52UZPE01152001T48MT01EBS001H017252UZPE01152001T48MT01EBS001H0172F0172|52UZPE01152001T48MT01EBS001H017252UZPE01152001T48MT01EBS001H0172F0172CC1193292080
3|1113|GLADIS|ADRIANA|ROSERO|OVIEDO|CC|27473476|1984-08-20|2|2|6|9998|3|1||7|07|||8|55.0|155|||2||||||||||||52UZPE01152001T48MT01EBS001H017352UZPE01152001T48MT01EBS001H0173F0173|52UZPE01152001T48MT01EBS001H017352UZPE01152001T48MT01EBS001H0173F0173CC27473476
3|1114|MARIA|SALOME|OSPINA|ROSERO|TI|1080066839|2016-12-12|2|2|6|9998|3|1||8|07|||8|25.0|128|||2||||||||||||52UZPE01152001T48MT01EBS001H017352UZPE01152001T48MT01EBS001H0173F0173|52UZPE01152001T48MT01EBS001H017352UZPE01152001T48MT01EBS001H0173F0173TI1080066839
3|1115|DANNA|SOFIA|OSPINA|ROSERO|TI|1080063776|2014-03-04|2|2|6|9998|3|1||8|07|||8|23.0|130|||2||||||||||||52UZPE01152001T48MT01EBS001H017352UZPE01152001T48MT01EBS001H0173F0173|52UZPE01152001T48MT01EBS001H017352UZPE01152001T48MT01EBS001H0173F0173TI1080063776
3|1116|JEFERSON|NA|OSPINA|URDANETA|CC|1143928071|1989-07-14|1|2|6|5169|3|2||7|07|||8|80.0|170|||2||||||||||||52UZPE01152001T48MT01EBS001H017352UZPE01152001T48MT01EBS001H0173F0173|52UZPE01152001T48MT01EBS001H017352UZPE01152001T48MT01EBS001H0173F0173CC1143928071
3|1117|HECTOR|ANTONIO|ORTEGA|BENAVIDES|CC|12992170|1966-02-12|1|2|6|9510|3|1||7|07|||8|70.0|165|||2||||||||||||52UZPE01152001T48MT01EBS001H017552UZPE01152001T48MT01EBS001H0175F0175|52UZPE01152001T48MT01EBS001H017552UZPE01152001T48MT01EBS001H0175F0175CC12992170
3|1118|GLADYS|DELSOCORRO|BENAVIDES|ASCUNTAR|CC|59833771|1970-02-15|2|2|6|9998|3|1||7|07|||8|76.0|148|||2||||||||||||52UZPE01152001T48MT01EBS001H017552UZPE01152001T48MT01EBS001H0175F0175|52UZPE01152001T48MT01EBS001H017552UZPE01152001T48MT01EBS001H0175F0175CC59833771
3|1119|LUIS|ANTONIO|ORTEGA|BENAVIDES|CC|1085271012|1988-08-05|1|2|6|9998|3|1||7|07|||8|76.0|173|||2||||||||||||52UZPE01152001T48MT01EBS001H017552UZPE01152001T48MT01EBS001H0175F0175|52UZPE01152001T48MT01EBS001H017552UZPE01152001T48MT01EBS001H0175F0175CC1085271012
3|1120|ERICK|SAMMUEL|CHINGUA|ORTEGA|TI|1080703834|2017-06-28|1|2|6|9998|3|1||8|07|||8|35.0|134|||2||||||||||||52UZPE01152001T48MT01EBS001H017652UZPE01152001T48MT01EBS001H0176F0176|52UZPE01152001T48MT01EBS001H017652UZPE01152001T48MT01EBS001H0176F0176TI1080703834
3|1121|LILIANA|BEATRIZ|ORTEGA|BENAVIDES|CC|1085285395|1990-06-22|2|2|6|9998|3|1||7|07|||8|65.0|157|||2||||||||||||52UZPE01152001T48MT01EBS001H017652UZPE01152001T48MT01EBS001H0176F0176|52UZPE01152001T48MT01EBS001H017652UZPE01152001T48MT01EBS001H0176F0176CC1085285395
3|1122|DAIRON|ALEJANDRO|CHINGUA|ORTEGA|TI|1030020771|2008-11-29|1|2|6|9998|3|1||1|07|||8|58.0|159|||2||||||||||||52UZPE01152001T48MT01EBS001H017652UZPE01152001T48MT01EBS001H0176F0176|52UZPE01152001T48MT01EBS001H017652UZPE01152001T48MT01EBS001H0176F0176TI1030020771
3|1123|EMMANUEL|SANTIAGO|LOPEZ|SANTANDER|RC|1030003262|2020-01-25|1|2|6|9998|3|2||8|07|||8|15.0|105|||2||||||||||||52UZPE01152001T48MT01EBS001H017752UZPE01152001T48MT01EBS001H0177F0177|52UZPE01152001T48MT01EBS001H017752UZPE01152001T48MT01EBS001H0177F0177RC1030003262
3|1124|LINA|FERNANDA|SANTANDER|LEITON|CC|1085310650|1993-07-06|2|2|6|5169|3|2||7|07|||8|63.0|161|||2||||||||||||52UZPE01152001T48MT01EBS001H017752UZPE01152001T48MT01EBS001H0177F0177|52UZPE01152001T48MT01EBS001H017752UZPE01152001T48MT01EBS001H0177F0177CC1085310650
3|1125|ELENA|PERCIDES|LEITON|VALENCIA|CC|30726630|1961-09-24|2|2|6|9998|3|1||3|07|||8|57.0|150|||2||||||||||||52UZPE01152001T48MT01EBS001H017752UZPE01152001T48MT01EBS001H0177F0177|52UZPE01152001T48MT01EBS001H017752UZPE01152001T48MT01EBS001H0177F0177CC30726630
3|1126|YANINA|FABIOLA|BOLANOS|LEITON|CC|37082304|1982-07-05|2|2|6|9510|3|1||7|07|||8|55.0|170|||2||||||||||||52UZPE01152001T48MT01EBS001H017852UZPE01152001T48MT01EBS001H0178F0178|52UZPE01152001T48MT01EBS001H017852UZPE01152001T48MT01EBS001H0178F0178CC37082304
3|1127|DANIELA|NA|TIMANA|BOLANOS|CC|1233194458|1999-11-21|2|2|6|9998|3|1||7|07|||8|60.0|166|||2||||||||||||52UZPE01152001T48MT01EBS001H017852UZPE01152001T48MT01EBS001H0178F0178|52UZPE01152001T48MT01EBS001H017852UZPE01152001T48MT01EBS001H0178F0178CC1233194458
3|1128|DIEGO|ANDRES|RODRIGUEZ|ROMO|CC|12751081|1984-04-27|1|2|6|5169|3|2||7|07|||8|65.0|168|||2||||||||||||52UZPE01152001T48MT01EBS001H017952UZPE01152001T48MT01EBS001H0179F0179|52UZPE01152001T48MT01EBS001H017952UZPE01152001T48MT01EBS001H0179F0179CC12751081
3|1129|SALOME|NA|RODRIGUEZ|CORAL|TI|1081282497|2012-04-16|2|2|6|9998|3|1||1|07|||8|42.0|139|||2||||||||||||52UZPE01152001T48MT01EBS001H017952UZPE01152001T48MT01EBS001H0179F0179|52UZPE01152001T48MT01EBS001H017952UZPE01152001T48MT01EBS001H0179F0179TI1081282497
3|1130|PATRICIA|DELROSARIO|MUNOZ|MAIGUAL|CC|30740701|1967-10-29|2|2|6|9510|3|1||7|07|||8|||||2||||||||||||52UZPE01152001T48MT01EBS001H018052UZPE01152001T48MT01EBS001H0180F0180|52UZPE01152001T48MT01EBS001H018052UZPE01152001T48MT01EBS001H0180F0180CC30740701
3|1131|MARIA|IRENE|PAZ|CABRERA|CC|59818166|1964-06-13|2|2|6|9998|3|1||3|07|||8|74.0|147|||2||||||||||||52UZPE01152001T48MT01EBS001H018152UZPE01152001T48MT01EBS001H0181F0181|52UZPE01152001T48MT01EBS001H018152UZPE01152001T48MT01EBS001H0181F0181CC59818166
3|1132|MARCELINO|NOTIENE|JAMIOY|NOTIENE|CC|12986098|1964-12-03|1|2|6|9510|3|1||7|07|||8|85.0|155|||2||||||||||||52UZPE01152001T48MT01EBS001H018152UZPE01152001T48MT01EBS001H0181F0181|52UZPE01152001T48MT01EBS001H018152UZPE01152001T48MT01EBS001H0181F0181CC12986098
3|1133|JHON|FERNANDO|JAMIOY|PAZ|CC|87067189|1984-10-13|1|2|6|9510|3|1||7|07|||8|55.0|168|||2||||||||||||52UZPE01152001T48MT01EBS001H018152UZPE01152001T48MT01EBS001H0181F0181|52UZPE01152001T48MT01EBS001H018152UZPE01152001T48MT01EBS001H0181F0181CC87067189
3|1134|ANGELA|ESTELA|PASTAS|GAMBOA|CC|59817144|1972-03-01|2|2|6|5169|3|2||7|07|||8|69.0|160|||2||||||||||||52UZPE01152001T48MT01EBS001H018352UZPE01152001T48MT01EBS001H0183F0183|52UZPE01152001T48MT01EBS001H018352UZPE01152001T48MT01EBS001H0183F0183CC59817144
3|1135|GIOVANNI|LUIS|GAMBOA|REVELO|CC|98379645|1971-08-21|1|2|6|5169|3|2||7|07|||8|56.0|164|||2||||||||||||52UZPE01152001T48MT01EBS001H018352UZPE01152001T48MT01EBS001H0183F0183|52UZPE01152001T48MT01EBS001H018352UZPE01152001T48MT01EBS001H0183F0183CC98379645
3|1136|JUAN|CAMILO|GAMBOA|PASTAS|CC|1085298051|1992-04-07|1|2|6|9998|3|5||7|07|||8|60.0|168|||2||||||||||||52UZPE01152001T48MT01EBS001H018352UZPE01152001T48MT01EBS001H0183F0183|52UZPE01152001T48MT01EBS001H018352UZPE01152001T48MT01EBS001H0183F0183CC1085298051
3|1137|DORA|NA|SALASQUINTERO|DORA|CC|27285609|1971-12-30|2|2|6|5169|3|2||7|07|||8|65.0|157|||2||||||||||||52UZPE01152001T48MT01EBS001H018452UZPE01152001T48MT01EBS001H0184F0184|52UZPE01152001T48MT01EBS001H018452UZPE01152001T48MT01EBS001H0184F0184CC27285609
3|1138|DANIA|MARISLEY|ROSAS|ALVAREZ|CC|1004632122|2000-07-01|2|2|6|5169|3|2||7|07|||8|52.0|163|||2||||||||||||52UZPE01152001T48MT01EBS001H018552UZPE01152001T48MT01EBS001H0185F0185|52UZPE01152001T48MT01EBS001H018552UZPE01152001T48MT01EBS001H0185F0185CC1004632122
3|1139|JENRRI|FERNANDO|MEDINA|TREJO|CC|1086106390|1995-07-24|1|2|6|5169|3|2||7|07|||8|65.0|173|||2||||||||||||52UZPE01152001T48MT01EBS001H018652UZPE01152001T48MT01EBS001H0186F0186|52UZPE01152001T48MT01EBS001H018652UZPE01152001T48MT01EBS001H0186F0186CC1086106390
3|1140|MIRIAN|DELCARMEN|MARTINEZ|DEMISNAZA|CC|30715957|1953-05-22|2|2|6|9998|3|2||3|07|||1|76.0|155|||2||||||||||||52UZPE01152001T48MT01EBS001H018752UZPE01152001T48MT01EBS001H0187F0187|52UZPE01152001T48MT01EBS001H018752UZPE01152001T48MT01EBS001H0187F0187CC30715957
3|1141|THALIANA|SAMANTA|CUASTUMAL|YAMPUEZAN|TI|1081056578|2008-10-02|2|2|6|9998|3|1||1|07|||8|55.0|150|||2||||||||||||52UZPE01152001T48MT01EBS001H018852UZPE01152001T48MT01EBS001H0188F0188|52UZPE01152001T48MT01EBS001H018852UZPE01152001T48MT01EBS001H0188F0188TI1081056578
3|1142|LIDIA|LUCIA|YAMPUEZAN|ZAMORA|CC|27091964|1980-01-17|2|2|6|9998|3|1||7|07|||8|87.0|150|||2||||||||||||52UZPE01152001T48MT01EBS001H018852UZPE01152001T48MT01EBS001H0188F0188|52UZPE01152001T48MT01EBS001H018852UZPE01152001T48MT01EBS001H0188F0188CC27091964
3|1143|LUIS|ALFREDO|ARMERO|CUCHALA|CC|98378820|1970-12-25|1|2|6|5169|3|5||7|07|||8|76.0|160|||2||||||||||||52UZPE01152001T48MT01EBS001H018952UZPE01152001T48MT01EBS001H0189F0189|52UZPE01152001T48MT01EBS001H018952UZPE01152001T48MT01EBS001H0189F0189CC98378820
3|1144|ROSA|ENRIQUETA|YAMPUEZAN|NOTIENE|CC|59812988|1970-11-27|2|2|6|9998|3|5||7|07|||8|68.0|160|||2||||||||||||52UZPE01152001T48MT01EBS001H018952UZPE01152001T48MT01EBS001H0189F0189|52UZPE01152001T48MT01EBS001H018952UZPE01152001T48MT01EBS001H0189F0189CC59812988
3|1145|ADELAYDA|NOTIENE|ARGOTI|NOTIENE|CC|27114491|1947-07-10|2|2|6|9998|3|1||3|07|||8|50.0|145|||2||||||||||||52UZPE01152001T48MT01EBS001H019052UZPE01152001T48MT01EBS001H0190F0190|52UZPE01152001T48MT01EBS001H019052UZPE01152001T48MT01EBS001H0190F0190CC27114491
3|1146|DARWIN|NOTIENE|SAAVEDRA|ARGOTI|CC|87066774|1984-05-05|1|2|6|9510|3|1||7|07|||8|62.0|170|||2||||||||||||52UZPE01152001T48MT01EBS001H019152UZPE01152001T48MT01EBS001H0191F0191|52UZPE01152001T48MT01EBS001H019152UZPE01152001T48MT01EBS001H0191F0191CC87066774
3|1147|DILAN|SANTIAGO|SAAVEDRA|OROZCO|RC|10800070308|2019-12-18|1|2|6|9998|3|1||8|07|||8|||||2||||||||||||52UZPE01152001T48MT01EBS001H019152UZPE01152001T48MT01EBS001H0191F0191|52UZPE01152001T48MT01EBS001H019152UZPE01152001T48MT01EBS001H0191F0191RC10800070308
3|1148|FLOR|AMALIA|PANTOJA|BASTIDAS|CC|37014783|1976-02-20|2|2|6|9510|3|1||7|07|||8|64.0|149|||2||||||||||||52UZPE01152001T48MT01EBS001H019252UZPE01152001T48MT01EBS001H0192F0192|52UZPE01152001T48MT01EBS001H019252UZPE01152001T48MT01EBS001H0192F0192CC37014783
3|1149|JHON|EDISON|PANTOJA|BASTIDAS|CC|1233190820|1998-01-15|1|2|6|9510|3|1||7|07|||8|59.0|159|||2||||||||||||52UZPE01152001T48MT01EBS001H019252UZPE01152001T48MT01EBS001H0192F0192|52UZPE01152001T48MT01EBS001H019252UZPE01152001T48MT01EBS001H0192F0192CC1233190820
3|1150|PABLO|JESUS|PANTOJA|VILLAVICENCIO|CC|13060625|1952-07-01|1|2|6|9510|3|1||3|07|||8|54.0|160|||2||||||||||||52UZPE01152001T48MT01EBS001H019352UZPE01152001T48MT01EBS001H0193F0193|52UZPE01152001T48MT01EBS001H019352UZPE01152001T48MT01EBS001H0193F0193CC13060625
3|1151|MARIA|PACIFICA|BASTIDAS|MORAN|CC|27533136|1952-01-07|2|2|6|9998|3|1||3|07|||8|53.0|149|||2||||||||||||52UZPE01152001T48MT01EBS001H019352UZPE01152001T48MT01EBS001H0193F0193|52UZPE01152001T48MT01EBS001H019352UZPE01152001T48MT01EBS001H0193F0193CC27533136
3|1152|JHOAN|EMILIANO|ROSERO|SALAS|RC|1250088003|2022-09-25|1|2|6|9998|3|1||8|07|||8|||||2||||||||||||52UZPE01152001T48MT01EBS001H019452UZPE01152001T48MT01EBS001H0194F0194|52UZPE01152001T48MT01EBS001H019452UZPE01152001T48MT01EBS001H0194F0194RC1250088003
3|1153|YURANY|LIZETH|SALAS|MADRONERO|CC|1087048020|1992-07-20|2|2|6|9622|3|1||7|07|||8|61.0|150|||2||||||||||||52UZPE01152001T48MT01EBS001H019452UZPE01152001T48MT01EBS001H0194F0194|52UZPE01152001T48MT01EBS001H019452UZPE01152001T48MT01EBS001H0194F0194CC1087048020
3|1154|BETTY|ARCENED|DIAZ|RODRIGUEZ|CC|30742169|1967-11-24|2|2|6|9510|3|1||7|07|||8|74.0|155|||2||||||||||||52UZPE01152001T48MT01EBS001H019552UZPE01152001T48MT01EBS001H0195F0195|52UZPE01152001T48MT01EBS001H019552UZPE01152001T48MT01EBS001H0195F0195CC30742169
3|1155|EMILSE|ALEXANDRA|PACHON|VIDAL|CC|59311637|1984-02-15|2|2|6|9510|3|1||7|07|||8|76.0|159|||2||||||||||||52UZPE01152001T48MT01EBS001H019652UZPE01152001T48MT01EBS001H0196F0196|52UZPE01152001T48MT01EBS001H019652UZPE01152001T48MT01EBS001H0196F0196CC59311637
3|1156|DADDY|ALEXANDER|POTOSI|PACHON|CC|1080691969|2005-09-28|1|2|6|5169|3|1||7|07|||8|72.0|175|||2||||||||||||52UZPE01152001T48MT01EBS001H019652UZPE01152001T48MT01EBS001H0196F0196|52UZPE01152001T48MT01EBS001H019652UZPE01152001T48MT01EBS001H0196F0196CC1080691969
3|1157|BRADY|SMITH|MUNOZ|CARVAJAL|CC|1061538406|1993-12-30|1|2|6|5169|3|2||7|07|||8|85.0|171|||2||||||||||||52UZPE01152001T48MT01EBS001H019652UZPE01152001T48MT01EBS001H0196F0196|52UZPE01152001T48MT01EBS001H019652UZPE01152001T48MT01EBS001H0196F0196CC1061538406
3|1158|SONIKA|YANETH|REVELO|MORENO|CC|59820555|1972-03-25|2|2|6|9998|3|1||7|07|||8|76.0|162|||2||||||||||||52UZPE01152001T48MT01EBS001H019752UZPE01152001T48MT01EBS001H0197F0197|52UZPE01152001T48MT01EBS001H019752UZPE01152001T48MT01EBS001H0197F0197CC59820555
3|1159|LEONARDO|ISAIAS|ERASO|NOTIENE|CC|12996437|1969-04-26|1|2|6|9510|3|1||7|07|||8|78.0|160|||2||||||||||||52UZPE01152001T48MT01EBS001H019752UZPE01152001T48MT01EBS001H0197F0197|52UZPE01152001T48MT01EBS001H019752UZPE01152001T48MT01EBS001H0197F0197CC12996437
3|1160|JOSE|GABRIEL|ARTEAGA|RICAURTE|CC|1233194276|1999-05-01|1|2|6|9510|3|2||7|07|||8|90.0|178|||2||||||||||||52UZPE01152001T48MT01EBS001H019852UZPE01152001T48MT01EBS001H0198F0198|52UZPE01152001T48MT01EBS001H019852UZPE01152001T48MT01EBS001H0198F0198CC1233194276
3|1161|MARTHA|ROSA|RICAURTE|CEBALLOS|CC|30731174|1965-07-27|2|2|6|9510|3|1||7|07|||8|75.0|160|||2||||||||||||52UZPE01152001T48MT01EBS001H019852UZPE01152001T48MT01EBS001H0198F0198|52UZPE01152001T48MT01EBS001H019852UZPE01152001T48MT01EBS001H0198F0198CC30731174
3|1162|CARMEN|DELSOCORRO|VIDAL|MATABANCHOY|CC|30746927|1965-12-20|2|2|6|9998|3|1||7|07|||8|67.0|150|||2||||||||||||52UZPE01152001T48MT01EBS001H019952UZPE01152001T48MT01EBS001H0199F0199|52UZPE01152001T48MT01EBS001H019952UZPE01152001T48MT01EBS001H0199F0199CC30746927
3|1163|EVER|ISMAEL|SANCHEZ|ARGOTY|CC|12993873|1968-11-04|1|2|6|9510|3|1||7|07|||8|67.0|164|||2||||||||||||52UZPE01152001T48MT01EBS001H019952UZPE01152001T48MT01EBS001H0199F0199|52UZPE01152001T48MT01EBS001H019952UZPE01152001T48MT01EBS001H0199F0199CC12993873
3|1164|FRANCY|EUDILIA|GARCIA|ERAAZO|CC|59687386|1985-10-10|2|2|6|9998|3|1||7|07|||8|62.0|153|||2||||||||||||52UZPE01152001T48MT01EBS001H020052UZPE01152001T48MT01EBS001H0200F0200|52UZPE01152001T48MT01EBS001H020052UZPE01152001T48MT01EBS001H0200F0200CC59687386
3|1165|JORGE|ERMES|CORDOBA|GUERRERO|CC|13070833|1981-07-23|1|2|6|9510|3|1||7|07|||8|67.0|168|||2||||||||||||52UZPE01152001T48MT01EBS001H020052UZPE01152001T48MT01EBS001H0200F0200|52UZPE01152001T48MT01EBS001H020052UZPE01152001T48MT01EBS001H0200F0200CC13070833
3|1166|JORGE|STEVEN|CORDOBA|GARCIA|CC|1080043137|2005-12-21|1|2|6|9998|3|1||7|07|||8|68.0|170|||2||||||||||||52UZPE01152001T48MT01EBS001H020052UZPE01152001T48MT01EBS001H0200F0200|52UZPE01152001T48MT01EBS001H020052UZPE01152001T48MT01EBS001H0200F0200CC1080043137
3|1167|JOSUS|DELFIN|ROSALES|PARRA|CC|98370843|1973-11-13|1|2|6|5169|3|5||7|07|||8|67.0|160|||2||||||||||||52UZPE01152001T48MT01EBS001H020152UZPE01152001T48MT01EBS001H0201F0201|52UZPE01152001T48MT01EBS001H020152UZPE01152001T48MT01EBS001H0201F0201CC98370843
3|1168|LAUREN|ISABELLA|ROSALES|ORTEGA|TI|1030021756|2012-03-10|2|2|6|9998|3|5||1|07|||8|48.0|153|||2||||||||||||52UZPE01152001T48MT01EBS001H020152UZPE01152001T48MT01EBS001H0201F0201|52UZPE01152001T48MT01EBS001H020152UZPE01152001T48MT01EBS001H0201F0201TI1030021756
3|1169|JESUS|ESTEBAN|ROSALES|ORTEGA|RC|1030024159|2020-06-19|1|2|6|9998|3|5||8|07|||8|||||2||||||||||||52UZPE01152001T48MT01EBS001H020152UZPE01152001T48MT01EBS001H0201F0201|52UZPE01152001T48MT01EBS001H020152UZPE01152001T48MT01EBS001H0201F0201RC1030024159
3|1170|TANIA|XIMENA|ORTEGA|BOLANOS|CC|1085321062|1995-05-29|2|2|6|9510|3|5||7|07|||8|75.0|165|||2||||||||||||52UZPE01152001T48MT01EBS001H020152UZPE01152001T48MT01EBS001H0201F0201|52UZPE01152001T48MT01EBS001H020152UZPE01152001T48MT01EBS001H0201F0201CC1085321062
3|1171|MARIA|JOSELITA|BOLANOS|IPIALES|CC|34676262|1976-06-23|2|2|6|9998|3|1||7|07|||8|60.0|160|||2||||||||||||52UZPE01152001T48MT01EBS001H020252UZPE01152001T48MT01EBS001H0202F0202|52UZPE01152001T48MT01EBS001H020252UZPE01152001T48MT01EBS001H0202F0202CC34676262
3|1172|DANIEL|ALEXANDER|ANGULO|BOLANOS|TI|1059241486|2008-10-13|1|2|6|9998|3|1||1|07|||8|68.0|173|||2||||||||||||52UZPE01152001T48MT01EBS001H020252UZPE01152001T48MT01EBS001H0202F0202|52UZPE01152001T48MT01EBS001H020252UZPE01152001T48MT01EBS001H0202F0202TI1059241486
3|1173|JULY|MARGOTH|GUERRERO|ORTEGA|CC|1085258859|1987-05-08|2|2|6|5169|3|2||7|07|||8|51.0|160|||2||||||||||||52UZPE01152001T48MT01EBS001H020452UZPE01152001T48MT01EBS001H0204F0204|52UZPE01152001T48MT01EBS001H020452UZPE01152001T48MT01EBS001H0204F0204CC1085258859
3|1174|ANTONIO|EDUARDO|ARBOLEDA|GUTIERRES|CC|1087112538|1987-02-15|1|2|6|5169|3|2||7|07|||8|59.0|159|||2||||||||||||52UZPE01152001T48MT01EBS001H020452UZPE01152001T48MT01EBS001H0204F0204|52UZPE01152001T48MT01EBS001H020452UZPE01152001T48MT01EBS001H0204F0204CC1087112538
3|1175|LAURA|STEFANIA|VENEGAS|MUNOZ|TI|1081056913|2009-04-17|2|2|6|9998|3|1||1|07|||8|55.0|160|||2||||||||||||52UZPE01152001T48MT01EBS001H017452UZPE01152001T48MT01EBS001H0174F0174|52UZPE01152001T48MT01EBS001H017452UZPE01152001T48MT01EBS001H0174F0174TI1081056913
3|1176|DAISSY|LORENA|MUNOZ|PASTAS|CC|1085307322|1993-09-16|2|2|6|9622|5|2||7|07|||8|57.0|158|||2||||||||||||52UZPE01152001T48MT01EBS001H017452UZPE01152001T48MT01EBS001H0174F0174|52UZPE01152001T48MT01EBS001H017452UZPE01152001T48MT01EBS001H0174F0174CC1085307322
3|1177|FABIO|RICARDO|VENGAS|ZAMBRANO|CC|1085293670|1991-10-12|1|2|6|5169|3|1||4|07|||1|55.0|165|||2||||||||||||52UZPE01152001T48MT01EBS001H017452UZPE01152001T48MT01EBS001H0174F0174|52UZPE01152001T48MT01EBS001H017452UZPE01152001T48MT01EBS001H0174F0174CC1085293670
3|1178|MIRIAM|ESTELA|PASTAS|JARAMILLO|CC|59830520|1974-07-07|2|2|6|9998|3|1||7|07|||8|55.0|150|||2||||||||||||52UZPE01152001T48MT01EBS001H017452UZPE01152001T48MT01EBS001H0174F0174|52UZPE01152001T48MT01EBS001H017452UZPE01152001T48MT01EBS001H0174F0174CC59830520
3|1179|BRAYAN|ESTEBAN|BURGOS|PASTAS|CC|1080042834|2004-09-17|1|2|6|5169|3|1||4|07|||1|60.0|170|||2||||||||||||52UZPE01152001T48MT01EBS001H017452UZPE01152001T48MT01EBS001H0174F0174|52UZPE01152001T48MT01EBS001H017452UZPE01152001T48MT01EBS001H0174F0174CC1080042834
3|1180|LUZ|MARINA|RUANO|MENESES|CC|36759200|1980-04-14|2|2|6|9998|3|1||7|07|||8|65.0|155|||2||||||||||||52UZPE01152001T48MT01EBS001H012752UZPE01152001T48MT01EBS001H0127F0127|52UZPE01152001T48MT01EBS001H012752UZPE01152001T48MT01EBS001H0127F0127CC36759200
3|1181|JUAN|PABLO|FAJARDO|IMBAQUIN|CC|98386723|1974-01-09|1|2|6|9510|3|1||7|07|||8|74.0|171|||2||||||||||||52UZPE01152001T48MT01EBS001H012752UZPE01152001T48MT01EBS001H0127F0127|52UZPE01152001T48MT01EBS001H012752UZPE01152001T48MT01EBS001H0127F0127CC98386723
3|1182|PABLO|ANDRES|FAJARDO|RUANO|CC|1193036424|2001-09-18|1|2|6|9510|3|1||7|07|||8|70.0|175|||2||||||||||||52UZPE01152001T48MT01EBS001H012752UZPE01152001T48MT01EBS001H0127F0127|52UZPE01152001T48MT01EBS001H012752UZPE01152001T48MT01EBS001H0127F0127CC1193036424
3|1183|JOSE|LUIS|FAJARDO|RUANO|CC|1081054056|2005-09-16|1|2|6|9998|3|1||7|07|||8|56.0|164|||2||||||||||||52UZPE01152001T48MT01EBS001H012752UZPE01152001T48MT01EBS001H0127F0127|52UZPE01152001T48MT01EBS001H012752UZPE01152001T48MT01EBS001H0127F0127CC1081054056
3|1184|EITAN|STIVEN|QUELAL|FAJARDO|RC|1085350083|2022-04-06|1|2|6|9998|3|1||8|07|||8|9.3|79|||2||||||||||||52UZPE01152001T48MT01EBS001H012552UZPE01152001T48MT01EBS001H0125F0125|52UZPE01152001T48MT01EBS001H012552UZPE01152001T48MT01EBS001H0125F0125RC1085350083
3|1185|ADRIANA|LUCIA|FAJARDO|RUANO|CC|1081052691|2004-03-15|2|2|6|9998|3|1||7|07|||8|45.0|154|||2||||||||||||52UZPE01152001T48MT01EBS001H012552UZPE01152001T48MT01EBS001H0125F0125|52UZPE01152001T48MT01EBS001H012552UZPE01152001T48MT01EBS001H0125F0125CC1081052691
3|1186|FRANCO|JOSE|FAJARDO|PARDO|CC|5201739|1945-07-23|1|2|6|9998|3|1||3|07|||8|68.0|168|||2||||||||||||52UZPE01152001T48MT01EBS001H012652UZPE01152001T48MT01EBS001H0126F0126|52UZPE01152001T48MT01EBS001H012652UZPE01152001T48MT01EBS001H0126F0126CC5201739
3|1187|DANNA|VALENTINA|VALLEJO|LOPEZ|RC|1080071227|2020-09-12|2|2|6|9998|3|1||8|07|||8|||||2||||||||||||52UZPE01152001T48MT01EBS001H020552UZPE01152001T48MT01EBS001H0205F0205|52UZPE01152001T48MT01EBS001H020552UZPE01152001T48MT01EBS001H0205F0205RC1080071227
3|1188|MARITZA|ALEJANDRA|LOPEZ|FAJARDO|CC|1233192833|1998-12-23|2|2|6|9510|3|1||7|07|||8|72.0|162|||2||||||||||||52UZPE01152001T48MT01EBS001H020552UZPE01152001T48MT01EBS001H0205F0205|52UZPE01152001T48MT01EBS001H020552UZPE01152001T48MT01EBS001H0205F0205CC1233192833
3|1189|LINA|LUCILA|MONCAYO|CORDOBA|CC|30738130|1967-11-14|2|2|6|5169|3|2||7|07|||8|57.0|150|||2||||||||||||52UZPE01152001T48MT01EBS001H020652UZPE01152001T48MT01EBS001H0206F0206|52UZPE01152001T48MT01EBS001H020652UZPE01152001T48MT01EBS001H0206F0206CC30738130
3|1190|JOSE|ROLANDO|CAICEDO|NA|CC|1010122660|2003-11-26|1|2|6|9510|3|1||7|07|||8|60.0|166|||2||||||||||||52UZPE01152001T48MT01EBS001H020752UZPE01152001T48MT01EBS001H0207F0207|52UZPE01152001T48MT01EBS001H020752UZPE01152001T48MT01EBS001H0207F0207CC1010122660
3|1191|VENUS|EDILMA|CAICEDO|REVELO|CC|27081792|1973-08-24|2|2|6|9510|3|1||7|07|||8|62.0|155|||2||||||||||||52UZPE01152001T48MT01EBS001H020752UZPE01152001T48MT01EBS001H0207F0207|52UZPE01152001T48MT01EBS001H020752UZPE01152001T48MT01EBS001H0207F0207CC27081792
3|1192|VICTOR|HUGO|CAICEDO|NA|CC|1010130559|2000-04-21|1|2|6|9510|3|1||7|07|||8|52.0|172|||2||||||||||||52UZPE01152001T48MT01EBS001H020752UZPE01152001T48MT01EBS001H0207F0207|52UZPE01152001T48MT01EBS001H020752UZPE01152001T48MT01EBS001H0207F0207CC1010130559
3|1193|ROSA|NA|MUNOZ|DEGUACAS|CC|27067165|1940-12-31|2|2|6|9998|3|1||3|07|||8|72.0|148|||2||||||||||||52UZPE01152001T48MT01EBS001H020852UZPE01152001T48MT01EBS001H0208F0208|52UZPE01152001T48MT01EBS001H020852UZPE01152001T48MT01EBS001H0208F0208CC27067165
3|1194|MARCOS|DAVID|MONTILLA|MUNOZ|CC|1085248468|1985-05-22|1|2|6|5169|3|5||7|07|||8|76.0|156|||2||||||||||||52UZPE01152001T48MT01EBS001H020852UZPE01152001T48MT01EBS001H0208F0208|52UZPE01152001T48MT01EBS001H020852UZPE01152001T48MT01EBS001H0208F0208CC1085248468
3|1195|JUAN|DAVID|MONTILLA|CALDERON|TI|1127078957|2015-08-03|1|2|6|9998|3|5||8|07|||8|30.0|137|||2||||||||||||52UZPE01152001T48MT01EBS001H020852UZPE01152001T48MT01EBS001H0208F0208|52UZPE01152001T48MT01EBS001H020852UZPE01152001T48MT01EBS001H0208F0208TI1127078957
3|1196|MERCY|YOLANDA|TABANGO|CAICEDO|CC|1085292527|1991-06-08|2|2|6|9510|3|1||7|07|||8|70.0|153|||2||||||||||||52UZPE01152001T48MT01EBS001H020952UZPE01152001T48MT01EBS001H0209F0209|52UZPE01152001T48MT01EBS001H020952UZPE01152001T48MT01EBS001H0209F0209CC1085292527
3|1197|JULIAN|ENRIQUE|DAZA|TABANGO|TI|1080062645|2013-10-30|1|2|6|9998|3|1||8|07|||8|38.0|140|||2||||||||||||52UZPE01152001T48MT01EBS001H020952UZPE01152001T48MT01EBS001H0209F0209|52UZPE01152001T48MT01EBS001H020952UZPE01152001T48MT01EBS001H0209F0209TI1080062645
3|1198|KAROL|DAYANA|INSUASTY|TABANGO|TI|1080056491|2010-01-25|2|2|6|9998|3|1||1|07|||8|45.0|150|||2||||||||||||52UZPE01152001T48MT01EBS001H020952UZPE01152001T48MT01EBS001H0209F0209|52UZPE01152001T48MT01EBS001H020952UZPE01152001T48MT01EBS001H0209F0209TI1080056491
3|1199|CRISTIAN|ANDRES|DAZA|TABANGO|TI|1080066739|2017-02-03|1|2|6|9998|3|1||8|07|||8|30.0|125|||2||||||||||||52UZPE01152001T48MT01EBS001H020952UZPE01152001T48MT01EBS001H0209F0209|52UZPE01152001T48MT01EBS001H020952UZPE01152001T48MT01EBS001H0209F0209TI1080066739
3|1200|MARCO|AURELIO|CORTES|GRANDA|CC|12952083|1945-07-03|1|2|6|9510|3|1||3|07|||8|61.0|156|||2||||||||||||52UZPE01152001T48MT01EBS001H021052UZPE01152001T48MT01EBS001H0210F0210|52UZPE01152001T48MT01EBS001H021052UZPE01152001T48MT01EBS001H0210F0210CC12952083
3|1201|PEDRO|ANTONIO|ERASO|NA|CC|12985070|1963-09-23|1|2|6|9510|3|1||3|07|||8|70.0|166|||2||||||||||||52UZPE01152001T48MT01EBS001H021152UZPE01152001T48MT01EBS001H0211F0211|52UZPE01152001T48MT01EBS001H021152UZPE01152001T48MT01EBS001H0211F0211CC12985070
3|1202|SOBEIDA|GUADALUPE|IMBAQUIN|NA|CC|59830234|1981-02-21|2|2|6|9998|3|1||7|07|||8|68.0|154|||2||||||||||||52UZPE01152001T48MT01EBS001H021252UZPE01152001T48MT01EBS001H0212F0212|52UZPE01152001T48MT01EBS001H021252UZPE01152001T48MT01EBS001H0212F0212CC59830234
3|1203|OSCAR|HERNAN|PAZ|RINCON|CC|129988981|1979-04-25|1|2|6|9510|3|1||7|07|||8|65.0|160|||2||||||||||||52UZPE01152001T48MT01EBS001H021252UZPE01152001T48MT01EBS001H0212F0212|52UZPE01152001T48MT01EBS001H021252UZPE01152001T48MT01EBS001H0212F0212CC129988981
3|1204|LEONARDO|REINALDO|DEJOY|RUIZ|CC|12982105|1966-10-24|1|2|6|5169|3|2||7|07|||8|75.0|162|||2||||||||||||52UZPE01152001T48MT01EBS001H021352UZPE01152001T48MT01EBS001H0213F0213|52UZPE01152001T48MT01EBS001H021352UZPE01152001T48MT01EBS001H0213F0213CC12982105
3|1205|NATHALY|CATHERINE|DEJOY|MONTILLA|CC|1085344524|1999-03-01|2|2|6|5169|3|2||7|07|||8|45.0|149|||2||||||||||||52UZPE01152001T48MT01EBS001H021352UZPE01152001T48MT01EBS001H0213F0213|52UZPE01152001T48MT01EBS001H021352UZPE01152001T48MT01EBS001H0213F0213CC1085344524
3|1206|JANETH|MAGALI|MONTILLA|BASTIDAS|CC|27143004|1971-09-24|2|2|6|9998|3|2||7|07|||8|60.0|152|||2||||||||||||52UZPE01152001T48MT01EBS001H021352UZPE01152001T48MT01EBS001H0213F0213|52UZPE01152001T48MT01EBS001H021352UZPE01152001T48MT01EBS001H0213F0213CC27143004
3|1207|AGUEDA|DEJESUS|NASPIRAN|MERCHANCANO|CC|30732584|1959-01-10|2|2|6|9998|3|2||3|07|||8|57.0|160|||2||||||||||||52UZPE01152001T48MT01EBS001H021552UZPE01152001T48MT01EBS001H0215F0215|52UZPE01152001T48MT01EBS001H021552UZPE01152001T48MT01EBS001H0215F0215CC30732584
3|1208|LAURA|ALEXANDRA|NARVAEZ|NASPIRAN|CC|1085340533|1998-01-20|2|2|6|5169|3|1||7|07|||8|60.0|160|||2||||||||||||52UZPE01152001T48MT01EBS001H021552UZPE01152001T48MT01EBS001H0215F0215|52UZPE01152001T48MT01EBS001H021552UZPE01152001T48MT01EBS001H0215F0215CC1085340533
3|1209|ROSAURA|NA|MATABANCHOY|ARGOTY|CC|30701392|1941-08-01|2|2|6|9998|3|2||3|07|||8|65.0|165|||2||||||||||||52UZPE01152001T48MT01EBS001H021452UZPE01152001T48MT01EBS001H0214F0214|52UZPE01152001T48MT01EBS001H021452UZPE01152001T48MT01EBS001H0214F0214CC30701392
3|1210|EMMA|DELSOCORRO|VENEGAS|ARGOTY|CC|30722599|1962-11-01|2|2|6|9998|3|2||3|07|||8|67.0|158|||2||||||||||||52UZPE01152001T48MT01EBS001H021452UZPE01152001T48MT01EBS001H0214F0214|52UZPE01152001T48MT01EBS001H021452UZPE01152001T48MT01EBS001H0214F0214CC30722599
3|1211|ROSARIO|DELCARMEN|NASPIRAN|MERCHANCANO|CC|59816472|1953-10-24|2|2|6|9998|3|2||3|07|||8|59.0|158|||2||||||||||||52UZPE01152001T48MT01EBS001H021652UZPE01152001T48MT01EBS001H0216F0216|52UZPE01152001T48MT01EBS001H021652UZPE01152001T48MT01EBS001H0216F0216CC59816472
3|1212|NATHALI|ANDREA|DELGADO|ZAMBRANO|CC|1193202558|2003-02-25|2|1|6|9998|3|1||7|07|||8|49.0|139|||2||||||||||||52UZPE01152001T48MT01EBS001H021752UZPE01152001T48MT01EBS001H0217F0217|52UZPE01152001T48MT01EBS001H021752UZPE01152001T48MT01EBS001H0217F0217CC1193202558
3|1213|DAVID|ALEXANDER|MENESES|HERRERA|CC|1080045257|2001-12-27|1|2|6|9510|3|5||7|07|||8|68.0|169|||2||||||||||||52UZPE01152001T48MT01EBS001H021752UZPE01152001T48MT01EBS001H0217F0217|52UZPE01152001T48MT01EBS001H021752UZPE01152001T48MT01EBS001H0217F0217CC1080045257
3|1214|KEVIN|YEFERSON|DELGADO|DIAZ|CC|1233188800|1997-03-20|1|2|6|9510|3|1||7|07|||8|60.0|167|||2||||||||||||52UZPE01152001T48MT01EBS001H021852UZPE01152001T48MT01EBS001H0218F0218|52UZPE01152001T48MT01EBS001H021852UZPE01152001T48MT01EBS001H0218F0218CC1233188800
3|1215|ANGIE|VICTORIA|AMORES|BENITEZ|CC|1080040089|2003-12-07|2|1|6|5169|3|1||7|07|||8|50.0|163|||2||||||||||||52UZPE01152001T48MT01EBS001H018252UZPE01152001T48MT01EBS001H0182F0182|52UZPE01152001T48MT01EBS001H018252UZPE01152001T48MT01EBS001H0182F0182CC1080040089
3|1216|CINDY|JHOANA|BENITEZ|RUALES|CC|1085273830|1989-06-13|2|2|6|5169|3|1||7|07|||8|70.0|162|||2||||||||||||52UZPE01152001T48MT01EBS001H018252UZPE01152001T48MT01EBS001H0182F0182|52UZPE01152001T48MT01EBS001H018252UZPE01152001T48MT01EBS001H0182F0182CC1085273830
3|1217|SARITA|NOTIENEOTRONOMBRE|MORA|BENITEZ|TI|1030001359|2013-12-10|2|2|6|9998|3|1||8|07|||8|46.0|149|||2||||||||||||52UZPE01152001T48MT01EBS001H018252UZPE01152001T48MT01EBS001H0182F0182|52UZPE01152001T48MT01EBS001H018252UZPE01152001T48MT01EBS001H0182F0182TI1030001359
3|1218|JOSE|FELIX|NARVAEZ|AUX|CC|12960385|1951-09-15|1|2|6|5169|3|2||3|07|||8|78.0|170|||2||||||||||||52UZPE01152001T48MT01EBS001H021952UZPE01152001T48MT01EBS001H0219F0219|52UZPE01152001T48MT01EBS001H021952UZPE01152001T48MT01EBS001H0219F0219CC12960385
3|1219|MARIA|FANNY|MERCHANCANO|RIOBAMBA|CC|30704167|1951-03-19|2|2|6|9998|3|2||3|07|||8|48.0|145|||2||||||||||||52UZPE01152001T48MT01EBS001H021952UZPE01152001T48MT01EBS001H0219F0219|52UZPE01152001T48MT01EBS001H021952UZPE01152001T48MT01EBS001H0219F0219CC30704167
3|1220|CARMEN|ENEMESIA|LASSO|BOTINA|CC|27054205|1935-07-16|2|2|6|9998|3|1||3|07|||8|35.0|140|||2||||||||||||52UZPE01152001T48MT01EBS001H022052UZPE01152001T48MT01EBS001H0220F0220|52UZPE01152001T48MT01EBS001H022052UZPE01152001T48MT01EBS001H0220F0220CC27054205
3|1221|BENILDA|ESTELLA|BASTIDAS|LASSO|CC|30728412|1964-04-10|2|2|6|9510|3|1||3|07|||8|62.0|150|||2||||||||||||52UZPE01152001T48MT01EBS001H022052UZPE01152001T48MT01EBS001H0220F0220|52UZPE01152001T48MT01EBS001H022052UZPE01152001T48MT01EBS001H0220F0220CC30728412
3|1222|ALICIADELCARMEN|NA|FIGUEROA|TIMANA|CC|59815823|1964-08-23|2|2|6|9998|3|1||3|07|||8|43.0|150|||2||||||||||||52UZPE01152001T48MT01EBS001H022152UZPE01152001T48MT01EBS001H0221F0221|52UZPE01152001T48MT01EBS001H022152UZPE01152001T48MT01EBS001H0221F0221CC59815823
3|1223|JESUS|LEONARDO|VILLA|JURADO|CC|12981773|1960-04-14|1|2|6|9510|3|1||3|07|||8|52.0|160|||2||||||||||||52UZPE01152001T48MT01EBS001H022152UZPE01152001T48MT01EBS001H0221F0221|52UZPE01152001T48MT01EBS001H022152UZPE01152001T48MT01EBS001H0221F0221CC12981773
3|1224|YERALDIN|STEFANIA|SANTACRUZ|VELASQUEZ|CC|1085300112|1992-10-04|2|2|6|9622|3|1||7|07|||8|89.0|160|||2||||||||||||52UZPE01152001T48MT01EBS001H022252UZPE01152001T48MT01EBS001H0222F0222|52UZPE01152001T48MT01EBS001H022252UZPE01152001T48MT01EBS001H0222F0222CC1085300112
3|1225|MELANY|SHARAY|UYAQUE|SANTACRUZ|TI|1080701617|2015-08-20|2|2|6|9998|3|1||8|07|||8|35.0|140|||2||||||||||||52UZPE01152001T48MT01EBS001H022252UZPE01152001T48MT01EBS001H0222F0222|52UZPE01152001T48MT01EBS001H022252UZPE01152001T48MT01EBS001H0222F0222TI1080701617
3|1226|DIEGO|ALEXANDER|UYAQUE|JURADO|CC|1085255804|1987-01-31|1|2|6|5169|3|1||7|07|||8|80.0|160|||2||||||||||||52UZPE01152001T48MT01EBS001H022252UZPE01152001T48MT01EBS001H0222F0222|52UZPE01152001T48MT01EBS001H022252UZPE01152001T48MT01EBS001H0222F0222CC1085255804
3|1227|DILAN|SNEIDER|RUIZ|SANTACRUZ|TI|1080065826|2016-05-16|1|2|6|9998|3|1||8|07|||8|41.4|142|||2||||||||||||52UZPE01152001T48MT01EBS001H022352UZPE01152001T48MT01EBS001H0223F0223|52UZPE01152001T48MT01EBS001H022352UZPE01152001T48MT01EBS001H0223F0223TI1080065826
3|1228|YISSELA|NITYERETH|SANTACRUZ|VELASQUEZ|CC|1085315324|1994-09-08|2|2|6|9510|3|1||7|07|||8|72.0|160|||2||||||||||||52UZPE01152001T48MT01EBS001H022352UZPE01152001T48MT01EBS001H0223F0223|52UZPE01152001T48MT01EBS001H022352UZPE01152001T48MT01EBS001H0223F0223CC1085315324
3|1229|MARTIN|BENJAMIN|RUIZ|ORTIZ|CC|1085278644|1989-03-18|1|2|6|9510|3|1||7|07|||8|89.0|173|||2||||||||||||52UZPE01152001T48MT01EBS001H022352UZPE01152001T48MT01EBS001H0223F0223|52UZPE01152001T48MT01EBS001H022352UZPE01152001T48MT01EBS001H0223F0223CC1085278644
3|1230|LUZ|AIDA|BENITEZ|LOPEZ|CC|37084254|1982-06-02|2|2|6|9510|3|1||7|07|||8|60.0|165|||2||||||||||||52UZPE01152001T48MT01EBS001H022452UZPE01152001T48MT01EBS001H0224F0224|52UZPE01152001T48MT01EBS001H022452UZPE01152001T48MT01EBS001H0224F0224CC37084254
3|1231|JESUS|ARMANDO|BENITEZ|LOPEZ|CC|1085284200|1990-01-28|1|2|6|9998|3|1||4|07|||3|56.0|172|||2||||||||||||52UZPE01152001T48MT01EBS001H022452UZPE01152001T48MT01EBS001H0224F0224|52UZPE01152001T48MT01EBS001H022452UZPE01152001T48MT01EBS001H0224F0224CC1085284200
3|1232|ALEXIS|JESUS|SOLARTE|PAZ|CC|1085267954|1987-08-19|1|2|6|9510|3|1||7|07|||8|87.0|163|||2||||||||||||52UZPE01152001T48MT01EBS001H022552UZPE01152001T48MT01EBS001H0225F0225|52UZPE01152001T48MT01EBS001H022552UZPE01152001T48MT01EBS001H0225F0225CC1085267954
3|1233|MARIO|ANDRES|SOLARTE|PAZ|CC|1085297662|1991-03-03|1|2|6|9510|3|1||7|07|||8|82.0|164|||2||||||||||||52UZPE01152001T48MT01EBS001H022552UZPE01152001T48MT01EBS001H0225F0225|52UZPE01152001T48MT01EBS001H022552UZPE01152001T48MT01EBS001H0225F0225CC1085297662
3|1234|ROSA|JULIA|PAZ|MONTES|CC|59815524|1963-07-09|2|2|6|9998|3|1||3|07|||8|78.0|155|||2||||||||||||52UZPE01152001T48MT01EBS001H022552UZPE01152001T48MT01EBS001H0225F0225|52UZPE01152001T48MT01EBS001H022552UZPE01152001T48MT01EBS001H0225F0225CC59815524
3|1235|DIEGO|ARMANDO|SOLARTE|PAZ|CC|1085314444|1993-05-20|1|2|6|5169|3|2||7|07|||8|10.1|161|||2||||||||||||52UZPE01152001T48MT01EBS001H022552UZPE01152001T48MT01EBS001H0225F0225|52UZPE01152001T48MT01EBS001H022552UZPE01152001T48MT01EBS001H0225F0225CC1085314444
3|1236|JOSE|BOLIVAR|PAZ|MONTES|CC|12963660|1954-10-05|1|2|6|9510|3|1||3|07|||8|75.0|165|||2||||||||||||52UZPE01152001T48MT01EBS001H022652UZPE01152001T48MT01EBS001H0226F0226|52UZPE01152001T48MT01EBS001H022652UZPE01152001T48MT01EBS001H0226F0226CC12963660
3|1237|EDGAR|STEVEN|MONTILLA|BOLANOS|CC|1085338954|1998-02-14|1|2|6|5169|3|2||7|07|||8|63.0|175|||2||||||||||||52UZPE01152001T48MT01EBS001H022952UZPE01152001T48MT01EBS001H0229F0229|52UZPE01152001T48MT01EBS001H022952UZPE01152001T48MT01EBS001H0229F0229CC1085338954
3|1238|SONIA|DELSOCORRO|BOLANOS|CALPA|CC|36752211|1960-03-07|2|2|6|9510|3|1||3|07|||8|68.0|155|||2||||||||||||52UZPE01152001T48MT01EBS001H022952UZPE01152001T48MT01EBS001H0229F0229|52UZPE01152001T48MT01EBS001H022952UZPE01152001T48MT01EBS001H0229F0229CC36752211
3|1239|EDGAR|BAUDILIO|MONTILLA|MONTILLA|CC|5228124|1957-01-20|1|2|6|9510|3|1||3|07|||8|65.0|154|||2||||||||||||52UZPE01152001T48MT01EBS001H022952UZPE01152001T48MT01EBS001H0229F0229|52UZPE01152001T48MT01EBS001H022952UZPE01152001T48MT01EBS001H0229F0229CC5228124
3|1240|ANDRES|DAVID|HUERFANO|SANCHEZ|CC|1081054951|2006-09-25|1|2|6|9510|3|1||7|07|||8|60.0|157|||2||||||||||||52UZPE01152001T48MT01EBS001H023152UZPE01152001T48MT01EBS001H0231F0231|52UZPE01152001T48MT01EBS001H023152UZPE01152001T48MT01EBS001H0231F0231CC1081054951
3|1241|PAOLA|ANDREA|HUERFANO|SANCHEZ|CC|1010058750|1986-03-04|2|2|6|5169|3|2||7|07|||8|58.0|157|||2||||||||||||52UZPE01152001T48MT01EBS001H023152UZPE01152001T48MT01EBS001H0231F0231|52UZPE01152001T48MT01EBS001H023152UZPE01152001T48MT01EBS001H0231F0231CC1010058750
3|1242|CARMEN|ALICIA|BENAVIDES|SALAZAR|CC|30734440|1964-02-08|2|2|6|9510|3|1||3|07|||8|70.0|140|||2||||||||||||52UZPE01152001T48MT01EBS001H023052UZPE01152001T48MT01EBS001H0230F0230|52UZPE01152001T48MT01EBS001H023052UZPE01152001T48MT01EBS001H0230F0230CC30734440
3|1243|ARMELAY|NOTIENE|DIAZ|NARVAEZ|CC|15815731|1980-05-20|1|2|6|5169|3|2||7|07|||8|60.0|170|||2||||||||||||52UZPE01152001T48MT01EBS001H023252UZPE01152001T48MT01EBS001H0232F0232|52UZPE01152001T48MT01EBS001H023252UZPE01152001T48MT01EBS001H0232F0232CC15815731
3|1244|JUAN|FELIPE|DIAZ|QUINTERO|RC|1081288862|2022-11-16|1|2|6|9998|3|2||8|07|||8|||||2||||||||||||52UZPE01152001T48MT01EBS001H023252UZPE01152001T48MT01EBS001H0232F0232|52UZPE01152001T48MT01EBS001H023252UZPE01152001T48MT01EBS001H0232F0232RC1081288862
3|1245|FLOR|JENNY|QUINTERO|RAMIREZ|CC|27488633|1984-12-12|2|2|6|9998|3|2||7|07|||8|52.0|154|||2||||||||||||52UZPE01152001T48MT01EBS001H023252UZPE01152001T48MT01EBS001H0232F0232|52UZPE01152001T48MT01EBS001H023252UZPE01152001T48MT01EBS001H0232F0232CC27488633
3|1246|ROSA|HELENA|DAVILA|NOTIENE|CC|1085251112|1986-02-11|2|2|2|9998|3|1||7|07|||8|85.0|154|||2||||||||||||52UZPE01152001T48MT02EBS001H023552UZPE01152001T48MT02EBS001H0235F0235|52UZPE01152001T48MT02EBS001H023552UZPE01152001T48MT02EBS001H0235F0235CC1085251112
3|1247|GABRIEL|SANTIAGO|GUERRERO|DAVILA|RC|1080068606|2018-06-29|1|2|3|9998|3|1||8|07|||8|40.0|130|||2||||||||||||52UZPE01152001T48MT02EBS001H023552UZPE01152001T48MT02EBS001H0235F0235|52UZPE01152001T48MT02EBS001H023552UZPE01152001T48MT02EBS001H0235F0235RC1080068606
3|1248|HECTOR|NOTIENE|GUERRERO|NOTIENE|CC|108525111|1983-12-12|1|2|1|5169|3|1||7|07|||8|60.0|162|||2||||||||||||52UZPE01152001T48MT02EBS001H023552UZPE01152001T48MT02EBS001H0235F0235|52UZPE01152001T48MT02EBS001H023552UZPE01152001T48MT02EBS001H0235F0235CC108525111
3|1249|EVELYN|TATIANA|GUERRERO|DAVILA|CC|10800240523|2004-04-12|2|2|3|5169|7|2||7|07|||8|50.0|152|||2||||||||||||52UZPE01152001T48MT02EBS001H023552UZPE01152001T48MT02EBS001H0235F0235|52UZPE01152001T48MT02EBS001H023552UZPE01152001T48MT02EBS001H0235F0235CC10800240523
3|1250|ANTONELLA|NOTIENE|PORTILLA|MADRONERO|RC|1140214473|2021-03-13|2|2|3|9998|3|1||8|07|||8|||||2||||||||||||52UZPE01152001T48MT02EBS001H023652UZPE01152001T48MT02EBS001H0236F0236|52UZPE01152001T48MT02EBS001H023652UZPE01152001T48MT02EBS001H0236F0236RC1140214473
3|1251|LEIDY|JOHANA|MADRONERO|BASANTE|CC|1085277241|1989-11-15|2|2|2|9998|9|1||7|07|||8|75.0|162|||2||||||||||||52UZPE01152001T48MT02EBS001H023652UZPE01152001T48MT02EBS001H0236F0236|52UZPE01152001T48MT02EBS001H023652UZPE01152001T48MT02EBS001H0236F0236CC1085277241
3|1252|JAIME|FERNEY|PORTILLA|TORO|CC|12752239|1982-06-30|1|2|1|5169|8|1||7|07|||8|75.0|162|||2||||||||||||52UZPE01152001T48MT02EBS001H023652UZPE01152001T48MT02EBS001H0236F0236|52UZPE01152001T48MT02EBS001H023652UZPE01152001T48MT02EBS001H0236F0236CC12752239
3|1253|IBANA|NOTIENE|VIVANCO|LOPEZ|CC|1193035258|2002-10-22|2|2|3|9998|9|1||7|07|||8|65.0|170|||2||||||||||||52UZPE01152001T48MT02EBS001H023752UZPE01152001T48MT02EBS001H0237F0237|52UZPE01152001T48MT02EBS001H023752UZPE01152001T48MT02EBS001H0237F0237CC1193035258
3|1254|GABRIEL|NOTIENE|VIVANCO|LOPEZ|CC|1085331896|1996-08-16|1|2|3|9510|9|1||7|07|||8|80.0|190|||2||||||||||||52UZPE01152001T48MT02EBS001H023752UZPE01152001T48MT02EBS001H0237F0237|52UZPE01152001T48MT02EBS001H023752UZPE01152001T48MT02EBS001H0237F0237CC1085331896
3|1255|ANGELA|NOTIENE|LOPEZ|NOTIENE|CC|59839409|1974-05-24|2|2|1|9998|8|1||7|07|||8|93.0|170|||2||||||||||||52UZPE01152001T48MT02EBS001H023752UZPE01152001T48MT02EBS001H0237F0237|52UZPE01152001T48MT02EBS001H023752UZPE01152001T48MT02EBS001H0237F0237CC59839409
3|1256|MELBA|ILDENE|MONTERO|MARTINEZ|CC|30710880|1956-10-07|2|2|1|9998|4|1||3|07|||8|64.0|149|||2||||||||||||52UZPE01152001T48MT02EBS001H023852UZPE01152001T48MT02EBS001H0238F0238|52UZPE01152001T48MT02EBS001H023852UZPE01152001T48MT02EBS001H0238F0238CC30710880
3|1257|LILA|MERCEDES|RIASCOS|SALAZAR|CC|27374573|1984-03-10|2|2|1|5169|9|2||7|07|||8|50.0|152|||2||||||||||||52UZPE01152001T48MT02EBS001H023952UZPE01152001T48MT02EBS001H0239F0239|52UZPE01152001T48MT02EBS001H023952UZPE01152001T48MT02EBS001H0239F0239CC27374573
3|1258|ANA|OLIVIA|REINA|CHAMORRO|CC|59832104|1974-01-21|2|2|1|5169|3|1||7|07|||8|60.0|152|||2||||||||||||52UZPE01152001T48MT02EBS001H024052UZPE01152001T48MT02EBS001H0240F0240|52UZPE01152001T48MT02EBS001H024052UZPE01152001T48MT02EBS001H0240F0240CC59832104
3|1259|GEMMA|NOTIENE|HERERA|DEMUNOZ|CC|27074197|1947-04-12|2|2|1|9998|7|2||3|07|||8|57.0|156|||2||||||||||||52UZPE01152001T48MT02EBS001H024152UZPE01152001T48MT02EBS001H0241F0241|52UZPE01152001T48MT02EBS001H024152UZPE01152001T48MT02EBS001H0241F0241CC27074197
3|1260|MARIO|FERNANDO|MUNOZ|HERRERA|CC|98386396|1973-11-09|1|2|3|9510|8|1||7|07|||8|84.0|174|||2||||||||||||52UZPE01152001T48MT02EBS001H024152UZPE01152001T48MT02EBS001H0241F0241|52UZPE01152001T48MT02EBS001H024152UZPE01152001T48MT02EBS001H0241F0241CC98386396
3|1261|JULIAN|DAVIS|SALAZAR|OBANDO|CC|1193589676|2003-07-27|1|2|3|9998|9|2||7|07|||8|75.0|175|||2||||||||||||52UZPE01152001T48MT02EBS001H024252UZPE01152001T48MT02EBS001H0242F0242|52UZPE01152001T48MT02EBS001H024252UZPE01152001T48MT02EBS001H0242F0242CC1193589676
3|1262|MARIA|MERCEDES|OBANDO|SALAS|CC|36753854|1978-10-22|2|2|1|5169|9|2||7|07|||8|65.0|154|||2||||||||||||52UZPE01152001T48MT02EBS001H024252UZPE01152001T48MT02EBS001H0242F0242|52UZPE01152001T48MT02EBS001H024252UZPE01152001T48MT02EBS001H0242F0242CC36753854
3|1263|GABRIEL|MAURICIO|DIAZ|VILLOTA|TI|1030001180|2013-02-05|1|2|3|9998|3|1||1|07|||8|45.0|145|||2||||||||||||52UZPE01152001T48MT02EBS001H024352UZPE01152001T48MT02EBS001H0243F0243|52UZPE01152001T48MT02EBS001H024352UZPE01152001T48MT02EBS001H0243F0243TI1030001180
3|1264|DEIBID|GIOVANY|DIAZ|ROSERO|CC|87064569|1983-12-28|1|2|1|5169|3|2||7|07|||8|75.0|175|||2||||||||||||52UZPE01152001T48MT02EBS001H024352UZPE01152001T48MT02EBS001H0243F0243|52UZPE01152001T48MT02EBS001H024352UZPE01152001T48MT02EBS001H0243F0243CC87064569
3|1265|MARIA|CECILIA|VILLOTA|PINTA|CC|59311230|1972-08-21|2|2|2|9998|3|1||7|07|||8|60.0|165|||2||||||||||||52UZPE01152001T48MT02EBS001H024352UZPE01152001T48MT02EBS001H0243F0243|52UZPE01152001T48MT02EBS001H024352UZPE01152001T48MT02EBS001H0243F0243CC59311230
3|1266|YORLEY|EFRAIN|LUNA|RAMOS|CC|1086019211|1996-04-02|1|2|1|5169|3|2||7|07|||8|80.0|180|||2||||||||||||52UZPE01152001T48MT02EBS001H024452UZPE01152001T48MT02EBS001H0244F0244|52UZPE01152001T48MT02EBS001H024452UZPE01152001T48MT02EBS001H0244F0244CC1086019211
3|1267|MARIA|DELSOCORRO|ORTEGA|BENAVIDES|CC|59794114|1968-04-25|2|2|1|9998|3|2||7|07|||8|55.0|148|||2||||||||||||52UZPE01152001T48MT02EBS001H024552UZPE01152001T48MT02EBS001H0245F0245|52UZPE01152001T48MT02EBS001H024552UZPE01152001T48MT02EBS001H0245F0245CC59794114
3|1268|LUIS|EDUARDO|LOPEZ|ORTEGA|CC|1004216863|2002-12-26|1|2|3|9998|3|1||7|07|||8|70.0|175|||2||||||||||||52UZPE01152001T48MT02EBS001H024552UZPE01152001T48MT02EBS001H0245F0245|52UZPE01152001T48MT02EBS001H024552UZPE01152001T48MT02EBS001H0245F0245CC1004216863
3|1269|MONICA|ELIZABETH|LASSO|TORRES|CC|36754982|1976-07-30|2|2|2|9998|3|1||7|07|||8|40.0|152|||2||||||||||||52UZPE01152001T48MT02EBS001H024652UZPE01152001T48MT02EBS001H0246F0246|52UZPE01152001T48MT02EBS001H024652UZPE01152001T48MT02EBS001H0246F0246CC36754982
3|1270|JHON|JAIRO|CHAUCANEZ|TARAPUEZ|CC|5207719|1980-01-31|1|2|1|5169|3|2||4|07|||2|65.0|170|||2||||||||||||52UZPE01152001T48MT02EBS001H024652UZPE01152001T48MT02EBS001H0246F0246|52UZPE01152001T48MT02EBS001H024652UZPE01152001T48MT02EBS001H0246F0246CC5207719
3|1271|DAVID|ALEJANDRO|ERAZO|TORRES|CC|1085347950|2000-01-07|1|2|3|5169|3|1||7|07|||8|60.0|162|||2||||||||||||52UZPE01152001T48MT02EBS001H024752UZPE01152001T48MT02EBS001H0247F0247|52UZPE01152001T48MT02EBS001H024752UZPE01152001T48MT02EBS001H0247F0247CC1085347950
3|1272|JOSE|ANTONIO|ERAZO|LEITON|CC|12959561|1952-11-18|1|2|1|9510|3|1||3|07|||8|75.0|162|||2||||||||||||52UZPE01152001T48MT02EBS001H024752UZPE01152001T48MT02EBS001H0247F0247|52UZPE01152001T48MT02EBS001H024752UZPE01152001T48MT02EBS001H0247F0247CC12959561
3|1273|YISETH|ESTEFANIA|GUERRERO|BURGOS|TI|1080057131|2010-10-10|2|2|3|9998|3|2||1|07|||8|65.0|157|||2||||||||||||52UZPE01152001T48MT02EBS001H024852UZPE01152001T48MT02EBS001H0248F0248|52UZPE01152001T48MT02EBS001H024852UZPE01152001T48MT02EBS001H0248F0248TI1080057131
3|1274|EDER|FANOR|GUERRERO|ENRIQUEZ|CC|87573757|1967-05-02|1|2|2|5169|3|2||7|07|||8|80.0|175|||2||||||||||||52UZPE01152001T48MT02EBS001H024852UZPE01152001T48MT02EBS001H0248F0248|52UZPE01152001T48MT02EBS001H024852UZPE01152001T48MT02EBS001H0248F0248CC87573757
3|1275|RUBIELA|CIELO|BURGOS|CHAUCANES|CC|1085271902|1989-06-03|2|2|2|9998|3|2||7|07|||8|65.0|160|||2||||||||||||52UZPE01152001T48MT02EBS001H024852UZPE01152001T48MT02EBS001H0248F0248|52UZPE01152001T48MT02EBS001H024852UZPE01152001T48MT02EBS001H0248F0248CC1085271902
3|1276|EDGAR|ENRIQUE|MARTINEZ|MONTANO|CC|12994269|1956-01-15|1|2|1|9998|7|1||3|07|||8|75.0|170|||2||||||||||||52UZPE01152001T48MT02EBS001H024952UZPE01152001T48MT02EBS001H0249F0249|52UZPE01152001T48MT02EBS001H024952UZPE01152001T48MT02EBS001H0249F0249CC12994269
3|1277|MARIA|LIZETH|DELACRUZ|MUNOZ|CC|1084227930|1998-06-17|2|2|2|5169|3|2||7|07|||8|50.0|152|||2||||||||||||52UZPE01152001T48MT02EBS001H025052UZPE01152001T48MT02EBS001H0250F0250|52UZPE01152001T48MT02EBS001H025052UZPE01152001T48MT02EBS001H0250F0250CC1084227930
3|1278|WILMAR|ALIER|PAZ|VASTRO|CC|1144188038|1995-08-03|1|2|2|9510|7|1||7|07|||8|60.0|162|||2||||||||||||52UZPE01152001T48MT02EBS001H025052UZPE01152001T48MT02EBS001H0250F0250|52UZPE01152001T48MT02EBS001H025052UZPE01152001T48MT02EBS001H0250F0250CC1144188038
3|1279|MARIA|JOSE|SANTACRUZ|BASTIDAS|TI|1081283706|2014-02-02|2|2|3|9998|3|2||8|07|||8|45.0|145|||2||||||||||||52UZPE01152001T48MT02EBS001H025152UZPE01152001T48MT02EBS001H0251F0251|52UZPE01152001T48MT02EBS001H025152UZPE01152001T48MT02EBS001H0251F0251TI1081283706
3|1280|WILLIAM|ARMANDO|SANTACRUZ|LEGARDA|CC|12752059|1982-11-12|1|2|1|5169|3|2||7|07|||8|80.0|180|||2||||||||||||52UZPE01152001T48MT02EBS001H025152UZPE01152001T48MT02EBS001H0251F0251|52UZPE01152001T48MT02EBS001H025152UZPE01152001T48MT02EBS001H0251F0251CC12752059
3|1281|SANDRA|XIMENA|BASTIDAS|MELO|CC|36759877|1983-10-08|2|2|2|9998|3|2||7|07|||8|70.0|167|||2||||||||||||52UZPE01152001T48MT02EBS001H025152UZPE01152001T48MT02EBS001H0251F0251|52UZPE01152001T48MT02EBS001H025152UZPE01152001T48MT02EBS001H0251F0251CC36759877
3|1282|LUNA|VALENTINA|SANTACRUZ|BASTIDAS|CC|1080045608|2006-08-12|2|2|3|9998|3|2||7|07|||8|55.0|165|||2||||||||||||52UZPE01152001T48MT02EBS001H025152UZPE01152001T48MT02EBS001H0251F0251|52UZPE01152001T48MT02EBS001H025152UZPE01152001T48MT02EBS001H0251F0251CC1080045608
3|1283|ANDRES|FELIPE|CANAR|BURBANO|TI|1080049085|2007-07-25|1|2|3|9998|3|1||1|07|||8|51.0|165|||2||||||||||||52UZPE01152001T48MT02EBS001H025252UZPE01152001T48MT02EBS001H0252F0252|52UZPE01152001T48MT02EBS001H025252UZPE01152001T48MT02EBS001H0252F0252TI1080049085
3|1284|LILIA|JOHANA|BURBANO|ESTRADA|CC|1085261831|1986-06-23|2|2|1|9622|3|1||7|07|||8|60.0|149|||2||||||||||||52UZPE01152001T48MT02EBS001H025252UZPE01152001T48MT02EBS001H0252F0252|52UZPE01152001T48MT02EBS001H025252UZPE01152001T48MT02EBS001H0252F0252CC1085261831
3|1285|JOAN|FELIPE|MUNOZ|VALLEJO|TI|103022305|2013-05-26|1|2|3|9998|3|2||1|07|||8|37.0|125|||2||||||||||||52UZPE01152001T48MT02EBS001H025352UZPE01152001T48MT02EBS001H0253F0253|52UZPE01152001T48MT02EBS001H025352UZPE01152001T48MT02EBS001H0253F0253TI103022305
3|1286|CRHISTIAN|SEGUNDO|ORTEGA|ORTEGA|CC|1085258548|1987-03-20|1|2|1|5169|9|2||7|07|||8|65.0|168|||2||||||||||||52UZPE01152001T48MT02EBS001H025352UZPE01152001T48MT02EBS001H0253F0253|52UZPE01152001T48MT02EBS001H025352UZPE01152001T48MT02EBS001H0253F0253CC1085258548
3|1287|MARILYN|NOTIENE|VALLEJO|CASTILLO|CC|1085303678|1992-04-06|2|2|2|5169|9|2||7|07|||8|75.0|162|||2||||||||||||52UZPE01152001T48MT02EBS001H025352UZPE01152001T48MT02EBS001H0253F0253|52UZPE01152001T48MT02EBS001H025352UZPE01152001T48MT02EBS001H0253F0253CC1085303678
3|1288|FLOR|ALBA|LEGARDA|BETANCOURTH|CC|27156456|1969-02-05|2|2|2|9998|3|2||7|07|||8|68.0|150|||2||||||||||||52UZPE01152001T48MT02EBS001H025452UZPE01152001T48MT02EBS001H0254F0254|52UZPE01152001T48MT02EBS001H025452UZPE01152001T48MT02EBS001H0254F0254CC27156456
3|1289|WILTON|ARMANDO|PUCHANA|JURADO|CC|87491142|1974-11-13|1|2|1|5169|3|2||7|07|||8|92.0|174|||2||||||||||||52UZPE01152001T48MT02EBS001H025452UZPE01152001T48MT02EBS001H0254F0254|52UZPE01152001T48MT02EBS001H025452UZPE01152001T48MT02EBS001H0254F0254CC87491142
3|1290|RICARDO|FABIO|MUNOZ|RODRIGUEZ|CC|98380941|1972-03-20|1|2|1|9998|3|2||7|07|||8|75.0|170|||2||||||||||||52UZPE01152001T48MT02EBS001H025552UZPE01152001T48MT02EBS001H0255F0255|52UZPE01152001T48MT02EBS001H025552UZPE01152001T48MT02EBS001H0255F0255CC98380941
3|1291|LUIS|DAVID|VALENCIA|CALDERON|CC|1085898110|2004-11-13|1|2|3|9998|3|1||7|07|||8|58.0|173|||2||||||||||||52UZPE01152001T48MT02EBS001H025652UZPE01152001T48MT02EBS001H0256F0256|52UZPE01152001T48MT02EBS001H025652UZPE01152001T48MT02EBS001H0256F0256CC1085898110
3|1292|NIVIA|DELSOCORRO|CALDERON|CALDERON|CC|37002877|1967-08-18|2|2|1|9998|3|1||7|07|||8|56.0|156|||2||||||||||||52UZPE01152001T48MT02EBS001H025652UZPE01152001T48MT02EBS001H0256F0256|52UZPE01152001T48MT02EBS001H025652UZPE01152001T48MT02EBS001H0256F0256CC37002877
3|1293|ENEIDA|ANDREA|LOPEZ|ORTEGA|CC|36757200|1982-01-27|2|2|1|5169|3|2||7|07|||8|60.0|162|||2||||||||||||52UZPE01152001T48MT02EBS001H025752UZPE01152001T48MT02EBS001H0257F0257|52UZPE01152001T48MT02EBS001H025752UZPE01152001T48MT02EBS001H0257F0257CC36757200
3|1294|EMANUEL|SANTIAGO|ERERIDA|LOPEZ|TI|1081267519|2016-09-16|1|2|3|9998|3|2||8|07|||8|20.0|125|||2||||||||||||52UZPE01152001T48MT02EBS001H025752UZPE01152001T48MT02EBS001H0257F0257|52UZPE01152001T48MT02EBS001H025752UZPE01152001T48MT02EBS001H0257F0257TI1081267519
3|1295|CELESTE|NOTIENE|EUSSES|BURBANO|TI|1023647126|2014-05-26|2|2|3|9998|3|2||8|07|||8|38.0|132|||2||||||||||||52UZPE01152001T48MT02EBS001H025952UZPE01152001T48MT02EBS001H0259F0259|52UZPE01152001T48MT02EBS001H025952UZPE01152001T48MT02EBS001H0259F0259TI1023647126
3|1296|SEBASTIAN|NOTIENE|EUSSES|MERCADO|CC|71295269|1985-11-10|1|2|1|9510|3|2||7|07|||8|75.0|180|||2||||||||||||52UZPE01152001T48MT02EBS001H025952UZPE01152001T48MT02EBS001H0259F0259|52UZPE01152001T48MT02EBS001H025952UZPE01152001T48MT02EBS001H0259F0259CC71295269
3|1297|ADRIANA|JAQUELINE|BURBANO|ORTIZ|CC|37083421|1983-05-29|2|2|2|5169|7|2||7|07|||8|50.0|152|||2||||||||||||52UZPE01152001T48MT02EBS001H025952UZPE01152001T48MT02EBS001H0259F0259|52UZPE01152001T48MT02EBS001H025952UZPE01152001T48MT02EBS001H0259F0259CC37083421
3|1298|DAISY|ALEXANDRA|GUEVARA|DIAZ|CC|1007282310|2000-09-05|2|2|3|5169|7|1||7|07|||8|48.0|156|||2||||||||||||52UZPE01152001T48MT02EBS001H026052UZPE01152001T48MT02EBS001H0260F0260|52UZPE01152001T48MT02EBS001H026052UZPE01152001T48MT02EBS001H0260F0260CC1007282310
3|1299|MAUREN|VALENTINA|TULCAN|NARVAEZ|TI|1084195134|2017-05-02|2|2|3|9998|3|1||8|07|||8|35.0|120|||2||||||||||||52UZPE01152001T48MT02EBS001H026152UZPE01152001T48MT02EBS001H0261F0261|52UZPE01152001T48MT02EBS001H026152UZPE01152001T48MT02EBS001H0261F0261TI1084195134
3|1300|ROLAN|DAVID|TULCAN|MIRAMAG|CC|1085311777|1995-03-28|1|2|1|5169|3|2||7|07|||8|70.0|175|||2||||||||||||52UZPE01152001T48MT02EBS001H026152UZPE01152001T48MT02EBS001H0261F0261|52UZPE01152001T48MT02EBS001H026152UZPE01152001T48MT02EBS001H0261F0261CC1085311777
3|1301|PAOLY|PAOLY|NARVAEZ|JOJOA|CC|123318892|1997-04-10|2|2|2|9998|3|1||7|07|||8|65.0|160|||2||||||||||||52UZPE01152001T48MT02EBS001H026152UZPE01152001T48MT02EBS001H0261F0261|52UZPE01152001T48MT02EBS001H026152UZPE01152001T48MT02EBS001H0261F0261CC123318892
3|1302|JOSE|LEONARDO|PARDO|ARCOS|CC|14979248|1951-12-11|1|2|1|9998|3|1||3|07|||1|72.0|165|||2||||||||||||52UZPE01152001T48MT02EBS001H026252UZPE01152001T48MT02EBS001H0262F0262|52UZPE01152001T48MT02EBS001H026252UZPE01152001T48MT02EBS001H0262F0262CC14979248
3|1303|LUZ|MARIA|URBINA|MONCAYO|CC|30728203|1963-06-15|2|2|1|9998|3|2||3|07|||8|65.0|160|||2||||||||||||52UZPE01152001T48MT02EBS001H026352UZPE01152001T48MT02EBS001H0263F0263|52UZPE01152001T48MT02EBS001H026352UZPE01152001T48MT02EBS001H0263F0263CC30728203
3|1304|JOAN|SEBASTIAN|MAYA|URBINA|CC|1085308389|1993-11-11|1|2|3|9510|3|1||7|07|||8|70.0|170|||2||||||||||||52UZPE01152001T48MT02EBS001H026352UZPE01152001T48MT02EBS001H0263F0263|52UZPE01152001T48MT02EBS001H026352UZPE01152001T48MT02EBS001H0263F0263CC1085308389
3|1305|JESUS|CAMILO|CHAMORRO|JOJOA|CC|1085511755|1994-03-23|1|2|2|5169|3|2||7|07|||8|84.0|173|||2||||||||||||52UZPE01152001T48MT02EBS001H026452UZPE01152001T48MT02EBS001H0264F0264|52UZPE01152001T48MT02EBS001H026452UZPE01152001T48MT02EBS001H0264F0264CC1085511755
3|1306|JENNY|MARITZA|RODRIGUEZ|CORTES|CC|1085244475|1985-05-13|2|2|2|9998|3|2||7|07|||8|70.0|160|||2||||||||||||52UZPE01152001T48MT02EBS001H026452UZPE01152001T48MT02EBS001H0264F0264|52UZPE01152001T48MT02EBS001H026452UZPE01152001T48MT02EBS001H0264F0264CC1085244475
3|1307|RITA|ESTELLA|GARCES|BENAVIDES|CC|30718717|1959-08-24|2|2|2|9998|3|2||3|07|||8|70.0|160|||2||||||||||||52UZPE01152001T48MT02EBS001H027852UZPE01152001T48MT02EBS001H0278F0278|52UZPE01152001T48MT02EBS001H027852UZPE01152001T48MT02EBS001H0278F0278CC30718717
3|1308|EDUARDO|ANTONIO|ENRIQUEZ|BUCHELI|CC|12968435|1959-08-10|1|2|2|9999|3|2||3|07|||8|70.0|173|||2||||||||||||52UZPE01152001T48MT02EBS001H027852UZPE01152001T48MT02EBS001H0278F0278|52UZPE01152001T48MT02EBS001H027852UZPE01152001T48MT02EBS001H0278F0278CC12968435
3|1309|CAMILO|ALEXANDER|ENRIQUEZ|GARCES|CC|1085297031|1992-04-27|1|2|3|9998|13|2||7|07|||8|65.0|175|||2||||||||||||52UZPE01152001T48MT02EBS001H027852UZPE01152001T48MT02EBS001H0278F0278|52UZPE01152001T48MT02EBS001H027852UZPE01152001T48MT02EBS001H0278F0278CC1085297031
3|1310|DAISY|NATALIA|QUINGUA|JURADO|CC|1085343479|1999-01-06|2|2|3|9510|3|1||7|07|||8|56.0|152|||2||||||||||||52UZPE01152001T48MT02EBS001H026552UZPE01152001T48MT02EBS001H0265F0265|52UZPE01152001T48MT02EBS001H026552UZPE01152001T48MT02EBS001H0265F0265CC1085343479
3|1311|WILSON|JOSUE|SEGURA|CEBALLO|CC|1085247442|1986-02-26|1|2|3|5169|9|2||7|07|||8|70.0|177|||2||||||||||||52UZPE01152001T48MT02EBS001H026652UZPE01152001T48MT02EBS001H0266F0266|52UZPE01152001T48MT02EBS001H026652UZPE01152001T48MT02EBS001H0266F0266CC1085247442
3|1312|DIEGO|IVAN|NOVOA|LIZZARASO|CC|1012182849|1987-01-30|1|2|2|5169|9|5||7|07|||8|83.0|170|||2||||||||||||52UZPE01152001T48MT02EBS001H026752UZPE01152001T48MT02EBS001H0267F0267|52UZPE01152001T48MT02EBS001H026752UZPE01152001T48MT02EBS001H0267F0267CC1012182849
3|1313|KAYERIN|PAULA|VALENCIA|CALDERON|CC|1085920090|1990-08-27|2|2|2|5169|9|2||7|07|||8|51.0|154|||2||||||||||||52UZPE01152001T48MT02EBS001H026752UZPE01152001T48MT02EBS001H0267F0267|52UZPE01152001T48MT02EBS001H026752UZPE01152001T48MT02EBS001H0267F0267CC1085920090
3|1314|GABRIEL|ANDRES|NOVOA|VALENCIA|RC|1080707068|2019-12-11|1|2|3|9998|3|2||8|07|||8|||||2||||||||||||52UZPE01152001T48MT02EBS001H026752UZPE01152001T48MT02EBS001H0267F0267|52UZPE01152001T48MT02EBS001H026752UZPE01152001T48MT02EBS001H0267F0267RC1080707068
3|1315|CLARA|LILIANA|PORTILLA|DIAZ|CC|59314685|1984-06-26|2|2|2|9998|3|1||7|07|||8|60.0|152|||2||||||||||||52UZPE01152001T48MT02EBS001H026852UZPE01152001T48MT02EBS001H0268F0268|52UZPE01152001T48MT02EBS001H026852UZPE01152001T48MT02EBS001H0268F0268CC59314685
3|1316|DAVID|SEBASTIAN|PORTILLA|PORTILLA|TI|1085340358|2016-05-16|1|2|3|9998|3|1||8|07|||8|30.0|125|||2||||||||||||52UZPE01152001T48MT02EBS001H026852UZPE01152001T48MT02EBS001H0268F0268|52UZPE01152001T48MT02EBS001H026852UZPE01152001T48MT02EBS001H0268F0268TI1085340358
3|1317|CARLOS|HERALDO|PORTILLA|MELO|CC|13093774|1984-03-04|1|2|2|9510|3|1||7|07|||8|75.0|162|||2||||||||||||52UZPE01152001T48MT02EBS001H026852UZPE01152001T48MT02EBS001H0268F0268|52UZPE01152001T48MT02EBS001H026852UZPE01152001T48MT02EBS001H0268F0268CC13093774
3|1318|MARIA|PAULA|PORTILLA|PORTILLA|RC|1081065744|2019-03-18|2|2|3|9998|3|1||8|07|||8|15.0|110|||2||||||||||||52UZPE01152001T48MT02EBS001H026852UZPE01152001T48MT02EBS001H0268F0268|52UZPE01152001T48MT02EBS001H026852UZPE01152001T48MT02EBS001H0268F0268RC1081065744
3|1319|ELIZABETH|NOTIENE|ROSERO|VILLOTA|CC|27093306|1979-05-25|2|2|2|9998|3|1||7|07|||8|67.0|152|||2||||||||||||52UZPE01152001T48MT02EBS001H027052UZPE01152001T48MT02EBS001H0270F0270|52UZPE01152001T48MT02EBS001H027052UZPE01152001T48MT02EBS001H0270F0270CC27093306
3|1320|EDGAR|MAURICIO|MONTENEGRO|JARAMILLO|CC|72247902|1979-08-07|1|2|2|9510|3|1||7|07|||8|92.0|180|||2||||||||||||52UZPE01152001T48MT02EBS001H027052UZPE01152001T48MT02EBS001H0270F0270|52UZPE01152001T48MT02EBS001H027052UZPE01152001T48MT02EBS001H0270F0270CC72247902
3|1321|MAURICIO|ALEJANDRO|MONTENEGRO|ROSERO|CC|100421680|2002-05-28|1|2|3|9510|3|1||7|07|||8|60.0|170|||2||||||||||||52UZPE01152001T48MT02EBS001H027052UZPE01152001T48MT02EBS001H0270F0270|52UZPE01152001T48MT02EBS001H027052UZPE01152001T48MT02EBS001H0270F0270CC100421680
3|1322|JOSE|ALFREDO|NUPAN|DELGADO|CC|98395146|1976-10-24|1|2|2|9998|3|2||7|07|||8|72.0|168|||2||||||||||||52UZPE01152001T48MT02EBS001H027152UZPE01152001T48MT02EBS001H0271F0271|52UZPE01152001T48MT02EBS001H027152UZPE01152001T48MT02EBS001H0271F0271CC98395146
3|1323|AMPARO|JAQUELINE|BENAVIDES|PEREZ|CC|59831523|1974-07-27|2|2|2|9998|3|2||7|07|||8|60.0|152|||2||||||||||||52UZPE01152001T48MT02EBS001H027152UZPE01152001T48MT02EBS001H0271F0271|52UZPE01152001T48MT02EBS001H027152UZPE01152001T48MT02EBS001H0271F0271CC59831523
3|1324|REINEIRA|NOTIENE|PORTILLA|TOVAR|CC|27218840|1972-07-27|2|2|1|9998|3|2||7|07|||8|72.0|162|||2||||||||||||52UZPE01152001T48MT02EBS001H027252UZPE01152001T48MT02EBS001H0272F0272|52UZPE01152001T48MT02EBS001H027252UZPE01152001T48MT02EBS001H0272F0272CC27218840
3|1325|MARIA|FERNANDA|PALADINES|ANDRADE|CC|1083812408|1987-10-21|2|2|2|9998|3|1||7|07|||8|85.0|155|||2||||||||||||52UZPE01152001T48MT02EBS001H027352UZPE01152001T48MT02EBS001H0273F0273|52UZPE01152001T48MT02EBS001H027352UZPE01152001T48MT02EBS001H0273F0273CC1083812408
3|1326|SEBASTIAN|FELIPE|CHAMORRO|PALADINES|TI|1083813961|2012-06-06|1|2|3|9998|3|1||1|07|||8|43.0|150|||2||||||||||||52UZPE01152001T48MT02EBS001H027352UZPE01152001T48MT02EBS001H0273F0273|52UZPE01152001T48MT02EBS001H027352UZPE01152001T48MT02EBS001H0273F0273TI1083813961
3|1327|JOSEPH|MARTIN|CHAMORRO|PALADINES|RC|1085349454|2019-11-27|1|2|3|9998|3|1||8|07|||8|||||2||||||||||||52UZPE01152001T48MT02EBS001H027352UZPE01152001T48MT02EBS001H0273F0273|52UZPE01152001T48MT02EBS001H027352UZPE01152001T48MT02EBS001H0273F0273RC1085349454
3|1328|EULER|JHONDANY|CHAMORRO|CEBALLOS|CC|98364707|1982-04-10|1|2|1|5169|3|2||7|07|||8|75.0|160|||2||||||||||||52UZPE01152001T48MT02EBS001H027352UZPE01152001T48MT02EBS001H0273F0273|52UZPE01152001T48MT02EBS001H027352UZPE01152001T48MT02EBS001H0273F0273CC98364707
3|1329|JORGE|ANDRES|MORILLO|NARVAEZ|CC|12987613|1966-06-01|1|2|1|5169|3|2||7|07|||8|83.0|170|||2||||||||||||52UZPE01152001T48MT02EBS001H027452UZPE01152001T48MT02EBS001H0274F0274|52UZPE01152001T48MT02EBS001H027452UZPE01152001T48MT02EBS001H0274F0274CC12987613
3|1330|ANYELA|LORENA|CERON|JURADO|CC|59821931|1973-07-12|2|2|2|9998|3|2||7|07|||8|63.0|150|||2||||||||||||52UZPE01152001T48MT02EBS001H027452UZPE01152001T48MT02EBS001H0274F0274|52UZPE01152001T48MT02EBS001H027452UZPE01152001T48MT02EBS001H0274F0274CC59821931
3|1331|LEIDY|KARINA|CARLOSAMA|MUNOZ|CC|1085253385|1984-09-25|2|2|2|5169|3|2||7|07|||8|58.0|152|||2||||||||||||52UZPE01152001T48MT02EBS001H027552UZPE01152001T48MT02EBS001H0275F0275|52UZPE01152001T48MT02EBS001H027552UZPE01152001T48MT02EBS001H0275F0275CC1085253385
3|1332|KAROLINE|DANIELA|GUSTIN|CARLOSAMA|CC|1080047078|2006-07-10|2|2|3|9998|3|1||7|07|||8|46.0|154|||2||||||||||||52UZPE01152001T48MT02EBS001H027552UZPE01152001T48MT02EBS001H0275F0275|52UZPE01152001T48MT02EBS001H027552UZPE01152001T48MT02EBS001H0275F0275CC1080047078
3|1333|CARLOS|MAURICIO|GUSTIN|NOAPLICA|CC|87069463|1985-06-17|1|2|1|9622|5|2||7|07|||8|80.0|174|||2||||||||||||52UZPE01152001T48MT02EBS001H027552UZPE01152001T48MT02EBS001H0275F0275|52UZPE01152001T48MT02EBS001H027552UZPE01152001T48MT02EBS001H0275F0275CC87069463
3|1334|JENIFER|JULIETH|DELGADO|MELO|CC|1004190872|2002-03-15|2|2|3|9998|3|2||7|07|||8|82.0|167|||2||||||||||||52UZPE01152001T48MT02EBS001H027652UZPE01152001T48MT02EBS001H0276F0276|52UZPE01152001T48MT02EBS001H027652UZPE01152001T48MT02EBS001H0276F0276CC1004190872
3|1335|OLGA|VIVIANA|MELO|NAVAEZ|CC|59313308|1985-03-15|1|2|1|5169|3|2||7|07|||8|88.0|163|||2||||||||||||52UZPE01152001T48MT02EBS001H027652UZPE01152001T48MT02EBS001H0276F0276|52UZPE01152001T48MT02EBS001H027652UZPE01152001T48MT02EBS001H0276F0276CC59313308
3|1336|JOSE|JAVIER|ZAMBRANO|DIAZ|CC|5249424|1957-11-30|1|2|2|9999|9|5||3|07|||8|74.0|167|||2||||||||||||52UZPE01152001T48MT02EBS001H027752UZPE01152001T48MT02EBS001H0277F0277|52UZPE01152001T48MT02EBS001H027752UZPE01152001T48MT02EBS001H0277F0277CC5249424
3|1337|NANCY|NANCY|TORRES|VENEGAS|CC|27198234|1964-01-05|1|2|2|9998|3|5||3|07|||8|80.0|162|||2||||||||||||52UZPE01152001T48MT02EBS001H027752UZPE01152001T48MT02EBS001H0277F0277|52UZPE01152001T48MT02EBS001H027752UZPE01152001T48MT02EBS001H0277F0277CC27198234
3|1338|GLORIA|ESTELA|CALDERON|ENRIQUEZ|CC|30716987|1958-09-08|2|2|1|9998|3|2||3|07|||8|55.0|154|||2||||||||||||52UZPE01152001T48MT02EBS001H027952UZPE01152001T48MT02EBS001H0279F0279|52UZPE01152001T48MT02EBS001H027952UZPE01152001T48MT02EBS001H0279F0279CC30716987
3|1339|GUILLERMO|IGNACIO|JURADO|PAZ|CC|17756996|1948-09-18|1|2|1|9998|3|1||3|07|||8|75.0|165|||2||||||||||||52UZPE01152001T48MT02EBS001H028052UZPE01152001T48MT02EBS001H0280F0280|52UZPE01152001T48MT02EBS001H028052UZPE01152001T48MT02EBS001H0280F0280CC17756996
3|1340|MARTIN|RMILIANO|VERS|CAICEDO|RC|1232812614|2020-05-29|1|2|3|9998|3|2||8|07|||8|||||2||||||||||||52UZPE01152001T48MT02EBS001H028152UZPE01152001T48MT02EBS001H0281F0281|52UZPE01152001T48MT02EBS001H028152UZPE01152001T48MT02EBS001H0281F0281RC1232812614
3|1341|JUAN|DIEGO|VERA|NOTIENE|CC|1082688449|1996-07-13|1|2|2|5169|8|2||7|07|||8|10.3|180|||2||||||||||||52UZPE01152001T48MT02EBS001H028152UZPE01152001T48MT02EBS001H0281F0281|52UZPE01152001T48MT02EBS001H028152UZPE01152001T48MT02EBS001H0281F0281CC1082688449
3|1342|DIANA|FERNANDA|CAICEDO|BRAVO|CC|1082658463|1997-11-10|2|2|2|5169|3|2||7|07|||8|58.0|159|||2||||||||||||52UZPE01152001T48MT02EBS001H028152UZPE01152001T48MT02EBS001H0281F0281|52UZPE01152001T48MT02EBS001H028152UZPE01152001T48MT02EBS001H0281F0281CC1082658463
3|1343|SONIA|NOTIENE|CORDOBA|SANCHEZ|CC|30710679|1956-04-08|2|2|1|9998|4|2||3|07|||8|60.0|152|||2||||||||||||52UZPE01152001T48MT02EBS001H028252UZPE01152001T48MT02EBS001H0282F0282|52UZPE01152001T48MT02EBS001H028252UZPE01152001T48MT02EBS001H0282F0282CC30710679
3|1344|CARLOS|JULIO|MARTINEZ|CORDOBA|CC|12754283|1981-07-28|1|2|3|9510|3|1||7|07|||8|80.0|162|||2||||||||||||52UZPE01152001T48MT02EBS001H028252UZPE01152001T48MT02EBS001H0282F0282|52UZPE01152001T48MT02EBS001H028252UZPE01152001T48MT02EBS001H0282F0282CC12754283
3|1345|ANGELA|GABRIELA|CORDOBADANCHES|CRIOLLO|CC|1193271836|2001-11-10|2|2|3|5169|9|2||7|07|||8|50.0|152|||2||||||||||||52UZPE01152001T48MT02EBS001H028352UZPE01152001T48MT02EBS001H0283F0283|52UZPE01152001T48MT02EBS001H028352UZPE01152001T48MT02EBS001H0283F0283CC1193271836
3|1346|ANGELA|GABRIELA|CARDENAS|CRIOLLO|CC|1193271835|2001-11-10|2|2|3|5169|9|2||7|07|||8|50.0|152|||2||||||||||||52UZPE01152001T48MT02EBS001H028352UZPE01152001T48MT02EBS001H0283F0283|52UZPE01152001T48MT02EBS001H028352UZPE01152001T48MT02EBS001H0283F0283CC1193271835
3|1347|ANGELA|GABRIELA|CARDENAS|CRIOLLO|CC|119327183|2001-11-10|2|2|3|5169|9|2||7|07|||8|50.0|152|||2||||||||||||52UZPE01152001T48MT02EBS001H028352UZPE01152001T48MT02EBS001H0283F0283|52UZPE01152001T48MT02EBS001H028352UZPE01152001T48MT02EBS001H0283F0283CC119327183
3|1348|SILVIA|MERCEDES|CRIOLLO|NOTIENE|CC|59837644|1977-04-20|2|2|1|9998|3|2||6|07|||8|45.0|152|||2||||||||||||52UZPE01152001T48MT02EBS001H028352UZPE01152001T48MT02EBS001H0283F0283|52UZPE01152001T48MT02EBS001H028352UZPE01152001T48MT02EBS001H0283F0283CC59837644
3|1349|INDIRA|INDIRA|PINEDA|SANCHEZ|CC|1193588233|1998-03-30|2|2|3|9999|9|1||7|07|||8|62.0|158|||2||||||||||||52UZPE01152001T48MT02EBS001H028552UZPE01152001T48MT02EBS001H0285F0285|52UZPE01152001T48MT02EBS001H028552UZPE01152001T48MT02EBS001H0285F0285CC1193588233
3|1350|MERCEDES|JIMENA|SANCHEZ|SANCHEZ|CC|27087179|1976-01-02|2|2|1|9998|3|1||7|07|||8|60.0|158|||2||||||||||||52UZPE01152001T48MT02EBS001H028552UZPE01152001T48MT02EBS001H0285F0285|52UZPE01152001T48MT02EBS001H028552UZPE01152001T48MT02EBS001H0285F0285CC27087179
3|1351|MARIA|FERNANDA|ERASO|CHAVEZ|CC|1085321018|1995-04-04|2|2|2|9510|3|1||7|07|||8|80.0|165|||2||||||||||||52UZPE01152001T48MT02EBS001H028652UZPE01152001T48MT02EBS001H0286F0286|52UZPE01152001T48MT02EBS001H028652UZPE01152001T48MT02EBS001H0286F0286CC1085321018
3|1352|JOSE|LUIS|IBARRA|CALDERON|CC|1085321318|1995-06-17|1|2|2|9510|3|1||7|07|||8|79.0|167|||2||||||||||||52UZPE01152001T48MT02EBS001H028652UZPE01152001T48MT02EBS001H0286F0286|52UZPE01152001T48MT02EBS001H028652UZPE01152001T48MT02EBS001H0286F0286CC1085321318
3|1353|JULIETA|JULIETA|ERASO|CHAVEZ|RC|1030004278|2024-09-25|2|2|3|9998|3|1||8|07|||8|||||2||||||||||||52UZPE01152001T48MT02EBS001H028652UZPE01152001T48MT02EBS001H0286F0286|52UZPE01152001T48MT02EBS001H028652UZPE01152001T48MT02EBS001H0286F0286RC1030004278
3|1354|DIANA|CAMILA|MARTINEZ|DIAZ|CC|1127212741|1997-10-22|2|2|1|9998|3|1||7|07|||8|69.0|161|||2||||||||||||52UZPE01152001T48MT02EBS001H028752UZPE01152001T48MT02EBS001H0287F0287|52UZPE01152001T48MT02EBS001H028752UZPE01152001T48MT02EBS001H0287F0287CC1127212741
3|1355|VIOLETA|VIOLETA|ERASO|MARTINEZ|RC|1233195437|2022-12-02|2|2|3|9998|3|1||8|07|||8|||||2||||||||||||52UZPE01152001T48MT02EBS001H028752UZPE01152001T48MT02EBS001H0287F0287|52UZPE01152001T48MT02EBS001H028752UZPE01152001T48MT02EBS001H0287F0287RC1233195437
3|1356|MIRIAM|DELSOCORRO|BACCA|VILLAREAL|CC|30731310|1964-09-01|2|2|1|9999|3|2||3|07|||8|68.0|154|||2||||||||||||52UZPE01152001T48MT02EBS001H028852UZPE01152001T48MT02EBS001H0288F0288|52UZPE01152001T48MT02EBS001H028852UZPE01152001T48MT02EBS001H0288F0288CC30731310
3|1357|ESTEBAN|DARIO|BENAVIDES|BACCA|CC|1085334481|1997-04-02|1|2|3|9998|3|1||7|07|||8|60.0|167|||2||||||||||||52UZPE01152001T48MT02EBS001H028852UZPE01152001T48MT02EBS001H0288F0288|52UZPE01152001T48MT02EBS001H028852UZPE01152001T48MT02EBS001H0288F0288CC1085334481
3|1358|DAISY|ESTEFANIA|PRADO|MUNOZ|CC|1085271517|1989-01-27|2|2|1|9998|3|1||7|07|||8|63.0|159|||2||||||||||||52UZPE01152001T48MT02EBS001H028952UZPE01152001T48MT02EBS001H0289F0289|52UZPE01152001T48MT02EBS001H028952UZPE01152001T48MT02EBS001H0289F0289CC1085271517
3|1359|ISAAC|ALEJANDRO|LOPEZ|PRADO|TI|1080696733|2011-06-13|1|2|3|9998|3|1||1|07|||8|48.0|155|||2||||||||||||52UZPE01152001T48MT02EBS001H028952UZPE01152001T48MT02EBS001H0289F0289|52UZPE01152001T48MT02EBS001H028952UZPE01152001T48MT02EBS001H0289F0289TI1080696733
3|1360|LEVY|CAROLINA|ORDONEZ|ORTEGA|CC|1088973941|1992-07-12|2|1|2|5169|9|2||7|07|||8|67.0|156|||2||||||||||||52UZPE01152001T48MT02EBS001H029052UZPE01152001T48MT02EBS001H0290F0290|52UZPE01152001T48MT02EBS001H029052UZPE01152001T48MT02EBS001H0290F0290CC1088973941
3|1361|HUGO|ANDRES|TIMANA|AHUMADA|CC|1085339915|1998-03-17|1|2|2|9510|9|1||7|07|||8|72.0|175|||2||||||||||||52UZPE01152001T48MT02EBS001H029052UZPE01152001T48MT02EBS001H0290F0290|52UZPE01152001T48MT02EBS001H029052UZPE01152001T48MT02EBS001H0290F0290CC1085339915
3|1362|DAVID|ALEJANDRO|SANTACRUZ|JOJOA|CC|1004234123|2003-11-02|1|2|3|9998|3|2||7|07|||8|75.0|165|||2||||||||||||52UZPE01152001T48MT02EBS001H029352UZPE01152001T48MT02EBS001H0293F0293|52UZPE01152001T48MT02EBS001H029352UZPE01152001T48MT02EBS001H0293F0293CC1004234123
3|1363|LUIS|FERNANDO|PORTILLA|MUNOZ|CC|99296986|1977-01-20|1|2|2|5169|7|2||7|07|||8|80.0|178|||2||||||||||||52UZPE01152001T48MT02EBS001H029352UZPE01152001T48MT02EBS001H0293F0293|52UZPE01152001T48MT02EBS001H029352UZPE01152001T48MT02EBS001H0293F0293CC99296986
3|1364|DIANA|LORENA|JOJOA|NOTIENE|CC|59314609|1984-12-08|2|2|2|5169|9|2||7|07|||8|67.0|159|||2||||||||||||52UZPE01152001T48MT02EBS001H029352UZPE01152001T48MT02EBS001H0293F0293|52UZPE01152001T48MT02EBS001H029352UZPE01152001T48MT02EBS001H0293F0293CC59314609
3|1365|CARMEN|ALICIA|RODRIGUEZ|OBANDO|CC|37001807|1963-01-20|2|2|2|9998|3|1||3|07|||8|60.0|152|||2||||||||||||52UZPE01152001T48MT02EBS001H029452UZPE01152001T48MT02EBS001H0294F0294|52UZPE01152001T48MT02EBS001H029452UZPE01152001T48MT02EBS001H0294F0294CC37001807
3|1366|LUIS|EDUARDO|GARZON|NOTIENE|CC|13014516|1965-06-21|1|2|2|9510|3|1||3|07|||8|75.0|170|||2||||||||||||52UZPE01152001T48MT02EBS001H029452UZPE01152001T48MT02EBS001H0294F0294|52UZPE01152001T48MT02EBS001H029452UZPE01152001T48MT02EBS001H0294F0294CC13014516
3|1367|CARLO|NOTIENE|GARZON|RODRIGUEZ|CC|85011955121|1985-01-19|1|2|3|5169|3|2||7|07|||8|90.0|180|||2||||||||||||52UZPE01152001T48MT02EBS001H029452UZPE01152001T48MT02EBS001H0294F0294|52UZPE01152001T48MT02EBS001H029452UZPE01152001T48MT02EBS001H0294F0294CC85011955121
3|1368|LUIS|DANIEL|HARZON|RODRIGUEZ|CC|1085368686|1986-05-26|1|2|3|9510|3|1||7|07|||8|72.0|162|||2||||||||||||52UZPE01152001T48MT02EBS001H029452UZPE01152001T48MT02EBS001H0294F0294|52UZPE01152001T48MT02EBS001H029452UZPE01152001T48MT02EBS001H0294F0294CC1085368686
3|1369|MARIA|MERCEDES|DIAZ|LOPEZ|CC|36996046|1959-09-26|2|2|1|9998|3|2||3|07|||8|62.0|162|||2||||||||||||52UZPE01152001T48MT02EBS001H029552UZPE01152001T48MT02EBS001H0295F0295|52UZPE01152001T48MT02EBS001H029552UZPE01152001T48MT02EBS001H0295F0295CC36996046
3|1370|JUAN|JOSE|ORDONEZ|GUERRERO|TI|1080066710|2017-01-20|1|2|3|9998|3|1||8|07|||8|29.0|130|||2||||||||||||52UZPE01152001T48MT02EBS001H029652UZPE01152001T48MT02EBS001H0296F0296|52UZPE01152001T48MT02EBS001H029652UZPE01152001T48MT02EBS001H0296F0296TI1080066710
3|1371|MARTHA|LILIANA|GUERRERO|SAMORA|CC|1085255574|1986-12-16|2|2|2|9998|3|1||7|07|||8|55.3|160|||2||||||||||||52UZPE01152001T48MT02EBS001H029652UZPE01152001T48MT02EBS001H0296F0296|52UZPE01152001T48MT02EBS001H029652UZPE01152001T48MT02EBS001H0296F0296CC1085255574
3|1372|RONAL|ANDRES|ORDONEZ|BURBANO|CC|1085247410|1986-07-03|1|2|2|5169|3|2||7|07|||8|10.5|165|||2||||||||||||52UZPE01152001T48MT02EBS001H029652UZPE01152001T48MT02EBS001H0296F0296|52UZPE01152001T48MT02EBS001H029652UZPE01152001T48MT02EBS001H0296F0296CC1085247410
3|1373|RONAL|ANDRES|ORDONEZ|BURBANO|CC|1085247510|1986-07-03|1|2|2|5169|3|2||7|07|||8|10.5|165|||2||||||||||||52UZPE01152001T48MT02EBS001H029652UZPE01152001T48MT02EBS001H0296F0296|52UZPE01152001T48MT02EBS001H029652UZPE01152001T48MT02EBS001H0296F0296CC1085247510
3|1374|ANDRES|SEBASTIAN|ORDONEZ|GUERRERO|CC|1080045887|2006-12-03|1|2|3|9998|8|1||7|07|||8|57.0|167|||2||||||||||||52UZPE01152001T48MT02EBS001H029652UZPE01152001T48MT02EBS001H0296F0296|52UZPE01152001T48MT02EBS001H029652UZPE01152001T48MT02EBS001H0296F0296CC1080045887
3|1375|DANIEL|FELIPE|BURBANO|ESPANA|CC|1004537757|1998-10-30|1|2|3|9998|3|1||7|07|||8|69.0|172|||2||||||||||||52UZPE01152001T48MT02EBS001H029752UZPE01152001T48MT02EBS001H0297F0297|52UZPE01152001T48MT02EBS001H029752UZPE01152001T48MT02EBS001H0297F0297CC1004537757
3|1376|ALCIRA|MIREYA|ESPANA|NARVAEZ|CC|36758275|1979-05-20|2|2|1|5169|7|2||7|07|||8|57.0|153|||2||||||||||||52UZPE01152001T48MT02EBS001H029752UZPE01152001T48MT02EBS001H0297F0297|52UZPE01152001T48MT02EBS001H029752UZPE01152001T48MT02EBS001H0297F0297CC36758275
3|1377|CAMILO|FRANCISCO|ERAZO|TAPIA|CC|1004236055|2002-02-03|1|2|3|9998|9|5||7|07|||8|72.0|179|||2||||||||||||52UZPE01152001T48MT02EBS001H029852UZPE01152001T48MT02EBS001H0298F0298|52UZPE01152001T48MT02EBS001H029852UZPE01152001T48MT02EBS001H0298F0298CC1004236055
3|1378|OLGA|LUCIA|TAPIA|ZAMBRANO|CC|59818131|1971-08-10|2|2|2|5169|3|2||7|07|||8|68.0|165|||2||||||||||||52UZPE01152001T48MT02EBS001H029852UZPE01152001T48MT02EBS001H0298F0298|52UZPE01152001T48MT02EBS001H029852UZPE01152001T48MT02EBS001H0298F0298CC59818131
3|1379|FRANCISCO|JAVIER|ERAZO|MARTINEZ|CC|12958856|1952-03-10|1|2|2|9998|7|5||3|07|||8|72.0|167|||2||||||||||||52UZPE01152001T48MT02EBS001H029852UZPE01152001T48MT02EBS001H0298F0298|52UZPE01152001T48MT02EBS001H029852UZPE01152001T48MT02EBS001H0298F0298CC12958856
3|1380|MARIANGEL|NOTIENE|SANTACRUZ|MURCIA|TI|1083013796|2018-05-20|2|2|3|9998|3|2||8|07|||8|21.0|95|||2||||||||||||52UZPE01152001T48MT02EBS001H029952UZPE01152001T48MT02EBS001H0299F0299|52UZPE01152001T48MT02EBS001H029952UZPE01152001T48MT02EBS001H0299F0299TI1083013796
3|1381|JULY|ANDREA|MURCIA|PINILLA|CC|1082860967|1987-06-03|2|2|2|9998|8|2||7|07|||8|59.0|152|||2||||||||||||52UZPE01152001T48MT02EBS001H029952UZPE01152001T48MT02EBS001H0299F0299|52UZPE01152001T48MT02EBS001H029952UZPE01152001T48MT02EBS001H0299F0299CC1082860967
3|1382|JESUS|ANDRES|SANTACRUZ|MARTINEZ|CC|87060155|1985-11-01|1|2|2|5169|9|2||7|07|||8|68.0|170|||2||||||||||||52UZPE01152001T48MT02EBS001H029952UZPE01152001T48MT02EBS001H0299F0299|52UZPE01152001T48MT02EBS001H029952UZPE01152001T48MT02EBS001H0299F0299CC87060155
3|1383|MATTHEW|MICHAEL|VILLEGAS|MURCIA|TI|10829852347|2010-04-16|1|2|3|9998|3|1||1|07|||8|67.0|172|||2||||||||||||52UZPE01152001T48MT02EBS001H029952UZPE01152001T48MT02EBS001H0299F0299|52UZPE01152001T48MT02EBS001H029952UZPE01152001T48MT02EBS001H0299F0299TI10829852347
3|1384|LUZ|MARINA|CHAMORRO|GOMEZ|CC|27474426|1959-09-26|2|2|1|5169|3|1||3|07|||8|60.0|155|||2||||||||||||52UZPE01152001T48MT02EBS001H030052UZPE01152001T48MT02EBS001H0300F0300|52UZPE01152001T48MT02EBS001H030052UZPE01152001T48MT02EBS001H0300F0300CC27474426
3|1385|CARLOS|CRISTIAN|ERAXO|CHAMORRO|CC|1087068678|1985-04-07|1|2|3|5169|7|2||7|07|||8|75.0|170|||2||||||||||||52UZPE01152001T48MT02EBS001H030052UZPE01152001T48MT02EBS001H0300F0300|52UZPE01152001T48MT02EBS001H030052UZPE01152001T48MT02EBS001H0300F0300CC1087068678
3|1386|VALERY|DANIELA|TOSERO|AGUIRRE|CC|10123328544|1993-03-29|2|2|3|9510|2|1||7|07|||8|81.0|173|||2||||||||||||52UZPE01152001T48MT02EBS001H030152UZPE01152001T48MT02EBS001H0301F0301|52UZPE01152001T48MT02EBS001H030152UZPE01152001T48MT02EBS001H0301F0301CC10123328544
3|1387|VALERY|DANIELA|ROSERO|AGUIRE|CC|101233328544|1993-03-29|2|2|3|9622|2|1||7|07|||8|80.0|173|||2||||||||||||52UZPE01152001T48MT02EBS001H030152UZPE01152001T48MT02EBS001H0301F0301|52UZPE01152001T48MT02EBS001H030152UZPE01152001T48MT02EBS001H0301F0301CC101233328544
3|1388|MARIA|NONE|GARCIA|MUNOZ|CC|1017150746|1986-08-02|2|2|2|9998|3|1||7|07|||8|79.0|155|||2||||||||||||52UZPE01152001T48MT02EBS001H030252UZPE01152001T48MT02EBS001H0302F0302|52UZPE01152001T48MT02EBS001H030252UZPE01152001T48MT02EBS001H0302F0302CC1017150746
3|1389|JAVIER|NONE|BOLANOS|ROSERO|CC|12985094|1965-08-03|1|2|1|5169|3|2||7|07|||8|67.0|170|||2||||||||||||52UZPE01152001T48MT02EBS001H030252UZPE01152001T48MT02EBS001H0302F0302|52UZPE01152001T48MT02EBS001H030252UZPE01152001T48MT02EBS001H0302F0302CC12985094
3|1390|SANURLY|NONE|BOLANOS|GARCIA|TI|1020313749|2012-11-12|1|2|3|9998|3|1||1|07|||8|50.0|145|||2||||||||||||52UZPE01152001T48MT02EBS001H030252UZPE01152001T48MT02EBS001H0302F0302|52UZPE01152001T48MT02EBS001H030252UZPE01152001T48MT02EBS001H0302F0302TI1020313749
3|1391|YEIMY|STEFANY|RODRIGUEZ|GRACIAS|CC|100463568|1999-05-29|2|2|3|5169|9|1||7|07|||8|67.0|162|||2||||||||||||52UZPE01152001T48MT02EBS001H030452UZPE01152001T48MT02EBS001H0304F0304|52UZPE01152001T48MT02EBS001H030452UZPE01152001T48MT02EBS001H0304F0304CC100463568
3|1392|ANGELA|DANIELA|RAMIREZ|SANTACRUZ|CC|1080045867|2000-12-10|2|2|2|5169|8|2||7|07|||8|68.0|156|||2||||||||||||52UZPE01152001T48MT02EBS001H030552UZPE01152001T48MT02EBS001H0305F0305|52UZPE01152001T48MT02EBS001H030552UZPE01152001T48MT02EBS001H0305F0305CC1080045867
3|1393|LUZ|DELCARMEN|MONTEZUMA|NAVARRETE|CC|27432668|1971-04-10|2|2|1|9998|3|1||7|07|||8|50.0|147|||2||||||||||||52UZPE01152001T48MT02EBS001H030652UZPE01152001T48MT02EBS001H0306F0306|52UZPE01152001T48MT02EBS001H030652UZPE01152001T48MT02EBS001H0306F0306CC27432668
3|1394|ANA|MATIA|GUTIERREZ|JIMENEZ|CC|1080548014|2003-12-03|2|2|3|9510|7|1||7|07|||8|56.0|152|||2||||||||||||52UZPE01152001T48MT02EBS001H030752UZPE01152001T48MT02EBS001H0307F0307|52UZPE01152001T48MT02EBS001H030752UZPE01152001T48MT02EBS001H0307F0307CC1080548014
3|1395|DIANA|PATRICIA|JIMENEZ|LOPEZ|CC|28540995|1983-10-11|2|2|1|9510|3|2||7|07|||8|80.0|155|||2||||||||||||52UZPE01152001T48MT02EBS001H030752UZPE01152001T48MT02EBS001H0307F0307|52UZPE01152001T48MT02EBS001H030752UZPE01152001T48MT02EBS001H0307F0307CC28540995
3|1396|ELMA|LUCILA|DELGADO|RIVADENEIRA|CC|59813535|1969-11-01|2|2|2|9998|3|1||7|07|||8|74.0|157|||2||||||||||||52UZPE01152001T48MT02EBS001H030852UZPE01152001T48MT02EBS001H0308F0308|52UZPE01152001T48MT02EBS001H030852UZPE01152001T48MT02EBS001H0308F0308CC59813535
3|1397|DANIEL|ALEXANDER|CABRERA|DELGADO|CC|1004509229|2003-06-06|1|2|3|9998|9|1||7|07|||8|66.0|170|||2||||||||||||52UZPE01152001T48MT02EBS001H030852UZPE01152001T48MT02EBS001H0308F0308|52UZPE01152001T48MT02EBS001H030852UZPE01152001T48MT02EBS001H0308F0308CC1004509229
3|1398|ANGY|DANIELA|CABRERA|DELGADO|CC|1004133626|2000-11-06|2|2|3|9998|8|1||7|07|||8|75.0|163|||2||||||||||||52UZPE01152001T48MT02EBS001H030852UZPE01152001T48MT02EBS001H0308F0308|52UZPE01152001T48MT02EBS001H030852UZPE01152001T48MT02EBS001H0308F0308CC1004133626
3|1399|PABLO|EMILIO|CABRERA|NAVARRO|CC|98232469|1953-09-09|1|2|1|9998|3|1||3|07|||8|72.0|163|||2||||||||||||52UZPE01152001T48MT02EBS001H030852UZPE01152001T48MT02EBS001H0308F0308|52UZPE01152001T48MT02EBS001H030852UZPE01152001T48MT02EBS001H0308F0308CC98232469
3|1400|JHON|FREDY|BRAVO|REBELO|CC|87217897|1984-06-13|1|2|6|9510|3|1||7|07|||8|54.0|158|||2||||||||||||52UZPE01152001T48MT02EBS001H030952UZPE01152001T48MT02EBS001H0309F0309|52UZPE01152001T48MT02EBS001H030952UZPE01152001T48MT02EBS001H0309F0309CC87217897
3|1401|LORENA|FERNANDA|TOSERO|PORTILLA|CC|1085264339|1988-05-04|2|2|2|5169|9|2||7|07|||8|64.0|159|||2||||||||||||52UZPE01152001T48MT02EBS001H031052UZPE01152001T48MT02EBS001H0310F0310|52UZPE01152001T48MT02EBS001H031052UZPE01152001T48MT02EBS001H0310F0310CC1085264339
3|1402|JAVIER|HORACIO|GONZALEZ|CORTES|CC|98398894|1977-03-26|1|2|2|5169|9|2||7|07|||8|67.0|163|||2||||||||||||52UZPE01152001T48MT02EBS001H031052UZPE01152001T48MT02EBS001H0310F0310|52UZPE01152001T48MT02EBS001H031052UZPE01152001T48MT02EBS001H0310F0310CC98398894
3|1403|CARLA|SOFIA|GONZALEZ|ROSERO|RC|1081288634|2022-05-19|2|2|3|9998|3|2||8|07|||8|||||2||||||||||||52UZPE01152001T48MT02EBS001H031052UZPE01152001T48MT02EBS001H0310F0310|52UZPE01152001T48MT02EBS001H031052UZPE01152001T48MT02EBS001H0310F0310RC1081288634
3|1404|JAVIER|SANTIAGO|GONZALEZ|ROSERO|TI|10811285279|2015-09-26|1|2|3|9998|3|2||8|07|||8|42.0|139|||2||||||||||||52UZPE01152001T48MT02EBS001H031052UZPE01152001T48MT02EBS001H0310F0310|52UZPE01152001T48MT02EBS001H031052UZPE01152001T48MT02EBS001H0310F0310TI10811285279
3|1405|ANA|LUCIA|GUERRERO|CORDOBA|CC|1081250657|1986-07-13|2|2|2|5169|9|2||7|07|||8|60.0|162|||2||||||||||||52UZPE01152001T48MT02EBS001H031152UZPE01152001T48MT02EBS001H0311F0311|52UZPE01152001T48MT02EBS001H031152UZPE01152001T48MT02EBS001H0311F0311CC1081250657
3|1406|ALVARO|ANDRES|MUTIS|PADILLA|CC|87068603|1985-03-08|1|2|2|5169|9|2||7|07|||8|80.0|180|||2||||||||||||52UZPE01152001T48MT02EBS001H031152UZPE01152001T48MT02EBS001H0311F0311|52UZPE01152001T48MT02EBS001H031152UZPE01152001T48MT02EBS001H0311F0311CC87068603
3|1407|JESUS|EDUARDO|BUCHELI|RIVAS|CC|12984094|1961-01-16|1|2|1|9510|3|2||3|07|||8|63.0|166|||2||||||||||||52UZPE01152001T48MT02EBS001H031252UZPE01152001T48MT02EBS001H0312F0312|52UZPE01152001T48MT02EBS001H031252UZPE01152001T48MT02EBS001H0312F0312CC12984094
3|1408|EMILY|BRISVANY|MONPOTES|PANTOJA|CC|1085321235|1995-05-06|2|2|3|9998|9|1||7|07|||8|60.0|152|||2||||||||||||52UZPE01152001T48MT02EBS001H031352UZPE01152001T48MT02EBS001H0313F0313|52UZPE01152001T48MT02EBS001H031352UZPE01152001T48MT02EBS001H0313F0313CC1085321235
3|1409|BRIYIT|LORENA|DIAZ|MOMPOTES|CC|1081272663|2004-02-16|2|2|3|9998|9|1||7|07|||8|50.0|160|||2||||||||||||52UZPE01152001T48MT02EBS001H031352UZPE01152001T48MT02EBS001H0313F0313|52UZPE01152001T48MT02EBS001H031352UZPE01152001T48MT02EBS001H0313F0313CC1081272663
3|1410|ROSA|NIDIA|MONPOTES|PANTOJA|CC|36382927|1973-01-20|2|2|1|9510|3|1||7|07|||8|60.0|149|||2||||||||||||52UZPE01152001T48MT02EBS001H031352UZPE01152001T48MT02EBS001H0313F0313|52UZPE01152001T48MT02EBS001H031352UZPE01152001T48MT02EBS001H0313F0313CC36382927
3|1411|CAMILO|ANDRES|CALDERON|ENRIQUEZ|CC|87068379|1985-02-23|1|2|5|9510|3|1||7|07|||8|65.0|160|||2||||||||||||52UZPE01152001T48MT02EBS001H031852UZPE01152001T48MT02EBS001H0318F0318|52UZPE01152001T48MT02EBS001H031852UZPE01152001T48MT02EBS001H0318F0318CC87068379
3|1412|SEBASTIAN|CAMILO|CALDERON|NOAPLICA|TI|1085287715|2009-04-12|1|2|3|9998|3|1||1|07|||8|64.0|166|||2||||||||||||52UZPE01152001T48MT02EBS001H031852UZPE01152001T48MT02EBS001H0318F0318|52UZPE01152001T48MT02EBS001H031852UZPE01152001T48MT02EBS001H0318F0318TI1085287715
3|1413|DIEGO|ANDRES|PANTOJA|GUERRERO|CC|1085281796|1990-03-08|1|2|3|9510|2|1||7|07|||8|65.0|176|||2||||||||||||52UZPE01152001T48MT02EBS001H031952UZPE01152001T48MT02EBS001H0319F0319|52UZPE01152001T48MT02EBS001H031952UZPE01152001T48MT02EBS001H0319F0319CC1085281796
3|1414|ARGENIS|DELSOCORRO|GUERRERO|PALACIOS|CC|30735428|1966-01-06|2|2|5|9998|2|1||7|07|||8|60.0|152|||2||||||||||||52UZPE01152001T48MT02EBS001H031952UZPE01152001T48MT02EBS001H0319F0319|52UZPE01152001T48MT02EBS001H031952UZPE01152001T48MT02EBS001H0319F0319CC30735428
3|1415|ANA|GABRIELA|MAYA|PANTOJA|TI|1080801914|2015-11-25|2|2|3|9998|3|2||8|07|||8|20.0|125|||2||||||||||||52UZPE01152001T48MT02EBS001H032052UZPE01152001T48MT02EBS001H0320F0320|52UZPE01152001T48MT02EBS001H032052UZPE01152001T48MT02EBS001H0320F0320TI1080801914
3|1416|MARCELA|YAMILE|PANTOJA|GUERRERO|CC|1085271371|1989-01-29|2|2|5|5169|8|2||7|07|||8|65.0|160|||2||||||||||||52UZPE01152001T48MT02EBS001H032052UZPE01152001T48MT02EBS001H0320F0320|52UZPE01152001T48MT02EBS001H032052UZPE01152001T48MT02EBS001H0320F0320CC1085271371
3|1417|DIANA|FERNANDA|ALVAN|MORA|CC|1085344856|1999-04-13|2|2|5|9998|3|1||7|07|||8|60.0|152|||2||||||||||||52UZPE01152001T48MT02EBS001H032152UZPE01152001T48MT02EBS001H0321F0321|52UZPE01152001T48MT02EBS001H032152UZPE01152001T48MT02EBS001H0321F0321CC1085344856
3|1418|ANGEL|DAVID|DAZA|ALVAN|RC|1080706728|2019-07-14|1|2|3|9998|3|1||8|07|||8|25.0|110|||2||||||||||||52UZPE01152001T48MT02EBS001H032152UZPE01152001T48MT02EBS001H0321F0321|52UZPE01152001T48MT02EBS001H032152UZPE01152001T48MT02EBS001H0321F0321RC1080706728
3|1419|JOSE|MARIA|MIRAMAG|CHAPAL|CC|5354216|1963-05-30|1|2|2|9510|3|1||3|07|||8|65.0|160|||2||||||||||||52UZPE01152001T48MT02EBS001H032252UZPE01152001T48MT02EBS001H0322F0322|52UZPE01152001T48MT02EBS001H032252UZPE01152001T48MT02EBS001H0322F0322CC5354216
3|1420|MANUEL|JESUS|POTOSI|RIVERA|CC|5352532|1935-12-10|1|2|5|9998|2|1||3|07|||8|57.0|160|||2||||||||||||52UZPE01152001T48MT02EBS001H032252UZPE01152001T48MT02EBS001H0322F0322|52UZPE01152001T48MT02EBS001H032252UZPE01152001T48MT02EBS001H0322F0322CC5352532
3|1421|AURA|MARIA|POTOSI|ORTEGA|CC|27486507|1958-04-16|2|2|2|9998|2|1||3|07|||8|58.0|147|||2||||||||||||52UZPE01152001T48MT02EBS001H032252UZPE01152001T48MT02EBS001H0322F0322|52UZPE01152001T48MT02EBS001H032252UZPE01152001T48MT02EBS001H0322F0322CC27486507
3|1422|MARIO|ARTURO|ERAZO|PABON|CC|12990311|1967-03-03|1|2|2|9510|3|1||7|07|||8|60.0|170|||2||||||||||||52UZPE01152001T48MT02EBS001H032352UZPE01152001T48MT02EBS001H0323F0323|52UZPE01152001T48MT02EBS001H032352UZPE01152001T48MT02EBS001H0323F0323CC12990311
3|1423|CAMILO|ESTEBAN|ERAZO|ERASO|CC|100419324|2002-10-21|1|2|3|9998|9|5||7|07|||8|53.0|162|||2||||||||||||52UZPE01152001T48MT02EBS001H032352UZPE01152001T48MT02EBS001H0323F0323|52UZPE01152001T48MT02EBS001H032352UZPE01152001T48MT02EBS001H0323F0323CC100419324
3|1424|FELIPE|ALEJANDRO|ERAZO|ERASO|CC|1138525422|2007-05-28|1|2|3|9998|9|2||7|07|||8|68.0|171|||2||||||||||||52UZPE01152001T48MT02EBS001H032352UZPE01152001T48MT02EBS001H0323F0323|52UZPE01152001T48MT02EBS001H032352UZPE01152001T48MT02EBS001H0323F0323CC1138525422
3|1425|PATRICIA|LILIANA|ERASO|BASATE|CC|30744675|1969-10-08|2|2|2|5169|9|5||7|07|||8|54.0|153|||2||||||||||||52UZPE01152001T48MT02EBS001H032352UZPE01152001T48MT02EBS001H0323F0323|52UZPE01152001T48MT02EBS001H032352UZPE01152001T48MT02EBS001H0323F0323CC30744675
3|1426|MARIA|EUGENIA|BRAVO|GARCIA|CC|30727083|1956-03-28|2|2|1|9998|2|2||3|07|||8|65.0|150|||2||||||||||||52UZPE01152001T48MT02EBS001H032452UZPE01152001T48MT02EBS001H0324F0324|52UZPE01152001T48MT02EBS001H032452UZPE01152001T48MT02EBS001H0324F0324CC30727083
3|1427|HERNAN|FELIPE|GUEVARRA|BURBANO|CC|1085320224|1995-04-26|1|2|2|5169|9|2||7|07|||8|62.0|170|||2||||||||||||52UZPE01152001T48MT02EBS001H032552UZPE01152001T48MT02EBS001H0325F0325|52UZPE01152001T48MT02EBS001H032552UZPE01152001T48MT02EBS001H0325F0325CC1085320224
3|1428|MARINA|NOTIENE|SIERRA|BERMUDES|CC|1090494933|1996-03-13|2|2|2|5169|9|2||7|07|||8|70.0|170|||2||||||||||||52UZPE01152001T48MT02EBS001H032552UZPE01152001T48MT02EBS001H0325F0325|52UZPE01152001T48MT02EBS001H032552UZPE01152001T48MT02EBS001H0325F0325CC1090494933
3|1429|FLOR|ALBA|PANTOJA|CALVACHE|CC|30743386|1968-01-08|2|2|5|9998|3|1||7|07|||8|56.0|156|||2||||||||||||52UZPE01152001T48MT02EBS001H032652UZPE01152001T48MT02EBS001H0326F0326|52UZPE01152001T48MT02EBS001H032652UZPE01152001T48MT02EBS001H0326F0326CC30743386
3|1430|JHON|JAIRO|GOMEZ|PANTOJA|CC|1193135938|2001-05-12|1|2|3|9998|9|1||7|07|||8|81.0|181|||2||||||||||||52UZPE01152001T48MT02EBS001H032652UZPE01152001T48MT02EBS001H0326F0326|52UZPE01152001T48MT02EBS001H032652UZPE01152001T48MT02EBS001H0326F0326CC1193135938
3|1431|DIEGO|IVAN|ARIAS|CALDERON|CC|1085634840|1989-05-02|1|2|1|5169|3|1||7|07|||8|78.0|177|||2||||||||||||52UZPE01152001T48MT02EBS001H032852UZPE01152001T48MT02EBS001H0328F0328|52UZPE01152001T48MT02EBS001H032852UZPE01152001T48MT02EBS001H0328F0328CC1085634840
3|1432|YAILINNE|VANESSA|SALAS|RUALES|CC|1085347906|1999-12-29|2|2|2|5169|3|2||7|07|||8|67.0|161|||2||||||||||||52UZPE01152001T48MT02EBS001H032852UZPE01152001T48MT02EBS001H0328F0328|52UZPE01152001T48MT02EBS001H032852UZPE01152001T48MT02EBS001H0328F0328CC1085347906
3|1433|VALERI|SALOME|ARIAS|SALAS|RC|1080069457|2019-04-05|2|2|3|9998|3|2||8|07|||8|30.0|121|||2||||||||||||52UZPE01152001T48MT02EBS001H032852UZPE01152001T48MT02EBS001H0328F0328|52UZPE01152001T48MT02EBS001H032852UZPE01152001T48MT02EBS001H0328F0328RC1080069457
3|1434|CAMILA|FERNANDA|ARAUJO|DOMINGUEZ|CC|1089848059|1998-05-14|2|2|4|9998|9|2||7|07|||8|56.0|152|||2||||||||||||52UZPE01152001T48MT02EBS001H032952UZPE01152001T48MT02EBS001H0329F0329|52UZPE01152001T48MT02EBS001H032952UZPE01152001T48MT02EBS001H0329F0329CC1089848059
3|1435|DIOMAR|JESUS|BRAVO|DOMINGUEZ|CC|1004771551|2000-04-23|1|2|4|9998|9|2||7|07|||8|63.0|170|||2||||||||||||52UZPE01152001T48MT02EBS001H032952UZPE01152001T48MT02EBS001H0329F0329|52UZPE01152001T48MT02EBS001H032952UZPE01152001T48MT02EBS001H0329F0329CC1004771551
3|1436|NELLY|DELROSARIO|UNIGARRO|GARZON|CC|59795818|1974-03-09|2|2|1|9510|3|1||7|07|||8|62.0|152|||2||||||||||||52UZPE01152001T48MT02EBS001H033152UZPE01152001T48MT02EBS001H0331F0331|52UZPE01152001T48MT02EBS001H033152UZPE01152001T48MT02EBS001H0331F0331CC59795818
3|1437|FELICITA|NONE|SANTACRUZ|ORTIZ|CC|30707216|1947-12-11|2|2|4|9998|2|1||3|07|||8|57.0|150|||2||||||||||||52UZPE01152001T48MT02EBS001H033252UZPE01152001T48MT02EBS001H0332F0332|52UZPE01152001T48MT02EBS001H033252UZPE01152001T48MT02EBS001H0332F0332CC30707216
3|1438|MARIA|DELCARMEN|CARLOSAMA|NOAP|CC|30703542|1947-12-31|2|2|1|9998|2|2||3|07|||8|55.0|145|||2||||||||||||52UZPE01152001T48MT02EBS001H033452UZPE01152001T48MT02EBS001H0334F0334|52UZPE01152001T48MT02EBS001H033452UZPE01152001T48MT02EBS001H0334F0334CC30703542
3|1439|ALICIA|ISABEL|DAZA|CANCHALA|CC|51695431|1957-09-04|2|2|5|9998|2|2||3|07|||8|65.0|154|||2||||||||||||52UZPE01152001T48MT02EBS001H033552UZPE01152001T48MT02EBS001H0335F0335|52UZPE01152001T48MT02EBS001H033552UZPE01152001T48MT02EBS001H0335F0335CC51695431
3|1440|SANDRA|PATRICIA|DAZA|CARLOSAMA|CC|59832909|1976-06-16|2|2|3|9998|3|1||7|07|||8|78.0|160|||2||||||||||||52UZPE01152001T48MT02EBS001H033552UZPE01152001T48MT02EBS001H0335F0335|52UZPE01152001T48MT02EBS001H033552UZPE01152001T48MT02EBS001H0335F0335CC59832909
3|1441|SARA|VALENTINA|RODRIGUEZ|CORDOBA|TI|1081057616|2010-01-25|2|2|3|9998|3|1||1|07|||8|47.0|150|||2||||||||||||52UZPE01152001T48MT02EBS001H033552UZPE01152001T48MT02EBS001H0335F0335|52UZPE01152001T48MT02EBS001H033552UZPE01152001T48MT02EBS001H0335F0335TI1081057616
3|1442|VICENTE|VICENTE|ORTEGA|PANTOJA|CC|98379071|1970-01-28|1|2|1|5169|3|2||7|07|||8|78.0|170|||2||||||||||||52UZPE01152001T48MT02EBS001H033652UZPE01152001T48MT02EBS001H0336F0336|52UZPE01152001T48MT02EBS001H033652UZPE01152001T48MT02EBS001H0336F0336CC98379071
3|1443|MARIA|DELCARMEN|MORALES|MORALES|CC|30730762|1957-08-23|2|2|1|9510|2|1||3|07|||8|58.0|147|||2||||||||||||52UZPE01152001T48MT02EBS001H033752UZPE01152001T48MT02EBS001H0337F0337|52UZPE01152001T48MT02EBS001H033752UZPE01152001T48MT02EBS001H0337F0337CC30730762
3|1444|OSCAR|IVAN|PANTOJA|REALPE|CC|12753464|1982-06-20|1|2|1|9510|3|1||7|07|||8|17.2|78|||2||||||||||||52UZPE01152001T48MT02EBS001H033852UZPE01152001T48MT02EBS001H0338F0338|52UZPE01152001T48MT02EBS001H033852UZPE01152001T48MT02EBS001H0338F0338CC12753464
3|1445|MARIA|ALEJANDRA|PANTOJA|LIZARAZO|CC|1138524457|2005-09-14|2|2|3|9998|3|1||7|07|||8|58.0|152|||2||||||||||||52UZPE01152001T48MT02EBS001H033852UZPE01152001T48MT02EBS001H0338F0338|52UZPE01152001T48MT02EBS001H033852UZPE01152001T48MT02EBS001H0338F0338CC1138524457
3|1446|PAOLA|ALEXANDRA|GOMEZ|AGREDA|CC|1086323482|1995-09-03|2|2|2|9998|3|1||7|07|||8|62.0|160|||2||||||||||||52UZPE01152001T48MT02EBS001H033952UZPE01152001T48MT02EBS001H0339F0339|52UZPE01152001T48MT02EBS001H033952UZPE01152001T48MT02EBS001H0339F0339CC1086323482
3|1447|EMILY|CATERINE|TUCANES|GOMEZ|TI|1085317426|2012-12-08|2|2|3|9998|3|1||1|07|||8|15.4|38|||2||||||||||||52UZPE01152001T48MT02EBS001H033952UZPE01152001T48MT02EBS001H0339F0339|52UZPE01152001T48MT02EBS001H033952UZPE01152001T48MT02EBS001H0339F0339TI1085317426
3|1448|BRANDON|BRANDON|INSUASTY|DASSA|CC|1085305613|1993-06-27|1|2|1|9510|3|1||7|07|||8|70.0|165|||2||||||||||||52UZPE01152001T48MT02EBS001H033952UZPE01152001T48MT02EBS001H0339F0339|52UZPE01152001T48MT02EBS001H033952UZPE01152001T48MT02EBS001H0339F0339CC1085305613
3|1449|MARY|YOLANDA|MENESES|NOGUERA|CC|36951334|1980-08-04|2|2|2|5169|2|2||7|07|||8|14.4|44|||2||||||||||||52UZPE01152001T48MT02EBS001H034052UZPE01152001T48MT02EBS001H0340F0340|52UZPE01152001T48MT02EBS001H034052UZPE01152001T48MT02EBS001H0340F0340CC36951334
3|1450|ANDRES|DAVID|ORDONEZ|MENESES|CC|1193034396|2001-06-02|1|2|3|9510|3|1||7|07|||8|55.0|160|||2||||||||||||52UZPE01152001T48MT02EBS001H034052UZPE01152001T48MT02EBS001H0340F0340|52UZPE01152001T48MT02EBS001H034052UZPE01152001T48MT02EBS001H0340F0340CC1193034396
3|1451|INGRID|VANESSA|ORDONEZ|MENESES|CC|1080042401|2004-10-20|2|2|3|9510|3|1||7|07|||8|56.0|155|||2||||||||||||52UZPE01152001T48MT02EBS001H034052UZPE01152001T48MT02EBS001H0340F0340|52UZPE01152001T48MT02EBS001H034052UZPE01152001T48MT02EBS001H0340F0340CC1080042401
3|1452|MANUEL|JESUS|ORDONEZ|RODRIGUEZ|CC|98396344|1975-02-26|1|2|1|9998|2|1||7|07|||8|55.0|151|||2||||||||||||52UZPE01152001T48MT02EBS001H034052UZPE01152001T48MT02EBS001H0340F0340|52UZPE01152001T48MT02EBS001H034052UZPE01152001T48MT02EBS001H0340F0340CC98396344
3|1453|BRIGHIT|MERCEDES|CHAUCANEZ|JACOME|CC|1085293438|1991-11-02|2|2|2|5169|9|2||7|07|||8|70.0|161|||2||||||||||||52UZPE01152001T48MT02EBS001H034152UZPE01152001T48MT02EBS001H0341F0341|52UZPE01152001T48MT02EBS001H034152UZPE01152001T48MT02EBS001H0341F0341CC1085293438
3|1454|LISANDRO|FELIPE|MADRONERO|BENAVIDES|CC|1082265193|1990-07-28|1|2|1|5169|9|2||7|07|||8|80.0|175|||2||||||||||||52UZPE01152001T48MT02EBS001H034152UZPE01152001T48MT02EBS001H0341F0341|52UZPE01152001T48MT02EBS001H034152UZPE01152001T48MT02EBS001H0341F0341CC1082265193
3|1455|SARA|ISABELLA|MADRONERO|CHAUCANEZ|RC|10800708831|2020-06-12|2|2|3|9998|3|2||8|07|||8|||||2||||||||||||52UZPE01152001T48MT02EBS001H034152UZPE01152001T48MT02EBS001H0341F0341|52UZPE01152001T48MT02EBS001H034152UZPE01152001T48MT02EBS001H0341F0341RC10800708831
3|1456|MIGUEL|ALEGANDRO|KAHUAZANGO|NO|CC|1085269370|1988-11-22|1|2|1|5169|9|1||7|07|||8|80.0|180|||2||||||||||||52UZPE01152001T48MT02EBS001H034252UZPE01152001T48MT02EBS001H0342F0342|52UZPE01152001T48MT02EBS001H034252UZPE01152001T48MT02EBS001H0342F0342CC1085269370
3|1457|KEVIN|ALEXANDER|VELAZCO|DIAZ|CC|1081053577|2005-02-11|1|2|3|9622|3|2||7|07|||8|78.0|182|||2||||||||||||52UZPE01152001T48MT02EBS001H034352UZPE01152001T48MT02EBS001H0343F0343|52UZPE01152001T48MT02EBS001H034352UZPE01152001T48MT02EBS001H0343F0343CC1081053577
3|1458|ENRIQUE|ALEJANDRO|GOMEZ|MORENO|CC|1086926414|1999-06-18|1|2|6|5169|3|2||7|07|||8|55.0|169|||2||||||||||||52UZPE01152001T48MT02EBS001H034452UZPE01152001T48MT02EBS001H0344F0344|52UZPE01152001T48MT02EBS001H034452UZPE01152001T48MT02EBS001H0344F0344CC1086926414
3|1459|CRUZ|NO|CAICEDO|CORDOBA|CC|36997960|1960-10-14|2|2|2|9998|2|1||3|07|||8|70.0|125|||2||||||||||||52UZPE01152001T48MT02EBS001H030352UZPE01152001T48MT02EBS001H0303F0303|52UZPE01152001T48MT02EBS001H030352UZPE01152001T48MT02EBS001H0303F0303CC36997960
3|1460|LEONEL|NO|RIASCOS|NO|CC|12955553|1950-05-06|1|2|2|5169|3|2||3|07|||8|73.0|160|||2||||||||||||52UZPE01152001T48MT02EBS001H030352UZPE01152001T48MT02EBS001H0303F0303|52UZPE01152001T48MT02EBS001H030352UZPE01152001T48MT02EBS001H0303F0303CC12955553
3|1461|GLORIA|CRISITINA|RUIZ|CANTUCA|CC|59837550|1977-07-24|2|2|1|5169|3|2||7|07|||8|68.0|165|||2||||||||||||52UZPE01152001T48MT03EBS001H034552UZPE01152001T48MT03EBS001H0345F0345|52UZPE01152001T48MT03EBS001H034552UZPE01152001T48MT03EBS001H0345F0345CC59837550
3|1462|NICOLAS|NICOLAS|HORMAZA|RUIZ|CC|1004232163|2000-04-28|1|2|3|5169|8|2||7|07|||8|72.0|170|||2||||||||||||52UZPE01152001T48MT03EBS001H034552UZPE01152001T48MT03EBS001H0345F0345|52UZPE01152001T48MT03EBS001H034552UZPE01152001T48MT03EBS001H0345F0345CC1004232163
3|1463|LUIS|LUIS|HORMAZA|RUIZ|CC|1004215980|2003-03-13|1|2|3|9998|4|2||7|07|||8|65.0|176|||2||||||||||||52UZPE01152001T48MT03EBS001H034552UZPE01152001T48MT03EBS001H0345F0345|52UZPE01152001T48MT03EBS001H034552UZPE01152001T48MT03EBS001H0345F0345CC1004215980
3|1464|DARIO|FERNANDO|VILLOTA|CARLOSAMA|CC|1085312713|1994-05-13|1|2|2|9510|4|1||7|07|||8|13.3|179|||2||||||||||||52UZPE01152001T48MT03EBS001H034652UZPE01152001T48MT03EBS001H0346F0346|52UZPE01152001T48MT03EBS001H034652UZPE01152001T48MT03EBS001H0346F0346CC1085312713
3|1465|SARITA|SOFIA|ROSERO|RUALES|CC|1080690234|2004-02-16|2|2|2|9998|3|1||7|07|||8|78.0|176|||2||||||||||||52UZPE01152001T48MT03EBS001H034652UZPE01152001T48MT03EBS001H0346F0346|52UZPE01152001T48MT03EBS001H034652UZPE01152001T48MT03EBS001H0346F0346CC1080690234
3|1466|FRANCISCO|NO|OLIVO|HERNANDEZ|CC|1004625296|1975-07-29|1|2|1|5169|7|1||7|07|||8|56.0|170|||2||||||||||||52UZPE01152001T48MT02EBS001H034752UZPE01152001T48MT02EBS001H0347F0347|52UZPE01152001T48MT02EBS001H034752UZPE01152001T48MT02EBS001H0347F0347CC1004625296
3|1467|JORGE|NOLBERTO|AZAIN|PANTOJA|TI|1088799212|1995-03-10|1|2|1|9510|3|1||7|07|||8|67.0|168|||2||||||||||||52UZPE01152001T48MT02EBS001H034852UZPE01152001T48MT02EBS001H0348F0348|52UZPE01152001T48MT02EBS001H034852UZPE01152001T48MT02EBS001H0348F0348TI1088799212
3|1468|JORDAN|NO|MAYA|ZAMBRANO|CC|1085329693|1996-07-09|1|2|1|9510|3|1||7|07|||8|85.0|178|||2||||||||||||52UZPE01152001T48MT02EBS001H034952UZPE01152001T48MT02EBS001H0349F0349|52UZPE01152001T48MT02EBS001H034952UZPE01152001T48MT02EBS001H0349F0349CC1085329693
3|1469|JOSE|ENRRIQUE|PORTILLA|CAICEDO|CC|5213815|1960-10-23|1|2|1|9510|3|1||3|07|||8|72.0|163|||2||||||||||||52UZPE01152001T48MT02EBS001H035052UZPE01152001T48MT02EBS001H0350F0350|52UZPE01152001T48MT02EBS001H035052UZPE01152001T48MT02EBS001H0350F0350CC5213815
3|1470|SANTIAGO|NICOLAS|VILLOTA|CARRERA|CC|1080046182|2006-04-04|1|2|3|9998|3|1||7|07|||8|68.0|170|||2||||||||||||52UZPE01152001T48MT02EBS001H035152UZPE01152001T48MT02EBS001H0351F0351|52UZPE01152001T48MT02EBS001H035152UZPE01152001T48MT02EBS001H0351F0351CC1080046182
3|1471|MARIA|EUGENIA|CARRERA|NO|CC|59824664|1973-10-14|2|2|5|9998|3|1||7|07|||8|66.0|165|||2||||||||||||52UZPE01152001T48MT02EBS001H035152UZPE01152001T48MT02EBS001H0351F0351|52UZPE01152001T48MT02EBS001H035152UZPE01152001T48MT02EBS001H0351F0351CC59824664
3|1472|MARTHA|ALICIA|BENAVIDES|ALVAREZ|CC|27224612|1968-02-02|2|2|2|9998|3|2||7|07|||8|59.0|154|||2||||||||||||52UZPE01152001T48MT03EBS001H035252UZPE01152001T48MT03EBS001H0352F0352|52UZPE01152001T48MT03EBS001H035252UZPE01152001T48MT03EBS001H0352F0352CC27224612
3|1473|CARLOS|OMERO|CUASPA|ORMAZA|CC|529406|1968-09-14|1|2|2|5169|3|2||7|07|||8|75.0|160|||2||||||||||||52UZPE01152001T48MT03EBS001H035252UZPE01152001T48MT03EBS001H0352F0352|52UZPE01152001T48MT03EBS001H035252UZPE01152001T48MT03EBS001H0352F0352CC529406
3|1474|JUAN|DAVID|ESCOBAR|HURTADO|TI|1081284740|2015-01-15|1|2|3|9998|3|2||8|07|||8|40.0|143|||2||||||||||||52UZPE01152001T48MT03EBS001H035352UZPE01152001T48MT03EBS001H0353F0353|52UZPE01152001T48MT03EBS001H035352UZPE01152001T48MT03EBS001H0353F0353TI1081284740
3|1475|MARIA|CSMILA|HURTADO|CARATA|CC|1085324405|1995-11-04|2|2|2|5169|7|2||7|07|||8|93.0|160|||2||||||||||||52UZPE01152001T48MT03EBS001H035352UZPE01152001T48MT03EBS001H0353F0353|52UZPE01152001T48MT03EBS001H035352UZPE01152001T48MT03EBS001H0353F0353CC1085324405
3|1476|EDUAR|ARMANDO|RIOBAMBA|ROSERO|CC|1085259726|1987-07-22|1|2|2|5169|3|2||7|07|||8|72.0|170|||2||||||||||||52UZPE01152001T48MT03EBS001H035352UZPE01152001T48MT03EBS001H0353F0353|52UZPE01152001T48MT03EBS001H035352UZPE01152001T48MT03EBS001H0353F0353CC1085259726
3|1477|ISSAIAS|NOTIENE|RIOBAMBA|HURTADO|RC|1086141093|2021-01-20|1|2|3|9998|3|2||8|07|||8|||||2||||||||||||52UZPE01152001T48MT03EBS001H035352UZPE01152001T48MT03EBS001H0353F0353|52UZPE01152001T48MT03EBS001H035352UZPE01152001T48MT03EBS001H0353F0353RC1086141093
3|1478|MARIA|DELCARMEN|ROSERO|DEGUACAS|CC|27079786|1947-05-02|2|2|1|9998|3|1||3|07|||8|54.0|145|||2||||||||||||52UZPE01152001T48MT03EBS001H035452UZPE01152001T48MT03EBS001H0354F0354|52UZPE01152001T48MT03EBS001H035452UZPE01152001T48MT03EBS001H0354F0354CC27079786
3|1479|DAIRA|SONIA|AREVALO|MISNAZA|CC|307322684|1964-10-14|2|2|2|9998|3|2||3|07|||8|82.0|160|||2||||||||||||52UZPE01152001T48MT03EBS001H035552UZPE01152001T48MT03EBS001H0355F0355|52UZPE01152001T48MT03EBS001H035552UZPE01152001T48MT03EBS001H0355F0355CC307322684
3|1480|JOSE|RAFAEL|LAZO|HUERFANO|CC|12978876|1962-12-25|1|2|2|9999|3|2||3|07|||8|73.0|165|||2||||||||||||52UZPE01152001T48MT03EBS001H035552UZPE01152001T48MT03EBS001H0355F0355|52UZPE01152001T48MT03EBS001H035552UZPE01152001T48MT03EBS001H0355F0355CC12978876
3|1481|WILLIAM|ALEJANDRO|MONTENEGRO|BURGOS|CC|1004216549|2002-03-27|1|2|3|9510|3|1||7|07|||8|70.0|178|||2||||||||||||52UZPE01152001T48MT03EBS001H035652UZPE01152001T48MT03EBS001H0356F0356|52UZPE01152001T48MT03EBS001H035652UZPE01152001T48MT03EBS001H0356F0356CC1004216549
3|1482|WILLIAM|NOTIENE|MONTENEGRO|NOTIENE|CC|12992294|1966-02-17|1|2|2|9510|3|1||7|07|||8|70.0|163|||2||||||||||||52UZPE01152001T48MT03EBS001H035652UZPE01152001T48MT03EBS001H0356F0356|52UZPE01152001T48MT03EBS001H035652UZPE01152001T48MT03EBS001H0356F0356CC12992294
3|1483|DANDRA|MATIA|BURGOS|CHAVEZ|CC|36756416|1977-04-29|2|2|2|9998|3|1||7|07|||8|60.0|150|||2||||||||||||52UZPE01152001T48MT03EBS001H035652UZPE01152001T48MT03EBS001H0356F0356|52UZPE01152001T48MT03EBS001H035652UZPE01152001T48MT03EBS001H0356F0356CC36756416
3|1484|JORGE|ORLANDO|FIGUEROA|NARVAEZ|CC|10000972|1977-01-05|1|2|2|5169|9|2||7|07|||8|95.0|171|||2||||||||||||52UZPE01152001T48MT03EBS001H035752UZPE01152001T48MT03EBS001H0357F0357|52UZPE01152001T48MT03EBS001H035752UZPE01152001T48MT03EBS001H0357F0357CC10000972
3|1485|MERCEDES|FERNANDA|JOJOA|RUIZ|CC|37080823|1981-11-28|2|2|2|5169|9|2||7|07|||8|65.0|162|||2||||||||||||52UZPE01152001T48MT03EBS001H035752UZPE01152001T48MT03EBS001H0357F0357|52UZPE01152001T48MT03EBS001H035752UZPE01152001T48MT03EBS001H0357F0357CC37080823
3|1486|JAIRO|ALEXANDER|MORA|GRANJA|CC|1085266884|1984-01-15|1|2|3|5169|3|2||7|07|||8|98.0|180|||2||||||||||||52UZPE01152001T48MT03EBS001H035852UZPE01152001T48MT03EBS001H0358F0358|52UZPE01152001T48MT03EBS001H035852UZPE01152001T48MT03EBS001H0358F0358CC1085266884
3|1487|LUCIA|INES|GRANJA|NOTIENE|CC|30728029|1960-01-06|2|2|5|9998|3|2||3|07|||8|60.0|165|||2||||||||||||52UZPE01152001T48MT03EBS001H035852UZPE01152001T48MT03EBS001H0358F0358|52UZPE01152001T48MT03EBS001H035852UZPE01152001T48MT03EBS001H0358F0358CC30728029
3|1488|CECILIA|DELSOCORRO|GRANJA|ORTIZ|CC|27060637|1939-02-10|2|2|1|9998|3|2||3|07|||8|60.0|160|||2||||||||||||52UZPE01152001T48MT03EBS001H035852UZPE01152001T48MT03EBS001H0358F0358|52UZPE01152001T48MT03EBS001H035852UZPE01152001T48MT03EBS001H0358F0358CC27060637
3|1489|EDUARD|ADRIAN|BOTINA|DAVID|CC|1004743151|2002-08-07|1|2|2|9510|3|1||7|07|||8|62.0|154|||2||||||||||||52UZPE01152001T48MT03EBS001H035952UZPE01152001T48MT03EBS001H0359F0359|52UZPE01152001T48MT03EBS001H035952UZPE01152001T48MT03EBS001H0359F0359CC1004743151
3|1490|WENDY|VANESSA|BOTINA|ZUNIGA|CC|1002807565|2003-01-19|2|2|2|5169|3|1||7|07|||8|62.0|154|||2||||||||||||52UZPE01152001T48MT03EBS001H035952UZPE01152001T48MT03EBS001H0359F0359|52UZPE01152001T48MT03EBS001H035952UZPE01152001T48MT03EBS001H0359F0359CC1002807565
3|1491|LESLY|ANABEL|ORTIZ|ORDONEZ|CC|119345560|1999-09-21|2|2|1|5169|9|2||7|07|||8|58.0|157|||2||||||||||||52UZPE01152001T48MT03EBS001H036052UZPE01152001T48MT03EBS001H0360F0360|52UZPE01152001T48MT03EBS001H036052UZPE01152001T48MT03EBS001H0360F0360CC119345560
3|1492|YULI|MILADYS|RIOS|ARTEAGA|CC|1088735510|1992-10-26|2|2|2|5169|3|2||7|07|||8|70.0|162|||2||||||||||||52UZPE01152001T48MT03EBS001H036152UZPE01152001T48MT03EBS001H0361F0361|52UZPE01152001T48MT03EBS001H036152UZPE01152001T48MT03EBS001H0361F0361CC1088735510
3|1493|WILMER|DANIEL|CHAMORRO|ORTEGA|CC|1088733795|1990-09-16|1|2|2|5169|3|2||7|07|||8|78.0|180|||2||||||||||||52UZPE01152001T48MT03EBS001H036152UZPE01152001T48MT03EBS001H0361F0361|52UZPE01152001T48MT03EBS001H036152UZPE01152001T48MT03EBS001H0361F0361CC1088733795
3|1494|ANA|LUCIA|ESPINOZA|SANCHEZ|CC|30710797|1955-02-19|2|2|1|9998|3|1||3|07|||2|50.0|150|||2||||||||||||52UZPE01152001T48MT03EBS001H036252UZPE01152001T48MT03EBS001H0362F0362|52UZPE01152001T48MT03EBS001H036252UZPE01152001T48MT03EBS001H0362F0362CC30710797
3|1495|ANA|MARIA|ROSERO|NO|CC|30746367|1969-11-06|2|2|1|9998|2|2||7|07|||8|54.0|158|||2||||||||||||52UZPE01152001T48MT02EBS001H036352UZPE01152001T48MT02EBS001H0363F0363|52UZPE01152001T48MT02EBS001H036352UZPE01152001T48MT02EBS001H0363F0363CC30746367
3|1496|DIANA|CAROLINA|ORDONEZ|JIMENEZ|CC|1127071817|1982-04-29|2|2|1|9622|3|2||7|07|||8|56.0|157|||2||||||||||||52UZPE01152001T48MT02EBS001H036452UZPE01152001T48MT02EBS001H0364F0364|52UZPE01152001T48MT02EBS001H036452UZPE01152001T48MT02EBS001H0364F0364CC1127071817
3|1497|JESUS|NO|RIASCOS|GALVEZ|CC|5197613|1942-02-02|1|2|1|9998|2|2||3|07|||8|82.0|170|||2||||||||||||52UZPE01152001T48MT02EBS001H036552UZPE01152001T48MT02EBS001H0365F0365|52UZPE01152001T48MT02EBS001H036552UZPE01152001T48MT02EBS001H0365F0365CC5197613
3|1498|LEIDY|JHOANA|JIMENEZ|QUINTERO|CC|1085275293|1989-06-23|2|2|2|9998|3|2||7|07|||8|68.0|165|||2||||||||||||52UZPE01152001T48MT02EBS001H036652UZPE01152001T48MT02EBS001H0366F0366|52UZPE01152001T48MT02EBS001H036652UZPE01152001T48MT02EBS001H0366F0366CC1085275293
3|1499|DILAN|GRABIEL|ORTIZ|JIMENEZ|TI|1080059424|2011-08-19|1|2|3|9998|3|2||1|07|||8|45.0|140|||2||||||||||||52UZPE01152001T48MT02EBS001H036652UZPE01152001T48MT02EBS001H0366F0366|52UZPE01152001T48MT02EBS001H036652UZPE01152001T48MT02EBS001H0366F0366TI1080059424
3|1500|ALEX|HUMBERTO|ZAMORA|CABRERA|CC|1086361687|1992-09-24|1|2|1|5169|5|2||7|07|||8|72.0|167|||2||||||||||||52UZPE01152001T48MT02EBS001H036752UZPE01152001T48MT02EBS001H0367F0367|52UZPE01152001T48MT02EBS001H036752UZPE01152001T48MT02EBS001H0367F0367CC1086361687
3|1501|ANGUI|NOAPLICA|ACOSTA|ORTEGA|CC|1089459524|1993-11-09|2|2|2|5169|8|2||7|07|||8|54.0|156|||2||||||||||||52UZPE01152001T48MT02EBS001H036752UZPE01152001T48MT02EBS001H0367F0367|52UZPE01152001T48MT02EBS001H036752UZPE01152001T48MT02EBS001H0367F0367CC1089459524
3|1502|LIANA|MARGARITA|ZAMORA|COSTA|RC|1089460574|2024-10-29|2|2|3|9998|3|2||8|07|||8|||||2||||||||||||52UZPE01152001T48MT02EBS001H036752UZPE01152001T48MT02EBS001H0367F0367|52UZPE01152001T48MT02EBS001H036752UZPE01152001T48MT02EBS001H0367F0367RC1089460574
3|1503|ALEX|SANTIAGO|ZAMORA|ACOSTA|RC|1080706935|2019-11-02|1|2|3|9998|3|2||8|07|||8|||||2||||||||||||52UZPE01152001T48MT02EBS001H036752UZPE01152001T48MT02EBS001H0367F0367|52UZPE01152001T48MT02EBS001H036752UZPE01152001T48MT02EBS001H0367F0367RC1080706935
3|1504|MARIA|CONDULA|GETIAL|ROJAS|CC|27456073|1975-12-02|2|2|1|9998|3|2||7|07|||8|55.0|156|||2||||||||||||52UZPE01152001T48MT02EBS001H036852UZPE01152001T48MT02EBS001H0368F0368|52UZPE01152001T48MT02EBS001H036852UZPE01152001T48MT02EBS001H0368F0368CC27456073
3|1505|ERIKA|DAYANA|MORA|PAZ|CC|1010104983|2000-08-14|2|2|1|5169|7|1||7|07|||8|60.0|162|||2||||||||||||52UZPE01152001T48MT02EBS001H037052UZPE01152001T48MT02EBS001H0370F0370|52UZPE01152001T48MT02EBS001H037052UZPE01152001T48MT02EBS001H0370F0370CC1010104983
3|1506|JHON|LENON|GUERRERO|BENAVIDES|CC|13069038|1981-11-28|1|2|1|9998|3|1||7|07|||8|60.0|163|||2||||||||||||52UZPE01152001T48MT02EBS001H037152UZPE01152001T48MT02EBS001H0371F0371|52UZPE01152001T48MT02EBS001H037152UZPE01152001T48MT02EBS001H0371F0371CC13069038
3|1507|LEIDY|DIANA|ROSALES|ROSERO|CC|37087848|1984-07-16|2|2|2|9998|3|1||7|07|||8|60.0|155|||2||||||||||||52UZPE01152001T48MT02EBS001H037152UZPE01152001T48MT02EBS001H0371F0371|52UZPE01152001T48MT02EBS001H037152UZPE01152001T48MT02EBS001H0371F0371CC37087848
3|1508|SAMUEL|ALEJANDRO|FAJARDO|ROMERO|TI|1081485343|2015-03-08|1|2|3|9998|3|2||8|07|||8|39.0|140|||2||||||||||||52UZPE01152001T48MT03EBS001H037252UZPE01152001T48MT03EBS001H0372F0372|52UZPE01152001T48MT03EBS001H037252UZPE01152001T48MT03EBS001H0372F0372TI1081485343
3|1509|NALINY|JAZMIN|TOMERO|ACOSTA|CC|1085284590|1990-11-11|2|2|2|9998|7|1||7|07|||8|79.0|170|||2||||||||||||52UZPE01152001T48MT03EBS001H037252UZPE01152001T48MT03EBS001H0372F0372|52UZPE01152001T48MT03EBS001H037252UZPE01152001T48MT03EBS001H0372F0372CC1085284590
3|1510|DIEGO|FREDY|FAJARDO|FUERTES|CC|98397869|1976-09-16|1|2|2|5169|7|2||7|07|||8|80.0|178|||2||||||||||||52UZPE01152001T48MT03EBS001H037252UZPE01152001T48MT03EBS001H0372F0372|52UZPE01152001T48MT03EBS001H037252UZPE01152001T48MT03EBS001H0372F0372CC98397869
3|1511|KEILA|ESTEFANIA|QUINONEZ|NO|CC|1085196216|1992-01-06|2|2|2|9998|3|1||7|07|||8|60.0|158|||2||||||||||||52UZPE01152001T48MT02EBS001H037352UZPE01152001T48MT02EBS001H0373F0373|52UZPE01152001T48MT02EBS001H037352UZPE01152001T48MT02EBS001H0373F0373CC1085196216
3|1512|EIDER|OVIDIO|CRIOLLO|BURBANO|CC|12986151|1992-08-29|1|2|2|9998|7|1||7|07|||8|68.0|170|||2||||||||||||52UZPE01152001T48MT02EBS001H037352UZPE01152001T48MT02EBS001H0373F0373|52UZPE01152001T48MT02EBS001H037352UZPE01152001T48MT02EBS001H0373F0373CC12986151
3|1513|EDITH|LIBIA|FUERTES|GUERRERO|CC|27531535|1954-08-23|2|2|2|9998|3|2||3|07|||8|53.0|147|||2||||||||||||52UZPE01152001T48MT03EBS001H037552UZPE01152001T48MT03EBS001H0375F0375|52UZPE01152001T48MT03EBS001H037552UZPE01152001T48MT03EBS001H0375F0375CC27531535
3|1514|LIBIO|MARCOS|TOVAR|CALDERON|CC|5344033|1949-09-24|1|2|2|5169|3|2||3|07|||8|70.0|160|||2||||||||||||52UZPE01152001T48MT03EBS001H037552UZPE01152001T48MT03EBS001H0375F0375|52UZPE01152001T48MT03EBS001H037552UZPE01152001T48MT03EBS001H0375F0375CC5344033
3|1515|JUAN|MANUEL|TOCAR|FUERTES|CC|1085323814|1995-09-07|1|2|3|5169|9|2||7|07|||8|64.0|166|||2||||||||||||52UZPE01152001T48MT03EBS001H037552UZPE01152001T48MT03EBS001H0375F0375|52UZPE01152001T48MT03EBS001H037552UZPE01152001T48MT03EBS001H0375F0375CC1085323814
3|1516|CARMELA|NO|FIGUEROA|PUCHANA|CC|27102134|1934-12-23|2|2|5|9998|3|1||3|07|||8|55.0|145|||2||||||||||||52UZPE01152001T48MT02EBS001H037452UZPE01152001T48MT02EBS001H0374F0374|52UZPE01152001T48MT02EBS001H037452UZPE01152001T48MT02EBS001H0374F0374CC27102134
3|1517|MARGOTH|NO|PEREZ|FIGUEROA|CC|30745929|1971-04-18|2|2|1|9998|3|1||7|07|||8|55.0|160|||2||||||||||||52UZPE01152001T48MT02EBS001H037452UZPE01152001T48MT02EBS001H0374F0374|52UZPE01152001T48MT02EBS001H037452UZPE01152001T48MT02EBS001H0374F0374CC30745929
3|1518|GABRIEL|ALEJANDRO|BUESAQUILLO|REVOLLEDO|RC|1030025078|2025-05-19|1|2|3|9998|3|2||8|07|||8|||||2||||||||||||52UZPE01152001T48MT03EBS001H037652UZPE01152001T48MT03EBS001H0376F0376|52UZPE01152001T48MT03EBS001H037652UZPE01152001T48MT03EBS001H0376F0376RC1030025078
3|1519|KAREN|SOFIA|REVOLLEDO|YRLA|CC|10842140774|2002-01-01|2|2|2|5169|9|2||7|07|||8|10.4|170|||2||||||||||||52UZPE01152001T48MT03EBS001H037652UZPE01152001T48MT03EBS001H0376F0376|52UZPE01152001T48MT03EBS001H037652UZPE01152001T48MT03EBS001H0376F0376CC10842140774
3|1520|HERNAN|DARIO|BUESAQUILLO|NOTIENE|CC|87063801|2000-03-14|1|2|2|9510|7|1||7|07|||8|87.0|165|||2||||||||||||52UZPE01152001T48MT03EBS001H037652UZPE01152001T48MT03EBS001H0376F0376|52UZPE01152001T48MT03EBS001H037652UZPE01152001T48MT03EBS001H0376F0376CC87063801
3|1521|ALVARO|MAURICIO|LOPEZ|ROSERO|CC|129749922|1980-05-06|1|2|2|5169|7|2||7|07|||8|10.3|178|||2||||||||||||52UZPE01152001T48MT03EBS001H037752UZPE01152001T48MT03EBS001H0377F0377|52UZPE01152001T48MT03EBS001H037752UZPE01152001T48MT03EBS001H0377F0377CC129749922
3|1522|SARA|MANUELA|LOPEZ|BURBANO|TI|1081063717|2016-09-06|2|2|3|9998|3|2||8|07|||8|35.0|130|||2||||||||||||52UZPE01152001T48MT03EBS001H037752UZPE01152001T48MT03EBS001H0377F0377|52UZPE01152001T48MT03EBS001H037752UZPE01152001T48MT03EBS001H0377F0377TI1081063717
3|1523|DIANA|PAOLA|BURBANO|NOTIENE|CC|36951559|1980-12-07|2|2|2|9510|9|1||7|07|||8|67.0|153|||2||||||||||||52UZPE01152001T48MT03EBS001H037752UZPE01152001T48MT03EBS001H0377F0377|52UZPE01152001T48MT03EBS001H037752UZPE01152001T48MT03EBS001H0377F0377CC36951559
3|1524|MICHELL|ALEJANDRA|LOPEZ|BURBANO|CC|1193035065|2001-02-14|2|2|3|9998|8|2||7|07|||8|52.0|168|||2||||||||||||52UZPE01152001T48MT03EBS001H037752UZPE01152001T48MT03EBS001H0377F0377|52UZPE01152001T48MT03EBS001H037752UZPE01152001T48MT03EBS001H0377F0377CC1193035065
3|1525|ELVIA|VIVIANA|ORDONEZ|GAMEZ|CC|1085274331|1988-12-16|2|2|3|5169|7|2||7|07|||8|60.0|162|||2||||||||||||52UZPE01152001T48MT02EBS001H037852UZPE01152001T48MT02EBS001H0378F0378|52UZPE01152001T48MT02EBS001H037852UZPE01152001T48MT02EBS001H0378F0378CC1085274331
3|1526|MARIA|ELENA|GAMEZ|CIFUENTES|CC|30725696|1959-08-12|2|2|1|9998|3|1||3|07|||8|76.0|148|||2||||||||||||52UZPE01152001T48MT02EBS001H037852UZPE01152001T48MT02EBS001H0378F0378|52UZPE01152001T48MT02EBS001H037852UZPE01152001T48MT02EBS001H0378F0378CC30725696
3|1527|HELMY|ALEXANDER|HERRERA|HERRERA|CC|1085251579|1986-07-03|1|2|1|5169|9|2||7|07|||8|58.0|170|||2||||||||||||52UZPE01152001T48MT03EBS001H037952UZPE01152001T48MT03EBS001H0379F0379|52UZPE01152001T48MT03EBS001H037952UZPE01152001T48MT03EBS001H0379F0379CC1085251579
3|1528|GERALDIN|GERALDIN|CASTRO|LEYTON|TI|1081055859|2007-11-13|2|2|3|9998|3|2||1|07|||8|47.0|163|||2||||||||||||52UZPE01152001T48MT03EBS001H037952UZPE01152001T48MT03EBS001H0379F0379|52UZPE01152001T48MT03EBS001H037952UZPE01152001T48MT03EBS001H0379F0379TI1081055859
3|1529|YESICA|GERALDIN|LEITON|PORTILLA|CC|1085280499|1990-03-29|2|2|2|5169|7|2||7|07|||8|67.0|156|||2||||||||||||52UZPE01152001T48MT03EBS001H037952UZPE01152001T48MT03EBS001H0379F0379|52UZPE01152001T48MT03EBS001H037952UZPE01152001T48MT03EBS001H0379F0379CC1085280499
3|1530|KARIN|SOFIA|DELGADO|QUIROZ|CC|1193222667|2002-07-12|2|2|1|5169|3|2||7|07|||8|49.0|150|||2||||||||||||52UZPE01152001T48MT03EBS001H038052UZPE01152001T48MT03EBS001H0380F0380|52UZPE01152001T48MT03EBS001H038052UZPE01152001T48MT03EBS001H0380F0380CC1193222667
3|1531|LIAN|DAVID|BENAVIDES|DELGADO|RC|1080072428|2021-11-22|1|2|3|9998|3|2||8|07|||8|||||2||||||||||||52UZPE01152001T48MT03EBS001H038052UZPE01152001T48MT03EBS001H0380F0380|52UZPE01152001T48MT03EBS001H038052UZPE01152001T48MT03EBS001H0380F0380RC1080072428
3|1532|DIANA|LORENA|VINUEZA|DELGADO|CC|59311434|1984-01-31|2|2|1|9510|3|1||7|07|||8|59.0|160|||2||||||||||||52UZPE01152001T48MT03EBS001H038152UZPE01152001T48MT03EBS001H0381F0381|52UZPE01152001T48MT03EBS001H038152UZPE01152001T48MT03EBS001H0381F0381CC59311434
3|1533|CIELO|CIELO|AVILA|VINUEZA|TI|1109926797|2012-08-17|2|2|3|9998|3|1||1|07|||8|40.0|133|||2||||||||||||52UZPE01152001T48MT03EBS001H038152UZPE01152001T48MT03EBS001H0381F0381|52UZPE01152001T48MT03EBS001H038152UZPE01152001T48MT03EBS001H0381F0381TI1109926797
3|1534|ANDERSON|FERNANDO|ROSERO|PEREZ|CC|76326845|1977-08-05|1|2|1|5169|9|2||7|07|||8|95.0|170|||2||||||||||||52UZPE01152001T48MT03EBS001H038252UZPE01152001T48MT03EBS001H0382F0382|52UZPE01152001T48MT03EBS001H038252UZPE01152001T48MT03EBS001H0382F0382CC76326845
3|1535|ELIZABETH|CRISTINA|DORADO|CASTRO|CC|27397302|1978-07-11|2|2|2|5169|9|2||7|07|||8|68.0|165|||2||||||||||||52UZPE01152001T48MT03EBS001H038252UZPE01152001T48MT03EBS001H0382F0382|52UZPE01152001T48MT03EBS001H038252UZPE01152001T48MT03EBS001H0382F0382CC27397302
3|1536|JHON|JAIRO|GONZALES|MEJIA|CC|94403505|1994-06-03|1|2|6|9510|3|1||7|07|||8|75.0|180|||2||||||||||||52UZPE01152001T48MT03EBS001H038352UZPE01152001T48MT03EBS001H0383F0383|52UZPE01152001T48MT03EBS001H038352UZPE01152001T48MT03EBS001H0383F0383CC94403505
3|1537|JULIO|ESTEBAN|CHAMPUTIZ|NO|CC|1087674009|1993-11-16|1|2|2|5169|5|2||7|07|||8|65.0|160|||2||||||||||||52UZPE01152001T48MT02EBS001H038452UZPE01152001T48MT02EBS001H0384F0384|52UZPE01152001T48MT02EBS001H038452UZPE01152001T48MT02EBS001H0384F0384CC1087674009
3|1538|DIANA|MARIXA|CASTILLO|NO|CC|1085316255|1994-10-16|2|2|1|9998|3|2||7|07|||8|55.0|158|||2||||||||||||52UZPE01152001T48MT02EBS001H038452UZPE01152001T48MT02EBS001H0384F0384|52UZPE01152001T48MT02EBS001H038452UZPE01152001T48MT02EBS001H0384F0384CC1085316255
3|1539|FERNANDEZ|NO|CASTILLO|NO|CC|5306056|1963-01-09|1|2|5|9510|2|2||3|07|||8|70.0|180|||2||||||||||||52UZPE01152001T48MT02EBS001H038452UZPE01152001T48MT02EBS001H0384F0384|52UZPE01152001T48MT02EBS001H038452UZPE01152001T48MT02EBS001H0384F0384CC5306056
3|1540|LUIS|FELIPE|AGREDA|RIOBAMBA|CC|1094962612|1997-06-16|1|2|3|9622|5|2||7|07|||8|63.0|170|||2||||||||||||52UZPE01152001T48MT03EBS001H038652UZPE01152001T48MT03EBS001H0386F0386|52UZPE01152001T48MT03EBS001H038652UZPE01152001T48MT03EBS001H0386F0386CC1094962612
3|1541|JORGE|STIVEN|SANCHEZ|NOAP|CC|1144175513|1994-01-20|1|2|1|9622|3|1||7|07|||8|55.0|170|||2||||||||||||52UZPE01152001T48MT02EBS001H038752UZPE01152001T48MT02EBS001H0387F0387|52UZPE01152001T48MT02EBS001H038752UZPE01152001T48MT02EBS001H0387F0387CC1144175513
3|1542|MANUEL|FELIPE|SANCHEZ|GUERRERO|RC|1080070322|2019-12-28|1|2|3|9998|3|1||8|07|||8|||||2||||||||||||52UZPE01152001T48MT02EBS001H038752UZPE01152001T48MT02EBS001H0387F0387|52UZPE01152001T48MT02EBS001H038752UZPE01152001T48MT02EBS001H0387F0387RC1080070322
3|1543|PAOLA|NONE|GUERRERO|ORTEGA|CC|1085253726|1987-05-05|2|2|2|9622|3|2||7|07|||8|62.0|158|||2||||||||||||52UZPE01152001T48MT02EBS001H038752UZPE01152001T48MT02EBS001H0387F0387|52UZPE01152001T48MT02EBS001H038752UZPE01152001T48MT02EBS001H0387F0387CC1085253726
3|1544|JAIME|NONE|CHICAIZA|BADOS|CC|12985184|1965-08-07|1|2|1|9510|3|2||4|07|||3|83.0|172|||2||||||||||||52UZPE01152001T48MT02EBS001H038852UZPE01152001T48MT02EBS001H0388F0388|52UZPE01152001T48MT02EBS001H038852UZPE01152001T48MT02EBS001H0388F0388CC12985184
3|1545|YERALDIN|NONE|CABRERA|ORDONEZ|CC|1006359507|2001-03-04|2|2|3|9998|3|2||7|07|||8|68.0|147|||2||||||||||||52UZPE01152001T48MT02EBS001H038952UZPE01152001T48MT02EBS001H0389F0389|52UZPE01152001T48MT02EBS001H038952UZPE01152001T48MT02EBS001H0389F0389CC1006359507
3|1546|ANDERSON|STIVEN|ACOSTA|ORDONEZ|CC|1143940879|1991-07-22|1|2|4|5169|5|2||7|07|||8|84.0|168|||2||||||||||||52UZPE01152001T48MT02EBS001H038952UZPE01152001T48MT02EBS001H0389F0389|52UZPE01152001T48MT02EBS001H038952UZPE01152001T48MT02EBS001H0389F0389CC1143940879
3|1547|EDITH|NONE|LOPEZ|NOAP|CC|59826628|1961-08-14|2|2|1|9998|2|1||3|07|||3|62.0|145|||2||||||||||||52UZPE01152001T48MT02EBS001H039052UZPE01152001T48MT02EBS001H0390F0390|52UZPE01152001T48MT02EBS001H039052UZPE01152001T48MT02EBS001H0390F0390CC59826628
3|1548|DEYSI|NOAPLICA|CAICEDO|ROSERO|CC|37086317|1984-09-30|2|2|5|5169|3|1||7|07|||8|52.0|156|||2||||||||||||52UZPE01152001T48MT02EBS001H039152UZPE01152001T48MT02EBS001H0391F0391|52UZPE01152001T48MT02EBS001H039152UZPE01152001T48MT02EBS001H0391F0391CC37086317
3|1549|DIEGO|FERNANDO|BERNAL|MARTINEZ|CC|98398025|1976-06-16|1|2|3|9510|7|1||7|07|||8|89.0|177|||2||||||||||||52UZPE01152001T48MT03EBS001H039252UZPE01152001T48MT03EBS001H0392F0392|52UZPE01152001T48MT03EBS001H039252UZPE01152001T48MT03EBS001H0392F0392CC98398025
3|1550|EVAL|ALFREDO|BERNAL|DIAZ|CC|5202331|1946-04-10|1|2|1|9998|3|2||3|07|||8|50.0|172|||2||||||||||||52UZPE01152001T48MT03EBS001H039252UZPE01152001T48MT03EBS001H0392F0392|52UZPE01152001T48MT03EBS001H039252UZPE01152001T48MT03EBS001H0392F0392CC5202331
3|1551|TAYRA|PATRICIA|ROSERO|QUINTERO|CC|69006306|1974-06-25|2|2|1|9998|9|5||7|07|||8|60.0|158|||2||||||||||||52UZPE01152001T48MT03EBS001H039452UZPE01152001T48MT03EBS001H0394F0394|52UZPE01152001T48MT03EBS001H039452UZPE01152001T48MT03EBS001H0394F0394CC69006306
3|1552|JAIRO|ALBERTO|ACOSTA|VIANA|CC|11048677301|1988-12-22|1|2|2|5169|9|2||7|07|||8|11.0|170|||2||||||||||||52UZPE01152001T48MT03EBS001H039552UZPE01152001T48MT03EBS001H0395F0395|52UZPE01152001T48MT03EBS001H039552UZPE01152001T48MT03EBS001H0395F0395CC11048677301
3|1553|JOSUE|GABRIEL|ACOSTA|DIAZ|TI|1080705234|2018-06-08|1|2|3|9998|3|2||8|07|||8|25.0|116|||2||||||||||||52UZPE01152001T48MT03EBS001H039552UZPE01152001T48MT03EBS001H0395F0395|52UZPE01152001T48MT03EBS001H039552UZPE01152001T48MT03EBS001H0395F0395TI1080705234
3|1554|VANESSA|NOTIENE|DIAZ|PINTA|CC|10852799391|1989-05-19|2|2|2|5169|9|2||7|07|||8|52.0|154|||2||||||||||||52UZPE01152001T48MT03EBS001H039552UZPE01152001T48MT03EBS001H0395F0395|52UZPE01152001T48MT03EBS001H039552UZPE01152001T48MT03EBS001H0395F0395CC10852799391
3|1555|ANA|DELSOCORRO|CAICEDO|URBANO|CC|30725786|1963-10-25|2|2|5|5169|9|2||3|07|||8|70.0|162|||2||||||||||||52UZPE01152001T48MT03EBS001H039652UZPE01152001T48MT03EBS001H0396F0396|52UZPE01152001T48MT03EBS001H039652UZPE01152001T48MT03EBS001H0396F0396CC30725786
3|1556|GUILLERMO|ALFREDO|CHAVES|JURADO|CC|12971210|1955-10-28|1|2|5|9998|9|2||3|07|||8|61.0|166|||2||||||||||||52UZPE01152001T48MT03EBS001H039652UZPE01152001T48MT03EBS001H0396F0396|52UZPE01152001T48MT03EBS001H039652UZPE01152001T48MT03EBS001H0396F0396CC12971210
3|1557|CRISTIAN|HORACIO|PALACIOS|MENESES|CC|1004131705|1987-04-04|1|2|1|9510|7|1||7|07|||8|85.0|167|||2||||||||||||52UZPE01152001T48MT03EBS001H039752UZPE01152001T48MT03EBS001H0397F0397|52UZPE01152001T48MT03EBS001H039752UZPE01152001T48MT03EBS001H0397F0397CC1004131705
3|1558|ELENA|YURANI|ERASO|CASTRO|CC|1085267610|1987-12-27|2|2|2|9510|7|1||7|07|||8|64.0|160|||2||||||||||||52UZPE01152001T48MT03EBS001H039752UZPE01152001T48MT03EBS001H0397F0397|52UZPE01152001T48MT03EBS001H039752UZPE01152001T48MT03EBS001H0397F0397CC1085267610
3|1559|AMMY|DANIELA|ROSAS|SALAS|CC|1805294841|1991-07-25|2|2|6|9998|7|1||7|07|||8|69.0|161|||2||||||||||||52UZPE01152001T48MT03EBS001H039852UZPE01152001T48MT03EBS001H0398F0398|52UZPE01152001T48MT03EBS001H039852UZPE01152001T48MT03EBS001H0398F0398CC1805294841
3|1560|AIDA|MIREYADELCARMEN|RENEN|PANTOJA|CC|41100100|1949-11-07|2|2|6|9998|3|1||3|07|||8|65.0|156|||2||||||||||||52UZPE01152001T48MT03EBS001H039852UZPE01152001T48MT03EBS001H0398F0398|52UZPE01152001T48MT03EBS001H039852UZPE01152001T48MT03EBS001H0398F0398CC41100100
3|1561|JUAN|FELIPE|QUINONES|MARTINEZ|TI|1080064737|2015-06-19|1|2|3|9998|3|2||8|07|||8|35.0|131|||2||||||||||||52UZPE01152001T48MT03EBS001H039952UZPE01152001T48MT03EBS001H0399F0399|52UZPE01152001T48MT03EBS001H039952UZPE01152001T48MT03EBS001H0399F0399TI1080064737
3|1562|CRISTIAN|DANILO|ZAMBRANO|ARANDA|CC|1085318181|1994-12-12|1|2|1|5169|3|2||7|07|||8|80.0|170|||2||||||||||||52UZPE01152001T48MT03EBS001H039952UZPE01152001T48MT03EBS001H0399F0399|52UZPE01152001T48MT03EBS001H039952UZPE01152001T48MT03EBS001H0399F0399CC1085318181
3|1563|MONICA|MONICA|MARTINEZ|MARTINEZ|CC|1085287018|1991-02-10|2|2|2|9998|3|2||7|07|||8|57.0|152|||2||||||||||||52UZPE01152001T48MT03EBS001H039952UZPE01152001T48MT03EBS001H0399F0399|52UZPE01152001T48MT03EBS001H039952UZPE01152001T48MT03EBS001H0399F0399CC1085287018
3|1564|BOLENA|NOTIENE|PANTOJA|DIAZ|CC|1085264550|1987-03-25|2|2|3|9998|7|1||7|07|||8|72.0|165|||2||||||||||||52UZPE01152001T48MT03EBS001H040052UZPE01152001T48MT03EBS001H0400F0400|52UZPE01152001T48MT03EBS001H040052UZPE01152001T48MT03EBS001H0400F0400CC1085264550
3|1565|ALBA|ESPERANZA|BENAVIDES|BENAVIDES|CC|30706774|1949-04-18|2|2|2|9998|2|2||3|07|||8|75.0|156|||2||||||||||||52UZPE01152001T48MT03EBS001H040352UZPE01152001T48MT03EBS001H0403F0403|52UZPE01152001T48MT03EBS001H040352UZPE01152001T48MT03EBS001H0403F0403CC30706774
3|1566|JOSE|FREDY|ORDONEZ|BENAVIDES|CC|12960307|1953-08-19|1|2|2|9998|3|2||3|07|||8|75.0|160|||2||||||||||||52UZPE01152001T48MT03EBS001H040352UZPE01152001T48MT03EBS001H0403F0403|52UZPE01152001T48MT03EBS001H040352UZPE01152001T48MT03EBS001H0403F0403CC12960307
3|1567|EITHAN|JOEL|ROSERO|QUINTERO|RC|1080073071|2022-08-30|2|2|3|9998|3|1||8|07|||8|14.0|89|||2||||||||||||52UZPE01152001T48MT03EBS001H040152UZPE01152001T48MT03EBS001H0401F0401|52UZPE01152001T48MT03EBS001H040152UZPE01152001T48MT03EBS001H0401F0401RC1080073071
3|1568|JONATHAN|MAURICIO|ROSERO|OCANA|CC|1085329605|1996-07-05|1|2|1|9510|3|1||7|07|||8|70.0|168|||2||||||||||||52UZPE01152001T48MT03EBS001H040152UZPE01152001T48MT03EBS001H0401F0401|52UZPE01152001T48MT03EBS001H040152UZPE01152001T48MT03EBS001H0401F0401CC1085329605
3|1569|GISELLA|YINETH|QUINTERO|LOPEZ|CC|1233191957|1998-08-24|2|2|2|9998|3|1||7|07|||8|75.0|165|||2||||||||||||52UZPE01152001T48MT03EBS001H040152UZPE01152001T48MT03EBS001H0401F0401|52UZPE01152001T48MT03EBS001H040152UZPE01152001T48MT03EBS001H0401F0401CC1233191957
3|1570|EDILMA|CARMELINA|MARTINEZ|MARTINEZ|CC|30702910|1951-06-15|2|2|6|9998|2|1||3|07|||8|38.0|146|||2||||||||||||52UZPE01152001T48MT03EBS001H040252UZPE01152001T48MT03EBS001H0402F0402|52UZPE01152001T48MT03EBS001H040252UZPE01152001T48MT03EBS001H0402F0402CC30702910
3|1571|YADIEL|EMANUEL|GOMEZ|OCANA|RC|1030025031|2025-03-03|1|2|3|9998|3|1||8|07|||8|6.0|58|||2||||||||||||52UZPE01152001T48MT03EBS001H040252UZPE01152001T48MT03EBS001H0402F0402|52UZPE01152001T48MT03EBS001H040252UZPE01152001T48MT03EBS001H0402F0402RC1030025031
3|1572|DIANA|MARCELA|OCANA|MARTINEZ|CC|1004236446|2002-04-10|2|2|6|9998|3|1||7|07|||8|58.0|153|||2||||||||||||52UZPE01152001T48MT03EBS001H040252UZPE01152001T48MT03EBS001H0402F0402|52UZPE01152001T48MT03EBS001H040252UZPE01152001T48MT03EBS001H0402F0402CC1004236446
3|1573|MONICA|LILIANA|CEPEDA|PISCAL|CC|1004437501|1987-12-24|2|2|1|9622|7|1||7|07|||8|64.0|170|||2||||||||||||52UZPE01152001T48MT03EBS001H040452UZPE01152001T48MT03EBS001H0404F0404|52UZPE01152001T48MT03EBS001H040452UZPE01152001T48MT03EBS001H0404F0404CC1004437501
3|1574|MARIA|CELESTE|MUYUY|CEPEDA|TI|1081059608|2012-08-03|2|2|3|9998|3|5||1|07|||8|51.0|156|||2||||||||||||52UZPE01152001T48MT03EBS001H040452UZPE01152001T48MT03EBS001H0404F0404|52UZPE01152001T48MT03EBS001H040452UZPE01152001T48MT03EBS001H0404F0404TI1081059608
3|1575|TANIA|MARIBEL|JIMENEZ|BRAVO|CC|1086755938|1995-01-02|2|2|2|9998|13|1||7|07|||8|59.0|164|||2||||||||||||52UZPE01152001T48MT03EBS001H040552UZPE01152001T48MT03EBS001H0405F0405|52UZPE01152001T48MT03EBS001H040552UZPE01152001T48MT03EBS001H0405F0405CC1086755938
3|1576|JUAN|PABLO|GRIJALBA|LOPEZ|CC|1144101581|1998-04-07|1|2|1|5169|9|2||7|07|||8|10.5|173|||2||||||||||||52UZPE01152001T48MT03EBS001H040552UZPE01152001T48MT03EBS001H0405F0405|52UZPE01152001T48MT03EBS001H040552UZPE01152001T48MT03EBS001H0405F0405CC1144101581
3|1577|ZULI|YASMIN|RODRIGUEZ|DELGADO|CC|1088733886|1990-10-16|2|2|2|5169|7|2||7|07|||8|63.0|167|||2||||||||||||52UZPE01152001T48MT03EBS001H040652UZPE01152001T48MT03EBS001H0406F0406|52UZPE01152001T48MT03EBS001H040652UZPE01152001T48MT03EBS001H0406F0406CC1088733886
3|1578|JAVIER|FERNANDO|HERRERA|RODRIGUEZ|CC|1088732414|1989-08-27|1|2|1|9622|3|2||7|07|||8|82.0|166|||2||||||||||||52UZPE01152001T48MT03EBS001H040652UZPE01152001T48MT03EBS001H0406F0406|52UZPE01152001T48MT03EBS001H040652UZPE01152001T48MT03EBS001H0406F0406CC1088732414
3|1579|ISAAC|MATIAS|HERRERA|RODRIGUEZ|RC|1088741035|2023-11-17|1|2|3|9998|3|2||8|07|||8|||||2||||||||||||52UZPE01152001T48MT03EBS001H040652UZPE01152001T48MT03EBS001H0406F0406|52UZPE01152001T48MT03EBS001H040652UZPE01152001T48MT03EBS001H0406F0406RC1088741035
3|1580|EDWIN|GEOVANY|PANTOJA|CARLOSAMA|CC|87065155|1983-11-04|1|2|2|5169|3|2||7|07|||8|69.0|164|||2||||||||||||52UZPE01152001T48MT02EBS001H040752UZPE01152001T48MT02EBS001H0407F0407|52UZPE01152001T48MT02EBS001H040752UZPE01152001T48MT02EBS001H0407F0407CC87065155
3|1581|OLGA|VIVIANA|GARCES|OBANDO|CC|37086310|1985-04-29|2|2|2|5169|3|1||7|07|||8|56.0|157|||2||||||||||||52UZPE01152001T48MT02EBS001H040752UZPE01152001T48MT02EBS001H0407F0407|52UZPE01152001T48MT02EBS001H040752UZPE01152001T48MT02EBS001H0407F0407CC37086310
3|1582|ADY|LUCIA|ESTRADA|CADENA|CC|30730077|1963-02-27|2|2|6|9998|5|1||3|07|||8|51.0|142|||2||||||||||||52UZPE01152001T48MT03EBS001H040852UZPE01152001T48MT03EBS001H0408F0408|52UZPE01152001T48MT03EBS001H040852UZPE01152001T48MT03EBS001H0408F0408CC30730077
3|1583|MARIA|DELCARMEN|MUNOZ|SALAZAR|CC|59310990|1964-01-20|2|2|6|9998|2|1||3|07|||8|36.0|140|||2||||||||||||52UZPE01152001T48MT03EBS001H040852UZPE01152001T48MT03EBS001H0408F0408|52UZPE01152001T48MT03EBS001H040852UZPE01152001T48MT03EBS001H0408F0408CC59310990
3|1584|EMANUEL|FELIPE|PAY|ERAZO|TI|1080065205|2015-11-06|1|2|3|9998|3|1||8|07|||8|55.0|150|||2||||||||||||52UZPE01152001T48MT03EBS001H040952UZPE01152001T48MT03EBS001H0409F0409|52UZPE01152001T48MT03EBS001H040952UZPE01152001T48MT03EBS001H0409F0409TI1080065205
3|1585|MARIA|MERCEDES|ERAZO|ESTRADA|CC|1085332840|1996-10-11|2|2|5|9510|3|1||7|07|||8|55.0|150|||2||||||||||||52UZPE01152001T48MT03EBS001H040952UZPE01152001T48MT03EBS001H0409F0409|52UZPE01152001T48MT03EBS001H040952UZPE01152001T48MT03EBS001H0409F0409CC1085332840
3|1586|GIANNA|CELESTE|ERASO|ESTRADA|RC|1080070667|2020-04-11|2|2|3|9998|3|1||8|07|||8|19.0|111|||2||||||||||||52UZPE01152001T48MT03EBS001H040952UZPE01152001T48MT03EBS001H0409F0409|52UZPE01152001T48MT03EBS001H040952UZPE01152001T48MT03EBS001H0409F0409RC1080070667
3|1587|ANGELA|MARITZA|MONTENEGRO|BOTINA|CC|1085269962|1988-12-06|2|2|2|9998|3|1||7|07|||8|75.0|161|||2||||||||||||52UZPE01152001T48MT03EBS001H041052UZPE01152001T48MT03EBS001H0410F0410|52UZPE01152001T48MT03EBS001H041052UZPE01152001T48MT03EBS001H0410F0410CC1085269962
3|1588|LEONARDO|NA|CASTANEDA|VASQUEZ|CC|1130591993|1986-12-23|1|2|1|5169|8|2||7|07|||8|90.0|179|||2||||||||||||52UZPE01152001T48MT03EBS001H041052UZPE01152001T48MT03EBS001H0410F0410|52UZPE01152001T48MT03EBS001H041052UZPE01152001T48MT03EBS001H0410F0410CC1130591993
3|1589|EMILY|SHARAY|CASTANEDA|MONTENEGRO|TI|1080068104|2018-02-05|2|2|3|9998|3|1||8|07|||8|30.0|130|||2||||||||||||52UZPE01152001T48MT03EBS001H041052UZPE01152001T48MT03EBS001H0410F0410|52UZPE01152001T48MT03EBS001H041052UZPE01152001T48MT03EBS001H0410F0410TI1080068104
3|1590|SNEIDER|SANTIAGO|ESCOBAR|MONTENEGRO|CC|1080044083|2005-06-08|1|2|6|5169|7|2||7|07|||8|70.0|172|||2||||||||||||52UZPE01152001T48MT03EBS001H041152UZPE01152001T48MT03EBS001H0411F0411|52UZPE01152001T48MT03EBS001H041152UZPE01152001T48MT03EBS001H0411F0411CC1080044083
3|1591|JOEL|NONE|BURBANO|TOVAR|RC|10807088015|2020-09-02|1|2|3|9998|3|2||8|07|||8|||||2||||||||||||52UZPE01152001T48MT03EBS001H041252UZPE01152001T48MT03EBS001H0412F0412|52UZPE01152001T48MT03EBS001H041252UZPE01152001T48MT03EBS001H0412F0412RC10807088015
3|1592|KIMBERLY|PAMELA|TOVAR|FIERRE|CC|1143858108|1994-12-08|2|2|2|9998|3|2||7|07|||8|63.0|162|||2||||||||||||52UZPE01152001T48MT03EBS001H041252UZPE01152001T48MT03EBS001H0412F0412|52UZPE01152001T48MT03EBS001H041252UZPE01152001T48MT03EBS001H0412F0412CC1143858108
3|1593|EDWUIN|FRANKLIN|BURBANO|ESTRADA|CC|1085256717|1987-02-04|1|2|1|9622|3|2||7|07|||8|70.0|172|||2||||||||||||52UZPE01152001T48MT03EBS001H041252UZPE01152001T48MT03EBS001H0412F0412|52UZPE01152001T48MT03EBS001H041252UZPE01152001T48MT03EBS001H0412F0412CC1085256717
3|1594|ABDIEL|NONE|BURBANO|TOVAR|RC|1080701679|2015-09-08|1|2|3|9998|3|2||8|07|||8|29.0|125|||2||||||||||||52UZPE01152001T48MT03EBS001H041252UZPE01152001T48MT03EBS001H0412F0412|52UZPE01152001T48MT03EBS001H041252UZPE01152001T48MT03EBS001H0412F0412RC1080701679
3|1595|OSCAR|DANIEL|GUERRERO|VALENCIA|CC|1007304974|2000-07-16|1|2|1|9622|7|1||7|07|||8|63.0|176|||2||||||||||||52UZPE01152001T48MT03EBS001H041352UZPE01152001T48MT03EBS001H0413F0413|52UZPE01152001T48MT03EBS001H041352UZPE01152001T48MT03EBS001H0413F0413CC1007304974
3|1596|SILVIA|JHOANA|CASTRO|LUNA|CC|1089242379|1986-11-17|2|2|1|5169|5|2||7|07|||8|57.0|155|||2||||||||||||52UZPE01152001T48MT03EBS001H041452UZPE01152001T48MT03EBS001H0414F0414|52UZPE01152001T48MT03EBS001H041452UZPE01152001T48MT03EBS001H0414F0414CC1089242379
3|1597|DAYANI|ALEXANDRA|ESTRADA|LUNA|TI|1089244036|2011-02-04|2|2|3|9998|3|1||1|07|||8|56.0|155|||2||||||||||||52UZPE01152001T48MT03EBS001H041452UZPE01152001T48MT03EBS001H0414F0414|52UZPE01152001T48MT03EBS001H041452UZPE01152001T48MT03EBS001H0414F0414TI1089244036
3|1598|MARTHA|ISABEL|QUINONES|VALLEJO|CC|36753045|1979-01-27|2|2|5|5169|7|2||4|07|||1|84.0|158|||2||||||||||||52UZPE01152001T48MT03EBS001H041552UZPE01152001T48MT03EBS001H0415F0415|52UZPE01152001T48MT03EBS001H041552UZPE01152001T48MT03EBS001H0415F0415CC36753045
3|1599|GILLEN|HENRY|MINAYO|GOMEZ|CC|98391651|1974-08-15|1|2|2|9622|8|2||7|07|||8|65.0|160|||2||||||||||||52UZPE01152001T48MT03EBS001H041552UZPE01152001T48MT03EBS001H0415F0415|52UZPE01152001T48MT03EBS001H041552UZPE01152001T48MT03EBS001H0415F0415CC98391651
3|1600|KAROL|ELIZABETH|MINAYO|QUINONES|CC|1004217411|2001-03-18|2|2|3|5169|9|2||7|07|||8|55.0|160|||2||||||||||||52UZPE01152001T48MT03EBS001H041552UZPE01152001T48MT03EBS001H0415F0415|52UZPE01152001T48MT03EBS001H041552UZPE01152001T48MT03EBS001H0415F0415CC1004217411
3|1601|ALEJANDRO|NOAPLICA|ROSERO|CLAVIJO|CC|1086137099|1993-02-04|1|2|2|5169|3|2||7|07|||8|74.0|173|||2||||||||||||52UZPE01152001T48MT02EBS001H041652UZPE01152001T48MT02EBS001H0416F0416|52UZPE01152001T48MT02EBS001H041652UZPE01152001T48MT02EBS001H0416F0416CC1086137099
3|1602|ALBA|LUCIA|BENAVIDES|CASTRO|CC|27548275|1964-11-22|2|2|5|9622|3|1||3|07|||8|52.0|154|||2||||||||||||52UZPE01152001T48MT02EBS001H041752UZPE01152001T48MT02EBS001H0417F0417|52UZPE01152001T48MT02EBS001H041752UZPE01152001T48MT02EBS001H0417F0417CC27548275
3|1603|ANGEL|YAMID|BENAVIDES|NOAPLICA|CC|1085297474|1992-06-04|1|2|3|5169|3|1||7|07|||8|68.0|166|||2||||||||||||52UZPE01152001T48MT02EBS001H041752UZPE01152001T48MT02EBS001H0417F0417|52UZPE01152001T48MT02EBS001H041752UZPE01152001T48MT02EBS001H0417F0417CC1085297474
3|1604|WILSON|FERNANDO|RODRIGUEZ|NO|CC|98381739|1972-04-02|1|2|2|5169|3|1||7|07|||8|80.0|170|||2||||||||||||52UZPE01152001T48MT02EBS001H041852UZPE01152001T48MT02EBS001H0418F0418|52UZPE01152001T48MT02EBS001H041852UZPE01152001T48MT02EBS001H0418F0418CC98381739
3|1605|RUTH|ESTELA|VALLEJO|MESAS|CC|59815333|1971-07-30|2|2|2|9998|2|2||7|07|||8|58.0|160|||2||||||||||||52UZPE01152001T48MT02EBS001H041852UZPE01152001T48MT02EBS001H0418F0418|52UZPE01152001T48MT02EBS001H041852UZPE01152001T48MT02EBS001H0418F0418CC59815333
3|1606|RENE|CHICAIZA|BURGOS|NO|CC|12985526|1964-03-22|1|2|1|9998|3|1||3|07|||8|55.0|160|||2||||||||||||52UZPE01152001T48MT02EBS001H041952UZPE01152001T48MT02EBS001H0419F0419|52UZPE01152001T48MT02EBS001H041952UZPE01152001T48MT02EBS001H0419F0419CC12985526
3|1607|MARGARITA|DELCARMEN|POLO|NO|CC|59660038|1983-03-22|2|2|2|9998|3|1||7|07|||8|68.0|160|||2||||||||||||52UZPE01152001T48MT02EBS001H042052UZPE01152001T48MT02EBS001H0420F0420|52UZPE01152001T48MT02EBS001H042052UZPE01152001T48MT02EBS001H0420F0420CC59660038
3|1608|SANDRA|MILENA|GOMEZ|NO|CC|1085261385|1982-03-07|2|2|1|9998|3|2||7|07|||8|80.0|170|||2||||||||||||52UZPE01152001T48MT02EBS001H042152UZPE01152001T48MT02EBS001H0421F0421|52UZPE01152001T48MT02EBS001H042152UZPE01152001T48MT02EBS001H0421F0421CC1085261385
3|1609|WILLIAN|HERNANDO|TREJOS|NO|CC|130712275|1980-01-20|1|2|2|9510|3|1||7|07|||8|70.0|170|||2||||||||||||52UZPE01152001T48MT02EBS001H042152UZPE01152001T48MT02EBS001H0421F0421|52UZPE01152001T48MT02EBS001H042152UZPE01152001T48MT02EBS001H0421F0421CC130712275
3|1610|DILAN|JOSUA|TREJO|GOMEZ|TI|1138526195|2008-07-18|1|2|3|9998|3|1||1|07|||8|70.0|170|||2||||||||||||52UZPE01152001T48MT02EBS001H042152UZPE01152001T48MT02EBS001H0421F0421|52UZPE01152001T48MT02EBS001H042152UZPE01152001T48MT02EBS001H0421F0421TI1138526195
3|1611|MELANY|NO|OROZCO|CEBALLOS|TI|1080059383|2010-01-23|2|2|3|9998|3|1||1|07|||8|60.0|161|||2||||||||||||52UZPE01152001T48MT02EBS001H042252UZPE01152001T48MT02EBS001H0422F0422|52UZPE01152001T48MT02EBS001H042252UZPE01152001T48MT02EBS001H0422F0422TI1080059383
3|1612|DORIS|DELCARMEN|CEBALLOS|PINZA|CC|59832019|1976-03-29|2|2|1|9998|3|1||7|07|||8|51.0|161|||2||||||||||||52UZPE01152001T48MT02EBS001H042252UZPE01152001T48MT02EBS001H0422F0422|52UZPE01152001T48MT02EBS001H042252UZPE01152001T48MT02EBS001H0422F0422CC59832019
3|1613|ZULIEN|CRISTINA|OVIEDO|PANTOJA|CC|59652901|1984-07-09|2|2|1|5169|5|1||7|07|||8|65.0|168|||2||||||||||||52UZPE01152001T48MT02EBS001H042352UZPE01152001T48MT02EBS001H0423F0423|52UZPE01152001T48MT02EBS001H042352UZPE01152001T48MT02EBS001H0423F0423CC59652901
3|1614|MATHIAS|DAVID|NARVAEZ|CARATAR|RC|1082658265|2014-08-29|1|2|3|9998|3|1||8|07|||8|32.0|128|||2||||||||||||52UZPE01152001T48MT03EBS001H042452UZPE01152001T48MT03EBS001H0424F0424|52UZPE01152001T48MT03EBS001H042452UZPE01152001T48MT03EBS001H0424F0424RC1082658265
3|1615|MARIMAT|CENEIDA|CARATAR|ERAZO|CC|1082658258|1996-06-26|2|2|1|5169|3|1||7|07|||8|70.0|165|||2||||||||||||52UZPE01152001T48MT03EBS001H042452UZPE01152001T48MT03EBS001H0424F0424|52UZPE01152001T48MT03EBS001H042452UZPE01152001T48MT03EBS001H0424F0424CC1082658258
3|1616|DIANA|FERNANDA|DELGADO|MELO|CC|59822940|1973-02-26|2|2|2|9998|9|1||7|07|||8|94.0|156|||2||||||||||||52UZPE01152001T48MT03EBS001H042552UZPE01152001T48MT03EBS001H0425F0425|52UZPE01152001T48MT03EBS001H042552UZPE01152001T48MT03EBS001H0425F0425CC59822940
3|1617|RAUL|NOTIENE|ORDONEZ|MARTINEZ|CC|5210122|1969-04-05|1|2|1|9510|8|1||7|07|||8|10.0|175|||2||||||||||||52UZPE01152001T48MT03EBS001H042552UZPE01152001T48MT03EBS001H0425F0425|52UZPE01152001T48MT03EBS001H042552UZPE01152001T48MT03EBS001H0425F0425CC5210122
3|1618|DIANA|GABRIELA|ORDONEZ|DELGADO|CC|1004190849|2002-02-10|2|2|3|5169|7|2||4|07|||3|50.0|155|||2||||||||||||52UZPE01152001T48MT03EBS001H042552UZPE01152001T48MT03EBS001H0425F0425|52UZPE01152001T48MT03EBS001H042552UZPE01152001T48MT03EBS001H0425F0425CC1004190849
3|1619|LIAN|ISAAC|DELACRUZ|YARPAZ|RC|1080073435|2023-01-27|1|2|3|9998|3|1||8|07|||8|||||2||||||||||||52UZPE01152001T48MT03EBS001H042652UZPE01152001T48MT03EBS001H0426F0426|52UZPE01152001T48MT03EBS001H042652UZPE01152001T48MT03EBS001H0426F0426RC1080073435
3|1620|DAVID|MAURICIO|DELACRUZ|CASTRO|CC|1085325623|1995-12-07|1|2|1|5169|3|1||7|07|||8|66.0|177|||2||||||||||||52UZPE01152001T48MT03EBS001H042652UZPE01152001T48MT03EBS001H0426F0426|52UZPE01152001T48MT03EBS001H042652UZPE01152001T48MT03EBS001H0426F0426CC1085325623
3|1621|YULIETH|STEFANY|YARPAZ|TOVAR|CC|10853433157|1998-12-01|2|2|2|9998|8|1||7|07|||8|59.0|155|||2||||||||||||52UZPE01152001T48MT03EBS001H042652UZPE01152001T48MT03EBS001H0426F0426|52UZPE01152001T48MT03EBS001H042652UZPE01152001T48MT03EBS001H0426F0426CC10853433157
3|1622|JHON|JAIRO|SALAS|PATINO|CC|1085251969|1988-12-28|1|2|1|5169|7|2||7|07|||8|85.0|177|||2||||||||||||52UZPE01152001T48MT03EBS001H042752UZPE01152001T48MT03EBS001H0427F0427|52UZPE01152001T48MT03EBS001H042752UZPE01152001T48MT03EBS001H0427F0427CC1085251969
3|1623|CARLOS|NOTIENE|PAREDES|MARTINEZ|CC|12958111|1952-01-02|1|2|1|9510|9|2||3|05|||8|85.0|180|||2||||||||||||52UZPE01152001T48MT03EBS001H042852UZPE01152001T48MT03EBS001H0428F0428|52UZPE01152001T48MT03EBS001H042852UZPE01152001T48MT03EBS001H0428F0428CC12958111
3|1624|EDID|MILENA|LASSO|CANDELO|CC|34516607|1973-07-30|2|2|2|5169|7|2||7|06|||8|67.0|165|||2||||||||||||52UZPE01152001T48MT03EBS001H042852UZPE01152001T48MT03EBS001H0428F0428|52UZPE01152001T48MT03EBS001H042852UZPE01152001T48MT03EBS001H0428F0428CC34516607
3|1625|MARIA|JOSE|QUINTERO|CUCHALA|CC|1004192820|2003-06-11|2|2|6|9998|3|1||7|01|||8|57.0|160|||2||||||||||||52UZPE01152001T48MT03EBS001H042952UZPE01152001T48MT03EBS001H0429F0429|52UZPE01152001T48MT03EBS001H042952UZPE01152001T48MT03EBS001H0429F0429CC1004192820
3|1626|FLOR|DEMARIA|GUERRERO|ESPINOSA|CC|27486483|1955-05-01|2|2|5|9998|2|1||3|01|||8|83.0|167|||2||||||||||||52UZPE01152001T48MT03EBS001H042952UZPE01152001T48MT03EBS001H0429F0429|52UZPE01152001T48MT03EBS001H042952UZPE01152001T48MT03EBS001H0429F0429CC27486483
3|1627|JOSE|LIBARDO|QUINTERO|GUERRERO|CC|12745646|1970-12-05|1|2|3|5169|9|2||7|01|||8|75.0|167|||2||||||||||||52UZPE01152001T48MT03EBS001H042952UZPE01152001T48MT03EBS001H0429F0429|52UZPE01152001T48MT03EBS001H042952UZPE01152001T48MT03EBS001H0429F0429CC12745646
3|1628|HECTOR|ANDRES|SANTANDER|YELA|CC|1087027306|1993-03-22|1|2|6|9510|8|1||3|07|||8|60.0|155|||2||||||||||||52UZPE01152001T48MT03EBS001H043052UZPE01152001T48MT03EBS001H0430F0430|52UZPE01152001T48MT03EBS001H043052UZPE01152001T48MT03EBS001H0430F0430CC1087027306
3|1629|FANNY|MAGALY|MONTENEGRO|OVIEDO|CC|27513089|1979-01-12|2|2|2|9510|3|2||7|07|||8|67.0|155|||2||||||||||||52UZPE01152001T48MT03EBS001H043152UZPE01152001T48MT03EBS001H0431F0431|52UZPE01152001T48MT03EBS001H043152UZPE01152001T48MT03EBS001H0431F0431CC27513089
3|1630|ALVARO|ANTONIO|RAMIRES|LONDONO|CC|6146374|1964-07-06|1|2|2|9510|3|1||3|07|||8|10.0|156|||2||||||||||||52UZPE01152001T48MT03EBS001H043152UZPE01152001T48MT03EBS001H0431F0431|52UZPE01152001T48MT03EBS001H043152UZPE01152001T48MT03EBS001H0431F0431CC6146374
3|1631|MARIA|DELMAR|RAMIREZ|MONTENEGRO|CC|1006050723|2002-06-06|2|2|3|9998|8|1||7|07|||8|60.0|160|||2||||||||||||52UZPE01152001T48MT03EBS001H043152UZPE01152001T48MT03EBS001H0431F0431|52UZPE01152001T48MT03EBS001H043152UZPE01152001T48MT03EBS001H0431F0431CC1006050723
3|1632|ALVARO|JAVIER|GUERRERO|MONTENEGRO|CC|10852755821|1989-06-09|1|2|3|9510|3|1||7|07|||8|65.0|165|||2||||||||||||52UZPE01152001T48MT03EBS001H043252UZPE01152001T48MT03EBS001H0432F0432|52UZPE01152001T48MT03EBS001H043252UZPE01152001T48MT03EBS001H0432F0432CC10852755821
3|1633|DAVID|REINALDO|ERAZO|GALLO|CC|1085321857|1995-03-27|1|2|2|5169|9|2||7|07|||8|80.0|170|||2||||||||||||52UZPE01152001T48MT03EBS001H043352UZPE01152001T48MT03EBS001H0433F0433|52UZPE01152001T48MT03EBS001H043352UZPE01152001T48MT03EBS001H0433F0433CC1085321857
3|1634|ELIANA|GABRIELA|CRIOLLO|CARLOSAMA|CC|1085324265|1995-09-26|2|2|2|5169|9|2||7|07|||8|60.0|160|||2||||||||||||52UZPE01152001T48MT03EBS001H043352UZPE01152001T48MT03EBS001H0433F0433|52UZPE01152001T48MT03EBS001H043352UZPE01152001T48MT03EBS001H0433F0433CC1085324265
3|1635|ELIZABETH|CRISTINA|ORDONEZ|CABRERA|CC|1087643452|1988-01-17|2|2|5|9622|7|1||7|07|||8|60.0|156|||2||||||||||||52UZPE01152001T48MT03EBS001H043452UZPE01152001T48MT03EBS001H0434F0434|52UZPE01152001T48MT03EBS001H043452UZPE01152001T48MT03EBS001H0434F0434CC1087643452
3|1636|CRISTOPHER|NOTIENE|REALPE|ORDONEZ|TI|1030002304|2017-05-23|1|2|3|9998|3|1||8|07|||8|36.0|130|||2||||||||||||52UZPE01152001T48MT03EBS001H043452UZPE01152001T48MT03EBS001H0434F0434|52UZPE01152001T48MT03EBS001H043452UZPE01152001T48MT03EBS001H0434F0434TI1030002304
3|1637|HOLE|VANESSA|REVELO|NARVAEZ|CC|1085285473|1991-01-03|2|2|1|9510|3|1||7|07|||8|67.0|160|||2||||||||||||52UZPE01152001T48MT03EBS001H043552UZPE01152001T48MT03EBS001H0435F0435|52UZPE01152001T48MT03EBS001H043552UZPE01152001T48MT03EBS001H0435F0435CC1085285473
3|1638|MEGAN|LUNA|GALLEGO|REVELO|TI|1081284877|2015-02-16|2|2|3|9998|3|1||8|07|||8|42.0|113|||2||||||||||||52UZPE01152001T48MT03EBS001H043552UZPE01152001T48MT03EBS001H0435F0435|52UZPE01152001T48MT03EBS001H043552UZPE01152001T48MT03EBS001H0435F0435TI1081284877
3|1639|HELEN|ISABELLA|ALVAREZ|BURBANO|TI|1081281293|2010-11-14|2|2|3|9998|3|5||1|07|||8|52.0|150|||2||||||||||||52UZPE01152001T48MT03EBS001H043652UZPE01152001T48MT03EBS001H0436F0436|52UZPE01152001T48MT03EBS001H043652UZPE01152001T48MT03EBS001H0436F0436TI1081281293
3|1640|IVAN|JAVIER|ALVAREZ|RUIZ|CC|5292947|1983-03-17|1|2|1|5169|8|5||7|07|||8|70.0|168|||2||||||||||||52UZPE01152001T48MT03EBS001H043652UZPE01152001T48MT03EBS001H0436F0436|52UZPE01152001T48MT03EBS001H043652UZPE01152001T48MT03EBS001H0436F0436CC5292947
3|1641|DORIS|JANETH|BURBANO|TREJO|CC|27091854|1979-09-28|2|2|2|5169|9|2||7|07|||8|50.0|155|||2||||||||||||52UZPE01152001T48MT03EBS001H043652UZPE01152001T48MT03EBS001H0436F0436|52UZPE01152001T48MT03EBS001H043652UZPE01152001T48MT03EBS001H0436F0436CC27091854
3|1642|RLIANA|XIMENA|LOPEZ|MATABANCHOY|CC|59314344|1983-07-27|2|2|1|9510|3|1||7|07|||8|45.0|157|||2||||||||||||52UZPE01152001T48MT03EBS001H043752UZPE01152001T48MT03EBS001H0437F0437|52UZPE01152001T48MT03EBS001H043752UZPE01152001T48MT03EBS001H0437F0437CC59314344
3|1643|VALENTINA|NOTIENE|GARCIA|LOPEZ|TI|1080697735|2012-07-05|2|2|3|9998|3|2||1|07|||8|46.0|153|||2||||||||||||52UZPE01152001T48MT03EBS001H043752UZPE01152001T48MT03EBS001H0437F0437|52UZPE01152001T48MT03EBS001H043752UZPE01152001T48MT03EBS001H0437F0437TI1080697735
3|1644|JOHAN|FERNANDO|GARCIA|LOPEZ|TI|10800521195|2008-06-14|1|2|3|9998|3|1||1|07|||3|58.0|162|||2||||||||||||52UZPE01152001T48MT03EBS001H043752UZPE01152001T48MT03EBS001H0437F0437|52UZPE01152001T48MT03EBS001H043752UZPE01152001T48MT03EBS001H0437F0437TI10800521195
3|1645|JUAN|PABLO|GIRALDO|HOLGUIN|CC|1005895809|2002-07-10|1|2|6|9622|3|2||7|07|||8|65.0|170|||2||||||||||||52UZPE01152001T48MT03EBS001H043852UZPE01152001T48MT03EBS001H0438F0438|52UZPE01152001T48MT03EBS001H043852UZPE01152001T48MT03EBS001H0438F0438CC1005895809
3|1646|DAVID|ALEJANDRO|GOMEZ|PISTALLOS|CC|1007190286|2003-09-30|1|2|1|9998|9|2||7|07|||8|68.0|171|||2||||||||||||52UZPE01152001T48MT03EBS001H043952UZPE01152001T48MT03EBS001H0439F0439|52UZPE01152001T48MT03EBS001H043952UZPE01152001T48MT03EBS001H0439F0439CC1007190286
3|1647|NIXON|FERNA|SANCHEZ|CHANLAGAY|CC|1004550341|2001-06-27|1|2|6|9998|9|1||7|07|||8|60.0|160|||2||||||||||||52UZPE01152001T48MT03EBS001H044052UZPE01152001T48MT03EBS001H0440F0440|52UZPE01152001T48MT03EBS001H044052UZPE01152001T48MT03EBS001H0440F0440CC1004550341
3|1648|YULI|ANDREA|VILLAREAL|CHAVEZ|CC|1085267326|1987-12-23|2|2|2|5169|7|2||7|07|||8|80.0|158|||2||||||||||||52UZPE01152001T48MT03EBS001H044152UZPE01152001T48MT03EBS001H0441F0441|52UZPE01152001T48MT03EBS001H044152UZPE01152001T48MT03EBS001H0441F0441CC1085267326
3|1649|PEDRO|DANIEL|BARRERA|CORAL|CC|87067318|1984-10-18|1|2|2|5169|3|2||7|07|||8|86.0|175|||2||||||||||||52UZPE01152001T48MT03EBS001H044152UZPE01152001T48MT03EBS001H0441F0441|52UZPE01152001T48MT03EBS001H044152UZPE01152001T48MT03EBS001H0441F0441CC87067318
3|1650|JUAN|PABLO|PARAGUAY|RIVERA|CC|98415915|1987-03-24|1|2|2|5169|3|2||7|07|||8|60.0|163|||2||||||||||||52UZPE01152001T48MT03EBS001H044252UZPE01152001T48MT03EBS001H0442F0442|52UZPE01152001T48MT03EBS001H044252UZPE01152001T48MT03EBS001H0442F0442CC98415915
3|1651|JUAN|DIEGO|PARAGUAY|LAGOS|TI|108006667|2016-12-31|1|2|3|9998|3|2||8|07|||8|22.0|120|||2||||||||||||52UZPE01152001T48MT03EBS001H044252UZPE01152001T48MT03EBS001H0442F0442|52UZPE01152001T48MT03EBS001H044252UZPE01152001T48MT03EBS001H0442F0442TI108006667
3|1652|TANIA|STEFANIA|LAGOS|PINTA|CC|1086329039|1988-01-26|2|2|2|5169|9|2||7|07|||8|43.0|148|||2||||||||||||52UZPE01152001T48MT03EBS001H044252UZPE01152001T48MT03EBS001H0442F0442|52UZPE01152001T48MT03EBS001H044252UZPE01152001T48MT03EBS001H0442F0442CC1086329039
3|1653|OMAR|CONTADO|ESPANA|MESIAS|CC|98383904|1973-02-08|1|2|2|5169|9|2||7|07|||8|75.0|170|||2||||||||||||52UZPE01152001T48MT03EBS001H044352UZPE01152001T48MT03EBS001H0443F0443|52UZPE01152001T48MT03EBS001H044352UZPE01152001T48MT03EBS001H0443F0443CC98383904
3|1654|EMILI|NOTIENE|ESPANA|ALVARADO|RC|1030001197|2013-03-07|2|2|3|9998|3|2||1|07|||8|55.0|150|||2||||||||||||52UZPE01152001T48MT03EBS001H044352UZPE01152001T48MT03EBS001H0443F0443|52UZPE01152001T48MT03EBS001H044352UZPE01152001T48MT03EBS001H0443F0443RC1030001197
3|1655|CLAUDIA|NOTIENE|ALVARADO|CORAL|CC|27081544|1977-05-20|2|2|2|9998|8|2||7|07|||8|70.0|153|||2||||||||||||52UZPE01152001T48MT03EBS001H044352UZPE01152001T48MT03EBS001H0443F0443|52UZPE01152001T48MT03EBS001H044352UZPE01152001T48MT03EBS001H0443F0443CC27081544
3|1656|JUAN|PABLO|ESPANA|ALVARADO|CC|1004193593|2002-07-09|1|2|3|9998|3|1||7|07|||8|70.0|153|||2||||||||||||52UZPE01152001T48MT03EBS001H044352UZPE01152001T48MT03EBS001H0443F0443|52UZPE01152001T48MT03EBS001H044352UZPE01152001T48MT03EBS001H0443F0443CC1004193593
3|1657|LIGIA|MERCEDES|ORTEGA|CAICEDO|CC|30740248|1956-06-23|2|2|2|9510|8|2||3|07|||8|44.0|148|||2||||||||||||52UZPE01152001T48MT03EBS001H044452UZPE01152001T48MT03EBS001H0444F0444|52UZPE01152001T48MT03EBS001H044452UZPE01152001T48MT03EBS001H0444F0444CC30740248
3|1658|ALEJANDRO|ANTONIO|CERON|VELASQUEZ|CC|12973330|1956-01-13|1|2|1|9998|8|2||3|07|||8|70.0|168|||2||||||||||||52UZPE01152001T48MT03EBS001H044452UZPE01152001T48MT03EBS001H0444F0444|52UZPE01152001T48MT03EBS001H044452UZPE01152001T48MT03EBS001H0444F0444CC12973330
3|1659|JAIRO|FERNANDO|NARVAEZ|LOZANO|CC|12984294|1962-06-13|1|2|1|9622|8|1||3|07|||8|70.0|165|||2||||||||||||52UZPE01152001T48MT03EBS001H044552UZPE01152001T48MT03EBS001H0445F0445|52UZPE01152001T48MT03EBS001H044552UZPE01152001T48MT03EBS001H0445F0445CC12984294
3|1660|MONICA|YAKELINE|BENITES|OCANA|CC|30730092|1965-03-09|2|2|2|9998|3|1||3|07|||8|65.0|155|||2||||||||||||52UZPE01152001T48MT03EBS001H044552UZPE01152001T48MT03EBS001H0445F0445|52UZPE01152001T48MT03EBS001H044552UZPE01152001T48MT03EBS001H0445F0445CC30730092
3|1661|DAVID|FERNANDO|NARVAEZ|BENITES|CC|1106896746|1990-05-09|1|2|3|5169|9|2||7|07|||8|65.0|155|||2||||||||||||52UZPE01152001T48MT03EBS001H044552UZPE01152001T48MT03EBS001H0445F0445|52UZPE01152001T48MT03EBS001H044552UZPE01152001T48MT03EBS001H0445F0445CC1106896746
3|1662|ANA|CRISTINA|CRIOLLO|NO|CC|30736811|1960-05-03|2|2|1|9510|3|1||3|07|||8|82.0|157|||2||||||||||||52UZPE01152001T48MT02EBS001H044652UZPE01152001T48MT02EBS001H0446F0446|52UZPE01152001T48MT02EBS001H044652UZPE01152001T48MT02EBS001H0446F0446CC30736811
3|1663|MENY|NATHALY|CARNEDAS|CAMPANA|CC|1085246174|1985-10-16|2|2|1|5169|5|2||7|07|||8|58.0|165|||2||||||||||||52UZPE01152001T48MT02EBS001H044752UZPE01152001T48MT02EBS001H0447F0447|52UZPE01152001T48MT02EBS001H044752UZPE01152001T48MT02EBS001H0447F0447CC1085246174
3|1664|OSCAR|IVAN|MENDOZA|ORTIZ|CC|80205518|1984-07-08|1|2|2|5169|7|2||7|07|||8|76.0|164|||2||||||||||||52UZPE01152001T48MT02EBS001H044752UZPE01152001T48MT02EBS001H0447F0447|52UZPE01152001T48MT02EBS001H044752UZPE01152001T48MT02EBS001H0447F0447CC80205518
3|1665|RUBEN|DARIO|OTERO|OBANDO|CC|1007344586|2001-02-01|1|2|1|9998|9|1||7|07|||8|60.0|147|||2||||||||||||52UZPE01152001T48MT02EBS001H044852UZPE01152001T48MT02EBS001H0448F0448|52UZPE01152001T48MT02EBS001H044852UZPE01152001T48MT02EBS001H0448F0448CC1007344586
3|1666|YADIRA|LORENA|OBANDO|GUEVARA|CC|27388327|1976-08-20|2|2|3|9998|3|1||7|07|||8|62.0|147|||2||||||||||||52UZPE01152001T48MT02EBS001H044852UZPE01152001T48MT02EBS001H0448F0448|52UZPE01152001T48MT02EBS001H044852UZPE01152001T48MT02EBS001H0448F0448CC27388327
3|1667|DIANA|PATRICIA|QUINTERO|MARIAN|CC|10233192552|1998-09-11|2|2|1|9510|3|1||7|07|||8|52.0|163|||2||||||||||||52UZPE01152001T48MT03EBS001H044952UZPE01152001T48MT03EBS001H0449F0449|52UZPE01152001T48MT03EBS001H044952UZPE01152001T48MT03EBS001H0449F0449CC10233192552
3|1668|MATIAS|ALEJANDRO|BASTIDAS|QUINTERO|TI|108006603|2016-12-24|1|2|3|9998|3|1||8|07|||8|28.0|120|||2||||||||||||52UZPE01152001T48MT03EBS001H044952UZPE01152001T48MT03EBS001H0449F0449|52UZPE01152001T48MT03EBS001H044952UZPE01152001T48MT03EBS001H0449F0449TI108006603
3|1669|TOMAS|DANIEL|ENRIQUEZ|OCAMPO|TI|1080298959|2013-07-01|1|2|3|9998|3|2||1|07|||8|37.0|148|||2||||||||||||52UZPE01152001T48MT03EBS001H045052UZPE01152001T48MT03EBS001H0450F0450|52UZPE01152001T48MT03EBS001H045052UZPE01152001T48MT03EBS001H0450F0450TI1080298959
3|1670|ANTONELLA|NOTIENE|ENRIQUEZ|OCAMPO|RC|1080705579|2018-09-06|2|2|3|9998|3|2||8|07|||8|35.0|128|||2||||||||||||52UZPE01152001T48MT03EBS001H045052UZPE01152001T48MT03EBS001H0450F0450|52UZPE01152001T48MT03EBS001H045052UZPE01152001T48MT03EBS001H0450F0450RC1080705579
3|1671|DANIEL|EDUARDO|ENRIQUEZ|DIAZ|CC|1085320926|1992-04-30|1|2|2|5169|9|2||7|07|||8|72.0|163|||2||||||||||||52UZPE01152001T48MT03EBS001H045052UZPE01152001T48MT03EBS001H0450F0450|52UZPE01152001T48MT03EBS001H045052UZPE01152001T48MT03EBS001H0450F0450CC1085320926
3|1672|LUISA|FERNANDA|OCAMPO|SANTA|CC|1085328935|1995-12-22|2|2|2|9998|9|2||7|07|||8|63.0|163|||2||||||||||||52UZPE01152001T48MT03EBS001H045052UZPE01152001T48MT03EBS001H0450F0450|52UZPE01152001T48MT03EBS001H045052UZPE01152001T48MT03EBS001H0450F0450CC1085328935
3|1673|MIGUEL|ANDRES|ZUNIGA|ZUNIGA|CC|1089844891|1987-01-23|1|2|3|5169|3|2||7|07|||8|65.0|170|||2||||||||||||52UZPE01152001T48MT03EBS001H045152UZPE01152001T48MT03EBS001H0451F0451|52UZPE01152001T48MT03EBS001H045152UZPE01152001T48MT03EBS001H0451F0451CC1089844891
3|1674|AIDA|ROSALBA|ZUNIGA|MELO|CC|27219189|1954-08-03|2|2|5|9998|3|1||3|07|||3|50.0|165|||2||||||||||||52UZPE01152001T48MT03EBS001H045152UZPE01152001T48MT03EBS001H0451F0451|52UZPE01152001T48MT03EBS001H045152UZPE01152001T48MT03EBS001H0451F0451CC27219189
3|1675|JAIME|NOTIENE|LEDEZMA|LEGARDA|CC|1085270899|1989-01-28|1|2|6|5169|9|2||4|07|||1|13.0|176|||2||||||||||||52UZPE01152001T48MT03EBS001H045252UZPE01152001T48MT03EBS001H0452F0452|52UZPE01152001T48MT03EBS001H045252UZPE01152001T48MT03EBS001H0452F0452CC1085270899
3|1676|MARIA|ALEJANDRA|OBREGON|NOGUERA|CC|1080049865|2007-07-14|2|2|3|9998|3|2||7|07|||8|65.0|170|||2||||||||||||52UZPE01152001T48MT03EBS001H045352UZPE01152001T48MT03EBS001H0453F0453|52UZPE01152001T48MT03EBS001H045352UZPE01152001T48MT03EBS001H0453F0453CC1080049865
3|1677|MARIA|HELENA|NOGUERA|ZUNIGA|CC|37087148|1981-07-17|2|2|5|5169|3|2||7|07|||8|50.0|152|||2||||||||||||52UZPE01152001T48MT03EBS001H045352UZPE01152001T48MT03EBS001H0453F0453|52UZPE01152001T48MT03EBS001H045352UZPE01152001T48MT03EBS001H0453F0453CC37087148
3|1678|ANGELA|MARCELA|BASTIDAS|NOREFIERE|CC|1085286166|1991-02-04|2|2|2|5169|9|2||7|07|||8|82.0|171|||2||||||||||||52UZPE01152001T48MT03EBS001H045452UZPE01152001T48MT03EBS001H0454F0454|52UZPE01152001T48MT03EBS001H045452UZPE01152001T48MT03EBS001H0454F0454CC1085286166
3|1679|WILDER|NOREGISTRA|NAVIA|CHAPAL|CC|1126449389|1994-05-19|1|2|2|5169|5|2||7|07|||8|86.0|173|||2||||||||||||52UZPE01152001T48MT03EBS001H045452UZPE01152001T48MT03EBS001H0454F0454|52UZPE01152001T48MT03EBS001H045452UZPE01152001T48MT03EBS001H0454F0454CC1126449389
3|1680|MARIA|CECILIA|ESTRADA|NO|CC|30725128|1970-08-07|2|2|1|9998|3|1||7|07|||8|62.0|147|||2||||||||||||52UZPE01152001T48MT02EBS001H045552UZPE01152001T48MT02EBS001H0455F0455|52UZPE01152001T48MT02EBS001H045552UZPE01152001T48MT02EBS001H0455F0455CC30725128
3|1681|FABIO|ALEXANDER|DIAZ|ESTRADA|CC|13072053|1981-11-17|1|2|3|9510|3|2||7|07|||8|79.0|176|||2||||||||||||52UZPE01152001T48MT02EBS001H045552UZPE01152001T48MT02EBS001H0455F0455|52UZPE01152001T48MT02EBS001H045552UZPE01152001T48MT02EBS001H0455F0455CC13072053
3|1682|LUIS|LEONARDO|DIAZ|NO|CC|12979757|1973-01-18|1|2|2|9998|3|2||7|07|||8|77.0|158|||2||||||||||||52UZPE01152001T48MT02EBS001H045552UZPE01152001T48MT02EBS001H0455F0455|52UZPE01152001T48MT02EBS001H045552UZPE01152001T48MT02EBS001H0455F0455CC12979757
3|1683|JULIANA|SOFIA|AGREDA|LOPEZ|CC|1085337351|1997-06-28|2|2|2|9998|3|1||7|07|||8|66.0|158|||2||||||||||||52UZPE01152001T48MT02EBS001H045652UZPE01152001T48MT02EBS001H0456F0456|52UZPE01152001T48MT02EBS001H045652UZPE01152001T48MT02EBS001H0456F0456CC1085337351
3|1684|NICOLAS|NO|LOPEZ|NARVAEZ|CC|1085334480|1997-08-10|1|2|2|9510|3|1||7|07|||8|76.0|160|||2||||||||||||52UZPE01152001T48MT02EBS001H045652UZPE01152001T48MT02EBS001H0456F0456|52UZPE01152001T48MT02EBS001H045652UZPE01152001T48MT02EBS001H0456F0456CC1085334480
3|1685|DANIELA|NOTIENE|POPAYAN|CHAMORRO|CC|1138524046|2004-12-22|2|2|3|9998|3|2||7|07|||8|50.0|155|||2||||||||||||52UZPE01152001T48MT03EBS001H045752UZPE01152001T48MT03EBS001H0457F0457|52UZPE01152001T48MT03EBS001H045752UZPE01152001T48MT03EBS001H0457F0457CC1138524046
3|1686|ALEJANDRA|NO|PORTILLA|MONTENEGRO|CC|1085264780|1987-08-14|2|2|1|9510|3|1||7|07|||8|80.0|152|||2||||||||||||52UZPE01152001T48MT02EBS001H045852UZPE01152001T48MT02EBS001H0458F0458|52UZPE01152001T48MT02EBS001H045852UZPE01152001T48MT02EBS001H0458F0458CC1085264780
3|1687|ANABEL|NO|MOLINA|NO|CC|1085281928|1989-03-14|1|2|1|9998|3|2||7|07|||8|50.0|155|||2||||||||||||52UZPE01152001T48MT02EBS001H045952UZPE01152001T48MT02EBS001H0459F0459|52UZPE01152001T48MT02EBS001H045952UZPE01152001T48MT02EBS001H0459F0459CC1085281928
3|1688|JHON|JAIRO|DIAZ|NO|CC|1012352865|1989-05-20|1|2|2|5169|5|2||7|07|||8|70.0|165|||2||||||||||||52UZPE01152001T48MT02EBS001H045952UZPE01152001T48MT02EBS001H0459F0459|52UZPE01152001T48MT02EBS001H045952UZPE01152001T48MT02EBS001H0459F0459CC1012352865
3|1689|CLARA|OFELIA|PASOS|OVIEDO|CC|59813702|1970-05-05|2|2|1|9622|3|1||7|07|||8|73.0|154|||2||||||||||||52UZPE01152001T48MT02EBS001H046052UZPE01152001T48MT02EBS001H0460F0460|52UZPE01152001T48MT02EBS001H046052UZPE01152001T48MT02EBS001H0460F0460CC59813702
3|1690|ALEXANDER|CAMILO|MOLINA|PASOS|CC|1085334666|1997-04-12|1|2|3|9510|3|1||7|07|||8|64.0|165|||2||||||||||||52UZPE01152001T48MT02EBS001H046052UZPE01152001T48MT02EBS001H0460F0460|52UZPE01152001T48MT02EBS001H046052UZPE01152001T48MT02EBS001H0460F0460CC1085334666
3|1691|NATALIA|NOTIENE|LEYTON|IBARRA|CC|1233193286|1999-03-26|2|2|2|9622|9|5||7|07|||8|65.0|172|||2||||||||||||52UZPE01152001T48MT03EBS001H046152UZPE01152001T48MT03EBS001H0461F0461|52UZPE01152001T48MT03EBS001H046152UZPE01152001T48MT03EBS001H0461F0461CC1233193286
3|1692|SANDRA|MARLENY|ORTEGA|MALES|CC|36752379|1979-01-09|2|2|2|9998|7|1||7|07|||8|54.0|152|||2||||||||||||52UZPE01152001T48MT02EBS001H046352UZPE01152001T48MT02EBS001H0463F0463|52UZPE01152001T48MT02EBS001H046352UZPE01152001T48MT02EBS001H0463F0463CC36752379
3|1693|PEDRO|VICENTE|NARVAEZ|MARTINEZ|CC|12993261|1967-07-02|1|2|2|9510|7|1||7|07|||8|65.0|167|||2||||||||||||52UZPE01152001T48MT02EBS001H046352UZPE01152001T48MT02EBS001H0463F0463|52UZPE01152001T48MT02EBS001H046352UZPE01152001T48MT02EBS001H0463F0463CC12993261
3|1694|DAVID|ALEJANDRO|NARVAEZ|ORTEGA|CC|1081276518|2007-03-04|1|2|3|9998|3|1||7|07|||8|60.0|160|||2||||||||||||52UZPE01152001T48MT02EBS001H046352UZPE01152001T48MT02EBS001H0463F0463|52UZPE01152001T48MT02EBS001H046352UZPE01152001T48MT02EBS001H0463F0463CC1081276518
3|1695|CHRISTIAN|CAMILO|MORAN|GUERRERO|CC|1061742680|1991-10-03|1|2|1|5169|9|2||7|07|||8|63.0|168|||2||||||||||||52UZPE01152001T48MT03EBS001H046452UZPE01152001T48MT03EBS001H0464F0464|52UZPE01152001T48MT03EBS001H046452UZPE01152001T48MT03EBS001H0464F0464CC1061742680
3|1696|DEISY|FERNANDA|MORALES|LOPEZ|CC|1085268086|1988-08-14|2|2|1|9998|3|2||7|07|||8|68.0|158|||2||||||||||||52UZPE01152001T48MT02EBS001H046552UZPE01152001T48MT02EBS001H0465F0465|52UZPE01152001T48MT02EBS001H046552UZPE01152001T48MT02EBS001H0465F0465CC1085268086
3|1697|JENIFER|NO|TUMBAJOY|SANTACRUZ|CC|108994288|1981-08-08|2|2|1|9998|3|1||7|07|||8|60.0|155|||2||||||||||||52UZPE01152001T48MT03EBS001H046652UZPE01152001T48MT03EBS001H0466F0466|52UZPE01152001T48MT03EBS001H046652UZPE01152001T48MT03EBS001H0466F0466CC108994288
3|1698|MICHAEL|NA|NATES|RUALES|CC|1085258079|1987-02-28|1|2|1|5169|9|2||7|07|||8|62.0|163|||2||||||||||||52UZPE01152001T48MT03EBS001H046752UZPE01152001T48MT03EBS001H0467F0467|52UZPE01152001T48MT03EBS001H046752UZPE01152001T48MT03EBS001H0467F0467CC1085258079
3|1699|MARIA|JOSE|ARAGON|MONTENEGRO|CC|1010013136|2000-02-29|2|2|1|5169|5|2||7|07|||8|55.0|155|||2||||||||||||52UZPE01152001T48MT03EBS001H046852UZPE01152001T48MT03EBS001H0468F0468|52UZPE01152001T48MT03EBS001H046852UZPE01152001T48MT03EBS001H0468F0468CC1010013136
3|1700|ISAAC|SEBASTIAN|CALDERON|MORA|RC|1080708242|2020-11-07|1|2|3|9998|3|1||8|07|||8|||||2||||||||||||52UZPE01152001T48MT03EBS001H046952UZPE01152001T48MT03EBS001H0469F0469|52UZPE01152001T48MT03EBS001H046952UZPE01152001T48MT03EBS001H0469F0469RC1080708242
3|1701|SANTIAGO|NONE|MAYA|MORA|TI|1080697642|2012-06-03|1|2|3|9998|3|1||1|07|||8|64.0|163|||2||||||||||||52UZPE01152001T48MT03EBS001H046952UZPE01152001T48MT03EBS001H0469F0469|52UZPE01152001T48MT03EBS001H046952UZPE01152001T48MT03EBS001H0469F0469TI1080697642
3|1702|MARILYN|CONSTANZA|MORA|ROMA|CC|1085292942|1991-11-10|2|2|2|9998|3|1||7|07|||8|59.0|157|||2||||||||||||52UZPE01152001T48MT03EBS001H046952UZPE01152001T48MT03EBS001H0469F0469|52UZPE01152001T48MT03EBS001H046952UZPE01152001T48MT03EBS001H0469F0469CC1085292942
3|1703|CRISTIAN|ESTEBAN|CALDERON|QUIGUANTAR|CC|1085307857|1993-07-04|1|2|1|9622|3|2||7|07|||8|78.0|165|||2||||||||||||52UZPE01152001T48MT03EBS001H046952UZPE01152001T48MT03EBS001H0469F0469|52UZPE01152001T48MT03EBS001H046952UZPE01152001T48MT03EBS001H0469F0469CC1085307857
3|1704|MARIA|VICTORIA|MARTINEZ|BURBANO|TI|1138526111|2008-05-11|2|2|3|9998|3|2||1|07|||8|54.0|158|||2||||||||||||52UZPE01152001T48MT03EBS001H047052UZPE01152001T48MT03EBS001H0470F0470|52UZPE01152001T48MT03EBS001H047052UZPE01152001T48MT03EBS001H0470F0470TI1138526111
3|1705|ADRIANA|DELROCIO|BURBANO|FIGUEROA|CC|59827793|1974-09-30|2|2|1|9998|8|2||7|07|||8|63.0|160|||2||||||||||||52UZPE01152001T48MT03EBS001H047052UZPE01152001T48MT03EBS001H0470F0470|52UZPE01152001T48MT03EBS001H047052UZPE01152001T48MT03EBS001H0470F0470CC59827793
3|1706|CRISTIAN|DAVID|MARTINEZ|BURBANO|CC|1081274550|2005-04-25|1|2|3|9998|3|1||7|07|||8|75.0|180|||2||||||||||||52UZPE01152001T48MT03EBS001H047052UZPE01152001T48MT03EBS001H0470F0470|52UZPE01152001T48MT03EBS001H047052UZPE01152001T48MT03EBS001H0470F0470CC1081274550
3|1707|MARIA|FERNANDA|BUCHELI|PANTOJA|TI|10800674453|2017-08-27|2|2|3|9998|3|2||8|07|||8|28.0|127|||2||||||||||||52UZPE01152001T48MT03EBS001H047152UZPE01152001T48MT03EBS001H0471F0471|52UZPE01152001T48MT03EBS001H047152UZPE01152001T48MT03EBS001H0471F0471TI10800674453
3|1708|GENY|MERCEDES|PANTOJA|CHAMORRO|CC|59310227|1982-12-19|2|2|2|5169|9|2||7|07|||8|71.0|156|||2||||||||||||52UZPE01152001T48MT03EBS001H047152UZPE01152001T48MT03EBS001H0471F0471|52UZPE01152001T48MT03EBS001H047152UZPE01152001T48MT03EBS001H0471F0471CC59310227
3|1709|JESUS|FERNANDO|BUCHELI|GUEVARA|CC|98382653|1972-10-28|1|2|1|5169|9|2||7|07|||8|75.0|172|||2||||||||||||52UZPE01152001T48MT03EBS001H047152UZPE01152001T48MT03EBS001H0471F0471|52UZPE01152001T48MT03EBS001H047152UZPE01152001T48MT03EBS001H0471F0471CC98382653
3|1710|GILBERTO|NONE|PARRA|GAMBOA|CC|12909226|1958-03-30|1|2|1|9622|2|2||3|07|||3|93.0|172|||2||||||||||||52UZPE01152001T48MT03EBS001H047252UZPE01152001T48MT03EBS001H0472F0472|52UZPE01152001T48MT03EBS001H047252UZPE01152001T48MT03EBS001H0472F0472CC12909226
3|1711|MARIA|ESTHER|DELGADO|DEPARRA|CC|30721124|1961-08-04|2|2|2|9998|2|2||3|07|||8|66.0|160|||2||||||||||||52UZPE01152001T48MT03EBS001H047252UZPE01152001T48MT03EBS001H0472F0472|52UZPE01152001T48MT03EBS001H047252UZPE01152001T48MT03EBS001H0472F0472CC30721124
3|1712|ALVARO|NONE|ROSERO|VELALCAZAR|CC|12960558|1954-03-26|1|2|1|9622|5|2||3|07|||8|81.0|164|||2||||||||||||52UZPE01152001T48MT03EBS001H047352UZPE01152001T48MT03EBS001H0473F0473|52UZPE01152001T48MT03EBS001H047352UZPE01152001T48MT03EBS001H0473F0473CC12960558
3|1713|ANA|LUCY|GUERRERO|CASTRO|CC|36753585|1974-01-14|2|2|5|9510|8|1||7|07|||8|57.0|155|||2||||||||||||52UZPE01152001T48MT03EBS001H047452UZPE01152001T48MT03EBS001H0474F0474|52UZPE01152001T48MT03EBS001H047452UZPE01152001T48MT03EBS001H0474F0474CC36753585
3|1714|JENNIFER|ALEJANDRA|MARTINEZ|GUERRERO|CC|1085317711|1994-12-30|2|2|3|5169|8|2||7|07|||8|70.0|155|||2||||||||||||52UZPE01152001T48MT03EBS001H047552UZPE01152001T48MT03EBS001H0475F0475|52UZPE01152001T48MT03EBS001H047552UZPE01152001T48MT03EBS001H0475F0475CC1085317711
3|1715|DANIELA|SOFIA|ARAUJO|MUNOZ|CC|1085342891|2003-09-16|2|2|1|9622|7|1||7|07|||8|57.0|160|||2||||||||||||52UZPE01152001T48MT03EBS001H047652UZPE01152001T48MT03EBS001H0476F0476|52UZPE01152001T48MT03EBS001H047652UZPE01152001T48MT03EBS001H0476F0476CC1085342891
3|1716|MARIA|FERNANDA|GUERRERO|CAMPO|CC|30738718|1967-11-10|2|2|2|9510|3|1||7|07|||8|76.0|160|||2||||||||||||52UZPE01152001T48MT03EBS001H047752UZPE01152001T48MT03EBS001H0477F0477|52UZPE01152001T48MT03EBS001H047752UZPE01152001T48MT03EBS001H0477F0477CC30738718
3|1717|GUSTAVO|ALBERTO|DELGADO|GONZALES|CC|12996396|1968-11-11|1|2|1|9622|2|1||7|07|||8|89.0|182|||2||||||||||||52UZPE01152001T48MT03EBS001H047752UZPE01152001T48MT03EBS001H0477F0477|52UZPE01152001T48MT03EBS001H047752UZPE01152001T48MT03EBS001H0477F0477CC12996396
3|1718|CRISTIAN|ANDRES|CEBALLOS|DELGADO|CC|1087008285|1999-01-26|1|2|1|9998|3|1||7|07|||8|70.0|165|||2||||||||||||52UZPE01152001T48MT03EBS001H047852UZPE01152001T48MT03EBS001H0478F0478|52UZPE01152001T48MT03EBS001H047852UZPE01152001T48MT03EBS001H0478F0478CC1087008285
3|1719|JUAN|FELIPE|ARAUJO|GALINDEZ|CC|1085691027|1999-09-06|1|2|1|9998|5|1||7|07|||8|68.0|170|||2||||||||||||52UZPE01152001T48MT03EBS001H047952UZPE01152001T48MT03EBS001H0479F0479|52UZPE01152001T48MT03EBS001H047952UZPE01152001T48MT03EBS001H0479F0479CC1085691027
3|1720|ANA|NOTIENE|CHAMORRO|BASANTE|CC|30744476|1969-06-26|2|2|2|5169|3|2||7|07|||8|58.0|158|||2||||||||||||52UZPE01152001T48MT03EBS001H048052UZPE01152001T48MT03EBS001H0480F0480|52UZPE01152001T48MT03EBS001H048052UZPE01152001T48MT03EBS001H0480F0480CC30744476
3|1721|NELLY|YOLANDA|BARCO|GUSTIN|CC|27286290|1981-02-18|2|2|1|5169|9|2||7|07|||8|52.0|145|||2||||||||||||52UZPE01152001T48MT03EBS001H048152UZPE01152001T48MT03EBS001H0481F0481|52UZPE01152001T48MT03EBS001H048152UZPE01152001T48MT03EBS001H0481F0481CC27286290
3|1722|ALEXANDER|NOTIENE|RODRIGUEZ|FARFAN|CC|98386471|1973-05-06|1|2|1|5169|9|2||7|07|||8|72.0|176|||2||||||||||||52UZPE01152001T48MT03EBS001H048252UZPE01152001T48MT03EBS001H0482F0482|52UZPE01152001T48MT03EBS001H048252UZPE01152001T48MT03EBS001H0482F0482CC98386471
3|1723|DEYSI|NOTIENE|BURBANO|RIASCOS|CC|1089459096|1990-08-10|2|2|2|5169|9|2||7|07|||8|60.0|156|||2||||||||||||52UZPE01152001T48MT03EBS001H048352UZPE01152001T48MT03EBS001H0483F0483|52UZPE01152001T48MT03EBS001H048352UZPE01152001T48MT03EBS001H0483F0483CC1089459096
3|1724|EDWIN|NOTIENE|ALVAREZ|BACA|CC|1089245058|1997-04-15|1|2|2|5169|8|2||7|07|||8|70.0|165|||2||||||||||||52UZPE01152001T48MT03EBS001H048352UZPE01152001T48MT03EBS001H0483F0483|52UZPE01152001T48MT03EBS001H048352UZPE01152001T48MT03EBS001H0483F0483CC1089245058
3|1725|PEDRO|ANDRES|BURGOS|RUIZ|TI|108695592|2015-04-04|1|2|3|9998|3|2||8|07|||8|60.0|177|||2||||||||||||52UZPE01152001T48MT03EBS001H048552UZPE01152001T48MT03EBS001H0485F0485|52UZPE01152001T48MT03EBS001H048552UZPE01152001T48MT03EBS001H0485F0485TI108695592
3|1726|PEDRO|NEL|BURGOS|HERNANDEZ|CC|98364659|1984-01-01|1|2|1|5169|9|2||7|07|||8|76.0|176|||2||||||||||||52UZPE01152001T48MT03EBS001H048552UZPE01152001T48MT03EBS001H0485F0485|52UZPE01152001T48MT03EBS001H048552UZPE01152001T48MT03EBS001H0485F0485CC98364659
3|1727|SARITA|VALERIA|NARVAEZ|PORTILLO|TI|1030021571|2013-05-12|2|2|3|9998|3|2||1|07|||8|50.0|155|||2||||||||||||52UZPE01152001T48MT03EBS001H048652UZPE01152001T48MT03EBS001H0486F0486|52UZPE01152001T48MT03EBS001H048652UZPE01152001T48MT03EBS001H0486F0486TI1030021571
3|1728|DEISY|MARIBEL|PORTILLO|MONTENEGRO|CC|59311264|1983-12-16|2|2|1|5169|9|2||7|07|||8|60.0|153|||2||||||||||||52UZPE01152001T48MT03EBS001H048652UZPE01152001T48MT03EBS001H0486F0486|52UZPE01152001T48MT03EBS001H048652UZPE01152001T48MT03EBS001H0486F0486CC59311264
3|1729|MERCEDES|NOTIENE|CEBALLO|MUNOZ|CC|30718574|1960-02-18|2|2|2|9998|3|2||3|07|||8|60.0|150|||2||||||||||||52UZPE01152001T48MT03EBS001H048752UZPE01152001T48MT03EBS001H0487F0487|52UZPE01152001T48MT03EBS001H048752UZPE01152001T48MT03EBS001H0487F0487CC30718574
3|1730|CARLOS|EDUARDO|PANTOJA|PATINO|CC|12965562|1955-09-20|1|2|2|9998|3|2||3|07|||8|60.0|160|||2||||||||||||52UZPE01152001T48MT03EBS001H048752UZPE01152001T48MT03EBS001H0487F0487|52UZPE01152001T48MT03EBS001H048752UZPE01152001T48MT03EBS001H0487F0487CC12965562
3|1731|MARIADELFINA|DELCARMEN|CHAMORRO|CARDENAS|CC|30703109|1952-07-17|2|2|1|9998|2|1||3|07|||8|71.0|154|||2||||||||||||52UZPE01152001T48MT03EBS001H048852UZPE01152001T48MT03EBS001H0488F0488|52UZPE01152001T48MT03EBS001H048852UZPE01152001T48MT03EBS001H0488F0488CC30703109
3|1732|JUAN|SEBASTIAN|ANDRADE|PANTOJA|TI|1080064240|2015-02-20|1|2|6|9998|3|1||8|06|||8|38.0|132|||2||||||||||||52UZPE01152001T48MT03EBS001H048852UZPE01152001T48MT03EBS001H0488F0488|52UZPE01152001T48MT03EBS001H048852UZPE01152001T48MT03EBS001H0488F0488TI1080064240
3|1733|JUAN|CAMILO|ANDRADE|PANTOJA|TI|1080056011|2009-11-16|1|2|6|9998|3|1||1|07|||8|50.0|154|||2||||||||||||52UZPE01152001T48MT03EBS001H048852UZPE01152001T48MT03EBS001H0488F0488|52UZPE01152001T48MT03EBS001H048852UZPE01152001T48MT03EBS001H0488F0488TI1080056011
3|1734|DAVID|ANDRES|ANDINO|PANTOJA|CC|1080330368|1996-07-29|1|2|3|5169|9|2||7|07|||8|75.0|175|||2||||||||||||52UZPE01152001T48MT03EBS001H048952UZPE01152001T48MT03EBS001H0489F0489|52UZPE01152001T48MT03EBS001H048952UZPE01152001T48MT03EBS001H0489F0489CC1080330368
3|1735|MAGDA|LUCELY|PANTOJA|CHAMORRO|CC|27087598|1976-12-24|2|2|1|5169|7|2||7|07|||8|60.0|157|||2||||||||||||52UZPE01152001T48MT03EBS001H048952UZPE01152001T48MT03EBS001H0489F0489|52UZPE01152001T48MT03EBS001H048952UZPE01152001T48MT03EBS001H0489F0489CC27087598
3|1736|KAREN|VIVIANA|CHAMORRO|ZAMBRANO|CC|1080691352|2005-03-10|2|2|3|5169|3|1||7|07|||8|69.0|162|||2||||||||||||52UZPE01152001T48MT03EBS001H049052UZPE01152001T48MT03EBS001H0490F0490|52UZPE01152001T48MT03EBS001H049052UZPE01152001T48MT03EBS001H0490F0490CC1080691352
3|1737|SANDRA|PATRICIA|ZAMBRANO|GAVILANES|CC|59828155|1971-04-14|2|2|5|5169|3|1||7|07|||8|64.0|170|||2||||||||||||52UZPE01152001T48MT03EBS001H049052UZPE01152001T48MT03EBS001H0490F0490|52UZPE01152001T48MT03EBS001H049052UZPE01152001T48MT03EBS001H0490F0490CC59828155
3|1738|CECILIA|NA|PANTOJA|NA|CC|37081990|1946-01-01|2|2|6|9998|2|1||3|07|||8|39.0|136|||2||||||||||||52UZPE01152001T48MT02EBS001H049152UZPE01152001T48MT02EBS001H0491F0491|52UZPE01152001T48MT02EBS001H049152UZPE01152001T48MT02EBS001H0491F0491CC37081990
3|1739|DIEGO|JAVIER|TOVAR|ALVARADO|CC|1088651817|1993-09-05|1|2|3|9998|7|1||7|07|||8|72.5|178|||2||||||||||||52UZPE01152001T48MT03EBS001H049252UZPE01152001T48MT03EBS001H0492F0492|52UZPE01152001T48MT03EBS001H049252UZPE01152001T48MT03EBS001H0492F0492CC1088651817
3|1740|EMMA|VICTORIA|SALAZAR|DERODRIGUEZ|CC|27055482|1938-09-07|2|2|6|9998|2|1||3|07|||8|57.0|141|||2||||||||||||52UZPE01152001T48MT02EBS001H049552UZPE01152001T48MT02EBS001H0495F0495|52UZPE01152001T48MT02EBS001H049552UZPE01152001T48MT02EBS001H0495F0495CC27055482
3|1741|LEONOR|NA|GUERRERO|NA|CC|37081992|1966-01-01|2|2|6|9998|2|1||7|07|||8|60.0|146|||2||||||||||||52UZPE01152001T48MT02EBS001H049652UZPE01152001T48MT02EBS001H0496F0496|52UZPE01152001T48MT02EBS001H049652UZPE01152001T48MT02EBS001H0496F0496CC37081992
3|1742|ARMANDO|NOTIENE|PABON|MARTINEZ|CC|12950568|1945-12-15|1|2|1|9998|8|1||3|07|||8|55.0|169|||2||||||||||||52UZPE01152001T48MT03EBS001H049352UZPE01152001T48MT03EBS001H0493F0493|52UZPE01152001T48MT03EBS001H049352UZPE01152001T48MT03EBS001H0493F0493CC12950568
3|1743|VICTORIA|NA|INSUASTY|YERUM|CC|37081903|1940-01-01|2|2|6|9998|3|1||3|07|||1|34.0|134|||2||||||||||||52UZPE01152001T48MT02EBS001H049852UZPE01152001T48MT02EBS001H0498F0498|52UZPE01152001T48MT02EBS001H049852UZPE01152001T48MT02EBS001H0498F0498CC37081903
3|1744|JENIFER|NOTIENE|TUMBAJOY|SANTACRUZ|CC|1089904288|1984-04-18|2|2|5|9998|3|1||7|07|||8|70.0|155|||2||||||||||||52UZPE01152001T48MT03EBS001H049752UZPE01152001T48MT03EBS001H0497F0497|52UZPE01152001T48MT03EBS001H049752UZPE01152001T48MT03EBS001H0497F0497CC1089904288
3|1745|JOSE|MANUEL|REALPE|TUMBAJOY|CC|1089904400|2004-07-20|1|2|3|9998|3|1||7|07|||8|65.0|170|||2||||||||||||52UZPE01152001T48MT03EBS001H049752UZPE01152001T48MT03EBS001H0497F0497|52UZPE01152001T48MT03EBS001H049752UZPE01152001T48MT03EBS001H0497F0497CC1089904400
3|1746|ROBERT|YEKSON|MELO|PAZOS|CC|1053799646|1989-09-07|1|2|2|9510|7|2||7|07|||8|80.0|170|||2||||||||||||52UZPE01152001T48MT03EBS001H049952UZPE01152001T48MT03EBS001H0499F0499|52UZPE01152001T48MT03EBS001H049952UZPE01152001T48MT03EBS001H0499F0499CC1053799646
3|1747|JOHANA|MARCELA|BASTIDAS|PANTOJA|CC|1087047758|1991-03-15|2|2|2|5169|7|2||7|07|||8|59.0|160|||2||||||||||||52UZPE01152001T48MT03EBS001H049952UZPE01152001T48MT03EBS001H0499F0499|52UZPE01152001T48MT03EBS001H049952UZPE01152001T48MT03EBS001H0499F0499CC1087047758
3|1748|DIANA|NOTIENE|PANTOJA|DAZA|CC|1085264673|1988-09-10|2|2|1|5169|7|2||7|07|||8|53.0|159|||2||||||||||||52UZPE01152001T48MT03EBS001H050052UZPE01152001T48MT03EBS001H0500F0500|52UZPE01152001T48MT03EBS001H050052UZPE01152001T48MT03EBS001H0500F0500CC1085264673
3|1749|DIEGO|ARMANDO|HERNANDEZ|BOLANOS|CC|1085266997|1989-06-06|1|2|5|5169|7|2||7|07|||8|80.0|176|||2||||||||||||52UZPE01152001T48MT03EBS001H050152UZPE01152001T48MT03EBS001H0501F0501|52UZPE01152001T48MT03EBS001H050152UZPE01152001T48MT03EBS001H0501F0501CC1085266997
3|1750|MARIA|FERNANDA|SANTANDER|CALPA|CC|1085919572|1990-05-09|2|2|2|9510|5|2||6|07|||8|73.0|150|||2||||||||||||52UZPE01152001T48MT03EBS001H050152UZPE01152001T48MT03EBS001H0501F0501|52UZPE01152001T48MT03EBS001H050152UZPE01152001T48MT03EBS001H0501F0501CC1085919572
3|1751|MARIA|LUISA|ESPANA|GALVES|CC|27059745|1937-12-12|2|2|5|9998|2|1||3|07|||8|53.0|147|||2||||||||||||52UZPE01152001T48MT02EBS001H050252UZPE01152001T48MT02EBS001H0502F0502|52UZPE01152001T48MT02EBS001H050252UZPE01152001T48MT02EBS001H0502F0502CC27059745
3|1752|LEONOR|NOTIENE|ORTE|ORDONEZ|CC|1086548557|1960-12-31|2|2|5|9998|2|1||3|07|||8|41.0|147|||2||||||||||||52UZPE01152001T48MT02EBS001H050452UZPE01152001T48MT02EBS001H0504F0504|52UZPE01152001T48MT02EBS001H050452UZPE01152001T48MT02EBS001H0504F0504CC1086548557
3|1753|CARLINA|NOTIENE|CARAVALI|GONZALEZ|CC|3708533|1950-06-10|2|2|5|9998|2|1||3|07|||8|40.0|137|||2||||||||||||52UZPE01152001T48MT02EBS001H050552UZPE01152001T48MT02EBS001H0505F0505|52UZPE01152001T48MT02EBS001H050552UZPE01152001T48MT02EBS001H0505F0505CC3708533
3|1754|BLANCA|RLENA|BURGOS|YELA|CC|27352925|1946-11-11|2|2|5|9998|2|1||3|07|||8|63.0|156|||2||||||||||||52UZPE01152001T48MT02EBS001H050652UZPE01152001T48MT02EBS001H0506F0506|52UZPE01152001T48MT02EBS001H050652UZPE01152001T48MT02EBS001H0506F0506CC27352925
3|1755|ESTER|FIDELINA|JARAMILLO|BURBANO|CC|27196398|1941-04-09|2|2|5|9998|2|1||3|07|||8|49.0|146|||2||||||||||||52UZPE01152001T48MT02EBS001H050752UZPE01152001T48MT02EBS001H0507F0507|52UZPE01152001T48MT02EBS001H050752UZPE01152001T48MT02EBS001H0507F0507CC27196398
3|1756|CLARA|ELIZA|RIASCOS|ORTIZ|CC|27058740|1936-04-24|2|2|5|9998|2|1||3|07|||8|42.0|145|||2||||||||||||52UZPE01152001T48MT02EBS001H050852UZPE01152001T48MT02EBS001H0508F0508|52UZPE01152001T48MT02EBS001H050852UZPE01152001T48MT02EBS001H0508F0508CC27058740
3|1757|ALBA|CECILIA|LUCERO|MEJIA|CC|1085324634|1952-04-10|2|2|5|9998|2|1||3|07|||8|58.0|144|||2||||||||||||52UZPE01152001T48MT02EBS001H050952UZPE01152001T48MT02EBS001H0509F0509|52UZPE01152001T48MT02EBS001H050952UZPE01152001T48MT02EBS001H0509F0509CC1085324634
3|1758|AURA|LIA|MORA|LEITO|CC|20140312|1939-04-07|2|2|5|9998|2|1||3|07|||8|42.0|143|||2||||||||||||52UZPE01152001T48MT02EBS001H051052UZPE01152001T48MT02EBS001H0510F0510|52UZPE01152001T48MT02EBS001H051052UZPE01152001T48MT02EBS001H0510F0510CC20140312
3|1759|MARIA|DELCARMEN|ZAMBRANO|JOJOA|CC|1087047529|1943-11-21|2|2|6|9998|2|1||3|07|||8|43.0|141|||2||||||||||||52UZPE01152001T48MT02EBS001H051152UZPE01152001T48MT02EBS001H0511F0511|52UZPE01152001T48MT02EBS001H051152UZPE01152001T48MT02EBS001H0511F0511CC1087047529
3|1760|ANAMARIA|DELCARMEN|BURBANO|SUAREZ|CC|30717693|1957-12-06|2|2|6|9998|2|1||3|07|||8|60.0|155|||2||||||||||||52UZPE01152001T48MT02EBS001H051252UZPE01152001T48MT02EBS001H0512F0512|52UZPE01152001T48MT02EBS001H051252UZPE01152001T48MT02EBS001H0512F0512CC30717693
3|1761|MARIA|ELISA|ROSERO|PORTILLA|CC|36758390|1930-12-03|2|2|6|9998|13|1||3|07|||8|50.0|149|||2||||||||||||52UZPE01152001T48MT02EBS001H051352UZPE01152001T48MT02EBS001H0513F0513|52UZPE01152001T48MT02EBS001H051352UZPE01152001T48MT02EBS001H0513F0513CC36758390
3|1762|CLARA|ELISA|BENAVIDES|NA|CC|27060951|1938-04-21|2|2|6|9998|2|1||3|07|||8|41.0|134|||2||||||||||||52UZPE01152001T48MT02EBS001H051452UZPE01152001T48MT02EBS001H0514F0514|52UZPE01152001T48MT02EBS001H051452UZPE01152001T48MT02EBS001H0514F0514CC27060951
3|1763|JENNY|LUCIA|DELACRUZ|BURBANO|CC|59837249|1974-04-20|2|2|6|9998|2|1||7|07|||8|54.0|141|||2||||||||||||52UZPE01152001T48MT02EBS001H051552UZPE01152001T48MT02EBS001H0515F0515|52UZPE01152001T48MT02EBS001H051552UZPE01152001T48MT02EBS001H0515F0515CC59837249
3|1764|ROSA|AMELIA|BURBANO|NA|CC|27066399|1940-09-16|2|2|6|9998|13|1||3|07|||1|48.0|138|||2||||||||||||52UZPE01152001T48MT02EBS001H051652UZPE01152001T48MT02EBS001H0516F0516|52UZPE01152001T48MT02EBS001H051652UZPE01152001T48MT02EBS001H0516F0516CC27066399
3|1765|MARIA|DELCARMEN|ARMERO|NA|CC|27075044|1926-09-02|2|2|6|9998|3|1||3|07|||8|44.0|138|||2||||||||||||52UZPE01152001T48MT02EBS001H051752UZPE01152001T48MT02EBS001H0517F0517|52UZPE01152001T48MT02EBS001H051752UZPE01152001T48MT02EBS001H0517F0517CC27075044
3|1766|AURA|NONE|GOMEZ|ERAZO|CC|27294855|1943-03-20|2|2|6|9998|13|1||3|07|||8|42.0|145|||2||||||||||||52UZPE01152001T48MT02EBS001H051852UZPE01152001T48MT02EBS001H0518F0518|52UZPE01152001T48MT02EBS001H051852UZPE01152001T48MT02EBS001H0518F0518CC27294855
3|1767|ROSA|ELENA|TAPIA|PATINO|CC|1085277578|1950-07-15|2|2|6|9998|13|1||3|07|||2|59.0|163|||2||||||||||||52UZPE01152001T48MT02EBS001H051952UZPE01152001T48MT02EBS001H0519F0519|52UZPE01152001T48MT02EBS001H051952UZPE01152001T48MT02EBS001H0519F0519CC1085277578
3|1768|CARMELA|NO|VILLOTA|GAMAJOA|CC|30724116|1963-02-23|2|2|6|9999|2|1||3|01|||3|44.0|144|||2||||||||||||52UZPE01152001T48MT02EBS001H052052UZPE01152001T48MT02EBS001H0520F0520|52UZPE01152001T48MT02EBS001H052052UZPE01152001T48MT02EBS001H0520F0520CC30724116
3|1769|MARIA|NO|GORDILLO|DELGADO|CC|37081902|1959-01-01|2|2|6|9999|2|1||3|07|||8|45.0|134|||2||||||||||||52UZPE01152001T48MT02EBS001H052152UZPE01152001T48MT02EBS001H0521F0521|52UZPE01152001T48MT02EBS001H052152UZPE01152001T48MT02EBS001H0521F0521CC37081902
3|1770|MARIA|INES|VIVEROS|GAVIRIA|CC|27199681|1935-05-01|2|2|6|9998|3|1||3|07|||2|49.0|145|||2||||||||||||52UZPE01152001T48MT02EBS001H052252UZPE01152001T48MT02EBS001H0522F0522|52UZPE01152001T48MT02EBS001H052252UZPE01152001T48MT02EBS001H0522F0522CC27199681
3|1771|MARIA|NO|GUILCOPI|GUAMAN|CC|30739431|1940-08-17|2|2|6|9999|2|1||3|07|||2|45.0|141|||2||||||||||||52UZPE01152001T48MT02EBS001H052352UZPE01152001T48MT02EBS001H0523F0523|52UZPE01152001T48MT02EBS001H052352UZPE01152001T48MT02EBS001H0523F0523CC30739431
3|1772|MARIA|DELSOCORRO|PUAL|NO|CC|1085281331|1934-11-07|2|2|6|9999|2|1||3|07|||8|55.0|158|||2||||||||||||52UZPE01152001T48MT02EBS001H052452UZPE01152001T48MT02EBS001H0524F0524|52UZPE01152001T48MT02EBS001H052452UZPE01152001T48MT02EBS001H0524F0524CC1085281331
3|1773|LUZ|MARIA|ERAZO|INSUASTI|CC|1085250762|1936-07-12|2|2|6|9999|2|1||3|07|||2|36.0|146|||2||||||||||||52UZPE01152001T48MT02EBS001H052552UZPE01152001T48MT02EBS001H0525F0525|52UZPE01152001T48MT02EBS001H052552UZPE01152001T48MT02EBS001H0525F0525CC1085250762
3|1774|MARIA|ESPERANZA|MONCAYO|ESCANDON|CC|41499173|1950-10-10|2|2|6|9999|2|1||3|07|||2|63.0|157|||2||||||||||||52UZPE01152001T48MT02EBS001H052652UZPE01152001T48MT02EBS001H0526F0526|52UZPE01152001T48MT02EBS001H052652UZPE01152001T48MT02EBS001H0526F0526CC41499173
3|1775|MARINA|NO|MATABANJOY|DEGUERRERO|CC|27059325|1937-04-20|2|2|6|9998|2|1||3|07|||2|40.0|128|||2||||||||||||52UZPE01152001T48MT02EBS001H052752UZPE01152001T48MT02EBS001H0527F0527|52UZPE01152001T48MT02EBS001H052752UZPE01152001T48MT02EBS001H0527F0527CC27059325
3|1776|MARIA|DELCARMEN|GUERRERO|NO|CC|1085289958|1959-05-03|2|2|6|9998|3|1||3|07|||4|30.0|125|||2||||||||||||52UZPE01152001T48MT02EBS001H052852UZPE01152001T48MT02EBS001H0528F0528|52UZPE01152001T48MT02EBS001H052852UZPE01152001T48MT02EBS001H0528F0528CC1085289958
3|1777|MARGARITA|NONE|BASTIDAS|NOAP|CC|25634201|1936-07-12|2|2|6|9998|2|1||3|07|||8|49.0|144|||2||||||||||||52UZPE01152001T48MT02EBS001H052952UZPE01152001T48MT02EBS001H0529F0529|52UZPE01152001T48MT02EBS001H052952UZPE01152001T48MT02EBS001H0529F0529CC25634201
3|1778|MARIA|PIEDAD|ROSERO|PINCHAO|CC|27088975|1968-06-28|2|2|6|9998|2|1||7|07|||8|48.0|156|||2||||||||||||52UZPE01152001T48MT02EBS001H053052UZPE01152001T48MT02EBS001H0530F0530|52UZPE01152001T48MT02EBS001H053052UZPE01152001T48MT02EBS001H0530F0530CC27088975
3|1779|MARTINIANA|NOTIENE|BOTINA|DELGADO|CC|27078575|1947-12-03|2|2|6|9998|2|1||3|07|||8|33.0|123|||2||||||||||||52UZPE01152001T48MT02EBS001H053152UZPE01152001T48MT02EBS001H0531F0531|52UZPE01152001T48MT02EBS001H053152UZPE01152001T48MT02EBS001H0531F0531CC27078575
3|1780|MARIA|ANGELICA|ROSERO|GUINCHIN|CC|30713409|1947-07-03|2|2|6|9998|2|1||3|07|||8|42.0|144|||2||||||||||||52UZPE01152001T48MT02EBS001H053252UZPE01152001T48MT02EBS001H0532F0532|52UZPE01152001T48MT02EBS001H053252UZPE01152001T48MT02EBS001H0532F0532CC30713409
3|1781|MARINA|DOLORES|MORAN|LOPEZ|CC|27068979|1939-08-02|2|2|6|9998|2|1||3|07|||3|55.0|105|||2||||||||||||52UZPE01152001T48MT02EBS001H053352UZPE01152001T48MT02EBS001H0533F0533|52UZPE01152001T48MT02EBS001H053352UZPE01152001T48MT02EBS001H0533F0533CC27068979
3|1782|MARY|ESTER|ROMERO|DELOMBANA|CC|27060495|1938-12-29|2|2|6|9998|2|1||3|07|||8|43.0|145|||2||||||||||||52UZPE01152001T48MT02EBS001H053452UZPE01152001T48MT02EBS001H0534F0534|52UZPE01152001T48MT02EBS001H053452UZPE01152001T48MT02EBS001H0534F0534CC27060495
3|1783|ROSA|ALBINA|CABRERA|IMBAJOA|CC|27146825|1947-07-20|2|2|6|9998|2|1||3|07|||2|39.0|140|||2||||||||||||52UZPE01152001T48MT02EBS001H053552UZPE01152001T48MT02EBS001H0535F0535|52UZPE01152001T48MT02EBS001H053552UZPE01152001T48MT02EBS001H0535F0535CC27146825
3|1784|CECILIA|NOHEMI|YEPEZ|GONZALES|CC|30719924|1940-11-17|2|2|6|9998|2|1||3|07|||8|49.0|141|||2||||||||||||52UZPE01152001T48MT02EBS001H053652UZPE01152001T48MT02EBS001H0536F0536|52UZPE01152001T48MT02EBS001H053652UZPE01152001T48MT02EBS001H0536F0536CC30719924
3|1785|MARIA|NONE|AULLON|NOAP|CC|52346299|1949-12-21|2|2|6|9998|2|1||3|07|||8|51.0|145|||2||||||||||||52UZPE01152001T48MT02EBS001H053752UZPE01152001T48MT02EBS001H0537F0537|52UZPE01152001T48MT02EBS001H053752UZPE01152001T48MT02EBS001H0537F0537CC52346299
3|1786|CLARA|ELISA|NARVAEZ|DECAMPANA|CC|27061025|1937-06-20|2|2|6|9998|2|1||3|07|||8|47.0|151|||2||||||||||||52UZPE01152001T48MT02EBS001H053852UZPE01152001T48MT02EBS001H0538F0538|52UZPE01152001T48MT02EBS001H053852UZPE01152001T48MT02EBS001H0538F0538CC27061025
3|1787|LAURENTINA|NA|MORALES|NA|CC|1233195096|1950-12-31|2|2|6|9998|2|1||3|07|||1|42.0|135|||2||||||||||||52UZPE01152001T48MT02EBS001H053952UZPE01152001T48MT02EBS001H0539F0539|52UZPE01152001T48MT02EBS001H053952UZPE01152001T48MT02EBS001H0539F0539CC1233195096
3|1788|MARIA|ISABEL|ESPANA|DERODRIGUEZ|CC|27060894|1937-11-10|2|2|6|9998|2|1||3|07|||8|48.0|148|||2||||||||||||52UZPE01152001T48MT02EBS001H054052UZPE01152001T48MT02EBS001H0540F0540|52UZPE01152001T48MT02EBS001H054052UZPE01152001T48MT02EBS001H0540F0540CC27060894
3|1789|JOSE|ELIVERIO|LOPEZ|MIRAMAG|CC|12952186|1948-05-15|1|2|6|9998|2|1||3|07|||1|52.0|149|||2||||||||||||52UZPE01152001T48MT02EBS001H054152UZPE01152001T48MT02EBS001H0541F0541|52UZPE01152001T48MT02EBS001H054152UZPE01152001T48MT02EBS001H0541F0541CC12952186
3|1790|AURELIO|HERNANDO|HERNANDEZ|JURADO|CC|13061468|1961-03-14|1|2|6|9998|2|1||3|07|||8|44.0|143|||2||||||||||||52UZPE01152001T48MT02EBS001H054252UZPE01152001T48MT02EBS001H0542F0542|52UZPE01152001T48MT02EBS001H054252UZPE01152001T48MT02EBS001H0542F0542CC13061468
3|1791|SEBASTIAN|NA|LARGACHA|NA|CC|16249149|1949-07-04|1|2|6|9998|13|1||3|07|||8|60.0|168|||2||||||||||||52UZPE01152001T48MT02EBS001H054352UZPE01152001T48MT02EBS001H0543F0543|52UZPE01152001T48MT02EBS001H054352UZPE01152001T48MT02EBS001H0543F0543CC16249149
3|1792|GUILLERMO|NA|ALVARADO|CHAVES|CC|5192945|1937-10-05|1|2|6|9998|2|1||3|07|||8|60.0|158|||2||||||||||||52UZPE01152001T48MT02EBS001H054452UZPE01152001T48MT02EBS001H0544F0544|52UZPE01152001T48MT02EBS001H054452UZPE01152001T48MT02EBS001H0544F0544CC5192945
3|1793|ZABULON|NA|CABRERA|GAMBOA|CC|12952208|1945-12-10|1|2|6|9998|2|1||3|07|||8|64.0|165|||2||||||||||||52UZPE01152001T48MT02EBS001H054552UZPE01152001T48MT02EBS001H0545F0545|52UZPE01152001T48MT02EBS001H054552UZPE01152001T48MT02EBS001H0545F0545CC12952208
3|1794|JUAN|NA|BURBANO|NA|CC|12974134|1949-06-24|1|2|5|9998|13|1||3|07|||4|50.0|165|||2||||||||||||52UZPE01152001T48MT02EBS001H054652UZPE01152001T48MT02EBS001H0546F0546|52UZPE01152001T48MT02EBS001H054652UZPE01152001T48MT02EBS001H0546F0546CC12974134
3|1795|EDMUNDO|NA|OJEDA|ORTEGA|CC|12959253|1953-03-04|1|2|6|9998|13|1||3|07|||8|58.0|162|||2||||||||||||52UZPE01152001T48MT02EBS001H054752UZPE01152001T48MT02EBS001H0547F0547|52UZPE01152001T48MT02EBS001H054752UZPE01152001T48MT02EBS001H0547F0547CC12959253
3|1796|ARMANDO|JAVIER|ARTEAGA|VELASCO|CC|13015565|1967-04-26|1|2|6|9998|13|1||7|07|||8|70.0|171|||2||||||||||||52UZPE01152001T48MT02EBS001H054852UZPE01152001T48MT02EBS001H0548F0548|52UZPE01152001T48MT02EBS001H054852UZPE01152001T48MT02EBS001H0548F0548CC13015565
3|1797|JORGE|ALBERTO|SALCEDO|LOPEZ|CC|12980227|1953-08-11|1|2|6|9998|13|1||3|07|||8|65.0|163|||2||||||||||||52UZPE01152001T48MT02EBS001H054952UZPE01152001T48MT02EBS001H0549F0549|52UZPE01152001T48MT02EBS001H054952UZPE01152001T48MT02EBS001H0549F0549CC12980227
3|1798|HERNANDO|NA|MEDINA|ERAZO|CC|14435665|1944-08-05|1|2|6|9998|13|1||3|07|||8|45.0|157|||2||||||||||||52UZPE01152001T48MT02EBS001H055052UZPE01152001T48MT02EBS001H0550F0550|52UZPE01152001T48MT02EBS001H055052UZPE01152001T48MT02EBS001H0550F0550CC14435665
3|1799|JORGE|NA|CHAPAL|NA|CC|1085329514|1942-01-01|1|2|6|9998|13|1||3|07|||8|45.0|157|||2||||||||||||52UZPE01152001T48MT02EBS001H055252UZPE01152001T48MT02EBS001H0552F0552|52UZPE01152001T48MT02EBS001H055252UZPE01152001T48MT02EBS001H0552F0552CC1085329514
3|1800|CARLOS|EMILIO|MUNOZ|ERAZO|CC|5351894|1952-06-01|1|2|6|9998|13|1||3|07|||1|53.0|153|||2||||||||||||52UZPE01152001T48MT02EBS001H055352UZPE01152001T48MT02EBS001H0553F0553|52UZPE01152001T48MT02EBS001H055352UZPE01152001T48MT02EBS001H0553F0553CC5351894
3|1801|MIGUEL|ANGEL|ACHICANOY|LUNA|CC|12754358|1945-11-02|1|2|6|9998|13|1||3|07|||8|61.0|160|||2||||||||||||52UZPE01152001T48MT02EBS001H055452UZPE01152001T48MT02EBS001H0554F0554|52UZPE01152001T48MT02EBS001H055452UZPE01152001T48MT02EBS001H0554F0554CC12754358
3|1802|LIDIO|MARINO|BRAVO|CHAMORRO|CC|6093571|1942-12-20|1|2|6|9998|13|1||3|07|||1|70.0|172|||2||||||||||||52UZPE01152001T48MT02EBS001H055552UZPE01152001T48MT02EBS001H0555F0555|52UZPE01152001T48MT02EBS001H055552UZPE01152001T48MT02EBS001H0555F0555CC6093571
3|1803|ESTEBAN|NA|JARAMILLO|BOTINA|CC|5200150082|1946-03-03|1|2|6|9998|13|1||3|07|||8|54.0|146|||2||||||||||||52UZPE01152001T48MT02EBS001H055652UZPE01152001T48MT02EBS001H0556F0556|52UZPE01152001T48MT02EBS001H055652UZPE01152001T48MT02EBS001H0556F0556CC5200150082
3|1804|JOSE|ANTONIO|PEREGRINO|URBINA|CC|1890051|1930-02-06|1|2|6|9999|13|1||3|07|||1|60.0|157|||2||||||||||||52UZPE01152001T48MT02EBS001H055752UZPE01152001T48MT02EBS001H0557F0557|52UZPE01152001T48MT02EBS001H055752UZPE01152001T48MT02EBS001H0557F0557CC1890051
3|1805|CONCEPCION|ALICIA|ENRIQUEZ|ORDONEZ|CC|27058555|1934-05-13|2|2|6|9998|13|2||3|07|||8|42.0|153|||2||||||||||||52UZPE01152001T48MT02EBS001H055852UZPE01152001T48MT02EBS001H0558F0558|52UZPE01152001T48MT02EBS001H055852UZPE01152001T48MT02EBS001H0558F0558CC27058555
3|1806|JOSE|FELIX|NARVAEZ|MERCHANCANO|CC|5201851|1944-03-05|1|2|6|9998|2|1||3|07|||8|63.0|165|||2||||||||||||52UZPE01152001T48MT02EBS001H055952UZPE01152001T48MT02EBS001H0559F0559|52UZPE01152001T48MT02EBS001H055952UZPE01152001T48MT02EBS001H0559F0559CC5201851
3|1807|LUIS|FELIPE|CERON|NA|CC|1085316696|1991-06-10|1|2|6|9998|13|1||4|07|||1|56.0|154|||2||||||||||||52UZPE01152001T48MT02EBS001H056052UZPE01152001T48MT02EBS001H0560F0560|52UZPE01152001T48MT02EBS001H056052UZPE01152001T48MT02EBS001H0560F0560CC1085316696
3|1808|AURA|ELISA|JURADO|VACA|CC|27074177|1942-11-16|2|2|6|9998|13|1||3|07|||8|34.0|135|||2||||||||||||52UZPE01152001T48MT02EBS001H056152UZPE01152001T48MT02EBS001H0561F0561|52UZPE01152001T48MT02EBS001H056152UZPE01152001T48MT02EBS001H0561F0561CC27074177
3|1809|MARIA|BEATRIZ|GALVEZ|NA|CC|30729802|1933-11-03|2|2|6|9998|13|1||3|07|||1|39.0|145|||2||||||||||||52UZPE01152001T48MT02EBS001H056252UZPE01152001T48MT02EBS001H0562F0562|52UZPE01152001T48MT02EBS001H056252UZPE01152001T48MT02EBS001H0562F0562CC30729802
3|1810|EMPERATRIZ|NA|BASANTE|NA|CC|37081986|1960-01-01|2|2|6|9998|13|1||3|07|||8|44.0|122|||2||||||||||||52UZPE01152001T48MT02EBS001H056352UZPE01152001T48MT02EBS001H0563F0563|52UZPE01152001T48MT02EBS001H056352UZPE01152001T48MT02EBS001H0563F0563CC37081986
3|1811|PEDRO|NA|CANCHALA|NA|CC|12754911|1940-01-01|1|2|6|9998|13|1||3|07|||1|45.0|145|||2||||||||||||52UZPE01152001T48MT02EBS001H056452UZPE01152001T48MT02EBS001H0564F0564|52UZPE01152001T48MT02EBS001H056452UZPE01152001T48MT02EBS001H0564F0564CC12754911
3|1812|AURA|EMILIA|SANTACRUZ|NA|CC|1085250706|1943-06-01|2|2|6|9998|13|1||3|07|||8|34.0|122|||2||||||||||||52UZPE01152001T48MT02EBS001H056552UZPE01152001T48MT02EBS001H0565F0565|52UZPE01152001T48MT02EBS001H056552UZPE01152001T48MT02EBS001H0565F0565CC1085250706
3|1813|ORFA|ISABEL|ROSALES|ROSALES|CC|27231734|1957-11-04|2|2|6|9998|2|1||3|07|||1|48.0|141|||2||||||||||||52UZPE01152001T48MT02EBS001H056652UZPE01152001T48MT02EBS001H0566F0566|52UZPE01152001T48MT02EBS001H056652UZPE01152001T48MT02EBS001H0566F0566CC27231734
3|1814|LIDIA|MERCEDES|QUINONES|PALACIOS|CC|1233195572|1968-12-31|2|2|6|9998|13|1||4|07|||1|43.0|155|||2||||||||||||52UZPE01152001T48MT02EBS001H056752UZPE01152001T48MT02EBS001H0567F0567|52UZPE01152001T48MT02EBS001H056752UZPE01152001T48MT02EBS001H0567F0567CC1233195572
3|1815|CLARA|INES|CERON|BENAVIDES|CC|27217369|1939-01-31|2|2|6|9998|13|1||3|07|||8|48.0|144|||2||||||||||||52UZPE01152001T48MT02EBS001H056852UZPE01152001T48MT02EBS001H0568F0568|52UZPE01152001T48MT02EBS001H056852UZPE01152001T48MT02EBS001H0568F0568CC27217369
3|1816|OLIVA|NA|DELGADO|NA|CC|30712910|1949-01-18|2|2|6|9998|2|1||3|07|||8|34.0|146|||2||||||||||||52UZPE01152001T48MT02EBS001H056952UZPE01152001T48MT02EBS001H0569F0569|52UZPE01152001T48MT02EBS001H056952UZPE01152001T48MT02EBS001H0569F0569CC30712910
3|1817|PETRONA|NA|TORRES|DIAZ|CC|27481903|1929-09-01|2|2|6|9998|13|1||3|07|||1|38.0|149|||2||||||||||||52UZPE01152001T48MT02EBS001H057052UZPE01152001T48MT02EBS001H0570F0570|52UZPE01152001T48MT02EBS001H057052UZPE01152001T48MT02EBS001H0570F0570CC27481903
3|1818|LAURA|ELIZA|PINEDA|DEIBARRA|CC|27159558|1928-12-20|2|2|6|9998|2|1||3|07|||8|54.0|143|||2||||||||||||52UZPE01152001T48MT02EBS001H057152UZPE01152001T48MT02EBS001H0571F0571|52UZPE01152001T48MT02EBS001H057152UZPE01152001T48MT02EBS001H0571F0571CC27159558
3|1819|MARIA|MERCEDES|BENAVIDES|RODRIGUEZ|CC|51860221|1965-02-07|2|2|6|9998|2|1||3|07|||8|55.0|146|||2||||||||||||52UZPE01152001T48MT02EBS001H057252UZPE01152001T48MT02EBS001H0572F0572|52UZPE01152001T48MT02EBS001H057252UZPE01152001T48MT02EBS001H0572F0572CC51860221
3|1820|SEGUNDO|MESIAS|HERNANDEZ|NOAP|CC|12958532|1948-07-15|1|2|6|9998|2|1||3|07|||8|56.0|158|||2||||||||||||52UZPE01152001T48MT02EBS001H057352UZPE01152001T48MT02EBS001H0573F0573|52UZPE01152001T48MT02EBS001H057352UZPE01152001T48MT02EBS001H0573F0573CC12958532
3|1821|LIBARDO|SILVIO|LEGARDA|BURBANO|CC|1836307|1936-09-14|1|2|6|9998|2|1||3|07|||8|62.0|167|||2||||||||||||52UZPE01152001T48MT02EBS001H057452UZPE01152001T48MT02EBS001H0574F0574|52UZPE01152001T48MT02EBS001H057452UZPE01152001T48MT02EBS001H0574F0574CC1836307
3|1822|GUSTAVO|CESAR|ENRIQUEZ|PORTILLA|CC|12950156|1947-07-05|1|2|6|9998|2|1||3|07|||8|71.0|169|||2||||||||||||52UZPE01152001T48MT02EBS001H057552UZPE01152001T48MT02EBS001H0575F0575|52UZPE01152001T48MT02EBS001H057552UZPE01152001T48MT02EBS001H0575F0575CC12950156
3|1823|REINALDO|NONE|ENRIQUEZ|NOAP|CC|12950464|1941-09-16|1|2|6|9998|2|1||3|07|||8|73.0|158|||2||||||||||||52UZPE01152001T48MT02EBS001H057652UZPE01152001T48MT02EBS001H0576F0576|52UZPE01152001T48MT02EBS001H057652UZPE01152001T48MT02EBS001H0576F0576CC12950464
3|1824|JORGE|LUIS|VARGAS|MERCADO|CC|1103097600|1987-05-19|1|2|6|9998|2|2||4|07|||3|86.0|172|||2||||||||||||52UZPE01152001T48MT02EBS001H057752UZPE01152001T48MT02EBS001H0577F0577|52UZPE01152001T48MT02EBS001H057752UZPE01152001T48MT02EBS001H0577F0577CC1103097600
3|1825|ROBERTO|ALFREDO|MONTENEGRO|PEREZ|CC|12968979|1957-08-17|1|2|6|9998|13|1||3|07|||8|53.0|168|||2||||||||||||52UZPE01152001T48MT02EBS001H057852UZPE01152001T48MT02EBS001H0578F0578|52UZPE01152001T48MT02EBS001H057852UZPE01152001T48MT02EBS001H0578F0578CC12968979
3|1826|MARIA|ESMERIA|PEREZ|NOAP|CC|59820770|1946-12-12|2|2|6|9998|2|1||3|07|||8|44.0|139|||2||||||||||||52UZPE01152001T48MT02EBS001H058052UZPE01152001T48MT02EBS001H0580F0580|52UZPE01152001T48MT02EBS001H058052UZPE01152001T48MT02EBS001H0580F0580CC59820770
3|1827|JAIME|GERARDO|MONCAYO|ZARAMA|CC|12968599|1955-01-02|1|2|6|9998|2|1||3|07|||8|77.0|174|||2||||||||||||52UZPE01152001T48MT02EBS001H058152UZPE01152001T48MT02EBS001H0581F0581|52UZPE01152001T48MT02EBS001H058152UZPE01152001T48MT02EBS001H0581F0581CC12968599
3|1828|ANIBAL|ANTONIO|MICOLTA|BOLANOS|CC|1085257297|1953-07-19|1|2|6|9998|2|1||3|07|||8|64.0|160|||2||||||||||||52UZPE01152001T48MT02EBS001H058252UZPE01152001T48MT02EBS001H0582F0582|52UZPE01152001T48MT02EBS001H058252UZPE01152001T48MT02EBS001H0582F0582CC1085257297
3|1829|GUILLERMO|ISIDRO|PONCE|BASANTE|CC|5339769|1958-06-03|1|2|6|9998|2|1||3|07|||8|57.0|159|||2||||||||||||52UZPE01152001T48MT02EBS001H058352UZPE01152001T48MT02EBS001H0583F0583|52UZPE01152001T48MT02EBS001H058352UZPE01152001T48MT02EBS001H0583F0583CC5339769
3|1830|EDGAR|EDUARDO|LASSO|BENAVIDES|CC|12955429|1950-11-23|1|2|6|9998|2|1||3|07|||8|63.0|154|||2||||||||||||52UZPE01152001T48MT02EBS001H058452UZPE01152001T48MT02EBS001H0584F0584|52UZPE01152001T48MT02EBS001H058452UZPE01152001T48MT02EBS001H0584F0584CC12955429
3|1831|JESUS|NONE|POZOS|CABRERA|CC|5313720|1939-12-31|1|2|6|9998|2|1||3|07|||3|49.0|142|||2||||||||||||52UZPE01152001T48MT02EBS001H058552UZPE01152001T48MT02EBS001H0585F0585|52UZPE01152001T48MT02EBS001H058552UZPE01152001T48MT02EBS001H0585F0585CC5313720
3|1832|EDGAR|ORLANDO|TAPIA|NOAP|CC|12982825|1964-01-01|1|2|6|9998|2|1||3|07|||3|62.0|151|||2||||||||||||52UZPE01152001T48MT02EBS001H058652UZPE01152001T48MT02EBS001H0586F0586|52UZPE01152001T48MT02EBS001H058652UZPE01152001T48MT02EBS001H0586F0586CC12982825
3|1833|MIGUEL|ANGEL|RODRIGUEZ|NA|CC|1085929574|1969-02-05|1|2|6|9998|2|1||7|07|||8|57.0|152|||2||||||||||||52UZPE01152001T48MT02EBS001H058752UZPE01152001T48MT02EBS001H0587F0587|52UZPE01152001T48MT02EBS001H058752UZPE01152001T48MT02EBS001H0587F0587CC1085929574
3|1834|JOSE|ANTONIO|SALAZAR|OVIEDO|CC|87060648|1940-01-01|1|2|6|9998|2|1||3|07|||8|51.0|147|||2||||||||||||52UZPE01152001T48MT02EBS001H058852UZPE01152001T48MT02EBS001H0588F0588|52UZPE01152001T48MT02EBS001H058852UZPE01152001T48MT02EBS001H0588F0588CC87060648
3|1835|EFRAIN|PEREGRINO|SALAZAR|SOLARTE|CC|13011137|1940-10-11|1|2|6|9998|13|1||3|07|||1|48.0|146|||2||||||||||||52UZPE01152001T48MT02EBS001H058952UZPE01152001T48MT02EBS001H0589F0589|52UZPE01152001T48MT02EBS001H058952UZPE01152001T48MT02EBS001H0589F0589CC13011137
3|1836|ALVARO|ANTONIO|RICAURTE|GARZON|CC|12990853|1964-07-03|1|2|6|9998|13|1||3|07|||8|55.0|162|||2||||||||||||52UZPE01152001T48MT02EBS001H059052UZPE01152001T48MT02EBS001H0590F0590|52UZPE01152001T48MT02EBS001H059052UZPE01152001T48MT02EBS001H0590F0590CC12990853
3|1837|RICARDO|HUMBERTO|VILLAREAL|ERASO|CC|12999684|1970-02-12|1|2|6|9998|13|1||7|07|||8|66.0|170|||2||||||||||||52UZPE01152001T48MT02EBS001H059152UZPE01152001T48MT02EBS001H0591F0591|52UZPE01152001T48MT02EBS001H059152UZPE01152001T48MT02EBS001H0591F0591CC12999684
3|1838|MARIO|RAUL|SANTACRUZ|IBARRA|CC|12960636|1954-01-29|1|2|6|9998|7|1||3|07|||8|57.0|164|||2||||||||||||52UZPE01152001T48MT02EBS001H059252UZPE01152001T48MT02EBS001H0592F0592|52UZPE01152001T48MT02EBS001H059252UZPE01152001T48MT02EBS001H0592F0592CC12960636
3|1839|BLANCA|ESPERANZA|SANTANDER|NA|CC|27071180|1940-12-09|2|2|6|9998|2|1||3|07|||8|41.0|154|||2||||||||||||52UZPE01152001T48MT02EBS001H059352UZPE01152001T48MT02EBS001H0593F0593|52UZPE01152001T48MT02EBS001H059352UZPE01152001T48MT02EBS001H0593F0593CC27071180
3|1840|JORGE|EDUARDO|ORTIZ|NA|CC|12950517|1942-08-15|1|2|6|9998|2|1||3|07|||8|49.0|162|||2||||||||||||52UZPE01152001T48MT02EBS001H059452UZPE01152001T48MT02EBS001H0594F0594|52UZPE01152001T48MT02EBS001H059452UZPE01152001T48MT02EBS001H0594F0594CC12950517
3|1841|JUAN|BAUTISTA|MADRONERO|ROSERO|CC|87530457|1963-04-23|1|2|6|9998|13|1||3|07|||8|80.0|155|||2||||||||||||52UZPE01152001T48MT02EBS001H059552UZPE01152001T48MT02EBS001H0595F0595|52UZPE01152001T48MT02EBS001H059552UZPE01152001T48MT02EBS001H0595F0595CC87530457
3|1842|LEONOR|NA|MONCAYO|ERAZO|CC|29095529|1932-07-31|2|2|6|9998|2|1||3|07|||8|35.0|145|||2||||||||||||52UZPE01152001T48MT02EBS001H059652UZPE01152001T48MT02EBS001H0596F0596|52UZPE01152001T48MT02EBS001H059652UZPE01152001T48MT02EBS001H0596F0596CC29095529
3|1843|ALVARO|HERNAN|CASTRO|LOPEZ|CC|12959285|1953-04-13|1|2|6|9998|9|1||3|07|||8|54.0|162|||2||||||||||||52UZPE01152001T48MT02EBS001H059752UZPE01152001T48MT02EBS001H0597F0597|52UZPE01152001T48MT02EBS001H059752UZPE01152001T48MT02EBS001H0597F0597CC12959285
3|1844|TERESA|GRACIELA|ASCUNTAR|DEROSERO|CC|27532841|1954-04-05|2|2|6|9998|3|1||3|07|||8|48.0|162|||2||||||||||||52UZPE01152001T48MT02EBS001H059852UZPE01152001T48MT02EBS001H0598F0598|52UZPE01152001T48MT02EBS001H059852UZPE01152001T48MT02EBS001H0598F0598CC27532841
3|1845|ROBERTO|NA|BURBANO|NA|CC|15812107|1965-05-30|1|2|6|9998|13|1||3|07|||1|59.0|148|||2||||||||||||52UZPE01152001T48MT02EBS001H059952UZPE01152001T48MT02EBS001H0599F0599|52UZPE01152001T48MT02EBS001H059952UZPE01152001T48MT02EBS001H0599F0599CC15812107
3|1846|JOSE|FIDENCIO|ANDRADE|NA|CC|531778|1941-12-21|1|2|6|9998|13|1||3|07|||1|60.0|152|||2||||||||||||52UZPE01152001T48MT02EBS001H060052UZPE01152001T48MT02EBS001H0600F0600|52UZPE01152001T48MT02EBS001H060052UZPE01152001T48MT02EBS001H0600F0600CC531778
3|1847|LUZ|ANGELICA|ARCILA|NA|CC|29642563|1938-02-15|2|2|6|9998|13|1||3|07|||1|39.0|145|||2||||||||||||52UZPE01152001T48MT02EBS001H060152UZPE01152001T48MT02EBS001H0601F0601|52UZPE01152001T48MT02EBS001H060152UZPE01152001T48MT02EBS001H0601F0601CC29642563
3|1848|MARIA|MARLEN|AURORA|ARIZALA|CC|27496124|1938-09-17|2|2|6|9998|13|1||3|07|||8|58.0|156|||2||||||||||||52UZPE01152001T48MT02EBS001H060252UZPE01152001T48MT02EBS001H0602F0602|52UZPE01152001T48MT02EBS001H060252UZPE01152001T48MT02EBS001H0602F0602CC27496124
3|1849|CARLOS|ENRIQUE|BURBANO|MOSQUERA|CC|1801376|1937-03-11|1|2|6|9998|12|1||3|07|||8|56.0|153|||2||||||||||||52UZPE01152001T48MT02EBS001H060352UZPE01152001T48MT02EBS001H0603F0603|52UZPE01152001T48MT02EBS001H060352UZPE01152001T48MT02EBS001H0603F0603CC1801376
3|1850|YOLANDA|ISABEL|YEPEZ|ERAZO|CC|27075656|1946-02-22|2|2|6|9998|1|1||3|07|||8|48.0|158|||2||||||||||||52UZPE01152001T48MT02EBS001H061852UZPE01152001T48MT02EBS001H0618F0618|52UZPE01152001T48MT02EBS001H061852UZPE01152001T48MT02EBS001H0618F0618CC27075656
3|1851|DALIA|EMILCE|ZAMBRANO|NOAP|CC|1085288281|1977-04-18|2|2|6|9998|13|1||7|07|||8|45.0|145|||2||||||||||||52UZPE01152001T48MT02EBS001H061952UZPE01152001T48MT02EBS001H0619F0619|52UZPE01152001T48MT02EBS001H061952UZPE01152001T48MT02EBS001H0619F0619CC1085288281
3|1852|MARIA|TERESA|RUALES|LEDESMA|CC|37080503|1962-06-18|2|2|6|9998|1|1||3|07|||8|74.0|157|||2||||||||||||52UZPE01152001T48MT02EBS001H062152UZPE01152001T48MT02EBS001H0621F0621|52UZPE01152001T48MT02EBS001H062152UZPE01152001T48MT02EBS001H0621F0621CC37080503
3|1853|CARMELA|NONE|SOTELO|DEMELO|CC|27112668|1933-07-09|2|2|6|9998|1|1||3|07|||8|68.0|145|||2||||||||||||52UZPE01152001T48MT02EBS001H062352UZPE01152001T48MT02EBS001H0623F0623|52UZPE01152001T48MT02EBS001H062352UZPE01152001T48MT02EBS001H0623F0623CC27112668
3|1854|RAMON|MATEO|MAYA|NOAP|CC|1085295554|1949-12-31|1|2|6|9998|1|1||3|07|||8|44.0|137|||2||||||||||||52UZPE01152001T48MT02EBS001H062452UZPE01152001T48MT02EBS001H0624F0624|52UZPE01152001T48MT02EBS001H062452UZPE01152001T48MT02EBS001H0624F0624CC1085295554
3|1855|SEGUNDO|JUANITO|CARLOSAMA|YANDAR|CC|12969583|1956-10-04|1|2|6|9998|2|1||3|07|||8|54.0|148|||2||||||||||||52UZPE01152001T48MT02EBS001H062652UZPE01152001T48MT02EBS001H0626F0626|52UZPE01152001T48MT02EBS001H062652UZPE01152001T48MT02EBS001H0626F0626CC12969583
3|1856|LUIS|JUVENCIO|BURBANO|NOAP|CC|1010096301|1938-08-15|1|2|6|9998|2|1||3|07|||8|48.0|127|||2||||||||||||52UZPE01152001T48MT02EBS001H060752UZPE01152001T48MT02EBS001H0607F0607|52UZPE01152001T48MT02EBS001H060752UZPE01152001T48MT02EBS001H0607F0607CC1010096301
3|1857|GERARDO|MARCIAL|GUASTAR|OVIEDO|CC|5375024|1939-10-21|1|2|6|9998|2|1||3|07|||8|64.0|167|||2||||||||||||52UZPE01152001T48MT02EBS001H063052UZPE01152001T48MT02EBS001H0630F0630|52UZPE01152001T48MT02EBS001H063052UZPE01152001T48MT02EBS001H0630F0630CC5375024
3|1858|JUAN|HIPOLITO|TORRES|JOSA|CC|12979165|1938-02-26|1|2|6|9998|2|1||3|07|||8|62.0|157|||2||||||||||||52UZPE01152001T48MT02EBS001H063252UZPE01152001T48MT02EBS001H0632F0632|52UZPE01152001T48MT02EBS001H063252UZPE01152001T48MT02EBS001H0632F0632CC12979165
3|1859|OSCAR|NONE|SALAS|NOAP|CC|12967345|1951-11-24|1|2|6|9998|2|1||3|07|||3|52.0|157|||2||||||||||||52UZPE01152001T48MT02EBS001H063452UZPE01152001T48MT02EBS001H0634F0634|52UZPE01152001T48MT02EBS001H063452UZPE01152001T48MT02EBS001H0634F0634CC12967345
3|1860|JOSE|RICARDO|CORAL|RODRIGUEZ|CC|12964005|1955-09-07|1|2|6|9998|13|1||3|07|||8|53.0|155|||2||||||||||||52UZPE01152001T48MT02EBS001H063852UZPE01152001T48MT02EBS001H0638F0638|52UZPE01152001T48MT02EBS001H063852UZPE01152001T48MT02EBS001H0638F0638CC12964005
3|1861|MARTIN|NONE|NARVAEZ|BURBANO|CC|5194429|1948-08-10|1|2|6|9998|2|1||3|07|||8|68.0|169|||2||||||||||||52UZPE01152001T48MT02EBS001H063952UZPE01152001T48MT02EBS001H0639F0639|52UZPE01152001T48MT02EBS001H063952UZPE01152001T48MT02EBS001H0639F0639CC5194429
3|1862|ESMERALDA|DEJESUS|BOTINA|PUERRES|CC|59834842|1974-10-21|2|2|5|9998|3|1||7|07|||8|39.0|151|||2||||||||||||52UZPE01152001T48MT01EBS001H064052UZPE01152001T48MT01EBS001H0640F0640|52UZPE01152001T48MT01EBS001H064052UZPE01152001T48MT01EBS001H0640F0640CC59834842
3|1863|ALISON|NICOL|CADENA|BOTINA|TI|1081279538|2009-06-09|2|2|3|9998|3|1||1|07|||8|55.0|159|||2||||||||||||52UZPE01152001T48MT01EBS001H064052UZPE01152001T48MT01EBS001H0640F0640|52UZPE01152001T48MT01EBS001H064052UZPE01152001T48MT01EBS001H0640F0640TI1081279538
3|1864|BRYAN|ALBERTO|CADENA|PINTA|CC|98395511|1976-10-22|1|2|1|9510|2|1||7|07|||8|72.0|166|||2||||||||||||52UZPE01152001T48MT01EBS001H064052UZPE01152001T48MT01EBS001H0640F0640|52UZPE01152001T48MT01EBS001H064052UZPE01152001T48MT01EBS001H0640F0640CC98395511
3|1865|LUCERO|ESMERALDA|BOTINA|CADENA|CC|1085339622|1998-03-27|2|2|2|9998|7|1||7|07|||8|48.0|160|||2||||||||||||52UZPE01152001T48MT01EBS001H064152UZPE01152001T48MT01EBS001H0641F0641|52UZPE01152001T48MT01EBS001H064152UZPE01152001T48MT01EBS001H0641F0641CC1085339622
3|1866|YONNY|ALEXANDER|CEBALLOS|NA|CC|1085306739|1993-08-25|1|2|1|5169|7|2||7|07|||8|57.0|167|||2||||||||||||52UZPE01152001T48MT01EBS001H064152UZPE01152001T48MT01EBS001H0641F0641|52UZPE01152001T48MT01EBS001H064152UZPE01152001T48MT01EBS001H0641F0641CC1085306739
3|1867|YOSETH|ALEXANDER|CEBALLOS|CADENA|RC|1081068386|2023-04-12|1|2|3|9998|3|2||8|07|||8|13.0|87|||2||||||||||||52UZPE01152001T48MT01EBS001H064152UZPE01152001T48MT01EBS001H0641F0641|52UZPE01152001T48MT01EBS001H064152UZPE01152001T48MT01EBS001H0641F0641RC1081068386
3|1868|FLOR|ALBA|JOJA|LOPEZ|CC|30722593|1960-09-16|2|2|1|9510|2|1||3|07|||8|63.8|150|||2||||||||||||52UZPE01152001T48MT01EBS001H064552UZPE01152001T48MT01EBS001H0645F0645|52UZPE01152001T48MT01EBS001H064552UZPE01152001T48MT01EBS001H0645F0645CC30722593
3|1869|KAROL|STEFANIA|CRIOLLO|BERNAL|RC|1080071000|2020-07-22|2|2|3|9998|3|1||8|07|||8|||||2||||||||||||52UZPE01152001T48MT01EBS001H064652UZPE01152001T48MT01EBS001H0646F0646|52UZPE01152001T48MT01EBS001H064652UZPE01152001T48MT01EBS001H0646F0646RC1080071000
3|1870|YOHANA|ELIZABETH|BERNAL|MONTILLA|CC|27222175|1981-06-25|2|2|1|9510|2|1||7|07|||8|72.0|158|||2||||||||||||52UZPE01152001T48MT01EBS001H064652UZPE01152001T48MT01EBS001H0646F0646|52UZPE01152001T48MT01EBS001H064652UZPE01152001T48MT01EBS001H0646F0646CC27222175
3|1871|ANDRES|CAMILO|CERON|BERNAL|TI|1030000582|2009-10-15|1|2|3|9998|3|1||1|07|||8|86.0|180|||2||||||||||||52UZPE01152001T48MT01EBS001H064652UZPE01152001T48MT01EBS001H0646F0646|52UZPE01152001T48MT01EBS001H064652UZPE01152001T48MT01EBS001H0646F0646TI1030000582
3|1872|INGRITH|YADIRA|GUERRERO|GUSTIN|CC|1085280649|1989-08-04|2|2|1|9510|2|1||7|07|||8|59.0|146|||2||||||||||||52UZPE01152001T48MT01EBS001H064852UZPE01152001T48MT01EBS001H0648F0648|52UZPE01152001T48MT01EBS001H064852UZPE01152001T48MT01EBS001H0648F0648CC1085280649
3|1873|JULIAN|ANDRES|BOTINA|GUERRERO|TI|1080693651|2008-03-31|1|2|3|9998|3|1||1|07|||8|50.0|175|||2||||||||||||52UZPE01152001T48MT01EBS001H064852UZPE01152001T48MT01EBS001H0648F0648|52UZPE01152001T48MT01EBS001H064852UZPE01152001T48MT01EBS001H0648F0648TI1080693651
3|1874|SARA|SOFIA|BOTINA|GUERRERO|RC|1080706341|2019-04-21|2|2|3|9998|3|1||8|07|||8|18.0|110|||2||||||||||||52UZPE01152001T48MT01EBS001H064852UZPE01152001T48MT01EBS001H0648F0648|52UZPE01152001T48MT01EBS001H064852UZPE01152001T48MT01EBS001H0648F0648RC1080706341
3|1875|ALBA|OMAIRA|INSUASTY|NA|CC|36750561|1965-04-04|2|2|6|9998|2|1||3|07|||3|56.4|148|||2||||||||||||52UZPE01152001T48MT01EBS001H064952UZPE01152001T48MT01EBS001H0649F0649|52UZPE01152001T48MT01EBS001H064952UZPE01152001T48MT01EBS001H0649F0649CC36750561
3|1876|DAVID|ALEJANDRO|TUTALCHA|PISCAL|TI|1081282795|2012-09-07|1|2|3|9998|3|1||1|07|||8|38.0|140|||2||||||||||||52UZPE01152001T48MT01EBS001H065052UZPE01152001T48MT01EBS001H0650F0650|52UZPE01152001T48MT01EBS001H065052UZPE01152001T48MT01EBS001H0650F0650TI1081282795
3|1877|ANGELA|MARITZA|PISCAL|IPUJAN|CC|1085305104|1992-04-20|2|2|1|9510|7|1||7|07|||8|56.8|162|||2||||||||||||52UZPE01152001T48MT01EBS001H065052UZPE01152001T48MT01EBS001H0650F0650|52UZPE01152001T48MT01EBS001H065052UZPE01152001T48MT01EBS001H0650F0650CC1085305104
3|1878|LUISA|MIREYA|RIASCOS|ESPINOSA|CC|1085247307|1983-06-21|2|2|5|9998|3|1||7|07|||8|50.0|143|||2||||||||||||52UZPE01152001T48MT01EBS001H065152UZPE01152001T48MT01EBS001H0651F0651|52UZPE01152001T48MT01EBS001H065152UZPE01152001T48MT01EBS001H0651F0651CC1085247307
3|1879|JHON|FREDY|TOBAR||CC|1085274776|1998-08-30|1|2|2|9510|3|1||7|07|||8|160.0|63|||2||||||||||||52UZPE01152001T48MT01EBS001H065152UZPE01152001T48MT01EBS001H0651F0651|52UZPE01152001T48MT01EBS001H065152UZPE01152001T48MT01EBS001H0651F0651CC1085274776
3|1880|ISMAEL||TOVAR|RIASCOS|TI|1080701892|2015-11-24|1|2|3|9998|3|1||8|07|||8|38.0|142|||2||||||||||||52UZPE01152001T48MT01EBS001H065152UZPE01152001T48MT01EBS001H0651F0651|52UZPE01152001T48MT01EBS001H065152UZPE01152001T48MT01EBS001H0651F0651TI1080701892
3|1881|CRISTOPHER||TOVAR|RIASCOS|CC|1080049503|2005-05-31|1|2|3|9999|3|1||7|07|||8|55.0|165|||2||||||||||||52UZPE01152001T48MT01EBS001H065152UZPE01152001T48MT01EBS001H0651F0651|52UZPE01152001T48MT01EBS001H065152UZPE01152001T48MT01EBS001H0651F0651CC1080049503
3|1882|JUAN|CARLOS|CHACUA|DELGADO|CC|12992155|1968-05-18|1|2|1|5169|9|2||7|07|||8|77.7|165|||2||||||||||||52UZPE01152001T48MT01EBS001H065252UZPE01152001T48MT01EBS001H0652F0652|52UZPE01152001T48MT01EBS001H065252UZPE01152001T48MT01EBS001H0652F0652CC12992155
3|1883|AYDE|DELCARMEN|CASTRO|CHAMPUEZAN|CC|66705546|1967-09-22|2|2|2|9998|7|2||7|07|||8|59.4|155|||2||||||||||||52UZPE01152001T48MT01EBS001H065252UZPE01152001T48MT01EBS001H0652F0652|52UZPE01152001T48MT01EBS001H065252UZPE01152001T48MT01EBS001H0652F0652CC66705546
3|1884|ANA|DELOURDES|CAICEDO|LOPEZ|CC|30725031|1961-05-18|2|2|1|9510|3|1||3|07|||8|43.0|144|||2||||||||||||52UZPE01152001T48MT01EBS001H065352UZPE01152001T48MT01EBS001H0653F0653|52UZPE01152001T48MT01EBS001H065352UZPE01152001T48MT01EBS001H0653F0653CC30725031
3|1885|MIREYA|DELSOCORRO|RIASCOS|PANTOJA|CC|59832664|1975-02-21|2|2|2|9998|7|2||7|07|||8|64.0|157|||2||||||||||||52UZPE01152001T48MT01EBS001H065452UZPE01152001T48MT01EBS001H0654F0654|52UZPE01152001T48MT01EBS001H065452UZPE01152001T48MT01EBS001H0654F0654CC59832664
3|1886|FABIO|GERMAN|RIANO|GARCIA|CC|98399329|1977-12-30|1|2|1|9622|8|2||7|07|||8|72.0|163|||2||||||||||||52UZPE01152001T48MT01EBS001H065452UZPE01152001T48MT01EBS001H0654F0654|52UZPE01152001T48MT01EBS001H065452UZPE01152001T48MT01EBS001H0654F0654CC98399329
3|1887|DIANA||CHACHI|DAZA|CC|1081052518|2004-02-11|2|2|3|9510|3|1||7|07|||8|47.0|162|||2||||||||||||52UZPE01152001T48MT01EBS001H065552UZPE01152001T48MT01EBS001H0655F0655|52UZPE01152001T48MT01EBS001H065552UZPE01152001T48MT01EBS001H0655F0655CC1081052518
3|1888|JOHANA|DANIELLA|DAZA||CC|1004133293|2000-01-20|2|2|3|9998|3|1||7|07|||8|53.0|160|||2||||||||||||52UZPE01152001T48MT01EBS001H065552UZPE01152001T48MT01EBS001H0655F0655|52UZPE01152001T48MT01EBS001H065552UZPE01152001T48MT01EBS001H0655F0655CC1004133293
3|1889|LILIANA|NOE|DAZA||CC|27087458|1969-06-01|2|2|5|9510|2|1||7|07|||8|62.0|155|||2||||||||||||52UZPE01152001T48MT01EBS001H065552UZPE01152001T48MT01EBS001H0655F0655|52UZPE01152001T48MT01EBS001H065552UZPE01152001T48MT01EBS001H0655F0655CC27087458
3|1890|JOHN|JAIRO|ACHICANOY|CASANOVA|CC|1085251554|1981-10-30|1|2|2|9510|3|1||7|07|||8|88.0|168|||2||||||||||||52UZPE01152001T48MT01EBS001H065652UZPE01152001T48MT01EBS001H0656F0656|52UZPE01152001T48MT01EBS001H065652UZPE01152001T48MT01EBS001H0656F0656CC1085251554
3|1891|ERICK|SANTIAGO|SOLARTE|MONTILLA|CC|1087406898|2004-05-06|1|2|1|9510|8|1||7|07|||8|60.0|172|||2||||||||||||52UZPE01152001T48MT01EBS001H065652UZPE01152001T48MT01EBS001H0656F0656|52UZPE01152001T48MT01EBS001H065652UZPE01152001T48MT01EBS001H0656F0656CC1087406898
3|1892|JHONIER|ALEXANDER|SOLARTE|MONTILLA|CC|1085273351|2007-03-22|1|2|3|9622|4|1||7|07|||8|60.0|173|||2||||||||||||52UZPE01152001T48MT01EBS001H065652UZPE01152001T48MT01EBS001H0656F0656|52UZPE01152001T48MT01EBS001H065652UZPE01152001T48MT01EBS001H0656F0656CC1085273351
3|1893|ANA|CRISTINA|MONTILLA|NOTIENE|CC|27222497|1984-03-27|2|2|1|9622|2|1||7|07|||8|71.0|163|||2||||||||||||52UZPE01152001T48MT01EBS001H065652UZPE01152001T48MT01EBS001H0656F0656|52UZPE01152001T48MT01EBS001H065652UZPE01152001T48MT01EBS001H0656F0656CC27222497
3|1894|SANTIAGO|MATHIAS|BARCO|AGRAZ|PT|7354943|2022-10-12|1|2|6|9998|3|1||8|07|||8|||||2||||||||||||52UZPE01152001T48MT01EBS001H065852UZPE01152001T48MT01EBS001H0658F0658|52UZPE01152001T48MT01EBS001H065852UZPE01152001T48MT01EBS001H0658F0658PT7354943
3|1895|NOHEMY|XIOMARA|OJEDA|BALCAZA|PT|06398692|1969-07-07|2|2|1|9998|3|5||7|07|||8|69.8|165|||2||||||||||||52UZPE01152001T48MT01EBS001H065852UZPE01152001T48MT01EBS001H0658F0658|52UZPE01152001T48MT01EBS001H065852UZPE01152001T48MT01EBS001H0658F0658PT06398692
3|1896|DANIEL|ORLANDO|GUALGUAN||CC|1085342938|1998-11-10|1|2|2|9510|3|1||7|07|||8|68.0|166|||2||||||||||||52UZPE01152001T48MT01EBS001H066152UZPE01152001T48MT01EBS001H0661F0661|52UZPE01152001T48MT01EBS001H066152UZPE01152001T48MT01EBS001H0661F0661CC1085342938
3|1897|MICHEL|SOFIA|GUALGUAN|MARTINEZ|TI|1081064153|2017-02-06|2|2|3|9998|3|1||8|07|||8|30.0|128|||2||||||||||||52UZPE01152001T48MT01EBS001H066152UZPE01152001T48MT01EBS001H0661F0661|52UZPE01152001T48MT01EBS001H066152UZPE01152001T48MT01EBS001H0661F0661TI1081064153
3|1898|ANGIE|VANESSA|MARTINEZ||CC|1085337333|1997-10-17|2|2|5|9998|3|1||7|07|||8|63.0|164|||2||||||||||||52UZPE01152001T48MT01EBS001H066152UZPE01152001T48MT01EBS001H0661F0661|52UZPE01152001T48MT01EBS001H066152UZPE01152001T48MT01EBS001H0661F0661CC1085337333
3|1899|SIMON|ELIAS|SALAS|SALCEDO|PT|8593476|1963-07-24|1|2|6|9510|3|5||3|07|||8|52.0|164|||2||||||||||||52UZPE01152001T48MT01EBS001H065952UZPE01152001T48MT01EBS001H0659F0659|52UZPE01152001T48MT01EBS001H065952UZPE01152001T48MT01EBS001H0659F0659PT8593476
3|1900|DEICIFILIA||MARTINEZ|MARTINEZ|CC|36751882|1965-02-21|2|2|5|9510|2|1||3|07|||8|63.6|157|||2||||||||||||52UZPE01152001T48MT01EBS001H066352UZPE01152001T48MT01EBS001H0663F0663|52UZPE01152001T48MT01EBS001H066352UZPE01152001T48MT01EBS001H0663F0663CC36751882
3|1901|STEPHANIE|FERNANDA|MARTINEZ|MARTINEZ|CC|1085314096|1994-07-23|2|2|3|9510|3|1||7|07|||8|60.0|153|||2||||||||||||52UZPE01152001T48MT01EBS001H066352UZPE01152001T48MT01EBS001H0663F0663|52UZPE01152001T48MT01EBS001H066352UZPE01152001T48MT01EBS001H0663F0663CC1085314096
3|1902|CRISTIAN|CAMILO|MARTINEZ||CC|1085331532|1996-06-29|1|2|3|9510|3|1||7|07|||8|60.0|160|||2||||||||||||52UZPE01152001T48MT01EBS001H066352UZPE01152001T48MT01EBS001H0663F0663|52UZPE01152001T48MT01EBS001H066352UZPE01152001T48MT01EBS001H0663F0663CC1085331532
3|1903|DOMINI|ALEJANDRO|FIGUEROA|MARTINEZ|RC|1085780653|2018-10-30|1|2|3|9998|3|1||8|07|||8|23.4|114|||2||||||||||||52UZPE01152001T48MT01EBS001H066352UZPE01152001T48MT01EBS001H0663F0663|52UZPE01152001T48MT01EBS001H066352UZPE01152001T48MT01EBS001H0663F0663RC1085780653
3|1904|NATALIA|ISABEL|ENRIQUEZ|DELGADO|CC|1085296409|1992-04-23|2|2|5|9510|3|1||7|07|||8|58.0|155|||2||||||||||||52UZPE01152001T48MT01EBS001H066552UZPE01152001T48MT01EBS001H0665F0665|52UZPE01152001T48MT01EBS001H066552UZPE01152001T48MT01EBS001H0665F0665CC1085296409
3|1905|SHIRLEY||ESPINOSA|ENRIQUEZ|TI|1137099268|2008-02-28|2|2|3|9998|3|1||1|07|||8|53.0|155|||2||||||||||||52UZPE01152001T48MT01EBS001H066552UZPE01152001T48MT01EBS001H0665F0665|52UZPE01152001T48MT01EBS001H066552UZPE01152001T48MT01EBS001H0665F0665TI1137099268
3|1906|HELEN|SALOME|ESPINOSA|ENRIQUEZ|TI|1080066962|2017-04-02|2|2|3|9998|3|1||8|07|||8|27.5|124|||2||||||||||||52UZPE01152001T48MT01EBS001H066552UZPE01152001T48MT01EBS001H0665F0665|52UZPE01152001T48MT01EBS001H066552UZPE01152001T48MT01EBS001H0665F0665TI1080066962
3|1907|MARIA|DELOSANGELES|CEBALLOS|CORDOBA|CC|30726431|1952-11-29|2|2|5|9998|2|1||3|07|||8|50.4|151|||2||||||||||||52UZPE01152001T48MT01EBS001H066652UZPE01152001T48MT01EBS001H0666F0666|52UZPE01152001T48MT01EBS001H066652UZPE01152001T48MT01EBS001H0666F0666CC30726431
3|1908|ANGEL|MARIA|VILLOTA|CALVACHE|CC|5378950|1947-03-20|1|2|2|9998|2|1||3|07|||1|82.0|167|||2||||||||||||52UZPE01152001T48MT01EBS001H066652UZPE01152001T48MT01EBS001H0666F0666|52UZPE01152001T48MT01EBS001H066652UZPE01152001T48MT01EBS001H0666F0666CC5378950
3|1909|BRAYAN|LUIS|BARCES|OJEDA|PT|30913411|2001-11-02|1|2|6|9510|3|5||7|07|||8|65.0|180|||2||||||||||||52UZPE01152001T48MT01EBS001H066052UZPE01152001T48MT01EBS001H0660F0660|52UZPE01152001T48MT01EBS001H066052UZPE01152001T48MT01EBS001H0660F0660PT30913411
3|1910|NICOLE|ANDREINA|BARRIOS|OJEDA|PT|07009007|2000-05-06|2|2|1|9510|3|5||7|07|||8|87.0|158|||2||||||||||||52UZPE01152001T48MT01EBS001H065752UZPE01152001T48MT01EBS001H0657F0657|52UZPE01152001T48MT01EBS001H065752UZPE01152001T48MT01EBS001H0657F0657PT07009007
3|1911|ANDREY|FERNANDO|CUSIS|RIASCOS|CC|1085315137|1994-09-04|1|2|3|9510|3|1||7|07|||8|65.0|160|||2||||||||||||52UZPE01152001T48MT01EBS001H066752UZPE01152001T48MT01EBS001H0667F0667|52UZPE01152001T48MT01EBS001H066752UZPE01152001T48MT01EBS001H0667F0667CC1085315137
3|1912|MARIA|EUGENIA|RIASCOS|ESPINOZA|CC|59827282|1973-04-15|2|2|1|9510|3|1||7|07|||8|62.0|150|||2||||||||||||52UZPE01152001T48MT01EBS001H066752UZPE01152001T48MT01EBS001H0667F0667|52UZPE01152001T48MT01EBS001H066752UZPE01152001T48MT01EBS001H0667F0667CC59827282
3|1913|DAVID|ANDRES|DELAROSA|POTOSI|CC|1085328593|1996-05-10|1|2|3|9998|3|1||4|07|||1|60.0|172|||2||||||||||||52UZPE01152001T48MT01EBS001H066852UZPE01152001T48MT01EBS001H0668F0668|52UZPE01152001T48MT01EBS001H066852UZPE01152001T48MT01EBS001H0668F0668CC1085328593
3|1914|LUZ|MARIA|POTOSI|CHAMORRO|CC|27203813|1968-10-12|2|2|1|9998|7|1||7|07|||8|73.0|155|||2||||||||||||52UZPE01152001T48MT01EBS001H066852UZPE01152001T48MT01EBS001H0668F0668|52UZPE01152001T48MT01EBS001H066852UZPE01152001T48MT01EBS001H0668F0668CC27203813
3|1915|EDWIN|SANTIAGO|BENAVIDES|DELAROSA|TI|1081284984|2015-05-10|1|2|3|9998|3|1||8|07|||8|42.6|147|||2||||||||||||52UZPE01152001T48MT01EBS001H066952UZPE01152001T48MT01EBS001H0669F0669|52UZPE01152001T48MT01EBS001H066952UZPE01152001T48MT01EBS001H0669F0669TI1081284984
3|1916|SARA|ALEJANDRA|DELAROSA|POTOSI|CC|1085335962|1997-06-26|2|2|1|5169|9|2||7|07|||8|50.0|155|||2||||||||||||52UZPE01152001T48MT01EBS001H066952UZPE01152001T48MT01EBS001H0669F0669|52UZPE01152001T48MT01EBS001H066952UZPE01152001T48MT01EBS001H0669F0669CC1085335962
3|1917|JOSE|MIGUEL|GUACALES|MARTINEZ|RC|59425567|2018-09-09|1|2|3|9998|3|1||8|07|||8|22.3|123|||2||||||||||||52UZPE01152001T48MT01EBS001H067052UZPE01152001T48MT01EBS001H0670F0670|52UZPE01152001T48MT01EBS001H067052UZPE01152001T48MT01EBS001H0670F0670RC59425567
3|1918|MARIA|DELSOCORRO|MARTINEZ|NA|CC|37085780|1981-12-26|2|2|2|9510|2|1||7|07|||8|69.1|148|||2||||||||||||52UZPE01152001T48MT01EBS001H067052UZPE01152001T48MT01EBS001H0670F0670|52UZPE01152001T48MT01EBS001H067052UZPE01152001T48MT01EBS001H0670F0670CC37085780
3|1919|JOSE|MARIA|GUACALES|NA|CC|98370436|1969-10-10|1|2|1|9998|2|1||7|07|||8|66.9|165|||2||||||||||||52UZPE01152001T48MT01EBS001H067052UZPE01152001T48MT01EBS001H0670F0670|52UZPE01152001T48MT01EBS001H067052UZPE01152001T48MT01EBS001H0670F0670CC98370436
3|1920|MONICA|LIZETH|ENRIQUEZ|GUEVARA|TI|1080694368|2009-03-05|2|2|6|9998|3|1||1|06|||8|40.0|140|||2||||||||||||52UZPE01152001T48MT01EBS001H067152UZPE01152001T48MT01EBS001H0671F0671|52UZPE01152001T48MT01EBS001H067152UZPE01152001T48MT01EBS001H0671F0671TI1080694368
3|1921|ENRIQUEZ|GUEVARA|YAMID|YESITH|TI|1080058760|2011-02-16|1|2|6|9998|3|1||1|07|||8|27.2|136|||2||||||||||||52UZPE01152001T48MT01EBS001H067152UZPE01152001T48MT01EBS001H0671F0671|52UZPE01152001T48MT01EBS001H067152UZPE01152001T48MT01EBS001H0671F0671TI1080058760
3|1922|CLAUDIA|JACKELINE|ENRIQUEZ|DELGADO|CC|36752692|1978-08-18|2|2|1|9510|3|1||7|07|||8|67.3|154|||2||||||||||||52UZPE01152001T48MT01EBS001H067152UZPE01152001T48MT01EBS001H0671F0671|52UZPE01152001T48MT01EBS001H067152UZPE01152001T48MT01EBS001H0671F0671CC36752692
3|1923|AURA|ELISA|PAXIMO|BOTINA|CC|1085284469|1988-05-12|2|2|1|9510|3|1||7|07|||8|60.3|145|||2||||||||||||52UZPE01152001T48MT01EBS001H067352UZPE01152001T48MT01EBS001H0673F0673|52UZPE01152001T48MT01EBS001H067352UZPE01152001T48MT01EBS001H0673F0673CC1085284469
3|1924|ELI|MARILIN|NUPAN|PAXIMO|RC|1080073315|2022-12-11|2|2|3|9998|3|1||8|07|||8|14.5|145|||2||||||||||||52UZPE01152001T48MT01EBS001H067352UZPE01152001T48MT01EBS001H0673F0673|52UZPE01152001T48MT01EBS001H067352UZPE01152001T48MT01EBS001H0673F0673RC1080073315
3|1925|SARA|MICHEL|BOTINA|PAXIMO|TI|1081285337|2015-10-28|2|2|3|9998|3|1||8|07|||8|40.8|146|||2||||||||||||52UZPE01152001T48MT01EBS001H067352UZPE01152001T48MT01EBS001H0673F0673|52UZPE01152001T48MT01EBS001H067352UZPE01152001T48MT01EBS001H0673F0673TI1081285337
3|1926|ARIADNA|SALOME|LOPEZ|BENAVIDES|TI|1081070859|2018-04-22|2|2|3|9998|3|1||8|07|||8|33.0|127|||2||||||||||||52UZPE01152001T48MT01EBS001H067452UZPE01152001T48MT01EBS001H0674F0674|52UZPE01152001T48MT01EBS001H067452UZPE01152001T48MT01EBS001H0674F0674TI1081070859
3|1927|ANGIE|LORENA|BENAVIDES|GILON|CC|1081052012|1999-12-12|2|2|1|9510|3|1||7|07|||8|63.0|155|||2||||||||||||52UZPE01152001T48MT01EBS001H067452UZPE01152001T48MT01EBS001H0674F0674|52UZPE01152001T48MT01EBS001H067452UZPE01152001T48MT01EBS001H0674F0674CC1081052012
3|1928|ROBERT|JOSE|VALENCIA||CC|1085269899|1988-12-09|1|2|2|9510|3|1||7|07|||8|68.1|165|||2||||||||||||52UZPE01152001T48MT01EBS001H067552UZPE01152001T48MT01EBS001H0675F0675|52UZPE01152001T48MT01EBS001H067552UZPE01152001T48MT01EBS001H0675F0675CC1085269899
3|1929|CLAUDIA|PATRICIA|ACHICANOY||CC|1085292155|1991-04-09|2|2|2|9510|3|1||7|07|||8|66.7|162|||2||||||||||||52UZPE01152001T48MT01EBS001H067552UZPE01152001T48MT01EBS001H0675F0675|52UZPE01152001T48MT01EBS001H067552UZPE01152001T48MT01EBS001H0675F0675CC1085292155
3|1930|DORIS|CONCEPCION|PAZ|VILLAREAL|CC|30739943|1966-11-03|2|2|1|5169|3|2||7|07|||8|66.5|153|||2||||||||||||52UZPE01152001T48MT01EBS001H067652UZPE01152001T48MT01EBS001H0676F0676|52UZPE01152001T48MT01EBS001H067652UZPE01152001T48MT01EBS001H0676F0676CC30739943
3|1931|DANIELA|MARGARITA|MELO|PAZ|CC|1193036507|2000-03-13|2|2|3|9998|3|1||7|07|||8|45.3|153|||2||||||||||||52UZPE01152001T48MT01EBS001H067652UZPE01152001T48MT01EBS001H0676F0676|52UZPE01152001T48MT01EBS001H067652UZPE01152001T48MT01EBS001H0676F0676CC1193036507
3|1932|MARIANA|VALENTINA|VILLOTA|CORAL|TI|1080066770|2017-01-16|2|2|3|9998|3|1||8|07|||8|31.0|128|||2||||||||||||52UZPE01152001T48MT01EBS001H067852UZPE01152001T48MT01EBS001H0678F0678|52UZPE01152001T48MT01EBS001H067852UZPE01152001T48MT01EBS001H0678F0678TI1080066770
3|1933|LORENA|NONE|VILLOTA|CORAL|CC|1085256718|1986-11-15|2|2|1|9622|3|1||7|07|||8|79.0|156|||2||||||||||||52UZPE01152001T48MT01EBS001H067852UZPE01152001T48MT01EBS001H0678F0678|52UZPE01152001T48MT01EBS001H067852UZPE01152001T48MT01EBS001H0678F0678CC1085256718
3|1934|JUSEPHE|ALDEMAR|HERNANDEZ|PAZ|CC|1085348051|1991-03-31|1|2|6|9510|3|5||7|07|||8|61.5|165|||2||||||||||||52UZPE01152001T48MT01EBS001H067752UZPE01152001T48MT01EBS001H0677F0677|52UZPE01152001T48MT01EBS001H067752UZPE01152001T48MT01EBS001H0677F0677CC1085348051
3|1935|WILLIAM|HERNANDO|BENAVIDES|GUERRERO|CC|87062017|1980-08-20|1|2|1|9510|2|1||7|07|||8|70.0|165|||2||||||||||||52UZPE01152001T48MT01EBS001H067952UZPE01152001T48MT01EBS001H0679F0679|52UZPE01152001T48MT01EBS001H067952UZPE01152001T48MT01EBS001H0679F0679CC87062017
3|1936|ALAN|ISAAC|BENAVIDES|MARTINEZ|RC|1080706152|2019-02-28|1|2|3|9998|3|1||8|07|||8|20.0|115|||2||||||||||||52UZPE01152001T48MT01EBS001H067952UZPE01152001T48MT01EBS001H0679F0679|52UZPE01152001T48MT01EBS001H067952UZPE01152001T48MT01EBS001H0679F0679RC1080706152
3|1937|ELKIN|SANTIAGO|BENAVIDES|MARTINEZ|TI|1080697028|2011-09-25|1|2|3|9998|3|1||1|07|||8|49.0|164|||2||||||||||||52UZPE01152001T48MT01EBS001H067952UZPE01152001T48MT01EBS001H0679F0679|52UZPE01152001T48MT01EBS001H067952UZPE01152001T48MT01EBS001H0679F0679TI1080697028
3|1938|ROSA|MARGARITA|MARTINEZ|NOAP|CC|37088328|1985-08-23|2|2|2|9510|3|1||7|07|||8|63.0|159|||2||||||||||||52UZPE01152001T48MT01EBS001H067952UZPE01152001T48MT01EBS001H0679F0679|52UZPE01152001T48MT01EBS001H067952UZPE01152001T48MT01EBS001H0679F0679CC37088328
3|1939|KAREN|ALEJANDRA|NARVAEZ|DELGADO|CC|1085320172|1992-01-09|2|2|3|5169|7|1||7|07|||8|50.0|164|||2||||||||||||52UZPE01152001T48MT01EBS001H068452UZPE01152001T48MT01EBS001H0684F0684|52UZPE01152001T48MT01EBS001H068452UZPE01152001T48MT01EBS001H0684F0684CC1085320172
3|1940|MAGALY|ALEXANDRA|DELGADO|LEYTON|CC|59836872|1975-10-18|2|2|5|9998|3|1||7|07|||8|64.6|150|||2||||||||||||52UZPE01152001T48MT01EBS001H068452UZPE01152001T48MT01EBS001H0684F0684|52UZPE01152001T48MT01EBS001H068452UZPE01152001T48MT01EBS001H0684F0684CC59836872
3|1941|VIVIAN|YAMILE|BENAVIDES|ENRIQUEZ|CC|1085313981|1994-06-06|2|2|3|9998|5|1||7|07|||8|57.0|150|||2||||||||||||52UZPE01152001T48MT01EBS001H068652UZPE01152001T48MT01EBS001H0686F0686|52UZPE01152001T48MT01EBS001H068652UZPE01152001T48MT01EBS001H0686F0686CC1085313981
3|1942|MARIO|WILLIAM|BENAVIDES|GUERRERO|CC|98395399|1975-10-28|1|2|1|9510|2|1||7|07|||8|65.0|154|||2||||||||||||52UZPE01152001T48MT01EBS001H068652UZPE01152001T48MT01EBS001H0686F0686|52UZPE01152001T48MT01EBS001H068652UZPE01152001T48MT01EBS001H0686F0686CC98395399
3|1943|NANCY|RUBIELA|ENRIQUEZ|DELGADO|CC|59834327|1976-08-17|2|2|2|9510|2|1||7|07|||8|59.0|154|||2||||||||||||52UZPE01152001T48MT01EBS001H068652UZPE01152001T48MT01EBS001H0686F0686|52UZPE01152001T48MT01EBS001H068652UZPE01152001T48MT01EBS001H0686F0686CC59834327
3|1944|NICOLL|YULIANA|NARVAEZ|DELGADO|CC|1085299158|1995-04-04|2|2|5|9510|7|1||7|07|||8|50.0|160|||2||||||||||||52UZPE01152001T48MT01EBS001H068252UZPE01152001T48MT01EBS001H0682F0682|52UZPE01152001T48MT01EBS001H068252UZPE01152001T48MT01EBS001H0682F0682CC1085299158
3|1945|JUAN|SEBASTIAN|RODRIGUEZ|NARVAEZ|TI|1080065835|2016-05-21|1|2|3|9998|3|1||8|07|||8|45.0|150|||2||||||||||||52UZPE01152001T48MT01EBS001H068252UZPE01152001T48MT01EBS001H0682F0682|52UZPE01152001T48MT01EBS001H068252UZPE01152001T48MT01EBS001H0682F0682TI1080065835
3|1946|LILIAN|EMILSE|ORTEGA|VILLOTA|CC|1087407064|1986-05-10|2|2|1|9998|7|1||6|07|||8|52.0|160|||2||||||||||||52UZPE01152001T48MT01EBS001H068552UZPE01152001T48MT01EBS001H0685F0685|52UZPE01152001T48MT01EBS001H068552UZPE01152001T48MT01EBS001H0685F0685CC1087407064
3|1947|KEILLY|YARETHZY|TELLEZ|ORTEGA|RC|1080070529|2020-03-04|2|2|3|9998|3|1||8|07|||8|||||2||||||||||||52UZPE01152001T48MT01EBS001H068552UZPE01152001T48MT01EBS001H0685F0685|52UZPE01152001T48MT01EBS001H068552UZPE01152001T48MT01EBS001H0685F0685RC1080070529
3|1948|MARTA|MONSERRAT|LOPEZ|NARVAEZ|RC|1081289169|2023-10-08|2|2|3|9998|3|2||8|07|||8|||||2||||||||||||52UZPE01152001T48MT01EBS001H068352UZPE01152001T48MT01EBS001H0683F0683|52UZPE01152001T48MT01EBS001H068352UZPE01152001T48MT01EBS001H0683F0683RC1081289169
3|1949|DANNA|MICHEL|NARVAEZ|DELGADO|CC|1004136628|2001-03-12|2|2|5|5169|7|2||7|07|||8|55.0|165|||2||||||||||||52UZPE01152001T48MT01EBS001H068352UZPE01152001T48MT01EBS001H0683F0683|52UZPE01152001T48MT01EBS001H068352UZPE01152001T48MT01EBS001H0683F0683CC1004136628
3|1950|GLORIA||RODRIGUEZ||CC|30724795|1962-03-11|2|2|5|9510|3|1||3|07|||8|60.0|163|||2||||||||||||52UZPE01152001T48MT01EBS001H069152UZPE01152001T48MT01EBS001H0691F0691|52UZPE01152001T48MT01EBS001H069152UZPE01152001T48MT01EBS001H0691F0691CC30724795
3|1951|WILMER|ARMANDO|GELPUD|DIAZ|CC|87062562|1982-10-10|1|2|3|9510|5|5||7|07|||8|68.0|172|||2||||||||||||52UZPE01152001T48MT01EBS001H069152UZPE01152001T48MT01EBS001H0691F0691|52UZPE01152001T48MT01EBS001H069152UZPE01152001T48MT01EBS001H0691F0691CC87062562
3|1952|JUAN|FELIPE|ROSALES|RODRIGUEZ|CC|1004216100|2002-02-17|1|2|3|9998|3|1||7|07|||8|57.0|155|||2||||||||||||52UZPE01152001T48MT01EBS001H069152UZPE01152001T48MT01EBS001H0691F0691|52UZPE01152001T48MT01EBS001H069152UZPE01152001T48MT01EBS001H0691F0691CC1004216100
3|1953|SANTI|HERNAN|RODRIGUEZ|SOLARTE|RC|1233195055|2020-01-11|1|2|3|9998|3|1||8|07|||8|||||2||||||||||||52UZPE01152001T48MT01EBS001H069252UZPE01152001T48MT01EBS001H0692F0692|52UZPE01152001T48MT01EBS001H069252UZPE01152001T48MT01EBS001H0692F0692RC1233195055
3|1954|HERNAN|ALFONSO|RODRIGUEZ|MORENO|CC|87491973|1982-11-10|1|2|1|9510|3|1||7|07|||8|75.0|165|||2||||||||||||52UZPE01152001T48MT01EBS001H069252UZPE01152001T48MT01EBS001H0692F0692|52UZPE01152001T48MT01EBS001H069252UZPE01152001T48MT01EBS001H0692F0692CC87491973
3|1955|WILLINTONG|ADRIAN|RODRIGUEZ|SOLARTE|CC|1082746377|2004-11-11|1|2|3|9510|3|1||7|07|||8|65.0|170|||2||||||||||||52UZPE01152001T48MT01EBS001H069252UZPE01152001T48MT01EBS001H0692F0692|52UZPE01152001T48MT01EBS001H069252UZPE01152001T48MT01EBS001H0692F0692CC1082746377
3|1956|GILMA|ONEIDA|SOLARTE|ZAMBRANO|CC|1082747417|1990-07-04|2|2|2|9998|3|1||7|07|||8|52.0|154|||2||||||||||||52UZPE01152001T48MT01EBS001H069252UZPE01152001T48MT01EBS001H0692F0692|52UZPE01152001T48MT01EBS001H069252UZPE01152001T48MT01EBS001H0692F0692CC1082747417
3|1957|CARMEN|AMELIA|ASCUNTAR|QUITIAQUEZ|CC|30713929|1955-10-24|2|2|5|9510|2|1||3|07|||8|52.0|155|||2||||||||||||52UZPE01152001T48MT01EBS001H069352UZPE01152001T48MT01EBS001H0693F0693|52UZPE01152001T48MT01EBS001H069352UZPE01152001T48MT01EBS001H0693F0693CC30713929
3|1958|JOHNATAN|CAMILO|OBANDO|JURADO|CC|1193273202|2001-05-19|1|2|3|5169|8|2||7|07|||8|72.0|173|||2||||||||||||52UZPE01152001T48MT01EBS001H069452UZPE01152001T48MT01EBS001H0694F0694|52UZPE01152001T48MT01EBS001H069452UZPE01152001T48MT01EBS001H0694F0694CC1193273202
3|1959|DIANA|CAROLINA|JURADO|ORTIZ|CC|1193275987|2001-07-28|2|2|6|5169|7|2||7|07|||8|62.0|154|||2||||||||||||52UZPE01152001T48MT01EBS001H069452UZPE01152001T48MT01EBS001H0694F0694|52UZPE01152001T48MT01EBS001H069452UZPE01152001T48MT01EBS001H0694F0694CC1193275987
3|1960|MIRIAM|DELSOCORRO|JURADO|ORTIZ|CC|37080951|1977-02-18|2|2|1|9510|3|1||7|07|||8|74.0|159|||2||||||||||||52UZPE01152001T48MT01EBS001H069452UZPE01152001T48MT01EBS001H0694F0694|52UZPE01152001T48MT01EBS001H069452UZPE01152001T48MT01EBS001H0694F0694CC37080951
3|1961|LUZ|CLEMENCIA|MENESES|MEDINA|CC|1085273195|1987-08-11|2|2|1|9998|3|1||7|07|||8|58.0|154|||2||||||||||||52UZPE01152001T48MT01EBS001H069552UZPE01152001T48MT01EBS001H0695F0695|52UZPE01152001T48MT01EBS001H069552UZPE01152001T48MT01EBS001H0695F0695CC1085273195
3|1962|ANDRES|FELIPE|CEBALLOS|MENESES|TI|1080703206|2016-12-19|1|2|3|9998|3|1||8|07|||8|53.0|142|||2||||||||||||52UZPE01152001T48MT01EBS001H069552UZPE01152001T48MT01EBS001H0695F0695|52UZPE01152001T48MT01EBS001H069552UZPE01152001T48MT01EBS001H0695F0695TI1080703206
3|1963|BRISVANY|LICED|MATAMBA|LARA|TI|1080056668|2009-11-02|2|2|3|9998|3|1||1|07|||8|55.0|152|||2||||||||||||52UZPE01152001T48MT01EBS001H069752UZPE01152001T48MT01EBS001H0697F0697|52UZPE01152001T48MT01EBS001H069752UZPE01152001T48MT01EBS001H0697F0697TI1080056668
3|1964|MARTA|JAKELINE|LARA|CABEZAS|CC|59675261|1977-08-01|2|2|1|9622|3|1||7|07|||8|81.0|164|||2||||||||||||52UZPE01152001T48MT01EBS001H069752UZPE01152001T48MT01EBS001H0697F0697|52UZPE01152001T48MT01EBS001H069752UZPE01152001T48MT01EBS001H0697F0697CC59675261
3|1965|LORENA|PATRICIA|ORTIZ|NA|CC|1012358915|1989-06-29|2|2|1|5169|3|2||7|07|||8|70.0|155|||2||||||||||||52UZPE01152001T48MT01EBS001H069952UZPE01152001T48MT01EBS001H0699F0699|52UZPE01152001T48MT01EBS001H069952UZPE01152001T48MT01EBS001H0699F0699CC1012358915
3|1966|DANIEL|SANTIAGO|ORTIZ|NA|TI|1080058882|2010-12-10|1|2|3|9998|3|1||1|07|||8|55.0|165|||2||||||||||||52UZPE01152001T48MT01EBS001H069952UZPE01152001T48MT01EBS001H0699F0699|52UZPE01152001T48MT01EBS001H069952UZPE01152001T48MT01EBS001H0699F0699TI1080058882
3|1967|JOSE|ALEXANDER|GUERRERO|ORTIZ|RC|1030025007|2025-03-01|1|2|3|9998|3|2||8|07|||8|||||2||||||||||||52UZPE01152001T48MT01EBS001H069952UZPE01152001T48MT01EBS001H0699F0699|52UZPE01152001T48MT01EBS001H069952UZPE01152001T48MT01EBS001H0699F0699RC1030025007
3|1968|RICARDO|JESUS|PEREZ|MARTINEZ|PT|5749677|1996-01-04|1|2|2|9510|3|1||7|07|||8|60.0|162|||2||||||||||||52UZPE01152001T48MT01EBS001H069852UZPE01152001T48MT01EBS001H0698F0698|52UZPE01152001T48MT01EBS001H069852UZPE01152001T48MT01EBS001H0698F0698PT5749677
3|1969|RIANGELYS|FRANCISCA|PEREZ|MARTINEZ|PT|5779916|2017-06-20|2|2|3|9998|3|1||8|07|||8|23.0|120|||2||||||||||||52UZPE01152001T48MT01EBS001H069852UZPE01152001T48MT01EBS001H0698F0698|52UZPE01152001T48MT01EBS001H069852UZPE01152001T48MT01EBS001H0698F0698PT5779916
3|1970|ANGELICA|FRANCELY|MARTINEZ|PEREZ|CC|5779687|1995-01-19|2|2|5|9998|3|1||7|07|||8|53.7|157|||2||||||||||||52UZPE01152001T48MT01EBS001H069852UZPE01152001T48MT01EBS001H0698F0698|52UZPE01152001T48MT01EBS001H069852UZPE01152001T48MT01EBS001H0698F0698CC5779687
3|1971|RIANCELYS|SABRINA|PEREZ|MARTINEZ|PT|5780055|2019-09-24|2|2|3|9998|3|1||8|07|||8|||||2||||||||||||52UZPE01152001T48MT01EBS001H069852UZPE01152001T48MT01EBS001H0698F0698|52UZPE01152001T48MT01EBS001H069852UZPE01152001T48MT01EBS001H0698F0698PT5780055
3|1972|BLEYGIS|CAROLINA|BAEZ|FERREIRA|PT|63021|1991-10-08|2|2|2|9510|3|1||7|07|||8|67.6|157|||2||||||||||||52UZPE01152001T48MT01EBS001H070052UZPE01152001T48MT01EBS001H0700F0700|52UZPE01152001T48MT01EBS001H070052UZPE01152001T48MT01EBS001H0700F0700PT63021
3|1973|LUIS|DAVID|RODRIGUEZ|BAEZ|PT|6052015147|2015-05-06|1|2|3|9998|3|1||8|07|||8|30.1|137|||2||||||||||||52UZPE01152001T48MT01EBS001H070052UZPE01152001T48MT01EBS001H0700F0700|52UZPE01152001T48MT01EBS001H070052UZPE01152001T48MT01EBS001H0700F0700PT6052015147
3|1974|FRANYELIS|SAMANTHA|RODRIGUEZ|BAEZ|PT|6302608|2021-01-07|2|2|3|9998|3|1||8|07|||8|12.3|97|||2||||||||||||52UZPE01152001T48MT01EBS001H070052UZPE01152001T48MT01EBS001H0700F0700|52UZPE01152001T48MT01EBS001H070052UZPE01152001T48MT01EBS001H0700F0700PT6302608
3|1975|OMAR|JOSE|RODRIGUEZ|BAEZ|PT|4082013836|2013-08-04|1|2|3|9998|3|1||1|07|||8|28.0|130|||2||||||||||||52UZPE01152001T48MT01EBS001H070052UZPE01152001T48MT01EBS001H0700F0700|52UZPE01152001T48MT01EBS001H070052UZPE01152001T48MT01EBS001H0700F0700PT4082013836
3|1976|YORWIN|ALEXANDER|RODRIGUEZ|BAEZ|PT|6302257|2011-12-28|1|2|3|9998|3|1||1|07|||8|42.1|150|||2||||||||||||52UZPE01152001T48MT01EBS001H070052UZPE01152001T48MT01EBS001H0700F0700|52UZPE01152001T48MT01EBS001H070052UZPE01152001T48MT01EBS001H0700F0700PT6302257
3|1977|BEYKER|JOSUE|RODRIGUEZ|BAEZ|PT|19102018501|2019-03-04|1|2|3|9998|3|1||8|07|||8|20.2|110|||2||||||||||||52UZPE01152001T48MT01EBS001H070052UZPE01152001T48MT01EBS001H0700F0700|52UZPE01152001T48MT01EBS001H070052UZPE01152001T48MT01EBS001H0700F0700PT19102018501
3|1978|DANIEL|JESUS|PEREZ|AVILA|PT|5365704|1992-06-06|1|2|2|9510|3|1||7|07|||8|95.0|170|||2||||||||||||52UZPE01152001T48MT01EBS001H070052UZPE01152001T48MT01EBS001H0700F0700|52UZPE01152001T48MT01EBS001H070052UZPE01152001T48MT01EBS001H0700F0700PT5365704
3|1979|ROXANA|NA|NA|PAIVA|PT|596862|1992-03-28|2|1|2|9998|3|1||7|07|||8|53.3|160|||2||||||||||||52UZPE01152001T48MT01EBS001H070152UZPE01152001T48MT01EBS001H0701F0701|52UZPE01152001T48MT01EBS001H070152UZPE01152001T48MT01EBS001H0701F0701PT596862
3|1980|HECTOR|EDUARDO|PEREZ|PEREZ|PT|5968840|1992-11-23|1|2|1|9510|3|1||7|07|||8|82.0|165|||2||||||||||||52UZPE01152001T48MT01EBS001H070152UZPE01152001T48MT01EBS001H0701F0701|52UZPE01152001T48MT01EBS001H070152UZPE01152001T48MT01EBS001H0701F0701PT5968840
3|1981|SCARLET|ANAHI|PEREZ|PAIVA|PT|6224184|2017-08-23|2|2|3|9998|3|1||8|07|||8|32.0|125|||2||||||||||||52UZPE01152001T48MT01EBS001H070152UZPE01152001T48MT01EBS001H0701F0701|52UZPE01152001T48MT01EBS001H070152UZPE01152001T48MT01EBS001H0701F0701PT6224184
3|1982|DAISY|JOSEFINA|RUIZ|NOTIENE|PT|5780352|1974-09-03|2|2|1|9510|3|1||4|07|||3|65.0|157|||2||||||||||||52UZPE01152001T48MT01EBS001H070352UZPE01152001T48MT01EBS001H0703F0703|52UZPE01152001T48MT01EBS001H070352UZPE01152001T48MT01EBS001H0703F0703PT5780352
3|1983|FRANKLIN|NA|GUERRA|PEREZ|CC|31070758|2000-07-06|1|2|3|9510|3|5||7|07|||8|70.0|178|||2||||||||||||52UZPE01152001T48MT01EBS001H070252UZPE01152001T48MT01EBS001H0702F0702|52UZPE01152001T48MT01EBS001H070252UZPE01152001T48MT01EBS001H0702F0702CC31070758
3|1984|ROSA|MARIA|PEREZ|PEREZ|CC|13492556|1975-03-30|2|2|3|9998|2|5||7|07|||8|80.0|168|||2||||||||||||52UZPE01152001T48MT01EBS001H070252UZPE01152001T48MT01EBS001H0702F0702|52UZPE01152001T48MT01EBS001H070252UZPE01152001T48MT01EBS001H0702F0702CC13492556
3|1985|MARIA|CLEMENCIA|PORTILLA|DIAZ|CC|41115188|1956-07-20|2|2|1|9998|2|1||3|07|||8|63.5|154|||2||||||||||||52UZPE01152001T48MT01EBS001H070452UZPE01152001T48MT01EBS001H0704F0704|52UZPE01152001T48MT01EBS001H070452UZPE01152001T48MT01EBS001H0704F0704CC41115188
3|1986|SARITA|LISBETH|MORA|FREIRE|CC|1004223908|1997-10-01|2|2|1|5169|7|2||7|07|||8|43.0|160|||2||||||||||||52UZPE01152001T48MT01EBS001H070552UZPE01152001T48MT01EBS001H0705F0705|52UZPE01152001T48MT01EBS001H070552UZPE01152001T48MT01EBS001H0705F0705CC1004223908
3|1987|CINTYA|VERONICA|RUIZ|SANTACRUZ|CC|1085336465|1997-06-05|2|2|2|5169|7|2||7|07|||8|57.0|160|||2||||||||||||52UZPE01152001T48MT01EBS001H070552UZPE01152001T48MT01EBS001H0705F0705|52UZPE01152001T48MT01EBS001H070552UZPE01152001T48MT01EBS001H0705F0705CC1085336465
3|1988|PAULA|SALOME|GUACAS|RUIZ|TI|1080067554|2017-09-17|2|2|3|9998|3|2||8|07|||8|38.0|130|||2||||||||||||52UZPE01152001T48MT01EBS001H070552UZPE01152001T48MT01EBS001H0705F0705|52UZPE01152001T48MT01EBS001H070552UZPE01152001T48MT01EBS001H0705F0705TI1080067554
3|1989|JOAQUIN|EDUARDO|MORA|FREIRE|RC|1080712103|2025-05-29|1|2|3|9998|3|2||8|07|||8|5.0|60|||2||||||||||||52UZPE01152001T48MT01EBS001H070552UZPE01152001T48MT01EBS001H0705F0705|52UZPE01152001T48MT01EBS001H070552UZPE01152001T48MT01EBS001H0705F0705RC1080712103
3|1990|LIZETH|FEREIRA|DELVALLE|PAZ|PT|5625671|1974-10-24|2|2|1|9622|3|1||7|07|||8|84.0|150|||2||||||||||||52UZPE01152001T48MT01EBS001H070652UZPE01152001T48MT01EBS001H0706F0706|52UZPE01152001T48MT01EBS001H070652UZPE01152001T48MT01EBS001H0706F0706PT5625671
3|1991|KARELIS|NA|SANZ|NA|PT|7215142|1988-09-02|2|2|1|5169|3|1||7|07|||8|91.0|163|||2||||||||||||52UZPE01152001T48MT01EBS001H070752UZPE01152001T48MT01EBS001H0707F0707|52UZPE01152001T48MT01EBS001H070752UZPE01152001T48MT01EBS001H0707F0707PT7215142
3|1992|EUCARLES|MICHAEL|LOPEZ|SANZ|PT|7215455|2007-11-03|2|2|3|9998|3|1||1|07|||8|50.0|162|||2||||||||||||52UZPE01152001T48MT01EBS001H070752UZPE01152001T48MT01EBS001H0707F0707|52UZPE01152001T48MT01EBS001H070752UZPE01152001T48MT01EBS001H0707F0707PT7215455
3|1993|ROSMERY|ALEJANDRA|HERNANDEZ|SANZ|PT|7215724|2013-07-03|2|2|3|9998|3|1||1|07|||8|40.0|140|||2||||||||||||52UZPE01152001T48MT01EBS001H070752UZPE01152001T48MT01EBS001H0707F0707|52UZPE01152001T48MT01EBS001H070752UZPE01152001T48MT01EBS001H0707F0707PT7215724
3|1994|ZOE|ARANZA|OBANDO|SANZ|RC|1087754986|2022-06-03|2|2|3|9998|3|1||8|07|||8|10.2|110|||2||||||||||||52UZPE01152001T48MT01EBS001H070752UZPE01152001T48MT01EBS001H0707F0707|52UZPE01152001T48MT01EBS001H070752UZPE01152001T48MT01EBS001H0707F0707RC1087754986
3|1995|DELIO|ALBEIRO|VILLOTA|CAEZ|CC|1085285933|1990-12-12|1|2|6|9998|2|1||7|07|||8|62.0|170|||2||||||||||||52UZPE01152001T48MT01EBS001H070852UZPE01152001T48MT01EBS001H0708F0708|52UZPE01152001T48MT01EBS001H070852UZPE01152001T48MT01EBS001H0708F0708CC1085285933
3|1996|MELISA|MAYELIN|OVIEDO|CABRERA|CC|10004235116|2003-08-10|2|2|6|9998|3|2||7|07|||8|59.0|155|||2||||||||||||52UZPE01152001T48MT02EBS001H049452UZPE01152001T48MT02EBS001H0494F0494|52UZPE01152001T48MT02EBS001H049452UZPE01152001T48MT02EBS001H0494F0494CC10004235116
3|1997|BRIAN|DAVID|GOMEZ|YEPES|CC|1085303336|1992-10-15|1|2|3|5169|5|1||7|07|||8|73.0|172|||2||||||||||||52UZPE01152001T48MT02EBS001H070952UZPE01152001T48MT02EBS001H0709F0709|52UZPE01152001T48MT02EBS001H070952UZPE01152001T48MT02EBS001H0709F0709CC1085303336
3|1998|MYRIAM|DELSOCORRO|YEPES|RIASCOS|CC|30733507|1966-02-20|2|2|1|9510|4|1||7|07|||8|63.0|160|||2||||||||||||52UZPE01152001T48MT02EBS001H070952UZPE01152001T48MT02EBS001H0709F0709|52UZPE01152001T48MT02EBS001H070952UZPE01152001T48MT02EBS001H0709F0709CC30733507
3|1999|JOHN|SEBASTIAN|VILLOTA|CASTILLO|RC|1140214260|2018-10-18|1|2|3|9998|3|1||8|07|||8|25.0|125|||2||||||||||||52UZPE01152001T48MT02EBS001H071052UZPE01152001T48MT02EBS001H0710F0710|52UZPE01152001T48MT02EBS001H071052UZPE01152001T48MT02EBS001H0710F0710RC1140214260
3|2000|ROSALBA|NOTIENE|CASTILLO|BOLANOS|CC|27145530|1979-09-13|2|2|5|9510|3|1||7|07|||8|65.0|153|||2||||||||||||52UZPE01152001T48MT02EBS001H071052UZPE01152001T48MT02EBS001H0710F0710|52UZPE01152001T48MT02EBS001H071052UZPE01152001T48MT02EBS001H0710F0710CC27145530
3|2001|ANGIE|MARLUT|DORADO|TOBON|CC|1004539941|2001-10-17|2|2|6|9622|5|1||7|07|||8|83.0|165|||2||||||||||||52UZPE01152001T48MT02EBS001H071152UZPE01152001T48MT02EBS001H0711F0711|52UZPE01152001T48MT02EBS001H071152UZPE01152001T48MT02EBS001H0711F0711CC1004539941
3|2002|ROSA|ANDREA|BOLANOS|ERAZO|CC|1085349007|1982-05-29|2|2|3|9622|3|2||7|07|||8|53.0|150|||2||||||||||||52UZPE01152001T48MT02EBS001H071252UZPE01152001T48MT02EBS001H0712F0712|52UZPE01152001T48MT02EBS001H071252UZPE01152001T48MT02EBS001H0712F0712CC1085349007
3|2003|MARGARITA|CONCEPCION|ERAZO|CASTRO|CC|27172639|1948-05-08|2|2|5|9998|3|1||3|07|||8|62.0|142|||2||||||||||||52UZPE01152001T48MT02EBS001H071252UZPE01152001T48MT02EBS001H0712F0712|52UZPE01152001T48MT02EBS001H071252UZPE01152001T48MT02EBS001H0712F0712CC27172639
3|2004|MARIA|FERNANDA|BUCHELI|ERAZO|CC|36862254|1985-03-23|2|2|6|9510|3|5||7|07|||8|53.0|145|||2||||||||||||52UZPE01152001T48MT02EBS001H071352UZPE01152001T48MT02EBS001H0713F0713|52UZPE01152001T48MT02EBS001H071352UZPE01152001T48MT02EBS001H0713F0713CC36862254
3|2005|MARIA|JUDIT|NOGUERA|MOREANO|CC|41715938|1965-01-22|2|2|2|9998|2|1||3|07|||8|65.0|150|||2||||||||||||52UZPE01152001T48MT02EBS001H071452UZPE01152001T48MT02EBS001H0714F0714|52UZPE01152001T48MT02EBS001H071452UZPE01152001T48MT02EBS001H0714F0714CC41715938
3|2006|SEGUNDO|MESIAS|MOREANO|CORDOBA|CC|16295043|1960-03-21|1|2|1|9998|2|1||3|07|||1|50.0|160|||2||||||||||||52UZPE01152001T48MT02EBS001H071452UZPE01152001T48MT02EBS001H0714F0714|52UZPE01152001T48MT02EBS001H071452UZPE01152001T48MT02EBS001H0714F0714CC16295043
3|2007|JULIO|CESAR|SALAZAR|MORILLO|PT|803807|1993-01-11|1|2|6|9510|3|5||7|07|||8|90.0|173|||2||||||||||||52UZPE01152001T48MT02EBS001H071652UZPE01152001T48MT02EBS001H0716F0716|52UZPE01152001T48MT02EBS001H071652UZPE01152001T48MT02EBS001H0716F0716PT803807
3|2008|MARIA|VALENTINA|ENRIQUEZ|MOREANO|TI|1030001742|2015-04-10|2|2|3|9998|3|2||8|07|||8|45.0|152|||2||||||||||||52UZPE01152001T48MT02EBS001H071552UZPE01152001T48MT02EBS001H0715F0715|52UZPE01152001T48MT02EBS001H071552UZPE01152001T48MT02EBS001H0715F0715TI1030001742
3|2009|NELSON|NOTIENE|MARTINEZ|NOTIENE|PT|4566947|1994-05-06|1|2|6|9510|5|5||7|07|||8|62.0|172|||2||||||||||||52UZPE01152001T48MT02EBS001H071752UZPE01152001T48MT02EBS001H0717F0717|52UZPE01152001T48MT02EBS001H071752UZPE01152001T48MT02EBS001H0717F0717PT4566947
3|2010|MARIA|INELDA|GAVIRIA|CORDOBA|CC|27114411|1943-08-19|2|2|5|9998|2|1||3|07|||8|41.0|150|||2||||||||||||52UZPE01152001T48MT02EBS001H071852UZPE01152001T48MT02EBS001H0718F0718|52UZPE01152001T48MT02EBS001H071852UZPE01152001T48MT02EBS001H0718F0718CC27114411
3|2011|JUAN|CARLOS|SARRADE|LOPEZ|CC|98353942|1973-02-27|1|2|2|9998|3|1||7|07|||8|79.0|178|||2||||||||||||52UZPE01152001T48MT02EBS001H071852UZPE01152001T48MT02EBS001H0718F0718|52UZPE01152001T48MT02EBS001H071852UZPE01152001T48MT02EBS001H0718F0718CC98353942
3|2012|GLORIA|MIRIAM|MELO|DEARTEAGA|CC|29701607|1962-02-04|2|2|5|9998|2|1||3|07|||8|53.0|155|||2||||||||||||52UZPE01152001T48MT02EBS001H071952UZPE01152001T48MT02EBS001H0719F0719|52UZPE01152001T48MT02EBS001H071952UZPE01152001T48MT02EBS001H0719F0719CC29701607
3|2013|ARTEAGA|NOTIENE|MANUEL|CELESTINO|CC|6401920|1958-06-23|1|2|5|9510|3|1||3|07|||8|59.0|165|||2||||||||||||52UZPE01152001T48MT02EBS001H071952UZPE01152001T48MT02EBS001H0719F0719|52UZPE01152001T48MT02EBS001H071952UZPE01152001T48MT02EBS001H0719F0719CC6401920
3|2014|MARLON|SANTIAGO|RODRIGUEZ|GUERRERO|CC|1004630810|2000-02-03|1|2|1|9510|3|1||7|07|||8|86.0|175|||2||||||||||||52UZPE01152001T48MT02EBS001H072052UZPE01152001T48MT02EBS001H0720F0720|52UZPE01152001T48MT02EBS001H072052UZPE01152001T48MT02EBS001H0720F0720CC1004630810
3|2015|ANA|PAOLA|BERMUDEZ|ANDRADE|CC|37087915|1984-10-21|2|2|5|5169|5|2||7|07|||8|80.0|163|||2||||||||||||52UZPE01152001T48MT02EBS001H072152UZPE01152001T48MT02EBS001H0721F0721|52UZPE01152001T48MT02EBS001H072152UZPE01152001T48MT02EBS001H0721F0721CC37087915
3|2016|SAMUEL|STIVEN|CABRERA|BERMUDEZ|CC|1080691615|2005-06-06|1|2|3|9998|5|2||7|07|||8|53.0|170|||2||||||||||||52UZPE01152001T48MT02EBS001H072152UZPE01152001T48MT02EBS001H0721F0721|52UZPE01152001T48MT02EBS001H072152UZPE01152001T48MT02EBS001H0721F0721CC1080691615
3|2017|MIGUEL|ANGEL|CABRERA|BERMUDEZ|CC|180693192|2007-05-03|1|2|3|9998|5|2||7|07|||8|53.0|172|||2||||||||||||52UZPE01152001T48MT02EBS001H072152UZPE01152001T48MT02EBS001H0721F0721|52UZPE01152001T48MT02EBS001H072152UZPE01152001T48MT02EBS001H0721F0721CC180693192
3|2018|MIGUEL|ANGEL|CABRERA|OVIEDO|CC|98400391|1978-06-09|1|2|5|5169|5|2||7|07|||8|80.0|170|||2||||||||||||52UZPE01152001T48MT02EBS001H072152UZPE01152001T48MT02EBS001H0721F0721|52UZPE01152001T48MT02EBS001H072152UZPE01152001T48MT02EBS001H0721F0721CC98400391
3|2019|EMILIO|NOTIENE|HERNANDEZ|ORTEGA|RC|1080071864|2021-04-05|1|2|3|9998|3|2||8|07|||8|||||2||||||||||||52UZPE01152001T48MT02EBS001H072252UZPE01152001T48MT02EBS001H0722F0722|52UZPE01152001T48MT02EBS001H072252UZPE01152001T48MT02EBS001H0722F0722RC1080071864
3|2020|JORGE|ENRIQUE|HERNANDEZ|MORALES|CC|1110495347|1990-03-18|1|2|5|5169|7|2||7|07|||8|80.0|171|||2||||||||||||52UZPE01152001T48MT02EBS001H072252UZPE01152001T48MT02EBS001H0722F0722|52UZPE01152001T48MT02EBS001H072252UZPE01152001T48MT02EBS001H0722F0722CC1110495347
3|2021|LEIDY|MARGARITA|ORTEGA|GOMEZ|CC|1085324942|1995-11-16|2|2|5|9998|5|2||7|07|||8|61.0|165|||2||||||||||||52UZPE01152001T48MT02EBS001H072252UZPE01152001T48MT02EBS001H0722F0722|52UZPE01152001T48MT02EBS001H072252UZPE01152001T48MT02EBS001H0722F0722CC1085324942
3|2022|SALOMON|NOTIENE|HERNANDEZ|ORTEGA|RC|1080075115|2025-01-07|1|2|3|9998|3|2||8|07|||8|||||2||||||||||||52UZPE01152001T48MT02EBS001H072252UZPE01152001T48MT02EBS001H0722F0722|52UZPE01152001T48MT02EBS001H072252UZPE01152001T48MT02EBS001H0722F0722RC1080075115
3|2023|LEIDY|LILIANA|CHAMORRO|RUIZ|CC|59314326|1984-06-29|2|2|5|9998|5|2||7|07|||8|89.0|165|||2||||||||||||52UZPE01152001T48MT02EBS001H072352UZPE01152001T48MT02EBS001H0723F0723|52UZPE01152001T48MT02EBS001H072352UZPE01152001T48MT02EBS001H0723F0723CC59314326
3|2024|CARLOS|ALBERTO|RIVERA|PEREZ|CC|16460836|1980-01-01|1|2|5|5169|5|2||7|07|||8|82.0|172|||2||||||||||||52UZPE01152001T48MT02EBS001H072352UZPE01152001T48MT02EBS001H0723F0723|52UZPE01152001T48MT02EBS001H072352UZPE01152001T48MT02EBS001H0723F0723CC16460836
3|2025|MARIA|PAULA|RIVERA|CHAMORRO|TI|1080704803|2018-02-28|2|2|3|9998|3|2||8|07|||8|29.0|130|||2||||||||||||52UZPE01152001T48MT02EBS001H072352UZPE01152001T48MT02EBS001H0723F0723|52UZPE01152001T48MT02EBS001H072352UZPE01152001T48MT02EBS001H0723F0723TI1080704803
3|2026|MIGUEL|ANGEL|RIVERA|CHAMORRO|TI|1080695468|2010-03-18|1|2|3|9998|3|2||1|07|||8|55.0|170|||2||||||||||||52UZPE01152001T48MT02EBS001H072352UZPE01152001T48MT02EBS001H0723F0723|52UZPE01152001T48MT02EBS001H072352UZPE01152001T48MT02EBS001H0723F0723TI1080695468
3|2027|DEISY|YOLIMA|BASTIDAS|GUERRERO|CC|1086356294|1989-09-27|2|2|4|5169|3|2||7|07|||8|44.0|157|||2||||||||||||52UZPE01152001T48MT02EBS001H072452UZPE01152001T48MT02EBS001H0724F0724|52UZPE01152001T48MT02EBS001H072452UZPE01152001T48MT02EBS001H0724F0724CC1086356294
3|2028|ADRIANA|ROCIO|BASTIDAS|GUERRERO|CC|59123314|1980-05-08|2|2|1|9998|3|1||7|07|||8|57.0|156|||2||||||||||||52UZPE01152001T48MT02EBS001H072452UZPE01152001T48MT02EBS001H0724F0724|52UZPE01152001T48MT02EBS001H072452UZPE01152001T48MT02EBS001H0724F0724CC59123314
3|2029|DANNA|SOFIA|CHAMORRO|BASTIDAS|TI|1080068008|2018-01-13|2|2|3|9998|3|1||8|07|||8|27.0|127|||2||||||||||||52UZPE01152001T48MT02EBS001H072452UZPE01152001T48MT02EBS001H0724F0724|52UZPE01152001T48MT02EBS001H072452UZPE01152001T48MT02EBS001H0724F0724TI1080068008
3|2030|DORIS|DELSOCORRO|DELGADO|MOSQUERA|CC|30739688|1967-10-04|2|2|1|9998|2|1||7|07|||8|70.0|160|||2||||||||||||52UZPE01152001T48MT02EBS001H072552UZPE01152001T48MT02EBS001H0725F0725|52UZPE01152001T48MT02EBS001H072552UZPE01152001T48MT02EBS001H0725F0725CC30739688
3|2031|YILMAR|EDISSON|MELO|MELO|CC|1085273472|1988-12-10|1|2|3|9510|3|1||7|07|||8|75.0|166|||2||||||||||||52UZPE01152001T48MT02EBS001H072652UZPE01152001T48MT02EBS001H0726F0726|52UZPE01152001T48MT02EBS001H072652UZPE01152001T48MT02EBS001H0726F0726CC1085273472
3|2032|AIDA|FLORINDA|MELO|TRUJILLO|CC|27109039|1966-02-07|2|2|5|9998|2|1||7|07|||8|58.2|150|||2||||||||||||52UZPE01152001T48MT02EBS001H072652UZPE01152001T48MT02EBS001H0726F0726|52UZPE01152001T48MT02EBS001H072652UZPE01152001T48MT02EBS001H0726F0726CC27109039
3|2033|CLAUDIO|JAIMEN|MELO|TRUJILLO|CC|98339765|1960-12-10|1|2|2|9510|2|1||3|07|||8|79.0|170|||2||||||||||||52UZPE01152001T48MT02EBS001H072652UZPE01152001T48MT02EBS001H0726F0726|52UZPE01152001T48MT02EBS001H072652UZPE01152001T48MT02EBS001H0726F0726CC98339765
3|2034|YOANA|LEIDY|MELO|MELO|CC|1085263462|1987-11-06|2|2|5|5169|5|2||7|07|||8|63.0|160|||2||||||||||||52UZPE01152001T48MT02EBS001H072752UZPE01152001T48MT02EBS001H0727F0727|52UZPE01152001T48MT02EBS001H072752UZPE01152001T48MT02EBS001H0727F0727CC1085263462
3|2035|DAVID|SANTIAGO|MORA|MELO|TI|1080055025|2009-07-03|1|2|3|9998|3|1||1|07|||1|45.0|160|||2||||||||||||52UZPE01152001T48MT02EBS001H072752UZPE01152001T48MT02EBS001H0727F0727|52UZPE01152001T48MT02EBS001H072752UZPE01152001T48MT02EBS001H0727F0727TI1080055025
3|2036|ANA|JULIA|PULZARA|ERAZO|CC|1085260865|1987-07-21|2|2|1|5169|8|2||7|07|||8|67.0|159|||2||||||||||||52UZPE01152001T48MT02EBS001H072852UZPE01152001T48MT02EBS001H0728F0728|52UZPE01152001T48MT02EBS001H072852UZPE01152001T48MT02EBS001H0728F0728CC1085260865
3|2037|DAVID|ESTEBAN|ROMERO|PULZARA|CC|10806911263|2005-02-22|1|2|3|5169|3|2||7|07|||8|65.0|183|||2||||||||||||52UZPE01152001T48MT02EBS001H072852UZPE01152001T48MT02EBS001H0728F0728|52UZPE01152001T48MT02EBS001H072852UZPE01152001T48MT02EBS001H0728F0728CC10806911263
3|2038|JHON|SEBASTIAN|MALLAMA|PULZARA|RC|1080068366|2018-04-14|1|2|3|9998|3|2||8|07|||8|29.0|120|||2||||||||||||52UZPE01152001T48MT02EBS001H072852UZPE01152001T48MT02EBS001H0728F0728|52UZPE01152001T48MT02EBS001H072852UZPE01152001T48MT02EBS001H0728F0728RC1080068366
3|2039|JESUS|ALBERTO|MIRANDA|RODRIGUEZ|CC|98393541|1976-12-30|1|2|2|5169|9|2||7|07|||8|83.0|167|||2||||||||||||52UZPE01152001T48MT02EBS001H072852UZPE01152001T48MT02EBS001H0728F0728|52UZPE01152001T48MT02EBS001H072852UZPE01152001T48MT02EBS001H0728F0728CC98393541
3|2040|JENNY|VANESSA|BUESAQUILLO|JOJOA|CC|1085260770|1986-01-13|2|2|5|9510|5|2||7|07|||8|66.0|162|||2||||||||||||52UZPE01152001T48MT02EBS001H072952UZPE01152001T48MT02EBS001H0729F0729|52UZPE01152001T48MT02EBS001H072952UZPE01152001T48MT02EBS001H0729F0729CC1085260770
3|2041|DEIVID|ANDRES|DIAZ|DIAZ|CC|1085294948|1992-01-08|1|2|6|9510|5|1||7|07|||8|83.0|163|||2||||||||||||52UZPE01152001T48MT02EBS001H072952UZPE01152001T48MT02EBS001H0729F0729|52UZPE01152001T48MT02EBS001H072952UZPE01152001T48MT02EBS001H0729F0729CC1085294948
3|2042|JULIANA|GISSELL|PAZ|BUESAQUILLO|TI|1081061497|2014-08-12|2|2|3|9998|3|2||8|07|||8|35.0|145|||2||||||||||||52UZPE01152001T48MT02EBS001H072952UZPE01152001T48MT02EBS001H0729F0729|52UZPE01152001T48MT02EBS001H072952UZPE01152001T48MT02EBS001H0729F0729TI1081061497
3|2043|NATALIA|ESTEFANIA|CHALPARPUED|GETIAL|CC|1004190747|1998-02-08|1|2|5|9510|5|1||7|07|||8|55.0|155|||2||||||||||||52UZPE01152001T48MT02EBS001H036952UZPE01152001T48MT02EBS001H0369F0369|52UZPE01152001T48MT02EBS001H036952UZPE01152001T48MT02EBS001H0369F0369CC1004190747
3|2044|ANDY|SAMUEL|MORALES|CHALPARPUED|TI|1081062837|2015-11-09|1|2|3|9998|3|1||8|07|||8|32.0|134|||2||||||||||||52UZPE01152001T48MT02EBS001H036952UZPE01152001T48MT02EBS001H0369F0369|52UZPE01152001T48MT02EBS001H036952UZPE01152001T48MT02EBS001H0369F0369TI1081062837
3|2045|JUAN|DAVID|QUILINDO|VALENCIA|TI|1059241078|2008-08-11|1|2|3|9998|3|1||1|07|||8|69.0|170|||2||||||||||||52UZPE01152001T48MT02EBS001H073052UZPE01152001T48MT02EBS001H0730F0730|52UZPE01152001T48MT02EBS001H073052UZPE01152001T48MT02EBS001H0730F0730TI1059241078
3|2046|LEDA|CRUCELA|VALENCIA|CABEZAS|CC|1082686982|1987-12-29|2|2|5|9510|3|1||7|07|||8|72.0|163|||2||||||||||||52UZPE01152001T48MT02EBS001H073052UZPE01152001T48MT02EBS001H0730F0730|52UZPE01152001T48MT02EBS001H073052UZPE01152001T48MT02EBS001H0730F0730CC1082686982
3|2047|MELISA|NOTIENE|URBANO|PATINO|CC|1004217542|2001-09-06|2|2|1|9998|9|2||7|07|||8|55.0|160|||2||||||||||||52UZPE01152001T48MT02EBS001H073152UZPE01152001T48MT02EBS001H0731F0731|52UZPE01152001T48MT02EBS001H073152UZPE01152001T48MT02EBS001H0731F0731CC1004217542
3|2048|MABEL|SOFIA|BANOL|NANEZ|CC|1010134847|2000-07-26|2|2|2|9510|3|2||7|07|||8|53.0|148|||2||||||||||||52UZPE01152001T48MT02EBS001H073252UZPE01152001T48MT02EBS001H0732F0732|52UZPE01152001T48MT02EBS001H073252UZPE01152001T48MT02EBS001H0732F0732CC1010134847
3|2049|GUSTAVO|ADOLFO|POLO|ARISTIZABAL|CC|1192776537|2000-12-12|1|2|2|9510|9|2||7|07|||8|56.0|170|||2||||||||||||52UZPE01152001T48MT02EBS001H073252UZPE01152001T48MT02EBS001H0732F0732|52UZPE01152001T48MT02EBS001H073252UZPE01152001T48MT02EBS001H0732F0732CC1192776537
3|2050|ALISON|JAZMIN|ROSERO|DELACRUZ|CC|1004190159|1999-11-26|2|2|3|5169|3|2||7|07|||8|63.0|160|||2||||||||||||52UZPE01152001T48MT02EBS001H073352UZPE01152001T48MT02EBS001H0733F0733|52UZPE01152001T48MT02EBS001H073352UZPE01152001T48MT02EBS001H0733F0733CC1004190159
3|2051|FABIOLA|ISABEL|DELACRUZ|RODRIGUEZ|CC|36952502|1977-11-21|2|2|1|5169|7|2||7|07|||8|60.0|160|||2||||||||||||52UZPE01152001T48MT02EBS001H073352UZPE01152001T48MT02EBS001H0733F0733|52UZPE01152001T48MT02EBS001H073352UZPE01152001T48MT02EBS001H0733F0733CC36952502
3|2052|YEIMY|TATIANA|DIAZ|DELACRUZ|CC|1080691343|2004-09-29|2|2|3|9998|3|2||7|07|||8|46.0|161|||2||||||||||||52UZPE01152001T48MT02EBS001H073352UZPE01152001T48MT02EBS001H0733F0733|52UZPE01152001T48MT02EBS001H073352UZPE01152001T48MT02EBS001H0733F0733CC1080691343
3|2053|JESSICA|ZULEIMA|ESTRELLA|ESTRELLA|CC|1085291347|1991-04-28|2|2|3|5169|3|2||7|07|||8|68.0|150|||2||||||||||||52UZPE01152001T48MT01EBS001H073552UZPE01152001T48MT01EBS001H0735F0735|52UZPE01152001T48MT01EBS001H073552UZPE01152001T48MT01EBS001H0735F0735CC1085291347
3|2054|ERICA|NOTIENE|ESTRELLA|ENRIQUEZ|CC|27115412|1969-03-15|2|2|5|9998|2|2||7|07|||8|75.0|162|||2||||||||||||52UZPE01152001T48MT01EBS001H073552UZPE01152001T48MT01EBS001H0735F0735|52UZPE01152001T48MT01EBS001H073552UZPE01152001T48MT01EBS001H0735F0735CC27115412
3|2055|JOHANA|NOTIENE|ESTRELLA|ESTRELLA|CC|1085273198|1988-08-09|2|2|3|9999|13|1||7|07|||8|44.0|155|||2||||||||||||52UZPE01152001T48MT01EBS001H073552UZPE01152001T48MT01EBS001H0735F0735|52UZPE01152001T48MT01EBS001H073552UZPE01152001T48MT01EBS001H0735F0735CC1085273198
3|2056|EVELYN|VANESSA|ESTRELLA|ESTRELLA|CC|1010084386|1999-06-03|2|2|5|9510|3|1||7|07|||8|65.0|153|||2||||||||||||52UZPE01152001T48MT01EBS001H073652UZPE01152001T48MT01EBS001H0736F0736|52UZPE01152001T48MT01EBS001H073652UZPE01152001T48MT01EBS001H0736F0736CC1010084386
3|2057|DOMINIK|SANTIAGO|TOVAR|ESTRELLA|TI|1080702252|2016-03-08|1|2|3|9998|3|1||8|07|||8|33.0|132|||2||||||||||||52UZPE01152001T48MT01EBS001H073652UZPE01152001T48MT01EBS001H0736F0736|52UZPE01152001T48MT01EBS001H073652UZPE01152001T48MT01EBS001H0736F0736TI1080702252
3|2058|DIEGO|ARMANDO|GUERRERO|ESCOBAR|TI|1081056231|2008-05-23|1|2|6|9998|3|2||1|07|||8|58.0|173|||2||||||||||||52UZPE01152001T48MT01EBS001H073752UZPE01152001T48MT01EBS001H0737F0737|52UZPE01152001T48MT01EBS001H073752UZPE01152001T48MT01EBS001H0737F0737TI1081056231
3|2059|INES|NOTIENE|GORDILLO|NOTIENE|CC|30733962|1955-09-07|2|2|6|9510|2|2||3|07|||8|68.0|145|||2||||||||||||52UZPE01152001T48MT01EBS001H073752UZPE01152001T48MT01EBS001H0737F0737|52UZPE01152001T48MT01EBS001H073752UZPE01152001T48MT01EBS001H0737F0737CC30733962
3|2060|JULIANA|LISETH|TORO|LEGARDA|TI|1080704993|2018-03-27|2|2|3|9998|3|2||8|07|||8|28.0|117|||2||||||||||||52UZPE01152001T48MT01EBS001H073852UZPE01152001T48MT01EBS001H0738F0738|52UZPE01152001T48MT01EBS001H073852UZPE01152001T48MT01EBS001H0738F0738TI1080704993
3|2061|GEOVANNY|NOTIENE|TORO|ERAZO|CC|80426897|1973-03-13|1|2|5|9510|3|1||7|07|||8|88.0|173|||2||||||||||||52UZPE01152001T48MT01EBS001H073852UZPE01152001T48MT01EBS001H0738F0738|52UZPE01152001T48MT01EBS001H073852UZPE01152001T48MT01EBS001H0738F0738CC80426897
3|2062|VIVIANA|ALEXANDRA|LEGARDA|DELGADO|CC|27087387|1979-12-16|2|2|5|5169|7|2||7|07|||8|65.0|160|||2||||||||||||52UZPE01152001T48MT01EBS001H073852UZPE01152001T48MT01EBS001H0738F0738|52UZPE01152001T48MT01EBS001H073852UZPE01152001T48MT01EBS001H0738F0738CC27087387
3|2063|ANGELA|SOFIA|TORO|LEGARDA|TI|1080699715|2014-02-10|2|2|3|9998|3|2||8|07|||8|28.0|120|||2||||||||||||52UZPE01152001T48MT01EBS001H073852UZPE01152001T48MT01EBS001H0738F0738|52UZPE01152001T48MT01EBS001H073852UZPE01152001T48MT01EBS001H0738F0738TI1080699715
3|2064|KAREN|DAYANA|TIMARAN|ENRIQUEZ|CC|1004191294|2002-05-20|2|2|3|9998|7|1||7|07|||8|60.0|162|||2||||||||||||52UZPE01152001T48MT01EBS001H073952UZPE01152001T48MT01EBS001H0739F0739|52UZPE01152001T48MT01EBS001H073952UZPE01152001T48MT01EBS001H0739F0739CC1004191294
3|2065|ERIBERTO|SIGUIFREDO|TIMARAN|MUNOZ|CC|12995376|1968-04-01|1|2|5|9998|2|1||7|07|||8|76.0|170|||2||||||||||||52UZPE01152001T48MT01EBS001H073952UZPE01152001T48MT01EBS001H0739F0739|52UZPE01152001T48MT01EBS001H073952UZPE01152001T48MT01EBS001H0739F0739CC12995376
3|2066|ANA|JULIA|ENRRIQUEZ|BUENO|CC|27080674|1976-07-31|2|2|5|9998|2|1||7|07|||8|50.0|156|||2||||||||||||52UZPE01152001T48MT01EBS001H073952UZPE01152001T48MT01EBS001H0739F0739|52UZPE01152001T48MT01EBS001H073952UZPE01152001T48MT01EBS001H0739F0739CC27080674
3|2067|JESUS|AANTONIO|HURTADO|SANTANDER|CC|12975745|1965-11-02|1|2|5|9998|7|2||7|07|||8|70.0|168|||2||||||||||||52UZPE01152001T48MT01EBS001H074052UZPE01152001T48MT01EBS001H0740F0740|52UZPE01152001T48MT01EBS001H074052UZPE01152001T48MT01EBS001H0740F0740CC12975745
3|2068|MARIA|LIGUIA|GIRALDO|GIRALDO|CC|30320805|1957-05-13|2|2|5|9998|2|2||3|07|||8|63.0|154|||2||||||||||||52UZPE01152001T48MT01EBS001H074052UZPE01152001T48MT01EBS001H0740F0740|52UZPE01152001T48MT01EBS001H074052UZPE01152001T48MT01EBS001H0740F0740CC30320805
3|2069|JESUS|ALBERTO|HURTADO|GIRALDO|CC|1013644732|1993-10-29|1|2|3|9622|4|1||7|07|||8|10.5|170|||2||||||||||||52UZPE01152001T48MT01EBS001H074052UZPE01152001T48MT01EBS001H0740F0740|52UZPE01152001T48MT01EBS001H074052UZPE01152001T48MT01EBS001H0740F0740CC1013644732
3|2070|JUAN|DAVID|HURTADO|GIRALDO|CC|1013680734|1998-05-14|1|2|1|9510|7|2||7|07|||8|72.0|169|||2||||||||||||52UZPE01152001T48MT01EBS001H074152UZPE01152001T48MT01EBS001H0741F0741|52UZPE01152001T48MT01EBS001H074152UZPE01152001T48MT01EBS001H0741F0741CC1013680734
3|2071|SAMY|DAYANA|RUBY|CUBIDES|CC|1032508135|1999-11-26|2|2|2|5169|5|2||7|07|||8|62.0|169|||2||||||||||||52UZPE01152001T48MT01EBS001H074152UZPE01152001T48MT01EBS001H0741F0741|52UZPE01152001T48MT01EBS001H074152UZPE01152001T48MT01EBS001H0741F0741CC1032508135
3|2072|TEREZA|DEJESUS|TIMANA|CHAVEZ|CC|52402116|1969-09-21|2|2|5|9510|2|1||7|07|||8|64.0|152|||2||||||||||||52UZPE01152001T48MT01EBS001H074252UZPE01152001T48MT01EBS001H0742F0742|52UZPE01152001T48MT01EBS001H074252UZPE01152001T48MT01EBS001H0742F0742CC52402116
3|2073|VANESA|KATERIN|CRIOLLO|TIMANA|CC|1193255274|2001-02-25|2|2|3|9998|5|1||7|07|||8|53.0|160|||2||||||||||||52UZPE01152001T48MT01EBS001H074252UZPE01152001T48MT01EBS001H0742F0742|52UZPE01152001T48MT01EBS001H074252UZPE01152001T48MT01EBS001H0742F0742CC1193255274
3|2074|DEIVY|SEBASTIAN|ROSERO|TIMARAN|CC|1085324912|1995-10-13|1|2|3|9998|7|1||7|07|||8|70.0|165|||2||||||||||||52UZPE01152001T48MT01EBS001H074252UZPE01152001T48MT01EBS001H0742F0742|52UZPE01152001T48MT01EBS001H074252UZPE01152001T48MT01EBS001H0742F0742CC1085324912
3|2075|MARIA|EMPERATRIZ|GUANCHA|OLIVA|CC|41767004|1946-10-06|2|2|2|9998|2|1||3|07|||8|63.0|148|||2||||||||||||52UZPE01152001T48MT01EBS001H074352UZPE01152001T48MT01EBS001H0743F0743|52UZPE01152001T48MT01EBS001H074352UZPE01152001T48MT01EBS001H0743F0743CC41767004
3|2076|SERVIO|TULIO|RODRIGUEZ|NOTIENE|CC|13061237|1953-08-03|1|2|5|9998|2|1||3|07|||8|77.0|175|||2||||||||||||52UZPE01152001T48MT01EBS001H074352UZPE01152001T48MT01EBS001H0743F0743|52UZPE01152001T48MT01EBS001H074352UZPE01152001T48MT01EBS001H0743F0743CC13061237
3|2077|FRANCO|JAVIER|PAZ|ROSALES|CC|2875140|1968-11-09|1|2|1|9510|2|1||7|07|||8|80.0|171|||2||||||||||||52UZPE01152001T48MT01EBS001H074452UZPE01152001T48MT01EBS001H0744F0744|52UZPE01152001T48MT01EBS001H074452UZPE01152001T48MT01EBS001H0744F0744CC2875140
3|2078|JESUS|DAVID|CUATIN|NOTIENE|CC|1085268712|1987-04-27|1|2|3|9510|2|1||7|07|||8|60.0|168|||2||||||||||||52UZPE01152001T48MT01EBS001H074552UZPE01152001T48MT01EBS001H0745F0745|52UZPE01152001T48MT01EBS001H074552UZPE01152001T48MT01EBS001H0745F0745CC1085268712
3|2079|WILLIAM|EDUARDO|CUATIN|NOTIENE|CC|12745687|1978-06-30|1|2|3|9510|2|1||7|07|||8|70.0|168|||2||||||||||||52UZPE01152001T48MT01EBS001H074552UZPE01152001T48MT01EBS001H0745F0745|52UZPE01152001T48MT01EBS001H074552UZPE01152001T48MT01EBS001H0745F0745CC12745687
3|2080|ALEXANDER|NOTIENE|CUATIN|NOTIENE|CC|12754186|1982-10-15|1|2|3|9510|2|1||7|07|||8|70.0|173|||2||||||||||||52UZPE01152001T48MT01EBS001H074552UZPE01152001T48MT01EBS001H0745F0745|52UZPE01152001T48MT01EBS001H074552UZPE01152001T48MT01EBS001H0745F0745CC12754186
3|2081|MARY|LUCIA|CUATIN|NOTIENE|CC|307287899|1958-11-03|2|2|5|9998|2|1||3|07|||1|45.0|148|||2||||||||||||52UZPE01152001T48MT01EBS001H074552UZPE01152001T48MT01EBS001H0745F0745|52UZPE01152001T48MT01EBS001H074552UZPE01152001T48MT01EBS001H0745F0745CC307287899
3|2082|SERAFIN|NA|ESTRELLA|ESTRELLA|CC|5216866|1968-02-01|1|2|6|9998|2|1||7|07|||8|92.0|167|||2||||||||||||52UZPE01152001T48MT01EBS001H074652UZPE01152001T48MT01EBS001H0746F0746|52UZPE01152001T48MT01EBS001H074652UZPE01152001T48MT01EBS001H0746F0746CC5216866
3|2083|LUIS|FELIPEE|CAMELO|GUANCHA|TI|1030021259|2011-03-07|1|2|3|9998|3|1||1|07|||8|81.0|163|||2||||||||||||52UZPE01152001T48MT01EBS001H074752UZPE01152001T48MT01EBS001H0747F0747|52UZPE01152001T48MT01EBS001H074752UZPE01152001T48MT01EBS001H0747F0747TI1030021259
3|2084|ARMANDO|ANDRES|CAMELO|SILVA|CC|79047863|1966-06-20|1|2|5|5169|3|1||7|07|||8|76.0|165|||2||||||||||||52UZPE01152001T48MT01EBS001H074752UZPE01152001T48MT01EBS001H0747F0747|52UZPE01152001T48MT01EBS001H074752UZPE01152001T48MT01EBS001H0747F0747CC79047863
3|2085|NORA|DELROSARIO|GUANCHA|NOTIENE|CC|52425858|1978-03-25|2|2|2|9998|3|1||7|07|||8|85.0|160|||2||||||||||||52UZPE01152001T48MT01EBS001H074752UZPE01152001T48MT01EBS001H0747F0747|52UZPE01152001T48MT01EBS001H074752UZPE01152001T48MT01EBS001H0747F0747CC52425858
3|2086|ROSA|NOTIENE|DELGADO|NOTIENE|CC|30721360|1961-03-03|2|2|5|9998|2|1||3|07|||8|81.0|152|||2||||||||||||52UZPE01152001T48MT01EBS001H074852UZPE01152001T48MT01EBS001H0748F0748|52UZPE01152001T48MT01EBS001H074852UZPE01152001T48MT01EBS001H0748F0748CC30721360
3|2087|SEGUNDO|MANUEL|QUENAN|NOTIENE|CC|5202147|1960-08-13|1|2|2|9510|2|1||3|07|||8|68.0|159|||2||||||||||||52UZPE01152001T48MT01EBS001H074852UZPE01152001T48MT01EBS001H0748F0748|52UZPE01152001T48MT01EBS001H074852UZPE01152001T48MT01EBS001H0748F0748CC5202147
3|2088|OSCAR|GIOVANNY|DELGADO|MANZANO|CC|1085340119|1998-04-28|1|2|3|9510|5|2||7|07|||8|62.0|172|||2||||||||||||52UZPE01152001T48MT01EBS001H074952UZPE01152001T48MT01EBS001H0749F0749|52UZPE01152001T48MT01EBS001H074952UZPE01152001T48MT01EBS001H0749F0749CC1085340119
3|2089|LUIS|ENRIQUE|DELGADO|ALVAREZ|CC|12962924|1955-07-09|1|2|5|5169|5|1||3|07|||8|76.0|172|||2||||||||||||52UZPE01152001T48MT01EBS001H074952UZPE01152001T48MT01EBS001H0749F0749|52UZPE01152001T48MT01EBS001H074952UZPE01152001T48MT01EBS001H0749F0749CC12962924
3|2090|NIKE|NOTIENE|MARINE|MANZANO|CC|59830682|1973-12-28|2|2|5|9510|2|1||7|07|||8|86.0|151|||2||||||||||||52UZPE01152001T48MT01EBS001H074952UZPE01152001T48MT01EBS001H0749F0749|52UZPE01152001T48MT01EBS001H074952UZPE01152001T48MT01EBS001H0749F0749CC59830682
3|2091|MAGOLA|ISABEL|BELACAZAR|NOTIENE|CC|30713706|1958-04-10|2|2|5|9998|2|1||3|07|||8|55.0|150|||2||||||||||||52UZPE01152001T48MT01EBS001H075052UZPE01152001T48MT01EBS001H0750F0750|52UZPE01152001T48MT01EBS001H075052UZPE01152001T48MT01EBS001H0750F0750CC30713706
3|2092|CARMEN|ALICIA|ENRRIQUEZ|BUENO|CC|59825251|1974-07-01|2|2|6|9510|3|1||7|07|||8|55.0|150|||2||||||||||||52UZPE01152001T48MT01EBS001H075152UZPE01152001T48MT01EBS001H0751F0751|52UZPE01152001T48MT01EBS001H075152UZPE01152001T48MT01EBS001H0751F0751CC59825251
3|2093|MARTHA|CLAUDIA|ENRRIQUEZ|BUENO|CC|27088265|1970-03-28|2|2|4|9622|3|2||7|07|||8|62.0|153|||2||||||||||||52UZPE01152001T48MT01EBS001H075152UZPE01152001T48MT01EBS001H0751F0751|52UZPE01152001T48MT01EBS001H075152UZPE01152001T48MT01EBS001H0751F0751CC27088265
3|2094|LINA|MARIA|ENRRIQUEZ|BUENO|TI|1081058495|2011-03-02|2|2|6|9998|3|2||1|07|||8|54.0|152|||2||||||||||||52UZPE01152001T48MT01EBS001H075152UZPE01152001T48MT01EBS001H0751F0751|52UZPE01152001T48MT01EBS001H075152UZPE01152001T48MT01EBS001H0751F0751TI1081058495
3|2095|ANGEL|NOTIENE|RUANO|FLORES|CC|12973762|1958-05-18|1|2|5|9510|3|1||3|07|||8|69.0|155|||2||||||||||||52UZPE01152001T48MT01EBS001H075252UZPE01152001T48MT01EBS001H0752F0752|52UZPE01152001T48MT01EBS001H075252UZPE01152001T48MT01EBS001H0752F0752CC12973762
3|2096|GREIS|VIVIANA|CHAMORRO|NOTIENE|CC|1085283242|1990-07-03|2|2|2|9998|3|2||7|07|||8|63.0|155|||2||||||||||||52UZPE01152001T48MT01EBS001H075252UZPE01152001T48MT01EBS001H0752F0752|52UZPE01152001T48MT01EBS001H075252UZPE01152001T48MT01EBS001H0752F0752CC1085283242
3|2097|DANNA|AILIN|RUANO|CHAMORRO|TI|1081281665|2011-04-01|2|2|3|9998|3|2||1|07|||8|40.0|120|||2||||||||||||52UZPE01152001T48MT01EBS001H075252UZPE01152001T48MT01EBS001H0752F0752|52UZPE01152001T48MT01EBS001H075252UZPE01152001T48MT01EBS001H0752F0752TI1081281665
3|2098|MARIA|JESUS|TAUTAS|CHANAG|CC|30702096|1943-10-07|2|2|6|9998|13|1||3|07|||3|69.0|145|||2||||||||||||52UZPE01152001T48MT01EBS001H075352UZPE01152001T48MT01EBS001H0753F0753|52UZPE01152001T48MT01EBS001H075352UZPE01152001T48MT01EBS001H0753F0753CC30702096
3|2099|ROSA|INES|CADENA|TAUTAS|CC|59830501|1974-07-12|2|2|3|9510|2|1||7|07|||8|60.0|150|||2||||||||||||52UZPE01152001T48MT01EBS001H075352UZPE01152001T48MT01EBS001H0753F0753|52UZPE01152001T48MT01EBS001H075352UZPE01152001T48MT01EBS001H0753F0753CC59830501
3|2100|BETTY|MERCHA|CANO|RIVERA|CC|59313310|1984-05-01|2|2|5|9510|3|1||7|07|||8|62.0|150|||2||||||||||||52UZPE01152001T48MT01EBS001H075452UZPE01152001T48MT01EBS001H0754F0754|52UZPE01152001T48MT01EBS001H075452UZPE01152001T48MT01EBS001H0754F0754CC59313310
3|2101|KAREN|DANIELA|GUALGUAN|MERCHANCANO|TI|1080054756|2009-09-05|2|2|3|9998|3|1||1|07|||8|62.0|150|||2||||||||||||52UZPE01152001T48MT01EBS001H075452UZPE01152001T48MT01EBS001H0754F0754|52UZPE01152001T48MT01EBS001H075452UZPE01152001T48MT01EBS001H0754F0754TI1080054756
3|2102|SARA|GABRIELA|TIMARAN|MANGUAI|CC|1081054991|2006-10-08|2|2|3|9998|3|1||7|07|||8|78.0|159|||2||||||||||||52UZPE01152001T48MT01EBS001H075552UZPE01152001T48MT01EBS001H0755F0755|52UZPE01152001T48MT01EBS001H075552UZPE01152001T48MT01EBS001H0755F0755CC1081054991
3|2103|PAOLA|ANDREA|MANGUAI|BURBANO|CC|1127812028|1987-04-28|2|2|5|9998|5|1||7|07|||8|82.0|160|||2||||||||||||52UZPE01152001T48MT01EBS001H075552UZPE01152001T48MT01EBS001H0755F0755|52UZPE01152001T48MT01EBS001H075552UZPE01152001T48MT01EBS001H0755F0755CC1127812028
3|2104|SAMANTHA|VALENTINA|MENESES|CHAPARRO|TI|1080702943|2016-09-24|2|2|3|9998|3|1||8|07|||8|23.0|121|||2||||||||||||52UZPE01152001T48MT02EBS001H075652UZPE01152001T48MT02EBS001H0756F0756|52UZPE01152001T48MT02EBS001H075652UZPE01152001T48MT02EBS001H0756F0756TI1080702943
3|2105|EDISSON|JESUS|MENESES|CHAMORRO|CC|1085260370|1987-08-26|1|2|5|5169|8|1||7|07|||8|68.0|158|||2||||||||||||52UZPE01152001T48MT02EBS001H075652UZPE01152001T48MT02EBS001H0756F0756|52UZPE01152001T48MT02EBS001H075652UZPE01152001T48MT02EBS001H0756F0756CC1085260370
3|2106|SOLANGE|ANDREA|CHAPARRO|BOLANOS|CC|1085306963|1992-12-08|2|2|5|5169|5|1||7|07|||8|10.4|165|||2||||||||||||52UZPE01152001T48MT02EBS001H075652UZPE01152001T48MT02EBS001H0756F0756|52UZPE01152001T48MT02EBS001H075652UZPE01152001T48MT02EBS001H0756F0756CC1085306963
3|2107|ANA|ISABEL|MARCILLO|GUALGUAN|CC|1085327328|1996-03-14|2|2|5|9998|3|1||7|07|||8|72.0|156|||2||||||||||||52UZPE01152001T48MT01EBS001H075752UZPE01152001T48MT01EBS001H0757F0757|52UZPE01152001T48MT01EBS001H075752UZPE01152001T48MT01EBS001H0757F0757CC1085327328
3|2108|EDISON|FABIAN|DORADO|NOTIENE|CC|1086224151|1993-01-23|1|2|2|5169|3|2||7|07|||8|70.0|169|||2||||||||||||52UZPE01152001T48MT01EBS001H075752UZPE01152001T48MT01EBS001H0757F0757|52UZPE01152001T48MT01EBS001H075752UZPE01152001T48MT01EBS001H0757F0757CC1086224151
3|2109|TIAGO|FABIIAN|DORADO|MARCILLO|RC|1081068765|2024-06-16|1|2|3|9998|3|1||8|07|||8|9.0|72|||2||||||||||||52UZPE01152001T48MT01EBS001H075752UZPE01152001T48MT01EBS001H0757F0757|52UZPE01152001T48MT01EBS001H075752UZPE01152001T48MT01EBS001H0757F0757RC1081068765
3|2110|LAURA|VALENTINA|QUINONEZ|CHANAG|TI|1080065605|2016-03-25|2|2|3|9998|3|2||8|07|||8|42.0|136|||2||||||||||||52UZPE01152001T48MT01EBS001H075852UZPE01152001T48MT01EBS001H0758F0758|52UZPE01152001T48MT01EBS001H075852UZPE01152001T48MT01EBS001H0758F0758TI1080065605
3|2111|BEATRIZ|ELENA|CHANAG|GUALGUAN|CC|1085288941|1991-05-13|2|2|5|9510|5|2||7|07|||8|65.0|165|||2||||||||||||52UZPE01152001T48MT01EBS001H075852UZPE01152001T48MT01EBS001H0758F0758|52UZPE01152001T48MT01EBS001H075852UZPE01152001T48MT01EBS001H0758F0758CC1085288941
3|2112|JULIANA|SOFIA|IBARRA|CHANAG|TI|1080067388|2017-07-22|2|2|3|9998|3|2||8|07|||8|25.0|127|||2||||||||||||52UZPE01152001T48MT01EBS001H075952UZPE01152001T48MT01EBS001H0759F0759|52UZPE01152001T48MT01EBS001H075952UZPE01152001T48MT01EBS001H0759F0759TI1080067388
3|2113|LUISA|SOFIA|CHANAG|GUALGUAN|CC|1085313763|1994-07-09|2|2|5|9510|5|2||7|07|||8|51.0|160|||2||||||||||||52UZPE01152001T48MT01EBS001H075952UZPE01152001T48MT01EBS001H0759F0759|52UZPE01152001T48MT01EBS001H075952UZPE01152001T48MT01EBS001H0759F0759CC1085313763
3|2114|RUBIELA|DELROSIO|VILLACORTE|HERNANDEZ|CC|27080735|1977-04-23|2|2|5|9510|3|1||7|07|||8|70.0|160|||2||||||||||||52UZPE01152001T48MT01EBS001H076052UZPE01152001T48MT01EBS001H0760F0760|52UZPE01152001T48MT01EBS001H076052UZPE01152001T48MT01EBS001H0760F0760CC27080735
3|2115|MARIA|EMPERATRIZ|GUANCHA|GUANCHA|CC|27466446|1948-11-18|2|2|5|9998|3|1||3|07|||8|58.0|150|||2||||||||||||52UZPE01152001T48MT01EBS001H076152UZPE01152001T48MT01EBS001H0761F0761|52UZPE01152001T48MT01EBS001H076152UZPE01152001T48MT01EBS001H0761F0761CC27466446
3|2116|ALIANDO|AURELIO|CERON|CERON|CC|5257623|1951-02-02|1|2|5|9510|3|1||3|07|||8|62.0|165|||2||||||||||||52UZPE01152001T48MT01EBS001H076252UZPE01152001T48MT01EBS001H0762F0762|52UZPE01152001T48MT01EBS001H076252UZPE01152001T48MT01EBS001H0762F0762CC5257623
3|2117|ODILIA|VIEMA|ROSERO|ROSERO|CC|59759437|1965-04-10|2|2|5|9998|3|1||3|07|||8|60.0|155|||2||||||||||||52UZPE01152001T48MT01EBS001H076252UZPE01152001T48MT01EBS001H0762F0762|52UZPE01152001T48MT01EBS001H076252UZPE01152001T48MT01EBS001H0762F0762CC59759437
3|2118|MANUEL|ANDRES|LEON|RUANO|CC|1080048293|2006-12-26|1|2|3|5169|5|2||7|07|||8|65.0|174|||2||||||||||||52UZPE01152001T48MT01EBS001H076352UZPE01152001T48MT01EBS001H0763F0763|52UZPE01152001T48MT01EBS001H076352UZPE01152001T48MT01EBS001H0763F0763CC1080048293
3|2119|NELSI|MAGALI|RUANO|PINCHADO|CC|185283155|1990-08-15|1|2|5|9998|3|1||7|07|||8|56.0|152|||2||||||||||||52UZPE01152001T48MT01EBS001H076352UZPE01152001T48MT01EBS001H0763F0763|52UZPE01152001T48MT01EBS001H076352UZPE01152001T48MT01EBS001H0763F0763CC185283155
3|2120|AURA|ELIZA|PINCHAO|GUERRERO|CC|59824569|1984-10-24|2|2|5|9998|2|1||7|07|||8|62.0|160|||2||||||||||||52UZPE01152001T48MT01EBS001H076452UZPE01152001T48MT01EBS001H0764F0764|52UZPE01152001T48MT01EBS001H076452UZPE01152001T48MT01EBS001H0764F0764CC59824569
3|2121|LUIS|HUMBERTO|RUANO|PINCHAO|CC|1085257939|1987-02-09|1|2|5|9999|3|2||7|07|||8|68.0|170|||2||||||||||||52UZPE01152001T48MT01EBS001H076452UZPE01152001T48MT01EBS001H0764F0764|52UZPE01152001T48MT01EBS001H076452UZPE01152001T48MT01EBS001H0764F0764CC1085257939
3|2122|DAVID|FERNANDO|CAICEDO|CAICEDO|CC|1085335070|1997-10-10|1|2|5|5169|5|2||7|07|||8|68.0|170|||2||||||||||||52UZPE01152001T48MT01EBS001H076552UZPE01152001T48MT01EBS001H0765F0765|52UZPE01152001T48MT01EBS001H076552UZPE01152001T48MT01EBS001H0765F0765CC1085335070
3|2123|EMILI|LUCIANA|CAICEDO|CORDOBA|RC|1081288258|2021-05-03|2|2|3|9998|3|2||8|07|||8|||||2||||||||||||52UZPE01152001T48MT01EBS001H076552UZPE01152001T48MT01EBS001H0765F0765|52UZPE01152001T48MT01EBS001H076552UZPE01152001T48MT01EBS001H0765F0765RC1081288258
3|2124|AMERICA|SUBANI|CORDOBA|DIAZ|CC|193029236|2000-09-01|2|2|6|9998|3|1||7|07|||8|68.0|160|||2||||||||||||52UZPE01152001T48MT01EBS001H076552UZPE01152001T48MT01EBS001H0765F0765|52UZPE01152001T48MT01EBS001H076552UZPE01152001T48MT01EBS001H0765F0765CC193029236
3|2125|LISETH|PAOLA|PATINO|NAVARRO|TI|1080057605|2010-08-07|2|2|3|9998|3|1||1|07|||8|55.0|158|||2||||||||||||52UZPE01152001T48MT01EBS001H076652UZPE01152001T48MT01EBS001H0766F0766|52UZPE01152001T48MT01EBS001H076652UZPE01152001T48MT01EBS001H0766F0766TI1080057605
3|2126|ALBA|LUCY|NAVARRO|LARREA|CC|27081383|1976-09-23|2|2|5|9998|4|1||7|07|||8|69.0|149|||2||||||||||||52UZPE01152001T48MT01EBS001H076652UZPE01152001T48MT01EBS001H0766F0766|52UZPE01152001T48MT01EBS001H076652UZPE01152001T48MT01EBS001H0766F0766CC27081383
3|2127|CARLOS|HERNANDO|PATINO|ORTEGA|CC|98392033|1973-05-02|1|2|5|9510|3|1||4|07|||3|74.0|160|||2||||||||||||52UZPE01152001T48MT01EBS001H076652UZPE01152001T48MT01EBS001H0766F0766|52UZPE01152001T48MT01EBS001H076652UZPE01152001T48MT01EBS001H0766F0766CC98392033
3|2128|AMERICA|SUBANI|CORDOBA|DIAZ|CC|1930292364|2000-09-01|2|2|5|9510|3|1||7|07|||8|68.0|156|||2||||||||||||52UZPE01152001T48MT01EBS001H076752UZPE01152001T48MT01EBS001H0767F0767|52UZPE01152001T48MT01EBS001H076752UZPE01152001T48MT01EBS001H0767F0767CC1930292364
3|2129|ESTIBEN|ALEXANDER|BASTANTES|VILLACORTE|CC|1085316545|1994-07-01|1|2|6|9510|5|1||7|07|||8|68.0|175|||2||||||||||||52UZPE01152001T48MT01EBS001H076852UZPE01152001T48MT01EBS001H0768F0768|52UZPE01152001T48MT01EBS001H076852UZPE01152001T48MT01EBS001H0768F0768CC1085316545
3|2130|LUIS|GERMAN|MARCILLO|GUSMAN|CC|98387274|1974-05-06|1|2|6|5169|3|2||7|07|||8|68.0|163|||2||||||||||||52UZPE01152001T48MT01EBS001H076952UZPE01152001T48MT01EBS001H0769F0769|52UZPE01152001T48MT01EBS001H076952UZPE01152001T48MT01EBS001H0769F0769CC98387274
3|2131|CARLOS|ARTEMIO|MAIGUAL|MAIGUAL|CC|12953984|1950-03-03|1|2|5|9510|3|1||3|07|||8|68.0|170|||2||||||||||||52UZPE01152001T48MT01EBS001H077052UZPE01152001T48MT01EBS001H0770F0770|52UZPE01152001T48MT01EBS001H077052UZPE01152001T48MT01EBS001H0770F0770CC12953984
3|2132|JULIA|INES|BURBANO|BURBANO|CC|30706185|1940-02-08|2|2|5|9510|5|1||3|07|||8|68.0|155|||2||||||||||||52UZPE01152001T48MT01EBS001H077052UZPE01152001T48MT01EBS001H0770F0770|52UZPE01152001T48MT01EBS001H077052UZPE01152001T48MT01EBS001H0770F0770CC30706185
3|2133|ELIZABETH|ALEJANDRO|CHANA|MOLINA|CC|1085337681|1997-10-17|2|2|5|5169|7|1||7|07|||8|51.0|160|||2||||||||||||52UZPE01152001T48MT01EBS001H077152UZPE01152001T48MT01EBS001H0771F0771|52UZPE01152001T48MT01EBS001H077152UZPE01152001T48MT01EBS001H0771F0771CC1085337681
3|2134|MARIA|PAULA|MONCAYO|CHANA|RC|1080710845|2019-06-16|2|2|3|9998|3|1||8|07|||8|||||2||||||||||||52UZPE01152001T48MT01EBS001H077152UZPE01152001T48MT01EBS001H0771F0771|52UZPE01152001T48MT01EBS001H077152UZPE01152001T48MT01EBS001H0771F0771RC1080710845
3|2135|EVELIN|VALENTINA|NARVAEZ|CHANA|RC|1080706161|2019-02-16|2|2|3|9998|3|1||8|07|||8|33.0|110|||2||||||||||||52UZPE01152001T48MT01EBS001H077152UZPE01152001T48MT01EBS001H0771F0771|52UZPE01152001T48MT01EBS001H077152UZPE01152001T48MT01EBS001H0771F0771RC1080706161
3|2136|NOVAR|FERNANDO|BASTIDAS|CHAMORRO|CC|1089845051|1987-02-15|1|2|2|9510|3|1||7|07|||8|82.0|170|||2||||||||||||52UZPE01152001T48MT01EBS001H077252UZPE01152001T48MT01EBS001H0772F0772|52UZPE01152001T48MT01EBS001H077252UZPE01152001T48MT01EBS001H0772F0772CC1089845051
3|2137|YOLANDA|LILIANA|TORRES|ARAUJO|CC|1085287109|1990-04-03|2|2|5|9998|3|1||7|07|||8|66.0|157|||2||||||||||||52UZPE01152001T48MT01EBS001H077252UZPE01152001T48MT01EBS001H0772F0772|52UZPE01152001T48MT01EBS001H077252UZPE01152001T48MT01EBS001H0772F0772CC1085287109
3|2138|JAMES|FERNANDO|BASTIDAS|TORRES|TI|1080056396|2010-01-15|1|2|3|9998|3|1||1|07|||8|50.0|160|||2||||||||||||52UZPE01152001T48MT01EBS001H077252UZPE01152001T48MT01EBS001H0772F0772|52UZPE01152001T48MT01EBS001H077252UZPE01152001T48MT01EBS001H0772F0772TI1080056396
3|2139|JULLY|MILENA|MARTINEZ|PALMA|CC|1085304488|1993-05-07|2|2|5|9998|5|1||7|07|||8|57.0|153|||2||||||||||||52UZPE01152001T48MT01EBS001H077552UZPE01152001T48MT01EBS001H0775F0775|52UZPE01152001T48MT01EBS001H077552UZPE01152001T48MT01EBS001H0775F0775CC1085304488
3|2140|ISAAC|DAVID|RAMIREZ|MARTINEZ|RC|1080072137|2021-08-04|1|2|3|9998|3|1||8|07|||8|||||2||||||||||||52UZPE01152001T48MT01EBS001H077552UZPE01152001T48MT01EBS001H0775F0775|52UZPE01152001T48MT01EBS001H077552UZPE01152001T48MT01EBS001H0775F0775RC1080072137
3|2141|LUIS|RICARDO|MARTINEZ|GRIJALBA|CC|12980907|1964-05-05|1|2|5|5169|3|1||3|07|||8|76.0|175|||2||||||||||||52UZPE01152001T48MT01EBS001H077652UZPE01152001T48MT01EBS001H0776F0776|52UZPE01152001T48MT01EBS001H077652UZPE01152001T48MT01EBS001H0776F0776CC12980907
3|2142|IRMA|ELENA|PALMA|MORA|CC|59814335|1968-05-08|2|2|5|9998|5|1||7|07|||8|65.0|163|||2||||||||||||52UZPE01152001T48MT01EBS001H077652UZPE01152001T48MT01EBS001H0776F0776|52UZPE01152001T48MT01EBS001H077652UZPE01152001T48MT01EBS001H0776F0776CC59814335
3|2143|MUIGEL|ANGUEL|GUALGUAN|YANDUN|TI|1081278704|2006-11-20|1|2|3|9998|3|1||7|07|||8|52.0|157|||2||||||||||||52UZPE01152001T48MT01EBS001H077752UZPE01152001T48MT01EBS001H0777F0777|52UZPE01152001T48MT01EBS001H077752UZPE01152001T48MT01EBS001H0777F0777TI1081278704
3|2144|JUAN|PABLO|GUALGUAN|YANDUN|CC|1080692548|2006-04-12|1|2|3|9510|4|1||7|07|||8|60.0|160|||2||||||||||||52UZPE01152001T48MT01EBS001H077752UZPE01152001T48MT01EBS001H0777F0777|52UZPE01152001T48MT01EBS001H077752UZPE01152001T48MT01EBS001H0777F0777CC1080692548
3|2145|NOHORA|ALEIDA|YANDUN|NARVAEZ|CC|59824011|1953-10-10|2|2|5|9510|3|2||3|07|||8|78.0|160|||2||||||||||||52UZPE01152001T48MT01EBS001H077752UZPE01152001T48MT01EBS001H0777F0777|52UZPE01152001T48MT01EBS001H077752UZPE01152001T48MT01EBS001H0777F0777CC59824011
3|2146|ANDRES|FELIPE|GUALGUAN|YANDUN|CC|1085305621|1996-06-25|1|2|3|9510|5|2||7|07|||8|65.0|164|||2||||||||||||52UZPE01152001T48MT01EBS001H077752UZPE01152001T48MT01EBS001H0777F0777|52UZPE01152001T48MT01EBS001H077752UZPE01152001T48MT01EBS001H0777F0777CC1085305621
3|2147|SARAY|ISABELA|ANDRADE|PORTILLA|TI|1030001750|2015-05-27|2|2|3|9998|3|1||8|07|||8|26.0|133|||2||||||||||||52UZPE01152001T48MT01EBS001H077952UZPE01152001T48MT01EBS001H0779F0779|52UZPE01152001T48MT01EBS001H077952UZPE01152001T48MT01EBS001H0779F0779TI1030001750
3|2148|JULIANA|SALOME|ANDRADE|PORTILLA|RC|1080710173|2022-09-29|2|2|3|9998|3|1||8|07|||8|13.0|94|||2||||||||||||52UZPE01152001T48MT01EBS001H077952UZPE01152001T48MT01EBS001H0779F0779|52UZPE01152001T48MT01EBS001H077952UZPE01152001T48MT01EBS001H0779F0779RC1080710173
3|2149|JULIAN|NOTIENE|ANDRADE|PORTILLO|CC|1089845039|1987-04-03|1|2|5|9510|3|1||7|07|||8|64.0|160|||2||||||||||||52UZPE01152001T48MT01EBS001H077952UZPE01152001T48MT01EBS001H0779F0779|52UZPE01152001T48MT01EBS001H077952UZPE01152001T48MT01EBS001H0779F0779CC1089845039
3|2150|VIVIANA|DELROSARIO|PORTILLA|CAICEDO|CC|1089845602|1990-02-04|2|2|5|9998|3|1||7|07|||8|64.0|160|||2||||||||||||52UZPE01152001T48MT01EBS001H077952UZPE01152001T48MT01EBS001H0779F0779|52UZPE01152001T48MT01EBS001H077952UZPE01152001T48MT01EBS001H0779F0779CC1089845602
3|2151|MARA|ISMENIA|CAICEDO|ANDRADE|CC|27220207|1994-05-11|2|2|1|9998|2|1||4|07|||3|51.0|155|||2||||||||||||52UZPE01152001T48MT01EBS001H077852UZPE01152001T48MT01EBS001H0778F0778|52UZPE01152001T48MT01EBS001H077852UZPE01152001T48MT01EBS001H0778F0778CC27220207
3|2152|MIRIAM|NOTIENE|BASTIDAS|MELO|CC|27220179|1970-05-27|2|2|5|9998|2|1||7|07|||8|67.0|148|||2||||||||||||52UZPE01152001T48MT01EBS001H078252UZPE01152001T48MT01EBS001H0782F0782|52UZPE01152001T48MT01EBS001H078252UZPE01152001T48MT01EBS001H0782F0782CC27220179
3|2153|JESUS|RICARDO|PORTILLA|PORTILLA|CC|87531291|1968-10-27|1|2|5|9998|2|1||7|07|||8|65.0|156|||2||||||||||||52UZPE01152001T48MT01EBS001H078252UZPE01152001T48MT01EBS001H0782F0782|52UZPE01152001T48MT01EBS001H078252UZPE01152001T48MT01EBS001H0782F0782CC87531291
3|2154|YOMAR|EDUAR|PORTILLA|BASTIDAS|CC|1089847490|1996-08-08|1|2|3|9510|3|1||7|07|||8|67.0|159|||2||||||||||||52UZPE01152001T48MT01EBS001H078252UZPE01152001T48MT01EBS001H0782F0782|52UZPE01152001T48MT01EBS001H078252UZPE01152001T48MT01EBS001H0782F0782CC1089847490
3|2155|BLANCA|ELIA|ROSERO|MUNOS|CC|30744928|1972-11-12|2|2|2|9998|13|1||7|07|||8|89.0|156|||2||||||||||||52UZPE01152001T48MT01EBS001H078152UZPE01152001T48MT01EBS001H0781F0781|52UZPE01152001T48MT01EBS001H078152UZPE01152001T48MT01EBS001H0781F0781CC30744928
3|2156|LIDA|ESTELA|GUERRERO|HERNANDEZ|CC|36756511|1975-04-07|2|2|5|9998|3|1||7|07|||8|69.0|156|||2||||||||||||52UZPE01152001T48MT01EBS001H078052UZPE01152001T48MT01EBS001H0780F0780|52UZPE01152001T48MT01EBS001H078052UZPE01152001T48MT01EBS001H0780F0780CC36756511
3|2157|MARIA|JOSE|BENAVIDEZ|LAGOS|TI|1061810120|2016-06-02|2|2|3|9998|3|1||8|07|||8|43.0|136|||2||||||||||||52UZPE01152001T48MT01EBS001H078352UZPE01152001T48MT01EBS001H0783F0783|52UZPE01152001T48MT01EBS001H078352UZPE01152001T48MT01EBS001H0783F0783TI1061810120
3|2158|KEVIN|DUVAN|BENAVIDEZ|LAGOS|TI|1061786802|2013-12-21|1|2|3|9998|3|1||8|07|||8|34.0|142|||2||||||||||||52UZPE01152001T48MT01EBS001H078352UZPE01152001T48MT01EBS001H0783F0783|52UZPE01152001T48MT01EBS001H078352UZPE01152001T48MT01EBS001H0783F0783TI1061786802
3|2159|ANGUY|YERALDIN|LAGOS|BASTIDAS|CC|1061780659|1994-10-08|2|2|5|9510|3|1||7|07|||8|81.0|165|||2||||||||||||52UZPE01152001T48MT01EBS001H078352UZPE01152001T48MT01EBS001H0783F0783|52UZPE01152001T48MT01EBS001H078352UZPE01152001T48MT01EBS001H0783F0783CC1061780659
3|2160|DARWIN|JESUS|LAGOS|BASTIDAS|RC|1080070767|2020-05-13|1|2|3|9998|3|1||8|07|||8|18.0|111|||2||||||||||||52UZPE01152001T48MT01EBS001H078352UZPE01152001T48MT01EBS001H0783F0783|52UZPE01152001T48MT01EBS001H078352UZPE01152001T48MT01EBS001H0783F0783RC1080070767
3|2161|ELIZATH|SALOME|BURBANO|ORTIZ|RC|1080081124|2020-08-04|2|2|3|9998|3|1||8|07|||8|||||2||||||||||||52UZPE01152001T48MT01EBS001H078452UZPE01152001T48MT01EBS001H0784F0784|52UZPE01152001T48MT01EBS001H078452UZPE01152001T48MT01EBS001H0784F0784RC1080081124
3|2162|CARMEN|HELENA|ORTIZ|BOTINA|CC|1085330813|1995-08-20|2|2|5|9510|3|1||7|07|||8|66.0|150|||2||||||||||||52UZPE01152001T48MT01EBS001H078452UZPE01152001T48MT01EBS001H0784F0784|52UZPE01152001T48MT01EBS001H078452UZPE01152001T48MT01EBS001H0784F0784CC1085330813
3|2163|LUIS|ALBERTO|BURBANO|DIAZ|CC|1085244419|1985-11-07|1|2|5|9510|3|1||7|07|||8|79.0|169|||2||||||||||||52UZPE01152001T48MT01EBS001H078452UZPE01152001T48MT01EBS001H0784F0784|52UZPE01152001T48MT01EBS001H078452UZPE01152001T48MT01EBS001H0784F0784CC1085244419
3|2164|DAYANA|ELIZABETH|CORDOBA|BETANCUR|CC|1089844016|2003-12-09|2|2|3|5169|7|1||7|07|||8|54.0|154|||2||||||||||||52UZPE01152001T48MT01EBS001H078552UZPE01152001T48MT01EBS001H0785F0785|52UZPE01152001T48MT01EBS001H078552UZPE01152001T48MT01EBS001H0785F0785CC1089844016
3|2165|NINFA|CELMIRA|BETANCUR|SOLARTE|CC|27220921|1972-11-02|2|2|5|9998|3|1||7|07|||8|78.0|152|||2||||||||||||52UZPE01152001T48MT01EBS001H078552UZPE01152001T48MT01EBS001H0785F0785|52UZPE01152001T48MT01EBS001H078552UZPE01152001T48MT01EBS001H0785F0785CC27220921
3|2166|JESUS|JAMES|MONCAYO|MONCAYO|CC|108622303|1986-10-19|1|2|6|9510|3|1||7|07|||8|69.0|152|||2||||||||||||52UZPE01152001T48MT01EBS001H078652UZPE01152001T48MT01EBS001H0786F0786|52UZPE01152001T48MT01EBS001H078652UZPE01152001T48MT01EBS001H0786F0786CC108622303
3|2167|HILDA|ROSARIO|LAGARRANA|DECERON|CC|30724894|1961-04-22|2|2|6|9998|13|1||3|07|||8|58.0|155|||2||||||||||||52UZPE01152001T48MT01EBS001H078752UZPE01152001T48MT01EBS001H0787F0787|52UZPE01152001T48MT01EBS001H078752UZPE01152001T48MT01EBS001H0787F0787CC30724894
3|2168|DANNA|VALENTINA|QUISOBONI|MAIGUAL|TI|1061802430|2015-07-19|2|2|3|9998|3|1||8|07|||8|28.0|130|||2||||||||||||52UZPE01152001T48MT01EBS001H078852UZPE01152001T48MT01EBS001H0788F0788|52UZPE01152001T48MT01EBS001H078852UZPE01152001T48MT01EBS001H0788F0788TI1061802430
3|2169|LISETH|JOHANA|MAIGUAL|BASTIDAS|CC|1061808691|1998-04-08|2|2|5|9998|8|1||7|07|||8|65.0|152|||2||||||||||||52UZPE01152001T48MT01EBS001H078852UZPE01152001T48MT01EBS001H0788F0788|52UZPE01152001T48MT01EBS001H078852UZPE01152001T48MT01EBS001H0788F0788CC1061808691
3|2170|JUAN|GABRIEL|BETANCUR|MORA|CC|1080049709|2007-07-01|1|2|3|9998|3|1||7|07|||8|57.0|179|||2||||||||||||52UZPE01152001T48MT01EBS001H078952UZPE01152001T48MT01EBS001H0789F0789|52UZPE01152001T48MT01EBS001H078952UZPE01152001T48MT01EBS001H0789F0789CC1080049709
3|2171|AURA|LUCIA|MORA|NOTIENE|CC|1085251789|1975-04-11|2|2|5|9998|2|1||7|07|||8|53.0|146|||2||||||||||||52UZPE01152001T48MT01EBS001H078952UZPE01152001T48MT01EBS001H0789F0789|52UZPE01152001T48MT01EBS001H078952UZPE01152001T48MT01EBS001H0789F0789CC1085251789
3|2172|EVELIN|SARAY|BETANCOURT|MORA|TI|1030023191|2015-09-27|2|2|3|9998|3|1||8|07|||8|20.0|125|||2||||||||||||52UZPE01152001T48MT01EBS001H078952UZPE01152001T48MT01EBS001H0789F0789|52UZPE01152001T48MT01EBS001H078952UZPE01152001T48MT01EBS001H0789F0789TI1030023191
3|2173|CRISTIAN|CAMILO|ZUNIGA|DIAZ|CC|1081273749|2004-08-17|1|2|3|9998|9|2||7|07|||8|51.0|167|||2||||||||||||52UZPE01152001T48MT01EBS001H079052UZPE01152001T48MT01EBS001H0790F0790|52UZPE01152001T48MT01EBS001H079052UZPE01152001T48MT01EBS001H0790F0790CC1081273749
3|2174|BERTHA|LUISA|DIAZ|PAZ|CC|59824989|1973-07-08|2|2|5|9622|5|2||7|07|||8|53.0|155|||2||||||||||||52UZPE01152001T48MT01EBS001H079052UZPE01152001T48MT01EBS001H0790F0790|52UZPE01152001T48MT01EBS001H079052UZPE01152001T48MT01EBS001H0790F0790CC59824989
3|2175|INGRID|KARMEN|MARTINEZ|PALMA|CC|1085315463|1994-09-18|2|2|3|9510|7|2||7|07|||8|57.0|160|||2||||||||||||52UZPE01152001T48MT01EBS001H077352UZPE01152001T48MT01EBS001H0773F0773|52UZPE01152001T48MT01EBS001H077352UZPE01152001T48MT01EBS001H0773F0773CC1085315463
3|2176|HERNANDO|JAVIER|PORTILLA|MELO|CC|1004770650|1994-01-28|1|2|5|9510|3|1||7|07|||8|64.0|163|||2||||||||||||52UZPE01152001T48MT01EBS001H079252UZPE01152001T48MT01EBS001H0792F0792|52UZPE01152001T48MT01EBS001H079252UZPE01152001T48MT01EBS001H0792F0792CC1004770650
3|2177|DIYER|MAXIMILIANO|PORTILLA|NARANJO|RC|1233195879|2024-10-05|1|2|3|9998|3|1||8|07|||8|7.0|71|||2||||||||||||52UZPE01152001T48MT01EBS001H079252UZPE01152001T48MT01EBS001H0792F0792|52UZPE01152001T48MT01EBS001H079252UZPE01152001T48MT01EBS001H0792F0792RC1233195879
3|2178|DANNA|ESTEFANIA|PORTILLA|NARANJO|RC|1112068726|2020-10-01|2|2|3|9998|3|1||8|07|||8|15.0|98|||2||||||||||||52UZPE01152001T48MT01EBS001H079252UZPE01152001T48MT01EBS001H0792F0792|52UZPE01152001T48MT01EBS001H079252UZPE01152001T48MT01EBS001H0792F0792RC1112068726
3|2179|HEYLE|NOTIENE|NARANJO|MACIAS|CC|1007563371|2000-05-02|2|2|5|9998|3|1||7|07|||8|68.0|153|||2||||||||||||52UZPE01152001T48MT01EBS001H079252UZPE01152001T48MT01EBS001H0792F0792|52UZPE01152001T48MT01EBS001H079252UZPE01152001T48MT01EBS001H0792F0792CC1007563371
3|2180|LUIS|GERARDO|REINA|ANAGUAN|CC|5261724|1963-08-02|1|2|5|9998|2|2||3|07|||8|78.0|175|||2||||||||||||52UZPE01152001T48MT01EBS001H079352UZPE01152001T48MT01EBS001H0793F0793|52UZPE01152001T48MT01EBS001H079352UZPE01152001T48MT01EBS001H0793F0793CC5261724
3|2181|LUIS|EDUARDO|REINA|NUPAN|CC|1085301927|1993-01-18|1|2|3|5169|8|2||7|07|||8|69.0|173|||2||||||||||||52UZPE01152001T48MT01EBS001H079352UZPE01152001T48MT01EBS001H0793F0793|52UZPE01152001T48MT01EBS001H079352UZPE01152001T48MT01EBS001H0793F0793CC1085301927
3|2182|RENATA|VALENTINA|ROSERO|PALMA|TI|1085333100|2014-12-26|2|2|3|9998|3|1||8|07|||8|37.0|142|||2||||||||||||52UZPE01152001T48MT01EBS001H077452UZPE01152001T48MT01EBS001H0774F0774|52UZPE01152001T48MT01EBS001H077452UZPE01152001T48MT01EBS001H0774F0774TI1085333100
3|2183|JOSE|SANTIAGO|RICARDO|ROSERO|RC|1080711642|2024-07-05|1|2|3|9998|3|1||8|07|||8|||||2||||||||||||52UZPE01152001T48MT01EBS001H077452UZPE01152001T48MT01EBS001H0774F0774|52UZPE01152001T48MT01EBS001H077452UZPE01152001T48MT01EBS001H0774F0774RC1080711642
3|2184|NUBIA|ELENA|ROSERO|PALMA|CC|1085254826|1986-04-04|2|2|5|9998|3|1||7|07|||8|80.0|163|||2||||||||||||52UZPE01152001T48MT01EBS001H077452UZPE01152001T48MT01EBS001H0774F0774|52UZPE01152001T48MT01EBS001H077452UZPE01152001T48MT01EBS001H0774F0774CC1085254826
3|2185|KAREN|ELIANA|MEJIA|PATINO|TI|100413433461|2008-04-09|2|2|3|9998|3|1||1|07|||8|45.0|155|||2||||||||||||52UZPE01152001T48MT02EBS001H079552UZPE01152001T48MT02EBS001H0795F0795|52UZPE01152001T48MT02EBS001H079552UZPE01152001T48MT02EBS001H0795F0795TI100413433461
3|2186|SANDRA|MILENA|PATINO|GUERRERO|CC|59828284|1978-04-11|2|2|5|9998|5|1||7|07|||8|70.0|157|||2||||||||||||52UZPE01152001T48MT02EBS001H079552UZPE01152001T48MT02EBS001H0795F0795|52UZPE01152001T48MT02EBS001H079552UZPE01152001T48MT02EBS001H0795F0795CC59828284
3|2187|WILLIAM|NOTIENE|PORTILLA|RIASCOS|CC|10347107|1982-04-02|1|2|5|5169|3|2||7|07|||8|72.0|172|||2||||||||||||52UZPE01152001T48MT01EBS001H079452UZPE01152001T48MT01EBS001H0794F0794|52UZPE01152001T48MT01EBS001H079452UZPE01152001T48MT01EBS001H0794F0794CC10347107
3|2188|JEIMMY|NOTIENE|PORTILLA|LOPEZ|CC|1004790924|2002-04-24|2|2|3|9998|7|2||7|07|||8|50.0|153|||2||||||||||||52UZPE01152001T48MT01EBS001H079452UZPE01152001T48MT01EBS001H0794F0794|52UZPE01152001T48MT01EBS001H079452UZPE01152001T48MT01EBS001H0794F0794CC1004790924
3|2189|CAROL|SULANY|PORTILLA|LOPEZ|TI|1080052852|2008-08-20|2|2|3|9998|3|2||1|07|||8|53.0|153|||2||||||||||||52UZPE01152001T48MT01EBS001H079452UZPE01152001T48MT01EBS001H0794F0794|52UZPE01152001T48MT01EBS001H079452UZPE01152001T48MT01EBS001H0794F0794TI1080052852
3|2190|JHANETH|NOTIENE|LOPEZ|MORA|CC|59788859|1985-02-21|2|2|5|9998|3|2||7|07|||8|68.0|162|||2||||||||||||52UZPE01152001T48MT01EBS001H079452UZPE01152001T48MT01EBS001H0794F0794|52UZPE01152001T48MT01EBS001H079452UZPE01152001T48MT01EBS001H0794F0794CC59788859
3|2191|KATHERIN|NOTIENE|RUALES|ZUARES|CC|1085315173|1994-09-05|2|2|3|5169|7|2||7|07|||8|60.0|164|||2||||||||||||52UZPE01152001T48MT01EBS001H079652UZPE01152001T48MT01EBS001H0796F0796|52UZPE01152001T48MT01EBS001H079652UZPE01152001T48MT01EBS001H0796F0796CC1085315173
3|2192|ANGUY|LISETH|RUALES|ZUARES|CC|1085334623|1997-04-05|2|2|3|5169|7|2||7|07|||8|58.0|164|||2||||||||||||52UZPE01152001T48MT01EBS001H079652UZPE01152001T48MT01EBS001H0796F0796|52UZPE01152001T48MT01EBS001H079652UZPE01152001T48MT01EBS001H0796F0796CC1085334623
3|2193|ANA|CRISTINA|ZAMBRANO|NA|CC|59831794|1973-09-10|2|2|2|9998|2|1||7|07|||8|84.0|151|||2||||||||||||52UZPE01152001T48MT01EBS001H080152UZPE01152001T48MT01EBS001H0801F0801|52UZPE01152001T48MT01EBS001H080152UZPE01152001T48MT01EBS001H0801F0801CC59831794
3|2194|ORLANDO|ALIRIO|CORDOBA|MUNOZ|CC|87064765|1983-01-20|1|2|2|9510|2|1||7|07|||8|84.0|162|||2||||||||||||52UZPE01152001T48MT01EBS001H080152UZPE01152001T48MT01EBS001H0801F0801|52UZPE01152001T48MT01EBS001H080152UZPE01152001T48MT01EBS001H0801F0801CC87064765
3|2195|ANA|CRISTINA|DIAZ|ANAMA|CC|1087426978|1996-06-07|2|2|5|5169|5|5||7|07|||8|60.0|165|||2||||||||||||52UZPE01152001T48MT02EBS001H080252UZPE01152001T48MT02EBS001H0802F0802|52UZPE01152001T48MT02EBS001H080252UZPE01152001T48MT02EBS001H0802F0802CC1087426978
3|2196|ERICK|MATHIAS|NASNER|DIAZ|RC|1233145597|2023-04-24|1|2|3|9998|3|5||8|07|||8|15.3|90|||2||||||||||||52UZPE01152001T48MT02EBS001H080252UZPE01152001T48MT02EBS001H0802F0802|52UZPE01152001T48MT02EBS001H080252UZPE01152001T48MT02EBS001H0802F0802RC1233145597
3|2197|TANIA|MARICELA|ZAMBRANO|JURADO|CC|1081276868|2007-04-23|2|2|3|9510|3|1||7|07|||8|60.0|160|||2||||||||||||52UZPE01152001T48MT01EBS001H080452UZPE01152001T48MT01EBS001H0804F0804|52UZPE01152001T48MT01EBS001H080452UZPE01152001T48MT01EBS001H0804F0804CC1081276868
3|2198|VIOLETA|NOTIENE|GUERRERO|MUNOZ|RC|1081068988|2025-03-26|2|2|3|9998|3|1||8|07|||8|4.0|53|||2||||||||||||52UZPE01152001T48MT01EBS001H080552UZPE01152001T48MT01EBS001H0805F0805|52UZPE01152001T48MT01EBS001H080552UZPE01152001T48MT01EBS001H0805F0805RC1081068988
3|2199|ERIKA|NOTIENE|MUNOZ|REALPE|CC|1085341182|1998-03-24|2|2|5|9998|8|1||7|07|||8|65.0|154|||2||||||||||||52UZPE01152001T48MT01EBS001H080552UZPE01152001T48MT01EBS001H0805F0805|52UZPE01152001T48MT01EBS001H080552UZPE01152001T48MT01EBS001H0805F0805CC1085341182
3|2200|CARLOS|ESTEBAN|GUERRERO|CORDOBA|CC|1085335469|1997-06-26|1|2|5|9510|3|1||7|07|||8|59.0|165|||2||||||||||||52UZPE01152001T48MT01EBS001H080552UZPE01152001T48MT01EBS001H0805F0805|52UZPE01152001T48MT01EBS001H080552UZPE01152001T48MT01EBS001H0805F0805CC1085335469
3|2201|TIAGO|ALEJANDRO|GUERRERO|MUNOZ|RC|1140214078|2017-02-28|1|2|3|9998|3|1||8|07|||8|32.0|120|||2||||||||||||52UZPE01152001T48MT01EBS001H080552UZPE01152001T48MT01EBS001H0805F0805|52UZPE01152001T48MT01EBS001H080552UZPE01152001T48MT01EBS001H0805F0805RC1140214078
3|2202|JHONN|ALEXANDER|MUNOZ|BARRERA|CC|98400849|1977-09-25|1|2|5|9510|2|1||7|07|||8|70.0|176|||2||||||||||||52UZPE01152001T48MT01EBS001H080652UZPE01152001T48MT01EBS001H0806F0806|52UZPE01152001T48MT01EBS001H080652UZPE01152001T48MT01EBS001H0806F0806CC98400849
3|2203|LIBIA|JANNETH|REALPE|AGUIRRE|CC|27087920|1975-09-24|2|2|2|9510|2|1||4|07|||3|67.0|146|||2||||||||||||52UZPE01152001T48MT01EBS001H080652UZPE01152001T48MT01EBS001H0806F0806|52UZPE01152001T48MT01EBS001H080652UZPE01152001T48MT01EBS001H0806F0806CC27087920
3|2204|YULIANA|MICHELLY|MUNOZ|REALPE|CC|1004509649|2003-06-29|2|2|3|9998|13|1||7|07|||8|58.0|157|||2||||||||||||52UZPE01152001T48MT01EBS001H080652UZPE01152001T48MT01EBS001H0806F0806|52UZPE01152001T48MT01EBS001H080652UZPE01152001T48MT01EBS001H0806F0806CC1004509649
3|2205|CAMILO|ALEXANDER|MUNOZ|REALPE|CC|1085341183|1998-03-24|1|2|3|5169|7|1||7|07|||8|65.0|164|||2||||||||||||52UZPE01152001T48MT01EBS001H080652UZPE01152001T48MT01EBS001H0806F0806|52UZPE01152001T48MT01EBS001H080652UZPE01152001T48MT01EBS001H0806F0806CC1085341183
3|2206|JOSE|IGNACIO|BASTIDAS|ZAMBRANO|CC|12992265|1968-05-18|1|2|5|9510|3|1||7|07|||8|95.0|167|||2||||||||||||52UZPE01152001T48MT01EBS001H080752UZPE01152001T48MT01EBS001H0807F0807|52UZPE01152001T48MT01EBS001H080752UZPE01152001T48MT01EBS001H0807F0807CC12992265
3|2207|MARIA|EUGENIA|GONZALES|ROSERO|CC|30722227|1959-05-26|2|2|2|9998|2|1||3|07|||8|97.0|165|||2||||||||||||52UZPE01152001T48MT01EBS001H080752UZPE01152001T48MT01EBS001H0807F0807|52UZPE01152001T48MT01EBS001H080752UZPE01152001T48MT01EBS001H0807F0807CC30722227
3|2208|MARIA|JOSE|BASTIDAS|TORO|RC|1080701436|2015-05-22|2|2|3|9998|3|1||8|07|||8|30.0|131|||2||||||||||||52UZPE01152001T48MT01EBS001H080852UZPE01152001T48MT01EBS001H0808F0808|52UZPE01152001T48MT01EBS001H080852UZPE01152001T48MT01EBS001H0808F0808RC1080701436
3|2209|SANTIAGO|ALEXANDER|BASTIDAS|GONZALES|CC|1085322664|1995-06-15|1|2|2|9510|3|1||7|07|||8|91.0|166|||2||||||||||||52UZPE01152001T48MT01EBS001H080852UZPE01152001T48MT01EBS001H0808F0808|52UZPE01152001T48MT01EBS001H080852UZPE01152001T48MT01EBS001H0808F0808CC1085322664
3|2210|LILIAN|RUIZ|MORENO|RUIZ|CC|36959295|1980-06-01|2|2|5|9510|3|1||7|07|||8|75.0|155|||2||||||||||||52UZPE01152001T48MT01EBS001H080852UZPE01152001T48MT01EBS001H0808F0808|52UZPE01152001T48MT01EBS001H080852UZPE01152001T48MT01EBS001H0808F0808CC36959295
3|2211|SARA|SOFIA|BRAVO|BELTRAN|TI|114319650|2019-04-19|2|2|3|9998|3|1||8|07|||8|35.0|117|||2||||||||||||52UZPE01152001T48MT01EBS001H080952UZPE01152001T48MT01EBS001H0809F0809|52UZPE01152001T48MT01EBS001H080952UZPE01152001T48MT01EBS001H0809F0809TI114319650
3|2212|LISNE|DANIELA|BELTRAN|LOPEZ|CC|1085901465|2002-02-21|2|2|5|9998|3|1||7|07|||8|58.0|150|||2||||||||||||52UZPE01152001T48MT01EBS001H080952UZPE01152001T48MT01EBS001H0809F0809|52UZPE01152001T48MT01EBS001H080952UZPE01152001T48MT01EBS001H0809F0809CC1085901465
3|2213|JESUS|DANIEL|LOPEZ|BELTRAN|RC|1233195445|2022-12-16|1|2|3|9998|3|1||8|07|||8|||||2||||||||||||52UZPE01152001T48MT01EBS001H080952UZPE01152001T48MT01EBS001H0809F0809|52UZPE01152001T48MT01EBS001H080952UZPE01152001T48MT01EBS001H0809F0809RC1233195445
3|2214|MARIA|ALEJANDRA|GAMBOA|PAEZ|CC|1004509419|2001-02-22|2|2|5|9998|3|1||7|07|||8|54.0|150|||2||||||||||||52UZPE01152001T48MT01EBS001H081052UZPE01152001T48MT01EBS001H0810F0810|52UZPE01152001T48MT01EBS001H081052UZPE01152001T48MT01EBS001H0810F0810CC1004509419
3|2215|CRISTIAN|DANILO|PISCAL|CABRERA|CC|10042236606|1999-09-08|1|2|5|9510|4|1||7|07|||8|70.0|173|||2||||||||||||52UZPE01152001T48MT01EBS001H081052UZPE01152001T48MT01EBS001H0810F0810|52UZPE01152001T48MT01EBS001H081052UZPE01152001T48MT01EBS001H0810F0810CC10042236606
3|2216|CAROL|ESTEFANIA|ROSERO|GAMBOA|RC|1080070602|2020-03-16|1|2|3|9998|3|1||8|07|||8|||||2||||||||||||52UZPE01152001T48MT01EBS001H081052UZPE01152001T48MT01EBS001H0810F0810|52UZPE01152001T48MT01EBS001H081052UZPE01152001T48MT01EBS001H0810F0810RC1080070602
3|2217|LURDES|BASTIDAS|LAGOS|BASTIDAS|CC|1085302614|1993-02-11|2|2|5|9998|3|1||7|07|||8|64.0|150|||2||||||||||||52UZPE01152001T48MT01EBS001H081152UZPE01152001T48MT01EBS001H0811F0811|52UZPE01152001T48MT01EBS001H081152UZPE01152001T48MT01EBS001H0811F0811CC1085302614
3|2218|ERIKA|NATALIA|FLORES|LAGOS|TI|10874114332|2008-03-21|2|2|3|9998|3|1||1|07|||8|86.0|170|||2||||||||||||52UZPE01152001T48MT01EBS001H081152UZPE01152001T48MT01EBS001H0811F0811|52UZPE01152001T48MT01EBS001H081152UZPE01152001T48MT01EBS001H0811F0811TI10874114332
3|2219|MADELY|TATIANA|LAGOS|LAGOS|RC|1233195793|2024-06-23|2|2|3|9998|3|1||8|07|||8|||||2||||||||||||52UZPE01152001T48MT01EBS001H081152UZPE01152001T48MT01EBS001H0811F0811|52UZPE01152001T48MT01EBS001H081152UZPE01152001T48MT01EBS001H0811F0811RC1233195793
3|2220|VICTOR|ALFONSO|SANTACRUZ|NOTIENE|CC|1085271187|1988-07-02|1|2|6|5169|8|1||7|07|||8|85.0|180|||2||||||||||||52UZPE01152001T48MT01EBS001H081252UZPE01152001T48MT01EBS001H0812F0812|52UZPE01152001T48MT01EBS001H081252UZPE01152001T48MT01EBS001H0812F0812CC1085271187
3|2221|LUIS|IGNACIO|PORTILLA|NOTIENE|CC|87530783|1966-06-03|1|2|6|9622|2|2||7|07|||8|67.0|157|||2||||||||||||52UZPE01152001T48MT01EBS001H081352UZPE01152001T48MT01EBS001H0813F0813|52UZPE01152001T48MT01EBS001H081352UZPE01152001T48MT01EBS001H0813F0813CC87530783
3|2222|MARIA|AMPARO|PINCHAO|BOTINA|CC|59835307|1976-11-05|2|2|2|9998|2|1||7|07|||8|62.0|159|||2||||||||||||52UZPE01152001T48MT01EBS001H081452UZPE01152001T48MT01EBS001H0814F0814|52UZPE01152001T48MT01EBS001H081452UZPE01152001T48MT01EBS001H0814F0814CC59835307
3|2223|PEDRO|ERNESTO|GELPUD|CHACHINOY|CC|98395715|1976-03-05|1|2|5|9510|2|1||7|07|||8|65.0|159|||2||||||||||||52UZPE01152001T48MT01EBS001H081452UZPE01152001T48MT01EBS001H0814F0814|52UZPE01152001T48MT01EBS001H081452UZPE01152001T48MT01EBS001H0814F0814CC98395715
3|2224|DIANA|ESTEFANIA|GELPUD|PINCHAO|CC|180041381|2004-06-12|2|2|3|9998|8|1||7|07|||8|49.0|148|||2||||||||||||52UZPE01152001T48MT01EBS001H081452UZPE01152001T48MT01EBS001H0814F0814|52UZPE01152001T48MT01EBS001H081452UZPE01152001T48MT01EBS001H0814F0814CC180041381
3|2225|LEIDY|GISSEL|BENAVIDEZ|ZARAMA|CC|1085296668|1992-04-07|2|2|5|9510|2|1||7|07|||8|74.0|170|||2||||||||||||52UZPE01152001T48MT01EBS001H079152UZPE01152001T48MT01EBS001H0791F0791|52UZPE01152001T48MT01EBS001H079152UZPE01152001T48MT01EBS001H0791F0791CC1085296668
3|2226|ARMANDO|JAVIER|VALENZUELA|CORAL|CC|12987234|1966-06-27|1|2|5|5169|3|2||7|07|||8|82.0|165|||2||||||||||||52UZPE01152001T48MT01EBS001H081552UZPE01152001T48MT01EBS001H0815F0815|52UZPE01152001T48MT01EBS001H081552UZPE01152001T48MT01EBS001H0815F0815CC12987234
3|2227|MARTA|MARTA|RIVERA|CAICEDO|CC|31330503|1978-02-17|2|2|5|9998|3|1||7|07|||8|82.0|147|||2||||||||||||52UZPE01152001T48MT01EBS001H081552UZPE01152001T48MT01EBS001H0815F0815|52UZPE01152001T48MT01EBS001H081552UZPE01152001T48MT01EBS001H0815F0815CC31330503
3|2228|LAURENTINA|LAURENTINA|PORTILLO|PARTILLA|CC|37221100|1975-05-13|2|2|5|9998|3|1||7|07|||8|54.0|149|||2||||||||||||52UZPE01152001T48MT01EBS001H081652UZPE01152001T48MT01EBS001H0816F0816|52UZPE01152001T48MT01EBS001H081652UZPE01152001T48MT01EBS001H0816F0816CC37221100
3|2229|HUMBERTO|RAMIRO|CHAVEZ|ORDONEZ|CC|87531733|1972-01-31|1|2|5|9510|3|1||7|07|||8|63.0|162|||2||||||||||||52UZPE01152001T48MT01EBS001H081652UZPE01152001T48MT01EBS001H0816F0816|52UZPE01152001T48MT01EBS001H081652UZPE01152001T48MT01EBS001H0816F0816CC87531733
3|2230|JUNY|NORIEL|CHAVEZ|PORTILLA|CC|1085333974|1997-02-13|1|2|6|5169|3|2||7|07|||8|70.0|165|||2||||||||||||52UZPE01152001T48MT01EBS001H081752UZPE01152001T48MT01EBS001H0817F0817|52UZPE01152001T48MT01EBS001H081752UZPE01152001T48MT01EBS001H0817F0817CC1085333974
3|2231|GLADIS|GLADIS|SOCORRO|PALACIOS|CC|27221183|1975-04-18|2|2|1|9998|4|2||7|07|||8|52.0|150|||2||||||||||||52UZPE01152001T48MT01EBS001H081852UZPE01152001T48MT01EBS001H0818F0818|52UZPE01152001T48MT01EBS001H081852UZPE01152001T48MT01EBS001H0818F0818CC27221183
3|2232|LIBARDO|JESUS|PORTILLA|PORTILLA|CC|87551568|1969-02-16|1|2|5|9510|3|2||7|07|||8|62.0|160|||2||||||||||||52UZPE01152001T48MT01EBS001H081852UZPE01152001T48MT01EBS001H0818F0818|52UZPE01152001T48MT01EBS001H081852UZPE01152001T48MT01EBS001H0818F0818CC87551568
3|2233|DIANA|MARCELA|PORTILLO|PALACIOS|CC|1085586029|1999-07-08|2|2|3|9510|5|2||7|07|||8|52.0|150|||2||||||||||||52UZPE01152001T48MT01EBS001H081852UZPE01152001T48MT01EBS001H0818F0818|52UZPE01152001T48MT01EBS001H081852UZPE01152001T48MT01EBS001H0818F0818CC1085586029
3|2234|JELLEROS|GERMAN|ERAZO|PORTILLO|CC|875522868|1982-07-25|1|2|5|9510|4|1||7|07|||8|67.0|160|||2||||||||||||52UZPE01152001T48MT01EBS001H081952UZPE01152001T48MT01EBS001H0819F0819|52UZPE01152001T48MT01EBS001H081952UZPE01152001T48MT01EBS001H0819F0819CC875522868
3|2235|ROSA|AURINA|PORTILLA|TORRES|CC|27221428|1977-09-26|2|2|1|9999|3|1||7|07|||8|55.0|150|||2||||||||||||52UZPE01152001T48MT01EBS001H081952UZPE01152001T48MT01EBS001H0819F0819|52UZPE01152001T48MT01EBS001H081952UZPE01152001T48MT01EBS001H0819F0819CC27221428
3|2236|MATIAS|ALEXANDER|GARAN|SUAREZ|PT|6231491|2012-04-14|1|2|3|9998|3|1||1|07|||8|55.0|150|||2||||||||||||52UZPE01152001T48MT01EBS001H082052UZPE01152001T48MT01EBS001H0820F0820|52UZPE01152001T48MT01EBS001H082052UZPE01152001T48MT01EBS001H0820F0820PT6231491
3|2237|MARYORI|CATERIR|SUAREZ|QUIROS|CC|20608398|1989-03-15|2|2|5|9998|3|1||7|07|||8|55.0|150|||2||||||||||||52UZPE01152001T48MT01EBS001H082052UZPE01152001T48MT01EBS001H0820F0820|52UZPE01152001T48MT01EBS001H082052UZPE01152001T48MT01EBS001H0820F0820CC20608398
3|2238|NIVIA|ROMIRA|ROSERO|BARRERA|CC|27488083|1976-12-16|2|2|5|9998|3|1||7|07|||8|76.0|152|||2||||||||||||52UZPE01152001T48MT01EBS001H082152UZPE01152001T48MT01EBS001H0821F0821|52UZPE01152001T48MT01EBS001H082152UZPE01152001T48MT01EBS001H0821F0821CC27488083
3|2239|NATALIA|JIMENA|MUNOZ|ROSERO|CC|1085322328|1995-06-28|2|2|3|5169|7|1||7|07|||8|60.0|155|||2||||||||||||52UZPE01152001T48MT01EBS001H082152UZPE01152001T48MT01EBS001H0821F0821|52UZPE01152001T48MT01EBS001H082152UZPE01152001T48MT01EBS001H0821F0821CC1085322328
3|2240|MONICA|DELCARMEN|MELO|BASANTE|CC|1085298473|1992-07-19|2|2|5|9510|3|1||7|07|||8|52.0|150|||2||||||||||||52UZPE01152001T48MT01EBS001H082252UZPE01152001T48MT01EBS001H0822F0822|52UZPE01152001T48MT01EBS001H082252UZPE01152001T48MT01EBS001H0822F0822CC1085298473
3|2241|DANIELA|VALENTINA|OLIVA|MELO|TI|1030021827|2012-03-22|2|2|3|9998|3|1||1|07|||8|55.0|150|||2||||||||||||52UZPE01152001T48MT01EBS001H082252UZPE01152001T48MT01EBS001H0822F0822|52UZPE01152001T48MT01EBS001H082252UZPE01152001T48MT01EBS001H0822F0822TI1030021827
3|2242|DEISY|YANETH|MUNOZ|BARRERA|CC|1085261009|1987-07-11|2|2|5|9998|3|1||7|07|||8|76.0|157|||2||||||||||||52UZPE01152001T48MT01EBS001H082352UZPE01152001T48MT01EBS001H0823F0823|52UZPE01152001T48MT01EBS001H082352UZPE01152001T48MT01EBS001H0823F0823CC1085261009
3|2243|OSCAR|FABIAN|PORTILLA|GRAZO|CC|1085066909|1988-08-09|1|2|5|9998|3|2||7|07|||8|61.0|160|||2||||||||||||52UZPE01152001T48MT01EBS001H082352UZPE01152001T48MT01EBS001H0823F0823|52UZPE01152001T48MT01EBS001H082352UZPE01152001T48MT01EBS001H0823F0823CC1085066909
3|2244|PAULA|TAMARA|PORTILLA|MUNOZ|TI|1081061333|2014-06-14|2|2|3|9998|3|1||8|07|||8|52.0|150|||2||||||||||||52UZPE01152001T48MT01EBS001H082352UZPE01152001T48MT01EBS001H0823F0823|52UZPE01152001T48MT01EBS001H082352UZPE01152001T48MT01EBS001H0823F0823TI1081061333
3|2245|LAURA|ESTEFANI|PORTILLA|MUNOZ|TI|1030000222|2007-11-21|2|2|3|9998|3|1||1|07|||8|62.0|160|||2||||||||||||52UZPE01152001T48MT01EBS001H082352UZPE01152001T48MT01EBS001H0823F0823|52UZPE01152001T48MT01EBS001H082352UZPE01152001T48MT01EBS001H0823F0823TI1030000222
3|2246|MARY|MARY|DELSOCORRO|MUNOZ|CC|37083565|1982-12-16|2|2|5|9510|3|2||7|07|||8|52.0|150|||2||||||||||||52UZPE01152001T48MT01EBS001H082552UZPE01152001T48MT01EBS001H0825F0825|52UZPE01152001T48MT01EBS001H082552UZPE01152001T48MT01EBS001H0825F0825CC37083565
3|2247|JUAN|DAVID|DELGADO|DELGADO|CC|1085245554|1988-12-26|1|2|5|9510|3|2||7|07|||8|71.0|170|||2||||||||||||52UZPE01152001T48MT01EBS001H082552UZPE01152001T48MT01EBS001H0825F0825|52UZPE01152001T48MT01EBS001H082552UZPE01152001T48MT01EBS001H0825F0825CC1085245554
3|2248|DORIS|YOLANDA|BASQUES|BASQUES|CC|59835930|1974-01-12|2|2|6|9510|3|1||7|07|||8|62.0|160|||2||||||||||||52UZPE01152001T48MT01EBS001H082652UZPE01152001T48MT01EBS001H0826F0826|52UZPE01152001T48MT01EBS001H082652UZPE01152001T48MT01EBS001H0826F0826CC59835930
3|2249|SANDRA|LUCY|LUCANO|MAYA|CC|1085295900|1992-02-04|2|2|3|9510|3|2||7|07|||8|62.0|156|||2||||||||||||52UZPE01152001T48MT01EBS001H082452UZPE01152001T48MT01EBS001H0824F0824|52UZPE01152001T48MT01EBS001H082452UZPE01152001T48MT01EBS001H0824F0824CC1085295900
3|2250|LUZ|ANGELICA|MAYA|QUISCUALTUD|CC|27088625|1955-04-16|2|2|5|9998|2|1||3|07|||3|73.0|143|||2||||||||||||52UZPE01152001T48MT01EBS001H082452UZPE01152001T48MT01EBS001H0824F0824|52UZPE01152001T48MT01EBS001H082452UZPE01152001T48MT01EBS001H0824F0824CC27088625
3|2251|AURA|ELISA|MUNOZ|DETIMARAN|CC|30703198|1940-05-14|2|2|6|9510|3|1||3|07|||8|61.0|160|||2||||||||||||52UZPE01152001T48MT01EBS001H082752UZPE01152001T48MT01EBS001H0827F0827|52UZPE01152001T48MT01EBS001H082752UZPE01152001T48MT01EBS001H0827F0827CC30703198
3|2252|BLANCA|CECILIA|BOTINA|ANDRADE|CC|30729737|1961-09-07|2|2|5|9510|3|1||3|07|||8|48.0|142|||2||||||||||||52UZPE01152001T48MT01EBS001H082852UZPE01152001T48MT01EBS001H0828F0828|52UZPE01152001T48MT01EBS001H082852UZPE01152001T48MT01EBS001H0828F0828CC30729737
3|2253|AUGO|JAVIER|ROJAS|BOTINA|CC|12751599|1982-06-12|1|2|6|9510|3|1||7|07|||8|73.0|170|||2||||||||||||52UZPE01152001T48MT01EBS001H083052UZPE01152001T48MT01EBS001H0830F0830|52UZPE01152001T48MT01EBS001H083052UZPE01152001T48MT01EBS001H0830F0830CC12751599
3|2254|JOSE|ORLANDO|BOTINA|ANDRADE|CC|12995292|1969-04-01|1|2|6|9510|3|1||7|07|||8|73.0|170|||2||||||||||||52UZPE01152001T48MT01EBS001H083052UZPE01152001T48MT01EBS001H0830F0830|52UZPE01152001T48MT01EBS001H083052UZPE01152001T48MT01EBS001H0830F0830CC12995292
3|2255|RAUL|EDUARDO|MORA|CEVALLOS|CC|13069927|1981-04-25|1|2|3|9622|3|1||7|07|||8|69.0|168|||2||||||||||||52UZPE01152001T48MT01EBS001H082952UZPE01152001T48MT01EBS001H0829F0829|52UZPE01152001T48MT01EBS001H082952UZPE01152001T48MT01EBS001H0829F0829CC13069927
3|2256|ALIRIO|FIDENCIO|MORA|GUERRERO|CC|13061214|1953-08-19|1|2|5|9510|2|1||3|07|||8|62.0|159|||2||||||||||||52UZPE01152001T48MT01EBS001H082952UZPE01152001T48MT01EBS001H0829F0829|52UZPE01152001T48MT01EBS001H082952UZPE01152001T48MT01EBS001H0829F0829CC13061214
3|2257|GABRIEL|GABRIEL|PEREZ|PEREZ|CC|48386051|1973-11-15|1|2|5|9510|3|1||7|07|||8|71.0|170|||2||||||||||||52UZPE01152001T48MT01EBS001H083152UZPE01152001T48MT01EBS001H0831F0831|52UZPE01152001T48MT01EBS001H083152UZPE01152001T48MT01EBS001H0831F0831CC48386051
3|2258|OLIVIA|ALICIA|MUNOZ|MORENO|CC|27088762|1974-07-16|2|2|5|9510|3|1||7|07|||8|61.0|160|||2||||||||||||52UZPE01152001T48MT01EBS001H083152UZPE01152001T48MT01EBS001H0831F0831|52UZPE01152001T48MT01EBS001H083152UZPE01152001T48MT01EBS001H0831F0831CC27088762
3|2259|CRISTIAN|DANIEL|PEREZ|MUNOZ|CC|1080690369|2004-03-11|1|2|6|9999|3|1||7|07|||8|58.0|165|||2||||||||||||52UZPE01152001T48MT01EBS001H083252UZPE01152001T48MT01EBS001H0832F0832|52UZPE01152001T48MT01EBS001H083252UZPE01152001T48MT01EBS001H0832F0832CC1080690369
3|2260|ANDREA|TATIANA|PEREZ|MUNOZ|CC|1004508560|2002-02-19|2|2|6|9510|3|1||7|07|||8|51.0|150|||2||||||||||||52UZPE01152001T48MT01EBS001H083252UZPE01152001T48MT01EBS001H0832F0832|52UZPE01152001T48MT01EBS001H083252UZPE01152001T48MT01EBS001H0832F0832CC1004508560
3|2261|EMILIY|BRISLEY|PERDOMO|CAMACHO|RC|1085349108|2019-04-30|2|2|3|9998|3|2||8|07|||8|21.0|123|||2||||||||||||52UZPE01152001T48MT01EBS001H083352UZPE01152001T48MT01EBS001H0833F0833|52UZPE01152001T48MT01EBS001H083352UZPE01152001T48MT01EBS001H0833F0833RC1085349108
3|2262|CINDY|BRIGITTE|CAMACHO|GONZALES|CC|10923500539|1991-10-09|2|2|5|9998|3|1||7|07|||8|62.0|157|||2||||||||||||52UZPE01152001T48MT01EBS001H083352UZPE01152001T48MT01EBS001H0833F0833|52UZPE01152001T48MT01EBS001H083352UZPE01152001T48MT01EBS001H0833F0833CC10923500539
3|2263|ANDRES|SEBASTIAN|PERDOMO|CHAMORRO|CC|10898446138|1991-11-05|1|2|2|9510|3|2||7|07|||8|98.0|187|||2||||||||||||52UZPE01152001T48MT01EBS001H083352UZPE01152001T48MT01EBS001H0833F0833|52UZPE01152001T48MT01EBS001H083352UZPE01152001T48MT01EBS001H0833F0833CC10898446138
3|2264|LUIS|JUANITO|PEREZ|NOTIENE|CC|5203116|1945-10-12|1|2|5|5169|13|1||3|07|||8|67.0|166|||2||||||||||||52UZPE01152001T48MT01EBS001H083652UZPE01152001T48MT01EBS001H0836F0836|52UZPE01152001T48MT01EBS001H083652UZPE01152001T48MT01EBS001H0836F0836CC5203116
3|2265|JAZMIN|ALEJANDRA|MUNOZ|TORRES|CC|1004288644|2000-01-15|2|2|2|9998|3|1||7|07|||8|67.0|165|||2||||||||||||52UZPE01152001T48MT02EBS001H083852UZPE01152001T48MT02EBS001H0838F0838|52UZPE01152001T48MT02EBS001H083852UZPE01152001T48MT02EBS001H0838F0838CC1004288644
3|2266|SEBASTIAN|NA|CIFUENTES|CANTICUS|CC|1020496233|1999-11-04|1|2|5|9622|3|1||7|07|||8|66.0|176|||2||||||||||||52UZPE01152001T48MT02EBS001H083852UZPE01152001T48MT02EBS001H0838F0838|52UZPE01152001T48MT02EBS001H083852UZPE01152001T48MT02EBS001H0838F0838CC1020496233
3|2267|ADIEL|NA|CIFUENTES|MUNOZ|RC|1081596399|2023-04-02|1|2|3|9998|3|1||8|07|||8|||||2||||||||||||52UZPE01152001T48MT02EBS001H083852UZPE01152001T48MT02EBS001H0838F0838|52UZPE01152001T48MT02EBS001H083852UZPE01152001T48MT02EBS001H0838F0838RC1081596399
3|2268|MARIA|EUGENIA|VELASQUEZ|CALPA|CC|27082694|1972-02-08|2|2|5|9622|2|1||7|07|||8|11.2|152|||2||||||||||||52UZPE01152001T48MT01EBS001H083952UZPE01152001T48MT01EBS001H0839F0839|52UZPE01152001T48MT01EBS001H083952UZPE01152001T48MT01EBS001H0839F0839CC27082694
3|2269|CARLOS|ALBERTO|SANTACRUZ|CASTILLO|CC|12983975|1974-09-12|1|2|5|9998|2|1||7|07|||8|82.0|175|||2||||||||||||52UZPE01152001T48MT01EBS001H083952UZPE01152001T48MT01EBS001H0839F0839|52UZPE01152001T48MT01EBS001H083952UZPE01152001T48MT01EBS001H0839F0839CC12983975
3|2270|ANAYA|VALENTINA|GUERRERO|COSTAIN|RC|1080074022|2023-10-07|2|2|3|9998|3|1||8|07|||8|||||2||||||||||||52UZPE01152001T48MT01EBS001H084152UZPE01152001T48MT01EBS001H0841F0841|52UZPE01152001T48MT01EBS001H084152UZPE01152001T48MT01EBS001H0841F0841RC1080074022
3|2271|JANETH|NA|COSTAIN|DOMINGUEZ|CC|10085336035|1997-08-03|2|2|5|9510|3|1||7|07|||8|85.0|150|||2||||||||||||52UZPE01152001T48MT01EBS001H084152UZPE01152001T48MT01EBS001H0841F0841|52UZPE01152001T48MT01EBS001H084152UZPE01152001T48MT01EBS001H0841F0841CC10085336035
3|2272|CARMEN|YOLANDA|VILLA|FIGUEROA|CC|108525252927|1986-07-08|2|2|5|9510|3|1||7|07|||8|60.0|149|||2||||||||||||52UZPE01152001T48MT01EBS001H084252UZPE01152001T48MT01EBS001H0842F0842|52UZPE01152001T48MT01EBS001H084252UZPE01152001T48MT01EBS001H0842F0842CC108525252927
3|2273|ANYELY|VALENTINA|PACHON|VILLA|TI|1085312055|2012-04-20|2|2|3|9998|3|1||1|07|||8|30.0|150|||2||||||||||||52UZPE01152001T48MT01EBS001H084252UZPE01152001T48MT01EBS001H0842F0842|52UZPE01152001T48MT01EBS001H084252UZPE01152001T48MT01EBS001H0842F0842TI1085312055
3|2274|ANTONY|JEANCAR|VILLA|FIGUEROA|CC|1081277865|2006-04-28|1|2|3|9510|3|1||7|07|||8|50.0|160|||2||||||||||||52UZPE01152001T48MT01EBS001H084252UZPE01152001T48MT01EBS001H0842F0842|52UZPE01152001T48MT01EBS001H084252UZPE01152001T48MT01EBS001H0842F0842CC1081277865
3|2275|GEMMA|NERY|BASTIDAS|MORA|CC|1082779714|1996-07-15|2|2|3|9622|3|1||7|07|||8|76.0|152|||2||||||||||||52UZPE01152001T48MT01EBS001H084352UZPE01152001T48MT01EBS001H0843F0843|52UZPE01152001T48MT01EBS001H084352UZPE01152001T48MT01EBS001H0843F0843CC1082779714
3|2276|MARIA|LUISE|MORA|BASTIDAS|CC|59793593|1964-12-25|2|2|5|9998|2|1||3|07|||8|79.0|163|||2||||||||||||52UZPE01152001T48MT01EBS001H084352UZPE01152001T48MT01EBS001H0843F0843|52UZPE01152001T48MT01EBS001H084352UZPE01152001T48MT01EBS001H0843F0843CC59793593
3|2277|OMAR|ESTEBAN|BASTIDAS|IBARRA|CC|87451688|1960-10-10|1|2|5|9510|2|1||3|07|||8|90.0|165|||2||||||||||||52UZPE01152001T48MT01EBS001H084352UZPE01152001T48MT01EBS001H0843F0843|52UZPE01152001T48MT01EBS001H084352UZPE01152001T48MT01EBS001H0843F0843CC87451688
3|2278|FRANCI|ROCIO|MUNOZ|CUASPUD|CC|59822000|1972-04-10|2|2|5|9998|3|1||7|07|||8|79.0|155|||2||||||||||||52UZPE01152001T48MT01EBS001H084452UZPE01152001T48MT01EBS001H0844F0844|52UZPE01152001T48MT01EBS001H084452UZPE01152001T48MT01EBS001H0844F0844CC59822000
3|2279|JORGE|ANTONIO|MESIAS|VELASQUEZ|CC|12992892|1967-02-28|1|2|5|9999|2|1||7|07|||8|65.0|165|||2||||||||||||52UZPE01152001T48MT01EBS001H084452UZPE01152001T48MT01EBS001H0844F0844|52UZPE01152001T48MT01EBS001H084452UZPE01152001T48MT01EBS001H0844F0844CC12992892
3|2280|DELIO|ARNULFO|MUNOZ|PASCUASA|CC|5192796|1939-07-02|1|2|5|9998|2|1||3|07|||8|60.0|161|||2||||||||||||52UZPE01152001T48MT01EBS001H084452UZPE01152001T48MT01EBS001H0844F0844|52UZPE01152001T48MT01EBS001H084452UZPE01152001T48MT01EBS001H0844F0844CC5192796
3|2281|JORGE|ANDRES|MESIAS|NA|CC|1085316895|1994-11-10|1|2|3|5169|3|1||7|07|||8|66.0|164|||2||||||||||||52UZPE01152001T48MT01EBS001H084452UZPE01152001T48MT01EBS001H0844F0844|52UZPE01152001T48MT01EBS001H084452UZPE01152001T48MT01EBS001H0844F0844CC1085316895
3|2282|ARNOLD|NA|MESIAS|NA|CC|1085269355|1988-11-02|1|2|3|9510|3|1||7|07|||8|65.0|175|||2||||||||||||52UZPE01152001T48MT01EBS001H084452UZPE01152001T48MT01EBS001H0844F0844|52UZPE01152001T48MT01EBS001H084452UZPE01152001T48MT01EBS001H0844F0844CC1085269355
3|2283|MARIA|FERNANDA|GUERRERO|ERASO|CC|1085261888|1987-08-05|2|2|5|9998|2|1||7|07|||8|78.0|154|||2||||||||||||52UZPE01152001T48MT01EBS001H084552UZPE01152001T48MT01EBS001H0845F0845|52UZPE01152001T48MT01EBS001H084552UZPE01152001T48MT01EBS001H0845F0845CC1085261888
3|2284|PAULETT|ARIANA|TIQUE|GUERRERO|TI|108006720|2017-11-12|2|2|3|9998|3|1||8|07|||8|29.0|120|||2||||||||||||52UZPE01152001T48MT01EBS001H084552UZPE01152001T48MT01EBS001H0845F0845|52UZPE01152001T48MT01EBS001H084552UZPE01152001T48MT01EBS001H0845F0845TI108006720
3|2285|GRACIELA|NOTIENE|BONILLA|ACOSTA|CC|65727249|1961-05-30|2|2|6|9998|2|2||3|07|||8|60.0|170|||2||||||||||||52UZPE01152001T48MT01EBS001H084552UZPE01152001T48MT01EBS001H0845F0845|52UZPE01152001T48MT01EBS001H084552UZPE01152001T48MT01EBS001H0845F0845CC65727249
3|2286|JESUS|HERNANDO|TIQUE|BONILLA|CC|1110458560|1987-03-12|1|2|2|5169|3|5||7|07|||8|70.0|178|||2||||||||||||52UZPE01152001T48MT01EBS001H084552UZPE01152001T48MT01EBS001H0845F0845|52UZPE01152001T48MT01EBS001H084552UZPE01152001T48MT01EBS001H0845F0845CC1110458560
3|2287|ALISON|ISABELA|MENDOZA|NOTIENE|TI|2080057810|2010-09-26|2|2|3|9998|3|1||1|07|||8|55.0|160|||2||||||||||||52UZPE01152001T48MT01EBS001H084552UZPE01152001T48MT01EBS001H0845F0845|52UZPE01152001T48MT01EBS001H084552UZPE01152001T48MT01EBS001H0845F0845TI2080057810
3|2288|MARLENY|DELCARMEN|BOTINA|NARVAEZ|CC|30742207|1965-06-30|2|2|2|9998|2|1||3|07|||8|83.0|155|||2||||||||||||52UZPE01152001T48MT01EBS001H084652UZPE01152001T48MT01EBS001H0846F0846|52UZPE01152001T48MT01EBS001H084652UZPE01152001T48MT01EBS001H0846F0846CC30742207
3|2289|ALVARO|ALFREDO|MONTILLA|MONTILLA|CC|12995433|1962-10-02|1|2|2|9510|2|1||3|07|||8|63.0|157|||2||||||||||||52UZPE01152001T48MT01EBS001H084652UZPE01152001T48MT01EBS001H0846F0846|52UZPE01152001T48MT01EBS001H084652UZPE01152001T48MT01EBS001H0846F0846CC12995433
3|2290|DEISY|PAOLA|JURADO|CARDENAS|CC|1085272886|1988-02-26|2|2|5|9510|2|1||7|07|||8|60.0|150|||2||||||||||||52UZPE01152001T48MT01EBS001H079852UZPE01152001T48MT01EBS001H0798F0798|52UZPE01152001T48MT01EBS001H079852UZPE01152001T48MT01EBS001H0798F0798CC1085272886
3|2291|ANA|RUTH|GARCES|LOPEZ|CC|59802323|1972-11-06|2|2|2|9998|2|1||7|07|||8|11.3|167|||2||||||||||||52UZPE01152001T48MT01EBS001H084752UZPE01152001T48MT01EBS001H0847F0847|52UZPE01152001T48MT01EBS001H084752UZPE01152001T48MT01EBS001H0847F0847CC59802323
3|2292|EISNER|NELCHAER|PORTILLA|CANAR|TI|1087064399|2017-06-07|1|2|3|9998|3|1||8|07|||8|31.0|129|||2||||||||||||52UZPE01152001T48MT01EBS001H084752UZPE01152001T48MT01EBS001H0847F0847|52UZPE01152001T48MT01EBS001H084752UZPE01152001T48MT01EBS001H0847F0847TI1087064399
3|2293|LIZETH|ANDREA|CANAR|GARCES|CC|1085291056|1991-04-04|2|2|3|9510|3|1||7|07|||8|69.0|165|||2||||||||||||52UZPE01152001T48MT01EBS001H084752UZPE01152001T48MT01EBS001H0847F0847|52UZPE01152001T48MT01EBS001H084752UZPE01152001T48MT01EBS001H0847F0847CC1085291056
3|2294|BRAYAN|ALEXANDER|CORDOBA|BURGOS|CC|1080048970|2007-02-03|1|2|6|9510|3|1||7|07|||8|50.0|156|||2||||||||||||52UZPE01152001T48MT01EBS001H080052UZPE01152001T48MT01EBS001H0800F0800|52UZPE01152001T48MT01EBS001H080052UZPE01152001T48MT01EBS001H0800F0800CC1080048970
3|2295|OLGA|ALEXANDRA|ERAZO|MIRAMAG|CC|1085279579|1989-12-26|2|2|5|9998|5|1||7|07|||8|51.0|149|||2||||||||||||52UZPE01152001T48MT01EBS001H084952UZPE01152001T48MT01EBS001H0849F0849|52UZPE01152001T48MT01EBS001H084952UZPE01152001T48MT01EBS001H0849F0849CC1085279579
3|2296|VALERY|CAMILA|GALLARDO|ERAZO|TI|1080060091|2011-12-22|2|2|3|9998|3|1||1|07|||8|45.0|160|||2||||||||||||52UZPE01152001T48MT01EBS001H084952UZPE01152001T48MT01EBS001H0849F0849|52UZPE01152001T48MT01EBS001H084952UZPE01152001T48MT01EBS001H0849F0849TI1080060091
3|2297|EDGAR|FERNANDO|GALLARDO|MONTILLA|CC|1085281929|1990-05-12|1|2|2|9510|3|1||7|07|||8|62.0|174|||2||||||||||||52UZPE01152001T48MT01EBS001H084952UZPE01152001T48MT01EBS001H0849F0849|52UZPE01152001T48MT01EBS001H084952UZPE01152001T48MT01EBS001H0849F0849CC1085281929
3|2298|OMAR|NOTIENE|TIMANA|GUANCHA|TI|1080056176|2009-12-12|1|2|2|9998|3|1||1|07|||8|50.0|175|||2||||||||||||52UZPE01152001T48MT01EBS001H085052UZPE01152001T48MT01EBS001H0850F0850|52UZPE01152001T48MT01EBS001H085052UZPE01152001T48MT01EBS001H0850F0850TI1080056176
3|2299|OMAR|NOTIENE|TIMANA|CUARAN|CC|12754408|1982-11-15|1|2|2|9510|2|1||7|07|||8|86.0|166|||2||||||||||||52UZPE01152001T48MT01EBS001H085052UZPE01152001T48MT01EBS001H0850F0850|52UZPE01152001T48MT01EBS001H085052UZPE01152001T48MT01EBS001H0850F0850CC12754408
3|2300|ROSA|ELENA|GUANCHA|MERCHANCANO|CC|27487794|1973-08-10|2|2|2|9998|2|1||7|07|||8|80.0|157|||2||||||||||||52UZPE01152001T48MT01EBS001H085052UZPE01152001T48MT01EBS001H0850F0850|52UZPE01152001T48MT01EBS001H085052UZPE01152001T48MT01EBS001H0850F0850CC27487794
3|2301|JESUS|NOTIENE|CEBALLOS|SUAREZ|CC|5202901|1947-12-25|1|2|6|9998|2|1||3|07|||2|77.0|170|||2||||||||||||52UZPE01152001T48MT01EBS001H085152UZPE01152001T48MT01EBS001H0851F0851|52UZPE01152001T48MT01EBS001H085152UZPE01152001T48MT01EBS001H0851F0851CC5202901
3|2302|DEIVY|SANTIAGO|MENESES|MELO|TI|1080065217|2015-11-02|1|2|3|9998|3|1||8|07|||8|30.0|110|||2||||||||||||52UZPE01152001T48MT01EBS001H085352UZPE01152001T48MT01EBS001H0853F0853|52UZPE01152001T48MT01EBS001H085352UZPE01152001T48MT01EBS001H0853F0853TI1080065217
3|2303|JALMITON|MENESES|CORDOBA|CORDOBA|CC|1004410157|1997-03-07|1|2|5|9510|3|1||7|07|||8|71.0|170|||2||||||||||||52UZPE01152001T48MT01EBS001H085352UZPE01152001T48MT01EBS001H0853F0853|52UZPE01152001T48MT01EBS001H085352UZPE01152001T48MT01EBS001H0853F0853CC1004410157
3|2304|ANGUIE|MERCEDES|MELO|BASANTES|CC|1233191993|1998-09-22|2|2|5|9998|3|1||7|07|||8|62.0|160|||2||||||||||||52UZPE01152001T48MT01EBS001H085352UZPE01152001T48MT01EBS001H0853F0853|52UZPE01152001T48MT01EBS001H085352UZPE01152001T48MT01EBS001H0853F0853CC1233191993
3|2305|ISAC|FELIPE|MELO|BASANTE|RC|1081068584|2023-12-09|1|2|3|9998|3|1||8|07|||8|||||2||||||||||||52UZPE01152001T48MT01EBS001H085352UZPE01152001T48MT01EBS001H0853F0853|52UZPE01152001T48MT01EBS001H085352UZPE01152001T48MT01EBS001H0853F0853RC1081068584
3|2306|GEOVAN|DUBERNEY|CARDENAS|DORADO|CC|10042169331|2003-01-25|1|2|2|9510|3|1||6|07|||8|57.0|157|||2||||||||||||52UZPE01152001T48MT01EBS001H085252UZPE01152001T48MT01EBS001H0852F0852|52UZPE01152001T48MT01EBS001H085252UZPE01152001T48MT01EBS001H0852F0852CC10042169331
3|2307|ESTEFANY|PAOLA|CANCHALA|GOMEZ|CC|1080040182|2004-08-10|2|2|2|9998|3|1||6|07|||8|69.0|150|||2||||||||||||52UZPE01152001T48MT01EBS001H085252UZPE01152001T48MT01EBS001H0852F0852|52UZPE01152001T48MT01EBS001H085252UZPE01152001T48MT01EBS001H0852F0852CC1080040182
3|2308|JOSE|FRANCISCO|GONZALEZ|CAUZA|CC|12253458|1957-06-03|1|2|5|9622|2|1||3|07|||8|63.0|165|||2||||||||||||52UZPE01152001T48MT01EBS001H085752UZPE01152001T48MT01EBS001H0857F0857|52UZPE01152001T48MT01EBS001H085752UZPE01152001T48MT01EBS001H0857F0857CC12253458
3|2309|LIBIA|ESPERANZA|ROSERO|MELO|CC|59817720|1971-12-03|1|2|2|9998|3|1||7|07|||8|50.0|155|||2||||||||||||52UZPE01152001T48MT01EBS001H085752UZPE01152001T48MT01EBS001H0857F0857|52UZPE01152001T48MT01EBS001H085752UZPE01152001T48MT01EBS001H0857F0857CC59817720
3|2310|VALLOLETH|SARAI|BASANTE|PARRA|TI|1080065245|2015-11-02|2|2|3|9998|3|1||8|07|||8|30.0|110|||2||||||||||||52UZPE01152001T48MT01EBS001H085852UZPE01152001T48MT01EBS001H0858F0858|52UZPE01152001T48MT01EBS001H085852UZPE01152001T48MT01EBS001H0858F0858TI1080065245
3|2311|JESSI|CAROLINA|BASANTE|BASANTE|CC|1085316472|1994-10-25|2|2|5|9510|3|1||7|07|||8|60.0|150|||2||||||||||||52UZPE01152001T48MT01EBS001H085852UZPE01152001T48MT01EBS001H0858F0858|52UZPE01152001T48MT01EBS001H085852UZPE01152001T48MT01EBS001H0858F0858CC1085316472
3|2312|JOHAN|ARBEY|SANTACRUZ|MALPUD|TI|1030001260|2013-06-20|1|2|3|9998|3|1||1|07|||8|45.0|144|||2||||||||||||52UZPE01152001T48MT01EBS001H084052UZPE01152001T48MT01EBS001H0840F0840|52UZPE01152001T48MT01EBS001H084052UZPE01152001T48MT01EBS001H0840F0840TI1030001260
3|2313|MARIA|TEOTISTE|MALPUD|MARQUEZ|CC|37086534|1991-10-05|2|2|5|9622|5|1||7|07|||8|87.0|165|||2||||||||||||52UZPE01152001T48MT01EBS001H084052UZPE01152001T48MT01EBS001H0840F0840|52UZPE01152001T48MT01EBS001H084052UZPE01152001T48MT01EBS001H0840F0840CC37086534
3|2314|NEYMAR|ALEXANDER|SANTACRUZ|MALPUD|TI|1085342473|2016-09-30|1|2|3|9998|3|1||8|07|||8|29.0|125|||2||||||||||||52UZPE01152001T48MT01EBS001H084052UZPE01152001T48MT01EBS001H0840F0840|52UZPE01152001T48MT01EBS001H084052UZPE01152001T48MT01EBS001H0840F0840TI1085342473
3|2315|JESUS|ARMANDODO|CUASPUD|ASCUNTAR|CC|52063348|1970-09-10|1|2|2|9510|2|1||7|07|||8|70.0|167|||2||||||||||||52UZPE01152001T48MT01EBS001H085952UZPE01152001T48MT01EBS001H0859F0859|52UZPE01152001T48MT01EBS001H085952UZPE01152001T48MT01EBS001H0859F0859CC52063348
3|2316|MARIBEL|NOTIENE|ARGOTY|SANTANDER|CC|59830343|1973-10-25|2|2|2|9510|2|1||7|07|||8|94.0|151|||2||||||||||||52UZPE01152001T48MT01EBS001H085952UZPE01152001T48MT01EBS001H0859F0859|52UZPE01152001T48MT01EBS001H085952UZPE01152001T48MT01EBS001H0859F0859CC59830343
3|2317|ANDRES|FELIPE|POVEDA|ARGOTY|CC|1085310209|1993-10-13|1|2|6|9510|2|1||7|07|||8|60.0|160|||2||||||||||||52UZPE01152001T48MT01EBS001H085952UZPE01152001T48MT01EBS001H0859F0859|52UZPE01152001T48MT01EBS001H085952UZPE01152001T48MT01EBS001H0859F0859CC1085310209
3|2318|JUDITH|MARLENY|BASTIDAS|DELGADO|CC|59825341|1974-07-08|2|2|2|9510|2|1||7|07|||8|90.0|155|||2||||||||||||52UZPE01152001T48MT01EBS001H086052UZPE01152001T48MT01EBS001H0860F0860|52UZPE01152001T48MT01EBS001H086052UZPE01152001T48MT01EBS001H0860F0860CC59825341
3|2319|CNDY|ALEJANDRA|GONZALEZ|ROSERO|CC|1004134134|1998-07-31|2|2|3|9998|5|1||7|07|||8|50.0|158|||2||||||||||||52UZPE01152001T48MT01EBS001H085452UZPE01152001T48MT01EBS001H0854F0854|52UZPE01152001T48MT01EBS001H085452UZPE01152001T48MT01EBS001H0854F0854CC1004134134
3|2320|TIAGO|NOTIENE|ALVAREZ|GONZALEZ|RC|1031859770|2022-03-28|2|2|3|9998|3|2||8|07|||8|||||2||||||||||||52UZPE01152001T48MT01EBS001H085452UZPE01152001T48MT01EBS001H0854F0854|52UZPE01152001T48MT01EBS001H085452UZPE01152001T48MT01EBS001H0854F0854RC1031859770
3|2321|ADALBERTO|EDMUNDO|GALINDEZ|PEREZ|CC|12970307|1953-07-03|1|2|1|9998|2|1||3|07|||8|70.0|165|||2||||||||||||52UZPE01152001T48MT01EBS001H086152UZPE01152001T48MT01EBS001H0861F0861|52UZPE01152001T48MT01EBS001H086152UZPE01152001T48MT01EBS001H0861F0861CC12970307
3|2322|MERY|LUCRECIA|ROMO|DEGALINDEZ|CC|30714042|1956-06-06|2|2|2|9998|2|1||3|07|||8|77.0|160|||2||||||||||||52UZPE01152001T48MT01EBS001H086152UZPE01152001T48MT01EBS001H0861F0861|52UZPE01152001T48MT01EBS001H086152UZPE01152001T48MT01EBS001H0861F0861CC30714042
3|2323|YOLANDA|KATHERINE|ROSERO|MELO|CC|1085304998|1993-04-15|2|2|5|9622|5|1||7|07|||8|66.0|159|||2||||||||||||52UZPE01152001T48MT01EBS001H085552UZPE01152001T48MT01EBS001H0855F0855|52UZPE01152001T48MT01EBS001H085552UZPE01152001T48MT01EBS001H0855F0855CC1085304998
3|2324|HELLEN|GINETH|CASANOVA|ROSERO|TI|1080697225|2012-01-02|2|2|3|9998|3|1||1|07|||8|60.0|160|||2||||||||||||52UZPE01152001T48MT01EBS001H085552UZPE01152001T48MT01EBS001H0855F0855|52UZPE01152001T48MT01EBS001H085552UZPE01152001T48MT01EBS001H0855F0855TI1080697225
3|2325|CRISTIAN|DAVID|CORTEZ|ORDONEZ|CC|1087793647|2006-09-02|1|2|6|9998|3|1||7|07|||8|51.0|161|||2||||||||||||52UZPE01152001T48MT01EBS001H085652UZPE01152001T48MT01EBS001H0856F0856|52UZPE01152001T48MT01EBS001H085652UZPE01152001T48MT01EBS001H0856F0856CC1087793647
3|2326|JOFRE|NA|CASTILLO|CORTEZ|CC|1087137363|2007-05-02|1|2|6|9998|2|1||7|07|||8|62.0|181|||2||||||||||||52UZPE01152001T48MT01EBS001H085652UZPE01152001T48MT01EBS001H0856F0856|52UZPE01152001T48MT01EBS001H085652UZPE01152001T48MT01EBS001H0856F0856CC1087137363
3|2327|MARIA|MERCEDES|ALPALA|NOTIENE|CC|41636787|1953-10-06|2|2|1|9622|3|2||3|07|||8|57.0|149|||2||||||||||||52UZPE01152001T48MT01EBS001H086252UZPE01152001T48MT01EBS001H0862F0862|52UZPE01152001T48MT01EBS001H086252UZPE01152001T48MT01EBS001H0862F0862CC41636787
3|2328|ALISON|SOFIA|BOTINA|ALPALA|TI|10051825|2008-04-17|2|2|3|9998|3|1||1|07|||8|59.0|155|||2||||||||||||52UZPE01152001T48MT01EBS001H086352UZPE01152001T48MT01EBS001H0863F0863|52UZPE01152001T48MT01EBS001H086352UZPE01152001T48MT01EBS001H0863F0863TI10051825
3|2329|ANIBAL|ARTEMIO|ALPALA|NA|CC|129782263|1963-05-23|1|2|6|9998|2|5||3|07|||8|79.0|163|||2||||||||||||52UZPE01152001T48MT01EBS001H086352UZPE01152001T48MT01EBS001H0863F0863|52UZPE01152001T48MT01EBS001H086352UZPE01152001T48MT01EBS001H0863F0863CC129782263
3|2330|OSBALDO|ALEXANDER|BOTINA|NA|CC|1085251394|1986-06-12|1|2|5|9510|3|1||7|07|||8|83.0|168|||2||||||||||||52UZPE01152001T48MT01EBS001H086352UZPE01152001T48MT01EBS001H0863F0863|52UZPE01152001T48MT01EBS001H086352UZPE01152001T48MT01EBS001H0863F0863CC1085251394
3|2331|YENNI|JAZMIIN|ALPALA|NA|CC|1085271406|1989-02-22|2|2|5|9998|3|1||7|07|||8|75.5|156|||2||||||||||||52UZPE01152001T48MT01EBS001H086352UZPE01152001T48MT01EBS001H0863F0863|52UZPE01152001T48MT01EBS001H086352UZPE01152001T48MT01EBS001H0863F0863CC1085271406
3|2332|JESUS|AUDELO|PANTOJA|LOPEZ|CC|13062029|1962-12-13|1|2|2|9998|2|2||3|07|||8|79.0|169|||2||||||||||||52UZPE01152001T48MT01EBS001H086452UZPE01152001T48MT01EBS001H0864F0864|52UZPE01152001T48MT01EBS001H086452UZPE01152001T48MT01EBS001H0864F0864CC13062029
3|2333|ESTHER|GRACIELA|VELASQUEZ|CHAUCANES|CC|27542428|1958-10-05|2|2|2|9998|2|2||3|07|||8|57.0|153|||2||||||||||||52UZPE01152001T48MT01EBS001H086452UZPE01152001T48MT01EBS001H0864F0864|52UZPE01152001T48MT01EBS001H086452UZPE01152001T48MT01EBS001H0864F0864CC27542428
3|2334|PAOLA|ALEXANDRA|GOMEZ|NA|CC|1085306825|1993-05-01|2|2|5|9998|3|1||7|07|||8|50.0|153|||2||||||||||||52UZPE01152001T48MT01EBS001H086552UZPE01152001T48MT01EBS001H0865F0865|52UZPE01152001T48MT01EBS001H086552UZPE01152001T48MT01EBS001H0865F0865CC1085306825
3|2335|JOSE|MAURICIO|OJEDA|OJEDA|CC|1085686037|1985-05-28|1|2|2|5169|7|2||7|07|||8|77.0|161|||2||||||||||||52UZPE01152001T48MT01EBS001H086652UZPE01152001T48MT01EBS001H0866F0866|52UZPE01152001T48MT01EBS001H086652UZPE01152001T48MT01EBS001H0866F0866CC1085686037
3|2336|ANYELINE|LORENA|MARTINEZ|DIAZ|CC|1085686266|1986-08-30|2|2|2|9998|3|2||7|07|||8|89.0|160|||2||||||||||||52UZPE01152001T48MT01EBS001H086652UZPE01152001T48MT01EBS001H0866F0866|52UZPE01152001T48MT01EBS001H086652UZPE01152001T48MT01EBS001H0866F0866CC1085686266
3|2337|NERCY|MARIELA|CORDOBA|MUNOZ|CC|36952628|1980-06-02|2|2|1|9510|2|1||7|07|||8|76.0|149|||2||||||||||||52UZPE01152001T48MT01EBS001H086752UZPE01152001T48MT01EBS001H0867F0867|52UZPE01152001T48MT01EBS001H086752UZPE01152001T48MT01EBS001H0867F0867CC36952628
3|2338|JUAN|JOSE|SOLARTE|SOLARTE|TI|1080051200|2008-01-23|1|2|3|9998|3|1||1|07|||8|70.0|166|||2||||||||||||52UZPE01152001T48MT01EBS001H086852UZPE01152001T48MT01EBS001H0868F0868|52UZPE01152001T48MT01EBS001H086852UZPE01152001T48MT01EBS001H0868F0868TI1080051200
3|2339|MALYN|JIRETH|RAMOS|SOLARTE|TI|1080065135|2015-10-10|2|2|3|9998|3|5||8|07|||8|39.0|142|||2||||||||||||52UZPE01152001T48MT01EBS001H086852UZPE01152001T48MT01EBS001H0868F0868|52UZPE01152001T48MT01EBS001H086852UZPE01152001T48MT01EBS001H0868F0868TI1080065135
3|2340|FANY|LUZDARY|SOLARTE|NARVAEZ|CC|1086694861|1986-08-06|2|2|1|9998|2|1||7|07|||8|81.0|153|||2||||||||||||52UZPE01152001T48MT01EBS001H086852UZPE01152001T48MT01EBS001H0868F0868|52UZPE01152001T48MT01EBS001H086852UZPE01152001T48MT01EBS001H0868F0868CC1086694861
3|2341|JOSE|CRISTOBAL|DEJOY|RUIZ|CC|12990317|1967-01-23|1|2|6|9510|2|1||7|07|||8|58.0|152|||2||||||||||||52UZPE01152001T48MT01EBS001H086952UZPE01152001T48MT01EBS001H0869F0869|52UZPE01152001T48MT01EBS001H086952UZPE01152001T48MT01EBS001H0869F0869CC12990317
3|2342|TANIA|CAROLINA|FIGUEROA|BENAVIDES|CC|1085270068|1988-10-25|2|2|4|9622|5|1||7|07|||8|65.0|163|||2||||||||||||52UZPE01152001T48MT01EBS001H087052UZPE01152001T48MT01EBS001H0870F0870|52UZPE01152001T48MT01EBS001H087052UZPE01152001T48MT01EBS001H0870F0870CC1085270068
3|2343|GEMA|ESPERANZA|CULTID|DETITICUAN|CC|27230922|1945-11-25|2|2|5|9998|2|1||3|07|||8|56.0|152|||2||||||||||||52UZPE01152001T48MT01EBS001H087152UZPE01152001T48MT01EBS001H0871F0871|52UZPE01152001T48MT01EBS001H087152UZPE01152001T48MT01EBS001H0871F0871CC27230922
3|2344|DEISY|VIVIANA|RAMIREZ|CORAL|CC|1004595921|2000-01-31|2|2|6|9622|5|2||7|01|||8|62.0|160|||2||||||||||||52UZPE01152001T48MT01EBS001H087252UZPE01152001T48MT01EBS001H0872F0872|52UZPE01152001T48MT01EBS001H087252UZPE01152001T48MT01EBS001H0872F0872CC1004595921
3|2345|JOSE|GUILLERMO|LOPEZ|NOTIENE|CC|16683061|1963-03-09|1|2|5|9622|2|2||3|07|||8|88.0|162|||2||||||||||||52UZPE01152001T48MT01EBS001H087352UZPE01152001T48MT01EBS001H0873F0873|52UZPE01152001T48MT01EBS001H087352UZPE01152001T48MT01EBS001H0873F0873CC16683061
3|2346|MARIA|DELSOCORRO|IMBAQUIN|NOTIENE|CC|30723076|1960-08-01|2|2|5|9999|3|2||3|07|||8|48.0|145|||2||||||||||||52UZPE01152001T48MT01EBS001H087352UZPE01152001T48MT01EBS001H0873F0873|52UZPE01152001T48MT01EBS001H087352UZPE01152001T48MT01EBS001H0873F0873CC30723076
3|2347|GALDIS|DELSOCORRO|ARCINIEGAS|MUESES|CC|59827132|1969-04-20|2|2|5|9622|2|1||7|07|||8|65.0|145|||2||||||||||||52UZPE01152001T48MT01EBS001H087552UZPE01152001T48MT01EBS001H0875F0875|52UZPE01152001T48MT01EBS001H087552UZPE01152001T48MT01EBS001H0875F0875CC59827132
3|2348|MARIA|EUDOCIA|PAZ|MONTES|CC|30719219|1957-05-16|2|2|4|9622|2|1||3|07|||8|65.0|163|||2||||||||||||52UZPE01152001T48MT01EBS001H022752UZPE01152001T48MT01EBS001H0227F0227|52UZPE01152001T48MT01EBS001H022752UZPE01152001T48MT01EBS001H0227F0227CC30719219
3|2349|ELIZABETH|MARCELA|LOPEZ|IMBAQUIN|CC|1085272172|1989-02-14|2|2|5|9998|2|1||7|07|||8|62.0|148|||2||||||||||||52UZPE01152001T48MT01EBS001H087452UZPE01152001T48MT01EBS001H0874F0874|52UZPE01152001T48MT01EBS001H087452UZPE01152001T48MT01EBS001H0874F0874CC1085272172
3|2350|MARIA|ALEJANDRINA|AREVALO|ROSERO|CC|30737530|1963-02-25|2|2|5|9998|2|2||3|07|||8|60.0|153|||2||||||||||||52UZPE01152001T48MT01EBS001H087652UZPE01152001T48MT01EBS001H0876F0876|52UZPE01152001T48MT01EBS001H087652UZPE01152001T48MT01EBS001H0876F0876CC30737530
3|2351|RITO|ANTONIO|NASPIRAN|MECHANCANO|CC|12966133|1957-03-03|1|2|2|5169|3|2||3|07|||8|70.0|178|||2||||||||||||52UZPE01152001T48MT01EBS001H087652UZPE01152001T48MT01EBS001H0876F0876|52UZPE01152001T48MT01EBS001H087652UZPE01152001T48MT01EBS001H0876F0876CC12966133
3|2352|OMAR|ALFONSO|VILLOTA|CORDOBA|CC|1085328884|1996-05-08|1|2|6|9998|5|2||7|07|||8|60.0|159|||2||||||||||||52UZPE01152001T48MT01EBS001H087752UZPE01152001T48MT01EBS001H0877F0877|52UZPE01152001T48MT01EBS001H087752UZPE01152001T48MT01EBS001H0877F0877CC1085328884
3|2353|MARIO|LUAN|VILLOTA|TIMANA|TI|1080062263|2013-07-17|1|2|3|9998|3|1||1|07|||8|45.0|146|||2||||||||||||52UZPE01152001T48MT01EBS001H087752UZPE01152001T48MT01EBS001H0877F0877|52UZPE01152001T48MT01EBS001H087752UZPE01152001T48MT01EBS001H0877F0877TI1080062263
3|2354|STEPHANNY|CATHERINE|TIMANA|BENAVIDES|CC|1085306870|1993-08-22|2|2|5|9622|5|1||7|07|||8|61.0|157|||2||||||||||||52UZPE01152001T48MT01EBS001H087752UZPE01152001T48MT01EBS001H0877F0877|52UZPE01152001T48MT01EBS001H087752UZPE01152001T48MT01EBS001H0877F0877CC1085306870
3|2355|RITO|FERNEY|NASPIRAN|AREBALO|CC|1085278519|1990-01-06|1|2|5|9622|5|1||7|07|||8|75.0|182|||2||||||||||||52UZPE01152001T48MT01EBS001H087852UZPE01152001T48MT01EBS001H0878F0878|52UZPE01152001T48MT01EBS001H087852UZPE01152001T48MT01EBS001H0878F0878CC1085278519
3|2356|THOMAS|JOSUE|NASPIRAN|DELACRUZ|RC|1081067119|2020-12-25|1|2|3|9998|3|1||8|07|||8|18.0|105|||2||||||||||||52UZPE01152001T48MT01EBS001H087852UZPE01152001T48MT01EBS001H0878F0878|52UZPE01152001T48MT01EBS001H087852UZPE01152001T48MT01EBS001H0878F0878RC1081067119
3|2357|ROSA|LAURA|RUIZ|DEMUESES|CC|30702214|1951-10-20|2|2|5|9622|13|1||3|07|||8|56.0|146|||2||||||||||||52UZPE01152001T48MT01EBS001H087952UZPE01152001T48MT01EBS001H0879F0879|52UZPE01152001T48MT01EBS001H087952UZPE01152001T48MT01EBS001H0879F0879CC30702214
3|2358|GLORIA|LEYDIANA|LERMA|RODRIGUEZ|CC|66819045|1969-01-10|2|2|5|9998|2|1||7|07|||8|60.0|155|||2||||||||||||52UZPE01152001T48MT01EBS001H088052UZPE01152001T48MT01EBS001H0880F0880|52UZPE01152001T48MT01EBS001H088052UZPE01152001T48MT01EBS001H0880F0880CC66819045
3|2359|ABRAHAM|ISAAC|SANTANDER|LERMA|CC|1004509170|2003-05-07|1|2|3|9998|13|1||7|07|||8|65.0|169|||2||||||||||||52UZPE01152001T48MT01EBS001H088052UZPE01152001T48MT01EBS001H0880F0880|52UZPE01152001T48MT01EBS001H088052UZPE01152001T48MT01EBS001H0880F0880CC1004509170
3|2360|JULIA|ELVIRA|MONTILLA|DESALAZAR|CC|27075779|1947-11-14|2|2|5|9622|2|2||3|07|||8|52.0|160|||2||||||||||||52UZPE01152001T48MT01EBS001H088152UZPE01152001T48MT01EBS001H0881F0881|52UZPE01152001T48MT01EBS001H088152UZPE01152001T48MT01EBS001H0881F0881CC27075779
3|2361|FIDENCIO|JOSE|BRAVO|SALAZAR|CC|5200611|1942-06-06|1|2|5|9622|2|2||3|07|||8|80.0|172|||2||||||||||||52UZPE01152001T48MT01EBS001H088152UZPE01152001T48MT01EBS001H0881F0881|52UZPE01152001T48MT01EBS001H088152UZPE01152001T48MT01EBS001H0881F0881CC5200611
3|2362|AIDE|PATRICIA|BURBANO|CANTUCA|CC|36754080|1978-11-02|2|2|5|9622|2|1||7|07|||8|68.0|152|||2||||||||||||52UZPE01152001T48MT01EBS001H088252UZPE01152001T48MT01EBS001H0882F0882|52UZPE01152001T48MT01EBS001H088252UZPE01152001T48MT01EBS001H0882F0882CC36754080
3|2363|GIOVANY|HERMO|SANTACRUZ|ORTEGA|CC|13072731|1977-12-25|1|2|5|9622|5|1||7|07|||8|67.0|171|||2||||||||||||52UZPE01152001T48MT01EBS001H088252UZPE01152001T48MT01EBS001H0882F0882|52UZPE01152001T48MT01EBS001H088252UZPE01152001T48MT01EBS001H0882F0882CC13072731
3|2364|JUAN|CARLOS|DELGADO|BURBANO|CC|1085339286|1997-09-03|1|2|3|9510|5|1||7|07|||8|60.0|170|||2||||||||||||52UZPE01152001T48MT01EBS001H088252UZPE01152001T48MT01EBS001H0882F0882|52UZPE01152001T48MT01EBS001H088252UZPE01152001T48MT01EBS001H0882F0882CC1085339286
3|2365|YUDY|DELCARMEN|SANTACRUZ|ZAMBRANO|CC|59825239|1972-11-20|2|2|5|9510|3|1||7|07|||8|52.0|154|||2||||||||||||52UZPE01152001T48MT01EBS001H088352UZPE01152001T48MT01EBS001H0883F0883|52UZPE01152001T48MT01EBS001H088352UZPE01152001T48MT01EBS001H0883F0883CC59825239
3|2366|YUDY|GABRIELA|MONCAYO|SANTACRUZ|CC|1085346635|1999-08-02|2|2|3|9998|5|1||7|07|||8|56.0|158|||2||||||||||||52UZPE01152001T48MT01EBS001H088352UZPE01152001T48MT01EBS001H0883F0883|52UZPE01152001T48MT01EBS001H088352UZPE01152001T48MT01EBS001H0883F0883CC1085346635
3|2367|MARIA|AUDELIA|DIAZ|DIAZ|CC|27421613|1937-12-31|2|2|5|9998|2|1||3|07|||8|46.0|148|||2||||||||||||52UZPE01152001T48MT01EBS001H088452UZPE01152001T48MT01EBS001H0884F0884|52UZPE01152001T48MT01EBS001H088452UZPE01152001T48MT01EBS001H0884F0884CC27421613