1|NI|900091143|2025-12-08|2025-12-08|1351
2|1|1|52|UZPE011|52001|T47|MT03|CARLOS PIZARRO|MANZANAFCASA9|-77.262517|1.218333||52UZPE01152001T47MT03EBS001H0001|52UZPE01152001T47MT03EBS001H0001F0001|1|2|2|2|52UZPE01152001T47MT03EBS001|900091143|CC|1085300095|AUXILIARDEENFERMERIA|52UZPE01152001T47MT03EBS001H0001F0001CF001|2024-08-13|1||1||3||1||2|2|11|5|3|2|8||2|13|0||1||1||1||1||2|2|3|2|1|1|2|2|2|2|2|2|2||2|2|1|1||9||1|2|2|1|1|1|2|2|1|52UZPE01152001T47MT03EBS001H000152UZPE01152001T47MT03EBS001H0001F0001
2|2|1|52|UZPE011|52001|T47|MT03|CARLOS PIZARRO|MANZANAFCASA9|-77.262517|1.218333||52UZPE01152001T47MT03EBS001H0002|52UZPE01152001T47MT03EBS001H0002F0002|1|2|2|2|52UZPE01152001T47MT03EBS001|900091143|CC|1085300095|AUXILIARDEENFERMERIA|52UZPE01152001T47MT03EBS001H0002F0002CF002|2024-08-13|1||1||3||1||2|2|11|5|2|2|8||2|13|0||1||1||1||1||7|1|3|3|1|1|3|2|2|2|2|2|2||2|2|1|1||9||1|2|2|1|1|1|2|2|1|52UZPE01152001T47MT03EBS001H000252UZPE01152001T47MT03EBS001H0002F0002
2|3|1|52|UZPE011|52001|T47|MT03|CARLOS PIZARRO|MANZANAECASA6|-77.262585|1.21909||52UZPE01152001T47MT03EBS001H0003|52UZPE01152001T47MT03EBS001H0003F0003|1|1|1|1|52UZPE01152001T47MT03EBS001|900091143|CC|1233189234|AUXILIARDEENFERMERIA|52UZPE01152001T47MT03EBS001H0003F0003CF003|2024-08-13|4||1||3||4||1|2|11|5|3|1|20||2|13|0||1||1||1||1||7|1|3|1|1|1|2|2|2|2|2|2|2||2|2|1|1||9||1|2|2|1|1|1|2|2|1|52UZPE01152001T47MT03EBS001H000352UZPE01152001T47MT03EBS001H0003F0003
2|4|1|52|UZPE011|52001|T47|MT03|CARLOS PIZARRO|MANZANCCASA8|-77.262242|1.218451||52UZPE01152001T47MT03EBS001H0004|52UZPE01152001T47MT03EBS001H0004F0004|1|2|2|1|52UZPE01152001T47MT03EBS001|900091143|CC|1085300095|AUXILIARDEENFERMERIA|52UZPE01152001T47MT03EBS001H0004F0004CF004|2024-08-13|1||1||3||1||1|2|11|4|2|2|20||2|13|0||1||1||1||1||7|1|3|3|1|1|1|2|2|2|2|2|2||2|2|1|1||9||1|2|2|1|1|1|2|2|1|52UZPE01152001T47MT03EBS001H000452UZPE01152001T47MT03EBS001H0004F0004
2|5|1|52|UZPE011|52001|T47|MT03|CARLOS PIZARRO|MANZANCCASA8|-77.262242|1.218451||52UZPE01152001T47MT03EBS001H0005|52UZPE01152001T47MT03EBS001H0005F0005|1|2|2|1|52UZPE01152001T47MT03EBS001|900091143|CC|1085300095|AUXILIARDEENFERMERIA|52UZPE01152001T47MT03EBS001H0005F0005CF005|2024-08-13|1||1||3||1||1|2|11|4|3|2|20||2|13|0||1||1||1||1||2|2|3|2|1|1|1|2|2|2|2|2|2||2|2|1|2||9||1|2|2|1|1|1|2|2|1|52UZPE01152001T47MT03EBS001H000552UZPE01152001T47MT03EBS001H0005F0005
2|6|1|52|UZPE011|52001|T47|MT03|CARLOS PIZARRO|MNZECS6LASORQUIDEAS|-77.262585|1.21909||52UZPE01152001T47MT03EBS001H0006|52UZPE01152001T47MT03EBS001H0006F0006|1|1|1|2|52UZPE01152001T47MT03EBS001|900091143|CC|1233189234|AUXILIARDEENFERMERIA|52UZPE01152001T47MT03EBS001H0006F0006CF006|2024-08-13|4||1||3||4||2|2|11|5|3|1|20||1|13|0||1||1||1||1||2|2|3|1|1|1|1|2|2|2|2|2|2||2|2|1|1||9||1|2|2|1|1|1|2|2|1|52UZPE01152001T47MT03EBS001H000652UZPE01152001T47MT03EBS001H0006F0006
2|7|1|52|UZPE011|52001|T47|MT03|CARLOS PIZARRO|MANZCCASA8ORQUIDIAS|-77.26223|1.21874||52UZPE01152001T47MT03EBS001H0007|52UZPE01152001T47MT03EBS001H0007F0007|1|1|1|3|52UZPE01152001T47MT03EBS001|900091143|CC|1193385397|AUXILIARENFERMERIA|52UZPE01152001T47MT03EBS001H0007F0007CF007|2024-08-13|1||1||3||1||2|2|11|4|3|2|20||2|13|0||1||1||1||1||1|3|3|1|1|1|1|2|2|2|2|2|2||2|2|2|1||9||2|2|2|1|1|1|2|2|1|52UZPE01152001T47MT03EBS001H000752UZPE01152001T47MT03EBS001H0007F0007
2|8|1|52|UZPE011|52001|T47|MT03|CARLOS PIZARRO|MANZANABCASA16|-77.262088|1.218538||52UZPE01152001T47MT03EBS001H0008|52UZPE01152001T47MT03EBS001H0008F0008|1|1|1|3|52UZPE01152001T47MT03EBS001|900091143|CC|1233189234|AUXILIARDEENFERMERIA|52UZPE01152001T47MT03EBS001H0008F0008CF008|2024-08-13|1||1||3||1||2|2|11|5|3|1|20||2|13|0||1||1||1||1||2|3|3|1|1|1|1|2|2|2|2|2|2||2|2|1|2||9||1|2|2|1|1|1|2|2|1|52UZPE01152001T47MT03EBS001H000852UZPE01152001T47MT03EBS001H0008F0008
2|9|1|52|UZPE011|52001|T47|MT03|CARLOS PIZARRO|MANZCCASAN4LASORQUIDEAS|-77.262083|1.218528||52UZPE01152001T47MT03EBS001H0009|52UZPE01152001T47MT03EBS001H0009F0009|1|1|1|1|52UZPE01152001T47MT03EBS001|900091143|CC|1193385397|AUXILIARENFERMERIA|52UZPE01152001T47MT03EBS001H0009F0009CF009|2024-08-13|1||1||3||1||1|2|11|1|3|2|20||2|13|0||1||1||1||1||7|1|3|1|1|1|1|2|2|2|2|2|2||2|2|2|1||9||2|2|2|1|1|1|2|2|1|52UZPE01152001T47MT03EBS001H000952UZPE01152001T47MT03EBS001H0009F0009
2|10|1|52|UZPE011|52001|T47|MT03|CARLOS PIZARRO|MANZANABCASA16LASORQUIDEAS|-77.262088|1.218538||52UZPE01152001T47MT03EBS001H0010|52UZPE01152001T47MT03EBS001H0010F0010|1|1|1|1|52UZPE01152001T47MT03EBS001|900091143|CC|1233189234|AUXILIARDEENFERMERIA|52UZPE01152001T47MT03EBS001H0010F0010CF010|2024-08-13|1||1||3||4||1|2|11|5|3|1|20||2|13|0||1||1||1||1||7|1|3|1|1|1|2|2|2|2|2|2|2||2|2|1|1||9||1|2|2|1|1|1|2|2|1|52UZPE01152001T47MT03EBS001H001052UZPE01152001T47MT03EBS001H0010F0010
2|11|1|52|UZPE011|52001|T47|MT03|CARLOS PIZARRO|CASA9|-77.262065|1.218719||52UZPE01152001T47MT03EBS001H0011|52UZPE01152001T47MT03EBS001H0011F0011|1|1|1|3|52UZPE01152001T47MT03EBS001|900091143|CC|1081272025|AUXILIARDEENFERMERIA|52UZPE01152001T47MT03EBS001H0011F0011CF011|2024-08-13|1||1||3||4||2|2|11|5|3|2|20||1|13|0||1||1||1||1||1|3|3|1|1|1|1|2|2|2|2|2|2||2|2|1|1||9||1|2|2|1|1|1|2|2|1|52UZPE01152001T47MT03EBS001H001152UZPE01152001T47MT03EBS001H0011F0011
2|12|1|52|UZPE011|52001|T47|MT03|CARLOS PIZARRO|MZFCASA12LASORQUIDEAS|-77.262461|1.218295||52UZPE01152001T47MT03EBS001H0012|52UZPE01152001T47MT03EBS001H0012F0012|1|1|1|3|52UZPE01152001T47MT03EBS001|900091143|CC|36752202|AUXILIARDEENFERMERIA|52UZPE01152001T47MT03EBS001H0012F0012CF012|2024-08-13|1||1||3||4||2|2|11|5|2|2|20||2|13|0||1||1||1||1||1|3|3|1|1|1|1|2|2|2|2|2|2||2|2|1|2||9||1|2|2|1|1|1|2|2|1|52UZPE01152001T47MT03EBS001H001252UZPE01152001T47MT03EBS001H0012F0012
2|13|1|52|UZPE011|52001|T47|MT03|CARLOS PIZARRO|MANZBCASA14LASORQUIDEAZ|-77.261941|1.218525||52UZPE01152001T47MT03EBS001H0013|52UZPE01152001T47MT03EBS001H0013F0013|1|1|1|2|52UZPE01152001T47MT03EBS001|900091143|CC|1193385397|AUXILIARENFERMERIA|52UZPE01152001T47MT03EBS001H0013F0013CF013|2024-08-13|1||1||3||1||1|2|11|5|3|2|20||2|13|0||1||1||1||1||1|4|3|1|1|1|1|2|2|2|2|2|2||2|2|2|2||9||2|2|2|1|1|1|2|2|1|52UZPE01152001T47MT03EBS001H001352UZPE01152001T47MT03EBS001H0013F0013
2|14|1|52|UZPE011|52001|T47|MT03|CARLOS PIZARRO|MZCCASA10LASORQUIDEAS|-77.262768|1.217915||52UZPE01152001T47MT03EBS001H0014|52UZPE01152001T47MT03EBS001H0014F0014|1|2|2|4|52UZPE01152001T47MT03EBS001|900091143|CC|36752202|AUXILIARDEENFERMERIA|52UZPE01152001T47MT03EBS001H0014F0014CF014|2024-08-13|4||1||3||1||2|2|11|5|2|2|20||2|13|0||1||1||1||1||2|3|3|1|1|1|1|2|2|2|2|2|2||2|2|1|2||9||1|2|2|1|1|1|2|2|1|52UZPE01152001T47MT03EBS001H001452UZPE01152001T47MT03EBS001H0014F0014
2|15|1|52|UZPE011|52001|T47|MT03|CARLOS PIZARRO|LASORQUIDEASMZDCS4DIV|-77.26229|1.219281||52UZPE01152001T47MT03EBS001H0015|52UZPE01152001T47MT03EBS001H0015F0015|1|1|1|2|52UZPE01152001T47MT03EBS001|900091143|CC|1144206777|TECNOLOGOENPROMOCIONDELASALUD|52UZPE01152001T47MT03EBS001H0015F0015CF015|2024-08-13|1||1||3||1||3|2|11|5|3|1|8||2|13|0||1||1||1||1||1|2|3|1|1|1|1|2|2|2|2|2|2||2|2|2|1||9||2|2|2|1|2|1|2|2|1|52UZPE01152001T47MT03EBS001H001552UZPE01152001T47MT03EBS001H0015F0015
2|16|1|52|UZPE011|52001|T47|MT03|CARLOS PIZARRO|MZCCASA10A|-77.262768|1.217915||52UZPE01152001T47MT03EBS001H0016|52UZPE01152001T47MT03EBS001H0016F0016|1|2|2|4|52UZPE01152001T47MT03EBS001|900091143|CC|36752202|AUXILIARDEENFERMERIA|52UZPE01152001T47MT03EBS001H0016F0016CF016|2024-08-13|4||1||3||1||2|2|11|5|2|2|20||2|13|0||1||1||1||1||7|1|3|1|1|1|1|2|2|2|2|2|2||2|2|1|1||9||1|2|2|1|1|1|2|2|1|52UZPE01152001T47MT03EBS001H001652UZPE01152001T47MT03EBS001H0016F0016
2|17|1|52|UZPE011|52001|T47|MT03|CARLOS PIZARRO|MANZ9CASA6LASORQUIDEAS|-77.261961|1.218985||52UZPE01152001T47MT03EBS001H0017|52UZPE01152001T47MT03EBS001H0017F0017|2|2|2|3|52UZPE01152001T47MT03EBS001|900091143|CC|1193385397|AUXILIARENFERMERIA|52UZPE01152001T47MT03EBS001H0017F0017CF017|2024-08-13|1||1||3||1||3|2|11|4|3|2|20||2|13|0||1||1||1||1||7|1|3|1|1|1|1|2|2|2|2|2|2||2|2|2|2||9||2|2|2|1|1|1|2|2|1|52UZPE01152001T47MT03EBS001H001752UZPE01152001T47MT03EBS001H0017F0017
2|18|1|52|UZPE011|52001|T47|MT03|CARLOS PIZARRO|MANZ9CASA6LASORQUIDEAS|-77.261961|1.218985||52UZPE01152001T47MT03EBS001H0018|52UZPE01152001T47MT03EBS001H0018F0018|2|2|2|3|52UZPE01152001T47MT03EBS001|900091143|CC|1193385397|AUXILIARENFERMERIA|52UZPE01152001T47MT03EBS001H0018F0018CF018|2024-08-13|1||1||3||1||3|2|11|4|3|2|20||2|13|0||1||1||1||1||1|2|3|1|1|1|1|2|2|2|2|2|2||2|2|2|1||9||2|2|2|1|1|1|2|2|1|52UZPE01152001T47MT03EBS001H001852UZPE01152001T47MT03EBS001H0018F0018
2|19|1|52|UZPE011|52001|T47|MT03|CARLOS PIZARRO|MANZANA2CASA38BARRIOMANANTIAL|-77.262547|1.217452||52UZPE01152001T47MT03EBS001H0019|52UZPE01152001T47MT03EBS001H0019F0019|1|1|1|2|52UZPE01152001T47MT03EBS001|900091143|CC|1233189234|AUXILIARDEENFERMERIA|52UZPE01152001T47MT03EBS001H0019F0019CF019|2024-08-13|1||1||3||1||2|2|11|5|3|1|20||2|13|0||1||1||1||1||2|2|3|1|1|1|1|2|2|2|2|2|2||2|2|1|1||9||1|2|2|1|1|1|2|2|1|52UZPE01152001T47MT03EBS001H001952UZPE01152001T47MT03EBS001H0019F0019
2|20|1|52|UZPE011|52001|T47|MT03|CARLOS PIZARRO|MANZANAFCASA9|-77.262653|1.218495||52UZPE01152001T47MT03EBS001H0022|52UZPE01152001T47MT03EBS001H0022F0022|1|2|2|2|52UZPE01152001T47MT03EBS001|900091143|CC|37084285|AUXILIARDEENFERMERIA|52UZPE01152001T47MT03EBS001H0022F0022CF022|2024-08-13|1||1||3||1||1|2|11|5|3|2|20||2|13|0||1||1||1||1||1|2|3|1|1|1|2|2|2|2|2|2|2||2|2|1|2||9||1|2|2|1|1|1|2|2|1|52UZPE01152001T47MT03EBS001H002252UZPE01152001T47MT03EBS001H0022F0022
2|21|1|52|UZPE011|52001|T47|MT03|CARLOS PIZARRO|MANZANAFCASA9APTO2|-77.262653|1.218496||52UZPE01152001T47MT03EBS001H0023|52UZPE01152001T47MT03EBS001H0023F0023|1|1|1|1|52UZPE01152001T47MT03EBS001|900091143|CC|37084285|AUXILIARDEENFERMERIA|52UZPE01152001T47MT03EBS001H0023F0023CF023|2024-08-13|4||1||3||1||1|2|11|5|3|2|20||2|13|0||1||1||1||1||7|1|3|1|1|1|1|2|2|2|2|2|2||2|2|1|1||9||1|2|2|1|1|1|2|2|1|52UZPE01152001T47MT03EBS001H002352UZPE01152001T47MT03EBS001H0023F0023
2|22|1|52|UZPE011|52001|T47|MT03|CARLOS PIZARRO|CASA3|-77.262065|1.218719||52UZPE01152001T47MT03EBS001H0024|52UZPE01152001T47MT03EBS001H0024F0024|1|1|1|1|52UZPE01152001T47MT03EBS001|900091143|CC|1081272025|AUXILIARDEENFERMERIA|52UZPE01152001T47MT03EBS001H0024F0024CF024|2024-08-13|1||1||3||4||1|2|11|5|3|2|20||2|13|0||1||1||1||1||2|1|3|1|1|1|1|2|2|2|2|2|2||2|2|1|1||9||1|2|2|1|2|1|2|2|1|52UZPE01152001T47MT03EBS001H002452UZPE01152001T47MT03EBS001H0024F0024
2|23|1|52|UZPE011|52001|T47|MT03|CARLOS PIZARRO|MANZANACCASA11|-77.26221|1.218162||52UZPE01152001T47MT03EBS001H0025|52UZPE01152001T47MT03EBS001H0025F0025|1|1|1|3|52UZPE01152001T47MT03EBS001|900091143|CC|37084285|AUXILIARDEENFERMERIA|52UZPE01152001T47MT03EBS001H0025F0025CF025|2024-08-13|1||1||3||1||2|2|11|5|3|2|20||2|13|0||1||1||1||1||1|3|3|1|1|1|1|2|2|2|2|2|2||2|2|1|1||9||1|2|2|1|1|1|2|2|1|52UZPE01152001T47MT03EBS001H002552UZPE01152001T47MT03EBS001H0025F0025
2|24|1|52|UZPE011|52001|T47|MT03|CARLOS PIZARRO|MANACASA9PARAISO|-77.262739|1.218204||52UZPE01152001T47MT03EBS001H0026|52UZPE01152001T47MT03EBS001H0026F0026|2|2|2|4|52UZPE01152001T47MT03EBS001|900091143|CC|1193385397|AUXILIARENFERMERIA|52UZPE01152001T47MT03EBS001H0026F0026CF026|2024-08-13|1||1||3||1||2|2|11|1|3|2|20||1|13|0||1||1||1||1||1|2|3|1|1|1|1|2|2|2|2|2|2||2|2|2|1||9||2|2|2|1|1|1|2|2|1|52UZPE01152001T47MT03EBS001H002652UZPE01152001T47MT03EBS001H0026F0026
2|25|1|52|UZPE011|52001|T47|MT03|CARLOS PIZARRO|MANACASA9PARAISO|-77.262739|1.218204||52UZPE01152001T47MT03EBS001H0027|52UZPE01152001T47MT03EBS001H0027F0027|2|2|2|4|52UZPE01152001T47MT03EBS001|900091143|CC|1193385397|AUXILIARENFERMERIA|52UZPE01152001T47MT03EBS001H0027F0027CF027|2024-08-13|1||1||3||1||2|2|11|1|3|2|20||1|13|0||1||1||1||1||2|2|3|1|1|1|1|2|2|2|2|2|2||2|2|2|2||9||2|2|2|1|1|1|2|2|1|52UZPE01152001T47MT03EBS001H002752UZPE01152001T47MT03EBS001H0027F0027
2|26|1|52|UZPE011|52001|T47|MT03|CARLOS PIZARRO|MANZANAACASA7PISO3LASORQUIDEAS|-77.267045|1.219056||52UZPE01152001T47MT03EBS001H0028|52UZPE01152001T47MT03EBS001H0028F0028|1|3|3|2|52UZPE01152001T47MT03EBS001|900091143|CC|1144206777|TECNOLOGOENPROMOCIONDELASALUD|52UZPE01152001T47MT03EBS001H0028F0028CF028|2024-08-13|4||1||3||1||2|2|11|5|3|1|8||2|13|0||1||1||1||1||7|1|3|2|1|1|2|2|2|2|2|2|2||2|2|2|1||9||2|2|2|1|1|1|2|2|1|52UZPE01152001T47MT03EBS001H002852UZPE01152001T47MT03EBS001H0028F0028
2|27|1|52|UZPE011|52001|T47|MT03|CARLOS PIZARRO|MANZANAACASA7PISO3LASORQUIDEAS|-77.267045|1.219056||52UZPE01152001T47MT03EBS001H0029|52UZPE01152001T47MT03EBS001H0029F0029|1|3|3|2|52UZPE01152001T47MT03EBS001|900091143|CC|1144206777|TECNOLOGOENPROMOCIONDELASALUD|52UZPE01152001T47MT03EBS001H0029F0029CF029|2024-08-13|4||1||3||1||2|2|11|5|3|1|8||2|13|0||1||1||1||1||1|4|3|2|1|1|2|2|2|2|2|2|2||2|2|2|1||9||2|2|2|1|1|1|2|2|1|52UZPE01152001T47MT03EBS001H002952UZPE01152001T47MT03EBS001H0029F0029
2|28|1|52|UZPE011|52001|T47|MT03|CARLOS PIZARRO|MANZANAACASA7PISO3LASORQUIDEAS|-77.267045|1.219056||52UZPE01152001T47MT03EBS001H0030|52UZPE01152001T47MT03EBS001H0030F0030|1|3|3|2|52UZPE01152001T47MT03EBS001|900091143|CC|1144206777|TECNOLOGOENPROMOCIONDELASALUD|52UZPE01152001T47MT03EBS001H0030F0030CF030|2024-08-13|4||1||3||1||2|2|11|5|3|1|8||2|13|0||1||1||1||1||2|2|3|1|1|1|2|2|2|2|2|2|2||2|2|2|1||9||2|2|2|1|1|1|2|2|1|52UZPE01152001T47MT03EBS001H003052UZPE01152001T47MT03EBS001H0030F0030
2|29|1|52|UZPE011|52001|T47|MT03|CARLOS PIZARRO|MZCCASA13|-77.262205|1.218146||52UZPE01152001T47MT03EBS001H0032|52UZPE01152001T47MT03EBS001H0032F0032|1|1|1|2|52UZPE01152001T47MT03EBS001|900091143|CC|37084285|AUXILIARDEENFERMERIA|52UZPE01152001T47MT03EBS001H0032F0032CF032|2024-08-13|1||1||3||1||2|2|11|5|3|2|20||2|13|0||1||1||1||1||2|2|3|1|1|1|1|2|2|2|2|2|2||2|2|1|1||9||1|2|2|1|1|1|2|2|1|52UZPE01152001T47MT03EBS001H003252UZPE01152001T47MT03EBS001H0032F0032
2|30|1|52|UZPE011|52001|T47|MT03|CARLOS PIZARRO|MAN2CS38BARRIOMANANTIAL|-77.262547|1.217452||52UZPE01152001T47MT03EBS001H0033|52UZPE01152001T47MT03EBS001H0033F0033|1|1|1|1|52UZPE01152001T47MT03EBS001|900091143|CC|1233189234|AUXILIARDEENFERMERIA|52UZPE01152001T47MT03EBS001H0033F0033CF033|2024-08-13|1||1||3||1||1|2|11|5|3|1|20||1|13|0||1||1||1||1||7|1|3|1|1|1|1|2|2|2|2|2|2||2|2|1|1||9||1|2|2|1|1|1|2|2|1|52UZPE01152001T47MT03EBS001H003352UZPE01152001T47MT03EBS001H0033F0033
2|31|1|52|UZPE011|52001|T47|MT03|CARLOS PIZARRO|MZCCASA1LASORQUIDEAS|-77.261339|1.218347||52UZPE01152001T47MT03EBS001H0034|52UZPE01152001T47MT03EBS001H0034F0034|1|1|1|2|52UZPE01152001T47MT03EBS001|900091143|CC|36752202|AUXILIARDEENFERMERIA|52UZPE01152001T47MT03EBS001H0034F0034CF034|2024-08-13|1||1||3||1||2|2|11|5|2|2|20||2|13|0||1||1||1||1||2|2|3|2|1|1|1|2|2|2|2|2|2||2|2|1|2||9||1|2|2|1|1|1|2|2|1|52UZPE01152001T47MT03EBS001H003452UZPE01152001T47MT03EBS001H0034F0034
2|32|1|52|UZPE011|52001|T47|MT03|CARLOS PIZARRO|MZCCASA13A|-77.262057|1.218146||52UZPE01152001T47MT03EBS001H0035|52UZPE01152001T47MT03EBS001H0035F0035|1|1|1|1|52UZPE01152001T47MT03EBS001|900091143|CC|37084285|AUXILIARDEENFERMERIA|52UZPE01152001T47MT03EBS001H0035F0035CF035|2024-08-13|5||1||3||4||1|2|11|5|3|2|20||2|13|0||1||1||1||1||7|1|3|1|1|1|1|2|2|2|2|2|2||2|2|2|2||9||2|2|2|1|1|1|2|2|1|52UZPE01152001T47MT03EBS001H003552UZPE01152001T47MT03EBS001H0035F0035
2|33|1|52|UZPE011|52001|T47|MT03|CARLOS PIZARRO|M2C38BARRIOMANANTIAL|-77.262547|1.217452||52UZPE01152001T47MT03EBS001H0036|52UZPE01152001T47MT03EBS001H0036F0036|1|1|1|3|52UZPE01152001T47MT03EBS001|900091143|CC|1233189234|AUXILIARDEENFERMERIA|52UZPE01152001T47MT03EBS001H0036F0036CF036|2024-08-13|4||1||3||1||2|2|11|5|3|1|20||1|13|0||1||1||1||1||1|3|3|1|1|1|1|2|2|2|2|2|2||2|2|1|1||9||1|2|2|1|1|1|2|2|1|52UZPE01152001T47MT03EBS001H003652UZPE01152001T47MT03EBS001H0036F0036
2|34|1|52|UZPE011|52001|T47|MT03|CARLOS PIZARRO|MZCCASA29ELPARAISO|-77.2625|1.217379||52UZPE01152001T47MT03EBS001H0037|52UZPE01152001T47MT03EBS001H0037F0037|1|2|2|3|52UZPE01152001T47MT03EBS001|900091143|CC|36752202|AUXILIARDEENFERMERIA|52UZPE01152001T47MT03EBS001H0037F0037CF037|2024-08-13|4||1||3||4||2|2|11|5|2|2|20||2|13|0||1||1||1||1||1|3|3|2|1|1|1|2|2|2|2|2|2||2|2|1|2||9||1|2|2|1|1|1|2|2|1|52UZPE01152001T47MT03EBS001H003752UZPE01152001T47MT03EBS001H0037F0037
2|35|1|52|UZPE011|52001|T47|MT03|CARLOS PIZARRO|MANZCCASA5|-77.261876|1.218558||52UZPE01152001T47MT03EBS001H0038|52UZPE01152001T47MT03EBS001H0038F0038|1|2|2|3|52UZPE01152001T47MT03EBS001|900091143|CC|1193385397|AUXILIARENFERMERIA|52UZPE01152001T47MT03EBS001H0038F0038CF038|2024-08-13|1||1||3||1||2|2|11|4|3|2|20||1|13|0||1||1||1||1||1|2|3|1|1|1|1|2|2|2|2|2|2||2|2|2|2||9||2|2|2|1|1|1|2|2|1|52UZPE01152001T47MT03EBS001H003852UZPE01152001T47MT03EBS001H0038F0038
2|36|1|52|UZPE011|52001|T47|MT03|CARLOS PIZARRO|MANZCCASA5|-77.261876|1.218558||52UZPE01152001T47MT03EBS001H0039|52UZPE01152001T47MT03EBS001H0039F0039|1|2|2|3|52UZPE01152001T47MT03EBS001|900091143|CC|1193385397|AUXILIARENFERMERIA|52UZPE01152001T47MT03EBS001H0039F0039CF039|2024-08-13|1||1||3||1||2|2|11|4|3|2|20||1|13|0||1||1||1||1||7|1|3|1|1|1|1|2|2|2|2|2|2||2|2|2|1||9||2|2|2|1|1|1|2|2|1|52UZPE01152001T47MT03EBS001H003952UZPE01152001T47MT03EBS001H0039F0039
2|37|1|52|UZPE011|52001|T47|MT03|CARLOS PIZARRO|MANZANACCASA15APTO2|-77.263231|1.218217||52UZPE01152001T47MT03EBS001H0040|52UZPE01152001T47MT03EBS001H0040F0040|1|1|1|1|52UZPE01152001T47MT03EBS001|900091143|CC|1085300095|AUXILIARDEENFERMERIA|52UZPE01152001T47MT03EBS001H0040F0040CF040|2024-07-13|4||1||3||1||1|2|11|5|2|2|20||2|13|0||1||1||1||1||7|1|3|2|1|1|1|2|2|2|2|2|2||2|2|2|2||9||2|2|2|1|1|1|2|2|1|52UZPE01152001T47MT03EBS001H004052UZPE01152001T47MT03EBS001H0040F0040
2|38|1|52|UZPE011|52001|T47|MT03|CARLOS PIZARRO|MZCCASA16|-77.262157|2.218361||52UZPE01152001T47MT03EBS001H0041|52UZPE01152001T47MT03EBS001H0041F0041|1|1|1|2|52UZPE01152001T47MT03EBS001|900091143|CC|1085300095|AUXILIARDEENFERMERIA|52UZPE01152001T47MT03EBS001H0041F0041CF041|2024-07-13|1||1||3||1||1|2|11|4|3|2|20||2|13|0||1||1||1||1||2|2|3|2|1|1|2|2|2|2|2|2|2||2|2|1|1||9||1|2|2|1|1|1|2|2|1|52UZPE01152001T47MT03EBS001H004152UZPE01152001T47MT03EBS001H0041F0041
2|39|1|52|UZPE011|52001|T47|MT03|CARLOS PIZARRO|MNZCCASA13|-77.262057|1.218146||52UZPE01152001T47MT03EBS001H0042|52UZPE01152001T47MT03EBS001H0042F0042|1|1|1|2|52UZPE01152001T47MT03EBS001|900091143|CC|37084285|AUXILIARDEENFERMERIA|52UZPE01152001T47MT03EBS001H0042F0042CF042|2024-08-13|4||1||3||1||1|2|11|5|3|2|20||2|13|0||1||1||1||1||2|2|3|1|1|1|1|2|2|2|2|2|2||2|2|1|2||9||1|2|2|1|1|1|2|2|1|52UZPE01152001T47MT03EBS001H004252UZPE01152001T47MT03EBS001H0042F0042
2|40|1|52|UZPE011|52001|T47|MT03|CARLOS PIZARRO|MZCAS57BARRIOMANANTIAL|-77.262707|1.217488||52UZPE01152001T47MT03EBS001H0043|52UZPE01152001T47MT03EBS001H0043F0043|1|1|1|4|52UZPE01152001T47MT03EBS001|900091143|CC|1144206777|TECNOLOGOENPROMOCIONDELASALUD|52UZPE01152001T47MT03EBS001H0043F0043CF043|2024-08-13|1||1||3||1||3|2|11|5|3|2|20||2|13|0||1||1||1||1||1|4|3|2|1|1|2|2|2|2|2|2|2||2|2|2|1||9||2|2|2|1|1|1|2|2|1|52UZPE01152001T47MT03EBS001H004352UZPE01152001T47MT03EBS001H0043F0043
2|41|1|52|UZPE011|52001|T47|MT03|CARLOS PIZARRO|MZ4CASA57BARRIOMANANTIAL|-77.266335|1.220049||52UZPE01152001T47MT03EBS001H0044|52UZPE01152001T47MT03EBS001H0044F0044|1|1|1|3|52UZPE01152001T47MT03EBS001|900091143|CC|1144206777|TECNOLOGOENPROMOCIONDELASALUD|52UZPE01152001T47MT03EBS001H0044F0044CF044|2024-08-13|1||1||3||1||2|1|11|5|2|2|20||2|13|0||1||1||1||1||1|3|3|1|1|1|2|2|2|2|2|2|2||2|2|2|1||9||2|2|2|1|1|1|2|2|1|52UZPE01152001T47MT03EBS001H004452UZPE01152001T47MT03EBS001H0044F0044
2|42|1|52|UZPE011|52001|T47|MT03|CARLOS PIZARRO|CASALOTE2|-77.262303|1.219585||52UZPE01152001T47MT03EBS001H0045|52UZPE01152001T47MT03EBS001H0045F0045|1|1|1|1|52UZPE01152001T47MT03EBS001|900091143|CC|1081272025|AUXILIARDEENFERMERIA|52UZPE01152001T47MT03EBS001H0045F0045CF045|2024-08-13|1||1||3||4||1|2|11|5|3|2|20||2|13|2||1||1||1||1||7|1|3|1|1|1|1|2|2|2|2|2|2||2|2|1|1||9||1|2|2|1|1|1|2|2|1|52UZPE01152001T47MT03EBS001H004552UZPE01152001T47MT03EBS001H0045F0045
2|43|1|52|UZPE011|52001|T47|MT03|CARLOS PIZARRO|MANZANA2CASA33BARRIOMANANTIAL|-77.262581|1.217468||52UZPE01152001T47MT03EBS001H0046|52UZPE01152001T47MT03EBS001H0046F0046|1|1|1|2|52UZPE01152001T47MT03EBS001|900091143|CC|1144206777|TECNOLOGOENPROMOCIONDELASALUD|52UZPE01152001T47MT03EBS001H0046F0046CF046|2024-08-13|1||1||3||1||1|2|11|5|3|2|20||1|13|0||1||1||1||1||1|2|3|2|1|1|2|2|2|2|2|2|2||2|2|2|1||9||2|2|2|1|1|1|2|2|1|52UZPE01152001T47MT03EBS001H004652UZPE01152001T47MT03EBS001H0046F0046
2|44|1|52|UZPE011|52001|T47|MT03|CARLOS PIZARRO|CASA4|-77.261798|1.219039||52UZPE01152001T47MT03EBS001H0047|52UZPE01152001T47MT03EBS001H0047F0047|1|1|1|2|52UZPE01152001T47MT03EBS001|900091143|CC|1081272025|AUXILIARDEENFERMERIA|52UZPE01152001T47MT03EBS001H0047F0047CF047|2024-08-13|1||1||3||4||1|2|11|5|3|2|20||2|13|0||1||1||1||1||1|2|3|2|1|1|1|2|2|2|2|2|2||2|2|1|2||9||1|2|2|1|1|1|2|2|1|52UZPE01152001T47MT03EBS001H004752UZPE01152001T47MT03EBS001H0047F0047
2|45|1|52|UZPE011|52001|T47|MT03|CARLOS PIZARRO|MANZANADCASA2BARRIOLASORQUIDEAS|-77.262163|1.21926||52UZPE01152001T47MT03EBS001H0048|52UZPE01152001T47MT03EBS001H0048F0048|1|1|1|3|52UZPE01152001T47MT03EBS001|900091143|CC|1081052552|GESTORA|52UZPE01152001T47MT03EBS001H0048F0048CF048|2024-08-13|1||1||3||1||3|2|11|2|2|1|20||2|13|0||1||1||1||1||1|3|1|3|1|1|2|2|2|2|2|2|2||2|2|1|1||9||1|2|2|1|1|1|2|2|1|52UZPE01152001T47MT03EBS001H004852UZPE01152001T47MT03EBS001H0048F0048
2|46|1|52|UZPE011|52001|T47|MT03|CARLOS PIZARRO|MZ3CASA46MANANTIAL|-77.262959|1.217738||52UZPE01152001T47MT03EBS001H0049|52UZPE01152001T47MT03EBS001H0049F0049|1|1|1|6|52UZPE01152001T47MT03EBS001|900091143|CC|36752202|AUXILIARDEENFERMERIA|52UZPE01152001T47MT03EBS001H0049F0049CF049|2024-08-13|1||1||3||1||3|2|11|5|2|2|20||2|13|0||1||1||1||1||1|6|3|1|1|1|1|2|2|2|2|2|2||2|2|1|1||9||1|2|2|1|1|1|2|2|1|52UZPE01152001T47MT03EBS001H004952UZPE01152001T47MT03EBS001H0049F0049
2|47|1|52|UZPE011|52001|T47|MT03|CARLOS PIZARRO|MANZANACCASA28|-77.262223|1.218293||52UZPE01152001T47MT03EBS001H0050|52UZPE01152001T47MT03EBS001H0050F0050|1|1|1|2|52UZPE01152001T47MT03EBS001|900091143|CC|59178610|AUXILIARENFERMERIA|52UZPE01152001T47MT03EBS001H0050F0050CF050|2024-08-15|1||1||3||1||1|2|11|5|3|2|20||2|13|0||1||1||1||1||1|2|2|1|1|1|3|2|2|2|2|2|2||2|2|1|2||9||1|2|2|1|1|1|2|2|1|52UZPE01152001T47MT03EBS001H005052UZPE01152001T47MT03EBS001H0050F0050
2|48|1|52|UZPE011|52001|T47|MT03|CARLOS PIZARRO|MANZANACCASA33|-77.262412|1.217879||52UZPE01152001T47MT03EBS001H0051|52UZPE01152001T47MT03EBS001H0051F0051|1|1|1|2|52UZPE01152001T47MT03EBS001|900091143|CC|1085300095|AUXILIARDEENFERMERIA|52UZPE01152001T47MT03EBS001H0051F0051CF051|2024-08-15|1||1||3||4||1|2|11|5|2|2|20||2|13|0||1||1||1||1||2|2|2|4|1|1|3|2|2|2|2|2|2||2|2|1|2||9||1|2|2|1|1|1|2|2|1|52UZPE01152001T47MT03EBS001H005152UZPE01152001T47MT03EBS001H0051F0051
2|49|1|52|UZPE011|52001|T47|MT03|CARLOS PIZARRO|MANZANABCADA25|-77.263027|1.218028||52UZPE01152001T47MT03EBS001H0052|52UZPE01152001T47MT03EBS001H0052F0052|1|1|1|2|52UZPE01152001T47MT03EBS001|900091143|CC|1085263018|PSICOLOGO|52UZPE01152001T47MT03EBS001H0052F0052CF052|2024-08-15|1||1||3||1||2|2|11|3|3|2|20||1|13|0||1||1||1||1||1|2|3|1|1|1|2|2|2|2|2|2|2||2|2|1|2||9||1|2|2|1|1|1|2|2|1|52UZPE01152001T47MT03EBS001H005252UZPE01152001T47MT03EBS001H0052F0052
2|50|1|52|UZPE011|52001|T47|MT03|CARLOS PIZARRO|CARRERA21CALLE13BLOQUE1APT202URBANIZACIONNUEVASINDAGUA|-77.263512|1.218452||52UZPE01152001T47MT03EBS001H0053|52UZPE01152001T47MT03EBS001H0053F0053|1|1|1|6|52UZPE01152001T47MT03EBS001|900091143|CC|1085263018|PSICOLOGO|52UZPE01152001T47MT03EBS001H0053F0053CF053|2024-08-15|4||1||3||1||2|1|11|1|3|1|20||1|13|0||1||1||1||1||4|6|3|2|1|1|2|2|2|2|2|2|2||2|2|1|2||9||1|2|2|1|2|1|2|2|1|52UZPE01152001T47MT03EBS001H005352UZPE01152001T47MT03EBS001H0053F0053
2|51|1|52|UZPE011|52001|T47|MT03|CARLOS PIZARRO|MZA1CASA21|-77.263038|1.217433||52UZPE01152001T47MT03EBS001H0054|52UZPE01152001T47MT03EBS001H0054F0054|1|1|1|2|52UZPE01152001T47MT03EBS001|900091143|CC|27090145|GESTORA|52UZPE01152001T47MT03EBS001H0054F0054CF054|2024-08-15|1||1||3||1||1|2|11|5|2|2|20||2|13|0||1||1||1||1||1|2|3|2|1|1|1|2|2|2|2|2|2||2|2|1|1||9||1|2|2|1|1|1|2|2|1|52UZPE01152001T47MT03EBS001H005452UZPE01152001T47MT03EBS001H0054F0054
2|52|1|52|UZPE011|52001|T47|MT03|CARLOS PIZARRO|MZABC9|-77.263386|1.218427||52UZPE01152001T47MT03EBS001H0055|52UZPE01152001T47MT03EBS001H0055F0055|1|1|1|4|52UZPE01152001T47MT03EBS001|900091143|CC|27090145|GESTORA|52UZPE01152001T47MT03EBS001H0055F0055CF055|2024-08-15|1||1||3||1||2|2|11|5|2|2|20||1|13|0||1||1||1||1||1|4|3|2|1|1|1|2|2|2|2|2|2||2|2|1|2||9||1|2|2|1|1|1|2|2|1|52UZPE01152001T47MT03EBS001H005552UZPE01152001T47MT03EBS001H0055F0055
2|53|1|52|UZPE011|52001|T47|MT03|CARLOS PIZARRO|MZACCASA21|-77.12729|1.21722||52UZPE01152001T47MT03EBS001H0056|52UZPE01152001T47MT03EBS001H0056F0056|1|1|1|3|52UZPE01152001T47MT03EBS001|900091143|CC|27090145|GESTORA|52UZPE01152001T47MT03EBS001H0056F0056CF056|2024-08-15|1||1||3||4||2|2|11|5|2|2|20||2|13|0||1||1||1||1||1|3|3|2|1|1|1|2|2|2|2|2|2||2|2|1|2||9||1|2|2|1|1|1|2|2|1|52UZPE01152001T47MT03EBS001H005652UZPE01152001T47MT03EBS001H0056F0056
2|54|1|52|UZPE011|52001|T47|MT03|CARLOS PIZARRO|MZA7CASA3|-77.363368|1.21843||52UZPE01152001T47MT03EBS001H0057|52UZPE01152001T47MT03EBS001H0057F0057|1|1|1|2|52UZPE01152001T47MT03EBS001|900091143|CC|27090145|GESTORA|52UZPE01152001T47MT03EBS001H0057F0057CF057|2024-08-12|1||1||3||1||1|2|11|5|2|2|20||1|13|0||1||1||1||1||1|2|3|2|1|1|1|2|2|2|2|2|2||2|2|1|2||9||1|2|2|1|1|1|2|2|1|52UZPE01152001T47MT03EBS001H005752UZPE01152001T47MT03EBS001H0057F0057
2|55|1|52|UZPE011|52001|T47|MT03|CARLOS PIZARRO|MANZANA23CASA47BARRIOMANANTIAL|-77.262905|1.217238||52UZPE01152001T47MT03EBS001H0059|52UZPE01152001T47MT03EBS001H0059F0059|1|1|1|3|52UZPE01152001T47MT03EBS001|900091143|CC|1081273343|GESTORA|52UZPE01152001T47MT03EBS001H0059F0059CF059|2024-08-15|1||1||3||1||2|2|8|4|3|2|20||1|13|0||1||1||1||1||2|2|3|1|1|1|2|2|2|2|2|2|2||2|2|1|2||9||1|2|2|1|1|1|2|2|1|52UZPE01152001T47MT03EBS001H005952UZPE01152001T47MT03EBS001H0059F0059
2|56|1|52|UZPE011|52001|T47|MT03|CARLOS PIZARRO|BARRIOELPARAISOMANZANABCASA24|-77.263104|1.217658||52UZPE01152001T47MT03EBS001H0060|52UZPE01152001T47MT03EBS001H0060F0060|2|1|1|2|52UZPE01152001T47MT03EBS001|900091143|CC|1014857280|AUXILIARENFERMERIA|52UZPE01152001T47MT03EBS001H0060F0060CF060|2024-08-15|4||1||3||1||2|2|11|5|3|2|20||2|13|0||1||1||1||1||1|2|3|1|1|1|1|2|2|2|2|2|2||2|2|1|1||9||1|2|2|1|1|1|2|2|1|52UZPE01152001T47MT03EBS001H006052UZPE01152001T47MT03EBS001H0060F0060
2|57|1|52|UZPE011|52001|T47|MT03|CARLOS PIZARRO|BARRIOELPARAISOMANZANABCASA22|-77.263166|1.217885||52UZPE01152001T47MT03EBS001H0061|52UZPE01152001T47MT03EBS001H0061F0061|2|1|1|2|52UZPE01152001T47MT03EBS001|900091143|CC|1014857280|AUXILIARENFERMERIA|52UZPE01152001T47MT03EBS001H0061F0061CF061|2024-08-15|1||1||3||4||2|2|11|5|3|2|20||2|13|0||1||1||1||1||1|2|3|2|1|1|1|2|2|2|2|2|2||2|2|1|1||9||1|2|2|1|2|1|2|2|1|52UZPE01152001T47MT03EBS001H006152UZPE01152001T47MT03EBS001H0061F0061
2|58|1|52|UZPE011|52001|T47|MT03|CARLOS PIZARRO|BARRIOELPARAISOMANZANABCASA10|-77.26328|1.21799||52UZPE01152001T47MT03EBS001H0062|52UZPE01152001T47MT03EBS001H0062F0062|2|1|1|3|52UZPE01152001T47MT03EBS001|900091143|CC|1014857280|AUXILIARENFERMERIA|52UZPE01152001T47MT03EBS001H0062F0062CF062|2024-08-15|4||1||3||1||2|2|11|5|3|2|20||1|13|0||1||1||1||1||1|3|3|1|1|1|1|2|2|2|2|2|2||2|2|1|2||9||1|2|2|1|1|1|2|2|1|52UZPE01152001T47MT03EBS001H006252UZPE01152001T47MT03EBS001H0062F0062
2|59|1|52|UZPE011|52001|T47|MT03|CARLOS PIZARRO|MANZCCASA32|-77.262912|1.218137||52UZPE01152001T47MT03EBS001H0064|52UZPE01152001T47MT03EBS001H0064F0064|1|1|1|4|52UZPE01152001T47MT03EBS001|900091143|CC|59178610|AUXILIARENFERMERIA|52UZPE01152001T47MT03EBS001H0064F0064CF064|2024-08-15|1||1||3||1||3|2|5|2|2|1|8||2|13|0||3||2||1||3||1|4|3|3|1|1|1|2|2|2|2|2|2||2|2|2|2||9||2|2|2|1|1|1|2|2|1|52UZPE01152001T47MT03EBS001H006452UZPE01152001T47MT03EBS001H0064F0064
2|60|1|52|UZPE011|52001|T47|MT03|CARLOS PIZARRO|MAN1CASA5BARRIOELMANANTIAL|-77.263354|1.217977||52UZPE01152001T47MT03EBS001H0065|52UZPE01152001T47MT03EBS001H0065F0065|2|1|1|1|52UZPE01152001T47MT03EBS001|900091143|CC|1014857280|AUXILIARENFERMERIA|52UZPE01152001T47MT03EBS001H0065F0065CF065|2024-08-15|4||1||3||1||1|2|11|5|3|2|20||2|13|0||1||1||1||1||7|1|3|2|1|1|1|2|2|2|2|2|2||2|2|1|2||9||1|2|2|1|1|1|2|2|1|52UZPE01152001T47MT03EBS001H006552UZPE01152001T47MT03EBS001H0065F0065
2|61|1|52|UZPE011|52001|T47|MT03|CARLOS PIZARRO|MANZANA1CASA2BARRIOELMANANTIAL|-77.263383|1.218041||52UZPE01152001T47MT03EBS001H0066|52UZPE01152001T47MT03EBS001H0066F0066|2|1|1|2|52UZPE01152001T47MT03EBS001|900091143|CC|1014857280|AUXILIARENFERMERIA|52UZPE01152001T47MT03EBS001H0066F0066CF066|2024-08-15|1||1||3||1||3|2|11|5|3|2|20||2|13|0||1||1||1||1||1|2|3|1|1|1|1|2|2|2|2|2|2||2|2|1|2||9||1|2|2|1|1|1|2|2|1|52UZPE01152001T47MT03EBS001H006652UZPE01152001T47MT03EBS001H0066F0066
2|62|1|52|UZPE011|52001|T47|MT03|CARLOS PIZARRO|MZBCASA14|-77.262639|1.217819||52UZPE01152001T47MT03EBS001H0068|52UZPE01152001T47MT03EBS001H0068F0068|2|1|1|2|52UZPE01152001T47MT03EBS001|900091143|CC|59813323|AUXILIARENFERMERIA|52UZPE01152001T47MT03EBS001H0068F0068CF068|2024-08-15|1||1||3||4||3|2|8|1|2|1|19||1|13|0||3||2||6||3||1|2|3|1|1|1|1|2|2|2|2|2|2||2|2|1|2||9||1|2|2|1|2|1|2|2|1|52UZPE01152001T47MT03EBS001H006852UZPE01152001T47MT03EBS001H0068F0068
2|63|1|52|UZPE011|52001|T47|MT03|CARLOS PIZARRO|MAZBCS12|-77.281272|1.232176||52UZPE01152001T47MT03EBS001H0069|52UZPE01152001T47MT03EBS001H0069F0069|2|1|1|4|52UZPE01152001T47MT03EBS001|900091143|CC|59813323|AUXILIARENFERMERIA|52UZPE01152001T47MT03EBS001H0069F0069CF069|2024-08-15|1||1||3||4||3|2|8|4|3|1|19||2|13|0||1||1||1||1||2|4|3|2|1|1|1|2|2|2|2|2|2||2|2|1|2||9||1|2|2|1|1|1|2|2|1|52UZPE01152001T47MT03EBS001H006952UZPE01152001T47MT03EBS001H0069F0069
2|64|1|52|UZPE011|52001|T47|MT03|CARLOS PIZARRO|MAN1CASA16BARRIOELMANANTIAL|-77.263432|1.217638||52UZPE01152001T47MT03EBS001H0071|52UZPE01152001T47MT03EBS001H0071F0071|2|1|1|2|52UZPE01152001T47MT03EBS001|900091143|CC|1014857280|AUXILIARENFERMERIA|52UZPE01152001T47MT03EBS001H0071F0071CF071|2024-08-15|1||1||3||1||2|2|11|5|3|2|20||1|13|0||1||1||1||1||1|2|3|2|1|1|1|2|2|2|2|2|2||2|2|1|2||9||1|2|2|1|1|1|2|2|1|52UZPE01152001T47MT03EBS001H007152UZPE01152001T47MT03EBS001H0071F0071
2|65|1|52|UZPE011|52001|T47|MT03|CARLOS PIZARRO|MBCS12A|-77.281273|1.232177||52UZPE01152001T47MT03EBS001H0072|52UZPE01152001T47MT03EBS001H0072F0072|2|1|1|2|52UZPE01152001T47MT03EBS001|900091143|CC|59813323|AUXILIARENFERMERIA|52UZPE01152001T47MT03EBS001H0072F0072CF072|2024-08-15|1||1||3||4||2|2|8|4|3|2|19||2|13|0||1||1||1||1||2|2|3|2|1|3|1|2|2|2|2|2|2||2|2|1|2||9||1|2|2|1|1|1|2|2|1|52UZPE01152001T47MT03EBS001H007252UZPE01152001T47MT03EBS001H0072F0072
2|66|1|52|UZPE011|52001|T47|MT03|CARLOS PIZARRO|MAN1CASA16BARRIOELMANANTIAL|-77.263399|1.217586||52UZPE01152001T47MT03EBS001H0073|52UZPE01152001T47MT03EBS001H0073F0073|2|1|1|2|52UZPE01152001T47MT03EBS001|900091143|CC|1014857280|AUXILIARENFERMERIA|52UZPE01152001T47MT03EBS001H0073F0073CF073|2024-08-15|4||1||3||1||2|2|11|5|3|2|20||2|13|0||1||1||1||1||1|2|3|1|1|1|1|2|2|2|2|2|2||2|2|1|1||9||1|2|2|1|1|1|2|2|1|52UZPE01152001T47MT03EBS001H007352UZPE01152001T47MT03EBS001H0073F0073
2|67|1|52|UZPE011|52001|T47|MT03|CARLOS PIZARRO|MANZANA3CASA41BARRIOELMANANTIAL|-77.26319|1.217416||52UZPE01152001T47MT03EBS001H0074|52UZPE01152001T47MT03EBS001H0074F0074|2|1|1|3|52UZPE01152001T47MT03EBS001|900091143|CC|1014857280|AUXILIARENFERMERIA|52UZPE01152001T47MT03EBS001H0074F0074CF074|2024-08-15|1||1||3||1||3|2|11|5|3|2|20||2|13|0||1||1||1||1||1|3|3|1|1|1|1|2|2|2|2|2|2||2|2|1|2||9||1|2|2|1|1|1|2|2|1|52UZPE01152001T47MT03EBS001H007452UZPE01152001T47MT03EBS001H0074F0074
2|68|1|52|UZPE011|52001|T47|MT03|CARLOS PIZARRO|MBC13|-77.262299|1.217504||52UZPE01152001T47MT03EBS001H0075|52UZPE01152001T47MT03EBS001H0075F0075|2|1|1|5|52UZPE01152001T47MT03EBS001|900091143|CC|59813323|AUXILIARENFERMERIA|52UZPE01152001T47MT03EBS001H0075F0075CF075|2024-08-15|1||1||3||4||3|2|8|4|3|1|19||2|13|0||1||1||1||1||1|5|3|2|1|1|1|2|2|2|2|2|2||2|2|1|2||9||1|2|2|1|1|1|2|2|1|52UZPE01152001T47MT03EBS001H007552UZPE01152001T47MT03EBS001H0075F0075
2|69|1|52|UZPE011|52001|T47|MT03|CARLOS PIZARRO|M3CS44|-77.26258|1.218238||52UZPE01152001T47MT03EBS001H0078|52UZPE01152001T47MT03EBS001H0078F0078|2|1|1|2|52UZPE01152001T47MT03EBS001|900091143|CC|59813323|AUXILIARENFERMERIA|52UZPE01152001T47MT03EBS001H0078F0078CF078|2024-08-15|1||1||3||4||3|2|8|4|3|1|19||2|13|0||1||1||1||1||2|2|3|4|1|1|1|2|2|2|2|2|2||2|2|1|2||9||1|2|2|1|1|1|2|2|1|52UZPE01152001T47MT03EBS001H007852UZPE01152001T47MT03EBS001H0078F0078
2|70|1|52|UZPE011|52001|T47|MT03|CARLOS PIZARRO|M1CS24|-77.262616|1.217032||52UZPE01152001T47MT03EBS001H0079|52UZPE01152001T47MT03EBS001H0079F0079|2|1|1|2|52UZPE01152001T47MT03EBS001|900091143|CC|59813323|AUXILIARENFERMERIA|52UZPE01152001T47MT03EBS001H0079F0079CF079|2024-08-15|1||1||3||4||2|2|8|4|3|1|19||2|13|0||1||2||1||1||7|2|3|1|1|1|1|2|2|2|2|2|2||2|2|1|2||9||1|2|2|1|1|1|2|2|1|52UZPE01152001T47MT03EBS001H007952UZPE01152001T47MT03EBS001H0079F0079
2|71|1|52|UZPE011|52001|T47|MT03|CARLOS PIZARRO|MZC4CASA68|-77.262627|1.217704||52UZPE01152001T47MT03EBS001H0080|52UZPE01152001T47MT03EBS001H0080F0080|2|1|1|1|52UZPE01152001T47MT03EBS001|900091143|CC|59813323|AUXILIARENFERMERIA|52UZPE01152001T47MT03EBS001H0080F0080CF080|2024-08-15|1||1||3||4||2|2|8|4|3|1|19||2|13|0||1||1||1||1||7|1|3|2|1|1|1|2|2|2|2|2|2||2|2|1|2||9||1|2|2|1|1|1|2|2|1|52UZPE01152001T47MT03EBS001H008052UZPE01152001T47MT03EBS001H0080F0080
2|72|1|52|UZPE011|52001|T47|MT03|CARLOS PIZARRO|MAN3CASA48BARRIOMANANTIAL|-77.263782|1.217276||52UZPE01152001T47MT03EBS001H0081|52UZPE01152001T47MT03EBS001H0081F0081|2|1|1|2|52UZPE01152001T47MT03EBS001|900091143|CC|1014857280|AUXILIARENFERMERIA|52UZPE01152001T47MT03EBS001H0081F0081CF081|2024-08-15|1||1||3||1||2|2|11|5|3|2|20||2|13|0||1||1||1||1||2|2|3|2|1|1|1|2|2|2|2|2|2||2|2|1|2||9||1|2|2|1|1|1|2|2|1|52UZPE01152001T47MT03EBS001H008152UZPE01152001T47MT03EBS001H0081F0081
2|73|1|52|UZPE011|52001|T47|MT03|CARLOS PIZARRO|MANZCCALLE13|-77.263051|1.218261||52UZPE01152001T47MT03EBS001H0083|52UZPE01152001T47MT03EBS001H0083F0083|2|1|1|3|52UZPE01152001T47MT03EBS001|900091143|CC|59178610|AUXILIARENFERMERIA|52UZPE01152001T47MT03EBS001H0083F0083CF083|2024-08-15|1||1||3||4||3|2|11|5|2|2|5||2|13|0||1||1||1||1||1|3|3|4|1|1|1|2|2|2|2|2|2||2|2|1|2||9||1|2|2|1|1|1|2|2|1|52UZPE01152001T47MT03EBS001H008352UZPE01152001T47MT03EBS001H0083F0083
2|74|1|52|UZPE011|52001|T47|MT03|CARLOS PIZARRO|APART406T2|-77.26375|1.218923||52UZPE01152001T47MT03EBS001H0084|52UZPE01152001T47MT03EBS001H0084F0084|1|1|1|2|52UZPE01152001T47MT03EBS001|900091143|CC|59178610|AUXILIARENFERMERIA|52UZPE01152001T47MT03EBS001H0084F0084CF084|2024-08-15|4||1||3||1||2|2|3|5|2|1|19||2|13|0||1||1||1||1||2|2|2|4|1|1|1|2|2|2|2|2|2||2|2|1|1||9||1|2|2|1|1|1|2|2|1|52UZPE01152001T47MT03EBS001H008452UZPE01152001T47MT03EBS001H0084F0084
2|75|1|52|UZPE011|52001|T47|MT03|CARLOS PIZARRO|TORRE2AP303|-77.263423|1.218974||52UZPE01152001T47MT03EBS001H0085|52UZPE01152001T47MT03EBS001H0085F0085|1|1|1|1|52UZPE01152001T47MT03EBS001|900091143|CC|59178610|AUXILIARENFERMERIA|52UZPE01152001T47MT03EBS001H0085F0085CF085|2024-08-15|4||1||3||1||2|2|8|5|3|2|19||2|13|0||1||1||1||1||7|1|3|3|1|1|1|2|2|2|2|2|2||2|2|2|2||9||2|2|2|1|1|1|2|2|1|52UZPE01152001T47MT03EBS001H008552UZPE01152001T47MT03EBS001H0085F0085
2|76|1|52|UZPE011|52001|T47|MT03|CARLOS PIZARRO|T106APAT306|-77.263604|1.218651||52UZPE01152001T47MT03EBS001H0086|52UZPE01152001T47MT03EBS001H0086F0086|2|1|1|4|52UZPE01152001T47MT03EBS001|900091143|CC|59178610|AUXILIARENFERMERIA|52UZPE01152001T47MT03EBS001H0086F0086CF086|2024-08-15|4||1||3||1||3|2|3|5|3|2|19||2|13|0||1||1||1||1||4|4|3|3|1|1|1|2|2|2|2|2|2||2|2|1|2||9||1|2|2|1|1|1|2|2|1|52UZPE01152001T47MT03EBS001H008652UZPE01152001T47MT03EBS001H0086F0086
2|77|1|52|UZPE011|52001|T47|MT03|CARLOS PIZARRO|MANZ2CASA34|-77.262949|1.218112||52UZPE01152001T47MT03EBS001H0087|52UZPE01152001T47MT03EBS001H0087F0087|1|1|1|1|52UZPE01152001T47MT03EBS001|900091143|CC|59178610|AUXILIARENFERMERIA|52UZPE01152001T47MT03EBS001H0087F0087CF087|2024-08-15|1||1||3||1||1|2|3|5|3|2|20||2|13|0||1||1||1||1||7|1|2|3|1|1|2|2|2|2|2|2|2||2|2|1|1||9||1|2|2|1|2|1|2|2|1|52UZPE01152001T47MT03EBS001H008752UZPE01152001T47MT03EBS001H0087F0087
2|78|1|52|UZPE011|52001|T47|MT03|CARLOS PIZARRO|APART105T106|-77.263604|1.218651||52UZPE01152001T47MT03EBS001H0088|52UZPE01152001T47MT03EBS001H0088F0088|1|1|1|1|52UZPE01152001T47MT03EBS001|900091143|CC|59178610|AUXILIARENFERMERIA|52UZPE01152001T47MT03EBS001H0088F0088CF088|2024-08-15|4||1||3||1||1|2|11|5|3|2|8||2|13|0||1||1||1||1||7|1|3|3|1|1|2|2|2|2|2|2|2||2|2|1|2||9||1|2|2|1|1|1|2|2|1|52UZPE01152001T47MT03EBS001H008852UZPE01152001T47MT03EBS001H0088F0088
2|79|1|52|UZPE011|52001|T47|MT03|CARLOS PIZARRO|MZ4CS61|-77.12629|1.21723||52UZPE01152001T47MT03EBS001H0090|52UZPE01152001T47MT03EBS001H0090F0090|2|1|1|2|52UZPE01152001T47MT03EBS001|900091143|CC|59813323|AUXILIARENFERMERIA|52UZPE01152001T47MT03EBS001H0090F0090CF090|2024-08-15|1||1||3||4||2|2|8|4|3|2|19||2|13|0||1||1||1||1||2|2|3|1|1|1|1|2|2|2|2|2|2||2|2|1|2||9||1|2|2|1|1|1|2|2|1|52UZPE01152001T47MT03EBS001H009052UZPE01152001T47MT03EBS001H0090F0090
2|80|1|52|UZPE011|52001|T47|MT03|CARLOS PIZARRO|URBANIZACIONORQUIDEAS|-77.262525|1.218743||52UZPE01152001T47MT03EBS001H0091|52UZPE01152001T47MT03EBS001H0091F0091|1|1|1|2|52UZPE01152001T47MT03EBS001|900091143|CC|69028150|AUXILIARDEENFERMERIA|52UZPE01152001T47MT03EBS001H0091F0091CF091|2024-08-29|1||1||3||4||2|2|11|5|2|2|20||2|13|0||1||1||1||1||1|2|1|1|1|1|1|2|2|2|2|2|2||2|2|2|1||9||2|2|2|1|1|1|2|2|1|52UZPE01152001T47MT03EBS001H009152UZPE01152001T47MT03EBS001H0091F0091
2|81|1|52|UZPE011|52001|T47|MT03|CARLOS PIZARRO|MZECS7|-77.2624|1.218568||52UZPE01152001T47MT03EBS001H0092|52UZPE01152001T47MT03EBS001H0092F0092|1|1|1|4|52UZPE01152001T47MT03EBS001|900091143|CC|59830040|AUXILIARENFERMERIA|52UZPE01152001T47MT03EBS001H0092F0092CF092|2024-08-29|1||1||3||1||3|2|10|5|2|2|19||2|13|0||1||1||1||1||1|3|2|4|1|1|1|2|2|2|2|2|2||2|2|1|1||9||1|2|2|1|2|1|2|2|1|52UZPE01152001T47MT03EBS001H009252UZPE01152001T47MT03EBS001H0092F0092
2|82|1|52|UZPE011|52001|T47|MT03|CARLOS PIZARRO|MZ1CASA8ELPARAISO|-77.26281|1.218118||52UZPE01152001T47MT03EBS001H0093|52UZPE01152001T47MT03EBS001H0093F0093|1|1|1|2|52UZPE01152001T47MT03EBS001|900091143|CC|1010085543|AUXILIARENFERMERIA|52UZPE01152001T47MT03EBS001H0093F0093CF093|2024-08-29|1||1||3||1||2|2|11|5|2|2|20||2|13|0||1||1||1||1||2|2|3|2|1|1|3|2|2|2|2|2|2||2|2|1|1||9||1|2|2|1|1|1|2|2|1|52UZPE01152001T47MT03EBS001H009352UZPE01152001T47MT03EBS001H0093F0093
2|83|1|52|UZPE011|52001|T47|MT03|CARLOS PIZARRO|MZECS9|-77.262412|1.218633||52UZPE01152001T47MT03EBS001H0094|52UZPE01152001T47MT03EBS001H0094F0094|1|1|1|2|52UZPE01152001T47MT03EBS001|900091143|CC|59830040|AUXILIARENFERMERIA|52UZPE01152001T47MT03EBS001H0094F0094CF094|2024-08-29|1||1||3||1||1|2|11|5|2|2|20||2|13|0||1||1||1||1||1|2|2|4|1|1|1|2|2|2|2|2|2||2|2|1|1||9||1|2|2|1|1|1|2|2|1|52UZPE01152001T47MT03EBS001H009452UZPE01152001T47MT03EBS001H0094F0094
2|84|1|52|UZPE011|52001|T47|MT03|CARLOS PIZARRO|MANZANA1CASA2ELMANANTIAL|-77.263393|1.217998||52UZPE01152001T47MT03EBS001H0095|52UZPE01152001T47MT03EBS001H0095F0095|1|1|1|1|52UZPE01152001T47MT03EBS001|900091143|CC|1010085543|AUXILIARENFERMERIA|52UZPE01152001T47MT03EBS001H0095F0095CF095|2024-08-29|1||1||3||1||1|2|11|5|3|2|20||2|13|0||1||1||1||1||7|1|2|4|1|1|2|2|2|2|2|2|2||2|2|2|1||9||2|2|2|1|2|1|2|2|1|52UZPE01152001T47MT03EBS001H009552UZPE01152001T47MT03EBS001H0095F0095
2|85|1|52|UZPE011|52001|T47|MT03|CARLOS PIZARRO|MANCCASA40BARRIOPARAISO|-77.262403|1.217675||52UZPE01152001T47MT03EBS001H0096|52UZPE01152001T47MT03EBS001H0096F0096|1|1|1|1|52UZPE01152001T47MT03EBS001|900091143|CC|1233189234|AUXILIARDEENFERMERIA|52UZPE01152001T47MT03EBS001H0096F0096CF096|2024-08-29|1||1||3||4||1|2|11|5|2|1|20||2|13|0||1||1||1||1||7|1|3|1|1|1|1|2|2|2|2|2|2||2|2|1|2||9||1|2|2|1|1|1|2|2|1|52UZPE01152001T47MT03EBS001H009652UZPE01152001T47MT03EBS001H0096F0096
2|86|1|52|UZPE011|52001|T47|MT03|CARLOS PIZARRO|M1CS22MANANTIAL|-77.263216|1.217442||52UZPE01152001T47MT03EBS001H0097|52UZPE01152001T47MT03EBS001H0097F0097|1|1|1|1|52UZPE01152001T47MT03EBS001|900091143|CC|1233189234|AUXILIARDEENFERMERIA|52UZPE01152001T47MT03EBS001H0097F0097CF097|2024-08-29|1||1||3||1||1|2|11|5|3|1|20||2|13|0||1||1||1||1||7|1|3|1|1|1|1|2|2|2|2|2|2||2|2|1|1||9||1|2|2|1|1|1|2|2|1|52UZPE01152001T47MT03EBS001H009752UZPE01152001T47MT03EBS001H0097F0097
2|87|1|52|UZPE011|52001|T47|MT03|CARLOS PIZARRO|MANZANA3CASA39MANANTIAL|-77.263216|1.217442||52UZPE01152001T47MT03EBS001H0098|52UZPE01152001T47MT03EBS001H0098F0098|1|1|1|3|52UZPE01152001T47MT03EBS001|900091143|CC|1233189234|AUXILIARDEENFERMERIA|52UZPE01152001T47MT03EBS001H0098F0098CF098|2024-08-29|1||1||3||1||2|2|11|5|2|1|20||1|13|0||1||1||1||1||1|3|3|1|1|1|1|2|2|2|2|2|2||2|2|1|1||9||1|2|2|1|1|1|2|2|1|52UZPE01152001T47MT03EBS001H009852UZPE01152001T47MT03EBS001H0098F0098
2|88|1|52|UZPE011|52001|T47|MT03|CARLOS PIZARRO|MANZDCASA6|-77.262021|1.218898||52UZPE01152001T47MT03EBS001H0099|52UZPE01152001T47MT03EBS001H0099F0099|1|4|4|7|52UZPE01152001T47MT03EBS001|900091143|CC|1193385397|AUXILIARENFERMERIA|52UZPE01152001T47MT03EBS001H0099F0099CF099|2024-08-29|1||1||3||1||4|2|11|4|3|2|20||2|13|0||1||1||1||1||2|2|3|1|1|1|1|2|2|2|2|2|2||2|2|2|2||9||2|2|2|1|1|1|2|2|1|52UZPE01152001T47MT03EBS001H009952UZPE01152001T47MT03EBS001H0099F0099
2|89|1|52|UZPE011|52001|T47|MT03|CARLOS PIZARRO|MANZDCASA6|-77.262021|1.218898||52UZPE01152001T47MT03EBS001H0100|52UZPE01152001T47MT03EBS001H0100F0100|1|4|4|7|52UZPE01152001T47MT03EBS001|900091143|CC|1193385397|AUXILIARENFERMERIA|52UZPE01152001T47MT03EBS001H0100F0100CF100|2024-08-29|1||1||3||1||4|2|11|4|3|2|20||2|13|0||1||1||1||1||1|2|3|1|1|1|1|2|2|2|2|2|2||2|2|1|2||9||1|2|2|1|1|1|2|2|1|52UZPE01152001T47MT03EBS001H010052UZPE01152001T47MT03EBS001H0100F0100
2|90|1|52|UZPE011|52001|T47|MT03|CARLOS PIZARRO|MANZDCASA6|-77.262021|1.218898||52UZPE01152001T47MT03EBS001H0101|52UZPE01152001T47MT03EBS001H0101F0101|1|4|4|7|52UZPE01152001T47MT03EBS001|900091143|CC|1193385397|AUXILIARENFERMERIA|52UZPE01152001T47MT03EBS001H0101F0101CF101|2024-08-29|1||1||3||1||4|2|11|4|3|2|20||2|13|0||1||1||1||1||2|2|3|1|1|1|1|2|2|2|2|2|2||2|2|2|2||9||2|2|2|1|1|1|2|2|1|52UZPE01152001T47MT03EBS001H010152UZPE01152001T47MT03EBS001H0101F0101
2|91|1|52|UZPE011|52001|T47|MT03|CARLOS PIZARRO|MANZDCASA6|-77.262021|1.218898||52UZPE01152001T47MT03EBS001H0102|52UZPE01152001T47MT03EBS001H0102F0102|1|4|4|7|52UZPE01152001T47MT03EBS001|900091143|CC|1193385397|AUXILIARENFERMERIA|52UZPE01152001T47MT03EBS001H0102F0102CF102|2024-08-29|1||1||3||1||4|2|11|4|3|2|20||2|13|0||1||1||1||1||7|1|3|1|1|1|1|2|2|2|2|2|2||2|2|2|2||9||2|2|2|1|1|1|2|2|1|52UZPE01152001T47MT03EBS001H010252UZPE01152001T47MT03EBS001H0102F0102
2|92|1|52|UZPE011|52001|T47|MT03|CARLOS PIZARRO|MANZACS16|-77.261598|1.218745||52UZPE01152001T47MT03EBS001H0103|52UZPE01152001T47MT03EBS001H0103F0103|1|1|1|3|52UZPE01152001T47MT03EBS001|900091143|CC|1193385397|AUXILIARENFERMERIA|52UZPE01152001T47MT03EBS001H0103F0103CF103|2024-08-29|1||1||3||1||1|1|11|5|3|2|20||2|13|2||1||1||1||1||1|3|3|1|1|1|1|2|2|2|2|2|2||2|2|2|2||9||2|2|2|1|1|1|2|2|1|52UZPE01152001T47MT03EBS001H010352UZPE01152001T47MT03EBS001H0103F0103
2|93|1|52|UZPE011|52001|T47|MT03|CARLOS PIZARRO|ORQUIDEAS|-77.264263|1.219086||52UZPE01152001T47MT03EBS001H0104|52UZPE01152001T47MT03EBS001H0104F0104|1|1|1|3|52UZPE01152001T47MT03EBS001|900091143|CC|59830040|AUXILIARENFERMERIA|52UZPE01152001T47MT03EBS001H0104F0104CF104|2024-08-29|1||1||3||1||2|2|11|5|2|2|20||1|13|0||1||1||1||1||1|3|2|4|1|1|1|2|2|2|2|2|2||2|2|1|2||9||1|2|2|1|1|1|2|2|1|52UZPE01152001T47MT03EBS001H010452UZPE01152001T47MT03EBS001H0104F0104
2|94|1|52|UZPE011|52001|T47|MT03|CARLOS PIZARRO|MANZANA1C13MANANTIAL|-77.263216|1.217442||52UZPE01152001T47MT03EBS001H0105|52UZPE01152001T47MT03EBS001H0105F0105|2|1|1|1|52UZPE01152001T47MT03EBS001|900091143|CC|1233189234|AUXILIARDEENFERMERIA|52UZPE01152001T47MT03EBS001H0105F0105CF105|2024-08-29|1||1||3||1||1|2|11|5|3|2|20||2|13|0||1||1||1||1||7|1|3|2|1|1|2|2|2|2|2|2|2||2|2|1|1||9||1|2|2|1|1|1|2|2|1|52UZPE01152001T47MT03EBS001H010552UZPE01152001T47MT03EBS001H0105F0105
2|95|1|52|UZPE011|52001|T47|MT03|CARLOS PIZARRO|MZ4CASA59BARRIOMANANTIAL|-77.26266|1.217412||52UZPE01152001T47MT03EBS001H0106|52UZPE01152001T47MT03EBS001H0106F0106|1|1|1|2|52UZPE01152001T47MT03EBS001|900091143|CC|1144206777|TECNOLOGOENPROMOCIONDELASALUD|52UZPE01152001T47MT03EBS001H0106F0106CF106|2024-08-29|1||1||3||1||1|2|11|5|3|1|20||2|13|0||1||1||1||1||1|2|3|1|1|1|1|2|2|2|2|2|2||2|2|2|1||9||2|2|2|1|1|1|2|2|1|52UZPE01152001T47MT03EBS001H010652UZPE01152001T47MT03EBS001H0106F0106
2|96|1|52|UZPE011|52001|T47|MT03|CARLOS PIZARRO|CASA2|-77.261715|1.218878||52UZPE01152001T47MT03EBS001H0107|52UZPE01152001T47MT03EBS001H0107F0107|1|1|1|1|52UZPE01152001T47MT03EBS001|900091143|CC|1081272025|AUXILIARDEENFERMERIA|52UZPE01152001T47MT03EBS001H0107F0107CF107|2024-08-29|1||1||3||4||2|2|11|5|3|2|20||2|13|0||1||1||1||1||7|1|3|2|1|1|1|2|2|2|2|2|2||2|2|1|2||9||1|2|2|1|1|1|2|2|1|52UZPE01152001T47MT03EBS001H010752UZPE01152001T47MT03EBS001H0107F0107
2|97|1|52|UZPE011|52001|T47|MT03|CARLOS PIZARRO|CASA36|-77.261715|1.218878||52UZPE01152001T47MT03EBS001H0108|52UZPE01152001T47MT03EBS001H0108F0108|1|1|1|2|52UZPE01152001T47MT03EBS001|900091143|CC|1081272025|AUXILIARDEENFERMERIA|52UZPE01152001T47MT03EBS001H0108F0108CF108|2024-08-29|4||1||3||1||1|2|11|5|3|2|20||2|13|0||1||1||1||1||2|2|3|1|1|1|1|2|2|2|2|2|2||2|2|1|2||9||1|2|2|1|1|1|2|2|1|52UZPE01152001T47MT03EBS001H010852UZPE01152001T47MT03EBS001H0108F0108
2|98|1|52|UZPE011|52001|T47|MT03|CARLOS PIZARRO|MZ2CASA32BARRIOMANANTIAL|-77.262835|1.217507||52UZPE01152001T47MT03EBS001H0109|52UZPE01152001T47MT03EBS001H0109F0109|1|1|1|2|52UZPE01152001T47MT03EBS001|900091143|CC|1144206777|TECNOLOGOENPROMOCIONDELASALUD|52UZPE01152001T47MT03EBS001H0109F0109CF109|2024-08-29|1||1||3||1||2|2|11|5|3|2|20||2|13|0||1||1||1||1||2|2|3|2|1|1|2|2|2|2|2|2|2||2|2|2|1||9||2|2|2|1|1|1|2|2|1|52UZPE01152001T47MT03EBS001H010952UZPE01152001T47MT03EBS001H0109F0109
2|99|1|52|UZPE011|52001|T47|MT03|CARLOS PIZARRO|CASA43|-77.261715|1.218878||52UZPE01152001T47MT03EBS001H0110|52UZPE01152001T47MT03EBS001H0110F0110|1|1|1|2|52UZPE01152001T47MT03EBS001|900091143|CC|1081272025|AUXILIARDEENFERMERIA|52UZPE01152001T47MT03EBS001H0110F0110CF110|2024-08-29|4||1||3||4||2|2|11|5|3|2|20||2|13|0||1||1||1||1||1|2|3|3|1|3|1|2|2|2|2|2|2||2|2|1|1||9||1|2|2|1|1|1|2|2|1|52UZPE01152001T47MT03EBS001H011052UZPE01152001T47MT03EBS001H0110F0110
2|100|1|52|UZPE011|52001|T47|MT03|CARLOS PIZARRO|CASA3|-77.261715|1.218878||52UZPE01152001T47MT03EBS001H0111|52UZPE01152001T47MT03EBS001H0111F0111|1|1|1|1|52UZPE01152001T47MT03EBS001|900091143|CC|1081272025|AUXILIARDEENFERMERIA|52UZPE01152001T47MT03EBS001H0111F0111CF111|2024-08-29|1||1||3||1||3|2|11|5|3|2|20||2|13|0||1||1||1||1||7|1|3|1|1|1|1|2|2|2|2|2|2||2|2|1|1||9||1|2|2|1|1|1|2|2|1|52UZPE01152001T47MT03EBS001H011152UZPE01152001T47MT03EBS001H0111F0111
2|101|1|52|UZPE011|52001|T47|MT03|CARLOS PIZARRO|MAZ1CASA17BARRIOMANANTIAL|-77.263312|1.217601||52UZPE01152001T47MT03EBS001H0112|52UZPE01152001T47MT03EBS001H0112F0112|1|1|1|2|52UZPE01152001T47MT03EBS001|900091143|CC|1144206777|TECNOLOGOENPROMOCIONDELASALUD|52UZPE01152001T47MT03EBS001H0112F0112CF112|2024-08-29|1||1||3||1||2|2|11|5|3|2|20||2|13|0||1||1||1||1||2|1|3|3|1|1|2|2|2|2|2|2|2||2|2|2|1||9||2|2|2|1|1|1|2|2|1|52UZPE01152001T47MT03EBS001H011252UZPE01152001T47MT03EBS001H0112F0112
2|102|1|52|UZPE011|52001|T47|MT03|CARLOS PIZARRO|MANZANAACASA5BARRIOELPARAISO|-77.262212|1.218257||52UZPE01152001T47MT03EBS001H0113|52UZPE01152001T47MT03EBS001H0113F0113|1|1|1|3|52UZPE01152001T47MT03EBS001|900091143|CC|1144206777|TECNOLOGOENPROMOCIONDELASALUD|52UZPE01152001T47MT03EBS001H0113F0113CF113|2024-08-29|1||1||3||1||2|2|11|5|2|2|20||1|13|0||1||1||1||1||1|3|3|1|1|1|2|2|2|2|2|2|2||2|2|2|2||9||2|2|2|1|1|1|2|2|1|52UZPE01152001T47MT03EBS001H011352UZPE01152001T47MT03EBS001H0113F0113
2|103|1|52|UZPE011|52001|T47|MT03|CARLOS PIZARRO|CASA12MANZANA6VILLAANGELA|-77.267449|1.215252||52UZPE01152001T47MT03EBS001H0114|52UZPE01152001T47MT03EBS001H0114F0114|1|1|1|2|52UZPE01152001T47MT03EBS001|900091143|CC|79724257|JEFEDEENFERMERIA|52UZPE01152001T47MT03EBS001H0114F0114CF114|2024-09-15|1||1||3||1||1|2|10|5|3|2|20||2|13|0||1||1||1||1||2|2|3|1|1|1|1|2|2|2|2|2|2||2|2|1|1||9||1|2|2|1|1|1|2|2|1|52UZPE01152001T47MT03EBS001H011452UZPE01152001T47MT03EBS001H0114F0114
2|104|1|52|UZPE011|52001|T47|MT03|CARLOS PIZARRO|MANZANA6CASA12INTERIOR2VILLAANGELA|-77.267287|1.215306||52UZPE01152001T47MT03EBS001H0115|52UZPE01152001T47MT03EBS001H0115F0115|1|1|1|2|52UZPE01152001T47MT03EBS001|900091143|CC|79724257|JEFEDEENFERMERIA|52UZPE01152001T47MT03EBS001H0115F0115CF115|2024-09-15|1||1||3||1||1|2|11|5|3|2|20||2|13|0||1||1||1||1||2|2|3|2|1|1|1|2|2|2|2|2|2||2|2|1|2||9||1|2|2|1|1|1|2|2|1|52UZPE01152001T47MT03EBS001H011552UZPE01152001T47MT03EBS001H0115F0115
2|105|1|52|UZPE011|52001|T47|MT03|CARLOS PIZARRO|MANZANADEINVASION|-77.267596|1.214883||52UZPE01152001T47MT03EBS001H0116|52UZPE01152001T47MT03EBS001H0116F0116|1|1|1|2|52UZPE01152001T47MT03EBS001|900091143|CC|79724257|JEFEDEENFERMERIA|52UZPE01152001T47MT03EBS001H0116F0116CF116|2024-09-15|11||7||5||7||1|2|5|5|4|1|5||2|13|0||13||2||6||3||1|2|3|4|1|1|3|2|2|2|2|2|2||2|2|1|2||9||1|2|2|1|1|1|2|2|1|52UZPE01152001T47MT03EBS001H011652UZPE01152001T47MT03EBS001H0116F0116
2|106|1|52|UZPE011|52001|T47|MT03|CARLOS PIZARRO|MANZANADEINVASIONSEGUNDOPISO|-77.268698|1.21495||52UZPE01152001T47MT03EBS001H0117|52UZPE01152001T47MT03EBS001H0117F0117|1|1|1|2|52UZPE01152001T47MT03EBS001|900091143|CC|79724257|JEFEDEENFERMERIA|52UZPE01152001T47MT03EBS001H0117F0117CF117|2024-09-15|4||1||3||1||1|2|10|5|2|2|5||2|13|0||1||2||6||3||1|2|3|2|1|1|1|2|2|2|2|2|2||2|2|1|2||9||1|2|2|1|1|1|2|2|1|52UZPE01152001T47MT03EBS001H011752UZPE01152001T47MT03EBS001H0117F0117
2|107|1|52|UZPE011|52001|T47|MT03|CARLOS PIZARRO|MANZANA2CASA15VILLAANGELA|-77.267796|1.214285||52UZPE01152001T47MT03EBS001H0118|52UZPE01152001T47MT03EBS001H0118F0118|1|2|2|2|52UZPE01152001T47MT03EBS001|900091143|CC|79724257|JEFEDEENFERMERIA|52UZPE01152001T47MT03EBS001H0118F0118CF118|2024-09-15|1||1||3||1||2|2|11|5|3|2|20||2|13|0||1||1||1||1||2|2|3|2|1|1|1|2|2|2|2|2|2||2|2|1|1||9||1|2|2|1|1|1|2|2|1|52UZPE01152001T47MT03EBS001H011852UZPE01152001T47MT03EBS001H0118F0118
2|108|1|52|UZPE011|52001|T47|MT03|CARLOS PIZARRO|MANZANA2CASA17VILLAANGELA|-77.267664|1.214608||52UZPE01152001T47MT03EBS001H0119|52UZPE01152001T47MT03EBS001H0119F0119|1|1|1|2|52UZPE01152001T47MT03EBS001|900091143|CC|79724257|JEFEDEENFERMERIA|52UZPE01152001T47MT03EBS001H0119F0119CF119|2024-09-15|1||1||3||1||1|2|11|5|3|2|20||2|13|0||1||1||1||1||1|2|3|1|1|1|1|2|2|2|2|2|2||2|2|1|1||9||1|2|2|1|1|1|2|2|1|52UZPE01152001T47MT03EBS001H011952UZPE01152001T47MT03EBS001H0119F0119
2|109|1|52|UZPE011|52001|T47|MT03|CARLOS PIZARRO|MANZANA2CASA19VILLAANGELA|-77.266888|1.214361||52UZPE01152001T47MT03EBS001H0120|52UZPE01152001T47MT03EBS001H0120F0120|1|1|1|1|52UZPE01152001T47MT03EBS001|900091143|CC|79724257|JEFEDEENFERMERIA|52UZPE01152001T47MT03EBS001H0120F0120CF120|2024-09-16|1||1||3||1||1|2|11|5|3|2|20||2|13|0||1||1||1||1||7|1|3|1|1|1|1|2|2|2|2|2|2||2|2|1|1||9||1|2|2|1|1|1|2|2|1|52UZPE01152001T47MT03EBS001H012052UZPE01152001T47MT03EBS001H0120F0120
2|110|1|52|UZPE011|52001|T47|MT03|CARLOS PIZARRO|MANZANA6CASA16|-77.267287|1.215162||52UZPE01152001T47MT03EBS001H0121|52UZPE01152001T47MT03EBS001H0121F0121|1|1|1|4|52UZPE01152001T47MT03EBS001|900091143|CC|59833702|OTRO|52UZPE01152001T47MT03EBS001H0121F0121CF121|2024-09-15|1||1||3||1||4|2|11|5|3|2|20||1|13|0||1||1||1||1||1|4|3|1|1|1|1|2|2|2|2|2|2||2|2|1|1||9||1|2|2|1|1|1|2|2|1|52UZPE01152001T47MT03EBS001H012152UZPE01152001T47MT03EBS001H0121F0121
2|111|1|52|UZPE011|52001|T47|MT03|CARLOS PIZARRO|MANZANA6CASA19|-77.267265|1.24868||52UZPE01152001T47MT03EBS001H0122|52UZPE01152001T47MT03EBS001H0122F0122|1|1|1|3|52UZPE01152001T47MT03EBS001|900091143|CC|59833702|OTRO|52UZPE01152001T47MT03EBS001H0122F0122CF122|2024-09-15|1||1||3||1||3|2|11|5|3|2|20||2|13|0||1||1||1||1||2|3|3|1|1|1|1|2|2|2|2|2|2||2|2|1|1||9||1|2|2|1|1|1|2|2|1|52UZPE01152001T47MT03EBS001H012252UZPE01152001T47MT03EBS001H0122F0122
2|112|1|52|UZPE011|52001|T47|MT03|CARLOS PIZARRO|MANZANA5CASA16B|-77.267069|1.21468||52UZPE01152001T47MT03EBS001H0123|52UZPE01152001T47MT03EBS001H0123F0123|1|1|1|2|52UZPE01152001T47MT03EBS001|900091143|CC|1233189234|AUXILIARDEENFERMERIA|52UZPE01152001T47MT03EBS001H0123F0123CF123|2024-09-15|1||1||3||1||2|2|11|5|2|2|20||1|13|0||1||1||1||1||2|2|3|1|1|1|1|2|2|2|2|2|2||2|2|1|1||9||1|2|2|1|1|1|2|2|1|52UZPE01152001T47MT03EBS001H012352UZPE01152001T47MT03EBS001H0123F0123
2|113|1|52|UZPE011|52001|T47|MT03|CARLOS PIZARRO|MANZANA5CASA20|-77.26761|1.214491||52UZPE01152001T47MT03EBS001H0124|52UZPE01152001T47MT03EBS001H0124F0124|1|1|1|4|52UZPE01152001T47MT03EBS001|900091143|CC|59833702|OTRO|52UZPE01152001T47MT03EBS001H0124F0124CF124|2024-09-15|1||1||3||1||3|2|11|5|3|2|20||2|13|0||1||1||1||1||1|4|2|1|1|3|2|2|2|2|2|2|2||2|2|1|1||9||1|2|2|1|1|1|2|2|1|52UZPE01152001T47MT03EBS001H012452UZPE01152001T47MT03EBS001H0124F0124
2|114|1|52|UZPE011|52001|T47|MT03|CARLOS PIZARRO|MZ3CASA18|-77.267751|1.214366||52UZPE01152001T47MT03EBS001H0125|52UZPE01152001T47MT03EBS001H0125F0125|1|1|1|2|52UZPE01152001T47MT03EBS001|900091143|CC|1233189234|AUXILIARDEENFERMERIA|52UZPE01152001T47MT03EBS001H0125F0125CF125|2024-09-15|1||1||3||1||1|2|11|5|2|2|20||2|13|0||1||1||1||1||1|2|3|1|1|1|1|2|2|2|2|2|2||2|2|1|2||9||1|2|2|1|2|1|2|2|1|52UZPE01152001T47MT03EBS001H012552UZPE01152001T47MT03EBS001H0125F0125
2|115|1|52|UZPE011|52001|T47|MT03|CARLOS PIZARRO|MANZANA3CASA2BARRIOVILLAANGELA|-77.267328|1.214452||52UZPE01152001T47MT03EBS001H0126|52UZPE01152001T47MT03EBS001H0126F0126|1|1|1|1|52UZPE01152001T47MT03EBS001|900091143|CC|79724257|JEFEDEENFERMERIA|52UZPE01152001T47MT03EBS001H0126F0126CF126|2024-09-16|1||1||3||1||1|2|11|5|3|2|20||2|13|0||1||1||1||1||1|1|3|1|1|1|1|2|2|2|2|2|2||2|2|1|1||9||1|2|2|1|1|1|2|2|1|52UZPE01152001T47MT03EBS001H012652UZPE01152001T47MT03EBS001H0126F0126
2|116|1|52|UZPE011|52001|T47|MT03|CARLOS PIZARRO|MANZANA3CASA16BARRIOVILLAANGELA|-77.267678|1.214337||52UZPE01152001T47MT03EBS001H0127|52UZPE01152001T47MT03EBS001H0127F0127|1|1|1|1|52UZPE01152001T47MT03EBS001|900091143|CC|79724257|JEFEDEENFERMERIA|52UZPE01152001T47MT03EBS001H0127F0127CF127|2024-09-16|1||1||3||1||1|2|11|5|3|2|20||2|13|0||1||1||1||1||2|1|3|1|1|1|2|2|2|2|2|2|2||2|2|1|1||9||1|2|2|1|1|1|2|2|1|52UZPE01152001T47MT03EBS001H012752UZPE01152001T47MT03EBS001H0127F0127
2|117|1|52|UZPE011|52001|T47|MT03|CARLOS PIZARRO|MANZANA3CASA1|-77.267443|1.121481||52UZPE01152001T47MT03EBS001H0129|52UZPE01152001T47MT03EBS001H0129F0129|1|1|1|3|52UZPE01152001T47MT03EBS001|900091143|CC|59833702|OTRO|52UZPE01152001T47MT03EBS001H0129F0129CF129|2024-09-15|1||1||3||1||3|2|11|5|3|2|20||2|13|0||1||1||1||1||2|3|3|1|1|1|2|2|2|2|2|2|2||2|2|1|2||9||1|2|2|1|1|1|2|2|1|52UZPE01152001T47MT03EBS001H012952UZPE01152001T47MT03EBS001H0129F0129
2|118|1|52|UZPE011|52001|T47|MT03|CARLOS PIZARRO|MANZANA3CASA10|-77.267831|1.214579||52UZPE01152001T47MT03EBS001H0133|52UZPE01152001T47MT03EBS001H0133F0133|2|3|3|6|52UZPE01152001T47MT03EBS001|900091143|CC|59833702|OTRO|52UZPE01152001T47MT03EBS001H0133F0133CF133|2024-09-15|1||1||3||1||4|1|11|5|3|2|20||1|13|0||1||1||1||1||2|3|3|1|1|1|1|2|2|2|2|2|2||2|2|1|1||9||1|2|2|1|1|1|2|2|1|52UZPE01152001T47MT03EBS001H013352UZPE01152001T47MT03EBS001H0133F0133
2|119|1|52|UZPE011|52001|T47|MT03|CARLOS PIZARRO|MANZANA3CASA10|-77.267831|1.214579||52UZPE01152001T47MT03EBS001H0134|52UZPE01152001T47MT03EBS001H0134F0134|2|3|3|6|52UZPE01152001T47MT03EBS001|900091143|CC|59833702|OTRO|52UZPE01152001T47MT03EBS001H0134F0134CF134|2024-09-15|1||1||3||1||4|1|11|5|3|2|20||1|13|0||1||1||1||1||2|2|3|1|1|1|1|2|2|2|2|2|2||2|2|1|1||9||1|2|2|1|1|1|2|2|1|52UZPE01152001T47MT03EBS001H013452UZPE01152001T47MT03EBS001H0134F0134
2|120|1|52|UZPE011|52001|T47|MT03|CARLOS PIZARRO|MANZANA3CASA10|-77.267831|1.214579||52UZPE01152001T47MT03EBS001H0135|52UZPE01152001T47MT03EBS001H0135F0135|2|3|3|6|52UZPE01152001T47MT03EBS001|900091143|CC|59833702|OTRO|52UZPE01152001T47MT03EBS001H0135F0135CF135|2024-09-15|1||1||3||1||4|1|11|5|3|2|20||1|13|0||1||1||1||1||2|1|3|1|1|1|1|2|2|2|2|2|2||2|2|1|1||9||1|2|2|1|2|1|2|2|1|52UZPE01152001T47MT03EBS001H013552UZPE01152001T47MT03EBS001H0135F0135
2|121|1|52|UZPE011|52001|T47|MT03|CARLOS PIZARRO|CASA22ABARRIOJOSEFINA|-77.26452|1.216592||52UZPE01152001T47MT03EBS001H0137|52UZPE01152001T47MT03EBS001H0137F0137|2|3|3|3|52UZPE01152001T47MT03EBS001|900091143|CC|1014857280|AUXILIARENFERMERIA|52UZPE01152001T47MT03EBS001H0137F0137CF137|2024-09-17|4||1||3||4||3|2|11|5|3|2|20||2|13|0||1||1||1||1||7|1|3|1|1|1|1|2|2|2|2|2|2||2|2|1|1||9||1|2|2|1|1|1|2|2|1|52UZPE01152001T47MT03EBS001H013752UZPE01152001T47MT03EBS001H0137F0137
2|122|1|52|UZPE011|52001|T47|MT03|CARLOS PIZARRO|CASA22ABARRIOJOSEFINA|-77.26452|1.216592||52UZPE01152001T47MT03EBS001H0138|52UZPE01152001T47MT03EBS001H0138F0138|2|3|3|3|52UZPE01152001T47MT03EBS001|900091143|CC|1014857280|AUXILIARENFERMERIA|52UZPE01152001T47MT03EBS001H0138F0138CF138|2024-09-17|4||1||3||4||3|2|11|5|3|2|20||2|13|0||1||1||1||1||7|1|3|1|1|1|1|2|2|2|2|2|2||2|2|1|1||9||1|2|2|1|2|1|2|2|1|52UZPE01152001T47MT03EBS001H013852UZPE01152001T47MT03EBS001H0138F0138
2|123|1|52|UZPE011|52001|T47|MT03|CARLOS PIZARRO|CASA22ABARRIOJOSEFINA|-77.26452|1.216592||52UZPE01152001T47MT03EBS001H0139|52UZPE01152001T47MT03EBS001H0139F0139|2|3|3|3|52UZPE01152001T47MT03EBS001|900091143|CC|1014857280|AUXILIARENFERMERIA|52UZPE01152001T47MT03EBS001H0139F0139CF139|2024-09-17|4||1||3||4||3|2|11|5|3|2|20||2|13|0||1||1||1||1||7|1|3|1|1|1|2|2|2|2|2|2|2||2|2|1|2||9||1|2|2|1|1|1|2|2|1|52UZPE01152001T47MT03EBS001H013952UZPE01152001T47MT03EBS001H0139F0139
2|124|1|52|UZPE011|52001|T47|MT03|CARLOS PIZARRO|MANZANA6CASA5|-77.266879|1.21545||52UZPE01152001T47MT03EBS001H0140|52UZPE01152001T47MT03EBS001H0140F0140|2|2|2|4|52UZPE01152001T47MT03EBS001|900091143|CC|59833702|OTRO|52UZPE01152001T47MT03EBS001H0140F0140CF140|2024-09-16|1||1||3||1||3|2|11|5|3|2|20||2|13|0||1||1||1||1||2|2|3|1|1|1|1|2|2|2|2|2|2||2|2|1|1||9||1|2|2|1|1|1|2|2|1|52UZPE01152001T47MT03EBS001H014052UZPE01152001T47MT03EBS001H0140F0140
2|125|1|52|UZPE011|52001|T47|MT03|CARLOS PIZARRO|MANZANA6CASA5|-77.266879|1.21545||52UZPE01152001T47MT03EBS001H0141|52UZPE01152001T47MT03EBS001H0141F0141|2|2|2|4|52UZPE01152001T47MT03EBS001|900091143|CC|59833702|OTRO|52UZPE01152001T47MT03EBS001H0141F0141CF141|2024-09-16|1||1||3||1||3|2|11|5|3|2|20||2|13|0||1||1||1||1||2|2|2|1|1|1|1|2|2|2|2|2|2||2|2|1|2||9||1|2|2|1|1|1|2|2|1|52UZPE01152001T47MT03EBS001H014152UZPE01152001T47MT03EBS001H0141F0141
2|126|1|52|UZPE011|52001|T47|MT03|CARLOS PIZARRO|CARLOSPIZARROMANZANADCASA7|-77.26444|1.216277||52UZPE01152001T47MT03EBS001H0142|52UZPE01152001T47MT03EBS001H0142F0142|2|1|1|1|52UZPE01152001T47MT03EBS001|900091143|CC|1014857280|AUXILIARENFERMERIA|52UZPE01152001T47MT03EBS001H0142F0142CF142|2024-09-17|1||1||3||1||2|2|11|5|3|2|20||2|13|0||1||1||1||1||7|1|3|1|1|1|1|2|2|2|2|2|2||2|2|1|2||9||1|2|2|1|1|1|2|2|1|52UZPE01152001T47MT03EBS001H014252UZPE01152001T47MT03EBS001H0142F0142
2|127|1|52|UZPE011|52001|T47|MT03|CARLOS PIZARRO|CARLOSPIZARROMANZANADCASA11|-77.264518|1.215831||52UZPE01152001T47MT03EBS001H0143|52UZPE01152001T47MT03EBS001H0143F0143|2|2|2|3|52UZPE01152001T47MT03EBS001|900091143|CC|1014857280|AUXILIARENFERMERIA|52UZPE01152001T47MT03EBS001H0143F0143CF143|2024-09-17|4||1||3||1||3|2|11|5|3|2|20||2|13|0||1||1||1||1||1|2|3|1|1|1|1|2|2|2|2|2|2||2|2|1|2||9||1|2|2|1|1|1|2|2|1|52UZPE01152001T47MT03EBS001H014352UZPE01152001T47MT03EBS001H0143F0143
2|128|1|52|UZPE011|52001|T47|MT03|CARLOS PIZARRO|CARLOSPIZARROMANZANADCASA11|-77.264518|1.215831||52UZPE01152001T47MT03EBS001H0144|52UZPE01152001T47MT03EBS001H0144F0144|2|2|2|3|52UZPE01152001T47MT03EBS001|900091143|CC|1014857280|AUXILIARENFERMERIA|52UZPE01152001T47MT03EBS001H0144F0144CF144|2024-09-17|4||1||3||1||3|2|11|5|3|2|20||2|13|0||1||1||1||1||7|1|3|1|1|1|1|2|2|2|2|2|2||2|2|1|2||9||1|2|2|1|1|1|2|2|1|52UZPE01152001T47MT03EBS001H014452UZPE01152001T47MT03EBS001H0144F0144
2|129|1|52|UZPE011|52001|T47|MT03|CARLOS PIZARRO|CARLOSPIZARROMANZANAHCASA3|-77.263811|1.215331||52UZPE01152001T47MT03EBS001H0145|52UZPE01152001T47MT03EBS001H0145F0145|2|1|1|1|52UZPE01152001T47MT03EBS001|900091143|CC|1014857280|AUXILIARENFERMERIA|52UZPE01152001T47MT03EBS001H0145F0145CF145|2024-09-17|4||1||3||1||2|2|11|5|3|2|20||2|13|0||1||1||1||1||1|2|3|1|1|1|1|2|2|2|2|2|2||2|2|1|2||9||1|2|2|1|1|1|2|2|1|52UZPE01152001T47MT03EBS001H014552UZPE01152001T47MT03EBS001H0145F0145
2|130|1|52|UZPE011|52001|T47|MT03|CARLOS PIZARRO|MAN3CASA18|-77.267751|1.214366||52UZPE01152001T47MT03EBS001H0150|52UZPE01152001T47MT03EBS001H0150F0150|1|1|1|1|52UZPE01152001T47MT03EBS001|900091143|CC|1233189234|AUXILIARDEENFERMERIA|52UZPE01152001T47MT03EBS001H0150F0150CF150|2024-09-15|1||1||3||1||1|2|11|5|2|2|20||1|13|0||1||1||1||1||7|1|3|1|1|1|2|2|2|2|2|2|2||2|2|1|2||9||1|2|2|1|1|1|2|2|1|52UZPE01152001T47MT03EBS001H015052UZPE01152001T47MT03EBS001H0150F0150
2|131|1|52|UZPE011|52001|T47|MT03|CARLOS PIZARRO|MANZANA2CASA12|-77.267762|1.21493||52UZPE01152001T47MT03EBS001H0151|52UZPE01152001T47MT03EBS001H0151F0151|1|1|1|2|52UZPE01152001T47MT03EBS001|900091143|CC|1233189234|AUXILIARDEENFERMERIA|52UZPE01152001T47MT03EBS001H0151F0151CF151|2024-09-15|1||1||3||4||2|2|11|5|2|2|20||2|13|0||1||1||1||1||2|3|3|1|1|1|1|2|2|2|2|2|2||2|2|1|2||9||1|2|2|1|1|1|2|2|1|52UZPE01152001T47MT03EBS001H015152UZPE01152001T47MT03EBS001H0151F0151
2|132|1|52|UZPE011|52001|T47|MT03|CARLOS PIZARRO|CASA6|-77.266934|1.215789||52UZPE01152001T47MT03EBS001H0152|52UZPE01152001T47MT03EBS001H0152F0152|2|1|1|2|52UZPE01152001T47MT03EBS001|900091143|CC|1081272025|AUXILIARDEENFERMERIA|52UZPE01152001T47MT03EBS001H0152F0152CF152|2024-09-15|4||1||3||1||2|2|11|5|3|2|20||2|13|0||1||1||1||1||7|1|3|1|1|1|1|2|2|2|2|2|2||2|2|1|1||9||1|2|2|1|1|1|2|2|1|52UZPE01152001T47MT03EBS001H015252UZPE01152001T47MT03EBS001H0152F0152
2|133|1|52|UZPE011|52001|T47|MT03|CARLOS PIZARRO|CASA6|-77.266934|1.215789||52UZPE01152001T47MT03EBS001H0153|52UZPE01152001T47MT03EBS001H0153F0153|2|1|1|2|52UZPE01152001T47MT03EBS001|900091143|CC|1081272025|AUXILIARDEENFERMERIA|52UZPE01152001T47MT03EBS001H0153F0153CF153|2024-09-15|4||1||3||1||2|2|11|5|3|2|20||2|13|0||1||1||1||1||2|2|3|1|1|1|1|2|2|2|2|2|2||2|2|1|1||9||1|2|2|1|1|1|2|2|1|52UZPE01152001T47MT03EBS001H015352UZPE01152001T47MT03EBS001H0153F0153
2|134|1|52|UZPE011|52001|T47|MT03|CARLOS PIZARRO|MANZ2CAS12|-77.267762|1.21493||52UZPE01152001T47MT03EBS001H0154|52UZPE01152001T47MT03EBS001H0154F0154|1|1|1|1|52UZPE01152001T47MT03EBS001|900091143|CC|1233189234|AUXILIARDEENFERMERIA|52UZPE01152001T47MT03EBS001H0154F0154CF154|2024-09-15|1||1||3||1||1|2|11|5|2|2|20||1|13|0||1||1||1||1||7|1|3|1|1|1|1|2|2|2|2|2|2||2|2|1|2||9||1|2|2|1|2|1|2|2|1|52UZPE01152001T47MT03EBS001H015452UZPE01152001T47MT03EBS001H0154F0154
2|135|1|52|UZPE011|52001|T47|MT03|CARLOS PIZARRO|MNZ5CASA21VILLAANGELA|-77.267469|1.214563||52UZPE01152001T47MT03EBS001H0155|52UZPE01152001T47MT03EBS001H0155F0155|1|1|1|2|52UZPE01152001T47MT03EBS001|900091143|CC|1233189234|AUXILIARDEENFERMERIA|52UZPE01152001T47MT03EBS001H0155F0155CF155|2024-09-16|1||1||3||1||1|2|11|5|2|2|20||1|13|0||1||1||1||1||1|2|3|1|1|1|1|2|2|2|2|2|2||2|2|1|1||9||1|2|2|1|2|1|2|2|1|52UZPE01152001T47MT03EBS001H015552UZPE01152001T47MT03EBS001H0155F0155
2|136|1|52|UZPE011|52001|T47|MT03|CARLOS PIZARRO|CASA12|-77.268081|1.213965||52UZPE01152001T47MT03EBS001H0156|52UZPE01152001T47MT03EBS001H0156F0156|2|1|1|1|52UZPE01152001T47MT03EBS001|900091143|CC|1081272025|AUXILIARDEENFERMERIA|52UZPE01152001T47MT03EBS001H0156F0156CF156|2024-09-15|1||1||3||1||3|2|11|5|2|2|20||2|13|0||1||1||1||1||7|1|3|3|1|1|1|2|2|2|2|2|2||2|2|1|1||9||1|2|2|1|1|1|2|2|1|52UZPE01152001T47MT03EBS001H015652UZPE01152001T47MT03EBS001H0156F0156
2|137|1|52|UZPE011|52001|T47|MT03|CARLOS PIZARRO|MZ5CS21|-77.267469|1.214563||52UZPE01152001T47MT03EBS001H0157|52UZPE01152001T47MT03EBS001H0157F0157|1|1|1|1|52UZPE01152001T47MT03EBS001|900091143|CC|1233189234|AUXILIARDEENFERMERIA|52UZPE01152001T47MT03EBS001H0157F0157CF157|2024-09-16|1||1||3||1||1|2|11|5|2|2|20||2|13|0||1||1||1||1||7|1|3|2|1|1|2|2|2|2|2|2|2||2|2|1|1||9||1|2|2|1|2|1|2|2|1|52UZPE01152001T47MT03EBS001H015752UZPE01152001T47MT03EBS001H0157F0157
2|138|1|52|UZPE011|52001|T47|MT03|CARLOS PIZARRO|CASA7|-77.267788|1.214472||52UZPE01152001T47MT03EBS001H0158|52UZPE01152001T47MT03EBS001H0158F0158|1|2|2|4|52UZPE01152001T47MT03EBS001|900091143|CC|1081272025|AUXILIARDEENFERMERIA|52UZPE01152001T47MT03EBS001H0158F0158CF158|2024-09-15|1||1||3||1||4|2|11|5|3|2|20||2|13|0||1||1||1||1||1|3|3|2|1|1|1|2|2|2|2|2|2||2|2|1|1||9||1|2|2|1|2|1|2|2|1|52UZPE01152001T47MT03EBS001H015852UZPE01152001T47MT03EBS001H0158F0158
2|139|1|52|UZPE011|52001|T47|MT03|CARLOS PIZARRO|CALLE26439|-77.264894|1.216674||52UZPE01152001T47MT03EBS001H0159|52UZPE01152001T47MT03EBS001H0159F0159|1|1|1|1|52UZPE01152001T47MT03EBS001|900091143|CC|1233189234|AUXILIARDEENFERMERIA|52UZPE01152001T47MT03EBS001H0159F0159CF159|2024-09-17|1||1||3||4||1|2|11|5|2|2|20||1|13|0||1||1||1||1||7|1|3|1|1|1|2|2|2|2|2|2|2||2|2|1|1||9||1|2|2|1|1|1|2|2|1|52UZPE01152001T47MT03EBS001H015952UZPE01152001T47MT03EBS001H0159F0159
2|140|1|52|UZPE011|52001|T47|MT03|CARLOS PIZARRO|CASA22ALAJOSEFINA|-77.264388|1.216275||52UZPE01152001T47MT03EBS001H0160|52UZPE01152001T47MT03EBS001H0160F0160|1|1|1|2|52UZPE01152001T47MT03EBS001|900091143|CC|1233189234|AUXILIARDEENFERMERIA|52UZPE01152001T47MT03EBS001H0160F0160CF160|2024-09-17|1||1||3||4||1|2|11|5|3|2|20||1|13|0||1||1||1||1||1|2|3|1|1|1|1|2|2|2|2|2|2||2|2|1|2||9||1|2|2|1|1|1|2|2|1|52UZPE01152001T47MT03EBS001H016052UZPE01152001T47MT03EBS001H0160F0160
2|141|1|52|UZPE011|52001|T47|MT03|CARLOS PIZARRO|MANZANADCASA6CARLOSPIZARRO|-77.264605|1.216161||52UZPE01152001T47MT03EBS001H0161|52UZPE01152001T47MT03EBS001H0161F0161|1|1|1|4|52UZPE01152001T47MT03EBS001|900091143|CC|1233189234|AUXILIARDEENFERMERIA|52UZPE01152001T47MT03EBS001H0161F0161CF161|2024-09-17|1||1||3||1||2|2|11|5|2|2|20||1|13|0||1||1||1||1||1|4|2|1|1|1|2|2|2|2|2|2|2||2|2|1|1||9||1|2|2|1|1|1|2|2|1|52UZPE01152001T47MT03EBS001H016152UZPE01152001T47MT03EBS001H0161F0161
2|142|1|52|UZPE011|52001|T47|MT03|CARLOS PIZARRO|MANBCASA7|-77.264501|1.215359||52UZPE01152001T47MT03EBS001H0162|52UZPE01152001T47MT03EBS001H0162F0162|1|1|1|1|52UZPE01152001T47MT03EBS001|900091143|CC|1233189234|AUXILIARDEENFERMERIA|52UZPE01152001T47MT03EBS001H0162F0162CF162|2024-09-17|1||1||3||4||1|2|11|5|2|2|20||1|13|0||1||1||1||1||7|1|3|1|1|1|2|2|2|2|2|2|2||2|2|1|1||9||1|2|2|1|1|1|2|2|1|52UZPE01152001T47MT03EBS001H016252UZPE01152001T47MT03EBS001H0162F0162
2|143|1|52|UZPE011|52001|T47|MT03|CARLOS PIZARRO|CAS5MZB|-77.264501|1.215359||52UZPE01152001T47MT03EBS001H0163|52UZPE01152001T47MT03EBS001H0163F0163|1|1|1|1|52UZPE01152001T47MT03EBS001|900091143|CC|1233189234|AUXILIARDEENFERMERIA|52UZPE01152001T47MT03EBS001H0163F0163CF163|2024-09-17|1||1||3||1||1|2|11|5|2|2|20||1|13|0||1||1||1||1||7|1|3|1|1|1|1|2|2|2|2|2|2||2|2|1|1||9||1|2|2|1|2|1|2|2|1|52UZPE01152001T47MT03EBS001H016352UZPE01152001T47MT03EBS001H0163F0163
2|144|1|52|UZPE011|52001|T47|MT03|CARLOS PIZARRO|MZCCASA7CARLOSPIZARRO|-77.264501|1.215359||52UZPE01152001T47MT03EBS001H0164|52UZPE01152001T47MT03EBS001H0164F0164|1|1|1|2|52UZPE01152001T47MT03EBS001|900091143|CC|1233189234|AUXILIARDEENFERMERIA|52UZPE01152001T47MT03EBS001H0164F0164CF164|2024-09-17|1||1||3||1||1|2|11|5|2|2|20||2|13|0||1||1||1||1||1|2|2|2|1|1|2|2|2|2|2|2|2||2|2|1|1||9||1|2|2|1|1|1|2|2|1|52UZPE01152001T47MT03EBS001H016452UZPE01152001T47MT03EBS001H0164F0164
2|145|1|52|UZPE011|52001|T47|MT03|CARLOS PIZARRO|MZECASA11|-77.264275|1.215671||52UZPE01152001T47MT03EBS001H0165|52UZPE01152001T47MT03EBS001H0165F0165|1|1|1|1|52UZPE01152001T47MT03EBS001|900091143|CC|1233189234|AUXILIARDEENFERMERIA|52UZPE01152001T47MT03EBS001H0165F0165CF165|2024-09-18|1||1||3||1||1|2|10|5|2|2|20||2|13|0||1||1||1||1||7|1|3|1|1|1|1|2|2|2|2|2|2||2|2|1|1||9||1|2|2|1|1|1|2|2|1|52UZPE01152001T47MT03EBS001H016552UZPE01152001T47MT03EBS001H0165F0165
2|146|1|52|UZPE011|52001|T47|MT03|CARLOS PIZARRO|MZFCASA9CARLOSPIZARRO|-77.263709|1.215947||52UZPE01152001T47MT03EBS001H0166|52UZPE01152001T47MT03EBS001H0166F0166|1|1|1|2|52UZPE01152001T47MT03EBS001|900091143|CC|1233189234|AUXILIARDEENFERMERIA|52UZPE01152001T47MT03EBS001H0166F0166CF166|2024-09-18|1||1||3||1||1|2|11|5|2|2|20||1|13|0||1||1||1||1||2|2|3|1|1|1|1|2|2|2|2|2|2||2|2|1|2||9||1|2|2|1|1|1|2|2|1|52UZPE01152001T47MT03EBS001H016652UZPE01152001T47MT03EBS001H0166F0166
2|147|1|52|UZPE011|52001|T47|MT03|CARLOS PIZARRO|CARLOSPIZARROMANZANAFCASA1|-77.26401|1.215101||52UZPE01152001T47MT03EBS001H0167|52UZPE01152001T47MT03EBS001H0167F0167|2|1|1|4|52UZPE01152001T47MT03EBS001|900091143|CC|1014857280|AUXILIARENFERMERIA|52UZPE01152001T47MT03EBS001H0167F0167CF167|2024-09-18|4||1||3||1||4|2|11|5|3|2|20||2|13|0||1||1||1||1||1|4|3|1|1|1|1|2|2|2|2|2|2||2|2|1|2||9||1|2|2|1|1|1|2|2|1|52UZPE01152001T47MT03EBS001H016752UZPE01152001T47MT03EBS001H0167F0167
2|148|1|52|UZPE011|52001|T47|MT03|CARLOS PIZARRO|CARLOSPIZARROMANZANAGCASA3|-77.264337|1.215522||52UZPE01152001T47MT03EBS001H0168|52UZPE01152001T47MT03EBS001H0168F0168|2|1|1|2|52UZPE01152001T47MT03EBS001|900091143|CC|1014857280|AUXILIARENFERMERIA|52UZPE01152001T47MT03EBS001H0168F0168CF168|2024-09-18|1||1||3||1||3|2|11|5|3|2|20||2|13|0||1||1||1||1||1|2|3|1|1|1|1|2|2|2|2|2|2||2|2|1|1||9||1|2|2|1|2|1|2|2|1|52UZPE01152001T47MT03EBS001H016852UZPE01152001T47MT03EBS001H0168F0168
2|149|1|52|UZPE011|52001|T47|MT03|CARLOS PIZARRO|MANZANAFCASA12CARLOSPIZARRO|-77.264069|1.215602||52UZPE01152001T47MT03EBS001H0169|52UZPE01152001T47MT03EBS001H0169F0169|2|1|1|2|52UZPE01152001T47MT03EBS001|900091143|CC|1014857280|AUXILIARENFERMERIA|52UZPE01152001T47MT03EBS001H0169F0169CF169|2024-09-18|4||1||3||1||3|2|11|5|3|2|20||2|13|0||3||1||1||1||1|2|3|1|1|1|1|2|2|2|2|2|2||2|2|1|2||9||1|2|2|1|1|1|2|2|1|52UZPE01152001T47MT03EBS001H016952UZPE01152001T47MT03EBS001H0169F0169
2|150|1|52|UZPE011|52001|T47|MT03|CARLOS PIZARRO|CARLOSPIZARROMANZANAACASA8|-77.263984|1.214875||52UZPE01152001T47MT03EBS001H0170|52UZPE01152001T47MT03EBS001H0170F0170|2|1|1|2|52UZPE01152001T47MT03EBS001|900091143|CC|1014857280|AUXILIARENFERMERIA|52UZPE01152001T47MT03EBS001H0170F0170CF170|2024-09-18|1||1||3||1||2|2|11|5|3|2|20||2|13|0||1||1||1||1||1|1|3|1|1|1|1|2|2|2|2|2|2||2|2|1|2||9||1|2|2|1|2|1|2|2|1|52UZPE01152001T47MT03EBS001H017052UZPE01152001T47MT03EBS001H0170F0170
2|151|1|52|UZPE011|52001|T47|MT03|CARLOS PIZARRO|CALLE26LAJOSEFINAMEDIA|-77.264735|1.214418||52UZPE01152001T47MT03EBS001H0171|52UZPE01152001T47MT03EBS001H0171F0171|1|1|1|2|52UZPE01152001T47MT03EBS001|900091143|CC|59178610|AUXILIARENFERMERIA|52UZPE01152001T47MT03EBS001H0171F0171CF171|2024-09-17|1||1||3||1||2|2|10|5|3|1|8||2|13|0||1||1||1||1||1|2|3|3|1|1|1|2|2|2|2|2|2||2|2|1|1||9||1|2|2|1|2|1|2|2|1|52UZPE01152001T47MT03EBS001H017152UZPE01152001T47MT03EBS001H0171F0171
2|152|1|52|UZPE011|52001|T47|MT03|CARLOS PIZARRO|CARLOSPIZARROMANZANABCASA9|-77.265793|1.01497||52UZPE01152001T47MT03EBS001H0172|52UZPE01152001T47MT03EBS001H0172F0172|2|2|2|5|52UZPE01152001T47MT03EBS001|900091143|CC|1014857280|AUXILIARENFERMERIA|52UZPE01152001T47MT03EBS001H0172F0172CF172|2024-09-18|1||1||3||1||3|1|11|5|3|2|20||2|13|0||1||1||1||1||1|6|3|1|1|1|2|2|2|2|2|2|2||2|2|1|2||9||1|2|2|1|2|1|2|2|1|52UZPE01152001T47MT03EBS001H017252UZPE01152001T47MT03EBS001H0172F0172
2|153|1|52|UZPE011|52001|T47|MT03|CARLOS PIZARRO|CARLOSPIZARROMANZANABCASA9|-77.265793|1.01497||52UZPE01152001T47MT03EBS001H0173|52UZPE01152001T47MT03EBS001H0173F0173|2|2|2|5|52UZPE01152001T47MT03EBS001|900091143|CC|1014857280|AUXILIARENFERMERIA|52UZPE01152001T47MT03EBS001H0173F0173CF173|2024-09-18|1||1||3||1||3|1|11|5|3|2|20||2|13|0||1||1||1||1||7|1|3|1|1|1|1|2|2|2|2|2|2||2|2|1|2||9||1|2|2|1|1|1|2|2|1|52UZPE01152001T47MT03EBS001H017352UZPE01152001T47MT03EBS001H0173F0173
2|154|1|52|UZPE011|52001|T47|MT03|CARLOS PIZARRO|CARRERA43727|-77.264761|1.214168||52UZPE01152001T47MT03EBS001H0174|52UZPE01152001T47MT03EBS001H0174F0174|1|1|1|2|52UZPE01152001T47MT03EBS001|900091143|CC|59178610|AUXILIARENFERMERIA|52UZPE01152001T47MT03EBS001H0174F0174CF174|2024-09-17|1||1||3||4||1|2|5|5|2|1|19||2|13|0||1||1||1||1||1|2|3|4|1|1|2|2|2|2|2|2|2||2|2|1|2||9||1|2|2|1|1|1|2|2|1|52UZPE01152001T47MT03EBS001H017452UZPE01152001T47MT03EBS001H0174F0174
2|155|1|52|UZPE011|52001|T47|MT03|CARLOS PIZARRO|GCASA11|-77.263932|1.21526||52UZPE01152001T47MT03EBS001H0178|52UZPE01152001T47MT03EBS001H0178F0178|1|1|1|1|52UZPE01152001T47MT03EBS001|900091143|CC|1233189234|AUXILIARDEENFERMERIA|52UZPE01152001T47MT03EBS001H0178F0178CF178|2024-09-18|1||1||3||1||1|2|11|5|2|2|20||2|13|0||1||1||1||1||7|1|3|1|1|1|1|2|2|2|2|2|2||2|2|1|1||9||1|2|2|1|1|1|2|2|1|52UZPE01152001T47MT03EBS001H017852UZPE01152001T47MT03EBS001H0178F0178
2|156|1|52|UZPE011|52001|T47|MT03|CARLOS PIZARRO|CASA11MG|-77.263932|1.21526||52UZPE01152001T47MT03EBS001H0179|52UZPE01152001T47MT03EBS001H0179F0179|1|1|1|3|52UZPE01152001T47MT03EBS001|900091143|CC|1233189234|AUXILIARDEENFERMERIA|52UZPE01152001T47MT03EBS001H0179F0179CF179|2024-09-18|5||1||3||4||2|2|11|5|2|2|20||1|13|0||1||1||1||1||2|3|3|1|1|1|1|2|2|2|2|2|2||2|2|1|2||9||1|2|2|1|1|1|2|2|1|52UZPE01152001T47MT03EBS001H017952UZPE01152001T47MT03EBS001H0179F0179
2|157|1|52|UZPE011|52001|T47|MT03|CARLOS PIZARRO|MZ6CASA6VILLAANGELA|-77.266691|1.215066||52UZPE01152001T47MT03EBS001H0186|52UZPE01152001T47MT03EBS001H0186F0186|2|1|1|2|52UZPE01152001T47MT03EBS001|900091143|CC|1193385397|AUXILIARENFERMERIA|52UZPE01152001T47MT03EBS001H0186F0186CF186|2024-09-15|1||1||3||1||2|2|11|4|3|2|20||2|13|0||1||1||1||1||1|3|3|1|1|1|1|2|2|2|2|2|2||2|2|2|1||9||2|2|2|1|1|1|2|2|1|52UZPE01152001T47MT03EBS001H018652UZPE01152001T47MT03EBS001H0186F0186
2|158|1|52|UZPE011|52001|T47|MT03|CARLOS PIZARRO|MZ6CASA3VILLAANGELA|-77.266691|1.215066||52UZPE01152001T47MT03EBS001H0187|52UZPE01152001T47MT03EBS001H0187F0187|2|1|1|3|52UZPE01152001T47MT03EBS001|900091143|CC|1193385397|AUXILIARENFERMERIA|52UZPE01152001T47MT03EBS001H0187F0187CF187|2024-09-15|1||1||3||1||2|2|11|4|3|2|20||2|13|0||1||1||1||1||1|3|3|1|1|1|1|2|2|2|2|2|2||2|2|2|2||9||2|2|2|1|1|1|2|2|1|52UZPE01152001T47MT03EBS001H018752UZPE01152001T47MT03EBS001H0187F0187
2|159|1|52|UZPE011|52001|T47|MT03|CARLOS PIZARRO|439|-77.264509|1.216259||52UZPE01152001T47MT03EBS001H0188|52UZPE01152001T47MT03EBS001H0188F0188|1|1|1|2|52UZPE01152001T47MT03EBS001|900091143|CC|1081272025|AUXILIARDEENFERMERIA|52UZPE01152001T47MT03EBS001H0188F0188CF188|2024-09-17|1||1||3||4||2|2|1|5|2|1|3||1|13|0||1||1||1||1||2|2|3|2|1|1|1|2|2|2|2|2|2||2|2|1|1||9||1|2|2|1|1|1|2|2|1|52UZPE01152001T47MT03EBS001H018852UZPE01152001T47MT03EBS001H0188F0188
2|160|1|52|UZPE011|52001|T47|MT03|CARLOS PIZARRO|CASA6|-77.264525|1.215532||52UZPE01152001T47MT03EBS001H0189|52UZPE01152001T47MT03EBS001H0189F0189|2|1|1|1|52UZPE01152001T47MT03EBS001|900091143|CC|1081272025|AUXILIARDEENFERMERIA|52UZPE01152001T47MT03EBS001H0189F0189CF189|2024-09-17|1||1||3||1||2|2|11|5|2|2|20||2|13|0||1||1||1||1||7|1|3|1|1|1|1|2|2|2|2|2|2||2|2|1|1||9||1|2|2|1|2|1|2|2|1|52UZPE01152001T47MT03EBS001H018952UZPE01152001T47MT03EBS001H0189F0189
2|161|1|52|UZPE011|52001|T47|MT03|CARLOS PIZARRO|CASA4|-77.264525|1.215532||52UZPE01152001T47MT03EBS001H0190|52UZPE01152001T47MT03EBS001H0190F0190|1|1|1|1|52UZPE01152001T47MT03EBS001|900091143|CC|1081272025|AUXILIARDEENFERMERIA|52UZPE01152001T47MT03EBS001H0190F0190CF190|2024-09-17|4||1||3||1||2|2|11|5|3|2|20||2|13|0||1||1||1||1||7|1|3|1|1|1|1|2|2|2|2|2|2||2|2|1|1||9||1|2|2|1|1|1|2|2|1|52UZPE01152001T47MT03EBS001H019052UZPE01152001T47MT03EBS001H0190F0190
2|162|1|52|UZPE011|52001|T47|MT03|CARLOS PIZARRO|CS1|-77.264525|1.215532||52UZPE01152001T47MT03EBS001H0191|52UZPE01152001T47MT03EBS001H0191F0191|2|1|1|1|52UZPE01152001T47MT03EBS001|900091143|CC|1081272025|AUXILIARDEENFERMERIA|52UZPE01152001T47MT03EBS001H0191F0191CF191|2024-09-17|1||1||3||1||4|2|11|5|2|2|20||1|13|0||1||1||1||1||7|1|3|1|1|1|1|2|2|2|2|2|2||2|2|1|2||9||1|2|2|1|1|1|2|2|1|52UZPE01152001T47MT03EBS001H019152UZPE01152001T47MT03EBS001H0191F0191
2|163|1|52|UZPE011|52001|T47|MT03|CARLOS PIZARRO|CSA8|-77.264525|1.215532||52UZPE01152001T47MT03EBS001H0192|52UZPE01152001T47MT03EBS001H0192F0192|1|1|1|1|52UZPE01152001T47MT03EBS001|900091143|CC|1081272025|AUXILIARDEENFERMERIA|52UZPE01152001T47MT03EBS001H0192F0192CF192|2024-09-17|1||1||3||1||4|2|11|5|2|2|20||2|13|0||1||1||1||1||7|1|3|1|1|1|1|2|2|2|2|2|2||2|2|1|2||9||1|2|2|1|2|1|2|2|1|52UZPE01152001T47MT03EBS001H019252UZPE01152001T47MT03EBS001H0192F0192
2|164|1|52|UZPE011|52001|T47|MT03|CARLOS PIZARRO|CSA5|-77.264525|1.215532||52UZPE01152001T47MT03EBS001H0193|52UZPE01152001T47MT03EBS001H0193F0193|2|1|1|1|52UZPE01152001T47MT03EBS001|900091143|CC|1081272025|AUXILIARDEENFERMERIA|52UZPE01152001T47MT03EBS001H0193F0193CF193|2024-09-17|4||1||3||1||2|2|11|5|3|2|20||2|13|0||1||1||1||1||7|1|3|2|1|1|1|2|2|2|2|2|2||2|2|2|1||9||2|2|2|1|1|1|2|2|1|52UZPE01152001T47MT03EBS001H019352UZPE01152001T47MT03EBS001H0193F0193
2|165|1|52|UZPE011|52001|T47|MT03|CARLOS PIZARRO|CSA3|-77.264525|1.215532||52UZPE01152001T47MT03EBS001H0194|52UZPE01152001T47MT03EBS001H0194F0194|1|3|3|7|52UZPE01152001T47MT03EBS001|900091143|CC|1081272025|AUXILIARDEENFERMERIA|52UZPE01152001T47MT03EBS001H0194F0194CF194|2024-09-18|1||1||3||4||3|2|11|5|2|2|20||2|13|0||1||1||1||1||1|3|3|2|1|1|1|2|2|2|2|2|2||2|2|1|1||9||1|2|2|1|1|1|2|2|1|52UZPE01152001T47MT03EBS001H019452UZPE01152001T47MT03EBS001H0194F0194
2|166|1|52|UZPE011|52001|T47|MT03|CARLOS PIZARRO|CSA3|-77.264525|1.215532||52UZPE01152001T47MT03EBS001H0195|52UZPE01152001T47MT03EBS001H0195F0195|1|3|3|7|52UZPE01152001T47MT03EBS001|900091143|CC|1081272025|AUXILIARDEENFERMERIA|52UZPE01152001T47MT03EBS001H0195F0195CF195|2024-09-18|1||1||3||4||3|2|11|5|2|2|20||2|13|0||1||1||1||1||7|1|3|1|1|1|1|2|2|2|2|2|2||2|2|2|1||9||2|2|2|1|1|1|2|2|1|52UZPE01152001T47MT03EBS001H019552UZPE01152001T47MT03EBS001H0195F0195
2|167|1|52|UZPE011|52001|T47|MT03|CARLOS PIZARRO|CSA3|-77.264525|1.215532||52UZPE01152001T47MT03EBS001H0196|52UZPE01152001T47MT03EBS001H0196F0196|1|3|3|7|52UZPE01152001T47MT03EBS001|900091143|CC|1081272025|AUXILIARDEENFERMERIA|52UZPE01152001T47MT03EBS001H0196F0196CF196|2024-09-18|1||1||3||4||3|2|11|5|2|2|20||2|13|0||1||1||1||1||1|3|3|1|1|1|1|2|2|2|2|2|2||2|2|1|1||9||1|2|2|1|1|1|2|2|1|52UZPE01152001T47MT03EBS001H019652UZPE01152001T47MT03EBS001H0196F0196
2|168|1|52|UZPE011|52001|T47|MT03|CARLOS PIZARRO|CSA6|-77.264525|1.215532||52UZPE01152001T47MT03EBS001H0197|52UZPE01152001T47MT03EBS001H0197F0197|1|2|2|2|52UZPE01152001T47MT03EBS001|900091143|CC|1081272025|AUXILIARDEENFERMERIA|52UZPE01152001T47MT03EBS001H0197F0197CF197|2024-09-18|4||1||3||1||2|2|11|5|3|2|20||2|13|0||1||1||1||1||7|1|3|1|1|1|1|2|2|2|2|2|2||2|2|2|1||9||2|2|2|1|2|1|2|2|1|52UZPE01152001T47MT03EBS001H019752UZPE01152001T47MT03EBS001H0197F0197
2|169|1|52|UZPE011|52001|T47|MT03|CARLOS PIZARRO|CSA6|-77.264525|1.215532||52UZPE01152001T47MT03EBS001H0198|52UZPE01152001T47MT03EBS001H0198F0198|1|2|2|2|52UZPE01152001T47MT03EBS001|900091143|CC|1081272025|AUXILIARDEENFERMERIA|52UZPE01152001T47MT03EBS001H0198F0198CF198|2024-09-18|4||1||3||1||2|2|11|5|3|2|20||2|13|0||1||1||1||1||7|1|3|1|1|1|1|2|2|2|2|2|2||2|2|1|1||9||1|2|2|1|2|1|2|2|1|52UZPE01152001T47MT03EBS001H019852UZPE01152001T47MT03EBS001H0198F0198
2|170|1|52|UZPE011|52001|T47|MT03|CARLOS PIZARRO|MANZANA5CASA5|-77.26703|1.214396||52UZPE01152001T47MT03EBS001H0199|52UZPE01152001T47MT03EBS001H0199F0199|1|2|2|5|52UZPE01152001T47MT03EBS001|900091143|CC|59833702|OTRO|52UZPE01152001T47MT03EBS001H0199F0199CF199|2024-09-16|1||1||3||1||4|1|11|5|3|2|20||2|13|0||1||1||1||1||7|1|3|1|1|1|1|2|2|2|2|2|2||2|2|1|2||9||1|2|2|1|1|1|2|2|1|52UZPE01152001T47MT03EBS001H019952UZPE01152001T47MT03EBS001H0199F0199
2|171|1|52|UZPE011|52001|T47|MT03|CARLOS PIZARRO|MANZANA5CASA5|-77.26703|1.214396||52UZPE01152001T47MT03EBS001H0200|52UZPE01152001T47MT03EBS001H0200F0200|1|2|2|5|52UZPE01152001T47MT03EBS001|900091143|CC|59833702|OTRO|52UZPE01152001T47MT03EBS001H0200F0200CF200|2024-09-16|1||1||3||1||4|1|11|5|3|2|20||2|13|0||1||1||1||1||2|4|3|1|1|1|1|2|2|2|2|2|2||2|2|1|2||9||1|2|2|1|1|1|2|2|1|52UZPE01152001T47MT03EBS001H020052UZPE01152001T47MT03EBS001H0200F0200
2|172|1|52|UZPE011|52001|T47|MT03|CARLOS PIZARRO|MANZDCASA2|-77.264966|1.214088||52UZPE01152001T47MT03EBS001H0201|52UZPE01152001T47MT03EBS001H0201F0201|2|1|1|3|52UZPE01152001T47MT03EBS001|900091143|CC|59178610|AUXILIARENFERMERIA|52UZPE01152001T47MT03EBS001H0201F0201CF201|2024-09-17|1||1||3||1||2|2|8|5|2|2|20||2|13|0||1||1||1||1||1|3|3|2|1|1|1|2|2|2|2|2|2||2|2|1|2||9||1|2|2|1|1|1|2|2|1|52UZPE01152001T47MT03EBS001H020152UZPE01152001T47MT03EBS001H0201F0201
2|173|1|52|UZPE011|52001|T47|MT03|CARLOS PIZARRO|MANZBCASA1VILLADELPRADO|-77.263613|1.21722||52UZPE01152001T47MT03EBS001H0203|52UZPE01152001T47MT03EBS001H0203F0203|1|1|1|3|52UZPE01152001T47MT03EBS001|900091143|CC|59178610|AUXILIARENFERMERIA|52UZPE01152001T47MT03EBS001H0203F0203CF203|2024-09-17|1||1||3||4||2|2|8|1|2|1|8||2|13|2||1||1||1||1||2|3|3|3|1|1|1|2|2|2|2|2|2||2|2|1|2||9||1|2|2|1|1|1|2|2|1|52UZPE01152001T47MT03EBS001H020352UZPE01152001T47MT03EBS001H0203F0203
2|174|1|52|UZPE011|52001|T47|MT03|CARLOS PIZARRO|MANZANAGCASA6|-77.263986|1.215114||52UZPE01152001T47MT03EBS001H0204|52UZPE01152001T47MT03EBS001H0204F0204|2|1|1|5|52UZPE01152001T47MT03EBS001|900091143|CC|59178610|AUXILIARENFERMERIA|52UZPE01152001T47MT03EBS001H0204F0204CF204|2024-09-17|1||1||3||4||3|2|1|5|2|2|19||1|13|0||1||1||1||1||1|5|3|2|1|1|1|2|2|2|2|2|2||2|2|1|2||9||1|2|2|1|1|1|2|2|1|52UZPE01152001T47MT03EBS001H020452UZPE01152001T47MT03EBS001H0204F0204
2|175|1|52|UZPE011|52001|T47|MT03|CARLOS PIZARRO|CALLE26ANUMERO5B12BARRIOLAJOSEFINA|-77.264904|1.216357||52UZPE01152001T47MT03EBS001H0205|52UZPE01152001T47MT03EBS001H0205F0205|1|4|4|2|52UZPE01152001T47MT03EBS001|900091143|CC|79724257|JEFEDEENFERMERIA|52UZPE01152001T47MT03EBS001H0205F0205CF205|2024-09-17|1||1||3||1||1|2|11|5|2|2|20||2|13|0||1||1||1||1||1|2|3|1|1|1|1|2|2|2|2|2|2||2|2|1|1||9||1|2|2|1|1|1|2|2|1|52UZPE01152001T47MT03EBS001H020552UZPE01152001T47MT03EBS001H0205F0205
2|176|1|52|UZPE011|52001|T47|MT03|CARLOS PIZARRO|CALLE26ANUMERO5B12BARRIOLAJOSEFINA|-77.264904|1.216357||52UZPE01152001T47MT03EBS001H0206|52UZPE01152001T47MT03EBS001H0206F0206|1|4|4|2|52UZPE01152001T47MT03EBS001|900091143|CC|79724257|JEFEDEENFERMERIA|52UZPE01152001T47MT03EBS001H0206F0206CF206|2024-09-17|1||1||3||1||1|2|11|5|2|2|20||2|13|0||1||1||1||1||2|3|3|1|1|1|1|2|2|2|2|2|2||2|2|1|1||9||1|2|2|1|2|1|2|2|1|52UZPE01152001T47MT03EBS001H020652UZPE01152001T47MT03EBS001H0206F0206
2|177|1|52|UZPE011|52001|T47|MT03|CARLOS PIZARRO|CALLE26ANUMERO5B12BARRIOLAJOSEFINA|-77.264904|1.216357||52UZPE01152001T47MT03EBS001H0207|52UZPE01152001T47MT03EBS001H0207F0207|1|4|4|2|52UZPE01152001T47MT03EBS001|900091143|CC|79724257|JEFEDEENFERMERIA|52UZPE01152001T47MT03EBS001H0207F0207CF207|2024-09-17|1||1||3||1||1|2|11|5|2|2|20||2|13|0||1||1||1||1||2|2|3|1|1|1|1|2|2|2|2|2|2||2|2|1|1||9||1|2|2|1|2|1|2|2|1|52UZPE01152001T47MT03EBS001H020752UZPE01152001T47MT03EBS001H0207F0207
2|178|1|52|UZPE011|52001|T47|MT03|CARLOS PIZARRO|CALLE26ANUMERO5B12BARRIOLAJOSEFINA|-77.264904|1.216357||52UZPE01152001T47MT03EBS001H0208|52UZPE01152001T47MT03EBS001H0208F0208|1|4|4|2|52UZPE01152001T47MT03EBS001|900091143|CC|79724257|JEFEDEENFERMERIA|52UZPE01152001T47MT03EBS001H0208F0208CF208|2024-09-17|1||1||3||1||1|2|11|5|2|2|20||2|13|0||1||1||1||1||2|2|3|1|1|1|1|2|2|2|2|2|2||2|2|1|1||9||1|2|2|1|1|1|2|2|1|52UZPE01152001T47MT03EBS001H020852UZPE01152001T47MT03EBS001H0208F0208
2|179|1|52|UZPE011|52001|T47|MT03|CARLOS PIZARRO|MANZANADCASA10BARRIOCARLOSPIZARRO|-77.264733|1.215802||52UZPE01152001T47MT03EBS001H0209|52UZPE01152001T47MT03EBS001H0209F0209|1|1|1|2|52UZPE01152001T47MT03EBS001|900091143|CC|79724257|JEFEDEENFERMERIA|52UZPE01152001T47MT03EBS001H0209F0209CF209|2024-09-17|1||1||3||1||1|2|11|5|2|2|20||2|13|0||1||1||1||1||1|2|2|3|1|3|3|2|2|2|2|2|2||2|2|1|1||9||1|2|2|1|1|1|2|2|1|52UZPE01152001T47MT03EBS001H020952UZPE01152001T47MT03EBS001H0209F0209
2|180|1|52|UZPE011|52001|T47|MT03|CARLOS PIZARRO|CASA14|-77.264525|1.215532||52UZPE01152001T47MT03EBS001H0210|52UZPE01152001T47MT03EBS001H0210F0210|2|2|2|3|52UZPE01152001T47MT03EBS001|900091143|CC|1081272025|AUXILIARDEENFERMERIA|52UZPE01152001T47MT03EBS001H0210F0210CF210|2024-09-18|4||1||3||1||2|2|11|5|3|2|20||2|13|0||1||1||1||1||2|2|3|1|1|1|1|2|2|2|2|2|2||2|2|1|1||9||1|2|2|1|1|1|2|2|1|52UZPE01152001T47MT03EBS001H021052UZPE01152001T47MT03EBS001H0210F0210
2|181|1|52|UZPE011|52001|T47|MT03|CARLOS PIZARRO|CASA14|-77.264525|1.215532||52UZPE01152001T47MT03EBS001H0211|52UZPE01152001T47MT03EBS001H0211F0211|2|2|2|3|52UZPE01152001T47MT03EBS001|900091143|CC|1081272025|AUXILIARDEENFERMERIA|52UZPE01152001T47MT03EBS001H0211F0211CF211|2024-09-18|4||1||3||1||2|2|11|5|3|2|20||2|13|0||1||1||1||1||7|1|3|1|1|1|1|2|2|2|2|2|2||2|2|2|1||9||2|2|2|1|2|1|2|2|1|52UZPE01152001T47MT03EBS001H021152UZPE01152001T47MT03EBS001H0211F0211
2|182|1|52|UZPE011|52001|T47|MT03|CARLOS PIZARRO|CASA1|-77.264525|1.215532||52UZPE01152001T47MT03EBS001H0212|52UZPE01152001T47MT03EBS001H0212F0212|2|1|1|2|52UZPE01152001T47MT03EBS001|900091143|CC|1081272025|AUXILIARDEENFERMERIA|52UZPE01152001T47MT03EBS001H0212F0212CF212|2024-09-19|1||1||3||1||3|2|11|5|3|2|20||2|13|0||1||1||1||1||1|2|3|1|1|1|1|2|2|2|2|2|2||2|2|1|1||9||1|2|2|1|1|1|2|2|1|52UZPE01152001T47MT03EBS001H021252UZPE01152001T47MT03EBS001H0212F0212
2|183|1|52|UZPE011|52001|T47|MT03|CARLOS PIZARRO|CASA17|-77.264525|1.215532||52UZPE01152001T47MT03EBS001H0213|52UZPE01152001T47MT03EBS001H0213F0213|2|1|1|4|52UZPE01152001T47MT03EBS001|900091143|CC|1081272025|AUXILIARDEENFERMERIA|52UZPE01152001T47MT03EBS001H0213F0213CF213|2024-09-19|4||1||3||1||3|2|11|5|3|2|20||2|13|0||1||1||1||1||1|4|3|1|1|1|1|2|2|2|2|2|2||2|2|1|2||9||1|2|2|1|1|1|2|2|1|52UZPE01152001T47MT03EBS001H021352UZPE01152001T47MT03EBS001H0213F0213
2|184|1|52|UZPE011|52001|T47|MT03|CARLOS PIZARRO|CASA6|-77.264525|1.215532||52UZPE01152001T47MT03EBS001H0214|52UZPE01152001T47MT03EBS001H0214F0214|2|1|1|2|52UZPE01152001T47MT03EBS001|900091143|CC|1081272025|AUXILIARDEENFERMERIA|52UZPE01152001T47MT03EBS001H0214F0214CF214|2024-09-19|4||1||3||1||3|2|11|5|3|2|20||2|13|0||1||1||1||1||1|2|3|2|1|1|1|2|2|2|2|2|2||2|2|1|2||9||1|2|2|1|1|1|2|2|1|52UZPE01152001T47MT03EBS001H021452UZPE01152001T47MT03EBS001H0214F0214
2|185|1|52|UZPE011|52001|T47|MT03|CARLOS PIZARRO|MANZBCASA3|-77.264405|1.216685||52UZPE01152001T47MT03EBS001H0215|52UZPE01152001T47MT03EBS001H0215F0215|1|1|1|1|52UZPE01152001T47MT03EBS001|900091143|CC|59178610|AUXILIARENFERMERIA|52UZPE01152001T47MT03EBS001H0215F0215CF215|2024-09-19|1||1||3||4||1|2|5|5|2|2|19||2|13|0||1||1||1||1||7|1|3|4|1|1|2|2|2|2|2|2|2||2|2|1|2||9||1|2|2|1|2|1|2|2|1|52UZPE01152001T47MT03EBS001H021552UZPE01152001T47MT03EBS001H0215F0215
2|186|1|52|UZPE011|52001|T47|MT03|CARLOS PIZARRO|MANZBCASA12|-77.26438|1.217018||52UZPE01152001T47MT03EBS001H0216|52UZPE01152001T47MT03EBS001H0216F0216|2|1|1|1|52UZPE01152001T47MT03EBS001|900091143|CC|59178610|AUXILIARENFERMERIA|52UZPE01152001T47MT03EBS001H0216F0216CF216|2024-09-19|1||1||3||1||3|2|1|5|2|2|20||1|13|0||1||1||1||1||1|1|3|3|1|1|2|2|2|2|2|2|2||2|2|1|2||9||1|2|2|1|1|1|2|2|1|52UZPE01152001T47MT03EBS001H021652UZPE01152001T47MT03EBS001H0216F0216
2|187|1|52|UZPE011|52001|T47|MT03|CARLOS PIZARRO|MANZANADCASA11TIENDA|-77.264755|1.215909||52UZPE01152001T47MT03EBS001H0217|52UZPE01152001T47MT03EBS001H0217F0217|1|1|1|2|52UZPE01152001T47MT03EBS001|900091143|CC|79724257|JEFEDEENFERMERIA|52UZPE01152001T47MT03EBS001H0217F0217CF217|2024-09-17|1||1||3||1||2|2|11|5|2|2|20||1|13|0||1||1||1||1||2|2|2|2|1|1|1|2|2|2|2|2|2||2|2|1|1||9||1|2|2|1|1|1|2|2|1|52UZPE01152001T47MT03EBS001H021752UZPE01152001T47MT03EBS001H0217F0217
2|188|1|52|UZPE011|52001|T47|MT03|CARLOS PIZARRO|CARLOSPIZARROMANZANAECASA14|-77.265027|1.21356||52UZPE01152001T47MT03EBS001H0218|52UZPE01152001T47MT03EBS001H0218F0218|2|1|1|2|52UZPE01152001T47MT03EBS001|900091143|CC|1014857280|AUXILIARENFERMERIA|52UZPE01152001T47MT03EBS001H0218F0218CF218|2024-09-19|3||5||4||4||1|2|11|5|3|1|8||2|13|2||1||1||1||1||1|2|3|1|1|1|1|2|2|2|2|2|2||2|2|1|2||9||1|2|2|1|1|1|2|2|1|52UZPE01152001T47MT03EBS001H021852UZPE01152001T47MT03EBS001H0218F0218
2|189|1|52|UZPE011|52001|T47|MT03|CARLOS PIZARRO|CARLOSPIZARROMANZANABCASA14|-77.26452|1.215119||52UZPE01152001T47MT03EBS001H0219|52UZPE01152001T47MT03EBS001H0219F0219|3|1|1|2|52UZPE01152001T47MT03EBS001|900091143|CC|1014857280|AUXILIARENFERMERIA|52UZPE01152001T47MT03EBS001H0219F0219CF219|2024-09-19|4||1||3||1||2|2|11|5|3|2|20||1|13|0||1||1||1||1||2|2|3|1|1|1|1|2|2|2|2|2|2||2|2|1|2||9||1|2|2|1|1|1|2|2|1|52UZPE01152001T47MT03EBS001H021952UZPE01152001T47MT03EBS001H0219F0219
2|190|1|52|UZPE011|52001|T47|MT03|CARLOS PIZARRO|MANZECASA8|-77.263982|1.214732||52UZPE01152001T47MT03EBS001H0220|52UZPE01152001T47MT03EBS001H0220F0220|1|1|1|3|52UZPE01152001T47MT03EBS001|900091143|CC|59178610|AUXILIARENFERMERIA|52UZPE01152001T47MT03EBS001H0220F0220CF220|2024-09-18|1||1||3||1||3|2|2|5|2|2|19||2|13|0||1||1||1||1||2|3|3|3|1|1|1|2|2|2|2|2|2||2|2|1|2||9||1|2|2|1|1|1|2|2|1|52UZPE01152001T47MT03EBS001H022052UZPE01152001T47MT03EBS001H0220F0220
2|191|1|52|UZPE011|52001|T47|MT03|CARLOS PIZARRO|CARLOSPIZARROMANZANABCASA14|-77.64559|1.215295||52UZPE01152001T47MT03EBS001H0221|52UZPE01152001T47MT03EBS001H0221F0221|3|1|1|2|52UZPE01152001T47MT03EBS001|900091143|CC|1014857280|AUXILIARENFERMERIA|52UZPE01152001T47MT03EBS001H0221F0221CF221|2024-09-19|4||1||3||1||2|2|11|5|3|2|20||1|13|0||1||1||1||1||1|2|1|1|1|1|2|2|2|2|2|2|2||2|2|1|2||9||1|2|2|1|2|1|2|2|1|52UZPE01152001T47MT03EBS001H022152UZPE01152001T47MT03EBS001H0221F0221
2|192|1|52|UZPE011|52001|T47|MT03|CARLOS PIZARRO|CARLOSPIZARROMANZANABCASA3|-77.24529|1.215312||52UZPE01152001T47MT03EBS001H0222|52UZPE01152001T47MT03EBS001H0222F0222|3|1|1|2|52UZPE01152001T47MT03EBS001|900091143|CC|1014857280|AUXILIARENFERMERIA|52UZPE01152001T47MT03EBS001H0222F0222CF222|2024-09-19|1||1||3||1||2|2|11|5|3|2|20||2|13|0||1||1||1||1||1|2|3|1|1|1|1|2|2|2|2|2|2||2|2|1|2||9||1|2|2|1|1|1|2|2|1|52UZPE01152001T47MT03EBS001H022252UZPE01152001T47MT03EBS001H0222F0222
2|193|1|52|UZPE011|52001|T47|MT03|CARLOS PIZARRO|CARLOSPIZARROMANZANAFCASA13|-77.264118|1.215372||52UZPE01152001T47MT03EBS001H0223|52UZPE01152001T47MT03EBS001H0223F0223|2|1|1|3|52UZPE01152001T47MT03EBS001|900091143|CC|1014857280|AUXILIARENFERMERIA|52UZPE01152001T47MT03EBS001H0223F0223CF223|2024-09-18|1||1||3||1||2|2|11|5|3|2|20||2|13|0||1||1||1||1||1|3|3|1|1|1|1|2|2|2|2|2|2||2|2|1|2||9||1|2|2|1|1|1|2|2|1|52UZPE01152001T47MT03EBS001H022352UZPE01152001T47MT03EBS001H0223F0223
2|194|1|52|UZPE011|52001|T47|MT03|CARLOS PIZARRO|MANZHCASA5|-77.263557|1.214996||52UZPE01152001T47MT03EBS001H0224|52UZPE01152001T47MT03EBS001H0224F0224|2|1|1|4|52UZPE01152001T47MT03EBS001|900091143|CC|59178610|AUXILIARENFERMERIA|52UZPE01152001T47MT03EBS001H0224F0224CF224|2024-09-18|1||1||3||4||3|2|3|5|3|2|19||2|13|0||1||1||1||1||1|4|3|4|1|1|1|2|2|2|2|2|2||2|2|1|1||9||1|2|2|1|1|1|2|2|1|52UZPE01152001T47MT03EBS001H022452UZPE01152001T47MT03EBS001H0224F0224
2|195|1|52|UZPE011|52001|T47|MT03|CARLOS PIZARRO|MANZBCASA10AP1|-77.264271|1.215334||52UZPE01152001T47MT03EBS001H0225|52UZPE01152001T47MT03EBS001H0225F0225|1|1|1|3|52UZPE01152001T47MT03EBS001|900091143|CC|59178610|AUXILIARENFERMERIA|52UZPE01152001T47MT03EBS001H0225F0225CF225|2024-09-18|1||1||3||1||2|2|2|5|3|2|20||1|13|0||1||1||1||1||1|3|3|3|1|1|1|2|2|2|2|2|2||2|2|1|1||9||1|2|2|1|1|1|2|2|1|52UZPE01152001T47MT03EBS001H022552UZPE01152001T47MT03EBS001H0225F0225
2|196|1|52|UZPE011|52001|T47|MT03|CARLOS PIZARRO|MANZANAHAPART2CASA5|-77.264866|1.213848||52UZPE01152001T47MT03EBS001H0226|52UZPE01152001T47MT03EBS001H0226F0226|2|2|2|4|52UZPE01152001T47MT03EBS001|900091143|CC|59178610|AUXILIARENFERMERIA|52UZPE01152001T47MT03EBS001H0226F0226CF226|2024-09-18|1||1||3||1||4|2|2|5|2|2|19||2|13|0||1||1||1||1||1|4|3|3|1|1|1|2|2|2|2|2|2||2|2|1|2||9||1|2|2|1|1|1|2|2|1|52UZPE01152001T47MT03EBS001H022652UZPE01152001T47MT03EBS001H0226F0226
2|197|1|52|UZPE011|52001|T47|MT03|CARLOS PIZARRO|MANZANAHAPART2CASA5|-77.264866|1.213848||52UZPE01152001T47MT03EBS001H0227|52UZPE01152001T47MT03EBS001H0227F0227|2|2|2|4|52UZPE01152001T47MT03EBS001|900091143|CC|59178610|AUXILIARENFERMERIA|52UZPE01152001T47MT03EBS001H0227F0227CF227|2024-09-18|1||1||3||1||4|2|2|5|3|2|19||2|13|0||1||1||1||1||7|1|3|3|1|1|2|2|2|2|2|2|2||2|2|1|2||9||1|2|2|1|1|1|2|2|1|52UZPE01152001T47MT03EBS001H022752UZPE01152001T47MT03EBS001H0227F0227
2|198|1|52|UZPE011|52001|T47|MT03|CARLOS PIZARRO|MANZANAFCASA1|-77.264505|1.215598||52UZPE01152001T47MT03EBS001H0228|52UZPE01152001T47MT03EBS001H0228F0228|1|1|1|2|52UZPE01152001T47MT03EBS001|900091143|CC|59178610|AUXILIARENFERMERIA|52UZPE01152001T47MT03EBS001H0228F0228CF228|2024-09-18|1||1||3||1||1|2|2|5|2|2|20||1|13|0||1||1||1||1||1|2|3|2|1|1|1|2|2|2|2|2|2||2|2|1|2||9||1|2|2|1|1|1|2|2|1|52UZPE01152001T47MT03EBS001H022852UZPE01152001T47MT03EBS001H0228F0228
2|199|1|52|UZPE011|52001|T47|MT03|CARLOS PIZARRO|MZNGCASA11|-77.263932|1.21526||52UZPE01152001T47MT03EBS001H0229|52UZPE01152001T47MT03EBS001H0229F0229|1|1|1|2|52UZPE01152001T47MT03EBS001|900091143|CC|1233189234|AUXILIARDEENFERMERIA|52UZPE01152001T47MT03EBS001H0229F0229CF229|2024-09-18|5||1||3||4||1|2|11|5|3|2|20||1|13|0||1||1||1||1||2|2|3|1|1|1|1|2|2|2|2|2|2||2|2|1|2||9||1|2|2|1|1|1|2|2|1|52UZPE01152001T47MT03EBS001H022952UZPE01152001T47MT03EBS001H0229F0229
2|200|1|52|UZPE011|52001|T47|MT03|CARLOS PIZARRO|MAZ2CASA7VILLAANGELA|-77.267203|1.215482||52UZPE01152001T47MT03EBS001H0230|52UZPE01152001T47MT03EBS001H0230F0230|2|3|3|5|52UZPE01152001T47MT03EBS001|900091143|CC|1193385397|AUXILIARENFERMERIA|52UZPE01152001T47MT03EBS001H0230F0230CF230|2024-09-15|1||1||3||1||3|2|11|5|3|2|20||2|13|0||1||1||1||1||1|3|3|1|1|1|1|2|2|2|2|2|2||2|2|2|1||9||2|2|2|1|1|1|2|2|1|52UZPE01152001T47MT03EBS001H023052UZPE01152001T47MT03EBS001H0230F0230
2|201|1|52|UZPE011|52001|T47|MT03|CARLOS PIZARRO|MAZ2CASA7VILLAANGELA|-77.267203|1.215482||52UZPE01152001T47MT03EBS001H0231|52UZPE01152001T47MT03EBS001H0231F0231|2|3|3|5|52UZPE01152001T47MT03EBS001|900091143|CC|1193385397|AUXILIARENFERMERIA|52UZPE01152001T47MT03EBS001H0231F0231CF231|2024-09-15|1||1||3||1||3|2|11|5|3|2|20||2|13|0||1||1||1||1||7|1|3|1|1|1|1|2|2|2|2|2|2||2|2|1|1||9||1|2|2|1|1|1|2|2|1|52UZPE01152001T47MT03EBS001H023152UZPE01152001T47MT03EBS001H0231F0231
2|202|1|52|UZPE011|52001|T47|MT03|CARLOS PIZARRO|MAZ2CASA7VILLAANGELA|-77.267203|1.215482||52UZPE01152001T47MT03EBS001H0232|52UZPE01152001T47MT03EBS001H0232F0232|2|3|3|5|52UZPE01152001T47MT03EBS001|900091143|CC|1193385397|AUXILIARENFERMERIA|52UZPE01152001T47MT03EBS001H0232F0232CF232|2024-09-15|1||1||3||1||3|2|11|5|3|2|20||2|13|0||1||1||1||1||7|1|3|1|1|1|1|2|2|2|2|2|2||2|2|2|1||9||2|2|2|1|1|1|2|2|1|52UZPE01152001T47MT03EBS001H023252UZPE01152001T47MT03EBS001H0232F0232
2|203|1|52|UZPE011|52001|T47|MT03|CARLOS PIZARRO|MANZANAFCASA7|-77.264508|1.215599||52UZPE01152001T47MT03EBS001H0233|52UZPE01152001T47MT03EBS001H0233F0233|1|1|1|1|52UZPE01152001T47MT03EBS001|900091143|CC|59178610|AUXILIARENFERMERIA|52UZPE01152001T47MT03EBS001H0233F0233CF233|2024-09-19|1||1||3||1||2|2|11|5|2|2|20||2|13|0||1||1||1||1||7|1|3|2|1|1|1|2|2|2|2|2|2||2|2|2|2||9||2|2|2|1|1|1|2|2|1|52UZPE01152001T47MT03EBS001H023352UZPE01152001T47MT03EBS001H0233F0233
2|204|1|52|UZPE011|52001|T47|MT03|CARLOS PIZARRO|MANZANAACASA7|-77.264227|1.21512||52UZPE01152001T47MT03EBS001H0234|52UZPE01152001T47MT03EBS001H0234F0234|1|1|1|1|52UZPE01152001T47MT03EBS001|900091143|CC|59178610|AUXILIARENFERMERIA|52UZPE01152001T47MT03EBS001H0234F0234CF234|2024-09-18|1||1||3||1||1|2|11|5|3|2|20||1|13|0||1||1||1||3||7|1|3|4|1|1|2|2|2|2|2|2|2||2|2|2|1||9||2|2|2|1|1|1|2|2|1|52UZPE01152001T47MT03EBS001H023452UZPE01152001T47MT03EBS001H0234F0234
2|205|1|52|UZPE011|52001|T47|MT03|CARLOS PIZARRO|MAZ2CASA13DIV1VILLAANGELA|-77.274478|1.21656||52UZPE01152001T47MT03EBS001H0237|52UZPE01152001T47MT03EBS001H0237F0237|2|1|1|2|52UZPE01152001T47MT03EBS001|900091143|CC|1193385397|AUXILIARENFERMERIA|52UZPE01152001T47MT03EBS001H0237F0237CF237|2024-09-15|1||1||3||1||1|2|11|4|2|2|20||2|13|0||1||1||1||1||1|2|3|1|1|1|1|2|2|2|2|2|2||2|2|2|1||9||2|2|2|1|1|1|2|2|1|52UZPE01152001T47MT03EBS001H023752UZPE01152001T47MT03EBS001H0237F0237
2|206|1|52|UZPE011|52001|T47|MT03|CARLOS PIZARRO|MAZ3CASA14VILLAANGELA|-77.267384|1.214617||52UZPE01152001T47MT03EBS001H0238|52UZPE01152001T47MT03EBS001H0238F0238|2|1|1|3|52UZPE01152001T47MT03EBS001|900091143|CC|1193385397|AUXILIARENFERMERIA|52UZPE01152001T47MT03EBS001H0238F0238CF238|2024-09-15|1||1||3||1||2|2|11|5|3|2|20||2|13|0||1||1||1||1||1|3|3|1|1|1|1|2|2|2|2|2|2||2|2|2|1||9||2|2|2|1|1|1|2|2|1|52UZPE01152001T47MT03EBS001H023852UZPE01152001T47MT03EBS001H0238F0238
2|207|1|52|UZPE011|52001|T47|MT03|CARLOS PIZARRO|MAZ2CASA6VILLAANGELA|-77.26755|1.214837||52UZPE01152001T47MT03EBS001H0239|52UZPE01152001T47MT03EBS001H0239F0239|1|1|1|2|52UZPE01152001T47MT03EBS001|900091143|CC|1193385397|AUXILIARENFERMERIA|52UZPE01152001T47MT03EBS001H0239F0239CF239|2024-09-16|1||1||3||1||2|2|11|5|3|2|20||2|13|0||1||1||1||1||2|2|3|1|1|1|1|2|2|2|2|2|2||2|2|2|2||9||2|2|2|1|1|1|2|2|1|52UZPE01152001T47MT03EBS001H023952UZPE01152001T47MT03EBS001H0239F0239
2|208|1|52|UZPE011|52001|T47|MT03|CARLOS PIZARRO|MZ2CASA9VILLAANGELA|-77.267329|1.214814||52UZPE01152001T47MT03EBS001H0240|52UZPE01152001T47MT03EBS001H0240F0240|1|1|1|2|52UZPE01152001T47MT03EBS001|900091143|CC|1193385397|AUXILIARENFERMERIA|52UZPE01152001T47MT03EBS001H0240F0240CF240|2024-09-16|1||1||3||1||2|2|11|5|3|2|20||2|13|0||1||1||1||1||2|2|3|1|1|1|1|2|2|2|2|2|2||2|2|2|2||9||2|2|2|1|1|1|2|2|1|52UZPE01152001T47MT03EBS001H024052UZPE01152001T47MT03EBS001H0240F0240
2|209|1|52|UZPE011|52001|T47|MT03|CARLOS PIZARRO|C1126|-77.264067|1.214928||52UZPE01152001T47MT03EBS001H0243|52UZPE01152001T47MT03EBS001H0243F0243|1|1|1|1|52UZPE01152001T47MT03EBS001|900091143|CC|1233189234|AUXILIARDEENFERMERIA|52UZPE01152001T47MT03EBS001H0243F0243CF243|2024-09-19|1||1||3||1||1|2|11|5|2|2|20||1|13|0||1||1||1||1||7|1|3|1|1|1|1|2|2|2|2|2|2||2|2|1|1||9||1|2|2|1|2|1|2|2|1|52UZPE01152001T47MT03EBS001H024352UZPE01152001T47MT03EBS001H0243F0243
2|210|1|52|UZPE011|52001|T47|MT03|CARLOS PIZARRO|MANZACASA3|-77.263932|1.21526||52UZPE01152001T47MT03EBS001H0244|52UZPE01152001T47MT03EBS001H0244F0244|2|1|1|1|52UZPE01152001T47MT03EBS001|900091143|CC|1233189234|AUXILIARDEENFERMERIA|52UZPE01152001T47MT03EBS001H0244F0244CF244|2024-09-19|1||1||3||1||1|2|11|5|3|2|20||2|13|0||1||1||1||1||7|1|3|1|1|1|1|2|2|2|2|2|2||2|2|1|1||9||1|2|2|1|1|1|2|2|1|52UZPE01152001T47MT03EBS001H024452UZPE01152001T47MT03EBS001H0244F0244
2|211|1|52|UZPE011|52001|T47|MT03|CARLOS PIZARRO|CALLE26CRA438DIV1|-77.267217|1.216408||52UZPE01152001T47MT03EBS001H0245|52UZPE01152001T47MT03EBS001H0245F0245|1|1|1|4|52UZPE01152001T47MT03EBS001|900091143|CC|59833702|OTRO|52UZPE01152001T47MT03EBS001H0245F0245CF245|2024-09-17|1||1||3||1||4|1|11|5|3|2|20||2|13|0||1||1||1||1||1|5|3|1|1|1|1|2|2|2|2|2|2||2|2|1|1||9||1|2|2|1|1|1|2|2|1|52UZPE01152001T47MT03EBS001H024552UZPE01152001T47MT03EBS001H0245F0245
2|212|1|52|UZPE011|52001|T47|MT03|CARLOS PIZARRO|MANZANADCASA5|-77.264784|1.216198||52UZPE01152001T47MT03EBS001H0246|52UZPE01152001T47MT03EBS001H0246F0246|1|2|2|4|52UZPE01152001T47MT03EBS001|900091143|CC|59833702|OTRO|52UZPE01152001T47MT03EBS001H0246F0246CF246|2024-09-17|1||1||3||1||3|1|11|5|3|2|8||2|13|0||1||1||1||1||2|2|3|1|1|1|1|2|2|2|2|2|2||2|2|1|2||9||1|2|2|1|1|1|2|2|1|52UZPE01152001T47MT03EBS001H024652UZPE01152001T47MT03EBS001H0246F0246
2|213|1|52|UZPE011|52001|T47|MT03|CARLOS PIZARRO|MANZANADCASA5|-77.264784|1.216198||52UZPE01152001T47MT03EBS001H0247|52UZPE01152001T47MT03EBS001H0247F0247|1|2|2|4|52UZPE01152001T47MT03EBS001|900091143|CC|59833702|OTRO|52UZPE01152001T47MT03EBS001H0247F0247CF247|2024-09-17|1||1||3||1||3|1|11|5|3|2|8||2|13|0||1||1||1||1||2|2|3|1|1|1|1|2|2|2|2|2|2||2|2|1|2||9||1|2|2|1|1|1|2|2|1|52UZPE01152001T47MT03EBS001H024752UZPE01152001T47MT03EBS001H0247F0247
2|214|1|52|UZPE011|52001|T47|MT03|CARLOS PIZARRO|MAZ2VCASA10VILLAANGELA|-77.267886|1.214937||52UZPE01152001T47MT03EBS001H0248|52UZPE01152001T47MT03EBS001H0248F0248|1|1|1|2|52UZPE01152001T47MT03EBS001|900091143|CC|1193385397|AUXILIARENFERMERIA|52UZPE01152001T47MT03EBS001H0248F0248CF248|2024-09-16|1||1||3||1||2|2|11|5|2|2|20||2|13|0||1||1||1||1||2|3|3|1|1|1|1|2|2|2|2|2|2||2|2|2|1||9||2|2|2|1|2|1|2|2|1|52UZPE01152001T47MT03EBS001H024852UZPE01152001T47MT03EBS001H0248F0248
2|215|1|52|UZPE011|52001|T47|MT03|CARLOS PIZARRO|MANZANABCASA10|-77.264304|1.215255||52UZPE01152001T47MT03EBS001H0249|52UZPE01152001T47MT03EBS001H0249F0249|1|1|1|3|52UZPE01152001T47MT03EBS001|900091143|CC|59178610|AUXILIARENFERMERIA|52UZPE01152001T47MT03EBS001H0249F0249CF249|2024-09-18|1||1||3||4||2|2|11|5|3|2|20||2|13|0||1||1||1||1||1|3|3|2|1|1|1|2|2|2|2|2|2||2|2|1|2||9||1|2|2|1|1|1|2|2|1|52UZPE01152001T47MT03EBS001H024952UZPE01152001T47MT03EBS001H0249F0249
2|216|1|52|UZPE011|52001|T47|MT03|CARLOS PIZARRO|CRA4TANO27101|-77.265033|1.216372||52UZPE01152001T47MT03EBS001H0250|52UZPE01152001T47MT03EBS001H0250F0250|1|1|1|4|52UZPE01152001T47MT03EBS001|900091143|CC|59833702|OTRO|52UZPE01152001T47MT03EBS001H0250F0250CF250|2024-09-17|1||1||3||1||3|1|11|5|3|2|20||2|13|0||1||1||1||1||1|4|3|1|1|1|1|2|2|2|2|2|2||2|2|1|2||9||1|2|2|1|2|1|2|2|1|52UZPE01152001T47MT03EBS001H025052UZPE01152001T47MT03EBS001H0250F0250
2|217|1|52|UZPE011|52001|T47|MT03|CARLOS PIZARRO|MANZANAACASA8|-77.263886|1.215044||52UZPE01152001T47MT03EBS001H0251|52UZPE01152001T47MT03EBS001H0251F0251|1|1|1|2|52UZPE01152001T47MT03EBS001|900091143|CC|59833702|OTRO|52UZPE01152001T47MT03EBS001H0251F0251CF251|2024-09-19|1||1||3||1||1|2|11|5|3|2|20||2|13|0||1||1||1||1||1|2|3|1|1|1|1|2|2|2|2|2|2||2|2|1|2||9||1|2|2|1|1|1|2|2|1|52UZPE01152001T47MT03EBS001H025152UZPE01152001T47MT03EBS001H0251F0251
2|218|1|52|UZPE011|52001|T47|MT03|CARLOS PIZARRO|CLLE263C18|-77.264616|1.214793||52UZPE01152001T47MT03EBS001H0254|52UZPE01152001T47MT03EBS001H0254F0254|1|1|1|3|52UZPE01152001T47MT03EBS001|900091143|CC|59833702|OTRO|52UZPE01152001T47MT03EBS001H0254F0254CF254|2024-09-19|1||1||3||1||2|2|11|5|3|2|20||2|13|0||1||1||1||1||1|3|3|1|1|1|1|2|2|2|2|2|2||2|2|1|1||9||1|2|2|1|1|1|2|2|1|52UZPE01152001T47MT03EBS001H025452UZPE01152001T47MT03EBS001H0254F0254
2|219|1|52|UZPE011|52001|T47|MT03|CARLOS PIZARRO|MANZANAECASA8APARTAMENTO3|-77.264085|1.216027||52UZPE01152001T47MT03EBS001H0255|52UZPE01152001T47MT03EBS001H0255F0255|1|1|1|3|52UZPE01152001T47MT03EBS001|900091143|CC|59833702|OTRO|52UZPE01152001T47MT03EBS001H0255F0255CF255|2024-09-18|4||1||3||1||3|2|11|5|3|2|20||1|13|0||1||1||1||1||1|3|3|1|1|1|1|2|2|2|2|2|2||2|2|1|2||9||1|2|2|1|1|1|2|2|1|52UZPE01152001T47MT03EBS001H025552UZPE01152001T47MT03EBS001H0255F0255
2|220|1|52|UZPE011|52001|T47|MT03|CARLOS PIZARRO|MANZANAFCASA11|-77.264113|1.215625||52UZPE01152001T47MT03EBS001H0256|52UZPE01152001T47MT03EBS001H0256F0256|1|1|1|1|52UZPE01152001T47MT03EBS001|900091143|CC|59833702|OTRO|52UZPE01152001T47MT03EBS001H0256F0256CF256|2024-09-18|1||1||3||1||1|2|11|5|3|2|20||2|13|0||1||1||1||1||7|1|2|2|1|1|2|2|2|2|2|2|2||2|2|1|2||9||1|2|2|1|1|1|2|2|1|52UZPE01152001T47MT03EBS001H025652UZPE01152001T47MT03EBS001H0256F0256
2|221|1|52|UZPE011|52001|T47|MT03|CARLOS PIZARRO|MANZANAZCASA4|-77.26379|1.215331||52UZPE01152001T47MT03EBS001H0257|52UZPE01152001T47MT03EBS001H0257F0257|1|1|1|3|52UZPE01152001T47MT03EBS001|900091143|CC|59833702|OTRO|52UZPE01152001T47MT03EBS001H0257F0257CF257|2024-09-18|1||1||3||4||2|2|11|5|3|2|20||2|13|0||1||1||1||1||1|3|3|1|1|1|1|2|2|2|2|2|2||2|2|1|2||9||1|2|2|1|2|1|2|2|1|52UZPE01152001T47MT03EBS001H025752UZPE01152001T47MT03EBS001H0257F0257
2|222|1|52|UZPE011|52001|T47|MT03|CARLOS PIZARRO|MANZANABCASA1|-77.264815|1.215266||52UZPE01152001T47MT03EBS001H0258|52UZPE01152001T47MT03EBS001H0258F0258|1|1|1|3|52UZPE01152001T47MT03EBS001|900091143|CC|59833702|OTRO|52UZPE01152001T47MT03EBS001H0258F0258CF258|2024-09-19|1||1||3||1||3|2|11|5|3|2|20||2|13|0||1||1||1||1||2|3|3|1|1|1|1|2|2|2|2|2|2||2|2|1|2||9||1|2|2|1|1|1|2|2|1|52UZPE01152001T47MT03EBS001H025852UZPE01152001T47MT03EBS001H0258F0258
2|223|1|52|UZPE011|52001|T47|MT03|CARLOS PIZARRO|CALLE26MAZ430JOSEFINA|-77.264875|1.216507||52UZPE01152001T47MT03EBS001H0259|52UZPE01152001T47MT03EBS001H0259F0259|2|2|2|2|52UZPE01152001T47MT03EBS001|900091143|CC|1193385397|AUXILIARENFERMERIA|52UZPE01152001T47MT03EBS001H0259F0259CF259|2024-09-17|1||1||3||1||2|2|11|5|3|2|20||2|13|0||1||1||1||1||7|1|3|1|1|1|1|2|2|2|2|2|2||2|2|2|2||9||2|2|2|1|1|1|2|2|1|52UZPE01152001T47MT03EBS001H025952UZPE01152001T47MT03EBS001H0259F0259
2|224|1|52|UZPE011|52001|T47|MT03|CARLOS PIZARRO|CALLE26MAZ430JOSEFINA|-77.264875|1.216507||52UZPE01152001T47MT03EBS001H0260|52UZPE01152001T47MT03EBS001H0260F0260|2|2|2|2|52UZPE01152001T47MT03EBS001|900091143|CC|1193385397|AUXILIARENFERMERIA|52UZPE01152001T47MT03EBS001H0260F0260CF260|2024-09-17|1||1||3||1||2|2|11|5|2|2|20||2|13|0||1||1||1||1||7|1|3|1|1|1|1|2|2|2|2|2|2||2|2|1|1||9||1|2|2|1|1|1|2|2|1|52UZPE01152001T47MT03EBS001H026052UZPE01152001T47MT03EBS001H0260F0260
2|225|1|52|UZPE011|52001|T47|MT03|CARLOS PIZARRO|MAZDCASA4|-77.264596|1.216015||52UZPE01152001T47MT03EBS001H0261|52UZPE01152001T47MT03EBS001H0261F0261|2|2|2|4|52UZPE01152001T47MT03EBS001|900091143|CC|1193385397|AUXILIARENFERMERIA|52UZPE01152001T47MT03EBS001H0261F0261CF261|2024-09-17|1||1||3||1||3|2|11|5|3|2|20||1|13|0||1||1||1||1||1|3|3|1|1|1|1|2|2|2|2|2|2||2|2|2|1||9||2|2|2|1|2|1|2|2|1|52UZPE01152001T47MT03EBS001H026152UZPE01152001T47MT03EBS001H0261F0261
2|226|1|52|UZPE011|52001|T47|MT03|CARLOS PIZARRO|MAZDCASA4|-77.264596|1.216015||52UZPE01152001T47MT03EBS001H0262|52UZPE01152001T47MT03EBS001H0262F0262|2|2|2|4|52UZPE01152001T47MT03EBS001|900091143|CC|1193385397|AUXILIARENFERMERIA|52UZPE01152001T47MT03EBS001H0262F0262CF262|2024-09-17|1||1||3||1||3|2|11|5|3|2|20||1|13|0||1||1||1||1||7|1|3|1|1|1|1|2|2|2|2|2|2||2|2|2|1||9||2|2|2|1|1|1|2|2|1|52UZPE01152001T47MT03EBS001H026252UZPE01152001T47MT03EBS001H0262F0262
2|227|1|52|UZPE011|52001|T47|MT03|CARLOS PIZARRO|CARLOSPIZARROMAZFCASA5|-77.264015|1.215629||52UZPE01152001T47MT03EBS001H0265|52UZPE01152001T47MT03EBS001H0265F0265|1|1|1|3|52UZPE01152001T47MT03EBS001|900091143|CC|1193385397|AUXILIARENFERMERIA|52UZPE01152001T47MT03EBS001H0265F0265CF265|2024-09-17|4||1||3||1||2|2|11|5|3|2|20||2|9,10|2||1||1||1||1||2|3|3|2|1|1|1|2|2|2|2|2|2||2|2|2|1||9||2|2|2|1|1|1|2|2|1|52UZPE01152001T47MT03EBS001H026552UZPE01152001T47MT03EBS001H0265F0265
2|228|1|52|UZPE011|52001|T47|MT03|CARLOS PIZARRO|MAZFCS5APARTAMENTO1CARLOSPIZARRO|-77.264016|1.21563||52UZPE01152001T47MT03EBS001H0269|52UZPE01152001T47MT03EBS001H0269F0269|1|3|3|6|52UZPE01152001T47MT03EBS001|900091143|CC|1193385397|AUXILIARENFERMERIA|52UZPE01152001T47MT03EBS001H0269F0269CF269|2024-09-17|1||1||3||1||4|2|11|4|3|2|20||1|13|0||1||1||1||1||1|2|2|1|1|1|1|2|2|2|2|2|2||2|2|2|2||9||2|2|2|1|1|1|2|2|1|52UZPE01152001T47MT03EBS001H026952UZPE01152001T47MT03EBS001H0269F0269
2|229|1|52|UZPE011|52001|T47|MT03|CARLOS PIZARRO|MAZFCS5APARTAMENTO1CARLOSPIZARRO|-77.264016|1.21563||52UZPE01152001T47MT03EBS001H0270|52UZPE01152001T47MT03EBS001H0270F0270|1|3|3|6|52UZPE01152001T47MT03EBS001|900091143|CC|1193385397|AUXILIARENFERMERIA|52UZPE01152001T47MT03EBS001H0270F0270CF270|2024-09-17|1||1||3||1||4|2|11|4|3|2|20||1|13|0||1||1||1||1||7|1|2|4|1|1|1|2|2|2|2|2|2||2|2|2|2||9||2|2|2|1|1|1|2|2|1|52UZPE01152001T47MT03EBS001H027052UZPE01152001T47MT03EBS001H0270F0270
2|230|1|52|UZPE011|52001|T47|MT03|CARLOS PIZARRO|MAZFCS5APARTAMENTO1CARLOSPIZARRO|-77.264016|1.21563||52UZPE01152001T47MT03EBS001H0271|52UZPE01152001T47MT03EBS001H0271F0271|1|3|3|6|52UZPE01152001T47MT03EBS001|900091143|CC|1193385397|AUXILIARENFERMERIA|52UZPE01152001T47MT03EBS001H0271F0271CF271|2024-09-17|1||1||3||1||4|2|11|4|3|2|20||1|13|0||1||1||1||1||2|3|2|1|1|1|1|2|2|2|2|2|2||2|2|2|1||9||2|2|2|1|1|1|2|2|1|52UZPE01152001T47MT03EBS001H027152UZPE01152001T47MT03EBS001H0271F0271
2|231|1|52|UZPE011|52001|T47|MT03|CARLOS PIZARRO|MAZHCASA2|-77.26452|1.21524||52UZPE01152001T47MT03EBS001H0281|52UZPE01152001T47MT03EBS001H0281F0281|2|1|1|3|52UZPE01152001T47MT03EBS001|900091143|CC|1193385397|AUXILIARENFERMERIA|52UZPE01152001T47MT03EBS001H0281F0281CF281|2024-09-18|1||1||3||1||2|2|11|5|2|2|20||2|13|0||1||1||1||1||1|3|3|1|1|1|1|2|2|2|2|2|2||2|2|2|1||9||2|2|2|1|1|1|2|2|1|52UZPE01152001T47MT03EBS001H028152UZPE01152001T47MT03EBS001H0281F0281
2|232|1|52|UZPE011|52001|T47|MT03|CARLOS PIZARRO|MAZACASA13CARLOSPIZARRO|-77.26451|1.215237||52UZPE01152001T47MT03EBS001H0282|52UZPE01152001T47MT03EBS001H0282F0282|2|3|3|4|52UZPE01152001T47MT03EBS001|900091143|CC|1193385397|AUXILIARENFERMERIA|52UZPE01152001T47MT03EBS001H0282F0282CF282|2024-09-18|1||1||3||1||3|2|11|5|3|2|20||2|13|0||1||1||1||1||7|1|3|1|1|1|1|2|2|2|2|2|2||2|2|2|2||9||2|2|2|1|1|1|2|2|1|52UZPE01152001T47MT03EBS001H028252UZPE01152001T47MT03EBS001H0282F0282
2|233|1|52|UZPE011|52001|T47|MT03|CARLOS PIZARRO|MAZACASA13CARLOSPIZARRO|-77.26451|1.215237||52UZPE01152001T47MT03EBS001H0283|52UZPE01152001T47MT03EBS001H0283F0283|2|3|3|4|52UZPE01152001T47MT03EBS001|900091143|CC|1193385397|AUXILIARENFERMERIA|52UZPE01152001T47MT03EBS001H0283F0283CF283|2024-09-18|1||1||3||1||3|2|11|5|3|2|20||2|13|0||1||1||1||1||2|2|3|1|1|1|1|2|2|2|2|2|2||2|2|2|1||9||2|2|2|1|1|1|2|2|1|52UZPE01152001T47MT03EBS001H028352UZPE01152001T47MT03EBS001H0283F0283
2|234|1|52|UZPE011|52001|T47|MT03|CARLOS PIZARRO|MAZACASA13CARLOSPIZARRO|-77.26451|1.215237||52UZPE01152001T47MT03EBS001H0284|52UZPE01152001T47MT03EBS001H0284F0284|2|3|3|4|52UZPE01152001T47MT03EBS001|900091143|CC|1193385397|AUXILIARENFERMERIA|52UZPE01152001T47MT03EBS001H0284F0284CF284|2024-09-18|1||1||3||1||3|2|11|5|3|2|20||2|13|0||1||1||1||1||7|1|2|4|1|1|2|2|2|2|2|2|2||2|2|1|2||9||1|2|2|1|1|1|2|2|1|52UZPE01152001T47MT03EBS001H028452UZPE01152001T47MT03EBS001H0284F0284
2|235|1|52|UZPE011|52001|T47|MT03|CARLOS PIZARRO|CALL27380CARLOSPIZARRO|-77.264129|1.214995||52UZPE01152001T47MT03EBS001H0285|52UZPE01152001T47MT03EBS001H0285F0285|2|1|1|2|52UZPE01152001T47MT03EBS001|900091143|CC|1193385397|AUXILIARENFERMERIA|52UZPE01152001T47MT03EBS001H0285F0285CF285|2024-09-18|1||1||3||1||1|2|11|4|3|2|20||1|13|0||1||1||1||1||1|2|3|1|1|1|1|2|2|2|2|2|2||2|2|1|2||9||1|2|2|1|1|1|2|2|1|52UZPE01152001T47MT03EBS001H028552UZPE01152001T47MT03EBS001H0285F0285
2|236|1|52|UZPE011|52001|T47|MT03|CARLOS PIZARRO|CLL26N324CARLOSPIZARRO|-77.264838|1.215013||52UZPE01152001T47MT03EBS001H0286|52UZPE01152001T47MT03EBS001H0286F0286|2|1|1|1|52UZPE01152001T47MT03EBS001|900091143|CC|1193385397|AUXILIARENFERMERIA|52UZPE01152001T47MT03EBS001H0286F0286CF286|2024-09-18|1||1||3||1||1|2|11|4|2|2|20||2|13|0||1||1||1||1||7|1|3|1|1|1|1|2|2|2|2|2|2||2|2|2|2||9||2|2|2|1|1|1|2|2|1|52UZPE01152001T47MT03EBS001H028652UZPE01152001T47MT03EBS001H0286F0286
2|237|1|52|UZPE011|52001|T47|MT03|CARLOS PIZARRO|MAZ6CASA5CARLOSPIZARRO|-77.264029|1.215493||52UZPE01152001T47MT03EBS001H0287|52UZPE01152001T47MT03EBS001H0287F0287|2|1|1|2|52UZPE01152001T47MT03EBS001|900091143|CC|1193385397|AUXILIARENFERMERIA|52UZPE01152001T47MT03EBS001H0287F0287CF287|2024-09-19|1||1||3||1||1|2|11|5|3|2|20||2|13|0||1||1||1||1||1|2|3|1|1|1|1|2|2|2|2|2|2||2|2|1|1||9||1|2|2|1|1|1|2|2|1|52UZPE01152001T47MT03EBS001H028752UZPE01152001T47MT03EBS001H0287F0287
2|238|1|52|UZPE011|52001|T47|MT03|CARLOS PIZARRO|MAZBCS17CARLOSPIZARRO|-77.264575|1.215025||52UZPE01152001T47MT03EBS001H0288|52UZPE01152001T47MT03EBS001H0288F0288|2|2|2|5|52UZPE01152001T47MT03EBS001|900091143|CC|1193385397|AUXILIARENFERMERIA|52UZPE01152001T47MT03EBS001H0288F0288CF288|2024-09-19|1||1||3||1||3|2|11|5|3|2|20||2|13|0||1||1||1||1||1|4|3|1|1|1|1|2|2|2|2|2|2||2|2|1|1||9||1|2|2|1|1|1|2|2|1|52UZPE01152001T47MT03EBS001H028852UZPE01152001T47MT03EBS001H0288F0288
2|239|1|52|UZPE011|52001|T47|MT03|CARLOS PIZARRO|MAZBCS17CARLOSPIZARRO|-77.264575|1.215025||52UZPE01152001T47MT03EBS001H0289|52UZPE01152001T47MT03EBS001H0289F0289|2|2|2|5|52UZPE01152001T47MT03EBS001|900091143|CC|1193385397|AUXILIARENFERMERIA|52UZPE01152001T47MT03EBS001H0289F0289CF289|2024-09-19|1||1||3||1||3|2|11|5|2|2|20||2|13|0||1||1||1||1||7|1|3|1|1|1|1|2|2|2|2|2|2||2|2|1|1||9||1|2|2|1|1|1|2|2|1|52UZPE01152001T47MT03EBS001H028952UZPE01152001T47MT03EBS001H0289F0289
2|240|1|52|UZPE011|52001|T47|MT03|CARLOS PIZARRO|MZACASA3CARLOSPIZARRO|-77.264523|1.214998||52UZPE01152001T47MT03EBS001H0290|52UZPE01152001T47MT03EBS001H0290F0290|2|2|2|4|52UZPE01152001T47MT03EBS001|900091143|CC|1193385397|AUXILIARENFERMERIA|52UZPE01152001T47MT03EBS001H0290F0290CF290|2024-09-19|1||1||3||1||3|2|11|5|3|2|20||2|13|0||1||1||1||1||1|3|3|1|1|1|1|2|2|2|2|2|2||2|2|2|1||9||2|2|2|1|1|1|2|2|1|52UZPE01152001T47MT03EBS001H029052UZPE01152001T47MT03EBS001H0290F0290
2|241|1|52|UZPE011|52001|T47|MT03|CARLOS PIZARRO|MZACASA3CARLOSPIZARRO|-77.264523|1.214998||52UZPE01152001T47MT03EBS001H0291|52UZPE01152001T47MT03EBS001H0291F0291|2|2|2|4|52UZPE01152001T47MT03EBS001|900091143|CC|1193385397|AUXILIARENFERMERIA|52UZPE01152001T47MT03EBS001H0291F0291CF291|2024-09-19|1||1||3||1||3|2|11|5|3|2|20||2|13|0||1||1||1||1||7|1|3|1|1|1|1|2|2|2|2|2|2||2|2|2|1||9||2|2|2|1|1|1|2|2|1|52UZPE01152001T47MT03EBS001H029152UZPE01152001T47MT03EBS001H0291F0291
2|242|1|52|UZPE011|52001|T47|MT03|CARLOS PIZARRO|MANZANABCASA1VILLADELPRADO|-77.264997|1.214883||52UZPE01152001T47MT03EBS001H0292|52UZPE01152001T47MT03EBS001H0292F0292|1|2|2|3|52UZPE01152001T47MT03EBS001|900091143|CC|59833702|OTRO|52UZPE01152001T47MT03EBS001H0292F0292CF292|2024-10-28|1||1||3||4||2|2|8|5|2|2|8||2|13|0||1||1||1||1||1|2|1|1|1|1|1|2|2|2|2|2|2||2|2|1|2||9||1|2|2|1|1|1|2|2|1|52UZPE01152001T47MT03EBS001H029252UZPE01152001T47MT03EBS001H0292F0292
2|243|1|52|UZPE011|52001|T47|MT03|CARLOS PIZARRO|MANZANABCASA1VILLADELPRADO|-77.264997|1.214883||52UZPE01152001T47MT03EBS001H0293|52UZPE01152001T47MT03EBS001H0293F0293|1|2|2|3|52UZPE01152001T47MT03EBS001|900091143|CC|59833702|OTRO|52UZPE01152001T47MT03EBS001H0293F0293CF293|2024-10-28|1||1||3||4||2|2|8|5|2|2|8||2|13|0||1||1||1||1||7|1|1|2|1|1|2|2|2|2|2|2|2||2|2|1|1||9||1|2|2|1|1|1|2|2|1|52UZPE01152001T47MT03EBS001H029352UZPE01152001T47MT03EBS001H0293F0293
2|244|1|52|UZPE011|52001|T47|MT03|CARLOS PIZARRO|MANZANABCASA12VILLADELPRADO|-77.264997|1.214883||52UZPE01152001T47MT03EBS001H0294|52UZPE01152001T47MT03EBS001H0294F0294|1|2|2|6|52UZPE01152001T47MT03EBS001|900091143|CC|1085338534|ODONTOLOGA|52UZPE01152001T47MT03EBS001H0294F0294CF294|2024-10-28|1||1||3||1||4|1|11|5|2|1|10||2|13|0||1||1||1||1||2|2|3|1|1|1|1|2|2|2|2|2|2||2|2|1|2||9||1|2|2|1|1|1|2|2|1|52UZPE01152001T47MT03EBS001H029452UZPE01152001T47MT03EBS001H0294F0294
2|245|1|52|UZPE011|52001|T47|MT03|CARLOS PIZARRO|MZACASA2|-77.264084|1.216145||52UZPE01152001T47MT03EBS001H0295|52UZPE01152001T47MT03EBS001H0295F0295|1|1|1|2|52UZPE01152001T47MT03EBS001|900091143|CC|1085269090|AUXILIARDEENFERMERIA|52UZPE01152001T47MT03EBS001H0295F0295CF295|2024-10-28|1||1||3||1||2|2|8|5|3|1|5||1|13|0||1||1||1||1||2|2|3|1|1|1|1|2|2|2|2|2|2||2|2|1|2||9||1|2|2|1|2|1|2|2|1|52UZPE01152001T47MT03EBS001H029552UZPE01152001T47MT03EBS001H0295F0295
2|246|1|52|UZPE011|52001|T47|MT03|CARLOS PIZARRO|CSA9MZB|-77.264437|1.217061||52UZPE01152001T47MT03EBS001H0296|52UZPE01152001T47MT03EBS001H0296F0296|1|1|1|2|52UZPE01152001T47MT03EBS001|900091143|CC|1085269090|AUXILIARDEENFERMERIA|52UZPE01152001T47MT03EBS001H0296F0296CF296|2024-10-28|1||1||3||1||1|2|11|5|3|2|5||1|13|0||1||1||1||1||1|2|3|2|1|1|1|2|2|2|2|2|2||2|2|1|1||9||1|2|2|1|2|1|2|2|1|52UZPE01152001T47MT03EBS001H029652UZPE01152001T47MT03EBS001H0296F0296
2|247|1|52|UZPE011|52001|T47|MT03|CARLOS PIZARRO|VILLASDELPRADOMZBCASA5|-77.64881|1.217423||52UZPE01152001T47MT03EBS001H0297|52UZPE01152001T47MT03EBS001H0297F0297|1|1|1|2|52UZPE01152001T47MT03EBS001|900091143|CC|59311233|AUXILIARDEENFERMERIA|52UZPE01152001T47MT03EBS001H0297F0297CF297|2024-10-28|1||1||3||1||2|2|11|5|2|2|5||2|13|0||1||1||1||1||1|2|1|1|1|1|1|2|2|2|2|2|2||2|2|1|2||9||1|2|2|1|1|1|2|2|1|52UZPE01152001T47MT03EBS001H029752UZPE01152001T47MT03EBS001H0297F0297
2|248|1|52|UZPE011|52001|T47|MT03|CARLOS PIZARRO|MZALOTE4|-77.263419|1.217939||52UZPE01152001T47MT03EBS001H0298|52UZPE01152001T47MT03EBS001H0298F0298|1|1|1|2|52UZPE01152001T47MT03EBS001|900091143|CC|1085269090|AUXILIARDEENFERMERIA|52UZPE01152001T47MT03EBS001H0298F0298CF298|2024-10-28|1||1||3||1||2|2|8|5|2|1|5||1|13|0||1||1||1||1||2|2|3|2|1|1|1|2|2|2|2|2|2||2|2|1|1||9||1|2|2|1|2|1|2|2|1|52UZPE01152001T47MT03EBS001H029852UZPE01152001T47MT03EBS001H0298F0298
2|249|1|52|UZPE011|52001|T47|MT03|CARLOS PIZARRO|CLL26NO3C29|-77.264963|1.215168||52UZPE01152001T47MT03EBS001H0299|52UZPE01152001T47MT03EBS001H0299F0299|2|1|1|3|52UZPE01152001T47MT03EBS001|900091143|CC|1085269090|AUXILIARDEENFERMERIA|52UZPE01152001T47MT03EBS001H0299F0299CF299|2024-10-28|1||1||3||1||2|2|11|5|3|2|20||1|13|0||1||1||1||1||1|3|3|1|1|1|1|2|2|2|2|2|2||2|2|1|2||9||1|2|2|1|2|1|2|2|1|52UZPE01152001T47MT03EBS001H029952UZPE01152001T47MT03EBS001H0299F0299
2|250|1|52|UZPE011|52001|T47|MT03|CARLOS PIZARRO|CLL26NO3C59|-77.2641|1.215531||52UZPE01152001T47MT03EBS001H0300|52UZPE01152001T47MT03EBS001H0300F0300|2|1|1|2|52UZPE01152001T47MT03EBS001|900091143|CC|1085269090|AUXILIARDEENFERMERIA|52UZPE01152001T47MT03EBS001H0300F0300CF300|2024-10-28|1||1||3||1||1|1|11|5|3|2|20||1|13|0||1||1||1||1||1|2|3|1|1|1|1|2|2|2|2|2|2||2|2|1|2||9||1|2|2|1|2|1|2|2|1|52UZPE01152001T47MT03EBS001H030052UZPE01152001T47MT03EBS001H0300F0300
2|251|1|52|UZPE011|52001|T47|MT03|CARLOS PIZARRO|CRA5NO26C65|-77.26477|1.215598||52UZPE01152001T47MT03EBS001H0301|52UZPE01152001T47MT03EBS001H0301F0301|2|1|1|3|52UZPE01152001T47MT03EBS001|900091143|CC|1085269090|AUXILIARDEENFERMERIA|52UZPE01152001T47MT03EBS001H0301F0301CF301|2024-10-28|4||1||3||1||3|2|11|5|3|2|20||1|13|0||1||1||1||1||2|3|3|2|1|1|1|2|2|2|2|2|2||2|2|2|2||9||2|2|2|1|2|1|2|2|1|52UZPE01152001T47MT03EBS001H030152UZPE01152001T47MT03EBS001H0301F0301
2|252|1|52|UZPE011|52001|T47|MT03|CARLOS PIZARRO|VILLASDELPRADOMZBCASA7|-77.64881|1.217423||52UZPE01152001T47MT03EBS001H0303|52UZPE01152001T47MT03EBS001H0303F0303|1|1|1|3|52UZPE01152001T47MT03EBS001|900091143|CC|59311233|AUXILIARDEENFERMERIA|52UZPE01152001T47MT03EBS001H0303F0303CF303|2024-10-28|4||1||3||1||2|2|11|5|2|1|5||2|13|0||1||1||1||1||7|3|1|1|1|1|1|2|2|2|2|2|2||2|2|1|2||9||1|2|2|1|2|1|2|2|1|52UZPE01152001T47MT03EBS001H030352UZPE01152001T47MT03EBS001H0303F0303
2|253|1|52|UZPE011|52001|T47|MT03|CARLOS PIZARRO|VILLASDELPRADOMZALOTE1|-77.264186|1.217433||52UZPE01152001T47MT03EBS001H0304|52UZPE01152001T47MT03EBS001H0304F0304|1|1|1|2|52UZPE01152001T47MT03EBS001|900091143|CC|59311233|AUXILIARDEENFERMERIA|52UZPE01152001T47MT03EBS001H0304F0304CF304|2024-10-28|4||1||3||1||1|2|11|5|2|1|5||2|13|0||1||1||1||1||2|2|1|1|1|1|1|2|2|2|2|2|2||2|2|1|2||9||1|2|2|1|1|1|2|2|1|52UZPE01152001T47MT03EBS001H030452UZPE01152001T47MT03EBS001H0304F0304
2|254|1|52|UZPE011|52001|T47|MT03|CARLOS PIZARRO|CARLOSPIZARROLAJOSEFINACALLE263CASA15|-77.264882|1.215738||52UZPE01152001T47MT03EBS001H0305|52UZPE01152001T47MT03EBS001H0305F0305|1|2|2|3|52UZPE01152001T47MT03EBS001|900091143|CC|59311233|AUXILIARDEENFERMERIA|52UZPE01152001T47MT03EBS001H0305F0305CF305|2024-10-28|1||1||3||1||3|2|11|5|2|2|5||1|13|0||1||1||1||1||2|2|3|1|1|1|1|2|2|2|2|2|2||2|2|1|1||9||1|2|2|1|1|1|2|2|1|52UZPE01152001T47MT03EBS001H030552UZPE01152001T47MT03EBS001H0305F0305
2|255|1|52|UZPE011|52001|T47|MT03|CARLOS PIZARRO|LAJOSEFINACALLE263CASA15|-77.264882|1.215738||52UZPE01152001T47MT03EBS001H0306|52UZPE01152001T47MT03EBS001H0306F0306|1|2|2|4|52UZPE01152001T47MT03EBS001|900091143|CC|59311233|AUXILIARDEENFERMERIA|52UZPE01152001T47MT03EBS001H0306F0306CF306|2024-10-28|1||1||3||1||3|2|11|5|3|2|5||1|13|0||1||1||1||1||7|1|3|2|1|1|1|2|2|2|2|2|2||2|2|1|2||9||1|2|2|1|1|1|2|2|1|52UZPE01152001T47MT03EBS001H030652UZPE01152001T47MT03EBS001H0306F0306
2|256|1|52|UZPE011|52001|T47|MT03|CARLOS PIZARRO|CARLOSPIZARROLAJOSEFINACALLE26|-77.264882|1.215738||52UZPE01152001T47MT03EBS001H0307|52UZPE01152001T47MT03EBS001H0307F0307|1|1|1|4|52UZPE01152001T47MT03EBS001|900091143|CC|59311233|AUXILIARDEENFERMERIA|52UZPE01152001T47MT03EBS001H0307F0307CF307|2024-10-28|1||1||3||1||2|2|11|5|2|2|5||1|13|0||1||1||1||1||1|4|1|1|1|1|1|2|2|2|2|2|2||2|2|1|2||9||1|2|2|1|1|1|2|2|1|52UZPE01152001T47MT03EBS001H030752UZPE01152001T47MT03EBS001H0307F0307
2|257|1|52|UZPE011|52001|T47|MT03|CARLOS PIZARRO|CARLOSPIZARROLAJOSEFINAMZFCASA3|-77.264882|1.215738||52UZPE01152001T47MT03EBS001H0308|52UZPE01152001T47MT03EBS001H0308F0308|1|1|1|2|52UZPE01152001T47MT03EBS001|900091143|CC|59311233|AUXILIARDEENFERMERIA|52UZPE01152001T47MT03EBS001H0308F0308CF308|2024-10-28|4||1||3||1||2|2|11|5|2|2|20||2|13|0||1||1||1||1||4|2|2|1|1|1|1|2|2|2|2|2|2||2|2|1|1||9||1|2|2|1|1|1|2|2|1|52UZPE01152001T47MT03EBS001H030852UZPE01152001T47MT03EBS001H0308F0308
2|258|1|52|UZPE011|52001|T47|MT03|CARLOS PIZARRO|MANZANA4CASA10VILLAANGELA|-77.267732|1.214327||52UZPE01152001T47MT03EBS001H0309|52UZPE01152001T47MT03EBS001H0309F0309|1|1|1|1|52UZPE01152001T47MT03EBS001|900091143|CC|79724257|JEFEDEENFERMERIA|52UZPE01152001T47MT03EBS001H0309F0309CF309|2024-07-16|1||1||3||1||1|1|11|5|3|2|20||2|13|0||1||1||1||1||7|1|3|1|1|1|1|2|2|2|2|2|2||2|2|1|1||9||1|2|2|1|1|1|2|2|1|52UZPE01152001T47MT03EBS001H030952UZPE01152001T47MT03EBS001H0309F0309
2|259|1|52|UZPE011|52001|T47|MT04|MONSERRATE|CLL262616|-77.262328|1.212369||52UZPE01152001T47MT04EBS001H0310|52UZPE01152001T47MT04EBS001H0310F0310|1|3|3|2|52UZPE01152001T47MT04EBS001|900091143|CC|1086267332|AUXILIARENFERMERA|52UZPE01152001T47MT04EBS001H0310F0310CF310|2025-09-25|5||1||3||1||1|2|2|5|2|1|19||2|13|2||3||1||1||1||2|2|3|1|1|2|1|2|2|2|2|2|2||2|2|1|1||6||1|2|2|1|2|1|2|2|1|52UZPE01152001T47MT04EBS001H031052UZPE01152001T47MT04EBS001H0310F0310
2|260|1|52|UZPE011|52001|T47|MT04|MONSERRATE|CLL262616|-77.262328|1.212369||52UZPE01152001T47MT04EBS001H0311|52UZPE01152001T47MT04EBS001H0311F0311|1|3|3|2|52UZPE01152001T47MT04EBS001|900091143|CC|1086267332|AUXILIARENFERMERA|52UZPE01152001T47MT04EBS001H0311F0311CF311|2025-09-25|5||1||3||1||1|2|2|5|2|1|19||2|13|2||3||1||1||1||7|1|3|3|1|1|2|2|2|2|2|2|2||2|2|1|1||6||1|2|2|1|1|1|2|2|1|52UZPE01152001T47MT04EBS001H031152UZPE01152001T47MT04EBS001H0311F0311
2|261|1|52|UZPE011|52001|T47|MT04|MONSERRATE|CLL262616|-77.262328|1.212369||52UZPE01152001T47MT04EBS001H0312|52UZPE01152001T47MT04EBS001H0312F0312|1|3|3|2|52UZPE01152001T47MT04EBS001|900091143|CC|1086267332|AUXILIARENFERMERA|52UZPE01152001T47MT04EBS001H0312F0312CF312|2025-09-25|5||1||3||1||1|2|2|5|2|1|19||2|13|2||3||1||1||1||1|2|1|1|1|1|2|2|2|2|2|2|2||2|2|1|2||6||1|2|2|1|2|1|2|2|1|52UZPE01152001T47MT04EBS001H031252UZPE01152001T47MT04EBS001H0312F0312
2|262|1|52|UZPE011|52001|T47|MT04|MONSERRATE|2611|-77.262396|1.212524||52UZPE01152001T47MT04EBS001H0313|52UZPE01152001T47MT04EBS001H0313F0313|1|1|1|3|52UZPE01152001T47MT04EBS001|900091143|CC|1085284997|ENFERMERA|52UZPE01152001T47MT04EBS001H0313F0313CF313|2025-09-26|1||1||3||1||2|2|11|5|3|2|20||2|13|0||3||1||1||1||1|3|3|2|1|1|1|2|2|2|2|2|2||2|2|2|1||6||2|2|2|1|1|1|2|2|1|52UZPE01152001T47MT04EBS001H031352UZPE01152001T47MT04EBS001H0313F0313
2|263|1|52|UZPE011|52001|T47|MT04|MONSERRATE|2640|-77.262348|1.21243||52UZPE01152001T47MT04EBS001H0314|52UZPE01152001T47MT04EBS001H0314F0314|1|1|1|3|52UZPE01152001T47MT04EBS001|900091143|CC|1087960258|AUXILIARDEENFERMERIA|52UZPE01152001T47MT04EBS001H0314F0314CF314|2025-09-26|1||1||3||4||2|2|11|5|2|1|20||2|9,10|2||3||1||1||1||1|3|3|2|1|1|1|2|2|2|2|2|2||2|2|2|2||6||2|2|2|1|1|1|2|2|1|52UZPE01152001T47MT04EBS001H031452UZPE01152001T47MT04EBS001H0314F0314
2|264|1|52|UZPE011|52001|T47|MT04|MONSERRATE|TRANSVERSAL22607|-77.262397|1.212348||52UZPE01152001T47MT04EBS001H0315|52UZPE01152001T47MT04EBS001H0315F0315|1|2|2|6|52UZPE01152001T47MT04EBS001|900091143|CC|1086267332|AUXILIARENFERMERA|52UZPE01152001T47MT04EBS001H0315F0315CF315|2025-09-25|1||1||3||1||4|2|11|5|3|2|20||2|13|0||3||1||1||1||7|1|3|1|1|1|2|2|2|2|2|2|2||2|2|1|1||6||1|2|2|1|2|1|2|2|1|52UZPE01152001T47MT04EBS001H031552UZPE01152001T47MT04EBS001H0315F0315
2|265|1|52|UZPE011|52001|T47|MT04|MONSERRATE|TRANSVERSAL22607|-77.262397|1.212348||52UZPE01152001T47MT04EBS001H0317|52UZPE01152001T47MT04EBS001H0317F0317|1|2|2|6|52UZPE01152001T47MT04EBS001|900091143|CC|1086267332|AUXILIARENFERMERA|52UZPE01152001T47MT04EBS001H0317F0317CF317|2025-09-25|1||1||3||1||4|2|11|5|3|2|20||2|13|0||3||1||1||1||1|4|2|2|1|1|4|2|2|2|2|2|2||2|2|2|1||6||2|2|2|1|1|1|2|2|1|52UZPE01152001T47MT04EBS001H031752UZPE01152001T47MT04EBS001H0317F0317
2|266|1|52|UZPE011|52001|T47|MT04|MONSERRATE|TRANSVERSAL22616|-77.262328|1.212369||52UZPE01152001T47MT04EBS001H0318|52UZPE01152001T47MT04EBS001H0318F0318|1|1|1|1|52UZPE01152001T47MT04EBS001|900091143|CC|1086267332|AUXILIARENFERMERA|52UZPE01152001T47MT04EBS001H0318F0318CF318|2025-09-25|4||1||3||1||1|2|11|5|3|2|20||2|13|0||3||1||1||1||7|1|2|4|1|1|3|2|2|2|2|2|2||2|2|1|1||6||1|2|2|1|2|1|2|2|1|52UZPE01152001T47MT04EBS001H031852UZPE01152001T47MT04EBS001H0318F0318
2|267|1|52|UZPE011|52001|T47|MT04|MONSERRATE|CALLE264DIV1|-77.262779|1.21205||52UZPE01152001T47MT04EBS001H0319|52UZPE01152001T47MT04EBS001H0319F0319|1|1|1|2|52UZPE01152001T47MT04EBS001|900091143|CC|1233193191|AUXILIARDEENFERMERIA|52UZPE01152001T47MT04EBS001H0319F0319CF319|2025-09-26|1||1||3||1||2|2|11|5|2|1|20||1|13|0||3||1||1||1||2|2|3|1|1|1|1|2|2|2|2|2|2||2|2|2|2||6||2|2|2|1|1|1|2|2|1|52UZPE01152001T47MT04EBS001H031952UZPE01152001T47MT04EBS001H0319F0319
2|268|1|52|UZPE011|52001|T47|MT04|MONSERRATE|CARRERA2CALLE2635DV1|-77.263227|1.212432||52UZPE01152001T47MT04EBS001H0320|52UZPE01152001T47MT04EBS001H0320F0320|1|3|3|7|52UZPE01152001T47MT04EBS001|900091143|CC|1087960258|AUXILIARDEENFERMERIA|52UZPE01152001T47MT04EBS001H0320F0320CF320|2025-09-26|4||1||3||4||4|2|11|5|2|2|20||2|13|0||3||1||1||1||2|2|3|1|1|1|1|2|2|2|2|2|2||2|2|2|2||6||2|2|2|1|1|1|2|2|1|52UZPE01152001T47MT04EBS001H032052UZPE01152001T47MT04EBS001H0320F0320
2|269|1|52|UZPE011|52001|T47|MT04|MONSERRATE|CARRERA2CALLE2635DV1|-77.263227|1.212432||52UZPE01152001T47MT04EBS001H0321|52UZPE01152001T47MT04EBS001H0321F0321|1|3|3|7|52UZPE01152001T47MT04EBS001|900091143|CC|1087960258|AUXILIARDEENFERMERIA|52UZPE01152001T47MT04EBS001H0321F0321CF321|2025-09-26|4||1||3||4||4|2|11|5|2|2|20||2|13|0||3||1||1||1||2|2|3|1|1|1|1|2|2|2|2|2|2||2|2|2|2||6||2|2|2|1|2|1|2|2|1|52UZPE01152001T47MT04EBS001H032152UZPE01152001T47MT04EBS001H0321F0321
2|270|1|52|UZPE011|52001|T47|MT04|MONSERRATE|CARRERA2CALLE2635DV1|-77.263227|1.212432||52UZPE01152001T47MT04EBS001H0322|52UZPE01152001T47MT04EBS001H0322F0322|1|3|3|7|52UZPE01152001T47MT04EBS001|900091143|CC|1087960258|AUXILIARDEENFERMERIA|52UZPE01152001T47MT04EBS001H0322F0322CF322|2025-09-26|4||1||3||4||4|2|11|5|2|2|20||2|13|0||3||1||1||1||1|3|3|1|1|1|1|2|2|2|2|2|2||2|2|2|2||6||2|2|2|1|1|1|2|2|1|52UZPE01152001T47MT04EBS001H032252UZPE01152001T47MT04EBS001H0322F0322
2|271|1|52|UZPE011|52001|T47|MT04|MONSERRATE|TRANSVERSAL22620|-77.262252|1.212342||52UZPE01152001T47MT04EBS001H0323|52UZPE01152001T47MT04EBS001H0323F0323|1|1|1|3|52UZPE01152001T47MT04EBS001|900091143|CC|1086267332|AUXILIARENFERMERA|52UZPE01152001T47MT04EBS001H0323F0323CF323|2025-09-25|1||1||3||8||2|2|11|5|2|1|20||2|13|0||3||1||1||1||2|3|3|1|1|1|2|2|2|2|2|2|2||2|2|1|1||6||1|2|2|1|1|1|2|2|1|52UZPE01152001T47MT04EBS001H032352UZPE01152001T47MT04EBS001H0323F0323
2|272|1|52|UZPE011|52001|T47|MT04|MONSERRATE|CALLE27CASA11|-77.262042|1.212172||52UZPE01152001T47MT04EBS001H0327|52UZPE01152001T47MT04EBS001H0327F0327|1|4|4|6|52UZPE01152001T47MT04EBS001|900091143|CC|1086267332|AUXILIARENFERMERA|52UZPE01152001T47MT04EBS001H0327F0327CF327|2025-09-29|1||1||3||1||4|2|10|5|2|1|19||1|13|0||3||1||1||1||7|1|3|1|1|1|2|2|2|2|2|2|2||2|2|1|2||6||1|2|2|1|1|1|2|2|1|52UZPE01152001T47MT04EBS001H032752UZPE01152001T47MT04EBS001H0327F0327
2|273|1|52|UZPE011|52001|T47|MT04|MONSERRATE|CALLE27CASA11|-77.262042|1.212172||52UZPE01152001T47MT04EBS001H0328|52UZPE01152001T47MT04EBS001H0328F0328|1|4|4|6|52UZPE01152001T47MT04EBS001|900091143|CC|1086267332|AUXILIARENFERMERA|52UZPE01152001T47MT04EBS001H0328F0328CF328|2025-09-29|1||1||3||1||4|2|10|5|2|1|19||1|13|0||3||1||1||1||2|2|3|1|1|1|1|2|2|2|2|2|2||2|2|1|2||6||1|2|2|1|1|1|2|2|1|52UZPE01152001T47MT04EBS001H032852UZPE01152001T47MT04EBS001H0328F0328
2|274|1|52|UZPE011|52001|T47|MT04|MONSERRATE|CALLE27CASA11|-77.262042|1.212172||52UZPE01152001T47MT04EBS001H0329|52UZPE01152001T47MT04EBS001H0329F0329|1|4|4|6|52UZPE01152001T47MT04EBS001|900091143|CC|1086267332|AUXILIARENFERMERA|52UZPE01152001T47MT04EBS001H0329F0329CF329|2025-09-29|1||1||3||1||4|2|10|5|2|1|19||1|13|0||3||1||1||1||1|2|3|1|1|1|1|2|2|2|2|2|2||2|2|1|2||6||1|2|2|1|1|1|2|2|1|52UZPE01152001T47MT04EBS001H032952UZPE01152001T47MT04EBS001H0329F0329
2|275|1|52|UZPE011|52001|T47|MT04|MONSERRATE|CALLE27CASA11|-77.262042|1.212172||52UZPE01152001T47MT04EBS001H0330|52UZPE01152001T47MT04EBS001H0330F0330|1|4|4|6|52UZPE01152001T47MT04EBS001|900091143|CC|1086267332|AUXILIARENFERMERA|52UZPE01152001T47MT04EBS001H0330F0330CF330|2025-09-29|1||1||3||1||4|2|10|5|2|1|19||1|13|0||3||1||1||1||7|1|3|2|1|1|1|2|2|2|2|2|2||2|2|1|1||6||1|2|2|1|1|1|2|2|1|52UZPE01152001T47MT04EBS001H033052UZPE01152001T47MT04EBS001H0330F0330
2|276|1|52|UZPE011|52001|T47|MT04|MONSERRATE|MZACS5|-77.262304|1.212263||52UZPE01152001T47MT04EBS001H0331|52UZPE01152001T47MT04EBS001H0331F0331|1|2|2|5|52UZPE01152001T47MT04EBS001|900091143|CC|1087960258|AUXILIARDEENFERMERIA|52UZPE01152001T47MT04EBS001H0331F0331CF331|2025-09-29|4||1||3||4||4|2|11|5|2|2|20||2|13|0||3||1||1||1||1|3|3|1|1|1|1|2|2|2|2|2|2||2|2|2|1||6||2|2|2|1|1|1|2|2|1|52UZPE01152001T47MT04EBS001H033152UZPE01152001T47MT04EBS001H0331F0331
2|277|1|52|UZPE011|52001|T47|MT04|MONSERRATE|MZACS5|-77.262304|1.212263||52UZPE01152001T47MT04EBS001H0332|52UZPE01152001T47MT04EBS001H0332F0332|1|2|2|5|52UZPE01152001T47MT04EBS001|900091143|CC|1087960258|AUXILIARDEENFERMERIA|52UZPE01152001T47MT04EBS001H0332F0332CF332|2025-09-29|4||1||3||4||4|2|11|5|2|2|20||2|13|0||3||1||1||1||1|2|3|1|1|1|1|2|2|2|2|2|2||2|2|1|2||6||1|2|2|1|1|1|2|2|1|52UZPE01152001T47MT04EBS001H033252UZPE01152001T47MT04EBS001H0332F0332
2|278|1|52|UZPE011|52001|T47|MT04|MONSERRATE|2641|-77.262223|1.212338||52UZPE01152001T47MT04EBS001H0336|52UZPE01152001T47MT04EBS001H0336F0336|1|1|1|2|52UZPE01152001T47MT04EBS001|900091143|CC|1233193191|AUXILIARDEENFERMERIA|52UZPE01152001T47MT04EBS001H0336F0336CF336|2025-09-29|4||1||3||1||2|2|11|5|3|2|20||2|13|0||3||1||1||1||2|2|3|3|1|1|4|2|2|2|2|2|2||2|2|1|1||6||1|2|2|1|2|1|2|2|1|52UZPE01152001T47MT04EBS001H033652UZPE01152001T47MT04EBS001H0336F0336
2|279|1|52|UZPE011|52001|T47|MT04|MONSERRATE|152|-77.262057|1.212423||52UZPE01152001T47MT04EBS001H0337|52UZPE01152001T47MT04EBS001H0337F0337|1|1|1|2|52UZPE01152001T47MT04EBS001|900091143|CC|1233193191|AUXILIARDEENFERMERIA|52UZPE01152001T47MT04EBS001H0337F0337CF337|2025-09-29|4||1||3||1||1|2|11|5|3|2|20||2|13|0||3||1||1||1||1|3|3|1|1|1|4|2|2|2|2|2|2||2|2|1|1||6||1|2|2|1|1|1|2|2|1|52UZPE01152001T47MT04EBS001H033752UZPE01152001T47MT04EBS001H0337F0337
2|280|1|52|UZPE011|52001|T47|MT04|MONSERRATE|CALLE27144MONSERRATE|-77.26189|1.212284||52UZPE01152001T47MT04EBS001H0339|52UZPE01152001T47MT04EBS001H0339F0339|1|1|1|1|52UZPE01152001T47MT04EBS001|900091143|CC|1085260497|PSICOLOGO|52UZPE01152001T47MT04EBS001H0339F0339CF339|2025-09-29|1||1||3||1||1|2|11|5|3|2|20||2|13|0||3||1||1||1||7|1|3|1|1|1|1|2|2|2|2|2|2||2|2|1|2||6||1|2|2|1|1|1|2|2|1|52UZPE01152001T47MT04EBS001H033952UZPE01152001T47MT04EBS001H0339F0339
2|281|1|52|UZPE011|52001|T47|MT04|MONSERRATE|148|-77.26221|1.212376||52UZPE01152001T47MT04EBS001H0340|52UZPE01152001T47MT04EBS001H0340F0340|1|1|1|2|52UZPE01152001T47MT04EBS001|900091143|CC|1233193191|AUXILIARDEENFERMERIA|52UZPE01152001T47MT04EBS001H0340F0340CF340|2025-09-29|1||1||3||1||4|2|11|5|3|2|20||2|13|0||3||1||1||1||2|1|3|1|1|1|1|2|2|2|2|2|2||2|2|2|2||6||2|2|2|1|1|1|2|2|1|52UZPE01152001T47MT04EBS001H034052UZPE01152001T47MT04EBS001H0340F0340
2|282|1|52|UZPE011|52001|T47|MT04|MONSERRATE|1E09|-77.261973|1.21205||52UZPE01152001T47MT04EBS001H0341|52UZPE01152001T47MT04EBS001H0341F0341|1|6|6|7|52UZPE01152001T47MT04EBS001|900091143|CC|1233193191|AUXILIARDEENFERMERIA|52UZPE01152001T47MT04EBS001H0341F0341CF341|2025-10-01|4||1||3||1||1|2|11|5|2|1|19||2|13|0||3||1||1||1||1|3|2|3|1|1|2|2|2|2|2|2|2||2|2|1|2||6||1|2|2|1|1|1|2|2|1|52UZPE01152001T47MT04EBS001H034152UZPE01152001T47MT04EBS001H0341F0341
2|283|1|52|UZPE011|52001|T47|MT04|MONSERRATE|1E09|-77.261973|1.21205||52UZPE01152001T47MT04EBS001H0342|52UZPE01152001T47MT04EBS001H0342F0342|1|6|6|7|52UZPE01152001T47MT04EBS001|900091143|CC|1233193191|AUXILIARDEENFERMERIA|52UZPE01152001T47MT04EBS001H0342F0342CF342|2025-10-01|4||1||3||1||1|2|11|5|2|1|19||2|13|0||3||1||1||1||7|1|3|4|1|1|2|2|2|2|2|2|2||2|2|1|1||6||1|2|2|1|1|1|2|2|1|52UZPE01152001T47MT04EBS001H034252UZPE01152001T47MT04EBS001H0342F0342
2|284|1|52|UZPE011|52001|T47|MT04|MONSERRATE|1E09|-77.261973|1.21205||52UZPE01152001T47MT04EBS001H0343|52UZPE01152001T47MT04EBS001H0343F0343|1|6|6|7|52UZPE01152001T47MT04EBS001|900091143|CC|1233193191|AUXILIARDEENFERMERIA|52UZPE01152001T47MT04EBS001H0343F0343CF343|2025-10-01|4||1||3||1||1|2|11|5|2|1|19||2|13|0||3||1||1||1||2|3|3|2|1|1|1|2|2|2|2|2|2||2|2|1|1||6||1|2|2|1|1|1|2|2|1|52UZPE01152001T47MT04EBS001H034352UZPE01152001T47MT04EBS001H0343F0343
2|285|1|52|UZPE011|52001|T47|MT04|MONSERRATE|1E09|-77.261973|1.21205||52UZPE01152001T47MT04EBS001H0344|52UZPE01152001T47MT04EBS001H0344F0344|1|6|6|7|52UZPE01152001T47MT04EBS001|900091143|CC|1233193191|AUXILIARDEENFERMERIA|52UZPE01152001T47MT04EBS001H0344F0344CF344|2025-10-01|4||1||3||1||1|2|11|5|2|1|19||2|13|0||3||1||1||1||7|1|3|3|1|1|2|2|2|2|2|2|2||2|2|1|2||6||1|2|2|1|1|1|2|2|1|52UZPE01152001T47MT04EBS001H034452UZPE01152001T47MT04EBS001H0344F0344
2|286|1|52|UZPE011|52001|T47|MT04|MONSERRATE|1E09|-77.261973|1.21205||52UZPE01152001T47MT04EBS001H0345|52UZPE01152001T47MT04EBS001H0345F0345|1|6|6|7|52UZPE01152001T47MT04EBS001|900091143|CC|1233193191|AUXILIARDEENFERMERIA|52UZPE01152001T47MT04EBS001H0345F0345CF345|2025-10-01|4||1||3||1||1|2|11|5|2|1|19||2|13|0||3||1||1||1||2|4|3|3|1|1|2|2|2|2|2|2|2||2|2|1|1||6||1|2|2|1|1|1|2|2|1|52UZPE01152001T47MT04EBS001H034552UZPE01152001T47MT04EBS001H0345F0345
2|287|1|52|UZPE011|52001|T47|MT04|MONSERRATE|1E09|-77.261973|1.21205||52UZPE01152001T47MT04EBS001H0346|52UZPE01152001T47MT04EBS001H0346F0346|1|6|6|7|52UZPE01152001T47MT04EBS001|900091143|CC|1233193191|AUXILIARDEENFERMERIA|52UZPE01152001T47MT04EBS001H0346F0346CF346|2025-10-01|4||1||3||1||1|2|11|5|2|1|19||2|13|0||3||1||1||1||1|1|3|4|1|1|2|2|2|2|2|2|2||2|2|1|1||6||1|2|2|1|1|1|2|2|1|52UZPE01152001T47MT04EBS001H034652UZPE01152001T47MT04EBS001H0346F0346
2|288|1|52|UZPE011|52001|T47|MT04|MONSERRATE|M2ACASA6MONSERRATE|-77.262226|1.212436||52UZPE01152001T47MT04EBS001H0347|52UZPE01152001T47MT04EBS001H0347F0347|1|1|1|1|52UZPE01152001T47MT04EBS001|900091143|CC|1087960258|AUXILIARDEENFERMERIA|52UZPE01152001T47MT04EBS001H0347F0347CF347|2025-10-01|1||1||3||1||2|2|11|1|2|2|20||2|13|0||3||1||1||1||7|1|3|1|1|1|1|2|2|2|2|2|2||2|2|2|2||6||2|2|2|1|2|1|2|2|1|52UZPE01152001T47MT04EBS001H034752UZPE01152001T47MT04EBS001H0347F0347
2|289|1|52|UZPE011|52001|T47|MT04|MONSERRATE|CALLE26229|-77.262239|1.212198||52UZPE01152001T47MT04EBS001H0348|52UZPE01152001T47MT04EBS001H0348F0348|1|2|2|7|52UZPE01152001T47MT04EBS001|900091143|CC|1086267332|AUXILIARENFERMERA|52UZPE01152001T47MT04EBS001H0348F0348CF348|2025-10-01|1||1||3||1||4|2|11|5|3|2|20||2|13|0||3||1||1||1||2|2|3|1|1|1|1|2|2|2|2|2|2||2|2|1|2||6||1|2|2|1|2|1|2|2|1|52UZPE01152001T47MT04EBS001H034852UZPE01152001T47MT04EBS001H0348F0348
2|290|1|52|UZPE011|52001|T47|MT04|MONSERRATE|CALLE26229|-77.262239|1.212198||52UZPE01152001T47MT04EBS001H0349|52UZPE01152001T47MT04EBS001H0349F0349|1|2|2|7|52UZPE01152001T47MT04EBS001|900091143|CC|1086267332|AUXILIARENFERMERA|52UZPE01152001T47MT04EBS001H0349F0349CF349|2025-10-01|1||1||3||1||4|2|11|5|2|2|20||2|13|0||3||1||1||1||1|4|3|1|1|1|1|2|2|2|2|2|2||2|2|1|1||6||1|2|2|1|2|1|2|2|1|52UZPE01152001T47MT04EBS001H034952UZPE01152001T47MT04EBS001H0349F0349
2|291|1|52|UZPE011|52001|T47|MT04|MONSERRATE|CASA11ADVI7|-77.262018|1.212251||52UZPE01152001T47MT04EBS001H0350|52UZPE01152001T47MT04EBS001H0350F0350|1|1|1|2|52UZPE01152001T47MT04EBS001|900091143|CC|1087960258|AUXILIARDEENFERMERIA|52UZPE01152001T47MT04EBS001H0350F0350CF350|2025-10-01|1||1||3||4||2|2|11|5|2|2|20||2|13|0||3||1||1||1||2|2|3|1|1|1|1|2|2|2|2|2|2||2|2|2|2||6||2|2|2|1|2|1|2|2|1|52UZPE01152001T47MT04EBS001H035052UZPE01152001T47MT04EBS001H0350F0350
2|292|1|52|UZPE011|52001|T47|MT04|MONSERRATE|CALLE171ESTE15|-77.261872|1.212011||52UZPE01152001T47MT04EBS001H0351|52UZPE01152001T47MT04EBS001H0351F0351|1|1|1|3|52UZPE01152001T47MT04EBS001|900091143|CC|1087960258|AUXILIARDEENFERMERIA|52UZPE01152001T47MT04EBS001H0351F0351CF351|2025-10-01|1||1||3||1||2|2|11|5|2|2|20||2|13|0||3||1||1||1||1|3|3|1|1|1|1|2|2|2|2|2|2||2|2|1|1||6||1|2|2|1|2|1|2|2|1|52UZPE01152001T47MT04EBS001H035152UZPE01152001T47MT04EBS001H0351F0351
2|293|1|52|UZPE011|52001|T47|MT04|MONSERRATE|TRANSVERSAL12622MONSERRATE|-77.262182|1.212107||52UZPE01152001T47MT04EBS001H0352|52UZPE01152001T47MT04EBS001H0352F0352|1|2|2|4|52UZPE01152001T47MT04EBS001|900091143|CC|1085260497|PSICOLOGO|52UZPE01152001T47MT04EBS001H0352F0352CF352|2025-10-01|1||1||3||1||1|2|11|5|3|2|20||2|13|0||3||1||1||1||1|4|3|2|1|1|1|2|2|2|2|2|2||2|2|1|1||6||1|2|2|1|1|1|2|2|1|52UZPE01152001T47MT04EBS001H035252UZPE01152001T47MT04EBS001H0352F0352
2|294|1|52|UZPE011|52001|T47|MT04|MONSERRATE|TRANSVERSAL12622MONSERRATE|-77.262182|1.212107||52UZPE01152001T47MT04EBS001H0353|52UZPE01152001T47MT04EBS001H0353F0353|1|2|2|4|52UZPE01152001T47MT04EBS001|900091143|CC|1085260497|PSICOLOGO|52UZPE01152001T47MT04EBS001H0353F0353CF353|2025-10-01|1||1||3||1||1|2|11|5|3|2|20||2|13|0||3||1||1||1||7|1|2|3|1|1|1|2|2|2|2|2|2||2|2|1|1||6||1|2|2|1|1|1|2|2|1|52UZPE01152001T47MT04EBS001H035352UZPE01152001T47MT04EBS001H0353F0353
2|295|1|52|UZPE011|52001|T47|MT04|MONSERRATE|ESTE25A2|-77.261885|1.122805||52UZPE01152001T47MT04EBS001H0354|52UZPE01152001T47MT04EBS001H0354F0354|1|3|3|5|52UZPE01152001T47MT04EBS001|900091143|CC|1233193191|AUXILIARDEENFERMERIA|52UZPE01152001T47MT04EBS001H0354F0354CF354|2025-10-02|4||1||3||1||3|1|11|5|2|1|20||2|13|0||3||1||1||1||7|1|3|2|1|1|2|2|2|2|2|2|2||2|2|1|1||6||1|2|2|1|1|1|2|2|1|52UZPE01152001T47MT04EBS001H035452UZPE01152001T47MT04EBS001H0354F0354
2|296|1|52|UZPE011|52001|T47|MT04|MONSERRATE|ESTE25A2|-77.261885|1.122805||52UZPE01152001T47MT04EBS001H0355|52UZPE01152001T47MT04EBS001H0355F0355|1|3|3|5|52UZPE01152001T47MT04EBS001|900091143|CC|1233193191|AUXILIARDEENFERMERIA|52UZPE01152001T47MT04EBS001H0355F0355CF355|2025-10-02|4||1||3||1||3|1|11|5|2|1|20||2|13|0||3||1||1||1||1|2|3|2|1|1|1|2|2|2|2|2|2||2|2|1|2||6||1|2|2|1|2|1|2|2|1|52UZPE01152001T47MT04EBS001H035552UZPE01152001T47MT04EBS001H0355F0355
2|297|1|52|UZPE011|52001|T47|MT04|MONSERRATE|ESTE25A2|-77.261885|1.122805||52UZPE01152001T47MT04EBS001H0356|52UZPE01152001T47MT04EBS001H0356F0356|1|3|3|5|52UZPE01152001T47MT04EBS001|900091143|CC|1233193191|AUXILIARDEENFERMERIA|52UZPE01152001T47MT04EBS001H0356F0356CF356|2025-10-02|4||1||3||1||3|1|11|5|2|1|20||2|13|0||3||1||1||1||2|2|3|2|1|1|1|2|2|2|2|2|2||2|2|1|1||6||1|2|2|1|1|1|2|2|1|52UZPE01152001T47MT04EBS001H035652UZPE01152001T47MT04EBS001H0356F0356
2|298|1|52|UZPE011|52001|T47|MT04|MONSERRATE|26NUMERO14CASA9|-77.262148|1.21201||52UZPE01152001T47MT04EBS001H0357|52UZPE01152001T47MT04EBS001H0357F0357|1|2|2|2|52UZPE01152001T47MT04EBS001|900091143|CC|1233193191|AUXILIARDEENFERMERIA|52UZPE01152001T47MT04EBS001H0357F0357CF357|2025-09-30|1||1||3||1||0|2|11|5|2|1|20||2|13|0||3||1||1||1||2|1|3|3|1|1|1|2|2|2|2|2|2||2|2|1|2||6||1|2|2|1|1|1|2|2|1|52UZPE01152001T47MT04EBS001H035752UZPE01152001T47MT04EBS001H0357F0357
2|299|1|52|UZPE011|52001|T47|MT04|MONSERRATE|26NUMERO14CASA9|-77.262148|1.21201||52UZPE01152001T47MT04EBS001H0358|52UZPE01152001T47MT04EBS001H0358F0358|1|2|2|2|52UZPE01152001T47MT04EBS001|900091143|CC|1233193191|AUXILIARDEENFERMERIA|52UZPE01152001T47MT04EBS001H0358F0358CF358|2025-09-30|1||1||3||1||0|2|11|5|2|1|20||2|13|0||3||1||1||1||7|1|3|2|1|1|1|2|2|2|2|2|2||2|2|1|2||6||1|2|2|1|1|1|2|2|1|52UZPE01152001T47MT04EBS001H035852UZPE01152001T47MT04EBS001H0358F0358
2|300|1|52|UZPE011|52001|T47|MT04|MONSERRATE|CALLE261E23|-77.261991|1.211886||52UZPE01152001T47MT04EBS001H0359|52UZPE01152001T47MT04EBS001H0359F0359|1|2|2|6|52UZPE01152001T47MT04EBS001|900091143|CC|1085284997|ENFERMERA|52UZPE01152001T47MT04EBS001H0359F0359CF359|2025-10-01|5||1||3||1||1|1|11|5|2|2|20||2|13|0||3||1||1||1||7|1|3|1|1|1|1|2|2|2|2|2|2||2|2|1|1||6||1|2|2|1|1|1|2|2|1|52UZPE01152001T47MT04EBS001H035952UZPE01152001T47MT04EBS001H0359F0359
2|301|1|52|UZPE011|52001|T47|MT04|MONSERRATE|CALLE261E23|-77.261991|1.211886||52UZPE01152001T47MT04EBS001H0361|52UZPE01152001T47MT04EBS001H0361F0361|1|2|2|6|52UZPE01152001T47MT04EBS001|900091143|CC|1085284997|ENFERMERA|52UZPE01152001T47MT04EBS001H0361F0361CF361|2025-10-01|5||1||3||1||1|1|11|5|2|2|20||2|13|0||3||1||1||1||1|5|3|2|1|1|2|2|2|2|2|2|2||2|2|1|1||6||1|2|2|1|1|1|2|2|1|52UZPE01152001T47MT04EBS001H036152UZPE01152001T47MT04EBS001H0361F0361
2|302|1|52|UZPE011|52001|T47|MT04|MONSERRATE|TRASVERSAL12607|-77.26212|1.212069||52UZPE01152001T47MT04EBS001H0362|52UZPE01152001T47MT04EBS001H0362F0362|1|1|1|2|52UZPE01152001T47MT04EBS001|900091143|CC|1085284997|ENFERMERA|52UZPE01152001T47MT04EBS001H0362F0362CF362|2025-09-30|1||1||3||1||2|2|11|5|3|2|20||1|13|0||3||1||1||1||1|2|3|1|1|1|1|2|2|2|2|2|2||2|2|1|1||6||1|2|2|1|1|1|2|2|1|52UZPE01152001T47MT04EBS001H036252UZPE01152001T47MT04EBS001H0362F0362
2|303|1|52|UZPE011|52001|T47|MT04|MONSERRATE|CALLE26219|-77.262221|1.212166||52UZPE01152001T47MT04EBS001H0363|52UZPE01152001T47MT04EBS001H0363F0363|1|3|3|7|52UZPE01152001T47MT04EBS001|900091143|CC|1086267332|AUXILIARENFERMERA|52UZPE01152001T47MT04EBS001H0363F0363CF363|2025-10-04|1||1||3||1||2|2|11|5|2|2|20||1|13|0||3||1||1||1||2|2|2|1|1|1|2|2|2|2|2|2|2||2|2|2|1||6||2|2|2|1|1|1|2|2|1|52UZPE01152001T47MT04EBS001H036352UZPE01152001T47MT04EBS001H0363F0363
2|304|1|52|UZPE011|52001|T47|MT04|MONSERRATE|CALLE26219|-77.262221|1.212166||52UZPE01152001T47MT04EBS001H0364|52UZPE01152001T47MT04EBS001H0364F0364|1|3|3|7|52UZPE01152001T47MT04EBS001|900091143|CC|1086267332|AUXILIARENFERMERA|52UZPE01152001T47MT04EBS001H0364F0364CF364|2025-10-04|1||1||3||1||2|2|11|5|3|2|20||1|13|0||3||1||1||1||1|3|2|2|1|1|1|2|2|2|2|2|2||2|2|1|1||6||1|2|2|1|2|1|2|2|1|52UZPE01152001T47MT04EBS001H036452UZPE01152001T47MT04EBS001H0364F0364
2|305|1|52|UZPE011|52001|T47|MT04|MONSERRATE|CALLE26219|-77.262221|1.212166||52UZPE01152001T47MT04EBS001H0365|52UZPE01152001T47MT04EBS001H0365F0365|1|3|3|7|52UZPE01152001T47MT04EBS001|900091143|CC|1086267332|AUXILIARENFERMERA|52UZPE01152001T47MT04EBS001H0365F0365CF365|2025-10-04|1||1||3||1||2|2|11|5|2|2|20||1|13|0||3||1||1||1||1|2|2|2|1|1|2|2|2|2|2|2|2||2|2|1|2||6||1|2|2|1|1|1|2|2|1|52UZPE01152001T47MT04EBS001H036552UZPE01152001T47MT04EBS001H0365F0365
2|306|1|52|UZPE011|52001|T47|MT04|MONSERRATE|CALLE28CARRERA150|-77.262074|1.212331||52UZPE01152001T47MT04EBS001H0366|52UZPE01152001T47MT04EBS001H0366F0366|1|1|1|3|52UZPE01152001T47MT04EBS001|900091143|CC|1087960258|AUXILIARDEENFERMERIA|52UZPE01152001T47MT04EBS001H0366F0366CF366|2025-09-30|1||1||3||1||3|2|11|5|2|2|20||2|13|0||3||1||1||1||2|3|3|1|1|1|1|2|2|2|2|2|2||2|2|2|2||6||2|2|2|1|1|1|2|2|1|52UZPE01152001T47MT04EBS001H036652UZPE01152001T47MT04EBS001H0366F0366
2|307|1|52|UZPE011|52001|T47|MT04|MONSERRATE|CALLE261E07MONSERRATE|-77.262222|1.212118||52UZPE01152001T47MT04EBS001H0367|52UZPE01152001T47MT04EBS001H0367F0367|1|3|3|7|52UZPE01152001T47MT04EBS001|900091143|CC|1087960258|AUXILIARDEENFERMERIA|52UZPE01152001T47MT04EBS001H0367F0367CF367|2025-09-30|1||1||3||1||3|2|11|5|2|2|20||2|13|0||3||1||1||1||1|3|3|1|1|1|1|2|2|2|2|2|2||2|2|2|2||6||2|2|2|1|1|1|2|2|1|52UZPE01152001T47MT04EBS001H036752UZPE01152001T47MT04EBS001H0367F0367
2|308|1|52|UZPE011|52001|T47|MT04|MONSERRATE|CALLE261E07MONSERRATE|-77.262222|1.212118||52UZPE01152001T47MT04EBS001H0368|52UZPE01152001T47MT04EBS001H0368F0368|1|3|3|7|52UZPE01152001T47MT04EBS001|900091143|CC|1087960258|AUXILIARDEENFERMERIA|52UZPE01152001T47MT04EBS001H0368F0368CF368|2025-09-30|1||1||3||1||3|2|11|5|2|2|20||2|13|0||3||1||1||1||1|3|3|1|1|1|1|2|2|2|2|2|2||2|2|2|1||6||2|2|2|1|1|1|2|2|1|52UZPE01152001T47MT04EBS001H036852UZPE01152001T47MT04EBS001H0368F0368
2|309|1|52|UZPE011|52001|T47|MT04|MONSERRATE|CALLE261E07MONSERRATE|-77.262222|1.212118||52UZPE01152001T47MT04EBS001H0369|52UZPE01152001T47MT04EBS001H0369F0369|1|3|3|7|52UZPE01152001T47MT04EBS001|900091143|CC|1087960258|AUXILIARDEENFERMERIA|52UZPE01152001T47MT04EBS001H0369F0369CF369|2025-09-30|1||1||3||1||3|2|11|5|2|2|20||2|13|0||3||1||1||1||1|2|3|1|1|1|4|2|2|2|2|2|2||2|2|2|1||6||2|2|2|1|2|1|2|2|1|52UZPE01152001T47MT04EBS001H036952UZPE01152001T47MT04EBS001H0369F0369
2|310|1|52|UZPE011|52001|T47|MT04|MONSERRATE|CALLE261E45|-77.261796|1.211897||52UZPE01152001T47MT04EBS001H0370|52UZPE01152001T47MT04EBS001H0370F0370|1|2|2|5|52UZPE01152001T47MT04EBS001|900091143|CC|1087960258|AUXILIARDEENFERMERIA|52UZPE01152001T47MT04EBS001H0370F0370CF370|2025-10-02|4||1||3||1||4|2|11|5|2|2|20||2|13|0||3||1||1||1||1|3|3|1|1|1|1|2|2|2|2|2|2||2|2|1|1||6||1|2|2|1|1|1|2|2|1|52UZPE01152001T47MT04EBS001H037052UZPE01152001T47MT04EBS001H0370F0370
2|311|1|52|UZPE011|52001|T47|MT04|MONSERRATE|CALLE261E45|-77.261796|1.211897||52UZPE01152001T47MT04EBS001H0371|52UZPE01152001T47MT04EBS001H0371F0371|1|2|2|5|52UZPE01152001T47MT04EBS001|900091143|CC|1087960258|AUXILIARDEENFERMERIA|52UZPE01152001T47MT04EBS001H0371F0371CF371|2025-10-02|4||1||3||1||4|2|11|5|2|2|20||2|13|0||3||1||1||1||2|2|3|1|1|1|1|2|2|2|2|2|2||2|2|1|1||6||1|2|2|1|1|1|2|2|1|52UZPE01152001T47MT04EBS001H037152UZPE01152001T47MT04EBS001H0371F0371
2|312|1|52|UZPE011|52001|T47|MT04|MONSERRATE|CALLE26E15MONSERRATE|-77.262113|1.211871||52UZPE01152001T47MT04EBS001H0372|52UZPE01152001T47MT04EBS001H0372F0372|1|1|1|2|52UZPE01152001T47MT04EBS001|900091143|CC|1087960258|AUXILIARDEENFERMERIA|52UZPE01152001T47MT04EBS001H0372F0372CF372|2025-10-02|1||1||3||1||2|1|11|5|2|2|20||2|13|0||3||1||1||1||2|2|3|1|1|1|1|2|2|2|2|2|2||2|2|2|1||6||2|2|2|1|1|1|2|2|1|52UZPE01152001T47MT04EBS001H037252UZPE01152001T47MT04EBS001H0372F0372
2|313|1|52|UZPE011|52001|T47|MT04|MONSERRATE|CALLE261E55|-77.261847|1.211601||52UZPE01152001T47MT04EBS001H0373|52UZPE01152001T47MT04EBS001H0373F0373|1|1|1|1|52UZPE01152001T47MT04EBS001|900091143|CC|1086267332|AUXILIARENFERMERA|52UZPE01152001T47MT04EBS001H0373F0373CF373|2025-10-06|1||1||3||1||1|2|11|5|2|1|8||2|13|0||3||1||1||1||7|1|3|3|1|1|1|2|2|2|2|2|2||2|2|1|1||6||1|2|2|1|2|1|2|2|1|52UZPE01152001T47MT04EBS001H037352UZPE01152001T47MT04EBS001H0373F0373
2|314|1|52|UZPE011|52001|T47|MT04|MONSERRATE|CLLE261E55|-77.261778|1.211575||52UZPE01152001T47MT04EBS001H0374|52UZPE01152001T47MT04EBS001H0374F0374|1|1|1|2|52UZPE01152001T47MT04EBS001|900091143|CC|1086267332|AUXILIARENFERMERA|52UZPE01152001T47MT04EBS001H0374F0374CF374|2025-10-06|1||1||3||1||2|2|11|5|2|2|20||2|13|0||3||1||1||1||2|2|3|1|1|1|1|2|2|2|2|2|2||2|2|1|1||6||1|2|2|1|1|1|2|2|1|52UZPE01152001T47MT04EBS001H037452UZPE01152001T47MT04EBS001H0374F0374
2|315|1|52|UZPE011|52001|T47|MT04|MONSERRATE|1E50|-77.261899|1.211858||52UZPE01152001T47MT04EBS001H0375|52UZPE01152001T47MT04EBS001H0375F0375|1|2|2|4|52UZPE01152001T47MT04EBS001|900091143|CC|1233193191|AUXILIARDEENFERMERIA|52UZPE01152001T47MT04EBS001H0375F0375CF375|2025-10-06|4||1||3||1||3|2|11|5|3|2|20||2|13|0||3||1||1||1||1|2|3|2|1|1|1|2|2|2|2|2|2||2|2|1|1||6||1|2|2|1|1|1|2|2|1|52UZPE01152001T47MT04EBS001H037552UZPE01152001T47MT04EBS001H0375F0375
2|316|1|52|UZPE011|52001|T47|MT04|MONSERRATE|1E50|-77.261899|1.211858||52UZPE01152001T47MT04EBS001H0376|52UZPE01152001T47MT04EBS001H0376F0376|1|2|2|4|52UZPE01152001T47MT04EBS001|900091143|CC|1233193191|AUXILIARDEENFERMERIA|52UZPE01152001T47MT04EBS001H0376F0376CF376|2025-10-06|4||1||3||1||3|2|11|5|2|2|20||2|13|0||3||1||1||1||1|3|3|2|1|1|1|2|2|2|2|2|2||2|2|2|1||6||2|2|2|1|1|1|2|2|1|52UZPE01152001T47MT04EBS001H037652UZPE01152001T47MT04EBS001H0376F0376
2|317|1|52|UZPE011|52001|T47|MT04|MONSERRATE|CALLE27CR128DVI2|-77.261849|1.211871||52UZPE01152001T47MT04EBS001H0377|52UZPE01152001T47MT04EBS001H0377F0377|1|2|2|4|52UZPE01152001T47MT04EBS001|900091143|CC|1087960258|AUXILIARDEENFERMERIA|52UZPE01152001T47MT04EBS001H0377F0377CF377|2025-10-06|4||1||3||1||4|2|11|5|2|2|20||2|13|0||3||1||1||1||1|2|2|1|1|1|1|2|2|2|2|2|2||2|2|1|1||6||1|2|2|1|2|1|2|2|1|52UZPE01152001T47MT04EBS001H037752UZPE01152001T47MT04EBS001H0377F0377
2|318|1|52|UZPE011|52001|T47|MT04|MONSERRATE|CALLE27CR128DVI2|-77.261849|1.211871||52UZPE01152001T47MT04EBS001H0378|52UZPE01152001T47MT04EBS001H0378F0378|1|2|2|4|52UZPE01152001T47MT04EBS001|900091143|CC|1087960258|AUXILIARDEENFERMERIA|52UZPE01152001T47MT04EBS001H0378F0378CF378|2025-10-06|4||1||3||1||4|2|11|5|2|2|20||2|13|0||3||1||1||1||2|2|3|1|1|1|1|2|2|2|2|2|2||2|2|2|1||6||2|2|2|1|2|1|2|2|1|52UZPE01152001T47MT04EBS001H037852UZPE01152001T47MT04EBS001H0378F0378
2|319|1|52|UZPE011|52001|T47|MT04|MONSERRATE|CALLE261E55|-77.261664|1.211706||52UZPE01152001T47MT04EBS001H0379|52UZPE01152001T47MT04EBS001H0379F0379|1|1|1|1|52UZPE01152001T47MT04EBS001|900091143|CC|1087960258|AUXILIARDEENFERMERIA|52UZPE01152001T47MT04EBS001H0379F0379CF379|2025-10-08|1||1||3||4||2|2|11|5|2|2|20||2|13|0||3||1||1||1||7|1|3|1|1|1|1|2|2|2|2|2|2||2|2|2|1||6||2|2|2|1|1|1|2|2|1|52UZPE01152001T47MT04EBS001H037952UZPE01152001T47MT04EBS001H0379F0379
2|320|1|52|UZPE011|52001|T47|MT04|MONSERRATE|CALLE261E55|-77.261559|1.211638||52UZPE01152001T47MT04EBS001H0380|52UZPE01152001T47MT04EBS001H0380F0380|1|1|1|3|52UZPE01152001T47MT04EBS001|900091143|CC|1087960258|AUXILIARDEENFERMERIA|52UZPE01152001T47MT04EBS001H0380F0380CF380|2025-10-08|1||1||3||4||3|2|11|5|2|2|20||2|13|0||3||1||1||1||2|3|3|1|1|1|1|2|2|2|2|2|2||2|2|1|1||6||1|2|2|1|1|1|2|2|1|52UZPE01152001T47MT04EBS001H038052UZPE01152001T47MT04EBS001H0380F0380
2|321|1|52|UZPE011|52001|T47|MT04|MONSERRATE|CALLE261E63|-77.261712|1.211815||52UZPE01152001T47MT04EBS001H0381|52UZPE01152001T47MT04EBS001H0381F0381|1|5|5|7|52UZPE01152001T47MT04EBS001|900091143|CC|1086267332|AUXILIARENFERMERA|52UZPE01152001T47MT04EBS001H0381F0381CF381|2025-10-09|1||1||3||4||0|2|8|5|2|2|19||2|13|0||3||1||1||1||7|1|3|4|1|1|1|2|2|2|2|2|2||2|2|1|1||6||1|2|2|1|2|1|2|2|1|52UZPE01152001T47MT04EBS001H038152UZPE01152001T47MT04EBS001H0381F0381
2|322|1|52|UZPE011|52001|T47|MT04|MONSERRATE|CALLE261E63|-77.261712|1.211815||52UZPE01152001T47MT04EBS001H0382|52UZPE01152001T47MT04EBS001H0382F0382|1|5|5|7|52UZPE01152001T47MT04EBS001|900091143|CC|1086267332|AUXILIARENFERMERA|52UZPE01152001T47MT04EBS001H0382F0382CF382|2025-10-09|1||1||3||4||0|2|8|5|3|2|19||2|13|0||3||1||1||1||1|4|3|2|1|1|1|2|2|2|2|2|2||2|2|1|1||6||1|2|2|1|1|1|2|2|1|52UZPE01152001T47MT04EBS001H038252UZPE01152001T47MT04EBS001H0382F0382
2|323|1|52|UZPE011|52001|T47|MT04|MONSERRATE|CALLE261E63|-77.261712|1.211815||52UZPE01152001T47MT04EBS001H0383|52UZPE01152001T47MT04EBS001H0383F0383|1|5|5|7|52UZPE01152001T47MT04EBS001|900091143|CC|1086267332|AUXILIARENFERMERA|52UZPE01152001T47MT04EBS001H0383F0383CF383|2025-10-09|1||1||3||4||0|2|8|5|2|2|19||2|13|0||3||1||1||1||7|1|3|3|1|1|1|2|2|2|2|2|2||2|2|1|2||6||1|2|2|1|1|1|2|2|1|52UZPE01152001T47MT04EBS001H038352UZPE01152001T47MT04EBS001H0383F0383
2|324|1|52|UZPE011|52001|T47|MT04|MONSERRATE|CALLE261E63|-77.261712|1.211815||52UZPE01152001T47MT04EBS001H0384|52UZPE01152001T47MT04EBS001H0384F0384|1|5|5|7|52UZPE01152001T47MT04EBS001|900091143|CC|1086267332|AUXILIARENFERMERA|52UZPE01152001T47MT04EBS001H0384F0384CF384|2025-10-09|1||1||3||4||0|2|8|5|3|2|19||2|13|0||3||1||1||1||1|2|3|2|1|1|1|2|2|2|2|2|2||2|2|1|1||1||1|2|2|1|1|1|2|2|1|52UZPE01152001T47MT04EBS001H038452UZPE01152001T47MT04EBS001H0384F0384
2|325|1|52|UZPE011|52001|T47|MT04|MONSERRATE|CALLE261E63|-77.261712|1.211815||52UZPE01152001T47MT04EBS001H0385|52UZPE01152001T47MT04EBS001H0385F0385|1|5|5|7|52UZPE01152001T47MT04EBS001|900091143|CC|1086267332|AUXILIARENFERMERA|52UZPE01152001T47MT04EBS001H0385F0385CF385|2025-10-09|1||1||3||4||0|2|8|5|2|2|19||2|13|0||3||1||1||1||2|2|2|4|1|1|3|2|2|2|2|2|2||2|2|1|2||6||1|2|2|1|1|1|2|2|1|52UZPE01152001T47MT04EBS001H038552UZPE01152001T47MT04EBS001H0385F0385
2|326|1|52|UZPE011|52001|T47|MT04|MONSERRATE|55|-77.261684|1.211698||52UZPE01152001T47MT04EBS001H0386|52UZPE01152001T47MT04EBS001H0386F0386|1|1|1|3|52UZPE01152001T47MT04EBS001|900091143|CC|1233193191|AUXILIARDEENFERMERIA|52UZPE01152001T47MT04EBS001H0386F0386CF386|2025-10-08|4||5||3||2||2|2|11|5|2|1|4||1|13|2||3||1||1||1||2|3|3|2|1|1|1|2|2|2|2|2|2||2|2|1|2||6||1|2|2|1|1|1|2|2|1|52UZPE01152001T47MT04EBS001H038652UZPE01152001T47MT04EBS001H0386F0386
2|327|1|52|UZPE011|52001|T47|MT04|MONSERRATE|A552|-77.261151|1.211576||52UZPE01152001T47MT04EBS001H0387|52UZPE01152001T47MT04EBS001H0387F0387|1|1|1|2|52UZPE01152001T47MT04EBS001|900091143|CC|1233193191|AUXILIARDEENFERMERIA|52UZPE01152001T47MT04EBS001H0387F0387CF387|2025-10-08|4||1||3||1||1|2|10|5|2|1|8||2|13|0||3||1||1||1||2|2|3|3|1|1|1|2|2|2|2|2|2||2|2|1|1||6||1|2|2|1|1|1|2|2|1|52UZPE01152001T47MT04EBS001H038752UZPE01152001T47MT04EBS001H0387F0387
2|328|1|52|UZPE011|52001|T47|MT04|MONSERRATE|26A|-77.262224|1.212434||52UZPE01152001T47MT04EBS001H0388|52UZPE01152001T47MT04EBS001H0388F0388|1|1|1|4|52UZPE01152001T47MT04EBS001|900091143|CC|1233193191|AUXILIARDEENFERMERIA|52UZPE01152001T47MT04EBS001H0388F0388CF388|2025-10-10|4||1||3||1||2|2|8|5|2|1|19||2|13|0||3||1||1||1||1|4|3|2|1|1|1|2|2|2|2|2|2||2|2|1|2||6||1|2|2|1|1|1|2|2|1|52UZPE01152001T47MT04EBS001H038852UZPE01152001T47MT04EBS001H0388F0388
2|329|1|52|UZPE011|52001|T47|MT04|MONSERRATE|CALLE27CASA2|-77.261088|1.212394||52UZPE01152001T47MT04EBS001H0389|52UZPE01152001T47MT04EBS001H0389F0389|1|1|1|1|52UZPE01152001T47MT04EBS001|900091143|CC|1233193191|AUXILIARDEENFERMERIA|52UZPE01152001T47MT04EBS001H0389F0389CF389|2025-10-10|4||1||3||1||1|2|11|5|2|2|20||2|13|0||3||1||1||1||7|1|3|3|1|1|1|2|2|2|2|2|2||2|2|2|2||6||2|2|2|1|1|1|2|2|1|52UZPE01152001T47MT04EBS001H038952UZPE01152001T47MT04EBS001H0389F0389
2|330|1|52|UZPE011|52001|T47|MT04|MONSERRATE|TRAN22632MZADV1|-77.262159|1.212349||52UZPE01152001T47MT04EBS001H0390|52UZPE01152001T47MT04EBS001H0390F0390|1|1|1|3|52UZPE01152001T47MT04EBS001|900091143|CC|1087960258|AUXILIARDEENFERMERIA|52UZPE01152001T47MT04EBS001H0390F0390CF390|2025-10-02|1||1||3||1||4|2|11|5|2|2|20||2|13|0||3||1||1||1||1|4|3|1|1|1|1|2|2|2|2|2|2||2|2|2|1||6||2|2|2|1|1|1|2|2|1|52UZPE01152001T47MT04EBS001H039052UZPE01152001T47MT04EBS001H0390F0390
2|331|1|52|UZPE011|52001|T47|MT04|MONSERRATE|CALLE26C1E55|-77.261426|1.21157||52UZPE01152001T47MT04EBS001H0392|52UZPE01152001T47MT04EBS001H0392F0392|1|3|3|2|52UZPE01152001T47MT04EBS001|900091143|CC|1085284997|ENFERMERA|52UZPE01152001T47MT04EBS001H0392F0392CF392|2025-10-08|1||1||3||4||2|2|11|5|3|2|20||2|13|0||3||1||1||1||2|2|3|3|1|1|1|2|2|2|2|2|2||2|2|1|1||6||1|2|2|1|1|1|2|2|1|52UZPE01152001T47MT04EBS001H039252UZPE01152001T47MT04EBS001H0392F0392
2|332|1|52|UZPE011|52001|T47|MT04|MONSERRATE|CALLE26C1E55|-77.261426|1.21157||52UZPE01152001T47MT04EBS001H0393|52UZPE01152001T47MT04EBS001H0393F0393|1|3|3|2|52UZPE01152001T47MT04EBS001|900091143|CC|1085284997|ENFERMERA|52UZPE01152001T47MT04EBS001H0393F0393CF393|2025-10-08|1||1||3||4||2|2|11|5|3|2|20||2|13|0||3||1||1||1||1|2|3|3|1|1|1|2|2|2|2|2|2||2|2|1|1||6||1|2|2|1|1|1|2|2|1|52UZPE01152001T47MT04EBS001H039352UZPE01152001T47MT04EBS001H0393F0393
2|333|1|52|UZPE011|52001|T47|MT04|MONSERRATE|CALLE26C1E55|-77.261426|1.21157||52UZPE01152001T47MT04EBS001H0395|52UZPE01152001T47MT04EBS001H0395F0395|1|3|3|2|52UZPE01152001T47MT04EBS001|900091143|CC|1085284997|ENFERMERA|52UZPE01152001T47MT04EBS001H0395F0395CF395|2025-10-08|1||1||3||4||2|2|11|5|3|2|20||2|13|0||3||1||1||1||2|2|3|2|1|1|1|2|2|2|2|2|2||2|2|1|1||6||1|2|2|1|1|1|2|2|1|52UZPE01152001T47MT04EBS001H039552UZPE01152001T47MT04EBS001H0395F0395
2|334|1|52|UZPE011|52001|T47|MT04|MONSERRATE|CALLE261E63|-77.261725|1.211803||52UZPE01152001T47MT04EBS001H0396|52UZPE01152001T47MT04EBS001H0396F0396|1|1|1|2|52UZPE01152001T47MT04EBS001|900091143|CC|1087960258|AUXILIARDEENFERMERIA|52UZPE01152001T47MT04EBS001H0396F0396CF396|2025-10-06|1||1||3||4||1|2|11|5|2|2|20||2|13|0||3||1||1||1||2|2|3|1|1|1|1|2|2|2|2|2|2||2|2|2|1||6||2|2|2|1|2|1|2|2|1|52UZPE01152001T47MT04EBS001H039652UZPE01152001T47MT04EBS001H0396F0396
2|335|1|52|UZPE011|52001|T47|MT03|CARLOS PIZARRO|CRA17B2052ELPRADO|-77.260899|1.183739||52UZPE01152001T47MT03EBS001H0397|52UZPE01152001T47MT03EBS001H0397F0397|3|1|1|4|52UZPE01152001T47MT03EBS001|900091143|CC|59836480|ENFERMERIA|52UZPE01152001T47MT03EBS001H0397F0397CF397|2025-10-15|1||1||3||1||4|2|11|5|2|2|20||1|13|0||1||1||1||1||2|4|3|2|1|1|1|2|2|2|2|2|2||2|2|2|2||6||2|2|2|1|1|1|2|2|1|52UZPE01152001T47MT03EBS001H039752UZPE01152001T47MT03EBS001H0397F0397
2|336|1|52|UZPE011|52001|T47|MT03|CARLOS PIZARRO|CRA182124BARRIOELPRADO|-77.260899|1.183739||52UZPE01152001T47MT03EBS001H0398|52UZPE01152001T47MT03EBS001H0398F0398|3|1|1|3|52UZPE01152001T47MT03EBS001|900091143|CC|59836480|ENFERMERIA|52UZPE01152001T47MT03EBS001H0398F0398CF398|2025-10-17|1||1||3||4||2|2|11|5|2|2|20||1|13|0||1||1||1||1||2|3|3|1|1|1|1|2|2|2|2|2|2||2|2|2|1||6||2|2|2|1|2|1|2|2|1|52UZPE01152001T47MT03EBS001H039852UZPE01152001T47MT03EBS001H0398F0398
2|337|1|52|UZPE011|52001|T47|MT03|CARLOS PIZARRO|CRA182124BARRIOELPRADO|-77.260899|1.183739||52UZPE01152001T47MT03EBS001H0399|52UZPE01152001T47MT03EBS001H0399F0399|3|1|1|3|52UZPE01152001T47MT03EBS001|900091143|CC|59836480|ENFERMERIA|52UZPE01152001T47MT03EBS001H0399F0399CF399|2025-10-17|1||1||3||4||2|2|11|5|2|2|20||1|13|0||1||1||1||1||2|2|3|2|1|1|1|2|2|2|2|2|2||2|2|2|1||6||2|2|2|1|2|1|2|2|1|52UZPE01152001T47MT03EBS001H039952UZPE01152001T47MT03EBS001H0399F0399
2|338|1|52|UZPE011|52001|T47|MT04|MONSERRATE|CALLE26|-77.259783|1.121136||52UZPE01152001T47MT04EBS001H0400|52UZPE01152001T47MT04EBS001H0400F0400|2|1|1|2|52UZPE01152001T47MT04EBS001|900091143|CC|1233193191|AUXILIARDEENFERMERIA|52UZPE01152001T47MT04EBS001H0400F0400CF400|2025-11-04|4||1||3||8||1|2|11|5|3|2|20||2|13|0||1||1||1||1||1|2|3|2|1|1|2|2|2|2|2|2|2||2|2|1|1||6||1|2|2|1|1|1|2|2|1|52UZPE01152001T47MT04EBS001H040052UZPE01152001T47MT04EBS001H0400F0400
2|339|1|52|UZPE011|52001|T47|MT04|MONSERRATE|TORRE1APTO1104|-77.259567|1.211334||52UZPE01152001T47MT04EBS001H0401|52UZPE01152001T47MT04EBS001H0401F0401|2|1|1|3|52UZPE01152001T47MT04EBS001|900091143|CC|1086267332|AUXILIARENFERMERA|52UZPE01152001T47MT04EBS001H0401F0401CF401|2025-11-05|4||1||3||1||3|2|11|5|3|2|20||2|13|0||1||1||1||1||1|3|3|1|1|1|1|2|2|2|2|2|2||2|2|1|1||6||1|2|2|1|2|1|2|2|1|52UZPE01152001T47MT04EBS001H040152UZPE01152001T47MT04EBS001H0401F0401
2|340|1|52|UZPE011|52001|T47|MT04|MONSERRATE|TORRE1APTO1101|-77.25966|1.221149||52UZPE01152001T47MT04EBS001H0402|52UZPE01152001T47MT04EBS001H0402F0402|2|1|1|1|52UZPE01152001T47MT04EBS001|900091143|CC|1086267332|AUXILIARENFERMERA|52UZPE01152001T47MT04EBS001H0402F0402CF402|2025-11-05|4||1||3||1||1|2|11|5|3|2|20||2|13|0||1||1||1||1||7|1|2|3|1|1|3|2|2|2|2|2|2||2|2|1|1||6||1|2|2|1|2|1|2|2|1|52UZPE01152001T47MT04EBS001H040252UZPE01152001T47MT04EBS001H0402F0402
2|341|1|52|UZPE011|52001|T47|MT04|MONSERRATE|CALLE26B14TORRE1|-77.259437|1.211594||52UZPE01152001T47MT04EBS001H0403|52UZPE01152001T47MT04EBS001H0403F0403|2|1|1|2|52UZPE01152001T47MT04EBS001|900091143|CC|1085284997|ENFERMERA|52UZPE01152001T47MT04EBS001H0403F0403CF403|2025-11-04|4||1||3||1||2|2|11|5|3|2|20||2|13|0||1||1||1||1||2|2|3|3|1|1|2|2|2|2|2|2|2||2|2|1|2||6||1|2|2|1|1|1|2|2|1|52UZPE01152001T47MT04EBS001H040352UZPE01152001T47MT04EBS001H0403F0403
2|342|1|52|UZPE011|52001|T47|MT04|MONSERRATE|CALLE26B14PISO7|-77.259493|1.211535||52UZPE01152001T47MT04EBS001H0404|52UZPE01152001T47MT04EBS001H0404F0404|2|1|1|3|52UZPE01152001T47MT04EBS001|900091143|CC|1085284997|ENFERMERA|52UZPE01152001T47MT04EBS001H0404F0404CF404|2025-11-04|4||1||3||1||2|2|11|5|3|2|20||2|13|0||1||1||1||1||1|3|3|1|1|1|1|2|2|2|2|2|2||2|2|1|1||6||1|2|2|1|1|1|2|2|1|52UZPE01152001T47MT04EBS001H040452UZPE01152001T47MT04EBS001H0404F0404
2|343|1|52|UZPE011|52001|T47|MT04|MONSERRATE|CALLE2614|-77.259568|1.211464||52UZPE01152001T47MT04EBS001H0405|52UZPE01152001T47MT04EBS001H0405F0405|2|1|1|2|52UZPE01152001T47MT04EBS001|900091143|CC|1087960258|AUXILIARDEENFERMERIA|52UZPE01152001T47MT04EBS001H0405F0405CF405|2025-11-04|4||1||3||1||3|2|11|5|3|2|20||2|13|0||1||1||1||1||2|2|3|3|1|1|1|2|2|2|2|2|2||2|2|2|2||6||2|2|2|1|1|1|2|2|1|52UZPE01152001T47MT04EBS001H040552UZPE01152001T47MT04EBS001H0405F0405
2|344|1|52|UZPE011|52001|T47|MT04|MONSERRATE|CALLE26B14|-77.259588|1.211418||52UZPE01152001T47MT04EBS001H0406|52UZPE01152001T47MT04EBS001H0406F0406|2|1|1|2|52UZPE01152001T47MT04EBS001|900091143|CC|1087960258|AUXILIARDEENFERMERIA|52UZPE01152001T47MT04EBS001H0406F0406CF406|2025-09-04|4||1||3||1||3|2|11|5|3|2|20||2|13|0||1||1||1||1||7|1|3|3|1|1|1|2|2|2|2|2|2||2|2|2|2||6||2|2|2|1|1|1|2|2|1|52UZPE01152001T47MT04EBS001H040652UZPE01152001T47MT04EBS001H0406F0406
2|345|1|52|UZPE011|52001|T47|MT04|MONSERRATE|TORRE3APTO901|-77.26001|1.211245||52UZPE01152001T47MT04EBS001H0407|52UZPE01152001T47MT04EBS001H0407F0407|2|1|1|2|52UZPE01152001T47MT04EBS001|900091143|CC|1086267332|AUXILIARENFERMERA|52UZPE01152001T47MT04EBS001H0407F0407CF407|2025-11-06|4||1||3||1||1|2|11|5|3|2|20||2|13|0||1||1||1||1||1|2|3|1|1|1|2|2|2|2|2|2|2||2|2|1|1||6||1|2|2|1|2|1|2|2|1|52UZPE01152001T47MT04EBS001H040752UZPE01152001T47MT04EBS001H0407F0407
2|346|1|52|UZPE011|52001|T47|MT04|MONSERRATE|1E|-77.259997|1.211458||52UZPE01152001T47MT04EBS001H0408|52UZPE01152001T47MT04EBS001H0408F0408|2|1|1|1|52UZPE01152001T47MT04EBS001|900091143|CC|1233193191|AUXILIARDEENFERMERIA|52UZPE01152001T47MT04EBS001H0408F0408CF408|2025-11-06|4||1||3||1||1|2|11|5|3|2|20||2|13|0||2||1||1||1||7|1|3|1|1|1|1|2|2|2|2|2|2||2|2|2|1||6||2|2|2|1|1|1|2|2|1|52UZPE01152001T47MT04EBS001H040852UZPE01152001T47MT04EBS001H0408F0408
2|347|1|52|UZPE011|52001|T47|MT04|MONSERRATE|1A|-77.259962|1.211224||52UZPE01152001T47MT04EBS001H0409|52UZPE01152001T47MT04EBS001H0409F0409|2|1|1|3|52UZPE01152001T47MT04EBS001|900091143|CC|1233193191|AUXILIARDEENFERMERIA|52UZPE01152001T47MT04EBS001H0409F0409CF409|2025-11-06|4||1||3||1||2|2|11|5|3|2|20||2|13|0||2||1||1||1||1|3|3|1|1|1|1|2|2|2|2|2|2||2|2|1|2||6||1|2|2|1|1|1|2|2|1|52UZPE01152001T47MT04EBS001H040952UZPE01152001T47MT04EBS001H0409F0409
2|348|1|52|UZPE011|52001|T47|MT04|MONSERRATE|26A|-77.259789|1.211451||52UZPE01152001T47MT04EBS001H0410|52UZPE01152001T47MT04EBS001H0410F0410|2|2|2|2|52UZPE01152001T47MT04EBS001|900091143|CC|1233193191|AUXILIARDEENFERMERIA|52UZPE01152001T47MT04EBS001H0410F0410CF410|2025-11-06|4||1||3||1||2|2|11|5|3|2|20||2|13|0||1||1||1||1||7|1|3|1|1|1|1|2|2|2|2|2|2||2|2|2|1||6||2|2|2|1|1|1|2|2|1|52UZPE01152001T47MT04EBS001H041052UZPE01152001T47MT04EBS001H0410F0410
2|349|1|52|UZPE011|52001|T47|MT04|MONSERRATE|26A|-77.259789|1.211451||52UZPE01152001T47MT04EBS001H0411|52UZPE01152001T47MT04EBS001H0411F0411|2|2|2|2|52UZPE01152001T47MT04EBS001|900091143|CC|1233193191|AUXILIARDEENFERMERIA|52UZPE01152001T47MT04EBS001H0411F0411CF411|2025-11-06|4||1||3||1||2|2|11|5|3|2|20||2|13|0||1||1||1||1||7|1|3|3|1|1|1|2|2|2|2|2|2||2|2|1|1||6||1|2|2|1|1|1|2|2|1|52UZPE01152001T47MT04EBS001H041152UZPE01152001T47MT04EBS001H0411F0411
2|350|1|52|UZPE011|52001|T47|MT04|MONSERRATE|1A|-77.262147|1.211225||52UZPE01152001T47MT04EBS001H0412|52UZPE01152001T47MT04EBS001H0412F0412|2|1|1|2|52UZPE01152001T47MT04EBS001|900091143|CC|1233193191|AUXILIARDEENFERMERIA|52UZPE01152001T47MT04EBS001H0412F0412CF412|2025-11-05|4||1||3||1||1|2|11|5|3|2|20||2|13|0||1||1||1||1||1|2|3|1|1|1|1|2|2|2|2|2|2||2|2|1|1||6||1|2|2|1|1|1|2|2|1|52UZPE01152001T47MT04EBS001H041252UZPE01152001T47MT04EBS001H0412F0412
2|351|1|52|UZPE011|52001|T47|MT04|MONSERRATE|CALLE261E40|-77.25981|1.211239||52UZPE01152001T47MT04EBS001H0413|52UZPE01152001T47MT04EBS001H0413F0413|2|1|1|3|52UZPE01152001T47MT04EBS001|900091143|CC|1086267332|AUXILIARENFERMERA|52UZPE01152001T47MT04EBS001H0413F0413CF413|2025-11-07|4||1||3||1||2|2|11|5|3|2|20||2|13|0||1||1||1||1||1|3|3|1|1|1|1|2|2|2|2|2|2||2|2|1|1||6||1|2|2|1|2|1|2|2|1|52UZPE01152001T47MT04EBS001H041352UZPE01152001T47MT04EBS001H0413F0413
2|352|1|52|UZPE011|52001|T47|MT04|MONSERRATE|CALLE26B14|-77.2597|1.211464||52UZPE01152001T47MT04EBS001H0414|52UZPE01152001T47MT04EBS001H0414F0414|2|1|1|1|52UZPE01152001T47MT04EBS001|900091143|CC|1087960258|AUXILIARDEENFERMERIA|52UZPE01152001T47MT04EBS001H0414F0414CF414|2025-11-04|4||1||3||1||2|2|11|5|3|2|20||1|13|0||1||1||1||1||7|1|3|1|1|1|1|2|2|2|2|2|2||2|2|2|2||6||2|2|2|1|2|1|2|2|1|52UZPE01152001T47MT04EBS001H041452UZPE01152001T47MT04EBS001H0414F0414
2|353|1|52|UZPE011|52001|T47|MT04|MONSERRATE|1B|-77.26055|1.21144||52UZPE01152001T47MT04EBS001H0415|52UZPE01152001T47MT04EBS001H0415F0415|2|1|1|1|52UZPE01152001T47MT04EBS001|900091143|CC|1233193191|AUXILIARDEENFERMERIA|52UZPE01152001T47MT04EBS001H0415F0415CF415|2025-11-07|4||1||3||1||1|2|11|5|3|2|20||2|13|0||1||1||1||1||7|1|3|1|1|1|1|2|2|2|2|2|2||2|2|1|2||6||1|2|2|1|1|1|2|2|1|52UZPE01152001T47MT04EBS001H041552UZPE01152001T47MT04EBS001H0415F0415
2|354|1|52|UZPE011|52001|T47|MT04|MONSERRATE|CALLE26B|-77.259964|1.21123||52UZPE01152001T47MT04EBS001H0416|52UZPE01152001T47MT04EBS001H0416F0416|2|1|1|3|52UZPE01152001T47MT04EBS001|900091143|CC|1087960258|AUXILIARDEENFERMERIA|52UZPE01152001T47MT04EBS001H0416F0416CF416|2025-11-05|4||1||3||1||3|2|11|5|3|2|20||2|13|0||1||1||1||1||1|3|3|1|1|1|1|2|2|2|2|2|2||2|2|2|1||6||2|2|2|1|2|1|2|2|1|52UZPE01152001T47MT04EBS001H041652UZPE01152001T47MT04EBS001H0416F0416
2|355|1|52|UZPE011|52001|T47|MT04|MONSERRATE|CALLE26B104|-77.259763|1.211488||52UZPE01152001T47MT04EBS001H0417|52UZPE01152001T47MT04EBS001H0417F0417|2|1|1|1|52UZPE01152001T47MT04EBS001|900091143|CC|1087960258|AUXILIARDEENFERMERIA|52UZPE01152001T47MT04EBS001H0417F0417CF417|2025-11-04|4||1||3||1||2|1|11|5|3|2|20||2|13|0||1||1||1||1||2|2|3|2|1|1|1|2|2|2|2|2|2||2|2|2|1||6||2|2|2|1|2|1|2|2|1|52UZPE01152001T47MT04EBS001H041752UZPE01152001T47MT04EBS001H0417F0417
2|356|1|52|UZPE011|52001|T47|MT04|MONSERRATE|CALLE261B|-77.260151|1.211441||52UZPE01152001T47MT04EBS001H0418|52UZPE01152001T47MT04EBS001H0418F0418|2|1|1|2|52UZPE01152001T47MT04EBS001|900091143|CC|1233193191|AUXILIARDEENFERMERIA|52UZPE01152001T47MT04EBS001H0418F0418CF418|2025-11-07|4||1||3||1||2|2|11|5|3|2|20||2|13|0||1||1||1||1||2|2|3|1|1|1|1|2|2|2|2|2|2||2|2|1|1||6||1|2|2|1|1|1|2|2|1|52UZPE01152001T47MT04EBS001H041852UZPE01152001T47MT04EBS001H0418F0418
2|357|1|52|UZPE011|52001|T47|MT04|MONSERRATE|150|-77.26015|1.211446||52UZPE01152001T47MT04EBS001H0419|52UZPE01152001T47MT04EBS001H0419F0419|2|2|2|3|52UZPE01152001T47MT04EBS001|900091143|CC|1233193191|AUXILIARDEENFERMERIA|52UZPE01152001T47MT04EBS001H0419F0419CF419|2025-11-07|4||1||3||1||3|2|11|5|3|2|20||2|13|0||1||1||1||1||7|1|3|1|1|1|2|2|2|2|2|2|2||2|2|1|2||6||1|2|2|1|2|1|2|2|1|52UZPE01152001T47MT04EBS001H041952UZPE01152001T47MT04EBS001H0419F0419
2|358|1|52|UZPE011|52001|T47|MT04|MONSERRATE|150|-77.26015|1.211446||52UZPE01152001T47MT04EBS001H0420|52UZPE01152001T47MT04EBS001H0420F0420|2|2|2|3|52UZPE01152001T47MT04EBS001|900091143|CC|1233193191|AUXILIARDEENFERMERIA|52UZPE01152001T47MT04EBS001H0420F0420CF420|2025-11-07|4||1||3||1||3|2|11|5|3|2|20||2|13|0||1||1||1||1||2|2|3|1|1|1|1|2|2|2|2|2|2||2|2|2|2||6||2|2|2|1|1|1|2|2|1|52UZPE01152001T47MT04EBS001H042052UZPE01152001T47MT04EBS001H0420F0420
2|359|1|52|UZPE011|52001|T47|MT04|MONSERRATE|TORRE2APTO804|-77.29018|1.211449||52UZPE01152001T47MT04EBS001H0421|52UZPE01152001T47MT04EBS001H0421F0421|2|1|1|2|52UZPE01152001T47MT04EBS001|900091143|CC|1086267332|AUXILIARENFERMERA|52UZPE01152001T47MT04EBS001H0421F0421CF421|2025-11-07|4||1||3||1||2|2|11|5|3|2|20||2|13|0||1||1||1||1||1|2|3|1|1|1|2|2|2|2|2|2|2||2|2|1|1||6||1|2|2|1|1|1|2|2|1|52UZPE01152001T47MT04EBS001H042152UZPE01152001T47MT04EBS001H0421F0421
2|360|1|52|UZPE011|52001|T47|MT04|MONSERRATE|TORRECAPTO101|-77.260684|1.211328||52UZPE01152001T47MT04EBS001H0422|52UZPE01152001T47MT04EBS001H0422F0422|2|1|1|3|52UZPE01152001T47MT04EBS001|900091143|CC|1086267332|AUXILIARENFERMERA|52UZPE01152001T47MT04EBS001H0422F0422CF422|2025-11-07|4||1||3||1||3|2|11|5|3|2|20||2|13|0||1||1||1||1||2|3|3|1|1|1|2|2|2|2|2|2|2||2|2|1|1||6||1|2|2|1|1|1|2|2|1|52UZPE01152001T47MT04EBS001H042252UZPE01152001T47MT04EBS001H0422F0422
2|361|1|52|UZPE011|52001|T47|MT04|MONSERRATE|TORRE2APTO204|-77.259769|1.211312||52UZPE01152001T47MT04EBS001H0423|52UZPE01152001T47MT04EBS001H0423F0423|2|1|1|3|52UZPE01152001T47MT04EBS001|900091143|CC|1086267332|AUXILIARENFERMERA|52UZPE01152001T47MT04EBS001H0423F0423CF423|2025-11-07|4||1||3||1||3|2|11|5|3|2|20||2|13|0||1||1||1||1||2|2|3|1|1|1|1|2|2|2|2|2|2||2|2|1|2||6||1|2|2|1|2|1|2|2|1|52UZPE01152001T47MT04EBS001H042352UZPE01152001T47MT04EBS001H0423F0423
2|362|1|52|UZPE011|52001|T47|MT04|MONSERRATE|201|-77.260364|1.211417||52UZPE01152001T47MT04EBS001H0424|52UZPE01152001T47MT04EBS001H0424F0424|2|1|1|1|52UZPE01152001T47MT04EBS001|900091143|CC|1233193191|AUXILIARDEENFERMERIA|52UZPE01152001T47MT04EBS001H0424F0424CF424|2025-11-07|4||1||3||1||1|2|11|5|3|2|20||2|13|0||1||1||1||1||7|1|3|2|1|1|2|2|2|2|2|2|2||2|2|1|1||6||1|2|2|1|1|1|2|2|1|52UZPE01152001T47MT04EBS001H042452UZPE01152001T47MT04EBS001H0424F0424
2|363|1|52|UZPE011|52001|T47|MT04|MONSERRATE|134|-77.261978|1.212373||52UZPE01152001T47MT04EBS001H0425|52UZPE01152001T47MT04EBS001H0425F0425|2|2|2|2|52UZPE01152001T47MT04EBS001|900091143|CC|1233193191|AUXILIARDEENFERMERIA|52UZPE01152001T47MT04EBS001H0425F0425CF425|2025-11-07|4||1||3||1||2|2|11|5|3|2|20||2|13|0||1||1||1||1||7|1|2|1|1|1|2|2|2|2|2|2|2||2|2|1|2||6||1|2|2|1|1|1|2|2|1|52UZPE01152001T47MT04EBS001H042552UZPE01152001T47MT04EBS001H0425F0425
2|364|1|52|UZPE011|52001|T47|MT04|MONSERRATE|134|-77.261978|1.212373||52UZPE01152001T47MT04EBS001H0426|52UZPE01152001T47MT04EBS001H0426F0426|2|2|2|2|52UZPE01152001T47MT04EBS001|900091143|CC|1233193191|AUXILIARDEENFERMERIA|52UZPE01152001T47MT04EBS001H0426F0426CF426|2025-11-07|4||1||3||1||2|2|11|5|3|2|20||2|13|0||1||1||1||1||7|1|3|1|1|1|1|2|2|2|2|2|2||2|2|1|2||6||1|2|2|1|1|1|2|2|1|52UZPE01152001T47MT04EBS001H042652UZPE01152001T47MT04EBS001H0426F0426
2|365|1|52|UZPE011|52001|T47|MT04|MONSERRATE|TORRECAPTO402|-77.259557|1.21154||52UZPE01152001T47MT04EBS001H0427|52UZPE01152001T47MT04EBS001H0427F0427|2|1|1|3|52UZPE01152001T47MT04EBS001|900091143|CC|1086267332|AUXILIARENFERMERA|52UZPE01152001T47MT04EBS001H0427F0427CF427|2025-11-08|4||1||3||1||2|2|11|5|3|2|20||2|13|0||1||1||1||1||1|1|3|1|1|1|1|2|2|2|2|2|2||2|2|1|1||6||1|2|2|1|1|1|2|2|1|52UZPE01152001T47MT04EBS001H042752UZPE01152001T47MT04EBS001H0427F0427
2|366|1|52|UZPE011|52001|T47|MT04|MONSERRATE|CL26B140APTO804TORREC|-77.260691|1.211272||52UZPE01152001T47MT04EBS001H0428|52UZPE01152001T47MT04EBS001H0428F0428|3|1|1|4|52UZPE01152001T47MT04EBS001|900091143|CC|1085260497|PSICOLOGO|52UZPE01152001T47MT04EBS001H0428F0428CF428|2025-11-07|4||1||3||1||2|2|11|5|3|2|20||2|13|0||1||1||1||1||1|4|2|2|1|1|1|2|2|2|2|2|2||2|2|1|2||6||1|2|2|1|2|1|2|2|1|52UZPE01152001T47MT04EBS001H042852UZPE01152001T47MT04EBS001H0428F0428
2|367|1|52|UZPE011|52001|T47|MT04|MONSERRATE|123|-77.257806|1.21134||52UZPE01152001T47MT04EBS001H0429|52UZPE01152001T47MT04EBS001H0429F0429|2|1|1|1|52UZPE01152001T47MT04EBS001|900091143|CC|1233193191|AUXILIARDEENFERMERIA|52UZPE01152001T47MT04EBS001H0429F0429CF429|2025-11-06|4||1||3||1||1|1|11|5|3|2|20||2|13|0||1||1||1||1||7|1|3|2|1|1|1|2|2|2|2|2|2||2|2|1|2||6||1|2|2|1|1|1|2|2|1|52UZPE01152001T47MT04EBS001H042952UZPE01152001T47MT04EBS001H0429F0429
2|368|1|52|UZPE011|52001|T47|MT04|MONSERRATE|126|-77.262149|1.212011||52UZPE01152001T47MT04EBS001H0430|52UZPE01152001T47MT04EBS001H0430F0430|2|1|1|2|52UZPE01152001T47MT04EBS001|900091143|CC|1233193191|AUXILIARDEENFERMERIA|52UZPE01152001T47MT04EBS001H0430F0430CF430|2025-11-06|4||1||3||1||1|2|11|5|3|2|20||2|13|0||1||1||1||1||1|2|3|1|1|1|1|2|2|2|2|2|2||2|2|1|2||6||1|2|2|1|1|1|2|2|1|52UZPE01152001T47MT04EBS001H043052UZPE01152001T47MT04EBS001H0430F0430
2|369|1|52|UZPE011|52001|T47|MT04|MONSERRATE|127|-77.259784|1.21201||52UZPE01152001T47MT04EBS001H0431|52UZPE01152001T47MT04EBS001H0431F0431|2|1|1|2|52UZPE01152001T47MT04EBS001|900091143|CC|1233193191|AUXILIARDEENFERMERIA|52UZPE01152001T47MT04EBS001H0431F0431CF431|2025-11-06|4||1||3||1||2|2|11|5|3|2|20||2|13|0||1||1||1||1||2|2|3|2|1|1|2|2|2|2|2|2|2||2|2|1|2||6||1|2|2|1|1|1|2|2|1|52UZPE01152001T47MT04EBS001H043152UZPE01152001T47MT04EBS001H0431F0431
2|370|1|52|UZPE011|52001|T47|MT04|MONSERRATE|129|-77.259977|1.211257||52UZPE01152001T47MT04EBS001H0432|52UZPE01152001T47MT04EBS001H0432F0432|2|2|2|3|52UZPE01152001T47MT04EBS001|900091143|CC|1233193191|AUXILIARDEENFERMERIA|52UZPE01152001T47MT04EBS001H0432F0432CF432|2025-11-07|4||1||3||1||3|2|11|5|3|2|20||2|13|0||1||1||1||1||7|1|3|1|1|1|1|2|2|2|2|2|2||2|2|2|1||6||2|2|2|1|1|1|2|2|1|52UZPE01152001T47MT04EBS001H043252UZPE01152001T47MT04EBS001H0432F0432
2|371|1|52|UZPE011|52001|T47|MT04|MONSERRATE|129|-77.259977|1.211257||52UZPE01152001T47MT04EBS001H0433|52UZPE01152001T47MT04EBS001H0433F0433|2|2|2|3|52UZPE01152001T47MT04EBS001|900091143|CC|1233193191|AUXILIARDEENFERMERIA|52UZPE01152001T47MT04EBS001H0433F0433CF433|2025-11-07|4||1||3||1||3|2|11|5|3|2|20||2|13|0||1||1||1||1||2|2|3|1|1|1|1|2|2|2|2|2|2||2|2|1|1||6||1|2|2|1|1|1|2|2|1|52UZPE01152001T47MT04EBS001H043352UZPE01152001T47MT04EBS001H0433F0433
2|372|1|52|UZPE011|52001|T47|MT04|MONSERRATE|CALLE261|-77.260622|1.211297||52UZPE01152001T47MT04EBS001H0434|52UZPE01152001T47MT04EBS001H0434F0434|2|1|1|3|52UZPE01152001T47MT04EBS001|900091143|CC|1086267332|AUXILIARENFERMERA|52UZPE01152001T47MT04EBS001H0434F0434CF434|2025-11-08|4||1||3||1||3|2|11|5|3|2|20||2|13|0||1||1||1||1||1|3|3|1|1|1|1|2|2|2|2|2|2||2|2|1|1||6||1|2|2|1|2|1|2|2|1|52UZPE01152001T47MT04EBS001H043452UZPE01152001T47MT04EBS001H0434F0434
2|373|1|52|UZPE011|52001|T47|MT04|MONSERRATE|TORRECAPTO204|-77.260652|1.211373||52UZPE01152001T47MT04EBS001H0435|52UZPE01152001T47MT04EBS001H0435F0435|2|1|1|3|52UZPE01152001T47MT04EBS001|900091143|CC|1086267332|AUXILIARENFERMERA|52UZPE01152001T47MT04EBS001H0435F0435CF435|2025-11-08|4||1||3||1||3|2|11|5|3|2|20||2|13|0||1||1||1||1||1|3|3|1|1|1|2|2|2|2|2|2|2||2|2|1|1||6||1|2|2|1|1|1|2|2|1|52UZPE01152001T47MT04EBS001H043552UZPE01152001T47MT04EBS001H0435F0435
2|374|1|52|UZPE011|52001|T47|MT04|MONSERRATE|CALLE26B14TORREA|-77.260502|1.211696||52UZPE01152001T47MT04EBS001H0436|52UZPE01152001T47MT04EBS001H0436F0436|2|1|1|2|52UZPE01152001T47MT04EBS001|900091143|CC|1087960258|AUXILIARDEENFERMERIA|52UZPE01152001T47MT04EBS001H0436F0436CF436|2025-11-06|4||1||3||1||2|1|11|5|3|2|20||2|12|2||3||1||1||1||2|2|3|1|1|1|1|2|2|2|2|2|2||2|2|2|1||6||2|2|2|1|2|1|2|2|1|52UZPE01152001T47MT04EBS001H043652UZPE01152001T47MT04EBS001H0436F0436
2|375|1|52|UZPE011|52001|T47|MT04|MONSERRATE|TORREDAPTO1001|-77.26028|1.21119||52UZPE01152001T47MT04EBS001H0437|52UZPE01152001T47MT04EBS001H0437F0437|2|1|1|3|52UZPE01152001T47MT04EBS001|900091143|CC|1086267332|AUXILIARENFERMERA|52UZPE01152001T47MT04EBS001H0437F0437CF437|2025-11-10|4||1||3||1||3|2|11|5|3|2|20||2|13|0||1||1||1||1||1|1|3|1|1|1|2|2|2|2|2|2|2||2|2|1|1||6||1|2|2|1|2|1|2|2|1|52UZPE01152001T47MT04EBS001H043752UZPE01152001T47MT04EBS001H0437F0437
2|376|1|52|UZPE011|52001|T47|MT04|MONSERRATE|CALLE26B14TORRE1|-77.25969|1.21161||52UZPE01152001T47MT04EBS001H0438|52UZPE01152001T47MT04EBS001H0438F0438|2|1|1|2|52UZPE01152001T47MT04EBS001|900091143|CC|1085284997|ENFERMERA|52UZPE01152001T47MT04EBS001H0438F0438CF438|2025-11-04|4||1||3||1||2|2|11|5|3|2|20||2|13|0||1||1||1||1||1|2|3|1|1|1|1|2|2|2|2|2|2||2|2|1|1||6||1|2|2|1|1|1|2|2|1|52UZPE01152001T47MT04EBS001H043852UZPE01152001T47MT04EBS001H0438F0438
2|377|1|52|UZPE011|52001|T47|MT04|MONSERRATE|CALLE26B14TORREB|-77.260588|1.211529||52UZPE01152001T47MT04EBS001H0439|52UZPE01152001T47MT04EBS001H0439F0439|2|1|1|1|52UZPE01152001T47MT04EBS001|900091143|CC|1087960258|AUXILIARDEENFERMERIA|52UZPE01152001T47MT04EBS001H0439F0439CF439|2025-11-07|4||1||3||1||2|2|11|5|3|2|20||2|13|0||3||1||1||1||7|1|3|1|1|1|1|2|2|2|2|2|2||2|2|2|1||6||2|2|2|1|2|1|2|2|1|52UZPE01152001T47MT04EBS001H043952UZPE01152001T47MT04EBS001H0439F0439
2|378|1|52|UZPE011|52001|T47|MT04|MONSERRATE|TORREE|-77.259749|1.21207||52UZPE01152001T47MT04EBS001H0440|52UZPE01152001T47MT04EBS001H0440F0440|2|2|2|3|52UZPE01152001T47MT04EBS001|900091143|CC|1233193191|AUXILIARDEENFERMERIA|52UZPE01152001T47MT04EBS001H0440F0440CF440|2025-11-10|4||1||3||1||2|2|11|5|3|2|20||2|13|0||1||1||1||1||1|2|3|1|1|1|1|2|2|2|2|2|2||2|2|1|1||6||1|2|2|1|1|1|2|2|1|52UZPE01152001T47MT04EBS001H044052UZPE01152001T47MT04EBS001H0440F0440
2|379|1|52|UZPE011|52001|T47|MT04|MONSERRATE|TORREE|-77.259749|1.21207||52UZPE01152001T47MT04EBS001H0441|52UZPE01152001T47MT04EBS001H0441F0441|2|2|2|3|52UZPE01152001T47MT04EBS001|900091143|CC|1233193191|AUXILIARDEENFERMERIA|52UZPE01152001T47MT04EBS001H0441F0441CF441|2025-11-10|4||1||3||1||2|2|11|5|3|2|20||2|13|0||1||1||1||1||7|1|3|2|1|1|1|2|2|2|2|2|2||2|2|1|1||6||1|2|2|1|1|1|2|2|1|52UZPE01152001T47MT04EBS001H044152UZPE01152001T47MT04EBS001H0441F0441
2|380|1|52|UZPE011|52001|T47|MT04|MONSERRATE|CALLE26B14TORR3|-77.259932|1.211371||52UZPE01152001T47MT04EBS001H0442|52UZPE01152001T47MT04EBS001H0442F0442|2|1|1|2|52UZPE01152001T47MT04EBS001|900091143|CC|1087960258|AUXILIARDEENFERMERIA|52UZPE01152001T47MT04EBS001H0442F0442CF442|2025-11-06|4||1||3||1||2|2|11|5|3|2|20||2|13|0||3||1||1||1||1|2|3|1|1|1|1|2|2|2|2|2|2||2|2|1|1||6||1|2|2|1|2|1|2|2|1|52UZPE01152001T47MT04EBS001H044252UZPE01152001T47MT04EBS001H0442F0442
2|381|1|52|UZPE011|52001|T47|MT04|MONSERRATE|CLLE264|-77.259771|1.212091||52UZPE01152001T47MT04EBS001H0443|52UZPE01152001T47MT04EBS001H0443F0443|2|1|1|1|52UZPE01152001T47MT04EBS001|900091143|CC|1233193191|AUXILIARDEENFERMERIA|52UZPE01152001T47MT04EBS001H0443F0443CF443|2025-11-10|4||1||3||1||1|2|11|5|3|2|20||2|13|0||1||1||1||1||7|1|3|2|1|1|2|2|2|2|2|2|2||2|2|1|2||6||1|2|2|1|1|1|2|2|1|52UZPE01152001T47MT04EBS001H044352UZPE01152001T47MT04EBS001H0443F0443
2|382|1|52|UZPE011|52001|T47|MT04|MONSERRATE|CL26B104APTO804TORREE|-77.26121|1.211545||52UZPE01152001T47MT04EBS001H0444|52UZPE01152001T47MT04EBS001H0444F0444|2|1|1|3|52UZPE01152001T47MT04EBS001|900091143|CC|1085260497|PSICOLOGO|52UZPE01152001T47MT04EBS001H0444F0444CF444|2025-11-10|4||1||3||1||2|2|11|5|3|2|20||2|13|0||1||1||1||1||2|3|3|1|1|1|1|2|2|2|2|2|2||2|2|1|1||6||1|2|2|1|1|1|2|2|1|52UZPE01152001T47MT04EBS001H044452UZPE01152001T47MT04EBS001H0444F0444
2|383|1|52|UZPE011|52001|T47|MT04|MONSERRATE|CALLE26B14TORRED|-77.260274|1.211303||52UZPE01152001T47MT04EBS001H0445|52UZPE01152001T47MT04EBS001H0445F0445|2|1|1|4|52UZPE01152001T47MT04EBS001|900091143|CC|1085284997|ENFERMERA|52UZPE01152001T47MT04EBS001H0445F0445CF445|2025-11-10|4||1||3||1||3|2|11|5|3|2|20||2|13|0||1||1||1||1||1|4|3|1|1|1|1|2|2|2|2|2|2||2|2|2|1||6||2|2|2|1|1|1|2|2|1|52UZPE01152001T47MT04EBS001H044552UZPE01152001T47MT04EBS001H0445F0445
2|384|1|52|UZPE011|52001|T47|MT04|MONSERRATE|CL26B104APTO303TORREE|-77.259952|1.211547||52UZPE01152001T47MT04EBS001H0446|52UZPE01152001T47MT04EBS001H0446F0446|2|2|2|5|52UZPE01152001T47MT04EBS001|900091143|CC|1085260497|PSICOLOGO|52UZPE01152001T47MT04EBS001H0446F0446CF446|2025-11-10|4||1||3||1||2|1|11|5|3|2|20||2|13|0||1||1||1||1||7|1|3|1|1|1|4|2|2|2|2|2|2||2|2|1|2||6||1|2|2|1|2|1|2|2|1|52UZPE01152001T47MT04EBS001H044652UZPE01152001T47MT04EBS001H0446F0446
2|385|1|52|UZPE011|52001|T47|MT04|MONSERRATE|CL26B104APTO303TORREE|-77.259952|1.211547||52UZPE01152001T47MT04EBS001H0447|52UZPE01152001T47MT04EBS001H0447F0447|2|2|2|5|52UZPE01152001T47MT04EBS001|900091143|CC|1085260497|PSICOLOGO|52UZPE01152001T47MT04EBS001H0447F0447CF447|2025-11-10|4||1||3||1||2|1|11|5|3|2|20||2|13|0||1||1||1||1||2|4|3|1|1|1|1|2|2|2|2|2|2||2|2|1|2||6||1|2|2|1|1|1|2|2|1|52UZPE01152001T47MT04EBS001H044752UZPE01152001T47MT04EBS001H0447F0447
2|386|1|52|UZPE011|52001|T47|MT04|MONSERRATE|CALLE26B14TORRED|-77.260321|1.211273||52UZPE01152001T47MT04EBS001H0448|52UZPE01152001T47MT04EBS001H0448F0448|2|1|1|4|52UZPE01152001T47MT04EBS001|900091143|CC|1085284997|ENFERMERA|52UZPE01152001T47MT04EBS001H0448F0448CF448|2025-11-10|4||1||3||1||3|2|11|5|3|2|20||2|13|0||1||1||1||1||1|4|3|1|1|1|1|2|2|2|2|2|2||2|2|1|1||6||1|2|2|1|2|1|2|2|1|52UZPE01152001T47MT04EBS001H044852UZPE01152001T47MT04EBS001H0448F0448
2|387|1|52|UZPE011|52001|T47|MT04|MONSERRATE|CLLE261|-77.259771|1.21209||52UZPE01152001T47MT04EBS001H0449|52UZPE01152001T47MT04EBS001H0449F0449|2|1|1|3|52UZPE01152001T47MT04EBS001|900091143|CC|1233193191|AUXILIARDEENFERMERIA|52UZPE01152001T47MT04EBS001H0449F0449CF449|2025-11-10|4||1||3||1||2|2|11|5|3|2|20||2|13|0||1||1||1||1||1|3|3|1|1|1|1|2|2|2|2|2|2||2|2|1|2||6||1|2|2|1|1|1|2|2|1|52UZPE01152001T47MT04EBS001H044952UZPE01152001T47MT04EBS001H0449F0449
2|388|1|52|UZPE011|52001|T47|MT04|MONSERRATE|26B|-77.260009|1.211619||52UZPE01152001T47MT04EBS001H0450|52UZPE01152001T47MT04EBS001H0450F0450|2|1|1|3|52UZPE01152001T47MT04EBS001|900091143|CC|1233193191|AUXILIARDEENFERMERIA|52UZPE01152001T47MT04EBS001H0450F0450CF450|2025-11-10|4||1||3||1||2|2|11|5|3|2|20||2|13|0||1||1||1||1||1|3|3|1|1|1|1|2|2|2|2|2|2||2|2|1|2||6||1|2|2|1|1|1|2|2|1|52UZPE01152001T47MT04EBS001H045052UZPE01152001T47MT04EBS001H0450F0450
2|389|1|52|UZPE011|52001|T47|MT04|MONSERRATE|267|-77.259997|1.211456||52UZPE01152001T47MT04EBS001H0451|52UZPE01152001T47MT04EBS001H0451F0451|2|1|1|2|52UZPE01152001T47MT04EBS001|900091143|CC|1233193191|AUXILIARDEENFERMERIA|52UZPE01152001T47MT04EBS001H0451F0451CF451|2025-11-10|4||1||3||1||2|2|11|5|3|2|20||2|13|0||1||1||1||1||1|2|3|1|1|1|2|2|2|2|2|2|2||2|2|1|1||6||1|2|2|1|1|1|2|2|1|52UZPE01152001T47MT04EBS001H045152UZPE01152001T47MT04EBS001H0451F0451
2|390|1|52|UZPE011|52001|T47|MT04|MONSERRATE|TORREDAPTO1004|-77.260506|1.211275||52UZPE01152001T47MT04EBS001H0452|52UZPE01152001T47MT04EBS001H0452F0452|2|1|1|3|52UZPE01152001T47MT04EBS001|900091143|CC|1086267332|AUXILIARENFERMERA|52UZPE01152001T47MT04EBS001H0452F0452CF452|2025-11-11|4||1||3||1||2|2|11|5|3|2|20||2|13|0||1||1||1||1||1|3|3|1|1|1|2|2|2|2|2|2|2||2|2|1|1||6||1|2|2|1|1|1|2|2|1|52UZPE01152001T47MT04EBS001H045252UZPE01152001T47MT04EBS001H0452F0452
2|391|1|52|UZPE011|52001|T47|MT04|MONSERRATE|TORREDAPTO603|-77.26038|1.211251||52UZPE01152001T47MT04EBS001H0453|52UZPE01152001T47MT04EBS001H0453F0453|2|1|1|1|52UZPE01152001T47MT04EBS001|900091143|CC|1086267332|AUXILIARENFERMERA|52UZPE01152001T47MT04EBS001H0453F0453CF453|2025-11-11|4||1||3||1||1|2|11|5|3|2|20||2|13|0||1||1||1||1||7|1|3|1|1|1|1|2|2|2|2|2|2||2|2|1|2||6||1|2|2|1|2|1|2|2|1|52UZPE01152001T47MT04EBS001H045352UZPE01152001T47MT04EBS001H0453F0453
2|392|1|52|UZPE011|52001|T47|MT04|MONSERRATE|CALLE26B14TORRE1|-77.259574|1.211467||52UZPE01152001T47MT04EBS001H0454|52UZPE01152001T47MT04EBS001H0454F0454|2|1|1|1|52UZPE01152001T47MT04EBS001|900091143|CC|1087960258|AUXILIARDEENFERMERIA|52UZPE01152001T47MT04EBS001H0454F0454CF454|2025-11-04|4||1||3||1||2|2|11|5|3|2|20||2|13|0||3||1||1||1||7|1|3|2|1|1|1|2|2|2|2|2|2||2|2|1|1||6||1|2|2|1|1|1|2|2|1|52UZPE01152001T47MT04EBS001H045452UZPE01152001T47MT04EBS001H0454F0454
2|393|1|52|UZPE011|52001|T47|MT04|MONSERRATE|CALLE26BTORREAPT401|-77.259861|1.211742||52UZPE01152001T47MT04EBS001H0455|52UZPE01152001T47MT04EBS001H0455F0455|2|1|1|2|52UZPE01152001T47MT04EBS001|900091143|CC|1087960258|AUXILIARDEENFERMERIA|52UZPE01152001T47MT04EBS001H0455F0455CF455|2025-11-04|4||1||3||1||2|2|11|5|3|2|20||2|13|0||3||1||1||1||1|2|3|1|1|1|1|2|2|2|2|2|2||2|2|2|1||6||2|2|2|1|2|1|2|2|1|52UZPE01152001T47MT04EBS001H045552UZPE01152001T47MT04EBS001H0455F0455
2|394|1|52|UZPE011|52001|T47|MT04|MONSERRATE|TORREDAPTO801|-77.260361|1.211282||52UZPE01152001T47MT04EBS001H0456|52UZPE01152001T47MT04EBS001H0456F0456|2|1|1|2|52UZPE01152001T47MT04EBS001|900091143|CC|1086267332|AUXILIARENFERMERA|52UZPE01152001T47MT04EBS001H0456F0456CF456|2025-11-11|4||1||3||1||2|2|11|5|3|2|20||2|13|0||1||1||1||1||2|2|3|1|1|1|1|2|2|2|2|2|2||2|2|1|1||6||1|2|2|1|1|1|2|2|1|52UZPE01152001T47MT04EBS001H045652UZPE01152001T47MT04EBS001H0456F0456
2|395|1|52|UZPE011|52001|T47|MT04|MONSERRATE|TORREDAPTO601|-77.260659|1.211194||52UZPE01152001T47MT04EBS001H0457|52UZPE01152001T47MT04EBS001H0457F0457|2|1|1|1|52UZPE01152001T47MT04EBS001|900091143|CC|1086267332|AUXILIARENFERMERA|52UZPE01152001T47MT04EBS001H0457F0457CF457|2025-11-11|4||1||3||1||1|2|11|5|3|2|20||2|13|0||1||1||1||1||7|1|3|1|1|1|2|2|2|2|2|2|2||2|2|1|1||6||1|2|2|1|2|1|2|2|1|52UZPE01152001T47MT04EBS001H045752UZPE01152001T47MT04EBS001H0457F0457
2|396|1|52|UZPE011|52001|T47|MT04|MONSERRATE|CL26B104BALCONESDELACAROLINA|-77.259955|1.211361||52UZPE01152001T47MT04EBS001H0459|52UZPE01152001T47MT04EBS001H0459F0459|2|1|1|2|52UZPE01152001T47MT04EBS001|900091143|CC|1085260497|PSICOLOGO|52UZPE01152001T47MT04EBS001H0459F0459CF459|2025-11-10|4||1||3||1||2|2|11|5|3|2|20||2|13|0||1||1||1||1||2|2|3|1|1|1|4|2|2|2|2|2|2||2|2|1|2||6||1|2|2|1|1|1|2|2|1|52UZPE01152001T47MT04EBS001H045952UZPE01152001T47MT04EBS001H0459F0459
2|397|1|52|UZPE011|52001|T47|MT04|MONSERRATE|CALLE26BCARRERA14TORRED|-77.260404|1.211168||52UZPE01152001T47MT04EBS001H0460|52UZPE01152001T47MT04EBS001H0460F0460|2|1|1|2|52UZPE01152001T47MT04EBS001|900091143|CC|1085284997|ENFERMERA|52UZPE01152001T47MT04EBS001H0460F0460CF460|2025-11-10|4||1||3||1||3|2|11|5|3|2|20||2|13|0||1||1||1||1||1|2|3|1|1|1|1|2|2|2|2|2|2||2|2|1|1||6||1|2|2|1|1|1|2|2|1|52UZPE01152001T47MT04EBS001H046052UZPE01152001T47MT04EBS001H0460F0460
2|398|1|52|UZPE011|52001|T47|MT04|MONSERRATE|CALLE26BCARRERA14TORRED|-77.260315|1.211258||52UZPE01152001T47MT04EBS001H0461|52UZPE01152001T47MT04EBS001H0461F0461|2|1|1|4|52UZPE01152001T47MT04EBS001|900091143|CC|1085284997|ENFERMERA|52UZPE01152001T47MT04EBS001H0461F0461CF461|2025-11-10|4||1||3||1||3|2|11|5|3|2|20||1|13|0||1||1||1||1||1|4|3|1|1|1|1|2|2|2|2|2|2||2|2|2|1||6||2|2|2|1|1|1|2|2|1|52UZPE01152001T47MT04EBS001H046152UZPE01152001T47MT04EBS001H0461F0461
2|399|1|52|UZPE011|52001|T47|MT04|MONSERRATE|268|-77.259674|1.211417||52UZPE01152001T47MT04EBS001H0462|52UZPE01152001T47MT04EBS001H0462F0462|2|1|1|1|52UZPE01152001T47MT04EBS001|900091143|CC|1233193191|AUXILIARDEENFERMERIA|52UZPE01152001T47MT04EBS001H0462F0462CF462|2025-11-04|4||1||3||1||1|2|11|5|3|2|20||2|13|0||1||1||1||1||7|1|3|1|1|1|1|2|2|2|2|2|2||2|2|1|2||6||1|2|2|1|1|1|2|2|1|52UZPE01152001T47MT04EBS001H046252UZPE01152001T47MT04EBS001H0462F0462
2|400|1|52|UZPE011|52001|T47|MT04|MONSERRATE|CL26B104APTO903TORREE|-77.260178|1.211475||52UZPE01152001T47MT04EBS001H0463|52UZPE01152001T47MT04EBS001H0463F0463|2|1|1|2|52UZPE01152001T47MT04EBS001|900091143|CC|1085260497|PSICOLOGO|52UZPE01152001T47MT04EBS001H0463F0463CF463|2025-11-10|4||1||3||1||2|2|11|5|3|2|20||2|13|0||1||1||1||1||7|1|3|1|1|1|1|2|2|2|2|2|2||2|2|1|2||6||1|2|2|1|1|1|2|2|1|52UZPE01152001T47MT04EBS001H046352UZPE01152001T47MT04EBS001H0463F0463
2|401|1|52|UZPE011|52001|T47|MT04|MONSERRATE|CL26B104APTO903TORREE|-77.260178|1.211475||52UZPE01152001T47MT04EBS001H0464|52UZPE01152001T47MT04EBS001H0464F0464|2|1|1|2|52UZPE01152001T47MT04EBS001|900091143|CC|1085260497|PSICOLOGO|52UZPE01152001T47MT04EBS001H0464F0464CF464|2025-11-10|4||1||3||1||2|2|11|5|3|2|20||2|13|0||1||1||1||1||7|1|3|1|1|1|2|2|2|2|2|2|2||2|2|1|1||6||1|2|2|1|1|1|2|2|1|52UZPE01152001T47MT04EBS001H046452UZPE01152001T47MT04EBS001H0464F0464
2|402|1|52|UZPE011|52001|T47|MT04|MONSERRATE|CALLE26BTORRE201|-77.26168|1.31039||52UZPE01152001T47MT04EBS001H0465|52UZPE01152001T47MT04EBS001H0465F0465|2|2|2|4|52UZPE01152001T47MT04EBS001|900091143|CC|1087960258|AUXILIARDEENFERMERIA|52UZPE01152001T47MT04EBS001H0465F0465CF465|2025-11-10|4||1||3||1||3|2|11|5|3|2|20||2|13|0||3||1||1||1||2|3|2|2|1|1|1|2|2|2|2|2|2||2|2|2|1||6||2|2|2|1|2|1|2|2|1|52UZPE01152001T47MT04EBS001H046552UZPE01152001T47MT04EBS001H0465F0465
2|403|1|52|UZPE011|52001|T47|MT04|MONSERRATE|265|-77.259806|1.211603||52UZPE01152001T47MT04EBS001H0467|52UZPE01152001T47MT04EBS001H0467F0467|2|1|1|2|52UZPE01152001T47MT04EBS001|900091143|CC|1233193191|AUXILIARDEENFERMERIA|52UZPE01152001T47MT04EBS001H0467F0467CF467|2025-11-15|4||1||3||1||1|2|11|5|3|2|20||2|13|0||1||1||1||1||1|2|3|1|1|1|1|2|2|2|2|2|2||2|2|1|2||6||1|2|2|1|1|1|2|2|1|52UZPE01152001T47MT04EBS001H046752UZPE01152001T47MT04EBS001H0467F0467
2|404|1|52|UZPE011|52001|T47|MT04|MONSERRATE|MZBCS1|-77.26235|1.21465||52UZPE01152001T47MT04EBS001H0469|52UZPE01152001T47MT04EBS001H0469F0469|1|1|1|2|52UZPE01152001T47MT04EBS001|900091143|CC|1086267332|AUXILIARENFERMERA|52UZPE01152001T47MT04EBS001H0469F0469CF469|2025-11-15|1||1||3||1||2|2|11|2|2|2|20||2|13|0||1||1||1||1||2|2|3|1|1|1|1|2|2|2|2|2|2||2|2|1|1||6||1|2|2|1|2|1|2|2|1|52UZPE01152001T47MT04EBS001H046952UZPE01152001T47MT04EBS001H0469F0469
2|405|1|52|UZPE011|52001|T47|MT04|MONSERRATE|MZDCS1|-77.2622|1.21493||52UZPE01152001T47MT04EBS001H0470|52UZPE01152001T47MT04EBS001H0470F0470|1|1|1|3|52UZPE01152001T47MT04EBS001|900091143|CC|1086267332|AUXILIARENFERMERA|52UZPE01152001T47MT04EBS001H0470F0470CF470|2025-11-15|1||1||3||4||2|2|11|5|3|2|20||2|13|0||1||1||1||1||1|3|3|1|1|1|1|2|2|2|2|2|2||2|2|1|1||6||1|2|2|1|2|1|2|2|1|52UZPE01152001T47MT04EBS001H047052UZPE01152001T47MT04EBS001H0470F0470
2|406|1|52|UZPE011|52001|T47|MT04|MONSERRATE|CALLE26BTORREB402|-77.26168|1.210039||52UZPE01152001T47MT04EBS001H0471|52UZPE01152001T47MT04EBS001H0471F0471|2|1|1|1|52UZPE01152001T47MT04EBS001|900091143|CC|1087960258|AUXILIARDEENFERMERIA|52UZPE01152001T47MT04EBS001H0471F0471CF471|2025-11-11|4||1||3||1||2|2|11|5|3|2|20||2|13|0||3||1||1||1||2|1|3|1|1|1|1|2|2|2|2|2|2||2|2|2|1||6||2|2|2|1|2|1|2|2|1|52UZPE01152001T47MT04EBS001H047152UZPE01152001T47MT04EBS001H0471F0471
2|407|1|52|UZPE011|52001|T47|MT04|MONSERRATE|CALLE26BTORREB101|-77.23015|1.699521||52UZPE01152001T47MT04EBS001H0472|52UZPE01152001T47MT04EBS001H0472F0472|2|1|1|1|52UZPE01152001T47MT04EBS001|900091143|CC|1087960258|AUXILIARDEENFERMERIA|52UZPE01152001T47MT04EBS001H0472F0472CF472|2025-11-07|4||1||3||1||1|2|11|5|3|2|20||2|13|0||3||1||1||1||7|1|3|4|1|1|1|2|2|2|2|2|2||2|2|2|1||6||2|2|2|1|1|1|2|2|1|52UZPE01152001T47MT04EBS001H047252UZPE01152001T47MT04EBS001H0472F0472
2|408|1|52|UZPE011|52001|T47|MT04|MONSERRATE|CALLE26BTORREBAPRT502|-77.230125|1.502643||52UZPE01152001T47MT04EBS001H0473|52UZPE01152001T47MT04EBS001H0473F0473|2|1|1|2|52UZPE01152001T47MT04EBS001|900091143|CC|1087960258|AUXILIARDEENFERMERIA|52UZPE01152001T47MT04EBS001H0473F0473CF473|2025-11-06|4||1||3||1||2|2|11|5|3|2|20||2|13|0||3||1||1||1||2|1|3|2|1|1|1|2|2|2|2|2|2||2|2|2|1||6||2|2|2|1|2|1|2|2|1|52UZPE01152001T47MT04EBS001H047352UZPE01152001T47MT04EBS001H0473F0473
2|409|1|52|UZPE011|52001|T47|MT04|MONSERRATE|CALLE26BTORREA201|-77.34569|1.23478||52UZPE01152001T47MT04EBS001H0474|52UZPE01152001T47MT04EBS001H0474F0474|2|1|1|3|52UZPE01152001T47MT04EBS001|900091143|CC|1087960258|AUXILIARDEENFERMERIA|52UZPE01152001T47MT04EBS001H0474F0474CF474|2025-11-07|4||1||3||1||3|2|11|5|3|2|20||2|13|0||3||1||1||1||1|3|3|1|1|1|1|2|2|2|2|2|2||2|2|2|1||6||2|2|2|1|1|1|2|2|1|52UZPE01152001T47MT04EBS001H047452UZPE01152001T47MT04EBS001H0474F0474
2|410|1|52|UZPE011|52001|T47|MT04|MONSERRATE|CALLE26BTORR1301|-77.350129|1.65028||52UZPE01152001T47MT04EBS001H0475|52UZPE01152001T47MT04EBS001H0475F0475|2|1|1|2|52UZPE01152001T47MT04EBS001|900091143|CC|1087960258|AUXILIARDEENFERMERIA|52UZPE01152001T47MT04EBS001H0475F0475CF475|2025-11-04|4||1||3||1||2|2|11|5|3|2|20||2|13|0||3||1||1||1||2|2|3|1|1|1|1|2|2|2|2|2|2||2|2|2|2||6||2|2|2|1|2|1|2|2|1|52UZPE01152001T47MT04EBS001H047552UZPE01152001T47MT04EBS001H0475F0475
2|411|1|52|UZPE011|52001|T47|MT04|MONSERRATE|CALLE26BTORREA401|-77.259867|1.21119||52UZPE01152001T47MT04EBS001H0476|52UZPE01152001T47MT04EBS001H0476F0476|2|1|1|1|52UZPE01152001T47MT04EBS001|900091143|CC|1087960258|AUXILIARDEENFERMERIA|52UZPE01152001T47MT04EBS001H0476F0476CF476|2025-11-06|4||1||3||1||2|2|11|5|3|2|20||2|13|0||3||1||1||1||7|1|3|3|1|1|1|2|2|2|2|2|2||2|2|2|2||6||2|2|2|1|2|1|2|2|1|52UZPE01152001T47MT04EBS001H047652UZPE01152001T47MT04EBS001H0476F0476
2|412|1|52|UZPE011|52001|T47|MT04|MONSERRATE|2612|-77.260322|1.211462||52UZPE01152001T47MT04EBS001H0477|52UZPE01152001T47MT04EBS001H0477F0477|2|1|1|2|52UZPE01152001T47MT04EBS001|900091143|CC|1233193191|AUXILIARDEENFERMERIA|52UZPE01152001T47MT04EBS001H0477F0477CF477|2025-11-15|4||1||3||1||1|2|11|5|3|2|20||1|13|0||1||1||1||1||1|2|3|1|1|1|1|2|2|2|2|2|2||2|2|1|2||6||1|2|2|1|1|1|2|2|1|52UZPE01152001T47MT04EBS001H047752UZPE01152001T47MT04EBS001H0477F0477
2|413|1|52|UZPE011|52001|T47|MT04|MONSERRATE|2611|-77.260588|1.211668||52UZPE01152001T47MT04EBS001H0478|52UZPE01152001T47MT04EBS001H0478F0478|2|2|2|2|52UZPE01152001T47MT04EBS001|900091143|CC|1233193191|AUXILIARDEENFERMERIA|52UZPE01152001T47MT04EBS001H0478F0478CF478|2025-11-15|4||1||3||1||2|2|11|5|3|2|20||2|13|0||1||1||1||1||7|1|3|1|1|1|1|2|2|2|2|2|2||2|2|1|2||6||1|2|2|1|2|1|2|2|1|52UZPE01152001T47MT04EBS001H047852UZPE01152001T47MT04EBS001H0478F0478
2|414|1|52|UZPE011|52001|T47|MT04|MONSERRATE|2611|-77.260588|1.211668||52UZPE01152001T47MT04EBS001H0479|52UZPE01152001T47MT04EBS001H0479F0479|2|2|2|2|52UZPE01152001T47MT04EBS001|900091143|CC|1233193191|AUXILIARDEENFERMERIA|52UZPE01152001T47MT04EBS001H0479F0479CF479|2025-11-15|4||1||3||1||2|2|11|5|3|2|20||2|13|0||1||1||1||1||7|1|3|1|1|1|2|2|2|2|2|2|2||2|2|1|2||6||1|2|2|1|2|1|2|2|1|52UZPE01152001T47MT04EBS001H047952UZPE01152001T47MT04EBS001H0479F0479
2|415|1|52|UZPE011|52001|T47|MT04|MONSERRATE|2613|-77.26629|1.211506||52UZPE01152001T47MT04EBS001H0480|52UZPE01152001T47MT04EBS001H0480F0480|2|2|2|4|52UZPE01152001T47MT04EBS001|900091143|CC|1233193191|AUXILIARDEENFERMERIA|52UZPE01152001T47MT04EBS001H0480F0480CF480|2025-11-15|4||1||3||1||3|2|11|5|3|2|20||1|13|0||1||1||1||1||7|1|3|2|1|1|2|2|2|2|2|2|2||2|2|1|2||6||1|2|2|1|1|1|2|2|1|52UZPE01152001T47MT04EBS001H048052UZPE01152001T47MT04EBS001H0480F0480
2|416|1|52|UZPE011|52001|T47|MT04|MONSERRATE|2613|-77.26629|1.211506||52UZPE01152001T47MT04EBS001H0481|52UZPE01152001T47MT04EBS001H0481F0481|2|2|2|4|52UZPE01152001T47MT04EBS001|900091143|CC|1233193191|AUXILIARDEENFERMERIA|52UZPE01152001T47MT04EBS001H0481F0481CF481|2025-11-15|4||1||3||1||3|2|11|5|3|2|20||1|13|0||1||1||1||1||2|3|3|1|1|1|1|2|2|2|2|2|2||2|2|1|2||6||1|2|2|1|1|1|2|2|1|52UZPE01152001T47MT04EBS001H048152UZPE01152001T47MT04EBS001H0481F0481
2|417|1|52|UZPE011|52001|T47|MT04|MONSERRATE|2614|-77.262771|1.212019||52UZPE01152001T47MT04EBS001H0482|52UZPE01152001T47MT04EBS001H0482F0482|2|1|1|3|52UZPE01152001T47MT04EBS001|900091143|CC|1233193191|AUXILIARDEENFERMERIA|52UZPE01152001T47MT04EBS001H0482F0482CF482|2025-11-15|4||1||3||1||2|2|11|5|3|2|20||2|13|0||1||1||1||1||1|3|3|1|1|1|1|2|2|2|2|2|2||2|2|1|2||6||1|2|2|1|1|1|2|2|1|52UZPE01152001T47MT04EBS001H048252UZPE01152001T47MT04EBS001H0482F0482
2|418|1|52|UZPE011|52001|T47|MT04|MONSERRATE|2603|-77.259816|1.211654||52UZPE01152001T47MT04EBS001H0483|52UZPE01152001T47MT04EBS001H0483F0483|2|1|1|4|52UZPE01152001T47MT04EBS001|900091143|CC|1233193191|AUXILIARDEENFERMERIA|52UZPE01152001T47MT04EBS001H0483F0483CF483|2025-09-15|4||1||3||1||2|2|11|5|3|2|20||2|13|0||1||1||1||1||1|4|3|2|1|1|1|2|2|2|2|2|2||2|2|1|1||6||1|2|2|1|1|1|2|2|1|52UZPE01152001T47MT04EBS001H048352UZPE01152001T47MT04EBS001H0483F0483
2|419|1|52|UZPE011|52001|T47|MT04|MONSERRATE|CALLE26BTORREB303|-77.320145|1.302116||52UZPE01152001T47MT04EBS001H0484|52UZPE01152001T47MT04EBS001H0484F0484|2|1|1|3|52UZPE01152001T47MT04EBS001|900091143|CC|1087960258|AUXILIARDEENFERMERIA|52UZPE01152001T47MT04EBS001H0484F0484CF484|2025-11-07|4||1||3||1||2|2|11|5|3|2|20||2|13|0||3||1||1||1||2|3|3|1|1|1|1|2|2|2|2|2|2||2|2|2|1||6||2|2|2|1|2|1|2|2|1|52UZPE01152001T47MT04EBS001H048452UZPE01152001T47MT04EBS001H0484F0484
2|420|1|52|UZPE011|52001|T47|MT04|MONSERRATE|CALLE26BTORRE3701|-77.260027|1.211387||52UZPE01152001T47MT04EBS001H0485|52UZPE01152001T47MT04EBS001H0485F0485|2|1|1|2|52UZPE01152001T47MT04EBS001|900091143|CC|1087960258|AUXILIARDEENFERMERIA|52UZPE01152001T47MT04EBS001H0485F0485CF485|2025-11-07|4||1||3||1||2|2|11|5|3|2|20||2|13|0||3||1||1||1||2|2|3|1|1|1|1|2|2|2|2|2|2||2|2|2|2||6||2|2|2|1|2|1|2|2|1|52UZPE01152001T47MT04EBS001H048552UZPE01152001T47MT04EBS001H0485F0485
2|421|1|52|UZPE011|52001|T47|MT04|MONSERRATE|CALLE26BTORREF702|-77.259802|1.211535||52UZPE01152001T47MT04EBS001H0486|52UZPE01152001T47MT04EBS001H0486F0486|2|1|1|3|52UZPE01152001T47MT04EBS001|900091143|CC|1087960258|AUXILIARDEENFERMERIA|52UZPE01152001T47MT04EBS001H0486F0486CF486|2025-11-15|4||1||3||1||3|2|11|5|3|2|20||2|13|0||3||1||1||1||1|3|3|1|1|1|1|2|2|2|2|2|2||2|2|2|1||6||2|2|2|1|2|1|2|2|1|52UZPE01152001T47MT04EBS001H048652UZPE01152001T47MT04EBS001H0486F0486
2|422|1|52|UZPE011|52001|T47|MT04|MONSERRATE|2616|-77.559817|1.211655||52UZPE01152001T47MT04EBS001H0487|52UZPE01152001T47MT04EBS001H0487F0487|2|2|2|2|52UZPE01152001T47MT04EBS001|900091143|CC|1233193191|AUXILIARDEENFERMERIA|52UZPE01152001T47MT04EBS001H0487F0487CF487|2025-11-15|4||1||3||1||2|2|11|5|3|2|20||2|13|0||1||1||1||1||7|1|3|1|1|1|1|2|2|2|2|2|2||2|2|1|2||6||1|2|2|1|1|1|2|2|1|52UZPE01152001T47MT04EBS001H048752UZPE01152001T47MT04EBS001H0487F0487
2|423|1|52|UZPE011|52001|T47|MT04|MONSERRATE|2616|-77.559817|1.211655||52UZPE01152001T47MT04EBS001H0488|52UZPE01152001T47MT04EBS001H0488F0488|2|2|2|2|52UZPE01152001T47MT04EBS001|900091143|CC|1233193191|AUXILIARDEENFERMERIA|52UZPE01152001T47MT04EBS001H0488F0488CF488|2025-11-15|4||1||3||1||2|2|11|5|3|2|20||2|13|0||1||1||1||1||7|1|3|1|1|1|1|2|2|2|2|2|2||2|2|1|2||6||1|2|2|1|1|1|2|2|1|52UZPE01152001T47MT04EBS001H048852UZPE01152001T47MT04EBS001H0488F0488
2|424|1|52|UZPE011|52001|T47|MT04|MONSERRATE|MANZANABCASA2VILLADELVIENTO|-77.2628|1.215015||52UZPE01152001T47MT04EBS001H0489|52UZPE01152001T47MT04EBS001H0489F0489|1|3|3|7|52UZPE01152001T47MT04EBS001|900091143|CC|1087960258|AUXILIARDEENFERMERIA|52UZPE01152001T47MT04EBS001H0489F0489CF489|2025-11-12|1||1||3||2||4|2|11|2|2|2|20||2|13|0||3||1||1||1||2|2|3|1|1|1|1|2|2|2|2|2|2||2|2|2|2||6||2|2|2|1|2|1|2|2|1|52UZPE01152001T47MT04EBS001H048952UZPE01152001T47MT04EBS001H0489F0489
2|425|1|52|UZPE011|52001|T47|MT04|MONSERRATE|MANZANABCASA2VILLADELVIENTO|-77.2628|1.215015||52UZPE01152001T47MT04EBS001H0490|52UZPE01152001T47MT04EBS001H0490F0490|1|3|3|7|52UZPE01152001T47MT04EBS001|900091143|CC|1087960258|AUXILIARDEENFERMERIA|52UZPE01152001T47MT04EBS001H0490F0490CF490|2025-11-12|1||1||3||2||4|2|11|2|3|2|20||2|13|0||3||1||1||1||2|2|3|1|1|1|1|2|2|2|2|2|2||2|2|1|1||6||1|2|2|1|2|1|2|2|1|52UZPE01152001T47MT04EBS001H049052UZPE01152001T47MT04EBS001H0490F0490
2|426|1|52|UZPE011|52001|T47|MT04|MONSERRATE|MANZANABCASA2VILLADELVIENTO|-77.2628|1.215015||52UZPE01152001T47MT04EBS001H0491|52UZPE01152001T47MT04EBS001H0491F0491|1|3|3|7|52UZPE01152001T47MT04EBS001|900091143|CC|1087960258|AUXILIARDEENFERMERIA|52UZPE01152001T47MT04EBS001H0491F0491CF491|2025-11-12|1||1||3||2||4|2|11|2|3|2|20||2|13|0||3||1||1||1||2|2|3|1|1|1|1|2|2|2|2|2|2||2|2|2|2||3||2|2|2|1|2|1|2|2|1|52UZPE01152001T47MT04EBS001H049152UZPE01152001T47MT04EBS001H0491F0491
2|427|1|52|UZPE011|52001|T47|MT04|MONSERRATE|CALLE26BTRF1002|-77.259241|1.211667||52UZPE01152001T47MT04EBS001H0492|52UZPE01152001T47MT04EBS001H0492F0492|2|1|1|3|52UZPE01152001T47MT04EBS001|900091143|CC|1087960258|AUXILIARDEENFERMERIA|52UZPE01152001T47MT04EBS001H0492F0492CF492|2025-11-15|4||1||3||1||2|2|11|5|2|2|20||2|13|0||3||1||1||1||2|3|3|1|1|1|1|2|2|2|2|2|2||2|2|2|1||6||2|2|2|1|2|1|2|2|1|52UZPE01152001T47MT04EBS001H049252UZPE01152001T47MT04EBS001H0492F0492
2|428|1|52|UZPE011|52001|T47|MT04|MONSERRATE|CL26B104APTO304TORREG|-77.260165|1.211054||52UZPE01152001T47MT04EBS001H0493|52UZPE01152001T47MT04EBS001H0493F0493|2|1|1|6|52UZPE01152001T47MT04EBS001|900091143|CC|1085260497|PSICOLOGO|52UZPE01152001T47MT04EBS001H0493F0493CF493|2025-11-19|4||1||3||1||2|1|11|5|3|2|20||2|13|0||1||1||1||1||1|6|3|1|1|1|1|2|2|2|2|2|2||2|2|1|1||6||1|2|2|1|2|1|2|2|1|52UZPE01152001T47MT04EBS001H049352UZPE01152001T47MT04EBS001H0493F0493
2|429|1|52|UZPE011|52001|T47|MT04|MONSERRATE|25110|-77.26277|1.215051||52UZPE01152001T47MT04EBS001H0494|52UZPE01152001T47MT04EBS001H0494F0494|1|1|1|3|52UZPE01152001T47MT04EBS001|900091143|CC|1233193191|AUXILIARDEENFERMERIA|52UZPE01152001T47MT04EBS001H0494F0494CF494|2025-11-20|5||5||4||4||1|1|8|4|2|1|4||1|13|2||3||1||6||1||1|3|3|2|1|1|1|2|2|2|2|2|2||2|2|1|1||6||1|2|2|1|1|1|2|2|1|52UZPE01152001T47MT04EBS001H049452UZPE01152001T47MT04EBS001H0494F0494
2|430|1|52|UZPE011|52001|T47|MT04|MONSERRATE|515|-77.261626|1.215223||52UZPE01152001T47MT04EBS001H0495|52UZPE01152001T47MT04EBS001H0495F0495|1|1|1|3|52UZPE01152001T47MT04EBS001|900091143|CC|1233193191|AUXILIARDEENFERMERIA|52UZPE01152001T47MT04EBS001H0495F0495CF495|2025-11-20|1||1||3||1||2|2|8|1|3|2|20||2|13|0||3||1||1||1||1|3|3|1|1|1|1|2|2|2|2|2|2||2|2|1|2||6||1|2|2|1|2|1|2|2|1|52UZPE01152001T47MT04EBS001H049552UZPE01152001T47MT04EBS001H0495F0495
2|431|1|52|UZPE011|52001|T47|MT04|MONSERRATE|CASA501|-77.262665|1.215147||52UZPE01152001T47MT04EBS001H0496|52UZPE01152001T47MT04EBS001H0496F0496|1|1|1|1|52UZPE01152001T47MT04EBS001|900091143|CC|1233193191|AUXILIARDEENFERMERIA|52UZPE01152001T47MT04EBS001H0496F0496CF496|2025-11-20|4||1||3||1||1|2|11|4|3|2|20||2|13|0||1||1||1||1||7|1|3|3|1|1|2|2|2|2|2|2|2||2|2|1|2||6||1|2|2|1|1|1|2|2|1|52UZPE01152001T47MT04EBS001H049652UZPE01152001T47MT04EBS001H0496F0496
2|432|1|52|UZPE011|52001|T47|MT04|MONSERRATE|MANZANADCS3|-77.26217|1.21507||52UZPE01152001T47MT04EBS001H0497|52UZPE01152001T47MT04EBS001H0497F0497|1|1|1|1|52UZPE01152001T47MT04EBS001|900091143|CC|1086267332|AUXILIARENFERMERA|52UZPE01152001T47MT04EBS001H0497F0497CF497|2025-11-24|1||1||3||1||1|2|11|2|2|2|20||2|13|0||1||1||1||1||7|1|3|1|1|1|2|2|2|2|2|2|2||2|2|1|1||6||1|2|2|1|2|1|2|2|1|52UZPE01152001T47MT04EBS001H049752UZPE01152001T47MT04EBS001H0497F0497
2|433|1|52|UZPE011|52001|T47|MT04|MONSERRATE|CASA801|-77.26277|1.215051||52UZPE01152001T47MT04EBS001H0498|52UZPE01152001T47MT04EBS001H0498F0498|1|1|1|2|52UZPE01152001T47MT04EBS001|900091143|CC|1233193191|AUXILIARDEENFERMERIA|52UZPE01152001T47MT04EBS001H0498F0498CF498|2025-11-20|1||1||3||1||1|2|11|1|3|2|20||2|13|0||1||1||1||1||1|2|3|2|1|1|1|2|2|2|2|2|2||2|2|1|2||6||1|2|2|1|2|1|2|2|1|52UZPE01152001T47MT04EBS001H049852UZPE01152001T47MT04EBS001H0498F0498
2|434|1|52|UZPE011|52001|T47|MT04|MONSERRATE|CASA701|-77.262771|1.215051||52UZPE01152001T47MT04EBS001H0499|52UZPE01152001T47MT04EBS001H0499F0499|1|1|1|3|52UZPE01152001T47MT04EBS001|900091143|CC|1233193191|AUXILIARDEENFERMERIA|52UZPE01152001T47MT04EBS001H0499F0499CF499|2025-11-24|4||1||3||1||2|2|11|1|3|2|20||2|13|0||1||1||1||1||1|3|3|2|1|1|1|2|2|2|2|2|2||2|2|1|2||6||1|2|2|1|2|1|2|2|1|52UZPE01152001T47MT04EBS001H049952UZPE01152001T47MT04EBS001H0499F0499
2|435|1|52|UZPE011|52001|T47|MT04|MONSERRATE|MZADCS4|-77.26216|1.21509||52UZPE01152001T47MT04EBS001H0500|52UZPE01152001T47MT04EBS001H0500F0500|1|1|1|3|52UZPE01152001T47MT04EBS001|900091143|CC|1086267332|AUXILIARENFERMERA|52UZPE01152001T47MT04EBS001H0500F0500CF500|2025-11-24|1||1||3||1||1|2|11|5|2|2|20||2|13|0||1||1||1||1||2|2|3|1|1|1|1|2|2|2|2|2|2||2|2|1|2||6||1|2|2|1|2|1|2|2|1|52UZPE01152001T47MT04EBS001H050052UZPE01152001T47MT04EBS001H0500F0500
2|436|1|52|UZPE011|52001|T47|MT04|MONSERRATE|CASA901|-77.26188|1.21201||52UZPE01152001T47MT04EBS001H0501|52UZPE01152001T47MT04EBS001H0501F0501|1|1|1|2|52UZPE01152001T47MT04EBS001|900091143|CC|1233193191|AUXILIARDEENFERMERIA|52UZPE01152001T47MT04EBS001H0501F0501CF501|2025-11-24|4||1||3||1||1|2|11|1|3|2|19||1|13|0||1||1||1||1||1|2|3|2|1|1|2|2|2|2|2|2|2||2|2|1|1||6||1|2|2|1|1|1|2|2|1|52UZPE01152001T47MT04EBS001H050152UZPE01152001T47MT04EBS001H0501F0501
2|437|1|52|UZPE011|52001|T47|MT04|MONSERRATE|CASA401|-77.26239|1.21516||52UZPE01152001T47MT04EBS001H0502|52UZPE01152001T47MT04EBS001H0502F0502|1|1|1|1|52UZPE01152001T47MT04EBS001|900091143|CC|1233193191|AUXILIARDEENFERMERIA|52UZPE01152001T47MT04EBS001H0502F0502CF502|2025-11-24|4||1||3||1||1|1|8|2|3|2|20||2|13|0||3||1||1||1||1|3|3|2|1|1|1|2|2|2|2|2|2||2|2|1|2||6||1|2|2|1|1|1|2|2|1|52UZPE01152001T47MT04EBS001H050252UZPE01152001T47MT04EBS001H0502F0502
2|438|1|52|UZPE011|52001|T47|MT04|MONSERRATE|MZACASA1203|-77.262595|1.215206||52UZPE01152001T47MT04EBS001H0503|52UZPE01152001T47MT04EBS001H0503F0503|1|1|1|1|52UZPE01152001T47MT04EBS001|900091143|CC|1087960258|AUXILIARDEENFERMERIA|52UZPE01152001T47MT04EBS001H0503F0503CF503|2025-11-13|1||1||3||1||2|2|11|5|3|2|20||2|13|0||1||1||1||1||2|2|3|1|1|1|1|2|2|2|2|2|2||2|2|2|2||6||2|2|2|1|2|1|2|2|1|52UZPE01152001T47MT04EBS001H050352UZPE01152001T47MT04EBS001H0503F0503
2|439|1|52|UZPE011|52001|T47|MT04|MONSERRATE|CASA702|-77.261889|1.212018||52UZPE01152001T47MT04EBS001H0504|52UZPE01152001T47MT04EBS001H0504F0504|1|1|1|1|52UZPE01152001T47MT04EBS001|900091143|CC|1233193191|AUXILIARDEENFERMERIA|52UZPE01152001T47MT04EBS001H0504F0504CF504|2025-11-24|4||1||3||1||1|2|11|1|3|2|20||2|13|0||1||1||1||1||7|1|3|1|1|1|2|2|2|2|2|2|2||2|2|1|2||6||1|2|2|1|2|1|2|2|1|52UZPE01152001T47MT04EBS001H050452UZPE01152001T47MT04EBS001H0504F0504
2|440|1|52|UZPE011|52001|T47|MT04|MONSERRATE|2608|-77.259902|1.211175||52UZPE01152001T47MT04EBS001H0505|52UZPE01152001T47MT04EBS001H0505F0505|2|1|1|3|52UZPE01152001T47MT04EBS001|900091143|CC|1233193191|AUXILIARDEENFERMERIA|52UZPE01152001T47MT04EBS001H0505F0505CF505|2025-11-25|4||1||3||1||2|2|11|5|3|2|20||2|13|0||1||1||1||1||2|3|3|1|1|1|1|2|2|2|2|2|2||2|2|1|1||6||1|2|2|1|1|1|2|2|1|52UZPE01152001T47MT04EBS001H050552UZPE01152001T47MT04EBS001H0505F0505
3|441|ANNA|MARIA|MONTILLA|DAVID|TI|1030001905|2015-11-07|2|2|6|9998|3|1||8|07|||8|23.0|123|||2||||||||||||52UZPE01152001T47MT03EBS001H009252UZPE01152001T47MT03EBS001H0092F0092|52UZPE01152001T47MT03EBS001H009252UZPE01152001T47MT03EBS001H0092F0092TI1030001905
3|442|CAROL|NA|DAVID|ROSALES|CC|59856193|1980-11-11|2|2|6|9998|3|2||7|07|||8|73.0|153|||2||||||||||||52UZPE01152001T47MT03EBS001H009252UZPE01152001T47MT03EBS001H0092F0092|52UZPE01152001T47MT03EBS001H009252UZPE01152001T47MT03EBS001H0092F0092CC59856193
3|443|GILBERTH|DARIO|MONTILLA|NA|CC|87574947|1984-12-24|1|2|6|5169|3|2||7|07|||8|92.0|172|||2||||||||||||52UZPE01152001T47MT03EBS001H009252UZPE01152001T47MT03EBS001H0092F0092|52UZPE01152001T47MT03EBS001H009252UZPE01152001T47MT03EBS001H0092F0092CC87574947
3|444|KEVIN|ARLEY|MENESES|DAVID|CC|1007272580|2001-03-01|1|2|6|9998|3|1||7|07|||8|50.0|150|||2||||||||||||52UZPE01152001T47MT03EBS001H009252UZPE01152001T47MT03EBS001H0092F0092|52UZPE01152001T47MT03EBS001H009252UZPE01152001T47MT03EBS001H0092F0092CC1007272580
3|445|DARIO|ESTEBAN|CABRERA|PINTO|CC|87060761|1982-08-08|1|2|6|9622|3|1||4|07|||3|75.0|166|||2||||||||||||52UZPE01152001T47MT03EBS001H009152UZPE01152001T47MT03EBS001H0091F0091|52UZPE01152001T47MT03EBS001H009152UZPE01152001T47MT03EBS001H0091F0091CC87060761
3|446|NEIRA|GABRIELA|PINTO|PINTO|CC|30714245|1956-08-02|2|2|6|9998|3|1||3|07|||8|62.0|150|||2||||||||||||52UZPE01152001T47MT03EBS001H009152UZPE01152001T47MT03EBS001H0091F0091|52UZPE01152001T47MT03EBS001H009152UZPE01152001T47MT03EBS001H0091F0091CC30714245
3|447|MARIA|VICTORIA|SANTACRUZ|LOPEZ|CC|30713054|1954-06-15|2|2|6|9998|3|5||3|07|||8|65.0|145|||2||||||||||||52UZPE01152001T47MT03EBS001H009352UZPE01152001T47MT03EBS001H0093F0093|52UZPE01152001T47MT03EBS001H009352UZPE01152001T47MT03EBS001H0093F0093CC30713054
3|448|JAVIER|FERNANDO|VELASQUEZ|SANTACRUZ|CC|1116260205|1993-07-27|1|2|6|5169|3|2||7|07|||8|84.0|170|||2||||||||||||52UZPE01152001T47MT03EBS001H009352UZPE01152001T47MT03EBS001H0093F0093|52UZPE01152001T47MT03EBS001H009352UZPE01152001T47MT03EBS001H0093F0093CC1116260205
3|449|MIRIAM|NA|YANDUN|JOSA|CC|30745042|1967-05-15|2|2|6|5169|3|2||7|07|||8|67.0|159|||2||||||||||||52UZPE01152001T47MT03EBS001H009452UZPE01152001T47MT03EBS001H0094F0094|52UZPE01152001T47MT03EBS001H009452UZPE01152001T47MT03EBS001H0094F0094CC30745042
3|450|ELVERT|NA|RIVERA|GAITAN|CC|5887622|1966-08-12|1|2|6|9510|3|2||7|07|||8|63.0|160|||2||||||||||||52UZPE01152001T47MT03EBS001H009452UZPE01152001T47MT03EBS001H0094F0094|52UZPE01152001T47MT03EBS001H009452UZPE01152001T47MT03EBS001H0094F0094CC5887622
3|451|ANA|MILENA|GUERRA|YEPES|CC|1085308751|1993-12-01|2|2|6|9998|3|1||7|07|||8|52.0|153|||2||||||||||||52UZPE01152001T47MT03EBS001H009552UZPE01152001T47MT03EBS001H0095F0095|52UZPE01152001T47MT03EBS001H009552UZPE01152001T47MT03EBS001H0095F0095CC1085308751
3|452|MARIA|DELSOCORRO|ANDRADE|NA|CC|37082292|1971-10-29|2|2|6|9998|3|1||7|07|||8|55.0|144|||2||||||||||||52UZPE01152001T47MT03EBS001H009652UZPE01152001T47MT03EBS001H0096F0096|52UZPE01152001T47MT03EBS001H009652UZPE01152001T47MT03EBS001H0096F0096CC37082292
3|453|CONSUELO|DELCARMEN|MERA|GONZALES|CC|27302993|1973-09-17|2|2|6|9998|3|1||7|07|||8|60.0|160|||2||||||||||||52UZPE01152001T47MT03EBS001H009752UZPE01152001T47MT03EBS001H0097F0097|52UZPE01152001T47MT03EBS001H009752UZPE01152001T47MT03EBS001H0097F0097CC27302993
3|454|JOSE|AUROMIRO|MUNOZ|FERNANDEZ|CC|7517077|1953-07-08|1|2|6|5169|3|1||3|07|||8|65.0|163|||2||||||||||||52UZPE01152001T47MT03EBS001H009852UZPE01152001T47MT03EBS001H0098F0098|52UZPE01152001T47MT03EBS001H009852UZPE01152001T47MT03EBS001H0098F0098CC7517077
3|455|STEVEN|HERNAN|MUNOZ|CORDOBA|CC|1004535415|2002-12-26|1|2|6|9998|3|1||7|07|||8|45.0|168|||2||||||||||||52UZPE01152001T47MT03EBS001H009852UZPE01152001T47MT03EBS001H0098F0098|52UZPE01152001T47MT03EBS001H009852UZPE01152001T47MT03EBS001H0098F0098CC1004535415
3|456|AURA|LUCIA|CORDOBA|TUTISTAR|CC|27433553|1963-06-28|2|2|6|5169|3|1||3|07|||8|50.0|144|||2||||||||||||52UZPE01152001T47MT03EBS001H009852UZPE01152001T47MT03EBS001H0098F0098|52UZPE01152001T47MT03EBS001H009852UZPE01152001T47MT03EBS001H0098F0098CC27433553
3|457|JUAN|ANDRES|JOJOA|LOPEZ|CC|1233191646|1998-07-23|1|2|6|5169|3|2||7|07|||8|60.0|167|||2||||||||||||52UZPE01152001T47MT03EBS001H009952UZPE01152001T47MT03EBS001H0099F0099|52UZPE01152001T47MT03EBS001H009952UZPE01152001T47MT03EBS001H0099F0099CC1233191646
3|458|JUANA|MARIELA|LOPEZ|NASPIRAN|CC|59817185|1968-01-01|2|2|6|9998|3|5||7|07|||8|54.0|155|||2||||||||||||52UZPE01152001T47MT03EBS001H009952UZPE01152001T47MT03EBS001H0099F0099|52UZPE01152001T47MT03EBS001H009952UZPE01152001T47MT03EBS001H0099F0099CC59817185
3|459|JUAN|GUILLERMO|CHINCHAJO|TOBAR|CC|13072834|1972-05-03|1|2|6|9510|3|1||7|07|||8|75.0|168|||2||||||||||||52UZPE01152001T47MT03EBS001H010052UZPE01152001T47MT03EBS001H0100F0100|52UZPE01152001T47MT03EBS001H010052UZPE01152001T47MT03EBS001H0100F0100CC13072834
3|460|ROCIO|DELCARMEN|PIANDA|ZAMBRANO|CC|30731234|1964-12-12|2|2|6|9998|3|1||7|07|||8|55.0|145|||2||||||||||||52UZPE01152001T47MT03EBS001H010052UZPE01152001T47MT03EBS001H0100F0100|52UZPE01152001T47MT03EBS001H010052UZPE01152001T47MT03EBS001H0100F0100CC30731234
3|461|DIANA|MILENA|CHINCHAJOA|PIANDA|CC|1010097584|1999-02-04|2|2|6|9998|3|1||7|07|||8|56.0|155|||2||||||||||||52UZPE01152001T47MT03EBS001H010152UZPE01152001T47MT03EBS001H0101F0101|52UZPE01152001T47MT03EBS001H010152UZPE01152001T47MT03EBS001H0101F0101CC1010097584
3|462|SARA|VALENTINA|ESTUPINAN|CHINCHAJOA|TI|1080066335|2016-02-09|2|2|6|9998|3|1||8|07|||8|23.0|126|||2||||||||||||52UZPE01152001T47MT03EBS001H010152UZPE01152001T47MT03EBS001H0101F0101|52UZPE01152001T47MT03EBS001H010152UZPE01152001T47MT03EBS001H0101F0101TI1080066335
3|463|CRISTIAN|JESID|GONZALES|PIANDA|CC|1085276225|1990-09-06|1|2|6|9510|3|1||7|07|||8|68.0|175|||2||||||||||||52UZPE01152001T47MT03EBS001H010252UZPE01152001T47MT03EBS001H0102F0102|52UZPE01152001T47MT03EBS001H010252UZPE01152001T47MT03EBS001H0102F0102CC1085276225
3|464|VIVIANA|CRISTINA|DAVID|MONTILLA|CC|37082826|1982-01-11|2|2|6|9998|3|1||7|07|||8|54.0|147|||2||||||||||||52UZPE01152001T47MT03EBS001H010352UZPE01152001T47MT03EBS001H0103F0103|52UZPE01152001T47MT03EBS001H010352UZPE01152001T47MT03EBS001H0103F0103CC37082826
3|465|JUAN|CARLOS|ESPANA|ADARME|CC|1085282580|1990-07-01|1|2|6|5169|3|2||7|07|||8|68.0|175|||2||||||||||||52UZPE01152001T47MT03EBS001H010352UZPE01152001T47MT03EBS001H0103F0103|52UZPE01152001T47MT03EBS001H010352UZPE01152001T47MT03EBS001H0103F0103CC1085282580
3|466|JHOAN|EMILIANO|ESPANA|DAVID|RC|1080074235|2023-12-22|1|2|6|9998|3|1||8|07|||8|||||2||||||||||||52UZPE01152001T47MT03EBS001H010352UZPE01152001T47MT03EBS001H0103F0103|52UZPE01152001T47MT03EBS001H010352UZPE01152001T47MT03EBS001H0103F0103RC1080074235
3|467|JULIAN|ALEXANDER|TABLA|DELGADO|CC|1085343097|1998-11-17|1|2|6|5169|3|2||7|07|||8|63.0|156|||2||||||||||||52UZPE01152001T47MT03EBS001H010452UZPE01152001T47MT03EBS001H0104F0104|52UZPE01152001T47MT03EBS001H010452UZPE01152001T47MT03EBS001H0104F0104CC1085343097
3|468|MARIA|ALEJANDRA|MIRANDA|MORILLO|CC|1085342313|1998-09-05|2|1|6|9510|3|1||7|07|||8|82.0|157|||2||||||||||||52UZPE01152001T47MT03EBS001H010452UZPE01152001T47MT03EBS001H0104F0104|52UZPE01152001T47MT03EBS001H010452UZPE01152001T47MT03EBS001H0104F0104CC1085342313
3|469|CRISTOPHER|YOSHUA|PALMA|MIRANDA|RC|1030003324|2020-09-24|1|2|6|9998|3|1||8|07|||8|||||2||||||||||||52UZPE01152001T47MT03EBS001H010452UZPE01152001T47MT03EBS001H0104F0104|52UZPE01152001T47MT03EBS001H010452UZPE01152001T47MT03EBS001H0104F0104RC1030003324
3|470|LUIS|EDUARDO|DAVILA|NA|CC|5260650|1939-11-03|1|2|6|9998|3|2||3|07|||2|69.0|167|||2||||||||||||52UZPE01152001T47MT03EBS001H010552UZPE01152001T47MT03EBS001H0105F0105|52UZPE01152001T47MT03EBS001H010552UZPE01152001T47MT03EBS001H0105F0105CC5260650
3|471|GERMAN|AUGUSTO|ENRIQUEZ|ORDONES|CC|129777969|1963-01-01|1|2|6|9510|3|2||3|07|||8|75.0|174|||2||||||||||||52UZPE01152001T47MT03EBS001H010652UZPE01152001T47MT03EBS001H0106F0106|52UZPE01152001T47MT03EBS001H010652UZPE01152001T47MT03EBS001H0106F0106CC129777969
3|472|MARLEY|NA|RODRIGUEZ|CUASPA|CC|30727534|1963-09-02|2|2|6|9998|3|2||3|07|||8|56.0|153|||2||||||||||||52UZPE01152001T47MT03EBS001H010652UZPE01152001T47MT03EBS001H0106F0106|52UZPE01152001T47MT03EBS001H010652UZPE01152001T47MT03EBS001H0106F0106CC30727534
3|473|MARCOS|SEBASTIAN|TORRES|REVELO|CC|1004135151|2002-08-06|1|2|6|9998|3|1||7|07|||8|87.0|172|||2||||||||||||52UZPE01152001T47MT03EBS001H010752UZPE01152001T47MT03EBS001H0107F0107|52UZPE01152001T47MT03EBS001H010752UZPE01152001T47MT03EBS001H0107F0107CC1004135151
3|474|JOSTIN|YOSEPH|CRIOLLO|LOPEZ|TI|1081063895|2016-11-01|1|2|6|9998|3|1||8|07|||8|25.0|115|||2||||||||||||52UZPE01152001T47MT03EBS001H010852UZPE01152001T47MT03EBS001H0108F0108|52UZPE01152001T47MT03EBS001H010852UZPE01152001T47MT03EBS001H0108F0108TI1081063895
3|475|NUVIA|PIEDAD|LOPEZ|DIAZ|CC|59829342|1975-05-13|2|2|6|9998|3|1||7|07|||8|73.0|158|||2||||||||||||52UZPE01152001T47MT03EBS001H010852UZPE01152001T47MT03EBS001H0108F0108|52UZPE01152001T47MT03EBS001H010852UZPE01152001T47MT03EBS001H0108F0108CC59829342
3|476|JARA|DAVID|CORDOBA|CAES|CC|1080041741|2004-08-24|1|2|6|9999|3|1||6|07|||8|46.0|160|||2||||||||||||52UZPE01152001T47MT03EBS001H010952UZPE01152001T47MT03EBS001H0109F0109|52UZPE01152001T47MT03EBS001H010952UZPE01152001T47MT03EBS001H0109F0109CC1080041741
3|477|YOLANDA|MARLENI|CAES|ERAZO|CC|59822317|1972-04-25|2|2|6|9998|3|1||7|07|||8|57.0|145|||2||||||||||||52UZPE01152001T47MT03EBS001H010952UZPE01152001T47MT03EBS001H0109F0109|52UZPE01152001T47MT03EBS001H010952UZPE01152001T47MT03EBS001H0109F0109CC59822317
3|478|JOSE|LUIS|GONZALES|NA|CC|12983937|1963-05-31|1|2|6|9998|3|1||3|07|||2|58.0|164|||2||||||||||||52UZPE01152001T47MT03EBS001H011052UZPE01152001T47MT03EBS001H0110F0110|52UZPE01152001T47MT03EBS001H011052UZPE01152001T47MT03EBS001H0110F0110CC12983937
3|479|DIGNA|ELIA|PALACIOS|GONZALES|CC|59813881|1969-07-28|2|2|6|9622|3|1||7|07|||8|55.0|145|||2||||||||||||52UZPE01152001T47MT03EBS001H011052UZPE01152001T47MT03EBS001H0110F0110|52UZPE01152001T47MT03EBS001H011052UZPE01152001T47MT03EBS001H0110F0110CC59813881
3|480|CORDULA|TERESA|RAMIREZ|DAVILA|CC|27230809|1940-04-09|2|2|6|9998|3|2||3|07|||8|58.0|157|||2||||||||||||52UZPE01152001T47MT03EBS001H011152UZPE01152001T47MT03EBS001H0111F0111|52UZPE01152001T47MT03EBS001H011152UZPE01152001T47MT03EBS001H0111F0111CC27230809
3|481|LUZ|MARINA|TUPAZ|PENAFIEL|CC|31943892|1960-11-11|2|2|6|9998|3|1||3|07|||8|71.0|165|||2||||||||||||52UZPE01152001T47MT03EBS001H011252UZPE01152001T47MT03EBS001H0112F0112|52UZPE01152001T47MT03EBS001H011252UZPE01152001T47MT03EBS001H0112F0112CC31943892
3|482|JOAN|JAVIER|DELGADO|ANDRADE|CC|98386765|1970-05-10|1|2|6|9999|3|1||7|07|||8|75.0|170|||2||||||||||||52UZPE01152001T47MT03EBS001H011352UZPE01152001T47MT03EBS001H0113F0113|52UZPE01152001T47MT03EBS001H011352UZPE01152001T47MT03EBS001H0113F0113CC98386765
3|483|LEONOR|DEJESUS|OVIEDO|LOPEZ|CC|59861597|1979-07-01|2|2|6|9510|3|1||7|07|||8|72.0|159|||2||||||||||||52UZPE01152001T47MT03EBS001H011352UZPE01152001T47MT03EBS001H0113F0113|52UZPE01152001T47MT03EBS001H011352UZPE01152001T47MT03EBS001H0113F0113CC59861597
3|484|JOAN|MARCOS|DELGADO|OVIEDO|RC|1080071646|2021-01-27|1|2|6|9998|3|1||8|07|||8|||||2||||||||||||52UZPE01152001T47MT03EBS001H011352UZPE01152001T47MT03EBS001H0113F0113|52UZPE01152001T47MT03EBS001H011352UZPE01152001T47MT03EBS001H0113F0113RC1080071646
3|485|SANDRA|MARLOBY|BENAVIDES|CABRERA|CC|52284051|1977-04-25|2|2|6|9998|3|1||7|07|||8|80.0|154|||2||||||||||||52UZPE01152001T47MT03EBS001H011452UZPE01152001T47MT03EBS001H0114F0114|52UZPE01152001T47MT03EBS001H011452UZPE01152001T47MT03EBS001H0114F0114CC52284051
3|486|MARIA|DELCONSUELO|CABRERA|NARVAEZ|CC|27079214|1950-07-22|2|2|6|9998|3|1||3|07|||8|90.0|154|||2||||||||||||52UZPE01152001T47MT03EBS001H011452UZPE01152001T47MT03EBS001H0114F0114|52UZPE01152001T47MT03EBS001H011452UZPE01152001T47MT03EBS001H0114F0114CC27079214
3|487|LINA|MARITZA|YAQUENO|MARTINEZ|CC|1085326159|1996-01-05|2|2|6|9510|3|1||7|07|||8|58.0|161|||2||||||||||||52UZPE01152001T47MT03EBS001H011552UZPE01152001T47MT03EBS001H0115F0115|52UZPE01152001T47MT03EBS001H011552UZPE01152001T47MT03EBS001H0115F0115CC1085326159
3|488|EDDIE|SEBASTIAN|LUCANO|YAQUENO|RC|1081066229|2019-11-02|1|2|6|9998|3|1||8|07|||8|||||2||||||||||||52UZPE01152001T47MT03EBS001H011552UZPE01152001T47MT03EBS001H0115F0115|52UZPE01152001T47MT03EBS001H011552UZPE01152001T47MT03EBS001H0115F0115RC1081066229
3|489|FRANCISCO|NA|DELGADO|NA|CC|97480113|1963-01-25|1|2|6|9510|3|1||3|07|||8|55.0|155|||2||||||||||||52UZPE01152001T47MT03EBS001H011652UZPE01152001T47MT03EBS001H0116F0116|52UZPE01152001T47MT03EBS001H011652UZPE01152001T47MT03EBS001H0116F0116CC97480113
3|490|DIANA|PATRICIA|BENAVIDES|ENRIQUEZ|CC|36951514|1980-10-14|2|2|6|9510|3|1||6|07|||8|50.0|150|||2||||||||||||52UZPE01152001T47MT03EBS001H011652UZPE01152001T47MT03EBS001H0116F0116|52UZPE01152001T47MT03EBS001H011652UZPE01152001T47MT03EBS001H0116F0116CC36951514
3|491|JEFERSSON|ESTIVEN|CERON|ROSERO|CC|1233188051|1996-11-25|1|2|6|9510|3|1||7|07|||8|60.0|178|||2||||||||||||52UZPE01152001T47MT03EBS001H011752UZPE01152001T47MT03EBS001H0117F0117|52UZPE01152001T47MT03EBS001H011752UZPE01152001T47MT03EBS001H0117F0117CC1233188051
3|492|JESSICA|MARISOL|AZAIN|NARVAEZ|CC|1085308192|1993-10-20|2|2|6|9998|3|1||7|07|||8|70.0|149|||2||||||||||||52UZPE01152001T47MT03EBS001H011752UZPE01152001T47MT03EBS001H0117F0117|52UZPE01152001T47MT03EBS001H011752UZPE01152001T47MT03EBS001H0117F0117CC1085308192
3|493|WILSON|ANDRES|BASTIDAS|MORAN|CC|1085266705|1988-07-30|1|2|6|5169|3|2||7|07|||8|80.0|180|||2||||||||||||52UZPE01152001T47MT03EBS001H011852UZPE01152001T47MT03EBS001H0118F0118|52UZPE01152001T47MT03EBS001H011852UZPE01152001T47MT03EBS001H0118F0118CC1085266705
3|494|AIDA|MIRYAM|MORAN|NA|CC|30737439|1966-09-19|2|2|6|9998|3|1||7|07|||8|59.0|156|||2||||||||||||52UZPE01152001T47MT03EBS001H011852UZPE01152001T47MT03EBS001H0118F0118|52UZPE01152001T47MT03EBS001H011852UZPE01152001T47MT03EBS001H0118F0118CC30737439
3|495|FIDES|MARINA|RODRIGUEZ|ROMO|CC|30739248|1966-07-14|2|2|6|9510|3|1||7|07|||8|58.0|150|||2||||||||||||52UZPE01152001T47MT03EBS001H011952UZPE01152001T47MT03EBS001H0119F0119|52UZPE01152001T47MT03EBS001H011952UZPE01152001T47MT03EBS001H0119F0119CC30739248
3|496|IGNACIO|ALFONSO|USCATEGUI|SANTACRUZ|CC|19487167|1962-07-31|1|2|6|9510|3|1||3|07|||8|75.0|167|||2||||||||||||52UZPE01152001T47MT03EBS001H011952UZPE01152001T47MT03EBS001H0119F0119|52UZPE01152001T47MT03EBS001H011952UZPE01152001T47MT03EBS001H0119F0119CC19487167
3|497|MARIANA|DEJESUS|IGUAD|IGUAD|CC|30704163|1949-08-25|2|2|6|9998|3|1||3|07|||8|65.0|152|||2||||||||||||52UZPE01152001T47MT03EBS001H012052UZPE01152001T47MT03EBS001H0120F0120|52UZPE01152001T47MT03EBS001H012052UZPE01152001T47MT03EBS001H0120F0120CC30704163
3|498|ENNA|FANEY|BENAVIDES|GOMEZ|CC|27303365|1978-09-15|2|2|6|9510|3|2||7|07|||8|60.0|150|||2||||||||||||52UZPE01152001T47MT03EBS001H012152UZPE01152001T47MT03EBS001H0121F0121|52UZPE01152001T47MT03EBS001H012152UZPE01152001T47MT03EBS001H0121F0121CC27303365
3|499|ROLANDO|DAGOBERTO|ORTIZ|MORENO|CC|98398929|1977-10-17|1|2|6|5169|3|2||7|07|||8|75.0|184|||2||||||||||||52UZPE01152001T47MT03EBS001H012152UZPE01152001T47MT03EBS001H0121F0121|52UZPE01152001T47MT03EBS001H012152UZPE01152001T47MT03EBS001H0121F0121CC98398929
3|500|SAMUEL|ALEJANDRO|ORTIZ|BENAVIDES|TI|1081060444|2013-06-30|1|2|6|9998|3|2||8|07|||8|35.0|120|||2||||||||||||52UZPE01152001T47MT03EBS001H012152UZPE01152001T47MT03EBS001H0121F0121|52UZPE01152001T47MT03EBS001H012152UZPE01152001T47MT03EBS001H0121F0121TI1081060444
3|501|RONALDO|JOSUE|ORTIZ|BENAVIDES|TI|1081055330|2007-05-09|1|2|6|9998|3|2||1|07|||8|60.0|180|||2||||||||||||52UZPE01152001T47MT03EBS001H012152UZPE01152001T47MT03EBS001H0121F0121|52UZPE01152001T47MT03EBS001H012152UZPE01152001T47MT03EBS001H0121F0121TI1081055330
3|502|JANETH|MARITZA|MEDINA|NARVAEZ|CC|59832457|1975-08-10|2|2|6|5169|3|2||7|07|||8|70.0|165|||2||||||||||||52UZPE01152001T47MT03EBS001H012252UZPE01152001T47MT03EBS001H0122F0122|52UZPE01152001T47MT03EBS001H012252UZPE01152001T47MT03EBS001H0122F0122CC59832457
3|503|ELSA|LIDIA|NARVAEZ|DEMEDINA|CC|30706237|1955-12-24|2|2|6|9998|3|1||3|07|||8|55.0|155|||2||||||||||||52UZPE01152001T47MT03EBS001H012252UZPE01152001T47MT03EBS001H0122F0122|52UZPE01152001T47MT03EBS001H012252UZPE01152001T47MT03EBS001H0122F0122CC30706237
3|504|JUAN|PABLO|BOLANOS|MEDINA|CC|1193062935|2000-09-09|1|2|6|5169|3|2||7|07|||8|74.0|175|||2||||||||||||52UZPE01152001T47MT03EBS001H012252UZPE01152001T47MT03EBS001H0122F0122|52UZPE01152001T47MT03EBS001H012252UZPE01152001T47MT03EBS001H0122F0122CC1193062935
3|505|KELLY|VIVIANA|PORTILLA|FREIRE|CC|1085905817|1987-11-20|2|2|6|5169|3|1||7|07|||8|55.0|150|||2||||||||||||52UZPE01152001T47MT03EBS001H012352UZPE01152001T47MT03EBS001H0123F0123|52UZPE01152001T47MT03EBS001H012352UZPE01152001T47MT03EBS001H0123F0123CC1085905817
3|506|DIANA|LISETH|DIAZ|PABON|TI|1080066423|2016-10-09|2|2|6|9998|3|1||8|07|||8|25.0|107|||2||||||||||||52UZPE01152001T47MT03EBS001H012452UZPE01152001T47MT03EBS001H0124F0124|52UZPE01152001T47MT03EBS001H012452UZPE01152001T47MT03EBS001H0124F0124TI1080066423
3|507|MIRYAM|DELROSARIO|PABON|BENAVIDES|CC|36953108|1980-03-05|2|2|6|9998|3|1||7|07|||8|51.0|147|||2||||||||||||52UZPE01152001T47MT03EBS001H012452UZPE01152001T47MT03EBS001H0124F0124|52UZPE01152001T47MT03EBS001H012452UZPE01152001T47MT03EBS001H0124F0124CC36953108
3|508|JENRRY|ALIRIO|DIAZ|BURBANO|CC|87303248|1980-02-06|1|2|6|5169|3|2||7|07|||8|68.0|162|||2||||||||||||52UZPE01152001T47MT03EBS001H012452UZPE01152001T47MT03EBS001H0124F0124|52UZPE01152001T47MT03EBS001H012452UZPE01152001T47MT03EBS001H0124F0124CC87303248
3|509|JHON|ANDRES|PABON|DIAZ|CC|1138524743|2006-03-03|1|2|6|9998|3|2||7|07|||8|70.0|170|||2||||||||||||52UZPE01152001T47MT03EBS001H012452UZPE01152001T47MT03EBS001H0124F0124|52UZPE01152001T47MT03EBS001H012452UZPE01152001T47MT03EBS001H0124F0124CC1138524743
3|510|EDUARDO|DIEGO|CARRERA|MAYA|CC|5284885|1946-03-11|1|2|6|9998|3|1||3|07|||8|67.0|167|||2||||||||||||52UZPE01152001T47MT03EBS001H012552UZPE01152001T47MT03EBS001H0125F0125|52UZPE01152001T47MT03EBS001H012552UZPE01152001T47MT03EBS001H0125F0125CC5284885
3|511|ELOISA|LEONOR|MORALES|DELGADO|CC|27307301|1948-10-23|2|2|6|9998|3|1||3|07|||8|52.0|153|||2||||||||||||52UZPE01152001T47MT03EBS001H012552UZPE01152001T47MT03EBS001H0125F0125|52UZPE01152001T47MT03EBS001H012552UZPE01152001T47MT03EBS001H0125F0125CC27307301
3|512|STELLA|DELROSARIO|JIMENEZ|RODRIGUEZ|CC|27155956|1961-10-08|2|2|6|9998|3|2||3|07|||8|60.0|150|||2||||||||||||52UZPE01152001T47MT03EBS001H012652UZPE01152001T47MT03EBS001H0126F0126|52UZPE01152001T47MT03EBS001H012652UZPE01152001T47MT03EBS001H0126F0126CC27155956
3|513|JOSE|FERNANDO|CUASPA|NA|CC|5202566|1946-05-02|1|2|6|9999|3|2||3|07|||8|80.0|172|||2||||||||||||52UZPE01152001T47MT03EBS001H012752UZPE01152001T47MT03EBS001H0127F0127|52UZPE01152001T47MT03EBS001H012752UZPE01152001T47MT03EBS001H0127F0127CC5202566
3|514|ANTONY|SEBASTIAN|PORTILLO|LUCERO|TI|1080060307|2012-02-10|1|2|6|9998|3|1||1|07|||8|32.0|115|||2||||||||||||52UZPE01152001T47MT03EBS001H012952UZPE01152001T47MT03EBS001H0129F0129|52UZPE01152001T47MT03EBS001H012952UZPE01152001T47MT03EBS001H0129F0129TI1080060307
3|515|JESICA|MARCELA|LUCERO|CARRERA|CC|1085311094|1994-03-13|2|2|6|9998|3|1||7|07|||8|42.0|152|||2||||||||||||52UZPE01152001T47MT03EBS001H012952UZPE01152001T47MT03EBS001H0129F0129|52UZPE01152001T47MT03EBS001H012952UZPE01152001T47MT03EBS001H0129F0129CC1085311094
3|516|YESID|ALEJANDRO|SALAS|LUCERO|TI|1080700765|2014-12-16|1|2|6|9998|3|1||8|07|||8|30.0|110|||2||||||||||||52UZPE01152001T47MT03EBS001H012952UZPE01152001T47MT03EBS001H0129F0129|52UZPE01152001T47MT03EBS001H012952UZPE01152001T47MT03EBS001H0129F0129TI1080700765
3|517|DANNA|ESTEFANIA|ROSERO|BOLANOS|TI|11385252230|2007-02-11|2|2|6|9998|3|2||1|07|||8|55.0|162|||2||||||||||||52UZPE01152001T47MT03EBS001H013452UZPE01152001T47MT03EBS001H0134F0134|52UZPE01152001T47MT03EBS001H013452UZPE01152001T47MT03EBS001H0134F0134TI11385252230
3|518|ADRIANA|DELCARMEN|JARAMILLO|QUINONES|CC|39742559|1969-04-09|2|2|6|9998|3|1||7|07|||8|72.0|157|||2||||||||||||52UZPE01152001T47MT03EBS001H013452UZPE01152001T47MT03EBS001H0134F0134|52UZPE01152001T47MT03EBS001H013452UZPE01152001T47MT03EBS001H0134F0134CC39742559
3|519|LOLA|DELCARMEN|QUINONES|DEJARAMILLO|CC|27075646|1948-04-27|2|2|6|9998|3|2||3|07|||8|60.0|148|||2||||||||||||52UZPE01152001T47MT03EBS001H013552UZPE01152001T47MT03EBS001H0135F0135|52UZPE01152001T47MT03EBS001H013552UZPE01152001T47MT03EBS001H0135F0135CC27075646
3|520|MARIA|CAMILA|NUPAN|JARAMILLO|CC|1085316601|1994-11-06|2|2|6|5169|3|2||7|07|||8|65.0|164|||2||||||||||||52UZPE01152001T47MT03EBS001H013352UZPE01152001T47MT03EBS001H0133F0133|52UZPE01152001T47MT03EBS001H013352UZPE01152001T47MT03EBS001H0133F0133CC1085316601
3|521|FABIOLA|NN|JARAMILLO|QUINONES|CC|59817042|1971-12-04|2|2|6|5169|3|2||7|07|||8|75.0|162|||2||||||||||||52UZPE01152001T47MT03EBS001H013352UZPE01152001T47MT03EBS001H0133F0133|52UZPE01152001T47MT03EBS001H013352UZPE01152001T47MT03EBS001H0133F0133CC59817042
3|522|DENISS|JULIANA|MORENO|JARAMILLO|TI|1080050044|2007-08-21|2|2|6|9998|3|2||1|07|||8|60.0|158|||2||||||||||||52UZPE01152001T47MT03EBS001H013352UZPE01152001T47MT03EBS001H0133F0133|52UZPE01152001T47MT03EBS001H013352UZPE01152001T47MT03EBS001H0133F0133TI1080050044
3|523|PEDRO|LUIS|ASCUNTAR|DELGADO|CC|1087007873|1983-02-13|1|2|6|9510|3|1||7|07|||8|70.0|168|||2||||||||||||52UZPE01152001T47MT03EBS001H013752UZPE01152001T47MT03EBS001H0137F0137|52UZPE01152001T47MT03EBS001H013752UZPE01152001T47MT03EBS001H0137F0137CC1087007873
3|524|JEISON|DAVID|LOPEZ|ASCUNTAR|CC|1004236561|2000-09-01|1|2|6|9510|3|1||7|07|||8|70.0|165|||2||||||||||||52UZPE01152001T47MT03EBS001H013852UZPE01152001T47MT03EBS001H0138F0138|52UZPE01152001T47MT03EBS001H013852UZPE01152001T47MT03EBS001H0138F0138CC1004236561
3|525|CAMILO|ALEJANDRO|POPAYAN|ASCUNTAR|CC|1087008363|1999-06-01|1|2|6|9510|3|1||7|07|||8|56.0|162|||2||||||||||||52UZPE01152001T47MT03EBS001H013952UZPE01152001T47MT03EBS001H0139F0139|52UZPE01152001T47MT03EBS001H013952UZPE01152001T47MT03EBS001H0139F0139CC1087008363
3|526|MARTA|GRACIELA|ASCUNTAR|CHALACAN|CC|59830601|1969-07-13|2|2|6|9998|3|1||7|07|||8|58.0|150|||2||||||||||||52UZPE01152001T47MT03EBS001H014152UZPE01152001T47MT03EBS001H0141F0141|52UZPE01152001T47MT03EBS001H014152UZPE01152001T47MT03EBS001H0141F0141CC59830601
3|527|NASLY|SOFIA|MUNOZ|ASCUNTAR|TI|1137099225|2007-05-24|2|2|6|9998|3|1||1|07|||8|57.0|160|||2||||||||||||52UZPE01152001T47MT03EBS001H014152UZPE01152001T47MT03EBS001H0141F0141|52UZPE01152001T47MT03EBS001H014152UZPE01152001T47MT03EBS001H0141F0141TI1137099225
3|528|DEIVY|FABIAN|MENA|CHILAMA|CC|1085270786|1989-01-01|1|2|6|5169|3|2||7|07|||8|70.0|170|||2||||||||||||52UZPE01152001T47MT03EBS001H014252UZPE01152001T47MT03EBS001H0142F0142|52UZPE01152001T47MT03EBS001H014252UZPE01152001T47MT03EBS001H0142F0142CC1085270786
3|529|ALEXANDRA|ELIZABET|LASSO|ROSERO|CC|27088302|1971-06-11|2|2|6|5169|3|2||7|07|||8|65.0|165|||2||||||||||||52UZPE01152001T47MT03EBS001H014352UZPE01152001T47MT03EBS001H0143F0143|52UZPE01152001T47MT03EBS001H014352UZPE01152001T47MT03EBS001H0143F0143CC27088302
3|530|REINEL|NOTIENE|ORDONEZ|GOMEZ|CC|10556271|1964-03-28|1|2|6|5169|3|2||3|07|||8|70.0|170|||2||||||||||||52UZPE01152001T47MT03EBS001H014352UZPE01152001T47MT03EBS001H0143F0143|52UZPE01152001T47MT03EBS001H014352UZPE01152001T47MT03EBS001H0143F0143CC10556271
3|531|DAVID|ESTEBAN|ORDONEZ|LASSO|CC|1081274418|2005-04-11|1|2|6|9998|3|2||7|07|||8|68.0|170|||2||||||||||||52UZPE01152001T47MT03EBS001H014452UZPE01152001T47MT03EBS001H0144F0144|52UZPE01152001T47MT03EBS001H014452UZPE01152001T47MT03EBS001H0144F0144CC1081274418
3|532|PEDRO|ALFONSO|TOBAR|ESPANA|CC|98381834|1972-01-11|1|2|6|5169|3|2||7|07|||8|70.0|168|||2||||||||||||52UZPE01152001T47MT03EBS001H014552UZPE01152001T47MT03EBS001H0145F0145|52UZPE01152001T47MT03EBS001H014552UZPE01152001T47MT03EBS001H0145F0145CC98381834
3|533|LUZ|BERTILA|CARRERA|MORALES|CC|59815161|1970-06-12|2|2|6|5169|3|1||7|07|||8|65.0|165|||2||||||||||||52UZPE01152001T47MT03EBS001H015052UZPE01152001T47MT03EBS001H0150F0150|52UZPE01152001T47MT03EBS001H015052UZPE01152001T47MT03EBS001H0150F0150CC59815161
3|534|MARIA|ALEJANDRA|SANCHEZ|BETANCOURTH|CC|1143859140|1994-10-19|2|2|6|9998|3|5||7|07|||8|67.0|168|||2||||||||||||52UZPE01152001T47MT03EBS001H015152UZPE01152001T47MT03EBS001H0151F0151|52UZPE01152001T47MT03EBS001H015152UZPE01152001T47MT03EBS001H0151F0151CC1143859140
3|535|ASHLEY|SHARIT|MEJIA|SANCHEZ|TI|1111564119|2016-01-31|2|2|6|9998|3|1||8|07|||8|30.0|125|||2||||||||||||52UZPE01152001T47MT03EBS001H015152UZPE01152001T47MT03EBS001H0151F0151|52UZPE01152001T47MT03EBS001H015152UZPE01152001T47MT03EBS001H0151F0151TI1111564119
3|536|JUAN|ESTEBAN|SANCHEZ|BETANCOURTH|TI|1111558470|2014-03-21|1|2|6|9998|3|1||8|07|||8|35.0|132|||2||||||||||||52UZPE01152001T47MT03EBS001H015152UZPE01152001T47MT03EBS001H0151F0151|52UZPE01152001T47MT03EBS001H015152UZPE01152001T47MT03EBS001H0151F0151TI1111558470
3|537|XIMENA|ALEXANDRA|CARRERA|CRIOLLA|CC|1081272383|2004-01-17|2|2|6|9998|3|1||7|07|||8|54.0|154|||2||||||||||||52UZPE01152001T47MT03EBS001H015352UZPE01152001T47MT03EBS001H0153F0153|52UZPE01152001T47MT03EBS001H015352UZPE01152001T47MT03EBS001H0153F0153CC1081272383
3|538|LILIA|MILENA|CRIOLLO|ERASO|CC|59310595|1983-01-21|2|2|6|9998|3|1||7|07|||8|60.0|153|||2||||||||||||52UZPE01152001T47MT03EBS001H015352UZPE01152001T47MT03EBS001H0153F0153|52UZPE01152001T47MT03EBS001H015352UZPE01152001T47MT03EBS001H0153F0153CC59310595
3|539|WILMER|OLIMPO|MEJIA|CARDENAS|CC|1085923532|1993-07-31|1|2|6|5169|3|1||7|07|||8|65.0|167|||2||||||||||||52UZPE01152001T47MT03EBS001H015452UZPE01152001T47MT03EBS001H0154F0154|52UZPE01152001T47MT03EBS001H015452UZPE01152001T47MT03EBS001H0154F0154CC1085923532
3|540|BETTY|ORTEGA|MUNOZ|NA|CC|59818758|1972-03-14|2|2|6|5169|3|2||7|07|||8|60.0|155|||2||||||||||||52UZPE01152001T47MT03EBS001H015552UZPE01152001T47MT03EBS001H0155F0155|52UZPE01152001T47MT03EBS001H015552UZPE01152001T47MT03EBS001H0155F0155CC59818758
3|541|HUVER|NA|SANCHEZ|RAMIREZ|CC|98384859|1972-10-23|1|2|6|5169|3|2||7|07|||8|54.0|165|||2||||||||||||52UZPE01152001T47MT03EBS001H015552UZPE01152001T47MT03EBS001H0155F0155|52UZPE01152001T47MT03EBS001H015552UZPE01152001T47MT03EBS001H0155F0155CC98384859
3|542|MENA|PATRICIA|UNIGARRO|PATINO|CC|30738951|1966-05-21|2|2|6|9998|3|1||7|07|||8|67.0|150|||2||||||||||||52UZPE01152001T47MT03EBS001H015652UZPE01152001T47MT03EBS001H0156F0156|52UZPE01152001T47MT03EBS001H015652UZPE01152001T47MT03EBS001H0156F0156CC30738951
3|543|FIDELINA|NA|RAMIREZ|QUENORAN|CC|27191906|1946-02-01|2|2|6|9998|3|1||3|07|||8|45.0|144|||2||||||||||||52UZPE01152001T47MT03EBS001H015752UZPE01152001T47MT03EBS001H0157F0157|52UZPE01152001T47MT03EBS001H015752UZPE01152001T47MT03EBS001H0157F0157CC27191906
3|544|MARYULY|ALEXANDRA|ORTIZ|CRIOLLO|TI|1080048166|2006-12-15|2|2|6|9998|3|1||1|07|||8|55.0|155|||2||||||||||||52UZPE01152001T47MT03EBS001H015852UZPE01152001T47MT03EBS001H0158F0158|52UZPE01152001T47MT03EBS001H015852UZPE01152001T47MT03EBS001H0158F0158TI1080048166
3|545|JAIRO|HERNAN|JOJOA|ESTUPINAN|CC|12978015|1961-06-21|1|2|6|9998|3|1||3|07|||8|70.0|172|||2||||||||||||52UZPE01152001T47MT03EBS001H015852UZPE01152001T47MT03EBS001H0158F0158|52UZPE01152001T47MT03EBS001H015852UZPE01152001T47MT03EBS001H0158F0158CC12978015
3|546|YULLI|GIOVANNA|CRIOLLO|ROSERO|CC|37085169|1984-09-22|2|2|6|9998|3|1||7|07|||8|65.0|150|||2||||||||||||52UZPE01152001T47MT03EBS001H015852UZPE01152001T47MT03EBS001H0158F0158|52UZPE01152001T47MT03EBS001H015852UZPE01152001T47MT03EBS001H0158F0158CC37085169
3|547|MARIA|DOLORES|LOPEZ|NA|CC|59824159|1962-03-25|2|2|6|5169|3|1||3|07|||8|55.0|150|||2||||||||||||52UZPE01152001T47MT03EBS001H015952UZPE01152001T47MT03EBS001H0159F0159|52UZPE01152001T47MT03EBS001H015952UZPE01152001T47MT03EBS001H0159F0159CC59824159
3|548|YOLANDA|NA|SANTACRUZ|NA|CC|30733398|1961-10-13|2|2|6|9998|3|1||3|07|||8|60.0|150|||2||||||||||||52UZPE01152001T47MT03EBS001H016052UZPE01152001T47MT03EBS001H0160F0160|52UZPE01152001T47MT03EBS001H016052UZPE01152001T47MT03EBS001H0160F0160CC30733398
3|549|SINSAJOA|NA|ALFREDO|ADOLFO|CC|12971044|1959-05-28|1|2|6|5169|3|1||3|07|||8|15.5|57|||2||||||||||||52UZPE01152001T47MT03EBS001H016052UZPE01152001T47MT03EBS001H0160F0160|52UZPE01152001T47MT03EBS001H016052UZPE01152001T47MT03EBS001H0160F0160CC12971044
3|550|DAYANA|ALEJANDRA|CRIOLLO|ROSERO|CC|1193275945|2002-09-12|2|2|6|9998|3|1||7|07|||8|50.0|148|||2||||||||||||52UZPE01152001T47MT03EBS001H015252UZPE01152001T47MT03EBS001H0152F0152|52UZPE01152001T47MT03EBS001H015252UZPE01152001T47MT03EBS001H0152F0152CC1193275945
3|551|PAOLA|ANDREA|NAVARRO|PORTILLO|CC|1085251675|1986-06-08|2|2|6|9998|3|2||7|07|||8|75.0|160|||2||||||||||||52UZPE01152001T47MT03EBS001H016152UZPE01152001T47MT03EBS001H0161F0161|52UZPE01152001T47MT03EBS001H016152UZPE01152001T47MT03EBS001H0161F0161CC1085251675
3|552|WILLIAM|ALFREDO|TOBAR|CHAUCANES|CC|12746518|1978-10-28|1|2|6|5169|3|2||7|07|||8|75.0|165|||2||||||||||||52UZPE01152001T47MT03EBS001H016152UZPE01152001T47MT03EBS001H0161F0161|52UZPE01152001T47MT03EBS001H016152UZPE01152001T47MT03EBS001H0161F0161CC12746518
3|553|JAIDER|ANDRES|TOBAR|CHAUCANES|TI|1081061771|2014-11-11|1|2|6|9998|3|2||8|07|||1|22.0|113|||2||||||||||||52UZPE01152001T47MT03EBS001H016152UZPE01152001T47MT03EBS001H0161F0161|52UZPE01152001T47MT03EBS001H016152UZPE01152001T47MT03EBS001H0161F0161TI1081061771
3|554|MARIA|CAMILA|TOBAR|NAVARRO|TI|1081057650|2010-02-21|2|2|6|9998|3|2||1|07|||8|52.0|160|||2||||||||||||52UZPE01152001T47MT03EBS001H016152UZPE01152001T47MT03EBS001H0161F0161|52UZPE01152001T47MT03EBS001H016152UZPE01152001T47MT03EBS001H0161F0161TI1081057650
3|555|SEGUNDO|JUAN|GOMEZ|ROSERO|CC|12963577|1955-09-21|1|2|6|5169|3|1||3|07|||8|60.0|160|||2||||||||||||52UZPE01152001T47MT03EBS001H016252UZPE01152001T47MT03EBS001H0162F0162|52UZPE01152001T47MT03EBS001H016252UZPE01152001T47MT03EBS001H0162F0162CC12963577
3|556|EDISON|ANDRES|GOMEZ|ORTIZ|CC|1085245586|1985-12-01|1|2|6|5169|3|1||7|07|||8|60.0|170|||2||||||||||||52UZPE01152001T47MT03EBS001H016352UZPE01152001T47MT03EBS001H0163F0163|52UZPE01152001T47MT03EBS001H016352UZPE01152001T47MT03EBS001H0163F0163CC1085245586
3|557|ALBEIRO|VICENTE|RUIZ|GUAQUESPUD|CC|98136910|1981-05-03|1|2|6|9998|3|2||4|07|||1|65.0|165|||2||||||||||||52UZPE01152001T47MT03EBS001H016452UZPE01152001T47MT03EBS001H0164F0164|52UZPE01152001T47MT03EBS001H016452UZPE01152001T47MT03EBS001H0164F0164CC98136910
3|558|MARIA|DELPILAR|GUANCHA|RODRIGUEZ|CC|59834087|1969-11-15|2|2|6|9998|3|1||7|07|||8|56.0|157|||2||||||||||||52UZPE01152001T47MT03EBS001H016452UZPE01152001T47MT03EBS001H0164F0164|52UZPE01152001T47MT03EBS001H016452UZPE01152001T47MT03EBS001H0164F0164CC59834087
3|559|MARIA|SANTOS|TORO|GUTIERREZ|CC|27103247|1960-05-06|2|2|6|9998|3|1||3|07|||8|65.0|160|||2||||||||||||52UZPE01152001T47MT03EBS001H016552UZPE01152001T47MT03EBS001H0165F0165|52UZPE01152001T47MT03EBS001H016552UZPE01152001T47MT03EBS001H0165F0165CC27103247
3|560|JUAN|DAVID|ORTEGA|MARTINEZ|RC|1080071393|2020-10-30|1|2|6|9998|3|1||8|07|||8|16.0|103|||2||||||||||||52UZPE01152001T47MT03EBS001H016652UZPE01152001T47MT03EBS001H0166F0166|52UZPE01152001T47MT03EBS001H016652UZPE01152001T47MT03EBS001H0166F0166RC1080071393
3|561|NEYDI|LORENA|MARTINEZ|SOLARTE|CC|1004134728|2001-03-09|2|2|6|9998|3|1||7|07|||8|60.0|155|||2||||||||||||52UZPE01152001T47MT03EBS001H016652UZPE01152001T47MT03EBS001H0166F0166|52UZPE01152001T47MT03EBS001H016652UZPE01152001T47MT03EBS001H0166F0166CC1004134728
3|562|DAVID|SANTIAGO|CERON|JARAMILLO|TI|1081059243|2012-01-10|1|2|6|9998|3|1||1|07|||8|50.0|150|||2||||||||||||52UZPE01152001T47MT03EBS001H016752UZPE01152001T47MT03EBS001H0167F0167|52UZPE01152001T47MT03EBS001H016752UZPE01152001T47MT03EBS001H0167F0167TI1081059243
3|563|JOSE|MANUEL|RAMOS|SANCHEZ|TI|1029560097|2009-04-11|1|2|6|9998|3|1||1|07|||8|50.0|160|||2||||||||||||52UZPE01152001T47MT03EBS001H016752UZPE01152001T47MT03EBS001H0167F0167|52UZPE01152001T47MT03EBS001H016752UZPE01152001T47MT03EBS001H0167F0167TI1029560097
3|564|DIVERSON|BAIRON|MORENO|NOTIENE|TI|1089905702|2007-01-03|1|2|6|9998|3|1||1|07|||8|69.0|184|||2||||||||||||52UZPE01152001T47MT03EBS001H016752UZPE01152001T47MT03EBS001H0167F0167|52UZPE01152001T47MT03EBS001H016752UZPE01152001T47MT03EBS001H0167F0167TI1089905702
3|565|CRUZ|MARLENE|CUASPA|GRIJALBA|CC|30731720|1965-02-19|2|2|6|9510|3|1||7|07|||8|65.0|160|||2||||||||||||52UZPE01152001T47MT03EBS001H016752UZPE01152001T47MT03EBS001H0167F0167|52UZPE01152001T47MT03EBS001H016752UZPE01152001T47MT03EBS001H0167F0167CC30731720
3|566|LUZ|EMERITA|CRIOLLO|DEESPINOSA|CC|30716267|1947-01-10|2|2|6|9998|3|1||3|07|||8|51.0|145|||2||||||||||||52UZPE01152001T47MT03EBS001H016852UZPE01152001T47MT03EBS001H0168F0168|52UZPE01152001T47MT03EBS001H016852UZPE01152001T47MT03EBS001H0168F0168CC30716267
3|567|DARSY|AMANDA|ESPINOSA|CRIOLLO|CC|59313329|1981-09-21|2|2|6|9998|3|1||7|07|||8|60.0|154|||2||||||||||||52UZPE01152001T47MT03EBS001H016852UZPE01152001T47MT03EBS001H0168F0168|52UZPE01152001T47MT03EBS001H016852UZPE01152001T47MT03EBS001H0168F0168CC59313329
3|568|ALVARO|SERGIO|CORDOBA|SANTACRUZ|CC|12970921|1960-06-05|1|2|6|5169|3|2||3|07|||8|70.0|160|||2||||||||||||52UZPE01152001T47MT03EBS001H016952UZPE01152001T47MT03EBS001H0169F0169|52UZPE01152001T47MT03EBS001H016952UZPE01152001T47MT03EBS001H0169F0169CC12970921
3|569|MONICA|NOTIENE|CUASPA|GRIJALBA|CC|30737242|1961-12-05|2|2|6|9998|3|1||3|07|||8|65.0|160|||2||||||||||||52UZPE01152001T47MT03EBS001H016952UZPE01152001T47MT03EBS001H0169F0169|52UZPE01152001T47MT03EBS001H016952UZPE01152001T47MT03EBS001H0169F0169CC30737242
3|570|SEGUNDO|DAVID|GUEVARA|BASTIDAS|CC|12953215|1947-12-31|1|2|6|9998|3|1||3|07|||8|52.0|154|||2||||||||||||52UZPE01152001T47MT03EBS001H017152UZPE01152001T47MT03EBS001H0171F0171|52UZPE01152001T47MT03EBS001H017152UZPE01152001T47MT03EBS001H0171F0171CC12953215
3|571|AURA|TULIA|CUASQUER|O|CC|30701239|1949-02-12|2|2|6|9998|3|1||3|07|||8|61.0|140|||2||||||||||||52UZPE01152001T47MT03EBS001H017152UZPE01152001T47MT03EBS001H0171F0171|52UZPE01152001T47MT03EBS001H017152UZPE01152001T47MT03EBS001H0171F0171CC30701239
3|572|MARTHA|IRENE|ACHICANOY|JOJOA|CC|30704533|1954-01-28|2|2|6|9998|3|1||3|07|||8|65.0|160|||2||||||||||||52UZPE01152001T47MT03EBS001H017052UZPE01152001T47MT03EBS001H0170F0170|52UZPE01152001T47MT03EBS001H017052UZPE01152001T47MT03EBS001H0170F0170CC30704533
3|573|FABIO|CAMILO|SANTACRUZ|MALES|CC|1085330720|1996-07-02|1|2|6|9510|3|1||7|07|||8|63.0|166|||2||||||||||||52UZPE01152001T47MT03EBS001H017452UZPE01152001T47MT03EBS001H0174F0174|52UZPE01152001T47MT03EBS001H017452UZPE01152001T47MT03EBS001H0174F0174CC1085330720
3|574|ANGGIE|DANIELA|ACHICANOY|GUTIERRES|CC|1004410584|2002-02-14|2|2|6|9998|3|1||7|07|||8|56.0|156|||2||||||||||||52UZPE01152001T47MT03EBS001H017452UZPE01152001T47MT03EBS001H0174F0174|52UZPE01152001T47MT03EBS001H017452UZPE01152001T47MT03EBS001H0174F0174CC1004410584
3|575|GLENDA|NOTIENE|RUIZ|NOTIENE|CC|10229274|1968-09-06|2|2|6|9998|3|2||7|07|||8|87.0|167|||2||||||||||||52UZPE01152001T47MT03EBS001H017352UZPE01152001T47MT03EBS001H0173F0173|52UZPE01152001T47MT03EBS001H017352UZPE01152001T47MT03EBS001H0173F0173CC10229274
3|576|ALBA|MARLENE|LOPEZ|BASTIDAS|CC|3043463813|1961-05-19|2|2|6|9998|3|1||3|07|||8|51.0|148|||2||||||||||||52UZPE01152001T47MT03EBS001H017852UZPE01152001T47MT03EBS001H0178F0178|52UZPE01152001T47MT03EBS001H017852UZPE01152001T47MT03EBS001H0178F0178CC3043463813
3|577|JESIKA|PAOLA|JOJOA|LOPEZ|CC|1085298175|1992-07-07|2|2|6|9998|3|1||7|07|||8|60.0|160|||2||||||||||||52UZPE01152001T47MT03EBS001H017952UZPE01152001T47MT03EBS001H0179F0179|52UZPE01152001T47MT03EBS001H017952UZPE01152001T47MT03EBS001H0179F0179CC1085298175
3|578|LEINY|YISSEL|SALAZAR|JOJOA|TI|1080699675|2013-12-25|2|2|6|9998|3|1||8|07|||8|30.0|130|||2||||||||||||52UZPE01152001T47MT03EBS001H017952UZPE01152001T47MT03EBS001H0179F0179|52UZPE01152001T47MT03EBS001H017952UZPE01152001T47MT03EBS001H0179F0179TI1080699675
3|579|MARIA|JOSE|JOJOA|LOPEZ|TI|1080695791|2010-04-23|2|2|6|9998|3|1||1|07|||8|45.0|150|||2||||||||||||52UZPE01152001T47MT03EBS001H017952UZPE01152001T47MT03EBS001H0179F0179|52UZPE01152001T47MT03EBS001H017952UZPE01152001T47MT03EBS001H0179F0179TI1080695791
3|580|JOSR|JULIAN|QUIROZ|HERNANDEZ|CC|12751630|1982-04-22|1|2|6|9998|3|2||7|07|||8|77.0|174|||2||||||||||||52UZPE01152001T47MT03EBS001H018752UZPE01152001T47MT03EBS001H0187F0187|52UZPE01152001T47MT03EBS001H018752UZPE01152001T47MT03EBS001H0187F0187CC12751630
3|581|JUAN|JOSE|QUIROZ|CORDOBA|TI|1080054306|2009-02-14|1|2|6|9998|3|2||1|07|||8|77.0|178|||2||||||||||||52UZPE01152001T47MT03EBS001H018752UZPE01152001T47MT03EBS001H0187F0187|52UZPE01152001T47MT03EBS001H018752UZPE01152001T47MT03EBS001H0187F0187TI1080054306
3|582|YINA|MARISOL|GARCIA|DELGADO|TI|1030002436|2017-08-28|2|2|6|9998|3|1||8|07|||8|22.0|122|||2||||||||||||52UZPE01152001T47MT03EBS001H018852UZPE01152001T47MT03EBS001H0188F0188|52UZPE01152001T47MT03EBS001H018852UZPE01152001T47MT03EBS001H0188F0188TI1030002436
3|583|DORIS|LUCIA|DELGADO|LOPEZ|CC|1085277415|1989-10-15|2|2|6|9998|3|1||7|07|||8|57.0|155|||2||||||||||||52UZPE01152001T47MT03EBS001H018852UZPE01152001T47MT03EBS001H0188F0188|52UZPE01152001T47MT03EBS001H018852UZPE01152001T47MT03EBS001H0188F0188CC1085277415
3|584|TRANSITO|MARIELA|PORTILLO|ROJAS|CC|30714456|1956-11-04|2|2|6|9999|3|1||3|07|||8|47.0|150|||2||||||||||||52UZPE01152001T47MT03EBS001H018952UZPE01152001T47MT03EBS001H0189F0189|52UZPE01152001T47MT03EBS001H018952UZPE01152001T47MT03EBS001H0189F0189CC30714456
3|585|AURA|OLIVA|VALENCIA|DELGADO|CC|27455276|1958-06-20|2|2|6|9998|3|1||3|07|||8|62.0|156|||2||||||||||||52UZPE01152001T47MT03EBS001H019052UZPE01152001T47MT03EBS001H0190F0190|52UZPE01152001T47MT03EBS001H019052UZPE01152001T47MT03EBS001H0190F0190CC27455276
3|586|HUGO|ARTEMIO|ARTEAGA|NA|CC|13060978|1959-07-08|1|2|6|9998|3|2||3|07|||8|60.0|159|||2||||||||||||52UZPE01152001T47MT03EBS001H019152UZPE01152001T47MT03EBS001H0191F0191|52UZPE01152001T47MT03EBS001H019152UZPE01152001T47MT03EBS001H0191F0191CC13060978
3|587|MARIA|EDILMA|CADENA|GALINDES|CC|30718544|1946-09-27|2|2|6|9998|3|1||3|07|||8|59.0|150|||2||||||||||||52UZPE01152001T47MT03EBS001H019252UZPE01152001T47MT03EBS001H0192F0192|52UZPE01152001T47MT03EBS001H019252UZPE01152001T47MT03EBS001H0192F0192CC30718544
3|588|DAVID|ALEJANDRO|DELACRUZ|CANAR|CC|1193271801|2001-11-20|1|2|6|5169|3|2||7|07|||8|60.0|169|||2||||||||||||52UZPE01152001T47MT03EBS001H019352UZPE01152001T47MT03EBS001H0193F0193|52UZPE01152001T47MT03EBS001H019352UZPE01152001T47MT03EBS001H0193F0193CC1193271801
3|589|WILLIAM|EDMUNDO|PALACIOS|CAICEDO|CC|98395331|1975-07-16|1|2|6|9510|3|1||7|07|||8|60.0|170|||2||||||||||||52UZPE01152001T47MT03EBS001H019452UZPE01152001T47MT03EBS001H0194F0194|52UZPE01152001T47MT03EBS001H019452UZPE01152001T47MT03EBS001H0194F0194CC98395331
3|590|MARCELA|PATRICIA|HIGIDIO|MATABAJOY|CC|27091169|1975-09-19|2|2|6|9998|3|1||7|07|||8|65.0|152|||2||||||||||||52UZPE01152001T47MT03EBS001H019452UZPE01152001T47MT03EBS001H0194F0194|52UZPE01152001T47MT03EBS001H019452UZPE01152001T47MT03EBS001H0194F0194CC27091169
3|591|JULIANA|YAMILE|PALACIOS|HIGIDIO|CC|1080046482|2006-05-12|2|2|6|9998|3|1||7|07|||8|50.0|155|||2||||||||||||52UZPE01152001T47MT03EBS001H019452UZPE01152001T47MT03EBS001H0194F0194|52UZPE01152001T47MT03EBS001H019452UZPE01152001T47MT03EBS001H0194F0194CC1080046482
3|592|WILLIAM|DANIEL|PALACIOS|HIGIDIO|CC|1085308885|1993-11-20|1|2|6|5169|3|2||7|07|||8|70.0|176|||2||||||||||||52UZPE01152001T47MT03EBS001H019552UZPE01152001T47MT03EBS001H0195F0195|52UZPE01152001T47MT03EBS001H019552UZPE01152001T47MT03EBS001H0195F0195CC1085308885
3|593|DARWIN|DARIO|MUNOZ|PALACIOS|TI|1081286012|2016-09-26|1|2|6|9998|3|1||8|07|||8|30.0|125|||2||||||||||||52UZPE01152001T47MT03EBS001H019652UZPE01152001T47MT03EBS001H0196F0196|52UZPE01152001T47MT03EBS001H019652UZPE01152001T47MT03EBS001H0196F0196TI1081286012
3|594|ANGELA|KATERINE|PALACIOS|HIGIDIO|CC|1233193175|1998-11-01|2|2|6|9998|3|1||7|07|||8|66.0|155|||2||||||||||||52UZPE01152001T47MT03EBS001H019652UZPE01152001T47MT03EBS001H0196F0196|52UZPE01152001T47MT03EBS001H019652UZPE01152001T47MT03EBS001H0196F0196CC1233193175
3|595|GUSTAVO|ADOLFO|JOJOA|TRIVINO|CC|1085346303|1999-06-24|1|2|6|9998|3|1||7|07|||8|60.0|163|||2||||||||||||52UZPE01152001T47MT03EBS001H019652UZPE01152001T47MT03EBS001H0196F0196|52UZPE01152001T47MT03EBS001H019652UZPE01152001T47MT03EBS001H0196F0196CC1085346303
3|596|MARIA|ANTONY|RUMP|VILLOTA|CC|30706787|1954-03-01|2|2|6|9998|3|1||3|07|||8|73.0|155|||2||||||||||||52UZPE01152001T47MT03EBS001H019752UZPE01152001T47MT03EBS001H0197F0197|52UZPE01152001T47MT03EBS001H019752UZPE01152001T47MT03EBS001H0197F0197CC30706787
3|597|MARGOTHDEL|SOCORRO|RUMP|VILLOTA|CC|30718240|1955-03-09|2|2|6|9998|3|1||3|07|||8|60.0|153|||2||||||||||||52UZPE01152001T47MT03EBS001H019852UZPE01152001T47MT03EBS001H0198F0198|52UZPE01152001T47MT03EBS001H019852UZPE01152001T47MT03EBS001H0198F0198CC30718240
3|598|BEATRIZ|DELFINA|MABIZOY|NN|CC|30709560|1955-02-11|2|2|6|9998|3|1||7|07|||8|60.0|150|||2||||||||||||52UZPE01152001T47MT03EBS001H019952UZPE01152001T47MT03EBS001H0199F0199|52UZPE01152001T47MT03EBS001H019952UZPE01152001T47MT03EBS001H0199F0199CC30709560
3|599|CARLOS|ALEJANDRO|RIASCOS|EGAS|CC|1138524571|2005-11-24|1|2|6|9998|3|1||7|07|||8|65.0|166|||2||||||||||||52UZPE01152001T47MT03EBS001H020052UZPE01152001T47MT03EBS001H0200F0200|52UZPE01152001T47MT03EBS001H020052UZPE01152001T47MT03EBS001H0200F0200CC1138524571
3|600|ADRIANA|DELCARMEN|EGAS|MAVISOY|CC|36753764|1979-06-01|2|2|6|9510|3|1||7|07|||8|60.0|155|||2||||||||||||52UZPE01152001T47MT03EBS001H020052UZPE01152001T47MT03EBS001H0200F0200|52UZPE01152001T47MT03EBS001H020052UZPE01152001T47MT03EBS001H0200F0200CC36753764
3|601|JULIANA|MARIA|ROJAS|EGAS|TI|1080054401|2011-08-12|2|2|6|9998|3|1||1|07|||8|40.0|145|||2||||||||||||52UZPE01152001T47MT03EBS001H020052UZPE01152001T47MT03EBS001H0200F0200|52UZPE01152001T47MT03EBS001H020052UZPE01152001T47MT03EBS001H0200F0200TI1080054401
3|602|ROJAS|EGAS|JOSE|GABRIEL|TI|1080066667|2017-01-13|1|2|6|9998|3|1||8|07|||8|30.0|120|||2||||||||||||52UZPE01152001T47MT03EBS001H020052UZPE01152001T47MT03EBS001H0200F0200|52UZPE01152001T47MT03EBS001H020052UZPE01152001T47MT03EBS001H0200F0200TI1080066667
3|603|JHONATAN|JAVIER|BENAVIDES|GOMEZ|CC|1080042059|2004-09-26|1|2|6|9510|3|5||7|07|||8|65.0|168|||2||||||||||||52UZPE01152001T47MT03EBS001H014052UZPE01152001T47MT03EBS001H0140F0140|52UZPE01152001T47MT03EBS001H014052UZPE01152001T47MT03EBS001H0140F0140CC1080042059
3|604|BLANCA|ROVIRA|GOMEZ|SEGURA|CC|27532512|1958-11-20|2|2|6|9998|3|1||3|07|||8|68.0|170|||2||||||||||||52UZPE01152001T47MT03EBS001H014052UZPE01152001T47MT03EBS001H0140F0140|52UZPE01152001T47MT03EBS001H014052UZPE01152001T47MT03EBS001H0140F0140CC27532512
3|605|JUAN|CARLOS|BENAVIDES|JARAMILLO|CC|1085287597|1991-02-14|1|2|6|9510|3|1||7|07|||8|10.2|172|||2||||||||||||52UZPE01152001T47MT03EBS001H020152UZPE01152001T47MT03EBS001H0201F0201|52UZPE01152001T47MT03EBS001H020152UZPE01152001T47MT03EBS001H0201F0201CC1085287597
3|606|LUCIANA|SALOME|BENAVIDES|FAJARDO|RC|1080069766|2019-07-19|2|2|6|9998|3|1||8|07|||8|||||2||||||||||||52UZPE01152001T47MT03EBS001H020152UZPE01152001T47MT03EBS001H0201F0201|52UZPE01152001T47MT03EBS001H020152UZPE01152001T47MT03EBS001H0201F0201RC1080069766
3|607|PAOLA|FERNANDA|FAJARDO|CHAMORRO|CC|1085340940|2001-07-01|2|2|6|9998|3|1||7|07|||8|61.0|159|||2||||||||||||52UZPE01152001T47MT03EBS001H020152UZPE01152001T47MT03EBS001H0201F0201|52UZPE01152001T47MT03EBS001H020152UZPE01152001T47MT03EBS001H0201F0201CC1085340940
3|608|EDILMA|NOREGISTRO|FAJARDO|NOPRESENTA|CC|1061224388|1994-11-04|2|2|6|9998|3|5||7|07|||8|50.0|156|||2||||||||||||52UZPE01152001T47MT03EBS001H020352UZPE01152001T47MT03EBS001H0203F0203|52UZPE01152001T47MT03EBS001H020352UZPE01152001T47MT03EBS001H0203F0203CC1061224388
3|609|LINDA|VERONICA|CABRERA|NOPRESENTA|TI|1061223612|2011-08-15|2|2|6|9998|3|1||1|07|||8|45.0|158|||2||||||||||||52UZPE01152001T47MT03EBS001H020352UZPE01152001T47MT03EBS001H0203F0203|52UZPE01152001T47MT03EBS001H020352UZPE01152001T47MT03EBS001H0203F0203TI1061223612
3|610|LEONEL|ALEXIS|CABRERA|NOIDENTIFICO|TI|1080067027|2017-04-26|1|2|6|9998|3|1||8|07|||8|20.0|113|||2||||||||||||52UZPE01152001T47MT03EBS001H020352UZPE01152001T47MT03EBS001H0203F0203|52UZPE01152001T47MT03EBS001H020352UZPE01152001T47MT03EBS001H0203F0203TI1080067027
3|611|YULIETBRISBANY|BRISBANY|CHIRAN|BOTINA|TI|1081282806|2012-09-02|2|2|6|9998|3|1||1|07|||8|44.0|154|||2||||||||||||52UZPE01152001T47MT03EBS001H020452UZPE01152001T47MT03EBS001H0204F0204|52UZPE01152001T47MT03EBS001H020452UZPE01152001T47MT03EBS001H0204F0204TI1081282806
3|612|BRAYANFELIPE|BRAYAN|CHIRAN|BOTINA|TI|1081280960|2010-07-22|1|2|6|9998|3|1||1|07|||8|70.0|170|||2||||||||||||52UZPE01152001T47MT03EBS001H020452UZPE01152001T47MT03EBS001H0204F0204|52UZPE01152001T47MT03EBS001H020452UZPE01152001T47MT03EBS001H0204F0204TI1081280960
3|613|JORGE|OMERO|CHIRAN|OLIVA|CC|1089288538|1987-06-24|1|2|6|9510|3|1||7|07|||8|68.0|164|||2||||||||||||52UZPE01152001T47MT03EBS001H020452UZPE01152001T47MT03EBS001H0204F0204|52UZPE01152001T47MT03EBS001H020452UZPE01152001T47MT03EBS001H0204F0204CC1089288538
3|614|CLARA|ESPERANZA|BOTINA|CHICAIZA|CC|27146661|1984-01-04|2|2|6|9998|3|1||7|07|||8|77.0|152|||2||||||||||||52UZPE01152001T47MT03EBS001H020452UZPE01152001T47MT03EBS001H0204F0204|52UZPE01152001T47MT03EBS001H020452UZPE01152001T47MT03EBS001H0204F0204CC27146661
3|615|DANIASIRLEY|SIRLEY|BOTINA|CHICAIZA|CC|1081053892|2005-04-06|2|2|6|9998|3|1||7|07|||8|66.0|158|||2||||||||||||52UZPE01152001T47MT03EBS001H020452UZPE01152001T47MT03EBS001H0204F0204|52UZPE01152001T47MT03EBS001H020452UZPE01152001T47MT03EBS001H0204F0204CC1081053892
3|616|ROSA|MELIDA|TEPUD|NA|CC|30720973|1956-02-07|2|2|6|9998|3|1||3|07|||8|62.0|150|||2||||||||||||52UZPE01152001T47MT03EBS001H020552UZPE01152001T47MT03EBS001H0205F0205|52UZPE01152001T47MT03EBS001H020552UZPE01152001T47MT03EBS001H0205F0205CC30720973
3|617|CARLOS|ALBERTO|ACHICANOY|NA|CC|12958579|1951-08-08|1|2|6|9998|3|1||3|07|||8|68.0|167|||2||||||||||||52UZPE01152001T47MT03EBS001H020552UZPE01152001T47MT03EBS001H0205F0205|52UZPE01152001T47MT03EBS001H020552UZPE01152001T47MT03EBS001H0205F0205CC12958579
3|618|DAMARIS|SULEY|ACHICANOY|TEPUD|CC|1085306671|1993-07-17|2|2|6|9510|3|1||7|07|||8|60.0|160|||2||||||||||||52UZPE01152001T47MT03EBS001H020652UZPE01152001T47MT03EBS001H0206F0206|52UZPE01152001T47MT03EBS001H020652UZPE01152001T47MT03EBS001H0206F0206CC1085306671
3|619|JHOJAN|ANDRES|BOTINA|ACHICANOY|TI|1085319301|2013-03-02|1|2|6|9998|3|1||8|07|||8|40.0|140|||2||||||||||||52UZPE01152001T47MT03EBS001H020652UZPE01152001T47MT03EBS001H0206F0206|52UZPE01152001T47MT03EBS001H020652UZPE01152001T47MT03EBS001H0206F0206TI1085319301
3|620|GABRIEL|SEBASTIAN|BOTINA|ACHICANOY|TI|1085344460|2017-02-24|1|2|6|9998|3|1||8|07|||8|30.0|120|||2||||||||||||52UZPE01152001T47MT03EBS001H020652UZPE01152001T47MT03EBS001H0206F0206|52UZPE01152001T47MT03EBS001H020652UZPE01152001T47MT03EBS001H0206F0206TI1085344460
3|621|ROCIO|DELPILAR|ACHICANOY|TEPUD|CC|36953786|1981-01-27|2|2|6|5169|3|2||7|07|||8|59.0|156|||2||||||||||||52UZPE01152001T47MT03EBS001H020752UZPE01152001T47MT03EBS001H0207F0207|52UZPE01152001T47MT03EBS001H020752UZPE01152001T47MT03EBS001H0207F0207CC36953786
3|622|LAURA|SOFIA|GUAITARILLA|ACHICANOY|CC|1085262727|2005-11-22|2|2|6|9998|3|2||7|07|||8|58.0|155|||2||||||||||||52UZPE01152001T47MT03EBS001H020752UZPE01152001T47MT03EBS001H0207F0207|52UZPE01152001T47MT03EBS001H020752UZPE01152001T47MT03EBS001H0207F0207CC1085262727
3|623|DAYANA|CAROLINA|ACHICANOY|TEPUD|CC|1085306669|1993-07-13|2|2|6|5169|3|2||7|07|||8|56.0|159|||2||||||||||||52UZPE01152001T47MT03EBS001H020852UZPE01152001T47MT03EBS001H0208F0208|52UZPE01152001T47MT03EBS001H020852UZPE01152001T47MT03EBS001H0208F0208CC1085306669
3|624|JHOSELYN|GABRIELA|MAYA|ACHICANOY|TI|1085346185|2017-06-16|2|2|6|9998|3|2||8|07|||8|26.0|130|||2||||||||||||52UZPE01152001T47MT03EBS001H020852UZPE01152001T47MT03EBS001H0208F0208|52UZPE01152001T47MT03EBS001H020852UZPE01152001T47MT03EBS001H0208F0208TI1085346185
3|625|ESPERANZA|DEJESUS|ORTEGA|MALLAMA|CC|29549519|1956-06-30|2|2|6|9998|3|1||3|07|||8|60.0|154|||2||||||||||||52UZPE01152001T47MT03EBS001H020952UZPE01152001T47MT03EBS001H0209F0209|52UZPE01152001T47MT03EBS001H020952UZPE01152001T47MT03EBS001H0209F0209CC29549519
3|626|JOSE|ROBERTO|ROSERO|MUNOZ|CC|12952292|1945-06-15|1|2|6|9999|3|1||3|07|||8|60.0|170|||2||||||||||||52UZPE01152001T47MT03EBS001H020952UZPE01152001T47MT03EBS001H0209F0209|52UZPE01152001T47MT03EBS001H020952UZPE01152001T47MT03EBS001H0209F0209CC12952292
3|627|DAVID|ESTEBAN|ZAMUDIO|TUTISTAR|CC|1193271552|2001-10-10|1|2|6|5169|3|2||7|07|||8|68.0|165|||2||||||||||||52UZPE01152001T47MT03EBS001H021152UZPE01152001T47MT03EBS001H0211F0211|52UZPE01152001T47MT03EBS001H021152UZPE01152001T47MT03EBS001H0211F0211CC1193271552
3|628|KELLY|DAYAN|ZAMUDIO|TUTISTAR|CC|1004214212|2000-03-30|2|2|6|9622|3|1||7|07|||8|58.0|158|||2||||||||||||52UZPE01152001T47MT03EBS001H021052UZPE01152001T47MT03EBS001H0210F0210|52UZPE01152001T47MT03EBS001H021052UZPE01152001T47MT03EBS001H0210F0210CC1004214212
3|629|EMILY|JULIETH|ZAMUDIO|TUTISTAR|TI|1030002232|2017-03-25|2|2|6|9998|3|1||8|07|||8|19.0|111|||2||||||||||||52UZPE01152001T47MT03EBS001H021052UZPE01152001T47MT03EBS001H0210F0210|52UZPE01152001T47MT03EBS001H021052UZPE01152001T47MT03EBS001H0210F0210TI1030002232
3|630|GLADYS|LUCIA|ZAMBRANO|MORALES|CC|3183809196|1966-04-08|2|2|6|5169|3|2||7|07|||8|62.0|160|||2||||||||||||52UZPE01152001T47MT03EBS001H021252UZPE01152001T47MT03EBS001H0212F0212|52UZPE01152001T47MT03EBS001H021252UZPE01152001T47MT03EBS001H0212F0212CC3183809196
3|631|JAIRO|ABRAHAM|BUCHELI|SOLARTE|CC|12964199|1957-11-22|1|2|6|9510|3|2||3|07|||8|85.0|178|||2||||||||||||52UZPE01152001T47MT03EBS001H021252UZPE01152001T47MT03EBS001H0212F0212|52UZPE01152001T47MT03EBS001H021252UZPE01152001T47MT03EBS001H0212F0212CC12964199
3|632|LIZETH|ESTEFANIA|CRIOLLO|MORA|TI|1080065978|2016-06-28|2|2|6|9998|3|1||8|07|||8|20.0|114|||2||||||||||||52UZPE01152001T47MT03EBS001H021352UZPE01152001T47MT03EBS001H0213F0213|52UZPE01152001T47MT03EBS001H021352UZPE01152001T47MT03EBS001H0213F0213TI1080065978
3|633|CLAUDIA|MILENA|MORA|PEREZ|CC|36756906|1982-06-28|2|2|6|9998|3|1||7|07|||8|67.0|147|||2||||||||||||52UZPE01152001T47MT03EBS001H021352UZPE01152001T47MT03EBS001H0213F0213|52UZPE01152001T47MT03EBS001H021352UZPE01152001T47MT03EBS001H0213F0213CC36756906
3|634|KAREN|DAYANA|CRIOLLO|MORA|TI|1080055537|2009-09-13|2|2|6|9998|3|1||1|07|||8|62.0|160|||2||||||||||||52UZPE01152001T47MT03EBS001H021352UZPE01152001T47MT03EBS001H0213F0213|52UZPE01152001T47MT03EBS001H021352UZPE01152001T47MT03EBS001H0213F0213TI1080055537
3|635|AHIRTON|DONNER|CRIOLLO|RUEDA|CC|98390218|1974-07-02|1|2|6|9510|3|1||7|07|||8|78.0|164|||2||||||||||||52UZPE01152001T47MT03EBS001H021352UZPE01152001T47MT03EBS001H0213F0213|52UZPE01152001T47MT03EBS001H021352UZPE01152001T47MT03EBS001H0213F0213CC98390218
3|636|ANA|MILENA|MESA|QUINONES|CC|1085280876|1989-12-23|2|2|6|9998|3|1||7|07|||8|48.0|149|||2||||||||||||52UZPE01152001T47MT03EBS001H021452UZPE01152001T47MT03EBS001H0214F0214|52UZPE01152001T47MT03EBS001H021452UZPE01152001T47MT03EBS001H0214F0214CC1085280876
3|637|JOSE|ANIBAL|BASTIDAS|NA|CC|18146213|1980-07-22|1|2|6|9510|3|1||7|07|||8|70.0|172|||2||||||||||||52UZPE01152001T47MT03EBS001H021452UZPE01152001T47MT03EBS001H0214F0214|52UZPE01152001T47MT03EBS001H021452UZPE01152001T47MT03EBS001H0214F0214CC18146213
3|638|ALEXANDER|EDUARDO|CARRILLO|RUIZ|PT|7568070|2016-08-25|1|2|6|9998|3|1||8|07|||8|30.0|126|||2||||||||||||52UZPE01152001T47MT03EBS001H017252UZPE01152001T47MT03EBS001H0172F0172|52UZPE01152001T47MT03EBS001H017252UZPE01152001T47MT03EBS001H0172F0172PT7568070
3|639|JHON|BREINER|OSPINO|CRIOLLO|PT|7571305|2020-02-06|1|2|6|9998|3|1||8|07|||8|18.0|106|||2||||||||||||52UZPE01152001T47MT03EBS001H017252UZPE01152001T47MT03EBS001H0172F0172|52UZPE01152001T47MT03EBS001H017252UZPE01152001T47MT03EBS001H0172F0172PT7571305
3|640|EBRA|IMAR|CARRILLO|NOTIENE|CC|24499555|1995-10-13|2|2|6|9998|3|2||7|07|||8|83.0|162|||2||||||||||||52UZPE01152001T47MT03EBS001H017252UZPE01152001T47MT03EBS001H0172F0172|52UZPE01152001T47MT03EBS001H017252UZPE01152001T47MT03EBS001H0172F0172CC24499555
3|641|JUAN|CARLOS|PEREIRA|NOTIENE|PT|5793960|1974-11-05|1|2|6|9510|3|1||7|07|||8|89.0|174|||2||||||||||||52UZPE01152001T47MT03EBS001H017252UZPE01152001T47MT03EBS001H0172F0172|52UZPE01152001T47MT03EBS001H017252UZPE01152001T47MT03EBS001H0172F0172PT5793960
3|642|BERTHALIGIA|ESPERANZA|GELPUD|ESTRADA|CC|30708985|1948-07-11|2|2|6|9998|3|1||3|07|||8|45.0|146|||2||||||||||||52UZPE01152001T47MT03EBS001H021552UZPE01152001T47MT03EBS001H0215F0215|52UZPE01152001T47MT03EBS001H021552UZPE01152001T47MT03EBS001H0215F0215CC30708985
3|643|ANAMIREYA|MIREYA|MARTINEZ|OOO|CC|36754814|1979-06-22|2|2|6|9998|3|1||7|07|||8|60.0|158|||2||||||||||||52UZPE01152001T47MT03EBS001H021652UZPE01152001T47MT03EBS001H0216F0216|52UZPE01152001T47MT03EBS001H021652UZPE01152001T47MT03EBS001H0216F0216CC36754814
3|644|ALBA|LUCERO|OCAMPO|LOPEZ|CC|30714086|1959-06-07|2|2|6|9510|3|1||3|07|||8|70.0|155|||2||||||||||||52UZPE01152001T47MT03EBS001H021752UZPE01152001T47MT03EBS001H0217F0217|52UZPE01152001T47MT03EBS001H021752UZPE01152001T47MT03EBS001H0217F0217CC30714086
3|645|SARA|CATALINA|URBANO|OCAMPO|CC|1085343460|1998-11-24|2|2|6|9998|3|1||6|07|||8|70.0|160|||2||||||||||||52UZPE01152001T47MT03EBS001H021752UZPE01152001T47MT03EBS001H0217F0217|52UZPE01152001T47MT03EBS001H021752UZPE01152001T47MT03EBS001H0217F0217CC1085343460
3|646|ROCIO|DELCARMEN|CAMPANA|GUERRON|CC|37084556|1981-11-22|2|2|6|9998|3|1||7|07|||8|50.0|145|||2||||||||||||52UZPE01152001T47MT03EBS001H021852UZPE01152001T47MT03EBS001H0218F0218|52UZPE01152001T47MT03EBS001H021852UZPE01152001T47MT03EBS001H0218F0218CC37084556
3|647|FREDY|IGNACIO|LOPEZ|CADENA|CC|87061567|1982-01-01|1|2|6|9510|3|1||7|07|||8|68.0|162|||2||||||||||||52UZPE01152001T47MT03EBS001H021852UZPE01152001T47MT03EBS001H0218F0218|52UZPE01152001T47MT03EBS001H021852UZPE01152001T47MT03EBS001H0218F0218CC87061567
3|648|DILAN|ESTEBAN|CORDOBA|MENESES|TI|1084552751|2017-03-30|1|2|6|9998|3|1||8|07|||8|25.0|130|||2||||||||||||52UZPE01152001T47MT03EBS001H021952UZPE01152001T47MT03EBS001H0219F0219|52UZPE01152001T47MT03EBS001H021952UZPE01152001T47MT03EBS001H0219F0219TI1084552751
3|649|ANA|MARIA|CORDOBA|MENESES|CC|1089482847|1991-02-27|2|2|6|9510|3|1||7|07|||8|62.0|160|||2||||||||||||52UZPE01152001T47MT03EBS001H021952UZPE01152001T47MT03EBS001H0219F0219|52UZPE01152001T47MT03EBS001H021952UZPE01152001T47MT03EBS001H0219F0219CC1089482847
3|650|LUIS|ALBERTO|GOMEZ|YELA|CC|12977326|1962-12-22|1|2|6|9510|3|1||3|07|||3|60.0|168|||2||||||||||||52UZPE01152001T47MT03EBS001H022152UZPE01152001T47MT03EBS001H0221F0221|52UZPE01152001T47MT03EBS001H022152UZPE01152001T47MT03EBS001H0221F0221CC12977326
3|651|DORIS|CLAUDIA|FAJARDO|CERON|CC|59816348|1967-02-15|2|2|6|9622|3|1||7|07|||8|65.0|150|||2||||||||||||52UZPE01152001T47MT03EBS001H022152UZPE01152001T47MT03EBS001H0221F0221|52UZPE01152001T47MT03EBS001H022152UZPE01152001T47MT03EBS001H0221F0221CC59816348
3|652|MARIAJOSE|JOSE|ERAZO|DELGADO|CC|1080042583|2005-05-09|2|2|6|9998|3|2||7|07|||8|57.0|158|||2||||||||||||52UZPE01152001T47MT03EBS001H022052UZPE01152001T47MT03EBS001H0220F0220|52UZPE01152001T47MT03EBS001H022052UZPE01152001T47MT03EBS001H0220F0220CC1080042583
3|653|DANIELCALEB|CALEB|ERAZO|DELGADO|TI|1080061852|2013-03-10|1|2|6|9998|3|1||8|07|||8|36.0|142|||2||||||||||||52UZPE01152001T47MT03EBS001H022052UZPE01152001T47MT03EBS001H0220F0220|52UZPE01152001T47MT03EBS001H022052UZPE01152001T47MT03EBS001H0220F0220TI1080061852
3|654|YENNYNARCISA|NARCIZA|DELGADO|O|CC|36953304|1978-07-28|2|2|6|9998|3|1||7|07|||8|50.0|151|||2||||||||||||52UZPE01152001T47MT03EBS001H022052UZPE01152001T47MT03EBS001H0220F0220|52UZPE01152001T47MT03EBS001H022052UZPE01152001T47MT03EBS001H0220F0220CC36953304
3|655|CLARA|NUVIA|VILLOTA|MUNOZ|CC|30746576|1971-01-10|2|2|6|9998|3|2||7|07|||8|67.0|156|||2||||||||||||52UZPE01152001T47MT03EBS001H022252UZPE01152001T47MT03EBS001H0222F0222|52UZPE01152001T47MT03EBS001H022252UZPE01152001T47MT03EBS001H0222F0222CC30746576
3|656|BYRON|IVAN|INSUASTI|MORAN|CC|12999833|1971-01-10|1|2|6|9998|3|2||7|07|||8|70.0|170|||2||||||||||||52UZPE01152001T47MT03EBS001H022252UZPE01152001T47MT03EBS001H0222F0222|52UZPE01152001T47MT03EBS001H022252UZPE01152001T47MT03EBS001H0222F0222CC12999833
3|657|DILAN|SEBASTIAN|OVIEDO|CHAZATAR|TI|1086983019|2016-01-19|1|2|6|9998|3|1||8|07|||8|30.0|130|||2||||||||||||52UZPE01152001T47MT03EBS001H022352UZPE01152001T47MT03EBS001H0223F0223|52UZPE01152001T47MT03EBS001H022352UZPE01152001T47MT03EBS001H0223F0223TI1086983019
3|658|JOSE|PAULO|OVIEDO|SALCEDO|CC|87455532|1981-03-13|1|2|6|9510|3|1||7|07|||8|67.0|163|||2||||||||||||52UZPE01152001T47MT03EBS001H022352UZPE01152001T47MT03EBS001H0223F0223|52UZPE01152001T47MT03EBS001H022352UZPE01152001T47MT03EBS001H0223F0223CC87455532
3|659|DORIS|MARINA|CHAZATAR|GETIAL|CC|27456407|1982-07-13|2|2|6|5169|3|2||7|07|||8|60.0|153|||2||||||||||||52UZPE01152001T47MT03EBS001H022352UZPE01152001T47MT03EBS001H0223F0223|52UZPE01152001T47MT03EBS001H022352UZPE01152001T47MT03EBS001H0223F0223CC27456407
3|660|HIPOLITO|O|TUTISTAR|TELLO|CC|12953508|1949-06-14|1|2|6|9998|3|1||3|07|||8|68.0|170|||2||||||||||||52UZPE01152001T47MT03EBS001H022452UZPE01152001T47MT03EBS001H0224F0224|52UZPE01152001T47MT03EBS001H022452UZPE01152001T47MT03EBS001H0224F0224CC12953508
3|661|FRANCYYANETH|YANETH|TUTISTAR|DIAZ|CC|59836707|1976-07-18|1|2|6|9998|3|1||7|07|||8|51.0|150|||2||||||||||||52UZPE01152001T47MT03EBS001H022452UZPE01152001T47MT03EBS001H0224F0224|52UZPE01152001T47MT03EBS001H022452UZPE01152001T47MT03EBS001H0224F0224CC59836707
3|662|HECTORGUILLERMO|GUILLERMO|ZAMUDIO|O|CC|87303049|1977-02-15|1|2|6|9510|3|1||7|07|||8|60.0|161|||2||||||||||||52UZPE01152001T47MT03EBS001H022452UZPE01152001T47MT03EBS001H0224F0224|52UZPE01152001T47MT03EBS001H022452UZPE01152001T47MT03EBS001H0224F0224CC87303049
3|663|BLANCA|NUVIA|TUTISTARDIAZ|DIAZ|CC|36753458|1978-03-14|2|2|6|9998|3|1||7|07|||8|62.0|150|||2||||||||||||52UZPE01152001T47MT03EBS001H022452UZPE01152001T47MT03EBS001H0224F0224|52UZPE01152001T47MT03EBS001H022452UZPE01152001T47MT03EBS001H0224F0224CC36753458
3|664|WILLIAMSTIVEN|STIVEN|ERAZOMONCAYO|MONCAYO|CC|1004542963|2003-06-27|1|2|6|9622|3|1||7|07|||8|67.0|166|||2||||||||||||52UZPE01152001T47MT03EBS001H022552UZPE01152001T47MT03EBS001H0225F0225|52UZPE01152001T47MT03EBS001H022552UZPE01152001T47MT03EBS001H0225F0225CC1004542963
3|665|LUISORLANDO|ORLANDO|ERAZO|RIVAS|CC|5353996|1960-01-01|1|2|6|9510|3|1||3|07|||8|68.0|165|||2||||||||||||52UZPE01152001T47MT03EBS001H022552UZPE01152001T47MT03EBS001H0225F0225|52UZPE01152001T47MT03EBS001H022552UZPE01152001T47MT03EBS001H0225F0225CC5353996
3|666|MARIAORFA|ORFA|MONCAYO|QUINTERO|CC|27487151|1966-05-29|2|2|6|9998|3|1||7|07|||8|66.0|157|||2||||||||||||52UZPE01152001T47MT03EBS001H022552UZPE01152001T47MT03EBS001H0225F0225|52UZPE01152001T47MT03EBS001H022552UZPE01152001T47MT03EBS001H0225F0225CC27487151
3|667|LEIDYMARITZA|MARITZA|ESTRADAYANPUEZAN|YANPUEZAN|CC|1086980769|1987-10-22|2|2|6|5169|3|2||7|07|||8|61.0|157|||2||||||||||||52UZPE01152001T47MT03EBS001H022652UZPE01152001T47MT03EBS001H0226F0226|52UZPE01152001T47MT03EBS001H022652UZPE01152001T47MT03EBS001H0226F0226CC1086980769
3|668|ANDRESFELIPE|FELIPE|ROSEROESTRADA|ESTRADA|TI|1080053642|2008-09-14|1|2|6|9998|3|1||1|07|||8|62.0|166|||2||||||||||||52UZPE01152001T47MT03EBS001H022652UZPE01152001T47MT03EBS001H0226F0226|52UZPE01152001T47MT03EBS001H022652UZPE01152001T47MT03EBS001H0226F0226TI1080053642
3|669|JOHNMARLON|MARLON|ROSEROESTRADA|ESTRADA|TI|1080048462|2007-01-20|1|2|6|9998|3|1||1|07|||8|64.0|165|||2||||||||||||52UZPE01152001T47MT03EBS001H022652UZPE01152001T47MT03EBS001H0226F0226|52UZPE01152001T47MT03EBS001H022652UZPE01152001T47MT03EBS001H0226F0226TI1080048462
3|670|DILMADELSOCORRO|SOCORRO|YAMPUEZAN|O|CC|27455564|1956-05-20|2|2|6|9998|3|1||3|07|||8|56.0|153|||2||||||||||||52UZPE01152001T47MT03EBS001H022752UZPE01152001T47MT03EBS001H0227F0227|52UZPE01152001T47MT03EBS001H022752UZPE01152001T47MT03EBS001H0227F0227CC27455564
3|671|JANETHCLEMENCIA|CLEMENCIA|DAVIDFLOREZ|FLOREZ|CC|58311004|1982-07-27|2|2|6|9998|3|1||7|07|||8|63.0|157|||2||||||||||||52UZPE01152001T47MT03EBS001H022852UZPE01152001T47MT03EBS001H0228F0228|52UZPE01152001T47MT03EBS001H022852UZPE01152001T47MT03EBS001H0228F0228CC58311004
3|672|JORGEEDUARDO|EDUARDO|ZUTTAGOMEZ|GOMEZ|CC|98396268|1978-02-15|1|2|6|5169|3|2||7|07|||8|68.0|164|||2||||||||||||52UZPE01152001T47MT03EBS001H022852UZPE01152001T47MT03EBS001H0228F0228|52UZPE01152001T47MT03EBS001H022852UZPE01152001T47MT03EBS001H0228F0228CC98396268
3|673|DIEGO|ALEJANDRO|AGREDA|LOPEZ|CC|1085258652|1986-11-24|1|2|6|5169|3|1||7|07|||8|65.0|164|||2||||||||||||52UZPE01152001T47MT03EBS001H022952UZPE01152001T47MT03EBS001H0229F0229|52UZPE01152001T47MT03EBS001H022952UZPE01152001T47MT03EBS001H0229F0229CC1085258652
3|674|SANTIAGO|ALEJANDRO|AGREDA|PALOMINO|TI|1080700023|2014-05-11|1|2|6|9998|3|1||8|07|||8|32.0|130|||2||||||||||||52UZPE01152001T47MT03EBS001H022952UZPE01152001T47MT03EBS001H0229F0229|52UZPE01152001T47MT03EBS001H022952UZPE01152001T47MT03EBS001H0229F0229TI1080700023
3|675|CARMEN|ELENA|CORDOBA|NA|CC|59795658|1978-08-06|2|2|6|5169|3|2||7|07|||8|69.0|160|||2||||||||||||52UZPE01152001T47MT03EBS001H018652UZPE01152001T47MT03EBS001H0186F0186|52UZPE01152001T47MT03EBS001H018652UZPE01152001T47MT03EBS001H0186F0186CC59795658
3|676|ANDREA|DELSOCORRO|ESTRADA|REINA|CC|59829720|1974-08-20|2|2|6|9998|3|1||7|07|||8|63.0|155|||2||||||||||||52UZPE01152001T47MT03EBS001H023052UZPE01152001T47MT03EBS001H0230F0230|52UZPE01152001T47MT03EBS001H023052UZPE01152001T47MT03EBS001H0230F0230CC59829720
3|677|JOSE|MICENO|CUARAN|CORAL|CC|12978535|1959-01-17|1|2|6|9510|3|2||3|07|||8|70.0|168|||2||||||||||||52UZPE01152001T47MT03EBS001H023052UZPE01152001T47MT03EBS001H0230F0230|52UZPE01152001T47MT03EBS001H023052UZPE01152001T47MT03EBS001H0230F0230CC12978535
3|678|YEYLIN|CAROLINA|LEON|ESTRADA|CC|1004509904|2003-08-30|2|2|6|9998|3|1||7|07|||8|53.0|157|||2||||||||||||52UZPE01152001T47MT03EBS001H023052UZPE01152001T47MT03EBS001H0230F0230|52UZPE01152001T47MT03EBS001H023052UZPE01152001T47MT03EBS001H0230F0230CC1004509904
3|679|LUIS|HUMBERTO|REVELO|VILLOTA|CC|12970689|1960-01-10|1|2|6|9998|3|2||3|07|||8|88.0|166|||2||||||||||||52UZPE01152001T47MT03EBS001H023452UZPE01152001T47MT03EBS001H0234F0234|52UZPE01152001T47MT03EBS001H023452UZPE01152001T47MT03EBS001H0234F0234CC12970689
3|680|AULA|ESPERANZA|REINA|OJEDA|CC|30736240|1951-05-20|2|2|6|9998|3|2||3|07|||8|65.0|152|||2||||||||||||52UZPE01152001T47MT03EBS001H023152UZPE01152001T47MT03EBS001H0231F0231|52UZPE01152001T47MT03EBS001H023152UZPE01152001T47MT03EBS001H0231F0231CC30736240
3|681|ANA|GABRIELA|REINA|NA|CC|36951743|1983-12-31|2|2|6|9510|3|1||7|07|||8|55.0|150|||2||||||||||||52UZPE01152001T47MT03EBS001H023252UZPE01152001T47MT03EBS001H0232F0232|52UZPE01152001T47MT03EBS001H023252UZPE01152001T47MT03EBS001H0232F0232CC36951743
3|682|ERLINTO|RAMON|ORTEGA|NA|CC|87572324|1971-10-01|1|2|6|9998|3|5||7|07|||8|60.0|173|||2||||||||||||52UZPE01152001T47MT03EBS001H023752UZPE01152001T47MT03EBS001H0237F0237|52UZPE01152001T47MT03EBS001H023752UZPE01152001T47MT03EBS001H0237F0237CC87572324
3|683|MARIA|ISABEL|MENESES|MARTINEZ|CC|27201148|1961-06-17|2|2|6|9510|3|1||3|07|||1|66.0|165|||2||||||||||||52UZPE01152001T47MT03EBS001H023752UZPE01152001T47MT03EBS001H0237F0237|52UZPE01152001T47MT03EBS001H023752UZPE01152001T47MT03EBS001H0237F0237CC27201148
3|684|MARIANA|ABIGAIL|SARASTY|CRIOLLO|TI|1140214035|2016-03-13|2|2|6|9998|3|1||8|07|||8|35.0|129|||2||||||||||||52UZPE01152001T47MT03EBS001H023852UZPE01152001T47MT03EBS001H0238F0238|52UZPE01152001T47MT03EBS001H023852UZPE01152001T47MT03EBS001H0238F0238TI1140214035
3|685|HUGO|ANDRES|SARASTY|MESIAS|CC|98388727|1974-10-03|1|2|6|9510|3|1||7|07|||8|80.0|170|||2||||||||||||52UZPE01152001T47MT03EBS001H023852UZPE01152001T47MT03EBS001H0238F0238|52UZPE01152001T47MT03EBS001H023852UZPE01152001T47MT03EBS001H0238F0238CC98388727
3|686|ANA|MILENA|CRIOLLO|BASTIDAS|CC|36951442|1980-04-11|2|2|6|9998|3|1||7|07|||8|60.0|159|||2||||||||||||52UZPE01152001T47MT03EBS001H023852UZPE01152001T47MT03EBS001H0238F0238|52UZPE01152001T47MT03EBS001H023852UZPE01152001T47MT03EBS001H0238F0238CC36951442
3|687|MARIA|AURORA|ZUNIGA|POTOSI|CC|30716574|1954-09-18|2|2|6|9998|3|1||3|07|||8|50.0|138|||2||||||||||||52UZPE01152001T47MT03EBS001H023952UZPE01152001T47MT03EBS001H0239F0239|52UZPE01152001T47MT03EBS001H023952UZPE01152001T47MT03EBS001H0239F0239CC30716574
3|688|WILLIAM|ANDRES|ACOSTA|ZUNIGA|CC|87066001|1983-09-15|1|2|6|5169|3|2||7|07|||8|59.0|155|||2||||||||||||52UZPE01152001T47MT03EBS001H023952UZPE01152001T47MT03EBS001H0239F0239|52UZPE01152001T47MT03EBS001H023952UZPE01152001T47MT03EBS001H0239F0239CC87066001
3|689|ISLENI|CLARENA|TUMBAQUI|FAJARDO|CC|37085649|1984-11-26|2|2|6|5169|3|2||7|07|||8|74.0|163|||2||||||||||||52UZPE01152001T47MT03EBS001H024052UZPE01152001T47MT03EBS001H0240F0240|52UZPE01152001T47MT03EBS001H024052UZPE01152001T47MT03EBS001H0240F0240CC37085649
3|690|JUAN|DAVID|CHILITO|TUMBAQUI|TI|1080060831|2012-06-12|1|2|6|9998|3|2||1|07|||8|40.0|126|||2||||||||||||52UZPE01152001T47MT03EBS001H024052UZPE01152001T47MT03EBS001H0240F0240|52UZPE01152001T47MT03EBS001H024052UZPE01152001T47MT03EBS001H0240F0240TI1080060831
3|691|ROSA|FLORINDA|REYES|GUAITARILLA|CC|59823867|1974-02-17|2|2|6|9998|3|1||7|07|||8|56.0|151|||2||||||||||||52UZPE01152001T47MT03EBS001H024352UZPE01152001T47MT03EBS001H0243F0243|52UZPE01152001T47MT03EBS001H024352UZPE01152001T47MT03EBS001H0243F0243CC59823867
3|692|RUBI|EXNEDA|APONTE|MONSALVE|CC|60308725|1961-04-01|2|2|6|9998|3|2||3|07|||8|50.0|155|||2||||||||||||52UZPE01152001T47MT03EBS001H024452UZPE01152001T47MT03EBS001H0244F0244|52UZPE01152001T47MT03EBS001H024452UZPE01152001T47MT03EBS001H0244F0244CC60308725
3|693|LUISALIRIO|ALIRIO|NARVAEZGUERRERO|GUERRERO|CC|87473428|1973-03-11|1|2|6|5169|3|2||7|07|||8|67.0|164|||2||||||||||||52UZPE01152001T47MT03EBS001H023352UZPE01152001T47MT03EBS001H0233F0233|52UZPE01152001T47MT03EBS001H023352UZPE01152001T47MT03EBS001H0233F0233CC87473428
3|694|LADY|ROXANA|LOPEZ|DELACRUZ|CC|1080045746|2006-01-29|2|2|6|9510|3|1||7|07|||8|50.0|154|||2||||||||||||52UZPE01152001T47MT03EBS001H024552UZPE01152001T47MT03EBS001H0245F0245|52UZPE01152001T47MT03EBS001H024552UZPE01152001T47MT03EBS001H0245F0245CC1080045746
3|695|MARIA|PAULA|LOPEZ|DELACRUZ|CC|1004134351|1999-12-08|2|2|6|9510|3|1||7|07|||8|52.0|159|||2||||||||||||52UZPE01152001T47MT03EBS001H024552UZPE01152001T47MT03EBS001H0245F0245|52UZPE01152001T47MT03EBS001H024552UZPE01152001T47MT03EBS001H0245F0245CC1004134351
3|696|XIMENA|ROCIO|LOPEZ|DELACRUZ|CC|1233188473|1997-01-12|2|2|6|9510|3|1||7|07|||8|53.0|155|||2||||||||||||52UZPE01152001T47MT03EBS001H024552UZPE01152001T47MT03EBS001H0245F0245|52UZPE01152001T47MT03EBS001H024552UZPE01152001T47MT03EBS001H0245F0245CC1233188473
3|697|SEGUNDO|DANIEL|LOPEZ|LOPEZ|CC|98384593|1972-09-22|1|2|6|9510|3|1||7|07|||8|72.0|165|||2||||||||||||52UZPE01152001T47MT03EBS001H024552UZPE01152001T47MT03EBS001H0245F0245|52UZPE01152001T47MT03EBS001H024552UZPE01152001T47MT03EBS001H0245F0245CC98384593
3|698|NANCY|NN|DELACRUZ|MARTINEZ|CC|59823536|1974-01-06|2|2|6|9510|3|1||7|07|||8|50.0|147|||2||||||||||||52UZPE01152001T47MT03EBS001H024552UZPE01152001T47MT03EBS001H0245F0245|52UZPE01152001T47MT03EBS001H024552UZPE01152001T47MT03EBS001H0245F0245CC59823536
3|699|DAVID|SEBASTIAN|BRAVO|ROSERO|CC|1080040411|2004-02-09|1|2|6|9998|3|1||7|07|||8|54.0|163|||2||||||||||||52UZPE01152001T47MT03EBS001H024752UZPE01152001T47MT03EBS001H0247F0247|52UZPE01152001T47MT03EBS001H024752UZPE01152001T47MT03EBS001H0247F0247CC1080040411
3|700|NIVIA|SILVANA|ROSERO|NN|CC|59822610|1973-10-29|2|2|6|9998|3|1||7|07|||8|60.0|160|||2||||||||||||52UZPE01152001T47MT03EBS001H024752UZPE01152001T47MT03EBS001H0247F0247|52UZPE01152001T47MT03EBS001H024752UZPE01152001T47MT03EBS001H0247F0247CC59822610
3|701|MARIA|JOSE|ROSERO|FLOREZ|TI|1085321849|2013-06-20|2|2|6|9998|3|1||8|07|||8|30.0|140|||2||||||||||||52UZPE01152001T47MT03EBS001H024852UZPE01152001T47MT03EBS001H0248F0248|52UZPE01152001T47MT03EBS001H024852UZPE01152001T47MT03EBS001H0248F0248TI1085321849
3|702|AIDA|LUCY|FLOREZ|DOMINGUEZ|CC|37083407|1982-05-04|2|2|6|9510|3|1||7|07|||8|52.0|142|||2||||||||||||52UZPE01152001T47MT03EBS001H024852UZPE01152001T47MT03EBS001H0248F0248|52UZPE01152001T47MT03EBS001H024852UZPE01152001T47MT03EBS001H0248F0248CC37083407
3|703|SARAVALENTINA|VALENTINA|ERAZOCARVAJAL|CARVAJAL|RC|1080070570|2020-03-27|2|2|6|9998|3|1||8|07|||8|||||2||||||||||||52UZPE01152001T47MT03EBS001H024952UZPE01152001T47MT03EBS001H0249F0249|52UZPE01152001T47MT03EBS001H024952UZPE01152001T47MT03EBS001H0249F0249RC1080070570
3|704|WILSONORLANDO|ORLANDO|ERAZOMONCAYO|MONCAYO|CC|1085264712|1987-12-03|1|2|6|9510|3|1||7|07|||8|68.0|163|||2||||||||||||52UZPE01152001T47MT03EBS001H024952UZPE01152001T47MT03EBS001H0249F0249|52UZPE01152001T47MT03EBS001H024952UZPE01152001T47MT03EBS001H0249F0249CC1085264712
3|705|DORAISABEL|ISABEL|CARVAJALORDONEZ|ORDONEZ|CC|1085267262|1988-04-08|2|2|6|9998|3|1||7|07|||8|62.0|166|||2||||||||||||52UZPE01152001T47MT03EBS001H024952UZPE01152001T47MT03EBS001H0249F0249|52UZPE01152001T47MT03EBS001H024952UZPE01152001T47MT03EBS001H0249F0249CC1085267262
3|706|SALOME|NN|QUISCUALTUD|MORENO|RC|1080706155|2019-02-28|2|2|6|9998|3|1||8|07|||8|||||2||||||||||||52UZPE01152001T47MT03EBS001H024652UZPE01152001T47MT03EBS001H0246F0246|52UZPE01152001T47MT03EBS001H024652UZPE01152001T47MT03EBS001H0246F0246RC1080706155
3|707|JENNY|ANDREA|MORENO|ROSERO|CC|1085279678|1990-02-26|2|2|6|9510|3|2||7|07|||8|53.0|150|||2||||||||||||52UZPE01152001T47MT03EBS001H024652UZPE01152001T47MT03EBS001H0246F0246|52UZPE01152001T47MT03EBS001H024652UZPE01152001T47MT03EBS001H0246F0246CC1085279678
3|708|SARHA|YINETH|QUIROZ|JARAMILLO|TI|1081281825|2012-06-26|2|2|6|9998|3|2||1|07|||8|38.0|140|||2||||||||||||52UZPE01152001T47MT03EBS001H025052UZPE01152001T47MT03EBS001H0250F0250|52UZPE01152001T47MT03EBS001H025052UZPE01152001T47MT03EBS001H0250F0250TI1081281825
3|709|CARLOS|DARIO|QUIROZ|CORAL|CC|87060377|1983-05-15|1|2|6|5169|3|2||7|07|||8|72.0|180|||2||||||||||||52UZPE01152001T47MT03EBS001H025052UZPE01152001T47MT03EBS001H0250F0250|52UZPE01152001T47MT03EBS001H025052UZPE01152001T47MT03EBS001H0250F0250CC87060377
3|710|MYRIAM|CRISTINA|JARAMILLO|ACOSTA|CC|59313478|1982-08-14|2|2|6|5169|3|2||7|07|||8|62.0|158|||2||||||||||||52UZPE01152001T47MT03EBS001H025052UZPE01152001T47MT03EBS001H0250F0250|52UZPE01152001T47MT03EBS001H025052UZPE01152001T47MT03EBS001H0250F0250CC59313478
3|711|LAURA|ISABEL|QUIROZ|JARAMILLO|TI|1081284213|2014-05-14|2|2|6|9998|3|2||8|07|||8|35.0|135|||2||||||||||||52UZPE01152001T47MT03EBS001H025052UZPE01152001T47MT03EBS001H0250F0250|52UZPE01152001T47MT03EBS001H025052UZPE01152001T47MT03EBS001H0250F0250TI1081284213
3|712|LUIS|EDUARDO|NARVAEZ|DELCASTILLO|CC|12981556|1963-12-18|1|2|6|9998|3|1||7|07|||8|72.0|170|||2||||||||||||52UZPE01152001T47MT03EBS001H025152UZPE01152001T47MT03EBS001H0251F0251|52UZPE01152001T47MT03EBS001H025152UZPE01152001T47MT03EBS001H0251F0251CC12981556
3|713|AYDE|MARIELA|ORDONEZ|NOGUERA|CC|30722196|1959-08-23|2|2|6|9998|3|1||7|07|||8|48.0|160|||2||||||||||||52UZPE01152001T47MT03EBS001H025152UZPE01152001T47MT03EBS001H0251F0251|52UZPE01152001T47MT03EBS001H025152UZPE01152001T47MT03EBS001H0251F0251CC30722196
3|714|JOAN|STEVEN|BERMUDEZ|MONCAYO|CC|1004625040|2002-09-02|1|2|6|9998|3|2||7|07|||8|68.0|170|||2||||||||||||52UZPE01152001T47MT03EBS001H025552UZPE01152001T47MT03EBS001H0255F0255|52UZPE01152001T47MT03EBS001H025552UZPE01152001T47MT03EBS001H0255F0255CC1004625040
3|715|OLGA|ELISA|MONCAYO|MARCILLO|CC|52065009|1971-10-21|2|2|6|9510|3|2||7|07|||8|59.0|153|||2||||||||||||52UZPE01152001T47MT03EBS001H025552UZPE01152001T47MT03EBS001H0255F0255|52UZPE01152001T47MT03EBS001H025552UZPE01152001T47MT03EBS001H0255F0255CC52065009
3|716|JORGE|NIXON|BERMUDEZ|MERA|CC|98389088|1974-10-27|1|2|6|5169|3|2||7|07|||8|70.0|169|||2||||||||||||52UZPE01152001T47MT03EBS001H025552UZPE01152001T47MT03EBS001H0255F0255|52UZPE01152001T47MT03EBS001H025552UZPE01152001T47MT03EBS001H0255F0255CC98389088
3|717|AURA|ELISA|VASQUEZ|NN|CC|27422338|1945-06-27|2|2|6|9998|3|1||3|07|||8|70.0|156|||2||||||||||||52UZPE01152001T47MT03EBS001H025652UZPE01152001T47MT03EBS001H0256F0256|52UZPE01152001T47MT03EBS001H025652UZPE01152001T47MT03EBS001H0256F0256CC27422338
3|718|MARIA|ROSA|RODRIGUEZ|NN|CC|27093463|1980-04-25|2|2|6|9510|3|1||7|07|||8|89.0|158|||2||||||||||||52UZPE01152001T47MT03EBS001H025752UZPE01152001T47MT03EBS001H0257F0257|52UZPE01152001T47MT03EBS001H025752UZPE01152001T47MT03EBS001H0257F0257CC27093463
3|719|ANGELA|DANIELA|CORTES|RODRIGUEZ|CC|1233188998|1997-03-18|2|2|6|5169|3|2||7|07|||8|80.0|164|||2||||||||||||52UZPE01152001T47MT03EBS001H025752UZPE01152001T47MT03EBS001H0257F0257|52UZPE01152001T47MT03EBS001H025752UZPE01152001T47MT03EBS001H0257F0257CC1233188998
3|720|JOSE|RAUL|CORTES|GRANDA|CC|14944606|1947-04-07|1|2|6|9510|3|1||3|07|||8|89.0|165|||2||||||||||||52UZPE01152001T47MT03EBS001H025752UZPE01152001T47MT03EBS001H0257F0257|52UZPE01152001T47MT03EBS001H025752UZPE01152001T47MT03EBS001H0257F0257CC14944606
3|721|PATRICIA|MARLESBY|HINESTROZA|ROSERO|CC|59796153|1979-05-09|2|2|6|5169|3|2||7|07|||8|82.7|160|||2||||||||||||52UZPE01152001T47MT03EBS001H025852UZPE01152001T47MT03EBS001H0258F0258|52UZPE01152001T47MT03EBS001H025852UZPE01152001T47MT03EBS001H0258F0258CC59796153
3|722|FRANCISCO|JAVIER|TAPIA|MELO|CC|87454039|1976-05-01|1|2|6|5169|3|2||7|07|||8|95.0|176|||2||||||||||||52UZPE01152001T47MT03EBS001H025852UZPE01152001T47MT03EBS001H0258F0258|52UZPE01152001T47MT03EBS001H025852UZPE01152001T47MT03EBS001H0258F0258CC87454039
3|723|JUAN|FRANCISCO|TAPIA|HINESTROZA|RC|1030003998|2023-05-09|1|2|6|9998|3|2||8|07|||8|||||2||||||||||||52UZPE01152001T47MT03EBS001H025852UZPE01152001T47MT03EBS001H0258F0258|52UZPE01152001T47MT03EBS001H025852UZPE01152001T47MT03EBS001H0258F0258RC1030003998
3|724|ISABELLA|NN|TAPIA|HINESTROZA|RC|1085338071|2015-12-18|2|2|6|9998|3|2||8|07|||8|30.0|123|||2||||||||||||52UZPE01152001T47MT03EBS001H025852UZPE01152001T47MT03EBS001H0258F0258|52UZPE01152001T47MT03EBS001H025852UZPE01152001T47MT03EBS001H0258F0258RC1085338071
3|725|ANGIE|VANESSA|SANTACRUZ|REYES|CC|1085315656|1994-09-20|2|2|6|9998|3|1||7|07|||8|70.0|160|||2||||||||||||52UZPE01152001T47MT03EBS001H025452UZPE01152001T47MT03EBS001H0254F0254|52UZPE01152001T47MT03EBS001H025452UZPE01152001T47MT03EBS001H0254F0254CC1085315656
3|726|WILSON|DAGUIN|ORTIZ|LOPEZ|CC|1086920058|1987-11-13|1|2|6|9510|3|1||7|07|||8|70.0|161|||2||||||||||||52UZPE01152001T47MT03EBS001H025452UZPE01152001T47MT03EBS001H0254F0254|52UZPE01152001T47MT03EBS001H025452UZPE01152001T47MT03EBS001H0254F0254CC1086920058
3|727|PAULA|VALENTINA|ORTIZ|SANTACRUZ|TI|1081063548|2016-07-17|2|2|6|9998|3|1||8|07|||8|29.0|125|||2||||||||||||52UZPE01152001T47MT03EBS001H025452UZPE01152001T47MT03EBS001H0254F0254|52UZPE01152001T47MT03EBS001H025452UZPE01152001T47MT03EBS001H0254F0254TI1081063548
3|728|MARIA|DELROSARIO|ROJAS|ESPANA|CC|27199476|1967-05-23|2|2|6|9998|3|1||7|07|||8|66.0|158|||2||||||||||||52UZPE01152001T47MT03EBS001H025952UZPE01152001T47MT03EBS001H0259F0259|52UZPE01152001T47MT03EBS001H025952UZPE01152001T47MT03EBS001H0259F0259CC27199476
3|729|MARINA|CECILIA|GUERRA|URTADO|CC|27199696|1974-06-04|2|2|6|9510|3|2||7|07|||8|65.0|147|||2||||||||||||52UZPE01152001T47MT03EBS001H026052UZPE01152001T47MT03EBS001H0260F0260|52UZPE01152001T47MT03EBS001H026052UZPE01152001T47MT03EBS001H0260F0260CC27199696
3|730|MIGUEL|ANGEL|GUZMAN|CEPEDA|CC|1081054768|2006-06-18|1|2|6|9998|3|1||7|07|||8|68.0|170|||2||||||||||||52UZPE01152001T47MT03EBS001H026152UZPE01152001T47MT03EBS001H0261F0261|52UZPE01152001T47MT03EBS001H026152UZPE01152001T47MT03EBS001H0261F0261CC1081054768
3|731|JORGE|ELIECER|GUZMAN|SINZA|CC|98393861|1974-06-15|1|2|6|9510|3|1||7|07|||8|74.0|163|||2||||||||||||52UZPE01152001T47MT03EBS001H026152UZPE01152001T47MT03EBS001H0261F0261|52UZPE01152001T47MT03EBS001H026152UZPE01152001T47MT03EBS001H0261F0261CC98393861
3|732|LIDIA|ESPERANZA|CEPEDA|PERENGUEZ|CC|59825105|1973-12-19|2|2|6|9510|3|1||7|07|||8|60.0|153|||2||||||||||||52UZPE01152001T47MT03EBS001H026152UZPE01152001T47MT03EBS001H0261F0261|52UZPE01152001T47MT03EBS001H026152UZPE01152001T47MT03EBS001H0261F0261CC59825105
3|733|DIANA|SOFIA|GUZMAN|CEPEDA|CC|1081052440|2004-01-26|2|2|6|9998|3|1||7|07|||8|55.0|160|||2||||||||||||52UZPE01152001T47MT03EBS001H026252UZPE01152001T47MT03EBS001H0262F0262|52UZPE01152001T47MT03EBS001H026252UZPE01152001T47MT03EBS001H0262F0262CC1081052440
3|734|ADRIANA|ISABEL|BARRIOS|BENAVIDEZ|TI|1089847336|2014-01-22|2|2|6|9998|3|1||8|07|||8|47.0|146|||2||||||||||||52UZPE01152001T47MT03EBS001H026552UZPE01152001T47MT03EBS001H0265F0265|52UZPE01152001T47MT03EBS001H026552UZPE01152001T47MT03EBS001H0265F0265TI1089847336
3|735|DAIRO|ESTIBEN|BARRIOS|BENAVIDEZ|RC|1033502758|2019-10-30|1|2|6|9998|3|1||8|07|||8|||||2||||||||||||52UZPE01152001T47MT03EBS001H026552UZPE01152001T47MT03EBS001H0265F0265|52UZPE01152001T47MT03EBS001H026552UZPE01152001T47MT03EBS001H0265F0265RC1033502758
3|736|LILIANA|ESPERANZA|BENAVIDEZ|CERON|CC|1089845148|1988-06-14|2|2|6|9510|3|1||7|07|||8|63.0|153|||2||||||||||||52UZPE01152001T47MT03EBS001H026552UZPE01152001T47MT03EBS001H0265F0265|52UZPE01152001T47MT03EBS001H026552UZPE01152001T47MT03EBS001H0265F0265CC1089845148
3|737|SANDRA|DELPILAR|PEREZ|FUGUEROA|CC|30734725|1984-01-01|2|2|6|9510|3|2||7|07|||8|63.0|165|||2||||||||||||52UZPE01152001T47MT03EBS001H026952UZPE01152001T47MT03EBS001H0269F0269|52UZPE01152001T47MT03EBS001H026952UZPE01152001T47MT03EBS001H0269F0269CC30734725
3|738|JAIME|ARTURO|RIASCOS|NARVAEZ|CC|12994435|1968-01-24|1|2|6|5169|3|2||7|07|||8|70.0|175|||2||||||||||||52UZPE01152001T47MT03EBS001H026952UZPE01152001T47MT03EBS001H0269F0269|52UZPE01152001T47MT03EBS001H026952UZPE01152001T47MT03EBS001H0269F0269CC12994435
3|739|SAMANTHA|SALOME|ADRADA|RIASCOS|RC|1080706720|2019-09-03|2|2|6|9998|3|1||8|07|||8|||||2||||||||||||52UZPE01152001T47MT03EBS001H027152UZPE01152001T47MT03EBS001H0271F0271|52UZPE01152001T47MT03EBS001H027152UZPE01152001T47MT03EBS001H0271F0271RC1080706720
3|740|ANGELICA|NAYARA|CARDENAS|RIASCOS|RC|1233195350|2022-05-05|2|2|6|9998|3|1||8|07|||8|||||2||||||||||||52UZPE01152001T47MT03EBS001H027152UZPE01152001T47MT03EBS001H0271F0271|52UZPE01152001T47MT03EBS001H027152UZPE01152001T47MT03EBS001H0271F0271RC1233195350
3|741|DIANA|MARCELA|RIASCOS|PEREZ|CC|1085322833|1995-07-06|2|2|6|9510|3|1||7|07|||8|46.0|150|||2||||||||||||52UZPE01152001T47MT03EBS001H027152UZPE01152001T47MT03EBS001H0271F0271|52UZPE01152001T47MT03EBS001H027152UZPE01152001T47MT03EBS001H0271F0271CC1085322833
3|742|JUAN|CARLOS|PEREZ|FUGUEROA|CC|12992016|1966-10-23|1|2|6|9510|3|1||4|07|||1|71.0|170|||2||||||||||||52UZPE01152001T47MT03EBS001H027052UZPE01152001T47MT03EBS001H0270F0270|52UZPE01152001T47MT03EBS001H027052UZPE01152001T47MT03EBS001H0270F0270CC12992016
3|743|INGRID|CAMILA|RIVERA|ARMERO|CC|1085327971|1995-12-19|2|2|6|5169|3|2||7|07|||8|54.0|150|||2||||||||||||52UZPE01152001T47MT03EBS001H028152UZPE01152001T47MT03EBS001H0281F0281|52UZPE01152001T47MT03EBS001H028152UZPE01152001T47MT03EBS001H0281F0281CC1085327971
3|744|ALBERT|YAMIT|BOTINA|CALVACHE|CC|1085325857|1996-01-13|1|2|6|9510|3|1||7|07|||8|62.0|163|||2||||||||||||52UZPE01152001T47MT03EBS001H028152UZPE01152001T47MT03EBS001H0281F0281|52UZPE01152001T47MT03EBS001H028152UZPE01152001T47MT03EBS001H0281F0281CC1085325857
3|745|DILAN|YAMIT|BOTINA|RIVERA|TI|1080065350|2015-12-12|1|2|6|9998|3|2||8|07|||8|25.0|115|||2||||||||||||52UZPE01152001T47MT03EBS001H028152UZPE01152001T47MT03EBS001H0281F0281|52UZPE01152001T47MT03EBS001H028152UZPE01152001T47MT03EBS001H0281F0281TI1080065350
3|746|ERLIS|ROCIO|ORDONEZ|ERAZO|CC|59831556|1975-09-24|2|2|6|9998|3|1||7|07|||8|58.0|160|||2||||||||||||52UZPE01152001T47MT03EBS001H028252UZPE01152001T47MT03EBS001H0282F0282|52UZPE01152001T47MT03EBS001H028252UZPE01152001T47MT03EBS001H0282F0282CC59831556
3|747|JOHANA|SOFIA|BENAVIDES|ORDONEZ|CC|1233188925|1997-03-27|2|2|6|9998|3|1||7|07|||8|75.0|157|||2||||||||||||52UZPE01152001T47MT03EBS001H028352UZPE01152001T47MT03EBS001H0283F0283|52UZPE01152001T47MT03EBS001H028352UZPE01152001T47MT03EBS001H0283F0283CC1233188925
3|748|KHALESSY|ZADIE|GHAZAL|BENAVIDEZ|RC|1233195413|2022-10-15|2|2|6|9998|3|1||8|07|||8|||||2||||||||||||52UZPE01152001T47MT03EBS001H028352UZPE01152001T47MT03EBS001H0283F0283|52UZPE01152001T47MT03EBS001H028352UZPE01152001T47MT03EBS001H0283F0283RC1233195413
3|749|OSCAR|ARBEY|PORTILLA|ORDONEZ|CC|1004634844|2000-11-05|1|2|6|9998|3|1||6|07|||8|70.0|160|||2||||||||||||52UZPE01152001T47MT03EBS001H028452UZPE01152001T47MT03EBS001H0284F0284|52UZPE01152001T47MT03EBS001H028452UZPE01152001T47MT03EBS001H0284F0284CC1004634844
3|750|AMPARO|LUCIA|LOPEZ|CHAVEZ|CC|27141773|1960-12-09|2|2|6|9998|3|1||3|07|||8|65.0|157|||2||||||||||||52UZPE01152001T47MT03EBS001H028552UZPE01152001T47MT03EBS001H0285F0285|52UZPE01152001T47MT03EBS001H028552UZPE01152001T47MT03EBS001H0285F0285CC27141773
3|751|JOSE|FRANCISCO|REYES|GUAITARILLA|CC|12986112|1965-12-05|1|2|6|9998|3|1||7|07|||8|70.0|157|||2||||||||||||52UZPE01152001T47MT03EBS001H028552UZPE01152001T47MT03EBS001H0285F0285|52UZPE01152001T47MT03EBS001H028552UZPE01152001T47MT03EBS001H0285F0285CC12986112
3|752|YERSON|DEIBY|GERMAN|GELPUD|CC|1004217464|2001-02-23|1|2|6|9510|3|1||7|07|||8|67.0|184|||2||||||||||||52UZPE01152001T47MT03EBS001H028652UZPE01152001T47MT03EBS001H0286F0286|52UZPE01152001T47MT03EBS001H028652UZPE01152001T47MT03EBS001H0286F0286CC1004217464
3|753|WILLMER|ALEXANDER|CUASTUMAL|FLOREZ|CC|1085258233|1987-02-22|1|2|6|9510|3|2||7|07|||8|61.0|169|||2||||||||||||52UZPE01152001T47MT03EBS001H028752UZPE01152001T47MT03EBS001H0287F0287|52UZPE01152001T47MT03EBS001H028752UZPE01152001T47MT03EBS001H0287F0287CC1085258233
3|754|NANCY|ADRIANA|GONZALES|SOLARTE|CC|1087279905|1989-08-14|2|2|6|9998|3|2||7|07|||8|55.0|157|||2||||||||||||52UZPE01152001T47MT03EBS001H028752UZPE01152001T47MT03EBS001H0287F0287|52UZPE01152001T47MT03EBS001H028752UZPE01152001T47MT03EBS001H0287F0287CC1087279905
3|755|NICOLE|KAROLINA|CRIOLLO|TELLO|TI|1080051440|2008-02-18|2|2|6|9998|3|1||1|07|||8|63.0|156|||2||||||||||||52UZPE01152001T47MT03EBS001H028852UZPE01152001T47MT03EBS001H0288F0288|52UZPE01152001T47MT03EBS001H028852UZPE01152001T47MT03EBS001H0288F0288TI1080051440
3|756|NORBEN|GIOVANY|CRIOLLO|RUEDA|CC|5206430|1976-10-13|1|2|6|9510|3|1||7|07|||8|90.0|164|||2||||||||||||52UZPE01152001T47MT03EBS001H028852UZPE01152001T47MT03EBS001H0288F0288|52UZPE01152001T47MT03EBS001H028852UZPE01152001T47MT03EBS001H0288F0288CC5206430
3|757|CARMEN|ALICIA|TELLO|ARTEAGA|CC|59837719|1977-03-07|2|2|6|9998|3|1||7|07|||8|62.0|152|||2||||||||||||52UZPE01152001T47MT03EBS001H028852UZPE01152001T47MT03EBS001H0288F0288|52UZPE01152001T47MT03EBS001H028852UZPE01152001T47MT03EBS001H0288F0288CC59837719
3|758|NATALY|SOFIA|CRIOLLO|TELLO|RC|1080068908|2018-09-06|2|2|6|9998|3|1||8|07|||8|63.0|156|||2||||||||||||52UZPE01152001T47MT03EBS001H028852UZPE01152001T47MT03EBS001H0288F0288|52UZPE01152001T47MT03EBS001H028852UZPE01152001T47MT03EBS001H0288F0288RC1080068908
3|759|GIOVANY|ALEXANDER|CRIOLLO|TELLO|CC|1004217094|2003-02-05|1|2|6|9510|3|1||7|07|||8|90.0|168|||2||||||||||||52UZPE01152001T47MT03EBS001H028952UZPE01152001T47MT03EBS001H0289F0289|52UZPE01152001T47MT03EBS001H028952UZPE01152001T47MT03EBS001H0289F0289CC1004217094
3|760|YURLEY|ANDREINA|ESPINOZA|APONTE|CC|1085257196|1986-09-22|2|2|6|9510|3|1||7|07|||8|75.0|159|||2||||||||||||52UZPE01152001T47MT03EBS001H029052UZPE01152001T47MT03EBS001H0290F0290|52UZPE01152001T47MT03EBS001H029052UZPE01152001T47MT03EBS001H0290F0290CC1085257196
3|761|HECTOR|CAMILO|CADENA|RUBIO|CC|1085247281|1985-12-10|1|2|6|9510|3|2||7|07|||8|78.0|175|||2||||||||||||52UZPE01152001T47MT03EBS001H029052UZPE01152001T47MT03EBS001H0290F0290|52UZPE01152001T47MT03EBS001H029052UZPE01152001T47MT03EBS001H0290F0290CC1085247281
3|762|RAFAELA|CAMILA|CADENA|ESPINOZA|RC|1081068060|2022-08-15|2|2|6|9998|3|1||8|07|||8|||||2||||||||||||52UZPE01152001T47MT03EBS001H029052UZPE01152001T47MT03EBS001H0290F0290|52UZPE01152001T47MT03EBS001H029052UZPE01152001T47MT03EBS001H0290F0290RC1081068060
3|763|ANITA|ISABEL|CADENA|ESPINOZA|CC|1081053435|2004-12-08|2|2|6|9998|3|2||4|07|||1|75.0|172|||2||||||||||||52UZPE01152001T47MT03EBS001H029152UZPE01152001T47MT03EBS001H0291F0291|52UZPE01152001T47MT03EBS001H029152UZPE01152001T47MT03EBS001H0291F0291CC1081053435
3|764|ROSA|DELCARMEN|CABRERA|BURGOS|CC|59822137|1964-11-14|2|2|6|9998|3|1||7|07|||8|78.0|155|||2||||||||||||52UZPE01152001T47MT03EBS001H029252UZPE01152001T47MT03EBS001H0292F0292|52UZPE01152001T47MT03EBS001H029252UZPE01152001T47MT03EBS001H0292F0292CC59822137
3|765|SEGUNDO|GERARDO|CABRERA|NA|CC|12987914|1960-08-05|1|2|6|9510|3|1||3|07|||8|63.0|165|||2||||||||||||52UZPE01152001T47MT03EBS001H029252UZPE01152001T47MT03EBS001H0292F0292|52UZPE01152001T47MT03EBS001H029252UZPE01152001T47MT03EBS001H0292F0292CC12987914
3|766|CLAUDIA|PAOLA|CARRENO|CABRERA|CC|37082142|1982-04-23|2|2|6|9998|3|1||7|07|||8|45.0|151|||2||||||||||||52UZPE01152001T47MT03EBS001H029352UZPE01152001T47MT03EBS001H0293F0293|52UZPE01152001T47MT03EBS001H029352UZPE01152001T47MT03EBS001H0293F0293CC37082142
3|767|BLANCA|NIDIA|MARTINEZ|NA|CC|27088949|1975-08-09|2|2|6|9510|3|1||7|07|||8|68.0|156|||2||||||||||||52UZPE01152001T47MT03EBS001H029452UZPE01152001T47MT03EBS001H0294F0294|52UZPE01152001T47MT03EBS001H029452UZPE01152001T47MT03EBS001H0294F0294CC27088949
3|768|BLANCA|LIGIA|MARTINEZ|NA|CC|30709158|1948-01-28|2|2|6|9998|3|1||3|07|||8|45.0|150|||2||||||||||||52UZPE01152001T47MT03EBS001H029452UZPE01152001T47MT03EBS001H0294F0294|52UZPE01152001T47MT03EBS001H029452UZPE01152001T47MT03EBS001H0294F0294CC30709158
3|769|EVELYN|DAYANA|MORA|NOTIENE|TI|1080700213|2014-05-25|2|2|6|9998|3|1||8|07|||8|30.0|125|||2||||||||||||52UZPE01152001T47MT03EBS001H029552UZPE01152001T47MT03EBS001H0295F0295|52UZPE01152001T47MT03EBS001H029552UZPE01152001T47MT03EBS001H0295F0295TI1080700213
3|770|CLAUDIA|LORENA|MORA|NOTIEN|CC|1085309024|1992-10-09|2|2|6|9510|3|1||7|07|||8|47.0|145|||2||||||||||||52UZPE01152001T47MT03EBS001H029552UZPE01152001T47MT03EBS001H0295F0295|52UZPE01152001T47MT03EBS001H029552UZPE01152001T47MT03EBS001H0295F0295CC1085309024
3|771|LUIS|ANTONIO|PAZ|MARTINEZ|CC|12750429|1981-03-29|1|2|6|9510|3|1||7|07|||8|74.0|166|||2||||||||||||52UZPE01152001T47MT03EBS001H029652UZPE01152001T47MT03EBS001H0296F0296|52UZPE01152001T47MT03EBS001H029652UZPE01152001T47MT03EBS001H0296F0296CC12750429
3|772|ALBA|MARIAN|MALPUD|TORRES|CC|59836426|1977-03-08|2|2|6|9510|3|1||7|07|||8|65.0|150|||2||||||||||||52UZPE01152001T47MT03EBS001H029652UZPE01152001T47MT03EBS001H0296F0296|52UZPE01152001T47MT03EBS001H029652UZPE01152001T47MT03EBS001H0296F0296CC59836426
3|773|CRISTHIAN|JAIR|NARVAEZ|ORTEGA|CC|1010056261|2000-11-16|1|2|6|9998|3|1||7|07|||8|60.0|170|||2||||||||||||52UZPE01152001T47MT03EBS001H029852UZPE01152001T47MT03EBS001H0298F0298|52UZPE01152001T47MT03EBS001H029852UZPE01152001T47MT03EBS001H0298F0298CC1010056261
3|774|NELSY|MAGALY|ORTEGA|ERAZO|CC|36752082|1978-02-06|2|2|6|9510|3|1||7|07|||8|58.0|156|||2||||||||||||52UZPE01152001T47MT03EBS001H029852UZPE01152001T47MT03EBS001H0298F0298|52UZPE01152001T47MT03EBS001H029852UZPE01152001T47MT03EBS001H0298F0298CC36752082
3|775|HECTOR|AVELINO|GUERRA|NA|CC|87302640|1972-09-24|1|2|6|5169|3|2||7|07|||8|65.0|153|||2||||||||||||52UZPE01152001T47MT03EBS001H029752UZPE01152001T47MT03EBS001H0297F0297|52UZPE01152001T47MT03EBS001H029752UZPE01152001T47MT03EBS001H0297F0297CC87302640
3|776|CARMEN|ESPERANZA|ZAMBRANO|NA|CC|59123058|1972-07-24|2|2|6|9998|3|1||7|07|||8|62.0|148|||2||||||||||||52UZPE01152001T47MT03EBS001H029752UZPE01152001T47MT03EBS001H0297F0297|52UZPE01152001T47MT03EBS001H029752UZPE01152001T47MT03EBS001H0297F0297CC59123058
3|777|LUCIANA|NOTIENE|BENAVIDES|RODRIGUEZ|RC|1085348510|2018-06-20|2|2|6|9998|3|5||8|07|||8|30.0|120|||2||||||||||||52UZPE01152001T47MT03EBS001H029952UZPE01152001T47MT03EBS001H0299F0299|52UZPE01152001T47MT03EBS001H029952UZPE01152001T47MT03EBS001H0299F0299RC1085348510
3|778|HAVER|NOTIENE|BENAVIDES|RODRIGUEZ|CC|2771680|1983-12-19|1|2|6|5169|3|5||7|07|||8|75.0|178|||2||||||||||||52UZPE01152001T47MT03EBS001H029952UZPE01152001T47MT03EBS001H0299F0299|52UZPE01152001T47MT03EBS001H029952UZPE01152001T47MT03EBS001H0299F0299CC2771680
3|779|JENY|ALEXANDRA|RODRIGUEZ|ROSERO|CC|37086747|1984-12-15|2|2|6|9622|3|2||7|07|||8|57.0|158|||2||||||||||||52UZPE01152001T47MT03EBS001H029952UZPE01152001T47MT03EBS001H0299F0299|52UZPE01152001T47MT03EBS001H029952UZPE01152001T47MT03EBS001H0299F0299CC37086747
3|780|LIDUE|OLSY|SUAREZ|DIAZ|CC|6663877|1985-09-26|1|2|6|5169|3|2||7|07|||8|72.0|189|||2||||||||||||52UZPE01152001T47MT03EBS001H030052UZPE01152001T47MT03EBS001H0300F0300|52UZPE01152001T47MT03EBS001H030052UZPE01152001T47MT03EBS001H0300F0300CC6663877
3|781|FANNY|YANETH|TORRES|CANTUCA|CC|59821799|1982-06-01|2|2|6|5169|3|2||7|07|||8|68.0|152|||2||||||||||||52UZPE01152001T47MT03EBS001H030052UZPE01152001T47MT03EBS001H0300F0300|52UZPE01152001T47MT03EBS001H030052UZPE01152001T47MT03EBS001H0300F0300CC59821799
3|782|CARLOS|ANDRES|BENAVIDES|BASANTE|CC|1085255271|1987-06-06|1|2|6|5169|3|2||7|07|||8|70.0|169|||2||||||||||||52UZPE01152001T47MT03EBS001H030152UZPE01152001T47MT03EBS001H0301F0301|52UZPE01152001T47MT03EBS001H030152UZPE01152001T47MT03EBS001H0301F0301CC1085255271
3|783|EMILY|MELANIE|BENAVIDES|MEZA|CC|108919007|2003-11-03|2|2|6|9998|3|1||7|07|||8|65.0|173|||2||||||||||||52UZPE01152001T47MT03EBS001H030152UZPE01152001T47MT03EBS001H0301F0301|52UZPE01152001T47MT03EBS001H030152UZPE01152001T47MT03EBS001H0301F0301CC108919007
3|784|NATALIE|JULIETA|BENAVIDES|MEZA|CC|1089196254|2005-06-15|2|2|6|9998|3|2||7|07|||8|60.0|165|||2||||||||||||52UZPE01152001T47MT03EBS001H030152UZPE01152001T47MT03EBS001H0301F0301|52UZPE01152001T47MT03EBS001H030152UZPE01152001T47MT03EBS001H0301F0301CC1089196254
3|785|MARISELADELCARMEN|NA|LOPEZ|BASTIDAS|CC|59824344|1971-03-22|2|2|6|9510|3|1||7|07|||8|54.0|150|||2||||||||||||52UZPE01152001T47MT03EBS001H030352UZPE01152001T47MT03EBS001H0303F0303|52UZPE01152001T47MT03EBS001H030352UZPE01152001T47MT03EBS001H0303F0303CC59824344
3|786|MARIA|CAMILA|QUIROZ|GUERRA|RC|1089824082|2018-02-27|2|2|6|9998|3|1||8|07|||8|19.0|110|||2||||||||||||52UZPE01152001T47MT03EBS001H030452UZPE01152001T47MT03EBS001H0304F0304|52UZPE01152001T47MT03EBS001H030452UZPE01152001T47MT03EBS001H0304F0304RC1089824082
3|787|CARMEN|JOHANA|GUERRA|ZAMBRANO|CC|1086363067|1996-05-04|2|2|6|9510|3|1||7|07|||8|65.0|153|||2||||||||||||52UZPE01152001T47MT03EBS001H030452UZPE01152001T47MT03EBS001H0304F0304|52UZPE01152001T47MT03EBS001H030452UZPE01152001T47MT03EBS001H0304F0304CC1086363067
3|788|GLADYSDELCARMEN|NA|LOPEZ|MADRONERO|CC|27143805|1977-03-18|2|2|6|9510|3|1||7|07|||8|65.0|159|||2||||||||||||52UZPE01152001T47MT03EBS001H030552UZPE01152001T47MT03EBS001H0305F0305|52UZPE01152001T47MT03EBS001H030552UZPE01152001T47MT03EBS001H0305F0305CC27143805
3|789|WILSON|RAUL|TACAN|LOPEZ|CC|1085318157|1994-12-19|1|2|6|9510|3|1||7|07|||8|54.0|160|||2||||||||||||52UZPE01152001T47MT03EBS001H030552UZPE01152001T47MT03EBS001H0305F0305|52UZPE01152001T47MT03EBS001H030552UZPE01152001T47MT03EBS001H0305F0305CC1085318157
3|790|CAMILO|ANDRES|TACAN|LOPEZ|CC|1080047764|2006-10-19|1|2|6|9998|3|5||7|07|||8|60.0|170|||2||||||||||||52UZPE01152001T47MT03EBS001H030552UZPE01152001T47MT03EBS001H0305F0305|52UZPE01152001T47MT03EBS001H030552UZPE01152001T47MT03EBS001H0305F0305CC1080047764
3|791|GUILLERMO|LEON|LOPEZ|RUANO|CC|16243400|1949-06-19|1|2|6|9998|3|5||3|07|||8|67.0|164|||2||||||||||||52UZPE01152001T47MT03EBS001H030652UZPE01152001T47MT03EBS001H0306F0306|52UZPE01152001T47MT03EBS001H030652UZPE01152001T47MT03EBS001H0306F0306CC16243400
3|792|HAROLD|JOHN|VALLEJO|CAICEDO|CC|1085248776|1986-04-24|1|2|6|9510|3|1||7|07|||8|70.0|165|||2||||||||||||52UZPE01152001T47MT03EBS001H030752UZPE01152001T47MT03EBS001H0307F0307|52UZPE01152001T47MT03EBS001H030752UZPE01152001T47MT03EBS001H0307F0307CC1085248776
3|793|ALISON|TATIANA|VALLEJO|VILLOTA|TI|1030020498|2007-09-03|2|2|6|9998|3|1||1|07|||8|53.0|156|||2||||||||||||52UZPE01152001T47MT03EBS001H030752UZPE01152001T47MT03EBS001H0307F0307|52UZPE01152001T47MT03EBS001H030752UZPE01152001T47MT03EBS001H0307F0307TI1030020498
3|794|DIANA|MARCELA|VILLOTA|GALARZA|CC|37084046|1986-03-30|2|2|6|9510|3|1||7|07|||8|58.0|153|||2||||||||||||52UZPE01152001T47MT03EBS001H030752UZPE01152001T47MT03EBS001H0307F0307|52UZPE01152001T47MT03EBS001H030752UZPE01152001T47MT03EBS001H0307F0307CC37084046
3|795|JONATHAN|ALEJANDRO|VALLEJO|VILLOTA|CC|1080044628|2005-08-09|1|2|6|9998|3|1||7|07|||8|59.0|157|||2||||||||||||52UZPE01152001T47MT03EBS001H030752UZPE01152001T47MT03EBS001H0307F0307|52UZPE01152001T47MT03EBS001H030752UZPE01152001T47MT03EBS001H0307F0307CC1080044628
3|796|AYDA|YANED|TIMANA|CELIS|CC|69006247|1973-09-05|2|2|6|9510|3|1||7|07|||8|54.0|150|||2||||||||||||52UZPE01152001T47MT03EBS001H030852UZPE01152001T47MT03EBS001H0308F0308|52UZPE01152001T47MT03EBS001H030852UZPE01152001T47MT03EBS001H0308F0308CC69006247
3|797|NATHALIA|CAROLINA|GUERRERO|RIVAS|CC|37087231|1985-04-06|2|2|6|5169|3|2||7|07|||8|82.0|156|||2||||||||||||52UZPE01152001T47MT03EBS001H030952UZPE01152001T47MT03EBS001H0309F0309|52UZPE01152001T47MT03EBS001H030952UZPE01152001T47MT03EBS001H0309F0309CC37087231
3|798|MARIA|ANTOLINA|CHAMPUTIS|CHAMPUTIS|CC|27231757|1961-03-24|2|2|2|9510|2|1||3|07|||8|65.0|150|||2||||||||||||52UZPE01152001T47MT04EBS001H031252UZPE01152001T47MT04EBS001H0312F0312|52UZPE01152001T47MT04EBS001H031252UZPE01152001T47MT04EBS001H0312F0312CC27231757
3|799|GERMAN|LUCIO|QUETAMA|IGUA|CC|98370286|1966-12-07|1|2|2|9510|2|1||7|07|||8|58.0|150|||2||||||||||||52UZPE01152001T47MT04EBS001H031252UZPE01152001T47MT04EBS001H0312F0312|52UZPE01152001T47MT04EBS001H031252UZPE01152001T47MT04EBS001H0312F0312CC98370286
3|800|AIDA|NOAPLICA|BRAVO|LOPEZ|CC|30728302|1962-05-21|2|2|5|9999|2|1||3|07|||8|63.0|153|||2||||||||||||52UZPE01152001T47MT04EBS001H031452UZPE01152001T47MT04EBS001H0314F0314|52UZPE01152001T47MT04EBS001H031452UZPE01152001T47MT04EBS001H0314F0314CC30728302
3|801|LUIS|NOAPLICA|CALVSCHE|ESTACIO|CC|5379627|1965-08-15|1|2|1|5169|2|1||3|07|||8|58.0|160|||2||||||||||||52UZPE01152001T47MT04EBS001H031452UZPE01152001T47MT04EBS001H0314F0314|52UZPE01152001T47MT04EBS001H031452UZPE01152001T47MT04EBS001H0314F0314CC5379627
3|802|JUAQUIN|ESTEBAN|CALVACHE|BRAVO|CC|1085333305|1997-01-10|1|2|3|9510|7|1||7|07|||8|60.0|160|||2||||||||||||52UZPE01152001T47MT04EBS001H031452UZPE01152001T47MT04EBS001H0314F0314|52UZPE01152001T47MT04EBS001H031452UZPE01152001T47MT04EBS001H0314F0314CC1085333305
3|803|FRANCIS|HERNAN|GUERRERO|CALDERON|CC|12987224|1961-08-30|1|2|3|9510|3|1||3|07|||8|52.0|168|||2||||||||||||52UZPE01152001T47MT04EBS001H031052UZPE01152001T47MT04EBS001H0310F0310|52UZPE01152001T47MT04EBS001H031052UZPE01152001T47MT04EBS001H0310F0310CC12987224
3|804|RUTH|ESTELA|CALDERON|DEGUERRERO|CC|30701152|1941-10-21|2|2|5|9998|2|1||3|07|||1|39.0|150|||2||||||||||||52UZPE01152001T47MT04EBS001H031052UZPE01152001T47MT04EBS001H0310F0310|52UZPE01152001T47MT04EBS001H031052UZPE01152001T47MT04EBS001H0310F0310CC30701152
3|805|SANTIAGO|ALEXANDER|INCAPIE|LAZO|CC|1006557269|2003-04-12|1|2|6|9998|3|5||7|07|||8|10.0|183|||2||||||||||||52UZPE01152001T47MT04EBS001H031552UZPE01152001T47MT04EBS001H0315F0315|52UZPE01152001T47MT04EBS001H031552UZPE01152001T47MT04EBS001H0315F0315CC1006557269
3|806|MARIA|CONSUELO|MARTINEZ|NA|CC|27093692|1980-08-22|2|2|4|9998|7|1||7|07|||8|58.0|150|||2||||||||||||52UZPE01152001T47MT04EBS001H031552UZPE01152001T47MT04EBS001H0315F0315|52UZPE01152001T47MT04EBS001H031552UZPE01152001T47MT04EBS001H0315F0315CC27093692
3|807|YOLANDA|MARLENE|MUNOZ|LORZA|CC|30709989|1956-07-26|2|2|1|9998|2|1||3|07|||1|68.0|152|||2||||||||||||52UZPE01152001T47MT04EBS001H031852UZPE01152001T47MT04EBS001H0318F0318|52UZPE01152001T47MT04EBS001H031852UZPE01152001T47MT04EBS001H0318F0318CC30709989
3|808|NOHEMI|NOHEMI|MALLAMA|URBANO|CC|27142663|1965-08-29|2|2|5|9622|2|1||3|07|||8|55.0|150|||2||||||||||||52UZPE01152001T47MT04EBS001H031952UZPE01152001T47MT04EBS001H0319F0319|52UZPE01152001T47MT04EBS001H031952UZPE01152001T47MT04EBS001H0319F0319CC27142663
3|809|JESUS|ENRIQUE|ROSERO|MALLAMA|CC|1233193020|1999-01-27|1|2|3|9510|8|1||7|07|||8|60.0|165|||2||||||||||||52UZPE01152001T47MT04EBS001H031952UZPE01152001T47MT04EBS001H0319F0319|52UZPE01152001T47MT04EBS001H031952UZPE01152001T47MT04EBS001H0319F0319CC1233193020
3|810|JESUS|ERNESTO|CALVACHE|INSUASTY|CC|1004133755|2000-02-20|1|2|3|9510|5|1||7|07|||8|68.0|175|||2||||||||||||52UZPE01152001T47MT04EBS001H032252UZPE01152001T47MT04EBS001H0322F0322|52UZPE01152001T47MT04EBS001H032252UZPE01152001T47MT04EBS001H0322F0322CC1004133755
3|811|ERNESTO|NOAPLICA|CALVACHE|ESTACIO|CC|12986984|1966-02-20|1|2|1|9510|2|1||7|07|||8|80.0|166|||2||||||||||||52UZPE01152001T47MT04EBS001H032252UZPE01152001T47MT04EBS001H0322F0322|52UZPE01152001T47MT04EBS001H032252UZPE01152001T47MT04EBS001H0322F0322CC12986984
3|812|LIDIA|MERCEDES|INSUASTY|GUAITARILLA|CC|27548445|1965-09-23|2|2|2|9998|2|1||3|07|||8|79.0|158|||2||||||||||||52UZPE01152001T47MT04EBS001H032252UZPE01152001T47MT04EBS001H0322F0322|52UZPE01152001T47MT04EBS001H032252UZPE01152001T47MT04EBS001H0322F0322CC27548445
3|813|EDISON|ALEXANDER|PEJENDINO|ESPINOZA|CC|1081372056|2003-10-20|1|2|3|9998|5|5||7|07|||8|86.0|168|||2||||||||||||52UZPE01152001T47MT04EBS001H032352UZPE01152001T47MT04EBS001H0323F0323|52UZPE01152001T47MT04EBS001H032352UZPE01152001T47MT04EBS001H0323F0323CC1081372056
3|814|YEIMI|CAROLINA|PEJENDINO|ESPINOZA|TI|1080054450|2009-03-06|2|2|3|9998|3|1||1|07|||8|60.0|153|||2||||||||||||52UZPE01152001T47MT04EBS001H032352UZPE01152001T47MT04EBS001H0323F0323|52UZPE01152001T47MT04EBS001H032352UZPE01152001T47MT04EBS001H0323F0323TI1080054450
3|815|GLORIA|EMERITA|ESPINOZA|TARAPUES|CC|37084168|1983-07-11|2|2|1|9510|2|1||7|07|||8|81.0|149|||2||||||||||||52UZPE01152001T47MT04EBS001H032352UZPE01152001T47MT04EBS001H0323F0323|52UZPE01152001T47MT04EBS001H032352UZPE01152001T47MT04EBS001H0323F0323CC37084168
3|816|MARIAM|ANDREA|CALVACHE|INSUASTY|CC|59312718|1983-12-10|2|2|1|9510|2|1||7|07|||8|49.0|154|||2||||||||||||52UZPE01152001T47MT04EBS001H032052UZPE01152001T47MT04EBS001H0320F0320|52UZPE01152001T47MT04EBS001H032052UZPE01152001T47MT04EBS001H0320F0320CC59312718
3|817|BRAYAN|CAMILO|VILLOTA|CALVACHE|TI|1080060942|2012-07-10|1|2|3|9998|3|1||1|07|||8|28.0|159|||2||||||||||||52UZPE01152001T47MT04EBS001H032052UZPE01152001T47MT04EBS001H0320F0320|52UZPE01152001T47MT04EBS001H032052UZPE01152001T47MT04EBS001H0320F0320TI1080060942
3|818|SAMUEL|ALEXANDER|CALVACHE|CALVACHE|TI|1080060317|2019-01-09|1|2|3|9998|3|2||8|07|||8|23.0|121|||2||||||||||||52UZPE01152001T47MT04EBS001H032152UZPE01152001T47MT04EBS001H0321F0321|52UZPE01152001T47MT04EBS001H032152UZPE01152001T47MT04EBS001H0321F0321TI1080060317
3|819|GLORIA|MERCEDES|CALVACHE|INSUASTY|CC|1085259634|1987-07-10|2|2|1|5169|5|2||7|07|||8|62.0|157|||2||||||||||||52UZPE01152001T47MT04EBS001H032152UZPE01152001T47MT04EBS001H0321F0321|52UZPE01152001T47MT04EBS001H032152UZPE01152001T47MT04EBS001H0321F0321CC1085259634
3|820|PAULA|GERALDINE|BENAVIDES|BENAVIDES|CC|1233104579|1999-12-05|2|2|3|5169|7|2||7|07|||8|62.0|162|||2||||||||||||52UZPE01152001T47MT04EBS001H031352UZPE01152001T47MT04EBS001H0313F0313|52UZPE01152001T47MT04EBS001H031352UZPE01152001T47MT04EBS001H0313F0313CC1233104579
3|821|JESUS|DONALDO|ACOSTA|DIAZ|CC|98333126|1966-03-28|1|2|2|9510|2|1||7|07|||8|80.0|174|||2||||||||||||52UZPE01152001T47MT04EBS001H031352UZPE01152001T47MT04EBS001H0313F0313|52UZPE01152001T47MT04EBS001H031352UZPE01152001T47MT04EBS001H0313F0313CC98333126
3|822|MARTA|LUCIA|BENAVIDES|ROSERO|CC|59816|1970-08-27|2|2|5|9998|3|1||7|07|||8|63.8|150|||2||||||||||||52UZPE01152001T47MT04EBS001H031352UZPE01152001T47MT04EBS001H0313F0313|52UZPE01152001T47MT04EBS001H031352UZPE01152001T47MT04EBS001H0313F0313CC59816
3|823|YULIANA|CATHERINE|SOLARTE|MARTINEZ|CC|1004234793|2002-08-30|2|2|3|9998|5|2||7|07|||8|60.0|168|||2||||||||||||52UZPE01152001T47MT04EBS001H031752UZPE01152001T47MT04EBS001H0317F0317|52UZPE01152001T47MT04EBS001H031752UZPE01152001T47MT04EBS001H0317F0317CC1004234793
3|824|MILTON|EDMUNDO|SOLARTE|RODRIGUEZ|CC|98384904|1973-06-16|1|2|5|5169|2|2||7|07|||8|10.7|176|||2||||||||||||52UZPE01152001T47MT04EBS001H031752UZPE01152001T47MT04EBS001H0317F0317|52UZPE01152001T47MT04EBS001H031752UZPE01152001T47MT04EBS001H0317F0317CC98384904
3|825|MILTON|DAVID|SOLARTE|MARTINEZ|CC|1085326767|1995-01-05|1|2|3|9998|5|2||7|07|||8|70.0|181|||2||||||||||||52UZPE01152001T47MT04EBS001H031752UZPE01152001T47MT04EBS001H0317F0317|52UZPE01152001T47MT04EBS001H031752UZPE01152001T47MT04EBS001H0317F0317CC1085326767
3|826|SANDRA|MILENA|MARTINEZ|NA|CC|59828319|1974-08-21|2|2|5|5169|5|2||7|07|||8|55.0|154|||2||||||||||||52UZPE01152001T47MT04EBS001H031752UZPE01152001T47MT04EBS001H0317F0317|52UZPE01152001T47MT04EBS001H031752UZPE01152001T47MT04EBS001H0317F0317CC59828319
3|827|OLGA|LUCIA|BENAVIDES|GUERRERO|CC|59835693|1977-02-28|2|2|5|9998|5|1||7|07|||8|63.0|151|||2||||||||||||52UZPE01152001T47MT04EBS001H032752UZPE01152001T47MT04EBS001H0327F0327|52UZPE01152001T47MT04EBS001H032752UZPE01152001T47MT04EBS001H0327F0327CC59835693
3|828|PAOLA|ALEXANDRA|BENAVIDES|GUERRERO|CC|1193478446|1999-04-23|2|2|1|5169|5|2||7|07|||8|54.0|152|||2||||||||||||52UZPE01152001T47MT04EBS001H032852UZPE01152001T47MT04EBS001H0328F0328|52UZPE01152001T47MT04EBS001H032852UZPE01152001T47MT04EBS001H0328F0328CC1193478446
3|829|IKER|ALEXANDER|LEON|BENAVIDES|TI|1080069408|2019-03-02|1|2|3|9998|3|1||8|07|||8|19.0|106|||2||||||||||||52UZPE01152001T47MT04EBS001H032852UZPE01152001T47MT04EBS001H0328F0328|52UZPE01152001T47MT04EBS001H032852UZPE01152001T47MT04EBS001H0328F0328TI1080069408
3|830|ALISON|MAYERLY|BENAVIDES|GUERRERO|CC|1193485173|2001-07-27|2|1|2|9998|5|1||7|07|||8|78.0|154|||2||||||||||||52UZPE01152001T47MT04EBS001H032952UZPE01152001T47MT04EBS001H0329F0329|52UZPE01152001T47MT04EBS001H032952UZPE01152001T47MT04EBS001H0329F0329CC1193485173
3|831|NIXON|ORLANDO|BERMUDEZ|BOTINA|CC|1233188955|1997-04-18|1|2|1|9510|3|1||7|07|||8|80.0|160|||2||||||||||||52UZPE01152001T47MT04EBS001H032952UZPE01152001T47MT04EBS001H0329F0329|52UZPE01152001T47MT04EBS001H032952UZPE01152001T47MT04EBS001H0329F0329CC1233188955
3|832|SERVELINA|DELROSARIO|GUERRERO|DEBENAVIDES|CC|27077586|1946-05-26|2|2|1|9998|2|2||3|07|||8|52.0|135|||2||||||||||||52UZPE01152001T47MT04EBS001H033052UZPE01152001T47MT04EBS001H0330F0330|52UZPE01152001T47MT04EBS001H033052UZPE01152001T47MT04EBS001H0330F0330CC27077586
3|833|BLANCA|ALISIA|MONTANO|DECUATIS|CC|30706973|1951-08-14|2|2|2|9999|2|2||3|07|||8|57.0|153|||2||||||||||||52UZPE01152001T47MT04EBS001H033252UZPE01152001T47MT04EBS001H0332F0332|52UZPE01152001T47MT04EBS001H033252UZPE01152001T47MT04EBS001H0332F0332CC30706973
3|834|ALONSO|ENRRIQUE|CUATIS|NOAPLICA|CC|5196954|1941-07-14|1|2|1|9999|2|2||3|07|||2|68.0|150|||2||||||||||||52UZPE01152001T47MT04EBS001H033252UZPE01152001T47MT04EBS001H0332F0332|52UZPE01152001T47MT04EBS001H033252UZPE01152001T47MT04EBS001H0332F0332CC5196954
3|835|MERCEDES|MERCEDES|DIAZ|DEVILLAREAL|CC|27062494|1936-12-12|2|2|5|9998|13|1||3|07|||8|60.0|148|||2||||||||||||52UZPE01152001T47MT04EBS001H033652UZPE01152001T47MT04EBS001H0336F0336|52UZPE01152001T47MT04EBS001H033652UZPE01152001T47MT04EBS001H0336F0336CC27062494
3|836|LUIS|FELIPE|VILLAREAL|DIAZ|CC|16762878|1969-03-24|1|2|3|9510|4|1||7|07|||8|63.0|158|||2||||||||||||52UZPE01152001T47MT04EBS001H033652UZPE01152001T47MT04EBS001H0336F0336|52UZPE01152001T47MT04EBS001H033652UZPE01152001T47MT04EBS001H0336F0336CC16762878
3|837|ANGIE|PAOLA|TRUJILLO|JACOME|CC|1080046702|2006-06-08|2|2|5|9998|3|1||7|07|||8|67.0|154|||2||||||||||||52UZPE01152001T47MT04EBS001H033752UZPE01152001T47MT04EBS001H0337F0337|52UZPE01152001T47MT04EBS001H033752UZPE01152001T47MT04EBS001H0337F0337CC1080046702
3|838|LIAM|GABRIEL|CHAMPUTIS|TRUJILLO|RC|1080074913|2024-09-26|1|2|3|9998|3|1||8|07|||8|||||2||||||||||||52UZPE01152001T47MT04EBS001H033752UZPE01152001T47MT04EBS001H0337F0337|52UZPE01152001T47MT04EBS001H033752UZPE01152001T47MT04EBS001H0337F0337RC1080074913
3|839|RUBEN|ANDRES|MORENO|ROJAS|CC|1085260497|1996-09-05|1|2|3|5169|8|2||7|07|||8|86.0|179|||2||||||||||||52UZPE01152001T47MT04EBS001H033952UZPE01152001T47MT04EBS001H0339F0339|52UZPE01152001T47MT04EBS001H033952UZPE01152001T47MT04EBS001H0339F0339CC1085260497
3|840|HARRY|FERNEY|BENAVIDES|CEBALLOS|CC|1085338170|1998-01-02|1|2|3|9510|3|1||7|07|||8|67.0|168|||2||||||||||||52UZPE01152001T47MT04EBS001H034052UZPE01152001T47MT04EBS001H0340F0340|52UZPE01152001T47MT04EBS001H034052UZPE01152001T47MT04EBS001H0340F0340CC1085338170
3|841|MARIA|JANETH|CEBALLOS|ZAMBRANO|CC|30742943|1968-08-07|2|2|5|9998|4|1||7|07|||8|61.0|156|||2||||||||||||52UZPE01152001T47MT04EBS001H034052UZPE01152001T47MT04EBS001H0340F0340|52UZPE01152001T47MT04EBS001H034052UZPE01152001T47MT04EBS001H0340F0340CC30742943
3|842|NURY|VALERIA|BARRERA|BARRERA|CC|1085291070|1989-06-11|2|2|1|9510|2|1||7|07|||8|67.0|151|||2||||||||||||52UZPE01152001T47MT04EBS001H034452UZPE01152001T47MT04EBS001H0344F0344|52UZPE01152001T47MT04EBS001H034452UZPE01152001T47MT04EBS001H0344F0344CC1085291070
3|843|ZOE|ANTONELLA|PANTOJA|LOPEZ|RC|1080073345|2023-01-01|2|2|3|9998|3|1||8|07|||8|||||2||||||||||||52UZPE01152001T47MT04EBS001H034152UZPE01152001T47MT04EBS001H0341F0341|52UZPE01152001T47MT04EBS001H034152UZPE01152001T47MT04EBS001H0341F0341RC1080073345
3|844|EDISON|JAIR|PANTOJA|BARRERA|CC|1004190178|2000-01-27|1|2|5|9510|4|1||7|07|||8|87.0|167|||2||||||||||||52UZPE01152001T47MT04EBS001H034152UZPE01152001T47MT04EBS001H0341F0341|52UZPE01152001T47MT04EBS001H034152UZPE01152001T47MT04EBS001H0341F0341CC1004190178
3|845|DAMARIS|DAMARIS|LOPEZ|LOPEZ|CC|1004234494|2002-10-23|1|2|5|9998|3|1||7|07|||8|82.0|155|||2||||||||||||52UZPE01152001T47MT04EBS001H034152UZPE01152001T47MT04EBS001H0341F0341|52UZPE01152001T47MT04EBS001H034152UZPE01152001T47MT04EBS001H0341F0341CC1004234494
3|846|EDNA|YULIEHT|PANTOJA|CUASAPUD|CC|1006998155|2001-10-29|2|2|1|5169|9|2||7|07|||8|68.0|156|||2||||||||||||52UZPE01152001T47MT04EBS001H034752UZPE01152001T47MT04EBS001H0347F0347|52UZPE01152001T47MT04EBS001H034752UZPE01152001T47MT04EBS001H0347F0347CC1006998155
3|847|AIDA|ESTER|FAJARDO|CERON|CC|30731551|1955-01-14|2|2|3|9510|2|1||3|07|||8|82.0|155|||2||||||||||||52UZPE01152001T47MT04EBS001H034252UZPE01152001T47MT04EBS001H0342F0342|52UZPE01152001T47MT04EBS001H034252UZPE01152001T47MT04EBS001H0342F0342CC30731551
3|848|JAVIER|ARQUIMIDES|CALPA|QUETAMA|CC|12995622|1967-11-04|1|2|3|9510|5|1||7|07|||8|60.0|160|||2||||||||||||52UZPE01152001T47MT04EBS001H034852UZPE01152001T47MT04EBS001H0348F0348|52UZPE01152001T47MT04EBS001H034852UZPE01152001T47MT04EBS001H0348F0348CC12995622
3|849|ANA|MARIA|QUETAMA|DECALPA|CC|36970011|1948-08-02|2|2|1|9998|2|1||3|07|||8|55.0|153|||2||||||||||||52UZPE01152001T47MT04EBS001H034852UZPE01152001T47MT04EBS001H0348F0348|52UZPE01152001T47MT04EBS001H034852UZPE01152001T47MT04EBS001H0348F0348CC36970011
3|850|KAREN|LIZETH|GARCIA|MONCAYO|CC|1193255345|2001-04-28|2|2|3|9510|4|1||7|07|||8|65.0|157|||2||||||||||||52UZPE01152001T47MT04EBS001H034352UZPE01152001T47MT04EBS001H0343F0343|52UZPE01152001T47MT04EBS001H034352UZPE01152001T47MT04EBS001H0343F0343CC1193255345
3|851|ROSITA|ABIGAIL|GUERRERO|GARCIA|RC|1080072199|2021-08-18|2|2|6|9998|3|1||8|07|||8|||||2||||||||||||52UZPE01152001T47MT04EBS001H034352UZPE01152001T47MT04EBS001H0343F0343|52UZPE01152001T47MT04EBS001H034352UZPE01152001T47MT04EBS001H0343F0343RC1080072199
3|852|XIMENA|YANIRA|MONCAYO|BARRERA|CC|59311023|1983-05-29|2|2|5|9998|2|1||7|07|||8|92.0|157|||2||||||||||||52UZPE01152001T47MT04EBS001H034352UZPE01152001T47MT04EBS001H0343F0343|52UZPE01152001T47MT04EBS001H034352UZPE01152001T47MT04EBS001H0343F0343CC59311023
3|853|KAREN|GEOVANA|CADENA|CALPA|CC|1085334856|1997-03-28|2|2|3|5169|7|2||7|07|||8|58.0|154|||2||||||||||||52UZPE01152001T47MT04EBS001H034952UZPE01152001T47MT04EBS001H0349F0349|52UZPE01152001T47MT04EBS001H034952UZPE01152001T47MT04EBS001H0349F0349CC1085334856
3|854|RICHAR|NA|CADENA|CABRERA|CC|98382897|1971-06-02|1|2|5|9510|5|1||7|07|||8|87.0|167|||2||||||||||||52UZPE01152001T47MT04EBS001H034952UZPE01152001T47MT04EBS001H0349F0349|52UZPE01152001T47MT04EBS001H034952UZPE01152001T47MT04EBS001H0349F0349CC98382897
3|855|GRACIELA|DELCARMEN|CALPA|QUETAMA|CC|59819991|1971-02-20|2|2|5|9998|5|1||7|07|||8|60.0|152|||2||||||||||||52UZPE01152001T47MT04EBS001H034952UZPE01152001T47MT04EBS001H0349F0349|52UZPE01152001T47MT04EBS001H034952UZPE01152001T47MT04EBS001H0349F0349CC59819991
3|856|GABRIELA|SOFIA|YANPUEZAN|CARDENAS|TI|1080057111|2010-07-08|2|2|3|9998|3|2||1|07|||8|55.0|150|||2||||||||||||52UZPE01152001T47MT04EBS001H035052UZPE01152001T47MT04EBS001H0350F0350|52UZPE01152001T47MT04EBS001H035052UZPE01152001T47MT04EBS001H0350F0350TI1080057111
3|857|MARIELA|DELACOCEPCION|YANPUEZAN|CARDENAS|CC|36754175|1979-08-03|2|2|1|5169|5|2||7|07|||8|67.0|153|||2||||||||||||52UZPE01152001T47MT04EBS001H035052UZPE01152001T47MT04EBS001H0350F0350|52UZPE01152001T47MT04EBS001H035052UZPE01152001T47MT04EBS001H0350F0350CC36754175
3|858|LAURITA|SOFIA|PANTOJA|QUETAMA|TI|1085323986|2013-09-30|2|2|6|9998|3|1||1|07|||8|38.0|145|||2||||||||||||52UZPE01152001T47MT04EBS001H035152UZPE01152001T47MT04EBS001H0351F0351|52UZPE01152001T47MT04EBS001H035152UZPE01152001T47MT04EBS001H0351F0351TI1085323986
3|859|MILVIA|CRUZ|CHAMPUTIZ|QUETAMA|CC|59818931|1966-12-13|2|2|2|9999|2|1||7|07|||8|57.0|152|||2||||||||||||52UZPE01152001T47MT04EBS001H035152UZPE01152001T47MT04EBS001H0351F0351|52UZPE01152001T47MT04EBS001H035152UZPE01152001T47MT04EBS001H0351F0351CC59818931
3|860|HORLANDO|ALBEIRO|QUETAMA|LAGOS|CC|98385468|1973-02-07|1|2|2|9999|13|2||7|07|||8|80.0|175|||2||||||||||||52UZPE01152001T47MT04EBS001H035152UZPE01152001T47MT04EBS001H0351F0351|52UZPE01152001T47MT04EBS001H035152UZPE01152001T47MT04EBS001H0351F0351CC98385468
3|861|LUIS|EDUARDO|LOPEZ|GOYES|CC|98393965|1992-01-06|1|2|6|9510|5|1||7|07|||8|58.0|169|||2||||||||||||52UZPE01152001T47MT04EBS001H035352UZPE01152001T47MT04EBS001H0353F0353|52UZPE01152001T47MT04EBS001H035352UZPE01152001T47MT04EBS001H0353F0353CC98393965
3|862|ROCIO|ROCIO|VALLEJO|ANAMA|CC|36754884|1978-01-14|2|2|3|9510|3|1||7|07|||8|50.0|148|||2||||||||||||52UZPE01152001T47MT04EBS001H035452UZPE01152001T47MT04EBS001H0354F0354|52UZPE01152001T47MT04EBS001H035452UZPE01152001T47MT04EBS001H0354F0354CC36754884
3|863|FIDELINA|FIDELINA|ANAMA|ANAMA|CC|27068255|1941-06-15|2|2|2|9998|2|2||3|07|||8|48.0|145|||2||||||||||||52UZPE01152001T47MT04EBS001H035552UZPE01152001T47MT04EBS001H0355F0355|52UZPE01152001T47MT04EBS001H035552UZPE01152001T47MT04EBS001H0355F0355CC27068255
3|864|SEGUNDO|MIGUELANGEL|VALLEJO|VALLEJO|CC|5195436|1940-11-11|1|2|2|9998|2|2||3|07|||8|64.0|165|||2||||||||||||52UZPE01152001T47MT04EBS001H035552UZPE01152001T47MT04EBS001H0355F0355|52UZPE01152001T47MT04EBS001H035552UZPE01152001T47MT04EBS001H0355F0355CC5195436
3|865|ESTELA|DELCARMEN|YAMPUEZAN|GETIAL|CC|30730707|1962-08-24|2|2|5|9998|2|2||3|07|||8|52.0|158|||2||||||||||||52UZPE01152001T47MT04EBS001H035752UZPE01152001T47MT04EBS001H0357F0357|52UZPE01152001T47MT04EBS001H035752UZPE01152001T47MT04EBS001H0357F0357CC30730707
3|866|MELVA|NELLY|LOPEZ|LOPEZ|CC|27201297|1965-01-15|2|2|5|9998|2|1||3|07|||8|51.0|145|||2||||||||||||52UZPE01152001T47MT04EBS001H035952UZPE01152001T47MT04EBS001H0359F0359|52UZPE01152001T47MT04EBS001H035952UZPE01152001T47MT04EBS001H0359F0359CC27201297
3|867|LESLY|NAHOMI|ANGULO|HURTADO|RC|1030025057|2025-04-23|2|2|3|9998|3|1||8|07|||8|80.0|61|||2||||||||||||52UZPE01152001T47MT04EBS001H036152UZPE01152001T47MT04EBS001H0361F0361|52UZPE01152001T47MT04EBS001H036152UZPE01152001T47MT04EBS001H0361F0361RC1030025057
3|868|BRIANA|ISABELLA|ANGULO|HURTADO|RC|1086698657|2022-08-13|2|2|3|9998|3|1||8|07|||8|12.8|92|||2||||||||||||52UZPE01152001T47MT04EBS001H036152UZPE01152001T47MT04EBS001H0361F0361|52UZPE01152001T47MT04EBS001H036152UZPE01152001T47MT04EBS001H0361F0361RC1086698657
3|869|YULI|CATALINA|HURTADO|CETRE|CC|1081054443|2006-02-23|2|2|5|9998|2|2||7|07|||8|58.0|162|||2||||||||||||52UZPE01152001T47MT04EBS001H036152UZPE01152001T47MT04EBS001H0361F0361|52UZPE01152001T47MT04EBS001H036152UZPE01152001T47MT04EBS001H0361F0361CC1081054443
3|870|KEILA|SOFIA|NOYA|BERRIO|TI|1038479194|2010-02-04|2|2|6|9998|3|1||1|07|||8|67.0|160|||2||||||||||||52UZPE01152001T47MT04EBS001H036152UZPE01152001T47MT04EBS001H0361F0361|52UZPE01152001T47MT04EBS001H036152UZPE01152001T47MT04EBS001H0361F0361TI1038479194
3|871|LUIS|JERSON|ANGULO|VALENCIA|CC|1086109439|1999-11-10|1|2|2|9510|2|5||7|07|||8|70.0|175|||2||||||||||||52UZPE01152001T47MT04EBS001H036152UZPE01152001T47MT04EBS001H0361F0361|52UZPE01152001T47MT04EBS001H036152UZPE01152001T47MT04EBS001H0361F0361CC1086109439
3|872|ALVARO|JOSE|GETIAL|TREJO|CC|12993556|1968-04-03|1|2|2|9622|8|5||7|01|||8|78.0|170|||2||||||||||||52UZPE01152001T47MT04EBS001H036252UZPE01152001T47MT04EBS001H0362F0362|52UZPE01152001T47MT04EBS001H036252UZPE01152001T47MT04EBS001H0362F0362CC12993556
3|873|AURA|INES|GOMEZ|MARTINEZ|CC|30709124|1957-12-29|2|2|2|9998|2|2||3|07|||8|63.4|155|||2||||||||||||52UZPE01152001T47MT04EBS001H036252UZPE01152001T47MT04EBS001H0362F0362|52UZPE01152001T47MT04EBS001H036252UZPE01152001T47MT04EBS001H0362F0362CC30709124
3|874|DAVID|ESTEBAN|VELASQUEZ|BOLANOS|CC|1193474679|2001-02-13|1|2|3|9622|5|1||7|07|||8|70.0|175|||2||||||||||||52UZPE01152001T47MT04EBS001H036452UZPE01152001T47MT04EBS001H0364F0364|52UZPE01152001T47MT04EBS001H036452UZPE01152001T47MT04EBS001H0364F0364CC1193474679
3|875|ALVARO|RODRIGO|VELASQUEZ|LOPEZ|CC|12964472|1957-06-22|1|2|5|9510|2|1||3|07|||8|70.0|168|||2||||||||||||52UZPE01152001T47MT04EBS001H036452UZPE01152001T47MT04EBS001H0364F0364|52UZPE01152001T47MT04EBS001H036452UZPE01152001T47MT04EBS001H0364F0364CC12964472
3|876|MARTHA|ELIZA|BOLANOS|PORTILLA|CC|59829487|1967-09-13|2|2|5|9998|2|1||7|07|||8|83.0|167|||2||||||||||||52UZPE01152001T47MT04EBS001H036452UZPE01152001T47MT04EBS001H0364F0364|52UZPE01152001T47MT04EBS001H036452UZPE01152001T47MT04EBS001H0364F0364CC59829487
3|877|CLEMENCIA|NOAPLICA|JURADO|PANTOJA|CC|27074578|1944-08-14|2|2|1|9998|2|2||3|07|||8|59.0|144|||2||||||||||||52UZPE01152001T47MT04EBS001H036652UZPE01152001T47MT04EBS001H0366F0366|52UZPE01152001T47MT04EBS001H036652UZPE01152001T47MT04EBS001H0366F0366CC27074578
3|878|OLGA|DELCARMENJURADO|RIASCOS|JURADO|CC|30742552|1968-07-18|2|2|3|5169|5|2||7|07|||8|62.0|158|||2||||||||||||52UZPE01152001T47MT04EBS001H036652UZPE01152001T47MT04EBS001H0366F0366|52UZPE01152001T47MT04EBS001H036652UZPE01152001T47MT04EBS001H0366F0366CC30742552
3|879|MARIA|DELOSANGELES|GUERRERO|RIASCOS|CC|1004133819|2000-06-12|2|2|6|9998|3|2||7|07|||8|57.0|167|||2||||||||||||52UZPE01152001T47MT04EBS001H036652UZPE01152001T47MT04EBS001H0366F0366|52UZPE01152001T47MT04EBS001H036652UZPE01152001T47MT04EBS001H0366F0366CC1004133819
3|880|JUAN|DAVID|YAMPUEZAN|LAZO|CC|1081054535|2006-03-10|1|2|3|9998|5|2||7|07|||8|60.0|171|||2||||||||||||52UZPE01152001T47MT04EBS001H035252UZPE01152001T47MT04EBS001H0352F0352|52UZPE01152001T47MT04EBS001H035252UZPE01152001T47MT04EBS001H0352F0352CC1081054535
3|881|LUISA|FERNANDA|YAMPUEZAN|LAZO|TI|1080061049|2012-08-23|2|2|3|9998|3|2||1|07|||8|50.0|145|||2||||||||||||52UZPE01152001T47MT04EBS001H035252UZPE01152001T47MT04EBS001H0352F0352|52UZPE01152001T47MT04EBS001H035252UZPE01152001T47MT04EBS001H0352F0352TI1080061049
3|882|YUDITH|MIREYA|LASSO|RUIZ|CC|36951116|1980-02-27|2|2|5|9998|5|2||7|07|||8|61.0|153|||2||||||||||||52UZPE01152001T47MT04EBS001H035252UZPE01152001T47MT04EBS001H0352F0352|52UZPE01152001T47MT04EBS001H035252UZPE01152001T47MT04EBS001H0352F0352CC36951116
3|883|EDWIN|GUILLERMO|YAMPUEZAN|NA|CC|1085247453|1985-12-14|1|2|5|5169|5|2||7|07|||8|75.0|170|||2||||||||||||52UZPE01152001T47MT04EBS001H035252UZPE01152001T47MT04EBS001H0352F0352|52UZPE01152001T47MT04EBS001H035252UZPE01152001T47MT04EBS001H0352F0352CC1085247453
3|884|YULI|MARCELA|CORDOBA|ALVARADO|CC|1004340021|1998-05-18|2|2|1|5169|5|2||7|07|||8|59.0|155|||2||||||||||||52UZPE01152001T47MT04EBS001H036552UZPE01152001T47MT04EBS001H0365F0365|52UZPE01152001T47MT04EBS001H036552UZPE01152001T47MT04EBS001H0365F0365CC1004340021
3|885|DANYERLY|CAMILA|MERA|CORDOBA|TI|1080064696|2015-06-16|2|2|3|9998|3|1||8|07|||8|24.0|127|||2||||||||||||52UZPE01152001T47MT04EBS001H036552UZPE01152001T47MT04EBS001H0365F0365|52UZPE01152001T47MT04EBS001H036552UZPE01152001T47MT04EBS001H0365F0365TI1080064696
3|886|YANETH|DELCARMEN|YELA|GUERRERO|CC|59813996|1970-04-19|2|2|2|9998|4|2||7|07|||8|65.0|150|||2||||||||||||52UZPE01152001T47MT04EBS001H036752UZPE01152001T47MT04EBS001H0367F0367|52UZPE01152001T47MT04EBS001H036752UZPE01152001T47MT04EBS001H0367F0367CC59813996
3|887|IBETH|DANIELA|BASTIDAS|YELA|CC|1080041549|2004-07-28|2|2|3|9998|3|2||7|07|||8|51.0|150|||2||||||||||||52UZPE01152001T47MT04EBS001H036752UZPE01152001T47MT04EBS001H0367F0367|52UZPE01152001T47MT04EBS001H036752UZPE01152001T47MT04EBS001H0367F0367CC1080041549
3|888|JESUS|SANTIAGO|BASTIDAS|TOVAR|CC|12990993|1967-09-25|1|2|1|5169|2|2||7|07|||8|68.0|160|||2||||||||||||52UZPE01152001T47MT04EBS001H036752UZPE01152001T47MT04EBS001H0367F0367|52UZPE01152001T47MT04EBS001H036752UZPE01152001T47MT04EBS001H0367F0367CC12990993
3|889|JAIME|FRANCISCO|ACOTA|PABON|CC|98396682|1977-05-15|1|2|1|9510|3|2||7|07|||8|99.0|177|||2||||||||||||52UZPE01152001T47MT04EBS001H033152UZPE01152001T47MT04EBS001H0331F0331|52UZPE01152001T47MT04EBS001H033152UZPE01152001T47MT04EBS001H0331F0331CC98396682
3|890|MARIA|MELISSA|ACOSTA|CUATID|TI|1080061479|2012-11-30|2|2|3|9998|3|2||1|07|||8|41.0|153|||2||||||||||||52UZPE01152001T47MT04EBS001H033152UZPE01152001T47MT04EBS001H0331F0331|52UZPE01152001T47MT04EBS001H033152UZPE01152001T47MT04EBS001H0331F0331TI1080061479
3|891|GLORIA|MILENA|CUATIS|MONTANO|CC|59831824|1976-03-20|2|2|2|5169|3|2||7|07|||8|59.0|150|||2||||||||||||52UZPE01152001T47MT04EBS001H033152UZPE01152001T47MT04EBS001H0331F0331|52UZPE01152001T47MT04EBS001H033152UZPE01152001T47MT04EBS001H0331F0331CC59831824
3|892|SANDRO|JOSE|ORTEGA|NARVAEZ|CC|87718152|1977-01-01|1|2|1|5169|3|2||7|07|||8|65.0|160|||2||||||||||||52UZPE01152001T47MT04EBS001H037052UZPE01152001T47MT04EBS001H0370F0370|52UZPE01152001T47MT04EBS001H037052UZPE01152001T47MT04EBS001H0370F0370CC87718152
3|893|SANDRA|PATRICIA|PEREZ|MORENO|CC|37012946|1974-03-18|2|2|2|9998|2|2||7|07|||8|60.0|149|||2||||||||||||52UZPE01152001T47MT04EBS001H037052UZPE01152001T47MT04EBS001H0370F0370|52UZPE01152001T47MT04EBS001H037052UZPE01152001T47MT04EBS001H0370F0370CC37012946
3|894|CARLOS|SANTIAGO|ORTEGA|PEREZ|CC|1193458031|2001-05-08|1|2|3|9998|4|2||7|07|||8|60.0|162|||2||||||||||||52UZPE01152001T47MT04EBS001H037052UZPE01152001T47MT04EBS001H0370F0370|52UZPE01152001T47MT04EBS001H037052UZPE01152001T47MT04EBS001H0370F0370CC1193458031
3|895|DORY|NOAPLICA|CUARAN|ACOSTA|CC|30720135|1957-10-24|2|2|1|9998|2|1||3|07|||8|63.0|155|||2||||||||||||52UZPE01152001T47MT04EBS001H037252UZPE01152001T47MT04EBS001H0372F0372|52UZPE01152001T47MT04EBS001H037252UZPE01152001T47MT04EBS001H0372F0372CC30720135
3|896|RIGO|JIOBANY|CHAVEZ|CUARAN|CC|98396826|1978-05-24|1|2|3|5169|5|2||7|07|||8|95.0|170|||2||||||||||||52UZPE01152001T47MT04EBS001H037252UZPE01152001T47MT04EBS001H0372F0372|52UZPE01152001T47MT04EBS001H037252UZPE01152001T47MT04EBS001H0372F0372CC98396826
3|897|CESAR|TULIO|PORTILLA|NA|CC|5353430|1952-01-03|1|2|5|9510|2|1||3|07|||8|56.0|150|||2||||||||||||52UZPE01152001T47MT04EBS001H037352UZPE01152001T47MT04EBS001H0373F0373|52UZPE01152001T47MT04EBS001H037352UZPE01152001T47MT04EBS001H0373F0373CC5353430
3|898|WILSON|LEODAN|PORTILLA|MONTENEGRO|CC|1085297168|1992-05-29|1|2|5|9510|5|1||7|07|||8|60.0|172|||2||||||||||||52UZPE01152001T47MT04EBS001H037452UZPE01152001T47MT04EBS001H0374F0374|52UZPE01152001T47MT04EBS001H037452UZPE01152001T47MT04EBS001H0374F0374CC1085297168
3|899|ISAAC|NICOLAS|PORTILLA|SANTACRUZ|TI|1081286832|2018-01-17|1|2|3|9998|3|1||8|07|||8|29.0|124|||2||||||||||||52UZPE01152001T47MT04EBS001H037452UZPE01152001T47MT04EBS001H0374F0374|52UZPE01152001T47MT04EBS001H037452UZPE01152001T47MT04EBS001H0374F0374TI1081286832
3|900|OMAR|JAIRO|ANAMA|CHAMORRO|CC|5206885|1977-01-10|2|2|3|5169|3|2||7|07|||8|75.0|158|||2||||||||||||52UZPE01152001T47MT04EBS001H037152UZPE01152001T47MT04EBS001H0371F0371|52UZPE01152001T47MT04EBS001H037152UZPE01152001T47MT04EBS001H0371F0371CC5206885
3|901|FRANCISCO|NOAPLICA|ANAMA|NOAPLICA|CC|5341255|1945-09-27|1|2|5|9998|2|2||3|07|||8|75.0|154|||2||||||||||||52UZPE01152001T47MT04EBS001H037152UZPE01152001T47MT04EBS001H0371F0371|52UZPE01152001T47MT04EBS001H037152UZPE01152001T47MT04EBS001H0371F0371CC5341255
3|902|CRISTIAN|JAIR|BARRERA|FAJARDO|CC|1085269072|1988-08-09|1|2|5|9510|3|1||7|07|||8|75.0|168|||2||||||||||||52UZPE01152001T47MT04EBS001H034552UZPE01152001T47MT04EBS001H0345F0345|52UZPE01152001T47MT04EBS001H034552UZPE01152001T47MT04EBS001H0345F0345CC1085269072
3|903|ERICK|VLADIMIR|BARRERA|PORTILLA|TI|1080065014|2015-09-16|1|2|3|9998|3|1||8|07|||8|23.3|122|||2||||||||||||52UZPE01152001T47MT04EBS001H034552UZPE01152001T47MT04EBS001H0345F0345|52UZPE01152001T47MT04EBS001H034552UZPE01152001T47MT04EBS001H0345F0345TI1080065014
3|904|ISAAC|STANLY|BARRERA|PORTILLA|TI|1081061164|2014-04-10|1|2|3|9998|3|1||8|07|||8|36.6|140|||2||||||||||||52UZPE01152001T47MT04EBS001H034552UZPE01152001T47MT04EBS001H0345F0345|52UZPE01152001T47MT04EBS001H034552UZPE01152001T47MT04EBS001H0345F0345TI1081061164
3|905|JHOJAN|JAIR|BARRERA|PORTILLA|CC|1080047841|2006-10-16|1|2|3|9510|4|1||7|07|||8|85.0|186|||2||||||||||||52UZPE01152001T47MT04EBS001H034552UZPE01152001T47MT04EBS001H0345F0345|52UZPE01152001T47MT04EBS001H034552UZPE01152001T47MT04EBS001H0345F0345CC1080047841
3|906|SANDRA|MILENA|RIOS|ORTEGA|CC|36954514|1980-02-24|2|2|2|9510|3|1||7|07|||8|60.0|150|||2||||||||||||52UZPE01152001T47MT04EBS001H037652UZPE01152001T47MT04EBS001H0376F0376|52UZPE01152001T47MT04EBS001H037652UZPE01152001T47MT04EBS001H0376F0376CC36954514
3|907|JUAN|CARLOS|VALLEJO|ANAMA|CC|12995919|1969-07-26|1|2|1|9510|3|1||7|07|||8|72.0|160|||2||||||||||||52UZPE01152001T47MT04EBS001H037652UZPE01152001T47MT04EBS001H0376F0376|52UZPE01152001T47MT04EBS001H037652UZPE01152001T47MT04EBS001H0376F0376CC12995919
3|908|JAVIER|STIVEN|RIOS|ARTEGA|CC|1004131930|1995-01-23|2|2|3|9998|3|1||7|07|||8|60.0|160|||2||||||||||||52UZPE01152001T47MT04EBS001H037652UZPE01152001T47MT04EBS001H0376F0376|52UZPE01152001T47MT04EBS001H037652UZPE01152001T47MT04EBS001H0376F0376CC1004131930
3|909|EMILY|JULIETA|ZAMBRANO|ROSERO|TI|1030002757|2018-09-04|2|2|6|9998|3|1||8|07|||8|28.5|125|||2||||||||||||52UZPE01152001T47MT04EBS001H037652UZPE01152001T47MT04EBS001H0376F0376|52UZPE01152001T47MT04EBS001H037652UZPE01152001T47MT04EBS001H0376F0376TI1030002757
3|910|MARIA|DEJESUS|DELGADO|HIDALGO|CC|30705408|1952-11-10|1|2|2|9998|2|1||3|07|||8|70.0|154|||2||||||||||||52UZPE01152001T47MT04EBS001H037752UZPE01152001T47MT04EBS001H0377F0377|52UZPE01152001T47MT04EBS001H037752UZPE01152001T47MT04EBS001H0377F0377CC30705408
3|911|CLAUDIO|OSVALDO|ENRRQUEZ|GONZALEZ|CC|12956900|1950-08-14|1|2|1|9510|2|1||3|07|||8|45.0|157|||2||||||||||||52UZPE01152001T47MT04EBS001H037752UZPE01152001T47MT04EBS001H0377F0377|52UZPE01152001T47MT04EBS001H037752UZPE01152001T47MT04EBS001H0377F0377CC12956900
3|912|DEIVI|ALEXANDER|ASCUNTAR|PORTILLA|TI|1080063677|2014-09-10|1|2|3|9998|3|1||8|07|||8|36.0|141|||2||||||||||||52UZPE01152001T47MT04EBS001H037852UZPE01152001T47MT04EBS001H0378F0378|52UZPE01152001T47MT04EBS001H037852UZPE01152001T47MT04EBS001H0378F0378TI1080063677
3|913|YURANY|DANIELA|PORTILLO|QUINTANA|CC|1233193563|1999-05-20|2|2|1|9510|2|1||7|07|||8|60.0|152|||2||||||||||||52UZPE01152001T47MT04EBS001H037852UZPE01152001T47MT04EBS001H0378F0378|52UZPE01152001T47MT04EBS001H037852UZPE01152001T47MT04EBS001H0378F0378CC1233193563
3|914|EDISON|FELIPE|PORTILLA|MOMTEGRO|CC|3196241705|1983-10-01|2|2|1|5169|2|1||7|07|||8|72.0|160|||2||||||||||||52UZPE01152001T47MT04EBS001H037952UZPE01152001T47MT04EBS001H0379F0379|52UZPE01152001T47MT04EBS001H037952UZPE01152001T47MT04EBS001H0379F0379CC3196241705
3|915|JOSEMANUEL|CAMILO|CARVAJAL|MORENO|TI|1115735845|2011-03-29|1|2|3|9998|3|1||1|07|||8|48.0|157|||2||||||||||||52UZPE01152001T47MT04EBS001H038052UZPE01152001T47MT04EBS001H0380F0380|52UZPE01152001T47MT04EBS001H038052UZPE01152001T47MT04EBS001H0380F0380TI1115735845
3|916|ARLEY|ERNESTO|CARVAJAL|MORENO|TI|1115746221|2018-04-19|1|2|3|9998|3|1||8|07|||8|25.0|119|||2||||||||||||52UZPE01152001T47MT04EBS001H038052UZPE01152001T47MT04EBS001H0380F0380|52UZPE01152001T47MT04EBS001H038052UZPE01152001T47MT04EBS001H0380F0380TI1115746221
3|917|LILIANA|NOAPLICA|MORENO|SALAZAR|CC|1116496588|1989-11-11|2|2|1|9510|3|1||7|07|||8|70.0|171|||2||||||||||||52UZPE01152001T47MT04EBS001H038052UZPE01152001T47MT04EBS001H0380F0380|52UZPE01152001T47MT04EBS001H038052UZPE01152001T47MT04EBS001H0380F0380CC1116496588
3|918|HECTOR|HIGIDIO|INSANDARA|NA|CC|98378374|1970-06-01|1|2|1|9510|4|1||6|07|||8|10.2|162|||2||||||||||||52UZPE01152001T47MT04EBS001H031152UZPE01152001T47MT04EBS001H0311F0311|52UZPE01152001T47MT04EBS001H031152UZPE01152001T47MT04EBS001H0311F0311CC98378374
3|919|DANIEL|ALEXANDER|CUASTUZA|IBARRA|CC|1080042941|2005-01-14|1|2|3|9510|5|1||7|07|||8|45.0|160|||2||||||||||||52UZPE01152001T47MT04EBS001H038252UZPE01152001T47MT04EBS001H0382F0382|52UZPE01152001T47MT04EBS001H038252UZPE01152001T47MT04EBS001H0382F0382CC1080042941
3|920|MIGUEL|ANGEL|PANTOJA|IBARRA|TI|1080066576|2016-12-13|1|2|3|9998|3|1||8|07|||8|35.0|120|||2||||||||||||52UZPE01152001T47MT04EBS001H038252UZPE01152001T47MT04EBS001H0382F0382|52UZPE01152001T47MT04EBS001H038252UZPE01152001T47MT04EBS001H0382F0382TI1080066576
3|921|YULI|NATHALY|IBARRA|QUINTERO|CC|37086250|1984-11-07|2|2|5|9998|5|1||7|07|||8|68.0|168|||2||||||||||||52UZPE01152001T47MT04EBS001H038252UZPE01152001T47MT04EBS001H0382F0382|52UZPE01152001T47MT04EBS001H038252UZPE01152001T47MT04EBS001H0382F0382CC37086250
3|922|WILMER|DIXON|PANTOJA|ZAMBRANO|CC|1085269914|1988-07-22|1|2|5|9510|4|1||7|07|||8|11.0|175|||2||||||||||||52UZPE01152001T47MT04EBS001H038252UZPE01152001T47MT04EBS001H0382F0382|52UZPE01152001T47MT04EBS001H038252UZPE01152001T47MT04EBS001H0382F0382CC1085269914
3|923|LILIA|DELCARMEN|QUINTERO|LOPEZ|CC|59830886|1961-12-01|2|2|5|9998|2|1||3|07|||8|66.0|142|||2||||||||||||52UZPE01152001T47MT04EBS001H038452UZPE01152001T47MT04EBS001H0384F0384|52UZPE01152001T47MT04EBS001H038452UZPE01152001T47MT04EBS001H0384F0384CC59830886
3|924|JOSE|DANIEL|IBARRA|FAJARDO|CC|5249458|1956-07-15|1|2|5|9510|2|1||3|07|||8|75.0|170|||2||||||||||||52UZPE01152001T47MT04EBS001H038452UZPE01152001T47MT04EBS001H0384F0384|52UZPE01152001T47MT04EBS001H038452UZPE01152001T47MT04EBS001H0384F0384CC5249458
3|925|VICTOR|STIVEN|PORTOCARRERA|NARVAEZ|CC|1080050263|2007-08-19|1|2|3|9998|4|1||7|07|||8|55.0|167|||2||||||||||||52UZPE01152001T47MT04EBS001H038652UZPE01152001T47MT04EBS001H0386F0386|52UZPE01152001T47MT04EBS001H038652UZPE01152001T47MT04EBS001H0386F0386CC1080050263
3|926|LEANDRO|MATEO|MEZA|NARVAEZ|TI|1080068080|2018-01-26|1|2|3|9998|3|1||8|07|||8|25.0|124|||2||||||||||||52UZPE01152001T47MT04EBS001H038652UZPE01152001T47MT04EBS001H0386F0386|52UZPE01152001T47MT04EBS001H038652UZPE01152001T47MT04EBS001H0386F0386TI1080068080
3|927|LEYDI|FABIOLA|NARVAEZ|MARTINEZ|CC|1085253101|1985-11-28|2|2|1|9510|2|1||7|07|||8|53.0|147|||2||||||||||||52UZPE01152001T47MT04EBS001H038652UZPE01152001T47MT04EBS001H0386F0386|52UZPE01152001T47MT04EBS001H038652UZPE01152001T47MT04EBS001H0386F0386CC1085253101
3|928|LEIDY|JHOANA|ROMERO|JURADO|CC|1085323930|1995-09-13|2|2|5|9510|3|1||7|07|||8|76.0|161|||2||||||||||||52UZPE01152001T47MT04EBS001H038752UZPE01152001T47MT04EBS001H0387F0387|52UZPE01152001T47MT04EBS001H038752UZPE01152001T47MT04EBS001H0387F0387CC1085323930
3|929|SARA|VALENTINA|JURADO|ROMERO|RC|1084228791|2018-09-19|2|2|3|9998|3|1||8|07|||8|25.0|122|||2||||||||||||52UZPE01152001T47MT04EBS001H038752UZPE01152001T47MT04EBS001H0387F0387|52UZPE01152001T47MT04EBS001H038752UZPE01152001T47MT04EBS001H0387F0387RC1084228791
3|930|BYRON|JESUS|BARRERA|MELO|CC|1085245269|1985-06-04|1|2|1|9510|7|1||7|07|||8|69.0|170|||2||||||||||||52UZPE01152001T47MT04EBS001H034652UZPE01152001T47MT04EBS001H0346F0346|52UZPE01152001T47MT04EBS001H034652UZPE01152001T47MT04EBS001H0346F0346CC1085245269
3|931|EDISON|OSWALDO|CANTUCA|ALMEIDA|CC|1085290950|1991-08-08|1|2|2|5169|9|2||7|07|||8|60.0|160|||2||||||||||||52UZPE01152001T47MT04EBS001H035652UZPE01152001T47MT04EBS001H0356F0356|52UZPE01152001T47MT04EBS001H035652UZPE01152001T47MT04EBS001H0356F0356CC1085290950
3|932|ALBA|ALICIA|VALLEJO|ANAMA|CC|59826862|1975-01-01|2|2|2|5169|3|2||7|07|||8|65.0|150|||2||||||||||||52UZPE01152001T47MT04EBS001H035652UZPE01152001T47MT04EBS001H0356F0356|52UZPE01152001T47MT04EBS001H035652UZPE01152001T47MT04EBS001H0356F0356CC59826862
3|933|LEIDY|VIVIANA|YAMPUEZAN|GETIAL|CC|11085280784|1990-03-07|2|2|1|9510|3|2||7|07|||8|68.0|167|||2||||||||||||52UZPE01152001T47MT04EBS001H035852UZPE01152001T47MT04EBS001H0358F0358|52UZPE01152001T47MT04EBS001H035852UZPE01152001T47MT04EBS001H0358F0358CC11085280784
3|934|IAN|SAMUEL|ARDILA|CABRERA|RC|1081289479|2025-07-07|1|2|3|9998|3|1||8|07|||8|||||2||||||||||||52UZPE01152001T47MT04EBS001H038852UZPE01152001T47MT04EBS001H0388F0388|52UZPE01152001T47MT04EBS001H038852UZPE01152001T47MT04EBS001H0388F0388RC1081289479
3|935|ALISSON|ABIGAIL|NOGUERA|CABRERA|TI|1081286684|2017-11-17|2|2|3|9998|3|1||8|07|||8|30.0|124|||2||||||||||||52UZPE01152001T47MT04EBS001H038852UZPE01152001T47MT04EBS001H0388F0388|52UZPE01152001T47MT04EBS001H038852UZPE01152001T47MT04EBS001H0388F0388TI1081286684
3|936|JENIPHER|LETICIA|CABRERA|ESTUPINAN|CC|1087203353|1995-08-07|2|2|5|9510|3|1||7|07|||8|86.0|163|||2||||||||||||52UZPE01152001T47MT04EBS001H038852UZPE01152001T47MT04EBS001H0388F0388|52UZPE01152001T47MT04EBS001H038852UZPE01152001T47MT04EBS001H0388F0388CC1087203353
3|937|KEVIN|SAMUEL|ARDILA|BERMUDEZ|CC|1087107850|2004-05-20|1|2|5|5169|7|2||7|07|||8|81.0|176|||2||||||||||||52UZPE01152001T47MT04EBS001H038852UZPE01152001T47MT04EBS001H0388F0388|52UZPE01152001T47MT04EBS001H038852UZPE01152001T47MT04EBS001H0388F0388CC1087107850
3|938|KEVIN|ORLANDO|CABRERA|CABRERA|CC|1086363924|1999-03-16|1|2|1|9998|3|5||7|07|||8|68.0|160|||2||||||||||||52UZPE01152001T47MT04EBS001H038952UZPE01152001T47MT04EBS001H0389F0389|52UZPE01152001T47MT04EBS001H038952UZPE01152001T47MT04EBS001H0389F0389CC1086363924
3|939|DIEGO|EDUARDO|PENAGOS|KAMUEZ|CC|13070754|1981-02-07|1|2|1|5169|7|2||7|07|||8|85.0|170|||2||||||||||||52UZPE01152001T47MT04EBS001H039052UZPE01152001T47MT04EBS001H0390F0390|52UZPE01152001T47MT04EBS001H039052UZPE01152001T47MT04EBS001H0390F0390CC13070754
3|940|HANNA|PAOLA|PENAGOS|CUATIS|TI|1138526264|2008-07-25|2|2|3|9998|3|2||1|07|||8|52.0|150|||2||||||||||||52UZPE01152001T47MT04EBS001H039052UZPE01152001T47MT04EBS001H0390F0390|52UZPE01152001T47MT04EBS001H039052UZPE01152001T47MT04EBS001H0390F0390TI1138526264
3|941|CLAUDIA|PAOLA|CUATIS|MONTANO|CC|36951694|1980-09-04|2|2|2|5169|5|2||7|07|||8|55.0|150|||2||||||||||||52UZPE01152001T47MT04EBS001H039052UZPE01152001T47MT04EBS001H0390F0390|52UZPE01152001T47MT04EBS001H039052UZPE01152001T47MT04EBS001H0390F0390CC36951694
3|942|ALICIA|NA|MUNOZ|SARRIA|CC|25663296|1954-03-15|2|2|1|9510|13|1||3|07|||8|64.0|130|||2||||||||||||52UZPE01152001T47MT04EBS001H038152UZPE01152001T47MT04EBS001H0381F0381|52UZPE01152001T47MT04EBS001H038152UZPE01152001T47MT04EBS001H0381F0381CC25663296
3|943|MARCO|ANTONIO|CARVAJAL|MONTANO|CC|12971197|1960-11-03|1|2|1|9510|2|1||3|07|||8|84.0|170|||2||||||||||||52UZPE01152001T47MT04EBS001H038352UZPE01152001T47MT04EBS001H0383F0383|52UZPE01152001T47MT04EBS001H038352UZPE01152001T47MT04EBS001H0383F0383CC12971197
3|944|JHON|JAIRO|PANTOJA|ZAMBRANO|CC|1085252064|1986-05-22|1|2|3|9998|5|1||7|07|||8|55.0|168|||2||||||||||||52UZPE01152001T47MT04EBS001H038552UZPE01152001T47MT04EBS001H0385F0385|52UZPE01152001T47MT04EBS001H038552UZPE01152001T47MT04EBS001H0385F0385CC1085252064
3|945|EDGAR|NA|PANTOJA|ZAMBRANO|CC|5252654|1940-04-02|1|2|5|9998|2|1||3|07|||1|88.0|170|||2||||||||||||52UZPE01152001T47MT04EBS001H038552UZPE01152001T47MT04EBS001H0385F0385|52UZPE01152001T47MT04EBS001H038552UZPE01152001T47MT04EBS001H0385F0385CC5252654
3|946|DORIS|MARGOTH|MONTENEGRO|RAMIREZ|CC|30728452|1963-03-22|2|2|5|9998|2|1||3|07|||8|87.0|153|||2||||||||||||52UZPE01152001T47MT04EBS001H039552UZPE01152001T47MT04EBS001H0395F0395|52UZPE01152001T47MT04EBS001H039552UZPE01152001T47MT04EBS001H0395F0395CC30728452
3|947|EMANUEL|SANTIAGO|MOLINA|BASTIDAS|TI|1030023682|2016-10-24|1|2|3|9998|3|1||8|07|||8|25.0|122|||2||||||||||||52UZPE01152001T47MT04EBS001H036852UZPE01152001T47MT04EBS001H0368F0368|52UZPE01152001T47MT04EBS001H036852UZPE01152001T47MT04EBS001H0368F0368TI1030023682
3|948|EDWIN|ALBEIRO|MOLINA|CHAUCANES|CC|87068015|1985-01-01|1|2|1|9510|3|1||7|07|||8|65.0|160|||2||||||||||||52UZPE01152001T47MT04EBS001H036852UZPE01152001T47MT04EBS001H0368F0368|52UZPE01152001T47MT04EBS001H036852UZPE01152001T47MT04EBS001H0368F0368CC87068015
3|949|DIANA|MARCELA|BASTIDAS|YELA|CC|1085267532|1988-06-28|2|2|2|9998|3|1||7|07|||8|46.0|148|||2||||||||||||52UZPE01152001T47MT04EBS001H036852UZPE01152001T47MT04EBS001H0368F0368|52UZPE01152001T47MT04EBS001H036852UZPE01152001T47MT04EBS001H0368F0368CC1085267532
3|950|MARIA|AURELIO|MARTINEZ|NOAPLICA|CC|5336495|1951-02-22|1|2|1|9999|2|1||3|07|||8|16.8|80|||2||||||||||||52UZPE01152001T47MT04EBS001H036952UZPE01152001T47MT04EBS001H0369F0369|52UZPE01152001T47MT04EBS001H036952UZPE01152001T47MT04EBS001H0369F0369CC5336495
3|951|OLAVE|AGRIPINA|GERRERO|QUINTERO|CC|30715604|1945-01-12|2|2|2|9998|2|2||3|07|||8|60.0|155|||2||||||||||||52UZPE01152001T47MT04EBS001H036952UZPE01152001T47MT04EBS001H0369F0369|52UZPE01152001T47MT04EBS001H036952UZPE01152001T47MT04EBS001H0369F0369CC30715604
3|952|VALERY|GISELLA|REYNISO|BENAVIDES|CC|1193469908|2000-04-03|2|2|1|9510|3|1||7|07|||8|50.0|156|||2||||||||||||52UZPE01152001T47MT04EBS001H039652UZPE01152001T47MT04EBS001H0396F0396|52UZPE01152001T47MT04EBS001H039652UZPE01152001T47MT04EBS001H0396F0396CC1193469908
3|953|HASHLY|GISELLA|RESTREPO|REYNOSO|RC|1233195078|2020-12-21|2|2|3|9998|3|1||8|07|||8|13.0|98|||2||||||||||||52UZPE01152001T47MT04EBS001H039652UZPE01152001T47MT04EBS001H0396F0396|52UZPE01152001T47MT04EBS001H039652UZPE01152001T47MT04EBS001H0396F0396RC1233195078
3|954|MARTHA|PATRICIA|VELASQUEZ|BOLANOS|CC|1085250017|1986-06-03|2|2|1|9510|7|1||7|07|||8|60.0|160|||2||||||||||||52UZPE01152001T47MT04EBS001H036352UZPE01152001T47MT04EBS001H0363F0363|52UZPE01152001T47MT04EBS001H036352UZPE01152001T47MT04EBS001H0363F0363CC1085250017
3|955|RICARDO|STEVEN|ZAMORA|VELASQUEZ|TI|1080062204|2013-06-25|1|2|3|9998|3|1||1|07|||8|44.0|150|||2||||||||||||52UZPE01152001T47MT04EBS001H036352UZPE01152001T47MT04EBS001H0363F0363|52UZPE01152001T47MT04EBS001H036352UZPE01152001T47MT04EBS001H0363F0363TI1080062204
3|956|ROSA|MARIA|PINEDA|RODRIGUEZ|CC|1010003613|1996-10-18|2|2|2|5169|9|2||7|07|||8|60.0|165|||2||||||||||||52UZPE01152001T47MT04EBS001H039252UZPE01152001T47MT04EBS001H0392F0392|52UZPE01152001T47MT04EBS001H039252UZPE01152001T47MT04EBS001H0392F0392CC1010003613
3|957|DIEGO|JESUS|PORTILLA|MONTENEGRO|CC|1085345509|1999-03-25|1|2|2|5169|7|2||7|07|||8|95.0|185|||2||||||||||||52UZPE01152001T47MT04EBS001H039252UZPE01152001T47MT04EBS001H0392F0392|52UZPE01152001T47MT04EBS001H039252UZPE01152001T47MT04EBS001H0392F0392CC1085345509
3|958|KAREN|JULIETH|AREVALO|CHAVEZ|CC|1193273294|2001-05-25|2|2|2|9622|3|1||7|07|||8|60.0|160|||2||||||||||||52UZPE01152001T47MT04EBS001H039352UZPE01152001T47MT04EBS001H0393F0393|52UZPE01152001T47MT04EBS001H039352UZPE01152001T47MT04EBS001H0393F0393CC1193273294
3|959|CHRISTIAN|FERNANDO|PORTILLA|MONTENEGRO|CC|1085280045|1989-12-02|1|2|2|9622|3|1||7|07|||8|70.0|165|||2||||||||||||52UZPE01152001T47MT04EBS001H039352UZPE01152001T47MT04EBS001H0393F0393|52UZPE01152001T47MT04EBS001H039352UZPE01152001T47MT04EBS001H0393F0393CC1085280045
3|960|DANIELA|NA|ROSERO|NA|CC|1004234404|2002-10-18|2|2|3|9510|3|1||7|07|||8|64.0|155|||2||||||||||||52UZPE01152001T47MT03EBS001H039752UZPE01152001T47MT03EBS001H0397F0397|52UZPE01152001T47MT03EBS001H039752UZPE01152001T47MT03EBS001H0397F0397CC1004234404
3|961|ANA|MICHEL|ROSERO|NA|CC|193475181|2001-07-18|2|2|3|9510|3|1||7|07|||8|55.0|155|||2||||||||||||52UZPE01152001T47MT03EBS001H039752UZPE01152001T47MT03EBS001H0397F0397|52UZPE01152001T47MT03EBS001H039752UZPE01152001T47MT03EBS001H0397F0397CC193475181
3|962|BLANCA|CIELO|BOLANOS|NA|CC|30705253|1951-11-19|2|2|1|9998|3|2||3|07|||8|80.0|170|||2||||||||||||52UZPE01152001T47MT03EBS001H039752UZPE01152001T47MT03EBS001H0397F0397|52UZPE01152001T47MT03EBS001H039752UZPE01152001T47MT03EBS001H0397F0397CC30705253
3|963|SANDRA|PATRICIA|SANTACRUZ|BOLANOS|CC|59820457|1973-02-19|2|2|3|9510|5|1||7|07|||8|80.0|170|||2||||||||||||52UZPE01152001T47MT03EBS001H039752UZPE01152001T47MT03EBS001H0397F0397|52UZPE01152001T47MT03EBS001H039752UZPE01152001T47MT03EBS001H0397F0397CC59820457
3|964|LUIS|ALBERTO|DAVID|NA|CC|5196032|1940-10-11|1|2|2|9998|3|2||3|07|||8|50.0|154|||2||||||||||||52UZPE01152001T47MT03EBS001H039852UZPE01152001T47MT03EBS001H0398F0398|52UZPE01152001T47MT03EBS001H039852UZPE01152001T47MT03EBS001H0398F0398CC5196032
3|965|JUAN|ESTEBAN|CORTES|DAVID|CC|1140264266|2007-10-16|1|2|6|9998|5|1||4|07|||1|58.0|164|||2||||||||||||52UZPE01152001T47MT03EBS001H039852UZPE01152001T47MT03EBS001H0398F0398|52UZPE01152001T47MT03EBS001H039852UZPE01152001T47MT03EBS001H0398F0398CC1140264266
3|966|MARIA|LIGIA|QUENORAN|BERNAL|CC|27080751|1975-02-05|2|2|1|9998|3|2||7|07|||8|84.0|153|||2||||||||||||52UZPE01152001T47MT03EBS001H039852UZPE01152001T47MT03EBS001H0398F0398|52UZPE01152001T47MT03EBS001H039852UZPE01152001T47MT03EBS001H0398F0398CC27080751
3|967|YANIRA|AMANDA|DAVID|QUENORAN|CC|1085277136|1989-11-24|2|2|1|5169|9|1||7|07|||8|70.0|160|||2||||||||||||52UZPE01152001T47MT03EBS001H039952UZPE01152001T47MT03EBS001H0399F0399|52UZPE01152001T47MT03EBS001H039952UZPE01152001T47MT03EBS001H0399F0399CC1085277136
3|968|ASHLI|ISABELA|ERAZO|DAVID|RC|1080707465|2020-03-17|2|2|3|9998|3|1||8|07|||8|||||2||||||||||||52UZPE01152001T47MT03EBS001H039952UZPE01152001T47MT03EBS001H0399F0399|52UZPE01152001T47MT03EBS001H039952UZPE01152001T47MT03EBS001H0399F0399RC1080707465
3|969|WILLIAM|HUGO|CERON|BASTIDAS|CC|12978983|1962-10-07|1|2|1|9510|3|1||3|07|||8|63.0|165|||2||||||||||||52UZPE01152001T47MT04EBS001H040052UZPE01152001T47MT04EBS001H0400F0400|52UZPE01152001T47MT04EBS001H040052UZPE01152001T47MT04EBS001H0400F0400CC12978983
3|970|MARIA|ELENA|PENAFIEL|RODRIGUEZ|CC|30726426|1963-01-25|2|2|2|9998|3|1||3|07|||8|75.0|162|||2||||||||||||52UZPE01152001T47MT04EBS001H040052UZPE01152001T47MT04EBS001H0400F0400|52UZPE01152001T47MT04EBS001H040052UZPE01152001T47MT04EBS001H0400F0400CC30726426
3|971|NELSON|NA|CHAVEZ|CRUZ|CC|1116244377|1989-07-18|1|2|5|5169|7|5||7|07|||8|71.0|180|||2||||||||||||52UZPE01152001T47MT04EBS001H040152UZPE01152001T47MT04EBS001H0401F0401|52UZPE01152001T47MT04EBS001H040152UZPE01152001T47MT04EBS001H0401F0401CC1116244377
3|972|JOSEPH|NA|CHAVEZ|MIRAMA|TI|1110544874|2012-02-26|1|2|3|9998|3|5||1|07|||8|54.0|167|||2||||||||||||52UZPE01152001T47MT04EBS001H040152UZPE01152001T47MT04EBS001H0401F0401|52UZPE01152001T47MT04EBS001H040152UZPE01152001T47MT04EBS001H0401F0401TI1110544874
3|973|ANA|LUCIA|MIRAMA|NA|CC|1085256260|1987-03-02|2|2|5|5169|7|5||7|07|||8|67.0|150|||2||||||||||||52UZPE01152001T47MT04EBS001H040152UZPE01152001T47MT04EBS001H0401F0401|52UZPE01152001T47MT04EBS001H040152UZPE01152001T47MT04EBS001H0401F0401CC1085256260
3|974|CRUZ|EDILIA|POSADA|ACEVEDO|CC|43041293|1973-03-03|2|2|1|9998|5|2||7|07|||8|71.0|155|||2||||||||||||52UZPE01152001T47MT04EBS001H040252UZPE01152001T47MT04EBS001H0402F0402|52UZPE01152001T47MT04EBS001H040252UZPE01152001T47MT04EBS001H0402F0402CC43041293
3|975|DORIS|EDILMA|CHAVEZ|NA|CC|36999954|1965-03-25|2|2|5|9998|9|2||3|07|||8|58.4|155|||2||||||||||||52UZPE01152001T47MT04EBS001H040352UZPE01152001T47MT04EBS001H0403F0403|52UZPE01152001T47MT04EBS001H040352UZPE01152001T47MT04EBS001H0403F0403CC36999954
3|976|GABRIEL|NA|CHAVEZ|NA|CC|1004234895|2003-01-09|1|2|3|9998|3|1||7|07|||8|58.4|176|||2||||||||||||52UZPE01152001T47MT04EBS001H040352UZPE01152001T47MT04EBS001H0403F0403|52UZPE01152001T47MT04EBS001H040352UZPE01152001T47MT04EBS001H0403F0403CC1004234895
3|977|MAIDA|PATRICIA|ROSERO|CHAVEZ|CC|31165545|1963-01-30|2|2|5|9998|3|2||3|07|||8|47.8|153|||2||||||||||||52UZPE01152001T47MT04EBS001H040452UZPE01152001T47MT04EBS001H0404F0404|52UZPE01152001T47MT04EBS001H040452UZPE01152001T47MT04EBS001H0404F0404CC31165545
3|978|JHONY|FERNANDO|ROSERO|ROSERO|CC|1233193141|1998-12-21|1|2|3|9998|3|1||7|07|||8|52.9|173|||2||||||||||||52UZPE01152001T47MT04EBS001H040452UZPE01152001T47MT04EBS001H0404F0404|52UZPE01152001T47MT04EBS001H040452UZPE01152001T47MT04EBS001H0404F0404CC1233193141
3|979|JHONY|BAYARDO|ROSERO|PORTILLA|CC|12987550|1964-09-19|1|2|2|5169|8|2||3|07|||8|75.0|173|||2||||||||||||52UZPE01152001T47MT04EBS001H040452UZPE01152001T47MT04EBS001H0404F0404|52UZPE01152001T47MT04EBS001H040452UZPE01152001T47MT04EBS001H0404F0404CC12987550
3|980|JHON|ALEJANDRO|CASTRO|MARTINEZ|CC|1085346624|1999-08-13|1|2|3|9622|7|2||7|07|||8|66.0|170|||2||||||||||||52UZPE01152001T47MT04EBS001H040552UZPE01152001T47MT04EBS001H0405F0405|52UZPE01152001T47MT04EBS001H040552UZPE01152001T47MT04EBS001H0405F0405CC1085346624
3|981|MONICA|YANETH|MARTINEZ|PATINO|CC|59828992|1973-12-02|2|2|1|9998|3|1||7|07|||8|67.0|147|||2||||||||||||52UZPE01152001T47MT04EBS001H040552UZPE01152001T47MT04EBS001H0405F0405|52UZPE01152001T47MT04EBS001H040552UZPE01152001T47MT04EBS001H0405F0405CC59828992
3|982|JHON|SRBASTIAN|CASTRO|GUERRERO|CC|1085946502|1997-08-08|1|2|1|9998|3|1||7|07|||8|59.0|170|||2||||||||||||52UZPE01152001T47MT04EBS001H040652UZPE01152001T47MT04EBS001H0406F0406|52UZPE01152001T47MT04EBS001H040652UZPE01152001T47MT04EBS001H0406F0406CC1085946502
3|983|GABRIELA|NATHALY|RODRIGUEZ|ENRIQUEZ|CC|1085533260|1996-09-26|2|2|2|5169|7|1||7|07|||8|57.0|152|||2||||||||||||52UZPE01152001T47MT04EBS001H040752UZPE01152001T47MT04EBS001H0407F0407|52UZPE01152001T47MT04EBS001H040752UZPE01152001T47MT04EBS001H0407F0407CC1085533260
3|984|BRAYAN|SEBASTIAN|MIRAMA|IBARRA|CC|1233191298|1998-05-28|1|2|2|5169|7|2||7|07|||8|67.0|170|||2||||||||||||52UZPE01152001T47MT04EBS001H040752UZPE01152001T47MT04EBS001H0407F0407|52UZPE01152001T47MT04EBS001H040752UZPE01152001T47MT04EBS001H0407F0407CC1233191298
3|985|MERCEDES|LILIANA|FUERTES|MEJIA|CC|34556850|1968-03-06|2|2|1|9622|3|2||7|07|||8|61.0|156|||2||||||||||||52UZPE01152001T47MT04EBS001H040852UZPE01152001T47MT04EBS001H0408F0408|52UZPE01152001T47MT04EBS001H040852UZPE01152001T47MT04EBS001H0408F0408CC34556850
3|986|JUAN|DIEGO|HILLION|BENAVIDES|RC|1030003199|2019-11-03|1|2|3|9998|3|2||8|07|||8|26.0|112|||2||||||||||||52UZPE01152001T47MT04EBS001H040952UZPE01152001T47MT04EBS001H0409F0409|52UZPE01152001T47MT04EBS001H040952UZPE01152001T47MT04EBS001H0409F0409RC1030003199
3|987|MILENA|YOANA|BENAVIDES|ESTRELLA|CC|59856260|1982-04-13|2|2|2|5169|9|2||7|07|||8|60.0|156|||2||||||||||||52UZPE01152001T47MT04EBS001H040952UZPE01152001T47MT04EBS001H0409F0409|52UZPE01152001T47MT04EBS001H040952UZPE01152001T47MT04EBS001H0409F0409CC59856260
3|988|DIEGO|NOAPLICA|HILLION|SARMIENTO|CC|80215939|1985-01-04|1|2|5|5169|9|2||7|07|||8|97.0|182|||2||||||||||||52UZPE01152001T47MT04EBS001H040952UZPE01152001T47MT04EBS001H0409F0409|52UZPE01152001T47MT04EBS001H040952UZPE01152001T47MT04EBS001H0409F0409CC80215939
3|989|AURA|MARIA|TULCAN|NOAPLICA|CC|27387586|1966-12-06|2|2|5|9622|2|2||7|07|||8|57.0|150|||2||||||||||||52UZPE01152001T47MT04EBS001H041052UZPE01152001T47MT04EBS001H0410F0410|52UZPE01152001T47MT04EBS001H041052UZPE01152001T47MT04EBS001H0410F0410CC27387586
3|990|DANIEL|NOAPLICA|GONZALES|TULCAN|CC|10085932532|1993-04-05|1|2|1|9510|3|1||7|07|||8|90.0|165|||2||||||||||||52UZPE01152001T47MT04EBS001H041152UZPE01152001T47MT04EBS001H0411F0411|52UZPE01152001T47MT04EBS001H041152UZPE01152001T47MT04EBS001H0411F0411CC10085932532
3|991|ROBERT|STIVEN|RODRIGUEZ|YASCUAL|CC|1193548952|2000-10-08|1|2|2|9510|7|1||7|07|||8|70.0|165|||2||||||||||||52UZPE01152001T47MT04EBS001H041252UZPE01152001T47MT04EBS001H0412F0412|52UZPE01152001T47MT04EBS001H041252UZPE01152001T47MT04EBS001H0412F0412CC1193548952
3|992|ANGIE|LORENA|ROSERO|CEBALLOS|CC|1004342951|2003-01-12|2|2|2|9510|7|1||7|07|||8|58.0|160|||2||||||||||||52UZPE01152001T47MT04EBS001H041252UZPE01152001T47MT04EBS001H0412F0412|52UZPE01152001T47MT04EBS001H041252UZPE01152001T47MT04EBS001H0412F0412CC1004342951
3|993|WILLIAM|ORLANDO|ZAMBRANO|TORO|CC|80751655|1984-10-20|1|2|1|5169|9|5||7|07|||8|71.0|171|||2||||||||||||52UZPE01152001T47MT04EBS001H041352UZPE01152001T47MT04EBS001H0413F0413|52UZPE01152001T47MT04EBS001H041352UZPE01152001T47MT04EBS001H0413F0413CC80751655
3|994|MARIA|PAULA|ZAMBRANO|ALAVA|TI|1080705808|2018-08-18|2|2|3|9998|3|5||8|07|||8|19.0|110|||2||||||||||||52UZPE01152001T47MT04EBS001H041352UZPE01152001T47MT04EBS001H0413F0413|52UZPE01152001T47MT04EBS001H041352UZPE01152001T47MT04EBS001H0413F0413TI1080705808
3|995|MIRIAM|DELSOCORRO|AYALA|BENAVIDES|CC|1085917043|1990-01-11|2|2|2|5169|9|1||7|07|||8|15.5|52|||2||||||||||||52UZPE01152001T47MT04EBS001H041352UZPE01152001T47MT04EBS001H0413F0413|52UZPE01152001T47MT04EBS001H041352UZPE01152001T47MT04EBS001H0413F0413CC1085917043
3|996|WILIAN|FERNANDO|SALAZAR|NOAPLICA|CC|1061810710|1998-05-27|1|2|1|9998|7|1||7|07|||8|60.0|170|||2||||||||||||52UZPE01152001T47MT04EBS001H041452UZPE01152001T47MT04EBS001H0414F0414|52UZPE01152001T47MT04EBS001H041452UZPE01152001T47MT04EBS001H0414F0414CC1061810710
3|997|AURA|LEONOR|OVIEDO|NOAPLICA|CC|23562187|2005-11-05|2|2|2|5169|3|2||7|07|||8|74.0|157|||2||||||||||||52UZPE01152001T47MT04EBS001H041652UZPE01152001T47MT04EBS001H0416F0416|52UZPE01152001T47MT04EBS001H041652UZPE01152001T47MT04EBS001H0416F0416CC23562187
3|998|GUILLERMO|ANDRES|MOSQUERA|NOAPLICA|CC|1085248966|1986-02-24|1|2|1|5169|5|2||7|07|||8|80.0|176|||2||||||||||||52UZPE01152001T47MT04EBS001H041652UZPE01152001T47MT04EBS001H0416F0416|52UZPE01152001T47MT04EBS001H041652UZPE01152001T47MT04EBS001H0416F0416CC1085248966
3|999|LUZ|ARIANA|MOSQUERA|OVIEDO|TI|1081057942|2010-07-06|2|2|3|9998|3|2||1|07|||8|50.0|155|||2||||||||||||52UZPE01152001T47MT04EBS001H041652UZPE01152001T47MT04EBS001H0416F0416|52UZPE01152001T47MT04EBS001H041652UZPE01152001T47MT04EBS001H0416F0416TI1081057942
3|1000|RUTH|ESTELA|HUERTAS|PORTILLA|CC|30723364|1961-09-12|2|2|1|9998|3|1||3|07|||8|62.0|162|||2||||||||||||52UZPE01152001T47MT04EBS001H041552UZPE01152001T47MT04EBS001H0415F0415|52UZPE01152001T47MT04EBS001H041552UZPE01152001T47MT04EBS001H0415F0415CC30723364
3|1001|ROBINSON|ARMANDO|ORTEGA|PERENGUEZ|CC|1082106153|1999-07-12|1|2|1|9998|7|1||7|07|||8|75.0|170|||2||||||||||||52UZPE01152001T47MT04EBS001H041752UZPE01152001T47MT04EBS001H0417F0417|52UZPE01152001T47MT04EBS001H041752UZPE01152001T47MT04EBS001H0417F0417CC1082106153
3|1002|NATALIA|MARCELA|PAREDES|NOAPLICA|CC|1085952341|1999-06-15|2|2|2|9998|7|2||7|07|||8|71.0|160|||2||||||||||||52UZPE01152001T47MT04EBS001H041752UZPE01152001T47MT04EBS001H0417F0417|52UZPE01152001T47MT04EBS001H041752UZPE01152001T47MT04EBS001H0417F0417CC1085952341
3|1003|CECILIA|DELCARMEN|PASCUAZA|DEGUERRERO|CC|27064976|1941-08-24|2|2|1|9998|2|1||3|07|||8|69.0|160|||2||||||||||||52UZPE01152001T47MT04EBS001H041952UZPE01152001T47MT04EBS001H0419F0419|52UZPE01152001T47MT04EBS001H041952UZPE01152001T47MT04EBS001H0419F0419CC27064976
3|1004|JAVIER|ALEXANDER|CHALAPUD|CABRERA|CC|1082104943|1992-05-20|1|2|2|5169|7|1||7|01|||8|85.0|165|||2||||||||||||52UZPE01152001T47MT04EBS001H042152UZPE01152001T47MT04EBS001H0421F0421|52UZPE01152001T47MT04EBS001H042152UZPE01152001T47MT04EBS001H0421F0421CC1082104943
3|1005|ANA|VICTORIA|ARGOTI|LASSO|CC|1085277784|1989-12-19|2|2|2|5169|7|2||7|07|||8|90.0|160|||2||||||||||||52UZPE01152001T47MT04EBS001H042152UZPE01152001T47MT04EBS001H0421F0421|52UZPE01152001T47MT04EBS001H042152UZPE01152001T47MT04EBS001H0421F0421CC1085277784
3|1006|WILMAR|CAMILO|QUELAL|VALENZUELA|CC|1085319259|1998-03-10|1|2|3|9510|7|1||7|07|||8|60.0|164|||2||||||||||||52UZPE01152001T47MT04EBS001H042252UZPE01152001T47MT04EBS001H0422F0422|52UZPE01152001T47MT04EBS001H042252UZPE01152001T47MT04EBS001H0422F0422CC1085319259
3|1007|VICTOR|HUGO|QUELAL|VALENZUELA|CC|1085300794|1992-10-07|2|2|3|9510|5|1||7|07|||8|58.0|162|||2||||||||||||52UZPE01152001T47MT04EBS001H042252UZPE01152001T47MT04EBS001H0422F0422|52UZPE01152001T47MT04EBS001H042252UZPE01152001T47MT04EBS001H0422F0422CC1085300794
3|1008|TERESA|DEJESUS|VALENZUELA|MONCAYO|CC|59817358|1970-12-25|2|2|1|9998|5|1||7|07|||8|84.0|159|||2||||||||||||52UZPE01152001T47MT04EBS001H042252UZPE01152001T47MT04EBS001H0422F0422|52UZPE01152001T47MT04EBS001H042252UZPE01152001T47MT04EBS001H0422F0422CC59817358
3|1009|NURY|PATRICIA|MUNOZ|CHAVEZ|CC|27088176|1977-02-08|2|2|5|5169|5|2||7|07|||8|72.0|160|||2||||||||||||52UZPE01152001T47MT04EBS001H042352UZPE01152001T47MT04EBS001H0423F0423|52UZPE01152001T47MT04EBS001H042352UZPE01152001T47MT04EBS001H0423F0423CC27088176
3|1010|SHARA|VICTORIA|ESTRADA|MUNOZ|CC|1081274487|2005-04-01|2|2|3|9998|7|2||7|07|||8|50.0|165|||2||||||||||||52UZPE01152001T47MT04EBS001H042352UZPE01152001T47MT04EBS001H0423F0423|52UZPE01152001T47MT04EBS001H042352UZPE01152001T47MT04EBS001H0423F0423CC1081274487
3|1011|VALERIA|NOAPLICA|GUERRERO|CASTILLO|TI|1025895704|2010-08-19|2|2|3|9998|3|5||1|07|||8|58.0|160|||2||||||||||||52UZPE01152001T47MT04EBS001H042052UZPE01152001T47MT04EBS001H0420F0420|52UZPE01152001T47MT04EBS001H042052UZPE01152001T47MT04EBS001H0420F0420TI1025895704
3|1012|HECTOR|JULIO|GUERRERO|PASCUAZA|CC|98388113|1974-05-28|1|2|5|9998|3|2||7|07|||8|81.0|170|||2||||||||||||52UZPE01152001T47MT04EBS001H042052UZPE01152001T47MT04EBS001H0420F0420|52UZPE01152001T47MT04EBS001H042052UZPE01152001T47MT04EBS001H0420F0420CC98388113
3|1013|NATALIA|ANDREA|DIAZ|GONZALEZ|CC|1006343988|2001-03-14|2|2|1|9622|3|1||7|07|||8|10.0|170|||2||||||||||||52UZPE01152001T47MT04EBS001H042452UZPE01152001T47MT04EBS001H0424F0424|52UZPE01152001T47MT04EBS001H042452UZPE01152001T47MT04EBS001H0424F0424CC1006343988
3|1014|JULIETH|NATALIA|ORTEGA|ONATE|CC|1081274879|2005-07-20|2|2|3|9998|3|1||7|07|||8|62.0|169|||2||||||||||||52UZPE01152001T47MT04EBS001H041852UZPE01152001T47MT04EBS001H0418F0418|52UZPE01152001T47MT04EBS001H041852UZPE01152001T47MT04EBS001H0418F0418CC1081274879
3|1015|YURLEY|ESTHEFANNY|ONATE|TATICUAN|CC|1085284666|1990-10-11|2|2|5|5169|9|2||7|07|||8|75.0|160|||2||||||||||||52UZPE01152001T47MT04EBS001H041852UZPE01152001T47MT04EBS001H0418F0418|52UZPE01152001T47MT04EBS001H041852UZPE01152001T47MT04EBS001H0418F0418CC1085284666
3|1016|ALEXANDER|NOAPLICA|ANAYA|DURAN|CC|88227153|1977-06-16|1|2|1|9622|7|5||7|07|||8|55.0|180|||2||||||||||||52UZPE01152001T47MT04EBS001H042552UZPE01152001T47MT04EBS001H0425F0425|52UZPE01152001T47MT04EBS001H042552UZPE01152001T47MT04EBS001H0425F0425CC88227153
3|1017|JENNIFER|DAYANA|ORTIZ|GAMBOA|CC|11438770077|1999-02-05|2|2|5|9998|5|2||7|07|||8|83.0|158|||2||||||||||||52UZPE01152001T47MT04EBS001H042752UZPE01152001T47MT04EBS001H0427F0427|52UZPE01152001T47MT04EBS001H042752UZPE01152001T47MT04EBS001H0427F0427CC11438770077
3|1018|YEISON|STIP|ROSERO|AZA|CC|1085324307|1995-10-12|1|2|2|5169|5|2||7|07|||8|64.0|174|||2||||||||||||52UZPE01152001T47MT04EBS001H042752UZPE01152001T47MT04EBS001H0427F0427|52UZPE01152001T47MT04EBS001H042752UZPE01152001T47MT04EBS001H0427F0427CC1085324307
3|1019|JOHAN|ROSERO|ROSERO|ORTIZ|RC|1081287758|2019-08-15|1|2|3|9998|3|2||8|07|||8|28.0|120|||2||||||||||||52UZPE01152001T47MT04EBS001H042752UZPE01152001T47MT04EBS001H0427F0427|52UZPE01152001T47MT04EBS001H042752UZPE01152001T47MT04EBS001H0427F0427RC1081287758
3|1020|JOSTIN|NICOLAS|GUERRERO|ESPINOSA|CC|1004191671|2002-10-22|1|2|3|9510|3|1||7|07|||8|70.0|173|||2||||||||||||52UZPE01152001T47MT04EBS001H042852UZPE01152001T47MT04EBS001H0428F0428|52UZPE01152001T47MT04EBS001H042852UZPE01152001T47MT04EBS001H0428F0428CC1004191671
3|1021|ANGELY|CAROLINA|GUERRERO|ESPINOSA|CC|1080690391|2004-04-05|2|2|3|9998|3|1||7|07|||8|60.0|156|||2||||||||||||52UZPE01152001T47MT04EBS001H042852UZPE01152001T47MT04EBS001H0428F0428|52UZPE01152001T47MT04EBS001H042852UZPE01152001T47MT04EBS001H0428F0428CC1080690391
3|1022|GINA|VERONICA|ESPINOSA|FRANCO|CC|36756044|1981-08-23|2|2|5|9510|3|1||7|07|||8|70.0|162|||2||||||||||||52UZPE01152001T47MT04EBS001H042852UZPE01152001T47MT04EBS001H0428F0428|52UZPE01152001T47MT04EBS001H042852UZPE01152001T47MT04EBS001H0428F0428CC36756044
3|1023|RICHARD|JAVIER|GUERRERO|ARTEAGA|CC|12752083|1982-08-23|1|2|5|9510|5|1||7|07|||8|75.0|168|||2||||||||||||52UZPE01152001T47MT04EBS001H042852UZPE01152001T47MT04EBS001H0428F0428|52UZPE01152001T47MT04EBS001H042852UZPE01152001T47MT04EBS001H0428F0428CC12752083
3|1024|JOHAN|SEBASTIAN|UYOA|PANTOJA|CC|1006513381|2001-01-21|1|2|1|9510|3|1||7|07|||8|55.0|160|||2||||||||||||52UZPE01152001T47MT04EBS001H042652UZPE01152001T47MT04EBS001H0426F0426|52UZPE01152001T47MT04EBS001H042652UZPE01152001T47MT04EBS001H0426F0426CC1006513381
3|1025|AMELIA|EMPERATRIZ|ERAZO|DEJARAMILLO|CC|30718564|1958-05-22|2|2|1|9998|2|2||3|07|||8|50.0|158|||2||||||||||||52UZPE01152001T47MT04EBS001H042952UZPE01152001T47MT04EBS001H0429F0429|52UZPE01152001T47MT04EBS001H042952UZPE01152001T47MT04EBS001H0429F0429CC30718564
3|1026|JOSE|ANDRES|RUSSI|MOLINA|CC|1053784211|1988-03-13|1|2|1|9622|9|2||7|07|||8|62.0|168|||2||||||||||||52UZPE01152001T47MT04EBS001H043052UZPE01152001T47MT04EBS001H0430F0430|52UZPE01152001T47MT04EBS001H043052UZPE01152001T47MT04EBS001H0430F0430CC1053784211
3|1027|LUISA|MARIA|PINZON|PINZON|CC|1081719984|1989-06-19|2|2|2|9622|9|2||7|07|||8|76.0|160|||2||||||||||||52UZPE01152001T47MT04EBS001H043052UZPE01152001T47MT04EBS001H0430F0430|52UZPE01152001T47MT04EBS001H043052UZPE01152001T47MT04EBS001H0430F0430CC1081719984
3|1028|MIGUEL|NOAPLICA|MARTINEZ|RIOS|CC|1004216019|2002-02-13|1|2|3|9998|3|1||7|07|||8|60.0|175|||2||||||||||||52UZPE01152001T47MT04EBS001H043152UZPE01152001T47MT04EBS001H0431F0431|52UZPE01152001T47MT04EBS001H043152UZPE01152001T47MT04EBS001H0431F0431CC1004216019
3|1029|GABRIEL|HERNANDO|RIOS|MORENO|CC|12997090|1970-04-11|1|2|5|5169|9|2||7|07|||8|10.0|175|||2||||||||||||52UZPE01152001T47MT04EBS001H043152UZPE01152001T47MT04EBS001H0431F0431|52UZPE01152001T47MT04EBS001H043152UZPE01152001T47MT04EBS001H0431F0431CC12997090
3|1030|JANETH|NOAPLICA|GUAQUEZ|CALDERON|CC|30730304|1965-03-03|2|2|3|9998|3|2||3|07|||8|69.0|160|||2||||||||||||52UZPE01152001T47MT04EBS001H043252UZPE01152001T47MT04EBS001H0432F0432|52UZPE01152001T47MT04EBS001H043252UZPE01152001T47MT04EBS001H0432F0432CC30730304
3|1031|LIAH|SOFIA|LOPEZ|FLOREZ|RC|1080071217|2020-09-26|2|2|3|9998|3|2||8|07|||8|||||2||||||||||||52UZPE01152001T47MT04EBS001H043452UZPE01152001T47MT04EBS001H0434F0434|52UZPE01152001T47MT04EBS001H043452UZPE01152001T47MT04EBS001H0434F0434RC1080071217
3|1032|ALEXANDER|NA|LOPEZ|PORTILLO|CC|1081054692|1988-08-26|1|2|1|5169|9|2||7|07|||8|69.0|174|||2||||||||||||52UZPE01152001T47MT04EBS001H043452UZPE01152001T47MT04EBS001H0434F0434|52UZPE01152001T47MT04EBS001H043452UZPE01152001T47MT04EBS001H0434F0434CC1081054692
3|1033|KAREN|CRISTHINA|FLOREZ|RIASCOS|CC|1085279112|1990-01-17|2|2|2|5169|9|2||7|07|||8|69.0|165|||2||||||||||||52UZPE01152001T47MT04EBS001H043452UZPE01152001T47MT04EBS001H0434F0434|52UZPE01152001T47MT04EBS001H043452UZPE01152001T47MT04EBS001H0434F0434CC1085279112
3|1034|GABRIELA|NA|ALARCON|EGAS|RC|1233195386|2022-07-24|2|2|3|9998|3|1||8|07|||8|||||2||||||||||||52UZPE01152001T47MT04EBS001H043552UZPE01152001T47MT04EBS001H0435F0435|52UZPE01152001T47MT04EBS001H043552UZPE01152001T47MT04EBS001H0435F0435RC1233195386
3|1035|DANIELA|NA|EGAS|ASPRILLA|CC|1143977428|1995-09-22|2|2|1|5169|7|1||7|07|||8|75.0|166|||2||||||||||||52UZPE01152001T47MT04EBS001H043552UZPE01152001T47MT04EBS001H0435F0435|52UZPE01152001T47MT04EBS001H043552UZPE01152001T47MT04EBS001H0435F0435CC1143977428
3|1036|JONATHAN|NA|ALARCON|MONDRAGON|CC|1144183989|1995-02-11|2|2|1|5169|9|1||7|07|||8|80.0|185|||2||||||||||||52UZPE01152001T47MT04EBS001H043552UZPE01152001T47MT04EBS001H0435F0435|52UZPE01152001T47MT04EBS001H043552UZPE01152001T47MT04EBS001H0435F0435CC1144183989
3|1037|FLOR|MARINA|MONTENEGRO|DEGUAQUEZ|CC|27076733|1949-03-17|2|2|5|9998|2|2||3|07|||8|68.0|148|||2||||||||||||52UZPE01152001T47MT04EBS001H043352UZPE01152001T47MT04EBS001H0433F0433|52UZPE01152001T47MT04EBS001H043352UZPE01152001T47MT04EBS001H0433F0433CC27076733
3|1038|FLOR|MARINA|GUAQUEZ|MONTENEGRO|CC|30738069|1967-11-11|2|2|3|9998|3|1||7|07|||8|64.0|148|||2||||||||||||52UZPE01152001T47MT04EBS001H043352UZPE01152001T47MT04EBS001H0433F0433|52UZPE01152001T47MT04EBS001H043352UZPE01152001T47MT04EBS001H0433F0433CC30738069
3|1039|MONICA|MARCELA|ERASO|SANCHEZ|CC|59820316|1972-11-05|2|2|2|9998|3|2||7|07|||8|70.0|165|||2||||||||||||52UZPE01152001T47MT04EBS001H043652UZPE01152001T47MT04EBS001H0436F0436|52UZPE01152001T47MT04EBS001H043652UZPE01152001T47MT04EBS001H0436F0436CC59820316
3|1040|MARIA|EVENCIA|SANCHEZ|DEERASO|CC|27241026|1938-02-15|2|2|5|9998|2|2||3|07|||8|65.0|155|||2||||||||||||52UZPE01152001T47MT04EBS001H043652UZPE01152001T47MT04EBS001H0436F0436|52UZPE01152001T47MT04EBS001H043652UZPE01152001T47MT04EBS001H0436F0436CC27241026
3|1041|JORGE|WILSON|OSORIO|NOAPLICA|CC|12968612|1958-02-14|1|2|1|9998|5|2||3|07|||8|67.0|162|||2||||||||||||52UZPE01152001T47MT04EBS001H043952UZPE01152001T47MT04EBS001H0439F0439|52UZPE01152001T47MT04EBS001H043952UZPE01152001T47MT04EBS001H0439F0439CC12968612
3|1042|SAMUEL|ALEJANDRO|BASTIDAS|RUIZ|CC|1138524535|2005-10-25|1|2|6|9999|3|2||7|07|||8|58.0|165|||2||||||||||||52UZPE01152001T47MT04EBS001H044152UZPE01152001T47MT04EBS001H0441F0441|52UZPE01152001T47MT04EBS001H044152UZPE01152001T47MT04EBS001H0441F0441CC1138524535
3|1043|ALVARO|JULIAN|BASTIDAS|MARTINEZ|CC|98389323|1974-07-31|1|2|5|5169|3|2||7|07|||8|90.0|170|||2||||||||||||52UZPE01152001T47MT04EBS001H037552UZPE01152001T47MT04EBS001H0375F0375|52UZPE01152001T47MT04EBS001H037552UZPE01152001T47MT04EBS001H0375F0375CC98389323
3|1044|MARIBEL|VERONICA|RUIZ|ROMERO|CC|27091504|1979-04-12|2|2|2|5169|3|2||7|07|||8|75.0|168|||2||||||||||||52UZPE01152001T47MT04EBS001H037552UZPE01152001T47MT04EBS001H0375F0375|52UZPE01152001T47MT04EBS001H037552UZPE01152001T47MT04EBS001H0375F0375CC27091504
3|1045|MAETHA|LUCIA|GUERRA|MALDONADO|CC|30842709|1968-06-10|2|2|2|9998|3|2||7|07|||8|59.0|162|||2||||||||||||52UZPE01152001T47MT04EBS001H044252UZPE01152001T47MT04EBS001H0442F0442|52UZPE01152001T47MT04EBS001H044252UZPE01152001T47MT04EBS001H0442F0442CC30842709
3|1046|ANDRES|FELIPE|CORDOBA|GUERRA|CC|1193271899|2001-12-01|2|2|3|9998|4|2||4|07|||1|70.0|177|||2||||||||||||52UZPE01152001T47MT04EBS001H044252UZPE01152001T47MT04EBS001H0442F0442|52UZPE01152001T47MT04EBS001H044252UZPE01152001T47MT04EBS001H0442F0442CC1193271899
3|1047|BERTA|ADRIANA|DIAZ|LEMOS|CC|59674999|1976-01-28|2|2|2|9998|3|1||7|07|||8|64.4|162|||2||||||||||||52UZPE01152001T47MT04EBS001H043852UZPE01152001T47MT04EBS001H0438F0438|52UZPE01152001T47MT04EBS001H043852UZPE01152001T47MT04EBS001H0438F0438CC59674999
3|1048|ALEXANDER|JOSE|VILLOTA|MONCAYO|CC|98383161|1972-09-30|1|2|2|5169|3|2||7|07|||8|75.0|172|||2||||||||||||52UZPE01152001T47MT04EBS001H043852UZPE01152001T47MT04EBS001H0438F0438|52UZPE01152001T47MT04EBS001H043852UZPE01152001T47MT04EBS001H0438F0438CC98383161
3|1049|RUBEN|DARIO|EGAS|DELGADO|CC|13068052|1972-12-09|1|2|1|5169|3|2||7|07|||8|86.0|170|||2||||||||||||52UZPE01152001T47MT04EBS001H044352UZPE01152001T47MT04EBS001H0443F0443|52UZPE01152001T47MT04EBS001H044352UZPE01152001T47MT04EBS001H0443F0443CC13068052
3|1050|PATRICIA|ISABEL|GOMEZ|BUCHELI|CC|30730456|1965-02-04|2|2|5|9998|3|2||3|07|||8|71.0|155|||2||||||||||||52UZPE01152001T47MT04EBS001H044452UZPE01152001T47MT04EBS001H0444F0444|52UZPE01152001T47MT04EBS001H044452UZPE01152001T47MT04EBS001H0444F0444CC30730456
3|1051|KAREN|NOAPLICA|LUNA|GOMEZ|CC|1085311130|1994-03-18|2|2|3|5169|11|2||7|07|||8|50.0|155|||2||||||||||||52UZPE01152001T47MT04EBS001H044452UZPE01152001T47MT04EBS001H0444F0444|52UZPE01152001T47MT04EBS001H044452UZPE01152001T47MT04EBS001H0444F0444CC1085311130
3|1052|MARIA|VALERIA|RESTREPO|GOMEZ|CC|1138525688|2007-10-06|2|2|6|9998|3|2||7|07|||8|56.0|157|||2||||||||||||52UZPE01152001T47MT04EBS001H044452UZPE01152001T47MT04EBS001H0444F0444|52UZPE01152001T47MT04EBS001H044452UZPE01152001T47MT04EBS001H0444F0444CC1138525688
3|1053|MARIA|PAULA|ENRIQUEZ|ORTIZ|CC|1234|2004-10-08|2|2|3|9998|3|2||7|07|||8|60.0|160|||2||||||||||||52UZPE01152001T47MT04EBS001H044552UZPE01152001T47MT04EBS001H0445F0445|52UZPE01152001T47MT04EBS001H044552UZPE01152001T47MT04EBS001H0445F0445CC1234
3|1054|ANDRES|NOTIENE|ENRIQUEZ|BENAVIDES|CC|98400293|1978-02-23|1|2|5|5169|9|2||7|07|||8|78.0|170|||2||||||||||||52UZPE01152001T47MT04EBS001H044552UZPE01152001T47MT04EBS001H0445F0445|52UZPE01152001T47MT04EBS001H044552UZPE01152001T47MT04EBS001H0445F0445CC98400293
3|1055|CARMEN|ADRIANA|ORTIZ|VILLOTA|CC|36750771|1978-10-03|2|2|5|9998|3|2||7|07|||8|59.8|154|||2||||||||||||52UZPE01152001T47MT04EBS001H044552UZPE01152001T47MT04EBS001H0445F0445|52UZPE01152001T47MT04EBS001H044552UZPE01152001T47MT04EBS001H0445F0445CC36750771
3|1056|ESTEBAN|ALEJANDRO|MARTINEZ|FIGUEROA|CC|1089568617|2006-01-16|1|2|3|9998|3|2||7|07|||8|67.0|168|||2||||||||||||52UZPE01152001T47MT04EBS001H044752UZPE01152001T47MT04EBS001H0447F0447|52UZPE01152001T47MT04EBS001H044752UZPE01152001T47MT04EBS001H0447F0447CC1089568617
3|1057|JEFERSON|MAURICIO|ROJAS|VILLOTA|CC|1131085227|1995-08-06|1|2|2|5169|5|2||7|07|||8|70.0|168|||2||||||||||||52UZPE01152001T47MT04EBS001H044752UZPE01152001T47MT04EBS001H0447F0447|52UZPE01152001T47MT04EBS001H044752UZPE01152001T47MT04EBS001H0447F0447CC1131085227
3|1058|IDALIA|SINNOMBRE|FIGUEROA|ZAMBRANO|CC|27085752|1984-12-30|2|2|5|9998|5|2||7|07|||8|75.0|156|||2||||||||||||52UZPE01152001T47MT04EBS001H044752UZPE01152001T47MT04EBS001H0447F0447|52UZPE01152001T47MT04EBS001H044752UZPE01152001T47MT04EBS001H0447F0447CC27085752
3|1059|MARTIN|ALEJANDRO|MARTINEZ|FIGUEROA|TI|1030002506|2017-12-04|1|2|3|9998|3|2||8|07|||8|24.0|123|||2||||||||||||52UZPE01152001T47MT04EBS001H044752UZPE01152001T47MT04EBS001H0447F0447|52UZPE01152001T47MT04EBS001H044752UZPE01152001T47MT04EBS001H0447F0447TI1030002506
3|1060|MIGUEL|ANGEL|MORA|MEZA|RC|1080709511|2021-12-14|1|2|3|9998|3|2||8|07|||8|||||2||||||||||||52UZPE01152001T47MT04EBS001H044952UZPE01152001T47MT04EBS001H0449F0449|52UZPE01152001T47MT04EBS001H044952UZPE01152001T47MT04EBS001H0449F0449RC1080709511
3|1061|LUISA|FERNANDA|MORA|NARAVEZ|CC|1085333293|1996-12-19|2|2|5|9622|9|2||7|07|||8|51.0|169|||2||||||||||||52UZPE01152001T47MT04EBS001H044952UZPE01152001T47MT04EBS001H0449F0449|52UZPE01152001T47MT04EBS001H044952UZPE01152001T47MT04EBS001H0449F0449CC1085333293
3|1062|SEBASTIAN|NOAPLICA|MEZA|SALDANAS|CC|1085323587|1995-09-26|1|2|2|5169|9|2||7|07|||8|59.0|174|||2||||||||||||52UZPE01152001T47MT04EBS001H044952UZPE01152001T47MT04EBS001H0449F0449|52UZPE01152001T47MT04EBS001H044952UZPE01152001T47MT04EBS001H0449F0449CC1085323587
3|1063|ORLANDO|NA|BURBANO|CERON|CC|12983117|1972-01-07|1|2|5|5169|3|2||7|07|||8|85.0|183|||2||||||||||||52UZPE01152001T47MT04EBS001H044852UZPE01152001T47MT04EBS001H0448F0448|52UZPE01152001T47MT04EBS001H044852UZPE01152001T47MT04EBS001H0448F0448CC12983117
3|1064|SANTIAGO|NA|BUITRAGO|BURBANO|RC|1250088209|2025-04-20|1|2|3|9998|3|2||8|07|||8|8.0|67|||2||||||||||||52UZPE01152001T47MT04EBS001H044852UZPE01152001T47MT04EBS001H0448F0448|52UZPE01152001T47MT04EBS001H044852UZPE01152001T47MT04EBS001H0448F0448RC1250088209
3|1065|AIDA|MILENA|BURBANO|SANTACRUZ|CC|1085257494|1987-03-25|2|2|3|9998|7|2||7|07|||8|98.4|168|||2||||||||||||52UZPE01152001T47MT04EBS001H044852UZPE01152001T47MT04EBS001H0448F0448|52UZPE01152001T47MT04EBS001H044852UZPE01152001T47MT04EBS001H0448F0448CC1085257494
3|1066|YOLIMA|NA|SANTACRUZ|MENA|CC|30736795|1977-07-14|2|2|5|5169|3|1||7|07|||8|70.0|160|||2||||||||||||52UZPE01152001T47MT04EBS001H044852UZPE01152001T47MT04EBS001H0448F0448|52UZPE01152001T47MT04EBS001H044852UZPE01152001T47MT04EBS001H0448F0448CC30736795
3|1067|JULIETA|NOAPLICA|VILLOTA|CORDOBA|RC|1080706421|2019-05-27|2|2|3|9998|3|2||8|07|||8|19.0|120|||2||||||||||||52UZPE01152001T47MT04EBS001H045052UZPE01152001T47MT04EBS001H0450F0450|52UZPE01152001T47MT04EBS001H045052UZPE01152001T47MT04EBS001H0450F0450RC1080706421
3|1068|XIMENA|MERCEDES|CORDOBA|ENRIQUEZ|CC|1085292715|1991-09-24|2|2|5|9510|3|2||7|07|||8|72.0|155|||2||||||||||||52UZPE01152001T47MT04EBS001H045052UZPE01152001T47MT04EBS001H0450F0450|52UZPE01152001T47MT04EBS001H045052UZPE01152001T47MT04EBS001H0450F0450CC1085292715
3|1069|FRANCISCO|JAVIER|VILLOTA|ORTEGA|CC|87070690|1985-09-03|2|2|2|5169|7|2||7|07|||8|72.0|165|||2||||||||||||52UZPE01152001T47MT04EBS001H045052UZPE01152001T47MT04EBS001H0450F0450|52UZPE01152001T47MT04EBS001H045052UZPE01152001T47MT04EBS001H0450F0450CC87070690
3|1070|JOSE|LIZANDRO|URBINA|VALLEJO|CC|1085251803|1986-07-30|1|2|2|5169|8|2||7|07|||8|66.0|170|||2||||||||||||52UZPE01152001T47MT04EBS001H043752UZPE01152001T47MT04EBS001H0437F0437|52UZPE01152001T47MT04EBS001H043752UZPE01152001T47MT04EBS001H0437F0437CC1085251803
3|1071|ANGELA|PATRICIA|BURBANO|BENAVIDES|CC|27082537|1978-01-09|2|2|2|5169|8|2||7|07|||8|53.0|150|||2||||||||||||52UZPE01152001T47MT04EBS001H043752UZPE01152001T47MT04EBS001H0437F0437|52UZPE01152001T47MT04EBS001H043752UZPE01152001T47MT04EBS001H0437F0437CC27082537
3|1072|JUAN|JOSE|URBINA|BURBANO|TI|1080057615|2010-08-09|1|2|3|9998|3|2||1|07|||8|48.0|153|||2||||||||||||52UZPE01152001T47MT04EBS001H043752UZPE01152001T47MT04EBS001H0437F0437|52UZPE01152001T47MT04EBS001H043752UZPE01152001T47MT04EBS001H0437F0437TI1080057615
3|1073|RICARDO|NOAPLICA|CABRERA|OBANDO|CC|12999144|1968-09-10|1|2|2|9510|3|2||7|07|||8|75.0|170|||2||||||||||||52UZPE01152001T47MT04EBS001H045152UZPE01152001T47MT04EBS001H0451F0451|52UZPE01152001T47MT04EBS001H045152UZPE01152001T47MT04EBS001H0451F0451CC12999144
3|1074|AMANDA|LUCIA|NARVAEZ|ORDONEZ|CC|30741769|1969-01-22|2|2|5|9998|2|1||7|07|||8|89.0|155|||2||||||||||||52UZPE01152001T47MT04EBS001H045152UZPE01152001T47MT04EBS001H0451F0451|52UZPE01152001T47MT04EBS001H045152UZPE01152001T47MT04EBS001H0451F0451CC30741769
3|1075|DANILO|JAVIER|ARBOLEDA|LOPEZ|CC|1085270858|1989-01-29|1|2|2|5169|7|2||7|07|||8|58.0|160|||2||||||||||||52UZPE01152001T47MT04EBS001H045252UZPE01152001T47MT04EBS001H0452F0452|52UZPE01152001T47MT04EBS001H045252UZPE01152001T47MT04EBS001H0452F0452CC1085270858
3|1076|ALEJANDRA|NA|ALARCON|MUNOZ|CC|1085312956|1994-06-03|2|2|2|5169|9|2||7|07|||8|58.0|156|||2||||||||||||52UZPE01152001T47MT04EBS001H045252UZPE01152001T47MT04EBS001H0452F0452|52UZPE01152001T47MT04EBS001H045252UZPE01152001T47MT04EBS001H0452F0452CC1085312956
3|1077|ZOE|VALENTINA|ARBOLEDA|ALARCON|RC|1080711624|2024-06-23|2|2|3|9998|3|2||8|07|||8|||||2||||||||||||52UZPE01152001T47MT04EBS001H045252UZPE01152001T47MT04EBS001H0452F0452|52UZPE01152001T47MT04EBS001H045252UZPE01152001T47MT04EBS001H0452F0452RC1080711624
3|1078|SAMUEL|ALEJANDRO|MAFLA|CASTILLO|CC|1004217476|2003-07-22|1|2|1|9998|5|2||7|07|||8|60.0|175|||2||||||||||||52UZPE01152001T47MT04EBS001H045352UZPE01152001T47MT04EBS001H0453F0453|52UZPE01152001T47MT04EBS001H045352UZPE01152001T47MT04EBS001H0453F0453CC1004217476
3|1079|MARTA|CECILIA|CEBALLOS|SOLARTE|CC|30716298|1955-04-28|2|2|1|9998|2|2||3|07|||8|72.0|174|||2||||||||||||52UZPE01152001T47MT04EBS001H045452UZPE01152001T47MT04EBS001H0454F0454|52UZPE01152001T47MT04EBS001H045452UZPE01152001T47MT04EBS001H0454F0454CC30716298
3|1080|ANDRES|FERNANDO|PANTOJA|GUERRERO|CC|98388687|1974-08-07|1|2|1|9622|9|2||7|07|||8|98.0|179|||2||||||||||||52UZPE01152001T47MT04EBS001H045552UZPE01152001T47MT04EBS001H0455F0455|52UZPE01152001T47MT04EBS001H045552UZPE01152001T47MT04EBS001H0455F0455CC98388687
3|1081|YERALDITH|NOAPLICA|MINGAN|PORTILLO|CC|1087288941|1991-06-05|2|2|2|5169|7|2||7|07|||8|65.0|165|||2||||||||||||52UZPE01152001T47MT04EBS001H045552UZPE01152001T47MT04EBS001H0455F0455|52UZPE01152001T47MT04EBS001H045552UZPE01152001T47MT04EBS001H0455F0455CC1087288941
3|1082|ALEJANDRA|ISABEL|GUERRERO|PASCUAZA|CC|59825372|1971-11-14|2|2|1|9998|5|5||7|07|||8|60.0|160|||2||||||||||||52UZPE01152001T47MT04EBS001H045652UZPE01152001T47MT04EBS001H0456F0456|52UZPE01152001T47MT04EBS001H045652UZPE01152001T47MT04EBS001H0456F0456CC59825372
3|1083|JUAN|MANUEL|BENITEZ|GUERRERO|CC|1081055279|2007-05-01|1|2|3|9998|5|5||7|07|||8|64.0|175|||2||||||||||||52UZPE01152001T47MT04EBS001H045652UZPE01152001T47MT04EBS001H0456F0456|52UZPE01152001T47MT04EBS001H045652UZPE01152001T47MT04EBS001H0456F0456CC1081055279
3|1084|PORTILLA|NARVAEZ|BERTHA|MIRIAM|CC|27108293|1965-07-21|2|2|1|9998|5|1||3|07|||8|60.0|160|||2||||||||||||52UZPE01152001T47MT04EBS001H045752UZPE01152001T47MT04EBS001H0457F0457|52UZPE01152001T47MT04EBS001H045752UZPE01152001T47MT04EBS001H0457F0457CC27108293
3|1085|MARIA|ALEJANDRA|QUINTERO|BASTIDAS|TI|1085688838|2010-04-09|2|2|6|9998|3|1||1|07|||8|60.0|166|||2||||||||||||52UZPE01152001T47MT04EBS001H044652UZPE01152001T47MT04EBS001H0446F0446|52UZPE01152001T47MT04EBS001H044652UZPE01152001T47MT04EBS001H0446F0446TI1085688838
3|1086|PAULA|ANDREA|RODRIGUEZ|MUNOZ|CC|1084502502|1997-08-05|2|2|4|9510|7|1||7|07|||8|60.0|163|||2||||||||||||52UZPE01152001T47MT04EBS001H045952UZPE01152001T47MT04EBS001H0459F0459|52UZPE01152001T47MT04EBS001H045952UZPE01152001T47MT04EBS001H0459F0459CC1084502502
3|1087|LUCERO|SINNOMBRE|RODRIGUEZ|MUNOZ|CC|1084550647|2006-02-10|2|2|4|9998|3|2||7|07|||8|75.0|163|||2||||||||||||52UZPE01152001T47MT04EBS001H045952UZPE01152001T47MT04EBS001H0459F0459|52UZPE01152001T47MT04EBS001H045952UZPE01152001T47MT04EBS001H0459F0459CC1084550647
3|1088|ALDEMAR|ALEXANDER|CORDERO|BURBANO|CC|13072446|1981-10-10|1|2|2|9510|8|1||7|07|||8|79.0|180|||2||||||||||||52UZPE01152001T47MT04EBS001H046052UZPE01152001T47MT04EBS001H0460F0460|52UZPE01152001T47MT04EBS001H046052UZPE01152001T47MT04EBS001H0460F0460CC13072446
3|1089|NANCY|LILIANA|BURBANO|SANTACRUZ|CC|1085257493|1987-03-25|2|2|2|5169|7|2||7|07|||8|90.0|168|||2||||||||||||52UZPE01152001T47MT04EBS001H046052UZPE01152001T47MT04EBS001H0460F0460|52UZPE01152001T47MT04EBS001H046052UZPE01152001T47MT04EBS001H0460F0460CC1085257493
3|1090|JOSE|ALVEIRO|GUERRERO|BOLANOS|CC|87068870|1985-03-31|1|2|2|5169|7|2||7|07|||8|82.0|179|||2||||||||||||52UZPE01152001T47MT04EBS001H046152UZPE01152001T47MT04EBS001H0461F0461|52UZPE01152001T47MT04EBS001H046152UZPE01152001T47MT04EBS001H0461F0461CC87068870
3|1091|LIZETH|YANINA|DELGADO|NANEZ|CC|1089478101|1986-02-15|2|2|2|9622|8|1||7|07|||8|60.2|160|||2||||||||||||52UZPE01152001T47MT04EBS001H046152UZPE01152001T47MT04EBS001H0461F0461|52UZPE01152001T47MT04EBS001H046152UZPE01152001T47MT04EBS001H0461F0461CC1089478101
3|1092|MELANI|VICTORIA|GUERRERO|DELGADO|RC|1080070463|2020-02-08|2|2|3|9998|3|1||8|07|||8|||||2||||||||||||52UZPE01152001T47MT04EBS001H046152UZPE01152001T47MT04EBS001H0461F0461|52UZPE01152001T47MT04EBS001H046152UZPE01152001T47MT04EBS001H0461F0461RC1080070463
3|1093|ASLI|DAILA|GUERRERO|DELGADO|TI|1080059207|2011-06-28|2|2|3|9998|3|2||1|07|||8|62.0|162|||2||||||||||||52UZPE01152001T47MT04EBS001H046152UZPE01152001T47MT04EBS001H0461F0461|52UZPE01152001T47MT04EBS001H046152UZPE01152001T47MT04EBS001H0461F0461TI1080059207
3|1094|CARMEN|ALICIA|SOLARTE|NOAPLICA|CC|30900120|1959-07-25|2|2|1|9998|2|2||3|07|||8|67.0|152|||2||||||||||||52UZPE01152001T47MT04EBS001H046252UZPE01152001T47MT04EBS001H0462F0462|52UZPE01152001T47MT04EBS001H046252UZPE01152001T47MT04EBS001H0462F0462CC30900120
3|1095|YENIFER|DANIELA|DIAZ|MUNOZ|CC|1004731709|2001-06-19|2|2|6|9998|3|1||7|07|||8|60.0|160|||2||||||||||||52UZPE01152001T47MT04EBS001H046352UZPE01152001T47MT04EBS001H0463F0463|52UZPE01152001T47MT04EBS001H046352UZPE01152001T47MT04EBS001H0463F0463CC1004731709
3|1096|CRISTIAN|DANILO|ECHEVERRY|CAEZ|CC|59350048|2004-09-24|1|2|3|9510|3|2||7|07|||8|60.0|171|||2||||||||||||52UZPE01152001T47MT04EBS001H046552UZPE01152001T47MT04EBS001H0465F0465|52UZPE01152001T47MT04EBS001H046552UZPE01152001T47MT04EBS001H0465F0465CC59350048
3|1097|YERSON|ESTIVEN|ECHEVERRY|CAEZ|CC|1004217507|2001-09-09|1|2|3|9510|3|5||7|07|||8|68.0|170|||2||||||||||||52UZPE01152001T47MT04EBS001H046552UZPE01152001T47MT04EBS001H0465F0465|52UZPE01152001T47MT04EBS001H046552UZPE01152001T47MT04EBS001H0465F0465CC1004217507
3|1098|LOURDES|DELCARMEN|CAEZ|NOAPLICA|CC|37084551|1983-07-10|2|2|1|9510|3|2||7|07|||8|60.0|162|||2||||||||||||52UZPE01152001T47MT04EBS001H046552UZPE01152001T47MT04EBS001H0465F0465|52UZPE01152001T47MT04EBS001H046552UZPE01152001T47MT04EBS001H0465F0465CC37084551
3|1099|LENIS|ASTRID|HERNANDEZ|ORDONEZ|CC|69008521|1982-09-18|2|2|2|5169|9|2||7|07|||8|62.0|158|||2||||||||||||52UZPE01152001T47MT04EBS001H046752UZPE01152001T47MT04EBS001H0467F0467|52UZPE01152001T47MT04EBS001H046752UZPE01152001T47MT04EBS001H0467F0467CC69008521
3|1100|JORGE|LUIS|LOPEZ|RAMOS|CC|1085253456|1986-10-24|1|2|1|9998|9|2||7|07|||8|70.0|160|||2||||||||||||52UZPE01152001T47MT04EBS001H046752UZPE01152001T47MT04EBS001H0467F0467|52UZPE01152001T47MT04EBS001H046752UZPE01152001T47MT04EBS001H0467F0467CC1085253456
3|1101|ANYI|PAOLA|NANEZ|CAICEDO|CC|1088975714|1996-11-25|2|2|6|9998|5|1||7|07|||8|53.0|151|||2||||||||||||52UZPE01152001T47MT04EBS001H046452UZPE01152001T47MT04EBS001H0464F0464|52UZPE01152001T47MT04EBS001H046452UZPE01152001T47MT04EBS001H0464F0464CC1088975714
3|1102|LUZ|MARIA|POTOSI|CHAMORRO|CC|272038131|1968-10-12|2|2|1|9998|5|1||7|07|||8|68.0|155|||2||||||||||||52UZPE01152001T47MT04EBS001H046952UZPE01152001T47MT04EBS001H0469F0469|52UZPE01152001T47MT04EBS001H046952UZPE01152001T47MT04EBS001H0469F0469CC272038131
3|1103|INGRID|ELIZETH|RIVAS|LUCERO|CC|1085310684|1993-10-27|2|2|5|9998|7|2||7|07|||8|64.0|151|||2||||||||||||52UZPE01152001T47MT04EBS001H047052UZPE01152001T47MT04EBS001H0470F0470|52UZPE01152001T47MT04EBS001H047052UZPE01152001T47MT04EBS001H0470F0470CC1085310684
3|1104|THIAGO|SEBASTIAN|JOSA|RIVAS|TI|1080702152|2016-02-20|1|2|3|9998|3|1||8|07|||8|40.0|140|||2||||||||||||52UZPE01152001T47MT04EBS001H047052UZPE01152001T47MT04EBS001H0470F0470|52UZPE01152001T47MT04EBS001H047052UZPE01152001T47MT04EBS001H0470F0470TI1080702152
3|1105|LUIS|CARLOS|JOSA|ROSERO|CC|1131085378|1997-06-30|1|2|1|9999|5|1||7|07|||8|70.0|175|||2||||||||||||52UZPE01152001T47MT04EBS001H047052UZPE01152001T47MT04EBS001H0470F0470|52UZPE01152001T47MT04EBS001H047052UZPE01152001T47MT04EBS001H0470F0470CC1131085378
3|1106|SANDRA|PATRICIA|MUNOZ|NOAPLICA|CC|59823018|1971-11-03|2|2|1|9510|5|2||7|07|||8|56.0|155|||2||||||||||||52UZPE01152001T47MT04EBS001H047152UZPE01152001T47MT04EBS001H0471F0471|52UZPE01152001T47MT04EBS001H047152UZPE01152001T47MT04EBS001H0471F0471CC59823018
3|1107|MARIA|ROCELIA|BOLANOS|NOAPLICA|CC|27274116|1944-08-11|2|2|1|9998|3|2||3|07|||8|53.0|140|||2||||||||||||52UZPE01152001T47MT04EBS001H047252UZPE01152001T47MT04EBS001H0472F0472|52UZPE01152001T47MT04EBS001H047252UZPE01152001T47MT04EBS001H0472F0472CC27274116
3|1108|GLORIA|MERCEDES|CHAVEZ|CHAMORRO|CC|59829779|1972-10-29|2|2|1|9998|3|1||7|07|||8|67.0|163|||2||||||||||||52UZPE01152001T47MT04EBS001H047352UZPE01152001T47MT04EBS001H0473F0473|52UZPE01152001T47MT04EBS001H047352UZPE01152001T47MT04EBS001H0473F0473CC59829779
3|1109|JAVIER|SIGILFREDO|ROJAS|SOLTARTE|CC|5249788|1959-12-03|1|2|1|9510|3|2||3|07|||8|75.0|177|||2||||||||||||52UZPE01152001T47MT04EBS001H047452UZPE01152001T47MT04EBS001H0474F0474|52UZPE01152001T47MT04EBS001H047452UZPE01152001T47MT04EBS001H0474F0474CC5249788
3|1110|ROSA|MIRIAN|GOMEZ|ORDONEZ|CC|59816319|1970-07-01|2|2|2|9998|3|2||7|07|||8|75.0|165|||2||||||||||||52UZPE01152001T47MT04EBS001H047452UZPE01152001T47MT04EBS001H0474F0474|52UZPE01152001T47MT04EBS001H047452UZPE01152001T47MT04EBS001H0474F0474CC59816319
3|1111|VIVIANA|ESTEFANIA|ROJAS|GOMEZ|CC|1004191439|2002-07-15|2|2|3|9998|5|2||7|07|||8|60.0|168|||2||||||||||||52UZPE01152001T47MT04EBS001H047452UZPE01152001T47MT04EBS001H0474F0474|52UZPE01152001T47MT04EBS001H047452UZPE01152001T47MT04EBS001H0474F0474CC1004191439
3|1112|PAOLA|ANDREA|MARTINEZ|DAZA|CC|1005893637|2002-07-17|2|2|3|9998|5|2||7|07|||8|63.0|155|||2||||||||||||52UZPE01152001T47MT04EBS001H047552UZPE01152001T47MT04EBS001H0475F0475|52UZPE01152001T47MT04EBS001H047552UZPE01152001T47MT04EBS001H0475F0475CC1005893637
3|1113|LENIN|NOAPLICA|MARTINEZ|MESA|CC|983917040|1977-05-06|1|2|1|5169|4|2||7|07|||8|76.0|176|||2||||||||||||52UZPE01152001T47MT04EBS001H047552UZPE01152001T47MT04EBS001H0475F0475|52UZPE01152001T47MT04EBS001H047552UZPE01152001T47MT04EBS001H0475F0475CC983917040
3|1114|JESSICA|ALEXANDRA|UNIGARRO|NOAPLICA|CC|1081272429|2003-12-17|2|2|1|9998|3|2||7|07|||8|45.0|150|||2||||||||||||52UZPE01152001T47MT04EBS001H047652UZPE01152001T47MT04EBS001H0476F0476|52UZPE01152001T47MT04EBS001H047652UZPE01152001T47MT04EBS001H0476F0476CC1081272429
3|1115|ALVARO|JULIAN|BASTIDAS|MARTINEZ|CC|983893231|1974-07-31|1|2|5|9510|3|2||7|07|||8|85.0|170|||2||||||||||||52UZPE01152001T47MT04EBS001H044052UZPE01152001T47MT04EBS001H0440F0440|52UZPE01152001T47MT04EBS001H044052UZPE01152001T47MT04EBS001H0440F0440CC983893231
3|1116|MARIBEL|VERONICA|RUIZ|ROMERO|CC|270915041|1979-08-12|2|2|2|9510|3|2||7|07|||8|75.0|160|||2||||||||||||52UZPE01152001T47MT04EBS001H044052UZPE01152001T47MT04EBS001H0440F0440|52UZPE01152001T47MT04EBS001H044052UZPE01152001T47MT04EBS001H0440F0440CC270915041
3|1117|ANA|PAOLA|VERA|VERA|PT|5420616|1995-11-04|2|2|2|9998|9|1||7|07|||8|65.0|169|||2||||||||||||52UZPE01152001T47MT04EBS001H047752UZPE01152001T47MT04EBS001H0477F0477|52UZPE01152001T47MT04EBS001H047752UZPE01152001T47MT04EBS001H0477F0477PT5420616
3|1118|JESUS|ALBERTO|SALAZAR|SALAZAR|PT|54206161|1995-12-07|1|2|2|9998|9|1||7|07|||8|63.0|173|||2||||||||||||52UZPE01152001T47MT04EBS001H047752UZPE01152001T47MT04EBS001H0477F0477|52UZPE01152001T47MT04EBS001H047752UZPE01152001T47MT04EBS001H0477F0477PT54206161
3|1119|ANDRES|FELIPE|VALENCIA|ERAZO|CC|1087107232|2002-10-15|1|2|6|9998|3|1||7|07|||8|69.0|170|||2||||||||||||52UZPE01152001T47MT04EBS001H047852UZPE01152001T47MT04EBS001H0478F0478|52UZPE01152001T47MT04EBS001H047852UZPE01152001T47MT04EBS001H0478F0478CC1087107232
3|1120|JENIFER|TATIANA|ERAZO|JOJOA|CC|1127080648|1999-09-14|2|2|6|9510|3|1||7|07|||8|67.0|165|||2||||||||||||52UZPE01152001T47MT04EBS001H047952UZPE01152001T47MT04EBS001H0479F0479|52UZPE01152001T47MT04EBS001H047952UZPE01152001T47MT04EBS001H0479F0479CC1127080648
3|1121|DARIO|FERNANDO|INCHUCHALA|CASTRO|CC|98383447|1971-01-06|1|2|5|9510|3|1||3|07|||8|60.0|158|||2||||||||||||52UZPE01152001T47MT04EBS001H048052UZPE01152001T47MT04EBS001H0480F0480|52UZPE01152001T47MT04EBS001H048052UZPE01152001T47MT04EBS001H0480F0480CC98383447
3|1122|DOMINIC|ISAAC|ROSERO|INCHUCHALA|RC|1080074583|2024-04-10|1|2|3|9998|3|1||8|07|||8|||||2||||||||||||52UZPE01152001T47MT04EBS001H048152UZPE01152001T47MT04EBS001H0481F0481|52UZPE01152001T47MT04EBS001H048152UZPE01152001T47MT04EBS001H0481F0481RC1080074583
3|1123|AXEL|ANDRES|TELLO|INCHUCHALA|RC|1085956966|2020-01-01|1|2|3|9998|3|1||8|07|||8|||||2||||||||||||52UZPE01152001T47MT04EBS001H048152UZPE01152001T47MT04EBS001H0481F0481|52UZPE01152001T47MT04EBS001H048152UZPE01152001T47MT04EBS001H0481F0481RC1085956966
3|1124|MARIA|JOSE|INCHUCHALA|CALVACHE|CC|1233189935|1997-07-13|2|2|1|9510|3|1||7|07|||8|72.0|168|||2||||||||||||52UZPE01152001T47MT04EBS001H048152UZPE01152001T47MT04EBS001H0481F0481|52UZPE01152001T47MT04EBS001H048152UZPE01152001T47MT04EBS001H0481F0481CC1233189935
3|1125|LUCY|LUCY|RODRIGUEZ|CUPACAN|CC|36308793|1982-07-29|2|2|5|9510|3|5||7|07|||8|68.0|158|||2||||||||||||52UZPE01152001T47MT04EBS001H048252UZPE01152001T47MT04EBS001H0482F0482|52UZPE01152001T47MT04EBS001H048252UZPE01152001T47MT04EBS001H0482F0482CC36308793
3|1126|JUAN|NOAPLICA|DELACRUZ|RODRIGUEZ|TI|1081062668|2015-09-07|1|2|3|9998|3|2||8|07|||8|48.0|142|||2||||||||||||52UZPE01152001T47MT04EBS001H048252UZPE01152001T47MT04EBS001H0482F0482|52UZPE01152001T47MT04EBS001H048252UZPE01152001T47MT04EBS001H0482F0482TI1081062668
3|1127|SARA|CAMILA|DELACRUZ|RODRIGUEZ|CC|1105463092|2005-12-16|2|2|3|9998|3|2||7|07|||8|59.0|155|||2||||||||||||52UZPE01152001T47MT04EBS001H048252UZPE01152001T47MT04EBS001H0482F0482|52UZPE01152001T47MT04EBS001H048252UZPE01152001T47MT04EBS001H0482F0482CC1105463092
3|1128|LINA|MILETH|IBATA|HERNADEZ|CC|1108829522|1988-01-01|2|2|5|9998|7|1||7|07|||8|76.0|172|||2||||||||||||52UZPE01152001T47MT04EBS001H048352UZPE01152001T47MT04EBS001H0483F0483|52UZPE01152001T47MT04EBS001H048352UZPE01152001T47MT04EBS001H0483F0483CC1108829522
3|1129|CRISTIAN|CAMILO|CERON|PENAFIEL|CC|1085249373|1985-05-18|1|2|5|5169|8|2||7|07|||8|89.0|177|||2||||||||||||52UZPE01152001T47MT04EBS001H048352UZPE01152001T47MT04EBS001H0483F0483|52UZPE01152001T47MT04EBS001H048352UZPE01152001T47MT04EBS001H0483F0483CC1085249373
3|1130|SOFIA|CAROLINA|CERON|IBATA|RC|1030004763|2025-07-28|2|2|3|9998|3|1||8|07|||8|||||2||||||||||||52UZPE01152001T47MT04EBS001H048352UZPE01152001T47MT04EBS001H0483F0483|52UZPE01152001T47MT04EBS001H048352UZPE01152001T47MT04EBS001H0483F0483RC1030004763
3|1131|MARIA|CAMILA|CERON|IBATA|RC|1031544565|2018-07-10|2|2|3|9998|3|1||8|07|||8|22.0|123|||2||||||||||||52UZPE01152001T47MT04EBS001H048352UZPE01152001T47MT04EBS001H0483F0483|52UZPE01152001T47MT04EBS001H048352UZPE01152001T47MT04EBS001H0483F0483RC1031544565
3|1132|MARCELA|ANDREA|MONTERO|GUERRA|CC|1233190851|2000-12-16|2|2|3|5169|5|2||7|07|||8|60.0|170|||2||||||||||||52UZPE01152001T47MT04EBS001H048452UZPE01152001T47MT04EBS001H0484F0484|52UZPE01152001T47MT04EBS001H048452UZPE01152001T47MT04EBS001H0484F0484CC1233190851
3|1133|ISAAC|MAXIMILIANO|DAVALOS|MONTERO|RC|1080710863|2023-06-24|1|2|6|9998|3|2||8|07|||8|8.0|70|||2||||||||||||52UZPE01152001T47MT04EBS001H048452UZPE01152001T47MT04EBS001H0484F0484|52UZPE01152001T47MT04EBS001H048452UZPE01152001T47MT04EBS001H0484F0484RC1080710863
3|1134|NELY|PATRICIA|GUERRA|MALDONADO|CC|3728860|1965-01-27|2|2|1|9998|3|1||3|07|||8|78.0|155|||2||||||||||||52UZPE01152001T47MT04EBS001H048452UZPE01152001T47MT04EBS001H0484F0484|52UZPE01152001T47MT04EBS001H048452UZPE01152001T47MT04EBS001H0484F0484CC3728860
3|1135|DAYANA|CAROLINA|BASCONES|ORTIZ|CC|1085270588|1988-10-07|2|2|1|9510|7|2||7|07|||8|50.0|164|||2||||||||||||52UZPE01152001T47MT04EBS001H048552UZPE01152001T47MT04EBS001H0485F0485|52UZPE01152001T47MT04EBS001H048552UZPE01152001T47MT04EBS001H0485F0485CC1085270588
3|1136|JULIANA|BALENTINA|ROSERO|VASCONES|TI|1080701588|2015-08-19|2|2|3|9998|3|2||8|07|||8|45.0|155|||2||||||||||||52UZPE01152001T47MT04EBS001H048552UZPE01152001T47MT04EBS001H0485F0485|52UZPE01152001T47MT04EBS001H048552UZPE01152001T47MT04EBS001H0485F0485TI1080701588
3|1137|DANA|SOFIA|VALENZUELA|CARDENAS|RC|1080709670|2022-04-03|2|2|3|9998|3|1||8|07|||8|25.0|90|||2||||||||||||52UZPE01152001T47MT04EBS001H048652UZPE01152001T47MT04EBS001H0486F0486|52UZPE01152001T47MT04EBS001H048652UZPE01152001T47MT04EBS001H0486F0486RC1080709670
3|1138|YARITHZA|NOAPLICA|CARDENAS|AREVALO|CC|27091556|1979-10-11|2|2|2|9510|3|1||7|07|||8|72.0|160|||2||||||||||||52UZPE01152001T47MT04EBS001H048652UZPE01152001T47MT04EBS001H0486F0486|52UZPE01152001T47MT04EBS001H048652UZPE01152001T47MT04EBS001H0486F0486CC27091556
3|1139|CARLOS|ANDRES|VALENZUELA|NOAPLICA|CC|1085285709|1990-07-15|1|2|1|9510|7|5||7|07|||8|70.0|75|||2||||||||||||52UZPE01152001T47MT04EBS001H048652UZPE01152001T47MT04EBS001H0486F0486|52UZPE01152001T47MT04EBS001H048652UZPE01152001T47MT04EBS001H0486F0486CC1085285709
3|1140|EUGENIA|DELPILAR|SARCHI|VELASQUEZ|CC|59815902|1971-09-20|2|2|5|9510|2|1||7|07|||8|68.0|160|||2||||||||||||52UZPE01152001T47MT04EBS001H048752UZPE01152001T47MT04EBS001H0487F0487|52UZPE01152001T47MT04EBS001H048752UZPE01152001T47MT04EBS001H0487F0487CC59815902
3|1141|BRANDON|DARIO|QUIROZ|SARCHI|CC|1233196198|1995-04-05|1|2|3|5169|7|2||7|07|||8|75.0|170|||2||||||||||||52UZPE01152001T47MT04EBS001H048852UZPE01152001T47MT04EBS001H0488F0488|52UZPE01152001T47MT04EBS001H048852UZPE01152001T47MT04EBS001H0488F0488CC1233196198
3|1142|MARIO|ANFRES|RAMIREZ|JOJOA|CC|1233190569|1987-11-18|1|2|3|9998|4|2||7|07|||8|69.0|168|||2||||||||||||52UZPE01152001T47MT04EBS001H048952UZPE01152001T47MT04EBS001H0489F0489|52UZPE01152001T47MT04EBS001H048952UZPE01152001T47MT04EBS001H0489F0489CC1233190569
3|1143|SOILA|EDITH|JOJOA|LOPEZ|CC|59819245|1970-01-01|2|2|1|9998|2|2||7|07|||8|15.3|58|||2||||||||||||52UZPE01152001T47MT04EBS001H048952UZPE01152001T47MT04EBS001H0489F0489|52UZPE01152001T47MT04EBS001H048952UZPE01152001T47MT04EBS001H0489F0489CC59819245
3|1144|ELSA|PATRICIA|SANCLEMENTE|HIDALGO|CC|66866126|1972-11-15|2|2|1|9998|2|1||7|07|||8|70.0|160|||2||||||||||||52UZPE01152001T47MT04EBS001H049252UZPE01152001T47MT04EBS001H0492F0492|52UZPE01152001T47MT04EBS001H049252UZPE01152001T47MT04EBS001H0492F0492CC66866126
3|1145|NALLIBY|NOAPLICA|BOTINA|SANCLEMENTE|CC|1085337569|1987-09-26|2|2|3|9998|3|1||7|07|||8|54.0|154|||2||||||||||||52UZPE01152001T47MT04EBS001H049252UZPE01152001T47MT04EBS001H0492F0492|52UZPE01152001T47MT04EBS001H049252UZPE01152001T47MT04EBS001H0492F0492CC1085337569
3|1146|DARYULI|NOAPLICA|BOTINA|SANCLEMENTE|CC|1004283535|2003-06-10|2|2|3|9998|3|1||7|01|||8|60.0|156|||2||||||||||||52UZPE01152001T47MT04EBS001H049252UZPE01152001T47MT04EBS001H0492F0492|52UZPE01152001T47MT04EBS001H049252UZPE01152001T47MT04EBS001H0492F0492CC1004283535
3|1147|FRANCY|ESTEFANNY|ROSERO|ENRIQUEZ|CC|1094890161|1987-05-28|2|2|5|9998|3|1||7|07|||8|60.0|167|||2||||||||||||52UZPE01152001T47MT04EBS001H049352UZPE01152001T47MT04EBS001H0493F0493|52UZPE01152001T47MT04EBS001H049352UZPE01152001T47MT04EBS001H0493F0493CC1094890161
3|1148|SAMUEL|AMIAN|RODRIGUEZ|ROSERO|RC|1081066926|2020-09-13|1|2|3|9998|3|1||8|07|||8|||||2||||||||||||52UZPE01152001T47MT04EBS001H049352UZPE01152001T47MT04EBS001H0493F0493|52UZPE01152001T47MT04EBS001H049352UZPE01152001T47MT04EBS001H0493F0493RC1081066926
3|1149|HOREB|JOEL|RODRIGUEZ|ROSERO|TI|1081060624|2013-07-31|1|2|3|9998|3|1||1|07|||8|48.0|154|||2||||||||||||52UZPE01152001T47MT04EBS001H049352UZPE01152001T47MT04EBS001H0493F0493|52UZPE01152001T47MT04EBS001H049352UZPE01152001T47MT04EBS001H0493F0493TI1081060624
3|1150|FEBE|SALEM|RODRIGUEZ|ROSERO|TI|1081058024|2010-07-20|2|2|3|9998|3|1||1|07|||8|48.0|154|||2||||||||||||52UZPE01152001T47MT04EBS001H049352UZPE01152001T47MT04EBS001H0493F0493|52UZPE01152001T47MT04EBS001H049352UZPE01152001T47MT04EBS001H0493F0493TI1081058024
3|1151|MARIAN|JOCABED|RODRIGUEZ|ROSERO|RC|1081066927|2020-09-13|1|2|3|9998|3|1||8|07|||8|||||2||||||||||||52UZPE01152001T47MT04EBS001H049352UZPE01152001T47MT04EBS001H0493F0493|52UZPE01152001T47MT04EBS001H049352UZPE01152001T47MT04EBS001H0493F0493RC1081066927
3|1152|WILSON|DARIO|RODRIGUEZ|OJEDA|CC|98396434|1975-04-05|1|2|5|9510|2|1||7|07|||8|78.0|163|||2||||||||||||52UZPE01152001T47MT04EBS001H049352UZPE01152001T47MT04EBS001H0493F0493|52UZPE01152001T47MT04EBS001H049352UZPE01152001T47MT04EBS001H0493F0493CC98396434
3|1153|JOSE|MARIA|GUACALES|GUACALES|CC|98370439|1969-10-10|1|2|5|5169|2|2||7|07|||8|75.0|165|||2||||||||||||52UZPE01152001T47MT04EBS001H049452UZPE01152001T47MT04EBS001H0494F0494|52UZPE01152001T47MT04EBS001H049452UZPE01152001T47MT04EBS001H0494F0494CC98370439
3|1154|JOSE|MIGUEL|GUACALES|MARTINEZ|TI|1080705575|2018-09-09|1|2|3|9998|3|1||8|07|||8|20.0|110|||2||||||||||||52UZPE01152001T47MT04EBS001H049452UZPE01152001T47MT04EBS001H0494F0494|52UZPE01152001T47MT04EBS001H049452UZPE01152001T47MT04EBS001H0494F0494TI1080705575
3|1155|MARIA|DELSOCORRO|MARTINEZ|MARTINEZ|CC|37085789|1981-12-26|2|2|5|9998|2|1||7|07|||8|68.0|148|||2||||||||||||52UZPE01152001T47MT04EBS001H049452UZPE01152001T47MT04EBS001H0494F0494|52UZPE01152001T47MT04EBS001H049452UZPE01152001T47MT04EBS001H0494F0494CC37085789
3|1156|VALERY|JULIANA|ARCINIEGAS|BENAVIDES|TI|1080701753|2015-10-13|2|2|3|9998|3|2||8|07|||8|45.0|154|||2||||||||||||52UZPE01152001T47MT04EBS001H049552UZPE01152001T47MT04EBS001H0495F0495|52UZPE01152001T47MT04EBS001H049552UZPE01152001T47MT04EBS001H0495F0495TI1080701753
3|1157|VIVIANA|MERCEDES|BENAVIDES|GILION|CC|1085244629|1985-04-08|2|2|5|9998|3|1||7|07|||8|64.0|154|||2||||||||||||52UZPE01152001T47MT04EBS001H049552UZPE01152001T47MT04EBS001H0495F0495|52UZPE01152001T47MT04EBS001H049552UZPE01152001T47MT04EBS001H0495F0495CC1085244629
3|1158|ROBINSON|ARCINIEGAS|ARCINIEGAS|CASTRO|CC|1085244133|1979-05-21|1|2|5|5169|3|2||7|07|||8|89.0|175|||2||||||||||||52UZPE01152001T47MT04EBS001H049552UZPE01152001T47MT04EBS001H0495F0495|52UZPE01152001T47MT04EBS001H049552UZPE01152001T47MT04EBS001H0495F0495CC1085244133
3|1159|MARIA|DELCARMEN|ESTRELLA|SANTACRUZ|CC|30727267|1960-04-01|2|2|5|9998|2|1||3|07|||8|58.0|148|||2||||||||||||52UZPE01152001T47MT04EBS001H049652UZPE01152001T47MT04EBS001H0496F0496|52UZPE01152001T47MT04EBS001H049652UZPE01152001T47MT04EBS001H0496F0496CC30727267
3|1160|BRAYAN|ALBERTO|CADENA|PINTA|CC|983955111|1976-10-22|1|2|5|9510|4|1||7|07|||8|71.0|166|||2||||||||||||52UZPE01152001T47MT04EBS001H049852UZPE01152001T47MT04EBS001H0498F0498|52UZPE01152001T47MT04EBS001H049852UZPE01152001T47MT04EBS001H0498F0498CC983955111
3|1161|ESMERALDA|DEJESUS|BOTINA|PUERRES|CC|598348421|1974-10-21|2|2|5|9998|2|1||7|07|||8|38.0|149|||2||||||||||||52UZPE01152001T47MT04EBS001H049852UZPE01152001T47MT04EBS001H0498F0498|52UZPE01152001T47MT04EBS001H049852UZPE01152001T47MT04EBS001H0498F0498CC598348421
3|1162|CARMEN|AMELIA|RUIZ|NARVAEZ|CC|27141868|1961-09-16|2|2|1|9998|5|1||3|07|||8|52.0|150|||2||||||||||||52UZPE01152001T47MT04EBS001H049752UZPE01152001T47MT04EBS001H0497F0497|52UZPE01152001T47MT04EBS001H049752UZPE01152001T47MT04EBS001H0497F0497CC27141868
3|1163|LUCERO|ESMERALDA|CADENA|BOTINA|CC|1085339822|1998-11-24|2|2|2|9510|3|1||7|07|||8|49.0|160|||2||||||||||||52UZPE01152001T47MT04EBS001H049952UZPE01152001T47MT04EBS001H0499F0499|52UZPE01152001T47MT04EBS001H049952UZPE01152001T47MT04EBS001H0499F0499CC1085339822
3|1164|JHONY|ALEXANDER|CEBALLOS|NOAPLICA|CC|10853067391|1994-08-25|1|2|5|5169|7|2||7|07|||8|58.0|164|||2||||||||||||52UZPE01152001T47MT04EBS001H049952UZPE01152001T47MT04EBS001H0499F0499|52UZPE01152001T47MT04EBS001H049952UZPE01152001T47MT04EBS001H0499F0499CC10853067391
3|1165|YOSEPH|ALEXANDER|CEBALLOS|CADENA|RC|181068386|2023-06-09|1|2|3|9998|3|2||8|07|||8|||||2||||||||||||52UZPE01152001T47MT04EBS001H049952UZPE01152001T47MT04EBS001H0499F0499|52UZPE01152001T47MT04EBS001H049952UZPE01152001T47MT04EBS001H0499F0499RC181068386
3|1166|NOHEMI|XIOMARA|OJEDA|BALCAZAR|PT|63986921|1969-07-07|2|2|1|9998|5|1||7|07|||8|67.0|170|||2||||||||||||52UZPE01152001T47MT04EBS001H050052UZPE01152001T47MT04EBS001H0500F0500|52UZPE01152001T47MT04EBS001H050052UZPE01152001T47MT04EBS001H0500F0500PT63986921
3|1167|LUCIANO|NA|BENAVIDES|BARRIOS|RC|10800731101|2022-08-18|1|2|3|9998|3|1||8|07|||8|||||2||||||||||||52UZPE01152001T47MT04EBS001H050052UZPE01152001T47MT04EBS001H0500F0500|52UZPE01152001T47MT04EBS001H050052UZPE01152001T47MT04EBS001H0500F0500RC10800731101
3|1168|NANCY|PATRICIA|CASTRO|CHAMORRO|CC|30731790|1964-06-20|2|2|2|9998|2|1||3|07|||8|80.0|154|||2||||||||||||52UZPE01152001T47MT04EBS001H050152UZPE01152001T47MT04EBS001H0501F0501|52UZPE01152001T47MT04EBS001H050152UZPE01152001T47MT04EBS001H0501F0501CC30731790
3|1169|JOSE|SIXTO|BOTINA|PUERRES|CC|1296228|1957-04-01|1|2|2|9510|2|1||3|07|||8|61.0|168|||2||||||||||||52UZPE01152001T47MT04EBS001H050152UZPE01152001T47MT04EBS001H0501F0501|52UZPE01152001T47MT04EBS001H050152UZPE01152001T47MT04EBS001H0501F0501CC1296228
3|1170|VIVIAN|CAROLINA|RAMIREZ|JOJOA|CC|1085256234|1989-04-19|2|2|1|9510|3|2||7|07|||8|55.0|155|||2||||||||||||52UZPE01152001T47MT04EBS001H049052UZPE01152001T47MT04EBS001H0490F0490|52UZPE01152001T47MT04EBS001H049052UZPE01152001T47MT04EBS001H0490F0490CC1085256234
3|1171|JUAN|JOSE|INCHIMA|RAMIREZ|CC|1081276103|2007-11-10|1|2|3|9998|3|1||7|07|||8|68.0|175|||2||||||||||||52UZPE01152001T47MT04EBS001H049052UZPE01152001T47MT04EBS001H0490F0490|52UZPE01152001T47MT04EBS001H049052UZPE01152001T47MT04EBS001H0490F0490CC1081276103
3|1172|SARA|VALERIA|INCHIMA|RAMIREZ|TI|1080694421|2008-09-12|2|2|3|9998|3|2||1|07|||8|58.0|158|||2||||||||||||52UZPE01152001T47MT04EBS001H049052UZPE01152001T47MT04EBS001H0490F0490|52UZPE01152001T47MT04EBS001H049052UZPE01152001T47MT04EBS001H0490F0490TI1080694421
3|1173|YULI|YAZMIN|PORTILLA|RIASCOS|CC|1089845433|1989-03-26|2|2|2|9998|3|1||7|07|||8|65.0|156|||2||||||||||||52UZPE01152001T47MT04EBS001H050252UZPE01152001T47MT04EBS001H0502F0502|52UZPE01152001T47MT04EBS001H050252UZPE01152001T47MT04EBS001H0502F0502CC1089845433
3|1174|YEISON|ALEJANDRO|MORA|PORTILLA|TI|1089847525|2013-08-24|1|2|3|9998|3|2||1|07|||2|33.0|140|||2||||||||||||52UZPE01152001T47MT04EBS001H050252UZPE01152001T47MT04EBS001H0502F0502|52UZPE01152001T47MT04EBS001H050252UZPE01152001T47MT04EBS001H0502F0502TI1089847525
3|1175|YONY|ALFREDO|MORA|MORA|CC|1089844109|1986-02-26|1|2|1|5169|3|2||7|07|||8|85.0|170|||2||||||||||||52UZPE01152001T47MT04EBS001H050252UZPE01152001T47MT04EBS001H0502F0502|52UZPE01152001T47MT04EBS001H050252UZPE01152001T47MT04EBS001H0502F0502CC1089844109
3|1176|GABRIELA|ZOE|UNIGARRO|RAMIREZ|TI|1080703487|2018-05-14|2|2|3|9998|3|2||8|07|||8|28.0|130|||2||||||||||||52UZPE01152001T47MT04EBS001H049152UZPE01152001T47MT04EBS001H0491F0491|52UZPE01152001T47MT04EBS001H049152UZPE01152001T47MT04EBS001H0491F0491TI1080703487
3|1177|VANESA|NOAPLICA|JOJOA|LOPEZ|CC|1085285745|1990-11-21|2|2|1|9510|3|1||7|07|||8|60.0|160|||2||||||||||||52UZPE01152001T47MT04EBS001H049152UZPE01152001T47MT04EBS001H0491F0491|52UZPE01152001T47MT04EBS001H049152UZPE01152001T47MT04EBS001H0491F0491CC1085285745
3|1178|ANYELA|MARITZA|PIZCAL|NOAPLICA|CC|1085305101|1992-04-20|2|2|1|9510|3|1||7|07|||8|55.0|165|||2||||||||||||52UZPE01152001T47MT04EBS001H050352UZPE01152001T47MT04EBS001H0503F0503|52UZPE01152001T47MT04EBS001H050352UZPE01152001T47MT04EBS001H0503F0503CC1085305101
3|1179|DAVID|ALEJANDRO|TULCHALCHA|PIZCAL|RC|1081282791|2012-09-07|1|2|3|9998|3|1||1|07|||8|32.0|155|||2||||||||||||52UZPE01152001T47MT04EBS001H050352UZPE01152001T47MT04EBS001H0503F0503|52UZPE01152001T47MT04EBS001H050352UZPE01152001T47MT04EBS001H0503F0503RC1081282791
3|1180|DANIEL|FELIPE|ORTEGA|SANTACRUZ|CC|1081053364|2004-11-14|1|2|6|9998|3|1||7|07|||8|72.0|169|||2||||||||||||52UZPE01152001T47MT04EBS001H050452UZPE01152001T47MT04EBS001H0504F0504|52UZPE01152001T47MT04EBS001H050452UZPE01152001T47MT04EBS001H0504F0504CC1081053364
3|1181|VALERY|DANIELA|CALIZ|AREVALO|TI|108005444|2008-02-14|2|2|3|9998|3|1||1|07|||8|51.0|156|||2||||||||||||52UZPE01152001T47MT04EBS001H050552UZPE01152001T47MT04EBS001H0505F0505|52UZPE01152001T47MT04EBS001H050552UZPE01152001T47MT04EBS001H0505F0505TI108005444
3|1182|MONICA|VIVIANA|AREVALO|MONTALVO|CC|59311591|1993-12-07|2|2|5|5169|7|2||7|07|||8|63.0|157|||2||||||||||||52UZPE01152001T47MT04EBS001H050552UZPE01152001T47MT04EBS001H0505F0505|52UZPE01152001T47MT04EBS001H050552UZPE01152001T47MT04EBS001H0505F0505CC59311591
3|1183|VALERY|ISABELLA|CABRERA|CALIZ|RC|1080074941|2024-10-08|2|2|6|9998|3|1||8|07|||8|||||2||||||||||||52UZPE01152001T47MT04EBS001H050552UZPE01152001T47MT04EBS001H0505F0505|52UZPE01152001T47MT04EBS001H050552UZPE01152001T47MT04EBS001H0505F0505RC1080074941
3|1184|LISA|MARIA|SAMPER|ZAPATA|CC|1006071747|2003-05-19|2|2|6|9622|3|1||7|07|||8|75.0|162|||2||||||||||||52UZPE01152001T47MT03EBS001H000152UZPE01152001T47MT03EBS001H0001F0001|52UZPE01152001T47MT03EBS001H000152UZPE01152001T47MT03EBS001H0001F0001CC1006071747
3|1185|MARTHA|NOTIENE|ZAPATA|LOPEZ|CC|66821711|1969-12-03|2|2|6|9510|3|1||7|07|||8|70.0|162|||2||||||||||||52UZPE01152001T47MT03EBS001H000152UZPE01152001T47MT03EBS001H0001F0001|52UZPE01152001T47MT03EBS001H000152UZPE01152001T47MT03EBS001H0001F0001CC66821711
3|1186|MARIO|NOTIENE|ZAPATA|OSPINA|CC|19001685|1947-07-29|1|2|6|9998|3|1||3|07|||2|73.0|175|||2||||||||||||52UZPE01152001T47MT03EBS001H000252UZPE01152001T47MT03EBS001H0002F0002|52UZPE01152001T47MT03EBS001H000252UZPE01152001T47MT03EBS001H0002F0002CC19001685
3|1187|LUIS|HERNANDO|ECHEVERRI|ORTIZ|CC|12950013|1946-07-13|1|2|6|9998|3|1||3|07|||8|64.0|160|||2||||||||||||52UZPE01152001T47MT03EBS001H000352UZPE01152001T47MT03EBS001H0003F0003|52UZPE01152001T47MT03EBS001H000352UZPE01152001T47MT03EBS001H0003F0003CC12950013
3|1188|ANA|LUCIA|GUERRERO|NOTIENE|CC|37001654|1964-01-11|2|2|6|9998|3|1||3|07|||8|67.0|155|||2||||||||||||52UZPE01152001T47MT03EBS001H000552UZPE01152001T47MT03EBS001H0005F0005|52UZPE01152001T47MT03EBS001H000552UZPE01152001T47MT03EBS001H0005F0005CC37001654
3|1189|LEONEL|EFRAIN|MUNOZ|AZA|CC|13011579|1962-06-13|1|2|6|9510|3|1||3|07|||8|65.0|158|||2||||||||||||52UZPE01152001T47MT03EBS001H000552UZPE01152001T47MT03EBS001H0005F0005|52UZPE01152001T47MT03EBS001H000552UZPE01152001T47MT03EBS001H0005F0005CC13011579
3|1190|MARIBEL|CRISTINA|ECHEVERRI|POTOSI|CC|36751467|1978-03-13|2|2|6|5169|3|1||7|07|||8|62.0|153|||2||||||||||||52UZPE01152001T47MT03EBS001H000652UZPE01152001T47MT03EBS001H0006F0006|52UZPE01152001T47MT03EBS001H000652UZPE01152001T47MT03EBS001H0006F0006CC36751467
3|1191|ELIANA|NA|MESA|ECHEVERRI|TI|1081057312|2009-09-14|2|2|6|9998|3|1||1|07|||8|56.0|160|||2||||||||||||52UZPE01152001T47MT03EBS001H000652UZPE01152001T47MT03EBS001H0006F0006|52UZPE01152001T47MT03EBS001H000652UZPE01152001T47MT03EBS001H0006F0006TI1081057312
3|1192|JULIO|GERMAN|BELTRAN|RODRIGUEZ|CC|12997320|1964-03-23|1|2|6|5169|3|2||3|07|||8|65.0|170|||2||||||||||||52UZPE01152001T47MT03EBS001H000752UZPE01152001T47MT03EBS001H0007F0007|52UZPE01152001T47MT03EBS001H000752UZPE01152001T47MT03EBS001H0007F0007CC12997320
3|1193|NANCY|ROCIO|CASANOVA|ROMERO|CC|59815725|1971-02-05|2|2|6|9510|3|1||7|07|||8|70.0|160|||2||||||||||||52UZPE01152001T47MT03EBS001H000752UZPE01152001T47MT03EBS001H0007F0007|52UZPE01152001T47MT03EBS001H000752UZPE01152001T47MT03EBS001H0007F0007CC59815725
3|1194|JULIETH|FERNANDA|BELTRAN|CASANOVA|CC|1193200650|2001-04-20|2|2|6|9998|3|1||7|07|||8|65.0|159|||2||||||||||||52UZPE01152001T47MT03EBS001H000752UZPE01152001T47MT03EBS001H0007F0007|52UZPE01152001T47MT03EBS001H000752UZPE01152001T47MT03EBS001H0007F0007CC1193200650
3|1195|MATIAS|ANDERSON|BOLANOS|TROYA|RC|1233195833|2021-10-21|1|2|6|9998|3|5||8|07|||8|11.0||||2||||||||||||52UZPE01152001T47MT03EBS001H000852UZPE01152001T47MT03EBS001H0008F0008|52UZPE01152001T47MT03EBS001H000852UZPE01152001T47MT03EBS001H0008F0008RC1233195833
3|1196|INGRID|LORIETH|TROYA|JIMENEZ|CC|1085257245|1984-10-08|2|2|6|9998|3|1||7|07|||8|63.0|153|||2||||||||||||52UZPE01152001T47MT03EBS001H000852UZPE01152001T47MT03EBS001H0008F0008|52UZPE01152001T47MT03EBS001H000852UZPE01152001T47MT03EBS001H0008F0008CC1085257245
3|1197|VALERY|VANESSA|BOLANOS|TROYA|TI|1233195834|2011-08-07|2|2|6|9998|3|5||1|07|||8|50.0|160|||2||||||||||||52UZPE01152001T47MT03EBS001H000852UZPE01152001T47MT03EBS001H0008F0008|52UZPE01152001T47MT03EBS001H000852UZPE01152001T47MT03EBS001H0008F0008TI1233195834
3|1198|MARIANA|ESPERANZA|FIALLOS|ANDRADE|CC|30717507|1960-04-14|2|2|6|9998|3|2||3|07|||8|69.0|156|||2||||||||||||52UZPE01152001T47MT03EBS001H000952UZPE01152001T47MT03EBS001H0009F0009|52UZPE01152001T47MT03EBS001H000952UZPE01152001T47MT03EBS001H0009F0009CC30717507
3|1199|ANA|ISABEL|PORTILLA|LOPEZ|CC|30743368|1963-12-17|2|2|6|9998|3|1||3|07|||8|57.0|155|||2||||||||||||52UZPE01152001T47MT03EBS001H001052UZPE01152001T47MT03EBS001H0010F0010|52UZPE01152001T47MT03EBS001H001052UZPE01152001T47MT03EBS001H0010F0010CC30743368
3|1200|AURA|GLORIA|BERNAL|PUTACUAR|CC|30712523|1967-04-15|2|2|6|9998|3|2||7|07|||8|52.0|156|||2||||||||||||52UZPE01152001T47MT03EBS001H001252UZPE01152001T47MT03EBS001H0012F0012|52UZPE01152001T47MT03EBS001H001252UZPE01152001T47MT03EBS001H0012F0012CC30712523
3|1201|OSCAR|ARBEY|SANTACRUZ|BERNAL|CC|12733731|1982-08-28|1|2|6|9998|3|1||7|07|||8|49.0|167|||2||||||||||||52UZPE01152001T47MT03EBS001H001252UZPE01152001T47MT03EBS001H0012F0012|52UZPE01152001T47MT03EBS001H001252UZPE01152001T47MT03EBS001H0012F0012CC12733731
3|1202|DARIO|MARCELO|BASTIDAS|VELASQUEZ|CC|1085928850|1992-08-20|1|2|6|9622|3|1||7|07|||8|70.0|165|||2||||||||||||52UZPE01152001T47MT03EBS001H001152UZPE01152001T47MT03EBS001H0011F0011|52UZPE01152001T47MT03EBS001H001152UZPE01152001T47MT03EBS001H0011F0011CC1085928850
3|1203|JUAN|FELIPE|BASTIDAS|ROSERO|RC|1080705147|2018-05-10|1|2|6|9998|3|1||8|07|||8|23.0|111|||2||||||||||||52UZPE01152001T47MT03EBS001H001152UZPE01152001T47MT03EBS001H0011F0011|52UZPE01152001T47MT03EBS001H001152UZPE01152001T47MT03EBS001H0011F0011RC1080705147
3|1204|MARIA|FERNANDA|ROSERO|CASTRO|CC|1085344673|1999-04-02|2|2|6|9998|3|1||7|07|||8|55.0|160|||2||||||||||||52UZPE01152001T47MT03EBS001H001152UZPE01152001T47MT03EBS001H0011F0011|52UZPE01152001T47MT03EBS001H001152UZPE01152001T47MT03EBS001H0011F0011CC1085344673
3|1205|MAYERLY|LORENA|BENAVIDEZ|JOJOA|CC|1085276859|1989-10-05|2|2|6|9998|3|1||7|07|||8|62.0|165|||2||||||||||||52UZPE01152001T47MT03EBS001H001352UZPE01152001T47MT03EBS001H0013F0013|52UZPE01152001T47MT03EBS001H001352UZPE01152001T47MT03EBS001H0013F0013CC1085276859
3|1206|ELIAS|WILFREDO|VALENCIA|CHAZATAR|CC|1085290122|1991-07-01|1|2|6|9510|3|1||7|07|||8|65.0|167|||2||||||||||||52UZPE01152001T47MT03EBS001H001352UZPE01152001T47MT03EBS001H0013F0013|52UZPE01152001T47MT03EBS001H001352UZPE01152001T47MT03EBS001H0013F0013CC1085290122
3|1207|JENIFER|NOTIENE|LOPEZ|LEON|CC|109603918|1994-02-11|2|2|6|9510|3|5||7|07|||8|62.0|156|||2||||||||||||52UZPE01152001T47MT03EBS001H001452UZPE01152001T47MT03EBS001H0014F0014|52UZPE01152001T47MT03EBS001H001452UZPE01152001T47MT03EBS001H0014F0014CC109603918
3|1208|BRIAN|JACOB|CASTRILLON|LOPEZ|RC|1096037389|2021-03-15|1|2|6|9998|3|1||8|07|||8|||||2||||||||||||52UZPE01152001T47MT03EBS001H001452UZPE01152001T47MT03EBS001H0014F0014|52UZPE01152001T47MT03EBS001H001452UZPE01152001T47MT03EBS001H0014F0014RC1096037389
3|1209|EMILY|MICHELIN|CASTRILLON|LOPEZ|TI|1096041892|2012-03-25|2|2|6|9998|3|5||1|07|||8|45.0|155|||2||||||||||||52UZPE01152001T47MT03EBS001H001452UZPE01152001T47MT03EBS001H0014F0014|52UZPE01152001T47MT03EBS001H001452UZPE01152001T47MT03EBS001H0014F0014TI1096041892
3|1210|LUIS|CARLOS|DELGADO|MOSQUERA|CC|12959120|1953-03-03|1|2|6|9510|3|1||3|07|||8|70.0|162|||2||||||||||||52UZPE01152001T47MT03EBS001H001552UZPE01152001T47MT03EBS001H0015F0015|52UZPE01152001T47MT03EBS001H001552UZPE01152001T47MT03EBS001H0015F0015CC12959120
3|1211|AURA|LIGIA|CAICEDO|GUAYAPOTOY|CC|27079301|1951-05-04|2|2|6|9998|3|1||3|07|||8|60.0|150|||2||||||||||||52UZPE01152001T47MT03EBS001H001552UZPE01152001T47MT03EBS001H0015F0015|52UZPE01152001T47MT03EBS001H001552UZPE01152001T47MT03EBS001H0015F0015CC27079301
3|1212|BLANCA|NIDIA|LEON|VARGAS|CC|244497058|1961-06-06|2|2|6|9998|3|5||3|07|||8|70.0|156|||2||||||||||||52UZPE01152001T47MT03EBS001H001652UZPE01152001T47MT03EBS001H0016F0016|52UZPE01152001T47MT03EBS001H001652UZPE01152001T47MT03EBS001H0016F0016CC244497058
3|1213|WILSON|HERNAN|RIOS|RODRIGUEZ|CC|98415521|1979-03-31|1|2|6|9510|3|1||7|07|||8|75.0|167|||2||||||||||||52UZPE01152001T47MT03EBS001H001852UZPE01152001T47MT03EBS001H0018F0018|52UZPE01152001T47MT03EBS001H001852UZPE01152001T47MT03EBS001H0018F0018CC98415521
3|1214|MARLYN|ALEJANDRA|RIOS|ESTRADA|CC|1004624612|2002-03-25|2|2|6|9998|3|1||7|07|||8|55.0|154|||2||||||||||||52UZPE01152001T47MT03EBS001H001852UZPE01152001T47MT03EBS001H0018F0018|52UZPE01152001T47MT03EBS001H001852UZPE01152001T47MT03EBS001H0018F0018CC1004624612
3|1215|SANDRA|PATRICIA|CALPA|LARA|CC|59821471|1972-09-05|2|2|6|9998|3|1||7|07|||8|50.0|150|||2||||||||||||52UZPE01152001T47MT03EBS001H001952UZPE01152001T47MT03EBS001H0019F0019|52UZPE01152001T47MT03EBS001H001952UZPE01152001T47MT03EBS001H0019F0019CC59821471
3|1216|LIZETH|TATIANA|CASANOVA|CALPA|CC|1080043556|2005-03-23|2|2|6|9998|3|1||7|07|||8|60.0|163|||2||||||||||||52UZPE01152001T47MT03EBS001H001952UZPE01152001T47MT03EBS001H0019F0019|52UZPE01152001T47MT03EBS001H001952UZPE01152001T47MT03EBS001H0019F0019CC1080043556
3|1217|ANA|LUCIA|BACA|NOTIENE|CC|59813479|1971-01-02|2|2|6|9998|3|1||7|07|||8|61.0|150|||2||||||||||||52UZPE01152001T47MT03EBS001H002252UZPE01152001T47MT03EBS001H0022F0022|52UZPE01152001T47MT03EBS001H002252UZPE01152001T47MT03EBS001H0022F0022CC59813479
3|1218|FREDDY|ALEXANDER|JIMENEZ|LOPEZ|CC|16745945|1971-07-18|1|2|6|9998|3|1||7|07|||8|50.0|150|||2||||||||||||52UZPE01152001T47MT03EBS001H002252UZPE01152001T47MT03EBS001H0022F0022|52UZPE01152001T47MT03EBS001H002252UZPE01152001T47MT03EBS001H0022F0022CC16745945
3|1219|BRAYAN|ANDRES|VALLEJO|CHAZATAR|CC|1086980832|2005-07-20|1|2|6|9998|3|2||7|07|||8|55.0|167|||2||||||||||||52UZPE01152001T47MT03EBS001H001752UZPE01152001T47MT03EBS001H0017F0017|52UZPE01152001T47MT03EBS001H001752UZPE01152001T47MT03EBS001H0017F0017CC1086980832
3|1220|CRISTIAN|DAVID|JIMENEZ|BACA|CC|1085336755|1997-06-02|1|2|6|9998|3|1||7|07|||8|55.0|155|||2||||||||||||52UZPE01152001T47MT03EBS001H002352UZPE01152001T47MT03EBS001H0023F0023|52UZPE01152001T47MT03EBS001H002352UZPE01152001T47MT03EBS001H0023F0023CC1085336755
3|1221|MERCEDES|DELSOCORRO|GUERRERO|MELO|CC|51554264|1955-07-04|2|2|6|9998|3|1||3|07|||8|80.0|158|||2||||||||||||52UZPE01152001T47MT03EBS001H002452UZPE01152001T47MT03EBS001H0024F0024|52UZPE01152001T47MT03EBS001H002452UZPE01152001T47MT03EBS001H0024F0024CC51554264
3|1222|JHON|FREDDY|ORTEGA|BRAVO|RC|1030024415|2022-04-17|1|2|6|9998|3|1||8|07|||8|||||2||||||||||||52UZPE01152001T47MT03EBS001H002552UZPE01152001T47MT03EBS001H0025F0025|52UZPE01152001T47MT03EBS001H002552UZPE01152001T47MT03EBS001H0025F0025RC1030024415
3|1223|NATALIA|JANETH|BRAVO|MUNOZ|CC|1088973935|1992-06-27|2|2|6|9998|3|1||7|07|||8|60.0|155|||2||||||||||||52UZPE01152001T47MT03EBS001H002552UZPE01152001T47MT03EBS001H0025F0025|52UZPE01152001T47MT03EBS001H002552UZPE01152001T47MT03EBS001H0025F0025CC1088973935
3|1224|YOWIN|BLADIMIR|ORTEGA|BOLANOS|CC|127522028|1982-07-30|1|2|6|9510|3|1||7|07|||8|70.0|160|||2||||||||||||52UZPE01152001T47MT03EBS001H002552UZPE01152001T47MT03EBS001H0025F0025|52UZPE01152001T47MT03EBS001H002552UZPE01152001T47MT03EBS001H0025F0025CC127522028
3|1225|JOSE|BOLIVAR|PACHAJOA|ACHICANOY|CC|98384487|1973-03-20|1|2|6|9510|3|1||7|07|||8|95.0|167|||2||||||||||||52UZPE01152001T47MT03EBS001H002652UZPE01152001T47MT03EBS001H0026F0026|52UZPE01152001T47MT03EBS001H002652UZPE01152001T47MT03EBS001H0026F0026CC98384487
3|1226|CARMEN|ALICIA|BENAVIDES|NA|CC|34535842|1960-12-24|2|2|6|9510|3|1||3|07|||8|85.0|170|||2||||||||||||52UZPE01152001T47MT03EBS001H002652UZPE01152001T47MT03EBS001H0026F0026|52UZPE01152001T47MT03EBS001H002652UZPE01152001T47MT03EBS001H0026F0026CC34535842
3|1227|MARIA|ALEJANDRA|SANTACRUZ|ECHEVERRY|CC|1193271353|2001-12-03|2|2|6|9998|3|5||7|07|||8|58.0|155|||2||||||||||||52UZPE01152001T47MT03EBS001H003052UZPE01152001T47MT03EBS001H0030F0030|52UZPE01152001T47MT03EBS001H003052UZPE01152001T47MT03EBS001H0030F0030CC1193271353
3|1228|CARMEN|AUGENIA|ECHEVERRY|POTOSI|CC|59816907|1972-03-27|2|2|6|9510|3|5||7|07|||8|69.0|160|||2||||||||||||52UZPE01152001T47MT03EBS001H003052UZPE01152001T47MT03EBS001H0030F0030|52UZPE01152001T47MT03EBS001H003052UZPE01152001T47MT03EBS001H0030F0030CC59816907
3|1229|LAURA|SOFIA|PACHAJOA|BENAVIDES|CC|1010128583|2000-12-28|2|2|6|5169|3|1||7|07|||8|88.0|168|||2||||||||||||52UZPE01152001T47MT03EBS001H002752UZPE01152001T47MT03EBS001H0027F0027|52UZPE01152001T47MT03EBS001H002752UZPE01152001T47MT03EBS001H0027F0027CC1010128583
3|1230|DEIBY|ALEXANDER|CHAVEZ|MATABAJOY|CC|1085292020|1991-09-30|1|2|6|9510|3|1||7|07|||8|60.0|162|||2||||||||||||52UZPE01152001T47MT03EBS001H003252UZPE01152001T47MT03EBS001H0032F0032|52UZPE01152001T47MT03EBS001H003252UZPE01152001T47MT03EBS001H0032F0032CC1085292020
3|1231|ALICIA|DELCARMEN|MATABAJOY|BENAVIDES|CC|59829380|1966-01-08|2|2|6|9998|3|1||7|07|||8|56.0|151|||2||||||||||||52UZPE01152001T47MT03EBS001H003252UZPE01152001T47MT03EBS001H0032F0032|52UZPE01152001T47MT03EBS001H003252UZPE01152001T47MT03EBS001H0032F0032CC59829380
3|1232|PITER|ALEXANDER|CASANOVA|CALPA|CC|1085279256|1990-02-14|1|2|6|5169|3|1||7|07|||8|67.0|168|||2||||||||||||52UZPE01152001T47MT03EBS001H003352UZPE01152001T47MT03EBS001H0033F0033|52UZPE01152001T47MT03EBS001H003352UZPE01152001T47MT03EBS001H0033F0033CC1085279256
3|1233|CARLOS|ALBERTO|LEITON|MORALES|CC|12995762|1969-06-27|1|2|6|9998|3|2||7|07|||8|70.0|167|||2||||||||||||52UZPE01152001T47MT03EBS001H003452UZPE01152001T47MT03EBS001H0034F0034|52UZPE01152001T47MT03EBS001H003452UZPE01152001T47MT03EBS001H0034F0034CC12995762
3|1234|LIZETH|NATALIA|LEITON|MONTILLA|CC|1233188965|1997-02-21|2|2|6|9998|3|1||7|07|||8|52.0|160|||2||||||||||||52UZPE01152001T47MT03EBS001H003452UZPE01152001T47MT03EBS001H0034F0034|52UZPE01152001T47MT03EBS001H003452UZPE01152001T47MT03EBS001H0034F0034CC1233188965
3|1235|PAOLA|ALEXANDRA|MAT|NOTIENE|CC|37087652|1985-06-01|1|2|6|9998|3|1||7|07|||8|60.0|156|||2||||||||||||52UZPE01152001T47MT03EBS001H003552UZPE01152001T47MT03EBS001H0035F0035|52UZPE01152001T47MT03EBS001H003552UZPE01152001T47MT03EBS001H0035F0035CC37087652
3|1236|YAIR|DAVID|VELASQUEZ|REYES|CC|1085311046|1994-03-07|1|2|6|5169|3|1||7|07|||8|75.0|170|||2||||||||||||52UZPE01152001T47MT03EBS001H003652UZPE01152001T47MT03EBS001H0036F0036|52UZPE01152001T47MT03EBS001H003652UZPE01152001T47MT03EBS001H0036F0036CC1085311046
3|1237|NAYIBE|ALEXANDRA|CASANOVA|CALPA|CC|1085309275|1993-12-23|2|2|6|9998|3|1||7|07|||8|52.0|150|||2||||||||||||52UZPE01152001T47MT03EBS001H003652UZPE01152001T47MT03EBS001H0036F0036|52UZPE01152001T47MT03EBS001H003652UZPE01152001T47MT03EBS001H0036F0036CC1085309275
3|1238|JUSTIN|DAVID|VELASQUEZ|CALPA|TI|1080064343|2015-03-20|1|2|6|9998|3|1||8|07|||8|36.0|130|||2||||||||||||52UZPE01152001T47MT03EBS001H003652UZPE01152001T47MT03EBS001H0036F0036|52UZPE01152001T47MT03EBS001H003652UZPE01152001T47MT03EBS001H0036F0036TI1080064343
3|1239|RAUL|ANDRES|AUCUR|ROSERO|CC|1085324485|1995-09-22|1|2|6|9510|3|1||7|07|||8|62.0|156|||2||||||||||||52UZPE01152001T47MT03EBS001H003752UZPE01152001T47MT03EBS001H0037F0037|52UZPE01152001T47MT03EBS001H003752UZPE01152001T47MT03EBS001H0037F0037CC1085324485
3|1240|LOLO|RAUL|AUCUR|MEDINA|CC|98390820|1972-07-24|1|2|6|5169|3|2||7|07|||8|70.0|160|||2||||||||||||52UZPE01152001T47MT03EBS001H003752UZPE01152001T47MT03EBS001H0037F0037|52UZPE01152001T47MT03EBS001H003752UZPE01152001T47MT03EBS001H0037F0037CC98390820
3|1241|ELSY|JANETH|ROSERO|AZZA|CC|27086084|1974-01-25|2|2|6|9998|3|2||7|07|||8|59.0|156|||2||||||||||||52UZPE01152001T47MT03EBS001H003752UZPE01152001T47MT03EBS001H0037F0037|52UZPE01152001T47MT03EBS001H003752UZPE01152001T47MT03EBS001H0037F0037CC27086084
3|1242|RITA|CECILIA|MUNOZ|AZA|CC|36994400|1956-02-03|2|2|6|9998|3|1||3|07|||8|70.0|147|||2||||||||||||52UZPE01152001T47MT03EBS001H000452UZPE01152001T47MT03EBS001H0004F0004|52UZPE01152001T47MT03EBS001H000452UZPE01152001T47MT03EBS001H0004F0004CC36994400
3|1243|ALICIA|DELCARMEN|CHAZATAR|GUALMATAN|CC|27455999|1970-09-13|2|2|6|9998|3|1||7|07|||8|62.0|150|||2||||||||||||52UZPE01152001T47MT03EBS001H003852UZPE01152001T47MT03EBS001H0038F0038|52UZPE01152001T47MT03EBS001H003852UZPE01152001T47MT03EBS001H0038F0038CC27455999
3|1244|JOSE|ENRIQUE|VALENCIA|DELGADO|CC|5342092|1964-09-14|1|2|6|9510|3|1||7|07|||8|73.0|175|||2||||||||||||52UZPE01152001T47MT03EBS001H003852UZPE01152001T47MT03EBS001H0038F0038|52UZPE01152001T47MT03EBS001H003852UZPE01152001T47MT03EBS001H0038F0038CC5342092
3|1245|ANDRES|CAMILO|LASSO|QUEMAC|CC|1085321961|1995-07-02|1|2|6|9510|3|1||7|07|||8|69.0|173|||2||||||||||||52UZPE01152001T47MT03EBS001H004052UZPE01152001T47MT03EBS001H0040F0040|52UZPE01152001T47MT03EBS001H004052UZPE01152001T47MT03EBS001H0040F0040CC1085321961
3|1246|LIA|ISABELLA|JIMENEZ|ENRIQUEZ|RC|1030002654|2018-06-08|2|2|6|9998|3|1||8|07|||8|18.0|99|||2||||||||||||52UZPE01152001T47MT03EBS001H004152UZPE01152001T47MT03EBS001H0041F0041|52UZPE01152001T47MT03EBS001H004152UZPE01152001T47MT03EBS001H0041F0041RC1030002654
3|1247|DANIELA|KATHERINE|ENRIQUEZ|AUX|CC|1085286780|1991-01-28|2|2|6|9622|3|1||4|07|||3|70.0|160|||2||||||||||||52UZPE01152001T47MT03EBS001H004152UZPE01152001T47MT03EBS001H0041F0041|52UZPE01152001T47MT03EBS001H004152UZPE01152001T47MT03EBS001H0041F0041CC1085286780
3|1248|DARWIN|SANTIAGO|VALENCIA|CHAZATAR|CC|1081274834|2005-07-11|1|2|6|9510|3|1||7|07|||8|53.0|168|||2||||||||||||52UZPE01152001T47MT03EBS001H003952UZPE01152001T47MT03EBS001H0039F0039|52UZPE01152001T47MT03EBS001H003952UZPE01152001T47MT03EBS001H0039F0039CC1081274834
3|1249|DANIEL|ESTEBAN|SANTACRUZ|ECHEVERRY|CC|1233188142|1996-12-21|1|2|6|9510|3|1||7|07|||8|80.0|164|||2||||||||||||52UZPE01152001T47MT03EBS001H002852UZPE01152001T47MT03EBS001H0028F0028|52UZPE01152001T47MT03EBS001H002852UZPE01152001T47MT03EBS001H0028F0028CC1233188142
3|1250|MARIA|CELESTE|LOPEZ|AUCU|RC|1030024489|2022-08-19|2|2|6|9998|3|1||8|07|||8|||||2||||||||||||52UZPE01152001T47MT03EBS001H002952UZPE01152001T47MT03EBS001H0029F0029|52UZPE01152001T47MT03EBS001H002952UZPE01152001T47MT03EBS001H0029F0029RC1030024489
3|1251|JAIME|ANDRES|LOPEZ|ROSERO|CC|1085300162|1992-07-10|1|2|6|9510|3|1||7|07|||8|17.0|78|||2||||||||||||52UZPE01152001T47MT03EBS001H002952UZPE01152001T47MT03EBS001H0029F0029|52UZPE01152001T47MT03EBS001H002952UZPE01152001T47MT03EBS001H0029F0029CC1085300162
3|1252|ELISA|VALENTINA|MARTINEZ|AUCU|TI|1081061301|2014-05-20|2|2|6|9998|3|1||8|07|||8|28.0|132|||2||||||||||||52UZPE01152001T47MT03EBS001H002952UZPE01152001T47MT03EBS001H0029F0029|52UZPE01152001T47MT03EBS001H002952UZPE01152001T47MT03EBS001H0029F0029TI1081061301
3|1253|DEICY|JOHANA|AUCU|ROSERO|CC|1085317892|1994-05-28|2|2|6|9510|3|1||7|07|||8|74.0|162|||2||||||||||||52UZPE01152001T47MT03EBS001H002952UZPE01152001T47MT03EBS001H0029F0029|52UZPE01152001T47MT03EBS001H002952UZPE01152001T47MT03EBS001H0029F0029CC1085317892
3|1254|LEIDY|JHOANA|CHAVEZ|MATABAJOY|CC|1085276824|1989-09-05|2|2|6|9998|3|1||7|07|||8|50.0|155|||2||||||||||||52UZPE01152001T47MT03EBS001H004252UZPE01152001T47MT03EBS001H0042F0042|52UZPE01152001T47MT03EBS001H004252UZPE01152001T47MT03EBS001H0042F0042CC1085276824
3|1255|DILAN|ALEXANDER|MARTINEZ|CHAVEZ|RC|1080702008|2016-01-05|1|2|6|9998|3|1||8|07|||8|25.0|115|||2||||||||||||52UZPE01152001T47MT03EBS001H004252UZPE01152001T47MT03EBS001H0042F0042|52UZPE01152001T47MT03EBS001H004252UZPE01152001T47MT03EBS001H0042F0042RC1080702008
3|1256|PEDRO|ELIECER|ROSERO|GUERRERO|CC|1085337623|1997-11-23|1|2|6|9510|3|1||7|07|||8|75.0|182|||2||||||||||||52UZPE01152001T47MT03EBS001H004352UZPE01152001T47MT03EBS001H0043F0043|52UZPE01152001T47MT03EBS001H004352UZPE01152001T47MT03EBS001H0043F0043CC1085337623
3|1257|BOLIVAR|ERNESTO|ROSERO|GUERRERO|CC|12973719|1960-03-30|1|2|6|9510|3|2||3|07|||8|54.0|160|||2||||||||||||52UZPE01152001T47MT03EBS001H004352UZPE01152001T47MT03EBS001H0043F0043|52UZPE01152001T47MT03EBS001H004352UZPE01152001T47MT03EBS001H0043F0043CC12973719
3|1258|WALTER|HERNESTO|ROSERO|GUERRERO|CC|1085330854|1996-08-30|1|2|6|5169|3|1||7|07|||8|68.0|170|||2||||||||||||52UZPE01152001T47MT03EBS001H004352UZPE01152001T47MT03EBS001H0043F0043|52UZPE01152001T47MT03EBS001H004352UZPE01152001T47MT03EBS001H0043F0043CC1085330854
3|1259|MARIA|ELENA|GUERRERO|CUADROS|CC|30729104|1965-01-26|2|2|6|9998|3|1||7|07|||8|52.0|160|||2||||||||||||52UZPE01152001T47MT03EBS001H004352UZPE01152001T47MT03EBS001H0043F0043|52UZPE01152001T47MT03EBS001H004352UZPE01152001T47MT03EBS001H0043F0043CC30729104
3|1260|JOSE|ALEJANDRO|DAVILA|ASCUNTAR|RC|1081289294|2024-07-15|1|2|6|9998|3|1||8|07|||8|||||2||||||||||||52UZPE01152001T47MT03EBS001H004452UZPE01152001T47MT03EBS001H0044F0044|52UZPE01152001T47MT03EBS001H004452UZPE01152001T47MT03EBS001H0044F0044RC1081289294
3|1261|JOHM|ANDRES|DAVILA|CHACHINOY|CC|12753011|1982-12-12|1|2|6|9510|3|1||7|07|||8|88.0|85|||2||||||||||||52UZPE01152001T47MT03EBS001H004452UZPE01152001T47MT03EBS001H0044F0044|52UZPE01152001T47MT03EBS001H004452UZPE01152001T47MT03EBS001H0044F0044CC12753011
3|1262|LADY|JOHANA|ASCUNTAR|LASSO|CC|1086549339|1998-03-06|2|2|6|9998|3|1||7|07|||8|58.0|162|||2||||||||||||52UZPE01152001T47MT03EBS001H004452UZPE01152001T47MT03EBS001H0044F0044|52UZPE01152001T47MT03EBS001H004452UZPE01152001T47MT03EBS001H0044F0044CC1086549339
3|1263|MARIA|ERMILA|ANDRADE|ORDONEZ|CC|30720373|1961-12-22|2|2|6|9998|3|1||3|07|||8|50.0|150|||2||||||||||||52UZPE01152001T47MT03EBS001H004552UZPE01152001T47MT03EBS001H0045F0045|52UZPE01152001T47MT03EBS001H004552UZPE01152001T47MT03EBS001H0045F0045CC30720373
3|1264|YESIKA|ESTAFANIA|MORA|GELPUD|CC|1085296170|1992-04-12|2|2|6|9998|3|1||7|07|||8|78.0|165|||2||||||||||||52UZPE01152001T47MT03EBS001H004752UZPE01152001T47MT03EBS001H0047F0047|52UZPE01152001T47MT03EBS001H004752UZPE01152001T47MT03EBS001H0047F0047CC1085296170
3|1265|CARLOS|DANIEL|GUEVARA|CEBALLOS|CC|1193271720|1998-11-19|1|2|6|5169|3|1||7|07|||8|65.0|173|||2||||||||||||52UZPE01152001T47MT03EBS001H004752UZPE01152001T47MT03EBS001H0047F0047|52UZPE01152001T47MT03EBS001H004752UZPE01152001T47MT03EBS001H0047F0047CC1193271720
3|1266|SEGUNDA|ALIRIO|GUASTUMAL|PUETATE|CC|12984688|1962-05-01|1|2|6|9510|3|1||3|07|||8|65.0|162|||2||||||||||||52UZPE01152001T47MT03EBS001H004652UZPE01152001T47MT03EBS001H0046F0046|52UZPE01152001T47MT03EBS001H004652UZPE01152001T47MT03EBS001H0046F0046CC12984688
3|1267|MARIA|DEJESUS|ROSERO|MORA|CC|27433145|1965-12-05|2|2|6|9510|3|1||7|07|||8|67.0|155|||2||||||||||||52UZPE01152001T47MT03EBS001H004652UZPE01152001T47MT03EBS001H0046F0046|52UZPE01152001T47MT03EBS001H004652UZPE01152001T47MT03EBS001H0046F0046CC27433145
3|1268|JHON|MARION|GALINDRES|RIOS|CC|1086578071|2004-03-17|1|2|6|9510|3|1||7|07|||8|60.0|173|||2||||||||||||52UZPE01152001T47MT03EBS001H004852UZPE01152001T47MT03EBS001H0048F0048|52UZPE01152001T47MT03EBS001H004852UZPE01152001T47MT03EBS001H0048F0048CC1086578071
3|1269|LIVIO|ALDEMAR|GALINDRES|ARTEAGA|CC|98415316|1964-11-18|1|2|6|9510|3|1||7|07|||8|57.0|170|||2||||||||||||52UZPE01152001T47MT03EBS001H004852UZPE01152001T47MT03EBS001H0048F0048|52UZPE01152001T47MT03EBS001H004852UZPE01152001T47MT03EBS001H0048F0048CC98415316
3|1270|JESUS|ALDEMAR|GALINDRES|RIOS|CC|1193393530|2000-06-05|1|2|6|9510|3|1||7|07|||8|73.0|172|||2||||||||||||52UZPE01152001T47MT03EBS001H004852UZPE01152001T47MT03EBS001H0048F0048|52UZPE01152001T47MT03EBS001H004852UZPE01152001T47MT03EBS001H0048F0048CC1193393530
3|1271|MARIA|DELCARMEN|REINA|CHAMORRO|CC|30740136|1965-03-01|2|2|6|9998|3|1||7|07|||8|59.0|156|||2||||||||||||52UZPE01152001T47MT03EBS001H004952UZPE01152001T47MT03EBS001H0049F0049|52UZPE01152001T47MT03EBS001H004952UZPE01152001T47MT03EBS001H0049F0049CC30740136
3|1272|JUAN|FELIPE|ERAZO|REINA|CC|1233193894|1999-07-23|1|2|6|9998|3|1||7|07|||8|70.0|184|||2||||||||||||52UZPE01152001T47MT03EBS001H004952UZPE01152001T47MT03EBS001H0049F0049|52UZPE01152001T47MT03EBS001H004952UZPE01152001T47MT03EBS001H0049F0049CC1233193894
3|1273|CARLOS|ANDRES|ERAZO|REINA|CC|10855335159|1997-06-12|1|2|6|9998|3|1||7|07|||8|75.0|170|||2||||||||||||52UZPE01152001T47MT03EBS001H004952UZPE01152001T47MT03EBS001H0049F0049|52UZPE01152001T47MT03EBS001H004952UZPE01152001T47MT03EBS001H0049F0049CC10855335159
3|1274|MIGUEL|ANGEL|ERAZO|REINA|CC|1004135741|2003-09-12|1|2|6|9998|3|1||7|07|||8|70.0|177|||2||||||||||||52UZPE01152001T47MT03EBS001H004952UZPE01152001T47MT03EBS001H0049F0049|52UZPE01152001T47MT03EBS001H004952UZPE01152001T47MT03EBS001H0049F0049CC1004135741
3|1275|FRANCISCO|JAVIER|ERAZO|REINA|CC|1080044105|2005-03-18|1|2|6|9998|3|1||7|07|||8|70.0|177|||2||||||||||||52UZPE01152001T47MT03EBS001H004952UZPE01152001T47MT03EBS001H0049F0049|52UZPE01152001T47MT03EBS001H004952UZPE01152001T47MT03EBS001H0049F0049CC1080044105
3|1276|CATLOS|RICHARD|ERAZO|NOTIENE|CC|98387391|1973-09-22|1|2|6|9510|3|1||7|07|||8|82.0|167|||2||||||||||||52UZPE01152001T47MT03EBS001H004952UZPE01152001T47MT03EBS001H0049F0049|52UZPE01152001T47MT03EBS001H004952UZPE01152001T47MT03EBS001H0049F0049CC98387391
3|1277|EDUARDO|NOTIENE|BENAVIDES|NOTOENE|CC|12975021|1965-04-22|1|2|6|9510|3|1||7|07|||8|83.0|160|||2||||||||||||52UZPE01152001T47MT03EBS001H005052UZPE01152001T47MT03EBS001H0050F0050|52UZPE01152001T47MT03EBS001H005052UZPE01152001T47MT03EBS001H0050F0050CC12975021
3|1278|ALVARO|JAVIER|BASTANTE|CORDOBA|CC|12977837|1963-01-25|1|2|6|9998|3|1||3|07|||8|75.0|160|||2||||||||||||52UZPE01152001T47MT03EBS001H005152UZPE01152001T47MT03EBS001H0051F0051|52UZPE01152001T47MT03EBS001H005152UZPE01152001T47MT03EBS001H0051F0051CC12977837
3|1279|MERCEDES|FABIOLA|ROSERO|BENAVIDES|CC|30721947|1962-09-25|2|2|6|9998|3|1||3|07|||8|58.0|160|||2||||||||||||52UZPE01152001T47MT03EBS001H005152UZPE01152001T47MT03EBS001H0051F0051|52UZPE01152001T47MT03EBS001H005152UZPE01152001T47MT03EBS001H0051F0051CC30721947
3|1280|HELIO|NA|BELENO|SANJUAN|CC|73541319|1981-04-29|1|2|6|9510|3|1||7|07|||8|88.0|177|||2||||||||||||52UZPE01152001T47MT03EBS001H005252UZPE01152001T47MT03EBS001H0052F0052|52UZPE01152001T47MT03EBS001H005252UZPE01152001T47MT03EBS001H0052F0052CC73541319
3|1281|ANDREA|YICELLI|ARIAS|SALAZAR|CC|36753793|1979-02-07|2|2|6|5169|3|2||7|07|||8|60.0|160|||2||||||||||||52UZPE01152001T47MT03EBS001H005252UZPE01152001T47MT03EBS001H0052F0052|52UZPE01152001T47MT03EBS001H005252UZPE01152001T47MT03EBS001H0052F0052CC36753793
3|1282|JESSICA|PAOLA|BENAVIDES|VASQUEZ|TI|1080060457|2012-01-14|2|2|6|9998|3|1||1|07|||8|45.0|121|||2||||||||||||52UZPE01152001T47MT03EBS001H005352UZPE01152001T47MT03EBS001H0053F0053|52UZPE01152001T47MT03EBS001H005352UZPE01152001T47MT03EBS001H0053F0053TI1080060457
3|1283|LUIS|JESUS|MARCILLO|RODRIGUEZ|CC|1872620|1932-02-15|1|2|6|9998|3|1||3|07|||8|66.0|158|||2||||||||||||52UZPE01152001T47MT03EBS001H005352UZPE01152001T47MT03EBS001H0053F0053|52UZPE01152001T47MT03EBS001H005352UZPE01152001T47MT03EBS001H0053F0053CC1872620
3|1284|ELEUTERIA|FILOMENA|SANCHEZ|NA|CC|27126100|1956-12-11|2|2|6|9998|3|1||3|07|||8|54.0|154|||2||||||||||||52UZPE01152001T47MT03EBS001H005352UZPE01152001T47MT03EBS001H0053F0053|52UZPE01152001T47MT03EBS001H005352UZPE01152001T47MT03EBS001H0053F0053CC27126100
3|1285|AIDA|INES|VASQUEZ|SANCHEZ|CC|1085287742|1991-03-03|2|2|6|9999|3|1||7|07|||8|54.0|155|||2||||||||||||52UZPE01152001T47MT03EBS001H005352UZPE01152001T47MT03EBS001H0053F0053|52UZPE01152001T47MT03EBS001H005352UZPE01152001T47MT03EBS001H0053F0053CC1085287742
3|1286|CAROL|FERNANDA|ORTEGA|VASQUEZ|TI|1080063100|2014-03-02|2|2|6|9998|3|1||8|07|||8|30.0|127|||2||||||||||||52UZPE01152001T47MT03EBS001H005352UZPE01152001T47MT03EBS001H0053F0053|52UZPE01152001T47MT03EBS001H005352UZPE01152001T47MT03EBS001H0053F0053TI1080063100
3|1287|INES|NOTIENE|CASTRO|BARLOA|CC|30727212|1960-01-21|2|2|6|9998|3|2||3|07|||8|60.0|160|||2||||||||||||52UZPE01152001T47MT03EBS001H005452UZPE01152001T47MT03EBS001H0054F0054|52UZPE01152001T47MT03EBS001H005452UZPE01152001T47MT03EBS001H0054F0054CC30727212
3|1288|BETO|HERNAN|MIDEROS|FAJARDO|CC|1296433|1957-11-30|1|2|6|9998|3|2||3|07|||8|90.0|180|||2||||||||||||52UZPE01152001T47MT03EBS001H005452UZPE01152001T47MT03EBS001H0054F0054|52UZPE01152001T47MT03EBS001H005452UZPE01152001T47MT03EBS001H0054F0054CC1296433
3|1289|SAMUEL|ALEJANDRO|HERNANDEZ|SANTACRUZ|TI|1081060964|2014-01-25|1|2|6|9998|3|1||8|07|||8|29.4|132|||2||||||||||||52UZPE01152001T47MT03EBS001H005552UZPE01152001T47MT03EBS001H0055F0055|52UZPE01152001T47MT03EBS001H005552UZPE01152001T47MT03EBS001H0055F0055TI1081060964
3|1290|DANIEL|ESTEBAN|MARTINEZ|SANTACRUZ|TI|1138525530|2007-07-28|1|2|6|9998|3|1||1|07|||8|66.0|161|||2||||||||||||52UZPE01152001T47MT03EBS001H005552UZPE01152001T47MT03EBS001H0055F0055|52UZPE01152001T47MT03EBS001H005552UZPE01152001T47MT03EBS001H0055F0055TI1138525530
3|1291|EDWAR|FABIAN|ZAMBRANO|NOTIENE|CC|1085298041|1992-05-31|1|2|6|5169|3|2||7|07|||8|67.0|161|||2||||||||||||52UZPE01152001T47MT03EBS001H005552UZPE01152001T47MT03EBS001H0055F0055|52UZPE01152001T47MT03EBS001H005552UZPE01152001T47MT03EBS001H0055F0055CC1085298041
3|1292|DAIROLEN|MAGDA|SANTACRUZ|ORTEGA|CC|37084992|1983-05-08|2|2|6|9998|3|2||7|07|||8|54.0|163|||2||||||||||||52UZPE01152001T47MT03EBS001H005552UZPE01152001T47MT03EBS001H0055F0055|52UZPE01152001T47MT03EBS001H005552UZPE01152001T47MT03EBS001H0055F0055CC37084992
3|1293|EIMAR|HERNANDO|LOPEZ|LOPEZ|CC|1193405772|1999-12-07|1|2|6|5169|3|2||7|07|||8|70.0|165|||2||||||||||||52UZPE01152001T47MT03EBS001H005652UZPE01152001T47MT03EBS001H0056F0056|52UZPE01152001T47MT03EBS001H005652UZPE01152001T47MT03EBS001H0056F0056CC1193405772
3|1294|GIOVANNY|GERMAN|BOTINA|MAIGUAL|CC|1004189478|1989-06-17|1|2|6|9510|3|1||7|07|||8|70.0|151|||2||||||||||||52UZPE01152001T47MT03EBS001H005652UZPE01152001T47MT03EBS001H0056F0056|52UZPE01152001T47MT03EBS001H005652UZPE01152001T47MT03EBS001H0056F0056CC1004189478
3|1295|DIANA|ANDREA|LOPEZ|LOPEZ|CC|36759934|1982-08-10|2|2|6|9998|3|1||7|07|||8|65.0|145|||2||||||||||||52UZPE01152001T47MT03EBS001H005652UZPE01152001T47MT03EBS001H0056F0056|52UZPE01152001T47MT03EBS001H005652UZPE01152001T47MT03EBS001H0056F0056CC36759934
3|1296|LUIS|ALFREDO|VALLEJO|NOTIENE|CC|12977528|1962-03-13|1|2|6|9510|3|1||3|07|||8|90.0|175|||2||||||||||||52UZPE01152001T47MT03EBS001H005752UZPE01152001T47MT03EBS001H0057F0057|52UZPE01152001T47MT03EBS001H005752UZPE01152001T47MT03EBS001H0057F0057CC12977528
3|1297|MARIA|ELENA|DIAZ|PEREZ|CC|59822875|1973-11-07|2|2|6|9998|3|1||7|07|||8|73.0|158|||2||||||||||||52UZPE01152001T47MT03EBS001H005752UZPE01152001T47MT03EBS001H0057F0057|52UZPE01152001T47MT03EBS001H005752UZPE01152001T47MT03EBS001H0057F0057CC59822875
3|1298|JOSE|ANTONIO|HIDALGO|MISNAZA|CC|12980129|1962-05-08|1|2|6|9510|3|1||3|07|||8|70.0|165|||2||||||||||||52UZPE01152001T47MT03EBS001H005952UZPE01152001T47MT03EBS001H0059F0059|52UZPE01152001T47MT03EBS001H005952UZPE01152001T47MT03EBS001H0059F0059CC12980129
3|1299|MARLENE|NOTIENE|BOLANOS|ERASO|CC|30734273|1962-05-08|2|2|6|9998|3|1||3|07|||8|75.0|150|||2||||||||||||52UZPE01152001T47MT03EBS001H005952UZPE01152001T47MT03EBS001H0059F0059|52UZPE01152001T47MT03EBS001H005952UZPE01152001T47MT03EBS001H0059F0059CC30734273
3|1300|JEFERSON|CHAMORRO|CHAMORRO|JUAGIBIOY|TI|1080692856|2006-08-25|1|2|6|9998|3|1||1|07|||8|62.0|160|||2||||||||||||52UZPE01152001T47MT03EBS001H006052UZPE01152001T47MT03EBS001H0060F0060|52UZPE01152001T47MT03EBS001H006052UZPE01152001T47MT03EBS001H0060F0060TI1080692856
3|1301|INGRID|VIVIANA|JUAGIBIOY|SANCHEZ|CC|1085273702|1985-02-05|2|2|6|5169|3|2||7|07|||8|60.0|160|||2||||||||||||52UZPE01152001T47MT03EBS001H006052UZPE01152001T47MT03EBS001H0060F0060|52UZPE01152001T47MT03EBS001H006052UZPE01152001T47MT03EBS001H0060F0060CC1085273702
3|1302|ANDRES|DAVID|VALLEJO|NOTIENE|CC|12751951|1982-09-30|1|2|6|5169|3|2||7|07|||8|70.0|170|||2||||||||||||52UZPE01152001T47MT03EBS001H006152UZPE01152001T47MT03EBS001H0061F0061|52UZPE01152001T47MT03EBS001H006152UZPE01152001T47MT03EBS001H0061F0061CC12751951
3|1303|ISABEL|UFRACIA|VALLEJOS|DEGUANCHA|CC|27075403|1945-04-29|2|2|6|9510|3|1||3|07|||8|65.0|150|||2||||||||||||52UZPE01152001T47MT03EBS001H006152UZPE01152001T47MT03EBS001H0061F0061|52UZPE01152001T47MT03EBS001H006152UZPE01152001T47MT03EBS001H0061F0061CC27075403
3|1304|NILSA|PATRICIA|LOPEZ|DIAZ|CC|27146756|1984-05-31|2|2|6|9998|3|1||7|07|||8|58.0|155|||2||||||||||||52UZPE01152001T47MT03EBS001H006252UZPE01152001T47MT03EBS001H0062F0062|52UZPE01152001T47MT03EBS001H006252UZPE01152001T47MT03EBS001H0062F0062CC27146756
3|1305|JORGE|GIRALDO|BENAVIDES|NOTIENE|CC|1084222282|1987-05-03|1|2|6|9510|3|1||7|07|||8|68.0|168|||2||||||||||||52UZPE01152001T47MT03EBS001H006252UZPE01152001T47MT03EBS001H0062F0062|52UZPE01152001T47MT03EBS001H006252UZPE01152001T47MT03EBS001H0062F0062CC1084222282
3|1306|ANGIE|CAMILA|BENAVIDES|LOPEZ|TI|1081055479|2007-05-02|2|2|6|9998|3|1||1|07|||8|60.0|162|||2||||||||||||52UZPE01152001T47MT03EBS001H006252UZPE01152001T47MT03EBS001H0062F0062|52UZPE01152001T47MT03EBS001H006252UZPE01152001T47MT03EBS001H0062F0062TI1081055479
3|1307|MARIA|ANGEL|TULCAN|DELACRUZ|CC|1080047262|2006-08-13|2|2|6|9998|3|1||7|07|||8|43.0|150|||2||||||||||||52UZPE01152001T47MT03EBS001H006452UZPE01152001T47MT03EBS001H0064F0064|52UZPE01152001T47MT03EBS001H006452UZPE01152001T47MT03EBS001H0064F0064CC1080047262
3|1308|JESUS|NOREFIERE|TULCAN|NOREFIERE|CC|98390204|1974-07-31|1|2|6|9510|3|1||7|07|||8|74.0|170|||2||||||||||||52UZPE01152001T47MT03EBS001H006452UZPE01152001T47MT03EBS001H0064F0064|52UZPE01152001T47MT03EBS001H006452UZPE01152001T47MT03EBS001H0064F0064CC98390204
3|1309|GLORIA|NOREFIERE|DELACRUZ|NOREFIERE|CC|36756697|1974-08-10|2|2|6|9998|3|2||7|07|||8|63.0|159|||2||||||||||||52UZPE01152001T47MT03EBS001H006452UZPE01152001T47MT03EBS001H0064F0064|52UZPE01152001T47MT03EBS001H006452UZPE01152001T47MT03EBS001H0064F0064CC36756697
3|1310|ANTONY|YESID|TULCAN|DELACRUZ|RC|1080705964|2019-12-31|1|2|6|9998|3|1||8|07|||8|||||2||||||||||||52UZPE01152001T47MT03EBS001H006452UZPE01152001T47MT03EBS001H0064F0064|52UZPE01152001T47MT03EBS001H006452UZPE01152001T47MT03EBS001H0064F0064RC1080705964
3|1311|MARY|JANETH|ZAMBRANO|LOPEZ|CC|59824577|1973-01-01|2|2|6|9510|3|1||7|07|||8|55.0|158|||2||||||||||||52UZPE01152001T47MT03EBS001H006552UZPE01152001T47MT03EBS001H0065F0065|52UZPE01152001T47MT03EBS001H006552UZPE01152001T47MT03EBS001H0065F0065CC59824577
3|1312|TOMAS|CONSTANTINO|GUERRA|JOJOA|CC|12955055|1949-09-13|1|2|6|5169|3|2||3|07|||8|65.0|160|||2||||||||||||52UZPE01152001T47MT03EBS001H006652UZPE01152001T47MT03EBS001H0066F0066|52UZPE01152001T47MT03EBS001H006652UZPE01152001T47MT03EBS001H0066F0066CC12955055
3|1313|STELLA|NOTIENE|YEPES|DIAZ|CC|30732889|1959-12-12|2|2|6|9998|3|2||3|07|||8|58.0|150|||2||||||||||||52UZPE01152001T47MT03EBS001H006652UZPE01152001T47MT03EBS001H0066F0066|52UZPE01152001T47MT03EBS001H006652UZPE01152001T47MT03EBS001H0066F0066CC30732889
3|1314|AURA|LILIANA|RIVERA|ROSERO|CC|1087027476|1955-01-30|2|2|6|9998|3|1||3|07|||8|55.0|150|||2||||||||||||52UZPE01152001T47MT03EBS001H006852UZPE01152001T47MT03EBS001H0068F0068|52UZPE01152001T47MT03EBS001H006852UZPE01152001T47MT03EBS001H0068F0068CC1087027476
3|1315|GERMAN|ALBERTO|ANDRADE|NOTIENE|CC|5197912|1952-05-01|1|2|6|9998|3|1||3|07|||8|62.0|160|||2||||||||||||52UZPE01152001T47MT03EBS001H006852UZPE01152001T47MT03EBS001H0068F0068|52UZPE01152001T47MT03EBS001H006852UZPE01152001T47MT03EBS001H0068F0068CC5197912
3|1316|NUBIA|EMILCE|MUNOZ|ORTIZ|CC|59826083|1965-09-01|2|2|6|9998|3|1||7|07|||8|60.0|150|||2||||||||||||52UZPE01152001T47MT03EBS001H006952UZPE01152001T47MT03EBS001H0069F0069|52UZPE01152001T47MT03EBS001H006952UZPE01152001T47MT03EBS001H0069F0069CC59826083
3|1317|JUAN|CARLOS|CHINCHA|MUNOZ|CC|1085293544|1991-11-05|1|2|6|9510|3|1||7|07|||8|65.0|166|||2||||||||||||52UZPE01152001T47MT03EBS001H006952UZPE01152001T47MT03EBS001H0069F0069|52UZPE01152001T47MT03EBS001H006952UZPE01152001T47MT03EBS001H0069F0069CC1085293544
3|1318|ESTEBAN|JESUS|CHINCHA|MUNOZ|CC|1085345948|1998-03-30|1|2|6|9510|3|2||7|07|||8|58.0|154|||2||||||||||||52UZPE01152001T47MT03EBS001H006952UZPE01152001T47MT03EBS001H0069F0069|52UZPE01152001T47MT03EBS001H006952UZPE01152001T47MT03EBS001H0069F0069CC1085345948
3|1319|MILTON|ARTURO|NAVARRO|CORAL|CC|12996495|1976-09-19|1|2|6|9998|3|5||7|07|||8|65.0|158|||2||||||||||||52UZPE01152001T47MT03EBS001H007152UZPE01152001T47MT03EBS001H0071F0071|52UZPE01152001T47MT03EBS001H007152UZPE01152001T47MT03EBS001H0071F0071CC12996495
3|1320|ELIZABETH|NOTIENE|ERAZO|BOLANOS|CC|59814398|1975-08-26|2|2|6|9998|3|5||7|07|||8|58.0|150|||2||||||||||||52UZPE01152001T47MT03EBS001H007152UZPE01152001T47MT03EBS001H0071F0071|52UZPE01152001T47MT03EBS001H007152UZPE01152001T47MT03EBS001H0071F0071CC59814398
3|1321|ANGIE|NAYIVE|NAVARRO|ERAZO|CC|1082657521|1992-06-05|2|2|6|5169|3|2||7|07|||8|65.0|160|||2||||||||||||52UZPE01152001T47MT03EBS001H007352UZPE01152001T47MT03EBS001H0073F0073|52UZPE01152001T47MT03EBS001H007352UZPE01152001T47MT03EBS001H0073F0073CC1082657521
3|1322|JOHAN|EIKER|MENDOZA|NAVARRO|TI|1080062535|2013-10-18|1|2|6|9998|3|2||8|07|||8|31.0|133|||2||||||||||||52UZPE01152001T47MT03EBS001H007352UZPE01152001T47MT03EBS001H0073F0073|52UZPE01152001T47MT03EBS001H007352UZPE01152001T47MT03EBS001H0073F0073TI1080062535
3|1323|LIVIO|FRANCISCO|GOMEZ|BARONA|CC|98384585|1972-01-11|1|2|6|9510|3|1||7|07|||8|68.0|165|||2||||||||||||52UZPE01152001T47MT03EBS001H007452UZPE01152001T47MT03EBS001H0074F0074|52UZPE01152001T47MT03EBS001H007452UZPE01152001T47MT03EBS001H0074F0074CC98384585
3|1324|ADRIANA|MARISELA|YELA|ENRIQUEZ|CC|27082224|1972-04-29|2|2|6|9510|3|1||7|07|||8|63.0|155|||2||||||||||||52UZPE01152001T47MT03EBS001H007452UZPE01152001T47MT03EBS001H0074F0074|52UZPE01152001T47MT03EBS001H007452UZPE01152001T47MT03EBS001H0074F0074CC27082224
3|1325|YESID|SEBASTIAN|GOMEZ|YELA|CC|1192735920|2002-05-29|1|2|6|9510|3|1||7|07|||8|75.0|175|||2||||||||||||52UZPE01152001T47MT03EBS001H007452UZPE01152001T47MT03EBS001H0074F0074|52UZPE01152001T47MT03EBS001H007452UZPE01152001T47MT03EBS001H0074F0074CC1192735920
3|1326|LUIS|FELIPE|CHINCHA|VALLEJOS|CC|1085319587|1964-10-24|1|2|6|9998|3|1||7|07|||8|50.0|151|||2||||||||||||52UZPE01152001T47MT03EBS001H007252UZPE01152001T47MT03EBS001H0072F0072|52UZPE01152001T47MT03EBS001H007252UZPE01152001T47MT03EBS001H0072F0072CC1085319587
3|1327|OBED|SALEM|CHINCHA|MUNOZ|CC|1193385499|2000-12-18|1|2|6|9622|3|1||7|07|||8|65.0|162|||2||||||||||||52UZPE01152001T47MT03EBS001H007252UZPE01152001T47MT03EBS001H0072F0072|52UZPE01152001T47MT03EBS001H007252UZPE01152001T47MT03EBS001H0072F0072CC1193385499
3|1328|KAREN|YASMIN|CHAVEZ|IMBAJOA|CC|1085261526|1987-03-19|2|2|6|9998|3|1||7|07|||8|57.0|147|||2||||||||||||52UZPE01152001T47MT03EBS001H007552UZPE01152001T47MT03EBS001H0075F0075|52UZPE01152001T47MT03EBS001H007552UZPE01152001T47MT03EBS001H0075F0075CC1085261526
3|1329|KELLY|ALEJANDRA|ATES|CHAVEZ|RC|1081288125|2020-10-15|2|2|6|9998|3|1||8|07|||8|||||2||||||||||||52UZPE01152001T47MT03EBS001H007552UZPE01152001T47MT03EBS001H0075F0075|52UZPE01152001T47MT03EBS001H007552UZPE01152001T47MT03EBS001H0075F0075RC1081288125
3|1330|PABLO|EMILIO|ATES|ORDONEZ|CC|1085251731|1979-05-10|1|2|6|9510|3|1||7|07|||8|63.0|168|||2||||||||||||52UZPE01152001T47MT03EBS001H007552UZPE01152001T47MT03EBS001H0075F0075|52UZPE01152001T47MT03EBS001H007552UZPE01152001T47MT03EBS001H0075F0075CC1085251731
3|1331|ERICK|ALEXANDER|ATES|CHAVEZ|TI|1080067378|2017-08-03|1|2|6|9998|3|1||8|07|||8|24.0|120|||2||||||||||||52UZPE01152001T47MT03EBS001H007552UZPE01152001T47MT03EBS001H0075F0075|52UZPE01152001T47MT03EBS001H007552UZPE01152001T47MT03EBS001H0075F0075TI1080067378
3|1332|JEFERSON|CAMILO|ERASO|BASTIAS|CC|1004193516|2002-12-29|1|2|6|9510|3|1||6|07|||8|50.0|158|||2||||||||||||52UZPE01152001T47MT03EBS001H007852UZPE01152001T47MT03EBS001H0078F0078|52UZPE01152001T47MT03EBS001H007852UZPE01152001T47MT03EBS001H0078F0078CC1004193516
3|1333|AURA|JULIA|ROMERO|NARVAEZ|CC|29434628|1973-03-31|2|2|6|9998|3|1||7|07|||8|53.0|150|||2||||||||||||52UZPE01152001T47MT03EBS001H007952UZPE01152001T47MT03EBS001H0079F0079|52UZPE01152001T47MT03EBS001H007952UZPE01152001T47MT03EBS001H0079F0079CC29434628
3|1334|ANA|JULIA|MORALES|ROMERO|CC|1080691733|2005-07-24|2|2|6|9998|3|1||7|07|||8|68.0|160|||2||||||||||||52UZPE01152001T47MT03EBS001H007952UZPE01152001T47MT03EBS001H0079F0079|52UZPE01152001T47MT03EBS001H007952UZPE01152001T47MT03EBS001H0079F0079CC1080691733
3|1335|MARTHA|LUCIA|FLOREZ|AZA|CC|59837723|1976-05-10|2|2|6|9998|3|1||7|07|||8|53.0|150|||2||||||||||||52UZPE01152001T47MT03EBS001H008052UZPE01152001T47MT03EBS001H0080F0080|52UZPE01152001T47MT03EBS001H008052UZPE01152001T47MT03EBS001H0080F0080CC59837723
3|1336|DAMARIS|ALICIA|ROSERO|PRECIADO|CC|1233194356|1999-08-04|2|2|6|9998|3|1||7|07|||8|68.0|163|||2||||||||||||52UZPE01152001T47MT03EBS001H008152UZPE01152001T47MT03EBS001H0081F0081|52UZPE01152001T47MT03EBS001H008152UZPE01152001T47MT03EBS001H0081F0081CC1233194356
3|1337|NHASLY|ORIANA|ARAUJO|ROSERO|RC|1087837905|2020-01-11|2|2|6|9998|3|1||8|07|||8|||||2||||||||||||52UZPE01152001T47MT03EBS001H008152UZPE01152001T47MT03EBS001H0081F0081|52UZPE01152001T47MT03EBS001H008152UZPE01152001T47MT03EBS001H0081F0081RC1087837905
3|1338|JESUS|ROBERTO|ZAMBRANO|CHAMORRO|CC|5332880|1956-07-07|1|2|6|9510|3|1||3|07|||8|60.0|165|||2||||||||||||52UZPE01152001T47MT03EBS001H008352UZPE01152001T47MT03EBS001H0083F0083|52UZPE01152001T47MT03EBS001H008352UZPE01152001T47MT03EBS001H0083F0083CC5332880
3|1339|PATRICIA|ISABEL|VALDIVIESO|MIRANDA|CC|30739418|1959-03-06|2|2|6|9998|3|1||3|07|||8|58.0|157|||2||||||||||||52UZPE01152001T47MT03EBS001H008352UZPE01152001T47MT03EBS001H0083F0083|52UZPE01152001T47MT03EBS001H008352UZPE01152001T47MT03EBS001H0083F0083CC30739418
3|1340|PEDRO|PABLO|ZAMBRANO|VALDIVIESO|CC|1000533226|2002-07-06|1|2|6|9998|3|1||7|07|||8|67.0|169|||2||||||||||||52UZPE01152001T47MT03EBS001H008352UZPE01152001T47MT03EBS001H0083F0083|52UZPE01152001T47MT03EBS001H008352UZPE01152001T47MT03EBS001H0083F0083CC1000533226
3|1341|CRISTIAN|FABIAN|ORDONEZ|HERNANDEZ|TI|1088972188|2007-03-30|1|2|6|9998|3|1||1|07|||8|57.0|164|||2||||||||||||52UZPE01152001T47MT03EBS001H008452UZPE01152001T47MT03EBS001H0084F0084|52UZPE01152001T47MT03EBS001H008452UZPE01152001T47MT03EBS001H0084F0084TI1088972188
3|1342|ROSARIO|LAUDIS|HERNANDEZ|DELGADO|CC|27276959|1973-08-12|2|2|6|9998|3|1||7|07|||8|88.0|153|||2||||||||||||52UZPE01152001T47MT03EBS001H008452UZPE01152001T47MT03EBS001H0084F0084|52UZPE01152001T47MT03EBS001H008452UZPE01152001T47MT03EBS001H0084F0084CC27276959
3|1343|DAVID|SANTIAGO|QUINONEZ|AGUDELO|CC|1080042288|2003-10-19|1|2|6|9998|3|1||7|07|||8|67.0|167|||2||||||||||||52UZPE01152001T47MT03EBS001H008552UZPE01152001T47MT03EBS001H0085F0085|52UZPE01152001T47MT03EBS001H008552UZPE01152001T47MT03EBS001H0085F0085CC1080042288
3|1344|LUIS|DANIEL|VACCA|RODRIGUEZ|CC|1085338649|1998-01-27|1|2|6|9510|3|1||7|07|||8|60.0|165|||2||||||||||||52UZPE01152001T47MT03EBS001H008652UZPE01152001T47MT03EBS001H0086F0086|52UZPE01152001T47MT03EBS001H008652UZPE01152001T47MT03EBS001H0086F0086CC1085338649
3|1345|EDISON|ALEJANDRO|RODRIGUEZ|O|CC|1089244904|1996-06-22|1|2|6|9510|3|1||7|07|||8|58.0|161|||2||||||||||||52UZPE01152001T47MT03EBS001H008652UZPE01152001T47MT03EBS001H0086F0086|52UZPE01152001T47MT03EBS001H008652UZPE01152001T47MT03EBS001H0086F0086CC1089244904
3|1346|BLANCA|SOCORRO|RODRIGUEZ|O|CC|27480053|1965-11-21|2|2|6|9998|3|1||7|07|||8|60.0|146|||2||||||||||||52UZPE01152001T47MT03EBS001H008652UZPE01152001T47MT03EBS001H0086F0086|52UZPE01152001T47MT03EBS001H008652UZPE01152001T47MT03EBS001H0086F0086CC27480053
3|1347|ERNESTINA|O|RODRIGUEZ|OJEDA|CC|27477547|1935-10-20|2|2|6|9998|3|1||3|07|||2|39.0|144|||2||||||||||||52UZPE01152001T47MT03EBS001H008652UZPE01152001T47MT03EBS001H0086F0086|52UZPE01152001T47MT03EBS001H008652UZPE01152001T47MT03EBS001H0086F0086CC27477547
3|1348|SEGUNDO|MANUEL|ORTIZ|ROSERO|CC|12981859|1953-11-20|1|2|6|9998|3|1||3|07|||8|81.0|165|||2||||||||||||52UZPE01152001T47MT03EBS001H008752UZPE01152001T47MT03EBS001H0087F0087|52UZPE01152001T47MT03EBS001H008752UZPE01152001T47MT03EBS001H0087F0087CC12981859
3|1349|EDWIN|OO|ORDONEZ|RODRIGUEZ|CC|1085687206|1988-04-28|1|2|6|9510|3|1||7|07|||8|67.0|167|||2||||||||||||52UZPE01152001T47MT03EBS001H008852UZPE01152001T47MT03EBS001H0088F0088|52UZPE01152001T47MT03EBS001H008852UZPE01152001T47MT03EBS001H0088F0088CC1085687206
3|1350|JHOAN|ESTEBAN|GUZMAN|GAMBOA|TI|1080698613|2013-03-18|2|2|6|9998|3|1||8|07|||8|40.0|143|||2||||||||||||52UZPE01152001T47MT03EBS001H009052UZPE01152001T47MT03EBS001H0090F0090|52UZPE01152001T47MT03EBS001H009052UZPE01152001T47MT03EBS001H0090F0090TI1080698613
3|1351|SINDY|LORENA|GAMBOA|LUNA|CC|1085288434|1990-04-23|2|2|6|9998|3|1||7|07|||8|67.0|161|||2||||||||||||52UZPE01152001T47MT03EBS001H009052UZPE01152001T47MT03EBS001H0090F0090|52UZPE01152001T47MT03EBS001H009052UZPE01152001T47MT03EBS001H0090F0090CC1085288434