1|NI|900091143|2025-12-08|2025-12-08|1429
2|1|1|52|UZPE011|52001|T52|MT02|EL ENCANO|CARRERA2AVENIDAPASTO|-77.155545|1.163105||52UZPE01152001T52MT02EBS001H0001|52UZPE01152001T52MT02EBS001H0001F0001|1|1|1|1|52UZPE01152001T52MT02EBS001|900091143|CC|36758143|AUXILIARDEENFERMERIA|52UZPE01152001T52MT02EBS001H0001F0001CF001|2024-06-19|1||1||3||4||1|2|11|4|2|2|20||1|9,10|2||3||1||1||1||7|1|3|2|1|1|1|2|2|2|2|2|2||2|2|1|1||9||1|2|2|1|2|1|2|2|1|52UZPE01152001T52MT02EBS001H000152UZPE01152001T52MT02EBS001H0001F0001
2|2|1|52|UZPE011|52001|T52|MT02|EL ENCANO|CASA60SANTALUCIA|-77.170533|1.009072||52UZPE01152001T52MT02EBS001H0002|52UZPE01152001T52MT02EBS001H0002F0002|1|1|1|1|52UZPE01152001T52MT02EBS001|900091143|CC|36758143|AUXILIARDEENFERMERIA|52UZPE01152001T52MT02EBS001H0002F0002CF002|2024-06-20|1||5||4||4||1|2|8|4|2|1|19||2|13|0||3||7||6||3||7|1|2|4|1|1|2|2|2|2|2|2|2||2|2|1|2||9||1|2|2|1|1|1|2|2|1|52UZPE01152001T52MT02EBS001H000252UZPE01152001T52MT02EBS001H0002F0002
2|3|1|52|UZPE011|52001|T52|MT02|EL ENCANO|CASA43BSANTALUCIA|-77.751506|0.698836||52UZPE01152001T52MT02EBS001H0008|52UZPE01152001T52MT02EBS001H0008F0008|1|1|1|1|52UZPE01152001T52MT02EBS001|900091143|CC|36758143|AUXILIARDEENFERMERIA|52UZPE01152001T52MT02EBS001H0008F0008CF008|2024-06-21|3||1||3||4||1|2|8|1|2|1|8||2|9,10|2||3||7||6||3||7|1|2|3|1|1|3|2|2|2|2|2|2||2|2|1|1||9||1|2|2|1|2|1|2|2|1|52UZPE01152001T52MT02EBS001H000852UZPE01152001T52MT02EBS001H0008F0008
2|4|1|52|UZPE011|52001|T52|MT02|EL ENCANO|CASA71|-77.17934|1.014061||52UZPE01152001T52MT02EBS001H0013|52UZPE01152001T52MT02EBS001H0013F0013|1|1|1|1|52UZPE01152001T52MT02EBS001|900091143|CC|1086362994|AUXILIARDEENFERMERIA|52UZPE01152001T52MT02EBS001H0013F0013CF013|2024-06-27|1||5||4||4||1|2|8|1|2|1|8||2|13|0||3||2||6||3||7|1|1|3|1|1|3|2|2|2|2|2|2||2|2|1|1||9||1|2|2|1|1|1|2|2|1|52UZPE01152001T52MT02EBS001H001352UZPE01152001T52MT02EBS001H0013F0013
2|5|1|52|UZPE011|52001|T52|MT02|EL ENCANO|CASA9|-77.171276|1.048147||52UZPE01152001T52MT02EBS001H0014|52UZPE01152001T52MT02EBS001H0014F0014|1|1|1|3|52UZPE01152001T52MT02EBS001|900091143|CC|1085252263|AUXILIARDEENFERMERIA|52UZPE01152001T52MT02EBS001H0014F0014CF014|2024-06-27|1||5||4||4||1|1|8|1|2|1|20||2|9,10|2||3||2||5||3||1|3|3|1|1|1|1|2|2|2|2|2|2||2|2|1|1||9||1|2|2|1|1|1|2|2|1|52UZPE01152001T52MT02EBS001H001452UZPE01152001T52MT02EBS001H0014F0014
2|6|1|52|UZPE011|52001|T52|MT02|EL ENCANO|SANTALUCIACASASINNOMENCLATURA|-77.17998|1.01328||52UZPE01152001T52MT02EBS001H0017|52UZPE01152001T52MT02EBS001H0017F0017|1|2|2|4|52UZPE01152001T52MT02EBS001|900091143|CC|36758143|AUXILIARDEENFERMERIA|52UZPE01152001T52MT02EBS001H0017F0017CF017|2024-06-27|1||5||4||4||2|1|8|4|2|1|5||2|13|0||3||2||6||3||1|3|3|1|1|1|3|2|2|2|2|2|2||2|2|2|1||9||2|2|2|1|1|1|2|2|1|52UZPE01152001T52MT02EBS001H001752UZPE01152001T52MT02EBS001H0017F0017
2|7|1|52|UZPE011|52001|T52|MT02|EL ENCANO|SANTALUCIACASASINNOMENCLATURA|-77.17998|1.01328||52UZPE01152001T52MT02EBS001H0018|52UZPE01152001T52MT02EBS001H0018F0018|1|2|2|4|52UZPE01152001T52MT02EBS001|900091143|CC|36758143|AUXILIARDEENFERMERIA|52UZPE01152001T52MT02EBS001H0018F0018CF018|2024-06-27|1||5||4||4||2|1|8|4|2|1|5||2|13|0||3||2||6||3||7|1|3|2|1|1|2|2|2|2|2|2|2||2|2|2|1||9||2|2|2|1|1|1|2|2|1|52UZPE01152001T52MT02EBS001H001852UZPE01152001T52MT02EBS001H0018F0018
2|8|1|52|UZPE011|52001|T52|MT02|EL ENCANO|SANTALUCIACASA39|-77.180421|1.011942||52UZPE01152001T52MT02EBS001H0019|52UZPE01152001T52MT02EBS001H0019F0019|1|1|1|1|52UZPE01152001T52MT02EBS001|900091143|CC|1004232508|AUXILIARDEENFERMERIA|52UZPE01152001T52MT02EBS001H0019F0019CF019|2024-06-27|1||5||4||4||1|2|5|4|4|1|8||2|13|0||3||2||5||5||7|1|2|3|1|1|3|2|2|2|2|2|2||2|2|1|1||9||1|2|2|1|2|1|2|2|1|52UZPE01152001T52MT02EBS001H001952UZPE01152001T52MT02EBS001H0019F0019
2|9|1|52|UZPE011|52001|T52|MT02|EL ENCANO|ENCANOVEREDASANTAISABEL|-77.123578|1.134267||52UZPE01152001T52MT02EBS001H0020|52UZPE01152001T52MT02EBS001H0020F0020|1|1|1|3|52UZPE01152001T52MT02EBS001|900091143|CC|1085344082|AUXILIARENFERMERIA|52UZPE01152001T52MT02EBS001H0020F0020CF020|2024-06-27|4||5||3||4||2|2|8|4|4|1|5||2|13|2||3||2||6||3||1|3|1|1|1|1|4|2|2|2|2|2|2||2|2|1|1||9||1|2|2|1|1|1|2|2|1|52UZPE01152001T52MT02EBS001H002052UZPE01152001T52MT02EBS001H0020F0020
2|10|1|52|UZPE011|52001|T52|MT02|EL ENCANO|ENCANOVEREDASANTAISABELAPTO02|-77.123578|1.134267||52UZPE01152001T52MT02EBS001H0021|52UZPE01152001T52MT02EBS001H0021F0021|1|1|1|3|52UZPE01152001T52MT02EBS001|900091143|CC|1085344082|AUXILIARENFERMERIA|52UZPE01152001T52MT02EBS001H0021F0021CF021|2024-06-27|4||5||4||4||2|2|8|4|4|1|5||2|13|0||3||2||6||3||2|3|1|1|1|1|1|2|2|2|2|2|2||2|2|1|1||9||1|2|2|1|1|1|2|2|1|52UZPE01152001T52MT02EBS001H002152UZPE01152001T52MT02EBS001H0021F0021
2|11|1|52|UZPE011|52001|T52|MT02|EL ENCANO|ELENCANOVEREDASANTAISABELAPTO03|-77.123578|1.134267||52UZPE01152001T52MT02EBS001H0022|52UZPE01152001T52MT02EBS001H0022F0022|1|1|1|4|52UZPE01152001T52MT02EBS001|900091143|CC|1085344082|AUXILIARENFERMERIA|52UZPE01152001T52MT02EBS001H0022F0022CF022|2024-06-27|4||5||4||4||2|2|11|4|4|1|5||2|13|0||3||2||6||3||1|4|3|1|1|1|1|2|2|2|2|2|2||2|2|1|1||9||1|2|2|1|1|1|2|2|1|52UZPE01152001T52MT02EBS001H002252UZPE01152001T52MT02EBS001H0022F0022
2|12|1|52|UZPE011|52001|T52|MT02|EL ENCANO|ELENCANOSANTAISABELCASA25|-77.123578|1.134267||52UZPE01152001T52MT02EBS001H0023|52UZPE01152001T52MT02EBS001H0023F0023|1|1|1|3|52UZPE01152001T52MT02EBS001|900091143|CC|1085344082|AUXILIARENFERMERIA|52UZPE01152001T52MT02EBS001H0023F0023CF023|2024-06-27|1||1||3||4||2|2|8|1|4|1|5||2|13|2||3||7||6||3||2|3|3|1|1|1|1|2|2|2|2|2|2||2|2|1|1||9||1|2|2|1|2|1|2|2|1|52UZPE01152001T52MT02EBS001H002352UZPE01152001T52MT02EBS001H0023F0023
2|13|1|52|UZPE011|52001|T52|MT02|EL ENCANO|SANTALUCIACASA19|-77.197885|1.017669||52UZPE01152001T52MT02EBS001H0024|52UZPE01152001T52MT02EBS001H0024F0024|1|2|2|2|52UZPE01152001T52MT02EBS001|900091143|CC|1004232508|AUXILIARDEENFERMERIA|52UZPE01152001T52MT02EBS001H0024F0024CF024|2024-06-27|1||5||4||4||2|2|5|4|4|1|8||2|9,10|2||3||2||5||5||7|1|2|2|1|1|3|2|2|2|2|2|2||2|2|1|1||9||1|2|2|1|2|1|2|2|1|52UZPE01152001T52MT02EBS001H002452UZPE01152001T52MT02EBS001H0024F0024
2|14|1|52|UZPE011|52001|T52|MT02|EL ENCANO|SANTALUCIACASA19|-77.197885|1.017669||52UZPE01152001T52MT02EBS001H0025|52UZPE01152001T52MT02EBS001H0025F0025|1|2|2|2|52UZPE01152001T52MT02EBS001|900091143|CC|1004232508|AUXILIARDEENFERMERIA|52UZPE01152001T52MT02EBS001H0025F0025CF025|2024-06-27|1||5||4||4||2|2|5|4|4|1|8||2|9,10|2||3||2||5||5||1|1|2|2|1|1|3|2|2|2|2|2|2||2|2|1|1||9||1|2|2|1|1|1|2|2|1|52UZPE01152001T52MT02EBS001H002552UZPE01152001T52MT02EBS001H0025F0025
2|15|1|52|UZPE011|52001|T52|MT02|EL ENCANO|VEREDASANTAISABELELENCANO1|-77.123578|1.134267||52UZPE01152001T52MT02EBS001H0026|52UZPE01152001T52MT02EBS001H0026F0026|1|1|1|5|52UZPE01152001T52MT02EBS001|900091143|CC|1085344082|AUXILIARENFERMERIA|52UZPE01152001T52MT02EBS001H0026F0026CF026|2024-06-27|1||5||4||4||4|2|8|1|4|1|5||2|13|2||3||2||6||3||1|5|3|1|1|1|1|2|2|2|2|2|2||2|2|1|2||9||1|2|2|1|1|1|2|2|1|52UZPE01152001T52MT02EBS001H002652UZPE01152001T52MT02EBS001H0026F0026
2|16|1|52|UZPE011|52001|T52|MT02|EL ENCANO|SANTALUCIACASA18|-77.196054|1.016481||52UZPE01152001T52MT02EBS001H0027|52UZPE01152001T52MT02EBS001H0027F0027|1|1|1|2|52UZPE01152001T52MT02EBS001|900091143|CC|1004232508|AUXILIARDEENFERMERIA|52UZPE01152001T52MT02EBS001H0027F0027CF027|2024-06-26|1||5||4||4||1|2|5|4|4|1|19||2|13|0||3||2||5||5||1|2|2|2|1|1|3|2|2|2|2|2|2||2|2|1|1||9||1|2|2|1|2|1|2|2|1|52UZPE01152001T52MT02EBS001H002752UZPE01152001T52MT02EBS001H0027F0027
2|17|1|52|UZPE011|52001|T52|MT02|EL ENCANO|ENCANOVEREDASANTAISABEL1|-77.123578|1.134267||52UZPE01152001T52MT02EBS001H0028|52UZPE01152001T52MT02EBS001H0028F0028|2|1|1|4|52UZPE01152001T52MT02EBS001|900091143|CC|59834953|AUXILIARDEENFERMERIA|52UZPE01152001T52MT02EBS001H0028F0028CF028|2024-06-28|1||5||4||4||2|2|11|1|4|1|8||2|9,10|2||10||2||6||5||1|4|3|1|1|1|1|2|2|2|2|2|2||2|2|1|2||9||1|2|2|1|1|1|2|2|1|52UZPE01152001T52MT02EBS001H002852UZPE01152001T52MT02EBS001H0028F0028
2|18|1|52|UZPE011|52001|T52|MT02|EL ENCANO|SANTALUCIACASA17|-77.192615|1.016261||52UZPE01152001T52MT02EBS001H0029|52UZPE01152001T52MT02EBS001H0029F0029|1|1|1|2|52UZPE01152001T52MT02EBS001|900091143|CC|1004232508|AUXILIARDEENFERMERIA|52UZPE01152001T52MT02EBS001H0029F0029CF029|2024-06-27|1||1||4||4||1|2|5|4|4|1|8||2|13|0||3||2||5||5||1|2|2|1|1|1|3|2|2|2|2|2|2||2|2|1|1||9||1|2|2|1|1|1|2|2|1|52UZPE01152001T52MT02EBS001H002952UZPE01152001T52MT02EBS001H0029F0029
2|19|1|52|UZPE011|52001|T52|MT02|EL ENCANO|ELENCANOVEREDASANTAISABEL2|-77.123578|1.134267||52UZPE01152001T52MT02EBS001H0031|52UZPE01152001T52MT02EBS001H0031F0031|1|1|1|1|52UZPE01152001T52MT02EBS001|900091143|CC|59834953|AUXILIARDEENFERMERIA|52UZPE01152001T52MT02EBS001H0031F0031CF031|2024-06-28|1||5||4||4||1|2|11|4|4|1|8||2|9,10|2||3||2||6||5||7|1|3|2|1|1|1|2|2|2|2|2|2||2|2|1|2||9||1|2|2|1|1|1|2|2|1|52UZPE01152001T52MT02EBS001H003152UZPE01152001T52MT02EBS001H0031F0031
2|20|1|52|UZPE011|52001|T52|MT02|EL ENCANO|ELENCANOVEREDASANTALUCIADIV2|-77.123578|1.134267||52UZPE01152001T52MT02EBS001H0032|52UZPE01152001T52MT02EBS001H0032F0032|1|1|1|2|52UZPE01152001T52MT02EBS001|900091143|CC|59834953|AUXILIARDEENFERMERIA|52UZPE01152001T52MT02EBS001H0032F0032CF032|2024-06-28|1||5||3||4||1|2|11|4|4|1|19||2|13|0||3||2||6||5||1|3|3|2|1|1|1|2|2|2|2|2|2||2|2|1|2||9||1|2|2|1|1|1|2|2|1|52UZPE01152001T52MT02EBS001H003252UZPE01152001T52MT02EBS001H0032F0032
2|21|1|52|UZPE011|52001|T52|MT02|EL ENCANO|SANTAISABEL2|-77.123578|1.134267||52UZPE01152001T52MT02EBS001H0033|52UZPE01152001T52MT02EBS001H0033F0033|1|1|1|3|52UZPE01152001T52MT02EBS001|900091143|CC|59834953|AUXILIARDEENFERMERIA|52UZPE01152001T52MT02EBS001H0033F0033CF033|2024-06-28|1||5||3||4||2|2|11|1|4|1|20||2|9,10|2||3||2||6||5||1|3|3|1|1|1|1|2|2|2|2|2|2||2|2|1|2||9||1|2|2|1|1|1|2|2|1|52UZPE01152001T52MT02EBS001H003352UZPE01152001T52MT02EBS001H0033F0033
2|22|1|52|UZPE011|52001|T52|MT02|EL ENCANO|ELENCANOVEREDASANTALUCIA|-77.18878|1.003345||52UZPE01152001T52MT02EBS001H0042|52UZPE01152001T52MT02EBS001H0042F0042|1|1|1|3|52UZPE01152001T52MT02EBS001|900091143|CC|1086362994|AUXILIARDEENFERMERIA|52UZPE01152001T52MT02EBS001H0042F0042CF042|2024-06-27|1||5||4||4||1|1|8|1|4|1|8||1|9,10|2||11||2||6||3||1|3|1|2|1|1|3|2|2|2|2|2|2||2|2|1|1||9||1|2|2|1|2|1|2|2|1|52UZPE01152001T52MT02EBS001H004252UZPE01152001T52MT02EBS001H0042F0042
2|23|1|52|UZPE011|52001|T52|MT02|EL ENCANO|CASA20|-77.123578|1.134267||52UZPE01152001T52MT02EBS001H0043|52UZPE01152001T52MT02EBS001H0043F0043|1|1|1|7|52UZPE01152001T52MT02EBS001|900091143|CC|1085327701|AUXILIARENFERMERIA|52UZPE01152001T52MT02EBS001H0043F0043CF043|2024-06-27|1||1||4||4||4|1|11|1|4|1|20||1|9,10|2||3||2||5||3||1|7|1|1|1|1|1|2|2|2|2|2|2||2|2|1|1||9||1|2|2|1|1|1|2|2|1|52UZPE01152001T52MT02EBS001H004352UZPE01152001T52MT02EBS001H0043F0043
2|24|1|52|UZPE011|52001|T52|MT02|EL ENCANO|CASA71|-77.153777|1.156277||52UZPE01152001T52MT02EBS001H0046|52UZPE01152001T52MT02EBS001H0046F0046|1|1|1|2|52UZPE01152001T52MT02EBS001|900091143|CC|1085252263|AUXILIARDEENFERMERIA|52UZPE01152001T52MT02EBS001H0046F0046CF046|2024-07-04|1||1||3||4||2|2|8|1|2|1|20||2|9,10|2||3||2||5||1||1|2|3|1|1|1|2|2|2|2|2|2|2||2|2|2|2||9||2|2|2|1|2|1|2|2|1|52UZPE01152001T52MT02EBS001H004652UZPE01152001T52MT02EBS001H0046F0046
2|25|1|52|UZPE011|52001|T52|MT02|EL ENCANO|CASA3|-77.123578|1.134267||52UZPE01152001T52MT02EBS001H0047|52UZPE01152001T52MT02EBS001H0047F0047|1|1|1|7|52UZPE01152001T52MT02EBS001|900091143|CC|1085327701|AUXILIARENFERMERIA|52UZPE01152001T52MT02EBS001H0047F0047CF047|2024-06-27|1||5||4||2||4|1|11|1|4|1|19||1|9,10|2||3||2||6||1||1|7|3|1|1|1|1|2|2|2|2|2|2||2|2|1|1||9||1|2|2|1|1|1|2|2|1|52UZPE01152001T52MT02EBS001H004752UZPE01152001T52MT02EBS001H0047F0047
2|26|1|52|UZPE011|52001|T52|MT02|EL ENCANO|CASA6VEREDASANTALUCIA|-77.179456|1.012592||52UZPE01152001T52MT02EBS001H0049|52UZPE01152001T52MT02EBS001H0049F0049|1|1|1|1|52UZPE01152001T52MT02EBS001|900091143|CC|1193265360|TECNOLOGAENPROMOCIONDELASALUD|52UZPE01152001T52MT02EBS001H0049F0049CF049|2024-07-10|1||5||4||4||1|2|11|4|4|2|8||2|13|0||3||2||6||3||7|1|1|2|1|1|2|2|2|2|2|2|2||2|2|2|1||9||2|2|2|1|2|1|2|2|1|52UZPE01152001T52MT02EBS001H004952UZPE01152001T52MT02EBS001H0049F0049
2|27|1|52|UZPE011|52001|T52|MT02|EL ENCANO|29|-77.17984|1.04567||52UZPE01152001T52MT02EBS001H0050|52UZPE01152001T52MT02EBS001H0050F0050|1|1|1|2|52UZPE01152001T52MT02EBS001|900091143|CC|87060703|PSICOLOGO|52UZPE01152001T52MT02EBS001H0050F0050CF050|2024-07-24|1||1||3||4||2|2|11|4|2|2|20||2|9,10|2||10||2||6||3||2|2|1|1|1|1|3|2|2|2|2|2|2||2|2|2|1||9||2|2|2|1|1|1|2|2|1|52UZPE01152001T52MT02EBS001H005052UZPE01152001T52MT02EBS001H0050F0050
2|28|1|52|UZPE011|52001|T52|MT02|EL ENCANO|CASALAPLANADAVEREDASANTAISABEL|-77.155207|0.989966||52UZPE01152001T52MT02EBS001H0051|52UZPE01152001T52MT02EBS001H0051F0051|1|2|2|3|52UZPE01152001T52MT02EBS001|900091143|CC|1193265360|TECNOLOGAENPROMOCIONDELASALUD|52UZPE01152001T52MT02EBS001H0051F0051CF051|2024-07-24|1||1||3||4||2|2|8|4|4|1|19||2|9,10|2||3||2||6||6||1|3|2|2|1|1|1|2|2|2|2|2|2||2|2|2|1||9||2|2|2|1|1|1|2|2|1|52UZPE01152001T52MT02EBS001H005152UZPE01152001T52MT02EBS001H0051F0051
2|29|1|52|UZPE011|52001|T52|MT02|EL ENCANO|CASALAPLANADAVEREDASANTAISABEL|-77.155207|0.989966||52UZPE01152001T52MT02EBS001H0052|52UZPE01152001T52MT02EBS001H0052F0052|1|2|2|3|52UZPE01152001T52MT02EBS001|900091143|CC|1193265360|TECNOLOGAENPROMOCIONDELASALUD|52UZPE01152001T52MT02EBS001H0052F0052CF052|2024-07-24|1||1||3||4||2|2|8|4|4|1|19||2|9,10|2||3||2||6||6||1|6|1|1|1|1|3|2|2|2|2|2|2||2|2|2|1||9||2|2|2|1|1|1|2|2|1|52UZPE01152001T52MT02EBS001H005252UZPE01152001T52MT02EBS001H0052F0052
2|30|1|52|UZPE011|52001|T52|MT02|EL ENCANO|RAMOSENCANOCASA3DIV1|-77.168829|1.054469||52UZPE01152001T52MT02EBS001H0053|52UZPE01152001T52MT02EBS001H0053F0053|1|2|2|2|52UZPE01152001T52MT02EBS001|900091143|CC|1193265360|TECNOLOGAENPROMOCIONDELASALUD|52UZPE01152001T52MT02EBS001H0053F0053CF053|2024-07-24|1||1||3||4||2|2|8|4|4|2|20||2|13|0||3||2||6||1||7|1|1|2|1|1|2|2|2|2|2|2|2||2|2|2|2||9||2|2|2|1|1|1|2|2|1|52UZPE01152001T52MT02EBS001H005352UZPE01152001T52MT02EBS001H0053F0053
2|31|1|52|UZPE011|52001|T52|MT02|EL ENCANO|CASA3AFILADORES|-77.184311|1.02379||52UZPE01152001T52MT02EBS001H0054|52UZPE01152001T52MT02EBS001H0054F0054|1|2|2|2|52UZPE01152001T52MT02EBS001|900091143|CC|36758143|AUXILIARDEENFERMERIA|52UZPE01152001T52MT02EBS001H0054F0054CF054|2024-07-24|1||5||4||4||1|2|8|1|4|1|8||2|9,10|2||10||2||5||3||1|2|1|1|1|1|2|2|2|2|2|2|2||2|2|1|2||9||1|2|2|1|1|1|2|2|1|52UZPE01152001T52MT02EBS001H005452UZPE01152001T52MT02EBS001H0054F0054
2|32|1|52|UZPE011|52001|T52|MT02|EL ENCANO|NOSELEHAASIGNADONUMEROVSANTALUCIA|-77.189273|1.023955||52UZPE01152001T52MT02EBS001H0055|52UZPE01152001T52MT02EBS001H0055F0055|1|1|1|4|52UZPE01152001T52MT02EBS001|900091143|CC|36758143|AUXILIARDEENFERMERIA|52UZPE01152001T52MT02EBS001H0055F0055CF055|2024-07-24|1||5||4||4||2|2|8|4|4|1|8||2|9,10|2||10||2||5||3||1|4|1|1|1|1|2|2|2|2|2|2|2||2|2|2|2||9||2|2|2|1|1|1|2|2|1|52UZPE01152001T52MT02EBS001H005552UZPE01152001T52MT02EBS001H0055F0055
2|33|1|52|UZPE011|52001|T52|MT02|EL ENCANO|CASA8AFILADORES|-77.183549|1.02847||52UZPE01152001T52MT02EBS001H0056|52UZPE01152001T52MT02EBS001H0056F0056|1|1|1|2|52UZPE01152001T52MT02EBS001|900091143|CC|36758143|AUXILIARDEENFERMERIA|52UZPE01152001T52MT02EBS001H0056F0056CF056|2024-07-24|1||5||4||4||2|2|8|4|4|1|20||2|13|2||10||2||6||3||2|2|1|2|1|1|3|2|2|2|2|2|2||2|2|2|2||9||2|2|2|1|1|1|2|2|1|52UZPE01152001T52MT02EBS001H005652UZPE01152001T52MT02EBS001H0056F0056
2|34|1|52|UZPE011|52001|T52|MT02|EL ENCANO|CASA6A|-77.185133|1.023223||52UZPE01152001T52MT02EBS001H0057|52UZPE01152001T52MT02EBS001H0057F0057|1|1|1|5|52UZPE01152001T52MT02EBS001|900091143|CC|1004232508|AUXILIARDEENFERMERIA|52UZPE01152001T52MT02EBS001H0057F0057CF057|2024-07-24|1||5||4||4||2|1|5|4|4|1|5||2|9,10|2||3||2||6||3||1|5|1|2|1|1|3|2|2|2|2|2|2||2|2|1|1||9||1|2|2|1|1|1|2|2|1|52UZPE01152001T52MT02EBS001H005752UZPE01152001T52MT02EBS001H0057F0057
2|35|1|52|UZPE011|52001|T52|MT02|EL ENCANO|CASASINASIGNACION|-77.184882|1.02336||52UZPE01152001T52MT02EBS001H0058|52UZPE01152001T52MT02EBS001H0058F0058|1|1|1|4|52UZPE01152001T52MT02EBS001|900091143|CC|1004232508|AUXILIARDEENFERMERIA|52UZPE01152001T52MT02EBS001H0058F0058CF058|2024-07-24|1||5||4||4||2|2|5|1|4|1|8||2|13|0||3||2||6||3||1|4|1|2|1|1|3|2|2|2|2|2|2||2|2|1|1||9||1|2|2|1|1|1|2|2|1|52UZPE01152001T52MT02EBS001H005852UZPE01152001T52MT02EBS001H0058F0058
2|36|1|52|UZPE011|52001|T52|MT02|EL ENCANO|RAMOSSINDIRECCION|-77.17984|1.04567||52UZPE01152001T52MT02EBS001H0059|52UZPE01152001T52MT02EBS001H0059F0059|1|1|1|1|52UZPE01152001T52MT02EBS001|900091143|CC|59314451|ODONTOLOGA|52UZPE01152001T52MT02EBS001H0059F0059CF059|2024-07-24|5||5||5||4||1|2|8|4|4|2|5||2|13|0||10||7||6||5||7|1|1|4|1|1|3|2|2|2|2|2|2||2|2|1|1||9||1|2|2|1|2|1|2|2|1|52UZPE01152001T52MT02EBS001H005952UZPE01152001T52MT02EBS001H0059F0059
2|37|1|52|UZPE011|52001|T52|MT02|EL ENCANO|NOTIENENOMENCLATURA|-77.177441|1.038529||52UZPE01152001T52MT02EBS001H0060|52UZPE01152001T52MT02EBS001H0060F0060|1|1|1|1|52UZPE01152001T52MT02EBS001|900091143|CC|59314451|ODONTOLOGA|52UZPE01152001T52MT02EBS001H0060F0060CF060|2024-07-24|1||5||4||4||1|2|8|1|2|2|5||2|13|0||3||2||6||5||7|1|1|4|1|1|3|2|2|2|2|2|2||2|2|1|2||9||1|2|2|1|1|1|2|2|1|52UZPE01152001T52MT02EBS001H006052UZPE01152001T52MT02EBS001H0060F0060
2|38|1|52|UZPE011|52001|T52|MT02|EL ENCANO|CASA2A|-77.17812|1.03862||52UZPE01152001T52MT02EBS001H0061|52UZPE01152001T52MT02EBS001H0061F0061|1|1|1|4|52UZPE01152001T52MT02EBS001|900091143|CC|59314451|ODONTOLOGA|52UZPE01152001T52MT02EBS001H0061F0061CF061|2024-07-24|1||5||4||4||2|1|8|2|2|2|20||1|9,10|2||3||2||6||3||1|4|1|4|1|1|1|2|2|2|2|2|2||2|2|1|2||9||1|2|2|1|1|1|2|2|1|52UZPE01152001T52MT02EBS001H006152UZPE01152001T52MT02EBS001H0061F0061
2|39|1|52|UZPE011|52001|T52|MT02|EL ENCANO|VDASANTAISABELDIV4ELENCANO|-77.155245|0.989836||52UZPE01152001T52MT02EBS001H0062|52UZPE01152001T52MT02EBS001H0062F0062|1|1|1|4|52UZPE01152001T52MT02EBS001|900091143|CC|1193265360|TECNOLOGAENPROMOCIONDELASALUD|52UZPE01152001T52MT02EBS001H0062F0062CF062|2024-08-24|1||5||4||4||3|2|8|4|4|2|8||2|9,10|2||3||2||6||3||1|4|1|1|1|1|2|2|2|2|2|2|2||2|2|2|2||9||2|2|2|1|1|1|2|2|1|52UZPE01152001T52MT02EBS001H006252UZPE01152001T52MT02EBS001H0062F0062
2|40|1|52|UZPE011|52001|T52|MT02|EL ENCANO|CASA61DIV1|-77.165124|1.110245||52UZPE01152001T52MT02EBS001H0063|52UZPE01152001T52MT02EBS001H0063F0063|1|1|1|4|52UZPE01152001T52MT02EBS001|900091143|CC|36753698|OTRO|52UZPE01152001T52MT02EBS001H0063F0063CF063|2024-08-19|1||1||3||4||3|2|8|1|2|1|20||2|9,10|2||10||2||6||3||1|4|1|1|1|1|2|2|2|2|2|2|2||2|2|2|1||9||2|2|2|1|1|1|2|2|1|52UZPE01152001T52MT02EBS001H006352UZPE01152001T52MT02EBS001H0063F0063
2|41|1|52|UZPE011|52001|T52|MT02|EL ENCANO|CASA41AELMOTILON|-77.165986|1.114282||52UZPE01152001T52MT02EBS001H0064|52UZPE01152001T52MT02EBS001H0064F0064|1|1|1|3|52UZPE01152001T52MT02EBS001|900091143|CC|1086362994|AUXILIARDEENFERMERIA|52UZPE01152001T52MT02EBS001H0064F0064CF064|2024-08-19|1||1||3||1||2|2|8|1|2|1|20||1|9,10|2||10||2||6||3||1|3|1|2|1|1|1|2|2|2|2|2|2||2|2|2|1||9||2|2|2|1|2|1|2|2|1|52UZPE01152001T52MT02EBS001H006452UZPE01152001T52MT02EBS001H0064F0064
2|42|1|52|UZPE011|52001|T52|MT02|EL ENCANO|VEREDAELMOTILONDIV1|-77.168556|1.11731||52UZPE01152001T52MT02EBS001H0065|52UZPE01152001T52MT02EBS001H0065F0065|1|1|1|2|52UZPE01152001T52MT02EBS001|900091143|CC|1004232508|AUXILIARDEENFERMERIA|52UZPE01152001T52MT02EBS001H0065F0065CF065|2024-08-19|1||1||3||4||1|2|5|1|4|1|19||2|9,10|2||3||2||5||3||1|2|1|1|1|1|3|2|2|2|2|2|2||2|2|1|1||9||1|2|2|1|2|1|2|2|1|52UZPE01152001T52MT02EBS001H006552UZPE01152001T52MT02EBS001H0065F0065
2|43|1|52|UZPE011|52001|T52|MT02|EL ENCANO|VEREDAELMOTILONCASA100|-77.168969|1.115612||52UZPE01152001T52MT02EBS001H0066|52UZPE01152001T52MT02EBS001H0066F0066|1|3|3|3|52UZPE01152001T52MT02EBS001|900091143|CC|1085321192|MEDICO|52UZPE01152001T52MT02EBS001H0066F0066CF066|2024-08-19|1||1||3||4||3|2|11|4|2|2|20||1|9,10|2||3||7||6||6||7|1|1|1|1|1|1|2|2|2|2|2|2||2|2|1|1||9||1|2|2|1|1|1|2|2|1|52UZPE01152001T52MT02EBS001H006652UZPE01152001T52MT02EBS001H0066F0066
2|44|1|52|UZPE011|52001|T52|MT02|EL ENCANO|VEREDAELMOTILONCASA100|-77.168969|1.115612||52UZPE01152001T52MT02EBS001H0067|52UZPE01152001T52MT02EBS001H0067F0067|1|3|3|3|52UZPE01152001T52MT02EBS001|900091143|CC|1085321192|MEDICO|52UZPE01152001T52MT02EBS001H0067F0067CF067|2024-08-19|1||1||3||4||3|2|11|4|2|2|20||1|9,10|2||3||7||6||6||7|1|1|1|1|1|1|2|2|2|2|2|2||2|2|2|1||9||2|2|2|1|1|1|2|2|1|52UZPE01152001T52MT02EBS001H006752UZPE01152001T52MT02EBS001H0067F0067
2|45|1|52|UZPE011|52001|T52|MT02|EL ENCANO|VEREDAELMOTILONCASA100|-77.168969|1.115612||52UZPE01152001T52MT02EBS001H0068|52UZPE01152001T52MT02EBS001H0068F0068|1|3|3|3|52UZPE01152001T52MT02EBS001|900091143|CC|1085321192|MEDICO|52UZPE01152001T52MT02EBS001H0068F0068CF068|2024-08-19|1||1||3||4||3|2|11|4|2|2|20||1|9,10|2||3||7||6||6||7|1|3|1|1|1|1|2|2|2|2|2|2||2|2|1|1||9||1|2|2|1|1|1|2|2|1|52UZPE01152001T52MT02EBS001H006852UZPE01152001T52MT02EBS001H0068F0068
2|46|1|52|UZPE011|52001|T52|MT02|EL ENCANO|CASA57AVEREDAELCARRIZO|-77.172067|1.116355||52UZPE01152001T52MT02EBS001H0069|52UZPE01152001T52MT02EBS001H0069F0069|1|1|1|1|52UZPE01152001T52MT02EBS001|900091143|CC|1086362994|AUXILIARDEENFERMERIA|52UZPE01152001T52MT02EBS001H0069F0069CF069|2024-08-19|1||5||4||4||1|2|8|1|2|1|8||1|9,10|2||10||2||6||5||7|1|1|3|1|1|3|2|2|2|2|2|2||2|2|1|1||9||1|2|2|1|2|1|2|2|1|52UZPE01152001T52MT02EBS001H006952UZPE01152001T52MT02EBS001H0069F0069
2|47|1|52|UZPE011|52001|T52|MT02|EL ENCANO|FINCAVISTAHERMOSA|-77.168283|1.117285||52UZPE01152001T52MT02EBS001H0070|52UZPE01152001T52MT02EBS001H0070F0070|1|1|1|2|52UZPE01152001T52MT02EBS001|900091143|CC|59314451|ODONTOLOGA|52UZPE01152001T52MT02EBS001H0070F0070CF070|2024-08-19|1||1||3||2||2|2|11|1|2|2|20||2|13|0||13||2||7||6||7|2|1|4|1|1|3|2|2|2|2|2|2||2|2|1|2||9||1|2|2|1|1|1|2|2|1|52UZPE01152001T52MT02EBS001H007052UZPE01152001T52MT02EBS001H0070F0070
2|48|1|52|UZPE011|52001|T52|MT02|EL ENCANO|CASA29BAJOMOTILONDIV1|-77.265616|1.111722||52UZPE01152001T52MT02EBS001H0071|52UZPE01152001T52MT02EBS001H0071F0071|1|2|2|1|52UZPE01152001T52MT02EBS001|900091143|CC|36758143|AUXILIARDEENFERMERIA|52UZPE01152001T52MT02EBS001H0071F0071CF071|2024-08-19|1||1||3||4||1|2|8|4|4|1|20||1|13|0||3||2||5||3||2|1|1|4|1|1|2|2|2|2|2|2|2||2|2|1|1||9||1|2|2|1|1|1|2|2|1|52UZPE01152001T52MT02EBS001H007152UZPE01152001T52MT02EBS001H0071F0071
2|49|1|52|UZPE011|52001|T52|MT02|EL ENCANO|CASA29BAJOMOTILONDIV1|-77.265616|1.111722||52UZPE01152001T52MT02EBS001H0072|52UZPE01152001T52MT02EBS001H0072F0072|1|2|2|1|52UZPE01152001T52MT02EBS001|900091143|CC|36758143|AUXILIARDEENFERMERIA|52UZPE01152001T52MT02EBS001H0072F0072CF072|2024-08-19|1||1||3||4||1|2|8|4|2|1|20||1|13|0||3||2||5||3||7|1|1|4|1|1|1|2|2|2|2|2|2||2|2|2|2||9||2|2|2|1|1|1|2|2|1|52UZPE01152001T52MT02EBS001H007252UZPE01152001T52MT02EBS001H0072F0072
2|50|1|52|UZPE011|52001|T52|MT02|EL ENCANO|CASAELAGRADODIV1|-77.166409|1.114736||52UZPE01152001T52MT02EBS001H0073|52UZPE01152001T52MT02EBS001H0073F0073|2|2|2|1|52UZPE01152001T52MT02EBS001|900091143|CC|36758143|AUXILIARDEENFERMERIA|52UZPE01152001T52MT02EBS001H0073F0073CF073|2024-08-19|1||1||3||4||1|2|8|4|3|1|4||1|13|2||3||2||5||3||7|1|1|1|1|1|2|2|2|2|2|2|2||2|2|1|1||9||1|2|2|1|1|1|2|2|1|52UZPE01152001T52MT02EBS001H007352UZPE01152001T52MT02EBS001H0073F0073
2|51|1|52|UZPE011|52001|T52|MT02|EL ENCANO|CASAELAGRADODIV1|-77.166409|1.114736||52UZPE01152001T52MT02EBS001H0074|52UZPE01152001T52MT02EBS001H0074F0074|2|2|2|1|52UZPE01152001T52MT02EBS001|900091143|CC|36758143|AUXILIARDEENFERMERIA|52UZPE01152001T52MT02EBS001H0074F0074CF074|2024-08-19|1||1||3||4||1|2|8|4|4|1|4||1|13|2||3||2||5||3||1|2|1|1|1|1|1|2|2|2|2|2|2||2|2|1|1||9||1|2|2|1|1|1|2|2|1|52UZPE01152001T52MT02EBS001H007452UZPE01152001T52MT02EBS001H0074F0074
2|52|1|52|UZPE011|52001|T52|MT02|EL ENCANO|CASA107ALTOMOTILON|-77.179846|1.114746||52UZPE01152001T52MT02EBS001H0075|52UZPE01152001T52MT02EBS001H0075F0075|1|1|1|4|52UZPE01152001T52MT02EBS001|900091143|CC|36753698|OTRO|52UZPE01152001T52MT02EBS001H0075F0075CF075|2024-08-20|1||1||3||4||3|2|8|1|2|1|20||2|13|0||10||2||7||1||1|4|1|1|1|1|1|2|2|2|2|2|2||2|2|2|2||9||2|2|2|1|1|1|2|2|1|52UZPE01152001T52MT02EBS001H007552UZPE01152001T52MT02EBS001H0075F0075
2|53|1|52|UZPE011|52001|T52|MT02|EL ENCANO|CASA13MOTILON|-77.181827|1.114757||52UZPE01152001T52MT02EBS001H0076|52UZPE01152001T52MT02EBS001H0076F0076|1|1|1|1|52UZPE01152001T52MT02EBS001|900091143|CC|59314451|ODONTOLOGA|52UZPE01152001T52MT02EBS001H0076F0076CF076|2024-08-20|1||5||4||2||1|2|8|4|4|1|20||2|13|0||10||2||6||3||7|1|1|4|1|1|3|2|2|2|2|2|2||2|2|1|1||9||1|2|2|1|1|1|2|2|1|52UZPE01152001T52MT02EBS001H007652UZPE01152001T52MT02EBS001H0076F0076
2|54|1|52|UZPE011|52001|T52|MT02|EL ENCANO|CASA76ALTOMOTILON|-77.182401|1.114945||52UZPE01152001T52MT02EBS001H0077|52UZPE01152001T52MT02EBS001H0077F0077|2|1|1|7|52UZPE01152001T52MT02EBS001|900091143|CC|36753698|OTRO|52UZPE01152001T52MT02EBS001H0077F0077CF077|2024-08-20|1||5||4||2||4|2|8|1|2|1|8||2|9,10|2||10||7||6||3||1|5|1|1|1|1|2|2|2|2|2|2|2||2|2|2|1||9||2|2|2|1|2|1|2|2|1|52UZPE01152001T52MT02EBS001H007752UZPE01152001T52MT02EBS001H0077F0077
2|55|1|52|UZPE011|52001|T52|MT02|EL ENCANO|CASA15VDAELMOTILON|-77.170871|1.118926||52UZPE01152001T52MT02EBS001H0078|52UZPE01152001T52MT02EBS001H0078F0078|1|3|3|4|52UZPE01152001T52MT02EBS001|900091143|CC|1193265360|TECNOLOGAENPROMOCIONDELASALUD|52UZPE01152001T52MT02EBS001H0078F0078CF078|2024-08-20|1||1||3||2||3|2|8|4|2|1|8||2|13|2||3||2||6||3||7|1|1|2|1|1|2|2|2|2|2|2|2||2|2|1|1||9||1|2|2|1|1|1|2|2|1|52UZPE01152001T52MT02EBS001H007852UZPE01152001T52MT02EBS001H0078F0078
2|56|1|52|UZPE011|52001|T52|MT02|EL ENCANO|CASA15VDAELMOTILON|-77.170871|1.118926||52UZPE01152001T52MT02EBS001H0079|52UZPE01152001T52MT02EBS001H0079F0079|1|3|3|4|52UZPE01152001T52MT02EBS001|900091143|CC|1193265360|TECNOLOGAENPROMOCIONDELASALUD|52UZPE01152001T52MT02EBS001H0079F0079CF079|2024-08-20|1||1||3||2||3|2|8|4|2|1|8||2|13|2||3||2||6||3||1|2|1|2|1|1|2|2|2|2|2|2|2||2|2|2|1||9||2|2|2|1|2|1|2|2|1|52UZPE01152001T52MT02EBS001H007952UZPE01152001T52MT02EBS001H0079F0079
2|57|1|52|UZPE011|52001|T52|MT02|EL ENCANO|CASA15VDAELMOTILON|-77.170871|1.118926||52UZPE01152001T52MT02EBS001H0080|52UZPE01152001T52MT02EBS001H0080F0080|1|3|3|4|52UZPE01152001T52MT02EBS001|900091143|CC|1193265360|TECNOLOGAENPROMOCIONDELASALUD|52UZPE01152001T52MT02EBS001H0080F0080CF080|2024-08-20|1||1||3||2||3|2|8|4|2|1|8||2|13|2||3||2||6||3||7|1|1|1|1|1|1|2|2|2|2|2|2||2|2|1|1||9||1|2|2|1|1|1|2|2|1|52UZPE01152001T52MT02EBS001H008052UZPE01152001T52MT02EBS001H0080F0080
2|58|1|52|UZPE011|52001|T52|MT02|EL ENCANO|CASA14ELMOTILON|-77.173263|1.11667||52UZPE01152001T52MT02EBS001H0081|52UZPE01152001T52MT02EBS001H0081F0081|1|1|1|2|52UZPE01152001T52MT02EBS001|900091143|CC|1086362994|AUXILIARDEENFERMERIA|52UZPE01152001T52MT02EBS001H0081F0081CF081|2024-08-21|1||1||3||4||2|2|8|4|4|1|19||2|13|2||3||2||5||5||1|2|1|2|1|1|3|2|2|2|2|2|2||2|2|1|1||9||1|2|2|1|2|1|2|2|1|52UZPE01152001T52MT02EBS001H008152UZPE01152001T52MT02EBS001H0081F0081
2|59|1|52|UZPE011|52001|T52|MT02|EL ENCANO|SINNOMENCLATURAELMOTILON|-77.172283|1.116533||52UZPE01152001T52MT02EBS001H0082|52UZPE01152001T52MT02EBS001H0082F0082|1|1|1|3|52UZPE01152001T52MT02EBS001|900091143|CC|1086362994|AUXILIARDEENFERMERIA|52UZPE01152001T52MT02EBS001H0082F0082CF082|2024-08-20|1||1||3||4||3|2|8|4|2|1|20||2|13|2||3||2||5||1||1|3|1|2|1|1|1|2|2|2|2|2|2||2|2|2|1||9||2|2|2|1|2|1|2|2|1|52UZPE01152001T52MT02EBS001H008252UZPE01152001T52MT02EBS001H0082F0082
2|60|1|52|UZPE011|52001|T52|MT02|EL ENCANO|CASA114ALTOMOTIONDIV1|-77.180807|1.115305||52UZPE01152001T52MT02EBS001H0083|52UZPE01152001T52MT02EBS001H0083F0083|1|3|3|2|52UZPE01152001T52MT02EBS001|900091143|CC|36758143|AUXILIARDEENFERMERIA|52UZPE01152001T52MT02EBS001H0083F0083CF083|2024-08-20|1||1||3||4||1|2|8|4|4|1|4||2|9,10|2||3||2||6||3||7|2|1|4|1|1|1|2|2|2|2|2|2||2|2|2|2||9||2|2|2|1|1|1|2|2|1|52UZPE01152001T52MT02EBS001H008352UZPE01152001T52MT02EBS001H0083F0083
2|61|1|52|UZPE011|52001|T52|MT02|EL ENCANO|CASA114ALTOMOTIONDIV1|-77.180807|1.115305||52UZPE01152001T52MT02EBS001H0084|52UZPE01152001T52MT02EBS001H0084F0084|1|3|3|2|52UZPE01152001T52MT02EBS001|900091143|CC|36758143|AUXILIARDEENFERMERIA|52UZPE01152001T52MT02EBS001H0084F0084CF084|2024-08-20|1||1||3||4||1|2|8|4|2|1|4||2|9,10|2||3||2||6||3||7|1|1|4|1|1|1|2|2|2|2|2|2||2|2|1|2||9||1|2|2|1|1|1|2|2|1|52UZPE01152001T52MT02EBS001H008452UZPE01152001T52MT02EBS001H0084F0084
2|62|1|52|UZPE011|52001|T52|MT02|EL ENCANO|CASA114ALTOMOTIONDIV1|-77.180807|1.115305||52UZPE01152001T52MT02EBS001H0086|52UZPE01152001T52MT02EBS001H0086F0086|1|3|3|2|52UZPE01152001T52MT02EBS001|900091143|CC|36758143|AUXILIARDEENFERMERIA|52UZPE01152001T52MT02EBS001H0086F0086CF086|2024-08-20|1||1||3||4||1|2|8|4|4|1|4||2|9,10|2||3||2||6||3||1|2|1|1|1|1|2|2|2|2|2|2|2||2|2|1|2||9||1|2|2|1|2|1|2|2|1|52UZPE01152001T52MT02EBS001H008652UZPE01152001T52MT02EBS001H0086F0086
2|63|1|52|UZPE011|52001|T52|MT02|EL ENCANO|CASA46DIV1MOTILON|-77.181417|1.115096||52UZPE01152001T52MT02EBS001H0087|52UZPE01152001T52MT02EBS001H0087F0087|1|1|1|1|52UZPE01152001T52MT02EBS001|900091143|CC|36758143|AUXILIARDEENFERMERIA|52UZPE01152001T52MT02EBS001H0087F0087CF087|2024-08-20|1||1||5||4||1|2|8|4|2|1|4||2|13|0||3||2||6||3||7|1|1|4|1|1|1|2|2|2|2|2|2||2|2|1|2||9||1|2|2|1|1|1|2|2|1|52UZPE01152001T52MT02EBS001H008752UZPE01152001T52MT02EBS001H0087F0087
2|64|1|52|UZPE011|52001|T52|MT02|EL ENCANO|CASA132ELMOTILON|-77.172451|1.116856||52UZPE01152001T52MT02EBS001H0088|52UZPE01152001T52MT02EBS001H0088F0088|1|1|1|2|52UZPE01152001T52MT02EBS001|900091143|CC|1086362994|AUXILIARDEENFERMERIA|52UZPE01152001T52MT02EBS001H0088F0088CF088|2024-08-20|1||1||3||4||1|2|8|1|2|1|20||2|13|0||3||2||6||1||2|2|1|1|1|3|1|2|2|2|2|2|2||2|2|2|1||9||2|2|2|1|2|1|2|2|1|52UZPE01152001T52MT02EBS001H008852UZPE01152001T52MT02EBS001H0088F0088
2|65|1|52|UZPE011|52001|T52|MT02|EL ENCANO|132A|-77.172274|1.116481||52UZPE01152001T52MT02EBS001H0089|52UZPE01152001T52MT02EBS001H0089F0089|1|1|1|2|52UZPE01152001T52MT02EBS001|900091143|CC|1086362994|AUXILIARDEENFERMERIA|52UZPE01152001T52MT02EBS001H0089F0089CF089|2024-08-20|1||1||3||4||1|2|8|1|2|1|8||1|13|2||3||2||6||1||1|2|1|1|1|1|1|2|2|2|2|2|2||2|2|2|1||9||2|2|2|1|2|1|2|2|1|52UZPE01152001T52MT02EBS001H008952UZPE01152001T52MT02EBS001H0089F0089
2|66|1|52|UZPE011|52001|T52|MT02|EL ENCANO|CASA10DIV1VDAELMOTILON|-77.174861|1.11713||52UZPE01152001T52MT02EBS001H0090|52UZPE01152001T52MT02EBS001H0090F0090|1|1|1|2|52UZPE01152001T52MT02EBS001|900091143|CC|1193265360|TECNOLOGAENPROMOCIONDELASALUD|52UZPE01152001T52MT02EBS001H0090F0090CF090|2024-08-22|1||2||3||2||1|2|11|4|4|1|20||2|9,10|2||3||2||6||3||1|2|1|3|1|3|3|2|2|2|2|2|2||2|2|1|2||9||1|2|2|1|2|1|2|2|1|52UZPE01152001T52MT02EBS001H009052UZPE01152001T52MT02EBS001H0090F0090
2|67|1|52|UZPE011|52001|T52|MT02|EL ENCANO|CASA83|-77.175574|1.116789||52UZPE01152001T52MT02EBS001H0091|52UZPE01152001T52MT02EBS001H0091F0091|1|2|2|3|52UZPE01152001T52MT02EBS001|900091143|CC|1004232508|AUXILIARDEENFERMERIA|52UZPE01152001T52MT02EBS001H0091F0091CF091|2024-08-22|1||1||3||4||2|2|8|1|4|1|19||2|9,10|2||3||2||5||3||7|1|2|1|1|1|3|2|2|2|2|2|2||2|2|2|2||9||2|2|2|1|1|1|2|2|1|52UZPE01152001T52MT02EBS001H009152UZPE01152001T52MT02EBS001H0091F0091
2|68|1|52|UZPE011|52001|T52|MT02|EL ENCANO|CASA83|-77.175574|1.116789||52UZPE01152001T52MT02EBS001H0092|52UZPE01152001T52MT02EBS001H0092F0092|1|2|2|3|52UZPE01152001T52MT02EBS001|900091143|CC|1004232508|AUXILIARDEENFERMERIA|52UZPE01152001T52MT02EBS001H0092F0092CF092|2024-08-22|1||1||3||4||2|2|8|1|2|1|19||2|9,10|2||3||2||5||3||1|2|3|2|1|1|2|2|2|2|2|2|2||2|2|1|2||9||1|2|2|1|1|1|2|2|1|52UZPE01152001T52MT02EBS001H009252UZPE01152001T52MT02EBS001H0092F0092
2|69|1|52|UZPE011|52001|T52|MT02|EL ENCANO|CASA24VDAELMOTILON|-77.122086|1.150472||52UZPE01152001T52MT02EBS001H0094|52UZPE01152001T52MT02EBS001H0094F0094|1|1|1|2|52UZPE01152001T52MT02EBS001|900091143|CC|1193265360|TECNOLOGAENPROMOCIONDELASALUD|52UZPE01152001T52MT02EBS001H0094F0094CF094|2024-08-22|1||2||3||4||1|2|11|4|2|1|20||2|9,10|2||3||2||6||3||1|2|2|1|1|1|1|2|2|2|2|2|2||2|2|1|2||9||1|2|2|1|2|1|2|2|1|52UZPE01152001T52MT02EBS001H009452UZPE01152001T52MT02EBS001H0094F0094
2|70|1|52|UZPE011|52001|T52|MT02|EL ENCANO|CASA77AELMOTILONCENTRO|-77.173751|1.117273||52UZPE01152001T52MT02EBS001H0095|52UZPE01152001T52MT02EBS001H0095F0095|1|1|1|2|52UZPE01152001T52MT02EBS001|900091143|CC|1086362994|AUXILIARDEENFERMERIA|52UZPE01152001T52MT02EBS001H0095F0095CF095|2024-08-22|1||1||3||4||1|2|8|4|4|1|20||1|13|2||3||7||6||5||1|2|1|2|1|1|1|2|2|2|2|2|2||2|2|1|1||9||1|2|2|1|1|1|2|2|1|52UZPE01152001T52MT02EBS001H009552UZPE01152001T52MT02EBS001H0095F0095
2|71|1|52|UZPE011|52001|T52|MT02|EL ENCANO|CASA82|-77.18364|1.11575||52UZPE01152001T52MT02EBS001H0096|52UZPE01152001T52MT02EBS001H0096F0096|1|1|1|4|52UZPE01152001T52MT02EBS001|900091143|CC|1004232508|AUXILIARDEENFERMERIA|52UZPE01152001T52MT02EBS001H0096F0096CF096|2024-08-20|1||1||3||4||3|2|5|1|2|1|7||1|13|0||3||2||5||3||1|4|1|1|1|1|2|2|2|2|2|2|2||2|2|1|1||9||1|2|2|1|1|1|2|2|1|52UZPE01152001T52MT02EBS001H009652UZPE01152001T52MT02EBS001H0096F0096
2|72|1|52|UZPE011|52001|T52|MT02|EL ENCANO|CASA64MOTILONALTO|-77.177955|1.116666||52UZPE01152001T52MT02EBS001H0097|52UZPE01152001T52MT02EBS001H0097F0097|1|1|1|2|52UZPE01152001T52MT02EBS001|900091143|CC|36758143|AUXILIARDEENFERMERIA|52UZPE01152001T52MT02EBS001H0097F0097CF097|2024-08-22|1||1||3||4||1|2|11|4|4|1|20||2|9,10|2||3||2||6||3||1|2|1|1|1|1|2|2|2|2|2|2|2||2|2|2|1||9||2|2|2|1|2|1|2|2|1|52UZPE01152001T52MT02EBS001H009752UZPE01152001T52MT02EBS001H0097F0097
2|73|1|52|UZPE011|52001|T52|MT02|EL ENCANO|CASA31CENTROMOTILON|-77.174372|1.116654||52UZPE01152001T52MT02EBS001H0098|52UZPE01152001T52MT02EBS001H0098F0098|1|1|1|1|52UZPE01152001T52MT02EBS001|900091143|CC|36758143|AUXILIARDEENFERMERIA|52UZPE01152001T52MT02EBS001H0098F0098CF098|2024-08-22|1||1||5||2||1|2|10|4|4|1|20||2|9,10|2||3||2||6||3||7|1|1|4|1|1|3|2|2|2|2|2|2||2|2|1|1||9||1|2|2|1|2|1|2|2|1|52UZPE01152001T52MT02EBS001H009852UZPE01152001T52MT02EBS001H0098F0098
2|74|1|52|UZPE011|52001|T52|MT02|EL ENCANO|CASA39|-77.18041|1.116285||52UZPE01152001T52MT02EBS001H0099|52UZPE01152001T52MT02EBS001H0099F0099|1|2|2|4|52UZPE01152001T52MT02EBS001|900091143|CC|1004232508|AUXILIARDEENFERMERIA|52UZPE01152001T52MT02EBS001H0099F0099CF099|2024-08-20|1||1||3||2||3|2|5|1|4|1|19||2|9,10|2||3||2||5||3||1|3|1|1|1|1|2|2|2|2|2|2|2||2|2|1|1||9||1|2|2|1|1|1|2|2|1|52UZPE01152001T52MT02EBS001H009952UZPE01152001T52MT02EBS001H0099F0099
2|75|1|52|UZPE011|52001|T52|MT02|EL ENCANO|CASA39|-77.18041|1.116285||52UZPE01152001T52MT02EBS001H0100|52UZPE01152001T52MT02EBS001H0100F0100|1|2|2|4|52UZPE01152001T52MT02EBS001|900091143|CC|1004232508|AUXILIARDEENFERMERIA|52UZPE01152001T52MT02EBS001H0100F0100CF100|2024-08-20|1||1||3||2||3|2|5|1|4|1|19||2|9,10|2||3||2||5||3||7|1|2|2|1|1|2|2|2|2|2|2|2||2|2|1|1||9||1|2|2|1|1|1|2|2|1|52UZPE01152001T52MT02EBS001H010052UZPE01152001T52MT02EBS001H0100F0100
2|76|1|52|UZPE011|52001|T52|MT02|EL ENCANO|CASA51|-77.184512|1.115739||52UZPE01152001T52MT02EBS001H0101|52UZPE01152001T52MT02EBS001H0101F0101|1|3|3|5|52UZPE01152001T52MT02EBS001|900091143|CC|1004232508|AUXILIARDEENFERMERIA|52UZPE01152001T52MT02EBS001H0101F0101CF101|2024-08-20|1||1||3||4||4|2|5|1|2|1|19||2|9,10|2||3||2||5||3||7|1|1|1|1|1|2|2|2|2|2|2|2||2|2|1|1||9||1|2|2|1|1|1|2|2|1|52UZPE01152001T52MT02EBS001H010152UZPE01152001T52MT02EBS001H0101F0101
2|77|1|52|UZPE011|52001|T52|MT02|EL ENCANO|CASA51|-77.184512|1.115739||52UZPE01152001T52MT02EBS001H0102|52UZPE01152001T52MT02EBS001H0102F0102|1|3|3|5|52UZPE01152001T52MT02EBS001|900091143|CC|1004232508|AUXILIARDEENFERMERIA|52UZPE01152001T52MT02EBS001H0102F0102CF102|2024-08-20|1||1||3||4||4|2|5|1|2|1|19||2|9,10|2||3||2||5||3||7|1|1|1|1|1|2|2|2|2|2|2|2||2|2|1|1||9||1|2|2|1|2|1|2|2|1|52UZPE01152001T52MT02EBS001H010252UZPE01152001T52MT02EBS001H0102F0102
2|78|1|52|UZPE011|52001|T52|MT02|EL ENCANO|CASA51|-77.184512|1.115739||52UZPE01152001T52MT02EBS001H0103|52UZPE01152001T52MT02EBS001H0103F0103|1|3|3|5|52UZPE01152001T52MT02EBS001|900091143|CC|1004232508|AUXILIARDEENFERMERIA|52UZPE01152001T52MT02EBS001H0103F0103CF103|2024-08-20|1||1||3||4||4|2|5|1|2|1|19||2|9,10|2||3||2||5||3||1|3|1|2|1|1|2|2|2|2|2|2|2||2|2|1|1||9||1|2|2|1|1|1|2|2|1|52UZPE01152001T52MT02EBS001H010352UZPE01152001T52MT02EBS001H0103F0103
2|79|1|52|UZPE011|52001|T52|MT02|EL ENCANO|CASA22AVDAELMOTILON|-77.1663|1.11472||52UZPE01152001T52MT02EBS001H0104|52UZPE01152001T52MT02EBS001H0104F0104|1|3|3|5|52UZPE01152001T52MT02EBS001|900091143|CC|1193265360|TECNOLOGAENPROMOCIONDELASALUD|52UZPE01152001T52MT02EBS001H0104F0104CF104|2024-08-19|1||5||4||4||1|2|8|1|2|2|20||2|13|0||3||2||6||3||1|2|1|1|1|1|1|2|2|2|2|2|2||2|2|2|2||9||2|2|2|1|1|1|2|2|1|52UZPE01152001T52MT02EBS001H010452UZPE01152001T52MT02EBS001H0104F0104
2|80|1|52|UZPE011|52001|T52|MT02|EL ENCANO|CASA22AVDAELMOTILON|-77.1663|1.11472||52UZPE01152001T52MT02EBS001H0105|52UZPE01152001T52MT02EBS001H0105F0105|1|3|3|5|52UZPE01152001T52MT02EBS001|900091143|CC|1193265360|TECNOLOGAENPROMOCIONDELASALUD|52UZPE01152001T52MT02EBS001H0105F0105CF105|2024-08-19|1||5||4||4||1|2|8|1|4|2|20||2|13|0||3||2||6||3||1|2|1|1|1|1|2|2|2|2|2|2|2||2|2|2|2||9||2|2|2|1|1|1|2|2|1|52UZPE01152001T52MT02EBS001H010552UZPE01152001T52MT02EBS001H0105F0105
2|81|1|52|UZPE011|52001|T52|MT02|EL ENCANO|CASA22AVDAELMOTILON|-77.1663|1.11472||52UZPE01152001T52MT02EBS001H0106|52UZPE01152001T52MT02EBS001H0106F0106|1|3|3|5|52UZPE01152001T52MT02EBS001|900091143|CC|1193265360|TECNOLOGAENPROMOCIONDELASALUD|52UZPE01152001T52MT02EBS001H0106F0106CF106|2024-08-19|1||5||4||4||1|2|8|1|4|2|20||2|13|0||3||2||6||3||7|1|1|4|1|1|3|2|2|2|2|2|2||2|2|1|2||9||1|2|2|1|1|1|2|2|1|52UZPE01152001T52MT02EBS001H010652UZPE01152001T52MT02EBS001H0106F0106
2|82|1|52|UZPE011|52001|T52|MT02|EL ENCANO|CASA66ELMOTILON|-77.173436|1.117216||52UZPE01152001T52MT02EBS001H0107|52UZPE01152001T52MT02EBS001H0107F0107|1|2|2|1|52UZPE01152001T52MT02EBS001|900091143|CC|1086362994|AUXILIARDEENFERMERIA|52UZPE01152001T52MT02EBS001H0107F0107CF107|2024-08-25|1||1||3||1||2|1|8|4|2|1|8||1|13|2||3||7||5||5||1|3|1|1|1|1|1|2|2|2|2|2|2||2|2|2|1||9||2|2|2|1|2|1|2|2|1|52UZPE01152001T52MT02EBS001H010752UZPE01152001T52MT02EBS001H0107F0107
2|83|1|52|UZPE011|52001|T52|MT02|EL ENCANO|CASA22BVEREDAELMOTILON|-77.172726|1.112977||52UZPE01152001T52MT02EBS001H0109|52UZPE01152001T52MT02EBS001H0109F0109|1|2|2|2|52UZPE01152001T52MT02EBS001|900091143|CC|1193265360|TECNOLOGAENPROMOCIONDELASALUD|52UZPE01152001T52MT02EBS001H0109F0109CF109|2024-08-25|1||2||4||4||1|2|8|1|4|2|20||2|9,10|2||3||2||6||3||7|1|1|2|1|1|2|2|2|2|2|2|2||2|2|1|2||9||1|2|2|1|2|1|2|2|1|52UZPE01152001T52MT02EBS001H010952UZPE01152001T52MT02EBS001H0109F0109
2|84|1|52|UZPE011|52001|T52|MT02|EL ENCANO|CASA22BVEREDAELMOTILON|-77.172726|1.112977||52UZPE01152001T52MT02EBS001H0110|52UZPE01152001T52MT02EBS001H0110F0110|1|2|2|2|52UZPE01152001T52MT02EBS001|900091143|CC|1193265360|TECNOLOGAENPROMOCIONDELASALUD|52UZPE01152001T52MT02EBS001H0110F0110CF110|2024-08-25|1||2||4||4||1|2|8|1|4|2|20||2|9,10|2||3||2||6||3||7|1|1|3|1|1|2|2|2|2|2|2|2||2|2|2|2||9||2|2|2|1|1|1|2|2|1|52UZPE01152001T52MT02EBS001H011052UZPE01152001T52MT02EBS001H0110F0110
2|85|1|52|UZPE011|52001|T52|MT02|EL ENCANO|CASA89VDAELMOTILON|-77.172829|1.113573||52UZPE01152001T52MT02EBS001H0112|52UZPE01152001T52MT02EBS001H0112F0112|1|2|2|4|52UZPE01152001T52MT02EBS001|900091143|CC|1193265360|TECNOLOGAENPROMOCIONDELASALUD|52UZPE01152001T52MT02EBS001H0112F0112CF112|2024-08-25|1||2||3||2||3|2|11|1|4|2|20||2|9,10|2||3||2||6||3||1|3|1|1|1|1|1|2|2|2|2|2|2||2|2|2|1||9||2|2|2|1|2|1|2|2|1|52UZPE01152001T52MT02EBS001H011252UZPE01152001T52MT02EBS001H0112F0112
2|86|1|52|UZPE011|52001|T52|MT02|EL ENCANO|CASA89VDAELMOTILON|-77.172829|1.113573||52UZPE01152001T52MT02EBS001H0113|52UZPE01152001T52MT02EBS001H0113F0113|1|2|2|4|52UZPE01152001T52MT02EBS001|900091143|CC|1193265360|TECNOLOGAENPROMOCIONDELASALUD|52UZPE01152001T52MT02EBS001H0113F0113CF113|2024-08-25|1||2||3||2||3|2|11|1|4|2|20||2|9,10|2||3||2||6||3||7|1|1|1|1|1|1|2|2|2|2|2|2||2|2|1|2||9||1|2|2|1|2|1|2|2|1|52UZPE01152001T52MT02EBS001H011352UZPE01152001T52MT02EBS001H0113F0113
2|87|1|52|UZPE011|52001|T52|MT02|EL ENCANO|CASA88|-77.172055|1.117466||52UZPE01152001T52MT02EBS001H0114|52UZPE01152001T52MT02EBS001H0114F0114|1|2|2|5|52UZPE01152001T52MT02EBS001|900091143|CC|1004232508|AUXILIARDEENFERMERIA|52UZPE01152001T52MT02EBS001H0114F0114CF114|2024-08-25|1||1||3||2||4|2|5|4|2|1|10||2|9,10|2||3||2||5||3||2|3|2|2|1|1|3|2|2|2|2|2|2||2|2|1|2||9||1|2|2|1|1|1|2|2|1|52UZPE01152001T52MT02EBS001H011452UZPE01152001T52MT02EBS001H0114F0114
2|88|1|52|UZPE011|52001|T52|MT02|EL ENCANO|CASA88|-77.172055|1.117466||52UZPE01152001T52MT02EBS001H0115|52UZPE01152001T52MT02EBS001H0115F0115|1|2|2|5|52UZPE01152001T52MT02EBS001|900091143|CC|1004232508|AUXILIARDEENFERMERIA|52UZPE01152001T52MT02EBS001H0115F0115CF115|2024-08-25|1||1||3||2||4|2|5|4|4|1|10||2|9,10|2||3||2||5||3||1|2|1|1|1|1|2|2|2|2|2|2|2||2|2|1|2||9||1|2|2|1|1|1|2|2|1|52UZPE01152001T52MT02EBS001H011552UZPE01152001T52MT02EBS001H0115F0115
2|89|1|52|UZPE011|52001|T52|MT02|EL ENCANO|CASA91DIV1ELMOTILON|-77.170783|1.118616||52UZPE01152001T52MT02EBS001H0116|52UZPE01152001T52MT02EBS001H0116F0116|1|2|2|1|52UZPE01152001T52MT02EBS001|900091143|CC|1086362994|AUXILIARDEENFERMERIA|52UZPE01152001T52MT02EBS001H0116F0116CF116|2024-08-25|1||1||4||4||3|2|11|4|2|1|20||1|9,10|2||3||1||1||5||7|1|1|2|1|1|2|2|2|2|2|2|2||2|2|2|1||9||2|2|2|1|1|1|2|2|1|52UZPE01152001T52MT02EBS001H011652UZPE01152001T52MT02EBS001H0116F0116
2|90|1|52|UZPE011|52001|T52|MT02|EL ENCANO|CASA91DIV1ELMOTILON|-77.170783|1.118616||52UZPE01152001T52MT02EBS001H0117|52UZPE01152001T52MT02EBS001H0117F0117|1|2|2|1|52UZPE01152001T52MT02EBS001|900091143|CC|1086362994|AUXILIARDEENFERMERIA|52UZPE01152001T52MT02EBS001H0117F0117CF117|2024-08-25|1||1||4||4||3|2|11|4|2|1|20||1|9,10|2||3||1||1||5||7|1|1|2|1|1|1|2|2|2|2|2|2||2|2|1|1||9||1|2|2|1|2|1|2|2|1|52UZPE01152001T52MT02EBS001H011752UZPE01152001T52MT02EBS001H0117F0117
2|91|1|52|UZPE011|52001|T52|MT02|EL ENCANO|CASA91DIV1ELMOTILON|-77.170783|1.118616||52UZPE01152001T52MT02EBS001H0118|52UZPE01152001T52MT02EBS001H0118F0118|1|2|2|1|52UZPE01152001T52MT02EBS001|900091143|CC|1086362994|AUXILIARDEENFERMERIA|52UZPE01152001T52MT02EBS001H0118F0118CF118|2024-08-25|1||1||4||4||3|2|11|4|2|1|20||1|9,10|2||3||1||1||5||7|1|1|2|1|1|3|2|2|2|2|2|2||2|2|1|1||9||1|2|2|1|2|1|2|2|1|52UZPE01152001T52MT02EBS001H011852UZPE01152001T52MT02EBS001H0118F0118
2|92|1|52|UZPE011|52001|T52|MT02|EL ENCANO|CASA90MOTILON|-77.171373|1.117419||52UZPE01152001T52MT02EBS001H0119|52UZPE01152001T52MT02EBS001H0119F0119|1|1|1|2|52UZPE01152001T52MT02EBS001|900091143|CC|36753698|OTRO|52UZPE01152001T52MT02EBS001H0119F0119CF119|2024-08-25|1||5||4||4||2|2|8|4|2|1|4||2|9,10|2||3||2||5||3||2|2|1|2|1|1|1|2|2|2|2|2|2||2|2|2|1||9||2|2|2|1|2|1|2|2|1|52UZPE01152001T52MT02EBS001H011952UZPE01152001T52MT02EBS001H0119F0119
2|93|1|52|UZPE011|52001|T52|MT02|EL ENCANO|CASA41CENTROMOTILON|-77.179074|1.116624||52UZPE01152001T52MT02EBS001H0120|52UZPE01152001T52MT02EBS001H0120F0120|1|1|1|2|52UZPE01152001T52MT02EBS001|900091143|CC|36758143|AUXILIARDEENFERMERIA|52UZPE01152001T52MT02EBS001H0120F0120CF120|2024-08-25|1||5||3||2||2|2|8|4|4|1|4||2|9,10|2||3||2||6||3||1|2|1|2|1|1|2|2|2|2|2|2|2||2|2|1|2||9||1|2|2|1|1|1|2|2|1|52UZPE01152001T52MT02EBS001H012052UZPE01152001T52MT02EBS001H0120F0120
2|94|1|52|UZPE011|52001|T52|MT02|EL ENCANO|CASA19CENTROMOTILON|-77.174851|1.113727||52UZPE01152001T52MT02EBS001H0121|52UZPE01152001T52MT02EBS001H0121F0121|1|1|1|2|52UZPE01152001T52MT02EBS001|900091143|CC|36758143|AUXILIARDEENFERMERIA|52UZPE01152001T52MT02EBS001H0121F0121CF121|2024-08-25|1||1||3||2||1|2|8|4|4|1|5||2|13|0||10||2||6||3||1|2|1|1|1|1|3|2|2|2|2|2|2||2|2|1|1||9||1|2|2|1|2|1|2|2|1|52UZPE01152001T52MT02EBS001H012152UZPE01152001T52MT02EBS001H0121F0121
2|95|1|52|UZPE011|52001|T52|MT02|EL ENCANO|CASASINASIGNARNUMEROSECTORMOTILONCENTRO|-77.164851|1.113027||52UZPE01152001T52MT02EBS001H0122|52UZPE01152001T52MT02EBS001H0122F0122|1|1|1|1|52UZPE01152001T52MT02EBS001|900091143|CC|36758143|AUXILIARDEENFERMERIA|52UZPE01152001T52MT02EBS001H0122F0122CF122|2024-08-25|1||1||3||4||1|2|8|4|2|1|20||2|13|0||3||2||6||3||7|1|1|4|1|1|2|2|2|2|2|2|2||2|2|2|1||9||2|2|2|1|1|1|2|2|1|52UZPE01152001T52MT02EBS001H012252UZPE01152001T52MT02EBS001H0122F0122
2|96|1|52|UZPE011|52001|T52|MT02|EL ENCANO|CASA103MOTILONCENTRO|-77.9171|1.119171||52UZPE01152001T52MT02EBS001H0123|52UZPE01152001T52MT02EBS001H0123F0123|1|1|1|3|52UZPE01152001T52MT02EBS001|900091143|CC|36758143|AUXILIARDEENFERMERIA|52UZPE01152001T52MT02EBS001H0123F0123CF123|2024-08-25|1||1||3||4||1|1|11|4|2|1|20||1|13|0||3||2||6||3||1|3|1|1|1|1|1|2|2|2|2|2|2||2|2|1|1||9||1|2|2|1|2|1|2|2|1|52UZPE01152001T52MT02EBS001H012352UZPE01152001T52MT02EBS001H0123F0123
2|97|1|52|UZPE011|52001|T52|MT02|EL ENCANO|SECTORCENTROLATERALALAESCUELA|-77.17159|1.115471||52UZPE01152001T52MT02EBS001H0124|52UZPE01152001T52MT02EBS001H0124F0124|1|1|1|1|52UZPE01152001T52MT02EBS001|900091143|CC|36758143|AUXILIARDEENFERMERIA|52UZPE01152001T52MT02EBS001H0124F0124CF124|2024-08-25|4||1||3||4||1|2|11|4|2|1|20||2|13|0||3||2||6||3||7|1|1|4|1|1|1|2|2|2|2|2|2||2|2|1|1||9||1|2|2|1|1|1|2|2|1|52UZPE01152001T52MT02EBS001H012452UZPE01152001T52MT02EBS001H0124F0124
2|98|1|52|UZPE011|52001|T52|MT02|EL ENCANO|CASA64BALTOMOTILON|-77.178556|1.116566||52UZPE01152001T52MT02EBS001H0125|52UZPE01152001T52MT02EBS001H0125F0125|1|1|1|2|52UZPE01152001T52MT02EBS001|900091143|CC|36758143|AUXILIARDEENFERMERIA|52UZPE01152001T52MT02EBS001H0125F0125CF125|2024-08-22|4||1||3||2||1|2|11|4|2|1|4||2|13|0||3||2||6||3||2|2|1|2|1|1|1|2|2|2|2|2|2||2|2|1|1||9||1|2|2|1|1|1|2|2|1|52UZPE01152001T52MT02EBS001H012552UZPE01152001T52MT02EBS001H0125F0125
2|99|1|52|UZPE011|52001|T52|MT02|EL ENCANO|CASA40MOTILONCENTRO|-77.173127|1.116959||52UZPE01152001T52MT02EBS001H0126|52UZPE01152001T52MT02EBS001H0126F0126|1|1|1|4|52UZPE01152001T52MT02EBS001|900091143|CC|36758143|AUXILIARDEENFERMERIA|52UZPE01152001T52MT02EBS001H0126F0126CF126|2024-08-22|1||1||3||4||3|2|11|4|2|1|20||2|13|0||3||2||6||3||1|4|1|1|1|1|1|2|2|2|2|2|2||2|2|1|2||9||1|2|2|1|1|1|2|2|1|52UZPE01152001T52MT02EBS001H012652UZPE01152001T52MT02EBS001H0126F0126
2|100|1|52|UZPE011|52001|T52|MT02|EL ENCANO|CASA62A|-77.170858|1.118756||52UZPE01152001T52MT02EBS001H0127|52UZPE01152001T52MT02EBS001H0127F0127|1|1|1|2|52UZPE01152001T52MT02EBS001|900091143|CC|1086362994|AUXILIARDEENFERMERIA|52UZPE01152001T52MT02EBS001H0127F0127CF127|2024-08-25|1||1||3||4||2|2|11|4|2|1|20||1|13|0||3||2||5||5||2|2|1|1|1|1|1|2|2|2|2|2|2||2|2|2|1||9||2|2|2|1|1|1|2|2|1|52UZPE01152001T52MT02EBS001H012752UZPE01152001T52MT02EBS001H0127F0127
2|101|1|52|UZPE011|52001|T52|MT02|EL ENCANO|CASABUENAVISTADIV7|-77.172729|1.116429||52UZPE01152001T52MT02EBS001H0128|52UZPE01152001T52MT02EBS001H0128F0128|1|1|1|4|52UZPE01152001T52MT02EBS001|900091143|CC|1086362994|AUXILIARDEENFERMERIA|52UZPE01152001T52MT02EBS001H0128F0128CF128|2024-08-21|1||1||3||4||3|2|8|1|4|1|20||2|13|2||3||2||6||5||1|4|1|2|1|3|3|2|2|2|2|2|2||2|2|1|2||9||1|2|2|1|2|1|2|2|1|52UZPE01152001T52MT02EBS001H012852UZPE01152001T52MT02EBS001H0128F0128
2|102|1|52|UZPE011|52001|T52|MT02|EL ENCANO|CASA124ELMOTILONBAJO|-77.164049|1.10862||52UZPE01152001T52MT02EBS001H0129|52UZPE01152001T52MT02EBS001H0129F0129|1|1|1|2|52UZPE01152001T52MT02EBS001|900091143|CC|1086362994|AUXILIARDEENFERMERIA|52UZPE01152001T52MT02EBS001H0129F0129CF129|2024-08-19|1||1||3||4||1|2|11|1|2|1|20||1|13|2||3||2||6||5||1|2|1|2|1|1|3|2|2|2|2|2|2||2|2|1|2||9||1|2|2|1|1|1|2|2|1|52UZPE01152001T52MT02EBS001H012952UZPE01152001T52MT02EBS001H0129F0129
2|103|1|52|UZPE011|52001|T52|MT02|EL ENCANO|CASA124A|-77.165386|1.109859||52UZPE01152001T52MT02EBS001H0130|52UZPE01152001T52MT02EBS001H0130F0130|1|1|1|1|52UZPE01152001T52MT02EBS001|900091143|CC|1086362994|AUXILIARDEENFERMERIA|52UZPE01152001T52MT02EBS001H0130F0130CF130|2024-08-19|1||1||3||4||1|2|11|5|4|1|20||2|13|0||10||2||5||5||7|1|1|3|1|1|2|2|2|2|2|2|2||2|2|2|2||9||2|2|2|1|2|1|2|2|1|52UZPE01152001T52MT02EBS001H013052UZPE01152001T52MT02EBS001H0130F0130
2|104|1|52|UZPE011|52001|T52|MT02|EL ENCANO|CASAMOTILONDIV3|-77.171378|1.118142||52UZPE01152001T52MT02EBS001H0131|52UZPE01152001T52MT02EBS001H0131F0131|1|3|3|7|52UZPE01152001T52MT02EBS001|900091143|CC|1004232508|AUXILIARDEENFERMERIA|52UZPE01152001T52MT02EBS001H0131F0131CF131|2024-08-25|1||1||4||4||0|2|8|1|2|1|5||2|9,10|2||3||2||5||1||1|5|1|1|1|1|3|2|2|2|2|2|2||2|2|1|1||9||1|2|2|1|1|1|2|2|1|52UZPE01152001T52MT02EBS001H013152UZPE01152001T52MT02EBS001H0131F0131
2|105|1|52|UZPE011|52001|T52|MT02|EL ENCANO|CASAMOTILONDIV3|-77.171378|1.118142||52UZPE01152001T52MT02EBS001H0132|52UZPE01152001T52MT02EBS001H0132F0132|1|3|3|7|52UZPE01152001T52MT02EBS001|900091143|CC|1004232508|AUXILIARDEENFERMERIA|52UZPE01152001T52MT02EBS001H0132F0132CF132|2024-08-25|1||1||4||4||0|2|8|1|2|1|5||2|9,10|2||3||2||5||1||7|1|1|2|1|1|3|2|2|2|2|2|2||2|2|2|1||9||2|2|2|1|1|1|2|2|1|52UZPE01152001T52MT02EBS001H013252UZPE01152001T52MT02EBS001H0132F0132
2|106|1|52|UZPE011|52001|T52|MT02|EL ENCANO|CASAMOTILONDIV3|-77.171378|1.118142||52UZPE01152001T52MT02EBS001H0133|52UZPE01152001T52MT02EBS001H0133F0133|1|3|3|7|52UZPE01152001T52MT02EBS001|900091143|CC|1004232508|AUXILIARDEENFERMERIA|52UZPE01152001T52MT02EBS001H0133F0133CF133|2024-08-25|1||1||4||4||0|2|8|1|2|1|5||2|9,10|2||3||2||5||1||7|1|1|2|1|1|3|2|2|2|2|2|2||2|2|2|1||9||2|2|2|1|1|1|2|2|1|52UZPE01152001T52MT02EBS001H013352UZPE01152001T52MT02EBS001H0133F0133
2|107|1|52|UZPE011|52001|T52|MT02|EL ENCANO|CASA9ELMOTILON|-77.174898|1.116519||52UZPE01152001T52MT02EBS001H0134|52UZPE01152001T52MT02EBS001H0134F0134|1|1|1|2|52UZPE01152001T52MT02EBS001|900091143|CC|1004232508|AUXILIARDEENFERMERIA|52UZPE01152001T52MT02EBS001H0134F0134CF134|2024-08-22|1||2||3||2||1|2|5|1|4|2|5||2|13|0||3||2||5||3||1|2|1|3|1|1|3|2|2|2|2|2|2||2|2|1|1||9||1|2|2|1|2|1|2|2|1|52UZPE01152001T52MT02EBS001H013452UZPE01152001T52MT02EBS001H0134F0134
2|108|1|52|UZPE011|52001|T52|MT02|EL ENCANO|CASA104VDAELMOTILON|-77.170418|1.118708||52UZPE01152001T52MT02EBS001H0135|52UZPE01152001T52MT02EBS001H0135F0135|1|2|2|4|52UZPE01152001T52MT02EBS001|900091143|CC|1193265360|TECNOLOGAENPROMOCIONDELASALUD|52UZPE01152001T52MT02EBS001H0135F0135CF135|2024-08-27|1||5||3||4||2|2|8|4|2|2|20||2|13|2||3||2||6||3||7|1|1|1|1|1|2|2|2|2|2|2|2||2|2|1|2||9||1|2|2|1|2|1|2|2|1|52UZPE01152001T52MT02EBS001H013552UZPE01152001T52MT02EBS001H0135F0135
2|109|1|52|UZPE011|52001|T52|MT02|EL ENCANO|CASA120ELMOTILON|-77.172529|1.119269||52UZPE01152001T52MT02EBS001H0137|52UZPE01152001T52MT02EBS001H0137F0137|2|1|1|3|52UZPE01152001T52MT02EBS001|900091143|CC|1086362994|AUXILIARDEENFERMERIA|52UZPE01152001T52MT02EBS001H0137F0137CF137|2024-08-27|1||5||4||4||3|1|11|2|2|1|20||1|13|2||3||2||6||3||1|3|1|1|1|1|1|2|2|2|2|2|2||2|2|2|1||9||2|2|2|1|1|1|2|2|1|52UZPE01152001T52MT02EBS001H013752UZPE01152001T52MT02EBS001H0137F0137
2|110|1|52|UZPE011|52001|T52|MT02|EL ENCANO|CASA34VEREDAELMOTILON|-77.172953|1.120591||52UZPE01152001T52MT02EBS001H0138|52UZPE01152001T52MT02EBS001H0138F0138|1|1|1|4|52UZPE01152001T52MT02EBS001|900091143|CC|1193265360|TECNOLOGAENPROMOCIONDELASALUD|52UZPE01152001T52MT02EBS001H0138F0138CF138|2024-08-27|1||5||3||4||2|2|11|2|2|2|20||2|13|2||3||2||6||3||1|4|1|1|1|1|1|2|2|2|2|2|2||2|2|2|1||9||2|2|2|1|1|1|2|2|1|52UZPE01152001T52MT02EBS001H013852UZPE01152001T52MT02EBS001H0138F0138
2|111|1|52|UZPE011|52001|T52|MT02|EL ENCANO|CASA37|-77.172761|1.119657||52UZPE01152001T52MT02EBS001H0139|52UZPE01152001T52MT02EBS001H0139F0139|1|2|2|5|52UZPE01152001T52MT02EBS001|900091143|CC|1004232508|AUXILIARDEENFERMERIA|52UZPE01152001T52MT02EBS001H0139F0139CF139|2024-08-27|1||1||3||2||4|2|5|1|2|1|19||1|9,10|2||3||2||5||3||7|1|2|2|1|1|3|2|2|2|2|2|2||2|2|2|1||9||2|2|2|1|1|1|2|2|1|52UZPE01152001T52MT02EBS001H013952UZPE01152001T52MT02EBS001H0139F0139
2|112|1|52|UZPE011|52001|T52|MT02|EL ENCANO|CASA37|-77.172761|1.119657||52UZPE01152001T52MT02EBS001H0140|52UZPE01152001T52MT02EBS001H0140F0140|1|2|2|5|52UZPE01152001T52MT02EBS001|900091143|CC|1004232508|AUXILIARDEENFERMERIA|52UZPE01152001T52MT02EBS001H0140F0140CF140|2024-08-27|1||1||3||2||4|2|5|1|2|1|19||1|9,10|2||3||2||5||3||1|4|3|2|1|1|3|2|2|2|2|2|2||2|2|1|1||9||1|2|2|1|1|1|2|2|1|52UZPE01152001T52MT02EBS001H014052UZPE01152001T52MT02EBS001H0140F0140
2|113|1|52|UZPE011|52001|T52|MT02|EL ENCANO|CASA120A|-77.17083|1.11889||52UZPE01152001T52MT02EBS001H0141|52UZPE01152001T52MT02EBS001H0141F0141|2|2|2|2|52UZPE01152001T52MT02EBS001|900091143|CC|1086362994|AUXILIARDEENFERMERIA|52UZPE01152001T52MT02EBS001H0141F0141CF141|2024-08-27|1||5||4||4||2|2|11|2|2|1|20||1|13|2||3||2||6||3||7|1|1|2|1|1|1|2|2|2|2|2|2||2|2|2|1||9||2|2|2|1|1|1|2|2|1|52UZPE01152001T52MT02EBS001H014152UZPE01152001T52MT02EBS001H0141F0141
2|114|1|52|UZPE011|52001|T52|MT02|EL ENCANO|CASA120A|-77.17083|1.11889||52UZPE01152001T52MT02EBS001H0142|52UZPE01152001T52MT02EBS001H0142F0142|2|2|2|2|52UZPE01152001T52MT02EBS001|900091143|CC|1086362994|AUXILIARDEENFERMERIA|52UZPE01152001T52MT02EBS001H0142F0142CF142|2024-08-27|1||5||4||4||2|2|11|2|2|1|20||1|13|2||3||2||6||3||1|2|1|2|1|1|1|2|2|2|2|2|2||2|2|2|1||9||2|2|2|1|1|1|2|2|1|52UZPE01152001T52MT02EBS001H014252UZPE01152001T52MT02EBS001H0142F0142
2|115|1|52|UZPE011|52001|T52|MT02|EL ENCANO|CASA73VDAMOTILON|-77.173342|1.121383||52UZPE01152001T52MT02EBS001H0143|52UZPE01152001T52MT02EBS001H0143F0143|1|2|2|4|52UZPE01152001T52MT02EBS001|900091143|CC|1193265360|TECNOLOGAENPROMOCIONDELASALUD|52UZPE01152001T52MT02EBS001H0143F0143CF143|2024-08-27|1||5||3||4||2|2|8|1|2|2|8||2|9,10|2||3||2||6||3||7|1|1|1|1|1|3|2|2|2|2|2|2||2|2|1|1||9||1|2|2|1|2|1|2|2|1|52UZPE01152001T52MT02EBS001H014352UZPE01152001T52MT02EBS001H0143F0143
2|116|1|52|UZPE011|52001|T52|MT02|EL ENCANO|CASA73VDAMOTILON|-77.173342|1.121383||52UZPE01152001T52MT02EBS001H0144|52UZPE01152001T52MT02EBS001H0144F0144|1|2|2|4|52UZPE01152001T52MT02EBS001|900091143|CC|1193265360|TECNOLOGAENPROMOCIONDELASALUD|52UZPE01152001T52MT02EBS001H0144F0144CF144|2024-08-27|1||5||3||4||2|2|8|1|2|2|8||2|9,10|2||3||2||6||3||1|3|1|1|1|1|1|2|2|2|2|2|2||2|2|1|1||9||1|2|2|1|2|1|2|2|1|52UZPE01152001T52MT02EBS001H014452UZPE01152001T52MT02EBS001H0144F0144
2|117|1|52|UZPE011|52001|T52|MT02|EL ENCANO|CASA73A|-77.251813|1.121595||52UZPE01152001T52MT02EBS001H0145|52UZPE01152001T52MT02EBS001H0145F0145|1|1|1|2|52UZPE01152001T52MT02EBS001|900091143|CC|1004232508|AUXILIARDEENFERMERIA|52UZPE01152001T52MT02EBS001H0145F0145CF145|2024-08-27|1||1||3||4||1|2|5|1|2|1|19||2|9,10|2||3||2||5||3||1|2|1|1|1|1|3|2|2|2|2|2|2||2|2|2|1||9||2|2|2|1|1|1|2|2|1|52UZPE01152001T52MT02EBS001H014552UZPE01152001T52MT02EBS001H0145F0145
2|118|1|52|UZPE011|52001|T52|MT02|EL ENCANO|CASA97|-77.174744|1.116645||52UZPE01152001T52MT02EBS001H0146|52UZPE01152001T52MT02EBS001H0146F0146|1|1|1|2|52UZPE01152001T52MT02EBS001|900091143|CC|1004232508|AUXILIARDEENFERMERIA|52UZPE01152001T52MT02EBS001H0146F0146CF146|2024-08-22|1||1||3||4||1|2|5|1|2|1|8||2|9,10|2||3||2||5||3||1|2|1|2|1|1|3|2|2|2|2|2|2||2|2|2|1||9||2|2|2|1|1|1|2|2|1|52UZPE01152001T52MT02EBS001H014652UZPE01152001T52MT02EBS001H0146F0146
2|119|1|52|UZPE011|52001|T52|MT02|EL ENCANO|CASA21MOTILONCENTRO|-77.17077|1.118713||52UZPE01152001T52MT02EBS001H0147|52UZPE01152001T52MT02EBS001H0147F0147|1|1|1|1|52UZPE01152001T52MT02EBS001|900091143|CC|36758143|AUXILIARDEENFERMERIA|52UZPE01152001T52MT02EBS001H0147F0147CF147|2024-08-27|1||1||3||4||1|2|11|4|2|1|20||2|13|0||3||2||6||3||7|1|1|4|1|1|1|2|2|2|2|2|2||2|2|1|2||9||1|2|2|1|2|1|2|2|1|52UZPE01152001T52MT02EBS001H014752UZPE01152001T52MT02EBS001H0147F0147
2|120|1|52|UZPE011|52001|T52|MT02|EL ENCANO|CASAMOTILONCENTRODIV1|-77.170772|1.118912||52UZPE01152001T52MT02EBS001H0148|52UZPE01152001T52MT02EBS001H0148F0148|1|1|1|1|52UZPE01152001T52MT02EBS001|900091143|CC|36758143|AUXILIARDEENFERMERIA|52UZPE01152001T52MT02EBS001H0148F0148CF148|2024-08-27|1||1||3||4||1|2|11|4|4|1|20||1|13|0||3||2||6||3||7|1|1|4|1|1|2|2|2|2|2|2|2||2|2|1|2||9||1|2|2|1|2|1|2|2|1|52UZPE01152001T52MT02EBS001H014852UZPE01152001T52MT02EBS001H0148F0148
2|121|1|52|UZPE011|52001|T52|MT02|EL ENCANO|CASA106MOTILONSECTORMUELLE|-77.170321|1.119878||52UZPE01152001T52MT02EBS001H0149|52UZPE01152001T52MT02EBS001H0149F0149|1|1|1|1|52UZPE01152001T52MT02EBS001|900091143|CC|36758143|AUXILIARDEENFERMERIA|52UZPE01152001T52MT02EBS001H0149F0149CF149|2024-08-27|1||5||3||4||1|2|11|4|2|1|20||2|13|0||3||2||6||3||7|1|1|4|1|1|2|2|2|2|2|2|2||2|2|1|2||9||1|2|2|1|1|1|2|2|1|52UZPE01152001T52MT02EBS001H014952UZPE01152001T52MT02EBS001H0149F0149
2|122|1|52|UZPE011|52001|T52|MT02|EL ENCANO|CASAVILLADELCARMENDIV1|-77.179288|1.116723||52UZPE01152001T52MT02EBS001H0150|52UZPE01152001T52MT02EBS001H0150F0150|1|1|1|3|52UZPE01152001T52MT02EBS001|900091143|CC|1004232508|AUXILIARDEENFERMERIA|52UZPE01152001T52MT02EBS001H0150F0150CF150|2024-08-22|1||1||3||4||2|2|5|1|2|2|19||2|13|0||3||2||5||3||2|3|2|2|1|1|2|2|2|2|2|2|2||2|2|1|1||9||1|2|2|1|2|1|2|2|1|52UZPE01152001T52MT02EBS001H015052UZPE01152001T52MT02EBS001H0150F0150
2|123|1|52|UZPE011|52001|T52|MT02|EL ENCANO|VEREDAMOTILONVIAALMUELLE|-77.169886|1.120547||52UZPE01152001T52MT02EBS001H0151|52UZPE01152001T52MT02EBS001H0151F0151|1|1|1|2|52UZPE01152001T52MT02EBS001|900091143|CC|36758143|AUXILIARDEENFERMERIA|52UZPE01152001T52MT02EBS001H0151F0151CF151|2024-08-23|1||5||3||4||1|2|11|4|2|1|8||1|13|0||3||2||6||3||1|2|1|2|1|1|3|2|2|2|2|2|2||2|2|1|2||9||1|2|2|1|1|1|2|2|1|52UZPE01152001T52MT02EBS001H015152UZPE01152001T52MT02EBS001H0151F0151
2|124|1|52|UZPE011|52001|T52|MT02|EL ENCANO|CASA82ELMOTILON|-77.173256|1.122268||52UZPE01152001T52MT02EBS001H0152|52UZPE01152001T52MT02EBS001H0152F0152|2|1|1|2|52UZPE01152001T52MT02EBS001|900091143|CC|1086362994|AUXILIARDEENFERMERIA|52UZPE01152001T52MT02EBS001H0152F0152CF152|2024-08-28|1||5||3||4||1|2|11|3|2|1|4||1|13|2||10||2||6||5||1|2|1|1|1|1|2|2|2|2|2|2|2||2|2|1|1||9||1|2|2|1|1|1|2|2|1|52UZPE01152001T52MT02EBS001H015252UZPE01152001T52MT02EBS001H0152F0152
2|125|1|52|UZPE011|52001|T52|MT02|EL ENCANO|CASA16BELMOTILON|-77.17335|1.122447||52UZPE01152001T52MT02EBS001H0153|52UZPE01152001T52MT02EBS001H0153F0153|1|1|1|2|52UZPE01152001T52MT02EBS001|900091143|CC|1004232508|AUXILIARDEENFERMERIA|52UZPE01152001T52MT02EBS001H0153F0153CF153|2024-08-28|1||5||4||4||1|2|5|1|2|1|19||2|13|0||3||8||6||1||1|2|3|1|1|1|3|2|2|2|2|2|2||2|2|2|2||9||2|2|2|1|1|1|2|2|1|52UZPE01152001T52MT02EBS001H015352UZPE01152001T52MT02EBS001H0153F0153
2|126|1|52|UZPE011|52001|T52|MT02|EL ENCANO|CASA48DIV1VDAMOTILON|-77.174345|1.122448||52UZPE01152001T52MT02EBS001H0154|52UZPE01152001T52MT02EBS001H0154F0154|1|1|1|1|52UZPE01152001T52MT02EBS001|900091143|CC|1193265360|TECNOLOGAENPROMOCIONDELASALUD|52UZPE01152001T52MT02EBS001H0154F0154CF154|2024-08-28|1||1||3||4||1|2|11|1|4|2|20||2|13|2||3||2||6||3||7|1|1|4|1|1|2|2|2|2|2|2|2||2|2|2|1||9||2|2|2|1|1|1|2|2|1|52UZPE01152001T52MT02EBS001H015452UZPE01152001T52MT02EBS001H0154F0154
2|127|1|52|UZPE011|52001|T52|MT02|EL ENCANO|CASA73BVEREDAELMOTILON|-77.166832|1.122163||52UZPE01152001T52MT02EBS001H0155|52UZPE01152001T52MT02EBS001H0155F0155|1|1|1|3|52UZPE01152001T52MT02EBS001|900091143|CC|1193265360|TECNOLOGAENPROMOCIONDELASALUD|52UZPE01152001T52MT02EBS001H0155F0155CF155|2024-08-28|5||5||4||4||2|2|5|4|3|1|20||2|9,10|2||3||2||6||3||1|3|1|1|1|1|1|2|2|2|2|2|2||2|2|2|1||9||2|2|2|1|2|1|2|2|1|52UZPE01152001T52MT02EBS001H015552UZPE01152001T52MT02EBS001H0155F0155
2|128|1|52|UZPE011|52001|T52|MT02|EL ENCANO|CASA73BVEREDAELMOTILON|-77.166832|1.122163||52UZPE01152001T52MT02EBS001H0156|52UZPE01152001T52MT02EBS001H0156F0156|1|1|1|3|52UZPE01152001T52MT02EBS001|900091143|CC|1193265360|TECNOLOGAENPROMOCIONDELASALUD|52UZPE01152001T52MT02EBS001H0156F0156CF156|2024-08-28|5||5||4||4||2|2|5|4|4|1|20||2|9,10|2||3||2||6||3||7|1|1|1|1|1|1|2|2|2|2|2|2||2|2|2|1||9||2|2|2|1|1|1|2|2|1|52UZPE01152001T52MT02EBS001H015652UZPE01152001T52MT02EBS001H0156F0156
2|129|1|52|UZPE011|52001|T52|MT02|EL ENCANO|CASA73AVEREDAELMOTILON|-77.173849|1.122227||52UZPE01152001T52MT02EBS001H0157|52UZPE01152001T52MT02EBS001H0157F0157|1|1|1|2|52UZPE01152001T52MT02EBS001|900091143|CC|1086362994|AUXILIARDEENFERMERIA|52UZPE01152001T52MT02EBS001H0157F0157CF157|2024-08-28|1||1||3||4||1|2|8|4|2|1|20||1|9,10|2||3||8||7||3||1|2|1|1|1|1|3|2|2|2|2|2|2||2|2|2|2||9||2|2|2|1|1|1|2|2|1|52UZPE01152001T52MT02EBS001H015752UZPE01152001T52MT02EBS001H0157F0157
2|130|1|52|UZPE011|52001|T52|MT02|EL ENCANO|CASAVILLAFLORVEREDAELMOTILON|-77.17408|1.123757||52UZPE01152001T52MT02EBS001H0158|52UZPE01152001T52MT02EBS001H0158F0158|1|2|2|1|52UZPE01152001T52MT02EBS001|900091143|CC|1004232508|AUXILIARDEENFERMERIA|52UZPE01152001T52MT02EBS001H0158F0158CF158|2024-08-28|1||1||3||4||3|2|5|1|2|1|19||2|9,10|2||3||2||5||3||1|3|1|1|1|1|2|2|2|2|2|2|2||2|2|2|1||9||2|2|2|1|1|1|2|2|1|52UZPE01152001T52MT02EBS001H015852UZPE01152001T52MT02EBS001H0158F0158
2|131|1|52|UZPE011|52001|T52|MT02|EL ENCANO|CASAVILLAFLORVEREDAELMOTILON|-77.17408|1.123757||52UZPE01152001T52MT02EBS001H0159|52UZPE01152001T52MT02EBS001H0159F0159|1|2|2|1|52UZPE01152001T52MT02EBS001|900091143|CC|1004232508|AUXILIARDEENFERMERIA|52UZPE01152001T52MT02EBS001H0159F0159CF159|2024-08-28|1||1||3||4||3|2|5|1|2|1|19||2|9,10|2||3||2||5||3||7|1|3|1|1|1|3|2|2|2|2|2|2||2|2|2|1||9||2|2|2|1|1|1|2|2|1|52UZPE01152001T52MT02EBS001H015952UZPE01152001T52MT02EBS001H0159F0159
2|132|1|52|UZPE011|52001|T52|MT02|EL ENCANO|CASAELMOTILONDIV1|-77.174007|1.122348||52UZPE01152001T52MT02EBS001H0160|52UZPE01152001T52MT02EBS001H0160F0160|1|1|1|2|52UZPE01152001T52MT02EBS001|900091143|CC|1086362994|AUXILIARDEENFERMERIA|52UZPE01152001T52MT02EBS001H0160F0160CF160|2024-08-28|1||1||3||4||1|2|8|4|2|1|20||1|9,10|2||3||2||6||5||1|2|1|2|1|1|2|2|2|2|2|2|2||2|2|2|2||9||2|2|2|1|1|1|2|2|1|52UZPE01152001T52MT02EBS001H016052UZPE01152001T52MT02EBS001H0160F0160
2|133|1|52|UZPE011|52001|T52|MT02|EL ENCANO|VEREDAELMOTILONDIV8|-77.17401|1.122552||52UZPE01152001T52MT02EBS001H0161|52UZPE01152001T52MT02EBS001H0161F0161|1|1|1|5|52UZPE01152001T52MT02EBS001|900091143|CC|1004232508|AUXILIARDEENFERMERIA|52UZPE01152001T52MT02EBS001H0161F0161CF161|2024-08-28|1||5||4||4||3|2|5|1|2|1|19||2|9,10|2||3||2||5||3||1|5|1|1|1|1|2|2|2|2|2|2|2||2|2|2|1||9||2|2|2|1|1|1|2|2|1|52UZPE01152001T52MT02EBS001H016152UZPE01152001T52MT02EBS001H0161F0161
2|134|1|52|UZPE011|52001|T52|MT02|EL ENCANO|MOTILONCERCAALMUELLE|-77.169966|1.112047||52UZPE01152001T52MT02EBS001H0162|52UZPE01152001T52MT02EBS001H0162F0162|1|1|1|1|52UZPE01152001T52MT02EBS001|900091143|CC|36758143|AUXILIARDEENFERMERIA|52UZPE01152001T52MT02EBS001H0162F0162CF162|2024-08-28|3||5||4||4||1|2|11|4|2|1|8||2|13|0||3||2||6||3||7|1|1|4|1|1|3|2|2|2|2|2|2||2|2|2|2||9||2|2|2|1|1|1|2|2|1|52UZPE01152001T52MT02EBS001H016252UZPE01152001T52MT02EBS001H0162F0162
2|135|1|52|UZPE011|52001|T52|MT02|EL ENCANO|CASA29ASECTORLASLAJAS|-77.173173|1.120646||52UZPE01152001T52MT02EBS001H0163|52UZPE01152001T52MT02EBS001H0163F0163|1|1|1|2|52UZPE01152001T52MT02EBS001|900091143|CC|36758143|AUXILIARDEENFERMERIA|52UZPE01152001T52MT02EBS001H0163F0163CF163|2024-08-27|1||1||3||4||1|2|11|4|4|1|20||2|13|0||3||2||6||3||1|2|1|1|1|1|2|2|2|2|2|2|2||2|2|1|1||9||1|2|2|1|1|1|2|2|1|52UZPE01152001T52MT02EBS001H016352UZPE01152001T52MT02EBS001H0163F0163
2|136|1|52|UZPE011|52001|T52|MT02|EL ENCANO|CASA12CENTROMOTILON|-77.171445|1.119127||52UZPE01152001T52MT02EBS001H0164|52UZPE01152001T52MT02EBS001H0164F0164|1|1|1|2|52UZPE01152001T52MT02EBS001|900091143|CC|36758143|AUXILIARDEENFERMERIA|52UZPE01152001T52MT02EBS001H0164F0164CF164|2024-08-28|1||1||3||4||1|2|11|4|2|1|20||2|13|0||3||2||6||3||1|2|1|2|1|1|3|2|2|2|2|2|2||2|2|1|1||9||1|2|2|1|2|1|2|2|1|52UZPE01152001T52MT02EBS001H016452UZPE01152001T52MT02EBS001H0164F0164
2|137|1|52|UZPE011|52001|T52|MT02|EL ENCANO|CASA5AVENIDALASLAJAS|-77.171768|1.118954||52UZPE01152001T52MT02EBS001H0165|52UZPE01152001T52MT02EBS001H0165F0165|2|1|1|2|52UZPE01152001T52MT02EBS001|900091143|CC|36758143|AUXILIARDEENFERMERIA|52UZPE01152001T52MT02EBS001H0165F0165CF165|2024-08-28|1||1||3||2||1|2|11|4|4|1|4||2|13|0||3||2||6||3||1|2|1|1|1|1|3|2|2|2|2|2|2||2|2|1|2||9||1|2|2|1|1|1|2|2|1|52UZPE01152001T52MT02EBS001H016552UZPE01152001T52MT02EBS001H0165F0165
2|138|1|52|UZPE011|52001|T52|MT02|EL ENCANO|CASA33A|-77.172763|1.116468||52UZPE01152001T52MT02EBS001H0166|52UZPE01152001T52MT02EBS001H0166F0166|2|1|1|1|52UZPE01152001T52MT02EBS001|900091143|CC|1086362994|AUXILIARDEENFERMERIA|52UZPE01152001T52MT02EBS001H0166F0166CF166|2024-09-01|1||1||3||4||1|2|8|1|4|1|20||1|13|0||3||2||6||5||7|1|1|2|1|1|3|2|2|2|2|2|2||2|2|2|1||9||2|2|2|1|1|1|2|2|1|52UZPE01152001T52MT02EBS001H016652UZPE01152001T52MT02EBS001H0166F0166
2|139|1|52|UZPE011|52001|T52|MT02|EL ENCANO|CASA101|-77.175925|1.126654||52UZPE01152001T52MT02EBS001H0167|52UZPE01152001T52MT02EBS001H0167F0167|1|2|2|3|52UZPE01152001T52MT02EBS001|900091143|CC|1004232508|AUXILIARDEENFERMERIA|52UZPE01152001T52MT02EBS001H0167F0167CF167|2024-09-01|1||1||3||1||3|2|8|1|2|1|19||2|9,10|2||3||2||5||1||1|2|1|1|1|1|2|2|2|2|2|2|2||2|2|2|1||9||2|2|2|1|1|1|2|2|1|52UZPE01152001T52MT02EBS001H016752UZPE01152001T52MT02EBS001H0167F0167
2|140|1|52|UZPE011|52001|T52|MT02|EL ENCANO|CASA101|-77.175925|1.126654||52UZPE01152001T52MT02EBS001H0168|52UZPE01152001T52MT02EBS001H0168F0168|1|2|2|3|52UZPE01152001T52MT02EBS001|900091143|CC|1004232508|AUXILIARDEENFERMERIA|52UZPE01152001T52MT02EBS001H0168F0168CF168|2024-09-01|1||1||3||1||3|2|8|1|2|1|19||2|9,10|2||3||2||5||1||2|2|1|1|1|1|1|2|2|2|2|2|2||2|2|2|1||9||2|2|2|1|1|1|2|2|1|52UZPE01152001T52MT02EBS001H016852UZPE01152001T52MT02EBS001H0168F0168
2|141|1|52|UZPE011|52001|T52|MT02|EL ENCANO|CASA59|-77.172462|1.114731||52UZPE01152001T52MT02EBS001H0169|52UZPE01152001T52MT02EBS001H0169F0169|1|1|1|4|52UZPE01152001T52MT02EBS001|900091143|CC|59314451|ODONTOLOGA|52UZPE01152001T52MT02EBS001H0169F0169CF169|2024-08-01|1||1||3||2||3|2|8|1|4|2|20||1|13|2||10||7||6||3||1|4|1|4|1|1|3|2|2|2|2|2|2||2|2|1|1||9||1|2|2|1|1|1|2|2|1|52UZPE01152001T52MT02EBS001H016952UZPE01152001T52MT02EBS001H0169F0169
2|142|1|52|UZPE011|52001|T52|MT02|EL ENCANO|CASA5VEREDAELMOTILON|-77.175488|1.126641||52UZPE01152001T52MT02EBS001H0170|52UZPE01152001T52MT02EBS001H0170F0170|1|1|1|2|52UZPE01152001T52MT02EBS001|900091143|CC|1193265360|TECNOLOGAENPROMOCIONDELASALUD|52UZPE01152001T52MT02EBS001H0170F0170CF170|2024-09-01|1||5||3||4||1|2|11|1|2|2|19||1|9,10|2||3||2||6||1||1|2|1|1|1|1|1|2|2|2|2|2|2||2|2|2|1||9||2|2|2|1|1|1|2|2|1|52UZPE01152001T52MT02EBS001H017052UZPE01152001T52MT02EBS001H0170F0170
2|143|1|52|UZPE011|52001|T52|MT02|EL ENCANO|ELMOTILON|-77.176416|1.127075||52UZPE01152001T52MT02EBS001H0171|52UZPE01152001T52MT02EBS001H0171F0171|1|1|1|1|52UZPE01152001T52MT02EBS001|900091143|CC|1004232508|AUXILIARDEENFERMERIA|52UZPE01152001T52MT02EBS001H0171F0171CF171|2024-09-01|1||1||3||4||1|2|8|2|2|1|19||2|13|0||3||2||5||1||7|1|1|2|1|1|2|2|2|2|2|2|2||2|2|2|2||9||2|2|2|1|1|1|2|2|1|52UZPE01152001T52MT02EBS001H017152UZPE01152001T52MT02EBS001H0171F0171
2|144|1|52|UZPE011|52001|T52|MT02|EL ENCANO|CASA55VDAMOTILON|-77.177531|1.126468||52UZPE01152001T52MT02EBS001H0172|52UZPE01152001T52MT02EBS001H0172F0172|1|3|3|3|52UZPE01152001T52MT02EBS001|900091143|CC|1193265360|TECNOLOGAENPROMOCIONDELASALUD|52UZPE01152001T52MT02EBS001H0172F0172CF172|2024-09-01|1||2||3||2||3|2|8|1|4|1|10||2|9,10|2||3||2||6||3||7|1|1|2|1|1|2|2|2|2|2|2|2||2|2|2|2||9||2|2|2|1|2|1|2|2|1|52UZPE01152001T52MT02EBS001H017252UZPE01152001T52MT02EBS001H0172F0172
2|145|1|52|UZPE011|52001|T52|MT02|EL ENCANO|CASA55VDAMOTILON|-77.177531|1.126468||52UZPE01152001T52MT02EBS001H0173|52UZPE01152001T52MT02EBS001H0173F0173|1|3|3|3|52UZPE01152001T52MT02EBS001|900091143|CC|1193265360|TECNOLOGAENPROMOCIONDELASALUD|52UZPE01152001T52MT02EBS001H0173F0173CF173|2024-09-01|1||2||3||2||3|2|8|1|4|1|10||2|9,10|2||3||2||6||3||7|1|1|1|1|1|2|2|2|2|2|2|2||2|2|2|1||9||2|2|2|1|1|1|2|2|1|52UZPE01152001T52MT02EBS001H017352UZPE01152001T52MT02EBS001H0173F0173
2|146|1|52|UZPE011|52001|T52|MT02|EL ENCANO|CASA55VDAMOTILON|-77.177531|1.126468||52UZPE01152001T52MT02EBS001H0174|52UZPE01152001T52MT02EBS001H0174F0174|1|3|3|3|52UZPE01152001T52MT02EBS001|900091143|CC|1193265360|TECNOLOGAENPROMOCIONDELASALUD|52UZPE01152001T52MT02EBS001H0174F0174CF174|2024-09-01|1||2||3||2||3|2|8|1|2|1|10||2|9,10|2||3||2||6||3||7|1|1|2|1|1|2|2|2|2|2|2|2||2|2|1|1||9||1|2|2|1|1|1|2|2|1|52UZPE01152001T52MT02EBS001H017452UZPE01152001T52MT02EBS001H0174F0174
2|147|1|52|UZPE011|52001|T52|MT02|EL ENCANO|CASA5ELMOTILON|-77.17156|1.119138||52UZPE01152001T52MT02EBS001H0175|52UZPE01152001T52MT02EBS001H0175F0175|2|1|1|1|52UZPE01152001T52MT02EBS001|900091143|CC|1086362994|AUXILIARDEENFERMERIA|52UZPE01152001T52MT02EBS001H0175F0175CF175|2024-09-01|1||1||3||2||1|2|11|4|4|1|20||1|13|2||3||2||6||3||7|1|1|1|1|1|1|2|2|2|2|2|2||2|2|2|1||9||2|2|2|1|1|1|2|2|1|52UZPE01152001T52MT02EBS001H017552UZPE01152001T52MT02EBS001H0175F0175
2|148|1|52|UZPE011|52001|T52|MT02|EL ENCANO|CASA102ELMOTILON|-77.177068|1.128347||52UZPE01152001T52MT02EBS001H0176|52UZPE01152001T52MT02EBS001H0176F0176|1|1|1|2|52UZPE01152001T52MT02EBS001|900091143|CC|36753698|OTRO|52UZPE01152001T52MT02EBS001H0176F0176CF176|2024-09-01|1||1||3||4||2|2|8|1|2|1|20||2|9,10|2||3||2||5||3||1|2|1|1|1|1|1|2|2|2|2|2|2||2|2|2|1||9||2|2|2|1|2|1|2|2|1|52UZPE01152001T52MT02EBS001H017652UZPE01152001T52MT02EBS001H0176F0176
2|149|1|52|UZPE011|52001|T52|MT02|EL ENCANO|VEREDAELMOTILONCASA84|-77.17012|1.12069||52UZPE01152001T52MT02EBS001H0177|52UZPE01152001T52MT02EBS001H0177F0177|2|1|1|1|52UZPE01152001T52MT02EBS001|900091143|CC|1086362994|AUXILIARDEENFERMERIA|52UZPE01152001T52MT02EBS001H0177F0177CF177|2024-09-01|1||5||4||4||1|2|11|4|2|1|20||1|13|0||3||2||6||5||7|1|1|1|1|1|1|2|2|2|2|2|2||2|2|2|1||9||2|2|2|1|2|1|2|2|1|52UZPE01152001T52MT02EBS001H017752UZPE01152001T52MT02EBS001H0177F0177
2|150|1|52|UZPE011|52001|T52|MT02|EL ENCANO|CASA67ELMOTILON|-77.17129|1.118945||52UZPE01152001T52MT02EBS001H0178|52UZPE01152001T52MT02EBS001H0178F0178|2|1|1|1|52UZPE01152001T52MT02EBS001|900091143|CC|1086362994|AUXILIARDEENFERMERIA|52UZPE01152001T52MT02EBS001H0178F0178CF178|2024-09-01|1||1||3||4||1|2|11|5|2|1|20||1|9,10|2||3||2||6||5||7|1|1|1|1|1|2|2|2|2|2|2|2||2|2|2|1||9||2|2|2|1|1|1|2|2|1|52UZPE01152001T52MT02EBS001H017852UZPE01152001T52MT02EBS001H0178F0178
2|151|1|52|UZPE011|52001|T52|MT02|EL ENCANO|CASA67AELMOTILON|-77.171028|1.119044||52UZPE01152001T52MT02EBS001H0179|52UZPE01152001T52MT02EBS001H0179F0179|2|1|1|1|52UZPE01152001T52MT02EBS001|900091143|CC|1086362994|AUXILIARDEENFERMERIA|52UZPE01152001T52MT02EBS001H0179F0179CF179|2024-09-01|1||1||3||4||1|2|11|1|2|1|20||1|13|2||3||2||6||3||7|1|1|2|1|1|1|2|2|2|2|2|2||2|2|2|1||9||2|2|2|1|1|1|2|2|1|52UZPE01152001T52MT02EBS001H017952UZPE01152001T52MT02EBS001H0179F0179
2|152|1|52|UZPE011|52001|T52|MT02|EL ENCANO|AVENIDALASLAJASCASA5B|-77.17111|1.11883||52UZPE01152001T52MT02EBS001H0180|52UZPE01152001T52MT02EBS001H0180F0180|1|1|1|1|52UZPE01152001T52MT02EBS001|900091143|CC|36758143|AUXILIARDEENFERMERIA|52UZPE01152001T52MT02EBS001H0180F0180CF180|2024-09-01|1||1||3||2||1|2|11|4|2|1|20||2|13|0||3||2||6||3||7|1|1|4|1|1|1|2|2|2|2|2|2||2|2|1|1||9||1|2|2|1|1|1|2|2|1|52UZPE01152001T52MT02EBS001H018052UZPE01152001T52MT02EBS001H0180F0180
2|153|1|52|UZPE011|52001|T52|MT02|EL ENCANO|SECTORFRONTERACASA4|-77.17491|1.125901||52UZPE01152001T52MT02EBS001H0181|52UZPE01152001T52MT02EBS001H0181F0181|1|1|1|2|52UZPE01152001T52MT02EBS001|900091143|CC|36758143|AUXILIARDEENFERMERIA|52UZPE01152001T52MT02EBS001H0181F0181CF181|2024-09-01|1||1||3||2||1|2|8|4|2|1|4||2|13|0||3||2||6||3||2|2|1|1|1|1|3|2|2|2|2|2|2||2|2|1|2||9||1|2|2|1|2|1|2|2|1|52UZPE01152001T52MT02EBS001H018152UZPE01152001T52MT02EBS001H0181F0181
2|154|1|52|UZPE011|52001|T52|MT02|EL ENCANO|CASA1FRONTERAMOTILON|-77.17495|1.126549||52UZPE01152001T52MT02EBS001H0182|52UZPE01152001T52MT02EBS001H0182F0182|1|1|1|2|52UZPE01152001T52MT02EBS001|900091143|CC|36758143|AUXILIARDEENFERMERIA|52UZPE01152001T52MT02EBS001H0182F0182CF182|2024-09-01|1||1||3||4||1|2|8|4|4|1|4||1|13|0||3||2||5||3||1|2|1|1|1|1|1|2|2|2|2|2|2||2|2|1|2||9||1|2|2|1|1|1|2|2|1|52UZPE01152001T52MT02EBS001H018252UZPE01152001T52MT02EBS001H0182F0182
2|155|1|52|UZPE011|52001|T52|MT02|EL ENCANO|CASA21BMOTILONCENTRO|-77.173107|1.116958||52UZPE01152001T52MT02EBS001H0183|52UZPE01152001T52MT02EBS001H0183F0183|1|1|1|1|52UZPE01152001T52MT02EBS001|900091143|CC|36758143|AUXILIARDEENFERMERIA|52UZPE01152001T52MT02EBS001H0183F0183CF183|2024-09-01|1||1||3||2||1|2|11|4|4|1|20||2|13|0||3||7||6||3||7|1|1|4|1|1|2|2|2|2|2|2|2||2|2|2|2||9||2|2|2|1|1|1|2|2|1|52UZPE01152001T52MT02EBS001H018352UZPE01152001T52MT02EBS001H0183F0183
2|156|1|52|UZPE011|52001|T52|MT02|EL ENCANO|SECTORFRONTERACASA111|-77.175296|1.128538||52UZPE01152001T52MT02EBS001H0184|52UZPE01152001T52MT02EBS001H0184F0184|1|1|1|2|52UZPE01152001T52MT02EBS001|900091143|CC|36758143|AUXILIARDEENFERMERIA|52UZPE01152001T52MT02EBS001H0184F0184CF184|2024-09-01|1||1||3||4||1|2|1|4|4|1|4||2|9,10|2||3||2||5||3||1|2|1|2|1|1|2|2|2|2|2|2|2||2|2|1|2||9||1|2|2|1|1|1|2|2|1|52UZPE01152001T52MT02EBS001H018452UZPE01152001T52MT02EBS001H0184F0184
2|157|1|52|UZPE011|52001|T52|MT02|EL ENCANO|CASA98|-77.251813|1.127258||52UZPE01152001T52MT02EBS001H0185|52UZPE01152001T52MT02EBS001H0185F0185|1|3|3|5|52UZPE01152001T52MT02EBS001|900091143|CC|1004232508|AUXILIARDEENFERMERIA|52UZPE01152001T52MT02EBS001H0185F0185CF185|2024-09-02|1||1||3||4||4|2|5|1|2|2|19||2|9,10|2||3||2||5||1||1|2|1|1|1|1|2|2|2|2|2|2|2||2|2|1|1||9||1|2|2|1|1|1|2|2|1|52UZPE01152001T52MT02EBS001H018552UZPE01152001T52MT02EBS001H0185F0185
2|158|1|52|UZPE011|52001|T52|MT02|EL ENCANO|CASA98|-77.251813|1.127258||52UZPE01152001T52MT02EBS001H0186|52UZPE01152001T52MT02EBS001H0186F0186|1|3|3|5|52UZPE01152001T52MT02EBS001|900091143|CC|1004232508|AUXILIARDEENFERMERIA|52UZPE01152001T52MT02EBS001H0186F0186CF186|2024-09-02|1||1||3||4||4|2|5|1|2|2|19||2|9,10|2||3||2||5||1||7|1|1|2|1|1|1|2|2|2|2|2|2||2|2|1|1||9||1|2|2|1|1|1|2|2|1|52UZPE01152001T52MT02EBS001H018652UZPE01152001T52MT02EBS001H0186F0186
2|159|1|52|UZPE011|52001|T52|MT02|EL ENCANO|CASA98|-77.251813|1.127258||52UZPE01152001T52MT02EBS001H0187|52UZPE01152001T52MT02EBS001H0187F0187|1|3|3|5|52UZPE01152001T52MT02EBS001|900091143|CC|1004232508|AUXILIARDEENFERMERIA|52UZPE01152001T52MT02EBS001H0187F0187CF187|2024-09-02|1||1||3||4||4|2|5|1|2|2|19||2|9,10|2||3||2||5||1||2|2|1|2|1|1|1|2|2|2|2|2|2||2|2|2|1||9||2|2|2|1|1|1|2|2|1|52UZPE01152001T52MT02EBS001H018752UZPE01152001T52MT02EBS001H0187F0187
2|160|1|52|UZPE011|52001|T52|MT02|EL ENCANO|CASA90A|-77.171466|1.117491||52UZPE01152001T52MT02EBS001H0188|52UZPE01152001T52MT02EBS001H0188F0188|1|1|1|2|52UZPE01152001T52MT02EBS001|900091143|CC|59314451|ODONTOLOGA|52UZPE01152001T52MT02EBS001H0188F0188CF188|2024-08-25|1||1||3||2||2|2|11|1|4|2|20||2|13|0||3||2||6||3||2|2|1|4|1|1|3|2|2|2|2|2|2||2|2|1|2||9||1|2|2|1|2|1|2|2|1|52UZPE01152001T52MT02EBS001H018852UZPE01152001T52MT02EBS001H0188F0188
2|161|1|52|UZPE011|52001|T52|MT02|EL ENCANO|CASA26ELMOTILON|-77.173116|1.11696||52UZPE01152001T52MT02EBS001H0189|52UZPE01152001T52MT02EBS001H0189F0189|2|1|1|1|52UZPE01152001T52MT02EBS001|900091143|CC|1086362994|AUXILIARDEENFERMERIA|52UZPE01152001T52MT02EBS001H0189F0189CF189|2024-09-02|1||1||3||4||1|2|11|1|2|1|20||2|9,10|2||3||2||6||3||7|1|1|1|1|1|1|2|2|2|2|2|2||2|2|2|1||9||2|2|2|1|1|1|2|2|1|52UZPE01152001T52MT02EBS001H018952UZPE01152001T52MT02EBS001H0189F0189
2|162|1|52|UZPE011|52001|T52|MT02|EL ENCANO|CASA74ROMERILLO|-77.162166|1.087012||52UZPE01152001T52MT02EBS001H0191|52UZPE01152001T52MT02EBS001H0191F0191|2|1|1|2|52UZPE01152001T52MT02EBS001|900091143|CC|1086362994|AUXILIARDEENFERMERIA|52UZPE01152001T52MT02EBS001H0191F0191CF191|2024-09-03|1||5||4||4||2|2|11|1|2|1|4||2|9,10|2||10||2||5||5||1|2|1|1|1|1|2|2|2|2|2|2|2||2|2|1|2||9||1|2|2|1|2|1|2|2|1|52UZPE01152001T52MT02EBS001H019152UZPE01152001T52MT02EBS001H0191F0191
2|163|1|52|UZPE011|52001|T52|MT02|EL ENCANO|CASA11BMOTILONFRONTERAS|-77.175395|1.128038||52UZPE01152001T52MT02EBS001H0192|52UZPE01152001T52MT02EBS001H0192F0192|1|1|1|2|52UZPE01152001T52MT02EBS001|900091143|CC|36758143|AUXILIARDEENFERMERIA|52UZPE01152001T52MT02EBS001H0192F0192CF192|2024-09-02|3||1||3||4||1|2|8|4|2|1|20||2|13|0||3||2||6||3||2|2|1|1|1|1|1|2|2|2|2|2|2||2|2|1|2||9||1|2|2|1|1|1|2|2|1|52UZPE01152001T52MT02EBS001H019252UZPE01152001T52MT02EBS001H0192F0192
2|164|1|52|UZPE011|52001|T52|MT02|EL ENCANO|CASA33AFRONTERAS|-77.173917|1.127346||52UZPE01152001T52MT02EBS001H0193|52UZPE01152001T52MT02EBS001H0193F0193|1|1|1|2|52UZPE01152001T52MT02EBS001|900091143|CC|36758143|AUXILIARDEENFERMERIA|52UZPE01152001T52MT02EBS001H0193F0193CF193|2024-09-02|1||1||3||4||1|2|11|4|4|1|20||2|13|0||3||2||1||3||1|2|1|1|1|1|2|2|2|2|2|2|2||2|2|1|2||9||1|2|2|1|1|1|2|2|1|52UZPE01152001T52MT02EBS001H019352UZPE01152001T52MT02EBS001H0193F0193
2|165|1|52|UZPE011|52001|T52|MT02|EL ENCANO|CASANUEVASINNOMENCLATURASECTORFRONTERAS|-77.177031|1.127582||52UZPE01152001T52MT02EBS001H0194|52UZPE01152001T52MT02EBS001H0194F0194|1|1|1|3|52UZPE01152001T52MT02EBS001|900091143|CC|36758143|AUXILIARDEENFERMERIA|52UZPE01152001T52MT02EBS001H0194F0194CF194|2024-09-02|1||1||3||4||1|1|11|4|4|1|20||2|13|0||3||2||6||3||1|3|1|1|1|1|1|2|2|2|2|2|2||2|2|1|2||9||1|2|2|1|1|1|2|2|1|52UZPE01152001T52MT02EBS001H019452UZPE01152001T52MT02EBS001H0194F0194
2|166|1|52|UZPE011|52001|T52|MT02|EL ENCANO|CASA73AFRONTERASMOTILON|-77.177039|1.127521||52UZPE01152001T52MT02EBS001H0195|52UZPE01152001T52MT02EBS001H0195F0195|1|1|1|3|52UZPE01152001T52MT02EBS001|900091143|CC|36758143|AUXILIARDEENFERMERIA|52UZPE01152001T52MT02EBS001H0195F0195CF195|2024-09-02|1||1||3||4||2|2|11|4|2|1|20||2|13|0||3||2||6||3||1|3|1|1|1|1|1|2|2|2|2|2|2||2|2|1|2||9||1|2|2|1|1|1|2|2|1|52UZPE01152001T52MT02EBS001H019552UZPE01152001T52MT02EBS001H0195F0195
2|167|1|52|UZPE011|52001|T52|MT02|EL ENCANO|VEREDAMOTILONVIACANCHADEFUTBOL|-77.145976|1.153179||52UZPE01152001T52MT02EBS001H0196|52UZPE01152001T52MT02EBS001H0196F0196|1|1|1|4|52UZPE01152001T52MT02EBS001|900091143|CC|36753698|OTRO|52UZPE01152001T52MT02EBS001H0196F0196CF196|2024-09-05|1||5||4||4||2|2|8|4|2|1|8||2|9,10|2||3||2||5||3||1|4|3|1|1|1|1|2|2|2|2|2|2||2|2|1|2||9||1|2|2|1|2|1|2|2|1|52UZPE01152001T52MT02EBS001H019652UZPE01152001T52MT02EBS001H0196F0196
2|168|1|52|UZPE011|52001|T52|MT02|EL ENCANO|ELMOTILONLOSPINOSDIV1|-77.16783|1.11712||52UZPE01152001T52MT02EBS001H0197|52UZPE01152001T52MT02EBS001H0197F0197|2|1|1|1|52UZPE01152001T52MT02EBS001|900091143|CC|1086362994|AUXILIARDEENFERMERIA|52UZPE01152001T52MT02EBS001H0197F0197CF197|2024-09-05|1||1||4||4||1|2|8|4|4|2|5||2|9,10|2||3||2||5||5||7|1|1|1|1|1|2|2|2|2|2|2|2||2|2|1|1||9||1|2|2|1|1|1|2|2|1|52UZPE01152001T52MT02EBS001H019752UZPE01152001T52MT02EBS001H0197F0197
2|169|1|52|UZPE011|52001|T52|MT02|EL ENCANO|CASAMOTILONDIV1LOSPINOS|-77.17439|1.11708||52UZPE01152001T52MT02EBS001H0198|52UZPE01152001T52MT02EBS001H0198F0198|1|1|1|1|52UZPE01152001T52MT02EBS001|900091143|CC|1193265360|TECNOLOGAENPROMOCIONDELASALUD|52UZPE01152001T52MT02EBS001H0198F0198CF198|2024-09-05|1||1||3||4||1|2|11|1|2|2|5||2|9,10|2||3||2||6||3||7|1|1|1|1|1|3|2|2|2|2|2|2||2|2|2|1||9||2|2|2|1|1|1|2|2|1|52UZPE01152001T52MT02EBS001H019852UZPE01152001T52MT02EBS001H0198F0198
2|170|1|52|UZPE011|52001|T52|MT02|EL ENCANO|AVENIDALASLAJASCASA5B|-77.171472|1.118955||52UZPE01152001T52MT02EBS001H0200|52UZPE01152001T52MT02EBS001H0200F0200|1|1|1|2|52UZPE01152001T52MT02EBS001|900091143|CC|59314451|ODONTOLOGA|52UZPE01152001T52MT02EBS001H0200F0200CF200|2024-08-25|5||1||3||2||1|2|8|1|4|1|20||2|13|2||3||2||6||3||2|2|1|4|1|1|1|2|2|2|2|2|2||2|2|1|1||9||1|2|2|1|1|1|2|2|1|52UZPE01152001T52MT02EBS001H020052UZPE01152001T52MT02EBS001H0200F0200
2|171|1|52|UZPE011|52001|T52|MT02|EL ENCANO|SECTOR4|-77.168013|1.082882||52UZPE01152001T52MT02EBS001H0201|52UZPE01152001T52MT02EBS001H0201F0201|1|2|2|2|52UZPE01152001T52MT02EBS001|900091143|CC|1004232508|AUXILIARDEENFERMERIA|52UZPE01152001T52MT02EBS001H0201F0201CF201|2024-09-08|1||1||3||4||2|2|5|1|4|1|19||2|9,10|2||3||2||5||3||7|1|1|1|1|1|1|2|2|2|2|2|2||2|2|1|1||9||1|2|2|1|1|1|2|2|1|52UZPE01152001T52MT02EBS001H020152UZPE01152001T52MT02EBS001H0201F0201
2|172|1|52|UZPE011|52001|T52|MT02|EL ENCANO|SECTOR4|-77.168013|1.082882||52UZPE01152001T52MT02EBS001H0202|52UZPE01152001T52MT02EBS001H0202F0202|1|2|2|2|52UZPE01152001T52MT02EBS001|900091143|CC|1004232508|AUXILIARDEENFERMERIA|52UZPE01152001T52MT02EBS001H0202F0202CF202|2024-09-08|1||1||3||4||2|2|5|1|4|1|19||2|9,10|2||3||2||5||3||2|1|1|2|1|1|1|2|2|2|2|2|2||2|2|1|1||9||1|2|2|1|1|1|2|2|1|52UZPE01152001T52MT02EBS001H020252UZPE01152001T52MT02EBS001H0202F0202
2|173|1|52|UZPE011|52001|T52|MT02|EL ENCANO|CASA54VEREDAROMERILLO|-77.16394|1.08192||52UZPE01152001T52MT02EBS001H0203|52UZPE01152001T52MT02EBS001H0203F0203|1|1|1|1|52UZPE01152001T52MT02EBS001|900091143|CC|1193265360|TECNOLOGAENPROMOCIONDELASALUD|52UZPE01152001T52MT02EBS001H0203F0203CF203|2024-09-08|1||5||4||2||1|2|1|4|2|1|5||2|13|0||3||2||6||3||7|1|1|2|1|1|3|2|2|2|2|2|2||2|2|1|2||9||1|2|2|1|2|1|2|2|1|52UZPE01152001T52MT02EBS001H020352UZPE01152001T52MT02EBS001H0203F0203
2|174|1|52|UZPE011|52001|T52|MT02|EL ENCANO|CASA52ROMERILLO|-77.164978|1.08236||52UZPE01152001T52MT02EBS001H0204|52UZPE01152001T52MT02EBS001H0204F0204|1|1|1|2|52UZPE01152001T52MT02EBS001|900091143|CC|1086362994|AUXILIARDEENFERMERIA|52UZPE01152001T52MT02EBS001H0204F0204CF204|2024-09-08|1||5||3||2||1|2|8|1|2|1|20||2|13|2||10||2||5||5||2|2|1|1|1|1|3|2|2|2|2|2|2||2|2|2|2||9||2|2|2|1|1|1|2|2|1|52UZPE01152001T52MT02EBS001H020452UZPE01152001T52MT02EBS001H0204F0204
2|175|1|52|UZPE011|52001|T52|MT02|EL ENCANO|CASA65AROMERILLO|-77.167614|1.082465||52UZPE01152001T52MT02EBS001H0205|52UZPE01152001T52MT02EBS001H0205F0205|1|2|2|5|52UZPE01152001T52MT02EBS001|900091143|CC|1004232508|AUXILIARDEENFERMERIA|52UZPE01152001T52MT02EBS001H0205F0205CF205|2024-09-08|1||1||3||2||2|2|5|1|4|1|19||2|9,10|2||3||2||5||3||1|3|1|1|1|1|1|2|2|2|2|2|2||2|2|1|2||9||1|2|2|1|1|1|2|2|1|52UZPE01152001T52MT02EBS001H020552UZPE01152001T52MT02EBS001H0205F0205
2|176|1|52|UZPE011|52001|T52|MT02|EL ENCANO|CASAROMERILLODIV4|-77.16174|1.08455||52UZPE01152001T52MT02EBS001H0206|52UZPE01152001T52MT02EBS001H0206F0206|1|1|1|2|52UZPE01152001T52MT02EBS001|900091143|CC|1086362994|AUXILIARDEENFERMERIA|52UZPE01152001T52MT02EBS001H0206F0206CF206|2024-09-08|1||5||4||4||1|2|8|1|2|1|20||2|9,10|2||10||7||5||5||1|2|1|2|1|1|3|2|2|2|2|2|2||2|2|2|2||9||2|2|2|1|1|1|2|2|1|52UZPE01152001T52MT02EBS001H020652UZPE01152001T52MT02EBS001H0206F0206
2|177|1|52|UZPE011|52001|T52|MT02|EL ENCANO|ROMERILLODIV4ELENCANO|-77.161919|1.084298||52UZPE01152001T52MT02EBS001H0208|52UZPE01152001T52MT02EBS001H0208F0208|1|1|1|1|52UZPE01152001T52MT02EBS001|900091143|CC|1086362994|AUXILIARDEENFERMERIA|52UZPE01152001T52MT02EBS001H0208F0208CF208|2024-09-08|1||5||4||4||1|2|8|1|2|1|20||2|13|0||10||7||5||5||7|1|1|1|1|1|3|2|2|2|2|2|2||2|2|2|2||9||2|2|2|1|1|1|2|2|1|52UZPE01152001T52MT02EBS001H020852UZPE01152001T52MT02EBS001H0208F0208
2|178|1|52|UZPE011|52001|T52|MT02|EL ENCANO|CASA46ROMERILLO|-77.167786|1.082609||52UZPE01152001T52MT02EBS001H0209|52UZPE01152001T52MT02EBS001H0209F0209|1|1|1|3|52UZPE01152001T52MT02EBS001|900091143|CC|36758143|AUXILIARDEENFERMERIA|52UZPE01152001T52MT02EBS001H0209F0209CF209|2024-09-08|1||1||3||4||1|1|8|4|4|1|20||2|13|0||3||2||6||3||1|3|1|1|1|1|1|2|2|2|2|2|2||2|2|1|2||9||1|2|2|1|1|1|2|2|1|52UZPE01152001T52MT02EBS001H020952UZPE01152001T52MT02EBS001H0209F0209
2|179|1|52|UZPE011|52001|T52|MT02|EL ENCANO|CASA46BROMERILLO|-77.168319|1.82948||52UZPE01152001T52MT02EBS001H0210|52UZPE01152001T52MT02EBS001H0210F0210|1|1|1|1|52UZPE01152001T52MT02EBS001|900091143|CC|36758143|AUXILIARDEENFERMERIA|52UZPE01152001T52MT02EBS001H0210F0210CF210|2024-09-08|1||1||3||4||1|2|11|4|4|1|20||2|12|2||3||2||6||3||7|1|1|4|1|1|3|2|2|2|2|2|2||2|2|1|2||9||1|2|2|1|2|1|2|2|1|52UZPE01152001T52MT02EBS001H021052UZPE01152001T52MT02EBS001H0210F0210
2|180|1|52|UZPE011|52001|T52|MT02|EL ENCANO|CASA42ROMERILLO|-77.169349|1.083801||52UZPE01152001T52MT02EBS001H0211|52UZPE01152001T52MT02EBS001H0211F0211|1|1|1|1|52UZPE01152001T52MT02EBS001|900091143|CC|36758143|AUXILIARDEENFERMERIA|52UZPE01152001T52MT02EBS001H0211F0211CF211|2024-09-08|1||5||5||2||1|2|11|4|4|1|19||2|9,10|2||3||2||6||3||7|1|1|4|1|1|3|2|2|2|2|2|2||2|2|1|1||9||1|2|2|1|1|1|2|2|1|52UZPE01152001T52MT02EBS001H021152UZPE01152001T52MT02EBS001H0211F0211
2|181|1|52|UZPE011|52001|T52|MT02|EL ENCANO|MOTILONALTOEMPRESAREMAR|-77.164201|1.110185||52UZPE01152001T52MT02EBS001H0212|52UZPE01152001T52MT02EBS001H0212F0212|1|1|1|1|52UZPE01152001T52MT02EBS001|900091143|CC|36758143|AUXILIARDEENFERMERIA|52UZPE01152001T52MT02EBS001H0212F0212CF212|2024-09-05|1||5||4||4||1|2|2|4|3|1|19||1|13|0||3||2||5||3||7|1|1|4|1|1|1|2|2|2|2|2|2||2|2|1|2||9||1|2|2|1|1|1|2|2|1|52UZPE01152001T52MT02EBS001H021252UZPE01152001T52MT02EBS001H0212F0212
2|182|1|52|UZPE011|52001|T52|MT02|EL ENCANO|SECTORVIALAPLAYAMOTILON|-77.167896|1.118499||52UZPE01152001T52MT02EBS001H0213|52UZPE01152001T52MT02EBS001H0213F0213|1|1|1|1|52UZPE01152001T52MT02EBS001|900091143|CC|36758143|AUXILIARDEENFERMERIA|52UZPE01152001T52MT02EBS001H0213F0213CF213|2024-09-05|1||1||3||4||1|2|11|4|2|1|8||2|13|0||3||2||6||3||7|1|1|4|1|1|3|2|2|2|2|2|2||2|2|1|2||9||1|2|2|1|1|1|2|2|1|52UZPE01152001T52MT02EBS001H021352UZPE01152001T52MT02EBS001H0213F0213
2|183|1|52|UZPE011|52001|T52|MT02|EL ENCANO|CASA15BMOTILON|-77.17328|1.116438||52UZPE01152001T52MT02EBS001H0214|52UZPE01152001T52MT02EBS001H0214F0214|1|1|1|3|52UZPE01152001T52MT02EBS001|900091143|CC|59830395|OTRO|52UZPE01152001T52MT02EBS001H0214F0214CF214|2024-09-05|1||1||3||2||2|2|11|4|4|1|8||2|9,10|2||3||2||6||3||2|3|1|2|1|1|1|2|2|2|2|2|2||2|2|1|1||9||1|2|2|1|1|1|2|2|1|52UZPE01152001T52MT02EBS001H021452UZPE01152001T52MT02EBS001H0214F0214
2|184|1|52|UZPE011|52001|T52|MT02|EL ENCANO|CASAFINCACASA46BMOTILON|-77.181416|1.115096||52UZPE01152001T52MT02EBS001H0215|52UZPE01152001T52MT02EBS001H0215F0215|1|1|1|4|52UZPE01152001T52MT02EBS001|900091143|CC|36758143|AUXILIARDEENFERMERIA|52UZPE01152001T52MT02EBS001H0215F0215CF215|2024-08-20|1||1||3||4||2|2|1|1|4|1|8||2|13|0||3||2||6||3||1|4|1|2|1|1|2|2|2|2|2|2|2||2|2|1|2||9||1|2|2|1|1|1|2|2|1|52UZPE01152001T52MT02EBS001H021552UZPE01152001T52MT02EBS001H0215F0215
2|185|1|52|UZPE011|52001|T52|MT02|EL ENCANO|CASASIXERUPAMBAVEREDAROMERILLO|-77.16823|1.104831||52UZPE01152001T52MT02EBS001H0216|52UZPE01152001T52MT02EBS001H0216F0216|1|2|2|2|52UZPE01152001T52MT02EBS001|900091143|CC|1193265360|TECNOLOGAENPROMOCIONDELASALUD|52UZPE01152001T52MT02EBS001H0216F0216CF216|2024-09-09|1||1||3||4||3|2|8|1|4|2|5||2|13|2||3||2||7||3||7|1|1|2|1|1|2|2|2|2|2|2|2||2|2|2|2||9||2|2|2|1|2|1|2|2|1|52UZPE01152001T52MT02EBS001H021652UZPE01152001T52MT02EBS001H0216F0216
2|186|1|52|UZPE011|52001|T52|MT02|EL ENCANO|VRROMERILLOCARRIZODIV1ELENCANO|-77.166794|1.100044||52UZPE01152001T52MT02EBS001H0217|52UZPE01152001T52MT02EBS001H0217F0217|1|1|1|1|52UZPE01152001T52MT02EBS001|900091143|CC|1004232508|AUXILIARDEENFERMERIA|52UZPE01152001T52MT02EBS001H0217F0217CF217|2024-09-09|1||1||3||4||1|2|8|1|2|1|19||1|12|2||3||2||5||1||7|1|1|1|1|1|2|2|2|2|2|2|2||2|2|2|1||9||2|2|2|1|1|1|2|2|1|52UZPE01152001T52MT02EBS001H021752UZPE01152001T52MT02EBS001H0217F0217
2|187|1|52|UZPE011|52001|T52|MT02|EL ENCANO|VEREDAELMOTILONDIV2ELENCANO|-77.166959|1.105476||52UZPE01152001T52MT02EBS001H0218|52UZPE01152001T52MT02EBS001H0218F0218|1|2|2|3|52UZPE01152001T52MT02EBS001|900091143|CC|1193265360|TECNOLOGAENPROMOCIONDELASALUD|52UZPE01152001T52MT02EBS001H0218F0218CF218|2024-09-09|1||1||3||1||2|2|11|1|4|2|5||2|13|2||3||2||6||3||7|1|1|1|1|1|2|2|2|2|2|2|2||2|2|1|2||9||1|2|2|1|1|1|2|2|1|52UZPE01152001T52MT02EBS001H021852UZPE01152001T52MT02EBS001H0218F0218
2|188|1|52|UZPE011|52001|T52|MT02|EL ENCANO|CASA1ARESERVAELBUHO|-77.165781|1.098548||52UZPE01152001T52MT02EBS001H0219|52UZPE01152001T52MT02EBS001H0219F0219|1|2|2|5|52UZPE01152001T52MT02EBS001|900091143|CC|1004232508|AUXILIARDEENFERMERIA|52UZPE01152001T52MT02EBS001H0219F0219CF219|2024-09-10|1||2||3||2||0|2|5|1|2|1|19||2|9,10|2||3||2||5||1||1|4|1|1|1|1|1|2|2|2|2|2|2||2|2|1|1||9||1|2|2|1|2|1|2|2|1|52UZPE01152001T52MT02EBS001H021952UZPE01152001T52MT02EBS001H0219F0219
2|189|1|52|UZPE011|52001|T52|MT02|EL ENCANO|CASA1ARESERVAELBUHO|-77.165781|1.098548||52UZPE01152001T52MT02EBS001H0220|52UZPE01152001T52MT02EBS001H0220F0220|1|2|2|5|52UZPE01152001T52MT02EBS001|900091143|CC|1004232508|AUXILIARDEENFERMERIA|52UZPE01152001T52MT02EBS001H0220F0220CF220|2024-09-10|1||2||3||2||0|2|5|1|4|1|19||2|9,10|2||3||2||5||1||7|1|1|1|1|1|2|2|2|2|2|2|2||2|2|2|1||9||2|2|2|1|1|1|2|2|1|52UZPE01152001T52MT02EBS001H022052UZPE01152001T52MT02EBS001H0220F0220
2|190|1|52|UZPE011|52001|T52|MT02|EL ENCANO|CASA75VEREDAROMERILLO|-77.165091|1.08156||52UZPE01152001T52MT02EBS001H0221|52UZPE01152001T52MT02EBS001H0221F0221|1|1|1|5|52UZPE01152001T52MT02EBS001|900091143|CC|36753698|OTRO|52UZPE01152001T52MT02EBS001H0221F0221CF221|2024-08-10|1||1||3||4||3|2|8|4|2|1|20||2|9,10|2||10||2||5||3||1|5|1|1|1|1|2|2|2|2|2|2|2||2|2|2|1||9||2|2|2|1|1|1|2|2|1|52UZPE01152001T52MT02EBS001H022152UZPE01152001T52MT02EBS001H0221F0221
2|191|1|52|UZPE011|52001|T52|MT02|EL ENCANO|ROMERILLOCASA52DIV4|-77.165578|1.082433||52UZPE01152001T52MT02EBS001H0222|52UZPE01152001T52MT02EBS001H0222F0222|1|1|1|1|52UZPE01152001T52MT02EBS001|900091143|CC|1086362994|AUXILIARDEENFERMERIA|52UZPE01152001T52MT02EBS001H0222F0222CF222|2024-09-09|5||5||3||2||1|2|8|1|2|1|20||2|13|0||10||2||5||5||7|1|1|2|1|1|3|2|2|2|2|2|2||2|2|2|2||9||2|2|2|1|1|1|2|2|1|52UZPE01152001T52MT02EBS001H022252UZPE01152001T52MT02EBS001H0222F0222
2|192|1|52|UZPE011|52001|T52|MT02|EL ENCANO|2AROMERILLO|-77.167407|1.084669||52UZPE01152001T52MT02EBS001H0223|52UZPE01152001T52MT02EBS001H0223F0223|1|1|1|4|52UZPE01152001T52MT02EBS001|900091143|CC|1010010954|ENFERMERA|52UZPE01152001T52MT02EBS001H0223F0223CF223|2024-09-10|1||1||3||4||3|1|11|4|4|1|20||1|9,10|2||3||2||6||1||1|4|1|2|1|1|1|2|2|2|2|2|2||2|2|1|1||9||1|2|2|1|2|1|2|2|1|52UZPE01152001T52MT02EBS001H022352UZPE01152001T52MT02EBS001H0223F0223
2|193|1|52|UZPE011|52001|T52|MT02|EL ENCANO|CASA79VEREDAROMERILLO|-77.17794|1.084749||52UZPE01152001T52MT02EBS001H0224|52UZPE01152001T52MT02EBS001H0224F0224|1|1|1|3|52UZPE01152001T52MT02EBS001|900091143|CC|1086362994|AUXILIARDEENFERMERIA|52UZPE01152001T52MT02EBS001H0224F0224CF224|2024-09-10|1||1||3||4||2|2|11|1|4|1|20||2|13|0||3||2||5||5||1|3|1|1|1|1|3|2|2|2|2|2|2||2|2|2|1||9||2|2|2|1|1|1|2|2|1|52UZPE01152001T52MT02EBS001H022452UZPE01152001T52MT02EBS001H0224F0224
2|194|1|52|UZPE011|52001|T52|MT02|EL ENCANO|CASA35VDAELROMERILLO|-77.167155|1.085582||52UZPE01152001T52MT02EBS001H0225|52UZPE01152001T52MT02EBS001H0225F0225|2|2|2|6|52UZPE01152001T52MT02EBS001|900091143|CC|1193265360|TECNOLOGAENPROMOCIONDELASALUD|52UZPE01152001T52MT02EBS001H0225F0225CF225|2024-09-10|1||1||3||4||3|2|11|1|2|1|8||1|13|2||3||2||6||3||1|3|1|1|1|1|1|2|2|2|2|2|2||2|2|2|1||9||2|2|2|1|1|1|2|2|1|52UZPE01152001T52MT02EBS001H022552UZPE01152001T52MT02EBS001H0225F0225
2|195|1|52|UZPE011|52001|T52|MT02|EL ENCANO|CASA35VDAELROMERILLO|-77.167155|1.085582||52UZPE01152001T52MT02EBS001H0226|52UZPE01152001T52MT02EBS001H0226F0226|2|2|2|6|52UZPE01152001T52MT02EBS001|900091143|CC|1193265360|TECNOLOGAENPROMOCIONDELASALUD|52UZPE01152001T52MT02EBS001H0226F0226CF226|2024-09-10|1||1||3||4||3|2|11|1|2|1|8||1|13|2||3||2||6||3||1|3|1|1|1|1|1|2|2|2|2|2|2||2|2|2|1||9||2|2|2|1|1|1|2|2|1|52UZPE01152001T52MT02EBS001H022652UZPE01152001T52MT02EBS001H0226F0226
2|196|1|52|UZPE011|52001|T52|MT02|EL ENCANO|CASA38ROMERILLO|-77.11224|1.149078||52UZPE01152001T52MT02EBS001H0227|52UZPE01152001T52MT02EBS001H0227F0227|1|1|1|1|52UZPE01152001T52MT02EBS001|900091143|CC|36758143|AUXILIARDEENFERMERIA|52UZPE01152001T52MT02EBS001H0227F0227CF227|2024-09-10|1||5||3||4||1|2|1|1|4|1|4||2|9,10|2||3||2||6||3||7|1|1|4|1|1|1|2|2|2|2|2|2||2|2|2|2||9||2|2|2|1|1|1|2|2|1|52UZPE01152001T52MT02EBS001H022752UZPE01152001T52MT02EBS001H0227F0227
2|197|1|52|UZPE011|52001|T52|MT02|EL ENCANO|CASA38BROMERILLO|-77.169256|1.084069||52UZPE01152001T52MT02EBS001H0228|52UZPE01152001T52MT02EBS001H0228F0228|1|1|1|1|52UZPE01152001T52MT02EBS001|900091143|CC|36758143|AUXILIARDEENFERMERIA|52UZPE01152001T52MT02EBS001H0228F0228CF228|2024-07-10|3||5||3||4||1|2|1|4|4|1|4||2|13|0||3||2||6||3||7|1|1|4|1|1|1|2|2|2|2|2|2||2|2|2|2||9||2|2|2|1|1|1|2|2|1|52UZPE01152001T52MT02EBS001H022852UZPE01152001T52MT02EBS001H0228F0228
2|198|1|52|UZPE011|52001|T52|MT02|EL ENCANO|CASA39ROMERILLO|-77.112616|1.148243||52UZPE01152001T52MT02EBS001H0229|52UZPE01152001T52MT02EBS001H0229F0229|1|1|1|2|52UZPE01152001T52MT02EBS001|900091143|CC|36758143|AUXILIARDEENFERMERIA|52UZPE01152001T52MT02EBS001H0229F0229CF229|2024-09-10|1||1||3||2||1|2|11|1|4|1|4||2|9,10|2||3||2||6||3||1|2|1|2|1|1|2|2|2|2|2|2|2||2|2|1|1||9||1|2|2|1|1|1|2|2|1|52UZPE01152001T52MT02EBS001H022952UZPE01152001T52MT02EBS001H0229F0229
2|199|1|52|UZPE011|52001|T52|MT02|EL ENCANO|CASA62ROMERILLO|-77.112637|1.149051||52UZPE01152001T52MT02EBS001H0230|52UZPE01152001T52MT02EBS001H0230F0230|1|1|1|2|52UZPE01152001T52MT02EBS001|900091143|CC|36758143|AUXILIARDEENFERMERIA|52UZPE01152001T52MT02EBS001H0230F0230CF230|2024-09-10|1||1||3||2||1|2|8|4|4|1|4||2|9,10|2||3||2||6||5||1|2|1|1|1|1|1|2|2|2|2|2|2||2|2|2|2||9||2|2|2|1|1|1|2|2|1|52UZPE01152001T52MT02EBS001H023052UZPE01152001T52MT02EBS001H0230F0230
2|200|1|52|UZPE011|52001|T52|MT02|EL ENCANO|CASA39BROMERILLO|-77.11239|1.148648||52UZPE01152001T52MT02EBS001H0231|52UZPE01152001T52MT02EBS001H0231F0231|1|3|3|1|52UZPE01152001T52MT02EBS001|900091143|CC|36758143|AUXILIARDEENFERMERIA|52UZPE01152001T52MT02EBS001H0231F0231CF231|2024-09-09|1||1||3||2||2|2|11|4|4|1|4||2|13|0||3||2||6||5||2|3|1|2|1|1|1|2|2|2|2|2|2||2|2|1|1||9||1|2|2|1|1|1|2|2|1|52UZPE01152001T52MT02EBS001H023152UZPE01152001T52MT02EBS001H0231F0231
2|201|1|52|UZPE011|52001|T52|MT02|EL ENCANO|ALTOMOTILON|-77.181822|1.15362||52UZPE01152001T52MT02EBS001H0232|52UZPE01152001T52MT02EBS001H0232F0232|1|1|1|1|52UZPE01152001T52MT02EBS001|900091143|CC|36758143|AUXILIARDEENFERMERIA|52UZPE01152001T52MT02EBS001H0232F0232CF232|2024-09-09|3||1||3||2||1|2|11|4|4|1|4||2|13|0||3||2||6||5||7|1|1|4|1|1|1|2|2|2|2|2|2||2|2|2|1||9||2|2|2|1|1|1|2|2|1|52UZPE01152001T52MT02EBS001H023252UZPE01152001T52MT02EBS001H0232F0232
2|202|1|52|UZPE011|52001|T52|MT02|EL ENCANO|CASA114BMOTILONALTO|-77.181809|1.11521||52UZPE01152001T52MT02EBS001H0233|52UZPE01152001T52MT02EBS001H0233F0233|1|1|1|3|52UZPE01152001T52MT02EBS001|900091143|CC|36758143|AUXILIARDEENFERMERIA|52UZPE01152001T52MT02EBS001H0233F0233CF233|2024-09-09|1||1||3||2||1|1|11|4|4|1|4||2|13|0||3||2||6||5||1|3|1|1|1|1|1|2|2|2|2|2|2||2|2|1|1||9||1|2|2|1|1|1|2|2|1|52UZPE01152001T52MT02EBS001H023352UZPE01152001T52MT02EBS001H0233F0233
2|203|1|52|UZPE011|52001|T52|MT02|EL ENCANO|CASA69ROMERILLO|-77.16747|1.08479||52UZPE01152001T52MT02EBS001H0234|52UZPE01152001T52MT02EBS001H0234F0234|1|1|1|2|52UZPE01152001T52MT02EBS001|900091143|CC|1086362994|AUXILIARDEENFERMERIA|52UZPE01152001T52MT02EBS001H0234F0234CF234|2024-09-10|1||1||3||4||2|2|11|1|4|1|20||2|9,10|2||10||2||5||5||1|2|1|1|1|1|3|2|2|2|2|2|2||2|2|1|1||9||1|2|2|1|1|1|2|2|1|52UZPE01152001T52MT02EBS001H023452UZPE01152001T52MT02EBS001H0234F0234
2|204|1|52|UZPE011|52001|T52|MT02|EL ENCANO|CASAROMERILLODIV4ELENCANO|-77.16718|1.08499||52UZPE01152001T52MT02EBS001H0235|52UZPE01152001T52MT02EBS001H0235F0235|1|1|1|1|52UZPE01152001T52MT02EBS001|900091143|CC|1086362994|AUXILIARDEENFERMERIA|52UZPE01152001T52MT02EBS001H0235F0235CF235|2024-09-10|1||5||3||4||2|2|11|1|4|1|20||2|9,10|2||10||2||5||5||7|1|1|1|1|1|3|2|2|2|2|2|2||2|2|1|1||9||1|2|2|1|2|1|2|2|1|52UZPE01152001T52MT02EBS001H023552UZPE01152001T52MT02EBS001H0235F0235
2|205|1|52|UZPE011|52001|T52|MT02|EL ENCANO|CASA20ROMERILLO|-77.162319|1.086887||52UZPE01152001T52MT02EBS001H0236|52UZPE01152001T52MT02EBS001H0236F0236|1|1|1|1|52UZPE01152001T52MT02EBS001|900091143|CC|1004232508|AUXILIARDEENFERMERIA|52UZPE01152001T52MT02EBS001H0236F0236CF236|2024-09-02|1||5||4||4||1|2|5|1|2|1|19||2|9,10|2||3||2||5||3||7|1|1|3|1|1|2|2|2|2|2|2|2||2|2|1|1||9||1|2|2|1|1|1|2|2|1|52UZPE01152001T52MT02EBS001H023652UZPE01152001T52MT02EBS001H0236F0236
2|206|1|52|UZPE011|52001|T52|MT02|EL ENCANO|CASA95|-77.172877|1.116728||52UZPE01152001T52MT02EBS001H0237|52UZPE01152001T52MT02EBS001H0237F0237|1|1|1|4|52UZPE01152001T52MT02EBS001|900091143|CC|1004232508|AUXILIARDEENFERMERIA|52UZPE01152001T52MT02EBS001H0237F0237CF237|2024-09-05|1||1||3||4||3|2|5|1|2|2|19||2|13|0||3||2||5||1||1|4|1|1|1|1|1|2|2|2|2|2|2||2|2|1|1||9||1|2|2|1|1|1|2|2|1|52UZPE01152001T52MT02EBS001H023752UZPE01152001T52MT02EBS001H0237F0237
2|207|1|52|UZPE011|52001|T52|MT02|EL ENCANO|CASA92|-77.173002|1.117596||52UZPE01152001T52MT02EBS001H0238|52UZPE01152001T52MT02EBS001H0238F0238|1|3|3|5|52UZPE01152001T52MT02EBS001|900091143|CC|1004232508|AUXILIARDEENFERMERIA|52UZPE01152001T52MT02EBS001H0238F0238CF238|2024-09-05|1||1||3||2||4|2|5|1|4|1|19||2|9,10|2||3||2||5||3||1|2|1|2|1|1|1|2|2|2|2|2|2||2|2|1|1||9||1|2|2|1|2|1|2|2|1|52UZPE01152001T52MT02EBS001H023852UZPE01152001T52MT02EBS001H0238F0238
2|208|1|52|UZPE011|52001|T52|MT02|EL ENCANO|CASA92|-77.173002|1.117596||52UZPE01152001T52MT02EBS001H0239|52UZPE01152001T52MT02EBS001H0239F0239|1|3|3|5|52UZPE01152001T52MT02EBS001|900091143|CC|1004232508|AUXILIARDEENFERMERIA|52UZPE01152001T52MT02EBS001H0239F0239CF239|2024-09-05|1||1||3||2||4|2|5|1|4|1|19||2|9,10|2||3||2||5||3||7|1|1|1|1|1|1|2|2|2|2|2|2||2|2|1|1||9||1|2|2|1|1|1|2|2|1|52UZPE01152001T52MT02EBS001H023952UZPE01152001T52MT02EBS001H0239F0239
2|209|1|52|UZPE011|52001|T52|MT02|EL ENCANO|CASA92|-77.173002|1.117596||52UZPE01152001T52MT02EBS001H0240|52UZPE01152001T52MT02EBS001H0240F0240|1|3|3|5|52UZPE01152001T52MT02EBS001|900091143|CC|1004232508|AUXILIARDEENFERMERIA|52UZPE01152001T52MT02EBS001H0240F0240CF240|2024-09-05|1||1||3||2||4|2|5|1|4|1|19||2|9,10|2||3||2||5||3||2|2|1|1|1|1|1|2|2|2|2|2|2||2|2|1|1||9||1|2|2|1|1|1|2|2|1|52UZPE01152001T52MT02EBS001H024052UZPE01152001T52MT02EBS001H0240F0240
2|210|1|52|UZPE011|52001|T52|MT02|EL ENCANO|CASA7|-77.167819|1.09484||52UZPE01152001T52MT02EBS001H0241|52UZPE01152001T52MT02EBS001H0241F0241|1|4|4|7|52UZPE01152001T52MT02EBS001|900091143|CC|1004232508|AUXILIARDEENFERMERIA|52UZPE01152001T52MT02EBS001H0241F0241CF241|2024-09-10|1||1||3||4||4|2|5|1|4|1|19||2|9,10|2||3||2||5||5||7|1|1|1|1|1|2|2|2|2|2|2|2||2|2|2|1||9||2|2|2|1|1|1|2|2|1|52UZPE01152001T52MT02EBS001H024152UZPE01152001T52MT02EBS001H0241F0241
2|211|1|52|UZPE011|52001|T52|MT02|EL ENCANO|CASA7|-77.167819|1.09484||52UZPE01152001T52MT02EBS001H0242|52UZPE01152001T52MT02EBS001H0242F0242|1|4|4|7|52UZPE01152001T52MT02EBS001|900091143|CC|1004232508|AUXILIARDEENFERMERIA|52UZPE01152001T52MT02EBS001H0242F0242CF242|2024-09-10|1||1||3||4||4|2|5|1|4|1|19||2|9,10|2||3||2||5||5||7|1|1|1|1|1|2|2|2|2|2|2|2||2|2|2|1||9||2|2|2|1|1|1|2|2|1|52UZPE01152001T52MT02EBS001H024252UZPE01152001T52MT02EBS001H0242F0242
2|212|1|52|UZPE011|52001|T52|MT02|EL ENCANO|CASA7|-77.167819|1.09484||52UZPE01152001T52MT02EBS001H0243|52UZPE01152001T52MT02EBS001H0243F0243|1|4|4|7|52UZPE01152001T52MT02EBS001|900091143|CC|1004232508|AUXILIARDEENFERMERIA|52UZPE01152001T52MT02EBS001H0243F0243CF243|2024-09-10|1||1||3||4||4|2|5|1|4|1|19||2|9,10|2||3||2||5||5||2|3|1|1|1|1|1|2|2|2|2|2|2||2|2|1|1||9||1|2|2|1|1|1|2|2|1|52UZPE01152001T52MT02EBS001H024352UZPE01152001T52MT02EBS001H0243F0243
2|213|1|52|UZPE011|52001|T52|MT02|EL ENCANO|CASA7|-77.167819|1.09484||52UZPE01152001T52MT02EBS001H0244|52UZPE01152001T52MT02EBS001H0244F0244|1|4|4|7|52UZPE01152001T52MT02EBS001|900091143|CC|1004232508|AUXILIARDEENFERMERIA|52UZPE01152001T52MT02EBS001H0244F0244CF244|2024-09-10|1||1||3||4||4|2|5|1|4|1|19||2|9,10|2||3||2||5||5||1|2|1|2|1|1|2|2|2|2|2|2|2||2|2|1|1||9||1|2|2|1|1|1|2|2|1|52UZPE01152001T52MT02EBS001H024452UZPE01152001T52MT02EBS001H0244F0244
2|214|1|52|UZPE011|52001|T52|MT02|EL ENCANO|CASA48ROMERILLOENCANO|-77.167641|1.084084||52UZPE01152001T52MT02EBS001H0247|52UZPE01152001T52MT02EBS001H0247F0247|1|1|1|2|52UZPE01152001T52MT02EBS001|900091143|CC|1010010954|ENFERMERA|52UZPE01152001T52MT02EBS001H0247F0247CF247|2024-09-16|1||5||4||4||2|2|11|2|2|1|20||1|13|2||10||2||5||5||1|2|1|1|1|1|3|2|2|2|2|2|2||2|2|2|2||9||2|2|2|1|1|1|2|2|1|52UZPE01152001T52MT02EBS001H024752UZPE01152001T52MT02EBS001H0247F0247
2|215|1|52|UZPE011|52001|T52|MT02|EL ENCANO|CASA69AROMERILLOELENCANO|-77.167364|1.084551||52UZPE01152001T52MT02EBS001H0248|52UZPE01152001T52MT02EBS001H0248F0248|1|1|1|1|52UZPE01152001T52MT02EBS001|900091143|CC|1086362994|AUXILIARDEENFERMERIA|52UZPE01152001T52MT02EBS001H0248F0248CF248|2024-09-16|1||1||3||4||1|2|11|4|2|1|20||2|13|0||10||2||5||5||7|1|1|1|1|1|3|2|2|2|2|2|2||2|2|2|1||9||2|2|2|1|1|1|2|2|1|52UZPE01152001T52MT02EBS001H024852UZPE01152001T52MT02EBS001H0248F0248
2|216|1|52|UZPE011|52001|T52|MT02|EL ENCANO|CASA73ROMERILLO|-77.167691|1.083701||52UZPE01152001T52MT02EBS001H0249|52UZPE01152001T52MT02EBS001H0249F0249|1|2|2|4|52UZPE01152001T52MT02EBS001|900091143|CC|1086362994|AUXILIARDEENFERMERIA|52UZPE01152001T52MT02EBS001H0249F0249CF249|2024-09-16|1||5||3||4||3|2|11|1|4|1|20||1|9,10|2||10||2||5||5||1|4|1|2|1|1|3|2|2|2|2|2|2||2|2|2|2||9||2|2|2|1|1|1|2|2|1|52UZPE01152001T52MT02EBS001H024952UZPE01152001T52MT02EBS001H0249F0249
2|217|1|52|UZPE011|52001|T52|MT02|EL ENCANO|CASA73ROMERILLO|-77.167691|1.083701||52UZPE01152001T52MT02EBS001H0250|52UZPE01152001T52MT02EBS001H0250F0250|1|2|2|4|52UZPE01152001T52MT02EBS001|900091143|CC|1086362994|AUXILIARDEENFERMERIA|52UZPE01152001T52MT02EBS001H0250F0250CF250|2024-09-16|1||5||3||4||3|2|11|1|4|1|20||1|9,10|2||10||2||5||5||7|1|1|2|1|1|2|2|2|2|2|2|2||2|2|2|2||9||2|2|2|1|2|1|2|2|1|52UZPE01152001T52MT02EBS001H025052UZPE01152001T52MT02EBS001H0250F0250
2|218|1|52|UZPE011|52001|T52|MT02|EL ENCANO|CASA33B|-77.167053|1.086795||52UZPE01152001T52MT02EBS001H0251|52UZPE01152001T52MT02EBS001H0251F0251|1|1|1|2|52UZPE01152001T52MT02EBS001|900091143|CC|1004232508|AUXILIARDEENFERMERIA|52UZPE01152001T52MT02EBS001H0251F0251CF251|2024-09-16|1||5||4||4||2|2|1|1|4|1|19||2|9,10|2||3||2||5||5||2|2|1|2|1|1|2|2|2|2|2|2|2||2|2|2|1||9||2|2|2|1|1|1|2|2|1|52UZPE01152001T52MT02EBS001H025152UZPE01152001T52MT02EBS001H0251F0251
2|219|1|52|UZPE011|52001|T52|MT02|EL ENCANO|CASA34|-77.16735|1.087243||52UZPE01152001T52MT02EBS001H0252|52UZPE01152001T52MT02EBS001H0252F0252|1|3|3|3|52UZPE01152001T52MT02EBS001|900091143|CC|1004232508|AUXILIARDEENFERMERIA|52UZPE01152001T52MT02EBS001H0252F0252CF252|2024-09-16|1||1||3||4||3|2|5|1|4|1|19||2|13|0||3||2||6||3||2|1|1|2|1|1|2|2|2|2|2|2|2||2|2|1|1||9||1|2|2|1|2|1|2|2|1|52UZPE01152001T52MT02EBS001H025252UZPE01152001T52MT02EBS001H0252F0252
2|220|1|52|UZPE011|52001|T52|MT02|EL ENCANO|CASA34|-77.16735|1.087243||52UZPE01152001T52MT02EBS001H0253|52UZPE01152001T52MT02EBS001H0253F0253|1|3|3|3|52UZPE01152001T52MT02EBS001|900091143|CC|1004232508|AUXILIARDEENFERMERIA|52UZPE01152001T52MT02EBS001H0253F0253CF253|2024-09-16|1||1||3||4||3|2|5|1|4|1|19||2|13|0||3||2||6||3||7|1|1|3|1|1|2|2|2|2|2|2|2||2|2|1|1||9||1|2|2|1|2|1|2|2|1|52UZPE01152001T52MT02EBS001H025352UZPE01152001T52MT02EBS001H0253F0253
2|221|1|52|UZPE011|52001|T52|MT02|EL ENCANO|CASA34|-77.16735|1.087243||52UZPE01152001T52MT02EBS001H0254|52UZPE01152001T52MT02EBS001H0254F0254|1|3|3|3|52UZPE01152001T52MT02EBS001|900091143|CC|1004232508|AUXILIARDEENFERMERIA|52UZPE01152001T52MT02EBS001H0254F0254CF254|2024-09-16|1||1||3||4||3|2|5|1|4|1|19||2|13|0||3||2||6||3||7|1|1|2|1|1|2|2|2|2|2|2|2||2|2|2|1||9||2|2|2|1|1|1|2|2|1|52UZPE01152001T52MT02EBS001H025452UZPE01152001T52MT02EBS001H0254F0254
2|222|1|52|UZPE011|52001|T52|MT02|EL ENCANO|CASAROMERILLOELENCANO|-77.167481|1.083246||52UZPE01152001T52MT02EBS001H0255|52UZPE01152001T52MT02EBS001H0255F0255|1|1|1|1|52UZPE01152001T52MT02EBS001|900091143|CC|1086362994|AUXILIARDEENFERMERIA|52UZPE01152001T52MT02EBS001H0255F0255CF255|2024-09-17|5||1||3||4||1|2|11|1|2|1|20||2|13|0||10||2||5||5||7|1|3|2|1|1|1|2|2|2|2|2|2||2|2|2|1||9||2|2|2|1|1|1|2|2|1|52UZPE01152001T52MT02EBS001H025552UZPE01152001T52MT02EBS001H0255F0255
2|223|1|52|UZPE011|52001|T52|MT02|EL ENCANO|CASA1VID|-77.110485|1.114753||52UZPE01152001T52MT02EBS001H0256|52UZPE01152001T52MT02EBS001H0256F0256|1|1|1|5|52UZPE01152001T52MT02EBS001|900091143|CC|36753698|OTRO|52UZPE01152001T52MT02EBS001H0256F0256CF256|2024-09-17|1||1||3||4||3|2|8|1|4|1|20||2|9,10|2||3||7||5||3||1|5|1|1|1|1|1|2|2|2|2|2|2||2|2|2|2||9||2|2|2|1|2|1|2|2|1|52UZPE01152001T52MT02EBS001H025652UZPE01152001T52MT02EBS001H0256F0256
2|224|1|52|UZPE011|52001|T52|MT02|EL ENCANO|CASA16ROMERILLO|-77.167652|1.082956||52UZPE01152001T52MT02EBS001H0257|52UZPE01152001T52MT02EBS001H0257F0257|1|1|1|1|52UZPE01152001T52MT02EBS001|900091143|CC|1086362994|AUXILIARDEENFERMERIA|52UZPE01152001T52MT02EBS001H0257F0257CF257|2024-09-17|1||1||3||4||1|2|11|1|4|1|20||1|9,10|2||10||2||5||5||7|1|1|1|1|1|3|2|2|2|2|2|2||2|2|1|2||9||1|2|2|1|2|1|2|2|1|52UZPE01152001T52MT02EBS001H025752UZPE01152001T52MT02EBS001H0257F0257
2|225|1|52|UZPE011|52001|T52|MT02|EL ENCANO|CASA16AROMERILLOENCANO|-77.167095|1.082787||52UZPE01152001T52MT02EBS001H0258|52UZPE01152001T52MT02EBS001H0258F0258|1|1|1|3|52UZPE01152001T52MT02EBS001|900091143|CC|1086362994|AUXILIARDEENFERMERIA|52UZPE01152001T52MT02EBS001H0258F0258CF258|2024-09-17|1||1||3||4||2|2|11|1|4|1|20||1|13|0||10||2||6||5||2|3|1|2|1|1|3|2|2|2|2|2|2||2|2|2|2||9||2|2|2|1|1|1|2|2|1|52UZPE01152001T52MT02EBS001H025852UZPE01152001T52MT02EBS001H0258F0258
2|226|1|52|UZPE011|52001|T52|MT02|EL ENCANO|CASA33ROMERILLODIV1|-77.177263|1.086743||52UZPE01152001T52MT02EBS001H0260|52UZPE01152001T52MT02EBS001H0260F0260|1|2|2|2|52UZPE01152001T52MT02EBS001|900091143|CC|36758143|AUXILIARDEENFERMERIA|52UZPE01152001T52MT02EBS001H0260F0260CF260|2024-09-16|1||5||3||2||1|2|11|4|4|1|4||2|13|0||3||2||6||3||1|2|1|1|1|1|2|2|2|2|2|2|2||2|2|1|2||9||1|2|2|1|2|1|2|2|1|52UZPE01152001T52MT02EBS001H026052UZPE01152001T52MT02EBS001H0260F0260
2|227|1|52|UZPE011|52001|T52|MT02|EL ENCANO|CASA22ROMERILLO|-77.165328|1.087543||52UZPE01152001T52MT02EBS001H0261|52UZPE01152001T52MT02EBS001H0261F0261|1|1|1|2|52UZPE01152001T52MT02EBS001|900091143|CC|36758143|AUXILIARDEENFERMERIA|52UZPE01152001T52MT02EBS001H0261F0261CF261|2024-09-16|1||1||3||2||1|2|8|4|4|1|4||2|9,10|2||3||2||6||3||1|2|1|1|1|1|1|2|2|2|2|2|2||2|2|1|2||9||1|2|2|1|1|1|2|2|1|52UZPE01152001T52MT02EBS001H026152UZPE01152001T52MT02EBS001H0261F0261
2|228|1|52|UZPE011|52001|T52|MT02|EL ENCANO|CASA21ROMERILLO|-77.164474|1.08744||52UZPE01152001T52MT02EBS001H0262|52UZPE01152001T52MT02EBS001H0262F0262|1|1|1|2|52UZPE01152001T52MT02EBS001|900091143|CC|36758143|AUXILIARDEENFERMERIA|52UZPE01152001T52MT02EBS001H0262F0262CF262|2024-09-17|1||1||3||2||1|2|11|4|4|1|4||2|13|0||3||2||6||3||1|2|1|1|1|1|1|2|2|2|2|2|2||2|2|2|2||9||2|2|2|1|2|1|2|2|1|52UZPE01152001T52MT02EBS001H026252UZPE01152001T52MT02EBS001H0262F0262
2|229|1|52|UZPE011|52001|T52|MT02|EL ENCANO|CASAVIAMUELLEROMERILLO|-77.164162|1.86298||52UZPE01152001T52MT02EBS001H0263|52UZPE01152001T52MT02EBS001H0263F0263|1|1|1|1|52UZPE01152001T52MT02EBS001|900091143|CC|36758143|AUXILIARDEENFERMERIA|52UZPE01152001T52MT02EBS001H0263F0263CF263|2024-09-17|5||5||4||4||1|2|11|4|2|1|8||2|9,10|2||3||2||6||3||7|1|1|3|1|1|1|2|2|2|2|2|2||2|2|2|2||9||2|2|2|1|2|1|2|2|1|52UZPE01152001T52MT02EBS001H026352UZPE01152001T52MT02EBS001H0263F0263
2|230|1|52|UZPE011|52001|T52|MT02|EL ENCANO|CASA32VDAROMERILLO|-77.1684|1.08704||52UZPE01152001T52MT02EBS001H0264|52UZPE01152001T52MT02EBS001H0264F0264|1|3|3|4|52UZPE01152001T52MT02EBS001|900091143|CC|1193265360|TECNOLOGAENPROMOCIONDELASALUD|52UZPE01152001T52MT02EBS001H0264F0264CF264|2024-09-16|1||1||3||4||3|2|11|4|2|1|5||2|9,10|2||3||2||5||3||7|1|1|1|1|1|1|2|2|2|2|2|2||2|2|2|2||9||2|2|2|1|2|1|2|2|1|52UZPE01152001T52MT02EBS001H026452UZPE01152001T52MT02EBS001H0264F0264
2|231|1|52|UZPE011|52001|T52|MT02|EL ENCANO|CASA32VDAROMERILLO|-77.1684|1.08704||52UZPE01152001T52MT02EBS001H0265|52UZPE01152001T52MT02EBS001H0265F0265|1|3|3|4|52UZPE01152001T52MT02EBS001|900091143|CC|1193265360|TECNOLOGAENPROMOCIONDELASALUD|52UZPE01152001T52MT02EBS001H0265F0265CF265|2024-09-16|1||1||3||4||3|2|11|4|4|1|5||2|9,10|2||3||2||5||3||7|1|1|1|1|1|2|2|2|2|2|2|2||2|2|2|2||9||2|2|2|1|2|1|2|2|1|52UZPE01152001T52MT02EBS001H026552UZPE01152001T52MT02EBS001H0265F0265
2|232|1|52|UZPE011|52001|T52|MT02|EL ENCANO|CASA32VDAROMERILLO|-77.1684|1.08704||52UZPE01152001T52MT02EBS001H0266|52UZPE01152001T52MT02EBS001H0266F0266|1|3|3|4|52UZPE01152001T52MT02EBS001|900091143|CC|1193265360|TECNOLOGAENPROMOCIONDELASALUD|52UZPE01152001T52MT02EBS001H0266F0266CF266|2024-09-16|1||1||3||4||3|2|11|4|4|1|5||2|9,10|2||3||2||5||3||1|2|1|1|1|1|2|2|2|2|2|2|2||2|2|2|1||9||2|2|2|1|1|1|2|2|1|52UZPE01152001T52MT02EBS001H026652UZPE01152001T52MT02EBS001H0266F0266
2|233|1|52|UZPE011|52001|T52|MT02|EL ENCANO|CAS31VDAROMERILLO|-77.16782|1.08766||52UZPE01152001T52MT02EBS001H0267|52UZPE01152001T52MT02EBS001H0267F0267|2|3|3|5|52UZPE01152001T52MT02EBS001|900091143|CC|1193265360|TECNOLOGAENPROMOCIONDELASALUD|52UZPE01152001T52MT02EBS001H0267F0267CF267|2024-09-16|1||1||3||4||4|2|8|3|4|1|3||2|9,10|2||3||2||5||3||1|3|1|1|1|1|2|2|2|2|2|2|2||2|2|2|2||9||2|2|2|1|2|1|2|2|1|52UZPE01152001T52MT02EBS001H026752UZPE01152001T52MT02EBS001H0267F0267
2|234|1|52|UZPE011|52001|T52|MT02|EL ENCANO|CAS31VDAROMERILLO|-77.16782|1.08766||52UZPE01152001T52MT02EBS001H0268|52UZPE01152001T52MT02EBS001H0268F0268|2|3|3|5|52UZPE01152001T52MT02EBS001|900091143|CC|1193265360|TECNOLOGAENPROMOCIONDELASALUD|52UZPE01152001T52MT02EBS001H0268F0268CF268|2024-09-16|1||1||3||4||4|2|8|3|4|1|3||2|9,10|2||3||2||5||3||7|1|1|1|1|1|2|2|2|2|2|2|2||2|2|2|2||9||2|2|2|1|2|1|2|2|1|52UZPE01152001T52MT02EBS001H026852UZPE01152001T52MT02EBS001H0268F0268
2|235|1|52|UZPE011|52001|T52|MT02|EL ENCANO|VDAROMERILLOSINNUMERODEVIVIENDA|-77.1673|1.079079||52UZPE01152001T52MT02EBS001H0271|52UZPE01152001T52MT02EBS001H0271F0271|1|1|1|2|52UZPE01152001T52MT02EBS001|900091143|CC|1193265360|TECNOLOGAENPROMOCIONDELASALUD|52UZPE01152001T52MT02EBS001H0271F0271CF271|2024-09-10|1||2||5||2||1|2|8|4|4|1|3||2|9,10|2||3||2||5||3||1|2|1|2|1|1|3|2|2|2|2|2|2||2|2|1|1||9||1|2|2|1|2|1|2|2|1|52UZPE01152001T52MT02EBS001H027152UZPE01152001T52MT02EBS001H0271F0271
2|236|1|52|UZPE011|52001|T52|MT02|EL ENCANO|VDAROMERILLOATIPICA1DIV1ELENCANO|-77.163725|1.084732||52UZPE01152001T52MT02EBS001H0272|52UZPE01152001T52MT02EBS001H0272F0272|1|1|1|4|52UZPE01152001T52MT02EBS001|900091143|CC|1193265360|TECNOLOGAENPROMOCIONDELASALUD|52UZPE01152001T52MT02EBS001H0272F0272CF272|2024-09-03|1||1||3||4||2|2|1|1|2|1|5||2|9,10|2||3||2||5||3||1|4|1|1|1|1|2|2|2|2|2|2|2||2|2|2|2||9||2|2|2|1|1|1|2|2|1|52UZPE01152001T52MT02EBS001H027252UZPE01152001T52MT02EBS001H0272F0272
2|237|1|52|UZPE011|52001|T52|MT02|EL ENCANO|VEREDARAMOS|-77.17399|1.052632||52UZPE01152001T52MT02EBS001H0273|52UZPE01152001T52MT02EBS001H0273F0273|1|1|1|2|52UZPE01152001T52MT02EBS001|900091143|CC|1004232508|AUXILIARDEENFERMERIA|52UZPE01152001T52MT02EBS001H0273F0273CF273|2024-09-17|3||7||5||7||1|2|4|1|4|1|19||2|13|0||10||7||6||5||1|2|1|3|1|1|3|2|2|2|2|2|2||2|2|1|1||9||1|2|2|1|2|1|2|2|1|52UZPE01152001T52MT02EBS001H027352UZPE01152001T52MT02EBS001H0273F0273
2|238|1|52|UZPE011|52001|T52|MT02|EL ENCANO|CASA38AROMERILLO|-77.16729|1.084035||52UZPE01152001T52MT02EBS001H0274|52UZPE01152001T52MT02EBS001H0274F0274|1|1|1|1|52UZPE01152001T52MT02EBS001|900091143|CC|1086362994|AUXILIARDEENFERMERIA|52UZPE01152001T52MT02EBS001H0274F0274CF274|2024-09-22|5||5||3||4||1|2|11|4|2|1|4||1|9,10|2||10||2||5||5||7|1|1|1|1|1|3|2|2|2|2|2|2||2|2|2|2||9||2|2|2|1|2|1|2|2|1|52UZPE01152001T52MT02EBS001H027452UZPE01152001T52MT02EBS001H0274F0274
2|239|1|52|UZPE011|52001|T52|MT02|EL ENCANO|CASA30DIV1ROMERILLO|-77.164575|1.085441||52UZPE01152001T52MT02EBS001H0275|52UZPE01152001T52MT02EBS001H0275F0275|1|1|1|1|52UZPE01152001T52MT02EBS001|900091143|CC|36758143|AUXILIARDEENFERMERIA|52UZPE01152001T52MT02EBS001H0275F0275CF275|2024-09-17|1||5||4||4||1|2|11|4|4|1|20||2|9,10|2||3||2||6||3||7|1|1|4|1|1|2|2|2|2|2|2|2||2|2|1|2||9||1|2|2|1|2|1|2|2|1|52UZPE01152001T52MT02EBS001H027552UZPE01152001T52MT02EBS001H0275F0275
2|240|1|52|UZPE011|52001|T52|MT02|EL ENCANO|CASA67SANTATERESITA|-77.116611|1.059977||52UZPE01152001T52MT02EBS001H0276|52UZPE01152001T52MT02EBS001H0276F0276|1|2|2|2|52UZPE01152001T52MT02EBS001|900091143|CC|36758143|AUXILIARDEENFERMERIA|52UZPE01152001T52MT02EBS001H0276F0276CF276|2024-10-06|1||1||3||4||2|2|11|4|4|1|4||2|9,10|2||3||2||6||3||1|2|1|1|1|1|2|2|2|2|2|2|2||2|2|1|2||9||1|2|2|1|1|1|2|2|1|52UZPE01152001T52MT02EBS001H027652UZPE01152001T52MT02EBS001H0276F0276
2|241|1|52|UZPE011|52001|T52|MT02|EL ENCANO|CASA67SANTATERESITA|-77.116611|1.059977||52UZPE01152001T52MT02EBS001H0277|52UZPE01152001T52MT02EBS001H0277F0277|1|2|2|2|52UZPE01152001T52MT02EBS001|900091143|CC|36758143|AUXILIARDEENFERMERIA|52UZPE01152001T52MT02EBS001H0277F0277CF277|2024-10-06|1||1||3||4||2|2|11|4|4|1|4||2|9,10|2||3||2||6||3||2|2|1|2|1|1|1|2|2|2|2|2|2||2|2|1|2||9||1|2|2|1|1|1|2|2|1|52UZPE01152001T52MT02EBS001H027752UZPE01152001T52MT02EBS001H0277F0277
2|242|1|52|UZPE011|52001|T52|MT02|EL ENCANO|CASA63SANTATERESITA|-77.114863|1.058968||52UZPE01152001T52MT02EBS001H0278|52UZPE01152001T52MT02EBS001H0278F0278|1|2|2|2|52UZPE01152001T52MT02EBS001|900091143|CC|36758143|AUXILIARDEENFERMERIA|52UZPE01152001T52MT02EBS001H0278F0278CF278|2024-10-06|1||5||4||4||1|2|8|4|4|1|3||2|9,10|2||3||2||6||3||1|3|1|2|1|1|1|2|2|2|2|2|2||2|2|1|2||9||1|2|2|1|1|1|2|2|1|52UZPE01152001T52MT02EBS001H027852UZPE01152001T52MT02EBS001H0278F0278
2|243|1|52|UZPE011|52001|T52|MT02|EL ENCANO|CASA63SANTATERESITA|-77.114863|1.058968||52UZPE01152001T52MT02EBS001H0279|52UZPE01152001T52MT02EBS001H0279F0279|1|2|2|2|52UZPE01152001T52MT02EBS001|900091143|CC|36758143|AUXILIARDEENFERMERIA|52UZPE01152001T52MT02EBS001H0279F0279CF279|2024-10-06|1||5||4||4||1|2|8|4|4|1|3||2|9,10|2||3||2||6||3||2|2|1|2|1|1|1|2|2|2|2|2|2||2|2|2|2||9||2|2|2|1|2|1|2|2|1|52UZPE01152001T52MT02EBS001H027952UZPE01152001T52MT02EBS001H0279F0279
2|244|1|52|UZPE011|52001|T52|MT02|EL ENCANO|CASA28SANTATERESITA|-77.115491|1.059128||52UZPE01152001T52MT02EBS001H0280|52UZPE01152001T52MT02EBS001H0280F0280|1|3|3|7|52UZPE01152001T52MT02EBS001|900091143|CC|1004232508|AUXILIARDEENFERMERIA|52UZPE01152001T52MT02EBS001H0280F0280CF280|2024-10-09|1||5||4||4||0|2|5|1|4|1|19||2|9,10|2||3||2||6||3||1|2|1|2|1|1|2|2|2|2|2|2|2||2|2|1|1||9||1|2|2|1|2|1|2|2|1|52UZPE01152001T52MT02EBS001H028052UZPE01152001T52MT02EBS001H0280F0280
2|245|1|52|UZPE011|52001|T52|MT02|EL ENCANO|CASA28SANTATERESITA|-77.115491|1.059128||52UZPE01152001T52MT02EBS001H0281|52UZPE01152001T52MT02EBS001H0281F0281|1|3|3|7|52UZPE01152001T52MT02EBS001|900091143|CC|1004232508|AUXILIARDEENFERMERIA|52UZPE01152001T52MT02EBS001H0281F0281CF281|2024-10-09|1||5||4||4||0|2|5|1|4|1|19||2|9,10|2||3||2||6||3||1|4|1|2|1|1|2|2|2|2|2|2|2||2|2|1|1||9||1|2|2|1|2|1|2|2|1|52UZPE01152001T52MT02EBS001H028152UZPE01152001T52MT02EBS001H0281F0281
2|246|1|52|UZPE011|52001|T52|MT02|EL ENCANO|CASA28SANTATERESITA|-77.115491|1.059128||52UZPE01152001T52MT02EBS001H0282|52UZPE01152001T52MT02EBS001H0282F0282|1|3|3|7|52UZPE01152001T52MT02EBS001|900091143|CC|1004232508|AUXILIARDEENFERMERIA|52UZPE01152001T52MT02EBS001H0282F0282CF282|2024-10-09|1||5||4||4||0|2|5|1|4|1|19||2|9,10|2||3||2||6||3||2|3|1|2|1|1|2|2|2|2|2|2|2||2|2|1|1||9||1|2|2|1|2|1|2|2|1|52UZPE01152001T52MT02EBS001H028252UZPE01152001T52MT02EBS001H0282F0282
2|247|1|52|UZPE011|52001|T52|MT02|EL ENCANO|CASA62|-77.118358|1.057223||52UZPE01152001T52MT02EBS001H0283|52UZPE01152001T52MT02EBS001H0283F0283|1|3|3|5|52UZPE01152001T52MT02EBS001|900091143|CC|1004232508|AUXILIARDEENFERMERIA|52UZPE01152001T52MT02EBS001H0283F0283CF283|2024-10-06|1||5||4||4||4|2|5|1|2|1|19||2|9,10|2||3||2||5||3||1|2|1|1|1|1|3|2|2|2|2|2|2||2|2|1|1||9||1|2|2|1|2|1|2|2|1|52UZPE01152001T52MT02EBS001H028352UZPE01152001T52MT02EBS001H0283F0283
2|248|1|52|UZPE011|52001|T52|MT02|EL ENCANO|CASA62|-77.118358|1.057223||52UZPE01152001T52MT02EBS001H0284|52UZPE01152001T52MT02EBS001H0284F0284|1|3|3|5|52UZPE01152001T52MT02EBS001|900091143|CC|1004232508|AUXILIARDEENFERMERIA|52UZPE01152001T52MT02EBS001H0284F0284CF284|2024-10-06|1||5||4||4||4|2|5|1|4|1|19||2|9,10|2||3||2||5||3||1|3|1|2|1|1|2|2|2|2|2|2|2||2|2|1|1||9||1|2|2|1|1|1|2|2|1|52UZPE01152001T52MT02EBS001H028452UZPE01152001T52MT02EBS001H0284F0284
2|249|1|52|UZPE011|52001|T52|MT02|EL ENCANO|CASA62|-77.118358|1.057223||52UZPE01152001T52MT02EBS001H0285|52UZPE01152001T52MT02EBS001H0285F0285|1|3|3|5|52UZPE01152001T52MT02EBS001|900091143|CC|1004232508|AUXILIARDEENFERMERIA|52UZPE01152001T52MT02EBS001H0285F0285CF285|2024-10-06|1||5||4||4||4|2|5|1|4|1|19||2|9,10|2||3||2||5||3||7|1|1|2|1|1|2|2|2|2|2|2|2||2|2|1|1||9||1|2|2|1|2|1|2|2|1|52UZPE01152001T52MT02EBS001H028552UZPE01152001T52MT02EBS001H0285F0285
2|250|1|52|UZPE011|52001|T52|MT02|EL ENCANO|CASA62SANTATERESITA|-77.119137|1.062851||52UZPE01152001T52MT02EBS001H0286|52UZPE01152001T52MT02EBS001H0286F0286|1|1|1|4|52UZPE01152001T52MT02EBS001|900091143|CC|1086362994|AUXILIARDEENFERMERIA|52UZPE01152001T52MT02EBS001H0286F0286CF286|2024-10-07|1||5||3||4||4|2|11|1|2|1|20||1|9,10|2||10||2||6||5||1|4|1|1|1|1|1|2|2|2|2|2|2||2|2|2|2||9||2|2|2|1|2|1|2|2|1|52UZPE01152001T52MT02EBS001H028652UZPE01152001T52MT02EBS001H0286F0286
2|251|1|52|UZPE011|52001|T52|MT02|EL ENCANO|CASA50VEREDASATATERESITA|-77.093136|1.140335||52UZPE01152001T52MT02EBS001H0287|52UZPE01152001T52MT02EBS001H0287F0287|1|2|2|6|52UZPE01152001T52MT02EBS001|900091143|CC|36753698|OTRO|52UZPE01152001T52MT02EBS001H0287F0287CF287|2024-10-07|1||1||3||2||3|2|8|1|4|1|20||2|12|2||10||7||6||3||1|3|1|2|1|1|2|2|2|2|2|2|2||2|2|2|1||9||2|2|2|1|2|1|2|2|1|52UZPE01152001T52MT02EBS001H028752UZPE01152001T52MT02EBS001H0287F0287
2|252|1|52|UZPE011|52001|T52|MT02|EL ENCANO|CASA53DIV1|-77.118905|1.061356||52UZPE01152001T52MT02EBS001H0288|52UZPE01152001T52MT02EBS001H0288F0288|1|1|1|1|52UZPE01152001T52MT02EBS001|900091143|CC|1086362994|AUXILIARDEENFERMERIA|52UZPE01152001T52MT02EBS001H0288F0288CF288|2024-10-07|1||5||3||2||1|2|11|1|4|1|20||1|13|2||10||2||6||5||7|1|1|2|1|1|1|2|2|2|2|2|2||2|2|2|1||9||2|2|2|1|2|1|2|2|1|52UZPE01152001T52MT02EBS001H028852UZPE01152001T52MT02EBS001H0288F0288
2|253|1|52|UZPE011|52001|T52|MT02|EL ENCANO|CASA47SANTATERESITA|-77.119773|1.066179||52UZPE01152001T52MT02EBS001H0289|52UZPE01152001T52MT02EBS001H0289F0289|1|1|1|3|52UZPE01152001T52MT02EBS001|900091143|CC|1004232508|AUXILIARDEENFERMERIA|52UZPE01152001T52MT02EBS001H0289F0289CF289|2024-10-07|1||1||3||4||3|2|5|1|4|1|19||2|9,10|2||3||2||5||3||2|3|2|2|1|1|2|2|2|2|2|2|2||2|2|1|2||9||1|2|2|1|2|1|2|2|1|52UZPE01152001T52MT02EBS001H028952UZPE01152001T52MT02EBS001H0289F0289
2|254|1|52|UZPE011|52001|T52|MT02|EL ENCANO|CASA42VEREDASANTATERESITA|-77.118881|1.065494||52UZPE01152001T52MT02EBS001H0290|52UZPE01152001T52MT02EBS001H0290F0290|1|3|3|6|52UZPE01152001T52MT02EBS001|900091143|CC|36753698|OTRO|52UZPE01152001T52MT02EBS001H0290F0290CF290|2024-10-07|1||1||3||4||4|2|8|1|4|1|20||2|13|0||10||7||5||3||2|2|1|4|1|1|1|2|2|2|2|2|2||2|2|1|2||9||1|2|2|1|1|1|2|2|1|52UZPE01152001T52MT02EBS001H029052UZPE01152001T52MT02EBS001H0290F0290
2|255|1|52|UZPE011|52001|T52|MT02|EL ENCANO|CASA42VEREDASANTATERESITA|-77.118881|1.065494||52UZPE01152001T52MT02EBS001H0291|52UZPE01152001T52MT02EBS001H0291F0291|1|3|3|6|52UZPE01152001T52MT02EBS001|900091143|CC|36753698|OTRO|52UZPE01152001T52MT02EBS001H0291F0291CF291|2024-10-07|1||1||3||4||4|2|8|1|4|1|20||2|13|0||10||7||5||3||1|2|1|4|1|1|3|2|2|2|2|2|2||2|2|1|2||9||1|2|2|1|2|1|2|2|1|52UZPE01152001T52MT02EBS001H029152UZPE01152001T52MT02EBS001H0291F0291
2|256|1|52|UZPE011|52001|T52|MT02|EL ENCANO|CASA42VEREDASANTATERESITA|-77.118881|1.065494||52UZPE01152001T52MT02EBS001H0292|52UZPE01152001T52MT02EBS001H0292F0292|1|3|3|6|52UZPE01152001T52MT02EBS001|900091143|CC|36753698|OTRO|52UZPE01152001T52MT02EBS001H0292F0292CF292|2024-10-07|1||1||3||4||4|2|8|1|4|1|20||2|13|0||10||7||5||3||2|2|1|3|1|1|2|2|2|2|2|2|2||2|2|2|1||9||2|2|2|1|1|1|2|2|1|52UZPE01152001T52MT02EBS001H029252UZPE01152001T52MT02EBS001H0292F0292
2|257|1|52|UZPE011|52001|T52|MT02|EL ENCANO|CASA106SANTATERESITA|-77.119807|1.065556||52UZPE01152001T52MT02EBS001H0293|52UZPE01152001T52MT02EBS001H0293F0293|1|1|1|3|52UZPE01152001T52MT02EBS001|900091143|CC|36758143|AUXILIARDEENFERMERIA|52UZPE01152001T52MT02EBS001H0293F0293CF293|2024-10-07|1||5||4||4||2|2|11|4|4|1|20||2|9,10|2||3||2||6||3||1|3|1|2|1|1|2|2|2|2|2|2|2||2|2|1|2||9||1|2|2|1|1|1|2|2|1|52UZPE01152001T52MT02EBS001H029352UZPE01152001T52MT02EBS001H0293F0293
2|258|1|52|UZPE011|52001|T52|MT02|EL ENCANO|CASA106BSANTATERESITA|-77.11901|1.065554||52UZPE01152001T52MT02EBS001H0294|52UZPE01152001T52MT02EBS001H0294F0294|1|1|1|2|52UZPE01152001T52MT02EBS001|900091143|CC|36758143|AUXILIARDEENFERMERIA|52UZPE01152001T52MT02EBS001H0294F0294CF294|2024-10-07|3||5||4||4||1|2|11|3|4|1|20||2|13|0||3||2||6||3||2|2|1|2|1|1|3|2|2|2|2|2|2||2|2|1|2||9||1|2|2|1|1|1|2|2|1|52UZPE01152001T52MT02EBS001H029452UZPE01152001T52MT02EBS001H0294F0294
2|259|1|52|UZPE011|52001|T52|MT02|EL ENCANO|CASA48SANTATERESITADIV1ENCANO|-77.119002|1.066553||52UZPE01152001T52MT02EBS001H0295|52UZPE01152001T52MT02EBS001H0295F0295|1|1|1|1|52UZPE01152001T52MT02EBS001|900091143|CC|36758143|AUXILIARDEENFERMERIA|52UZPE01152001T52MT02EBS001H0295F0295CF295|2024-10-07|1||5||3||2||1|2|1|4|4|1|8||2|9,10|2||3||2||6||3||7|1|1|4|1|1|3|2|2|2|2|2|2||2|2|1|2||9||1|2|2|1|2|1|2|2|1|52UZPE01152001T52MT02EBS001H029552UZPE01152001T52MT02EBS001H0295F0295
2|260|1|52|UZPE011|52001|T52|MT02|EL ENCANO|CASA87|-77.118701|1.067751||52UZPE01152001T52MT02EBS001H0296|52UZPE01152001T52MT02EBS001H0296F0296|1|1|1|1|52UZPE01152001T52MT02EBS001|900091143|CC|1004232508|AUXILIARDEENFERMERIA|52UZPE01152001T52MT02EBS001H0296F0296CF296|2024-10-08|1||1||3||4||1|2|5|1|4|1|19||2|9,10|2||3||2||5||3||7|1|2|2|1|1|2|2|2|2|2|2|2||2|2|2|2||9||2|2|2|1|2|1|2|2|1|52UZPE01152001T52MT02EBS001H029652UZPE01152001T52MT02EBS001H0296F0296
2|261|1|52|UZPE011|52001|T52|MT02|EL ENCANO|CASA49|-77.119419|1.064809||52UZPE01152001T52MT02EBS001H0297|52UZPE01152001T52MT02EBS001H0297F0297|1|1|1|4|52UZPE01152001T52MT02EBS001|900091143|CC|1081053820|AUXILIARDEENFERMERIA|52UZPE01152001T52MT02EBS001H0297F0297CF297|2024-10-08|1||1||3||1||1|2|8|1|2|1|20||1|9,10|2||3||2||6||3||1|4|1|1|1|1|1|2|2|2|2|2|2||2|2|1|2||9||1|2|2|1|2|1|2|2|1|52UZPE01152001T52MT02EBS001H029752UZPE01152001T52MT02EBS001H0297F0297
2|262|1|52|UZPE011|52001|T52|MT02|EL ENCANO|CASA37SANTATERESITA|-77.11745|1.067119||52UZPE01152001T52MT02EBS001H0299|52UZPE01152001T52MT02EBS001H0299F0299|1|1|1|3|52UZPE01152001T52MT02EBS001|900091143|CC|1086362994|AUXILIARDEENFERMERIA|52UZPE01152001T52MT02EBS001H0299F0299CF299|2024-09-08|1||5||3||4||2|2|11|1|4|1|20||1|13|2||10||2||6||5||1|3|1|3|1|1|2|2|2|2|2|2|2||2|2|1|2||9||1|2|2|1|2|1|2|2|1|52UZPE01152001T52MT02EBS001H029952UZPE01152001T52MT02EBS001H0299F0299
2|263|1|52|UZPE011|52001|T52|MT02|EL ENCANO|CASA37ELENCANOTERESITA|-77.116582|1.066839||52UZPE01152001T52MT02EBS001H0300|52UZPE01152001T52MT02EBS001H0300F0300|1|1|1|2|52UZPE01152001T52MT02EBS001|900091143|CC|1086362994|AUXILIARDEENFERMERIA|52UZPE01152001T52MT02EBS001H0300F0300CF300|2024-09-08|1||5||3||4||2|2|11|2|2|1|20||1|13|0||10||2||6||5||1|2|1|3|1|1|2|2|2|2|2|2|2||2|2|2|2||9||2|2|2|1|1|1|2|2|1|52UZPE01152001T52MT02EBS001H030052UZPE01152001T52MT02EBS001H0300F0300
2|264|1|52|UZPE011|52001|T52|MT02|EL ENCANO|CASA67|-77.118322|1.067759||52UZPE01152001T52MT02EBS001H0301|52UZPE01152001T52MT02EBS001H0301F0301|1|1|1|4|52UZPE01152001T52MT02EBS001|900091143|CC|1004232508|AUXILIARDEENFERMERIA|52UZPE01152001T52MT02EBS001H0301F0301CF301|2024-10-08|1||5||3||4||3|2|5|1|4|1|19||2|13|0||3||2||5||3||1|4|3|2|1|1|2|2|2|2|2|2|2||2|2|1|2||9||1|2|2|1|2|1|2|2|1|52UZPE01152001T52MT02EBS001H030152UZPE01152001T52MT02EBS001H0301F0301
2|265|1|52|UZPE011|52001|T52|MT02|EL ENCANO|CASAVEREDASNATATERESITA|-77.118053|1.068804||52UZPE01152001T52MT02EBS001H0302|52UZPE01152001T52MT02EBS001H0302F0302|1|2|2|3|52UZPE01152001T52MT02EBS001|900091143|CC|36753698|OTRO|52UZPE01152001T52MT02EBS001H0302F0302CF302|2024-10-08|1||1||3||4||2|2|8|1|4|1|20||2|9,10|2||3||7||6||3||4|2|3|1|1|1|1|2|2|2|2|2|2||2|2|2|2||9||2|2|2|1|2|1|2|2|1|52UZPE01152001T52MT02EBS001H030252UZPE01152001T52MT02EBS001H0302F0302
2|266|1|52|UZPE011|52001|T52|MT02|EL ENCANO|CASA68|-77.118154|1.068061||52UZPE01152001T52MT02EBS001H0303|52UZPE01152001T52MT02EBS001H0303F0303|1|2|2|2|52UZPE01152001T52MT02EBS001|900091143|CC|1004232508|AUXILIARDEENFERMERIA|52UZPE01152001T52MT02EBS001H0303F0303CF303|2024-10-08|1||5||3||4||2|2|5|1|4|1|19||2|13|0||3||2||5||3||1|2|1|2|1|1|3|2|2|2|2|2|2||2|2|1|1||9||1|2|2|1|2|1|2|2|1|52UZPE01152001T52MT02EBS001H030352UZPE01152001T52MT02EBS001H0303F0303
2|267|1|52|UZPE011|52001|T52|MT02|EL ENCANO|CASA68|-77.118154|1.068061||52UZPE01152001T52MT02EBS001H0304|52UZPE01152001T52MT02EBS001H0304F0304|1|2|2|2|52UZPE01152001T52MT02EBS001|900091143|CC|1004232508|AUXILIARDEENFERMERIA|52UZPE01152001T52MT02EBS001H0304F0304CF304|2024-10-08|1||5||3||4||2|2|5|1|4|1|19||2|13|0||3||2||5||3||7|1|1|3|1|1|3|2|2|2|2|2|2||2|2|1|1||9||1|2|2|1|2|1|2|2|1|52UZPE01152001T52MT02EBS001H030452UZPE01152001T52MT02EBS001H0304F0304
2|268|1|52|UZPE011|52001|T52|MT02|EL ENCANO|CASA44SANTATERESITA|-77.11913|1.066833||52UZPE01152001T52MT02EBS001H0305|52UZPE01152001T52MT02EBS001H0305F0305|1|1|1|2|52UZPE01152001T52MT02EBS001|900091143|CC|36758143|AUXILIARDEENFERMERIA|52UZPE01152001T52MT02EBS001H0305F0305CF305|2024-10-08|1||5||3||2||1|2|8|4|4|1|8||2|9,10|2||3||2||6||3||1|2|1|2|1|1|3|2|2|2|2|2|2||2|2|1|2||9||1|2|2|1|1|1|2|2|1|52UZPE01152001T52MT02EBS001H030552UZPE01152001T52MT02EBS001H0305F0305
2|269|1|52|UZPE011|52001|T52|MT02|EL ENCANO|CASA42BDIV1SANTATERESITA|-77.129132|1.065846||52UZPE01152001T52MT02EBS001H0306|52UZPE01152001T52MT02EBS001H0306F0306|1|1|1|3|52UZPE01152001T52MT02EBS001|900091143|CC|36758143|AUXILIARDEENFERMERIA|52UZPE01152001T52MT02EBS001H0306F0306CF306|2024-10-08|1||5||3||2||1|1|1|4|4|1|8||2|9,10|2||3||2||6||3||1|3|1|2|1|1|2|2|2|2|2|2|2||2|2|2|2||9||2|2|2|1|1|1|2|2|1|52UZPE01152001T52MT02EBS001H030652UZPE01152001T52MT02EBS001H0306F0306
2|270|1|52|UZPE011|52001|T52|MT02|EL ENCANO|CASA52SANTATERESITA|-77.117827|1.070383||52UZPE01152001T52MT02EBS001H0308|52UZPE01152001T52MT02EBS001H0308F0308|1|1|1|2|52UZPE01152001T52MT02EBS001|900091143|CC|1004232508|AUXILIARDEENFERMERIA|52UZPE01152001T52MT02EBS001H0308F0308CF308|2024-10-09|1||1||3||4||1|2|5|1|4|1|19||2|9,10|2||3||2||5||3||1|2|3|2|1|1|4|2|2|2|2|2|2||2|2|1|1||9||1|2|2|1|2|1|2|2|1|52UZPE01152001T52MT02EBS001H030852UZPE01152001T52MT02EBS001H0308F0308
2|271|1|52|UZPE011|52001|T52|MT02|EL ENCANO|CASA109VEREDASANTATERESITA|-77.118876|1.066493||52UZPE01152001T52MT02EBS001H0310|52UZPE01152001T52MT02EBS001H0310F0310|2|1|1|5|52UZPE01152001T52MT02EBS001|900091143|CC|36753698|OTRO|52UZPE01152001T52MT02EBS001H0310F0310CF310|2024-10-09|1||1||3||4||2|2|8|1|4|1|8||1|13|2||10||2||6||3||1|5|3|2|1|1|1|2|2|2|2|2|2||2|2|2|1||9||2|2|2|1|1|1|2|2|1|52UZPE01152001T52MT02EBS001H031052UZPE01152001T52MT02EBS001H0310F0310
2|272|1|52|UZPE011|52001|T52|MT02|EL ENCANO|CASA0002|-77.15321|1.15735||52UZPE01152001T52MT02EBS001H0311|52UZPE01152001T52MT02EBS001H0311F0311|1|1|1|1|52UZPE01152001T52MT02EBS001|900091143|CC|1086362994|AUXILIARDEENFERMERIA|52UZPE01152001T52MT02EBS001H0311F0311CF311|2024-10-09|3||5||5||4||1|2|8|1|4|1|20||2|13|0||11||7||6||5||7|1|3|3|1|1|1|2|2|2|2|2|2||2|2|2|2||9||2|2|2|1|1|1|2|2|1|52UZPE01152001T52MT02EBS001H031152UZPE01152001T52MT02EBS001H0311F0311
2|273|1|52|UZPE011|52001|T52|MT02|EL ENCANO|CASA54ELENCANOVEREDASANTATERESITA|-77.118395|1.061436||52UZPE01152001T52MT02EBS001H0312|52UZPE01152001T52MT02EBS001H0312F0312|1|1|1|3|52UZPE01152001T52MT02EBS001|900091143|CC|1089243630|AUXILIARDEENFERMERIA|52UZPE01152001T52MT02EBS001H0312F0312CF312|2024-10-06|1||5||4||4||2|2|11|1|4|1|20||2|9,10|2||3||2||6||3||1|3|1|3|1|1|1|2|2|2|2|2|2||2|2|1|2||9||1|2|2|1|1|1|2|2|1|52UZPE01152001T52MT02EBS001H031252UZPE01152001T52MT02EBS001H0312F0312
2|274|1|52|UZPE011|52001|T52|MT02|EL ENCANO|CASA63SANTATERESITA|-77.118981|1.066708||52UZPE01152001T52MT02EBS001H0313|52UZPE01152001T52MT02EBS001H0313F0313|1|2|2|5|52UZPE01152001T52MT02EBS001|900091143|CC|1089243630|AUXILIARDEENFERMERIA|52UZPE01152001T52MT02EBS001H0313F0313CF313|2024-10-07|1||5||3||4||3|2|11|1|4|1|20||1|13|0||3||2||6||3||1|3|3|2|1|1|3|2|2|2|2|2|2||2|2|1|1||9||1|2|2|1|1|1|2|2|1|52UZPE01152001T52MT02EBS001H031352UZPE01152001T52MT02EBS001H0313F0313
2|275|1|52|UZPE011|52001|T52|MT02|EL ENCANO|CASA63SANTATERESITA|-77.118981|1.066708||52UZPE01152001T52MT02EBS001H0314|52UZPE01152001T52MT02EBS001H0314F0314|1|2|2|5|52UZPE01152001T52MT02EBS001|900091143|CC|1089243630|AUXILIARDEENFERMERIA|52UZPE01152001T52MT02EBS001H0314F0314CF314|2024-10-07|1||5||3||4||3|2|11|1|4|1|20||1|13|0||3||2||6||3||2|2|3|2|1|1|3|2|2|2|2|2|2||2|2|1|2||9||1|2|2|1|1|1|2|2|1|52UZPE01152001T52MT02EBS001H031452UZPE01152001T52MT02EBS001H0314F0314
2|276|1|52|UZPE011|52001|T52|MT02|EL ENCANO|CASA97SANTATERESITAELENCANO|-77.118822|1.067361||52UZPE01152001T52MT02EBS001H0315|52UZPE01152001T52MT02EBS001H0315F0315|1|1|1|5|52UZPE01152001T52MT02EBS001|900091143|CC|1089243630|AUXILIARDEENFERMERIA|52UZPE01152001T52MT02EBS001H0315F0315CF315|2024-10-08|1||1||3||4||3|2|11|1|4|2|20||2|13|2||3||2||6||3||1|5|1|2|1|1|1|2|2|2|2|2|2||2|2|1|2||9||1|2|2|1|1|1|2|2|1|52UZPE01152001T52MT02EBS001H031552UZPE01152001T52MT02EBS001H0315F0315
2|277|1|52|UZPE011|52001|T52|MT02|EL ENCANO|CASA34SANTATERESITAELENCANO|-77.119085|1.068329||52UZPE01152001T52MT02EBS001H0316|52UZPE01152001T52MT02EBS001H0316F0316|1|1|1|3|52UZPE01152001T52MT02EBS001|900091143|CC|1089243630|AUXILIARDEENFERMERIA|52UZPE01152001T52MT02EBS001H0316F0316CF316|2024-10-08|1||5||4||4||2|1|11|1|4|1|20||2|9,10|2||3||2||6||3||2|3|1|3|1|1|1|2|2|2|2|2|2||2|2|1|1||9||1|2|2|1|2|1|2|2|1|52UZPE01152001T52MT02EBS001H031652UZPE01152001T52MT02EBS001H0316F0316
2|278|1|52|UZPE011|52001|T52|MT02|EL ENCANO|CASA18SANTATERESITA|-77.121716|1.077186||52UZPE01152001T52MT02EBS001H0317|52UZPE01152001T52MT02EBS001H0317F0317|1|1|1|2|52UZPE01152001T52MT02EBS001|900091143|CC|1086362994|AUXILIARDEENFERMERIA|52UZPE01152001T52MT02EBS001H0317F0317CF317|2024-10-10|1||1||3||4||2|2|11|2|4|1|20||2|9,10|2||3||2||6||5||2|2|1|3|1|1|2|2|2|2|2|2|2||2|2|2|1||9||2|2|2|1|2|1|2|2|1|52UZPE01152001T52MT02EBS001H031752UZPE01152001T52MT02EBS001H0317F0317
2|279|1|52|UZPE011|52001|T52|MT02|EL ENCANO|CASA32SANTATERESITAELENCANO|-77.124582|1.143759||52UZPE01152001T52MT02EBS001H0318|52UZPE01152001T52MT02EBS001H0318F0318|1|2|2|3|52UZPE01152001T52MT02EBS001|900091143|CC|1089243630|AUXILIARDEENFERMERIA|52UZPE01152001T52MT02EBS001H0318F0318CF318|2024-10-10|1||5||4||4||2|2|11|1|2|1|20||2|9,10|2||3||2||6||3||1|2|1|2|1|1|3|2|2|2|2|2|2||2|2|1|1||9||1|2|2|1|1|1|2|2|1|52UZPE01152001T52MT02EBS001H031852UZPE01152001T52MT02EBS001H0318F0318
2|280|1|52|UZPE011|52001|T52|MT02|EL ENCANO|CASA32SANTATERESITAELENCANO|-77.124582|1.143759||52UZPE01152001T52MT02EBS001H0319|52UZPE01152001T52MT02EBS001H0319F0319|1|2|2|3|52UZPE01152001T52MT02EBS001|900091143|CC|1089243630|AUXILIARDEENFERMERIA|52UZPE01152001T52MT02EBS001H0319F0319CF319|2024-10-10|1||5||4||4||2|2|11|1|4|1|20||2|9,10|2||3||2||6||3||7|1|1|3|1|1|2|2|2|2|2|2|2||2|2|1|2||9||1|2|2|1|1|1|2|2|1|52UZPE01152001T52MT02EBS001H031952UZPE01152001T52MT02EBS001H0319F0319
2|281|1|52|UZPE011|52001|T52|MT02|EL ENCANO|CASA16STATERESITA|-77.122678|1.077875||52UZPE01152001T52MT02EBS001H0320|52UZPE01152001T52MT02EBS001H0320F0320|2|1|1|4|52UZPE01152001T52MT02EBS001|900091143|CC|1086362994|AUXILIARDEENFERMERIA|52UZPE01152001T52MT02EBS001H0320F0320CF320|2024-10-10|1||1||4||4||2|2|11|1|4|1|20||1|13|2||3||2||6||5||1|3|3|1|1|1|1|2|2|2|2|2|2||2|2|2|2||9||2|2|2|1|1|1|2|2|1|52UZPE01152001T52MT02EBS001H032052UZPE01152001T52MT02EBS001H0320F0320
2|282|1|52|UZPE011|52001|T52|MT02|EL ENCANO|CASA41SANTATERESITA|-77.117866|1.066181||52UZPE01152001T52MT02EBS001H0321|52UZPE01152001T52MT02EBS001H0321F0321|1|1|1|2|52UZPE01152001T52MT02EBS001|900091143|CC|36758143|AUXILIARDEENFERMERIA|52UZPE01152001T52MT02EBS001H0321F0321CF321|2024-11-09|1||5||3||4||1|2|10|4|4|1|4||2|9,10|2||3||2||6||3||1|2|1|2|1|1|2|2|2|2|2|2|2||2|2|1|2||9||1|2|2|1|1|1|2|2|1|52UZPE01152001T52MT02EBS001H032152UZPE01152001T52MT02EBS001H0321F0321
2|283|1|52|UZPE011|52001|T52|MT02|EL ENCANO|CASA43SANTATERESITA|-77.117086|1.066756||52UZPE01152001T52MT02EBS001H0322|52UZPE01152001T52MT02EBS001H0322F0322|1|1|1|4|52UZPE01152001T52MT02EBS001|900091143|CC|36758143|AUXILIARDEENFERMERIA|52UZPE01152001T52MT02EBS001H0322F0322CF322|2024-10-09|1||5||5||2||2|2|8|4|4|1|4||2|9,10|2||3||2||6||3||1|4|1|2|1|1|2|2|2|2|2|2|2||2|2|1|2||9||1|2|2|1|1|1|2|2|1|52UZPE01152001T52MT02EBS001H032252UZPE01152001T52MT02EBS001H0322F0322
2|284|1|52|UZPE011|52001|T52|MT02|EL ENCANO|CASA1ASANTATERESITA|-77.121826|1.072915||52UZPE01152001T52MT02EBS001H0323|52UZPE01152001T52MT02EBS001H0323F0323|1|1|1|1|52UZPE01152001T52MT02EBS001|900091143|CC|36758143|AUXILIARDEENFERMERIA|52UZPE01152001T52MT02EBS001H0323F0323CF323|2024-10-09|1||5||4||2||1|2|8|4|4|1|4||2|9,10|2||10||2||5||3||7|1|1|4|1|1|2|2|2|2|2|2|2||2|2|1|2||9||1|2|2|1|1|1|2|2|1|52UZPE01152001T52MT02EBS001H032352UZPE01152001T52MT02EBS001H0323F0323
2|285|1|52|UZPE011|52001|T52|MT02|EL ENCANO|CASA20SANTATERESITA|-77.123138|1.076748||52UZPE01152001T52MT02EBS001H0324|52UZPE01152001T52MT02EBS001H0324F0324|1|1|1|1|52UZPE01152001T52MT02EBS001|900091143|CC|36758143|AUXILIARDEENFERMERIA|52UZPE01152001T52MT02EBS001H0324F0324CF324|2024-10-10|1||5||3||2||1|2|8|4|4|1|4||2|9,10|2||3||2||5||3||7|1|1|4|1|1|2|2|2|2|2|2|2||2|2|1|1||9||1|2|2|1|2|1|2|2|1|52UZPE01152001T52MT02EBS001H032452UZPE01152001T52MT02EBS001H0324F0324
2|286|1|52|UZPE011|52001|T52|MT02|EL ENCANO|CASA18SANTATERESITADIV1|-77.121247|1.78515||52UZPE01152001T52MT02EBS001H0325|52UZPE01152001T52MT02EBS001H0325F0325|1|1|1|3|52UZPE01152001T52MT02EBS001|900091143|CC|36758143|AUXILIARDEENFERMERIA|52UZPE01152001T52MT02EBS001H0325F0325CF325|2024-10-10|1||5||4||2||2|2|11|4|4|1|20||1|13|0||3||2||6||3||1|3|1|1|1|1|2|2|2|2|2|2|2||2|2|1|1||9||1|2|2|1|1|1|2|2|1|52UZPE01152001T52MT02EBS001H032552UZPE01152001T52MT02EBS001H0325F0325
2|287|1|52|UZPE011|52001|T52|MT02|EL ENCANO|CADA1ASANTATERESITA|-77.121856|1.073152||52UZPE01152001T52MT02EBS001H0326|52UZPE01152001T52MT02EBS001H0326F0326|1|1|1|1|52UZPE01152001T52MT02EBS001|900091143|CC|1089243630|AUXILIARDEENFERMERIA|52UZPE01152001T52MT02EBS001H0326F0326CF326|2024-10-09|1||5||4||4||1|2|11|1|4|2|20||2|9,10|2||3||2||6||3||7|1|1|3|1|1|3|2|2|2|2|2|2||2|2|1|1||9||1|2|2|1|1|1|2|2|1|52UZPE01152001T52MT02EBS001H032652UZPE01152001T52MT02EBS001H0326F0326
2|288|1|52|UZPE011|52001|T52|MT02|EL ENCANO|CASA18ASANTATERESITA|-77.121347|1.078516||52UZPE01152001T52MT02EBS001H0327|52UZPE01152001T52MT02EBS001H0327F0327|1|1|1|1|52UZPE01152001T52MT02EBS001|900091143|CC|36758143|AUXILIARDEENFERMERIA|52UZPE01152001T52MT02EBS001H0327F0327CF327|2024-10-10|4||5||4||2||1|2|11|4|4|1|20||2|13|0||3||2||6||3||7|1|1|4|1|1|1|2|2|2|2|2|2||2|2|1|1||9||1|2|2|1|1|1|2|2|1|52UZPE01152001T52MT02EBS001H032752UZPE01152001T52MT02EBS001H0327F0327
2|289|1|52|UZPE011|52001|T52|MT02|EL ENCANO|CASA33DIV1SANTATERESITA|-77.119607|1.80853||52UZPE01152001T52MT02EBS001H0328|52UZPE01152001T52MT02EBS001H0328F0328|1|1|1|1|52UZPE01152001T52MT02EBS001|900091143|CC|36758143|AUXILIARDEENFERMERIA|52UZPE01152001T52MT02EBS001H0328F0328CF328|2024-10-10|1||5||4||2||1|2|11|4|4|1|20||2|13|0||3||7||6||3||7|1|1|4|1|1|2|2|2|2|2|2|2||2|2|1|2||9||1|2|2|1|1|1|2|2|1|52UZPE01152001T52MT02EBS001H032852UZPE01152001T52MT02EBS001H0328F0328
2|290|1|52|UZPE011|52001|T52|MT02|EL ENCANO|KILOMETRO165SANTATERESITA|-77.120498|1.083282||52UZPE01152001T52MT02EBS001H0329|52UZPE01152001T52MT02EBS001H0329F0329|1|1|1|1|52UZPE01152001T52MT02EBS001|900091143|CC|36758143|AUXILIARDEENFERMERIA|52UZPE01152001T52MT02EBS001H0329F0329CF329|2024-10-09|5||5||4||4||1|2|8|4|4|1|20||2|12|2||3||2||6||3||7|1|1|4|1|1|2|2|2|2|2|2|2||2|2|1|2||9||1|2|2|1|1|1|2|2|1|52UZPE01152001T52MT02EBS001H032952UZPE01152001T52MT02EBS001H0329F0329
2|291|1|52|UZPE011|52001|T52|MT02|EL ENCANO|CASA93SANTATERESITA|-77.119938|1.110806||52UZPE01152001T52MT02EBS001H0330|52UZPE01152001T52MT02EBS001H0330F0330|1|1|1|2|52UZPE01152001T52MT02EBS001|900091143|CC|36758143|AUXILIARDEENFERMERIA|52UZPE01152001T52MT02EBS001H0330F0330CF330|2024-10-14|1||5||4||2||1|2|11|4|4|1|4||2|9,10|2||3||2||6||3||1|2|1|2|1|1|2|2|2|2|2|2|2||2|2|1|1||9||1|2|2|1|1|1|2|2|1|52UZPE01152001T52MT02EBS001H033052UZPE01152001T52MT02EBS001H0330F0330
2|292|1|52|UZPE011|52001|T52|MT02|EL ENCANO|CASA93BSANTATERESITA|-77.119836|1.100816||52UZPE01152001T52MT02EBS001H0331|52UZPE01152001T52MT02EBS001H0331F0331|1|1|1|2|52UZPE01152001T52MT02EBS001|900091143|CC|36758143|AUXILIARDEENFERMERIA|52UZPE01152001T52MT02EBS001H0331F0331CF331|2024-10-14|4||5||4||2||2|2|11|4|4|1|20||2|13|0||3||2||6||3||2|3|1|2|1|1|1|2|2|2|2|2|2||2|2|1|1||9||1|2|2|1|1|1|2|2|1|52UZPE01152001T52MT02EBS001H033152UZPE01152001T52MT02EBS001H0331F0331
2|293|1|52|UZPE011|52001|T52|MT02|EL ENCANO|CASASINNOMENCLATURAVSANTATERESITA|-77.120118|1.082277||52UZPE01152001T52MT02EBS001H0332|52UZPE01152001T52MT02EBS001H0332F0332|1|1|1|2|52UZPE01152001T52MT02EBS001|900091143|CC|36758143|AUXILIARDEENFERMERIA|52UZPE01152001T52MT02EBS001H0332F0332CF332|2024-10-14|1||1||3||4||1|2|11|4|4|1|4||1|9,10|2||3||2||6||3||1|2|1|2|1|1|1|2|2|2|2|2|2||2|2|1|2||9||1|2|2|1|1|1|2|2|1|52UZPE01152001T52MT02EBS001H033252UZPE01152001T52MT02EBS001H0332F0332
2|294|1|52|UZPE011|52001|T52|MT02|EL ENCANO|SANTATERESITACASASINASIGNACIONDENUMERO|-77.120119|1.083278||52UZPE01152001T52MT02EBS001H0333|52UZPE01152001T52MT02EBS001H0333F0333|1|1|1|1|52UZPE01152001T52MT02EBS001|900091143|CC|36758143|AUXILIARDEENFERMERIA|52UZPE01152001T52MT02EBS001H0333F0333CF333|2024-10-14|4||1||3||4||1|2|11|4|3|1|4||2|13|0||3||2||6||3||7|1|1|4|1|1|1|2|2|2|2|2|2||2|2|1|2||9||1|2|2|1|1|1|2|2|1|52UZPE01152001T52MT02EBS001H033352UZPE01152001T52MT02EBS001H0333F0333
2|295|1|52|UZPE011|52001|T52|MT02|EL ENCANO|CASA16ASANTATERESITA|-77.123153|1.077366||52UZPE01152001T52MT02EBS001H0334|52UZPE01152001T52MT02EBS001H0334F0334|2|1|1|1|52UZPE01152001T52MT02EBS001|900091143|CC|1086362994|AUXILIARDEENFERMERIA|52UZPE01152001T52MT02EBS001H0334F0334CF334|2024-10-10|1||5||4||4||1|2|11|4|4|1|20||1|13|2||3||2||6||5||7|1|1|2|1|1|2|2|2|2|2|2|2||2|2|2|1||9||2|2|2|1|1|1|2|2|1|52UZPE01152001T52MT02EBS001H033452UZPE01152001T52MT02EBS001H0334F0334
2|296|1|52|UZPE011|52001|T52|MT02|EL ENCANO|CASA70SANTATERESITA|-77.118059|1.071294||52UZPE01152001T52MT02EBS001H0335|52UZPE01152001T52MT02EBS001H0335F0335|1|3|3|7|52UZPE01152001T52MT02EBS001|900091143|CC|1004232508|AUXILIARDEENFERMERIA|52UZPE01152001T52MT02EBS001H0335F0335CF335|2024-10-09|1||1||3||4||0|2|5|1|4|1|19||2|13|2||3||2||5||3||7|1|1|2|1|1|2|2|2|2|2|2|2||2|2|1|1||9||1|2|2|1|2|1|2|2|1|52UZPE01152001T52MT02EBS001H033552UZPE01152001T52MT02EBS001H0335F0335
2|297|1|52|UZPE011|52001|T52|MT02|EL ENCANO|CASA70SANTATERESITA|-77.118059|1.071294||52UZPE01152001T52MT02EBS001H0336|52UZPE01152001T52MT02EBS001H0336F0336|1|3|3|7|52UZPE01152001T52MT02EBS001|900091143|CC|1004232508|AUXILIARDEENFERMERIA|52UZPE01152001T52MT02EBS001H0336F0336CF336|2024-10-09|1||1||3||4||0|2|5|1|4|1|19||2|13|2||3||2||5||3||7|1|1|2|1|1|2|2|2|2|2|2|2||2|2|1|1||9||1|2|2|1|2|1|2|2|1|52UZPE01152001T52MT02EBS001H033652UZPE01152001T52MT02EBS001H0336F0336
2|298|1|52|UZPE011|52001|T52|MT02|EL ENCANO|CASA70SANTATERESITA|-77.118059|1.071294||52UZPE01152001T52MT02EBS001H0337|52UZPE01152001T52MT02EBS001H0337F0337|1|3|3|7|52UZPE01152001T52MT02EBS001|900091143|CC|1004232508|AUXILIARDEENFERMERIA|52UZPE01152001T52MT02EBS001H0337F0337CF337|2024-10-09|1||1||3||4||0|2|5|1|4|1|19||2|13|2||3||2||5||3||1|5|1|2|1|1|2|2|2|2|2|2|2||2|2|1|1||9||1|2|2|1|1|1|2|2|1|52UZPE01152001T52MT02EBS001H033752UZPE01152001T52MT02EBS001H0337F0337
2|299|1|52|UZPE011|52001|T52|MT02|EL ENCANO|SANTATEREISITACASASINNUMERACION|-77.119816|1.081985||52UZPE01152001T52MT02EBS001H0338|52UZPE01152001T52MT02EBS001H0338F0338|1|1|1|1|52UZPE01152001T52MT02EBS001|900091143|CC|36758143|AUXILIARDEENFERMERIA|52UZPE01152001T52MT02EBS001H0338F0338CF338|2024-10-15|1||5||4||4||1|2|11|4|3|1|4||2|13|0||3||2||6||3||7|1|1|3|1|1|1|2|2|2|2|2|2||2|2|1|2||9||1|2|2|1|2|1|2|2|1|52UZPE01152001T52MT02EBS001H033852UZPE01152001T52MT02EBS001H0338F0338
2|300|1|52|UZPE011|52001|T52|MT02|EL ENCANO|CASA111SANTATERESITA|-77.119126|1.082412||52UZPE01152001T52MT02EBS001H0340|52UZPE01152001T52MT02EBS001H0340F0340|1|1|1|2|52UZPE01152001T52MT02EBS001|900091143|CC|36758143|AUXILIARDEENFERMERIA|52UZPE01152001T52MT02EBS001H0340F0340CF340|2024-10-15|1||5||4||4||1|2|10|4|3|1|4||2|9,10|2||10||2||6||3||1|2|1|1|1|1|2|2|2|2|2|2|2||2|2|1|2||9||1|2|2|1|1|1|2|2|1|52UZPE01152001T52MT02EBS001H034052UZPE01152001T52MT02EBS001H0340F0340
2|301|1|52|UZPE011|52001|T52|MT02|EL ENCANO|CASA69SANTATERESITA|-77.111534|1.073551||52UZPE01152001T52MT02EBS001H0341|52UZPE01152001T52MT02EBS001H0341F0341|1|1|1|2|52UZPE01152001T52MT02EBS001|900091143|CC|1004232508|AUXILIARDEENFERMERIA|52UZPE01152001T52MT02EBS001H0341F0341CF341|2024-10-10|1||5||3||4||1|2|5|1|4|1|8||2|9,10|2||10||2||5||3||1|2|1|2|1|1|2|2|2|2|2|2|2||2|2|1|1||9||1|2|2|1|2|1|2|2|1|52UZPE01152001T52MT02EBS001H034152UZPE01152001T52MT02EBS001H0341F0341
2|302|1|52|UZPE011|52001|T52|MT02|EL ENCANO|CASANUEMERO51|-77.11992|1.85618||52UZPE01152001T52MT02EBS001H0343|52UZPE01152001T52MT02EBS001H0343F0343|1|1|1|1|52UZPE01152001T52MT02EBS001|900091143|CC|1081053820|AUXILIARDEENFERMERIA|52UZPE01152001T52MT02EBS001H0343F0343CF343|2024-10-07|1||2||3||4||1|2|8|1|4|1|5||2|13|0||3||2||6||3||7|1|1|1|1|1|3|2|2|2|2|2|2||2|2|1|2||9||1|2|2|1|2|1|2|2|1|52UZPE01152001T52MT02EBS001H034352UZPE01152001T52MT02EBS001H0343F0343
2|303|1|52|UZPE011|52001|T52|MT02|EL ENCANO|CASANUNERO50|-77.115579|1.072443||52UZPE01152001T52MT02EBS001H0344|52UZPE01152001T52MT02EBS001H0344F0344|1|3|3|4|52UZPE01152001T52MT02EBS001|900091143|CC|1081053820|AUXILIARDEENFERMERIA|52UZPE01152001T52MT02EBS001H0344F0344CF344|2024-10-09|1||2||3||4||3|2|8|1|4|1|19||2|13|2||3||2||6||3||1|2|1|2|1|1|3|2|2|2|2|2|2||2|2|1|2||9||1|2|2|1|1|1|2|2|1|52UZPE01152001T52MT02EBS001H034452UZPE01152001T52MT02EBS001H0344F0344
2|304|1|52|UZPE011|52001|T52|MT02|EL ENCANO|CASA23ISLALARGA|-77.133145|1.074228||52UZPE01152001T52MT02EBS001H0345|52UZPE01152001T52MT02EBS001H0345F0345|1|1|1|1|52UZPE01152001T52MT02EBS001|900091143|CC|1004232508|AUXILIARDEENFERMERIA|52UZPE01152001T52MT02EBS001H0345F0345CF345|2024-10-16|1||1||3||2||1|2|5|1|4|1|19||2|13|0||3||2||5||3||7|1|1|3|1|1|3|2|2|2|2|2|2||2|2|1|1||9||1|2|2|1|2|1|2|2|1|52UZPE01152001T52MT02EBS001H034552UZPE01152001T52MT02EBS001H0345F0345
2|305|1|52|UZPE011|52001|T52|MT02|EL ENCANO|CASA95ISLALARGA|-77.134036|1.074271||52UZPE01152001T52MT02EBS001H0346|52UZPE01152001T52MT02EBS001H0346F0346|1|1|1|3|52UZPE01152001T52MT02EBS001|900091143|CC|1004232508|AUXILIARDEENFERMERIA|52UZPE01152001T52MT02EBS001H0346F0346CF346|2024-10-16|1||1||3||4||2|2|5|1|2|1|8||2|9,10|2||3||2||5||3||1|3|1|2|1|1|3|2|2|2|2|2|2||2|2|1|1||9||1|2|2|1|2|1|2|2|1|52UZPE01152001T52MT02EBS001H034652UZPE01152001T52MT02EBS001H0346F0346
2|306|1|52|UZPE011|52001|T52|MT02|EL ENCANO|SECTORISLALARGACASA26|-77.13901|1.174608||52UZPE01152001T52MT02EBS001H0347|52UZPE01152001T52MT02EBS001H0347F0347|1|1|1|2|52UZPE01152001T52MT02EBS001|900091143|CC|36758143|AUXILIARDEENFERMERIA|52UZPE01152001T52MT02EBS001H0347F0347CF347|2024-10-16|1||1||3||4||1|2|11|4|4|1|4||2|9,10|2||10||2||5||3||1|2|1|2|1|1|2|2|2|2|2|2|2||2|2|1|2||9||1|2|2|1|1|1|2|2|1|52UZPE01152001T52MT02EBS001H034752UZPE01152001T52MT02EBS001H0347F0347
2|307|1|52|UZPE011|52001|T52|MT02|EL ENCANO|ISLALARGASANTATERESITA|-77.134674|1.074785||52UZPE01152001T52MT02EBS001H0348|52UZPE01152001T52MT02EBS001H0348F0348|1|1|1|1|52UZPE01152001T52MT02EBS001|900091143|CC|36758143|AUXILIARDEENFERMERIA|52UZPE01152001T52MT02EBS001H0348F0348CF348|2024-10-16|1||1||3||4||1|2|11|4|4|1|20||1|13|0||10||2||6||3||7|1|1|4|1|1|2|2|2|2|2|2|2||2|2|2|1||9||2|2|2|1|1|1|2|2|1|52UZPE01152001T52MT02EBS001H034852UZPE01152001T52MT02EBS001H0348F0348
2|308|1|52|UZPE011|52001|T52|MT02|EL ENCANO|CABANASISLALARGASANTATERESITA|-77.137478|1.74959||52UZPE01152001T52MT02EBS001H0349|52UZPE01152001T52MT02EBS001H0349F0349|1|1|1|1|52UZPE01152001T52MT02EBS001|900091143|CC|36758143|AUXILIARDEENFERMERIA|52UZPE01152001T52MT02EBS001H0349F0349CF349|2024-10-16|1||5||4||4||1|2|8|4|2|1|20||1|13|0||10||2||5||3||7|1|1|4|1|1|2|2|2|2|2|2|2||2|2|2|2||9||2|2|2|1|1|1|2|2|1|52UZPE01152001T52MT02EBS001H034952UZPE01152001T52MT02EBS001H0349F0349
2|309|1|52|UZPE011|52001|T52|MT02|EL ENCANO|VERDASANTATERESITA|-77.119716|1.081379||52UZPE01152001T52MT02EBS001H0350|52UZPE01152001T52MT02EBS001H0350F0350|1|1|1|4|52UZPE01152001T52MT02EBS001|900091143|CC|36753698|OTRO|52UZPE01152001T52MT02EBS001H0350F0350CF350|2024-10-15|1||1||3||4||3|2|8|1|3|1|20||2|9,10|2||10||2||6||3||1|4|1|2|1|1|1|2|2|2|2|2|2||2|2|2|1||9||2|2|2|1|1|1|2|2|1|52UZPE01152001T52MT02EBS001H035052UZPE01152001T52MT02EBS001H0350F0350
2|310|1|52|UZPE011|52001|T52|MT02|EL ENCANO|CASA91VEREDASANTATERESITA|-77.21284|1.080877||52UZPE01152001T52MT02EBS001H0352|52UZPE01152001T52MT02EBS001H0352F0352|1|2|2|3|52UZPE01152001T52MT02EBS001|900091143|CC|36753698|OTRO|52UZPE01152001T52MT02EBS001H0352F0352CF352|2024-10-14|1||5||4||4||3|2|8|1|2|1|7||2|9,10|2||3||2||5||3||7|1|1|4|1|1|2|2|2|2|2|2|2||2|2|1|2||9||1|2|2|1|2|1|2|2|1|52UZPE01152001T52MT02EBS001H035252UZPE01152001T52MT02EBS001H0352F0352
2|311|1|52|UZPE011|52001|T52|MT02|EL ENCANO|CASA91VEREDASANTATERESITA|-77.21284|1.080877||52UZPE01152001T52MT02EBS001H0353|52UZPE01152001T52MT02EBS001H0353F0353|1|2|2|3|52UZPE01152001T52MT02EBS001|900091143|CC|36753698|OTRO|52UZPE01152001T52MT02EBS001H0353F0353CF353|2024-10-14|1||5||4||4||3|2|8|1|2|1|7||2|9,10|2||3||2||5||3||2|2|1|1|1|1|2|2|2|2|2|2|2||2|2|2|1||9||2|2|2|1|2|1|2|2|1|52UZPE01152001T52MT02EBS001H035352UZPE01152001T52MT02EBS001H0353F0353
2|312|1|52|UZPE011|52001|T52|MT02|EL ENCANO|VRDASANTATERESITADIV7ELENCANO|-77.11545|1.05866||52UZPE01152001T52MT02EBS001H0355|52UZPE01152001T52MT02EBS001H0355F0355|1|3|3|7|52UZPE01152001T52MT02EBS001|900091143|CC|1193265360|TECNOLOGAENPROMOCIONDELASALUD|52UZPE01152001T52MT02EBS001H0355F0355CF355|2024-10-23|1||7||4||4||3|2|8|1|2|1|5||2|13|2||3||2||6||3||1|4|1|1|1|1|3|2|2|2|2|2|2||2|2|1|2||9||1|2|2|1|1|1|2|2|1|52UZPE01152001T52MT02EBS001H035552UZPE01152001T52MT02EBS001H0355F0355
2|313|1|52|UZPE011|52001|T52|MT02|EL ENCANO|CASA1SANTATERESITA|-77.12279|1.095684||52UZPE01152001T52MT02EBS001H0356|52UZPE01152001T52MT02EBS001H0356F0356|1|1|1|3|52UZPE01152001T52MT02EBS001|900091143|CC|1086362994|AUXILIARDEENFERMERIA|52UZPE01152001T52MT02EBS001H0356F0356CF356|2024-10-27|1||1||3||4||2|2|11|4|4|2|20||2|13|0||10||2||6||5||1|3|1|1|1|1|3|2|2|2|2|2|2||2|2|2|1||9||2|2|2|1|1|1|2|2|1|52UZPE01152001T52MT02EBS001H035652UZPE01152001T52MT02EBS001H0356F0356
2|314|1|52|UZPE011|52001|T52|MT02|EL ENCANO|CASA2VEREDASANTATERESITA|-77.122242|1.094446||52UZPE01152001T52MT02EBS001H0357|52UZPE01152001T52MT02EBS001H0357F0357|1|2|2|4|52UZPE01152001T52MT02EBS001|900091143|CC|36753698|OTRO|52UZPE01152001T52MT02EBS001H0357F0357CF357|2024-10-27|1||5||3||4||3|2|8|1|4|1|20||2|9,10|2||3||2||6||3||2|1|1|1|1|1|3|2|2|2|2|2|2||2|2|1|1||9||1|2|2|1|2|1|2|2|1|52UZPE01152001T52MT02EBS001H035752UZPE01152001T52MT02EBS001H0357F0357
2|315|1|52|UZPE011|52001|T52|MT02|EL ENCANO|CASA2SANTATERESITA|-77.144582|1.136662||52UZPE01152001T52MT02EBS001H0358|52UZPE01152001T52MT02EBS001H0358F0358|1|1|1|2|52UZPE01152001T52MT02EBS001|900091143|CC|36753698|OTRO|52UZPE01152001T52MT02EBS001H0358F0358CF358|2024-10-27|1||5||4||4||3|2|8|1|4|1|20||2|13|0||3||2||6||5||2|2|1|1|1|1|3|2|2|2|2|2|2||2|2|2|1||9||2|2|2|1|1|1|2|2|1|52UZPE01152001T52MT02EBS001H035852UZPE01152001T52MT02EBS001H0358F0358
2|316|1|52|UZPE011|52001|T52|MT02|EL ENCANO|CASA4MOJONDINOY|-77.115113|1.09565||52UZPE01152001T52MT02EBS001H0359|52UZPE01152001T52MT02EBS001H0359F0359|1|1|1|1|52UZPE01152001T52MT02EBS001|900091143|CC|1086362994|AUXILIARDEENFERMERIA|52UZPE01152001T52MT02EBS001H0359F0359CF359|2024-10-27|1||1||3||4||1|2|11|4|4|1|20||2|13|0||3||2||6||5||7|1|1|2|1|1|3|2|2|2|2|2|2||2|2|1|1||9||1|2|2|1|2|1|2|2|1|52UZPE01152001T52MT02EBS001H035952UZPE01152001T52MT02EBS001H0359F0359
2|317|1|52|UZPE011|52001|T52|MT02|EL ENCANO|SANTATERESITACASASINNUMERACION|-77.114134|1.051113||52UZPE01152001T52MT02EBS001H0360|52UZPE01152001T52MT02EBS001H0360F0360|1|1|1|1|52UZPE01152001T52MT02EBS001|900091143|CC|36758143|AUXILIARDEENFERMERIA|52UZPE01152001T52MT02EBS001H0360F0360CF360|2024-10-27|1||5||4||4||1|2|8|4|4|1|8||2|13|0||3||2||6||3||7|1|1|4|1|1|3|2|2|2|2|2|2||2|2|1|2||9||1|2|2|1|1|1|2|2|1|52UZPE01152001T52MT02EBS001H036052UZPE01152001T52MT02EBS001H0360F0360
2|318|1|52|UZPE011|52001|T52|MT02|EL ENCANO|CASA104MOJONDINOY|-77.121057|1.095359||52UZPE01152001T52MT02EBS001H0361|52UZPE01152001T52MT02EBS001H0361F0361|1|1|1|1|52UZPE01152001T52MT02EBS001|900091143|CC|36758143|AUXILIARDEENFERMERIA|52UZPE01152001T52MT02EBS001H0361F0361CF361|2024-10-27|1||2||3||4||1|2|11|4|4|1|20||2|13|0||3||2||6||3||7|1|1|4|1|1|2|2|2|2|2|2|2||2|2|1|2||9||1|2|2|1|1|1|2|2|1|52UZPE01152001T52MT02EBS001H036152UZPE01152001T52MT02EBS001H0361F0361
2|319|1|52|UZPE011|52001|T52|MT02|EL ENCANO|CASA41MOJONDINOY|-77.120559|1.096937||52UZPE01152001T52MT02EBS001H0362|52UZPE01152001T52MT02EBS001H0362F0362|1|1|1|1|52UZPE01152001T52MT02EBS001|900091143|CC|36758143|AUXILIARDEENFERMERIA|52UZPE01152001T52MT02EBS001H0362F0362CF362|2024-10-23|1||5||3||4||1|2|11|4|4|1|20||2|13|0||3||2||6||3||7|1|1|4|1|1|2|2|2|2|2|2|2||2|2|1|2||9||1|2|2|1|1|1|2|2|1|52UZPE01152001T52MT02EBS001H036252UZPE01152001T52MT02EBS001H0362F0362
2|320|1|52|UZPE011|52001|T52|MT02|EL ENCANO|CASA59MOJNDINOY|-77.11512|1.096521||52UZPE01152001T52MT02EBS001H0363|52UZPE01152001T52MT02EBS001H0363F0363|1|1|1|2|52UZPE01152001T52MT02EBS001|900091143|CC|1085338534|ODONTOLOGA|52UZPE01152001T52MT02EBS001H0363F0363CF363|2024-10-28|1||1||3||4||1|2|11|4|4|1|20||1|9,10|2||3||2||6||3||1|2|1|3|1|1|3|2|2|2|2|2|2||2|2|1|2||9||1|2|2|1|1|1|2|2|1|52UZPE01152001T52MT02EBS001H036352UZPE01152001T52MT02EBS001H0363F0363
2|321|1|52|UZPE011|52001|T52|MT02|EL ENCANO|CASA4B|-77.115233|1.09555||52UZPE01152001T52MT02EBS001H0364|52UZPE01152001T52MT02EBS001H0364F0364|1|1|1|4|52UZPE01152001T52MT02EBS001|900091143|CC|1004232508|AUXILIARDEENFERMERIA|52UZPE01152001T52MT02EBS001H0364F0364CF364|2024-10-27|1||1||3||4||3|2|5|1|4|1|19||1|9,10|2||3||2||5||3||1|4|1|2|1|1|2|2|2|2|2|2|2||2|2|1|1||9||1|2|2|1|2|1|2|2|1|52UZPE01152001T52MT02EBS001H036452UZPE01152001T52MT02EBS001H0364F0364
2|322|1|52|UZPE011|52001|T52|MT02|EL ENCANO|CASA3AMOJONDINOY|-77.116387|1.095445||52UZPE01152001T52MT02EBS001H0365|52UZPE01152001T52MT02EBS001H0365F0365|1|1|1|2|52UZPE01152001T52MT02EBS001|900091143|CC|1085338534|ODONTOLOGA|52UZPE01152001T52MT02EBS001H0365F0365CF365|2024-10-28|1||1||3||2||1|2|8|4|4|1|19||2|13|0||3||2||6||3||1|2|1|2|1|1|3|2|2|2|2|2|2||2|2|1|2||9||1|2|2|1|2|1|2|2|1|52UZPE01152001T52MT02EBS001H036552UZPE01152001T52MT02EBS001H0365F0365
2|323|1|52|UZPE011|52001|T52|MT02|EL ENCANO|CASA41A|-77.1181|1.096272||52UZPE01152001T52MT02EBS001H0366|52UZPE01152001T52MT02EBS001H0366F0366|1|1|1|2|52UZPE01152001T52MT02EBS001|900091143|CC|1004232508|AUXILIARDEENFERMERIA|52UZPE01152001T52MT02EBS001H0366F0366CF366|2024-10-28|1||1||3||4||1|2|4|1|2|1|5||2|9,10|2||3||2||5||3||1|2|1|2|1|1|2|2|2|2|2|2|2||2|2|1|1||9||1|2|2|1|2|1|2|2|1|52UZPE01152001T52MT02EBS001H036652UZPE01152001T52MT02EBS001H0366F0366
2|324|1|52|UZPE011|52001|T52|MT02|EL ENCANO|VEREDASANTATERESITASECTORELLAUREL|-77.120246|1.082442||52UZPE01152001T52MT02EBS001H0369|52UZPE01152001T52MT02EBS001H0369F0369|1|1|1|3|52UZPE01152001T52MT02EBS001|900091143|CC|36753698|OTRO|52UZPE01152001T52MT02EBS001H0369F0369CF369|2024-10-17|1||5||4||4||2|2|8|1|4|1|20||2|9,10|2||3||2||6||3||1|3|1|1|1|1|1|2|2|2|2|2|2||2|2|2|1||9||2|2|2|1|1|1|2|2|1|52UZPE01152001T52MT02EBS001H036952UZPE01152001T52MT02EBS001H0369F0369
2|325|1|52|UZPE011|52001|T52|MT02|EL ENCANO|CASA5MOJONDINOY|-77.121105|1.095465||52UZPE01152001T52MT02EBS001H0371|52UZPE01152001T52MT02EBS001H0371F0371|1|1|1|1|52UZPE01152001T52MT02EBS001|900091143|CC|36758143|AUXILIARDEENFERMERIA|52UZPE01152001T52MT02EBS001H0371F0371CF371|2024-10-30|1||1||3||2||2|2|8|4|4|1|4||2|9,10|2||10||2||6||3||1|3|1|1|1|1|2|2|2|2|2|2|2||2|2|1|2||9||1|2|2|1|1|1|2|2|1|52UZPE01152001T52MT02EBS001H037152UZPE01152001T52MT02EBS001H0371F0371
2|326|1|52|UZPE011|52001|T52|MT02|EL ENCANO|CASA45MOJONDINOY|-77.113778|1.098883||52UZPE01152001T52MT02EBS001H0372|52UZPE01152001T52MT02EBS001H0372F0372|1|1|1|3|52UZPE01152001T52MT02EBS001|900091143|CC|36758143|AUXILIARDEENFERMERIA|52UZPE01152001T52MT02EBS001H0372F0372CF372|2024-10-30|1||1||5||2||2|2|8|4|4|1|4||2|9,10|2||10||2||6||5||1|3|1|2|1|1|3|2|2|2|2|2|2||2|2|1|1||9||1|2|2|1|1|1|2|2|1|52UZPE01152001T52MT02EBS001H037252UZPE01152001T52MT02EBS001H0372F0372
2|327|1|52|UZPE011|52001|T52|MT02|EL ENCANO|CASASINNUMERACIONVEREDAMOJONDINOY|-77.115777|1.09888||52UZPE01152001T52MT02EBS001H0374|52UZPE01152001T52MT02EBS001H0374F0374|1|1|1|1|52UZPE01152001T52MT02EBS001|900091143|CC|36758143|AUXILIARDEENFERMERIA|52UZPE01152001T52MT02EBS001H0374F0374CF374|2024-10-30|3||1||5||2||1|2|8|1|4|1|19||2|13|0||10||2||6||5||7|1|1|4|1|1|3|2|2|2|2|2|2||2|2|1|2||9||1|2|2|1|1|1|2|2|1|52UZPE01152001T52MT02EBS001H037452UZPE01152001T52MT02EBS001H0374F0374
2|328|1|52|UZPE011|52001|T52|MT02|EL ENCANO|CASA6MOJONDINOY|-77.113685|1.102794||52UZPE01152001T52MT02EBS001H0376|52UZPE01152001T52MT02EBS001H0376F0376|1|1|1|2|52UZPE01152001T52MT02EBS001|900091143|CC|36753698|OTRO|52UZPE01152001T52MT02EBS001H0376F0376CF376|2024-11-04|1||1||3||4||1|2|8|1|4|1|3||2|9,10|2||3||2||6||3||2|2|3|1|1|1|1|2|2|2|2|2|2||2|2|2|2||9||2|2|2|1|2|1|2|2|1|52UZPE01152001T52MT02EBS001H037652UZPE01152001T52MT02EBS001H0376F0376
2|329|1|52|UZPE011|52001|T52|MT02|EL ENCANO|MOJONDINOYCASA12DIV1ELENCANO|-77.116318|1.100575||52UZPE01152001T52MT02EBS001H0377|52UZPE01152001T52MT02EBS001H0377F0377|2|1|1|2|52UZPE01152001T52MT02EBS001|900091143|CC|1193265360|TECNOLOGAENPROMOCIONDELASALUD|52UZPE01152001T52MT02EBS001H0377F0377CF377|2024-11-03|1||2||3||2||1|2|8|4|4|1|5||2|13|2||3||2||6||3||1|2|1|4|1|1|3|2|2|2|2|2|2||2|2|1|1||9||1|2|2|1|2|1|2|2|1|52UZPE01152001T52MT02EBS001H037752UZPE01152001T52MT02EBS001H0377F0377
2|330|1|52|UZPE011|52001|T52|MT02|EL ENCANO|CASA29|-77.251813|1.103992||52UZPE01152001T52MT02EBS001H0378|52UZPE01152001T52MT02EBS001H0378F0378|1|1|1|2|52UZPE01152001T52MT02EBS001|900091143|CC|1004232508|AUXILIARDEENFERMERIA|52UZPE01152001T52MT02EBS001H0378F0378CF378|2024-11-04|1||1||3||2||1|2|5|1|4|1|5||2|9,10|2||3||2||5||3||1|2|1|3|1|1|2|2|2|2|2|2|2||2|2|1|1||9||1|2|2|1|2|1|2|2|1|52UZPE01152001T52MT02EBS001H037852UZPE01152001T52MT02EBS001H0378F0378
2|331|1|52|UZPE011|52001|T52|MT02|EL ENCANO|CASA8MOJONDINOY|-77.114183|1.097777||52UZPE01152001T52MT02EBS001H0379|52UZPE01152001T52MT02EBS001H0379F0379|2|1|1|3|52UZPE01152001T52MT02EBS001|900091143|CC|1086362994|AUXILIARDEENFERMERIA|52UZPE01152001T52MT02EBS001H0379F0379CF379|2024-11-04|1||5||5||4||1|1|11|4|4|1|8||2|9,10|2||10||2||6||5||1|3|1|4|1|3|3|2|2|2|2|2|2||2|2|1|1||9||1|2|2|1|2|1|2|2|1|52UZPE01152001T52MT02EBS001H037952UZPE01152001T52MT02EBS001H0379F0379
2|332|1|52|UZPE011|52001|T52|MT02|EL ENCANO|CASA44VEREDAMOJONDINOY|-77.112954|1.103618||52UZPE01152001T52MT02EBS001H0380|52UZPE01152001T52MT02EBS001H0380F0380|1|1|1|3|52UZPE01152001T52MT02EBS001|900091143|CC|36753698|OTRO|52UZPE01152001T52MT02EBS001H0380F0380CF380|2024-11-04|1||1||3||4||2|2|8|1|2|2|20||1|9,10|2||3||2||6||3||1|3|3|1|1|1|1|2|2|2|2|2|2||2|2|2|2||9||2|2|2|1|2|1|2|2|1|52UZPE01152001T52MT02EBS001H038052UZPE01152001T52MT02EBS001H0380F0380
2|333|1|52|UZPE011|52001|T52|MT02|EL ENCANO|CASA12BMOJONDINOI|-77.113274|1.103589||52UZPE01152001T52MT02EBS001H0383|52UZPE01152001T52MT02EBS001H0383F0383|1|2|2|4|52UZPE01152001T52MT02EBS001|900091143|CC|1081272318|AUXILIARESDEENFERMERIA|52UZPE01152001T52MT02EBS001H0383F0383CF383|2024-11-05|1||1||3||4||2|1|11|1|2|2|20||2|13|0||3||2||6||3||4|4|1|1|1|1|1|2|2|2|2|2|2||2|2|2|1||9||2|2|2|1|2|1|2|2|1|52UZPE01152001T52MT02EBS001H038352UZPE01152001T52MT02EBS001H0383F0383
2|334|1|52|UZPE011|52001|T52|MT02|EL ENCANO|CASA17VEREDAMOJONDINOY|-77.112003|1.103497||52UZPE01152001T52MT02EBS001H0384|52UZPE01152001T52MT02EBS001H0384F0384|1|1|1|3|52UZPE01152001T52MT02EBS001|900091143|CC|1193265360|TECNOLOGAENPROMOCIONDELASALUD|52UZPE01152001T52MT02EBS001H0384F0384CF384|2024-11-05|1||1||3||2||2|2|11|4|2|1|8||2|13|2||3||2||1||3||1|3|1|1|1|1|1|2|2|2|2|2|2||2|2|1|2||9||1|2|2|1|1|1|2|2|1|52UZPE01152001T52MT02EBS001H038452UZPE01152001T52MT02EBS001H0384F0384
2|335|1|52|UZPE011|52001|T52|MT02|EL ENCANO|CASA71VERDEMOJONDINOY|-77.11202|1.103232||52UZPE01152001T52MT02EBS001H0385|52UZPE01152001T52MT02EBS001H0385F0385|1|4|4|7|52UZPE01152001T52MT02EBS001|900091143|CC|1193265360|TECNOLOGAENPROMOCIONDELASALUD|52UZPE01152001T52MT02EBS001H0385F0385CF385|2024-11-05|1||1||3||4||4|2|8|4|2|1|8||2|9,10|2||3||2||5||3||2|1|1|3|1|1|2|2|2|2|2|2|2||2|2|1|1||9||1|2|2|1|2|1|2|2|1|52UZPE01152001T52MT02EBS001H038552UZPE01152001T52MT02EBS001H0385F0385
2|336|1|52|UZPE011|52001|T52|MT02|EL ENCANO|CASA71VERDEMOJONDINOY|-77.11202|1.103232||52UZPE01152001T52MT02EBS001H0386|52UZPE01152001T52MT02EBS001H0386F0386|1|4|4|7|52UZPE01152001T52MT02EBS001|900091143|CC|1193265360|TECNOLOGAENPROMOCIONDELASALUD|52UZPE01152001T52MT02EBS001H0386F0386CF386|2024-11-05|1||1||3||4||4|2|8|4|2|1|8||2|9,10|2||3||2||5||3||2|2|1|1|1|1|2|2|2|2|2|2|2||2|2|2|1||9||2|2|2|1|1|1|2|2|1|52UZPE01152001T52MT02EBS001H038652UZPE01152001T52MT02EBS001H0386F0386
2|337|1|52|UZPE011|52001|T52|MT02|EL ENCANO|CASA71VERDEMOJONDINOY|-77.11202|1.103232||52UZPE01152001T52MT02EBS001H0387|52UZPE01152001T52MT02EBS001H0387F0387|1|4|4|7|52UZPE01152001T52MT02EBS001|900091143|CC|1193265360|TECNOLOGAENPROMOCIONDELASALUD|52UZPE01152001T52MT02EBS001H0387F0387CF387|2024-11-05|1||1||3||4||4|2|8|4|2|1|8||2|9,10|2||3||2||5||3||1|4|1|1|1|1|1|2|2|2|2|2|2||2|2|2|2||9||2|2|2|1|2|1|2|2|1|52UZPE01152001T52MT02EBS001H038752UZPE01152001T52MT02EBS001H0387F0387
2|338|1|52|UZPE011|52001|T52|MT02|EL ENCANO|CASAPALMERA1|-77.11422|1.10433||52UZPE01152001T52MT02EBS001H0388|52UZPE01152001T52MT02EBS001H0388F0388|1|1|1|2|52UZPE01152001T52MT02EBS001|900091143|CC|1081272318|AUXILIARESDEENFERMERIA|52UZPE01152001T52MT02EBS001H0388F0388CF388|2024-11-05|1||5||3||4||1|2|11|1|2|2|20||2|9,10|2||3||2||6||3||1|2|1|1|1|1|1|2|2|2|2|2|2||2|2|2|2||9||2|2|2|1|1|1|2|2|1|52UZPE01152001T52MT02EBS001H038852UZPE01152001T52MT02EBS001H0388F0388
2|339|1|52|UZPE011|52001|T52|MT02|EL ENCANO|CASA27MOJONDINOY|-77.114115|1.098217||52UZPE01152001T52MT02EBS001H0389|52UZPE01152001T52MT02EBS001H0389F0389|2|1|1|2|52UZPE01152001T52MT02EBS001|900091143|CC|1086362994|AUXILIARDEENFERMERIA|52UZPE01152001T52MT02EBS001H0389F0389CF389|2024-11-05|1||1||3||4||2|2|11|1|2|1|8||2|9,10|2||10||2||6||5||2|2|1|2|1|3|3|2|2|2|2|2|2||2|2|2|2||9||2|2|2|1|2|1|2|2|1|52UZPE01152001T52MT02EBS001H038952UZPE01152001T52MT02EBS001H0389F0389
2|340|1|52|UZPE011|52001|T52|MT02|EL ENCANO|CASA15MOJONDINOI|-77.11297|1.10263||52UZPE01152001T52MT02EBS001H0390|52UZPE01152001T52MT02EBS001H0390F0390|1|1|1|2|52UZPE01152001T52MT02EBS001|900091143|CC|1081272318|AUXILIARESDEENFERMERIA|52UZPE01152001T52MT02EBS001H0390F0390CF390|2024-11-05|1||1||3||2||1|2|11|1|2|2|20||2|9,10|2||3||2||6||3||1|2|1|1|1|1|1|2|2|2|2|2|2||2|2|2|1||9||2|2|2|1|1|1|2|2|1|52UZPE01152001T52MT02EBS001H039052UZPE01152001T52MT02EBS001H0390F0390
2|341|1|52|UZPE011|52001|T52|MT02|EL ENCANO|CASA27AMOJONDINOY|-77.113932|1.097858||52UZPE01152001T52MT02EBS001H0391|52UZPE01152001T52MT02EBS001H0391F0391|2|1|1|2|52UZPE01152001T52MT02EBS001|900091143|CC|1086362994|AUXILIARDEENFERMERIA|52UZPE01152001T52MT02EBS001H0391F0391CF391|2024-11-05|1||1||5||4||1|2|8|1|4|1|8||2|13|0||10||2||6||3||2|2|1|1|1|1|3|2|2|2|2|2|2||2|2|2|1||9||2|2|2|1|2|1|2|2|1|52UZPE01152001T52MT02EBS001H039152UZPE01152001T52MT02EBS001H0391F0391
2|342|1|52|UZPE011|52001|T52|MT02|EL ENCANO|CASA33BAJOMOJONDINOY|-77.117008|1.100839||52UZPE01152001T52MT02EBS001H0392|52UZPE01152001T52MT02EBS001H0392F0392|1|1|1|1|52UZPE01152001T52MT02EBS001|900091143|CC|1004232508|AUXILIARDEENFERMERIA|52UZPE01152001T52MT02EBS001H0392F0392CF392|2024-11-04|1||1||3||2||1|2|5|1|4|1|19||2|13|0||3||2||5||3||7|1|1|2|1|1|2|2|2|2|2|2|2||2|2|1|1||9||1|2|2|1|2|1|2|2|1|52UZPE01152001T52MT02EBS001H039252UZPE01152001T52MT02EBS001H0392F0392
2|343|1|52|UZPE011|52001|T52|MT02|EL ENCANO|CASA9MOJONDINOY|-77.114425|1.101957||52UZPE01152001T52MT02EBS001H0393|52UZPE01152001T52MT02EBS001H0393F0393|1|1|1|1|52UZPE01152001T52MT02EBS001|900091143|CC|1004232508|AUXILIARDEENFERMERIA|52UZPE01152001T52MT02EBS001H0393F0393CF393|2024-11-03|1||1||3||4||1|2|5|1|2|1|5||2|13|0||3||2||5||3||7|1|1|3|1|1|2|2|2|2|2|2|2||2|2|1|1||9||1|2|2|1|2|1|2|2|1|52UZPE01152001T52MT02EBS001H039352UZPE01152001T52MT02EBS001H0393F0393
2|344|1|52|UZPE011|52001|T52|MT02|EL ENCANO|CASA65MOJONDINOI|-77.107839|1.113013||52UZPE01152001T52MT02EBS001H0394|52UZPE01152001T52MT02EBS001H0394F0394|1|1|1|2|52UZPE01152001T52MT02EBS001|900091143|CC|1081272318|AUXILIARESDEENFERMERIA|52UZPE01152001T52MT02EBS001H0394F0394CF394|2024-11-06|1||1||3||4||1|2|11|1|4|1|8||2|13|2||3||2||6||3||1|2|1|1|1|1|1|2|2|2|2|2|2||2|2|2|1||9||2|2|2|1|1|1|2|2|1|52UZPE01152001T52MT02EBS001H039452UZPE01152001T52MT02EBS001H0394F0394
2|345|1|52|UZPE011|52001|T52|MT02|EL ENCANO|CASA7MOJONDINOY|-77.11719|1.113335||52UZPE01152001T52MT02EBS001H0395|52UZPE01152001T52MT02EBS001H0395F0395|1|1|1|2|52UZPE01152001T52MT02EBS001|900091143|CC|36758143|AUXILIARDEENFERMERIA|52UZPE01152001T52MT02EBS001H0395F0395CF395|2024-11-04|1||1||3||2||1|2|8|4|4|1|4||2|9,10|2||10||2||6||3||2|2|1|3|1|1|3|2|2|2|2|2|2||2|2|1|1||9||1|2|2|1|2|1|2|2|1|52UZPE01152001T52MT02EBS001H039552UZPE01152001T52MT02EBS001H0395F0395
2|346|1|52|UZPE011|52001|T52|MT02|EL ENCANO|CASA7AMOJONDINOY|-77.29719|1.123457||52UZPE01152001T52MT02EBS001H0396|52UZPE01152001T52MT02EBS001H0396F0396|1|1|1|3|52UZPE01152001T52MT02EBS001|900091143|CC|36758143|AUXILIARDEENFERMERIA|52UZPE01152001T52MT02EBS001H0396F0396CF396|2024-11-04|1||1||3||2||1|1|8|4|4|1|4||2|13|0||10||2||6||3||1|3|1|3|1|1|2|2|2|2|2|2|2||2|2|2|1||9||2|2|2|1|1|1|2|2|1|52UZPE01152001T52MT02EBS001H039652UZPE01152001T52MT02EBS001H0396F0396
2|347|1|52|UZPE011|52001|T52|MT02|EL ENCANO|CASA2MOJONDINOY|-77.107193|1.113474||52UZPE01152001T52MT02EBS001H0397|52UZPE01152001T52MT02EBS001H0397F0397|1|1|1|1|52UZPE01152001T52MT02EBS001|900091143|CC|36758143|AUXILIARDEENFERMERIA|52UZPE01152001T52MT02EBS001H0397F0397CF397|2024-11-06|1||1||3||2||1|2|8|4|4|1|4||2|13|0||3||2||6||3||7|1|1|4|1|1|3|2|2|2|2|2|2||2|2|1|1||9||1|2|2|1|2|1|2|2|1|52UZPE01152001T52MT02EBS001H039752UZPE01152001T52MT02EBS001H0397F0397
2|348|1|52|UZPE011|52001|T52|MT02|EL ENCANO|CASA50MOJONDINOY|-77.109056|1.10995||52UZPE01152001T52MT02EBS001H0398|52UZPE01152001T52MT02EBS001H0398F0398|1|2|2|3|52UZPE01152001T52MT02EBS001|900091143|CC|1086362994|AUXILIARDEENFERMERIA|52UZPE01152001T52MT02EBS001H0398F0398CF398|2024-11-06|1||1||3||4||2|2|8|1|2|1|20||2|13|2||3||2||6||5||2|3|1|1|1|1|3|2|2|2|2|2|2||2|2|2|2||9||2|2|2|1|2|1|2|2|1|52UZPE01152001T52MT02EBS001H039852UZPE01152001T52MT02EBS001H0398F0398
2|349|1|52|UZPE011|52001|T52|MT02|EL ENCANO|CASA50MOJONDINOY|-77.109056|1.10995||52UZPE01152001T52MT02EBS001H0399|52UZPE01152001T52MT02EBS001H0399F0399|1|2|2|3|52UZPE01152001T52MT02EBS001|900091143|CC|1086362994|AUXILIARDEENFERMERIA|52UZPE01152001T52MT02EBS001H0399F0399CF399|2024-11-06|1||1||3||4||2|2|8|1|2|1|20||2|13|2||3||2||6||5||7|1|1|1|1|1|3|2|2|2|2|2|2||2|2|2|2||9||2|2|2|1|1|1|2|2|1|52UZPE01152001T52MT02EBS001H039952UZPE01152001T52MT02EBS001H0399F0399
2|350|1|52|UZPE011|52001|T52|MT02|EL ENCANO|CASAN10MOJONDINOI|-77.116012|1.009648||52UZPE01152001T52MT02EBS001H0400|52UZPE01152001T52MT02EBS001H0400F0400|1|1|1|2|52UZPE01152001T52MT02EBS001|900091143|CC|1081272318|AUXILIARESDEENFERMERIA|52UZPE01152001T52MT02EBS001H0400F0400CF400|2024-11-07|1||1||3||2||1|2|11|1|4|1|20||2|9,10|2||3||2||6||3||1|2|1|1|1|1|2|2|2|2|2|2|2||2|2|2|2||9||2|2|2|1|1|1|2|2|1|52UZPE01152001T52MT02EBS001H040052UZPE01152001T52MT02EBS001H0400F0400
2|351|1|52|UZPE011|52001|T52|MT02|EL ENCANO|CASA23VEREDAMOJONDINOY|-77.109529|1.107484||52UZPE01152001T52MT02EBS001H0401|52UZPE01152001T52MT02EBS001H0401F0401|1|2|2|2|52UZPE01152001T52MT02EBS001|900091143|CC|1193265360|TECNOLOGAENPROMOCIONDELASALUD|52UZPE01152001T52MT02EBS001H0401F0401CF401|2024-11-07|1||1||3||4||2|2|11|1|4|1|8||2|13|2||3||2||5||3||7|1|1|2|1|1|3|2|2|2|2|2|2||2|2|2|1||9||2|2|2|1|2|1|2|2|1|52UZPE01152001T52MT02EBS001H040152UZPE01152001T52MT02EBS001H0401F0401
2|352|1|52|UZPE011|52001|T52|MT02|EL ENCANO|CASA20A|-77.110062|1.101973||52UZPE01152001T52MT02EBS001H0402|52UZPE01152001T52MT02EBS001H0402F0402|1|1|1|3|52UZPE01152001T52MT02EBS001|900091143|CC|1004232508|AUXILIARDEENFERMERIA|52UZPE01152001T52MT02EBS001H0402F0402CF402|2024-11-07|1||1||3||4||2|2|5|1|4|1|19||2|9,10|2||10||2||5||3||1|3|1|3|1|3|2|2|2|2|2|2|2||2|2|1|1||9||1|2|2|1|1|1|2|2|1|52UZPE01152001T52MT02EBS001H040252UZPE01152001T52MT02EBS001H0402F0402
2|353|1|52|UZPE011|52001|T52|MT02|EL ENCANO|CASA51MOJONDINOY|-77.11328|1.102533||52UZPE01152001T52MT02EBS001H0403|52UZPE01152001T52MT02EBS001H0403F0403|1|1|1|2|52UZPE01152001T52MT02EBS001|900091143|CC|36753698|OTRO|52UZPE01152001T52MT02EBS001H0403F0403CF403|2024-11-11|1||1||3||4||2|2|11|1|4|1|20||2|9,10|2||3||2||6||3||2|4|1|1|1|1|1|2|2|2|2|2|2||2|2|2|1||9||2|2|2|1|1|1|2|2|1|52UZPE01152001T52MT02EBS001H040352UZPE01152001T52MT02EBS001H0403F0403
2|354|1|52|UZPE011|52001|T52|MT02|EL ENCANO|CASA113VEREDASANTACLARA|-77.15321|1.15735||52UZPE01152001T52MT02EBS001H0404|52UZPE01152001T52MT02EBS001H0404F0404|1|1|1|2|52UZPE01152001T52MT02EBS001|900091143|CC|1193265360|TECNOLOGAENPROMOCIONDELASALUD|52UZPE01152001T52MT02EBS001H0404F0404CF404|2024-11-12|1||1||3||4||2|2|11|1|2|1|4||2|9,10|2||3||2||5||3||2|2|1|1|1|1|2|2|2|2|2|2|2||2|2|2|1||9||2|2|2|1|2|1|2|2|1|52UZPE01152001T52MT02EBS001H040452UZPE01152001T52MT02EBS001H0404F0404
2|355|1|52|UZPE011|52001|T52|MT02|EL ENCANO|CASA122SANTACLARA|-77.131555|1.128726||52UZPE01152001T52MT02EBS001H0407|52UZPE01152001T52MT02EBS001H0407F0407|1|1|1|2|52UZPE01152001T52MT02EBS001|900091143|CC|1004232508|AUXILIARDEENFERMERIA|52UZPE01152001T52MT02EBS001H0407F0407CF407|2024-11-12|1||1||3||1||1|2|5|1|4|1|8||2|9,10|2||3||2||5||3||1|2|1|2|1|1|2|2|2|2|2|2|2||2|2|1|1||9||1|2|2|1|2|1|2|2|1|52UZPE01152001T52MT02EBS001H040752UZPE01152001T52MT02EBS001H0407F0407
2|356|1|52|UZPE011|52001|T52|MT02|EL ENCANO|CASA33VEREDASANTACLARA|-77.131224|1.129047||52UZPE01152001T52MT02EBS001H0408|52UZPE01152001T52MT02EBS001H0408F0408|2|1|1|2|52UZPE01152001T52MT02EBS001|900091143|CC|36753698|OTRO|52UZPE01152001T52MT02EBS001H0408F0408CF408|2024-11-12|1||1||4||8||2|2|8|1|4|1|7||1|9,10|2||3||2||7||3||2|2|1|1|1|1|1|2|2|2|2|2|2||2|2|2|1||9||2|2|2|1|1|1|2|2|1|52UZPE01152001T52MT02EBS001H040852UZPE01152001T52MT02EBS001H0408F0408
2|357|1|52|UZPE011|52001|T52|MT02|EL ENCANO|CASA35VEREDASANTACLARA|-77.17627|1.15684||52UZPE01152001T52MT02EBS001H0409|52UZPE01152001T52MT02EBS001H0409F0409|1|1|1|1|52UZPE01152001T52MT02EBS001|900091143|CC|1193265360|TECNOLOGAENPROMOCIONDELASALUD|52UZPE01152001T52MT02EBS001H0409F0409CF409|2024-11-12|1||1||3||2||1|2|11|1|2|1|8||2|9,10|2||3||2||5||3||7|1|1|1|1|1|3|2|2|2|2|2|2||2|2|1|1||9||1|2|2|1|2|1|2|2|1|52UZPE01152001T52MT02EBS001H040952UZPE01152001T52MT02EBS001H0409F0409
2|358|1|52|UZPE011|52001|T52|MT02|EL ENCANO|CASA4VEREDASANTACLARA|-77.131296|1.128675||52UZPE01152001T52MT02EBS001H0410|52UZPE01152001T52MT02EBS001H0410F0410|1|1|1|2|52UZPE01152001T52MT02EBS001|900091143|CC|36753698|OTRO|52UZPE01152001T52MT02EBS001H0410F0410CF410|2024-11-12|1||1||3||4||2|2|8|1|3|1|20||2|9,10|2||3||2||6||3||2|2|1|1|1|1|1|2|2|2|2|2|2||2|2|2|2||9||2|2|2|1|1|1|2|2|1|52UZPE01152001T52MT02EBS001H041052UZPE01152001T52MT02EBS001H0410F0410
2|359|1|52|UZPE011|52001|T52|MT02|EL ENCANO|VEREDASANTAROSA|-77.119326|1.116989||52UZPE01152001T52MT02EBS001H0411|52UZPE01152001T52MT02EBS001H0411F0411|2|1|1|3|52UZPE01152001T52MT02EBS001|900091143|CC|12748383|ODONTOLOGIA|52UZPE01152001T52MT02EBS001H0411F0411CF411|2024-11-12|1||1||3||4||2|2|11|1|2|1|20||1|13|0||3||2||6||3||1|3|3|1|1|1|1|2|2|2|2|2|2||2|2|2|2||9||2|2|2|1|2|1|2|2|1|52UZPE01152001T52MT02EBS001H041152UZPE01152001T52MT02EBS001H0411F0411
2|360|1|52|UZPE011|52001|T52|MT02|EL ENCANO|VEREDASANTAROSASINNOMENCLATURA|-77.13627|1.12449||52UZPE01152001T52MT02EBS001H0412|52UZPE01152001T52MT02EBS001H0412F0412|1|1|1|1|52UZPE01152001T52MT02EBS001|900091143|CC|1193265360|TECNOLOGAENPROMOCIONDELASALUD|52UZPE01152001T52MT02EBS001H0412F0412CF412|2024-11-12|1||5||4||4||1|2|2|1|2|1|5||2|13|0||3||2||5||6||7|1|1|2|1|1|2|2|2|2|2|2|2||2|2|1|1||9||1|2|2|1|2|1|2|2|1|52UZPE01152001T52MT02EBS001H041252UZPE01152001T52MT02EBS001H0412F0412
2|361|1|52|UZPE011|52001|T52|MT02|EL ENCANO|CASA123VEREDASANTACLARA|-77.131652|1.128724||52UZPE01152001T52MT02EBS001H0413|52UZPE01152001T52MT02EBS001H0413F0413|1|1|1|2|52UZPE01152001T52MT02EBS001|900091143|CC|36753698|OTRO|52UZPE01152001T52MT02EBS001H0413F0413CF413|2024-11-12|1||1||3||4||2|2|8|1|4|1|7||2|13|2||3||2||6||1||2|2|1|1|1|1|3|2|2|2|2|2|2||2|2|2|2||9||2|2|2|1|1|1|2|2|1|52UZPE01152001T52MT02EBS001H041352UZPE01152001T52MT02EBS001H0413F0413
2|362|1|52|UZPE011|52001|T52|MT02|EL ENCANO|CASA33BVEREDASANTACLARA|-77.131763|1.128794||52UZPE01152001T52MT02EBS001H0414|52UZPE01152001T52MT02EBS001H0414F0414|2|1|1|4|52UZPE01152001T52MT02EBS001|900091143|CC|36753698|OTRO|52UZPE01152001T52MT02EBS001H0414F0414CF414|2024-11-12|1||1||3||4||2|2|8|1|2|1|7||2|13|2||3||2||6||3||1|4|1|1|1|1|1|2|2|2|2|2|2||2|2|2|2||9||2|2|2|1|1|1|2|2|1|52UZPE01152001T52MT02EBS001H041452UZPE01152001T52MT02EBS001H0414F0414
2|363|1|52|UZPE011|52001|T52|MT02|EL ENCANO|VDASANTACLARAELENCANO37|-77.13248|1.12882||52UZPE01152001T52MT02EBS001H0415|52UZPE01152001T52MT02EBS001H0415F0415|1|2|2|3|52UZPE01152001T52MT02EBS001|900091143|CC|1193265360|TECNOLOGAENPROMOCIONDELASALUD|52UZPE01152001T52MT02EBS001H0415F0415CF415|2024-11-12|1||2||3||2||2|2|11|1|4|1|5||2|9,10|2||3||2||5||3||7|1|3|2|1|1|1|2|2|2|2|2|2||2|2|1|2||9||1|2|2|1|2|1|2|2|1|52UZPE01152001T52MT02EBS001H041552UZPE01152001T52MT02EBS001H0415F0415
2|364|1|52|UZPE011|52001|T52|MT02|EL ENCANO|CASASINNUMERARMOJONDINOY|-77.167595|1.109981||52UZPE01152001T52MT02EBS001H0416|52UZPE01152001T52MT02EBS001H0416F0416|1|1|1|4|52UZPE01152001T52MT02EBS001|900091143|CC|36758143|AUXILIARDEENFERMERIA|52UZPE01152001T52MT02EBS001H0416F0416CF416|2024-11-05|1||1||3||2||2|2|8|4|4|1|4||2|9,10|2||3||2||6||3||1|4|1|2|1|1|3|2|2|2|2|2|2||2|2|1|2||9||1|2|2|1|2|1|2|2|1|52UZPE01152001T52MT02EBS001H041652UZPE01152001T52MT02EBS001H0416F0416
2|365|1|52|UZPE011|52001|T52|MT02|EL ENCANO|MOJONDINOICASAN10|-77.116012|1.009648||52UZPE01152001T52MT02EBS001H0417|52UZPE01152001T52MT02EBS001H0417F0417|1|2|2|3|52UZPE01152001T52MT02EBS001|900091143|CC|1081272318|AUXILIARESDEENFERMERIA|52UZPE01152001T52MT02EBS001H0417F0417CF417|2024-11-13|1||1||3||2||2|2|11|1|4|1|20||2|9,10|2||3||2||6||3||1|2|3|1|1|1|1|2|2|2|2|2|2||2|2|2|2||9||2|2|2|1|1|1|2|2|1|52UZPE01152001T52MT02EBS001H041752UZPE01152001T52MT02EBS001H0417F0417
2|366|1|52|UZPE011|52001|T52|MT02|EL ENCANO|SANTAROSACASA10|-77.125663|1.122688||52UZPE01152001T52MT02EBS001H0418|52UZPE01152001T52MT02EBS001H0418F0418|2|1|1|2|52UZPE01152001T52MT02EBS001|900091143|CC|1081272318|AUXILIARESDEENFERMERIA|52UZPE01152001T52MT02EBS001H0418F0418CF418|2024-11-12|1||1||3||2||1|2|11|1|4|1|20||2|9,10|2||3||2||6||3||1|2|1|1|1|1|2|2|2|2|2|2|2||2|2|2|2||9||2|2|2|1|2|1|2|2|1|52UZPE01152001T52MT02EBS001H041852UZPE01152001T52MT02EBS001H0418F0418
2|367|1|52|UZPE011|52001|T52|MT02|EL ENCANO|SANTAROSACASA89|-77.118814|1.11574||52UZPE01152001T52MT02EBS001H0419|52UZPE01152001T52MT02EBS001H0419F0419|3|1|1|3|52UZPE01152001T52MT02EBS001|900091143|CC|1081272318|AUXILIARESDEENFERMERIA|52UZPE01152001T52MT02EBS001H0419F0419CF419|2024-11-12|1||5||4||4||2|2|11|1|4|2|20||2|9,10|2||3||2||6||3||1|3|1|1|1|1|2|2|2|2|2|2|2||2|2|2|2||9||2|2|2|1|2|1|2|2|1|52UZPE01152001T52MT02EBS001H041952UZPE01152001T52MT02EBS001H0419F0419
2|368|1|52|UZPE011|52001|T52|MT02|EL ENCANO|SANTAROSACASA43|-77.11177|1.117736||52UZPE01152001T52MT02EBS001H0420|52UZPE01152001T52MT02EBS001H0420F0420|1|2|2|3|52UZPE01152001T52MT02EBS001|900091143|CC|1081272318|AUXILIARESDEENFERMERIA|52UZPE01152001T52MT02EBS001H0420F0420CF420|2024-11-12|1||1||3||2||2|2|11|1|4|2|20||2|9,10|2||3||2||6||3||1|3|1|1|1|1|2|2|2|2|2|2|2||2|2|2|2||9||2|2|2|1|2|1|2|2|1|52UZPE01152001T52MT02EBS001H042052UZPE01152001T52MT02EBS001H0420F0420
2|369|1|52|UZPE011|52001|T52|MT02|EL ENCANO|CAS37BSANTACLARA|-77.132392|1.128821||52UZPE01152001T52MT02EBS001H0421|52UZPE01152001T52MT02EBS001H0421F0421|1|1|1|2|52UZPE01152001T52MT02EBS001|900091143|CC|36753698|OTRO|52UZPE01152001T52MT02EBS001H0421F0421CF421|2024-11-13|1||1||3||8||2|2|8|1|4|1|19||2|9,10|2||3||2||6||3||1|2|3|1|1|1|1|2|2|2|2|2|2||2|2|2|2||9||2|2|2|1|1|1|2|2|1|52UZPE01152001T52MT02EBS001H042152UZPE01152001T52MT02EBS001H0421F0421
2|370|1|52|UZPE011|52001|T52|MT02|EL ENCANO|CASA28VEREDASANTACLARA|-77.131777|1.129177||52UZPE01152001T52MT02EBS001H0422|52UZPE01152001T52MT02EBS001H0422F0422|1|1|1|1|52UZPE01152001T52MT02EBS001|900091143|CC|1193265360|TECNOLOGAENPROMOCIONDELASALUD|52UZPE01152001T52MT02EBS001H0422F0422CF422|2024-11-13|1||1||3||4||1|2|11|4|4|1|3||2|13|2||3||2||6||3||7|1|1|2|1|1|3|2|2|2|2|2|2||2|2|2|1||9||2|2|2|1|2|1|2|2|1|52UZPE01152001T52MT02EBS001H042252UZPE01152001T52MT02EBS001H0422F0422
2|371|1|52|UZPE011|52001|T52|MT02|EL ENCANO|CASA32VEREDASANTACLARA|-77.131421|1.129506||52UZPE01152001T52MT02EBS001H0423|52UZPE01152001T52MT02EBS001H0423F0423|2|3|3|6|52UZPE01152001T52MT02EBS001|900091143|CC|1193265360|TECNOLOGAENPROMOCIONDELASALUD|52UZPE01152001T52MT02EBS001H0423F0423CF423|2024-11-13|1||1||3||4||1|1|11|1|4|1|20||2|9,10|2||3||2||5||3||7|1|1|3|1|1|2|2|2|2|2|2|2||2|2|2|1||9||2|2|2|1|1|1|2|2|1|52UZPE01152001T52MT02EBS001H042352UZPE01152001T52MT02EBS001H0423F0423
2|372|1|52|UZPE011|52001|T52|MT02|EL ENCANO|CASA38BVEREDASANTACLARA|-77.132459|1.127536||52UZPE01152001T52MT02EBS001H0424|52UZPE01152001T52MT02EBS001H0424F0424|2|1|1|2|52UZPE01152001T52MT02EBS001|900091143|CC|36753698|OTRO|52UZPE01152001T52MT02EBS001H0424F0424CF424|2024-11-13|1||1||3||4||1|2|8|1|4|1|20||2|13|2||3||2||6||3||1|2|1|1|1|1|2|2|2|2|2|2|2||2|2|1|1||9||1|2|2|1|2|1|2|2|1|52UZPE01152001T52MT02EBS001H042452UZPE01152001T52MT02EBS001H0424F0424
2|373|1|52|UZPE011|52001|T52|MT02|EL ENCANO|CASA1LASMORASVEREDASANTACLARA|-77.131685|1.129512||52UZPE01152001T52MT02EBS001H0425|52UZPE01152001T52MT02EBS001H0425F0425|1|1|1|5|52UZPE01152001T52MT02EBS001|900091143|CC|1193265360|TECNOLOGAENPROMOCIONDELASALUD|52UZPE01152001T52MT02EBS001H0425F0425CF425|2024-11-12|1||5||3||4||2|2|11|1|2|1|20||2|13|2||3||2||5||3||1|5|1|1|1|1|2|2|2|2|2|2|2||2|2|2|2||9||2|2|2|1|1|1|2|2|1|52UZPE01152001T52MT02EBS001H042552UZPE01152001T52MT02EBS001H0425F0425
2|374|1|52|UZPE011|52001|T52|MT02|EL ENCANO|CASA77DIV1|-77.131624|1.13134||52UZPE01152001T52MT02EBS001H0426|52UZPE01152001T52MT02EBS001H0426F0426|1|2|2|3|52UZPE01152001T52MT02EBS001|900091143|CC|1004232508|AUXILIARDEENFERMERIA|52UZPE01152001T52MT02EBS001H0426F0426CF426|2024-11-14|1||1||3||4||2|2|5|1|2|1|8||2|9,10|2||3||2||5||3||1|2|2|2|1|1|2|2|2|2|2|2|2||2|2|1|2||9||1|2|2|1|2|1|2|2|1|52UZPE01152001T52MT02EBS001H042652UZPE01152001T52MT02EBS001H0426F0426
2|375|1|52|UZPE011|52001|T52|MT02|EL ENCANO|CASA77DIV1|-77.131624|1.13134||52UZPE01152001T52MT02EBS001H0427|52UZPE01152001T52MT02EBS001H0427F0427|1|2|2|3|52UZPE01152001T52MT02EBS001|900091143|CC|1004232508|AUXILIARDEENFERMERIA|52UZPE01152001T52MT02EBS001H0427F0427CF427|2024-11-14|1||1||3||4||2|2|5|1|2|1|8||2|9,10|2||3||2||5||3||7|1|2|3|1|1|2|2|2|2|2|2|2||2|2|2|2||9||2|2|2|1|2|1|2|2|1|52UZPE01152001T52MT02EBS001H042752UZPE01152001T52MT02EBS001H0427F0427
2|376|1|52|UZPE011|52001|T52|MT02|EL ENCANO|CASA26VEREDASANTACLARALAPLAYA|-77.131641|1.131695||52UZPE01152001T52MT02EBS001H0428|52UZPE01152001T52MT02EBS001H0428F0428|2|1|1|3|52UZPE01152001T52MT02EBS001|900091143|CC|36753698|OTRO|52UZPE01152001T52MT02EBS001H0428F0428CF428|2024-11-14|1||1||3||8||2|2|8|4|4|1|20||2|12|2||3||2||6||3||2|3|3|1|1|1|1|2|2|2|2|2|2||2|2|2|1||9||2|2|2|1|1|1|2|2|1|52UZPE01152001T52MT02EBS001H042852UZPE01152001T52MT02EBS001H0428F0428
2|377|1|52|UZPE011|52001|T52|MT02|EL ENCANO|CASA64VEREDASANTACLARA|-77.132927|1.133165||52UZPE01152001T52MT02EBS001H0430|52UZPE01152001T52MT02EBS001H0430F0430|2|4|4|5|52UZPE01152001T52MT02EBS001|900091143|CC|36753698|OTRO|52UZPE01152001T52MT02EBS001H0430F0430CF430|2024-11-14|1||5||5||4||4|2|8|1|4|1|19||2|13|2||3||2||6||3||2|2|3|2|1|1|1|2|2|2|2|2|2||2|2|2|1||9||2|2|2|1|1|1|2|2|1|52UZPE01152001T52MT02EBS001H043052UZPE01152001T52MT02EBS001H0430F0430
2|378|1|52|UZPE011|52001|T52|MT02|EL ENCANO|CASANUEVASINNUMEROMOJONDINOY|-77.117547|1.095594||52UZPE01152001T52MT02EBS001H0431|52UZPE01152001T52MT02EBS001H0431F0431|1|1|1|3|52UZPE01152001T52MT02EBS001|900091143|CC|36758143|AUXILIARDEENFERMERIA|52UZPE01152001T52MT02EBS001H0431F0431CF431|2024-11-11|1||1||3||4||2|2|8|4|4|1|4||2|9,10|2||3||2||6||5||1|3|1|2|1|1|2|2|2|2|2|2|2||2|2|1|1||9||1|2|2|1|1|1|2|2|1|52UZPE01152001T52MT02EBS001H043152UZPE01152001T52MT02EBS001H0431F0431
2|379|1|52|UZPE011|52001|T52|MT02|EL ENCANO|CASA38SANTACLARA|-77.139853|1.127745||52UZPE01152001T52MT02EBS001H0432|52UZPE01152001T52MT02EBS001H0432F0432|1|1|1|3|52UZPE01152001T52MT02EBS001|900091143|CC|36758143|AUXILIARDEENFERMERIA|52UZPE01152001T52MT02EBS001H0432F0432CF432|2024-11-12|3||1||3||4||1|1|11|4|4|1|4||2|13|0||3||2||6||5||1|3|1|2|1|1|1|2|2|2|2|2|2||2|2|1|1||9||1|2|2|1|2|1|2|2|1|52UZPE01152001T52MT02EBS001H043252UZPE01152001T52MT02EBS001H0432F0432
2|380|1|52|UZPE011|52001|T52|MT02|EL ENCANO|SANTAROSACASA40|-77.120448|1.125698||52UZPE01152001T52MT02EBS001H0433|52UZPE01152001T52MT02EBS001H0433F0433|1|1|1|2|52UZPE01152001T52MT02EBS001|900091143|CC|1081272318|AUXILIARESDEENFERMERIA|52UZPE01152001T52MT02EBS001H0433F0433CF433|2024-11-14|1||5||4||4||1|2|11|1|4|1|20||2|9,10|2||10||2||6||3||1|2|1|1|1|1|2|2|2|2|2|2|2||2|2|2|2||9||2|2|2|1|1|1|2|2|1|52UZPE01152001T52MT02EBS001H043352UZPE01152001T52MT02EBS001H0433F0433
2|381|1|52|UZPE011|52001|T52|MT02|EL ENCANO|SANTACLARASECTORLAPLAYA|-77.134775|1.128298||52UZPE01152001T52MT02EBS001H0434|52UZPE01152001T52MT02EBS001H0434F0434|2|1|1|2|52UZPE01152001T52MT02EBS001|900091143|CC|36758143|AUXILIARDEENFERMERIA|52UZPE01152001T52MT02EBS001H0434F0434CF434|2024-11-12|1||5||3||4||2|2|8|4|4|1|4||2|9,10|2||3||2||6||3||2|2|1|2|1|1|3|2|2|2|2|2|2||2|2|1|1||9||1|2|2|1|2|1|2|2|1|52UZPE01152001T52MT02EBS001H043452UZPE01152001T52MT02EBS001H0434F0434
2|382|1|52|UZPE011|52001|T52|MT02|EL ENCANO|CASA68SANTACLARA|-77.132975|1.129764||52UZPE01152001T52MT02EBS001H0435|52UZPE01152001T52MT02EBS001H0435F0435|2|1|1|2|52UZPE01152001T52MT02EBS001|900091143|CC|36758143|AUXILIARDEENFERMERIA|52UZPE01152001T52MT02EBS001H0435F0435CF435|2024-11-12|1||1||3||4||2|2|8|4|4|1|4||2|9,10|2||3||2||6||5||1|2|1|4|1|1|3|2|2|2|2|2|2||2|2|1|1||9||1|2|2|1|1|1|2|2|1|52UZPE01152001T52MT02EBS001H043552UZPE01152001T52MT02EBS001H0435F0435
2|383|1|52|UZPE011|52001|T52|MT02|EL ENCANO|SANTAROSACASAN43|-77.126425|1.124193||52UZPE01152001T52MT02EBS001H0438|52UZPE01152001T52MT02EBS001H0438F0438|1|1|1|2|52UZPE01152001T52MT02EBS001|900091143|CC|1081272318|AUXILIARESDEENFERMERIA|52UZPE01152001T52MT02EBS001H0438F0438CF438|2024-11-14|1||1||3||2||1|2|11|1|4|1|20||2|9,10|2||3||2||6||3||1|2|1|1|1|1|2|2|2|2|2|2|2||2|2|2|1||9||2|2|2|1|2|1|2|2|1|52UZPE01152001T52MT02EBS001H043852UZPE01152001T52MT02EBS001H0438F0438
2|384|1|52|UZPE011|52001|T52|MT02|EL ENCANO|SANTAROSACASAN231|-77.126425|1.124193||52UZPE01152001T52MT02EBS001H0439|52UZPE01152001T52MT02EBS001H0439F0439|1|1|1|3|52UZPE01152001T52MT02EBS001|900091143|CC|1081272318|AUXILIARESDEENFERMERIA|52UZPE01152001T52MT02EBS001H0439F0439CF439|2024-11-14|1||1||3||2||2|2|11|1|4|1|20||2|9,10|2||3||2||6||3||1|3|1|1|1|1|2|2|2|2|2|2|2||2|2|2|2||9||2|2|2|1|2|1|2|2|1|52UZPE01152001T52MT02EBS001H043952UZPE01152001T52MT02EBS001H0439F0439
2|385|1|52|UZPE011|52001|T52|MT02|EL ENCANO|SANTAROSACASAN232|-77.126425|1.124193||52UZPE01152001T52MT02EBS001H0440|52UZPE01152001T52MT02EBS001H0440F0440|1|1|1|3|52UZPE01152001T52MT02EBS001|900091143|CC|1081272318|AUXILIARESDEENFERMERIA|52UZPE01152001T52MT02EBS001H0440F0440CF440|2024-11-14|5||1||3||2||1|1|11|1|4|1|20||2|9,10|2||3||2||6||3||1|3|1|1|1|1|2|2|2|2|2|2|2||2|2|2|2||9||2|2|2|1|1|1|2|2|1|52UZPE01152001T52MT02EBS001H044052UZPE01152001T52MT02EBS001H0440F0440
2|386|1|52|UZPE011|52001|T52|MT02|EL ENCANO|CASA99SANTACLARA|-77.133364|1.128879||52UZPE01152001T52MT02EBS001H0441|52UZPE01152001T52MT02EBS001H0441F0441|2|1|1|2|52UZPE01152001T52MT02EBS001|900091143|CC|36758143|AUXILIARDEENFERMERIA|52UZPE01152001T52MT02EBS001H0441F0441CF441|2024-11-12|1||1||3||4||1|2|8|4|4|1|4||2|9,10|2||3||2||6||5||1|2|1|2|1|1|2|2|2|2|2|2|2||2|2|1|1||9||1|2|2|1|1|1|2|2|1|52UZPE01152001T52MT02EBS001H044152UZPE01152001T52MT02EBS001H0441F0441
2|387|1|52|UZPE011|52001|T52|MT02|EL ENCANO|CASA99BSANTACLARA|-77.133463|1.128876||52UZPE01152001T52MT02EBS001H0442|52UZPE01152001T52MT02EBS001H0442F0442|1|1|1|3|52UZPE01152001T52MT02EBS001|900091143|CC|36758143|AUXILIARDEENFERMERIA|52UZPE01152001T52MT02EBS001H0442F0442CF442|2024-11-12|1||5||3||4||2|2|8|4|4|1|4||2|13|0||3||2||6||5||2|3|1|4|1|1|2|2|2|2|2|2|2||2|2|1|1||9||1|2|2|1|1|1|2|2|1|52UZPE01152001T52MT02EBS001H044252UZPE01152001T52MT02EBS001H0442F0442
2|388|1|52|UZPE011|52001|T52|MT02|EL ENCANO|CASA18VEREDASANTACLARA|-77.136383|1.135939||52UZPE01152001T52MT02EBS001H0443|52UZPE01152001T52MT02EBS001H0443F0443|1|2|2|3|52UZPE01152001T52MT02EBS001|900091143|CC|1193265360|TECNOLOGAENPROMOCIONDELASALUD|52UZPE01152001T52MT02EBS001H0443F0443CF443|2024-11-17|1||1||3||4||3|2|11|4|4|1|20||2|9,10|2||3||2||5||1||1|2|1|1|1|1|2|2|2|2|2|2|2||2|2|1|2||9||1|2|2|1|2|1|2|2|1|52UZPE01152001T52MT02EBS001H044352UZPE01152001T52MT02EBS001H0443F0443
2|389|1|52|UZPE011|52001|T52|MT02|EL ENCANO|CASA18VEREDASANTACLARA|-77.136383|1.135939||52UZPE01152001T52MT02EBS001H0444|52UZPE01152001T52MT02EBS001H0444F0444|1|2|2|3|52UZPE01152001T52MT02EBS001|900091143|CC|1193265360|TECNOLOGAENPROMOCIONDELASALUD|52UZPE01152001T52MT02EBS001H0444F0444CF444|2024-11-17|1||1||3||4||3|2|11|4|4|1|20||2|9,10|2||3||2||5||1||7|1|1|2|1|1|2|2|2|2|2|2|2||2|2|2|2||9||2|2|2|1|1|1|2|2|1|52UZPE01152001T52MT02EBS001H044452UZPE01152001T52MT02EBS001H0444F0444
2|390|1|52|UZPE011|52001|T52|MT02|EL ENCANO|CASA18A|-77.136541|1.135955||52UZPE01152001T52MT02EBS001H0445|52UZPE01152001T52MT02EBS001H0445F0445|1|1|1|3|52UZPE01152001T52MT02EBS001|900091143|CC|1004232508|AUXILIARDEENFERMERIA|52UZPE01152001T52MT02EBS001H0445F0445CF445|2024-11-17|1||1||3||4||3|2|5|1|2|1|19||2|9,10|2||3||2||5||1||2|3|1|1|1|1|2|2|2|2|2|2|2||2|2|1|1||9||1|2|2|1|2|1|2|2|1|52UZPE01152001T52MT02EBS001H044552UZPE01152001T52MT02EBS001H0445F0445
2|391|1|52|UZPE011|52001|T52|MT02|EL ENCANO|CASA18BVEREDASANTACLARA|-77.136563|1.136137||52UZPE01152001T52MT02EBS001H0446|52UZPE01152001T52MT02EBS001H0446F0446|1|1|1|3|52UZPE01152001T52MT02EBS001|900091143|CC|1193265360|TECNOLOGAENPROMOCIONDELASALUD|52UZPE01152001T52MT02EBS001H0446F0446CF446|2024-11-17|1||5||3||4||3|2|11|4|2|1|19||2|9,10|2||3||2||5||1||2|3|1|1|1|1|1|2|2|2|2|2|2||2|2|2|2||9||2|2|2|1|2|1|2|2|1|52UZPE01152001T52MT02EBS001H044652UZPE01152001T52MT02EBS001H0446F0446
2|392|1|52|UZPE011|52001|T52|MT02|EL ENCANO|CASA37SANTACLARADIV1|-77.132356|1.12877||52UZPE01152001T52MT02EBS001H0447|52UZPE01152001T52MT02EBS001H0447F0447|1|1|1|1|52UZPE01152001T52MT02EBS001|900091143|CC|36758143|AUXILIARDEENFERMERIA|52UZPE01152001T52MT02EBS001H0447F0447CF447|2024-11-14|1||1||3||2||1|2|8|4|2|1|20||2|13|0||3||2||6||5||7|1|1|1|1|1|3|2|2|2|2|2|2||2|2|1|1||9||1|2|2|1|2|1|2|2|1|52UZPE01152001T52MT02EBS001H044752UZPE01152001T52MT02EBS001H0447F0447
2|393|1|52|UZPE011|52001|T52|MT02|EL ENCANO|CASA24SANTACLARA|-77.13558|1.13611||52UZPE01152001T52MT02EBS001H0448|52UZPE01152001T52MT02EBS001H0448F0448|1|1|1|1|52UZPE01152001T52MT02EBS001|900091143|CC|36758143|AUXILIARDEENFERMERIA|52UZPE01152001T52MT02EBS001H0448F0448CF448|2024-11-14|1||1||3||4||1|2|8|4|4|1|20||2|13|2||3||2||6||5||7|1|1|4|1|1|1|2|2|2|2|2|2||2|2|1|1||9||1|2|2|1|2|1|2|2|1|52UZPE01152001T52MT02EBS001H044852UZPE01152001T52MT02EBS001H0448F0448
2|394|1|52|UZPE011|52001|T52|MT02|EL ENCANO|CASA35ASANTACLARA|-77.132882|1.127985||52UZPE01152001T52MT02EBS001H0449|52UZPE01152001T52MT02EBS001H0449F0449|1|1|1|4|52UZPE01152001T52MT02EBS001|900091143|CC|36758143|AUXILIARDEENFERMERIA|52UZPE01152001T52MT02EBS001H0449F0449CF449|2024-11-14|1||1||3||4||2|2|8|4|4|1|5||2|13|0||3||2||6||5||1|4|1|1|1|1|2|2|2|2|2|2|2||2|2|1|2||9||1|2|2|1|1|1|2|2|1|52UZPE01152001T52MT02EBS001H044952UZPE01152001T52MT02EBS001H0449F0449
2|395|1|52|UZPE011|52001|T52|MT02|EL ENCANO|CASA17SANTACLARA|-77.13613|1.13613||52UZPE01152001T52MT02EBS001H0450|52UZPE01152001T52MT02EBS001H0450F0450|1|1|1|2|52UZPE01152001T52MT02EBS001|900091143|CC|36758143|AUXILIARDEENFERMERIA|52UZPE01152001T52MT02EBS001H0450F0450CF450|2024-11-17|1||1||3||4||2|2|11|4|4|1|20||1|13|0||3||2||7||3||2|2|1|2|1|1|1|2|2|2|2|2|2||2|2|1|2||9||1|2|2|1|1|1|2|2|1|52UZPE01152001T52MT02EBS001H045052UZPE01152001T52MT02EBS001H0450F0450
2|396|1|52|UZPE011|52001|T52|MT02|EL ENCANO|CASA1VEREDASANTACLARA|-77.144752|1.137375||52UZPE01152001T52MT02EBS001H0451|52UZPE01152001T52MT02EBS001H0451F0451|1|1|1|2|52UZPE01152001T52MT02EBS001|900091143|CC|36753698|OTRO|52UZPE01152001T52MT02EBS001H0451F0451CF451|2024-11-18|1||1||3||4||1|2|8|1|4|1|20||2|9,10|2||3||2||6||3||2|2|1|1|1|1|2|2|2|2|2|2|2||2|2|2|1||9||2|2|2|1|1|1|2|2|1|52UZPE01152001T52MT02EBS001H045152UZPE01152001T52MT02EBS001H0451F0451
2|397|1|52|UZPE011|52001|T52|MT02|EL ENCANO|DIV12|-77.1375|1.137365||52UZPE01152001T52MT02EBS001H0452|52UZPE01152001T52MT02EBS001H0452F0452|1|1|1|2|52UZPE01152001T52MT02EBS001|900091143|CC|1004232508|AUXILIARDEENFERMERIA|52UZPE01152001T52MT02EBS001H0452F0452CF452|2024-11-18|1||1||3||4||2|2|5|1|2|1|19||2|9,10|2||3||2||5||1||2|2|1|2|1|1|2|2|2|2|2|2|2||2|2|1|1||9||1|2|2|1|2|1|2|2|1|52UZPE01152001T52MT02EBS001H045252UZPE01152001T52MT02EBS001H0452F0452
2|398|1|52|UZPE011|52001|T52|MT02|EL ENCANO|CASA13VDASANTACLARA|-77.13925|1.13752||52UZPE01152001T52MT02EBS001H0453|52UZPE01152001T52MT02EBS001H0453F0453|1|1|1|1|52UZPE01152001T52MT02EBS001|900091143|CC|1193265360|TECNOLOGAENPROMOCIONDELASALUD|52UZPE01152001T52MT02EBS001H0453F0453CF453|2024-11-18|1||5||4||2||1|2|8|1|4|1|5||2|9,10|2||3||2||5||1||7|1|1|3|1|1|2|2|2|2|2|2|2||2|2|2|1||9||2|2|2|1|2|1|2|2|1|52UZPE01152001T52MT02EBS001H045352UZPE01152001T52MT02EBS001H0453F0453
2|399|1|52|UZPE011|52001|T52|MT02|EL ENCANO|CASA12VEREDASANTACLARA|-77.139384|1.137738||52UZPE01152001T52MT02EBS001H0454|52UZPE01152001T52MT02EBS001H0454F0454|1|1|1|3|52UZPE01152001T52MT02EBS001|900091143|CC|36753698|OTRO|52UZPE01152001T52MT02EBS001H0454F0454CF454|2024-11-18|1||1||3||4||2|2|8|1|4|1|7||2|9,10|2||3||2||6||3||1|3|1|1|1|1|2|2|2|2|2|2|2||2|2|2|1||9||2|2|2|1|2|1|2|2|1|52UZPE01152001T52MT02EBS001H045452UZPE01152001T52MT02EBS001H0454F0454
2|400|1|52|UZPE011|52001|T52|MT02|EL ENCANO|CASA39SANTACLARACENTRO|-77.13659|1.13613||52UZPE01152001T52MT02EBS001H0455|52UZPE01152001T52MT02EBS001H0455F0455|2|1|1|1|52UZPE01152001T52MT02EBS001|900091143|CC|36758143|AUXILIARDEENFERMERIA|52UZPE01152001T52MT02EBS001H0455F0455CF455|2024-11-17|1||1||3||4||2|2|8|4|4|2|4||2|9,10|2||3||2||6||5||1|4|1|1|1|1|1|2|2|2|2|2|2||2|2|2|2||9||2|2|2|1|2|1|2|2|1|52UZPE01152001T52MT02EBS001H045552UZPE01152001T52MT02EBS001H0455F0455
2|401|1|52|UZPE011|52001|T52|MT02|EL ENCANO|SANTAROSACASAN57|-77.129303|1.127033||52UZPE01152001T52MT02EBS001H0456|52UZPE01152001T52MT02EBS001H0456F0456|1|1|1|3|52UZPE01152001T52MT02EBS001|900091143|CC|1081272318|AUXILIARESDEENFERMERIA|52UZPE01152001T52MT02EBS001H0456F0456CF456|2024-11-17|1||5||4||4||2|2|11|1|4|1|20||2|9,10|2||3||2||6||3||1|3|1|1|1|1|2|2|2|2|2|2|2||2|2|2|2||9||2|2|2|1|2|1|2|2|1|52UZPE01152001T52MT02EBS001H045652UZPE01152001T52MT02EBS001H0456F0456
2|402|1|52|UZPE011|52001|T52|MT02|EL ENCANO|SANTAROSACASADV4|-77.129028|1.127681||52UZPE01152001T52MT02EBS001H0457|52UZPE01152001T52MT02EBS001H0457F0457|1|1|1|4|52UZPE01152001T52MT02EBS001|900091143|CC|1081272318|AUXILIARESDEENFERMERIA|52UZPE01152001T52MT02EBS001H0457F0457CF457|2024-11-17|1||1||3||4||3|2|11|4|2|1|20||2|9,10|2||3||2||6||3||1|4|1|1|1|1|2|2|2|2|2|2|2||2|2|2|2||9||2|2|2|1|1|1|2|2|1|52UZPE01152001T52MT02EBS001H045752UZPE01152001T52MT02EBS001H0457F0457
2|403|1|52|UZPE011|52001|T52|MT02|EL ENCANO|CASA67SANTACLARA|-77.13939|1.134727||52UZPE01152001T52MT02EBS001H0458|52UZPE01152001T52MT02EBS001H0458F0458|1|1|1|1|52UZPE01152001T52MT02EBS001|900091143|CC|36758143|AUXILIARDEENFERMERIA|52UZPE01152001T52MT02EBS001H0458F0458CF458|2024-11-17|1||1||3||4||1|2|1|4|2|1|4||2|9,10|2||3||2||6||5||7|1|1|4|1|1|1|2|2|2|2|2|2||2|2|2|2||9||2|2|2|1|2|1|2|2|1|52UZPE01152001T52MT02EBS001H045852UZPE01152001T52MT02EBS001H0458F0458
2|404|1|52|UZPE011|52001|T52|MT02|EL ENCANO|SANTAROSACASAN91|-77.127899|1.128707||52UZPE01152001T52MT02EBS001H0459|52UZPE01152001T52MT02EBS001H0459F0459|1|1|1|3|52UZPE01152001T52MT02EBS001|900091143|CC|1081272318|AUXILIARESDEENFERMERIA|52UZPE01152001T52MT02EBS001H0459F0459CF459|2024-11-17|1||5||5||4||2|2|11|1|4|1|20||2|9,10|2||3||2||6||3||1|3|1|1|1|1|2|2|2|2|2|2|2||2|2|2|2||9||2|2|2|1|2|1|2|2|1|52UZPE01152001T52MT02EBS001H045952UZPE01152001T52MT02EBS001H0459F0459
2|405|1|52|UZPE011|52001|T52|MT02|EL ENCANO|SANTAROSACASAN912|-77.127899|1.128707||52UZPE01152001T52MT02EBS001H0460|52UZPE01152001T52MT02EBS001H0460F0460|1|1|1|2|52UZPE01152001T52MT02EBS001|900091143|CC|1081272318|AUXILIARESDEENFERMERIA|52UZPE01152001T52MT02EBS001H0460F0460CF460|2024-11-17|1||5||4||4||1|2|11|1|2|1|20||2|9,10|2||3||2||6||3||1|2|1|1|1|1|2|2|2|2|2|2|2||2|2|2|2||9||2|2|2|1|1|1|2|2|1|52UZPE01152001T52MT02EBS001H046052UZPE01152001T52MT02EBS001H0460F0460
2|406|1|52|UZPE011|52001|T52|MT02|EL ENCANO|CASA23SANTACLARA|-77.139189|1.134023||52UZPE01152001T52MT02EBS001H0461|52UZPE01152001T52MT02EBS001H0461F0461|1|1|1|3|52UZPE01152001T52MT02EBS001|900091143|CC|36758143|AUXILIARDEENFERMERIA|52UZPE01152001T52MT02EBS001H0461F0461CF461|2024-11-18|1||1||3||2||2|2|11|4|4|1|7||1|9,10|2||10||2||6||3||1|3|1|2|1|1|1|2|2|2|2|2|2||2|2|1|1||9||1|2|2|1|2|1|2|2|1|52UZPE01152001T52MT02EBS001H046152UZPE01152001T52MT02EBS001H0461F0461
2|407|1|52|UZPE011|52001|T52|MT02|EL ENCANO|SANTAROSACASAN48|-77.126938|1.27832||52UZPE01152001T52MT02EBS001H0462|52UZPE01152001T52MT02EBS001H0462F0462|1|1|1|3|52UZPE01152001T52MT02EBS001|900091143|CC|1081272318|AUXILIARESDEENFERMERIA|52UZPE01152001T52MT02EBS001H0462F0462CF462|2024-11-17|1||1||3||2||2|2|11|1|4|1|20||2|9,10|2||3||2||6||3||1|3|1|1|1|1|2|2|2|2|2|2|2||2|2|2|2||9||2|2|2|1|1|1|2|2|1|52UZPE01152001T52MT02EBS001H046252UZPE01152001T52MT02EBS001H0462F0462
2|408|1|52|UZPE011|52001|T52|MT02|EL ENCANO|CASA76SANTACLARA|-77.139385|1.133352||52UZPE01152001T52MT02EBS001H0463|52UZPE01152001T52MT02EBS001H0463F0463|1|1|1|4|52UZPE01152001T52MT02EBS001|900091143|CC|36758143|AUXILIARDEENFERMERIA|52UZPE01152001T52MT02EBS001H0463F0463CF463|2024-11-18|1||1||3||4||2|2|8|4|4|1|20||1|9,10|2||3||2||6||3||1|4|1|1|1|1|2|2|2|2|2|2|2||2|2|1|1||9||1|2|2|1|2|1|2|2|1|52UZPE01152001T52MT02EBS001H046352UZPE01152001T52MT02EBS001H0463F0463
2|409|1|52|UZPE011|52001|T52|MT02|EL ENCANO|SANTAROSACASAN93|-77.002397|1.76749||52UZPE01152001T52MT02EBS001H0465|52UZPE01152001T52MT02EBS001H0465F0465|1|1|1|4|52UZPE01152001T52MT02EBS001|900091143|CC|1081272318|AUXILIARESDEENFERMERIA|52UZPE01152001T52MT02EBS001H0465F0465CF465|2024-11-17|1||1||3||2||3|2|11|1|2|1|20||2|9,10|2||3||2||6||3||1|4|1|1|1|1|2|2|2|2|2|2|2||2|2|2|2||9||2|2|2|1|1|1|2|2|1|52UZPE01152001T52MT02EBS001H046552UZPE01152001T52MT02EBS001H0465F0465
2|410|1|52|UZPE011|52001|T52|MT02|EL ENCANO|CASA9SANTACLARA|-77.139531|1.138268||52UZPE01152001T52MT02EBS001H0466|52UZPE01152001T52MT02EBS001H0466F0466|1|1|1|3|52UZPE01152001T52MT02EBS001|900091143|CC|36753698|OTRO|52UZPE01152001T52MT02EBS001H0466F0466CF466|2024-11-19|1||1||3||4||2|2|8|1|4|1|20||2|13|2||3||2||6||3||1|3|1|1|1|1|1|2|2|2|2|2|2||2|2|2|2||9||2|2|2|1|2|1|2|2|1|52UZPE01152001T52MT02EBS001H046652UZPE01152001T52MT02EBS001H0466F0466
2|411|1|52|UZPE011|52001|T52|MT02|EL ENCANO|CASA9VEREDASANTACLARA|-77.139849|1.138661||52UZPE01152001T52MT02EBS001H0467|52UZPE01152001T52MT02EBS001H0467F0467|1|2|2|4|52UZPE01152001T52MT02EBS001|900091143|CC|36753698|OTRO|52UZPE01152001T52MT02EBS001H0467F0467CF467|2024-11-19|1||1||3||4||2|2|8|4|4|1|20||2|9,10|2||3||2||5||3||4|4|1|1|1|1|1|2|2|2|2|2|2||2|2|2|1||9||2|2|2|1|2|1|2|2|1|52UZPE01152001T52MT02EBS001H046752UZPE01152001T52MT02EBS001H0467F0467
2|412|1|52|UZPE011|52001|T52|MT02|EL ENCANO|SANTAROSACASAN12|-77.132854|1.126814||52UZPE01152001T52MT02EBS001H0468|52UZPE01152001T52MT02EBS001H0468F0468|2|1|1|2|52UZPE01152001T52MT02EBS001|900091143|CC|1081272318|AUXILIARESDEENFERMERIA|52UZPE01152001T52MT02EBS001H0468F0468CF468|2024-11-19|1||2||3||2||2|2|11|1|4|1|20||2|9,10|2||3||2||6||3||1|2|1|1|1|1|2|2|2|2|2|2|2||2|2|2|2||9||2|2|2|1|2|1|2|2|1|52UZPE01152001T52MT02EBS001H046852UZPE01152001T52MT02EBS001H0468F0468
2|413|1|52|UZPE011|52001|T52|MT02|EL ENCANO|SANTAROSACASAN43|-77.131101|1.12655||52UZPE01152001T52MT02EBS001H0469|52UZPE01152001T52MT02EBS001H0469F0469|2|1|1|2|52UZPE01152001T52MT02EBS001|900091143|CC|1081272318|AUXILIARESDEENFERMERIA|52UZPE01152001T52MT02EBS001H0469F0469CF469|2024-11-19|1||1||3||4||1|2|11|1|4|1|20||2|9,10|2||3||2||6||3||1|2|1|1|1|1|2|2|2|2|2|2|2||2|2|2|1||9||2|2|2|1|2|1|2|2|1|52UZPE01152001T52MT02EBS001H046952UZPE01152001T52MT02EBS001H0469F0469
2|414|1|52|UZPE011|52001|T52|MT02|EL ENCANO|CASA0SINNOMENCLATURA|-77.138402|1.13762||52UZPE01152001T52MT02EBS001H0470|52UZPE01152001T52MT02EBS001H0470F0470|1|1|1|4|52UZPE01152001T52MT02EBS001|900091143|CC|36753698|OTRO|52UZPE01152001T52MT02EBS001H0470F0470CF470|2024-11-19|1||1||3||4||3|2|8|1|4|1|7||2|9,10|2||8||2||6||3||1|4|1|1|1|1|1|2|2|2|2|2|2||2|2|2|1||9||2|2|2|1|2|1|2|2|1|52UZPE01152001T52MT02EBS001H047052UZPE01152001T52MT02EBS001H0470F0470
2|415|1|52|UZPE011|52001|T52|MT02|EL ENCANO|SANTAROSACASAN28|-77.131168|1.12426||52UZPE01152001T52MT02EBS001H0471|52UZPE01152001T52MT02EBS001H0471F0471|2|1|1|4|52UZPE01152001T52MT02EBS001|900091143|CC|1081272318|AUXILIARESDEENFERMERIA|52UZPE01152001T52MT02EBS001H0471F0471CF471|2024-11-19|1||1||3||4||3|2|11|1|2|1|20||2|9,10|2||3||2||6||3||1|4|1|1|1|1|2|2|2|2|2|2|2||2|2|2|1||9||2|2|2|1|1|1|2|2|1|52UZPE01152001T52MT02EBS001H047152UZPE01152001T52MT02EBS001H0471F0471
2|416|1|52|UZPE011|52001|T52|MT02|EL ENCANO|SANTAROSACASAN482|-77.126903|1.127904||52UZPE01152001T52MT02EBS001H0472|52UZPE01152001T52MT02EBS001H0472F0472|1|1|1|2|52UZPE01152001T52MT02EBS001|900091143|CC|1081272318|AUXILIARESDEENFERMERIA|52UZPE01152001T52MT02EBS001H0472F0472CF472|2024-11-18|1||1||3||2||1|2|11|1|4|1|20||2|9,10|2||3||2||6||3||1|2|1|1|1|1|2|2|2|2|2|2|2||2|2|2|2||9||2|2|2|1|2|1|2|2|1|52UZPE01152001T52MT02EBS001H047252UZPE01152001T52MT02EBS001H0472F0472
2|417|1|52|UZPE011|52001|T52|MT02|EL ENCANO|SANTAROSACASAN92|-77.126438|1.129318||52UZPE01152001T52MT02EBS001H0474|52UZPE01152001T52MT02EBS001H0474F0474|1|1|1|2|52UZPE01152001T52MT02EBS001|900091143|CC|1081272318|AUXILIARESDEENFERMERIA|52UZPE01152001T52MT02EBS001H0474F0474CF474|2024-11-18|1||1||3||2||1|2|11|1|4|1|20||2|9,10|2||3||2||6||3||1|2|1|1|1|1|2|2|2|2|2|2|2||2|2|2|2||9||2|2|2|1|1|1|2|2|1|52UZPE01152001T52MT02EBS001H047452UZPE01152001T52MT02EBS001H0474F0474
2|418|1|52|UZPE011|52001|T52|MT02|EL ENCANO|SANTAROSACASAN124|-77.126964|1.128034||52UZPE01152001T52MT02EBS001H0476|52UZPE01152001T52MT02EBS001H0476F0476|1|1|1|3|52UZPE01152001T52MT02EBS001|900091143|CC|1081272318|AUXILIARESDEENFERMERIA|52UZPE01152001T52MT02EBS001H0476F0476CF476|2024-11-18|1||5||4||4||2|2|11|1|4|1|20||2|9,10|2||3||2||6||3||1|3|1|1|1|1|2|2|2|2|2|2|2||2|2|2|2||9||2|2|2|1|1|1|2|2|1|52UZPE01152001T52MT02EBS001H047652UZPE01152001T52MT02EBS001H0476F0476
2|419|1|52|UZPE011|52001|T52|MT02|EL ENCANO|SANTAROSACASAN30|-77.126097|1.126844||52UZPE01152001T52MT02EBS001H0477|52UZPE01152001T52MT02EBS001H0477F0477|1|1|1|4|52UZPE01152001T52MT02EBS001|900091143|CC|1081272318|AUXILIARESDEENFERMERIA|52UZPE01152001T52MT02EBS001H0477F0477CF477|2024-11-18|1||5||3||4||3|2|11|1|2|1|20||2|13|0||3||2||6||3||1|4|1|1|1|1|2|2|2|2|2|2|2||2|2|2|2||9||2|2|2|1|1|1|2|2|1|52UZPE01152001T52MT02EBS001H047752UZPE01152001T52MT02EBS001H0477F0477
2|420|1|52|UZPE011|52001|T52|MT02|EL ENCANO|CASA15|-77.1265|1.125626||52UZPE01152001T52MT02EBS001H0478|52UZPE01152001T52MT02EBS001H0478F0478|1|1|1|1|52UZPE01152001T52MT02EBS001|900091143|CC|59314451|ODONTOLOGA|52UZPE01152001T52MT02EBS001H0478F0478CF478|2024-11-20|1||5||3||4||1|2|8|4|4|1|20||1|13|0||3||2||6||5||7|1|1|4|1|1|2|2|2|2|2|2|2||2|2|2|1||9||2|2|2|1|1|1|2|2|1|52UZPE01152001T52MT02EBS001H047852UZPE01152001T52MT02EBS001H0478F0478
2|421|1|52|UZPE011|52001|T52|MT02|EL ENCANO|CASA62SANTACLARA|-77.142289|1.139544||52UZPE01152001T52MT02EBS001H0479|52UZPE01152001T52MT02EBS001H0479F0479|1|2|2|3|52UZPE01152001T52MT02EBS001|900091143|CC|1193265360|TECNOLOGAENPROMOCIONDELASALUD|52UZPE01152001T52MT02EBS001H0479F0479CF479|2024-11-20|1||1||3||1||2|2|11|1|4|1|20||2|9,10|2||3||2||5||1||1|2|1|1|1|1|3|2|2|2|2|2|2||2|2|1|1||9||1|2|2|1|2|1|2|2|1|52UZPE01152001T52MT02EBS001H047952UZPE01152001T52MT02EBS001H0479F0479
2|422|1|52|UZPE011|52001|T52|MT02|EL ENCANO|CASA62SANTACLARA|-77.142289|1.139544||52UZPE01152001T52MT02EBS001H0481|52UZPE01152001T52MT02EBS001H0481F0481|1|2|2|3|52UZPE01152001T52MT02EBS001|900091143|CC|1193265360|TECNOLOGAENPROMOCIONDELASALUD|52UZPE01152001T52MT02EBS001H0481F0481CF481|2024-11-20|1||1||3||1||2|2|11|1|4|1|20||2|9,10|2||3||2||5||1||1|2|1|1|1|1|1|2|2|2|2|2|2||2|2|2|1||9||2|2|2|1|2|1|2|2|1|52UZPE01152001T52MT02EBS001H048152UZPE01152001T52MT02EBS001H0481F0481
2|423|1|52|UZPE011|52001|T52|MT02|EL ENCANO|CASA82VEREDASTACLARA|-77.143647|1.135429||52UZPE01152001T52MT02EBS001H0482|52UZPE01152001T52MT02EBS001H0482F0482|1|1|1|3|52UZPE01152001T52MT02EBS001|900091143|CC|1085314334|GESTORCOMUNITARIO|52UZPE01152001T52MT02EBS001H0482F0482CF482|2024-11-20|1||5||4||4||3|2|8|1|2|1|19||2|9,10|2||3||2||6||3||1|3|1|2|1|1|3|2|2|2|2|2|2||2|2|2|1||9||2|2|2|1|2|1|2|2|1|52UZPE01152001T52MT02EBS001H048252UZPE01152001T52MT02EBS001H0482F0482
2|424|1|52|UZPE011|52001|T52|MT02|EL ENCANO|CASA68|-77.117442|1.133037||52UZPE01152001T52MT02EBS001H0483|52UZPE01152001T52MT02EBS001H0483F0483|1|1|1|2|52UZPE01152001T52MT02EBS001|900091143|CC|59314451|ODONTOLOGA|52UZPE01152001T52MT02EBS001H0483F0483CF483|2024-11-19|1||1||3||4||1|2|8|4|4|1|20||1|13|0||3||2||6||5||2|2|1|4|1|1|2|2|2|2|2|2|2||2|2|1|2||9||1|2|2|1|2|1|2|2|1|52UZPE01152001T52MT02EBS001H048352UZPE01152001T52MT02EBS001H0483F0483
2|425|1|52|UZPE011|52001|T52|MT02|EL ENCANO|SANTAROSACASAN31|-77.113837|1.126638||52UZPE01152001T52MT02EBS001H0484|52UZPE01152001T52MT02EBS001H0484F0484|2|1|1|2|52UZPE01152001T52MT02EBS001|900091143|CC|1081272318|AUXILIARESDEENFERMERIA|52UZPE01152001T52MT02EBS001H0484F0484CF484|2024-11-20|1||1||3||4||1|2|11|1|4|1|20||1|9,10|2||3||2||6||3||1|2|1|1|1|1|2|2|2|2|2|2|2||2|2|2|2||9||2|2|2|1|1|1|2|2|1|52UZPE01152001T52MT02EBS001H048452UZPE01152001T52MT02EBS001H0484F0484
2|426|1|52|UZPE011|52001|T52|MT02|EL ENCANO|SANTAROSACASAN14|-77.130303|1.126449||52UZPE01152001T52MT02EBS001H0485|52UZPE01152001T52MT02EBS001H0485F0485|1|1|1|4|52UZPE01152001T52MT02EBS001|900091143|CC|1081272318|AUXILIARESDEENFERMERIA|52UZPE01152001T52MT02EBS001H0485F0485CF485|2024-11-20|1||1||3||4||3|2|11|1|4|1|20||2|9,10|2||3||2||6||3||1|4|1|1|1|1|2|2|2|2|2|2|2||2|2|2|2||9||2|2|2|1|1|1|2|2|1|52UZPE01152001T52MT02EBS001H048552UZPE01152001T52MT02EBS001H0485F0485
2|427|1|52|UZPE011|52001|T52|MT02|EL ENCANO|SANTAROSACASAN311|-77.113837|1.126638||52UZPE01152001T52MT02EBS001H0486|52UZPE01152001T52MT02EBS001H0486F0486|1|1|1|3|52UZPE01152001T52MT02EBS001|900091143|CC|1081272318|AUXILIARESDEENFERMERIA|52UZPE01152001T52MT02EBS001H0486F0486CF486|2024-11-20|1||1||3||4||1|2|11|1|4|2|20||2|9,10|2||3||2||6||3||1|3|1|1|1|1|2|2|2|2|2|2|2||2|2|2|2||9||2|2|2|1|1|1|2|2|1|52UZPE01152001T52MT02EBS001H048652UZPE01152001T52MT02EBS001H0486F0486
2|428|1|52|UZPE011|52001|T52|MT02|EL ENCANO|SANTAROSACASAN63|-77.131782|1.126161||52UZPE01152001T52MT02EBS001H0487|52UZPE01152001T52MT02EBS001H0487F0487|1|2|2|3|52UZPE01152001T52MT02EBS001|900091143|CC|1081272318|AUXILIARESDEENFERMERIA|52UZPE01152001T52MT02EBS001H0487F0487CF487|2024-11-20|1||1||3||4||2|2|11|1|4|1|20||2|9,10|2||3||2||6||3||1|3|1|1|1|1|2|2|2|2|2|2|2||2|2|2|2||9||2|2|2|1|1|1|2|2|1|52UZPE01152001T52MT02EBS001H048752UZPE01152001T52MT02EBS001H0487F0487
2|429|1|52|UZPE011|52001|T52|MT02|EL ENCANO|JARDINDELLAGOCASA11SANTACLARA|-77.140551|1.136353||52UZPE01152001T52MT02EBS001H0488|52UZPE01152001T52MT02EBS001H0488F0488|2|1|1|2|52UZPE01152001T52MT02EBS001|900091143|CC|36758143|AUXILIARDEENFERMERIA|52UZPE01152001T52MT02EBS001H0488F0488CF488|2024-11-19|1||1||3||4||2|2|8|4|4|1|20||1|13|0||3||2||6||1||2|2|1|1|1|1|1|2|2|2|2|2|2||2|2|1|2||9||1|2|2|1|2|1|2|2|1|52UZPE01152001T52MT02EBS001H048852UZPE01152001T52MT02EBS001H0488F0488
2|430|1|52|UZPE011|52001|T52|MT02|EL ENCANO|CASAELCARMENVEREDASANTACLARA|-77.139884|1.135646||52UZPE01152001T52MT02EBS001H0489|52UZPE01152001T52MT02EBS001H0489F0489|1|1|1|2|52UZPE01152001T52MT02EBS001|900091143|CC|36758143|AUXILIARDEENFERMERIA|52UZPE01152001T52MT02EBS001H0489F0489CF489|2024-11-19|1||1||3||4||2|2|11|4|2|1|20||2|13|0||3||2||6||3||1|4|1|2|1|1|1|2|2|2|2|2|2||2|2|1|1||9||1|2|2|1|1|1|2|2|1|52UZPE01152001T52MT02EBS001H048952UZPE01152001T52MT02EBS001H0489F0489
2|431|1|52|UZPE011|52001|T52|MT02|EL ENCANO|SANTACLARACASASECTORELMIRADOR|-77.139396|1.13882||52UZPE01152001T52MT02EBS001H0490|52UZPE01152001T52MT02EBS001H0490F0490|1|1|1|2|52UZPE01152001T52MT02EBS001|900091143|CC|36758143|AUXILIARDEENFERMERIA|52UZPE01152001T52MT02EBS001H0490F0490CF490|2024-11-19|1||1||3||4||1|2|8|4|4|1|20||2|13|0||3||2||6||3||1|2|1|1|1|1|2|2|2|2|2|2|2||2|2|2|2||9||2|2|2|1|1|1|2|2|1|52UZPE01152001T52MT02EBS001H049052UZPE01152001T52MT02EBS001H0490F0490
2|432|1|52|UZPE011|52001|T52|MT02|EL ENCANO|CASA81SECTORMIRADORSANTACLARA|-77.130617|1.139135||52UZPE01152001T52MT02EBS001H0491|52UZPE01152001T52MT02EBS001H0491F0491|1|1|1|2|52UZPE01152001T52MT02EBS001|900091143|CC|36758143|AUXILIARDEENFERMERIA|52UZPE01152001T52MT02EBS001H0491F0491CF491|2024-11-20|1||1||3||4||1|2|8|4|4|1|20||2|9,10|2||3||2||6||3||1|2|1|1|1|1|3|2|2|2|2|2|2||2|2|2|1||9||2|2|2|1|2|1|2|2|1|52UZPE01152001T52MT02EBS001H049152UZPE01152001T52MT02EBS001H0491F0491
2|433|1|52|UZPE011|52001|T52|MT02|EL ENCANO|CASA2SANTACLARA|-77.141889|1.139522||52UZPE01152001T52MT02EBS001H0492|52UZPE01152001T52MT02EBS001H0492F0492|1|3|3|3|52UZPE01152001T52MT02EBS001|900091143|CC|1004232508|AUXILIARDEENFERMERIA|52UZPE01152001T52MT02EBS001H0492F0492CF492|2024-11-24|1||1||3||4||3|2|5|1|4|1|19||2|9,10|2||3||2||5||1||2|1|1|2|1|1|2|2|2|2|2|2|2||2|2|1|1||9||1|2|2|1|2|1|2|2|1|52UZPE01152001T52MT02EBS001H049252UZPE01152001T52MT02EBS001H0492F0492
2|434|1|52|UZPE011|52001|T52|MT02|EL ENCANO|CASA2SANTACLARA|-77.141889|1.139522||52UZPE01152001T52MT02EBS001H0493|52UZPE01152001T52MT02EBS001H0493F0493|1|3|3|3|52UZPE01152001T52MT02EBS001|900091143|CC|1004232508|AUXILIARDEENFERMERIA|52UZPE01152001T52MT02EBS001H0493F0493CF493|2024-11-24|1||1||3||4||3|2|5|1|4|1|19||2|9,10|2||3||2||5||1||7|1|1|2|1|1|2|2|2|2|2|2|2||2|2|1|1||9||1|2|2|1|2|1|2|2|1|52UZPE01152001T52MT02EBS001H049352UZPE01152001T52MT02EBS001H0493F0493
2|435|1|52|UZPE011|52001|T52|MT02|EL ENCANO|CASA2SANTACLARA|-77.141889|1.139522||52UZPE01152001T52MT02EBS001H0494|52UZPE01152001T52MT02EBS001H0494F0494|1|3|3|3|52UZPE01152001T52MT02EBS001|900091143|CC|1004232508|AUXILIARDEENFERMERIA|52UZPE01152001T52MT02EBS001H0494F0494CF494|2024-11-24|1||1||3||4||3|2|5|1|2|1|19||2|9,10|2||3||2||5||1||7|1|1|2|1|1|2|2|2|2|2|2|2||2|2|1|1||9||1|2|2|1|2|1|2|2|1|52UZPE01152001T52MT02EBS001H049452UZPE01152001T52MT02EBS001H0494F0494
2|436|1|52|UZPE011|52001|T52|MT02|EL ENCANO|CASASECTORALTOMIRADORSANTACLARA|-77.137324|1.141246||52UZPE01152001T52MT02EBS001H0495|52UZPE01152001T52MT02EBS001H0495F0495|1|1|1|2|52UZPE01152001T52MT02EBS001|900091143|CC|36758143|AUXILIARDEENFERMERIA|52UZPE01152001T52MT02EBS001H0495F0495CF495|2024-11-24|5||5||5||4||1|2|8|4|4|1|5||2|13|0||3||8||6||3||1|2|1|2|1|1|3|2|2|2|2|2|2||2|2|2|2||9||2|2|2|1|2|1|2|2|1|52UZPE01152001T52MT02EBS001H049552UZPE01152001T52MT02EBS001H0495F0495
2|437|1|52|UZPE011|52001|T52|MT02|EL ENCANO|SECTORALTOELMIRADOR|-77.144329|1.135266||52UZPE01152001T52MT02EBS001H0496|52UZPE01152001T52MT02EBS001H0496F0496|1|1|1|4|52UZPE01152001T52MT02EBS001|900091143|CC|59314451|ODONTOLOGA|52UZPE01152001T52MT02EBS001H0496F0496CF496|2024-11-24|1||5||5||4||3|2|8|1|4|1|20||2|13|0||3||8||6||5||1|4|1|4|1|1|3|2|2|2|2|2|2||2|2|1|2||9||1|2|2|1|2|1|2|2|1|52UZPE01152001T52MT02EBS001H049652UZPE01152001T52MT02EBS001H0496F0496
2|438|1|52|UZPE011|52001|T52|MT02|EL ENCANO|CASA130VDASANTACLARA|-77.14342|1.13877||52UZPE01152001T52MT02EBS001H0498|52UZPE01152001T52MT02EBS001H0498F0498|1|1|1|2|52UZPE01152001T52MT02EBS001|900091143|CC|1193265360|TECNOLOGAENPROMOCIONDELASALUD|52UZPE01152001T52MT02EBS001H0498F0498CF498|2024-11-26|1||1||3||4||1|2|11|2|4|1|20||2|9,10|2||3||2||1||1||1|2|1|1|1|1|2|2|2|2|2|2|2||2|2|2|1||9||2|2|2|1|1|1|2|2|1|52UZPE01152001T52MT02EBS001H049852UZPE01152001T52MT02EBS001H0498F0498
2|439|1|52|UZPE011|52001|T52|MT02|EL ENCANO|CASA130VDASANTACLARA|-77.14342|1.13877||52UZPE01152001T52MT02EBS001H0499|52UZPE01152001T52MT02EBS001H0499F0499|1|1|1|2|52UZPE01152001T52MT02EBS001|900091143|CC|1193265360|TECNOLOGAENPROMOCIONDELASALUD|52UZPE01152001T52MT02EBS001H0499F0499CF499|2024-11-26|1||1||3||4||1|2|11|2|2|1|20||2|9,10|2||3||2||1||1||1|4|1|1|1|1|1|2|2|2|2|2|2||2|2|2|1||9||2|2|2|1|2|1|2|2|1|52UZPE01152001T52MT02EBS001H049952UZPE01152001T52MT02EBS001H0499F0499
2|440|1|52|UZPE011|52001|T52|MT02|EL ENCANO|CASA74SANTACLARA|-77.143189|1.139837||52UZPE01152001T52MT02EBS001H0500|52UZPE01152001T52MT02EBS001H0500F0500|1|2|2|4|52UZPE01152001T52MT02EBS001|900091143|CC|1004232508|AUXILIARDEENFERMERIA|52UZPE01152001T52MT02EBS001H0500F0500CF500|2024-11-26|1||1||3||4||3|2|5|2|2|1|19||2|13|0||3||2||5||1||2|2|1|2|1|1|2|2|2|2|2|2|2||2|2|1|1||9||1|2|2|1|2|1|2|2|1|52UZPE01152001T52MT02EBS001H050052UZPE01152001T52MT02EBS001H0500F0500
2|441|1|52|UZPE011|52001|T52|MT02|EL ENCANO|CASA74SANTACLARA|-77.143189|1.139837||52UZPE01152001T52MT02EBS001H0501|52UZPE01152001T52MT02EBS001H0501F0501|1|2|2|4|52UZPE01152001T52MT02EBS001|900091143|CC|1004232508|AUXILIARDEENFERMERIA|52UZPE01152001T52MT02EBS001H0501F0501CF501|2024-11-26|1||1||3||4||3|2|5|2|4|1|19||2|13|0||3||2||5||1||1|2|1|2|1|1|2|2|2|2|2|2|2||2|2|1|1||9||1|2|2|1|2|1|2|2|1|52UZPE01152001T52MT02EBS001H050152UZPE01152001T52MT02EBS001H0501F0501
2|442|1|52|UZPE011|52001|T52|MT02|EL ENCANO|CASA79VDASANTACLARA|-77.14332|1.13874||52UZPE01152001T52MT02EBS001H0502|52UZPE01152001T52MT02EBS001H0502F0502|1|1|1|3|52UZPE01152001T52MT02EBS001|900091143|CC|1193265360|TECNOLOGAENPROMOCIONDELASALUD|52UZPE01152001T52MT02EBS001H0502F0502CF502|2024-11-26|1||1||3||4||2|2|11|1|2|1|5||1|13|0||3||2||1||1||1|3|1|1|1|1|1|2|2|2|2|2|2||2|2|2|2||9||2|2|2|1|2|1|2|2|1|52UZPE01152001T52MT02EBS001H050252UZPE01152001T52MT02EBS001H0502F0502
2|443|1|52|UZPE011|52001|T52|MT02|EL ENCANO|CASA79VDASANTACLARA|-77.14332|1.13874||52UZPE01152001T52MT02EBS001H0503|52UZPE01152001T52MT02EBS001H0503F0503|1|1|1|3|52UZPE01152001T52MT02EBS001|900091143|CC|1193265360|TECNOLOGAENPROMOCIONDELASALUD|52UZPE01152001T52MT02EBS001H0503F0503CF503|2024-11-26|1||1||3||4||2|2|11|1|2|1|5||1|13|0||3||2||1||1||7|1|1|1|1|1|1|2|2|2|2|2|2||2|2|2|2||9||2|2|2|1|2|1|2|2|1|52UZPE01152001T52MT02EBS001H050352UZPE01152001T52MT02EBS001H0503F0503
2|444|1|52|UZPE011|52001|T52|MT02|EL ENCANO|CASA10SANTACLARA|-77.137194|1.135923||52UZPE01152001T52MT02EBS001H0504|52UZPE01152001T52MT02EBS001H0504F0504|1|2|2|2|52UZPE01152001T52MT02EBS001|900091143|CC|1004232508|AUXILIARDEENFERMERIA|52UZPE01152001T52MT02EBS001H0504F0504CF504|2024-11-19|1||1||3||1||2|2|5|1|2|1|19||2|13|0||3||2||5||1||7|1|1|2|1|1|2|2|2|2|2|2|2||2|2|1|1||9||1|2|2|1|2|1|2|2|1|52UZPE01152001T52MT02EBS001H050452UZPE01152001T52MT02EBS001H0504F0504
2|445|1|52|UZPE011|52001|T52|MT02|EL ENCANO|CASA10SANTACLARA|-77.137194|1.135923||52UZPE01152001T52MT02EBS001H0505|52UZPE01152001T52MT02EBS001H0505F0505|1|2|2|2|52UZPE01152001T52MT02EBS001|900091143|CC|1004232508|AUXILIARDEENFERMERIA|52UZPE01152001T52MT02EBS001H0505F0505CF505|2024-11-19|1||1||3||1||2|2|5|1|4|1|19||2|13|0||3||2||5||1||7|1|1|4|1|1|2|2|2|2|2|2|2||2|2|1|1||9||1|2|2|1|1|1|2|2|1|52UZPE01152001T52MT02EBS001H050552UZPE01152001T52MT02EBS001H0505F0505
2|446|1|52|UZPE011|52001|T52|MT02|EL ENCANO|SANTAROSACASAN88|-77.130949|1.126323||52UZPE01152001T52MT02EBS001H0507|52UZPE01152001T52MT02EBS001H0507F0507|1|1|1|5|52UZPE01152001T52MT02EBS001|900091143|CC|1081272318|AUXILIARESDEENFERMERIA|52UZPE01152001T52MT02EBS001H0507F0507CF507|2024-11-24|1||1||3||4||3|2|11|4|4|1|20||2|9,10|2||3||2||6||3||1|5|1|1|1|1|2|2|2|2|2|2|2||2|2|2|2||9||2|2|2|1|1|1|2|2|1|52UZPE01152001T52MT02EBS001H050752UZPE01152001T52MT02EBS001H0507F0507
2|447|1|52|UZPE011|52001|T52|MT02|EL ENCANO|SANTAROSACASADV19|-77.131115|1.125668||52UZPE01152001T52MT02EBS001H0508|52UZPE01152001T52MT02EBS001H0508F0508|1|1|1|4|52UZPE01152001T52MT02EBS001|900091143|CC|1081272318|AUXILIARESDEENFERMERIA|52UZPE01152001T52MT02EBS001H0508F0508CF508|2024-11-24|1||1||3||4||3|2|11|4|4|1|20||2|9,10|2||3||2||6||3||1|4|1|1|1|1|2|2|2|2|2|2|2||2|2|2|2||9||2|2|2|1|1|1|2|2|1|52UZPE01152001T52MT02EBS001H050852UZPE01152001T52MT02EBS001H0508F0508
2|448|1|52|UZPE011|52001|T52|MT02|EL ENCANO|SANTAROSACASA41|-77.131034|1.125443||52UZPE01152001T52MT02EBS001H0509|52UZPE01152001T52MT02EBS001H0509F0509|1|1|1|3|52UZPE01152001T52MT02EBS001|900091143|CC|1081272318|AUXILIARESDEENFERMERIA|52UZPE01152001T52MT02EBS001H0509F0509CF509|2024-11-24|1||1||3||4||2|2|11|1|4|1|20||2|9,10|2||3||2||6||3||1|3|1|1|1|1|2|2|2|2|2|2|2||2|2|2|2||9||2|2|2|1|1|1|2|2|1|52UZPE01152001T52MT02EBS001H050952UZPE01152001T52MT02EBS001H0509F0509
2|449|1|52|UZPE011|52001|T52|MT02|EL ENCANO|SANTAROSACASAN22|-77.146696|1.152845||52UZPE01152001T52MT02EBS001H0510|52UZPE01152001T52MT02EBS001H0510F0510|1|1|1|2|52UZPE01152001T52MT02EBS001|900091143|CC|1081272318|AUXILIARESDEENFERMERIA|52UZPE01152001T52MT02EBS001H0510F0510CF510|2024-11-26|1||2||3||4||2|2|11|4|4|1|20||1|9,10|2||3||2||6||3||1|2|1|1|1|1|2|2|2|2|2|2|2||2|2|2|2||9||2|2|2|1|1|1|2|2|1|52UZPE01152001T52MT02EBS001H051052UZPE01152001T52MT02EBS001H0510F0510
2|450|1|52|UZPE011|52001|T52|MT02|EL ENCANO|CASA29VDASANTATERESITA|-77.13077|1.074314||52UZPE01152001T52MT02EBS001H0514|52UZPE01152001T52MT02EBS001H0514F0514|1|1|1|1|52UZPE01152001T52MT02EBS001|900091143|CC|1193265360|TECNOLOGAENPROMOCIONDELASALUD|52UZPE01152001T52MT02EBS001H0514F0514CF514|2024-10-16|1||5||3||4||1|2|11|4|4|2|20||1|9,10|2||3||2||5||5||7|1|1|2|1|1|1|2|2|2|2|2|2||2|2|1|2||9||1|2|2|1|2|1|2|2|1|52UZPE01152001T52MT02EBS001H051452UZPE01152001T52MT02EBS001H0514F0514
2|451|1|52|UZPE011|52001|T52|MT02|EL ENCANO|CASA5VEREDASANTACLARA|-77.133785|1.136969||52UZPE01152001T52MT02EBS001H0515|52UZPE01152001T52MT02EBS001H0515F0515|1|3|3|1|52UZPE01152001T52MT02EBS001|900091143|CC|1193265360|TECNOLOGAENPROMOCIONDELASALUD|52UZPE01152001T52MT02EBS001H0515F0515CF515|2024-11-19|1||1||3||4||4|2|11|4|2|1|20||1|13|0||3||2||5||5||1|2|1|1|1|1|1|2|2|2|2|2|2||2|2|1|2||9||1|2|2|1|1|1|2|2|1|52UZPE01152001T52MT02EBS001H051552UZPE01152001T52MT02EBS001H0515F0515
2|452|1|52|UZPE011|52001|T52|MT02|EL ENCANO|CASA5VEREDASANTACLARA|-77.133785|1.136969||52UZPE01152001T52MT02EBS001H0516|52UZPE01152001T52MT02EBS001H0516F0516|1|3|3|1|52UZPE01152001T52MT02EBS001|900091143|CC|1193265360|TECNOLOGAENPROMOCIONDELASALUD|52UZPE01152001T52MT02EBS001H0516F0516CF516|2024-11-19|1||1||3||4||4|2|11|4|2|1|20||1|13|0||3||2||5||5||7|1|1|2|1|1|2|2|2|2|2|2|2||2|2|2|1||9||2|2|2|1|2|1|2|2|1|52UZPE01152001T52MT02EBS001H051652UZPE01152001T52MT02EBS001H0516F0516
2|453|1|52|UZPE011|52001|T52|MT02|EL ENCANO|CASA5VEREDASANTACLARA|-77.133785|1.136969||52UZPE01152001T52MT02EBS001H0517|52UZPE01152001T52MT02EBS001H0517F0517|1|3|3|1|52UZPE01152001T52MT02EBS001|900091143|CC|1193265360|TECNOLOGAENPROMOCIONDELASALUD|52UZPE01152001T52MT02EBS001H0517F0517CF517|2024-11-19|1||1||3||4||4|2|11|4|2|1|20||1|13|0||3||2||5||5||1|2|1|1|1|1|1|2|2|2|2|2|2||2|2|2|1||9||2|2|2|1|2|1|2|2|1|52UZPE01152001T52MT02EBS001H051752UZPE01152001T52MT02EBS001H0517F0517
2|454|1|52|UZPE011|52001|T52|MT02|EL ENCANO|ENCANOCASA105|-77.153907|1.140483||52UZPE01152001T52MT02EBS001H0518|52UZPE01152001T52MT02EBS001H0518F0518|1|1|1|1|52UZPE01152001T52MT02EBS001|900091143|CC|1233190640|PROMOTORDESALUD|52UZPE01152001T52MT02EBS001H0518F0518CF518|2025-10-21|1||5||4||4||2|2|11|5|2|2|20||1|13|0||3||2||6||1||7|1|1|1|1|1|2|2|2|2|2|2|2||2|2|2|1||6||2|2|2|1|2|1|2|2|1|52UZPE01152001T52MT02EBS001H051852UZPE01152001T52MT02EBS001H0518F0518
2|455|1|52|UZPE011|52001|T52|MT02|EL ENCANO|ELPUERTOCASA111DIV1|-77.154649|1.141576||52UZPE01152001T52MT02EBS001H0519|52UZPE01152001T52MT02EBS001H0519F0519|1|1|1|1|52UZPE01152001T52MT02EBS001|900091143|CC|1004437571|AUXILIARENENFERMERIA|52UZPE01152001T52MT02EBS001H0519F0519CF519|2025-10-21|1||5||4||4||1|2|11|5|2|2|20||1|13|0||3||2||6||1||7|1|1|1|1|1|2|2|2|2|2|2|2||2|2|2|2||6||2|2|2|1|1|1|2|2|1|52UZPE01152001T52MT02EBS001H051952UZPE01152001T52MT02EBS001H0519F0519
2|456|1|52|UZPE011|52001|T52|MT02|EL ENCANO|CASA11DIV1AVENIDAPASTO|-77.151752|1.163041||52UZPE01152001T52MT02EBS001H0520|52UZPE01152001T52MT02EBS001H0520F0520|2|1|1|2|52UZPE01152001T52MT02EBS001|900091143|CC|36758143|AUXILIARDEENFERMERIA|52UZPE01152001T52MT02EBS001H0520F0520CF520|2025-10-10|1||1||3||2||1|2|11|5|4|2|20||1|13|0||3||2||1||1||1|2|3|1|1|1|2|2|2|2|2|2|2||2|2|1|1||1||1|2|2|1|2|1|2|2|1|52UZPE01152001T52MT02EBS001H052052UZPE01152001T52MT02EBS001H0520F0520
2|457|1|52|UZPE011|52001|T52|MT02|EL ENCANO|ELPUERTOEMPANADASDEVIVI|-77.153414|1.138663||52UZPE01152001T52MT02EBS001H0521|52UZPE01152001T52MT02EBS001H0521F0521|1|1|1|2|52UZPE01152001T52MT02EBS001|900091143|CC|1004437571|AUXILIARENENFERMERIA|52UZPE01152001T52MT02EBS001H0521F0521CF521|2025-10-23|1||5||4||4||2|2|11|5|2|2|20||1|13|2||3||2||6||1||1|2|1|1|1|1|1|2|2|2|2|2|2||2|2|2|2||6||2|2|2|1|2|1|2|2|1|52UZPE01152001T52MT02EBS001H052152UZPE01152001T52MT02EBS001H0521F0521
2|458|1|52|UZPE011|52001|T52|MT02|EL ENCANO|ELPUERTOCASA131A|-77.154643|1.142068||52UZPE01152001T52MT02EBS001H0522|52UZPE01152001T52MT02EBS001H0522F0522|1|1|1|2|52UZPE01152001T52MT02EBS001|900091143|CC|1004437571|AUXILIARENENFERMERIA|52UZPE01152001T52MT02EBS001H0522F0522CF522|2025-10-23|1||5||4||4||2|2|11|5|2|2|20||1|9,10|2||3||2||6||1||1|2|1|1|1|1|1|2|2|2|2|2|2||2|2|2|1||6||2|2|2|1|2|1|2|2|1|52UZPE01152001T52MT02EBS001H052252UZPE01152001T52MT02EBS001H0522F0522
2|459|1|52|UZPE011|52001|T52|MT02|EL ENCANO|ELPUERTOCASA103B|-77.154856|1.142068||52UZPE01152001T52MT02EBS001H0523|52UZPE01152001T52MT02EBS001H0523F0523|1|1|1|3|52UZPE01152001T52MT02EBS001|900091143|CC|1004437571|AUXILIARENENFERMERIA|52UZPE01152001T52MT02EBS001H0523F0523CF523|2025-10-27|1||5||4||4||2|2|11|5|2|2|20||1|9,10|2||3||2||6||1||1|2|1|1|1|1|1|2|2|2|2|2|2||2|2|2|2||6||2|2|2|1|2|1|2|2|1|52UZPE01152001T52MT02EBS001H052352UZPE01152001T52MT02EBS001H0523F0523
2|460|1|52|UZPE011|52001|T52|MT02|EL ENCANO|ELPUERTOCASA103V|-77.154047|1.141761||52UZPE01152001T52MT02EBS001H0524|52UZPE01152001T52MT02EBS001H0524F0524|1|1|1|2|52UZPE01152001T52MT02EBS001|900091143|CC|1004437571|AUXILIARENENFERMERIA|52UZPE01152001T52MT02EBS001H0524F0524CF524|2025-10-27|1||5||4||4||2|2|11|5|2|2|20||2|13|0||3||2||6||1||1|2|1|1|1|1|1|2|2|2|2|2|2||2|2|2|2||6||2|2|2|1|1|1|2|2|1|52UZPE01152001T52MT02EBS001H052452UZPE01152001T52MT02EBS001H0524F0524
2|461|1|52|UZPE011|52001|T52|MT02|EL ENCANO|CRA2CALLLE356|-77.153723|1.140058||52UZPE01152001T52MT02EBS001H0525|52UZPE01152001T52MT02EBS001H0525F0525|1|2|2|3|52UZPE01152001T52MT02EBS001|900091143|CC|36758143|AUXILIARDEENFERMERIA|52UZPE01152001T52MT02EBS001H0525F0525CF525|2025-10-24|1||1||3||1||2|2|8|5|2|1|20||2|9,10|2||3||1||1||1||1|3|3|1|1|1|2|2|2|2|2|2|2||2|2|1|1||1||1|2|2|1|1|1|2|2|1|52UZPE01152001T52MT02EBS001H052552UZPE01152001T52MT02EBS001H0525F0525
2|462|1|52|UZPE011|52001|T52|MT02|EL ENCANO|CRA2CALLLE356|-77.153723|1.140058||52UZPE01152001T52MT02EBS001H0526|52UZPE01152001T52MT02EBS001H0526F0526|1|2|2|3|52UZPE01152001T52MT02EBS001|900091143|CC|36758143|AUXILIARDEENFERMERIA|52UZPE01152001T52MT02EBS001H0526F0526CF526|2025-10-24|1||1||3||1||2|2|8|5|2|1|20||2|9,10|2||3||1||1||1||2|3|3|1|1|1|1|2|2|2|2|2|2||2|2|2|1||6||2|2|2|1|2|1|2|2|1|52UZPE01152001T52MT02EBS001H052652UZPE01152001T52MT02EBS001H0526F0526
2|463|1|52|UZPE011|52001|T52|MT02|EL ENCANO|SURCAFE|-77.154887|1.141536||52UZPE01152001T52MT02EBS001H0527|52UZPE01152001T52MT02EBS001H0527F0527|1|1|1|1|52UZPE01152001T52MT02EBS001|900091143|CC|1085275400|AUXILIARDEENFERMERIA|52UZPE01152001T52MT02EBS001H0527F0527CF527|2025-10-27|1||5||4||4||1|2|5|5|2|1|20||2|13|0||3||2||6||1||7|1|1|3|1|1|1|2|2|2|2|2|2||2|2|1|2||6||1|2|2|1|2|1|2|2|1|52UZPE01152001T52MT02EBS001H052752UZPE01152001T52MT02EBS001H0527F0527
2|464|1|52|UZPE011|52001|T52|MT02|EL ENCANO|ENCANOCASA77|-77.154792|1.142224||52UZPE01152001T52MT02EBS001H0528|52UZPE01152001T52MT02EBS001H0528F0528|2|1|1|1|52UZPE01152001T52MT02EBS001|900091143|CC|1233190640|PROMOTORDESALUD|52UZPE01152001T52MT02EBS001H0528F0528CF528|2025-10-27|1||5||4||4||1|2|11|5|2|2|20||2|13|0||3||2||6||1||1|1|1|4|1|1|1|2|2|2|2|2|2||2|2|1|2||6||1|2|2|1|1|1|2|2|1|52UZPE01152001T52MT02EBS001H052852UZPE01152001T52MT02EBS001H0528F0528
2|465|1|52|UZPE011|52001|T52|MT02|EL ENCANO|PUERTOCASA69|-77.153821|1.142907||52UZPE01152001T52MT02EBS001H0529|52UZPE01152001T52MT02EBS001H0529F0529|2|1|1|1|52UZPE01152001T52MT02EBS001|900091143|CC|1233190640|PROMOTORDESALUD|52UZPE01152001T52MT02EBS001H0529F0529CF529|2025-10-27|1||5||4||4||1|2|11|2|2|2|20||1|13|0||3||2||6||1||7|1|1|4|1|1|2|2|2|2|2|2|2||2|2|2|2||6||2|2|2|1|1|1|2|2|1|52UZPE01152001T52MT02EBS001H052952UZPE01152001T52MT02EBS001H0529F0529
2|466|1|52|UZPE011|52001|T52|MT02|EL ENCANO|CAS17|-77.152724|1.152877||52UZPE01152001T52MT02EBS001H0530|52UZPE01152001T52MT02EBS001H0530F0530|1|1|1|1|52UZPE01152001T52MT02EBS001|900091143|CC|1233190640|PROMOTORDESALUD|52UZPE01152001T52MT02EBS001H0530F0530CF530|2025-10-28|1||5||4||4||1|2|11|5|2|2|20||2|13|0||3||2||6||1||7|1|1|4|1|1|3|2|2|2|2|2|2||2|2|2|2||6||2|2|2|1|2|1|2|2|1|52UZPE01152001T52MT02EBS001H053052UZPE01152001T52MT02EBS001H0530F0530
2|467|1|52|UZPE011|52001|T52|MT02|EL ENCANO|CASA18ELPUERTOSECTORSANTAMARIA|-77.153087|1.152334||52UZPE01152001T52MT02EBS001H0531|52UZPE01152001T52MT02EBS001H0531F0531|2|1|1|2|52UZPE01152001T52MT02EBS001|900091143|CC|36758143|AUXILIARDEENFERMERIA|52UZPE01152001T52MT02EBS001H0531F0531CF531|2025-10-28|1||1||4||2||1|2|8|5|2|2|19||2|13|0||3||2||5||1||1|2|3|1|1|1|1|2|2|2|2|2|2||2|2|1|1||1||1|2|2|1|1|1|2|2|1|52UZPE01152001T52MT02EBS001H053152UZPE01152001T52MT02EBS001H0531F0531
2|468|1|52|UZPE011|52001|T52|MT02|EL ENCANO|CASA2012|-77.155289|1.164285||52UZPE01152001T52MT02EBS001H0532|52UZPE01152001T52MT02EBS001H0532F0532|1|1|1|4|52UZPE01152001T52MT02EBS001|900091143|CC|1085275400|AUXILIARDEENFERMERIA|52UZPE01152001T52MT02EBS001H0532F0532CF532|2025-10-29|1||1||3||1||3|2|11|5|2|2|20||1|13|0||1||2||1||1||1|4|1|1|1|1|1|2|2|2|2|2|2||2|2|2|2||6||2|2|2|1|1|1|2|2|1|52UZPE01152001T52MT02EBS001H053252UZPE01152001T52MT02EBS001H0532F0532
2|469|1|52|UZPE011|52001|T52|MT02|EL ENCANO|ELPUERTOCASA3B|-77.153953|1.156675||52UZPE01152001T52MT02EBS001H0533|52UZPE01152001T52MT02EBS001H0533F0533|1|1|1|4|52UZPE01152001T52MT02EBS001|900091143|CC|1004437571|AUXILIARENENFERMERIA|52UZPE01152001T52MT02EBS001H0533F0533CF533|2025-10-29|1||1||3||4||4|2|11|5|2|2|20||1|13|0||3||2||6||1||1|4|1|1|1|1|1|2|2|2|2|2|2||2|2|2|1||6||2|2|2|1|1|1|2|2|1|52UZPE01152001T52MT02EBS001H053352UZPE01152001T52MT02EBS001H0533F0533
2|470|1|52|UZPE011|52001|T52|MT02|EL ENCANO|CASABELPUERTO|-77.153391|1.150611||52UZPE01152001T52MT02EBS001H0534|52UZPE01152001T52MT02EBS001H0534F0534|1|1|1|2|52UZPE01152001T52MT02EBS001|900091143|CC|1004437571|AUXILIARENENFERMERIA|52UZPE01152001T52MT02EBS001H0534F0534CF534|2025-10-29|1||5||4||4||1|2|11|5|2|1|20||1|13|0||3||2||6||1||1|2|1|1|1|1|1|2|2|2|2|2|2||2|2|2|2||6||2|2|2|1|1|1|2|2|1|52UZPE01152001T52MT02EBS001H053452UZPE01152001T52MT02EBS001H0534F0534
2|471|1|52|UZPE011|52001|T52|MT02|EL ENCANO|ELENCANOCASAV|-77.155388|1.163747||52UZPE01152001T52MT02EBS001H0535|52UZPE01152001T52MT02EBS001H0535F0535|1|1|1|4|52UZPE01152001T52MT02EBS001|900091143|CC|1004437571|AUXILIARENENFERMERIA|52UZPE01152001T52MT02EBS001H0535F0535CF535|2025-10-29|1||1||3||4||3|2|11|5|2|2|20||2|13|0||3||2||6||3||1|4|1|1|1|1|1|2|2|2|2|2|2||2|2|2|2||6||2|2|2|1|1|1|2|2|1|52UZPE01152001T52MT02EBS001H053552UZPE01152001T52MT02EBS001H0535F0535
2|472|1|52|UZPE011|52001|T52|MT02|EL ENCANO|CASAENCANO|-77.155244|1.163192||52UZPE01152001T52MT02EBS001H0537|52UZPE01152001T52MT02EBS001H0537F0537|1|1|1|2|52UZPE01152001T52MT02EBS001|900091143|CC|1085275400|AUXILIARDEENFERMERIA|52UZPE01152001T52MT02EBS001H0537F0537CF537|2025-10-29|1||5||4||4||2|2|8|5|1|1|20||2|13|0||3||2||6||3||1|2|1|1|1|1|1|2|2|2|2|2|2||2|2|1|2||6||1|2|2|1|2|1|2|2|1|52UZPE01152001T52MT02EBS001H053752UZPE01152001T52MT02EBS001H0537F0537
2|473|1|52|UZPE011|52001|T52|MT02|EL ENCANO|CARRERA2CALLE1816ENENCANOCENTRO|-77.156264|1.162469||52UZPE01152001T52MT02EBS001H0538|52UZPE01152001T52MT02EBS001H0538F0538|1|1|1|1|52UZPE01152001T52MT02EBS001|900091143|CC|1004437571|AUXILIARENENFERMERIA|52UZPE01152001T52MT02EBS001H0538F0538CF538|2025-10-10|1||1||3||4||1|2|11|5|2|2|20||1|13|0||3||2||1||1||7|1|1|1|1|1|1|2|2|2|2|2|2||2|2|2|2||6||2|2|2|1|1|1|2|2|1|52UZPE01152001T52MT02EBS001H053852UZPE01152001T52MT02EBS001H0538F0538
2|474|1|52|UZPE011|52001|T52|MT02|EL ENCANO|VEREDAPUERTO17V|-77.153425|1.152411||52UZPE01152001T52MT02EBS001H0539|52UZPE01152001T52MT02EBS001H0539F0539|1|1|1|1|52UZPE01152001T52MT02EBS001|900091143|CC|1233190640|PROMOTORDESALUD|52UZPE01152001T52MT02EBS001H0539F0539CF539|2025-10-28|1||5||4||4||1|2|11|5|2|2|20||2|13|0||3||2||6||1||7|1|2|4|1|1|3|2|2|2|2|2|2||2|2|1|1||6||1|2|2|1|2|1|2|2|1|52UZPE01152001T52MT02EBS001H053952UZPE01152001T52MT02EBS001H0539F0539
2|475|1|52|UZPE011|52001|T52|MT02|EL ENCANO|CASAN414|-77.155702|1.16173||52UZPE01152001T52MT02EBS001H0540|52UZPE01152001T52MT02EBS001H0540F0540|1|1|1|3|52UZPE01152001T52MT02EBS001|900091143|CC|1085275400|AUXILIARDEENFERMERIA|52UZPE01152001T52MT02EBS001H0540F0540CF540|2025-10-29|1||1||3||1||3|2|5|5|2|2|20||2|13|0||3||2||1||1||2|3|3|1|1|1|1|2|2|2|2|2|2||2|2|1|2||6||1|2|2|1|2|1|2|2|1|52UZPE01152001T52MT02EBS001H054052UZPE01152001T52MT02EBS001H0540F0540
2|476|1|52|UZPE011|52001|T52|MT02|EL ENCANO|ELPUERTOCASA16B|-77.153339|1.133311||52UZPE01152001T52MT02EBS001H0541|52UZPE01152001T52MT02EBS001H0541F0541|1|1|1|2|52UZPE01152001T52MT02EBS001|900091143|CC|1004437571|AUXILIARENENFERMERIA|52UZPE01152001T52MT02EBS001H0541F0541CF541|2025-10-28|1||5||4||4||2|2|11|5|2|2|20||1|13|0||3||2||6||1||1|3|1|1|1|1|1|2|2|2|2|2|2||2|2|2|2||6||2|2|2|1|1|1|2|2|1|52UZPE01152001T52MT02EBS001H054152UZPE01152001T52MT02EBS001H0541F0541
2|477|1|52|UZPE011|52001|T52|MT02|EL ENCANO|ENCANOCRA3N204|-77.155396|1.162026||52UZPE01152001T52MT02EBS001H0542|52UZPE01152001T52MT02EBS001H0542F0542|1|1|1|2|52UZPE01152001T52MT02EBS001|900091143|CC|1085275400|AUXILIARDEENFERMERIA|52UZPE01152001T52MT02EBS001H0542F0542CF542|2025-10-29|1||1||3||1||2|2|5|5|2|1|7||2|13|0||3||1||1||1||2|2|3|1|1|1|1|2|2|2|2|2|2||2|2|1|2||1||1|2|2|1|2|1|2|2|1|52UZPE01152001T52MT02EBS001H054252UZPE01152001T52MT02EBS001H0542F0542
2|478|1|52|UZPE011|52001|T52|MT02|EL ENCANO|CALLE2CRA311CER1517|-77.1557|1.162549||52UZPE01152001T52MT02EBS001H0543|52UZPE01152001T52MT02EBS001H0543F0543|1|2|2|1|52UZPE01152001T52MT02EBS001|900091143|CC|59310853|AUXILIARDEENFERMERIA|52UZPE01152001T52MT02EBS001H0543F0543CF543|2025-10-30|5||1||3||1||1|2|11|5|2|2|20||1|13|0||3||2||1||1||7|1|2|3|1|1|2|2|2|2|2|2|2||2|2|2|1||6||2|2|2|1|1|1|2|2|1|52UZPE01152001T52MT02EBS001H054352UZPE01152001T52MT02EBS001H0543F0543
2|479|1|52|UZPE011|52001|T52|MT02|EL ENCANO|ELENCANOCASA17|-77.154692|1.162744||52UZPE01152001T52MT02EBS001H0544|52UZPE01152001T52MT02EBS001H0544F0544|1|1|1|3|52UZPE01152001T52MT02EBS001|900091143|CC|1004437571|AUXILIARENENFERMERIA|52UZPE01152001T52MT02EBS001H0544F0544CF544|2025-10-29|1||1||3||4||2|2|11|5|2|2|20||1|13|0||3||2||1||1||1|3|3|1|1|1|1|2|2|2|2|2|2||2|2|2|2||6||2|2|2|1|1|1|2|2|1|52UZPE01152001T52MT02EBS001H054452UZPE01152001T52MT02EBS001H0544F0544
2|480|1|52|UZPE011|52001|T52|MT02|EL ENCANO|ELPUERTOCASA64|-77.133566|1.142262||52UZPE01152001T52MT02EBS001H0545|52UZPE01152001T52MT02EBS001H0545F0545|1|1|1|2|52UZPE01152001T52MT02EBS001|900091143|CC|1004437571|AUXILIARENENFERMERIA|52UZPE01152001T52MT02EBS001H0545F0545CF545|2025-10-29|1||5||4||4||1|2|11|5|2|2|20||1|13|0||3||2||6||1||1|2|1|1|1|1|1|2|2|2|2|2|2||2|2|2|2||6||2|2|2|1|1|1|2|2|1|52UZPE01152001T52MT02EBS001H054552UZPE01152001T52MT02EBS001H0545F0545
2|481|1|52|UZPE011|52001|T52|MT02|EL ENCANO|CASA4ADIIV1|-77.159714|1.162582||52UZPE01152001T52MT02EBS001H0546|52UZPE01152001T52MT02EBS001H0546F0546|1|1|1|4|52UZPE01152001T52MT02EBS001|900091143|CC|1233190640|PROMOTORDESALUD|52UZPE01152001T52MT02EBS001H0546F0546CF546|2025-11-25|1||1||3||4||4|2|11|5|3|2|20||1|9,10|2||3||2||6||3||1|4|1|4|1|1|2|2|2|2|2|2|2||2|2|1|2||6||1|2|2|1|2|1|2|2|1|52UZPE01152001T52MT02EBS001H054652UZPE01152001T52MT02EBS001H0546F0546
3|482|YINA|KATERINE|JOJOA|ROSERO|CC|1233190053|1997-08-27|2|2|6|9510|3|1||7|07|||8|60.0|155|||2||||||||||||52UZPE01152001T52MT02EBS001H012752UZPE01152001T52MT02EBS001H0127F0127|52UZPE01152001T52MT02EBS001H012752UZPE01152001T52MT02EBS001H0127F0127CC1233190053
3|483|CRISTIAN|ESTEBAN|DIAZ|JOJOA|TI|1084194770|2012-08-01|1|2|6|9998|3|1||1|07|||8|45.0|151|||2||||||||||||52UZPE01152001T52MT02EBS001H012752UZPE01152001T52MT02EBS001H0127F0127|52UZPE01152001T52MT02EBS001H012752UZPE01152001T52MT02EBS001H0127F0127TI1084194770
3|484|FRANCO|AUGUSTO|JOJOA|JOJOA|CC|1804359|1944-09-11|1|2|6|9510|3|1||3|07|||8|76.0|175|||2||||||||||||52UZPE01152001T52MT02EBS001H012852UZPE01152001T52MT02EBS001H0128F0128|52UZPE01152001T52MT02EBS001H012852UZPE01152001T52MT02EBS001H0128F0128CC1804359
3|485|MARIA|ESPERANZA|BOTINA|DEJOJOA|CC|27086779|1951-07-14|2|2|6|9998|3|1||3|07|||1|50.0|155|||2||||||||||||52UZPE01152001T52MT02EBS001H012852UZPE01152001T52MT02EBS001H0128F0128|52UZPE01152001T52MT02EBS001H012852UZPE01152001T52MT02EBS001H0128F0128CC27086779
3|486|JHON|FRANCO|JOJOA|BOTINA|CC|1085278516|1987-05-15|1|2|6|9998|3|1||4|07|||1|70.0|180|||2||||||||||||52UZPE01152001T52MT02EBS001H012852UZPE01152001T52MT02EBS001H0128F0128|52UZPE01152001T52MT02EBS001H012852UZPE01152001T52MT02EBS001H0128F0128CC1085278516
3|487|GUSTAVO|ANIBAL|JOJOA|BOTINA|CC|1084194057|1973-12-04|1|2|6|9998|3|1||4|07|||1|40.0|150|||2||||||||||||52UZPE01152001T52MT02EBS001H012852UZPE01152001T52MT02EBS001H0128F0128|52UZPE01152001T52MT02EBS001H012852UZPE01152001T52MT02EBS001H0128F0128CC1084194057
3|488|MARIA|RUTH|NARVAEZ|BOTINA|CC|59822093|1972-12-31|2|2|6|9998|3|1||7|07|||8|55.0|145|||2||||||||||||52UZPE01152001T52MT02EBS001H012952UZPE01152001T52MT02EBS001H0129F0129|52UZPE01152001T52MT02EBS001H012952UZPE01152001T52MT02EBS001H0129F0129CC59822093
3|489|NELSON|GABRIEL|TORRES|NA|CC|98385584|1969-02-11|1|2|6|9510|3|1||7|07|||8|71.0|164|||2||||||||||||52UZPE01152001T52MT02EBS001H012952UZPE01152001T52MT02EBS001H0129F0129|52UZPE01152001T52MT02EBS001H012952UZPE01152001T52MT02EBS001H0129F0129CC98385584
3|490|LUCIANO|NA|PEREZ|VENEGAS|CC|12750124|1942-03-19|1|2|6|9510|3|1||3|07|||8|65.0|170|||2||||||||||||52UZPE01152001T52MT02EBS001H013052UZPE01152001T52MT02EBS001H0130F0130|52UZPE01152001T52MT02EBS001H013052UZPE01152001T52MT02EBS001H0130F0130CC12750124
3|491|EILEEN|ZULEIMA|MUYUY|CERON|TI|1084194852|2013-07-21|2|2|6|9998|3|1||8|07|||8|33.0|133|||2||||||||||||52UZPE01152001T52MT02EBS001H011452UZPE01152001T52MT02EBS001H0114F0114|52UZPE01152001T52MT02EBS001H011452UZPE01152001T52MT02EBS001H0114F0114TI1084194852
3|492|DAMIAN|FELIPE|MUYUY|CERON|TI|1080701985|2015-12-04|1|2|6|9998|3|1||8|07|||8|27.0|127|||2||||||||||||52UZPE01152001T52MT02EBS001H011452UZPE01152001T52MT02EBS001H0114F0114|52UZPE01152001T52MT02EBS001H011452UZPE01152001T52MT02EBS001H0114F0114TI1080701985
3|493|SANDRA|YURANI|CERON|JOJOA|CC|1085311217|1994-02-04|2|2|6|9998|3|1||7|07|||8|52.0|159|||2||||||||||||52UZPE01152001T52MT02EBS001H011452UZPE01152001T52MT02EBS001H0114F0114|52UZPE01152001T52MT02EBS001H011452UZPE01152001T52MT02EBS001H0114F0114CC1085311217
3|494|LAURA|KAROLINA|CUCHALA|HIDALGO|TI|1084194400|2008-03-03|2|2|6|9998|3|1||1|07|||8|42.0|140|||2||||||||||||52UZPE01152001T52MT02EBS001H013152UZPE01152001T52MT02EBS001H0131F0131|52UZPE01152001T52MT02EBS001H013152UZPE01152001T52MT02EBS001H0131F0131TI1084194400
3|495|NELVA|OMAIRA|HIDALGO|JOJOA|CC|27081779|1976-01-10|2|2|6|9998|3|1||7|07|||8|50.0|157|||2||||||||||||52UZPE01152001T52MT02EBS001H013152UZPE01152001T52MT02EBS001H0131F0131|52UZPE01152001T52MT02EBS001H013152UZPE01152001T52MT02EBS001H0131F0131CC27081779
3|496|MARTHA|LUCIA|CUCHALA|HIDALGO|CC|1084194014|2004-03-06|2|2|6|9998|3|1||7|07|||8|50.0|156|||2||||||||||||52UZPE01152001T52MT02EBS001H013152UZPE01152001T52MT02EBS001H0131F0131|52UZPE01152001T52MT02EBS001H013152UZPE01152001T52MT02EBS001H0131F0131CC1084194014
3|497|CHRISTIAN|DANIEL|CUCHALA|HIDALGO|CC|1084194259|2006-07-27|1|2|6|9510|3|1||7|07|||8|62.0|168|||2||||||||||||52UZPE01152001T52MT02EBS001H013152UZPE01152001T52MT02EBS001H0131F0131|52UZPE01152001T52MT02EBS001H013152UZPE01152001T52MT02EBS001H0131F0131CC1084194259
3|498|JOSE|MIGUEL|CUCHALA|NAVARRETE|CC|12993820|1968-03-25|1|2|6|9510|3|1||7|07|||8|67.0|165|||2||||||||||||52UZPE01152001T52MT02EBS001H013152UZPE01152001T52MT02EBS001H0131F0131|52UZPE01152001T52MT02EBS001H013152UZPE01152001T52MT02EBS001H0131F0131CC12993820
3|499|JOSE|MIGUEL|CUCHALA|HIDALGO|CC|1004437642|2002-08-27|1|2|6|9510|3|1||7|07|||8|62.0|168|||2||||||||||||52UZPE01152001T52MT02EBS001H013252UZPE01152001T52MT02EBS001H0132F0132|52UZPE01152001T52MT02EBS001H013252UZPE01152001T52MT02EBS001H0132F0132CC1004437642
3|500|PAULA|ANDREA|CUCHALA|HIDALGO|CC|1004437743|2000-12-15|2|2|6|9510|3|1||7|07|||8|56.0|157|||2||||||||||||52UZPE01152001T52MT02EBS001H013352UZPE01152001T52MT02EBS001H0133F0133|52UZPE01152001T52MT02EBS001H013352UZPE01152001T52MT02EBS001H0133F0133CC1004437743
3|501|MARTA|ELISA|NAVARRETE|DECUCHALA|CC|27086578|1946-08-03|2|2|6|9998|3|1||3|07|||8|38.0|153|||2||||||||||||52UZPE01152001T52MT02EBS001H013452UZPE01152001T52MT02EBS001H0134F0134|52UZPE01152001T52MT02EBS001H013452UZPE01152001T52MT02EBS001H0134F0134CC27086578
3|502|JOSE|NINGUNO|CUCHALA|JOJOA|CC|1804259|1940-01-07|1|2|6|9998|3|1||3|07|||2|49.0|159|||2||||||||||||52UZPE01152001T52MT02EBS001H013452UZPE01152001T52MT02EBS001H0134F0134|52UZPE01152001T52MT02EBS001H013452UZPE01152001T52MT02EBS001H0134F0134CC1804259
3|503|SEGUNDA|REINELDA|JOSA|NARVAEZ|CC|30720285|1952-01-16|2|2|6|9998|3|1||3|07|||8|54.0|150|||2||||||||||||52UZPE01152001T52MT02EBS001H013552UZPE01152001T52MT02EBS001H0135F0135|52UZPE01152001T52MT02EBS001H013552UZPE01152001T52MT02EBS001H0135F0135CC30720285
3|504|DAYANA|ALEXANDRA|JOJOA|GUERRERO|CC|1004135341|2002-10-29|2|2|6|9998|3|1||7|07|||8|50.0|152|||2||||||||||||52UZPE01152001T52MT02EBS001H013752UZPE01152001T52MT02EBS001H0137F0137|52UZPE01152001T52MT02EBS001H013752UZPE01152001T52MT02EBS001H0137F0137CC1004135341
3|505|JUAN|DAVID|PAZ|JOJOA|RC|1084195270|2019-07-11|1|2|6|9998|3|1||8|07|||8|||||2||||||||||||52UZPE01152001T52MT02EBS001H013752UZPE01152001T52MT02EBS001H0137F0137|52UZPE01152001T52MT02EBS001H013752UZPE01152001T52MT02EBS001H0137F0137RC1084195270
3|506|WILLIAM|ARLEY|PAZ|BENAVIDES|CC|108532522|1995-12-06|1|2|6|9510|3|1||7|07|||8|69.0|167|||2||||||||||||52UZPE01152001T52MT02EBS001H013752UZPE01152001T52MT02EBS001H0137F0137|52UZPE01152001T52MT02EBS001H013752UZPE01152001T52MT02EBS001H0137F0137CC108532522
3|507|JHONIER|ANDRES|GUERRERO|JOJOA|TI|1084194316|2007-04-01|1|2|6|9998|3|1||1|07|||8|54.0|158|||2||||||||||||52UZPE01152001T52MT02EBS001H013852UZPE01152001T52MT02EBS001H0138F0138|52UZPE01152001T52MT02EBS001H013852UZPE01152001T52MT02EBS001H0138F0138TI1084194316
3|508|ROLANDO|MILEN|GUERRERO|PISTALA|CC|13071229|1981-06-15|1|2|6|9510|3|1||7|07|||8|69.0|170|||2||||||||||||52UZPE01152001T52MT02EBS001H013852UZPE01152001T52MT02EBS001H0138F0138|52UZPE01152001T52MT02EBS001H013852UZPE01152001T52MT02EBS001H0138F0138CC13071229
3|509|CARMEN|NOREFIERE|JOJOA|JOJOA|CC|27088871|1977-10-27|2|2|6|9998|3|1||7|07|||8|46.0|150|||2||||||||||||52UZPE01152001T52MT02EBS001H013852UZPE01152001T52MT02EBS001H0138F0138|52UZPE01152001T52MT02EBS001H013852UZPE01152001T52MT02EBS001H0138F0138CC27088871
3|510|HECTOR|JULIAN|GUERRERO|CU|TI|1084195053|2016-01-26|1|2|6|9998|3|1||8|07|||8|27.0|120|||2||||||||||||52UZPE01152001T52MT02EBS001H014052UZPE01152001T52MT02EBS001H0140F0140|52UZPE01152001T52MT02EBS001H014052UZPE01152001T52MT02EBS001H0140F0140TI1084195053
3|511|SILVIA|MARCELA|CUATINDIOY|BOTINA|CC|1121507106|1990-10-13|2|2|6|9998|3|1||7|07|||8|52.0|154|||2||||||||||||52UZPE01152001T52MT02EBS001H014052UZPE01152001T52MT02EBS001H0140F0140|52UZPE01152001T52MT02EBS001H014052UZPE01152001T52MT02EBS001H0140F0140CC1121507106
3|512|FABIO|HERNANDO|GUERRERO|PISTOLA|CC|87062790|1983-11-07|1|2|6|9510|3|1||7|07|||8|68.0|171|||2||||||||||||52UZPE01152001T52MT02EBS001H014052UZPE01152001T52MT02EBS001H0140F0140|52UZPE01152001T52MT02EBS001H014052UZPE01152001T52MT02EBS001H0140F0140CC87062790
3|513|AMANDA|RAQUEL|GUERRERO|PISTALA|CC|36752269|1979-01-29|2|2|6|9998|3|1||7|07|||8|55.0|144|||2||||||||||||52UZPE01152001T52MT02EBS001H014252UZPE01152001T52MT02EBS001H0142F0142|52UZPE01152001T52MT02EBS001H014252UZPE01152001T52MT02EBS001H0142F0142CC36752269
3|514|NELSON|HERNANDO|JOJOA|BOTINA|CC|98395970|1976-07-27|1|2|6|9510|3|1||7|07|||8|60.0|162|||2||||||||||||52UZPE01152001T52MT02EBS001H014252UZPE01152001T52MT02EBS001H0142F0142|52UZPE01152001T52MT02EBS001H014252UZPE01152001T52MT02EBS001H0142F0142CC98395970
3|515|HAIDER|ALEXANDER|CUATINDIOY|BOTINA|CC|1084194794|2006-07-26|1|2|6|9510|3|1||7|07|||8|69.0|172|||2||||||||||||52UZPE01152001T52MT02EBS001H013952UZPE01152001T52MT02EBS001H0139F0139|52UZPE01152001T52MT02EBS001H013952UZPE01152001T52MT02EBS001H0139F0139CC1084194794
3|516|YEFRI|DUVAN|JOJOA|GUERRERO|CC|1193035287|1999-04-23|1|2|6|9998|3|1||7|07|||8|58.0|167|||2||||||||||||52UZPE01152001T52MT02EBS001H014152UZPE01152001T52MT02EBS001H0141F0141|52UZPE01152001T52MT02EBS001H014152UZPE01152001T52MT02EBS001H0141F0141CC1193035287
3|517|JUANA|NO|BOTINA|DEJOJOA|CC|27068783|1934-12-31|2|2|6|9998|3|1||3|07|||2|41.0|143|||2||||||||||||52UZPE01152001T52MT02EBS001H014352UZPE01152001T52MT02EBS001H0143F0143|52UZPE01152001T52MT02EBS001H014352UZPE01152001T52MT02EBS001H0143F0143CC27068783
3|518|SEBASTIAN|ALEJANDRO|JOSSA|JOJOA|CC|1004437618|2000-02-13|1|2|6|9510|3|1||7|07|||8|50.0|158|||2||||||||||||52UZPE01152001T52MT02EBS001H014552UZPE01152001T52MT02EBS001H0145F0145|52UZPE01152001T52MT02EBS001H014552UZPE01152001T52MT02EBS001H0145F0145CC1004437618
3|519|DAIRA|XIMENA|MIRAMA|JOJOA|CC|1080042413|2004-10-27|2|2|6|9510|3|1||7|07|||8|78.0|155|||2||||||||||||52UZPE01152001T52MT02EBS001H014552UZPE01152001T52MT02EBS001H0145F0145|52UZPE01152001T52MT02EBS001H014552UZPE01152001T52MT02EBS001H0145F0145CC1080042413
3|520|ELVIRA|NOREFIERE|JOJOA|BOTINA|CC|36950394|1977-05-20|2|2|6|9510|3|1||7|07|||8|53.0|142|||2||||||||||||52UZPE01152001T52MT02EBS001H014452UZPE01152001T52MT02EBS001H0144F0144|52UZPE01152001T52MT02EBS001H014452UZPE01152001T52MT02EBS001H0144F0144CC36950394
3|521|ORLANDO|NOREFIERE|BOTINA|DELACRUZ|CC|98399359|1976-08-13|1|2|6|9510|3|1||7|07|||8|50.0|157|||2||||||||||||52UZPE01152001T52MT02EBS001H014452UZPE01152001T52MT02EBS001H0144F0144|52UZPE01152001T52MT02EBS001H014452UZPE01152001T52MT02EBS001H0144F0144CC98399359
3|522|CRISTIAN|SEBASTIAN|BOTINA|JOJOA|TI|1084194723|2012-01-02|1|2|6|9998|3|1||1|07|||8|40.0|140|||2||||||||||||52UZPE01152001T52MT02EBS001H014452UZPE01152001T52MT02EBS001H0144F0144|52UZPE01152001T52MT02EBS001H014452UZPE01152001T52MT02EBS001H0144F0144TI1084194723
3|523|JUAN|RODRIGO|CUCHALA|NAVARRETE|CC|98381523|1969-12-07|1|2|6|9510|3|1||7|07|||8|63.0|160|||2||||||||||||52UZPE01152001T52MT02EBS001H014652UZPE01152001T52MT02EBS001H0146F0146|52UZPE01152001T52MT02EBS001H014652UZPE01152001T52MT02EBS001H0146F0146CC98381523
3|524|LUZ|ANGELICA|CORAL|CUCHALA|CC|59827911|1971-11-18|2|2|6|9998|3|1||7|07|||8|57.0|155|||2||||||||||||52UZPE01152001T52MT02EBS001H014652UZPE01152001T52MT02EBS001H0146F0146|52UZPE01152001T52MT02EBS001H014652UZPE01152001T52MT02EBS001H0146F0146CC59827911
3|525|AURA|FANNY|BOTINA|VENEGAS|CC|27086782|1961-06-12|2|2|6|9998|3|1||3|07|||8|57.0|160|||2||||||||||||52UZPE01152001T52MT02EBS001H014752UZPE01152001T52MT02EBS001H0147F0147|52UZPE01152001T52MT02EBS001H014752UZPE01152001T52MT02EBS001H0147F0147CC27086782
3|526|COEMENCIAB|NOTIENE|CUCHALA|NOTIENE|CC|37080208|1946-03-26|2|2|6|9998|3|1||3|07|||8|45.0|148|||2||||||||||||52UZPE01152001T52MT02EBS001H014852UZPE01152001T52MT02EBS001H0148F0148|52UZPE01152001T52MT02EBS001H014852UZPE01152001T52MT02EBS001H0148F0148CC37080208
3|527|ELIECER|VALERIO|JOJOA|JOSAB|CC|98387246|1972-03-15|1|2|6|9510|3|2||7|07|||8|69.0|159|||2||||||||||||52UZPE01152001T52MT02EBS001H014952UZPE01152001T52MT02EBS001H0149F0149|52UZPE01152001T52MT02EBS001H014952UZPE01152001T52MT02EBS001H0149F0149CC98387246
3|528|LUZ|ISABELA|JOJOA|JOJOA|RC|1081068006|2022-06-24|2|2|6|9998|3|1||8|07|||1|||||2||||||||||||52UZPE01152001T52MT02EBS001H015052UZPE01152001T52MT02EBS001H0150F0150|52UZPE01152001T52MT02EBS001H015052UZPE01152001T52MT02EBS001H0150F0150RC1081068006
3|529|LUZ|MARI|JOJOA|JOJOA|CC|37084835|1982-04-21|2|2|6|9998|3|1||7|07|||8|50.0|156|||2||||||||||||52UZPE01152001T52MT02EBS001H015052UZPE01152001T52MT02EBS001H0150F0150|52UZPE01152001T52MT02EBS001H015052UZPE01152001T52MT02EBS001H0150F0150CC37084835
3|530|DAVID|SEBASTIAN|LOPEZ|JOJOA|CC|1081274183|2004-12-25|1|2|6|9510|3|1||7|07|||8|73.0|175|||2||||||||||||52UZPE01152001T52MT02EBS001H015052UZPE01152001T52MT02EBS001H0150F0150|52UZPE01152001T52MT02EBS001H015052UZPE01152001T52MT02EBS001H0150F0150CC1081274183
3|531|NORBERTO|FABIAN|JOJOA|JOSA|CC|12987257|1966-02-02|1|2|2|9510|3|1||7|01|||8|53.0|160|||2||||||||||||52UZPE01152001T52MT02EBS001H015152UZPE01152001T52MT02EBS001H0151F0151|52UZPE01152001T52MT02EBS001H015152UZPE01152001T52MT02EBS001H0151F0151CC12987257
3|532|MARTHA|LIDIA|CUCHALA|CORAL|CC|30739153|1966-11-05|2|2|6|9998|3|1||7|07|||8|60.0|150|||2||||||||||||52UZPE01152001T52MT02EBS001H015152UZPE01152001T52MT02EBS001H0151F0151|52UZPE01152001T52MT02EBS001H015152UZPE01152001T52MT02EBS001H0151F0151CC30739153
3|533|MARIELA|NA|PALECHOR|ORTIZ|CC|1085247907|1963-09-05|2|2|6|9998|3|1||3|07|||8|81.0|154|||2||||||||||||52UZPE01152001T52MT02EBS001H015252UZPE01152001T52MT02EBS001H0152F0152|52UZPE01152001T52MT02EBS001H015252UZPE01152001T52MT02EBS001H0152F0152CC1085247907
3|534|ARNULFO|NA|JOJOA|BOTINA|CC|5206116|1955-10-30|1|2|6|9510|3|1||3|07|||8|54.0|170|||2||||||||||||52UZPE01152001T52MT02EBS001H015252UZPE01152001T52MT02EBS001H0152F0152|52UZPE01152001T52MT02EBS001H015252UZPE01152001T52MT02EBS001H0152F0152CC5206116
3|535|ETNA|MAIREN|CASTANO|GIRALDO|CC|24332557|1980-12-16|2|2|6|5169|3|5||7|07|||8|60.0|165|||2||||||||||||52UZPE01152001T52MT02EBS001H015352UZPE01152001T52MT02EBS001H0153F0153|52UZPE01152001T52MT02EBS001H015352UZPE01152001T52MT02EBS001H0153F0153CC24332557
3|536|JAIME|ANDRES|MEZAS|SALDANA|CC|1081052833|1990-06-10|1|2|6|5169|3|2||7|07|||8|75.0|189|||2||||||||||||52UZPE01152001T52MT02EBS001H015352UZPE01152001T52MT02EBS001H0153F0153|52UZPE01152001T52MT02EBS001H015352UZPE01152001T52MT02EBS001H0153F0153CC1081052833
3|537|SERVIO|NOREFIERE|JOJOA|MAIGUAL|CC|98379725|1970-11-02|1|2|6|9510|3|1||7|07|||8|55.0|165|||2||||||||||||52UZPE01152001T52MT02EBS001H015452UZPE01152001T52MT02EBS001H0154F0154|52UZPE01152001T52MT02EBS001H015452UZPE01152001T52MT02EBS001H0154F0154CC98379725
3|538|EDITH|JANETH|BOTINA|JOJOA|CC|1085318748|1994-11-04|2|2|6|9998|3|1||7|07|||8|54.0|150|||2||||||||||||52UZPE01152001T52MT02EBS001H015552UZPE01152001T52MT02EBS001H0155F0155|52UZPE01152001T52MT02EBS001H015552UZPE01152001T52MT02EBS001H0155F0155CC1085318748
3|539|EMILI|ALEJANDRA|JOJOA|BOTINA|TI|1084195081|2016-06-21|2|2|6|9998|3|1||8|07|||8|20.0|110|||2||||||||||||52UZPE01152001T52MT02EBS001H015552UZPE01152001T52MT02EBS001H0155F0155|52UZPE01152001T52MT02EBS001H015552UZPE01152001T52MT02EBS001H0155F0155TI1084195081
3|540|HARVEY|ARNULFO|JOJOA|PALECHOR|CC|1085924702|1991-02-12|1|2|6|9510|3|1||7|07|||8|85.0|163|||2||||||||||||52UZPE01152001T52MT02EBS001H015552UZPE01152001T52MT02EBS001H0155F0155|52UZPE01152001T52MT02EBS001H015552UZPE01152001T52MT02EBS001H0155F0155CC1085924702
3|541|ANGIE|LORENA|DAVILA|BASANTE|CC|1084826137|2005-06-05|2|2|6|9998|3|1||7|07|||8|58.0|151|||2||||||||||||52UZPE01152001T52MT02EBS001H015752UZPE01152001T52MT02EBS001H0157F0157|52UZPE01152001T52MT02EBS001H015752UZPE01152001T52MT02EBS001H0157F0157CC1084826137
3|542|IVAN|DARIO|BOTINA|JOJOA|CC|1004437715|1997-11-04|1|2|6|9510|3|1||7|07|||8|65.0|161|||2||||||||||||52UZPE01152001T52MT02EBS001H015752UZPE01152001T52MT02EBS001H0157F0157|52UZPE01152001T52MT02EBS001H015752UZPE01152001T52MT02EBS001H0157F0157CC1004437715
3|543|NELSON|JAVIER|HIDALGO|JOJOA|CC|1084194091|1980-07-07|1|2|6|9510|3|1||7|07|||8|67.0|171|||2||||||||||||52UZPE01152001T52MT02EBS001H015852UZPE01152001T52MT02EBS001H0158F0158|52UZPE01152001T52MT02EBS001H015852UZPE01152001T52MT02EBS001H0158F0158CC1084194091
3|544|JHOAN|ALEXIS|HIDALGO|PAZ|TI|1084195159|2017-07-19|1|2|6|9998|3|1||8|07|||8|17.0|109|||2||||||||||||52UZPE01152001T52MT02EBS001H015852UZPE01152001T52MT02EBS001H0158F0158|52UZPE01152001T52MT02EBS001H015852UZPE01152001T52MT02EBS001H0158F0158TI1084195159
3|545|EDY|SAVED|PAZ|BOTINA|CC|59310213|1983-10-19|2|2|6|9998|3|1||7|07|||8|70.0|158|||2||||||||||||52UZPE01152001T52MT02EBS001H015852UZPE01152001T52MT02EBS001H0158F0158|52UZPE01152001T52MT02EBS001H015852UZPE01152001T52MT02EBS001H0158F0158CC59310213
3|546|JEISON|JAVIER|HIDALGO|PAZ|CC|1084194092|2004-11-27|1|2|6|9510|3|1||7|07|||8|64.0|167|||2||||||||||||52UZPE01152001T52MT02EBS001H015952UZPE01152001T52MT02EBS001H0159F0159|52UZPE01152001T52MT02EBS001H015952UZPE01152001T52MT02EBS001H0159F0159CC1084194092
3|547|IRENE|NA|JOJOA|BOTINA|CC|30730167|1959-02-17|2|2|6|9510|3|1||3|07|||8|60.0|150|||2||||||||||||52UZPE01152001T52MT02EBS001H016052UZPE01152001T52MT02EBS001H0160F0160|52UZPE01152001T52MT02EBS001H016052UZPE01152001T52MT02EBS001H0160F0160CC30730167
3|548|JOSE|ENRIQUE|BOTINA|BOTINA|CC|12979709|1958-12-04|1|2|6|9510|3|1||3|07|||2|58.0|156|||2||||||||||||52UZPE01152001T52MT02EBS001H016052UZPE01152001T52MT02EBS001H0160F0160|52UZPE01152001T52MT02EBS001H016052UZPE01152001T52MT02EBS001H0160F0160CC12979709
3|549|OFER|GEOVANY|BOTINA|JOJOA|CC|1085265734|1985-10-30|1|2|6|9510|3|1||7|07|||8|64.0|159|||2||||||||||||52UZPE01152001T52MT02EBS001H015652UZPE01152001T52MT02EBS001H0156F0156|52UZPE01152001T52MT02EBS001H015652UZPE01152001T52MT02EBS001H0156F0156CC1085265734
3|550|YIMMY|ALEXANDER|JOJOA|JOJOA|CC|1085293580|1990-03-01|1|2|6|9510|3|1||7|07|||8|58.0|158|||2||||||||||||52UZPE01152001T52MT02EBS001H016152UZPE01152001T52MT02EBS001H0161F0161|52UZPE01152001T52MT02EBS001H016152UZPE01152001T52MT02EBS001H0161F0161CC1085293580
3|551|KEVIN|DANIEL|MIRAMAG|JOJOA|TI|1084194882|2013-11-07|1|2|6|9998|3|1||8|07|||8|37.0|138|||2||||||||||||52UZPE01152001T52MT02EBS001H016152UZPE01152001T52MT02EBS001H0161F0161|52UZPE01152001T52MT02EBS001H016152UZPE01152001T52MT02EBS001H0161F0161TI1084194882
3|552|ZAMY|CAROLINA|MIRAMAG|JO|TI|1084195026|2015-08-13|2|2|6|9998|3|1||8|07|||8|32.0|130|||2||||||||||||52UZPE01152001T52MT02EBS001H016152UZPE01152001T52MT02EBS001H0161F0161|52UZPE01152001T52MT02EBS001H016152UZPE01152001T52MT02EBS001H0161F0161TI1084195026
3|553|OLGA|LUCIA|MIRAMAG|JOJOA|CC|1085319941|1994-08-05|2|2|6|9998|3|1||7|07|||8|60.0|163|||2||||||||||||52UZPE01152001T52MT02EBS001H016152UZPE01152001T52MT02EBS001H0161F0161|52UZPE01152001T52MT02EBS001H016152UZPE01152001T52MT02EBS001H0161F0161CC1085319941
3|554|LIZETH|YULIANA|MIRAMAG|JOJOA|RC|1084195304|2019-12-28|2|2|6|9998|3|1||8|07|||8|||||2||||||||||||52UZPE01152001T52MT02EBS001H016152UZPE01152001T52MT02EBS001H0161F0161|52UZPE01152001T52MT02EBS001H016152UZPE01152001T52MT02EBS001H0161F0161RC1084195304
3|555|CAMILO|ANDRES|JOJOA|CORAL|CC|1085327445|1996-03-01|1|2|6|9510|3|1||7|07|||8|64.0|175|||2||||||||||||52UZPE01152001T52MT02EBS001H016252UZPE01152001T52MT02EBS001H0162F0162|52UZPE01152001T52MT02EBS001H016252UZPE01152001T52MT02EBS001H0162F0162CC1085327445
3|556|INES|ADRIANA|TORRES|PEREZ|CC|59833373|1976-07-08|2|2|6|9998|3|1||7|07|||8|50.0|151|||2||||||||||||52UZPE01152001T52MT02EBS001H016352UZPE01152001T52MT02EBS001H0163F0163|52UZPE01152001T52MT02EBS001H016352UZPE01152001T52MT02EBS001H0163F0163CC59833373
3|557|LUIS|EVELIO|JOJOA|HIDALGO|CC|12999129|1970-01-20|1|2|6|9510|3|1||7|07|||8|67.0|160|||2||||||||||||52UZPE01152001T52MT02EBS001H016352UZPE01152001T52MT02EBS001H0163F0163|52UZPE01152001T52MT02EBS001H016352UZPE01152001T52MT02EBS001H0163F0163CC12999129
3|558|ORFELINA|NOTIENE|CORAL|BOTINA|CC|30728224|1957-08-15|2|2|6|9998|3|1||3|07|||8|60.0|160|||2||||||||||||52UZPE01152001T52MT02EBS001H016452UZPE01152001T52MT02EBS001H0164F0164|52UZPE01152001T52MT02EBS001H016452UZPE01152001T52MT02EBS001H0164F0164CC30728224
3|559|ALFREDO|NOTIENE|JOSA|PARDO|CC|5206064|1954-08-11|1|2|6|9510|3|1||3|07|||8|64.0|160|||2||||||||||||52UZPE01152001T52MT02EBS001H016452UZPE01152001T52MT02EBS001H0164F0164|52UZPE01152001T52MT02EBS001H016452UZPE01152001T52MT02EBS001H0164F0164CC5206064
3|560|ONESIMO|NOTIENE|JOJOA|ERAZO|CC|1804254|1937-09-19|1|2|6|9998|3|5||3|07|||3|69.0|160|||2||||||||||||52UZPE01152001T52MT02EBS001H016552UZPE01152001T52MT02EBS001H0165F0165|52UZPE01152001T52MT02EBS001H016552UZPE01152001T52MT02EBS001H0165F0165CC1804254
3|561|MARIA|ESPERANZA|JOSA|DEJOJOA|CC|27086646|1952-09-15|2|2|6|9998|3|5||3|07|||8|64.0|150|||2||||||||||||52UZPE01152001T52MT02EBS001H016552UZPE01152001T52MT02EBS001H0165F0165|52UZPE01152001T52MT02EBS001H016552UZPE01152001T52MT02EBS001H0165F0165CC27086646
3|562|JORGE|GIRARLDO|JOJOA|BOTINA|CC|12746938|1975-12-04|1|2|6|9510|3|1||7|07|||8|65.0|175|||2||||||||||||52UZPE01152001T52MT02EBS001H016652UZPE01152001T52MT02EBS001H0166F0166|52UZPE01152001T52MT02EBS001H016652UZPE01152001T52MT02EBS001H0166F0166CC12746938
3|563|LUIS|ALFREDO|TULCAN|TULCAN|CC|98381648|1972-08-05|1|2|6|9510|3|1||7|07|||8|65.0|167|||2||||||||||||52UZPE01152001T52MT02EBS001H016752UZPE01152001T52MT02EBS001H0167F0167|52UZPE01152001T52MT02EBS001H016752UZPE01152001T52MT02EBS001H0167F0167CC98381648
3|564|LUZ|MERY|JOJOA|MATABANCHOY|CC|59831039|1974-04-01|2|2|6|9998|3|1||7|07|||8|45.0|141|||2||||||||||||52UZPE01152001T52MT02EBS001H016752UZPE01152001T52MT02EBS001H0167F0167|52UZPE01152001T52MT02EBS001H016752UZPE01152001T52MT02EBS001H0167F0167CC59831039
3|565|STEVEN|ALEJANDRO|ACHICANOY|PAZ|TI|1084194857|2013-07-18|1|2|6|9998|3|1||8|07|||8|29.0|139|||2||||||||||||52UZPE01152001T52MT02EBS001H016952UZPE01152001T52MT02EBS001H0169F0169|52UZPE01152001T52MT02EBS001H016952UZPE01152001T52MT02EBS001H0169F0169TI1084194857
3|566|MILTON|ORLANDO|CASTRO|DELACRUZ|CC|98344779|1983-07-29|1|2|6|9510|3|1||7|07|||8|85.0|175|||2||||||||||||52UZPE01152001T52MT02EBS001H016952UZPE01152001T52MT02EBS001H0169F0169|52UZPE01152001T52MT02EBS001H016952UZPE01152001T52MT02EBS001H0169F0169CC98344779
3|567|EMILSE|DORALY|PAZ|BOTINA|CC|1085256310|1986-12-02|2|2|6|9998|3|1||7|07|||8|60.0|157|||2||||||||||||52UZPE01152001T52MT02EBS001H016952UZPE01152001T52MT02EBS001H0169F0169|52UZPE01152001T52MT02EBS001H016952UZPE01152001T52MT02EBS001H0169F0169CC1085256310
3|568|AMADA|LUNA|ACHICANOY|PAZ|TI|1084194416|2008-05-10|2|2|6|9998|3|1||1|07|||8|50.0|150|||2||||||||||||52UZPE01152001T52MT02EBS001H016952UZPE01152001T52MT02EBS001H0169F0169|52UZPE01152001T52MT02EBS001H016952UZPE01152001T52MT02EBS001H0169F0169TI1084194416
3|569|ADELAIDA|NOREFIERE|BOTINA|NOREFIERE|CC|37084494|1982-07-30|2|2|6|9998|3|1||7|07|||8|56.0|145|||2||||||||||||52UZPE01152001T52MT02EBS001H017052UZPE01152001T52MT02EBS001H0170F0170|52UZPE01152001T52MT02EBS001H017052UZPE01152001T52MT02EBS001H0170F0170CC37084494
3|570|GERMAN|NOREFIERE|JOJOA|MATABANCHOY|CC|12750868|1982-03-29|1|2|6|9510|3|1||7|07|||8|78.0|156|||2||||||||||||52UZPE01152001T52MT02EBS001H017052UZPE01152001T52MT02EBS001H0170F0170|52UZPE01152001T52MT02EBS001H017052UZPE01152001T52MT02EBS001H0170F0170CC12750868
3|571|LEIDY|NATHALIA|TULCAN|JOJOA|CC|1085344266|1999-03-06|2|2|6|9510|3|1||7|07|||8|64.0|158|||2||||||||||||52UZPE01152001T52MT02EBS001H016852UZPE01152001T52MT02EBS001H0168F0168|52UZPE01152001T52MT02EBS001H016852UZPE01152001T52MT02EBS001H0168F0168CC1085344266
3|572|DILAN|ADRIAN|JOJOA|TULCAN|RC|1084195266|2019-06-14|1|2|6|9998|3|1||8|07|||8|||||2||||||||||||52UZPE01152001T52MT02EBS001H016852UZPE01152001T52MT02EBS001H0168F0168|52UZPE01152001T52MT02EBS001H016852UZPE01152001T52MT02EBS001H0168F0168RC1084195266
3|573|DANIEL|MARCELO|JURADO|FAJARDO|CC|1085256683|1987-03-28|1|2|6|9510|3|1||7|07|||8|58.0|168|||2||||||||||||52UZPE01152001T52MT02EBS001H017152UZPE01152001T52MT02EBS001H0171F0171|52UZPE01152001T52MT02EBS001H017152UZPE01152001T52MT02EBS001H0171F0171CC1085256683
3|574|AURA|ELIZA|JOJOA|JOSA|CC|30717547|1959-08-01|2|2|6|9998|3|1||3|07|||8|54.0|153|||2||||||||||||52UZPE01152001T52MT02EBS001H017252UZPE01152001T52MT02EBS001H0172F0172|52UZPE01152001T52MT02EBS001H017252UZPE01152001T52MT02EBS001H0172F0172CC30717547
3|575|NELSI|ESPERANZA|JOJOA|JOSA|CC|1085302092|1992-07-03|2|2|6|9998|3|1||7|07|||8|49.0|152|||2||||||||||||52UZPE01152001T52MT02EBS001H017552UZPE01152001T52MT02EBS001H0175F0175|52UZPE01152001T52MT02EBS001H017552UZPE01152001T52MT02EBS001H0175F0175CC1085302092
3|576|CLEMENSIA|NOREFIERE|JOJOA|JOSSA|CC|30746905|1970-02-20|2|2|6|9510|3|1||7|07|||8|56.0|155|||2||||||||||||52UZPE01152001T52MT02EBS001H017352UZPE01152001T52MT02EBS001H0173F0173|52UZPE01152001T52MT02EBS001H017352UZPE01152001T52MT02EBS001H0173F0173CC30746905
3|577|MARTHA|NELLY|JOJOA|JOSA|CC|27086741|1961-02-06|2|2|6|9998|3|1||3|07|||8|48.0|160|||2||||||||||||52UZPE01152001T52MT02EBS001H017452UZPE01152001T52MT02EBS001H0174F0174|52UZPE01152001T52MT02EBS001H017452UZPE01152001T52MT02EBS001H0174F0174CC27086741
3|578|JOSE|FAUSTINO|BETANCOURT|MELO|CC|12961430|1950-02-28|1|2|6|9510|3|1||3|07|||8|57.0|163|||2||||||||||||52UZPE01152001T52MT02EBS001H017652UZPE01152001T52MT02EBS001H0176F0176|52UZPE01152001T52MT02EBS001H017652UZPE01152001T52MT02EBS001H0176F0176CC12961430
3|579|MARIA|FERNANDA|JOJOA|CORAL|CC|1080040419|2004-02-28|2|2|6|9998|3|1||7|07|||8|50.0|158|||2||||||||||||52UZPE01152001T52MT02EBS001H017752UZPE01152001T52MT02EBS001H0177F0177|52UZPE01152001T52MT02EBS001H017752UZPE01152001T52MT02EBS001H0177F0177CC1080040419
3|580|WILSON|ALFONSO|NAVARRETE|JOJOA|CC|1085277990|1985-09-25|1|2|6|9510|3|1||7|07|||8|63.0|169|||2||||||||||||52UZPE01152001T52MT02EBS001H017852UZPE01152001T52MT02EBS001H0178F0178|52UZPE01152001T52MT02EBS001H017852UZPE01152001T52MT02EBS001H0178F0178CC1085277990
3|581|HERNANDO|NA|NAVARRETE|JOJOA|CC|12961152|1954-07-07|1|2|6|9510|3|1||3|07|||8|63.0|165|||2||||||||||||52UZPE01152001T52MT02EBS001H017952UZPE01152001T52MT02EBS001H0179F0179|52UZPE01152001T52MT02EBS001H017952UZPE01152001T52MT02EBS001H0179F0179CC12961152
3|582|GIRALDO|EXEQUIEL|JOJOA|JOSA|CC|5204297|1976-11-20|1|2|6|9510|3|1||7|07|||8|62.0|169|||2||||||||||||52UZPE01152001T52MT02EBS001H018052UZPE01152001T52MT02EBS001H0180F0180|52UZPE01152001T52MT02EBS001H018052UZPE01152001T52MT02EBS001H0180F0180CC5204297
3|583|JUAN|JOSE|JOJOA|JOSA|CC|1804146|1938-04-07|1|2|6|9998|3|1||3|07|||1|75.0|160|||2||||||||||||52UZPE01152001T52MT02EBS001H018152UZPE01152001T52MT02EBS001H0181F0181|52UZPE01152001T52MT02EBS001H018152UZPE01152001T52MT02EBS001H0181F0181CC1804146
3|584|MARIA|NOTIENE|JOJOA|PARDO|CC|27071670|1942-04-26|2|2|6|9998|3|1||3|07|||8|58.0|145|||2||||||||||||52UZPE01152001T52MT02EBS001H018152UZPE01152001T52MT02EBS001H0181F0181|52UZPE01152001T52MT02EBS001H018152UZPE01152001T52MT02EBS001H0181F0181CC27071670
3|585|MARTHA|MARIA|MATABANCHOY|MAVISOY|CC|30704512|1952-11-13|2|2|6|9998|3|1||3|07|||8|57.0|150|||2||||||||||||52UZPE01152001T52MT02EBS001H018252UZPE01152001T52MT02EBS001H0182F0182|52UZPE01152001T52MT02EBS001H018252UZPE01152001T52MT02EBS001H0182F0182CC30704512
3|586|JOSE|EUDORO|JOJOA|PARDO|CC|12953440|1946-02-28|1|2|6|9510|3|1||3|07|||8|63.0|155|||2||||||||||||52UZPE01152001T52MT02EBS001H018252UZPE01152001T52MT02EBS001H0182F0182|52UZPE01152001T52MT02EBS001H018252UZPE01152001T52MT02EBS001H0182F0182CC12953440
3|587|GILBERTO|NOTIENE|BOTINA|VENEGAS|CC|1804442|1948-07-10|1|2|6|9510|3|1||3|07|||8|58.0|175|||2||||||||||||52UZPE01152001T52MT02EBS001H018352UZPE01152001T52MT02EBS001H0183F0183|52UZPE01152001T52MT02EBS001H018352UZPE01152001T52MT02EBS001H0183F0183CC1804442
3|588|CARLOS|ANIBAL|ORTEGA|BOTINA|CC|98387915|1969-03-31|1|2|6|5169|3|2||7|07|||8|70.0|170|||2||||||||||||52UZPE01152001T52MT02EBS001H018452UZPE01152001T52MT02EBS001H0184F0184|52UZPE01152001T52MT02EBS001H018452UZPE01152001T52MT02EBS001H0184F0184CC98387915
3|589|GRACIELA|DELCARMEN|MAVISOY|TULCAN|CC|39825808|1972-01-03|2|2|6|9998|3|1||7|07|||8|39.0|142|||2||||||||||||52UZPE01152001T52MT02EBS001H018452UZPE01152001T52MT02EBS001H0184F0184|52UZPE01152001T52MT02EBS001H018452UZPE01152001T52MT02EBS001H0184F0184CC39825808
3|590|HERNAN|GEOVANY|HIDALGO|JOJOA|CC|98386480|1973-11-18|1|2|6|9510|3|1||7|07|||8|60.0|167|||2||||||||||||52UZPE01152001T52MT02EBS001H018552UZPE01152001T52MT02EBS001H0185F0185|52UZPE01152001T52MT02EBS001H018552UZPE01152001T52MT02EBS001H0185F0185CC98386480
3|591|EDI|MARGOT|PABON|ORTEGA|CC|59836460|1976-03-18|2|2|6|9998|3|1||7|07|||8|58.0|152|||2||||||||||||52UZPE01152001T52MT02EBS001H018552UZPE01152001T52MT02EBS001H0185F0185|52UZPE01152001T52MT02EBS001H018552UZPE01152001T52MT02EBS001H0185F0185CC59836460
3|592|MARIA|EMPERATRIZ|ORTEGA|JOJOA|CC|30721305|1954-04-28|2|2|6|9998|3|1||3|07|||8|68.0|150|||2||||||||||||52UZPE01152001T52MT02EBS001H018652UZPE01152001T52MT02EBS001H0186F0186|52UZPE01152001T52MT02EBS001H018652UZPE01152001T52MT02EBS001H0186F0186CC30721305
3|593|DIANA|MARCELA|HIDALGO|PABON|CC|1085327038|1996-02-20|2|2|6|5169|3|2||7|07|||8|54.0|155|||2||||||||||||52UZPE01152001T52MT02EBS001H018752UZPE01152001T52MT02EBS001H0187F0187|52UZPE01152001T52MT02EBS001H018752UZPE01152001T52MT02EBS001H0187F0187CC1085327038
3|594|SAMUEL|ALEJANDRO|GUERRERO|HIDALGO|TI|1084195042|2015-11-23|1|2|6|9998|3|2||8|07|||8|24.2|132|||2||||||||||||52UZPE01152001T52MT02EBS001H018752UZPE01152001T52MT02EBS001H0187F0187|52UZPE01152001T52MT02EBS001H018752UZPE01152001T52MT02EBS001H0187F0187TI1084195042
3|595|JESUS|ENRIQUE|HIDALGO|JOSA|CC|9830085816|1970-12-25|1|2|6|9510|3|1||7|07|||8|65.0|164|||2||||||||||||52UZPE01152001T52MT02EBS001H018852UZPE01152001T52MT02EBS001H0188F0188|52UZPE01152001T52MT02EBS001H018852UZPE01152001T52MT02EBS001H0188F0188CC9830085816
3|596|CLARA|ELISA|HIDALGO|JOSA|CC|27068178|1937-07-05|2|2|6|9998|3|1||3|07|||8|45.0|155|||2||||||||||||52UZPE01152001T52MT02EBS001H018852UZPE01152001T52MT02EBS001H0188F0188|52UZPE01152001T52MT02EBS001H018852UZPE01152001T52MT02EBS001H0188F0188CC27068178
3|597|MIRIAM|BERNARDITA|ORTEGA|JOJOA|CC|30743020|1967-10-31|2|2|6|5169|3|2||7|07|||8|58.0|162|||2||||||||||||52UZPE01152001T52MT02EBS001H018952UZPE01152001T52MT02EBS001H0189F0189|52UZPE01152001T52MT02EBS001H018952UZPE01152001T52MT02EBS001H0189F0189CC30743020
3|598|ANGIE|GISELA|ORTEGA|MAVISOY|CC|1010109130|2000-06-11|2|2|6|9998|3|1||7|07|||8|61.0|149|||2||||||||||||52UZPE01152001T52MT02EBS001H019252UZPE01152001T52MT02EBS001H0192F0192|52UZPE01152001T52MT02EBS001H019252UZPE01152001T52MT02EBS001H0192F0192CC1010109130
3|599|EMANUEL|ALEJANDRO|PAZ|ORTEGA|RC|1084195407|2022-03-16|1|2|6|9998|3|1||8|07|||8|||||2||||||||||||52UZPE01152001T52MT02EBS001H019252UZPE01152001T52MT02EBS001H0192F0192|52UZPE01152001T52MT02EBS001H019252UZPE01152001T52MT02EBS001H0192F0192RC1084195407
3|600|AURA|ENRRIQUETA|CORAL|BOTINA|CC|27076911|1949-11-10|2|2|6|9998|3|1||3|07|||8|72.0|150|||2||||||||||||52UZPE01152001T52MT02EBS001H019152UZPE01152001T52MT02EBS001H0191F0191|52UZPE01152001T52MT02EBS001H019152UZPE01152001T52MT02EBS001H0191F0191CC27076911
3|601|GUILLERMO|NA|TEPUD|BOTINA|CC|12961123|1950-06-05|1|2|6|9510|3|1||3|07|||8|65.0|165|||2||||||||||||52UZPE01152001T52MT02EBS001H019152UZPE01152001T52MT02EBS001H0191F0191|52UZPE01152001T52MT02EBS001H019152UZPE01152001T52MT02EBS001H0191F0191CC12961123
3|602|ALBA|LIGIA|JOJOA|JOJOA|CC|30732247|1964-10-27|2|2|6|9998|3|1||7|07|||8|47.0|154|||2||||||||||||52UZPE01152001T52MT02EBS001H019352UZPE01152001T52MT02EBS001H0193F0193|52UZPE01152001T52MT02EBS001H019352UZPE01152001T52MT02EBS001H0193F0193CC30732247
3|603|OLMEDO|BOLIVAR|ORTEGA|JOJOA|CC|12971077|1960-05-22|1|2|6|9510|3|1||3|07|||8|60.0|165|||2||||||||||||52UZPE01152001T52MT02EBS001H019352UZPE01152001T52MT02EBS001H0193F0193|52UZPE01152001T52MT02EBS001H019352UZPE01152001T52MT02EBS001H0193F0193CC12971077
3|604|JOHAN|STIVEN|MEJIA|ORTEGA|TI|1084194775|2012-09-05|1|2|6|9998|3|1||1|07|||8|32.0|137|||2||||||||||||52UZPE01152001T52MT02EBS001H019452UZPE01152001T52MT02EBS001H0194F0194|52UZPE01152001T52MT02EBS001H019452UZPE01152001T52MT02EBS001H0194F0194TI1084194775
3|605|ROSMERY|YAMILETH|ORTEGA|JOJOA|CC|1085309414|1993-12-18|2|2|6|9998|3|1||7|07|||8|52.0|150|||2||||||||||||52UZPE01152001T52MT02EBS001H019452UZPE01152001T52MT02EBS001H0194F0194|52UZPE01152001T52MT02EBS001H019452UZPE01152001T52MT02EBS001H0194F0194CC1085309414
3|606|JAIME|ORLANDO|MEJIA|JOSA|CC|1085311104|1992-09-11|1|2|6|9510|3|1||7|07|||8|60.0|160|||2||||||||||||52UZPE01152001T52MT02EBS001H019452UZPE01152001T52MT02EBS001H0194F0194|52UZPE01152001T52MT02EBS001H019452UZPE01152001T52MT02EBS001H0194F0194CC1085311104
3|607|CARLOS|GERARDO|ROSERO|ERAZO|CC|98380420|1971-11-04|1|2|6|9510|3|1||7|07|||8|74.0|159|||2||||||||||||52UZPE01152001T52MT02EBS001H011652UZPE01152001T52MT02EBS001H0116F0116|52UZPE01152001T52MT02EBS001H011652UZPE01152001T52MT02EBS001H0116F0116CC98380420
3|608|JUAN|CARLOS|JOSA|VALENZUELA|CC|1085300061|1992-07-16|1|2|6|5169|3|2||7|07|||8|54.0|163|||2||||||||||||52UZPE01152001T52MT02EBS001H019552UZPE01152001T52MT02EBS001H0195F0195|52UZPE01152001T52MT02EBS001H019552UZPE01152001T52MT02EBS001H0195F0195CC1085300061
3|609|DAIRA|FERNANDA|ORTEGA|JOJOA|CC|1085338061|1997-10-10|2|2|6|9510|3|1||7|07|||8|67.0|164|||2||||||||||||52UZPE01152001T52MT02EBS001H019552UZPE01152001T52MT02EBS001H0195F0195|52UZPE01152001T52MT02EBS001H019552UZPE01152001T52MT02EBS001H0195F0195CC1085338061
3|610|JUAN|DIEGO|JOSA|ORTEGA|TI|1084195087|2016-08-04|1|2|6|9998|3|1||8|07|||8|21.0|122|||2||||||||||||52UZPE01152001T52MT02EBS001H019552UZPE01152001T52MT02EBS001H0195F0195|52UZPE01152001T52MT02EBS001H019552UZPE01152001T52MT02EBS001H0195F0195TI1084195087
3|611|JUAN|DIEGO|PEREZ|JOJOA|RC|1084195365|2021-06-21|1|2|6|9998|3|1||8|07|||8|||||2||||||||||||52UZPE01152001T52MT02EBS001H019652UZPE01152001T52MT02EBS001H0196F0196|52UZPE01152001T52MT02EBS001H019652UZPE01152001T52MT02EBS001H0196F0196RC1084195365
3|612|EULER|SAMUEL|PEREZ|JOJOA|TI|1084194894|2014-01-31|1|2|6|9998|3|1||8|07|||8|33.0|130|||2||||||||||||52UZPE01152001T52MT02EBS001H019652UZPE01152001T52MT02EBS001H0196F0196|52UZPE01152001T52MT02EBS001H019652UZPE01152001T52MT02EBS001H0196F0196TI1084194894
3|613|EULER|ROLANDO|PEREZ|NA|CC|13070306|1978-04-14|1|2|6|9510|3|1||7|07|||8|78.0|181|||2||||||||||||52UZPE01152001T52MT02EBS001H019652UZPE01152001T52MT02EBS001H0196F0196|52UZPE01152001T52MT02EBS001H019652UZPE01152001T52MT02EBS001H0196F0196CC13070306
3|614|SANDRA|PATRICIA|JOJOA|BOTINA|CC|1085255824|1985-08-18|2|2|2|9998|3|1||7|07|||8|60.0|164|||2||||||||||||52UZPE01152001T52MT02EBS001H019652UZPE01152001T52MT02EBS001H0196F0196|52UZPE01152001T52MT02EBS001H019652UZPE01152001T52MT02EBS001H0196F0196CC1085255824
3|615|JOSE|LUIS|PAZ|TORRES|CC|98380928|1969-11-24|1|2|6|9510|3|1||7|07|||8|57.0|160|||2||||||||||||52UZPE01152001T52MT02EBS001H019752UZPE01152001T52MT02EBS001H0197F0197|52UZPE01152001T52MT02EBS001H019752UZPE01152001T52MT02EBS001H0197F0197CC98380928
3|616|WILSON|FERNANDO|PAZ|BENAVIDES|CC|1085303956|1993-02-23|1|2|6|5169|3|2||7|07|||8|58.0|156|||2||||||||||||52UZPE01152001T52MT02EBS001H019852UZPE01152001T52MT02EBS001H0198F0198|52UZPE01152001T52MT02EBS001H019852UZPE01152001T52MT02EBS001H0198F0198CC1085303956
3|617|BLANCA|DUBY|JOJOA|JOSA|CC|10853275613|1996-03-02|2|2|6|9998|3|1||7|07|||8|56.0|150|||2||||||||||||52UZPE01152001T52MT02EBS001H020052UZPE01152001T52MT02EBS001H0200F0200|52UZPE01152001T52MT02EBS001H020052UZPE01152001T52MT02EBS001H0200F0200CC10853275613
3|618|MARIA|VIOLETA|JOJOA|JOSA|TI|1085345611|2017-05-12|2|2|6|9998|3|1||8|07|||8|23.0|120|||2||||||||||||52UZPE01152001T52MT02EBS001H020052UZPE01152001T52MT02EBS001H0200F0200|52UZPE01152001T52MT02EBS001H020052UZPE01152001T52MT02EBS001H0200F0200TI1085345611
3|619|CARMEN|ISAURA|BOTINA|JOSA|CC|27082614|1977-09-25|2|2|6|9998|3|1||7|07|||8|51.0|149|||2||||||||||||52UZPE01152001T52MT02EBS001H020252UZPE01152001T52MT02EBS001H0202F0202|52UZPE01152001T52MT02EBS001H020252UZPE01152001T52MT02EBS001H0202F0202CC27082614
3|620|LAUREANO|NOREFIERE|JOSA|JOSA|CC|5206035|1951-08-12|1|2|6|9998|3|1||3|07|||1|72.0|169|||2||||||||||||52UZPE01152001T52MT02EBS001H020352UZPE01152001T52MT02EBS001H0203F0203|52UZPE01152001T52MT02EBS001H020352UZPE01152001T52MT02EBS001H0203F0203CC5206035
3|621|DORIS|ADRIANA|JOSA|JOJOA|CC|1004216339|2002-06-24|2|2|6|9998|3|1||7|07|||8|52.0|150|||2||||||||||||52UZPE01152001T52MT02EBS001H020452UZPE01152001T52MT02EBS001H0204F0204|52UZPE01152001T52MT02EBS001H020452UZPE01152001T52MT02EBS001H0204F0204CC1004216339
3|622|TAIRON|ANDRES|MORILLO|JOSA|RC|1761741899|2023-06-02|1|2|6|9998|3|5||8|07|||8|||||2||||||||||||52UZPE01152001T52MT02EBS001H020452UZPE01152001T52MT02EBS001H0204F0204|52UZPE01152001T52MT02EBS001H020452UZPE01152001T52MT02EBS001H0204F0204RC1761741899
3|623|ADRIANA|LUCIA|YANDUN|BOTINA|CC|1004437509|2000-03-12|2|1|6|9998|3|1||7|07|||8|64.0|156|||2||||||||||||52UZPE01152001T52MT02EBS001H020152UZPE01152001T52MT02EBS001H0201F0201|52UZPE01152001T52MT02EBS001H020152UZPE01152001T52MT02EBS001H0201F0201CC1004437509
3|624|WILMER|DANILO|JOSA|BOTINA|TI|1084194641|2010-11-12|1|2|6|9998|3|1||1|07|||8|48.0|150|||2||||||||||||52UZPE01152001T52MT02EBS001H020552UZPE01152001T52MT02EBS001H0205F0205|52UZPE01152001T52MT02EBS001H020552UZPE01152001T52MT02EBS001H0205F0205TI1084194641
3|625|ISABELINA|NINGUNO|BOTINA|JOSA|CC|36750871|1971-04-04|2|2|6|9998|3|1||7|07|||8|76.0|157|||2||||||||||||52UZPE01152001T52MT02EBS001H020552UZPE01152001T52MT02EBS001H0205F0205|52UZPE01152001T52MT02EBS001H020552UZPE01152001T52MT02EBS001H0205F0205CC36750871
3|626|JOSE|OCTAVIO|JOSA|JOJOA|CC|12993441|1967-02-17|1|2|6|9510|3|1||7|07|||8|65.0|161|||2||||||||||||52UZPE01152001T52MT02EBS001H020552UZPE01152001T52MT02EBS001H0205F0205|52UZPE01152001T52MT02EBS001H020552UZPE01152001T52MT02EBS001H0205F0205CC12993441
3|627|DORIS|YANETH|JOJOA|JOSA|CC|59311479|1981-01-15|2|2|6|9998|3|1||7|07|||8|59.0|148|||2||||||||||||52UZPE01152001T52MT02EBS001H020652UZPE01152001T52MT02EBS001H0206F0206|52UZPE01152001T52MT02EBS001H020652UZPE01152001T52MT02EBS001H0206F0206CC59311479
3|628|JAVIER|ANIBAL|PRADO|GUACAS|CC|12746870|1978-02-15|1|2|6|9510|3|2||7|07|||8|55.0|155|||2||||||||||||52UZPE01152001T52MT02EBS001H020652UZPE01152001T52MT02EBS001H0206F0206|52UZPE01152001T52MT02EBS001H020652UZPE01152001T52MT02EBS001H0206F0206CC12746870
3|629|JAVIER|MAURICIO|PRADO|JOJOA|CC|1004437602|2002-02-15|1|2|6|9510|3|1||7|07|||8|60.0|160|||2||||||||||||52UZPE01152001T52MT02EBS001H020852UZPE01152001T52MT02EBS001H0208F0208|52UZPE01152001T52MT02EBS001H020852UZPE01152001T52MT02EBS001H0208F0208CC1004437602
3|630|DARWIN|FERNANDO|BOTINA|BENAVIDES|RC|1084195373|2021-08-18|1|2|6|9998|3|1||8|07|||8|||||2||||||||||||52UZPE01152001T52MT02EBS001H020952UZPE01152001T52MT02EBS001H0209F0209|52UZPE01152001T52MT02EBS001H020952UZPE01152001T52MT02EBS001H0209F0209RC1084195373
3|631|FREDY|ANDRES|BOTINA|JOJOA|CC|1085330933|1996-01-30|1|2|6|9510|3|1||7|07|||8|64.0|165|||2||||||||||||52UZPE01152001T52MT02EBS001H020952UZPE01152001T52MT02EBS001H0209F0209|52UZPE01152001T52MT02EBS001H020952UZPE01152001T52MT02EBS001H0209F0209CC1085330933
3|632|JOHANA|ELIZABETH|BENAVIDES|BOTINA|CC|1004136346|2003-03-25|2|2|6|9998|3|1||7|07|||8|54.0|160|||2||||||||||||52UZPE01152001T52MT02EBS001H020952UZPE01152001T52MT02EBS001H0209F0209|52UZPE01152001T52MT02EBS001H020952UZPE01152001T52MT02EBS001H0209F0209CC1004136346
3|633|SIMON|BOLIVAR|BOTINA|BOTINA|CC|1804325|1941-10-22|1|2|6|9510|3|1||3|07|||8|69.0|160|||2||||||||||||52UZPE01152001T52MT02EBS001H021052UZPE01152001T52MT02EBS001H0210F0210|52UZPE01152001T52MT02EBS001H021052UZPE01152001T52MT02EBS001H0210F0210CC1804325
3|634|MARIA|ROSARIO|JOJOA|DEJOSA|CC|30719663|1952-10-05|2|2|6|9998|3|1||3|07|||8|83.0|155|||2||||||||||||52UZPE01152001T52MT02EBS001H021152UZPE01152001T52MT02EBS001H0211F0211|52UZPE01152001T52MT02EBS001H021152UZPE01152001T52MT02EBS001H0211F0211CC30719663
3|635|OSCAR|MELANIO|ACHICANOY|MATABANCHOY|CC|1084194035|1977-03-28|1|2|6|5169|3|2||7|07|||8|58.0|158|||2||||||||||||52UZPE01152001T52MT02EBS001H021252UZPE01152001T52MT02EBS001H0212F0212|52UZPE01152001T52MT02EBS001H021252UZPE01152001T52MT02EBS001H0212F0212CC1084194035
3|636|JAVIER|ANTONIO|JOJOA|NOTIENE|CC|87069144|1978-02-08|1|2|6|9510|3|1||7|07|||8|58.0|165|||2||||||||||||52UZPE01152001T52MT02EBS001H021352UZPE01152001T52MT02EBS001H0213F0213|52UZPE01152001T52MT02EBS001H021352UZPE01152001T52MT02EBS001H0213F0213CC87069144
3|637|KATERINE|NICOL|BOTINA|JOJOA|TI|1084195123|2014-07-26|2|2|6|9998|3|1||8|07|||8|21.0|124|||2||||||||||||52UZPE01152001T52MT02EBS001H021452UZPE01152001T52MT02EBS001H0214F0214|52UZPE01152001T52MT02EBS001H021452UZPE01152001T52MT02EBS001H0214F0214TI1084195123
3|638|DIANA|LUCIA|JOJOA|BOTINA|CC|1085925756|1991-12-12|2|2|6|9998|3|1||7|07|||8|58.0|152|||2||||||||||||52UZPE01152001T52MT02EBS001H021452UZPE01152001T52MT02EBS001H0214F0214|52UZPE01152001T52MT02EBS001H021452UZPE01152001T52MT02EBS001H0214F0214CC1085925756
3|639|JORDAN|STIVEN|SANCHEZ|JOJOA|RC|1084195292|2019-12-17|1|2|6|9998|3|1||8|07|||8|||||2||||||||||||52UZPE01152001T52MT02EBS001H021452UZPE01152001T52MT02EBS001H0214F0214|52UZPE01152001T52MT02EBS001H021452UZPE01152001T52MT02EBS001H0214F0214RC1084195292
3|640|HEILYN|NOAPLICA|VELASCO|PEREZ|RC|1114737542|2021-02-03|2|2|6|9998|3|1||8|07|||8|||||2||||||||||||52UZPE01152001T52MT02EBS001H021552UZPE01152001T52MT02EBS001H0215F0215|52UZPE01152001T52MT02EBS001H021552UZPE01152001T52MT02EBS001H0215F0215RC1114737542
3|641|MARIA|VICTORIA|MUNOZ|MUNOZ|TI|1113069054|2011-05-13|2|2|6|9998|3|1||1|07|||8|35.0|140|||2||||||||||||52UZPE01152001T52MT02EBS001H021552UZPE01152001T52MT02EBS001H0215F0215|52UZPE01152001T52MT02EBS001H021552UZPE01152001T52MT02EBS001H0215F0215TI1113069054
3|642|NELLY|NOTIENE|CHITO|NAVIA|CC|29411081|1961-04-11|2|2|6|9998|3|1||3|07|||8|60.0|156|||2||||||||||||52UZPE01152001T52MT02EBS001H021552UZPE01152001T52MT02EBS001H0215F0215|52UZPE01152001T52MT02EBS001H021552UZPE01152001T52MT02EBS001H0215F0215CC29411081
3|643|FRANCISCO|BRAULINO|MUNOZ|SISNEROS|CC|6249104|1962-10-05|1|2|6|9510|3|1||3|07|||8|70.0|167|||2||||||||||||52UZPE01152001T52MT02EBS001H021552UZPE01152001T52MT02EBS001H0215F0215|52UZPE01152001T52MT02EBS001H021552UZPE01152001T52MT02EBS001H0215F0215CC6249104
3|644|SANDRA|HELENA|JOJOA|JOJOA|CC|1085303177|1993-02-25|2|2|6|5169|3|2||7|07|||8|56.0|153|||2||||||||||||52UZPE01152001T52MT02EBS001H021752UZPE01152001T52MT02EBS001H0217F0217|52UZPE01152001T52MT02EBS001H021752UZPE01152001T52MT02EBS001H0217F0217CC1085303177
3|645|NELLY|DELCARMEN|JOSA|MATABANCHOY|CC|27077370|1950-09-01|2|2|6|9998|3|1||3|07|||8|45.0|148|||2||||||||||||52UZPE01152001T52MT02EBS001H021652UZPE01152001T52MT02EBS001H0216F0216|52UZPE01152001T52MT02EBS001H021652UZPE01152001T52MT02EBS001H0216F0216CC27077370
3|646|GLORIA|ESPERANZA|JOSA|NOREFIERE|CC|59813533|1970-12-02|2|2|6|9998|3|1||7|07|||8|70.0|156|||2||||||||||||52UZPE01152001T52MT02EBS001H021852UZPE01152001T52MT02EBS001H0218F0218|52UZPE01152001T52MT02EBS001H021852UZPE01152001T52MT02EBS001H0218F0218CC59813533
3|647|DANIEL|ESTEBAN|PANTOJA|JOJOA|CC|1085304714|1993-05-23|1|2|6|9510|3|1||7|07|||8|70.0|175|||2||||||||||||52UZPE01152001T52MT02EBS001H021952UZPE01152001T52MT02EBS001H0219F0219|52UZPE01152001T52MT02EBS001H021952UZPE01152001T52MT02EBS001H0219F0219CC1085304714
3|648|DANIA|MARCELA|JOJOA|JOSA|CC|1085336937|1997-05-04|2|2|6|9998|3|1||7|07|||8|49.0|152|||2||||||||||||52UZPE01152001T52MT02EBS001H021952UZPE01152001T52MT02EBS001H0219F0219|52UZPE01152001T52MT02EBS001H021952UZPE01152001T52MT02EBS001H0219F0219CC1085336937
3|649|ANGELA|NICOL|DELACRUZ|JOJOA|TI|1084195177|2017-10-09|2|2|6|9998|3|1||8|07|||8|22.0|105|||2||||||||||||52UZPE01152001T52MT02EBS001H021952UZPE01152001T52MT02EBS001H0219F0219|52UZPE01152001T52MT02EBS001H021952UZPE01152001T52MT02EBS001H0219F0219TI1084195177
3|650|DANIA|ALEXANDRA|DELACRUZ|JOJOA|TI|1084195013|2015-06-20|2|2|6|9998|3|1||8|07|||8|28.0|120|||2||||||||||||52UZPE01152001T52MT02EBS001H021952UZPE01152001T52MT02EBS001H0219F0219|52UZPE01152001T52MT02EBS001H021952UZPE01152001T52MT02EBS001H0219F0219TI1084195013
3|651|LUIS|MARINO|JOJOA|NA|CC|1084194924|1955-08-14|1|2|6|9510|3|1||3|07|||1|54.0|158|||2||||||||||||52UZPE01152001T52MT02EBS001H022052UZPE01152001T52MT02EBS001H0220F0220|52UZPE01152001T52MT02EBS001H022052UZPE01152001T52MT02EBS001H0220F0220CC1084194924
3|652|LUIS|HUMBERTO|JOSA|JOJOA|CC|98385109|1972-03-02|1|2|6|9510|3|1||7|07|||8|73.0|169|||2||||||||||||52UZPE01152001T52MT02EBS001H022152UZPE01152001T52MT02EBS001H0221F0221|52UZPE01152001T52MT02EBS001H022152UZPE01152001T52MT02EBS001H0221F0221CC98385109
3|653|BLANCA|MARCIONILA|JOSA|JOJOA|CC|59827186|1974-11-07|2|2|6|9510|3|1||7|07|||8|73.0|148|||2||||||||||||52UZPE01152001T52MT02EBS001H022152UZPE01152001T52MT02EBS001H0221F0221|52UZPE01152001T52MT02EBS001H022152UZPE01152001T52MT02EBS001H0221F0221CC59827186
3|654|NUBIA|MARCELA|JOJA|JOSA|CC|1085300546|1992-11-12|2|2|6|9510|3|1||7|07|||8|64.0|161|||2||||||||||||52UZPE01152001T52MT02EBS001H022152UZPE01152001T52MT02EBS001H0221F0221|52UZPE01152001T52MT02EBS001H022152UZPE01152001T52MT02EBS001H0221F0221CC1085300546
3|655|JHOANA|MILENA|JOSA|JOSA|CC|1085326318|1995-12-26|2|2|6|9510|3|1||7|07|||8|64.0|156|||2||||||||||||52UZPE01152001T52MT02EBS001H022152UZPE01152001T52MT02EBS001H0221F0221|52UZPE01152001T52MT02EBS001H022152UZPE01152001T52MT02EBS001H0221F0221CC1085326318
3|656|JEFER|FELICIANO|JOSA|JOJOA|CC|1004437678|2000-01-11|1|2|6|9510|3|1||7|07|||8|61.0|165|||2||||||||||||52UZPE01152001T52MT02EBS001H022252UZPE01152001T52MT02EBS001H0222F0222|52UZPE01152001T52MT02EBS001H022252UZPE01152001T52MT02EBS001H0222F0222CC1004437678
3|657|OMAIRA|BERTILDE|JOSA|JOJOA|CC|1085295626|1992-04-01|2|2|6|9998|3|1||7|07|||8|62.0|153|||2||||||||||||52UZPE01152001T52MT02EBS001H022352UZPE01152001T52MT02EBS001H0223F0223|52UZPE01152001T52MT02EBS001H022352UZPE01152001T52MT02EBS001H0223F0223CC1085295626
3|658|NELSON|HERNANDO|BENAVIDES|BOTINA|CC|1124313098|1987-07-16|1|2|6|9998|3|1||7|07|||8|70.0|174|||2||||||||||||52UZPE01152001T52MT02EBS001H022352UZPE01152001T52MT02EBS001H0223F0223|52UZPE01152001T52MT02EBS001H022352UZPE01152001T52MT02EBS001H0223F0223CC1124313098
3|659|JULIAN|ALEJANDRO|BENAVIDES|JOSA|TI|1084194720|2011-12-06|1|2|3|9998|3|1||1|01|||8|50.0|146|||2||||||||||||52UZPE01152001T52MT02EBS001H022352UZPE01152001T52MT02EBS001H0223F0223|52UZPE01152001T52MT02EBS001H022352UZPE01152001T52MT02EBS001H0223F0223TI1084194720
3|660|CRISTIAN|CAMILO|BENAVIDES|JOSA|TI|1084194349|2007-08-08|1|2|6|9998|3|1||1|07|||8|72.0|178|||2||||||||||||52UZPE01152001T52MT02EBS001H022352UZPE01152001T52MT02EBS001H0223F0223|52UZPE01152001T52MT02EBS001H022352UZPE01152001T52MT02EBS001H0223F0223TI1084194349
3|661|LAURO|ARNULFO|JOSA|JOJOA|CC|87070082|1984-07-28|1|2|6|9510|3|1||7|07|||8|60.0|170|||2||||||||||||52UZPE01152001T52MT02EBS001H022452UZPE01152001T52MT02EBS001H0224F0224|52UZPE01152001T52MT02EBS001H022452UZPE01152001T52MT02EBS001H0224F0224CC87070082
3|662|OMAIRA|NATALY|NOGUERA|NARVAEZ|CC|27252438|1983-01-01|2|2|6|5169|3|5||7|07|||8|60.0|157|||2||||||||||||52UZPE01152001T52MT02EBS001H022452UZPE01152001T52MT02EBS001H0224F0224|52UZPE01152001T52MT02EBS001H022452UZPE01152001T52MT02EBS001H0224F0224CC27252438
3|663|JUAN|JOSE|JOSA|NOGUERA|RC|1080710659|2023-04-02|1|2|6|9998|3|5||8|07|||8|||||2||||||||||||52UZPE01152001T52MT02EBS001H022452UZPE01152001T52MT02EBS001H0224F0224|52UZPE01152001T52MT02EBS001H022452UZPE01152001T52MT02EBS001H0224F0224RC1080710659
3|664|EDWIN|ARLEY|JOJOA|JOJOA|CC|1085331053|1996-09-03|1|2|6|9510|3|1||7|07|||8|64.0|166|||2||||||||||||52UZPE01152001T52MT02EBS001H022552UZPE01152001T52MT02EBS001H0225F0225|52UZPE01152001T52MT02EBS001H022552UZPE01152001T52MT02EBS001H0225F0225CC1085331053
3|665|HILDA|ADRIANA|JOSA|BOTINA|CC|1085312768|1994-04-28|2|2|6|9510|3|1||7|07|||8|58.0|150|||2||||||||||||52UZPE01152001T52MT02EBS001H022552UZPE01152001T52MT02EBS001H0225F0225|52UZPE01152001T52MT02EBS001H022552UZPE01152001T52MT02EBS001H0225F0225CC1085312768
3|666|YURY|DAYANA|JOJOA|JOSA|TI|1084195073|2016-05-27|2|2|6|9998|3|1||8|07|||8|25.0|125|||2||||||||||||52UZPE01152001T52MT02EBS001H022552UZPE01152001T52MT02EBS001H0225F0225|52UZPE01152001T52MT02EBS001H022552UZPE01152001T52MT02EBS001H0225F0225TI1084195073
3|667|ISAURA|LUZ|JOJOA|JOSA|CC|59837600|1977-03-03|2|2|6|9510|3|1||7|07|||8|59.0|160|||2||||||||||||52UZPE01152001T52MT02EBS001H022652UZPE01152001T52MT02EBS001H0226F0226|52UZPE01152001T52MT02EBS001H022652UZPE01152001T52MT02EBS001H0226F0226CC59837600
3|668|GUILLERMO|AZAEL|JOJOA|JOJOA|CC|98384080|1972-11-27|1|2|6|9510|3|1||7|07|||8|62.0|167|||2||||||||||||52UZPE01152001T52MT02EBS001H022652UZPE01152001T52MT02EBS001H0226F0226|52UZPE01152001T52MT02EBS001H022652UZPE01152001T52MT02EBS001H0226F0226CC98384080
3|669|LILLENT|YAMILE|JOJOA|JOJOA|TI|1084194348|2009-08-26|2|2|6|9998|3|1||1|07|||8|50.0|155|||2||||||||||||52UZPE01152001T52MT02EBS001H022652UZPE01152001T52MT02EBS001H0226F0226|52UZPE01152001T52MT02EBS001H022652UZPE01152001T52MT02EBS001H0226F0226TI1084194348
3|670|LUZ|MARIA|JOJOA|BOTINA|CC|59829180|1956-07-15|2|2|6|9998|3|1||3|07|||8|57.0|154|||2||||||||||||52UZPE01152001T52MT02EBS001H022752UZPE01152001T52MT02EBS001H0227F0227|52UZPE01152001T52MT02EBS001H022752UZPE01152001T52MT02EBS001H0227F0227CC59829180
3|671|OMAR|GERMAN|JOJOA|JOSA|CC|87070101|1983-02-13|1|2|6|9510|3|1||7|07|||8|69.0|165|||2||||||||||||52UZPE01152001T52MT02EBS001H022852UZPE01152001T52MT02EBS001H0228F0228|52UZPE01152001T52MT02EBS001H022852UZPE01152001T52MT02EBS001H0228F0228CC87070101
3|672|FRANCO|ENRIQUE|JOJOA|JOJOA|CC|5206084|1957-05-12|1|2|6|9510|3|1||3|07|||8|63.0|169|||2||||||||||||52UZPE01152001T52MT02EBS001H022952UZPE01152001T52MT02EBS001H0229F0229|52UZPE01152001T52MT02EBS001H022952UZPE01152001T52MT02EBS001H0229F0229CC5206084
3|673|LUZ|MARINA|JOJOA|JOSA|CC|59824483|1965-11-27|2|2|6|9998|3|1||7|07|||8|76.0|150|||2||||||||||||52UZPE01152001T52MT02EBS001H022952UZPE01152001T52MT02EBS001H0229F0229|52UZPE01152001T52MT02EBS001H022952UZPE01152001T52MT02EBS001H0229F0229CC59824483
3|674|LUIS|ANIBAL|JOSA|JOJOA|CC|98384079|1974-12-18|1|2|6|9510|3|1||7|07|||8|64.0|170|||2||||||||||||52UZPE01152001T52MT02EBS001H023052UZPE01152001T52MT02EBS001H0230F0230|52UZPE01152001T52MT02EBS001H023052UZPE01152001T52MT02EBS001H0230F0230CC98384079
3|675|AURA|EDILMA|JOSA|JOJOA|CC|36754399|1978-03-06|2|2|6|9998|3|1||7|07|||8|64.0|155|||2||||||||||||52UZPE01152001T52MT02EBS001H023052UZPE01152001T52MT02EBS001H0230F0230|52UZPE01152001T52MT02EBS001H023052UZPE01152001T52MT02EBS001H0230F0230CC36754399
3|676|LUZ|DARY|JOJOA|JOJOA|CC|1085343104|1998-12-05|2|2|6|9998|3|1||7|07|||8|69.0|155|||2||||||||||||52UZPE01152001T52MT02EBS001H023152UZPE01152001T52MT02EBS001H0231F0231|52UZPE01152001T52MT02EBS001H023152UZPE01152001T52MT02EBS001H0231F0231CC1085343104
3|677|JAMES|ALEXIS|JOJOA|JOJOA|TI|1084194932|2014-08-22|1|2|6|9998|3|1||8|07|||8|25.0|124|||2||||||||||||52UZPE01152001T52MT02EBS001H023152UZPE01152001T52MT02EBS001H0231F0231|52UZPE01152001T52MT02EBS001H023152UZPE01152001T52MT02EBS001H0231F0231TI1084194932
3|678|JONATHAN|RICARDO|LEGARDA|JOJOA|RC|1084195349|2020-11-14|1|2|6|9998|3|1||8|07|||8|||||2||||||||||||52UZPE01152001T52MT02EBS001H023152UZPE01152001T52MT02EBS001H0231F0231|52UZPE01152001T52MT02EBS001H023152UZPE01152001T52MT02EBS001H0231F0231RC1084195349
3|679|JESUS|HUGO|MIRAMAG|TULCAN|CC|98386535|1972-11-03|1|2|6|9510|3|1||7|07|||8|62.0|165|||2||||||||||||52UZPE01152001T52MT02EBS001H023252UZPE01152001T52MT02EBS001H0232F0232|52UZPE01152001T52MT02EBS001H023252UZPE01152001T52MT02EBS001H0232F0232CC98386535
3|680|PIEDAD|DELOURDES|MIRAMAG|TULCAN|CC|37081441|1980-01-22|2|2|6|9998|3|1||7|07|||8|54.0|155|||2||||||||||||52UZPE01152001T52MT02EBS001H023352UZPE01152001T52MT02EBS001H0233F0233|52UZPE01152001T52MT02EBS001H023352UZPE01152001T52MT02EBS001H0233F0233CC37081441
3|681|GISELA|ESTEFANIA|CORAL|MIRAMAG|TI|1084195059|2016-02-13|2|2|6|9998|3|1||8|07|||8|21.0|112|||2||||||||||||52UZPE01152001T52MT02EBS001H023352UZPE01152001T52MT02EBS001H0233F0233|52UZPE01152001T52MT02EBS001H023352UZPE01152001T52MT02EBS001H0233F0233TI1084195059
3|682|HECTOR|NA|JOSA|BOTINA|CC|1804467|1971-04-30|1|2|6|9510|3|1||7|07|||8|60.0|165|||2||||||||||||52UZPE01152001T52MT02EBS001H023452UZPE01152001T52MT02EBS001H0234F0234|52UZPE01152001T52MT02EBS001H023452UZPE01152001T52MT02EBS001H0234F0234CC1804467
3|683|AURA|IRENE|JOJOA|JOJOA|CC|30720568|1955-05-03|2|2|6|9998|3|1||3|07|||2|67.0|150|||2||||||||||||52UZPE01152001T52MT02EBS001H023452UZPE01152001T52MT02EBS001H0234F0234|52UZPE01152001T52MT02EBS001H023452UZPE01152001T52MT02EBS001H0234F0234CC30720568
3|684|MARIA|MAGDALENA|JOJOA|DEJOJOA|CC|27086233|1934-11-10|2|2|6|9998|3|1||3|07|||3|57.0|153|||2||||||||||||52UZPE01152001T52MT02EBS001H023552UZPE01152001T52MT02EBS001H0235F0235|52UZPE01152001T52MT02EBS001H023552UZPE01152001T52MT02EBS001H0235F0235CC27086233
3|685|ADRIANA|PATRICIA|TEPUD|CORAL|CC|37084426|1983-08-13|2|2|6|9998|3|1||7|07|||8|77.0|156|||2||||||||||||52UZPE01152001T52MT02EBS001H023652UZPE01152001T52MT02EBS001H0236F0236|52UZPE01152001T52MT02EBS001H023652UZPE01152001T52MT02EBS001H0236F0236CC37084426
3|686|JOHN|EDISON|NAVARRETE|JOJOA|CC|1085270186|1987-05-02|1|2|6|9510|3|1||7|07|||8|64.0|170|||2||||||||||||52UZPE01152001T52MT02EBS001H023752UZPE01152001T52MT02EBS001H0237F0237|52UZPE01152001T52MT02EBS001H023752UZPE01152001T52MT02EBS001H0237F0237CC1085270186
3|687|ROSI|MARICEL|JOJOA|JOJOA|CC|1085312294|1994-04-02|2|2|6|9998|3|1||7|07|||8|54.0|154|||2||||||||||||52UZPE01152001T52MT02EBS001H023752UZPE01152001T52MT02EBS001H0237F0237|52UZPE01152001T52MT02EBS001H023752UZPE01152001T52MT02EBS001H0237F0237CC1085312294
3|688|GABRIEL|ESTEBAN|NAVARRETE|JOJOA|RC|1084195203|2018-02-06|1|2|6|9998|3|1||8|07|||8|23.0|110|||2||||||||||||52UZPE01152001T52MT02EBS001H023752UZPE01152001T52MT02EBS001H0237F0237|52UZPE01152001T52MT02EBS001H023752UZPE01152001T52MT02EBS001H0237F0237RC1084195203
3|689|MIGUEL|ANGEL|NAVARRETE|JOJOA|TI|1084195086|2016-07-02|1|2|6|9998|3|1||8|07|||8|30.0|126|||2||||||||||||52UZPE01152001T52MT02EBS001H023752UZPE01152001T52MT02EBS001H0237F0237|52UZPE01152001T52MT02EBS001H023752UZPE01152001T52MT02EBS001H0237F0237TI1084195086
3|690|SEGUNDO|JOSE|JOJOA|JOSA|CC|12991260|1967-05-28|1|2|6|9510|3|1||7|07|||8|63.0|165|||2||||||||||||52UZPE01152001T52MT02EBS001H023852UZPE01152001T52MT02EBS001H0238F0238|52UZPE01152001T52MT02EBS001H023852UZPE01152001T52MT02EBS001H0238F0238CC12991260
3|691|ALBA|NELLY|JOJOA|JOJOA|CC|30740078|1968-01-28|2|2|6|9998|3|1||7|07|||8|48.0|150|||2||||||||||||52UZPE01152001T52MT02EBS001H023852UZPE01152001T52MT02EBS001H0238F0238|52UZPE01152001T52MT02EBS001H023852UZPE01152001T52MT02EBS001H0238F0238CC30740078
3|692|HECTOR|IVAN|JOJOA|JOJOA|CC|1081052729|2004-04-02|1|2|6|9510|3|1||7|07|||8|62.0|166|||2||||||||||||52UZPE01152001T52MT02EBS001H023952UZPE01152001T52MT02EBS001H0239F0239|52UZPE01152001T52MT02EBS001H023952UZPE01152001T52MT02EBS001H0239F0239CC1081052729
3|693|DARWIN|JACOBO|ERAZO|JOJOA|TI|1084195052|2015-12-26|1|2|6|9998|3|1||8|07|||8|28.0|123|||2||||||||||||52UZPE01152001T52MT02EBS001H024052UZPE01152001T52MT02EBS001H0240F0240|52UZPE01152001T52MT02EBS001H024052UZPE01152001T52MT02EBS001H0240F0240TI1084195052
3|694|YANI|MIRELLA|JOJOA|JOJOA|CC|1085320115|1995-04-10|2|2|6|9510|3|1||7|07|||8|62.0|163|||2||||||||||||52UZPE01152001T52MT02EBS001H024052UZPE01152001T52MT02EBS001H0240F0240|52UZPE01152001T52MT02EBS001H024052UZPE01152001T52MT02EBS001H0240F0240CC1085320115
3|695|CARLOS|NINGUNO|JOJOA|JOSA|CC|12996643|1969-05-16|1|2|6|9998|3|1||7|07|||8|58.0|160|||2||||||||||||52UZPE01152001T52MT02EBS001H024452UZPE01152001T52MT02EBS001H0244F0244|52UZPE01152001T52MT02EBS001H024452UZPE01152001T52MT02EBS001H0244F0244CC12996643
3|696|NELLY|DELCARMEN|JOJOA|SALAZAR|CC|30740571|1968-02-19|2|2|6|9998|3|1||7|07|||8|58.0|152|||2||||||||||||52UZPE01152001T52MT02EBS001H024452UZPE01152001T52MT02EBS001H0244F0244|52UZPE01152001T52MT02EBS001H024452UZPE01152001T52MT02EBS001H0244F0244CC30740571
3|697|CARLOS|BRAYAN|JOJOA|JOJOA|CC|1085339783|1998-03-11|1|2|6|9510|3|1||7|07|||8|62.0|162|||2||||||||||||52UZPE01152001T52MT02EBS001H024152UZPE01152001T52MT02EBS001H0241F0241|52UZPE01152001T52MT02EBS001H024152UZPE01152001T52MT02EBS001H0241F0241CC1085339783
3|698|UBEIMAR|WLADIMIR|JOJOA|JOJOA|CC|1085330678|1996-08-23|1|2|6|9510|3|1||7|07|||8|61.0|160|||2||||||||||||52UZPE01152001T52MT02EBS001H024252UZPE01152001T52MT02EBS001H0242F0242|52UZPE01152001T52MT02EBS001H024252UZPE01152001T52MT02EBS001H0242F0242CC1085330678
3|699|MARIA|ALEJANDRA|RODRIGUEZ|JOJOA|TI|1084195003|2015-05-25|2|2|6|9998|3|1||8|07|||8|44.0|154|||2||||||||||||52UZPE01152001T52MT02EBS001H024352UZPE01152001T52MT02EBS001H0243F0243|52UZPE01152001T52MT02EBS001H024352UZPE01152001T52MT02EBS001H0243F0243TI1084195003
3|700|DANNA|ISABELA|RODRIGUEZ|JOJOA|RC|1084195474|2024-04-24|2|2|6|9998|3|1||8|07|||8|||||2||||||||||||52UZPE01152001T52MT02EBS001H024352UZPE01152001T52MT02EBS001H0243F0243|52UZPE01152001T52MT02EBS001H024352UZPE01152001T52MT02EBS001H0243F0243RC1084195474
3|701|NELSY|MARITZA|JOJOA|JOJOA|CC|1085314334|1994-07-06|2|2|6|9510|3|1||7|07|||8|62.0|155|||2||||||||||||52UZPE01152001T52MT02EBS001H024352UZPE01152001T52MT02EBS001H0243F0243|52UZPE01152001T52MT02EBS001H024352UZPE01152001T52MT02EBS001H0243F0243CC1085314334
3|702|EDGAR|MARINO|JOJOA|JOSA|CC|12998337|1970-04-01|1|2|6|9998|3|1||7|07|||8|62.0|162|||2||||||||||||52UZPE01152001T52MT02EBS001H024752UZPE01152001T52MT02EBS001H0247F0247|52UZPE01152001T52MT02EBS001H024752UZPE01152001T52MT02EBS001H0247F0247CC12998337
3|703|CARMEN|GRACIELA|JOSA|JOJOA|CC|30745147|1970-01-25|2|2|6|9998|3|1||7|07|||8|65.0|165|||2||||||||||||52UZPE01152001T52MT02EBS001H024752UZPE01152001T52MT02EBS001H0247F0247|52UZPE01152001T52MT02EBS001H024752UZPE01152001T52MT02EBS001H0247F0247CC30745147
3|704|FRANCO|EDMUNDO|JOSSA|JOJOA|CC|5206731|1978-08-20|1|2|6|9510|3|1||7|07|||8|65.0|159|||2||||||||||||52UZPE01152001T52MT02EBS001H024852UZPE01152001T52MT02EBS001H0248F0248|52UZPE01152001T52MT02EBS001H024852UZPE01152001T52MT02EBS001H0248F0248CC5206731
3|705|JUVER|ALEXANDER|JOJOA|JOSA|CC|87063349|1982-12-08|1|2|6|9510|3|1||7|07|||8|65.0|169|||2||||||||||||52UZPE01152001T52MT02EBS001H024952UZPE01152001T52MT02EBS001H0249F0249|52UZPE01152001T52MT02EBS001H024952UZPE01152001T52MT02EBS001H0249F0249CC87063349
3|706|ELVIA|AMANDA|NARVAEZ|JOSA|CC|1085259414|1986-01-21|2|2|6|9998|3|1||7|07|||8|58.0|160|||2||||||||||||52UZPE01152001T52MT02EBS001H024952UZPE01152001T52MT02EBS001H0249F0249|52UZPE01152001T52MT02EBS001H024952UZPE01152001T52MT02EBS001H0249F0249CC1085259414
3|707|JAVIER|ESTIVEN|JOJOA|NARVAEZ|RC|1084195126|2017-03-03|1|2|6|9998|3|1||8|07|||8|28.0|115|||2||||||||||||52UZPE01152001T52MT02EBS001H024952UZPE01152001T52MT02EBS001H0249F0249|52UZPE01152001T52MT02EBS001H024952UZPE01152001T52MT02EBS001H0249F0249RC1084195126
3|708|JEISON|ALEXANDER|JOJOA|NARVAEZ|RC|1084195265|2019-05-25|1|2|6|9998|3|1||8|07|||8|18.0|110|||2||||||||||||52UZPE01152001T52MT02EBS001H024952UZPE01152001T52MT02EBS001H0249F0249|52UZPE01152001T52MT02EBS001H024952UZPE01152001T52MT02EBS001H0249F0249RC1084195265
3|709|GLORIA|ISABEL|JOJOA|SALAZAR|CC|59817408|1972-06-07|2|2|6|9510|3|1||7|07|||8|52.0|150|||2||||||||||||52UZPE01152001T52MT02EBS001H025152UZPE01152001T52MT02EBS001H0251F0251|52UZPE01152001T52MT02EBS001H025152UZPE01152001T52MT02EBS001H0251F0251CC59817408
3|710|LEIDY|XIMENA|JOJOA|JOJOA|CC|1080042922|2005-01-19|2|2|6|9998|3|1||7|07|||8|48.0|151|||2||||||||||||52UZPE01152001T52MT02EBS001H025152UZPE01152001T52MT02EBS001H0251F0251|52UZPE01152001T52MT02EBS001H025152UZPE01152001T52MT02EBS001H0251F0251CC1080042922
3|711|ALVARO|OQUENDO|JOSA|JOJOA|CC|98399832|1978-03-03|1|2|6|9510|3|1||7|07|||8|57.0|172|||2||||||||||||52UZPE01152001T52MT02EBS001H025452UZPE01152001T52MT02EBS001H0254F0254|52UZPE01152001T52MT02EBS001H025452UZPE01152001T52MT02EBS001H0254F0254CC98399832
3|712|MARIA|SANTOS|JOJOA|JOJOA|CC|27086624|1950-11-01|2|2|6|9998|3|1||3|07|||8|50.0|160|||2||||||||||||52UZPE01152001T52MT02EBS001H025252UZPE01152001T52MT02EBS001H0252F0252|52UZPE01152001T52MT02EBS001H025252UZPE01152001T52MT02EBS001H0252F0252CC27086624
3|713|MARIA|ORFELINA|JOJOA|JOJOA|CC|27086623|1953-02-14|2|2|6|9998|3|1||3|07|||3|58.0|160|||2||||||||||||52UZPE01152001T52MT02EBS001H025352UZPE01152001T52MT02EBS001H0253F0253|52UZPE01152001T52MT02EBS001H025352UZPE01152001T52MT02EBS001H0253F0253CC27086623
3|714|LIDER|OLMEDO|JOSA|JOJOA|CC|98399864|1974-12-09|1|2|6|9510|3|1||7|07|||8|50.0|154|||2||||||||||||52UZPE01152001T52MT02EBS001H025552UZPE01152001T52MT02EBS001H0255F0255|52UZPE01152001T52MT02EBS001H025552UZPE01152001T52MT02EBS001H0255F0255CC98399864
3|715|DEISY|CATERINE|JOJOA|JOJOA|CC|1233190640|1997-12-02|2|2|6|9998|3|1||7|07|||8|53.0|165|||2||||||||||||52UZPE01152001T52MT02EBS001H025652UZPE01152001T52MT02EBS001H0256F0256|52UZPE01152001T52MT02EBS001H025652UZPE01152001T52MT02EBS001H0256F0256CC1233190640
3|716|LUISA|FRRNANDA|JOJOA|JOJOA|RC|1084195179|2017-10-31|2|2|6|9998|3|1||8|07|||8|28.0|123|||2||||||||||||52UZPE01152001T52MT02EBS001H025652UZPE01152001T52MT02EBS001H0256F0256|52UZPE01152001T52MT02EBS001H025652UZPE01152001T52MT02EBS001H0256F0256RC1084195179
3|717|JHOANA|SOFIA|JOJOA|JOJOA|TI|1084194922|2014-06-24|2|2|6|9998|3|1||8|07|||8|27.0|137|||2||||||||||||52UZPE01152001T52MT02EBS001H025652UZPE01152001T52MT02EBS001H0256F0256|52UZPE01152001T52MT02EBS001H025652UZPE01152001T52MT02EBS001H0256F0256TI1084194922
3|718|DAIRON|MANUEL|JOJOA|JOJOA|RC|1084195260|2019-05-12|1|2|6|9998|3|1||8|07|||8|||||2||||||||||||52UZPE01152001T52MT02EBS001H025652UZPE01152001T52MT02EBS001H0256F0256|52UZPE01152001T52MT02EBS001H025652UZPE01152001T52MT02EBS001H0256F0256RC1084195260
3|719|LUZ|ANGELICA|BOTINA|JOSA|CC|27086714|1955-01-02|2|2|6|9998|3|1||3|07|||8|50.0|153|||2||||||||||||52UZPE01152001T52MT02EBS001H025752UZPE01152001T52MT02EBS001H0257F0257|52UZPE01152001T52MT02EBS001H025752UZPE01152001T52MT02EBS001H0257F0257CC27086714
3|720|MIRIAN|MARISOL|JOJOA|BOTINA|CC|37087555|1985-01-03|2|2|6|9510|3|1||7|07|||8|56.0|153|||2||||||||||||52UZPE01152001T52MT02EBS001H025852UZPE01152001T52MT02EBS001H0258F0258|52UZPE01152001T52MT02EBS001H025852UZPE01152001T52MT02EBS001H0258F0258CC37087555
3|721|DEISY|DANIELA|JOSA|JOJOA|RC|1084195362|2021-06-12|2|2|6|9998|3|1||8|07|||8|||||2||||||||||||52UZPE01152001T52MT02EBS001H025852UZPE01152001T52MT02EBS001H0258F0258|52UZPE01152001T52MT02EBS001H025852UZPE01152001T52MT02EBS001H0258F0258RC1084195362
3|722|JHOANA|LISETH|JOSA|JOJOA|TI|1084195012|2015-06-07|2|2|6|9998|3|1||8|07|||8|30.0|110|||2||||||||||||52UZPE01152001T52MT02EBS001H025852UZPE01152001T52MT02EBS001H0258F0258|52UZPE01152001T52MT02EBS001H025852UZPE01152001T52MT02EBS001H0258F0258TI1084195012
3|723|ESPERANZA|DELSOCORRO|SALAZAR|JOJOA|CC|27086447|1944-04-07|2|2|6|9998|3|1||3|07|||8|54.0|155|||2||||||||||||52UZPE01152001T52MT02EBS001H026052UZPE01152001T52MT02EBS001H0260F0260|52UZPE01152001T52MT02EBS001H026052UZPE01152001T52MT02EBS001H0260F0260CC27086447
3|724|ROBERTO|NOTIENE|JOJOA|JOJOA|CC|1804345|1942-12-03|1|2|6|9510|3|1||3|07|||8|70.0|165|||2||||||||||||52UZPE01152001T52MT02EBS001H026052UZPE01152001T52MT02EBS001H0260F0260|52UZPE01152001T52MT02EBS001H026052UZPE01152001T52MT02EBS001H0260F0260CC1804345
3|725|LILIA|DELCARMEN|MATABANCHOY|JOSA|CC|30740353|1960-01-01|2|2|6|9998|3|1||3|07|||8|67.0|154|||2||||||||||||52UZPE01152001T52MT02EBS001H026152UZPE01152001T52MT02EBS001H0261F0261|52UZPE01152001T52MT02EBS001H026152UZPE01152001T52MT02EBS001H0261F0261CC30740353
3|726|ROSA|EMERITA|JOJOA|SALAZAR|CC|30735477|1966-05-12|2|2|6|9998|3|1||7|07|||8|69.0|163|||2||||||||||||52UZPE01152001T52MT02EBS001H026252UZPE01152001T52MT02EBS001H0262F0262|52UZPE01152001T52MT02EBS001H026252UZPE01152001T52MT02EBS001H0262F0262CC30735477
3|727|BUENAVENTURA|NOTIENE|JOJOA|JOSA|CC|12993755|1964-03-16|1|2|6|9510|3|1||3|07|||8|69.0|166|||2||||||||||||52UZPE01152001T52MT02EBS001H026252UZPE01152001T52MT02EBS001H0262F0262|52UZPE01152001T52MT02EBS001H026252UZPE01152001T52MT02EBS001H0262F0262CC12993755
3|728|JOSE|GUILLERMO|TEPUD|CORAL|CC|98389147|1974-11-07|1|2|6|9510|3|1||7|07|||8|67.0|165|||2||||||||||||52UZPE01152001T52MT02EBS001H026352UZPE01152001T52MT02EBS001H0263F0263|52UZPE01152001T52MT02EBS001H026352UZPE01152001T52MT02EBS001H0263F0263CC98389147
3|729|AURA|MARINA|JOJOA|SALAZAR|CC|30731872|1964-02-13|2|2|6|9998|3|1||3|07|||8|55.0|156|||2||||||||||||52UZPE01152001T52MT02EBS001H026652UZPE01152001T52MT02EBS001H0266F0266|52UZPE01152001T52MT02EBS001H026652UZPE01152001T52MT02EBS001H0266F0266CC30731872
3|730|JESUS|OCTAVIO|MATABANCHOY|JOSA|CC|12993653|1968-08-31|1|2|6|9510|3|1||7|07|||8|52.0|157|||2||||||||||||52UZPE01152001T52MT02EBS001H026652UZPE01152001T52MT02EBS001H0266F0266|52UZPE01152001T52MT02EBS001H026652UZPE01152001T52MT02EBS001H0266F0266CC12993653
3|731|PABLO|GIRALDO|JOJOA|JOSA|CC|98385|1968-09-14|1|2|6|9510|3|1||7|07|||8|53.0|167|||2||||||||||||52UZPE01152001T52MT02EBS001H026752UZPE01152001T52MT02EBS001H0267F0267|52UZPE01152001T52MT02EBS001H026752UZPE01152001T52MT02EBS001H0267F0267CC98385
3|732|GREEICY|MAYERLY|JOJOA|JOSA|CC|1080043569|2002-09-15|2|2|6|9510|3|1||7|07|||8|52.0|166|||2||||||||||||52UZPE01152001T52MT02EBS001H026752UZPE01152001T52MT02EBS001H0267F0267|52UZPE01152001T52MT02EBS001H026752UZPE01152001T52MT02EBS001H0267F0267CC1080043569
3|733|FLOR|ELIZA|JOSA|JOJOA|CC|27081897|1975-07-26|2|2|6|9998|3|1||7|07|||8|67.0|149|||2||||||||||||52UZPE01152001T52MT02EBS001H026752UZPE01152001T52MT02EBS001H0267F0267|52UZPE01152001T52MT02EBS001H026752UZPE01152001T52MT02EBS001H0267F0267CC27081897
3|734|ELOIZA|NOREFIERE|JOJOA|JOJOA|CC|27078292|1940-08-17|2|2|6|9998|3|1||3|07|||2|38.0|140|||2||||||||||||52UZPE01152001T52MT02EBS001H026852UZPE01152001T52MT02EBS001H0268F0268|52UZPE01152001T52MT02EBS001H026852UZPE01152001T52MT02EBS001H0268F0268CC27078292
3|735|HERICA|LORENA|MATABANCHOY|JOJOA|CC|1085319081|1995-02-10|2|2|6|5169|3|2||7|07|||8|57.0|156|||2||||||||||||52UZPE01152001T52MT02EBS001H026452UZPE01152001T52MT02EBS001H0264F0264|52UZPE01152001T52MT02EBS001H026452UZPE01152001T52MT02EBS001H0264F0264CC1085319081
3|736|WILMAR|ROLANDO|MATABANCHOY|JOJOA|CC|1085336315|1997-08-10|1|2|6|9510|3|1||7|07|||8|68.0|164|||2||||||||||||52UZPE01152001T52MT02EBS001H026552UZPE01152001T52MT02EBS001H0265F0265|52UZPE01152001T52MT02EBS001H026552UZPE01152001T52MT02EBS001H0265F0265CC1085336315
3|737|MARIA|MELIA|JOJOA|DEJOSA|CC|27086619|1936-12-31|2|2|6|9998|3|1||3|07|||2|46.0|156|||2||||||||||||52UZPE01152001T52MT02EBS001H027152UZPE01152001T52MT02EBS001H0271F0271|52UZPE01152001T52MT02EBS001H027152UZPE01152001T52MT02EBS001H0271F0271CC27086619
3|738|PEREGRINO|NOREFIERE|JOSA|JOSA|CC|5199147|1939-12-02|1|2|6|9998|3|1||3|07|||1|58.0|160|||2||||||||||||52UZPE01152001T52MT02EBS001H027152UZPE01152001T52MT02EBS001H0271F0271|52UZPE01152001T52MT02EBS001H027152UZPE01152001T52MT02EBS001H0271F0271CC5199147
3|739|XIMENA|LUCIA|TEPUD|JOSA|TI|1084194671|2011-04-20|2|2|6|9998|3|1||1|07|||8|32.0|150|||2||||||||||||52UZPE01152001T52MT02EBS001H027252UZPE01152001T52MT02EBS001H0272F0272|52UZPE01152001T52MT02EBS001H027252UZPE01152001T52MT02EBS001H0272F0272TI1084194671
3|740|ELIANA|CECILIA|TEPUD|JOSA|TI|1084194435|2008-07-06|2|2|6|9998|3|1||1|07|||8|50.0|160|||2||||||||||||52UZPE01152001T52MT02EBS001H027252UZPE01152001T52MT02EBS001H0272F0272|52UZPE01152001T52MT02EBS001H027252UZPE01152001T52MT02EBS001H0272F0272TI1084194435
3|741|NELLY|LUCIA|JOSA|BOTINA|CC|1085282013|1990-02-12|2|2|6|9998|3|1||7|07|||8|62.0|152|||2||||||||||||52UZPE01152001T52MT02EBS001H027252UZPE01152001T52MT02EBS001H0272F0272|52UZPE01152001T52MT02EBS001H027252UZPE01152001T52MT02EBS001H0272F0272CC1085282013
3|742|JHON|FREDY|TEPUD|CORAL|CC|1004437506|1988-11-15|1|2|6|9510|3|1||7|07|||8|58.0|167|||2||||||||||||52UZPE01152001T52MT02EBS001H027252UZPE01152001T52MT02EBS001H0272F0272|52UZPE01152001T52MT02EBS001H027252UZPE01152001T52MT02EBS001H0272F0272CC1004437506
3|743|MARIA|DOLORES|JOSA|JOSA|CC|59826087|1955-10-11|2|2|6|9998|3|1||3|07|||8|58.0|145|||2||||||||||||52UZPE01152001T52MT02EBS001H027352UZPE01152001T52MT02EBS001H0273F0273|52UZPE01152001T52MT02EBS001H027352UZPE01152001T52MT02EBS001H0273F0273CC59826087
3|744|LUIS|ALFONSO|MEJIA|NINGUNO|CC|1204462|1948-03-19|1|2|6|9510|3|1||3|07|||2|62.0|163|||2||||||||||||52UZPE01152001T52MT02EBS001H027352UZPE01152001T52MT02EBS001H0273F0273|52UZPE01152001T52MT02EBS001H027352UZPE01152001T52MT02EBS001H0273F0273CC1204462
3|745|FANY|ELIZABETH|JOJOA|JOSA|CC|1085273813|1989-03-20|2|2|6|9998|3|1||7|07|||8|60.0|157|||2||||||||||||52UZPE01152001T52MT02EBS001H027452UZPE01152001T52MT02EBS001H0274F0274|52UZPE01152001T52MT02EBS001H027452UZPE01152001T52MT02EBS001H0274F0274CC1085273813
3|746|ALEX|EDILSON|JOJOA|NARVAEZ|CC|1193036206|2002-02-25|1|2|6|9510|3|1||7|07|||8|60.0|169|||2||||||||||||52UZPE01152001T52MT02EBS001H025052UZPE01152001T52MT02EBS001H0250F0250|52UZPE01152001T52MT02EBS001H025052UZPE01152001T52MT02EBS001H0250F0250CC1193036206
3|747|EFREN|NOTIENE|JOSA|NARVAEZ|CC|1084194446|1955-01-02|1|2|6|9510|3|1||3|07|||8|58.0|160|||2||||||||||||52UZPE01152001T52MT02EBS001H027552UZPE01152001T52MT02EBS001H0275F0275|52UZPE01152001T52MT02EBS001H027552UZPE01152001T52MT02EBS001H0275F0275CC1084194446
3|748|JOSE|AURELIO|JOJOA|JOSA|CC|12989906|1965-12-26|1|2|6|9510|3|1||7|07|||8|73.0|170|||2||||||||||||52UZPE01152001T52MT02EBS001H027652UZPE01152001T52MT02EBS001H0276F0276|52UZPE01152001T52MT02EBS001H027652UZPE01152001T52MT02EBS001H0276F0276CC12989906
3|749|MARIA|OLIVA|MATABANCHOY|JOBSOY|CC|30736776|1965-12-04|2|2|6|9998|3|1||7|07|||8|63.0|155|||2||||||||||||52UZPE01152001T52MT02EBS001H027652UZPE01152001T52MT02EBS001H0276F0276|52UZPE01152001T52MT02EBS001H027652UZPE01152001T52MT02EBS001H0276F0276CC30736776
3|750|LICETH|PAOLA|JOJOA|JOJOA|TI|1084194550|2009-09-28|2|2|6|9998|3|1||1|07|||8|60.0|170|||2||||||||||||52UZPE01152001T52MT02EBS001H027752UZPE01152001T52MT02EBS001H0277F0277|52UZPE01152001T52MT02EBS001H027752UZPE01152001T52MT02EBS001H0277F0277TI1084194550
3|751|MARIA|ELENA|JOJOA|MATABANCHOY|CC|1085301984|1992-09-15|2|2|6|9998|3|1||7|07|||8|58.0|154|||2||||||||||||52UZPE01152001T52MT02EBS001H027752UZPE01152001T52MT02EBS001H0277F0277|52UZPE01152001T52MT02EBS001H027752UZPE01152001T52MT02EBS001H0277F0277CC1085301984
3|752|NELLY|PATRICIA|JOJOA|MATABANCHOY|CC|36757432|1978-06-13|2|2|6|9998|3|1||7|07|||8|68.0|145|||2||||||||||||52UZPE01152001T52MT02EBS001H027852UZPE01152001T52MT02EBS001H0278F0278|52UZPE01152001T52MT02EBS001H027852UZPE01152001T52MT02EBS001H0278F0278CC36757432
3|753|LUIS|HERNANDO|JOJOA|JOSA|CC|98381184|1967-12-30|1|2|6|9510|3|1||7|07|||8|62.0|169|||2||||||||||||52UZPE01152001T52MT02EBS001H027852UZPE01152001T52MT02EBS001H0278F0278|52UZPE01152001T52MT02EBS001H027852UZPE01152001T52MT02EBS001H0278F0278CC98381184
3|754|YENIFER|LORENA|JOJOA|JOJOA|TI|1084194741|2012-03-09|2|2|6|9998|3|1||1|07|||8|36.0|144|||2||||||||||||52UZPE01152001T52MT02EBS001H027852UZPE01152001T52MT02EBS001H0278F0278|52UZPE01152001T52MT02EBS001H027852UZPE01152001T52MT02EBS001H0278F0278TI1084194741
3|755|VICTOR|HUGO|JOJOA|LOPEZ|CC|12951288|1942-08-08|1|2|6|9998|3|1||3|07|||8|74.0|174|||2||||||||||||52UZPE01152001T52MT02EBS001H028052UZPE01152001T52MT02EBS001H0280F0280|52UZPE01152001T52MT02EBS001H028052UZPE01152001T52MT02EBS001H0280F0280CC12951288
3|756|ESTHER|NINGUNO|JOSA|DEJOJOA|CC|27086599|1943-12-31|2|2|6|9998|3|1||3|07|||8|73.0|148|||2||||||||||||52UZPE01152001T52MT02EBS001H028052UZPE01152001T52MT02EBS001H0280F0280|52UZPE01152001T52MT02EBS001H028052UZPE01152001T52MT02EBS001H0280F0280CC27086599
3|757|MILTON|GIOVANNY|JOJOA|JOJOA|CC|1193266225|2002-03-07|1|2|6|5169|3|2||7|07|||8|70.0|163|||2||||||||||||52UZPE01152001T52MT02EBS001H027952UZPE01152001T52MT02EBS001H0279F0279|52UZPE01152001T52MT02EBS001H027952UZPE01152001T52MT02EBS001H0279F0279CC1193266225
3|758|SNEIDER|GIOVANNY|JOJOA|DIAZ|RC|1080710179|2022-10-05|1|2|6|9998|3|1||8|07|||8|||||2||||||||||||52UZPE01152001T52MT02EBS001H027952UZPE01152001T52MT02EBS001H0279F0279|52UZPE01152001T52MT02EBS001H027952UZPE01152001T52MT02EBS001H0279F0279RC1080710179
3|759|HOMERO|OSVALDO|JOSA|DIAZ|CC|98399707|1978-01-13|1|2|6|9510|3|1||7|07|||8|62.0|160|||2||||||||||||52UZPE01152001T52MT02EBS001H028152UZPE01152001T52MT02EBS001H0281F0281|52UZPE01152001T52MT02EBS001H028152UZPE01152001T52MT02EBS001H0281F0281CC98399707
3|760|ALBA|JOVANA|JOJOA|JOSA|CC|37088251|1984-02-19|2|2|6|9998|3|1||7|07|||8|70.0|152|||2||||||||||||52UZPE01152001T52MT02EBS001H028152UZPE01152001T52MT02EBS001H0281F0281|52UZPE01152001T52MT02EBS001H028152UZPE01152001T52MT02EBS001H0281F0281CC37088251
3|761|ERIKA|YAMILE|JOJOA|JOJOA|CC|1080041419|2004-06-11|2|2|6|9998|3|1||7|07|||8|70.0|156|||2||||||||||||52UZPE01152001T52MT02EBS001H028152UZPE01152001T52MT02EBS001H0281F0281|52UZPE01152001T52MT02EBS001H028152UZPE01152001T52MT02EBS001H0281F0281CC1080041419
3|762|YISEL|MARITZA|JOSA|JOJOA|RC|1084195235|2018-09-29|2|2|6|9998|3|1||8|07|||8|20.0|100|||2||||||||||||52UZPE01152001T52MT02EBS001H028152UZPE01152001T52MT02EBS001H0281F0281|52UZPE01152001T52MT02EBS001H028152UZPE01152001T52MT02EBS001H0281F0281RC1084195235
3|763|CARMEN|DAYANA|JOJOA|JOSA|TI|1085300806|2010-07-26|2|2|6|9998|3|1||1|07|||8|55.0|160|||2||||||||||||52UZPE01152001T52MT02EBS001H028252UZPE01152001T52MT02EBS001H0282F0282|52UZPE01152001T52MT02EBS001H028252UZPE01152001T52MT02EBS001H0282F0282TI1085300806
3|764|JANETH|DELCARME|JOJOA|JOSA|CC|1085244897|1982-01-17|2|2|6|9510|3|1||7|07|||8|63.0|158|||2||||||||||||52UZPE01152001T52MT02EBS001H028252UZPE01152001T52MT02EBS001H0282F0282|52UZPE01152001T52MT02EBS001H028252UZPE01152001T52MT02EBS001H0282F0282CC1085244897
3|765|ANGELA|VALERY|JOJOA|JOSA|RC|1084195406|2021-12-29|2|2|6|9998|3|1||8|07|||8|||||2||||||||||||52UZPE01152001T52MT02EBS001H028252UZPE01152001T52MT02EBS001H0282F0282|52UZPE01152001T52MT02EBS001H028252UZPE01152001T52MT02EBS001H0282F0282RC1084195406
3|766|MARIA|CARMELINA|JOJOA|LOPEZ|CC|30733674|1944-11-25|2|2|6|9998|3|1||3|07|||8|55.0|150|||2||||||||||||52UZPE01152001T52MT02EBS001H028552UZPE01152001T52MT02EBS001H0285F0285|52UZPE01152001T52MT02EBS001H028552UZPE01152001T52MT02EBS001H0285F0285CC30733674
3|767|ALBERT|ADRIAM|DIAZ|JOJOA|TI|1084194524|2009-06-08|1|2|6|9998|3|1||1|07|||8|63.0|165|||2||||||||||||52UZPE01152001T52MT02EBS001H028652UZPE01152001T52MT02EBS001H0286F0286|52UZPE01152001T52MT02EBS001H028652UZPE01152001T52MT02EBS001H0286F0286TI1084194524
3|768|SARA|NA|JOJOA|CORDOBA|CC|598392111|1972-10-21|2|2|6|9998|3|1||7|07|||8|43.0|135|||2||||||||||||52UZPE01152001T52MT02EBS001H028652UZPE01152001T52MT02EBS001H0286F0286|52UZPE01152001T52MT02EBS001H028652UZPE01152001T52MT02EBS001H0286F0286CC598392111
3|769|JESUS|FAVIAN|DIAZ|JOJOA|CC|13068357|1977-05-10|1|2|6|9510|3|1||7|07|||8|65.0|161|||2||||||||||||52UZPE01152001T52MT02EBS001H028652UZPE01152001T52MT02EBS001H0286F0286|52UZPE01152001T52MT02EBS001H028652UZPE01152001T52MT02EBS001H0286F0286CC13068357
3|770|DILSA|ELENA|JOJOA|PEJENDINO|CC|1085313842|1993-01-14|2|2|6|9510|3|1||6|07|||8|56.0|158|||2||||||||||||52UZPE01152001T52MT02EBS001H028752UZPE01152001T52MT02EBS001H0287F0287|52UZPE01152001T52MT02EBS001H028752UZPE01152001T52MT02EBS001H0287F0287CC1085313842
3|771|JOSE|INOCENCIO|JOJOA|CORDOBA|CC|12958299|1952-10-17|1|2|6|9510|3|1||3|07|||1|70.0|158|||2||||||||||||52UZPE01152001T52MT02EBS001H028752UZPE01152001T52MT02EBS001H0287F0287|52UZPE01152001T52MT02EBS001H028752UZPE01152001T52MT02EBS001H0287F0287CC12958299
3|772|ALBA|YANETH|PEJENDINO|MATABANCHOY|CC|1010151738|1983-01-12|2|2|6|9510|3|1||7|07|||8|55.0|144|||2||||||||||||52UZPE01152001T52MT02EBS001H028952UZPE01152001T52MT02EBS001H0289F0289|52UZPE01152001T52MT02EBS001H028952UZPE01152001T52MT02EBS001H0289F0289CC1010151738
3|773|YESICA|FERNANDA|VALLEJO|PEJENDINO|TI|1084194501|2009-04-08|2|2|6|9998|3|1||1|07|||8|45.0|150|||2||||||||||||52UZPE01152001T52MT02EBS001H028952UZPE01152001T52MT02EBS001H0289F0289|52UZPE01152001T52MT02EBS001H028952UZPE01152001T52MT02EBS001H0289F0289TI1084194501
3|774|EDIER|SANTIAGO|VALLEJO|PEJENDINO|TI|1084195060|2016-02-15|1|2|6|9998|3|1||8|07|||8|28.0|120|||2||||||||||||52UZPE01152001T52MT02EBS001H028952UZPE01152001T52MT02EBS001H0289F0289|52UZPE01152001T52MT02EBS001H028952UZPE01152001T52MT02EBS001H0289F0289TI1084195060
3|775|AURELINA|NA|MATABAMCHOY|JOBSOY|CC|27086657|1958-01-18|2|2|6|9998|3|1||3|07|||8|42.0|145|||2||||||||||||52UZPE01152001T52MT02EBS001H028852UZPE01152001T52MT02EBS001H0288F0288|52UZPE01152001T52MT02EBS001H028852UZPE01152001T52MT02EBS001H0288F0288CC27086657
3|776|EDISON|DANILO|PEJENDINO|MATABANCHOY|TI|1084194388|2008-02-01|1|2|6|9998|3|1||1|07|||8|60.0|166|||2||||||||||||52UZPE01152001T52MT02EBS001H029252UZPE01152001T52MT02EBS001H0292F0292|52UZPE01152001T52MT02EBS001H029252UZPE01152001T52MT02EBS001H0292F0292TI1084194388
3|777|JESUS|EFREN|VALLEJO|DIAZ|CC|12995360|1968-05-09|1|2|6|9510|3|1||7|07|||8|63.0|164|||2||||||||||||52UZPE01152001T52MT02EBS001H029352UZPE01152001T52MT02EBS001H0293F0293|52UZPE01152001T52MT02EBS001H029352UZPE01152001T52MT02EBS001H0293F0293CC12995360
3|778|OLGA|NOTIENE|JOJOA|CORDOBA|CC|59834358|1976-08-29|2|2|6|9998|3|1||7|07|||8|60.0|146|||2||||||||||||52UZPE01152001T52MT02EBS001H029352UZPE01152001T52MT02EBS001H0293F0293|52UZPE01152001T52MT02EBS001H029352UZPE01152001T52MT02EBS001H0293F0293CC59834358
3|779|OFELIA|LUZAIDA|VALLEJO|JOJOA|TI|1084194651|2011-02-10|2|2|6|9998|3|1||1|07|||8|32.0|140|||2||||||||||||52UZPE01152001T52MT02EBS001H029352UZPE01152001T52MT02EBS001H0293F0293|52UZPE01152001T52MT02EBS001H029352UZPE01152001T52MT02EBS001H0293F0293TI1084194651
3|780|ESLENDY|MAGALI|VALLEJO|JOJOA|CC|1233190193|1997-08-28|2|2|6|9998|3|1||7|07|||8|63.0|158|||2||||||||||||52UZPE01152001T52MT02EBS001H029452UZPE01152001T52MT02EBS001H0294F0294|52UZPE01152001T52MT02EBS001H029452UZPE01152001T52MT02EBS001H0294F0294CC1233190193
3|781|ALISSON|AILEN|BOTINA|VALLEJO|RC|1084195478|2024-06-02|2|2|6|9998|3|1||8|07|||8|||||2||||||||||||52UZPE01152001T52MT02EBS001H029452UZPE01152001T52MT02EBS001H0294F0294|52UZPE01152001T52MT02EBS001H029452UZPE01152001T52MT02EBS001H0294F0294RC1084195478
3|782|AURA|MARINA|CORDOBA|DEJOJOA|CC|27074824|1936-04-12|2|2|6|9998|3|1||3|07|||8|60.0|149|||2||||||||||||52UZPE01152001T52MT02EBS001H029552UZPE01152001T52MT02EBS001H0295F0295|52UZPE01152001T52MT02EBS001H029552UZPE01152001T52MT02EBS001H0295F0295CC27074824
3|783|MIGUEL|ANTONIO|VALLEJO|DIAZ|CC|98384813|1969-03-01|1|2|6|9510|3|1||7|07|||8|57.0|155|||2||||||||||||52UZPE01152001T52MT02EBS001H029652UZPE01152001T52MT02EBS001H0296F0296|52UZPE01152001T52MT02EBS001H029652UZPE01152001T52MT02EBS001H0296F0296CC98384813
3|784|KARINA|YURLEY|JOJOA|MIRMAG|TI|1084195079|2016-06-24|2|2|6|9998|3|1||8|07|||8|22.0|135|||2||||||||||||52UZPE01152001T52MT02EBS001H029752UZPE01152001T52MT02EBS001H0297F0297|52UZPE01152001T52MT02EBS001H029752UZPE01152001T52MT02EBS001H0297F0297TI1084195079
3|785|YOSTIN|STIVEN|JOJOA|MIRMAG|TI|1084194951|2014-09-12|1|2|6|9998|3|1||8|07|||8|24.0|140|||2||||||||||||52UZPE01152001T52MT02EBS001H029752UZPE01152001T52MT02EBS001H0297F0297|52UZPE01152001T52MT02EBS001H029752UZPE01152001T52MT02EBS001H0297F0297TI1084194951
3|786|FAVIO|OSWALDO|JOJOA|JOJOA|CC|1085277133|1988-11-11|1|2|6|9510|3|1||7|07|||8|58.0|166|||2||||||||||||52UZPE01152001T52MT02EBS001H029752UZPE01152001T52MT02EBS001H0297F0297|52UZPE01152001T52MT02EBS001H029752UZPE01152001T52MT02EBS001H0297F0297CC1085277133
3|787|ALBA|LIDIA|MIRMAG|XXX|CC|1085334513|1997-02-01|2|2|6|9998|3|1||7|07|||8|50.0|149|||2||||||||||||52UZPE01152001T52MT02EBS001H029752UZPE01152001T52MT02EBS001H0297F0297|52UZPE01152001T52MT02EBS001H029752UZPE01152001T52MT02EBS001H0297F0297CC1085334513
3|788|JHOJAN|ESTIBEN|VALLEJO|DIAZ|TI|1054872431|2009-11-25|1|2|6|9998|3|1||1|07|||8|69.0|171|||2||||||||||||52UZPE01152001T52MT02EBS001H029952UZPE01152001T52MT02EBS001H0299F0299|52UZPE01152001T52MT02EBS001H029952UZPE01152001T52MT02EBS001H0299F0299TI1054872431
3|789|JOSE|BRAUDELINO|VALLEJO|BOTINA|CC|5206037|1948-06-13|1|2|6|9510|3|1||3|07|||8|73.0|170|||2||||||||||||52UZPE01152001T52MT02EBS001H029952UZPE01152001T52MT02EBS001H0299F0299|52UZPE01152001T52MT02EBS001H029952UZPE01152001T52MT02EBS001H0299F0299CC5206037
3|790|ESTER|NA|DIAZ|DEVALLEJO|CC|27086720|1951-04-28|2|2|6|9998|3|1||3|07|||8|65.0|162|||2||||||||||||52UZPE01152001T52MT02EBS001H029952UZPE01152001T52MT02EBS001H0299F0299|52UZPE01152001T52MT02EBS001H029952UZPE01152001T52MT02EBS001H0299F0299CC27086720
3|791|EDUARD|CAMILO|VALLEJO|DIAZ|TI|1084194781|2008-03-29|1|2|6|9998|3|1||1|07|||8|36.0|135|||2||||||||||||52UZPE01152001T52MT02EBS001H030052UZPE01152001T52MT02EBS001H0300F0300|52UZPE01152001T52MT02EBS001H030052UZPE01152001T52MT02EBS001H0300F0300TI1084194781
3|792|EDUARD|CAMILO|VALLEJO|DIAZ|TI|1084194408|2008-03-29|1|2|6|9998|3|1||1|07|||8|61.0|165|||2||||||||||||52UZPE01152001T52MT02EBS001H030052UZPE01152001T52MT02EBS001H0300F0300|52UZPE01152001T52MT02EBS001H030052UZPE01152001T52MT02EBS001H0300F0300TI1084194408
3|793|IVAN|ALEXANDER|CHACHINOY|JOJOA|TI|1084194992|2015-04-11|1|2|6|9998|3|1||8|07|||8|30.0|125|||2||||||||||||52UZPE01152001T52MT02EBS001H030152UZPE01152001T52MT02EBS001H0301F0301|52UZPE01152001T52MT02EBS001H030152UZPE01152001T52MT02EBS001H0301F0301TI1084194992
3|794|AUGUSTO|HENRY|CHACHINOY|MATABANCHOY|CC|1085276640|1989-07-08|1|2|6|9510|3|1||7|07|||8|57.0|155|||2||||||||||||52UZPE01152001T52MT02EBS001H030152UZPE01152001T52MT02EBS001H0301F0301|52UZPE01152001T52MT02EBS001H030152UZPE01152001T52MT02EBS001H0301F0301CC1085276640
3|795|GLORIA|ESPERANZA|JOJOA|BOTINA|CC|1085276690|1989-02-12|2|2|6|9998|3|1||7|07|||8|58.0|155|||2||||||||||||52UZPE01152001T52MT02EBS001H030152UZPE01152001T52MT02EBS001H0301F0301|52UZPE01152001T52MT02EBS001H030152UZPE01152001T52MT02EBS001H0301F0301CC1085276690
3|796|LEIDY|ANDREA|CHACHINOY|JOJOA|TI|1084194889|2013-12-22|2|2|6|9998|3|1||8|07|||8|38.0|140|||2||||||||||||52UZPE01152001T52MT02EBS001H030152UZPE01152001T52MT02EBS001H0301F0301|52UZPE01152001T52MT02EBS001H030152UZPE01152001T52MT02EBS001H0301F0301TI1084194889
3|797|DILINY|LUCIANA|MATABANCHOY|USAMAG|RC|1084195482|2024-07-03|2|2|6|9998|3|1||8|07|||8|||||2||||||||||||52UZPE01152001T52MT02EBS001H030252UZPE01152001T52MT02EBS001H0302F0302|52UZPE01152001T52MT02EBS001H030252UZPE01152001T52MT02EBS001H0302F0302RC1084195482
3|798|JUSTO|NINGUNO|CHACHINOY|NINGUNO|CC|5206025|1951-09-02|1|2|6|9510|3|1||3|07|||8|73.0|160|||2||||||||||||52UZPE01152001T52MT02EBS001H030352UZPE01152001T52MT02EBS001H0303F0303|52UZPE01152001T52MT02EBS001H030352UZPE01152001T52MT02EBS001H0303F0303CC5206025
3|799|AURA|LORENZA|MATABANCHOY|JOBSOY|CC|27086600|1952-11-14|2|2|6|9998|3|1||3|07|||1|57.0|155|||2||||||||||||52UZPE01152001T52MT02EBS001H030352UZPE01152001T52MT02EBS001H0303F0303|52UZPE01152001T52MT02EBS001H030352UZPE01152001T52MT02EBS001H0303F0303CC27086600
3|800|JOSE|FIDENCIO|ZAMBRANO|PEJENDINO|CC|5206184|1953-11-08|1|2|6|9510|3|1||3|07|||8|59.0|156|||2||||||||||||52UZPE01152001T52MT02EBS001H030552UZPE01152001T52MT02EBS001H0305F0305|52UZPE01152001T52MT02EBS001H030552UZPE01152001T52MT02EBS001H0305F0305CC5206184
3|801|FLORINDA|NOTIENE|DIAZ|JOSA|CC|27086704|1958-12-26|2|2|6|9998|3|1||3|07|||8|54.0|155|||2||||||||||||52UZPE01152001T52MT02EBS001H030552UZPE01152001T52MT02EBS001H0305F0305|52UZPE01152001T52MT02EBS001H030552UZPE01152001T52MT02EBS001H0305F0305CC27086704
3|802|VALERY|SOFIA|PAJENDINO|BURGOS|RC|1080707167|2019-12-23|2|2|6|9998|3|1||8|07|||8|13.0|40|||2||||||||||||52UZPE01152001T52MT02EBS001H030652UZPE01152001T52MT02EBS001H0306F0306|52UZPE01152001T52MT02EBS001H030652UZPE01152001T52MT02EBS001H0306F0306RC1080707167
3|803|HUGO|RONALDO|PEJENDINO|MATABANCHOY|CC|1085348502|1998-12-29|1|2|6|5169|3|2||7|07|||8|60.0|165|||2||||||||||||52UZPE01152001T52MT02EBS001H030652UZPE01152001T52MT02EBS001H0306F0306|52UZPE01152001T52MT02EBS001H030652UZPE01152001T52MT02EBS001H0306F0306CC1085348502
3|804|ERIKA|TATIANA|BURGOS|PEJENDINO|CC|1085331521|1996-08-06|2|2|6|9998|3|1||7|07|||8|45.0|145|||2||||||||||||52UZPE01152001T52MT02EBS001H030652UZPE01152001T52MT02EBS001H0306F0306|52UZPE01152001T52MT02EBS001H030652UZPE01152001T52MT02EBS001H0306F0306CC1085331521
3|805|DAVID|NINGUNO|MATABANCHOY|JOBSOY|CC|98384035|1962-05-15|1|2|6|9510|3|1||3|07|||8|62.0|155|||2||||||||||||52UZPE01152001T52MT02EBS001H030852UZPE01152001T52MT02EBS001H0308F0308|52UZPE01152001T52MT02EBS001H030852UZPE01152001T52MT02EBS001H0308F0308CC98384035
3|806|ROSALBA|NINGUNO|CUAICAL|JOJOA|CC|30743484|1963-12-09|2|2|6|9998|3|1||3|07|||8|61.0|148|||2||||||||||||52UZPE01152001T52MT02EBS001H030852UZPE01152001T52MT02EBS001H0308F0308|52UZPE01152001T52MT02EBS001H030852UZPE01152001T52MT02EBS001H0308F0308CC30743484
3|807|DUVAN|FELIPE|JOBSOY|JOJOA|TI|1084194976|2015-01-27|1|2|6|9998|3|1||8|07|||8|33.0|225|||2||||||||||||52UZPE01152001T52MT02EBS001H031052UZPE01152001T52MT02EBS001H0310F0310|52UZPE01152001T52MT02EBS001H031052UZPE01152001T52MT02EBS001H0310F0310TI1084194976
3|808|SAMUEL|FERNANDO|JOBSOY|JOJOA|RC|1084195327|2020-07-08|1|2|6|9998|3|1||8|07|||8|||||2||||||||||||52UZPE01152001T52MT02EBS001H031052UZPE01152001T52MT02EBS001H0310F0310|52UZPE01152001T52MT02EBS001H031052UZPE01152001T52MT02EBS001H0310F0310RC1084195327
3|809|DIANA|CAROLINA|JOBSOY|JOJOA|TI|1080051886|2008-04-27|2|2|6|9998|3|1||1|07|||8|53.0|163|||2||||||||||||52UZPE01152001T52MT02EBS001H031052UZPE01152001T52MT02EBS001H0310F0310|52UZPE01152001T52MT02EBS001H031052UZPE01152001T52MT02EBS001H0310F0310TI1080051886
3|810|ALBEIRO|FERNANDO|JOBSOY|NA|CC|1085290268|1991-03-13|1|2|6|9510|3|1||7|07|||8|60.0|163|||2||||||||||||52UZPE01152001T52MT02EBS001H031052UZPE01152001T52MT02EBS001H0310F0310|52UZPE01152001T52MT02EBS001H031052UZPE01152001T52MT02EBS001H0310F0310CC1085290268
3|811|MISAEL|NA|MONTENEGRO|PEJENDINO|CC|1804487|1950-05-04|1|2|6|9510|3|1||3|07|||2|64.0|169|||2||||||||||||52UZPE01152001T52MT02EBS001H031152UZPE01152001T52MT02EBS001H0311F0311|52UZPE01152001T52MT02EBS001H031152UZPE01152001T52MT02EBS001H0311F0311CC1804487
3|812|MARBEL|AIDE|PEJENDINO|MATABANCHOY|RC|1084195180|2017-11-15|2|2|6|9998|3|1||8|07|||8|18.0|16|||2||||||||||||52UZPE01152001T52MT02EBS001H029052UZPE01152001T52MT02EBS001H0290F0290|52UZPE01152001T52MT02EBS001H029052UZPE01152001T52MT02EBS001H0290F0290RC1084195180
3|813|CARLITA|ANDREA|PEJENDINO|MATABANCHOY|CC|1085327185|1996-02-17|2|2|6|9510|3|1||7|07|||8|57.0|150|||2||||||||||||52UZPE01152001T52MT02EBS001H029052UZPE01152001T52MT02EBS001H0290F0290|52UZPE01152001T52MT02EBS001H029052UZPE01152001T52MT02EBS001H0290F0290CC1085327185
3|814|HUGO|ARNULIO|PEJENDINO|CHACHINOY|CC|5206156|1960-05-08|1|2|6|9510|3|1||3|07|||8|75.0|154|||2||||||||||||52UZPE01152001T52MT02EBS001H029152UZPE01152001T52MT02EBS001H0291F0291|52UZPE01152001T52MT02EBS001H029152UZPE01152001T52MT02EBS001H0291F0291CC5206156
3|815|MARIA|LETICIA|MATABANCHOY|JOBSOY|CC|59835152|1960-04-25|2|2|6|9998|3|1||3|07|||8|65.0|143|||2||||||||||||52UZPE01152001T52MT02EBS001H029152UZPE01152001T52MT02EBS001H0291F0291|52UZPE01152001T52MT02EBS001H029152UZPE01152001T52MT02EBS001H0291F0291CC59835152
3|816|ISAURA|NOAPLICA|CUICAL|JOJOA|CC|59816213|1969-05-28|2|2|6|9998|3|1||7|07|||8|74.0|152|||2||||||||||||52UZPE01152001T52MT02EBS001H031252UZPE01152001T52MT02EBS001H0312F0312|52UZPE01152001T52MT02EBS001H031252UZPE01152001T52MT02EBS001H0312F0312CC59816213
3|817|ANDRES|FELIPE|CUICAL|JOJOA|CC|1004192991|2003-07-02|1|2|6|9998|3|1||7|07|||8|61.0|162|||2||||||||||||52UZPE01152001T52MT02EBS001H031252UZPE01152001T52MT02EBS001H0312F0312|52UZPE01152001T52MT02EBS001H031252UZPE01152001T52MT02EBS001H0312F0312CC1004192991
3|818|HECTOR|LIBARDO|JOJOA|NOAPLICA|CC|98394220|1965-09-03|1|2|6|9998|3|1||7|07|||8|68.0|164|||2||||||||||||52UZPE01152001T52MT02EBS001H031252UZPE01152001T52MT02EBS001H0312F0312|52UZPE01152001T52MT02EBS001H031252UZPE01152001T52MT02EBS001H0312F0312CC98394220
3|819|ESPERANZA|NOAPLICA|CUICAL|JOJOA|CC|59833630|1979-10-09|2|2|6|9998|3|1||7|07|||8|72.0|154|||2||||||||||||52UZPE01152001T52MT02EBS001H031352UZPE01152001T52MT02EBS001H0313F0313|52UZPE01152001T52MT02EBS001H031352UZPE01152001T52MT02EBS001H0313F0313CC59833630
3|820|KELYN|ESTEFANIA|BUESAQULLIB|JOSA|TI|1084194548|2009-09-14|2|2|6|9998|3|1||1|07|||8|48.0|145|||2||||||||||||52UZPE01152001T52MT02EBS001H031352UZPE01152001T52MT02EBS001H0313F0313|52UZPE01152001T52MT02EBS001H031352UZPE01152001T52MT02EBS001H0313F0313TI1084194548
3|821|ALBERTO|NOAPLICA|MATABACHOY|JOSA|CC|98391930|1970-06-29|1|2|6|9998|3|1||7|07|||8|76.0|168|||2||||||||||||52UZPE01152001T52MT02EBS001H031352UZPE01152001T52MT02EBS001H0313F0313|52UZPE01152001T52MT02EBS001H031352UZPE01152001T52MT02EBS001H0313F0313CC98391930
3|822|ANDREA|GISETH|JOSA|CUICAL|CC|1193136534|2000-05-28|2|2|6|9998|3|1||7|07|||8|58.0|155|||2||||||||||||52UZPE01152001T52MT02EBS001H031452UZPE01152001T52MT02EBS001H0314F0314|52UZPE01152001T52MT02EBS001H031452UZPE01152001T52MT02EBS001H0314F0314CC1193136534
3|823|KATERIN|SOFIA|RIOBAMBA|JOSA|RC|1084195283|2019-09-21|2|2|6|9998|3|1||8|07|||8|||||2||||||||||||52UZPE01152001T52MT02EBS001H031452UZPE01152001T52MT02EBS001H0314F0314|52UZPE01152001T52MT02EBS001H031452UZPE01152001T52MT02EBS001H0314F0314RC1084195283
3|824|YULIETH|SHIRLEY|DIAZ|MONTENEGRO|CC|1081275974|2006-09-02|2|2|6|9998|3|1||7|07|||8|56.0|153|||2||||||||||||52UZPE01152001T52MT02EBS001H031552UZPE01152001T52MT02EBS001H0315F0315|52UZPE01152001T52MT02EBS001H031552UZPE01152001T52MT02EBS001H0315F0315CC1081275974
3|825|ANDERSON|ANDRES|DIAZ|MONTENEGRO|RC|1080705621|2018-09-11|1|2|6|9998|3|5||8|07|||8|20.0|98|||2||||||||||||52UZPE01152001T52MT02EBS001H031552UZPE01152001T52MT02EBS001H0315F0315|52UZPE01152001T52MT02EBS001H031552UZPE01152001T52MT02EBS001H0315F0315RC1080705621
3|826|SANDRA|MILENA|MONTENEGRO|JOSA|CC|1085251807|1983-07-04|2|2|6|9998|3|5||7|07|||8|69.0|155|||2||||||||||||52UZPE01152001T52MT02EBS001H031552UZPE01152001T52MT02EBS001H0315F0315|52UZPE01152001T52MT02EBS001H031552UZPE01152001T52MT02EBS001H0315F0315CC1085251807
3|827|EVELIO|ERNEY|DIAZ|DELGADO|CC|98393266|1973-06-28|1|2|6|9998|3|1||7|07|||8|69.0|158|||2||||||||||||52UZPE01152001T52MT02EBS001H031552UZPE01152001T52MT02EBS001H0315F0315|52UZPE01152001T52MT02EBS001H031552UZPE01152001T52MT02EBS001H0315F0315CC98393266
3|828|KAREN|VIVIANA|DIAZ|MONTENEGRO|CC|1080691266|2005-02-25|2|2|6|9998|3|1||7|07|||8|55.0|153|||2||||||||||||52UZPE01152001T52MT02EBS001H031552UZPE01152001T52MT02EBS001H0315F0315|52UZPE01152001T52MT02EBS001H031552UZPE01152001T52MT02EBS001H0315F0315CC1080691266
3|829|GLADIS|ESTELA|CUNDAR|BOTINA|CC|1085303065|1991-08-10|2|2|6|9998|3|1||7|07|||8|57.0|150|||2||||||||||||52UZPE01152001T52MT02EBS001H031652UZPE01152001T52MT02EBS001H0316F0316|52UZPE01152001T52MT02EBS001H031652UZPE01152001T52MT02EBS001H0316F0316CC1085303065
3|830|ALEXANDRA|CAROLINA|JOJOA|CUNDAR|TI|1084194517|2009-04-01|2|2|6|9998|3|1||1|07|||8|57.0|157|||2||||||||||||52UZPE01152001T52MT02EBS001H031652UZPE01152001T52MT02EBS001H0316F0316|52UZPE01152001T52MT02EBS001H031652UZPE01152001T52MT02EBS001H0316F0316TI1084194517
3|831|MARIA|FERNANDA|JOJOA|CUNDAR|RC|1084195462|2023-12-03|2|2|6|9998|3|1||8|07|||8|9.0|105|||2||||||||||||52UZPE01152001T52MT02EBS001H031652UZPE01152001T52MT02EBS001H0316F0316|52UZPE01152001T52MT02EBS001H031652UZPE01152001T52MT02EBS001H0316F0316RC1084195462
3|832|CARMEN|ROSA|INSANDARA|MIRAMAG|CC|30733198|1959-09-08|2|2|6|9998|3|1||3|07|||8|61.0|155|||2||||||||||||52UZPE01152001T52MT02EBS001H031852UZPE01152001T52MT02EBS001H0318F0318|52UZPE01152001T52MT02EBS001H031852UZPE01152001T52MT02EBS001H0318F0318CC30733198
3|833|ELI|BALTAZAR|NASPIRAN|PEJENDINO|CC|98397775|1960-11-25|1|2|6|9998|3|1||3|07|||8|67.0|169|||2||||||||||||52UZPE01152001T52MT02EBS001H031852UZPE01152001T52MT02EBS001H0318F0318|52UZPE01152001T52MT02EBS001H031852UZPE01152001T52MT02EBS001H0318F0318CC98397775
3|834|DEIBY|FERNANDO|NASPIRAN|INSANDARA|CC|1085308647|1993-11-10|1|2|6|9998|3|1||7|07|||8|60.0|166|||2||||||||||||52UZPE01152001T52MT02EBS001H031952UZPE01152001T52MT02EBS001H0319F0319|52UZPE01152001T52MT02EBS001H031952UZPE01152001T52MT02EBS001H0319F0319CC1085308647
3|835|BENILDA|DELCARMEN|JOJOA|DIAZ|CC|1085275340|1989-07-17|2|2|6|9998|3|1||7|07|||8|60.0|153|||2||||||||||||52UZPE01152001T52MT02EBS001H032052UZPE01152001T52MT02EBS001H0320F0320|52UZPE01152001T52MT02EBS001H032052UZPE01152001T52MT02EBS001H0320F0320CC1085275340
3|836|CLEMENCIA|NOTIENE|DIAZ|DEVALLEJO|CC|27086549|1948-12-31|2|2|6|9998|3|1||3|07|||1|57.0|155|||2||||||||||||52UZPE01152001T52MT02EBS001H032152UZPE01152001T52MT02EBS001H0321F0321|52UZPE01152001T52MT02EBS001H032152UZPE01152001T52MT02EBS001H0321F0321CC27086549
3|837|FLAVIO|NOTIENE|ZAMBRANO|DIAZ|CC|5206158|1953-10-01|1|2|6|9510|3|1||3|07|||3|60.0|160|||2||||||||||||52UZPE01152001T52MT02EBS001H032152UZPE01152001T52MT02EBS001H0321F0321|52UZPE01152001T52MT02EBS001H032152UZPE01152001T52MT02EBS001H0321F0321CC5206158
3|838|JESSICA|MAYERLI|MIRAMA|JOSA|CC|1004437684|2001-01-02|2|2|6|9998|3|1||7|07|||8|45.0|144|||2||||||||||||52UZPE01152001T52MT02EBS001H028352UZPE01152001T52MT02EBS001H0283F0283|52UZPE01152001T52MT02EBS001H028352UZPE01152001T52MT02EBS001H0283F0283CC1004437684
3|839|JIMMY|GEOVANNY|LOPEZ|DIAZ|CC|1004437676|1998-07-14|1|2|6|9510|3|1||7|07|||8|55.0|156|||2||||||||||||52UZPE01152001T52MT02EBS001H028352UZPE01152001T52MT02EBS001H0283F0283|52UZPE01152001T52MT02EBS001H028352UZPE01152001T52MT02EBS001H0283F0283CC1004437676
3|840|LEONAR|HERNAN|VALLEJO|DIAZ|CC|98393131|1964-03-04|1|2|6|9510|3|1||3|07|||8|60.0|160|||2||||||||||||52UZPE01152001T52MT02EBS001H032252UZPE01152001T52MT02EBS001H0322F0322|52UZPE01152001T52MT02EBS001H032252UZPE01152001T52MT02EBS001H0322F0322CC98393131
3|841|JUAN|DAVID|VALLEJO|CHACHINOY|TI|1084195030|2015-08-22|1|2|6|9998|3|1||8|07|||8|30.0|142|||2||||||||||||52UZPE01152001T52MT02EBS001H032252UZPE01152001T52MT02EBS001H0322F0322|52UZPE01152001T52MT02EBS001H032252UZPE01152001T52MT02EBS001H0322F0322TI1084195030
3|842|MARIA|MAGOLA|CHACHINOY|MATABANCHOY|CC|1085266497|1964-09-13|2|2|6|9998|3|1||3|07|||8|65.0|145|||2||||||||||||52UZPE01152001T52MT02EBS001H032252UZPE01152001T52MT02EBS001H0322F0322|52UZPE01152001T52MT02EBS001H032252UZPE01152001T52MT02EBS001H0322F0322CC1085266497
3|843|CARLOS|HERNEY|VALLEJO|CHACHINOY|TI|1084194305|2007-05-07|1|2|6|9998|3|1||1|07|||8|55.0|160|||2||||||||||||52UZPE01152001T52MT02EBS001H032252UZPE01152001T52MT02EBS001H0322F0322|52UZPE01152001T52MT02EBS001H032252UZPE01152001T52MT02EBS001H0322F0322TI1084194305
3|844|JOSE|RODRIGO|ZAMBRANO|PEJENDINO|CC|1085349044|1962-02-05|1|2|6|9510|3|1||3|07|||8|57.0|158|||2||||||||||||52UZPE01152001T52MT02EBS001H032352UZPE01152001T52MT02EBS001H0323F0323|52UZPE01152001T52MT02EBS001H032352UZPE01152001T52MT02EBS001H0323F0323CC1085349044
3|845|AURA|BERTILDE|PEJENDINO|MATABANCHOY|CC|30719779|1960-01-10|2|2|6|9998|3|1||3|07|||8|55.0|148|||2||||||||||||52UZPE01152001T52MT02EBS001H032452UZPE01152001T52MT02EBS001H0324F0324|52UZPE01152001T52MT02EBS001H032452UZPE01152001T52MT02EBS001H0324F0324CC30719779
3|846|YUDY|SOFIA|LOPEZ|DIAZ|TI|1084194379|2007-12-12|2|2|6|9998|3|1||1|07|||8|55.0|156|||2||||||||||||52UZPE01152001T52MT02EBS001H032552UZPE01152001T52MT02EBS001H0325F0325|52UZPE01152001T52MT02EBS001H032552UZPE01152001T52MT02EBS001H0325F0325TI1084194379
3|847|MARIA|ESPERANZA|JOSA|DEDIAZ|CC|27086540|1948-06-20|2|2|6|9998|3|1||3|07|||8|65.0|150|||2||||||||||||52UZPE01152001T52MT02EBS001H032552UZPE01152001T52MT02EBS001H0325F0325|52UZPE01152001T52MT02EBS001H032552UZPE01152001T52MT02EBS001H0325F0325CC27086540
3|848|JORGE|VICTORIANO|DIAZ|JOSA|CC|1804478|1967-06-22|1|2|6|9998|3|1||7|07|||8|60.0|160|||2||||||||||||52UZPE01152001T52MT02EBS001H032552UZPE01152001T52MT02EBS001H0325F0325|52UZPE01152001T52MT02EBS001H032552UZPE01152001T52MT02EBS001H0325F0325CC1804478
3|849|EDISON|HERALDO|DIAZ|JOSA|CC|98393427|1977-08-29|1|2|6|9510|3|1||7|07|||8|60.0|165|||2||||||||||||52UZPE01152001T52MT02EBS001H032752UZPE01152001T52MT02EBS001H0327F0327|52UZPE01152001T52MT02EBS001H032752UZPE01152001T52MT02EBS001H0327F0327CC98393427
3|850|MARIA|LAURA|ZAMBRANO|PEJENDINO|CC|36753488|1963-05-24|2|2|6|9998|3|1||3|07|||8|78.0|152|||2||||||||||||52UZPE01152001T52MT02EBS001H032652UZPE01152001T52MT02EBS001H0326F0326|52UZPE01152001T52MT02EBS001H032652UZPE01152001T52MT02EBS001H0326F0326CC36753488
3|851|LUIS|HERNANDO|INSANDARA|NOTIENE|CC|5206176|1959-09-23|1|2|6|9510|3|1||3|07|||8|62.0|170|||2||||||||||||52UZPE01152001T52MT02EBS001H032852UZPE01152001T52MT02EBS001H0328F0328|52UZPE01152001T52MT02EBS001H032852UZPE01152001T52MT02EBS001H0328F0328CC5206176
3|852|GERARDO|NOTIENE|BOHORQUEZ|TASCON|CC|19211756|1953-09-30|1|2|6|9510|3|1||3|07|||8|60.0|160|||2||||||||||||52UZPE01152001T52MT02EBS001H032952UZPE01152001T52MT02EBS001H0329F0329|52UZPE01152001T52MT02EBS001H032952UZPE01152001T52MT02EBS001H0329F0329CC19211756
3|853|JOSE|DANIEL|MONTENEGRO|NOTIENE|CC|12988542|1957-02-04|1|2|6|9510|3|1||3|07|||8|75.0|160|||2||||||||||||52UZPE01152001T52MT02EBS001H033052UZPE01152001T52MT02EBS001H0330F0330|52UZPE01152001T52MT02EBS001H033052UZPE01152001T52MT02EBS001H0330F0330CC12988542
3|854|ROSA|ESPERANZA|JOSA|MIRAMAG|CC|27086749|1961-01-20|2|2|6|5169|3|2||3|07|||8|60.0|152|||2||||||||||||52UZPE01152001T52MT02EBS001H033052UZPE01152001T52MT02EBS001H0330F0330|52UZPE01152001T52MT02EBS001H033052UZPE01152001T52MT02EBS001H0330F0330CC27086749
3|855|WILSON|ESTEBAN|MONTENEGRO|JOSA|CC|1085302268|1992-04-07|1|2|6|9510|3|1||7|07|||8|60.0|163|||2||||||||||||52UZPE01152001T52MT02EBS001H033152UZPE01152001T52MT02EBS001H0331F0331|52UZPE01152001T52MT02EBS001H033152UZPE01152001T52MT02EBS001H0331F0331CC1085302268
3|856|YENIFER|DANIELA|MONTENEGRO|YANDUN|TI|1084194885|2013-10-21|2|2|6|9998|3|1||8|07|||8|32.0|131|||2||||||||||||52UZPE01152001T52MT02EBS001H033152UZPE01152001T52MT02EBS001H0331F0331|52UZPE01152001T52MT02EBS001H033152UZPE01152001T52MT02EBS001H0331F0331TI1084194885
3|857|HEILY|ALEXANDRA|MONTENEGRO|YANDUN|TI|1084194886|2013-10-21|2|2|6|9998|3|1||8|07|||8|32.0|139|||2||||||||||||52UZPE01152001T52MT02EBS001H033152UZPE01152001T52MT02EBS001H0331F0331|52UZPE01152001T52MT02EBS001H033152UZPE01152001T52MT02EBS001H0331F0331TI1084194886
3|858|YOLANDA|NOTIENE|JOSA|MATABANCHOY|CC|59817049|1972-01-03|2|2|6|9998|3|1||7|07|||8|54.0|152|||2||||||||||||52UZPE01152001T52MT02EBS001H033252UZPE01152001T52MT02EBS001H0332F0332|52UZPE01152001T52MT02EBS001H033252UZPE01152001T52MT02EBS001H0332F0332CC59817049
3|859|JESUS|JAVIER|DIAZ|DELGADO|CC|12999464|1969-01-05|1|2|6|9510|3|1||7|07|||8|60.0|165|||2||||||||||||52UZPE01152001T52MT02EBS001H033252UZPE01152001T52MT02EBS001H0332F0332|52UZPE01152001T52MT02EBS001H033252UZPE01152001T52MT02EBS001H0332F0332CC12999464
3|860|GILBERT|FERNEY|DIAZ|JOSSA|CC|1085347410|1999-11-01|1|2|6|9998|3|1||7|07|||8|60.0|165|||2||||||||||||52UZPE01152001T52MT02EBS001H033352UZPE01152001T52MT02EBS001H0333F0333|52UZPE01152001T52MT02EBS001H033352UZPE01152001T52MT02EBS001H0333F0333CC1085347410
3|861|OVER|EDUIN|DIAZ|JOSSA|CC|12746562|1979-04-28|1|2|6|5169|3|2||7|07|||8|71.0|164|||2||||||||||||52UZPE01152001T52MT02EBS001H033452UZPE01152001T52MT02EBS001H0334F0334|52UZPE01152001T52MT02EBS001H033452UZPE01152001T52MT02EBS001H0334F0334CC12746562
3|862|DORAIDA|SANDRA|DIAZ|JOSA|CC|36757282|1982-01-03|2|2|6|9998|3|1||7|07|||8|44.0|151|||2||||||||||||52UZPE01152001T52MT02EBS001H031752UZPE01152001T52MT02EBS001H0317F0317|52UZPE01152001T52MT02EBS001H031752UZPE01152001T52MT02EBS001H0317F0317CC36757282
3|863|LUIS|ALBERTO|DIAZ|JOJOA|CC|1004215567|2001-09-23|1|2|6|9510|3|1||7|07|||8|63.0|160|||2||||||||||||52UZPE01152001T52MT02EBS001H028452UZPE01152001T52MT02EBS001H0284F0284|52UZPE01152001T52MT02EBS001H028452UZPE01152001T52MT02EBS001H0284F0284CC1004215567
3|864|ALAN|JOSUE|DIAZ|BUESAQUILLO|RC|1084195480|2024-06-22|1|2|6|9998|3|1||8|07|||8|||||2||||||||||||52UZPE01152001T52MT02EBS001H028452UZPE01152001T52MT02EBS001H0284F0284|52UZPE01152001T52MT02EBS001H028452UZPE01152001T52MT02EBS001H0284F0284RC1084195480
3|865|DAYRA|ALEXANDRA|BUESAQUILLO|JOBSOY|CC|1085344067|1999-02-02|2|2|6|9998|3|1||7|07|||8|57.0|150|||2||||||||||||52UZPE01152001T52MT02EBS001H028452UZPE01152001T52MT02EBS001H0284F0284|52UZPE01152001T52MT02EBS001H028452UZPE01152001T52MT02EBS001H0284F0284CC1085344067
3|866|JOSE|OLMEDO|CHACHINOY|MATABANCHOY|CC|1085266498|1982-06-09|1|2|6|9510|3|1||7|07|||8|55.0|150|||2||||||||||||52UZPE01152001T52MT02EBS001H030452UZPE01152001T52MT02EBS001H0304F0304|52UZPE01152001T52MT02EBS001H030452UZPE01152001T52MT02EBS001H0304F0304CC1085266498
3|867|CRISTINA|ANABEL|GOMEZ|BUESAQUILLO|TI|1084194545|2009-09-01|2|2|6|9998|3|1||1|07|||8|50.0|150|||2||||||||||||52UZPE01152001T52MT02EBS001H033752UZPE01152001T52MT02EBS001H0337F0337|52UZPE01152001T52MT02EBS001H033752UZPE01152001T52MT02EBS001H0337F0337TI1084194545
3|868|ILIA|MARCELA|PEJENDINO|MATABANCHOY|CC|1085277850|1987-07-18|2|2|6|9998|3|1||7|07|||8|65.0|162|||2||||||||||||52UZPE01152001T52MT02EBS001H033752UZPE01152001T52MT02EBS001H0337F0337|52UZPE01152001T52MT02EBS001H033752UZPE01152001T52MT02EBS001H0337F0337CC1085277850
3|869|PEJENDINO|MATABANCHOY|MAURICIO|FERNANDO|TI|1084194819|2008-07-24|1|2|6|9998|3|1||1|07|||8|48.0|148|||2||||||||||||52UZPE01152001T52MT02EBS001H033752UZPE01152001T52MT02EBS001H0337F0337|52UZPE01152001T52MT02EBS001H033752UZPE01152001T52MT02EBS001H0337F0337TI1084194819
3|870|IVAN|DARIO|GOMEZ|PEJENDINO|TI|1080704939|2018-02-03|1|2|6|9998|3|1||8|07|||8|25.0|115|||2||||||||||||52UZPE01152001T52MT02EBS001H033752UZPE01152001T52MT02EBS001H0337F0337|52UZPE01152001T52MT02EBS001H033752UZPE01152001T52MT02EBS001H0337F0337TI1080704939
3|871|AGUDELO|JAVIER|GOMEZ|TARAPUEZ|CC|5207312|1980-05-05|1|2|6|9510|3|1||7|07|||8|62.0|168|||2||||||||||||52UZPE01152001T52MT02EBS001H033752UZPE01152001T52MT02EBS001H0337F0337|52UZPE01152001T52MT02EBS001H033752UZPE01152001T52MT02EBS001H0337F0337CC5207312
3|872|ROSA|TEOFILA|MATABANCHOY|DEJOSA|CC|27086532|1949-09-29|2|2|6|9998|3|1||3|07|||8|52.0|152|||2||||||||||||52UZPE01152001T52MT02EBS001H033852UZPE01152001T52MT02EBS001H0338F0338|52UZPE01152001T52MT02EBS001H033852UZPE01152001T52MT02EBS001H0338F0338CC27086532
3|873|MAURICIO|LIDER|PEJENDINO|MATABANCHOY|CC|12980460|1964-02-10|1|2|6|9510|3|1||3|07|||8|55.0|160|||2||||||||||||52UZPE01152001T52MT02EBS001H034052UZPE01152001T52MT02EBS001H0340F0340|52UZPE01152001T52MT02EBS001H034052UZPE01152001T52MT02EBS001H0340F0340CC12980460
3|874|FLORALBA|ELISA|JOJOA|CORDOBA|CC|59825495|1968-07-07|2|2|6|9998|3|1||7|07|||8|54.0|142|||2||||||||||||52UZPE01152001T52MT02EBS001H034052UZPE01152001T52MT02EBS001H0340F0340|52UZPE01152001T52MT02EBS001H034052UZPE01152001T52MT02EBS001H0340F0340CC59825495
3|875|MONICA|JASMIN|GOMEZ|BUESAQUILLO|CC|1004437713|2001-02-04|2|2|6|9510|3|1||7|07|||8|55.0|158|||2||||||||||||52UZPE01152001T52MT02EBS001H033552UZPE01152001T52MT02EBS001H0335F0335|52UZPE01152001T52MT02EBS001H033552UZPE01152001T52MT02EBS001H0335F0335CC1004437713
3|876|SOCORRO|VANESSA|GOMEZ|BUESAQUILLO|CC|1004437661|2003-04-23|2|2|6|9510|3|1||7|07|||8|52.0|155|||2||||||||||||52UZPE01152001T52MT02EBS001H033652UZPE01152001T52MT02EBS001H0336F0336|52UZPE01152001T52MT02EBS001H033652UZPE01152001T52MT02EBS001H0336F0336CC1004437661
3|877|CARLOS|HUMBERTO|DIAZ|JOSA|CC|5206221|1963-03-01|1|2|6|9510|3|1||3|07|||8|67.0|155|||2||||||||||||52UZPE01152001T52MT02EBS001H034152UZPE01152001T52MT02EBS001H0341F0341|52UZPE01152001T52MT02EBS001H034152UZPE01152001T52MT02EBS001H0341F0341CC5206221
3|878|MARIA|CRISTINA|RIVERA|TARAPUEZ|CC|30735829|1966-11-11|2|2|6|9998|3|1||7|07|||8|65.0|157|||2||||||||||||52UZPE01152001T52MT02EBS001H034152UZPE01152001T52MT02EBS001H0341F0341|52UZPE01152001T52MT02EBS001H034152UZPE01152001T52MT02EBS001H0341F0341CC30735829
3|879|MARLENY|DELSOCORRO|JOJOA|XXX|CC|27086737|1960-08-08|2|2|6|9998|3|1||3|07|||8|60.0|162|||2||||||||||||52UZPE01152001T52MT02EBS001H034352UZPE01152001T52MT02EBS001H0343F0343|52UZPE01152001T52MT02EBS001H034352UZPE01152001T52MT02EBS001H0343F0343CC27086737
3|880|MARIA|PRESENTACION|MATABANCHOY|PAZ|CC|30737343|1941-11-06|2|2|6|9998|3|1||3|07|||1|45.0|150|||2||||||||||||52UZPE01152001T52MT02EBS001H034452UZPE01152001T52MT02EBS001H0344F0344|52UZPE01152001T52MT02EBS001H034452UZPE01152001T52MT02EBS001H0344F0344CC30737343
3|881|JOSE|CLAUDIO|MATABANCHOY|JOJOA|CC|5195167|1940-08-05|1|2|6|9998|3|1||3|07|||2|70.0|165|||2||||||||||||52UZPE01152001T52MT02EBS001H034452UZPE01152001T52MT02EBS001H0344F0344|52UZPE01152001T52MT02EBS001H034452UZPE01152001T52MT02EBS001H0344F0344CC5195167
3|882|ELENA|NINGUNO|JOSA|MAVISOY|CC|27078304|1949-08-06|2|2|6|9998|3|1||3|07|||8|60.0|160|||2||||||||||||52UZPE01152001T52MT02EBS001H034552UZPE01152001T52MT02EBS001H0345F0345|52UZPE01152001T52MT02EBS001H034552UZPE01152001T52MT02EBS001H0345F0345CC27078304
3|883|JUAN|CARLOS|BASTIDAS|JOSA|CC|1084194220|1980-07-04|1|2|6|9510|3|1||7|07|||8|70.0|171|||2||||||||||||52UZPE01152001T52MT02EBS001H034652UZPE01152001T52MT02EBS001H0346F0346|52UZPE01152001T52MT02EBS001H034652UZPE01152001T52MT02EBS001H0346F0346CC1084194220
3|884|EULALIA|GORETTI|CASTRO|SALAZAR|CC|1085244316|1985-08-13|2|2|6|9998|3|1||7|07|||8|58.0|161|||2||||||||||||52UZPE01152001T52MT02EBS001H034652UZPE01152001T52MT02EBS001H0346F0346|52UZPE01152001T52MT02EBS001H034652UZPE01152001T52MT02EBS001H0346F0346CC1085244316
3|885|JEIDI|VANESSA|CASTRO|SALAZAR|CC|1084194264|2006-08-01|2|2|6|9998|3|1||7|07|||8|55.0|154|||2||||||||||||52UZPE01152001T52MT02EBS001H034652UZPE01152001T52MT02EBS001H0346F0346|52UZPE01152001T52MT02EBS001H034652UZPE01152001T52MT02EBS001H0346F0346CC1084194264
3|886|DOLORES|NOTIENE|SANCHEZ|NOTIENE|CC|30734568|1958-09-21|2|2|6|9998|3|1||3|07|||8|68.0|159|||2||||||||||||52UZPE01152001T52MT02EBS001H034752UZPE01152001T52MT02EBS001H0347F0347|52UZPE01152001T52MT02EBS001H034752UZPE01152001T52MT02EBS001H0347F0347CC30734568
3|887|AUGUSTO|NOTIENE|JOSA|MAVISOY|CC|12957375|1951-05-25|1|2|6|9510|3|1||3|07|||8|68.0|170|||2||||||||||||52UZPE01152001T52MT02EBS001H034752UZPE01152001T52MT02EBS001H0347F0347|52UZPE01152001T52MT02EBS001H034752UZPE01152001T52MT02EBS001H0347F0347CC12957375
3|888|GILBERTO|NOTIENE|JOSA|SANCHEZ|CC|1085254619|1986-02-14|1|2|6|9510|3|1||7|07|||8|70.0|165|||2||||||||||||52UZPE01152001T52MT02EBS001H034852UZPE01152001T52MT02EBS001H0348F0348|52UZPE01152001T52MT02EBS001H034852UZPE01152001T52MT02EBS001H0348F0348CC1085254619
3|889|ANGIE|JACKELINE|POTOSI|ORTIZ|CC|1004234167|2003-10-14|2|2|6|9510|3|1||7|07|||8|45.0|152|||2||||||||||||52UZPE01152001T52MT02EBS001H034952UZPE01152001T52MT02EBS001H0349F0349|52UZPE01152001T52MT02EBS001H034952UZPE01152001T52MT02EBS001H0349F0349CC1004234167
3|890|FRANSY|YOLANDA|DIAZ|MATABANCHOY|CC|1085271872|1987-11-03|2|2|6|9510|3|1||7|07|||8|64.0|159|||2||||||||||||52UZPE01152001T52MT02EBS001H035052UZPE01152001T52MT02EBS001H0350F0350|52UZPE01152001T52MT02EBS001H035052UZPE01152001T52MT02EBS001H0350F0350CC1085271872
3|891|VALERIE|TATIANA|PALACIOS|DIAZ|TI|1084194934|2014-08-22|2|2|6|9998|3|1||8|07|||8|42.0|140|||2||||||||||||52UZPE01152001T52MT02EBS001H035052UZPE01152001T52MT02EBS001H0350F0350|52UZPE01152001T52MT02EBS001H035052UZPE01152001T52MT02EBS001H0350F0350TI1084194934
3|892|DANIEL|SEBASTIAN|PALACIOS|DIAZ|TI|1084194659|2011-04-01|1|2|6|9998|3|1||1|07|||8|39.0|145|||2||||||||||||52UZPE01152001T52MT02EBS001H035052UZPE01152001T52MT02EBS001H0350F0350|52UZPE01152001T52MT02EBS001H035052UZPE01152001T52MT02EBS001H0350F0350TI1084194659
3|893|RISA|MARIA|MATABANCHOY|PALACIOS|CC|30703978|1952-08-23|2|2|6|9510|3|1||3|07|||8|64.0|152|||2||||||||||||52UZPE01152001T52MT02EBS001H035352UZPE01152001T52MT02EBS001H0353F0353|52UZPE01152001T52MT02EBS001H035352UZPE01152001T52MT02EBS001H0353F0353CC30703978
3|894|ELVIA|ALEJANDRA|ROSERO|PINCHAO|CC|1006907884|2002-02-08|2|2|6|9998|3|1||7|07|||8|78.0|150|||2||||||||||||52UZPE01152001T52MT02EBS001H035552UZPE01152001T52MT02EBS001H0355F0355|52UZPE01152001T52MT02EBS001H035552UZPE01152001T52MT02EBS001H0355F0355CC1006907884
3|895|HEIMER|LEONEL|JOJOA|JOSA|CC|1233191807|1998-08-20|1|2|6|5169|3|2||7|07|||8|60.0|169|||2||||||||||||52UZPE01152001T52MT02EBS001H035552UZPE01152001T52MT02EBS001H0355F0355|52UZPE01152001T52MT02EBS001H035552UZPE01152001T52MT02EBS001H0355F0355CC1233191807
3|896|MAICOL|ALEJANDRO|ZAMBRANO|ROSERO|RC|1124316757|2019-03-03|1|2|6|9998|3|1||8|07|||8|||||2||||||||||||52UZPE01152001T52MT02EBS001H035552UZPE01152001T52MT02EBS001H0355F0355|52UZPE01152001T52MT02EBS001H035552UZPE01152001T52MT02EBS001H0355F0355RC1124316757
3|897|MABEL|JULIANA|JOJOA|ROSERO|RC|1084195428|2022-08-10|2|2|6|9998|3|2||8|07|||8|||||2||||||||||||52UZPE01152001T52MT02EBS001H035552UZPE01152001T52MT02EBS001H0355F0355|52UZPE01152001T52MT02EBS001H035552UZPE01152001T52MT02EBS001H0355F0355RC1084195428
3|898|ALIER|VIDAL|LOPEZ|VALLEJO|CC|12754643|1974-07-05|1|2|6|5169|3|2||7|07|||8|62.0|169|||2||||||||||||52UZPE01152001T52MT02EBS001H035652UZPE01152001T52MT02EBS001H0356F0356|52UZPE01152001T52MT02EBS001H035652UZPE01152001T52MT02EBS001H0356F0356CC12754643
3|899|BRAYAN|ESTIBEN|LOPEZ|LOPEZ|CC|1004437592|2002-01-07|1|2|6|9998|3|1||7|07|||8|62.0|162|||2||||||||||||52UZPE01152001T52MT02EBS001H035652UZPE01152001T52MT02EBS001H0356F0356|52UZPE01152001T52MT02EBS001H035652UZPE01152001T52MT02EBS001H0356F0356CC1004437592
3|900|LUISA|MARISOL|LOPEZ|PUERRES|CC|37088046|1985-08-20|2|2|6|9998|3|1||7|07|||8|60.0|154|||2||||||||||||52UZPE01152001T52MT02EBS001H035652UZPE01152001T52MT02EBS001H0356F0356|52UZPE01152001T52MT02EBS001H035652UZPE01152001T52MT02EBS001H0356F0356CC37088046
3|901|MARIA|SIXTA|BURGOS|BUESAQUILLO|CC|59815096|1974-01-04|2|2|6|9998|3|1||7|07|||8|43.0|160|||2||||||||||||52UZPE01152001T52MT02EBS001H035752UZPE01152001T52MT02EBS001H0357F0357|52UZPE01152001T52MT02EBS001H035752UZPE01152001T52MT02EBS001H0357F0357CC59815096
3|902|JUAN|DAVID|AGREDA|BURGOS|TI|1121507819|2012-07-22|1|2|6|9998|3|1||1|07|||8|35.0|140|||2||||||||||||52UZPE01152001T52MT02EBS001H035852UZPE01152001T52MT02EBS001H0358F0358|52UZPE01152001T52MT02EBS001H035852UZPE01152001T52MT02EBS001H0358F0358TI1121507819
3|903|EDGAR|NA|BUESAQUILLO|NA|CC|1804052|1935-10-25|1|2|6|9998|3|1||3|07|||2|53.0|149|||2||||||||||||52UZPE01152001T52MT02EBS001H035952UZPE01152001T52MT02EBS001H0359F0359|52UZPE01152001T52MT02EBS001H035952UZPE01152001T52MT02EBS001H0359F0359CC1804052
3|904|LIBARDO|NOTIENE|MATABANCHOY|JOJOA|CC|87063999|1957-04-06|1|2|6|9510|3|1||3|07|||8|72.0|161|||2||||||||||||52UZPE01152001T52MT02EBS001H036052UZPE01152001T52MT02EBS001H0360F0360|52UZPE01152001T52MT02EBS001H036052UZPE01152001T52MT02EBS001H0360F0360CC87063999
3|905|MERCY|LEONOR|LOPEZ|JOBSOY|CC|59815463|1970-07-20|2|2|6|9998|3|1||7|07|||8|60.0|155|||2||||||||||||52UZPE01152001T52MT02EBS001H036152UZPE01152001T52MT02EBS001H0361F0361|52UZPE01152001T52MT02EBS001H036152UZPE01152001T52MT02EBS001H0361F0361CC59815463
3|906|JESUS|ABEL|LOPEZ|ISANDARA|CC|12879718|1962-12-22|1|2|6|9510|3|1||3|07|||8|87.0|168|||2||||||||||||52UZPE01152001T52MT02EBS001H036252UZPE01152001T52MT02EBS001H0362F0362|52UZPE01152001T52MT02EBS001H036252UZPE01152001T52MT02EBS001H0362F0362CC12879718
3|907|MARIA|GLADIS|BUESAQUILLO|LOPEZ|CC|59837518|1976-09-08|2|2|6|9998|3|1||6|07|||8|55.0|149|||2||||||||||||52UZPE01152001T52MT02EBS001H036352UZPE01152001T52MT02EBS001H0363F0363|52UZPE01152001T52MT02EBS001H036352UZPE01152001T52MT02EBS001H0363F0363CC59837518
3|908|DAVID|NOAPLICA|CHANA|LOPEZ|CC|98392999|1971-11-20|1|2|6|9510|3|1||6|07|||8|70.0|170|||2||||||||||||52UZPE01152001T52MT02EBS001H036352UZPE01152001T52MT02EBS001H0363F0363|52UZPE01152001T52MT02EBS001H036352UZPE01152001T52MT02EBS001H0363F0363CC98392999
3|909|AURENCIO|ELIAS|JOJOA|BOTINA|CC|12994700|1965-08-16|1|2|6|9510|3|1||7|07|||8|52.0|160|||2||||||||||||52UZPE01152001T52MT02EBS001H036452UZPE01152001T52MT02EBS001H0364F0364|52UZPE01152001T52MT02EBS001H036452UZPE01152001T52MT02EBS001H0364F0364CC12994700
3|910|JESUS|AMELIA|BUESAQUILLO|MATABANCHOY|CC|59813860|1969-09-05|2|2|6|9998|3|1||7|07|||8|43.0|148|||2||||||||||||52UZPE01152001T52MT02EBS001H036452UZPE01152001T52MT02EBS001H0364F0364|52UZPE01152001T52MT02EBS001H036452UZPE01152001T52MT02EBS001H0364F0364CC59813860
3|911|ERWIN|ELIAS|JOJOA|BUESAQUILLO|CC|1085335406|1997-06-17|1|2|6|9510|3|1||7|07|||8|47.0|162|||2||||||||||||52UZPE01152001T52MT02EBS001H036452UZPE01152001T52MT02EBS001H0364F0364|52UZPE01152001T52MT02EBS001H036452UZPE01152001T52MT02EBS001H0364F0364CC1085335406
3|912|RUBEN|DARIO|JOJOA|BUESAQUILLO|CC|1085311223|1994-03-08|1|2|6|9510|3|1||7|07|||8|48.0|169|||2||||||||||||52UZPE01152001T52MT02EBS001H036452UZPE01152001T52MT02EBS001H0364F0364|52UZPE01152001T52MT02EBS001H036452UZPE01152001T52MT02EBS001H0364F0364CC1085311223
3|913|JOSE|HERMOGENES|BOTINA|JOBSOY|CC|12956289|1951-07-09|1|2|6|9510|3|1||3|07|||8|68.0|155|||2||||||||||||52UZPE01152001T52MT02EBS001H036552UZPE01152001T52MT02EBS001H0365F0365|52UZPE01152001T52MT02EBS001H036552UZPE01152001T52MT02EBS001H0365F0365CC12956289
3|914|ALBINA|NOAPLICA|LOPEZ|BOTINA|CC|27086537|1945-10-01|2|2|6|9998|3|1||3|07|||1|52.0|145|||2||||||||||||52UZPE01152001T52MT02EBS001H036552UZPE01152001T52MT02EBS001H0365F0365|52UZPE01152001T52MT02EBS001H036552UZPE01152001T52MT02EBS001H0365F0365CC27086537
3|915|MARIA|DELFINA|JOBSOY|NINGUNO|CC|59813861|1970-02-27|2|2|6|9998|3|1||7|07|||8|65.0|145|||2||||||||||||52UZPE01152001T52MT02EBS001H036652UZPE01152001T52MT02EBS001H0366F0366|52UZPE01152001T52MT02EBS001H036652UZPE01152001T52MT02EBS001H0366F0366CC59813861
3|916|SEGUNDO|HIPOLITO|BUESAQUILLO|LOPEZ|CC|12988072|1965-07-24|1|2|6|9510|3|1||7|07|||8|65.0|162|||2||||||||||||52UZPE01152001T52MT02EBS001H036652UZPE01152001T52MT02EBS001H0366F0366|52UZPE01152001T52MT02EBS001H036652UZPE01152001T52MT02EBS001H0366F0366CC12988072
3|917|JUAN|PABLO|NASPIRAN|MATABANCHOY|CC|1085342947|1998-11-12|1|2|6|9510|3|1||4|07|||1|76.0|165|||2||||||||||||52UZPE01152001T52MT02EBS001H035252UZPE01152001T52MT02EBS001H0352F0352|52UZPE01152001T52MT02EBS001H035252UZPE01152001T52MT02EBS001H0352F0352CC1085342947
3|918|ANDY|JHOEL|JOSA|LOPEZ|RC|1084195350|2021-01-19|1|2|6|9998|3|1||8|07|||8|||||2||||||||||||52UZPE01152001T52MT02EBS001H036952UZPE01152001T52MT02EBS001H0369F0369|52UZPE01152001T52MT02EBS001H036952UZPE01152001T52MT02EBS001H0369F0369RC1084195350
3|919|YEISON|ANDRES|JOSA|DIAZ|CC|1193512236|2001-11-26|1|2|6|9510|3|1||7|07|||8|58.0|159|||2||||||||||||52UZPE01152001T52MT02EBS001H036952UZPE01152001T52MT02EBS001H0369F0369|52UZPE01152001T52MT02EBS001H036952UZPE01152001T52MT02EBS001H0369F0369CC1193512236
3|920|DELSI|HAYDALI|ZAMBRANO|BOTINA|TI|1084194399|2008-03-05|2|2|6|9998|3|1||1|07|||8|50.0|154|||2||||||||||||52UZPE01152001T52MT02EBS001H037152UZPE01152001T52MT02EBS001H0371F0371|52UZPE01152001T52MT02EBS001H037152UZPE01152001T52MT02EBS001H0371F0371TI1084194399
3|921|ROSA|LINA|BOTINA|JOBSOY|CC|59821669|1970-05-04|2|2|6|9998|3|1||7|07|||8|60.0|150|||2||||||||||||52UZPE01152001T52MT02EBS001H037152UZPE01152001T52MT02EBS001H0371F0371|52UZPE01152001T52MT02EBS001H037152UZPE01152001T52MT02EBS001H0371F0371CC59821669
3|922|LUIS|ALBERTO|ZAMBRANO|JOJOA|CC|12754130|1974-08-28|1|2|6|9510|3|1||7|07|||8|70.0|170|||2||||||||||||52UZPE01152001T52MT02EBS001H037152UZPE01152001T52MT02EBS001H0371F0371|52UZPE01152001T52MT02EBS001H037152UZPE01152001T52MT02EBS001H0371F0371CC12754130
3|923|CARMEN|DAMILVE|CHANA|LOPEZ|CC|30720734|1961-07-10|2|2|6|9998|3|1||3|07|||8|60.0|154|||2||||||||||||52UZPE01152001T52MT02EBS001H037252UZPE01152001T52MT02EBS001H0372F0372|52UZPE01152001T52MT02EBS001H037252UZPE01152001T52MT02EBS001H0372F0372CC30720734
3|924|ALFONSO|ALVARO|JOSSA|NARVAEZ|CC|12974719|1958-09-13|1|2|6|9510|3|1||3|07|||8|60.0|167|||2||||||||||||52UZPE01152001T52MT02EBS001H037252UZPE01152001T52MT02EBS001H0372F0372|52UZPE01152001T52MT02EBS001H037252UZPE01152001T52MT02EBS001H0372F0372CC12974719
3|925|MARY|LUZ|JOSSA|CHANA|CC|1084194039|1981-06-28|2|2|6|9998|3|1||7|07|||8|51.0|154|||2||||||||||||52UZPE01152001T52MT02EBS001H037252UZPE01152001T52MT02EBS001H0372F0372|52UZPE01152001T52MT02EBS001H037252UZPE01152001T52MT02EBS001H0372F0372CC1084194039
3|926|CLAUDIO|ALEXANDER|JOSSA|CHANA|CC|1085251925|1986-02-21|1|2|6|9510|3|1||7|07|||8|60.0|165|||2||||||||||||52UZPE01152001T52MT02EBS001H037452UZPE01152001T52MT02EBS001H0374F0374|52UZPE01152001T52MT02EBS001H037452UZPE01152001T52MT02EBS001H0374F0374CC1085251925
3|927|EDISON|ALBEIRO|JOSA|CHANA|CC|1085285732|1990-01-02|1|2|6|9510|3|1||7|07|||8|62.0|159|||2||||||||||||52UZPE01152001T52MT02EBS001H037652UZPE01152001T52MT02EBS001H0376F0376|52UZPE01152001T52MT02EBS001H037652UZPE01152001T52MT02EBS001H0376F0376CC1085285732
3|928|MARIA|AUDELIA|PEJENDINO|DELOPEZ|CC|27063194|1938-04-20|2|2|6|9998|3|1||3|07|||2|58.0|141|||2||||||||||||52UZPE01152001T52MT02EBS001H037752UZPE01152001T52MT02EBS001H0377F0377|52UZPE01152001T52MT02EBS001H037752UZPE01152001T52MT02EBS001H0377F0377CC27063194
3|929|JOEL|BAUTISTA|LOPEZ|BOTINA|CC|1804250|1941-06-10|1|2|6|9998|3|1||3|07|||1|63.0|158|||2||||||||||||52UZPE01152001T52MT02EBS001H037752UZPE01152001T52MT02EBS001H0377F0377|52UZPE01152001T52MT02EBS001H037752UZPE01152001T52MT02EBS001H0377F0377CC1804250
3|930|JOSE|HERMOGENES|ERAZO|PUERRES|CC|1804413|1944-11-14|1|2|6|9510|3|1||3|07|||3|66.0|170|||2||||||||||||52UZPE01152001T52MT02EBS001H037852UZPE01152001T52MT02EBS001H0378F0378|52UZPE01152001T52MT02EBS001H037852UZPE01152001T52MT02EBS001H0378F0378CC1804413
3|931|FANNY|ESPERANZA|LOPEZ|MATABANCHOY|CC|27086811|1950-10-02|2|2|6|9998|3|1||3|07|||8|73.0|148|||2||||||||||||52UZPE01152001T52MT02EBS001H037852UZPE01152001T52MT02EBS001H0378F0378|52UZPE01152001T52MT02EBS001H037852UZPE01152001T52MT02EBS001H0378F0378CC27086811
3|932|ENRIQUE|HERNANDO|ERAZO|LOPEZ|CC|98388422|1974-07-02|1|2|6|9622|3|1||7|07|||8|80.0|170|||2||||||||||||52UZPE01152001T52MT02EBS001H038052UZPE01152001T52MT02EBS001H0380F0380|52UZPE01152001T52MT02EBS001H038052UZPE01152001T52MT02EBS001H0380F0380CC98388422
3|933|ODILIA|IMELDA|PEJENDINO|ERAZO|CC|37083662|1983-07-10|2|2|6|5169|3|1||7|07|||8|55.0|150|||2||||||||||||52UZPE01152001T52MT02EBS001H038052UZPE01152001T52MT02EBS001H0380F0380|52UZPE01152001T52MT02EBS001H038052UZPE01152001T52MT02EBS001H0380F0380CC37083662
3|934|CAROL|ESTEFANIA|ERAZO|PEJENDINO|TI|1084194547|2009-09-15|2|2|6|9998|3|1||1|07|||8|50.0|155|||2||||||||||||52UZPE01152001T52MT02EBS001H038052UZPE01152001T52MT02EBS001H0380F0380|52UZPE01152001T52MT02EBS001H038052UZPE01152001T52MT02EBS001H0380F0380TI1084194547
3|935|HERIBERTO|NA|BUESAQUILLI|NA|CC|1804244|1940-03-16|1|2|6|9510|3|1||3|07|||8|55.0|151|||2||||||||||||52UZPE01152001T52MT02EBS001H037952UZPE01152001T52MT02EBS001H0379F0379|52UZPE01152001T52MT02EBS001H037952UZPE01152001T52MT02EBS001H0379F0379CC1804244
3|936|LUIS|EVERARDO|BUESAQUILLO|GUEVARA|CC|1085244929|1983-01-01|1|2|6|9998|3|1||6|07|||8|70.0|160|||2||||||||||||52UZPE01152001T52MT02EBS001H037952UZPE01152001T52MT02EBS001H0379F0379|52UZPE01152001T52MT02EBS001H037952UZPE01152001T52MT02EBS001H0379F0379CC1085244929
3|937|AURA|ARGELIA|GUEVARA|PRADO|CC|30704152|1952-06-16|2|2|6|9998|3|1||3|07|||1|53.0|145|||2||||||||||||52UZPE01152001T52MT02EBS001H037952UZPE01152001T52MT02EBS001H0379F0379|52UZPE01152001T52MT02EBS001H037952UZPE01152001T52MT02EBS001H0379F0379CC30704152
3|938|JHON|HERNAN|PEJENDINO|LOPEZ|CC|1085251767|1983-12-22|1|2|6|9510|3|2||7|07|||8|78.0|161|||2||||||||||||52UZPE01152001T52MT02EBS001H038452UZPE01152001T52MT02EBS001H0384F0384|52UZPE01152001T52MT02EBS001H038452UZPE01152001T52MT02EBS001H0384F0384CC1085251767
3|939|VALERY|YULIETH|PEJENDINO|LOPEZ|TI|1084195043|2015-11-03|2|2|6|9998|3|1||8|07|||8|21.0|120|||2||||||||||||52UZPE01152001T52MT02EBS001H038352UZPE01152001T52MT02EBS001H0383F0383|52UZPE01152001T52MT02EBS001H038352UZPE01152001T52MT02EBS001H0383F0383TI1084195043
3|940|XIOMARA|CELESTE|LOPEZ|MAYA|RC|1084195417|2022-05-02|2|2|6|9998|3|1||8|07|||8|||||2||||||||||||52UZPE01152001T52MT02EBS001H038352UZPE01152001T52MT02EBS001H0383F0383|52UZPE01152001T52MT02EBS001H038352UZPE01152001T52MT02EBS001H0383F0383RC1084195417
3|941|CIELO|LISBETH|JOSA|VALLEJO|RC|1084195197|2018-01-26|2|2|6|9998|3|1||8|07|||8|25.0|109|||2||||||||||||52UZPE01152001T52MT02EBS001H038752UZPE01152001T52MT02EBS001H0387F0387|52UZPE01152001T52MT02EBS001H038752UZPE01152001T52MT02EBS001H0387F0387RC1084195197
3|942|SIXTA|NERY|VALLEJO|MATABANCHOY|CC|1085307069|1993-08-13|2|2|6|9998|3|1||7|07|||8|61.0|151|||2||||||||||||52UZPE01152001T52MT02EBS001H038752UZPE01152001T52MT02EBS001H0387F0387|52UZPE01152001T52MT02EBS001H038752UZPE01152001T52MT02EBS001H0387F0387CC1085307069
3|943|WILMER|ALEXANDER|JOSA|PEJENDINO|CC|1085287083|1990-08-25|1|2|6|9510|3|1||7|07|||8|84.0|162|||2||||||||||||52UZPE01152001T52MT02EBS001H038752UZPE01152001T52MT02EBS001H0387F0387|52UZPE01152001T52MT02EBS001H038752UZPE01152001T52MT02EBS001H0387F0387CC1085287083
3|944|DIEGO|ALEXANDER|JOSA|VALLEJO|TI|1084194677|2011-07-03|1|2|6|9998|3|1||1|07|||8|42.0|147|||2||||||||||||52UZPE01152001T52MT02EBS001H038752UZPE01152001T52MT02EBS001H0387F0387|52UZPE01152001T52MT02EBS001H038752UZPE01152001T52MT02EBS001H0387F0387TI1084194677
3|945|LUIS|OLMEDO|JOJOA|CHANA|CC|1085291922|1990-04-10|1|2|6|5169|3|2||7|07|||8|70.0|171|||2||||||||||||52UZPE01152001T52MT02EBS001H038852UZPE01152001T52MT02EBS001H0388F0388|52UZPE01152001T52MT02EBS001H038852UZPE01152001T52MT02EBS001H0388F0388CC1085291922
3|946|BALDOMIRO|NA|GUEVARA|USAMA|CC|87063327|1981-04-19|1|2|6|9510|3|1||7|07|||8|55.0|161|||2||||||||||||52UZPE01152001T52MT02EBS001H038952UZPE01152001T52MT02EBS001H0389F0389|52UZPE01152001T52MT02EBS001H038952UZPE01152001T52MT02EBS001H0389F0389CC87063327
3|947|LIBIO|NA|GUEVARA|PRADO|CC|1804466|1949-04-01|1|2|6|9998|3|1||3|07|||3|66.0|163|||2||||||||||||52UZPE01152001T52MT02EBS001H038952UZPE01152001T52MT02EBS001H0389F0389|52UZPE01152001T52MT02EBS001H038952UZPE01152001T52MT02EBS001H0389F0389CC1804466
3|948|GLORIA|ESPERANZA|LOPEZ|PEJENDINO|CC|30721666|1960-11-08|2|2|6|9998|3|1||3|07|||8|66.0|150|||2||||||||||||52UZPE01152001T52MT02EBS001H039052UZPE01152001T52MT02EBS001H0390F0390|52UZPE01152001T52MT02EBS001H039052UZPE01152001T52MT02EBS001H0390F0390CC30721666
3|949|JANIS|MELIZA|LOPEZ|GUEVARA|TI|1084194821|2013-01-31|2|2|6|9998|3|1||8|07|||8|33.0|142|||2||||||||||||52UZPE01152001T52MT02EBS001H039152UZPE01152001T52MT02EBS001H0391F0391|52UZPE01152001T52MT02EBS001H039152UZPE01152001T52MT02EBS001H0391F0391TI1084194821
3|950|LUZ|DARI|GUEVARA|USAMA|CC|1085283896|1988-10-05|2|2|6|9998|3|1||7|07|||8|65.0|155|||2||||||||||||52UZPE01152001T52MT02EBS001H039152UZPE01152001T52MT02EBS001H0391F0391|52UZPE01152001T52MT02EBS001H039152UZPE01152001T52MT02EBS001H0391F0391CC1085283896
3|951|BERTA|EMA|PEJENDINO|LOPEZ|CC|30739583|1967-03-12|2|2|6|9998|3|1||7|07|||8|60.0|145|||2||||||||||||52UZPE01152001T52MT02EBS001H038552UZPE01152001T52MT02EBS001H0385F0385|52UZPE01152001T52MT02EBS001H038552UZPE01152001T52MT02EBS001H0385F0385CC30739583
3|952|ROSA|EMELINA|LOPEZ|NINGUNO|CC|30736078|1961-01-05|2|2|6|9998|3|1||3|07|||8|52.0|157|||2||||||||||||52UZPE01152001T52MT02EBS001H039252UZPE01152001T52MT02EBS001H0392F0392|52UZPE01152001T52MT02EBS001H039252UZPE01152001T52MT02EBS001H0392F0392CC30736078
3|953|MARIA|ROSALBA|ORDONEZ|ERAZO|CC|30740361|1968-07-12|2|2|6|9510|3|1||7|07|||8|56.0|145|||2||||||||||||52UZPE01152001T52MT02EBS001H039352UZPE01152001T52MT02EBS001H0393F0393|52UZPE01152001T52MT02EBS001H039352UZPE01152001T52MT02EBS001H0393F0393CC30740361
3|954|YUDY|TATIANA|JOSA|PEJENDINO|CC|1084194160|2005-10-01|2|2|6|9998|3|1||7|07|||8|50.0|150|||2||||||||||||52UZPE01152001T52MT02EBS001H038652UZPE01152001T52MT02EBS001H0386F0386|52UZPE01152001T52MT02EBS001H038652UZPE01152001T52MT02EBS001H0386F0386CC1084194160
3|955|EMMA|ISABEL|DIAZ|JOSA|RC|1084195471|2024-03-31|2|2|6|9998|3|1||8|07|||8|||||2||||||||||||52UZPE01152001T52MT02EBS001H038652UZPE01152001T52MT02EBS001H0386F0386|52UZPE01152001T52MT02EBS001H038652UZPE01152001T52MT02EBS001H0386F0386RC1084195471
3|956|JIMMY|MAURICIO|LOPEZ|VALLEJO|CC|1054194944|1976-04-06|1|2|6|5169|3|1||7|07|||8|65.0|162|||2||||||||||||52UZPE01152001T52MT02EBS001H039452UZPE01152001T52MT02EBS001H0394F0394|52UZPE01152001T52MT02EBS001H039452UZPE01152001T52MT02EBS001H0394F0394CC1054194944
3|957|MATILDE|ESPERANZA|JOSA|LOPEZ|CC|59310906|1983-03-07|2|2|6|9998|3|1||7|07|||8|55.0|150|||2||||||||||||52UZPE01152001T52MT02EBS001H039452UZPE01152001T52MT02EBS001H0394F0394|52UZPE01152001T52MT02EBS001H039452UZPE01152001T52MT02EBS001H0394F0394CC59310906
3|958|MERY|NOAPLICA|CHANAG|LOPEZ|CC|59829843|1966-08-14|2|2|6|9998|3|1||7|07|||8|60.0|154|||2||||||||||||52UZPE01152001T52MT02EBS001H039552UZPE01152001T52MT02EBS001H0395F0395|52UZPE01152001T52MT02EBS001H039552UZPE01152001T52MT02EBS001H0395F0395CC59829843
3|959|MARIA|MARGARITA|LOPEZ|CHANAG|CC|27073240|1943-12-31|2|2|6|9998|3|1||3|07|||2|55.0|150|||2||||||||||||52UZPE01152001T52MT02EBS001H039552UZPE01152001T52MT02EBS001H0395F0395|52UZPE01152001T52MT02EBS001H039552UZPE01152001T52MT02EBS001H0395F0395CC27073240
3|960|ROBERT|FERNANDO|ERAZO|LOPEZ|CC|87063940|1978-12-24|1|2|6|9510|3|1||7|07|||8|70.0|170|||2||||||||||||52UZPE01152001T52MT02EBS001H039652UZPE01152001T52MT02EBS001H0396F0396|52UZPE01152001T52MT02EBS001H039652UZPE01152001T52MT02EBS001H0396F0396CC87063940
3|961|LIZABED|NOAPLICA|CHANAG|LOPEZ|CC|27082508|1977-11-27|2|2|6|9998|3|1||6|07|||8|58.0|157|||2||||||||||||52UZPE01152001T52MT02EBS001H039652UZPE01152001T52MT02EBS001H0396F0396|52UZPE01152001T52MT02EBS001H039652UZPE01152001T52MT02EBS001H0396F0396CC27082508
3|962|EBELYN|YISEL|ERAZO|CHANAG|TI|1084195033|2015-09-12|2|2|6|9998|3|1||8|07|||8|30.0|135|||2||||||||||||52UZPE01152001T52MT02EBS001H039652UZPE01152001T52MT02EBS001H0396F0396|52UZPE01152001T52MT02EBS001H039652UZPE01152001T52MT02EBS001H0396F0396TI1084195033
3|963|LAURA|VICTORIA|PUERRES|DELOPEZ|CC|27076600|1948-06-14|2|2|6|9998|3|1||3|07|||8|42.0|145|||2||||||||||||52UZPE01152001T52MT02EBS001H039752UZPE01152001T52MT02EBS001H0397F0397|52UZPE01152001T52MT02EBS001H039752UZPE01152001T52MT02EBS001H0397F0397CC27076600
3|964|MARIA|HILDA|LOPEZ|BOTINA|CC|30732156|1958-10-04|2|2|6|5169|3|1||3|07|||8|55.0|160|||2||||||||||||52UZPE01152001T52MT02EBS001H040052UZPE01152001T52MT02EBS001H0400F0400|52UZPE01152001T52MT02EBS001H040052UZPE01152001T52MT02EBS001H0400F0400CC30732156
3|965|YOSSELY|SAMARA|RIVERA|LOPEZ|TI|1127815004|2017-07-29|2|2|6|9998|3|1||8|07|||8|21.0|120|||2||||||||||||52UZPE01152001T52MT02EBS001H039852UZPE01152001T52MT02EBS001H0398F0398|52UZPE01152001T52MT02EBS001H039852UZPE01152001T52MT02EBS001H0398F0398TI1127815004
3|966|ANGELA|DAYANA|LOPEZ|MAYA|TI|1084194482|2008-12-12|2|2|6|9998|3|1||1|07|||8|56.0|151|||2||||||||||||52UZPE01152001T52MT02EBS001H039852UZPE01152001T52MT02EBS001H0398F0398|52UZPE01152001T52MT02EBS001H039852UZPE01152001T52MT02EBS001H0398F0398TI1084194482
3|967|YOLANDA|VIVIANA|LOPEZ|MAYA|CC|1085279350|1989-09-10|2|2|6|9998|3|1||7|07|||8|64.0|152|||2||||||||||||52UZPE01152001T52MT02EBS001H039852UZPE01152001T52MT02EBS001H0398F0398|52UZPE01152001T52MT02EBS001H039852UZPE01152001T52MT02EBS001H0398F0398CC1085279350
3|968|ALEX|ALEXANDER|BOTINA|VALLEJO|CC|1004236504|2001-04-23|1|2|6|5169|3|2||7|07|||8|70.0|168|||2||||||||||||52UZPE01152001T52MT02EBS001H039952UZPE01152001T52MT02EBS001H0399F0399|52UZPE01152001T52MT02EBS001H039952UZPE01152001T52MT02EBS001H0399F0399CC1004236504
3|969|LIGIA|MARGOT|ZAMBRANO|PEJENDINO|CC|59314431|1984-08-04|2|2|6|9998|3|1||7|07|||8|61.0|158|||2||||||||||||52UZPE01152001T52MT02EBS001H040152UZPE01152001T52MT02EBS001H0401F0401|52UZPE01152001T52MT02EBS001H040152UZPE01152001T52MT02EBS001H0401F0401CC59314431
3|970|MARIO|ANDRES|ROSERO|ERAZO|CC|1085329549|1995-03-03|1|2|6|9998|3|1||7|07|||8|77.0|156|||2||||||||||||52UZPE01152001T52MT02EBS001H040252UZPE01152001T52MT02EBS001H0402F0402|52UZPE01152001T52MT02EBS001H040252UZPE01152001T52MT02EBS001H0402F0402CC1085329549
3|971|GLORIA|DELSOCORRO|ERAZO|LOPEZ|CC|39773191|1965-12-20|2|2|6|9998|3|1||7|07|||8|57.0|148|||2||||||||||||52UZPE01152001T52MT02EBS001H040252UZPE01152001T52MT02EBS001H0402F0402|52UZPE01152001T52MT02EBS001H040252UZPE01152001T52MT02EBS001H0402F0402CC39773191
3|972|LUIS|OCTAVIO|ROSERO|LOPEZ|CC|12983065|1962-05-01|1|2|6|9510|3|1||3|07|||8|62.0|160|||2||||||||||||52UZPE01152001T52MT02EBS001H040252UZPE01152001T52MT02EBS001H0402F0402|52UZPE01152001T52MT02EBS001H040252UZPE01152001T52MT02EBS001H0402F0402CC12983065
3|973|LILIA|PAOLA|LOPEZ|LOPEZ|CC|1004437659|2003-04-28|2|2|6|9510|3|1||7|07|||8|53.0|154|||2||||||||||||52UZPE01152001T52MT02EBS001H040352UZPE01152001T52MT02EBS001H0403F0403|52UZPE01152001T52MT02EBS001H040352UZPE01152001T52MT02EBS001H0403F0403CC1004437659
3|974|RICHAR|ADRIAM|LOPEZ|LOPEZ|TI|1084194722|2011-12-06|1|2|6|9998|3|1||1|07|||8|52.0|158|||2||||||||||||52UZPE01152001T52MT02EBS001H040352UZPE01152001T52MT02EBS001H0403F0403|52UZPE01152001T52MT02EBS001H040352UZPE01152001T52MT02EBS001H0403F0403TI1084194722
3|975|WILSON|LEIDER|LOPEZ|LOPEZ|CC|98032171664|1998-03-21|1|2|6|9510|3|1||4|07|||3|86.0|168|||2||||||||||||52UZPE01152001T52MT02EBS001H040352UZPE01152001T52MT02EBS001H0403F0403|52UZPE01152001T52MT02EBS001H040352UZPE01152001T52MT02EBS001H0403F0403CC98032171664
3|976|MARIA|ESTER|BOTINA|GUAYAPOTOY|CC|59836425|1967-07-04|2|2|6|9998|3|1||7|07|||8|40.0|145|||2||||||||||||52UZPE01152001T52MT02EBS001H040452UZPE01152001T52MT02EBS001H0404F0404|52UZPE01152001T52MT02EBS001H040452UZPE01152001T52MT02EBS001H0404F0404CC59836425
3|977|DIEGO|HERNEY|JOSA|BOTINA|CC|1233193803|1999-07-12|1|2|6|9998|3|1||7|07|||8|48.0|164|||2||||||||||||52UZPE01152001T52MT02EBS001H040452UZPE01152001T52MT02EBS001H0404F0404|52UZPE01152001T52MT02EBS001H040452UZPE01152001T52MT02EBS001H0404F0404CC1233193803
3|978|GLORIA|AMPARO|BOTINA|ANGANOY|CC|30738870|1966-06-23|2|2|6|9998|3|1||7|07|||8|55.0|155|||2||||||||||||52UZPE01152001T52MT02EBS001H040752UZPE01152001T52MT02EBS001H0407F0407|52UZPE01152001T52MT02EBS001H040752UZPE01152001T52MT02EBS001H0407F0407CC30738870
3|979|JOSE|JAVIER|BOTINA|GUAYAPOTOY|CC|98390146|1969-03-21|1|2|6|9510|3|1||7|07|||8|52.0|160|||2||||||||||||52UZPE01152001T52MT02EBS001H040752UZPE01152001T52MT02EBS001H0407F0407|52UZPE01152001T52MT02EBS001H040752UZPE01152001T52MT02EBS001H0407F0407CC98390146
3|980|SERVIO|JORGE|BOTINA|VALLEJO|CC|1804358|1943-07-04|1|2|6|9998|3|1||3|07|||1|60.0|160|||2||||||||||||52UZPE01152001T52MT02EBS001H040952UZPE01152001T52MT02EBS001H0409F0409|52UZPE01152001T52MT02EBS001H040952UZPE01152001T52MT02EBS001H0409F0409CC1804358
3|981|SILVIO|NA|BOTINA|MONCAYO|CC|5206090|1957-04-09|1|2|6|9998|3|1||3|07|||8|67.0|168|||2||||||||||||52UZPE01152001T52MT02EBS001H040852UZPE01152001T52MT02EBS001H0408F0408|52UZPE01152001T52MT02EBS001H040852UZPE01152001T52MT02EBS001H0408F0408CC5206090
3|982|DIEGO|FELIPE|JOJOA|PEJENDINO|CC|1004437773|2000-11-17|1|2|6|9998|3|1||7|07|||8|69.0|174|||2||||||||||||52UZPE01152001T52MT02EBS001H041052UZPE01152001T52MT02EBS001H0410F0410|52UZPE01152001T52MT02EBS001H041052UZPE01152001T52MT02EBS001H0410F0410CC1004437773
3|983|IGNACIO|JUAN|PADILLA|CAICEDO|CC|19447412|1961-08-22|1|2|6|9510|3|2||3|07|||8|82.0|165|||2||||||||||||52UZPE01152001T52MT02EBS001H041252UZPE01152001T52MT02EBS001H0412F0412|52UZPE01152001T52MT02EBS001H041252UZPE01152001T52MT02EBS001H0412F0412CC19447412
3|984|JAIME|JESUS|PIANDOY|JOJOA|CC|98395640|1974-12-18|1|2|6|5169|3|1||7|07|||8|70.0|172|||2||||||||||||52UZPE01152001T52MT02EBS001H041152UZPE01152001T52MT02EBS001H0411F0411|52UZPE01152001T52MT02EBS001H041152UZPE01152001T52MT02EBS001H0411F0411CC98395640
3|985|JHON|NEIDER|JOSA|MALLAMA|CC|1085337553|1997-11-22|1|2|6|5169|3|1||7|07|||8|70.0|172|||2||||||||||||52UZPE01152001T52MT02EBS001H041152UZPE01152001T52MT02EBS001H0411F0411|52UZPE01152001T52MT02EBS001H041152UZPE01152001T52MT02EBS001H0411F0411CC1085337553
3|986|FREDY|ALEXANDER|BOTINA|PEJENDINO|CC|1085331607|1996-07-10|1|2|6|9510|3|1||7|07|||8|67.0|166|||2||||||||||||52UZPE01152001T52MT02EBS001H041352UZPE01152001T52MT02EBS001H0413F0413|52UZPE01152001T52MT02EBS001H041352UZPE01152001T52MT02EBS001H0413F0413CC1085331607
3|987|PABLO|EMILIO|INSANDARA|JOJOA|CC|1085296599|1992-05-18|1|2|6|9510|3|1||7|07|||8|68.0|171|||2||||||||||||52UZPE01152001T52MT02EBS001H041452UZPE01152001T52MT02EBS001H0414F0414|52UZPE01152001T52MT02EBS001H041452UZPE01152001T52MT02EBS001H0414F0414CC1085296599
3|988|YEFERSON|DANIEL|INSANDARA|BOTINA|TI|1085301698|2010-12-19|1|2|6|9998|3|1||1|07|||8|50.0|155|||2||||||||||||52UZPE01152001T52MT02EBS001H041452UZPE01152001T52MT02EBS001H0414F0414|52UZPE01152001T52MT02EBS001H041452UZPE01152001T52MT02EBS001H0414F0414TI1085301698
3|989|EDWIN|SANTIAGO|INSANDARA|BOTINA|TI|1084194505|2009-04-15|1|2|6|9998|3|1||1|07|||8|1.5|160|||2||||||||||||52UZPE01152001T52MT02EBS001H041452UZPE01152001T52MT02EBS001H0414F0414|52UZPE01152001T52MT02EBS001H041452UZPE01152001T52MT02EBS001H0414F0414TI1084194505
3|990|ERVIN|ARBEY|VALLEJO|PEJENDINO|CC|1149189403|1998-04-08|1|2|6|9510|3|5||7|07|||8|60.0|160|||2||||||||||||52UZPE01152001T52MT02EBS001H041552UZPE01152001T52MT02EBS001H0415F0415|52UZPE01152001T52MT02EBS001H041552UZPE01152001T52MT02EBS001H0415F0415CC1149189403
3|991|BLANCA|MARINA|LOPEZ|BOTINA|CC|12086699|1960-02-09|2|2|6|9998|3|1||3|07|||2|60.0|156|||2||||||||||||52UZPE01152001T52MT02EBS001H041652UZPE01152001T52MT02EBS001H0416F0416|52UZPE01152001T52MT02EBS001H041652UZPE01152001T52MT02EBS001H0416F0416CC12086699
3|992|AGUSTIN|CONSTANTINO|ZAMBRANO|ZAMBRANO|CC|12971482|1953-08-28|1|2|6|9510|3|1||3|07|||8|80.0|178|||2||||||||||||52UZPE01152001T52MT02EBS001H041652UZPE01152001T52MT02EBS001H0416F0416|52UZPE01152001T52MT02EBS001H041652UZPE01152001T52MT02EBS001H0416F0416CC12971482
3|993|DARY|NOHEMY|ZAMBRANO|LOPEZ|CC|2000006824|1998-08-04|2|2|6|9998|3|1||7|07|||8|58.0|159|||2||||||||||||52UZPE01152001T52MT02EBS001H041652UZPE01152001T52MT02EBS001H0416F0416|52UZPE01152001T52MT02EBS001H041652UZPE01152001T52MT02EBS001H0416F0416CC2000006824
3|994|LEONEL|ALBEIRO|ZAMBRANO|LOPEZ|CC|1233193527|1994-05-28|1|2|6|9510|3|1||7|07|||8|70.0|178|||2||||||||||||52UZPE01152001T52MT02EBS001H041652UZPE01152001T52MT02EBS001H0416F0416|52UZPE01152001T52MT02EBS001H041652UZPE01152001T52MT02EBS001H0416F0416CC1233193527
3|995|LAURO|LAURO|PEJENDINO|PEJENDINO|CC|5206034|1949-11-18|1|2|6|5169|3|1||3|07|||8|68.0|170|||2||||||||||||52UZPE01152001T52MT02EBS001H041752UZPE01152001T52MT02EBS001H0417F0417|52UZPE01152001T52MT02EBS001H041752UZPE01152001T52MT02EBS001H0417F0417CC5206034
3|996|PEDRO|EMILIO|PEJENDINO|LOPEZ|CC|1085258242|1986-10-04|1|2|6|5169|3|1||7|07|||8|67.0|165|||2||||||||||||52UZPE01152001T52MT02EBS001H041752UZPE01152001T52MT02EBS001H0417F0417|52UZPE01152001T52MT02EBS001H041752UZPE01152001T52MT02EBS001H0417F0417CC1085258242
3|997|LUIS|FELIPE|JOJOA|MATABANCHOY|CC|1804447|1948-08-15|1|2|6|5169|3|1||3|07|||8|64.0|160|||2||||||||||||52UZPE01152001T52MT02EBS001H041852UZPE01152001T52MT02EBS001H0418F0418|52UZPE01152001T52MT02EBS001H041852UZPE01152001T52MT02EBS001H0418F0418CC1804447
3|998|ROBINSON|FERNEY|MIRAMAG|VILLOTA|TI|1084194448|2008-08-14|1|2|6|9998|3|1||1|07|||8|63.0|160|||2||||||||||||52UZPE01152001T52MT02EBS001H041952UZPE01152001T52MT02EBS001H0419F0419|52UZPE01152001T52MT02EBS001H041952UZPE01152001T52MT02EBS001H0419F0419TI1084194448
3|999|JESUS|EVELIO|MIRAMAG|CARDENAS|CC|98382638|1970-04-08|1|2|6|5169|3|1||7|07|||8|70.0|165|||2||||||||||||52UZPE01152001T52MT02EBS001H041952UZPE01152001T52MT02EBS001H0419F0419|52UZPE01152001T52MT02EBS001H041952UZPE01152001T52MT02EBS001H0419F0419CC98382638
3|1000|ARTEMIO|HUMBERTO|MIRAMAG|CRIOLLO|CC|12958741|1952-12-13|1|2|6|5169|3|1||3|07|||8|63.0|160|||2||||||||||||52UZPE01152001T52MT02EBS001H042052UZPE01152001T52MT02EBS001H0420F0420|52UZPE01152001T52MT02EBS001H042052UZPE01152001T52MT02EBS001H0420F0420CC12958741
3|1001|FREDY|ARIZMENDI|MIRAMAG|JOJOA|CC|12745335|1974-08-25|1|2|6|5169|3|1||7|07|||8|60.0|157|||2||||||||||||52UZPE01152001T52MT02EBS001H042052UZPE01152001T52MT02EBS001H0420F0420|52UZPE01152001T52MT02EBS001H042052UZPE01152001T52MT02EBS001H0420F0420CC12745335
3|1002|LIVIO|ARMANDO|VALLEJO|PEJENDINO|CC|87068580|1980-01-03|1|2|6|9998|3|1||7|07|||8|78.0|167|||2||||||||||||52UZPE01152001T52MT02EBS001H042152UZPE01152001T52MT02EBS001H0421F0421|52UZPE01152001T52MT02EBS001H042152UZPE01152001T52MT02EBS001H0421F0421CC87068580
3|1003|ROSALBA|NOREFIERE|JOJOA|JOSA|CC|27086468|1944-03-18|2|2|6|9510|3|1||3|07|||8|70.0|152|||2||||||||||||52UZPE01152001T52MT02EBS001H042252UZPE01152001T52MT02EBS001H0422F0422|52UZPE01152001T52MT02EBS001H042252UZPE01152001T52MT02EBS001H0422F0422CC27086468
3|1004|OLGA|IRMA|PEGENDINO|BOTINA|CC|30733687|1965-01-29|2|2|6|9998|3|5||7|07|||8|58.0|155|||2||||||||||||52UZPE01152001T52MT02EBS001H042352UZPE01152001T52MT02EBS001H0423F0423|52UZPE01152001T52MT02EBS001H042352UZPE01152001T52MT02EBS001H0423F0423CC30733687
3|1005|JOSE|ANTONIO|MALLAMA|POTOSI|CC|1804488|1950-07-22|1|2|6|9998|3|1||3|07|||1|76.0|170|||2||||||||||||52UZPE01152001T52MT02EBS001H042452UZPE01152001T52MT02EBS001H0424F0424|52UZPE01152001T52MT02EBS001H042452UZPE01152001T52MT02EBS001H0424F0424CC1804488
3|1006|JUVER|REINEL|JOSA|JOSA|CC|1085279826|1988-12-17|1|2|6|9510|3|1||7|07|||8|58.0|155|||2||||||||||||52UZPE01152001T52MT02EBS001H042552UZPE01152001T52MT02EBS001H0425F0425|52UZPE01152001T52MT02EBS001H042552UZPE01152001T52MT02EBS001H0425F0425CC1085279826
3|1007|DIANA|LISSETH|CRUZ|MALLAMA|CC|1085245961|1986-01-03|2|2|6|9998|3|1||7|07|||8|56.0|148|||2||||||||||||52UZPE01152001T52MT02EBS001H042552UZPE01152001T52MT02EBS001H0425F0425|52UZPE01152001T52MT02EBS001H042552UZPE01152001T52MT02EBS001H0425F0425CC1085245961
3|1008|BRIGGITY|JULIANA|JOSA|CRUZ|TI|1084194639|2010-11-26|1|2|6|9998|3|1||1|07|||8|39.0|145|||2||||||||||||52UZPE01152001T52MT02EBS001H042552UZPE01152001T52MT02EBS001H0425F0425|52UZPE01152001T52MT02EBS001H042552UZPE01152001T52MT02EBS001H0425F0425TI1084194639
3|1009|DANA|BELEN|JOSA|CRUZ|TI|1084194923|2014-07-07|2|2|6|9998|3|1||8|07|||8|28.0|130|||2||||||||||||52UZPE01152001T52MT02EBS001H042552UZPE01152001T52MT02EBS001H0425F0425|52UZPE01152001T52MT02EBS001H042552UZPE01152001T52MT02EBS001H0425F0425TI1084194923
3|1010|JANEIRA|DANIELA|JOSA|CRUZ|CC|1084194231|2006-05-05|2|2|6|9998|3|1||7|07|||8|50.0|151|||2||||||||||||52UZPE01152001T52MT02EBS001H042552UZPE01152001T52MT02EBS001H0425F0425|52UZPE01152001T52MT02EBS001H042552UZPE01152001T52MT02EBS001H0425F0425CC1084194231
3|1011|BENILDA|NA|JOSA|MATABANCHOY|CC|30719193|1960-12-01|2|2|6|9998|3|1||3|07|||8|52.0|146|||2||||||||||||52UZPE01152001T52MT02EBS001H042852UZPE01152001T52MT02EBS001H0428F0428|52UZPE01152001T52MT02EBS001H042852UZPE01152001T52MT02EBS001H0428F0428CC30719193
3|1012|GUILLERMO|ARTURO|BOTINA|MONCAYO|CC|5206196|1962-07-05|1|2|6|9510|3|1||3|07|||8|62.0|160|||2||||||||||||52UZPE01152001T52MT02EBS001H042652UZPE01152001T52MT02EBS001H0426F0426|52UZPE01152001T52MT02EBS001H042652UZPE01152001T52MT02EBS001H0426F0426CC5206196
3|1013|DORIS|BEATRIZ|JOSA|MIRAMA|CC|27086806|1963-05-20|2|2|6|9998|3|1||3|07|||8|55.0|155|||2||||||||||||52UZPE01152001T52MT02EBS001H042652UZPE01152001T52MT02EBS001H0426F0426|52UZPE01152001T52MT02EBS001H042652UZPE01152001T52MT02EBS001H0426F0426CC27086806
3|1014|FREYDY|ARTURO|BOTINA|JOSA|CC|1085288316|1991-01-20|1|2|6|9510|3|1||7|07|||8|60.0|164|||2||||||||||||52UZPE01152001T52MT02EBS001H042752UZPE01152001T52MT02EBS001H0427F0427|52UZPE01152001T52MT02EBS001H042752UZPE01152001T52MT02EBS001H0427F0427CC1085288316
3|1015|CELIMO|HERMANDO|BOTINA|VALLEJO|CC|5206126|1959-12-10|1|2|6|9998|3|1||3|07|||3|67.0|167|||2||||||||||||52UZPE01152001T52MT02EBS001H043052UZPE01152001T52MT02EBS001H0430F0430|52UZPE01152001T52MT02EBS001H043052UZPE01152001T52MT02EBS001H0430F0430CC5206126
3|1016|DIANA|PATRICIA|JOSA|CUAICUAL|CC|1085289466|1990-11-24|2|2|6|9510|3|1||7|07|||8|55.0|156|||2||||||||||||52UZPE01152001T52MT02EBS001H043152UZPE01152001T52MT02EBS001H0431F0431|52UZPE01152001T52MT02EBS001H043152UZPE01152001T52MT02EBS001H0431F0431CC1085289466
3|1017|MILTON|EDUARDO|BUESAQUILLO|LOPEZ|CC|1085268922|1988-03-27|1|2|6|9510|3|1||7|07|||8|63.0|172|||2||||||||||||52UZPE01152001T52MT02EBS001H043152UZPE01152001T52MT02EBS001H0431F0431|52UZPE01152001T52MT02EBS001H043152UZPE01152001T52MT02EBS001H0431F0431CC1085268922
3|1018|INGRID|LORENA|BUESAQUILLO|JOSA|TI|1084194686|2011-07-28|2|2|6|9998|3|1||1|07|||8|45.0|150|||2||||||||||||52UZPE01152001T52MT02EBS001H043152UZPE01152001T52MT02EBS001H0431F0431|52UZPE01152001T52MT02EBS001H043152UZPE01152001T52MT02EBS001H0431F0431TI1084194686
3|1019|ALEJANDRA|ELIZABETH|MALLAMA|CARDENAS|CC|1085337203|1997-10-22|2|2|6|9998|3|1||7|07|||8|56.0|152|||2||||||||||||52UZPE01152001T52MT02EBS001H043252UZPE01152001T52MT02EBS001H0432F0432|52UZPE01152001T52MT02EBS001H043252UZPE01152001T52MT02EBS001H0432F0432CC1085337203
3|1020|BENIGNO|MANUEL|ALMAZA|ORTIZ|CC|1067092182|1985-03-20|1|2|6|9510|3|1||7|07|||8|63.0|165|||2||||||||||||52UZPE01152001T52MT02EBS001H043252UZPE01152001T52MT02EBS001H0432F0432|52UZPE01152001T52MT02EBS001H043252UZPE01152001T52MT02EBS001H0432F0432CC1067092182
3|1021|DULCE|MARIA|GUEVARA|MALLAMA|TI|1081285952|2016-09-04|2|2|6|9998|3|1||8|07|||8|22.0|129|||2||||||||||||52UZPE01152001T52MT02EBS001H043252UZPE01152001T52MT02EBS001H0432F0432|52UZPE01152001T52MT02EBS001H043252UZPE01152001T52MT02EBS001H0432F0432TI1081285952
3|1022|ROSA|MARIA|MIRAM|JOJOA|CC|36953627|1979-02-27|2|2|6|9998|3|1||7|07|||8|55.0|154|||2||||||||||||52UZPE01152001T52MT02EBS001H043352UZPE01152001T52MT02EBS001H0433F0433|52UZPE01152001T52MT02EBS001H043352UZPE01152001T52MT02EBS001H0433F0433CC36953627
3|1023|ROSA|MARIA|MIRAMAG|JOJOA|CC|36953057|1979-02-21|2|2|6|9998|3|1||7|07|||8|55.0|153|||2||||||||||||52UZPE01152001T52MT02EBS001H043352UZPE01152001T52MT02EBS001H0433F0433|52UZPE01152001T52MT02EBS001H043352UZPE01152001T52MT02EBS001H0433F0433CC36953057
3|1024|RUTH|YOLANDA|LOPEZ|PEJENDINO|CC|59817711|1971-08-09|2|2|6|9998|3|2||7|07|||8|81.0|175|||2||||||||||||52UZPE01152001T52MT02EBS001H043452UZPE01152001T52MT02EBS001H0434F0434|52UZPE01152001T52MT02EBS001H043452UZPE01152001T52MT02EBS001H0434F0434CC59817711
3|1025|MARIA|JULIA|PEJENDINO|DELOPEZ|CC|27086408|1941-03-03|2|2|6|9998|3|2||3|07|||2|63.0|150|||2||||||||||||52UZPE01152001T52MT02EBS001H043452UZPE01152001T52MT02EBS001H0434F0434|52UZPE01152001T52MT02EBS001H043452UZPE01152001T52MT02EBS001H0434F0434CC27086408
3|1026|LUZ|MARINA|JOSA|LOPEZ|CC|27086754|1959-05-01|2|2|6|9998|3|2||3|07|||8|63.0|145|||2||||||||||||52UZPE01152001T52MT02EBS001H043552UZPE01152001T52MT02EBS001H0435F0435|52UZPE01152001T52MT02EBS001H043552UZPE01152001T52MT02EBS001H0435F0435CC27086754
3|1027|TEODORO|NOAPLICA|JOSA|MATABANCHOY|CC|5206111|1958-01-10|1|2|6|9510|3|2||3|07|||8|64.0|158|||2||||||||||||52UZPE01152001T52MT02EBS001H043552UZPE01152001T52MT02EBS001H0435F0435|52UZPE01152001T52MT02EBS001H043552UZPE01152001T52MT02EBS001H0435F0435CC5206111
3|1028|JOSE|ENRIQUE|PIANDOY|JOJOA|CC|12955378|1950-10-14|1|2|6|9999|3|1||3|07|||8|65.0|163|||2||||||||||||52UZPE01152001T52MT02EBS001H043852UZPE01152001T52MT02EBS001H0438F0438|52UZPE01152001T52MT02EBS001H043852UZPE01152001T52MT02EBS001H0438F0438CC12955378
3|1029|HAROLD|SANTIAGO|JOJOA|PIANDOY|TI|1084194573|2009-12-20|1|2|6|9998|3|1||1|07|||8|48.0|150|||2||||||||||||52UZPE01152001T52MT02EBS001H043952UZPE01152001T52MT02EBS001H0439F0439|52UZPE01152001T52MT02EBS001H043952UZPE01152001T52MT02EBS001H0439F0439TI1084194573
3|1030|ANDREA|CAROLINA|JOJOA|PIANDOY|TI|1084194321|2007-04-26|2|2|6|9998|3|1||1|07|||8|58.0|155|||2||||||||||||52UZPE01152001T52MT02EBS001H043952UZPE01152001T52MT02EBS001H0439F0439|52UZPE01152001T52MT02EBS001H043952UZPE01152001T52MT02EBS001H0439F0439TI1084194321
3|1031|NELY|ESPERANZA|PIA|JOJOA|CC|1085309495|1993-09-27|2|2|6|5169|3|1||7|07|||8|55.0|151|||2||||||||||||52UZPE01152001T52MT02EBS001H044052UZPE01152001T52MT02EBS001H0440F0440|52UZPE01152001T52MT02EBS001H044052UZPE01152001T52MT02EBS001H0440F0440CC1085309495
3|1032|JESUS|EFREN|PIANDOY|JOJOA|CC|1149189400|1982-09-18|1|2|6|5169|3|1||7|07|||8|65.0|161|||2||||||||||||52UZPE01152001T52MT02EBS001H044052UZPE01152001T52MT02EBS001H0440F0440|52UZPE01152001T52MT02EBS001H044052UZPE01152001T52MT02EBS001H0440F0440CC1149189400
3|1033|BLANCA|LIDIA|MALLAMA|POTOSI|CC|30713199|1959-06-28|2|2|6|9998|3|1||3|07|||8|50.0|150|||2||||||||||||52UZPE01152001T52MT02EBS001H044152UZPE01152001T52MT02EBS001H0441F0441|52UZPE01152001T52MT02EBS001H044152UZPE01152001T52MT02EBS001H0441F0441CC30713199
3|1034|HOMERO|RUBALDINO|JOSA|LOPEZ|CC|98388225|1965-11-13|1|2|6|9999|3|1||7|07|||8|60.0|160|||2||||||||||||52UZPE01152001T52MT02EBS001H044152UZPE01152001T52MT02EBS001H0441F0441|52UZPE01152001T52MT02EBS001H044152UZPE01152001T52MT02EBS001H0441F0441CC98388225
3|1035|JUAN|MANUEL|JOSA|MALLAMA|TI|1084194933|2014-08-04|1|2|6|9998|3|1||8|07|||8|35.0|142|||2||||||||||||52UZPE01152001T52MT02EBS001H044252UZPE01152001T52MT02EBS001H0442F0442|52UZPE01152001T52MT02EBS001H044252UZPE01152001T52MT02EBS001H0442F0442TI1084194933
3|1036|RUTH|LILIANA|JOSA|MALLAMA|CC|1233188710|1997-02-15|2|2|6|9998|3|1||7|07|||8|69.0|154|||2||||||||||||52UZPE01152001T52MT02EBS001H044252UZPE01152001T52MT02EBS001H0442F0442|52UZPE01152001T52MT02EBS001H044252UZPE01152001T52MT02EBS001H0442F0442CC1233188710
3|1037|CRISTIAN|ANDREY|NARVAEZ|JOSA|RC|1084195342|2020-10-26|1|2|6|9998|3|1||8|07|||8|||||2||||||||||||52UZPE01152001T52MT02EBS001H044252UZPE01152001T52MT02EBS001H0442F0442|52UZPE01152001T52MT02EBS001H044252UZPE01152001T52MT02EBS001H0442F0442RC1084195342
3|1038|JOSE|NOREFIERE|JACANAMIJOY|JANSASOY|CC|1804294|1936-11-14|1|2|6|9998|3|2||3|07|||1|65.0|162|||2||||||||||||52UZPE01152001T52MT02EBS001H044352UZPE01152001T52MT02EBS001H0443F0443|52UZPE01152001T52MT02EBS001H044352UZPE01152001T52MT02EBS001H0443F0443CC1804294
3|1039|MARIA|MERCEDES|CABRERA|DEJACANAMIJOY|CC|27086403|1940-12-31|2|2|6|9998|3|1||3|07|||8|47.0|150|||2||||||||||||52UZPE01152001T52MT02EBS001H044352UZPE01152001T52MT02EBS001H0443F0443|52UZPE01152001T52MT02EBS001H044352UZPE01152001T52MT02EBS001H0443F0443CC27086403
3|1040|JORGE|HERNANDO|JACANAMIJOY|CABRERA|CC|12752537|1982-08-13|1|2|6|9510|3|1||4|07|||1|55.0|158|||2||||||||||||52UZPE01152001T52MT02EBS001H044452UZPE01152001T52MT02EBS001H0444F0444|52UZPE01152001T52MT02EBS001H044452UZPE01152001T52MT02EBS001H0444F0444CC12752537
3|1041|YOANA|MARIA|BOTINA|JACANAMIJOY|CC|1026269765|1989-12-03|2|2|6|9998|3|5||7|07|||8|67.0|163|||2||||||||||||52UZPE01152001T52MT02EBS001H044552UZPE01152001T52MT02EBS001H0445F0445|52UZPE01152001T52MT02EBS001H044552UZPE01152001T52MT02EBS001H0445F0445CC1026269765
3|1042|KAREN|BRIYITH|USAMA|BOTINA|TI|1080696782|2011-06-06|2|2|6|9998|3|5||1|07|||8|47.0|153|||2||||||||||||52UZPE01152001T52MT02EBS001H044552UZPE01152001T52MT02EBS001H0445F0445|52UZPE01152001T52MT02EBS001H044552UZPE01152001T52MT02EBS001H0445F0445TI1080696782
3|1043|MATHIAS|NINGUNO|USAMA|BOTINA|TI|1080704449|2017-10-30|1|2|6|9998|3|5||8|07|||8|28.0|121|||2||||||||||||52UZPE01152001T52MT02EBS001H044552UZPE01152001T52MT02EBS001H0445F0445|52UZPE01152001T52MT02EBS001H044552UZPE01152001T52MT02EBS001H0445F0445TI1080704449
3|1044|MARINA|HORTENCIA|JACANAMIJOY|CABRERA|CC|30729440|1965-08-01|2|2|6|9998|3|1||7|07|||8|54.0|155|||2||||||||||||52UZPE01152001T52MT02EBS001H044652UZPE01152001T52MT02EBS001H0446F0446|52UZPE01152001T52MT02EBS001H044652UZPE01152001T52MT02EBS001H0446F0446CC30729440
3|1045|DAVID|OSWALDO|MONTENEGRO|JACANAMIJOY|CC|1004135689|2003-09-13|1|2|6|9510|3|5||7|07|||8|67.0|173|||2||||||||||||52UZPE01152001T52MT02EBS001H044652UZPE01152001T52MT02EBS001H0446F0446|52UZPE01152001T52MT02EBS001H044652UZPE01152001T52MT02EBS001H0446F0446CC1004135689
3|1046|OSCAR|ANIBAL|MONTENEGRO|JACANAMIJOY|CC|1124865726|1998-04-15|1|2|6|9998|3|1||7|07|||8|61.0|166|||2||||||||||||52UZPE01152001T52MT02EBS001H044652UZPE01152001T52MT02EBS001H0446F0446|52UZPE01152001T52MT02EBS001H044652UZPE01152001T52MT02EBS001H0446F0446CC1124865726
3|1047|LUIS|ALBERTO|INSANDARA|NOAPLICA|CC|5197838|1930-07-27|1|2|6|9998|3|1||3|07|||8|63.0|150|||2||||||||||||52UZPE01152001T52MT02EBS001H044752UZPE01152001T52MT02EBS001H0447F0447|52UZPE01152001T52MT02EBS001H044752UZPE01152001T52MT02EBS001H0447F0447CC5197838
3|1048|SIMON|BOLIVAR|VALLEJO|BOTINA|CC|1804489|1946-12-31|1|2|6|9510|3|1||3|07|||8|72.0|165|||2||||||||||||52UZPE01152001T52MT02EBS001H044852UZPE01152001T52MT02EBS001H0448F0448|52UZPE01152001T52MT02EBS001H044852UZPE01152001T52MT02EBS001H0448F0448CC1804489
3|1049|MARIA|VERONICA|JOSA|VALLEJO|TI|1084194947|2014-09-20|2|2|6|9998|3|1||8|07|||8|36.0|135|||2||||||||||||52UZPE01152001T52MT02EBS001H044952UZPE01152001T52MT02EBS001H0449F0449|52UZPE01152001T52MT02EBS001H044952UZPE01152001T52MT02EBS001H0449F0449TI1084194947
3|1050|NIDIA|EDILMA|VALLEJOS|PEJENDINO|CC|36753794|1979-07-02|2|2|6|9998|3|1||7|07|||8|67.0|151|||2||||||||||||52UZPE01152001T52MT02EBS001H044952UZPE01152001T52MT02EBS001H0449F0449|52UZPE01152001T52MT02EBS001H044952UZPE01152001T52MT02EBS001H0449F0449CC36753794
3|1051|BACNER|LIBARDO|JOSA|JOSA|CC|12749842|1979-10-01|1|2|6|9510|3|1||7|07|||8|58.0|155|||2||||||||||||52UZPE01152001T52MT02EBS001H044952UZPE01152001T52MT02EBS001H0449F0449|52UZPE01152001T52MT02EBS001H044952UZPE01152001T52MT02EBS001H0449F0449CC12749842
3|1052|JONATHAN|CAMILO|JOSA|VALLEJO|TI|1084194516|2009-05-02|1|2|6|9998|3|1||1|07|||8|45.0|150|||2||||||||||||52UZPE01152001T52MT02EBS001H044952UZPE01152001T52MT02EBS001H0449F0449|52UZPE01152001T52MT02EBS001H044952UZPE01152001T52MT02EBS001H0449F0449TI1084194516
3|1053|NELCY|MARGARITA|JOJOA|GUERRERO|CC|59823467|1973-01-28|2|2|6|5169|3|2||7|07|||8|56.0|158|||2||||||||||||52UZPE01152001T52MT02EBS001H045052UZPE01152001T52MT02EBS001H0450F0450|52UZPE01152001T52MT02EBS001H045052UZPE01152001T52MT02EBS001H0450F0450CC59823467
3|1054|JESSICA|JOHANA|CUAYCUAN|JOJOA|CC|1085341350|1998-07-24|2|2|6|9998|3|1||7|07|||8|33.0|134|||2||||||||||||52UZPE01152001T52MT02EBS001H045052UZPE01152001T52MT02EBS001H0450F0450|52UZPE01152001T52MT02EBS001H045052UZPE01152001T52MT02EBS001H0450F0450CC1085341350
3|1055|CARLOS|ANDRES|JOSA|VILLOTA|CC|87070456|1981-05-24|1|2|6|9510|3|1||6|07|||8|66.0|168|||2||||||||||||52UZPE01152001T52MT02EBS001H001352UZPE01152001T52MT02EBS001H0013F0013|52UZPE01152001T52MT02EBS001H001352UZPE01152001T52MT02EBS001H0013F0013CC87070456
3|1056|JOSE|ROBERTO|JOSA|JOJOA|CC|12954549|1950-06-25|1|2|6|9510|3|1||3|07|||8|80.0|182|||2||||||||||||52UZPE01152001T52MT02EBS001H045152UZPE01152001T52MT02EBS001H0451F0451|52UZPE01152001T52MT02EBS001H045152UZPE01152001T52MT02EBS001H0451F0451CC12954549
3|1057|BLANCA|OMAIRA|CABRERA|CHAUCANEZ|CC|1087006497|1988-03-26|2|2|6|9998|3|1||7|07|||8|60.0|165|||2||||||||||||52UZPE01152001T52MT02EBS001H045252UZPE01152001T52MT02EBS001H0452F0452|52UZPE01152001T52MT02EBS001H045252UZPE01152001T52MT02EBS001H0452F0452CC1087006497
3|1058|JHONER|DARIO|VELASCO|CABRERA|TI|1087006728|2007-05-01|1|2|6|9998|3|1||1|07|||8|68.0|168|||2||||||||||||52UZPE01152001T52MT02EBS001H045252UZPE01152001T52MT02EBS001H0452F0452|52UZPE01152001T52MT02EBS001H045252UZPE01152001T52MT02EBS001H0452F0452TI1087006728
3|1059|LUIS|ORLANDO|ALMEIDA|USAMAG|CC|1084194115|1973-03-11|1|2|6|9510|3|1||7|07|||8|55.0|160|||2||||||||||||52UZPE01152001T52MT02EBS001H045352UZPE01152001T52MT02EBS001H0453F0453|52UZPE01152001T52MT02EBS001H045352UZPE01152001T52MT02EBS001H0453F0453CC1084194115
3|1060|JOSE|BERNARDO|MENESES|USAMA|CC|12754480|1968-06-22|1|2|6|9510|3|1||4|07|||3|55.0|152|||2||||||||||||52UZPE01152001T52MT02EBS001H045452UZPE01152001T52MT02EBS001H0454F0454|52UZPE01152001T52MT02EBS001H045452UZPE01152001T52MT02EBS001H0454F0454CC12754480
3|1061|ULPIANO|NA|MENESES|NA|CC|1804274|1940-08-22|1|2|6|9510|3|1||3|07|||8|48.0|148|||2||||||||||||52UZPE01152001T52MT02EBS001H045452UZPE01152001T52MT02EBS001H0454F0454|52UZPE01152001T52MT02EBS001H045452UZPE01152001T52MT02EBS001H0454F0454CC1804274
3|1062|PABLO|ANTONIO|MALLAMA|CARDENAS|CC|98383689|1972-01-02|1|2|6|9510|3|1||7|07|||8|16.5|65|||2||||||||||||52UZPE01152001T52MT02EBS001H045552UZPE01152001T52MT02EBS001H0455F0455|52UZPE01152001T52MT02EBS001H045552UZPE01152001T52MT02EBS001H0455F0455CC98383689
3|1063|JULIETH|ESTEFANIA|MALLAMA|BOTINA|CC|1080690182|2004-01-19|2|2|6|9998|3|1||7|07|||8|57.0|151|||2||||||||||||52UZPE01152001T52MT02EBS001H045552UZPE01152001T52MT02EBS001H0455F0455|52UZPE01152001T52MT02EBS001H045552UZPE01152001T52MT02EBS001H0455F0455CC1080690182
3|1064|EVELYN|CAROLINA|MALLAMA|BOTINA|CC|1084194185|2006-06-08|2|2|6|9998|3|1||7|07|||8|40.0|146|||2||||||||||||52UZPE01152001T52MT02EBS001H045552UZPE01152001T52MT02EBS001H0455F0455|52UZPE01152001T52MT02EBS001H045552UZPE01152001T52MT02EBS001H0455F0455CC1084194185
3|1065|LIDIA|BEATRIZ|BOTINA|JOSA|CC|27091113|1979-12-21|2|2|6|9510|3|1||7|07|||8|60.0|146|||2||||||||||||52UZPE01152001T52MT02EBS001H045552UZPE01152001T52MT02EBS001H0455F0455|52UZPE01152001T52MT02EBS001H045552UZPE01152001T52MT02EBS001H0455F0455CC27091113
3|1066|ROSA|IRENE|GUEVARA|PRADO|CC|27086534|1946-02-25|2|2|6|9998|3|1||3|07|||8|50.0|145|||2||||||||||||52UZPE01152001T52MT02EBS001H045652UZPE01152001T52MT02EBS001H0456F0456|52UZPE01152001T52MT02EBS001H045652UZPE01152001T52MT02EBS001H0456F0456CC27086534
3|1067|JENIFER|DANIELA|JOJOA|PEJENDINO|TI|1084194358|2012-10-09|2|2|6|9998|3|2||1|07|||8|64.0|160|||2||||||||||||52UZPE01152001T52MT02EBS001H045752UZPE01152001T52MT02EBS001H0457F0457|52UZPE01152001T52MT02EBS001H045752UZPE01152001T52MT02EBS001H0457F0457TI1084194358
3|1068|ROBERT|WILSON|JOJOA|GUEVARA|CC|1085268306|1988-10-17|1|2|6|5169|3|2||7|07|||8|75.0|170|||2||||||||||||52UZPE01152001T52MT02EBS001H045752UZPE01152001T52MT02EBS001H0457F0457|52UZPE01152001T52MT02EBS001H045752UZPE01152001T52MT02EBS001H0457F0457CC1085268306
3|1069|JHONATHAN|SEBASTIAN|JOJOA|PEJENDINO|TI|1084194727|2012-01-23|1|2|6|9998|3|2||1|07|||8|1.5|150|||2||||||||||||52UZPE01152001T52MT02EBS001H045752UZPE01152001T52MT02EBS001H0457F0457|52UZPE01152001T52MT02EBS001H045752UZPE01152001T52MT02EBS001H0457F0457TI1084194727
3|1070|JESUS|HERNAN|LOPEZ|ROSERO|CC|1087046533|1987-04-17|1|2|6|9510|3|2||7|07|||8|75.0|180|||2||||||||||||52UZPE01152001T52MT02EBS001H045852UZPE01152001T52MT02EBS001H0458F0458|52UZPE01152001T52MT02EBS001H045852UZPE01152001T52MT02EBS001H0458F0458CC1087046533
3|1071|KATHERINE|ALEJANDRA|MIRAMAG|JOJOA|TI|1084195110|2016-12-25|2|2|6|9998|3|1||8|07|||8|25.0|118|||2||||||||||||52UZPE01152001T52MT02EBS001H045952UZPE01152001T52MT02EBS001H0459F0459|52UZPE01152001T52MT02EBS001H045952UZPE01152001T52MT02EBS001H0459F0459TI1084195110
3|1072|JENH|WUALDO|MIRAMAG|JOSA|CC|87063606|1982-10-01|1|2|6|5169|3|1||7|07|||8|60.0|157|||2||||||||||||52UZPE01152001T52MT02EBS001H045952UZPE01152001T52MT02EBS001H0459F0459|52UZPE01152001T52MT02EBS001H045952UZPE01152001T52MT02EBS001H0459F0459CC87063606
3|1073|YEHIDAN|ADRIAN|MIRAMAG|JOJOA|RC|1084195398|2022-01-18|1|2|6|9998|3|1||8|07|||8|||||2||||||||||||52UZPE01152001T52MT02EBS001H046052UZPE01152001T52MT02EBS001H0460F0460|52UZPE01152001T52MT02EBS001H046052UZPE01152001T52MT02EBS001H0460F0460RC1084195398
3|1074|VALERY|GABRIELA|TORRES|ERAZO|TI|1080700501|2014-09-18|2|2|6|9998|3|1||8|07|||8|22.0|120|||2||||||||||||52UZPE01152001T52MT02EBS001H001452UZPE01152001T52MT02EBS001H0014F0014|52UZPE01152001T52MT02EBS001H001452UZPE01152001T52MT02EBS001H0014F0014TI1080700501
3|1075|JHON|JAIRO|TORRES|RAMIREZ|CC|87066092|1983-11-10|1|2|6|5169|3|2||7|07|||8|72.0|169|||2||||||||||||52UZPE01152001T52MT02EBS001H001452UZPE01152001T52MT02EBS001H0014F0014|52UZPE01152001T52MT02EBS001H001452UZPE01152001T52MT02EBS001H0014F0014CC87066092
3|1076|DORIS|DELCARMEN|ERAZO|ERAZO|CC|1085253270|1985-11-11|2|2|6|9998|3|1||7|07|||8|48.0|141|||2||||||||||||52UZPE01152001T52MT02EBS001H001452UZPE01152001T52MT02EBS001H0014F0014|52UZPE01152001T52MT02EBS001H001452UZPE01152001T52MT02EBS001H0014F0014CC1085253270
3|1077|JORGE|ISIDRO|MUESES|JOJOA|CC|1804346|1946-04-30|1|2|6|9510|3|1||3|07|||2|68.0|170|||2||||||||||||52UZPE01152001T52MT02EBS001H046152UZPE01152001T52MT02EBS001H0461F0461|52UZPE01152001T52MT02EBS001H046152UZPE01152001T52MT02EBS001H0461F0461CC1804346
3|1078|DANIEL|EVELIO|MAVISOY|TULCAN|CC|5208445|1979-10-13|1|2|6|9510|3|1||7|07|||8|65.0|170|||2||||||||||||52UZPE01152001T52MT02EBS001H046152UZPE01152001T52MT02EBS001H0461F0461|52UZPE01152001T52MT02EBS001H046152UZPE01152001T52MT02EBS001H0461F0461CC5208445
3|1079|MARCELA|LUZ|MUESES|TORRES|CC|27094589|1979-11-23|2|2|6|9998|3|1||7|07|||8|58.0|157|||2||||||||||||52UZPE01152001T52MT02EBS001H046152UZPE01152001T52MT02EBS001H0461F0461|52UZPE01152001T52MT02EBS001H046152UZPE01152001T52MT02EBS001H0461F0461CC27094589
3|1080|DANNA|SOFIA|PAZ|JOSA|TI|1080067965|2018-01-18|2|2|6|9998|3|1||8|07|||8|35.0|110|||2||||||||||||52UZPE01152001T52MT02EBS001H046252UZPE01152001T52MT02EBS001H0462F0462|52UZPE01152001T52MT02EBS001H046252UZPE01152001T52MT02EBS001H0462F0462TI1080067965
3|1081|MARIA|CAMILA|PAZ|JOSA|TI|1080060488|2012-03-20|2|2|6|9998|3|1||1|07|||8|50.0|145|||2||||||||||||52UZPE01152001T52MT02EBS001H046252UZPE01152001T52MT02EBS001H0462F0462|52UZPE01152001T52MT02EBS001H046252UZPE01152001T52MT02EBS001H0462F0462TI1080060488
3|1082|ANDERSON|EMANUEL|BOTINA|JOSA|TI|1084194732|2012-01-29|1|2|6|9998|3|1||1|07|||8|41.0|154|||2||||||||||||52UZPE01152001T52MT02EBS001H046352UZPE01152001T52MT02EBS001H0463F0463|52UZPE01152001T52MT02EBS001H046352UZPE01152001T52MT02EBS001H0463F0463TI1084194732
3|1083|DIANA|ANABEL|JOSA|RIOBAMBA|CC|1149189398|1991-11-26|2|2|6|9998|3|1||7|07|||8|54.0|152|||2||||||||||||52UZPE01152001T52MT02EBS001H046352UZPE01152001T52MT02EBS001H0463F0463|52UZPE01152001T52MT02EBS001H046352UZPE01152001T52MT02EBS001H0463F0463CC1149189398
3|1084|SARITA|JAQUELINE|BOTINA|JOSA|TI|10841950062|2016-03-04|2|2|6|9998|3|1||8|07|||8|24.0|123|||2||||||||||||52UZPE01152001T52MT02EBS001H046352UZPE01152001T52MT02EBS001H0463F0463|52UZPE01152001T52MT02EBS001H046352UZPE01152001T52MT02EBS001H0463F0463TI10841950062
3|1085|ARVEY|HERIBERTO|BOTINA|CRUZ|CC|1085279163|1988-10-18|1|2|6|9510|3|1||7|07|||8|75.0|170|||2||||||||||||52UZPE01152001T52MT02EBS001H046352UZPE01152001T52MT02EBS001H0463F0463|52UZPE01152001T52MT02EBS001H046352UZPE01152001T52MT02EBS001H0463F0463CC1085279163
3|1086|TELMO|TELMO|PEJENDINO|BRAVO|CC|5202178|1945-09-12|1|2|6|5169|3|1||3|07|||8|60.0|155|||2||||||||||||52UZPE01152001T52MT02EBS001H046552UZPE01152001T52MT02EBS001H0465F0465|52UZPE01152001T52MT02EBS001H046552UZPE01152001T52MT02EBS001H0465F0465CC5202178
3|1087|ARMANDO|GUILLERMO|PEJENDINO|JOJOA|CC|1085287054|1990-10-14|1|2|6|5169|3|1||7|07|||8|60.0|156|||2||||||||||||52UZPE01152001T52MT02EBS001H046552UZPE01152001T52MT02EBS001H0465F0465|52UZPE01152001T52MT02EBS001H046552UZPE01152001T52MT02EBS001H0465F0465CC1085287054
3|1088|LIDIA|EDILMA|PEJENDINO|JOJOA|CC|1004437714|2000-10-01|2|2|6|5169|3|1||7|07|||8|54.0|151|||2||||||||||||52UZPE01152001T52MT02EBS001H046552UZPE01152001T52MT02EBS001H0465F0465|52UZPE01152001T52MT02EBS001H046552UZPE01152001T52MT02EBS001H0465F0465CC1004437714
3|1089|NARVAEZ|ROSERO|ALVARO|MIGUEL|CC|12751412|1981-02-11|1|2|6|5169|3|1||7|07|||8|83.0|175|||2||||||||||||52UZPE01152001T52MT02EBS001H046652UZPE01152001T52MT02EBS001H0466F0466|52UZPE01152001T52MT02EBS001H046652UZPE01152001T52MT02EBS001H0466F0466CC12751412
3|1090|CAMILO|ANDRES|NARVAEZ|JOSA|CC|1084194229|2006-05-24|1|2|6|9998|3|1||4|07|||3|60.0|177|||2||||||||||||52UZPE01152001T52MT02EBS001H046652UZPE01152001T52MT02EBS001H0466F0466|52UZPE01152001T52MT02EBS001H046652UZPE01152001T52MT02EBS001H0466F0466CC1084194229
3|1091|MARCO|TULIO|JOSA|JOJOA|CC|12958110|1952-07-04|1|2|6|9510|3|1||3|07|||8|75.0|164|||2||||||||||||52UZPE01152001T52MT02EBS001H046752UZPE01152001T52MT02EBS001H0467F0467|52UZPE01152001T52MT02EBS001H046752UZPE01152001T52MT02EBS001H0467F0467CC12958110
3|1092|LEANDRO|FRANCISCO|JOSA|HIDALGO|CC|87062450|1983-08-08|1|2|6|9510|3|1||7|07|||8|75.0|171|||2||||||||||||52UZPE01152001T52MT02EBS001H046752UZPE01152001T52MT02EBS001H0467F0467|52UZPE01152001T52MT02EBS001H046752UZPE01152001T52MT02EBS001H0467F0467CC87062450
3|1093|YARED|DAVID|JOSA|GRISALES|RC|1081289178|2023-10-19|1|2|6|9998|3|1||8|07|||8|||||2||||||||||||52UZPE01152001T52MT02EBS001H046752UZPE01152001T52MT02EBS001H0467F0467|52UZPE01152001T52MT02EBS001H046752UZPE01152001T52MT02EBS001H0467F0467RC1081289178
3|1094|ALBERT|JOHAN|JOJOA|JOSA|TI|1084194464|2008-09-19|1|2|6|9998|3|1||1|07|||8|55.0|160|||2||||||||||||52UZPE01152001T52MT02EBS001H046852UZPE01152001T52MT02EBS001H0468F0468|52UZPE01152001T52MT02EBS001H046852UZPE01152001T52MT02EBS001H0468F0468TI1084194464
3|1095|ROSALBA|ROSALBA|CARDENAS|MAVISOY|CC|27086558|1949-09-04|2|2|6|9998|3|1||3|07|||8|79.0|163|||2||||||||||||52UZPE01152001T52MT02EBS001H046952UZPE01152001T52MT02EBS001H0469F0469|52UZPE01152001T52MT02EBS001H046952UZPE01152001T52MT02EBS001H0469F0469CC27086558
3|1096|FERNEY|SEBASTIAN|MENESES|VALLEJO|CC|1121509579|1999-08-03|1|2|6|9510|3|1||7|07|||8|58.0|160|||2||||||||||||52UZPE01152001T52MT02EBS001H047052UZPE01152001T52MT02EBS001H0470F0470|52UZPE01152001T52MT02EBS001H047052UZPE01152001T52MT02EBS001H0470F0470CC1121509579
3|1097|WILMER|ALEXANDER|MIRAMAG|VALLEJO|CC|1085326958|1994-02-16|1|2|6|9510|3|1||7|07|||8|68.0|156|||2||||||||||||52UZPE01152001T52MT02EBS001H047052UZPE01152001T52MT02EBS001H0470F0470|52UZPE01152001T52MT02EBS001H047052UZPE01152001T52MT02EBS001H0470F0470CC1085326958
3|1098|ISRAEL|YERUVI|MENESES|USAMA|CC|98393856|1966-12-23|1|2|6|9510|3|1||7|07|||8|58.0|156|||2||||||||||||52UZPE01152001T52MT02EBS001H047052UZPE01152001T52MT02EBS001H0470F0470|52UZPE01152001T52MT02EBS001H047052UZPE01152001T52MT02EBS001H0470F0470CC98393856
3|1099|VALERY|ISABEL|BOTINA|JOJOA|TI|1084194912|2014-04-14|2|2|6|9998|3|2||8|07|||8|33.0|143|||2||||||||||||52UZPE01152001T52MT02EBS001H047152UZPE01152001T52MT02EBS001H0471F0471|52UZPE01152001T52MT02EBS001H047152UZPE01152001T52MT02EBS001H0471F0471TI1084194912
3|1100|JOSE|DAVID|BOTINA|JOJOA|TI|1084195174|2017-09-27|1|2|6|9998|3|1||8|07|||8|25.0|126|||2||||||||||||52UZPE01152001T52MT02EBS001H047152UZPE01152001T52MT02EBS001H0471F0471|52UZPE01152001T52MT02EBS001H047152UZPE01152001T52MT02EBS001H0471F0471TI1084195174
3|1101|ALBARO|DALADIER|BOTINA|LOPEZ|CC|87068156|1985-02-20|1|2|6|5169|3|2||7|07|||8|78.0|180|||2||||||||||||52UZPE01152001T52MT02EBS001H047152UZPE01152001T52MT02EBS001H0471F0471|52UZPE01152001T52MT02EBS001H047152UZPE01152001T52MT02EBS001H0471F0471CC87068156
3|1102|JOSE|HUMBERTO|JOSSA|LOPEZ|CC|5206171|1956-09-05|1|2|6|5169|3|1||3|07|||8|68.0|158|||2||||||||||||52UZPE01152001T52MT02EBS001H047252UZPE01152001T52MT02EBS001H0472F0472|52UZPE01152001T52MT02EBS001H047252UZPE01152001T52MT02EBS001H0472F0472CC5206171
3|1103|KAREN|FERNANDA|JOJOA|MIRAMAG|TI|1084194877|2013-10-20|2|2|6|9998|3|1||8|07|||8|36.0|141|||2||||||||||||52UZPE01152001T52MT02EBS001H047452UZPE01152001T52MT02EBS001H0474F0474|52UZPE01152001T52MT02EBS001H047452UZPE01152001T52MT02EBS001H0474F0474TI1084194877
3|1104|MARYURI|GABRIELA|MIRAMA|MIRAMAG|CC|1084194307|2006-10-18|2|2|6|9998|3|1||7|07|||8|48.0|154|||2||||||||||||52UZPE01152001T52MT02EBS001H047652UZPE01152001T52MT02EBS001H0476F0476|52UZPE01152001T52MT02EBS001H047652UZPE01152001T52MT02EBS001H0476F0476CC1084194307
3|1105|ANGELA|LISBETH|BENAVIDES|DIAZ|CC|1080695663|2005-12-25|2|2|6|9998|3|1||7|07|||8|60.0|158|||2||||||||||||52UZPE01152001T52MT02EBS001H047752UZPE01152001T52MT02EBS001H0477F0477|52UZPE01152001T52MT02EBS001H047752UZPE01152001T52MT02EBS001H0477F0477CC1080695663
3|1106|JULIO|FERNANDO|BENAVIDES|DIAZ|TI|1080695661|2010-04-19|1|2|6|9998|3|1||1|07|||8|50.0|154|||2||||||||||||52UZPE01152001T52MT02EBS001H047752UZPE01152001T52MT02EBS001H0477F0477|52UZPE01152001T52MT02EBS001H047752UZPE01152001T52MT02EBS001H0477F0477TI1080695661
3|1107|HUMBERTO|FIDEL|BOTINA|GUAYAPOTOY|CC|12993365|1966-02-03|1|2|6|9510|3|1||7|07|||8|61.0|155|||2||||||||||||52UZPE01152001T52MT02EBS001H047852UZPE01152001T52MT02EBS001H0478F0478|52UZPE01152001T52MT02EBS001H047852UZPE01152001T52MT02EBS001H0478F0478CC12993365
3|1108|LAUREANO|NOREFIERE|HIDALGO|DELGADO|CC|1803863|1934-11-24|1|2|6|9998|3|1||3|07|||8|52.0|161|||2||||||||||||52UZPE01152001T52MT02EBS001H047952UZPE01152001T52MT02EBS001H0479F0479|52UZPE01152001T52MT02EBS001H047952UZPE01152001T52MT02EBS001H0479F0479CC1803863
3|1109|GLADYS|FABIOLA|BOTINA|VALLEJO|CC|30716244|1957-07-03|2|2|6|9998|3|1||3|07|||8|65.0|150|||2||||||||||||52UZPE01152001T52MT02EBS001H047952UZPE01152001T52MT02EBS001H0479F0479|52UZPE01152001T52MT02EBS001H047952UZPE01152001T52MT02EBS001H0479F0479CC30716244
3|1110|SAMUEL|NOREFIERE|HIDALGO|BOTINA|RC|1233194990|2019-08-27|1|2|6|9998|3|1||8|07|||8|||||2||||||||||||52UZPE01152001T52MT02EBS001H048152UZPE01152001T52MT02EBS001H0481F0481|52UZPE01152001T52MT02EBS001H048152UZPE01152001T52MT02EBS001H0481F0481RC1233194990
3|1111|SANDRA|MIREYA|HIDALGO|BOTINA|CC|37087214|1984-11-15|2|2|6|9998|3|1||7|07|||8|59.0|156|||2||||||||||||52UZPE01152001T52MT02EBS001H048152UZPE01152001T52MT02EBS001H0481F0481|52UZPE01152001T52MT02EBS001H048152UZPE01152001T52MT02EBS001H0481F0481CC37087214
3|1112|ESLY|VALENTINA|JOSA|USAMA|RC|1084195408|2019-05-12|2|2|6|9998|3|1||8|07|||8|||||2||||||||||||52UZPE01152001T52MT02EBS001H048252UZPE01152001T52MT02EBS001H0482F0482|52UZPE01152001T52MT02EBS001H048252UZPE01152001T52MT02EBS001H0482F0482RC1084195408
3|1113|JOSE|ANIBAL|JOSA|BOTINA|CC|87068610|1982-05-23|1|2|6|9510|3|1||7|07|||8|60.0|165|||2||||||||||||52UZPE01152001T52MT02EBS001H048252UZPE01152001T52MT02EBS001H0482F0482|52UZPE01152001T52MT02EBS001H048252UZPE01152001T52MT02EBS001H0482F0482CC87068610
3|1114|DUVER|ALEXIS|PEJENDINO|LOPEZ|CC|1084194216|2006-04-08|1|2|6|9998|3|1||6|07|||8|61.0|170|||2||||||||||||52UZPE01152001T52MT02EBS001H048352UZPE01152001T52MT02EBS001H0483F0483|52UZPE01152001T52MT02EBS001H048352UZPE01152001T52MT02EBS001H0483F0483CC1084194216
3|1115|NELLY|ESPERANZA|LOPEZ|VALLEJO|CC|59828240|1967-08-14|2|2|6|9998|3|1||6|07|||8|60.0|156|||2||||||||||||52UZPE01152001T52MT02EBS001H048352UZPE01152001T52MT02EBS001H0483F0483|52UZPE01152001T52MT02EBS001H048352UZPE01152001T52MT02EBS001H0483F0483CC59828240
3|1116|MARIA|ILIA|TORO|MIRAMA|CC|30729478|1964-12-16|2|2|6|9998|3|1||7|07|||8|65.0|157|||2||||||||||||52UZPE01152001T52MT02EBS001H048452UZPE01152001T52MT02EBS001H0484F0484|52UZPE01152001T52MT02EBS001H048452UZPE01152001T52MT02EBS001H0484F0484CC30729478
3|1117|EULER|JAIR|GUEVARA|TORO|CC|1085262872|1988-01-07|1|2|6|5169|3|2||7|07|||8|71.0|165|||2||||||||||||52UZPE01152001T52MT02EBS001H048552UZPE01152001T52MT02EBS001H0485F0485|52UZPE01152001T52MT02EBS001H048552UZPE01152001T52MT02EBS001H0485F0485CC1085262872
3|1118|JEFFERSON|SAMUEL|GUEVARA|TIMARAN|TI|1084195001|2015-04-29|1|2|6|9998|3|1||8|07|||8|33.0|140|||2||||||||||||52UZPE01152001T52MT02EBS001H048552UZPE01152001T52MT02EBS001H0485F0485|52UZPE01152001T52MT02EBS001H048552UZPE01152001T52MT02EBS001H0485F0485TI1084195001
3|1119|JOHAN|JAHIR|GUEVARA|TIMARAN|TI|1030000433|2008-12-10|1|2|6|9998|3|1||1|07|||8|45.0|155|||2||||||||||||52UZPE01152001T52MT02EBS001H048552UZPE01152001T52MT02EBS001H0485F0485|52UZPE01152001T52MT02EBS001H048552UZPE01152001T52MT02EBS001H0485F0485TI1030000433
3|1120|JHOAEP|DAMIAN|MALLAMA|PEJENDINO|RC|1084195279|2019-08-09|1|2|6|9998|3|1||8|07|||8|||||2||||||||||||52UZPE01152001T52MT02EBS001H048652UZPE01152001T52MT02EBS001H0486F0486|52UZPE01152001T52MT02EBS001H048652UZPE01152001T52MT02EBS001H0486F0486RC1084195279
3|1121|LIAN|DAVID|JOJOA|PEJENDINO|RC|1084195477|2024-06-04|1|2|6|9998|3|1||8|07|||8|||||2||||||||||||52UZPE01152001T52MT02EBS001H048652UZPE01152001T52MT02EBS001H0486F0486|52UZPE01152001T52MT02EBS001H048652UZPE01152001T52MT02EBS001H0486F0486RC1084195477
3|1122|ANTONY|ALEXANDER|MALLAMA|GUEVARQ|TI|1084194833|2013-03-12|1|2|6|9998|3|1||8|07|||8|30.0|135|||2||||||||||||52UZPE01152001T52MT02EBS001H048752UZPE01152001T52MT02EBS001H0487F0487|52UZPE01152001T52MT02EBS001H048752UZPE01152001T52MT02EBS001H0487F0487TI1084194833
3|1123|ALEX|RENE|MALLAMA|CARDENAS|CC|12747091|1979-06-19|1|2|6|5169|3|1||7|07|||8|65.0|158|||2||||||||||||52UZPE01152001T52MT02EBS001H048752UZPE01152001T52MT02EBS001H0487F0487|52UZPE01152001T52MT02EBS001H048752UZPE01152001T52MT02EBS001H0487F0487CC12747091
3|1124|OMAR|RENE|SALAZAR|GUERRERO|CC|98400704|1976-05-23|1|2|6|9510|3|1||7|07|||8|63.0|158|||2||||||||||||52UZPE01152001T52MT02EBS001H048852UZPE01152001T52MT02EBS001H0488F0488|52UZPE01152001T52MT02EBS001H048852UZPE01152001T52MT02EBS001H0488F0488CC98400704
3|1125|ANA|JULIA|GUERRERO|DESALAZAR|CC|27057172|1939-10-29|2|2|6|9998|3|1||3|07|||8|57.0|152|||2||||||||||||52UZPE01152001T52MT02EBS001H048852UZPE01152001T52MT02EBS001H0488F0488|52UZPE01152001T52MT02EBS001H048852UZPE01152001T52MT02EBS001H0488F0488CC27057172
3|1126|JOSE|FELIPE|CUAICUAN|MARTINEZ|TI|1084194429|2008-06-14|1|2|6|9998|3|1||1|07|||8|50.0|154|||2||||||||||||52UZPE01152001T52MT02EBS001H048952UZPE01152001T52MT02EBS001H0489F0489|52UZPE01152001T52MT02EBS001H048952UZPE01152001T52MT02EBS001H0489F0489TI1084194429
3|1127|VERONICA|ISABEL|MARTINEZ|JOJOA|CC|1085250531|1985-04-30|2|2|6|9998|3|1||7|07|||8|50.0|151|||2||||||||||||52UZPE01152001T52MT02EBS001H048952UZPE01152001T52MT02EBS001H0489F0489|52UZPE01152001T52MT02EBS001H048952UZPE01152001T52MT02EBS001H0489F0489CC1085250531
3|1128|CIRO|RENE|CUAICUAN|HIDALGO|CC|5203770|1979-08-22|1|2|6|9510|3|1||7|07|||8|65.0|160|||2||||||||||||52UZPE01152001T52MT02EBS001H048952UZPE01152001T52MT02EBS001H0489F0489|52UZPE01152001T52MT02EBS001H048952UZPE01152001T52MT02EBS001H0489F0489CC5203770
3|1129|WILLIAM|ARTURO|JAJOY|DAVILA|CC|1004489570|2002-06-24|1|2|6|9510|3|1||7|07|||8|65.0|170|||2||||||||||||52UZPE01152001T52MT02EBS001H049052UZPE01152001T52MT02EBS001H0490F0490|52UZPE01152001T52MT02EBS001H049052UZPE01152001T52MT02EBS001H0490F0490CC1004489570
3|1130|LEIDY|CAMILA|BOTINA|JOJOA|TI|1080054146|2008-11-04|2|2|6|9998|3|1||1|07|||8|50.0|154|||2||||||||||||52UZPE01152001T52MT02EBS001H049052UZPE01152001T52MT02EBS001H0490F0490|52UZPE01152001T52MT02EBS001H049052UZPE01152001T52MT02EBS001H0490F0490TI1080054146
3|1131|ROSA|NELLY|ARANDA|BURBANO|CC|1084194279|1947-05-10|2|2|6|9998|3|1||3|07|||8|45.0|140|||2||||||||||||52UZPE01152001T52MT02EBS001H049152UZPE01152001T52MT02EBS001H0491F0491|52UZPE01152001T52MT02EBS001H049152UZPE01152001T52MT02EBS001H0491F0491CC1084194279
3|1132|JOSE|FLAVIO|USAMA|LUNA|CC|5206007|1947-12-31|1|2|6|9510|3|1||3|07|||8|49.0|165|||2||||||||||||52UZPE01152001T52MT02EBS001H049152UZPE01152001T52MT02EBS001H0491F0491|52UZPE01152001T52MT02EBS001H049152UZPE01152001T52MT02EBS001H0491F0491CC5206007
3|1133|MARIA|JOSEFINA|BOTINA|VALLEJO|CC|30739335|1967-11-24|2|2|6|9998|3|1||7|07|||8|55.0|148|||2||||||||||||52UZPE01152001T52MT02EBS001H049252UZPE01152001T52MT02EBS001H0492F0492|52UZPE01152001T52MT02EBS001H049252UZPE01152001T52MT02EBS001H0492F0492CC30739335
3|1134|ANGELA|NERIET|CUAICAN|BOTINA|CC|1085284850|1989-10-29|2|2|6|9510|3|1||7|07|||8|52.0|144|||2||||||||||||52UZPE01152001T52MT02EBS001H049352UZPE01152001T52MT02EBS001H0493F0493|52UZPE01152001T52MT02EBS001H049352UZPE01152001T52MT02EBS001H0493F0493CC1085284850
3|1135|MARIA|DELSOCORRO|PEJENDINO|PIANDA|CC|1085288455|1953-04-02|2|2|6|9998|3|1||3|07|||8|45.0|146|||2||||||||||||52UZPE01152001T52MT02EBS001H049552UZPE01152001T52MT02EBS001H0495F0495|52UZPE01152001T52MT02EBS001H049552UZPE01152001T52MT02EBS001H0495F0495CC1085288455
3|1136|PLINIO|ENRIQUE|MIRAMAG|CRIOLLO|CC|1804457|1949-02-18|1|2|6|9510|3|1||3|07|||8|65.0|160|||2||||||||||||52UZPE01152001T52MT02EBS001H049552UZPE01152001T52MT02EBS001H0495F0495|52UZPE01152001T52MT02EBS001H049552UZPE01152001T52MT02EBS001H0495F0495CC1804457
3|1137|DARIO|ESTEVAN|USAMA|MIRAMAG|CC|1084194171|2005-08-05|1|2|6|9510|3|1||6|07|||8|65.0|159|||2||||||||||||52UZPE01152001T52MT02EBS001H049652UZPE01152001T52MT02EBS001H0496F0496|52UZPE01152001T52MT02EBS001H049652UZPE01152001T52MT02EBS001H0496F0496CC1084194171
3|1138|CARLOS|ENRIQUE|USAMA|LUNA|CC|87471835|1971-03-04|1|2|6|9510|3|1||6|07|||8|58.0|155|||2||||||||||||52UZPE01152001T52MT02EBS001H049652UZPE01152001T52MT02EBS001H0496F0496|52UZPE01152001T52MT02EBS001H049652UZPE01152001T52MT02EBS001H0496F0496CC87471835
3|1139|MICHAEL|ANDRES|USAMA|MIRAMAG|CC|1004193400|2002-10-10|1|2|6|9510|3|1||7|07|||8|55.0|162|||2||||||||||||52UZPE01152001T52MT02EBS001H049652UZPE01152001T52MT02EBS001H0496F0496|52UZPE01152001T52MT02EBS001H049652UZPE01152001T52MT02EBS001H0496F0496CC1004193400
3|1140|OIGA|DELCARMEN|MIRAMAG|PEJENDINO|CC|59831466|1974-07-11|2|2|6|9998|3|1||6|07|||8|49.0|143|||2||||||||||||52UZPE01152001T52MT02EBS001H049652UZPE01152001T52MT02EBS001H0496F0496|52UZPE01152001T52MT02EBS001H049652UZPE01152001T52MT02EBS001H0496F0496CC59831466
3|1141|ADRIANA|INES|MUESES|BOTINA|CC|1233190509|1997-11-16|2|2|6|9510|3|1||7|07|||8|50.0|147|||2||||||||||||52UZPE01152001T52MT02EBS001H049452UZPE01152001T52MT02EBS001H0494F0494|52UZPE01152001T52MT02EBS001H049452UZPE01152001T52MT02EBS001H0494F0494CC1233190509
3|1142|DEGSY|MAGALY|JOJOA|BOTINA|RC|1084195204|2017-12-02|2|2|6|9998|3|1||8|07|||8|17.0|115|||2||||||||||||52UZPE01152001T52MT02EBS001H001752UZPE01152001T52MT02EBS001H0017F0017|52UZPE01152001T52MT02EBS001H001752UZPE01152001T52MT02EBS001H0017F0017RC1084195204
3|1143|AIDA|MARIELA|JOJOA|BOTINA|CC|1085342009|1998-03-01|2|1|6|9998|3|1||7|07|||8|48.0|145|||2||||||||||||52UZPE01152001T52MT02EBS001H001752UZPE01152001T52MT02EBS001H0017F0017|52UZPE01152001T52MT02EBS001H001752UZPE01152001T52MT02EBS001H0017F0017CC1085342009
3|1144|SEBASTIAN|DARIO|ANDRADE|HERNANDEZ|CC|1004580198|2003-05-13|1|2|6|9510|3|1||7|07|||8|60.0|165|||2||||||||||||52UZPE01152001T52MT02EBS001H001752UZPE01152001T52MT02EBS001H0017F0017|52UZPE01152001T52MT02EBS001H001752UZPE01152001T52MT02EBS001H0017F0017CC1004580198
3|1145|ANGEL|NINGUNO|BOTINA|GUERRERO|CC|5191415|1935-12-27|1|2|6|9998|3|1||3|07|||2|75.0|158|||2||||||||||||52UZPE01152001T52MT02EBS001H001952UZPE01152001T52MT02EBS001H0019F0019|52UZPE01152001T52MT02EBS001H001952UZPE01152001T52MT02EBS001H0019F0019CC5191415
3|1146|LUIS|ALBERTO|NARVAEZ|BOLANOS|CC|98389625|1957-11-25|1|2|6|9510|3|1||3|07|||8|56.0|155|||2||||||||||||52UZPE01152001T52MT02EBS001H049852UZPE01152001T52MT02EBS001H0498F0498|52UZPE01152001T52MT02EBS001H049852UZPE01152001T52MT02EBS001H0498F0498CC98389625
3|1147|DORIS|BEATRIZ|DELACRUZ|TUTISTAR|CC|30726553|1962-08-24|2|2|6|9998|3|1||3|07|||8|57.0|155|||2||||||||||||52UZPE01152001T52MT02EBS001H049852UZPE01152001T52MT02EBS001H0498F0498|52UZPE01152001T52MT02EBS001H049852UZPE01152001T52MT02EBS001H0498F0498CC30726553
3|1148|SILVIO|HERNANDO|BOTINA|JOJOA|CC|13069972|1981-02-16|1|2|6|5169|3|2||7|07|||8|69.0|165|||2||||||||||||52UZPE01152001T52MT02EBS001H050152UZPE01152001T52MT02EBS001H0501F0501|52UZPE01152001T52MT02EBS001H050152UZPE01152001T52MT02EBS001H0501F0501CC13069972
3|1149|LUZ|DARY|JACANAMIJOY|JOSSA|CC|37082477|1982-10-20|2|2|6|9998|3|1||7|07|||8|53.0|156|||2||||||||||||52UZPE01152001T52MT02EBS001H050152UZPE01152001T52MT02EBS001H0501F0501|52UZPE01152001T52MT02EBS001H050152UZPE01152001T52MT02EBS001H0501F0501CC37082477
3|1150|PAULA|ANDREA|BOTINA|JACANAMIJOY|CC|1193035505|2001-05-19|2|2|6|9998|3|1||7|07|||8|62.0|157|||2||||||||||||52UZPE01152001T52MT02EBS001H050052UZPE01152001T52MT02EBS001H0500F0500|52UZPE01152001T52MT02EBS001H050052UZPE01152001T52MT02EBS001H0500F0500CC1193035505
3|1151|SAMARA|VALENTINA|JOJOA|BOTINA|RC|1080074452|2024-03-05|2|2|6|9998|3|1||8|07|||8|||||2||||||||||||52UZPE01152001T52MT02EBS001H050052UZPE01152001T52MT02EBS001H0500F0500|52UZPE01152001T52MT02EBS001H050052UZPE01152001T52MT02EBS001H0500F0500RC1080074452
3|1152|LIDYA|JANETH|MUESES|GUALGUAN|CC|59835788|1977-02-02|2|2|6|9998|3|1||7|07|||8|54.0|150|||2||||||||||||52UZPE01152001T52MT02EBS001H050252UZPE01152001T52MT02EBS001H0502F0502|52UZPE01152001T52MT02EBS001H050252UZPE01152001T52MT02EBS001H0502F0502CC59835788
3|1153|WILLIAM|BOLIVAR|TULCAN|YAQUENO|CC|12981821|1964-01-28|1|2|6|9510|3|1||3|07|||8|70.0|160|||2||||||||||||52UZPE01152001T52MT02EBS001H050252UZPE01152001T52MT02EBS001H0502F0502|52UZPE01152001T52MT02EBS001H050252UZPE01152001T52MT02EBS001H0502F0502CC12981821
3|1154|DIEGO|ANDRES|TULCAN|MUESES|CC|1085341546|1998-07-20|1|2|6|5169|3|2||7|07|||8|65.0|170|||2||||||||||||52UZPE01152001T52MT02EBS001H050352UZPE01152001T52MT02EBS001H0503F0503|52UZPE01152001T52MT02EBS001H050352UZPE01152001T52MT02EBS001H0503F0503CC1085341546
3|1155|LAURENTINA|NA|NARVAEZ|RIOBAMBA|CC|27086726|1944-08-14|2|2|6|9998|3|1||3|07|||2|42.0|145|||2||||||||||||52UZPE01152001T52MT02EBS001H002052UZPE01152001T52MT02EBS001H0020F0020|52UZPE01152001T52MT02EBS001H002052UZPE01152001T52MT02EBS001H0020F0020CC27086726
3|1156|CLAUDIA|LORENA|RIOBAMBA|NARVAEZ|CC|27081394|1977-02-05|2|2|6|9998|3|1||7|07|||8|46.0|148|||2||||||||||||52UZPE01152001T52MT02EBS001H002052UZPE01152001T52MT02EBS001H0020F0020|52UZPE01152001T52MT02EBS001H002052UZPE01152001T52MT02EBS001H0020F0020CC27081394
3|1157|FRANCISCO|JAVIER|RAMOS|NARVAEZ|CC|98398507|1970-11-27|1|2|6|9510|3|1||7|07|||8|60.0|158|||2||||||||||||52UZPE01152001T52MT02EBS001H002052UZPE01152001T52MT02EBS001H0020F0020|52UZPE01152001T52MT02EBS001H002052UZPE01152001T52MT02EBS001H0020F0020CC98398507
3|1158|GABRIELA|VICTORIA|POTOSI|RAMOS|RC|1084195219|2017-03-07|2|2|6|9998|3|1||8|07|||8|25.0|126|||2||||||||||||52UZPE01152001T52MT02EBS001H002152UZPE01152001T52MT02EBS001H0021F0021|52UZPE01152001T52MT02EBS001H002152UZPE01152001T52MT02EBS001H0021F0021RC1084195219
3|1159|ANDREA|MICHELLE|JOJOA|RAMOS|RC|1085350507|2023-10-04|2|2|6|9998|3|1||8|07|||8|||||2||||||||||||52UZPE01152001T52MT02EBS001H002152UZPE01152001T52MT02EBS001H0021F0021|52UZPE01152001T52MT02EBS001H002152UZPE01152001T52MT02EBS001H0021F0021RC1085350507
3|1160|DANIELA|ESTEFANIA|RAMOS|RIOBAMBA|CC|1004437629|2002-04-22|2|2|6|9998|3|1||7|07|||8|44.0|146|||2||||||||||||52UZPE01152001T52MT02EBS001H002152UZPE01152001T52MT02EBS001H0021F0021|52UZPE01152001T52MT02EBS001H002152UZPE01152001T52MT02EBS001H0021F0021CC1004437629
3|1161|HAROL|ALEXANDER|RAMOS|JOJOA|CC|1085318885|1994-10-30|1|2|6|9510|3|1||7|07|||8|63.0|153|||2||||||||||||52UZPE01152001T52MT02EBS001H002252UZPE01152001T52MT02EBS001H0022F0022|52UZPE01152001T52MT02EBS001H002252UZPE01152001T52MT02EBS001H0022F0022CC1085318885
3|1162|JOHAN|ALEXANDER|RAMOS|JOJOA|TI|1140214052|2017-06-07|1|2|6|9998|3|1||8|07|||8|19.0|122|||2||||||||||||52UZPE01152001T52MT02EBS001H002252UZPE01152001T52MT02EBS001H0022F0022|52UZPE01152001T52MT02EBS001H002252UZPE01152001T52MT02EBS001H0022F0022TI1140214052
3|1163|JENNY|MARIBEL|JOJOA|BOTINA|CC|1085327578|1996-03-14|2|2|6|9998|3|1||7|07|||8|46.0|147|||2||||||||||||52UZPE01152001T52MT02EBS001H002252UZPE01152001T52MT02EBS001H0022F0022|52UZPE01152001T52MT02EBS001H002252UZPE01152001T52MT02EBS001H0022F0022CC1085327578
3|1164|ABIGAIL|JULIANA|RAMOS|JOJOA|RC|1084195460|2023-11-18|2|2|6|9998|3|1||8|07|||8|||||2||||||||||||52UZPE01152001T52MT02EBS001H002252UZPE01152001T52MT02EBS001H0022F0022|52UZPE01152001T52MT02EBS001H002252UZPE01152001T52MT02EBS001H0022F0022RC1084195460
3|1165|LADY|JOHANA|MONTANO|MUNOZ|CC|1085279237|1990-02-16|2|2|6|9510|3|1||7|07|||8|52.0|157|||2||||||||||||52UZPE01152001T52MT02EBS001H050452UZPE01152001T52MT02EBS001H0504F0504|52UZPE01152001T52MT02EBS001H050452UZPE01152001T52MT02EBS001H0504F0504CC1085279237
3|1166|JESUS|HERALDO|BOTINA|ORTEGA|CC|12992123|1968-01-04|1|2|6|9510|3|1||7|07|||8|66.0|164|||2||||||||||||52UZPE01152001T52MT02EBS001H002352UZPE01152001T52MT02EBS001H0023F0023|52UZPE01152001T52MT02EBS001H002352UZPE01152001T52MT02EBS001H0023F0023CC12992123
3|1167|ALBA|NELLY|BOTINA|ORTEGA|CC|59818123|1975-05-15|2|2|6|9998|3|1||4|07|||3|39.0|136|||2||||||||||||52UZPE01152001T52MT02EBS001H002352UZPE01152001T52MT02EBS001H0023F0023|52UZPE01152001T52MT02EBS001H002352UZPE01152001T52MT02EBS001H0023F0023CC59818123
3|1168|LEONOR|ESTER|ORTEGA|JOJOA|CC|27086487|1945-01-06|2|2|6|9510|3|1||3|07|||3|50.0|154|||2||||||||||||52UZPE01152001T52MT02EBS001H002352UZPE01152001T52MT02EBS001H0023F0023|52UZPE01152001T52MT02EBS001H002352UZPE01152001T52MT02EBS001H0023F0023CC27086487
3|1169|EVELIO|MARINO|PAZ|JOJOA|CC|18143855|1965-04-24|1|2|6|9510|3|1||4|07|||3|52.0|159|||2||||||||||||52UZPE01152001T52MT02EBS001H050552UZPE01152001T52MT02EBS001H0505F0505|52UZPE01152001T52MT02EBS001H050552UZPE01152001T52MT02EBS001H0505F0505CC18143855
3|1170|ANA|MARIA|JOSA|NARVAEZ|CC|36951842|1950-11-10|2|2|6|9998|3|1||3|07|||8|55.0|153|||2||||||||||||52UZPE01152001T52MT02EBS001H002452UZPE01152001T52MT02EBS001H0024F0024|52UZPE01152001T52MT02EBS001H002452UZPE01152001T52MT02EBS001H0024F0024CC36951842
3|1171|VICTOR|HUGO|YANDUN|CHACUA|CC|1193136526|2000-03-26|1|2|6|9510|3|5||7|07|||8|65.0|168|||2||||||||||||52UZPE01152001T52MT02EBS001H002652UZPE01152001T52MT02EBS001H0026F0026|52UZPE01152001T52MT02EBS001H002652UZPE01152001T52MT02EBS001H0026F0026CC1193136526
3|1172|JOSE|PABLITO|BOTINA|JOSA|CC|98392766|1973-09-10|1|2|6|9510|3|1||7|07|||8|60.0|163|||2||||||||||||52UZPE01152001T52MT02EBS001H002552UZPE01152001T52MT02EBS001H0025F0025|52UZPE01152001T52MT02EBS001H002552UZPE01152001T52MT02EBS001H0025F0025CC98392766
3|1173|ABRAHAN|NINGUNO|LOPEZ|BENAVIDES|CC|5206022|1950-06-04|1|2|6|9998|3|1||3|07|||1|78.0|168|||2||||||||||||52UZPE01152001T52MT02EBS001H002752UZPE01152001T52MT02EBS001H0027F0027|52UZPE01152001T52MT02EBS001H002752UZPE01152001T52MT02EBS001H0027F0027CC5206022
3|1174|LUZ|ANGELICA|DELGADO|DELOPEZ|CC|30706911|1948-11-05|2|2|6|9998|3|1||3|07|||1|59.0|145|||2||||||||||||52UZPE01152001T52MT02EBS001H002752UZPE01152001T52MT02EBS001H0027F0027|52UZPE01152001T52MT02EBS001H002752UZPE01152001T52MT02EBS001H0027F0027CC30706911
3|1175|CLAUDIA|DELSOCORRO|DESCANSE|ROSERO|CC|36950537|1980-09-16|2|2|6|9510|3|1||7|07|||8|75.0|145|||2||||||||||||52UZPE01152001T52MT02EBS001H002952UZPE01152001T52MT02EBS001H0029F0029|52UZPE01152001T52MT02EBS001H002952UZPE01152001T52MT02EBS001H0029F0029CC36950537
3|1176|LUIS|ARTURO|LOPEZ|DELGADO|CC|12995452|1969-03-23|1|2|6|9510|3|1||7|07|||8|75.0|165|||2||||||||||||52UZPE01152001T52MT02EBS001H002952UZPE01152001T52MT02EBS001H0029F0029|52UZPE01152001T52MT02EBS001H002952UZPE01152001T52MT02EBS001H0029F0029CC12995452
3|1177|CRISTIAN|ESTIVEN|ROSERO|YANDUN|TI|1084194888|2013-12-01|1|2|6|9998|3|1||8|07|||8|33.0|130|||2||||||||||||52UZPE01152001T52MT02EBS001H002852UZPE01152001T52MT02EBS001H0028F0028|52UZPE01152001T52MT02EBS001H002852UZPE01152001T52MT02EBS001H0028F0028TI1084194888
3|1178|CARLOS|ERNEY|ROSERO|NA|CC|87070419|1985-08-15|1|2|6|9510|3|1||7|07|||8|62.0|165|||2||||||||||||52UZPE01152001T52MT02EBS001H002852UZPE01152001T52MT02EBS001H0028F0028|52UZPE01152001T52MT02EBS001H002852UZPE01152001T52MT02EBS001H0028F0028CC87070419
3|1179|MARIA|EUGENIA|YANDUN|CHACUA|CC|1085337811|1997-12-01|2|2|6|9998|3|1||7|07|||8|52.0|157|||2||||||||||||52UZPE01152001T52MT02EBS001H002852UZPE01152001T52MT02EBS001H0028F0028|52UZPE01152001T52MT02EBS001H002852UZPE01152001T52MT02EBS001H0028F0028CC1085337811
3|1180|ADRIAN|YESID|ROSERO|YANDUN|TI|1084195041|2015-09-21|1|2|6|9998|3|1||8|07|||8|30.0|127|||2||||||||||||52UZPE01152001T52MT02EBS001H002852UZPE01152001T52MT02EBS001H0028F0028|52UZPE01152001T52MT02EBS001H002852UZPE01152001T52MT02EBS001H0028F0028TI1084195041
3|1181|MARIA|ELOISA|NARVAEZ|NARVAEZ|CC|59830003|1961-03-13|2|2|6|9998|3|1||3|07|||8|65.0|155|||2||||||||||||52UZPE01152001T52MT02EBS001H003152UZPE01152001T52MT02EBS001H0031F0031|52UZPE01152001T52MT02EBS001H003152UZPE01152001T52MT02EBS001H0031F0031CC59830003
3|1182|ELVIA|TRINIDAD|DIAZ|ACOSTA|CC|27284604|1943-08-08|2|2|6|9998|3|1||3|07|||8|55.0|154|||2||||||||||||52UZPE01152001T52MT02EBS001H000152UZPE01152001T52MT02EBS001H0001F0001|52UZPE01152001T52MT02EBS001H000152UZPE01152001T52MT02EBS001H0001F0001CC27284604
3|1183|BRIGGITH|NATHALY|GARCIA|NARVAEZ|TI|1084194610|2010-06-18|2|2|6|9998|3|1||8|07|||8|48.0|140|||2||||||||||||52UZPE01152001T52MT02EBS001H003252UZPE01152001T52MT02EBS001H0032F0032|52UZPE01152001T52MT02EBS001H003252UZPE01152001T52MT02EBS001H0032F0032TI1084194610
3|1184|ESTEFANNY|DAYANA|GARCIA|NARVAEZ|TI|1084194999|2015-03-24|2|2|6|9998|3|1||8|07|||8|35.0|120|||2||||||||||||52UZPE01152001T52MT02EBS001H003252UZPE01152001T52MT02EBS001H0032F0032|52UZPE01152001T52MT02EBS001H003252UZPE01152001T52MT02EBS001H0032F0032TI1084194999
3|1185|MARIA|NA|NARVAEZ|NA|CC|1085275738|1988-09-07|2|2|6|9998|3|1||7|07|||8|57.0|156|||2||||||||||||52UZPE01152001T52MT02EBS001H003252UZPE01152001T52MT02EBS001H0032F0032|52UZPE01152001T52MT02EBS001H003252UZPE01152001T52MT02EBS001H0032F0032CC1085275738
3|1186|DIEGO|ALBEIRO|RIOBAMBA|NARVAEZ|CC|1193136491|2000-02-13|1|2|6|9510|3|1||7|07|||8|65.0|170|||2||||||||||||52UZPE01152001T52MT02EBS001H003352UZPE01152001T52MT02EBS001H0033F0033|52UZPE01152001T52MT02EBS001H003352UZPE01152001T52MT02EBS001H0033F0033CC1193136491
3|1187|ORLANDA|NA|NARVAEZ|NA|CC|36756273|1966-04-01|2|2|6|9998|3|1||7|07|||8|54.0|155|||2||||||||||||52UZPE01152001T52MT02EBS001H003352UZPE01152001T52MT02EBS001H0033F0033|52UZPE01152001T52MT02EBS001H003352UZPE01152001T52MT02EBS001H0033F0033CC36756273
3|1188|ALBERTO|NA|RIOBAMBA|NARVAEZ|CC|5206269|1987-11-30|1|2|6|9510|3|1||7|07|||8|70.0|168|||2||||||||||||52UZPE01152001T52MT02EBS001H003352UZPE01152001T52MT02EBS001H0033F0033|52UZPE01152001T52MT02EBS001H003352UZPE01152001T52MT02EBS001H0033F0033CC5206269
3|1189|WILIAN|ROBERT|MIRAMAG|CARDENAS|CC|98393055|1972-11-17|1|2|6|9510|3|1||7|07|||8|84.0|160|||2||||||||||||52UZPE01152001T52MT02EBS001H050752UZPE01152001T52MT02EBS001H0507F0507|52UZPE01152001T52MT02EBS001H050752UZPE01152001T52MT02EBS001H0507F0507CC98393055
3|1190|ANDREA|SOFIA|MIRAMAG|MIRAMAG|CC|1084194237|2006-06-16|2|2|6|9998|3|1||7|07|||8|58.0|151|||2||||||||||||52UZPE01152001T52MT02EBS001H050752UZPE01152001T52MT02EBS001H0507F0507|52UZPE01152001T52MT02EBS001H050752UZPE01152001T52MT02EBS001H0507F0507CC1084194237
3|1191|SARA|ESTEFANIA|MIRAMAG|MIRAMAG|TI|1084194939|2014-08-29|2|2|6|9998|3|1||8|07|||8|33.0|139|||2||||||||||||52UZPE01152001T52MT02EBS001H050752UZPE01152001T52MT02EBS001H0507F0507|52UZPE01152001T52MT02EBS001H050752UZPE01152001T52MT02EBS001H0507F0507TI1084194939
3|1192|JULIETH|STEFANIA|MIRAMAG|MIRAMAG|TI|1084194940|2014-08-29|2|2|6|9998|3|1||8|07|||8|36.0|140|||2||||||||||||52UZPE01152001T52MT02EBS001H050752UZPE01152001T52MT02EBS001H0507F0507|52UZPE01152001T52MT02EBS001H050752UZPE01152001T52MT02EBS001H0507F0507TI1084194940
3|1193|MELANY|ANTONELLA|JOJOA|RUEDA|RC|1088600589|2020-07-29|2|2|6|9998|3|2||8|07|||8|||||2||||||||||||52UZPE01152001T52MT02EBS001H050852UZPE01152001T52MT02EBS001H0508F0508|52UZPE01152001T52MT02EBS001H050852UZPE01152001T52MT02EBS001H0508F0508RC1088600589
3|1194|JAIRO|ALEXANDER|JOJOA|JOSA|CC|1088264405|1987-04-25|1|2|6|5169|3|2||7|07|||8|68.0|170|||2||||||||||||52UZPE01152001T52MT02EBS001H050852UZPE01152001T52MT02EBS001H0508F0508|52UZPE01152001T52MT02EBS001H050852UZPE01152001T52MT02EBS001H0508F0508CC1088264405
3|1195|SARA|VALENTINA|JOJOA|RUEDA|TI|1085338695|2016-01-27|2|2|6|9998|3|2||8|07|||8|28.0|130|||2||||||||||||52UZPE01152001T52MT02EBS001H050852UZPE01152001T52MT02EBS001H0508F0508|52UZPE01152001T52MT02EBS001H050852UZPE01152001T52MT02EBS001H0508F0508TI1085338695
3|1196|YAMIT|BAYRON|MIRAMAG|JOJOA|CC|1085297194|1992-03-24|1|2|6|9510|3|1||7|07|||8|70.0|162|||2||||||||||||52UZPE01152001T52MT02EBS001H050952UZPE01152001T52MT02EBS001H0509F0509|52UZPE01152001T52MT02EBS001H050952UZPE01152001T52MT02EBS001H0509F0509CC1085297194
3|1197|ERMES|NOLBERTO|MIRAMAG|CRIOLLO|CC|12970726|1958-05-24|1|2|6|9510|3|1||3|07|||8|66.0|164|||2||||||||||||52UZPE01152001T52MT02EBS001H050952UZPE01152001T52MT02EBS001H0509F0509|52UZPE01152001T52MT02EBS001H050952UZPE01152001T52MT02EBS001H0509F0509CC12970726
3|1198|CRISTIAN|ANDREY|JOJOA|NARVAEZ|TI|1084194978|2015-02-08|1|2|6|9998|3|1||8|07|||8|45.0|142|||2||||||||||||52UZPE01152001T52MT02EBS001H049952UZPE01152001T52MT02EBS001H0499F0499|52UZPE01152001T52MT02EBS001H049952UZPE01152001T52MT02EBS001H0499F0499TI1084194978
3|1199|CLAUDIA|JANETH|NARVAEZ|DELACRUZ|CC|1085311084|1994-02-25|2|2|6|9510|3|1||7|07|||8|52.0|155|||2||||||||||||52UZPE01152001T52MT02EBS001H049952UZPE01152001T52MT02EBS001H0499F0499|52UZPE01152001T52MT02EBS001H049952UZPE01152001T52MT02EBS001H0499F0499CC1085311084
3|1200|GREYSI|TATIANA|JOJOA|NARVAEZ|TI|1080695290|2010-01-08|2|2|6|9998|3|1||1|07|||8|45.0|150|||2||||||||||||52UZPE01152001T52MT02EBS001H049952UZPE01152001T52MT02EBS001H0499F0499|52UZPE01152001T52MT02EBS001H049952UZPE01152001T52MT02EBS001H0499F0499TI1080695290
3|1201|HENRY|GIOVANNY|CRUZ|JOJOA|CC|1084194073|2004-03-12|1|2|6|9510|3|1||7|07|||8|65.0|167|||2||||||||||||52UZPE01152001T52MT02EBS001H001852UZPE01152001T52MT02EBS001H0018F0018|52UZPE01152001T52MT02EBS001H001852UZPE01152001T52MT02EBS001H0018F0018CC1084194073
3|1202|ANICETO|BOLIVAR|JOJOA|NA|CC|1804335|1937-10-07|1|2|6|9510|3|1||3|07|||8|50.0|163|||2||||||||||||52UZPE01152001T52MT02EBS001H004252UZPE01152001T52MT02EBS001H0042F0042|52UZPE01152001T52MT02EBS001H004252UZPE01152001T52MT02EBS001H0042F0042CC1804335
3|1203|BLANCA|LIGIA|BOTINA|LOPEZ|CC|36754521|1947-04-05|2|2|6|9998|3|1||3|07|||8|45.0|143|||2||||||||||||52UZPE01152001T52MT02EBS001H004252UZPE01152001T52MT02EBS001H0042F0042|52UZPE01152001T52MT02EBS001H004252UZPE01152001T52MT02EBS001H0042F0042CC36754521
3|1204|DIANA|MARCELA|JOJOA|BOTINA|TI|1084194579|2010-01-27|2|2|6|9998|3|1||1|07|||8|46.0|155|||2||||||||||||52UZPE01152001T52MT02EBS001H004252UZPE01152001T52MT02EBS001H0042F0042|52UZPE01152001T52MT02EBS001H004252UZPE01152001T52MT02EBS001H0042F0042TI1084194579
3|1205|MARIA|ALEJANDRINA|NARVAEZ|CARLOSAMA|CC|27086548|1948-01-04|2|2|6|9998|3|1||3|07|||8|50.0|157|||2||||||||||||52UZPE01152001T52MT02EBS001H051052UZPE01152001T52MT02EBS001H0510F0510|52UZPE01152001T52MT02EBS001H051052UZPE01152001T52MT02EBS001H0510F0510CC27086548
3|1206|DORIS|DELCARMEN|MARTINEZ|NARVAEZ|CC|36753955|1979-07-03|2|2|6|9510|3|1||7|07|||8|60.0|154|||2||||||||||||52UZPE01152001T52MT02EBS001H051052UZPE01152001T52MT02EBS001H0510F0510|52UZPE01152001T52MT02EBS001H051052UZPE01152001T52MT02EBS001H0510F0510CC36753955
3|1207|MARIA|CONCEPCION|MATABANCHOY|PALACIOS|CC|27086604|1948-03-29|2|2|6|9998|3|1||3|07|||8|55.0|146|||2||||||||||||52UZPE01152001T52MT02EBS001H051452UZPE01152001T52MT02EBS001H0514F0514|52UZPE01152001T52MT02EBS001H051452UZPE01152001T52MT02EBS001H0514F0514CC27086604
3|1208|FRANCO|NOREFIERE|DELACRUZ|NOREFIERE|CC|12953620|1949-08-05|1|2|6|9510|3|1||3|07|||8|48.0|153|||2||||||||||||52UZPE01152001T52MT02EBS001H051552UZPE01152001T52MT02EBS001H0515F0515|52UZPE01152001T52MT02EBS001H051552UZPE01152001T52MT02EBS001H0515F0515CC12953620
3|1209|AURA|ESTELA|JOSA|BENAVIDES|CC|59821391|1958-07-13|2|2|6|9998|3|1||3|07|||8|69.0|155|||2||||||||||||52UZPE01152001T52MT02EBS001H051552UZPE01152001T52MT02EBS001H0515F0515|52UZPE01152001T52MT02EBS001H051552UZPE01152001T52MT02EBS001H0515F0515CC59821391
3|1210|JAIRO|WILTON|DELACRUZ|JOSA|CC|12747541|1979-02-19|1|2|6|9510|3|1||7|07|||8|80.0|170|||2||||||||||||52UZPE01152001T52MT02EBS001H051652UZPE01152001T52MT02EBS001H0516F0516|52UZPE01152001T52MT02EBS001H051652UZPE01152001T52MT02EBS001H0516F0516CC12747541
3|1211|DORA|XIMENA|DELACRUZ|JOSA|CC|1085319996|1995-02-09|2|2|6|9998|3|1||7|07|||8|48.0|153|||2||||||||||||52UZPE01152001T52MT02EBS001H051752UZPE01152001T52MT02EBS001H0517F0517|52UZPE01152001T52MT02EBS001H051752UZPE01152001T52MT02EBS001H0517F0517CC1085319996
3|1212|JUAN|JOSE|GOYES|DELACRUZ|TI|1081061609|2014-09-12|1|2|6|9998|3|1||8|07|||8|29.0|135|||2||||||||||||52UZPE01152001T52MT02EBS001H051752UZPE01152001T52MT02EBS001H0517F0517|52UZPE01152001T52MT02EBS001H051752UZPE01152001T52MT02EBS001H0517F0517TI1081061609
3|1213|MARTHA|GRACIELA|HERNANDEZ|JOSA|CC|27093898|1970-01-21|2|2|6|9998|3|1||7|07|||8|60.0|156|||2||||||||||||52UZPE01152001T52MT02EBS001H004352UZPE01152001T52MT02EBS001H0043F0043|52UZPE01152001T52MT02EBS001H004352UZPE01152001T52MT02EBS001H0043F0043CC27093898
3|1214|WILSON|NA|BOTINA|HERNANDEZ|CC|1085276549|1989-04-30|1|2|6|9510|3|1||7|07|||8|54.0|154|||2||||||||||||52UZPE01152001T52MT02EBS001H004352UZPE01152001T52MT02EBS001H0043F0043|52UZPE01152001T52MT02EBS001H004352UZPE01152001T52MT02EBS001H0043F0043CC1085276549
3|1215|ELIER|JOHNNY|BOTINA|HERNANDEZ|CC|1085339375|1998-03-15|1|2|6|9622|3|1||7|07|||8|66.0|166|||2||||||||||||52UZPE01152001T52MT02EBS001H004352UZPE01152001T52MT02EBS001H0043F0043|52UZPE01152001T52MT02EBS001H004352UZPE01152001T52MT02EBS001H0043F0043CC1085339375
3|1216|CLAUDIA|MIREYA|BOTINA|HERNANDEZ|CC|1085329450|1995-04-17|2|2|6|9998|3|1||7|07|||8|53.0|152|||2||||||||||||52UZPE01152001T52MT02EBS001H004352UZPE01152001T52MT02EBS001H0043F0043|52UZPE01152001T52MT02EBS001H004352UZPE01152001T52MT02EBS001H0043F0043CC1085329450
3|1217|FREDY|ROLAN|BOTINA|HERNANDEZ|CC|1085271746|1987-04-26|1|2|6|9622|3|1||7|07|||8|66.0|169|||2||||||||||||52UZPE01152001T52MT02EBS001H004352UZPE01152001T52MT02EBS001H0043F0043|52UZPE01152001T52MT02EBS001H004352UZPE01152001T52MT02EBS001H0043F0043CC1085271746
3|1218|JORGE|SAMUEL|BOTINA|NA|CC|5206163|1956-08-16|1|2|6|9622|3|1||3|07|||8|59.0|160|||2||||||||||||52UZPE01152001T52MT02EBS001H004352UZPE01152001T52MT02EBS001H0043F0043|52UZPE01152001T52MT02EBS001H004352UZPE01152001T52MT02EBS001H0043F0043CC5206163
3|1219|DEIVY|FERNANDO|BOTINA|HERNANDEZ|TI|1084194689|2011-08-18|1|2|6|9998|3|1||1|07|||8|36.0|137|||2||||||||||||52UZPE01152001T52MT02EBS001H004352UZPE01152001T52MT02EBS001H0043F0043|52UZPE01152001T52MT02EBS001H004352UZPE01152001T52MT02EBS001H0043F0043TI1084194689
3|1220|SILVIO|ORLANDO|PUPIALES|VILLOTA|CC|1085328142|1996-03-14|1|2|6|9510|3|1||7|07|||8|69.0|164|||2||||||||||||52UZPE01152001T52MT02EBS001H004652UZPE01152001T52MT02EBS001H0046F0046|52UZPE01152001T52MT02EBS001H004652UZPE01152001T52MT02EBS001H0046F0046CC1085328142
3|1221|MARIA|MAGDALENA|VILLOTA|GELPUD|CC|36755290|1956-09-11|2|2|6|9998|3|1||3|07|||8|60.0|152|||2||||||||||||52UZPE01152001T52MT02EBS001H004652UZPE01152001T52MT02EBS001H0046F0046|52UZPE01152001T52MT02EBS001H004652UZPE01152001T52MT02EBS001H0046F0046CC36755290
3|1222|DIANA|MARCELA|DIAZ|NARVAEZ|CC|1233190834|1997-06-15|2|2|6|9510|3|1||7|07|||8|56.0|150|||2||||||||||||52UZPE01152001T52MT02EBS001H004752UZPE01152001T52MT02EBS001H0047F0047|52UZPE01152001T52MT02EBS001H004752UZPE01152001T52MT02EBS001H0047F0047CC1233190834
3|1223|NEYMAR|CAMILO|POTOSI|RIOBAMBA|CC|1004437695|1998-08-03|1|2|6|9510|3|1||7|07|||8|67.0|170|||2||||||||||||52UZPE01152001T52MT02EBS001H004752UZPE01152001T52MT02EBS001H0047F0047|52UZPE01152001T52MT02EBS001H004752UZPE01152001T52MT02EBS001H0047F0047CC1004437695
3|1224|CARLOS|DANIEL|POTOSI|RIOBAMBA|CC|1004337697|1998-08-09|1|2|6|9510|3|1||7|07|||8|78.0|180|||2||||||||||||52UZPE01152001T52MT02EBS001H004752UZPE01152001T52MT02EBS001H0047F0047|52UZPE01152001T52MT02EBS001H004752UZPE01152001T52MT02EBS001H0047F0047CC1004337697
3|1225|JEISON|FERNEY|POTOSI|RIOBAMBA|CC|1084194105|2004-02-04|1|2|6|9510|3|1||7|07|||8|50.0|166|||2||||||||||||52UZPE01152001T52MT02EBS001H004752UZPE01152001T52MT02EBS001H0047F0047|52UZPE01152001T52MT02EBS001H004752UZPE01152001T52MT02EBS001H0047F0047CC1084194105
3|1226|EIDER|FERNANDO|POTOSI|RIOBAMBA|CC|1004437696|2000-06-08|1|2|6|9510|3|1||7|07|||8|56.0|166|||2||||||||||||52UZPE01152001T52MT02EBS001H004752UZPE01152001T52MT02EBS001H0047F0047|52UZPE01152001T52MT02EBS001H004752UZPE01152001T52MT02EBS001H0047F0047CC1004437696
3|1227|JENNY|MARIA|MATABANCHOY|PACIOS|CC|59816190|1969-12-28|2|2|1|9510|7|1||7|07|||8|64.0|155|||2||||||||||||52UZPE01152001T52MT02EBS001H051852UZPE01152001T52MT02EBS001H0518F0518|52UZPE01152001T52MT02EBS001H051852UZPE01152001T52MT02EBS001H0518F0518CC59816190
3|1228|ALVERTO|ALVERTO|TITUANI|MALDONADO|PT|250289|1971-01-24|1|2|1|9510|3|5||7|07|||8|61.0|155|||2||||||||||||52UZPE01152001T52MT02EBS001H051952UZPE01152001T52MT02EBS001H0519F0519|52UZPE01152001T52MT02EBS001H051952UZPE01152001T52MT02EBS001H0519F0519PT250289
3|1229|JOSE|ELIAS|JOJOA|JOJOA|CC|1804343|1943-05-04|1|2|2|9510|2|1||3|07|||2|54.0|156|||2||||||||||||52UZPE01152001T52MT02EBS001H052052UZPE01152001T52MT02EBS001H0520F0520|52UZPE01152001T52MT02EBS001H052052UZPE01152001T52MT02EBS001H0520F0520CC1804343
3|1230|MARIA|CONCEPCION|JOJOA|JOJOA|CC|27086557|1949-12-08|2|2|2|9998|2|1||3|07|||8|59.0|154|||2||||||||||||52UZPE01152001T52MT02EBS001H052052UZPE01152001T52MT02EBS001H0520F0520|52UZPE01152001T52MT02EBS001H052052UZPE01152001T52MT02EBS001H0520F0520CC27086557
3|1231|MARIA|ANTONIA|DELOSRIOS|RODRIGUES|TI|1084195207|2018-04-03|2|2|3|9998|3|1||8|01|||8|23.0|117|||2||||||||||||52UZPE01152001T52MT02EBS001H052152UZPE01152001T52MT02EBS001H0521F0521|52UZPE01152001T52MT02EBS001H052152UZPE01152001T52MT02EBS001H0521F0521TI1084195207
3|1232|ERICA|VIVIANA|RODRIGUES|QUISPE|CC|37088399|1984-09-08|2|2|1|9998|5|1||7|01|||8|64.0|165|||2||||||||||||52UZPE01152001T52MT02EBS001H052152UZPE01152001T52MT02EBS001H0521F0521|52UZPE01152001T52MT02EBS001H052152UZPE01152001T52MT02EBS001H0521F0521CC37088399
3|1233|ANGUIE|PAOLA|PAZ|JOJOA|CC|1085340997|1998-05-13|2|2|1|9998|5|1||7|01|||8|60.0|165|||2||||||||||||52UZPE01152001T52MT02EBS001H052252UZPE01152001T52MT02EBS001H0522F0522|52UZPE01152001T52MT02EBS001H052252UZPE01152001T52MT02EBS001H0522F0522CC1085340997
3|1234|GABRIEL|LIAM|HERNANDEZ|PAZ|RC|1084195371|2021-07-19|1|2|3|9998|3|1||8|01|||8|||||2||||||||||||52UZPE01152001T52MT02EBS001H052252UZPE01152001T52MT02EBS001H0522F0522|52UZPE01152001T52MT02EBS001H052252UZPE01152001T52MT02EBS001H0522F0522RC1084195371
3|1235|JESUS|OLMEDO|PAZ|SALAZAR|CC|12749998|1979-10-27|1|2|1|9510|2|1||7|01|||8|70.0|176|||2||||||||||||52UZPE01152001T52MT02EBS001H052352UZPE01152001T52MT02EBS001H0523F0523|52UZPE01152001T52MT02EBS001H052352UZPE01152001T52MT02EBS001H0523F0523CC12749998
3|1236|JHOANA|KATHERINE|PAZ|JOJOA|TI|1084194489|2009-02-01|2|2|3|9998|3|1||1|01|||8|57.0|159|||2||||||||||||52UZPE01152001T52MT02EBS001H052352UZPE01152001T52MT02EBS001H0523F0523|52UZPE01152001T52MT02EBS001H052352UZPE01152001T52MT02EBS001H0523F0523TI1084194489
3|1237|ALISON|SARITA|REALPE|JOJOA|TI|1086248507|2012-11-11|2|2|3|9998|3|1||1|01|||8|47.0|147|||2||||||||||||52UZPE01152001T52MT02EBS001H052452UZPE01152001T52MT02EBS001H0524F0524|52UZPE01152001T52MT02EBS001H052452UZPE01152001T52MT02EBS001H0524F0524TI1086248507
3|1238|NEYDA|YAMILE|JOJOA|JOJOA|CC|1085319735|1995-02-13|2|2|5|9998|3|1||7|01|||8|65.0|165|||2||||||||||||52UZPE01152001T52MT02EBS001H052452UZPE01152001T52MT02EBS001H0524F0524|52UZPE01152001T52MT02EBS001H052452UZPE01152001T52MT02EBS001H0524F0524CC1085319735
3|1239|ROSALBA|DELSOCORRO|LOPEZ|PAZ|CC|27086788|1963-03-27|2|2|2|9998|2|1||3|01|||8|75.0|165|||2||||||||||||52UZPE01152001T52MT02EBS001H052552UZPE01152001T52MT02EBS001H0525F0525|52UZPE01152001T52MT02EBS001H052552UZPE01152001T52MT02EBS001H0525F0525CC27086788
3|1240|JOSE|ROBERTO|QUIROZ|TREJO|CC|5206123|1960-10-12|1|2|2|9510|2|1||3|01|||8|17.0|70|||2||||||||||||52UZPE01152001T52MT02EBS001H052552UZPE01152001T52MT02EBS001H0525F0525|52UZPE01152001T52MT02EBS001H052552UZPE01152001T52MT02EBS001H0525F0525CC5206123
3|1241|EDISON|FERNANDO|QUIROZ|LOPEZ|CC|1085327249|1996-02-12|1|2|3|9510|3|1||7|01|||8|70.0|154|||2||||||||||||52UZPE01152001T52MT02EBS001H052552UZPE01152001T52MT02EBS001H0525F0525|52UZPE01152001T52MT02EBS001H052552UZPE01152001T52MT02EBS001H0525F0525CC1085327249
3|1242|GIMMY|ALEXANDER|RIASCOS|QUIROZ|TI|1105388043|2015-01-04|1|2|3|9998|3|2||8|01|||8|48.0|145|||2||||||||||||52UZPE01152001T52MT02EBS001H052652UZPE01152001T52MT02EBS001H0526F0526|52UZPE01152001T52MT02EBS001H052652UZPE01152001T52MT02EBS001H0526F0526TI1105388043
3|1243|JHON|JAIRO|RIASCOS|QUIROZ|CC|1084194251|2006-07-16|1|2|3|9998|3|2||7|01|||8|65.0|170|||2||||||||||||52UZPE01152001T52MT02EBS001H052652UZPE01152001T52MT02EBS001H0526F0526|52UZPE01152001T52MT02EBS001H052652UZPE01152001T52MT02EBS001H0526F0526CC1084194251
3|1244|JOHANA|ELIZABETH|QUIROZ|LOPEZ|CC|1085264400|1988-03-13|2|2|5|5169|5|2||7|01|||8|63.0|159|||2||||||||||||52UZPE01152001T52MT02EBS001H052652UZPE01152001T52MT02EBS001H0526F0526|52UZPE01152001T52MT02EBS001H052652UZPE01152001T52MT02EBS001H0526F0526CC1085264400
3|1245|IVAN|AFRANIO|JOSA|NARVAEZ|CC|13068182|1979-12-01|1|2|5|5169|3|2||7|01|||8|67.0|164|||2||||||||||||52UZPE01152001T52MT02EBS001H052752UZPE01152001T52MT02EBS001H0527F0527|52UZPE01152001T52MT02EBS001H052752UZPE01152001T52MT02EBS001H0527F0527CC13068182
3|1246|JUAN|OLIVERIO|NARVAEZ|LOPEZ|CC|129972554|1957-03-04|1|2|1|9998|1|1||3|07|||8|80.0|160|||2||||||||||||52UZPE01152001T52MT02EBS001H052852UZPE01152001T52MT02EBS001H0528F0528|52UZPE01152001T52MT02EBS001H052852UZPE01152001T52MT02EBS001H0528F0528CC129972554
3|1247|GIDO|NA|QUISPE|ORDONES|CC|1085245686|1983-08-07|1|2|1|9510|3|2||7|07|||8|78.0|185|||2||||||||||||52UZPE01152001T52MT02EBS001H052952UZPE01152001T52MT02EBS001H0529F0529|52UZPE01152001T52MT02EBS001H052952UZPE01152001T52MT02EBS001H0529F0529CC1085245686
3|1248|MELIDA|NA|YAMA|NA|CC|27086526|1937-12-31|2|2|1|9999|1|1||3|07|||8|48.0|148|||2||||||||||||52UZPE01152001T52MT02EBS001H053052UZPE01152001T52MT02EBS001H0530F0530|52UZPE01152001T52MT02EBS001H053052UZPE01152001T52MT02EBS001H0530F0530CC27086526
3|1249|FRANCISCO|ELIAS|DIAZ|ACOSTA|CC|98390758|1975-08-06|1|2|2|9510|3|1||7|07|||8|63.0|170|||2||||||||||||52UZPE01152001T52MT02EBS001H053152UZPE01152001T52MT02EBS001H0531F0531|52UZPE01152001T52MT02EBS001H053152UZPE01152001T52MT02EBS001H0531F0531CC98390758
3|1250|GLORIA|JANETH|CEBALLOS|NOTIENE|CC|27388295|1974-07-28|2|2|2|9998|3|1||7|07|||8|58.0|158|||2||||||||||||52UZPE01152001T52MT02EBS001H053152UZPE01152001T52MT02EBS001H0531F0531|52UZPE01152001T52MT02EBS001H053152UZPE01152001T52MT02EBS001H0531F0531CC27388295
3|1251|BAYRON|FRANCISCO|DIAZ|CEBALLOS|CC|1081274578|2005-04-28|1|2|3|9510|3|1||7|07|||8|66.0|160|||2||||||||||||52UZPE01152001T52MT02EBS001H053152UZPE01152001T52MT02EBS001H0531F0531|52UZPE01152001T52MT02EBS001H053152UZPE01152001T52MT02EBS001H0531F0531CC1081274578
3|1252|JOSE|ERICSON|JOSA|NARVAEZ|CC|80117889|1982-08-25|1|2|2|9510|2|1||7|01|||8|65.0|160|||2||||||||||||52UZPE01152001T52MT02EBS001H053252UZPE01152001T52MT02EBS001H0532F0532|52UZPE01152001T52MT02EBS001H053252UZPE01152001T52MT02EBS001H0532F0532CC80117889
3|1253|MARIA|ALEJANDRA|JOSA|HIGIDIO|CC|1080042815|2005-12-08|2|2|3|5169|5|2||7|01|||8|48.0|160|||2||||||||||||52UZPE01152001T52MT02EBS001H053252UZPE01152001T52MT02EBS001H0532F0532|52UZPE01152001T52MT02EBS001H053252UZPE01152001T52MT02EBS001H0532F0532CC1080042815
3|1254|SEBASTIAN|SANTIAGO|JOSA|HIGIDIO|CC|1004135618|2003-09-06|1|2|3|9622|5|1||7|01|||8|70.0|160|||2||||||||||||52UZPE01152001T52MT02EBS001H053252UZPE01152001T52MT02EBS001H0532F0532|52UZPE01152001T52MT02EBS001H053252UZPE01152001T52MT02EBS001H0532F0532CC1004135618
3|1255|DAVID|IGNACIO|RODRIGUES|QUISPE|CC|87060997|1983-05-04|1|2|1|9510|5|1||7|01|||8|76.0|167|||2||||||||||||52UZPE01152001T52MT02EBS001H053352UZPE01152001T52MT02EBS001H0533F0533|52UZPE01152001T52MT02EBS001H053352UZPE01152001T52MT02EBS001H0533F0533CC87060997
3|1256|LIVIA|ISABEL|VALLEJO|CRUZ|CC|66978154|1970-12-08|2|2|1|9998|5|1||7|01|||8|52.0|154|||2||||||||||||52UZPE01152001T52MT02EBS001H053352UZPE01152001T52MT02EBS001H0533F0533|52UZPE01152001T52MT02EBS001H053352UZPE01152001T52MT02EBS001H0533F0533CC66978154
3|1257|JULIAN|DAVID|RODRUGUES|VALLEJO|CC|1081273682|2004-07-23|1|2|3|9998|5|2||7|01|||8|53.0|162|||2||||||||||||52UZPE01152001T52MT02EBS001H053352UZPE01152001T52MT02EBS001H0533F0533|52UZPE01152001T52MT02EBS001H053352UZPE01152001T52MT02EBS001H0533F0533CC1081273682
3|1258|MARTIN|ERNESTO|RODRIGUES|VALLEJO|CC|1081276222|2006-12-29|1|2|3|9998|5|1||7|01|||8|65.0|172|||2||||||||||||52UZPE01152001T52MT02EBS001H053352UZPE01152001T52MT02EBS001H0533F0533|52UZPE01152001T52MT02EBS001H053352UZPE01152001T52MT02EBS001H0533F0533CC1081276222
3|1259|JUAN|JOSE|ROSERO|DELGADO|TI|1084195195|2018-01-23|1|2|3|9998|3|1||8|01|||8|25.0|114|||2||||||||||||52UZPE01152001T52MT02EBS001H053452UZPE01152001T52MT02EBS001H0534F0534|52UZPE01152001T52MT02EBS001H053452UZPE01152001T52MT02EBS001H0534F0534TI1084195195
3|1260|LINA|MARCELA|DELGADO|DELGADO|CC|25280080|1976-08-14|2|2|5|9998|4|1||7|01|||8|70.0|145|||2||||||||||||52UZPE01152001T52MT02EBS001H053452UZPE01152001T52MT02EBS001H0534F0534|52UZPE01152001T52MT02EBS001H053452UZPE01152001T52MT02EBS001H0534F0534CC25280080
3|1261|DUBAN|ALEXIS|PEJENDINO|JOSA|CC|1085334635|1997-04-21|1|2|1|9999|5|2||7|01|||8|65.0|165|||2||||||||||||52UZPE01152001T52MT02EBS001H053552UZPE01152001T52MT02EBS001H0535F0535|52UZPE01152001T52MT02EBS001H053552UZPE01152001T52MT02EBS001H0535F0535CC1085334635
3|1262|LEYDI|MARCELA|LUNA|JOSA|CC|1085339497|1998-03-18|2|2|1|9998|5|1||7|01|||8|61.0|151|||2||||||||||||52UZPE01152001T52MT02EBS001H053552UZPE01152001T52MT02EBS001H0535F0535|52UZPE01152001T52MT02EBS001H053552UZPE01152001T52MT02EBS001H0535F0535CC1085339497
3|1263|ALEX|EMANUEL|PEJENDINO|LUNA|RC|1084195313|2020-03-07|1|2|3|9998|3|1||8|01|||8|||||2||||||||||||52UZPE01152001T52MT02EBS001H053552UZPE01152001T52MT02EBS001H0535F0535|52UZPE01152001T52MT02EBS001H053552UZPE01152001T52MT02EBS001H0535F0535RC1084195313
3|1264|JANA|VALENTINA|PEJENDINO|LUNA|TI|1084195019|2015-07-25|1|2|3|9998|3|1||8|01|||8|35.0|135|||2||||||||||||52UZPE01152001T52MT02EBS001H053552UZPE01152001T52MT02EBS001H0535F0535|52UZPE01152001T52MT02EBS001H053552UZPE01152001T52MT02EBS001H0535F0535TI1084195019
3|1265|DANIEL|ALEXANDER|BOTINA|DIAZ|CC|1081053216|2004-07-30|1|2|3|9510|3|1||7|07|||8|74.0|180|||2||||||||||||52UZPE01152001T52MT02EBS001H053752UZPE01152001T52MT02EBS001H0537F0537|52UZPE01152001T52MT02EBS001H053752UZPE01152001T52MT02EBS001H0537F0537CC1081053216
3|1266|BENILDA|ESPERANZA|BOTINA|DIAZ|CC|36754287|1974-07-07|2|2|1|9510|2|1||7|07|||8|70.0|156|||2||||||||||||52UZPE01152001T52MT02EBS001H053752UZPE01152001T52MT02EBS001H0537F0537|52UZPE01152001T52MT02EBS001H053752UZPE01152001T52MT02EBS001H0537F0537CC36754287
3|1267|SANDRA|LUCIA|MORALES|ARCINIEGA|CC|36930952|1971-05-20|2|2|1|9998|3|1||7|07|||8|77.0|150|||2||||||||||||52UZPE01152001T52MT02EBS001H053852UZPE01152001T52MT02EBS001H0538F0538|52UZPE01152001T52MT02EBS001H053852UZPE01152001T52MT02EBS001H0538F0538CC36930952
3|1268|MARIA|OLGA|YAMA|NA|CC|59830170|1972-03-31|2|2|1|9510|2|1||7|07|||8|50.0|151|||2||||||||||||52UZPE01152001T52MT02EBS001H053952UZPE01152001T52MT02EBS001H0539F0539|52UZPE01152001T52MT02EBS001H053952UZPE01152001T52MT02EBS001H0539F0539CC59830170
3|1269|DIEGO|ANDRES|NARVAEZ|QUISPE|TI|1084194780|2012-07-31|1|2|3|9998|3|1||1|01|||8|55.0|155|||2||||||||||||52UZPE01152001T52MT02EBS001H054052UZPE01152001T52MT02EBS001H0540F0540|52UZPE01152001T52MT02EBS001H054052UZPE01152001T52MT02EBS001H0540F0540TI1084194780
3|1270|LAUARA|ISABEL|NARVAEZ|QUISPE|TI|1084194900|2014-01-24|2|2|3|9998|3|1||8|01|||8|44.0|135|||2||||||||||||52UZPE01152001T52MT02EBS001H054052UZPE01152001T52MT02EBS001H0540F0540|52UZPE01152001T52MT02EBS001H054052UZPE01152001T52MT02EBS001H0540F0540TI1084194900
3|1271|ANA|MARIA|QUISPE|PISCAL|CC|1085290647|2005-07-28|2|2|5|9998|5|1||7|01|||8|70.0|150|||2||||||||||||52UZPE01152001T52MT02EBS001H054052UZPE01152001T52MT02EBS001H0540F0540|52UZPE01152001T52MT02EBS001H054052UZPE01152001T52MT02EBS001H0540F0540CC1085290647
3|1272|KEVIN|ALEJANDRO|MEDINA|JOJOA|TI|1084194797|2012-09-24|1|2|3|9998|3|1||1|07|||8|47.0|156|||2||||||||||||52UZPE01152001T52MT02EBS001H054152UZPE01152001T52MT02EBS001H0541F0541|52UZPE01152001T52MT02EBS001H054152UZPE01152001T52MT02EBS001H0541F0541TI1084194797
3|1273|EDILMA|SOCORRO|JOJOA|CHANA|CC|1085304484|1992-09-14|2|2|5|9998|3|1||7|07|||8|59.0|159|||2||||||||||||52UZPE01152001T52MT02EBS001H054152UZPE01152001T52MT02EBS001H0541F0541|52UZPE01152001T52MT02EBS001H054152UZPE01152001T52MT02EBS001H0541F0541CC1085304484
3|1274|JEISON|NICOLAS|JOJOA|PISTALA|TI|1084195101|2016-11-16|1|2|3|9998|3|1||8|01|||8|27.0|130|||2||||||||||||52UZPE01152001T52MT02EBS001H054252UZPE01152001T52MT02EBS001H0542F0542|52UZPE01152001T52MT02EBS001H054252UZPE01152001T52MT02EBS001H0542F0542TI1084195101
3|1275|BEATRIZ|ROSARIO|PISTALA|NAZATE|CC|1085316825|1994-11-12|2|2|1|9622|5|1||7|01|||8|60.0|155|||2||||||||||||52UZPE01152001T52MT02EBS001H054252UZPE01152001T52MT02EBS001H0542F0542|52UZPE01152001T52MT02EBS001H054252UZPE01152001T52MT02EBS001H0542F0542CC1085316825
3|1276|LENNER|OSWALDO|BOTINA|MUNOZ|CC|1085313947|1993-04-04|1|2|5|9510|3|1||7|07|||8|73.0|166|||2||||||||||||52UZPE01152001T52MT02EBS001H054352UZPE01152001T52MT02EBS001H0543F0543|52UZPE01152001T52MT02EBS001H054352UZPE01152001T52MT02EBS001H0543F0543CC1085313947
3|1277|SARA|SAFIA|JOJOA|CUARAN|TI|1084194143|2012-03-30|2|2|3|9998|3|1||1|01|||8|48.0|150|||2||||||||||||52UZPE01152001T52MT02EBS001H054452UZPE01152001T52MT02EBS001H0544F0544|52UZPE01152001T52MT02EBS001H054452UZPE01152001T52MT02EBS001H0544F0544TI1084194143
3|1278|LUZ|ESTELA|CUARAN|CUARAN|CC|1085250317|1983-12-06|2|2|5|9998|5|1||7|01|||8|60.0|158|||2||||||||||||52UZPE01152001T52MT02EBS001H054452UZPE01152001T52MT02EBS001H0544F0544|52UZPE01152001T52MT02EBS001H054452UZPE01152001T52MT02EBS001H0544F0544CC1085250317
3|1279|EDUAR|ANDRES|JOJOA|JOJOA|CC|1085287245|1995-04-26|1|2|5|9510|5|1||7|01|||8|62.0|169|||2||||||||||||52UZPE01152001T52MT02EBS001H054452UZPE01152001T52MT02EBS001H0544F0544|52UZPE01152001T52MT02EBS001H054452UZPE01152001T52MT02EBS001H0544F0544CC1085287245
3|1280|MARIA|CARMEN|AGREDA|CHANA|CC|41180823|1964-08-01|2|2|5|9998|5|1||3|01|||8|70.0|162|||2||||||||||||52UZPE01152001T52MT02EBS001H054552UZPE01152001T52MT02EBS001H0545F0545|52UZPE01152001T52MT02EBS001H054552UZPE01152001T52MT02EBS001H0545F0545CC41180823
3|1281|JULIO|GABRIEL|MUCHABISOY|NA|CC|97470295|1962-09-25|1|2|5|9510|5|1||3|01|||8|70.0|169|||2||||||||||||52UZPE01152001T52MT02EBS001H054552UZPE01152001T52MT02EBS001H0545F0545|52UZPE01152001T52MT02EBS001H054552UZPE01152001T52MT02EBS001H0545F0545CC97470295
3|1282|WILMER|YOBANY|JOSA|GUERRA|CC|1085268908|1988-11-03|1|2|1|9510|3|1||7|07|||8|73.0|170|||2||||||||||||52UZPE01152001T52MT02EBS001H054652UZPE01152001T52MT02EBS001H0546F0546|52UZPE01152001T52MT02EBS001H054652UZPE01152001T52MT02EBS001H0546F0546CC1085268908
3|1283|MARIA|ANGEL|JOSA|ERAZO|TI|1030023124|2015-09-12|2|2|3|9998|3|1||8|01|||8|43.0|120|||2||||||||||||52UZPE01152001T52MT02EBS001H054652UZPE01152001T52MT02EBS001H0546F0546|52UZPE01152001T52MT02EBS001H054652UZPE01152001T52MT02EBS001H0546F0546TI1030023124
3|1284|CELESTE|ISABELA|JOSA|ERAZO|RC|1084195510|2025-06-17|2|2|3|9998|3|1||8|01|||8|||||2||||||||||||52UZPE01152001T52MT02EBS001H054652UZPE01152001T52MT02EBS001H0546F0546|52UZPE01152001T52MT02EBS001H054652UZPE01152001T52MT02EBS001H0546F0546RC1084195510
3|1285|HECTOR|HIPOLITO|BOTINA|LOPEZ|CC|12975346|1955-06-22|1|2|6|9998|3|1||3|07|||8|60.0|157|||2||||||||||||52UZPE01152001T52MT02EBS001H000252UZPE01152001T52MT02EBS001H0002F0002|52UZPE01152001T52MT02EBS001H000252UZPE01152001T52MT02EBS001H0002F0002CC12975346
3|1286|JOSE|ADAN|JOSA|JOSA|CC|12957235|1947-10-25|1|2|6|9510|3|1||3|07|||8|60.0|160|||2||||||||||||52UZPE01152001T52MT02EBS001H000852UZPE01152001T52MT02EBS001H0008F0008|52UZPE01152001T52MT02EBS001H000852UZPE01152001T52MT02EBS001H0008F0008CC12957235
3|1287|MARIA|LAURA|RECALDE|DETULCAN|CC|27086707|1947-08-20|2|2|6|9998|3|1||3|07|||8|56.0|159|||2||||||||||||52UZPE01152001T52MT02EBS001H004952UZPE01152001T52MT02EBS001H0049F0049|52UZPE01152001T52MT02EBS001H004952UZPE01152001T52MT02EBS001H0049F0049CC27086707
3|1288|BERTHA|CECILIA|HERNANDEZ|JOSA|CC|59827408|1972-01-24|2|2|6|9510|3|1||7|07|||8|67.0|153|||2||||||||||||52UZPE01152001T52MT02EBS001H005052UZPE01152001T52MT02EBS001H0050F0050|52UZPE01152001T52MT02EBS001H005052UZPE01152001T52MT02EBS001H0050F0050CC59827408
3|1289|GERMAN|HERIBERTO|JOSA|HERNANDEZ|CC|1085299611|1992-09-24|1|2|6|9510|3|1||7|07|||8|60.0|162|||2||||||||||||52UZPE01152001T52MT02EBS001H005052UZPE01152001T52MT02EBS001H0050F0050|52UZPE01152001T52MT02EBS001H005052UZPE01152001T52MT02EBS001H0050F0050CC1085299611
3|1290|ANGIE|CAROLINA|TULCAN|NARVAEZ|CC|1193136537|2000-06-08|2|2|6|9510|3|1||7|07|||8|60.0|160|||2||||||||||||52UZPE01152001T52MT02EBS001H005152UZPE01152001T52MT02EBS001H0051F0051|52UZPE01152001T52MT02EBS001H005152UZPE01152001T52MT02EBS001H0051F0051CC1193136537
3|1291|ANGIE|VALENTINA|POTOSY|TULCAN|TI|1233193419|2017-03-05|2|2|6|9998|3|1||8|07|||8|22.0|125|||2||||||||||||52UZPE01152001T52MT02EBS001H005152UZPE01152001T52MT02EBS001H0051F0051|52UZPE01152001T52MT02EBS001H005152UZPE01152001T52MT02EBS001H0051F0051TI1233193419
3|1292|GLADYS|NOREFIERE|RIOBAMBA|NARVAEZ|CC|36952564|1972-09-06|2|2|6|9998|3|1||7|07|||8|59.0|149|||2||||||||||||52UZPE01152001T52MT02EBS001H005252UZPE01152001T52MT02EBS001H0052F0052|52UZPE01152001T52MT02EBS001H005252UZPE01152001T52MT02EBS001H0052F0052CC36952564
3|1293|ANNA|SOFIA|POTOSY|RIOBAMBA|RC|1084194791|2012-09-15|2|2|6|9998|3|5||8|07|||8|31.0|144|||2||||||||||||52UZPE01152001T52MT02EBS001H005252UZPE01152001T52MT02EBS001H0052F0052|52UZPE01152001T52MT02EBS001H005252UZPE01152001T52MT02EBS001H0052F0052RC1084194791
3|1294|JOSE|ALIRIO|POTOSY|RAMOS|CC|98400456|1975-05-30|1|2|6|9510|3|1||7|07|||8|60.0|160|||2||||||||||||52UZPE01152001T52MT02EBS001H005252UZPE01152001T52MT02EBS001H0052F0052|52UZPE01152001T52MT02EBS001H005252UZPE01152001T52MT02EBS001H0052F0052CC98400456
3|1295|MARIA|NOREFIERE|QUINCHOA|MAVISOY|CC|59831570|1958-03-06|2|2|6|9510|3|1||3|07|||8|47.0|139|||2||||||||||||52UZPE01152001T52MT02EBS001H005352UZPE01152001T52MT02EBS001H0053F0053|52UZPE01152001T52MT02EBS001H005352UZPE01152001T52MT02EBS001H0053F0053CC59831570
3|1296|JOSE|ABRAHAM|CRUZ|DESCANCE|CC|12977002|1961-12-21|1|2|6|9510|3|1||3|07|||8|65.0|170|||2||||||||||||52UZPE01152001T52MT02EBS001H005452UZPE01152001T52MT02EBS001H0054F0054|52UZPE01152001T52MT02EBS001H005452UZPE01152001T52MT02EBS001H0054F0054CC12977002
3|1297|MARIA|MIRIAM|RECALDE|NOTIENE|CC|27086793|1954-08-10|2|2|6|9998|3|1||3|07|||8|70.0|155|||2||||||||||||52UZPE01152001T52MT02EBS001H005452UZPE01152001T52MT02EBS001H0054F0054|52UZPE01152001T52MT02EBS001H005452UZPE01152001T52MT02EBS001H0054F0054CC27086793
3|1298|JOSE|LIBARDO|CRUZ|RECALDE|CC|1085257535|1984-11-26|1|2|6|9510|3|1||7|07|||8|65.0|170|||2||||||||||||52UZPE01152001T52MT02EBS001H005552UZPE01152001T52MT02EBS001H0055F0055|52UZPE01152001T52MT02EBS001H005552UZPE01152001T52MT02EBS001H0055F0055CC1085257535
3|1299|EVELYN|YISEL|CRUZ|DESCANCE|TI|1084194915|2014-04-29|2|2|6|9998|3|1||8|07|||8|35.0|142|||2||||||||||||52UZPE01152001T52MT02EBS001H005552UZPE01152001T52MT02EBS001H0055F0055|52UZPE01152001T52MT02EBS001H005552UZPE01152001T52MT02EBS001H0055F0055TI1084194915
3|1300|YULIANA|VALENTINA|CRUZ|DESCANSE|RC|1084195143|2016-05-14|2|2|6|9998|3|1||8|07|||8|29.0|118|||2||||||||||||52UZPE01152001T52MT02EBS001H005552UZPE01152001T52MT02EBS001H0055F0055|52UZPE01152001T52MT02EBS001H005552UZPE01152001T52MT02EBS001H0055F0055RC1084195143
3|1301|NUVIA|DELCARMEN|DESCANSE|ROJAS|CC|36758908|1980-03-23|2|2|6|9998|3|1||7|07|||8|60.0|156|||2||||||||||||52UZPE01152001T52MT02EBS001H005552UZPE01152001T52MT02EBS001H0055F0055|52UZPE01152001T52MT02EBS001H005552UZPE01152001T52MT02EBS001H0055F0055CC36758908
3|1302|ALBA|LUCIA|CRUZ|DESCANCE|CC|30746687|1967-12-27|2|2|6|9998|3|1||7|07|||8|55.0|155|||2||||||||||||52UZPE01152001T52MT02EBS001H005652UZPE01152001T52MT02EBS001H0056F0056|52UZPE01152001T52MT02EBS001H005652UZPE01152001T52MT02EBS001H0056F0056CC30746687
3|1303|OSCAR|FERNEY|CRUZ|PEREZ|TI|1084194864|2013-07-08|1|2|6|9998|3|1||8|07|||8|25.0|130|||2||||||||||||52UZPE01152001T52MT02EBS001H005752UZPE01152001T52MT02EBS001H0057F0057|52UZPE01152001T52MT02EBS001H005752UZPE01152001T52MT02EBS001H0057F0057TI1084194864
3|1304|LUCIO|ALBERTO|CRUZ|DESCANSE|CC|12747758|1972-05-14|1|2|6|9510|3|1||7|07|||8|56.0|153|||2||||||||||||52UZPE01152001T52MT02EBS001H005752UZPE01152001T52MT02EBS001H0057F0057|52UZPE01152001T52MT02EBS001H005752UZPE01152001T52MT02EBS001H0057F0057CC12747758
3|1305|OMAIRA|DELROSARIO|PEREZ|RECALDE|CC|37082295|1981-11-16|2|2|6|9998|3|1||7|07|||8|54.0|158|||2||||||||||||52UZPE01152001T52MT02EBS001H005752UZPE01152001T52MT02EBS001H0057F0057|52UZPE01152001T52MT02EBS001H005752UZPE01152001T52MT02EBS001H0057F0057CC37082295
3|1306|MAGALI|DELCARMEN|CRUZ|PEREZ|TI|1084194620|2010-05-20|2|2|6|9998|3|1||1|07|||8|44.0|150|||2||||||||||||52UZPE01152001T52MT02EBS001H005752UZPE01152001T52MT02EBS001H0057F0057|52UZPE01152001T52MT02EBS001H005752UZPE01152001T52MT02EBS001H0057F0057TI1084194620
3|1307|NILSON|ESTEBAN|CRUZ|PEREZ|TI|1084194353|2007-09-13|1|2|6|9998|3|1||1|07|||8|62.0|160|||2||||||||||||52UZPE01152001T52MT02EBS001H005752UZPE01152001T52MT02EBS001H0057F0057|52UZPE01152001T52MT02EBS001H005752UZPE01152001T52MT02EBS001H0057F0057TI1084194353
3|1308|YULIA|ANDREA|JOSA|PEREZ|TI|1084194751|2012-05-02|2|2|6|9998|3|1||1|07|||8|30.0|125|||2||||||||||||52UZPE01152001T52MT02EBS001H005852UZPE01152001T52MT02EBS001H0058F0058|52UZPE01152001T52MT02EBS001H005852UZPE01152001T52MT02EBS001H0058F0058TI1084194751
3|1309|DANIELA|ESMERALDA|JOSA|PEREZ|TI|1084194419|2008-05-02|2|2|6|9998|3|1||1|07|||8|42.0|142|||2||||||||||||52UZPE01152001T52MT02EBS001H005852UZPE01152001T52MT02EBS001H0058F0058|52UZPE01152001T52MT02EBS001H005852UZPE01152001T52MT02EBS001H0058F0058TI1084194419
3|1310|LEONOR|EDILMA|PEREZ|RECALDE|CC|1085293422|1988-10-01|2|2|6|9998|3|1||7|07|||8|50.0|150|||2||||||||||||52UZPE01152001T52MT02EBS001H005852UZPE01152001T52MT02EBS001H0058F0058|52UZPE01152001T52MT02EBS001H005852UZPE01152001T52MT02EBS001H0058F0058CC1085293422
3|1311|FABIAN|NINGUNO|JOSA|BOTINA|CC|87069019|1982-03-28|1|2|6|9510|3|1||7|07|||8|68.0|170|||2||||||||||||52UZPE01152001T52MT02EBS001H005852UZPE01152001T52MT02EBS001H0058F0058|52UZPE01152001T52MT02EBS001H005852UZPE01152001T52MT02EBS001H0058F0058CC87069019
3|1312|ERIKA|JOHANNA|QUEJUAN|HERNANDEZ|CC|1905033|1937-06-21|1|2|6|9998|3|1||3|07|||2|65.0|162|||2||||||||||||52UZPE01152001T52MT02EBS001H005952UZPE01152001T52MT02EBS001H0059F0059|52UZPE01152001T52MT02EBS001H005952UZPE01152001T52MT02EBS001H0059F0059CC1905033
3|1313|JULIO|CESAR|PUPIALES|CADENA|CC|5201434|1940-10-31|1|2|6|9999|3|1||3|07|||1|64.0|160|||2||||||||||||52UZPE01152001T52MT02EBS001H006052UZPE01152001T52MT02EBS001H0060F0060|52UZPE01152001T52MT02EBS001H006052UZPE01152001T52MT02EBS001H0060F0060CC5201434
3|1314|DIANA|MILENA|PUPIALES|SALAZAR|TI|1084194790|2012-10-25|2|2|6|9998|3|1||8|07|||8|42.0|148|||2||||||||||||52UZPE01152001T52MT02EBS001H006152UZPE01152001T52MT02EBS001H0061F0061|52UZPE01152001T52MT02EBS001H006152UZPE01152001T52MT02EBS001H0061F0061TI1084194790
3|1315|MONICA|LISETH|PUPIALES|ZALAZAR|TI|1084194529|2009-06-18|2|2|6|9998|3|1||1|07|||8|48.0|150|||2||||||||||||52UZPE01152001T52MT02EBS001H006152UZPE01152001T52MT02EBS001H0061F0061|52UZPE01152001T52MT02EBS001H006152UZPE01152001T52MT02EBS001H0061F0061TI1084194529
3|1316|DANIEL|AVEIRO|PUPIALES|SALAZAR|TI|1084195002|2015-05-10|1|2|6|9998|3|1||8|07|||8|40.0|145|||2||||||||||||52UZPE01152001T52MT02EBS001H006152UZPE01152001T52MT02EBS001H0061F0061|52UZPE01152001T52MT02EBS001H006152UZPE01152001T52MT02EBS001H0061F0061TI1084195002
3|1317|JOSE|GERARDO|PUPIALES|VILLOTA|CC|1085258|1983-09-13|1|2|6|9510|3|1||7|07|||8|62.0|160|||2||||||||||||52UZPE01152001T52MT02EBS001H006152UZPE01152001T52MT02EBS001H0061F0061|52UZPE01152001T52MT02EBS001H006152UZPE01152001T52MT02EBS001H0061F0061CC1085258
3|1318|DEXY|DELSOCORRO|SALAZAR|PEJENDINO|CC|1085290643|1991-08-10|2|2|6|9510|3|1||7|07|||8|55.0|150|||2||||||||||||52UZPE01152001T52MT02EBS001H006152UZPE01152001T52MT02EBS001H0061F0061|52UZPE01152001T52MT02EBS001H006152UZPE01152001T52MT02EBS001H0061F0061CC1085290643
3|1319|GORGEL|ROLANDO|TULCAN|BOTINA|CC|1085247050|1985-12-17|1|2|6|9510|3|5||7|07|||8|67.0|165|||2||||||||||||52UZPE01152001T52MT02EBS001H006252UZPE01152001T52MT02EBS001H0062F0062|52UZPE01152001T52MT02EBS001H006252UZPE01152001T52MT02EBS001H0062F0062CC1085247050
3|1320|PAOLA|ANDREA|POTOSI|RIOBAMBA|CC|1085330652|1995-11-07|2|2|6|9998|3|1||7|07|||8|55.0|149|||2||||||||||||52UZPE01152001T52MT02EBS001H006252UZPE01152001T52MT02EBS001H0062F0062|52UZPE01152001T52MT02EBS001H006252UZPE01152001T52MT02EBS001H0062F0062CC1085330652
3|1321|BRILLITH|PAULINA|TULCAN|POTOSI|TI|1081282132|2011-09-19|2|2|6|9998|3|1||1|07|||8|44.0|153|||2||||||||||||52UZPE01152001T52MT02EBS001H006252UZPE01152001T52MT02EBS001H0062F0062|52UZPE01152001T52MT02EBS001H006252UZPE01152001T52MT02EBS001H0062F0062TI1081282132
3|1322|ANDERSON|SANTIAGO|PAZ|CUAICAN|TI|1084195032|2015-09-19|1|2|6|9998|3|1||8|07|||8|30.0|110|||2||||||||||||52UZPE01152001T52MT02EBS001H006352UZPE01152001T52MT02EBS001H0063F0063|52UZPE01152001T52MT02EBS001H006352UZPE01152001T52MT02EBS001H0063F0063TI1084195032
3|1323|SERGIO|HERNAN|NARVAEZ|BOTINA|CC|98380348|1970-05-16|1|2|6|9510|3|1||7|07|||8|75.0|161|||2||||||||||||52UZPE01152001T52MT02EBS001H006352UZPE01152001T52MT02EBS001H0063F0063|52UZPE01152001T52MT02EBS001H006352UZPE01152001T52MT02EBS001H0063F0063CC98380348
3|1324|DAVID|ALEJANDRO|NARVAEZ|CUAICAN|RC|1081286729|2017-12-05|1|2|6|9998|3|1||8|07|||8|28.0|115|||2||||||||||||52UZPE01152001T52MT02EBS001H006352UZPE01152001T52MT02EBS001H0063F0063|52UZPE01152001T52MT02EBS001H006352UZPE01152001T52MT02EBS001H0063F0063RC1081286729
3|1325|CLAUDIA|FERNANDA|CUAYCAN|MUNOZ|CC|1085288410|1990-07-14|2|2|5|9510|5|1||7|07|||8|60.0|150|||2||||||||||||52UZPE01152001T52MT02EBS001H006352UZPE01152001T52MT02EBS001H0063F0063|52UZPE01152001T52MT02EBS001H006352UZPE01152001T52MT02EBS001H0063F0063CC1085288410
3|1326|FANNY|AMPARO|BOTINA|GALLARDO|CC|1085302076|1992-10-29|2|2|6|9998|3|1||7|07|||8|40.0|153|||2||||||||||||52UZPE01152001T52MT02EBS001H006452UZPE01152001T52MT02EBS001H0064F0064|52UZPE01152001T52MT02EBS001H006452UZPE01152001T52MT02EBS001H0064F0064CC1085302076
3|1327|JUAN|ANDRES|JOSA|BOTINA|TI|1084194803|2012-12-09|1|2|6|9998|3|1||8|07|||8|48.0|153|||2||||||||||||52UZPE01152001T52MT02EBS001H006452UZPE01152001T52MT02EBS001H0064F0064|52UZPE01152001T52MT02EBS001H006452UZPE01152001T52MT02EBS001H0064F0064TI1084194803
3|1328|GERMAN|ARTEMIO|VENEGAS|OBANDO|CC|1085259433|1986-11-19|1|2|6|9510|3|1||7|07|||8|65.0|163|||2||||||||||||52UZPE01152001T52MT02EBS001H006452UZPE01152001T52MT02EBS001H0064F0064|52UZPE01152001T52MT02EBS001H006452UZPE01152001T52MT02EBS001H0064F0064CC1085259433
3|1329|MEDARDO|NINGUNO|BOTINA|JOJOA|CC|5206202|1953-09-20|1|2|6|9510|3|1||3|07|||8|55.0|163|||2||||||||||||52UZPE01152001T52MT02EBS001H006552UZPE01152001T52MT02EBS001H0065F0065|52UZPE01152001T52MT02EBS001H006552UZPE01152001T52MT02EBS001H0065F0065CC5206202
3|1330|GLORIA|DELCARMEN|CORAL|NINGUNO|CC|27094213|1976-09-07|2|2|6|9998|3|1||7|07|||8|53.0|146|||2||||||||||||52UZPE01152001T52MT02EBS001H006552UZPE01152001T52MT02EBS001H0065F0065|52UZPE01152001T52MT02EBS001H006552UZPE01152001T52MT02EBS001H0065F0065CC27094213
3|1331|JESUS|ENRIQUE|JOJOA|HIDALGO|CC|12978152|1962-06-04|1|2|6|5169|3|1||3|07|||8|71.0|167|||2||||||||||||52UZPE01152001T52MT02EBS001H006852UZPE01152001T52MT02EBS001H0068F0068|52UZPE01152001T52MT02EBS001H006852UZPE01152001T52MT02EBS001H0068F0068CC12978152
3|1332|VICTORIA|EUGENIA|BETANCOURTH|ARREDONDO|CC|42972279|1959-04-26|2|2|6|9510|3|2||3|07|||8|60.0|156|||2||||||||||||52UZPE01152001T52MT02EBS001H007052UZPE01152001T52MT02EBS001H0070F0070|52UZPE01152001T52MT02EBS001H007052UZPE01152001T52MT02EBS001H0070F0070CC42972279
3|1333|JAIRO|ROBERTO|YEPEZ|MORA|CC|70079132|1956-10-11|1|2|6|9510|3|2||3|07|||8|75.0|172|||2||||||||||||52UZPE01152001T52MT02EBS001H007052UZPE01152001T52MT02EBS001H0070F0070|52UZPE01152001T52MT02EBS001H007052UZPE01152001T52MT02EBS001H0070F0070CC70079132
3|1334|MARIA|ELISA|BOTINA|VENEGAS|CC|30724313|1959-12-30|2|2|6|9998|3|1||3|07|||8|64.0|156|||2||||||||||||52UZPE01152001T52MT02EBS001H006952UZPE01152001T52MT02EBS001H0069F0069|52UZPE01152001T52MT02EBS001H006952UZPE01152001T52MT02EBS001H0069F0069CC30724313
3|1335|BEATRIZ|NOTIENE|VALENZUELA|VELASQUEZ|CC|30740966|1962-05-18|2|2|6|9998|3|1||3|07|||8|60.0|143|||2||||||||||||52UZPE01152001T52MT02EBS001H007152UZPE01152001T52MT02EBS001H0071F0071|52UZPE01152001T52MT02EBS001H007152UZPE01152001T52MT02EBS001H0071F0071CC30740966
3|1336|FRANCA|NOTIENE|BOTINA|VENEGAS|CC|27086575|1950-11-16|2|2|6|9998|3|1||3|07|||8|63.0|158|||2||||||||||||52UZPE01152001T52MT02EBS001H007352UZPE01152001T52MT02EBS001H0073F0073|52UZPE01152001T52MT02EBS001H007352UZPE01152001T52MT02EBS001H0073F0073CC27086575
3|1337|WILLIAM|TOMAS|MIRAMAG|TULCAN|CC|1085287564|1991-01-28|1|2|6|9510|3|1||7|07|||8|69.0|160|||2||||||||||||52UZPE01152001T52MT02EBS001H007552UZPE01152001T52MT02EBS001H0075F0075|52UZPE01152001T52MT02EBS001H007552UZPE01152001T52MT02EBS001H0075F0075CC1085287564
3|1338|ADRIANA|ELIZABETH|MIRAMAG|NARVAEZ|RC|1084195162|2017-07-28|2|2|6|9998|3|1||8|07|||8|23.0|108|||2||||||||||||52UZPE01152001T52MT02EBS001H007552UZPE01152001T52MT02EBS001H0075F0075|52UZPE01152001T52MT02EBS001H007552UZPE01152001T52MT02EBS001H0075F0075RC1084195162
3|1339|JAQULINE|ALEJANDRA|MIRAMAG|NARVAEZ|RC|1084195441|2023-01-18|2|2|6|9998|3|1||8|07|||8|||||2||||||||||||52UZPE01152001T52MT02EBS001H007552UZPE01152001T52MT02EBS001H0075F0075|52UZPE01152001T52MT02EBS001H007552UZPE01152001T52MT02EBS001H0075F0075RC1084195441
3|1340|JORGE|OCTAVIO|MATABANCHOY|GUERRERO|CC|12988455|1961-05-28|1|2|6|9510|3|1||3|07|||8|62.0|160|||2||||||||||||52UZPE01152001T52MT02EBS001H007652UZPE01152001T52MT02EBS001H0076F0076|52UZPE01152001T52MT02EBS001H007652UZPE01152001T52MT02EBS001H0076F0076CC12988455
3|1341|ALBERTO|NOREFIERE|JOJOA|JOJOA|CC|1804330|1940-01-20|1|2|6|9510|3|1||3|07|||8|56.0|155|||2||||||||||||52UZPE01152001T52MT02EBS001H007952UZPE01152001T52MT02EBS001H0079F0079|52UZPE01152001T52MT02EBS001H007952UZPE01152001T52MT02EBS001H0079F0079CC1804330
3|1342|TEOFILA|NOREFIERE|BOTINA|JOJOA|CC|27086848|1950-07-03|2|2|6|9998|3|1||3|07|||8|61.0|152|||2||||||||||||52UZPE01152001T52MT02EBS001H007952UZPE01152001T52MT02EBS001H0079F0079|52UZPE01152001T52MT02EBS001H007952UZPE01152001T52MT02EBS001H0079F0079CC27086848
3|1343|MARIA|JESUS|JOJOA|BOTINA|CC|27086846|1943-11-02|2|2|6|9998|3|1||3|07|||8|46.0|154|||2||||||||||||52UZPE01152001T52MT02EBS001H008152UZPE01152001T52MT02EBS001H0081F0081|52UZPE01152001T52MT02EBS001H008152UZPE01152001T52MT02EBS001H0081F0081CC27086846
3|1344|BOLIVAR|JESUS|DELACRUZ|MENESES|CC|1804233|1936-12-25|1|2|6|9998|3|1||3|07|||8|63.0|161|||2||||||||||||52UZPE01152001T52MT02EBS001H008152UZPE01152001T52MT02EBS001H0081F0081|52UZPE01152001T52MT02EBS001H008152UZPE01152001T52MT02EBS001H0081F0081CC1804233
3|1345|GUILLERMO|ANDRES|MATABANCHOY|BASANTE|CC|1085258493|1985-11-25|1|2|3|9510|2|5||7|07|||8|60.0|155|||2||||||||||||52UZPE01152001T52MT02EBS001H007752UZPE01152001T52MT02EBS001H0077F0077|52UZPE01152001T52MT02EBS001H007752UZPE01152001T52MT02EBS001H0077F0077CC1085258493
3|1346|MONICA|ESPERANZA|MATABANCHOY|BASANTE|CC|1085344815|1999-03-31|2|2|3|9998|3|1||7|07|||8|62.0|154|||2||||||||||||52UZPE01152001T52MT02EBS001H007752UZPE01152001T52MT02EBS001H0077F0077|52UZPE01152001T52MT02EBS001H007752UZPE01152001T52MT02EBS001H0077F0077CC1085344815
3|1347|IGNACIO|EFREN|MATABANCHOY|GUERRERO|CC|5206055|1953-02-20|1|2|6|9510|3|1||3|07|||8|72.0|155|||2||||||||||||52UZPE01152001T52MT02EBS001H007752UZPE01152001T52MT02EBS001H0077F0077|52UZPE01152001T52MT02EBS001H007752UZPE01152001T52MT02EBS001H0077F0077CC5206055
3|1348|SEGUNDO|EFREN|MATABANCHOY|BASANTE|CC|12753160|1980-03-06|1|2|6|5169|3|1||7|07|||8|72.0|155|||2||||||||||||52UZPE01152001T52MT02EBS001H007752UZPE01152001T52MT02EBS001H0077F0077|52UZPE01152001T52MT02EBS001H007752UZPE01152001T52MT02EBS001H0077F0077CC12753160
3|1349|RICARDO|ANTONIO|MATABANCHOY|BASANTE|CC|87062252|1981-12-08|1|2|6|5169|3|2||7|07|||8|55.0|157|||2||||||||||||52UZPE01152001T52MT02EBS001H007752UZPE01152001T52MT02EBS001H0077F0077|52UZPE01152001T52MT02EBS001H007752UZPE01152001T52MT02EBS001H0077F0077CC87062252
3|1350|HERNAN|NA|MATABANCHOY|BASANTE|CC|1085273504|1987-01-15|1|2|6|9510|3|1||7|07|||8|58.0|157|||2||||||||||||52UZPE01152001T52MT02EBS001H007752UZPE01152001T52MT02EBS001H0077F0077|52UZPE01152001T52MT02EBS001H007752UZPE01152001T52MT02EBS001H0077F0077CC1085273504
3|1351|JORGE|SAMUEL|JOJOA|BOTINA|CC|98396123|1974-03-18|1|2|6|9510|3|1||7|07|||8|50.0|155|||2||||||||||||52UZPE01152001T52MT02EBS001H008052UZPE01152001T52MT02EBS001H0080F0080|52UZPE01152001T52MT02EBS001H008052UZPE01152001T52MT02EBS001H0080F0080CC98396123
3|1352|JAVIER|NA|LARA|ENRIQUEZ|CC|1085304888|1933-05-12|1|2|6|9510|3|1||3|07|||8|83.0|164|||2||||||||||||52UZPE01152001T52MT02EBS001H008252UZPE01152001T52MT02EBS001H0082F0082|52UZPE01152001T52MT02EBS001H008252UZPE01152001T52MT02EBS001H0082F0082CC1085304888
3|1353|JULIANA|ALEJANDRA|ENRIQUEZ|CUATINDIOY|RC|1084195351|2021-02-18|2|2|6|9998|3|1||8|07|||8|||||2||||||||||||52UZPE01152001T52MT02EBS001H008252UZPE01152001T52MT02EBS001H0082F0082|52UZPE01152001T52MT02EBS001H008252UZPE01152001T52MT02EBS001H0082F0082RC1084195351
3|1354|MARTHA|XIMENA|CUATINDIOY|BOTINA|CC|1121506844|1989-02-01|2|2|6|9998|3|1||7|07|||8|71.0|150|||2||||||||||||52UZPE01152001T52MT02EBS001H008252UZPE01152001T52MT02EBS001H0082F0082|52UZPE01152001T52MT02EBS001H008252UZPE01152001T52MT02EBS001H0082F0082CC1121506844
3|1355|MARIA|DEJESUS|TULCAN|DEMAIGUAL|CC|30731060|1950-07-18|2|2|6|9998|3|1||3|07|||8|50.0|149|||2||||||||||||52UZPE01152001T52MT02EBS001H008652UZPE01152001T52MT02EBS001H0086F0086|52UZPE01152001T52MT02EBS001H008652UZPE01152001T52MT02EBS001H0086F0086CC30731060
3|1356|MANUEL|NARCISO|MIRAMAG|MAIGUAL|CC|12952605|1947-10-24|1|2|6|9510|3|1||3|07|||2|58.0|160|||2||||||||||||52UZPE01152001T52MT02EBS001H008652UZPE01152001T52MT02EBS001H0086F0086|52UZPE01152001T52MT02EBS001H008652UZPE01152001T52MT02EBS001H0086F0086CC12952605
3|1357|MANUEL|NARCISO|MIRAMAG|TULCAN|CC|1085253578|1984-05-06|1|2|6|9510|3|1||7|07|||8|69.0|165|||2||||||||||||52UZPE01152001T52MT02EBS001H008352UZPE01152001T52MT02EBS001H0083F0083|52UZPE01152001T52MT02EBS001H008352UZPE01152001T52MT02EBS001H0083F0083CC1085253578
3|1358|ROSA|DELTRANSITO|MIRAMAG|TULCAN|CC|1083752906|1988-08-20|2|2|2|9998|2|1||7|07|||8|45.0|143|||2||||||||||||52UZPE01152001T52MT02EBS001H008352UZPE01152001T52MT02EBS001H0083F0083|52UZPE01152001T52MT02EBS001H008352UZPE01152001T52MT02EBS001H0083F0083CC1083752906
3|1359|FATIMA|VICTORIA|MIRAMAG|TULCAN|CC|1085302987|1993-02-05|2|2|6|9998|3|1||7|07|||8|58.0|160|||2||||||||||||52UZPE01152001T52MT02EBS001H008452UZPE01152001T52MT02EBS001H0084F0084|52UZPE01152001T52MT02EBS001H008452UZPE01152001T52MT02EBS001H0084F0084CC1085302987
3|1360|LUIS|GIRALDO|MATABANCHOY|GUERRERO|CC|12999088|1966-07-01|1|2|6|9510|3|1||7|07|||8|69.0|165|||2||||||||||||52UZPE01152001T52MT02EBS001H008752UZPE01152001T52MT02EBS001H0087F0087|52UZPE01152001T52MT02EBS001H008752UZPE01152001T52MT02EBS001H0087F0087CC12999088
3|1361|JESUS|ARMANDO|JOSSA|VALENZUELA|CC|1085269690|1988-09-04|1|2|6|9510|3|1||7|07|||8|68.0|160|||2||||||||||||52UZPE01152001T52MT02EBS001H007252UZPE01152001T52MT02EBS001H0072F0072|52UZPE01152001T52MT02EBS001H007252UZPE01152001T52MT02EBS001H0072F0072CC1085269690
3|1362|SILVIO|HORACIO|JOJOA|BOTINA|CC|5206263|1967-10-22|1|2|6|9510|3|1||7|07|||8|60.0|165|||2||||||||||||52UZPE01152001T52MT02EBS001H007452UZPE01152001T52MT02EBS001H0074F0074|52UZPE01152001T52MT02EBS001H007452UZPE01152001T52MT02EBS001H0074F0074CC5206263
3|1363|RUDIT|JANETH|PAZ|BOTINA|CC|36954581|1981-05-26|2|2|6|9998|3|1||7|07|||8|60.0|154|||2||||||||||||52UZPE01152001T52MT02EBS001H007452UZPE01152001T52MT02EBS001H0074F0074|52UZPE01152001T52MT02EBS001H007452UZPE01152001T52MT02EBS001H0074F0074CC36954581
3|1364|LUISA|FERNANDA|TEPUD|CUATINDIOY|CC|1193036204|2003-11-18|2|2|5|9510|5|1||7|01|||8|60.0|160|||2||||||||||||52UZPE01152001T52MT02EBS001H008852UZPE01152001T52MT02EBS001H0088F0088|52UZPE01152001T52MT02EBS001H008852UZPE01152001T52MT02EBS001H0088F0088CC1193036204
3|1365|JUAN|FELIPE|TEPUD|JOJOA|RC|1084195274|2019-08-16|1|2|6|9998|3|1||8|07|||8|||||2||||||||||||52UZPE01152001T52MT02EBS001H008852UZPE01152001T52MT02EBS001H0088F0088|52UZPE01152001T52MT02EBS001H008852UZPE01152001T52MT02EBS001H0088F0088RC1084195274
3|1366|BENILDA|NA|BOTINA|VENEGAS|CC|27086702|1956-10-17|2|2|6|9998|3|1||3|07|||8|64.0|156|||2||||||||||||52UZPE01152001T52MT02EBS001H008952UZPE01152001T52MT02EBS001H0089F0089|52UZPE01152001T52MT02EBS001H008952UZPE01152001T52MT02EBS001H0089F0089CC27086702
3|1367|LUIS|NA|CUATINDIOY|NA|CC|97471273|1966-02-26|1|2|6|9510|3|1||7|07|||8|60.0|164|||2||||||||||||52UZPE01152001T52MT02EBS001H008952UZPE01152001T52MT02EBS001H0089F0089|52UZPE01152001T52MT02EBS001H008952UZPE01152001T52MT02EBS001H0089F0089CC97471273
3|1368|ALBA|ALICIA|HIDALGO|JOJOA|CC|30741891|1964-02-11|2|2|6|9998|3|1||3|07|||8|60.0|164|||2||||||||||||52UZPE01152001T52MT02EBS001H009252UZPE01152001T52MT02EBS001H0092F0092|52UZPE01152001T52MT02EBS001H009252UZPE01152001T52MT02EBS001H0092F0092CC30741891
3|1369|JOSE|ALVARO|TORRES|NINGUNO|CC|12991028|1965-05-10|1|2|6|9510|3|1||7|07|||8|65.0|164|||2||||||||||||52UZPE01152001T52MT02EBS001H009252UZPE01152001T52MT02EBS001H0092F0092|52UZPE01152001T52MT02EBS001H009252UZPE01152001T52MT02EBS001H0092F0092CC12991028
3|1370|ROSA|AURAELISA|JOJOA|JOJOA|CC|1192735174|1955-11-10|2|2|6|9998|3|1||3|07|||8|15.0|46|||2||||||||||||52UZPE01152001T52MT02EBS001H009052UZPE01152001T52MT02EBS001H0090F0090|52UZPE01152001T52MT02EBS001H009052UZPE01152001T52MT02EBS001H0090F0090CC1192735174
3|1371|MARIA|SALOME|JOJOA|JOJOA|CC|27086627|1947-08-28|2|2|6|9998|3|1||3|07|||1|41.0|158|||2||||||||||||52UZPE01152001T52MT02EBS001H009052UZPE01152001T52MT02EBS001H0090F0090|52UZPE01152001T52MT02EBS001H009052UZPE01152001T52MT02EBS001H0090F0090CC27086627
3|1372|WILSON|FERNANDO|HIDALGO|NINGUNO|CC|87065507|1984-03-02|1|2|6|9510|3|1||7|07|||8|59.0|166|||2||||||||||||52UZPE01152001T52MT02EBS001H009152UZPE01152001T52MT02EBS001H0091F0091|52UZPE01152001T52MT02EBS001H009152UZPE01152001T52MT02EBS001H0091F0091CC87065507
3|1373|BLANCA|BERTILDE|JOJOA|JOJOA|CC|27086629|1952-09-19|2|2|6|9998|3|1||3|07|||8|67.0|150|||2||||||||||||52UZPE01152001T52MT02EBS001H009452UZPE01152001T52MT02EBS001H0094F0094|52UZPE01152001T52MT02EBS001H009452UZPE01152001T52MT02EBS001H0094F0094CC27086629
3|1374|SEGUNDO|JULIO|JOJOA|JOJOA|CC|5206065|1953-07-07|1|2|6|9510|3|1||3|07|||8|62.0|173|||2||||||||||||52UZPE01152001T52MT02EBS001H009452UZPE01152001T52MT02EBS001H0094F0094|52UZPE01152001T52MT02EBS001H009452UZPE01152001T52MT02EBS001H0094F0094CC5206065
3|1375|FRANCO|MARIA|MUYUY|GUERRA|CC|5206066|1956-09-01|1|2|6|9510|3|1||3|07|||2|58.0|165|||2||||||||||||52UZPE01152001T52MT02EBS001H009552UZPE01152001T52MT02EBS001H0095F0095|52UZPE01152001T52MT02EBS001H009552UZPE01152001T52MT02EBS001H0095F0095CC5206066
3|1376|MARIA|DELSOCORRO|JOJOA|JOJOA|CC|27086561|1948-08-30|2|2|6|9998|3|1||3|07|||1|65.0|164|||2||||||||||||52UZPE01152001T52MT02EBS001H009552UZPE01152001T52MT02EBS001H0095F0095|52UZPE01152001T52MT02EBS001H009552UZPE01152001T52MT02EBS001H0095F0095CC27086561
3|1377|MILTON|ORLANDO|JOJOA|BOTINA|CC|1085288534|1989-11-30|1|2|6|9510|3|1||7|07|||8|70.0|160|||2||||||||||||52UZPE01152001T52MT02EBS001H007852UZPE01152001T52MT02EBS001H0078F0078|52UZPE01152001T52MT02EBS001H007852UZPE01152001T52MT02EBS001H0078F0078CC1085288534
3|1378|OSCAR|HOMERO|ZAMBRANO|LOPEZ|CC|1085249313|1985-06-06|1|2|6|5169|3|2||7|07|||8|67.0|165|||2||||||||||||52UZPE01152001T52MT02EBS001H009652UZPE01152001T52MT02EBS001H0096F0096|52UZPE01152001T52MT02EBS001H009652UZPE01152001T52MT02EBS001H0096F0096CC1085249313
3|1379|EVELIN|SOFIA|ZAMBRANO|MENESES|TI|1084195022|2015-07-12|2|2|6|9998|3|1||8|07|||8|20.0|100|||2||||||||||||52UZPE01152001T52MT02EBS001H009652UZPE01152001T52MT02EBS001H0096F0096|52UZPE01152001T52MT02EBS001H009652UZPE01152001T52MT02EBS001H0096F0096TI1084195022
3|1380|ROLAN|SANTIAGO|ZAMBRANO|MENESES|RC|1084195277|2019-07-22|1|2|6|9998|3|1||8|07|||8|||||2||||||||||||52UZPE01152001T52MT02EBS001H009652UZPE01152001T52MT02EBS001H0096F0096|52UZPE01152001T52MT02EBS001H009652UZPE01152001T52MT02EBS001H0096F0096RC1084195277
3|1381|SANDRA|VANESSA|MENESES|ALMEIDA|CC|1081052578|1998-10-09|2|2|6|9998|3|1||7|07|||8|55.0|151|||2||||||||||||52UZPE01152001T52MT02EBS001H009652UZPE01152001T52MT02EBS001H0096F0096|52UZPE01152001T52MT02EBS001H009652UZPE01152001T52MT02EBS001H0096F0096CC1081052578
3|1382|CARLOS|HUMBERTO|JOJOA|BOTINA|CC|12962000|1954-11-26|1|2|6|9510|3|1||3|07|||8|63.0|160|||2||||||||||||52UZPE01152001T52MT02EBS001H009752UZPE01152001T52MT02EBS001H0097F0097|52UZPE01152001T52MT02EBS001H009752UZPE01152001T52MT02EBS001H0097F0097CC12962000
3|1383|MARIA|DELCARMEN|JOJOA|HIDALGO|CC|30710609|1957-02-15|2|2|6|9998|3|1||3|07|||8|49.0|147|||2||||||||||||52UZPE01152001T52MT02EBS001H009752UZPE01152001T52MT02EBS001H0097F0097|52UZPE01152001T52MT02EBS001H009752UZPE01152001T52MT02EBS001H0097F0097CC30710609
3|1384|GLORIA|NOTIENE|ROSERO|PARDO|CC|30711262|1957-08-22|2|2|6|9998|3|1||3|07|||8|62.0|155|||2||||||||||||52UZPE01152001T52MT02EBS001H009852UZPE01152001T52MT02EBS001H0098F0098|52UZPE01152001T52MT02EBS001H009852UZPE01152001T52MT02EBS001H0098F0098CC30711262
3|1385|JENNY|TATIANA|JOJOA|LOPEZ|TI|1084194839|2013-04-05|2|2|6|9998|3|1||8|07|||8|32.0|128|||2||||||||||||52UZPE01152001T52MT02EBS001H009952UZPE01152001T52MT02EBS001H0099F0099|52UZPE01152001T52MT02EBS001H009952UZPE01152001T52MT02EBS001H0099F0099TI1084194839
3|1386|BLANCA|LUCIA|LOPEZ|MESIAS|CC|1085268721|1988-01-26|2|2|6|9998|3|1||7|07|||8|58.0|150|||2||||||||||||52UZPE01152001T52MT02EBS001H009952UZPE01152001T52MT02EBS001H0099F0099|52UZPE01152001T52MT02EBS001H009952UZPE01152001T52MT02EBS001H0099F0099CC1085268721
3|1387|HENRY|SAMUEL|JOJOA|NAVARRETE|CC|5207905|1980-02-09|1|2|6|9510|3|1||7|07|||8|66.0|165|||2||||||||||||52UZPE01152001T52MT02EBS001H009952UZPE01152001T52MT02EBS001H0099F0099|52UZPE01152001T52MT02EBS001H009952UZPE01152001T52MT02EBS001H0099F0099CC5207905
3|1388|ZOILA|ESTHER|MESIAS|ZAMBRANO|CC|30743641|1950-05-20|2|2|6|9998|3|1||3|07|||8|56.0|152|||2||||||||||||52UZPE01152001T52MT02EBS001H010052UZPE01152001T52MT02EBS001H0100F0100|52UZPE01152001T52MT02EBS001H010052UZPE01152001T52MT02EBS001H0100F0100CC30743641
3|1389|CRISTIAN|ALEXANDER|JOJOA|JOJOA|TI|1084194475|2008-10-31|1|2|6|9998|3|1||1|07|||8|53.0|163|||2||||||||||||52UZPE01152001T52MT02EBS001H010352UZPE01152001T52MT02EBS001H0103F0103|52UZPE01152001T52MT02EBS001H010352UZPE01152001T52MT02EBS001H0103F0103TI1084194475
3|1390|OMAR|HENRIQUE|JOJOA|BOTINA|CC|5206248|1966-02-04|1|2|6|9510|3|1||7|07|||8|55.0|155|||2||||||||||||52UZPE01152001T52MT02EBS001H010352UZPE01152001T52MT02EBS001H0103F0103|52UZPE01152001T52MT02EBS001H010352UZPE01152001T52MT02EBS001H0103F0103CC5206248
3|1391|MARIELA|DELROSARIO|JOJOA|NINGUNO|CC|36752419|1981-11-14|2|2|6|9998|3|1||7|07|||8|54.0|160|||2||||||||||||52UZPE01152001T52MT02EBS001H010352UZPE01152001T52MT02EBS001H0103F0103|52UZPE01152001T52MT02EBS001H010352UZPE01152001T52MT02EBS001H0103F0103CC36752419
3|1392|SANDRA|MILENA|JOJOA|JOJOA|CC|1004437525|2002-05-17|2|2|6|9510|3|1||7|07|||8|53.0|157|||2||||||||||||52UZPE01152001T52MT02EBS001H010152UZPE01152001T52MT02EBS001H0101F0101|52UZPE01152001T52MT02EBS001H010152UZPE01152001T52MT02EBS001H0101F0101CC1004437525
3|1393|MARIA|OFELIA|PARDO|DEROSERO|CC|27054196|1936-12-31|2|2|6|9998|3|1||3|07|||8|60.0|158|||2||||||||||||52UZPE01152001T52MT02EBS001H010252UZPE01152001T52MT02EBS001H0102F0102|52UZPE01152001T52MT02EBS001H010252UZPE01152001T52MT02EBS001H0102F0102CC27054196
3|1394|EVELYN|NICOLLE|GUACAS|VENEGAS|TI|1084195035|2015-09-22|2|2|6|9998|3|1||8|07|||8|21.0|138|||2||||||||||||52UZPE01152001T52MT02EBS001H010452UZPE01152001T52MT02EBS001H0104F0104|52UZPE01152001T52MT02EBS001H010452UZPE01152001T52MT02EBS001H0104F0104TI1084195035
3|1395|LILIAN|DELCARMEN|VENEGAS|OBANDO|CC|1085276682|1989-08-28|2|2|6|9998|3|1||7|07|||8|53.0|153|||2||||||||||||52UZPE01152001T52MT02EBS001H010452UZPE01152001T52MT02EBS001H0104F0104|52UZPE01152001T52MT02EBS001H010452UZPE01152001T52MT02EBS001H0104F0104CC1085276682
3|1396|JULIAN|GONZALO|HIDALGO|JOJOA|CC|12989745|1966-05-17|1|2|6|9510|3|1||7|07|||8|59.0|160|||2||||||||||||52UZPE01152001T52MT02EBS001H006652UZPE01152001T52MT02EBS001H0066F0066|52UZPE01152001T52MT02EBS001H006652UZPE01152001T52MT02EBS001H0066F0066CC12989745
3|1397|ELVIS|FERNANDO|HIDALGO|BOTINA|CC|1085330143|1996-06-24|1|2|6|9998|3|1||7|07|||8|62.0|160|||2||||||||||||52UZPE01152001T52MT02EBS001H006752UZPE01152001T52MT02EBS001H0067F0067|52UZPE01152001T52MT02EBS001H006752UZPE01152001T52MT02EBS001H0067F0067CC1085330143
3|1398|FELIX|ENRIQUE|VENEGAS|JOJOA|CC|5206115|1958-01-15|1|2|6|9510|3|1||3|07|||8|55.0|160|||2||||||||||||52UZPE01152001T52MT02EBS001H010552UZPE01152001T52MT02EBS001H0105F0105|52UZPE01152001T52MT02EBS001H010552UZPE01152001T52MT02EBS001H0105F0105CC5206115
3|1399|ELVERTH|ADALBERTO|VENEGAS|OBANDO|CC|1085298737|1992-04-05|1|2|6|9510|3|1||7|07|||8|55.0|160|||2||||||||||||52UZPE01152001T52MT02EBS001H010652UZPE01152001T52MT02EBS001H0106F0106|52UZPE01152001T52MT02EBS001H010652UZPE01152001T52MT02EBS001H0106F0106CC1085298737
3|1400|MIRIAM|YOLANDA|JOJOA|RAMIREZ|CC|36951063|1980-09-23|2|2|6|9998|3|1||7|07|||8|63.0|154|||2||||||||||||52UZPE01152001T52MT02EBS001H010752UZPE01152001T52MT02EBS001H0107F0107|52UZPE01152001T52MT02EBS001H010752UZPE01152001T52MT02EBS001H0107F0107CC36951063
3|1401|JOSE|JAVIER|JOJOA|MAIGUAL|CC|96398127|1973-02-25|1|2|6|9510|3|1||4|07|||3|65.0|160|||2||||||||||||52UZPE01152001T52MT02EBS001H010752UZPE01152001T52MT02EBS001H0107F0107|52UZPE01152001T52MT02EBS001H010752UZPE01152001T52MT02EBS001H0107F0107CC96398127
3|1402|DAYAN|RONALDO|JOJOA|JOJOA|CC|1004191210|2001-07-14|1|2|6|9998|3|1||7|07|||8|62.0|169|||2||||||||||||52UZPE01152001T52MT02EBS001H010752UZPE01152001T52MT02EBS001H0107F0107|52UZPE01152001T52MT02EBS001H010752UZPE01152001T52MT02EBS001H0107F0107CC1004191210
3|1403|MARIA|LAURA|TORRES|JOSA|CC|27086502|1936-03-17|2|2|6|9998|3|1||3|07|||1|46.0|150|||2||||||||||||52UZPE01152001T52MT02EBS001H010952UZPE01152001T52MT02EBS001H0109F0109|52UZPE01152001T52MT02EBS001H010952UZPE01152001T52MT02EBS001H0109F0109CC27086502
3|1404|ALFONSO|ALIRIO|TORRES|JOSA|CC|1233195126|1971-12-21|1|2|6|9510|3|1||7|07|||8|60.0|155|||2||||||||||||52UZPE01152001T52MT02EBS001H011052UZPE01152001T52MT02EBS001H0110F0110|52UZPE01152001T52MT02EBS001H011052UZPE01152001T52MT02EBS001H0110F0110CC1233195126
3|1405|JAROL|ENRIQUE|TORRES|PERES|CC|98393194|1973-08-19|1|2|6|9510|3|1||7|07|||8|58.0|165|||2||||||||||||52UZPE01152001T52MT02EBS001H011252UZPE01152001T52MT02EBS001H0112F0112|52UZPE01152001T52MT02EBS001H011252UZPE01152001T52MT02EBS001H0112F0112CC98393194
3|1406|EVILIN|GRABIELA|TORRES|PASCAL|RC|1084195278|2019-08-29|2|2|6|9998|3|1||8|07|||8|||||2||||||||||||52UZPE01152001T52MT02EBS001H011252UZPE01152001T52MT02EBS001H0112F0112|52UZPE01152001T52MT02EBS001H011252UZPE01152001T52MT02EBS001H0112F0112RC1084195278
3|1407|ANA|LUCIA|PASCAL|PAI|CC|1004730556|1993-03-10|2|2|6|9998|3|1||7|07|||8|59.0|155|||2||||||||||||52UZPE01152001T52MT02EBS001H011252UZPE01152001T52MT02EBS001H0112F0112|52UZPE01152001T52MT02EBS001H011252UZPE01152001T52MT02EBS001H0112F0112CC1004730556
3|1408|BERTHA|INES|JOJOA|JOJOA|CC|30746037|1969-12-10|2|2|6|9998|3|1||7|07|||8|58.0|155|||2||||||||||||52UZPE01152001T52MT02EBS001H011552UZPE01152001T52MT02EBS001H0115F0115|52UZPE01152001T52MT02EBS001H011552UZPE01152001T52MT02EBS001H0115F0115CC30746037
3|1409|CARLOS|ANTONIO|CERON|JOJOA|CC|12972546|1960-05-12|1|2|6|9510|3|1||3|07|||8|64.0|166|||2||||||||||||52UZPE01152001T52MT02EBS001H011552UZPE01152001T52MT02EBS001H0115F0115|52UZPE01152001T52MT02EBS001H011552UZPE01152001T52MT02EBS001H0115F0115CC12972546
3|1410|FABIOLA|NA|ERAZO|DEROSERO|CC|27086768|1953-12-12|2|2|6|9998|3|1||3|07|||8|54.0|160|||2||||||||||||52UZPE01152001T52MT02EBS001H011752UZPE01152001T52MT02EBS001H0117F0117|52UZPE01152001T52MT02EBS001H011752UZPE01152001T52MT02EBS001H0117F0117CC27086768
3|1411|GERARDO|NA|ERAZO|GUAYAPOTOY|CC|1804248|1927-12-31|1|2|6|9998|3|1||3|07|||2|60.0|155|||2||||||||||||52UZPE01152001T52MT02EBS001H011852UZPE01152001T52MT02EBS001H0118F0118|52UZPE01152001T52MT02EBS001H011852UZPE01152001T52MT02EBS001H0118F0118CC1804248
3|1412|GLORIA|ESPERANZA|PEREZ|DETORRES|CC|27086671|1949-02-20|2|2|6|9998|3|1||3|07|||8|45.0|154|||2||||||||||||52UZPE01152001T52MT02EBS001H011352UZPE01152001T52MT02EBS001H0113F0113|52UZPE01152001T52MT02EBS001H011352UZPE01152001T52MT02EBS001H0113F0113CC27086671
3|1413|MARIA|ODILIA|HIDALGO|NA|CC|30735390|1966-09-18|2|2|6|9510|3|1||7|07|||8|53.0|155|||2||||||||||||52UZPE01152001T52MT02EBS001H011952UZPE01152001T52MT02EBS001H0119F0119|52UZPE01152001T52MT02EBS001H011952UZPE01152001T52MT02EBS001H0119F0119CC30735390
3|1414|CAMILO|ALEXANDER|BOTINA|HIDALGO|CC|1233190519|1997-11-08|1|2|6|9510|3|1||7|07|||8|70.0|172|||2||||||||||||52UZPE01152001T52MT02EBS001H011952UZPE01152001T52MT02EBS001H0119F0119|52UZPE01152001T52MT02EBS001H011952UZPE01152001T52MT02EBS001H0119F0119CC1233190519
3|1415|AURA|NELLY|JOJOA|JOJOA|CC|30739592|1967-10-10|2|2|6|9998|3|1||7|07|||8|49.0|150|||2||||||||||||52UZPE01152001T52MT02EBS001H012052UZPE01152001T52MT02EBS001H0120F0120|52UZPE01152001T52MT02EBS001H012052UZPE01152001T52MT02EBS001H0120F0120CC30739592
3|1416|ROBERTO|NOTIENE|NAVARRETE|JOJOA|CC|98379534|1970-07-09|1|2|6|9510|3|1||7|07|||8|60.0|160|||2||||||||||||52UZPE01152001T52MT02EBS001H012052UZPE01152001T52MT02EBS001H0120F0120|52UZPE01152001T52MT02EBS001H012052UZPE01152001T52MT02EBS001H0120F0120CC98379534
3|1417|MARA|ELENA|BOTINA|JOJOA|CC|27086851|1944-06-12|2|2|6|9998|3|1||3|07|||8|49.0|144|||2||||||||||||52UZPE01152001T52MT02EBS001H012152UZPE01152001T52MT02EBS001H0121F0121|52UZPE01152001T52MT02EBS001H012152UZPE01152001T52MT02EBS001H0121F0121CC27086851
3|1418|LUIS|ANTONIO|JOJOA|NOTIENE|CC|1804151|1944-03-09|1|2|6|9510|3|1||3|07|||2|54.0|151|||2||||||||||||52UZPE01152001T52MT02EBS001H012152UZPE01152001T52MT02EBS001H0121F0121|52UZPE01152001T52MT02EBS001H012152UZPE01152001T52MT02EBS001H0121F0121CC1804151
3|1419|CARLOS|HERNEY|JOJOA|BOTINA|CC|1085248396|1979-06-24|1|2|6|9510|3|1||7|07|||8|55.0|159|||2||||||||||||52UZPE01152001T52MT02EBS001H012252UZPE01152001T52MT02EBS001H0122F0122|52UZPE01152001T52MT02EBS001H012252UZPE01152001T52MT02EBS001H0122F0122CC1085248396
3|1420|YUDY|VIVIANA|MEDINA|BOTINA|CC|1085271924|1987-09-04|2|2|6|9998|3|1||7|07|||8|71.0|165|||2||||||||||||52UZPE01152001T52MT02EBS001H012352UZPE01152001T52MT02EBS001H0123F0123|52UZPE01152001T52MT02EBS001H012352UZPE01152001T52MT02EBS001H0123F0123CC1085271924
3|1421|ALEX|SANTIAGO|CORAL|MEDINA|RC|1080072573|2022-01-21|1|2|6|9998|3|1||8|07|||8|11.0|86|||2||||||||||||52UZPE01152001T52MT02EBS001H012352UZPE01152001T52MT02EBS001H0123F0123|52UZPE01152001T52MT02EBS001H012352UZPE01152001T52MT02EBS001H0123F0123RC1080072573
3|1422|ALBEIRO|ARTURO|CORAL|CUCHALA|CC|87070706|1984-12-13|1|2|6|9510|3|1||7|07|||8|64.0|164|||2||||||||||||52UZPE01152001T52MT02EBS001H012352UZPE01152001T52MT02EBS001H0123F0123|52UZPE01152001T52MT02EBS001H012352UZPE01152001T52MT02EBS001H0123F0123CC87070706
3|1423|BRIGITH|YULEIDY|CORAL|MEDINA|CC|1080041167|2004-06-12|2|2|6|9998|3|1||7|07|||8|58.0|160|||2||||||||||||52UZPE01152001T52MT02EBS001H012452UZPE01152001T52MT02EBS001H0124F0124|52UZPE01152001T52MT02EBS001H012452UZPE01152001T52MT02EBS001H0124F0124CC1080041167
3|1424|RUBY|NOTIENE|JOJOA|JOJOA|CC|27091975|1979-01-24|2|2|6|5169|3|1||7|07|||8|60.0|155|||2||||||||||||52UZPE01152001T52MT02EBS001H012552UZPE01152001T52MT02EBS001H0125F0125|52UZPE01152001T52MT02EBS001H012552UZPE01152001T52MT02EBS001H0125F0125CC27091975
3|1425|ANGELA|JAQUELINE|YONDA|JOJOA|TI|1084194881|2013-10-26|2|2|6|9998|3|1||8|07|||8|30.0|138|||2||||||||||||52UZPE01152001T52MT02EBS001H012552UZPE01152001T52MT02EBS001H0125F0125|52UZPE01152001T52MT02EBS001H012552UZPE01152001T52MT02EBS001H0125F0125TI1084194881
3|1426|AMANDA|DELROSARIO|JOJOA|CERON|CC|36950257|1980-05-03|2|2|6|9998|3|1||7|07|||8|50.0|154|||2||||||||||||52UZPE01152001T52MT02EBS001H012652UZPE01152001T52MT02EBS001H0126F0126|52UZPE01152001T52MT02EBS001H012652UZPE01152001T52MT02EBS001H0126F0126CC36950257
3|1427|MARIO|ALEJANDRO|LOPEZ|JOJOA|TI|1080056420|2010-02-05|1|2|6|9998|3|1||1|07|||8|45.0|150|||2||||||||||||52UZPE01152001T52MT02EBS001H012652UZPE01152001T52MT02EBS001H0126F0126|52UZPE01152001T52MT02EBS001H012652UZPE01152001T52MT02EBS001H0126F0126TI1080056420
3|1428|DIEGO|ALEXANDER|LOPEZ|JOJOA|CC|1030020050|2005-05-17|1|2|6|9998|3|1||7|07|||8|56.0|160|||2||||||||||||52UZPE01152001T52MT02EBS001H012652UZPE01152001T52MT02EBS001H0126F0126|52UZPE01152001T52MT02EBS001H012652UZPE01152001T52MT02EBS001H0126F0126CC1030020050
3|1429|ROBERTO|NOTIENE|LOPEZ|MESIAS|CC|5208700|1980-05-04|1|2|6|9510|3|1||7|07|||8|60.0|157|||2||||||||||||52UZPE01152001T52MT02EBS001H012652UZPE01152001T52MT02EBS001H0126F0126|52UZPE01152001T52MT02EBS001H012652UZPE01152001T52MT02EBS001H0126F0126CC5208700