1|NI|900091143|2025-12-08|2025-12-08|808
2|1|1|52|UZPE011|52001|T45|MT03|AQUINE IV|AQUINE4CASA16|-77.272832|1.213284||52UZPE01152001T45MT03EBS001H0003|52UZPE01152001T45MT03EBS001H0003F0003|3|1|1|3|52UZPE01152001T45MT03EBS001|900091143|CC|1085248939|ENFERMERA|52UZPE01152001T45MT03EBS001H0003F0003CF003|2025-08-11|1||1||3||1||3|2|11|5|2|2|20||2|13|0||1||1||1||1||2|3|3|1|1|1|1|2|2|2|2|2|2||2|2|2|2||6||2|2|2|1|2|1|2|2|1|52UZPE01152001T45MT03EBS001H000352UZPE01152001T45MT03EBS001H0003F0003
2|2|1|52|UZPE011|52001|T45|MT03|AQUINE IV|CALLE23|-77.266427|1.216398||52UZPE01152001T45MT03EBS001H0004|52UZPE01152001T45MT03EBS001H0004F0004|3|1|1|2|52UZPE01152001T45MT03EBS001|900091143|CC|1085339190|AUXILIARDEENFERMERIA|52UZPE01152001T45MT03EBS001H0004F0004CF004|2025-08-11|1||1||3||1||2|2|11|5|3|2|20||2|13|0||1||1||1||1||1|2|3|1|1|1|1|2|2|2|2|2|2||2|2|2|1||6||2|2|2|1|2|1|2|2|1|52UZPE01152001T45MT03EBS001H000452UZPE01152001T45MT03EBS001H0004F0004
2|3|1|52|UZPE011|52001|T45|MT03|AQUINE IV|CALLE23CASA8|-77.272829|1.212678||52UZPE01152001T45MT03EBS001H0005|52UZPE01152001T45MT03EBS001H0005F0005|3|1|1|2|52UZPE01152001T45MT03EBS001|900091143|CC|1085271641|AUXILIARDEENFERMERIA|52UZPE01152001T45MT03EBS001H0005F0005CF005|2025-08-11|1||1||3||1||1|2|11|5|3|2|20||1|13|0||1||1||1||1||1|2|3|1|1|1|1|2|2|2|2|2|2||2|2|1|1||6||1|2|2|1|2|1|2|2|1|52UZPE01152001T45MT03EBS001H000552UZPE01152001T45MT03EBS001H0005F0005
2|4|1|52|UZPE011|52001|T45|MT03|AQUINE IV|CALLE23CASA13|-77.273028|1.213121||52UZPE01152001T45MT03EBS001H0006|52UZPE01152001T45MT03EBS001H0006F0006|3|3|3|2|52UZPE01152001T45MT03EBS001|900091143|CC|1085339190|AUXILIARDEENFERMERIA|52UZPE01152001T45MT03EBS001H0006F0006CF006|2025-08-11|1||1||3||1||2|2|11|5|3|2|20||2|13|0||1||1||1||1||1|2|3|1|1|1|1|2|2|2|2|2|2||2|2|2|1||6||2|2|2|1|2|1|2|2|1|52UZPE01152001T45MT03EBS001H000652UZPE01152001T45MT03EBS001H0006F0006
2|5|1|52|UZPE011|52001|T45|MT03|AQUINE IV|CALLE23CASA13|-77.273028|1.213121||52UZPE01152001T45MT03EBS001H0007|52UZPE01152001T45MT03EBS001H0007F0007|3|3|3|2|52UZPE01152001T45MT03EBS001|900091143|CC|1085339190|AUXILIARDEENFERMERIA|52UZPE01152001T45MT03EBS001H0007F0007CF007|2025-08-11|1||1||3||1||2|2|11|5|3|2|20||2|13|0||1||1||1||1||7|1|3|2|1|1|1|2|2|2|2|2|2||2|2|2|1||6||2|2|2|1|2|1|2|2|1|52UZPE01152001T45MT03EBS001H000752UZPE01152001T45MT03EBS001H0007F0007
2|6|1|52|UZPE011|52001|T45|MT03|AQUINE IV|CALLE23CASA13|-77.273028|1.213121||52UZPE01152001T45MT03EBS001H0008|52UZPE01152001T45MT03EBS001H0008F0008|3|3|3|2|52UZPE01152001T45MT03EBS001|900091143|CC|1085339190|AUXILIARDEENFERMERIA|52UZPE01152001T45MT03EBS001H0008F0008CF008|2025-08-11|1||1||3||1||2|2|11|5|3|2|20||2|13|0||1||1||1||1||7|1|3|2|1|1|1|2|2|2|2|2|2||2|2|2|1||6||2|2|2|1|2|1|2|2|1|52UZPE01152001T45MT03EBS001H000852UZPE01152001T45MT03EBS001H0008F0008
2|7|1|52|UZPE011|52001|T45|MT03|AQUINE IV|CASA14AQUINE4|-77.272979|1.213256||52UZPE01152001T45MT03EBS001H0009|52UZPE01152001T45MT03EBS001H0009F0009|3|1|1|1|52UZPE01152001T45MT03EBS001|900091143|CC|1085271641|AUXILIARDEENFERMERIA|52UZPE01152001T45MT03EBS001H0009F0009CF009|2025-08-11|1||1||3||1||1|2|11|5|3|2|20||2|13|0||1||1||1||1||7|1|2|1|1|1|1|2|2|2|2|2|2||2|2|2|1||6||2|2|2|1|2|1|2|2|1|52UZPE01152001T45MT03EBS001H000952UZPE01152001T45MT03EBS001H0009F0009
2|8|1|52|UZPE011|52001|T45|MT03|AQUINE IV|AQUINE4CASA6|-77.272896|1.213154||52UZPE01152001T45MT03EBS001H0010|52UZPE01152001T45MT03EBS001H0010F0010|3|2|2|2|52UZPE01152001T45MT03EBS001|900091143|CC|1085248939|ENFERMERA|52UZPE01152001T45MT03EBS001H0010F0010CF010|2025-08-11|1||1||3||1||2|2|11|5|3|1|20||2|13|0||1||1||1||1||7|1|3|1|1|1|1|2|2|2|2|2|2||2|2|2|1||6||2|2|2|1|2|1|2|2|1|52UZPE01152001T45MT03EBS001H001052UZPE01152001T45MT03EBS001H0010F0010
2|9|1|52|UZPE011|52001|T45|MT03|AQUINE IV|CALLE23CASA19|-77.277398|1.213008||52UZPE01152001T45MT03EBS001H0011|52UZPE01152001T45MT03EBS001H0011F0011|3|1|1|4|52UZPE01152001T45MT03EBS001|900091143|CC|1085271641|AUXILIARDEENFERMERIA|52UZPE01152001T45MT03EBS001H0011F0011CF011|2025-08-11|1||1||3||1||2|2|11|5|3|2|20||2|13|0||1||1||1||1||1|4|2|1|1|1|3|2|2|2|2|2|2||2|2|2|1||6||2|2|2|1|2|1|2|2|1|52UZPE01152001T45MT03EBS001H001152UZPE01152001T45MT03EBS001H0011F0011
2|10|1|52|UZPE011|52001|T45|MT03|AQUINE IV|AQUINE4CASA25|-77.273648|1.212725||52UZPE01152001T45MT03EBS001H0012|52UZPE01152001T45MT03EBS001H0012F0012|3|1|1|2|52UZPE01152001T45MT03EBS001|900091143|CC|1085271641|AUXILIARDEENFERMERIA|52UZPE01152001T45MT03EBS001H0012F0012CF012|2025-08-12|1||1||3||1||2|2|11|5|3|2|20||2|13|0||1||1||1||1||1|2|3|1|1|1|1|2|2|2|2|2|2||2|2|2|1||6||2|2|2|1|2|1|2|2|1|52UZPE01152001T45MT03EBS001H001252UZPE01152001T45MT03EBS001H0012F0012
2|11|1|52|UZPE011|52001|T45|MT03|AQUINE IV|CALLE23CASA30|-77.27311|1.213255||52UZPE01152001T45MT03EBS001H0013|52UZPE01152001T45MT03EBS001H0013F0013|3|3|3|1|52UZPE01152001T45MT03EBS001|900091143|CC|1085339190|AUXILIARDEENFERMERIA|52UZPE01152001T45MT03EBS001H0013F0013CF013|2025-08-12|1||1||3||1||1|2|11|5|3|2|20||2|13|0||1||1||1||1||7|1|3|1|1|1|1|2|2|2|2|2|2||2|2|2|1||6||2|2|2|1|1|1|2|2|1|52UZPE01152001T45MT03EBS001H001352UZPE01152001T45MT03EBS001H0013F0013
2|12|1|52|UZPE011|52001|T45|MT03|AQUINE IV|CALLE23CASA30|-77.27311|1.213255||52UZPE01152001T45MT03EBS001H0014|52UZPE01152001T45MT03EBS001H0014F0014|3|3|3|1|52UZPE01152001T45MT03EBS001|900091143|CC|1085339190|AUXILIARDEENFERMERIA|52UZPE01152001T45MT03EBS001H0014F0014CF014|2025-08-12|1||1||3||1||1|2|11|5|3|2|20||2|13|0||1||1||1||1||7|1|3|1|1|1|1|2|2|2|2|2|2||2|2|2|1||6||2|2|2|1|1|1|2|2|1|52UZPE01152001T45MT03EBS001H001452UZPE01152001T45MT03EBS001H0014F0014
2|13|1|52|UZPE011|52001|T45|MT03|AQUINE IV|CALLE23CASA30|-77.27311|1.213255||52UZPE01152001T45MT03EBS001H0015|52UZPE01152001T45MT03EBS001H0015F0015|3|3|3|1|52UZPE01152001T45MT03EBS001|900091143|CC|1085339190|AUXILIARDEENFERMERIA|52UZPE01152001T45MT03EBS001H0015F0015CF015|2025-08-12|1||1||3||1||1|2|11|5|3|2|20||2|13|0||1||1||1||1||7|1|3|1|1|1|1|2|2|2|2|2|2||2|2|2|1||6||2|2|2|1|2|1|2|2|1|52UZPE01152001T45MT03EBS001H001552UZPE01152001T45MT03EBS001H0015F0015
2|14|1|52|UZPE011|52001|T45|MT03|AQUINE IV|AQUINECASA36|-77.272346|1.213749||52UZPE01152001T45MT03EBS001H0016|52UZPE01152001T45MT03EBS001H0016F0016|3|3|3|1|52UZPE01152001T45MT03EBS001|900091143|CC|1085271641|AUXILIARDEENFERMERIA|52UZPE01152001T45MT03EBS001H0016F0016CF016|2025-08-12|1||1||3||1||1|2|11|5|2|2|20||2|13|0||1||1||1||1||7|1|2|1|1|1|1|2|2|2|2|2|2||2|2|2|1||6||2|2|2|1|2|1|2|2|1|52UZPE01152001T45MT03EBS001H001652UZPE01152001T45MT03EBS001H0016F0016
2|15|1|52|UZPE011|52001|T45|MT03|AQUINE IV|AQUINECASA36|-77.272346|1.213749||52UZPE01152001T45MT03EBS001H0017|52UZPE01152001T45MT03EBS001H0017F0017|3|3|3|1|52UZPE01152001T45MT03EBS001|900091143|CC|1085271641|AUXILIARDEENFERMERIA|52UZPE01152001T45MT03EBS001H0017F0017CF017|2025-08-12|1||1||3||1||1|2|11|5|3|2|20||2|13|0||1||1||1||1||7|1|2|1|1|1|1|2|2|2|2|2|2||2|2|2|1||6||2|2|2|1|2|1|2|2|1|52UZPE01152001T45MT03EBS001H001752UZPE01152001T45MT03EBS001H0017F0017
2|16|1|52|UZPE011|52001|T45|MT03|AQUINE IV|AQUINECASA36|-77.272346|1.213749||52UZPE01152001T45MT03EBS001H0018|52UZPE01152001T45MT03EBS001H0018F0018|3|3|3|1|52UZPE01152001T45MT03EBS001|900091143|CC|1085271641|AUXILIARDEENFERMERIA|52UZPE01152001T45MT03EBS001H0018F0018CF018|2025-08-12|1||1||3||1||1|2|11|5|2|2|20||2|13|0||1||1||1||1||7|1|3|1|1|1|1|2|2|2|2|2|2||2|2|2|1||6||2|2|2|1|2|1|2|2|1|52UZPE01152001T45MT03EBS001H001852UZPE01152001T45MT03EBS001H0018F0018
2|17|1|52|UZPE011|52001|T45|MT03|AQUINE IV|AQUINEIVCASA17|-77.272651|1.213354||52UZPE01152001T45MT03EBS001H0019|52UZPE01152001T45MT03EBS001H0019F0019|3|1|1|1|52UZPE01152001T45MT03EBS001|900091143|CC|59830040|AUXILIARENFERMERIA|52UZPE01152001T45MT03EBS001H0019F0019CF019|2025-08-14|1||1||3||1||1|2|11|5|2|2|20||2|13|0||1||1||1||1||7|1|3|4|1|1|1|2|2|2|2|2|2||2|2|1|1||6||1|2|2|1|1|1|2|2|1|52UZPE01152001T45MT03EBS001H001952UZPE01152001T45MT03EBS001H0019F0019
2|18|1|52|UZPE011|52001|T45|MT03|AQUINE IV|AQUINECASA35|-77.273289|1.213784||52UZPE01152001T45MT03EBS001H0020|52UZPE01152001T45MT03EBS001H0020F0020|3|1|1|1|52UZPE01152001T45MT03EBS001|900091143|CC|1085271641|AUXILIARDEENFERMERIA|52UZPE01152001T45MT03EBS001H0020F0020CF020|2025-08-15|1||1||3||1||1|2|11|5|3|2|20||2|13|0||1||1||1||1||1|2|3|1|1|1|1|2|2|2|2|2|2||2|2|1|1||6||1|2|2|1|2|1|2|2|1|52UZPE01152001T45MT03EBS001H002052UZPE01152001T45MT03EBS001H0020F0020
2|19|1|52|UZPE011|52001|T45|MT01|LOMA DE CENTENARIO|CALLE23N1821|-77.272479|1.211043||52UZPE01152001T45MT01EBS001H0021|52UZPE01152001T45MT01EBS001H0021F0021|1|2|2|2|52UZPE01152001T45MT01EBS001|900091143|CC|1085339190|AUXILIARDEENFERMERIA|52UZPE01152001T45MT01EBS001H0021F0021CF021|2025-08-15|1||1||3||1||1|2|11|5|3|2|19||2|12|2||1||1||1||1||1|2|3|1|1|1|1|2|2|2|2|2|2||2|2|2|1||6||2|2|2|1|1|1|2|2|1|52UZPE01152001T45MT01EBS001H002152UZPE01152001T45MT01EBS001H0021F0021
2|20|1|52|UZPE011|52001|T45|MT01|LOMA DE CENTENARIO|CALLE23N1821|-77.272479|1.211043||52UZPE01152001T45MT01EBS001H0022|52UZPE01152001T45MT01EBS001H0022F0022|1|2|2|2|52UZPE01152001T45MT01EBS001|900091143|CC|1085339190|AUXILIARDEENFERMERIA|52UZPE01152001T45MT01EBS001H0022F0022CF022|2025-08-15|1||1||3||1||1|2|11|5|2|2|19||2|12|2||1||1||1||1||7|1|3|1|1|1|1|2|2|2|2|2|2||2|2|2|1||6||2|2|2|1|2|1|2|2|1|52UZPE01152001T45MT01EBS001H002252UZPE01152001T45MT01EBS001H0022F0022
2|21|1|52|UZPE011|52001|T45|MT01|LOMA DE CENTENARIO|CALLE22B23|-77.272396|1.211955||52UZPE01152001T45MT01EBS001H0023|52UZPE01152001T45MT01EBS001H0023F0023|1|2|2|1|52UZPE01152001T45MT01EBS001|900091143|CC|1085271641|AUXILIARDEENFERMERIA|52UZPE01152001T45MT01EBS001H0023F0023CF023|2025-08-15|1||1||3||1||1|2|11|5|2|2|20||2|13|0||1||1||1||1||7|1|3|1|1|1|1|2|2|2|2|2|2||2|2|2|1||6||2|2|2|1|1|1|2|2|1|52UZPE01152001T45MT01EBS001H002352UZPE01152001T45MT01EBS001H0023F0023
2|22|1|52|UZPE011|52001|T45|MT01|LOMA DE CENTENARIO|CALLE22B23|-77.272396|1.211955||52UZPE01152001T45MT01EBS001H0024|52UZPE01152001T45MT01EBS001H0024F0024|1|2|2|1|52UZPE01152001T45MT01EBS001|900091143|CC|1085271641|AUXILIARDEENFERMERIA|52UZPE01152001T45MT01EBS001H0024F0024CF024|2025-08-15|1||1||3||1||1|2|11|5|2|2|20||2|13|0||1||1||1||1||7|1|3|1|1|1|1|2|2|2|2|2|2||2|2|2|2||6||2|2|2|1|2|1|2|2|1|52UZPE01152001T45MT01EBS001H002452UZPE01152001T45MT01EBS001H0024F0024
2|23|1|52|UZPE011|52001|T45|MT03|AQUINE IV|AQUINEIVCASA23|-77.272983|1.212864||52UZPE01152001T45MT03EBS001H0025|52UZPE01152001T45MT03EBS001H0025F0025|3|1|1|2|52UZPE01152001T45MT03EBS001|900091143|CC|59830040|AUXILIARENFERMERIA|52UZPE01152001T45MT03EBS001H0025F0025CF025|2025-08-14|1||1||3||1||2|2|11|5|3|2|20||2|13|0||1||1||1||1||2|2|3|4|1|1|1|2|2|2|2|2|2||2|2|1|2||6||1|2|2|1|2|1|2|2|1|52UZPE01152001T45MT03EBS001H002552UZPE01152001T45MT03EBS001H0025F0025
2|24|1|52|UZPE011|52001|T45|MT03|AQUINE IV|AQUINE4CASA29B|-77.273486|1.213145||52UZPE01152001T45MT03EBS001H0026|52UZPE01152001T45MT03EBS001H0026F0026|3|1|1|1|52UZPE01152001T45MT03EBS001|900091143|CC|1085271641|AUXILIARDEENFERMERIA|52UZPE01152001T45MT03EBS001H0026F0026CF026|2025-08-15|3||1||3||1||1|1|11|5|3|2|20||2|13|0||1||1||1||1||7|1|3|1|1|1|1|2|2|2|2|2|2||2|2|2|2||6||2|2|2|1|2|1|2|2|1|52UZPE01152001T45MT03EBS001H002652UZPE01152001T45MT03EBS001H0026F0026
2|25|1|52|UZPE011|52001|T45|MT03|AQUINE IV|CALLE23CASA29|-77.273486|1.213145||52UZPE01152001T45MT03EBS001H0027|52UZPE01152001T45MT03EBS001H0027F0027|1|3|3|1|52UZPE01152001T45MT03EBS001|900091143|CC|1085339190|AUXILIARDEENFERMERIA|52UZPE01152001T45MT03EBS001H0027F0027CF027|2025-08-15|1||1||3||1||1|2|11|5|3|2|20||2|13|0||1||1||1||1||7|1|3|1|1|1|1|2|2|2|2|2|2||2|2|2|2||6||2|2|2|1|2|1|2|2|1|52UZPE01152001T45MT03EBS001H002752UZPE01152001T45MT03EBS001H0027F0027
2|26|1|52|UZPE011|52001|T45|MT03|AQUINE IV|CALLE23CASA29|-77.273486|1.213145||52UZPE01152001T45MT03EBS001H0028|52UZPE01152001T45MT03EBS001H0028F0028|1|3|3|1|52UZPE01152001T45MT03EBS001|900091143|CC|1085339190|AUXILIARDEENFERMERIA|52UZPE01152001T45MT03EBS001H0028F0028CF028|2025-08-15|1||1||3||1||1|2|11|5|3|2|20||2|13|0||1||1||1||1||7|1|3|1|1|1|1|2|2|2|2|2|2||2|2|2|2||6||2|2|2|1|2|1|2|2|1|52UZPE01152001T45MT03EBS001H002852UZPE01152001T45MT03EBS001H0028F0028
2|27|1|52|UZPE011|52001|T45|MT03|AQUINE IV|CALLE23CASA29|-77.273486|1.213145||52UZPE01152001T45MT03EBS001H0029|52UZPE01152001T45MT03EBS001H0029F0029|1|3|3|1|52UZPE01152001T45MT03EBS001|900091143|CC|1085339190|AUXILIARDEENFERMERIA|52UZPE01152001T45MT03EBS001H0029F0029CF029|2025-08-15|1||1||3||1||1|2|11|5|3|2|20||2|13|0||1||1||1||1||7|1|3|1|1|1|1|2|2|2|2|2|2||2|2|2|2||6||2|2|2|1|2|1|2|2|1|52UZPE01152001T45MT03EBS001H002952UZPE01152001T45MT03EBS001H0029F0029
2|28|1|52|UZPE011|52001|T45|MT01|LOMA DE CENTENARIO|CALLE231829CENTENARIO|-77.272579|1.210325||52UZPE01152001T45MT01EBS001H0032|52UZPE01152001T45MT01EBS001H0032F0032|1|1|1|3|52UZPE01152001T45MT01EBS001|900091143|CC|59830040|AUXILIARENFERMERIA|52UZPE01152001T45MT01EBS001H0032F0032CF032|2025-08-15|4||1||3||1||2|2|11|5|2|2|20||2|13|0||1||1||1||1||1|3|3|3|1|1|1|2|2|2|2|2|2||2|2|1|1||6||1|2|2|1|1|1|2|2|1|52UZPE01152001T45MT01EBS001H003252UZPE01152001T45MT01EBS001H0032F0032
2|29|1|52|UZPE011|52001|T45|MT01|LOMA DE CENTENARIO|CRRA1822B26LOMADECENTENARIO|-77.272082|1.210231||52UZPE01152001T45MT01EBS001H0033|52UZPE01152001T45MT01EBS001H0033F0033|1|1|1|2|52UZPE01152001T45MT01EBS001|900091143|CC|59830040|AUXILIARENFERMERIA|52UZPE01152001T45MT01EBS001H0033F0033CF033|2025-08-15|1||1||3||1||1|2|11|5|2|2|20||2|13|0||1||1||1||1||1|2|3|4|1|1|1|2|2|2|2|2|2||2|2|1|1||6||1|2|2|1|1|1|2|2|1|52UZPE01152001T45MT01EBS001H003352UZPE01152001T45MT01EBS001H0033F0033
2|30|1|52|UZPE011|52001|T45|MT01|LOMA DE CENTENARIO|LOMADECENTENARIOCRRA17CLL22B17|-77.271892|1.209562||52UZPE01152001T45MT01EBS001H0034|52UZPE01152001T45MT01EBS001H0034F0034|1|1|1|4|52UZPE01152001T45MT01EBS001|900091143|CC|59830040|AUXILIARENFERMERIA|52UZPE01152001T45MT01EBS001H0034F0034CF034|2025-08-15|1||1||3||1||3|2|11|5|3|2|20||2|13|0||1||1||1||1||1|4|3|4|1|1|1|2|2|2|2|2|2||2|2|1|1||6||1|2|2|1|1|1|2|2|1|52UZPE01152001T45MT01EBS001H003452UZPE01152001T45MT01EBS001H0034F0034
2|31|1|52|UZPE011|52001|T45|MT01|LOMA DE CENTENARIO|CARRERA182348|-77.271502|1.210752||52UZPE01152001T45MT01EBS001H0035|52UZPE01152001T45MT01EBS001H0035F0035|3|1|1|1|52UZPE01152001T45MT01EBS001|900091143|CC|1085310466|AUXILIARDEENFERMERIA|52UZPE01152001T45MT01EBS001H0035F0035CF035|2025-08-19|1||1||3||1||1|2|11|5|3|2|20||1|13|0||1||1||1||1||7|1|3|4|1|1|2|2|2|2|2|2|2||2|2|1|2||6||1|2|2|1|2|1|2|2|1|52UZPE01152001T45MT01EBS001H003552UZPE01152001T45MT01EBS001H0035F0035
2|32|1|52|UZPE011|52001|T45|MT01|LOMA DE CENTENARIO|CARRERA182324|-77.271504|1.210809||52UZPE01152001T45MT01EBS001H0036|52UZPE01152001T45MT01EBS001H0036F0036|3|1|1|3|52UZPE01152001T45MT01EBS001|900091143|CC|1085310466|AUXILIARDEENFERMERIA|52UZPE01152001T45MT01EBS001H0036F0036CF036|2025-08-19|1||1||3||1||2|2|11|5|3|2|20||1|13|0||1||1||1||1||1|3|3|1|1|1|1|2|2|2|2|2|2||2|2|1|2||6||1|2|2|1|1|1|2|2|1|52UZPE01152001T45MT01EBS001H003652UZPE01152001T45MT01EBS001H0036F0036
2|33|1|52|UZPE011|52001|T45|MT01|LOMA DE CENTENARIO|CALLE231788|-77.271213|1.209443||52UZPE01152001T45MT01EBS001H0037|52UZPE01152001T45MT01EBS001H0037F0037|3|1|1|1|52UZPE01152001T45MT01EBS001|900091143|CC|1085310466|AUXILIARDEENFERMERIA|52UZPE01152001T45MT01EBS001H0037F0037CF037|2025-08-19|1||1||3||1||1|2|11|5|3|2|20||1|13|0||1||1||1||1||7|1|3|4|1|1|2|2|2|2|2|2|2||2|2|1|2||6||1|2|2|1|2|1|2|2|1|52UZPE01152001T45MT01EBS001H003752UZPE01152001T45MT01EBS001H0037F0037
2|34|1|52|UZPE011|52001|T45|MT01|LOMA DE CENTENARIO|CRA17ANO2385|-77.27096|1.21005||52UZPE01152001T45MT01EBS001H0038|52UZPE01152001T45MT01EBS001H0038F0038|3|1|1|1|52UZPE01152001T45MT01EBS001|900091143|CC|1193223736|ENFERMERIA|52UZPE01152001T45MT01EBS001H0038F0038CF038|2025-08-19|1||1||3||1||1|2|11|5|2|2|20||2|13|0||1||1||1||1||7|1|3|1|1|1|1|2|2|2|2|2|2||2|2|1|2||6||1|2|2|1|1|1|2|2|1|52UZPE01152001T45MT01EBS001H003852UZPE01152001T45MT01EBS001H0038F0038
2|35|1|52|UZPE011|52001|T45|MT01|LOMA DE CENTENARIO|CALLE23NUMERO1706|-77.27111|1.20959||52UZPE01152001T45MT01EBS001H0039|52UZPE01152001T45MT01EBS001H0039F0039|3|1|1|1|52UZPE01152001T45MT01EBS001|900091143|CC|1193223736|ENFERMERIA|52UZPE01152001T45MT01EBS001H0039F0039CF039|2025-08-19|1||2||3||4||1|2|11|5|2|2|20||2|13|0||1||1||1||1||7|1|3|1|1|1|1|2|2|2|2|2|2||2|2|1|1||6||1|2|2|1|1|1|2|2|1|52UZPE01152001T45MT01EBS001H003952UZPE01152001T45MT01EBS001H0039F0039
2|36|1|52|UZPE011|52001|T45|MT01|LOMA DE CENTENARIO|BARRIOCENTENARIO|-77.272239|1.210985||52UZPE01152001T45MT01EBS001H0040|52UZPE01152001T45MT01EBS001H0040F0040|2|1|1|1|52UZPE01152001T45MT01EBS001|900091143|CC|59830040|AUXILIARENFERMERIA|52UZPE01152001T45MT01EBS001H0040F0040CF040|2025-08-19|1||1||3||1||1|2|11|5|3|2|20||2|13|0||1||1||1||1||7|1|3|4|1|1|1|2|2|2|2|2|2||2|2|1|1||6||1|2|2|1|1|1|2|2|1|52UZPE01152001T45MT01EBS001H004052UZPE01152001T45MT01EBS001H0040F0040
2|37|1|52|UZPE011|52001|T45|MT01|LOMA DE CENTENARIO|BARRIOCENTENARIOCRA1822B24|-77.272225|1.210782||52UZPE01152001T45MT01EBS001H0041|52UZPE01152001T45MT01EBS001H0041F0041|2|1|1|2|52UZPE01152001T45MT01EBS001|900091143|CC|59830040|AUXILIARENFERMERIA|52UZPE01152001T45MT01EBS001H0041F0041CF041|2025-08-19|1||1||3||1||2|2|11|5|2|2|20||2|13|0||1||1||1||1||2|2|3|4|1|1|1|2|2|2|2|2|2||2|2|1|1||6||1|2|2|1|1|1|2|2|1|52UZPE01152001T45MT01EBS001H004152UZPE01152001T45MT01EBS001H0041F0041
2|38|1|52|UZPE011|52001|T45|MT01|LOMA DE CENTENARIO|CALLE23NO1844|-77.272042|1.210947||52UZPE01152001T45MT01EBS001H0042|52UZPE01152001T45MT01EBS001H0042F0042|3|2|2|3|52UZPE01152001T45MT01EBS001|900091143|CC|1087408320|GESTORCOMUNITARIO|52UZPE01152001T45MT01EBS001H0042F0042CF042|2025-08-19|1||1||3||1||2|2|11|5|3|2|20||2|13|0||1||1||1||1||1|2|3|4|1|1|4|2|2|2|2|2|2||2|2|1|2||6||1|2|2|1|2|1|2|2|1|52UZPE01152001T45MT01EBS001H004252UZPE01152001T45MT01EBS001H0042F0042
2|39|1|52|UZPE011|52001|T45|MT01|LOMA DE CENTENARIO|CALLE23NO1844|-77.272042|1.210947||52UZPE01152001T45MT01EBS001H0043|52UZPE01152001T45MT01EBS001H0043F0043|3|2|2|3|52UZPE01152001T45MT01EBS001|900091143|CC|1087408320|GESTORCOMUNITARIO|52UZPE01152001T45MT01EBS001H0043F0043CF043|2025-08-19|1||1||3||1||2|2|11|5|3|2|20||2|13|0||1||1||1||1||7|1|3|4|1|1|4|2|2|2|2|2|2||2|2|1|1||6||1|2|2|1|2|1|2|2|1|52UZPE01152001T45MT01EBS001H004352UZPE01152001T45MT01EBS001H0043F0043
2|40|1|52|UZPE011|52001|T45|MT01|LOMA DE CENTENARIO|CARRERA18NO2308|-77.2718|1.21072||52UZPE01152001T45MT01EBS001H0044|52UZPE01152001T45MT01EBS001H0044F0044|3|1|1|2|52UZPE01152001T45MT01EBS001|900091143|CC|1087408320|GESTORCOMUNITARIO|52UZPE01152001T45MT01EBS001H0044F0044CF044|2025-08-19|1||1||3||1||2|2|11|5|3|2|20||2|13|0||1||1||1||1||1|2|3|4|1|1|4|2|2|2|2|2|2||2|2|2|1||6||2|2|2|1|2|1|2|2|1|52UZPE01152001T45MT01EBS001H004452UZPE01152001T45MT01EBS001H0044F0044
2|41|1|52|UZPE011|52001|T45|MT01|LOMA DE CENTENARIO|BARRIOCENTENARIOCLL23CRR17A45|-77.272124|1.210069||52UZPE01152001T45MT01EBS001H0045|52UZPE01152001T45MT01EBS001H0045F0045|2|2|2|4|52UZPE01152001T45MT01EBS001|900091143|CC|59830040|AUXILIARENFERMERIA|52UZPE01152001T45MT01EBS001H0045F0045CF045|2025-08-19|4||1||3||1||3|2|11|5|2|2|20||2|13|0||1||1||1||1||1|3|3|4|1|1|1|2|2|2|2|2|2||2|2|1|1||6||1|2|2|1|2|1|2|2|1|52UZPE01152001T45MT01EBS001H004552UZPE01152001T45MT01EBS001H0045F0045
2|42|1|52|UZPE011|52001|T45|MT01|LOMA DE CENTENARIO|BARRIOCENTENARIOCLL23CRR17A45|-77.272124|1.210069||52UZPE01152001T45MT01EBS001H0046|52UZPE01152001T45MT01EBS001H0046F0046|2|2|2|4|52UZPE01152001T45MT01EBS001|900091143|CC|59830040|AUXILIARENFERMERIA|52UZPE01152001T45MT01EBS001H0046F0046CF046|2025-08-19|4||1||3||1||3|2|11|5|2|2|20||2|13|0||1||1||1||1||7|1|3|4|1|1|1|2|2|2|2|2|2||2|2|1|1||6||1|2|2|1|1|1|2|2|1|52UZPE01152001T45MT01EBS001H004652UZPE01152001T45MT01EBS001H0046F0046
2|43|1|52|UZPE011|52001|T45|MT01|LOMA DE CENTENARIO|CALLE23NUMERO1826|-77.27208|1.21085||52UZPE01152001T45MT01EBS001H0047|52UZPE01152001T45MT01EBS001H0047F0047|3|1|1|2|52UZPE01152001T45MT01EBS001|900091143|CC|1193223736|ENFERMERIA|52UZPE01152001T45MT01EBS001H0047F0047CF047|2025-08-19|1||1||3||1||2|2|11|5|2|2|20||2|13|0||1||1||1||1||2|2|3|1|1|1|1|2|2|2|2|2|2||2|2|1|2||6||1|2|2|1|2|1|2|2|1|52UZPE01152001T45MT01EBS001H004752UZPE01152001T45MT01EBS001H0047F0047
2|44|1|52|UZPE011|52001|T45|MT01|LOMA DE CENTENARIO|CALLE23NO17A06|-77.271564|1.21085||52UZPE01152001T45MT01EBS001H0048|52UZPE01152001T45MT01EBS001H0048F0048|3|1|1|1|52UZPE01152001T45MT01EBS001|900091143|CC|1087408320|GESTORCOMUNITARIO|52UZPE01152001T45MT01EBS001H0048F0048CF048|2025-08-19|1||1||3||1||1|2|11|5|2|2|20||2|13|0||1||1||1||1||7|1|3|4|1|1|4|2|2|2|2|2|2||2|2|2|2||6||2|2|2|1|1|1|2|2|1|52UZPE01152001T45MT01EBS001H004852UZPE01152001T45MT01EBS001H0048F0048
2|45|1|52|UZPE011|52001|T45|MT01|LOMA DE CENTENARIO|CARRERA17ANO2373|-77.271046|1.210366||52UZPE01152001T45MT01EBS001H0049|52UZPE01152001T45MT01EBS001H0049F0049|3|1|1|1|52UZPE01152001T45MT01EBS001|900091143|CC|1087408320|GESTORCOMUNITARIO|52UZPE01152001T45MT01EBS001H0049F0049CF049|2025-08-19|1||1||3||1||1|2|11|5|3|2|20||2|13|0||1||1||1||1||7|1|1|4|1|1|2|2|2|2|2|2|2||2|2|1|1||6||1|2|2|1|2|1|2|2|1|52UZPE01152001T45MT01EBS001H004952UZPE01152001T45MT01EBS001H0049F0049
2|46|1|52|UZPE011|52001|T45|MT01|LOMA DE CENTENARIO|CARRERA17ANO2350|-77.271165|1.21026||52UZPE01152001T45MT01EBS001H0050|52UZPE01152001T45MT01EBS001H0050F0050|3|1|1|1|52UZPE01152001T45MT01EBS001|900091143|CC|1087408320|GESTORCOMUNITARIO|52UZPE01152001T45MT01EBS001H0050F0050CF050|2025-08-20|1||1||3||1||1|2|11|5|2|2|20||2|13|0||1||1||1||1||7|1|3|4|1|1|4|2|2|2|2|2|2||2|2|1|2||6||1|2|2|1|2|1|2|2|1|52UZPE01152001T45MT01EBS001H005052UZPE01152001T45MT01EBS001H0050F0050
2|47|1|52|UZPE011|52001|T45|MT01|LOMA DE CENTENARIO|CARRERA17NO2325|-77.270925|1.209667||52UZPE01152001T45MT01EBS001H0051|52UZPE01152001T45MT01EBS001H0051F0051|3|1|1|3|52UZPE01152001T45MT01EBS001|900091143|CC|1087408320|GESTORCOMUNITARIO|52UZPE01152001T45MT01EBS001H0051F0051CF051|2025-08-20|1||1||3||1||3|2|11|5|2|2|20||2|13|0||1||1||1||1||1|3|3|4|1|1|2|2|2|2|2|2|2||2|2|1|1||6||1|2|2|1|1|1|2|2|1|52UZPE01152001T45MT01EBS001H005152UZPE01152001T45MT01EBS001H0051F0051
2|48|1|52|UZPE011|52001|T45|MT01|LOMA DE CENTENARIO|BARRIOCENTENARIOCRA1822B26|-77.272392|1.210328||52UZPE01152001T45MT01EBS001H0052|52UZPE01152001T45MT01EBS001H0052F0052|1|1|1|1|52UZPE01152001T45MT01EBS001|900091143|CC|59830040|AUXILIARENFERMERIA|52UZPE01152001T45MT01EBS001H0052F0052CF052|2025-08-21|4||1||3||1||1|2|10|5|2|2|20||2|13|0||1||1||1||1||1|2|3|4|1|1|1|2|2|2|2|2|2||2|2|1|1||6||1|2|2|1|1|1|2|2|1|52UZPE01152001T45MT01EBS001H005252UZPE01152001T45MT01EBS001H0052F0052
2|49|1|52|UZPE011|52001|T45|MT01|LOMA DE CENTENARIO|BARRIOCENTENARIOCLL231751|-77.271538|1.209894||52UZPE01152001T45MT01EBS001H0053|52UZPE01152001T45MT01EBS001H0053F0053|2|1|1|2|52UZPE01152001T45MT01EBS001|900091143|CC|59830040|AUXILIARENFERMERIA|52UZPE01152001T45MT01EBS001H0053F0053CF053|2025-08-21|1||1||3||1||1|2|11|5|3|2|20||2|13|0||1||1||1||1||1|2|3|4|1|1|1|2|2|2|2|2|2||2|2|1|1||6||1|2|2|1|1|1|2|2|1|52UZPE01152001T45MT01EBS001H005352UZPE01152001T45MT01EBS001H0053F0053
2|50|1|52|UZPE011|52001|T45|MT01|LOMA DE CENTENARIO|BARRIOCENTENARIOCLLE23CASA1709|-77.271169|1.210629||52UZPE01152001T45MT01EBS001H0054|52UZPE01152001T45MT01EBS001H0054F0054|2|2|2|3|52UZPE01152001T45MT01EBS001|900091143|CC|59830040|AUXILIARENFERMERIA|52UZPE01152001T45MT01EBS001H0054F0054CF054|2025-08-21|1||1||3||1||2|2|11|5|3|2|20||2|13|0||1||1||1||1||1|2|3|4|1|1|1|2|2|2|2|2|2||2|2|1|1||6||1|2|2|1|1|1|2|2|1|52UZPE01152001T45MT01EBS001H005452UZPE01152001T45MT01EBS001H0054F0054
2|51|1|52|UZPE011|52001|T45|MT01|LOMA DE CENTENARIO|BARRIOCENTENARIOCLLE23CASA1709|-77.271169|1.210629||52UZPE01152001T45MT01EBS001H0055|52UZPE01152001T45MT01EBS001H0055F0055|2|2|2|3|52UZPE01152001T45MT01EBS001|900091143|CC|59830040|AUXILIARENFERMERIA|52UZPE01152001T45MT01EBS001H0055F0055CF055|2025-08-21|1||1||3||1||2|2|11|5|3|2|20||2|13|0||1||1||1||1||7|1|3|4|1|1|1|2|2|2|2|2|2||2|2|1|1||6||1|2|2|1|1|1|2|2|1|52UZPE01152001T45MT01EBS001H005552UZPE01152001T45MT01EBS001H0055F0055
2|52|1|52|UZPE011|52001|T45|MT01|LOMA DE CENTENARIO|BARRIOCENTENARIOCLLE23CASA1613|-77.271169|1.210629||52UZPE01152001T45MT01EBS001H0056|52UZPE01152001T45MT01EBS001H0056F0056|2|1|1|4|52UZPE01152001T45MT01EBS001|900091143|CC|59830040|AUXILIARENFERMERIA|52UZPE01152001T45MT01EBS001H0056F0056CF056|2025-08-21|1||1||3||1||3|2|11|5|3|2|20||2|13|0||1||1||1||1||1|4|3|4|1|1|1|2|2|2|2|2|2||2|2|1|1||6||1|2|2|1|1|1|2|2|1|52UZPE01152001T45MT01EBS001H005652UZPE01152001T45MT01EBS001H0056F0056
2|53|1|52|UZPE011|52001|T45|MT01|LOMA DE CENTENARIO|CARRERA172315|-77.271088|1.209612||52UZPE01152001T45MT01EBS001H0057|52UZPE01152001T45MT01EBS001H0057F0057|3|1|1|1|52UZPE01152001T45MT01EBS001|900091143|CC|1085310466|AUXILIARDEENFERMERIA|52UZPE01152001T45MT01EBS001H0057F0057CF057|2025-08-19|1||1||4||4||1|2|11|5|2|2|20||2|13|0||1||1||1||1||7|1|3|4|1|1|1|2|2|2|2|2|2||2|2|1|2||6||1|2|2|1|1|1|2|2|1|52UZPE01152001T45MT01EBS001H005752UZPE01152001T45MT01EBS001H0057F0057
2|54|1|52|UZPE011|52001|T45|MT01|LOMA DE CENTENARIO|CALLE231752|-77.271278|1.210088||52UZPE01152001T45MT01EBS001H0058|52UZPE01152001T45MT01EBS001H0058F0058|3|1|1|1|52UZPE01152001T45MT01EBS001|900091143|CC|1085310466|AUXILIARDEENFERMERIA|52UZPE01152001T45MT01EBS001H0058F0058CF058|2025-08-20|1||1||4||4||1|2|11|5|2|2|20||1|13|0||1||1||1||1||7|1|3|4|1|1|1|2|2|2|2|2|2||2|2|2|2||6||2|2|2|1|1|1|2|2|1|52UZPE01152001T45MT01EBS001H005852UZPE01152001T45MT01EBS001H0058F0058
2|55|1|52|UZPE011|52001|T45|MT01|LOMA DE CENTENARIO|BARRIOCENTENARIOCLLE241628AP301|-77.270762|1.208704||52UZPE01152001T45MT01EBS001H0059|52UZPE01152001T45MT01EBS001H0059F0059|3|1|1|1|52UZPE01152001T45MT01EBS001|900091143|CC|59830040|AUXILIARENFERMERIA|52UZPE01152001T45MT01EBS001H0059F0059CF059|2025-08-22|1||1||3||1||1|2|10|5|3|2|20||2|13|0||1||1||1||1||7|1|3|4|1|1|1|2|2|2|2|2|2||2|2|1|1||6||1|2|2|1|1|1|2|2|1|52UZPE01152001T45MT01EBS001H005952UZPE01152001T45MT01EBS001H0059F0059
2|56|1|52|UZPE011|52001|T45|MT01|LOMA DE CENTENARIO|BARRIOCENTENARIOCLLE241652|-77.270818|1.208923||52UZPE01152001T45MT01EBS001H0060|52UZPE01152001T45MT01EBS001H0060F0060|3|1|1|2|52UZPE01152001T45MT01EBS001|900091143|CC|59830040|AUXILIARENFERMERIA|52UZPE01152001T45MT01EBS001H0060F0060CF060|2025-08-22|4||1||3||1||1|2|11|5|3|2|20||2|13|0||1||1||1||1||1|2|3|4|1|1|1|2|2|2|2|2|2||2|2|1|1||6||1|2|2|1|1|1|2|2|1|52UZPE01152001T45MT01EBS001H006052UZPE01152001T45MT01EBS001H0060F0060
2|57|1|52|UZPE011|52001|T45|MT01|LOMA DE CENTENARIO|CALLE231706|-77.271213|1.209713||52UZPE01152001T45MT01EBS001H0061|52UZPE01152001T45MT01EBS001H0061F0061|3|1|1|3|52UZPE01152001T45MT01EBS001|900091143|CC|1085310466|AUXILIARDEENFERMERIA|52UZPE01152001T45MT01EBS001H0061F0061CF061|2025-08-21|1||1||3||4||2|2|11|5|2|2|20||1|13|0||1||1||1||1||1|3|3|1|1|1|2|2|2|2|2|2|2||2|2|1|2||6||1|2|2|1|1|1|2|2|1|52UZPE01152001T45MT01EBS001H006152UZPE01152001T45MT01EBS001H0061F0061
2|58|1|52|UZPE011|52001|T45|MT01|LOMA DE CENTENARIO|CENTENARIOCLLE24|-77.270417|1.209595||52UZPE01152001T45MT01EBS001H0062|52UZPE01152001T45MT01EBS001H0062F0062|1|1|1|1|52UZPE01152001T45MT01EBS001|900091143|CC|59830040|AUXILIARENFERMERIA|52UZPE01152001T45MT01EBS001H0062F0062CF062|2025-08-22|5||1||3||1||1|2|11|5|2|2|19||2|13|0||1||1||1||1||7|1|2|4|1|1|2|2|2|2|2|2|2||2|2|1|2||6||1|2|2|1|1|1|2|2|1|52UZPE01152001T45MT01EBS001H006252UZPE01152001T45MT01EBS001H0062F0062
2|59|1|52|UZPE011|52001|T45|MT01|LOMA DE CENTENARIO|CALLE231623|-77.271284|1.209545||52UZPE01152001T45MT01EBS001H0063|52UZPE01152001T45MT01EBS001H0063F0063|3|1|1|1|52UZPE01152001T45MT01EBS001|900091143|CC|1085310466|AUXILIARDEENFERMERIA|52UZPE01152001T45MT01EBS001H0063F0063CF063|2025-08-20|1||1||3||1||1|2|11|5|2|2|20||1|13|0||1||1||1||1||7|1|3|4|1|1|1|2|2|2|2|2|2||2|2|1|2||6||1|2|2|1|2|1|2|2|1|52UZPE01152001T45MT01EBS001H006352UZPE01152001T45MT01EBS001H0063F0063
2|60|1|52|UZPE011|52001|T45|MT01|LOMA DE CENTENARIO|BARRIOCENTENARIOCLLE241756|-77.27055|1.210348||52UZPE01152001T45MT01EBS001H0064|52UZPE01152001T45MT01EBS001H0064F0064|1|3|3|5|52UZPE01152001T45MT01EBS001|900091143|CC|59830040|AUXILIARENFERMERIA|52UZPE01152001T45MT01EBS001H0064F0064CF064|2025-08-22|1||1||3||1||4|2|11|5|3|2|20||2|13|0||1||1||1||1||7|1|3|4|1|1|1|2|2|2|2|2|2||2|2|1|1||6||1|2|2|1|1|1|2|2|1|52UZPE01152001T45MT01EBS001H006452UZPE01152001T45MT01EBS001H0064F0064
2|61|1|52|UZPE011|52001|T45|MT01|LOMA DE CENTENARIO|BARRIOCENTENARIOCLLE241756|-77.27055|1.210348||52UZPE01152001T45MT01EBS001H0065|52UZPE01152001T45MT01EBS001H0065F0065|1|3|3|5|52UZPE01152001T45MT01EBS001|900091143|CC|59830040|AUXILIARENFERMERIA|52UZPE01152001T45MT01EBS001H0065F0065CF065|2025-08-22|1||1||3||1||4|2|11|5|3|2|20||2|13|0||1||1||1||1||2|3|3|4|1|1|1|2|2|2|2|2|2||2|2|1|1||6||1|2|2|1|1|1|2|2|1|52UZPE01152001T45MT01EBS001H006552UZPE01152001T45MT01EBS001H0065F0065
2|62|1|52|UZPE011|52001|T45|MT01|LOMA DE CENTENARIO|BARRIOCENTENARIOCLLE241756|-77.27055|1.210348||52UZPE01152001T45MT01EBS001H0066|52UZPE01152001T45MT01EBS001H0066F0066|1|3|3|5|52UZPE01152001T45MT01EBS001|900091143|CC|59830040|AUXILIARENFERMERIA|52UZPE01152001T45MT01EBS001H0066F0066CF066|2025-08-22|1||1||3||1||4|2|11|5|3|2|20||2|13|0||1||1||1||1||7|1|3|4|1|1|1|2|2|2|2|2|2||2|2|2|1||6||2|2|2|1|1|1|2|2|1|52UZPE01152001T45MT01EBS001H006652UZPE01152001T45MT01EBS001H0066F0066
2|63|1|52|UZPE011|52001|T45|MT01|LOMA DE CENTENARIO|CALLE231706|-77.271649|1.210136||52UZPE01152001T45MT01EBS001H0067|52UZPE01152001T45MT01EBS001H0067F0067|3|1|1|1|52UZPE01152001T45MT01EBS001|900091143|CC|1085310466|AUXILIARDEENFERMERIA|52UZPE01152001T45MT01EBS001H0067F0067CF067|2025-08-21|1||1||3||1||1|2|11|5|2|2|20||1|13|0||1||1||1||1||7|1|3|4|1|1|2|2|2|2|2|2|2||2|2|1|2||6||1|2|2|1|2|1|2|2|1|52UZPE01152001T45MT01EBS001H006752UZPE01152001T45MT01EBS001H0067F0067
2|64|1|52|UZPE011|52001|T45|MT01|LOMA DE CENTENARIO|CALLE241612|-77.271054|1.208572||52UZPE01152001T45MT01EBS001H0068|52UZPE01152001T45MT01EBS001H0068F0068|3|1|1|1|52UZPE01152001T45MT01EBS001|900091143|CC|1085310466|AUXILIARDEENFERMERIA|52UZPE01152001T45MT01EBS001H0068F0068CF068|2025-08-22|4||1||3||1||1|2|11|5|2|2|20||1|13|0||1||1||1||1||7|1|3|4|1|1|2|2|2|2|2|2|2||2|2|1|2||6||1|2|2|1|1|1|2|2|1|52UZPE01152001T45MT01EBS001H006852UZPE01152001T45MT01EBS001H0068F0068
2|65|1|52|UZPE011|52001|T45|MT01|LOMA DE CENTENARIO|CALLE241753|-77.270772|1.20993||52UZPE01152001T45MT01EBS001H0069|52UZPE01152001T45MT01EBS001H0069F0069|3|1|1|2|52UZPE01152001T45MT01EBS001|900091143|CC|1085310466|AUXILIARDEENFERMERIA|52UZPE01152001T45MT01EBS001H0069F0069CF069|2025-08-22|1||1||3||1||1|2|11|5|2|2|20||1|13|0||1||1||1||1||1|2|3|1|1|1|1|2|2|2|2|2|2||2|2|1|2||6||1|2|2|1|2|1|2|2|1|52UZPE01152001T45MT01EBS001H006952UZPE01152001T45MT01EBS001H0069F0069
2|66|1|52|UZPE011|52001|T45|MT01|LOMA DE CENTENARIO|CARRERA172341|-77.270986|1.209887||52UZPE01152001T45MT01EBS001H0070|52UZPE01152001T45MT01EBS001H0070F0070|3|1|1|1|52UZPE01152001T45MT01EBS001|900091143|CC|1085310466|AUXILIARDEENFERMERIA|52UZPE01152001T45MT01EBS001H0070F0070CF070|2025-08-22|1||1||3||1||1|2|11|5|2|2|20||1|13|0||1||1||1||1||7|1|3|4|1|1|2|2|2|2|2|2|2||2|2|1|2||6||1|2|2|1|1|1|2|2|1|52UZPE01152001T45MT01EBS001H007052UZPE01152001T45MT01EBS001H0070F0070
2|67|1|52|UZPE011|52001|T45|MT01|LOMA DE CENTENARIO|CALLE23NO1607|-77.271156|1.209479||52UZPE01152001T45MT01EBS001H0071|52UZPE01152001T45MT01EBS001H0071F0071|3|1|1|2|52UZPE01152001T45MT01EBS001|900091143|CC|1087408320|GESTORCOMUNITARIO|52UZPE01152001T45MT01EBS001H0071F0071CF071|2025-08-20|1||1||3||4||2|2|11|5|3|2|19||2|13|0||1||1||1||1||1|2|3|4|1|1|4|2|2|2|2|2|2||2|2|1|1||6||1|2|2|1|2|1|2|2|1|52UZPE01152001T45MT01EBS001H007152UZPE01152001T45MT01EBS001H0071F0071
2|68|1|52|UZPE011|52001|T45|MT01|LOMA DE CENTENARIO|CARRERA17ANO2315|-77.271344|1.210161||52UZPE01152001T45MT01EBS001H0072|52UZPE01152001T45MT01EBS001H0072F0072|3|1|1|2|52UZPE01152001T45MT01EBS001|900091143|CC|1087408320|GESTORCOMUNITARIO|52UZPE01152001T45MT01EBS001H0072F0072CF072|2025-08-21|1||1||3||1||3|2|11|5|1|2|20||2|13|0||1||1||1||1||2|2|3|4|1|1|4|2|2|2|2|2|2||2|2|1|2||6||1|2|2|1|2|1|2|2|1|52UZPE01152001T45MT01EBS001H007252UZPE01152001T45MT01EBS001H0072F0072
2|69|1|52|UZPE011|52001|T45|MT01|LOMA DE CENTENARIO|CARRERA17ANO2319|-77.271368|1.21018||52UZPE01152001T45MT01EBS001H0073|52UZPE01152001T45MT01EBS001H0073F0073|3|1|1|1|52UZPE01152001T45MT01EBS001|900091143|CC|1087408320|GESTORCOMUNITARIO|52UZPE01152001T45MT01EBS001H0073F0073CF073|2025-08-21|1||1||3||1||1|2|11|5|2|2|20||2|13|0||1||1||1||1||7|1|3|4|1|1|2|2|2|2|2|2|2||2|2|2|2||6||2|2|2|1|1|1|2|2|1|52UZPE01152001T45MT01EBS001H007352UZPE01152001T45MT01EBS001H0073F0073
2|70|1|52|UZPE011|52001|T45|MT01|LOMA DE CENTENARIO|CARRERA17ANO2412|-77.270764|1.210561||52UZPE01152001T45MT01EBS001H0074|52UZPE01152001T45MT01EBS001H0074F0074|3|1|1|1|52UZPE01152001T45MT01EBS001|900091143|CC|1087408320|GESTORCOMUNITARIO|52UZPE01152001T45MT01EBS001H0074F0074CF074|2025-08-22|1||1||3||1||1|2|11|5|2|2|20||2|13|0||1||1||1||1||7|1|3|4|1|1|2|2|2|2|2|2|2||2|2|2|1||6||2|2|2|1|1|1|2|2|1|52UZPE01152001T45MT01EBS001H007452UZPE01152001T45MT01EBS001H0074F0074
2|71|1|52|UZPE011|52001|T45|MT01|LOMA DE CENTENARIO|CALLE241781|-77.270645|1.210367||52UZPE01152001T45MT01EBS001H0075|52UZPE01152001T45MT01EBS001H0075F0075|3|1|1|1|52UZPE01152001T45MT01EBS001|900091143|CC|1085310466|AUXILIARDEENFERMERIA|52UZPE01152001T45MT01EBS001H0075F0075CF075|2025-08-22|1||1||3||4||1|2|11|5|2|2|20||1|13|0||1||1||1||1||7|2|3|1|1|1|1|2|2|2|2|2|2||2|2|1|2||6||1|2|2|1|1|1|2|2|1|52UZPE01152001T45MT01EBS001H007552UZPE01152001T45MT01EBS001H0075F0075
2|72|1|52|UZPE011|52001|T45|MT01|LOMA DE CENTENARIO|CALLE24NO1612CHICODELCENTENARIO|-77.271054|1.208572||52UZPE01152001T45MT01EBS001H0076|52UZPE01152001T45MT01EBS001H0076F0076|3|1|1|2|52UZPE01152001T45MT01EBS001|900091143|CC|1087408320|GESTORCOMUNITARIO|52UZPE01152001T45MT01EBS001H0076F0076CF076|2025-08-22|4||1||3||1||2|2|11|5|3|2|20||2|13|0||1||1||1||1||1|2|3|4|1|1|4|2|2|2|2|2|2||2|2|2|2||6||2|2|2|1|2|1|2|2|1|52UZPE01152001T45MT01EBS001H007652UZPE01152001T45MT01EBS001H0076F0076
2|73|1|52|UZPE011|52001|T45|MT01|LOMA DE CENTENARIO|CARRERA17BISNO2340|-77.270606|1.209619||52UZPE01152001T45MT01EBS001H0077|52UZPE01152001T45MT01EBS001H0077F0077|3|1|1|1|52UZPE01152001T45MT01EBS001|900091143|CC|1087408320|GESTORCOMUNITARIO|52UZPE01152001T45MT01EBS001H0077F0077CF077|2025-08-22|4||1||3||1||1|2|11|5|3|2|20||2|13|0||1||1||1||1||7|1|3|4|1|1|4|2|2|2|2|2|2||2|2|2|2||6||2|2|2|1|1|1|2|2|1|52UZPE01152001T45MT01EBS001H007752UZPE01152001T45MT01EBS001H0077F0077
2|74|1|52|UZPE011|52001|T45|MT01|LOMA DE CENTENARIO|CALLE24NI1779|-77.270693|1.210247||52UZPE01152001T45MT01EBS001H0078|52UZPE01152001T45MT01EBS001H0078F0078|3|1|1|2|52UZPE01152001T45MT01EBS001|900091143|CC|1087408320|GESTORCOMUNITARIO|52UZPE01152001T45MT01EBS001H0078F0078CF078|2025-07-22|1||1||3||1||2|2|11|5|2|2|20||2|13|0||1||1||1||1||1|2|3|4|1|1|4|2|2|2|2|2|2||2|2|1|1||6||1|2|2|1|2|1|2|2|1|52UZPE01152001T45MT01EBS001H007852UZPE01152001T45MT01EBS001H0078F0078
2|75|1|52|UZPE011|52001|T45|MT01|LOMA DE CENTENARIO|CALLE23NUMERO1711|-77.27123|1.20963||52UZPE01152001T45MT01EBS001H0080|52UZPE01152001T45MT01EBS001H0080F0080|3|1|1|2|52UZPE01152001T45MT01EBS001|900091143|CC|1193223736|ENFERMERIA|52UZPE01152001T45MT01EBS001H0080F0080CF080|2025-08-20|1||1||3||1||1|2|11|5|2|2|20||2|13|0||1||1||1||1||1|2|3|1|1|1|1|2|2|2|2|2|2||2|2|1|2||6||1|2|2|1|1|1|2|2|1|52UZPE01152001T45MT01EBS001H008052UZPE01152001T45MT01EBS001H0080F0080
2|76|1|52|UZPE011|52001|T45|MT01|LOMA DE CENTENARIO|CALLE182224CASA4|-77.272332|1.210327||52UZPE01152001T45MT01EBS001H0081|52UZPE01152001T45MT01EBS001H0081F0081|3|2|2|2|52UZPE01152001T45MT01EBS001|900091143|CC|1085248939|ENFERMERA|52UZPE01152001T45MT01EBS001H0081F0081CF081|2025-08-25|1||1||4||1||1|2|8|5|2|1|19||2|13|0||1||1||1||1||7|1|3|3|1|1|1|2|2|2|2|2|2||2|2|1|2||6||1|2|2|1|2|1|2|2|1|52UZPE01152001T45MT01EBS001H008152UZPE01152001T45MT01EBS001H0081F0081
2|77|1|52|UZPE011|52001|T45|MT01|LOMA DE CENTENARIO|RINCONDELPARAISOMZNCASA6|-77.270956|1.208624||52UZPE01152001T45MT01EBS001H0082|52UZPE01152001T45MT01EBS001H0082F0082|3|2|2|3|52UZPE01152001T45MT01EBS001|900091143|CC|59830040|AUXILIARENFERMERIA|52UZPE01152001T45MT01EBS001H0082F0082CF082|2025-08-25|1||1||3||1||2|2|11|5|3|2|20||2|13|0||1||1||1||1||1|2|3|4|1|1|1|2|2|2|2|2|2||2|2|1|1||6||1|2|2|1|1|1|2|2|1|52UZPE01152001T45MT01EBS001H008252UZPE01152001T45MT01EBS001H0082F0082
2|78|1|52|UZPE011|52001|T45|MT01|LOMA DE CENTENARIO|RINCONDELPARAISOMZNCASA6|-77.270956|1.208624||52UZPE01152001T45MT01EBS001H0083|52UZPE01152001T45MT01EBS001H0083F0083|3|2|2|3|52UZPE01152001T45MT01EBS001|900091143|CC|59830040|AUXILIARENFERMERIA|52UZPE01152001T45MT01EBS001H0083F0083CF083|2025-08-25|1||1||3||1||2|2|11|5|3|2|20||2|13|0||1||1||1||1||7|1|3|4|1|1|1|2|2|2|2|2|2||2|2|1|1||6||1|2|2|1|2|1|2|2|1|52UZPE01152001T45MT01EBS001H008352UZPE01152001T45MT01EBS001H0083F0083
2|79|1|52|UZPE011|52001|T45|MT01|LOMA DE CENTENARIO|RINCONDELPARAISOCENTENARIOMZB|-77.270793|1.207915||52UZPE01152001T45MT01EBS001H0084|52UZPE01152001T45MT01EBS001H0084F0084|3|1|1|2|52UZPE01152001T45MT01EBS001|900091143|CC|59830040|AUXILIARENFERMERIA|52UZPE01152001T45MT01EBS001H0084F0084CF084|2025-08-25|1||1||3||1||2|2|11|5|3|2|20||2|13|0||1||1||1||1||2|2|2|4|1|1|2|2|2|2|2|2|2||2|2|1|1||6||1|2|2|1|1|1|2|2|1|52UZPE01152001T45MT01EBS001H008452UZPE01152001T45MT01EBS001H0084F0084
2|80|1|52|UZPE011|52001|T45|MT01|LOMA DE CENTENARIO|MANZANABCASA9|-77.270779|1.208211||52UZPE01152001T45MT01EBS001H0085|52UZPE01152001T45MT01EBS001H0085F0085|3|1|1|2|52UZPE01152001T45MT01EBS001|900091143|CC|1085310466|AUXILIARDEENFERMERIA|52UZPE01152001T45MT01EBS001H0085F0085CF085|2025-08-25|1||1||3||1||1|2|11|5|2|2|20||1|13|0||1||1||1||1||1|2|3|1|1|1|1|2|2|2|2|2|2||2|2|1|2||6||1|2|2|1|2|1|2|2|1|52UZPE01152001T45MT01EBS001H008552UZPE01152001T45MT01EBS001H0085F0085
2|81|1|52|UZPE011|52001|T45|MT01|LOMA DE CENTENARIO|MANZANACCASA20|-77.270788|1.20756||52UZPE01152001T45MT01EBS001H0086|52UZPE01152001T45MT01EBS001H0086F0086|3|1|1|3|52UZPE01152001T45MT01EBS001|900091143|CC|1085310466|AUXILIARDEENFERMERIA|52UZPE01152001T45MT01EBS001H0086F0086CF086|2025-08-25|1||1||3||1||2|2|11|5|3|2|20||1|13|0||1||1||1||1||1|3|3|1|1|1|1|2|2|2|2|2|2||2|2|2|2||6||2|2|2|1|1|1|2|2|1|52UZPE01152001T45MT01EBS001H008652UZPE01152001T45MT01EBS001H0086F0086
2|82|1|52|UZPE011|52001|T45|MT01|LOMA DE CENTENARIO|MZBCS18CENTENARIORINCONDELPARAISO|-77.27102|1.207895||52UZPE01152001T45MT01EBS001H0087|52UZPE01152001T45MT01EBS001H0087F0087|3|1|1|2|52UZPE01152001T45MT01EBS001|900091143|CC|59830040|AUXILIARENFERMERIA|52UZPE01152001T45MT01EBS001H0087F0087CF087|2025-08-25|1||1||3||1||1|2|11|5|3|2|20||2|13|0||1||1||1||1||1|2|3|4|1|1|1|2|2|2|2|2|2||2|2|1|2||6||1|2|2|1|1|1|2|2|1|52UZPE01152001T45MT01EBS001H008752UZPE01152001T45MT01EBS001H0087F0087
2|83|1|52|UZPE011|52001|T45|MT01|LOMA DE CENTENARIO|CALLE2417A06|-77.270583|1.210624||52UZPE01152001T45MT01EBS001H0088|52UZPE01152001T45MT01EBS001H0088F0088|3|1|1|2|52UZPE01152001T45MT01EBS001|900091143|CC|1085310466|AUXILIARDEENFERMERIA|52UZPE01152001T45MT01EBS001H0088F0088CF088|2025-08-26|1||1||3||4||2|2|11|5|2|2|20||1|13|0||1||1||1||1||1|2|3|1|1|1|2|2|2|2|2|2|2||2|2|1|2||6||1|2|2|1|1|1|2|2|1|52UZPE01152001T45MT01EBS001H008852UZPE01152001T45MT01EBS001H0088F0088
2|84|1|52|UZPE011|52001|T45|MT01|LOMA DE CENTENARIO|MZACS3RINCONDELPARAISO|-77.270797|1.208412||52UZPE01152001T45MT01EBS001H0089|52UZPE01152001T45MT01EBS001H0089F0089|3|1|1|2|52UZPE01152001T45MT01EBS001|900091143|CC|1087408320|GESTORCOMUNITARIO|52UZPE01152001T45MT01EBS001H0089F0089CF089|2025-08-25|1||1||3||1||3|2|11|5|3|2|20||2|13|0||1||1||1||1||2|2|3|4|1|1|1|2|2|2|2|2|2||2|2|1|1||6||1|2|2|1|1|1|2|2|1|52UZPE01152001T45MT01EBS001H008952UZPE01152001T45MT01EBS001H0089F0089
2|85|1|52|UZPE011|52001|T45|MT01|LOMA DE CENTENARIO|CENTENARIORINCONDELPARAISOMZCCS28|-77.270982|1.20816||52UZPE01152001T45MT01EBS001H0090|52UZPE01152001T45MT01EBS001H0090F0090|3|1|1|2|52UZPE01152001T45MT01EBS001|900091143|CC|59830040|AUXILIARENFERMERIA|52UZPE01152001T45MT01EBS001H0090F0090CF090|2025-08-25|1||1||3||1||1|2|11|5|3|2|20||2|13|0||1||1||1||1||1|2|3|4|1|1|1|2|2|2|2|2|2||2|2|1|1||6||1|2|2|1|1|1|2|2|1|52UZPE01152001T45MT01EBS001H009052UZPE01152001T45MT01EBS001H0090F0090
2|86|1|52|UZPE011|52001|T45|MT01|LOMA DE CENTENARIO|MZBCS14RINCONDELPARAISO|-77.270861|1.207608||52UZPE01152001T45MT01EBS001H0091|52UZPE01152001T45MT01EBS001H0091F0091|3|1|1|2|52UZPE01152001T45MT01EBS001|900091143|CC|1087408320|GESTORCOMUNITARIO|52UZPE01152001T45MT01EBS001H0091F0091CF091|2025-08-25|1||1||3||1||2|2|11|5|3|2|20||2|13|0||1||1||1||1||1|2|3|4|1|1|1|2|2|2|2|2|2||2|2|2|1||6||2|2|2|1|2|1|2|2|1|52UZPE01152001T45MT01EBS001H009152UZPE01152001T45MT01EBS001H0091F0091
2|87|1|52|UZPE011|52001|T45|MT01|LOMA DE CENTENARIO|CENTENARIOCLLE2417A32|-77.270739|1.210889||52UZPE01152001T45MT01EBS001H0092|52UZPE01152001T45MT01EBS001H0092F0092|3|1|1|3|52UZPE01152001T45MT01EBS001|900091143|CC|59830040|AUXILIARENFERMERIA|52UZPE01152001T45MT01EBS001H0092F0092CF092|2025-08-26|4||1||3||1||2|2|11|5|2|2|20||2|13|0||1||1||1||1||1|3|3|4|1|1|1|2|2|2|2|2|2||2|2|1|2||6||1|2|2|1|1|1|2|2|1|52UZPE01152001T45MT01EBS001H009252UZPE01152001T45MT01EBS001H0092F0092
2|88|1|52|UZPE011|52001|T45|MT01|LOMA DE CENTENARIO|MZCCS27|-77.270863|1.207966||52UZPE01152001T45MT01EBS001H0093|52UZPE01152001T45MT01EBS001H0093F0093|3|1|1|3|52UZPE01152001T45MT01EBS001|900091143|CC|1087408320|GESTORCOMUNITARIO|52UZPE01152001T45MT01EBS001H0093F0093CF093|2025-08-25|1||1||3||1||2|2|11|5|3|2|20||2|13|0||1||1||1||1||1|3|3|4|1|1|1|2|2|2|2|2|2||2|2|1|2||6||1|2|2|1|1|1|2|2|1|52UZPE01152001T45MT01EBS001H009352UZPE01152001T45MT01EBS001H0093F0093
2|89|1|52|UZPE011|52001|T45|MT01|LOMA DE CENTENARIO|CENTENARIOCLLE241740|-77.270842|1.210061||52UZPE01152001T45MT01EBS001H0094|52UZPE01152001T45MT01EBS001H0094F0094|3|1|1|3|52UZPE01152001T45MT01EBS001|900091143|CC|59830040|AUXILIARENFERMERIA|52UZPE01152001T45MT01EBS001H0094F0094CF094|2025-08-26|1||1||3||1||2|2|11|5|3|2|20||2|13|0||1||1||1||1||1|3|3|4|1|1|1|2|2|2|2|2|2||2|2|1|1||6||1|2|2|1|1|1|2|2|1|52UZPE01152001T45MT01EBS001H009452UZPE01152001T45MT01EBS001H0094F0094
2|90|1|52|UZPE011|52001|T45|MT01|LOMA DE CENTENARIO|CENTENARIOCLLE241741|-77.271037|1.211222||52UZPE01152001T45MT01EBS001H0095|52UZPE01152001T45MT01EBS001H0095F0095|3|1|1|2|52UZPE01152001T45MT01EBS001|900091143|CC|59830040|AUXILIARENFERMERIA|52UZPE01152001T45MT01EBS001H0095F0095CF095|2025-08-26|1||1||3||1||1|2|11|5|2|2|20||2|13|0||1||1||1||1||1|2|3|4|1|1|1|2|2|2|2|2|2||2|2|1|2||6||1|2|2|1|1|1|2|2|1|52UZPE01152001T45MT01EBS001H009552UZPE01152001T45MT01EBS001H0095F0095
2|91|1|52|UZPE011|52001|T45|MT01|LOMA DE CENTENARIO|CENTENARIOCLLE241882|-77.271557|1.211412||52UZPE01152001T45MT01EBS001H0097|52UZPE01152001T45MT01EBS001H0097F0097|3|1|1|2|52UZPE01152001T45MT01EBS001|900091143|CC|59830040|AUXILIARENFERMERIA|52UZPE01152001T45MT01EBS001H0097F0097CF097|2025-08-27|1||1||3||1||2|2|11|5|3|2|20||2|13|0||1||1||1||1||2|2|3|4|1|1|1|2|2|2|2|2|2||2|2|1|1||6||1|2|2|1|1|1|2|2|1|52UZPE01152001T45MT01EBS001H009752UZPE01152001T45MT01EBS001H0097F0097
2|92|1|52|UZPE011|52001|T45|MT01|LOMA DE CENTENARIO|CENTENARIOCLLE2417A14|-77.270547|1.210888||52UZPE01152001T45MT01EBS001H0098|52UZPE01152001T45MT01EBS001H0098F0098|3|1|1|2|52UZPE01152001T45MT01EBS001|900091143|CC|59830040|AUXILIARENFERMERIA|52UZPE01152001T45MT01EBS001H0098F0098CF098|2025-08-28|1||1||3||1||2|2|11|5|3|2|20||2|13|0||1||1||1||1||2|2|3|4|1|1|1|2|2|2|2|2|2||2|2|1|1||6||1|2|2|1|1|1|2|2|1|52UZPE01152001T45MT01EBS001H009852UZPE01152001T45MT01EBS001H0098F0098
2|93|1|52|UZPE011|52001|T45|MT01|LOMA DE CENTENARIO|CALL3241502CASA5|-77.270842|1.208345||52UZPE01152001T45MT01EBS001H0099|52UZPE01152001T45MT01EBS001H0099F0099|3|2|2|3|52UZPE01152001T45MT01EBS001|900091143|CC|1085248939|ENFERMERA|52UZPE01152001T45MT01EBS001H0099F0099CF099|2025-08-29|1||1||3||1||3|2|11|5|2|2|20||2|13|0||1||1||1||1||1|2|3|1|1|1|1|2|2|2|2|2|2||2|2|2|1||6||2|2|2|1|1|1|2|2|1|52UZPE01152001T45MT01EBS001H009952UZPE01152001T45MT01EBS001H0099F0099
2|94|1|52|UZPE011|52001|T45|MT01|LOMA DE CENTENARIO|MANZANADCASA10|-77.271329|1.208253||52UZPE01152001T45MT01EBS001H0100|52UZPE01152001T45MT01EBS001H0100F0100|3|1|1|1|52UZPE01152001T45MT01EBS001|900091143|CC|1004592366|AUXILIARDEENFERMERIA|52UZPE01152001T45MT01EBS001H0100F0100CF100|2025-08-29|1||1||3||1||1|2|11|5|2|2|20||2|13|0||1||1||1||1||7|1|3|1|1|1|1|2|2|2|2|2|2||2|2|1|2||6||1|2|2|1|2|1|2|2|1|52UZPE01152001T45MT01EBS001H010052UZPE01152001T45MT01EBS001H0100F0100
2|95|1|52|UZPE011|52001|T45|MT01|LOMA DE CENTENARIO|CRA182204|-77.272494|1.211015||52UZPE01152001T45MT01EBS001H0101|52UZPE01152001T45MT01EBS001H0101F0101|3|1|1|2|52UZPE01152001T45MT01EBS001|900091143|CC|1085248939|ENFERMERA|52UZPE01152001T45MT01EBS001H0101F0101CF101|2025-08-29|1||2||3||4||1|2|5|5|3|1|8||1|13|0||1||1||1||1||1|2|3|1|1|1|1|2|2|2|2|2|2||2|2|2|1||6||2|2|2|1|2|1|2|2|1|52UZPE01152001T45MT01EBS001H010152UZPE01152001T45MT01EBS001H0101F0101
2|96|1|52|UZPE011|52001|T45|MT01|LOMA DE CENTENARIO|EDIFICIOELNOGAL4TOPISO|-77.271908|1.210175||52UZPE01152001T45MT01EBS001H0102|52UZPE01152001T45MT01EBS001H0102F0102|3|1|1|1|52UZPE01152001T45MT01EBS001|900091143|CC|59830040|AUXILIARENFERMERIA|52UZPE01152001T45MT01EBS001H0102F0102CF102|2025-09-02|4||1||3||1||1|2|11|5|2|2|20||2|13|0||1||1||1||1||7|1|3|4|1|1|1|2|2|2|2|2|2||2|2|1|2||6||1|2|2|1|2|1|2|2|1|52UZPE01152001T45MT01EBS001H010252UZPE01152001T45MT01EBS001H0102F0102
2|97|1|52|UZPE011|52001|T45|MT01|LOMA DE CENTENARIO|EDIFICIOCENTENARIOLOSALMENDROS|-77.271397|1.211382||52UZPE01152001T45MT01EBS001H0103|52UZPE01152001T45MT01EBS001H0103F0103|3|1|1|1|52UZPE01152001T45MT01EBS001|900091143|CC|59830040|AUXILIARENFERMERIA|52UZPE01152001T45MT01EBS001H0103F0103CF103|2025-09-03|4||1||3||1||1|2|11|5|3|2|20||2|13|0||1||1||1||1||7|1|3|4|1|1|1|2|2|2|2|2|2||2|2|1|2||6||1|2|2|1|1|1|2|2|1|52UZPE01152001T45MT01EBS001H010352UZPE01152001T45MT01EBS001H0103F0103
2|98|1|52|UZPE011|52001|T45|MT01|LOMA DE CENTENARIO|CENTENARIOEDIFICIOLOSALMENDROS|-77.274098|1.209361||52UZPE01152001T45MT01EBS001H0104|52UZPE01152001T45MT01EBS001H0104F0104|3|1|1|4|52UZPE01152001T45MT01EBS001|900091143|CC|59830040|AUXILIARENFERMERIA|52UZPE01152001T45MT01EBS001H0104F0104CF104|2025-09-03|4||1||3||1||2|2|11|5|3|2|20||2|13|0||1||1||1||1||4|4|3|4|1|1|1|2|2|2|2|2|2||2|2|1|2||6||1|2|2|1|1|1|2|2|1|52UZPE01152001T45MT01EBS001H010452UZPE01152001T45MT01EBS001H0104F0104
2|99|1|52|UZPE011|52001|T45|MT01|LOMA DE CENTENARIO|ALAMEDA1|-77.27172|1.212752||52UZPE01152001T45MT01EBS001H0105|52UZPE01152001T45MT01EBS001H0105F0105|1|1|1|3|52UZPE01152001T45MT01EBS001|900091143|CC|59830040|AUXILIARENFERMERIA|52UZPE01152001T45MT01EBS001H0105F0105CF105|2025-09-08|1||1||3||1||2|2|11|5|3|2|20||2|13|0||1||1||1||1||1|3|3|2|1|1|1|2|2|2|2|2|2||2|2|1|1||6||1|2|2|1|1|1|2|2|1|52UZPE01152001T45MT01EBS001H010552UZPE01152001T45MT01EBS001H0105F0105
2|100|1|52|UZPE011|52001|T45|MT01|LOMA DE CENTENARIO|ALAMEDAICRA192580|-77.271533|1.212221||52UZPE01152001T45MT01EBS001H0106|52UZPE01152001T45MT01EBS001H0106F0106|1|2|2|2|52UZPE01152001T45MT01EBS001|900091143|CC|59830040|AUXILIARENFERMERIA|52UZPE01152001T45MT01EBS001H0106F0106CF106|2025-09-08|1||1||3||1||2|2|11|5|2|2|20||2|13|0||1||1||1||1||7|1|3|2|1|1|1|2|2|2|2|2|2||2|2|1|2||6||1|2|2|1|1|1|2|2|1|52UZPE01152001T45MT01EBS001H010652UZPE01152001T45MT01EBS001H0106F0106
2|101|1|52|UZPE011|52001|T45|MT01|LOMA DE CENTENARIO|ALAMEDAICRA192580|-77.271533|1.212221||52UZPE01152001T45MT01EBS001H0107|52UZPE01152001T45MT01EBS001H0107F0107|1|2|2|2|52UZPE01152001T45MT01EBS001|900091143|CC|59830040|AUXILIARENFERMERIA|52UZPE01152001T45MT01EBS001H0107F0107CF107|2025-09-08|1||1||3||1||2|2|11|5|2|2|20||2|13|0||1||1||1||1||7|1|3|2|1|1|1|2|2|2|2|2|2||2|2|1|1||6||1|2|2|1|1|1|2|2|1|52UZPE01152001T45MT01EBS001H010752UZPE01152001T45MT01EBS001H0107F0107
2|102|1|52|UZPE011|52001|T45|MT01|LOMA DE CENTENARIO|ALAMEDAICRA192626|-77.27038|1.213663||52UZPE01152001T45MT01EBS001H0108|52UZPE01152001T45MT01EBS001H0108F0108|2|1|1|2|52UZPE01152001T45MT01EBS001|900091143|CC|59830040|AUXILIARENFERMERIA|52UZPE01152001T45MT01EBS001H0108F0108CF108|2025-09-08|1||1||3||1||2|2|11|5|2|2|20||1|13|0||1||1||1||1||2|2|3|2|1|1|1|2|2|2|2|2|2||2|2|1|2||6||1|2|2|1|1|1|2|2|1|52UZPE01152001T45MT01EBS001H010852UZPE01152001T45MT01EBS001H0108F0108
2|103|1|52|UZPE011|52001|T45|MT01|LOMA DE CENTENARIO|ALAMEDAICRA19|-77.270712|1.212337||52UZPE01152001T45MT01EBS001H0109|52UZPE01152001T45MT01EBS001H0109F0109|1|2|2|3|52UZPE01152001T45MT01EBS001|900091143|CC|59830040|AUXILIARENFERMERIA|52UZPE01152001T45MT01EBS001H0109F0109CF109|2025-09-09|1||1||3||1||2|2|11|5|2|2|17||1|13|0||1||1||1||1||1|2|3|2|1|1|1|2|2|2|2|2|2||2|2|1|1||6||1|2|2|1|1|1|2|2|1|52UZPE01152001T45MT01EBS001H010952UZPE01152001T45MT01EBS001H0109F0109
2|104|1|52|UZPE011|52001|T45|MT01|LOMA DE CENTENARIO|ALAMEDAICRA19|-77.270712|1.212337||52UZPE01152001T45MT01EBS001H0110|52UZPE01152001T45MT01EBS001H0110F0110|1|2|2|3|52UZPE01152001T45MT01EBS001|900091143|CC|59830040|AUXILIARENFERMERIA|52UZPE01152001T45MT01EBS001H0110F0110CF110|2025-09-09|1||1||3||1||2|2|11|5|2|2|17||1|13|0||1||1||1||1||7|1|3|2|1|1|1|2|2|2|2|2|2||2|2|1|2||6||1|2|2|1|1|1|2|2|1|52UZPE01152001T45MT01EBS001H011052UZPE01152001T45MT01EBS001H0110F0110
2|105|1|52|UZPE011|52001|T45|MT01|LOMA DE CENTENARIO|CARRERA19ALAMEDAILOMADELCARMEN|-77.270784|1.212753||52UZPE01152001T45MT01EBS001H0111|52UZPE01152001T45MT01EBS001H0111F0111|1|1|1|1|52UZPE01152001T45MT01EBS001|900091143|CC|59830040|AUXILIARENFERMERIA|52UZPE01152001T45MT01EBS001H0111F0111CF111|2025-09-09|1||1||3||1||1|2|11|5|2|2|20||2|13|0||1||1||1||1||1|1|3|2|1|1|1|2|2|2|2|2|2||2|2|1|2||6||1|2|2|1|1|1|2|2|1|52UZPE01152001T45MT01EBS001H011152UZPE01152001T45MT01EBS001H0111F0111
2|106|1|52|UZPE011|52001|T45|MT01|LOMA DE CENTENARIO|ALAMEDAICRA192692|-77.27043|1.214551||52UZPE01152001T45MT01EBS001H0112|52UZPE01152001T45MT01EBS001H0112F0112|1|2|2|4|52UZPE01152001T45MT01EBS001|900091143|CC|59830040|AUXILIARENFERMERIA|52UZPE01152001T45MT01EBS001H0112F0112CF112|2025-09-09|1||1||3||1||3|2|11|5|2|2|20||2|13|0||1||1||1||1||1|2|3|2|1|1|1|2|2|2|2|2|2||2|2|1|1||6||1|2|2|1|1|1|2|2|1|52UZPE01152001T45MT01EBS001H011252UZPE01152001T45MT01EBS001H0112F0112
2|107|1|52|UZPE011|52001|T45|MT01|LOMA DE CENTENARIO|ALAMEDAICRA192692|-77.27043|1.214551||52UZPE01152001T45MT01EBS001H0113|52UZPE01152001T45MT01EBS001H0113F0113|1|2|2|4|52UZPE01152001T45MT01EBS001|900091143|CC|59830040|AUXILIARENFERMERIA|52UZPE01152001T45MT01EBS001H0113F0113CF113|2025-09-09|1||1||3||1||3|2|11|5|2|2|20||2|13|0||1||1||1||1||2|2|3|2|1|1|1|2|2|2|2|2|2||2|2|1|1||6||1|2|2|1|1|1|2|2|1|52UZPE01152001T45MT01EBS001H011352UZPE01152001T45MT01EBS001H0113F0113
2|108|1|52|UZPE011|52001|T45|MT01|LOMA DE CENTENARIO|ALAMEDAICRA192529|-77.271332|1.212567||52UZPE01152001T45MT01EBS001H0115|52UZPE01152001T45MT01EBS001H0115F0115|1|1|1|1|52UZPE01152001T45MT01EBS001|900091143|CC|59830040|AUXILIARENFERMERIA|52UZPE01152001T45MT01EBS001H0115F0115CF115|2025-09-10|1||1||3||1||1|2|11|5|3|2|20||1|13|0||1||1||1||1||7|1|3|2|1|1|1|2|2|2|2|2|2||2|2|1|1||6||1|2|2|1|1|1|2|2|1|52UZPE01152001T45MT01EBS001H011552UZPE01152001T45MT01EBS001H0115F0115
2|109|1|52|UZPE011|52001|T45|MT01|LOMA DE CENTENARIO|ALAMEDAICRA192573|-77.27114|1.213197||52UZPE01152001T45MT01EBS001H0116|52UZPE01152001T45MT01EBS001H0116F0116|1|1|1|1|52UZPE01152001T45MT01EBS001|900091143|CC|59830040|AUXILIARENFERMERIA|52UZPE01152001T45MT01EBS001H0116F0116CF116|2025-09-10|1||1||3||1||1|2|11|5|2|2|20||2|13|0||1||1||1||1||7|1|3|2|1|1|1|2|2|2|2|2|2||2|2|1|1||6||1|2|2|1|1|1|2|2|1|52UZPE01152001T45MT01EBS001H011652UZPE01152001T45MT01EBS001H0116F0116
2|110|1|52|UZPE011|52001|T45|MT01|LOMA DE CENTENARIO|ALAMEDAICRA192573|-77.271162|1.213138||52UZPE01152001T45MT01EBS001H0117|52UZPE01152001T45MT01EBS001H0117F0117|1|2|2|3|52UZPE01152001T45MT01EBS001|900091143|CC|59830040|AUXILIARENFERMERIA|52UZPE01152001T45MT01EBS001H0117F0117CF117|2025-09-10|1||1||3||1||1|2|11|5|3|2|17||2|13|0||1||1||1||1||1|2|3|2|1|1|1|2|2|2|2|2|2||2|2|1|1||6||1|2|2|1|1|1|2|2|1|52UZPE01152001T45MT01EBS001H011752UZPE01152001T45MT01EBS001H0117F0117
2|111|1|52|UZPE011|52001|T45|MT01|LOMA DE CENTENARIO|ALAMEDAICRA192573|-77.271162|1.213138||52UZPE01152001T45MT01EBS001H0118|52UZPE01152001T45MT01EBS001H0118F0118|1|2|2|3|52UZPE01152001T45MT01EBS001|900091143|CC|59830040|AUXILIARENFERMERIA|52UZPE01152001T45MT01EBS001H0118F0118CF118|2025-09-10|1||1||3||1||1|2|11|5|3|2|17||2|13|0||1||1||1||1||7|1|3|2|1|1|1|2|2|2|2|2|2||2|2|1|1||6||1|2|2|1|1|1|2|2|1|52UZPE01152001T45MT01EBS001H011852UZPE01152001T45MT01EBS001H0118F0118
2|112|1|52|UZPE011|52001|T45|MT01|LOMA DE CENTENARIO|ALAMEDAICARTERA19|-77.271039|1.213002||52UZPE01152001T45MT01EBS001H0119|52UZPE01152001T45MT01EBS001H0119F0119|1|1|1|3|52UZPE01152001T45MT01EBS001|900091143|CC|59830040|AUXILIARENFERMERIA|52UZPE01152001T45MT01EBS001H0119F0119CF119|2025-09-10|1||1||3||1||2|2|11|5|3|2|20||2|13|0||1||1||1||1||1|3|3|2|1|1|1|2|2|2|2|2|2||2|2|1|2||6||1|2|2|1|1|1|2|2|1|52UZPE01152001T45MT01EBS001H011952UZPE01152001T45MT01EBS001H0119F0119
2|113|1|52|UZPE011|52001|T45|MT01|LOMA DE CENTENARIO|ALAMEDAICRA192675|-77.270391|1.21423||52UZPE01152001T45MT01EBS001H0120|52UZPE01152001T45MT01EBS001H0120F0120|1|1|1|1|52UZPE01152001T45MT01EBS001|900091143|CC|59830040|AUXILIARENFERMERIA|52UZPE01152001T45MT01EBS001H0120F0120CF120|2025-09-10|1||1||3||1||1|2|11|5|2|2|20||1|13|0||1||1||1||1||7|1|3|2|1|1|1|2|2|2|2|2|2||2|2|1|2||6||1|2|2|1|1|1|2|2|1|52UZPE01152001T45MT01EBS001H012052UZPE01152001T45MT01EBS001H0120F0120
2|114|1|52|UZPE011|52001|T45|MT01|LOMA DE CENTENARIO|CRA192572|-77.271232|1.213071||52UZPE01152001T45MT01EBS001H0121|52UZPE01152001T45MT01EBS001H0121F0121|2|1|1|1|52UZPE01152001T45MT01EBS001|900091143|CC|1004592366|AUXILIARDEENFERMERIA|52UZPE01152001T45MT01EBS001H0121F0121CF121|2025-09-08|1||1||3||1||1|2|11|5|2|2|20||1|13|0||1||1||1||1||7|1|3|1|1|1|1|2|2|2|2|2|2||2|2|1|2||6||1|2|2|1|1|1|2|2|1|52UZPE01152001T45MT01EBS001H012152UZPE01152001T45MT01EBS001H0121F0121
2|115|1|52|UZPE011|52001|T45|MT01|LOMA DE CENTENARIO|CRA192446|-77.271309|1.212332||52UZPE01152001T45MT01EBS001H0122|52UZPE01152001T45MT01EBS001H0122F0122|2|1|1|2|52UZPE01152001T45MT01EBS001|900091143|CC|1004592366|AUXILIARDEENFERMERIA|52UZPE01152001T45MT01EBS001H0122F0122CF122|2025-09-09|1||1||3||1||1|2|11|5|2|2|20||2|13|0||1||1||1||1||1|2|3|1|1|1|1|2|2|2|2|2|2||2|2|2|2||6||2|2|2|1|2|1|2|2|1|52UZPE01152001T45MT01EBS001H012252UZPE01152001T45MT01EBS001H0122F0122
2|116|1|52|UZPE011|52001|T45|MT01|LOMA DE CENTENARIO|ALAMEDAICRA1926121|-77.270053|1.214252||52UZPE01152001T45MT01EBS001H0123|52UZPE01152001T45MT01EBS001H0123F0123|1|1|1|2|52UZPE01152001T45MT01EBS001|900091143|CC|59830040|AUXILIARENFERMERIA|52UZPE01152001T45MT01EBS001H0123F0123CF123|2025-09-11|1||1||3||4||1|2|11|5|2|2|19||1|13|0||1||1||1||1||1|2|3|2|1|1|1|2|2|2|2|2|2||2|2|1|1||6||1|2|2|1|2|1|2|2|1|52UZPE01152001T45MT01EBS001H012352UZPE01152001T45MT01EBS001H0123F0123
2|117|1|52|UZPE011|52001|T45|MT01|LOMA DE CENTENARIO|CRA192530|-77.290592|1.213242||52UZPE01152001T45MT01EBS001H0124|52UZPE01152001T45MT01EBS001H0124F0124|2|1|1|2|52UZPE01152001T45MT01EBS001|900091143|CC|1004592366|AUXILIARDEENFERMERIA|52UZPE01152001T45MT01EBS001H0124F0124CF124|2025-09-09|1||1||3||1||1|2|11|5|2|2|20||2|13|0||1||1||1||1||1|2|3|1|1|1|1|2|2|2|2|2|2||2|2|1|1||6||1|2|2|1|2|1|2|2|1|52UZPE01152001T45MT01EBS001H012452UZPE01152001T45MT01EBS001H0124F0124
2|118|1|52|UZPE011|52001|T45|MT01|LOMA DE CENTENARIO|ALAMEDAICRA192717|-77.269977|1.214481||52UZPE01152001T45MT01EBS001H0125|52UZPE01152001T45MT01EBS001H0125F0125|1|1|1|2|52UZPE01152001T45MT01EBS001|900091143|CC|59830040|AUXILIARENFERMERIA|52UZPE01152001T45MT01EBS001H0125F0125CF125|2025-09-11|1||1||3||1||1|2|11|5|3|2|20||2|13|0||1||1||1||1||1|2|3|1|1|1|1|2|2|2|2|2|2||2|2|1|2||6||1|2|2|1|1|1|2|2|1|52UZPE01152001T45MT01EBS001H012552UZPE01152001T45MT01EBS001H0125F0125
2|119|1|52|UZPE011|52001|T45|MT01|LOMA DE CENTENARIO|CRA192682|-77.270374|1.214384||52UZPE01152001T45MT01EBS001H0126|52UZPE01152001T45MT01EBS001H0126F0126|1|1|1|1|52UZPE01152001T45MT01EBS001|900091143|CC|1004592366|AUXILIARDEENFERMERIA|52UZPE01152001T45MT01EBS001H0126F0126CF126|2025-09-10|1||1||3||1||1|2|11|5|2|2|20||2|13|0||1||1||1||1||7|1|3|1|1|1|1|2|2|2|2|2|2||2|2|1|2||6||1|2|2|1|2|1|2|2|1|52UZPE01152001T45MT01EBS001H012652UZPE01152001T45MT01EBS001H0126F0126
2|120|1|52|UZPE011|52001|T45|MT01|LOMA DE CENTENARIO|CASAUNICAACUEDUCTOCENTENARIO|-77.26953|1.210834||52UZPE01152001T45MT01EBS001H0127|52UZPE01152001T45MT01EBS001H0127F0127|1|1|1|2|52UZPE01152001T45MT01EBS001|900091143|CC|1004592366|AUXILIARDEENFERMERIA|52UZPE01152001T45MT01EBS001H0127F0127CF127|2025-09-08|1||1||3||1||1|2|11|1|2|2|20||2|13|2||1||1||1||1||1|2|3|1|1|1|1|2|2|2|2|2|2||2|2|1|2||6||1|2|2|1|2|1|2|2|1|52UZPE01152001T45MT01EBS001H012752UZPE01152001T45MT01EBS001H0127F0127
2|121|1|52|UZPE011|52001|T45|MT01|LOMA DE CENTENARIO|ALAMEDAICLL271938|-77.270379|1.215113||52UZPE01152001T45MT01EBS001H0128|52UZPE01152001T45MT01EBS001H0128F0128|1|1|1|3|52UZPE01152001T45MT01EBS001|900091143|CC|59830040|AUXILIARENFERMERIA|52UZPE01152001T45MT01EBS001H0128F0128CF128|2025-09-11|4||1||3||1||2|2|11|5|2|2|19||2|13|0||1||1||1||1||1|3|3|2|1|1|1|2|2|2|2|2|2||2|2|1|2||6||1|2|2|1|1|1|2|2|1|52UZPE01152001T45MT01EBS001H012852UZPE01152001T45MT01EBS001H0128F0128
2|122|1|52|UZPE011|52001|T45|MT01|LOMA DE CENTENARIO|CASAUACUEDUCTOCENTENARIO|-77.26939|1.210827||52UZPE01152001T45MT01EBS001H0129|52UZPE01152001T45MT01EBS001H0129F0129|1|1|1|3|52UZPE01152001T45MT01EBS001|900091143|CC|1004592366|AUXILIARDEENFERMERIA|52UZPE01152001T45MT01EBS001H0129F0129CF129|2025-09-09|1||1||3||1||2|2|11|5|2|2|20||1|13|2||1||1||1||1||1|3|3|1|1|1|1|2|2|2|2|2|2||2|2|1|2||6||1|2|2|1|2|1|2|2|1|52UZPE01152001T45MT01EBS001H012952UZPE01152001T45MT01EBS001H0129F0129
2|123|1|52|UZPE011|52001|T45|MT01|LOMA DE CENTENARIO|CRA192585ALAMEDA1|-77.269879|1.214534||52UZPE01152001T45MT01EBS001H0130|52UZPE01152001T45MT01EBS001H0130F0130|1|1|1|1|52UZPE01152001T45MT01EBS001|900091143|CC|1004592366|AUXILIARDEENFERMERIA|52UZPE01152001T45MT01EBS001H0130F0130CF130|2025-09-10|1||1||3||1||1|2|11|5|2|2|20||2|13|0||1||1||1||1||7|1|3|1|1|1|1|2|2|2|2|2|2||2|2|1|2||6||1|2|2|1|1|1|2|2|1|52UZPE01152001T45MT01EBS001H013052UZPE01152001T45MT01EBS001H0130F0130
2|124|1|52|UZPE011|52001|T45|MT01|LOMA DE CENTENARIO|CRA192641|-77.27091|1.214097||52UZPE01152001T45MT01EBS001H0131|52UZPE01152001T45MT01EBS001H0131F0131|1|1|1|2|52UZPE01152001T45MT01EBS001|900091143|CC|1004592366|AUXILIARDEENFERMERIA|52UZPE01152001T45MT01EBS001H0131F0131CF131|2025-09-10|1||1||3||1||1|2|11|5|2|2|20||1|13|0||1||1||1||1||2|2|3|1|1|1|2|2|2|2|2|2|2||2|2|1|1||6||1|2|2|1|2|1|2|2|1|52UZPE01152001T45MT01EBS001H013152UZPE01152001T45MT01EBS001H0131F0131
2|125|1|52|UZPE011|52001|T45|MT01|LOMA DE CENTENARIO|CRA192612|-77.270783|1.213605||52UZPE01152001T45MT01EBS001H0132|52UZPE01152001T45MT01EBS001H0132F0132|1|1|1|2|52UZPE01152001T45MT01EBS001|900091143|CC|1004592366|AUXILIARDEENFERMERIA|52UZPE01152001T45MT01EBS001H0132F0132CF132|2025-09-11|1||1||3||1||1|2|11|5|2|2|20||2|13|0||1||1||1||1||1|2|3|1|1|1|1|2|2|2|2|2|2||2|2|1|2||6||1|2|2|1|1|1|2|2|1|52UZPE01152001T45MT01EBS001H013252UZPE01152001T45MT01EBS001H0132F0132
2|126|1|52|UZPE011|52001|T45|MT01|LOMA DE CENTENARIO|ALAMEDA1CLL271938|-77.270379|1.215113||52UZPE01152001T45MT01EBS001H0133|52UZPE01152001T45MT01EBS001H0133F0133|1|1|1|3|52UZPE01152001T45MT01EBS001|900091143|CC|59830040|AUXILIARENFERMERIA|52UZPE01152001T45MT01EBS001H0133F0133CF133|2025-09-11|5||1||3||4||1|2|11|5|2|2|19||2|13|0||1||1||1||1||1|3|3|2|1|1|1|2|2|2|2|2|2||2|2|1|1||6||1|2|2|1|1|1|2|2|1|52UZPE01152001T45MT01EBS001H013352UZPE01152001T45MT01EBS001H0133F0133
2|127|1|52|UZPE011|52001|T45|MT01|LOMA DE CENTENARIO|ALBERGUELOMADECENTENARIO|-77.26936|1.21325||52UZPE01152001T45MT01EBS001H0134|52UZPE01152001T45MT01EBS001H0134F0134|1|1|1|3|52UZPE01152001T45MT01EBS001|900091143|CC|59830040|AUXILIARENFERMERIA|52UZPE01152001T45MT01EBS001H0134F0134CF134|2025-09-12|1||5||4||4||1|1|8|1|1|2|19||2|13|0||3||1||1||1||1|3|3|2|1|1|1|2|2|2|2|2|2||2|2|1|2||6||1|2|2|1|1|1|2|2|1|52UZPE01152001T45MT01EBS001H013452UZPE01152001T45MT01EBS001H0134F0134
2|128|1|52|UZPE011|52001|T45|MT01|LOMA DE CENTENARIO|ALAMEDAICRA192589|-77.27038|1.21441||52UZPE01152001T45MT01EBS001H0135|52UZPE01152001T45MT01EBS001H0135F0135|1|1|1|2|52UZPE01152001T45MT01EBS001|900091143|CC|59830040|AUXILIARENFERMERIA|52UZPE01152001T45MT01EBS001H0135F0135CF135|2025-09-17|1||1||3||1||2|2|11|5|2|2|17||2|13|0||1||1||1||1||1|2|3|2|1|1|1|2|2|2|2|2|2||2|2|2|1||6||2|2|2|1|1|1|2|2|1|52UZPE01152001T45MT01EBS001H013552UZPE01152001T45MT01EBS001H0135F0135
2|129|1|52|UZPE011|52001|T45|MT01|LOMA DE CENTENARIO|CRA1926130|-77.270191|1.214563||52UZPE01152001T45MT01EBS001H0136|52UZPE01152001T45MT01EBS001H0136F0136|2|1|1|1|52UZPE01152001T45MT01EBS001|900091143|CC|1004592366|AUXILIARDEENFERMERIA|52UZPE01152001T45MT01EBS001H0136F0136CF136|2025-09-16|1||1||3||1||1|2|11|5|2|2|20||2|13|0||1||1||1||1||7|1|3|1|1|1|1|2|2|2|2|2|2||2|2|1|2||6||1|2|2|1|2|1|2|2|1|52UZPE01152001T45MT01EBS001H013652UZPE01152001T45MT01EBS001H0136F0136
2|130|1|52|UZPE011|52001|T45|MT01|LOMA DE CENTENARIO|CRA192621|-77.270416|1.214262||52UZPE01152001T45MT01EBS001H0137|52UZPE01152001T45MT01EBS001H0137F0137|2|1|1|1|52UZPE01152001T45MT01EBS001|900091143|CC|1004592366|AUXILIARDEENFERMERIA|52UZPE01152001T45MT01EBS001H0137F0137CF137|2025-09-16|1||1||3||1||1|2|11|5|2|2|20||2|13|0||1||1||1||1||7|1|3|1|1|1|1|2|2|2|2|2|2||2|2|1|1||6||1|2|2|1|1|1|2|2|1|52UZPE01152001T45MT01EBS001H013752UZPE01152001T45MT01EBS001H0137F0137
2|131|1|52|UZPE011|52001|T45|MT01|LOMA DE CENTENARIO|CRA271937|-77.270072|1.215134||52UZPE01152001T45MT01EBS001H0138|52UZPE01152001T45MT01EBS001H0138F0138|1|1|1|1|52UZPE01152001T45MT01EBS001|900091143|CC|1004592366|AUXILIARDEENFERMERIA|52UZPE01152001T45MT01EBS001H0138F0138CF138|2025-09-20|1||1||3||1||1|2|11|5|2|2|20||2|13|0||1||1||1||1||7|1|3|1|1|1|1|2|2|2|2|2|2||2|2|1|2||6||1|2|2|1|2|1|2|2|1|52UZPE01152001T45MT01EBS001H013852UZPE01152001T45MT01EBS001H0138F0138
2|132|1|52|UZPE011|52001|T45|MT04|AQUINE III|AQUINE3SECTOR3MANZANABCASA10|-77.272649|1.215011||52UZPE01152001T45MT04EBS001H0139|52UZPE01152001T45MT04EBS001H0139F0139|3|1|1|2|52UZPE01152001T45MT04EBS001|900091143|CC|1193224810|AUXILIARDEENFERMERIA|52UZPE01152001T45MT04EBS001H0139F0139CF139|2025-09-20|1||1||3||1||2|2|11|5|3|2|20||2|13|0||1||1||1||1||2|2|3|1|1|1|1|2|2|2|2|2|2||2|2|1|1||6||1|2|2|1|2|1|2|2|1|52UZPE01152001T45MT04EBS001H013952UZPE01152001T45MT04EBS001H0139F0139
2|133|1|52|UZPE011|52001|T45|MT04|AQUINE III|AQUINE3SECTOR3MANZANABCASA3|-77.272927|1.214971||52UZPE01152001T45MT04EBS001H0140|52UZPE01152001T45MT04EBS001H0140F0140|3|1|1|1|52UZPE01152001T45MT04EBS001|900091143|CC|1193224810|AUXILIARDEENFERMERIA|52UZPE01152001T45MT04EBS001H0140F0140CF140|2025-09-20|1||1||3||1||2|2|11|5|3|1|20||2|13|0||1||1||1||1||7|1|3|1|1|1|1|2|2|2|2|2|2||2|2|1|1||6||1|2|2|1|2|1|2|2|1|52UZPE01152001T45MT04EBS001H014052UZPE01152001T45MT04EBS001H0140F0140
2|134|1|52|UZPE011|52001|T45|MT04|AQUINE III|AQUINE3SECTOR3MANZANADCASA7|-77.272585|1.215115||52UZPE01152001T45MT04EBS001H0141|52UZPE01152001T45MT04EBS001H0141F0141|3|1|1|1|52UZPE01152001T45MT04EBS001|900091143|CC|1193224810|AUXILIARDEENFERMERIA|52UZPE01152001T45MT04EBS001H0141F0141CF141|2025-09-20|1||1||3||1||2|2|11|5|3|2|20||2|13|0||1||1||1||1||7|1|3|1|1|1|1|2|2|2|2|2|2||2|2|1|1||6||1|2|2|1|2|1|2|2|1|52UZPE01152001T45MT04EBS001H014152UZPE01152001T45MT04EBS001H0141F0141
2|135|1|52|UZPE011|52001|T45|MT04|AQUINE III|AQUINE3SECTOR3MANZANABCASA7|-77.272871|1.215073||52UZPE01152001T45MT04EBS001H0142|52UZPE01152001T45MT04EBS001H0142F0142|3|1|1|5|52UZPE01152001T45MT04EBS001|900091143|CC|1193224810|AUXILIARDEENFERMERIA|52UZPE01152001T45MT04EBS001H0142F0142CF142|2025-09-20|1||1||3||1||4|2|11|5|3|2|20||2|13|0||1||1||1||1||1|5|3|1|1|1|1|2|2|2|2|2|2||2|2|1|2||6||1|2|2|1|2|1|2|2|1|52UZPE01152001T45MT04EBS001H014252UZPE01152001T45MT04EBS001H0142F0142
2|136|1|52|UZPE011|52001|T45|MT01|LOMA DE CENTENARIO|ALAMEDAICLLE271945|-77.270158|1.21542||52UZPE01152001T45MT01EBS001H0143|52UZPE01152001T45MT01EBS001H0143F0143|1|1|1|1|52UZPE01152001T45MT01EBS001|900091143|CC|59830040|AUXILIARENFERMERIA|52UZPE01152001T45MT01EBS001H0143F0143CF143|2025-09-19|1||1||3||4||1|2|11|5|2|2|20||1|13|0||1||1||1||1||7|1|3|2|1|1|1|2|2|2|2|2|2||2|2|1|1||6||1|2|2|1|1|1|2|2|1|52UZPE01152001T45MT01EBS001H014352UZPE01152001T45MT01EBS001H0143F0143
2|137|1|52|UZPE011|52001|T45|MT01|LOMA DE CENTENARIO|ALAMEDAICLLE27A|-77.270237|1.215403||52UZPE01152001T45MT01EBS001H0144|52UZPE01152001T45MT01EBS001H0144F0144|1|1|1|1|52UZPE01152001T45MT01EBS001|900091143|CC|59830040|AUXILIARENFERMERIA|52UZPE01152001T45MT01EBS001H0144F0144CF144|2025-09-19|1||1||3||1||1|2|11|5|3|2|20||2|13|0||1||1||1||1||7|1|3|2|1|1|1|2|2|2|2|2|2||2|2|1|1||6||1|2|2|1|1|1|2|2|1|52UZPE01152001T45MT01EBS001H014452UZPE01152001T45MT01EBS001H0144F0144
2|138|1|52|UZPE011|52001|T45|MT01|LOMA DE CENTENARIO|ALAMEDAICLLE27A|-77.270237|1.215403||52UZPE01152001T45MT01EBS001H0145|52UZPE01152001T45MT01EBS001H0145F0145|1|1|1|2|52UZPE01152001T45MT01EBS001|900091143|CC|59830040|AUXILIARENFERMERIA|52UZPE01152001T45MT01EBS001H0145F0145CF145|2025-09-19|1||1||3||1||2|2|11|5|3|2|20||2|13|0||1||1||1||1||7|2|3|2|1|1|1|2|2|2|2|2|2||2|2|1|1||6||1|2|2|1|1|1|2|2|1|52UZPE01152001T45MT01EBS001H014552UZPE01152001T45MT01EBS001H0145F0145
2|139|1|52|UZPE011|52001|T45|MT01|LOMA DE CENTENARIO|ALAMEDAICLLE27A1937|-77.270237|1.215403||52UZPE01152001T45MT01EBS001H0146|52UZPE01152001T45MT01EBS001H0146F0146|1|1|1|1|52UZPE01152001T45MT01EBS001|900091143|CC|59830040|AUXILIARENFERMERIA|52UZPE01152001T45MT01EBS001H0146F0146CF146|2025-09-19|1||1||3||1||1|2|11|5|3|2|20||2|13|0||1||1||1||1||7|1|3|2|1|1|1|2|2|2|2|2|2||2|2|1|1||6||1|2|2|1|1|1|2|2|1|52UZPE01152001T45MT01EBS001H014652UZPE01152001T45MT01EBS001H0146F0146
2|140|1|52|UZPE011|52001|T45|MT01|LOMA DE CENTENARIO|ALAMEDAICRA1926141|-77.269987|1.21467||52UZPE01152001T45MT01EBS001H0149|52UZPE01152001T45MT01EBS001H0149F0149|1|2|2|2|52UZPE01152001T45MT01EBS001|900091143|CC|59830040|AUXILIARENFERMERIA|52UZPE01152001T45MT01EBS001H0149F0149CF149|2025-09-24|1||1||3||1||2|2|8|5|2|1|19||2|13|0||1||1||1||1||7|1|3|2|1|1|2|2|2|2|2|2|2||2|2|1|1||6||1|2|2|1|2|1|2|2|1|52UZPE01152001T45MT01EBS001H014952UZPE01152001T45MT01EBS001H0149F0149
2|141|1|52|UZPE011|52001|T45|MT01|LOMA DE CENTENARIO|ALAMEDAICRA1926141|-77.269987|1.21467||52UZPE01152001T45MT01EBS001H0150|52UZPE01152001T45MT01EBS001H0150F0150|1|2|2|2|52UZPE01152001T45MT01EBS001|900091143|CC|59830040|AUXILIARENFERMERIA|52UZPE01152001T45MT01EBS001H0150F0150CF150|2025-09-24|1||1||3||1||2|2|8|5|2|1|19||2|13|0||1||1||1||1||7|1|3|3|1|1|1|2|2|2|2|2|2||2|2|1|2||6||1|2|2|1|1|1|2|2|1|52UZPE01152001T45MT01EBS001H015052UZPE01152001T45MT01EBS001H0150F0150
2|142|1|52|UZPE011|52001|T45|MT01|LOMA DE CENTENARIO|ALAMEDAICLLE251984|-77.270819|1.214526||52UZPE01152001T45MT01EBS001H0151|52UZPE01152001T45MT01EBS001H0151F0151|1|2|2|3|52UZPE01152001T45MT01EBS001|900091143|CC|59830040|AUXILIARENFERMERIA|52UZPE01152001T45MT01EBS001H0151F0151CF151|2025-09-24|1||1||3||1||3|2|11|5|2|2|20||1|13|0||1||1||1||1||1|2|3|2|1|1|1|2|2|2|2|2|2||2|2|1|1||6||1|2|2|1|1|1|2|2|1|52UZPE01152001T45MT01EBS001H015152UZPE01152001T45MT01EBS001H0151F0151
2|143|1|52|UZPE011|52001|T45|MT01|LOMA DE CENTENARIO|ALAMEDAICLLE251984|-77.270819|1.214526||52UZPE01152001T45MT01EBS001H0152|52UZPE01152001T45MT01EBS001H0152F0152|1|2|2|3|52UZPE01152001T45MT01EBS001|900091143|CC|59830040|AUXILIARENFERMERIA|52UZPE01152001T45MT01EBS001H0152F0152CF152|2025-09-24|1||1||3||1||3|2|11|5|2|2|20||1|13|0||1||1||1||1||7|1|3|1|1|1|1|2|2|2|2|2|2||2|2|1|1||6||1|2|2|1|1|1|2|2|1|52UZPE01152001T45MT01EBS001H015252UZPE01152001T45MT01EBS001H0152F0152
2|144|1|52|UZPE011|52001|T45|MT01|LOMA DE CENTENARIO|ALAMEDAICRA192721|-77.269534|1.214966||52UZPE01152001T45MT01EBS001H0153|52UZPE01152001T45MT01EBS001H0153F0153|1|1|1|2|52UZPE01152001T45MT01EBS001|900091143|CC|59830040|AUXILIARENFERMERIA|52UZPE01152001T45MT01EBS001H0153F0153CF153|2025-09-24|1||1||3||1||2|2|11|5|2|2|17||1|13|0||1||1||1||1||2|2|2|3|1|1|2|2|2|2|2|2|2||2|2|1|2||6||1|2|2|1|1|1|2|2|1|52UZPE01152001T45MT01EBS001H015352UZPE01152001T45MT01EBS001H0153F0153
2|145|1|52|UZPE011|52001|T45|MT01|LOMA DE CENTENARIO|ALAMEDAICLLE271923|-77.270085|1.215078||52UZPE01152001T45MT01EBS001H0154|52UZPE01152001T45MT01EBS001H0154F0154|1|3|3|3|52UZPE01152001T45MT01EBS001|900091143|CC|59830040|AUXILIARENFERMERIA|52UZPE01152001T45MT01EBS001H0154F0154CF154|2025-09-26|1||1||3||1||3|2|11|5|3|2|20||2|13|0||1||1||1||1||7|1|3|2|1|1|1|2|2|2|2|2|2||2|2|1|1||6||1|2|2|1|2|1|2|2|1|52UZPE01152001T45MT01EBS001H015452UZPE01152001T45MT01EBS001H0154F0154
2|146|1|52|UZPE011|52001|T45|MT01|LOMA DE CENTENARIO|ALAMEDAICLLE271923|-77.270085|1.215078||52UZPE01152001T45MT01EBS001H0155|52UZPE01152001T45MT01EBS001H0155F0155|1|3|3|3|52UZPE01152001T45MT01EBS001|900091143|CC|59830040|AUXILIARENFERMERIA|52UZPE01152001T45MT01EBS001H0155F0155CF155|2025-09-26|1||1||3||1||3|2|11|5|3|2|20||2|13|0||1||1||1||1||7|1|3|2|1|1|1|2|2|2|2|2|2||2|2|1|1||6||1|2|2|1|1|1|2|2|1|52UZPE01152001T45MT01EBS001H015552UZPE01152001T45MT01EBS001H0155F0155
2|147|1|52|UZPE011|52001|T45|MT01|LOMA DE CENTENARIO|ALAMEDAICLLE271923|-77.270085|1.215078||52UZPE01152001T45MT01EBS001H0156|52UZPE01152001T45MT01EBS001H0156F0156|1|3|3|3|52UZPE01152001T45MT01EBS001|900091143|CC|59830040|AUXILIARENFERMERIA|52UZPE01152001T45MT01EBS001H0156F0156CF156|2025-09-26|1||1||3||1||3|2|11|5|3|2|20||2|13|0||1||1||1||1||2|1|3|2|1|1|1|2|2|2|2|2|2||2|2|1|1||6||1|2|2|1|1|1|2|2|1|52UZPE01152001T45MT01EBS001H015652UZPE01152001T45MT01EBS001H0156F0156
2|148|1|52|UZPE011|52001|T45|MT01|LOMA DE CENTENARIO|ALAMEDAICLL25A19A10|-77.270784|1.214937||52UZPE01152001T45MT01EBS001H0157|52UZPE01152001T45MT01EBS001H0157F0157|1|1|1|1|52UZPE01152001T45MT01EBS001|900091143|CC|59830040|AUXILIARENFERMERIA|52UZPE01152001T45MT01EBS001H0157F0157CF157|2025-09-26|1||1||3||1||1|2|11|5|3|2|20||1|13|0||1||1||1||1||7|1|3|2|1|1|1|2|2|2|2|2|2||2|2|1|1||6||1|2|2|1|1|1|2|2|1|52UZPE01152001T45MT01EBS001H015752UZPE01152001T45MT01EBS001H0157F0157
2|149|1|52|UZPE011|52001|T46|MT04|PUCALPA I|CL22AH205|-77.262265|1.207061||52UZPE01152001T46MT04EBS001H0158|52UZPE01152001T46MT04EBS001H0158F0158|3|1|1|2|52UZPE01152001T46MT04EBS001|900091143|CC|1085347312|ENFERMERA|52UZPE01152001T46MT04EBS001H0158F0158CF158|2025-10-01|1||1||3||1||2|2|11|5|2|2|19||2|13|0||1||1||1||1||2|2|3|1|1|1|1|2|2|2|2|2|2||2|2|1|1||6||1|2|2|1|1|1|2|2|1|52UZPE01152001T46MT04EBS001H015852UZPE01152001T46MT04EBS001H0158F0158
2|150|1|52|UZPE011|52001|T46|MT04|PUCALPA I|CALLE22AN227|-77.262389|1.207209||52UZPE01152001T46MT04EBS001H0159|52UZPE01152001T46MT04EBS001H0159F0159|3|1|1|2|52UZPE01152001T46MT04EBS001|900091143|CC|1004547484|AUXILIARDEENFERMERIA|52UZPE01152001T46MT04EBS001H0159F0159CF159|2025-10-01|1||1||3||1||3|2|11|5|1|2|20||1|13|0||1||1||1||1||2|2|3|1|1|1|1|2|2|2|2|2|2||2|2|1|1||6||1|2|2|1|1|1|2|2|1|52UZPE01152001T46MT04EBS001H015952UZPE01152001T46MT04EBS001H0159F0159
2|151|1|52|UZPE011|52001|T46|MT04|PUCALPA I|CALLE22AN162|-77.262423|1.206948||52UZPE01152001T46MT04EBS001H0162|52UZPE01152001T46MT04EBS001H0162F0162|3|1|1|2|52UZPE01152001T46MT04EBS001|900091143|CC|1004547484|AUXILIARDEENFERMERIA|52UZPE01152001T46MT04EBS001H0162F0162CF162|2025-10-01|1||1||3||1||3|2|11|5|3|2|20||1|13|0||1||1||1||1||1|3|3|1|1|1|1|2|2|2|2|2|2||2|2|2|2||6||2|2|2|1|2|1|2|2|1|52UZPE01152001T46MT04EBS001H016252UZPE01152001T46MT04EBS001H0162F0162
2|152|1|52|UZPE011|52001|T45|MT02|AQUINE II|TOTRE3AP301|-77.269029|1.215963||52UZPE01152001T45MT02EBS001H0163|52UZPE01152001T45MT02EBS001H0163F0163|3|2|2|3|52UZPE01152001T45MT02EBS001|900091143|CC|59830040|AUXILIARENFERMERIA|52UZPE01152001T45MT02EBS001H0163F0163CF163|2025-09-29|1||1||3||1||2|2|11|5|2|2|20||2|13|0||1||1||1||1||1|2|3|2|1|1|1|2|2|2|2|2|2||2|2|1|1||6||1|2|2|1|1|1|2|2|1|52UZPE01152001T45MT02EBS001H016352UZPE01152001T45MT02EBS001H0163F0163
2|153|1|52|UZPE011|52001|T45|MT02|AQUINE II|TOTRE3AP301|-77.269029|1.215963||52UZPE01152001T45MT02EBS001H0164|52UZPE01152001T45MT02EBS001H0164F0164|3|2|2|3|52UZPE01152001T45MT02EBS001|900091143|CC|59830040|AUXILIARENFERMERIA|52UZPE01152001T45MT02EBS001H0164F0164CF164|2025-09-29|1||1||3||1||2|2|11|5|2|2|20||2|13|0||1||1||1||1||7|1|3|2|1|1|1|2|2|2|2|2|2||2|2|1|2||6||1|2|2|1|2|1|2|2|1|52UZPE01152001T45MT02EBS001H016452UZPE01152001T45MT02EBS001H0164F0164
2|154|1|52|UZPE011|52001|T46|MT04|PUCALPA I|CALLE22B217|-77.262175|1.207451||52UZPE01152001T46MT04EBS001H0165|52UZPE01152001T46MT04EBS001H0165F0165|3|2|2|2|52UZPE01152001T46MT04EBS001|900091143|CC|1004547484|AUXILIARDEENFERMERIA|52UZPE01152001T46MT04EBS001H0165F0165CF165|2025-10-02|1||1||3||1||3|2|11|5|3|2|17||1|13|0||1||1||1||1||4|2|3|1|1|1|1|2|2|2|2|2|2||2|2|1|2||6||1|2|2|1|1|1|2|2|1|52UZPE01152001T46MT04EBS001H016552UZPE01152001T46MT04EBS001H0165F0165
2|155|1|52|UZPE011|52001|T46|MT04|PUCALPA I|CALLE22AN217|-77.262175|1.207451||52UZPE01152001T46MT04EBS001H0166|52UZPE01152001T46MT04EBS001H0166F0166|3|2|2|2|52UZPE01152001T46MT04EBS001|900091143|CC|1004547484|AUXILIARDEENFERMERIA|52UZPE01152001T46MT04EBS001H0166F0166CF166|2025-10-02|1||1||3||1||3|2|11|5|3|2|17||1|13|0||1||1||1||1||4|2|3|1|1|1|1|2|2|2|2|2|2||2|2|2|1||6||2|2|2|1|1|1|2|2|1|52UZPE01152001T46MT04EBS001H016652UZPE01152001T46MT04EBS001H0166F0166
2|156|1|52|UZPE011|52001|T46|MT04|PUCALPA I|CARRERA2NUMERO229PUCALPA1CASAMISIONERA|-77.262559|1.206913||52UZPE01152001T46MT04EBS001H0167|52UZPE01152001T46MT04EBS001H0167F0167|3|1|1|1|52UZPE01152001T46MT04EBS001|900091143|CC|1085286725|AUXILIARDEENFERMERIA|52UZPE01152001T46MT04EBS001H0167F0167CF167|2025-10-02|1||1||3||1||1|2|11|5|3|2|20||1|13|0||1||1||1||1||7|1|3|1|1|1|1|2|2|2|2|2|2||2|2|2|2||6||2|2|2|1|1|1|2|2|1|52UZPE01152001T46MT04EBS001H016752UZPE01152001T46MT04EBS001H0167F0167
2|157|1|52|UZPE011|52001|T45|MT02|AQUINE II|TORRE3APARTAMENTO502|-77.270034|1.215402||52UZPE01152001T45MT02EBS001H0174|52UZPE01152001T45MT02EBS001H0174F0174|3|1|1|2|52UZPE01152001T45MT02EBS001|900091143|CC|59830040|AUXILIARENFERMERIA|52UZPE01152001T45MT02EBS001H0174F0174CF174|2025-09-29|1||1||3||1||1|2|11|5|2|2|20||2|13|0||1||1||1||1||1|2|3|2|1|1|1|2|2|2|2|2|2||2|2|1|1||6||1|2|2|1|2|1|2|2|1|52UZPE01152001T45MT02EBS001H017452UZPE01152001T45MT02EBS001H0174F0174
2|158|1|52|UZPE011|52001|T45|MT02|AQUINE II|AQUINEALTO1AP401TORRE2|-77.26985|1.215746||52UZPE01152001T45MT02EBS001H0175|52UZPE01152001T45MT02EBS001H0175F0175|3|1|1|3|52UZPE01152001T45MT02EBS001|900091143|CC|59830040|AUXILIARENFERMERIA|52UZPE01152001T45MT02EBS001H0175F0175CF175|2025-09-29|1||1||3||1||3|2|11|5|2|2|20||2|13|0||1||1||1||1||1|3|3|2|1|1|1|2|2|2|2|2|2||2|2|1|2||6||1|2|2|1|2|1|2|2|1|52UZPE01152001T45MT02EBS001H017552UZPE01152001T45MT02EBS001H0175F0175
2|159|1|52|UZPE011|52001|T45|MT02|AQUINE II|TORRESDEAQUINESANJULIAN|-77.269895|1.215587||52UZPE01152001T45MT02EBS001H0177|52UZPE01152001T45MT02EBS001H0177F0177|3|1|1|1|52UZPE01152001T45MT02EBS001|900091143|CC|59830040|AUXILIARENFERMERIA|52UZPE01152001T45MT02EBS001H0177F0177CF177|2025-09-29|1||1||3||1||1|2|11|5|2|2|20||2|13|0||1||1||1||1||7|1|3|4|1|1|1|2|2|2|2|2|2||2|2|2|2||6||2|2|2|1|2|1|2|2|1|52UZPE01152001T45MT02EBS001H017752UZPE01152001T45MT02EBS001H0177F0177
2|160|1|52|UZPE011|52001|T45|MT02|AQUINE II|TORRESDEAQUINESANJULIANTORRE1APART502|-77.270092|1.215431||52UZPE01152001T45MT02EBS001H0178|52UZPE01152001T45MT02EBS001H0178F0178|3|1|1|1|52UZPE01152001T45MT02EBS001|900091143|CC|59830040|AUXILIARENFERMERIA|52UZPE01152001T45MT02EBS001H0178F0178CF178|2025-09-29|1||1||3||1||1|2|11|5|2|2|20||2|13|0||1||1||1||1||7|1|3|4|1|1|1|2|2|2|2|2|2||2|2|2|2||6||2|2|2|1|2|1|2|2|1|52UZPE01152001T45MT02EBS001H017852UZPE01152001T45MT02EBS001H0178F0178
2|161|1|52|UZPE011|52001|T45|MT02|AQUINE II|TORRESDEAQUINESANJULIANTORRE3AP402|-77.269784|1.215269||52UZPE01152001T45MT02EBS001H0179|52UZPE01152001T45MT02EBS001H0179F0179|3|1|1|1|52UZPE01152001T45MT02EBS001|900091143|CC|59830040|AUXILIARENFERMERIA|52UZPE01152001T45MT02EBS001H0179F0179CF179|2025-09-30|1||1||3||1||1|2|11|5|2|2|20||2|13|0||1||1||1||1||7|1|3|4|1|1|1|2|2|2|2|2|2||2|2|1|2||6||1|2|2|1|1|1|2|2|1|52UZPE01152001T45MT02EBS001H017952UZPE01152001T45MT02EBS001H0179F0179
2|162|1|52|UZPE011|52001|T45|MT02|AQUINE II|TORRESDEAQUINESANJULIANTORRE4APTO501|-77.270066|1.215294||52UZPE01152001T45MT02EBS001H0180|52UZPE01152001T45MT02EBS001H0180F0180|3|1|1|2|52UZPE01152001T45MT02EBS001|900091143|CC|59830040|AUXILIARENFERMERIA|52UZPE01152001T45MT02EBS001H0180F0180CF180|2025-09-30|1||1||3||1||2|2|11|5|2|2|20||2|13|0||1||1||1||1||2|2|3|1|1|1|1|2|2|2|2|2|2||2|2|1|1||6||1|2|2|1|1|1|2|2|1|52UZPE01152001T45MT02EBS001H018052UZPE01152001T45MT02EBS001H0180F0180
2|163|1|52|UZPE011|52001|T45|MT02|AQUINE II|TORRESDEAQUINESANJULIANTORRE2APTO501|-77.226851|1.215745||52UZPE01152001T45MT02EBS001H0181|52UZPE01152001T45MT02EBS001H0181F0181|3|1|1|2|52UZPE01152001T45MT02EBS001|900091143|CC|59830040|AUXILIARENFERMERIA|52UZPE01152001T45MT02EBS001H0181F0181CF181|2025-10-01|1||1||3||1||2|2|11|5|2|2|20||2|13|0||1||1||1||1||2|2|3|2|1|1|1|2|2|2|2|2|2||2|2|1|2||6||1|2|2|1|1|1|2|2|1|52UZPE01152001T45MT02EBS001H018152UZPE01152001T45MT02EBS001H0181F0181
2|164|1|52|UZPE011|52001|T46|MT04|PUCALPA I|CAL22A211|-77.262296|1.206907||52UZPE01152001T46MT04EBS001H0182|52UZPE01152001T46MT04EBS001H0182F0182|3|2|2|2|52UZPE01152001T46MT04EBS001|900091143|CC|1085347312|ENFERMERA|52UZPE01152001T46MT04EBS001H0182F0182CF182|2025-10-04|1||1||3||1||2|2|11|5|2|2|20||2|13|0||1||1||1||1||7|1|3|1|1|1|1|2|2|2|2|2|2||2|2|2|2||6||2|2|2|1|2|1|2|2|1|52UZPE01152001T46MT04EBS001H018252UZPE01152001T46MT04EBS001H0182F0182
2|165|1|52|UZPE011|52001|T45|MT02|AQUINE II|AQUINE1SECTOR1|-77.270361|1.215666||52UZPE01152001T45MT02EBS001H0184|52UZPE01152001T45MT02EBS001H0184F0184|3|2|2|3|52UZPE01152001T45MT02EBS001|900091143|CC|59830040|AUXILIARENFERMERIA|52UZPE01152001T45MT02EBS001H0184F0184CF184|2025-10-02|1||1||3||1||3|2|11|5|2|2|20||2|13|0||1||1||1||1||2|2|3|2|1|1|1|2|2|2|2|2|2||2|2|1|1||6||1|2|2|1|1|1|2|2|1|52UZPE01152001T45MT02EBS001H018452UZPE01152001T45MT02EBS001H0184F0184
2|166|1|52|UZPE011|52001|T45|MT02|AQUINE II|AQUINE1SECTOR1|-77.270361|1.215666||52UZPE01152001T45MT02EBS001H0185|52UZPE01152001T45MT02EBS001H0185F0185|3|2|2|3|52UZPE01152001T45MT02EBS001|900091143|CC|59830040|AUXILIARENFERMERIA|52UZPE01152001T45MT02EBS001H0185F0185CF185|2025-10-02|1||1||3||1||3|2|11|5|2|2|20||2|13|0||1||1||1||1||7|1|3|4|1|1|1|2|2|2|2|2|2||2|2|1|2||6||1|2|2|1|1|1|2|2|1|52UZPE01152001T45MT02EBS001H018552UZPE01152001T45MT02EBS001H0185F0185
2|167|1|52|UZPE011|52001|T45|MT02|AQUINE II|AQUINE1SECTOR1MZCCASA12|-77.270542|1.215236||52UZPE01152001T45MT02EBS001H0186|52UZPE01152001T45MT02EBS001H0186F0186|3|1|1|2|52UZPE01152001T45MT02EBS001|900091143|CC|59830040|AUXILIARENFERMERIA|52UZPE01152001T45MT02EBS001H0186F0186CF186|2025-10-02|1||1||3||1||2|2|11|5|2|2|20||2|13|0||1||1||1||1||2|2|3|2|1|1|1|2|2|2|2|2|2||2|2|1|2||6||1|2|2|1|1|1|2|2|1|52UZPE01152001T45MT02EBS001H018652UZPE01152001T45MT02EBS001H0186F0186
2|168|1|52|UZPE011|52001|T45|MT02|AQUINE II|AQUINE1SECTOR1MZCCASA3|-77.270895|1.215381||52UZPE01152001T45MT02EBS001H0187|52UZPE01152001T45MT02EBS001H0187F0187|3|1|1|3|52UZPE01152001T45MT02EBS001|900091143|CC|59830040|AUXILIARENFERMERIA|52UZPE01152001T45MT02EBS001H0187F0187CF187|2025-10-02|1||1||3||1||3|2|11|5|2|2|20||2|13|0||1||1||1||1||1|3|3|2|1|1|1|2|2|2|2|2|2||2|2|2|2||6||2|2|2|1|1|1|2|2|1|52UZPE01152001T45MT02EBS001H018752UZPE01152001T45MT02EBS001H0187F0187
2|169|1|52|UZPE011|52001|T45|MT02|AQUINE II|AQUINE1SECTOR1MZBCASA12|-77.270744|1.21513||52UZPE01152001T45MT02EBS001H0188|52UZPE01152001T45MT02EBS001H0188F0188|3|2|2|4|52UZPE01152001T45MT02EBS001|900091143|CC|59830040|AUXILIARENFERMERIA|52UZPE01152001T45MT02EBS001H0188F0188CF188|2025-10-02|1||1||3||1||4|2|11|5|2|2|20||2|13|0||1||1||1||1||2|2|3|2|1|1|1|2|2|2|2|2|2||2|2|1|1||6||1|2|2|1|1|1|2|2|1|52UZPE01152001T45MT02EBS001H018852UZPE01152001T45MT02EBS001H0188F0188
2|170|1|52|UZPE011|52001|T45|MT02|AQUINE II|AQUINE1SECTOR1MZBCASA12|-77.270744|1.21513||52UZPE01152001T45MT02EBS001H0189|52UZPE01152001T45MT02EBS001H0189F0189|3|2|2|4|52UZPE01152001T45MT02EBS001|900091143|CC|59830040|AUXILIARENFERMERIA|52UZPE01152001T45MT02EBS001H0189F0189CF189|2025-10-02|1||1||3||1||4|2|11|5|2|2|20||2|13|0||1||1||1||1||2|2|3|2|1|1|1|2|2|2|2|2|2||2|2|1|1||6||1|2|2|1|1|1|2|2|1|52UZPE01152001T45MT02EBS001H018952UZPE01152001T45MT02EBS001H0189F0189
2|171|1|52|UZPE011|52001|T45|MT02|AQUINE II|AQUINE1SECTOR1MZDCASA8|-77.270408|1.21552||52UZPE01152001T45MT02EBS001H0190|52UZPE01152001T45MT02EBS001H0190F0190|3|1|1|1|52UZPE01152001T45MT02EBS001|900091143|CC|59830040|AUXILIARENFERMERIA|52UZPE01152001T45MT02EBS001H0190F0190CF190|2025-10-03|1||1||3||1||1|2|11|5|2|2|20||2|13|0||1||1||1||1||7|1|3|4|1|1|1|2|2|2|2|2|2||2|2|1|1||6||1|2|2|1|1|1|2|2|1|52UZPE01152001T45MT02EBS001H019052UZPE01152001T45MT02EBS001H0190F0190
2|172|1|52|UZPE011|52001|T45|MT02|AQUINE II|AQUINEALTO1SECTOR1MZDCASA2|-77.270699|1.215542||52UZPE01152001T45MT02EBS001H0191|52UZPE01152001T45MT02EBS001H0191F0191|3|1|1|3|52UZPE01152001T45MT02EBS001|900091143|CC|59830040|AUXILIARENFERMERIA|52UZPE01152001T45MT02EBS001H0191F0191CF191|2025-10-03|1||1||3||1||3|2|11|5|2|2|20||2|13|0||1||1||1||1||2|3|3|2|1|1|1|2|2|2|2|2|2||2|2|1|1||6||1|2|2|1|1|1|2|2|1|52UZPE01152001T45MT02EBS001H019152UZPE01152001T45MT02EBS001H0191F0191
2|173|1|52|UZPE011|52001|T45|MT02|AQUINE II|AQUINE1SECTOR1MZCASA|-77.270597|1.21565||52UZPE01152001T45MT02EBS001H0192|52UZPE01152001T45MT02EBS001H0192F0192|3|1|1|1|52UZPE01152001T45MT02EBS001|900091143|CC|59830040|AUXILIARENFERMERIA|52UZPE01152001T45MT02EBS001H0192F0192CF192|2025-10-03|1||1||3||1||1|2|11|5|2|2|20||2|13|0||1||1||1||1||7|1|3|4|1|1|1|2|2|2|2|2|2||2|2|1|1||6||1|2|2|1|1|1|2|2|1|52UZPE01152001T45MT02EBS001H019252UZPE01152001T45MT02EBS001H0192F0192
2|174|1|52|UZPE011|52001|T46|MT04|PUCALPA I|CARRERA2CALLE2234|-77.262352|1.206815||52UZPE01152001T46MT04EBS001H0193|52UZPE01152001T46MT04EBS001H0193F0193|3|1|1|1|52UZPE01152001T46MT04EBS001|900091143|CC|1004547484|AUXILIARDEENFERMERIA|52UZPE01152001T46MT04EBS001H0193F0193CF193|2025-10-06|4||1||3||1||2|2|8|5|3|2|20||1|13|0||1||1||1||1||7|1|3|1|1|1|1|2|2|2|2|2|2||2|2|2|1||6||2|2|2|1|1|1|2|2|1|52UZPE01152001T46MT04EBS001H019352UZPE01152001T46MT04EBS001H0193F0193
2|175|1|52|UZPE011|52001|T46|MT04|PUCALPA I|CALLE221A41|-77.261279|1.206034||52UZPE01152001T46MT04EBS001H0194|52UZPE01152001T46MT04EBS001H0194F0194|3|1|1|1|52UZPE01152001T46MT04EBS001|900091143|CC|1004547484|AUXILIARDEENFERMERIA|52UZPE01152001T46MT04EBS001H0194F0194CF194|2025-10-06|1||1||3||1||1|2|5|5|2|2|7||1|13|0||1||1||1||1||1|1|3|1|1|1|1|2|2|2|2|2|2||2|2|1|1||6||1|2|2|1|1|1|2|2|1|52UZPE01152001T46MT04EBS001H019452UZPE01152001T46MT04EBS001H0194F0194
2|176|1|52|UZPE011|52001|T46|MT04|PUCALPA I|MZAC11|-77.262098|1.205545||52UZPE01152001T46MT04EBS001H0196|52UZPE01152001T46MT04EBS001H0196F0196|1|1|1|3|52UZPE01152001T46MT04EBS001|900091143|CC|1193424771|PSICOLOGA|52UZPE01152001T46MT04EBS001H0196F0196CF196|2025-10-06|1||1||3||1||2|2|11|5|3|2|20||2|13|0||1||1||1||1||1|3|3|1|1|1|1|2|2|2|2|2|2||2|2|1|2||6||1|2|2|1|1|1|2|2|1|52UZPE01152001T46MT04EBS001H019652UZPE01152001T46MT04EBS001H0196F0196
2|177|1|52|UZPE011|52001|T46|MT04|PUCALPA I|CRA2196|-77.262149|1.205697||52UZPE01152001T46MT04EBS001H0197|52UZPE01152001T46MT04EBS001H0197F0197|3|1|1|3|52UZPE01152001T46MT04EBS001|900091143|CC|185247449|AUXILIARDEENFERMERIA|52UZPE01152001T46MT04EBS001H0197F0197CF197|2025-10-06|1||1||3||1||0|2|11|5|3|2|20||2|13|0||1||1||1||1||1|3|3|1|1|1|1|2|2|2|2|2|2||2|2|2|1||6||2|2|2|1|2|1|2|2|1|52UZPE01152001T46MT04EBS001H019752UZPE01152001T46MT04EBS001H0197F0197
2|178|1|52|UZPE011|52001|T46|MT04|PUCALPA I|N2196|-77.262149|1.205697||52UZPE01152001T46MT04EBS001H0198|52UZPE01152001T46MT04EBS001H0198F0198|3|1|1|3|52UZPE01152001T46MT04EBS001|900091143|CC|185247449|AUXILIARDEENFERMERIA|52UZPE01152001T46MT04EBS001H0198F0198CF198|2025-10-06|1||1||3||1||0|2|11|5|3|2|20||2|13|0||1||1||1||1||1|3|3|1|1|1|1|2|2|2|2|2|2||2|2|2|1||6||2|2|2|1|2|1|2|2|1|52UZPE01152001T46MT04EBS001H019852UZPE01152001T46MT04EBS001H0198F0198
2|179|1|52|UZPE011|52001|T45|MT02|AQUINE II|AQUINEALTO1SECTOR2MZBCASA1|-77.271127|1.215287||52UZPE01152001T45MT02EBS001H0199|52UZPE01152001T45MT02EBS001H0199F0199|3|3|3|5|52UZPE01152001T45MT02EBS001|900091143|CC|59830040|AUXILIARENFERMERIA|52UZPE01152001T45MT02EBS001H0199F0199CF199|2025-10-06|1||1||3||1||1|2|11|5|3|2|20||2|13|0||1||1||1||1||7|1|3|2|1|1|1|2|2|2|2|2|2||2|2|1|1||6||1|2|2|1|2|1|2|2|1|52UZPE01152001T45MT02EBS001H019952UZPE01152001T45MT02EBS001H0199F0199
2|180|1|52|UZPE011|52001|T45|MT02|AQUINE II|AQUINEALTO1SECTOR2MZBCASA1|-77.271127|1.215287||52UZPE01152001T45MT02EBS001H0200|52UZPE01152001T45MT02EBS001H0200F0200|3|3|3|5|52UZPE01152001T45MT02EBS001|900091143|CC|59830040|AUXILIARENFERMERIA|52UZPE01152001T45MT02EBS001H0200F0200CF200|2025-10-06|1||1||3||1||1|2|11|5|3|2|20||2|13|0||1||1||1||1||7|1|3|2|1|1|1|2|2|2|2|2|2||2|2|1|1||6||1|2|2|1|2|1|2|2|1|52UZPE01152001T45MT02EBS001H020052UZPE01152001T45MT02EBS001H0200F0200
2|181|1|52|UZPE011|52001|T45|MT02|AQUINE II|AQUINEALTO1SECTOR2MZBCASA1|-77.271127|1.215287||52UZPE01152001T45MT02EBS001H0201|52UZPE01152001T45MT02EBS001H0201F0201|3|3|3|5|52UZPE01152001T45MT02EBS001|900091143|CC|59830040|AUXILIARENFERMERIA|52UZPE01152001T45MT02EBS001H0201F0201CF201|2025-10-06|1||1||3||1||1|2|11|5|3|2|20||2|13|0||1||1||1||1||1|2|3|2|1|1|1|2|2|2|2|2|2||2|2|1|2||6||1|2|2|1|1|1|2|2|1|52UZPE01152001T45MT02EBS001H020152UZPE01152001T45MT02EBS001H0201F0201
2|182|1|52|UZPE011|52001|T46|MT04|PUCALPA I|CARRERA2A|-77.262196|1.205233||52UZPE01152001T46MT04EBS001H0202|52UZPE01152001T46MT04EBS001H0202F0202|3|1|1|1|52UZPE01152001T46MT04EBS001|900091143|CC|1004547484|AUXILIARDEENFERMERIA|52UZPE01152001T46MT04EBS001H0202F0202CF202|2025-10-07|1||1||3||1||3|2|11|5|3|2|20||1|13|0||1||1||1||1||1|1|3|1|1|1|1|2|2|2|2|2|2||2|2|2|2||6||2|2|2|1|1|1|2|2|1|52UZPE01152001T46MT04EBS001H020252UZPE01152001T46MT04EBS001H0202F0202
2|183|1|52|UZPE011|52001|T46|MT04|PUCALPA I|CARRERA2B211|-77.262389|1.20551||52UZPE01152001T46MT04EBS001H0203|52UZPE01152001T46MT04EBS001H0203F0203|3|1|1|4|52UZPE01152001T46MT04EBS001|900091143|CC|1004547484|AUXILIARDEENFERMERIA|52UZPE01152001T46MT04EBS001H0203F0203CF203|2025-10-07|1||1||3||1||4|2|11|5|3|2|20||1|13|0||1||1||1||1||1|4|3|1|1|1|1|2|2|2|2|2|2||2|2|2|2||6||2|2|2|1|1|1|2|2|1|52UZPE01152001T46MT04EBS001H020352UZPE01152001T46MT04EBS001H0203F0203
2|184|1|52|UZPE011|52001|T46|MT04|PUCALPA I|CRA2B2173|-77.262482|1.205562||52UZPE01152001T46MT04EBS001H0208|52UZPE01152001T46MT04EBS001H0208F0208|3|1|1|2|52UZPE01152001T46MT04EBS001|900091143|CC|1193424771|PSICOLOGA|52UZPE01152001T46MT04EBS001H0208F0208CF208|2025-10-07|1||1||3||2||1|2|11|3|2|2|20||2|13|0||1||1||1||1||1|2|3|1|1|1|1|2|2|2|2|2|2||2|2|2|1||6||2|2|2|1|1|1|2|2|1|52UZPE01152001T46MT04EBS001H020852UZPE01152001T46MT04EBS001H0208F0208
2|185|1|52|UZPE011|52001|T46|MT04|PUCALPA I|21A46|-77.262372|1.205591||52UZPE01152001T46MT04EBS001H0209|52UZPE01152001T46MT04EBS001H0209F0209|1|1|1|1|52UZPE01152001T46MT04EBS001|900091143|CC|1193424771|PSICOLOGA|52UZPE01152001T46MT04EBS001H0209F0209CF209|2025-10-07|1||1||3||1||1|2|11|5|2|2|20||2|9,10|2||1||1||1||1||1|1|3|1|1|1|1|2|2|2|2|2|2||2|2|1|1||6||1|2|2|1|1|1|2|2|1|52UZPE01152001T46MT04EBS001H020952UZPE01152001T46MT04EBS001H0209F0209
2|186|1|52|UZPE011|52001|T46|MT04|PUCALPA I|CARRERA1ANUMERO58CALLE22VILLAADRIANAMARIACASA|-77.262492|1.205394||52UZPE01152001T46MT04EBS001H0210|52UZPE01152001T46MT04EBS001H0210F0210|3|1|1|1|52UZPE01152001T46MT04EBS001|900091143|CC|1085286725|AUXILIARDEENFERMERIA|52UZPE01152001T46MT04EBS001H0210F0210CF210|2025-10-06|1||1||3||1||1|2|11|5|1|2|20||2|13|0||1||1||1||1||7|1|3|1|1|1|1|2|2|2|2|2|2||2|2|2|2||6||2|2|2|1|1|1|2|2|1|52UZPE01152001T46MT04EBS001H021052UZPE01152001T46MT04EBS001H0210F0210
2|187|1|52|UZPE011|52001|T46|MT04|PUCALPA I|CALLE2NUMERO1A27APARTAMENTO404|-77.262332|1.207326||52UZPE01152001T46MT04EBS001H0211|52UZPE01152001T46MT04EBS001H0211F0211|3|2|2|3|52UZPE01152001T46MT04EBS001|900091143|CC|1085286725|AUXILIARDEENFERMERIA|52UZPE01152001T46MT04EBS001H0211F0211CF211|2025-10-06|4||1||3||1||2|2|11|5|3|2|20||2|13|0||1||1||1||1||1|3|3|1|1|1|1|2|2|2|2|2|2||2|2|1|2||6||1|2|2|1|2|1|2|2|1|52UZPE01152001T46MT04EBS001H021152UZPE01152001T46MT04EBS001H0211F0211
2|188|1|52|UZPE011|52001|T46|MT04|PUCALPA I|MANZANABCASA8BARRIOVILLAADRIANAMARIACASAPROPIA|-77.262292|1.205483||52UZPE01152001T46MT04EBS001H0212|52UZPE01152001T46MT04EBS001H0212F0212|3|1|1|2|52UZPE01152001T46MT04EBS001|900091143|CC|1085286725|AUXILIARDEENFERMERIA|52UZPE01152001T46MT04EBS001H0212F0212CF212|2025-10-07|1||1||3||1||1|2|11|5|2|2|20||2|13|0||1||1||1||1||1|2|3|1|1|1|1|2|2|2|2|2|2||2|2|1|1||6||1|2|2|1|1|1|2|2|1|52UZPE01152001T46MT04EBS001H021252UZPE01152001T46MT04EBS001H0212F0212
2|189|1|52|UZPE011|52001|T46|MT04|PUCALPA I|MANZANABCASA15VILLAADRIANAMARIACASAPROPIA|-77.262492|1.205394||52UZPE01152001T46MT04EBS001H0213|52UZPE01152001T46MT04EBS001H0213F0213|3|3|3|5|52UZPE01152001T46MT04EBS001|900091143|CC|1085286725|AUXILIARDEENFERMERIA|52UZPE01152001T46MT04EBS001H0213F0213CF213|2025-10-07|1||1||3||1||4|2|11|5|3|2|20||2|13|0||1||1||1||1||1|2|3|1|1|1|1|2|2|2|2|2|2||2|2|2|1||6||2|2|2|1|1|1|2|2|1|52UZPE01152001T46MT04EBS001H021352UZPE01152001T46MT04EBS001H0213F0213
2|190|1|52|UZPE011|52001|T46|MT04|PUCALPA I|MANZANABCASA15VILLAADRIANAMARIACASAPROPIA|-77.262492|1.205394||52UZPE01152001T46MT04EBS001H0215|52UZPE01152001T46MT04EBS001H0215F0215|3|3|3|5|52UZPE01152001T46MT04EBS001|900091143|CC|1085286725|AUXILIARDEENFERMERIA|52UZPE01152001T46MT04EBS001H0215F0215CF215|2025-10-07|1||1||3||1||4|2|11|5|3|2|20||2|13|0||1||1||1||1||1|2|3|1|1|1|1|2|2|2|2|2|2||2|2|2|1||6||2|2|2|1|1|1|2|2|1|52UZPE01152001T46MT04EBS001H021552UZPE01152001T46MT04EBS001H0215F0215
2|191|1|52|UZPE011|52001|T46|MT04|PUCALPA I|MANZANABCASA15VILLAADRIANAMARIACASAPROPIA|-77.262492|1.205394||52UZPE01152001T46MT04EBS001H0216|52UZPE01152001T46MT04EBS001H0216F0216|3|3|3|5|52UZPE01152001T46MT04EBS001|900091143|CC|1085286725|AUXILIARDEENFERMERIA|52UZPE01152001T46MT04EBS001H0216F0216CF216|2025-10-07|1||1||3||1||4|2|11|5|1|2|20||2|13|0||1||1||1||1||1|1|3|1|1|1|1|2|2|2|2|2|2||2|2|2|1||6||2|2|2|1|1|1|2|2|1|52UZPE01152001T46MT04EBS001H021652UZPE01152001T46MT04EBS001H0216F0216
2|192|1|52|UZPE011|52001|T45|MT04|AQUINE III|D3|-77.271852|1.214834||52UZPE01152001T45MT04EBS001H0217|52UZPE01152001T45MT04EBS001H0217F0217|1|1|1|1|52UZPE01152001T45MT04EBS001|900091143|CC|1193424771|PSICOLOGA|52UZPE01152001T45MT04EBS001H0217F0217CF217|2025-10-08|1||1||3||1||1|2|11|5|2|2|20||2|13|0||1||1||1||1||7|1|3|1|1|1|1|2|2|2|2|2|2||2|2|1|2||6||1|2|2|1|1|1|2|2|1|52UZPE01152001T45MT04EBS001H021752UZPE01152001T45MT04EBS001H0217F0217
2|193|1|52|UZPE011|52001|T45|MT02|AQUINE II|AQUINEALTO1SECTOR2MZECASA5|-77.270883|1.21956||52UZPE01152001T45MT02EBS001H0218|52UZPE01152001T45MT02EBS001H0218F0218|3|1|1|2|52UZPE01152001T45MT02EBS001|900091143|CC|59830040|AUXILIARENFERMERIA|52UZPE01152001T45MT02EBS001H0218F0218CF218|2025-10-07|1||1||3||1||1|2|11|5|3|2|20||2|13|0||1||1||1||1||1|2|3|2|1|1|1|2|2|2|2|2|2||2|2|1|1||6||1|2|2|1|1|1|2|2|1|52UZPE01152001T45MT02EBS001H021852UZPE01152001T45MT02EBS001H0218F0218
2|194|1|52|UZPE011|52001|T45|MT02|AQUINE II|AQUINEALTO1SECTOR2MZFCASA4|-77.270623|1.214442||52UZPE01152001T45MT02EBS001H0219|52UZPE01152001T45MT02EBS001H0219F0219|3|1|1|3|52UZPE01152001T45MT02EBS001|900091143|CC|59830040|AUXILIARENFERMERIA|52UZPE01152001T45MT02EBS001H0219F0219CF219|2025-10-08|1||1||3||1||3|2|11|5|3|2|20||2|13|0||1||1||1||1||2|3|3|2|1|1|1|2|2|2|2|2|2||2|2|1|1||6||1|2|2|1|1|1|2|2|1|52UZPE01152001T45MT02EBS001H021952UZPE01152001T45MT02EBS001H0219F0219
2|195|1|52|UZPE011|52001|T45|MT02|AQUINE II|AQUINEALTO1SECTOR2MZFCASA1|-77.271023|1.214515||52UZPE01152001T45MT02EBS001H0220|52UZPE01152001T45MT02EBS001H0220F0220|3|2|2|4|52UZPE01152001T45MT02EBS001|900091143|CC|59830040|AUXILIARENFERMERIA|52UZPE01152001T45MT02EBS001H0220F0220CF220|2025-10-08|1||1||3||1||4|2|11|5|3|2|20||2|13|0||1||1||1||1||2|1|3|2|1|1|1|2|2|2|2|2|2||2|2|1|1||6||1|2|2|1|1|1|2|2|1|52UZPE01152001T45MT02EBS001H022052UZPE01152001T45MT02EBS001H0220F0220
2|196|1|52|UZPE011|52001|T45|MT02|AQUINE II|AQUINEALTO1SECTOR2MZFCASA1|-77.271023|1.214515||52UZPE01152001T45MT02EBS001H0221|52UZPE01152001T45MT02EBS001H0221F0221|3|2|2|4|52UZPE01152001T45MT02EBS001|900091143|CC|59830040|AUXILIARENFERMERIA|52UZPE01152001T45MT02EBS001H0221F0221CF221|2025-10-08|1||1||3||1||4|2|11|5|3|2|20||2|13|0||1||1||1||1||1|3|3|2|1|1|1|2|2|2|2|2|2||2|2|1|1||6||1|2|2|1|1|1|2|2|1|52UZPE01152001T45MT02EBS001H022152UZPE01152001T45MT02EBS001H0221F0221
2|197|1|52|UZPE011|52001|T45|MT02|AQUINE II|AQUINE3SECTOR2CASA4|-77.271807|1.214774||52UZPE01152001T45MT02EBS001H0222|52UZPE01152001T45MT02EBS001H0222F0222|3|1|1|3|52UZPE01152001T45MT02EBS001|900091143|CC|59830040|AUXILIARENFERMERIA|52UZPE01152001T45MT02EBS001H0222F0222CF222|2025-10-08|1||1||3||1||3|2|11|5|3|2|20||2|13|0||1||1||1||1||1|3|2|2|1|1|1|2|2|2|2|2|2||2|2|1|1||6||1|2|2|1|1|1|2|2|1|52UZPE01152001T45MT02EBS001H022252UZPE01152001T45MT02EBS001H0222F0222
2|198|1|52|UZPE011|52001|T45|MT02|AQUINE II|AQUINE3SECTOR2CASAF12|-77.271489|1.214682||52UZPE01152001T45MT02EBS001H0223|52UZPE01152001T45MT02EBS001H0223F0223|3|1|1|2|52UZPE01152001T45MT02EBS001|900091143|CC|59830040|AUXILIARENFERMERIA|52UZPE01152001T45MT02EBS001H0223F0223CF223|2025-10-08|1||1||3||1||2|2|11|5|3|2|20||2|13|0||1||1||1||1||1|2|3|2|1|1|1|2|2|2|2|2|2||2|2|1|1||6||1|2|2|1|1|1|2|2|1|52UZPE01152001T45MT02EBS001H022352UZPE01152001T45MT02EBS001H0223F0223
2|199|1|52|UZPE011|52001|T45|MT02|AQUINE II|AQUINE3SECTOR2MZACASA7|-77.272891|1.214631||52UZPE01152001T45MT02EBS001H0224|52UZPE01152001T45MT02EBS001H0224F0224|3|3|3|4|52UZPE01152001T45MT02EBS001|900091143|CC|59830040|AUXILIARENFERMERIA|52UZPE01152001T45MT02EBS001H0224F0224CF224|2025-10-09|1||1||3||1||4|2|11|5|3|2|20||2|13|0||1||1||1||1||2|1|3|2|1|1|1|2|2|2|2|2|2||2|2|1|2||6||1|2|2|1|1|1|2|2|1|52UZPE01152001T45MT02EBS001H022452UZPE01152001T45MT02EBS001H0224F0224
2|200|1|52|UZPE011|52001|T45|MT02|AQUINE II|AQUINE3SECTOR2MZACASA7|-77.272891|1.214631||52UZPE01152001T45MT02EBS001H0225|52UZPE01152001T45MT02EBS001H0225F0225|3|3|3|4|52UZPE01152001T45MT02EBS001|900091143|CC|59830040|AUXILIARENFERMERIA|52UZPE01152001T45MT02EBS001H0225F0225CF225|2025-10-09|1||1||3||1||4|2|11|5|3|2|20||2|13|0||1||1||1||1||2|2|3|2|1|1|1|2|2|2|2|2|2||2|2|1|1||6||1|2|2|1|1|1|2|2|1|52UZPE01152001T45MT02EBS001H022552UZPE01152001T45MT02EBS001H0225F0225
2|201|1|52|UZPE011|52001|T45|MT02|AQUINE II|AQUINE3SECTOR2MZACASA7|-77.272891|1.214631||52UZPE01152001T45MT02EBS001H0226|52UZPE01152001T45MT02EBS001H0226F0226|3|3|3|4|52UZPE01152001T45MT02EBS001|900091143|CC|59830040|AUXILIARENFERMERIA|52UZPE01152001T45MT02EBS001H0226F0226CF226|2025-10-09|1||1||3||1||4|2|11|5|3|2|20||2|13|0||1||1||1||1||2|1|3|2|1|1|1|2|2|2|2|2|2||2|2|1|2||6||1|2|2|1|1|1|2|2|1|52UZPE01152001T45MT02EBS001H022652UZPE01152001T45MT02EBS001H0226F0226
2|202|1|52|UZPE011|52001|T45|MT02|AQUINE II|AQUNE3SECTOR2CASAF2|-77.271808|1.214367||52UZPE01152001T45MT02EBS001H0227|52UZPE01152001T45MT02EBS001H0227F0227|3|1|1|3|52UZPE01152001T45MT02EBS001|900091143|CC|59830040|AUXILIARENFERMERIA|52UZPE01152001T45MT02EBS001H0227F0227CF227|2025-10-09|1||1||3||1||3|2|11|5|3|2|20||2|13|0||1||1||1||1||2|3|3|2|1|1|1|2|2|2|2|2|2||2|2|1|2||6||1|2|2|1|1|1|2|2|1|52UZPE01152001T45MT02EBS001H022752UZPE01152001T45MT02EBS001H0227F0227
2|203|1|52|UZPE011|52001|T45|MT02|AQUINE II|AQUINE3SECTOR2MZECASA14|-77.2721|1.214123||52UZPE01152001T45MT02EBS001H0228|52UZPE01152001T45MT02EBS001H0228F0228|3|2|2|3|52UZPE01152001T45MT02EBS001|900091143|CC|59830040|AUXILIARENFERMERIA|52UZPE01152001T45MT02EBS001H0228F0228CF228|2025-10-09|1||1||3||1||3|2|11|5|3|2|20||2|13|0||1||1||1||1||1|2|3|2|1|1|1|2|2|2|2|2|2||2|2|1|1||6||1|2|2|1|1|1|2|2|1|52UZPE01152001T45MT02EBS001H022852UZPE01152001T45MT02EBS001H0228F0228
2|204|1|52|UZPE011|52001|T45|MT02|AQUINE II|AQUINE3SECTOR2MZECASA14|-77.2721|1.214123||52UZPE01152001T45MT02EBS001H0229|52UZPE01152001T45MT02EBS001H0229F0229|3|2|2|3|52UZPE01152001T45MT02EBS001|900091143|CC|59830040|AUXILIARENFERMERIA|52UZPE01152001T45MT02EBS001H0229F0229CF229|2025-10-09|1||1||3||1||3|2|11|5|3|2|20||2|13|0||1||1||1||1||7|1|3|4|1|1|1|2|2|2|2|2|2||2|2|1|2||6||1|2|2|1|1|1|2|2|1|52UZPE01152001T45MT02EBS001H022952UZPE01152001T45MT02EBS001H0229F0229
2|205|1|52|UZPE011|52001|T45|MT02|AQUINE II|AQUINE3SECTOR2MZACASA10|-77.272632|1.214418||52UZPE01152001T45MT02EBS001H0230|52UZPE01152001T45MT02EBS001H0230F0230|3|2|2|3|52UZPE01152001T45MT02EBS001|900091143|CC|59830040|AUXILIARENFERMERIA|52UZPE01152001T45MT02EBS001H0230F0230CF230|2025-10-10|1||1||3||1||3|2|11|5|3|2|20||2|13|0||1||1||1||1||7|1|3|4|1|1|1|2|2|2|2|2|2||2|2|1|2||6||1|2|2|1|1|1|2|2|1|52UZPE01152001T45MT02EBS001H023052UZPE01152001T45MT02EBS001H0230F0230
2|206|1|52|UZPE011|52001|T45|MT02|AQUINE II|AQUINE3SECTOR2MZACASA10|-77.272632|1.214418||52UZPE01152001T45MT02EBS001H0231|52UZPE01152001T45MT02EBS001H0231F0231|3|2|2|3|52UZPE01152001T45MT02EBS001|900091143|CC|59830040|AUXILIARENFERMERIA|52UZPE01152001T45MT02EBS001H0231F0231CF231|2025-10-10|1||1||3||1||3|2|11|5|3|2|20||2|13|0||1||1||1||1||1|2|3|2|1|1|1|2|2|2|2|2|2||2|2|1|1||6||1|2|2|1|1|1|2|2|1|52UZPE01152001T45MT02EBS001H023152UZPE01152001T45MT02EBS001H0231F0231
2|207|1|52|UZPE011|52001|T45|MT02|AQUINE II|AQUINE3SECTOR2MZBCASA7|-77.275388|1.210802||52UZPE01152001T45MT02EBS001H0232|52UZPE01152001T45MT02EBS001H0232F0232|3|2|2|4|52UZPE01152001T45MT02EBS001|900091143|CC|59830040|AUXILIARENFERMERIA|52UZPE01152001T45MT02EBS001H0232F0232CF232|2025-10-10|1||1||3||1||3|2|11|5|3|2|20||2|13|0||1||1||1||1||2|2|3|2|1|1|1|2|2|2|2|2|2||2|2|1|1||6||1|2|2|1|1|1|2|2|1|52UZPE01152001T45MT02EBS001H023252UZPE01152001T45MT02EBS001H0232F0232
2|208|1|52|UZPE011|52001|T45|MT02|AQUINE II|AQUINE3SECTOR2MZBCASA7|-77.275388|1.210802||52UZPE01152001T45MT02EBS001H0233|52UZPE01152001T45MT02EBS001H0233F0233|3|2|2|4|52UZPE01152001T45MT02EBS001|900091143|CC|59830040|AUXILIARENFERMERIA|52UZPE01152001T45MT02EBS001H0233F0233CF233|2025-10-10|1||1||3||1||3|2|11|5|3|2|20||2|13|0||1||1||1||1||1|2|3|2|1|1|1|2|2|2|2|2|2||2|2|1|1||6||1|2|2|1|1|1|2|2|1|52UZPE01152001T45MT02EBS001H023352UZPE01152001T45MT02EBS001H0233F0233
2|209|1|52|UZPE011|52001|T45|MT02|AQUINE II|AQUINE3SECTOR2MZECASA3|-77.273012|1.214411||52UZPE01152001T45MT02EBS001H0234|52UZPE01152001T45MT02EBS001H0234F0234|3|1|1|1|52UZPE01152001T45MT02EBS001|900091143|CC|59830040|AUXILIARENFERMERIA|52UZPE01152001T45MT02EBS001H0234F0234CF234|2025-10-09|1||1||3||1||1|2|11|5|3|2|20||2|13|0||1||1||1||1||7|1|3|4|1|1|1|2|2|2|2|2|2||2|2|1|1||6||1|2|2|1|1|1|2|2|1|52UZPE01152001T45MT02EBS001H023452UZPE01152001T45MT02EBS001H0234F0234
2|210|1|52|UZPE011|52001|T45|MT01|LOMA DE CENTENARIO|ALAMEDAICRA192459|-77.271404|1.21223||52UZPE01152001T45MT01EBS001H0235|52UZPE01152001T45MT01EBS001H0235F0235|1|1|1|1|52UZPE01152001T45MT01EBS001|900091143|CC|59830040|AUXILIARENFERMERIA|52UZPE01152001T45MT01EBS001H0235F0235CF235|2025-10-11|1||1||3||2||1|2|5|5|3|2|19||2|13|0||1||1||1||1||7|1|3|4|1|1|1|2|2|2|2|2|2||2|2|1|1||6||1|2|2|1|2|1|2|2|1|52UZPE01152001T45MT01EBS001H023552UZPE01152001T45MT01EBS001H0235F0235
2|211|1|52|UZPE011|52001|T45|MT01|LOMA DE CENTENARIO|VILLAHELENAMZCCASA4|-77.269956|1.214447||52UZPE01152001T45MT01EBS001H0236|52UZPE01152001T45MT01EBS001H0236F0236|1|2|2|4|52UZPE01152001T45MT01EBS001|900091143|CC|59830040|AUXILIARENFERMERIA|52UZPE01152001T45MT01EBS001H0236F0236CF236|2025-10-11|1||1||3||1||4|2|11|5|3|2|20||1|13|0||1||1||1||1||2|2|3|3|1|1|1|2|2|2|2|2|2||2|2|1|1||6||1|2|2|1|2|1|2|2|1|52UZPE01152001T45MT01EBS001H023652UZPE01152001T45MT01EBS001H0236F0236
2|212|1|52|UZPE011|52001|T45|MT01|LOMA DE CENTENARIO|VILLAHELENAMZCCASA4|-77.269956|1.214447||52UZPE01152001T45MT01EBS001H0237|52UZPE01152001T45MT01EBS001H0237F0237|1|2|2|4|52UZPE01152001T45MT01EBS001|900091143|CC|59830040|AUXILIARENFERMERIA|52UZPE01152001T45MT01EBS001H0237F0237CF237|2025-10-11|1||1||3||1||4|2|11|5|3|2|20||1|13|0||1||1||1||1||2|2|3|3|1|1|1|2|2|2|2|2|2||2|2|1|1||6||1|2|2|1|1|1|2|2|1|52UZPE01152001T45MT01EBS001H023752UZPE01152001T45MT01EBS001H0237F0237
2|213|1|52|UZPE011|52001|T46|MT04|PUCALPA I|CARRERA1BNUMERO21A97VILLAADRIANAMARIA|-77.266251|1.206058||52UZPE01152001T46MT04EBS001H0238|52UZPE01152001T46MT04EBS001H0238F0238|3|2|2|5|52UZPE01152001T46MT04EBS001|900091143|CC|1085286725|AUXILIARDEENFERMERIA|52UZPE01152001T46MT04EBS001H0238F0238CF238|2025-10-15|1||1||3||1||4|2|11|5|3|2|20||2|13|0||1||1||1||1||1|4|2|4|1|1|3|2|2|2|2|2|2||2|2|2|1||6||2|2|2|1|2|1|2|2|1|52UZPE01152001T46MT04EBS001H023852UZPE01152001T46MT04EBS001H0238F0238
2|214|1|52|UZPE011|52001|T46|MT04|PUCALPA I|CARRERA1BNUMERO21A97VILLAADRIANAMARIA|-77.266251|1.206058||52UZPE01152001T46MT04EBS001H0239|52UZPE01152001T46MT04EBS001H0239F0239|3|2|2|5|52UZPE01152001T46MT04EBS001|900091143|CC|1085286725|AUXILIARDEENFERMERIA|52UZPE01152001T46MT04EBS001H0239F0239CF239|2025-10-15|1||1||3||1||4|2|11|5|3|2|20||2|13|0||1||1||1||1||7|1|2|2|1|1|3|2|2|2|2|2|2||2|2|1|1||6||1|2|2|1|1|1|2|2|1|52UZPE01152001T46MT04EBS001H023952UZPE01152001T46MT04EBS001H0239F0239
2|215|1|52|UZPE011|52001|T46|MT04|PUCALPA I|CALLE22A216|-77.262483|1.207022||52UZPE01152001T46MT04EBS001H0240|52UZPE01152001T46MT04EBS001H0240F0240|3|1|1|1|52UZPE01152001T46MT04EBS001|900091143|CC|185247449|AUXILIARDEENFERMERIA|52UZPE01152001T46MT04EBS001H0240F0240CF240|2025-10-15|5||1||3||1||1|2|11|5|2|2|20||1|13|0||1||1||1||1||2|2|3|1|1|1|1|2|2|2|2|2|2||2|2|1|1||6||1|2|2|1|1|1|2|2|1|52UZPE01152001T46MT04EBS001H024052UZPE01152001T46MT04EBS001H0240F0240
2|216|1|52|UZPE011|52001|T46|MT04|PUCALPA I|MANZANAA14|-77.262255|1.204242||52UZPE01152001T46MT04EBS001H0241|52UZPE01152001T46MT04EBS001H0241F0241|3|2|2|6|52UZPE01152001T46MT04EBS001|900091143|CC|1004547484|AUXILIARDEENFERMERIA|52UZPE01152001T46MT04EBS001H0241F0241CF241|2025-10-15|1||1||3||1||4|2|11|5|3|2|20||1|13|0||1||1||1||1||1|6|3|1|1|1|1|2|2|2|2|2|2||2|2|1|1||6||1|2|2|1|1|1|2|2|1|52UZPE01152001T46MT04EBS001H024152UZPE01152001T46MT04EBS001H0241F0241
2|217|1|52|UZPE011|52001|T46|MT04|PUCALPA I|CALLE22NUMERO1A80EJIDOCASAPROPIA|-77.26315|1.205344||52UZPE01152001T46MT04EBS001H0242|52UZPE01152001T46MT04EBS001H0242F0242|3|1|1|2|52UZPE01152001T46MT04EBS001|900091143|CC|1085286725|AUXILIARDEENFERMERIA|52UZPE01152001T46MT04EBS001H0242F0242CF242|2025-10-16|1||1||3||1||1|2|11|5|2|2|20||1|13|0||1||1||1||1||1|2|3|1|1|1|1|2|2|2|2|2|2||2|2|2|1||6||2|2|2|1|2|1|2|2|1|52UZPE01152001T46MT04EBS001H024252UZPE01152001T46MT04EBS001H0242F0242
2|218|1|52|UZPE011|52001|T46|MT04|PUCALPA I|CALLE22130|-77.223628|1.206066||52UZPE01152001T46MT04EBS001H0243|52UZPE01152001T46MT04EBS001H0243F0243|3|1|1|2|52UZPE01152001T46MT04EBS001|900091143|CC|1004547484|AUXILIARDEENFERMERIA|52UZPE01152001T46MT04EBS001H0243F0243CF243|2025-10-16|4||1||3||1||2|2|11|5|2|2|20||1|13|0||1||1||1||1||1|2|3|3|1|1|1|2|2|2|2|2|2||2|2|2|1||6||2|2|2|1|1|1|2|2|1|52UZPE01152001T46MT04EBS001H024352UZPE01152001T46MT04EBS001H0243F0243
2|219|1|52|UZPE011|52001|T46|MT04|PUCALPA I|21A10|-77.26208|1.20619||52UZPE01152001T46MT04EBS001H0244|52UZPE01152001T46MT04EBS001H0244F0244|3|1|1|3|52UZPE01152001T46MT04EBS001|900091143|CC|185247449|AUXILIARDEENFERMERIA|52UZPE01152001T46MT04EBS001H0244F0244CF244|2025-10-15|1||1||3||1||2|2|11|5|3|2|20||2|13|0||1||1||1||1||1|3|3|1|1|1|1|2|2|2|2|2|2||2|2|1|1||6||1|2|2|1|2|1|2|2|1|52UZPE01152001T46MT04EBS001H024452UZPE01152001T46MT04EBS001H0244F0244
2|220|1|52|UZPE011|52001|T46|MT01|VILLA RECREO I|MANZANAFCASA5VILLARECREOESTETICAEDDEN|-77.263865|1.211032||52UZPE01152001T46MT01EBS001H0245|52UZPE01152001T46MT01EBS001H0245F0245|2|1|1|1|52UZPE01152001T46MT01EBS001|900091143|CC|1085286725|AUXILIARDEENFERMERIA|52UZPE01152001T46MT01EBS001H0245F0245CF245|2025-10-17|1||1||3||1||1|2|11|5|1|2|20||1|13|0||1||1||1||1||7|1|3|1|1|1|1|2|2|2|2|2|2||2|2|2|2||6||2|2|2|1|1|1|2|2|1|52UZPE01152001T46MT01EBS001H024552UZPE01152001T46MT01EBS001H0245F0245
2|221|1|52|UZPE011|52001|T45|MT04|AQUINE III|D7|-77.271988|1.214063||52UZPE01152001T45MT04EBS001H0246|52UZPE01152001T45MT04EBS001H0246F0246|3|1|1|3|52UZPE01152001T45MT04EBS001|900091143|CC|1193424771|PSICOLOGA|52UZPE01152001T45MT04EBS001H0246F0246CF246|2025-10-20|1||1||3||1||2|2|11|5|3|2|20||2|13|0||1||1||1||1||1|3|3|1|1|1|1|2|2|2|2|2|2||2|2|1|1||6||1|2|2|1|1|1|2|2|1|52UZPE01152001T45MT04EBS001H024652UZPE01152001T45MT04EBS001H0246F0246
2|222|1|52|UZPE011|52001|T45|MT04|AQUINE III|D5|-77.27244|1.214141||52UZPE01152001T45MT04EBS001H0247|52UZPE01152001T45MT04EBS001H0247F0247|3|1|1|4|52UZPE01152001T45MT04EBS001|900091143|CC|1193424771|PSICOLOGA|52UZPE01152001T45MT04EBS001H0247F0247CF247|2025-10-20|1||1||3||1||2|2|11|5|3|2|20||2|13|0||1||1||1||1||1|4|3|1|1|1|1|2|2|2|2|2|2||2|2|1|2||6||1|2|2|1|1|1|2|2|1|52UZPE01152001T45MT04EBS001H024752UZPE01152001T45MT04EBS001H0247F0247
2|223|1|52|UZPE011|52001|T45|MT04|AQUINE III|A10|-77.272377|1.214166||52UZPE01152001T45MT04EBS001H0248|52UZPE01152001T45MT04EBS001H0248F0248|3|1|1|1|52UZPE01152001T45MT04EBS001|900091143|CC|1193424771|PSICOLOGA|52UZPE01152001T45MT04EBS001H0248F0248CF248|2025-10-20|1||1||3||1||2|2|11|5|2|2|20||2|13|0||1||1||1||1||1|2|3|2|1|1|1|2|2|2|2|2|2||2|2|1|1||6||1|2|2|1|1|1|2|2|1|52UZPE01152001T45MT04EBS001H024852UZPE01152001T45MT04EBS001H0248F0248
2|224|1|52|UZPE011|52001|T45|MT04|AQUINE III|A4|-77.272628|1.21401||52UZPE01152001T45MT04EBS001H0249|52UZPE01152001T45MT04EBS001H0249F0249|3|1|1|3|52UZPE01152001T45MT04EBS001|900091143|CC|1193424771|PSICOLOGA|52UZPE01152001T45MT04EBS001H0249F0249CF249|2025-10-20|1||1||3||1||2|2|11|5|3|2|20||2|13|0||1||1||1||1||1|3|3|1|1|1|1|2|2|2|2|2|2||2|2|2|1||6||2|2|2|1|1|1|2|2|1|52UZPE01152001T45MT04EBS001H024952UZPE01152001T45MT04EBS001H0249F0249
2|225|1|52|UZPE011|52001|T46|MT01|VILLA RECREO I|MANZANAACASA24VILLARECREO2CASA|-77.263571|1.210018||52UZPE01152001T46MT01EBS001H0250|52UZPE01152001T46MT01EBS001H0250F0250|3|1|1|3|52UZPE01152001T46MT01EBS001|900091143|CC|1085286725|AUXILIARDEENFERMERIA|52UZPE01152001T46MT01EBS001H0250F0250CF250|2025-10-21|1||1||3||1||2|2|11|5|3|2|20||2|13|0||1||1||1||1||1|2|2|1|1|1|2|2|2|2|2|2|2||2|2|2|1||6||2|2|2|1|1|1|2|2|1|52UZPE01152001T46MT01EBS001H025052UZPE01152001T46MT01EBS001H0250F0250
2|226|1|52|UZPE011|52001|T46|MT04|PUCALPA I|MZBCASA183|-77.262996|1.209823||52UZPE01152001T46MT04EBS001H0251|52UZPE01152001T46MT04EBS001H0251F0251|3|2|2|3|52UZPE01152001T46MT04EBS001|900091143|CC|1004547484|AUXILIARDEENFERMERIA|52UZPE01152001T46MT04EBS001H0251F0251CF251|2025-10-21|1||1||3||1||3|2|11|5|2|2|20||1|13|0||1||1||1||1||1|3|3|1|1|1|1|2|2|2|2|2|2||2|2|1|1||6||1|2|2|1|1|1|2|2|1|52UZPE01152001T46MT04EBS001H025152UZPE01152001T46MT04EBS001H0251F0251
2|227|1|52|UZPE011|52001|T46|MT01|VILLA RECREO I|MANZANAACASA24BARRIOVILLARECREO2CASAAPARTAMENTO1|-77.263571|1.210018||52UZPE01152001T46MT01EBS001H0252|52UZPE01152001T46MT01EBS001H0252F0252|3|1|1|1|52UZPE01152001T46MT01EBS001|900091143|CC|1085286725|AUXILIARDEENFERMERIA|52UZPE01152001T46MT01EBS001H0252F0252CF252|2025-10-21|4||1||3||1||1|2|11|5|3|2|20||2|13|0||1||1||1||1||1|1|3|1|1|1|1|2|2|2|2|2|2||2|2|1|2||6||1|2|2|1|1|1|2|2|1|52UZPE01152001T46MT01EBS001H025252UZPE01152001T46MT01EBS001H0252F0252
2|228|1|52|UZPE011|52001|T46|MT01|VILLA RECREO I|224|-77.262727|1.209852||52UZPE01152001T46MT01EBS001H0256|52UZPE01152001T46MT01EBS001H0256F0256|3|1|1|3|52UZPE01152001T46MT01EBS001|900091143|CC|185247449|AUXILIARDEENFERMERIA|52UZPE01152001T46MT01EBS001H0256F0256CF256|2025-10-21|1||1||3||1||2|2|11|5|3|2|20||2|13|0||1||1||1||1||1|3|3|1|1|1|1|2|2|2|2|2|2||2|2|2|1||6||2|2|2|1|1|1|2|2|1|52UZPE01152001T46MT01EBS001H025652UZPE01152001T46MT01EBS001H0256F0256
2|229|1|52|UZPE011|52001|T46|MT01|VILLA RECREO I|MZDC31|-77.263428|1.210134||52UZPE01152001T46MT01EBS001H0257|52UZPE01152001T46MT01EBS001H0257F0257|3|1|1|2|52UZPE01152001T46MT01EBS001|900091143|CC|1193424771|PSICOLOGA|52UZPE01152001T46MT01EBS001H0257F0257CF257|2025-10-21|1||1||3||1||1|2|11|5|3|2|20||2|13|0||1||1||1||1||1|2|3|1|1|1|1|2|2|2|2|2|2||2|2|1|1||6||1|2|2|1|2|1|2|2|1|52UZPE01152001T46MT01EBS001H025752UZPE01152001T46MT01EBS001H0257F0257
2|230|1|52|UZPE011|52001|T46|MT01|VILLA RECREO I|MZBC27|-77.262727|1.209852||52UZPE01152001T46MT01EBS001H0258|52UZPE01152001T46MT01EBS001H0258F0258|3|1|1|1|52UZPE01152001T46MT01EBS001|900091143|CC|1193424771|PSICOLOGA|52UZPE01152001T46MT01EBS001H0258F0258CF258|2025-10-21|1||1||3||1||1|2|11|5|3|2|20||2|13|0||1||1||1||1||7|1|3|1|1|1|1|2|2|2|2|2|2||2|2|2|2||6||2|2|2|1|1|1|2|2|1|52UZPE01152001T46MT01EBS001H025852UZPE01152001T46MT01EBS001H0258F0258
2|231|1|52|UZPE011|52001|T45|MT02|AQUINE II|AQUINE3SECTOR1CASAA2|-77.272246|1.213558||52UZPE01152001T45MT02EBS001H0259|52UZPE01152001T45MT02EBS001H0259F0259|3|2|2|2|52UZPE01152001T45MT02EBS001|900091143|CC|59830040|AUXILIARENFERMERIA|52UZPE01152001T45MT02EBS001H0259F0259CF259|2025-10-16|1||1||3||1||2|2|11|5|3|2|20||2|13|0||1||1||1||1||7|1|3|4|1|1|1|2|2|2|2|2|2||2|2|1|1||6||1|2|2|1|2|1|2|2|1|52UZPE01152001T45MT02EBS001H025952UZPE01152001T45MT02EBS001H0259F0259
2|232|1|52|UZPE011|52001|T45|MT02|AQUINE II|AQUINE3SECTOR1CASAA2|-77.272246|1.213558||52UZPE01152001T45MT02EBS001H0260|52UZPE01152001T45MT02EBS001H0260F0260|3|2|2|2|52UZPE01152001T45MT02EBS001|900091143|CC|59830040|AUXILIARENFERMERIA|52UZPE01152001T45MT02EBS001H0260F0260CF260|2025-10-16|1||1||3||1||2|2|11|5|3|2|20||2|13|0||1||1||1||1||7|1|3|4|1|1|1|2|2|2|2|2|2||2|2|1|2||6||1|2|2|1|1|1|2|2|1|52UZPE01152001T45MT02EBS001H026052UZPE01152001T45MT02EBS001H0260F0260
2|233|1|52|UZPE011|52001|T46|MT01|VILLA RECREO I|MANZANADCASA6CALLE23CNUMERO2B35VILLARECREO2|-77.263278|1.210503||52UZPE01152001T46MT01EBS001H0261|52UZPE01152001T46MT01EBS001H0261F0261|3|1|1|1|52UZPE01152001T46MT01EBS001|900091143|CC|1085286725|AUXILIARDEENFERMERIA|52UZPE01152001T46MT01EBS001H0261F0261CF261|2025-10-22|1||1||3||1||1|2|11|5|3|2|20||2|13|0||1||1||1||1||1|2|3|1|1|1|1|2|2|2|2|2|2||2|2|1|2||6||1|2|2|1|1|1|2|2|1|52UZPE01152001T46MT01EBS001H026152UZPE01152001T46MT01EBS001H0261F0261
2|234|1|52|UZPE011|52001|T46|MT01|VILLA RECREO I|MANZANADCASA11VILLARECREO2|-77.270436|1.210018||52UZPE01152001T46MT01EBS001H0262|52UZPE01152001T46MT01EBS001H0262F0262|3|2|2|3|52UZPE01152001T46MT01EBS001|900091143|CC|1085286725|AUXILIARDEENFERMERIA|52UZPE01152001T46MT01EBS001H0262F0262CF262|2025-10-22|1||1||3||1||3|2|11|5|3|2|20||2|13|0||1||1||1||1||7|1|3|1|1|1|1|2|2|2|2|2|2||2|2|1|1||6||1|2|2|1|1|1|2|2|1|52UZPE01152001T46MT01EBS001H026252UZPE01152001T46MT01EBS001H0262F0262
2|235|1|52|UZPE011|52001|T46|MT01|VILLA RECREO I|MANZANADCASA11VILLARECREO2|-77.270436|1.210018||52UZPE01152001T46MT01EBS001H0263|52UZPE01152001T46MT01EBS001H0263F0263|3|2|2|3|52UZPE01152001T46MT01EBS001|900091143|CC|1085286725|AUXILIARDEENFERMERIA|52UZPE01152001T46MT01EBS001H0263F0263CF263|2025-10-22|1||1||3||1||3|2|11|5|3|2|20||2|13|0||1||1||1||1||1|2|3|1|1|1|1|2|2|2|2|2|2||2|2|1|1||6||1|2|2|1|1|1|2|2|1|52UZPE01152001T46MT01EBS001H026352UZPE01152001T46MT01EBS001H0263F0263
2|236|1|52|UZPE011|52001|T45|MT02|AQUINE II|AQUINE3SECTOR1CASAA9|-77.272274|1.214207||52UZPE01152001T45MT02EBS001H0264|52UZPE01152001T45MT02EBS001H0264F0264|3|1|1|4|52UZPE01152001T45MT02EBS001|900091143|CC|59830040|AUXILIARENFERMERIA|52UZPE01152001T45MT02EBS001H0264F0264CF264|2025-10-16|1||1||3||1||3|2|11|5|3|2|20||2|13|0||1||1||1||1||1|4|3|4|1|1|1|2|2|2|2|2|2||2|2|1|1||6||1|2|2|1|1|1|2|2|1|52UZPE01152001T45MT02EBS001H026452UZPE01152001T45MT02EBS001H0264F0264
2|237|1|52|UZPE011|52001|T46|MT01|VILLA RECREO I|233|-77.262856|1.210376||52UZPE01152001T46MT01EBS001H0265|52UZPE01152001T46MT01EBS001H0265F0265|3|1|1|2|52UZPE01152001T46MT01EBS001|900091143|CC|185247449|AUXILIARDEENFERMERIA|52UZPE01152001T46MT01EBS001H0265F0265CF265|2025-10-22|1||1||3||1||2|2|11|5|2|2|20||2|13|0||1||1||1||1||7|2|3|2|1|1|1|2|2|2|2|2|2||2|2|2|1||6||2|2|2|1|1|1|2|2|1|52UZPE01152001T46MT01EBS001H026552UZPE01152001T46MT01EBS001H0265F0265
2|238|1|52|UZPE011|52001|T45|MT02|AQUINE II|AQUINE3SECTOR1CASAA7|-77.272026|1.214353||52UZPE01152001T45MT02EBS001H0266|52UZPE01152001T45MT02EBS001H0266F0266|3|2|2|4|52UZPE01152001T45MT02EBS001|900091143|CC|59830040|AUXILIARENFERMERIA|52UZPE01152001T45MT02EBS001H0266F0266CF266|2025-10-17|1||1||3||1||3|2|11|5|3|2|20||2|13|0||1||1||1||1||7|1|3|4|1|1|1|2|2|2|2|2|2||2|2|1|1||6||1|2|2|1|1|1|2|2|1|52UZPE01152001T45MT02EBS001H026652UZPE01152001T45MT02EBS001H0266F0266
2|239|1|52|UZPE011|52001|T45|MT02|AQUINE II|AQUINE3SECTOR1CASAA7|-77.272026|1.214353||52UZPE01152001T45MT02EBS001H0267|52UZPE01152001T45MT02EBS001H0267F0267|3|2|2|4|52UZPE01152001T45MT02EBS001|900091143|CC|59830040|AUXILIARENFERMERIA|52UZPE01152001T45MT02EBS001H0267F0267CF267|2025-10-17|1||1||3||1||3|2|11|5|3|2|20||2|13|0||1||1||1||1||1|2|3|4|1|1|1|2|2|2|2|2|2||2|2|1|1||6||1|2|2|1|1|1|2|2|1|52UZPE01152001T45MT02EBS001H026752UZPE01152001T45MT02EBS001H0267F0267
2|240|1|52|UZPE011|52001|T46|MT01|VILLA RECREO I|2B41|-77.263589|1.210395||52UZPE01152001T46MT01EBS001H0268|52UZPE01152001T46MT01EBS001H0268F0268|3|1|1|2|52UZPE01152001T46MT01EBS001|900091143|CC|185247449|AUXILIARDEENFERMERIA|52UZPE01152001T46MT01EBS001H0268F0268CF268|2025-10-22|1||1||3||1||3|2|11|5|3|2|20||2|13|0||1||1||1||1||1|2|3|1|1|1|1|2|2|2|2|2|2||2|2|2|1||6||2|2|2|1|1|1|2|2|1|52UZPE01152001T46MT01EBS001H026852UZPE01152001T46MT01EBS001H0268F0268
2|241|1|52|UZPE011|52001|T46|MT01|VILLA RECREO I|23C28|-77.263856|1.211099||52UZPE01152001T46MT01EBS001H0269|52UZPE01152001T46MT01EBS001H0269F0269|3|1|1|2|52UZPE01152001T46MT01EBS001|900091143|CC|185247449|AUXILIARDEENFERMERIA|52UZPE01152001T46MT01EBS001H0269F0269CF269|2025-10-22|1||1||3||1||3|2|11|5|3|2|20||2|13|0||1||1||1||1||1|2|3|1|1|1|1|2|2|2|2|2|2||2|2|2|1||6||2|2|2|1|1|1|2|2|1|52UZPE01152001T46MT01EBS001H026952UZPE01152001T46MT01EBS001H0269F0269
2|242|1|52|UZPE011|52001|T46|MT01|VILLA RECREO I|CALLE3B|-77.262426|1.209902||52UZPE01152001T46MT01EBS001H0270|52UZPE01152001T46MT01EBS001H0270F0270|3|1|1|2|52UZPE01152001T46MT01EBS001|900091143|CC|1004547484|AUXILIARDEENFERMERIA|52UZPE01152001T46MT01EBS001H0270F0270CF270|2025-10-21|4||1||3||1||2|2|11|5|3|2|20||1|13|0||1||1||1||1||2|2|3|1|1|1|1|2|2|2|2|2|2||2|2|1|1||6||1|2|2|1|2|1|2|2|1|52UZPE01152001T46MT01EBS001H027052UZPE01152001T46MT01EBS001H0270F0270
2|243|1|52|UZPE011|52001|T45|MT02|AQUINE II|AQUNE3SECTOR1CASAD4|-77.272537|1.214647||52UZPE01152001T45MT02EBS001H0271|52UZPE01152001T45MT02EBS001H0271F0271|3|1|1|5|52UZPE01152001T45MT02EBS001|900091143|CC|59830040|AUXILIARENFERMERIA|52UZPE01152001T45MT02EBS001H0271F0271CF271|2025-10-17|1||1||3||1||3|2|11|5|3|2|20||2|13|0||1||1||1||1||1|5|3|2|1|1|1|2|2|2|2|2|2||2|2|1|1||6||1|2|2|1|1|1|2|2|1|52UZPE01152001T45MT02EBS001H027152UZPE01152001T45MT02EBS001H0271F0271
2|244|1|52|UZPE011|52001|T46|MT01|VILLA RECREO I|MZBCASA5VILLARECREO|-77.263363|1.210409||52UZPE01152001T46MT01EBS001H0272|52UZPE01152001T46MT01EBS001H0272F0272|3|1|1|2|52UZPE01152001T46MT01EBS001|900091143|CC|1004547484|AUXILIARDEENFERMERIA|52UZPE01152001T46MT01EBS001H0272F0272CF272|2025-10-22|1||1||3||1||3|2|11|5|3|2|20||1|13|0||1||1||1||1||1|2|3|1|1|1|1|2|2|2|2|2|2||2|2|1|1||6||1|2|2|1|1|1|2|2|1|52UZPE01152001T46MT01EBS001H027252UZPE01152001T46MT01EBS001H0272F0272
2|245|1|52|UZPE011|52001|T46|MT01|VILLA RECREO I|MANZANADCASA17VILLARECREO|-77.263469|1.210582||52UZPE01152001T46MT01EBS001H0273|52UZPE01152001T46MT01EBS001H0273F0273|3|1|1|2|52UZPE01152001T46MT01EBS001|900091143|CC|1004547484|AUXILIARDEENFERMERIA|52UZPE01152001T46MT01EBS001H0273F0273CF273|2025-10-22|1||1||3||1||3|2|11|5|3|2|20||1|13|0||1||1||1||1||2|2|3|2|1|1|1|2|2|2|2|2|2||2|2|1|1||6||1|2|2|1|1|1|2|2|1|52UZPE01152001T46MT01EBS001H027352UZPE01152001T46MT01EBS001H0273F0273
2|246|1|52|UZPE011|52001|T46|MT01|VILLA RECREO I|CRA2D23C08|-77.263981|1.210885||52UZPE01152001T46MT01EBS001H0275|52UZPE01152001T46MT01EBS001H0275F0275|3|1|1|1|52UZPE01152001T46MT01EBS001|900091143|CC|1193424771|PSICOLOGA|52UZPE01152001T46MT01EBS001H0275F0275CF275|2025-10-27|1||1||3||1||1|2|11|5|2|2|20||2|13|0||1||1||1||1||7|1|3|1|1|1|1|2|2|2|2|2|2||2|2|2|2||6||2|2|2|1|1|1|2|2|1|52UZPE01152001T46MT01EBS001H027552UZPE01152001T46MT01EBS001H0275F0275
2|247|1|52|UZPE011|52001|T46|MT01|VILLA RECREO I|CR2D23C7|-77.263657|1.210604||52UZPE01152001T46MT01EBS001H0278|52UZPE01152001T46MT01EBS001H0278F0278|3|1|1|2|52UZPE01152001T46MT01EBS001|900091143|CC|1004547484|AUXILIARDEENFERMERIA|52UZPE01152001T46MT01EBS001H0278F0278CF278|2025-10-27|1||1||3||1||3|2|11|5|3|2|20||1|13|0||1||1||1||1||1|4|3|2|1|1|1|2|2|2|2|2|2||2|2|2|1||6||2|2|2|1|1|1|2|2|1|52UZPE01152001T46MT01EBS001H027852UZPE01152001T46MT01EBS001H0278F0278
2|248|1|52|UZPE011|52001|T46|MT01|VILLA RECREO I|CRA2D6C75|-77.263545|1.210641||52UZPE01152001T46MT01EBS001H0279|52UZPE01152001T46MT01EBS001H0279F0279|3|1|1|1|52UZPE01152001T46MT01EBS001|900091143|CC|1193424771|PSICOLOGA|52UZPE01152001T46MT01EBS001H0279F0279CF279|2025-10-27|1||1||3||1||1|2|11|5|2|2|20||2|13|0||1||1||1||1||7|1|3|1|1|1|1|2|2|2|2|2|2||2|2|1|2||6||1|2|2|1|1|1|2|2|1|52UZPE01152001T46MT01EBS001H027952UZPE01152001T46MT01EBS001H0279F0279
2|249|1|52|UZPE011|52001|T45|MT04|AQUINE III|B1|-77.272565|1.214009||52UZPE01152001T45MT04EBS001H0280|52UZPE01152001T45MT04EBS001H0280F0280|3|1|1|4|52UZPE01152001T45MT04EBS001|900091143|CC|1193424771|PSICOLOGA|52UZPE01152001T45MT04EBS001H0280F0280CF280|2025-10-27|1||1||3||1||3|2|11|5|3|2|20||1|13|0||1||1||1||1||1|4|3|1|1|1|1|2|2|2|2|2|2||2|2|2|1||6||2|2|2|1|1|1|2|2|1|52UZPE01152001T45MT04EBS001H028052UZPE01152001T45MT04EBS001H0280F0280
2|250|1|52|UZPE011|52001|T45|MT02|AQUINE II|AQUINE2CASA17|-77.272256|1.213614||52UZPE01152001T45MT02EBS001H0281|52UZPE01152001T45MT02EBS001H0281F0281|3|2|2|4|52UZPE01152001T45MT02EBS001|900091143|CC|1193424771|PSICOLOGA|52UZPE01152001T45MT02EBS001H0281F0281CF281|2025-10-28|1||1||3||1||1|2|11|5|2|2|20||2|13|0||1||1||1||1||1|2|3|1|1|1|1|2|2|2|2|2|2||2|2|2|1||6||2|2|2|1|1|1|2|2|1|52UZPE01152001T45MT02EBS001H028152UZPE01152001T45MT02EBS001H0281F0281
2|251|1|52|UZPE011|52001|T45|MT02|AQUINE II|AQUINE2CASA17|-77.272256|1.213614||52UZPE01152001T45MT02EBS001H0282|52UZPE01152001T45MT02EBS001H0282F0282|3|2|2|4|52UZPE01152001T45MT02EBS001|900091143|CC|1193424771|PSICOLOGA|52UZPE01152001T45MT02EBS001H0282F0282CF282|2025-10-28|1||1||3||1||1|2|11|5|3|2|20||2|13|0||1||1||1||1||2|2|3|1|1|1|1|2|2|2|2|2|2||2|2|2|2||6||2|2|2|1|1|1|2|2|1|52UZPE01152001T45MT02EBS001H028252UZPE01152001T45MT02EBS001H0282F0282
2|252|1|52|UZPE011|52001|T46|MT04|PUCALPA I|CALLE221A80|-77.263092|1.205517||52UZPE01152001T46MT04EBS001H0287|52UZPE01152001T46MT04EBS001H0287F0287|2|1|1|1|52UZPE01152001T46MT04EBS001|900091143|CC|1085347312|ENFERMERA|52UZPE01152001T46MT04EBS001H0287F0287CF287|2025-10-29|1||1||3||1||2|2|11|5|3|2|20||2|13|0||1||1||1||1||7|1|3|1|1|1|1|2|2|2|2|2|2||2|2|2|1||6||2|2|2|1|2|1|2|2|1|52UZPE01152001T46MT04EBS001H028752UZPE01152001T46MT04EBS001H0287F0287
2|253|1|52|UZPE011|52001|T46|MT04|PUCALPA I|CALLE22NUMERO1A66BARRIOELEJIDO|-77.26315|1.205675||52UZPE01152001T46MT04EBS001H0288|52UZPE01152001T46MT04EBS001H0288F0288|3|1|1|3|52UZPE01152001T46MT04EBS001|900091143|CC|1085286725|AUXILIARDEENFERMERIA|52UZPE01152001T46MT04EBS001H0288F0288CF288|2025-10-29|1||1||3||4||2|2|11|5|3|2|20||2|13|0||1||1||1||1||1|3|3|1|1|1|1|2|2|2|2|2|2||2|2|2|1||6||2|2|2|1|2|1|2|2|1|52UZPE01152001T46MT04EBS001H028852UZPE01152001T46MT04EBS001H0288F0288
2|254|1|52|UZPE011|52001|T46|MT01|VILLA RECREO I|2376VILLARECREO|-77.263446|1.211291||52UZPE01152001T46MT01EBS001H0292|52UZPE01152001T46MT01EBS001H0292F0292|3|1|1|2|52UZPE01152001T46MT01EBS001|900091143|CC|185247449|AUXILIARDEENFERMERIA|52UZPE01152001T46MT01EBS001H0292F0292CF292|2025-10-29|1||1||3||1||3|2|11|5|2|2|20||2|13|0||1||1||1||1||7|2|3|1|1|1|1|2|2|2|2|2|2||2|2|2|2||6||2|2|2|1|1|1|2|2|1|52UZPE01152001T46MT01EBS001H029252UZPE01152001T46MT01EBS001H0292F0292
2|255|1|52|UZPE011|52001|T46|MT01|VILLA RECREO I|CARRERA2ANUMERO23C15VILLARECREO2|-77.262689|1.209825||52UZPE01152001T46MT01EBS001H0293|52UZPE01152001T46MT01EBS001H0293F0293|3|3|3|4|52UZPE01152001T46MT01EBS001|900091143|CC|1085286725|AUXILIARDEENFERMERIA|52UZPE01152001T46MT01EBS001H0293F0293CF293|2025-10-30|1||1||3||1||4|2|11|5|3|2|20||2|13|0||1||1||1||1||1|2|3|1|1|1|1|2|2|2|2|2|2||2|2|2|1||6||2|2|2|1|1|1|2|2|1|52UZPE01152001T46MT01EBS001H029352UZPE01152001T46MT01EBS001H0293F0293
2|256|1|52|UZPE011|52001|T46|MT01|VILLA RECREO I|CARRERA2ANUMERO23C15VILLARECREO2|-77.262689|1.209825||52UZPE01152001T46MT01EBS001H0294|52UZPE01152001T46MT01EBS001H0294F0294|3|3|3|4|52UZPE01152001T46MT01EBS001|900091143|CC|1085286725|AUXILIARDEENFERMERIA|52UZPE01152001T46MT01EBS001H0294F0294CF294|2025-10-30|1||1||3||1||4|2|11|5|3|2|20||2|13|0||1||1||1||1||7|1|3|1|1|1|1|2|2|2|2|2|2||2|2|2|1||6||2|2|2|1|1|1|2|2|1|52UZPE01152001T46MT01EBS001H029452UZPE01152001T46MT01EBS001H0294F0294
2|257|1|52|UZPE011|52001|T46|MT01|VILLA RECREO I|MANZANABCASA6BARRIOVILLARECREO2CADA|-77.262582|1.210226||52UZPE01152001T46MT01EBS001H0295|52UZPE01152001T46MT01EBS001H0295F0295|3|1|1|2|52UZPE01152001T46MT01EBS001|900091143|CC|1085286725|AUXILIARDEENFERMERIA|52UZPE01152001T46MT01EBS001H0295F0295CF295|2025-10-30|1||1||3||1||2|2|11|5|2|2|20||1|13|0||1||1||1||1||1|2|3|1|1|1|1|2|2|2|2|2|2||2|2|1|2||6||1|2|2|1|1|1|2|2|1|52UZPE01152001T46MT01EBS001H029552UZPE01152001T46MT01EBS001H0295F0295
2|258|1|52|UZPE011|52001|T45|MT02|AQUINE II|C38|-77.271656|1.214371||52UZPE01152001T45MT02EBS001H0296|52UZPE01152001T45MT02EBS001H0296F0296|3|1|1|4|52UZPE01152001T45MT02EBS001|900091143|CC|1193424771|PSICOLOGA|52UZPE01152001T45MT02EBS001H0296F0296CF296|2025-10-30|1||1||3||1||2|2|11|5|2|2|20||2|13|0||1||1||1||1||1|4|3|1|1|1|1|2|2|2|2|2|2||2|2|2|1||6||2|2|2|1|1|1|2|2|1|52UZPE01152001T45MT02EBS001H029652UZPE01152001T45MT02EBS001H0296F0296
2|259|1|52|UZPE011|52001|T46|MT01|VILLA RECREO I|MANZANAACASA20VILLARECREO2ESTAPAAPARTAMENTO3|-77.263207|1.210296||52UZPE01152001T46MT01EBS001H0297|52UZPE01152001T46MT01EBS001H0297F0297|3|2|2|3|52UZPE01152001T46MT01EBS001|900091143|CC|1085286725|AUXILIARDEENFERMERIA|52UZPE01152001T46MT01EBS001H0297F0297CF297|2025-10-29|4||1||3||1||2|2|11|5|2|2|20||2|13|0||1||1||1||1||1|2|3|1|1|3|1|2|2|2|2|2|2||2|2|1|1||6||1|2|2|1|2|1|2|2|1|52UZPE01152001T46MT01EBS001H029752UZPE01152001T46MT01EBS001H0297F0297
2|260|1|52|UZPE011|52001|T46|MT01|VILLA RECREO I|JOSEFINA|-77.263557|1.210787||52UZPE01152001T46MT01EBS001H0298|52UZPE01152001T46MT01EBS001H0298F0298|1|1|1|1|52UZPE01152001T46MT01EBS001|900091143|CC|1004547484|AUXILIARDEENFERMERIA|52UZPE01152001T46MT01EBS001H0298F0298CF298|2025-10-27|1||1||3||1||2|2|11|5|3|2|20||1|13|0||1||1||1||1||7|1|3|2|1|1|1|2|2|2|2|2|2||2|2|1|2||6||1|2|2|1|1|1|2|2|1|52UZPE01152001T46MT01EBS001H029852UZPE01152001T46MT01EBS001H0298F0298
2|261|1|52|UZPE011|52001|T46|MT01|VILLA RECREO I|MAZDC13|-77.26312|1.210737||52UZPE01152001T46MT01EBS001H0299|52UZPE01152001T46MT01EBS001H0299F0299|3|1|1|3|52UZPE01152001T46MT01EBS001|900091143|CC|1004547484|AUXILIARDEENFERMERIA|52UZPE01152001T46MT01EBS001H0299F0299CF299|2025-10-28|1||1||3||1||3|2|11|5|3|2|20||1|13|0||1||1||1||1||1|3|3|1|1|1|1|2|2|2|2|2|2||2|2|1|1||6||1|2|2|1|2|1|2|2|1|52UZPE01152001T46MT01EBS001H029952UZPE01152001T46MT01EBS001H0299F0299
2|262|1|52|UZPE011|52001|T46|MT01|VILLA RECREO I|CR2B23C49|-77.263004|1.210559||52UZPE01152001T46MT01EBS001H0300|52UZPE01152001T46MT01EBS001H0300F0300|3|1|1|2|52UZPE01152001T46MT01EBS001|900091143|CC|1004547484|AUXILIARDEENFERMERIA|52UZPE01152001T46MT01EBS001H0300F0300CF300|2025-10-28|1||1||3||1||3|2|11|5|3|2|20||1|13|0||1||1||1||1||1|4|3|1|1|1|1|2|2|2|2|2|2||2|2|1|1||6||1|2|2|1|1|1|2|2|1|52UZPE01152001T46MT01EBS001H030052UZPE01152001T46MT01EBS001H0300F0300
2|263|1|52|UZPE011|52001|T46|MT01|VILLA RECREO I|CRR323C|-77.164146|1.21081||52UZPE01152001T46MT01EBS001H0301|52UZPE01152001T46MT01EBS001H0301F0301|3|1|1|4|52UZPE01152001T46MT01EBS001|900091143|CC|1004547484|AUXILIARDEENFERMERIA|52UZPE01152001T46MT01EBS001H0301F0301CF301|2025-10-29|1||1||3||1||4|2|11|5|3|2|20||1|13|0||1||1||1||1||1|4|3|1|1|1|1|2|2|2|2|2|2||2|2|1|2||6||1|2|2|1|1|1|2|2|1|52UZPE01152001T46MT01EBS001H030152UZPE01152001T46MT01EBS001H0301F0301
2|264|1|52|UZPE011|52001|T46|MT01|VILLA RECREO I|25C21|-77.262872|1.210659||52UZPE01152001T46MT01EBS001H0303|52UZPE01152001T46MT01EBS001H0303F0303|1|1|1|3|52UZPE01152001T46MT01EBS001|900091143|CC|1085247449|AUXILIARDEENFERMERIA|52UZPE01152001T46MT01EBS001H0303F0303CF303|2025-10-30|1||1||3||1||3|2|11|5|2|2|20||2|13|0||1||1||1||1||2|2|3|1|1|1|1|2|2|2|2|2|2||2|2|2|1||6||2|2|2|1|1|1|2|2|1|52UZPE01152001T46MT01EBS001H030352UZPE01152001T46MT01EBS001H0303F0303
2|265|1|52|UZPE011|52001|T45|MT02|AQUINE II|CALLE2320A14AQUINEIICASA9|-77.272367|1.213475||52UZPE01152001T45MT02EBS001H0306|52UZPE01152001T45MT02EBS001H0306F0306|3|2|2|4|52UZPE01152001T45MT02EBS001|900091143|CC|1085248939|ENFERMERA|52UZPE01152001T45MT02EBS001H0306F0306CF306|2025-10-31|1||1||3||1||3|2|11|5|3|2|20||2|13|0||1||1||1||1||1|2|3|1|1|1|1|2|2|2|2|2|2||2|2|2|1||6||2|2|2|1|1|1|2|2|1|52UZPE01152001T45MT02EBS001H030652UZPE01152001T45MT02EBS001H0306F0306
2|266|1|52|UZPE011|52001|T45|MT02|AQUINE II|CALLE2320A14AQUINEIICASA9|-77.272367|1.213475||52UZPE01152001T45MT02EBS001H0307|52UZPE01152001T45MT02EBS001H0307F0307|3|2|2|4|52UZPE01152001T45MT02EBS001|900091143|CC|1085248939|ENFERMERA|52UZPE01152001T45MT02EBS001H0307F0307CF307|2025-10-31|1||1||3||1||3|2|11|5|3|2|20||2|13|0||1||1||1||1||1|2|3|1|1|1|1|2|2|2|2|2|2||2|2|2|1||6||2|2|2|1|1|1|2|2|1|52UZPE01152001T45MT02EBS001H030752UZPE01152001T45MT02EBS001H0307F0307
2|267|1|52|UZPE011|52001|T46|MT01|VILLA RECREO I|CARRERA2ANUMERO23C40VILLARECREO2|-77.262884|1.210822||52UZPE01152001T46MT01EBS001H0308|52UZPE01152001T46MT01EBS001H0308F0308|3|1|1|3|52UZPE01152001T46MT01EBS001|900091143|CC|1085286725|AUXILIARDEENFERMERIA|52UZPE01152001T46MT01EBS001H0308F0308CF308|2025-11-05|1||1||3||1||3|2|11|5|3|2|20||2|13|0||1||1||1||1||1|3|3|1|1|1|1|2|2|2|2|2|2||2|2|1|2||6||1|2|2|1|1|1|2|2|1|52UZPE01152001T46MT01EBS001H030852UZPE01152001T46MT01EBS001H0308F0308
2|268|1|52|UZPE011|52001|T45|MT02|AQUINE II|CRA20BIS23A53|-77.271197|1.213869||52UZPE01152001T45MT02EBS001H0309|52UZPE01152001T45MT02EBS001H0309F0309|3|1|1|1|52UZPE01152001T45MT02EBS001|900091143|CC|1089458776|AUXILIARDEENFERMERIA|52UZPE01152001T45MT02EBS001H0309F0309CF309|2025-11-05|1||1||3||4||1|2|11|5|3|2|20||2|13|0||1||1||1||1||7|1|2|1|1|1|2|2|2|2|2|2|2||2|2|1|2||6||1|2|2|1|1|1|2|2|1|52UZPE01152001T45MT02EBS001H030952UZPE01152001T45MT02EBS001H0309F0309
2|269|1|52|UZPE011|52001|T46|MT01|VILLA RECREO I|CARRERA3NUMERO23C64VILLARECREO2|-77.270436|1.210018||52UZPE01152001T46MT01EBS001H0310|52UZPE01152001T46MT01EBS001H0310F0310|3|2|2|4|52UZPE01152001T46MT01EBS001|900091143|CC|1085286725|AUXILIARDEENFERMERIA|52UZPE01152001T46MT01EBS001H0310F0310CF310|2025-11-05|1||1||3||1||4|2|11|5|2|2|20||1|13|0||1||1||1||1||1|3|3|1|1|1|1|2|2|2|2|2|2||2|2|1|2||6||1|2|2|1|1|1|2|2|1|52UZPE01152001T46MT01EBS001H031052UZPE01152001T46MT01EBS001H0310F0310
2|270|1|52|UZPE011|52001|T46|MT01|VILLA RECREO I|CARRERA3NUMERO23C64VILLARECREO2|-77.270436|1.210018||52UZPE01152001T46MT01EBS001H0311|52UZPE01152001T46MT01EBS001H0311F0311|3|2|2|4|52UZPE01152001T46MT01EBS001|900091143|CC|1085286725|AUXILIARDEENFERMERIA|52UZPE01152001T46MT01EBS001H0311F0311CF311|2025-11-05|1||1||3||1||4|2|11|5|2|2|20||1|13|0||1||1||1||1||1|1|3|1|1|1|1|2|2|2|2|2|2||2|2|1|1||6||1|2|2|1|1|1|2|2|1|52UZPE01152001T46MT01EBS001H031152UZPE01152001T46MT01EBS001H0311F0311
2|271|1|52|UZPE011|52001|T46|MT01|VILLA RECREO I|CR32345|-77.262047|1.210065||52UZPE01152001T46MT01EBS001H0312|52UZPE01152001T46MT01EBS001H0312F0312|2|1|1|3|52UZPE01152001T46MT01EBS001|900091143|CC|1085347312|ENFERMERA|52UZPE01152001T46MT01EBS001H0312F0312CF312|2025-11-11|4||1||3||1||1|2|11|5|2|2|20||2|13|0||1||1||1||1||2|2|3|1|1|1|1|2|2|2|2|2|2||2|2|1|1||6||1|2|2|1|1|1|2|2|1|52UZPE01152001T46MT01EBS001H031252UZPE01152001T46MT01EBS001H0312F0312
2|272|1|52|UZPE011|52001|T46|MT01|VILLA RECREO I|CR22309|-77.562347|1.208748||52UZPE01152001T46MT01EBS001H0313|52UZPE01152001T46MT01EBS001H0313F0313|2|1|1|1|52UZPE01152001T46MT01EBS001|900091143|CC|1085347312|ENFERMERA|52UZPE01152001T46MT01EBS001H0313F0313CF313|2025-11-06|4||1||3||1||1|2|11|5|2|2|20||2|13|0||1||1||1||1||7|1|3|1|1|1|1|2|2|2|2|2|2||2|2|2|1||6||2|2|2|1|2|1|2|2|1|52UZPE01152001T46MT01EBS001H031352UZPE01152001T46MT01EBS001H0313F0313
2|273|1|52|UZPE011|52001|T46|MT01|VILLA RECREO I|CASA15|-77.262551|1.210455||52UZPE01152001T46MT01EBS001H0314|52UZPE01152001T46MT01EBS001H0314F0314|1|1|1|1|52UZPE01152001T46MT01EBS001|900091143|CC|1193424771|PSICOLOGA|52UZPE01152001T46MT01EBS001H0314F0314CF314|2025-11-06|1||1||3||1||1|2|11|5|2|2|20||1|13|0||1||1||1||1||7|1|3|4|1|1|1|2|2|2|2|2|2||2|2|1|1||6||1|2|2|1|1|1|2|2|1|52UZPE01152001T46MT01EBS001H031452UZPE01152001T46MT01EBS001H0314F0314
2|274|1|52|UZPE011|52001|T46|MT01|VILLA RECREO I|MOCASA1|-77.262552|1.210457||52UZPE01152001T46MT01EBS001H0315|52UZPE01152001T46MT01EBS001H0315F0315|1|1|1|1|52UZPE01152001T46MT01EBS001|900091143|CC|1193424771|PSICOLOGA|52UZPE01152001T46MT01EBS001H0315F0315CF315|2025-11-06|1||1||3||1||1|2|11|5|2|2|20||2|13|0||1||1||1||1||2|1|3|1|1|1|1|2|2|2|2|2|2||2|2|1|2||6||1|2|2|1|1|1|2|2|1|52UZPE01152001T46MT01EBS001H031552UZPE01152001T46MT01EBS001H0315F0315
2|275|1|52|UZPE011|52001|T46|MT01|VILLA RECREO I|23D13|-77.262678|1.211161||52UZPE01152001T46MT01EBS001H0317|52UZPE01152001T46MT01EBS001H0317F0317|3|1|1|2|52UZPE01152001T46MT01EBS001|900091143|CC|185247449|AUXILIARDEENFERMERIA|52UZPE01152001T46MT01EBS001H0317F0317CF317|2025-11-05|1||1||3||1||3|2|11|5|2|2|20||2|13|0||1||1||1||1||7|2|3|1|1|1|1|2|2|2|2|2|2||2|2|2|1||6||2|2|2|1|1|1|2|2|1|52UZPE01152001T46MT01EBS001H031752UZPE01152001T46MT01EBS001H0317F0317
2|276|1|52|UZPE011|52001|T46|MT01|VILLA RECREO I|23C22|-77.262814|1.210613||52UZPE01152001T46MT01EBS001H0318|52UZPE01152001T46MT01EBS001H0318F0318|3|1|1|2|52UZPE01152001T46MT01EBS001|900091143|CC|185247449|AUXILIARDEENFERMERIA|52UZPE01152001T46MT01EBS001H0318F0318CF318|2025-11-05|1||1||3||1||3|2|11|5|2|2|20||1|13|0||1||1||1||1||1|2|3|1|1|1|1|2|2|2|2|2|2||2|2|2|1||6||2|2|2|1|2|1|2|2|1|52UZPE01152001T46MT01EBS001H031852UZPE01152001T46MT01EBS001H0318F0318
2|277|1|52|UZPE011|52001|T46|MT01|VILLA RECREO I|23C29|-77.262701|1.210676||52UZPE01152001T46MT01EBS001H0319|52UZPE01152001T46MT01EBS001H0319F0319|3|1|1|2|52UZPE01152001T46MT01EBS001|900091143|CC|185247449|AUXILIARDEENFERMERIA|52UZPE01152001T46MT01EBS001H0319F0319CF319|2025-11-05|1||1||3||1||3|2|11|5|2|2|20||2|13|0||1||1||1||1||1|2|3|1|1|1|1|2|2|2|2|2|2||2|2|2|2||6||2|2|2|1|2|1|2|2|1|52UZPE01152001T46MT01EBS001H031952UZPE01152001T46MT01EBS001H0319F0319
2|278|1|52|UZPE011|52001|T46|MT01|VILLA RECREO I|CARRERA2A23C28|-77.262965|1.210716||52UZPE01152001T46MT01EBS001H0320|52UZPE01152001T46MT01EBS001H0320F0320|3|2|2|2|52UZPE01152001T46MT01EBS001|900091143|CC|1004547484|AUXILIARDEENFERMERIA|52UZPE01152001T46MT01EBS001H0320F0320CF320|2025-11-04|1||1||3||1||3|2|10|5|3|2|20||1|13|0||1||1||1||1||2|2|3|1|1|1|1|2|2|2|2|2|2||2|2|1|1||6||1|2|2|1|1|1|2|2|1|52UZPE01152001T46MT01EBS001H032052UZPE01152001T46MT01EBS001H0320F0320
2|279|1|52|UZPE011|52001|T46|MT01|VILLA RECREO I|MCC19|-77.262425|1.209903||52UZPE01152001T46MT01EBS001H0321|52UZPE01152001T46MT01EBS001H0321F0321|3|1|1|2|52UZPE01152001T46MT01EBS001|900091143|CC|1004547484|AUXILIARDEENFERMERIA|52UZPE01152001T46MT01EBS001H0321F0321CF321|2025-11-05|1||1||3||1||3|2|11|5|3|2|20||1|13|0||1||1||1||1||2|2|3|1|1|1|1|2|2|2|2|2|2||2|2|1|2||6||1|2|2|1|1|1|2|2|1|52UZPE01152001T46MT01EBS001H032152UZPE01152001T46MT01EBS001H0321F0321
2|280|1|52|UZPE011|52001|T46|MT01|VILLA RECREO I|CALLE25NUMERO255VILLARECREO1ETAPA|-77.263147|1.21203||52UZPE01152001T46MT01EBS001H0325|52UZPE01152001T46MT01EBS001H0325F0325|3|2|2|4|52UZPE01152001T46MT01EBS001|900091143|CC|1085286725|AUXILIARDEENFERMERIA|52UZPE01152001T46MT01EBS001H0325F0325CF325|2025-11-11|1||1||3||1||2|2|11|5|3|2|20||1|13|0||1||1||1||1||1|2|3|1|1|1|1|2|2|2|2|2|2||2|2|1|1||6||1|2|2|1|1|1|2|2|1|52UZPE01152001T46MT01EBS001H032552UZPE01152001T46MT01EBS001H0325F0325
2|281|1|52|UZPE011|52001|T45|MT02|AQUINE II|C64|-77.271188|1.214258||52UZPE01152001T45MT02EBS001H0326|52UZPE01152001T45MT02EBS001H0326F0326|3|1|1|2|52UZPE01152001T45MT02EBS001|900091143|CC|1193424771|PSICOLOGA|52UZPE01152001T45MT02EBS001H0326F0326CF326|2025-11-05|1||1||3||1||1|2|11|5|3|2|20||2|13|0||1||1||1||1||1|2|3|1|1|1|1|2|2|2|2|2|2||2|2|1|2||6||1|2|2|1|1|1|2|2|1|52UZPE01152001T45MT02EBS001H032652UZPE01152001T45MT02EBS001H0326F0326
2|282|1|52|UZPE011|52001|T46|MT01|VILLA RECREO I|CASA15ETAPA|-77.262814|1.211135||52UZPE01152001T46MT01EBS001H0327|52UZPE01152001T46MT01EBS001H0327F0327|3|4|4|2|52UZPE01152001T46MT01EBS001|900091143|CC|185247449|AUXILIARDEENFERMERIA|52UZPE01152001T46MT01EBS001H0327F0327CF327|2025-11-11|1||1||3||1||1|2|11|5|3|2|20||2|13|0||1||1||1||1||1|2|3|1|1|1|1|2|2|2|2|2|2||2|2|2|1||6||2|2|2|1|1|1|2|2|1|52UZPE01152001T46MT01EBS001H032752UZPE01152001T46MT01EBS001H0327F0327
2|283|1|52|UZPE011|52001|T46|MT01|VILLA RECREO I|MMC3|-77.263518|1.211686||52UZPE01152001T46MT01EBS001H0330|52UZPE01152001T46MT01EBS001H0330F0330|1|1|1|1|52UZPE01152001T46MT01EBS001|900091143|CC|1193424771|PSICOLOGA|52UZPE01152001T46MT01EBS001H0330F0330CF330|2025-11-10|1||1||3||1||1|1|11|5|2|2|20||2|13|0||1||1||1||1||7|1|2|2|1|1|1|2|2|2|2|2|2||2|2|1|2||6||1|2|2|1|1|1|2|2|1|52UZPE01152001T46MT01EBS001H033052UZPE01152001T46MT01EBS001H0330F0330
2|284|1|52|UZPE011|52001|T46|MT01|VILLA RECREO I|2C0G|-77.263292|1.21165||52UZPE01152001T46MT01EBS001H0331|52UZPE01152001T46MT01EBS001H0331F0331|2|1|1|2|52UZPE01152001T46MT01EBS001|900091143|CC|1193424771|PSICOLOGA|52UZPE01152001T46MT01EBS001H0331F0331CF331|2025-11-10|1||1||3||1||1|2|11|5|2|2|20||2|13|0||1||1||1||1||1|2|3|1|1|1|1|2|2|2|2|2|2||2|2|1|2||6||1|2|2|1|1|1|2|2|1|52UZPE01152001T46MT01EBS001H033152UZPE01152001T46MT01EBS001H0331F0331
2|285|1|52|UZPE011|52001|T46|MT01|VILLA RECREO I|CALLE24A2108|-77.263082|1.21128||52UZPE01152001T46MT01EBS001H0332|52UZPE01152001T46MT01EBS001H0332F0332|3|3|3|3|52UZPE01152001T46MT01EBS001|900091143|CC|1193424771|PSICOLOGA|52UZPE01152001T46MT01EBS001H0332F0332CF332|2025-11-10|1||1||3||1||3|2|11|5|3|2|20||2|13|0||1||1||1||1||7|1|2|1|1|1|1|2|2|2|2|2|2||2|2|1|1||6||1|2|2|1|1|1|2|2|1|52UZPE01152001T46MT01EBS001H033252UZPE01152001T46MT01EBS001H0332F0332
2|286|1|52|UZPE011|52001|T46|MT01|VILLA RECREO I|CALLE24A2108|-77.263082|1.21128||52UZPE01152001T46MT01EBS001H0333|52UZPE01152001T46MT01EBS001H0333F0333|3|3|3|3|52UZPE01152001T46MT01EBS001|900091143|CC|1193424771|PSICOLOGA|52UZPE01152001T46MT01EBS001H0333F0333CF333|2025-11-10|1||1||3||1||3|2|11|5|3|2|20||2|13|0||1||1||1||1||7|1|3|1|1|1|1|2|2|2|2|2|2||2|2|1|1||6||1|2|2|1|1|1|2|2|1|52UZPE01152001T46MT01EBS001H033352UZPE01152001T46MT01EBS001H0333F0333
2|287|1|52|UZPE011|52001|T46|MT01|VILLA RECREO I|CALLE24A2108|-77.263082|1.21128||52UZPE01152001T46MT01EBS001H0334|52UZPE01152001T46MT01EBS001H0334F0334|3|3|3|3|52UZPE01152001T46MT01EBS001|900091143|CC|1193424771|PSICOLOGA|52UZPE01152001T46MT01EBS001H0334F0334CF334|2025-11-10|1||1||3||1||3|2|11|5|3|2|20||2|13|0||1||1||1||1||7|1|3|1|1|1|1|2|2|2|2|2|2||2|2|1|2||6||1|2|2|1|1|1|2|2|1|52UZPE01152001T46MT01EBS001H033452UZPE01152001T46MT01EBS001H0334F0334
2|288|1|52|UZPE011|52001|T45|MT02|AQUINE II|C41AQUINE2|-77.272489|1.213402||52UZPE01152001T45MT02EBS001H0335|52UZPE01152001T45MT02EBS001H0335F0335|3|1|1|2|52UZPE01152001T45MT02EBS001|900091143|CC|1193424771|PSICOLOGA|52UZPE01152001T45MT02EBS001H0335F0335CF335|2025-11-06|1||1||3||1||2|2|11|5|3|2|20||2|13|0||1||1||1||1||2|2|3|1|1|1|1|2|2|2|2|2|2||2|2|1|1||6||1|2|2|1|1|1|2|2|1|52UZPE01152001T45MT02EBS001H033552UZPE01152001T45MT02EBS001H0335F0335
2|289|1|52|UZPE011|52001|T46|MT01|VILLA RECREO I|CRAD23A16|-77.263599|1.212413||52UZPE01152001T46MT01EBS001H0336|52UZPE01152001T46MT01EBS001H0336F0336|3|1|1|2|52UZPE01152001T46MT01EBS001|900091143|CC|1004547484|AUXILIARDEENFERMERIA|52UZPE01152001T46MT01EBS001H0336F0336CF336|2025-09-11|1||1||3||1||3|2|11|5|3|2|20||1|13|0||1||1||1||1||2|2|3|1|1|1|1|2|2|2|2|2|2||2|2|1|2||6||1|2|2|1|1|1|2|2|1|52UZPE01152001T46MT01EBS001H033652UZPE01152001T46MT01EBS001H0336F0336
2|290|1|52|UZPE011|52001|T46|MT01|VILLA RECREO I|CRAD23A16|-77.263599|1.212413||52UZPE01152001T46MT01EBS001H0337|52UZPE01152001T46MT01EBS001H0337F0337|3|1|1|2|52UZPE01152001T46MT01EBS001|900091143|CC|1004547484|AUXILIARDEENFERMERIA|52UZPE01152001T46MT01EBS001H0337F0337CF337|2025-09-11|1||1||3||1||3|2|11|5|3|2|20||1|13|0||1||1||1||1||7|1|3|2|1|1|1|2|2|2|2|2|2||2|2|1|1||6||1|2|2|1|2|1|2|2|1|52UZPE01152001T46MT01EBS001H033752UZPE01152001T46MT01EBS001H0337F0337
2|291|1|52|UZPE011|52001|T46|MT01|VILLA RECREO I|CLL25212|-77.263115|1.212038||52UZPE01152001T46MT01EBS001H0338|52UZPE01152001T46MT01EBS001H0338F0338|3|2|2|1|52UZPE01152001T46MT01EBS001|900091143|CC|1004547484|AUXILIARDEENFERMERIA|52UZPE01152001T46MT01EBS001H0338F0338CF338|2025-09-11|1||1||3||1||3|2|11|5|3|2|20||1|13|0||1||1||1||1||7|1|2|4|1|1|2|2|2|2|2|2|2||2|2|1|2||6||1|2|2|1|1|1|2|2|1|52UZPE01152001T46MT01EBS001H033852UZPE01152001T46MT01EBS001H0338F0338
2|292|1|52|UZPE011|52001|T46|MT01|VILLA RECREO I|CALLE24A2CC15|-77.263386|1.211764||52UZPE01152001T46MT01EBS001H0339|52UZPE01152001T46MT01EBS001H0339F0339|3|1|1|1|52UZPE01152001T46MT01EBS001|900091143|CC|1004547484|AUXILIARDEENFERMERIA|52UZPE01152001T46MT01EBS001H0339F0339CF339|2025-11-10|1||1||3||1||2|2|11|5|3|2|20||1|13|0||1||1||1||1||7|1|3|1|1|1|1|2|2|2|2|2|2||2|2|1|1||6||1|2|2|1|1|1|2|2|1|52UZPE01152001T46MT01EBS001H033952UZPE01152001T46MT01EBS001H0339F0339
2|293|1|52|UZPE011|52001|T46|MT01|VILLA RECREO I|CARRERA2NUMERO24A21MANZANAHCASA3LOCALVILLARECREO|-77.263195|1.212107||52UZPE01152001T46MT01EBS001H0340|52UZPE01152001T46MT01EBS001H0340F0340|3|1|1|1|52UZPE01152001T46MT01EBS001|900091143|CC|1085286725|AUXILIARDEENFERMERIA|52UZPE01152001T46MT01EBS001H0340F0340CF340|2025-11-18|1||1||3||1||1|2|11|5|1|2|20||1|13|0||1||1||1||1||1|1|3|1|1|1|1|2|2|2|2|2|2||2|2|1|2||6||1|2|2|1|1|1|2|2|1|52UZPE01152001T46MT01EBS001H034052UZPE01152001T46MT01EBS001H0340F0340
2|294|1|52|UZPE011|52001|T46|MT01|VILLA RECREO I|331PRIMERAETAPA|-77.264252|1.21269||52UZPE01152001T46MT01EBS001H0342|52UZPE01152001T46MT01EBS001H0342F0342|3|1|1|2|52UZPE01152001T46MT01EBS001|900091143|CC|185247449|AUXILIARDEENFERMERIA|52UZPE01152001T46MT01EBS001H0342F0342CF342|2025-11-18|1||1||3||1||3|2|11|5|3|2|20||2|13|0||1||1||1||1||7|2|3|1|1|1|1|2|2|2|2|2|2||2|2|2|1||6||2|2|2|1|1|1|2|2|1|52UZPE01152001T46MT01EBS001H034252UZPE01152001T46MT01EBS001H0342F0342
2|295|1|52|UZPE011|52001|T46|MT01|VILLA RECREO I|MNAZANAICASA26VILLARECREO1|-77.270436|1.210018||52UZPE01152001T46MT01EBS001H0343|52UZPE01152001T46MT01EBS001H0343F0343|3|1|1|4|52UZPE01152001T46MT01EBS001|900091143|CC|1085286725|AUXILIARDEENFERMERIA|52UZPE01152001T46MT01EBS001H0343F0343CF343|2025-11-12|1||1||3||1||3|2|11|5|2|2|20||2|13|0||1||1||1||1||1|4|3|1|1|1|1|2|2|2|2|2|2||2|2|1|1||6||1|2|2|1|1|1|2|2|1|52UZPE01152001T46MT01EBS001H034352UZPE01152001T46MT01EBS001H0343F0343
2|296|1|52|UZPE011|52001|T46|MT01|VILLA RECREO I|CARRERA2ANUMERO23C16VILLARECREO2|-77.270436|1.210018||52UZPE01152001T46MT01EBS001H0344|52UZPE01152001T46MT01EBS001H0344F0344|3|1|1|2|52UZPE01152001T46MT01EBS001|900091143|CC|1085286725|AUXILIARDEENFERMERIA|52UZPE01152001T46MT01EBS001H0344F0344CF344|2025-11-06|1||1||3||1||1|2|11|5|2|2|20||2|13|0||1||1||1||1||7|2|3|1|1|1|1|2|2|2|2|2|2||2|2|1|1||6||1|2|2|1|1|1|2|2|1|52UZPE01152001T46MT01EBS001H034452UZPE01152001T46MT01EBS001H0344F0344
2|297|1|52|UZPE011|52001|T46|MT01|VILLA RECREO I|CARRERA32528|-77.263366|1.204244||52UZPE01152001T46MT01EBS001H0346|52UZPE01152001T46MT01EBS001H0346F0346|3|1|1|2|52UZPE01152001T46MT01EBS001|900091143|CC|1004547484|AUXILIARDEENFERMERIA|52UZPE01152001T46MT01EBS001H0346F0346CF346|2025-11-19|1||1||3||1||3|2|11|5|2|2|20||1|13|0||1||1||1||1||2|2|3|1|1|1|1|2|2|2|2|2|2||2|2|1|2||6||1|2|2|1|1|1|2|2|1|52UZPE01152001T46MT01EBS001H034652UZPE01152001T46MT01EBS001H0346F0346
2|298|1|52|UZPE011|52001|T46|MT01|VILLA RECREO I|CALLE24A|-77.262999|1.205511||52UZPE01152001T46MT01EBS001H0347|52UZPE01152001T46MT01EBS001H0347F0347|3|1|1|1|52UZPE01152001T46MT01EBS001|900091143|CC|1004547484|AUXILIARDEENFERMERIA|52UZPE01152001T46MT01EBS001H0347F0347CF347|2025-11-20|1||1||3||1||1|2|11|5|3|2|20||2|13|0||1||1||1||1||7|1|2|4|1|1|3|2|2|2|2|2|2||2|2|1|2||6||1|2|2|1|1|1|2|2|1|52UZPE01152001T46MT01EBS001H034752UZPE01152001T46MT01EBS001H0347F0347
2|299|1|52|UZPE011|52001|T46|MT01|VILLA RECREO I|CALLE25N285|-77.263413|1.212794||52UZPE01152001T46MT01EBS001H0348|52UZPE01152001T46MT01EBS001H0348F0348|1|1|1|1|52UZPE01152001T46MT01EBS001|900091143|CC|1193424771|PSICOLOGA|52UZPE01152001T46MT01EBS001H0348F0348CF348|2025-11-26|1||1||3||1||1|2|11|5|2|2|20||1|13|0||1||1||1||1||7|1|2|1|1|1|1|2|2|2|2|2|2||2|2|1|1||6||1|2|2|1|1|1|2|2|1|52UZPE01152001T46MT01EBS001H034852UZPE01152001T46MT01EBS001H0348F0348
2|300|1|52|UZPE011|52001|T46|MT01|VILLA RECREO I|CALLE24A331|-77.264195|1.212217||52UZPE01152001T46MT01EBS001H0349|52UZPE01152001T46MT01EBS001H0349F0349|1|1|1|1|52UZPE01152001T46MT01EBS001|900091143|CC|1193424771|PSICOLOGA|52UZPE01152001T46MT01EBS001H0349F0349CF349|2025-11-26|1||1||3||1||1|2|11|5|2|2|20||2|13|0||1||1||1||1||7|1|3|1|1|1|1|2|2|2|2|2|2||2|2|1|2||6||1|2|2|1|1|1|2|2|1|52UZPE01152001T46MT01EBS001H034952UZPE01152001T46MT01EBS001H0349F0349
2|301|1|52|UZPE011|52001|T46|MT01|VILLA RECREO I|351VILLARECREO|-77.264245|1.212197||52UZPE01152001T46MT01EBS001H0352|52UZPE01152001T46MT01EBS001H0352F0352|3|1|1|2|52UZPE01152001T46MT01EBS001|900091143|CC|185247449|AUXILIARDEENFERMERIA|52UZPE01152001T46MT01EBS001H0352F0352CF352|2025-11-27|1||1||3||1||3|2|11|5|3|2|20||2|13|0||1||1||1||1||7|2|3|1|1|2|1|2|2|2|2|2|2||2|2|2|1||6||2|2|2|1|1|1|2|2|1|52UZPE01152001T46MT01EBS001H035252UZPE01152001T46MT01EBS001H0352F0352
2|302|1|52|UZPE011|52001|T46|MT01|VILLA RECREO I|CALLE21311|-77.263971|1.212301||52UZPE01152001T46MT01EBS001H0353|52UZPE01152001T46MT01EBS001H0353F0353|3|1|1|1|52UZPE01152001T46MT01EBS001|900091143|CC|1004547484|AUXILIARDEENFERMERIA|52UZPE01152001T46MT01EBS001H0353F0353CF353|2025-11-24|1||1||3||1||2|2|11|5|3|2|20||1|13|0||1||1||1||1||7|1|1|2|1|1|1|2|2|2|2|2|2||2|2|1|2||6||1|2|2|1|2|1|2|2|1|52UZPE01152001T46MT01EBS001H035352UZPE01152001T46MT01EBS001H0353F0353
2|303|1|52|UZPE011|52001|T46|MT01|VILLA RECREO I|CALLE25|-77.219071|1.213209||52UZPE01152001T46MT01EBS001H0354|52UZPE01152001T46MT01EBS001H0354F0354|3|1|1|1|52UZPE01152001T46MT01EBS001|900091143|CC|1004547484|AUXILIARDEENFERMERIA|52UZPE01152001T46MT01EBS001H0354F0354CF354|2025-11-25|1||1||3||1||2|2|11|5|3|2|20||1|13|0||1||1||1||1||7|1|3|2|1|1|1|2|2|2|2|2|2||2|2|1|2||6||1|2|2|1|1|1|2|2|1|52UZPE01152001T46MT01EBS001H035452UZPE01152001T46MT01EBS001H0354F0354
2|304|1|52|UZPE011|52001|T46|MT01|VILLA RECREO I|CALLE25MOC3|-77.269445|1.213293||52UZPE01152001T46MT01EBS001H0355|52UZPE01152001T46MT01EBS001H0355F0355|3|1|1|3|52UZPE01152001T46MT01EBS001|900091143|CC|1004547484|AUXILIARDEENFERMERIA|52UZPE01152001T46MT01EBS001H0355F0355CF355|2025-11-26|1||1||3||1||3|2|11|5|3|2|20||1|13|0||1||1||1||1||1|4|3|1|1|1|1|2|2|2|2|2|2||2|2|2|2||6||2|2|2|1|1|1|2|2|1|52UZPE01152001T46MT01EBS001H035552UZPE01152001T46MT01EBS001H0355F0355
3|305|LORENA|DELSOCORRO|ARCINIEGAS|VACCA|CC|27456502|1983-11-13|2|2|1|9998|3|1||7|07|||8|72.0|165|||2||||||||||||52UZPE01152001T45MT03EBS001H000352UZPE01152001T45MT03EBS001H0003F0003|52UZPE01152001T45MT03EBS001H000352UZPE01152001T45MT03EBS001H0003F0003CC27456502
3|306|SHARA|VANESA|ARCINIEGAS|CASTILLO|CC|1004596585|2003-10-30|2|2|3|9998|9|1||7|07|||8|56.0|153|||2||||||||||||52UZPE01152001T45MT03EBS001H000352UZPE01152001T45MT03EBS001H0003F0003|52UZPE01152001T45MT03EBS001H000352UZPE01152001T45MT03EBS001H0003F0003CC1004596585
3|307|JENNIFER|VALERIA|ARCINIEGAS|CASTILLO|TI|1138526308|2008-08-15|2|2|3|9998|3|1||1|07|||8|56.0|156|||2||||||||||||52UZPE01152001T45MT03EBS001H000352UZPE01152001T45MT03EBS001H0003F0003|52UZPE01152001T45MT03EBS001H000352UZPE01152001T45MT03EBS001H0003F0003TI1138526308
3|308|MARIA|DELCONSUELO|SOLARTE|ROSERO|CC|27302234|1963-06-15|2|2|2|9998|3|5||3|07|||8|65.0|160|||2||||||||||||52UZPE01152001T45MT03EBS001H000452UZPE01152001T45MT03EBS001H0004F0004|52UZPE01152001T45MT03EBS001H000452UZPE01152001T45MT03EBS001H0004F0004CC27302234
3|309|LUIS|HERNANDO|FIGUEROA|NA|CC|13006621|1954-09-29|1|2|2|9998|2|5||3|07|||8|60.0|169|||2||||||||||||52UZPE01152001T45MT03EBS001H000452UZPE01152001T45MT03EBS001H0004F0004|52UZPE01152001T45MT03EBS001H000452UZPE01152001T45MT03EBS001H0004F0004CC13006621
3|310|JHONNY|ANTONIO|RODRIGUEZ|CORTES|CC|12967407|1959-01-28|1|2|1|9998|9|2||3|07|||8|71.0|168|||2||||||||||||52UZPE01152001T45MT03EBS001H000552UZPE01152001T45MT03EBS001H0005F0005|52UZPE01152001T45MT03EBS001H000552UZPE01152001T45MT03EBS001H0005F0005CC12967407
3|311|MELIDA|PATRICIA|PORTILLA|CAICEDO|CC|27108422|1967-03-03|2|2|2|9998|7|5||7|07|||8|60.0|156|||2||||||||||||52UZPE01152001T45MT03EBS001H000552UZPE01152001T45MT03EBS001H0005F0005|52UZPE01152001T45MT03EBS001H000552UZPE01152001T45MT03EBS001H0005F0005CC27108422
3|312|LUIS|IGNACIO|MORILLO|GRACIA|CC|12973437|1961-01-09|1|2|2|9998|9|2||3|07|||8|74.0|160|||2||||||||||||52UZPE01152001T45MT03EBS001H000652UZPE01152001T45MT03EBS001H0006F0006|52UZPE01152001T45MT03EBS001H000652UZPE01152001T45MT03EBS001H0006F0006CC12973437
3|313|DORIS|LILIAN|ANDRADE|CRUZ|CC|27433641|1968-04-29|2|2|2|9622|9|2||7|07|||8|55.0|157|||2||||||||||||52UZPE01152001T45MT03EBS001H000652UZPE01152001T45MT03EBS001H0006F0006|52UZPE01152001T45MT03EBS001H000652UZPE01152001T45MT03EBS001H0006F0006CC27433641
3|314|MARIA|JOSEFINA|SOLARTE|ERAZO|CC|30720944|1965-04-30|2|2|1|9622|4|2||3|07|||8|66.0|160|||2||||||||||||52UZPE01152001T45MT03EBS001H000952UZPE01152001T45MT03EBS001H0009F0009|52UZPE01152001T45MT03EBS001H000952UZPE01152001T45MT03EBS001H0009F0009CC30720944
3|315|JULY|VIVIANA|CAMACHO|VILLAREAL|CC|1010086163|1989-06-19|2|2|6|5169|10|2||7|07|||8|57.8|153|||2||||||||||||52UZPE01152001T45MT03EBS001H001052UZPE01152001T45MT03EBS001H0010F0010|52UZPE01152001T45MT03EBS001H001052UZPE01152001T45MT03EBS001H0010F0010CC1010086163
3|316|JONATHAN|SAMUEL|MORILLO|ANDRADE|CC|1081275052|2005-09-07|1|2|3|9998|4|2||7|07|||8|57.0|162|||2||||||||||||52UZPE01152001T45MT03EBS001H000752UZPE01152001T45MT03EBS001H0007F0007|52UZPE01152001T45MT03EBS001H000752UZPE01152001T45MT03EBS001H0007F0007CC1081275052
3|317|JHON|ALEXANDER|MORILLO|ANDRADE|CC|87068330|1984-12-26|1|2|3|5169|10|2||7|07|||8|60.0|165|||2||||||||||||52UZPE01152001T45MT03EBS001H000852UZPE01152001T45MT03EBS001H0008F0008|52UZPE01152001T45MT03EBS001H000852UZPE01152001T45MT03EBS001H0008F0008CC87068330
3|318|JUAN|MANUEL|POVEDA|CORAL|TI|1081057802|2010-04-27|1|2|3|9998|3|2||1|07|||8|56.0|160|||2||||||||||||52UZPE01152001T45MT03EBS001H001152UZPE01152001T45MT03EBS001H0011F0011|52UZPE01152001T45MT03EBS001H001152UZPE01152001T45MT03EBS001H0011F0011TI1081057802
3|319|POVEDA|CORAL|JUAN|DIEGO|TI|1081063661|2016-08-22|1|2|3|9998|3|2||8|07|||8|45.0|148|||2||||||||||||52UZPE01152001T45MT03EBS001H001152UZPE01152001T45MT03EBS001H0011F0011|52UZPE01152001T45MT03EBS001H001152UZPE01152001T45MT03EBS001H0011F0011TI1081063661
3|320|JAVIER|ORLANDO|POVEDA|ARGOTI|CC|13068662|1983-12-05|1|2|2|5169|6|2||7|07|||8|62.0|170|||2||||||||||||52UZPE01152001T45MT03EBS001H001152UZPE01152001T45MT03EBS001H0011F0011|52UZPE01152001T45MT03EBS001H001152UZPE01152001T45MT03EBS001H0011F0011CC13068662
3|321|PAOLA|ANDREA|CORAL|NA|CC|30080204|1982-08-05|2|2|1|5169|11|2||7|07|||8|56.0|157|||2||||||||||||52UZPE01152001T45MT03EBS001H001152UZPE01152001T45MT03EBS001H0011F0011|52UZPE01152001T45MT03EBS001H001152UZPE01152001T45MT03EBS001H0011F0011CC30080204
3|322|SOFIA|CONSUELO|MAYA|CERON|CC|37074359|1946-02-08|2|2|2|9998|3|2||3|07|||8|49.0|154|||2||||||||||||52UZPE01152001T45MT03EBS001H001252UZPE01152001T45MT03EBS001H0012F0012|52UZPE01152001T45MT03EBS001H001252UZPE01152001T45MT03EBS001H0012F0012CC37074359
3|323|NELSON|HECLARIO|MUNOZ|CERON|CC|5192921|1939-02-10|1|2|1|9998|3|2||3|07|||8|60.0|160|||2||||||||||||52UZPE01152001T45MT03EBS001H001252UZPE01152001T45MT03EBS001H0012F0012|52UZPE01152001T45MT03EBS001H001252UZPE01152001T45MT03EBS001H0012F0012CC5192921
3|324|OLGA|LUCIA|CABRERA|CUELLAR|CC|59310779|1983-11-23|2|2|6|9998|5|5||4|07|||3|73.0|162|||2||||||||||||52UZPE01152001T45MT03EBS001H001552UZPE01152001T45MT03EBS001H0015F0015|52UZPE01152001T45MT03EBS001H001552UZPE01152001T45MT03EBS001H0015F0015CC59310779
3|325|HAROLD|ANTONIO|HORMAZA|MORILLO|CC|12970705|1960-04-28|1|2|1|5169|9|2||3|07|||1|68.0|155|||2||||||||||||52UZPE01152001T45MT03EBS001H001752UZPE01152001T45MT03EBS001H0017F0017|52UZPE01152001T45MT03EBS001H001752UZPE01152001T45MT03EBS001H0017F0017CC12970705
3|326|ALEJANDRA|MARGARITA|HORMAZA|ORTEGA|CC|1085325146|1995-11-22|2|2|1|5169|8|2||7|07|||8|60.0|165|||2||||||||||||52UZPE01152001T45MT03EBS001H001852UZPE01152001T45MT03EBS001H0018F0018|52UZPE01152001T45MT03EBS001H001852UZPE01152001T45MT03EBS001H0018F0018CC1085325146
3|327|PIEDAD|MARLENE|GRIJALBA|SOLARTE|CC|30711911|1954-02-02|2|2|6|9998|2|2||3|07|||8|73.0|160|||2||||||||||||52UZPE01152001T45MT03EBS001H001352UZPE01152001T45MT03EBS001H0013F0013|52UZPE01152001T45MT03EBS001H001352UZPE01152001T45MT03EBS001H0013F0013CC30711911
3|328|PABLO|ANDRES|CUASPA|CABRERA|CC|1010135910|2000-10-10|1|2|6|9998|3|5||7|07|||8|71.0|164|||2||||||||||||52UZPE01152001T45MT03EBS001H001452UZPE01152001T45MT03EBS001H0014F0014|52UZPE01152001T45MT03EBS001H001452UZPE01152001T45MT03EBS001H0014F0014CC1010135910
3|329|MARIA|CAMILA|HORMAZA|ORTEGA|CC|1144051811|1992-04-22|2|2|1|5169|9|2||7|07|||8|60.0|159|||2||||||||||||52UZPE01152001T45MT03EBS001H001652UZPE01152001T45MT03EBS001H0016F0016|52UZPE01152001T45MT03EBS001H001652UZPE01152001T45MT03EBS001H0016F0016CC1144051811
3|330|EDUARDO|MESIAS|CHAMORRO|GONZALEZ|CC|5234221|1956-06-28|1|2|1|9998|6|2||3|07|||8|96.0|160|||2||||||||||||52UZPE01152001T45MT03EBS001H002052UZPE01152001T45MT03EBS001H0020F0020|52UZPE01152001T45MT03EBS001H002052UZPE01152001T45MT03EBS001H0020F0020CC5234221
3|331|LUZ|GEORGIA|VILLAREAL|UNIGARRO|CC|27231367|1957-11-20|2|2|2|9998|6|2||3|07|||8|61.0|150|||2||||||||||||52UZPE01152001T45MT03EBS001H002052UZPE01152001T45MT03EBS001H0020F0020|52UZPE01152001T45MT03EBS001H002052UZPE01152001T45MT03EBS001H0020F0020CC27231367
3|332|CARMELA|LUCIA|LUNA|DEBASTIDAS|CC|27455029|1947-05-16|2|2|6|9998|6|2||3|07|||8|56.0|151|||2||||||||||||52UZPE01152001T45MT03EBS001H001952UZPE01152001T45MT03EBS001H0019F0019|52UZPE01152001T45MT03EBS001H001952UZPE01152001T45MT03EBS001H0019F0019CC27455029
3|333|TARAPUES|BOLANOS|LIDIA|ESTHER|CC|30728288|1964-07-26|2|2|2|5169|7|2||3|07|||8|62.0|156|||2||||||||||||52UZPE01152001T45MT01EBS001H002152UZPE01152001T45MT01EBS001H0021F0021|52UZPE01152001T45MT01EBS001H002152UZPE01152001T45MT01EBS001H0021F0021CC30728288
3|334|JOSE|MANUEL|RODRIGUEZ|RODRIGUEZ|CC|10533939|1956-12-01|1|2|2|9510|2|2||3|01|||8|68.0|163|||2||||||||||||52UZPE01152001T45MT01EBS001H002152UZPE01152001T45MT01EBS001H0021F0021|52UZPE01152001T45MT01EBS001H002152UZPE01152001T45MT01EBS001H0021F0021CC10533939
3|335|NIDIA|TERESA|NARVAEZ|NA|CC|27107855|1957-05-07|2|2|1|9998|2|1||3|07|||8|55.0|148|||2||||||||||||52UZPE01152001T45MT01EBS001H002352UZPE01152001T45MT01EBS001H0023F0023|52UZPE01152001T45MT01EBS001H002352UZPE01152001T45MT01EBS001H0023F0023CC27107855
3|336|DAVID|EDMUNDO|RIVAS|TARAPUEZ|CC|1085302835|1992-12-16|1|2|3|5169|9|2||7|07|||8|86.0|180|||2||||||||||||52UZPE01152001T45MT01EBS001H002252UZPE01152001T45MT01EBS001H0022F0022|52UZPE01152001T45MT01EBS001H002252UZPE01152001T45MT01EBS001H0022F0022CC1085302835
3|337|BISMAR|ANDRES|NARVAEZ|NA|CC|873988029|1984-04-04|1|2|1|9510|2|1||7|07|||8|67.0|165|||2||||||||||||52UZPE01152001T45MT01EBS001H002452UZPE01152001T45MT01EBS001H0024F0024|52UZPE01152001T45MT01EBS001H002452UZPE01152001T45MT01EBS001H0024F0024CC873988029
3|338|MANUEL|ARLEY|HERRERA|GAMBOA|CC|98396760|1977-04-14|1|2|1|9510|10|1||7|07|||8|70.0|180|||2||||||||||||52UZPE01152001T45MT03EBS001H002652UZPE01152001T45MT03EBS001H0026F0026|52UZPE01152001T45MT03EBS001H002652UZPE01152001T45MT03EBS001H0026F0026CC98396760
3|339|GLORIA|DELCARMEN|MOLINA|MORA|CC|27533348|1963-08-04|2|2|5|9998|6|2||3|07|||8|52.0|150|||2||||||||||||52UZPE01152001T45MT03EBS001H002552UZPE01152001T45MT03EBS001H0025F0025|52UZPE01152001T45MT03EBS001H002552UZPE01152001T45MT03EBS001H0025F0025CC27533348
3|340|LINA|MARIA|PAZ|MOLINA|CC|1233192549|1998-12-07|2|2|3|5169|8|2||7|07|||8|64.0|160|||2||||||||||||52UZPE01152001T45MT03EBS001H002552UZPE01152001T45MT03EBS001H0025F0025|52UZPE01152001T45MT03EBS001H002552UZPE01152001T45MT03EBS001H0025F0025CC1233192549
3|341|ROSA|MARYORI|ROSE|BASTIDAS|CC|59314357|1983-12-03|2|2|6|5169|9|2||7|07|||8|65.0|154|||2||||||||||||52UZPE01152001T45MT03EBS001H002752UZPE01152001T45MT03EBS001H0027F0027|52UZPE01152001T45MT03EBS001H002752UZPE01152001T45MT03EBS001H0027F0027CC59314357
3|342|CARLOS|MAURICIO|HERRERA|ROSERO|CC|1081052562|2003-10-28|1|2|6|9998|4|2||7|07|||8|68.0|178|||2||||||||||||52UZPE01152001T45MT03EBS001H002852UZPE01152001T45MT03EBS001H0028F0028|52UZPE01152001T45MT03EBS001H002852UZPE01152001T45MT03EBS001H0028F0028CC1081052562
3|343|MARIA|ANGELICA|HERRERA|RISERO|CC|1193255366|2006-01-01|2|2|6|9998|4|2||7|07|||8|77.0|162|||2||||||||||||52UZPE01152001T45MT03EBS001H002952UZPE01152001T45MT03EBS001H0029F0029|52UZPE01152001T45MT03EBS001H002952UZPE01152001T45MT03EBS001H0029F0029CC1193255366
3|344|RICARDO|FABIAN|ROMERO|ZARAMA|CC|12984397|1965-06-01|1|2|2|5169|8|2||3|07|||8|66.0|170|||2||||||||||||52UZPE01152001T45MT01EBS001H003252UZPE01152001T45MT01EBS001H0032F0032|52UZPE01152001T45MT01EBS001H003252UZPE01152001T45MT01EBS001H0032F0032CC12984397
3|345|ALBA|LIGIA|ARTEAGA|PATINO|CC|30713586|1956-06-04|2|2|2|9998|2|2||3|07|||8|65.0|162|||2||||||||||||52UZPE01152001T45MT01EBS001H003252UZPE01152001T45MT01EBS001H0032F0032|52UZPE01152001T45MT01EBS001H003252UZPE01152001T45MT01EBS001H0032F0032CC30713586
3|346|MARCO|ANTONIO|ROMERO|ARTEAGA|CC|1085316673|1994-06-22|1|2|3|9998|2|1||7|07|||8|59.0|173|||2||||||||||||52UZPE01152001T45MT01EBS001H003252UZPE01152001T45MT01EBS001H0032F0032|52UZPE01152001T45MT01EBS001H003252UZPE01152001T45MT01EBS001H0032F0032CC1085316673
3|347|ARTURO|IVAN|DELACRUZ|NA|CC|3180728|1960-12-10|1|2|2|9998|2|1||3|07|||8|70.0|167|||2||||||||||||52UZPE01152001T45MT01EBS001H003352UZPE01152001T45MT01EBS001H0033F0033|52UZPE01152001T45MT01EBS001H003352UZPE01152001T45MT01EBS001H0033F0033CC3180728
3|348|CLARA|LUZ|NUPAN|GUACAS|CC|30716904|1950-11-02|2|2|2|9998|2|1||3|07|||8|52.0|155|||2||||||||||||52UZPE01152001T45MT01EBS001H003352UZPE01152001T45MT01EBS001H0033F0033|52UZPE01152001T45MT01EBS001H003352UZPE01152001T45MT01EBS001H0033F0033CC30716904
3|349|CIELO|MAGALY|BOTINA|MONTILLA|CC|36758262|1982-12-28|2|2|2|9510|3|1||7|07|||8|71.0|154|||2||||||||||||52UZPE01152001T45MT01EBS001H003452UZPE01152001T45MT01EBS001H0034F0034|52UZPE01152001T45MT01EBS001H003452UZPE01152001T45MT01EBS001H0034F0034CC36758262
3|350|OSCAR|MAURICIO|ROJAS|SANTACRUZ|CC|13072541|1981-03-14|1|2|2|9510|3|1||7|07|||8|75.0|174|||2||||||||||||52UZPE01152001T45MT01EBS001H003452UZPE01152001T45MT01EBS001H0034F0034|52UZPE01152001T45MT01EBS001H003452UZPE01152001T45MT01EBS001H0034F0034CC13072541
3|351|NESLY|MAYERLY|ROJAS|BOTINA|CC|103000044|2006-05-04|2|2|2|9998|8|1||7|07|||8|54.0|162|||2||||||||||||52UZPE01152001T45MT01EBS001H003452UZPE01152001T45MT01EBS001H0034F0034|52UZPE01152001T45MT01EBS001H003452UZPE01152001T45MT01EBS001H0034F0034CC103000044
3|352|LICETH|GABRIELA|ROSAS|BONITA|TI|1080700357|2014-07-25|2|2|3|9998|3|1||8|07|||8|40.0|140|||2||||||||||||52UZPE01152001T45MT01EBS001H003452UZPE01152001T45MT01EBS001H0034F0034|52UZPE01152001T45MT01EBS001H003452UZPE01152001T45MT01EBS001H0034F0034TI1080700357
3|353|NESTOR|NA|SEPULVEDA|NA|CC|14875253|1954-09-01|1|2|1|5169|9|2||3|07|||8|68.0|165|||2||||||||||||52UZPE01152001T45MT01EBS001H003552UZPE01152001T45MT01EBS001H0035F0035|52UZPE01152001T45MT01EBS001H003552UZPE01152001T45MT01EBS001H0035F0035CC14875253
3|354|JUAN|CAMILO|NARVAEZ|HUERTAS|TI|1081281144|2010-10-05|1|2|3|9998|3|1||1|07|||8|50.0|164|||2||||||||||||52UZPE01152001T45MT01EBS001H003652UZPE01152001T45MT01EBS001H0036F0036|52UZPE01152001T45MT01EBS001H003652UZPE01152001T45MT01EBS001H0036F0036TI1081281144
3|355|SANDRA|EUFANIA|HUERTAS|LEYTON|CC|30740594|1968-06-30|2|2|5|9998|3|1||7|07|||8|55.0|158|||2||||||||||||52UZPE01152001T45MT01EBS001H003652UZPE01152001T45MT01EBS001H0036F0036|52UZPE01152001T45MT01EBS001H003652UZPE01152001T45MT01EBS001H0036F0036CC30740594
3|356|JUAN|CARLOS|NARVAEZ|BENAVIDES|CC|98382703|1972-10-22|1|2|1|5169|3|1||7|07|||8|76.0|162|||2||||||||||||52UZPE01152001T45MT01EBS001H003652UZPE01152001T45MT01EBS001H0036F0036|52UZPE01152001T45MT01EBS001H003652UZPE01152001T45MT01EBS001H0036F0036CC98382703
3|357|JEREMY|JOSE|NARVAEZ|PAZ|CC|1004232463|2000-03-15|1|2|6|9998|3|1||7|07|||8|60.0|180|||2||||||||||||52UZPE01152001T45MT01EBS001H003752UZPE01152001T45MT01EBS001H0037F0037|52UZPE01152001T45MT01EBS001H003752UZPE01152001T45MT01EBS001H0037F0037CC1004232463
3|358|ALICIA|NOAPLICA|HERNANDEZ|NOAPLICA|CC|27526138|1933-07-23|2|2|1|9998|1|1||3|07|||8|54.0|154|||2||||||||||||52UZPE01152001T45MT01EBS001H003952UZPE01152001T45MT01EBS001H0039F0039|52UZPE01152001T45MT01EBS001H003952UZPE01152001T45MT01EBS001H0039F0039CC27526138
3|359|LINDA|MANUELA|FIGUEROA|FONSECA|CC|1081594708|1995-05-09|2|2|6|5169|11|2||7|07|||8|10.3|170|||2||||||||||||52UZPE01152001T45MT01EBS001H004052UZPE01152001T45MT01EBS001H0040F0040|52UZPE01152001T45MT01EBS001H004052UZPE01152001T45MT01EBS001H0040F0040CC1081594708
3|360|DEMIR|YAMILE|MOREANO|ESTRADA|CC|1085258515|1987-02-17|2|2|5|5169|3|2||7|07|||8|60.0|153|||2||||||||||||52UZPE01152001T45MT01EBS001H004152UZPE01152001T45MT01EBS001H0041F0041|52UZPE01152001T45MT01EBS001H004152UZPE01152001T45MT01EBS001H0041F0041CC1085258515
3|361|EDUAR|FELIPE|CANO|MOREANO|CC|1080045847|2006-03-08|1|2|3|9998|8|1||7|07|||8|68.0|168|||2||||||||||||52UZPE01152001T45MT01EBS001H004152UZPE01152001T45MT01EBS001H0041F0041|52UZPE01152001T45MT01EBS001H004152UZPE01152001T45MT01EBS001H0041F0041CC1080045847
3|362|ROSIVEL|LEONOR|ARCOS|NA|CC|30722931|1960-03-14|2|2|2|9998|3|2||3|07|||8|10.1|164|||2||||||||||||52UZPE01152001T45MT01EBS001H004252UZPE01152001T45MT01EBS001H0042F0042|52UZPE01152001T45MT01EBS001H004252UZPE01152001T45MT01EBS001H0042F0042CC30722931
3|363|JOSE|EXOBER|JIMENEZ|MONTILLA|CC|16856398|1959-12-17|1|2|1|9622|3|2||3|07|||8|64.0|165|||2||||||||||||52UZPE01152001T45MT01EBS001H004252UZPE01152001T45MT01EBS001H0042F0042|52UZPE01152001T45MT01EBS001H004252UZPE01152001T45MT01EBS001H0042F0042CC16856398
3|364|YOVANY|ORLANDO|JIMENEZ|ARCOS|CC|1085281587|1990-06-05|1|2|1|5169|9|2||7|07|||8|82.0|180|||2||||||||||||52UZPE01152001T45MT01EBS001H004352UZPE01152001T45MT01EBS001H0043F0043|52UZPE01152001T45MT01EBS001H004352UZPE01152001T45MT01EBS001H0043F0043CC1085281587
3|365|ALBA|LUCIA|GONZALES|PAZ|CC|30712896|1957-10-26|2|2|2|9998|2|2||3|07|||8|58.0|153|||2||||||||||||52UZPE01152001T45MT01EBS001H004452UZPE01152001T45MT01EBS001H0044F0044|52UZPE01152001T45MT01EBS001H004452UZPE01152001T45MT01EBS001H0044F0044CC30712896
3|366|ALIRIO|NA|RIVERA|RIVERA|CC|12750209|1951-10-21|1|2|1|9998|2|2||3|07|||8|95.0|165|||2||||||||||||52UZPE01152001T45MT01EBS001H004452UZPE01152001T45MT01EBS001H0044F0044|52UZPE01152001T45MT01EBS001H004452UZPE01152001T45MT01EBS001H0044F0044CC12750209
3|367|SOCORRO|NOAPLICA|SOCORRO|DELGADO|CC|30721165|1952-10-09|2|2|1|9998|2|1||3|07|||8|68.0|160|||2||||||||||||52UZPE01152001T45MT01EBS001H003852UZPE01152001T45MT01EBS001H0038F0038|52UZPE01152001T45MT01EBS001H003852UZPE01152001T45MT01EBS001H0038F0038CC30721165
3|368|ANGEL|MANUEL|DIAZ|ARNIA|PT|5830970|1989-03-13|1|2|2|5169|3|2||7|07|||8|70.0|170|||2||||||||||||52UZPE01152001T45MT01EBS001H004552UZPE01152001T45MT01EBS001H0045F0045|52UZPE01152001T45MT01EBS001H004552UZPE01152001T45MT01EBS001H0045F0045PT5830970
3|369|YASJERIS|NA|ARCIA|DIAZ|PT|6150060|1981-01-27|2|2|2|9510|9|1||7|07|||8|69.0|151|||2||||||||||||52UZPE01152001T45MT01EBS001H004552UZPE01152001T45MT01EBS001H0045F0045|52UZPE01152001T45MT01EBS001H004552UZPE01152001T45MT01EBS001H0045F0045PT6150060
3|370|ANGELY|SOPHIA|DIAZ|ARCIA|RC|1081289396|2025-01-30|2|2|3|9998|3|2||8|07|||8|||||2||||||||||||52UZPE01152001T45MT01EBS001H004552UZPE01152001T45MT01EBS001H0045F0045|52UZPE01152001T45MT01EBS001H004552UZPE01152001T45MT01EBS001H0045F0045RC1081289396
3|371|ROMNY|RAFAEL|PUERTA|ARCIA|PT|6150184|2005-08-22|1|2|3|9510|3|1||7|07|||8|75.0|175|||2||||||||||||52UZPE01152001T45MT01EBS001H004652UZPE01152001T45MT01EBS001H0046F0046|52UZPE01152001T45MT01EBS001H004652UZPE01152001T45MT01EBS001H0046F0046PT6150184
3|372|JUAN|DIEGO|DELACRUZ|DELGADO|CC|1233193744|1999-06-30|1|2|3|9998|3|2||7|07|||8|78.0|175|||2||||||||||||52UZPE01152001T45MT01EBS001H004752UZPE01152001T45MT01EBS001H0047F0047|52UZPE01152001T45MT01EBS001H004752UZPE01152001T45MT01EBS001H0047F0047CC1233193744
3|373|HECTOR|EDUARDO|ENRRIQUEZ|SALCEDO|CC|98394782|1976-07-31|1|2|1|9622|9|2||7|07|||8|75.0|165|||2||||||||||||52UZPE01152001T45MT01EBS001H004852UZPE01152001T45MT01EBS001H0048F0048|52UZPE01152001T45MT01EBS001H004852UZPE01152001T45MT01EBS001H0048F0048CC98394782
3|374|ALBA|NA|RIASCOS|CADENA|CC|27058390|1936-03-28|2|2|1|9998|1|2||3|07|||2|60.0|160|||2||||||||||||52UZPE01152001T45MT01EBS001H004952UZPE01152001T45MT01EBS001H0049F0049|52UZPE01152001T45MT01EBS001H004952UZPE01152001T45MT01EBS001H0049F0049CC27058390
3|375|AURA|ELIZA|GOMEZ|NA|CC|30744467|1967-10-17|2|2|1|9622|2|2||7|07|||8|72.0|165|||2||||||||||||52UZPE01152001T45MT01EBS001H005052UZPE01152001T45MT01EBS001H0050F0050|52UZPE01152001T45MT01EBS001H005052UZPE01152001T45MT01EBS001H0050F0050CC30744467
3|376|SANDRA|PATRICIA|GAMEZ|MINAYO|CC|27088445|1978-05-04|2|2|2|9510|3|1||7|07|||8|59.0|154|||2||||||||||||52UZPE01152001T45MT01EBS001H005252UZPE01152001T45MT01EBS001H0052F0052|52UZPE01152001T45MT01EBS001H005252UZPE01152001T45MT01EBS001H0052F0052CC27088445
3|377|BERNARDINO|NA|CAICEDO|LOPEZ|CC|98381620|1971-10-01|1|2|2|9998|2|2||7|07|||8|78.0|157|||2||||||||||||52UZPE01152001T45MT01EBS001H005152UZPE01152001T45MT01EBS001H0051F0051|52UZPE01152001T45MT01EBS001H005152UZPE01152001T45MT01EBS001H0051F0051CC98381620
3|378|MARIA|FEUDULIA|LOAIZA|CHAVEZ|CC|27145659|1974-02-04|2|2|1|9998|1|1||7|07|||8|70.0|157|||2||||||||||||52UZPE01152001T45MT01EBS001H005152UZPE01152001T45MT01EBS001H0051F0051|52UZPE01152001T45MT01EBS001H005152UZPE01152001T45MT01EBS001H0051F0051CC27145659
3|379|EDID|YANIN|CAICEDO|LOAIZA|TI|1080057453|2010-07-12|2|2|3|9998|3|1||1|07|||8|47.0|149|||2||||||||||||52UZPE01152001T45MT01EBS001H005152UZPE01152001T45MT01EBS001H0051F0051|52UZPE01152001T45MT01EBS001H005152UZPE01152001T45MT01EBS001H0051F0051TI1080057453
3|380|MARGOTH|ESPERANZA|NARVAEZ|ERAZO|CC|30709806|1953-01-06|2|2|2|9998|3|2||3|07|||8|59.0|150|||2||||||||||||52UZPE01152001T45MT01EBS001H005352UZPE01152001T45MT01EBS001H0053F0053|52UZPE01152001T45MT01EBS001H005352UZPE01152001T45MT01EBS001H0053F0053CC30709806
3|381|CARLOS|HERNANDO|BRAVO|ORTEGA|CC|5197385|1940-10-21|1|2|2|9998|7|2||3|07|||1|60.0|165|||2||||||||||||52UZPE01152001T45MT01EBS001H005352UZPE01152001T45MT01EBS001H0053F0053|52UZPE01152001T45MT01EBS001H005352UZPE01152001T45MT01EBS001H0053F0053CC5197385
3|382|CARMEN|LIDIA|REVELO|ARTEAGA|CC|30734646|1966-08-03|2|2|2|9998|3|2||7|07|||8|53.0|155|||2||||||||||||52UZPE01152001T45MT01EBS001H005452UZPE01152001T45MT01EBS001H0054F0054|52UZPE01152001T45MT01EBS001H005452UZPE01152001T45MT01EBS001H0054F0054CC30734646
3|383|SWRVIO|TULIO|ROSERO|NA|CC|12976468|1962-01-15|1|2|2|5169|2|2||3|07|||8|62.0|155|||2||||||||||||52UZPE01152001T45MT01EBS001H005452UZPE01152001T45MT01EBS001H0054F0054|52UZPE01152001T45MT01EBS001H005452UZPE01152001T45MT01EBS001H0054F0054CC12976468
3|384|EDWIN|ANDRES|ROSERO|REVELO|CC|1085343126|1998-12-01|1|2|3|5169|9|2||7|07|||8|62.0|165|||2||||||||||||52UZPE01152001T45MT01EBS001H005552UZPE01152001T45MT01EBS001H0055F0055|52UZPE01152001T45MT01EBS001H005552UZPE01152001T45MT01EBS001H0055F0055CC1085343126
3|385|MAICOL|JOSEPH|BONITA|ROSERO|TI|1080694765|2009-07-04|1|2|3|9998|3|1||1|07|||8|55.0|160|||2||||||||||||52UZPE01152001T45MT01EBS001H005652UZPE01152001T45MT01EBS001H0056F0056|52UZPE01152001T45MT01EBS001H005652UZPE01152001T45MT01EBS001H0056F0056TI1080694765
3|386|JOHANA|ELIZABETH|ROSERO|REVELO|CC|1085247560|1986-02-02|2|2|2|9510|3|2||7|07|||8|64.0|166|||2||||||||||||52UZPE01152001T45MT01EBS001H005652UZPE01152001T45MT01EBS001H0056F0056|52UZPE01152001T45MT01EBS001H005652UZPE01152001T45MT01EBS001H0056F0056CC1085247560
3|387|MARYORY|SOFIA|BOTINA|ROSERO|CC|1137089271|2006-02-19|2|2|3|9998|8|1||7|07|||8|60.0|160|||2||||||||||||52UZPE01152001T45MT01EBS001H005652UZPE01152001T45MT01EBS001H0056F0056|52UZPE01152001T45MT01EBS001H005652UZPE01152001T45MT01EBS001H0056F0056CC1137089271
3|388|MICHAEL|HABER|BOTINA|MONTILLA|CC|87065990|1984-08-20|1|2|2|9510|3|1||7|07|||8|70.0|168|||2||||||||||||52UZPE01152001T45MT01EBS001H005652UZPE01152001T45MT01EBS001H0056F0056|52UZPE01152001T45MT01EBS001H005652UZPE01152001T45MT01EBS001H0056F0056CC87065990
3|389|MARIA|INES|BASTIDAS|PAZ|CC|27141430|1944-03-31|2|2|1|9998|2|1||3|07|||8|60.0|150|||2||||||||||||52UZPE01152001T45MT01EBS001H005752UZPE01152001T45MT01EBS001H0057F0057|52UZPE01152001T45MT01EBS001H005752UZPE01152001T45MT01EBS001H0057F0057CC27141430
3|390|SEGUNDA|ELOISA|ESTERILLA|RODRIGUEZ|CC|41102823|1957-01-04|2|2|1|9510|13|1||3|07|||8|70.0|157|||2||||||||||||52UZPE01152001T45MT01EBS001H005852UZPE01152001T45MT01EBS001H0058F0058|52UZPE01152001T45MT01EBS001H005852UZPE01152001T45MT01EBS001H0058F0058CC41102823
3|391|BERTHA|NA|GUERRERO|DEDELGADO|CC|27060833|1932-01-27|2|2|5|9998|2|1||3|07|||8|50.0|138|||2||||||||||||52UZPE01152001T45MT01EBS001H005952UZPE01152001T45MT01EBS001H0059F0059|52UZPE01152001T45MT01EBS001H005952UZPE01152001T45MT01EBS001H0059F0059CC27060833
3|392|HERNAN|GREGORIO|AGUIRRE|CORREA|CC|98381275|1969-04-20|1|2|2|5169|8|2||7|07|||8|74.0|168|||2||||||||||||52UZPE01152001T45MT01EBS001H006052UZPE01152001T45MT01EBS001H0060F0060|52UZPE01152001T45MT01EBS001H006052UZPE01152001T45MT01EBS001H0060F0060CC98381275
3|393|ANA|LUCIA|BENAVIDES|DIAZ|CC|59313303|1970-10-04|2|2|2|5169|8|2||7|07|||8|78.0|166|||2||||||||||||52UZPE01152001T45MT01EBS001H006052UZPE01152001T45MT01EBS001H0060F0060|52UZPE01152001T45MT01EBS001H006052UZPE01152001T45MT01EBS001H0060F0060CC59313303
3|394|TERESA|DEJESUS|NARVAEZ|LOPEZ|CC|59828905|1963-06-23|2|2|4|9998|2|1||3|07|||8|39.0|140|||2||||||||||||52UZPE01152001T45MT01EBS001H006152UZPE01152001T45MT01EBS001H0061F0061|52UZPE01152001T45MT01EBS001H006152UZPE01152001T45MT01EBS001H0061F0061CC59828905
3|395|ANA|BEATRIZ|NARVAEZ|LOPEZ|CC|59825324|1970-08-06|2|2|4|9998|2|1||7|07|||8|39.0|149|||2||||||||||||52UZPE01152001T45MT01EBS001H006152UZPE01152001T45MT01EBS001H0061F0061|52UZPE01152001T45MT01EBS001H006152UZPE01152001T45MT01EBS001H0061F0061CC59825324
3|396|MARIA|LUISA|NARVAEZ|LOPEZ|CC|30733158|1961-12-21|2|2|4|9622|2|1||3|07|||8|44.0|150|||2||||||||||||52UZPE01152001T45MT01EBS001H006152UZPE01152001T45MT01EBS001H0061F0061|52UZPE01152001T45MT01EBS001H006152UZPE01152001T45MT01EBS001H0061F0061CC30733158
3|397|ALEX|JACINTO|VARGAS|CARRILLO|CC|12746701|1979-05-22|1|2|6|9510|2|1||7|07|||8|77.0|164|||2||||||||||||52UZPE01152001T45MT01EBS001H006252UZPE01152001T45MT01EBS001H0062F0062|52UZPE01152001T45MT01EBS001H006252UZPE01152001T45MT01EBS001H0062F0062CC12746701
3|398|SULAY|NA|MARTINEZ|ALVAREZ|CC|66902071|1969-12-20|2|2|1|9622|3|2||7|07|||8|84.0|155|||2||||||||||||52UZPE01152001T45MT01EBS001H006352UZPE01152001T45MT01EBS001H0063F0063|52UZPE01152001T45MT01EBS001H006352UZPE01152001T45MT01EBS001H0063F0063CC66902071
3|399|EMMA|BERENICE|MUNOZ|CERON|CC|27353833|1953-09-22|2|2|5|9998|13|1||3|07|||8|53.0|154|||2||||||||||||52UZPE01152001T45MT01EBS001H006452UZPE01152001T45MT01EBS001H0064F0064|52UZPE01152001T45MT01EBS001H006452UZPE01152001T45MT01EBS001H0064F0064CC27353833
3|400|DAYRA|SAMARA|SANTANDER|MOLINA|RC|1080071361|2020-10-09|2|2|3|9998|3|1||8|07|||8|||||2||||||||||||52UZPE01152001T45MT01EBS001H006552UZPE01152001T45MT01EBS001H0065F0065|52UZPE01152001T45MT01EBS001H006552UZPE01152001T45MT01EBS001H0065F0065RC1080071361
3|401|JANINA|XIOMARA|SANTANDER|MOLINA|TI|1080061175|2012-09-19|2|2|3|9998|3|1||1|07|||8|35.0|135|||2||||||||||||52UZPE01152001T45MT01EBS001H006552UZPE01152001T45MT01EBS001H0065F0065|52UZPE01152001T45MT01EBS001H006552UZPE01152001T45MT01EBS001H0065F0065TI1080061175
3|402|MARTHA|YOLIMA|MOLINA|MUNOZ|CC|1085263157|1987-12-26|2|2|2|9998|3|1||7|07|||8|55.0|157|||2||||||||||||52UZPE01152001T45MT01EBS001H006552UZPE01152001T45MT01EBS001H0065F0065|52UZPE01152001T45MT01EBS001H006552UZPE01152001T45MT01EBS001H0065F0065CC1085263157
3|403|JORGE|ENRIQUE|ROSERO|MUNOZ|CC|12995225|1969-02-23|1|2|1|5169|3|1||7|07|||8|78.0|177|||2||||||||||||52UZPE01152001T45MT01EBS001H006752UZPE01152001T45MT01EBS001H0067F0067|52UZPE01152001T45MT01EBS001H006752UZPE01152001T45MT01EBS001H0067F0067CC12995225
3|404|ABEL|NEFTHALY|PRADO|MUNOZ|CC|18131279|1983-12-15|1|2|3|9510|3|1||7|07|||8|53.0|163|||2||||||||||||52UZPE01152001T45MT01EBS001H006652UZPE01152001T45MT01EBS001H0066F0066|52UZPE01152001T45MT01EBS001H006652UZPE01152001T45MT01EBS001H0066F0066CC18131279
3|405|GLADYS|CECILIA|BETANCOURT|MELO|CC|30723318|1961-11-21|2|2|1|9998|2|2||3|07|||8|68.0|158|||2||||||||||||52UZPE01152001T45MT01EBS001H006852UZPE01152001T45MT01EBS001H0068F0068|52UZPE01152001T45MT01EBS001H006852UZPE01152001T45MT01EBS001H0068F0068CC30723318
3|406|AURA|LUCIA|INSUASTY|PORTILLO|CC|30729715|1964-11-08|2|2|2|5169|2|2||3|07|||8|65.0|155|||2||||||||||||52UZPE01152001T45MT01EBS001H006952UZPE01152001T45MT01EBS001H0069F0069|52UZPE01152001T45MT01EBS001H006952UZPE01152001T45MT01EBS001H0069F0069CC30729715
3|407|JOSE|NA|JIMENEZ|NA|CC|12986312|1963-01-08|1|2|1|9622|3|2||3|07|||8|70.0|158|||2||||||||||||52UZPE01152001T45MT01EBS001H006952UZPE01152001T45MT01EBS001H0069F0069|52UZPE01152001T45MT01EBS001H006952UZPE01152001T45MT01EBS001H0069F0069CC12986312
3|408|PEDRO|MARTIN|ERAZO|DELCASTILLO|CC|12983983|1964-09-21|1|2|1|9510|2|1||3|07|||8|54.0|164|||2||||||||||||52UZPE01152001T45MT01EBS001H007052UZPE01152001T45MT01EBS001H0070F0070|52UZPE01152001T45MT01EBS001H007052UZPE01152001T45MT01EBS001H0070F0070CC12983983
3|409|JOSEFINA|MAGOLA|MONTILLA|MAIGUAL|CC|59814013|1959-03-19|2|2|2|9998|2|1||3|07|||1|92.0|146|||2||||||||||||52UZPE01152001T45MT01EBS001H007152UZPE01152001T45MT01EBS001H0071F0071|52UZPE01152001T45MT01EBS001H007152UZPE01152001T45MT01EBS001H0071F0071CC59814013
3|410|JOSE|BRAULINO|BOTINA|RAMOS|CC|12976325|1954-07-08|1|2|1|9510|2|1||3|07|||8|69.0|160|||2||||||||||||52UZPE01152001T45MT01EBS001H007152UZPE01152001T45MT01EBS001H0071F0071|52UZPE01152001T45MT01EBS001H007152UZPE01152001T45MT01EBS001H0071F0071CC12976325
3|411|TERESA|DOLORES|DELGADO|FLOREZ|CC|27074062|1947-04-03|2|2|5|9998|2|1||3|07|||8|48.0|155|||2||||||||||||52UZPE01152001T45MT01EBS001H007252UZPE01152001T45MT01EBS001H0072F0072|52UZPE01152001T45MT01EBS001H007252UZPE01152001T45MT01EBS001H0072F0072CC27074062
3|412|SANDRA|NA|MUNOZ|DELGADO|CC|59816450|1971-05-15|2|2|3|9998|3|1||7|07|||8|52.0|154|||2||||||||||||52UZPE01152001T45MT01EBS001H007252UZPE01152001T45MT01EBS001H0072F0072|52UZPE01152001T45MT01EBS001H007252UZPE01152001T45MT01EBS001H0072F0072CC59816450
3|413|HENRY|NA|BASTIDAS|NA|CC|12978639|1962-09-20|1|2|1|9510|9|1||3|07|||8|65.0|166|||2||||||||||||52UZPE01152001T45MT01EBS001H007352UZPE01152001T45MT01EBS001H0073F0073|52UZPE01152001T45MT01EBS001H007352UZPE01152001T45MT01EBS001H0073F0073CC12978639
3|414|NELSON|ALONSO|HERNANDEZ|GARCIA|CC|79562399|1971-01-04|1|2|1|9510|2|1||7|07|||8|62.0|158|||2||||||||||||52UZPE01152001T45MT01EBS001H007452UZPE01152001T45MT01EBS001H0074F0074|52UZPE01152001T45MT01EBS001H007452UZPE01152001T45MT01EBS001H0074F0074CC79562399
3|415|LIDIA|DELCARMEN|YEPEZ|MENESES|CC|30709472|1953-04-25|2|2|5|9998|3|2||3|07|||8|54.0|145|||2||||||||||||52UZPE01152001T45MT01EBS001H007552UZPE01152001T45MT01EBS001H0075F0075|52UZPE01152001T45MT01EBS001H007552UZPE01152001T45MT01EBS001H0075F0075CC30709472
3|416|MIGUEL|ERNESTO|GUERRERO|BARCENAS|CC|10538142|1959-11-17|1|2|1|9998|7|2||3|07|||8|55.0|159|||2||||||||||||52UZPE01152001T45MT01EBS001H007652UZPE01152001T45MT01EBS001H0076F0076|52UZPE01152001T45MT01EBS001H007652UZPE01152001T45MT01EBS001H0076F0076CC10538142
3|417|MARIA|ISABEL|VILLAREAL|CALVACHE|CC|30726272|1964-01-31|2|2|2|9998|3|2||3|07|||8|65.0|158|||2||||||||||||52UZPE01152001T45MT01EBS001H007652UZPE01152001T45MT01EBS001H0076F0076|52UZPE01152001T45MT01EBS001H007652UZPE01152001T45MT01EBS001H0076F0076CC30726272
3|418|JOSE|DANIEL|ZAMBRANO|ZAMBRANO|CC|1085342809|1998-10-07|1|2|6|9510|9|2||7|07|||8|64.0|165|||2||||||||||||52UZPE01152001T45MT01EBS001H007752UZPE01152001T45MT01EBS001H0077F0077|52UZPE01152001T45MT01EBS001H007752UZPE01152001T45MT01EBS001H0077F0077CC1085342809
3|419|CAMPO|ALIRIO|DELACRUZ|NA|CC|12968424|1959-04-06|1|2|1|9998|3|2||3|07|||8|73.0|160|||2||||||||||||52UZPE01152001T45MT01EBS001H007852UZPE01152001T45MT01EBS001H0078F0078|52UZPE01152001T45MT01EBS001H007852UZPE01152001T45MT01EBS001H0078F0078CC12968424
3|420|CARMEN|MARLENY|HERNANDEZ|IBARRA|CC|30727551|1963-07-22|2|2|2|9998|3|2||3|07|||8|73.0|152|||2||||||||||||52UZPE01152001T45MT01EBS001H007852UZPE01152001T45MT01EBS001H0078F0078|52UZPE01152001T45MT01EBS001H007852UZPE01152001T45MT01EBS001H0078F0078CC30727551
3|421|ALBA|MYRIAM|ANDRADE|NOAPLICA|CC|30734936|1959-07-08|2|2|2|9998|3|2||3|07|||8|62.0|145|||2||||||||||||52UZPE01152001T45MT01EBS001H008052UZPE01152001T45MT01EBS001H0080F0080|52UZPE01152001T45MT01EBS001H008052UZPE01152001T45MT01EBS001H0080F0080CC30734936
3|422|SANDRA|MILENA|ROSERO|ARCOS|CC|27087565|1978-04-05|2|2|6|9622|7|1||7|07|||8|70.9|155|||2||||||||||||52UZPE01152001T45MT01EBS001H008152UZPE01152001T45MT01EBS001H0081F0081|52UZPE01152001T45MT01EBS001H008152UZPE01152001T45MT01EBS001H0081F0081CC27087565
3|423|CECILIA|MAGDALENA|YANGUATIN|DECANTUCA|CC|27071809|1944-06-28|2|2|5|9999|2|1||3|07|||1|48.7|144|||2||||||||||||52UZPE01152001T45MT01EBS001H008152UZPE01152001T45MT01EBS001H0081F0081|52UZPE01152001T45MT01EBS001H008152UZPE01152001T45MT01EBS001H0081F0081CC27071809
3|424|JAQUELINE|NA|MENESES|CUATIN|CC|37084586|1984-03-13|2|2|2|5169|9|2||7|07|||8|64.0|167|||2||||||||||||52UZPE01152001T45MT01EBS001H008252UZPE01152001T45MT01EBS001H0082F0082|52UZPE01152001T45MT01EBS001H008252UZPE01152001T45MT01EBS001H0082F0082CC37084586
3|425|JHON|JAIRO|RUANO|ROSERO|CC|98397721|1977-08-18|1|2|2|5169|11|2||7|07|||8|70.0|173|||2||||||||||||52UZPE01152001T45MT01EBS001H008252UZPE01152001T45MT01EBS001H0082F0082|52UZPE01152001T45MT01EBS001H008252UZPE01152001T45MT01EBS001H0082F0082CC98397721
3|426|MARIA|DELCARMEN|PEREZ|NA|CC|27081449|1969-05-15|2|2|6|9998|2|2||7|07|||8|68.0|163|||2||||||||||||52UZPE01152001T45MT01EBS001H008352UZPE01152001T45MT01EBS001H0083F0083|52UZPE01152001T45MT01EBS001H008352UZPE01152001T45MT01EBS001H0083F0083CC27081449
3|427|MARIO|CAMILO|OBANDO|ROSERO|CC|1085291849|1990-07-19|1|2|3|9998|9|2||7|07|||8|50.0|160|||2||||||||||||52UZPE01152001T45MT01EBS001H008452UZPE01152001T45MT01EBS001H0084F0084|52UZPE01152001T45MT01EBS001H008452UZPE01152001T45MT01EBS001H0084F0084CC1085291849
3|428|MAURA|INES|ROSERO|SANCHEZ|CC|30702688|1949-09-22|2|2|5|9998|9|2||3|07|||8|40.0|149|||2||||||||||||52UZPE01152001T45MT01EBS001H008452UZPE01152001T45MT01EBS001H0084F0084|52UZPE01152001T45MT01EBS001H008452UZPE01152001T45MT01EBS001H0084F0084CC30702688
3|429|HECTOR|ALFONSO|ARCINIEGAS|NA|CC|1899484|1932-08-27|1|2|2|9998|2|1||3|07|||8|53.0|155|||2||||||||||||52UZPE01152001T45MT01EBS001H008552UZPE01152001T45MT01EBS001H0085F0085|52UZPE01152001T45MT01EBS001H008552UZPE01152001T45MT01EBS001H0085F0085CC1899484
3|430|GRACIELA|ORFELINA|BACA|OVIEDO|CC|27454596|1940-01-20|2|2|2|9998|2|1||3|07|||8|55.0|151|||2||||||||||||52UZPE01152001T45MT01EBS001H008552UZPE01152001T45MT01EBS001H0085F0085|52UZPE01152001T45MT01EBS001H008552UZPE01152001T45MT01EBS001H0085F0085CC27454596
3|431|JESUS|DAVID|MERA|RODRIGUEZ|TI|1081282324|2011-12-22|1|2|3|9998|3|2||1|07|||8|48.0|155|||2||||||||||||52UZPE01152001T45MT01EBS001H008652UZPE01152001T45MT01EBS001H0086F0086|52UZPE01152001T45MT01EBS001H008652UZPE01152001T45MT01EBS001H0086F0086TI1081282324
3|432|AULIO|FERNANDO|MERA|GONZALEZ|CC|12748214|1979-10-20|1|2|1|9622|3|2||7|07|||8|82.0|170|||2||||||||||||52UZPE01152001T45MT01EBS001H008652UZPE01152001T45MT01EBS001H0086F0086|52UZPE01152001T45MT01EBS001H008652UZPE01152001T45MT01EBS001H0086F0086CC12748214
3|433|ISABEL|NA|RODRIGUEZ|GUEVARA|CC|36952238|1981-02-20|2|2|5|5169|9|2||7|07|||8|62.0|159|||2||||||||||||52UZPE01152001T45MT01EBS001H008652UZPE01152001T45MT01EBS001H0086F0086|52UZPE01152001T45MT01EBS001H008652UZPE01152001T45MT01EBS001H0086F0086CC36952238
3|434|DARIO|FERNANDO|DIAZ|MARTINEZ|CC|13070569|1982-02-06|1|2|2|9510|9|1||7|07|||8|80.0|170|||2||||||||||||52UZPE01152001T45MT01EBS001H008752UZPE01152001T45MT01EBS001H0087F0087|52UZPE01152001T45MT01EBS001H008752UZPE01152001T45MT01EBS001H0087F0087CC13070569
3|435|TANIA|NATHALY|GUERRERO|UNIGARRO|CC|1193462758|1994-05-26|2|2|2|9510|8|1||7|07|||8|50.0|156|||2||||||||||||52UZPE01152001T45MT01EBS001H008752UZPE01152001T45MT01EBS001H0087F0087|52UZPE01152001T45MT01EBS001H008752UZPE01152001T45MT01EBS001H0087F0087CC1193462758
3|436|ANA|JULIA|GAMEZ|BOLANOS|CC|27073449|1944-10-16|2|2|4|9998|2|1||3|07|||1|45.0|150|||2||||||||||||52UZPE01152001T45MT01EBS001H008852UZPE01152001T45MT01EBS001H0088F0088|52UZPE01152001T45MT01EBS001H008852UZPE01152001T45MT01EBS001H0088F0088CC27073449
3|437|SANDRA|NA|GAMEZ|BOLANOS|CC|30743697|1966-10-04|2|2|4|9510|7|1||7|07|||8|79.0|162|||2||||||||||||52UZPE01152001T45MT01EBS001H008852UZPE01152001T45MT01EBS001H0088F0088|52UZPE01152001T45MT01EBS001H008852UZPE01152001T45MT01EBS001H0088F0088CC30743697
3|438|JOSE|BENJAMIN|SOLTARTE|OLIVA|CC|5313863|1945-04-01|1|2|4|9998|3|2||3|07|||8|70.0|167|||2||||||||||||52UZPE01152001T45MT01EBS001H008952UZPE01152001T45MT01EBS001H0089F0089|52UZPE01152001T45MT01EBS001H008952UZPE01152001T45MT01EBS001H0089F0089CC5313863
3|439|NATIVIDAD|EMPERATRIZ|SOLARTE|OLIVA|CC|27399344|1943-09-08|2|2|4|9998|2|1||3|07|||8|54.0|149|||2||||||||||||52UZPE01152001T45MT01EBS001H008952UZPE01152001T45MT01EBS001H0089F0089|52UZPE01152001T45MT01EBS001H008952UZPE01152001T45MT01EBS001H0089F0089CC27399344
3|440|AYDA|MARLEN|PANTOJA|JURADO|CC|30705816|1954-12-24|2|2|2|9998|9|2||3|07|||8|52.0|150|||2||||||||||||52UZPE01152001T45MT01EBS001H009052UZPE01152001T45MT01EBS001H0090F0090|52UZPE01152001T45MT01EBS001H009052UZPE01152001T45MT01EBS001H0090F0090CC30705816
3|441|EDILVERTO|ALFONSO|ERASO|NA|CC|5257582|1953-03-07|1|2|2|9998|9|2||3|07|||8|80.0|160|||2||||||||||||52UZPE01152001T45MT01EBS001H009052UZPE01152001T45MT01EBS001H0090F0090|52UZPE01152001T45MT01EBS001H009052UZPE01152001T45MT01EBS001H0090F0090CC5257582
3|442|GONZALO|GERARDO|LOPEZ|VILLOTA|CC|1886434|1932-09-04|1|2|1|9998|2|2||3|07|||2|65.0|165|||2||||||||||||52UZPE01152001T45MT01EBS001H009152UZPE01152001T45MT01EBS001H0091F0091|52UZPE01152001T45MT01EBS001H009152UZPE01152001T45MT01EBS001H0091F0091CC1886434
3|443|RESFA|MARINA|BASTIDAS|PADILLA|CC|27529294|1942-11-03|2|2|2|9998|1|2||3|07|||8|46.0|152|||2||||||||||||52UZPE01152001T45MT01EBS001H009152UZPE01152001T45MT01EBS001H0091F0091|52UZPE01152001T45MT01EBS001H009152UZPE01152001T45MT01EBS001H0091F0091CC27529294
3|444|DAVID|ALEJANDRO|GUERRERO|ERASO|TI|1080059666|2011-09-10|1|2|3|9998|3|1||1|07|||3|55.0|162|||2||||||||||||52UZPE01152001T45MT01EBS001H009252UZPE01152001T45MT01EBS001H0092F0092|52UZPE01152001T45MT01EBS001H009252UZPE01152001T45MT01EBS001H0092F0092TI1080059666
3|445|NIXON|PRIMITIVO|GUERRERO|TIMANA|CC|12747249|1978-06-29|1|2|2|9510|2|1||7|07|||8|75.0|165|||2||||||||||||52UZPE01152001T45MT01EBS001H009252UZPE01152001T45MT01EBS001H0092F0092|52UZPE01152001T45MT01EBS001H009252UZPE01152001T45MT01EBS001H0092F0092CC12747249
3|446|LILIANA|LUCIA|ERASO|PANTOJA|CC|36952937|1979-09-25|2|2|2|9998|2|1||7|07|||8|62.0|155|||2||||||||||||52UZPE01152001T45MT01EBS001H009252UZPE01152001T45MT01EBS001H0092F0092|52UZPE01152001T45MT01EBS001H009252UZPE01152001T45MT01EBS001H0092F0092CC36952937
3|447|DEIBI|EDUARDO|SALAZAR|ROSERO|CC|1085321721|1995-05-12|1|2|3|9998|9|1||7|07|||8|58.0|161|||2||||||||||||52UZPE01152001T45MT01EBS001H009352UZPE01152001T45MT01EBS001H0093F0093|52UZPE01152001T45MT01EBS001H009352UZPE01152001T45MT01EBS001H0093F0093CC1085321721
3|448|MARIA|CONCEPCION|ROSERO|NA|CC|27400266|1968-12-08|2|2|2|5169|3|2||7|07|||8|55.0|160|||2||||||||||||52UZPE01152001T45MT01EBS001H009352UZPE01152001T45MT01EBS001H0093F0093|52UZPE01152001T45MT01EBS001H009352UZPE01152001T45MT01EBS001H0093F0093CC27400266
3|449|LUIS|EDUARDO|SALAZAR|RUIZ|CC|16766550|1969-07-19|1|2|1|9622|3|2||7|07|||8|58.0|161|||2||||||||||||52UZPE01152001T45MT01EBS001H009352UZPE01152001T45MT01EBS001H0093F0093|52UZPE01152001T45MT01EBS001H009352UZPE01152001T45MT01EBS001H0093F0093CC16766550
3|450|ELEXIS|ROBERTO|CISNEROS|BUITRAGO|CC|79500186|1969-04-01|1|2|2|9510|3|2||7|07|||8|58.0|160|||2||||||||||||52UZPE01152001T45MT01EBS001H009452UZPE01152001T45MT01EBS001H0094F0094|52UZPE01152001T45MT01EBS001H009452UZPE01152001T45MT01EBS001H0094F0094CC79500186
3|451|GLORIA|LILIANA|ARCOS|FAJARDO|CC|37080036|1982-11-08|2|2|2|9998|3|1||7|07|||8|53.0|158|||2||||||||||||52UZPE01152001T45MT01EBS001H009452UZPE01152001T45MT01EBS001H0094F0094|52UZPE01152001T45MT01EBS001H009452UZPE01152001T45MT01EBS001H0094F0094CC37080036
3|452|JHON|ALEX|CISNEROS|ARCOS|TI|1087751365|2009-10-04|1|2|3|9998|3|1||1|07|||8|45.0|160|||2||||||||||||52UZPE01152001T45MT01EBS001H009452UZPE01152001T45MT01EBS001H0094F0094|52UZPE01152001T45MT01EBS001H009452UZPE01152001T45MT01EBS001H0094F0094TI1087751365
3|453|BEATRIZ|HELENA|BECERRA|BENAVIDES|CC|30716860|1957-02-09|2|2|2|9998|2|1||3|07|||1|66.0|160|||2||||||||||||52UZPE01152001T45MT01EBS001H009552UZPE01152001T45MT01EBS001H0095F0095|52UZPE01152001T45MT01EBS001H009552UZPE01152001T45MT01EBS001H0095F0095CC30716860
3|454|HUGO|FABIO|BENITES|FUEL|CC|12109378|1956-05-07|1|2|2|9510|2|1||3|07|||8|73.0|160|||2||||||||||||52UZPE01152001T45MT01EBS001H009552UZPE01152001T45MT01EBS001H0095F0095|52UZPE01152001T45MT01EBS001H009552UZPE01152001T45MT01EBS001H0095F0095CC12109378
3|455|ROSA|MARY|ESPINO|DEMUNOZ|CC|27197441|1960-03-02|2|2|5|9998|3|2||3|07|||8|50.0|155|||2||||||||||||52UZPE01152001T45MT01EBS001H009752UZPE01152001T45MT01EBS001H0097F0097|52UZPE01152001T45MT01EBS001H009752UZPE01152001T45MT01EBS001H0097F0097CC27197441
3|456|GALO|FABIAN|MUNOZ|NA|CC|98390288|1975-05-06|1|2|3|5169|10|2||7|07|||8|67.0|168|||2||||||||||||52UZPE01152001T45MT01EBS001H009752UZPE01152001T45MT01EBS001H0097F0097|52UZPE01152001T45MT01EBS001H009752UZPE01152001T45MT01EBS001H0097F0097CC98390288
3|457|LUCIA|DELCARMEN|MORENO|DEDELGADO|CC|27078913|1951-04-09|2|2|5|9998|3|2||3|07|||8|56.0|155|||2||||||||||||52UZPE01152001T45MT01EBS001H009852UZPE01152001T45MT01EBS001H0098F0098|52UZPE01152001T45MT01EBS001H009852UZPE01152001T45MT01EBS001H0098F0098CC27078913
3|458|MARIO|FERNANDO|DELGADO|MORENO|CC|12750967|1982-03-09|1|2|3|5169|10|2||7|07|||8|74.0|170|||2||||||||||||52UZPE01152001T45MT01EBS001H009852UZPE01152001T45MT01EBS001H0098F0098|52UZPE01152001T45MT01EBS001H009852UZPE01152001T45MT01EBS001H0098F0098CC12750967
3|459|CARMEN|LUCIA|DORADO|MEJIA|CC|30718084|1961-04-15|2|2|5|9998|7|2||3|07|||8|61.8|151|||2||||||||||||52UZPE01152001T45MT01EBS001H009952UZPE01152001T45MT01EBS001H0099F0099|52UZPE01152001T45MT01EBS001H009952UZPE01152001T45MT01EBS001H0099F0099CC30718084
3|460|JAIRO|VICENTE|QUINTERO|BASTIDAS|CC|5314472|1958-11-13|1|2|5|5169|9|2||3|07|||8|87.0|165|||2||||||||||||52UZPE01152001T45MT01EBS001H009952UZPE01152001T45MT01EBS001H0099F0099|52UZPE01152001T45MT01EBS001H009952UZPE01152001T45MT01EBS001H0099F0099CC5314472
3|461|EVER|JAIRO|QUINTERO|DORADO|CC|1085225747|1986-12-27|1|2|3|9622|9|2||7|07|||8|80.0|180|||2||||||||||||52UZPE01152001T45MT01EBS001H009952UZPE01152001T45MT01EBS001H0099F0099|52UZPE01152001T45MT01EBS001H009952UZPE01152001T45MT01EBS001H0099F0099CC1085225747
3|462|JULIO|NOTIENE|ARCINIEGAS|NOTIENE|CC|5341718|1960-04-03|1|2|1|9998|3|1||3|07|||8|73.0|165|||2||||||||||||52UZPE01152001T45MT01EBS001H010052UZPE01152001T45MT01EBS001H0100F0100|52UZPE01152001T45MT01EBS001H010052UZPE01152001T45MT01EBS001H0100F0100CC5341718
3|463|JOSE|ANTONIO|MARTINEZ|NA|CC|12975083|1947-06-24|1|2|2|9510|1|1||3|07|||2|47.7|158|||2||||||||||||52UZPE01152001T45MT01EBS001H010152UZPE01152001T45MT01EBS001H0101F0101|52UZPE01152001T45MT01EBS001H010152UZPE01152001T45MT01EBS001H0101F0101CC12975083
3|464|EDISON|NA|MUNOZ|GARCIA|CC|1131084308|1990-06-16|1|2|6|5169|8|2||7|07|||8|85.0|178|||2||||||||||||52UZPE01152001T45MT01EBS001H010252UZPE01152001T45MT01EBS001H0102F0102|52UZPE01152001T45MT01EBS001H010252UZPE01152001T45MT01EBS001H0102F0102CC1131084308
3|465|SILVIO|ALEJANDRO|MUNOZ|CARLOSAMA|CC|1086224140|1992-10-16|1|2|6|5169|9|2||7|07|||8|69.0|170|||2||||||||||||52UZPE01152001T45MT01EBS001H010352UZPE01152001T45MT01EBS001H0103F0103|52UZPE01152001T45MT01EBS001H010352UZPE01152001T45MT01EBS001H0103F0103CC1086224140
3|466|HEMMA|NA|MONTEZUMA|ALVEAR|RC|1085350155|2022-08-17|2|2|3|9998|3|2||8|07|||8|||||2||||||||||||52UZPE01152001T45MT01EBS001H010452UZPE01152001T45MT01EBS001H0104F0104|52UZPE01152001T45MT01EBS001H010452UZPE01152001T45MT01EBS001H0104F0104RC1085350155
3|467|AURORA|NA|ERASO|ALVEAR|RC|1030004110|2023-08-09|2|2|3|9998|3|1||8|07|||8|||||2||||||||||||52UZPE01152001T45MT01EBS001H010452UZPE01152001T45MT01EBS001H0104F0104|52UZPE01152001T45MT01EBS001H010452UZPE01152001T45MT01EBS001H0104F0104RC1030004110
3|468|ERIKA|STEFHANY|ALVEAR|CABRERA|CC|1087047993|1992-04-09|2|2|1|5169|9|2||7|07|||8|50.0|150|||2||||||||||||52UZPE01152001T45MT01EBS001H010452UZPE01152001T45MT01EBS001H0104F0104|52UZPE01152001T45MT01EBS001H010452UZPE01152001T45MT01EBS001H0104F0104CC1087047993
3|469|YEIMY|NATHALIA|ALVEAR|CABRERA|CC|1087049229|1998-11-20|2|2|5|5169|9|1||7|07|||8|60.0|168|||2||||||||||||52UZPE01152001T45MT01EBS001H010452UZPE01152001T45MT01EBS001H0104F0104|52UZPE01152001T45MT01EBS001H010452UZPE01152001T45MT01EBS001H0104F0104CC1087049229
3|470|OMAIRA|BELLAMARIN|ANDRADE|PORTILLA|CC|27303409|1979-02-06|2|2|2|9998|2|1||7|07|||8|68.0|157|||2||||||||||||52UZPE01152001T45MT01EBS001H010552UZPE01152001T45MT01EBS001H0105F0105|52UZPE01152001T45MT01EBS001H010552UZPE01152001T45MT01EBS001H0105F0105CC27303409
3|471|JOSE|LIBIO|MELO|BASANTE|CC|98146007|1973-07-10|1|2|2|9510|2|1||7|07|||8|70.0|168|||2||||||||||||52UZPE01152001T45MT01EBS001H010552UZPE01152001T45MT01EBS001H0105F0105|52UZPE01152001T45MT01EBS001H010552UZPE01152001T45MT01EBS001H0105F0105CC98146007
3|472|LEIDER|YESID|MELO|ANDRADE|CC|1087046746|2005-12-05|1|2|3|9998|9|1||7|07|||8|85.0|185|||2||||||||||||52UZPE01152001T45MT01EBS001H010552UZPE01152001T45MT01EBS001H0105F0105|52UZPE01152001T45MT01EBS001H010552UZPE01152001T45MT01EBS001H0105F0105CC1087046746
3|473|ROSA|HELENA|CANCIMANCI|DIAZ|CC|36756519|1959-10-04|2|2|5|9998|13|1||3|07|||8|63.0|153|||2||||||||||||52UZPE01152001T45MT01EBS001H010652UZPE01152001T45MT01EBS001H0106F0106|52UZPE01152001T45MT01EBS001H010652UZPE01152001T45MT01EBS001H0106F0106CC36756519
3|474|OWEIMAR|DUVAN|CRIOLLO|CANCIMANCI|CC|1086358423|1992-05-03|1|2|3|9510|3|1||7|07|||8|69.0|168|||2||||||||||||52UZPE01152001T45MT01EBS001H010752UZPE01152001T45MT01EBS001H0107F0107|52UZPE01152001T45MT01EBS001H010752UZPE01152001T45MT01EBS001H0107F0107CC1086358423
3|475|ELIZABETH|CAROLAIN|CORDOBA|CARRERA|TI|1080059875|2011-10-30|2|2|3|9998|3|1||1|07|||8|40.0|130|||2||||||||||||52UZPE01152001T45MT01EBS001H010852UZPE01152001T45MT01EBS001H0108F0108|52UZPE01152001T45MT01EBS001H010852UZPE01152001T45MT01EBS001H0108F0108TI1080059875
3|476|MARIA|RUBIELA|GUERRERO|ERAZO|CC|59824665|1972-09-10|2|2|5|9510|2|1||7|07|||8|64.0|164|||2||||||||||||52UZPE01152001T45MT01EBS001H010852UZPE01152001T45MT01EBS001H0108F0108|52UZPE01152001T45MT01EBS001H010852UZPE01152001T45MT01EBS001H0108F0108CC59824665
3|477|WILLIAM|SIGIFREDO|BOTINA|RAMOS|CC|12999704|1970-12-30|1|2|2|9510|3|1||7|07|||8|59.0|158|||2||||||||||||52UZPE01152001T45MT01EBS001H010952UZPE01152001T45MT01EBS001H0109F0109|52UZPE01152001T45MT01EBS001H010952UZPE01152001T45MT01EBS001H0109F0109CC12999704
3|478|YENY|MARIA|BERNAL|BOTINA|CC|1085314410|1994-03-08|2|2|2|5169|3|2||7|07|||8|68.0|165|||2||||||||||||52UZPE01152001T45MT01EBS001H010952UZPE01152001T45MT01EBS001H0109F0109|52UZPE01152001T45MT01EBS001H010952UZPE01152001T45MT01EBS001H0109F0109CC1085314410
3|479|LEIDY|BOTINA|BOTINA|VALLEJO|CC|1085336421|1997-08-31|2|2|3|5169|9|2||7|07|||8|54.0|153|||2||||||||||||52UZPE01152001T45MT01EBS001H011052UZPE01152001T45MT01EBS001H0110F0110|52UZPE01152001T45MT01EBS001H011052UZPE01152001T45MT01EBS001H0110F0110CC1085336421
3|480|ERMINSA|MARIELA|ANDRADE|PORTILLO|CC|36754196|1977-02-08|2|2|5|9998|2|2||7|07|||8|56.0|155|||2||||||||||||52UZPE01152001T45MT01EBS001H011152UZPE01152001T45MT01EBS001H0111F0111|52UZPE01152001T45MT01EBS001H011152UZPE01152001T45MT01EBS001H0111F0111CC36754196
3|481|VERONICA|NA|ORTEGA|NA|CC|59824182|1971-08-23|2|2|2|9998|2|1||7|07|||8|94.0|157|||2||||||||||||52UZPE01152001T45MT01EBS001H011252UZPE01152001T45MT01EBS001H0112F0112|52UZPE01152001T45MT01EBS001H011252UZPE01152001T45MT01EBS001H0112F0112CC59824182
3|482|GUILLERMO|JAVIER|ERASO|ENRIQUEZ|CC|12978115|1963-02-18|1|2|2|9510|2|1||3|07|||8|65.0|152|||2||||||||||||52UZPE01152001T45MT01EBS001H011252UZPE01152001T45MT01EBS001H0112F0112|52UZPE01152001T45MT01EBS001H011252UZPE01152001T45MT01EBS001H0112F0112CC12978115
3|483|DIANA|KARINA|ERASO|ORT|CC|1085273286|1989-05-20|2|2|5|5169|9|2||7|07|||8|53.0|140|||2||||||||||||52UZPE01152001T45MT01EBS001H011352UZPE01152001T45MT01EBS001H0113F0113|52UZPE01152001T45MT01EBS001H011352UZPE01152001T45MT01EBS001H0113F0113CC1085273286
3|484|ESTABAN|SANTIAGO|ZAMBRANO|ERAZO|CC|1080049716|2007-07-09|1|2|3|9998|4|1||7|07|||8|56.0|169|||2||||||||||||52UZPE01152001T45MT01EBS001H011352UZPE01152001T45MT01EBS001H0113F0113|52UZPE01152001T45MT01EBS001H011352UZPE01152001T45MT01EBS001H0113F0113CC1080049716
3|485|GLORIA|ERMELINDA|ERASO|VIVEROS|CC|27115526|1973-07-19|2|2|5|9510|2|1||7|07|||8|68.0|160|||2||||||||||||52UZPE01152001T45MT01EBS001H011552UZPE01152001T45MT01EBS001H0115F0115|52UZPE01152001T45MT01EBS001H011552UZPE01152001T45MT01EBS001H0115F0115CC27115526
3|486|OMAIRA|LUCIA|ESPINOZA|TRUJILLO|CC|30725212|1962-05-27|2|2|5|9998|2|1||3|07|||8|74.0|147|||2||||||||||||52UZPE01152001T45MT01EBS001H011652UZPE01152001T45MT01EBS001H0116F0116|52UZPE01152001T45MT01EBS001H011652UZPE01152001T45MT01EBS001H0116F0116CC30725212
3|487|ALIRIO|PATROCINIO|TUTISTAR|GUERRA|CC|12976796|1959-12-13|1|2|2|9510|2|1||3|07|||8|60.0|160|||2||||||||||||52UZPE01152001T45MT01EBS001H011752UZPE01152001T45MT01EBS001H0117F0117|52UZPE01152001T45MT01EBS001H011752UZPE01152001T45MT01EBS001H0117F0117CC12976796
3|488|ESPERANZA|YARITH|TUTISTAR|NA|CC|30728388|1961-05-11|2|2|2|9998|3|1||3|07|||8|78.0|155|||2||||||||||||52UZPE01152001T45MT01EBS001H011752UZPE01152001T45MT01EBS001H0117F0117|52UZPE01152001T45MT01EBS001H011752UZPE01152001T45MT01EBS001H0117F0117CC30728388
3|489|RICHARD|ALEXANDER|TUTISTAR|TUTISTAR|CC|1085259649|1986-11-14|1|2|3|5169|3|2||7|07|||8|85.0|178|||2||||||||||||52UZPE01152001T45MT01EBS001H011852UZPE01152001T45MT01EBS001H0118F0118|52UZPE01152001T45MT01EBS001H011852UZPE01152001T45MT01EBS001H0118F0118CC1085259649
3|490|STIVEN|MESIAS|CHALIAL|SABOGAL|TI|1080054520|2009-04-23|1|2|3|9998|3|1||1|07|||8|55.0|165|||2||||||||||||52UZPE01152001T45MT01EBS001H011952UZPE01152001T45MT01EBS001H0119F0119|52UZPE01152001T45MT01EBS001H011952UZPE01152001T45MT01EBS001H0119F0119TI1080054520
3|491|YENI|ROCIO|SABOGAL|QUIJANO|CC|36753990|1978-06-05|2|2|2|9510|2|1||7|07|||8|65.0|156|||2||||||||||||52UZPE01152001T45MT01EBS001H011952UZPE01152001T45MT01EBS001H0119F0119|52UZPE01152001T45MT01EBS001H011952UZPE01152001T45MT01EBS001H0119F0119CC36753990
3|492|EDGAR|HENRY|CHALIAL|PAZ|CC|98379428|1971-04-08|1|2|2|9510|3|1||7|07|||8|65.0|170|||2||||||||||||52UZPE01152001T45MT01EBS001H011952UZPE01152001T45MT01EBS001H0119F0119|52UZPE01152001T45MT01EBS001H011952UZPE01152001T45MT01EBS001H0119F0119CC98379428
3|493|INGRID|TATIANA|SANCHEZ|NA|CC|1085323833|1995-09-30|2|1|2|9998|3|1||7|07|||8|70.0|152|||2||||||||||||52UZPE01152001T45MT01EBS001H012052UZPE01152001T45MT01EBS001H0120F0120|52UZPE01152001T45MT01EBS001H012052UZPE01152001T45MT01EBS001H0120F0120CC1085323833
3|494|JAVIER|EDMUNDO|ROSERO|PASTUZAN|CC|12959374|1953-06-12|1|2|1|9622|3|2||3|07|||8|72.0|165|||2||||||||||||52UZPE01152001T45MT01EBS001H012152UZPE01152001T45MT01EBS001H0121F0121|52UZPE01152001T45MT01EBS001H012152UZPE01152001T45MT01EBS001H0121F0121CC12959374
3|495|DAIDY|ELIZABETH|YELA|CASANOVA|CC|59826533|1973-12-28|2|2|1|9998|3|1||7|07|||8|77.0|163|||2||||||||||||52UZPE01152001T45MT01EBS001H012252UZPE01152001T45MT01EBS001H0122F0122|52UZPE01152001T45MT01EBS001H012252UZPE01152001T45MT01EBS001H0122F0122CC59826533
3|496|LEANDRO|ARTURO|TOVAR|MIRANDA|CC|98390672|1976-06-09|1|2|2|5169|4|1||7|07|||8|73.0|165|||2||||||||||||52UZPE01152001T45MT01EBS001H012252UZPE01152001T45MT01EBS001H0122F0122|52UZPE01152001T45MT01EBS001H012252UZPE01152001T45MT01EBS001H0122F0122CC98390672
3|497|COLOMBIA|DELSOCORRO|BENAVIDES|BONILLA|CC|30734869|1957-11-11|2|2|2|9998|2|2||3|07|||8|69.0|140|||2||||||||||||52UZPE01152001T45MT01EBS001H012352UZPE01152001T45MT01EBS001H0123F0123|52UZPE01152001T45MT01EBS001H012352UZPE01152001T45MT01EBS001H0123F0123CC30734869
3|498|SEGUNDO|BENJAMIN|DELGADO|NA|CC|3032304|1955-03-20|1|2|2|5169|2|2||3|07|||8|57.0|155|||2||||||||||||52UZPE01152001T45MT01EBS001H012352UZPE01152001T45MT01EBS001H0123F0123|52UZPE01152001T45MT01EBS001H012352UZPE01152001T45MT01EBS001H0123F0123CC3032304
3|499|OMAIRA|DELCARMEN|DULCE|NOTIENE|CC|30713639|1969-07-15|2|2|1|9998|4|1||7|07|||8|69.0|160|||2||||||||||||52UZPE01152001T45MT01EBS001H012452UZPE01152001T45MT01EBS001H0124F0124|52UZPE01152001T45MT01EBS001H012452UZPE01152001T45MT01EBS001H0124F0124CC30713639
3|500|MIGUEL|NOTIENE|CARVAJAL|NOTIENE|CC|12957989|1951-01-20|1|2|2|5169|4|1||3|07|||8|70.0|173|||2||||||||||||52UZPE01152001T45MT01EBS001H012452UZPE01152001T45MT01EBS001H0124F0124|52UZPE01152001T45MT01EBS001H012452UZPE01152001T45MT01EBS001H0124F0124CC12957989
3|501|OLIVA|OMAIRA|GUERRERO|ENRIQUEZ|CC|30726296|1963-12-10|2|2|2|9998|3|1||3|07|||8|53.0|148|||2||||||||||||52UZPE01152001T45MT01EBS001H012552UZPE01152001T45MT01EBS001H0125F0125|52UZPE01152001T45MT01EBS001H012552UZPE01152001T45MT01EBS001H0125F0125CC30726296
3|502|MILTON|JAVIER|PARRA|PAZ|CC|12983989|1965-12-23|1|2|2|9510|2|2||7|07|||8|99.0|170|||2||||||||||||52UZPE01152001T45MT01EBS001H012552UZPE01152001T45MT01EBS001H0125F0125|52UZPE01152001T45MT01EBS001H012552UZPE01152001T45MT01EBS001H0125F0125CC12983989
3|503|IVON|JOHANA|LARBOS|GONZALES|CC|31600967|1982-10-26|2|2|1|5169|7|1||7|07|||8|78.0|153|||2||||||||||||52UZPE01152001T45MT01EBS001H012652UZPE01152001T45MT01EBS001H0126F0126|52UZPE01152001T45MT01EBS001H012652UZPE01152001T45MT01EBS001H0126F0126CC31600967
3|504|CLEMENCIA|NOTIENE|BELTRAN|NOTIENE|CC|59832368|1960-11-23|2|2|2|9998|3|1||3|07|||8|53.0|144|||2||||||||||||52UZPE01152001T45MT01EBS001H012752UZPE01152001T45MT01EBS001H0127F0127|52UZPE01152001T45MT01EBS001H012752UZPE01152001T45MT01EBS001H0127F0127CC59832368
3|505|GERARDO|NOTIENE|IGUA|NOTIENE|CC|14981424|1952-04-14|1|2|2|9510|4|1||3|07|||8|64.0|161|||2||||||||||||52UZPE01152001T45MT01EBS001H012752UZPE01152001T45MT01EBS001H0127F0127|52UZPE01152001T45MT01EBS001H012752UZPE01152001T45MT01EBS001H0127F0127CC14981424
3|506|ADRIAN|FELIPE|GELPUD|CARDENAS|RC|1081287187|2018-08-19|1|2|3|9998|3|2||8|07|||8|28.0|107|||2||||||||||||52UZPE01152001T45MT01EBS001H012852UZPE01152001T45MT01EBS001H0128F0128|52UZPE01152001T45MT01EBS001H012852UZPE01152001T45MT01EBS001H0128F0128RC1081287187
3|507|TANIA|MARISOL|CARDENAS|ECHEVERRI|CC|1085300790|1992-10-24|2|2|2|9998|8|1||7|07|||8|63.0|150|||2||||||||||||52UZPE01152001T45MT01EBS001H012852UZPE01152001T45MT01EBS001H0128F0128|52UZPE01152001T45MT01EBS001H012852UZPE01152001T45MT01EBS001H0128F0128CC1085300790
3|508|JHON|JAIRO|VELAZCO|PORTILLO|CC|1085280075|1990-03-26|1|2|2|9510|3|5||7|07|||8|93.0|164|||2||||||||||||52UZPE01152001T45MT01EBS001H012852UZPE01152001T45MT01EBS001H0128F0128|52UZPE01152001T45MT01EBS001H012852UZPE01152001T45MT01EBS001H0128F0128CC1085280075
3|509|LUNA|MARIA|BENAVIDES|NOTIENE|TI|1081282232|2011-10-22|2|2|3|9998|3|2||1|07|||8|49.0|148|||2||||||||||||52UZPE01152001T45MT01EBS001H012952UZPE01152001T45MT01EBS001H0129F0129|52UZPE01152001T45MT01EBS001H012952UZPE01152001T45MT01EBS001H0129F0129TI1081282232
3|510|JANIO|MAURICIO|BENAVIDES|CHAVEZ|CC|5228339|1984-05-05|1|2|1|9622|4|1||7|07|||8|62.0|166|||2||||||||||||52UZPE01152001T45MT01EBS001H012952UZPE01152001T45MT01EBS001H0129F0129|52UZPE01152001T45MT01EBS001H012952UZPE01152001T45MT01EBS001H0129F0129CC5228339
3|511|CATHERINE|SHIRLEY|IGUA|BELTRAN|CC|59314335|1984-08-10|2|2|5|5169|7|2||7|07|||8|63.0|151|||2||||||||||||52UZPE01152001T45MT01EBS001H012952UZPE01152001T45MT01EBS001H0129F0129|52UZPE01152001T45MT01EBS001H012952UZPE01152001T45MT01EBS001H0129F0129CC59314335
3|512|MARGOTH|NOTIENE|MUNOZ|NOTIENE|CC|30726611|1959-04-10|2|2|1|9998|3|1||3|07|||8|61.0|162|||2||||||||||||52UZPE01152001T45MT01EBS001H013052UZPE01152001T45MT01EBS001H0130F0130|52UZPE01152001T45MT01EBS001H013052UZPE01152001T45MT01EBS001H0130F0130CC30726611
3|513|CAMPO|ELIAS|FIGUEROA|PAZ|CC|5192561|1940-02-22|1|2|1|9510|3|1||3|07|||8|62.0|145|||2||||||||||||52UZPE01152001T45MT01EBS001H013152UZPE01152001T45MT01EBS001H0131F0131|52UZPE01152001T45MT01EBS001H013152UZPE01152001T45MT01EBS001H0131F0131CC5192561
3|514|EDGAR|GEOVANNI|FIGUEROA|LOPEZ|CC|98394955|1976-06-10|1|2|3|9510|3|1||7|07|||8|56.0|155|||2||||||||||||52UZPE01152001T45MT01EBS001H013152UZPE01152001T45MT01EBS001H0131F0131|52UZPE01152001T45MT01EBS001H013152UZPE01152001T45MT01EBS001H0131F0131CC98394955
3|515|LUIS|EDUARDO|RIOBAMBA|NOTIENE|CC|12951682|1948-06-22|1|2|2|9510|3|2||3|07|||8|77.0|162|||2||||||||||||52UZPE01152001T45MT01EBS001H013252UZPE01152001T45MT01EBS001H0132F0132|52UZPE01152001T45MT01EBS001H013252UZPE01152001T45MT01EBS001H0132F0132CC12951682
3|516|MARIA|GLADYS|ZUNIGA|NOTIENE|CC|30721861|1962-03-03|2|2|1|9998|3|2||3|07|||8|83.0|162|||2||||||||||||52UZPE01152001T45MT01EBS001H013252UZPE01152001T45MT01EBS001H0132F0132|52UZPE01152001T45MT01EBS001H013252UZPE01152001T45MT01EBS001H0132F0132CC30721861
3|517|GAEL|ALEJANDRO|CHAMORRO|CARDENAS|RC|1080070547|2020-03-07|1|2|3|9998|3|1||8|07|||8|||||2||||||||||||52UZPE01152001T45MT01EBS001H013352UZPE01152001T45MT01EBS001H0133F0133|52UZPE01152001T45MT01EBS001H013352UZPE01152001T45MT01EBS001H0133F0133RC1080070547
3|518|KAREN|LUCIA|CARDENAS|ROSERO|CC|1233190225|1997-10-02|2|2|2|9510|3|1||7|07|||8|66.0|150|||2||||||||||||52UZPE01152001T45MT01EBS001H013352UZPE01152001T45MT01EBS001H0133F0133|52UZPE01152001T45MT01EBS001H013352UZPE01152001T45MT01EBS001H0133F0133CC1233190225
3|519|FREDY|RENE|CHAMORRO|ZAMBRANO|CC|1010035280|1993-08-13|1|2|2|9510|8|1||7|07|||8|65.0|165|||2||||||||||||52UZPE01152001T45MT01EBS001H013352UZPE01152001T45MT01EBS001H0133F0133|52UZPE01152001T45MT01EBS001H013352UZPE01152001T45MT01EBS001H0133F0133CC1010035280
3|520|DIANA|MARCELA|CARDENAS|ECHE|CC|1085318012|1995-01-20|2|2|2|9510|3|1||7|07|||8|97.0|158|||2||||||||||||52UZPE01152001T45MT01EBS001H013452UZPE01152001T45MT01EBS001H0134F0134|52UZPE01152001T45MT01EBS001H013452UZPE01152001T45MT01EBS001H0134F0134CC1085318012
3|521|ALBERTH|ARTEMIO|CERON|BOLANOS|CC|1085265482|1987-04-27|1|2|2|9510|2|1||7|07|||8|60.0|170|||2||||||||||||52UZPE01152001T45MT01EBS001H013452UZPE01152001T45MT01EBS001H0134F0134|52UZPE01152001T45MT01EBS001H013452UZPE01152001T45MT01EBS001H0134F0134CC1085265482
3|522|DANNA|ISABELLA|OBANDO|CAR|TI|1081284733|2015-01-13|2|2|3|9998|3|1||8|07|||8|41.0|145|||2||||||||||||52UZPE01152001T45MT01EBS001H013452UZPE01152001T45MT01EBS001H0134F0134|52UZPE01152001T45MT01EBS001H013452UZPE01152001T45MT01EBS001H0134F0134TI1081284733
3|523|LICETH|ESTEFANIA|MALES|CARLOSAMA|TI|1085289955|2009-06-30|2|2|6|9998|3|2||1|07|||8|54.0|162|||2||||||||||||52UZPE01152001T45MT01EBS001H013552UZPE01152001T45MT01EBS001H0135F0135|52UZPE01152001T45MT01EBS001H013552UZPE01152001T45MT01EBS001H0135F0135TI1085289955
3|524|NICOLAY|ESLAN|CARLOSAMA|SANCHEZ|CC|1084220612|1997-03-11|1|2|6|9510|9|1||7|07|||8|72.0|170|||2||||||||||||52UZPE01152001T45MT01EBS001H013552UZPE01152001T45MT01EBS001H0135F0135|52UZPE01152001T45MT01EBS001H013552UZPE01152001T45MT01EBS001H0135F0135CC1084220612
3|525|GEOVANNY|ALBERTO|JARAMILLO|NOTIENE|CC|87063482|1983-04-05|1|2|1|9998|7|5||7|07|||8|76.0|172|||2||||||||||||52UZPE01152001T45MT01EBS001H013652UZPE01152001T45MT01EBS001H0136F0136|52UZPE01152001T45MT01EBS001H013652UZPE01152001T45MT01EBS001H0136F0136CC87063482
3|526|MERCEDES|NOTIENE|RAMOS|NOTIENE|CC|30702574|1950-07-02|2|2|1|9998|3|1||3|07|||8|82.0|156|||2||||||||||||52UZPE01152001T45MT01EBS001H013752UZPE01152001T45MT01EBS001H0137F0137|52UZPE01152001T45MT01EBS001H013752UZPE01152001T45MT01EBS001H0137F0137CC30702574
3|527|JHON|JAIRO|SALAZAR|ORTEGA|CC|98391323|1975-07-30|1|2|1|9510|3|1||7|07|||8|77.0|165|||2||||||||||||52UZPE01152001T45MT01EBS001H013852UZPE01152001T45MT01EBS001H0138F0138|52UZPE01152001T45MT01EBS001H013852UZPE01152001T45MT01EBS001H0138F0138CC98391323
3|528|MARIA|MILENA|PANTOJA|CASANOVA|CC|37087292|1979-03-31|2|2|3|9998|13|2||4|07|||1|45.0|110|||2||||||||||||52UZPE01152001T45MT04EBS001H013952UZPE01152001T45MT04EBS001H0139F0139|52UZPE01152001T45MT04EBS001H013952UZPE01152001T45MT04EBS001H0139F0139CC37087292
3|529|FANNY|MAGDALENA|CASANOVA|CORTEZ|CC|27500279|1952-08-26|2|2|5|9998|9|2||3|07|||8|50.0|158|||2||||||||||||52UZPE01152001T45MT04EBS001H013952UZPE01152001T45MT04EBS001H0139F0139|52UZPE01152001T45MT04EBS001H013952UZPE01152001T45MT04EBS001H0139F0139CC27500279
3|530|EYVAR|HERNAN|GOMEZ|NAVIA|CC|10335244|1974-10-18|1|2|1|5169|9|2||7|07|||8|82.0|165|||2||||||||||||52UZPE01152001T45MT04EBS001H014052UZPE01152001T45MT04EBS001H0140F0140|52UZPE01152001T45MT04EBS001H014052UZPE01152001T45MT04EBS001H0140F0140CC10335244
3|531|DORIS|MARIA|BENAVIDES|DELGADO|CC|27076634|1948-06-24|2|2|1|9998|9|5||3|07|||8|73.0|153|||2||||||||||||52UZPE01152001T45MT04EBS001H014152UZPE01152001T45MT04EBS001H0141F0141|52UZPE01152001T45MT04EBS001H014152UZPE01152001T45MT04EBS001H0141F0141CC27076634
3|532|MARTIN|DANIEL|GUEVARA|BASTIDAS|RC|1085349731|2020-12-28|1|2|3|9998|3|2||8|07|||8|||||2||||||||||||52UZPE01152001T45MT04EBS001H014252UZPE01152001T45MT04EBS001H0142F0142|52UZPE01152001T45MT04EBS001H014252UZPE01152001T45MT04EBS001H0142F0142RC1085349731
3|533|DAVID|HERNAN|GUEVARA|MUNOZ|CC|98376283|1971-08-25|1|2|5|9622|8|2||7|07|||8|76.0|160|||2||||||||||||52UZPE01152001T45MT04EBS001H014252UZPE01152001T45MT04EBS001H0142F0142|52UZPE01152001T45MT04EBS001H014252UZPE01152001T45MT04EBS001H0142F0142CC98376283
3|534|MARIA|FERNANDA|BASTIDAS|PANTOJA|CC|1085311845|1994-04-15|2|2|5|9998|9|2||7|07|||8|70.0|165|||2||||||||||||52UZPE01152001T45MT04EBS001H014252UZPE01152001T45MT04EBS001H0142F0142|52UZPE01152001T45MT04EBS001H014252UZPE01152001T45MT04EBS001H0142F0142CC1085311845
3|535|CRISTOFER|DAVID|GUEVARA|BASTIDAS|TI|1085335956|2015-07-19|1|2|3|9998|3|2||8|07|||8|42.0|135|||2||||||||||||52UZPE01152001T45MT04EBS001H014252UZPE01152001T45MT04EBS001H0142F0142|52UZPE01152001T45MT04EBS001H014252UZPE01152001T45MT04EBS001H0142F0142TI1085335956
3|536|JOSTIN|MATIAS|TUMAL|BASTIDAS|TI|1085310091|2012-01-17|1|2|3|9998|3|2||1|07|||8|45.0|146|||2||||||||||||52UZPE01152001T45MT04EBS001H014252UZPE01152001T45MT04EBS001H0142F0142|52UZPE01152001T45MT04EBS001H014252UZPE01152001T45MT04EBS001H0142F0142TI1085310091
3|537|OMAR|HERNANDO|OBANDO|RAMOS|CC|12996874|1968-09-21|1|2|6|9510|2|1||7|07|||8|10.8|170|||2||||||||||||52UZPE01152001T45MT01EBS001H014352UZPE01152001T45MT01EBS001H0143F0143|52UZPE01152001T45MT01EBS001H014352UZPE01152001T45MT01EBS001H0143F0143CC12996874
3|538|NURY|DILVANIA|TORREZ|DIAZ|CC|1085272932|1989-02-08|2|2|6|5169|9|5||7|07|||8|67.0|157|||2||||||||||||52UZPE01152001T45MT01EBS001H014452UZPE01152001T45MT01EBS001H0144F0144|52UZPE01152001T45MT01EBS001H014452UZPE01152001T45MT01EBS001H0144F0144CC1085272932
3|539|VERONICA|RUBIELA|DIAZ|CHINDOY|CC|37087803|1985-08-10|2|2|3|5169|9|2||7|07|||8|75.0|165|||2||||||||||||52UZPE01152001T45MT01EBS001H014552UZPE01152001T45MT01EBS001H0145F0145|52UZPE01152001T45MT01EBS001H014552UZPE01152001T45MT01EBS001H0145F0145CC37087803
3|540|MARIA|DOLORES|CHINDOY|DEDIAS|CC|3104059862|1947-07-23|2|2|2|9998|2|2||3|07|||8|78.0|160|||2||||||||||||52UZPE01152001T45MT01EBS001H014552UZPE01152001T45MT01EBS001H0145F0145|52UZPE01152001T45MT01EBS001H014552UZPE01152001T45MT01EBS001H0145F0145CC3104059862
3|541|MARTHA|ALICIA|DIAZ|CHINDOY|CC|59815647|1971-04-09|2|2|3|5169|3|2||7|07|||8|68.0|161|||2||||||||||||52UZPE01152001T45MT01EBS001H014652UZPE01152001T45MT01EBS001H0146F0146|52UZPE01152001T45MT01EBS001H014652UZPE01152001T45MT01EBS001H0146F0146CC59815647
3|542|FLOR|MARIA|PAZ|DECHALIAL|CC|27230930|1949-01-16|2|2|6|9998|13|1||3|07|||8|57.0|148|||2||||||||||||52UZPE01152001T45MT01EBS001H014952UZPE01152001T45MT01EBS001H0149F0149|52UZPE01152001T45MT01EBS001H014952UZPE01152001T45MT01EBS001H0149F0149CC27230930
3|543|JORGE|ELIECER|BASTIDAS|PANTOJA|CC|13058632|1947-04-19|1|2|6|9510|13|1||3|07|||8|67.0|165|||2||||||||||||52UZPE01152001T45MT01EBS001H015052UZPE01152001T45MT01EBS001H0150F0150|52UZPE01152001T45MT01EBS001H015052UZPE01152001T45MT01EBS001H0150F0150CC13058632
3|544|LUIS|ANTONIO|MALES|NOGUERA|CC|98388726|1972-01-25|1|2|2|9510|3|1||7|07|||8|86.0|165|||2||||||||||||52UZPE01152001T45MT01EBS001H015152UZPE01152001T45MT01EBS001H0151F0151|52UZPE01152001T45MT01EBS001H015152UZPE01152001T45MT01EBS001H0151F0151CC98388726
3|545|LIBIA|MARTINEZ|SANCHEZ|RODRIGUEZ|CC|59822307|1973-02-02|2|2|2|9510|3|1||7|07|||8|69.0|158|||2||||||||||||52UZPE01152001T45MT01EBS001H015152UZPE01152001T45MT01EBS001H0151F0151|52UZPE01152001T45MT01EBS001H015152UZPE01152001T45MT01EBS001H0151F0151CC59822307
3|546|ROBERTH|STIVEN|MALES|SANCHEZ|CC|1085318097|1995-01-16|1|2|3|5169|9|2||7|07|||8|85.0|176|||2||||||||||||52UZPE01152001T45MT01EBS001H015252UZPE01152001T45MT01EBS001H0152F0152|52UZPE01152001T45MT01EBS001H015252UZPE01152001T45MT01EBS001H0152F0152CC1085318097
3|547|SANDRA|PATRICIA|CHASOY|JAJOY|CC|53057725|1982-05-01|2|2|5|9510|3|1||7|01|||8|75.0|157|||2||||||||||||52UZPE01152001T45MT01EBS001H015352UZPE01152001T45MT01EBS001H0153F0153|52UZPE01152001T45MT01EBS001H015352UZPE01152001T45MT01EBS001H0153F0153CC53057725
3|548|NICOLAS|NA|JACANAMIJOY|TISOY|TI|1061788869|2014-03-17|1|2|3|9998|3|1||8|01|||8|35.0|149|||2||||||||||||52UZPE01152001T45MT01EBS001H015352UZPE01152001T45MT01EBS001H0153F0153|52UZPE01152001T45MT01EBS001H015352UZPE01152001T45MT01EBS001H0153F0153TI1061788869
3|549|DOLORES|LUCIA|CAICEDO|GAMES|CC|30707283|1955-02-28|2|2|5|9998|2|2||3|07|||8|63.0|155|||2||||||||||||52UZPE01152001T45MT01EBS001H015652UZPE01152001T45MT01EBS001H0156F0156|52UZPE01152001T45MT01EBS001H015652UZPE01152001T45MT01EBS001H0156F0156CC30707283
3|550|WILMAN|NA|PEREZ|GAMES|CC|98399093|1976-05-18|1|2|3|9510|8|1||7|07|||8|79.0|166|||2||||||||||||52UZPE01152001T45MT01EBS001H015452UZPE01152001T45MT01EBS001H0154F0154|52UZPE01152001T45MT01EBS001H015452UZPE01152001T45MT01EBS001H0154F0154CC98399093
3|551|ROBERTO|CARLOS|PEREZ|GAMES|CC|98389538|1974-05-27|1|2|3|9510|3|1||7|07|||8|84.0|164|||2||||||||||||52UZPE01152001T45MT01EBS001H015552UZPE01152001T45MT01EBS001H0155F0155|52UZPE01152001T45MT01EBS001H015552UZPE01152001T45MT01EBS001H0155F0155CC98389538
3|552|MARIA|ALBA|MALES|NOGUERA|CC|30739246|1965-02-14|2|2|6|9998|2|2||3|07|||8|54.0|157|||2||||||||||||52UZPE01152001T45MT01EBS001H015752UZPE01152001T45MT01EBS001H0157F0157|52UZPE01152001T45MT01EBS001H015752UZPE01152001T45MT01EBS001H0157F0157CC30739246
3|553|TERESA|MARIA|BURGOS|NA|CC|30731949|1955-11-11|2|2|2|9998|7|2||3|07|||1|49.0|157|||2||||||||||||52UZPE01152001T46MT04EBS001H015952UZPE01152001T46MT04EBS001H0159F0159|52UZPE01152001T46MT04EBS001H015952UZPE01152001T46MT04EBS001H0159F0159CC30731949
3|554|FRED|NA|SALAS|LOLA|CC|12960721|1945-03-17|1|2|1|9998|7|1||3|07|||8|59.0|164|||2||||||||||||52UZPE01152001T46MT04EBS001H015952UZPE01152001T46MT04EBS001H0159F0159|52UZPE01152001T46MT04EBS001H015952UZPE01152001T46MT04EBS001H0159F0159CC12960721
3|555|MARTA|LUCELY|CHATATAR|GUALMATAN|CC|36754013|1987-02-07|2|2|1|9998|2|2||7|07|||8|65.0|145|||2||||||||||||52UZPE01152001T46MT04EBS001H015852UZPE01152001T46MT04EBS001H0158F0158|52UZPE01152001T46MT04EBS001H015852UZPE01152001T46MT04EBS001H0158F0158CC36754013
3|556|KEVIN|ANDRES|CHATATAR|NA|TI|1080696079|2010-08-30|1|2|3|9998|3|2||1|07|||8|50.0|154|||2||||||||||||52UZPE01152001T46MT04EBS001H015852UZPE01152001T46MT04EBS001H0158F0158|52UZPE01152001T46MT04EBS001H015852UZPE01152001T46MT04EBS001H0158F0158TI1080696079
3|557|MARCO|FIDEL|RIVAS|GUSMAN|CC|15811062|1964-11-19|1|2|1|9998|7|5||3|07|||8|70.0|170|||2||||||||||||52UZPE01152001T46MT04EBS001H016252UZPE01152001T46MT04EBS001H0162F0162|52UZPE01152001T46MT04EBS001H016252UZPE01152001T46MT04EBS001H0162F0162CC15811062
3|558|ANGELICA|NA|ENRIQUEZ|MUNOZ|CC|30742726|1988-07-10|2|2|2|9998|7|5||7|07|||8|65.0|160|||2||||||||||||52UZPE01152001T46MT04EBS001H016252UZPE01152001T46MT04EBS001H0162F0162|52UZPE01152001T46MT04EBS001H016252UZPE01152001T46MT04EBS001H0162F0162CC30742726
3|559|SANDRA|EDITH|LASO|ALVAREZ|CC|59651013|1980-09-30|2|2|2|9998|3|2||7|07|||8|57.0|152|||2||||||||||||52UZPE01152001T45MT02EBS001H016352UZPE01152001T45MT02EBS001H0163F0163|52UZPE01152001T45MT02EBS001H016352UZPE01152001T45MT02EBS001H0163F0163CC59651013
3|560|ALVARO|RAMIRO|RIASCOS|OLIVA|CC|13061945|1962-01-06|1|2|2|5169|9|2||3|07|||8|59.0|162|||2||||||||||||52UZPE01152001T45MT02EBS001H016352UZPE01152001T45MT02EBS001H0163F0163|52UZPE01152001T45MT02EBS001H016352UZPE01152001T45MT02EBS001H0163F0163CC13061945
3|561|SARA|ESTEFANIA|RIASCOS|LASO|CC|1087410044|2005-09-27|2|2|3|5169|3|2||7|07|||8|46.0|153|||2||||||||||||52UZPE01152001T45MT02EBS001H016452UZPE01152001T45MT02EBS001H0164F0164|52UZPE01152001T45MT02EBS001H016452UZPE01152001T45MT02EBS001H0164F0164CC1087410044
3|562|YAKELINE|ELIZABETH|DUENA|PRADO|CC|59828946|1975-06-21|2|2|6|5169|7|2||7|07|||8|75.0|165|||2||||||||||||52UZPE01152001T46MT04EBS001H016552UZPE01152001T46MT04EBS001H0165F0165|52UZPE01152001T46MT04EBS001H016552UZPE01152001T46MT04EBS001H0165F0165CC59828946
3|563|BLANCA|DELSOCORRO|PRADO|CORAL|CC|27246294|1946-09-27|2|2|6|9998|7|2||3|07|||8|65.0|160|||2||||||||||||52UZPE01152001T46MT04EBS001H016652UZPE01152001T46MT04EBS001H0166F0166|52UZPE01152001T46MT04EBS001H016652UZPE01152001T46MT04EBS001H0166F0166CC27246294
3|564|ALBA|HELENA|ROJAS|NA|CC|38233749|1958-04-06|2|2|1|9998|7|2||3|07|||8|60.0|150|||2||||||||||||52UZPE01152001T46MT04EBS001H016752UZPE01152001T46MT04EBS001H0167F0167|52UZPE01152001T46MT04EBS001H016752UZPE01152001T46MT04EBS001H0167F0167CC38233749
3|565|ALCIRA|DELSOCORRO|ARTURO|DELOPEZ|CC|30718283|1953-12-11|2|2|2|9998|2|1||3|07|||8|71.0|164|||2||||||||||||52UZPE01152001T45MT02EBS001H017452UZPE01152001T45MT02EBS001H0174F0174|52UZPE01152001T45MT02EBS001H017452UZPE01152001T45MT02EBS001H0174F0174CC30718283
3|566|KELVER|HIGINIO|LOPEZ|SANCHEZ|CC|15810197|1953-04-30|1|2|2|9998|2|2||3|07|||8|68.0|156|||2||||||||||||52UZPE01152001T45MT02EBS001H017452UZPE01152001T45MT02EBS001H0174F0174|52UZPE01152001T45MT02EBS001H017452UZPE01152001T45MT02EBS001H0174F0174CC15810197
3|567|YASMIN|PATRICIA|ANDRADE|MORALES|CC|1088736939|1994-11-04|2|2|2|9998|9|1||7|07|||8|58.0|154|||2||||||||||||52UZPE01152001T45MT02EBS001H017552UZPE01152001T45MT02EBS001H0175F0175|52UZPE01152001T45MT02EBS001H017552UZPE01152001T45MT02EBS001H0175F0175CC1088736939
3|568|JUAN|CAMILO|ANDRADE|BASTIDAS|CC|1085287750|1991-04-02|1|2|2|5169|3|2||7|07|||8|76.0|171|||2||||||||||||52UZPE01152001T45MT02EBS001H017552UZPE01152001T45MT02EBS001H0175F0175|52UZPE01152001T45MT02EBS001H017552UZPE01152001T45MT02EBS001H0175F0175CC1085287750
3|569|SANTIAGO|NA|ANDRADE|ANDRADE|RC|1030002957|2019-02-24|1|2|3|9998|3|1||8|07|||8|22.0|115|||2||||||||||||52UZPE01152001T45MT02EBS001H017552UZPE01152001T45MT02EBS001H0175F0175|52UZPE01152001T45MT02EBS001H017552UZPE01152001T45MT02EBS001H0175F0175RC1030002957
3|570|HUGO|ANDRES|PATINO|ROSERO|CC|12751168|1981-10-21|1|2|6|9510|6|1||7|07|||8|83.0|172|||2||||||||||||52UZPE01152001T45MT02EBS001H017752UZPE01152001T45MT02EBS001H0177F0177|52UZPE01152001T45MT02EBS001H017752UZPE01152001T45MT02EBS001H0177F0177CC12751168
3|571|ORLANDO|ALIRIO|MORENO|VALLADARES|CC|12972422|1960-09-28|1|2|5|5169|6|2||3|07|||8|68.0|162|||2||||||||||||52UZPE01152001T45MT02EBS001H017852UZPE01152001T45MT02EBS001H0178F0178|52UZPE01152001T45MT02EBS001H017852UZPE01152001T45MT02EBS001H0178F0178CC12972422
3|572|SOFIA|AMPARO|VILLARREAL|GUERRERO|CC|27173570|1955-06-25|2|2|5|5169|2|1||3|07|||8|56.0|161|||2||||||||||||52UZPE01152001T45MT02EBS001H017952UZPE01152001T45MT02EBS001H0179F0179|52UZPE01152001T45MT02EBS001H017952UZPE01152001T45MT02EBS001H0179F0179CC27173570
3|573|DANALLY|VALENTINA|PANTOJA|MORA|CC|1085902712|2005-04-04|2|2|3|9998|9|1||7|07|||8|45.0|155|||2||||||||||||52UZPE01152001T45MT02EBS001H018052UZPE01152001T45MT02EBS001H0180F0180|52UZPE01152001T45MT02EBS001H018052UZPE01152001T45MT02EBS001H0180F0180CC1085902712
3|574|GLORIA|ANDREA|MORA|VELAZCO|CC|37011703|1975-11-03|2|2|5|9510|3|1||7|07|||8|67.0|156|||2||||||||||||52UZPE01152001T45MT02EBS001H018052UZPE01152001T45MT02EBS001H0180F0180|52UZPE01152001T45MT02EBS001H018052UZPE01152001T45MT02EBS001H0180F0180CC37011703
3|575|SALOME|NA|MUNOZ|DELACRUZ|TI|1080066760|2017-02-12|2|2|3|9998|3|1||8|07|||8|32.0|128|||2||||||||||||52UZPE01152001T45MT02EBS001H018152UZPE01152001T45MT02EBS001H0181F0181|52UZPE01152001T45MT02EBS001H018152UZPE01152001T45MT02EBS001H0181F0181TI1080066760
3|576|JULIO|FERNANDO|MUNOZ|PAZMINO|CC|1085267126|1988-08-08|1|2|5|5169|9|2||7|07|||8|77.0|173|||2||||||||||||52UZPE01152001T45MT02EBS001H018152UZPE01152001T45MT02EBS001H0181F0181|52UZPE01152001T45MT02EBS001H018152UZPE01152001T45MT02EBS001H0181F0181CC1085267126
3|577|MARIA|JUDITH|HERNANDEZ|NA|CC|27432124|1957-07-05|2|2|1|9998|3|2||3|07|||8|83.0|150|||2||||||||||||52UZPE01152001T46MT04EBS001H018252UZPE01152001T46MT04EBS001H0182F0182|52UZPE01152001T46MT04EBS001H018252UZPE01152001T46MT04EBS001H0182F0182CC27432124
3|578|OSCAR|PAULO|GUERRERO|CORDOBA|CC|13012418|1964-03-20|1|2|5|5169|9|2||3|07|||8|66.0|166|||2||||||||||||52UZPE01152001T45MT02EBS001H018452UZPE01152001T45MT02EBS001H0184F0184|52UZPE01152001T45MT02EBS001H018452UZPE01152001T45MT02EBS001H0184F0184CC13012418
3|579|SANTIAGO|NA|GUERRERO|ZAMBRANO|CC|1085336064|1997-08-09|1|2|3|5169|9|2||7|07|||8|63.0|170|||2||||||||||||52UZPE01152001T45MT02EBS001H018452UZPE01152001T45MT02EBS001H0184F0184|52UZPE01152001T45MT02EBS001H018452UZPE01152001T45MT02EBS001H0184F0184CC1085336064
3|580|DANIELA|NA|GUERRERO|ZAMBRANO|CC|1085292174|1991-08-07|2|2|3|5169|9|2||7|07|||8|60.0|164|||2||||||||||||52UZPE01152001T45MT02EBS001H018552UZPE01152001T45MT02EBS001H0185F0185|52UZPE01152001T45MT02EBS001H018552UZPE01152001T45MT02EBS001H0185F0185CC1085292174
3|581|DALIS|TATIANA|MONTILLA|ORTIZ|CC|1089078230|1997-01-24|2|2|3|9510|8|1||7|07|||8|50.0|155|||2||||||||||||52UZPE01152001T45MT02EBS001H018652UZPE01152001T45MT02EBS001H0186F0186|52UZPE01152001T45MT02EBS001H018652UZPE01152001T45MT02EBS001H0186F0186CC1089078230
3|582|DIVA|DELCARMEN|ORTIZ|FERNANDEZ|CC|27149333|1965-06-30|2|2|5|9998|2|1||3|07|||8|60.0|149|||2||||||||||||52UZPE01152001T45MT02EBS001H018652UZPE01152001T45MT02EBS001H0186F0186|52UZPE01152001T45MT02EBS001H018652UZPE01152001T45MT02EBS001H0186F0186CC27149333
3|583|JOHAN|SAMUEL|BURBANO|NARVAEZ|CC|1030000094|2006-07-15|1|2|3|9998|3|2||7|07|||8|70.0|175|||2||||||||||||52UZPE01152001T45MT02EBS001H018752UZPE01152001T45MT02EBS001H0187F0187|52UZPE01152001T45MT02EBS001H018752UZPE01152001T45MT02EBS001H0187F0187CC1030000094
3|584|BENANCIO|OLIVO|BURBANO|BASTIDAS|CC|12991486|1967-04-04|1|2|2|5169|3|2||7|07|||8|69.0|179|||2||||||||||||52UZPE01152001T45MT02EBS001H018752UZPE01152001T45MT02EBS001H0187F0187|52UZPE01152001T45MT02EBS001H018752UZPE01152001T45MT02EBS001H0187F0187CC12991486
3|585|PIEDAD|DELCARMEN|NARVAEZ|NA|CC|59825398|1974-08-06|2|2|2|9998|9|2||7|07|||8|71.0|156|||2||||||||||||52UZPE01152001T45MT02EBS001H018752UZPE01152001T45MT02EBS001H0187F0187|52UZPE01152001T45MT02EBS001H018752UZPE01152001T45MT02EBS001H0187F0187CC59825398
3|586|CLARA|ELIZA|HIDALGO|CRIOLLO|CC|27196519|1947-08-01|2|2|1|9998|2|2||3|07|||8|75.0|152|||2||||||||||||52UZPE01152001T45MT02EBS001H018852UZPE01152001T45MT02EBS001H0188F0188|52UZPE01152001T45MT02EBS001H018852UZPE01152001T45MT02EBS001H0188F0188CC27196519
3|587|WILSON|ALBERTO|DIAZ|HIDALGO|CC|98388035|1973-08-01|1|2|3|5169|3|2||7|07|||8|74.0|170|||2||||||||||||52UZPE01152001T45MT02EBS001H018852UZPE01152001T45MT02EBS001H0188F0188|52UZPE01152001T45MT02EBS001H018852UZPE01152001T45MT02EBS001H0188F0188CC98388035
3|588|JULIO|ENRIQUE|LOPEZ|HIDALGO|CC|1085332931|1996-12-13|1|2|3|5169|9|2||7|07|||8|53.0|168|||2||||||||||||52UZPE01152001T45MT02EBS001H018952UZPE01152001T45MT02EBS001H0189F0189|52UZPE01152001T45MT02EBS001H018952UZPE01152001T45MT02EBS001H0189F0189CC1085332931
3|589|ROCIO|DELPILAR|DIAZ|HIDALGO|CC|27198547|1966-08-30|2|2|5|5169|3|2||7|07|||8|65.0|160|||2||||||||||||52UZPE01152001T45MT02EBS001H018952UZPE01152001T45MT02EBS001H0189F0189|52UZPE01152001T45MT02EBS001H018952UZPE01152001T45MT02EBS001H0189F0189CC27198547
3|590|ANDRES|ENRIQUE|RUIZ|MUNOZ|CC|1193271542|2001-10-09|1|2|6|5169|9|2||7|07|||8|60.0|160|||2||||||||||||52UZPE01152001T45MT02EBS001H019052UZPE01152001T45MT02EBS001H0190F0190|52UZPE01152001T45MT02EBS001H019052UZPE01152001T45MT02EBS001H0190F0190CC1193271542
3|591|ANGIE|DAMARIS|NAR|ORDONEZ|CC|1081594703|1995-05-01|2|2|5|9998|3|1||7|07|||8|57.0|160|||2||||||||||||52UZPE01152001T45MT02EBS001H019152UZPE01152001T45MT02EBS001H0191F0191|52UZPE01152001T45MT02EBS001H019152UZPE01152001T45MT02EBS001H0191F0191CC1081594703
3|592|KAREN|VALENTINA|GRANDA|NARVAEZ|CC|1081592319|2004-10-20|2|2|4|9998|3|1||7|07|||8|50.0|150|||2||||||||||||52UZPE01152001T45MT02EBS001H019152UZPE01152001T45MT02EBS001H0191F0191|52UZPE01152001T45MT02EBS001H019152UZPE01152001T45MT02EBS001H0191F0191CC1081592319
3|593|SAMUEL|NA|ORDONEZ|NARVAEZ|TI|1081064026|2016-12-31|1|2|3|9998|3|1||8|07|||8|16.0|110|||2||||||||||||52UZPE01152001T45MT02EBS001H019152UZPE01152001T45MT02EBS001H0191F0191|52UZPE01152001T45MT02EBS001H019152UZPE01152001T45MT02EBS001H0191F0191TI1081064026
3|594|ANA|MARIA|GAMBOA|DELGADO|CC|3122040743|1993-08-18|2|2|6|5169|9|2||7|07|||8|60.0|165|||2||||||||||||52UZPE01152001T45MT02EBS001H019252UZPE01152001T45MT02EBS001H0192F0192|52UZPE01152001T45MT02EBS001H019252UZPE01152001T45MT02EBS001H0192F0192CC3122040743
3|595|CARLOS|SEBASTIAN|GUERRERO|RUIZ|CC|1085309358|1994-01-03|1|2|3|9622|10|2||7|07|||8|64.0|169|||2||||||||||||52UZPE01152001T46MT04EBS001H019352UZPE01152001T46MT04EBS001H0193F0193|52UZPE01152001T46MT04EBS001H019352UZPE01152001T46MT04EBS001H0193F0193CC1085309358
3|596|ROSA|CLEMENCIA|SANTACRUZ|CERON|CC|27203621|1966-09-15|2|2|5|9622|2|1||7|07|||8|75.0|159|||2||||||||||||52UZPE01152001T46MT04EBS001H019452UZPE01152001T46MT04EBS001H0194F0194|52UZPE01152001T46MT04EBS001H019452UZPE01152001T46MT04EBS001H0194F0194CC27203621
3|597|EMELY|NA|ROMERO|ARTEAGA|TI|1155216050|2011-09-23|2|2|3|9998|3|1||1|07|||8|46.0|146|||2||||||||||||52UZPE01152001T46MT04EBS001H019652UZPE01152001T46MT04EBS001H0196F0196|52UZPE01152001T46MT04EBS001H019652UZPE01152001T46MT04EBS001H0196F0196TI1155216050
3|598|GABRIEL|NA|MUNOZ|NA|CC|12745530|1985-11-03|1|2|5|5169|9|2||7|07|||8|86.0|170|||2||||||||||||52UZPE01152001T46MT04EBS001H019652UZPE01152001T46MT04EBS001H0196F0196|52UZPE01152001T46MT04EBS001H019652UZPE01152001T46MT04EBS001H0196F0196CC12745530
3|599|ELIZABETH|NA|ARTEAGA|YANES|CC|1037484876|1993-06-26|2|2|5|9998|4|2||7|07|||8|76.0|165|||2||||||||||||52UZPE01152001T46MT04EBS001H019652UZPE01152001T46MT04EBS001H0196F0196|52UZPE01152001T46MT04EBS001H019652UZPE01152001T46MT04EBS001H0196F0196CC1037484876
3|600|FRANCISCO|DAVID|ZAMBRANO|NOTIENE|CC|100444391|2000-06-09|1|2|3|9998|7|1||7|07|||8|66.0|68|||2||||||||||||52UZPE01152001T46MT04EBS001H019752UZPE01152001T46MT04EBS001H0197F0197|52UZPE01152001T46MT04EBS001H019752UZPE01152001T46MT04EBS001H0197F0197CC100444391
3|601|FRANCISCO|DAVID|ZAMBRANO|NINGUNO|CC|1004244391|2000-06-09|1|2|3|9998|7|1||7|07|||8|66.0|158|||2||||||||||||52UZPE01152001T46MT04EBS001H019852UZPE01152001T46MT04EBS001H0198F0198|52UZPE01152001T46MT04EBS001H019852UZPE01152001T46MT04EBS001H0198F0198CC1004244391
3|602|PLINIO|NA|ARCE|BENAVIDES|CC|5199867|1943-12-27|1|2|2|9998|2|1||3|07|||8|60.0|165|||2||||||||||||52UZPE01152001T45MT02EBS001H019952UZPE01152001T45MT02EBS001H0199F0199|52UZPE01152001T45MT02EBS001H019952UZPE01152001T45MT02EBS001H0199F0199CC5199867
3|603|MERCEDES|LEONOR|DELGADO|DEARCE|CC|30303364|1950-09-27|2|2|6|9998|13|1||3|07|||1|51.0|146|||2||||||||||||52UZPE01152001T45MT02EBS001H019952UZPE01152001T45MT02EBS001H0199F0199|52UZPE01152001T45MT02EBS001H019952UZPE01152001T45MT02EBS001H0199F0199CC30303364
3|604|YOLANDA|ANGELICA|ZUNIGA|DEVALENCIA|CC|25587550|1960-02-21|2|2|1|9998|2|1||3|07|||8|76.0|160|||2||||||||||||52UZPE01152001T46MT04EBS001H020252UZPE01152001T46MT04EBS001H0202F0202|52UZPE01152001T46MT04EBS001H020252UZPE01152001T46MT04EBS001H0202F0202CC25587550
3|605|BAIRON|NA|MUNOZ|VILLARREAL|CC|5208789|1980-08-30|1|2|1|5169|8|2||7|07|||8|90.0|167|||2||||||||||||52UZPE01152001T46MT04EBS001H020352UZPE01152001T46MT04EBS001H0203F0203|52UZPE01152001T46MT04EBS001H020352UZPE01152001T46MT04EBS001H0203F0203CC5208789
3|606|DENNY|NA|BARCO|CABRERA|CC|25289730|1980-12-15|2|2|5|9622|8|2||7|07|||8|59.0|150|||2||||||||||||52UZPE01152001T46MT04EBS001H020352UZPE01152001T46MT04EBS001H0203F0203|52UZPE01152001T46MT04EBS001H020352UZPE01152001T46MT04EBS001H0203F0203CC25289730
3|607|JUAN|MANUEL|MUNOZ|BARCO|CC|1085246016|2004-01-13|1|2|3|9998|3|2||7|07|||8|56.0|168|||2||||||||||||52UZPE01152001T46MT04EBS001H020352UZPE01152001T46MT04EBS001H0203F0203|52UZPE01152001T46MT04EBS001H020352UZPE01152001T46MT04EBS001H0203F0203CC1085246016
3|608|SAMUEL|ESTEBAN|MUNOZ|BARCO|TI|1085290188|2009-06-19|1|2|3|9998|3|2||1|07|||8|46.0|163|||2||||||||||||52UZPE01152001T46MT04EBS001H020352UZPE01152001T46MT04EBS001H0203F0203|52UZPE01152001T46MT04EBS001H020352UZPE01152001T46MT04EBS001H0203F0203TI1085290188
3|609|LUIS|ANTONIO|CASTILLO|QUIROZ|CC|12971962|1956-01-30|1|2|1|9998|4|2||3|07|||8|84.0|176|||2||||||||||||52UZPE01152001T46MT04EBS001H020852UZPE01152001T46MT04EBS001H0208F0208|52UZPE01152001T46MT04EBS001H020852UZPE01152001T46MT04EBS001H0208F0208CC12971962
3|610|GLADYS|DELSOCORRO|REVELO|ROYES|CC|30719399|1959-07-03|2|2|5|9622|4|2||3|07|||8|76.0|156|||2||||||||||||52UZPE01152001T46MT04EBS001H020852UZPE01152001T46MT04EBS001H0208F0208|52UZPE01152001T46MT04EBS001H020852UZPE01152001T46MT04EBS001H0208F0208CC30719399
3|611|LILIA|PIEDAD|ERAZO|DAZA|CC|27480553|1964-02-06|2|2|5|9998|2|2||3|07|||8|97.0|160|||2||||||||||||52UZPE01152001T46MT04EBS001H020952UZPE01152001T46MT04EBS001H0209F0209|52UZPE01152001T46MT04EBS001H020952UZPE01152001T46MT04EBS001H0209F0209CC27480553
3|612|DANIEL|STEBAN|ARTURO|URBANO|CC|1004710123|2000-01-13|1|2|3|9510|5|1||7|07|||8|78.0|168|||2||||||||||||52UZPE01152001T46MT04EBS001H021052UZPE01152001T46MT04EBS001H0210F0210|52UZPE01152001T46MT04EBS001H021052UZPE01152001T46MT04EBS001H0210F0210CC1004710123
3|613|YAMILE|ANDREA|GUERRERO|NA|CC|52979310|1983-05-27|2|2|2|5169|7|2||7|07|||8|64.0|159|||2||||||||||||52UZPE01152001T46MT04EBS001H021152UZPE01152001T46MT04EBS001H0211F0211|52UZPE01152001T46MT04EBS001H021152UZPE01152001T46MT04EBS001H0211F0211CC52979310
3|614|JAIRO|NA|GOMEZ|NA|CC|13072831|1981-04-02|1|2|1|5169|7|2||7|07|||8|78.0|170|||2||||||||||||52UZPE01152001T46MT04EBS001H021152UZPE01152001T46MT04EBS001H0211F0211|52UZPE01152001T46MT04EBS001H021152UZPE01152001T46MT04EBS001H0211F0211CC13072831
3|615|MARIA|LUISA|CALPA|CHAMORRO|CC|27173606|1958-03-22|2|2|1|9998|2|1||3|07|||8|67.0|158|||2||||||||||||52UZPE01152001T46MT04EBS001H021252UZPE01152001T46MT04EBS001H0212F0212|52UZPE01152001T46MT04EBS001H021252UZPE01152001T46MT04EBS001H0212F0212CC27173606
3|616|WILLIAM|JAIRO|CASTILLO|VELASQUEZ|CC|87490289|1965-01-20|1|2|1|5169|7|2||3|01|||8|68.0|165|||2||||||||||||52UZPE01152001T46MT04EBS001H021352UZPE01152001T46MT04EBS001H0213F0213|52UZPE01152001T46MT04EBS001H021352UZPE01152001T46MT04EBS001H0213F0213CC87490289
3|617|CIELO|MARIA|CASTILLO|CHICAIZA|CC|30731123|1966-10-20|2|2|2|9998|5|2||7|01|||8|67.0|163|||2||||||||||||52UZPE01152001T46MT04EBS001H021352UZPE01152001T46MT04EBS001H0213F0213|52UZPE01152001T46MT04EBS001H021352UZPE01152001T46MT04EBS001H0213F0213CC30731123
3|618|HANNA|VANEZKA|CASTILLO|CASTILLO|CC|1088319474|1994-05-09|2|2|3|9998|9|1||7|01|||8|66.0|167|||2||||||||||||52UZPE01152001T46MT04EBS001H021552UZPE01152001T46MT04EBS001H0215F0215|52UZPE01152001T46MT04EBS001H021552UZPE01152001T46MT04EBS001H0215F0215CC1088319474
3|619|SEBASTIAN|NA|CASTILLO|CASTILLO|CC|1004235472|2002-08-01|1|2|3|9998|9|2||7|01|||8|64.0|178|||2||||||||||||52UZPE01152001T46MT04EBS001H021652UZPE01152001T46MT04EBS001H0216F0216|52UZPE01152001T46MT04EBS001H021652UZPE01152001T46MT04EBS001H0216F0216CC1004235472
3|620|YEIDI|YULIETH|DOMINGUEZ|ESTRADA|CC|1088216937|2007-04-24|2|2|3|9998|7|1||7|07|||8|51.0|165|||2||||||||||||52UZPE01152001T45MT04EBS001H021752UZPE01152001T45MT04EBS001H0217F0217|52UZPE01152001T45MT04EBS001H021752UZPE01152001T45MT04EBS001H0217F0217CC1088216937
3|621|NANCY|ROCIO|ARCE|DELGADO|CC|30746064|1970-01-28|2|2|3|9510|8|1||7|07|||8|56.0|157|||2||||||||||||52UZPE01152001T45MT02EBS001H020052UZPE01152001T45MT02EBS001H0200F0200|52UZPE01152001T45MT02EBS001H020052UZPE01152001T45MT02EBS001H0200F0200CC30746064
3|622|VANESSA|YASMIN|ARCE|DELGADO|CC|1085301943|1992-06-18|2|2|2|9510|9|1||7|07|||8|60.0|170|||2||||||||||||52UZPE01152001T45MT02EBS001H020152UZPE01152001T45MT02EBS001H0201F0201|52UZPE01152001T45MT02EBS001H020152UZPE01152001T45MT02EBS001H0201F0201CC1085301943
3|623|JHON|SEBASTIAN|ALVAREZ|AZAIN|CC|1193033337|2001-10-16|1|2|2|9510|3|1||7|07|||8|62.0|168|||2||||||||||||52UZPE01152001T45MT02EBS001H020152UZPE01152001T45MT02EBS001H0201F0201|52UZPE01152001T45MT02EBS001H020152UZPE01152001T45MT02EBS001H0201F0201CC1193033337
3|624|JUAN|MANUEL|LOPEZ|MONCAYO|CC|12974179|1961-05-16|1|2|2|9998|3|2||3|07|||8|85.0|178|||2||||||||||||52UZPE01152001T45MT02EBS001H021852UZPE01152001T45MT02EBS001H0218F0218|52UZPE01152001T45MT02EBS001H021852UZPE01152001T45MT02EBS001H0218F0218CC12974179
3|625|OLGA|MARIA|MEZA|MARTINEZ|CC|30721993|1961-09-27|2|2|2|9998|3|2||3|07|||8|68.0|165|||2||||||||||||52UZPE01152001T45MT02EBS001H021852UZPE01152001T45MT02EBS001H0218F0218|52UZPE01152001T45MT02EBS001H021852UZPE01152001T45MT02EBS001H0218F0218CC30721993
3|626|CINTHIA|YENIFER|GUERRERO|ACOSTA|CC|27255355|1984-01-20|2|2|5|9510|9|1||7|07|||8|87.0|160|||2||||||||||||52UZPE01152001T45MT02EBS001H021952UZPE01152001T45MT02EBS001H0219F0219|52UZPE01152001T45MT02EBS001H021952UZPE01152001T45MT02EBS001H0219F0219CC27255355
3|627|HADASSAH|NA|IBARRA|GUERRERO|TI|1081057700|2010-03-02|2|2|3|9998|3|2||1|07|||8|55.0|166|||2||||||||||||52UZPE01152001T45MT02EBS001H021952UZPE01152001T45MT02EBS001H0219F0219|52UZPE01152001T45MT02EBS001H021952UZPE01152001T45MT02EBS001H0219F0219TI1081057700
3|628|ATALYAH|NA|IBARRA|GUERRERO|RC|1093230941|2017-11-11|2|2|3|9998|3|2||8|07|||8|35.0|135|||2||||||||||||52UZPE01152001T45MT02EBS001H021952UZPE01152001T45MT02EBS001H0219F0219|52UZPE01152001T45MT02EBS001H021952UZPE01152001T45MT02EBS001H0219F0219RC1093230941
3|629|SARA|AIDE|GARCIA|LEITON|CC|31844039|1960-01-15|2|2|1|5169|2|2||3|07|||1|73.0|166|||2||||||||||||52UZPE01152001T45MT02EBS001H022052UZPE01152001T45MT02EBS001H0220F0220|52UZPE01152001T45MT02EBS001H022052UZPE01152001T45MT02EBS001H0220F0220CC31844039
3|630|DIANA|PATRICIA|PARRA|GARCIA|CC|67030773|1985-08-26|2|2|2|5169|10|2||7|07|||8|68.0|160|||2||||||||||||52UZPE01152001T45MT02EBS001H022152UZPE01152001T45MT02EBS001H0221F0221|52UZPE01152001T45MT02EBS001H022152UZPE01152001T45MT02EBS001H0221F0221CC67030773
3|631|ANTONIA|NA|SANCHEZ|PARRA|RC|1061825309|2019-02-17|2|2|3|9998|3|2||8|07|||8|30.0|110|||2||||||||||||52UZPE01152001T45MT02EBS001H022152UZPE01152001T45MT02EBS001H0221F0221|52UZPE01152001T45MT02EBS001H022152UZPE01152001T45MT02EBS001H0221F0221RC1061825309
3|632|MARIO|ANDRES|SANCHEZ|RODRIGUEZ|CC|98367712|1982-12-12|1|2|2|5169|9|2||7|07|||8|72.0|167|||2||||||||||||52UZPE01152001T45MT02EBS001H022152UZPE01152001T45MT02EBS001H0221F0221|52UZPE01152001T45MT02EBS001H022152UZPE01152001T45MT02EBS001H0221F0221CC98367712
3|633|SAMUEL|DAVID|VARGAS|CLAVIJO|RC|1030702071|2017-12-27|1|2|3|9998|3|1||8|07|||8|33.0|120|||2||||||||||||52UZPE01152001T45MT02EBS001H022252UZPE01152001T45MT02EBS001H0222F0222|52UZPE01152001T45MT02EBS001H022252UZPE01152001T45MT02EBS001H0222F0222RC1030702071
3|634|ESTIVEN|NA|VARGAS|ESTEVES|CC|18223621|1974-09-10|1|2|2|9998|2|2||7|07|||8|68.0|170|||2||||||||||||52UZPE01152001T45MT02EBS001H022252UZPE01152001T45MT02EBS001H0222F0222|52UZPE01152001T45MT02EBS001H022252UZPE01152001T45MT02EBS001H0222F0222CC18223621
3|635|YORLADIS|NA|CLAVIJO|SANABRIA|CC|1121820223|1984-10-18|2|2|2|9998|3|2||7|07|||8|65.0|163|||2||||||||||||52UZPE01152001T45MT02EBS001H022252UZPE01152001T45MT02EBS001H0222F0222|52UZPE01152001T45MT02EBS001H022252UZPE01152001T45MT02EBS001H0222F0222CC1121820223
3|636|NICOLAS|ALEJANDRO|BENAVIDES|GUERRERO|CC|100419298|2003-07-11|1|2|6|9998|3|1||7|07|||8|64.0|180|||2||||||||||||52UZPE01152001T45MT02EBS001H022352UZPE01152001T45MT02EBS001H0223F0223|52UZPE01152001T45MT02EBS001H022352UZPE01152001T45MT02EBS001H0223F0223CC100419298
3|637|DANIEL|ANDRES|CASTILLO|BENAVIDES|CC|1004191861|2002-08-10|1|2|6|9510|3|1||7|07|||8|69.0|169|||2||||||||||||52UZPE01152001T45MT02EBS001H022352UZPE01152001T45MT02EBS001H0223F0223|52UZPE01152001T45MT02EBS001H022352UZPE01152001T45MT02EBS001H0223F0223CC1004191861
3|638|ROSA|DELCARMEN|NARVAEZ|NA|CC|36760151|1951-11-17|2|2|1|9998|2|2||3|07|||8|62.0|152|||2||||||||||||52UZPE01152001T45MT02EBS001H022452UZPE01152001T45MT02EBS001H0224F0224|52UZPE01152001T45MT02EBS001H022452UZPE01152001T45MT02EBS001H0224F0224CC36760151
3|639|ERIKA|ANDREA|MESIAS|NARVAEZ|CC|52934594|1983-08-22|2|2|5|5169|9|2||7|07|||8|68.0|159|||2||||||||||||52UZPE01152001T45MT02EBS001H022552UZPE01152001T45MT02EBS001H0225F0225|52UZPE01152001T45MT02EBS001H022552UZPE01152001T45MT02EBS001H0225F0225CC52934594
3|640|MARIA|DELOSANGELES|MESIAS|NARVAEZ|TI|1080056015|2009-11-18|2|2|3|9998|3|2||1|07|||8|47.0|153|||2||||||||||||52UZPE01152001T45MT02EBS001H022552UZPE01152001T45MT02EBS001H0225F0225|52UZPE01152001T45MT02EBS001H022552UZPE01152001T45MT02EBS001H0225F0225TI1080056015
3|641|OSCAR|JAVIER|MESIAS|NARVAEZ|CC|13070559|1981-06-05|1|2|6|5169|3|2||7|07|||8|75.0|159|||2||||||||||||52UZPE01152001T45MT02EBS001H022652UZPE01152001T45MT02EBS001H0226F0226|52UZPE01152001T45MT02EBS001H022652UZPE01152001T45MT02EBS001H0226F0226CC13070559
3|642|MARTINA|NA|JAMAUCA|MUESES|TI|1081064227|2017-03-23|2|2|3|9998|3|2||8|07|||8|27.0|120|||2||||||||||||52UZPE01152001T45MT02EBS001H022752UZPE01152001T45MT02EBS001H0227F0227|52UZPE01152001T45MT02EBS001H022752UZPE01152001T45MT02EBS001H0227F0227TI1081064227
3|643|SAMUEL|FELIPE|JAMAUCA|MUESES|TI|1081057336|2009-09-10|1|2|3|9998|3|2||1|07|||8|60.0|160|||2||||||||||||52UZPE01152001T45MT02EBS001H022752UZPE01152001T45MT02EBS001H0227F0227|52UZPE01152001T45MT02EBS001H022752UZPE01152001T45MT02EBS001H0227F0227TI1081057336
3|644|XIMENA|DELPILAR|MUESES|GUERRERO|CC|37081604|1982-10-10|2|2|5|5169|9|2||7|07|||8|55.0|155|||2||||||||||||52UZPE01152001T45MT02EBS001H022752UZPE01152001T45MT02EBS001H0227F0227|52UZPE01152001T45MT02EBS001H022752UZPE01152001T45MT02EBS001H0227F0227CC37081604
3|645|LUZ|DARY|BOLANOS|YASNO|CC|34562676|1969-10-14|2|2|2|5169|3|2||7|07|||8|62.0|164|||2||||||||||||52UZPE01152001T45MT02EBS001H022852UZPE01152001T45MT02EBS001H0228F0228|52UZPE01152001T45MT02EBS001H022852UZPE01152001T45MT02EBS001H0228F0228CC34562676
3|646|EDGAR|FABIAN|CASTILLO|MORA|CC|12987923|1966-08-14|1|2|2|9510|7|2||7|07|||8|85.0|179|||2||||||||||||52UZPE01152001T45MT02EBS001H022852UZPE01152001T45MT02EBS001H0228F0228|52UZPE01152001T45MT02EBS001H022852UZPE01152001T45MT02EBS001H0228F0228CC12987923
3|647|JUAN|JOSE|CASTILLO|BOLANOS|CC|1004133403|2000-04-13|1|2|3|9998|3|2||7|07|||8|82.0|174|||2||||||||||||52UZPE01152001T45MT02EBS001H022952UZPE01152001T45MT02EBS001H0229F0229|52UZPE01152001T45MT02EBS001H022952UZPE01152001T45MT02EBS001H0229F0229CC1004133403
3|648|CRISTHIAN|CAMILO|MARTINEZ|ARTEAGA|CC|1085285750|1991-01-04|1|2|6|9510|9|2||7|07|||8|80.0|178|||2||||||||||||52UZPE01152001T45MT02EBS001H023052UZPE01152001T45MT02EBS001H0230F0230|52UZPE01152001T45MT02EBS001H023052UZPE01152001T45MT02EBS001H0230F0230CC1085285750
3|649|GLORIA|PIEDAD|MORILLO|DEVILLOTA|CC|30705091|1949-08-28|2|2|2|5169|9|2||3|07|||8|60.0|150|||2||||||||||||52UZPE01152001T45MT02EBS001H023152UZPE01152001T45MT02EBS001H0231F0231|52UZPE01152001T45MT02EBS001H023152UZPE01152001T45MT02EBS001H0231F0231CC30705091
3|650|CARLOS|JULIO|VILLOTA|CORDOBA|CC|12956193|1950-09-11|1|2|2|5169|9|2||3|07|||8|63.0|165|||2||||||||||||52UZPE01152001T45MT02EBS001H023152UZPE01152001T45MT02EBS001H0231F0231|52UZPE01152001T45MT02EBS001H023152UZPE01152001T45MT02EBS001H0231F0231CC12956193
3|651|KATHERIN|NA|CHARALA|ARANGO|CC|1085310463|1993-10-25|2|2|3|9998|2|2||4|07|||2|58.0|158|||2||||||||||||52UZPE01152001T45MT02EBS001H023252UZPE01152001T45MT02EBS001H0232F0232|52UZPE01152001T45MT02EBS001H023252UZPE01152001T45MT02EBS001H0232F0232CC1085310463
3|652|MARTHA|PATRICIA|ARANGO|QUIJANO|CC|59827483|1973-08-06|2|2|1|9510|9|2||7|07|||8|60.0|160|||2||||||||||||52UZPE01152001T45MT02EBS001H023252UZPE01152001T45MT02EBS001H0232F0232|52UZPE01152001T45MT02EBS001H023252UZPE01152001T45MT02EBS001H0232F0232CC59827483
3|653|ESTER|EMERITA|QUIJANO|BEDOYA|CC|27497818|1946-09-22|2|2|2|9998|2|2||3|07|||1|58.0|140|||2||||||||||||52UZPE01152001T45MT02EBS001H023352UZPE01152001T45MT02EBS001H0233F0233|52UZPE01152001T45MT02EBS001H023352UZPE01152001T45MT02EBS001H0233F0233CC27497818
3|654|MANUEL|DOLORES|ARANGO|CAMPANA|CC|5311165|1943-01-31|1|2|2|9998|2|2||3|07|||3|70.0|154|||2||||||||||||52UZPE01152001T45MT02EBS001H023352UZPE01152001T45MT02EBS001H0233F0233|52UZPE01152001T45MT02EBS001H023352UZPE01152001T45MT02EBS001H0233F0233CC5311165
3|655|ESPERANZA|NA|TOVAR|NA|CC|30710192|1964-12-08|2|2|1|9998|9|2||3|07|||8|52.0|153|||2||||||||||||52UZPE01152001T45MT02EBS001H023452UZPE01152001T45MT02EBS001H0234F0234|52UZPE01152001T45MT02EBS001H023452UZPE01152001T45MT02EBS001H0234F0234CC30710192
3|656|MARIA|ISMENIA|ALDERETE|YELA|CC|30731026|1957-12-29|2|2|5|9510|2|1||3|07|||8|79.0|154|||2||||||||||||52UZPE01152001T45MT01EBS001H023552UZPE01152001T45MT01EBS001H0235F0235|52UZPE01152001T45MT01EBS001H023552UZPE01152001T45MT01EBS001H0235F0235CC30731026
3|657|MARIA|NA|NARVAEZ|MUNOZ|CC|27074149|1946-04-23|2|2|5|9998|13|1||3|07|||8|60.0|154|||2||||||||||||52UZPE01152001T45MT01EBS001H023652UZPE01152001T45MT01EBS001H0236F0236|52UZPE01152001T45MT01EBS001H023652UZPE01152001T45MT01EBS001H0236F0236CC27074149
3|658|CARMEN|ALICIA|NARVAEZ|NA|CC|30737573|1967-08-03|2|2|3|9998|2|2||7|07|||8|70.0|160|||2||||||||||||52UZPE01152001T45MT01EBS001H023652UZPE01152001T45MT01EBS001H0236F0236|52UZPE01152001T45MT01EBS001H023652UZPE01152001T45MT01EBS001H0236F0236CC30737573
3|659|DIANA|ALEXANDRA|BASTIDAS|NARVAEZ|CC|1085248986|1986-05-09|2|2|3|9998|8|1||7|07|||8|12.0|156|||2||||||||||||52UZPE01152001T45MT01EBS001H023752UZPE01152001T45MT01EBS001H0237F0237|52UZPE01152001T45MT01EBS001H023752UZPE01152001T45MT01EBS001H0237F0237CC1085248986
3|660|MARIA|CAMILA|VALLEJOS|BASTIDAS|TI|1030001059|2012-07-16|2|2|3|9998|3|2||1|07|||8|60.0|160|||2||||||||||||52UZPE01152001T45MT01EBS001H023752UZPE01152001T45MT01EBS001H0237F0237|52UZPE01152001T45MT01EBS001H023752UZPE01152001T45MT01EBS001H0237F0237TI1030001059
3|661|DIANA|CAROLINA|ORDONEZ|LASSO|CC|1085278934|1990-02-04|2|2|1|9998|5|1||7|07|||8|66.0|163|||2||||||||||||52UZPE01152001T46MT04EBS001H023852UZPE01152001T46MT04EBS001H0238F0238|52UZPE01152001T46MT04EBS001H023852UZPE01152001T46MT04EBS001H0238F0238CC1085278934
3|662|DANIEL|RICARDO|DELACRUZ|CRUZ|CC|1085284833|1990-09-29|1|2|2|5169|7|2||7|07|||8|10.0|5|||2||||||||||||52UZPE01152001T46MT04EBS001H023852UZPE01152001T46MT04EBS001H0238F0238|52UZPE01152001T46MT04EBS001H023852UZPE01152001T46MT04EBS001H0238F0238CC1085284833
3|663|JUAN|JOSE|DELACRUZORDONEZ|ORDONEZ|TI|1080064723|2015-06-23|1|2|3|9998|3|1||8|07|||8|10.0|5|||2||||||||||||52UZPE01152001T46MT04EBS001H023852UZPE01152001T46MT04EBS001H0238F0238|52UZPE01152001T46MT04EBS001H023852UZPE01152001T46MT04EBS001H0238F0238TI1080064723
3|664|ISAAC|DANIEL|DELACRUZ|ORDONES|RC|1080072885|2022-06-08|1|2|3|9998|3|1||8|07|||8|||||2||||||||||||52UZPE01152001T46MT04EBS001H023852UZPE01152001T46MT04EBS001H0238F0238|52UZPE01152001T46MT04EBS001H023852UZPE01152001T46MT04EBS001H0238F0238RC1080072885
3|665|MERI|DELSOCORRO|LASSO|ROSERO|CC|30723851|1962-04-29|2|2|5|9998|7|2||3|07|||8|10.0|5|||2||||||||||||52UZPE01152001T46MT04EBS001H023952UZPE01152001T46MT04EBS001H0239F0239|52UZPE01152001T46MT04EBS001H023952UZPE01152001T46MT04EBS001H0239F0239CC30723851
3|666|MARIA|JESUS|VILLOTA|NA|CC|30726650|1964-03-27|2|2|1|9622|2|1||3|07|||8|49.0|155|||2||||||||||||52UZPE01152001T46MT04EBS001H024052UZPE01152001T46MT04EBS001H0240F0240|52UZPE01152001T46MT04EBS001H024052UZPE01152001T46MT04EBS001H0240F0240CC30726650
3|667|HENRRY|ARMANDO|NARVAEZ|GALLARDO|CC|12970603|1959-08-26|1|2|1|5169|3|1||3|07|||8|70.0|165|||2||||||||||||52UZPE01152001T46MT04EBS001H024152UZPE01152001T46MT04EBS001H0241F0241|52UZPE01152001T46MT04EBS001H024152UZPE01152001T46MT04EBS001H0241F0241CC12970603
3|668|SONIA|MARGOT|BURGOS|FLORES|CC|30726155|1959-01-27|2|2|5|9998|3|1||3|07|||8|78.0|153|||2||||||||||||52UZPE01152001T46MT04EBS001H024152UZPE01152001T46MT04EBS001H0241F0241|52UZPE01152001T46MT04EBS001H024152UZPE01152001T46MT04EBS001H0241F0241CC30726155
3|669|MYRIAM|DELROSARIO|CHAMORRO|CHAMORRO|CC|030720565|1959-09-04|2|2|1|9998|3|1||3|01|||8|70.0|150|||2||||||||||||52UZPE01152001T46MT04EBS001H024252UZPE01152001T46MT04EBS001H0242F0242|52UZPE01152001T46MT04EBS001H024252UZPE01152001T46MT04EBS001H0242F0242CC030720565
3|670|BERNARDO|HENRY|ZAMBRANO|BENAVIDES|CC|012956234|1951-04-13|1|2|2|9510|2|1||3|01|||8|10.0|5|||2||||||||||||52UZPE01152001T46MT04EBS001H024252UZPE01152001T46MT04EBS001H0242F0242|52UZPE01152001T46MT04EBS001H024252UZPE01152001T46MT04EBS001H0242F0242CC012956234
3|671|JUAN|DAVID|GUERRERO|CAICEDO|TI|1080051946|2008-04-20|1|2|3|9998|3|2||1|07|||8|83.0|176|||2||||||||||||52UZPE01152001T46MT04EBS001H024352UZPE01152001T46MT04EBS001H0243F0243|52UZPE01152001T46MT04EBS001H024352UZPE01152001T46MT04EBS001H0243F0243TI1080051946
3|672|AIDA|LUCIA|CAICEDO|YANDUN|CC|36758267|1982-06-07|2|2|1|9510|8|1||7|07|||8|74.0|160|||2||||||||||||52UZPE01152001T46MT04EBS001H024352UZPE01152001T46MT04EBS001H0243F0243|52UZPE01152001T46MT04EBS001H024352UZPE01152001T46MT04EBS001H0243F0243CC36758267
3|673|GINNA|MARCELA|MORENO|PASTAS|CC|1085280447|1990-03-04|2|2|5|9510|7|2||7|07|||8|80.0|157|||2||||||||||||52UZPE01152001T46MT04EBS001H024452UZPE01152001T46MT04EBS001H0244F0244|52UZPE01152001T46MT04EBS001H024452UZPE01152001T46MT04EBS001H0244F0244CC1085280447
3|674|JOSE|LUIS|CARRERA|SILBA|CC|1085278840|1989-11-25|1|2|5|9622|3|2||7|07|||8|90.0|98|||2||||||||||||52UZPE01152001T46MT04EBS001H024452UZPE01152001T46MT04EBS001H0244F0244|52UZPE01152001T46MT04EBS001H024452UZPE01152001T46MT04EBS001H0244F0244CC1085278840
3|675|JUAN|JOSE|CARRERA|MORENO|RC|1233195865|2024-08-19|1|2|3|9998|3|2||8|07|||8|||||2||||||||||||52UZPE01152001T46MT04EBS001H024452UZPE01152001T46MT04EBS001H0244F0244|52UZPE01152001T46MT04EBS001H024452UZPE01152001T46MT04EBS001H0244F0244RC1233195865
3|676|ANA|CRISTINA|ROSAS|MORAN|CC|1085266018|1979-01-18|2|2|1|9510|3|1||7|07|||8|51.0|154|||2||||||||||||52UZPE01152001T46MT01EBS001H024552UZPE01152001T46MT01EBS001H0245F0245|52UZPE01152001T46MT01EBS001H024552UZPE01152001T46MT01EBS001H0245F0245CC1085266018
3|677|YOBANNY|OLIVO|LOPEZ|NA|CC|87070187|1984-10-12|1|2|1|5169|9|2||7|07|||8|69.0|165|||2||||||||||||52UZPE01152001T45MT04EBS001H024652UZPE01152001T45MT04EBS001H0246F0246|52UZPE01152001T45MT04EBS001H024652UZPE01152001T45MT04EBS001H0246F0246CC87070187
3|678|CLAUDIA|FERNANDA|SANTACRUZ|SANTACRUZ|CC|1085280512|1990-02-05|2|2|5|5169|9|2||7|07|||8|68.0|163|||2||||||||||||52UZPE01152001T45MT04EBS001H024652UZPE01152001T45MT04EBS001H0246F0246|52UZPE01152001T45MT04EBS001H024652UZPE01152001T45MT04EBS001H0246F0246CC1085280512
3|679|MATIAS|FELIPE|LOPEZ|SANTACRUZ|TI|1080061010|2012-07-26|1|2|3|9998|3|2||1|07|||8|37.0|145|||2||||||||||||52UZPE01152001T45MT04EBS001H024652UZPE01152001T45MT04EBS001H0246F0246|52UZPE01152001T45MT04EBS001H024652UZPE01152001T45MT04EBS001H0246F0246TI1080061010
3|680|JORGE|ERNESTO|PAZ|ROBY|CC|1085246517|1985-10-17|1|2|1|5169|10|2||7|07|||8|75.0|162|||2||||||||||||52UZPE01152001T45MT04EBS001H024752UZPE01152001T45MT04EBS001H0247F0247|52UZPE01152001T45MT04EBS001H024752UZPE01152001T45MT04EBS001H0247F0247CC1085246517
3|681|ALICIA|MARIA|PAZ|GONZALES|RC|1081067902|2022-06-04|2|2|3|9998|3|2||8|07|||8|||||2||||||||||||52UZPE01152001T45MT04EBS001H024752UZPE01152001T45MT04EBS001H0247F0247|52UZPE01152001T45MT04EBS001H024752UZPE01152001T45MT04EBS001H0247F0247RC1081067902
3|682|AUGUSTO|JUANANDRES|PAZ|GONZALES|RC|1081068672|2024-03-20|1|2|3|9998|3|2||8|07|||8|||||2||||||||||||52UZPE01152001T45MT04EBS001H024752UZPE01152001T45MT04EBS001H0247F0247|52UZPE01152001T45MT04EBS001H024752UZPE01152001T45MT04EBS001H0247F0247RC1081068672
3|683|KATHERIN|NA|GONZALES|CORTES|CC|1085285911|1990-10-03|2|2|5|9998|10|2||7|07|||8|42.0|151|||2||||||||||||52UZPE01152001T45MT04EBS001H024752UZPE01152001T45MT04EBS001H0247F0247|52UZPE01152001T45MT04EBS001H024752UZPE01152001T45MT04EBS001H0247F0247CC1085285911
3|684|OLGA|LUCIA|VITERY|BELALCAZAR|CC|59822570|1971-06-09|2|2|5|9622|5|1||7|07|||8|54.0|152|||2||||||||||||52UZPE01152001T45MT04EBS001H024852UZPE01152001T45MT04EBS001H0248F0248|52UZPE01152001T45MT04EBS001H024852UZPE01152001T45MT04EBS001H0248F0248CC59822570
3|685|VICTOR|ANDRES|VIRETY|BELALCAZAR|CC|108591007|1991-08-30|1|2|3|9622|9|1||7|07|||8|75.0|175|||2||||||||||||52UZPE01152001T45MT04EBS001H024852UZPE01152001T45MT04EBS001H0248F0248|52UZPE01152001T45MT04EBS001H024852UZPE01152001T45MT04EBS001H0248F0248CC108591007
3|686|SANDRA|PATRICIA|SOLARTE|PORTILLA|CC|59673688|1975-11-08|2|2|5|5169|9|2||7|01|||8|58.0|156|||2||||||||||||52UZPE01152001T45MT04EBS001H024952UZPE01152001T45MT04EBS001H0249F0249|52UZPE01152001T45MT04EBS001H024952UZPE01152001T45MT04EBS001H0249F0249CC59673688
3|687|MARIA|ALEJANDRA|CORAL|SOLARTE|CC|1080047625|2006-08-19|2|2|3|9998|7|2||7|07|||8|65.0|167|||2||||||||||||52UZPE01152001T45MT04EBS001H024952UZPE01152001T45MT04EBS001H0249F0249|52UZPE01152001T45MT04EBS001H024952UZPE01152001T45MT04EBS001H0249F0249CC1080047625
3|688|OSCAR|NA|CORAL|BELALCAZAR|CC|12996810|1969-10-03|1|2|1|9622|5|2||7|07|||8|79.0|170|||2||||||||||||52UZPE01152001T45MT04EBS001H024952UZPE01152001T45MT04EBS001H0249F0249|52UZPE01152001T45MT04EBS001H024952UZPE01152001T45MT04EBS001H0249F0249CC12996810
3|689|CARYELY|XAYARITH|DUQUE|RODRIGUEZ|PT|7877936|2000-01-03|2|2|1|9998|3|1||7|07|||8|75.0|172|||2||||||||||||52UZPE01152001T46MT01EBS001H025052UZPE01152001T46MT01EBS001H0250F0250|52UZPE01152001T46MT01EBS001H025052UZPE01152001T46MT01EBS001H0250F0250PT7877936
3|690|ROBIRA|AMPARO|NARVAEZ|NARVAEZ|CC|27587486|1988-07-07|2|2|2|9998|2|2||7|07|||8|67.0|157|||2||||||||||||52UZPE01152001T46MT04EBS001H025152UZPE01152001T46MT04EBS001H0251F0251|52UZPE01152001T46MT04EBS001H025152UZPE01152001T46MT04EBS001H0251F0251CC27587486
3|691|JOSE|UMBERTO|MONCAYO|DELGADO|CC|5354231|1969-08-14|1|2|1|5169|2|2||7|07|||8|88.0|166|||2||||||||||||52UZPE01152001T46MT04EBS001H025152UZPE01152001T46MT04EBS001H0251F0251|52UZPE01152001T46MT04EBS001H025152UZPE01152001T46MT04EBS001H0251F0251CC5354231
3|692|ANGELA|GLORICETH|MONCAYO|NARVAEZ|CC|1085303674|1993-03-13|2|2|3|5169|7|2||7|07|||8|60.0|156|||2||||||||||||52UZPE01152001T46MT04EBS001H025152UZPE01152001T46MT04EBS001H0251F0251|52UZPE01152001T46MT04EBS001H025152UZPE01152001T46MT04EBS001H0251F0251CC1085303674
3|693|NAIROBIS|HERMINIA|PINTO|MUNOZ|PT|05928691|1997-01-08|2|2|1|9998|3|1||7|07|||8|75.0|170|||2||||||||||||52UZPE01152001T46MT01EBS001H025252UZPE01152001T46MT01EBS001H0252F0252|52UZPE01152001T46MT01EBS001H025252UZPE01152001T46MT01EBS001H0252F0252PT05928691
3|694|FERNANDO|NOTIENE|GIMENEZ|OCAMPO|CC|6000528|1980-03-04|1|2|5|9622|9|2||7|07|||8|92.0|89|||2||||||||||||52UZPE01152001T46MT01EBS001H025652UZPE01152001T46MT01EBS001H0256F0256|52UZPE01152001T46MT01EBS001H025652UZPE01152001T46MT01EBS001H0256F0256CC6000528
3|695|ANDRES|FELIPE|JIMENEZ|RAMIREZ|TI|1080041413|2004-05-03|1|2|3|9998|3|2||7|07|||8|69.0|174|||2||||||||||||52UZPE01152001T46MT01EBS001H025652UZPE01152001T46MT01EBS001H0256F0256|52UZPE01152001T46MT01EBS001H025652UZPE01152001T46MT01EBS001H0256F0256TI1080041413
3|696|LIDA|MERCEDES|PATINO|MUNOZ|TI|59814536|1971-02-25|2|2|5|9998|8|2||7|07|||8|64.0|167|||2||||||||||||52UZPE01152001T46MT01EBS001H025752UZPE01152001T46MT01EBS001H0257F0257|52UZPE01152001T46MT01EBS001H025752UZPE01152001T46MT01EBS001H0257F0257TI59814536
3|697|FABIAN|JAIME|LOPEZ|ARTURO|CC|12987045|1966-09-16|1|2|1|5169|9|2||7|07|||8|10.1|175|||2||||||||||||52UZPE01152001T46MT01EBS001H025752UZPE01152001T46MT01EBS001H0257F0257|52UZPE01152001T46MT01EBS001H025752UZPE01152001T46MT01EBS001H0257F0257CC12987045
3|698|JAMES|DAVID|SANCHES|GARCIA|CC|1085257960|1986-12-23|1|2|1|5169|7|2||7|07|||8|78.0|180|||2||||||||||||52UZPE01152001T46MT01EBS001H025852UZPE01152001T46MT01EBS001H0258F0258|52UZPE01152001T46MT01EBS001H025852UZPE01152001T46MT01EBS001H0258F0258CC1085257960
3|699|JAIME|ANTONIO|CEBALLOS|NA|CC|12978100|1954-02-23|1|2|6|9510|9|1||3|07|||8|73.0|172|||2||||||||||||52UZPE01152001T45MT02EBS001H025952UZPE01152001T45MT02EBS001H0259F0259|52UZPE01152001T45MT02EBS001H025952UZPE01152001T45MT02EBS001H0259F0259CC12978100
3|700|MARIA|FERNANDA|CHAVEZ|NA|CC|1084224164|1991-09-04|2|2|6|9510|3|1||7|07|||8|55.0|149|||2||||||||||||52UZPE01152001T45MT02EBS001H026052UZPE01152001T45MT02EBS001H0260F0260|52UZPE01152001T45MT02EBS001H026052UZPE01152001T45MT02EBS001H0260F0260CC1084224164
3|701|NANCI|CARMELITA|VIVEROS|ORTIZ|CC|27096703|1960-05-18|2|2|1|9998|3|2||3|07|||8|72.0|155|||2||||||||||||52UZPE01152001T46MT01EBS001H026152UZPE01152001T46MT01EBS001H0261F0261|52UZPE01152001T46MT01EBS001H026152UZPE01152001T46MT01EBS001H0261F0261CC27096703
3|702|FELIX|RUBEN|NARVAEZ|BRAVO|CC|5352907|1942-09-22|1|2|1|5169|2|2||3|07|||2|78.0|170|||2||||||||||||52UZPE01152001T46MT01EBS001H026252UZPE01152001T46MT01EBS001H0262F0262|52UZPE01152001T46MT01EBS001H026252UZPE01152001T46MT01EBS001H0262F0262CC5352907
3|703|ISABEL|CRISTINA|NARVAEZ|ISANDARA|CC|1085276868|1989-10-20|2|2|1|9998|7|1||7|07|||8|74.0|170|||2||||||||||||52UZPE01152001T46MT01EBS001H026352UZPE01152001T46MT01EBS001H0263F0263|52UZPE01152001T46MT01EBS001H026352UZPE01152001T46MT01EBS001H0263F0263CC1085276868
3|704|GEIMAN|DANIEL|PARRA|NARVAEZ|TI|1081281709|2011-05-04|1|2|3|9998|3|1||1|07|||8|47.0|167|||2||||||||||||52UZPE01152001T46MT01EBS001H026352UZPE01152001T46MT01EBS001H0263F0263|52UZPE01152001T46MT01EBS001H026352UZPE01152001T46MT01EBS001H0263F0263TI1081281709
3|705|VERONICA|NA|MUNOZ|CABRERA|TI|1087646634|2012-12-25|2|2|3|9998|3|2||1|07|||8|55.0|155|||2||||||||||||52UZPE01152001T45MT02EBS001H026452UZPE01152001T45MT02EBS001H0264F0264|52UZPE01152001T45MT02EBS001H026452UZPE01152001T45MT02EBS001H0264F0264TI1087646634
3|706|OLMER|ALIER|MUNOZ|ROSERO|CC|1085244061|1985-09-22|1|2|2|5169|9|2||7|07|||8|70.0|175|||2||||||||||||52UZPE01152001T45MT02EBS001H026452UZPE01152001T45MT02EBS001H0264F0264|52UZPE01152001T45MT02EBS001H026452UZPE01152001T45MT02EBS001H0264F0264CC1085244061
3|707|MARIA|JOSE|MUNOZ|CABRERA|RC|1087648681|2022-03-08|2|2|3|9998|3|2||8|07|||8|15.0|96|||2||||||||||||52UZPE01152001T45MT02EBS001H026452UZPE01152001T45MT02EBS001H0264F0264|52UZPE01152001T45MT02EBS001H026452UZPE01152001T45MT02EBS001H0264F0264RC1087648681
3|708|EVELIN|YADIRA|CABRERA|CARLOSAMA|CC|67028266|1985-09-29|2|2|2|5169|9|2||7|07|||8|63.0|162|||2||||||||||||52UZPE01152001T45MT02EBS001H026452UZPE01152001T45MT02EBS001H0264F0264|52UZPE01152001T45MT02EBS001H026452UZPE01152001T45MT02EBS001H0264F0264CC67028266
3|709|OLANDI|NA|RINCONES|ERAZO|CC|27156930|1973-07-27|2|2|2|5169|8|2||7|07|||8|66.0|160|||2||||||||||||52UZPE01152001T45MT02EBS001H026752UZPE01152001T45MT02EBS001H0267F0267|52UZPE01152001T45MT02EBS001H026752UZPE01152001T45MT02EBS001H0267F0267CC27156930
3|710|JHON|JAIRO|YANDAR|RINCONES|CC|1192766835|2001-08-04|1|2|3|5169|9|2||7|07|||8|65.0|172|||2||||||||||||52UZPE01152001T45MT02EBS001H026752UZPE01152001T45MT02EBS001H0267F0267|52UZPE01152001T45MT02EBS001H026752UZPE01152001T45MT02EBS001H0267F0267CC1192766835
3|711|JHON|NA|YANDAR|MUNOZ|CC|12981051|1961-05-03|1|2|2|5169|9|2||3|07|||8|75.0|165|||2||||||||||||52UZPE01152001T45MT02EBS001H026752UZPE01152001T45MT02EBS001H0267F0267|52UZPE01152001T45MT02EBS001H026752UZPE01152001T45MT02EBS001H0267F0267CC12981051
3|712|VALERIA|FELICIA|LOPEZ|NOTIENE|CC|1004214485|2000-06-19|2|2|2|5169|7|2||7|07|||8|65.0|165|||2||||||||||||52UZPE01152001T46MT01EBS001H026552UZPE01152001T46MT01EBS001H0265F0265|52UZPE01152001T46MT01EBS001H026552UZPE01152001T46MT01EBS001H0265F0265CC1004214485
3|713|MARTH|LUCIA|RIASCOS|NOTIENE|CC|30745923|1968-01-17|2|2|2|9998|3|2||7|07|||8|60.0|156|||2||||||||||||52UZPE01152001T46MT01EBS001H026852UZPE01152001T46MT01EBS001H0268F0268|52UZPE01152001T46MT01EBS001H026852UZPE01152001T46MT01EBS001H0268F0268CC30745923
3|714|YASMIN|NA|YANDAR|RINCONES|CC|1080040420|2004-02-10|2|2|3|9510|3|2||7|07|||8|65.0|172|||2||||||||||||52UZPE01152001T45MT02EBS001H026652UZPE01152001T45MT02EBS001H0266F0266|52UZPE01152001T45MT02EBS001H026652UZPE01152001T45MT02EBS001H0266F0266CC1080040420
3|715|LUIS|ARTURO|PAZ|ALMEIDA|CC|98325090|1964-03-15|1|2|2|9622|3|2||3|07|||8|70.0|160|||2||||||||||||52UZPE01152001T46MT01EBS001H026952UZPE01152001T46MT01EBS001H0269F0269|52UZPE01152001T46MT01EBS001H026952UZPE01152001T46MT01EBS001H0269F0269CC98325090
3|716|JINET|NA|GALINDEZ|MUNOS|CC|25291135|1980-04-23|2|2|1|9622|8|1||7|07|||8|72.0|165|||2||||||||||||52UZPE01152001T46MT01EBS001H027052UZPE01152001T46MT01EBS001H0270F0270|52UZPE01152001T46MT01EBS001H027052UZPE01152001T46MT01EBS001H0270F0270CC25291135
3|717|ARIAN|SALOME|CASTRO|GALINDEZ|RC|1233195447|2023-12-28|2|2|3|9998|3|1||8|07|||8|||||2||||||||||||52UZPE01152001T46MT01EBS001H027052UZPE01152001T46MT01EBS001H0270F0270|52UZPE01152001T46MT01EBS001H027052UZPE01152001T46MT01EBS001H0270F0270RC1233195447
3|718|JUAN|JOSE|ARTEAGA|FOLLECO|RC|1080068081|2018-01-30|1|2|3|9998|3|2||8|07|||8|24.0|128|||2||||||||||||52UZPE01152001T45MT02EBS001H027152UZPE01152001T45MT02EBS001H0271F0271|52UZPE01152001T45MT02EBS001H027152UZPE01152001T45MT02EBS001H0271F0271RC1080068081
3|719|MARIA|PAULA|ARTEAGA|FOLLECO|TI|1080063303|2014-06-04|2|2|3|9998|3|2||8|07|||8|38.0|128|||2||||||||||||52UZPE01152001T45MT02EBS001H027152UZPE01152001T45MT02EBS001H0271F0271|52UZPE01152001T45MT02EBS001H027152UZPE01152001T45MT02EBS001H0271F0271TI1080063303
3|720|JOSE|LUIS|ARTEAGA|LOPEZ|CC|13072714|1981-10-30|1|2|2|5169|9|2||7|07|||8|70.0|168|||2||||||||||||52UZPE01152001T45MT02EBS001H027152UZPE01152001T45MT02EBS001H0271F0271|52UZPE01152001T45MT02EBS001H027152UZPE01152001T45MT02EBS001H0271F0271CC13072714
3|721|MARISELA|NA|FOLLECO|ERASO|CC|36759908|1982-12-26|2|2|2|5169|9|2||7|07|||8|75.0|160|||2||||||||||||52UZPE01152001T45MT02EBS001H027152UZPE01152001T45MT02EBS001H0271F0271|52UZPE01152001T45MT02EBS001H027152UZPE01152001T45MT02EBS001H0271F0271CC36759908
3|722|LUCIA|NA|REDONDO|FOLLECO|TI|1025896086|2010-12-30|2|2|3|9998|3|2||1|07|||8|51.0|158|||2||||||||||||52UZPE01152001T45MT02EBS001H027152UZPE01152001T45MT02EBS001H0271F0271|52UZPE01152001T45MT02EBS001H027152UZPE01152001T45MT02EBS001H0271F0271TI1025896086
3|723|SEGUNDO|JAVIER|BRAVO|HOYOS|CC|16245027|1950-02-04|1|2|1|9998|2|2||3|07|||1|62.0|163|||2||||||||||||52UZPE01152001T46MT01EBS001H027252UZPE01152001T46MT01EBS001H0272F0272|52UZPE01152001T46MT01EBS001H027252UZPE01152001T46MT01EBS001H0272F0272CC16245027
3|724|ROSA|MELIA|QUIROZ|NA|CC|30705363|1951-08-30|2|2|2|9998|2|2||3|07|||8|49.0|156|||2||||||||||||52UZPE01152001T46MT01EBS001H027252UZPE01152001T46MT01EBS001H0272F0272|52UZPE01152001T46MT01EBS001H027252UZPE01152001T46MT01EBS001H0272F0272CC30705363
3|725|CELINA|CARMEN|ESCOBAR|NA|CC|27332735|1966-06-16|2|2|1|5169|3|1||7|07|||8|58.0|155|||2||||||||||||52UZPE01152001T46MT01EBS001H027352UZPE01152001T46MT01EBS001H0273F0273|52UZPE01152001T46MT01EBS001H027352UZPE01152001T46MT01EBS001H0273F0273CC27332735
3|726|ALFONSO|ARTEMIO|MAIGUAL|VALDEZ|CC|12979406|1963-01-01|1|2|1|9622|4|1||3|07|||8|73.0|165|||2||||||||||||52UZPE01152001T46MT01EBS001H027552UZPE01152001T46MT01EBS001H0275F0275|52UZPE01152001T46MT01EBS001H027552UZPE01152001T46MT01EBS001H0275F0275CC12979406
3|727|RICHARD|ANTONIO|GOMEZ|NA|CC|12984456|1964-12-16|1|2|1|9622|7|1||3|07|||2|69.0|170|||2||||||||||||52UZPE01152001T46MT01EBS001H027852UZPE01152001T46MT01EBS001H0278F0278|52UZPE01152001T46MT01EBS001H027852UZPE01152001T46MT01EBS001H0278F0278CC12984456
3|728|MARIA|ESMERALDA|MARTINEZ|NA|CC|30729278|1964-03-28|2|2|2|9998|3|1||3|07|||8|57.0|150|||2||||||||||||52UZPE01152001T46MT01EBS001H027852UZPE01152001T46MT01EBS001H0278F0278|52UZPE01152001T46MT01EBS001H027852UZPE01152001T46MT01EBS001H0278F0278CC30729278
3|729|MARIA|CECILIA|ROSERO|NA|CC|59815687|1966-03-24|2|2|5|9998|2|1||7|07|||8|52.0|155|||2||||||||||||52UZPE01152001T46MT01EBS001H027952UZPE01152001T46MT01EBS001H0279F0279|52UZPE01152001T46MT01EBS001H027952UZPE01152001T46MT01EBS001H0279F0279CC59815687
3|730|MARI|EUGENIA|RODRIGUEZ|CHAMORRO|CC|27314257|1965-01-03|2|2|5|9998|5|2||3|07|||8|82.0|156|||2||||||||||||52UZPE01152001T45MT04EBS001H028052UZPE01152001T45MT04EBS001H0280F0280|52UZPE01152001T45MT04EBS001H028052UZPE01152001T45MT04EBS001H0280F0280CC27314257
3|731|JOSE|RODRIGO|PORTILLO|ROSALES|CC|5286711|1959-11-03|1|2|1|9622|5|2||3|07|||8|62.0|162|||2||||||||||||52UZPE01152001T45MT04EBS001H028052UZPE01152001T45MT04EBS001H0280F0280|52UZPE01152001T45MT04EBS001H028052UZPE01152001T45MT04EBS001H0280F0280CC5286711
3|732|JOSE|DAVID|PORTILLO|RODRIGUEZ|CC|1014240244|1991-01-25|1|2|3|5169|9|2||7|07|||8|65.0|170|||2||||||||||||52UZPE01152001T45MT04EBS001H028052UZPE01152001T45MT04EBS001H0280F0280|52UZPE01152001T45MT04EBS001H028052UZPE01152001T45MT04EBS001H0280F0280CC1014240244
3|733|LEIDY|ANGELA|PORTILLO|RODRIGUEZ|CC|1086246678|1986-01-29|2|2|3|9622|5|2||7|07|||8|80.0|155|||2||||||||||||52UZPE01152001T45MT04EBS001H028052UZPE01152001T45MT04EBS001H0280F0280|52UZPE01152001T45MT04EBS001H028052UZPE01152001T45MT04EBS001H0280F0280CC1086246678
3|734|NANCY|BIBIANA|APRAEZ|MORENO|CC|59813758|1970-05-09|2|2|5|9998|3|2||7|07|||8|82.0|156|||2||||||||||||52UZPE01152001T45MT02EBS001H028152UZPE01152001T45MT02EBS001H0281F0281|52UZPE01152001T45MT02EBS001H028152UZPE01152001T45MT02EBS001H0281F0281CC59813758
3|735|CARLOS|EDUARDO|PORTILLA|MONTANO|CC|12992688|1968-07-02|1|2|1|5169|5|2||7|07|||8|69.0|158|||2||||||||||||52UZPE01152001T45MT02EBS001H028152UZPE01152001T45MT02EBS001H0281F0281|52UZPE01152001T45MT02EBS001H028152UZPE01152001T45MT02EBS001H0281F0281CC12992688
3|736|PAOLA|ALEJANDRA|PORTILLA|APRAEZ|CC|1233188492|1997-01-17|2|2|5|5169|7|2||7|07|||8|70.0|155|||2||||||||||||52UZPE01152001T45MT02EBS001H028252UZPE01152001T45MT02EBS001H0282F0282|52UZPE01152001T45MT02EBS001H028252UZPE01152001T45MT02EBS001H0282F0282CC1233188492
3|737|ISABELLA|NA|ENRRIQUEZ|PORTILLA|TI|1080066923|2017-03-17|2|2|3|9998|3|2||8|07|||8|26.0|133|||2||||||||||||52UZPE01152001T45MT02EBS001H028252UZPE01152001T45MT02EBS001H0282F0282|52UZPE01152001T45MT02EBS001H028252UZPE01152001T45MT02EBS001H0282F0282TI1080066923
3|738|GONZALO|ANTONIO|CHAMORRO|CHAMORRO|CC|012979542|1963-01-04|1|2|1|9622|3|2||3|07|||8|79.0|162|||2||||||||||||52UZPE01152001T46MT04EBS001H028752UZPE01152001T46MT04EBS001H0287F0287|52UZPE01152001T46MT04EBS001H028752UZPE01152001T46MT04EBS001H0287F0287CC012979542
3|739|BLANCA|CARMEN|ROSERO|BASTIDAS|CC|030720841|1953-02-10|2|2|1|9998|2|1||3|07|||8|68.0|151|||2||||||||||||52UZPE01152001T46MT04EBS001H028852UZPE01152001T46MT04EBS001H0288F0288|52UZPE01152001T46MT04EBS001H028852UZPE01152001T46MT04EBS001H0288F0288CC030720841
3|740|JUAN|MANUEL|DELACRUZ|NOTIENE|CC|11221797|1977-12-24|1|2|2|5169|3|2||7|07|||8|98.0|172|||2||||||||||||52UZPE01152001T46MT01EBS001H029252UZPE01152001T46MT01EBS001H0292F0292|52UZPE01152001T46MT01EBS001H029252UZPE01152001T46MT01EBS001H0292F0292CC11221797
3|741|KAREN|JULIETH|JURADO|JURADO|CC|1085286835|1990-12-22|2|2|2|9510|3|1||7|07|||8|64.0|153|||2||||||||||||52UZPE01152001T46MT01EBS001H029352UZPE01152001T46MT01EBS001H0293F0293|52UZPE01152001T46MT01EBS001H029352UZPE01152001T46MT01EBS001H0293F0293CC1085286835
3|742|JOSE|ARMAMDO|JURADO|JURADO|CC|1085265220|1988-05-21|1|2|4|9510|3|1||7|07|||8|58.0|163|||2||||||||||||52UZPE01152001T46MT01EBS001H029452UZPE01152001T46MT01EBS001H0294F0294|52UZPE01152001T46MT01EBS001H029452UZPE01152001T46MT01EBS001H0294F0294CC1085265220
3|743|DELIA|JANETH|LEITON|DELCASTILLO|CC|27535312|1967-09-02|2|2|1|9510|3|2||7|07|||8|68.0|160|||2||||||||||||52UZPE01152001T46MT01EBS001H029552UZPE01152001T46MT01EBS001H0295F0295|52UZPE01152001T46MT01EBS001H029552UZPE01152001T46MT01EBS001H0295F0295CC27535312
3|744|OSCAR|YESID|ROSERO|CAICEDO|TI|1030001798|2015-07-14|1|2|3|9998|3|1||8|07|||8|73.0|156|||2||||||||||||52UZPE01152001T45MT02EBS001H029652UZPE01152001T45MT02EBS001H0296F0296|52UZPE01152001T45MT02EBS001H029652UZPE01152001T45MT02EBS001H0296F0296TI1030001798
3|745|SANDRA|MARIBEL|CAICEDO|MUNOZ|CC|1085907468|1988-03-30|2|2|5|9998|8|1||7|07|||8|75.0|156|||2||||||||||||52UZPE01152001T45MT02EBS001H029652UZPE01152001T45MT02EBS001H0296F0296|52UZPE01152001T45MT02EBS001H029652UZPE01152001T45MT02EBS001H0296F0296CC1085907468
3|746|JESUS|YESID|ROSERO|CORTES|CC|1004697688|1992-12-24|1|2|5|9622|5|1||7|07|||8|80.0|170|||2||||||||||||52UZPE01152001T45MT02EBS001H029652UZPE01152001T45MT02EBS001H0296F0296|52UZPE01152001T45MT02EBS001H029652UZPE01152001T45MT02EBS001H0296F0296CC1004697688
3|747|GUILLERMO|EMANUEL|ROSERO|CAICEDO|RC|1081288055|2020-08-17|1|2|3|9998|3|1||8|07|||8|||||2||||||||||||52UZPE01152001T45MT02EBS001H029652UZPE01152001T45MT02EBS001H0296F0296|52UZPE01152001T45MT02EBS001H029652UZPE01152001T45MT02EBS001H0296F0296RC1081288055
3|748|CARMEN|FANNY|ANDRADE|DEROMO|CC|27300430|1935-07-30|2|2|1|9998|2|1||3|07|||3|64.0|151|||2||||||||||||52UZPE01152001T46MT01EBS001H029752UZPE01152001T46MT01EBS001H0297F0297|52UZPE01152001T46MT01EBS001H029752UZPE01152001T46MT01EBS001H0297F0297CC27300430
3|749|FERNANDO|NA|VILLOTA|NA|CC|98381371|1972-05-22|1|2|1|5169|2|1||7|07|||8|74.0|168|||2||||||||||||52UZPE01152001T46MT01EBS001H029852UZPE01152001T46MT01EBS001H0298F0298|52UZPE01152001T46MT01EBS001H029852UZPE01152001T46MT01EBS001H0298F0298CC98381371
3|750|ADRIANA|SOFIA|MUNOZ|ROSERO|TI|108538698|2016-01-26|2|2|3|9998|3|2||8|07|||8|45.0|140|||2||||||||||||52UZPE01152001T46MT01EBS001H029952UZPE01152001T46MT01EBS001H0299F0299|52UZPE01152001T46MT01EBS001H029952UZPE01152001T46MT01EBS001H0299F0299TI108538698
3|751|WILSON|ARMANDO|MUNOZ|NA|CC|15814482|1975-04-15|1|2|1|5169|7|2||7|07|||8|68.0|165|||2||||||||||||52UZPE01152001T46MT01EBS001H029952UZPE01152001T46MT01EBS001H0299F0299|52UZPE01152001T46MT01EBS001H029952UZPE01152001T46MT01EBS001H0299F0299CC15814482
3|752|CLAUDIA|PATRICIA|ROSERO|NA|CC|39706324|1978-06-04|2|2|2|9998|8|2||7|07|||8|64.0|160|||2||||||||||||52UZPE01152001T46MT01EBS001H029952UZPE01152001T46MT01EBS001H0299F0299|52UZPE01152001T46MT01EBS001H029952UZPE01152001T46MT01EBS001H0299F0299CC39706324
3|753|YOLANDA|DELSOCORRO|RODRIGUEZ|ERAZO|CC|307316632|1958-05-20|2|2|2|9998|2|2||3|07|||8|52.0|158|||2||||||||||||52UZPE01152001T46MT01EBS001H030052UZPE01152001T46MT01EBS001H0300F0300|52UZPE01152001T46MT01EBS001H030052UZPE01152001T46MT01EBS001H0300F0300CC307316632
3|754|OSCAR|FRANCISCO|OSCAR|NA|CC|12960304|1955-10-03|1|2|1|9998|2|2||3|07|||8|70.0|156|||2||||||||||||52UZPE01152001T46MT01EBS001H030052UZPE01152001T46MT01EBS001H0300F0300|52UZPE01152001T46MT01EBS001H030052UZPE01152001T46MT01EBS001H0300F0300CC12960304
3|755|JOSE|NA|ANDRADE|NA|CC|98145636|1970-07-18|1|2|1|9622|2|1||7|07|||8|95.0|170|||2||||||||||||52UZPE01152001T46MT01EBS001H030152UZPE01152001T46MT01EBS001H0301F0301|52UZPE01152001T46MT01EBS001H030152UZPE01152001T46MT01EBS001H0301F0301CC98145636
3|756|JESUS|ALEXANDER|PABON|PATINO|CC|01085293295|1991-08-30|1|2|2|9622|8|1||7|07|||8|60.0|178|||2||||||||||||52UZPE01152001T46MT01EBS001H030352UZPE01152001T46MT01EBS001H0303F0303|52UZPE01152001T46MT01EBS001H030352UZPE01152001T46MT01EBS001H0303F0303CC01085293295
3|757|ANA|CRISTINA|ARMERO|RUIZ|CC|59831756|1975-05-18|2|2|2|9622|5|1||7|07|||8|62.0|164|||2||||||||||||52UZPE01152001T45MT02EBS001H030652UZPE01152001T45MT02EBS001H0306F0306|52UZPE01152001T45MT02EBS001H030652UZPE01152001T45MT02EBS001H0306F0306CC59831756
3|758|RICHARD|HERNANDO|TOBAR|VIVEROS|CC|98380380|1971-08-21|1|2|2|9622|5|2||7|07|||8|52.0|164|||2||||||||||||52UZPE01152001T45MT02EBS001H030652UZPE01152001T45MT02EBS001H0306F0306|52UZPE01152001T45MT02EBS001H030652UZPE01152001T45MT02EBS001H0306F0306CC98380380
3|759|SANTIAGO|SD|NARVAEZ|TOBAR|TI|1080699221|2013-09-30|1|2|3|9998|3|2||1|07|||8|43.0|155|||2||||||||||||52UZPE01152001T45MT02EBS001H030752UZPE01152001T45MT02EBS001H0307F0307|52UZPE01152001T45MT02EBS001H030752UZPE01152001T45MT02EBS001H0307F0307TI1080699221
3|760|ANYELA|STHEFANNIA|TOBAR|ARMERO|CC|1085297225|1992-05-31|2|2|5|5169|10|2||7|07|||8|65.0|164|||2||||||||||||52UZPE01152001T45MT02EBS001H030752UZPE01152001T45MT02EBS001H0307F0307|52UZPE01152001T45MT02EBS001H030752UZPE01152001T45MT02EBS001H0307F0307CC1085297225
3|761|IRMA|YOLANDA|REALPE|CHAMORRO|CC|30738177|1966-08-23|2|2|1|9998|3|2||7|07|||8|46.0|146|||2||||||||||||52UZPE01152001T46MT01EBS001H030852UZPE01152001T46MT01EBS001H0308F0308|52UZPE01152001T46MT01EBS001H030852UZPE01152001T46MT01EBS001H0308F0308CC30738177
3|762|EMILIO|PAULO|BENAVIDES|ROSERO|CC|5328337|1951-01-01|1|2|1|9998|3|2||3|07|||8|10.0|5|||2||||||||||||52UZPE01152001T46MT01EBS001H030852UZPE01152001T46MT01EBS001H0308F0308|52UZPE01152001T46MT01EBS001H030852UZPE01152001T46MT01EBS001H0308F0308CC5328337
3|763|ALBA|LUCIA|BENVIDES|BENAVIDES|CC|41534139|1950-02-10|2|2|1|9998|2|1||3|07|||8|50.0|145|||2||||||||||||52UZPE01152001T45MT02EBS001H030952UZPE01152001T45MT02EBS001H0309F0309|52UZPE01152001T45MT02EBS001H030952UZPE01152001T45MT02EBS001H0309F0309CC41534139
3|764|ANGIE|STEFANIA|TORO|URBANO|CC|1004136781|2001-03-12|2|2|6|9510|3|1||7|07|||8|50.0|150|||2||||||||||||52UZPE01152001T46MT01EBS001H031152UZPE01152001T46MT01EBS001H0311F0311|52UZPE01152001T46MT01EBS001H031152UZPE01152001T46MT01EBS001H0311F0311CC1004136781
3|765|PAOLA|ANDREA|FORU|PAZ|CC|1085288694|1991-05-13|2|2|6|9510|7|1||7|07|||8|82.0|157|||2||||||||||||52UZPE01152001T46MT01EBS001H031052UZPE01152001T46MT01EBS001H0310F0310|52UZPE01152001T46MT01EBS001H031052UZPE01152001T46MT01EBS001H0310F0310CC1085288694
3|766|ASHLY|JULIETA|CADENA|FORY|RC|1030024026|2019-03-06|2|2|3|9998|3|1||8|07|||8|10.0|5|||2||||||||||||52UZPE01152001T46MT01EBS001H031052UZPE01152001T46MT01EBS001H0310F0310|52UZPE01152001T46MT01EBS001H031052UZPE01152001T46MT01EBS001H0310F0310RC1030024026
3|767|JEFERSON|SNEIDER|CADENA|FORY|TI|1030021411|2011-06-18|2|2|6|9998|3|1||1|07|||8|55.0|150|||2||||||||||||52UZPE01152001T46MT01EBS001H031052UZPE01152001T46MT01EBS001H0310F0310|52UZPE01152001T46MT01EBS001H031052UZPE01152001T46MT01EBS001H0310F0310TI1030021411
3|768|MARCELA|NA|CANCIMA|NA|CC|1085327796|1996-03-03|2|2|1|9510|3|1||7|07|||8|83.0|150|||2||||||||||||52UZPE01152001T46MT01EBS001H031252UZPE01152001T46MT01EBS001H0312F0312|52UZPE01152001T46MT01EBS001H031252UZPE01152001T46MT01EBS001H0312F0312CC1085327796
3|769|ERICK|HANDER|MARTINEZ|BUCHELY|CC|1085244611|1985-10-26|1|2|1|5169|8|2||7|07|||8|65.0|180|||2||||||||||||52UZPE01152001T46MT01EBS001H031352UZPE01152001T46MT01EBS001H0313F0313|52UZPE01152001T46MT01EBS001H031352UZPE01152001T46MT01EBS001H0313F0313CC1085244611
3|770|OSWALDO|RAMIRO|GUERRERO|GOMEZ|CC|98260060|1965-03-16|1|2|1|9622|5|1||3|07|||8|75.0|176|||2||||||||||||52UZPE01152001T46MT01EBS001H031452UZPE01152001T46MT01EBS001H0314F0314|52UZPE01152001T46MT01EBS001H031452UZPE01152001T46MT01EBS001H0314F0314CC98260060
3|771|MARIA|HERMISENDA|LINARES|SANTACRUZ|CC|27197905|1959-08-17|2|2|5|9622|4|1||3|07|||8|50.0|152|||2||||||||||||52UZPE01152001T46MT01EBS001H031552UZPE01152001T46MT01EBS001H0315F0315|52UZPE01152001T46MT01EBS001H031552UZPE01152001T46MT01EBS001H0315F0315CC27197905
3|772|VALERIA|FELICIA|LOPEZ|NOTIENE|CC|01004214485|2000-06-19|2|2|2|5169|7|2||7|07|||8|65.0|165|||2||||||||||||52UZPE01152001T46MT01EBS001H031752UZPE01152001T46MT01EBS001H0317F0317|52UZPE01152001T46MT01EBS001H031752UZPE01152001T46MT01EBS001H0317F0317CC01004214485
3|773|PITER|JANYEK|SALAZAR|TORREZ|TI|1080057636|2010-08-10|1|2|3|9998|3|1||1|07|||8|55.0|161|||2||||||||||||52UZPE01152001T46MT01EBS001H031852UZPE01152001T46MT01EBS001H0318F0318|52UZPE01152001T46MT01EBS001H031852UZPE01152001T46MT01EBS001H0318F0318TI1080057636
3|774|RUBEN|DARIO|ERAZO|HUERTAS|CC|1086694858|2005-01-14|1|2|3|9998|8|1||7|07|||8|50.0|160|||2||||||||||||52UZPE01152001T46MT01EBS001H031952UZPE01152001T46MT01EBS001H0319F0319|52UZPE01152001T46MT01EBS001H031952UZPE01152001T46MT01EBS001H0319F0319CC1086694858
3|775|MARI|DELSOCORRO|SILVA|NA|CC|27141447|1956-09-27|2|2|1|9998|2|2||3|07|||8|64.0|162|||2||||||||||||52UZPE01152001T46MT01EBS001H032052UZPE01152001T46MT01EBS001H0320F0320|52UZPE01152001T46MT01EBS001H032052UZPE01152001T46MT01EBS001H0320F0320CC27141447
3|776|OLGA|PATRICIA|MARTINEZ|SILVA|CC|1085269261|1985-12-15|2|2|3|9510|8|1||7|07|||8|75.0|165|||2||||||||||||52UZPE01152001T46MT01EBS001H032052UZPE01152001T46MT01EBS001H0320F0320|52UZPE01152001T46MT01EBS001H032052UZPE01152001T46MT01EBS001H0320F0320CC1085269261
3|777|BRENDA|YAMILE|VALLEJO|NA|CC|1085286177|1991-01-07|2|2|1|5169|3|1||7|07|||8|67.0|155|||2||||||||||||52UZPE01152001T46MT01EBS001H032152UZPE01152001T46MT01EBS001H0321F0321|52UZPE01152001T46MT01EBS001H032152UZPE01152001T46MT01EBS001H0321F0321CC1085286177
3|778|ANYELI|CAROLINE|AGREDO|VALLEJO|TI|110833849|2013-05-04|2|2|3|9998|3|1||1|07|||8|55.0|155|||2||||||||||||52UZPE01152001T46MT01EBS001H032152UZPE01152001T46MT01EBS001H0321F0321|52UZPE01152001T46MT01EBS001H032152UZPE01152001T46MT01EBS001H0321F0321TI110833849
3|779|MARIA|CECILIA|GUERRERO|YARPAZ|CC|36754683|1978-01-19|2|2|3|9998|7|1||7|07|||8|89.0|158|||2||||||||||||52UZPE01152001T46MT01EBS001H032552UZPE01152001T46MT01EBS001H0325F0325|52UZPE01152001T46MT01EBS001H032552UZPE01152001T46MT01EBS001H0325F0325CC36754683
3|780|MARIA|MERCEDES|BENAVIDES|SARASTY|CC|59817161|1970-12-17|2|2|2|9998|4|1||7|07|||8|50.0|150|||2||||||||||||52UZPE01152001T45MT02EBS001H032652UZPE01152001T45MT02EBS001H0326F0326|52UZPE01152001T45MT02EBS001H032652UZPE01152001T45MT02EBS001H0326F0326CC59817161
3|781|OMAR|EFRAIN|GARIILLO|SEGOVIA|CC|79145937|1956-08-28|1|2|1|5169|7|1||3|07|||8|60.0|170|||2||||||||||||52UZPE01152001T45MT02EBS001H032652UZPE01152001T45MT02EBS001H0326F0326|52UZPE01152001T45MT02EBS001H032652UZPE01152001T45MT02EBS001H0326F0326CC79145937
3|782|ANDRES|ALEXANDER|LASO|ALMEIDAD|CC|12753617|1982-07-22|1|2|3|9998|8|1||7|07|||8|64.0|172|||2||||||||||||52UZPE01152001T46MT01EBS001H032752UZPE01152001T46MT01EBS001H0327F0327|52UZPE01152001T46MT01EBS001H032752UZPE01152001T46MT01EBS001H0327F0327CC12753617
3|783|ALICIA|JOSEFINA|MUNOZ|ESPARSA|CC|30718337|1960-03-14|2|2|1|9998|4|1||3|07|||8|50.0|160|||2||||||||||||52UZPE01152001T46MT01EBS001H033052UZPE01152001T46MT01EBS001H0330F0330|52UZPE01152001T46MT01EBS001H033052UZPE01152001T46MT01EBS001H0330F0330CC30718337
3|784|PIEDAD|DELSOCORRO|DIAZ|ARCINIEGAS|CC|30713859|1957-06-28|2|2|5|9998|4|2||3|07|||8|50.0|145|||2||||||||||||52UZPE01152001T46MT01EBS001H033152UZPE01152001T46MT01EBS001H0331F0331|52UZPE01152001T46MT01EBS001H033152UZPE01152001T46MT01EBS001H0331F0331CC30713859
3|785|CARLOS|EDMUNDO|CERON|FERNANDES|CC|12964790|1957-01-14|1|2|1|9622|9|1||3|07|||8|60.0|162|||2||||||||||||52UZPE01152001T46MT01EBS001H033152UZPE01152001T46MT01EBS001H0331F0331|52UZPE01152001T46MT01EBS001H033152UZPE01152001T46MT01EBS001H0331F0331CC12964790
3|786|YOMAYRADELCARMEN|ROCIO|BELALCAZAR|SILVA|CC|30709272|1957-08-01|2|2|3|9998|9|2||3|07|||8|68.0|157|||2||||||||||||52UZPE01152001T46MT01EBS001H033252UZPE01152001T46MT01EBS001H0332F0332|52UZPE01152001T46MT01EBS001H033252UZPE01152001T46MT01EBS001H0332F0332CC30709272
3|787|MARIELA|NN|SILVA|DEBELALCAZAR|CC|27331546|1931-12-23|2|2|5|9998|5|2||3|07|||8|46.0|50|||2||||||||||||52UZPE01152001T46MT01EBS001H033352UZPE01152001T46MT01EBS001H0333F0333|52UZPE01152001T46MT01EBS001H033352UZPE01152001T46MT01EBS001H0333F0333CC27331546
3|788|FRANCISCO|JAVIER|BELALCAZAR|SILVA|CC|12994205|1968-01-05|1|2|3|5169|9|2||7|07|||8|70.0|175|||2||||||||||||52UZPE01152001T46MT01EBS001H033452UZPE01152001T46MT01EBS001H0334F0334|52UZPE01152001T46MT01EBS001H033452UZPE01152001T46MT01EBS001H0334F0334CC12994205
3|789|ALEJANDRINA|NN|ENRRIQUEZ|DEACOSTA|CC|27284373|1943-01-13|2|2|5|9998|3|5||3|07|||8|50.0|155|||2||||||||||||52UZPE01152001T45MT02EBS001H033552UZPE01152001T45MT02EBS001H0335F0335|52UZPE01152001T45MT02EBS001H033552UZPE01152001T45MT02EBS001H0335F0335CC27284373
3|790|ROBIRA|DELSOCORRO|ACOSTA|ENRRIQUEZ|CC|00000000001|1961-09-30|2|2|3|9998|13|5||3|07|||8|50.0|153|||2||||||||||||52UZPE01152001T45MT02EBS001H033552UZPE01152001T45MT02EBS001H0335F0335|52UZPE01152001T45MT02EBS001H033552UZPE01152001T45MT02EBS001H0335F0335CC00000000001
3|791|ROCIO|ISABEL|BENAVIDES|MARTINEZ|CC|30726074|1964-01-09|2|2|1|5169|8|1||3|07|||8|59.0|160|||2||||||||||||52UZPE01152001T46MT01EBS001H033652UZPE01152001T46MT01EBS001H0336F0336|52UZPE01152001T46MT01EBS001H033652UZPE01152001T46MT01EBS001H0336F0336CC30726074
3|792|LUCERO|MARIN|RODRIGUEZ|NA|CC|31942382|1962-04-28|2|2|1|5169|3|2||3|07|||8|67.0|150|||2||||||||||||52UZPE01152001T46MT01EBS001H033852UZPE01152001T46MT01EBS001H0338F0338|52UZPE01152001T46MT01EBS001H033852UZPE01152001T46MT01EBS001H0338F0338CC31942382
3|793|PATRICIA|NA|MARTINEZ|NA|CC|59829470|1975-01-08|2|2|3|9510|3|1||7|07|||8|66.0|154|||2||||||||||||52UZPE01152001T46MT01EBS001H033952UZPE01152001T46MT01EBS001H0339F0339|52UZPE01152001T46MT01EBS001H033952UZPE01152001T46MT01EBS001H0339F0339CC59829470
3|794|CRISTIAN|NA|MUNOZ|BENAVIDES|CC|87070775|1985-05-09|1|2|3|9998|7|1||7|07|||8|78.0|180|||2||||||||||||52UZPE01152001T46MT01EBS001H033752UZPE01152001T46MT01EBS001H0337F0337|52UZPE01152001T46MT01EBS001H033752UZPE01152001T46MT01EBS001H0337F0337CC87070775
3|795|ANGELA|DANIELA|LASSO|PASCUAZA|CC|1085343684|1999-01-15|2|1|1|9998|5|2||7|07|||8|68.0|152|||2||||||||||||52UZPE01152001T46MT01EBS001H034052UZPE01152001T46MT01EBS001H0340F0340|52UZPE01152001T46MT01EBS001H034052UZPE01152001T46MT01EBS001H0340F0340CC1085343684
3|796|CARLOS|NOHEMIO|PAZ|BRAVO|CC|12973776|1954-09-10|1|2|2|9998|3|2||3|07|||8|66.0|174|||2||||||||||||52UZPE01152001T46MT01EBS001H034252UZPE01152001T46MT01EBS001H0342F0342|52UZPE01152001T46MT01EBS001H034252UZPE01152001T46MT01EBS001H0342F0342CC12973776
3|797|ROSA|ELVIA|VENEGAS|MATABANCHOY|CC|59813900|1965-08-22|2|2|1|9998|2|1||3|07|||8|70.0|152|||2||||||||||||52UZPE01152001T46MT01EBS001H034352UZPE01152001T46MT01EBS001H0343F0343|52UZPE01152001T46MT01EBS001H034352UZPE01152001T46MT01EBS001H0343F0343CC59813900
3|798|ROSENDO|ARTEMIO|DEJOY|RUIZ|CC|12965221|1954-01-01|1|2|2|9998|2|1||3|07|||8|10.0|5|||2||||||||||||52UZPE01152001T46MT01EBS001H034352UZPE01152001T46MT01EBS001H0343F0343|52UZPE01152001T46MT01EBS001H034352UZPE01152001T46MT01EBS001H0343F0343CC12965221
3|799|SANDRA|DELPILAR|CAICEDO|NA|CC|59817288|1969-05-18|2|2|1|5169|5|2||7|07|||8|55.0|156|||2||||||||||||52UZPE01152001T46MT01EBS001H034452UZPE01152001T46MT01EBS001H0344F0344|52UZPE01152001T46MT01EBS001H034452UZPE01152001T46MT01EBS001H0344F0344CC59817288
3|800|CARLOS|ARMANDO|RODRIGUEZ|NA|CC|12991579|1967-11-05|1|2|1|9998|2|2||7|07|||8|10.0|5|||2||||||||||||52UZPE01152001T46MT01EBS001H034452UZPE01152001T46MT01EBS001H0344F0344|52UZPE01152001T46MT01EBS001H034452UZPE01152001T46MT01EBS001H0344F0344CC12991579
3|801|MIRAM|AMPARO|ALVAREZ|NA|CC|307040012|1961-02-28|2|2|1|9510|2|1||3|07|||8|67.0|150|||2||||||||||||52UZPE01152001T46MT01EBS001H034652UZPE01152001T46MT01EBS001H0346F0346|52UZPE01152001T46MT01EBS001H034652UZPE01152001T46MT01EBS001H0346F0346CC307040012
3|802|JORGE|ALFONSO|JIMENEZ|NA|CC|129845724|1965-04-28|1|2|6|9998|3|5||3|07|||8|75.0|165|||2||||||||||||52UZPE01152001T46MT01EBS001H034752UZPE01152001T46MT01EBS001H0347F0347|52UZPE01152001T46MT01EBS001H034752UZPE01152001T46MT01EBS001H0347F0347CC129845724
3|803|JULIO|CESAR|GOMEZ|MARTINEZ|CC|98389210|1972-05-02|1|2|1|9510|5|1||7|07|||8|60.0|165|||2||||||||||||52UZPE01152001T46MT01EBS001H034852UZPE01152001T46MT01EBS001H0348F0348|52UZPE01152001T46MT01EBS001H034852UZPE01152001T46MT01EBS001H0348F0348CC98389210
3|804|MARIA|FERNANDA|AGUIRRE|BRAVO|CC|1193034208|2000-12-17|2|2|1|9998|5|1||7|07|||8|57.0|157|||2||||||||||||52UZPE01152001T46MT01EBS001H034952UZPE01152001T46MT01EBS001H0349F0349|52UZPE01152001T46MT01EBS001H034952UZPE01152001T46MT01EBS001H0349F0349CC1193034208
3|805|FABIOLA|NOAPLICA|RODRIGUEZ|NOAPLICA|CC|30704181|1951-02-02|2|2|1|9998|2|2||3|07|||8|52.0|160|||2||||||||||||52UZPE01152001T46MT01EBS001H035252UZPE01152001T46MT01EBS001H0352F0352|52UZPE01152001T46MT01EBS001H035252UZPE01152001T46MT01EBS001H0352F0352CC30704181
3|806|MARIA|CLAUDIA|FIGUEROA|NA|CC|30742513|1946-11-23|2|2|5|9998|2|1||3|07|||1|75.0|165|||2||||||||||||52UZPE01152001T46MT01EBS001H035352UZPE01152001T46MT01EBS001H0353F0353|52UZPE01152001T46MT01EBS001H035352UZPE01152001T46MT01EBS001H0353F0353CC30742513
3|807|MARIA|HELENA|BENAVIDES|TREJO|CC|30711396|1958-06-20|2|2|1|9998|3|1||3|07|||8|70.0|155|||2||||||||||||52UZPE01152001T46MT01EBS001H035452UZPE01152001T46MT01EBS001H0354F0354|52UZPE01152001T46MT01EBS001H035452UZPE01152001T46MT01EBS001H0354F0354CC30711396
3|808|ANDREA|FERNANDA|BOTINA|ANGANOY|CC|1085255275|1986-11-13|2|2|2|9998|3|1||7|07|||8|70.0|165|||2||||||||||||52UZPE01152001T46MT01EBS001H035552UZPE01152001T46MT01EBS001H0355F0355|52UZPE01152001T46MT01EBS001H035552UZPE01152001T46MT01EBS001H0355F0355CC1085255275