1|NI|900091143|2025-11-23|2025-11-23|1766
2|1|1|52|UZPE011|52001|T03|MT01|SANTIAGO|CARRERA23A415CASA413|-77.28767|1.20945||52UZPE01152001T03MT01EBS001H0001|52UZPE01152001T03MT01EBS001H0001F0001|3|1|1|2|52UZPE01152001T03MT01EBS001|900091143|CC|MT01|AUXILIARESDEENFERMERIA|52UZPE01152001T03MT01EBS001H0001F0001CF001|2024-11-17|1||1||3||1||2|2|11|5|3|2|20||2|13|0||1||1||1||1||2|2|3|1|1|1|1|2|2|2|2|2|2||2|2|1|1||9||1|2|2|1|1|1|2|2|1|52UZPE01152001T03MT01EBS001H000152UZPE01152001T03MT01EBS001H0001F0001
2|2|1|52|UZPE011|52001|T03|MT01|SANTIAGO|417|-77.287633|1.294952||52UZPE01152001T03MT01EBS001H0002|52UZPE01152001T03MT01EBS001H0002F0002|3|1|1|3|52UZPE01152001T03MT01EBS001|900091143|CC|MT01|AUXILIARDEENFERMERIA|52UZPE01152001T03MT01EBS001H0002F0002CF002|2024-12-17|1||1||3||1||3|2|11|5|3|2|20||1|13|0||1||1||1||1||7|1|3|2|1|1|1|2|2|2|2|2|2||2|2|1|2||9||1|2|2|1|1|1|2|2|1|52UZPE01152001T03MT01EBS001H000252UZPE01152001T03MT01EBS001H0002F0002
2|3|1|52|UZPE011|52001|T03|MT01|SANTIAGO|417|-77.287633|1.294952||52UZPE01152001T03MT01EBS001H0003|52UZPE01152001T03MT01EBS001H0003F0003|3|1|1|3|52UZPE01152001T03MT01EBS001|900091143|CC|MT01|AUXILIARDEENFERMERIA|52UZPE01152001T03MT01EBS001H0003F0003CF003|2024-12-17|1||1||3||1||3|2|11|5|3|2|20||1|13|0||1||1||1||1||1|3|3|1|1|1|1|2|2|2|2|2|2||2|2|1|1||9||1|2|2|1|1|1|2|2|1|52UZPE01152001T03MT01EBS001H000352UZPE01152001T03MT01EBS001H0003F0003
2|4|1|52|UZPE011|52001|T03|MT01|SANTIAGO|CRA23A|-77.287541|1.20952||52UZPE01152001T03MT01EBS001H0004|52UZPE01152001T03MT01EBS001H0004F0004|3|1|1|1|52UZPE01152001T03MT01EBS001|900091143|CC|MT01|AUXILIARESDEENFERMERIA|52UZPE01152001T03MT01EBS001H0004F0004CF004|2024-11-17|1||1||3||1||1|2|11|5|3|2|19||1|13|0||1||1||1||1||7|1|3|4|1|1|1|2|2|2|2|2|2||2|2|1|2||9||1|2|2|1|1|1|2|2|1|52UZPE01152001T03MT01EBS001H000452UZPE01152001T03MT01EBS001H0004F0004
2|5|1|52|UZPE011|52001|T03|MT01|SANTIAGO|CARRERA3BNUMERO4A14|-77.28759|1.20976||52UZPE01152001T03MT01EBS001H0005|52UZPE01152001T03MT01EBS001H0005F0005|3|1|1|3|52UZPE01152001T03MT01EBS001|900091143|CC|MT01|AUXILIARESDEENFERMERIA|52UZPE01152001T03MT01EBS001H0005F0005CF005|2024-11-17|1||1||3||1||3|2|11|5|3|2|20||2|13|0||1||1||1||1||2|3|3|1|1|1|1|2|2|2|2|2|2||2|2|1|1||9||1|2|2|1|1|1|2|2|1|52UZPE01152001T03MT01EBS001H000552UZPE01152001T03MT01EBS001H0005F0005
2|6|1|52|UZPE011|52001|T03|MT01|SANTIAGO|CALLE423B17|-77.287864|1.209735||52UZPE01152001T03MT01EBS001H0006|52UZPE01152001T03MT01EBS001H0006F0006|3|1|1|2|52UZPE01152001T03MT01EBS001|900091143|CC|MT01|AUXILIARDEENFERMERIA|52UZPE01152001T03MT01EBS001H0006F0006CF006|2024-11-17|1||1||3||1||2|2|1|5|3|2|20||1|13|0||1||1||1||1||1|2|3|1|1|1|2|2|2|2|2|2|2||2|2|1|1||9||1|2|2|1|2|1|2|2|1|52UZPE01152001T03MT01EBS001H000652UZPE01152001T03MT01EBS001H0006F0006
2|7|1|52|UZPE011|52001|T03|MT01|SANTIAGO|CALLE4ANUMERO23B22|-77.28789|1.20982||52UZPE01152001T03MT01EBS001H0007|52UZPE01152001T03MT01EBS001H0007F0007|3|1|1|1|52UZPE01152001T03MT01EBS001|900091143|CC|MT01|AUXILIARESDEENFERMERIA|52UZPE01152001T03MT01EBS001H0007F0007CF007|2024-11-17|1||1||3||1||1|2|11|5|3|2|20||2|13|0||1||1||1||1||7|1|3|1|1|1|1|2|2|2|2|2|2||2|2|1|2||9||1|2|2|1|1|1|2|2|1|52UZPE01152001T03MT01EBS001H000752UZPE01152001T03MT01EBS001H0007F0007
2|8|1|52|UZPE011|52001|T03|MT01|SANTIAGO|23B4A03|-77.287697|1.209616||52UZPE01152001T03MT01EBS001H0011|52UZPE01152001T03MT01EBS001H0011F0011|3|1|1|2|52UZPE01152001T03MT01EBS001|900091143|CC|MT01|AUXILIARDEENFERMERIA|52UZPE01152001T03MT01EBS001H0011F0011CF011|2024-11-17|1||1||3||1||1|2|11|5|3|2|20||1|13|0||1||1||1||1||1|2|3|2|1|1|1|2|2|2|2|2|2||2|2|1|1||9||1|2|2|1|1|1|2|2|1|52UZPE01152001T03MT01EBS001H001152UZPE01152001T03MT01EBS001H0011F0011
2|9|1|52|UZPE011|52001|T03|MT01|SANTIAGO|CRA23B4A15|-77.287484|1.209612||52UZPE01152001T03MT01EBS001H0013|52UZPE01152001T03MT01EBS001H0013F0013|3|1|1|1|52UZPE01152001T03MT01EBS001|900091143|CC|MT01|AUXILIARESDEENFERMERIA|52UZPE01152001T03MT01EBS001H0013F0013CF013|2024-11-17|1||1||3||1||3|2|11|5|3|2|20||1|13|0||1||1||1||1||1|1|3|1|1|1|1|2|2|2|2|2|2||2|2|2|2||9||2|2|2|1|1|1|2|2|1|52UZPE01152001T03MT01EBS001H001352UZPE01152001T03MT01EBS001H0013F0013
2|10|1|52|UZPE011|52001|T03|MT01|SANTIAGO|CRA23B419|-77.287607|1.209727||52UZPE01152001T03MT01EBS001H0014|52UZPE01152001T03MT01EBS001H0014F0014|3|1|1|2|52UZPE01152001T03MT01EBS001|900091143|CC|MT01|AUXILIARDEENFERMERIA|52UZPE01152001T03MT01EBS001H0014F0014CF014|2024-11-17|1||1||3||1||1|2|11|5|3|2|20||1|13|0||1||1||1||1||1|2|3|2|1|1|1|2|2|2|2|2|2||2|2|2|2||9||2|2|2|1|2|1|2|2|1|52UZPE01152001T03MT01EBS001H001452UZPE01152001T03MT01EBS001H0014F0014
2|11|1|52|UZPE011|52001|T03|MT01|SANTIAGO|CARRERA23BNUMERO4A10|-77.28764|1.20969||52UZPE01152001T03MT01EBS001H0015|52UZPE01152001T03MT01EBS001H0015F0015|3|1|1|1|52UZPE01152001T03MT01EBS001|900091143|CC|MT01|AUXILIARESDEENFERMERIA|52UZPE01152001T03MT01EBS001H0015F0015CF015|2024-11-17|1||1||3||1||1|2|11|5|3|2|20||2|13|0||1||1||1||1||7|1|2|1|1|1|2|2|2|2|2|2|2||2|2|1|1||9||1|2|2|1|1|1|2|2|1|52UZPE01152001T03MT01EBS001H001552UZPE01152001T03MT01EBS001H0015F0015
2|12|1|52|UZPE011|52001|T03|MT01|SANTIAGO|CALLE4ANUMERO23B21|-77.28806|1.21002||52UZPE01152001T03MT01EBS001H0016|52UZPE01152001T03MT01EBS001H0016F0016|2|1|1|2|52UZPE01152001T03MT01EBS001|900091143|CC|MT01|AUXILIARESDEENFERMERIA|52UZPE01152001T03MT01EBS001H0016F0016CF016|2024-11-17|1||1||3||1||2|2|11|5|3|2|20||2|13|0||1||1||1||1||2|2|3|1|1|1|1|2|2|2|2|2|2||2|2|1|1||9||1|2|2|1|1|1|2|2|1|52UZPE01152001T03MT01EBS001H001652UZPE01152001T03MT01EBS001H0016F0016
2|13|1|52|UZPE011|52001|T03|MT01|SANTIAGO|CALLE4A23D34|-77.287566|1.210217||52UZPE01152001T03MT01EBS001H0018|52UZPE01152001T03MT01EBS001H0018F0018|3|2|2|5|52UZPE01152001T03MT01EBS001|900091143|CC|MT01|AUXILIARESDEENFERMERIA|52UZPE01152001T03MT01EBS001H0018F0018CF018|2024-11-17|1||1||3||1||3|2|11|5|2|2|20||1|13|0||1||1||1||1||4|2|3|1|1|1|2|2|2|2|2|2|2||2|2|1|2||9||1|2|2|1|2|1|2|2|1|52UZPE01152001T03MT01EBS001H001852UZPE01152001T03MT01EBS001H0018F0018
2|14|1|52|UZPE011|52001|T03|MT01|SANTIAGO|CALLE4A23D34|-77.287566|1.210217||52UZPE01152001T03MT01EBS001H0019|52UZPE01152001T03MT01EBS001H0019F0019|3|2|2|5|52UZPE01152001T03MT01EBS001|900091143|CC|MT01|AUXILIARESDEENFERMERIA|52UZPE01152001T03MT01EBS001H0019F0019CF019|2024-11-17|1||1||3||1||3|2|11|5|3|2|20||1|13|0||1||1||1||1||2|3|2|2|1|1|2|2|2|2|2|2|2||2|2|2|2||9||2|2|2|1|1|1|2|2|1|52UZPE01152001T03MT01EBS001H001952UZPE01152001T03MT01EBS001H0019F0019
2|15|1|52|UZPE011|52001|T03|MT01|SANTIAGO|CRA24524|-77.287395|1.210167||52UZPE01152001T03MT01EBS001H0021|52UZPE01152001T03MT01EBS001H0021F0021|2|1|1|2|52UZPE01152001T03MT01EBS001|900091143|CC|MT01|AUXILIARDEENFERMERIA|52UZPE01152001T03MT01EBS001H0021F0021CF021|2024-11-19|1||1||3||1||2|2|11|5|3|2|20||1|13|0||1||1||1||1||1|2|3|2|1|1|1|2|2|2|2|2|2||2|2|2|2||9||2|2|2|1|2|1|2|2|1|52UZPE01152001T03MT01EBS001H002152UZPE01152001T03MT01EBS001H0021F0021
2|16|1|52|UZPE011|52001|T03|MT01|SANTIAGO|CARRERA24NUMERO406|-77.28749|1.21013||52UZPE01152001T03MT01EBS001H0022|52UZPE01152001T03MT01EBS001H0022F0022|2|2|2|3|52UZPE01152001T03MT01EBS001|900091143|CC|MT01|AUXILIARESDEENFERMERIA|52UZPE01152001T03MT01EBS001H0022F0022CF022|2024-11-19|1||1||3||1||3|2|11|5|3|2|20||2|13|0||1||1||1||1||7|1|3|1|1|1|1|2|2|2|2|2|2||2|2|1|1||9||1|2|2|1|2|1|2|2|1|52UZPE01152001T03MT01EBS001H002252UZPE01152001T03MT01EBS001H0022F0022
2|17|1|52|UZPE011|52001|T03|MT01|SANTIAGO|CARRERA24NUMERO406|-77.28749|1.21013||52UZPE01152001T03MT01EBS001H0023|52UZPE01152001T03MT01EBS001H0023F0023|2|2|2|3|52UZPE01152001T03MT01EBS001|900091143|CC|MT01|AUXILIARESDEENFERMERIA|52UZPE01152001T03MT01EBS001H0023F0023CF023|2024-11-19|1||1||3||1||3|2|11|5|3|2|20||2|13|0||1||1||1||1||2|2|3|1|1|1|1|2|2|2|2|2|2||2|2|2|2||9||2|2|2|1|1|1|2|2|1|52UZPE01152001T03MT01EBS001H002352UZPE01152001T03MT01EBS001H0023F0023
2|18|1|52|UZPE011|52001|T03|MT01|SANTIAGO|CRRA24A456|-77.287911|1.210081||52UZPE01152001T03MT01EBS001H0025|52UZPE01152001T03MT01EBS001H0025F0025|2|1|1|2|52UZPE01152001T03MT01EBS001|900091143|CC|MT01|AUXILIARESDEENFERMERIA|52UZPE01152001T03MT01EBS001H0025F0025CF025|2024-11-19|1||1||3||1||1|2|8|5|2|2|8||1|13|0||1||1||1||1||1|2|3|1|1|1|1|2|2|2|2|2|2||2|2|2|2||9||2|2|2|1|1|1|2|2|1|52UZPE01152001T03MT01EBS001H002552UZPE01152001T03MT01EBS001H0025F0025
2|19|1|52|UZPE011|52001|T03|MT01|SANTIAGO|CRRA23A5A38|-77.286534|1.209869||52UZPE01152001T03MT01EBS001H0026|52UZPE01152001T03MT01EBS001H0026F0026|3|1|1|3|52UZPE01152001T03MT01EBS001|900091143|CC|MT01|AUXILIARESDEENFERMERIA|52UZPE01152001T03MT01EBS001H0026F0026CF026|2024-11-19|4||1||3||1||2|2|11|5|3|2|20||1|13|0||1||1||1||1||1|3|3|1|1|1|1|2|2|2|2|2|2||2|2|2|1||9||2|2|2|1|2|1|2|2|1|52UZPE01152001T03MT01EBS001H002652UZPE01152001T03MT01EBS001H0026F0026
2|20|1|52|UZPE011|52001|T03|MT01|SANTIAGO|CRRA23529|-77.286906|1.209386||52UZPE01152001T03MT01EBS001H0027|52UZPE01152001T03MT01EBS001H0027F0027|2|1|1|4|52UZPE01152001T03MT01EBS001|900091143|CC|MT01|AUXILIARESDEENFERMERIA|52UZPE01152001T03MT01EBS001H0027F0027CF027|2024-11-19|1||1||3||1||3|2|11|5|3|2|20||1|13|0||1||1||1||1||4|4|3|1|1|1|2|2|2|2|2|2|2||2|2|1|1||9||1|2|2|1|1|1|2|2|1|52UZPE01152001T03MT01EBS001H002752UZPE01152001T03MT01EBS001H0027F0027
2|21|1|52|UZPE011|52001|T03|MT01|SANTIAGO|CRA23A5A38|-77.286588|1.209785||52UZPE01152001T03MT01EBS001H0028|52UZPE01152001T03MT01EBS001H0028F0028|2|1|1|3|52UZPE01152001T03MT01EBS001|900091143|CC|MT01|AUXILIARDEENFERMERIA|52UZPE01152001T03MT01EBS001H0028F0028CF028|2024-11-19|4||1||3||1||3|2|11|5|3|2|20||1|13|0||1||1||1||1||2|3|3|1|1|1|1|2|2|2|2|2|2||2|2|2|2||9||2|2|2|1|2|1|2|2|1|52UZPE01152001T03MT01EBS001H002852UZPE01152001T03MT01EBS001H0028F0028
2|22|1|52|UZPE011|52001|T03|MT01|SANTIAGO|CRA23A5A38|-77.286588|1.209785||52UZPE01152001T03MT01EBS001H0029|52UZPE01152001T03MT01EBS001H0029F0029|2|1|1|3|52UZPE01152001T03MT01EBS001|900091143|CC|MT01|AUXILIARDEENFERMERIA|52UZPE01152001T03MT01EBS001H0029F0029CF029|2024-11-19|4||1||3||1||2|2|11|5|3|2|20||1|13|0||1||1||1||1||1|3|3|1|1|1|1|2|2|2|2|2|2||2|2|2|2||9||2|2|2|1|2|1|2|2|1|52UZPE01152001T03MT01EBS001H002952UZPE01152001T03MT01EBS001H0029F0029
2|23|1|52|UZPE011|52001|T03|MT01|SANTIAGO|CRA23|-77.287348|1.209394||52UZPE01152001T03MT01EBS001H0030|52UZPE01152001T03MT01EBS001H0030F0030|2|1|1|5|52UZPE01152001T03MT01EBS001|900091143|CC|MT01|AUXILIARDEENFERMERIA|52UZPE01152001T03MT01EBS001H0030F0030CF030|2024-11-19|1||1||3||1||4|2|11|5|3|2|20||1|13|0||1||2||1||1||1|5|3|2|1|1|1|2|2|2|2|2|2||2|2|1|2||9||1|2|2|1|2|1|2|2|1|52UZPE01152001T03MT01EBS001H003052UZPE01152001T03MT01EBS001H0030F0030
2|24|1|52|UZPE011|52001|T03|MT01|SANTIAGO|CRA23538|-77.286588|1.2091||52UZPE01152001T03MT01EBS001H0031|52UZPE01152001T03MT01EBS001H0031F0031|2|1|1|2|52UZPE01152001T03MT01EBS001|900091143|CC|MT01|AUXILIARDEENFERMERIA|52UZPE01152001T03MT01EBS001H0031F0031CF031|2024-11-20|1||1||3||4||2|2|11|1|3|2|20||1|13|0||1||1||1||1||1|2|3|3|1|1|1|2|2|2|2|2|2||2|2|1|2||9||1|2|2|1|1|1|2|2|1|52UZPE01152001T03MT01EBS001H003152UZPE01152001T03MT01EBS001H0031F0031
2|25|1|52|UZPE011|52001|T03|MT01|SANTIAGO|CARRERA23NUMERO523|-77.28697|1.20926||52UZPE01152001T03MT01EBS001H0032|52UZPE01152001T03MT01EBS001H0032F0032|2|1|1|1|52UZPE01152001T03MT01EBS001|900091143|CC|MT01|AUXILIARESDEENFERMERIA|52UZPE01152001T03MT01EBS001H0032F0032CF032|2024-11-19|1||1||3||4||1|2|11|5|2|2|20||2|13|0||1||1||1||1||7|1|3|2|1|1|1|2|2|2|2|2|2||2|2|1|1||9||1|2|2|1|2|1|2|2|1|52UZPE01152001T03MT01EBS001H003252UZPE01152001T03MT01EBS001H0032F0032
2|26|1|52|UZPE011|52001|T03|MT01|SANTIAGO|CRRA23532|-77.286936|1.2092||52UZPE01152001T03MT01EBS001H0033|52UZPE01152001T03MT01EBS001H0033F0033|2|1|1|4|52UZPE01152001T03MT01EBS001|900091143|CC|MT01|AUXILIARESDEENFERMERIA|52UZPE01152001T03MT01EBS001H0033F0033CF033|2024-11-20|1||1||3||1||3|2|11|5|2|2|20||1|13|0||1||1||1||1||1|4|3|1|1|1|1|2|2|2|2|2|2||2|2|2|2||9||2|2|2|1|2|1|2|2|1|52UZPE01152001T03MT01EBS001H003352UZPE01152001T03MT01EBS001H0033F0033
2|27|1|52|UZPE011|52001|T03|MT01|SANTIAGO|CRA23536|-77.286824|1.209358||52UZPE01152001T03MT01EBS001H0034|52UZPE01152001T03MT01EBS001H0034F0034|1|1|1|1|52UZPE01152001T03MT01EBS001|900091143|CC|MT01|AUXILIARDEENFERMERIA|52UZPE01152001T03MT01EBS001H0034F0034CF034|2024-11-20|5||1||3||4||1|2|2|4|2|2|20||2|13|0||1||8||1||1||7|1|2|4|1|1|3|2|2|2|2|2|2||2|2|1|2||9||1|2|2|1|1|1|2|2|1|52UZPE01152001T03MT01EBS001H003452UZPE01152001T03MT01EBS001H0034F0034
2|28|1|52|UZPE011|52001|T03|MT01|SANTIAGO|CALLE7A|-77.286321|1.209011||52UZPE01152001T03MT01EBS001H0035|52UZPE01152001T03MT01EBS001H0035F0035|2|1|1|2|52UZPE01152001T03MT01EBS001|900091143|CC|MT01|AUXILIARESDEENFERMERIA|52UZPE01152001T03MT01EBS001H0035F0035CF035|2024-11-20|1||1||3||1||2|2|11|5|3|2|20||1|13|0||1||1||1||1||2|2|3|2|1|1|2|2|2|2|2|2|2||2|2|1|2||9||1|2|2|1|2|1|2|2|1|52UZPE01152001T03MT01EBS001H003552UZPE01152001T03MT01EBS001H0035F0035
2|29|1|52|UZPE011|52001|T03|MT01|SANTIAGO|CALLE5TA22F02|-77.28675|1.209469||52UZPE01152001T03MT01EBS001H0036|52UZPE01152001T03MT01EBS001H0036F0036|2|1|1|3|52UZPE01152001T03MT01EBS001|900091143|CC|MT01|AUXILIARDEENFERMERIA|52UZPE01152001T03MT01EBS001H0036F0036CF036|2024-11-20|1||1||3||4||2|2|11|1|3|2|20||1|13|0||1||2||1||1||1|3|3|2|1|1|1|2|2|2|2|2|2||2|2|1|2||9||1|2|2|1|1|1|2|2|1|52UZPE01152001T03MT01EBS001H003652UZPE01152001T03MT01EBS001H0036F0036
2|30|1|52|UZPE011|52001|T03|MT01|SANTIAGO|CRRA22F513|-77.286804|1.208913||52UZPE01152001T03MT01EBS001H0037|52UZPE01152001T03MT01EBS001H0037F0037|3|1|1|3|52UZPE01152001T03MT01EBS001|900091143|CC|MT01|AUXILIARESDEENFERMERIA|52UZPE01152001T03MT01EBS001H0037F0037CF037|2024-11-20|1||1||3||1||2|2|11|5|2|2|20||1|13|0||1||1||1||1||2|3|3|1|1|1|1|2|2|2|2|2|2||2|2|1|2||9||1|2|2|1|2|1|2|2|1|52UZPE01152001T03MT01EBS001H003752UZPE01152001T03MT01EBS001H0037F0037
2|31|1|52|UZPE011|52001|T03|MT01|SANTIAGO|CRRA23862|-77.285529|1.209836||52UZPE01152001T03MT01EBS001H0038|52UZPE01152001T03MT01EBS001H0038F0038|2|1|1|1|52UZPE01152001T03MT01EBS001|900091143|CC|MT01|AUXILIARESDEENFERMERIA|52UZPE01152001T03MT01EBS001H0038F0038CF038|2024-11-20|1||1||3||1||1|2|1|5|2|2|17||1|13|0||1||1||1||1||7|1|3|4|1|1|2|2|2|2|2|2|2||2|2|2|2||9||2|2|2|1|2|1|2|2|1|52UZPE01152001T03MT01EBS001H003852UZPE01152001T03MT01EBS001H0038F0038
2|32|1|52|UZPE011|52001|T03|MT01|SANTIAGO|CRRA22F865|-77.285226|1.209582||52UZPE01152001T03MT01EBS001H0040|52UZPE01152001T03MT01EBS001H0040F0040|2|1|1|1|52UZPE01152001T03MT01EBS001|900091143|CC|MT01|AUXILIARESDEENFERMERIA|52UZPE01152001T03MT01EBS001H0040F0040CF040|2024-11-20|5||1||3||1||1|2|11|5|2|2|20||1|13|0||1||1||1||1||7|1|3|4|1|1|1|2|2|2|2|2|2||2|2|1|2||9||1|2|2|1|1|1|2|2|1|52UZPE01152001T03MT01EBS001H004052UZPE01152001T03MT01EBS001H0040F0040
2|33|1|52|UZPE011|52001|T03|MT01|SANTIAGO|CRRA23377|-77.286362|1.209577||52UZPE01152001T03MT01EBS001H0042|52UZPE01152001T03MT01EBS001H0042F0042|2|1|1|2|52UZPE01152001T03MT01EBS001|900091143|CC|MT01|AUXILIARESDEENFERMERIA|52UZPE01152001T03MT01EBS001H0042F0042CF042|2024-11-20|1||1||3||1||1|2|11|5|1|2|20||2|13|0||1||1||1||1||2|2|3|1|1|1|2|2|2|2|2|2|2||2|2|1|2||9||1|2|2|1|2|1|2|2|1|52UZPE01152001T03MT01EBS001H004252UZPE01152001T03MT01EBS001H0042F0042
2|34|1|52|UZPE011|52001|T03|MT01|SANTIAGO|CRRA23705|-77.286362|1.209577||52UZPE01152001T03MT01EBS001H0044|52UZPE01152001T03MT01EBS001H0044F0044|2|1|1|1|52UZPE01152001T03MT01EBS001|900091143|CC|MT01|AUXILIARESDEENFERMERIA|52UZPE01152001T03MT01EBS001H0044F0044CF044|2024-11-20|1||1||3||1||1|2|11|5|3|2|20||2|13|0||1||1||1||1||7|1|3|4|1|1|2|2|2|2|2|2|2||2|2|1|2||9||1|2|2|1|1|1|2|2|1|52UZPE01152001T03MT01EBS001H004452UZPE01152001T03MT01EBS001H0044F0044
2|35|1|52|UZPE011|52001|T03|MT01|SANTIAGO|CRRA23A718EDIFICIOMERCEDES|-77.286456|1.209931||52UZPE01152001T03MT01EBS001H0045|52UZPE01152001T03MT01EBS001H0045F0045|2|1|1|1|52UZPE01152001T03MT01EBS001|900091143|CC|MT01|AUXILIARESDEENFERMERIA|52UZPE01152001T03MT01EBS001H0045F0045CF045|2024-11-20|4||1||3||1||1|2|11|5|3|2|20||2|13|0||1||1||1||1||7|1|3|4|1|1|1|2|2|2|2|2|2||2|2|1|2||9||1|2|2|1|1|1|2|2|1|52UZPE01152001T03MT01EBS001H004552UZPE01152001T03MT01EBS001H0045F0045
2|36|1|52|UZPE011|52001|T03|MT01|SANTIAGO|CARRERA23ANUMERO550|-77.28707|1.20972||52UZPE01152001T03MT01EBS001H0046|52UZPE01152001T03MT01EBS001H0046F0046|2|1|1|3|52UZPE01152001T03MT01EBS001|900091143|CC|MT01|AUXILIARESDEENFERMERIA|52UZPE01152001T03MT01EBS001H0046F0046CF046|2024-11-19|1||1||3||1||2|2|11|5|3|2|20||2|13|0||1||1||1||1||1|3|3|1|1|1|1|2|2|2|2|2|2||2|2|1|1||9||1|2|2|1|1|1|2|2|1|52UZPE01152001T03MT01EBS001H004652UZPE01152001T03MT01EBS001H0046F0046
2|37|1|52|UZPE011|52001|T03|MT01|SANTIAGO|CARRERA23NUMERO558|-77.28662|1.20492||52UZPE01152001T03MT01EBS001H0049|52UZPE01152001T03MT01EBS001H0049F0049|2|1|1|2|52UZPE01152001T03MT01EBS001|900091143|CC|MT01|AUXILIARESDEENFERMERIA|52UZPE01152001T03MT01EBS001H0049F0049CF049|2024-11-20|1||1||3||1||2|2|11|5|3|2|20||2|13|0||1||1||1||1||2|2|3|1|1|1|1|2|2|2|2|2|2||2|2|2|2||9||2|2|2|1|1|1|2|2|1|52UZPE01152001T03MT01EBS001H004952UZPE01152001T03MT01EBS001H0049F0049
2|38|1|52|UZPE011|52001|T03|MT01|SANTIAGO|CALLE723B14|-77.286649|1.210205||52UZPE01152001T03MT01EBS001H0051|52UZPE01152001T03MT01EBS001H0051F0051|2|1|1|1|52UZPE01152001T03MT01EBS001|900091143|CC|MT01|AUXILIARDEENFERMERIA|52UZPE01152001T03MT01EBS001H0051F0051CF051|2024-11-21|1||1||4||4||1|2|11|5|3|2|20||1|13|0||1||1||1||1||2|1|3|2|1|1|2|2|2|2|2|2|2||2|2|2|2||9||2|2|2|1|2|1|2|2|1|52UZPE01152001T03MT01EBS001H005152UZPE01152001T03MT01EBS001H0051F0051
2|39|1|52|UZPE011|52001|T03|MT01|SANTIAGO|CALLE72444|-77.286964|1.210634||52UZPE01152001T03MT01EBS001H0053|52UZPE01152001T03MT01EBS001H0053F0053|2|1|1|2|52UZPE01152001T03MT01EBS001|900091143|CC|MT01|AUXILIARDEENFERMERIA|52UZPE01152001T03MT01EBS001H0053F0053CF053|2024-11-21|1||1||3||4||2|2|11|5|3|2|20||1|13|0||1||1||1||1||2|2|3|2|1|1|1|2|2|2|2|2|2||2|2|1|1||9||1|2|2|1|2|1|2|2|1|52UZPE01152001T03MT01EBS001H005352UZPE01152001T03MT01EBS001H0053F0053
2|40|1|52|UZPE011|52001|T03|MT01|SANTIAGO|CRA2428CALLE7|-77.286655|1.210622||52UZPE01152001T03MT01EBS001H0054|52UZPE01152001T03MT01EBS001H0054F0054|1|2|2|7|52UZPE01152001T03MT01EBS001|900091143|CC|MT01|AUXILIARDEENFERMERIA|52UZPE01152001T03MT01EBS001H0054F0054CF054|2024-11-21|1||1||3||4||4|2|11|5|2|2|20||1|13|0||1||1||1||1||1|2|3|1|1|1|2|2|2|2|2|2|2||2|2|1|1||9||1|2|2|1|2|1|2|2|1|52UZPE01152001T03MT01EBS001H005452UZPE01152001T03MT01EBS001H0054F0054
2|41|1|52|UZPE011|52001|T03|MT01|SANTIAGO|CRA2428CALLE7|-77.286655|1.210622||52UZPE01152001T03MT01EBS001H0055|52UZPE01152001T03MT01EBS001H0055F0055|1|2|2|7|52UZPE01152001T03MT01EBS001|900091143|CC|MT01|AUXILIARDEENFERMERIA|52UZPE01152001T03MT01EBS001H0055F0055CF055|2024-11-21|1||1||3||4||4|2|11|5|2|2|20||1|13|0||1||1||1||1||1|6|2|2|1|1|1|2|2|2|2|2|2||2|2|1|1||9||1|2|2|1|1|1|2|2|1|52UZPE01152001T03MT01EBS001H005552UZPE01152001T03MT01EBS001H0055F0055
2|42|1|52|UZPE011|52001|T03|MT01|SANTIAGO|CARRERA23ANUMERO554|-77.2877|1.20974||52UZPE01152001T03MT01EBS001H0056|52UZPE01152001T03MT01EBS001H0056F0056|2|1|1|3|52UZPE01152001T03MT01EBS001|900091143|CC|MT01|AUXILIARESDEENFERMERIA|52UZPE01152001T03MT01EBS001H0056F0056CF056|2024-11-20|1||1||3||1||3|2|11|5|3|2|20||2|13|0||1||1||1||1||2|3|3|1|1|1|1|2|2|2|2|2|2||2|2|1|2||9||1|2|2|1|1|1|2|2|1|52UZPE01152001T03MT01EBS001H005652UZPE01152001T03MT01EBS001H0056F0056
2|43|1|52|UZPE011|52001|T03|MT01|SANTIAGO|CARRERA23NUMERO520|-77.28701|1.20923||52UZPE01152001T03MT01EBS001H0057|52UZPE01152001T03MT01EBS001H0057F0057|2|2|2|3|52UZPE01152001T03MT01EBS001|900091143|CC|MT01|AUXILIARESDEENFERMERIA|52UZPE01152001T03MT01EBS001H0057F0057CF057|2024-11-20|1||1||3||4||3|2|11|5|2|2|20||2|13|0||1||1||1||1||2|2|3|1|1|1|1|2|2|2|2|2|2||2|2|1|1||9||1|2|2|1|1|1|2|2|1|52UZPE01152001T03MT01EBS001H005752UZPE01152001T03MT01EBS001H0057F0057
2|44|1|52|UZPE011|52001|T03|MT01|SANTIAGO|CARRERA23NUMERO520|-77.28701|1.20923||52UZPE01152001T03MT01EBS001H0058|52UZPE01152001T03MT01EBS001H0058F0058|2|2|2|3|52UZPE01152001T03MT01EBS001|900091143|CC|MT01|AUXILIARESDEENFERMERIA|52UZPE01152001T03MT01EBS001H0058F0058CF058|2024-11-20|1||1||3||4||3|2|11|5|3|2|20||2|13|0||1||1||1||1||7|1|3|1|1|1|1|2|2|2|2|2|2||2|2|1|1||9||1|2|2|1|1|1|2|2|1|52UZPE01152001T03MT01EBS001H005852UZPE01152001T03MT01EBS001H0058F0058
2|45|1|52|UZPE011|52001|T03|MT01|SANTIAGO|CARRERA23ANUMERO718|-77.28649|1.21008||52UZPE01152001T03MT01EBS001H0061|52UZPE01152001T03MT01EBS001H0061F0061|2|1|1|2|52UZPE01152001T03MT01EBS001|900091143|CC|MT01|AUXILIARESDEENFERMERIA|52UZPE01152001T03MT01EBS001H0061F0061CF061|2024-11-20|4||1||3||1||1|2|11|5|3|2|20||2|13|0||1||1||1||1||1|2|3|1|1|1|2|2|2|2|2|2|2||2|2|1|1||9||1|2|2|1|1|1|2|2|1|52UZPE01152001T03MT01EBS001H006152UZPE01152001T03MT01EBS001H0061F0061
2|46|1|52|UZPE011|52001|T03|MT01|SANTIAGO|ARRERA24NUMERO506|-77.28741|1.21014||52UZPE01152001T03MT01EBS001H0063|52UZPE01152001T03MT01EBS001H0063F0063|2|2|2|3|52UZPE01152001T03MT01EBS001|900091143|CC|MT01|AUXILIARESDEENFERMERIA|52UZPE01152001T03MT01EBS001H0063F0063CF063|2024-11-21|1||1||3||1||3|2|11|5|3|2|20||2|13|0||1||1||1||1||2|2|3|1|1|1|1|2|2|2|2|2|2||2|2|1|1||9||1|2|2|1|1|1|2|2|1|52UZPE01152001T03MT01EBS001H006352UZPE01152001T03MT01EBS001H0063F0063
2|47|1|52|UZPE011|52001|T03|MT01|SANTIAGO|ARRERA24NUMERO506|-77.28741|1.21014||52UZPE01152001T03MT01EBS001H0064|52UZPE01152001T03MT01EBS001H0064F0064|2|2|2|3|52UZPE01152001T03MT01EBS001|900091143|CC|MT01|AUXILIARESDEENFERMERIA|52UZPE01152001T03MT01EBS001H0064F0064CF064|2024-11-21|1||1||3||1||3|2|11|5|3|2|20||2|13|0||1||1||1||1||7|1|3|1|1|1|1|2|2|2|2|2|2||2|2|1|1||9||1|2|2|1|1|1|2|2|1|52UZPE01152001T03MT01EBS001H006452UZPE01152001T03MT01EBS001H0064F0064
2|48|1|52|UZPE011|52001|T03|MT01|SANTIAGO|CARRERA24NUMERO733|-77.28645|1.21062||52UZPE01152001T03MT01EBS001H0065|52UZPE01152001T03MT01EBS001H0065F0065|2|2|2|3|52UZPE01152001T03MT01EBS001|900091143|CC|MT01|AUXILIARESDEENFERMERIA|52UZPE01152001T03MT01EBS001H0065F0065CF065|2024-11-21|1||1||3||4||3|2|11|5|3|2|20||1|13|0||1||1||1||1||2|2|3|1|1|1|1|2|2|2|2|2|2||2|2|2|1||9||2|2|2|1|1|1|2|2|1|52UZPE01152001T03MT01EBS001H006552UZPE01152001T03MT01EBS001H0065F0065
2|49|1|52|UZPE011|52001|T03|MT01|SANTIAGO|CARRERA24NUMERO733|-77.28645|1.21062||52UZPE01152001T03MT01EBS001H0066|52UZPE01152001T03MT01EBS001H0066F0066|2|2|2|3|52UZPE01152001T03MT01EBS001|900091143|CC|MT01|AUXILIARESDEENFERMERIA|52UZPE01152001T03MT01EBS001H0066F0066CF066|2024-11-21|1||1||3||4||3|2|11|5|3|2|20||1|13|0||1||1||1||1||7|1|3|1|1|1|1|2|2|2|2|2|2||2|2|2|1||9||2|2|2|1|1|1|2|2|1|52UZPE01152001T03MT01EBS001H006652UZPE01152001T03MT01EBS001H0066F0066
2|50|1|52|UZPE011|52001|T03|MT01|SANTIAGO|CRRA24528|-77.286296|1.210616||52UZPE01152001T03MT01EBS001H0067|52UZPE01152001T03MT01EBS001H0067F0067|2|1|1|1|52UZPE01152001T03MT01EBS001|900091143|CC|MT01|AUXILIARESDEENFERMERIA|52UZPE01152001T03MT01EBS001H0067F0067CF067|2024-11-21|1||1||3||1||1|2|11|5|2|2|20||1|13|0||1||1||1||1||7|1|3|1|1|1|1|2|2|2|2|2|2||2|2|1|1||9||1|2|2|1|1|1|2|2|1|52UZPE01152001T03MT01EBS001H006752UZPE01152001T03MT01EBS001H0067F0067
2|51|1|52|UZPE011|52001|T03|MT01|SANTIAGO|CLLE72322|-77.286589|1.209796||52UZPE01152001T03MT01EBS001H0068|52UZPE01152001T03MT01EBS001H0068F0068|2|1|1|3|52UZPE01152001T03MT01EBS001|900091143|CC|MT01|AUXILIARESDEENFERMERIA|52UZPE01152001T03MT01EBS001H0068F0068CF068|2024-11-21|1||1||3||1||3|2|11|5|3|2|20||2|13|0||1||1||1||1||4|3|3|1|1|1|1|2|2|2|2|2|2||2|2|1|2||9||1|2|2|1|1|1|2|2|1|52UZPE01152001T03MT01EBS001H006852UZPE01152001T03MT01EBS001H0068F0068
2|52|1|52|UZPE011|52001|T03|MT01|SANTIAGO|CLLE82418|-77.28639|1.210687||52UZPE01152001T03MT01EBS001H0069|52UZPE01152001T03MT01EBS001H0069F0069|2|1|1|2|52UZPE01152001T03MT01EBS001|900091143|CC|MT01|AUXILIARESDEENFERMERIA|52UZPE01152001T03MT01EBS001H0069F0069CF069|2024-11-21|1||1||3||1||2|2|11|5|2|2|20||1|13|0||1||1||1||1||2|2|3|1|1|1|2|2|2|2|2|2|2||2|2|2|1||9||2|2|2|1|2|1|2|2|1|52UZPE01152001T03MT01EBS001H006952UZPE01152001T03MT01EBS001H0069F0069
2|53|1|52|UZPE011|52001|T03|MT01|SANTIAGO|CARRERA24NUMERO728|-77.2867|1.21092||52UZPE01152001T03MT01EBS001H0070|52UZPE01152001T03MT01EBS001H0070F0070|2|1|1|2|52UZPE01152001T03MT01EBS001|900091143|CC|MT01|AUXILIARESDEENFERMERIA|52UZPE01152001T03MT01EBS001H0070F0070CF070|2024-11-21|1||1||3||4||2|2|11|5|2|2|20||2|13|0||1||1||1||1||2|2|3|1|1|1|1|2|2|2|2|2|2||2|2|1|1||9||1|2|2|1|1|1|2|2|1|52UZPE01152001T03MT01EBS001H007052UZPE01152001T03MT01EBS001H0070F0070
2|54|1|52|UZPE011|52001|T03|MT01|SANTIAGO|CRRA24A719|-77.286793|1.210874||52UZPE01152001T03MT01EBS001H0071|52UZPE01152001T03MT01EBS001H0071F0071|2|1|1|3|52UZPE01152001T03MT01EBS001|900091143|CC|MT01|AUXILIARESDEENFERMERIA|52UZPE01152001T03MT01EBS001H0071F0071CF071|2024-11-21|1||1||3||1||3|2|11|5|3|2|20||1|13|0||1||1||1||1||4|3|3|1|1|1|1|2|2|2|2|2|2||2|2|1|1||9||1|2|2|1|2|1|2|2|1|52UZPE01152001T03MT01EBS001H007152UZPE01152001T03MT01EBS001H0071F0071
2|55|1|52|UZPE011|52001|T03|MT01|SANTIAGO|CARRERA24ANUMERO4103|-77.28754|1.21049||52UZPE01152001T03MT01EBS001H0072|52UZPE01152001T03MT01EBS001H0072F0072|2|1|1|2|52UZPE01152001T03MT01EBS001|900091143|CC|MT01|AUXILIARESDEENFERMERIA|52UZPE01152001T03MT01EBS001H0072F0072CF072|2024-11-21|1||1||3||4||1|2|11|5|2|2|20||2|13|0||1||1||1||1||1|2|3|1|1|1|1|2|2|2|2|2|2||2|2|2|2||9||2|2|2|1|1|1|2|2|1|52UZPE01152001T03MT01EBS001H007252UZPE01152001T03MT01EBS001H0072F0072
2|56|1|52|UZPE011|52001|T03|MT01|SANTIAGO|CLLE72434|-77.286987|1.210617||52UZPE01152001T03MT01EBS001H0073|52UZPE01152001T03MT01EBS001H0073F0073|2|1|1|2|52UZPE01152001T03MT01EBS001|900091143|CC|MT01|AUXILIARESDEENFERMERIA|52UZPE01152001T03MT01EBS001H0073F0073CF073|2024-11-21|1||1||3||1||2|2|11|5|2|2|20||2|13|0||1||1||1||1||4|2|3|1|1|1|1|2|2|2|2|2|2||2|2|1|2||9||1|2|2|1|1|1|2|2|1|52UZPE01152001T03MT01EBS001H007352UZPE01152001T03MT01EBS001H0073F0073
2|57|1|52|UZPE011|52001|T03|MT01|SANTIAGO|CARRERA24NUMERO2491|-77.28752|1.21049||52UZPE01152001T03MT01EBS001H0074|52UZPE01152001T03MT01EBS001H0074F0074|2|1|1|3|52UZPE01152001T03MT01EBS001|900091143|CC|MT01|AUXILIARESDEENFERMERIA|52UZPE01152001T03MT01EBS001H0074F0074CF074|2024-11-21|1||1||3||4||2|2|11|5|2|2|20||2|13|0||1||1||1||1||1|3|3|1|1|1|1|2|2|2|2|2|2||2|2|1|2||9||1|2|2|1|1|1|2|2|1|52UZPE01152001T03MT01EBS001H007452UZPE01152001T03MT01EBS001H0074F0074
2|58|1|52|UZPE011|52001|T03|MT01|SANTIAGO|CRRA24A470|-77.287784|1.210431||52UZPE01152001T03MT01EBS001H0075|52UZPE01152001T03MT01EBS001H0075F0075|2|1|1|1|52UZPE01152001T03MT01EBS001|900091143|CC|MT01|AUXILIARESDEENFERMERIA|52UZPE01152001T03MT01EBS001H0075F0075CF075|2024-11-21|1||1||3||1||1|2|11|5|3|2|20||2|13|0||1||1||1||1||7|1|3|1|1|1|2|2|2|2|2|2|2||2|2|1|2||9||1|2|2|1|1|1|2|2|1|52UZPE01152001T03MT01EBS001H007552UZPE01152001T03MT01EBS001H0075F0075
2|59|1|52|UZPE011|52001|T03|MT01|SANTIAGO|CRRA24A428|-77.28812|1.21025||52UZPE01152001T03MT01EBS001H0076|52UZPE01152001T03MT01EBS001H0076F0076|2|1|1|1|52UZPE01152001T03MT01EBS001|900091143|CC|MT01|AUXILIARESDEENFERMERIA|52UZPE01152001T03MT01EBS001H0076F0076CF076|2024-11-21|1||1||3||1||1|2|11|5|3|2|20||1|13|0||1||1||1||1||7|1|3|1|1|1|1|2|2|2|2|2|2||2|2|1|2||9||1|2|2|1|1|1|2|2|1|52UZPE01152001T03MT01EBS001H007652UZPE01152001T03MT01EBS001H0076F0076
2|60|1|52|UZPE011|52001|T03|MT01|SANTIAGO|CRRA24A456|-77.28801|1.210314||52UZPE01152001T03MT01EBS001H0077|52UZPE01152001T03MT01EBS001H0077F0077|2|1|1|4|52UZPE01152001T03MT01EBS001|900091143|CC|MT01|AUXILIARESDEENFERMERIA|52UZPE01152001T03MT01EBS001H0077F0077CF077|2024-11-21|1||1||3||1||3|2|11|5|3|2|20||1|13|0||1||1||1||1||1|4|3|1|1|1|1|2|2|2|2|2|2||2|2|2|2||9||2|2|2|1|1|1|2|2|1|52UZPE01152001T03MT01EBS001H007752UZPE01152001T03MT01EBS001H0077F0077
2|61|1|52|UZPE011|52001|T03|MT01|SANTIAGO|CRA24A863|-77.286064|1.211246||52UZPE01152001T03MT01EBS001H0078|52UZPE01152001T03MT01EBS001H0078F0078|2|1|1|2|52UZPE01152001T03MT01EBS001|900091143|CC|MT01|AUXILIARDEENFERMERIA|52UZPE01152001T03MT01EBS001H0078F0078CF078|2024-11-24|1||1||3||1||2|2|11|5|3|2|20||1|13|0||1||1||1||1||1|2|2|1|1|3|1|2|2|2|2|2|2||2|2|1|1||9||1|2|2|1|2|1|2|2|1|52UZPE01152001T03MT01EBS001H007852UZPE01152001T03MT01EBS001H0078F0078
2|62|1|52|UZPE011|52001|T03|MT01|SANTIAGO|CALLE8NUMERO24A23|-77.28679|1.21127||52UZPE01152001T03MT01EBS001H0079|52UZPE01152001T03MT01EBS001H0079F0079|2|1|1|2|52UZPE01152001T03MT01EBS001|900091143|CC|MT01|AUXILIARESDEENFERMERIA|52UZPE01152001T03MT01EBS001H0079F0079CF079|2024-11-24|1||1||3||4||2|2|11|5|2|2|20||1|13|0||1||1||1||1||1|2|3|1|1|1|1|2|2|2|2|2|2||2|2|1|1||9||1|2|2|1|1|1|2|2|1|52UZPE01152001T03MT01EBS001H007952UZPE01152001T03MT01EBS001H0079F0079
2|63|1|52|UZPE011|52001|T03|MT01|SANTIAGO|CARRERA23NUMERO506|-77.28665|1.20963||52UZPE01152001T03MT01EBS001H0083|52UZPE01152001T03MT01EBS001H0083F0083|2|1|1|2|52UZPE01152001T03MT01EBS001|900091143|CC|MT01|AUXILIARESDEENFERMERIA|52UZPE01152001T03MT01EBS001H0083F0083CF083|2024-11-20|4||1||3||1||2|2|11|5|2|2|20||2|13|0||1||1||1||1||2|2|3|1|1|1|1|2|2|2|2|2|2||2|2|1|2||9||1|2|2|1|2|1|2|2|1|52UZPE01152001T03MT01EBS001H008352UZPE01152001T03MT01EBS001H0083F0083
2|64|1|52|UZPE011|52001|T03|MT01|SANTIAGO|CRA25828|-77.286514|1.211517||52UZPE01152001T03MT01EBS001H0084|52UZPE01152001T03MT01EBS001H0084F0084|1|1|1|3|52UZPE01152001T03MT01EBS001|900091143|CC|MT01|AUXILIARDEENFERMERIA|52UZPE01152001T03MT01EBS001H0084F0084CF084|2024-12-24|5||2||3||4||2|2|11|5|2|2|8||2|13|0||1||2||1||1||7|1|2|3|1|1|4|2|2|2|2|2|2||2|2|1|1||9||1|2|2|1|1|1|2|2|1|52UZPE01152001T03MT01EBS001H008452UZPE01152001T03MT01EBS001H0084F0084
2|65|1|52|UZPE011|52001|T03|MT01|SANTIAGO|CRA25828|-77.286514|1.211517||52UZPE01152001T03MT01EBS001H0085|52UZPE01152001T03MT01EBS001H0085F0085|1|1|1|3|52UZPE01152001T03MT01EBS001|900091143|CC|MT01|AUXILIARDEENFERMERIA|52UZPE01152001T03MT01EBS001H0085F0085CF085|2024-12-24|5||2||3||4||2|2|11|5|2|2|8||2|13|0||1||2||1||1||2|2|3|2|1|1|1|2|2|2|2|2|2||2|2|2|1||9||2|2|2|1|1|1|2|2|1|52UZPE01152001T03MT01EBS001H008552UZPE01152001T03MT01EBS001H0085F0085
2|66|1|52|UZPE011|52001|T03|MT01|SANTIAGO|CARRERA25NUMERO828|-77.28647|1.21149||52UZPE01152001T03MT01EBS001H0086|52UZPE01152001T03MT01EBS001H0086F0086|2|1|1|4|52UZPE01152001T03MT01EBS001|900091143|CC|MT01|AUXILIARESDEENFERMERIA|52UZPE01152001T03MT01EBS001H0086F0086CF086|2024-11-24|5||2||3||4||1|1|11|5|2|2|19||1|13|0||1||1||1||1||1|2|3|1|1|1|1|2|2|2|2|2|2||2|2|1|1||9||1|2|2|1|1|1|2|2|1|52UZPE01152001T03MT01EBS001H008652UZPE01152001T03MT01EBS001H0086F0086
2|67|1|52|UZPE011|52001|T03|MT01|SANTIAGO|CARRERA25NUMERO828|-77.28647|1.21149||52UZPE01152001T03MT01EBS001H0087|52UZPE01152001T03MT01EBS001H0087F0087|2|1|1|4|52UZPE01152001T03MT01EBS001|900091143|CC|MT01|AUXILIARESDEENFERMERIA|52UZPE01152001T03MT01EBS001H0087F0087CF087|2024-11-24|5||2||3||4||1|1|11|5|2|2|19||1|13|0||1||1||1||1||1|4|3|1|1|1|1|2|2|2|2|2|2||2|2|1|2||9||1|2|2|1|1|1|2|2|1|52UZPE01152001T03MT01EBS001H008752UZPE01152001T03MT01EBS001H0087F0087
2|68|1|52|UZPE011|52001|T03|MT01|SANTIAGO|CARRERA26NUMERO869|-77.2864|1.21223||52UZPE01152001T03MT01EBS001H0089|52UZPE01152001T03MT01EBS001H0089F0089|2|1|1|2|52UZPE01152001T03MT01EBS001|900091143|CC|MT01|AUXILIARESDEENFERMERIA|52UZPE01152001T03MT01EBS001H0089F0089CF089|2024-11-24|1||1||3||1||2|2|11|5|3|2|20||1|13|0||1||1||1||1||2|2|3|1|1|1|1|2|2|2|2|2|2||2|2|2|2||9||2|2|2|1|2|1|2|2|1|52UZPE01152001T03MT01EBS001H008952UZPE01152001T03MT01EBS001H0089F0089
2|69|1|52|UZPE011|52001|T03|MT01|SANTIAGO|CRRA25518|-77.287337|1.210869||52UZPE01152001T03MT01EBS001H0090|52UZPE01152001T03MT01EBS001H0090F0090|2|1|1|2|52UZPE01152001T03MT01EBS001|900091143|CC|MT01|AUXILIARESDEENFERMERIA|52UZPE01152001T03MT01EBS001H0090F0090CF090|2024-11-24|1||1||3||1||2|2|11|5|3|2|20||1|13|0||1||1||1||1||2|2|3|1|1|1|1|2|2|2|2|2|2||2|2|1|2||9||1|2|2|1|1|1|2|2|1|52UZPE01152001T03MT01EBS001H009052UZPE01152001T03MT01EBS001H0090F0090
2|70|1|52|UZPE011|52001|T03|MT01|SANTIAGO|CRRA24A713|-77.286727|1.210922||52UZPE01152001T03MT01EBS001H0092|52UZPE01152001T03MT01EBS001H0092F0092|2|1|1|2|52UZPE01152001T03MT01EBS001|900091143|CC|MT01|AUXILIARESDEENFERMERIA|52UZPE01152001T03MT01EBS001H0092F0092CF092|2024-11-24|1||1||3||1||2|2|11|5|3|2|20||1|13|0||1||1||1||1||2|2|3|1|1|1|1|2|2|2|2|2|2||2|2|2|2||9||2|2|2|1|1|1|2|2|1|52UZPE01152001T03MT01EBS001H009252UZPE01152001T03MT01EBS001H0092F0092
2|71|1|52|UZPE011|52001|T03|MT01|SANTIAGO|CRRA23439|-77.286904|1.209292||52UZPE01152001T03MT01EBS001H0093|52UZPE01152001T03MT01EBS001H0093F0093|2|1|1|1|52UZPE01152001T03MT01EBS001|900091143|CC|MT01|AUXILIARESDEENFERMERIA|52UZPE01152001T03MT01EBS001H0093F0093CF093|2024-11-24|1||1||3||1||1|2|11|5|2|2|20||1|13|0||1||1||1||1||7|1|3|1|1|1|2|2|2|2|2|2|2||2|2|1|2||9||1|2|2|1|2|1|2|2|1|52UZPE01152001T03MT01EBS001H009352UZPE01152001T03MT01EBS001H0093F0093
2|72|1|52|UZPE011|52001|T03|MT01|SANTIAGO|CALLE92425|-77.285743|1.211028||52UZPE01152001T03MT01EBS001H0094|52UZPE01152001T03MT01EBS001H0094F0094|1|1|1|2|52UZPE01152001T03MT01EBS001|900091143|CC|MT01|AUXILIARDEENFERMERIA|52UZPE01152001T03MT01EBS001H0094F0094CF094|2024-11-25|4||1||3||1||1|2|11|5|2|2|20||1|13|0||1||1||1||1||1|2|3|2|1|1|1|2|2|2|2|2|2||2|2|1|1||9||1|2|2|1|2|1|2|2|1|52UZPE01152001T03MT01EBS001H009452UZPE01152001T03MT01EBS001H0094F0094
2|73|1|52|UZPE011|52001|T03|MT01|SANTIAGO|CARRERA24NUMERO839|-77.2059|1.21073||52UZPE01152001T03MT01EBS001H0095|52UZPE01152001T03MT01EBS001H0095F0095|2|1|1|2|52UZPE01152001T03MT01EBS001|900091143|CC|MT01|AUXILIARESDEENFERMERIA|52UZPE01152001T03MT01EBS001H0095F0095CF095|2024-11-25|1||1||3||1||2|2|11|5|2|2|20||2|13|0||1||1||1||1||2|2|3|1|1|1|1|2|2|2|2|2|2||2|2|1|2||9||1|2|2|1|1|1|2|2|1|52UZPE01152001T03MT01EBS001H009552UZPE01152001T03MT01EBS001H0095F0095
2|74|1|52|UZPE011|52001|T03|MT01|SANTIAGO|CALLE8NUERO2418|-77.28648|1.21071||52UZPE01152001T03MT01EBS001H0096|52UZPE01152001T03MT01EBS001H0096F0096|2|1|1|2|52UZPE01152001T03MT01EBS001|900091143|CC|MT01|AUXILIARESDEENFERMERIA|52UZPE01152001T03MT01EBS001H0096F0096CF096|2024-11-25|1||1||3||4||2|2|11|5|3|2|20||2|13|0||1||1||1||1||1|2|3|1|1|1|1|2|2|2|2|2|2||2|2|1|1||9||1|2|2|1|2|1|2|2|1|52UZPE01152001T03MT01EBS001H009652UZPE01152001T03MT01EBS001H0096F0096
2|75|1|52|UZPE011|52001|T03|MT01|SANTIAGO|CARRERA23ANUMERO831|-77.28586|1.21019||52UZPE01152001T03MT01EBS001H0097|52UZPE01152001T03MT01EBS001H0097F0097|2|1|1|1|52UZPE01152001T03MT01EBS001|900091143|CC|MT01|AUXILIARESDEENFERMERIA|52UZPE01152001T03MT01EBS001H0097F0097CF097|2024-11-25|1||1||3||1||1|2|11|5|3|2|20||1|13|0||1||1||1||1||7|1|3|1|1|1|3|2|2|2|2|2|2||2|2|1|1||9||1|2|2|1|2|1|2|2|1|52UZPE01152001T03MT01EBS001H009752UZPE01152001T03MT01EBS001H0097F0097
2|76|1|52|UZPE011|52001|T03|MT01|SANTIAGO|CALLE9NUMERO23A39|-77.28554|1.21071||52UZPE01152001T03MT01EBS001H0098|52UZPE01152001T03MT01EBS001H0098F0098|2|1|1|3|52UZPE01152001T03MT01EBS001|900091143|CC|MT01|AUXILIARESDEENFERMERIA|52UZPE01152001T03MT01EBS001H0098F0098CF098|2024-11-25|1||2||3||2||2|2|11|5|2|2|20||1|13|0||1||1||1||1||2|3|3|1|1|1|1|2|2|2|2|2|2||2|2|1|2||9||1|2|2|1|2|1|2|2|1|52UZPE01152001T03MT01EBS001H009852UZPE01152001T03MT01EBS001H0098F0098
2|77|1|52|UZPE011|52001|T03|MT01|SANTIAGO|CARRERA42ANUMERO17159APARTAMENTO101EDIFICIOSANTORINI|-77.28608|1.21086||52UZPE01152001T03MT01EBS001H0100|52UZPE01152001T03MT01EBS001H0100F0100|3|1|1|2|52UZPE01152001T03MT01EBS001|900091143|CC|MT01|AUXILIARESDEENFERMERIA|52UZPE01152001T03MT01EBS001H0100F0100CF100|2024-11-25|4||1||3||1||2|2|11|5|3|2|20||2|13|0||1||1||1||1||2|2|2|2|1|1|3|2|2|2|2|2|2||2|2|1|1||9||1|2|2|1|2|1|2|2|1|52UZPE01152001T03MT01EBS001H010052UZPE01152001T03MT01EBS001H0100F0100
2|78|1|52|UZPE011|52001|T03|MT01|SANTIAGO|CRA24803|-77.286376|1.210659||52UZPE01152001T03MT01EBS001H0101|52UZPE01152001T03MT01EBS001H0101F0101|2|1|1|2|52UZPE01152001T03MT01EBS001|900091143|CC|MT01|AUXILIARDEENFERMERIA|52UZPE01152001T03MT01EBS001H0101F0101CF101|2024-11-25|4||1||3||1||1|2|11|5|3|2|20||1|13|0||1||1||1||1||1|2|2|2|1|1|2|2|2|2|2|2|2||2|2|1|2||9||1|2|2|1|1|1|2|2|1|52UZPE01152001T03MT01EBS001H010152UZPE01152001T03MT01EBS001H0101F0101
2|79|1|52|UZPE011|52001|T03|MT01|SANTIAGO|CALLE923A25|-77.28558|1.210664||52UZPE01152001T03MT01EBS001H0103|52UZPE01152001T03MT01EBS001H0103F0103|1|1|1|1|52UZPE01152001T03MT01EBS001|900091143|CC|MT01|AUXILIARDEENFERMERIA|52UZPE01152001T03MT01EBS001H0103F0103CF103|2024-11-25|4||1||3||1||1|2|11|5|2|2|20||2|13|0||1||1||5||1||7|1|3|2|1|1|1|2|2|2|2|2|2||2|2|2|1||9||2|2|2|1|2|1|2|2|1|52UZPE01152001T03MT01EBS001H010352UZPE01152001T03MT01EBS001H0103F0103
2|80|1|52|UZPE011|52001|T03|MT01|SANTIAGO|CALLE923A13|-77.285548|1.210602||52UZPE01152001T03MT01EBS001H0104|52UZPE01152001T03MT01EBS001H0104F0104|1|2|2|2|52UZPE01152001T03MT01EBS001|900091143|CC|MT01|AUXILIARDEENFERMERIA|52UZPE01152001T03MT01EBS001H0104F0104CF104|2024-11-25|1||2||3||4||2|2|11|5|2|1|19||2|13|0||1||1||1||1||7|1|2|4|1|1|3|2|2|2|2|2|2||2|2|2|2||9||2|2|2|1|1|1|2|2|1|52UZPE01152001T03MT01EBS001H010452UZPE01152001T03MT01EBS001H0104F0104
2|81|1|52|UZPE011|52001|T03|MT01|SANTIAGO|CALLE923A13|-77.285548|1.210602||52UZPE01152001T03MT01EBS001H0105|52UZPE01152001T03MT01EBS001H0105F0105|1|2|2|2|52UZPE01152001T03MT01EBS001|900091143|CC|MT01|AUXILIARDEENFERMERIA|52UZPE01152001T03MT01EBS001H0105F0105CF105|2024-11-25|1||2||3||4||2|2|11|5|2|1|19||2|13|0||1||1||1||1||7|2|2|4|1|1|3|2|2|2|2|2|2||2|2|1|1||9||1|2|2|1|2|1|2|2|1|52UZPE01152001T03MT01EBS001H010552UZPE01152001T03MT01EBS001H0105F0105
2|82|1|52|UZPE011|52001|T03|MT01|SANTIAGO|CRRA24812|-77.28622|1.21061||52UZPE01152001T03MT01EBS001H0107|52UZPE01152001T03MT01EBS001H0107F0107|2|1|1|2|52UZPE01152001T03MT01EBS001|900091143|CC|MT01|AUXILIARESDEENFERMERIA|52UZPE01152001T03MT01EBS001H0107F0107CF107|2024-11-25|1||1||3||1||2|2|11|5|3|2|20||1|13|0||1||1||1||1||4|2|3|1|1|1|2|2|2|2|2|2|2||2|2|1|2||9||1|2|2|1|1|1|2|2|1|52UZPE01152001T03MT01EBS001H010752UZPE01152001T03MT01EBS001H0107F0107
2|83|1|52|UZPE011|52001|T03|MT01|SANTIAGO|CLLE823A28|-77.286272|1.210394||52UZPE01152001T03MT01EBS001H0108|52UZPE01152001T03MT01EBS001H0108F0108|2|1|1|2|52UZPE01152001T03MT01EBS001|900091143|CC|MT01|AUXILIARESDEENFERMERIA|52UZPE01152001T03MT01EBS001H0108F0108CF108|2024-11-25|1||1||3||1||3|2|11|5|2|2|20||1|13|0||1||1||1||1||4|2|3|1|1|1|2|2|2|2|2|2|2||2|2|1|1||9||1|2|2|1|1|1|2|2|1|52UZPE01152001T03MT01EBS001H010852UZPE01152001T03MT01EBS001H0108F0108
2|84|1|52|UZPE011|52001|T03|MT01|SANTIAGO|CRRA23A833|-77.285806|1.210467||52UZPE01152001T03MT01EBS001H0109|52UZPE01152001T03MT01EBS001H0109F0109|2|2|2|2|52UZPE01152001T03MT01EBS001|900091143|CC|MT01|AUXILIARESDEENFERMERIA|52UZPE01152001T03MT01EBS001H0109F0109CF109|2024-11-25|1||1||3||1||2|2|11|5|3|2|20||1|13|0||1||1||1||1||2|2|3|1|1|1|1|2|2|2|2|2|2||2|2|1|2||9||1|2|2|1|1|1|2|2|1|52UZPE01152001T03MT01EBS001H010952UZPE01152001T03MT01EBS001H0109F0109
2|85|1|52|UZPE011|52001|T03|MT01|SANTIAGO|CRRA24A869|-77.286053|1.211215||52UZPE01152001T03MT01EBS001H0113|52UZPE01152001T03MT01EBS001H0113F0113|2|1|1|3|52UZPE01152001T03MT01EBS001|900091143|CC|MT01|AUXILIARESDEENFERMERIA|52UZPE01152001T03MT01EBS001H0113F0113CF113|2024-11-24|1||1||3||1||3|2|11|1|2|1|20||2|13|0||1||1||1||1||2|4|2|2|1|1|2|2|2|2|2|2|2||2|2|1|1||9||1|2|2|1|1|1|2|2|1|52UZPE01152001T03MT01EBS001H011352UZPE01152001T03MT01EBS001H0113F0113
2|86|1|52|UZPE011|52001|T03|MT01|SANTIAGO|CRA23A415|-77.287793|1.209416||52UZPE01152001T03MT01EBS001H0114|52UZPE01152001T03MT01EBS001H0114F0114|1|1|1|1|52UZPE01152001T03MT01EBS001|900091143|CC|MT01|AUXILIARDEENFERMERIA|52UZPE01152001T03MT01EBS001H0114F0114CF114|2024-11-26|4||1||5||1||1|2|11|5|3|2|20||1|13|0||1||1||1||1||7|1|3|2|1|1|1|2|2|2|2|2|2||2|2|2|2||9||2|2|2|1|1|1|2|2|1|52UZPE01152001T03MT01EBS001H011452UZPE01152001T03MT01EBS001H0114F0114
2|87|1|52|UZPE011|52001|T03|MT01|SANTIAGO|CLLE82326|-77.286021|1.209965||52UZPE01152001T03MT01EBS001H0117|52UZPE01152001T03MT01EBS001H0117F0117|2|1|1|2|52UZPE01152001T03MT01EBS001|900091143|CC|MT01|AUXILIARESDEENFERMERIA|52UZPE01152001T03MT01EBS001H0117F0117CF117|2024-11-25|1||1||3||1||2|2|11|5|2|2|20||2|13|0||1||1||1||1||2|2|3|1|1|1|2|2|2|2|2|2|2||2|2|1|2||9||1|2|2|1|1|1|2|2|1|52UZPE01152001T03MT01EBS001H011752UZPE01152001T03MT01EBS001H0117F0117
2|88|1|52|UZPE011|52001|T03|MT01|SANTIAGO|CRRA23819|-77.28584|1.209818||52UZPE01152001T03MT01EBS001H0118|52UZPE01152001T03MT01EBS001H0118F0118|2|1|1|2|52UZPE01152001T03MT01EBS001|900091143|CC|MT01|AUXILIARESDEENFERMERIA|52UZPE01152001T03MT01EBS001H0118F0118CF118|2024-11-25|1||1||3||1||2|2|11|5|2|2|20||1|13|0||1||1||1||1||2|2|3|1|1|1|1|2|2|2|2|2|2||2|2|1|2||9||1|2|2|1|1|1|2|2|1|52UZPE01152001T03MT01EBS001H011852UZPE01152001T03MT01EBS001H0118F0118
2|89|1|52|UZPE011|52001|T03|MT01|SANTIAGO|CRRA23819|-77.28584|1.209818||52UZPE01152001T03MT01EBS001H0119|52UZPE01152001T03MT01EBS001H0119F0119|2|1|1|2|52UZPE01152001T03MT01EBS001|900091143|CC|MT01|AUXILIARESDEENFERMERIA|52UZPE01152001T03MT01EBS001H0119F0119CF119|2024-11-25|1||1||3||1||2|2|11|5|3|2|20||1|13|0||1||1||1||1||1|2|3|1|1|1|1|2|2|2|2|2|2||2|2|1|2||9||1|2|2|1|1|1|2|2|1|52UZPE01152001T03MT01EBS001H011952UZPE01152001T03MT01EBS001H0119F0119
2|90|1|52|UZPE011|52001|T03|MT01|SANTIAGO|CRRA23819|-77.28584|1.209818||52UZPE01152001T03MT01EBS001H0120|52UZPE01152001T03MT01EBS001H0120F0120|2|1|1|2|52UZPE01152001T03MT01EBS001|900091143|CC|MT01|AUXILIARESDEENFERMERIA|52UZPE01152001T03MT01EBS001H0120F0120CF120|2024-11-25|1||1||3||1||2|2|11|5|2|2|20||1|13|0||1||1||1||1||2|3|3|1|1|1|1|2|2|2|2|2|2||2|2|1|2||9||1|2|2|1|1|1|2|2|1|52UZPE01152001T03MT01EBS001H012052UZPE01152001T03MT01EBS001H0120F0120
2|91|1|52|UZPE011|52001|T03|MT01|SANTIAGO|CRA24A406|-77.288292|1.210081||52UZPE01152001T03MT01EBS001H0126|52UZPE01152001T03MT01EBS001H0126F0126|2|2|2|2|52UZPE01152001T03MT01EBS001|900091143|CC|MT01|AUXILIARDEENFERMERIA|52UZPE01152001T03MT01EBS001H0126F0126CF126|2024-11-28|1||1||3||4||2|1|1|5|3|2|20||2|13|0||1||1||1||1||1|2|3|2|1|1|2|2|2|2|2|2|2||2|2|1|1||9||1|2|2|1|1|1|2|2|1|52UZPE01152001T03MT01EBS001H012652UZPE01152001T03MT01EBS001H0126F0126
2|92|1|52|UZPE011|52001|T03|MT01|SANTIAGO|CARRERA23ANUMERO2325|-77.28555|1.21018||52UZPE01152001T03MT01EBS001H0127|52UZPE01152001T03MT01EBS001H0127F0127|3|3|3|6|52UZPE01152001T03MT01EBS001|900091143|CC|MT01|AUXILIARESDEENFERMERIA|52UZPE01152001T03MT01EBS001H0127F0127CF127|2024-11-26|1||1||3||1||4|2|11|5|3|2|20||1|13|0||1||1||1||1||2|2|3|1|1|1|1|2|2|2|2|2|2||2|2|1|1||9||1|2|2|1|1|1|2|2|1|52UZPE01152001T03MT01EBS001H012752UZPE01152001T03MT01EBS001H0127F0127
2|93|1|52|UZPE011|52001|T03|MT01|SANTIAGO|CARRERA23ANUMERO2325|-77.28555|1.21018||52UZPE01152001T03MT01EBS001H0128|52UZPE01152001T03MT01EBS001H0128F0128|3|3|3|6|52UZPE01152001T03MT01EBS001|900091143|CC|MT01|AUXILIARESDEENFERMERIA|52UZPE01152001T03MT01EBS001H0128F0128CF128|2024-11-26|1||1||3||1||4|2|11|5|3|2|20||1|13|0||1||1||1||1||1|3|3|1|1|1|1|2|2|2|2|2|2||2|2|1|1||9||1|2|2|1|1|1|2|2|1|52UZPE01152001T03MT01EBS001H012852UZPE01152001T03MT01EBS001H0128F0128
2|94|1|52|UZPE011|52001|T03|MT01|SANTIAGO|CARRERA23ANUMERO2325|-77.28555|1.21018||52UZPE01152001T03MT01EBS001H0129|52UZPE01152001T03MT01EBS001H0129F0129|3|3|3|6|52UZPE01152001T03MT01EBS001|900091143|CC|MT01|AUXILIARESDEENFERMERIA|52UZPE01152001T03MT01EBS001H0129F0129CF129|2024-11-26|1||1||3||1||4|2|11|5|3|2|20||1|13|0||1||1||1||1||7|1|3|1|1|1|1|2|2|2|2|2|2||2|2|1|1||9||1|2|2|1|1|1|2|2|1|52UZPE01152001T03MT01EBS001H012952UZPE01152001T03MT01EBS001H0129F0129
2|95|1|52|UZPE011|52001|T03|MT01|SANTIAGO|CRA25752|-77.286896|1.21131||52UZPE01152001T03MT01EBS001H0131|52UZPE01152001T03MT01EBS001H0131F0131|2|1|1|2|52UZPE01152001T03MT01EBS001|900091143|CC|MT01|AUXILIARDEENFERMERIA|52UZPE01152001T03MT01EBS001H0131F0131CF131|2024-11-28|1||1||3||1||2|1|11|5|3|2|20||2|13|0||1||1||1||1||1|2|3|2|1|1|2|2|2|2|2|2|2||2|2|2|2||9||2|2|2|1|1|1|2|2|1|52UZPE01152001T03MT01EBS001H013152UZPE01152001T03MT01EBS001H0131F0131
2|96|1|52|UZPE011|52001|T03|MT01|SANTIAGO|CRA25426|-77.287865|1.210777||52UZPE01152001T03MT01EBS001H0132|52UZPE01152001T03MT01EBS001H0132F0132|2|1|1|1|52UZPE01152001T03MT01EBS001|900091143|CC|MT01|AUXILIARDEENFERMERIA|52UZPE01152001T03MT01EBS001H0132F0132CF132|2024-11-28|1||1||3||1||1|2|11|5|2|2|5||1|13|0||1||1||1||1||7|1|3|2|1|1|1|2|2|2|2|2|2||2|2|2|1||9||2|2|2|1|1|1|2|2|1|52UZPE01152001T03MT01EBS001H013252UZPE01152001T03MT01EBS001H0132F0132
2|97|1|52|UZPE011|52001|T03|MT01|SANTIAGO|CRA23827|-77.28578|1.209799||52UZPE01152001T03MT01EBS001H0133|52UZPE01152001T03MT01EBS001H0133F0133|1|2|2|2|52UZPE01152001T03MT01EBS001|900091143|CC|MT01|AUXILIARDEENFERMERIA|52UZPE01152001T03MT01EBS001H0133F0133CF133|2024-11-28|1||1||3||1||1|2|2|3|2|1|8||2|13|0||1||1||1||1||1|2|3|4|1|1|2|2|2|2|2|2|2||2|2|1|2||9||1|2|2|1|2|1|2|2|1|52UZPE01152001T03MT01EBS001H013352UZPE01152001T03MT01EBS001H0133F0133
2|98|1|52|UZPE011|52001|T03|MT01|SANTIAGO|CLLE112311|-77.285379|1.210103||52UZPE01152001T03MT01EBS001H0134|52UZPE01152001T03MT01EBS001H0134F0134|2|1|1|3|52UZPE01152001T03MT01EBS001|900091143|CC|MT01|AUXILIARESDEENFERMERIA|52UZPE01152001T03MT01EBS001H0134F0134CF134|2024-11-26|1||1||3||1||3|2|11|5|3|2|20||1|13|0||1||1||1||1||2|3|3|1|1|1|1|2|2|2|2|2|2||2|2|2|1||9||2|2|2|1|1|1|2|2|1|52UZPE01152001T03MT01EBS001H013452UZPE01152001T03MT01EBS001H0134F0134
2|99|1|52|UZPE011|52001|T03|MT01|SANTIAGO|CRRA23A838|-77.285732|1.210141||52UZPE01152001T03MT01EBS001H0135|52UZPE01152001T03MT01EBS001H0135F0135|2|1|1|2|52UZPE01152001T03MT01EBS001|900091143|CC|MT01|AUXILIARESDEENFERMERIA|52UZPE01152001T03MT01EBS001H0135F0135CF135|2024-11-26|1||1||3||1||2|2|11|5|3|2|20||2|13|0||1||1||1||1||1|2|3|1|1|1|1|2|2|2|2|2|2||2|2|1|1||9||1|2|2|1|1|1|2|2|1|52UZPE01152001T03MT01EBS001H013552UZPE01152001T03MT01EBS001H0135F0135
2|100|1|52|UZPE011|52001|T03|MT01|SANTIAGO|CRRA24A3459|-77.282995|1.210348||52UZPE01152001T03MT01EBS001H0137|52UZPE01152001T03MT01EBS001H0137F0137|2|1|1|3|52UZPE01152001T03MT01EBS001|900091143|CC|MT01|AUXILIARESDEENFERMERIA|52UZPE01152001T03MT01EBS001H0137F0137CF137|2024-11-28|1||1||3||1||1|2|11|5|3|2|20||1|13|0||1||1||1||1||1|3|3|1|1|1|2|2|2|2|2|2|2||2|2|1|2||9||1|2|2|1|2|1|2|2|1|52UZPE01152001T03MT01EBS001H013752UZPE01152001T03MT01EBS001H0137F0137
2|101|1|52|UZPE011|52001|T03|MT01|SANTIAGO|CALLE5ANUMERO23B9|-77.28707|1.20995||52UZPE01152001T03MT01EBS001H0138|52UZPE01152001T03MT01EBS001H0138F0138|2|4|4|6|52UZPE01152001T03MT01EBS001|900091143|CC|MT01|AUXILIARESDEENFERMERIA|52UZPE01152001T03MT01EBS001H0138F0138CF138|2024-11-27|1||2||5||4||1|2|11|5|4|1|19||1|13|0||13||1||1||1||2|2|3|2|1|1|1|2|2|2|2|2|2||2|2|1|1||9||1|2|2|1|1|1|2|2|1|52UZPE01152001T03MT01EBS001H013852UZPE01152001T03MT01EBS001H0138F0138
2|102|1|52|UZPE011|52001|T03|MT01|SANTIAGO|CALLE5ANUMERO23B9|-77.28707|1.20995||52UZPE01152001T03MT01EBS001H0139|52UZPE01152001T03MT01EBS001H0139F0139|2|4|4|6|52UZPE01152001T03MT01EBS001|900091143|CC|MT01|AUXILIARESDEENFERMERIA|52UZPE01152001T03MT01EBS001H0139F0139CF139|2024-11-27|1||2||5||4||1|2|11|5|4|1|19||1|13|0||13||1||1||1||7|1|2|2|1|1|2|2|2|2|2|2|2||2|2|1|1||9||1|2|2|1|2|1|2|2|1|52UZPE01152001T03MT01EBS001H013952UZPE01152001T03MT01EBS001H0139F0139
2|103|1|52|UZPE011|52001|T03|MT01|SANTIAGO|CALLE5ANUMERO23B9|-77.28707|1.20995||52UZPE01152001T03MT01EBS001H0140|52UZPE01152001T03MT01EBS001H0140F0140|2|4|4|6|52UZPE01152001T03MT01EBS001|900091143|CC|MT01|AUXILIARESDEENFERMERIA|52UZPE01152001T03MT01EBS001H0140F0140CF140|2024-11-27|1||2||5||4||1|2|11|5|4|1|19||1|13|0||13||1||1||1||2|2|3|2|1|1|1|2|2|2|2|2|2||2|2|1|1||9||1|2|2|1|1|1|2|2|1|52UZPE01152001T03MT01EBS001H014052UZPE01152001T03MT01EBS001H0140F0140
2|104|1|52|UZPE011|52001|T03|MT01|SANTIAGO|CALLE5ANUMERO23B9|-77.28707|1.20995||52UZPE01152001T03MT01EBS001H0141|52UZPE01152001T03MT01EBS001H0141F0141|2|4|4|6|52UZPE01152001T03MT01EBS001|900091143|CC|MT01|AUXILIARESDEENFERMERIA|52UZPE01152001T03MT01EBS001H0141F0141CF141|2024-11-27|1||2||5||4||1|2|11|5|4|1|19||1|13|0||13||1||1||1||7|1|2|2|1|1|2|2|2|2|2|2|2||2|2|1|1||9||1|2|2|1|1|1|2|2|1|52UZPE01152001T03MT01EBS001H014152UZPE01152001T03MT01EBS001H0141F0141
2|105|1|52|UZPE011|52001|T03|MT01|SANTIAGO|CARRERA24ANUMERO458|-77.28779|1.21037||52UZPE01152001T03MT01EBS001H0142|52UZPE01152001T03MT01EBS001H0142F0142|2|1|1|3|52UZPE01152001T03MT01EBS001|900091143|CC|MT01|AUXILIARESDEENFERMERIA|52UZPE01152001T03MT01EBS001H0142F0142CF142|2024-11-28|1||1||3||1||2|2|11|5|3|2|20||1|13|0||1||1||1||1||1|3|3|1|1|1|1|2|2|2|2|2|2||2|2|1|1||9||1|2|2|1|1|1|2|2|1|52UZPE01152001T03MT01EBS001H014252UZPE01152001T03MT01EBS001H0142F0142
2|106|1|52|UZPE011|52001|T03|MT01|SANTIAGO|CARRERA24ANUMERO419|-77.28719|1.21035||52UZPE01152001T03MT01EBS001H0143|52UZPE01152001T03MT01EBS001H0143F0143|2|1|1|2|52UZPE01152001T03MT01EBS001|900091143|CC|MT01|AUXILIARESDEENFERMERIA|52UZPE01152001T03MT01EBS001H0143F0143CF143|2024-11-23|1||1||3||1||2|2|11|5|3|2|20||2|13|0||1||1||1||1||2|2|3|1|1|1|1|2|2|2|2|2|2||2|2|1|1||9||1|2|2|1|1|1|2|2|1|52UZPE01152001T03MT01EBS001H014352UZPE01152001T03MT01EBS001H0143F0143
2|107|1|52|UZPE011|52001|T03|MT01|SANTIAGO|CARRERA25NUMERO520|-77.287626|1.210734||52UZPE01152001T03MT01EBS001H0144|52UZPE01152001T03MT01EBS001H0144F0144|3|1|1|1|52UZPE01152001T03MT01EBS001|900091143|CC|MT01|AUXILIARESDEENFERMERIA|52UZPE01152001T03MT01EBS001H0144F0144CF144|2024-11-28|4||1||3||1||1|2|11|5|3|2|20||2|13|0||1||1||1||1||2|2|3|1|1|1|1|2|2|2|2|2|2||2|2|1|2||9||1|2|2|1|1|1|2|2|1|52UZPE01152001T03MT01EBS001H014452UZPE01152001T03MT01EBS001H0144F0144
2|108|1|52|UZPE011|52001|T03|MT01|SANTIAGO|CARRERA24NUMERO503|-77.28778|1.210096||52UZPE01152001T03MT01EBS001H0145|52UZPE01152001T03MT01EBS001H0145F0145|2|1|1|2|52UZPE01152001T03MT01EBS001|900091143|CC|MT01|AUXILIARESDEENFERMERIA|52UZPE01152001T03MT01EBS001H0145F0145CF145|2024-11-28|1||1||3||4||2|2|11|5|2|2|20||2|13|0||1||1||1||1||2|2|3|1|1|1|1|2|2|2|2|2|2||2|2|1|2||9||1|2|2|1|1|1|2|2|1|52UZPE01152001T03MT01EBS001H014552UZPE01152001T03MT01EBS001H0145F0145
2|109|1|52|UZPE011|52001|T03|MT01|SANTIAGO|CRA24836|-77.28628|1.21119||52UZPE01152001T03MT01EBS001H0147|52UZPE01152001T03MT01EBS001H0147F0147|1|1|1|3|52UZPE01152001T03MT01EBS001|900091143|CC|MT01|AUXILIARDEENFERMERIA|52UZPE01152001T03MT01EBS001H0147F0147CF147|2024-12-01|1||1||3||1||3|2|11|5|3|1|20||2|13|0||1||1||1||1||2|3|2|2|1|1|2|2|2|2|2|2|2||2|2|2|1||9||2|2|2|1|1|1|2|2|1|52UZPE01152001T03MT01EBS001H014752UZPE01152001T03MT01EBS001H0147F0147
2|110|1|52|UZPE011|52001|T03|MT01|SANTIAGO|CRA23A843|-77.28581|1.21032||52UZPE01152001T03MT01EBS001H0148|52UZPE01152001T03MT01EBS001H0148F0148|2|1|1|2|52UZPE01152001T03MT01EBS001|900091143|CC|MT01|AUXILIARDEENFERMERIA|52UZPE01152001T03MT01EBS001H0148F0148CF148|2024-12-01|4||1||3||1||2|2|11|5|2|2|20||2|13|0||1||1||1||1||7|1|3|2|1|1|1|2|2|2|2|2|2||2|2|2|2||9||2|2|2|1|2|1|2|2|1|52UZPE01152001T03MT01EBS001H014852UZPE01152001T03MT01EBS001H0148F0148
2|111|1|52|UZPE011|52001|T03|MT01|SANTIAGO|CRRA25720|-77.286883|1.211306||52UZPE01152001T03MT01EBS001H0151|52UZPE01152001T03MT01EBS001H0151F0151|2|1|1|4|52UZPE01152001T03MT01EBS001|900091143|CC|MT01|AUXILIARESDEENFERMERIA|52UZPE01152001T03MT01EBS001H0151F0151CF151|2024-11-28|1||1||3||1||4|2|11|5|2|2|20||1|13|0||1||1||1||1||1|4|2|2|1|1|2|2|2|2|2|2|2||2|2|2|2||9||2|2|2|1|1|1|2|2|1|52UZPE01152001T03MT01EBS001H015152UZPE01152001T03MT01EBS001H0151F0151
2|112|1|52|UZPE011|52001|T03|MT01|SANTIAGO|CRA22F820|-77.285624|1.209395||52UZPE01152001T03MT01EBS001H0152|52UZPE01152001T03MT01EBS001H0152F0152|1|1|1|1|52UZPE01152001T03MT01EBS001|900091143|CC|MT01|AUXILIARDEENFERMERIA|52UZPE01152001T03MT01EBS001H0152F0152CF152|2024-12-01|4||1||3||4||1|2|11|5|3|2|20||2|13|0||1||1||1||1||7|1|3|3|1|1|1|2|2|2|2|2|2||2|2|2|1||9||2|2|2|1|2|1|2|2|1|52UZPE01152001T03MT01EBS001H015252UZPE01152001T03MT01EBS001H0152F0152
2|113|1|52|UZPE011|52001|T03|MT01|SANTIAGO|CRRA25850|-77.286321|1.211644||52UZPE01152001T03MT01EBS001H0153|52UZPE01152001T03MT01EBS001H0153F0153|2|1|1|2|52UZPE01152001T03MT01EBS001|900091143|CC|MT01|AUXILIARESDEENFERMERIA|52UZPE01152001T03MT01EBS001H0153F0153CF153|2024-12-01|1||1||3||1||1|2|11|5|3|2|20||1|13|0||1||1||1||1||1|2|3|1|1|1|1|2|2|2|2|2|2||2|2|1|1||9||1|2|2|1|1|1|2|2|1|52UZPE01152001T03MT01EBS001H015352UZPE01152001T03MT01EBS001H0153F0153
2|114|1|52|UZPE011|52001|T03|MT01|SANTIAGO|CALLE8NUMERO2426|-77.28653|1.21086||52UZPE01152001T03MT01EBS001H0154|52UZPE01152001T03MT01EBS001H0154F0154|3|1|1|4|52UZPE01152001T03MT01EBS001|900091143|CC|MT01|AUXILIARESDEENFERMERIA|52UZPE01152001T03MT01EBS001H0154F0154CF154|2024-12-01|1||1||3||1||3|2|11|5|3|2|20||2|13|0||1||1||1||1||1|4|3|1|1|1|1|2|2|2|2|2|2||2|2|1|1||9||1|2|2|1|1|1|2|2|1|52UZPE01152001T03MT01EBS001H015452UZPE01152001T03MT01EBS001H0154F0154
2|115|1|52|UZPE011|52001|T03|MT01|SANTIAGO|CRRA24A839|-77.286292|1.211161||52UZPE01152001T03MT01EBS001H0155|52UZPE01152001T03MT01EBS001H0155F0155|2|1|1|1|52UZPE01152001T03MT01EBS001|900091143|CC|MT01|AUXILIARESDEENFERMERIA|52UZPE01152001T03MT01EBS001H0155F0155CF155|2024-12-01|1||1||3||1||1|2|11|5|3|2|20||2|13|0||1||1||1||1||7|1|3|1|1|1|1|2|2|2|2|2|2||2|2|1|2||9||1|2|2|1|2|1|2|2|1|52UZPE01152001T03MT01EBS001H015552UZPE01152001T03MT01EBS001H0155F0155
2|116|1|52|UZPE011|52001|T03|MT01|SANTIAGO|CLLE82427|-77.286422|1.21075||52UZPE01152001T03MT01EBS001H0156|52UZPE01152001T03MT01EBS001H0156F0156|2|1|1|1|52UZPE01152001T03MT01EBS001|900091143|CC|MT01|AUXILIARESDEENFERMERIA|52UZPE01152001T03MT01EBS001H0156F0156CF156|2024-12-01|1||1||3||1||1|2|11|5|3|2|20||2|13|0||1||1||1||1||7|1|3|1|1|1|2|2|2|2|2|2|2||2|2|1|2||9||1|2|2|1|1|1|2|2|1|52UZPE01152001T03MT01EBS001H015652UZPE01152001T03MT01EBS001H0156F0156
2|117|1|52|UZPE011|52001|T03|MT01|SANTIAGO|CRRA23A823|-77.286751|1.210292||52UZPE01152001T03MT01EBS001H0157|52UZPE01152001T03MT01EBS001H0157F0157|2|1|1|2|52UZPE01152001T03MT01EBS001|900091143|CC|MT01|AUXILIARESDEENFERMERIA|52UZPE01152001T03MT01EBS001H0157F0157CF157|2024-12-01|1||1||3||1||1|1|11|5|3|2|20||1|13|0||1||1||1||1||2|2|3|1|1|1|1|2|2|2|2|2|2||2|2|1|2||9||1|2|2|1|1|1|2|2|1|52UZPE01152001T03MT01EBS001H015752UZPE01152001T03MT01EBS001H0157F0157
2|118|1|52|UZPE011|52001|T03|MT01|SANTIAGO|CRRA22F851|-77.285398|1.209565||52UZPE01152001T03MT01EBS001H0158|52UZPE01152001T03MT01EBS001H0158F0158|2|2|2|2|52UZPE01152001T03MT01EBS001|900091143|CC|MT01|AUXILIARESDEENFERMERIA|52UZPE01152001T03MT01EBS001H0158F0158CF158|2024-12-01|5||1||3||1||1|2|11|5|2|2|20||1|13|0||1||1||1||1||7|1|3|2|1|1|1|2|2|2|2|2|2||2|2|2|2||9||2|2|2|1|1|1|2|2|1|52UZPE01152001T03MT01EBS001H015852UZPE01152001T03MT01EBS001H0158F0158
2|119|1|52|UZPE011|52001|T03|MT01|SANTIAGO|CRRA22F851|-77.285398|1.209565||52UZPE01152001T03MT01EBS001H0159|52UZPE01152001T03MT01EBS001H0159F0159|2|2|2|2|52UZPE01152001T03MT01EBS001|900091143|CC|MT01|AUXILIARESDEENFERMERIA|52UZPE01152001T03MT01EBS001H0159F0159CF159|2024-12-01|5||1||3||1||1|2|11|5|2|2|20||1|13|0||1||1||1||1||2|2|3|1|1|1|1|2|2|2|2|2|2||2|2|2|2||9||2|2|2|1|1|1|2|2|1|52UZPE01152001T03MT01EBS001H015952UZPE01152001T03MT01EBS001H0159F0159
2|120|1|52|UZPE011|52001|T03|MT01|SANTIAGO|MANZANAACALLE12|-77.28564|1.21031||52UZPE01152001T03MT01EBS001H0160|52UZPE01152001T03MT01EBS001H0160F0160|2|1|1|2|52UZPE01152001T03MT01EBS001|900091143|CC|MT01|AUXILIARESDEENFERMERIA|52UZPE01152001T03MT01EBS001H0160F0160CF160|2024-12-01|1||1||3||1||1|2|11|5|3|2|20||2|13|0||1||1||1||1||1|2|3|1|1|1|1|2|2|2|2|2|2||2|2|1|1||9||1|2|2|1|1|1|2|2|1|52UZPE01152001T03MT01EBS001H016052UZPE01152001T03MT01EBS001H0160F0160
2|121|1|52|UZPE011|52001|T03|MT01|SANTIAGO|CALLE9NUMERO22F07|-77.28524|1.20967||52UZPE01152001T03MT01EBS001H0161|52UZPE01152001T03MT01EBS001H0161F0161|2|1|1|4|52UZPE01152001T03MT01EBS001|900091143|CC|MT01|AUXILIARESDEENFERMERIA|52UZPE01152001T03MT01EBS001H0161F0161CF161|2024-12-01|1||2||3||4||3|2|11|5|3|2|8||2|13|0||1||1||1||1||4|2|2|2|1|1|2|2|2|2|2|2|2||2|2|1|1||9||1|2|2|1|1|1|2|2|1|52UZPE01152001T03MT01EBS001H016152UZPE01152001T03MT01EBS001H0161F0161
2|122|1|52|UZPE011|52001|T03|MT01|SANTIAGO|CRRA24A853|-77.28609|1.211307||52UZPE01152001T03MT01EBS001H0162|52UZPE01152001T03MT01EBS001H0162F0162|2|1|1|3|52UZPE01152001T03MT01EBS001|900091143|CC|MT01|AUXILIARESDEENFERMERIA|52UZPE01152001T03MT01EBS001H0162F0162CF162|2024-12-01|1||1||3||1||2|2|11|5|2|2|20||1|13|0||1||1||1||1||1|3|3|1|1|1|2|2|2|2|2|2|2||2|2|1|1||9||1|2|2|1|1|1|2|2|1|52UZPE01152001T03MT01EBS001H016252UZPE01152001T03MT01EBS001H0162F0162
2|123|1|52|UZPE011|52001|T03|MT01|SANTIAGO|CRA24620|-77.286556|1.210401||52UZPE01152001T03MT01EBS001H0163|52UZPE01152001T03MT01EBS001H0163F0163|1|1|1|1|52UZPE01152001T03MT01EBS001|900091143|CC|MT01|AUXILIARDEENFERMERIA|52UZPE01152001T03MT01EBS001H0163F0163CF163|2024-12-02|1||1||3||4||1|2|11|5|3|2|20||2|13|0||1||1||1||1||7|1|3|3|1|1|1|2|2|2|2|2|2||2|2|2|1||9||2|2|2|1|2|1|2|2|1|52UZPE01152001T03MT01EBS001H016352UZPE01152001T03MT01EBS001H0163F0163
2|124|1|52|UZPE011|52001|T03|MT01|SANTIAGO|CALLE723B20|-77.286687|1.210016||52UZPE01152001T03MT01EBS001H0164|52UZPE01152001T03MT01EBS001H0164F0164|1|1|1|1|52UZPE01152001T03MT01EBS001|900091143|CC|MT01|AUXILIARDEENFERMERIA|52UZPE01152001T03MT01EBS001H0164F0164CF164|2024-12-02|1||2||3||2||1|1|11|5|2|2|20||1|13|0||1||1||1||1||7|1|2|4|1|1|2|2|2|2|2|2|2||2|2|1|1||9||1|2|2|1|2|1|2|2|1|52UZPE01152001T03MT01EBS001H016452UZPE01152001T03MT01EBS001H0164F0164
2|125|1|52|UZPE011|52001|T03|MT01|SANTIAGO|CALLE8NUMERO23A27|-77.28636|1.21041||52UZPE01152001T03MT01EBS001H0165|52UZPE01152001T03MT01EBS001H0165F0165|2|1|1|3|52UZPE01152001T03MT01EBS001|900091143|CC|MT01|AUXILIARESDEENFERMERIA|52UZPE01152001T03MT01EBS001H0165F0165CF165|2024-12-02|1||1||3||4||1|1|11|5|2|2|19||2|13|0||1||1||1||1||2|3|3|1|1|1|1|2|2|2|2|2|2||2|2|1|2||9||1|2|2|1|1|1|2|2|1|52UZPE01152001T03MT01EBS001H016552UZPE01152001T03MT01EBS001H0165F0165
2|126|1|52|UZPE011|52001|T03|MT01|SANTIAGO|CALLE8NUMERO2332|-77.286136|1.209971||52UZPE01152001T03MT01EBS001H0166|52UZPE01152001T03MT01EBS001H0166F0166|2|1|1|3|52UZPE01152001T03MT01EBS001|900091143|CC|MT01|AUXILIARESDEENFERMERIA|52UZPE01152001T03MT01EBS001H0166F0166CF166|2024-12-02|1||1||3||4||2|2|11|5|3|2|20||2|13|0||1||1||1||1||1|2|3|1|1|1|1|2|2|2|2|2|2||2|2|2|1||9||2|2|2|1|1|1|2|2|1|52UZPE01152001T03MT01EBS001H016652UZPE01152001T03MT01EBS001H0166F0166
2|127|1|52|UZPE011|52001|T03|MT01|SANTIAGO|CALLE8NUMERO2332|-77.286136|1.209971||52UZPE01152001T03MT01EBS001H0167|52UZPE01152001T03MT01EBS001H0167F0167|2|1|1|3|52UZPE01152001T03MT01EBS001|900091143|CC|MT01|AUXILIARESDEENFERMERIA|52UZPE01152001T03MT01EBS001H0167F0167CF167|2024-12-02|1||1||3||4||2|2|11|5|3|2|20||2|13|0||1||1||1||1||7|1|3|1|1|1|1|2|2|2|2|2|2||2|2|2|2||9||2|2|2|1|1|1|2|2|1|52UZPE01152001T03MT01EBS001H016752UZPE01152001T03MT01EBS001H0167F0167
2|128|1|52|UZPE011|52001|T03|MT01|SANTIAGO|CRAF837|-77.285447|1.20948||52UZPE01152001T03MT01EBS001H0170|52UZPE01152001T03MT01EBS001H0170F0170|2|1|1|3|52UZPE01152001T03MT01EBS001|900091143|CC|MT01|AUXILIARDEENFERMERIA|52UZPE01152001T03MT01EBS001H0170F0170CF170|2024-12-03|4||1||3||1||2|2|11|5|2|2|20||2|13|0||1||1||1||1||1|3|3|2|1|1|1|2|2|2|2|2|2||2|2|2|2||9||2|2|2|1|1|1|2|2|1|52UZPE01152001T03MT01EBS001H017052UZPE01152001T03MT01EBS001H0170F0170
2|129|1|52|UZPE011|52001|T03|MT01|SANTIAGO|CRA24817|-77.286248|1.210646||52UZPE01152001T03MT01EBS001H0173|52UZPE01152001T03MT01EBS001H0173F0173|1|2|2|3|52UZPE01152001T03MT01EBS001|900091143|CC|MT01|AUXILIARDEENFERMERIA|52UZPE01152001T03MT01EBS001H0173F0173CF173|2024-12-03|4||1||3||1||2|2|11|5|3|2|20||2|13|0||1||1||1||1||2|2|3|3|1|1|2|2|2|2|2|2|2||2|2|2|2||9||2|2|2|1|1|1|2|2|1|52UZPE01152001T03MT01EBS001H017352UZPE01152001T03MT01EBS001H0173F0173
2|130|1|52|UZPE011|52001|T03|MT01|SANTIAGO|CRA24817|-77.286248|1.210646||52UZPE01152001T03MT01EBS001H0174|52UZPE01152001T03MT01EBS001H0174F0174|1|2|2|3|52UZPE01152001T03MT01EBS001|900091143|CC|MT01|AUXILIARDEENFERMERIA|52UZPE01152001T03MT01EBS001H0174F0174CF174|2024-12-03|4||1||3||1||2|2|11|5|3|2|20||2|13|0||1||1||1||1||7|1|3|3|1|1|2|2|2|2|2|2|2||2|2|1|2||9||1|2|2|1|1|1|2|2|1|52UZPE01152001T03MT01EBS001H017452UZPE01152001T03MT01EBS001H0174F0174
2|131|1|52|UZPE011|52001|T03|MT01|SANTIAGO|CARRERA25NUMERO834|-77.286414|1.211406||52UZPE01152001T03MT01EBS001H0175|52UZPE01152001T03MT01EBS001H0175F0175|3|1|1|4|52UZPE01152001T03MT01EBS001|900091143|CC|MT01|AUXILIARESDEENFERMERIA|52UZPE01152001T03MT01EBS001H0175F0175CF175|2024-12-02|1||1||3||2||2|2|11|5|2|2|20||2|13|0||1||1||1||1||1|4|3|2|1|1|1|2|2|2|2|2|2||2|2|2|1||9||2|2|2|1|1|1|2|2|1|52UZPE01152001T03MT01EBS001H017552UZPE01152001T03MT01EBS001H0175F0175
2|132|1|52|UZPE011|52001|T03|MT01|SANTIAGO|CARRERA23NUMERO826|-77.285635|1.209828||52UZPE01152001T03MT01EBS001H0176|52UZPE01152001T03MT01EBS001H0176F0176|3|1|1|2|52UZPE01152001T03MT01EBS001|900091143|CC|MT01|AUXILIARESDEENFERMERIA|52UZPE01152001T03MT01EBS001H0176F0176CF176|2024-12-02|1||1||3||2||1|2|11|5|2|2|20||2|13|0||1||1||1||1||1|2|3|2|1|1|1|2|2|2|2|2|2||2|2|1|1||9||1|2|2|1|1|1|2|2|1|52UZPE01152001T03MT01EBS001H017652UZPE01152001T03MT01EBS001H0176F0176
2|133|1|52|UZPE011|52001|T03|MT01|SANTIAGO|CARRERA24NUMERO852|-77.285811|1.211219||52UZPE01152001T03MT01EBS001H0177|52UZPE01152001T03MT01EBS001H0177F0177|2|1|1|1|52UZPE01152001T03MT01EBS001|900091143|CC|MT01|AUXILIARESDEENFERMERIA|52UZPE01152001T03MT01EBS001H0177F0177CF177|2024-12-02|1||2||3||2||1|2|11|5|2|2|20||2|13|0||1||1||1||1||7|1|3|2|1|1|1|2|2|2|2|2|2||2|2|1|1||9||1|2|2|1|1|1|2|2|1|52UZPE01152001T03MT01EBS001H017752UZPE01152001T03MT01EBS001H0177F0177
2|134|1|52|UZPE011|52001|T03|MT01|SANTIAGO|CRA26842|-77.286596|1.211855||52UZPE01152001T03MT01EBS001H0178|52UZPE01152001T03MT01EBS001H0178F0178|2|1|1|1|52UZPE01152001T03MT01EBS001|900091143|CC|MT01|AUXILIARDEENFERMERIA|52UZPE01152001T03MT01EBS001H0178F0178CF178|2024-12-04|4||1||3||1||1|2|11|5|3|2|20||2|13|0||1||1||1||1||7|1|3|2|1|1|1|2|2|2|2|2|2||2|2|1|2||9||1|2|2|1|2|1|2|2|1|52UZPE01152001T03MT01EBS001H017852UZPE01152001T03MT01EBS001H0178F0178
2|135|1|52|UZPE011|52001|T03|MT01|SANTIAGO|CRRA23A836|-77.285852|1.210386||52UZPE01152001T03MT01EBS001H0179|52UZPE01152001T03MT01EBS001H0179F0179|3|1|1|1|52UZPE01152001T03MT01EBS001|900091143|CC|MT01|AUXILIARESDEENFERMERIA|52UZPE01152001T03MT01EBS001H0179F0179CF179|2024-12-02|1||1||3||1||1|2|11|5|3|2|20||1|13|0||1||1||1||1||1|2|3|2|1|1|1|2|2|2|2|2|2||2|2|2|2||9||2|2|2|1|1|1|2|2|1|52UZPE01152001T03MT01EBS001H017952UZPE01152001T03MT01EBS001H0179F0179
2|136|1|52|UZPE011|52001|T03|MT01|SANTIAGO|CRRA24838|-77.285926|1.210608||52UZPE01152001T03MT01EBS001H0180|52UZPE01152001T03MT01EBS001H0180F0180|3|1|1|2|52UZPE01152001T03MT01EBS001|900091143|CC|MT01|AUXILIARESDEENFERMERIA|52UZPE01152001T03MT01EBS001H0180F0180CF180|2024-12-03|1||1||3||1||1|2|11|5|2|2|20||1|13|0||1||1||1||1||1|2|3|2|1|1|1|2|2|2|2|2|2||2|2|2|2||9||2|2|2|1|1|1|2|2|1|52UZPE01152001T03MT01EBS001H018052UZPE01152001T03MT01EBS001H0180F0180
2|137|1|52|UZPE011|52001|T03|MT01|SANTIAGO|CRA24A834|-77.286255|1.211056||52UZPE01152001T03MT01EBS001H0181|52UZPE01152001T03MT01EBS001H0181F0181|1|1|1|1|52UZPE01152001T03MT01EBS001|900091143|CC|MT01|AUXILIARDEENFERMERIA|52UZPE01152001T03MT01EBS001H0181F0181CF181|2024-12-04|1||1||3||1||1|2|11|5|3|2|20||2|13|0||1||1||1||1||7|1|3|3|1|1|2|2|2|2|2|2|2||2|2|2|2||9||2|2|2|1|1|1|2|2|1|52UZPE01152001T03MT01EBS001H018152UZPE01152001T03MT01EBS001H0181F0181
2|138|1|52|UZPE011|52001|T03|MT01|SANTIAGO|CALLE52304|-77.287056|1.209136||52UZPE01152001T03MT01EBS001H0182|52UZPE01152001T03MT01EBS001H0182F0182|2|1|1|1|52UZPE01152001T03MT01EBS001|900091143|CC|MT01|AUXILIARDEENFERMERIA|52UZPE01152001T03MT01EBS001H0182F0182CF182|2024-12-05|4||1||3||1||1|2|11|5|3|2|20||2|13|0||1||1||1||1||7|1|3|3|1|1|1|2|2|2|2|2|2||2|2|1|2||9||1|2|2|1|1|1|2|2|1|52UZPE01152001T03MT01EBS001H018252UZPE01152001T03MT01EBS001H0182F0182
2|139|1|52|UZPE011|52001|T03|MT01|SANTIAGO|CLLE92425|-77.285754|1.211174||52UZPE01152001T03MT01EBS001H0183|52UZPE01152001T03MT01EBS001H0183F0183|3|1|1|3|52UZPE01152001T03MT01EBS001|900091143|CC|MT01|AUXILIARESDEENFERMERIA|52UZPE01152001T03MT01EBS001H0183F0183CF183|2024-12-04|4||1||3||1||2|2|11|5|3|2|20||1|13|0||1||1||1||1||1|3|3|2|1|1|1|2|2|2|2|2|2||2|2|2|2||9||2|2|2|1|1|1|2|2|1|52UZPE01152001T03MT01EBS001H018352UZPE01152001T03MT01EBS001H0183F0183
2|140|1|52|UZPE011|52001|T03|MT01|SANTIAGO|CALLE9NUMERO2419|-77.28576|1.21113||52UZPE01152001T03MT01EBS001H0184|52UZPE01152001T03MT01EBS001H0184F0184|3|1|1|2|52UZPE01152001T03MT01EBS001|900091143|CC|MT01|AUXILIARESDEENFERMERIA|52UZPE01152001T03MT01EBS001H0184F0184CF184|2024-12-04|1||1||3||1||2|2|11|5|3|2|20||1|13|0||1||1||1||1||2|2|3|1|1|1|1|2|2|2|2|2|2||2|2|1|2||9||1|2|2|1|1|1|2|2|1|52UZPE01152001T03MT01EBS001H018452UZPE01152001T03MT01EBS001H0184F0184
2|141|1|52|UZPE011|52001|T03|MT01|SANTIAGO|CARRERA24NUMERO707|-77.286785|1.211135||52UZPE01152001T03MT01EBS001H0185|52UZPE01152001T03MT01EBS001H0185F0185|3|1|1|2|52UZPE01152001T03MT01EBS001|900091143|CC|MT01|AUXILIARESDEENFERMERIA|52UZPE01152001T03MT01EBS001H0185F0185CF185|2024-12-04|4||1||3||1||2|2|11|5|3|2|20||2|13|0||1||1||1||1||2|2|3|1|1|1|1|2|2|2|2|2|2||2|2|1|2||9||1|2|2|1|1|1|2|2|1|52UZPE01152001T03MT01EBS001H018552UZPE01152001T03MT01EBS001H0185F0185
2|142|1|52|UZPE011|52001|T03|MT01|SANTIAGO|CARRERA23ANUMERO727|-77.286277|1.209737||52UZPE01152001T03MT01EBS001H0186|52UZPE01152001T03MT01EBS001H0186F0186|3|1|1|2|52UZPE01152001T03MT01EBS001|900091143|CC|MT01|AUXILIARESDEENFERMERIA|52UZPE01152001T03MT01EBS001H0186F0186CF186|2024-12-05|4||1||3||1||1|2|11|5|3|2|20||2|13|0||1||1||1||1||1|2|3|2|1|1|1|2|2|2|2|2|2||2|2|1|2||9||1|2|2|1|1|1|2|2|1|52UZPE01152001T03MT01EBS001H018652UZPE01152001T03MT01EBS001H0186F0186
2|143|1|52|UZPE011|52001|T03|MT01|SANTIAGO|CARRERA23NUMERO808|-77.28604|1.20974||52UZPE01152001T03MT01EBS001H0187|52UZPE01152001T03MT01EBS001H0187F0187|3|1|1|3|52UZPE01152001T03MT01EBS001|900091143|CC|MT01|AUXILIARESDEENFERMERIA|52UZPE01152001T03MT01EBS001H0187F0187CF187|2024-12-08|4||1||3||1||2|2|11|5|2|2|20||2|13|0||1||1||1||1||1|3|3|2|1|1|2|2|2|2|2|2|2||2|2|1|1||9||1|2|2|1|1|1|2|2|1|52UZPE01152001T03MT01EBS001H018752UZPE01152001T03MT01EBS001H0187F0187
2|144|1|52|UZPE011|52001|T03|MT01|SANTIAGO|CRA22F85|-77.285402|1.209514||52UZPE01152001T03MT01EBS001H0189|52UZPE01152001T03MT01EBS001H0189F0189|1|4|4|6|52UZPE01152001T03MT01EBS001|900091143|CC|MT01|AUXILIARDEENFERMERIA|52UZPE01152001T03MT01EBS001H0189F0189CF189|2024-12-08|5||1||3||1||4|2|11|5|2|2|20||1|13|0||1||1||1||1||7|1|3|2|1|1|1|2|2|2|2|2|2||2|2|1|1||9||1|2|2|1|1|1|2|2|1|52UZPE01152001T03MT01EBS001H018952UZPE01152001T03MT01EBS001H0189F0189
2|145|1|52|UZPE011|52001|T03|MT01|SANTIAGO|CRRA2388|-77.285903|1.209688||52UZPE01152001T03MT01EBS001H0190|52UZPE01152001T03MT01EBS001H0190F0190|2|1|1|3|52UZPE01152001T03MT01EBS001|900091143|CC|MT01|AUXILIARESDEENFERMERIA|52UZPE01152001T03MT01EBS001H0190F0190CF190|2024-12-08|4||1||3||1||3|2|11|5|2|2|20||1|13|0||1||1||1||1||4|1|3|2|1|1|1|2|2|2|2|2|2||2|2|1|2||9||1|2|2|1|1|1|2|2|1|52UZPE01152001T03MT01EBS001H019052UZPE01152001T03MT01EBS001H0190F0190
2|146|1|52|UZPE011|52001|T03|MT01|SANTIAGO|CRRA2388|-77.285903|1.209688||52UZPE01152001T03MT01EBS001H0191|52UZPE01152001T03MT01EBS001H0191F0191|2|1|1|3|52UZPE01152001T03MT01EBS001|900091143|CC|MT01|AUXILIARESDEENFERMERIA|52UZPE01152001T03MT01EBS001H0191F0191CF191|2024-12-08|4||1||3||1||3|2|11|5|2|2|20||1|13|0||1||1||1||1||7|1|3|2|1|1|1|2|2|2|2|2|2||2|2|1|2||9||1|2|2|1|1|1|2|2|1|52UZPE01152001T03MT01EBS001H019152UZPE01152001T03MT01EBS001H0191F0191
2|147|1|52|UZPE011|52001|T03|MT01|SANTIAGO|CLLE524A38|-77.187463|1.210951||52UZPE01152001T03MT01EBS001H0193|52UZPE01152001T03MT01EBS001H0193F0193|2|1|1|2|52UZPE01152001T03MT01EBS001|900091143|CC|MT01|AUXILIARESDEENFERMERIA|52UZPE01152001T03MT01EBS001H0193F0193CF193|2024-12-09|1||1||3||1||2|2|11|5|3|2|20||2|13|0||1||1||1||1||2|2|3|1|1|1|1|2|2|2|2|2|2||2|2|1|2||9||1|2|2|1|1|1|2|2|1|52UZPE01152001T03MT01EBS001H019352UZPE01152001T03MT01EBS001H0193F0193
2|148|1|52|UZPE011|52001|T03|MT01|SANTIAGO|CLLE524A38|-77.187463|1.210951||52UZPE01152001T03MT01EBS001H0194|52UZPE01152001T03MT01EBS001H0194F0194|2|1|1|2|52UZPE01152001T03MT01EBS001|900091143|CC|MT01|AUXILIARESDEENFERMERIA|52UZPE01152001T03MT01EBS001H0194F0194CF194|2024-12-09|1||1||3||1||2|2|11|5|3|2|20||2|13|0||1||1||1||1||7|1|3|1|1|1|3|2|2|2|2|2|2||2|2|1|2||9||1|2|2|1|1|1|2|2|1|52UZPE01152001T03MT01EBS001H019452UZPE01152001T03MT01EBS001H0194F0194
2|149|1|52|UZPE011|52001|T03|MT01|SANTIAGO|CARRERA24ANUMERO707|-77.286988|1.209561||52UZPE01152001T03MT01EBS001H0195|52UZPE01152001T03MT01EBS001H0195F0195|3|1|1|1|52UZPE01152001T03MT01EBS001|900091143|CC|MT01|AUXILIARESDEENFERMERIA|52UZPE01152001T03MT01EBS001H0195F0195CF195|2024-12-10|4||1||3||1||1|2|11|5|3|2|20||2|13|0||1||1||1||1||7|1|3|2|1|1|1|2|2|2|2|2|2||2|2|2|2||9||2|2|2|1|1|1|2|2|1|52UZPE01152001T03MT01EBS001H019552UZPE01152001T03MT01EBS001H0195F0195
2|150|1|52|UZPE011|52001|T03|MT01|SANTIAGO|CARRERA23ANUMERO727|-77.28638|1.20998||52UZPE01152001T03MT01EBS001H0196|52UZPE01152001T03MT01EBS001H0196F0196|2|1|1|2|52UZPE01152001T03MT01EBS001|900091143|CC|MT01|AUXILIARESDEENFERMERIA|52UZPE01152001T03MT01EBS001H0196F0196CF196|2024-12-10|4||1||3||1||2|2|11|5|3|2|20||2|13|0||1||1||1||1||2|2|3|2|1|1|2|2|2|2|2|2|2||2|2|2|2||9||2|2|2|1|1|1|2|2|1|52UZPE01152001T03MT01EBS001H019652UZPE01152001T03MT01EBS001H0196F0196
2|151|1|52|UZPE011|52001|T03|MT01|SANTIAGO|CRRA23A548|-77.287105|1.209664||52UZPE01152001T03MT01EBS001H0197|52UZPE01152001T03MT01EBS001H0197F0197|2|1|1|1|52UZPE01152001T03MT01EBS001|900091143|CC|MT01|AUXILIARESDEENFERMERIA|52UZPE01152001T03MT01EBS001H0197F0197CF197|2024-12-09|1||1||3||1||1|2|11|5|3|2|20||1|13|0||1||1||1||1||7|1|3|2|1|1|1|2|2|2|2|2|2||2|2|1|2||9||1|2|2|1|1|1|2|2|1|52UZPE01152001T03MT01EBS001H019752UZPE01152001T03MT01EBS001H0197F0197
2|152|1|52|UZPE011|52001|T03|MT01|SANTIAGO|CRRA23A548|-77.287105|1.209664||52UZPE01152001T03MT01EBS001H0198|52UZPE01152001T03MT01EBS001H0198F0198|2|1|1|1|52UZPE01152001T03MT01EBS001|900091143|CC|MT01|AUXILIARESDEENFERMERIA|52UZPE01152001T03MT01EBS001H0198F0198CF198|2024-12-09|1||1||3||1||1|2|11|5|3|2|20||1|13|0||1||1||1||1||2|1|3|2|1|1|3|2|2|2|2|2|2||2|2|1|2||9||1|2|2|1|1|1|2|2|1|52UZPE01152001T03MT01EBS001H019852UZPE01152001T03MT01EBS001H0198F0198
2|153|1|52|UZPE011|52001|T03|MT01|SANTIAGO|CRRA24847|-77.285958|1.210794||52UZPE01152001T03MT01EBS001H0199|52UZPE01152001T03MT01EBS001H0199F0199|2|1|1|1|52UZPE01152001T03MT01EBS001|900091143|CC|MT01|AUXILIARESDEENFERMERIA|52UZPE01152001T03MT01EBS001H0199F0199CF199|2024-12-10|1||1||3||1||1|2|11|5|2|2|20||2|13|0||1||1||1||1||1|3|3|1|1|1|3|2|2|2|2|2|2||2|2|2|2||9||2|2|2|1|1|1|2|2|1|52UZPE01152001T03MT01EBS001H019952UZPE01152001T03MT01EBS001H0199F0199
2|154|1|52|UZPE011|52001|T03|MT01|SANTIAGO|CRA23A727|-77.206413|1.210057||52UZPE01152001T03MT01EBS001H0201|52UZPE01152001T03MT01EBS001H0201F0201|2|1|1|1|52UZPE01152001T03MT01EBS001|900091143|CC|MT01|AUXILIARDEENFERMERIA|52UZPE01152001T03MT01EBS001H0201F0201CF201|2024-12-11|4||1||3||1||1|2|11|5|3|2|20||2|13|0||1||1||1||1||7|1|3|2|1|1|1|2|2|2|2|2|2||2|2|2|2||9||2|2|2|1|2|1|2|2|1|52UZPE01152001T03MT01EBS001H020152UZPE01152001T03MT01EBS001H0201F0201
2|155|1|52|UZPE011|52001|T03|MT01|SANTIAGO|CARRERA23NUMERO828EDIFICIOELVADO|-77.285661|1.209582||52UZPE01152001T03MT01EBS001H0203|52UZPE01152001T03MT01EBS001H0203F0203|3|1|1|1|52UZPE01152001T03MT01EBS001|900091143|CC|MT01|AUXILIARESDEENFERMERIA|52UZPE01152001T03MT01EBS001H0203F0203CF203|2024-12-11|4||1||3||1||1|2|11|5|3|2|20||2|13|0||1||1||1||1||7|1|3|2|1|1|1|2|2|2|2|2|2||2|2|2|1||9||2|2|2|1|1|1|2|2|1|52UZPE01152001T03MT01EBS001H020352UZPE01152001T03MT01EBS001H0203F0203
2|156|1|52|UZPE011|52001|T03|MT01|SANTIAGO|CRRA23A727EDIFELITE|-77.28638|1.20998||52UZPE01152001T03MT01EBS001H0204|52UZPE01152001T03MT01EBS001H0204F0204|3|1|1|1|52UZPE01152001T03MT01EBS001|900091143|CC|MT01|AUXILIARESDEENFERMERIA|52UZPE01152001T03MT01EBS001H0204F0204CF204|2024-12-10|4||1||3||1||2|2|11|5|3|2|20||1|13|0||1||1||1||1||7|1|3|1|1|1|1|2|2|2|2|2|2||2|2|2|2||9||2|2|2|1|1|1|2|2|1|52UZPE01152001T03MT01EBS001H020452UZPE01152001T03MT01EBS001H0204F0204
2|157|1|52|UZPE011|52001|T03|MT01|SANTIAGO|CARRERA23NUMERO828APARTAMENTO402EDIFICIOELVADO|-77.285661|1.209582||52UZPE01152001T03MT01EBS001H0206|52UZPE01152001T03MT01EBS001H0206F0206|3|1|1|1|52UZPE01152001T03MT01EBS001|900091143|CC|MT01|AUXILIARESDEENFERMERIA|52UZPE01152001T03MT01EBS001H0206F0206CF206|2024-12-12|4||1||3||1||1|2|11|5|3|2|20||2|13|0||1||1||1||1||7|1|3|1|1|1|1|2|2|2|2|2|2||2|2|1|1||9||1|2|2|1|1|1|2|2|1|52UZPE01152001T03MT01EBS001H020652UZPE01152001T03MT01EBS001H0206F0206
2|158|1|52|UZPE011|52001|T03|MT01|SANTIAGO|CRRA23828EDIFVADO|-77.285661|1.209582||52UZPE01152001T03MT01EBS001H0207|52UZPE01152001T03MT01EBS001H0207F0207|3|1|1|1|52UZPE01152001T03MT01EBS001|900091143|CC|MT01|AUXILIARESDEENFERMERIA|52UZPE01152001T03MT01EBS001H0207F0207CF207|2024-12-11|4||1||3||1||1|2|11|5|3|2|20||1|13|0||1||1||1||3||7|1|3|2|1|1|1|2|2|2|2|2|2||2|2|2|2||9||2|2|2|1|1|1|2|2|1|52UZPE01152001T03MT01EBS001H020752UZPE01152001T03MT01EBS001H0207F0207
2|159|1|52|UZPE011|52001|T03|MT01|SANTIAGO|CARRERA23NUMERO828APARTAMENTO702EDIFICIOELVADO|-77.285661|1.209582||52UZPE01152001T03MT01EBS001H0208|52UZPE01152001T03MT01EBS001H0208F0208|3|1|1|2|52UZPE01152001T03MT01EBS001|900091143|CC|MT01|AUXILIARESDEENFERMERIA|52UZPE01152001T03MT01EBS001H0208F0208CF208|2024-12-12|4||1||3||1||1|2|11|5|3|2|20||2|13|0||1||1||1||1||1|2|2|1|1|1|2|2|2|2|2|2|2||2|2|1|2||9||1|2|2|1|1|1|2|2|1|52UZPE01152001T03MT01EBS001H020852UZPE01152001T03MT01EBS001H0208F0208
2|160|1|52|UZPE011|52001|T03|MT01|SANTIAGO|CRRA23828|-77.285661|1.209582||52UZPE01152001T03MT01EBS001H0209|52UZPE01152001T03MT01EBS001H0209F0209|2|1|1|1|52UZPE01152001T03MT01EBS001|900091143|CC|MT01|AUXILIARESDEENFERMERIA|52UZPE01152001T03MT01EBS001H0209F0209CF209|2024-12-11|4||1||3||1||1|2|11|5|3|2|20||2|13|0||1||1||1||1||4|4|3|1|1|1|1|2|2|2|2|2|2||2|2|2|2||9||2|2|2|1|1|1|2|2|1|52UZPE01152001T03MT01EBS001H020952UZPE01152001T03MT01EBS001H0209F0209
2|161|1|52|UZPE011|52001|T03|MT01|SANTIAGO|CARRERA23NUMERO828APARTAMENTO1001EDIFICIOELVADO|-77.285661|1.209582||52UZPE01152001T03MT01EBS001H0210|52UZPE01152001T03MT01EBS001H0210F0210|3|1|1|4|52UZPE01152001T03MT01EBS001|900091143|CC|MT01|AUXILIARESDEENFERMERIA|52UZPE01152001T03MT01EBS001H0210F0210CF210|2024-12-12|4||1||3||1||3|2|11|5|3|2|20||2|13|0||1||1||1||1||1|4|3|2|1|1|1|2|2|2|2|2|2||2|2|1|1||9||1|2|2|1|1|1|2|2|1|52UZPE01152001T03MT01EBS001H021052UZPE01152001T03MT01EBS001H0210F0210
2|162|1|52|UZPE011|52001|T03|MT01|SANTIAGO|CRRA232311|-77.28656|1.20968||52UZPE01152001T03MT01EBS001H0211|52UZPE01152001T03MT01EBS001H0211F0211|2|1|1|2|52UZPE01152001T03MT01EBS001|900091143|CC|MT01|AUXILIARESDEENFERMERIA|52UZPE01152001T03MT01EBS001H0211F0211CF211|2024-12-11|1||1||3||1||2|2|11|5|2|2|20||1|13|0||1||1||1||1||1|2|3|1|1|1|1|2|2|2|2|2|2||2|2|1|2||9||1|2|2|1|1|1|2|2|1|52UZPE01152001T03MT01EBS001H021152UZPE01152001T03MT01EBS001H0211F0211
2|163|1|52|UZPE011|52001|T03|MT03|RENACER|CALLE9NUMERO22E66|-77.28507|1.20928||52UZPE01152001T03MT03EBS001H0213|52UZPE01152001T03MT03EBS001H0213F0213|2|2|2|4|52UZPE01152001T03MT03EBS001|900091143|CC|MT03|AUXILIARESDEENFERMERIA|52UZPE01152001T03MT03EBS001H0213F0213CF213|2024-12-16|1||1||3||4||3|2|11|5|2|2|20||2|13|0||1||1||1||1||2|2|3|1|1|1|1|2|2|2|2|2|2||2|2|1|1||9||1|2|2|1|1|1|2|2|1|52UZPE01152001T03MT03EBS001H021352UZPE01152001T03MT03EBS001H0213F0213
2|164|1|52|UZPE011|52001|T03|MT03|RENACER|CALLE9NUMERO22E66|-77.28507|1.20928||52UZPE01152001T03MT03EBS001H0214|52UZPE01152001T03MT03EBS001H0214F0214|2|2|2|4|52UZPE01152001T03MT03EBS001|900091143|CC|MT03|AUXILIARESDEENFERMERIA|52UZPE01152001T03MT03EBS001H0214F0214CF214|2024-12-16|1||1||3||4||3|2|11|5|2|2|20||2|13|0||1||1||1||1||1|2|3|2|1|1|1|2|2|2|2|2|2||2|2|1|2||9||1|2|2|1|2|1|2|2|1|52UZPE01152001T03MT03EBS001H021452UZPE01152001T03MT03EBS001H0214F0214
2|165|1|52|UZPE011|52001|T03|MT03|RENACER|CALLE9NUMERO22E84|-77.28505|1.20943||52UZPE01152001T03MT03EBS001H0217|52UZPE01152001T03MT03EBS001H0217F0217|2|1|1|4|52UZPE01152001T03MT03EBS001|900091143|CC|MT03|AUXILIARESDEENFERMERIA|52UZPE01152001T03MT03EBS001H0217F0217CF217|2024-12-16|1||1||3||1||3|2|11|5|3|2|20||2|13|0||1||1||1||1||1|4|3|1|1|1|1|2|2|2|2|2|2||2|2|1|1||9||1|2|2|1|2|1|2|2|1|52UZPE01152001T03MT03EBS001H021752UZPE01152001T03MT03EBS001H0217F0217
2|166|1|52|UZPE011|52001|T03|MT03|RENACER|CRA22E869|-77.285084|1.20887||52UZPE01152001T03MT03EBS001H0218|52UZPE01152001T03MT03EBS001H0218F0218|1|2|2|5|52UZPE01152001T03MT03EBS001|900091143|CC|MT03|AUXILIARDEENFERMERIA|52UZPE01152001T03MT03EBS001H0218F0218CF218|2024-12-16|1||1||3||4||4|2|1|5|2|2|20||1|13|0||3||1||1||1||2|2|3|2|1|1|1|2|2|2|2|2|2||2|2|1|2||9||1|2|2|1|2|1|2|2|1|52UZPE01152001T03MT03EBS001H021852UZPE01152001T03MT03EBS001H0218F0218
2|167|1|52|UZPE011|52001|T03|MT03|RENACER|CRA22E869|-77.285084|1.20887||52UZPE01152001T03MT03EBS001H0219|52UZPE01152001T03MT03EBS001H0219F0219|1|2|2|5|52UZPE01152001T03MT03EBS001|900091143|CC|MT03|AUXILIARDEENFERMERIA|52UZPE01152001T03MT03EBS001H0219F0219CF219|2024-12-16|1||1||3||4||4|2|1|5|2|2|20||1|13|0||3||1||1||1||2|3|3|2|1|1|1|2|2|2|2|2|2||2|2|1|2||9||1|2|2|1|1|1|2|2|1|52UZPE01152001T03MT03EBS001H021952UZPE01152001T03MT03EBS001H0219F0219
2|168|1|52|UZPE011|52001|T03|MT03|RENACER|CALLE822E34|-77.285708|1.209062||52UZPE01152001T03MT03EBS001H0220|52UZPE01152001T03MT03EBS001H0220F0220|1|1|1|3|52UZPE01152001T03MT03EBS001|900091143|CC|MT03|AUXILIARDEENFERMERIA|52UZPE01152001T03MT03EBS001H0220F0220CF220|2024-12-16|4||1||3||1||3|2|11|5|3|2|20||1|13|0||1||1||1||1||1|3|3|1|1|1|2|2|2|2|2|2|2||2|2|1|2||9||1|2|2|1|1|1|2|2|1|52UZPE01152001T03MT03EBS001H022052UZPE01152001T03MT03EBS001H0220F0220
2|169|1|52|UZPE011|52001|T03|MT03|RENACER|CR22F804|-77.28565|1.209251||52UZPE01152001T03MT03EBS001H0221|52UZPE01152001T03MT03EBS001H0221F0221|1|1|1|2|52UZPE01152001T03MT03EBS001|900091143|CC|MT03|AUXILIARDEENFERMERIA|52UZPE01152001T03MT03EBS001H0221F0221CF221|2024-12-17|1||2||3||4||1|2|11|5|2|2|20||1|13|0||1||1||1||1||1|2|3|3|1|1|1|2|2|2|2|2|2||2|2|1|1||9||1|2|2|1|1|1|2|2|1|52UZPE01152001T03MT03EBS001H022152UZPE01152001T03MT03EBS001H0221F0221
2|170|1|52|UZPE011|52001|T03|MT03|RENACER|CRA22F820|-77.285603|1.209324||52UZPE01152001T03MT03EBS001H0222|52UZPE01152001T03MT03EBS001H0222F0222|1|1|1|2|52UZPE01152001T03MT03EBS001|900091143|CC|MT03|AUXILIARDEENFERMERIA|52UZPE01152001T03MT03EBS001H0222F0222CF222|2024-12-17|4||1||3||1||1|2|11|5|3|2|20||2|13|0||1||1||1||1||1|2|3|3|1|1|1|2|2|2|2|2|2||2|2|2|2||9||2|2|2|1|2|1|2|2|1|52UZPE01152001T03MT03EBS001H022252UZPE01152001T03MT03EBS001H0222F0222
2|171|1|52|UZPE011|52001|T03|MT03|RENACER|CLLE922E52|-77.285028|1.209302||52UZPE01152001T03MT03EBS001H0223|52UZPE01152001T03MT03EBS001H0223F0223|2|1|1|2|52UZPE01152001T03MT03EBS001|900091143|CC|MT03|AUXILIARESDEENFERMERIA|52UZPE01152001T03MT03EBS001H0223F0223CF223|2024-12-16|1||1||3||1||2|2|11|5|3|2|20||1|13|0||1||1||1||1||4|1|3|1|1|1|1|2|2|2|2|2|2||2|2|1|2||9||1|2|2|1|1|1|2|2|1|52UZPE01152001T03MT03EBS001H022352UZPE01152001T03MT03EBS001H0223F0223
2|172|1|52|UZPE011|52001|T03|MT03|RENACER|CLLE922E22|-77.28487|1.20909||52UZPE01152001T03MT03EBS001H0224|52UZPE01152001T03MT03EBS001H0224F0224|2|1|1|1|52UZPE01152001T03MT03EBS001|900091143|CC|MT03|AUXILIARESDEENFERMERIA|52UZPE01152001T03MT03EBS001H0224F0224CF224|2024-12-16|1||1||3||1||1|2|11|5|3|2|20||1|13|0||1||1||1||1||7|1|3|2|1|1|1|2|2|2|2|2|2||2|2|1|2||9||1|2|2|1|1|1|2|2|1|52UZPE01152001T03MT03EBS001H022452UZPE01152001T03MT03EBS001H0224F0224
2|173|1|52|UZPE011|52001|T03|MT03|RENACER|CRRA22E919|-77.28459|1.20898||52UZPE01152001T03MT03EBS001H0225|52UZPE01152001T03MT03EBS001H0225F0225|2|1|1|1|52UZPE01152001T03MT03EBS001|900091143|CC|MT03|AUXILIARESDEENFERMERIA|52UZPE01152001T03MT03EBS001H0225F0225CF225|2024-12-16|1||1||3||1||1|2|11|5|3|2|20||1|13|0||1||1||1||1||7|1|3|1|1|1|1|2|2|2|2|2|2||2|2|2|2||9||2|2|2|1|1|1|2|2|1|52UZPE01152001T03MT03EBS001H022552UZPE01152001T03MT03EBS001H0225F0225
2|174|1|52|UZPE011|52001|T03|MT03|RENACER|CRRA22E953|-77.28445|1.20901||52UZPE01152001T03MT03EBS001H0226|52UZPE01152001T03MT03EBS001H0226F0226|2|1|1|2|52UZPE01152001T03MT03EBS001|900091143|CC|MT03|AUXILIARESDEENFERMERIA|52UZPE01152001T03MT03EBS001H0226F0226CF226|2024-12-16|1||1||3||1||2|2|11|5|2|2|20||1|13|0||1||1||1||1||4|2|3|2|1|1|1|2|2|2|2|2|2||2|2|1|1||9||1|2|2|1|1|1|2|2|1|52UZPE01152001T03MT03EBS001H022652UZPE01152001T03MT03EBS001H0226F0226
2|175|1|52|UZPE011|52001|T03|MT03|RENACER|CRA22F830|-77.285446|1.209387||52UZPE01152001T03MT03EBS001H0227|52UZPE01152001T03MT03EBS001H0227F0227|1|1|1|2|52UZPE01152001T03MT03EBS001|900091143|CC|MT03|AUXILIARDEENFERMERIA|52UZPE01152001T03MT03EBS001H0227F0227CF227|2024-12-17|1||1||3||1||1|2|11|5|3|2|20||1|13|0||1||1||1||1||1|2|3|3|1|1|2|2|2|2|2|2|2||2|2|1|1||9||1|2|2|1|1|1|2|2|1|52UZPE01152001T03MT03EBS001H022752UZPE01152001T03MT03EBS001H0227F0227
2|176|1|52|UZPE011|52001|T03|MT03|RENACER|CALLE822E1|-77.285702|1.20893||52UZPE01152001T03MT03EBS001H0228|52UZPE01152001T03MT03EBS001H0228F0228|1|1|1|1|52UZPE01152001T03MT03EBS001|900091143|CC|MT03|AUXILIARDEENFERMERIA|52UZPE01152001T03MT03EBS001H0228F0228CF228|2024-12-17|1||1||3||4||2|2|11|5|3|2|20||2|13|0||1||1||1||1||7|1|3|1|1|1|1|2|2|2|2|2|2||2|2|1|1||9||1|2|2|1|2|1|2|2|1|52UZPE01152001T03MT03EBS001H022852UZPE01152001T03MT03EBS001H0228F0228
2|177|1|52|UZPE011|52001|T03|MT03|RENACER|CALLE622E10|-77.286273|1.208649||52UZPE01152001T03MT03EBS001H0229|52UZPE01152001T03MT03EBS001H0229F0229|1|1|1|1|52UZPE01152001T03MT03EBS001|900091143|CC|MT03|AUXILIARDEENFERMERIA|52UZPE01152001T03MT03EBS001H0229F0229CF229|2024-12-17|4||1||3||1||1|2|11|5|3|2|20||2|13|0||3||1||1||1||7|1|3|3|1|1|2|2|2|2|2|2|2||2|2|1|1||9||1|2|2|1|1|1|2|2|1|52UZPE01152001T03MT03EBS001H022952UZPE01152001T03MT03EBS001H0229F0229
2|178|1|52|UZPE011|52001|T03|MT03|RENACER|22E|-77.286386|1.208713||52UZPE01152001T03MT03EBS001H0231|52UZPE01152001T03MT03EBS001H0231F0231|2|1|1|1|52UZPE01152001T03MT03EBS001|900091143|CC|MT03|AUXILIARDEENFERMERIA|52UZPE01152001T03MT03EBS001H0231F0231CF231|2024-12-17|1||1||3||4||1|2|11|5|3|2|20||1|13|0||3||1||1||1||7|1|3|1|1|1|1|2|2|2|2|2|2||2|2|2|2||9||2|2|2|1|2|1|2|2|1|52UZPE01152001T03MT03EBS001H023152UZPE01152001T03MT03EBS001H0231F0231
2|179|1|52|UZPE011|52001|T03|MT03|RENACER|CRA22F535|-77.286545|1.208948||52UZPE01152001T03MT03EBS001H0232|52UZPE01152001T03MT03EBS001H0232F0232|1|1|1|1|52UZPE01152001T03MT03EBS001|900091143|PT|MT03|AUXILIARDEENFERMERIA|52UZPE01152001T03MT03EBS001H0232F0232CF232|2025-10-31|5||2||3||2||1|2|11|5|2|2|8||2|13|0||1||1||1||1||7|1|3|3|1|1|1|2|2|2|2|2|2||2|2|1|2||9||1|2|2|1|1|1|2|2|1|52UZPE01152001T03MT03EBS001H023252UZPE01152001T03MT03EBS001H0232F0232
2|180|1|52|UZPE011|52001|T03|MT03|RENACER|CRA22E418|-77.286713|1.208179||52UZPE01152001T03MT03EBS001H0234|52UZPE01152001T03MT03EBS001H0234F0234|1|2|2|4|52UZPE01152001T03MT03EBS001|900091143|CC|MT03|AUXILIARDEENFERMERIA|52UZPE01152001T03MT03EBS001H0234F0234CF234|2024-12-18|1||1||3||1||3|2|11|5|3|2|20||2|13|0||3||1||1||1||7|1|3|2|1|1|1|2|2|2|2|2|2||2|2|1|2||9||1|2|2|1|1|1|2|2|1|52UZPE01152001T03MT03EBS001H023452UZPE01152001T03MT03EBS001H0234F0234
2|181|1|52|UZPE011|52001|T03|MT03|RENACER|CRA22E418|-77.286713|1.208179||52UZPE01152001T03MT03EBS001H0235|52UZPE01152001T03MT03EBS001H0235F0235|1|2|2|4|52UZPE01152001T03MT03EBS001|900091143|CC|MT03|AUXILIARDEENFERMERIA|52UZPE01152001T03MT03EBS001H0235F0235CF235|2024-12-18|1||1||3||1||3|2|11|5|3|2|20||2|13|0||3||1||1||1||2|3|3|1|1|1|1|2|2|2|2|2|2||2|2|2|1||9||2|2|2|1|2|1|2|2|1|52UZPE01152001T03MT03EBS001H023552UZPE01152001T03MT03EBS001H0235F0235
2|182|1|52|UZPE011|52001|T03|MT03|RENACER|CR22E412|-77.286851|1.208223||52UZPE01152001T03MT03EBS001H0236|52UZPE01152001T03MT03EBS001H0236F0236|1|1|1|4|52UZPE01152001T03MT03EBS001|900091143|PT|MT03|AUXILIARDEENFERMERIA|52UZPE01152001T03MT03EBS001H0236F0236CF236|2025-10-28|1||1||3||4||3|2|11|5|3|2|20||1|13|0||1||1||1||1||2|4|3|1|1|1|2|2|2|2|2|2|2||2|2|1|2||9||1|2|2|1|2|1|2|2|1|52UZPE01152001T03MT03EBS001H023652UZPE01152001T03MT03EBS001H0236F0236
2|183|1|52|UZPE011|52001|T03|MT03|RENACER|CLLE1022E32|-77.284527|1.209539||52UZPE01152001T03MT03EBS001H0237|52UZPE01152001T03MT03EBS001H0237F0237|2|1|1|2|52UZPE01152001T03MT03EBS001|900091143|CC|MT03|AUXILIARESDEENFERMERIA|52UZPE01152001T03MT03EBS001H0237F0237CF237|2024-12-16|1||1||3||1||2|2|11|5|3|2|20||1|13|0||1||1||1||1||2|2|3|2|1|1|1|2|2|2|2|2|2||2|2|1|2||9||1|2|2|1|1|1|2|2|1|52UZPE01152001T03MT03EBS001H023752UZPE01152001T03MT03EBS001H0237F0237
2|184|1|52|UZPE011|52001|T03|MT03|RENACER|CRRA22E881|-77.284979|1.208886||52UZPE01152001T03MT03EBS001H0238|52UZPE01152001T03MT03EBS001H0238F0238|2|1|1|2|52UZPE01152001T03MT03EBS001|900091143|CC|MT03|AUXILIARESDEENFERMERIA|52UZPE01152001T03MT03EBS001H0238F0238CF238|2024-12-16|1||1||3||1||2|2|11|5|3|2|20||1|13|0||1||1||1||1||4|2|3|2|1|1|1|2|2|2|2|2|2||2|2|1|2||9||1|2|2|1|1|1|2|2|1|52UZPE01152001T03MT03EBS001H023852UZPE01152001T03MT03EBS001H0238F0238
2|185|1|52|UZPE011|52001|T03|MT03|RENACER|CRRA22E87|-77.285556|1.208864||52UZPE01152001T03MT03EBS001H0239|52UZPE01152001T03MT03EBS001H0239F0239|2|1|1|2|52UZPE01152001T03MT03EBS001|900091143|CC|MT03|AUXILIARESDEENFERMERIA|52UZPE01152001T03MT03EBS001H0239F0239CF239|2024-12-16|1||1||3||1||2|2|11|5|2|2|20||1|13|0||1||1||1||1||4|2|3|2|1|1|1|2|2|2|2|2|2||2|2|1|2||9||1|2|2|1|1|1|2|2|1|52UZPE01152001T03MT03EBS001H023952UZPE01152001T03MT03EBS001H0239F0239
2|186|1|52|UZPE011|52001|T03|MT03|RENACER|CALLE522F29|-77.28717|1.2092||52UZPE01152001T03MT03EBS001H0240|52UZPE01152001T03MT03EBS001H0240F0240|1|1|1|2|52UZPE01152001T03MT03EBS001|900091143|CC|MT03|AUXILIARDEENFERMERIA|52UZPE01152001T03MT03EBS001H0240F0240CF240|2024-12-18|4||1||3||1||1|2|11|5|3|2|20||2|13|0||1||1||1||1||1|2|3|1|1|1|2|2|2|2|2|2|2||2|2|1|1||9||1|2|2|1|1|1|2|2|1|52UZPE01152001T03MT03EBS001H024052UZPE01152001T03MT03EBS001H0240F0240
2|187|1|52|UZPE011|52001|T03|MT03|RENACER|CARRERA22FNUMERO820|-77.285603|1.209324||52UZPE01152001T03MT03EBS001H0243|52UZPE01152001T03MT03EBS001H0243F0243|2|1|1|3|52UZPE01152001T03MT03EBS001|900091143|CC|MT03|AUXILIARESDEENFERMERIA|52UZPE01152001T03MT03EBS001H0243F0243CF243|2024-12-16|4||1||3||1||2|2|11|5|3|2|20||2|13|0||1||1||1||1||1|3|3|2|1|1|2|2|2|2|2|2|2||2|2|1|1||9||1|2|2|1|1|1|2|2|1|52UZPE01152001T03MT03EBS001H024352UZPE01152001T03MT03EBS001H0243F0243
2|188|1|52|UZPE011|52001|T03|MT03|RENACER|CALLE9NUMERO22E21|-77.20501|1.20931||52UZPE01152001T03MT03EBS001H0244|52UZPE01152001T03MT03EBS001H0244F0244|2|3|3|6|52UZPE01152001T03MT03EBS001|900091143|CC|MT03|AUXILIARESDEENFERMERIA|52UZPE01152001T03MT03EBS001H0244F0244CF244|2024-12-17|1||1||3||1||0|2|11|5|3|2|20||2|13|0||1||1||1||1||1|3|3|2|1|1|1|2|2|2|2|2|2||2|2|1|2||9||1|2|2|1|1|1|2|2|1|52UZPE01152001T03MT03EBS001H024452UZPE01152001T03MT03EBS001H0244F0244
2|189|1|52|UZPE011|52001|T03|MT03|RENACER|CALLE9NUMERO22E21|-77.20501|1.20931||52UZPE01152001T03MT03EBS001H0245|52UZPE01152001T03MT03EBS001H0245F0245|2|3|3|6|52UZPE01152001T03MT03EBS001|900091143|CC|MT03|AUXILIARESDEENFERMERIA|52UZPE01152001T03MT03EBS001H0245F0245CF245|2024-12-17|1||1||3||1||0|2|11|5|3|2|20||2|13|0||1||1||1||1||7|1|3|2|1|1|1|2|2|2|2|2|2||2|2|1|2||9||1|2|2|1|1|1|2|2|1|52UZPE01152001T03MT03EBS001H024552UZPE01152001T03MT03EBS001H0245F0245
2|190|1|52|UZPE011|52001|T03|MT03|RENACER|CALLE9NUMERO22E21|-77.20501|1.20931||52UZPE01152001T03MT03EBS001H0246|52UZPE01152001T03MT03EBS001H0246F0246|2|3|3|6|52UZPE01152001T03MT03EBS001|900091143|CC|MT03|AUXILIARESDEENFERMERIA|52UZPE01152001T03MT03EBS001H0246F0246CF246|2024-12-17|1||1||3||1||0|2|11|5|3|2|20||2|13|0||1||1||1||1||2|2|3|1|1|1|1|2|2|2|2|2|2||2|2|1|2||9||1|2|2|1|1|1|2|2|1|52UZPE01152001T03MT03EBS001H024652UZPE01152001T03MT03EBS001H0246F0246
2|191|1|52|UZPE011|52001|T03|MT03|RENACER|CRRA22F814|-77.285651|1.20932||52UZPE01152001T03MT03EBS001H0251|52UZPE01152001T03MT03EBS001H0251F0251|2|1|1|2|52UZPE01152001T03MT03EBS001|900091143|CC|MT03|AUXILIARESDEENFERMERIA|52UZPE01152001T03MT03EBS001H0251F0251CF251|2024-12-17|1||1||3||1||2|2|11|5|3|2|20||1|13|0||1||1||1||1||1|2|3|2|1|1|1|2|2|2|2|2|2||2|2|1|1||9||1|2|2|1|1|1|2|2|1|52UZPE01152001T03MT03EBS001H025152UZPE01152001T03MT03EBS001H0251F0251
2|192|1|52|UZPE011|52001|T03|MT03|RENACER|CLLE622E18|-77.28641|1.20871||52UZPE01152001T03MT03EBS001H0253|52UZPE01152001T03MT03EBS001H0253F0253|2|1|1|2|52UZPE01152001T03MT03EBS001|900091143|CC|MT03|AUXILIARESDEENFERMERIA|52UZPE01152001T03MT03EBS001H0253F0253CF253|2024-12-17|1||1||3||1||2|1|11|5|3|2|20||1|13|0||1||1||1||1||1|2|3|1|1|1|1|2|2|2|2|2|2||2|2|1|2||9||1|2|2|1|1|1|2|2|1|52UZPE01152001T03MT03EBS001H025352UZPE01152001T03MT03EBS001H0253F0253
2|193|1|52|UZPE011|52001|T03|MT03|RENACER|CLLE622E19|-77.28637|1.20883||52UZPE01152001T03MT03EBS001H0254|52UZPE01152001T03MT03EBS001H0254F0254|2|1|1|1|52UZPE01152001T03MT03EBS001|900091143|CC|MT03|AUXILIARESDEENFERMERIA|52UZPE01152001T03MT03EBS001H0254F0254CF254|2024-12-17|1||1||3||1||1|2|11|5|2|2|20||1|13|0||1||1||1||1||1|1|3|1|1|1|1|2|2|2|2|2|2||2|2|2|2||9||2|2|2|1|1|1|2|2|1|52UZPE01152001T03MT03EBS001H025452UZPE01152001T03MT03EBS001H0254F0254
2|194|1|52|UZPE011|52001|T03|MT03|RENACER|CLLE622E23|-77.28631|1.20868||52UZPE01152001T03MT03EBS001H0256|52UZPE01152001T03MT03EBS001H0256F0256|2|1|1|2|52UZPE01152001T03MT03EBS001|900091143|CC|MT03|AUXILIARESDEENFERMERIA|52UZPE01152001T03MT03EBS001H0256F0256CF256|2024-12-17|1||1||3||1||2|2|11|5|3|2|20||1|13|0||1||1||1||1||1|2|3|2|1|1|1|2|2|2|2|2|2||2|2|1|2||9||1|2|2|1|1|1|2|2|1|52UZPE01152001T03MT03EBS001H025652UZPE01152001T03MT03EBS001H0256F0256
2|195|1|52|UZPE011|52001|T03|MT03|RENACER|CRRA22E413|-77.286878|1.208444||52UZPE01152001T03MT03EBS001H0257|52UZPE01152001T03MT03EBS001H0257F0257|2|1|1|2|52UZPE01152001T03MT03EBS001|900091143|CC|MT03|AUXILIARESDEENFERMERIA|52UZPE01152001T03MT03EBS001H0257F0257CF257|2024-12-17|1||1||3||1||2|2|11|5|3|2|20||1|13|0||1||1||1||1||1|2|3|2|1|1|1|2|2|2|2|2|2||2|2|1|2||9||1|2|2|1|1|1|2|2|1|52UZPE01152001T03MT03EBS001H025752UZPE01152001T03MT03EBS001H0257F0257
2|196|1|52|UZPE011|52001|T03|MT03|RENACER|CALLE8NUMERO22E44|-77.289563|1.20901||52UZPE01152001T03MT03EBS001H0258|52UZPE01152001T03MT03EBS001H0258F0258|2|2|2|5|52UZPE01152001T03MT03EBS001|900091143|CC|MT03|AUXILIARESDEENFERMERIA|52UZPE01152001T03MT03EBS001H0258F0258CF258|2024-12-18|1||1||3||4||2|1|11|5|2|2|20||2|13|0||1||1||1||1||7|1|3|2|1|1|1|2|2|2|2|2|2||2|2|1|2||9||1|2|2|1|1|1|2|2|1|52UZPE01152001T03MT03EBS001H025852UZPE01152001T03MT03EBS001H0258F0258
2|197|1|52|UZPE011|52001|T03|MT03|RENACER|CALLE8NUMERO22E44|-77.289563|1.20901||52UZPE01152001T03MT03EBS001H0259|52UZPE01152001T03MT03EBS001H0259F0259|2|2|2|5|52UZPE01152001T03MT03EBS001|900091143|CC|MT03|AUXILIARESDEENFERMERIA|52UZPE01152001T03MT03EBS001H0259F0259CF259|2024-12-18|1||1||3||4||2|1|11|5|2|2|20||2|13|0||1||1||1||1||2|4|3|2|1|1|1|2|2|2|2|2|2||2|2|1|2||9||1|2|2|1|2|1|2|2|1|52UZPE01152001T03MT03EBS001H025952UZPE01152001T03MT03EBS001H0259F0259
2|198|1|52|UZPE011|52001|T03|MT03|RENACER|CLLE522E21|-77.286918|1.208704||52UZPE01152001T03MT03EBS001H0260|52UZPE01152001T03MT03EBS001H0260F0260|2|2|2|1|52UZPE01152001T03MT03EBS001|900091143|CC|MT03|AUXILIARESDEENFERMERIA|52UZPE01152001T03MT03EBS001H0260F0260CF260|2024-12-18|1||1||3||1||2|2|11|5|3|2|20||1|13|0||1||1||1||1||7|1|3|1|1|1|1|2|2|2|2|2|2||2|2|1|2||9||1|2|2|1|1|1|2|2|1|52UZPE01152001T03MT03EBS001H026052UZPE01152001T03MT03EBS001H0260F0260
2|199|1|52|UZPE011|52001|T03|MT03|RENACER|CLLE522F25|-77.28718|1.209143||52UZPE01152001T03MT03EBS001H0261|52UZPE01152001T03MT03EBS001H0261F0261|2|1|1|2|52UZPE01152001T03MT03EBS001|900091143|CC|MT03|AUXILIARESDEENFERMERIA|52UZPE01152001T03MT03EBS001H0261F0261CF261|2024-12-18|1||1||3||1||3|2|11|5|2|2|20||1|13|0||1||1||1||1||4|2|3|1|1|1|1|2|2|2|2|2|2||2|2|1|2||9||1|2|2|1|1|1|2|2|1|52UZPE01152001T03MT03EBS001H026152UZPE01152001T03MT03EBS001H0261F0261
2|200|1|52|UZPE011|52001|T03|MT03|RENACER|CRRA23A424|-77.28756|1.209546||52UZPE01152001T03MT03EBS001H0262|52UZPE01152001T03MT03EBS001H0262F0262|2|1|1|2|52UZPE01152001T03MT03EBS001|900091143|CC|MT03|AUXILIARESDEENFERMERIA|52UZPE01152001T03MT03EBS001H0262F0262CF262|2024-12-18|1||1||3||1||2|2|11|5|2|2|20||1|13|0||1||1||1||1||1|2|3|2|1|1|1|2|2|2|2|2|2||2|2|1|2||9||1|2|2|1|1|1|2|2|1|52UZPE01152001T03MT03EBS001H026252UZPE01152001T03MT03EBS001H0262F0262
2|201|1|52|UZPE011|52001|T03|MT03|RENACER|CRRA22A422|-77.286894|1.208458||52UZPE01152001T03MT03EBS001H0263|52UZPE01152001T03MT03EBS001H0263F0263|1|1|1|2|52UZPE01152001T03MT03EBS001|900091143|CC|MT03|AUXILIARESDEENFERMERIA|52UZPE01152001T03MT03EBS001H0263F0263CF263|2024-12-18|1||1||3||1||2|1|11|5|2|2|20||1|13|0||1||1||1||1||2|2|3|1|1|1|1|2|2|2|2|2|2||2|2|1|2||9||1|2|2|1|1|1|2|2|1|52UZPE01152001T03MT03EBS001H026352UZPE01152001T03MT03EBS001H0263F0263
2|202|1|52|UZPE011|52001|T03|MT03|RENACER|CARRERA22FNUMERO846|-77.28532|1.20956||52UZPE01152001T03MT03EBS001H0265|52UZPE01152001T03MT03EBS001H0265F0265|2|1|1|2|52UZPE01152001T03MT03EBS001|900091143|CC|MT03|AUXILIARESDEENFERMERIA|52UZPE01152001T03MT03EBS001H0265F0265CF265|2024-12-18|1||1||3||4||1|2|11|5|2|2|20||2|13|0||1||1||1||1||1|2|3|2|1|1|1|2|2|2|2|2|2||2|2|1|2||9||1|2|2|1|2|1|2|2|1|52UZPE01152001T03MT03EBS001H026552UZPE01152001T03MT03EBS001H0265F0265
2|203|1|52|UZPE011|52001|T03|MT03|RENACER|CARRERA22FNUMERO734|-77.28636|1.20901||52UZPE01152001T03MT03EBS001H0266|52UZPE01152001T03MT03EBS001H0266F0266|2|1|1|2|52UZPE01152001T03MT03EBS001|900091143|CC|MT03|AUXILIARESDEENFERMERIA|52UZPE01152001T03MT03EBS001H0266F0266CF266|2024-12-18|1||1||3||2||2|1|11|5|2|2|20||1|13|0||1||1||1||1||1|2|3|2|1|1|1|2|2|2|2|2|2||2|2|1|1||9||1|2|2|1|1|1|2|2|1|52UZPE01152001T03MT03EBS001H026652UZPE01152001T03MT03EBS001H0266F0266
2|204|1|52|UZPE011|52001|T03|MT03|RENACER|CARRERA22FNUMERO734|-77.28636|1.20901||52UZPE01152001T03MT03EBS001H0267|52UZPE01152001T03MT03EBS001H0267F0267|2|1|1|2|52UZPE01152001T03MT03EBS001|900091143|CC|MT03|AUXILIARESDEENFERMERIA|52UZPE01152001T03MT03EBS001H0267F0267CF267|2024-12-18|1||1||3||2||2|1|11|5|2|2|20||1|13|0||1||1||1||1||2|2|3|2|1|1|1|2|2|2|2|2|2||2|2|1|1||9||1|2|2|1|1|1|2|2|1|52UZPE01152001T03MT03EBS001H026752UZPE01152001T03MT03EBS001H0267F0267
2|205|1|52|UZPE011|52001|T03|MT03|RENACER|CALLE5NUMERO22E34|-77.28677|1.20878||52UZPE01152001T03MT03EBS001H0268|52UZPE01152001T03MT03EBS001H0268F0268|2|2|2|3|52UZPE01152001T03MT03EBS001|900091143|CC|MT03|AUXILIARESDEENFERMERIA|52UZPE01152001T03MT03EBS001H0268F0268CF268|2024-12-22|1||1||3||1||3|2|11|5|3|2|20||2|13|0||1||1||1||1||2|2|3|2|1|1|1|2|2|2|2|2|2||2|2|1|1||9||1|2|2|1|1|1|2|2|1|52UZPE01152001T03MT03EBS001H026852UZPE01152001T03MT03EBS001H0268F0268
2|206|1|52|UZPE011|52001|T03|MT03|RENACER|CALLE5NUMERO22E34|-77.28677|1.20878||52UZPE01152001T03MT03EBS001H0269|52UZPE01152001T03MT03EBS001H0269F0269|2|2|2|3|52UZPE01152001T03MT03EBS001|900091143|CC|MT03|AUXILIARESDEENFERMERIA|52UZPE01152001T03MT03EBS001H0269F0269CF269|2024-12-22|1||1||3||1||3|2|11|5|2|2|20||2|13|0||1||1||1||1||7|1|3|2|1|1|1|2|2|2|2|2|2||2|2|1|2||9||1|2|2|1|1|1|2|2|1|52UZPE01152001T03MT03EBS001H026952UZPE01152001T03MT03EBS001H0269F0269
2|207|1|52|UZPE011|52001|T03|MT03|RENACER|CARRERA22ENUMERO410|-77.286738|1.20782||52UZPE01152001T03MT03EBS001H0270|52UZPE01152001T03MT03EBS001H0270F0270|2|1|1|2|52UZPE01152001T03MT03EBS001|900091143|CC|MT03|AUXILIARESDEENFERMERIA|52UZPE01152001T03MT03EBS001H0270F0270CF270|2024-12-22|1||2||5||2||1|2|11|5|2|1|19||2|13|0||1||1||1||1||1|2|2|3|1|1|2|2|2|2|2|2|2||2|2|1|1||9||1|2|2|1|1|1|2|2|1|52UZPE01152001T03MT03EBS001H027052UZPE01152001T03MT03EBS001H0270F0270
2|208|1|52|UZPE011|52001|T03|MT03|RENACER|CRA22F415|-77.28716|1.208679||52UZPE01152001T03MT03EBS001H0271|52UZPE01152001T03MT03EBS001H0271F0271|1|1|1|1|52UZPE01152001T03MT03EBS001|900091143|CC|MT03|AUXILIARDEENFERMERIA|52UZPE01152001T03MT03EBS001H0271F0271CF271|2024-12-25|5||1||3||4||1|2|4|5|2|2|20||2|13|0||1||1||1||1||7|1|3|3|1|1|2|2|2|2|2|2|2||2|2|1|2||9||1|2|2|1|1|1|2|2|1|52UZPE01152001T03MT03EBS001H027152UZPE01152001T03MT03EBS001H0271F0271
2|209|1|52|UZPE011|52001|T03|MT03|RENACER|CALLE522EBIS11|-77.28716|1.208679||52UZPE01152001T03MT03EBS001H0273|52UZPE01152001T03MT03EBS001H0273F0273|1|1|1|1|52UZPE01152001T03MT03EBS001|900091143|PT|MT03|AUXILIARDEENFERMERIA|52UZPE01152001T03MT03EBS001H0273F0273CF273|2025-10-31|1||1||3||1||1|2|11|5|2|2|20||2|13|0||1||1||1||1||7|1|3|1|1|1|2|2|2|2|2|2|2||2|2|1|2||9||1|2|2|1|2|1|2|2|1|52UZPE01152001T03MT03EBS001H027352UZPE01152001T03MT03EBS001H0273F0273
2|210|1|52|UZPE011|52001|T03|MT03|RENACER|CALLE22ENUMERO511|-77.286265|1.208259||52UZPE01152001T03MT03EBS001H0276|52UZPE01152001T03MT03EBS001H0276F0276|2|1|1|2|52UZPE01152001T03MT03EBS001|900091143|CC|MT03|AUXILIARESDEENFERMERIA|52UZPE01152001T03MT03EBS001H0276F0276CF276|2024-12-25|1||1||3||1||2|2|11|5|3|2|20||2|13|0||1||1||1||1||2|2|3|2|1|1|2|2|2|2|2|2|2||2|2|1|1||9||1|2|2|1|1|1|2|2|1|52UZPE01152001T03MT03EBS001H027652UZPE01152001T03MT03EBS001H0276F0276
2|211|1|52|UZPE011|52001|T03|MT03|RENACER|CRA22E411|-77.286785|1.20782||52UZPE01152001T03MT03EBS001H0277|52UZPE01152001T03MT03EBS001H0277F0277|1|1|1|1|52UZPE01152001T03MT03EBS001|900091143|CC|MT03|AUXILIARDEENFERMERIA|52UZPE01152001T03MT03EBS001H0277F0277CF277|2024-12-25|1||2||3||8||1|2|5|5|2|2|20||2|13|0||1||1||1||1||7|1|3|3|1|1|2|2|2|2|2|2|2||2|2|1|2||9||1|2|2|1|1|1|2|2|1|52UZPE01152001T03MT03EBS001H027752UZPE01152001T03MT03EBS001H0277F0277
2|212|1|52|UZPE011|52001|T03|MT03|RENACER|CALLE6NUMERO22E73|-77.286335|1.208432||52UZPE01152001T03MT03EBS001H0278|52UZPE01152001T03MT03EBS001H0278F0278|2|1|1|3|52UZPE01152001T03MT03EBS001|900091143|CC|MT03|AUXILIARESDEENFERMERIA|52UZPE01152001T03MT03EBS001H0278F0278CF278|2024-12-26|1||1||3||1||2|2|11|5|3|2|20||2|13|2||1||1||1||1||1|3|3|2|1|1|2|2|2|2|2|2|2||2|2|1|2||9||1|2|2|1|1|1|2|2|1|52UZPE01152001T03MT03EBS001H027852UZPE01152001T03MT03EBS001H0278F0278
2|213|1|52|UZPE011|52001|T03|MT01|SANTIAGO|CRA231175SANTIAGO|-77.283487|1.210877||52UZPE01152001T03MT01EBS001H0279|52UZPE01152001T03MT01EBS001H0279F0279|3|1|1|1|52UZPE01152001T03MT01EBS001|900091143|CC|MT01|AUXILIARDEENFERMERIA|52UZPE01152001T03MT01EBS001H0279F0279CF279|2025-04-11|4||1||3||1||1|2|11|5|2|1|20||1|13|0||1||1||1||1||7|1|3|2|1|1|1|2|2|2|2|2|2||2|2|1|1||9||1|2|2|1|1|1|2|2|1|52UZPE01152001T03MT01EBS001H027952UZPE01152001T03MT01EBS001H0279F0279
2|214|1|52|UZPE011|52001|T03|MT01|SANTIAGO|CALLE112341A|-77.284187|1.210873||52UZPE01152001T03MT01EBS001H0280|52UZPE01152001T03MT01EBS001H0280F0280|3|1|1|1|52UZPE01152001T03MT01EBS001|900091143|CC|MT01|AUXILIARDEENFERMERIA|52UZPE01152001T03MT01EBS001H0280F0280CF280|2025-04-11|1||1||3||1||1|2|8|5|2|1|7||2|13|0||1||1||1||1||7|1|3|2|1|1|2|2|2|2|2|2|2||2|2|1|1||9||1|2|2|1|2|1|2|2|1|52UZPE01152001T03MT01EBS001H028052UZPE01152001T03MT01EBS001H0280F0280
2|215|1|52|UZPE011|52001|T03|MT01|SANTIAGO|CRA23141|-77.281484|1.211589||52UZPE01152001T03MT01EBS001H0281|52UZPE01152001T03MT01EBS001H0281F0281|3|2|2|1|52UZPE01152001T03MT01EBS001|900091143|CC|MT01|AUXILIARDEENFERMERIA|52UZPE01152001T03MT01EBS001H0281F0281CF281|2025-04-10|1||1||3||1||2|2|11|5|2|2|20||2|13|0||1||1||1||1||7|1|2|2|1|1|2|2|2|2|2|2|2||2|2|1|2||9||1|2|2|1|1|1|2|2|1|52UZPE01152001T03MT01EBS001H028152UZPE01152001T03MT01EBS001H0281F0281
2|216|1|52|UZPE011|52001|T03|MT01|SANTIAGO|CRA23141|-77.281484|1.211589||52UZPE01152001T03MT01EBS001H0282|52UZPE01152001T03MT01EBS001H0282F0282|3|2|2|1|52UZPE01152001T03MT01EBS001|900091143|CC|MT01|AUXILIARDEENFERMERIA|52UZPE01152001T03MT01EBS001H0282F0282CF282|2025-04-10|1||1||3||1||2|2|11|5|2|2|20||2|13|0||1||1||1||1||7|1|2|2|1|1|2|2|2|2|2|2|2||2|2|1|2||9||1|2|2|1|1|1|2|2|1|52UZPE01152001T03MT01EBS001H028252UZPE01152001T03MT01EBS001H0282F0282
2|217|1|52|UZPE011|52001|T03|MT01|SANTIAGO|CLL132340|-77.28254|1.211604||52UZPE01152001T03MT01EBS001H0283|52UZPE01152001T03MT01EBS001H0283F0283|3|2|2|3|52UZPE01152001T03MT01EBS001|900091143|CC|MT01|AUXILIARDEENFERMERIA|52UZPE01152001T03MT01EBS001H0283F0283CF283|2025-04-10|4||1||3||1||3|2|11|5|2|2|20||2|13|0||1||1||1||1||7|1|3|2|1|1|1|2|2|2|2|2|2||2|2|2|1||9||2|2|2|1|1|1|2|2|1|52UZPE01152001T03MT01EBS001H028352UZPE01152001T03MT01EBS001H0283F0283
2|218|1|52|UZPE011|52001|T03|MT01|SANTIAGO|CLL132340|-77.28254|1.211604||52UZPE01152001T03MT01EBS001H0284|52UZPE01152001T03MT01EBS001H0284F0284|3|2|2|3|52UZPE01152001T03MT01EBS001|900091143|CC|MT01|AUXILIARDEENFERMERIA|52UZPE01152001T03MT01EBS001H0284F0284CF284|2025-04-10|4||1||3||1||3|2|11|5|2|2|20||2|13|0||1||1||1||1||2|2|3|2|1|1|2|2|2|2|2|2|2||2|2|2|1||9||2|2|2|1|1|1|2|2|1|52UZPE01152001T03MT01EBS001H028452UZPE01152001T03MT01EBS001H0284F0284
2|219|1|52|UZPE011|52001|T03|MT01|SANTIAGO|CALLE122340|-77.283316|1.211245||52UZPE01152001T03MT01EBS001H0285|52UZPE01152001T03MT01EBS001H0285F0285|3|1|1|3|52UZPE01152001T03MT01EBS001|900091143|CC|MT01|AUXILIARDEENFERMERIA|52UZPE01152001T03MT01EBS001H0285F0285CF285|2025-04-10|1||1||3||1||2|2|11|5|2|1|20||2|13|0||1||1||1||1||1|3|1|2|1|1|1|2|2|2|2|2|2||2|2|1|1||9||1|2|2|1|1|1|2|2|1|52UZPE01152001T03MT01EBS001H028552UZPE01152001T03MT01EBS001H0285F0285
2|220|1|52|UZPE011|52001|T03|MT01|SANTIAGO|CALLE1022F16|-77.284587|1.209839||52UZPE01152001T03MT01EBS001H0286|52UZPE01152001T03MT01EBS001H0286F0286|3|1|1|1|52UZPE01152001T03MT01EBS001|900091143|CC|MT01|AUXILIARDEENFERMERIA|52UZPE01152001T03MT01EBS001H0286F0286CF286|2025-04-14|1||1||3||1||3|2|11|5|3|2|7||2|13|0||1||1||1||1||1|1|3|1|1|1|3|2|2|2|2|2|2||2|2|2|1||9||2|2|2|1|1|1|2|2|1|52UZPE01152001T03MT01EBS001H028652UZPE01152001T03MT01EBS001H0286F0286
2|221|1|52|UZPE011|52001|T03|MT01|SANTIAGO|CRA22F1040OBRERO|-77.284212|1.209723||52UZPE01152001T03MT01EBS001H0287|52UZPE01152001T03MT01EBS001H0287F0287|1|1|1|2|52UZPE01152001T03MT01EBS001|900091143|CC|MT01|AUXILIARDEENFERMERIA|52UZPE01152001T03MT01EBS001H0287F0287CF287|2025-04-14|1||1||3||1||2|2|11|4|2|2|20||2|13|0||1||1||1||1||1|2|3|2|1|1|1|2|2|2|2|2|2||2|2|2|1||9||2|2|2|1|2|1|2|2|1|52UZPE01152001T03MT01EBS001H028752UZPE01152001T03MT01EBS001H0287F0287
2|222|1|52|UZPE011|52001|T03|MT01|SANTIAGO|CRA22F1014SANTIAGO|-77.28436|1.209527||52UZPE01152001T03MT01EBS001H0288|52UZPE01152001T03MT01EBS001H0288F0288|3|1|1|3|52UZPE01152001T03MT01EBS001|900091143|CC|MT01|AUXILIARDEENFERMERIA|52UZPE01152001T03MT01EBS001H0288F0288CF288|2025-04-14|1||1||3||1||3|2|11|5|3|2|20||2|13|0||1||1||1||1||1|3|3|2|1|1|1|2|2|2|2|2|2||2|2|1|1||9||1|2|2|1|1|1|2|2|1|52UZPE01152001T03MT01EBS001H028852UZPE01152001T03MT01EBS001H0288F0288
2|223|1|52|UZPE011|52001|T03|MT01|SANTIAGO|CALLE112313|-77.28434|1.21039||52UZPE01152001T03MT01EBS001H0289|52UZPE01152001T03MT01EBS001H0289F0289|3|2|2|5|52UZPE01152001T03MT01EBS001|900091143|CC|MT01|AUXILIARDEENFERMERIA|52UZPE01152001T03MT01EBS001H0289F0289CF289|2025-04-14|1||1||3||1||3|2|11|5|2|1|20||2|13|0||1||1||1||1||1|2|2|2|1|1|1|2|2|2|2|2|2||2|2|1|1||9||1|2|2|1|1|1|2|2|1|52UZPE01152001T03MT01EBS001H028952UZPE01152001T03MT01EBS001H0289F0289
2|224|1|52|UZPE011|52001|T03|MT01|SANTIAGO|CALLE112313|-77.28434|1.21039||52UZPE01152001T03MT01EBS001H0290|52UZPE01152001T03MT01EBS001H0290F0290|3|2|2|5|52UZPE01152001T03MT01EBS001|900091143|CC|MT01|AUXILIARDEENFERMERIA|52UZPE01152001T03MT01EBS001H0290F0290CF290|2025-04-14|1||1||3||1||3|2|11|5|2|1|20||2|13|0||1||1||1||1||1|3|3|2|1|1|1|2|2|2|2|2|2||2|2|2|1||9||2|2|2|1|1|1|2|2|1|52UZPE01152001T03MT01EBS001H029052UZPE01152001T03MT01EBS001H0290F0290
2|225|1|52|UZPE011|52001|T03|MT01|SANTIAGO|CARRERA231349|-77.281969|1.211526||52UZPE01152001T03MT01EBS001H0291|52UZPE01152001T03MT01EBS001H0291F0291|3|3|3|3|52UZPE01152001T03MT01EBS001|900091143|CC|MT01|AUXILIARDEENFERMERIA|52UZPE01152001T03MT01EBS001H0291F0291CF291|2025-04-14|1||1||3||2||3|2|8|5|2|1|17||1|13|0||1||1||1||1||7|1|3|2|1|1|3|2|2|2|2|2|2||2|2|1|1||9||1|2|2|1|2|1|2|2|1|52UZPE01152001T03MT01EBS001H029152UZPE01152001T03MT01EBS001H0291F0291
2|226|1|52|UZPE011|52001|T03|MT01|SANTIAGO|CARRERA231349|-77.281969|1.211526||52UZPE01152001T03MT01EBS001H0292|52UZPE01152001T03MT01EBS001H0292F0292|3|3|3|3|52UZPE01152001T03MT01EBS001|900091143|CC|MT01|AUXILIARDEENFERMERIA|52UZPE01152001T03MT01EBS001H0292F0292CF292|2025-04-14|1||1||3||2||3|2|8|5|2|1|17||1|13|0||1||1||1||1||7|1|3|2|1|1|3|2|2|2|2|2|2||2|2|1|1||9||1|2|2|1|1|1|2|2|1|52UZPE01152001T03MT01EBS001H029252UZPE01152001T03MT01EBS001H0292F0292
2|227|1|52|UZPE011|52001|T03|MT01|SANTIAGO|CARRERA231349|-77.281969|1.211526||52UZPE01152001T03MT01EBS001H0293|52UZPE01152001T03MT01EBS001H0293F0293|3|3|3|3|52UZPE01152001T03MT01EBS001|900091143|CC|MT01|AUXILIARDEENFERMERIA|52UZPE01152001T03MT01EBS001H0293F0293CF293|2025-04-14|1||1||3||2||3|2|8|5|2|1|17||1|13|0||1||1||1||1||7|1|3|2|1|1|3|2|2|2|2|2|2||2|2|1|1||9||1|2|2|1|1|1|2|2|1|52UZPE01152001T03MT01EBS001H029352UZPE01152001T03MT01EBS001H0293F0293
2|228|1|52|UZPE011|52001|T03|MT01|SANTIAGO|CALLE132309SANTIAGO|-77.282429|1.211466||52UZPE01152001T03MT01EBS001H0294|52UZPE01152001T03MT01EBS001H0294F0294|3|1|1|1|52UZPE01152001T03MT01EBS001|900091143|CC|MT01|AUXILIARDEENFERMERIA|52UZPE01152001T03MT01EBS001H0294F0294CF294|2025-04-15|4||1||3||1||1|2|11|5|3|2|20||2|13|0||1||1||1||1||7|1|3|2|1|1|1|2|2|2|2|2|2||2|2|2|1||9||2|2|2|1|1|1|2|2|1|52UZPE01152001T03MT01EBS001H029452UZPE01152001T03MT01EBS001H0294F0294
2|229|1|52|UZPE011|52001|T03|MT01|SANTIAGO|CRA132462|-77.28297|1.212642||52UZPE01152001T03MT01EBS001H0295|52UZPE01152001T03MT01EBS001H0295F0295|2|1|1|2|52UZPE01152001T03MT01EBS001|900091143|CC|MT01|AUXILIARDEENFERMERIA|52UZPE01152001T03MT01EBS001H0295F0295CF295|2025-04-15|1||1||3||1||2|2|11|5|2|1|20||1|13|0||1||1||1||1||1|2|2|2|1|1|1|2|2|2|2|2|2||2|2|2|1||9||2|2|2|1|1|1|2|2|1|52UZPE01152001T03MT01EBS001H029552UZPE01152001T03MT01EBS001H0295F0295
2|230|1|52|UZPE011|52001|T03|MT01|SANTIAGO|CALLE1324102SANTIAGO|-77.283176|1.213056||52UZPE01152001T03MT01EBS001H0296|52UZPE01152001T03MT01EBS001H0296F0296|3|1|1|5|52UZPE01152001T03MT01EBS001|900091143|CC|MT01|AUXILIARDEENFERMERIA|52UZPE01152001T03MT01EBS001H0296F0296CF296|2025-04-15|1||1||3||1||3|2|11|5|2|2|20||1|13|0||1||1||1||1||1|5|3|2|1|1|2|2|2|2|2|2|2||2|2|2|1||9||2|2|2|1|1|1|2|2|1|52UZPE01152001T03MT01EBS001H029652UZPE01152001T03MT01EBS001H0296F0296
2|231|1|52|UZPE011|52001|T03|MT01|SANTIAGO|CRA24N1281|-77.282973|1.212138||52UZPE01152001T03MT01EBS001H0298|52UZPE01152001T03MT01EBS001H0298F0298|2|1|1|2|52UZPE01152001T03MT01EBS001|900091143|CC|MT01|PSICOLOGA|52UZPE01152001T03MT01EBS001H0298F0298CF298|2025-04-15|1||1||3||1||1|2|11|5|2|2|20||1|13|0||1||1||1||1||1|2|3|1|1|1|1|2|2|2|2|2|2||2|2|1|1||9||1|2|2|1|1|1|2|2|1|52UZPE01152001T03MT01EBS001H029852UZPE01152001T03MT01EBS001H0298F0298
2|232|1|52|UZPE011|52001|T03|MT01|SANTIAGO|CALLE132425SANTIAGO|-77.282927|1.212353||52UZPE01152001T03MT01EBS001H0299|52UZPE01152001T03MT01EBS001H0299F0299|3|1|1|3|52UZPE01152001T03MT01EBS001|900091143|CC|MT01|AUXILIARDEENFERMERIA|52UZPE01152001T03MT01EBS001H0299F0299CF299|2025-04-20|1||1||3||1||4|1|11|5|2|2|20||1|13|0||1||1||1||1||1|3|3|2|1|1|1|2|2|2|2|2|2||2|2|2|2||9||2|2|2|1|1|1|2|2|1|52UZPE01152001T03MT01EBS001H029952UZPE01152001T03MT01EBS001H0299F0299
2|233|1|52|UZPE011|52001|T03|MT01|SANTIAGO|CRA251226|-77.28831|1.21279||52UZPE01152001T03MT01EBS001H0300|52UZPE01152001T03MT01EBS001H0300F0300|3|1|1|1|52UZPE01152001T03MT01EBS001|900091143|CC|MT01|AUXILIARDEENFERMERIA|52UZPE01152001T03MT01EBS001H0300F0300CF300|2025-04-20|4||1||3||1||1|2|11|5|2|2|20||1|13|0||1||1||1||1||7|1|3|2|1|1|1|2|2|2|2|2|2||2|2|1|1||9||1|2|2|1|1|1|2|2|1|52UZPE01152001T03MT01EBS001H030052UZPE01152001T03MT01EBS001H0300F0300
2|234|1|52|UZPE011|52001|T03|MT01|SANTIAGO|CALLE112436SANTIAGO|-77.284647|1.211669||52UZPE01152001T03MT01EBS001H0301|52UZPE01152001T03MT01EBS001H0301F0301|3|1|1|3|52UZPE01152001T03MT01EBS001|900091143|CC|MT01|AUXILIARDEENFERMERIA|52UZPE01152001T03MT01EBS001H0301F0301CF301|2025-04-20|5||1||3||1||1|1|11|5|2|2|20||2|13|0||1||1||1||1||1|3|3|2|1|1|1|2|2|2|2|2|2||2|2|2|2||9||2|2|2|1|1|1|2|2|1|52UZPE01152001T03MT01EBS001H030152UZPE01152001T03MT01EBS001H0301F0301
2|235|1|52|UZPE011|52001|T03|MT01|SANTIAGO|CALLE112450|-77.284773|1.212087||52UZPE01152001T03MT01EBS001H0302|52UZPE01152001T03MT01EBS001H0302F0302|3|1|1|3|52UZPE01152001T03MT01EBS001|900091143|CC|MT01|PSICOLOGA|52UZPE01152001T03MT01EBS001H0302F0302CF302|2025-04-20|1||1||3||1||3|2|11|5|2|2|20||1|13|0||1||1||1||1||4|3|3|1|1|1|1|2|2|2|2|2|2||2|2|2|1||9||2|2|2|1|2|1|2|2|1|52UZPE01152001T03MT01EBS001H030252UZPE01152001T03MT01EBS001H0302F0302
2|236|1|52|UZPE011|52001|T03|MT01|SANTIAGO|CRA241073|-77.284548|1.211343||52UZPE01152001T03MT01EBS001H0303|52UZPE01152001T03MT01EBS001H0303F0303|3|1|1|4|52UZPE01152001T03MT01EBS001|900091143|CC|MT01|AUXILIARDEENFERMERIA|52UZPE01152001T03MT01EBS001H0303F0303CF303|2025-04-21|1||1||3||1||3|2|11|5|2|2|20||1|13|0||1||1||1||1||1|4|3|2|1|1|2|2|2|2|2|2|2||2|2|1|1||9||1|2|2|1|1|1|2|2|1|52UZPE01152001T03MT01EBS001H030352UZPE01152001T03MT01EBS001H0303F0303
2|237|1|52|UZPE011|52001|T03|MT01|SANTIAGO|CARRERA241199|-77.283721|1.211798||52UZPE01152001T03MT01EBS001H0304|52UZPE01152001T03MT01EBS001H0304F0304|3|1|1|2|52UZPE01152001T03MT01EBS001|900091143|CC|MT01|AUXILIARDEENFERMERIA|52UZPE01152001T03MT01EBS001H0304F0304CF304|2025-04-21|4||1||3||1||2|2|11|5|2|2|7||2|13|0||1||1||1||1||2|2|3|2|1|1|3|2|2|2|2|2|2||2|2|1|1||9||1|2|2|1|2|1|2|2|1|52UZPE01152001T03MT01EBS001H030452UZPE01152001T03MT01EBS001H0304F0304
2|238|1|52|UZPE011|52001|T03|MT01|SANTIAGO|CALLE102420|-77.285261|1.211887||52UZPE01152001T03MT01EBS001H0305|52UZPE01152001T03MT01EBS001H0305F0305|3|1|1|2|52UZPE01152001T03MT01EBS001|900091143|CC|MT01|AUXILIARDEENFERMERIA|52UZPE01152001T03MT01EBS001H0305F0305CF305|2025-04-21|1||1||3||1||2|2|11|5|2|2|20||1|13|0||1||1||1||1||1|2|3|2|1|1|1|2|2|2|2|2|2||2|2|1|1||9||1|2|2|1|1|1|2|2|1|52UZPE01152001T03MT01EBS001H030552UZPE01152001T03MT01EBS001H0305F0305
2|239|1|52|UZPE011|52001|T03|MT01|SANTIAGO|CALLE102428|-77.285247|1.211372||52UZPE01152001T03MT01EBS001H0306|52UZPE01152001T03MT01EBS001H0306F0306|3|1|1|1|52UZPE01152001T03MT01EBS001|900091143|CC|MT01|AUXILIARDEENFERMERIA|52UZPE01152001T03MT01EBS001H0306F0306CF306|2025-04-21|1||1||3||4||4|2|11|5|2|1|7||1|13|0||1||1||1||1||2|2|3|2|1|1|3|2|2|2|2|2|2||2|2|1|1||9||1|2|2|1|2|1|2|2|1|52UZPE01152001T03MT01EBS001H030652UZPE01152001T03MT01EBS001H0306F0306
2|240|1|52|UZPE011|52001|T03|MT01|SANTIAGO|CRA22F1183SANTIAGO|-77.283026|1.210027||52UZPE01152001T03MT01EBS001H0307|52UZPE01152001T03MT01EBS001H0307F0307|3|1|1|1|52UZPE01152001T03MT01EBS001|900091143|CC|MT01|AUXILIARDEENFERMERIA|52UZPE01152001T03MT01EBS001H0307F0307CF307|2025-04-21|1||1||3||1||1|1|11|5|2|1|20||2|13|0||1||1||1||1||7|1|3|2|1|1|1|2|2|2|2|2|2||2|2|1|1||9||1|2|2|1|1|1|2|2|1|52UZPE01152001T03MT01EBS001H030752UZPE01152001T03MT01EBS001H0307F0307
2|241|1|52|UZPE011|52001|T03|MT01|SANTIAGO|CR251058|-77.284701|1.211716||52UZPE01152001T03MT01EBS001H0308|52UZPE01152001T03MT01EBS001H0308F0308|3|2|2|1|52UZPE01152001T03MT01EBS001|900091143|CC|MT01|PSICOLOGA|52UZPE01152001T03MT01EBS001H0308F0308CF308|2025-04-21|4||1||3||1||1|2|11|5|1|2|20||1|13|0||1||1||1||1||7|1|3|1|1|1|1|2|2|2|2|2|2||2|2|2|1||9||2|2|2|1|1|1|2|2|1|52UZPE01152001T03MT01EBS001H030852UZPE01152001T03MT01EBS001H0308F0308
2|242|1|52|UZPE011|52001|T03|MT01|SANTIAGO|CALLE122412SANTIAGO|-77.283619|1.212019||52UZPE01152001T03MT01EBS001H0309|52UZPE01152001T03MT01EBS001H0309F0309|3|1|1|4|52UZPE01152001T03MT01EBS001|900091143|CC|MT01|AUXILIARDEENFERMERIA|52UZPE01152001T03MT01EBS001H0309F0309CF309|2025-04-20|4||1||3||1||3|2|11|5|2|2|20||2|13|0||1||1||1||1||1|1|3|2|1|1|2|2|2|2|2|2|2||2|2|2|2||9||2|2|2|1|1|1|2|2|1|52UZPE01152001T03MT01EBS001H030952UZPE01152001T03MT01EBS001H0309F0309
2|243|1|52|UZPE011|52001|T03|MT01|SANTIAGO|CRA22B1021|-77.28349|1.208555||52UZPE01152001T03MT01EBS001H0310|52UZPE01152001T03MT01EBS001H0310F0310|2|1|1|2|52UZPE01152001T03MT01EBS001|900091143|CC|MT01|AUXILIARDEENFERMERIA|52UZPE01152001T03MT01EBS001H0310F0310CF310|2025-04-22|4||1||3||1||2|2|11|1|2|2|20||2|13|0||1||1||1||1||2|2|3|2|1|1|1|2|2|2|2|2|2||2|2|1|2||9||1|2|2|1|1|1|2|2|1|52UZPE01152001T03MT01EBS001H031052UZPE01152001T03MT01EBS001H0310F0310
2|244|1|52|UZPE011|52001|T03|MT01|SANTIAGO|CARRERA1019SANTIAGO|-77.283634|1.208532||52UZPE01152001T03MT01EBS001H0311|52UZPE01152001T03MT01EBS001H0311F0311|2|1|1|2|52UZPE01152001T03MT01EBS001|900091143|CC|MT01|AUXILIARDEENFERMERIA|52UZPE01152001T03MT01EBS001H0311F0311CF311|2025-04-22|4||1||3||1||2|2|11|4|3|1|20||2|13|0||1||1||1||1||2|2|3|2|1|1|2|2|2|2|2|2|2||2|2|1|1||9||1|2|2|1|1|1|2|2|1|52UZPE01152001T03MT01EBS001H031152UZPE01152001T03MT01EBS001H0311F0311
2|245|1|52|UZPE011|52001|T03|MT01|SANTIAGO|CRA22B1032CARACHA|-77.28337|1.20848||52UZPE01152001T03MT01EBS001H0312|52UZPE01152001T03MT01EBS001H0312F0312|2|1|1|1|52UZPE01152001T03MT01EBS001|900091143|CC|MT01|AUXILIARDEENFERMERIA|52UZPE01152001T03MT01EBS001H0312F0312CF312|2025-04-22|1||1||3||1||2|2|11|5|2|1|20||1|13|0||1||1||1||1||1|2|3|2|1|1|1|2|2|2|2|2|2||2|2|2|1||9||2|2|2|1|1|1|2|2|1|52UZPE01152001T03MT01EBS001H031252UZPE01152001T03MT01EBS001H0312F0312
2|246|1|52|UZPE011|52001|T03|MT01|SANTIAGO|CRA251028|-77.285386|1.211934||52UZPE01152001T03MT01EBS001H0313|52UZPE01152001T03MT01EBS001H0313F0313|3|2|2|3|52UZPE01152001T03MT01EBS001|900091143|CC|MT01|PSICOLOGA|52UZPE01152001T03MT01EBS001H0313F0313CF313|2025-04-21|5||1||3||4||2|2|11|5|2|2|20||1|13|0||1||1||1||1||7|1|3|1|1|1|1|2|2|2|2|2|2||2|2|2|2||9||2|2|2|1|2|1|2|2|1|52UZPE01152001T03MT01EBS001H031352UZPE01152001T03MT01EBS001H0313F0313
2|247|1|52|UZPE011|52001|T03|MT01|SANTIAGO|CRA22ACALLE13A53SANTIAGO|-77.280637|1.205853||52UZPE01152001T03MT01EBS001H0314|52UZPE01152001T03MT01EBS001H0314F0314|3|1|1|3|52UZPE01152001T03MT01EBS001|900091143|CC|MT01|AUXILIARDEENFERMERIA|52UZPE01152001T03MT01EBS001H0314F0314CF314|2025-04-23|1||1||3||1||3|2|11|1|3|1|20||2|13|0||1||1||1||1||1|1|3|2|1|1|2|2|2|2|2|2|2||2|2|2|2||9||2|2|2|1|1|1|2|2|1|52UZPE01152001T03MT01EBS001H031452UZPE01152001T03MT01EBS001H0314F0314
2|248|1|52|UZPE011|52001|T03|MT01|SANTIAGO|CRA22A13111|-77.280845|1.209441||52UZPE01152001T03MT01EBS001H0315|52UZPE01152001T03MT01EBS001H0315F0315|3|1|1|2|52UZPE01152001T03MT01EBS001|900091143|CC|MT01|AUXILIARDEENFERMERIA|52UZPE01152001T03MT01EBS001H0315F0315CF315|2025-04-23|4||1||3||1||2|2|11|4|2|2|20||2|13|0||1||1||1||1||1|2|3|2|1|1|1|2|2|2|2|2|2||2|2|2|1||9||2|2|2|1|1|1|2|2|1|52UZPE01152001T03MT01EBS001H031552UZPE01152001T03MT01EBS001H0315F0315
2|249|1|52|UZPE011|52001|T03|MT01|SANTIAGO|CARRERA231363|-77.291985|1.211533||52UZPE01152001T03MT01EBS001H0316|52UZPE01152001T03MT01EBS001H0316F0316|3|5|5|5|52UZPE01152001T03MT01EBS001|900091143|CC|MT01|AUXILIARDEENFERMERIA|52UZPE01152001T03MT01EBS001H0316F0316CF316|2025-04-10|1||1||3||2||4|2|5|5|2|1|7||2|13|0||1||1||1||1||7|1|3|2|1|1|3|2|2|2|2|2|2||2|2|1|1||9||1|2|2|1|2|1|2|2|1|52UZPE01152001T03MT01EBS001H031652UZPE01152001T03MT01EBS001H0316F0316
2|250|1|52|UZPE011|52001|T03|MT01|SANTIAGO|CARRERA231363|-77.291985|1.211533||52UZPE01152001T03MT01EBS001H0317|52UZPE01152001T03MT01EBS001H0317F0317|3|5|5|5|52UZPE01152001T03MT01EBS001|900091143|CC|MT01|AUXILIARDEENFERMERIA|52UZPE01152001T03MT01EBS001H0317F0317CF317|2025-04-10|1||1||3||2||4|2|5|5|2|1|7||2|13|0||1||1||1||1||7|1|2|3|1|1|3|2|2|2|2|2|2||2|2|1|1||9||1|2|2|1|2|1|2|2|1|52UZPE01152001T03MT01EBS001H031752UZPE01152001T03MT01EBS001H0317F0317
2|251|1|52|UZPE011|52001|T03|MT01|SANTIAGO|CARRERA231363|-77.291985|1.211533||52UZPE01152001T03MT01EBS001H0318|52UZPE01152001T03MT01EBS001H0318F0318|3|5|5|5|52UZPE01152001T03MT01EBS001|900091143|CC|MT01|AUXILIARDEENFERMERIA|52UZPE01152001T03MT01EBS001H0318F0318CF318|2025-04-10|1||1||3||2||4|2|5|5|2|1|7||2|13|0||1||1||1||1||7|1|2|3|1|1|3|2|2|2|2|2|2||2|2|1|1||9||1|2|2|1|2|1|2|2|1|52UZPE01152001T03MT01EBS001H031852UZPE01152001T03MT01EBS001H0318F0318
2|252|1|52|UZPE011|52001|T03|MT01|SANTIAGO|CARRERA231363|-77.291985|1.211533||52UZPE01152001T03MT01EBS001H0319|52UZPE01152001T03MT01EBS001H0319F0319|3|5|5|5|52UZPE01152001T03MT01EBS001|900091143|CC|MT01|AUXILIARDEENFERMERIA|52UZPE01152001T03MT01EBS001H0319F0319CF319|2025-04-10|1||1||3||2||4|2|5|5|2|1|7||2|13|0||1||1||1||1||7|1|3|3|1|1|3|2|2|2|2|2|2||2|2|1|1||9||1|2|2|1|1|1|2|2|1|52UZPE01152001T03MT01EBS001H031952UZPE01152001T03MT01EBS001H0319F0319
2|253|1|52|UZPE011|52001|T03|MT01|SANTIAGO|CARRERA231363|-77.291985|1.211533||52UZPE01152001T03MT01EBS001H0320|52UZPE01152001T03MT01EBS001H0320F0320|3|5|5|5|52UZPE01152001T03MT01EBS001|900091143|CC|MT01|AUXILIARDEENFERMERIA|52UZPE01152001T03MT01EBS001H0320F0320CF320|2025-04-10|1||1||3||2||4|2|5|5|2|1|7||2|13|0||1||1||1||1||7|1|3|2|1|1|3|2|2|2|2|2|2||2|2|1|1||9||1|2|2|1|2|1|2|2|1|52UZPE01152001T03MT01EBS001H032052UZPE01152001T03MT01EBS001H0320F0320
2|254|1|52|UZPE011|52001|T03|MT01|SANTIAGO|CARRERA231251A|-77.282845|1.211251||52UZPE01152001T03MT01EBS001H0323|52UZPE01152001T03MT01EBS001H0323F0323|3|1|1|1|52UZPE01152001T03MT01EBS001|900091143|CC|MT01|AUXILIARDEENFERMERIA|52UZPE01152001T03MT01EBS001H0323F0323CF323|2025-04-13|1||1||3||1||1|2|11|5|2|2|7||2|13|0||1||1||1||1||7|1|3|2|1|1|2|2|2|2|2|2|2||2|2|1|1||9||1|2|2|1|2|1|2|2|1|52UZPE01152001T03MT01EBS001H032352UZPE01152001T03MT01EBS001H0323F0323
2|255|1|52|UZPE011|52001|T03|MT01|SANTIAGO|CARRERA241349|-77.282346|1.212367||52UZPE01152001T03MT01EBS001H0324|52UZPE01152001T03MT01EBS001H0324F0324|3|1|1|1|52UZPE01152001T03MT01EBS001|900091143|CC|MT01|AUXILIARDEENFERMERIA|52UZPE01152001T03MT01EBS001H0324F0324CF324|2025-04-13|1||1||3||1||1|2|11|5|2|1|7||2|13|0||1||1||1||1||7|1|3|2|1|1|3|2|2|2|2|2|2||2|2|1|1||9||1|2|2|1|2|1|2|2|1|52UZPE01152001T03MT01EBS001H032452UZPE01152001T03MT01EBS001H0324F0324
2|256|1|52|UZPE011|52001|T03|MT01|SANTIAGO|CALLE142427|-77.282119|1.212637||52UZPE01152001T03MT01EBS001H0325|52UZPE01152001T03MT01EBS001H0325F0325|3|1|1|1|52UZPE01152001T03MT01EBS001|900091143|CC|MT01|AUXILIARDEENFERMERIA|52UZPE01152001T03MT01EBS001H0325F0325CF325|2025-04-15|1||1||3||1||1|2|11|5|2|2|17||2|13|0||1||1||1||1||7|1|3|2|1|1|3|2|2|2|2|2|2||2|2|1|1||9||1|2|2|1|2|1|2|2|1|52UZPE01152001T03MT01EBS001H032552UZPE01152001T03MT01EBS001H0325F0325
2|257|1|52|UZPE011|52001|T03|MT01|SANTIAGO|CRA22E939BARRIOOBRERO|-77.284492|1.209102||52UZPE01152001T03MT01EBS001H0326|52UZPE01152001T03MT01EBS001H0326F0326|2|2|2|4|52UZPE01152001T03MT01EBS001|900091143|CC|MT01|AUXILIARDEENFERMERIA|52UZPE01152001T03MT01EBS001H0326F0326CF326|2025-04-24|1||1||3||1||2|2|11|4|3|1|20||1|13|0||1||1||1||1||1|2|3|2|1|1|1|2|2|2|2|2|2||2|2|1|1||9||1|2|2|1|1|1|2|2|1|52UZPE01152001T03MT01EBS001H032652UZPE01152001T03MT01EBS001H0326F0326
2|258|1|52|UZPE011|52001|T03|MT01|SANTIAGO|CRA22E939BARRIOOBRERO|-77.284492|1.209102||52UZPE01152001T03MT01EBS001H0327|52UZPE01152001T03MT01EBS001H0327F0327|2|2|2|4|52UZPE01152001T03MT01EBS001|900091143|CC|MT01|AUXILIARDEENFERMERIA|52UZPE01152001T03MT01EBS001H0327F0327CF327|2025-04-24|1||1||3||1||2|2|11|4|3|1|20||1|13|0||1||1||1||1||1|2|3|2|1|1|1|2|2|2|2|2|2||2|2|2|1||9||2|2|2|1|1|1|2|2|1|52UZPE01152001T03MT01EBS001H032752UZPE01152001T03MT01EBS001H0327F0327
2|259|1|52|UZPE011|52001|T03|MT01|SANTIAGO|CALLE922E38OBRERO|-77.284944|1.209205||52UZPE01152001T03MT01EBS001H0328|52UZPE01152001T03MT01EBS001H0328F0328|2|1|1|2|52UZPE01152001T03MT01EBS001|900091143|CC|MT01|PSICOLOGA|52UZPE01152001T03MT01EBS001H0328F0328CF328|2025-04-24|1||1||3||1||2|2|11|5|3|2|20||2|13|0||1||1||1||1||2|2|3|1|1|1|1|2|2|2|2|2|2||2|2|2|1||9||2|2|2|1|2|1|2|2|1|52UZPE01152001T03MT01EBS001H032852UZPE01152001T03MT01EBS001H0328F0328
2|260|1|52|UZPE011|52001|T03|MT01|SANTIAGO|CRA241169|-77.283683|1.211716||52UZPE01152001T03MT01EBS001H0329|52UZPE01152001T03MT01EBS001H0329F0329|3|1|1|1|52UZPE01152001T03MT01EBS001|900091143|CC|MT01|PSICOLOGA|52UZPE01152001T03MT01EBS001H0329F0329CF329|2025-04-21|4||1||3||1||1|2|11|5|2|2|20||1|13|0||1||1||1||1||2|6|3|1|1|1|1|2|2|2|2|2|2||2|2|2|1||9||2|2|2|1|2|1|2|2|1|52UZPE01152001T03MT01EBS001H032952UZPE01152001T03MT01EBS001H0329F0329
2|261|1|52|UZPE011|52001|T03|MT01|SANTIAGO|CRA251068|-77.285036|1.212109||52UZPE01152001T03MT01EBS001H0330|52UZPE01152001T03MT01EBS001H0330F0330|3|1|1|1|52UZPE01152001T03MT01EBS001|900091143|CC|MT01|PSICOLOGA|52UZPE01152001T03MT01EBS001H0330F0330CF330|2025-04-21|4||1||3||1||1|1|11|5|2|2|20||1|13|0||1||1||1||1||7|1|3|2|1|1|1|2|2|2|2|2|2||2|2|2|2||9||2|2|2|1|2|1|2|2|1|52UZPE01152001T03MT01EBS001H033052UZPE01152001T03MT01EBS001H0330F0330
2|262|1|52|UZPE011|52001|T03|MT01|SANTIAGO|CRA22B943CARACHA|-77.284155|1.208243||52UZPE01152001T03MT01EBS001H0332|52UZPE01152001T03MT01EBS001H0332F0332|3|3|3|6|52UZPE01152001T03MT01EBS001|900091143|CC|MT01|AUXILIARDEENFERMERIA|52UZPE01152001T03MT01EBS001H0332F0332CF332|2025-04-27|1||1||3||1||3|2|11|5|2|2|20||2|13|0||1||1||1||1||1|3|2|2|1|1|1|2|2|2|2|2|2||2|2|1|1||9||1|2|2|1|1|1|2|2|1|52UZPE01152001T03MT01EBS001H033252UZPE01152001T03MT01EBS001H0332F0332
2|263|1|52|UZPE011|52001|T03|MT01|SANTIAGO|CRA22B943CARACHA|-77.284155|1.208243||52UZPE01152001T03MT01EBS001H0333|52UZPE01152001T03MT01EBS001H0333F0333|3|3|3|6|52UZPE01152001T03MT01EBS001|900091143|CC|MT01|AUXILIARDEENFERMERIA|52UZPE01152001T03MT01EBS001H0333F0333CF333|2025-04-27|1||1||3||1||3|2|11|5|2|2|20||2|13|0||1||1||1||1||2|2|2|2|1|1|2|2|2|2|2|2|2||2|2|1|1||9||1|2|2|1|1|1|2|2|1|52UZPE01152001T03MT01EBS001H033352UZPE01152001T03MT01EBS001H0333F0333
2|264|1|52|UZPE011|52001|T03|MT01|SANTIAGO|CRA22B943CARACHA|-77.284155|1.208243||52UZPE01152001T03MT01EBS001H0334|52UZPE01152001T03MT01EBS001H0334F0334|3|3|3|6|52UZPE01152001T03MT01EBS001|900091143|CC|MT01|AUXILIARDEENFERMERIA|52UZPE01152001T03MT01EBS001H0334F0334CF334|2025-04-27|1||1||3||1||3|2|11|5|2|2|20||2|13|0||1||1||1||1||1|1|2|3|1|1|3|2|2|2|2|2|2||2|2|2|1||9||2|2|2|1|1|1|2|2|1|52UZPE01152001T03MT01EBS001H033452UZPE01152001T03MT01EBS001H0334F0334
2|265|1|52|UZPE011|52001|T03|MT01|SANTIAGO|CALLE922B46|-77.284481|1.20815||52UZPE01152001T03MT01EBS001H0335|52UZPE01152001T03MT01EBS001H0335F0335|2|1|1|1|52UZPE01152001T03MT01EBS001|900091143|CC|MT01|PSICOLOGA|52UZPE01152001T03MT01EBS001H0335F0335CF335|2025-04-27|1||1||3||1||1|2|11|5|2|2|10||1|13|0||1||1||1||1||7|1|3|1|1|1|1|2|2|2|2|2|2||2|2|2|2||9||2|2|2|1|1|1|2|2|1|52UZPE01152001T03MT01EBS001H033552UZPE01152001T03MT01EBS001H0335F0335
2|266|1|52|UZPE011|52001|T03|MT01|SANTIAGO|CARRERA22B949|-77.284147|1.208217||52UZPE01152001T03MT01EBS001H0336|52UZPE01152001T03MT01EBS001H0336F0336|2|3|3|3|52UZPE01152001T03MT01EBS001|900091143|PT|MT01|AUXILIARDEENFERMERIA|52UZPE01152001T03MT01EBS001H0336F0336CF336|2025-10-01|1||1||3||1||1|2|8|5|2|2|7||1|13|0||1||1||1||1||7|1|3|2|1|1|3|2|2|2|2|2|2||2|2|1|1||9||1|2|2|1|1|1|2|2|1|52UZPE01152001T03MT01EBS001H033652UZPE01152001T03MT01EBS001H0336F0336
2|267|1|52|UZPE011|52001|T03|MT01|SANTIAGO|CARRERA22B949|-77.284147|1.208217||52UZPE01152001T03MT01EBS001H0337|52UZPE01152001T03MT01EBS001H0337F0337|2|3|3|3|52UZPE01152001T03MT01EBS001|900091143|PT|MT01|AUXILIARDEENFERMERIA|52UZPE01152001T03MT01EBS001H0337F0337CF337|2025-10-01|1||1||3||1||1|2|8|5|2|2|7||1|13|0||1||1||1||1||7|1|1|1|1|1|1|2|2|2|2|2|2||2|2|1|1||6||1|2|2|1|1|1|2|2|1|52UZPE01152001T03MT01EBS001H033752UZPE01152001T03MT01EBS001H0337F0337
2|268|1|52|UZPE011|52001|T03|MT01|SANTIAGO|CARRERA22B949|-77.284147|1.208217||52UZPE01152001T03MT01EBS001H0338|52UZPE01152001T03MT01EBS001H0338F0338|2|3|3|3|52UZPE01152001T03MT01EBS001|900091143|PT|MT01|AUXILIARDEENFERMERIA|52UZPE01152001T03MT01EBS001H0338F0338CF338|2025-10-01|1||1||3||1||1|2|8|5|2|2|7||1|13|0||1||1||1||1||7|1|3|3|1|1|3|2|2|2|2|2|2||2|2|1|1||9||1|2|2|1|2|1|2|2|1|52UZPE01152001T03MT01EBS001H033852UZPE01152001T03MT01EBS001H0338F0338
2|269|1|52|UZPE011|52001|T03|MT01|SANTIAGO|CALLE922B37OBRERO|-77.484443|1.208168||52UZPE01152001T03MT01EBS001H0339|52UZPE01152001T03MT01EBS001H0339F0339|3|1|1|5|52UZPE01152001T03MT01EBS001|900091143|CC|MT01|AUXILIARDEENFERMERIA|52UZPE01152001T03MT01EBS001H0339F0339CF339|2025-04-27|1||1||3||1||2|2|11|5|2|2|20||2|13|0||1||1||1||1||1|3|3|2|1|1|2|2|2|2|2|2|2||2|2|2|1||9||2|2|2|1|1|1|2|2|1|52UZPE01152001T03MT01EBS001H033952UZPE01152001T03MT01EBS001H0339F0339
2|270|1|52|UZPE011|52001|T03|MT01|SANTIAGO|CALLE922B15|-77.284607|1.208248||52UZPE01152001T03MT01EBS001H0340|52UZPE01152001T03MT01EBS001H0340F0340|3|1|1|2|52UZPE01152001T03MT01EBS001|900091143|CC|MT01|AUXILIARDEENFERMERIA|52UZPE01152001T03MT01EBS001H0340F0340CF340|2025-04-27|1||1||3||1||1|2|11|5|2|2|7||2|13|0||1||1||1||1||1|2|3|2|1|1|3|2|2|2|2|2|2||2|2|2|1||9||2|2|2|1|2|1|2|2|1|52UZPE01152001T03MT01EBS001H034052UZPE01152001T03MT01EBS001H0340F0340
2|271|1|52|UZPE011|52001|T03|MT01|SANTIAGO|CRA22F1132|-77.283444|1.209685||52UZPE01152001T03MT01EBS001H0341|52UZPE01152001T03MT01EBS001H0341F0341|3|1|1|2|52UZPE01152001T03MT01EBS001|900091143|CC|MT01|PSICOLOGA|52UZPE01152001T03MT01EBS001H0341F0341CF341|2025-04-27|4||1||3||1||1|2|11|5|3|2|20||2|13|0||1||1||1||1||1|2|3|1|1|1|1|2|2|2|2|2|2||2|2|2|1||9||2|2|2|1|1|1|2|2|1|52UZPE01152001T03MT01EBS001H034152UZPE01152001T03MT01EBS001H0341F0341
2|272|1|52|UZPE011|52001|T03|MT01|SANTIAGO|CARRERA22F913|-77.285012|1.209664||52UZPE01152001T03MT01EBS001H0342|52UZPE01152001T03MT01EBS001H0342F0342|3|1|1|1|52UZPE01152001T03MT01EBS001|900091143|CC|MT01|AUXILIARDEENFERMERIA|52UZPE01152001T03MT01EBS001H0342F0342CF342|2025-04-27|4||1||3||1||1|2|11|5|2|2|20||2|13|0||1||1||1||1||7|1|3|2|1|1|2|2|2|2|2|2|2||2|2|1|1||9||1|2|2|1|2|1|2|2|1|52UZPE01152001T03MT01EBS001H034252UZPE01152001T03MT01EBS001H0342F0342
2|273|1|52|UZPE011|52001|T03|MT01|SANTIAGO|CALLE1022B04SANTUY|-77.283825|1.208524||52UZPE01152001T03MT01EBS001H0345|52UZPE01152001T03MT01EBS001H0345F0345|3|1|1|3|52UZPE01152001T03MT01EBS001|900091143|CC|MT01|AUXILIARDEENFERMERIA|52UZPE01152001T03MT01EBS001H0345F0345CF345|2025-04-28|1||1||3||2||3|2|11|1|2|1|20||2|13|0||1||1||1||1||2|3|1|2|1|1|2|2|2|2|2|2|2||2|2|1|2||9||1|2|2|1|1|1|2|2|1|52UZPE01152001T03MT01EBS001H034552UZPE01152001T03MT01EBS001H0345F0345
2|274|1|52|UZPE011|52001|T03|MT01|SANTIAGO|CARRERA22B1097|-77.283052|1.208773||52UZPE01152001T03MT01EBS001H0346|52UZPE01152001T03MT01EBS001H0346F0346|3|1|1|1|52UZPE01152001T03MT01EBS001|900091143|CC|MT01|AUXILIARDEENFERMERIA|52UZPE01152001T03MT01EBS001H0346F0346CF346|2025-04-28|1||1||3||2||1|2|11|5|2|2|7||1|13|0||1||1||1||1||2|1|3|3|1|1|3|2|2|2|2|2|2||2|2|1|2||9||1|2|2|1|2|1|2|2|1|52UZPE01152001T03MT01EBS001H034652UZPE01152001T03MT01EBS001H0346F0346
2|275|1|52|UZPE011|52001|T03|MT01|SANTIAGO|CALLE10D22B46|-77.283934|1.208836||52UZPE01152001T03MT01EBS001H0347|52UZPE01152001T03MT01EBS001H0347F0347|2|1|1|3|52UZPE01152001T03MT01EBS001|900091143|CC|MT01|AUXILIARDEENFERMERIA|52UZPE01152001T03MT01EBS001H0347F0347CF347|2025-04-28|1||1||3||1||3|2|11|5|2|1|20||1|13|0||1||1||1||1||2|3|3|2|1|1|1|2|2|2|2|2|2||2|2|1|1||9||1|2|2|1|2|1|2|2|1|52UZPE01152001T03MT01EBS001H034752UZPE01152001T03MT01EBS001H0347F0347
2|276|1|52|UZPE011|52001|T03|MT01|SANTIAGO|CALLE10D22B46|-77.283934|1.208836||52UZPE01152001T03MT01EBS001H0348|52UZPE01152001T03MT01EBS001H0348F0348|2|1|1|3|52UZPE01152001T03MT01EBS001|900091143|CC|MT01|AUXILIARDEENFERMERIA|52UZPE01152001T03MT01EBS001H0348F0348CF348|2025-04-28|1||1||3||1||3|2|11|5|2|1|20||1|13|0||1||1||1||1||2|2|3|2|1|1|2|2|2|2|2|2|2||2|2|2|1||9||2|2|2|1|1|1|2|2|1|52UZPE01152001T03MT01EBS001H034852UZPE01152001T03MT01EBS001H0348F0348
2|277|1|52|UZPE011|52001|T03|MT01|SANTIAGO|CARRERA22D859|-77.284889|1.208397||52UZPE01152001T03MT01EBS001H0349|52UZPE01152001T03MT01EBS001H0349F0349|3|1|1|2|52UZPE01152001T03MT01EBS001|900091143|CC|MT01|AUXILIARDEENFERMERIA|52UZPE01152001T03MT01EBS001H0349F0349CF349|2025-04-28|1||1||3||4||2|2|11|5|2|2|7||2|13|0||1||1||1||1||1|3|3|2|1|1|2|2|2|2|2|2|2||2|2|1|1||9||1|2|2|1|2|1|2|2|1|52UZPE01152001T03MT01EBS001H034952UZPE01152001T03MT01EBS001H0349F0349
2|278|1|52|UZPE011|52001|T03|MT01|SANTIAGO|CRA22E0881|-77.284988|1.208898||52UZPE01152001T03MT01EBS001H0350|52UZPE01152001T03MT01EBS001H0350F0350|1|2|2|2|52UZPE01152001T03MT01EBS001|900091143|CC|MT01|PSICOLOGA|52UZPE01152001T03MT01EBS001H0350F0350CF350|2025-04-28|5||1||3||1||1|2|11|5|2|2|20||2|13|0||1||1||1||1||1|2|1|3|1|1|3|2|2|2|2|2|2||2|2|1|2||9||1|2|2|1|2|1|2|2|1|52UZPE01152001T03MT01EBS001H035052UZPE01152001T03MT01EBS001H0350F0350
2|279|1|52|UZPE011|52001|T03|MT01|SANTIAGO|CRA22D832|-77.284988|1.20839||52UZPE01152001T03MT01EBS001H0351|52UZPE01152001T03MT01EBS001H0351F0351|1|1|1|3|52UZPE01152001T03MT01EBS001|900091143|CC|MT01|AUXILIARDEENFERMERIA|52UZPE01152001T03MT01EBS001H0351F0351CF351|2025-04-28|1||1||3||1||3|2|11|5|2|1|20||2|13|0||1||1||1||1||1|3|3|2|1|1|2|2|2|2|2|2|2||2|2|1|1||9||1|2|2|1|1|1|2|2|1|52UZPE01152001T03MT01EBS001H035152UZPE01152001T03MT01EBS001H0351F0351
2|280|1|52|UZPE011|52001|T03|MT01|SANTIAGO|CALLE822B74OBRERO|-77.285257|1.208089||52UZPE01152001T03MT01EBS001H0352|52UZPE01152001T03MT01EBS001H0352F0352|2|1|1|4|52UZPE01152001T03MT01EBS001|900091143|CC|MT01|AUXILIARDEENFERMERIA|52UZPE01152001T03MT01EBS001H0352F0352CF352|2025-04-28|1||1||3||1||3|2|11|5|2|2|20||2|13|0||1||1||1||1||2|4|3|2|1|1|1|2|2|2|2|2|2||2|2|2|1||9||2|2|2|1|1|1|2|2|1|52UZPE01152001T03MT01EBS001H035252UZPE01152001T03MT01EBS001H0352F0352
2|281|1|52|UZPE011|52001|T03|MT01|SANTIAGO|CRA22E848|-77.285053|1.208823||52UZPE01152001T03MT01EBS001H0353|52UZPE01152001T03MT01EBS001H0353F0353|3|2|2|3|52UZPE01152001T03MT01EBS001|900091143|CC|MT01|PSICOLOGA|52UZPE01152001T03MT01EBS001H0353F0353CF353|2025-04-28|1||1||3||4||2|2|11|5|3|2|20||2|13|0||1||1||1||1||7|1|3|1|1|1|1|2|2|2|2|2|2||2|2|2|1||9||2|2|2|1|1|1|2|2|1|52UZPE01152001T03MT01EBS001H035352UZPE01152001T03MT01EBS001H0353F0353
2|282|1|52|UZPE011|52001|T03|MT01|SANTIAGO|CRA22B861SANTIAGO|-77.28466|1.207847||52UZPE01152001T03MT01EBS001H0354|52UZPE01152001T03MT01EBS001H0354F0354|3|2|2|3|52UZPE01152001T03MT01EBS001|900091143|CC|MT01|AUXILIARDEENFERMERIA|52UZPE01152001T03MT01EBS001H0354F0354CF354|2025-04-28|4||1||3||1||3|2|11|5|2|2|17||1|13|0||1||1||1||1||2|2|3|2|1|1|1|2|2|2|2|2|2||2|2|1|2||9||1|2|2|1|1|1|2|2|1|52UZPE01152001T03MT01EBS001H035452UZPE01152001T03MT01EBS001H0354F0354
2|283|1|52|UZPE011|52001|T03|MT01|SANTIAGO|CRA22B861SANTIAGO|-77.28466|1.207847||52UZPE01152001T03MT01EBS001H0355|52UZPE01152001T03MT01EBS001H0355F0355|3|2|2|3|52UZPE01152001T03MT01EBS001|900091143|CC|MT01|AUXILIARDEENFERMERIA|52UZPE01152001T03MT01EBS001H0355F0355CF355|2025-04-28|4||1||3||1||3|2|11|5|2|2|17||1|13|0||1||1||1||1||7|1|3|2|1|1|2|2|2|2|2|2|2||2|2|1|2||9||1|2|2|1|1|1|2|2|1|52UZPE01152001T03MT01EBS001H035552UZPE01152001T03MT01EBS001H0355F0355
2|284|1|52|UZPE011|52001|T03|MT01|SANTIAGO|CRA22E722|-77.285554|1.208787||52UZPE01152001T03MT01EBS001H0356|52UZPE01152001T03MT01EBS001H0356F0356|2|1|1|2|52UZPE01152001T03MT01EBS001|900091143|CC|MT01|PSICOLOGA|52UZPE01152001T03MT01EBS001H0356F0356CF356|2025-04-28|4||1||3||1||1|2|11|5|3|2|20||2|13|0||1||1||1||1||1|2|3|1|1|1|1|2|2|2|2|2|2||2|2|2|1||9||2|2|2|1|2|1|2|2|1|52UZPE01152001T03MT01EBS001H035652UZPE01152001T03MT01EBS001H0356F0356
2|285|1|52|UZPE011|52001|T03|MT01|SANTIAGO|CALLE7A22C10|-77.285357|1.207491||52UZPE01152001T03MT01EBS001H0357|52UZPE01152001T03MT01EBS001H0357F0357|1|1|1|2|52UZPE01152001T03MT01EBS001|900091143|CC|MT01|GESTORCOMUNITARIO|52UZPE01152001T03MT01EBS001H0357F0357CF357|2025-04-28|1||1||3||4||2|2|11|4|2|1|19||2|13|0||1||1||1||1||1|2|2|4|1|1|3|2|2|2|2|2|2||2|2|2|2||9||2|2|2|1|2|1|2|2|1|52UZPE01152001T03MT01EBS001H035752UZPE01152001T03MT01EBS001H0357F0357
2|286|1|52|UZPE011|52001|T03|MT01|SANTIAGO|CARRERA22B1462|-77.280801|1.211381||52UZPE01152001T03MT01EBS001H0358|52UZPE01152001T03MT01EBS001H0358F0358|3|1|1|1|52UZPE01152001T03MT01EBS001|900091143|CC|MT01|AUXILIARDEENFERMERIA|52UZPE01152001T03MT01EBS001H0358F0358CF358|2025-04-22|1||1||3||1||1|2|11|5|2|2|7||1|13|0||1||1||1||1||7|1|3|2|1|1|3|2|2|2|2|2|2||2|2|1|2||9||1|2|2|1|2|1|2|2|1|52UZPE01152001T03MT01EBS001H035852UZPE01152001T03MT01EBS001H0358F0358
2|287|1|52|UZPE011|52001|T03|MT01|SANTIAGO|CALLE132461|-77.282994|1.212614||52UZPE01152001T03MT01EBS001H0359|52UZPE01152001T03MT01EBS001H0359F0359|3|1|1|1|52UZPE01152001T03MT01EBS001|900091143|CC|MT01|AUXILIARDEENFERMERIA|52UZPE01152001T03MT01EBS001H0359F0359CF359|2025-04-20|1||1||3||1||1|2|11|5|2|2|20||2|13|0||1||1||1||1||7|1|1|2|1|1|3|2|2|2|2|2|2||2|2|1|1||9||1|2|2|1|2|1|2|2|1|52UZPE01152001T03MT01EBS001H035952UZPE01152001T03MT01EBS001H0359F0359
2|288|1|52|UZPE011|52001|T03|MT01|SANTIAGO|CALLE822B31OBRERO|-77.285104|1.207645||52UZPE01152001T03MT01EBS001H0360|52UZPE01152001T03MT01EBS001H0360F0360|2|1|1|2|52UZPE01152001T03MT01EBS001|900091143|CC|MT01|AUXILIARDEENFERMERIA|52UZPE01152001T03MT01EBS001H0360F0360CF360|2025-04-29|1||1||3||1||2|2|11|1|3|2|20||1|13|0||1||1||1||1||1|2|2|2|1|3|1|2|2|2|2|2|2||2|2|2|1||9||2|2|2|1|2|1|2|2|1|52UZPE01152001T03MT01EBS001H036052UZPE01152001T03MT01EBS001H0360F0360
2|289|1|52|UZPE011|52001|T03|MT01|SANTIAGO|CL82227SANTIAGO|-77.285174|1.207884||52UZPE01152001T03MT01EBS001H0361|52UZPE01152001T03MT01EBS001H0361F0361|1|1|1|1|52UZPE01152001T03MT01EBS001|900091143|CC|MT01|AUXILIARDEENFERMERIA|52UZPE01152001T03MT01EBS001H0361F0361CF361|2025-04-29|1||1||3||1||1|2|11|5|2|2|20||2|13|0||1||1||1||1||7|1|2|2|1|1|1|2|2|2|2|2|2||2|2|1|1||9||1|2|2|1|2|1|2|2|1|52UZPE01152001T03MT01EBS001H036152UZPE01152001T03MT01EBS001H0361F0361
2|290|1|52|UZPE011|52001|T03|MT01|SANTIAGO|CARRERA22B1025|-77.283625|1.208573||52UZPE01152001T03MT01EBS001H0362|52UZPE01152001T03MT01EBS001H0362F0362|2|1|1|2|52UZPE01152001T03MT01EBS001|900091143|CC|MT01|AUXILIARDEENFERMERIA|52UZPE01152001T03MT01EBS001H0362F0362CF362|2025-04-22|1||1||4||2||1|2|5|5|2|1|8||2|13|0||1||1||1||1||1|2|1|2|1|1|2|2|2|2|2|2|2||2|2|1|1||9||1|2|2|1|2|1|2|2|1|52UZPE01152001T03MT01EBS001H036252UZPE01152001T03MT01EBS001H0362F0362
2|291|1|52|UZPE011|52001|T03|MT01|SANTIAGO|CARRERA22F1020|-77.28429|1.209659||52UZPE01152001T03MT01EBS001H0363|52UZPE01152001T03MT01EBS001H0363F0363|3|1|1|2|52UZPE01152001T03MT01EBS001|900091143|CC|MT01|AUXILIARDEENFERMERIA|52UZPE01152001T03MT01EBS001H0363F0363CF363|2025-04-22|1||1||3||1||1|2|11|5|2|2|7||2|13|0||1||1||1||1||1|2|3|2|1|1|2|2|2|2|2|2|2||2|2|1|1||9||1|2|2|1|2|1|2|2|1|52UZPE01152001T03MT01EBS001H036352UZPE01152001T03MT01EBS001H0363F0363
2|292|1|52|UZPE011|52001|T03|MT01|SANTIAGO|CALLE1022E65|-77.284543|1.209525||52UZPE01152001T03MT01EBS001H0369|52UZPE01152001T03MT01EBS001H0369F0369|3|1|1|1|52UZPE01152001T03MT01EBS001|900091143|CC|MT01|AUXILIARDEENFERMERIA|52UZPE01152001T03MT01EBS001H0369F0369CF369|2025-04-24|4||1||3||1||2|2|11|5|2|2|20||2|13|0||1||1||1||1||2|1|2|2|1|1|3|2|2|2|2|2|2||2|2|1|1||9||1|2|2|1|2|1|2|2|1|52UZPE01152001T03MT01EBS001H036952UZPE01152001T03MT01EBS001H0369F0369
2|293|1|52|UZPE011|52001|T03|MT03|RENACER|CALLE822B69|-77.285239|1.208002||52UZPE01152001T03MT03EBS001H0371|52UZPE01152001T03MT03EBS001H0371F0371|2|1|1|2|52UZPE01152001T03MT03EBS001|900091143|CC|MT03|AUXILIARDEENFERMERIA|52UZPE01152001T03MT03EBS001H0371F0371CF371|2025-04-29|4||1||3||1||1|2|11|5|2|2|7||2|13|0||1||1||1||1||2|2|3|2|1|1|2|2|2|2|2|2|2||2|2|2|1||9||2|2|2|1|2|1|2|2|1|52UZPE01152001T03MT03EBS001H037152UZPE01152001T03MT03EBS001H0371F0371
2|294|1|52|UZPE011|52001|T03|MT03|RENACER|CALLE722D60|-77.285882|1.208518||52UZPE01152001T03MT03EBS001H0373|52UZPE01152001T03MT03EBS001H0373F0373|2|1|1|1|52UZPE01152001T03MT03EBS001|900091143|CC|MT03|AUXILIARDEENFERMERIA|52UZPE01152001T03MT03EBS001H0373F0373CF373|2025-04-29|1||1||3||4||1|2|11|5|2|2|20||2|13|0||1||1||1||1||7|1|3|1|1|1|3|2|2|2|2|2|2||2|2|2|1||9||2|2|2|1|2|1|2|2|1|52UZPE01152001T03MT03EBS001H037352UZPE01152001T03MT03EBS001H0373F0373
2|295|1|52|UZPE011|52001|T03|MT01|SANTIAGO|CARRERA12B573|-77.285084|1.207363||52UZPE01152001T03MT01EBS001H0376|52UZPE01152001T03MT01EBS001H0376F0376|2|1|1|2|52UZPE01152001T03MT01EBS001|900091143|CC|MT01|GESTORCOMUNITARIO|52UZPE01152001T03MT01EBS001H0376F0376CF376|2025-04-28|1||1||3||8||0|2|11|5|2|2|20||2|13|0||1||1||1||1||1|1|2|4|1|1|3|2|2|2|2|2|2||2|2|2|1||9||2|2|2|1|2|1|2|2|1|52UZPE01152001T03MT01EBS001H037652UZPE01152001T03MT01EBS001H0376F0376
2|296|1|52|UZPE011|52001|T03|MT01|SANTIAGO|CRA22C1645OBRERO|-77.285478|1.207473||52UZPE01152001T03MT01EBS001H0379|52UZPE01152001T03MT01EBS001H0379F0379|2|1|1|2|52UZPE01152001T03MT01EBS001|900091143|CC|MT01|AUXILIARDEENFERMERIA|52UZPE01152001T03MT01EBS001H0379F0379CF379|2025-05-01|1||1||3||1||2|2|11|5|3|1|20||2|13|0||1||1||1||1||2|2|3|2|1|1|1|2|2|2|2|2|2||2|2|2|1||9||2|2|2|1|1|1|2|2|1|52UZPE01152001T03MT01EBS001H037952UZPE01152001T03MT01EBS001H0379F0379
2|297|1|52|UZPE011|52001|T03|MT01|SANTIAGO|CALLE722D25|-77.285775|1.208191||52UZPE01152001T03MT01EBS001H0380|52UZPE01152001T03MT01EBS001H0380F0380|2|1|1|2|52UZPE01152001T03MT01EBS001|900091143|CC|MT01|GESTORCOMUNITARIO|52UZPE01152001T03MT01EBS001H0380F0380CF380|2025-05-01|1||1||3||8||2|2|11|5|2|2|20||2|13|0||1||1||1||1||1|2|3|4|1|1|1|2|2|2|2|2|2||2|2|2|2||9||2|2|2|1|1|1|2|2|1|52UZPE01152001T03MT01EBS001H038052UZPE01152001T03MT01EBS001H0380F0380
2|298|1|52|UZPE011|52001|T03|MT01|SANTIAGO|CARRERA22E630|-77.285933|1.208505||52UZPE01152001T03MT01EBS001H0381|52UZPE01152001T03MT01EBS001H0381F0381|2|1|1|4|52UZPE01152001T03MT01EBS001|900091143|CC|MT01|GESTORCOMUNITARIO|52UZPE01152001T03MT01EBS001H0381F0381CF381|2025-05-01|1||1||3||8||2|2|11|5|2|2|20||1|13|0||1||1||1||1||2|4|3|4|1|1|1|2|2|2|2|2|2||2|2|2|2||9||2|2|2|1|1|1|2|2|1|52UZPE01152001T03MT01EBS001H038152UZPE01152001T03MT01EBS001H0381F0381
2|299|1|52|UZPE011|52001|T03|MT01|SANTIAGO|CARRERA22E616|-77.286123|1.208466||52UZPE01152001T03MT01EBS001H0383|52UZPE01152001T03MT01EBS001H0383F0383|2|1|1|2|52UZPE01152001T03MT01EBS001|900091143|CC|MT01|GESTORCOMUNITARIO|52UZPE01152001T03MT01EBS001H0383F0383CF383|2025-05-01|1||1||3||8||1|2|11|5|2|2|20||1|13|0||1||1||1||1||7|1|1|4|1|1|1|2|2|2|2|2|2||2|2|2|2||9||2|2|2|1|1|1|2|2|1|52UZPE01152001T03MT01EBS001H038352UZPE01152001T03MT01EBS001H0383F0383
2|300|1|52|UZPE011|52001|T03|MT03|RENACER|CALLE622D28|-77.285887|1.207949||52UZPE01152001T03MT03EBS001H0386|52UZPE01152001T03MT03EBS001H0386F0386|2|1|1|1|52UZPE01152001T03MT03EBS001|900091143|CC|MT03|GESTORCOMUNITARIO|52UZPE01152001T03MT03EBS001H0386F0386CF386|2025-05-01|1||1||3||8||1|2|11|5|2|2|20||2|13|0||1||1||1||1||1|2|3|4|1|1|1|2|2|2|2|2|2||2|2|2|2||9||2|2|2|1|1|1|2|2|1|52UZPE01152001T03MT03EBS001H038652UZPE01152001T03MT03EBS001H0386F0386
2|301|1|52|UZPE011|52001|T03|MT01|SANTIAGO|CARRERA12B1019|-77.285885|1.207956||52UZPE01152001T03MT01EBS001H0390|52UZPE01152001T03MT01EBS001H0390F0390|2|1|1|3|52UZPE01152001T03MT01EBS001|900091143|CC|MT01|GESTORCOMUNITARIO|52UZPE01152001T03MT01EBS001H0390F0390CF390|2025-04-28|1||1||6||8||0|2|11|5|2|2|20||2|13|0||1||1||1||1||1|3|3|4|1|1|1|2|2|2|2|2|2||2|2|2|2||9||2|2|2|1|1|1|2|2|1|52UZPE01152001T03MT01EBS001H039052UZPE01152001T03MT01EBS001H0390F0390
2|302|1|52|UZPE011|52001|T03|MT01|SANTIAGO|CARRERA22C632|-77.285532|1.207379||52UZPE01152001T03MT01EBS001H0391|52UZPE01152001T03MT01EBS001H0391F0391|2|1|1|2|52UZPE01152001T03MT01EBS001|900091143|CC|MT01|GESTORCOMUNITARIO|52UZPE01152001T03MT01EBS001H0391F0391CF391|2025-04-28|1||1||3||8||1|2|11|5|2|2|20||2|13|0||1||1||1||1||1|1|3|4|1|1|1|2|2|2|2|2|2||2|2|2|2||9||2|2|2|1|1|1|2|2|1|52UZPE01152001T03MT01EBS001H039152UZPE01152001T03MT01EBS001H0391F0391
2|303|1|52|UZPE011|52001|T03|MT01|SANTIAGO|CARRERA22C632|-77.285532|1.207379||52UZPE01152001T03MT01EBS001H0392|52UZPE01152001T03MT01EBS001H0392F0392|2|1|1|2|52UZPE01152001T03MT01EBS001|900091143|CC|MT01|GESTORCOMUNITARIO|52UZPE01152001T03MT01EBS001H0392F0392CF392|2025-04-28|1||1||3||8||1|2|11|5|2|2|20||2|13|0||1||1||1||1||1|2|3|4|1|1|1|2|2|2|2|2|2||2|2|2|2||9||2|2|2|1|2|1|2|2|1|52UZPE01152001T03MT01EBS001H039252UZPE01152001T03MT01EBS001H0392F0392
2|304|1|52|UZPE011|52001|T03|MT01|SANTIAGO|CALLE822B47|-77.285161|1.207777||52UZPE01152001T03MT01EBS001H0393|52UZPE01152001T03MT01EBS001H0393F0393|2|1|1|3|52UZPE01152001T03MT01EBS001|900091143|CC|MT01|GESTORCOMUNITARIO|52UZPE01152001T03MT01EBS001H0393F0393CF393|2025-04-28|1||2||6||4||2|2|11|5|2|2|20||2|13|0||1||1||1||1||1|1|3|4|1|1|1|2|2|2|2|2|2||2|2|2|2||9||2|2|2|1|1|1|2|2|1|52UZPE01152001T03MT01EBS001H039352UZPE01152001T03MT01EBS001H0393F0393
2|305|1|52|UZPE011|52001|T03|MT01|SANTIAGO|CRA22B1416|-77.281265|1.211287||52UZPE01152001T03MT01EBS001H0400|52UZPE01152001T03MT01EBS001H0400F0400|3|1|1|3|52UZPE01152001T03MT01EBS001|900091143|CC|MT01|PSICOLOGA|52UZPE01152001T03MT01EBS001H0400F0400CF400|2025-04-24|1||1||3||1||2|2|11|5|2|2|20||2|13|0||1||1||1||1||2|2|3|1|1|1|1|2|2|2|2|2|2||2|2|1|1||9||1|2|2|1|2|1|2|2|1|52UZPE01152001T03MT01EBS001H040052UZPE01152001T03MT01EBS001H0400F0400
2|306|1|52|UZPE011|52001|T03|MT01|SANTIAGO|CARRERA231393|-77.281739|1.211649||52UZPE01152001T03MT01EBS001H0404|52UZPE01152001T03MT01EBS001H0404F0404|3|2|2|2|52UZPE01152001T03MT01EBS001|900091143|CC|MT01|AUXILIARDEENFERMERIA|52UZPE01152001T03MT01EBS001H0404F0404CF404|2025-04-23|1||1||3||2||2|2|5|5|2|2|7||2|13|0||1||1||1||1||7|1|3|2|1|1|3|2|2|2|2|2|2||2|2|1|1||9||1|2|2|1|2|1|2|2|1|52UZPE01152001T03MT01EBS001H040452UZPE01152001T03MT01EBS001H0404F0404
2|307|1|52|UZPE011|52001|T03|MT01|SANTIAGO|CARRERA231393|-77.281739|1.211649||52UZPE01152001T03MT01EBS001H0405|52UZPE01152001T03MT01EBS001H0405F0405|3|2|2|2|52UZPE01152001T03MT01EBS001|900091143|CC|MT01|AUXILIARDEENFERMERIA|52UZPE01152001T03MT01EBS001H0405F0405CF405|2025-04-23|1||1||3||2||2|2|5|5|2|2|7||2|13|0||1||1||1||1||2|1|3|2|1|1|3|2|2|2|2|2|2||2|2|1|1||9||1|2|2|1|2|1|2|2|1|52UZPE01152001T03MT01EBS001H040552UZPE01152001T03MT01EBS001H0405F0405
2|308|1|52|UZPE011|52001|T03|MT01|SANTIAGO|CARRERA22B1057|-77.283279|1.208705||52UZPE01152001T03MT01EBS001H0406|52UZPE01152001T03MT01EBS001H0406F0406|3|1|1|2|52UZPE01152001T03MT01EBS001|900091143|CC|MT01|AUXILIARDEENFERMERIA|52UZPE01152001T03MT01EBS001H0406F0406CF406|2025-04-22|1||1||3||2||1|2|11|5|2|2|20||2|13|0||1||1||1||1||1|2|3|2|1|1|2|2|2|2|2|2|2||2|2|1|1||9||1|2|2|1|2|1|2|2|1|52UZPE01152001T03MT01EBS001H040652UZPE01152001T03MT01EBS001H0406F0406
2|309|1|52|UZPE011|52001|T03|MT01|SANTIAGO|CARRERA22D859|-77.284827|1.208454||52UZPE01152001T03MT01EBS001H0407|52UZPE01152001T03MT01EBS001H0407F0407|2|2|2|2|52UZPE01152001T03MT01EBS001|900091143|CC|MT01|AUXILIARDEENFERMERIA|52UZPE01152001T03MT01EBS001H0407F0407CF407|2025-04-29|1||1||3||4||2|2|11|5|2|2|8||2|13|0||1||1||1||1||4|1|3|2|1|1|3|2|2|2|2|2|2||2|2|1|2||9||1|2|2|1|2|1|2|2|1|52UZPE01152001T03MT01EBS001H040752UZPE01152001T03MT01EBS001H0407F0407
2|310|1|52|UZPE011|52001|T03|MT01|SANTIAGO|CARRERA22D859|-77.284827|1.208454||52UZPE01152001T03MT01EBS001H0408|52UZPE01152001T03MT01EBS001H0408F0408|2|2|2|2|52UZPE01152001T03MT01EBS001|900091143|CC|MT01|AUXILIARDEENFERMERIA|52UZPE01152001T03MT01EBS001H0408F0408CF408|2025-04-29|1||1||3||4||2|2|11|5|2|2|8||2|13|0||1||1||1||1||4|1|3|3|1|1|2|2|2|2|2|2|2||2|2|1|1||9||1|2|2|1|2|1|2|2|1|52UZPE01152001T03MT01EBS001H040852UZPE01152001T03MT01EBS001H0408F0408
2|311|1|52|UZPE011|52001|T03|MT01|SANTIAGO|CARRERA22D718|-77.285541|1.208026||52UZPE01152001T03MT01EBS001H0409|52UZPE01152001T03MT01EBS001H0409F0409|2|2|2|2|52UZPE01152001T03MT01EBS001|900091143|CC|MT01|AUXILIARDEENFERMERIA|52UZPE01152001T03MT01EBS001H0409F0409CF409|2025-05-01|1||1||3||2||2|2|11|5|2|2|8||2|13|0||1||1||1||1||7|1|3|2|1|1|3|2|2|2|2|2|2||2|2|1|1||9||1|2|2|1|2|1|2|2|1|52UZPE01152001T03MT01EBS001H040952UZPE01152001T03MT01EBS001H0409F0409
2|312|1|52|UZPE011|52001|T03|MT01|SANTIAGO|CARRERA22D718|-77.285541|1.208026||52UZPE01152001T03MT01EBS001H0410|52UZPE01152001T03MT01EBS001H0410F0410|2|2|2|2|52UZPE01152001T03MT01EBS001|900091143|CC|MT01|AUXILIARDEENFERMERIA|52UZPE01152001T03MT01EBS001H0410F0410CF410|2025-05-01|1||1||3||2||2|2|11|5|2|2|8||2|13|0||1||1||1||1||2|1|3|2|1|1|2|2|2|2|2|2|2||2|2|1|1||9||1|2|2|1|2|1|2|2|1|52UZPE01152001T03MT01EBS001H041052UZPE01152001T03MT01EBS001H0410F0410
2|313|1|52|UZPE011|52001|T03|MT01|SANTIAGO|CALLE622C10|-77.285789|1.207436||52UZPE01152001T03MT01EBS001H0412|52UZPE01152001T03MT01EBS001H0412F0412|1|1|1|1|52UZPE01152001T03MT01EBS001|900091143|CC|MT01|AUXILIARDEENFERMERIA|52UZPE01152001T03MT01EBS001H0412F0412CF412|2025-05-01|1||1||3||1||1|2|11|5|2|1|20||2|13|0||1||1||1||1||2|1|3|2|1|1|2|2|2|2|2|2|2||2|2|1|1||9||1|2|2|1|2|1|2|2|1|52UZPE01152001T03MT01EBS001H041252UZPE01152001T03MT01EBS001H0412F0412
2|314|1|52|UZPE011|52001|T03|MT01|SANTIAGO|CALLE722C32RENACER|-77.285502|1.207802||52UZPE01152001T03MT01EBS001H0432|52UZPE01152001T03MT01EBS001H0432F0432|3|1|1|4|52UZPE01152001T03MT01EBS001|900091143|CC|MT01|AUXILIARDEENFERMERIA|52UZPE01152001T03MT01EBS001H0432F0432CF432|2025-05-04|1||1||3||1||3|2|11|5|2|1|20||2|13|0||1||1||1||1||1|4|3|2|1|1|2|2|2|2|2|2|2||2|2|2|1||9||2|2|2|1|1|1|2|2|1|52UZPE01152001T03MT01EBS001H043252UZPE01152001T03MT01EBS001H0432F0432
2|315|1|52|UZPE011|52001|T03|MT01|SANTIAGO|CARRERA22D404OBRERO|-77.286485|1.207683||52UZPE01152001T03MT01EBS001H0433|52UZPE01152001T03MT01EBS001H0433F0433|2|1|1|3|52UZPE01152001T03MT01EBS001|900091143|CC|MT01|AUXILIARDEENFERMERIA|52UZPE01152001T03MT01EBS001H0433F0433CF433|2025-05-05|1||1||3||1||3|2|11|5|3|1|20||2|13|0||1||1||1||1||1|3|3|2|1|1|1|2|2|2|2|2|2||2|2|2|1||9||2|2|2|1|1|1|2|2|1|52UZPE01152001T03MT01EBS001H043352UZPE01152001T03MT01EBS001H0433F0433
2|316|1|52|UZPE011|52001|T03|MT01|SANTIAGO|CALLE522C25OBRERO|-77.286093|1.207453||52UZPE01152001T03MT01EBS001H0434|52UZPE01152001T03MT01EBS001H0434F0434|2|1|1|2|52UZPE01152001T03MT01EBS001|900091143|CC|MT01|AUXILIARDEENFERMERIA|52UZPE01152001T03MT01EBS001H0434F0434CF434|2025-05-05|1||1||3||1||2|2|11|4|3|2|20||2|13|0||1||1||1||1||1|2|3|2|1|1|1|2|2|2|2|2|2||2|2|1|2||9||1|2|2|1|1|1|2|2|1|52UZPE01152001T03MT01EBS001H043452UZPE01152001T03MT01EBS001H0434F0434
2|317|1|52|UZPE011|52001|T03|MT01|SANTIAGO|CALLE522B11|-77.285816|1.207054||52UZPE01152001T03MT01EBS001H0435|52UZPE01152001T03MT01EBS001H0435F0435|2|1|1|1|52UZPE01152001T03MT01EBS001|900091143|CC|MT01|AUXILIARDEENFERMERIA|52UZPE01152001T03MT01EBS001H0435F0435CF435|2025-05-05|1||1||3||1||1|2|11|5|2|2|20||2|13|0||1||1||1||1||7|1|3|2|1|1|2|2|2|2|2|2|2||2|2|1|2||9||1|2|2|1|1|1|2|2|1|52UZPE01152001T03MT01EBS001H043552UZPE01152001T03MT01EBS001H0435F0435
2|318|1|52|UZPE011|52001|T03|MT03|RENACER|CRA22B509RENACER|-77.285595|1.206963||52UZPE01152001T03MT03EBS001H0436|52UZPE01152001T03MT03EBS001H0436F0436|2|2|2|3|52UZPE01152001T03MT03EBS001|900091143|CC|MT03|AUXILIARDEENFERMERIA|52UZPE01152001T03MT03EBS001H0436F0436CF436|2025-05-06|1||1||3||1||2|2|11|5|2|2|20||2|13|0||1||1||1||1||2|3|3|2|1|1|2|2|2|2|2|2|2||2|2|2|2||9||2|2|2|1|1|1|2|2|1|52UZPE01152001T03MT03EBS001H043652UZPE01152001T03MT03EBS001H0436F0436
2|319|1|52|UZPE011|52001|T03|MT03|RENACER|CRA22D906RENACER|-77.284585|1.208587||52UZPE01152001T03MT03EBS001H0444|52UZPE01152001T03MT03EBS001H0444F0444|2|1|1|3|52UZPE01152001T03MT03EBS001|900091143|CC|MT03|AUXILIARDEENFERMERIA|52UZPE01152001T03MT03EBS001H0444F0444CF444|2025-05-07|1||1||3||1||3|2|11|5|3|1|20||2|13|0||1||1||1||1||2|3|3|2|1|1|1|2|2|2|2|2|2||2|2|1|1||9||1|2|2|1|1|1|2|2|1|52UZPE01152001T03MT03EBS001H044452UZPE01152001T03MT03EBS001H0444F0444
2|320|1|52|UZPE011|52001|T03|MT03|RENACER|CRA22D911OBRERORENACER|-77.284489|1.208567||52UZPE01152001T03MT03EBS001H0445|52UZPE01152001T03MT03EBS001H0445F0445|2|2|2|4|52UZPE01152001T03MT03EBS001|900091143|CC|MT03|AUXILIARDEENFERMERIA|52UZPE01152001T03MT03EBS001H0445F0445CF445|2025-05-07|1||1||3||1||3|2|11|5|3|1|20||2|13|0||1||1||1||1||2|2|3|2|1|1|1|2|2|2|2|2|2||2|2|2|1||9||2|2|2|1|1|1|2|2|1|52UZPE01152001T03MT03EBS001H044552UZPE01152001T03MT03EBS001H0445F0445
2|321|1|52|UZPE011|52001|T03|MT03|RENACER|CRA22D911OBRERORENACER|-77.284489|1.208567||52UZPE01152001T03MT03EBS001H0446|52UZPE01152001T03MT03EBS001H0446F0446|2|2|2|4|52UZPE01152001T03MT03EBS001|900091143|CC|MT03|AUXILIARDEENFERMERIA|52UZPE01152001T03MT03EBS001H0446F0446CF446|2025-05-07|1||1||3||1||3|2|11|5|3|1|20||2|13|0||1||1||1||1||2|2|3|2|1|1|1|2|2|2|2|2|2||2|2|2|1||9||2|2|2|1|1|1|2|2|1|52UZPE01152001T03MT03EBS001H044652UZPE01152001T03MT03EBS001H0446F0446
2|322|1|52|UZPE011|52001|T03|MT03|RENACER|CALLE522C61B|-77.286136|1.207558||52UZPE01152001T03MT03EBS001H0447|52UZPE01152001T03MT03EBS001H0447F0447|1|1|1|1|52UZPE01152001T03MT03EBS001|900091143|CC|MT03|AUXILIARDEENFERMERIA|52UZPE01152001T03MT03EBS001H0447F0447CF447|2025-05-05|1||1||3||1||1|2|11|5|2|2|20||2|13|0||1||1||1||1||7|1|3|2|1|1|2|2|2|2|2|2|2||2|2|1|1||9||1|2|2|1|2|1|2|2|1|52UZPE01152001T03MT03EBS001H044752UZPE01152001T03MT03EBS001H0447F0447
2|323|1|52|UZPE011|52001|T03|MT03|RENACER|CALLE522C47|-77.286108|1.20751||52UZPE01152001T03MT03EBS001H0448|52UZPE01152001T03MT03EBS001H0448F0448|2|1|1|3|52UZPE01152001T03MT03EBS001|900091143|CC|MT03|AUXILIARDEENFERMERIA|52UZPE01152001T03MT03EBS001H0448F0448CF448|2025-05-05|1||1||3||1||3|2|10|5|2|1|20||2|13|2||1||1||1||1||1|3|3|1|1|1|2|2|2|2|2|2|2||2|2|2|1||9||2|2|2|1|2|1|2|2|1|52UZPE01152001T03MT03EBS001H044852UZPE01152001T03MT03EBS001H0448F0448
2|324|1|52|UZPE011|52001|T03|MT03|RENACER|CALLE522B116|-77.285627|1.206825||52UZPE01152001T03MT03EBS001H0449|52UZPE01152001T03MT03EBS001H0449F0449|2|1|1|1|52UZPE01152001T03MT03EBS001|900091143|CC|MT03|AUXILIARDEENFERMERIA|52UZPE01152001T03MT03EBS001H0449F0449CF449|2025-05-05|5||1||3||2||1|2|11|5|2|2|19||2|13|0||1||1||1||1||7|1|2|2|1|1|3|2|2|2|2|2|2||2|2|1|1||9||1|2|2|1|2|1|2|2|1|52UZPE01152001T03MT03EBS001H044952UZPE01152001T03MT03EBS001H0449F0449
2|325|1|52|UZPE011|52001|T03|MT03|RENACER|CALLE622D12|-77.286023|1.20804||52UZPE01152001T03MT03EBS001H0450|52UZPE01152001T03MT03EBS001H0450F0450|2|4|4|7|52UZPE01152001T03MT03EBS001|900091143|CC|MT03|ENFERMERA|52UZPE01152001T03MT03EBS001H0450F0450CF450|2025-05-01|1||1||3||1||4|2|11|5|3|2|20||2|13|0||1||1||1||1||1|2|3|1|1|1|1|2|2|2|2|2|2||2|2|2|2||9||2|2|2|1|1|1|2|2|1|52UZPE01152001T03MT03EBS001H045052UZPE01152001T03MT03EBS001H0450F0450
2|326|1|52|UZPE011|52001|T03|MT03|RENACER|CALLE622D12|-77.286023|1.20804||52UZPE01152001T03MT03EBS001H0451|52UZPE01152001T03MT03EBS001H0451F0451|2|4|4|7|52UZPE01152001T03MT03EBS001|900091143|CC|MT03|ENFERMERA|52UZPE01152001T03MT03EBS001H0451F0451CF451|2025-05-01|1||1||3||1||4|2|11|5|3|2|20||2|13|0||1||1||1||1||7|1|3|1|1|1|1|2|2|2|2|2|2||2|2|1|1||9||1|2|2|1|1|1|2|2|1|52UZPE01152001T03MT03EBS001H045152UZPE01152001T03MT03EBS001H0451F0451
2|327|1|52|UZPE011|52001|T03|MT03|RENACER|CARRERA22D44|-77.286357|1.207606||52UZPE01152001T03MT03EBS001H0452|52UZPE01152001T03MT03EBS001H0452F0452|2|1|1|1|52UZPE01152001T03MT03EBS001|900091143|CC|MT03|GESTORCOMUNITARIO|52UZPE01152001T03MT03EBS001H0452F0452CF452|2025-05-05|1||1||3||8||0|2|11|5|3|2|20||2|13|0||1||1||1||1||7|1|3|4|1|1|1|2|2|2|2|2|2||2|2|2|2||9||2|2|2|1|1|1|2|2|1|52UZPE01152001T03MT03EBS001H045252UZPE01152001T03MT03EBS001H0452F0452
2|328|1|52|UZPE011|52001|T03|MT03|RENACER|CALLE622D23|-77.286157|1.208036||52UZPE01152001T03MT03EBS001H0453|52UZPE01152001T03MT03EBS001H0453F0453|2|1|1|2|52UZPE01152001T03MT03EBS001|900091143|CC|MT03|GESTORCOMUNITARIO|52UZPE01152001T03MT03EBS001H0453F0453CF453|2025-05-05|1||1||3||8||1|2|11|5|2|2|20||2|13|0||1||1||1||1||1|2|3|4|1|1|1|2|2|2|2|2|2||2|2|2|2||9||2|2|2|1|1|1|2|2|1|52UZPE01152001T03MT03EBS001H045352UZPE01152001T03MT03EBS001H0453F0453
2|329|1|52|UZPE011|52001|T03|MT03|RENACER|CALLE622D43|-77.286126|1.208211||52UZPE01152001T03MT03EBS001H0454|52UZPE01152001T03MT03EBS001H0454F0454|2|1|1|1|52UZPE01152001T03MT03EBS001|900091143|CC|MT03|GESTORCOMUNITARIO|52UZPE01152001T03MT03EBS001H0454F0454CF454|2025-05-05|1||1||3||8||0|2|11|5|3|2|20||2|13|0||1||1||1||1||1|1|3|4|1|1|1|2|2|2|2|2|2||2|2|2|2||9||2|2|2|1|1|1|2|2|1|52UZPE01152001T03MT03EBS001H045452UZPE01152001T03MT03EBS001H0454F0454
2|330|1|52|UZPE011|52001|T03|MT03|RENACER|CALLE5A22D21|-77.286285|1.207995||52UZPE01152001T03MT03EBS001H0466|52UZPE01152001T03MT03EBS001H0466F0466|2|4|4|7|52UZPE01152001T03MT03EBS001|900091143|CC|MT03|ENFERMERA|52UZPE01152001T03MT03EBS001H0466F0466CF466|2025-05-05|1||1||3||1||4|2|11|5|3|2|20||2|13|0||1||1||1||1||2|2|3|1|1|1|1|2|2|2|2|2|2||2|2|2|1||2||2|2|2|1|2|1|2|2|1|52UZPE01152001T03MT03EBS001H046652UZPE01152001T03MT03EBS001H0466F0466
2|331|1|52|UZPE011|52001|T03|MT03|RENACER|CALLE5A22D21|-77.286285|1.207995||52UZPE01152001T03MT03EBS001H0467|52UZPE01152001T03MT03EBS001H0467F0467|2|4|4|7|52UZPE01152001T03MT03EBS001|900091143|CC|MT03|ENFERMERA|52UZPE01152001T03MT03EBS001H0467F0467CF467|2025-05-05|1||1||3||1||4|2|11|5|3|2|20||2|13|0||1||1||1||1||1|2|3|1|1|1|1|2|2|2|2|2|2||2|2|2|2||6||2|2|2|1|1|1|2|2|1|52UZPE01152001T03MT03EBS001H046752UZPE01152001T03MT03EBS001H0467F0467
2|332|1|52|UZPE011|52001|T03|MT03|RENACER|CALLE5A22D21|-77.286285|1.207995||52UZPE01152001T03MT03EBS001H0468|52UZPE01152001T03MT03EBS001H0468F0468|2|4|4|7|52UZPE01152001T03MT03EBS001|900091143|CC|MT03|ENFERMERA|52UZPE01152001T03MT03EBS001H0468F0468CF468|2025-05-05|1||1||3||1||4|2|11|5|3|2|20||2|13|0||1||1||1||1||1|2|3|1|1|1|1|2|2|2|2|2|2||2|2|2|2||6||2|2|2|1|2|1|2|2|1|52UZPE01152001T03MT03EBS001H046852UZPE01152001T03MT03EBS001H0468F0468
2|333|1|52|UZPE011|52001|T03|MT03|RENACER|CALLE522D55|-77.286385|1.207643||52UZPE01152001T03MT03EBS001H0476|52UZPE01152001T03MT03EBS001H0476F0476|2|3|3|5|52UZPE01152001T03MT03EBS001|900091143|PT|MT03|AUXILIARDEENFERMERIA|52UZPE01152001T03MT03EBS001H0476F0476CF476|2025-10-28|1||1||3||8||4|2|11|5|3|2|20||2|13|0||1||1||1||1||1|2|3|4|1|1|1|2|2|2|2|2|2||2|2|2|2||6||2|2|2|1|1|1|2|2|1|52UZPE01152001T03MT03EBS001H047652UZPE01152001T03MT03EBS001H0476F0476
2|334|1|52|UZPE011|52001|T03|MT03|RENACER|CALLE522D55|-77.286385|1.207643||52UZPE01152001T03MT03EBS001H0477|52UZPE01152001T03MT03EBS001H0477F0477|2|3|3|5|52UZPE01152001T03MT03EBS001|900091143|PT|MT03|AUXILIARDEENFERMERIA|52UZPE01152001T03MT03EBS001H0477F0477CF477|2025-10-28|1||1||3||8||4|2|11|5|3|2|20||2|13|0||1||1||1||1||1|1|3|4|1|1|1|2|2|2|2|2|2||2|2|2|2||6||2|2|2|1|1|1|2|2|1|52UZPE01152001T03MT03EBS001H047752UZPE01152001T03MT03EBS001H0477F0477
2|335|1|52|UZPE011|52001|T03|MT03|RENACER|CALLE522D55|-77.286385|1.207643||52UZPE01152001T03MT03EBS001H0478|52UZPE01152001T03MT03EBS001H0478F0478|2|3|3|5|52UZPE01152001T03MT03EBS001|900091143|PT|MT03|AUXILIARDEENFERMERIA|52UZPE01152001T03MT03EBS001H0478F0478CF478|2025-10-28|1||1||3||8||4|2|11|5|3|2|20||2|13|0||1||1||1||1||7|2|3|4|1|1|1|2|2|2|2|2|2||2|2|2|2||6||2|2|2|1|1|1|2|2|1|52UZPE01152001T03MT03EBS001H047852UZPE01152001T03MT03EBS001H0478F0478
2|336|1|52|UZPE011|52001|T03|MT03|RENACER|CARRERA22E22D48|-77.286506|1.208134||52UZPE01152001T03MT03EBS001H0479|52UZPE01152001T03MT03EBS001H0479F0479|2|2|2|3|52UZPE01152001T03MT03EBS001|900091143|CC|MT03|GESTORCOMUNITARIO|52UZPE01152001T03MT03EBS001H0479F0479CF479|2025-05-06|1||1||3||8||3|2|11|5|3|2|20||2|13|0||1||1||1||1||1|1|3|4|1|1|1|2|2|2|2|2|2||2|2|2|2||6||2|2|2|1|1|1|2|2|1|52UZPE01152001T03MT03EBS001H047952UZPE01152001T03MT03EBS001H0479F0479
2|337|1|52|UZPE011|52001|T03|MT03|RENACER|CARRERA22E22D48|-77.286506|1.208134||52UZPE01152001T03MT03EBS001H0480|52UZPE01152001T03MT03EBS001H0480F0480|2|2|2|3|52UZPE01152001T03MT03EBS001|900091143|CC|MT03|GESTORCOMUNITARIO|52UZPE01152001T03MT03EBS001H0480F0480CF480|2025-05-06|1||1||3||8||3|2|11|5|3|2|20||2|13|0||1||1||1||1||1|1|3|4|1|1|1|2|2|2|2|2|2||2|2|2|2||6||2|2|2|1|1|1|2|2|1|52UZPE01152001T03MT03EBS001H048052UZPE01152001T03MT03EBS001H0480F0480
2|338|1|52|UZPE011|52001|T03|MT03|RENACER|CARRERA22E46|-77.286817|1.208182||52UZPE01152001T03MT03EBS001H0481|52UZPE01152001T03MT03EBS001H0481F0481|2|1|1|1|52UZPE01152001T03MT03EBS001|900091143|CC|MT03|GESTORCOMUNITARIO|52UZPE01152001T03MT03EBS001H0481F0481CF481|2025-05-08|1||1||3||1||2|2|11|5|2|2|20||2|13|0||1||1||1||1||1|1|3|4|1|1|1|2|2|2|2|2|2||2|2|2|2||6||2|2|2|1|1|1|2|2|1|52UZPE01152001T03MT03EBS001H048152UZPE01152001T03MT03EBS001H0481F0481
2|339|1|52|UZPE011|52001|T03|MT03|RENACER|CARRERA22B963|-77.284017|1.208413||52UZPE01152001T03MT03EBS001H0482|52UZPE01152001T03MT03EBS001H0482F0482|2|1|1|1|52UZPE01152001T03MT03EBS001|900091143|CC|MT03|AUXILIARDEENFERMERIA|52UZPE01152001T03MT03EBS001H0482F0482CF482|2025-05-07|1||1||3||1||1|2|11|5|2|2|20||1|13|0||1||1||1||1||7|1|3|1|1|1|2|2|2|2|2|2|2||2|2|1|1||6||1|2|2|1|2|1|2|2|1|52UZPE01152001T03MT03EBS001H048252UZPE01152001T03MT03EBS001H0482F0482
2|340|1|52|UZPE011|52001|T03|MT03|RENACER|CARRERA22D918A|-77.284422|1.208564||52UZPE01152001T03MT03EBS001H0483|52UZPE01152001T03MT03EBS001H0483F0483|2|1|1|1|52UZPE01152001T03MT03EBS001|900091143|CC|MT03|AUXILIARDEENFERMERIA|52UZPE01152001T03MT03EBS001H0483F0483CF483|2025-05-07|1||1||3||1||1|2|11|5|2|2|20||2|13|0||1||1||1||1||7|1|3|2|1|1|2|2|2|2|2|2|2||2|2|1|1||6||1|2|2|1|2|1|2|2|1|52UZPE01152001T03MT03EBS001H048352UZPE01152001T03MT03EBS001H0483F0483
2|341|1|52|UZPE011|52001|T03|MT03|RENACER|CARRERA22B863|-77.28458|1.20789||52UZPE01152001T03MT03EBS001H0484|52UZPE01152001T03MT03EBS001H0484F0484|2|1|1|1|52UZPE01152001T03MT03EBS001|900091143|CC|MT03|AUXILIARDEENFERMERIA|52UZPE01152001T03MT03EBS001H0484F0484CF484|2025-05-07|1||1||3||2||1|2|11|5|2|2|7||2|13|0||1||1||1||1||7|1|2|2|1|1|3|2|2|2|2|2|2||2|2|1|1||6||1|2|2|1|2|1|2|2|1|52UZPE01152001T03MT03EBS001H048452UZPE01152001T03MT03EBS001H0484F0484
2|342|1|52|UZPE011|52001|T03|MT03|RENACER|CALLE522EBIS13|-77.283018|1.208629||52UZPE01152001T03MT03EBS001H0485|52UZPE01152001T03MT03EBS001H0485F0485|1|3|3|6|52UZPE01152001T03MT03EBS001|900091143|CC|MT03|ENFERMERA|52UZPE01152001T03MT03EBS001H0485F0485CF485|2025-05-07|1||1||3||1||4|2|11|5|3|2|20||2|13|0||1||1||1||1||1|2|3|1|1|1|1|2|2|2|2|2|2||2|2|1|2||6||1|2|2|1|1|1|2|2|1|52UZPE01152001T03MT03EBS001H048552UZPE01152001T03MT03EBS001H0485F0485
2|343|1|52|UZPE011|52001|T03|MT03|RENACER|CALLE522EBIS13|-77.283018|1.208629||52UZPE01152001T03MT03EBS001H0486|52UZPE01152001T03MT03EBS001H0486F0486|1|3|3|6|52UZPE01152001T03MT03EBS001|900091143|CC|MT03|ENFERMERA|52UZPE01152001T03MT03EBS001H0486F0486CF486|2025-05-07|1||1||3||1||4|2|11|5|3|2|20||2|13|0||1||1||1||1||1|1|3|1|1|1|1|2|2|2|2|2|2||2|2|1|2||6||1|2|2|1|2|1|2|2|1|52UZPE01152001T03MT03EBS001H048652UZPE01152001T03MT03EBS001H0486F0486
2|344|1|52|UZPE011|52001|T03|MT03|RENACER|CALLE522EBIS13|-77.283018|1.208629||52UZPE01152001T03MT03EBS001H0487|52UZPE01152001T03MT03EBS001H0487F0487|1|3|3|6|52UZPE01152001T03MT03EBS001|900091143|CC|MT03|ENFERMERA|52UZPE01152001T03MT03EBS001H0487F0487CF487|2025-05-07|1||1||3||1||4|2|11|5|3|2|20||2|13|0||1||1||1||1||1|3|3|1|1|1|1|2|2|2|2|2|2||2|2|1|2||6||1|2|2|1|1|1|2|2|1|52UZPE01152001T03MT03EBS001H048752UZPE01152001T03MT03EBS001H0487F0487
2|345|1|52|UZPE011|52001|T03|MT01|SANTIAGO|CRA23NUMERO733|-77.25862|1.238652||52UZPE01152001T03MT01EBS001H0490|52UZPE01152001T03MT01EBS001H0490F0490|2|1|1|1|52UZPE01152001T03MT01EBS001|900091143|CC|MT01|AUXILIARDEENFERMERIA|52UZPE01152001T03MT01EBS001H0490F0490CF490|2025-05-13|4||1||3||1||1|2|11|4|3|2|7||2|13|0||1||1||1||1||7|1|2|1|1|1|2|2|2|2|2|2|2||2|2|1|1||6||1|2|2|1|1|1|2|2|1|52UZPE01152001T03MT01EBS001H049052UZPE01152001T03MT01EBS001H0490F0490
2|346|1|52|UZPE011|52001|T03|MT01|SANTIAGO|CRRA23A847|-77.28551|1.210358||52UZPE01152001T03MT01EBS001H0491|52UZPE01152001T03MT01EBS001H0491F0491|2|1|1|1|52UZPE01152001T03MT01EBS001|900091143|CC|MT01|AUXILIARDEENFERMERIA|52UZPE01152001T03MT01EBS001H0491F0491CF491|2025-05-13|4||1||3||1||3|2|11|5|3|2|20||2|13|0||1||1||1||1||7|1|3|1|1|1|1|2|2|2|2|2|2||2|2|2|1||6||2|2|2|1|1|1|2|2|1|52UZPE01152001T03MT01EBS001H049152UZPE01152001T03MT01EBS001H0491F0491
2|347|1|52|UZPE011|52001|T03|MT01|SANTIAGO|CRRA23A847|-77.28551|1.210358||52UZPE01152001T03MT01EBS001H0492|52UZPE01152001T03MT01EBS001H0492F0492|2|1|1|1|52UZPE01152001T03MT01EBS001|900091143|CC|MT01|AUXILIARDEENFERMERIA|52UZPE01152001T03MT01EBS001H0492F0492CF492|2025-05-13|4||1||3||1||3|2|11|5|3|2|20||2|13|0||1||1||1||1||7|1|3|1|1|1|1|2|2|2|2|2|2||2|2|2|2||6||2|2|2|1|1|1|2|2|1|52UZPE01152001T03MT01EBS001H049252UZPE01152001T03MT01EBS001H0492F0492
2|348|1|52|UZPE011|52001|T03|MT01|SANTIAGO|CALLE722C64B|-77.285618|1.207854||52UZPE01152001T03MT01EBS001H0493|52UZPE01152001T03MT01EBS001H0493F0493|2|2|2|2|52UZPE01152001T03MT01EBS001|900091143|CC|MT01|AUXILIARESDEENFERMERIA|52UZPE01152001T03MT01EBS001H0493F0493CF493|2025-05-13|1||1||3||1||2|2|11|5|3|2|20||1|13|0||1||1||1||1||2|1|3|1|1|1|1|2|2|2|2|2|2||2|2|2|1||6||2|2|2|1|1|1|2|2|1|52UZPE01152001T03MT01EBS001H049352UZPE01152001T03MT01EBS001H0493F0493
2|349|1|52|UZPE011|52001|T03|MT01|SANTIAGO|CALLE722C64B|-77.285618|1.207854||52UZPE01152001T03MT01EBS001H0494|52UZPE01152001T03MT01EBS001H0494F0494|2|2|2|2|52UZPE01152001T03MT01EBS001|900091143|CC|MT01|AUXILIARESDEENFERMERIA|52UZPE01152001T03MT01EBS001H0494F0494CF494|2025-05-13|1||1||3||1||2|2|11|5|3|2|20||1|13|0||1||1||1||1||7|1|3|2|1|1|1|2|2|2|2|2|2||2|2|2|1||6||2|2|2|1|2|1|2|2|1|52UZPE01152001T03MT01EBS001H049452UZPE01152001T03MT01EBS001H0494F0494
2|350|1|52|UZPE011|52001|T03|MT03|RENACER|CARRERA22F530|-77.286573|1.20894||52UZPE01152001T03MT03EBS001H0495|52UZPE01152001T03MT03EBS001H0495F0495|2|1|1|1|52UZPE01152001T03MT03EBS001|900091143|CC|MT03|GESTORCOMUNITARIO|52UZPE01152001T03MT03EBS001H0495F0495CF495|2025-05-11|1||1||3||1||1|2|11|5|3|2|20||2|13|0||1||1||1||1||1|1|3|4|1|1|1|2|2|2|2|2|2||2|2|2|2||6||2|2|2|1|1|1|2|2|1|52UZPE01152001T03MT03EBS001H049552UZPE01152001T03MT03EBS001H0495F0495
2|351|1|52|UZPE011|52001|T03|MT03|RENACER|CARRERA22F535|-77.286586|1.208997||52UZPE01152001T03MT03EBS001H0497|52UZPE01152001T03MT03EBS001H0497F0497|2|1|1|1|52UZPE01152001T03MT03EBS001|900091143|CC|MT03|GESTORCOMUNITARIO|52UZPE01152001T03MT03EBS001H0497F0497CF497|2025-05-14|4||1||6||8||1|2|11|5|2|2|20||2|13|0||1||1||1||1||7|1|3|4|1|1|1|2|2|2|2|2|2||2|2|2|2||6||2|2|2|1|2|1|2|2|1|52UZPE01152001T03MT03EBS001H049752UZPE01152001T03MT03EBS001H0497F0497
2|352|1|52|UZPE011|52001|T03|MT01|SANTIAGO|CRA24NUMERO868|-77.300709|1.209891||52UZPE01152001T03MT01EBS001H0500|52UZPE01152001T03MT01EBS001H0500F0500|2|1|1|1|52UZPE01152001T03MT01EBS001|900091143|CC|MT01|TERAPEUTAOCUPACIONAL|52UZPE01152001T03MT01EBS001H0500F0500CF500|2025-05-17|4||1||3||4||2|2|11|5|2|2|20||1|13|0||1||1||1||1||7|1|2|3|1|1|2|2|2|2|2|2|2||2|2|1|1||9||1|2|2|1|2|1|2|2|1|52UZPE01152001T03MT01EBS001H050052UZPE01152001T03MT01EBS001H0500F0500
2|353|1|52|UZPE011|52001|T03|MT03|RENACER|CALLE622E23|-77.286396|1.208836||52UZPE01152001T03MT03EBS001H0501|52UZPE01152001T03MT03EBS001H0501F0501|2|1|1|1|52UZPE01152001T03MT03EBS001|900091143|CC|MT03|GESTORCOMUNITARIO|52UZPE01152001T03MT03EBS001H0501F0501CF501|2025-05-11|1||1||6||8||0|2|11|5|2|2|20||2|13|0||1||1||1||1||7|1|3|4|1|1|1|2|2|2|2|2|2||2|2|2|2||6||2|2|2|1|1|1|2|2|1|52UZPE01152001T03MT03EBS001H050152UZPE01152001T03MT03EBS001H0501F0501
2|354|1|52|UZPE011|52001|T03|MT03|RENACER|CARRERA22E69|-77.286122|1.208553||52UZPE01152001T03MT03EBS001H0502|52UZPE01152001T03MT03EBS001H0502F0502|2|2|2|2|52UZPE01152001T03MT03EBS001|900091143|CC|MT03|GESTORCOMUNITARIO|52UZPE01152001T03MT03EBS001H0502F0502CF502|2025-05-12|1||1||6||8||2|2|11|5|2|2|20||1|13|0||1||1||1||1||4|1|3|4|1|1|1|2|2|2|2|2|2||2|2|2|2||6||2|2|2|1|1|1|2|2|1|52UZPE01152001T03MT03EBS001H050252UZPE01152001T03MT03EBS001H0502F0502
2|355|1|52|UZPE011|52001|T03|MT03|RENACER|CARRERA22E69|-77.286122|1.208553||52UZPE01152001T03MT03EBS001H0503|52UZPE01152001T03MT03EBS001H0503F0503|2|2|2|2|52UZPE01152001T03MT03EBS001|900091143|CC|MT03|GESTORCOMUNITARIO|52UZPE01152001T03MT03EBS001H0503F0503CF503|2025-05-12|1||1||6||8||2|2|11|5|2|2|20||1|13|0||1||1||1||1||7|1|3|4|1|1|1|2|2|2|2|2|2||2|2|2|2||6||2|2|2|1|1|1|2|2|1|52UZPE01152001T03MT03EBS001H050352UZPE01152001T03MT03EBS001H0503F0503
2|356|1|52|UZPE011|52001|T03|MT01|SANTIAGO|CARRERA22F941|-77.284874|1.209679||52UZPE01152001T03MT01EBS001H0506|52UZPE01152001T03MT01EBS001H0506F0506|2|1|1|1|52UZPE01152001T03MT01EBS001|900091143|CC|MT01|PSICOLOGO|52UZPE01152001T03MT01EBS001H0506F0506CF506|2025-05-15|1||1||3||1||1|2|11|5|2|2|20||1|13|0||1||1||1||1||1|2|3|1|1|1|1|2|2|2|2|2|2||2|2|1|2||6||1|2|2|1|2|1|2|2|1|52UZPE01152001T03MT01EBS001H050652UZPE01152001T03MT01EBS001H0506F0506
2|357|1|52|UZPE011|52001|T03|MT01|SANTIAGO|CALLE112049|-77.284874|1.209679||52UZPE01152001T03MT01EBS001H0507|52UZPE01152001T03MT01EBS001H0507F0507|3|1|1|1|52UZPE01152001T03MT01EBS001|900091143|CC|MT01|PSICOLOGO|52UZPE01152001T03MT01EBS001H0507F0507CF507|2025-05-15|1||1||3||1||1|2|11|5|2|2|20||1|13|0||1||1||1||1||7|1|3|1|1|1|1|2|2|2|2|2|2||2|2|1|2||6||1|2|2|1|2|1|2|2|1|52UZPE01152001T03MT01EBS001H050752UZPE01152001T03MT01EBS001H0507F0507
2|358|1|52|UZPE011|52001|T03|MT03|RENACER|CALLE22C401|-77.285728|1.209607||52UZPE01152001T03MT03EBS001H0508|52UZPE01152001T03MT03EBS001H0508F0508|1|1|1|2|52UZPE01152001T03MT03EBS001|900091143|CC|MT03|PSICOLOGO|52UZPE01152001T03MT03EBS001H0508F0508CF508|2025-05-13|1||1||3||1||1|2|11|5|2|2|20||1|13|0||1||1||1||1||7|1|3|1|1|1|1|2|2|2|2|2|2||2|2|1|1||6||1|2|2|1|1|1|2|2|1|52UZPE01152001T03MT03EBS001H050852UZPE01152001T03MT03EBS001H0508F0508
2|359|1|52|UZPE011|52001|T03|MT01|SANTIAGO|CALLE102539|-77.3007|1.234623||52UZPE01152001T03MT01EBS001H0513|52UZPE01152001T03MT01EBS001H0513F0513|2|1|1|1|52UZPE01152001T03MT01EBS001|900091143|CC|MT01|TERAPEUTAOCUPACIONAL|52UZPE01152001T03MT01EBS001H0513F0513CF513|2025-05-19|4||1||3||1||4|2|11|5|3|2|20||2|13|0||1||1||1||1||4|1|2|3|1|1|3|2|2|2|2|2|2||2|2|2|1||9||2|2|2|1|1|1|2|2|1|52UZPE01152001T03MT01EBS001H051352UZPE01152001T03MT01EBS001H0513F0513
2|360|1|52|UZPE011|52001|T03|MT01|SANTIAGO|CALLE1025392|-77.300745|1.212102||52UZPE01152001T03MT01EBS001H0514|52UZPE01152001T03MT01EBS001H0514F0514|2|1|1|1|52UZPE01152001T03MT01EBS001|900091143|CC|MT01|TERAPEUTAOCUPACIONAL|52UZPE01152001T03MT01EBS001H0514F0514CF514|2025-05-19|1||1||3||1||4|2|11|5|3|2|20||2|13|0||1||1||1||1||7|1|2|4|1|1|2|2|2|2|2|2|2||2|2|1|1||9||1|2|2|1|1|1|2|2|1|52UZPE01152001T03MT01EBS001H051452UZPE01152001T03MT01EBS001H0514F0514
2|361|1|52|UZPE011|52001|T03|MT01|SANTIAGO|CALLE1025393|-77.300709|1.212104||52UZPE01152001T03MT01EBS001H0515|52UZPE01152001T03MT01EBS001H0515F0515|2|1|1|1|52UZPE01152001T03MT01EBS001|900091143|CC|MT01|TERAPEUTAOCUPACIONAL|52UZPE01152001T03MT01EBS001H0515F0515CF515|2025-05-19|1||1||3||1||4|2|11|5|3|2|20||2|13|0||1||1||1||1||7|1|2|3|1|1|3|2|2|2|2|2|2||2|2|1|1||9||1|2|2|1|1|1|2|2|1|52UZPE01152001T03MT01EBS001H051552UZPE01152001T03MT01EBS001H0515F0515
2|362|1|52|UZPE011|52001|T03|MT01|SANTIAGO|CALLE1025394|-77.300706|1.212105||52UZPE01152001T03MT01EBS001H0516|52UZPE01152001T03MT01EBS001H0516F0516|2|1|1|1|52UZPE01152001T03MT01EBS001|900091143|CC|MT01|TERAPEUTAOCUPACIONAL|52UZPE01152001T03MT01EBS001H0516F0516CF516|2025-05-19|1||1||3||1||4|2|11|5|3|2|20||2|13|0||1||1||1||1||7|1|2|4|1|1|2|2|2|2|2|2|2||2|2|1|1||9||1|2|2|1|1|1|2|2|1|52UZPE01152001T03MT01EBS001H051652UZPE01152001T03MT01EBS001H0516F0516
2|363|1|52|UZPE011|52001|T03|MT01|SANTIAGO|CARRERA23A511|-77.287386|1.209531||52UZPE01152001T03MT01EBS001H0518|52UZPE01152001T03MT01EBS001H0518F0518|1|1|1|1|52UZPE01152001T03MT01EBS001|900091143|CC|MT01|AUXILIARESDEENFERMERIA|52UZPE01152001T03MT01EBS001H0518F0518CF518|2025-05-21|1||1||3||1||1|2|11|5|3|2|20||2|13|0||1||1||1||1||7|1|3|1|1|1|1|2|2|2|2|2|2||2|2|1|1||6||1|2|2|1|2|1|2|2|1|52UZPE01152001T03MT01EBS001H051852UZPE01152001T03MT01EBS001H0518F0518
2|364|1|52|UZPE011|52001|T02|MT04|SAN FELIPE|CARRERA2911A05|-77.286099|1.214419||52UZPE01152001T02MT04EBS001H0519|52UZPE01152001T02MT04EBS001H0519F0519|3|1|1|1|52UZPE01152001T02MT04EBS001|900091143|CC|MT04|AUXILIARDEENFERMERIA|52UZPE01152001T02MT04EBS001H0519F0519CF519|2025-07-01|1||1||3||1||3|2|11|5|3|2|17||2|13|0||1||1||1||1||1|2|1|1|1|1|2|2|2|2|2|2|2||2|2|2|1||6||2|2|2|1|1|1|2|2|1|52UZPE01152001T02MT04EBS001H051952UZPE01152001T02MT04EBS001H0519F0519
2|365|1|52|UZPE011|52001|T02|MT04|SAN FELIPE|CALLE1227106|-77.285356|1.124601||52UZPE01152001T02MT04EBS001H0520|52UZPE01152001T02MT04EBS001H0520F0520|2|1|1|2|52UZPE01152001T02MT04EBS001|900091143|CC|MT04|AUXILIARDEENFERMERIA|52UZPE01152001T02MT04EBS001H0520F0520CF520|2025-07-02|1||1||3||1||2|2|10|5|3|2|20||2|13|0||1||1||1||1||7|2|1|1|1|1|1|2|2|2|2|2|2||2|2|1|1||6||1|2|2|1|2|1|2|2|1|52UZPE01152001T02MT04EBS001H052052UZPE01152001T02MT04EBS001H0520F0520
2|366|1|52|UZPE011|52001|T02|MT04|SAN FELIPE|CL142561|-77.285406|1.214582||52UZPE01152001T02MT04EBS001H0521|52UZPE01152001T02MT04EBS001H0521F0521|1|2|2|4|52UZPE01152001T02MT04EBS001|900091143|CC|MT04|AUXILIARDEENFERMERIA|52UZPE01152001T02MT04EBS001H0521F0521CF521|2025-07-02|1||1||3||1||4|2|11|4|2|2|20||2|13|0||1||1||1||1||2|2|3|1|1|1|1|2|2|2|2|2|2||2|2|2|1||6||2|2|2|1|2|1|2|2|1|52UZPE01152001T02MT04EBS001H052152UZPE01152001T02MT04EBS001H0521F0521
2|367|1|52|UZPE011|52001|T02|MT04|SAN FELIPE|CL142561|-77.285406|1.214582||52UZPE01152001T02MT04EBS001H0522|52UZPE01152001T02MT04EBS001H0522F0522|1|2|2|4|52UZPE01152001T02MT04EBS001|900091143|CC|MT04|AUXILIARDEENFERMERIA|52UZPE01152001T02MT04EBS001H0522F0522CF522|2025-07-02|1||1||3||1||4|2|11|4|2|2|20||2|13|0||1||1||1||1||1|2|3|1|1|1|1|2|2|2|2|2|2||2|2|2|1||6||2|2|2|1|1|1|2|2|1|52UZPE01152001T02MT04EBS001H052252UZPE01152001T02MT04EBS001H0522F0522
2|368|1|52|UZPE011|52001|T02|MT04|SAN FELIPE|CARRERA351139|-77.284557|1.212519||52UZPE01152001T02MT04EBS001H0523|52UZPE01152001T02MT04EBS001H0523F0523|2|1|1|2|52UZPE01152001T02MT04EBS001|900091143|CC|MT04|AUXILIARDEENFERMERIA|52UZPE01152001T02MT04EBS001H0523F0523CF523|2025-07-03|4||1||3||4||1|2|11|5|2|2|20||1|13|2||1||1||1||1||2|2|1|2|1|1|2|2|2|2|2|2|2||2|2|1|2||6||1|2|2|1|1|1|2|2|1|52UZPE01152001T02MT04EBS001H052352UZPE01152001T02MT04EBS001H0523F0523
2|369|1|52|UZPE011|52001|T02|MT04|SAN FELIPE|CALLE122523|-77.284162|1.212772||52UZPE01152001T02MT04EBS001H0524|52UZPE01152001T02MT04EBS001H0524F0524|2|1|1|3|52UZPE01152001T02MT04EBS001|900091143|CC|MT04|AUXILIARDEENFERMERIA|52UZPE01152001T02MT04EBS001H0524F0524CF524|2025-07-03|1||1||3||2||2|2|11|5|2|2|20||2|13|0||1||1||1||1||4|3|1|1|1|1|1|2|2|2|2|2|2||2|2|2|2||6||2|2|2|1|1|1|2|2|1|52UZPE01152001T02MT04EBS001H052452UZPE01152001T02MT04EBS001H0524F0524
2|370|1|52|UZPE011|52001|T02|MT04|SAN FELIPE|CARRERA251175|-77.284172|1.212611||52UZPE01152001T02MT04EBS001H0525|52UZPE01152001T02MT04EBS001H0525F0525|3|1|1|1|52UZPE01152001T02MT04EBS001|900091143|CC|MT04|GESTORCOMUNITARIO|52UZPE01152001T02MT04EBS001H0525F0525CF525|2025-07-03|1||2||4||2||1|2|11|5|2|2|20||2|13|0||1||1||1||1||7|1|1|4|1|1|2|2|2|2|2|2|2||2|2|1|1||6||1|2|2|1|1|1|2|2|1|52UZPE01152001T02MT04EBS001H052552UZPE01152001T02MT04EBS001H0525F0525
2|371|1|52|UZPE011|52001|T02|MT04|SAN FELIPE|CARRERA261194|-77.284398|1.211341||52UZPE01152001T02MT04EBS001H0526|52UZPE01152001T02MT04EBS001H0526F0526|3|1|1|1|52UZPE01152001T02MT04EBS001|900091143|CC|MT04|AUXILIARDEENFERMERIA|52UZPE01152001T02MT04EBS001H0526F0526CF526|2025-07-02|5||2||3||4||1|2|11|5|2|1|20||1|13|0||1||1||1||1||7|1|1|2|1|1|2|2|2|2|2|2|2||2|2|2|2||6||2|2|2|1|2|1|2|2|1|52UZPE01152001T02MT04EBS001H052652UZPE01152001T02MT04EBS001H0526F0526
2|372|1|52|UZPE011|52001|T02|MT04|SAN FELIPE|CALLE122581|-77.284225|1.213267||52UZPE01152001T02MT04EBS001H0527|52UZPE01152001T02MT04EBS001H0527F0527|1|2|2|6|52UZPE01152001T02MT04EBS001|900091143|CC|MT04|ENFERMERA|52UZPE01152001T02MT04EBS001H0527F0527CF527|2025-07-03|1||1||1||2||3|2|11|5|2|2|20||2|13|0||1||1||1||1||1|2|1|1|1|1|1|2|2|2|2|2|2||2|2|1|1||6||1|2|2|1|2|1|2|2|1|52UZPE01152001T02MT04EBS001H052752UZPE01152001T02MT04EBS001H0527F0527
2|373|1|52|UZPE011|52001|T02|MT04|SAN FELIPE|CALLE122581|-77.284225|1.213267||52UZPE01152001T02MT04EBS001H0528|52UZPE01152001T02MT04EBS001H0528F0528|1|2|2|6|52UZPE01152001T02MT04EBS001|900091143|CC|MT04|ENFERMERA|52UZPE01152001T02MT04EBS001H0528F0528CF528|2025-07-03|1||1||1||2||3|2|11|5|2|2|20||2|13|0||1||1||1||1||1|4|1|2|1|1|1|2|2|2|2|2|2||2|2|1|1||6||1|2|2|1|1|1|2|2|1|52UZPE01152001T02MT04EBS001H052852UZPE01152001T02MT04EBS001H0528F0528
2|374|1|52|UZPE011|52001|T02|MT04|SAN FELIPE|CALLE122565|-77.284225|1.213265||52UZPE01152001T02MT04EBS001H0529|52UZPE01152001T02MT04EBS001H0529F0529|1|1|1|2|52UZPE01152001T02MT04EBS001|900091143|CC|MT04|AUXILIARDEENFERMERIA|52UZPE01152001T02MT04EBS001H0529F0529CF529|2025-07-03|1||1||3||2||1|2|11|5|2|2|20||1|13|0||1||1||1||1||1|2|1|1|1|1|1|2|2|2|2|2|2||2|2|1|1||6||1|2|2|1|1|1|2|2|1|52UZPE01152001T02MT04EBS001H052952UZPE01152001T02MT04EBS001H0529F0529
2|375|1|52|UZPE011|52001|T02|MT04|SAN FELIPE|CALLE132767|-77.284219|1.215303||52UZPE01152001T02MT04EBS001H0530|52UZPE01152001T02MT04EBS001H0530F0530|2|1|1|1|52UZPE01152001T02MT04EBS001|900091143|CC|MT04|ENFERMERA|52UZPE01152001T02MT04EBS001H0530F0530CF530|2025-07-02|1||1||3||1||1|2|11|5|3|2|20||2|13|0||1||1||1||1||7|1|2|1|1|1|1|2|2|2|2|2|2||2|2|2|2||6||2|2|2|1|1|1|2|2|1|52UZPE01152001T02MT04EBS001H053052UZPE01152001T02MT04EBS001H0530F0530
2|376|1|52|UZPE011|52001|T02|MT04|SAN FELIPE|CALLE132533|-77.283264|1.213352||52UZPE01152001T02MT04EBS001H0531|52UZPE01152001T02MT04EBS001H0531F0531|3|1|1|3|52UZPE01152001T02MT04EBS001|900091143|CC|MT04|AUXILIARDEENFERMERIA|52UZPE01152001T02MT04EBS001H0531F0531CF531|2025-07-06|4||1||3||1||2|2|11|5|2|2|20||2|13|0||1||1||1||1||2|3|1|1|1|1|1|2|2|2|2|2|2||2|2|2|2||6||2|2|2|1|2|1|2|2|1|52UZPE01152001T02MT04EBS001H053152UZPE01152001T02MT04EBS001H0531F0531
2|377|1|52|UZPE011|52001|T02|MT04|SAN FELIPE|CARRERA261290|-77.283529|1.213613||52UZPE01152001T02MT04EBS001H0532|52UZPE01152001T02MT04EBS001H0532F0532|3|2|2|2|52UZPE01152001T02MT04EBS001|900091143|CC|MT04|AUXILIARDEENFERMERIA|52UZPE01152001T02MT04EBS001H0532F0532CF532|2025-07-06|4||1||3||2||2|2|11|5|2|1|20||1|13|0||1||1||1||1||7|1|1|1|1|1|2|2|2|2|2|2|2||2|2|2|1||6||2|2|2|1|1|1|2|2|1|52UZPE01152001T02MT04EBS001H053252UZPE01152001T02MT04EBS001H0532F0532
2|378|1|52|UZPE011|52001|T02|MT04|SAN FELIPE|CARRERA261290|-77.283529|1.213613||52UZPE01152001T02MT04EBS001H0533|52UZPE01152001T02MT04EBS001H0533F0533|3|2|2|2|52UZPE01152001T02MT04EBS001|900091143|CC|MT04|AUXILIARDEENFERMERIA|52UZPE01152001T02MT04EBS001H0533F0533CF533|2025-07-06|4||1||3||2||2|2|11|5|2|1|20||1|13|0||1||1||1||1||2|1|1|1|1|1|2|2|2|2|2|2|2||2|2|1|1||6||1|2|2|1|1|1|2|2|1|52UZPE01152001T02MT04EBS001H053352UZPE01152001T02MT04EBS001H0533F0533
2|379|1|52|UZPE011|52001|T02|MT04|SAN FELIPE|CALLE14256|-77.282263|1.213426||52UZPE01152001T02MT04EBS001H0534|52UZPE01152001T02MT04EBS001H0534F0534|3|2|2|4|52UZPE01152001T02MT04EBS001|900091143|CC|MT04|AUXILIARDEENFERMERIA|52UZPE01152001T02MT04EBS001H0534F0534CF534|2025-07-06|1||1||3||2||4|2|11|5|2|2|8||2|13|0||1||1||1||1||1|2|1|1|1|1|1|2|2|2|2|2|2||2|2|1|1||6||1|2|2|1|1|1|2|2|1|52UZPE01152001T02MT04EBS001H053452UZPE01152001T02MT04EBS001H0534F0534
2|380|1|52|UZPE011|52001|T02|MT04|SAN FELIPE|CALLE14256|-77.282263|1.213426||52UZPE01152001T02MT04EBS001H0535|52UZPE01152001T02MT04EBS001H0535F0535|3|2|2|4|52UZPE01152001T02MT04EBS001|900091143|CC|MT04|AUXILIARDEENFERMERIA|52UZPE01152001T02MT04EBS001H0535F0535CF535|2025-07-06|1||1||3||2||4|2|11|5|2|2|8||2|13|0||1||1||1||1||1|2|1|1|1|1|1|2|2|2|2|2|2||2|2|1|1||6||1|2|2|1|1|1|2|2|1|52UZPE01152001T02MT04EBS001H053552UZPE01152001T02MT04EBS001H0535F0535
2|381|1|52|UZPE011|52001|T02|MT04|SAN FELIPE|CALLE142555|-77.282595|1.213741||52UZPE01152001T02MT04EBS001H0536|52UZPE01152001T02MT04EBS001H0536F0536|3|1|1|1|52UZPE01152001T02MT04EBS001|900091143|CC|MT04|ENFERMERA|52UZPE01152001T02MT04EBS001H0536F0536CF536|2025-07-06|4||1||3||4||1|2|11|5|3|2|20||1|13|0||1||1||1||1||7|1|1|1|1|1|1|2|2|2|2|2|2||2|2|2|1||6||2|2|2|1|1|1|2|2|1|52UZPE01152001T02MT04EBS001H053652UZPE01152001T02MT04EBS001H0536F0536
2|382|1|52|UZPE011|52001|T02|MT04|SAN FELIPE|CARRERA271251|-77.284592|1.214406||52UZPE01152001T02MT04EBS001H0537|52UZPE01152001T02MT04EBS001H0537F0537|2|1|1|1|52UZPE01152001T02MT04EBS001|900091143|CC|MT04|GESTORCOMUNITARIO|52UZPE01152001T02MT04EBS001H0537F0537CF537|2025-07-07|5||2||3||4||1|2|11|4|2|2|20||1|13|0||1||1||1||1||1|1|1|4|1|1|2|2|2|2|2|2|2||2|2|2|2||6||2|2|2|1|2|1|2|2|1|52UZPE01152001T02MT04EBS001H053752UZPE01152001T02MT04EBS001H0537F0537
2|383|1|52|UZPE011|52001|T02|MT04|SAN FELIPE|CARRERA271251A|-77.284525|1.214435||52UZPE01152001T02MT04EBS001H0538|52UZPE01152001T02MT04EBS001H0538F0538|3|1|1|1|52UZPE01152001T02MT04EBS001|900091143|CC|MT04|AUXILIARDEENFERMERIA|52UZPE01152001T02MT04EBS001H0538F0538CF538|2025-07-07|5||2||3||2||1|2|11|5|2|1|20||1|13|0||1||1||1||1||7|1|1|1|1|1|2|2|2|2|2|2|2||2|2|1|1||6||1|2|2|1|2|1|2|2|1|52UZPE01152001T02MT04EBS001H053852UZPE01152001T02MT04EBS001H0538F0538
2|384|1|52|UZPE011|52001|T02|MT04|SAN FELIPE|CALLE12A2715|-77.284333|1.214721||52UZPE01152001T02MT04EBS001H0539|52UZPE01152001T02MT04EBS001H0539F0539|3|2|2|3|52UZPE01152001T02MT04EBS001|900091143|CC|MT04|AUXILIARDEENFERMERIA|52UZPE01152001T02MT04EBS001H0539F0539CF539|2025-07-07|1||2||3||2||3|2|11|5|2|2|20||2|13|0||1||1||1||1||7|1|1|1|1|1|2|2|2|2|2|2|2||2|2|1|2||6||1|2|2|1|1|1|2|2|1|52UZPE01152001T02MT04EBS001H053952UZPE01152001T02MT04EBS001H0539F0539
2|385|1|52|UZPE011|52001|T02|MT04|SAN FELIPE|CALLE12A2715|-77.284333|1.214721||52UZPE01152001T02MT04EBS001H0540|52UZPE01152001T02MT04EBS001H0540F0540|3|2|2|3|52UZPE01152001T02MT04EBS001|900091143|CC|MT04|AUXILIARDEENFERMERIA|52UZPE01152001T02MT04EBS001H0540F0540CF540|2025-07-07|1||2||3||2||3|2|11|5|2|2|20||2|13|0||1||1||1||1||2|1|1|1|1|1|3|2|2|2|2|2|2||2|2|1|1||6||1|2|2|1|2|1|2|2|1|52UZPE01152001T02MT04EBS001H054052UZPE01152001T02MT04EBS001H0540F0540
2|386|1|52|UZPE011|52001|T02|MT04|SAN FELIPE|CALLE12A2715|-77.284333|1.214721||52UZPE01152001T02MT04EBS001H0541|52UZPE01152001T02MT04EBS001H0541F0541|3|2|2|3|52UZPE01152001T02MT04EBS001|900091143|CC|MT04|AUXILIARDEENFERMERIA|52UZPE01152001T02MT04EBS001H0541F0541CF541|2025-07-07|1||2||3||2||3|2|11|5|2|2|20||2|13|0||1||1||1||1||7|1|1|1|1|1|2|2|2|2|2|2|2||2|2|1|2||6||1|2|2|1|1|1|2|2|1|52UZPE01152001T02MT04EBS001H054152UZPE01152001T02MT04EBS001H0541F0541
2|387|1|52|UZPE011|52001|T02|MT04|SAN FELIPE|CALLE12A2715|-77.284333|1.214721||52UZPE01152001T02MT04EBS001H0542|52UZPE01152001T02MT04EBS001H0542F0542|3|2|2|3|52UZPE01152001T02MT04EBS001|900091143|CC|MT04|AUXILIARDEENFERMERIA|52UZPE01152001T02MT04EBS001H0542F0542CF542|2025-07-07|1||2||3||2||3|2|11|5|2|2|20||2|13|0||1||1||1||1||1|1|1|1|1|1|2|2|2|2|2|2|2||2|2|1|2||6||1|2|2|1|2|1|2|2|1|52UZPE01152001T02MT04EBS001H054252UZPE01152001T02MT04EBS001H0542F0542
2|388|1|52|UZPE011|52001|T02|MT04|SAN FELIPE|CARRERA2712A73|-77.284308|1.214633||52UZPE01152001T02MT04EBS001H0543|52UZPE01152001T02MT04EBS001H0543F0543|3|1|1|3|52UZPE01152001T02MT04EBS001|900091143|CC|MT04|GESTORCOMUNITARIO|52UZPE01152001T02MT04EBS001H0543F0543CF543|2025-07-07|4||1||4||1||2|2|11|5|2|2|20||1|13|0||1||1||1||1||1|3|1|2|1|1|2|2|2|2|2|2|2||2|2|2|1||6||2|2|2|1|1|1|2|2|1|52UZPE01152001T02MT04EBS001H054352UZPE01152001T02MT04EBS001H0543F0543
2|389|1|52|UZPE011|52001|T02|MT04|SAN FELIPE|CALLE122792|-77.285097|1.214518||52UZPE01152001T02MT04EBS001H0544|52UZPE01152001T02MT04EBS001H0544F0544|2|1|1|2|52UZPE01152001T02MT04EBS001|900091143|CC|MT04|AUXILIARDEENFERMERIA|52UZPE01152001T02MT04EBS001H0544F0544CF544|2025-07-07|1||1||3||4||2|2|11|4|2|2|20||2|13|0||1||1||1||1||2|2|1|1|1|1|1|2|2|2|2|2|2||2|2|1|1||6||1|2|2|1|1|1|2|2|1|52UZPE01152001T02MT04EBS001H054452UZPE01152001T02MT04EBS001H0544F0544
2|390|1|52|UZPE011|52001|T02|MT04|SAN FELIPE|CRA272780|-77.285092|1.214518||52UZPE01152001T02MT04EBS001H0545|52UZPE01152001T02MT04EBS001H0545F0545|2|1|1|3|52UZPE01152001T02MT04EBS001|900091143|CC|MT04|AUXILIARDEENFERMERIA|52UZPE01152001T02MT04EBS001H0545F0545CF545|2025-07-07|1||1||3||4||3|2|11|5|2|2|20||2|13|0||1||1||1||1||2|3|1|1|1|1|1|2|2|2|2|2|2||2|2|2|1||6||2|2|2|1|1|1|2|2|1|52UZPE01152001T02MT04EBS001H054552UZPE01152001T02MT04EBS001H0545F0545
2|391|1|52|UZPE011|52001|T02|MT04|SAN FELIPE|CALLE132584|-77.283379|1.213689||52UZPE01152001T02MT04EBS001H0546|52UZPE01152001T02MT04EBS001H0546F0546|2|1|1|4|52UZPE01152001T02MT04EBS001|900091143|CC|MT04|ENFERMERA|52UZPE01152001T02MT04EBS001H0546F0546CF546|2025-07-07|1||1||3||2||3|2|11|5|2|2|19||2|13|0||1||1||1||1||1|4|1|1|1|1|1|2|2|2|2|2|2||2|2|2|1||6||2|2|2|1|1|1|2|2|1|52UZPE01152001T02MT04EBS001H054652UZPE01152001T02MT04EBS001H0546F0546
2|392|1|52|UZPE011|52001|T02|MT04|SAN FELIPE|CRA261316|-77.283308|1.213886||52UZPE01152001T02MT04EBS001H0547|52UZPE01152001T02MT04EBS001H0547F0547|3|2|2|3|52UZPE01152001T02MT04EBS001|900091143|CC|MT04|AUXILIARDEENFERMERIA|52UZPE01152001T02MT04EBS001H0547F0547CF547|2025-07-07|1||1||3||1||3|2|11|5|3|2|20||2|13|0||1||1||1||1||2|2|1|1|1|1|1|2|2|2|2|2|2||2|2|2|1||6||2|2|2|1|2|1|2|2|1|52UZPE01152001T02MT04EBS001H054752UZPE01152001T02MT04EBS001H0547F0547
2|393|1|52|UZPE011|52001|T02|MT04|SAN FELIPE|CRA261316|-77.283308|1.213886||52UZPE01152001T02MT04EBS001H0548|52UZPE01152001T02MT04EBS001H0548F0548|3|2|2|3|52UZPE01152001T02MT04EBS001|900091143|CC|MT04|AUXILIARDEENFERMERIA|52UZPE01152001T02MT04EBS001H0548F0548CF548|2025-07-07|1||1||3||1||3|2|11|5|3|2|20||2|13|0||1||1||1||1||7|1|1|1|1|1|1|2|2|2|2|2|2||2|2|2|1||6||2|2|2|1|1|1|2|2|1|52UZPE01152001T02MT04EBS001H054852UZPE01152001T02MT04EBS001H0548F0548
2|394|1|52|UZPE011|52001|T02|MT04|SAN FELIPE|CALLE132734|-77.283285|1.213862||52UZPE01152001T02MT04EBS001H0549|52UZPE01152001T02MT04EBS001H0549F0549|1|1|1|1|52UZPE01152001T02MT04EBS001|900091143|CC|MT04|AUXILIARDEENFERMERIA|52UZPE01152001T02MT04EBS001H0549F0549CF549|2025-07-07|4||1||3||1||1|2|11|5|2|2|20||2|13|0||1||1||1||1||7|1|1|1|1|1|4|2|2|2|2|2|2||2|2|2|2||6||2|2|2|1|1|1|2|2|1|52UZPE01152001T02MT04EBS001H054952UZPE01152001T02MT04EBS001H0549F0549
2|395|1|52|UZPE011|52001|T02|MT04|SAN FELIPE|CALLE122724|-77.284831|1.214188||52UZPE01152001T02MT04EBS001H0550|52UZPE01152001T02MT04EBS001H0550F0550|3|1|1|2|52UZPE01152001T02MT04EBS001|900091143|CC|MT04|ENFERMERA|52UZPE01152001T02MT04EBS001H0550F0550CF550|2025-07-07|4||1||3||1||1|2|11|5|3|2|20||2|13|0||1||1||1||1||1|2|1|1|1|1|1|2|2|2|2|2|2||2|2|1|1||6||1|2|2|1|1|1|2|2|1|52UZPE01152001T02MT04EBS001H055052UZPE01152001T02MT04EBS001H0550F0550
2|396|1|52|UZPE011|52001|T02|MT04|SAN FELIPE|CALLE122750|-77.284971|1.214349||52UZPE01152001T02MT04EBS001H0551|52UZPE01152001T02MT04EBS001H0551F0551|1|1|1|1|52UZPE01152001T02MT04EBS001|900091143|CC|MT04|ENFERMERA|52UZPE01152001T02MT04EBS001H0551F0551CF551|2025-07-07|4||1||3||1||1|2|11|5|2|2|20||1|13|0||1||1||1||1||7|1|3|1|1|1|1|2|2|2|2|2|2||2|2|2|1||6||2|2|2|1|1|1|2|2|1|52UZPE01152001T02MT04EBS001H055152UZPE01152001T02MT04EBS001H0551F0551
2|397|1|52|UZPE011|52001|T02|MT04|SAN FELIPE|CALLE122750APTO2|-77.284977|1.214349||52UZPE01152001T02MT04EBS001H0552|52UZPE01152001T02MT04EBS001H0552F0552|1|1|1|2|52UZPE01152001T02MT04EBS001|900091143|CC|MT04|ENFERMERA|52UZPE01152001T02MT04EBS001H0552F0552CF552|2025-07-07|4||1||3||1||1|2|11|5|2|2|20||1|13|0||1||1||1||1||1|2|1|1|1|1|1|2|2|2|2|2|2||2|2|2|1||6||2|2|2|1|2|1|2|2|1|52UZPE01152001T02MT04EBS001H055252UZPE01152001T02MT04EBS001H0552F0552
2|398|1|52|UZPE011|52001|T02|MT04|SAN FELIPE|CALLE122754|-77.285032|1.214375||52UZPE01152001T02MT04EBS001H0553|52UZPE01152001T02MT04EBS001H0553F0553|2|1|1|2|52UZPE01152001T02MT04EBS001|900091143|CC|MT04|ENFERMERA|52UZPE01152001T02MT04EBS001H0553F0553CF553|2025-07-07|4||1||1||2||2|2|11|5|2|2|8||2|13|0||1||1||1||1||2|2|3|1|1|1|1|2|2|2|2|2|2||2|2|1|2||6||1|2|2|1|1|1|2|2|1|52UZPE01152001T02MT04EBS001H055352UZPE01152001T02MT04EBS001H0553F0553
2|399|1|52|UZPE011|52001|T02|MT04|SAN FELIPE|CARRERA261156|-77.284637|1.213288||52UZPE01152001T02MT04EBS001H0554|52UZPE01152001T02MT04EBS001H0554F0554|3|2|2|4|52UZPE01152001T02MT04EBS001|900091143|CC|MT04|AUXILIARDEENFERMERIA|52UZPE01152001T02MT04EBS001H0554F0554CF554|2025-07-08|4||1||3||1||2|2|11|5|2|1|20||2|13|0||1||1||1||1||7|1|3|1|1|1|1|2|2|2|2|2|2||2|2|2|2||6||2|2|2|1|1|1|2|2|1|52UZPE01152001T02MT04EBS001H055452UZPE01152001T02MT04EBS001H0554F0554
2|400|1|52|UZPE011|52001|T02|MT04|SAN FELIPE|CARRERA261156|-77.284637|1.213288||52UZPE01152001T02MT04EBS001H0555|52UZPE01152001T02MT04EBS001H0555F0555|3|2|2|4|52UZPE01152001T02MT04EBS001|900091143|CC|MT04|AUXILIARDEENFERMERIA|52UZPE01152001T02MT04EBS001H0555F0555CF555|2025-07-08|4||1||3||1||2|2|11|5|2|1|20||2|13|0||1||1||1||1||2|2|1|1|1|1|2|2|2|2|2|2|2||2|2|1|1||6||1|2|2|1|2|1|2|2|1|52UZPE01152001T02MT04EBS001H055552UZPE01152001T02MT04EBS001H0555F0555
2|401|1|52|UZPE011|52001|T02|MT04|SAN FELIPE|CARRERA261156|-77.284637|1.213288||52UZPE01152001T02MT04EBS001H0556|52UZPE01152001T02MT04EBS001H0556F0556|3|2|2|4|52UZPE01152001T02MT04EBS001|900091143|CC|MT04|AUXILIARDEENFERMERIA|52UZPE01152001T02MT04EBS001H0556F0556CF556|2025-07-08|4||1||3||1||2|2|11|5|2|1|20||2|13|0||1||1||1||1||2|1|1|1|1|1|1|2|2|2|2|2|2||2|2|1|1||6||1|2|2|1|2|1|2|2|1|52UZPE01152001T02MT04EBS001H055652UZPE01152001T02MT04EBS001H0556F0556
2|402|1|52|UZPE011|52001|T02|MT04|SAN FELIPE|CALLE122744|-77.284966|1.214307||52UZPE01152001T02MT04EBS001H0557|52UZPE01152001T02MT04EBS001H0557F0557|2|1|1|2|52UZPE01152001T02MT04EBS001|900091143|CC|MT04|AUXILIARDEENFERMERIA|52UZPE01152001T02MT04EBS001H0557F0557CF557|2025-07-08|4||1||3||1||4|2|11|5|2|2|20||2|13|0||1||1||1||1||1|2|1|1|1|1|1|2|2|2|2|2|2||2|2|2|1||6||2|2|2|1|1|1|2|2|1|52UZPE01152001T02MT04EBS001H055752UZPE01152001T02MT04EBS001H0557F0557
2|403|1|52|UZPE011|52001|T02|MT04|SAN FELIPE|CALLE122738|-77.284966|1.214307||52UZPE01152001T02MT04EBS001H0558|52UZPE01152001T02MT04EBS001H0558F0558|2|1|1|1|52UZPE01152001T02MT04EBS001|900091143|CC|MT04|ENFERMERA|52UZPE01152001T02MT04EBS001H0558F0558CF558|2025-07-08|4||1||3||1||2|2|11|5|2|2|20||2|13|0||1||1||1||1||7|1|1|1|1|1|1|2|2|2|2|2|2||2|2|1|1||6||1|2|2|1|1|1|2|2|1|52UZPE01152001T02MT04EBS001H055852UZPE01152001T02MT04EBS001H0558F0558
2|404|1|52|UZPE011|52001|T02|MT04|SAN FELIPE|CARRERA261142|-77.284785|1.213237||52UZPE01152001T02MT04EBS001H0559|52UZPE01152001T02MT04EBS001H0559F0559|3|2|2|2|52UZPE01152001T02MT04EBS001|900091143|CC|MT04|GESTORCOMUNITARIO|52UZPE01152001T02MT04EBS001H0559F0559CF559|2025-07-08|4||1||3||1||2|2|11|5|2|2|20||1|13|0||1||1||1||1||7|1|3|1|1|1|1|2|2|2|2|2|2||2|2|1|2||6||1|2|2|1|2|1|2|2|1|52UZPE01152001T02MT04EBS001H055952UZPE01152001T02MT04EBS001H0559F0559
2|405|1|52|UZPE011|52001|T02|MT04|SAN FELIPE|CARRERA261142|-77.284785|1.213237||52UZPE01152001T02MT04EBS001H0560|52UZPE01152001T02MT04EBS001H0560F0560|3|2|2|2|52UZPE01152001T02MT04EBS001|900091143|CC|MT04|GESTORCOMUNITARIO|52UZPE01152001T02MT04EBS001H0560F0560CF560|2025-07-08|4||1||3||1||2|2|11|5|2|2|20||1|13|0||1||1||1||1||7|1|1|1|1|1|2|2|2|2|2|2|2||2|2|1|1||6||1|2|2|1|1|1|2|2|1|52UZPE01152001T02MT04EBS001H056052UZPE01152001T02MT04EBS001H0560F0560
2|406|1|52|UZPE011|52001|T02|MT04|SAN FELIPE|CRA251245|-77.283585|1.212976||52UZPE01152001T02MT04EBS001H0561|52UZPE01152001T02MT04EBS001H0561F0561|3|1|1|3|52UZPE01152001T02MT04EBS001|900091143|CC|MT04|AUXILIARDEENFERMERIA|52UZPE01152001T02MT04EBS001H0561F0561CF561|2025-07-08|4||1||1||1||2|2|11|4|3|2|20||2|13|0||1||1||1||1||1|3|1|1|1|1|3|2|2|2|2|2|2||2|2|1|1||6||1|2|2|1|1|1|2|2|1|52UZPE01152001T02MT04EBS001H056152UZPE01152001T02MT04EBS001H0561F0561
2|407|1|52|UZPE011|52001|T02|MT04|SAN FELIPE|CARRERA2912102|-77.284881|1.215462||52UZPE01152001T02MT04EBS001H0562|52UZPE01152001T02MT04EBS001H0562F0562|3|1|1|4|52UZPE01152001T02MT04EBS001|900091143|CC|MT04|AUXILIARDEENFERMERIA|52UZPE01152001T02MT04EBS001H0562F0562CF562|2025-07-08|1||1||3||1||3|2|11|5|3|2|20||2|13|0||1||1||1||1||1|4|1|1|1|1|1|2|2|2|2|2|2||2|2|2|1||6||2|2|2|1|2|1|2|2|1|52UZPE01152001T02MT04EBS001H056252UZPE01152001T02MT04EBS001H0562F0562
2|408|1|52|UZPE011|52001|T02|MT04|SAN FELIPE|CARRERA2912122|-77.284896|1.215453||52UZPE01152001T02MT04EBS001H0563|52UZPE01152001T02MT04EBS001H0563F0563|3|1|1|1|52UZPE01152001T02MT04EBS001|900091143|CC|MT04|GESTORCOMUNITARIO|52UZPE01152001T02MT04EBS001H0563F0563CF563|2025-07-08|1||1||3||1||1|2|11|5|2|2|20||2|13|0||1||1||1||1||1|1|2|4|1|1|2|2|2|2|2|2|2||2|2|2|2||6||2|2|2|1|1|1|2|2|1|52UZPE01152001T02MT04EBS001H056352UZPE01152001T02MT04EBS001H0563F0563
2|409|1|52|UZPE011|52001|T02|MT04|SAN FELIPE|CALLE1125114|-77.284947|1.213134||52UZPE01152001T02MT04EBS001H0564|52UZPE01152001T02MT04EBS001H0564F0564|3|1|1|1|52UZPE01152001T02MT04EBS001|900091143|CC|MT04|GESTORCOMUNITARIO|52UZPE01152001T02MT04EBS001H0564F0564CF564|2025-07-08|5||1||3||1||1|2|11|5|2|2|20||1|13|0||1||1||1||1||7|1|3|4|1|1|2|2|2|2|2|2|2||2|2|1|2||6||1|2|2|1|1|1|2|2|1|52UZPE01152001T02MT04EBS001H056452UZPE01152001T02MT04EBS001H0564F0564
2|410|1|52|UZPE011|52001|T02|MT04|SAN FELIPE|CALLE132671|-77.283766|1.214459||52UZPE01152001T02MT04EBS001H0565|52UZPE01152001T02MT04EBS001H0565F0565|2|1|1|2|52UZPE01152001T02MT04EBS001|900091143|CC|MT04|ENFERMERA|52UZPE01152001T02MT04EBS001H0565F0565CF565|2025-07-08|1||1||3||2||2|2|11|5|2|2|19||2|13|0||1||1||1||1||1|2|1|1|1|1|1|2|2|2|2|2|2||2|2|2|1||6||2|2|2|1|2|1|2|2|1|52UZPE01152001T02MT04EBS001H056552UZPE01152001T02MT04EBS001H0565F0565
2|411|1|52|UZPE011|52001|T02|MT04|SAN FELIPE|CRA271288|-77.283981|1.214606||52UZPE01152001T02MT04EBS001H0566|52UZPE01152001T02MT04EBS001H0566F0566|3|1|1|1|52UZPE01152001T02MT04EBS001|900091143|CC|MT04|AUXILIARDEENFERMERIA|52UZPE01152001T02MT04EBS001H0566F0566CF566|2025-07-08|4||1||3||1||1|2|11|5|3|2|8||2|13|0||1||1||1||1||7|1|3|1|1|1|1|2|2|2|2|2|2||2|2|2|1||6||2|2|2|1|1|1|2|2|1|52UZPE01152001T02MT04EBS001H056652UZPE01152001T02MT04EBS001H0566F0566
2|412|1|52|UZPE011|52001|T02|MT04|SAN FELIPE|CALLE12A2792|-77.284989|1.214975||52UZPE01152001T02MT04EBS001H0567|52UZPE01152001T02MT04EBS001H0567F0567|3|1|1|1|52UZPE01152001T02MT04EBS001|900091143|CC|MT04|AUXILIARDEENFERMERIA|52UZPE01152001T02MT04EBS001H0567F0567CF567|2025-07-09|1||1||3||1||1|2|11|5|2|2|20||2|13|0||1||1||1||1||1|1|1|4|1|1|1|2|2|2|2|2|2||2|2|1|1||6||1|2|2|1|1|1|2|2|1|52UZPE01152001T02MT04EBS001H056752UZPE01152001T02MT04EBS001H0567F0567
2|413|1|52|UZPE011|52001|T02|MT04|SAN FELIPE|CARERA291260INTERIOR103|-77.284786|1.214969||52UZPE01152001T02MT04EBS001H0568|52UZPE01152001T02MT04EBS001H0568F0568|3|1|1|1|52UZPE01152001T02MT04EBS001|900091143|CC|MT04|GESTORCOMUNITARIO|52UZPE01152001T02MT04EBS001H0568F0568CF568|2025-07-09|1||1||3||1||1|2|11|5|2|2|20||2|13|0||1||1||1||1||7|1|1|4|1|1|1|2|2|2|2|2|2||2|2|2|1||6||2|2|2|1|1|1|2|2|1|52UZPE01152001T02MT04EBS001H056852UZPE01152001T02MT04EBS001H0568F0568
2|414|1|52|UZPE011|52001|T02|MT04|SAN FELIPE|CARRERA261260INT106B|-77.284831|1.214767||52UZPE01152001T02MT04EBS001H0569|52UZPE01152001T02MT04EBS001H0569F0569|3|2|2|3|52UZPE01152001T02MT04EBS001|900091143|CC|MT04|AUXILIARDEENFERMERIA|52UZPE01152001T02MT04EBS001H0569F0569CF569|2025-07-09|4||1||3||1||2|2|11|5|3|1|20||2|13|0||1||1||1||1||1|2|1|1|1|1|2|2|2|2|2|2|2||2|2|1|1||6||1|2|2|1|2|1|2|2|1|52UZPE01152001T02MT04EBS001H056952UZPE01152001T02MT04EBS001H0569F0569
2|415|1|52|UZPE011|52001|T02|MT02|CENTRO|CARRERA262106|-77.27644|1.217892||52UZPE01152001T02MT02EBS001H0570|52UZPE01152001T02MT02EBS001H0570F0570|3|1|1|3|52UZPE01152001T02MT02EBS001|900091143|CC|MT02|AUXILIARESDEENFERMERIA|52UZPE01152001T02MT02EBS001H0570F0570CF570|2025-07-09|1||1||3||2||2|2|11|2|2|2|7||1|13|0||1||1||1||1||2|3|3|2|1|1|1|2|2|2|2|2|2||2|2|1|1||6||1|2|2|1|2|1|2|2|1|52UZPE01152001T02MT02EBS001H057052UZPE01152001T02MT02EBS001H0570F0570
2|416|1|52|UZPE011|52001|T02|MT02|CENTRO|CARRERA222119|-77.286548|1.217482||52UZPE01152001T02MT02EBS001H0571|52UZPE01152001T02MT02EBS001H0571F0571|3|1|1|3|52UZPE01152001T02MT02EBS001|900091143|CC|MT02|PSICOLOGO|52UZPE01152001T02MT02EBS001H0571F0571CF571|2025-07-09|1||1||3||2||2|2|11|2|2|2|7||2|13|0||1||1||1||1||2|3|3|1|1|1|1|2|2|2|2|2|2||2|2|1|1||6||1|2|2|1|2|1|2|2|1|52UZPE01152001T02MT02EBS001H057152UZPE01152001T02MT02EBS001H0571F0571
2|417|1|52|UZPE011|52001|T02|MT04|SAN FELIPE|CARRERA291250|-77.285263|1.215143||52UZPE01152001T02MT04EBS001H0572|52UZPE01152001T02MT04EBS001H0572F0572|3|1|1|2|52UZPE01152001T02MT04EBS001|900091143|CC|MT04|GESTORCOMUNITARIO|52UZPE01152001T02MT04EBS001H0572F0572CF572|2025-07-09|1||1||3||1||0|2|11|5|2|2|20||2|13|0||1||1||1||1||1|2|3|4|1|1|1|2|2|2|2|2|2||2|2|2|2||6||2|2|2|1|2|1|2|2|1|52UZPE01152001T02MT04EBS001H057252UZPE01152001T02MT04EBS001H0572F0572
2|418|1|52|UZPE011|52001|T02|MT04|SAN FELIPE|CRA261383|-77.282861|1.214147||52UZPE01152001T02MT04EBS001H0573|52UZPE01152001T02MT04EBS001H0573F0573|1|1|1|3|52UZPE01152001T02MT04EBS001|900091143|CC|MT04|AUXILIARDEENFERMERIA|52UZPE01152001T02MT04EBS001H0573F0573CF573|2025-07-09|1||1||3||1||2|2|11|5|2|2|20||1|13|0||1||1||1||1||1|3|1|1|1|1|1|2|2|2|2|2|2||2|2|1|1||6||1|2|2|1|1|1|2|2|1|52UZPE01152001T02MT04EBS001H057352UZPE01152001T02MT04EBS001H0573F0573
2|419|1|52|UZPE011|52001|T02|MT04|SAN FELIPE|CARRERA291206|-77.285454|1.214817||52UZPE01152001T02MT04EBS001H0574|52UZPE01152001T02MT04EBS001H0574F0574|3|1|1|1|52UZPE01152001T02MT04EBS001|900091143|CC|MT04|AUXILIARDEENFERMERIA|52UZPE01152001T02MT04EBS001H0574F0574CF574|2025-07-09|4||1||3||1||1|2|11|5|2|2|20||2|13|0||1||1||1||1||1|1|1|1|1|1|1|2|2|2|2|2|2||2|2|1|1||6||1|2|2|1|1|1|2|2|1|52UZPE01152001T02MT04EBS001H057452UZPE01152001T02MT04EBS001H0574F0574
2|420|1|52|UZPE011|52001|T02|MT04|SAN FELIPE|CALLE142621|-77.282738|1.214401||52UZPE01152001T02MT04EBS001H0575|52UZPE01152001T02MT04EBS001H0575F0575|2|1|1|1|52UZPE01152001T02MT04EBS001|900091143|CC|MT04|ENFERMERA|52UZPE01152001T02MT04EBS001H0575F0575CF575|2025-07-09|1||1||3||2||1|2|11|5|2|2|20||1|13|0||1||1||1||1||2|1|1|1|1|1|1|2|2|2|2|2|2||2|2|1|1||6||1|2|2|1|1|1|2|2|1|52UZPE01152001T02MT04EBS001H057552UZPE01152001T02MT04EBS001H0575F0575
2|421|1|52|UZPE011|52001|T02|MT04|SAN FELIPE|CALLE142639|-77.282743|1.214554||52UZPE01152001T02MT04EBS001H0576|52UZPE01152001T02MT04EBS001H0576F0576|3|2|2|2|52UZPE01152001T02MT04EBS001|900091143|CC|MT04|GESTORCOMUNITARIO|52UZPE01152001T02MT04EBS001H0576F0576CF576|2025-07-09|1||1||3||1||3|2|11|5|3|2|20||2|13|0||1||1||1||1||7|1|1|4|1|1|2|2|2|2|2|2|2||2|2|1|1||6||1|2|2|1|2|1|2|2|1|52UZPE01152001T02MT04EBS001H057652UZPE01152001T02MT04EBS001H0576F0576
2|422|1|52|UZPE011|52001|T02|MT04|SAN FELIPE|CALLE142639|-77.282743|1.214554||52UZPE01152001T02MT04EBS001H0577|52UZPE01152001T02MT04EBS001H0577F0577|3|2|2|2|52UZPE01152001T02MT04EBS001|900091143|CC|MT04|GESTORCOMUNITARIO|52UZPE01152001T02MT04EBS001H0577F0577CF577|2025-07-09|1||1||3||1||3|2|11|5|3|2|20||2|13|0||1||1||1||1||7|1|1|4|1|1|3|2|2|2|2|2|2||2|2|1|1||6||1|2|2|1|2|1|2|2|1|52UZPE01152001T02MT04EBS001H057752UZPE01152001T02MT04EBS001H0577F0577
2|423|1|52|UZPE011|52001|T02|MT04|SAN FELIPE|CRA271472|-77.282358|1.215337||52UZPE01152001T02MT04EBS001H0578|52UZPE01152001T02MT04EBS001H0578F0578|2|2|2|4|52UZPE01152001T02MT04EBS001|900091143|CC|MT04|AUXILIARDEENFERMERIA|52UZPE01152001T02MT04EBS001H0578F0578CF578|2025-07-10|1||1||3||1||3|2|11|5|2|2|20||2|13|0||1||1||1||1||2|2|3|1|1|1|1|2|2|2|2|2|2||2|2|2|1||6||2|2|2|1|1|1|2|2|1|52UZPE01152001T02MT04EBS001H057852UZPE01152001T02MT04EBS001H0578F0578
2|424|1|52|UZPE011|52001|T02|MT04|SAN FELIPE|CRA271472|-77.282358|1.215337||52UZPE01152001T02MT04EBS001H0579|52UZPE01152001T02MT04EBS001H0579F0579|2|2|2|4|52UZPE01152001T02MT04EBS001|900091143|CC|MT04|AUXILIARDEENFERMERIA|52UZPE01152001T02MT04EBS001H0579F0579CF579|2025-07-10|1||1||3||1||3|2|11|5|2|2|20||2|13|0||1||1||1||1||2|2|1|1|1|1|1|2|2|2|2|2|2||2|2|1|1||6||1|2|2|1|1|1|2|2|1|52UZPE01152001T02MT04EBS001H057952UZPE01152001T02MT04EBS001H0579F0579
2|425|1|52|UZPE011|52001|T02|MT04|SAN FELIPE|CRA271472APTO2|-77.282419|1.215322||52UZPE01152001T02MT04EBS001H0580|52UZPE01152001T02MT04EBS001H0580F0580|1|1|1|1|52UZPE01152001T02MT04EBS001|900091143|CC|MT04|ENFERMERA|52UZPE01152001T02MT04EBS001H0580F0580CF580|2025-07-10|4||1||3||1||1|2|11|5|2|2|20||1|13|0||1||1||1||1||7|1|1|1|1|1|1|2|2|2|2|2|2||2|2|2|2||6||2|2|2|1|1|1|2|2|1|52UZPE01152001T02MT04EBS001H058052UZPE01152001T02MT04EBS001H0580F0580
2|426|1|52|UZPE011|52001|T02|MT04|SAN FELIPE|CRA271462|-77.282582|1.215263||52UZPE01152001T02MT04EBS001H0581|52UZPE01152001T02MT04EBS001H0581F0581|1|2|2|4|52UZPE01152001T02MT04EBS001|900091143|CC|MT04|ENFERMERA|52UZPE01152001T02MT04EBS001H0581F0581CF581|2025-07-10|1||2||5||2||2|2|10|5|1|2|3||2|13|0||1||1||1||1||2|2|3|1|1|1|1|2|2|2|2|2|2||2|2|2|2||6||2|2|2|1|1|1|2|2|1|52UZPE01152001T02MT04EBS001H058152UZPE01152001T02MT04EBS001H0581F0581
2|427|1|52|UZPE011|52001|T02|MT04|SAN FELIPE|CRA271462|-77.282582|1.215263||52UZPE01152001T02MT04EBS001H0582|52UZPE01152001T02MT04EBS001H0582F0582|1|2|2|4|52UZPE01152001T02MT04EBS001|900091143|CC|MT04|ENFERMERA|52UZPE01152001T02MT04EBS001H0582F0582CF582|2025-07-10|1||2||5||2||2|2|10|5|1|2|3||2|13|0||1||1||1||1||1|4|1|1|1|1|1|2|2|2|2|2|2||2|2|2|1||6||2|2|2|1|1|1|2|2|1|52UZPE01152001T02MT04EBS001H058252UZPE01152001T02MT04EBS001H0582F0582
2|428|1|52|UZPE011|52001|T02|MT04|SAN FELIPE|CRA261360|-77.282979|1.214018||52UZPE01152001T02MT04EBS001H0583|52UZPE01152001T02MT04EBS001H0583F0583|3|1|1|2|52UZPE01152001T02MT04EBS001|900091143|CC|MT04|AUXILIARDEENFERMERIA|52UZPE01152001T02MT04EBS001H0583F0583CF583|2025-07-08|1||1||3||2||2|2|11|5|2|2|19||2|13|0||1||1||1||1||1|2|1|1|1|1|1|2|2|2|2|2|2||2|2|1|1||6||1|2|2|1|2|1|2|2|1|52UZPE01152001T02MT04EBS001H058352UZPE01152001T02MT04EBS001H0583F0583
2|429|1|52|UZPE011|52001|T02|MT04|SAN FELIPE|CARRERA271488|-77.282291|1.215359||52UZPE01152001T02MT04EBS001H0584|52UZPE01152001T02MT04EBS001H0584F0584|3|1|1|2|52UZPE01152001T02MT04EBS001|900091143|CC|MT04|AUXILIARDEENFERMERIA|52UZPE01152001T02MT04EBS001H0584F0584CF584|2025-07-11|1||2||4||2||1|2|11|5|2|1|8||2|13|0||1||1||1||1||7|1|1|1|1|1|1|2|2|2|2|2|2||2|2|1|1||6||1|2|2|1|1|1|2|2|1|52UZPE01152001T02MT04EBS001H058452UZPE01152001T02MT04EBS001H0584F0584
2|430|1|52|UZPE011|52001|T02|MT04|SAN FELIPE|CALLE142682|-77.282877|1.214904||52UZPE01152001T02MT04EBS001H0585|52UZPE01152001T02MT04EBS001H0585F0585|3|2|2|3|52UZPE01152001T02MT04EBS001|900091143|CC|MT04|GESTORCOMUNITARIO|52UZPE01152001T02MT04EBS001H0585F0585CF585|2025-07-11|1||1||3||1||2|2|11|5|2|2|20||2|13|0||1||1||1||1||1|2|1|1|1|1|2|2|2|2|2|2|2||2|2|2|1||6||2|2|2|1|2|1|2|2|1|52UZPE01152001T02MT04EBS001H058552UZPE01152001T02MT04EBS001H0585F0585
2|431|1|52|UZPE011|52001|T02|MT04|SAN FELIPE|CALLE142682|-77.282877|1.214904||52UZPE01152001T02MT04EBS001H0586|52UZPE01152001T02MT04EBS001H0586F0586|3|2|2|3|52UZPE01152001T02MT04EBS001|900091143|CC|MT04|GESTORCOMUNITARIO|52UZPE01152001T02MT04EBS001H0586F0586CF586|2025-07-11|1||1||3||1||2|2|11|5|2|2|20||2|13|0||1||1||1||1||1|1|1|4|1|1|2|2|2|2|2|2|2||2|2|2|1||6||2|2|2|1|1|1|2|2|1|52UZPE01152001T02MT04EBS001H058652UZPE01152001T02MT04EBS001H0586F0586
2|432|1|52|UZPE011|52001|T02|MT04|SAN FELIPE|CRA271214A1|-77.284521|1.214122||52UZPE01152001T02MT04EBS001H0587|52UZPE01152001T02MT04EBS001H0587F0587|1|3|3|4|52UZPE01152001T02MT04EBS001|900091143|CC|MT04|AUXILIARDEENFERMERIA|52UZPE01152001T02MT04EBS001H0587F0587CF587|2025-07-10|1||1||3||2||4|1|11|5|2|2|20||1|13|0||1||1||1||1||7|2|1|1|1|1|1|2|2|2|2|2|2||2|2|2|1||6||2|2|2|1|2|1|2|2|1|52UZPE01152001T02MT04EBS001H058752UZPE01152001T02MT04EBS001H0587F0587
2|433|1|52|UZPE011|52001|T02|MT04|SAN FELIPE|CRA271214A1|-77.284521|1.214122||52UZPE01152001T02MT04EBS001H0588|52UZPE01152001T02MT04EBS001H0588F0588|1|3|3|4|52UZPE01152001T02MT04EBS001|900091143|CC|MT04|AUXILIARDEENFERMERIA|52UZPE01152001T02MT04EBS001H0588F0588CF588|2025-07-10|1||1||3||2||4|1|11|5|2|2|20||1|13|0||1||1||1||1||7|1|3|1|1|1|1|2|2|2|2|2|2||2|2|2|2||6||2|2|2|1|1|1|2|2|1|52UZPE01152001T02MT04EBS001H058852UZPE01152001T02MT04EBS001H0588F0588
2|434|1|52|UZPE011|52001|T02|MT04|SAN FELIPE|CRA271214A1|-77.284521|1.214122||52UZPE01152001T02MT04EBS001H0589|52UZPE01152001T02MT04EBS001H0589F0589|1|3|3|4|52UZPE01152001T02MT04EBS001|900091143|CC|MT04|AUXILIARDEENFERMERIA|52UZPE01152001T02MT04EBS001H0589F0589CF589|2025-07-10|1||1||3||2||4|1|11|5|2|2|20||1|13|0||1||1||1||1||7|1|3|1|1|1|1|2|2|2|2|2|2||2|2|2|2||6||2|2|2|1|1|1|2|2|1|52UZPE01152001T02MT04EBS001H058952UZPE01152001T02MT04EBS001H0589F0589
2|435|1|52|UZPE011|52001|T02|MT04|SAN FELIPE|CRA271214A2|-77.284621|1.213884||52UZPE01152001T02MT04EBS001H0590|52UZPE01152001T02MT04EBS001H0590F0590|1|5|5|5|52UZPE01152001T02MT04EBS001|900091143|CC|MT04|ENFERMERA|52UZPE01152001T02MT04EBS001H0590F0590CF590|2025-07-10|1||1||3||2||4|1|11|5|2|2|20||1|13|0||1||1||1||1||7|1|3|1|1|1|1|2|2|2|2|2|2||2|2|2|2||6||2|2|2|1|1|1|2|2|1|52UZPE01152001T02MT04EBS001H059052UZPE01152001T02MT04EBS001H0590F0590
2|436|1|52|UZPE011|52001|T02|MT04|SAN FELIPE|CRA271214A2|-77.284621|1.213884||52UZPE01152001T02MT04EBS001H0591|52UZPE01152001T02MT04EBS001H0591F0591|1|5|5|5|52UZPE01152001T02MT04EBS001|900091143|CC|MT04|ENFERMERA|52UZPE01152001T02MT04EBS001H0591F0591CF591|2025-07-10|1||1||3||2||4|1|11|5|2|2|20||1|13|0||1||1||1||1||7|1|3|1|1|1|1|2|2|2|2|2|2||2|2|2|2||6||2|2|2|1|1|1|2|2|1|52UZPE01152001T02MT04EBS001H059152UZPE01152001T02MT04EBS001H0591F0591
2|437|1|52|UZPE011|52001|T02|MT04|SAN FELIPE|CRA271214A2|-77.284621|1.213884||52UZPE01152001T02MT04EBS001H0592|52UZPE01152001T02MT04EBS001H0592F0592|1|5|5|5|52UZPE01152001T02MT04EBS001|900091143|CC|MT04|ENFERMERA|52UZPE01152001T02MT04EBS001H0592F0592CF592|2025-07-10|1||1||3||2||4|1|11|5|2|2|20||1|13|0||1||1||1||1||7|1|3|1|1|1|1|2|2|2|2|2|2||2|2|2|2||6||2|2|2|1|1|1|2|2|1|52UZPE01152001T02MT04EBS001H059252UZPE01152001T02MT04EBS001H0592F0592
2|438|1|52|UZPE011|52001|T02|MT04|SAN FELIPE|CRA271214A2|-77.284621|1.213884||52UZPE01152001T02MT04EBS001H0593|52UZPE01152001T02MT04EBS001H0593F0593|1|5|5|5|52UZPE01152001T02MT04EBS001|900091143|CC|MT04|ENFERMERA|52UZPE01152001T02MT04EBS001H0593F0593CF593|2025-07-10|1||1||3||2||4|1|11|5|2|2|20||1|13|0||1||1||1||1||7|1|2|1|1|1|1|2|2|2|2|2|2||2|2|2|1||6||2|2|2|1|1|1|2|2|1|52UZPE01152001T02MT04EBS001H059352UZPE01152001T02MT04EBS001H0593F0593
2|439|1|52|UZPE011|52001|T02|MT04|SAN FELIPE|CRA271214A2|-77.284621|1.213884||52UZPE01152001T02MT04EBS001H0594|52UZPE01152001T02MT04EBS001H0594F0594|1|5|5|5|52UZPE01152001T02MT04EBS001|900091143|CC|MT04|ENFERMERA|52UZPE01152001T02MT04EBS001H0594F0594CF594|2025-07-10|1||1||3||2||4|1|11|5|2|2|20||1|13|0||1||1||1||1||7|1|1|1|1|1|1|2|2|2|2|2|2||2|2|2|2||6||2|2|2|1|1|1|2|2|1|52UZPE01152001T02MT04EBS001H059452UZPE01152001T02MT04EBS001H0594F0594
2|440|1|52|UZPE011|52001|T02|MT04|SAN FELIPE|CRA271214A3|-77.284547|1.214071||52UZPE01152001T02MT04EBS001H0595|52UZPE01152001T02MT04EBS001H0595F0595|1|1|1|1|52UZPE01152001T02MT04EBS001|900091143|CC|MT04|AUXILIARDEENFERMERIA|52UZPE01152001T02MT04EBS001H0595F0595CF595|2025-07-10|1||1||3||2||1|2|11|5|2|2|20||1|13|0||1||1||1||1||7|1|1|1|1|1|1|2|2|2|2|2|2||2|2|2|1||6||2|2|2|1|1|1|2|2|1|52UZPE01152001T02MT04EBS001H059552UZPE01152001T02MT04EBS001H0595F0595
2|441|1|52|UZPE011|52001|T02|MT04|SAN FELIPE|CRA261249|-77.284077|1.213726||52UZPE01152001T02MT04EBS001H0596|52UZPE01152001T02MT04EBS001H0596F0596|3|1|1|1|52UZPE01152001T02MT04EBS001|900091143|CC|MT04|AUXILIARDEENFERMERIA|52UZPE01152001T02MT04EBS001H0596F0596CF596|2025-07-13|1||1||3||4||1|2|11|5|2|2|20||2|13|0||1||1||1||1||7|1|2|1|1|1|1|2|2|2|2|2|2||2|2|2|1||6||2|2|2|1|2|1|2|2|1|52UZPE01152001T02MT04EBS001H059652UZPE01152001T02MT04EBS001H0596F0596
2|442|1|52|UZPE011|52001|T02|MT04|SAN FELIPE|CARRERA261551|-77.281395|1.214915||52UZPE01152001T02MT04EBS001H0597|52UZPE01152001T02MT04EBS001H0597F0597|3|1|1|1|52UZPE01152001T02MT04EBS001|900091143|CC|MT04|AUXILIARDEENFERMERIA|52UZPE01152001T02MT04EBS001H0597F0597CF597|2025-07-14|4||1||3||4||1|2|11|5|1|2|20||2|13|0||1||1||1||1||7|1|1|1|1|1|2|2|2|2|2|2|2||2|2|1|1||6||1|2|2|1|1|1|2|2|1|52UZPE01152001T02MT04EBS001H059752UZPE01152001T02MT04EBS001H0597F0597
2|443|1|52|UZPE011|52001|T02|MT04|SAN FELIPE|CALLE152630|-77.281904|1.214806||52UZPE01152001T02MT04EBS001H0598|52UZPE01152001T02MT04EBS001H0598F0598|3|1|1|2|52UZPE01152001T02MT04EBS001|900091143|CC|MT04|GESTORCOMUNITARIO|52UZPE01152001T02MT04EBS001H0598F0598CF598|2025-07-14|4||1||3||1||1|2|11|5|2|2|20||1|13|0||1||1||1||1||1|2|3|4|1|1|1|2|2|2|2|2|2||2|2|2|1||6||2|2|2|1|1|1|2|2|1|52UZPE01152001T02MT04EBS001H059852UZPE01152001T02MT04EBS001H0598F0598
2|444|1|52|UZPE011|52001|T02|MT04|SAN FELIPE|CALLE152634|-77.281272|1.214842||52UZPE01152001T02MT04EBS001H0599|52UZPE01152001T02MT04EBS001H0599F0599|2|1|1|3|52UZPE01152001T02MT04EBS001|900091143|CC|MT04|AUXILIARDEENFERMERIA|52UZPE01152001T02MT04EBS001H0599F0599CF599|2025-07-14|1||1||3||4||2|2|11|5|2|2|20||1|13|0||1||1||1||1||1|3|2|1|1|1|1|2|2|2|2|2|2||2|2|2|1||6||2|2|2|1|1|1|2|2|1|52UZPE01152001T02MT04EBS001H059952UZPE01152001T02MT04EBS001H0599F0599
2|445|1|52|UZPE011|52001|T02|MT04|SAN FELIPE|CALLE162563|-77.280865|1.214602||52UZPE01152001T02MT04EBS001H0600|52UZPE01152001T02MT04EBS001H0600F0600|3|1|1|1|52UZPE01152001T02MT04EBS001|900091143|CC|MT04|GESTORCOMUNITARIO|52UZPE01152001T02MT04EBS001H0600F0600CF600|2025-07-14|5||2||3||2||1|2|11|5|2|1|20||2|13|0||1||1||1||1||7|1|1|4|1|1|2|2|2|2|2|2|2||2|2|1|1||6||1|2|2|1|2|1|2|2|1|52UZPE01152001T02MT04EBS001H060052UZPE01152001T02MT04EBS001H0600F0600
2|446|1|52|UZPE011|52001|T02|MT04|SAN FELIPE|CALLE162563|-77.280882|1.214605||52UZPE01152001T02MT04EBS001H0601|52UZPE01152001T02MT04EBS001H0601F0601|1|1|1|1|52UZPE01152001T02MT04EBS001|900091143|CC|MT04|ENFERMERA|52UZPE01152001T02MT04EBS001H0601F0601CF601|2025-07-14|5||1||3||1||1|2|11|4|2|2|20||2|13|0||1||1||1||1||7|1|1|1|1|1|1|2|2|2|2|2|2||2|2|1|1||6||1|2|2|1|1|1|2|2|1|52UZPE01152001T02MT04EBS001H060152UZPE01152001T02MT04EBS001H0601F0601
2|447|1|52|UZPE011|52001|T02|MT04|SAN FELIPE|CALLE162563C|-77.280894|1.214469||52UZPE01152001T02MT04EBS001H0602|52UZPE01152001T02MT04EBS001H0602F0602|3|1|1|3|52UZPE01152001T02MT04EBS001|900091143|CC|MT04|AUXILIARDEENFERMERIA|52UZPE01152001T02MT04EBS001H0602F0602CF602|2025-07-14|5||1||3||2||2|2|11|5|2|2|20||2|13|0||1||1||1||1||7|1|3|1|1|1|1|2|2|2|2|2|2||2|2|1|2||6||1|2|2|1|1|1|2|2|1|52UZPE01152001T02MT04EBS001H060252UZPE01152001T02MT04EBS001H0602F0602
2|448|1|52|UZPE011|52001|T02|MT04|SAN FELIPE|CALLE16CRA252563|-77.280874|1.214599||52UZPE01152001T02MT04EBS001H0603|52UZPE01152001T02MT04EBS001H0603F0603|1|1|1|3|52UZPE01152001T02MT04EBS001|900091143|CC|MT04|AUXILIARDEENFERMERIA|52UZPE01152001T02MT04EBS001H0603F0603CF603|2025-07-14|5||1||1||2||1|2|10|5|2|2|10||2|13|0||1||1||1||1||1|3|1|1|1|1|2|2|2|2|2|2|2||2|2|2|2||6||2|2|2|1|1|1|2|2|1|52UZPE01152001T02MT04EBS001H060352UZPE01152001T02MT04EBS001H0603F0603
2|449|1|52|UZPE011|52001|T02|MT04|SAN FELIPE|CALLE152581|-77.281751|1.214402||52UZPE01152001T02MT04EBS001H0604|52UZPE01152001T02MT04EBS001H0604F0604|3|2|2|2|52UZPE01152001T02MT04EBS001|900091143|CC|MT04|AUXILIARDEENFERMERIA|52UZPE01152001T02MT04EBS001H0604F0604CF604|2025-07-15|1||1||3||2||1|2|5|5|2|2|8||1|13|0||1||1||1||1||4|1|1|1|1|1|1|2|2|2|2|2|2||2|2|1|1||6||1|2|2|1|1|1|2|2|1|52UZPE01152001T02MT04EBS001H060452UZPE01152001T02MT04EBS001H0604F0604
2|450|1|52|UZPE011|52001|T02|MT04|SAN FELIPE|CALLE152581|-77.281751|1.214402||52UZPE01152001T02MT04EBS001H0605|52UZPE01152001T02MT04EBS001H0605F0605|3|2|2|2|52UZPE01152001T02MT04EBS001|900091143|CC|MT04|AUXILIARDEENFERMERIA|52UZPE01152001T02MT04EBS001H0605F0605CF605|2025-07-15|1||1||3||2||1|2|5|5|2|2|8||1|13|0||1||1||1||1||7|1|1|1|1|1|2|2|2|2|2|2|2||2|2|1|1||6||1|2|2|1|1|1|2|2|1|52UZPE01152001T02MT04EBS001H060552UZPE01152001T02MT04EBS001H0605F0605
2|451|1|52|UZPE011|52001|T02|MT04|SAN FELIPE|CALLE152523|-77.281563|1.213845||52UZPE01152001T02MT04EBS001H0606|52UZPE01152001T02MT04EBS001H0606F0606|3|2|2|2|52UZPE01152001T02MT04EBS001|900091143|CC|MT04|AUXILIARDEENFERMERIA|52UZPE01152001T02MT04EBS001H0606F0606CF606|2025-07-15|5||1||3||2||1|2|5|5|2|2|19||2|13|0||1||1||1||1||7|1|1|3|1|1|2|2|2|2|2|2|2||2|2|1|1||6||1|2|2|1|1|1|2|2|1|52UZPE01152001T02MT04EBS001H060652UZPE01152001T02MT04EBS001H0606F0606
2|452|1|52|UZPE011|52001|T02|MT04|SAN FELIPE|CALLE152523|-77.281563|1.213845||52UZPE01152001T02MT04EBS001H0607|52UZPE01152001T02MT04EBS001H0607F0607|3|2|2|2|52UZPE01152001T02MT04EBS001|900091143|CC|MT04|AUXILIARDEENFERMERIA|52UZPE01152001T02MT04EBS001H0607F0607CF607|2025-07-15|5||1||3||2||1|2|5|5|2|2|19||2|13|0||1||1||1||1||7|1|3|1|1|1|2|2|2|2|2|2|2||2|2|1|2||6||1|2|2|1|1|1|2|2|1|52UZPE01152001T02MT04EBS001H060752UZPE01152001T02MT04EBS001H0607F0607
2|453|1|52|UZPE011|52001|T02|MT04|SAN FELIPE|CALLE152523|-77.281567|1.213845||52UZPE01152001T02MT04EBS001H0608|52UZPE01152001T02MT04EBS001H0608F0608|3|1|1|1|52UZPE01152001T02MT04EBS001|900091143|CC|MT04|GESTORCOMUNITARIO|52UZPE01152001T02MT04EBS001H0608F0608CF608|2025-07-15|5||2||3||4||1|2|11|5|2|2|19||2|13|0||1||1||1||1||7|1|1|4|1|1|2|2|2|2|2|2|2||2|2|1|1||6||1|2|2|1|1|1|2|2|1|52UZPE01152001T02MT04EBS001H060852UZPE01152001T02MT04EBS001H0608F0608
2|454|1|52|UZPE011|52001|T02|MT04|SAN FELIPE|CARRERA261478|-77.282015|1.214481||52UZPE01152001T02MT04EBS001H0609|52UZPE01152001T02MT04EBS001H0609F0609|3|1|1|2|52UZPE01152001T02MT04EBS001|900091143|CC|MT04|GESTORCOMUNITARIO|52UZPE01152001T02MT04EBS001H0609F0609CF609|2025-07-15|4||2||4||4||3|2|11|5|2|2|20||2|9,10|2||1||1||1||1||1|3|1|4|1|1|2|2|2|2|2|2|2||2|2|1|1||6||1|2|2|1|1|1|2|2|1|52UZPE01152001T02MT04EBS001H060952UZPE01152001T02MT04EBS001H0609F0609
2|455|1|52|UZPE011|52001|T02|MT04|SAN FELIPE|CARRERA261478APARTAMENTO2|-77.282069|1.214505||52UZPE01152001T02MT04EBS001H0610|52UZPE01152001T02MT04EBS001H0610F0610|3|1|1|3|52UZPE01152001T02MT04EBS001|900091143|CC|MT04|GESTORCOMUNITARIO|52UZPE01152001T02MT04EBS001H0610F0610CF610|2025-07-15|4||1||4||4||1|2|11|5|2|2|20||2|9,10|2||1||1||1||1||1|2|1|4|1|1|2|2|2|2|2|2|2||2|2|2|1||6||2|2|2|1|1|1|2|2|1|52UZPE01152001T02MT04EBS001H061052UZPE01152001T02MT04EBS001H0610F0610
2|456|1|52|UZPE011|52001|T02|MT04|SAN FELIPE|CALLE162645EDIFICIONAPOLIS|-77.281359|1.215157||52UZPE01152001T02MT04EBS001H0611|52UZPE01152001T02MT04EBS001H0611F0611|3|1|1|1|52UZPE01152001T02MT04EBS001|900091143|CC|MT04|AUXILIARDEENFERMERIA|52UZPE01152001T02MT04EBS001H0611F0611CF611|2025-07-15|4||1||1||1||1|2|11|5|2|2|20||2|13|0||1||1||1||1||7|1|1|1|1|1|2|2|2|2|2|2|2||2|2|1|1||6||1|2|2|1|2|1|2|2|1|52UZPE01152001T02MT04EBS001H061152UZPE01152001T02MT04EBS001H0611F0611
2|457|1|52|UZPE011|52001|T02|MT04|SAN FELIPE|CALLE162645EDIFICIONAPOLES|-77.281395|1.215142||52UZPE01152001T02MT04EBS001H0612|52UZPE01152001T02MT04EBS001H0612F0612|3|1|1|1|52UZPE01152001T02MT04EBS001|900091143|CC|MT04|AUXILIARDEENFERMERIA|52UZPE01152001T02MT04EBS001H0612F0612CF612|2025-07-15|4||1||3||1||2|2|11|5|2|2|20||2|13|0||1||1||1||1||7|1|3|1|1|1|1|2|2|2|2|2|2||2|2|1|2||6||1|2|2|1|1|1|2|2|1|52UZPE01152001T02MT04EBS001H061252UZPE01152001T02MT04EBS001H0612F0612
2|458|1|52|UZPE011|52001|T02|MT04|SAN FELIPE|CALLE162645|-77.281139|1.215331||52UZPE01152001T02MT04EBS001H0613|52UZPE01152001T02MT04EBS001H0613F0613|3|1|1|2|52UZPE01152001T02MT04EBS001|900091143|CC|MT04|GESTORCOMUNITARIO|52UZPE01152001T02MT04EBS001H0613F0613CF613|2025-07-16|4||1||1||1||1|2|11|5|2|2|20||2|13|0||1||1||1||1||1|2|1|4|1|1|2|2|2|2|2|2|2||2|2|2|1||6||2|2|2|1|1|1|2|2|1|52UZPE01152001T02MT04EBS001H061352UZPE01152001T02MT04EBS001H0613F0613
2|459|1|52|UZPE011|52001|T02|MT04|SAN FELIPE|CALLE162645|-77.281414|1.215045||52UZPE01152001T02MT04EBS001H0614|52UZPE01152001T02MT04EBS001H0614F0614|3|1|1|2|52UZPE01152001T02MT04EBS001|900091143|CC|MT04|AUXILIARDEENFERMERIA|52UZPE01152001T02MT04EBS001H0614F0614CF614|2025-07-16|4||1||1||1||1|2|11|5|2|2|17||2|13|0||1||1||1||1||1|2|1|1|1|1|2|2|2|2|2|2|2||2|2|1|1||6||1|2|2|1|2|1|2|2|1|52UZPE01152001T02MT04EBS001H061452UZPE01152001T02MT04EBS001H0614F0614
2|460|1|52|UZPE011|52001|T02|MT04|SAN FELIPE|CALLE142564|-77.282473|1.213944||52UZPE01152001T02MT04EBS001H0615|52UZPE01152001T02MT04EBS001H0615F0615|3|1|1|2|52UZPE01152001T02MT04EBS001|900091143|CC|MT04|AUXILIARDEENFERMERIA|52UZPE01152001T02MT04EBS001H0615F0615CF615|2025-07-16|4||1||3||1||1|2|11|5|1|2|20||1|13|0||1||1||1||1||1|2|1|1|1|1|1|2|2|2|2|2|2||2|2|1|1||6||1|2|2|1|1|1|2|2|1|52UZPE01152001T02MT04EBS001H061552UZPE01152001T02MT04EBS001H0615F0615
2|461|1|52|UZPE011|52001|T02|MT04|SAN FELIPE|CALLE152581|-77.281671|1.214365||52UZPE01152001T02MT04EBS001H0616|52UZPE01152001T02MT04EBS001H0616F0616|3|1|1|2|52UZPE01152001T02MT04EBS001|900091143|CC|MT04|AUXILIARDEENFERMERIA|52UZPE01152001T02MT04EBS001H0616F0616CF616|2025-07-16|5||2||4||2||1|2|5|5|2|1|7||2|13|0||1||1||1||1||1|2|1|1|1|1|2|2|2|2|2|2|2||2|2|1|1||6||1|2|2|1|1|1|2|2|1|52UZPE01152001T02MT04EBS001H061652UZPE01152001T02MT04EBS001H0616F0616
2|462|1|52|UZPE011|52001|T02|MT04|SAN FELIPE|CRA271684A1|-77.280662|1.216021||52UZPE01152001T02MT04EBS001H0617|52UZPE01152001T02MT04EBS001H0617F0617|3|1|1|1|52UZPE01152001T02MT04EBS001|900091143|CC|MT04|ENFERMERA|52UZPE01152001T02MT04EBS001H0617F0617CF617|2025-07-17|1||1||3||2||2|2|11|5|2|2|20||2|13|0||1||1||1||1||7|1|1|1|1|1|2|2|2|2|2|2|2||2|2|1|2||6||1|2|2|1|1|1|2|2|1|52UZPE01152001T02MT04EBS001H061752UZPE01152001T02MT04EBS001H0617F0617
2|463|1|52|UZPE011|52001|T02|MT04|SAN FELIPE|CRA271684A2|-77.280662|1.216021||52UZPE01152001T02MT04EBS001H0618|52UZPE01152001T02MT04EBS001H0618F0618|3|1|1|1|52UZPE01152001T02MT04EBS001|900091143|CC|MT04|AUXILIARDEENFERMERIA|52UZPE01152001T02MT04EBS001H0618F0618CF618|2025-07-17|4||1||3||2||2|2|11|5|2|2|20||2|13|0||1||1||1||1||1|1|1|1|1|1|1|2|2|2|2|2|2||2|2|2|1||6||2|2|2|1|1|1|2|2|1|52UZPE01152001T02MT04EBS001H061852UZPE01152001T02MT04EBS001H0618F0618
2|464|1|52|UZPE011|52001|T02|MT04|SAN FELIPE|CALLE122549|-77.284009|1.213051||52UZPE01152001T02MT04EBS001H0619|52UZPE01152001T02MT04EBS001H0619F0619|3|2|2|2|52UZPE01152001T02MT04EBS001|900091143|CC|MT04|AUXILIARDEENFERMERIA|52UZPE01152001T02MT04EBS001H0619F0619CF619|2025-07-20|1||1||1||1||2|2|11|5|3|2|20||2|13|0||1||1||1||1||7|1|1|1|1|1|2|2|2|2|2|2|2||2|2|1|1||6||1|2|2|1|2|1|2|2|1|52UZPE01152001T02MT04EBS001H061952UZPE01152001T02MT04EBS001H0619F0619
2|465|1|52|UZPE011|52001|T02|MT04|SAN FELIPE|CALLE122549|-77.284009|1.213051||52UZPE01152001T02MT04EBS001H0620|52UZPE01152001T02MT04EBS001H0620F0620|3|2|2|2|52UZPE01152001T02MT04EBS001|900091143|CC|MT04|AUXILIARDEENFERMERIA|52UZPE01152001T02MT04EBS001H0620F0620CF620|2025-07-20|1||1||1||1||2|2|11|5|3|2|20||2|13|0||1||1||1||1||7|2|1|1|1|1|2|2|2|2|2|2|2||2|2|1|1||6||1|2|2|1|2|1|2|2|1|52UZPE01152001T02MT04EBS001H062052UZPE01152001T02MT04EBS001H0620F0620
2|466|1|52|UZPE011|52001|T02|MT04|SAN FELIPE|CALLE122579|-77.284263|1.213274||52UZPE01152001T02MT04EBS001H0621|52UZPE01152001T02MT04EBS001H0621F0621|3|1|1|1|52UZPE01152001T02MT04EBS001|900091143|CC|MT04|GESTORCOMUNITARIO|52UZPE01152001T02MT04EBS001H0621F0621CF621|2025-07-11|4||1||3||1||1|2|11|5|2|2|20||1|13|0||1||1||1||1||7|1|1|4|1|1|2|2|2|2|2|2|2||2|2|2|1||6||2|2|2|1|1|1|2|2|1|52UZPE01152001T02MT04EBS001H062152UZPE01152001T02MT04EBS001H0621F0621
2|467|1|52|UZPE011|52001|T02|MT04|SAN FELIPE|CRA261142|-77.284735|1.213219||52UZPE01152001T02MT04EBS001H0622|52UZPE01152001T02MT04EBS001H0622F0622|3|1|1|4|52UZPE01152001T02MT04EBS001|900091143|CC|MT04|AUXILIARDEENFERMERIA|52UZPE01152001T02MT04EBS001H0622F0622CF622|2025-07-20|1||1||3||1||3|2|11|5|2|2|20||1|13|2||1||1||1||1||1|4|1|1|1|1|1|2|2|2|2|2|2||2|2|1|1||6||1|2|2|1|1|1|2|2|1|52UZPE01152001T02MT04EBS001H062252UZPE01152001T02MT04EBS001H0622F0622
2|468|1|52|UZPE011|52001|T02|MT04|SAN FELIPE|CALLE132521|-77.283242|1.213266||52UZPE01152001T02MT04EBS001H0623|52UZPE01152001T02MT04EBS001H0623F0623|3|2|2|2|52UZPE01152001T02MT04EBS001|900091143|CC|MT04|GESTORCOMUNITARIO|52UZPE01152001T02MT04EBS001H0623F0623CF623|2025-07-20|4||1||3||1||2|2|11|5|2|2|20||2|13|0||1||1||1||1||1|1|1|4|1|1|3|2|2|2|2|2|2||2|2|2|1||6||2|2|2|1|1|1|2|2|1|52UZPE01152001T02MT04EBS001H062352UZPE01152001T02MT04EBS001H0623F0623
2|469|1|52|UZPE011|52001|T02|MT04|SAN FELIPE|CALLE132629|-77.283589|1.214227||52UZPE01152001T02MT04EBS001H0624|52UZPE01152001T02MT04EBS001H0624F0624|3|3|3|3|52UZPE01152001T02MT04EBS001|900091143|CC|MT04|AUXILIARDEENFERMERIA|52UZPE01152001T02MT04EBS001H0624F0624CF624|2025-07-21|1||1||3||1||3|2|11|5|2|2|20||2|13|0||1||1||1||1||2|3|1|1|1|1|1|2|2|2|2|2|2||2|2|2|1||6||2|2|2|1|1|1|2|2|1|52UZPE01152001T02MT04EBS001H062452UZPE01152001T02MT04EBS001H0624F0624
2|470|1|52|UZPE011|52001|T02|MT04|SAN FELIPE|CALLE132629|-77.283589|1.214227||52UZPE01152001T02MT04EBS001H0625|52UZPE01152001T02MT04EBS001H0625F0625|3|3|3|3|52UZPE01152001T02MT04EBS001|900091143|CC|MT04|AUXILIARDEENFERMERIA|52UZPE01152001T02MT04EBS001H0625F0625CF625|2025-07-21|1||1||3||1||3|2|11|5|2|2|20||2|13|0||1||1||1||1||2|1|2|1|1|1|1|2|2|2|2|2|2||2|2|2|1||6||2|2|2|1|1|1|2|2|1|52UZPE01152001T02MT04EBS001H062552UZPE01152001T02MT04EBS001H0625F0625
2|471|1|52|UZPE011|52001|T02|MT04|SAN FELIPE|CALLE132629|-77.283589|1.214227||52UZPE01152001T02MT04EBS001H0626|52UZPE01152001T02MT04EBS001H0626F0626|3|3|3|3|52UZPE01152001T02MT04EBS001|900091143|CC|MT04|AUXILIARDEENFERMERIA|52UZPE01152001T02MT04EBS001H0626F0626CF626|2025-07-21|1||1||3||1||3|2|11|5|2|2|20||2|13|0||1||1||1||1||7|3|1|1|1|1|1|2|2|2|2|2|2||2|2|1|1||6||1|2|2|1|1|1|2|2|1|52UZPE01152001T02MT04EBS001H062652UZPE01152001T02MT04EBS001H0626F0626
2|472|1|52|UZPE011|52001|T02|MT04|SAN FELIPE|CARRERA251189|-77.284218|1.212632||52UZPE01152001T02MT04EBS001H0627|52UZPE01152001T02MT04EBS001H0627F0627|1|1|1|1|52UZPE01152001T02MT04EBS001|900091143|CC|MT04|AUXILIARDEENFERMERIA|52UZPE01152001T02MT04EBS001H0627F0627CF627|2025-07-21|5||1||4||2||1|2|11|5|2|2|20||2|13|0||1||1||1||1||7|1|1|1|1|1|2|2|2|2|2|2|2||2|2|1|1||6||1|2|2|1|1|1|2|2|1|52UZPE01152001T02MT04EBS001H062752UZPE01152001T02MT04EBS001H0627F0627
2|473|1|52|UZPE011|52001|T02|MT04|SAN FELIPE|CARRERA251189|-77.284218|1.212632||52UZPE01152001T02MT04EBS001H0628|52UZPE01152001T02MT04EBS001H0628F0628|1|1|1|1|52UZPE01152001T02MT04EBS001|900091143|CC|MT04|AUXILIARDEENFERMERIA|52UZPE01152001T02MT04EBS001H0628F0628CF628|2025-07-21|5||1||4||2||1|2|11|5|2|2|20||2|13|0||1||1||1||1||2|2|1|1|1|1|2|2|2|2|2|2|2||2|2|1|1||6||1|2|2|1|2|1|2|2|1|52UZPE01152001T02MT04EBS001H062852UZPE01152001T02MT04EBS001H0628F0628
2|474|1|52|UZPE011|52001|T02|MT04|SAN FELIPE|CALLE132629APARTAMENTO2|-77.283603|1.214246||52UZPE01152001T02MT04EBS001H0629|52UZPE01152001T02MT04EBS001H0629F0629|3|1|1|1|52UZPE01152001T02MT04EBS001|900091143|CC|MT04|GESTORCOMUNITARIO|52UZPE01152001T02MT04EBS001H0629F0629CF629|2025-07-21|1||1||3||1||1|2|11|5|2|2|20||2|13|0||1||1||1||1||7|1|1|4|1|1|2|2|2|2|2|2|2||2|2|1|1||6||1|2|2|1|1|1|2|2|1|52UZPE01152001T02MT04EBS001H062952UZPE01152001T02MT04EBS001H0629F0629
2|475|1|52|UZPE011|52001|T02|MT04|SAN FELIPE|CALLE15NO250|-77.281563|1.213845||52UZPE01152001T02MT04EBS001H0630|52UZPE01152001T02MT04EBS001H0630F0630|3|1|1|2|52UZPE01152001T02MT04EBS001|900091143|CC|MT04|ENFERMERA|52UZPE01152001T02MT04EBS001H0630F0630CF630|2025-07-16|1||1||3||2||2|2|11|4|2|2|20||2|13|0||1||1||1||1||1|2|1|4|1|3|2|2|2|2|2|2|2||2|2|1|1||6||1|2|2|1|1|1|2|2|1|52UZPE01152001T02MT04EBS001H063052UZPE01152001T02MT04EBS001H0630F0630
2|476|1|52|UZPE011|52001|T02|MT04|SAN FELIPE|CALLE122780|-77.285162|1.214466||52UZPE01152001T02MT04EBS001H0631|52UZPE01152001T02MT04EBS001H0631F0631|3|1|1|1|52UZPE01152001T02MT04EBS001|900091143|CC|MT04|AUXILIARDEENFERMERIA|52UZPE01152001T02MT04EBS001H0631F0631CF631|2025-07-22|1||1||3||2||1|2|11|5|2|2|17||2|13|0||1||1||1||1||7|1|3|1|1|1|1|2|2|2|2|2|2||2|2|2|2||6||2|2|2|1|1|1|2|2|1|52UZPE01152001T02MT04EBS001H063152UZPE01152001T02MT04EBS001H0631F0631
2|477|1|52|UZPE011|52001|T02|MT04|SAN FELIPE|CALLE112450|-77.284503|1.211889||52UZPE01152001T02MT04EBS001H0632|52UZPE01152001T02MT04EBS001H0632F0632|3|1|1|2|52UZPE01152001T02MT04EBS001|900091143|CC|MT04|AUXILIARDEENFERMERIA|52UZPE01152001T02MT04EBS001H0632F0632CF632|2025-07-22|1||1||3||2||2|2|11|5|3|2|20||2|13|0||1||1||1||1||1|2|1|1|1|1|1|2|2|2|2|2|2||2|2|2|1||6||2|2|2|1|1|1|2|2|1|52UZPE01152001T02MT04EBS001H063252UZPE01152001T02MT04EBS001H0632F0632
2|478|1|52|UZPE011|52001|T02|MT04|SAN FELIPE|CARRERA132628|-77.283379|1.214121||52UZPE01152001T02MT04EBS001H0633|52UZPE01152001T02MT04EBS001H0633F0633|3|1|1|1|52UZPE01152001T02MT04EBS001|900091143|CC|MT04|AUXILIARDEENFERMERIA|52UZPE01152001T02MT04EBS001H0633F0633CF633|2025-07-24|4||1||3||1||1|2|11|5|2|2|20||2|13|0||1||1||1||1||7|1|1|3|1|1|2|2|2|2|2|2|2||2|2|1|1||6||1|2|2|1|2|1|2|2|1|52UZPE01152001T02MT04EBS001H063352UZPE01152001T02MT04EBS001H0633F0633
2|479|1|52|UZPE011|52001|T02|MT04|SAN FELIPE|CALLE132628|-77.283354|1.214099||52UZPE01152001T02MT04EBS001H0634|52UZPE01152001T02MT04EBS001H0634F0634|3|3|3|3|52UZPE01152001T02MT04EBS001|900091143|CC|MT04|GESTORCOMUNITARIO|52UZPE01152001T02MT04EBS001H0634F0634CF634|2025-07-24|4||1||3||1||2|2|11|5|2|2|20||2|13|0||1||1||1||1||1|3|1|1|1|1|2|2|2|2|2|2|2||2|2|1|1||6||1|2|2|1|1|1|2|2|1|52UZPE01152001T02MT04EBS001H063452UZPE01152001T02MT04EBS001H0634F0634
2|480|1|52|UZPE011|52001|T02|MT04|SAN FELIPE|CALLE132628|-77.283265|1.214006||52UZPE01152001T02MT04EBS001H0635|52UZPE01152001T02MT04EBS001H0635F0635|3|1|1|1|52UZPE01152001T02MT04EBS001|900091143|CC|MT04|AUXILIARDEENFERMERIA|52UZPE01152001T02MT04EBS001H0635F0635CF635|2025-07-24|4||1||3||1||1|2|11|5|2|2|20||2|13|0||1||1||1||1||7|1|1|1|1|1|2|2|2|2|2|2|2||2|2|2|1||6||2|2|2|1|1|1|2|2|1|52UZPE01152001T02MT04EBS001H063552UZPE01152001T02MT04EBS001H0635F0635
2|481|1|52|UZPE011|52001|T02|MT04|SAN FELIPE|CALLE132628APARTAMENTO303|-77.283461|1.214142||52UZPE01152001T02MT04EBS001H0636|52UZPE01152001T02MT04EBS001H0636F0636|3|1|1|2|52UZPE01152001T02MT04EBS001|900091143|CC|MT04|GESTORCOMUNITARIO|52UZPE01152001T02MT04EBS001H0636F0636CF636|2025-07-24|4||1||3||1||2|2|11|5|2|2|20||2|13|0||1||1||1||1||1|2|1|4|1|1|2|2|2|2|2|2|2||2|2|2|1||6||2|2|2|1|1|1|2|2|1|52UZPE01152001T02MT04EBS001H063652UZPE01152001T02MT04EBS001H0636F0636
2|482|1|52|UZPE011|52001|T02|MT04|SAN FELIPE|CALLE132628EDIFICIOLAPORTADA|-77.283442|1.214142||52UZPE01152001T02MT04EBS001H0637|52UZPE01152001T02MT04EBS001H0637F0637|3|1|1|1|52UZPE01152001T02MT04EBS001|900091143|CC|MT04|AUXILIARDEENFERMERIA|52UZPE01152001T02MT04EBS001H0637F0637CF637|2025-07-24|4||1||3||1||2|2|11|5|2|2|20||2|13|0||1||1||1||1||2|1|1|1|1|1|1|2|2|2|2|2|2||2|2|1|1||6||1|2|2|1|1|1|2|2|1|52UZPE01152001T02MT04EBS001H063752UZPE01152001T02MT04EBS001H0637F0637
2|483|1|52|UZPE011|52001|T02|MT04|SAN FELIPE|CALLE142648|-77.282761|1.214593||52UZPE01152001T02MT04EBS001H0638|52UZPE01152001T02MT04EBS001H0638F0638|3|1|1|1|52UZPE01152001T02MT04EBS001|900091143|CC|MT04|AUXILIARDEENFERMERIA|52UZPE01152001T02MT04EBS001H0638F0638CF638|2025-07-24|1||2||4||2||4|2|11|5|2|2|20||2|13|0||1||1||1||1||1|1|1|1|1|1|2|2|2|2|2|2|2||2|2|2|1||6||2|2|2|1|1|1|2|2|1|52UZPE01152001T02MT04EBS001H063852UZPE01152001T02MT04EBS001H0638F0638
2|484|1|52|UZPE011|52001|T02|MT04|SAN FELIPE|CALLE132628APTO309EDIFICIOLAPORTADA|-77.283532|1.214212||52UZPE01152001T02MT04EBS001H0639|52UZPE01152001T02MT04EBS001H0639F0639|3|1|1|3|52UZPE01152001T02MT04EBS001|900091143|CC|MT04|AUXILIARDEENFERMERIA|52UZPE01152001T02MT04EBS001H0639F0639CF639|2025-07-24|4||1||3||1||2|2|11|5|2|2|20||2|13|0||1||1||1||1||1|3|3|1|1|1|1|2|2|2|2|2|2||2|2|1|2||6||1|2|2|1|1|1|2|2|1|52UZPE01152001T02MT04EBS001H063952UZPE01152001T02MT04EBS001H0639F0639
2|485|1|52|UZPE011|52001|T02|MT04|SAN FELIPE|CRA261594|-77.281023|1.214921||52UZPE01152001T02MT04EBS001H0640|52UZPE01152001T02MT04EBS001H0640F0640|3|2|2|3|52UZPE01152001T02MT04EBS001|900091143|CC|MT04|ENFERMERA|52UZPE01152001T02MT04EBS001H0640F0640CF640|2025-07-24|1||1||6||2||2|2|2|5|2|1|8||1|13|0||1||1||1||1||2|2|1|4|1|1|5|2|2|2|2|2|2||2|2|2|1||6||2|2|2|1|1|1|2|2|1|52UZPE01152001T02MT04EBS001H064052UZPE01152001T02MT04EBS001H0640F0640
2|486|1|52|UZPE011|52001|T02|MT04|SAN FELIPE|CRA261594|-77.281023|1.214921||52UZPE01152001T02MT04EBS001H0641|52UZPE01152001T02MT04EBS001H0641F0641|3|2|2|3|52UZPE01152001T02MT04EBS001|900091143|CC|MT04|ENFERMERA|52UZPE01152001T02MT04EBS001H0641F0641CF641|2025-07-24|1||1||6||2||2|2|2|5|2|1|8||1|13|0||1||1||1||1||7|1|3|3|1|1|3|2|2|2|2|2|2||2|2|2|1||6||2|2|2|1|1|1|2|2|1|52UZPE01152001T02MT04EBS001H064152UZPE01152001T02MT04EBS001H0641F0641
2|487|1|52|UZPE011|52001|T02|MT04|SAN FELIPE|CALLE132628APTO210|-77.283374|1.214222||52UZPE01152001T02MT04EBS001H0642|52UZPE01152001T02MT04EBS001H0642F0642|3|1|1|4|52UZPE01152001T02MT04EBS001|900091143|CC|MT04|AUXILIARDEENFERMERIA|52UZPE01152001T02MT04EBS001H0642F0642CF642|2025-07-25|4||1||3||1||3|2|11|5|2|2|20||2|13|0||1||1||1||1||1|4|1|1|1|1|1|2|2|2|2|2|2||2|2|1|1||6||1|2|2|1|2|1|2|2|1|52UZPE01152001T02MT04EBS001H064252UZPE01152001T02MT04EBS001H0642F0642
2|488|1|52|UZPE011|52001|T02|MT04|SAN FELIPE|CRA271458|-77.282591|1.215421||52UZPE01152001T02MT04EBS001H0643|52UZPE01152001T02MT04EBS001H0643F0643|3|1|1|1|52UZPE01152001T02MT04EBS001|900091143|CC|MT04|ENFERMERA|52UZPE01152001T02MT04EBS001H0643F0643CF643|2025-07-25|1||1||3||2||3|2|11|5|2|2|20||1|13|0||1||1||1||1||1|1|1|1|1|1|1|2|2|2|2|2|2||2|2|1|2||6||1|2|2|1|1|1|2|2|1|52UZPE01152001T02MT04EBS001H064352UZPE01152001T02MT04EBS001H0643F0643
2|489|1|52|UZPE011|52001|T02|MT04|SAN FELIPE|CALLE132628APTO205|-77.283532|1.214211||52UZPE01152001T02MT04EBS001H0644|52UZPE01152001T02MT04EBS001H0644F0644|3|1|1|4|52UZPE01152001T02MT04EBS001|900091143|CC|MT04|AUXILIARDEENFERMERIA|52UZPE01152001T02MT04EBS001H0644F0644CF644|2025-07-24|4||1||3||1||3|2|11|5|2|2|20||2|13|0||1||1||1||1||1|4|1|1|1|1|1|2|2|2|2|2|2||2|2|2|1||6||2|2|2|1|1|1|2|2|1|52UZPE01152001T02MT04EBS001H064452UZPE01152001T02MT04EBS001H0644F0644
2|490|1|52|UZPE011|52001|T02|MT04|SAN FELIPE|CALLE132628APTO405|-77.283532|1.214212||52UZPE01152001T02MT04EBS001H0645|52UZPE01152001T02MT04EBS001H0645F0645|3|1|1|3|52UZPE01152001T02MT04EBS001|900091143|CC|MT04|ENFERMERA|52UZPE01152001T02MT04EBS001H0645F0645CF645|2025-07-24|4||1||3||1||2|2|11|5|2|2|20||2|13|0||1||1||1||1||1|3|1|1|1|1|1|2|2|2|2|2|2||2|2|2|1||6||2|2|2|1|1|1|2|2|1|52UZPE01152001T02MT04EBS001H064552UZPE01152001T02MT04EBS001H0645F0645
2|491|1|52|UZPE011|52001|T02|MT04|SAN FELIPE|CALLE132628APTO207|-77.283532|1.214212||52UZPE01152001T02MT04EBS001H0646|52UZPE01152001T02MT04EBS001H0646F0646|3|2|2|5|52UZPE01152001T02MT04EBS001|900091143|CC|MT04|ENFERMERA|52UZPE01152001T02MT04EBS001H0646F0646CF646|2025-07-24|4||1||3||1||3|2|11|5|2|2|20||2|13|0||1||1||1||1||1|3|1|1|1|1|1|2|2|2|2|2|2||2|2|1|1||6||1|2|2|1|1|1|2|2|1|52UZPE01152001T02MT04EBS001H064652UZPE01152001T02MT04EBS001H0646F0646
2|492|1|52|UZPE011|52001|T02|MT04|SAN FELIPE|CALLE132628APTO207|-77.283532|1.214212||52UZPE01152001T02MT04EBS001H0647|52UZPE01152001T02MT04EBS001H0647F0647|3|2|2|5|52UZPE01152001T02MT04EBS001|900091143|CC|MT04|ENFERMERA|52UZPE01152001T02MT04EBS001H0647F0647CF647|2025-07-24|4||1||3||1||3|2|11|5|2|2|20||2|13|0||1||1||1||1||2|2|1|1|1|1|1|2|2|2|2|2|2||2|2|2|1||6||2|2|2|1|1|1|2|2|1|52UZPE01152001T02MT04EBS001H064752UZPE01152001T02MT04EBS001H0647F0647
2|493|1|52|UZPE011|52001|T02|MT04|SAN FELIPE|CALLE132628APTO509|-77.283532|1.214212||52UZPE01152001T02MT04EBS001H0648|52UZPE01152001T02MT04EBS001H0648F0648|3|3|3|4|52UZPE01152001T02MT04EBS001|900091143|CC|MT04|AUXILIARDEENFERMERIA|52UZPE01152001T02MT04EBS001H0648F0648CF648|2025-07-24|4||1||3||1||3|2|11|5|2|2|20||2|13|0||1||1||1||1||1|2|1|1|1|1|1|2|2|2|2|2|2||2|2|1|1||6||1|2|2|1|1|1|2|2|1|52UZPE01152001T02MT04EBS001H064852UZPE01152001T02MT04EBS001H0648F0648
2|494|1|52|UZPE011|52001|T02|MT04|SAN FELIPE|CALLE132628APTO509|-77.283532|1.214212||52UZPE01152001T02MT04EBS001H0649|52UZPE01152001T02MT04EBS001H0649F0649|3|3|3|4|52UZPE01152001T02MT04EBS001|900091143|CC|MT04|AUXILIARDEENFERMERIA|52UZPE01152001T02MT04EBS001H0649F0649CF649|2025-07-24|4||1||3||1||3|2|11|5|2|2|20||2|13|0||1||1||1||1||7|1|1|1|1|1|1|2|2|2|2|2|2||2|2|1|1||6||1|2|2|1|1|1|2|2|1|52UZPE01152001T02MT04EBS001H064952UZPE01152001T02MT04EBS001H0649F0649
2|495|1|52|UZPE011|52001|T02|MT04|SAN FELIPE|CALLE132628APTO509|-77.283532|1.214212||52UZPE01152001T02MT04EBS001H0650|52UZPE01152001T02MT04EBS001H0650F0650|3|3|3|4|52UZPE01152001T02MT04EBS001|900091143|CC|MT04|AUXILIARDEENFERMERIA|52UZPE01152001T02MT04EBS001H0650F0650CF650|2025-07-24|4||1||3||1||3|2|11|5|2|2|20||2|13|0||1||1||1||1||7|1|1|1|1|1|1|2|2|2|2|2|2||2|2|2|1||6||2|2|2|1|1|1|2|2|1|52UZPE01152001T02MT04EBS001H065052UZPE01152001T02MT04EBS001H0650F0650
2|496|1|52|UZPE011|52001|T02|MT02|CENTRO|CRA291920|-77.282109|1.217269||52UZPE01152001T02MT02EBS001H0651|52UZPE01152001T02MT02EBS001H0651F0651|3|1|1|1|52UZPE01152001T02MT02EBS001|900091143|CC|MT02|ENFERMERA|52UZPE01152001T02MT02EBS001H0651F0651CF651|2025-07-25|1||1||3||4||1|2|11|5|2|2|20||1|13|0||1||1||1||1||7|1|1|1|1|1|1|2|2|2|2|2|2||2|2|1|1||6||1|2|2|1|1|1|2|2|1|52UZPE01152001T02MT02EBS001H065152UZPE01152001T02MT02EBS001H0651F0651
2|497|1|52|UZPE011|52001|T02|MT02|CENTRO|CALLE1527118|-77.282655|1.216413||52UZPE01152001T02MT02EBS001H0652|52UZPE01152001T02MT02EBS001H0652F0652|3|1|1|2|52UZPE01152001T02MT02EBS001|900091143|CC|MT02|AUXILIARDEENFERMERIA|52UZPE01152001T02MT02EBS001H0652F0652CF652|2025-07-25|1||1||3||1||2|2|11|5|2|2|20||1|13|0||1||1||1||1||2|2|3|1|1|1|1|2|2|2|2|2|2||2|2|1|2||6||1|2|2|1|1|1|2|2|1|52UZPE01152001T02MT02EBS001H065252UZPE01152001T02MT02EBS001H0652F0652
2|498|1|52|UZPE011|52001|T02|MT04|SAN FELIPE|CRA25117|-77.284741|1.212374||52UZPE01152001T02MT04EBS001H0653|52UZPE01152001T02MT04EBS001H0653F0653|3|1|1|1|52UZPE01152001T02MT04EBS001|900091143|CC|MT04|AUXILIARDEENFERMERIA|52UZPE01152001T02MT04EBS001H0653F0653CF653|2025-07-21|4||1||3||1||1|2|11|5|2|2|20||2|13|0||1||1||1||1||7|1|3|1|1|1|1|2|2|2|2|2|2||2|2|2|2||6||2|2|2|1|1|1|2|2|1|52UZPE01152001T02MT04EBS001H065352UZPE01152001T02MT04EBS001H0653F0653
2|499|1|52|UZPE011|52001|T02|MT04|SAN FELIPE|CALLE132628APTO308|-77.283532|1.214212||52UZPE01152001T02MT04EBS001H0654|52UZPE01152001T02MT04EBS001H0654F0654|3|1|1|1|52UZPE01152001T02MT04EBS001|900091143|CC|MT04|AUXILIARDEENFERMERIA|52UZPE01152001T02MT04EBS001H0654F0654CF654|2025-07-22|4||1||3||1||1|2|11|5|2|2|20||2|13|0||1||1||1||1||7|1|3|1|1|1|1|2|2|2|2|2|2||2|2|1|2||6||1|2|2|1|1|1|2|2|1|52UZPE01152001T02MT04EBS001H065452UZPE01152001T02MT04EBS001H0654F0654
2|500|1|52|UZPE011|52001|T02|MT02|CENTRO|CALLE162930|-77.282451|1.217463||52UZPE01152001T02MT02EBS001H0655|52UZPE01152001T02MT02EBS001H0655F0655|3|1|1|3|52UZPE01152001T02MT02EBS001|900091143|CC|MT02|GESTORCOMUNITARIO|52UZPE01152001T02MT02EBS001H0655F0655CF655|2025-07-28|1||1||3||1||2|2|11|5|2|2|20||1|13|0||1||1||1||1||1|3|1|4|1|1|2|2|2|2|2|2|2||2|2|2|1||6||2|2|2|1|1|1|2|2|1|52UZPE01152001T02MT02EBS001H065552UZPE01152001T02MT02EBS001H0655F0655
2|501|1|52|UZPE011|52001|T02|MT02|CENTRO|CALLE162916|-77.281334|1.218046||52UZPE01152001T02MT02EBS001H0656|52UZPE01152001T02MT02EBS001H0656F0656|3|1|1|1|52UZPE01152001T02MT02EBS001|900091143|CC|MT02|ENFERMERA|52UZPE01152001T02MT02EBS001H0656F0656CF656|2025-07-28|1||1||3||2||1|2|11|5|2|2|20||1|13|0||1||1||1||1||2|1|1|1|1|1|1|2|2|2|2|2|2||2|2|1|1||6||1|2|2|1|1|1|2|2|1|52UZPE01152001T02MT02EBS001H065652UZPE01152001T02MT02EBS001H0656F0656
2|502|1|52|UZPE011|52001|T02|MT02|CENTRO|CALLE162916A1|-77.281334|1.218046||52UZPE01152001T02MT02EBS001H0657|52UZPE01152001T02MT02EBS001H0657F0657|3|1|1|2|52UZPE01152001T02MT02EBS001|900091143|CC|MT02|AUXILIARDEENFERMERIA|52UZPE01152001T02MT02EBS001H0657F0657CF657|2025-07-28|4||1||3||2||1|2|11|5|2|2|20||1|13|0||1||1||1||1||7|1|1|1|1|1|1|2|2|2|2|2|2||2|2|1|1||6||1|2|2|1|1|1|2|2|1|52UZPE01152001T02MT02EBS001H065752UZPE01152001T02MT02EBS001H0657F0657
2|503|1|52|UZPE011|52001|T02|MT02|CENTRO|CALLE1528176|-77.283698|1.217711||52UZPE01152001T02MT02EBS001H0658|52UZPE01152001T02MT02EBS001H0658F0658|1|1|1|1|52UZPE01152001T02MT02EBS001|900091143|CC|MT02|AUXILIARDEENFERMERIA|52UZPE01152001T02MT02EBS001H0658F0658CF658|2025-07-28|4||1||3||4||1|2|5|5|2|2|17||1|13|0||1||1||1||1||7|1|1|2|1|1|2|2|2|2|2|2|2||2|2|1|1||6||1|2|2|1|2|1|2|2|1|52UZPE01152001T02MT02EBS001H065852UZPE01152001T02MT02EBS001H0658F0658
2|504|1|52|UZPE011|52001|T02|MT02|CENTRO|CALLE132810|-77.284162|1.215585||52UZPE01152001T02MT02EBS001H0659|52UZPE01152001T02MT02EBS001H0659F0659|3|1|1|1|52UZPE01152001T02MT02EBS001|900091143|CC|MT02|AUXILIARDEENFERMERIA|52UZPE01152001T02MT02EBS001H0659F0659CF659|2025-07-28|1||1||4||1||1|2|11|5|2|2|20||2|13|0||1||1||1||1||7|1|1|1|1|1|2|2|2|2|2|2|2||2|2|1|1||6||1|2|2|1|1|1|2|2|1|52UZPE01152001T02MT02EBS001H065952UZPE01152001T02MT02EBS001H0659F0659
2|505|1|52|UZPE011|52001|T02|MT02|CENTRO|CRA281311|-77.284353|1.216001||52UZPE01152001T02MT02EBS001H0660|52UZPE01152001T02MT02EBS001H0660F0660|3|1|1|1|52UZPE01152001T02MT02EBS001|900091143|CC|MT02|AUXILIARDEENFERMERIA|52UZPE01152001T02MT02EBS001H0660F0660CF660|2025-07-28|1||1||3||1||3|2|11|5|2|2|20||1|13|0||1||1||1||1||7|1|1|1|1|1|1|2|2|2|2|2|2||2|2|1|1||6||1|2|2|1|1|1|2|2|1|52UZPE01152001T02MT02EBS001H066052UZPE01152001T02MT02EBS001H0660F0660
2|506|1|52|UZPE011|52001|T02|MT02|CENTRO|CRA281311A1|-77.284353|1.216001||52UZPE01152001T02MT02EBS001H0661|52UZPE01152001T02MT02EBS001H0661F0661|3|1|1|2|52UZPE01152001T02MT02EBS001|900091143|CC|MT02|AUXILIARDEENFERMERIA|52UZPE01152001T02MT02EBS001H0661F0661CF661|2025-07-28|1||1||3||1||3|2|11|5|2|2|20||1|13|0||1||1||1||1||1|2|1|1|1|1|1|2|2|2|2|2|2||2|2|1|1||6||1|2|2|1|1|1|2|2|1|52UZPE01152001T02MT02EBS001H066152UZPE01152001T02MT02EBS001H0661F0661
2|507|1|52|UZPE011|52001|T02|MT02|CENTRO|CARRERA27A1432|-77.282668|1.215782||52UZPE01152001T02MT02EBS001H0662|52UZPE01152001T02MT02EBS001H0662F0662|1|1|1|3|52UZPE01152001T02MT02EBS001|900091143|CC|MT02|AUXILIARDEENFERMERIA|52UZPE01152001T02MT02EBS001H0662F0662CF662|2025-07-28|4||1||3||4||2|2|11|5|2|2|20||1|13|0||1||1||1||1||2|3|1|1|1|1|1|2|2|2|2|2|2||2|2|1|1||6||1|2|2|1|2|1|2|2|1|52UZPE01152001T02MT02EBS001H066252UZPE01152001T02MT02EBS001H0662F0662
2|508|1|52|UZPE011|52001|T02|MT02|CENTRO|CRA291330|-77.284353|1.216001||52UZPE01152001T02MT02EBS001H0663|52UZPE01152001T02MT02EBS001H0663F0663|3|1|1|1|52UZPE01152001T02MT02EBS001|900091143|CC|MT02|ENFERMERA|52UZPE01152001T02MT02EBS001H0663F0663CF663|2025-07-28|1||1||3||1||1|2|11|5|2|2|20||2|13|0||1||1||1||1||7|1|1|1|1|1|1|2|2|2|2|2|2||2|2|1|1||6||1|2|2|1|1|1|2|2|1|52UZPE01152001T02MT02EBS001H066352UZPE01152001T02MT02EBS001H0663F0663
2|509|1|52|UZPE011|52001|T02|MT02|CENTRO|CRA29A1703APTO201|-77.284353|1.216001||52UZPE01152001T02MT02EBS001H0664|52UZPE01152001T02MT02EBS001H0664F0664|2|1|1|3|52UZPE01152001T02MT02EBS001|900091143|CC|MT02|ENFERMERA|52UZPE01152001T02MT02EBS001H0664F0664CF664|2025-07-29|4||1||3||1||1|2|11|5|2|2|20||2|13|0||1||1||1||1||1|3|3|1|1|1|1|2|2|2|2|2|2||2|2|1|1||6||1|2|2|1|2|1|2|2|1|52UZPE01152001T02MT02EBS001H066452UZPE01152001T02MT02EBS001H0664F0664
2|510|1|52|UZPE011|52001|T02|MT02|CENTRO|CALLE142750|-77.284353|1.216001||52UZPE01152001T02MT02EBS001H0665|52UZPE01152001T02MT02EBS001H0665F0665|3|1|1|2|52UZPE01152001T02MT02EBS001|900091143|CC|MT02|ENFERMERA|52UZPE01152001T02MT02EBS001H0665F0665CF665|2025-07-28|1||1||3||1||1|2|11|5|2|2|20||2|13|0||1||1||1||1||1|2|3|1|1|1|1|2|2|2|2|2|2||2|2|1|2||6||1|2|2|1|1|1|2|2|1|52UZPE01152001T02MT02EBS001H066552UZPE01152001T02MT02EBS001H0665F0665
2|511|1|52|UZPE011|52001|T02|MT02|CENTRO|CALLE152729EDIFICIOARCADIA|-77.282557|1.215516||52UZPE01152001T02MT02EBS001H0666|52UZPE01152001T02MT02EBS001H0666F0666|3|1|1|3|52UZPE01152001T02MT02EBS001|900091143|CC|MT02|AUXILIARDEENFERMERIA|52UZPE01152001T02MT02EBS001H0666F0666CF666|2025-07-29|4||1||3||1||2|2|11|5|3|2|20||2|13|0||1||1||1||1||1|3|1|1|1|1|1|2|2|2|2|2|2||2|2|1|1||6||1|2|2|1|1|1|2|2|1|52UZPE01152001T02MT02EBS001H066652UZPE01152001T02MT02EBS001H0666F0666
2|512|1|52|UZPE011|52001|T02|MT02|CENTRO|CALLE152729APTO504A1EDIFICIOARCADIA|-77.282581|1.215499||52UZPE01152001T02MT02EBS001H0667|52UZPE01152001T02MT02EBS001H0667F0667|3|1|1|3|52UZPE01152001T02MT02EBS001|900091143|CC|MT02|AUXILIARDEENFERMERIA|52UZPE01152001T02MT02EBS001H0667F0667CF667|2025-07-29|4||1||3||1||2|2|11|5|3|2|20||2|13|0||1||1||1||1||7|1|3|1|1|1|1|2|2|2|2|2|2||2|2|2|1||6||2|2|2|1|1|1|2|2|1|52UZPE01152001T02MT02EBS001H066752UZPE01152001T02MT02EBS001H0667F0667
2|513|1|52|UZPE011|52001|T02|MT02|CENTRO|CALLE152729EDIFICIOARKADEAAPARTAMENTO304|-77.282358|1.215619||52UZPE01152001T02MT02EBS001H0668|52UZPE01152001T02MT02EBS001H0668F0668|3|1|1|1|52UZPE01152001T02MT02EBS001|900091143|CC|MT02|GESTORCOMUNITARIO|52UZPE01152001T02MT02EBS001H0668F0668CF668|2025-07-29|4||1||1||1||1|2|11|5|3|2|20||1|13|0||1||1||1||1||1|1|1|1|1|1|2|2|2|2|2|2|2||2|2|2|1||6||2|2|2|1|1|1|2|2|1|52UZPE01152001T02MT02EBS001H066852UZPE01152001T02MT02EBS001H0668F0668
2|514|1|52|UZPE011|52001|T02|MT02|CENTRO|CALLE152729|-77.282529|1.215621||52UZPE01152001T02MT02EBS001H0669|52UZPE01152001T02MT02EBS001H0669F0669|3|1|1|1|52UZPE01152001T02MT02EBS001|900091143|CC|MT02|AUXILIARDEENFERMERIA|52UZPE01152001T02MT02EBS001H0669F0669CF669|2025-07-29|4||1||3||1||1|2|11|5|3|2|20||2|13|0||1||1||1||1||7|2|3|1|1|1|1|2|2|2|2|2|2||2|2|2|1||6||2|2|2|1|1|1|2|2|1|52UZPE01152001T02MT02EBS001H066952UZPE01152001T02MT02EBS001H0669F0669
2|515|1|52|UZPE011|52001|T02|MT02|CENTRO|CALLE152729EDIFICIOARKADEAAPARTAMENTO404|-77.282357|1.215627||52UZPE01152001T02MT02EBS001H0670|52UZPE01152001T02MT02EBS001H0670F0670|3|1|1|1|52UZPE01152001T02MT02EBS001|900091143|CC|MT02|GESTORCOMUNITARIO|52UZPE01152001T02MT02EBS001H0670F0670CF670|2025-07-29|4||1||1||1||1|1|11|5|3|2|20||2|13|0||1||1||1||1||1|1|1|4|1|1|2|2|2|2|2|2|2||2|2|1|1||6||1|2|2|1|1|1|2|2|1|52UZPE01152001T02MT02EBS001H067052UZPE01152001T02MT02EBS001H0670F0670
2|516|1|52|UZPE011|52001|T02|MT02|CENTRO|CALLE152729APTO504A2EDIFICIOARCADIA|-77.282581|1.215499||52UZPE01152001T02MT02EBS001H0671|52UZPE01152001T02MT02EBS001H0671F0671|1|1|1|2|52UZPE01152001T02MT02EBS001|900091143|CC|MT02|ENFERMERA|52UZPE01152001T02MT02EBS001H0671F0671CF671|2025-07-29|5||1||3||1||1|2|11|5|3|2|20||2|13|0||1||1||1||1||2|2|1|1|1|1|1|2|2|2|2|2|2||2|2|2|2||6||2|2|2|1|1|1|2|2|1|52UZPE01152001T02MT02EBS001H067152UZPE01152001T02MT02EBS001H0671F0671
2|517|1|52|UZPE011|52001|T02|MT02|CENTRO|CARRERA29A1683|-77.281468|1.218156||52UZPE01152001T02MT02EBS001H0672|52UZPE01152001T02MT02EBS001H0672F0672|3|1|1|1|52UZPE01152001T02MT02EBS001|900091143|CC|MT02|AUXILIARDEENFERMERIA|52UZPE01152001T02MT02EBS001H0672F0672CF672|2025-07-29|1||1||3||1||1|2|11|5|2|2|20||2|13|0||1||1||1||1||1|3|1|1|1|1|2|2|2|2|2|2|2||2|2|1|1||6||1|2|2|1|1|1|2|2|1|52UZPE01152001T02MT02EBS001H067252UZPE01152001T02MT02EBS001H0672F0672
2|518|1|52|UZPE011|52001|T02|MT02|CENTRO|CRA29A1617|-77.281636|1.218023||52UZPE01152001T02MT02EBS001H0673|52UZPE01152001T02MT02EBS001H0673F0673|3|1|1|1|52UZPE01152001T02MT02EBS001|900091143|CC|MT02|AUXILIARDEENFERMERIA|52UZPE01152001T02MT02EBS001H0673F0673CF673|2025-07-29|1||1||3||1||1|2|11|5|2|2|20||2|13|0||1||1||1||1||7|1|1|1|1|1|1|2|2|2|2|2|2||2|2|1|2||6||1|2|2|1|1|1|2|2|1|52UZPE01152001T02MT02EBS001H067352UZPE01152001T02MT02EBS001H0673F0673
2|519|1|52|UZPE011|52001|T02|MT02|CENTRO|CRA29A1603APTO501|-77.281636|1.218023||52UZPE01152001T02MT02EBS001H0674|52UZPE01152001T02MT02EBS001H0674F0674|3|1|1|2|52UZPE01152001T02MT02EBS001|900091143|CC|MT02|AUXILIARDEENFERMERIA|52UZPE01152001T02MT02EBS001H0674F0674CF674|2025-07-29|4||1||3||1||2|2|11|5|2|2|20||2|13|0||1||1||1||1||2|2|1|1|1|1|1|2|2|2|2|2|2||2|2|1|1||6||1|2|2|1|1|1|2|2|1|52UZPE01152001T02MT02EBS001H067452UZPE01152001T02MT02EBS001H0674F0674
2|520|1|52|UZPE011|52001|T02|MT02|CENTRO|CARRERA282468APTO401|-77.282797|1.216193||52UZPE01152001T02MT02EBS001H0675|52UZPE01152001T02MT02EBS001H0675F0675|3|1|1|2|52UZPE01152001T02MT02EBS001|900091143|CC|MT02|AUXILIARDEENFERMERIA|52UZPE01152001T02MT02EBS001H0675F0675CF675|2025-07-30|4||1||3||1||2|2|11|4|3|2|20||1|13|0||1||1||1||1||7|1|1|1|1|1|1|2|2|2|2|2|2||2|2|2|1||6||2|2|2|1|2|1|2|2|1|52UZPE01152001T02MT02EBS001H067552UZPE01152001T02MT02EBS001H0675F0675
2|521|1|52|UZPE011|52001|T02|MT02|CENTRO|CARRERA282468APTO401|-77.282797|1.216193||52UZPE01152001T02MT02EBS001H0676|52UZPE01152001T02MT02EBS001H0676F0676|3|1|1|2|52UZPE01152001T02MT02EBS001|900091143|CC|MT02|AUXILIARDEENFERMERIA|52UZPE01152001T02MT02EBS001H0676F0676CF676|2025-07-30|4||1||3||1||2|2|11|4|3|2|20||1|13|0||1||1||1||1||2|2|1|1|1|1|1|2|2|2|2|2|2||2|2|1|1||6||1|2|2|1|2|1|2|2|1|52UZPE01152001T02MT02EBS001H067652UZPE01152001T02MT02EBS001H0676F0676
2|522|1|52|UZPE011|52001|T02|MT02|CENTRO|CARRERA281360|-77.283547|1.215711||52UZPE01152001T02MT02EBS001H0677|52UZPE01152001T02MT02EBS001H0677F0677|3|1|1|2|52UZPE01152001T02MT02EBS001|900091143|CC|MT02|GESTORCOMUNITARIO|52UZPE01152001T02MT02EBS001H0677F0677CF677|2025-07-30|4||1||3||1||1|2|11|5|2|2|20||1|13|0||1||1||1||1||1|2|1|4|1|1|2|2|2|2|2|2|2||2|2|2|1||6||2|2|2|1|1|1|2|2|1|52UZPE01152001T02MT02EBS001H067752UZPE01152001T02MT02EBS001H0677F0677
2|523|1|52|UZPE011|52001|T02|MT02|CENTRO|CARRERA281354|-77.283603|1.215677||52UZPE01152001T02MT02EBS001H0678|52UZPE01152001T02MT02EBS001H0678F0678|3|1|1|1|52UZPE01152001T02MT02EBS001|900091143|CC|MT02|AUXILIARDEENFERMERIA|52UZPE01152001T02MT02EBS001H0678F0678CF678|2025-07-30|4||1||3||1||1|2|11|5|2|2|20||2|13|0||1||1||1||1||1|2|1|1|1|1|1|2|2|2|2|2|2||2|2|1|1||1||1|2|2|1|2|1|2|2|1|52UZPE01152001T02MT02EBS001H067852UZPE01152001T02MT02EBS001H0678F0678
2|524|1|52|UZPE011|52001|T02|MT02|CENTRO|CARRERA281340|-77.283769|1.215544||52UZPE01152001T02MT02EBS001H0679|52UZPE01152001T02MT02EBS001H0679F0679|3|2|2|2|52UZPE01152001T02MT02EBS001|900091143|CC|MT02|AUXILIARDEENFERMERIA|52UZPE01152001T02MT02EBS001H0679F0679CF679|2025-07-31|4||1||3||1||2|2|11|5|2|2|20||2|13|0||1||1||1||1||7|1|1|1|1|1|2|2|2|2|2|2|2||2|2|2|1||6||2|2|2|1|2|1|2|2|1|52UZPE01152001T02MT02EBS001H067952UZPE01152001T02MT02EBS001H0679F0679
2|525|1|52|UZPE011|52001|T02|MT02|CENTRO|CARRERA281340|-77.283769|1.215544||52UZPE01152001T02MT02EBS001H0680|52UZPE01152001T02MT02EBS001H0680F0680|3|2|2|2|52UZPE01152001T02MT02EBS001|900091143|CC|MT02|AUXILIARDEENFERMERIA|52UZPE01152001T02MT02EBS001H0680F0680CF680|2025-07-31|4||1||3||1||2|2|11|5|2|2|20||2|13|0||1||1||1||1||7|1|1|1|1|1|1|2|2|2|2|2|2||2|2|2|1||6||2|2|2|1|1|1|2|2|1|52UZPE01152001T02MT02EBS001H068052UZPE01152001T02MT02EBS001H0680F0680
2|526|1|52|UZPE011|52001|T02|MT02|CENTRO|CALLE142759|-77.283316|1.215529||52UZPE01152001T02MT02EBS001H0681|52UZPE01152001T02MT02EBS001H0681F0681|3|1|1|1|52UZPE01152001T02MT02EBS001|900091143|CC|MT02|GESTORCOMUNITARIO|52UZPE01152001T02MT02EBS001H0681F0681CF681|2025-07-31|5||5||4||1||1|2|11|5|2|2|20||1|13|0||1||1||1||1||1|1|3|4|1|1|1|2|2|2|2|2|2||2|2|1|2||6||1|2|2|1|1|1|2|2|1|52UZPE01152001T02MT02EBS001H068152UZPE01152001T02MT02EBS001H0681F0681
2|527|1|52|UZPE011|52001|T02|MT02|CENTRO|CALLE172775|-77.280804|1.216771||52UZPE01152001T02MT02EBS001H0682|52UZPE01152001T02MT02EBS001H0682F0682|2|1|1|2|52UZPE01152001T02MT02EBS001|900091143|CC|MT02|AUXILIARDEENFERMERIA|52UZPE01152001T02MT02EBS001H0682F0682CF682|2025-07-31|4||1||3||1||2|2|11|5|2|2|20||2|13|2||1||1||1||1||2|2|1|1|1|3|1|2|2|2|2|2|2||2|2|2|1||6||2|2|2|1|1|1|2|2|1|52UZPE01152001T02MT02EBS001H068252UZPE01152001T02MT02EBS001H0682F0682
2|528|1|52|UZPE011|52001|T02|MT02|CENTRO|CALLE172847APTO301|-77.280989|1.216885||52UZPE01152001T02MT02EBS001H0683|52UZPE01152001T02MT02EBS001H0683F0683|3|1|1|2|52UZPE01152001T02MT02EBS001|900091143|CC|MT02|AUXILIARDEENFERMERIA|52UZPE01152001T02MT02EBS001H0683F0683CF683|2025-08-01|4||1||3||1||1|2|11|5|2|2|20||2|13|0||1||1||1||1||1|2|3|1|1|1|1|2|2|2|2|2|2||2|2|2|1||6||2|2|2|1|1|1|2|2|1|52UZPE01152001T02MT02EBS001H068352UZPE01152001T02MT02EBS001H0683F0683
2|529|1|52|UZPE011|52001|T02|MT02|CENTRO|CALLE162745APTO2|-77.281539|1.216221||52UZPE01152001T02MT02EBS001H0684|52UZPE01152001T02MT02EBS001H0684F0684|3|1|1|3|52UZPE01152001T02MT02EBS001|900091143|CC|MT02|ENFERMERA|52UZPE01152001T02MT02EBS001H0684F0684CF684|2025-08-01|1||1||3||2||1|2|11|5|2|2|20||1|13|0||1||1||1||1||1|3|1|1|1|1|1|2|2|2|2|2|2||2|2|1|1||6||1|2|2|1|1|1|2|2|1|52UZPE01152001T02MT02EBS001H068452UZPE01152001T02MT02EBS001H0684F0684
2|530|1|52|UZPE011|52001|T02|MT02|CENTRO|CRA281460APTO2|-77.282962|1.216117||52UZPE01152001T02MT02EBS001H0685|52UZPE01152001T02MT02EBS001H0685F0685|2|1|1|3|52UZPE01152001T02MT02EBS001|900091143|CC|MT02|AUXILIARDEENFERMERIA|52UZPE01152001T02MT02EBS001H0685F0685CF685|2025-08-01|4||1||3||1||1|2|11|5|2|2|20||1|13|0||1||1||1||1||1|2|3|1|1|1|1|2|2|2|2|2|2||2|2|2|1||6||2|2|2|1|1|1|2|2|1|52UZPE01152001T02MT02EBS001H068552UZPE01152001T02MT02EBS001H0685F0685
2|531|1|52|UZPE011|52001|T02|MT02|CENTRO|CARRERA291330|-77.284327|1.216132||52UZPE01152001T02MT02EBS001H0686|52UZPE01152001T02MT02EBS001H0686F0686|3|1|1|1|52UZPE01152001T02MT02EBS001|900091143|CC|MT02|AUXILIARDEENFERMERIA|52UZPE01152001T02MT02EBS001H0686F0686CF686|2025-08-04|5||1||3||4||1|2|11|5|3|2|20||2|13|0||1||1||1||1||7|1|1|1|1|1|2|2|2|2|2|2|2||2|2|1|1||6||1|2|2|1|2|1|2|2|1|52UZPE01152001T02MT02EBS001H068652UZPE01152001T02MT02EBS001H0686F0686
2|532|1|52|UZPE011|52001|T02|MT02|CENTRO|CALLE132818APTO2|-77.284201|1.215572||52UZPE01152001T02MT02EBS001H0687|52UZPE01152001T02MT02EBS001H0687F0687|3|1|1|1|52UZPE01152001T02MT02EBS001|900091143|CC|MT02|AUXILIARDEENFERMERIA|52UZPE01152001T02MT02EBS001H0687F0687CF687|2025-08-04|4||1||3||1||1|2|11|5|2|2|20||1|13|0||1||1||1||1||7|1|1|1|1|1|1|2|2|2|2|2|2||2|2|2|1||6||2|2|2|1|1|1|2|2|1|52UZPE01152001T02MT02EBS001H068752UZPE01152001T02MT02EBS001H0687F0687
2|533|1|52|UZPE011|52001|T02|MT02|CENTRO|CALLE142760|-77.283286|1.215508||52UZPE01152001T02MT02EBS001H0688|52UZPE01152001T02MT02EBS001H0688F0688|3|1|1|1|52UZPE01152001T02MT02EBS001|900091143|CC|MT02|GESTORCOMUNITARIO|52UZPE01152001T02MT02EBS001H0688F0688CF688|2025-07-04|4||1||3||1||1|2|11|5|2|2|20||2|13|0||1||1||1||1||7|1|3|4|1|1|1|2|2|2|2|2|2||2|2|2|2||6||2|2|2|1|1|1|2|2|1|52UZPE01152001T02MT02EBS001H068852UZPE01152001T02MT02EBS001H0688F0688
2|534|1|52|UZPE011|52001|T02|MT02|CENTRO|CARRERA291334|-77.284334|1.216141||52UZPE01152001T02MT02EBS001H0689|52UZPE01152001T02MT02EBS001H0689F0689|3|1|1|2|52UZPE01152001T02MT02EBS001|900091143|CC|MT02|AUXILIARDEENFERMERIA|52UZPE01152001T02MT02EBS001H0689F0689CF689|2025-08-04|4||1||3||1||1|2|11|5|2|1|20||2|13|0||1||1||1||1||1|2|1|2|1|1|2|2|2|2|2|2|2||2|2|1|1||6||1|2|2|1|2|1|2|2|1|52UZPE01152001T02MT02EBS001H068952UZPE01152001T02MT02EBS001H0689F0689
2|535|1|52|UZPE011|52001|T02|MT02|CENTRO|CALLE143008APTO401|-77.284313|1.216879||52UZPE01152001T02MT02EBS001H0690|52UZPE01152001T02MT02EBS001H0690F0690|3|1|1|2|52UZPE01152001T02MT02EBS001|900091143|CC|MT02|AUXILIARDEENFERMERIA|52UZPE01152001T02MT02EBS001H0690F0690CF690|2025-08-04|4||1||3||1||3|2|11|5|2|2|20||2|13|0||1||1||1||1||2|2|1|1|1|1|1|2|2|2|2|2|2||2|2|2|1||6||2|2|2|1|1|1|2|2|1|52UZPE01152001T02MT02EBS001H069052UZPE01152001T02MT02EBS001H0690F0690
2|536|1|52|UZPE011|52001|T02|MT02|CENTRO|CALLE143008APT401|-77.284305|1.216884||52UZPE01152001T02MT02EBS001H0691|52UZPE01152001T02MT02EBS001H0691F0691|3|2|2|1|52UZPE01152001T02MT02EBS001|900091143|CC|MT02|GESTORCOMUNITARIO|52UZPE01152001T02MT02EBS001H0691F0691CF691|2025-08-04|4||1||3||1||1|2|11|5|2|2|20||2|13|0||1||1||1||1||1|1|1|4|1|1|2|2|2|2|2|2|2||2|2|1|2||6||1|2|2|1|1|1|2|2|1|52UZPE01152001T02MT02EBS001H069152UZPE01152001T02MT02EBS001H0691F0691
2|537|1|52|UZPE011|52001|T02|MT02|CENTRO|CALLE143008APT401|-77.284305|1.216884||52UZPE01152001T02MT02EBS001H0692|52UZPE01152001T02MT02EBS001H0692F0692|3|1|1|1|52UZPE01152001T02MT02EBS001|900091143|CC|MT02|GESTORCOMUNITARIO|52UZPE01152001T02MT02EBS001H0692F0692CF692|2025-08-04|4||1||3||1||1|2|11|5|2|2|20||2|13|0||1||1||1||1||7|1|3|4|1|1|1|2|2|2|2|2|2||2|2|1|2||6||1|2|2|1|1|1|2|2|1|52UZPE01152001T02MT02EBS001H069252UZPE01152001T02MT02EBS001H0692F0692
2|538|1|52|UZPE011|52001|T02|MT01|LAS AMÉRICAS|CALLE201667|-77.27678|1.209257||52UZPE01152001T02MT01EBS001H0693|52UZPE01152001T02MT01EBS001H0693F0693|3|1|1|1|52UZPE01152001T02MT01EBS001|900091143|CC|MT01|AUXILIARDEENFERMERIA|52UZPE01152001T02MT01EBS001H0693F0693CF693|2025-08-05|1||1||3||1||1|2|11|5|3|2|20||1|13|0||1||1||1||1||7|1|1|1|1|1|2|2|2|2|2|2|2||2|2|1|2||6||1|2|2|1|1|1|2|2|1|52UZPE01152001T02MT01EBS001H069352UZPE01152001T02MT01EBS001H0693F0693
2|539|1|52|UZPE011|52001|T02|MT01|LAS AMÉRICAS|CARRERA191415|-77.279389|1.207295||52UZPE01152001T02MT01EBS001H0694|52UZPE01152001T02MT01EBS001H0694F0694|3|1|1|2|52UZPE01152001T02MT01EBS001|900091143|CC|MT01|GESTORCOMUNITARIO|52UZPE01152001T02MT01EBS001H0694F0694CF694|2025-08-13|1||1||3||1||1|2|11|5|2|2|20||2|13|0||1||1||1||1||1|2|3|1|1|1|1|2|2|2|2|2|2||2|2|1|1||6||1|2|2|1|1|1|2|2|1|52UZPE01152001T02MT01EBS001H069452UZPE01152001T02MT01EBS001H0694F0694
2|540|1|52|UZPE011|52001|T02|MT01|LAS AMÉRICAS|CARRERA191323|-77.280087|1.207034||52UZPE01152001T02MT01EBS001H0695|52UZPE01152001T02MT01EBS001H0695F0695|3|3|3|3|52UZPE01152001T02MT01EBS001|900091143|CC|MT01|AUXILIARDEENFERMERIA|52UZPE01152001T02MT01EBS001H0695F0695CF695|2025-08-06|4||1||4||1||3|2|11|5|2|2|20||2|13|0||1||1||1||1||7|1|1|1|1|1|1|2|2|2|2|2|2||2|2|1|1||6||1|2|2|1|1|1|2|2|1|52UZPE01152001T02MT01EBS001H069552UZPE01152001T02MT01EBS001H0695F0695
2|541|1|52|UZPE011|52001|T02|MT01|LAS AMÉRICAS|CARRERA191323|-77.280087|1.207034||52UZPE01152001T02MT01EBS001H0696|52UZPE01152001T02MT01EBS001H0696F0696|3|3|3|3|52UZPE01152001T02MT01EBS001|900091143|CC|MT01|AUXILIARDEENFERMERIA|52UZPE01152001T02MT01EBS001H0696F0696CF696|2025-08-06|4||1||4||1||3|2|11|5|2|2|20||2|13|0||1||1||1||1||7|1|1|1|1|1|1|2|2|2|2|2|2||2|2|2|1||6||2|2|2|1|1|1|2|2|1|52UZPE01152001T02MT01EBS001H069652UZPE01152001T02MT01EBS001H0696F0696
2|542|1|52|UZPE011|52001|T02|MT01|LAS AMÉRICAS|CARRERA201326|-77.280404|1.207566||52UZPE01152001T02MT01EBS001H0697|52UZPE01152001T02MT01EBS001H0697F0697|3|1|1|2|52UZPE01152001T02MT01EBS001|900091143|CC|MT01|GESTORCOMUNITARIO|52UZPE01152001T02MT01EBS001H0697F0697CF697|2025-07-06|4||1||3||1||1|2|11|5|2|2|20||2|13|0||1||1||1||1||1|2|3|4|1|1|1|2|2|2|2|2|2||2|2|1|2||6||1|2|2|1|1|1|2|2|1|52UZPE01152001T02MT01EBS001H069752UZPE01152001T02MT01EBS001H0697F0697
2|543|1|52|UZPE011|52001|T02|MT01|LAS AMÉRICAS|CALL14NO1955|-77.279062|1.208142||52UZPE01152001T02MT01EBS001H0698|52UZPE01152001T02MT01EBS001H0698F0698|3|1|1|4|52UZPE01152001T02MT01EBS001|900091143|CC|MT01|ENFERMERA|52UZPE01152001T02MT01EBS001H0698F0698CF698|2025-08-06|1||1||3||1||3|2|11|2|2|2|20||1|13|0||1||1||1||1||1|4|1|1|1|1|1|2|2|2|2|2|2||2|2|1|2||6||1|2|2|1|1|1|2|2|1|52UZPE01152001T02MT01EBS001H069852UZPE01152001T02MT01EBS001H0698F0698
2|544|1|52|UZPE011|52001|T02|MT01|LAS AMÉRICAS|CRA201350|-77.279824|1.207667||52UZPE01152001T02MT01EBS001H0699|52UZPE01152001T02MT01EBS001H0699F0699|3|1|1|1|52UZPE01152001T02MT01EBS001|900091143|CC|MT01|AUXILIARDEENFERMERIA|52UZPE01152001T02MT01EBS001H0699F0699CF699|2025-08-07|1||1||3||1||1|2|11|5|2|1|20||2|13|0||1||1||1||1||7|1|1|1|1|1|1|2|2|2|2|2|2||2|2|2|1||6||2|2|2|1|1|1|2|2|1|52UZPE01152001T02MT01EBS001H069952UZPE01152001T02MT01EBS001H0699F0699
2|545|1|52|UZPE011|52001|T02|MT01|LAS AMÉRICAS|CALLE13A1941|-77.279809|1.207624||52UZPE01152001T02MT01EBS001H0700|52UZPE01152001T02MT01EBS001H0700F0700|3|1|1|2|52UZPE01152001T02MT01EBS001|900091143|CC|MT01|AUXILIARDEENFERMERIA|52UZPE01152001T02MT01EBS001H0700F0700CF700|2025-08-07|4||1||3||1||2|2|11|5|2|2|20||1|13|0||1||1||1||1||2|2|1|1|1|1|2|2|2|2|2|2|2||2|2|1|1||6||1|2|2|1|2|1|2|2|1|52UZPE01152001T02MT01EBS001H070052UZPE01152001T02MT01EBS001H0700F0700
2|546|1|52|UZPE011|52001|T02|MT01|LAS AMÉRICAS|CALLE13A1941|-77.279809|1.207624||52UZPE01152001T02MT01EBS001H0701|52UZPE01152001T02MT01EBS001H0701F0701|3|1|1|2|52UZPE01152001T02MT01EBS001|900091143|CC|MT01|AUXILIARDEENFERMERIA|52UZPE01152001T02MT01EBS001H0701F0701CF701|2025-08-07|4||1||3||1||2|2|11|5|2|2|20||1|13|0||1||1||1||1||1|2|1|1|1|1|1|2|2|2|2|2|2||2|2|1|1||6||1|2|2|1|1|1|2|2|1|52UZPE01152001T02MT01EBS001H070152UZPE01152001T02MT01EBS001H0701F0701
2|547|1|52|UZPE011|52001|T02|MT01|LAS AMÉRICAS|CALLE12A1922|-77.280777|1.207051||52UZPE01152001T02MT01EBS001H0702|52UZPE01152001T02MT01EBS001H0702F0702|3|1|1|2|52UZPE01152001T02MT01EBS001|900091143|CC|MT01|GESTORCOMUNITARIO|52UZPE01152001T02MT01EBS001H0702F0702CF702|2025-08-07|4||1||3||1||1|2|11|5|2|2|20||2|13|0||1||1||1||1||1|1|1|4|1|1|2|2|2|2|2|2|2||2|2|1|2||6||1|2|2|1|2|1|2|2|1|52UZPE01152001T02MT01EBS001H070252UZPE01152001T02MT01EBS001H0702F0702
2|548|1|52|UZPE011|52001|T02|MT04|SAN FELIPE|CARRERA271273|-77.284526|1.214436||52UZPE01152001T02MT04EBS001H0703|52UZPE01152001T02MT04EBS001H0703F0703|3|1|1|2|52UZPE01152001T02MT04EBS001|900091143|CC|MT04|AUXILIARDEENFERMERIA|52UZPE01152001T02MT04EBS001H0703F0703CF703|2025-08-06|4||1||3||1||2|2|11|5|2|2|20||2|13|0||1||1||1||1||2|2|1|1|1|1|1|2|2|2|2|2|2||2|2|2|1||6||2|2|2|1|1|1|2|2|1|52UZPE01152001T02MT04EBS001H070352UZPE01152001T02MT04EBS001H0703F0703
2|549|1|52|UZPE011|52001|T02|MT01|LAS AMÉRICAS|CALLE121928|-77.281206|1.206855||52UZPE01152001T02MT01EBS001H0704|52UZPE01152001T02MT01EBS001H0704F0704|3|1|1|1|52UZPE01152001T02MT01EBS001|900091143|CC|MT01|GESTORCOMUNITARIO|52UZPE01152001T02MT01EBS001H0704F0704CF704|2025-08-08|4||1||3||1||1|2|11|5|3|2|20||2|13|0||1||1||1||1||1|1|3|4|1|1|1|2|2|2|2|2|2||2|2|1|2||6||1|2|2|1|1|1|2|2|1|52UZPE01152001T02MT01EBS001H070452UZPE01152001T02MT01EBS001H0704F0704
2|550|1|52|UZPE011|52001|T02|MT01|LAS AMÉRICAS|CALLE121928APTO2|-77.284989|1.214975||52UZPE01152001T02MT01EBS001H0705|52UZPE01152001T02MT01EBS001H0705F0705|3|1|1|1|52UZPE01152001T02MT01EBS001|900091143|CC|MT01|AUXILIARDEENFERMERIA|52UZPE01152001T02MT01EBS001H0705F0705CF705|2025-08-08|5||1||3||1||1|2|11|5|3|2|20||2|13|0||1||1||1||1||7|1|1|1|1|1|2|2|2|2|2|2|2||2|2|1|1||6||1|2|2|1|1|1|2|2|1|52UZPE01152001T02MT01EBS001H070552UZPE01152001T02MT01EBS001H0705F0705
2|551|1|52|UZPE011|52001|T02|MT01|LAS AMÉRICAS|CRA2012A05|-77.280946|1.207175||52UZPE01152001T02MT01EBS001H0706|52UZPE01152001T02MT01EBS001H0706F0706|3|1|1|1|52UZPE01152001T02MT01EBS001|900091143|CC|MT01|AUXILIARDEENFERMERIA|52UZPE01152001T02MT01EBS001H0706F0706CF706|2025-08-08|1||1||3||1||1|2|11|5|2|2|8||1|13|0||1||1||1||1||7|1|2|1|1|1|2|2|2|2|2|2|2||2|2|1|1||6||1|2|2|1|1|1|2|2|1|52UZPE01152001T02MT01EBS001H070652UZPE01152001T02MT01EBS001H0706F0706
2|552|1|52|UZPE011|52001|T02|MT01|LAS AMÉRICAS|CALLE132011|-77.280839|1.207491||52UZPE01152001T02MT01EBS001H0707|52UZPE01152001T02MT01EBS001H0707F0707|3|4|4|4|52UZPE01152001T02MT01EBS001|900091143|CC|MT01|GESTORCOMUNITARIO|52UZPE01152001T02MT01EBS001H0707F0707CF707|2025-08-08|4||1||3||1||3|2|11|5|3|2|20||2|13|0||1||1||1||1||1|2|1|4|1|1|2|2|2|2|2|2|2||2|2|2|1||6||2|2|2|1|1|1|2|2|1|52UZPE01152001T02MT01EBS001H070752UZPE01152001T02MT01EBS001H0707F0707
2|553|1|52|UZPE011|52001|T02|MT01|LAS AMÉRICAS|CALLE132011A2|-77.280851|1.207556||52UZPE01152001T02MT01EBS001H0708|52UZPE01152001T02MT01EBS001H0708F0708|3|1|1|1|52UZPE01152001T02MT01EBS001|900091143|CC|MT01|AUXILIARDEENFERMERIA|52UZPE01152001T02MT01EBS001H0708F0708CF708|2025-08-08|4||1||3||1||1|2|11|5|3|2|20||2|13|0||1||1||1||1||7|1|1|1|1|1|1|2|2|2|2|2|2||2|2|1|1||6||1|2|2|1|1|1|2|2|1|52UZPE01152001T02MT01EBS001H070852UZPE01152001T02MT01EBS001H0708F0708
2|554|1|52|UZPE011|52001|T02|MT01|LAS AMÉRICAS|CARRERA211328|-77.280594|1.208076||52UZPE01152001T02MT01EBS001H0709|52UZPE01152001T02MT01EBS001H0709F0709|3|1|1|1|52UZPE01152001T02MT01EBS001|900091143|CC|MT01|AUXILIARDEENFERMERIA|52UZPE01152001T02MT01EBS001H0709F0709CF709|2025-08-08|1||1||3||1||1|2|11|5|2|2|20||2|13|0||1||1||1||1||7|1|1|1|1|1|2|2|2|2|2|2|2||2|2|1|1||6||1|2|2|1|1|1|2|2|1|52UZPE01152001T02MT01EBS001H070952UZPE01152001T02MT01EBS001H0709F0709
2|555|1|52|UZPE011|52001|T02|MT01|LAS AMÉRICAS|CRA20N1355|-77.280302|1.207777||52UZPE01152001T02MT01EBS001H0710|52UZPE01152001T02MT01EBS001H0710F0710|3|1|1|3|52UZPE01152001T02MT01EBS001|900091143|CC|MT01|ENFERMERA|52UZPE01152001T02MT01EBS001H0710F0710CF710|2025-08-08|4||1||3||1||3|2|11|4|3|2|20||1|13|0||1||1||1||1||1|3|3|1|1|1|1|2|2|2|2|2|2||2|2|1|1||6||1|2|2|1|1|1|2|2|1|52UZPE01152001T02MT01EBS001H071052UZPE01152001T02MT01EBS001H0710F0710
2|556|1|52|UZPE011|52001|T02|MT01|LAS AMÉRICAS|CARRERA201332|-77.280312|1.207478||52UZPE01152001T02MT01EBS001H0711|52UZPE01152001T02MT01EBS001H0711F0711|3|1|1|2|52UZPE01152001T02MT01EBS001|900091143|CC|MT01|AUXILIARDEENFERMERIA|52UZPE01152001T02MT01EBS001H0711F0711CF711|2025-08-08|4||1||3||2||2|2|11|5|3|1|20||2|13|0||1||1||1||1||2|2|1|1|1|1|1|2|2|2|2|2|2||2|2|1|1||6||1|2|2|1|1|1|2|2|1|52UZPE01152001T02MT01EBS001H071152UZPE01152001T02MT01EBS001H0711F0711
2|557|1|52|UZPE011|52001|T02|MT01|LAS AMÉRICAS|CRA20NO1208LASAMERICAS|-77.281199|1.206914||52UZPE01152001T02MT01EBS001H0712|52UZPE01152001T02MT01EBS001H0712F0712|3|1|1|2|52UZPE01152001T02MT01EBS001|900091143|CC|MT01|ENFERMERA|52UZPE01152001T02MT01EBS001H0712F0712CF712|2025-08-08|4||1||3||1||2|2|11|4|2|2|20||1|13|0||1||1||1||1||2|2|3|1|1|1|1|2|2|2|2|2|2||2|2|1|1||6||1|2|2|1|1|1|2|2|1|52UZPE01152001T02MT01EBS001H071252UZPE01152001T02MT01EBS001H0712F0712
2|558|1|52|UZPE011|52001|T02|MT01|LAS AMÉRICAS|CRA20NO12A21AMERICAS|-77.280704|1.208141||52UZPE01152001T02MT01EBS001H0713|52UZPE01152001T02MT01EBS001H0713F0713|3|1|1|3|52UZPE01152001T02MT01EBS001|900091143|CC|MT01|ENFERMERA|52UZPE01152001T02MT01EBS001H0713F0713CF713|2025-08-08|1||1||3||4||2|2|11|4|3|2|20||1|13|0||1||1||1||1||1|3|3|1|1|1|1|2|2|2|2|2|2||2|2|1|1||6||1|2|2|1|1|1|2|2|1|52UZPE01152001T02MT01EBS001H071352UZPE01152001T02MT01EBS001H0713F0713
2|559|1|52|UZPE011|52001|T02|MT01|LAS AMÉRICAS|CARRERA221488|-77.279712|1.210042||52UZPE01152001T02MT01EBS001H0714|52UZPE01152001T02MT01EBS001H0714F0714|2|1|1|1|52UZPE01152001T02MT01EBS001|900091143|CC|MT01|AUXILIARDEENFERMERIA|52UZPE01152001T02MT01EBS001H0714F0714CF714|2025-08-12|4||1||3||1||1|2|11|5|2|2|20||2|13|0||1||1||1||1||1|2|1|1|1|1|2|2|2|2|2|2|2||2|2|1|1||6||1|2|2|1|1|1|2|2|1|52UZPE01152001T02MT01EBS001H071452UZPE01152001T02MT01EBS001H0714F0714
2|560|1|52|UZPE011|52001|T02|MT01|LAS AMÉRICAS|CRA221472|-77.279922|1.209667||52UZPE01152001T02MT01EBS001H0715|52UZPE01152001T02MT01EBS001H0715F0715|3|1|1|1|52UZPE01152001T02MT01EBS001|900091143|CC|MT01|AUXILIARDEENFERMERIA|52UZPE01152001T02MT01EBS001H0715F0715CF715|2025-08-12|4||1||3||1||1|2|11|5|2|2|20||2|13|0||1||1||1||1||7|1|1|1|1|1|1|2|2|2|2|2|2||2|2|2|1||6||2|2|2|1|1|1|2|2|1|52UZPE01152001T02MT01EBS001H071552UZPE01152001T02MT01EBS001H0715F0715
2|561|1|52|UZPE011|52001|T02|MT01|LAS AMÉRICAS|CRA2213A54|-77.280187|1.209282||52UZPE01152001T02MT01EBS001H0716|52UZPE01152001T02MT01EBS001H0716F0716|1|1|1|1|52UZPE01152001T02MT01EBS001|900091143|CC|MT01|ENFERMERA|52UZPE01152001T02MT01EBS001H0716F0716CF716|2025-08-12|1||1||3||1||1|2|11|5|2|2|20||1|13|0||1||1||1||1||7|1|3|1|1|1|1|2|2|2|2|2|2||2|2|1|1||6||1|2|2|1|1|1|2|2|1|52UZPE01152001T02MT01EBS001H071652UZPE01152001T02MT01EBS001H0716F0716
2|562|1|52|UZPE011|52001|T02|MT01|LAS AMÉRICAS|CARRERA2213A12|-77.280437|1.208958||52UZPE01152001T02MT01EBS001H0717|52UZPE01152001T02MT01EBS001H0717F0717|3|1|1|1|52UZPE01152001T02MT01EBS001|900091143|CC|MT01|AUXILIARDEENFERMERIA|52UZPE01152001T02MT01EBS001H0717F0717CF717|2025-08-12|4||1||3||1||1|2|11|5|2|2|20||2|13|0||1||1||1||1||7|1|1|1|1|1|1|2|2|2|2|2|2||2|2|1|1||6||1|2|2|1|1|1|2|2|1|52UZPE01152001T02MT01EBS001H071752UZPE01152001T02MT01EBS001H0717F0717
2|563|1|52|UZPE011|52001|T02|MT01|LAS AMÉRICAS|CRA22A1360|-77.281089|1.208879||52UZPE01152001T02MT01EBS001H0718|52UZPE01152001T02MT01EBS001H0718F0718|2|1|1|1|52UZPE01152001T02MT01EBS001|900091143|CC|MT01|AUXILIARDEENFERMERIA|52UZPE01152001T02MT01EBS001H0718F0718CF718|2025-08-12|1||1||4||2||1|2|11|5|3|2|20||2|13|0||1||1||1||1||2|1|1|1|1|1|1|2|2|2|2|2|2||2|2|2|1||6||2|2|2|1|1|1|2|2|1|52UZPE01152001T02MT01EBS001H071852UZPE01152001T02MT01EBS001H0718F0718
2|564|1|52|UZPE011|52001|T02|MT01|LAS AMÉRICAS|CRA211330LASAMERICAS|-77.280956|1.20812||52UZPE01152001T02MT01EBS001H0719|52UZPE01152001T02MT01EBS001H0719F0719|3|1|1|2|52UZPE01152001T02MT01EBS001|900091143|CC|MT01|ENFERMERA|52UZPE01152001T02MT01EBS001H0719F0719CF719|2025-08-08|1||1||3||1||2|2|11|4|3|2|20||1|13|0||1||1||1||1||1|2|3|1|1|1|1|2|2|2|2|2|2||2|2|1|1||6||1|2|2|1|1|1|2|2|1|52UZPE01152001T02MT01EBS001H071952UZPE01152001T02MT01EBS001H0719F0719
2|565|1|52|UZPE011|52001|T02|MT01|LAS AMÉRICAS|CRA21NO1330LASAMERICAS|-77.280956|1.20812||52UZPE01152001T02MT01EBS001H0720|52UZPE01152001T02MT01EBS001H0720F0720|3|1|1|1|52UZPE01152001T02MT01EBS001|900091143|CC|MT01|ENFERMERA|52UZPE01152001T02MT01EBS001H0720F0720CF720|2025-08-08|5||1||3||1||1|2|11|4|3|2|20||1|13|0||1||1||1||1||7|1|3|1|1|1|1|2|2|2|2|2|2||2|2|1|1||6||1|2|2|1|1|1|2|2|1|52UZPE01152001T02MT01EBS001H072052UZPE01152001T02MT01EBS001H0720F0720
2|566|1|52|UZPE011|52001|T02|MT01|LAS AMÉRICAS|CALLE132124|-77.281083|1.208213||52UZPE01152001T02MT01EBS001H0721|52UZPE01152001T02MT01EBS001H0721F0721|3|1|1|1|52UZPE01152001T02MT01EBS001|900091143|CC|MT01|AUXILIARDEENFERMERIA|52UZPE01152001T02MT01EBS001H0721F0721CF721|2025-08-13|4||1||3||1||1|2|11|5|2|2|20||2|13|0||1||1||1||1||1|1|1|1|1|1|2|2|2|2|2|2|2||2|2|2|1||6||2|2|2|1|1|1|2|2|1|52UZPE01152001T02MT01EBS001H072152UZPE01152001T02MT01EBS001H0721F0721
2|567|1|52|UZPE011|52001|T02|MT01|LAS AMÉRICAS|CARRERA22A1358|-77.281082|1.208925||52UZPE01152001T02MT01EBS001H0722|52UZPE01152001T02MT01EBS001H0722F0722|2|1|1|1|52UZPE01152001T02MT01EBS001|900091143|CC|MT01|AUXILIARDEENFERMERIA|52UZPE01152001T02MT01EBS001H0722F0722CF722|2025-08-13|4||1||4||2||1|2|11|5|2|2|20||2|13|0||1||1||1||1||7|1|1|1|1|1|1|2|2|2|2|2|2||2|2|1|1||6||1|2|2|1|2|1|2|2|1|52UZPE01152001T02MT01EBS001H072252UZPE01152001T02MT01EBS001H0722F0722
2|568|1|52|UZPE011|52001|T02|MT01|LAS AMÉRICAS|CARRERA22A1358|-77.281082|1.208925||52UZPE01152001T02MT01EBS001H0723|52UZPE01152001T02MT01EBS001H0723F0723|2|1|1|1|52UZPE01152001T02MT01EBS001|900091143|CC|MT01|AUXILIARDEENFERMERIA|52UZPE01152001T02MT01EBS001H0723F0723CF723|2025-08-13|4||1||4||2||1|2|11|5|2|2|20||2|13|0||1||1||1||1||7|1|1|1|1|1|2|2|2|2|2|2|2||2|2|1|1||6||1|2|2|1|1|1|2|2|1|52UZPE01152001T02MT01EBS001H072352UZPE01152001T02MT01EBS001H0723F0723
2|569|1|52|UZPE011|52001|T02|MT01|LAS AMÉRICAS|CARRERA22A1358|-77.281082|1.208925||52UZPE01152001T02MT01EBS001H0724|52UZPE01152001T02MT01EBS001H0724F0724|2|1|1|1|52UZPE01152001T02MT01EBS001|900091143|CC|MT01|AUXILIARDEENFERMERIA|52UZPE01152001T02MT01EBS001H0724F0724CF724|2025-08-13|4||1||4||2||1|2|11|5|3|2|20||2|13|0||1||1||1||1||7|1|1|2|1|1|2|2|2|2|2|2|2||2|2|1|1||6||1|2|2|1|2|1|2|2|1|52UZPE01152001T02MT01EBS001H072452UZPE01152001T02MT01EBS001H0724F0724
2|570|1|52|UZPE011|52001|T02|MT01|LAS AMÉRICAS|CARRERA22A1360|-77.281155|1.208887||52UZPE01152001T02MT01EBS001H0725|52UZPE01152001T02MT01EBS001H0725F0725|1|1|1|2|52UZPE01152001T02MT01EBS001|900091143|CC|MT01|GESTORCOMUNITARIO|52UZPE01152001T02MT01EBS001H0725F0725CF725|2025-08-13|5||2||5||2||1|2|11|5|2|2|20||2|13|0||1||1||1||1||1|2|3|4|1|1|1|2|2|2|2|2|2||2|2|1|1||6||1|2|2|1|2|1|2|2|1|52UZPE01152001T02MT01EBS001H072552UZPE01152001T02MT01EBS001H0725F0725
2|571|1|52|UZPE011|52001|T02|MT01|LAS AMÉRICAS|CRA22A1218|-77.281966|1.208569||52UZPE01152001T02MT01EBS001H0728|52UZPE01152001T02MT01EBS001H0728F0728|3|1|1|1|52UZPE01152001T02MT01EBS001|900091143|CC|MT01|AUXILIARDEENFERMERIA|52UZPE01152001T02MT01EBS001H0728F0728CF728|2025-08-13|1||1||3||1||1|2|11|5|2|2|20||2|13|0||1||1||1||1||7|1|3|1|1|1|1|2|2|2|2|2|2||2|2|2|1||6||2|2|2|1|1|1|2|2|1|52UZPE01152001T02MT01EBS001H072852UZPE01152001T02MT01EBS001H0728F0728
2|572|1|52|UZPE011|52001|T02|MT01|LAS AMÉRICAS|CALLE132231|-77.281672|1.208628||52UZPE01152001T02MT01EBS001H0729|52UZPE01152001T02MT01EBS001H0729F0729|3|1|1|2|52UZPE01152001T02MT01EBS001|900091143|CC|MT01|AUXILIARDEENFERMERIA|52UZPE01152001T02MT01EBS001H0729F0729CF729|2025-08-14|1||1||3||1||2|2|5|5|3|2|20||1|13|0||1||1||1||1||7|1|1|1|1|1|1|2|2|2|2|2|2||2|2|1|1||6||1|2|2|1|2|1|2|2|1|52UZPE01152001T02MT01EBS001H072952UZPE01152001T02MT01EBS001H0729F0729
2|573|1|52|UZPE011|52001|T02|MT01|LAS AMÉRICAS|CALLE132231|-77.281672|1.208628||52UZPE01152001T02MT01EBS001H0730|52UZPE01152001T02MT01EBS001H0730F0730|3|1|1|2|52UZPE01152001T02MT01EBS001|900091143|CC|MT01|AUXILIARDEENFERMERIA|52UZPE01152001T02MT01EBS001H0730F0730CF730|2025-08-14|1||1||3||1||2|2|5|5|2|2|20||1|13|0||1||1||1||1||2|1|1|1|1|1|2|2|2|2|2|2|2||2|2|1|2||6||1|2|2|1|2|1|2|2|1|52UZPE01152001T02MT01EBS001H073052UZPE01152001T02MT01EBS001H0730F0730
2|574|1|52|UZPE011|52001|T02|MT01|LAS AMÉRICAS|CRA22A1306|-77.281444|1.208764||52UZPE01152001T02MT01EBS001H0731|52UZPE01152001T02MT01EBS001H0731F0731|3|1|1|1|52UZPE01152001T02MT01EBS001|900091143|CC|MT01|AUXILIARDEENFERMERIA|52UZPE01152001T02MT01EBS001H0731F0731CF731|2025-08-14|1||1||3||1||1|2|11|5|2|2|20||1|13|0||1||1||1||1||2|2|1|1|1|1|1|2|2|2|2|2|2||2|2|1|2||6||1|2|2|1|1|1|2|2|1|52UZPE01152001T02MT01EBS001H073152UZPE01152001T02MT01EBS001H0731F0731
2|575|1|52|UZPE011|52001|T02|MT01|LAS AMÉRICAS|CARRERA22A1352|-77.281339|1.208883||52UZPE01152001T02MT01EBS001H0732|52UZPE01152001T02MT01EBS001H0732F0732|2|2|2|2|52UZPE01152001T02MT01EBS001|900091143|CC|MT01|GESTORCOMUNITARIO|52UZPE01152001T02MT01EBS001H0732F0732CF732|2025-08-14|4||5||4||4||1|2|11|5|2|2|20||2|13|0||1||1||1||1||1|1|2|4|1|1|3|2|2|2|2|2|2||2|2|1|2||6||1|2|2|1|2|1|2|2|1|52UZPE01152001T02MT01EBS001H073252UZPE01152001T02MT01EBS001H0732F0732
2|576|1|52|UZPE011|52001|T02|MT01|LAS AMÉRICAS|CARRERA22A1352|-77.281339|1.208883||52UZPE01152001T02MT01EBS001H0733|52UZPE01152001T02MT01EBS001H0733F0733|2|2|2|2|52UZPE01152001T02MT01EBS001|900091143|CC|MT01|GESTORCOMUNITARIO|52UZPE01152001T02MT01EBS001H0733F0733CF733|2025-08-14|4||5||4||4||1|2|11|5|2|2|20||2|13|0||1||1||1||1||7|1|2|4|1|1|3|2|2|2|2|2|2||2|2|1|2||6||1|2|2|1|1|1|2|2|1|52UZPE01152001T02MT01EBS001H073352UZPE01152001T02MT01EBS001H0733F0733
2|577|1|52|UZPE011|52001|T02|MT01|LAS AMÉRICAS|CRA221352|-77.281444|1.208764||52UZPE01152001T02MT01EBS001H0734|52UZPE01152001T02MT01EBS001H0734F0734|3|1|1|1|52UZPE01152001T02MT01EBS001|900091143|CC|MT01|AUXILIARDEENFERMERIA|52UZPE01152001T02MT01EBS001H0734F0734CF734|2025-08-14|1||1||3||8||1|2|11|5|2|2|8||1|13|0||1||1||1||1||7|1|1|1|1|1|1|2|2|2|2|2|2||2|2|2|1||6||2|2|2|1|1|1|2|2|1|52UZPE01152001T02MT01EBS001H073452UZPE01152001T02MT01EBS001H0734F0734
2|578|1|52|UZPE011|52001|T02|MT01|LAS AMÉRICAS|CRA221352A2|-77.281444|1.208764||52UZPE01152001T02MT01EBS001H0735|52UZPE01152001T02MT01EBS001H0735F0735|3|1|1|5|52UZPE01152001T02MT01EBS001|900091143|CC|MT01|ENFERMERA|52UZPE01152001T02MT01EBS001H0735F0735CF735|2025-08-14|1||1||3||1||1|1|11|5|2|2|19||1|13|0||1||1||1||1||1|5|3|1|1|1|1|2|2|2|2|2|2||2|2|2|1||6||2|2|2|1|1|1|2|2|1|52UZPE01152001T02MT01EBS001H073552UZPE01152001T02MT01EBS001H0735F0735
2|579|1|52|UZPE011|52001|T02|MT01|LAS AMÉRICAS|CARRERA22A1354|-77.281199|1.208867||52UZPE01152001T02MT01EBS001H0736|52UZPE01152001T02MT01EBS001H0736F0736|3|1|1|1|52UZPE01152001T02MT01EBS001|900091143|CC|MT01|AUXILIARDEENFERMERIA|52UZPE01152001T02MT01EBS001H0736F0736CF736|2025-08-14|4||1||4||4||1|2|11|5|2|2|20||1|13|0||1||2||1||1||7|1|3|1|1|1|1|2|2|2|2|2|2||2|2|1|2||6||1|2|2|1|2|1|2|2|1|52UZPE01152001T02MT01EBS001H073652UZPE01152001T02MT01EBS001H0736F0736
2|580|1|52|UZPE011|52001|T02|MT01|LAS AMÉRICAS|CARRERA22A1396|-77.280989|1.208983||52UZPE01152001T02MT01EBS001H0737|52UZPE01152001T02MT01EBS001H0737F0737|2|1|1|1|52UZPE01152001T02MT01EBS001|900091143|CC|MT01|AUXILIARDEENFERMERIA|52UZPE01152001T02MT01EBS001H0737F0737CF737|2025-08-14|1||1||4||1||1|2|1|5|3|2|20||1|13|0||1||1||1||1||7|1|1|1|1|1|2|2|2|2|2|2|2||2|2|2|1||6||2|2|2|1|1|1|2|2|1|52UZPE01152001T02MT01EBS001H073752UZPE01152001T02MT01EBS001H0737F0737
2|581|1|52|UZPE011|52001|T02|MT01|LAS AMÉRICAS|CRA22A1306A2|-77.281551|1.208715||52UZPE01152001T02MT01EBS001H0738|52UZPE01152001T02MT01EBS001H0738F0738|3|1|1|1|52UZPE01152001T02MT01EBS001|900091143|CC|MT01|ENFERMERA|52UZPE01152001T02MT01EBS001H0738F0738CF738|2025-08-14|1||1||3||1||1|2|11|5|2|2|20||2|13|0||1||1||1||1||7|1|3|1|1|1|1|2|2|2|2|2|2||2|2|1|1||6||1|2|2|1|1|1|2|2|1|52UZPE01152001T02MT01EBS001H073852UZPE01152001T02MT01EBS001H0738F0738
2|582|1|52|UZPE011|52001|T02|MT01|LAS AMÉRICAS|CARRERA22A1233|-77.281833|1.208799||52UZPE01152001T02MT01EBS001H0739|52UZPE01152001T02MT01EBS001H0739F0739|3|1|1|1|52UZPE01152001T02MT01EBS001|900091143|CC|MT01|AUXILIARDEENFERMERIA|52UZPE01152001T02MT01EBS001H0739F0739CF739|2025-08-15|1||1||3||1||1|2|11|5|2|2|20||2|13|0||1||1||1||1||7|1|1|1|1|1|2|2|2|2|2|2|2||2|2|1|1||1||1|2|2|1|1|1|2|2|1|52UZPE01152001T02MT01EBS001H073952UZPE01152001T02MT01EBS001H0739F0739
2|583|1|52|UZPE011|52001|T02|MT01|LAS AMÉRICAS|CALLE1322A33|-77.281811|1.208999||52UZPE01152001T02MT01EBS001H0740|52UZPE01152001T02MT01EBS001H0740F0740|3|1|1|1|52UZPE01152001T02MT01EBS001|900091143|CC|MT01|AUXILIARDEENFERMERIA|52UZPE01152001T02MT01EBS001H0740F0740CF740|2025-08-15|1||1||3||1||1|2|5|5|3|2|8||1|13|0||1||1||1||1||7|1|2|1|1|1|5|2|2|2|2|2|2||2|2|1|2||6||1|2|2|1|1|1|2|2|1|52UZPE01152001T02MT01EBS001H074052UZPE01152001T02MT01EBS001H0740F0740
2|584|1|52|UZPE011|52001|T02|MT01|LAS AMÉRICAS|CARRERA22A1225|-77.281971|1.209651||52UZPE01152001T02MT01EBS001H0741|52UZPE01152001T02MT01EBS001H0741F0741|3|1|1|1|52UZPE01152001T02MT01EBS001|900091143|CC|MT01|AUXILIARDEENFERMERIA|52UZPE01152001T02MT01EBS001H0741F0741CF741|2025-08-15|4||1||3||1||1|2|11|5|3|2|20||2|13|0||1||1||1||1||7|1|1|1|1|1|2|2|2|2|2|2|2||2|2|1|1||6||1|2|2|1|1|1|2|2|1|52UZPE01152001T02MT01EBS001H074152UZPE01152001T02MT01EBS001H0741F0741
2|585|1|52|UZPE011|52001|T02|MT01|LAS AMÉRICAS|CALLE1322A42|-77.281745|1.209081||52UZPE01152001T02MT01EBS001H0742|52UZPE01152001T02MT01EBS001H0742F0742|3|1|1|1|52UZPE01152001T02MT01EBS001|900091143|CC|MT01|AUXILIARDEENFERMERIA|52UZPE01152001T02MT01EBS001H0742F0742CF742|2025-08-15|1||1||3||1||1|2|11|5|2|2|20||2|13|0||1||1||1||1||7|1|1|1|1|1|1|2|2|2|2|2|2||2|2|2|1||6||2|2|2|1|1|1|2|2|1|52UZPE01152001T02MT01EBS001H074252UZPE01152001T02MT01EBS001H0742F0742
2|586|1|52|UZPE011|52001|T02|MT01|LAS AMÉRICAS|CALLE13A2233|-77.280771|1.209206||52UZPE01152001T02MT01EBS001H0743|52UZPE01152001T02MT01EBS001H0743F0743|3|1|1|1|52UZPE01152001T02MT01EBS001|900091143|CC|MT01|ENFERMERA|52UZPE01152001T02MT01EBS001H0743F0743CF743|2025-08-14|4||1||3||1||1|2|11|5|2|2|20||2|13|0||1||1||1||1||7|1|1|1|1|1|1|2|2|2|2|2|2||2|2|2|1||6||2|2|2|1|1|1|2|2|1|52UZPE01152001T02MT01EBS001H074352UZPE01152001T02MT01EBS001H0743F0743
2|587|1|52|UZPE011|52001|T02|MT01|LAS AMÉRICAS|CALLE13A2233A1|-77.280771|1.209206||52UZPE01152001T02MT01EBS001H0744|52UZPE01152001T02MT01EBS001H0744F0744|1|1|1|1|52UZPE01152001T02MT01EBS001|900091143|CC|MT01|AUXILIARDEENFERMERIA|52UZPE01152001T02MT01EBS001H0744F0744CF744|2025-08-14|4||1||3||1||1|2|11|5|2|2|20||1|13|0||1||1||1||1||7|1|3|1|1|1|1|2|2|2|2|2|2||2|2|2|2||6||2|2|2|1|1|1|2|2|1|52UZPE01152001T02MT01EBS001H074452UZPE01152001T02MT01EBS001H0744F0744
2|588|1|52|UZPE011|52001|T02|MT02|CENTRO|CALLE172787|-77.280852|1.21685||52UZPE01152001T02MT02EBS001H0745|52UZPE01152001T02MT02EBS001H0745F0745|3|1|1|1|52UZPE01152001T02MT02EBS001|900091143|CC|MT02|GESTORCOMUNITARIO|52UZPE01152001T02MT02EBS001H0745F0745CF745|2025-08-14|4||1||3||1||1|2|11|5|2|2|20||1|13|0||1||1||1||1||7|1|3|4|1|1|1|2|2|2|2|2|2||2|2|1|1||6||1|2|2|1|1|1|2|2|1|52UZPE01152001T02MT02EBS001H074552UZPE01152001T02MT02EBS001H0745F0745
2|589|1|52|UZPE011|52001|T02|MT03|CENTRO|CARRERA20A2039|-77.274915|1.211197||52UZPE01152001T02MT03EBS001H0746|52UZPE01152001T02MT03EBS001H0746F0746|2|1|1|1|52UZPE01152001T02MT03EBS001|900091143|CC|MT03|GESTORCOMUNITARIO|52UZPE01152001T02MT03EBS001H0746F0746CF746|2025-07-16|1||1||3||1||1|2|11|5|2|2|20||2|13|0||1||1||1||1||7|1|3|1|1|1|1|2|2|2|2|2|2||2|2|1|2||6||1|2|2|1|2|1|2|2|1|52UZPE01152001T02MT03EBS001H074652UZPE01152001T02MT03EBS001H0746F0746
2|590|1|52|UZPE011|52001|T02|MT03|CENTRO|CALLE212003|-77.27437|1.210751||52UZPE01152001T02MT03EBS001H0748|52UZPE01152001T02MT03EBS001H0748F0748|2|1|1|1|52UZPE01152001T02MT03EBS001|900091143|CC|MT03|GESTORCOMUNITARIO|52UZPE01152001T02MT03EBS001H0748F0748CF748|2025-08-16|1||1||3||1||1|2|11|5|2|2|20||2|13|0||1||1||1||1||7|1|3|1|1|1|1|2|2|2|2|2|2||2|2|1|2||6||1|2|2|1|1|1|2|2|1|52UZPE01152001T02MT03EBS001H074852UZPE01152001T02MT03EBS001H0748F0748
2|591|1|52|UZPE011|52001|T02|MT03|CENTRO|CARRERA22BIS19B19|-77.275435|1.209721||52UZPE01152001T02MT03EBS001H0749|52UZPE01152001T02MT03EBS001H0749F0749|1|1|1|1|52UZPE01152001T02MT03EBS001|900091143|CC|MT03|GESTORCOMUNITARIO|52UZPE01152001T02MT03EBS001H0749F0749CF749|2025-08-18|5||1||3||1||1|2|11|5|2|2|20||2|13|0||1||1||1||1||7|1|3|1|1|1|1|2|2|2|2|2|2||2|2|2|2||6||2|2|2|1|2|1|2|2|1|52UZPE01152001T02MT03EBS001H074952UZPE01152001T02MT03EBS001H0749F0749
2|592|1|52|UZPE011|52001|T02|MT01|LAS AMÉRICAS|CARRERA2213A64|-77.280653|1.209758||52UZPE01152001T02MT01EBS001H0750|52UZPE01152001T02MT01EBS001H0750F0750|2|1|1|2|52UZPE01152001T02MT01EBS001|900091143|CC|MT01|GESTORCOMUNITARIO|52UZPE01152001T02MT01EBS001H0750F0750CF750|2025-08-20|4||1||3||1||1|2|11|5|2|2|20||2|13|0||1||1||1||1||1|2|1|4|1|1|2|2|2|2|2|2|2||2|2|2|1||6||2|2|2|1|1|1|2|2|1|52UZPE01152001T02MT01EBS001H075052UZPE01152001T02MT01EBS001H0750F0750
2|593|1|52|UZPE011|52001|T02|MT01|LAS AMÉRICAS|CARRERA22A1355|-77.28066|1.209752||52UZPE01152001T02MT01EBS001H0751|52UZPE01152001T02MT01EBS001H0751F0751|1|1|1|1|52UZPE01152001T02MT01EBS001|900091143|CC|MT01|AUXILIARDEENFERMERIA|52UZPE01152001T02MT01EBS001H0751F0751CF751|2025-08-20|5||1||3||1||1|2|11|5|2|2|20||2|13|0||1||1||1||1||7|1|3|1|1|1|2|2|2|2|2|2|2||2|2|1|2||6||1|2|2|1|1|1|2|2|1|52UZPE01152001T02MT01EBS001H075152UZPE01152001T02MT01EBS001H0751F0751
2|594|1|52|UZPE011|52001|T02|MT01|LAS AMÉRICAS|CRA22A13A20|-77.280701|1.209622||52UZPE01152001T02MT01EBS001H0752|52UZPE01152001T02MT01EBS001H0752F0752|3|1|1|1|52UZPE01152001T02MT01EBS001|900091143|CC|MT01|AUXILIARDEENFERMERIA|52UZPE01152001T02MT01EBS001H0752F0752CF752|2025-08-20|1||1||3||1||1|2|11|5|3|2|20||2|13|0||1||1||1||1||7|1|1|1|1|1|1|2|2|2|2|2|2||2|2|2|1||6||2|2|2|1|1|1|2|2|1|52UZPE01152001T02MT01EBS001H075252UZPE01152001T02MT01EBS001H0752F0752
2|595|1|52|UZPE011|52001|T02|MT01|LAS AMÉRICAS|CA|-77.280536|1.209255||52UZPE01152001T02MT01EBS001H0753|52UZPE01152001T02MT01EBS001H0753F0753|3|1|1|3|52UZPE01152001T02MT01EBS001|900091143|CC|MT01|AUXILIARDEENFERMERIA|52UZPE01152001T02MT01EBS001H0753F0753CF753|2025-08-20|1||1||3||8||2|2|11|5|3|2|20||2|13|0||1||1||1||1||1|3|1|1|1|1|2|2|2|2|2|2|2||2|2|1|1||6||1|2|2|1|1|1|2|2|1|52UZPE01152001T02MT01EBS001H075352UZPE01152001T02MT01EBS001H0753F0753
2|596|1|52|UZPE011|52001|T02|MT01|LAS AMÉRICAS|CARRERA22A1406|-77.280594|1.209906||52UZPE01152001T02MT01EBS001H0754|52UZPE01152001T02MT01EBS001H0754F0754|3|1|1|1|52UZPE01152001T02MT01EBS001|900091143|CC|MT01|AUXILIARDEENFERMERIA|52UZPE01152001T02MT01EBS001H0754F0754CF754|2025-08-20|1||1||3||4||1|2|11|5|3|2|20||2|13|0||3||1||1||1||7|1|1|3|1|1|2|2|2|2|2|2|2||2|2|1|1||6||1|2|2|1|2|1|2|2|1|52UZPE01152001T02MT01EBS001H075452UZPE01152001T02MT01EBS001H0754F0754
2|597|1|52|UZPE011|52001|T02|MT03|CENTRO|CALLE152224|-77.279756|1.210462||52UZPE01152001T02MT03EBS001H0755|52UZPE01152001T02MT03EBS001H0755F0755|3|1|1|1|52UZPE01152001T02MT03EBS001|900091143|CC|MT03|AUXILIARDEENFERMERIA|52UZPE01152001T02MT03EBS001H0755F0755CF755|2025-08-20|1||1||3||1||1|2|11|5|2|2|20||2|13|0||1||1||1||1||7|1|1|1|1|1|1|2|2|2|2|2|2||2|2|1|1||6||1|2|2|1|1|1|2|2|1|52UZPE01152001T02MT03EBS001H075552UZPE01152001T02MT03EBS001H0755F0755
2|598|1|52|UZPE011|52001|T02|MT03|CENTRO|CARRERA221638|-77.27899|1.211364||52UZPE01152001T02MT03EBS001H0756|52UZPE01152001T02MT03EBS001H0756F0756|3|1|1|1|52UZPE01152001T02MT03EBS001|900091143|CC|MT03|AUXILIARDEENFERMERIA|52UZPE01152001T02MT03EBS001H0756F0756CF756|2025-08-20|1||1||3||1||1|2|11|5|2|2|20||2|13|0||1||1||1||1||7|1|3|1|1|1|2|2|2|2|2|2|2||2|2|1|2||6||1|2|2|1|2|1|2|2|1|52UZPE01152001T02MT03EBS001H075652UZPE01152001T02MT03EBS001H0756F0756
2|599|1|52|UZPE011|52001|T02|MT03|CENTRO|CARRERA231471|-77.281176|1.212063||52UZPE01152001T02MT03EBS001H0757|52UZPE01152001T02MT03EBS001H0757F0757|4|1|1|1|52UZPE01152001T02MT03EBS001|900091143|CC|MT03|AUXILIARDEENFERMERIA|52UZPE01152001T02MT03EBS001H0757F0757CF757|2025-08-21|1||1||3||1||1|2|11|5|3|2|20||1|13|0||1||1||1||1||7|1|1|1|1|1|1|2|2|2|2|2|2||2|2|1|1||6||1|2|2|1|2|1|2|2|1|52UZPE01152001T02MT03EBS001H075752UZPE01152001T02MT03EBS001H0757F0757
2|600|1|52|UZPE011|52001|T02|MT01|LAS AMÉRICAS|CRA22A1420|-77.280538|1.210058||52UZPE01152001T02MT01EBS001H0758|52UZPE01152001T02MT01EBS001H0758F0758|3|2|2|2|52UZPE01152001T02MT01EBS001|900091143|CC|MT01|AUXILIARDEENFERMERIA|52UZPE01152001T02MT01EBS001H0758F0758CF758|2025-08-20|1||1||3||1||2|2|11|5|2|2|20||2|13|0||1||1||1||1||7|1|1|1|1|1|1|2|2|2|2|2|2||2|2|2|1||6||2|2|2|1|1|1|2|2|1|52UZPE01152001T02MT01EBS001H075852UZPE01152001T02MT01EBS001H0758F0758
2|601|1|52|UZPE011|52001|T02|MT01|LAS AMÉRICAS|CRA22A1420|-77.280538|1.210058||52UZPE01152001T02MT01EBS001H0759|52UZPE01152001T02MT01EBS001H0759F0759|3|2|2|2|52UZPE01152001T02MT01EBS001|900091143|CC|MT01|AUXILIARDEENFERMERIA|52UZPE01152001T02MT01EBS001H0759F0759CF759|2025-08-20|1||1||3||1||2|2|11|5|2|2|20||2|13|0||1||1||1||1||7|1|1|1|1|1|1|2|2|2|2|2|2||2|2|2|1||6||2|2|2|1|1|1|2|2|1|52UZPE01152001T02MT01EBS001H075952UZPE01152001T02MT01EBS001H0759F0759
2|602|1|52|UZPE011|52001|T02|MT02|CENTRO|CALLE172931H1|-77.281363|1.218133||52UZPE01152001T02MT02EBS001H0760|52UZPE01152001T02MT02EBS001H0760F0760|3|1|1|1|52UZPE01152001T02MT02EBS001|900091143|CC|MT02|AUXILIARDEENFERMERIA|52UZPE01152001T02MT02EBS001H0760F0760CF760|2025-08-22|1||1||3||1||1|2|11|5|2|2|7||2|13|0||1||1||1||1||7|1|2|1|1|1|1|2|2|2|2|2|2||2|2|2|2||6||2|2|2|1|2|1|2|2|1|52UZPE01152001T02MT02EBS001H076052UZPE01152001T02MT02EBS001H0760F0760
2|603|1|52|UZPE011|52001|T02|MT02|CENTRO|CALLE172931H2|-77.281363|1.218133||52UZPE01152001T02MT02EBS001H0761|52UZPE01152001T02MT02EBS001H0761F0761|3|1|1|1|52UZPE01152001T02MT02EBS001|900091143|CC|MT02|AUXILIARDEENFERMERIA|52UZPE01152001T02MT02EBS001H0761F0761CF761|2025-08-22|1||1||3||1||1|1|11|5|2|2|7||2|13|0||1||1||1||1||7|1|2|1|1|1|1|2|2|2|2|2|2||2|2|2|2||6||2|2|2|1|1|1|2|2|1|52UZPE01152001T02MT02EBS001H076152UZPE01152001T02MT02EBS001H0761F0761
2|604|1|52|UZPE011|52001|T02|MT02|CENTRO|CALLE172931H3|-77.281363|1.218133||52UZPE01152001T02MT02EBS001H0762|52UZPE01152001T02MT02EBS001H0762F0762|3|1|1|1|52UZPE01152001T02MT02EBS001|900091143|CC|MT02|AUXILIARDEENFERMERIA|52UZPE01152001T02MT02EBS001H0762F0762CF762|2025-08-22|1||1||3||1||1|2|11|5|2|2|7||2|13|0||1||1||1||1||7|1|2|1|1|1|1|2|2|2|2|2|2||2|2|2|2||6||2|2|2|1|1|1|2|2|1|52UZPE01152001T02MT02EBS001H076252UZPE01152001T02MT02EBS001H0762F0762
2|605|1|52|UZPE011|52001|T02|MT02|CENTRO|CALLE172931H4|-77.281363|1.218133||52UZPE01152001T02MT02EBS001H0763|52UZPE01152001T02MT02EBS001H0763F0763|3|1|1|1|52UZPE01152001T02MT02EBS001|900091143|CC|MT02|AUXILIARDEENFERMERIA|52UZPE01152001T02MT02EBS001H0763F0763CF763|2025-08-22|1||1||3||1||1|2|11|5|2|2|7||2|13|0||1||1||1||1||7|1|1|1|1|1|1|2|2|2|2|2|2||2|2|2|2||6||2|2|2|1|1|1|2|2|1|52UZPE01152001T02MT02EBS001H076352UZPE01152001T02MT02EBS001H0763F0763
2|606|1|52|UZPE011|52001|T02|MT02|CENTRO|CALLE172931H5|-77.281363|1.218133||52UZPE01152001T02MT02EBS001H0764|52UZPE01152001T02MT02EBS001H0764F0764|3|1|1|1|52UZPE01152001T02MT02EBS001|900091143|CC|MT02|AUXILIARDEENFERMERIA|52UZPE01152001T02MT02EBS001H0764F0764CF764|2025-08-22|1||1||3||1||1|2|11|5|2|2|7||2|13|0||1||1||1||1||7|1|3|1|1|1|1|2|2|2|2|2|2||2|2|2|2||6||2|2|2|1|1|1|2|2|1|52UZPE01152001T02MT02EBS001H076452UZPE01152001T02MT02EBS001H0764F0764
2|607|1|52|UZPE011|52001|T02|MT02|CENTRO|CALLE172931H6|-77.281363|1.218133||52UZPE01152001T02MT02EBS001H0765|52UZPE01152001T02MT02EBS001H0765F0765|3|1|1|1|52UZPE01152001T02MT02EBS001|900091143|CC|MT02|AUXILIARDEENFERMERIA|52UZPE01152001T02MT02EBS001H0765F0765CF765|2025-08-22|1||1||3||1||1|2|11|5|2|2|7||2|13|0||1||1||1||1||7|1|2|1|1|1|1|2|2|2|2|2|2||2|2|2|2||6||2|2|2|1|1|1|2|2|1|52UZPE01152001T02MT02EBS001H076552UZPE01152001T02MT02EBS001H0765F0765
2|608|1|52|UZPE011|52001|T02|MT02|CENTRO|CALLE172931H7|-77.281363|1.218133||52UZPE01152001T02MT02EBS001H0766|52UZPE01152001T02MT02EBS001H0766F0766|3|1|1|1|52UZPE01152001T02MT02EBS001|900091143|CC|MT02|AUXILIARDEENFERMERIA|52UZPE01152001T02MT02EBS001H0766F0766CF766|2025-08-22|1||1||3||1||1|2|11|5|2|2|7||2|13|0||1||1||1||1||7|1|2|1|1|1|1|2|2|2|2|2|2||2|2|2|2||6||2|2|2|1|1|1|2|2|1|52UZPE01152001T02MT02EBS001H076652UZPE01152001T02MT02EBS001H0766F0766
2|609|1|52|UZPE011|52001|T02|MT02|CENTRO|CALLE172931H8|-77.281363|1.218133||52UZPE01152001T02MT02EBS001H0767|52UZPE01152001T02MT02EBS001H0767F0767|3|1|1|1|52UZPE01152001T02MT02EBS001|900091143|CC|MT02|AUXILIARDEENFERMERIA|52UZPE01152001T02MT02EBS001H0767F0767CF767|2025-08-22|1||1||3||1||1|2|11|5|2|2|7||2|13|0||1||1||1||1||7|1|2|1|1|1|1|2|2|2|2|2|2||2|2|1|2||6||1|2|2|1|1|1|2|2|1|52UZPE01152001T02MT02EBS001H076752UZPE01152001T02MT02EBS001H0767F0767
2|610|1|52|UZPE011|52001|T02|MT02|CENTRO|CALLE172931H9|-77.281363|1.218133||52UZPE01152001T02MT02EBS001H0768|52UZPE01152001T02MT02EBS001H0768F0768|3|1|1|1|52UZPE01152001T02MT02EBS001|900091143|CC|MT02|AUXILIARDEENFERMERIA|52UZPE01152001T02MT02EBS001H0768F0768CF768|2025-08-22|1||1||3||1||1|2|11|5|2|2|7||2|13|0||1||1||1||1||7|1|2|1|1|1|1|2|2|2|2|2|2||2|2|1|2||6||1|2|2|1|1|1|2|2|1|52UZPE01152001T02MT02EBS001H076852UZPE01152001T02MT02EBS001H0768F0768
2|611|1|52|UZPE011|52001|T02|MT02|CENTRO|CALLE172931CENTRO|-77.280471|1.217026||52UZPE01152001T02MT02EBS001H0769|52UZPE01152001T02MT02EBS001H0769F0769|3|1|1|1|52UZPE01152001T02MT02EBS001|900091143|CC|MT02|ENFERMERA|52UZPE01152001T02MT02EBS001H0769F0769CF769|2025-08-22|1||1||3||1||1|2|11|4|3|2|20||2|13|0||1||1||1||1||7|1|3|1|1|1|1|2|2|2|2|2|2||2|2|1|1||6||1|2|2|1|1|1|2|2|1|52UZPE01152001T02MT02EBS001H076952UZPE01152001T02MT02EBS001H0769F0769
2|612|1|52|UZPE011|52001|T02|MT02|CENTRO|CALLE17NO2931CENTROUNO|-77.280471|1.217026||52UZPE01152001T02MT02EBS001H0770|52UZPE01152001T02MT02EBS001H0770F0770|3|1|1|1|52UZPE01152001T02MT02EBS001|900091143|CC|MT02|ENFERMERA|52UZPE01152001T02MT02EBS001H0770F0770CF770|2025-08-22|5||1||3||1||1|2|11|5|3|2|20||2|13|0||1||1||1||1||7|1|3|1|1|1|1|2|2|2|2|2|2||2|2|1|1||6||1|2|2|1|2|1|2|2|1|52UZPE01152001T02MT02EBS001H077052UZPE01152001T02MT02EBS001H0770F0770
2|613|1|52|UZPE011|52001|T02|MT02|CENTRO|CALLE172931CENTRO19|-77.280471|1.217026||52UZPE01152001T02MT02EBS001H0771|52UZPE01152001T02MT02EBS001H0771F0771|3|1|1|1|52UZPE01152001T02MT02EBS001|900091143|CC|MT02|ENFERMERA|52UZPE01152001T02MT02EBS001H0771F0771CF771|2025-08-22|5||1||3||1||1|2|11|5|3|2|20||2|13|0||1||1||1||1||7|1|3|1|1|1|1|2|2|2|2|2|2||2|2|1|1||9||1|2|2|1|2|1|2|2|1|52UZPE01152001T02MT02EBS001H077152UZPE01152001T02MT02EBS001H0771F0771
2|614|1|52|UZPE011|52001|T02|MT02|CENTRO|CALLE172931CENTROHABITACION22|-77.280471|1.217026||52UZPE01152001T02MT02EBS001H0773|52UZPE01152001T02MT02EBS001H0773F0773|3|1|1|1|52UZPE01152001T02MT02EBS001|900091143|CC|MT02|ENFERMERA|52UZPE01152001T02MT02EBS001H0773F0773CF773|2025-08-22|5||1||3||1||1|2|11|5|3|2|20||2|13|0||1||1||1||1||7|1|3|1|1|1|1|2|2|2|2|2|2||2|2|1|1||9||1|2|2|1|2|1|2|2|1|52UZPE01152001T02MT02EBS001H077352UZPE01152001T02MT02EBS001H0773F0773
2|615|1|52|UZPE011|52001|T02|MT02|CENTRO|CALLE172931CENTROHABITACION23|-77.280471|1.217026||52UZPE01152001T02MT02EBS001H0774|52UZPE01152001T02MT02EBS001H0774F0774|3|1|1|1|52UZPE01152001T02MT02EBS001|900091143|CC|MT02|ENFERMERA|52UZPE01152001T02MT02EBS001H0774F0774CF774|2025-08-22|5||1||3||1||1|2|11|5|3|2|20||2|13|0||1||1||1||1||7|1|3|1|1|1|1|2|2|2|2|2|2||2|2|1|1||9||1|2|2|1|2|1|2|2|1|52UZPE01152001T02MT02EBS001H077452UZPE01152001T02MT02EBS001H0774F0774
2|616|1|52|UZPE011|52001|T02|MT02|CENTRO|CALLE172931CENTROHABITACION24|-77.280471|1.217026||52UZPE01152001T02MT02EBS001H0775|52UZPE01152001T02MT02EBS001H0775F0775|3|1|1|1|52UZPE01152001T02MT02EBS001|900091143|CC|MT02|ENFERMERA|52UZPE01152001T02MT02EBS001H0775F0775CF775|2025-08-22|5||1||3||1||1|2|11|5|3|2|20||2|13|0||1||1||1||1||7|1|3|1|1|1|1|2|2|2|2|2|2||2|2|1|2||9||1|2|2|1|2|1|2|2|1|52UZPE01152001T02MT02EBS001H077552UZPE01152001T02MT02EBS001H0775F0775
2|617|1|52|UZPE011|52001|T02|MT02|CENTRO|CALLE172931CENTROHABITACION25|-77.280471|1.217026||52UZPE01152001T02MT02EBS001H0776|52UZPE01152001T02MT02EBS001H0776F0776|3|1|1|1|52UZPE01152001T02MT02EBS001|900091143|CC|MT02|ENFERMERA|52UZPE01152001T02MT02EBS001H0776F0776CF776|2025-08-22|5||1||3||1||1|2|11|5|3|2|20||2|13|0||1||1||1||1||7|1|3|1|1|1|1|2|2|2|2|2|2||2|2|1|2||9||1|2|2|1|2|1|2|2|1|52UZPE01152001T02MT02EBS001H077652UZPE01152001T02MT02EBS001H0776F0776
2|618|1|52|UZPE011|52001|T02|MT02|CENTRO|CALLE172931CENTROHABITACION26|-77.280471|1.217026||52UZPE01152001T02MT02EBS001H0777|52UZPE01152001T02MT02EBS001H0777F0777|3|1|1|1|52UZPE01152001T02MT02EBS001|900091143|CC|MT02|ENFERMERA|52UZPE01152001T02MT02EBS001H0777F0777CF777|2025-08-22|5||1||3||1||1|1|11|5|3|2|20||2|13|0||1||1||1||1||7|1|3|1|1|1|1|2|2|2|2|2|2||2|2|1|1||9||1|2|2|1|2|1|2|2|1|52UZPE01152001T02MT02EBS001H077752UZPE01152001T02MT02EBS001H0777F0777
2|619|1|52|UZPE011|52001|T02|MT04|SAN FELIPE|CARRERA271273B|-77.284526|1.214436||52UZPE01152001T02MT04EBS001H0778|52UZPE01152001T02MT04EBS001H0778F0778|2|1|1|1|52UZPE01152001T02MT04EBS001|900091143|CC|MT04|AUXILIARDEENFERMERIA|52UZPE01152001T02MT04EBS001H0778F0778CF778|2025-08-06|5||1||3||1||1|2|11|5|2|2|20||2|13|0||1||1||1||1||7|1|1|1|1|1|1|2|2|2|2|2|2||2|2|1|1||6||1|2|2|1|2|1|2|2|1|52UZPE01152001T02MT04EBS001H077852UZPE01152001T02MT04EBS001H0778F0778
2|620|1|52|UZPE011|52001|T03|MT03|RENACER|CRA22B553CARACHA|-77.285167|1.207187||52UZPE01152001T03MT03EBS001H0779|52UZPE01152001T03MT03EBS001H0779F0779|2|1|1|1|52UZPE01152001T03MT03EBS001|900091143|PT|MT03|AUXILIARDEENFERMERIA|52UZPE01152001T03MT03EBS001H0779F0779CF779|2025-09-30|1||1||3||1||1|2|11|5|3|2|7||1|13|0||1||1||1||1||7|1|3|1|1|1|1|2|2|2|2|2|2||2|2|2|2||6||2|2|2|1|1|1|2|2|1|52UZPE01152001T03MT03EBS001H077952UZPE01152001T03MT03EBS001H0779F0779
2|621|1|52|UZPE011|52001|T03|MT03|RENACER|CRA22B818|-77.28485|1.207663||52UZPE01152001T03MT03EBS001H0780|52UZPE01152001T03MT03EBS001H0780F0780|2|1|1|3|52UZPE01152001T03MT03EBS001|900091143|CC|MT03|PSICOLOGO|52UZPE01152001T03MT03EBS001H0780F0780CF780|2025-09-29|1||1||3||1||2|2|11|5|3|2|20||1|13|0||1||1||1||1||1|3|1|1|1|1|1|2|2|2|2|2|2||2|2|2|2||6||2|2|2|1|2|1|2|2|1|52UZPE01152001T03MT03EBS001H078052UZPE01152001T03MT03EBS001H0780F0780
2|622|1|52|UZPE011|52001|T03|MT01|SANTIAGO|CRA22B1017|-77.283881|1.208731||52UZPE01152001T03MT01EBS001H0781|52UZPE01152001T03MT01EBS001H0781F0781|2|1|1|2|52UZPE01152001T03MT01EBS001|900091143|PT|MT01|AUXILIARDEENFERMERIA|52UZPE01152001T03MT01EBS001H0781F0781CF781|2025-10-02|1||1||3||1||2|2|11|1|3|2|20||2|13|0||1||1||1||1||2|2|3|1|1|1|1|2|2|2|2|2|2||2|2|1|1||6||1|2|2|1|1|1|2|2|1|52UZPE01152001T03MT01EBS001H078152UZPE01152001T03MT01EBS001H0781F0781
2|623|1|52|UZPE011|52001|T03|MT03|RENACER|CALLE1022B19|-77.284017|1.208765||52UZPE01152001T03MT03EBS001H0782|52UZPE01152001T03MT03EBS001H0782F0782|2|1|1|1|52UZPE01152001T03MT03EBS001|900091143|CC|MT03|PSICOLOGO|52UZPE01152001T03MT03EBS001H0782F0782CF782|2025-10-02|1||1||3||1||1|2|11|5|3|2|20||2|13|0||1||1||1||1||7|1|1|1|1|1|1|2|2|2|2|2|2||2|2|1|2||6||1|2|2|1|1|1|2|2|1|52UZPE01152001T03MT03EBS001H078252UZPE01152001T03MT03EBS001H0782F0782
2|624|1|52|UZPE011|52001|T03|MT03|RENACER|CRA22E934|-77.284602|1.208915||52UZPE01152001T03MT03EBS001H0783|52UZPE01152001T03MT03EBS001H0783F0783|2|1|1|2|52UZPE01152001T03MT03EBS001|900091143|CC|MT03|PSICOLOGO|52UZPE01152001T03MT03EBS001H0783F0783CF783|2025-10-02|1||1||3||1||2|2|11|1|3|2|20||2|13|0||1||1||1||1||2|2|1|1|1|1|1|2|2|2|2|2|2||2|2|2|2||6||2|2|2|1|1|1|2|2|1|52UZPE01152001T03MT03EBS001H078352UZPE01152001T03MT03EBS001H0783F0783
2|625|1|52|UZPE011|52001|T03|MT03|RENACER|CALLE922D04|-77.28466|1.208626||52UZPE01152001T03MT03EBS001H0784|52UZPE01152001T03MT03EBS001H0784F0784|2|1|1|4|52UZPE01152001T03MT03EBS001|900091143|CC|MT03|PSICOLOGO|52UZPE01152001T03MT03EBS001H0784F0784CF784|2025-10-02|1||1||3||1||3|2|11|5|3|2|20||2|13|0||1||1||1||1||1|4|3|1|1|1|1|2|2|2|2|2|2||2|2|2|2||6||2|2|2|1|2|1|2|2|1|52UZPE01152001T03MT03EBS001H078452UZPE01152001T03MT03EBS001H0784F0784
2|626|1|52|UZPE011|52001|T03|MT03|RENACER|CALLE922D45|-77.284824|1.208809||52UZPE01152001T03MT03EBS001H0785|52UZPE01152001T03MT03EBS001H0785F0785|2|1|1|2|52UZPE01152001T03MT03EBS001|900091143|CC|MT03|PSICOLOGO|52UZPE01152001T03MT03EBS001H0785F0785CF785|2025-10-02|1||1||3||1||1|2|11|5|3|2|20||2|13|0||1||1||1||1||1|2|1|1|1|1|1|2|2|2|2|2|2||2|2|2|2||6||2|2|2|1|1|1|2|2|1|52UZPE01152001T03MT03EBS001H078552UZPE01152001T03MT03EBS001H0785F0785
2|627|1|52|UZPE011|52001|T03|MT01|SANTIAGO|CRA22B579|-77.285077|1.207242||52UZPE01152001T03MT01EBS001H0786|52UZPE01152001T03MT01EBS001H0786F0786|2|1|1|1|52UZPE01152001T03MT01EBS001|900091143|PT|MT01|AUXILIARDEENFERMERIA|52UZPE01152001T03MT01EBS001H0786F0786CF786|2025-09-30|1||1||3||1||3|2|11|5|3|2|20||2|13|0||1||1||1||1||1|1|3|1|1|1|1|2|2|2|2|2|2||2|2|1|1||6||1|2|2|1|1|1|2|2|1|52UZPE01152001T03MT01EBS001H078652UZPE01152001T03MT01EBS001H0786F0786
2|628|1|52|UZPE011|52001|T03|MT01|SANTIAGO|CRA22B839|-77.284974|1.207694||52UZPE01152001T03MT01EBS001H0787|52UZPE01152001T03MT01EBS001H0787F0787|2|1|1|2|52UZPE01152001T03MT01EBS001|900091143|PT|MT01|AUXILIARDEENFERMERIA|52UZPE01152001T03MT01EBS001H0787F0787CF787|2025-09-30|1||1||3||1||1|2|1|5|3|2|7||1|13|0||1||1||1||1||1|2|3|1|1|1|1|2|2|2|2|2|2||2|2|1|1||6||1|2|2|1|2|1|2|2|1|52UZPE01152001T03MT01EBS001H078752UZPE01152001T03MT01EBS001H0787F0787
2|629|1|52|UZPE011|52001|T02|MT01|LAS AMÉRICAS|CARRERA181533|-77.278325|1.207719||52UZPE01152001T02MT01EBS001H0788|52UZPE01152001T02MT01EBS001H0788F0788|3|1|1|1|52UZPE01152001T02MT01EBS001|900091143|CC|MT01|AUXILIARDEENFERMERIA|52UZPE01152001T02MT01EBS001H0788F0788CF788|2025-09-30|4||1||3||1||1|2|11|5|3|2|20||1|13|0||1||1||1||1||7|1|3|1|1|1|1|2|2|2|2|2|2||2|2|2|2||6||2|2|2|1|1|1|2|2|1|52UZPE01152001T02MT01EBS001H078852UZPE01152001T02MT01EBS001H0788F0788
2|630|1|52|UZPE011|52001|T03|MT01|SANTIAGO|CRA22C749|-77.285591|1.207881||52UZPE01152001T03MT01EBS001H0789|52UZPE01152001T03MT01EBS001H0789F0789|2|1|1|2|52UZPE01152001T03MT01EBS001|900091143|PT|MT01|AUXILIARDEENFERMERIA|52UZPE01152001T03MT01EBS001H0789F0789CF789|2025-10-10|1||1||3||1||2|2|11|5|3|2|7||2|13|0||1||1||1||1||1|2|1|1|1|1|1|2|2|2|2|2|2||2|2|1|2||6||1|2|2|1|1|1|2|2|1|52UZPE01152001T03MT01EBS001H078952UZPE01152001T03MT01EBS001H0789F0789
2|631|1|52|UZPE011|52001|T03|MT01|SANTIAGO|CALLE9CRA22D41|-77.284821|1.208751||52UZPE01152001T03MT01EBS001H0791|52UZPE01152001T03MT01EBS001H0791F0791|2|1|1|1|52UZPE01152001T03MT01EBS001|900091143|PT|MT01|AUXILIARDEENFERMERIA|52UZPE01152001T03MT01EBS001H0791F0791CF791|2025-10-02|1||1||3||1||1|2|11|5|3|2|20||2|13|0||1||1||1||1||7|1|3|1|1|1|1|2|2|2|2|2|2||2|2|1|2||6||1|2|2|1|1|1|2|2|1|52UZPE01152001T03MT01EBS001H079152UZPE01152001T03MT01EBS001H0791F0791
2|632|1|52|UZPE011|52001|T03|MT01|SANTIAGO|CALLE922B43|-77.284731|1.208491||52UZPE01152001T03MT01EBS001H0792|52UZPE01152001T03MT01EBS001H0792F0792|2|1|1|3|52UZPE01152001T03MT01EBS001|900091143|PT|MT01|AUXILIARDEENFERMERIA|52UZPE01152001T03MT01EBS001H0792F0792CF792|2025-10-02|1||1||3||1||2|2|11|4|3|2|7||1|13|0||1||1||1||1||4|3|1|1|1|1|1|2|2|2|2|2|2||2|2|1|2||6||1|2|2|1|2|1|2|2|1|52UZPE01152001T03MT01EBS001H079252UZPE01152001T03MT01EBS001H0792F0792
2|633|1|52|UZPE011|52001|T03|MT01|SANTIAGO|CRA22D814|-77.285391|1.208311||52UZPE01152001T03MT01EBS001H0793|52UZPE01152001T03MT01EBS001H0793F0793|2|1|1|1|52UZPE01152001T03MT01EBS001|900091143|PT|MT01|AUXILIARDEENFERMERIA|52UZPE01152001T03MT01EBS001H0793F0793CF793|2025-10-08|1||1||3||1||1|2|11|5|3|2|20||2|13|0||1||1||1||1||7|1|1|1|1|1|1|2|2|2|2|2|2||2|2|1|1||6||1|2|2|1|1|1|2|2|1|52UZPE01152001T03MT01EBS001H079352UZPE01152001T03MT01EBS001H0793F0793
2|634|1|52|UZPE011|52001|T03|MT01|SANTIAGO|CARRER22D35|-77.284648|1.208839||52UZPE01152001T03MT01EBS001H0794|52UZPE01152001T03MT01EBS001H0794F0794|2|1|1|1|52UZPE01152001T03MT01EBS001|900091143|CC|MT01|AUXILIARDEENFERMERIA|52UZPE01152001T03MT01EBS001H0794F0794CF794|2025-10-02|5||1||3||1||1|2|11|5|2|2|20||2|13|0||1||1||1||1||7|1|1|3|1|1|3|2|2|2|2|2|2||2|2|1|1||6||1|2|2|1|1|1|2|2|1|52UZPE01152001T03MT01EBS001H079452UZPE01152001T03MT01EBS001H0794F0794
2|635|1|52|UZPE011|52001|T03|MT01|SANTIAGO|CRA22D810|-77.285591|1.207881||52UZPE01152001T03MT01EBS001H0795|52UZPE01152001T03MT01EBS001H0795F0795|2|1|1|1|52UZPE01152001T03MT01EBS001|900091143|PT|MT01|AUXILIARDEENFERMERIA|52UZPE01152001T03MT01EBS001H0795F0795CF795|2025-10-10|1||1||3||1||1|1|11|5|3|2|20||1|13|0||1||1||1||1||7|1|3|1|1|1|1|2|2|2|2|2|2||2|2|2|1||6||2|2|2|1|1|1|2|2|1|52UZPE01152001T03MT01EBS001H079552UZPE01152001T03MT01EBS001H0795F0795
2|636|1|52|UZPE011|52001|T03|MT01|SANTIAGO|CRA22E841|-77.285361|1.208791||52UZPE01152001T03MT01EBS001H0797|52UZPE01152001T03MT01EBS001H0797F0797|2|2|2|3|52UZPE01152001T03MT01EBS001|900091143|PT|MT01|AUXILIARDEENFERMERIA|52UZPE01152001T03MT01EBS001H0797F0797CF797|2025-10-14|1||1||3||1||2|2|11|4|3|2|20||2|13|0||1||1||1||1||7|1|2|1|1|1|3|2|2|2|2|2|2||2|2|1|1||6||1|2|2|1|2|1|2|2|1|52UZPE01152001T03MT01EBS001H079752UZPE01152001T03MT01EBS001H0797F0797
2|637|1|52|UZPE011|52001|T03|MT01|SANTIAGO|CRA22E841|-77.285361|1.208791||52UZPE01152001T03MT01EBS001H0798|52UZPE01152001T03MT01EBS001H0798F0798|2|2|2|3|52UZPE01152001T03MT01EBS001|900091143|PT|MT01|AUXILIARDEENFERMERIA|52UZPE01152001T03MT01EBS001H0798F0798CF798|2025-10-14|1||1||3||1||2|2|11|4|3|2|20||2|13|0||1||1||1||1||2|2|1|1|1|1|1|2|2|2|2|2|2||2|2|1|2||6||1|2|2|1|2|1|2|2|1|52UZPE01152001T03MT01EBS001H079852UZPE01152001T03MT01EBS001H0798F0798
2|638|1|52|UZPE011|52001|T03|MT01|SANTIAGO|CRA22E814|-77.285361|1.208791||52UZPE01152001T03MT01EBS001H0799|52UZPE01152001T03MT01EBS001H0799F0799|2|2|2|5|52UZPE01152001T03MT01EBS001|900091143|PT|MT01|AUXILIARDEENFERMERIA|52UZPE01152001T03MT01EBS001H0799F0799CF799|2025-10-14|4||1||3||1||3|2|1|4|3|2|20||1|13|0||1||1||1||1||1|4|3|1|1|1|1|2|2|2|2|2|2||2|2|1|1||6||1|2|2|1|1|1|2|2|1|52UZPE01152001T03MT01EBS001H079952UZPE01152001T03MT01EBS001H0799F0799
2|639|1|52|UZPE011|52001|T03|MT01|SANTIAGO|CRA22E814|-77.285361|1.208791||52UZPE01152001T03MT01EBS001H0800|52UZPE01152001T03MT01EBS001H0800F0800|2|2|2|5|52UZPE01152001T03MT01EBS001|900091143|PT|MT01|AUXILIARDEENFERMERIA|52UZPE01152001T03MT01EBS001H0800F0800CF800|2025-10-14|4||1||3||1||3|2|1|4|3|2|20||1|13|0||1||1||1||1||7|1|1|1|1|1|2|2|2|2|2|2|2||2|2|1|2||6||1|2|2|1|2|1|2|2|1|52UZPE01152001T03MT01EBS001H080052UZPE01152001T03MT01EBS001H0800F0800
2|640|1|52|UZPE011|52001|T02|MT02|CENTRO|CALLE152507|-77.281525|1.213872||52UZPE01152001T02MT02EBS001H0801|52UZPE01152001T02MT02EBS001H0801F0801|3|1|1|1|52UZPE01152001T02MT02EBS001|900091143|CC|MT02|AUXILIARDEENFERMERIA|52UZPE01152001T02MT02EBS001H0801F0801CF801|2025-10-16|5||2||3||2||1|2|11|5|3|2|20||2|13|0||1||1||1||1||7|1|3|1|1|1|1|2|2|2|2|2|2||2|2|2|2||6||2|2|2|1|2|1|2|2|1|52UZPE01152001T02MT02EBS001H080152UZPE01152001T02MT02EBS001H0801F0801
2|641|1|52|UZPE011|52001|T03|MT01|SANTIAGO|CRA22D821|-77.285501|1.208777||52UZPE01152001T03MT01EBS001H0802|52UZPE01152001T03MT01EBS001H0802F0802|2|1|1|2|52UZPE01152001T03MT01EBS001|900091143|PT|MT01|AUXILIARDEENFERMERIA|52UZPE01152001T03MT01EBS001H0802F0802CF802|2025-10-17|1||1||3||1||1|2|11|4|3|2|7||2|13|0||1||1||1||1||2|2|1|2|1|1|3|2|2|2|2|2|2||2|2|1|2||6||1|2|2|1|1|1|2|2|1|52UZPE01152001T03MT01EBS001H080252UZPE01152001T03MT01EBS001H0802F0802
2|642|1|52|UZPE011|52001|T02|MT01|LAS AMÉRICAS|1332|-77.280305|1.207487||52UZPE01152001T02MT01EBS001H0803|52UZPE01152001T02MT01EBS001H0803F0803|2|1|1|3|52UZPE01152001T02MT01EBS001|900091143|CC|MT01|AUXILIARDEENFERMERIA|52UZPE01152001T02MT01EBS001H0803F0803CF803|2025-10-20|1||1||3||1||2|2|11|5|3|2|20||2|13|0||1||1||1||1||1|3|3|1|1|1|1|2|2|2|2|2|2||2|2|1|1||6||1|2|2|1|1|1|2|2|1|52UZPE01152001T02MT01EBS001H080352UZPE01152001T02MT01EBS001H0803F0803
2|643|1|52|UZPE011|52001|T03|MT01|SANTIAGO|CRA22N645|-77.276218|1.22843||52UZPE01152001T03MT01EBS001H0804|52UZPE01152001T03MT01EBS001H0804F0804|2|1|1|1|52UZPE01152001T03MT01EBS001|900091143|CC|MT01|AUXILIARDEENFERMERIA|52UZPE01152001T03MT01EBS001H0804F0804CF804|2025-10-17|4||1||3||1||1|2|11|5|3|2|20||2|13|0||1||1||1||1||7|1|3|2|1|1|2|2|2|2|2|2|2||2|2|1|2||6||1|2|2|1|2|1|2|2|1|52UZPE01152001T03MT01EBS001H080452UZPE01152001T03MT01EBS001H0804F0804
2|644|1|52|UZPE011|52001|T02|MT01|LAS AMÉRICAS|CARRERA201236|-77.281031|1.207108||52UZPE01152001T02MT01EBS001H0805|52UZPE01152001T02MT01EBS001H0805F0805|3|3|3|3|52UZPE01152001T02MT01EBS001|900091143|CC|MT01|AUXILIARDEENFERMERIA|52UZPE01152001T02MT01EBS001H0805F0805CF805|2025-10-20|1||1||3||1||3|2|11|5|3|2|20||1|13|0||1||1||1||1||7|1|3|1|1|1|1|2|2|2|2|2|2||2|2|2|1||6||2|2|2|1|2|1|2|2|1|52UZPE01152001T02MT01EBS001H080552UZPE01152001T02MT01EBS001H0805F0805
2|645|1|52|UZPE011|52001|T02|MT01|LAS AMÉRICAS|CARRERA201236|-77.281031|1.207108||52UZPE01152001T02MT01EBS001H0806|52UZPE01152001T02MT01EBS001H0806F0806|3|3|3|3|52UZPE01152001T02MT01EBS001|900091143|CC|MT01|AUXILIARDEENFERMERIA|52UZPE01152001T02MT01EBS001H0806F0806CF806|2025-10-20|1||1||3||1||3|2|11|5|3|2|20||1|13|0||1||1||1||1||7|1|3|1|1|1|1|2|2|2|2|2|2||2|2|2|1||6||2|2|2|1|1|1|2|2|1|52UZPE01152001T02MT01EBS001H080652UZPE01152001T02MT01EBS001H0806F0806
2|646|1|52|UZPE011|52001|T02|MT01|LAS AMÉRICAS|CARRERA201236|-77.281031|1.207108||52UZPE01152001T02MT01EBS001H0807|52UZPE01152001T02MT01EBS001H0807F0807|3|3|3|3|52UZPE01152001T02MT01EBS001|900091143|CC|MT01|AUXILIARDEENFERMERIA|52UZPE01152001T02MT01EBS001H0807F0807CF807|2025-10-20|1||1||3||1||3|2|11|5|3|2|20||1|13|0||1||1||1||1||7|1|3|1|1|1|1|2|2|2|2|2|2||2|2|2|1||6||2|2|2|1|2|1|2|2|1|52UZPE01152001T02MT01EBS001H080752UZPE01152001T02MT01EBS001H0807F0807
2|647|1|52|UZPE011|52001|T02|MT04|SAN FELIPE|CARRERA261290|-77.283575|1.21367||52UZPE01152001T02MT04EBS001H0808|52UZPE01152001T02MT04EBS001H0808F0808|3|1|1|3|52UZPE01152001T02MT04EBS001|900091143|CC|MT04|AUXILIARDEENFERMERIA|52UZPE01152001T02MT04EBS001H0808F0808CF808|2025-10-21|1||1||3||1||1|1|11|5|3|2|20||2|13|0||1||1||1||1||1|3|3|1|1|1|1|2|2|2|2|2|2||2|2|1|1||6||1|2|2|1|1|1|2|2|1|52UZPE01152001T02MT04EBS001H080852UZPE01152001T02MT04EBS001H0808F0808
2|648|1|52|UZPE011|52001|T03|MT03|RENACER|CRA22D634|-77.286131|1.208041||52UZPE01152001T03MT03EBS001H0809|52UZPE01152001T03MT03EBS001H0809F0809|2|1|1|1|52UZPE01152001T03MT03EBS001|900091143|PT|MT03|AUXILIARDEENFERMERIA|52UZPE01152001T03MT03EBS001H0809F0809CF809|2025-10-20|1||1||3||1||1|2|11|4|3|2|20||2|13|0||1||1||1||1||7|1|1|1|1|1|1|2|2|2|2|2|2||2|2|1|1||6||1|2|2|1|1|1|2|2|1|52UZPE01152001T03MT03EBS001H080952UZPE01152001T03MT03EBS001H0809F0809
2|649|1|52|UZPE011|52001|T03|MT01|SANTIAGO|CALLE6N22C10|-77.285732|1.207562||52UZPE01152001T03MT01EBS001H0810|52UZPE01152001T03MT01EBS001H0810F0810|2|2|2|4|52UZPE01152001T03MT01EBS001|900091143|CC|MT01|AUXILIARDEENFERMERIA|52UZPE01152001T03MT01EBS001H0810F0810CF810|2025-10-21|1||1||3||1||2|2|11|5|3|2|20||2|13|0||1||1||1||1||2|2|3|1|1|1|1|2|2|2|2|2|2||2|2|1|2||6||1|2|2|1|1|1|2|2|1|52UZPE01152001T03MT01EBS001H081052UZPE01152001T03MT01EBS001H0810F0810
2|650|1|52|UZPE011|52001|T03|MT01|SANTIAGO|CALLE6N22C10|-77.285732|1.207562||52UZPE01152001T03MT01EBS001H0811|52UZPE01152001T03MT01EBS001H0811F0811|2|2|2|4|52UZPE01152001T03MT01EBS001|900091143|CC|MT01|AUXILIARDEENFERMERIA|52UZPE01152001T03MT01EBS001H0811F0811CF811|2025-10-21|1||1||3||1||2|2|11|5|3|2|20||2|13|0||1||1||1||1||1|2|3|1|1|1|2|2|2|2|2|2|2||2|2|1|1||6||1|2|2|1|2|1|2|2|1|52UZPE01152001T03MT01EBS001H081152UZPE01152001T03MT01EBS001H0811F0811
2|651|1|52|UZPE011|52001|T03|MT03|RENACER|CALLE622D47|-77.28614|1.208199||52UZPE01152001T03MT03EBS001H0812|52UZPE01152001T03MT03EBS001H0812F0812|3|1|1|2|52UZPE01152001T03MT03EBS001|900091143|CC|MT03|MEDICO|52UZPE01152001T03MT03EBS001H0812F0812CF812|2025-10-24|1||1||3||1||2|2|11|5|2|2|7||2|13|0||1||1||1||1||1|2|3|1|1|1|1|2|2|2|2|2|2||2|2|1|2||6||1|2|2|1|1|1|2|2|1|52UZPE01152001T03MT03EBS001H081252UZPE01152001T03MT03EBS001H0812F0812
2|652|1|52|UZPE011|52001|T03|MT03|RENACER|CALLE622D23|-77.286028|1.20805||52UZPE01152001T03MT03EBS001H0813|52UZPE01152001T03MT03EBS001H0813F0813|1|1|1|4|52UZPE01152001T03MT03EBS001|900091143|CC|MT03|MEDICO|52UZPE01152001T03MT03EBS001H0813F0813CF813|2025-10-24|1||1||3||1||2|2|11|5|2|2|20||2|13|0||1||1||1||1||1|4|3|1|1|1|1|2|2|2|2|2|2||2|2|1|2||6||1|2|2|1|1|1|2|2|1|52UZPE01152001T03MT03EBS001H081352UZPE01152001T03MT03EBS001H0813F0813
2|653|1|52|UZPE011|52001|T03|MT01|SANTIAGO|CRA22CN522|-77.286319|1.208402||52UZPE01152001T03MT01EBS001H0814|52UZPE01152001T03MT01EBS001H0814F0814|2|1|1|2|52UZPE01152001T03MT01EBS001|900091143|CC|MT01|AUXILIARDEENFERMERIA|52UZPE01152001T03MT01EBS001H0814F0814CF814|2025-10-23|1||1||3||1||2|2|11|5|3|2|20||2|13|0||1||1||1||1||2|2|3|1|1|1|1|2|2|2|2|2|2||2|2|1|2||6||1|2|2|1|1|1|2|2|1|52UZPE01152001T03MT01EBS001H081452UZPE01152001T03MT01EBS001H0814F0814
2|654|1|52|UZPE011|52001|T03|MT03|RENACER|CRA22D745|-77.285861|1.208531||52UZPE01152001T03MT03EBS001H0815|52UZPE01152001T03MT03EBS001H0815F0815|2|1|1|3|52UZPE01152001T03MT03EBS001|900091143|PT|MT03|AUXILIARDEENFERMERIA|52UZPE01152001T03MT03EBS001H0815F0815CF815|2025-10-20|1||1||3||1||2|2|11|4|3|2|20||2|13|0||1||1||1||1||2|3|3|1|1|1|1|2|2|2|2|2|2||2|2|1|2||6||1|2|2|1|2|1|2|2|1|52UZPE01152001T03MT03EBS001H081552UZPE01152001T03MT03EBS001H0815F0815
2|655|1|52|UZPE011|52001|T03|MT03|RENACER|CRA22C625|-77.285721|1.207291||52UZPE01152001T03MT03EBS001H0816|52UZPE01152001T03MT03EBS001H0816F0816|2|1|1|3|52UZPE01152001T03MT03EBS001|900091143|PT|MT03|AUXILIARDEENFERMERIA|52UZPE01152001T03MT03EBS001H0816F0816CF816|2025-10-21|1||1||3||1||2|2|11|5|3|2|20||2|13|0||1||1||1||1||1|3|3|1|1|1|1|2|2|2|2|2|2||2|2|1|1||6||1|2|2|1|1|1|2|2|1|52UZPE01152001T03MT03EBS001H081652UZPE01152001T03MT03EBS001H0816F0816
2|656|1|52|UZPE011|52001|T03|MT03|RENACER|CRA22C648|-77.285871|1.207551||52UZPE01152001T03MT03EBS001H0817|52UZPE01152001T03MT03EBS001H0817F0817|2|1|1|2|52UZPE01152001T03MT03EBS001|900091143|PT|MT03|AUXILIARDEENFERMERIA|52UZPE01152001T03MT03EBS001H0817F0817CF817|2025-10-21|1||1||3||1||1|2|11|4|3|2|20||1|13|0||1||1||1||1||1|2|1|1|1|1|1|2|2|2|2|2|2||2|2|1|2||6||1|2|2|1|1|1|2|2|1|52UZPE01152001T03MT03EBS001H081752UZPE01152001T03MT03EBS001H0817F0817
2|657|1|52|UZPE011|52001|T03|MT03|RENACER|CRA22D654|-77.285941|1.207981||52UZPE01152001T03MT03EBS001H0818|52UZPE01152001T03MT03EBS001H0818F0818|2|1|1|5|52UZPE01152001T03MT03EBS001|900091143|PT|MT03|AUXILIARDEENFERMERIA|52UZPE01152001T03MT03EBS001H0818F0818CF818|2025-10-21|1||1||3||1||4|2|11|5|3|2|20||2|13|0||1||1||1||1||4|5|3|1|1|1|1|2|2|2|2|2|2||2|2|1|2||6||1|2|2|1|2|1|2|2|1|52UZPE01152001T03MT03EBS001H081852UZPE01152001T03MT03EBS001H0818F0818
2|658|1|52|UZPE011|52001|T03|MT01|SANTIAGO|CALLE622E08|-77.286281|1.208584||52UZPE01152001T03MT01EBS001H0819|52UZPE01152001T03MT01EBS001H0819F0819|2|1|1|1|52UZPE01152001T03MT01EBS001|900091143|CC|MT01|PSICOLOGO|52UZPE01152001T03MT01EBS001H0819F0819CF819|2025-10-27|1||1||3||1||1|2|11|5|3|2|20||2|13|0||1||1||1||1||7|1|3|1|1|1|1|2|2|2|2|2|2||2|2|1|2||6||1|2|2|1|1|1|2|2|1|52UZPE01152001T03MT01EBS001H081952UZPE01152001T03MT01EBS001H0819F0819
2|659|1|52|UZPE011|52001|T03|MT01|SANTIAGO|CALLE622E16|-77.286322|1.208739||52UZPE01152001T03MT01EBS001H0820|52UZPE01152001T03MT01EBS001H0820F0820|2|1|1|2|52UZPE01152001T03MT01EBS001|900091143|CC|MT01|PSICOLOGO|52UZPE01152001T03MT01EBS001H0820F0820CF820|2025-10-27|1||1||3||1||1|2|11|5|2|2|20||2|13|0||1||1||1||1||1|2|1|1|1|1|1|2|2|2|2|2|2||2|2|1|2||6||1|2|2|1|1|1|2|2|1|52UZPE01152001T03MT01EBS001H082052UZPE01152001T03MT01EBS001H0820F0820
2|660|1|52|UZPE011|52001|T03|MT01|SANTIAGO|CRA22E665|-77.285785|1.208743||52UZPE01152001T03MT01EBS001H0821|52UZPE01152001T03MT01EBS001H0821F0821|2|1|1|3|52UZPE01152001T03MT01EBS001|900091143|CC|MT01|PSICOLOGO|52UZPE01152001T03MT01EBS001H0821F0821CF821|2025-10-27|1||1||3||1||2|2|11|5|3|2|20||2|13|0||1||1||1||1||1|3|3|1|1|1|1|2|2|2|2|2|2||2|2|1|2||6||1|2|2|1|2|1|2|2|1|52UZPE01152001T03MT01EBS001H082152UZPE01152001T03MT01EBS001H0821F0821
2|661|1|52|UZPE011|52001|T03|MT03|RENACER|CRA22E803|-77.285541|1.208831||52UZPE01152001T03MT03EBS001H0822|52UZPE01152001T03MT03EBS001H0822F0822|2|1|1|3|52UZPE01152001T03MT03EBS001|900091143|PT|MT03|AUXILIARDEENFERMERIA|52UZPE01152001T03MT03EBS001H0822F0822CF822|2025-10-27|1||1||3||1||2|2|11|5|3|2|20||2|13|0||1||1||1||1||1|3|3|1|1|1|1|2|2|2|2|2|2||2|2|1|2||6||1|2|2|1|1|1|2|2|1|52UZPE01152001T03MT03EBS001H082252UZPE01152001T03MT03EBS001H0822F0822
2|662|1|52|UZPE011|52001|T03|MT03|RENACER|CRA22D643|-77.286881|1.208561||52UZPE01152001T03MT03EBS001H0823|52UZPE01152001T03MT03EBS001H0823F0823|2|1|1|1|52UZPE01152001T03MT03EBS001|900091143|PT|MT03|AUXILIARDEENFERMERIA|52UZPE01152001T03MT03EBS001H0823F0823CF823|2025-10-27|1||1||3||1||1|2|11|5|3|2|20||2|13|0||1||1||1||1||7|1|1|1|1|1|1|2|2|2|2|2|2||2|2|1|1||6||1|2|2|1|1|1|2|2|1|52UZPE01152001T03MT03EBS001H082352UZPE01152001T03MT03EBS001H0823F0823
2|663|1|52|UZPE011|52001|T03|MT03|RENACER|CRA22E603|-77.286401|1.208731||52UZPE01152001T03MT03EBS001H0824|52UZPE01152001T03MT03EBS001H0824F0824|2|1|1|3|52UZPE01152001T03MT03EBS001|900091143|PT|MT03|AUXILIARDEENFERMERIA|52UZPE01152001T03MT03EBS001H0824F0824CF824|2025-10-28|1||1||3||1||2|2|11|5|3|2|20||2|13|0||1||1||1||1||1|1|3|1|1|1|1|2|2|2|2|2|2||2|2|1|2||6||1|2|2|1|2|1|2|2|1|52UZPE01152001T03MT03EBS001H082452UZPE01152001T03MT03EBS001H0824F0824
2|664|1|52|UZPE011|52001|T03|MT03|RENACER|CRA22E409|-77.28667|1.20829||52UZPE01152001T03MT03EBS001H0825|52UZPE01152001T03MT03EBS001H0825F0825|1|1|1|1|52UZPE01152001T03MT03EBS001|900091143|PT|MT03|AUXILIARDEENFERMERIA|52UZPE01152001T03MT03EBS001H0825F0825CF825|2025-10-28|1||1||3||1||1|2|11|4|3|2|20||2|13|0||1||1||1||1||7|1|1|1|1|1|2|2|2|2|2|2|2||2|2|1|2||6||1|2|2|1|1|1|2|2|1|52UZPE01152001T03MT03EBS001H082552UZPE01152001T03MT03EBS001H0825F0825
2|665|1|52|UZPE011|52001|T02|MT01|LAS AMÉRICAS|CARRERA201329|-77.280421|1.207618||52UZPE01152001T02MT01EBS001H0826|52UZPE01152001T02MT01EBS001H0826F0826|3|1|1|1|52UZPE01152001T02MT01EBS001|900091143|CC|MT01|AUXILIARDEENFERMERIA|52UZPE01152001T02MT01EBS001H0826F0826CF826|2025-10-29|1||1||3||1||1|2|11|5|3|2|20||1|13|0||1||1||1||1||7|1|3|1|1|1|1|2|2|2|2|2|2||2|2|2|1||6||2|2|2|1|1|1|2|2|1|52UZPE01152001T02MT01EBS001H082652UZPE01152001T02MT01EBS001H0826F0826
2|666|1|52|UZPE011|52001|T02|MT01|LAS AMÉRICAS|CALLE13A2061|-77.280243|1.208259||52UZPE01152001T02MT01EBS001H0827|52UZPE01152001T02MT01EBS001H0827F0827|3|1|1|2|52UZPE01152001T02MT01EBS001|900091143|CC|MT01|AUXILIARDEENFERMERIA|52UZPE01152001T02MT01EBS001H0827F0827CF827|2025-10-29|1||1||3||1||3|2|11|5|3|2|20||1|13|0||1||1||1||1||1|2|3|1|1|1|1|2|2|2|2|2|2||2|2|1|1||6||1|2|2|1|2|1|2|2|1|52UZPE01152001T02MT01EBS001H082752UZPE01152001T02MT01EBS001H0827F0827
2|667|1|52|UZPE011|52001|T02|MT01|LAS AMÉRICAS|CALLE13A2061|-77.280214|1.208219||52UZPE01152001T02MT01EBS001H0828|52UZPE01152001T02MT01EBS001H0828F0828|3|1|1|1|52UZPE01152001T02MT01EBS001|900091143|CC|MT01|AUXILIARDEENFERMERIA|52UZPE01152001T02MT01EBS001H0828F0828CF828|2025-10-29|5||1||3||1||1|2|11|5|3|2|20||2|13|0||1||1||1||1||7|1|3|1|1|1|1|2|2|2|2|2|2||2|2|2|1||6||2|2|2|1|2|1|2|2|1|52UZPE01152001T02MT01EBS001H082852UZPE01152001T02MT01EBS001H0828F0828
2|668|1|52|UZPE011|52001|T02|MT01|LAS AMÉRICAS|CARRERA19CALLE1215|-77.281002|1.206725||52UZPE01152001T02MT01EBS001H0830|52UZPE01152001T02MT01EBS001H0830F0830|3|1|1|1|52UZPE01152001T02MT01EBS001|900091143|CC|MT01|AUXILIARDEENFERMERIA|52UZPE01152001T02MT01EBS001H0830F0830CF830|2025-10-29|4||1||3||1||1|2|11|5|3|2|20||1|13|0||1||1||1||1||7|1|3|2|1|1|1|2|2|2|2|2|2||2|2|2|2||6||2|2|2|1|1|1|2|2|1|52UZPE01152001T02MT01EBS001H083052UZPE01152001T02MT01EBS001H0830F0830
2|669|1|52|UZPE011|52001|T03|MT01|SANTIAGO|CRA22EN63|-77.286377|1.208755||52UZPE01152001T03MT01EBS001H0831|52UZPE01152001T03MT01EBS001H0831F0831|2|1|1|1|52UZPE01152001T03MT01EBS001|900091143|CC|MT01|AUXILIARDEENFERMERIA|52UZPE01152001T03MT01EBS001H0831F0831CF831|2025-10-27|1||1||3||1||3|2|11|5|3|2|20||1|13|0||1||1||1||1||2|1|3|1|1|1|1|2|2|2|2|2|2||2|2|1|2||6||1|2|2|1|1|1|2|2|1|52UZPE01152001T03MT01EBS001H083152UZPE01152001T03MT01EBS001H0831F0831
2|670|1|52|UZPE011|52001|T03|MT01|SANTIAGO|CRA22EN703|-77.285981|1.208472||52UZPE01152001T03MT01EBS001H0832|52UZPE01152001T03MT01EBS001H0832F0832|2|1|1|1|52UZPE01152001T03MT01EBS001|900091143|CC|MT01|AUXILIARDEENFERMERIA|52UZPE01152001T03MT01EBS001H0832F0832CF832|2025-10-27|1||1||3||1||1|2|11|5|3|2|20||1|13|0||1||1||1||1||7|1|3|1|1|1|1|2|2|2|2|2|2||2|2|1|1||6||1|2|2|1|2|1|2|2|1|52UZPE01152001T03MT01EBS001H083252UZPE01152001T03MT01EBS001H0832F0832
2|671|1|52|UZPE011|52001|T03|MT01|SANTIAGO|CALLE522D18|-77.286294|1.207953||52UZPE01152001T03MT01EBS001H0833|52UZPE01152001T03MT01EBS001H0833F0833|3|1|1|3|52UZPE01152001T03MT01EBS001|900091143|CC|MT01|PSICOLOGO|52UZPE01152001T03MT01EBS001H0833F0833CF833|2025-10-27|1||1||3||1||2|2|11|5|3|2|20||1|13|0||1||1||1||1||1|3|1|1|1|1|1|2|2|2|2|2|2||2|2|2|2||6||2|2|2|1|1|1|2|2|1|52UZPE01152001T03MT01EBS001H083352UZPE01152001T03MT01EBS001H0833F0833
2|672|1|52|UZPE011|52001|T03|MT01|SANTIAGO|CRA22F530|-77.286581|1.208833||52UZPE01152001T03MT01EBS001H0834|52UZPE01152001T03MT01EBS001H0834F0834|2|1|1|1|52UZPE01152001T03MT01EBS001|900091143|CC|MT01|AUXILIARDEENFERMERIA|52UZPE01152001T03MT01EBS001H0834F0834CF834|2025-10-28|1||1||3||1||3|2|11|5|3|2|20||2|13|0||1||1||1||1||7|1|3|1|1|1|1|2|2|2|2|2|2||2|2|1|1||6||1|2|2|1|1|1|2|2|1|52UZPE01152001T03MT01EBS001H083452UZPE01152001T03MT01EBS001H0834F0834
2|673|1|52|UZPE011|52001|T03|MT01|SANTIAGO|CRA22E411|-77.286806|1.208234||52UZPE01152001T03MT01EBS001H0835|52UZPE01152001T03MT01EBS001H0835F0835|2|1|1|1|52UZPE01152001T03MT01EBS001|900091143|CC|MT01|PSICOLOGO|52UZPE01152001T03MT01EBS001H0835F0835CF835|2025-10-28|1||1||3||1||2|2|11|5|3|2|20||2|13|0||1||1||1||1||4|1|1|1|1|1|1|2|2|2|2|2|2||2|2|1|2||6||1|2|2|1|1|1|2|2|1|52UZPE01152001T03MT01EBS001H083552UZPE01152001T03MT01EBS001H0835F0835
2|674|1|52|UZPE011|52001|T03|MT01|SANTIAGO|CRA22BIS406|-77.286925|1.208279||52UZPE01152001T03MT01EBS001H0836|52UZPE01152001T03MT01EBS001H0836F0836|2|1|1|2|52UZPE01152001T03MT01EBS001|900091143|CC|MT01|AUXILIARDEENFERMERIA|52UZPE01152001T03MT01EBS001H0836F0836CF836|2025-10-31|1||1||3||2||3|2|11|5|3|2|20||2|13|0||1||1||1||1||1|2|3|1|1|1|1|2|2|2|2|2|2||2|2|1|1||6||1|2|2|1|1|1|2|2|1|52UZPE01152001T03MT01EBS001H083652UZPE01152001T03MT01EBS001H0836F0836
2|675|1|52|UZPE011|52001|T02|MT04|SAN FELIPE|CALLE132561|-77.28331|1.213483||52UZPE01152001T02MT04EBS001H0837|52UZPE01152001T02MT04EBS001H0837F0837|3|1|1|3|52UZPE01152001T02MT04EBS001|900091143|CC|MT04|AUXILIARDEENFERMERIA|52UZPE01152001T02MT04EBS001H0837F0837CF837|2025-10-30|1||1||3||1||3|2|11|5|3|2|20||1|13|0||1||1||1||1||4|3|3|1|1|1|1|2|2|2|2|2|2||2|2|1|1||6||1|2|2|1|1|1|2|2|1|52UZPE01152001T02MT04EBS001H083752UZPE01152001T02MT04EBS001H0837F0837
2|676|1|52|UZPE011|52001|T02|MT04|SAN FELIPE|CALLE132643|-77.283674|1.214239||52UZPE01152001T02MT04EBS001H0838|52UZPE01152001T02MT04EBS001H0838F0838|3|1|1|2|52UZPE01152001T02MT04EBS001|900091143|CC|MT04|AUXILIARDEENFERMERIA|52UZPE01152001T02MT04EBS001H0838F0838CF838|2025-10-30|1||1||3||1||2|2|11|5|3|2|20||1|13|0||1||1||1||1||1|2|3|1|1|1|1|2|2|2|2|2|2||2|2|1|1||6||1|2|2|1|1|1|2|2|1|52UZPE01152001T02MT04EBS001H083852UZPE01152001T02MT04EBS001H0838F0838
2|677|1|52|UZPE011|52001|T03|MT01|SANTIAGO|CRA24N820|-77.28606|1.210511||52UZPE01152001T03MT01EBS001H0839|52UZPE01152001T03MT01EBS001H0839F0839|2|1|1|3|52UZPE01152001T03MT01EBS001|900091143|CC|MT01|AUXILIARDEENFERMERIA|52UZPE01152001T03MT01EBS001H0839F0839CF839|2025-10-31|1||1||3||4||3|2|11|5|3|2|8||2|13|0||1||1||1||1||4|3|2|4|1|1|3|2|2|2|2|2|2||2|2|1|2||6||1|2|2|1|1|1|2|2|1|52UZPE01152001T03MT01EBS001H083952UZPE01152001T03MT01EBS001H0839F0839
2|678|1|52|UZPE011|52001|T02|MT04|SAN FELIPE|CARRERA251246|-77.283638|1.212813||52UZPE01152001T02MT04EBS001H0840|52UZPE01152001T02MT04EBS001H0840F0840|3|1|1|2|52UZPE01152001T02MT04EBS001|900091143|CC|MT04|AUXILIARDEENFERMERIA|52UZPE01152001T02MT04EBS001H0840F0840CF840|2025-10-31|1||1||3||1||2|2|11|5|3|2|20||2|13|0||1||1||1||1||2|2|3|1|1|1|1|2|2|2|2|2|2||2|2|1|1||6||1|2|2|1|2|1|2|2|1|52UZPE01152001T02MT04EBS001H084052UZPE01152001T02MT04EBS001H0840F0840
2|679|1|52|UZPE011|52001|T02|MT01|LAS AMÉRICAS|CALLE121932|-77.281276|1.206991||52UZPE01152001T02MT01EBS001H0841|52UZPE01152001T02MT01EBS001H0841F0841|3|1|1|3|52UZPE01152001T02MT01EBS001|900091143|CC|MT01|AUXILIARDEENFERMERIA|52UZPE01152001T02MT01EBS001H0841F0841CF841|2025-10-31|1||1||3||4||3|2|11|5|3|2|20||1|13|0||1||1||1||1||1|3|3|1|1|1|1|2|2|2|2|2|2||2|2|1|2||6||1|2|2|1|2|1|2|2|1|52UZPE01152001T02MT01EBS001H084152UZPE01152001T02MT01EBS001H0841F0841
2|680|1|52|UZPE011|52001|T03|MT01|SANTIAGO|CALLE522D33|-77.286475|1.207977||52UZPE01152001T03MT01EBS001H0842|52UZPE01152001T03MT01EBS001H0842F0842|2|1|1|3|52UZPE01152001T03MT01EBS001|900091143|CC|MT01|PSICOLOGO|52UZPE01152001T03MT01EBS001H0842F0842CF842|2025-10-28|1||1||3||1||3|2|11|5|2|2|20||2|13|0||1||1||1||1||1|3|1|1|1|1|1|2|2|2|2|2|2||2|2|1|1||6||1|2|2|1|1|1|2|2|1|52UZPE01152001T03MT01EBS001H084252UZPE01152001T03MT01EBS001H0842F0842
2|681|1|52|UZPE011|52001|T03|MT03|RENACER|CALLE522E14|-77.286861|1.208661||52UZPE01152001T03MT03EBS001H0843|52UZPE01152001T03MT03EBS001H0843F0843|2|1|1|2|52UZPE01152001T03MT03EBS001|900091143|PT|MT03|AUXILIARDEENFERMERIA|52UZPE01152001T03MT03EBS001H0843F0843CF843|2025-10-31|1||1||3||1||1|2|11|5|3|2|20||2|13|0||1||1||1||1||1|2|3|1|1|1|1|2|2|2|2|2|2||2|2|1|2||6||1|2|2|1|2|1|2|2|1|52UZPE01152001T03MT03EBS001H084352UZPE01152001T03MT03EBS001H0843F0843
2|682|1|52|UZPE011|52001|T03|MT03|RENACER|CRA22F508|-77.280841|1.208841||52UZPE01152001T03MT03EBS001H0844|52UZPE01152001T03MT03EBS001H0844F0844|2|1|1|2|52UZPE01152001T03MT03EBS001|900091143|PT|MT03|AUXILIARDEENFERMERIA|52UZPE01152001T03MT03EBS001H0844F0844CF844|2025-10-31|1||1||3||1||1|2|11|5|3|2|20||2|13|0||1||1||1||1||1|2|3|1|1|1|1|2|2|2|2|2|2||2|2|1|2||6||1|2|2|1|2|1|2|2|1|52UZPE01152001T03MT03EBS001H084452UZPE01152001T03MT03EBS001H0844F0844
2|683|1|52|UZPE011|52001|T02|MT04|SAN FELIPE|CARRERA261177|-77.284666|1.213499||52UZPE01152001T02MT04EBS001H0845|52UZPE01152001T02MT04EBS001H0845F0845|3|1|1|5|52UZPE01152001T02MT04EBS001|900091143|CC|MT04|AUXILIARDEENFERMERIA|52UZPE01152001T02MT04EBS001H0845F0845CF845|2025-11-06|1||1||3||1||3|2|11|5|2|2|20||2|13|0||1||1||1||1||4|5|3|1|1|1|1|2|2|2|2|2|2||2|2|1|1||6||1|2|2|1|2|1|2|2|1|52UZPE01152001T02MT04EBS001H084552UZPE01152001T02MT04EBS001H0845F0845
2|684|1|52|UZPE011|52001|T02|MT04|SAN FELIPE|CALLE122734|-77.284791|1.214004||52UZPE01152001T02MT04EBS001H0846|52UZPE01152001T02MT04EBS001H0846F0846|3|1|1|1|52UZPE01152001T02MT04EBS001|900091143|CC|MT04|AUXILIARDEENFERMERIA|52UZPE01152001T02MT04EBS001H0846F0846CF846|2025-11-07|1||1||3||1||1|2|11|5|3|2|20||1|13|0||1||1||1||1||7|1|3|1|1|1|1|2|2|2|2|2|2||2|2|1|1||6||1|2|2|1|2|1|2|2|1|52UZPE01152001T02MT04EBS001H084652UZPE01152001T02MT04EBS001H0846F0846
2|685|1|52|UZPE011|52001|T02|MT04|SAN FELIPE|CARRERA261189|-77.284673|1.213525||52UZPE01152001T02MT04EBS001H0847|52UZPE01152001T02MT04EBS001H0847F0847|3|1|1|1|52UZPE01152001T02MT04EBS001|900091143|CC|MT04|AUXILIARDEENFERMERIA|52UZPE01152001T02MT04EBS001H0847F0847CF847|2025-11-06|1||1||3||1||1|2|11|5|2|2|20||1|13|0||1||1||1||1||7|1|3|1|1|1|1|2|2|2|2|2|2||2|2|1|2||6||1|2|2|1|1|1|2|2|1|52UZPE01152001T02MT04EBS001H084752UZPE01152001T02MT04EBS001H0847F0847
2|686|1|52|UZPE011|52001|T02|MT04|SAN FELIPE|CARRERA261265|-77.283837|1.213753||52UZPE01152001T02MT04EBS001H0848|52UZPE01152001T02MT04EBS001H0848F0848|1|1|1|1|52UZPE01152001T02MT04EBS001|900091143|CC|MT04|AUXILIARDEENFERMERIA|52UZPE01152001T02MT04EBS001H0848F0848CF848|2025-11-06|1||1||3||1||1|2|11|5|3|2|20||1|13|0||1||1||1||1||7|1|3|1|1|1|1|2|2|2|2|2|2||2|2|1|2||6||1|2|2|1|1|1|2|2|1|52UZPE01152001T02MT04EBS001H084852UZPE01152001T02MT04EBS001H0848F0848
2|687|1|52|UZPE011|52001|T03|MT01|SANTIAGO|CALLE5CRA22F20|-77.287201|1.208941||52UZPE01152001T03MT01EBS001H0849|52UZPE01152001T03MT01EBS001H0849F0849|2|1|1|1|52UZPE01152001T03MT01EBS001|900091143|PT|MT01|AUXILIARDEENFERMERIA|52UZPE01152001T03MT01EBS001H0849F0849CF849|2025-11-05|1||1||3||1||1|2|11|5|3|2|20||1|13|0||1||1||1||1||7|1|1|1|1|1|1|2|2|2|2|2|2||2|2|1|2||6||1|2|2|1|1|1|2|2|1|52UZPE01152001T03MT01EBS001H084952UZPE01152001T03MT01EBS001H0849F0849
2|688|1|52|UZPE011|52001|T03|MT01|SANTIAGO|CRA22F733|-77.286461|1.209261||52UZPE01152001T03MT01EBS001H0850|52UZPE01152001T03MT01EBS001H0850F0850|2|1|1|1|52UZPE01152001T03MT01EBS001|900091143|PT|MT01|AUXILIARDEENFERMERIA|52UZPE01152001T03MT01EBS001H0850F0850CF850|2025-11-05|1||1||3||1||1|2|11|5|3|2|20||2|13|0||1||1||1||1||7|1|1|1|1|1|1|2|2|2|2|2|2||2|2|1|2||6||1|2|2|1|1|1|2|2|1|52UZPE01152001T03MT01EBS001H085052UZPE01152001T03MT01EBS001H0850F0850
2|689|1|52|UZPE011|52001|T03|MT01|SANTIAGO|CRA22F812|-77.285411|1.209631||52UZPE01152001T03MT01EBS001H0851|52UZPE01152001T03MT01EBS001H0851F0851|2|1|1|1|52UZPE01152001T03MT01EBS001|900091143|PT|MT01|AUXILIARDEENFERMERIA|52UZPE01152001T03MT01EBS001H0851F0851CF851|2025-11-05|1||1||3||1||1|2|11|5|3|2|20||2|13|0||1||1||1||1||7|1|1|1|1|1|1|2|2|2|2|2|2||2|2|1|2||6||1|2|2|1|2|1|2|2|1|52UZPE01152001T03MT01EBS001H085152UZPE01152001T03MT01EBS001H0851F0851
2|690|1|52|UZPE011|52001|T03|MT01|SANTIAGO|CRA23N538|-77.286763|1.209301||52UZPE01152001T03MT01EBS001H0852|52UZPE01152001T03MT01EBS001H0852F0852|2|1|1|2|52UZPE01152001T03MT01EBS001|900091143|CC|MT01|AUXILIARDEENFERMERIA|52UZPE01152001T03MT01EBS001H0852F0852CF852|2025-11-05|1||1||3||1||2|2|11|5|3|2|20||2|13|0||1||1||1||1||2|2|3|1|1|1|1|2|2|2|2|2|2||2|2|1|1||6||1|2|2|1|1|1|2|2|1|52UZPE01152001T03MT01EBS001H085252UZPE01152001T03MT01EBS001H0852F0852
2|691|1|52|UZPE011|52001|T03|MT01|SANTIAGO|CRA22FN525|-77.286684|1.208853||52UZPE01152001T03MT01EBS001H0853|52UZPE01152001T03MT01EBS001H0853F0853|2|1|1|3|52UZPE01152001T03MT01EBS001|900091143|CC|MT01|AUXILIARDEENFERMERIA|52UZPE01152001T03MT01EBS001H0853F0853CF853|2025-11-05|1||1||3||1||3|2|11|5|3|2|20||2|13|0||1||1||1||1||1|3|3|1|1|1|1|2|2|2|2|2|2||2|2|1|1||6||1|2|2|1|1|1|2|2|1|52UZPE01152001T03MT01EBS001H085352UZPE01152001T03MT01EBS001H0853F0853
2|692|1|52|UZPE011|52001|T03|MT01|SANTIAGO|CRA22FN632|-77.285301|1.208332||52UZPE01152001T03MT01EBS001H0854|52UZPE01152001T03MT01EBS001H0854F0854|2|1|1|3|52UZPE01152001T03MT01EBS001|900091143|CC|MT01|AUXILIARDEENFERMERIA|52UZPE01152001T03MT01EBS001H0854F0854CF854|2025-11-05|1||1||3||1||4|2|11|5|3|2|20||2|13|0||1||1||1||1||1|5|3|1|1|1|1|2|2|2|2|2|2||2|2|1|1||6||1|2|2|1|1|1|2|2|1|52UZPE01152001T03MT01EBS001H085452UZPE01152001T03MT01EBS001H0854F0854
2|693|1|52|UZPE011|52001|T03|MT01|SANTIAGO|CALLE1022E73BARRIOOBRERO|-77.284493|1.209669||52UZPE01152001T03MT01EBS001H0856|52UZPE01152001T03MT01EBS001H0856F0856|2|1|1|2|52UZPE01152001T03MT01EBS001|900091143|CC|MT01|PSICOLOGA|52UZPE01152001T03MT01EBS001H0856F0856CF856|2025-11-13|1||1||3||1||2|2|11|5|3|2|20||1|13|0||1||1||1||1||2|2|3|1|1|1|1|2|2|2|2|2|2||2|2|2|1||6||2|2|2|1|1|1|2|2|1|52UZPE01152001T03MT01EBS001H085652UZPE01152001T03MT01EBS001H0856F0856
2|694|1|52|UZPE011|52001|T03|MT01|SANTIAGO|CRA23N827|-77.285566|1.209802||52UZPE01152001T03MT01EBS001H0857|52UZPE01152001T03MT01EBS001H0857F0857|2|1|1|1|52UZPE01152001T03MT01EBS001|900091143|CC|MT01|AUXILIARDEENFERMERIA|52UZPE01152001T03MT01EBS001H0857F0857CF857|2025-11-13|1||1||3||1||1|2|11|5|3|2|20||2|13|0||1||1||1||1||7|1|3|2|1|1|1|2|2|2|2|2|2||2|2|1|2||6||1|2|2|1|1|1|2|2|1|52UZPE01152001T03MT01EBS001H085752UZPE01152001T03MT01EBS001H0857F0857
2|695|1|52|UZPE011|52001|T03|MT01|SANTIAGO|CRA23N883|-77.285377|1.209958||52UZPE01152001T03MT01EBS001H0858|52UZPE01152001T03MT01EBS001H0858F0858|2|1|1|3|52UZPE01152001T03MT01EBS001|900091143|CC|MT01|AUXILIARDEENFERMERIA|52UZPE01152001T03MT01EBS001H0858F0858CF858|2025-11-13|1||1||3||1||3|2|11|5|3|2|20||2|13|0||1||1||1||1||1|3|3|1|1|1|1|2|2|2|2|2|2||2|2|1|1||6||1|2|2|1|1|1|2|2|1|52UZPE01152001T03MT01EBS001H085852UZPE01152001T03MT01EBS001H0858F0858
2|696|1|52|UZPE011|52001|T03|MT01|SANTIAGO|CRA22E907BARRIOOBRERO|-77.28441|1.208131||52UZPE01152001T03MT01EBS001H0860|52UZPE01152001T03MT01EBS001H0860F0860|2|1|1|1|52UZPE01152001T03MT01EBS001|900091143|CC|MT01|PSICOLOGA|52UZPE01152001T03MT01EBS001H0860F0860CF860|2025-11-14|1||1||3||1||1|2|11|5|3|2|20||1|13|0||1||1||1||1||7|1|3|1|1|1|1|2|2|2|2|2|2||2|2|1|2||6||1|2|2|1|1|1|2|2|1|52UZPE01152001T03MT01EBS001H086052UZPE01152001T03MT01EBS001H0860F0860
2|697|1|52|UZPE011|52001|T03|MT01|SANTIAGO|CRA24N912|-77.285558|1.210889||52UZPE01152001T03MT01EBS001H0861|52UZPE01152001T03MT01EBS001H0861F0861|2|1|1|1|52UZPE01152001T03MT01EBS001|900091143|CC|MT01|AUXILIARDEENFERMERIA|52UZPE01152001T03MT01EBS001H0861F0861CF861|2025-11-13|4||1||3||1||2|2|11|5|3|2|20||2|13|0||1||1||1||1||7|1|3|1|1|1|1|2|2|2|2|2|2||2|2|1|2||6||1|2|2|1|1|1|2|2|1|52UZPE01152001T03MT01EBS001H086152UZPE01152001T03MT01EBS001H0861F0861
2|698|1|52|UZPE011|52001|T03|MT01|SANTIAGO|CALLE10N2313|-77.285613|1.210845||52UZPE01152001T03MT01EBS001H0863|52UZPE01152001T03MT01EBS001H0863F0863|2|1|1|1|52UZPE01152001T03MT01EBS001|900091143|CC|MT01|AUXILIARDEENFERMERIA|52UZPE01152001T03MT01EBS001H0863F0863CF863|2025-11-13|3||1||3||1||0|2|11|5|3|2|20||1|13|0||1||1||1||1||2|1|3|1|1|1|1|2|2|2|2|2|2||2|2|1|1||6||1|2|2|1|2|1|2|2|1|52UZPE01152001T03MT01EBS001H086352UZPE01152001T03MT01EBS001H0863F0863
2|699|1|52|UZPE011|52001|T03|MT01|SANTIAGO|CALLE1022E73|-77.284618|1.209562||52UZPE01152001T03MT01EBS001H0864|52UZPE01152001T03MT01EBS001H0864F0864|3|1|1|2|52UZPE01152001T03MT01EBS001|900091143|CC|MT01|PSICOLOGO|52UZPE01152001T03MT01EBS001H0864F0864CF864|2025-11-11|4||1||3||1||1|2|11|5|3|2|20||2|13|0||1||1||1||1||1|2|3|1|1|1|1|2|2|2|2|2|2||2|2|1|1||6||1|2|2|1|2|1|2|2|1|52UZPE01152001T03MT01EBS001H086452UZPE01152001T03MT01EBS001H0864F0864
2|700|1|52|UZPE011|52001|T03|MT01|SANTIAGO|CRAF911BARRIOOBRERO|-77.285257|1.20969||52UZPE01152001T03MT01EBS001H0865|52UZPE01152001T03MT01EBS001H0865F0865|2|1|1|2|52UZPE01152001T03MT01EBS001|900091143|CC|MT01|PSICOLOGA|52UZPE01152001T03MT01EBS001H0865F0865CF865|2025-11-14|1||1||3||1||1|2|11|5|3|2|20||1|13|0||1||1||1||1||1|2|3|1|1|1|1|2|2|2|2|2|2||2|2|1|1||6||1|2|2|1|2|1|2|2|1|52UZPE01152001T03MT01EBS001H086552UZPE01152001T03MT01EBS001H0865F0865
2|701|1|52|UZPE011|52001|T03|MT02|OBRERO|CARRERA24926|-77.28623|2.102187||52UZPE01152001T03MT02EBS001H0866|52UZPE01152001T03MT02EBS001H0866F0866|3|1|1|1|52UZPE01152001T03MT02EBS001|900091143|CC|MT02|AUXILIARDEENFERMERIA|52UZPE01152001T03MT02EBS001H0866F0866CF866|2025-11-13|1||1||3||1||1|2|11|5|2|2|20||2|13|0||1||1||1||1||7|1|3|2|1|1|1|2|2|2|2|2|2||2|2|1|2||6||1|2|2|1|1|1|2|2|1|52UZPE01152001T03MT02EBS001H086652UZPE01152001T03MT02EBS001H0866F0866
2|702|1|52|UZPE011|52001|T03|MT02|OBRERO|CALLE923A25|-77.28623|2.102181||52UZPE01152001T03MT02EBS001H0867|52UZPE01152001T03MT02EBS001H0867F0867|2|1|1|1|52UZPE01152001T03MT02EBS001|900091143|CC|MT02|AUXILIARDEENFERMERIA|52UZPE01152001T03MT02EBS001H0867F0867CF867|2025-11-13|1||1||3||1||1|2|11|5|2|2|20||2|13|0||1||1||1||1||7|1|3|2|1|1|1|2|2|2|2|2|2||2|2|1|1||6||1|2|2|1|1|1|2|2|1|52UZPE01152001T03MT02EBS001H086752UZPE01152001T03MT02EBS001H0867F0867
2|703|1|52|UZPE011|52001|T03|MT02|OBRERO|CARRERA23A824|-77.28623|2.102183||52UZPE01152001T03MT02EBS001H0868|52UZPE01152001T03MT02EBS001H0868F0868|2|1|1|1|52UZPE01152001T03MT02EBS001|900091143|CC|MT02|AUXILIARDEENFERMERIA|52UZPE01152001T03MT02EBS001H0868F0868CF868|2025-11-13|1||1||3||1||1|2|11|5|2|2|20||2|13|0||1||1||1||1||7|1|3|1|1|1|1|2|2|2|2|2|2||2|2|1|2||6||1|2|2|1|2|1|2|2|1|52UZPE01152001T03MT02EBS001H086852UZPE01152001T03MT02EBS001H0868F0868
2|704|1|52|UZPE011|52001|T03|MT02|OBRERO|CALLE92F24BARRIOOBRERO|-77.28623|2.102182||52UZPE01152001T03MT02EBS001H0869|52UZPE01152001T03MT02EBS001H0869F0869|2|1|1|1|52UZPE01152001T03MT02EBS001|900091143|CC|MT02|AUXILIARDEENFERMERIA|52UZPE01152001T03MT02EBS001H0869F0869CF869|2025-11-13|1||1||3||1||1|2|11|5|2|2|20||2|13|0||1||1||1||1||7|1|3|2|1|1|1|2|2|2|2|2|2||2|2|1|2||6||1|2|2|1|1|1|2|2|1|52UZPE01152001T03MT02EBS001H086952UZPE01152001T03MT02EBS001H0869F0869
2|705|1|52|UZPE011|52001|T03|MT02|OBRERO|CARRERA23N839|-77.287144|1.210185||52UZPE01152001T03MT02EBS001H0872|52UZPE01152001T03MT02EBS001H0872F0872|3|1|1|3|52UZPE01152001T03MT02EBS001|900091143|CC|MT02|AUXILIARDEENFERMERIA|52UZPE01152001T03MT02EBS001H0872F0872CF872|2025-11-13|1||1||3||1||1|2|11|5|2|2|20||2|13|0||1||1||1||1||7|1|3|2|1|1|1|2|2|2|2|2|2||2|2|1|1||6||1|2|2|1|2|1|2|2|1|52UZPE01152001T03MT02EBS001H087252UZPE01152001T03MT02EBS001H0872F0872
2|706|1|52|UZPE011|52001|T02|MT01|LAS AMÉRICAS|CALLE132110|-77.280996|1.208084||52UZPE01152001T02MT01EBS001H0876|52UZPE01152001T02MT01EBS001H0876F0876|3|1|1|1|52UZPE01152001T02MT01EBS001|900091143|CC|MT01|AUXILIARDEENFERMERIA|52UZPE01152001T02MT01EBS001H0876F0876CF876|2025-11-20|1||1||3||1||0|2|11|5|3|2|20||2|13|0||1||1||1||1||7|1|3|2|1|1|1|2|2|2|2|2|2||2|2|1|1||6||1|2|2|1|2|1|2|2|1|52UZPE01152001T02MT01EBS001H087652UZPE01152001T02MT01EBS001H0876F0876
2|707|1|52|UZPE011|52001|T02|MT01|LAS AMÉRICAS|CALLE132111|-77.280996|1.208084||52UZPE01152001T02MT01EBS001H0877|52UZPE01152001T02MT01EBS001H0877F0877|3|1|1|1|52UZPE01152001T02MT01EBS001|900091143|CC|MT01|AUXILIARDEENFERMERIA|52UZPE01152001T02MT01EBS001H0877F0877CF877|2025-11-20|1||1||3||4||1|2|11|5|2|2|20||2|13|0||1||1||1||1||7|1|3|1|1|1|1|2|2|2|2|2|2||2|2|2|1||6||2|2|2|1|2|1|2|2|1|52UZPE01152001T02MT01EBS001H087752UZPE01152001T02MT01EBS001H0877F0877
2|708|1|52|UZPE011|52001|T03|MT01|SANTIAGO|CRA24622|-77.286363|1.210336||52UZPE01152001T03MT01EBS001H0878|52UZPE01152001T03MT01EBS001H0878F0878|2|1|1|1|52UZPE01152001T03MT01EBS001|900091143|CC|MT01|AUXILIARDEENFERMERIA|52UZPE01152001T03MT01EBS001H0878F0878CF878|2025-11-21|4||1||3||1||1|2|11|5|3|2|20||1|13|0||1||1||1||1||7|1|3|2|1|1|1|2|2|2|2|2|2||2|2|1|2||6||1|2|2|1|1|1|2|2|1|52UZPE01152001T03MT01EBS001H087852UZPE01152001T03MT01EBS001H0878F0878
2|709|1|52|UZPE011|52001|T03|MT01|SANTIAGO|CRA23A609|-77.286396|1.210021||52UZPE01152001T03MT01EBS001H0879|52UZPE01152001T03MT01EBS001H0879F0879|2|1|1|2|52UZPE01152001T03MT01EBS001|900091143|CC|MT01|AUXILIARDEENFERMERIA|52UZPE01152001T03MT01EBS001H0879F0879CF879|2025-11-21|1||1||3||1||2|2|11|5|3|2|20||2|13|0||1||1||1||1||2|2|3|1|1|1|1|2|2|2|2|2|2||2|2|1|1||6||1|2|2|1|1|1|2|2|1|52UZPE01152001T03MT01EBS001H087952UZPE01152001T03MT01EBS001H0879F0879
2|710|1|52|UZPE011|52001|T03|MT01|SANTIAGO|CRA24810|-77.286188|1.210602||52UZPE01152001T03MT01EBS001H0880|52UZPE01152001T03MT01EBS001H0880F0880|1|1|1|1|52UZPE01152001T03MT01EBS001|900091143|CC|MT01|AUXILIARDEENFERMERIA|52UZPE01152001T03MT01EBS001H0880F0880CF880|2025-11-24|1||1||3||1||3|2|11|5|3|2|20||2|13|0||1||1||1||1||7|1|3|1|1|1|1|2|2|2|2|2|2||2|2|1|2||6||1|2|2|1|1|1|2|2|1|52UZPE01152001T03MT01EBS001H088052UZPE01152001T03MT01EBS001H0880F0880
3|711|FLOR|MARIA|SANTACRUZ|CHAVEZ|CC|30706799|1954-06-04|2|2|6|9998|3|2||3|07|||8|70.0|162|||2||||||||||||52UZPE01152001T03MT01EBS001H000152UZPE01152001T03MT01EBS001H0001F0001|52UZPE01152001T03MT01EBS001H000152UZPE01152001T03MT01EBS001H0001F0001CC30706799
3|712|JHOANA|ALEXANDRA|ERAZO|SANTACRUZ|CC|1085342808|1998-11-12|2|2|6|9998|3|1||7|07|||8|61.0|166|||2||||||||||||52UZPE01152001T03MT01EBS001H000152UZPE01152001T03MT01EBS001H0001F0001|52UZPE01152001T03MT01EBS001H000152UZPE01152001T03MT01EBS001H0001F0001CC1085342808
3|713|MARIA|EUGENIA|VELASQUEZ|NOAPLICA|CC|59816657|1970-09-05|2|2|6|9998|3|5||7|07|||8|70.0|160|||2||||||||||||52UZPE01152001T03MT01EBS001H000352UZPE01152001T03MT01EBS001H0003F0003|52UZPE01152001T03MT01EBS001H000352UZPE01152001T03MT01EBS001H0003F0003CC59816657
3|714|HERMAN|OTONIEL|CERON|SANTACRUZ|CC|12956962|1952-02-01|1|2|6|9998|3|5||3|07|||8|77.0|158|||2||||||||||||52UZPE01152001T03MT01EBS001H000352UZPE01152001T03MT01EBS001H0003F0003|52UZPE01152001T03MT01EBS001H000352UZPE01152001T03MT01EBS001H0003F0003CC12956962
3|715|OLIVA|PIEDAD|INSUASTI|GARCIAS|CC|30717332|1957-09-06|2|2|6|9998|3|1||3|07|||8|70.0|157|||2||||||||||||52UZPE01152001T03MT01EBS001H000452UZPE01152001T03MT01EBS001H0004F0004|52UZPE01152001T03MT01EBS001H000452UZPE01152001T03MT01EBS001H0004F0004CC30717332
3|716|SANTIAGO|NA|RODRIGUEZ|GELPUD|CC|98385382|1973-07-28|1|2|6|5169|3|2||7|07|||8|75.0|160|||2||||||||||||52UZPE01152001T03MT01EBS001H000552UZPE01152001T03MT01EBS001H0005F0005|52UZPE01152001T03MT01EBS001H000552UZPE01152001T03MT01EBS001H0005F0005CC98385382
3|717|ROSA|ELVIRA|GELPUD|NA|CC|27076568|1944-01-11|2|2|6|9998|3|2||3|07|||8|75.0|150|||2||||||||||||52UZPE01152001T03MT01EBS001H000552UZPE01152001T03MT01EBS001H0005F0005|52UZPE01152001T03MT01EBS001H000552UZPE01152001T03MT01EBS001H0005F0005CC27076568
3|718|MARIA|EDILMA|ARMERO|GELPUD|CC|1085252218|1986-07-07|2|2|6|5169|3|2||7|07|||8|65.0|152|||2||||||||||||52UZPE01152001T03MT01EBS001H000552UZPE01152001T03MT01EBS001H0005F0005|52UZPE01152001T03MT01EBS001H000552UZPE01152001T03MT01EBS001H0005F0005CC1085252218
3|719|MARIA|TRANSITO|LOPEZ|DEHORMAZA|CC|27530012|1940-06-19|2|2|6|9998|3|1||3|07|||8|61.0|154|||2||||||||||||52UZPE01152001T03MT01EBS001H000652UZPE01152001T03MT01EBS001H0006F0006|52UZPE01152001T03MT01EBS001H000652UZPE01152001T03MT01EBS001H0006F0006CC27530012
3|720|RICARDO|ANDRES|HORMAZA|LOPEZ|CC|98400367|1978-05-02|1|2|6|9510|3|1||7|07|||8|60.0|166|||2||||||||||||52UZPE01152001T03MT01EBS001H000652UZPE01152001T03MT01EBS001H0006F0006|52UZPE01152001T03MT01EBS001H000652UZPE01152001T03MT01EBS001H0006F0006CC98400367
3|721|RONITH|NA|HERNANDEZ|ROSALES|CC|30727753|1964-07-28|2|2|6|5169|3|2||3|07|||8|82.0|155|||2||||||||||||52UZPE01152001T03MT01EBS001H000752UZPE01152001T03MT01EBS001H0007F0007|52UZPE01152001T03MT01EBS001H000752UZPE01152001T03MT01EBS001H0007F0007CC30727753
3|722|MARIA|DELPILAR|DELGADO|ENRIQUEZ|CC|30728941|1963-12-05|2|2|6|9998|3|1||3|07|||8|60.0|152|||2||||||||||||52UZPE01152001T03MT01EBS001H001152UZPE01152001T03MT01EBS001H0011F0011|52UZPE01152001T03MT01EBS001H001152UZPE01152001T03MT01EBS001H0011F0011CC30728941
3|723|LUIS|EDUARDO|DELGADO|SANTACRUZ|CC|12985361|1965-11-14|1|2|6|5169|3|2||7|07|||8|70.0|174|||2||||||||||||52UZPE01152001T03MT01EBS001H001152UZPE01152001T03MT01EBS001H0011F0011|52UZPE01152001T03MT01EBS001H001152UZPE01152001T03MT01EBS001H0011F0011CC12985361
3|724|LUZ|DARY|CARRENO|CARRENO|CC|30742183|1968-05-04|2|2|6|9998|3|1||7|07|||8|60.0|148|||2||||||||||||52UZPE01152001T03MT01EBS001H001352UZPE01152001T03MT01EBS001H0013F0013|52UZPE01152001T03MT01EBS001H001352UZPE01152001T03MT01EBS001H0013F0013CC30742183
3|725|MARTHA|DELSOCORRO|ERAZO|NA|CC|27072336|1944-05-21|2|2|6|9998|3|2||3|07|||8|54.0|154|||2||||||||||||52UZPE01152001T03MT01EBS001H001452UZPE01152001T03MT01EBS001H0014F0014|52UZPE01152001T03MT01EBS001H001452UZPE01152001T03MT01EBS001H0014F0014CC27072336
3|726|SERVIO|TULIO|IBARRA|MENDOZA|CC|5197089|1942-06-25|1|2|6|9998|3|2||3|07|||8|70.0|170|||2||||||||||||52UZPE01152001T03MT01EBS001H001452UZPE01152001T03MT01EBS001H0014F0014|52UZPE01152001T03MT01EBS001H001452UZPE01152001T03MT01EBS001H0014F0014CC5197089
3|727|GEMMY|MERCEDES|DORADO|DEBENAVIDES|CC|30710718|1955-02-01|2|2|6|9998|3|1||3|07|||8|65.0|155|||2||||||||||||52UZPE01152001T03MT01EBS001H001552UZPE01152001T03MT01EBS001H0015F0015|52UZPE01152001T03MT01EBS001H001552UZPE01152001T03MT01EBS001H0015F0015CC30710718
3|728|KARLA|NA|GUEVARA|PANTOJA|CC|1108558565|2003-12-13|2|2|6|9998|3|2||7|07|||8|53.0|165|||2||||||||||||52UZPE01152001T03MT01EBS001H001652UZPE01152001T03MT01EBS001H0016F0016|52UZPE01152001T03MT01EBS001H001652UZPE01152001T03MT01EBS001H0016F0016CC1108558565
3|729|DORIS|DELPILAR|PANTOJA|NA|CC|66908420|1964-10-28|2|2|6|9998|3|1||3|07|||8|72.0|161|||2||||||||||||52UZPE01152001T03MT01EBS001H001652UZPE01152001T03MT01EBS001H0016F0016|52UZPE01152001T03MT01EBS001H001652UZPE01152001T03MT01EBS001H0016F0016CC66908420
3|730|WILLIAM|HERNANDO|BUCHELLI|HERRERA|CC|98381934|1972-05-26|1|2|6|9510|3|1||7|07|||8|70.0|157|||2||||||||||||52UZPE01152001T03MT01EBS001H001852UZPE01152001T03MT01EBS001H0018F0018|52UZPE01152001T03MT01EBS001H001852UZPE01152001T03MT01EBS001H0018F0018CC98381934
3|731|DORIS|TERESA|HERRERA|CORAL|CC|30710541|1953-05-30|2|2|6|9998|3|1||3|07|||1|69.0|148|||2||||||||||||52UZPE01152001T03MT01EBS001H001852UZPE01152001T03MT01EBS001H0018F0018|52UZPE01152001T03MT01EBS001H001852UZPE01152001T03MT01EBS001H0018F0018CC30710541
3|732|SILVIA|CAMILA|GUERRERO|NARVAEZ|CC|1004232752|2003-10-21|2|2|6|9998|3|2||7|07|||8|62.0|162|||2||||||||||||52UZPE01152001T03MT01EBS001H002152UZPE01152001T03MT01EBS001H0021F0021|52UZPE01152001T03MT01EBS001H002152UZPE01152001T03MT01EBS001H0021F0021CC1004232752
3|733|NUBIA|NUBIA|NARVAEZ|CABRERA|CC|30723529|1959-01-20|2|2|6|5169|3|5||3|07|||8|67.0|154|||2||||||||||||52UZPE01152001T03MT01EBS001H002152UZPE01152001T03MT01EBS001H0021F0021|52UZPE01152001T03MT01EBS001H002152UZPE01152001T03MT01EBS001H0021F0021CC30723529
3|734|JOSE|JVIER|ROSERO|LOPEZ|CC|12998942|1966-07-16|1|2|6|9510|3|1||7|07|||8|73.0|168|||2||||||||||||52UZPE01152001T03MT01EBS001H002552UZPE01152001T03MT01EBS001H0025F0025|52UZPE01152001T03MT01EBS001H002552UZPE01152001T03MT01EBS001H0025F0025CC12998942
3|735|MILENA|MILENA|ERAZO|LOSADA|CC|59833588|1970-10-31|2|2|6|9998|3|1||4|07|||1|47.0|155|||2||||||||||||52UZPE01152001T03MT01EBS001H002552UZPE01152001T03MT01EBS001H0025F0025|52UZPE01152001T03MT01EBS001H002552UZPE01152001T03MT01EBS001H0025F0025CC59833588
3|736|LUCELY|LUCELY|QUERUBIN|GOMEZ|TI|22029027|1966-10-29|2|2|6|9998|3|5||7|07|||8|63.0|166|||2||||||||||||52UZPE01152001T03MT01EBS001H002652UZPE01152001T03MT01EBS001H0026F0026|52UZPE01152001T03MT01EBS001H002652UZPE01152001T03MT01EBS001H0026F0026TI22029027
3|737|CARLOS|WILFREDO|PORTILLA|SALAS|CC|12988716|1966-10-30|1|2|6|9998|3|2||7|07|||8|68.0|166|||2||||||||||||52UZPE01152001T03MT01EBS001H002652UZPE01152001T03MT01EBS001H0026F0026|52UZPE01152001T03MT01EBS001H002652UZPE01152001T03MT01EBS001H0026F0026CC12988716
3|738|LESLIE|LESLIE|GUERRERO|VELASQUEZ|CC|1085281066|1990-03-27|2|2|6|9510|3|1||4|07|||1|53.0|157|||2||||||||||||52UZPE01152001T03MT01EBS001H000252UZPE01152001T03MT01EBS001H0002F0002|52UZPE01152001T03MT01EBS001H000252UZPE01152001T03MT01EBS001H0002F0002CC1085281066
3|739|ANGIE|VALENTINA|BASANTE|MOSQUERA|CC|1233891588|1997-11-25|2|2|6|9998|3|1||7|07|||8|50.0|155|||2||||||||||||52UZPE01152001T03MT01EBS001H002752UZPE01152001T03MT01EBS001H0027F0027|52UZPE01152001T03MT01EBS001H002752UZPE01152001T03MT01EBS001H0027F0027CC1233891588
3|740|ROSALBA|ROSALBA|ESPARSA|DEMOSQUERA|CC|27056809|1929-05-27|2|2|6|9998|3|1||3|07|||1|65.0|160|||2||||||||||||52UZPE01152001T03MT01EBS001H002752UZPE01152001T03MT01EBS001H0027F0027|52UZPE01152001T03MT01EBS001H002752UZPE01152001T03MT01EBS001H0027F0027CC27056809
3|741|JANETH|DELSOCORRO|MOSQUERA|ESPARSA|CC|51602340|1959-07-12|2|2|6|9998|3|2||3|07|||8|57.0|155|||2||||||||||||52UZPE01152001T03MT01EBS001H002752UZPE01152001T03MT01EBS001H0027F0027|52UZPE01152001T03MT01EBS001H002752UZPE01152001T03MT01EBS001H0027F0027CC51602340
3|742|VICTOR|JESUS|BASANTE|MUNOZ|CC|12970212|1960-04-12|1|2|6|5169|3|1||3|07|||8|53.0|160|||2||||||||||||52UZPE01152001T03MT01EBS001H002752UZPE01152001T03MT01EBS001H0027F0027|52UZPE01152001T03MT01EBS001H002752UZPE01152001T03MT01EBS001H0027F0027CC12970212
3|743|ANGELA|SOFIA|SUAREZ|ASCUNTAR|CC|1080692188|2005-07-12|2|2|6|9998|3|2||7|07|||8|56.0|160|||2||||||||||||52UZPE01152001T03MT01EBS001H002852UZPE01152001T03MT01EBS001H0028F0028|52UZPE01152001T03MT01EBS001H002852UZPE01152001T03MT01EBS001H0028F0028CC1080692188
3|744|LEIDI|YAMILE|ASCUNTAR|ASCUNTAR|CC|37087325|1984-04-08|2|2|6|9622|3|2||7|07|||8|54.0|160|||2||||||||||||52UZPE01152001T03MT01EBS001H002852UZPE01152001T03MT01EBS001H0028F0028|52UZPE01152001T03MT01EBS001H002852UZPE01152001T03MT01EBS001H0028F0028CC37087325
3|745|EDISSON|MARCELO|ROSAS|ROMERO|CC|1085254455|1986-12-01|1|2|6|5169|3|5||7|07|||8|10.0|182|||2||||||||||||52UZPE01152001T03MT01EBS001H002952UZPE01152001T03MT01EBS001H0029F0029|52UZPE01152001T03MT01EBS001H002952UZPE01152001T03MT01EBS001H0029F0029CC1085254455
3|746|MARDORIS|NANCY|LIMAS|PORTILLA|CC|1007098242|1987-08-07|2|1|6|5169|3|5||7|07|||8|75.0|165|||2||||||||||||52UZPE01152001T03MT01EBS001H002952UZPE01152001T03MT01EBS001H0029F0029|52UZPE01152001T03MT01EBS001H002952UZPE01152001T03MT01EBS001H0029F0029CC1007098242
3|747|GERMAN|ALIRIO|MELO|RIASCOS|CC|1085257076|1983-09-25|1|2|6|9510|3|1||7|07|||8|65.0|170|||2||||||||||||52UZPE01152001T03MT01EBS001H003052UZPE01152001T03MT01EBS001H0030F0030|52UZPE01152001T03MT01EBS001H003052UZPE01152001T03MT01EBS001H0030F0030CC1085257076
3|748|MONICA|YOLIMA|DIAZ|ROSERO|CC|31306968|1984-08-21|2|2|6|9998|3|2||7|07|||8|46.0|150|||2||||||||||||52UZPE01152001T03MT01EBS001H003052UZPE01152001T03MT01EBS001H0030F0030|52UZPE01152001T03MT01EBS001H003052UZPE01152001T03MT01EBS001H0030F0030CC31306968
3|749|RUTH|DELCARMEN|ESCOBAR|CONCHA|CC|30741337|1968-11-25|2|2|6|9510|3|2||4|07|||1|56.0|160|||2||||||||||||52UZPE01152001T03MT01EBS001H003152UZPE01152001T03MT01EBS001H0031F0031|52UZPE01152001T03MT01EBS001H003152UZPE01152001T03MT01EBS001H0031F0031CC30741337
3|750|MARLENE|DEFATIMA|ESCOBAR|CONCHA|CC|27082607|1960-05-13|2|2|6|9510|3|1||3|07|||8|60.0|157|||2||||||||||||52UZPE01152001T03MT01EBS001H003152UZPE01152001T03MT01EBS001H0031F0031|52UZPE01152001T03MT01EBS001H003152UZPE01152001T03MT01EBS001H0031F0031CC27082607
3|751|MAGOLA|DELCARMEN|JIMENEZ|VILLLOTA|CC|30715743|1956-04-25|2|2|6|9998|3|1||3|07|||8|55.0|156|||2||||||||||||52UZPE01152001T03MT01EBS001H003252UZPE01152001T03MT01EBS001H0032F0032|52UZPE01152001T03MT01EBS001H003252UZPE01152001T03MT01EBS001H0032F0032CC30715743
3|752|CARMEN|DORALBA|TOBAR|NA|CC|30728918|1963-11-16|2|2|6|9998|3|2||3|07|||8|67.0|162|||2||||||||||||52UZPE01152001T03MT01EBS001H002252UZPE01152001T03MT01EBS001H0022F0022|52UZPE01152001T03MT01EBS001H002252UZPE01152001T03MT01EBS001H0022F0022CC30728918
3|753|SANTIAGO|SANTIAGO|SANTACRUZ|CEBALLOS|CC|1004234568|2002-09-14|1|2|6|9998|3|1||7|07|||8|75.0|178|||2||||||||||||52UZPE01152001T03MT01EBS001H003352UZPE01152001T03MT01EBS001H0033F0033|52UZPE01152001T03MT01EBS001H003352UZPE01152001T03MT01EBS001H0033F0033CC1004234568
3|754|JUAN|JOSE|SANTACRUZ|CEBALLOS|CC|1081054469|2006-03-27|1|2|6|9998|3|1||7|07|||8|70.0|180|||2||||||||||||52UZPE01152001T03MT01EBS001H003352UZPE01152001T03MT01EBS001H0033F0033|52UZPE01152001T03MT01EBS001H003352UZPE01152001T03MT01EBS001H0033F0033CC1081054469
3|755|ROBERT|JAIRO|SANTACRUZ|OBANDO|CC|12993524|1967-06-17|1|2|6|5169|3|2||7|07|||8|89.0|170|||2||||||||||||52UZPE01152001T03MT01EBS001H003352UZPE01152001T03MT01EBS001H0033F0033|52UZPE01152001T03MT01EBS001H003352UZPE01152001T03MT01EBS001H0033F0033CC12993524
3|756|MIRIAM|DELROSARIO|CEBALLOS|RODRIGUEZ|CC|30742545|1967-06-21|2|2|6|5169|3|1||7|07|||8|64.0|157|||2||||||||||||52UZPE01152001T03MT01EBS001H003352UZPE01152001T03MT01EBS001H0033F0033|52UZPE01152001T03MT01EBS001H003352UZPE01152001T03MT01EBS001H0033F0033CC30742545
3|757|MAIRA|ALEJANDRA|PAREDES|TOBAR|CC|1085315100|1994-08-05|2|2|6|9510|3|1||7|07|||8|74.0|164|||2||||||||||||52UZPE01152001T03MT01EBS001H002352UZPE01152001T03MT01EBS001H0023F0023|52UZPE01152001T03MT01EBS001H002352UZPE01152001T03MT01EBS001H0023F0023CC1085315100
3|758|CARLOS|ARTURO|CASTRO|ESPITIA|CC|10254234|1959-07-22|1|2|6|9998|3|1||3|07|||8|80.0|165|||2||||||||||||52UZPE01152001T03MT01EBS001H003452UZPE01152001T03MT01EBS001H0034F0034|52UZPE01152001T03MT01EBS001H003452UZPE01152001T03MT01EBS001H0034F0034CC10254234
3|759|ADRIANA|AMERICA|SANCHEZ|SANCHEZ|CC|30728035|1963-06-11|2|2|6|9998|3|2||3|07|||8|56.0|153|||2||||||||||||52UZPE01152001T03MT01EBS001H003552UZPE01152001T03MT01EBS001H0035F0035|52UZPE01152001T03MT01EBS001H003552UZPE01152001T03MT01EBS001H0035F0035CC30728035
3|760|YERENY|VALERIA|SANUDO|SANCHEZ|CC|1085307545|1993-08-22|2|2|6|9622|3|1||7|07|||8|54.0|156|||2||||||||||||52UZPE01152001T03MT01EBS001H003552UZPE01152001T03MT01EBS001H0035F0035|52UZPE01152001T03MT01EBS001H003552UZPE01152001T03MT01EBS001H0035F0035CC1085307545
3|761|ANDRES|FELIPE|VILLACORTE|GUARANGUAY|CC|1085337868|1997-09-28|1|2|6|9998|3|1||7|07|||8|70.0|169|||2||||||||||||52UZPE01152001T03MT01EBS001H003652UZPE01152001T03MT01EBS001H0036F0036|52UZPE01152001T03MT01EBS001H003652UZPE01152001T03MT01EBS001H0036F0036CC1085337868
3|762|JORGE|VICENTE|VILLACORTE|SANTACRUZ|CC|12990113|1965-03-15|1|2|6|9998|3|1||4|07|||2|70.0|169|||2||||||||||||52UZPE01152001T03MT01EBS001H003652UZPE01152001T03MT01EBS001H0036F0036|52UZPE01152001T03MT01EBS001H003652UZPE01152001T03MT01EBS001H0036F0036CC12990113
3|763|DIGNA|OMAIRA|GUARANGUAY|MORAN|CC|30723841|1960-10-24|2|2|6|9510|3|1||3|07|||8|63.0|157|||2||||||||||||52UZPE01152001T03MT01EBS001H003652UZPE01152001T03MT01EBS001H0036F0036|52UZPE01152001T03MT01EBS001H003652UZPE01152001T03MT01EBS001H0036F0036CC30723841
3|764|ZAMARA|LORENA|VILLACORTE|MIRANDA|CC|36954904|1980-08-14|2|2|6|9999|3|1||7|07|||8|55.0|160|||2||||||||||||52UZPE01152001T03MT01EBS001H003752UZPE01152001T03MT01EBS001H0037F0037|52UZPE01152001T03MT01EBS001H003752UZPE01152001T03MT01EBS001H0037F0037CC36954904
3|765|MARGOT|JOSEFINA|MIRANDA|VALLEJO|CC|301705965|1950-03-25|2|2|6|9998|3|1||3|07|||8|52.0|156|||2||||||||||||52UZPE01152001T03MT01EBS001H003752UZPE01152001T03MT01EBS001H0037F0037|52UZPE01152001T03MT01EBS001H003752UZPE01152001T03MT01EBS001H0037F0037CC301705965
3|766|CARLOS|EFRAIN|VILLACORTE|SANTACRUZ|CC|12967734|1956-03-23|1|2|6|9622|3|1||3|07|||8|75.0|172|||2||||||||||||52UZPE01152001T03MT01EBS001H003752UZPE01152001T03MT01EBS001H0037F0037|52UZPE01152001T03MT01EBS001H003752UZPE01152001T03MT01EBS001H0037F0037CC12967734
3|767|JAIME|ANDRES|SANTACRUZ|MONCAYO|CC|98395801|1975-10-01|1|2|6|9622|3|2||4|07|||1|90.0|180|||2||||||||||||52UZPE01152001T03MT01EBS001H003852UZPE01152001T03MT01EBS001H0038F0038|52UZPE01152001T03MT01EBS001H003852UZPE01152001T03MT01EBS001H0038F0038CC98395801
3|768|ISABEL|ARDILA|RUEDA|RUEDA|CC|63448258|1972-09-28|2|2|6|9622|3|1||7|07|||8|83.0|155|||2||||||||||||52UZPE01152001T03MT01EBS001H004052UZPE01152001T03MT01EBS001H0040F0040|52UZPE01152001T03MT01EBS001H004052UZPE01152001T03MT01EBS001H0040F0040CC63448258
3|769|TERESA|DEJESUS|BEDOYA|DELOPEZ|CC|27061215|1934-03-30|2|2|6|9998|3|2||3|07|||1|65.0|151|||2||||||||||||52UZPE01152001T03MT01EBS001H004252UZPE01152001T03MT01EBS001H0042F0042|52UZPE01152001T03MT01EBS001H004252UZPE01152001T03MT01EBS001H0042F0042CC27061215
3|770|FRANCO|EDMUNDO|LOPEZ|BEDOYA|CC|13964576|1957-10-02|1|2|6|9622|3|1||3|07|||8|87.0|165|||2||||||||||||52UZPE01152001T03MT01EBS001H004252UZPE01152001T03MT01EBS001H0042F0042|52UZPE01152001T03MT01EBS001H004252UZPE01152001T03MT01EBS001H0042F0042CC13964576
3|771|EDUARDO|PRIMITIVO|PAZ|DAVILA|CC|12959555|1952-01-15|1|2|6|9998|3|2||3|07|||8|74.0|174|||2||||||||||||52UZPE01152001T03MT01EBS001H004452UZPE01152001T03MT01EBS001H0044F0044|52UZPE01152001T03MT01EBS001H004452UZPE01152001T03MT01EBS001H0044F0044CC12959555
3|772|OLGA|LUCIA|MARTINEZ|SOLARTE|CC|30743524|1968-02-08|2|2|6|9998|3|1||7|07|||8|50.0|148|||2||||||||||||52UZPE01152001T03MT01EBS001H004552UZPE01152001T03MT01EBS001H0045F0045|52UZPE01152001T03MT01EBS001H004552UZPE01152001T03MT01EBS001H0045F0045CC30743524
3|773|PATRICIA|ROCIO|SANTACRUZ|SABOGAL|CC|30728012|1972-11-30|2|2|6|9998|3|1||7|07|||8|63.0|160|||2||||||||||||52UZPE01152001T03MT01EBS001H004652UZPE01152001T03MT01EBS001H0046F0046|52UZPE01152001T03MT01EBS001H004652UZPE01152001T03MT01EBS001H0046F0046CC30728012
3|774|JOSE|IGNACIO|LUCERO|RIVERA|CC|12970065|1969-11-06|1|2|6|9510|3|1||7|07|||8|80.0|170|||2||||||||||||52UZPE01152001T03MT01EBS001H004652UZPE01152001T03MT01EBS001H0046F0046|52UZPE01152001T03MT01EBS001H004652UZPE01152001T03MT01EBS001H0046F0046CC12970065
3|775|JUAN|JOSE|LUCERO|SANTACRUZ|CC|1085345372|2000-05-20|1|2|6|5169|3|2||7|07|||8|75.0|176|||2||||||||||||52UZPE01152001T03MT01EBS001H004652UZPE01152001T03MT01EBS001H0046F0046|52UZPE01152001T03MT01EBS001H004652UZPE01152001T03MT01EBS001H0046F0046CC1085345372
3|776|ELSY|DINA|MADRONERO|PORTILLO|CC|59806027|1980-12-11|2|2|6|9998|3|2||7|07|||8|65.0|150|||2||||||||||||52UZPE01152001T03MT01EBS001H004952UZPE01152001T03MT01EBS001H0049F0049|52UZPE01152001T03MT01EBS001H004952UZPE01152001T03MT01EBS001H0049F0049CC59806027
3|777|SILVIA|MARGOTH|VALENCIA|ROMO|CC|59016124|1970-01-03|2|2|6|9622|3|2||7|07|||8|72.0|152|||2||||||||||||52UZPE01152001T03MT01EBS001H005152UZPE01152001T03MT01EBS001H0051F0051|52UZPE01152001T03MT01EBS001H005152UZPE01152001T03MT01EBS001H0051F0051CC59016124
3|778|ROCIO|DELCARMEN|CABRERA|NA|CC|30724789|1960-03-12|2|2|6|9622|3|1||3|07|||8|65.0|152|||2||||||||||||52UZPE01152001T03MT01EBS001H005352UZPE01152001T03MT01EBS001H0053F0053|52UZPE01152001T03MT01EBS001H005352UZPE01152001T03MT01EBS001H0053F0053CC30724789
3|779|JHONATAN|DAVID|MORA|CABRERA|CC|1085291169|1991-10-02|1|2|6|9510|3|1||7|07|||8|80.0|177|||2||||||||||||52UZPE01152001T03MT01EBS001H005352UZPE01152001T03MT01EBS001H0053F0053|52UZPE01152001T03MT01EBS001H005352UZPE01152001T03MT01EBS001H0053F0053CC1085291169
3|780|FRENNYMAR|YULEANNY|SIERRA|ADRIAN|PT|6914192|2003-06-05|2|2|6|9510|3|1||7|07|||8|74.0|165|||2||||||||||||52UZPE01152001T03MT01EBS001H005452UZPE01152001T03MT01EBS001H0054F0054|52UZPE01152001T03MT01EBS001H005452UZPE01152001T03MT01EBS001H0054F0054PT6914192
3|781|IVANJER|JEIVINSON|MENDOZA|MEZONES|PT|6647466|1993-11-01|1|2|6|9510|3|1||7|07|||8|70.0|185|||2||||||||||||52UZPE01152001T03MT01EBS001H005452UZPE01152001T03MT01EBS001H0054F0054|52UZPE01152001T03MT01EBS001H005452UZPE01152001T03MT01EBS001H0054F0054PT6647466
3|782|JUAN|CARLOS|MARTINEZ|CORONIL|PT|6914479|1969-03-25|1|2|6|9510|3|1||7|07|||8|60.0|154|||2||||||||||||52UZPE01152001T03MT01EBS001H005552UZPE01152001T03MT01EBS001H0055F0055|52UZPE01152001T03MT01EBS001H005552UZPE01152001T03MT01EBS001H0055F0055PT6914479
3|783|YOSAN|JHEAMBIER|SIERRA|ADRIAN|PT|6912853|2005-02-10|1|2|6|9998|3|1||7|07|||8|68.0|175|||2||||||||||||52UZPE01152001T03MT01EBS001H005552UZPE01152001T03MT01EBS001H0055F0055|52UZPE01152001T03MT01EBS001H005552UZPE01152001T03MT01EBS001H0055F0055PT6912853
3|784|LEIDA|BEATRIZ|ADRIAN|GONZALEZ|PT|6912647|1979-09-01|2|2|6|9510|3|1||7|07|||8|76.0|160|||2||||||||||||52UZPE01152001T03MT01EBS001H005552UZPE01152001T03MT01EBS001H0055F0055|52UZPE01152001T03MT01EBS001H005552UZPE01152001T03MT01EBS001H0055F0055PT6912647
3|785|JAIME|ORLANDO|SANTACRUZ|SABOGAL|CC|12992876|1965-07-09|1|2|6|9999|3|1||7|07|||8|65.0|167|||2||||||||||||52UZPE01152001T03MT01EBS001H005652UZPE01152001T03MT01EBS001H0056F0056|52UZPE01152001T03MT01EBS001H005652UZPE01152001T03MT01EBS001H0056F0056CC12992876
3|786|GRECY|YOLANDA|SABOGAL|SANTACRUZ|CC|30717030|1957-11-02|2|2|6|9998|3|2||3|07|||8|71.0|162|||2||||||||||||52UZPE01152001T03MT01EBS001H005652UZPE01152001T03MT01EBS001H0056F0056|52UZPE01152001T03MT01EBS001H005652UZPE01152001T03MT01EBS001H0056F0056CC30717030
3|787|BEATRIZ|CONCEPCION|SABOGAL|DESANTACRUZ|CC|27066595|1932-12-08|2|2|6|9998|3|2||3|07|||8|65.0|160|||2||||||||||||52UZPE01152001T03MT01EBS001H005652UZPE01152001T03MT01EBS001H0056F0056|52UZPE01152001T03MT01EBS001H005652UZPE01152001T03MT01EBS001H0056F0056CC27066595
3|788|MELBA|DOLORES|AGUILAR|GOMEZ|CC|30709347|1956-05-10|2|2|6|9998|3|2||3|07|||8|68.0|156|||2||||||||||||52UZPE01152001T03MT01EBS001H005752UZPE01152001T03MT01EBS001H0057F0057|52UZPE01152001T03MT01EBS001H005752UZPE01152001T03MT01EBS001H0057F0057CC30709347
3|789|DAIRA|ELENA|VILLOTA|AGUILAR|CC|36950267|1980-08-26|2|2|6|9998|3|1||7|07|||8|84.0|169|||2||||||||||||52UZPE01152001T03MT01EBS001H005752UZPE01152001T03MT01EBS001H0057F0057|52UZPE01152001T03MT01EBS001H005752UZPE01152001T03MT01EBS001H0057F0057CC36950267
3|790|MARIA|JAEL|GOMEZ|DEAGUILAR|CC|27057191|1921-06-03|2|2|6|9998|3|2||3|07|||8|58.0|145|||2||||||||||||52UZPE01152001T03MT01EBS001H005852UZPE01152001T03MT01EBS001H0058F0058|52UZPE01152001T03MT01EBS001H005852UZPE01152001T03MT01EBS001H0058F0058CC27057191
3|791|AMANDA|RUBIELA|DUENAS|PEREZ|CC|36930947|1970-02-15|2|2|6|9998|3|1||7|07|||8|54.0|155|||2||||||||||||52UZPE01152001T03MT01EBS001H006152UZPE01152001T03MT01EBS001H0061F0061|52UZPE01152001T03MT01EBS001H006152UZPE01152001T03MT01EBS001H0061F0061CC36930947
3|792|MILTON|EVER|LUNA|ARTEAGA|CC|13064336|1964-08-23|1|2|6|5169|3|2||3|07|||8|65.0|164|||2||||||||||||52UZPE01152001T03MT01EBS001H006152UZPE01152001T03MT01EBS001H0061F0061|52UZPE01152001T03MT01EBS001H006152UZPE01152001T03MT01EBS001H0061F0061CC13064336
3|793|CHRISTIAN|DANIEL|CAICEDO|PARDO|CC|1085293350|1991-11-15|1|2|6|9999|3|2||7|07|||8|65.0|160|||2||||||||||||52UZPE01152001T03MT01EBS001H006352UZPE01152001T03MT01EBS001H0063F0063|52UZPE01152001T03MT01EBS001H006352UZPE01152001T03MT01EBS001H0063F0063CC1085293350
3|794|LIGIA|DELCARMEN|PARDO|PEREZ|CC|30742048|1968-09-20|2|2|6|9998|3|2||7|07|||8|54.0|153|||2||||||||||||52UZPE01152001T03MT01EBS001H006352UZPE01152001T03MT01EBS001H0063F0063|52UZPE01152001T03MT01EBS001H006352UZPE01152001T03MT01EBS001H0063F0063CC30742048
3|795|ROSA|LIBIA|PEREZ|DEPARDO|CC|30718732|1949-01-31|2|2|6|9998|3|2||3|07|||8|56.0|154|||2||||||||||||52UZPE01152001T03MT01EBS001H006452UZPE01152001T03MT01EBS001H0064F0064|52UZPE01152001T03MT01EBS001H006452UZPE01152001T03MT01EBS001H0064F0064CC30718732
3|796|MIRIAM|LUCIA|BASTIDAS|PATINO|CC|59834942|1976-12-18|2|2|6|5169|3|2||7|07|||8|70.0|157|||2||||||||||||52UZPE01152001T03MT01EBS001H006552UZPE01152001T03MT01EBS001H0065F0065|52UZPE01152001T03MT01EBS001H006552UZPE01152001T03MT01EBS001H0065F0065CC59834942
3|797|MARIA|OFENOLIA|YELA|YELA|CC|30735602|1963-07-11|2|2|6|9998|3|1||3|07|||8|52.0|161|||2||||||||||||52UZPE01152001T03MT01EBS001H006752UZPE01152001T03MT01EBS001H0067F0067|52UZPE01152001T03MT01EBS001H006752UZPE01152001T03MT01EBS001H0067F0067CC30735602
3|798|MARIA|EUGENIA|GALEANO|DEMARTINEZ|CC|307229333|1971-12-17|2|2|6|9998|3|1||7|07|||8|69.0|161|||2||||||||||||52UZPE01152001T03MT01EBS001H006852UZPE01152001T03MT01EBS001H0068F0068|52UZPE01152001T03MT01EBS001H006852UZPE01152001T03MT01EBS001H0068F0068CC307229333
3|799|INES|DELSOCORRO|GALEANO|MORA|CC|30710147|1957-07-09|2|2|6|9998|3|1||3|07|||1|65.0|160|||2||||||||||||52UZPE01152001T03MT01EBS001H006852UZPE01152001T03MT01EBS001H0068F0068|52UZPE01152001T03MT01EBS001H006852UZPE01152001T03MT01EBS001H0068F0068CC30710147
3|800|BERTA|ILIA|MORA|DEGALEANO|CC|27065478|1930-05-20|2|2|6|9998|3|1||3|07|||2|68.0|155|||2||||||||||||52UZPE01152001T03MT01EBS001H006852UZPE01152001T03MT01EBS001H0068F0068|52UZPE01152001T03MT01EBS001H006852UZPE01152001T03MT01EBS001H0068F0068CC27065478
3|801|ADRIANA|DELPILAR|BASTIDAS|PATINO|CC|59822733|1973-12-01|2|2|6|5169|3|2||7|07|||8|65.0|155|||2||||||||||||52UZPE01152001T03MT01EBS001H006652UZPE01152001T03MT01EBS001H0066F0066|52UZPE01152001T03MT01EBS001H006652UZPE01152001T03MT01EBS001H0066F0066CC59822733
3|802|ARMANDO|PARMENIDEZ|SALCEDO|ZAMBRANO|CC|12981192|1962-12-11|1|2|6|9510|3|1||3|07|||8|80.0|178|||2||||||||||||52UZPE01152001T03MT01EBS001H006952UZPE01152001T03MT01EBS001H0069F0069|52UZPE01152001T03MT01EBS001H006952UZPE01152001T03MT01EBS001H0069F0069CC12981192
3|803|DANIEL|ALEJANDRO|SALCEDO|DIEZ|CC|1085321911|1995-05-24|1|2|6|9998|3|1||7|07|||8|70.0|175|||2||||||||||||52UZPE01152001T03MT01EBS001H006952UZPE01152001T03MT01EBS001H0069F0069|52UZPE01152001T03MT01EBS001H006952UZPE01152001T03MT01EBS001H0069F0069CC1085321911
3|804|GLORIA|ESPERANZA|MUNOZ|NA|CC|27076133|1947-12-17|2|2|6|9998|3|2||3|07|||8|73.0|155|||2||||||||||||52UZPE01152001T03MT01EBS001H007052UZPE01152001T03MT01EBS001H0070F0070|52UZPE01152001T03MT01EBS001H007052UZPE01152001T03MT01EBS001H0070F0070CC27076133
3|805|ALVARO|RICARDO|MONTUFAR|MUNOZ|CC|75067325|1972-02-11|1|2|6|5169|3|2||7|07|||8|72.0|175|||2||||||||||||52UZPE01152001T03MT01EBS001H007052UZPE01152001T03MT01EBS001H0070F0070|52UZPE01152001T03MT01EBS001H007052UZPE01152001T03MT01EBS001H0070F0070CC75067325
3|806|LUZ|BERNARDA|VILLOTA|MENESES|CC|30703544|1951-04-12|2|2|6|9998|3|1||3|07|||8|63.0|153|||2||||||||||||52UZPE01152001T03MT01EBS001H007152UZPE01152001T03MT01EBS001H0071F0071|52UZPE01152001T03MT01EBS001H007152UZPE01152001T03MT01EBS001H0071F0071CC30703544
3|807|YOLIMA|YOLIMA|DELCARMEN|VILLOTA|CC|27087431|1978-03-30|2|2|6|9998|3|1||7|07|||8|60.0|160|||2||||||||||||52UZPE01152001T03MT01EBS001H007152UZPE01152001T03MT01EBS001H0071F0071|52UZPE01152001T03MT01EBS001H007152UZPE01152001T03MT01EBS001H0071F0071CC27087431
3|808|NEDER|JANCARLO|ZEA|SANCHEZ|CC|1089487071|1996-12-27|1|2|6|9510|3|1||7|07|||8|62.0|168|||2||||||||||||52UZPE01152001T03MT01EBS001H007252UZPE01152001T03MT01EBS001H0072F0072|52UZPE01152001T03MT01EBS001H007252UZPE01152001T03MT01EBS001H0072F0072CC1089487071
3|809|ANGIE|PAOLA|VILLOTA|ERAZO|CC|1085331281|1996-04-28|2|2|6|9998|3|1||7|07|||8|58.0|160|||2||||||||||||52UZPE01152001T03MT01EBS001H007252UZPE01152001T03MT01EBS001H0072F0072|52UZPE01152001T03MT01EBS001H007252UZPE01152001T03MT01EBS001H0072F0072CC1085331281
3|810|LUIS|ALFONSO|PANTOJA|DELAROSA|CC|12960628|1954-03-04|1|2|6|9998|3|1||3|07|||2|53.0|165|||2||||||||||||52UZPE01152001T03MT01EBS001H007352UZPE01152001T03MT01EBS001H0073F0073|52UZPE01152001T03MT01EBS001H007352UZPE01152001T03MT01EBS001H0073F0073CC12960628
3|811|DOLORES|EMILIA|PANTOJA|DELAROSA|CC|30721824|1958-07-11|2|2|6|9998|3|1||3|07|||8|75.0|156|||2||||||||||||52UZPE01152001T03MT01EBS001H007352UZPE01152001T03MT01EBS001H0073F0073|52UZPE01152001T03MT01EBS001H007352UZPE01152001T03MT01EBS001H0073F0073CC30721824
3|812|JHON|MARIO|ARGOTE|ARROYO|CC|1080040587|2004-03-19|1|2|6|9998|3|1||7|07|||8|70.0|177|||2||||||||||||52UZPE01152001T03MT01EBS001H007452UZPE01152001T03MT01EBS001H0074F0074|52UZPE01152001T03MT01EBS001H007452UZPE01152001T03MT01EBS001H0074F0074CC1080040587
3|813|GUILLERMO|ARTURO|ARGOTE|LEGARDA|CC|12968400|1958-08-27|1|2|6|9510|3|1||3|07|||8|72.0|173|||2||||||||||||52UZPE01152001T03MT01EBS001H007452UZPE01152001T03MT01EBS001H0074F0074|52UZPE01152001T03MT01EBS001H007452UZPE01152001T03MT01EBS001H0074F0074CC12968400
3|814|MONICA|DELCARMEN|ARROYO|ROSERO|CC|59813588|1967-07-16|2|2|6|9998|3|1||7|07|||8|60.0|154|||2||||||||||||52UZPE01152001T03MT01EBS001H007452UZPE01152001T03MT01EBS001H0074F0074|52UZPE01152001T03MT01EBS001H007452UZPE01152001T03MT01EBS001H0074F0074CC59813588
3|815|MARTHA|DEJESUS|BURBANO|MESIAS|CC|27070253|1943-11-01|2|2|6|9998|3|1||3|07|||1|51.0|165|||2||||||||||||52UZPE01152001T03MT01EBS001H007552UZPE01152001T03MT01EBS001H0075F0075|52UZPE01152001T03MT01EBS001H007552UZPE01152001T03MT01EBS001H0075F0075CC27070253
3|816|MIRIAM|DORIS|PAZ|VILLOTA|CC|30716074|1956-12-31|2|2|6|9510|3|1||3|07|||8|65.0|160|||2||||||||||||52UZPE01152001T03MT01EBS001H007652UZPE01152001T03MT01EBS001H0076F0076|52UZPE01152001T03MT01EBS001H007652UZPE01152001T03MT01EBS001H0076F0076CC30716074
3|817|CARLOS|ALBERTO|SANTACRUZ|SANTACRUZ|CC|98301269|1974-07-04|1|2|6|5169|3|2||7|07|||8|74.0|165|||2||||||||||||52UZPE01152001T03MT01EBS001H007752UZPE01152001T03MT01EBS001H0077F0077|52UZPE01152001T03MT01EBS001H007752UZPE01152001T03MT01EBS001H0077F0077CC98301269
3|818|ANGELA|VANESA|SANTACRUZ|BUESAQUILLO|CC|1193276070|2000-05-08|2|2|6|5169|3|2||7|07|||8|57.0|161|||2||||||||||||52UZPE01152001T03MT01EBS001H007752UZPE01152001T03MT01EBS001H0077F0077|52UZPE01152001T03MT01EBS001H007752UZPE01152001T03MT01EBS001H0077F0077CC1193276070
3|819|JEIMY|AIDE|BUESAQUILLO|BOTINA|CC|36759515|1982-01-18|2|2|6|9998|3|2||7|07|||8|58.0|162|||2||||||||||||52UZPE01152001T03MT01EBS001H007752UZPE01152001T03MT01EBS001H0077F0077|52UZPE01152001T03MT01EBS001H007752UZPE01152001T03MT01EBS001H0077F0077CC36759515
3|820|MYRIAM|NA|HIDALGO|DEERASO|CC|27071111|1943-05-07|2|2|6|9999|3|2||3|07|||8|54.0|154|||2||||||||||||52UZPE01152001T03MT01EBS001H007852UZPE01152001T03MT01EBS001H0078F0078|52UZPE01152001T03MT01EBS001H007852UZPE01152001T03MT01EBS001H0078F0078CC27071111
3|821|JUAN|CARLOS|ERASO|HIDALGO|CC|12986706|1965-10-31|1|2|6|9998|3|2||7|07|||8|72.0|170|||2||||||||||||52UZPE01152001T03MT01EBS001H007852UZPE01152001T03MT01EBS001H0078F0078|52UZPE01152001T03MT01EBS001H007852UZPE01152001T03MT01EBS001H0078F0078CC12986706
3|822|JULIO|ANDRES|LOPEZ|RUIZ|CC|98388238|1974-06-15|1|2|6|5169|3|2||7|07|||8|72.0|174|||2||||||||||||52UZPE01152001T03MT01EBS001H007952UZPE01152001T03MT01EBS001H0079F0079|52UZPE01152001T03MT01EBS001H007952UZPE01152001T03MT01EBS001H0079F0079CC98388238
3|823|MARIA|ELENA|LOPEZ|RUIZ|CC|30736051|1961-05-15|2|2|6|9998|3|1||3|07|||8|75.0|159|||2||||||||||||52UZPE01152001T03MT01EBS001H007952UZPE01152001T03MT01EBS001H0079F0079|52UZPE01152001T03MT01EBS001H007952UZPE01152001T03MT01EBS001H0079F0079CC30736051
3|824|DIGNA|MARIA|NARVAEZ|BENAVIDES|CC|30713687|1958-01-09|2|2|6|9998|3|1||3|07|||8|44.0|146|||2||||||||||||52UZPE01152001T03MT01EBS001H008352UZPE01152001T03MT01EBS001H0083F0083|52UZPE01152001T03MT01EBS001H008352UZPE01152001T03MT01EBS001H0083F0083CC30713687
3|825|TULIO|DANILO|BOTINA|MONTILLA|CC|12964498|1955-07-18|1|2|6|9510|3|1||3|07|||8|79.0|169|||2||||||||||||52UZPE01152001T03MT01EBS001H008452UZPE01152001T03MT01EBS001H0084F0084|52UZPE01152001T03MT01EBS001H008452UZPE01152001T03MT01EBS001H0084F0084CC12964498
3|826|JUDITH|DELROSARIO|BOTINA|SANTACRUZ|CC|27091216|1979-12-22|2|2|6|9622|3|1||7|07|||8|64.0|155|||2||||||||||||52UZPE01152001T03MT01EBS001H008552UZPE01152001T03MT01EBS001H0085F0085|52UZPE01152001T03MT01EBS001H008552UZPE01152001T03MT01EBS001H0085F0085CC27091216
3|827|DANILO|ALEXANDER|BOTINA|SANTACRUZ|CC|1085254312|1986-07-27|1|2|6|9510|3|1||7|07|||8|70.0|165|||2||||||||||||52UZPE01152001T03MT01EBS001H008752UZPE01152001T03MT01EBS001H0087F0087|52UZPE01152001T03MT01EBS001H008752UZPE01152001T03MT01EBS001H0087F0087CC1085254312
3|828|PAOLA|ANDREA|TARAPUEZ|ORTEGA|CC|1085307534|1993-09-21|2|2|6|9998|3|1||7|07|||8|49.0|151|||2||||||||||||52UZPE01152001T03MT01EBS001H008752UZPE01152001T03MT01EBS001H0087F0087|52UZPE01152001T03MT01EBS001H008752UZPE01152001T03MT01EBS001H0087F0087CC1085307534
3|829|CLAUDIA|ALEJANDRA|BUCHELLI|HERRERA|CC|1085262476|1987-03-08|2|2|6|9510|3|1||7|07|||8|60.0|160|||2||||||||||||52UZPE01152001T03MT01EBS001H001952UZPE01152001T03MT01EBS001H0019F0019|52UZPE01152001T03MT01EBS001H001952UZPE01152001T03MT01EBS001H0019F0019CC1085262476
3|830|NATALIA|DANIELA|NARVAEZ|ERAZO|CC|1085296527|1992-03-16|2|2|6|5169|3|2||7|07|||8|61.0|166|||2||||||||||||52UZPE01152001T03MT01EBS001H008952UZPE01152001T03MT01EBS001H0089F0089|52UZPE01152001T03MT01EBS001H008952UZPE01152001T03MT01EBS001H0089F0089CC1085296527
3|831|MARY|LUCIA|NARVAEZ|ERAZO|CC|30724643|1959-09-07|2|2|6|9998|3|2||3|07|||8|53.0|154|||2||||||||||||52UZPE01152001T03MT01EBS001H008952UZPE01152001T03MT01EBS001H0089F0089|52UZPE01152001T03MT01EBS001H008952UZPE01152001T03MT01EBS001H0089F0089CC30724643
3|832|LISLEY|ANDREA|VALENCIA|RAMOS|CC|52211138|1975-11-25|2|2|6|5169|3|2||7|07|||8|65.0|160|||2||||||||||||52UZPE01152001T03MT01EBS001H009052UZPE01152001T03MT01EBS001H0090F0090|52UZPE01152001T03MT01EBS001H009052UZPE01152001T03MT01EBS001H0090F0090CC52211138
3|833|FANI|FANI|RAMOS|DEVALENCIA|CC|27066178|1939-12-08|2|2|6|9998|3|2||3|07|||8|65.0|150|||2||||||||||||52UZPE01152001T03MT01EBS001H009052UZPE01152001T03MT01EBS001H0090F0090|52UZPE01152001T03MT01EBS001H009052UZPE01152001T03MT01EBS001H0090F0090CC27066178
3|834|ELVA|ALICIA|MUNOZ|CAICEDO|CC|27108414|1966-12-23|2|2|6|9622|3|1||7|07|||8|50.0|155|||2||||||||||||52UZPE01152001T03MT01EBS001H009252UZPE01152001T03MT01EBS001H0092F0092|52UZPE01152001T03MT01EBS001H009252UZPE01152001T03MT01EBS001H0092F0092CC27108414
3|835|INES|DELSOCORRO|JIMENEZ|VILLOTA|CC|307086635|1955-03-25|2|2|6|9998|3|1||3|07|||8|56.0|154|||2||||||||||||52UZPE01152001T03MT01EBS001H009352UZPE01152001T03MT01EBS001H0093F0093|52UZPE01152001T03MT01EBS001H009352UZPE01152001T03MT01EBS001H0093F0093CC307086635
3|836|JOSE|GUILLERMO|ERAZO|MUNOZ|CC|12951308|1947-04-30|1|2|6|9999|3|2||3|07|||2|85.0|155|||2||||||||||||52UZPE01152001T03MT01EBS001H009452UZPE01152001T03MT01EBS001H0094F0094|52UZPE01152001T03MT01EBS001H009452UZPE01152001T03MT01EBS001H0094F0094CC12951308
3|837|MARIA|GLORIA|SANTACRUZ|DEERASO|CC|27075163|1948-06-29|2|2|6|9510|3|2||3|07|||2|50.0|148|||2||||||||||||52UZPE01152001T03MT01EBS001H009452UZPE01152001T03MT01EBS001H0094F0094|52UZPE01152001T03MT01EBS001H009452UZPE01152001T03MT01EBS001H0094F0094CC27075163
3|838|GUSTAVO|ALEXIS|OSORIO|APRAEZ|CC|1085330105|1996-06-27|1|2|6|9510|3|1||7|07|||8|80.0|180|||2||||||||||||52UZPE01152001T03MT01EBS001H008652UZPE01152001T03MT01EBS001H0086F0086|52UZPE01152001T03MT01EBS001H008652UZPE01152001T03MT01EBS001H0086F0086CC1085330105
3|839|RUTH|MERCEDES|APRAEZ|GUERRERO|CC|59817011|1967-10-27|2|2|6|9998|3|1||7|07|||8|75.0|167|||2||||||||||||52UZPE01152001T03MT01EBS001H008652UZPE01152001T03MT01EBS001H0086F0086|52UZPE01152001T03MT01EBS001H008652UZPE01152001T03MT01EBS001H0086F0086CC59817011
3|840|EFREN|GIOVANNY|GAVILANES|ENRRIQUEZ|CC|12980808|1964-03-29|1|2|6|9622|3|2||3|07|||8|70.0|172|||2||||||||||||52UZPE01152001T03MT01EBS001H009552UZPE01152001T03MT01EBS001H0095F0095|52UZPE01152001T03MT01EBS001H009552UZPE01152001T03MT01EBS001H0095F0095CC12980808
3|841|EFREN|HERMOGENES|GAVILANES|OJEDA|CC|5198034|1942-03-13|1|2|6|9998|3|2||3|07|||8|65.0|165|||2||||||||||||52UZPE01152001T03MT01EBS001H009552UZPE01152001T03MT01EBS001H0095F0095|52UZPE01152001T03MT01EBS001H009552UZPE01152001T03MT01EBS001H0095F0095CC5198034
3|842|JESSICA|SOFIA|RODRIGUEZ|YELA|CC|1086694148|2004-03-17|2|2|6|9998|3|1||7|07|||8|78.0|167|||2||||||||||||52UZPE01152001T03MT01EBS001H009652UZPE01152001T03MT01EBS001H0096F0096|52UZPE01152001T03MT01EBS001H009652UZPE01152001T03MT01EBS001H0096F0096CC1086694148
3|843|ALIS|ALEJANDRINA|BASTIDAS|VILLOTA|CC|27531590|1955-01-07|2|2|6|9998|3|2||3|07|||8|56.0|156|||2||||||||||||52UZPE01152001T03MT01EBS001H009752UZPE01152001T03MT01EBS001H0097F0097|52UZPE01152001T03MT01EBS001H009752UZPE01152001T03MT01EBS001H0097F0097CC27531590
3|844|BAYARDO|MARINO|JURADO|NARVAEZ|CC|12994307|1968-12-26|1|2|6|9510|3|1||7|07|||8|70.0|170|||2||||||||||||52UZPE01152001T03MT01EBS001H009852UZPE01152001T03MT01EBS001H0098F0098|52UZPE01152001T03MT01EBS001H009852UZPE01152001T03MT01EBS001H0098F0098CC12994307
3|845|AURA|MARINA|NARVAEZ|DEJURADO|CC|27051416|1937-08-04|2|2|6|9998|3|1||3|07|||8|62.0|150|||2||||||||||||52UZPE01152001T03MT01EBS001H009852UZPE01152001T03MT01EBS001H0098F0098|52UZPE01152001T03MT01EBS001H009852UZPE01152001T03MT01EBS001H0098F0098CC27051416
3|846|MANUEL|ANTONIO|JURADO|CORDOBA|CC|1801753|1936-07-16|1|2|6|9998|3|1||3|07|||8|65.0|166|||2||||||||||||52UZPE01152001T03MT01EBS001H009852UZPE01152001T03MT01EBS001H0098F0098|52UZPE01152001T03MT01EBS001H009852UZPE01152001T03MT01EBS001H0098F0098CC1801753
3|847|ELENA|AMPARO|BENAVIDES|GARZON|CC|30711985|1956-01-01|2|2|6|9998|3|1||3|07|||8|48.0|150|||2||||||||||||52UZPE01152001T03MT01EBS001H010052UZPE01152001T03MT01EBS001H0100F0100|52UZPE01152001T03MT01EBS001H010052UZPE01152001T03MT01EBS001H0100F0100CC30711985
3|848|SONIA|PATRICIA|IBARRA|PASAJE|CC|30743316|1969-03-18|2|2|6|9510|3|2||4|07|||3|67.0|156|||2||||||||||||52UZPE01152001T03MT01EBS001H010152UZPE01152001T03MT01EBS001H0101F0101|52UZPE01152001T03MT01EBS001H010152UZPE01152001T03MT01EBS001H0101F0101CC30743316
3|849|JAIRO|ARMANDO|DAVID|NARVAEZ|CC|12990796|1967-06-02|1|2|6|9510|3|2||4|07|||2|65.0|175|||2||||||||||||52UZPE01152001T03MT01EBS001H010152UZPE01152001T03MT01EBS001H0101F0101|52UZPE01152001T03MT01EBS001H010152UZPE01152001T03MT01EBS001H0101F0101CC12990796
3|850|CARMEN|DELSOCORRO|BURBANO|NA|CC|27071987|1945-11-02|2|2|6|9998|3|1||3|07|||8|59.0|155|||2||||||||||||52UZPE01152001T03MT01EBS001H010352UZPE01152001T03MT01EBS001H0103F0103|52UZPE01152001T03MT01EBS001H010352UZPE01152001T03MT01EBS001H0103F0103CC27071987
3|851|GLORIA|AMPARODELROSARIO|DELGADO|TORRES|CC|30730259|1962-04-02|2|2|6|9998|3|1||3|07|||8|59.0|140|||2||||||||||||52UZPE01152001T03MT01EBS001H010452UZPE01152001T03MT01EBS001H0104F0104|52UZPE01152001T03MT01EBS001H010452UZPE01152001T03MT01EBS001H0104F0104CC30730259
3|852|HUMBERTO|NA|MICANQUER|GUANCHA|CC|5254579|1959-03-15|1|2|6|9510|3|1||3|07|||8|72.0|165|||2||||||||||||52UZPE01152001T03MT01EBS001H010552UZPE01152001T03MT01EBS001H0105F0105|52UZPE01152001T03MT01EBS001H010552UZPE01152001T03MT01EBS001H0105F0105CC5254579
3|853|DEYSY|LORENA|MANRIQUE|DELGADO|CC|27090558|1977-06-04|2|2|6|5169|3|2||7|07|||8|51.0|158|||2||||||||||||52UZPE01152001T03MT01EBS001H010752UZPE01152001T03MT01EBS001H0107F0107|52UZPE01152001T03MT01EBS001H010752UZPE01152001T03MT01EBS001H0107F0107CC27090558
3|854|ESTHER|ESTHER|DELGADO|ARCOS|CC|30703036|1948-02-02|2|2|6|9998|3|2||3|07|||1|40.0|158|||2||||||||||||52UZPE01152001T03MT01EBS001H010752UZPE01152001T03MT01EBS001H0107F0107|52UZPE01152001T03MT01EBS001H010752UZPE01152001T03MT01EBS001H0107F0107CC30703036
3|855|NELSY|MARGOT|SANTACRUZ|ROSERO|CC|30729608|1963-07-28|2|2|6|9998|3|1||3|07|||8|58.0|158|||2||||||||||||52UZPE01152001T03MT01EBS001H010852UZPE01152001T03MT01EBS001H0108F0108|52UZPE01152001T03MT01EBS001H010852UZPE01152001T03MT01EBS001H0108F0108CC30729608
3|856|JEIDI|YADIRA|SANTACRUZ|ROSERO|CC|59834434|1976-09-01|2|2|6|9998|3|2||7|07|||8|60.0|161|||2||||||||||||52UZPE01152001T03MT01EBS001H010852UZPE01152001T03MT01EBS001H0108F0108|52UZPE01152001T03MT01EBS001H010852UZPE01152001T03MT01EBS001H0108F0108CC59834434
3|857|MIRIAM|MERCEDES|RAMIREZ|ERASO|CC|29501220|1959-11-12|2|2|6|9998|3|2||3|07|||8|60.0|159|||2||||||||||||52UZPE01152001T03MT01EBS001H010952UZPE01152001T03MT01EBS001H0109F0109|52UZPE01152001T03MT01EBS001H010952UZPE01152001T03MT01EBS001H0109F0109CC29501220
3|858|JONATHAN|ALEXANDER|CABRERA|RAMIREZ|CC|1085254600|1986-12-06|1|2|6|5169|3|2||7|07|||8|70.0|170|||2||||||||||||52UZPE01152001T03MT01EBS001H010952UZPE01152001T03MT01EBS001H0109F0109|52UZPE01152001T03MT01EBS001H010952UZPE01152001T03MT01EBS001H0109F0109CC1085254600
3|859|GUSTAVO|RIVERA|RIVERA|RIVERA|CC|1971879|1935-11-20|1|2|6|9998|3|1||3|07|||2|65.0|157|||2||||||||||||52UZPE01152001T03MT01EBS001H011352UZPE01152001T03MT01EBS001H0113F0113|52UZPE01152001T03MT01EBS001H011352UZPE01152001T03MT01EBS001H0113F0113CC1971879
3|860|LUZ|ESTELA|RIVERA|BAUTISTA|CC|30729068|1965-02-11|2|2|6|9998|3|1||4|07|||1|45.0|150|||2||||||||||||52UZPE01152001T03MT01EBS001H011352UZPE01152001T03MT01EBS001H0113F0113|52UZPE01152001T03MT01EBS001H011352UZPE01152001T03MT01EBS001H0113F0113CC30729068
3|861|MARIA|LOURDES|RIVERA|BAUTISTA|CC|30743092|1966-05-30|2|2|6|9998|3|1||4|07|||1|39.0|150|||2||||||||||||52UZPE01152001T03MT01EBS001H011352UZPE01152001T03MT01EBS001H0113F0113|52UZPE01152001T03MT01EBS001H011352UZPE01152001T03MT01EBS001H0113F0113CC30743092
3|862|RUTH|MARINA|ZAMBRANO|NA|CC|30721429|1962-07-23|2|2|6|9998|3|1||3|07|||8|47.0|145|||2||||||||||||52UZPE01152001T03MT01EBS001H011452UZPE01152001T03MT01EBS001H0114F0114|52UZPE01152001T03MT01EBS001H011452UZPE01152001T03MT01EBS001H0114F0114CC30721429
3|863|ANA|LUCRECIA|CARRILLO|DESANTACRUZ|CC|38950406|1942-04-26|2|2|6|9998|3|2||3|07|||8|46.0|149|||2||||||||||||52UZPE01152001T03MT01EBS001H011752UZPE01152001T03MT01EBS001H0117F0117|52UZPE01152001T03MT01EBS001H011752UZPE01152001T03MT01EBS001H0117F0117CC38950406
3|864|LUIS|ONIAS|SANTACRUZ|LEITON|CC|1796927|1931-09-12|1|2|6|9998|3|2||3|07|||2|48.0|145|||2||||||||||||52UZPE01152001T03MT01EBS001H011752UZPE01152001T03MT01EBS001H0117F0117|52UZPE01152001T03MT01EBS001H011752UZPE01152001T03MT01EBS001H0117F0117CC1796927
3|865|SANDRA|PATRICIA|BURBANO|RODRIGUEZ|CC|59824604|1973-07-31|2|2|6|9998|3|1||7|07|||8|60.0|160|||2||||||||||||52UZPE01152001T03MT01EBS001H011852UZPE01152001T03MT01EBS001H0118F0118|52UZPE01152001T03MT01EBS001H011852UZPE01152001T03MT01EBS001H0118F0118CC59824604
3|866|MARIA|TULIA|RODRIGUEZ|BURBANO|CC|2714116580|1944-07-11|2|2|6|9998|3|1||3|07|||8|71.0|155|||2||||||||||||52UZPE01152001T03MT01EBS001H011852UZPE01152001T03MT01EBS001H0118F0118|52UZPE01152001T03MT01EBS001H011852UZPE01152001T03MT01EBS001H0118F0118CC2714116580
3|867|SEGUNDO|DARIO|PAZ|PAZ|CC|5197785|1942-04-26|1|2|6|9622|3|1||3|07|||1|74.0|169|||2||||||||||||52UZPE01152001T03MT01EBS001H011952UZPE01152001T03MT01EBS001H0119F0119|52UZPE01152001T03MT01EBS001H011952UZPE01152001T03MT01EBS001H0119F0119CC5197785
3|868|COLOMBIA|DELCARMEN|BURBANO|DEPAZ|CC|27067593|1940-11-03|2|2|6|9998|3|1||3|07|||1|59.0|155|||2||||||||||||52UZPE01152001T03MT01EBS001H011952UZPE01152001T03MT01EBS001H0119F0119|52UZPE01152001T03MT01EBS001H011952UZPE01152001T03MT01EBS001H0119F0119CC27067593
3|869|MARIA|EUGENIA|ERAZO|DEENRIQUEZ|CC|27077647|1947-12-17|2|2|6|9999|3|2||3|07|||8|50.0|155|||2||||||||||||52UZPE01152001T03MT01EBS001H012652UZPE01152001T03MT01EBS001H0126F0126|52UZPE01152001T03MT01EBS001H012652UZPE01152001T03MT01EBS001H0126F0126CC27077647
3|870|HUGO|ORLANDO|ENRIQUEZ|MARTINEZ|CC|12951293|1947-12-17|1|2|6|9999|3|2||3|07|||8|62.0|160|||2||||||||||||52UZPE01152001T03MT01EBS001H012652UZPE01152001T03MT01EBS001H0126F0126|52UZPE01152001T03MT01EBS001H012652UZPE01152001T03MT01EBS001H0126F0126CC12951293
3|871|RODRIGUEZ|ARELLANO|HUGO|JULIAN|CC|12977095|1962-07-08|1|2|6|5169|3|2||3|07|||8|63.0|165|||2||||||||||||52UZPE01152001T03MT01EBS001H012852UZPE01152001T03MT01EBS001H0128F0128|52UZPE01152001T03MT01EBS001H012852UZPE01152001T03MT01EBS001H0128F0128CC12977095
3|872|DAVID|ALEXANDER|RODRIGUEZ|MORA|CC|1085321511|1995-05-25|1|2|6|5169|3|2||7|07|||8|63.0|165|||2||||||||||||52UZPE01152001T03MT01EBS001H012852UZPE01152001T03MT01EBS001H0128F0128|52UZPE01152001T03MT01EBS001H012852UZPE01152001T03MT01EBS001H0128F0128CC1085321511
3|873|AMANDA|LUCIA|MORA|CHAPAL|CC|59816966|1971-11-17|2|2|6|9998|3|5||7|07|||8|71.0|157|||2||||||||||||52UZPE01152001T03MT01EBS001H012852UZPE01152001T03MT01EBS001H0128F0128|52UZPE01152001T03MT01EBS001H012852UZPE01152001T03MT01EBS001H0128F0128CC59816966
3|874|VICTOR|ARMANDO|CUAYAL|MUNOS|CC|12993569|1968-10-09|1|2|6|5169|3|2||7|07|||8|72.0|165|||2||||||||||||52UZPE01152001T03MT01EBS001H013152UZPE01152001T03MT01EBS001H0131F0131|52UZPE01152001T03MT01EBS001H013152UZPE01152001T03MT01EBS001H0131F0131CC12993569
3|875|MARIELENA|NA|PINEDA|CULTID|CC|30732655|1967-04-07|2|2|6|5169|3|5||7|07|||8|49.0|158|||2||||||||||||52UZPE01152001T03MT01EBS001H013152UZPE01152001T03MT01EBS001H0131F0131|52UZPE01152001T03MT01EBS001H013152UZPE01152001T03MT01EBS001H0131F0131CC30732655
3|876|YOMAR|FRANCO|MUNOZ|RODRIGUEZ|CC|12964265|1957-08-12|1|2|6|9510|3|1||3|07|||8|10.0|166|||2||||||||||||52UZPE01152001T03MT01EBS001H013252UZPE01152001T03MT01EBS001H0132F0132|52UZPE01152001T03MT01EBS001H013252UZPE01152001T03MT01EBS001H0132F0132CC12964265
3|877|CARMEN|NA|DELGADO|PASTRANA|CC|27068755|1927-07-16|2|2|6|9999|3|1||3|07|||8|47.0|141|||2||||||||||||52UZPE01152001T03MT01EBS001H013352UZPE01152001T03MT01EBS001H0133F0133|52UZPE01152001T03MT01EBS001H013352UZPE01152001T03MT01EBS001H0133F0133CC27068755
3|878|MARIA|DELOSANGELES|SANTACRUZ|NARVAEZ|CC|27056625|1939-05-03|2|2|6|9998|3|1||3|07|||3|47.0|148|||2||||||||||||52UZPE01152001T03MT01EBS001H013352UZPE01152001T03MT01EBS001H0133F0133|52UZPE01152001T03MT01EBS001H013352UZPE01152001T03MT01EBS001H0133F0133CC27056625
3|879|DIANA|KATHERIN|VILLOTA|PAZ|CC|1085284473|1990-11-01|2|2|6|5169|3|2||7|07|||8|75.0|160|||2||||||||||||52UZPE01152001T03MT01EBS001H012052UZPE01152001T03MT01EBS001H0120F0120|52UZPE01152001T03MT01EBS001H012052UZPE01152001T03MT01EBS001H0120F0120CC1085284473
3|880|ANGELA|VALENTINA|ENRIQUEZ|BELALCAZAR|CC|10855266543|1988-07-25|2|2|6|9998|3|1||7|07|||8|48.0|155|||2||||||||||||52UZPE01152001T03MT01EBS001H013452UZPE01152001T03MT01EBS001H0134F0134|52UZPE01152001T03MT01EBS001H013452UZPE01152001T03MT01EBS001H0134F0134CC10855266543
3|881|ORLANDO|JAVIER|ENRIQUEZ|RODRIGUEZ|CC|129811832|1965-12-27|1|2|6|5169|3|1||7|07|||8|60.0|165|||2||||||||||||52UZPE01152001T03MT01EBS001H013452UZPE01152001T03MT01EBS001H0134F0134|52UZPE01152001T03MT01EBS001H013452UZPE01152001T03MT01EBS001H0134F0134CC129811832
3|882|ALBA|GRACIELA|RODRIGUEZ|ABORNOZ|CC|27058171|1938-08-12|2|2|6|9998|3|1||3|07|||2|60.0|147|||2||||||||||||52UZPE01152001T03MT01EBS001H013452UZPE01152001T03MT01EBS001H0134F0134|52UZPE01152001T03MT01EBS001H013452UZPE01152001T03MT01EBS001H0134F0134CC27058171
3|883|MARIA|ACENETH|MERA|RODRIGUEZ|CC|27234363|1951-03-14|2|2|6|9998|3|2||3|07|||8|68.0|163|||2||||||||||||52UZPE01152001T03MT01EBS001H013552UZPE01152001T03MT01EBS001H0135F0135|52UZPE01152001T03MT01EBS001H013552UZPE01152001T03MT01EBS001H0135F0135CC27234363
3|884|JESUS|GILBERTO|BENAVIDES|PORTILLO|CC|5252749|1949-04-19|1|2|6|9998|3|2||3|07|||8|82.0|167|||2||||||||||||52UZPE01152001T03MT01EBS001H013552UZPE01152001T03MT01EBS001H0135F0135|52UZPE01152001T03MT01EBS001H013552UZPE01152001T03MT01EBS001H0135F0135CC5252749
3|885|ANGELA|JESUS|GUERRERO|SANTACRUZ|CC|30731101|1960-12-16|2|2|6|9998|3|1||3|07|||8|48.0|160|||2||||||||||||52UZPE01152001T03MT01EBS001H013752UZPE01152001T03MT01EBS001H0137F0137|52UZPE01152001T03MT01EBS001H013752UZPE01152001T03MT01EBS001H0137F0137CC30731101
3|886|BRIGIDA|DELROSARIO|TORRES|GUERRERO|CC|59829944|1975-09-17|2|2|6|5169|3|2||4|07|||1|65.0|160|||2||||||||||||52UZPE01152001T03MT01EBS001H013752UZPE01152001T03MT01EBS001H0137F0137|52UZPE01152001T03MT01EBS001H013752UZPE01152001T03MT01EBS001H0137F0137CC59829944
3|887|JORGE|ELIECER|GUERRERO|SANTACRUZ|CC|12950743|1948-04-12|1|2|6|9998|3|1||3|07|||2|68.0|178|||2||||||||||||52UZPE01152001T03MT01EBS001H013752UZPE01152001T03MT01EBS001H0137F0137|52UZPE01152001T03MT01EBS001H013752UZPE01152001T03MT01EBS001H0137F0137CC12950743
3|888|ANGIE|DANIELA|RODRIGUEZ|MORA|CC|1085336381|1997-08-27|2|2|6|9998|3|1||7|07|||8|73.0|162|||2||||||||||||52UZPE01152001T03MT01EBS001H012752UZPE01152001T03MT01EBS001H0127F0127|52UZPE01152001T03MT01EBS001H012752UZPE01152001T03MT01EBS001H0127F0127CC1085336381
3|889|IBETH|YULIANA|BURBANO|MORA|CC|1080045057|2005-08-08|2|2|6|9998|3|1||7|07|||8|54.0|154|||2||||||||||||52UZPE01152001T03MT01EBS001H012952UZPE01152001T03MT01EBS001H0129F0129|52UZPE01152001T03MT01EBS001H012952UZPE01152001T03MT01EBS001H0129F0129CC1080045057
3|890|DIANA|CATHERINE|ARCINIEGAS|SANTACRUZ|CC|1085335182|1996-07-01|2|2|6|9998|3|1||4|07|||3|44.0|138|||2||||||||||||52UZPE01152001T03MT01EBS001H013852UZPE01152001T03MT01EBS001H0138F0138|52UZPE01152001T03MT01EBS001H013852UZPE01152001T03MT01EBS001H0138F0138CC1085335182
3|891|SONIA|PATRICIA|ARCINIEGAS|SANTACRUZ|CC|27088913|1967-07-03|2|2|6|9998|3|1||7|07|||8|78.0|151|||2||||||||||||52UZPE01152001T03MT01EBS001H013852UZPE01152001T03MT01EBS001H0138F0138|52UZPE01152001T03MT01EBS001H013852UZPE01152001T03MT01EBS001H0138F0138CC27088913
3|892|OSWALDO|NORBERTO|GUERRERO|PORTILLA|CC|98340354|1972-11-25|1|2|6|5169|3|2||7|07|||8|78.0|165|||2||||||||||||52UZPE01152001T03MT01EBS001H014252UZPE01152001T03MT01EBS001H0142F0142|52UZPE01152001T03MT01EBS001H014252UZPE01152001T03MT01EBS001H0142F0142CC98340354
3|893|EDITH|DELCARMEN|CASTRO|NA|CC|37007079|2004-06-17|2|2|6|5169|3|2||7|07|||8|78.0|165|||2||||||||||||52UZPE01152001T03MT01EBS001H014252UZPE01152001T03MT01EBS001H0142F0142|52UZPE01152001T03MT01EBS001H014252UZPE01152001T03MT01EBS001H0142F0142CC37007079
3|894|JOSE|CARLOS|ZAPATA|RUIZ|CC|12971234|1956-04-08|1|2|6|9510|3|1||3|07|||2|72.0|165|||2||||||||||||52UZPE01152001T03MT01EBS001H014352UZPE01152001T03MT01EBS001H0143F0143|52UZPE01152001T03MT01EBS001H014352UZPE01152001T03MT01EBS001H0143F0143CC12971234
3|895|ELCY|BEATRIZ|GARZON|LUGO|CC|41767401|1959-04-19|2|2|6|9998|3|1||3|07|||8|59.0|145|||2||||||||||||52UZPE01152001T03MT01EBS001H014352UZPE01152001T03MT01EBS001H0143F0143|52UZPE01152001T03MT01EBS001H014352UZPE01152001T03MT01EBS001H0143F0143CC41767401
3|896|MARIA|ELENA|VALENCIA|RAMOS|CC|30746620|1968-05-24|2|2|6|9998|3|2||7|07|||8|65.0|165|||2||||||||||||52UZPE01152001T03MT01EBS001H014452UZPE01152001T03MT01EBS001H0144F0144|52UZPE01152001T03MT01EBS001H014452UZPE01152001T03MT01EBS001H0144F0144CC30746620
3|897|LEYDI|VIVIANA|ROSERO|ERAZO|CC|1085312656|1994-05-23|2|2|6|9998|3|1||7|07|||8|67.0|162|||2||||||||||||52UZPE01152001T03MT01EBS001H014552UZPE01152001T03MT01EBS001H0145F0145|52UZPE01152001T03MT01EBS001H014552UZPE01152001T03MT01EBS001H0145F0145CC1085312656
3|898|ALICIA|DELSOCORRO|VITERI|INAGAN|CC|59836419|1977-03-09|2|2|6|9510|3|2||7|07|||8|80.0|165|||2||||||||||||52UZPE01152001T03MT01EBS001H014752UZPE01152001T03MT01EBS001H0147F0147|52UZPE01152001T03MT01EBS001H014752UZPE01152001T03MT01EBS001H0147F0147CC59836419
3|899|JUAN|DIEGO|LOPEZ|VITERI|CC|1085333256|1996-12-08|1|2|6|5169|3|5||7|07|||8|67.0|180|||2||||||||||||52UZPE01152001T03MT01EBS001H014752UZPE01152001T03MT01EBS001H0147F0147|52UZPE01152001T03MT01EBS001H014752UZPE01152001T03MT01EBS001H0147F0147CC1085333256
3|900|DAVID|ANDRES|LOPEZ|VITERI|CC|1081272435|2004-12-24|1|2|6|5169|3|2||7|07|||8|68.0|180|||2||||||||||||52UZPE01152001T03MT01EBS001H014752UZPE01152001T03MT01EBS001H0147F0147|52UZPE01152001T03MT01EBS001H014752UZPE01152001T03MT01EBS001H0147F0147CC1081272435
3|901|ISANDRO|ARTURO|GOYES|ESCOBAR|CC|12960066|1966-02-21|1|2|6|9622|3|2||7|07|||8|56.0|160|||2||||||||||||52UZPE01152001T03MT01EBS001H014852UZPE01152001T03MT01EBS001H0148F0148|52UZPE01152001T03MT01EBS001H014852UZPE01152001T03MT01EBS001H0148F0148CC12960066
3|902|RUBIE|ESMERALDA|CERON|IBARRA|CC|1085269663|1988-12-03|2|2|6|5169|3|2||7|07|||8|47.0|156|||2||||||||||||52UZPE01152001T03MT01EBS001H015152UZPE01152001T03MT01EBS001H0151F0151|52UZPE01152001T03MT01EBS001H015152UZPE01152001T03MT01EBS001H0151F0151CC1085269663
3|903|HERNAN|JAVIER|BENAVIDES|CUAYUAL|CC|12753245|1983-01-08|1|2|6|9998|3|5||7|07|||8|70.0|170|||2||||||||||||52UZPE01152001T03MT01EBS001H015152UZPE01152001T03MT01EBS001H0151F0151|52UZPE01152001T03MT01EBS001H015152UZPE01152001T03MT01EBS001H0151F0151CC12753245
3|904|COLOMBIA|HONORA|DAVILA|VDADECERON|CC|27054417|1936-07-20|2|2|6|9998|3|2||3|07|||8|71.0|150|||2||||||||||||52UZPE01152001T03MT01EBS001H015252UZPE01152001T03MT01EBS001H0152F0152|52UZPE01152001T03MT01EBS001H015252UZPE01152001T03MT01EBS001H0152F0152CC27054417
3|905|DIANA|JIMENA|SEGOVIA|BENAVIDES|CC|27081621|1977-04-13|2|2|6|9999|3|2||7|07|||8|70.0|158|||2||||||||||||52UZPE01152001T03MT01EBS001H015352UZPE01152001T03MT01EBS001H0153F0153|52UZPE01152001T03MT01EBS001H015352UZPE01152001T03MT01EBS001H0153F0153CC27081621
3|906|JAVIER|FERNANDO|MEJIA|RODRIGUEZ|CC|12991648|1968-01-11|1|2|6|5169|3|2||7|07|||8|82.0|172|||2||||||||||||52UZPE01152001T03MT01EBS001H015352UZPE01152001T03MT01EBS001H0153F0153|52UZPE01152001T03MT01EBS001H015352UZPE01152001T03MT01EBS001H0153F0153CC12991648
3|907|YAMILE|AMAIVER|RODRIGUEZ|GALINDEZ|CC|27091959|1980-02-28|2|2|6|9998|3|1||7|07|||8|62.0|160|||2||||||||||||52UZPE01152001T03MT01EBS001H015452UZPE01152001T03MT01EBS001H0154F0154|52UZPE01152001T03MT01EBS001H015452UZPE01152001T03MT01EBS001H0154F0154CC27091959
3|908|GERMAN|NA|CASTILLO|NA|CC|98384853|1973-03-16|1|2|6|5169|3|2||7|07|||8|75.0|116|||2||||||||||||52UZPE01152001T03MT01EBS001H015452UZPE01152001T03MT01EBS001H0154F0154|52UZPE01152001T03MT01EBS001H015452UZPE01152001T03MT01EBS001H0154F0154CC98384853
3|909|JULIO|CESAR|AGREDA|RUEDA|CC|19113378|1950-09-09|1|2|6|9998|3|1||3|07|||8|75.0|172|||2||||||||||||52UZPE01152001T03MT01EBS001H015552UZPE01152001T03MT01EBS001H0155F0155|52UZPE01152001T03MT01EBS001H015552UZPE01152001T03MT01EBS001H0155F0155CC19113378
3|910|JAIME|ALVARO|DIAZ|DELACRUZ|CC|94376375|1968-03-01|1|2|6|9510|3|1||7|07|||8|58.0|165|||2||||||||||||52UZPE01152001T03MT01EBS001H015652UZPE01152001T03MT01EBS001H0156F0156|52UZPE01152001T03MT01EBS001H015652UZPE01152001T03MT01EBS001H0156F0156CC94376375
3|911|JULI|ANDREA|MORA|LOPEZ|CC|1193292296|2000-03-28|2|2|6|9510|3|1||7|07|||8|65.0|154|||2||||||||||||52UZPE01152001T03MT01EBS001H015752UZPE01152001T03MT01EBS001H0157F0157|52UZPE01152001T03MT01EBS001H015752UZPE01152001T03MT01EBS001H0157F0157CC1193292296
3|912|DIANA|CAROLINA|PAEZ|BRAVO|CC|1085318980|1995-02-16|2|2|6|9510|3|1||7|07|||8|58.0|160|||2||||||||||||52UZPE01152001T03MT01EBS001H015952UZPE01152001T03MT01EBS001H0159F0159|52UZPE01152001T03MT01EBS001H015952UZPE01152001T03MT01EBS001H0159F0159CC1085318980
3|913|MARIA|PAULINA|LOPEZ|VALLEJO|CC|27071186|1944-07-31|2|2|6|9998|3|2||3|07|||8|72.0|160|||2||||||||||||52UZPE01152001T03MT01EBS001H016052UZPE01152001T03MT01EBS001H0160F0160|52UZPE01152001T03MT01EBS001H016052UZPE01152001T03MT01EBS001H0160F0160CC27071186
3|914|JOSE|RAMON|CRUZ|SANTACRUZ|CC|2549722|1944-07-26|1|2|6|9998|3|2||3|07|||8|74.0|178|||2||||||||||||52UZPE01152001T03MT01EBS001H016052UZPE01152001T03MT01EBS001H0160F0160|52UZPE01152001T03MT01EBS001H016052UZPE01152001T03MT01EBS001H0160F0160CC2549722
3|915|KEVIN|FERNEY|CASTILLO|MURILLO|CC|1085271459|1998-02-07|1|2|6|9510|3|1||7|07|||8|78.0|172|||2||||||||||||52UZPE01152001T03MT01EBS001H016152UZPE01152001T03MT01EBS001H0161F0161|52UZPE01152001T03MT01EBS001H016152UZPE01152001T03MT01EBS001H0161F0161CC1085271459
3|916|GLADIS|DELSOCORRO|MURILLO|NA|CC|30738282|1967-02-04|2|2|6|9998|3|1||7|07|||8|74.0|178|||2||||||||||||52UZPE01152001T03MT01EBS001H016152UZPE01152001T03MT01EBS001H0161F0161|52UZPE01152001T03MT01EBS001H016152UZPE01152001T03MT01EBS001H0161F0161CC30738282
3|917|PAOLA|ANDREA|LAVERDE|NOCERA|CC|1233191074|1988-04-09|1|2|6|9998|3|1||7|07|||8|65.0|180|||2||||||||||||52UZPE01152001T03MT01EBS001H016252UZPE01152001T03MT01EBS001H0162F0162|52UZPE01152001T03MT01EBS001H016252UZPE01152001T03MT01EBS001H0162F0162CC1233191074
3|918|PAOLA|ANDREA|LAVERDE|NOCERA|CC|1004216455|2002-07-17|2|2|6|9998|3|1||7|07|||8|56.0|160|||2||||||||||||52UZPE01152001T03MT01EBS001H016252UZPE01152001T03MT01EBS001H0162F0162|52UZPE01152001T03MT01EBS001H016252UZPE01152001T03MT01EBS001H0162F0162CC1004216455
3|919|LILIANA|MARINA|NOCERA|SANTACRUZ|CC|30727680|1962-08-07|2|2|6|9510|3|1||3|07|||8|10.4|170|||2||||||||||||52UZPE01152001T03MT01EBS001H016252UZPE01152001T03MT01EBS001H0162F0162|52UZPE01152001T03MT01EBS001H016252UZPE01152001T03MT01EBS001H0162F0162CC30727680
3|920|MARIA|DELPILAR|CANAL|MUNOZ|CC|270864534|1951-11-03|2|2|6|9998|3|2||3|07|||8|64.0|150|||2||||||||||||52UZPE01152001T03MT01EBS001H016352UZPE01152001T03MT01EBS001H0163F0163|52UZPE01152001T03MT01EBS001H016352UZPE01152001T03MT01EBS001H0163F0163CC270864534
3|921|RICHARD|LUISALFREDO|GUERRERO|GUEVARA|CC|98381475|1970-11-05|1|2|6|9998|3|2||7|07|||8|83.0|178|||2||||||||||||52UZPE01152001T03MT01EBS001H016452UZPE01152001T03MT01EBS001H0164F0164|52UZPE01152001T03MT01EBS001H016452UZPE01152001T03MT01EBS001H0164F0164CC98381475
3|922|DEISY|NA|CUELLAR|GUTIERREZ|CC|1075291777|1995-09-27|2|2|6|9510|3|1||7|07|||8|53.0|147|||2||||||||||||52UZPE01152001T03MT01EBS001H016552UZPE01152001T03MT01EBS001H0165F0165|52UZPE01152001T03MT01EBS001H016552UZPE01152001T03MT01EBS001H0165F0165CC1075291777
3|923|YULY|ADRIANA|LAGOS|GUZMAN|CC|1085259380|1987-07-12|2|2|6|5169|3|2||7|07|||8|58.0|160|||2||||||||||||52UZPE01152001T03MT01EBS001H016652UZPE01152001T03MT01EBS001H0166F0166|52UZPE01152001T03MT01EBS001H016652UZPE01152001T03MT01EBS001H0166F0166CC1085259380
3|924|ESTEBAN|DARIO|MONTENEGRO|PATINO|CC|1085263665|1988-02-26|1|2|6|5169|3|2||7|07|||8|87.0|175|||2||||||||||||52UZPE01152001T03MT01EBS001H016652UZPE01152001T03MT01EBS001H0166F0166|52UZPE01152001T03MT01EBS001H016652UZPE01152001T03MT01EBS001H0166F0166CC1085263665
3|925|JUDITH|ELISABETH|ARCINIEGAS|NA|CC|1010030767|1987-07-03|2|2|6|9998|3|1||7|07|||8|74.0|156|||2||||||||||||52UZPE01152001T03MT01EBS001H014052UZPE01152001T03MT01EBS001H0140F0140|52UZPE01152001T03MT01EBS001H014052UZPE01152001T03MT01EBS001H0140F0140CC1010030767
3|926|ALBA|ESTELLA|GUZMAN|AREVALO|CC|30740844|1958-03-22|2|2|6|9998|3|1||3|07|||8|61.0|156|||2||||||||||||52UZPE01152001T03MT01EBS001H016752UZPE01152001T03MT01EBS001H0167F0167|52UZPE01152001T03MT01EBS001H016752UZPE01152001T03MT01EBS001H0167F0167CC30740844
3|927|EDWIN|ALEXANDER|ARCINIEGAS|SANTACRUZ|CC|1085310841|1994-01-20|1|2|6|9510|3|1||7|07|||8|60.0|162|||2||||||||||||52UZPE01152001T03MT01EBS001H014152UZPE01152001T03MT01EBS001H0141F0141|52UZPE01152001T03MT01EBS001H014152UZPE01152001T03MT01EBS001H0141F0141CC1085310841
3|928|DIEGO|FERNANDO|HERNANDEZ|BOTERO|CC|1085301862|1993-01-18|1|2|6|5169|3|2||7|07|||8|95.0|180|||2||||||||||||52UZPE01152001T03MT01EBS001H017052UZPE01152001T03MT01EBS001H0170F0170|52UZPE01152001T03MT01EBS001H017052UZPE01152001T03MT01EBS001H0170F0170CC1085301862
3|929|FLORALBA|NA|MONTERO|SOLARTE|CC|52044067|1970-12-22|2|2|6|9510|3|1||7|07|||8|70.0|160|||2||||||||||||52UZPE01152001T03MT01EBS001H017052UZPE01152001T03MT01EBS001H0170F0170|52UZPE01152001T03MT01EBS001H017052UZPE01152001T03MT01EBS001H0170F0170CC52044067
3|930|ANGELA|VIVIANA|RODRIGUEZ|CORDOBA|CC|1193140511|2000-02-22|2|2|6|9998|3|1||7|07|||8|55.0|160|||2||||||||||||52UZPE01152001T03MT01EBS001H017352UZPE01152001T03MT01EBS001H0173F0173|52UZPE01152001T03MT01EBS001H017352UZPE01152001T03MT01EBS001H0173F0173CC1193140511
3|931|JOSE|NA|ARCINIEGAS|MONTENEGRO|CC|12958086|1942-07-02|1|2|6|9510|3|1||3|07|||8|70.0|148|||2||||||||||||52UZPE01152001T03MT01EBS001H013952UZPE01152001T03MT01EBS001H0139F0139|52UZPE01152001T03MT01EBS001H013952UZPE01152001T03MT01EBS001H0139F0139CC12958086
3|932|HUGO|ANDRES|LOPEZ|VILLOTA|CC|5203576|1976-05-14|1|2|6|9510|3|1||7|07|||8|73.0|176|||2||||||||||||52UZPE01152001T03MT01EBS001H017552UZPE01152001T03MT01EBS001H0175F0175|52UZPE01152001T03MT01EBS001H017552UZPE01152001T03MT01EBS001H0175F0175CC5203576
3|933|JHOANA|LISBETH|CERON|DIAZ|CC|1085246024|1985-08-19|2|2|6|9998|3|1||7|07|||8|60.0|153|||2||||||||||||52UZPE01152001T03MT01EBS001H017552UZPE01152001T03MT01EBS001H0175F0175|52UZPE01152001T03MT01EBS001H017552UZPE01152001T03MT01EBS001H0175F0175CC1085246024
3|934|PATRICIA|LILIANA|BOLANOS|BOLANOS|CC|27105214|1974-07-27|2|2|6|9998|3|1||7|07|||8|57.0|150|||2||||||||||||52UZPE01152001T03MT01EBS001H017652UZPE01152001T03MT01EBS001H0176F0176|52UZPE01152001T03MT01EBS001H017652UZPE01152001T03MT01EBS001H0176F0176CC27105214
3|935|CELIMO|MEDARDO|RODRIGUEZ|NA|CC|1873122|1950-04-10|1|2|6|9998|3|1||3|07|||8|65.0|167|||2||||||||||||52UZPE01152001T03MT01EBS001H017452UZPE01152001T03MT01EBS001H0174F0174|52UZPE01152001T03MT01EBS001H017452UZPE01152001T03MT01EBS001H0174F0174CC1873122
3|936|LOLY|DELCARMEN|DORADO|SANTACRUZ|CC|30711437|1954-03-09|2|2|6|9998|3|2||3|07|||8|68.0|150|||2||||||||||||52UZPE01152001T03MT01EBS001H017752UZPE01152001T03MT01EBS001H0177F0177|52UZPE01152001T03MT01EBS001H017752UZPE01152001T03MT01EBS001H0177F0177CC30711437
3|937|JOSE|RAMIRO|IGUA|YANDAR|CC|12984656|1964-05-11|1|2|6|5169|3|2||3|07|||8|82.0|160|||2||||||||||||52UZPE01152001T03MT01EBS001H017852UZPE01152001T03MT01EBS001H0178F0178|52UZPE01152001T03MT01EBS001H017852UZPE01152001T03MT01EBS001H0178F0178CC12984656
3|938|JAIRO|JESUS|ZAMBRANO|CORTES|CC|12957072|1952-01-13|1|2|6|9998|3|2||3|07|||8|65.0|155|||2||||||||||||52UZPE01152001T03MT01EBS001H017952UZPE01152001T03MT01EBS001H0179F0179|52UZPE01152001T03MT01EBS001H017952UZPE01152001T03MT01EBS001H0179F0179CC12957072
3|939|ADRIANA|ISABEL|ERAZO|MARTINEZ|CC|59816471|1969-03-12|2|2|6|9998|3|1||7|07|||8|58.0|155|||2||||||||||||52UZPE01152001T03MT01EBS001H017952UZPE01152001T03MT01EBS001H0179F0179|52UZPE01152001T03MT01EBS001H017952UZPE01152001T03MT01EBS001H0179F0179CC59816471
3|940|ALBA|LUCIA|PORTILLA|BUESAQUILLO|CC|27143382|1974-09-26|2|2|6|9998|3|2||7|07|||8|69.0|160|||2||||||||||||52UZPE01152001T03MT01EBS001H018052UZPE01152001T03MT01EBS001H0180F0180|52UZPE01152001T03MT01EBS001H018052UZPE01152001T03MT01EBS001H0180F0180CC27143382
3|941|DARIO|ANTONIO|AYALA|GAVILANES|CC|11185962|1972-06-25|1|2|6|5169|3|2||7|07|||8|82.0|178|||2||||||||||||52UZPE01152001T03MT01EBS001H018052UZPE01152001T03MT01EBS001H0180F0180|52UZPE01152001T03MT01EBS001H018052UZPE01152001T03MT01EBS001H0180F0180CC11185962
3|942|MARTHA|MARINA|MENESES|NA|CC|30743909|1964-07-25|2|2|6|9998|3|1||3|07|||8|83.0|150|||2||||||||||||52UZPE01152001T03MT01EBS001H018152UZPE01152001T03MT01EBS001H0181F0181|52UZPE01152001T03MT01EBS001H018152UZPE01152001T03MT01EBS001H0181F0181CC30743909
3|943|ROSA|MARIA|ERAZO|CORDOBA|CC|59828955|1968-10-01|2|2|6|9998|3|1||7|07|||8|63.0|149|||2||||||||||||52UZPE01152001T03MT01EBS001H018252UZPE01152001T03MT01EBS001H0182F0182|52UZPE01152001T03MT01EBS001H018252UZPE01152001T03MT01EBS001H0182F0182CC59828955
3|944|CARLOS|ALBERTO|ZAMBRANO|BRAVO|CC|1085275992|1988-11-06|1|2|6|9510|3|2||7|07|||8|67.0|170|||2||||||||||||52UZPE01152001T03MT01EBS001H015852UZPE01152001T03MT01EBS001H0158F0158|52UZPE01152001T03MT01EBS001H015852UZPE01152001T03MT01EBS001H0158F0158CC1085275992
3|945|CHRITIAN|FELIPE|QUINTERO|BURBANO|CC|13069307|1981-02-12|1|2|6|5169|3|2||7|07|||8|74.0|172|||2||||||||||||52UZPE01152001T03MT01EBS001H018352UZPE01152001T03MT01EBS001H0183F0183|52UZPE01152001T03MT01EBS001H018352UZPE01152001T03MT01EBS001H0183F0183CC13069307
3|946|FANNI|LORENA|BURBANO|BACCA|CC|27094331|1980-06-29|2|2|6|9998|3|2||7|07|||8|53.0|147|||2||||||||||||52UZPE01152001T03MT01EBS001H018352UZPE01152001T03MT01EBS001H0183F0183|52UZPE01152001T03MT01EBS001H018352UZPE01152001T03MT01EBS001H0183F0183CC27094331
3|947|JAMILTON|EDUARDO|ORTIZ|TORO|CC|1004215752|2002-10-01|1|2|6|5169|3|2||7|07|||8|70.0|171|||2||||||||||||52UZPE01152001T03MT01EBS001H018452UZPE01152001T03MT01EBS001H0184F0184|52UZPE01152001T03MT01EBS001H018452UZPE01152001T03MT01EBS001H0184F0184CC1004215752
3|948|ANGELA|VIVIANA|TORO|JARAMILLO|CC|37085044|1984-09-18|2|2|6|9998|3|1||7|07|||8|68.0|156|||2||||||||||||52UZPE01152001T03MT01EBS001H018452UZPE01152001T03MT01EBS001H0184F0184|52UZPE01152001T03MT01EBS001H018452UZPE01152001T03MT01EBS001H0184F0184CC37085044
3|949|ALICIA|DELSOCORRO|LAZO|FLORES|CC|30730345|1963-06-10|2|2|6|9998|3|2||3|07|||8|58.0|152|||2||||||||||||52UZPE01152001T03MT01EBS001H018552UZPE01152001T03MT01EBS001H0185F0185|52UZPE01152001T03MT01EBS001H018552UZPE01152001T03MT01EBS001H0185F0185CC30730345
3|950|CARLOS|ANDRES|LOPEZ|LAZO|CC|1004190887|2002-04-09|1|2|6|5169|3|2||7|07|||8|65.0|172|||2||||||||||||52UZPE01152001T03MT01EBS001H018552UZPE01152001T03MT01EBS001H0185F0185|52UZPE01152001T03MT01EBS001H018552UZPE01152001T03MT01EBS001H0185F0185CC1004190887
3|951|MARIA|ELENA|PAZ|BRAVO|CC|30704814|1953-05-21|2|2|6|9998|3|2||3|07|||8|69.0|152|||2||||||||||||52UZPE01152001T03MT01EBS001H018652UZPE01152001T03MT01EBS001H0186F0186|52UZPE01152001T03MT01EBS001H018652UZPE01152001T03MT01EBS001H0186F0186CC30704814
3|952|HERNAN|ALFREDO|WOODCOCK|DELGADO|CC|12958853|1952-09-02|1|2|6|9622|3|2||3|07|||8|70.0|170|||2||||||||||||52UZPE01152001T03MT01EBS001H018652UZPE01152001T03MT01EBS001H0186F0186|52UZPE01152001T03MT01EBS001H018652UZPE01152001T03MT01EBS001H0186F0186CC12958853
3|953|JHONNY|RAFAEL|GUTIERREZ|PEREZ|PT|49211057|1965-06-05|1|2|6|9510|3|1||7|07|||8|74.0|164|||2||||||||||||52UZPE01152001T03MT01EBS001H018752UZPE01152001T03MT01EBS001H0187F0187|52UZPE01152001T03MT01EBS001H018752UZPE01152001T03MT01EBS001H0187F0187PT49211057
3|954|JHONNY|GABRIEL|GUTIERREZ|GARCIA|PT|1217398|1993-07-13|1|2|6|9510|3|1||7|07|||8|70.0|167|||2||||||||||||52UZPE01152001T03MT01EBS001H018752UZPE01152001T03MT01EBS001H0187F0187|52UZPE01152001T03MT01EBS001H018752UZPE01152001T03MT01EBS001H0187F0187PT1217398
3|955|LIZET|DELVALLE|GARCIA|DEGUTIERREZ|PT|5069480|1970-07-18|2|2|6|9998|3|1||7|07|||8|73.0|153|||2||||||||||||52UZPE01152001T03MT01EBS001H018752UZPE01152001T03MT01EBS001H0187F0187|52UZPE01152001T03MT01EBS001H018752UZPE01152001T03MT01EBS001H0187F0187PT5069480
3|956|CLAUDIA|CONSTANZA|DAVALOS|ERASO|CC|59828844|1975-06-23|2|2|6|9998|3|2||7|07|||8|60.0|160|||2||||||||||||52UZPE01152001T03MT01EBS001H018952UZPE01152001T03MT01EBS001H0189F0189|52UZPE01152001T03MT01EBS001H018952UZPE01152001T03MT01EBS001H0189F0189CC59828844
3|957|IVONE|VICTORIA|PAEZ|AGUDELO|CC|1085314638|1993-10-10|2|2|6|5169|3|1||7|07|||8|70.0|150|||2||||||||||||52UZPE01152001T03MT01EBS001H019052UZPE01152001T03MT01EBS001H0190F0190|52UZPE01152001T03MT01EBS001H019052UZPE01152001T03MT01EBS001H0190F0190CC1085314638
3|958|DORIS|DELCARMEN|LORA|REVELO|CC|17779887|1952-05-26|2|2|6|9998|3|2||3|07|||2|51.0|150|||2||||||||||||52UZPE01152001T03MT01EBS001H019352UZPE01152001T03MT01EBS001H0193F0193|52UZPE01152001T03MT01EBS001H019352UZPE01152001T03MT01EBS001H0193F0193CC17779887
3|959|JORGE|LEONARDO|NARVAEZ|PIANDA|CC|1085278354|1989-12-21|1|2|6|5169|3|2||7|07|||8|80.0|167|||2||||||||||||52UZPE01152001T03MT01EBS001H019552UZPE01152001T03MT01EBS001H0195F0195|52UZPE01152001T03MT01EBS001H019552UZPE01152001T03MT01EBS001H0195F0195CC1085278354
3|960|MARIO|JAVIER|TREJO|DUENAS|CC|1085301722|1992-11-23|1|2|6|5169|3|2||7|07|||8|72.0|175|||2||||||||||||52UZPE01152001T03MT01EBS001H019652UZPE01152001T03MT01EBS001H0196F0196|52UZPE01152001T03MT01EBS001H019652UZPE01152001T03MT01EBS001H0196F0196CC1085301722
3|961|LIDIA|AMPARO|DUENAS|PEREZ|CC|27533416|1971-05-15|2|2|6|9998|3|1||7|07|||8|86.0|165|||2||||||||||||52UZPE01152001T03MT01EBS001H019652UZPE01152001T03MT01EBS001H0196F0196|52UZPE01152001T03MT01EBS001H019652UZPE01152001T03MT01EBS001H0196F0196CC27533416
3|962|GLADIS|GLADIS|ENRIQUEZ|ENRIQUEZ|CC|30701956|1950-07-10|2|2|6|9998|3|1||3|07|||1|89.0|151|||2||||||||||||52UZPE01152001T03MT01EBS001H019152UZPE01152001T03MT01EBS001H0191F0191|52UZPE01152001T03MT01EBS001H019152UZPE01152001T03MT01EBS001H0191F0191CC30701956
3|963|TERESA|TERESA|REVELO|DELORA|CC|27063664|1932-11-02|2|2|6|9998|3|1||3|07|||1|60.0|150|||2||||||||||||52UZPE01152001T03MT01EBS001H019452UZPE01152001T03MT01EBS001H0194F0194|52UZPE01152001T03MT01EBS001H019452UZPE01152001T03MT01EBS001H0194F0194CC27063664
3|964|PEDRO|PABLO|ROJAS|DIAZ|CC|12961191|1954-06-29|1|2|6|9998|3|2||3|07|||8|73.0|172|||2||||||||||||52UZPE01152001T03MT01EBS001H019752UZPE01152001T03MT01EBS001H0197F0197|52UZPE01152001T03MT01EBS001H019752UZPE01152001T03MT01EBS001H0197F0197CC12961191
3|965|ZORAIMA|LUZDAY|ROJAS|HIDALGO|CC|39952951|1981-02-24|2|2|6|9998|3|1||4|07|||1|89.0|165|||2||||||||||||52UZPE01152001T03MT01EBS001H019852UZPE01152001T03MT01EBS001H0198F0198|52UZPE01152001T03MT01EBS001H019852UZPE01152001T03MT01EBS001H0198F0198CC39952951
3|966|JORGE|HUMBERTO|CHAMORRO|OSEJO|CC|13006803|1954-06-22|1|2|6|9998|3|2||3|07|||8|75.0|169|||2||||||||||||52UZPE01152001T03MT01EBS001H019952UZPE01152001T03MT01EBS001H0199F0199|52UZPE01152001T03MT01EBS001H019952UZPE01152001T03MT01EBS001H0199F0199CC13006803
3|967|JORGE|ARTURO|SALAZAR|RODRIGUEZ|CC|12985430|1964-07-09|1|2|6|5169|3|5||3|07|||8|65.0|166|||2||||||||||||52UZPE01152001T03MT01EBS001H020152UZPE01152001T03MT01EBS001H0201F0201|52UZPE01152001T03MT01EBS001H020152UZPE01152001T03MT01EBS001H0201F0201CC12985430
3|968|MARIA|DANIELA|MARTINEZ|LOPEZ|CC|1085227671|1997-10-20|2|2|6|9510|3|2||7|07|||8|60.0|150|||2||||||||||||52UZPE01152001T03MT01EBS001H020352UZPE01152001T03MT01EBS001H0203F0203|52UZPE01152001T03MT01EBS001H020352UZPE01152001T03MT01EBS001H0203F0203CC1085227671
3|969|JUAN|DAVID|DOMINGUEZ|ADARME|CC|1085647575|1997-04-17|1|2|6|5169|3|1||7|07|||8|78.0|176|||2||||||||||||52UZPE01152001T03MT01EBS001H020452UZPE01152001T03MT01EBS001H0204F0204|52UZPE01152001T03MT01EBS001H020452UZPE01152001T03MT01EBS001H0204F0204CC1085647575
3|970|YURANY|VANESSA|NARVAEZ|MUNOZ|CC|1085312816|1994-05-25|2|2|6|5169|3|2||7|07|||8|61.0|157|||2||||||||||||52UZPE01152001T03MT01EBS001H020652UZPE01152001T03MT01EBS001H0206F0206|52UZPE01152001T03MT01EBS001H020652UZPE01152001T03MT01EBS001H0206F0206CC1085312816
3|971|CARLOS|ANDRES|PARRA|GUERRERO|CC|1085248465|1986-04-08|1|2|6|5169|3|2||7|07|||8|63.0|165|||2||||||||||||52UZPE01152001T03MT01EBS001H020652UZPE01152001T03MT01EBS001H0206F0206|52UZPE01152001T03MT01EBS001H020652UZPE01152001T03MT01EBS001H0206F0206CC1085248465
3|972|ALFONSO|ZENON|CABRERA|ZAMBRANO|CC|79386003|1976-02-07|1|2|6|5169|3|2||7|07|||8|60.0|165|||2||||||||||||52UZPE01152001T03MT01EBS001H020752UZPE01152001T03MT01EBS001H0207F0207|52UZPE01152001T03MT01EBS001H020752UZPE01152001T03MT01EBS001H0207F0207CC79386003
3|973|LUIS|ARMANDO|SANTANDER|NA|CC|12976956|1961-08-21|1|2|6|9998|3|2||3|07|||8|55.0|158|||2||||||||||||52UZPE01152001T03MT01EBS001H020852UZPE01152001T03MT01EBS001H0208F0208|52UZPE01152001T03MT01EBS001H020852UZPE01152001T03MT01EBS001H0208F0208CC12976956
3|974|LUZ|MARINA|ORTIZ|RIASCOS|CC|30710240|1956-05-30|2|2|6|9998|3|2||3|07|||8|50.0|150|||2||||||||||||52UZPE01152001T03MT01EBS001H020852UZPE01152001T03MT01EBS001H0208F0208|52UZPE01152001T03MT01EBS001H020852UZPE01152001T03MT01EBS001H0208F0208CC30710240
3|975|FABIO|SEBASTIAN|ACOSTA|ORTEGA|CC|1085259752|1987-07-16|1|2|6|5169|3|1||7|07|||8|80.0|170|||2||||||||||||52UZPE01152001T03MT01EBS001H020952UZPE01152001T03MT01EBS001H0209F0209|52UZPE01152001T03MT01EBS001H020952UZPE01152001T03MT01EBS001H0209F0209CC1085259752
3|976|DEISY|MARCELA|DELGADO|CERON|CC|1085281655|1990-04-21|2|2|6|5169|3|2||7|07|||8|71.0|160|||2||||||||||||52UZPE01152001T03MT01EBS001H020952UZPE01152001T03MT01EBS001H0209F0209|52UZPE01152001T03MT01EBS001H020952UZPE01152001T03MT01EBS001H0209F0209CC1085281655
3|977|SAMUEL|ESTEBAN|MONTANO|CUNDAR|CC|1138524508|2004-09-25|1|2|6|9998|3|1||7|07|||8|55.0|168|||2||||||||||||52UZPE01152001T03MT01EBS001H021052UZPE01152001T03MT01EBS001H0210F0210|52UZPE01152001T03MT01EBS001H021052UZPE01152001T03MT01EBS001H0210F0210CC1138524508
3|978|HECTOR|ROBINSON|MONTANO|PINCHAO|CC|12747688|1979-08-09|1|2|6|9510|3|1||7|07|||8|85.0|174|||2||||||||||||52UZPE01152001T03MT01EBS001H021052UZPE01152001T03MT01EBS001H0210F0210|52UZPE01152001T03MT01EBS001H021052UZPE01152001T03MT01EBS001H0210F0210CC12747688
3|979|AURA|MILENA|CUNDAR|AREVALO|CC|27204570|1981-09-08|2|2|6|9998|3|2||7|07|||8|58.0|156|||2||||||||||||52UZPE01152001T03MT01EBS001H021052UZPE01152001T03MT01EBS001H0210F0210|52UZPE01152001T03MT01EBS001H021052UZPE01152001T03MT01EBS001H0210F0210CC27204570
3|980|MARTHA|LUCIA|SANTACRUZ|SARRALDE|CC|30739907|1967-03-30|2|2|6|9998|3|2||7|07|||8|66.0|155|||2||||||||||||52UZPE01152001T03MT01EBS001H021152UZPE01152001T03MT01EBS001H0211F0211|52UZPE01152001T03MT01EBS001H021152UZPE01152001T03MT01EBS001H0211F0211CC30739907
3|981|OSCAR|GUIDO|RIVERA|OBANDO|CC|12984705|1964-08-24|1|2|6|5169|3|2||3|07|||8|70.0|166|||2||||||||||||52UZPE01152001T03MT01EBS001H021152UZPE01152001T03MT01EBS001H0211F0211|52UZPE01152001T03MT01EBS001H021152UZPE01152001T03MT01EBS001H0211F0211CC12984705
3|982|LILIA|DELSOCORRO|LOPEZ|GOYES|CC|30737189|1967-04-27|2|2|6|9998|3|1||7|07|||8|58.0|160|||2||||||||||||52UZPE01152001T03MT03EBS001H021352UZPE01152001T03MT03EBS001H0213F0213|52UZPE01152001T03MT03EBS001H021352UZPE01152001T03MT03EBS001H0213F0213CC30737189
3|983|MARIA|ELENA|LOPEZ|DEGOYES|CC|27332190|1942-12-09|2|2|6|9998|3|1||3|07|||8|56.0|152|||2||||||||||||52UZPE01152001T03MT03EBS001H021452UZPE01152001T03MT03EBS001H0214F0214|52UZPE01152001T03MT03EBS001H021452UZPE01152001T03MT03EBS001H0214F0214CC27332190
3|984|LUIS|ALFREDO|GOYES|NA|CC|1872838|1975-12-15|1|2|6|9510|3|1||7|07|||8|82.0|170|||2||||||||||||52UZPE01152001T03MT03EBS001H021452UZPE01152001T03MT03EBS001H0214F0214|52UZPE01152001T03MT03EBS001H021452UZPE01152001T03MT03EBS001H0214F0214CC1872838
3|985|JOSE|RAFAEL|RENGIFO|MONTENEGRO|CC|76315631|1971-09-24|1|2|6|9510|3|1||7|07|||8|75.0|172|||2||||||||||||52UZPE01152001T03MT03EBS001H021752UZPE01152001T03MT03EBS001H0217F0217|52UZPE01152001T03MT03EBS001H021752UZPE01152001T03MT03EBS001H0217F0217CC76315631
3|986|MARI|LUZ|PORTILLA|TORRES|CC|59833885|1977-09-01|2|2|6|9998|3|1||7|07|||8|52.0|152|||2||||||||||||52UZPE01152001T03MT03EBS001H021752UZPE01152001T03MT03EBS001H0217F0217|52UZPE01152001T03MT03EBS001H021752UZPE01152001T03MT03EBS001H0217F0217CC59833885
3|987|WILSON|ORLANDO|CHAVES|NA|CC|87062814|1978-09-19|1|2|6|9510|3|1||7|07|||8|70.0|160|||2||||||||||||52UZPE01152001T03MT03EBS001H021852UZPE01152001T03MT03EBS001H0218F0218|52UZPE01152001T03MT03EBS001H021852UZPE01152001T03MT03EBS001H0218F0218CC87062814
3|988|AURA|MARIA|CHAVES|CABRERA|CC|30702426|1951-07-17|2|2|6|9998|3|1||3|07|||8|52.0|150|||2||||||||||||52UZPE01152001T03MT03EBS001H021852UZPE01152001T03MT03EBS001H0218F0218|52UZPE01152001T03MT03EBS001H021852UZPE01152001T03MT03EBS001H0218F0218CC30702426
3|989|AMANDA|LUCIA|CHAVES|NA|CC|27082332|1975-12-12|2|2|6|9510|3|1||7|07|||8|80.0|158|||2||||||||||||52UZPE01152001T03MT03EBS001H021952UZPE01152001T03MT03EBS001H0219F0219|52UZPE01152001T03MT03EBS001H021952UZPE01152001T03MT03EBS001H0219F0219CC27082332
3|990|NAREN|ESTEFANO|JARAMILLO|CHAVES|CC|1085316897|1994-08-16|1|2|6|5169|3|2||7|07|||8|54.0|164|||2||||||||||||52UZPE01152001T03MT03EBS001H021952UZPE01152001T03MT03EBS001H0219F0219|52UZPE01152001T03MT03EBS001H021952UZPE01152001T03MT03EBS001H0219F0219CC1085316897
3|991|DIANA|VANESSA|DAVILA|NARVAEZ|CC|1004136056|2003-03-31|2|2|6|9998|3|1||7|07|||8|74.0|164|||2||||||||||||52UZPE01152001T03MT03EBS001H022052UZPE01152001T03MT03EBS001H0220F0220|52UZPE01152001T03MT03EBS001H022052UZPE01152001T03MT03EBS001H0220F0220CC1004136056
3|992|CLAUDIA|SORAIDA|NARVAEZ|BENAVIDES|CC|27080632|1972-09-22|2|2|6|9998|3|2||7|07|||8|65.0|158|||2||||||||||||52UZPE01152001T03MT03EBS001H022052UZPE01152001T03MT03EBS001H0220F0220|52UZPE01152001T03MT03EBS001H022052UZPE01152001T03MT03EBS001H0220F0220CC27080632
3|993|CARLOS|ALBERTO|DAVILA|ALVAREZ|CC|13064377|1969-04-09|1|2|6|9510|3|2||7|07|||8|76.0|171|||2||||||||||||52UZPE01152001T03MT03EBS001H022052UZPE01152001T03MT03EBS001H0220F0220|52UZPE01152001T03MT03EBS001H022052UZPE01152001T03MT03EBS001H0220F0220CC13064377
3|994|OMAIRA|PATRICIA|DELGADO|PANTOJA|TI|30745224|1966-03-11|2|2|6|9998|3|1||7|07|||8|52.0|150|||2||||||||||||52UZPE01152001T03MT03EBS001H022152UZPE01152001T03MT03EBS001H0221F0221|52UZPE01152001T03MT03EBS001H022152UZPE01152001T03MT03EBS001H0221F0221TI30745224
3|995|LUIS|ABELINO|MONTENEGRO|NA|CC|12966857|1953-10-20|1|2|6|9510|3|1||3|07|||8|68.0|176|||2||||||||||||52UZPE01152001T03MT03EBS001H022152UZPE01152001T03MT03EBS001H0221F0221|52UZPE01152001T03MT03EBS001H022152UZPE01152001T03MT03EBS001H0221F0221CC12966857
3|996|GLORIA|STELLA|BENAVIDES|DESOLARTE|CC|30708678|1952-06-21|2|2|6|9998|3|2||3|07|||8|57.0|155|||2||||||||||||52UZPE01152001T03MT03EBS001H022252UZPE01152001T03MT03EBS001H0222F0222|52UZPE01152001T03MT03EBS001H022252UZPE01152001T03MT03EBS001H0222F0222CC30708678
3|997|PEDRO|EMILIO|SOLARTE|LOZANO|CC|5248628|1948-08-02|1|2|6|9622|3|2||3|07|||8|68.0|166|||2||||||||||||52UZPE01152001T03MT03EBS001H022252UZPE01152001T03MT03EBS001H0222F0222|52UZPE01152001T03MT03EBS001H022252UZPE01152001T03MT03EBS001H0222F0222CC5248628
3|998|MIRIAM|DOLORES|CORDOBA|GUERRERO|CC|30702997|1947-08-30|2|2|6|9998|3|1||3|07|||8|53.0|150|||2||||||||||||52UZPE01152001T03MT03EBS001H022352UZPE01152001T03MT03EBS001H0223F0223|52UZPE01152001T03MT03EBS001H022352UZPE01152001T03MT03EBS001H0223F0223CC30702997
3|999|GERMAN|IGNACIO|CORDOBA|GUERRERO|CC|12979360|1961-10-16|1|2|6|5169|3|1||3|07|||8|95.0|174|||2||||||||||||52UZPE01152001T03MT03EBS001H022352UZPE01152001T03MT03EBS001H0223F0223|52UZPE01152001T03MT03EBS001H022352UZPE01152001T03MT03EBS001H0223F0223CC12979360
3|1000|JOSE|JAVIER|RIASCOS|SOLARTE|CC|12979314|1963-01-30|1|2|6|5169|3|1||3|07|||8|75.0|173|||2||||||||||||52UZPE01152001T03MT03EBS001H022452UZPE01152001T03MT03EBS001H0224F0224|52UZPE01152001T03MT03EBS001H022452UZPE01152001T03MT03EBS001H0224F0224CC12979314
3|1001|MARIA|CRISTINA|JURADO|DELGADO|CC|30735967|1976-01-18|2|2|6|9998|3|1||7|07|||8|54.0|158|||2||||||||||||52UZPE01152001T03MT03EBS001H022552UZPE01152001T03MT03EBS001H0225F0225|52UZPE01152001T03MT03EBS001H022552UZPE01152001T03MT03EBS001H0225F0225CC30735967
3|1002|ROSALBA|ESTEFANIA|DAVILA|FIGUEROA|CC|30715512|1956-09-28|2|2|6|9998|3|2||3|07|||8|64.0|164|||2||||||||||||52UZPE01152001T03MT03EBS001H022652UZPE01152001T03MT03EBS001H0226F0226|52UZPE01152001T03MT03EBS001H022652UZPE01152001T03MT03EBS001H0226F0226CC30715512
3|1003|MARTHA|CECILIA|DAVILA|FIGUEROA|CC|30733219|1966-06-17|2|2|6|9998|3|1||7|07|||8|60.0|167|||2||||||||||||52UZPE01152001T03MT03EBS001H022652UZPE01152001T03MT03EBS001H0226F0226|52UZPE01152001T03MT03EBS001H022652UZPE01152001T03MT03EBS001H0226F0226CC30733219
3|1004|JOSEMANUEL|ANIBAL|CASTRO|NA|CC|5342140|1966-04-17|1|2|6|9510|3|1||7|07|||8|63.0|165|||2||||||||||||52UZPE01152001T03MT03EBS001H022752UZPE01152001T03MT03EBS001H0227F0227|52UZPE01152001T03MT03EBS001H022752UZPE01152001T03MT03EBS001H0227F0227CC5342140
3|1005|MARIA|MAGDALENA|ALMEIDA|NEIVA|CC|30736103|1960-04-03|2|2|6|9998|3|1||3|07|||8|56.0|160|||2||||||||||||52UZPE01152001T03MT03EBS001H022752UZPE01152001T03MT03EBS001H0227F0227|52UZPE01152001T03MT03EBS001H022752UZPE01152001T03MT03EBS001H0227F0227CC30736103
3|1006|YOLANDA|DELSOCORRO|ORTIZ|DEPATINO|CC|27072253|1945-02-18|2|2|6|9998|3|5||3|07|||8|56.0|154|||2||||||||||||52UZPE01152001T03MT03EBS001H022852UZPE01152001T03MT03EBS001H0228F0228|52UZPE01152001T03MT03EBS001H022852UZPE01152001T03MT03EBS001H0228F0228CC27072253
3|1007|MERCEDES|DELSOCORRO|GUERRERO|NARVAEZ|CC|301919065|1957-05-17|2|2|6|9998|3|1||3|07|||1|55.0|155|||2||||||||||||52UZPE01152001T03MT03EBS001H022952UZPE01152001T03MT03EBS001H0229F0229|52UZPE01152001T03MT03EBS001H022952UZPE01152001T03MT03EBS001H0229F0229CC301919065
3|1008|SILVIA|DELSOCORRO|PANTOJA|NA|CC|30701884|1951-07-24|2|2|6|9998|3|2||3|07|||8|56.0|160|||2||||||||||||52UZPE01152001T03MT03EBS001H023152UZPE01152001T03MT03EBS001H0231F0231|52UZPE01152001T03MT03EBS001H023152UZPE01152001T03MT03EBS001H0231F0231CC30701884
3|1009|PEDRO|PABLO|ARCOS|CASTILLO|CC|12984973|1965-06-29|1|2|6|5169|3|2||7|07|||8|70.0|171|||2||||||||||||52UZPE01152001T03MT03EBS001H023252UZPE01152001T03MT03EBS001H0232F0232|52UZPE01152001T03MT03EBS001H023252UZPE01152001T03MT03EBS001H0232F0232CC12984973
3|1010|MARIA|CLARA|DIAZ|NA|CC|30737186|1955-01-16|2|2|6|9998|3|1||3|07|||8|54.0|159|||2||||||||||||52UZPE01152001T03MT03EBS001H023452UZPE01152001T03MT03EBS001H0234F0234|52UZPE01152001T03MT03EBS001H023452UZPE01152001T03MT03EBS001H0234F0234CC30737186
3|1011|CLAUDIA|LORENA|HERRERA|DIAZ|CC|37084867|1982-07-22|2|2|6|5169|3|2||7|07|||8|56.0|160|||2||||||||||||52UZPE01152001T03MT03EBS001H023552UZPE01152001T03MT03EBS001H0235F0235|52UZPE01152001T03MT03EBS001H023552UZPE01152001T03MT03EBS001H0235F0235CC37084867
3|1012|JENNYFER|ALEXANDRA|GUZMAN|HERRERA|CC|1193136035|2001-05-09|1|2|6|9998|3|2||7|07|||8|48.0|150|||2||||||||||||52UZPE01152001T03MT03EBS001H023552UZPE01152001T03MT03EBS001H0235F0235|52UZPE01152001T03MT03EBS001H023552UZPE01152001T03MT03EBS001H0235F0235CC1193136035
3|1013|ANDREA|VIVIANA|BASTIDAS|ARCOS|CC|1085299376|1992-04-29|2|2|6|9998|3|1||7|07|||8|58.0|162|||2||||||||||||52UZPE01152001T03MT03EBS001H023652UZPE01152001T03MT03EBS001H0236F0236|52UZPE01152001T03MT03EBS001H023652UZPE01152001T03MT03EBS001H0236F0236CC1085299376
3|1014|DARIO|ALEXANDER|GOMEZ|ROSERO|CC|1085262520|1987-11-29|1|2|6|5169|3|2||7|07|||8|68.0|179|||2||||||||||||52UZPE01152001T03MT03EBS001H023752UZPE01152001T03MT03EBS001H0237F0237|52UZPE01152001T03MT03EBS001H023752UZPE01152001T03MT03EBS001H0237F0237CC1085262520
3|1015|MAARLENY|AMPARO|ROSERO|SANTACRUZ|CC|30702275|1951-08-20|2|2|6|5169|3|2||3|07|||8|56.0|152|||2||||||||||||52UZPE01152001T03MT03EBS001H023752UZPE01152001T03MT03EBS001H0237F0237|52UZPE01152001T03MT03EBS001H023752UZPE01152001T03MT03EBS001H0237F0237CC30702275
3|1016|ANA|ROSA|DELGADO|NARVAEZ|CC|27077326|1940-12-01|2|2|6|9998|3|1||3|07|||8|50.0|144|||2||||||||||||52UZPE01152001T03MT03EBS001H023852UZPE01152001T03MT03EBS001H0238F0238|52UZPE01152001T03MT03EBS001H023852UZPE01152001T03MT03EBS001H0238F0238CC27077326
3|1017|MONICA|LUCIA|DELGADO|DELGADO|CC|30727819|1963-09-15|2|2|6|9998|3|1||3|07|||8|52.0|150|||2||||||||||||52UZPE01152001T03MT03EBS001H023852UZPE01152001T03MT03EBS001H0238F0238|52UZPE01152001T03MT03EBS001H023852UZPE01152001T03MT03EBS001H0238F0238CC30727819
3|1018|PATRICIA|ROSARIO|NARVAEZ|CUARAN|CC|59155147|1968-11-15|2|2|6|9998|3|2||7|07|||8|65.0|160|||2||||||||||||52UZPE01152001T03MT03EBS001H023952UZPE01152001T03MT03EBS001H0239F0239|52UZPE01152001T03MT03EBS001H023952UZPE01152001T03MT03EBS001H0239F0239CC59155147
3|1019|JOSE|PLINIO|CUARAN|INARRAN|CC|87280128|1968-11-15|1|2|6|5169|3|1||7|07|||8|64.0|154|||2||||||||||||52UZPE01152001T03MT03EBS001H023952UZPE01152001T03MT03EBS001H0239F0239|52UZPE01152001T03MT03EBS001H023952UZPE01152001T03MT03EBS001H0239F0239CC87280128
3|1020|ERNESTINA|LUCY|BURBANO|ROJAS|CC|30723185|1981-05-15|1|2|6|9998|3|1||7|07|||8|78.0|160|||2||||||||||||52UZPE01152001T03MT03EBS001H024052UZPE01152001T03MT03EBS001H0240F0240|52UZPE01152001T03MT03EBS001H024052UZPE01152001T03MT03EBS001H0240F0240CC30723185
3|1021|PEDRO|NEL|DELGADO|NA|CC|12973958|1960-07-05|1|2|6|9998|3|1||3|07|||8|79.0|165|||2||||||||||||52UZPE01152001T03MT03EBS001H024052UZPE01152001T03MT03EBS001H0240F0240|52UZPE01152001T03MT03EBS001H024052UZPE01152001T03MT03EBS001H0240F0240CC12973958
3|1022|LUCIA|GRECIA|PASOS|DELGADO|CC|3161383257|1954-02-10|2|2|6|9998|3|2||3|07|||8|50.0|154|||2||||||||||||52UZPE01152001T03MT03EBS001H024352UZPE01152001T03MT03EBS001H0243F0243|52UZPE01152001T03MT03EBS001H024352UZPE01152001T03MT03EBS001H0243F0243CC3161383257
3|1023|MIKE|ALEJANDRO|ALVAREZ|THOME|CC|1085344591|1999-03-25|1|2|6|9510|3|1||7|07|||8|60.0|168|||2||||||||||||52UZPE01152001T03MT03EBS001H024352UZPE01152001T03MT03EBS001H0243F0243|52UZPE01152001T03MT03EBS001H024352UZPE01152001T03MT03EBS001H0243F0243CC1085344591
3|1024|JOSE|LUIS|THOME|PONCE|CC|12964970|1957-03-19|1|2|6|5169|3|2||3|07|||8|62.0|160|||2||||||||||||52UZPE01152001T03MT03EBS001H024352UZPE01152001T03MT03EBS001H0243F0243|52UZPE01152001T03MT03EBS001H024352UZPE01152001T03MT03EBS001H0243F0243CC12964970
3|1025|DEIBER|EDISON|CIFUENTES|ANGULO|CC|1085276988|1985-09-24|1|2|6|5169|3|2||7|07|||8|81.0|178|||2||||||||||||52UZPE01152001T03MT03EBS001H024452UZPE01152001T03MT03EBS001H0244F0244|52UZPE01152001T03MT03EBS001H024452UZPE01152001T03MT03EBS001H0244F0244CC1085276988
3|1026|VANESSA|CRISTINA|MONTENEGRO|DELVALLE|CC|1085279047|1989-04-13|2|2|6|5169|3|2||7|07|||8|70.0|167|||2||||||||||||52UZPE01152001T03MT03EBS001H024452UZPE01152001T03MT03EBS001H0244F0244|52UZPE01152001T03MT03EBS001H024452UZPE01152001T03MT03EBS001H0244F0244CC1085279047
3|1027|DEIBER|SAITH|CIFUENTES|MONTENEGRO|CC|1080046384|2006-05-09|1|2|6|9998|3|2||7|07|||8|60.0|164|||2||||||||||||52UZPE01152001T03MT03EBS001H024452UZPE01152001T03MT03EBS001H0244F0244|52UZPE01152001T03MT03EBS001H024452UZPE01152001T03MT03EBS001H0244F0244CC1080046384
3|1028|MONICA|CRISTINA|DELVALLE|PAREDES|CC|59818781|1971-07-30|2|2|6|9998|3|1||7|07|||8|67.0|157|||2||||||||||||52UZPE01152001T03MT03EBS001H024552UZPE01152001T03MT03EBS001H0245F0245|52UZPE01152001T03MT03EBS001H024552UZPE01152001T03MT03EBS001H0245F0245CC59818781
3|1029|DAYANA|STEFANY|MONTENEGRO|DELVALLE|CC|1085291410|1991-08-05|2|2|6|5169|3|2||7|07|||8|57.0|156|||2||||||||||||52UZPE01152001T03MT03EBS001H024652UZPE01152001T03MT03EBS001H0246F0246|52UZPE01152001T03MT03EBS001H024652UZPE01152001T03MT03EBS001H0246F0246CC1085291410
3|1030|CITA|IRMA|MUNOZ|RIASCOS|CC|27295497|1959-05-08|2|2|6|9998|3|2||3|07|||8|71.0|155|||2||||||||||||52UZPE01152001T03MT03EBS001H025152UZPE01152001T03MT03EBS001H0251F0251|52UZPE01152001T03MT03EBS001H025152UZPE01152001T03MT03EBS001H0251F0251CC27295497
3|1031|LUIS|ALFONSO|IPIALES|TREJO|CC|5199764|1943-05-07|1|2|6|9998|3|2||3|07|||8|67.0|157|||2||||||||||||52UZPE01152001T03MT03EBS001H025152UZPE01152001T03MT03EBS001H0251F0251|52UZPE01152001T03MT03EBS001H025152UZPE01152001T03MT03EBS001H0251F0251CC5199764
3|1032|HUGO|ALBERTO|BRAVO|LOPEZ|CC|12992455|1967-12-06|1|2|6|9998|3|2||7|07|||8|98.0|179|||2||||||||||||52UZPE01152001T03MT03EBS001H025352UZPE01152001T03MT03EBS001H0253F0253|52UZPE01152001T03MT03EBS001H025352UZPE01152001T03MT03EBS001H0253F0253CC12992455
3|1033|LORENA|YAMILE|ROSERO|ESTRADA|CC|27088671|1971-08-20|2|2|6|9998|3|2||7|07|||8|61.0|158|||2||||||||||||52UZPE01152001T03MT03EBS001H025352UZPE01152001T03MT03EBS001H0253F0253|52UZPE01152001T03MT03EBS001H025352UZPE01152001T03MT03EBS001H0253F0253CC27088671
3|1034|FRANCISCO|JAVIER|BURGOS|ROJAS|CC|98384777|1973-06-22|1|2|6|5169|3|2||7|07|||8|68.0|174|||2||||||||||||52UZPE01152001T03MT03EBS001H025452UZPE01152001T03MT03EBS001H0254F0254|52UZPE01152001T03MT03EBS001H025452UZPE01152001T03MT03EBS001H0254F0254CC98384777
3|1035|LUIS|OMAR|OVIEDO|OVIEDO|CC|5192740|1939-08-24|1|2|6|9998|3|2||3|07|||8|62.0|172|||2||||||||||||52UZPE01152001T03MT03EBS001H025652UZPE01152001T03MT03EBS001H0256F0256|52UZPE01152001T03MT03EBS001H025652UZPE01152001T03MT03EBS001H0256F0256CC5192740
3|1036|EDITH|EDITH|LOSADA|CUELLAR|CC|34615543|1939-06-23|2|2|6|9998|3|2||3|07|||8|62.0|148|||2||||||||||||52UZPE01152001T03MT03EBS001H025652UZPE01152001T03MT03EBS001H0256F0256|52UZPE01152001T03MT03EBS001H025652UZPE01152001T03MT03EBS001H0256F0256CC34615543
3|1037|ANA|PATRICIA|LUNA|BURBANO|CC|30744991|1967-10-30|2|2|6|9998|3|1||7|07|||8|61.0|168|||2||||||||||||52UZPE01152001T03MT03EBS001H025752UZPE01152001T03MT03EBS001H0257F0257|52UZPE01152001T03MT03EBS001H025752UZPE01152001T03MT03EBS001H0257F0257CC30744991
3|1038|JUAN|CARLOS|DORADO|DELGADO|CC|98392761|1974-08-20|1|2|6|5169|3|1||7|07|||8|68.0|165|||2||||||||||||52UZPE01152001T03MT03EBS001H025752UZPE01152001T03MT03EBS001H0257F0257|52UZPE01152001T03MT03EBS001H025752UZPE01152001T03MT03EBS001H0257F0257CC98392761
3|1039|ROSA|ANGELINA|MERCHANCANO|HERNANDEZ|CC|1085263816|1985-04-03|2|2|6|9998|3|1||7|07|||8|47.0|155|||2||||||||||||52UZPE01152001T03MT03EBS001H025952UZPE01152001T03MT03EBS001H0259F0259|52UZPE01152001T03MT03EBS001H025952UZPE01152001T03MT03EBS001H0259F0259CC1085263816
3|1040|MERCEDES|MERCEDES|DELGADO|CALVO|CC|27079987|1949-10-13|2|2|6|9998|3|1||3|07|||8|56.0|156|||2||||||||||||52UZPE01152001T03MT03EBS001H026052UZPE01152001T03MT03EBS001H0260F0260|52UZPE01152001T03MT03EBS001H026052UZPE01152001T03MT03EBS001H0260F0260CC27079987
3|1041|CARLOS|HANDEL|BELALCAZAR|BENAVIDES|CC|12964905|1957-12-29|1|2|6|9622|3|2||3|07|||8|67.0|160|||2||||||||||||52UZPE01152001T03MT03EBS001H026152UZPE01152001T03MT03EBS001H0261F0261|52UZPE01152001T03MT03EBS001H026152UZPE01152001T03MT03EBS001H0261F0261CC12964905
3|1042|MAURO|HERNAN|BELALCAZAR|BENAVIDES|CC|12960127|1953-07-27|1|2|6|9622|3|1||3|07|||8|55.0|162|||2||||||||||||52UZPE01152001T03MT03EBS001H026152UZPE01152001T03MT03EBS001H0261F0261|52UZPE01152001T03MT03EBS001H026152UZPE01152001T03MT03EBS001H0261F0261CC12960127
3|1043|BERTA|LUCILA|BASTIDAS|ROSERO|CC|27220022|1968-01-10|2|2|6|9998|3|1||7|07|||8|66.0|160|||2||||||||||||52UZPE01152001T03MT03EBS001H026252UZPE01152001T03MT03EBS001H0262F0262|52UZPE01152001T03MT03EBS001H026252UZPE01152001T03MT03EBS001H0262F0262CC27220022
3|1044|WILSON|BERNARDO|MORA|LOPEZ|CC|87530410|1961-01-16|1|2|6|9998|3|1||3|07|||8|72.0|163|||2||||||||||||52UZPE01152001T03MT03EBS001H026252UZPE01152001T03MT03EBS001H0262F0262|52UZPE01152001T03MT03EBS001H026252UZPE01152001T03MT03EBS001H0262F0262CC87530410
3|1045|MARIA|NINFA|CASTRO|RAMOS|CC|1084194118|1945-08-16|2|2|6|9998|3|1||3|07|||8|60.0|145|||2||||||||||||52UZPE01152001T03MT03EBS001H026352UZPE01152001T03MT03EBS001H0263F0263|52UZPE01152001T03MT03EBS001H026352UZPE01152001T03MT03EBS001H0263F0263CC1084194118
3|1046|NELLY|DELROSARIO|HERNANDEZ|NA|CC|27423502|1953-08-10|2|2|6|9998|3|1||3|07|||8|50.0|148|||2||||||||||||52UZPE01152001T03MT03EBS001H025852UZPE01152001T03MT03EBS001H0258F0258|52UZPE01152001T03MT03EBS001H025852UZPE01152001T03MT03EBS001H0258F0258CC27423502
3|1047|OSWALDO|ANGEL|VILLOTA|ROSERO|CC|12970074|1960-01-26|1|2|6|9998|3|2||3|07|||8|89.0|172|||2||||||||||||52UZPE01152001T03MT03EBS001H026552UZPE01152001T03MT03EBS001H0265F0265|52UZPE01152001T03MT03EBS001H026552UZPE01152001T03MT03EBS001H0265F0265CC12970074
3|1048|ANA|PATRICIA|BASTIDAS|PEREZ|CC|66842866|1971-04-16|2|2|6|5169|3|2||7|07|||8|56.0|156|||2||||||||||||52UZPE01152001T03MT03EBS001H026552UZPE01152001T03MT03EBS001H0265F0265|52UZPE01152001T03MT03EBS001H026552UZPE01152001T03MT03EBS001H0265F0265CC66842866
3|1049|DAYANA|ANGELICA|TUPAZ|GOMEZ|CC|1144208370|1998-09-18|2|2|6|9998|3|2||7|07|||8|63.0|156|||2||||||||||||52UZPE01152001T03MT03EBS001H026752UZPE01152001T03MT03EBS001H0267F0267|52UZPE01152001T03MT03EBS001H026752UZPE01152001T03MT03EBS001H0267F0267CC1144208370
3|1050|MARIA|MARTA|OBANDO|DEVILLOTA|CC|27053975|1932-02-20|2|2|6|9998|3|2||3|07|||8|81.0|155|||2||||||||||||52UZPE01152001T03MT03EBS001H026852UZPE01152001T03MT03EBS001H0268F0268|52UZPE01152001T03MT03EBS001H026852UZPE01152001T03MT03EBS001H0268F0268CC27053975
3|1051|MARTA|DELCARMEN|VILLOTA|OBANDO|CC|30735158|1962-06-10|2|2|6|9998|3|1||3|07|||8|81.0|155|||2||||||||||||52UZPE01152001T03MT03EBS001H026852UZPE01152001T03MT03EBS001H0268F0268|52UZPE01152001T03MT03EBS001H026852UZPE01152001T03MT03EBS001H0268F0268CC30735158
3|1052|GUSTAVO|IVAN|VILLOTA|OBANDO|CC|12999099|1970-06-01|1|2|6|9998|3|1||7|07|||8|81.0|165|||2||||||||||||52UZPE01152001T03MT03EBS001H026952UZPE01152001T03MT03EBS001H0269F0269|52UZPE01152001T03MT03EBS001H026952UZPE01152001T03MT03EBS001H0269F0269CC12999099
3|1053|CARLOS|HUMBERTO|ROMERO|RODRIGUEZ|CC|14318800|1960-08-20|1|2|6|9998|3|1||3|07|||8|76.0|173|||2||||||||||||52UZPE01152001T03MT03EBS001H027052UZPE01152001T03MT03EBS001H0270F0270|52UZPE01152001T03MT03EBS001H027052UZPE01152001T03MT03EBS001H0270F0270CC14318800
3|1054|MAURO|GERARDO|ROMERO|RODRIGUEZ|CC|12976193|1957-11-03|1|2|6|9510|3|1||3|07|||8|67.0|168|||2||||||||||||52UZPE01152001T03MT03EBS001H027052UZPE01152001T03MT03EBS001H0270F0270|52UZPE01152001T03MT03EBS001H027052UZPE01152001T03MT03EBS001H0270F0270CC12976193
3|1055|ALICIA|NA|ESPANA|DEROSERO|CC|30717856|1957-01-30|2|2|6|9998|3|1||3|07|||3|76.0|150|||2||||||||||||52UZPE01152001T03MT03EBS001H027152UZPE01152001T03MT03EBS001H0271F0271|52UZPE01152001T03MT03EBS001H027152UZPE01152001T03MT03EBS001H0271F0271CC30717856
3|1056|IRMA|IRENE|ROSAS|DEROSERO|CC|31206994|1942-11-29|2|2|6|9998|3|1||3|07|||8|70.0|160|||2||||||||||||52UZPE01152001T03MT03EBS001H027352UZPE01152001T03MT03EBS001H0273F0273|52UZPE01152001T03MT03EBS001H027352UZPE01152001T03MT03EBS001H0273F0273CC31206994
3|1057|BLANCA|ALICIA|ROSERO|CHAVEZ|CC|59832746|1967-06-11|2|2|6|9510|3|1||7|07|||8|66.0|158|||2||||||||||||52UZPE01152001T03MT03EBS001H027652UZPE01152001T03MT03EBS001H0276F0276|52UZPE01152001T03MT03EBS001H027652UZPE01152001T03MT03EBS001H0276F0276CC59832746
3|1058|EDWIN|DAVIAN|ARCOS|ROSERO|CC|1085288327|1990-08-10|1|2|6|9510|3|1||7|07|||8|87.0|177|||2||||||||||||52UZPE01152001T03MT03EBS001H027652UZPE01152001T03MT03EBS001H0276F0276|52UZPE01152001T03MT03EBS001H027652UZPE01152001T03MT03EBS001H0276F0276CC1085288327
3|1059|MARIA|EUGENIA|GOMEZ|CERON|CC|59816294|1971-05-08|2|2|6|9998|3|1||7|07|||8|60.0|157|||2||||||||||||52UZPE01152001T03MT03EBS001H026652UZPE01152001T03MT03EBS001H0266F0266|52UZPE01152001T03MT03EBS001H026652UZPE01152001T03MT03EBS001H0266F0266CC59816294
3|1060|FELIX|JORGE|TUPAZ|GRIJALVA|CC|98388021|1972-01-26|1|2|6|9510|3|1||7|07|||8|80.0|177|||2||||||||||||52UZPE01152001T03MT03EBS001H026652UZPE01152001T03MT03EBS001H0266F0266|52UZPE01152001T03MT03EBS001H026652UZPE01152001T03MT03EBS001H0266F0266CC98388021
3|1061|BLADIMIR|FELIPE|CHANAG|ERASO|CC|12746976|1971-08-25|1|2|6|9510|3|1||7|07|||8|60.0|161|||2||||||||||||52UZPE01152001T03MT03EBS001H027752UZPE01152001T03MT03EBS001H0277F0277|52UZPE01152001T03MT03EBS001H027752UZPE01152001T03MT03EBS001H0277F0277CC12746976
3|1062|DIANA|YAMILETH|ROSERO|MUNOZ|CC|1085281707|1990-05-24|2|2|6|9998|3|1||7|07|||8|52.0|152|||2||||||||||||52UZPE01152001T03MT03EBS001H027852UZPE01152001T03MT03EBS001H0278F0278|52UZPE01152001T03MT03EBS001H027852UZPE01152001T03MT03EBS001H0278F0278CC1085281707
3|1063|CARLOS|EFRAIN|MUNOZ|ACOSTA|CC|12752534|1981-03-13|1|2|6|9510|3|1||7|07|||8|82.0|170|||2||||||||||||52UZPE01152001T03MT03EBS001H027852UZPE01152001T03MT03EBS001H0278F0278|52UZPE01152001T03MT03EBS001H027852UZPE01152001T03MT03EBS001H0278F0278CC12752534
3|1064|BETTY|NA|GAVILANES|ENRIQUEZ|CC|30726477|1962-05-30|2|2|6|9622|3|1||3|07|||8|64.0|155|||2||||||||||||52UZPE01152001T03MT01EBS001H027952UZPE01152001T03MT01EBS001H0279F0279|52UZPE01152001T03MT01EBS001H027952UZPE01152001T03MT01EBS001H0279F0279CC30726477
3|1065|ERIKA|AMALEA|VILLOTA|RAMIREZ|CC|59825086|1974-04-20|2|2|6|9622|3|2||7|07|||8|66.0|160|||2||||||||||||52UZPE01152001T03MT01EBS001H028052UZPE01152001T03MT01EBS001H0280F0280|52UZPE01152001T03MT01EBS001H028052UZPE01152001T03MT01EBS001H0280F0280CC59825086
3|1066|ELBA|NA|CHAVEZ|DEJURADO|CC|2705103|1927-01-12|2|2|6|9998|3|2||3|07|||8|43.0|150|||2||||||||||||52UZPE01152001T03MT01EBS001H028152UZPE01152001T03MT01EBS001H0281F0281|52UZPE01152001T03MT01EBS001H028152UZPE01152001T03MT01EBS001H0281F0281CC2705103
3|1067|AURA|JUDITH|PRADO|NA|CC|27079575|1944-05-03|2|2|6|9998|3|1||3|07|||8|40.0|140|||2||||||||||||52UZPE01152001T03MT01EBS001H028252UZPE01152001T03MT01EBS001H0282F0282|52UZPE01152001T03MT01EBS001H028252UZPE01152001T03MT01EBS001H0282F0282CC27079575
3|1068|ALBA|LUCIA|MORILLO|CORAL|CC|27160470|1971-05-05|2|2|6|9998|3|2||7|07|||8|47.0|150|||2||||||||||||52UZPE01152001T03MT01EBS001H028352UZPE01152001T03MT01EBS001H0283F0283|52UZPE01152001T03MT01EBS001H028352UZPE01152001T03MT01EBS001H0283F0283CC27160470
3|1069|MAGALY|DELCARMEN|MORILLO|CORAL|CC|59837578|1977-07-07|2|2|6|5169|3|2||7|07|||8|54.0|162|||2||||||||||||52UZPE01152001T03MT01EBS001H028452UZPE01152001T03MT01EBS001H0284F0284|52UZPE01152001T03MT01EBS001H028452UZPE01152001T03MT01EBS001H0284F0284CC59837578
3|1070|LUIS|ALFREDO|BENAVIDES|NA|CC|12970525|1960-07-29|1|2|6|9998|3|2||3|07|||8|82.0|170|||2||||||||||||52UZPE01152001T03MT01EBS001H028552UZPE01152001T03MT01EBS001H0285F0285|52UZPE01152001T03MT01EBS001H028552UZPE01152001T03MT01EBS001H0285F0285CC12970525
3|1071|MARIA|DELPILAR|ANDRADE|CALVACHE|CC|30732982|1966-04-04|2|2|6|5169|3|2||7|07|||8|75.0|158|||2||||||||||||52UZPE01152001T03MT01EBS001H028552UZPE01152001T03MT01EBS001H0285F0285|52UZPE01152001T03MT01EBS001H028552UZPE01152001T03MT01EBS001H0285F0285CC30732982
3|1072|SALOME|NA|PORTILLA|BENAVIDES|CC|1138524948|2006-08-08|2|2|6|9998|3|2||7|07|||8|53.0|155|||2||||||||||||52UZPE01152001T03MT01EBS001H028552UZPE01152001T03MT01EBS001H0285F0285|52UZPE01152001T03MT01EBS001H028552UZPE01152001T03MT01EBS001H0285F0285CC1138524948
3|1073|DIANY|LUCERO|BOLANOS|CASTILLO|CC|1089482358|1991-03-04|2|2|6|9510|3|1||7|07|||8|65.0|172|||2||||||||||||52UZPE01152001T03MT01EBS001H028652UZPE01152001T03MT01EBS001H0286F0286|52UZPE01152001T03MT01EBS001H028652UZPE01152001T03MT01EBS001H0286F0286CC1089482358
3|1074|JULIO|CESAR|VILLACREZ|CABEZAS|CC|13007204|1955-05-24|1|2|6|9998|3|1||3|07|||8|80.0|163|||2||||||||||||52UZPE01152001T03MT01EBS001H028752UZPE01152001T03MT01EBS001H0287F0287|52UZPE01152001T03MT01EBS001H028752UZPE01152001T03MT01EBS001H0287F0287CC13007204
3|1075|CARMEN|OLIVA|TOBAR|NA|CC|30712086|1953-03-25|2|2|6|9998|3|1||3|07|||8|72.0|140|||2||||||||||||52UZPE01152001T03MT01EBS001H028752UZPE01152001T03MT01EBS001H0287F0287|52UZPE01152001T03MT01EBS001H028752UZPE01152001T03MT01EBS001H0287F0287CC30712086
3|1076|PEDRO|MARCIAL|ROSERO|ERAZO|CC|12992868|1968-01-04|1|2|6|5169|3|1||7|07|||8|72.0|170|||2||||||||||||52UZPE01152001T03MT01EBS001H028852UZPE01152001T03MT01EBS001H0288F0288|52UZPE01152001T03MT01EBS001H028852UZPE01152001T03MT01EBS001H0288F0288CC12992868
3|1077|KAREN|VIVIANA|ROSERO|MARTINEZ|CC|1085341298|1998-07-07|2|2|6|5169|3|2||7|07|||8|65.0|160|||2||||||||||||52UZPE01152001T03MT01EBS001H028852UZPE01152001T03MT01EBS001H0288F0288|52UZPE01152001T03MT01EBS001H028852UZPE01152001T03MT01EBS001H0288F0288CC1085341298
3|1078|HELLI|BRIGITTE|MARTINEZ|VILLOTA|CC|59823603|1971-10-01|2|2|6|9998|3|1||7|07|||8|78.0|153|||2||||||||||||52UZPE01152001T03MT01EBS001H028852UZPE01152001T03MT01EBS001H0288F0288|52UZPE01152001T03MT01EBS001H028852UZPE01152001T03MT01EBS001H0288F0288CC59823603
3|1079|DIANA|STEPHANY|LOZANO|CASTRO|CC|37087883|1984-11-13|2|2|6|5169|3|5||7|07|||8|62.0|144|||2||||||||||||52UZPE01152001T03MT01EBS001H028952UZPE01152001T03MT01EBS001H0289F0289|52UZPE01152001T03MT01EBS001H028952UZPE01152001T03MT01EBS001H0289F0289CC37087883
3|1080|OSCAR|ANDRES|IBARRA|CAICEDO|CC|98400593|1978-04-22|1|2|6|9998|3|5||7|07|||8|11.2|174|||2||||||||||||52UZPE01152001T03MT01EBS001H028952UZPE01152001T03MT01EBS001H0289F0289|52UZPE01152001T03MT01EBS001H028952UZPE01152001T03MT01EBS001H0289F0289CC98400593
3|1081|MARCIA|DELSOCORRO|CAICEDO|LOZANO|CC|51674079|1960-03-07|2|2|6|9998|3|2||3|07|||8|65.0|159|||2||||||||||||52UZPE01152001T03MT01EBS001H029052UZPE01152001T03MT01EBS001H0290F0290|52UZPE01152001T03MT01EBS001H029052UZPE01152001T03MT01EBS001H0290F0290CC51674079
3|1082|OSCAR|ANTONIO|IBARRA|INSUASTY|CC|19388688|1955-04-24|1|2|6|9510|3|2||3|07|||8|80.0|160|||2||||||||||||52UZPE01152001T03MT01EBS001H029052UZPE01152001T03MT01EBS001H0290F0290|52UZPE01152001T03MT01EBS001H029052UZPE01152001T03MT01EBS001H0290F0290CC19388688
3|1083|LILIANA|INES|GUERRERO|ZAMBRANO|CC|59834504|1970-03-06|2|2|6|9510|3|1||6|07|||8|67.0|156|||2||||||||||||52UZPE01152001T03MT01EBS001H029352UZPE01152001T03MT01EBS001H0293F0293|52UZPE01152001T03MT01EBS001H029352UZPE01152001T03MT01EBS001H0293F0293CC59834504
3|1084|DORA|PATRICIA|GUERRERO|ZAMBRANO|CC|30733014|1965-02-18|2|2|6|9998|3|2||3|07|||8|64.0|154|||2||||||||||||52UZPE01152001T03MT01EBS001H029152UZPE01152001T03MT01EBS001H0291F0291|52UZPE01152001T03MT01EBS001H029152UZPE01152001T03MT01EBS001H0291F0291CC30733014
3|1085|ADRIANA|NINGUNO|ZAMBRANO|BUCHELI|CC|59816623|1970-12-02|2|2|6|9510|3|1||7|07|||8|60.0|157|||2||||||||||||52UZPE01152001T03MT01EBS001H029252UZPE01152001T03MT01EBS001H0292F0292|52UZPE01152001T03MT01EBS001H029252UZPE01152001T03MT01EBS001H0292F0292CC59816623
3|1086|LILIANA|DELROSARIO|AGUDELO|MORALES|CC|1085262735|1987-10-01|2|2|6|5169|3|1||7|07|||8|66.0|153|||2||||||||||||52UZPE01152001T03MT01EBS001H029452UZPE01152001T03MT01EBS001H0294F0294|52UZPE01152001T03MT01EBS001H029452UZPE01152001T03MT01EBS001H0294F0294CC1085262735
3|1087|ALICIA|PAULINA|ERAZO|ARCINIEGAS|CC|3071811|1956-11-14|2|2|6|9998|3|2||3|07|||3|52.0|152|||2||||||||||||52UZPE01152001T03MT01EBS001H029552UZPE01152001T03MT01EBS001H0295F0295|52UZPE01152001T03MT01EBS001H029552UZPE01152001T03MT01EBS001H0295F0295CC3071811
3|1088|NANCY|ALICIA|OBANDO|MATABAJOY|CC|30727181|1964-08-15|2|2|6|9622|3|2||3|07|||8|74.0|160|||2||||||||||||52UZPE01152001T03MT01EBS001H029652UZPE01152001T03MT01EBS001H0296F0296|52UZPE01152001T03MT01EBS001H029652UZPE01152001T03MT01EBS001H0296F0296CC30727181
3|1089|FRANCISCO|GERMAN|GARCIA|DELGADO|CC|12979126|1962-10-22|1|2|6|9622|3|2||3|07|||8|72.0|161|||2||||||||||||52UZPE01152001T03MT01EBS001H029652UZPE01152001T03MT01EBS001H0296F0296|52UZPE01152001T03MT01EBS001H029652UZPE01152001T03MT01EBS001H0296F0296CC12979126
3|1090|VICTOR|HUGO|CISNEROS|NARVAEZ|CC|12965034|1955-07-10|1|2|6|9622|3|2||3|07|||8|90.0|175|||2||||||||||||52UZPE01152001T03MT01EBS001H029852UZPE01152001T03MT01EBS001H0298F0298|52UZPE01152001T03MT01EBS001H029852UZPE01152001T03MT01EBS001H0298F0298CC12965034
3|1091|OLGA|MERCEDES|RODRIGUEZ|DECISNEROS|CC|30709831|1955-12-08|2|2|6|9622|3|2||3|07|||8|75.0|160|||2||||||||||||52UZPE01152001T03MT01EBS001H029852UZPE01152001T03MT01EBS001H0298F0298|52UZPE01152001T03MT01EBS001H029852UZPE01152001T03MT01EBS001H0298F0298CC30709831
3|1092|LEON|ORLANDO|RODRIGUEZ|TORRES|CC|12954587|1950-06-15|1|2|6|9622|3|2||3|07|||8|85.0|174|||2||||||||||||52UZPE01152001T03MT01EBS001H029952UZPE01152001T03MT01EBS001H0299F0299|52UZPE01152001T03MT01EBS001H029952UZPE01152001T03MT01EBS001H0299F0299CC12954587
3|1093|ROSA|ELVIRA|ERAZO|NA|CC|30530730|1957-05-06|2|2|6|9622|3|2||7|07|||8|65.0|160|||2||||||||||||52UZPE01152001T03MT01EBS001H029952UZPE01152001T03MT01EBS001H0299F0299|52UZPE01152001T03MT01EBS001H029952UZPE01152001T03MT01EBS001H0299F0299CC30530730
3|1094|SAMUEL|ESTEBAN|SOLARTE|RODRIGUEZ|CC|1081275211|2005-10-16|1|2|6|9622|3|1||7|07|||8|69.0|174|||2||||||||||||52UZPE01152001T03MT01EBS001H029952UZPE01152001T03MT01EBS001H0299F0299|52UZPE01152001T03MT01EBS001H029952UZPE01152001T03MT01EBS001H0299F0299CC1081275211
3|1095|MONICA|DELPILAR|BURBANO|DELGADO|CC|30738480|1967-06-21|2|2|6|9622|3|2||7|07|||8|56.0|156|||2||||||||||||52UZPE01152001T03MT01EBS001H030052UZPE01152001T03MT01EBS001H0300F0300|52UZPE01152001T03MT01EBS001H030052UZPE01152001T03MT01EBS001H0300F0300CC30738480
3|1096|NEYER|JEFERSON|TORRES|ESTUPINAN|CC|1193285661|2000-05-24|1|2|6|9998|3|1||7|07|||8|48.0|160|||2||||||||||||52UZPE01152001T03MT01EBS001H030152UZPE01152001T03MT01EBS001H0301F0301|52UZPE01152001T03MT01EBS001H030152UZPE01152001T03MT01EBS001H0301F0301CC1193285661
3|1097|DIEGO|JAVIER|TORRES|CALVACHE|CC|12986691|1965-08-11|1|2|6|9998|3|1||4|07|||3|50.0|160|||2||||||||||||52UZPE01152001T03MT01EBS001H030152UZPE01152001T03MT01EBS001H0301F0301|52UZPE01152001T03MT01EBS001H030152UZPE01152001T03MT01EBS001H0301F0301CC12986691
3|1098|YILDER|HARNOL|TORRES|ESTUPINAN|CC|1004216861|2002-12-11|1|2|6|9998|3|1||7|07|||8|55.0|177|||2||||||||||||52UZPE01152001T03MT01EBS001H030152UZPE01152001T03MT01EBS001H0301F0301|52UZPE01152001T03MT01EBS001H030152UZPE01152001T03MT01EBS001H0301F0301CC1004216861
3|1099|BERTHA|NA|MUNOZ|ERAZO|CC|27078174|1950-08-03|2|2|6|9998|3|1||3|07|||8|74.0|165|||2||||||||||||52UZPE01152001T03MT01EBS001H030252UZPE01152001T03MT01EBS001H0302F0302|52UZPE01152001T03MT01EBS001H030252UZPE01152001T03MT01EBS001H0302F0302CC27078174
3|1100|CECILIA|NA|MUNOZ|ERAZO|CC|30714787|1958-01-31|2|2|6|9998|3|1||3|07|||8|62.0|160|||2||||||||||||52UZPE01152001T03MT01EBS001H030252UZPE01152001T03MT01EBS001H0302F0302|52UZPE01152001T03MT01EBS001H030252UZPE01152001T03MT01EBS001H0302F0302CC30714787
3|1101|MARIA|BERNANRDITA|MIRANDA|ROSERO|CC|30715819|1959-02-26|2|2|6|9622|3|1||3|07|||8|83.0|150|||2||||||||||||52UZPE01152001T03MT01EBS001H030352UZPE01152001T03MT01EBS001H0303F0303|52UZPE01152001T03MT01EBS001H030352UZPE01152001T03MT01EBS001H0303F0303CC30715819
3|1102|FANNY|MARISOL|GOMAJOA|CUSIS|CC|1085277432|1989-11-15|2|2|6|5169|3|2||7|07|||8|55.0|150|||2||||||||||||52UZPE01152001T03MT01EBS001H030452UZPE01152001T03MT01EBS001H0304F0304|52UZPE01152001T03MT01EBS001H030452UZPE01152001T03MT01EBS001H0304F0304CC1085277432
3|1103|BERTHA|DOLORES|GUZMAN|MARTINEZ|CC|30702875|1942-04-23|2|2|6|9622|3|1||3|07|||8|78.0|150|||2||||||||||||52UZPE01152001T03MT01EBS001H030552UZPE01152001T03MT01EBS001H0305F0305|52UZPE01152001T03MT01EBS001H030552UZPE01152001T03MT01EBS001H0305F0305CC30702875
3|1104|YURANI|KATERINE|MUNOZ|BENITEZ|CC|1085255638|1986-08-03|2|2|6|9510|3|1||7|07|||8|98.0|153|||2||||||||||||52UZPE01152001T03MT01EBS001H030652UZPE01152001T03MT01EBS001H0306F0306|52UZPE01152001T03MT01EBS001H030652UZPE01152001T03MT01EBS001H0306F0306CC1085255638
3|1105|OLGA|LUCIA|COLLAZOS|ORTEGA|CC|59813769|1969-11-16|2|2|6|5169|3|5||7|07|||8|60.0|155|||2||||||||||||52UZPE01152001T03MT01EBS001H030752UZPE01152001T03MT01EBS001H0307F0307|52UZPE01152001T03MT01EBS001H030752UZPE01152001T03MT01EBS001H0307F0307CC59813769
3|1106|RICHARD|MANOLO|ORTEGA|CABRERA|CC|12982650|1961-12-08|1|2|6|9510|3|1||3|07|||8|80.0|174|||2||||||||||||52UZPE01152001T03MT01EBS001H030852UZPE01152001T03MT01EBS001H0308F0308|52UZPE01152001T03MT01EBS001H030852UZPE01152001T03MT01EBS001H0308F0308CC12982650
3|1107|JAIME|GIANNI|SALAZAR|PAREDES|CC|1085254778|1986-08-18|1|2|6|9998|3|1||7|07|||8|70.0|170|||2||||||||||||52UZPE01152001T03MT01EBS001H030952UZPE01152001T03MT01EBS001H0309F0309|52UZPE01152001T03MT01EBS001H030952UZPE01152001T03MT01EBS001H0309F0309CC1085254778
3|1108|MARIA|CRISTINA|DELGADO|VILLOGA|CC|27356101|1966-01-29|2|2|6|9998|3|1||4|07|||1|46.0|148|||2||||||||||||52UZPE01152001T03MT01EBS001H031052UZPE01152001T03MT01EBS001H0310F0310|52UZPE01152001T03MT01EBS001H031052UZPE01152001T03MT01EBS001H0310F0310CC27356101
3|1109|MAGALY|NA|ALVEAR|PARDO|CC|59837112|1974-12-31|2|2|6|9998|3|1||7|07|||8|60.0|158|||2||||||||||||52UZPE01152001T03MT01EBS001H031152UZPE01152001T03MT01EBS001H0311F0311|52UZPE01152001T03MT01EBS001H031152UZPE01152001T03MT01EBS001H0311F0311CC59837112
3|1110|CARLOS|OCTAVIO|PARRA|NARVAEZ|CC|71645808|1964-06-06|1|2|6|9622|3|1||3|07|||8|81.0|175|||2||||||||||||52UZPE01152001T03MT01EBS001H031252UZPE01152001T03MT01EBS001H0312F0312|52UZPE01152001T03MT01EBS001H031252UZPE01152001T03MT01EBS001H0312F0312CC71645808
3|1111|JOHAN|ALBERTO|MONTOYA|LOPEZ|CC|1085297788|1988-12-26|1|2|6|9510|3|1||7|07|||8|83.0|173|||2||||||||||||52UZPE01152001T03MT01EBS001H031352UZPE01152001T03MT01EBS001H0313F0313|52UZPE01152001T03MT01EBS001H031352UZPE01152001T03MT01EBS001H0313F0313CC1085297788
3|1112|DANIEL|NA|BURBANO|DIAZ|CC|87065352|1982-09-12|1|2|6|5169|3|2||7|07|||8|80.0|165|||2||||||||||||52UZPE01152001T03MT01EBS001H031452UZPE01152001T03MT01EBS001H0314F0314|52UZPE01152001T03MT01EBS001H031452UZPE01152001T03MT01EBS001H0314F0314CC87065352
3|1113|JOSE|RODOLFO|BURBANO|RUALES|CC|50198327|1942-05-31|1|2|6|9622|3|2||3|07|||8|67.0|160|||2||||||||||||52UZPE01152001T03MT01EBS001H031452UZPE01152001T03MT01EBS001H0314F0314|52UZPE01152001T03MT01EBS001H031452UZPE01152001T03MT01EBS001H0314F0314CC50198327
3|1114|DANIEL|ESTIVEN|BURBANO|PEREZ|CC|1081175130|2005-09-23|1|2|6|9998|3|2||7|07|||8|65.0|170|||2||||||||||||52UZPE01152001T03MT01EBS001H031452UZPE01152001T03MT01EBS001H0314F0314|52UZPE01152001T03MT01EBS001H031452UZPE01152001T03MT01EBS001H0314F0314CC1081175130
3|1115|ENRIQUE|PAULINO|FAJARDO|NA|CC|5249586|1955-10-26|1|2|6|9998|3|1||3|07|||8|79.0|166|||2||||||||||||52UZPE01152001T03MT01EBS001H031552UZPE01152001T03MT01EBS001H0315F0315|52UZPE01152001T03MT01EBS001H031552UZPE01152001T03MT01EBS001H0315F0315CC5249586
3|1116|GLORIA|ISABEL|CALVACHE|NA|CC|30731861|1963-02-28|2|2|6|9998|3|1||3|07|||8|76.0|155|||2||||||||||||52UZPE01152001T03MT01EBS001H031552UZPE01152001T03MT01EBS001H0315F0315|52UZPE01152001T03MT01EBS001H031552UZPE01152001T03MT01EBS001H0315F0315CC30731861
3|1117|JUAN|SEBASTIAN|VARGAS|CUARAN|CC|1085330607|1996-08-04|1|2|6|9998|3|1||7|07|||8|55.0|163|||2||||||||||||52UZPE01152001T03MT01EBS001H031652UZPE01152001T03MT01EBS001H0316F0316|52UZPE01152001T03MT01EBS001H031652UZPE01152001T03MT01EBS001H0316F0316CC1085330607
3|1118|BEATRIZ|MARIA|DIAZ|MARTINES|CC|27071504|1942-07-15|2|2|6|9998|3|1||3|07|||8|72.0|152|||2||||||||||||52UZPE01152001T03MT01EBS001H031752UZPE01152001T03MT01EBS001H0317F0317|52UZPE01152001T03MT01EBS001H031752UZPE01152001T03MT01EBS001H0317F0317CC27071504
3|1119|LAURA|ESTER|LOPEZ|NINGUNO|CC|30714471|1957-05-10|2|2|6|9510|3|1||3|07|||8|47.0|155|||2||||||||||||52UZPE01152001T03MT01EBS001H031852UZPE01152001T03MT01EBS001H0318F0318|52UZPE01152001T03MT01EBS001H031852UZPE01152001T03MT01EBS001H0318F0318CC30714471
3|1120|JAVIER|ANTONIO|MONTERO|NINGUNO|CC|12982702|1954-12-31|1|2|6|9510|3|1||3|07|||8|54.0|161|||2||||||||||||52UZPE01152001T03MT01EBS001H031952UZPE01152001T03MT01EBS001H0319F0319|52UZPE01152001T03MT01EBS001H031952UZPE01152001T03MT01EBS001H0319F0319CC12982702
3|1121|LEONISA|NINGUNO|CADENA|NINGUNO|CC|30722277|1944-09-10|2|2|6|9510|3|1||3|07|||8|50.0|145|||2||||||||||||52UZPE01152001T03MT01EBS001H032052UZPE01152001T03MT01EBS001H0320F0320|52UZPE01152001T03MT01EBS001H032052UZPE01152001T03MT01EBS001H0320F0320CC30722277
3|1122|TEOFILO|NINGUNO|ROSERO|SANTACRUZ|CC|12959859|1953-09-21|1|2|6|9998|3|2||3|07|||8|87.0|170|||2||||||||||||52UZPE01152001T03MT01EBS001H032352UZPE01152001T03MT01EBS001H0323F0323|52UZPE01152001T03MT01EBS001H032352UZPE01152001T03MT01EBS001H0323F0323CC12959859
3|1123|AURA|AMPARO|SALDANA|PAREDES|CC|30707150|1954-07-04|2|2|6|9998|3|2||3|07|||8|54.0|148|||2||||||||||||52UZPE01152001T03MT01EBS001H032452UZPE01152001T03MT01EBS001H0324F0324|52UZPE01152001T03MT01EBS001H032452UZPE01152001T03MT01EBS001H0324F0324CC30707150
3|1124|RUBI|NINGUNO|BECERRA|ALVAREZ|CC|69086675|1969-12-02|2|2|6|9622|3|2||7|07|||8|10.5|155|||2||||||||||||52UZPE01152001T03MT01EBS001H032552UZPE01152001T03MT01EBS001H0325F0325|52UZPE01152001T03MT01EBS001H032552UZPE01152001T03MT01EBS001H0325F0325CC69086675
3|1125|SISTO|ALBERTO|MUNOZ|SARASTY|CC|12990462|1965-01-29|1|2|6|9622|3|2||3|07|||8|63.0|165|||2||||||||||||52UZPE01152001T03MT01EBS001H032652UZPE01152001T03MT01EBS001H0326F0326|52UZPE01152001T03MT01EBS001H032652UZPE01152001T03MT01EBS001H0326F0326CC12990462
3|1126|ROSA|ESTER|AREVALO|BENAVIDES|CC|30735232|1963-08-09|2|2|6|9998|3|2||3|07|||8|56.0|148|||2||||||||||||52UZPE01152001T03MT01EBS001H032652UZPE01152001T03MT01EBS001H0326F0326|52UZPE01152001T03MT01EBS001H032652UZPE01152001T03MT01EBS001H0326F0326CC30735232
3|1127|JAVIER|HERNANDO|BARRERA|ERASO|CC|12984595|1965-02-08|1|2|6|9510|3|1||3|07|||8|80.0|165|||2||||||||||||52UZPE01152001T03MT01EBS001H032852UZPE01152001T03MT01EBS001H0328F0328|52UZPE01152001T03MT01EBS001H032852UZPE01152001T03MT01EBS001H0328F0328CC12984595
3|1128|PIEDAD|NA|ERASO|DEBARRERA|CC|27053080|1932-12-31|2|2|6|9998|3|1||3|07|||1|63.0|150|||2||||||||||||52UZPE01152001T03MT01EBS001H032852UZPE01152001T03MT01EBS001H0328F0328|52UZPE01152001T03MT01EBS001H032852UZPE01152001T03MT01EBS001H0328F0328CC27053080
3|1129|MARIA|ALEJANDRA|MUNOZ|AREVALO|CC|1085308357|1993-11-02|2|2|6|5169|3|2||7|07|||8|54.0|158|||2||||||||||||52UZPE01152001T03MT01EBS001H032752UZPE01152001T03MT01EBS001H0327F0327|52UZPE01152001T03MT01EBS001H032752UZPE01152001T03MT01EBS001H0327F0327CC1085308357
3|1130|WILSON|ARAMANDO|URBANO|PENA|CC|1004190272|2002-08-07|1|2|6|9510|3|1||7|07|||8|77.0|171|||2||||||||||||52UZPE01152001T03MT01EBS001H032952UZPE01152001T03MT01EBS001H0329F0329|52UZPE01152001T03MT01EBS001H032952UZPE01152001T03MT01EBS001H0329F0329CC1004190272
3|1131|JOSE|IZANDRO|ALVAREZ|MUNOZ|CC|16646458|1960-05-18|1|2|6|9510|3|1||3|07|||8|65.0|178|||2||||||||||||52UZPE01152001T03MT01EBS001H033052UZPE01152001T03MT01EBS001H0330F0330|52UZPE01152001T03MT01EBS001H033052UZPE01152001T03MT01EBS001H0330F0330CC16646458
3|1132|ALVARO|FRANCO|ACHICANOY|CHAPARRO|CC|12983198|1964-04-14|1|2|6|5169|3|1||3|07|||8|53.0|158|||2||||||||||||52UZPE01152001T03MT01EBS001H033452UZPE01152001T03MT01EBS001H0334F0334|52UZPE01152001T03MT01EBS001H033452UZPE01152001T03MT01EBS001H0334F0334CC12983198
3|1133|WILLIAM|ROBERTO|MEZA|GARZON|CC|12955819|1951-07-23|1|2|6|9622|3|2||3|07|||8|96.0|178|||2||||||||||||52UZPE01152001T03MT01EBS001H033552UZPE01152001T03MT01EBS001H0335F0335|52UZPE01152001T03MT01EBS001H033552UZPE01152001T03MT01EBS001H0335F0335CC12955819
3|1134|HUMBERTO|NINGUNO|JURADO|ERAZO|CC|12971153|1960-04-20|1|2|6|9622|3|1||3|07|||8|75.0|172|||2||||||||||||52UZPE01152001T03MT01EBS001H033652UZPE01152001T03MT01EBS001H0336F0336|52UZPE01152001T03MT01EBS001H033652UZPE01152001T03MT01EBS001H0336F0336CC12971153
3|1135|MANUEL|ENRIQUE|DELGADO|MARIN|CC|91158139|1978-07-15|1|2|6|9622|3|1||7|07|||8|83.0|165|||2||||||||||||52UZPE01152001T03MT01EBS001H033252UZPE01152001T03MT01EBS001H0332F0332|52UZPE01152001T03MT01EBS001H033252UZPE01152001T03MT01EBS001H0332F0332CC91158139
3|1136|ANA|MILENA|ACHICANOY|ROJAS|CC|1085283042|1990-06-21|2|2|6|9622|3|1||7|07|||8|81.0|145|||2||||||||||||52UZPE01152001T03MT01EBS001H033252UZPE01152001T03MT01EBS001H0332F0332|52UZPE01152001T03MT01EBS001H033252UZPE01152001T03MT01EBS001H0332F0332CC1085283042
3|1137|ANA|LUCIA|SANCHEZ|ERAZO|CC|59824817|1974-05-01|2|2|6|9622|3|1||7|07|||8|62.0|153|||2||||||||||||52UZPE01152001T03MT01EBS001H033852UZPE01152001T03MT01EBS001H0338F0338|52UZPE01152001T03MT01EBS001H033852UZPE01152001T03MT01EBS001H0338F0338CC59824817
3|1138|ANGIE|NA|OBANDO|NA|CC|1082748143|1994-02-28|2|2|6|9622|3|1||4|07|||1|56.0|155|||2||||||||||||52UZPE01152001T03MT01EBS001H033952UZPE01152001T03MT01EBS001H0339F0339|52UZPE01152001T03MT01EBS001H033952UZPE01152001T03MT01EBS001H0339F0339CC1082748143
3|1139|JOSE|AZAEL|GUACHAVES|ARMERO|CC|1082746901|1988-08-01|1|2|6|9510|3|1||7|07|||8|87.0|165|||2||||||||||||52UZPE01152001T03MT01EBS001H033952UZPE01152001T03MT01EBS001H0339F0339|52UZPE01152001T03MT01EBS001H033952UZPE01152001T03MT01EBS001H0339F0339CC1082746901
3|1140|WILIAM|FERNANDO|CORAL|BUSTOS|CC|98377892|1970-08-14|1|2|6|5169|3|2||7|07|||8|72.0|170|||2||||||||||||52UZPE01152001T03MT01EBS001H034052UZPE01152001T03MT01EBS001H0340F0340|52UZPE01152001T03MT01EBS001H034052UZPE01152001T03MT01EBS001H0340F0340CC98377892
3|1141|MIRIAM|CRISTINA|CUASPUD|PATINO|CC|59821344|1971-11-07|2|2|6|5169|3|2||7|07|||8|65.0|160|||2||||||||||||52UZPE01152001T03MT01EBS001H034052UZPE01152001T03MT01EBS001H0340F0340|52UZPE01152001T03MT01EBS001H034052UZPE01152001T03MT01EBS001H0340F0340CC59821344
3|1142|MOISES|HERNAN|ACHICANOY|ROJAS|CC|1085306152|1993-07-26|1|2|6|9510|3|1||7|07|||8|58.0|154|||2||||||||||||52UZPE01152001T03MT01EBS001H033352UZPE01152001T03MT01EBS001H0333F0333|52UZPE01152001T03MT01EBS001H033352UZPE01152001T03MT01EBS001H0333F0333CC1085306152
3|1143|MARIA|DELROSARIO|ROJAS|LOPEZ|CC|30729508|1962-07-30|2|2|6|9998|3|1||3|07|||8|71.0|148|||2||||||||||||52UZPE01152001T03MT01EBS001H033352UZPE01152001T03MT01EBS001H0333F0333|52UZPE01152001T03MT01EBS001H033352UZPE01152001T03MT01EBS001H0333F0333CC30729508
3|1144|MARIA|MERCEDES|ESTUPINAN|ERASO|CC|59814167|1969-05-21|2|2|6|9510|3|1||7|07|||8|68.0|150|||2||||||||||||52UZPE01152001T03MT01EBS001H034152UZPE01152001T03MT01EBS001H0341F0341|52UZPE01152001T03MT01EBS001H034152UZPE01152001T03MT01EBS001H0341F0341CC59814167
3|1145|JULIO|CESAR|SANCHES|CABRERA|CC|98138306|1984-02-15|1|2|6|9510|3|1||7|07|||8|70.0|161|||2||||||||||||52UZPE01152001T03MT01EBS001H034152UZPE01152001T03MT01EBS001H0341F0341|52UZPE01152001T03MT01EBS001H034152UZPE01152001T03MT01EBS001H0341F0341CC98138306
3|1146|DIANA|PATRICIA|VILLOTA|ALVAREZ|CC|30739159|1966-10-31|2|2|6|9998|3|1||7|07|||8|55.0|153|||2||||||||||||52UZPE01152001T03MT01EBS001H034252UZPE01152001T03MT01EBS001H0342F0342|52UZPE01152001T03MT01EBS001H034252UZPE01152001T03MT01EBS001H0342F0342CC30739159
3|1147|ESTELLA|DELSOCORRO|DIAZ|AVILA|CC|30705912|1953-08-09|2|2|6|9998|3|1||3|07|||8|73.0|155|||2||||||||||||52UZPE01152001T03MT01EBS001H034552UZPE01152001T03MT01EBS001H0345F0345|52UZPE01152001T03MT01EBS001H034552UZPE01152001T03MT01EBS001H0345F0345CC30705912
3|1148|VIVIANA|DELCARMEN|IRUA|PINCHAO|CC|1085262091|1987-09-05|2|2|6|9510|3|1||7|07|||8|60.0|150|||2||||||||||||52UZPE01152001T03MT01EBS001H034652UZPE01152001T03MT01EBS001H0346F0346|52UZPE01152001T03MT01EBS001H034652UZPE01152001T03MT01EBS001H0346F0346CC1085262091
3|1149|OLGA|LUCIA|JAGUANDOY|NASPIRAN|CC|59814500|1970-03-07|2|2|6|9622|3|1||7|07|||8|60.0|150|||2||||||||||||52UZPE01152001T03MT01EBS001H034752UZPE01152001T03MT01EBS001H0347F0347|52UZPE01152001T03MT01EBS001H034752UZPE01152001T03MT01EBS001H0347F0347CC59814500
3|1150|MIGUEL|ANGEL|JAGUANDOY|NA|CC|5794800|1940-01-12|1|2|6|9998|3|1||3|07|||8|54.0|150|||2||||||||||||52UZPE01152001T03MT01EBS001H034752UZPE01152001T03MT01EBS001H0347F0347|52UZPE01152001T03MT01EBS001H034752UZPE01152001T03MT01EBS001H0347F0347CC5794800
3|1151|VANESA|MILENA|PAZ|GUACAL|CC|1085322347|1995-07-01|2|2|6|9998|3|1||7|07|||8|72.0|161|||2||||||||||||52UZPE01152001T03MT01EBS001H034952UZPE01152001T03MT01EBS001H0349F0349|52UZPE01152001T03MT01EBS001H034952UZPE01152001T03MT01EBS001H0349F0349CC1085322347
3|1152|JERSON|JAVIER|GALARA|ENRIQUEZ|CC|108533715|1997-09-16|1|2|6|5169|3|1||7|07|||8|65.0|166|||2||||||||||||52UZPE01152001T03MT01EBS001H035152UZPE01152001T03MT01EBS001H0351F0351|52UZPE01152001T03MT01EBS001H035152UZPE01152001T03MT01EBS001H0351F0351CC108533715
3|1153|ANGIE|DANIELA|HURTADO|HIDALGO|CC|1004508462|2002-02-02|2|1|6|9998|3|1||6|07|||8|70.0|163|||2||||||||||||52UZPE01152001T03MT01EBS001H035052UZPE01152001T03MT01EBS001H0350F0350|52UZPE01152001T03MT01EBS001H035052UZPE01152001T03MT01EBS001H0350F0350CC1004508462
3|1154|DOLORES|INES|MARTINEZ|ROMAN|CC|27077400|1946-05-03|2|2|6|9998|3|2||3|07|||8|55.0|150|||2||||||||||||52UZPE01152001T03MT01EBS001H035252UZPE01152001T03MT01EBS001H0352F0352|52UZPE01152001T03MT01EBS001H035252UZPE01152001T03MT01EBS001H0352F0352CC27077400
3|1155|MONICA|NA|LOPEZ|MARTINEZ|CC|36951849|1980-12-24|2|2|6|9622|3|1||7|07|||8|67.0|160|||2||||||||||||52UZPE01152001T03MT01EBS001H035252UZPE01152001T03MT01EBS001H0352F0352|52UZPE01152001T03MT01EBS001H035252UZPE01152001T03MT01EBS001H0352F0352CC36951849
3|1156|JUAN|CARLOS|MARTINEZ|MUNOZ|CC|98393759|1975-12-20|1|2|5|9622|2|1||7|07|||8|78.0|170|||2||||||||||||52UZPE01152001T03MT01EBS001H035252UZPE01152001T03MT01EBS001H0352F0352|52UZPE01152001T03MT01EBS001H035252UZPE01152001T03MT01EBS001H0352F0352CC98393759
3|1157|JULIETH|ANDREA|MARTINEZ|LOPEZ|CC|1193034137|2002-05-21|2|2|6|9998|3|1||7|07|||8|63.0|169|||2||||||||||||52UZPE01152001T03MT01EBS001H035252UZPE01152001T03MT01EBS001H0352F0352|52UZPE01152001T03MT01EBS001H035252UZPE01152001T03MT01EBS001H0352F0352CC1193034137
3|1158|VICTOR|ANTONIO|CADENA|DIAZ|CC|12983554|1964-12-23|1|2|6|9510|3|2||3|07|||8|78.0|170|||2||||||||||||52UZPE01152001T03MT01EBS001H035352UZPE01152001T03MT01EBS001H0353F0353|52UZPE01152001T03MT01EBS001H035352UZPE01152001T03MT01EBS001H0353F0353CC12983554
3|1159|ELIA|ESPERANZA|BENAVIDES|NA|CC|27221351|1978-03-07|2|2|6|9622|3|2||7|07|||8|62.0|154|||2||||||||||||52UZPE01152001T03MT01EBS001H035452UZPE01152001T03MT01EBS001H0354F0354|52UZPE01152001T03MT01EBS001H035452UZPE01152001T03MT01EBS001H0354F0354CC27221351
3|1160|YINETH|CAMILA|BASTIDAS|BENAVIDES|CC|1089844581|2005-03-27|2|2|6|9998|3|1||7|07|||8|61.0|160|||2||||||||||||52UZPE01152001T03MT01EBS001H035452UZPE01152001T03MT01EBS001H0354F0354|52UZPE01152001T03MT01EBS001H035452UZPE01152001T03MT01EBS001H0354F0354CC1089844581
3|1161|JENIFER|VANESA|DIAS|BENAVIDES|CC|1085250918|2004-07-30|2|2|6|9998|3|1||7|07|||8|62.0|164|||2||||||||||||52UZPE01152001T03MT01EBS001H035552UZPE01152001T03MT01EBS001H0355F0355|52UZPE01152001T03MT01EBS001H035552UZPE01152001T03MT01EBS001H0355F0355CC1085250918
3|1162|GERARDO|MARCOANTONIO|SANTACRUZ|SANTACRUZ|CC|12952581|1945-09-13|1|2|6|9998|3|1||3|07|||8|82.0|170|||2||||||||||||52UZPE01152001T03MT01EBS001H035652UZPE01152001T03MT01EBS001H0356F0356|52UZPE01152001T03MT01EBS001H035652UZPE01152001T03MT01EBS001H0356F0356CC12952581
3|1163|AMPARO|DELSOCORRO|DESANTACRUZ|SALSEDO|CC|27079416|1950-09-05|2|2|6|9998|3|1||3|07|||8|56.0|145|||2||||||||||||52UZPE01152001T03MT01EBS001H035652UZPE01152001T03MT01EBS001H0356F0356|52UZPE01152001T03MT01EBS001H035652UZPE01152001T03MT01EBS001H0356F0356CC27079416
3|1164|GLORIA|PILAR|ACOSTA|RODRIGUEZ|CC|36753701|1975-08-14|2|2|6|9999|3|1||7|07|||8|42.0|150|||2||||||||||||52UZPE01152001T03MT01EBS001H035752UZPE01152001T03MT01EBS001H0357F0357|52UZPE01152001T03MT01EBS001H035752UZPE01152001T03MT01EBS001H0357F0357CC36753701
3|1165|JYMY|JEIMAN|DELGADO|RODRIGUEZ|CC|98388605|1975-07-14|1|2|6|9999|3|5||7|07|||8|45.0|165|||2||||||||||||52UZPE01152001T03MT01EBS001H035752UZPE01152001T03MT01EBS001H0357F0357|52UZPE01152001T03MT01EBS001H035752UZPE01152001T03MT01EBS001H0357F0357CC98388605
3|1166|CONCEPCION|NINGUNO|VILLAREAL|GONZALES|CC|30701730|1950-12-27|2|2|6|5169|3|2||3|07|||8|55.0|155|||2||||||||||||52UZPE01152001T03MT01EBS001H035852UZPE01152001T03MT01EBS001H0358F0358|52UZPE01152001T03MT01EBS001H035852UZPE01152001T03MT01EBS001H0358F0358CC30701730
3|1167|MARIA|EUGENIA|BASTIDAS|BASTIDAS|CC|30734820|1965-08-24|2|2|6|9510|3|1||7|07|||8|95.0|164|||2||||||||||||52UZPE01152001T03MT01EBS001H035952UZPE01152001T03MT01EBS001H0359F0359|52UZPE01152001T03MT01EBS001H035952UZPE01152001T03MT01EBS001H0359F0359CC30734820
3|1168|PAOLA|ANDREA|BELLO|JAGUANDOY|CC|1085303680|1993-03-31|2|2|6|5169|3|1||7|07|||8|51.0|155|||2||||||||||||52UZPE01152001T03MT01EBS001H034852UZPE01152001T03MT01EBS001H0348F0348|52UZPE01152001T03MT01EBS001H034852UZPE01152001T03MT01EBS001H0348F0348CC1085303680
3|1169|GUILLERMO|EDMUNDO|SOLARTE|NA|CC|1798204|1935-09-01|1|2|6|9998|3|1||3|07|||8|72.0|170|||2||||||||||||52UZPE01152001T03MT01EBS001H036052UZPE01152001T03MT01EBS001H0360F0360|52UZPE01152001T03MT01EBS001H036052UZPE01152001T03MT01EBS001H0360F0360CC1798204
3|1170|DEJESUS|LUCIA|ESCOBAR|NA|CC|307013686|1958-03-15|2|2|6|9622|3|1||3|07|||8|68.0|149|||2||||||||||||52UZPE01152001T03MT01EBS001H036052UZPE01152001T03MT01EBS001H0360F0360|52UZPE01152001T03MT01EBS001H036052UZPE01152001T03MT01EBS001H0360F0360CC307013686
3|1171|LUZ|MARINA|ORTEGA|NA|CC|30723052|1955-12-15|2|2|6|9998|3|1||3|07|||8|50.0|148|||2||||||||||||52UZPE01152001T03MT01EBS001H036152UZPE01152001T03MT01EBS001H0361F0361|52UZPE01152001T03MT01EBS001H036152UZPE01152001T03MT01EBS001H0361F0361CC30723052
3|1172|NIRIAN|NINGUNO|PEREZ|NINGUNO|CC|30734070|1960-02-05|2|2|6|9998|3|1||3|07|||8|76.0|154|||2||||||||||||52UZPE01152001T03MT01EBS001H036252UZPE01152001T03MT01EBS001H0362F0362|52UZPE01152001T03MT01EBS001H036252UZPE01152001T03MT01EBS001H0362F0362CC30734070
3|1173|MARCO|ANTONIO|PANTOJA|MINO|CC|9830069|1956-09-01|1|2|6|9998|3|1||3|07|||8|65.0|156|||2||||||||||||52UZPE01152001T03MT01EBS001H036252UZPE01152001T03MT01EBS001H0362F0362|52UZPE01152001T03MT01EBS001H036252UZPE01152001T03MT01EBS001H0362F0362CC9830069
3|1174|LUCI|ESTELA|CABRERA|DECALVACHE|CC|30718318|1960-06-01|2|2|6|9998|3|2||3|07|||8|68.0|155|||2||||||||||||52UZPE01152001T03MT01EBS001H036352UZPE01152001T03MT01EBS001H0363F0363|52UZPE01152001T03MT01EBS001H036352UZPE01152001T03MT01EBS001H0363F0363CC30718318
3|1175|LEONARDO|EVELIO|CALVACHE|NINGUNO|CC|12965123|1955-02-22|1|2|6|9998|3|2||3|07|||8|81.0|175|||2||||||||||||52UZPE01152001T03MT01EBS001H036352UZPE01152001T03MT01EBS001H0363F0363|52UZPE01152001T03MT01EBS001H036352UZPE01152001T03MT01EBS001H0363F0363CC12965123
3|1176|ANA|RITA|CUASTUMAL|OBANDO|CC|27219602|1960-10-22|2|2|6|9510|3|1||3|07|||8|61.0|150|||2||||||||||||52UZPE01152001T03MT01EBS001H036952UZPE01152001T03MT01EBS001H0369F0369|52UZPE01152001T03MT01EBS001H036952UZPE01152001T03MT01EBS001H0369F0369CC27219602
3|1177|EDITH|DELCARMEN|JIMENEZ|DIAZ|CC|1004547982|1987-04-27|2|2|6|5169|3|2||7|07|||8|56.0|158|||2||||||||||||52UZPE01152001T03MT03EBS001H037152UZPE01152001T03MT03EBS001H0371F0371|52UZPE01152001T03MT03EBS001H037152UZPE01152001T03MT03EBS001H0371F0371CC1004547982
3|1178|CARLOS|FRANCISCO|CHAVEZ|LOPEZ|CC|13068993|1978-09-04|1|2|6|9510|3|1||7|07|||8|85.0|176|||2||||||||||||52UZPE01152001T03MT03EBS001H037352UZPE01152001T03MT03EBS001H0373F0373|52UZPE01152001T03MT03EBS001H037352UZPE01152001T03MT03EBS001H0373F0373CC13068993
3|1179|ALBA|STELLA|MUTIZ|DECORAL|CC|27076787|1945-06-10|2|2|6|9998|3|1||3|07|||8|65.0|140|||2||||||||||||52UZPE01152001T03MT01EBS001H037652UZPE01152001T03MT01EBS001H0376F0376|52UZPE01152001T03MT01EBS001H037652UZPE01152001T03MT01EBS001H0376F0376CC27076787
3|1180|SANDRA|MAGALY|BURGOS|POZAS|CC|36954176|1981-08-08|2|2|6|9998|3|2||7|07|||8|66.0|160|||2||||||||||||52UZPE01152001T03MT01EBS001H037952UZPE01152001T03MT01EBS001H0379F0379|52UZPE01152001T03MT01EBS001H037952UZPE01152001T03MT01EBS001H0379F0379CC36954176
3|1181|ANGELA|GABRIELA|DIAZ|GILON|CC|1084459737|1995-05-03|2|2|6|9999|3|1||7|07|||8|60.0|162|||2||||||||||||52UZPE01152001T03MT01EBS001H038052UZPE01152001T03MT01EBS001H0380F0380|52UZPE01152001T03MT01EBS001H038052UZPE01152001T03MT01EBS001H0380F0380CC1084459737
3|1182|ELMER|RODRIGO|DIAZ|GILON|CC|1089459561|1994-01-21|1|2|6|9999|3|1||7|07|||8|70.0|170|||2||||||||||||52UZPE01152001T03MT01EBS001H038052UZPE01152001T03MT01EBS001H0380F0380|52UZPE01152001T03MT01EBS001H038052UZPE01152001T03MT01EBS001H0380F0380CC1089459561
3|1183|MARIAN|ASTRID|HERNANDEZ|LARA|CC|6944023|1987-05-05|2|2|6|9998|3|1||7|07|||8|68.0|156|||2||||||||||||52UZPE01152001T03MT01EBS001H038152UZPE01152001T03MT01EBS001H0381F0381|52UZPE01152001T03MT01EBS001H038152UZPE01152001T03MT01EBS001H0381F0381CC6944023
3|1184|OSCAR|ARMANDO|CAEZ|DUARTE|CC|98391145|1974-05-07|1|2|4|9510|4|1||7|07|||8|54.0|167|||2||||||||||||52UZPE01152001T03MT01EBS001H038352UZPE01152001T03MT01EBS001H0383F0383|52UZPE01152001T03MT01EBS001H038352UZPE01152001T03MT01EBS001H0383F0383CC98391145
3|1185|CELSO|MARTIN|CAEZ|DUARTE|CC|98400888|1972-07-19|1|2|6|9622|3|1||7|07|||8|68.0|170|||2||||||||||||52UZPE01152001T03MT01EBS001H038352UZPE01152001T03MT01EBS001H0383F0383|52UZPE01152001T03MT01EBS001H038352UZPE01152001T03MT01EBS001H0383F0383CC98400888
3|1186|ROSA|EUGENIA|PINTO|ESPINOSA|CC|30745419|1967-04-04|2|2|6|9998|3|1||7|07|||8|63.0|156|||2||||||||||||52UZPE01152001T03MT03EBS001H038652UZPE01152001T03MT03EBS001H0386F0386|52UZPE01152001T03MT03EBS001H038652UZPE01152001T03MT03EBS001H0386F0386CC30745419
3|1187|DEYBY|OLIVA|PARDO|BOLANOS|CC|1085262605|1986-07-13|2|2|6|9999|3|1||7|07|||8|48.0|154|||2||||||||||||52UZPE01152001T03MT01EBS001H039052UZPE01152001T03MT01EBS001H0390F0390|52UZPE01152001T03MT01EBS001H039052UZPE01152001T03MT01EBS001H0390F0390CC1085262605
3|1188|JOSE|LEONARDO|PARDO|ROSERO|CC|87245273|1958-07-10|1|2|6|9622|3|1||3|07|||8|66.0|168|||2||||||||||||52UZPE01152001T03MT01EBS001H039052UZPE01152001T03MT01EBS001H0390F0390|52UZPE01152001T03MT01EBS001H039052UZPE01152001T03MT01EBS001H0390F0390CC87245273
3|1189|IDA|MARLENNE|BOLANOS|HIDALGO|CC|27276084|1966-01-01|2|2|6|9998|3|1||7|07|||8|60.0|157|||2||||||||||||52UZPE01152001T03MT01EBS001H039052UZPE01152001T03MT01EBS001H0390F0390|52UZPE01152001T03MT01EBS001H039052UZPE01152001T03MT01EBS001H0390F0390CC27276084
3|1190|MARIA|LIGIA|BASTIDAS|MELO|CC|30731899|1966-04-27|2|2|6|9999|3|2||7|07|||8|66.0|155|||2||||||||||||52UZPE01152001T03MT01EBS001H039152UZPE01152001T03MT01EBS001H0391F0391|52UZPE01152001T03MT01EBS001H039152UZPE01152001T03MT01EBS001H0391F0391CC30731899
3|1191|CLAUDIA|LILIANA|DELGADO|NARVAEZ|CC|59836527|1977-02-20|2|2|6|9998|3|1||7|07|||8|61.0|160|||2||||||||||||52UZPE01152001T03MT01EBS001H039352UZPE01152001T03MT01EBS001H0393F0393|52UZPE01152001T03MT01EBS001H039352UZPE01152001T03MT01EBS001H0393F0393CC59836527
3|1192|GERARDO|NOTIENE|DELGADO|CABRERA|CC|5298543|1957-05-05|1|2|6|9998|3|1||3|07|||8|70.0|160|||2||||||||||||52UZPE01152001T03MT01EBS001H039252UZPE01152001T03MT01EBS001H0392F0392|52UZPE01152001T03MT01EBS001H039252UZPE01152001T03MT01EBS001H0392F0392CC5298543
3|1193|ADELAIDA|NOTIENE|NARVAEZ|PAZ|CC|30729667|1948-08-23|2|2|6|9998|3|1||3|07|||8|65.0|162|||2||||||||||||52UZPE01152001T03MT01EBS001H039252UZPE01152001T03MT01EBS001H0392F0392|52UZPE01152001T03MT01EBS001H039252UZPE01152001T03MT01EBS001H0392F0392CC30729667
3|1194|LUIS|FERNANDO|ENRIQUEZ|ZAMUDIO|CC|13069865|1981-03-10|1|2|6|9622|3|1||7|07|||8|80.0|168|||2||||||||||||52UZPE01152001T03MT01EBS001H040452UZPE01152001T03MT01EBS001H0404F0404|52UZPE01152001T03MT01EBS001H040452UZPE01152001T03MT01EBS001H0404F0404CC13069865
3|1195|JULIANA|NINGUNO|ZAMUDIO|NINGUNO|CC|27196886|1951-04-17|2|2|6|9998|3|1||3|07|||8|66.0|158|||2||||||||||||52UZPE01152001T03MT01EBS001H040552UZPE01152001T03MT01EBS001H0405F0405|52UZPE01152001T03MT01EBS001H040552UZPE01152001T03MT01EBS001H0405F0405CC27196886
3|1196|AMALIA|NINGUNO|CABRERA|MELO|CC|27222074|1978-06-02|2|2|6|9998|3|1||7|07|||8|65.0|165|||2||||||||||||52UZPE01152001T03MT01EBS001H040652UZPE01152001T03MT01EBS001H0406F0406|52UZPE01152001T03MT01EBS001H040652UZPE01152001T03MT01EBS001H0406F0406CC27222074
3|1197|CARLOS|NINGUNO|ROMO|MARTINEZ|CC|87532031|1974-08-25|1|2|6|9510|3|1||7|07|||8|85.0|176|||2||||||||||||52UZPE01152001T03MT01EBS001H040652UZPE01152001T03MT01EBS001H0406F0406|52UZPE01152001T03MT01EBS001H040652UZPE01152001T03MT01EBS001H0406F0406CC87532031
3|1198|MIRIAM|NA|MUNOZ|ALVEAR|CC|30726876|1959-10-05|2|2|6|9998|3|2||3|07|||8|68.0|145|||2||||||||||||52UZPE01152001T03MT01EBS001H040052UZPE01152001T03MT01EBS001H0400F0400|52UZPE01152001T03MT01EBS001H040052UZPE01152001T03MT01EBS001H0400F0400CC30726876
3|1199|ROYER|ANDRES|MUNOZ|ALVEAR|CC|1085332514|1996-11-16|1|2|6|9998|3|2||7|07|||8|67.0|164|||2||||||||||||52UZPE01152001T03MT01EBS001H040052UZPE01152001T03MT01EBS001H0400F0400|52UZPE01152001T03MT01EBS001H040052UZPE01152001T03MT01EBS001H0400F0400CC1085332514
3|1200|CARLOS|DANILO|MOLINA|SUAREZ|CC|1085322498|1995-07-02|1|2|6|9510|3|1||7|07|||8|68.0|170|||2||||||||||||52UZPE01152001T03MT01EBS001H040752UZPE01152001T03MT01EBS001H0407F0407|52UZPE01152001T03MT01EBS001H040752UZPE01152001T03MT01EBS001H0407F0407CC1085322498
3|1201|RUT|OMAIRA|SUAREZ|NINGUNO|CC|27079215|1947-09-11|2|2|6|9998|3|1||3|07|||8|43.0|153|||2||||||||||||52UZPE01152001T03MT01EBS001H040852UZPE01152001T03MT01EBS001H0408F0408|52UZPE01152001T03MT01EBS001H040852UZPE01152001T03MT01EBS001H0408F0408CC27079215
3|1202|MARTIN|EMILIO|NARVAEZ|BENAVIDEZ|CC|98379459|1970-08-01|1|2|6|9510|3|1||7|07|||8|71.0|155|||2||||||||||||52UZPE01152001T03MT01EBS001H040952UZPE01152001T03MT01EBS001H0409F0409|52UZPE01152001T03MT01EBS001H040952UZPE01152001T03MT01EBS001H0409F0409CC98379459
3|1203|ANA|MARIA|TONGUINO|DENARVAEZ|CC|27066407|1934-09-14|2|2|6|9998|3|1||3|07|||8|64.0|151|||2||||||||||||52UZPE01152001T03MT01EBS001H041052UZPE01152001T03MT01EBS001H0410F0410|52UZPE01152001T03MT01EBS001H041052UZPE01152001T03MT01EBS001H0410F0410CC27066407
3|1204|OLGA|NINGUNO|LLORENTE|TABLA|CC|59824068|1973-11-09|2|2|6|9622|3|1||7|07|||8|47.0|152|||2||||||||||||52UZPE01152001T03MT01EBS001H041252UZPE01152001T03MT01EBS001H0412F0412|52UZPE01152001T03MT01EBS001H041252UZPE01152001T03MT01EBS001H0412F0412CC59824068
3|1205|IGNACIO|LUBIN|OBANDO|GUERRERO|CC|12975378|1962-03-22|1|2|6|5169|3|2||3|07|||8|72.0|170|||2||||||||||||52UZPE01152001T03MT01EBS001H043252UZPE01152001T03MT01EBS001H0432F0432|52UZPE01152001T03MT01EBS001H043252UZPE01152001T03MT01EBS001H0432F0432CC12975378
3|1206|ISABEL|ROCIO|GUERRERO|ZAMBONI|CC|59821982|1973-05-03|2|2|6|9998|3|1||7|07|||8|88.0|170|||2||||||||||||52UZPE01152001T03MT01EBS001H043352UZPE01152001T03MT01EBS001H0433F0433|52UZPE01152001T03MT01EBS001H043352UZPE01152001T03MT01EBS001H0433F0433CC59821982
3|1207|MARIO|ARMANDO|AYALA|GUERRERO|CC|1085345659|1999-06-12|1|2|6|5169|3|2||7|07|||8|68.0|175|||2||||||||||||52UZPE01152001T03MT01EBS001H043352UZPE01152001T03MT01EBS001H0433F0433|52UZPE01152001T03MT01EBS001H043352UZPE01152001T03MT01EBS001H0433F0433CC1085345659
3|1208|CRISTIAN|CAMILO|YELA|GUERRERO|CC|1085323628|1995-09-23|1|2|6|5169|3|2||7|07|||8|90.0|188|||2||||||||||||52UZPE01152001T03MT01EBS001H043352UZPE01152001T03MT01EBS001H0433F0433|52UZPE01152001T03MT01EBS001H043352UZPE01152001T03MT01EBS001H0433F0433CC1085323628
3|1209|OMAIRA|SOFIA|DELGADO|RODRIGUEZ|CC|30704029|1952-12-28|2|2|6|9998|3|2||3|07|||8|60.0|154|||2||||||||||||52UZPE01152001T03MT01EBS001H043452UZPE01152001T03MT01EBS001H0434F0434|52UZPE01152001T03MT01EBS001H043452UZPE01152001T03MT01EBS001H0434F0434CC30704029
3|1210|BLANCA|ELVIA|TIMARAN|ZAMBRANO|CC|30714666|1956-06-08|2|2|6|9998|3|1||3|07|||8|56.0|154|||2||||||||||||52UZPE01152001T03MT01EBS001H043552UZPE01152001T03MT01EBS001H0435F0435|52UZPE01152001T03MT01EBS001H043552UZPE01152001T03MT01EBS001H0435F0435CC30714666
3|1211|ROSA|INES|GUSTIN|RAMOS|CC|59798016|1968-02-06|2|2|6|9998|3|1||7|07|||8|61.0|152|||2||||||||||||52UZPE01152001T03MT03EBS001H043652UZPE01152001T03MT03EBS001H0436F0436|52UZPE01152001T03MT03EBS001H043652UZPE01152001T03MT03EBS001H0436F0436CC59798016
3|1212|DANNY|SEBASTIAN|SOTELO|ROJAS|CC|1085305328|1993-06-04|1|2|6|5169|3|1||7|07|||8|98.0|164|||2||||||||||||52UZPE01152001T03MT03EBS001H044452UZPE01152001T03MT03EBS001H0444F0444|52UZPE01152001T03MT03EBS001H044452UZPE01152001T03MT03EBS001H0444F0444CC1085305328
3|1213|GLORIA|CECILIA|HOMEZ|GUERRA|CC|30713503|1956-12-08|2|2|6|9998|3|1||3|07|||8|60.0|150|||2||||||||||||52UZPE01152001T03MT03EBS001H044552UZPE01152001T03MT03EBS001H0445F0445|52UZPE01152001T03MT03EBS001H044552UZPE01152001T03MT03EBS001H0445F0445CC30713503
3|1214|LIDIA|DELCARMEN|GOMEZ|GUERRA|CC|59825297|1958-04-09|2|2|6|9998|3|2||3|07|||8|72.0|145|||2||||||||||||52UZPE01152001T03MT03EBS001H044552UZPE01152001T03MT03EBS001H0445F0445|52UZPE01152001T03MT03EBS001H044552UZPE01152001T03MT03EBS001H0445F0445CC59825297
3|1215|JAVIER|ORLANDO|GOMEZ|NA|CC|98395150|1976-09-02|1|2|6|5169|3|2||7|07|||8|70.0|167|||2||||||||||||52UZPE01152001T03MT03EBS001H044652UZPE01152001T03MT03EBS001H0446F0446|52UZPE01152001T03MT03EBS001H044652UZPE01152001T03MT03EBS001H0446F0446CC98395150
3|1216|RUBEN|DARIO|GOMEZ|TERAN|CC|1080041351|2004-06-25|1|2|6|9998|3|2||7|07|||8|60.0|174|||2||||||||||||52UZPE01152001T03MT03EBS001H044652UZPE01152001T03MT03EBS001H0446F0446|52UZPE01152001T03MT03EBS001H044652UZPE01152001T03MT03EBS001H0446F0446CC1080041351
3|1217|FABIO|CAMILO|CHANAG|NINGUNO|CC|1085336589|1997-09-03|1|2|6|9998|3|1||7|07|||8|58.0|168|||2||||||||||||52UZPE01152001T03MT03EBS001H044752UZPE01152001T03MT03EBS001H0447F0447|52UZPE01152001T03MT03EBS001H044752UZPE01152001T03MT03EBS001H0447F0447CC1085336589
3|1218|CRISTAL|CAROLINA|CARCAMO|RAMIREZ|PT|402320253|1996-08-23|2|2|6|9998|3|2||7|07|||8|67.0|170|||2||||||||||||52UZPE01152001T03MT03EBS001H044852UZPE01152001T03MT03EBS001H0448F0448|52UZPE01152001T03MT03EBS001H044852UZPE01152001T03MT03EBS001H0448F0448PT402320253
3|1219|ANDRES|NINGUNO|SUAREZ|GOMEZ|CC|1085297397|1992-01-24|1|2|6|9622|3|1||7|07|||8|76.0|172|||2||||||||||||52UZPE01152001T03MT03EBS001H044852UZPE01152001T03MT03EBS001H0448F0448|52UZPE01152001T03MT03EBS001H044852UZPE01152001T03MT03EBS001H0448F0448CC1085297397
3|1220|FRANCO|ELIECER|DELGADO|ARCOS|CC|5197430|1941-07-07|1|2|6|9998|3|1||3|07|||8|52.0|157|||2||||||||||||52UZPE01152001T03MT03EBS001H044952UZPE01152001T03MT03EBS001H0449F0449|52UZPE01152001T03MT03EBS001H044952UZPE01152001T03MT03EBS001H0449F0449CC5197430
3|1221|AMILVIA|NOTIENE|MUNOZ|TORO|CC|30711651|1958-09-02|2|2|6|9998|3|1||3|07|||8|73.2|153|||2||||||||||||52UZPE01152001T03MT03EBS001H045252UZPE01152001T03MT03EBS001H0452F0452|52UZPE01152001T03MT03EBS001H045252UZPE01152001T03MT03EBS001H0452F0452CC30711651
3|1222|FRANCISCO|ROMAN|MONTEZUMA|NA|CC|87571012|1965-02-23|1|2|6|9622|3|1||3|07|||8|63.3|174|||2||||||||||||52UZPE01152001T03MT03EBS001H045052UZPE01152001T03MT03EBS001H0450F0450|52UZPE01152001T03MT03EBS001H045052UZPE01152001T03MT03EBS001H0450F0450CC87571012
3|1223|PIEDAD|DELSOCORRO|VASQUEZ|NA|CC|27433951|1966-01-18|2|2|6|9998|3|1||7|07|||8|66.2|144|||2||||||||||||52UZPE01152001T03MT03EBS001H045052UZPE01152001T03MT03EBS001H0450F0450|52UZPE01152001T03MT03EBS001H045052UZPE01152001T03MT03EBS001H0450F0450CC27433951
3|1224|JUAN|GABRIEL|ARCOS|PANTOJA|CC|12747197|1979-08-01|1|2|6|9622|3|2||7|07|||8|65.0|169|||2||||||||||||52UZPE01152001T03MT03EBS001H045352UZPE01152001T03MT03EBS001H0453F0453|52UZPE01152001T03MT03EBS001H045352UZPE01152001T03MT03EBS001H0453F0453CC12747197
3|1225|MIRIAN|VICTORIA|ROSERO|RODRIGUEZ|CC|30742103|1970-04-09|2|2|6|9998|3|1||7|07|||8|72.7|159|||2||||||||||||52UZPE01152001T03MT03EBS001H045352UZPE01152001T03MT03EBS001H0453F0453|52UZPE01152001T03MT03EBS001H045352UZPE01152001T03MT03EBS001H0453F0453CC30742103
3|1226|MARIA|DELCARMEN|VILLOTA|CASTRO|CC|27078260|1950-06-27|2|2|6|9998|3|2||3|07|||8|67.0|157|||2||||||||||||52UZPE01152001T03MT03EBS001H045452UZPE01152001T03MT03EBS001H0454F0454|52UZPE01152001T03MT03EBS001H045452UZPE01152001T03MT03EBS001H0454F0454CC27078260
3|1227|RUTH|ODILA|MONTEZUMA|FAJARDO|CC|27430805|1942-03-11|2|2|6|9998|3|1||3|07|||2|45.0|150|||2||||||||||||52UZPE01152001T03MT03EBS001H045152UZPE01152001T03MT03EBS001H0451F0451|52UZPE01152001T03MT03EBS001H045152UZPE01152001T03MT03EBS001H0451F0451CC27430805
3|1228|CARMEN|MELIA|TIMARAN|DIAZ|CC|58815629|1965-03-10|2|2|3|9998|2|1||3|07|||8|56.9|148|||2||||||||||||52UZPE01152001T03MT03EBS001H046652UZPE01152001T03MT03EBS001H0466F0466|52UZPE01152001T03MT03EBS001H046652UZPE01152001T03MT03EBS001H0466F0466CC58815629
3|1229|ISABEL|NA|DIAZ|DETIMARAN|CC|27070926|1944-06-21|2|2|5|9998|2|1||3|07|||8|63.1|150|||2||||||||||||52UZPE01152001T03MT03EBS001H046652UZPE01152001T03MT03EBS001H0466F0466|52UZPE01152001T03MT03EBS001H046652UZPE01152001T03MT03EBS001H0466F0466CC27070926
3|1230|FRANCISCO|JAVIER|BURBANO|LOPEZ|CC|12965605|1957-03-12|1|2|2|9622|3|2||3|07|||8|85.0|170|||2||||||||||||52UZPE01152001T03MT03EBS001H047652UZPE01152001T03MT03EBS001H0476F0476|52UZPE01152001T03MT03EBS001H047652UZPE01152001T03MT03EBS001H0476F0476CC12965605
3|1231|ALBA|LUCY|ROJAS|DEBURBANO|CC|30720903|1958-12-04|2|2|2|9998|3|2||3|07|||8|72.0|165|||2||||||||||||52UZPE01152001T03MT03EBS001H047652UZPE01152001T03MT03EBS001H0476F0476|52UZPE01152001T03MT03EBS001H047652UZPE01152001T03MT03EBS001H0476F0476CC30720903
3|1232|MARIA|DELSOCORRO|DELGADO|VENEGAS|CC|27057006|1936-10-16|2|2|5|9998|3|2||3|07|||8|70.0|165|||2||||||||||||52UZPE01152001T03MT03EBS001H047752UZPE01152001T03MT03EBS001H0477F0477|52UZPE01152001T03MT03EBS001H047752UZPE01152001T03MT03EBS001H0477F0477CC27057006
3|1233|YANETH|CAROLA|BURBANO|ROJAS|CC|27088224|1977-03-01|2|2|5|5169|3|2||7|07|||8|70.0|160|||2||||||||||||52UZPE01152001T03MT03EBS001H047852UZPE01152001T03MT03EBS001H0478F0478|52UZPE01152001T03MT03EBS001H047852UZPE01152001T03MT03EBS001H0478F0478CC27088224
3|1234|DAVID|SANTIAGO|SARASTY|BURBANO|CC|1080045610|2005-06-06|1|2|3|9998|3|2||7|07|||8|59.0|175|||2||||||||||||52UZPE01152001T03MT03EBS001H047852UZPE01152001T03MT03EBS001H0478F0478|52UZPE01152001T03MT03EBS001H047852UZPE01152001T03MT03EBS001H0478F0478CC1080045610
3|1235|BERNARDINO|NOTIENE|BURBANO|GOMEZ|CC|12968990|1952-05-20|1|2|4|9622|13|1||3|07|||8|78.0|173|||2||||||||||||52UZPE01152001T03MT03EBS001H047952UZPE01152001T03MT03EBS001H0479F0479|52UZPE01152001T03MT03EBS001H047952UZPE01152001T03MT03EBS001H0479F0479CC12968990
3|1236|EDGAR|ALVEIRO|PATINO|INSUASTY|CC|13071819|1975-05-05|1|2|3|9622|3|2||7|07|||8|84.0|180|||2||||||||||||52UZPE01152001T03MT03EBS001H048052UZPE01152001T03MT03EBS001H0480F0480|52UZPE01152001T03MT03EBS001H048052UZPE01152001T03MT03EBS001H0480F0480CC13071819
3|1237|LUCY|ALICIA|LASSO|BURBANO|CC|30704785|1965-07-06|2|2|1|9622|3|2||7|07|||8|40.0|160|||2||||||||||||52UZPE01152001T03MT03EBS001H048152UZPE01152001T03MT03EBS001H0481F0481|52UZPE01152001T03MT03EBS001H048152UZPE01152001T03MT03EBS001H0481F0481CC30704785
3|1238|MARIA|NINGUNO|DELGAOD|JURADO|CC|1193030355|2001-01-02|2|2|3|9998|9|1||7|07|||8|76.0|163|||2||||||||||||52UZPE01152001T03MT03EBS001H048252UZPE01152001T03MT03EBS001H0482F0482|52UZPE01152001T03MT03EBS001H048252UZPE01152001T03MT03EBS001H0482F0482CC1193030355
3|1239|CLARA|GRACIELA|LLORENTE|RAMIREZ|CC|27072460|1946-08-03|2|2|4|9998|2|1||3|07|||8|48.0|152|||2||||||||||||52UZPE01152001T03MT03EBS001H048352UZPE01152001T03MT03EBS001H0483F0483|52UZPE01152001T03MT03EBS001H048352UZPE01152001T03MT03EBS001H0483F0483CC27072460
3|1240|MARIA|ADELA|GUANCHA|NINGUNO|CC|30715272|1962-11-22|2|2|5|9510|2|1||3|07|||8|51.0|153|||2||||||||||||52UZPE01152001T03MT03EBS001H048452UZPE01152001T03MT03EBS001H0484F0484|52UZPE01152001T03MT03EBS001H048452UZPE01152001T03MT03EBS001H0484F0484CC30715272
3|1241|YURANI|CAROLINA|CANAR|PASCITANA|CC|1086017008|1987-08-08|2|2|5|9998|2|1||7|07|||8|57.5|153|||2||||||||||||52UZPE01152001T03MT03EBS001H046752UZPE01152001T03MT03EBS001H0467F0467|52UZPE01152001T03MT03EBS001H046752UZPE01152001T03MT03EBS001H0467F0467CC1086017008
3|1242|ANDRES|FELIPE|GUERRERO|CANAR|TI|1086017301|2007-03-20|1|2|3|9998|5|1||7|07|||8|68.0|166|||2||||||||||||52UZPE01152001T03MT03EBS001H046752UZPE01152001T03MT03EBS001H0467F0467|52UZPE01152001T03MT03EBS001H046752UZPE01152001T03MT03EBS001H0467F0467TI1086017301
3|1243|YONIAR|HERNANDO|DECRUZ|TIMARAN|CC|1085345755|1989-06-18|1|2|4|9998|3|1||7|07|||8|60.7|156|||2||||||||||||52UZPE01152001T03MT03EBS001H046852UZPE01152001T03MT03EBS001H0468F0468|52UZPE01152001T03MT03EBS001H046852UZPE01152001T03MT03EBS001H0468F0468CC1085345755
3|1244|ANGIE|ELIZABETH|DELACRUZ|TIMARAN|CC|1085338247|1998-12-04|2|2|4|9998|3|1||7|07|||8|72.0|155|||2||||||||||||52UZPE01152001T03MT03EBS001H046852UZPE01152001T03MT03EBS001H0468F0468|52UZPE01152001T03MT03EBS001H046852UZPE01152001T03MT03EBS001H0468F0468CC1085338247
3|1245|ANA|ALEJANDRINA|NARVAEZ|GONZALES|CC|30712880|1959-02-02|2|2|5|9998|1|1||3|07|||8|74.0|160|||2||||||||||||52UZPE01152001T03MT03EBS001H048552UZPE01152001T03MT03EBS001H0485F0485|52UZPE01152001T03MT03EBS001H048552UZPE01152001T03MT03EBS001H0485F0485CC30712880
3|1246|JULIO|HUMBERTO|ROSAS|LEITON|CC|12967315|1969-07-07|1|2|2|9999|2|1||7|07|||8|78.0|162|||2||||||||||||52UZPE01152001T03MT03EBS001H048552UZPE01152001T03MT03EBS001H0485F0485|52UZPE01152001T03MT03EBS001H048552UZPE01152001T03MT03EBS001H0485F0485CC12967315
3|1247|AURA|MARINA|NARVAEZ|GONZALES|CC|27080208|1924-07-07|2|2|1|9998|2|1||3|07|||8|39.0|150|||2||||||||||||52UZPE01152001T03MT03EBS001H048652UZPE01152001T03MT03EBS001H0486F0486|52UZPE01152001T03MT03EBS001H048652UZPE01152001T03MT03EBS001H0486F0486CC27080208
3|1248|JOHANA|UDERIA|CARRENO|ROSAS|CC|10812704070|2004-12-20|2|2|3|9999|3|2||7|07|||8|55.0|160|||2||||||||||||52UZPE01152001T03MT03EBS001H048752UZPE01152001T03MT03EBS001H0487F0487|52UZPE01152001T03MT03EBS001H048752UZPE01152001T03MT03EBS001H0487F0487CC10812704070
3|1249|JOHANA|NATHALI|ROSAS|NARVAEZ|CC|1085246719|1985-09-16|1|2|1|9998|2|1||7|07|||8|55.0|160|||2||||||||||||52UZPE01152001T03MT03EBS001H048752UZPE01152001T03MT03EBS001H0487F0487|52UZPE01152001T03MT03EBS001H048752UZPE01152001T03MT03EBS001H0487F0487CC1085246719
3|1250|RUTH|PATRICIA|DELGADO|ESPANA|CC|30713220|1959-04-19|2|2|3|9998|3|2||3|07|||8|59.0|148|||2||||||||||||52UZPE01152001T03MT01EBS001H049052UZPE01152001T03MT01EBS001H0490F0490|52UZPE01152001T03MT01EBS001H049052UZPE01152001T03MT01EBS001H0490F0490CC30713220
3|1251|MARTA|LUCIA|MARTINEZ|SALAZAR|CC|43870024|1980-04-16|2|2|1|5169|9|2||7|07|||8|65.0|156|||2||||||||||||52UZPE01152001T03MT01EBS001H049152UZPE01152001T03MT01EBS001H0491F0491|52UZPE01152001T03MT01EBS001H049152UZPE01152001T03MT01EBS001H0491F0491CC43870024
3|1252|JESUS|ANTONIO|DORADO|VILLOTA|CC|12747799|1978-11-07|1|2|6|5169|7|2||7|07|||8|68.0|170|||2||||||||||||52UZPE01152001T03MT01EBS001H049252UZPE01152001T03MT01EBS001H0492F0492|52UZPE01152001T03MT01EBS001H049252UZPE01152001T03MT01EBS001H0492F0492CC12747799
3|1253|YANET|DELCARMEN|PATINO|DEJURADO|CC|30724681|1962-08-26|2|2|1|9622|3|1||3|07|||8|61.3|159|||2||||||||||||52UZPE01152001T03MT01EBS001H049352UZPE01152001T03MT01EBS001H0493F0493|52UZPE01152001T03MT01EBS001H049352UZPE01152001T03MT01EBS001H0493F0493CC30724681
3|1254|EDISON|GABRIEL|JURADO|PATINO|CC|1085256177|1986-10-26|1|2|1|9510|2|1||7|07|||8|75.0|166|||2||||||||||||52UZPE01152001T03MT01EBS001H049452UZPE01152001T03MT01EBS001H0494F0494|52UZPE01152001T03MT01EBS001H049452UZPE01152001T03MT01EBS001H0494F0494CC1085256177
3|1255|SOCORRO|NOTIENE|MUNOZ|DEERAZO|CC|30707474|1942-02-20|2|2|1|9998|13|5||3|07|||8|56.0|147|||2||||||||||||52UZPE01152001T03MT03EBS001H049552UZPE01152001T03MT03EBS001H0495F0495|52UZPE01152001T03MT03EBS001H049552UZPE01152001T03MT03EBS001H0495F0495CC30707474
3|1256|PEDRO|PABLO|ARCOS|CASTILLO|CC|12984974|1965-06-29|1|2|1|5169|3|2||7|07|||8|74.0|171|||2||||||||||||52UZPE01152001T03MT03EBS001H049752UZPE01152001T03MT03EBS001H0497F0497|52UZPE01152001T03MT03EBS001H049752UZPE01152001T03MT03EBS001H0497F0497CC12984974
3|1257|HERNEY|OSWALD|SEVILLA|PASMINO|CC|12952239|1948-10-12|1|2|1|9510|2|1||3|07|||8|60.0|160|||2||||||||||||52UZPE01152001T03MT01EBS001H050052UZPE01152001T03MT01EBS001H0500F0500|52UZPE01152001T03MT01EBS001H050052UZPE01152001T03MT01EBS001H0500F0500CC12952239
3|1258|EDICTH|NOTIENE|LOZADA|CUELLAR|CC|24615543|1939-07-23|2|2|1|9998|13|2||3|07|||8|62.0|160|||2||||||||||||52UZPE01152001T03MT03EBS001H050152UZPE01152001T03MT03EBS001H0501F0501|52UZPE01152001T03MT03EBS001H050152UZPE01152001T03MT03EBS001H0501F0501CC24615543
3|1259|DALILA|LUCELY|BURBANO|CANAR|CC|1086017694|1990-07-11|2|2|4|9622|3|1||7|07|||8|56.0|155|||2||||||||||||52UZPE01152001T03MT03EBS001H050252UZPE01152001T03MT03EBS001H0502F0502|52UZPE01152001T03MT03EBS001H050252UZPE01152001T03MT03EBS001H0502F0502CC1086017694
3|1260|CAROLINA|ANDREA|BURBANO|CANAR|CC|1192894760|1994-07-19|2|2|4|9622|3|1||7|07|||8|62.0|156|||2||||||||||||52UZPE01152001T03MT03EBS001H050352UZPE01152001T03MT03EBS001H0503F0503|52UZPE01152001T03MT03EBS001H050352UZPE01152001T03MT03EBS001H0503F0503CC1192894760
3|1261|EMERSON|ANTONIO|CARDENAS|GUERRERO|CC|1004232697|1994-07-04|1|2|1|9510|3|1||7|07|||8|65.0|171|||2||||||||||||52UZPE01152001T03MT01EBS001H050652UZPE01152001T03MT01EBS001H0506F0506|52UZPE01152001T03MT01EBS001H050652UZPE01152001T03MT01EBS001H0506F0506CC1004232697
3|1262|ANA|GELTRUDIS|MOLINA|BURBANO|CC|27151498|1948-07-04|2|2|1|9510|3|1||3|07|||8|61.0|149|||2||||||||||||52UZPE01152001T03MT01EBS001H050752UZPE01152001T03MT01EBS001H0507F0507|52UZPE01152001T03MT01EBS001H050752UZPE01152001T03MT01EBS001H0507F0507CC27151498
3|1263|ALVARO|IGNACIO|PORTILLA|BENAVIDES|CC|19295839|1955-01-03|1|2|4|9510|4|1||3|07|||8|57.0|165|||2||||||||||||52UZPE01152001T03MT03EBS001H050852UZPE01152001T03MT03EBS001H0508F0508|52UZPE01152001T03MT03EBS001H050852UZPE01152001T03MT03EBS001H0508F0508CC19295839
3|1264|IVAN|EFREN|PORTILLA|BENAVIDES|CC|12963579|1958-01-25|1|2|1|9510|2|1||3|07|||8|55.0|165|||2||||||||||||52UZPE01152001T03MT03EBS001H050852UZPE01152001T03MT03EBS001H0508F0508|52UZPE01152001T03MT03EBS001H050852UZPE01152001T03MT03EBS001H0508F0508CC12963579
3|1265|JHON|EDUARD|RUIZ|BRAVO|CC|1086359807|1988-11-23|1|2|3|9622|3|1||7|07|||8|70.0|175|||2||||||||||||52UZPE01152001T03MT01EBS001H051352UZPE01152001T03MT01EBS001H0513F0513|52UZPE01152001T03MT01EBS001H051352UZPE01152001T03MT01EBS001H0513F0513CC1086359807
3|1266|KIMBERLY|TATIANA|VILLA|BRAVO|CC|1085320777|1995-04-17|2|2|3|9998|6|1||7|07|||8|55.0|150|||2||||||||||||52UZPE01152001T03MT01EBS001H051452UZPE01152001T03MT01EBS001H0514F0514|52UZPE01152001T03MT01EBS001H051452UZPE01152001T03MT01EBS001H0514F0514CC1085320777
3|1267|GLADIS|DELSOCORRO|BRAVO|GARCIA|CC|30729065|1962-10-12|2|2|5|9998|3|1||3|07|||8|65.0|150|||2||||||||||||52UZPE01152001T03MT01EBS001H051552UZPE01152001T03MT01EBS001H0515F0515|52UZPE01152001T03MT01EBS001H051552UZPE01152001T03MT01EBS001H0515F0515CC30729065
3|1268|MARI|NO|BRAVO|GARCIA|CC|30744638|1968-10-02|2|2|5|9998|3|1||7|07|||8|70.0|170|||2||||||||||||52UZPE01152001T03MT01EBS001H051652UZPE01152001T03MT01EBS001H0516F0516|52UZPE01152001T03MT01EBS001H051652UZPE01152001T03MT01EBS001H0516F0516CC30744638
3|1269|JULIA|ELCIRA|SALAS|SALAS|CC|27055730|1938-02-19|2|2|1|9998|3|2||3|07|||8|57.0|155|||2||||||||||||52UZPE01152001T03MT01EBS001H051852UZPE01152001T03MT01EBS001H0518F0518|52UZPE01152001T03MT01EBS001H051852UZPE01152001T03MT01EBS001H0518F0518CC27055730
3|1270|MARIA|ALEJANDRA|RIASCOS|VILLOTA|CC|1094216059|2002-09-16|2|2|3|9998|3|2||7|07|||8|82.0|167|||2||||||||||||52UZPE01152001T02MT04EBS001H051952UZPE01152001T02MT04EBS001H0519F0519|52UZPE01152001T02MT04EBS001H051952UZPE01152001T02MT04EBS001H0519F0519CC1094216059
3|1271|TERESA|NA|PASTAS|DEGONZALES|CC|27052680|1933-12-31|2|2|1|9998|3|1||3|07|||8|53.0|150|||2||||||||||||52UZPE01152001T02MT04EBS001H052052UZPE01152001T02MT04EBS001H0520F0520|52UZPE01152001T02MT04EBS001H052052UZPE01152001T02MT04EBS001H0520F0520CC27052680
3|1272|ALIRIO|NA|GONZALES|PASTAS|CC|12987708|1966-07-11|1|2|3|5169|9|2||7|07|||8|64.0|168|||2||||||||||||52UZPE01152001T02MT04EBS001H052052UZPE01152001T02MT04EBS001H0520F0520|52UZPE01152001T02MT04EBS001H052052UZPE01152001T02MT04EBS001H0520F0520CC12987708
3|1273|JENNIE|NA|VILLOTA|LOPEZ|CC|59837020|1977-03-16|2|2|5|9998|7|1||7|07|||8|53.0|154|||2||||||||||||52UZPE01152001T02MT04EBS001H052152UZPE01152001T02MT04EBS001H0521F0521|52UZPE01152001T02MT04EBS001H052152UZPE01152001T02MT04EBS001H0521F0521CC59837020
3|1274|LUISA|MARIA|LARA|VILLOTA|CC|1004215985|2002-04-23|2|2|3|9998|9|1||7|07|||8|45.0|155|||2||||||||||||52UZPE01152001T02MT04EBS001H052152UZPE01152001T02MT04EBS001H0521F0521|52UZPE01152001T02MT04EBS001H052152UZPE01152001T02MT04EBS001H0521F0521CC1004215985
3|1275|AMPARO|NA|LOPEZ|RIASCOS|CC|30725504|1948-04-13|2|2|6|9998|3|2||3|07|||8|56.0|155|||2||||||||||||52UZPE01152001T02MT04EBS001H052252UZPE01152001T02MT04EBS001H0522F0522|52UZPE01152001T02MT04EBS001H052252UZPE01152001T02MT04EBS001H0522F0522CC30725504
3|1276|MARIA|IRMA|LOPEZ|RIASCOS|CC|30701442|1951-12-22|2|2|6|9998|8|2||3|07|||8|55.0|155|||2||||||||||||52UZPE01152001T02MT04EBS001H052252UZPE01152001T02MT04EBS001H0522F0522|52UZPE01152001T02MT04EBS001H052252UZPE01152001T02MT04EBS001H0522F0522CC30701442
3|1277|MARIA|EUGENIA|BOLANOS|NA|CC|27146721|1982-05-17|2|2|1|9510|2|1||7|07|||8|88.0|149|||2||||||||||||52UZPE01152001T02MT04EBS001H052352UZPE01152001T02MT04EBS001H0523F0523|52UZPE01152001T02MT04EBS001H052352UZPE01152001T02MT04EBS001H0523F0523CC27146721
3|1278|GLORIA|ESTHER|AGREDA|RUEDA|CC|30713275|1963-07-01|2|2|4|9998|3|1||3|07|||8|49.0|146|||2||||||||||||52UZPE01152001T02MT04EBS001H052452UZPE01152001T02MT04EBS001H0524F0524|52UZPE01152001T02MT04EBS001H052452UZPE01152001T02MT04EBS001H0524F0524CC30713275
3|1279|BERTHA|ELVIRA|AGREDA|RUEDA|CC|30718112|1955-12-10|2|2|1|9998|3|1||3|07|||8|64.0|158|||2||||||||||||52UZPE01152001T02MT04EBS001H052452UZPE01152001T02MT04EBS001H0524F0524|52UZPE01152001T02MT04EBS001H052452UZPE01152001T02MT04EBS001H0524F0524CC30718112
3|1280|MARIA|ELENA|AGREDA|RUEDA|CC|30733642|1966-06-30|2|2|4|9622|3|1||7|07|||8|60.0|159|||2||||||||||||52UZPE01152001T02MT04EBS001H052452UZPE01152001T02MT04EBS001H0524F0524|52UZPE01152001T02MT04EBS001H052452UZPE01152001T02MT04EBS001H0524F0524CC30733642
3|1281|JORGE|ALFREDO|DELGADO|ROSERO|CC|12972813|1959-06-25|1|2|1|9622|5|1||3|07|||8|70.0|163|||2||||||||||||52UZPE01152001T02MT04EBS001H052552UZPE01152001T02MT04EBS001H0525F0525|52UZPE01152001T02MT04EBS001H052552UZPE01152001T02MT04EBS001H0525F0525CC12972813
3|1282|JOSEJUAN|ANTONIO|YELA|NA|CC|5309150|1947-08-16|1|2|1|9510|2|1||3|07|||8|74.0|160|||2||||||||||||52UZPE01152001T02MT04EBS001H052652UZPE01152001T02MT04EBS001H0526F0526|52UZPE01152001T02MT04EBS001H052652UZPE01152001T02MT04EBS001H0526F0526CC5309150
3|1283|RAMIRO|COLON|REYES|VALLEJO|CC|12955121|1947-04-15|1|2|2|9998|3|1||3|07|||8|60.0|168|||2||||||||||||52UZPE01152001T02MT04EBS001H052952UZPE01152001T02MT04EBS001H0529F0529|52UZPE01152001T02MT04EBS001H052952UZPE01152001T02MT04EBS001H0529F0529CC12955121
3|1284|OLGA|DELCARMEN|LASSO|HUERFANO|CC|30702568|1951-01-04|2|2|1|9998|3|1||3|07|||8|88.0|153|||2||||||||||||52UZPE01152001T02MT04EBS001H052952UZPE01152001T02MT04EBS001H0529F0529|52UZPE01152001T02MT04EBS001H052952UZPE01152001T02MT04EBS001H0529F0529CC30702568
3|1285|IRMA|MERCEDES|SANTACRUZ|DEORTIZ|CC|30745610|1963-11-17|2|2|2|9998|3|2||7|07|||8|55.0|153|||2||||||||||||52UZPE01152001T02MT04EBS001H052752UZPE01152001T02MT04EBS001H0527F0527|52UZPE01152001T02MT04EBS001H052752UZPE01152001T02MT04EBS001H0527F0527CC30745610
3|1286|LUIS|EDUARDO|ORTIZ|SANTACRUZ|CC|5199959|1944-06-09|1|2|1|9998|3|2||3|07|||8|63.0|173|||2||||||||||||52UZPE01152001T02MT04EBS001H052752UZPE01152001T02MT04EBS001H0527F0527|52UZPE01152001T02MT04EBS001H052752UZPE01152001T02MT04EBS001H0527F0527CC5199959
3|1287|MARIA|DANIELA|SANTACRUZ|GUERRERO|CC|1085333307|1996-05-23|2|2|1|9622|7|1||6|07|||8|55.0|159|||2||||||||||||52UZPE01152001T02MT04EBS001H052852UZPE01152001T02MT04EBS001H0528F0528|52UZPE01152001T02MT04EBS001H052852UZPE01152001T02MT04EBS001H0528F0528CC1085333307
3|1288|RIQUELMER|NA|ORDONEZ|ZAMBRANO|CC|97471176|1966-09-28|1|2|2|9622|3|2||7|07|||8|65.0|167|||2||||||||||||52UZPE01152001T02MT04EBS001H052852UZPE01152001T02MT04EBS001H0528F0528|52UZPE01152001T02MT04EBS001H052852UZPE01152001T02MT04EBS001H0528F0528CC97471176
3|1289|LILIA|OLIVA|PATINO|CUASES|CC|30745592|1969-01-20|2|2|1|5169|9|2||7|07|||8|61.0|166|||2||||||||||||52UZPE01152001T02MT04EBS001H053052UZPE01152001T02MT04EBS001H0530F0530|52UZPE01152001T02MT04EBS001H053052UZPE01152001T02MT04EBS001H0530F0530CC30745592
3|1290|DEISY|PAOLA|RISSCOS|GAVIRIA|CC|1085244816|1982-12-14|2|2|1|9510|3|1||7|07|||8|74.0|152|||2||||||||||||52UZPE01152001T02MT04EBS001H053152UZPE01152001T02MT04EBS001H0531F0531|52UZPE01152001T02MT04EBS001H053152UZPE01152001T02MT04EBS001H0531F0531CC1085244816
3|1291|EDWARD|NA|CALDERON|BUCHELI|CC|12749135|1979-06-06|1|2|3|9510|7|1||4|07|||1|64.0|168|||2||||||||||||52UZPE01152001T02MT04EBS001H053252UZPE01152001T02MT04EBS001H0532F0532|52UZPE01152001T02MT04EBS001H053252UZPE01152001T02MT04EBS001H0532F0532CC12749135
3|1292|ROSA|HELENA|BUCHELI|ENRRIQUEZ|CC|30718791|1957-12-17|2|2|1|9510|2|1||3|07|||8|48.0|158|||2||||||||||||52UZPE01152001T02MT04EBS001H053352UZPE01152001T02MT04EBS001H0533F0533|52UZPE01152001T02MT04EBS001H053352UZPE01152001T02MT04EBS001H0533F0533CC30718791
3|1293|DAVID|ESTEBAN|GARCIA|TORRES|CC|1085329214|1996-06-07|1|2|3|9510|3|1||7|07|||8|11.0|173|||2||||||||||||52UZPE01152001T02MT04EBS001H053452UZPE01152001T02MT04EBS001H0534F0534|52UZPE01152001T02MT04EBS001H053452UZPE01152001T02MT04EBS001H0534F0534CC1085329214
3|1294|ROSA|CRISTINA|TORRES|GARCIA|CC|59834441|1976-06-20|2|2|1|9510|3|1||7|07|||8|10.6|154|||2||||||||||||52UZPE01152001T02MT04EBS001H053452UZPE01152001T02MT04EBS001H0534F0534|52UZPE01152001T02MT04EBS001H053452UZPE01152001T02MT04EBS001H0534F0534CC59834441
3|1295|MARIA|DELPILAR|GARCIA|NA|CC|30722188|1961-02-07|2|2|2|9510|3|1||3|07|||8|56.0|144|||2||||||||||||52UZPE01152001T02MT04EBS001H053552UZPE01152001T02MT04EBS001H0535F0535|52UZPE01152001T02MT04EBS001H053552UZPE01152001T02MT04EBS001H0535F0535CC30722188
3|1296|VICENTE|NA|BOLIVAR|MEJIA|CC|12963802|1956-04-10|1|2|2|9510|3|1||3|07|||8|62.0|167|||2||||||||||||52UZPE01152001T02MT04EBS001H053552UZPE01152001T02MT04EBS001H0535F0535|52UZPE01152001T02MT04EBS001H053552UZPE01152001T02MT04EBS001H0535F0535CC12963802
3|1297|LUIS|GUILLERMO|VILLOTA|FAJARDO|CC|12960291|1953-03-15|1|2|1|9622|9|2||3|07|||8|92.0|175|||2||||||||||||52UZPE01152001T02MT04EBS001H053652UZPE01152001T02MT04EBS001H0536F0536|52UZPE01152001T02MT04EBS001H053652UZPE01152001T02MT04EBS001H0536F0536CC12960291
3|1298|GERARDO|RICARDO|LASSO|CORONEL|CC|12956173|1951-04-19|1|2|1|9999|3|1||3|07|||8|71.0|175|||2||||||||||||52UZPE01152001T02MT04EBS001H053752UZPE01152001T02MT04EBS001H0537F0537|52UZPE01152001T02MT04EBS001H053752UZPE01152001T02MT04EBS001H0537F0537CC12956173
3|1299|ANA|STELLA|RAMIREZ|MENA|CC|30715218|1960-01-20|2|2|1|9510|3|1||3|07|||8|69.0|160|||2||||||||||||52UZPE01152001T02MT04EBS001H053852UZPE01152001T02MT04EBS001H0538F0538|52UZPE01152001T02MT04EBS001H053852UZPE01152001T02MT04EBS001H0538F0538CC30715218
3|1300|MARIA|INES|CRIOLLO|DEILES|CC|27062360|1921-01-10|2|2|1|9998|1|2||3|07|||1|40.0|140|||2||||||||||||52UZPE01152001T02MT04EBS001H054052UZPE01152001T02MT04EBS001H0540F0540|52UZPE01152001T02MT04EBS001H054052UZPE01152001T02MT04EBS001H0540F0540CC27062360
3|1301|DAYANA|ISABEL|NARVAEZ|URETA|CC|1081055490|2006-11-19|2|2|6|9998|3|5||7|07|||8|54.0|152|||2||||||||||||52UZPE01152001T02MT04EBS001H054152UZPE01152001T02MT04EBS001H0541F0541|52UZPE01152001T02MT04EBS001H054152UZPE01152001T02MT04EBS001H0541F0541CC1081055490
3|1302|HECTOR|RAMIRO|GUEVARA|VALLEJO|CC|12991155|1967-08-04|1|2|1|9622|7|5||7|07|||8|86.0|170|||2||||||||||||52UZPE01152001T02MT04EBS001H054352UZPE01152001T02MT04EBS001H0543F0543|52UZPE01152001T02MT04EBS001H054352UZPE01152001T02MT04EBS001H0543F0543CC12991155
3|1303|SONIA|LORENA|PATINO|CUACES|CC|59831943|1976-02-27|2|2|5|5169|7|2||7|07|||8|60.0|52|||2||||||||||||52UZPE01152001T02MT04EBS001H054352UZPE01152001T02MT04EBS001H0543F0543|52UZPE01152001T02MT04EBS001H054352UZPE01152001T02MT04EBS001H0543F0543CC59831943
3|1304|DIANA|MARCELA|SALCEDO|BURBANO|CC|59314421|1984-08-09|2|2|3|5169|9|2||7|07|||8|58.0|157|||2||||||||||||52UZPE01152001T02MT04EBS001H054452UZPE01152001T02MT04EBS001H0544F0544|52UZPE01152001T02MT04EBS001H054452UZPE01152001T02MT04EBS001H0544F0544CC59314421
3|1305|LIDIA|ROSAURA|BURBANO|DESALCEDO|CC|30717874|1952-08-20|2|2|1|9998|3|1||3|07|||8|73.0|150|||2||||||||||||52UZPE01152001T02MT04EBS001H054452UZPE01152001T02MT04EBS001H0544F0544|52UZPE01152001T02MT04EBS001H054452UZPE01152001T02MT04EBS001H0544F0544CC30717874
3|1306|JUAN|FELIPE|HURTADO|BURBANO|CC|1138524774|2006-03-30|1|2|3|9998|3|2||7|07|||8|67.0|170|||2||||||||||||52UZPE01152001T02MT04EBS001H054552UZPE01152001T02MT04EBS001H0545F0545|52UZPE01152001T02MT04EBS001H054552UZPE01152001T02MT04EBS001H0545F0545CC1138524774
3|1307|ANA|PATRICIA|BURBANO|SALCEDO|CC|59814677|1966-11-17|2|2|3|9998|3|1||7|07|||8|56.0|153|||2||||||||||||52UZPE01152001T02MT04EBS001H054552UZPE01152001T02MT04EBS001H0545F0545|52UZPE01152001T02MT04EBS001H054552UZPE01152001T02MT04EBS001H0545F0545CC59814677
3|1308|EDGAR|EDUARDO|BURBANO|NARVAEZ|CC|5194060|1938-08-07|1|2|5|9998|3|2||3|07|||8|50.0|150|||2||||||||||||52UZPE01152001T02MT04EBS001H054552UZPE01152001T02MT04EBS001H0545F0545|52UZPE01152001T02MT04EBS001H054552UZPE01152001T02MT04EBS001H0545F0545CC5194060
3|1309|MARTA|CECILIA|REVELO|ERAZO|CC|30715364|1959-09-16|2|2|1|9998|3|1||3|07|||8|55.0|152|||2||||||||||||52UZPE01152001T02MT04EBS001H054652UZPE01152001T02MT04EBS001H0546F0546|52UZPE01152001T02MT04EBS001H054652UZPE01152001T02MT04EBS001H0546F0546CC30715364
3|1310|CRISTIAN|DARIO|LOPEZ|REVELO|CC|1004213704|1978-08-30|1|2|3|5169|9|1||7|07|||8|68.0|178|||2||||||||||||52UZPE01152001T02MT04EBS001H054652UZPE01152001T02MT04EBS001H0546F0546|52UZPE01152001T02MT04EBS001H054652UZPE01152001T02MT04EBS001H0546F0546CC1004213704
3|1311|JONATHAN|CAMILO|LOPEZ|REVELO|CC|1085312540|1994-04-05|1|2|3|9998|9|1||7|07|||8|55.0|173|||2||||||||||||52UZPE01152001T02MT04EBS001H054652UZPE01152001T02MT04EBS001H0546F0546|52UZPE01152001T02MT04EBS001H054652UZPE01152001T02MT04EBS001H0546F0546CC1085312540
3|1312|GALO|NA|LOPEZ|MEDINA|CC|12953696|1949-10-22|1|2|2|9998|7|1||3|07|||8|59.0|168|||2||||||||||||52UZPE01152001T02MT04EBS001H054652UZPE01152001T02MT04EBS001H0546F0546|52UZPE01152001T02MT04EBS001H054652UZPE01152001T02MT04EBS001H0546F0546CC12953696
3|1313|SEBASTIAN|ALEXANDER|DIAZ|PAZ|CC|1085343444|1999-01-08|1|2|6|5169|9|2||7|07|||8|76.0|181|||2||||||||||||52UZPE01152001T02MT04EBS001H054752UZPE01152001T02MT04EBS001H0547F0547|52UZPE01152001T02MT04EBS001H054752UZPE01152001T02MT04EBS001H0547F0547CC1085343444
3|1314|GLORIA|AMPARO|BURBANO|DEPAZ|CC|27075776|1948-10-04|2|2|1|9998|3|2||3|07|||8|53.0|157|||2||||||||||||52UZPE01152001T02MT04EBS001H054752UZPE01152001T02MT04EBS001H0547F0547|52UZPE01152001T02MT04EBS001H054752UZPE01152001T02MT04EBS001H0547F0547CC27075776
3|1315|LILIA|MARIA|MORAN|PANTOJA|CC|30746067|1969-10-25|2|2|1|9622|7|1||7|07|||8|82.0|155|||2||||||||||||52UZPE01152001T02MT04EBS001H054852UZPE01152001T02MT04EBS001H0548F0548|52UZPE01152001T02MT04EBS001H054852UZPE01152001T02MT04EBS001H0548F0548CC30746067
3|1316|JOSE|NA|ERASMO|MINAYO|CC|98341311|1964-02-24|1|2|1|9622|3|1||3|07|||8|73.0|168|||2||||||||||||52UZPE01152001T02MT04EBS001H054952UZPE01152001T02MT04EBS001H0549F0549|52UZPE01152001T02MT04EBS001H054952UZPE01152001T02MT04EBS001H0549F0549CC98341311
3|1317|INGREETH|NAYIBE|CADENA|ORTIZ|CC|27082057|1977-12-04|2|2|2|5169|9|2||7|07|||8|71.0|153|||2||||||||||||52UZPE01152001T02MT04EBS001H055052UZPE01152001T02MT04EBS001H0550F0550|52UZPE01152001T02MT04EBS001H055052UZPE01152001T02MT04EBS001H0550F0550CC27082057
3|1318|ANDRES|ARMANDO|MORENO|SEGOVIA|CC|98382896|1971-04-29|1|2|1|5169|9|2||7|07|||8|65.0|167|||2||||||||||||52UZPE01152001T02MT04EBS001H055052UZPE01152001T02MT04EBS001H0550F0550|52UZPE01152001T02MT04EBS001H055052UZPE01152001T02MT04EBS001H0550F0550CC98382896
3|1319|EDWIN|NORBEY|ALVEAR|DELGADO|CC|1121506740|1989-02-11|1|2|1|9622|3|1||7|07|||8|76.0|170|||2||||||||||||52UZPE01152001T02MT04EBS001H055152UZPE01152001T02MT04EBS001H0551F0551|52UZPE01152001T02MT04EBS001H055152UZPE01152001T02MT04EBS001H0551F0551CC1121506740
3|1320|MARI|DELCARMEN|MIRAMAR|CHAMORRO|CC|27470645|1979-01-28|2|2|1|9622|3|1||7|07|||8|58.0|154|||2||||||||||||52UZPE01152001T02MT04EBS001H055252UZPE01152001T02MT04EBS001H0552F0552|52UZPE01152001T02MT04EBS001H055252UZPE01152001T02MT04EBS001H0552F0552CC27470645
3|1321|JOSE|ALEXANDER|AGREDA|PAZ|CC|1122782163|1982-12-20|1|2|2|9622|7|2||7|07|||8|65.0|163|||2||||||||||||52UZPE01152001T02MT04EBS001H055252UZPE01152001T02MT04EBS001H0552F0552|52UZPE01152001T02MT04EBS001H055252UZPE01152001T02MT04EBS001H0552F0552CC1122782163
3|1322|JUAN|SEBASTIAN|PEJENDINO|VALLEJO|CC|1081055375|2007-05-18|1|2|3|9998|3|1||7|07|||8|68.0|172|||2||||||||||||52UZPE01152001T02MT04EBS001H055352UZPE01152001T02MT04EBS001H0553F0553|52UZPE01152001T02MT04EBS001H055352UZPE01152001T02MT04EBS001H0553F0553CC1081055375
3|1323|MIRIAN|DEJESUS|VALLEJO|DIAZ|CC|30737716|1965-12-19|2|2|1|9998|3|1||7|07|||8|54.0|150|||2||||||||||||52UZPE01152001T02MT04EBS001H055352UZPE01152001T02MT04EBS001H0553F0553|52UZPE01152001T02MT04EBS001H055352UZPE01152001T02MT04EBS001H0553F0553CC30737716
3|1324|MARIA|CAMILA|PUMALPA|MENESES|CC|1085329406|1996-04-05|2|2|1|9622|7|2||7|07|||8|73.0|165|||2||||||||||||52UZPE01152001T02MT04EBS001H055552UZPE01152001T02MT04EBS001H0555F0555|52UZPE01152001T02MT04EBS001H055552UZPE01152001T02MT04EBS001H0555F0555CC1085329406
3|1325|JUAN|SEBASTIAN|GUZMAN|CAMACHO|CC|1085289757|1990-06-14|1|2|2|5169|9|2||7|07|||8|76.0|175|||2||||||||||||52UZPE01152001T02MT04EBS001H055752UZPE01152001T02MT04EBS001H0557F0557|52UZPE01152001T02MT04EBS001H055752UZPE01152001T02MT04EBS001H0557F0557CC1085289757
3|1326|SARA|CAROLINA|OSORIO|VILLOTA|CC|1085270201|1988-09-07|2|2|2|9622|9|1||7|07|||8|58.0|160|||2||||||||||||52UZPE01152001T02MT04EBS001H055752UZPE01152001T02MT04EBS001H0557F0557|52UZPE01152001T02MT04EBS001H055752UZPE01152001T02MT04EBS001H0557F0557CC1085270201
3|1327|TERESA|DEJESUS|MENESES|CALVACHE|CC|51900269|1968-04-01|2|2|1|5169|10|2||7|07|||8|75.0|156|||2||||||||||||52UZPE01152001T02MT04EBS001H055652UZPE01152001T02MT04EBS001H0556F0556|52UZPE01152001T02MT04EBS001H055652UZPE01152001T02MT04EBS001H0556F0556CC51900269
3|1328|AMANDA|LUCIA|VILLOTA|ENRRIQUEZ|CC|30746556|1970-05-26|2|2|1|9998|9|2||4|07|||1|76.0|161|||2||||||||||||52UZPE01152001T02MT04EBS001H055852UZPE01152001T02MT04EBS001H0558F0558|52UZPE01152001T02MT04EBS001H055852UZPE01152001T02MT04EBS001H0558F0558CC30746556
3|1329|MARIA|LEONOR|PUMALCA|OBANDO|CC|27077302|1949-01-13|2|2|1|9622|2|1||3|07|||8|67.0|150|||2||||||||||||52UZPE01152001T02MT04EBS001H055952UZPE01152001T02MT04EBS001H0559F0559|52UZPE01152001T02MT04EBS001H055952UZPE01152001T02MT04EBS001H0559F0559CC27077302
3|1330|ROSA|JULIA|PUMALPA|CALVACHE|CC|30729851|1961-08-30|2|2|6|9622|3|1||3|07|||8|63.0|161|||2||||||||||||52UZPE01152001T02MT04EBS001H056052UZPE01152001T02MT04EBS001H0560F0560|52UZPE01152001T02MT04EBS001H056052UZPE01152001T02MT04EBS001H0560F0560CC30729851
3|1331|CARLOS|ANDRES|SOLARTE|FAJARDO|CC|12749156|1978-01-14|1|2|3|9999|3|2||7|07|||8|65.0|165|||2||||||||||||52UZPE01152001T02MT04EBS001H056152UZPE01152001T02MT04EBS001H0561F0561|52UZPE01152001T02MT04EBS001H056152UZPE01152001T02MT04EBS001H0561F0561CC12749156
3|1332|MARIA|GLORIA|FAJARDO|DESOLARTE|CC|30714921|1956-05-26|2|2|1|9998|8|2||3|07|||8|55.0|152|||2||||||||||||52UZPE01152001T02MT04EBS001H056152UZPE01152001T02MT04EBS001H0561F0561|52UZPE01152001T02MT04EBS001H056152UZPE01152001T02MT04EBS001H0561F0561CC30714921
3|1333|GUILLERMO|ENRRIQUE|SOLARTE|NA|CC|17127837|1943-10-31|1|2|2|9998|3|2||3|07|||8|62.0|162|||2||||||||||||52UZPE01152001T02MT04EBS001H056152UZPE01152001T02MT04EBS001H0561F0561|52UZPE01152001T02MT04EBS001H056152UZPE01152001T02MT04EBS001H0561F0561CC17127837
3|1334|JOSE|DAVID|MONCAYO|SOLARTE|CC|1193033062|2001-12-04|1|2|3|9998|3|2||7|07|||8|60.0|168|||2||||||||||||52UZPE01152001T02MT04EBS001H056252UZPE01152001T02MT04EBS001H0562F0562|52UZPE01152001T02MT04EBS001H056252UZPE01152001T02MT04EBS001H0562F0562CC1193033062
3|1335|MARIA|DELSOCORRO|SOLARTE|CHAVES|CC|59828617|1975-05-03|2|2|2|9998|9|2||7|07|||8|58.0|153|||2||||||||||||52UZPE01152001T02MT04EBS001H056252UZPE01152001T02MT04EBS001H0562F0562|52UZPE01152001T02MT04EBS001H056252UZPE01152001T02MT04EBS001H0562F0562CC59828617
3|1336|BLANCA|OLGA|CULTIR|REYNA|CC|27244606|1942-12-20|2|2|1|9999|7|2||3|07|||8|62.0|155|||2||||||||||||52UZPE01152001T02MT04EBS001H056352UZPE01152001T02MT04EBS001H0563F0563|52UZPE01152001T02MT04EBS001H056352UZPE01152001T02MT04EBS001H0563F0563CC27244606
3|1337|MARLON|ALEXANDER|AZA|GUACALES|CC|1004631846|2002-10-14|1|2|1|9622|3|1||7|07|||8|74.0|176|||2||||||||||||52UZPE01152001T02MT04EBS001H056452UZPE01152001T02MT04EBS001H0564F0564|52UZPE01152001T02MT04EBS001H056452UZPE01152001T02MT04EBS001H0564F0564CC1004631846
3|1338|INES|DELCARMEN|ILES|CRIOLLO|CC|30717023|1958-09-28|2|2|3|5169|5|2||3|07|||8|62.0|149|||2||||||||||||52UZPE01152001T02MT04EBS001H054252UZPE01152001T02MT04EBS001H0542F0542|52UZPE01152001T02MT04EBS001H054252UZPE01152001T02MT04EBS001H0542F0542CC30717023
3|1339|TERESA|DEJESUS|ILES|CRIOLLO|CC|30718669|1956-11-21|2|2|3|9998|2|1||3|07|||8|73.0|153|||2||||||||||||52UZPE01152001T02MT04EBS001H053952UZPE01152001T02MT04EBS001H0539F0539|52UZPE01152001T02MT04EBS001H053952UZPE01152001T02MT04EBS001H0539F0539CC30718669
3|1340|SILVIA|LEONOR|JURADO|AGUIRRE|CC|30701067|1951-08-29|2|2|4|9998|3|1||3|07|||8|63.0|148|||2||||||||||||52UZPE01152001T02MT04EBS001H056552UZPE01152001T02MT04EBS001H0565F0565|52UZPE01152001T02MT04EBS001H056552UZPE01152001T02MT04EBS001H0565F0565CC30701067
3|1341|ALICIA|EUGENIA|JURADO|AGUIRRE|CC|30714279|1956-02-25|2|2|4|9998|3|1||3|07|||8|67.0|155|||2||||||||||||52UZPE01152001T02MT04EBS001H056552UZPE01152001T02MT04EBS001H0565F0565|52UZPE01152001T02MT04EBS001H056552UZPE01152001T02MT04EBS001H0565F0565CC30714279
3|1342|MARCELA|EUGENIA|HUERTAS|ROSERO|CC|59819147|1972-11-13|2|2|3|5169|11|2||7|07|||8|63.0|163|||2||||||||||||52UZPE01152001T02MT04EBS001H056652UZPE01152001T02MT04EBS001H0566F0566|52UZPE01152001T02MT04EBS001H056652UZPE01152001T02MT04EBS001H0566F0566CC59819147
3|1343|JOSE|IGNACIO|SANTACRUZ|JURADO|CC|5203084|1948-08-03|1|2|1|9999|3|2||3|07|||8|60.0|165|||2||||||||||||52UZPE01152001T02MT04EBS001H056752UZPE01152001T02MT04EBS001H0567F0567|52UZPE01152001T02MT04EBS001H056752UZPE01152001T02MT04EBS001H0567F0567CC5203084
3|1344|MARIANA|ELIZABETH|MEZIAS|ORBES|CC|1085316996|1994-10-29|2|2|1|9622|7|2||7|07|||8|56.0|160|||2||||||||||||52UZPE01152001T02MT04EBS001H056852UZPE01152001T02MT04EBS001H0568F0568|52UZPE01152001T02MT04EBS001H056852UZPE01152001T02MT04EBS001H0568F0568CC1085316996
3|1345|JUAN|SEBASTIAN|ARIAS|DOMINGUEZ|CC|1034986428|2004-03-17|1|2|3|9998|3|2||7|07|||8|76.0|181|||2||||||||||||52UZPE01152001T02MT04EBS001H056952UZPE01152001T02MT04EBS001H0569F0569|52UZPE01152001T02MT04EBS001H056952UZPE01152001T02MT04EBS001H0569F0569CC1034986428
3|1346|SANDRA|PATRICIA|DOMINGUEZ|DELAROSA|CC|59816580|1972-01-26|2|2|2|9510|9|2||7|07|||8|58.0|168|||2||||||||||||52UZPE01152001T02MT04EBS001H056952UZPE01152001T02MT04EBS001H0569F0569|52UZPE01152001T02MT04EBS001H056952UZPE01152001T02MT04EBS001H0569F0569CC59816580
3|1347|CARLOS|ALBERTO|ARIAS|ASEVEDO|CC|94308927|1970-10-10|1|2|1|5169|8|2||7|07|||8|64.0|170|||2||||||||||||52UZPE01152001T02MT04EBS001H056952UZPE01152001T02MT04EBS001H0569F0569|52UZPE01152001T02MT04EBS001H056952UZPE01152001T02MT04EBS001H0569F0569CC94308927
3|1348|AURA|LEONOR|ROSERO|ESCOBAR|CC|27172571|1951-08-28|2|2|5|9622|1|1||3|07|||2|48.0|150|||2||||||||||||52UZPE01152001T02MT02EBS001H057052UZPE01152001T02MT02EBS001H0570F0570|52UZPE01152001T02MT02EBS001H057052UZPE01152001T02MT02EBS001H0570F0570CC27172571
3|1349|EDISON|YONATAN|ESCOBAR|ROSERO|CC|87069122|1985-02-10|1|2|3|9510|3|1||7|07|||8|78.0|168|||2||||||||||||52UZPE01152001T02MT02EBS001H057052UZPE01152001T02MT02EBS001H0570F0570|52UZPE01152001T02MT02EBS001H057052UZPE01152001T02MT02EBS001H0570F0570CC87069122
3|1350|SERVIO|JHOVANI|ESCOBAR|ROSERO|CC|12745696|1976-03-26|1|2|3|9622|3|1||7|07|||8|75.0|165|||2||||||||||||52UZPE01152001T02MT02EBS001H057052UZPE01152001T02MT02EBS001H0570F0570|52UZPE01152001T02MT02EBS001H057052UZPE01152001T02MT02EBS001H0570F0570CC12745696
3|1351|YARA|AMALIA|CALVACHE|PUETAMAN|CC|27080607|1977-03-16|2|2|3|5169|9|5||7|07|||8|73.0|160|||2||||||||||||52UZPE01152001T02MT02EBS001H057152UZPE01152001T02MT02EBS001H0571F0571|52UZPE01152001T02MT02EBS001H057152UZPE01152001T02MT02EBS001H0571F0571CC27080607
3|1352|ANA|BELEN|SUAREZ|CALVACHE|CC|1004134619|2002-12-03|2|2|3|9998|9|1||7|07|||8|50.0|155|||2||||||||||||52UZPE01152001T02MT02EBS001H057152UZPE01152001T02MT02EBS001H0571F0571|52UZPE01152001T02MT02EBS001H057152UZPE01152001T02MT02EBS001H0571F0571CC1004134619
3|1353|LIGIA|ESPERANZA|PUETAMAN|BOTINA|CC|27069461|1943-02-13|2|2|5|9998|1|1||3|07|||2|59.0|145|||2||||||||||||52UZPE01152001T02MT02EBS001H057152UZPE01152001T02MT02EBS001H0571F0571|52UZPE01152001T02MT02EBS001H057152UZPE01152001T02MT02EBS001H0571F0571CC27069461
3|1354|MARCELO|OLSWALFO|CALDERON|BELALCAZAR|CC|52100779|1945-08-11|1|2|1|9999|3|2||3|07|||8|64.0|168|||2||||||||||||52UZPE01152001T02MT04EBS001H057252UZPE01152001T02MT04EBS001H0572F0572|52UZPE01152001T02MT04EBS001H057252UZPE01152001T02MT04EBS001H0572F0572CC52100779
3|1355|EDUARDO|GABRIEL|DIAZ|OBANDO|CC|98334081|1961-10-19|1|2|2|9622|2|1||3|07|||8|56.0|160|||2||||||||||||52UZPE01152001T02MT04EBS001H057352UZPE01152001T02MT04EBS001H0573F0573|52UZPE01152001T02MT04EBS001H057352UZPE01152001T02MT04EBS001H0573F0573CC98334081
3|1356|JAKELINE|NA|DIAZ|ACOSTA|CC|1086358561|2004-09-30|2|2|3|9998|3|1||7|07|||8|60.0|160|||2||||||||||||52UZPE01152001T02MT04EBS001H057352UZPE01152001T02MT04EBS001H0573F0573|52UZPE01152001T02MT04EBS001H057352UZPE01152001T02MT04EBS001H0573F0573CC1086358561
3|1357|YANETH|DELCARMEN|ACOSTA|NARVAEZ|CC|59122764|1978-01-03|2|2|1|9998|2|1||7|07|||8|66.0|152|||2||||||||||||52UZPE01152001T02MT04EBS001H057352UZPE01152001T02MT04EBS001H0573F0573|52UZPE01152001T02MT04EBS001H057352UZPE01152001T02MT04EBS001H0573F0573CC59122764
3|1358|SEGUNDO|JOSE|OJEDA|MORENO|CC|5253416|1947-12-18|1|2|1|9998|3|2||3|07|||8|73.0|173|||2||||||||||||52UZPE01152001T02MT04EBS001H057452UZPE01152001T02MT04EBS001H0574F0574|52UZPE01152001T02MT04EBS001H057452UZPE01152001T02MT04EBS001H0574F0574CC5253416
3|1359|MARIA|ELENA|AGUILAR|GOMEZ|CC|30717651|1958-03-19|2|2|1|9998|2|1||3|07|||8|63.0|150|||2||||||||||||52UZPE01152001T02MT04EBS001H057552UZPE01152001T02MT04EBS001H0575F0575|52UZPE01152001T02MT04EBS001H057552UZPE01152001T02MT04EBS001H0575F0575CC30717651
3|1360|JAVIER|DAVID|BASTIDAS|AGUILAR|CC|87063237|1983-08-05|1|2|3|9622|7|2||7|07|||8|70.0|160|||2||||||||||||52UZPE01152001T02MT04EBS001H057552UZPE01152001T02MT04EBS001H0575F0575|52UZPE01152001T02MT04EBS001H057552UZPE01152001T02MT04EBS001H0575F0575CC87063237
3|1361|MARIA|MARLENI|ESPANA|MSOQUERA|CC|27071944|1944-04-20|2|2|1|9998|8|2||3|07|||8|57.0|156|||2||||||||||||52UZPE01152001T02MT04EBS001H057652UZPE01152001T02MT04EBS001H0576F0576|52UZPE01152001T02MT04EBS001H057652UZPE01152001T02MT04EBS001H0576F0576CC27071944
3|1362|LUPE|ESPERANZA|ESPANA|MOSQUERA|CC|27069066|1942-09-05|2|2|4|9998|2|1||3|07|||8|45.0|150|||2||||||||||||52UZPE01152001T02MT04EBS001H057752UZPE01152001T02MT04EBS001H0577F0577|52UZPE01152001T02MT04EBS001H057752UZPE01152001T02MT04EBS001H0577F0577CC27069066
3|1363|HAROLD|ALEJANDRO|DELGADO|DELGADO|CC|87070269|1985-02-24|1|2|3|9622|7|1||7|07|||8|60.0|162|||2||||||||||||52UZPE01152001T02MT04EBS001H057952UZPE01152001T02MT04EBS001H0579F0579|52UZPE01152001T02MT04EBS001H057952UZPE01152001T02MT04EBS001H0579F0579CC87070269
3|1364|HAROLD|SEGUNDO|DELGADO|BASTIDAS|CC|12958060|1949-05-30|1|2|1|5169|9|2||3|07|||8|67.0|164|||2||||||||||||52UZPE01152001T02MT04EBS001H057952UZPE01152001T02MT04EBS001H0579F0579|52UZPE01152001T02MT04EBS001H057952UZPE01152001T02MT04EBS001H0579F0579CC12958060
3|1365|EDISON|GIBRAND|FLOREZ|PABON|CC|1085342622|1998-10-18|1|2|3|9622|9|1||7|07|||8|65.0|172|||2||||||||||||52UZPE01152001T02MT04EBS001H058052UZPE01152001T02MT04EBS001H0580F0580|52UZPE01152001T02MT04EBS001H058052UZPE01152001T02MT04EBS001H0580F0580CC1085342622
3|1366|JOSE|GIOVANY|ORTIZ|CASTILLO|CC|1085274487|1984-01-01|1|2|3|9622|3|1||7|07|||8|59.0|160|||2||||||||||||52UZPE01152001T02MT04EBS001H058252UZPE01152001T02MT04EBS001H0582F0582|52UZPE01152001T02MT04EBS001H058252UZPE01152001T02MT04EBS001H0582F0582CC1085274487
3|1367|JOSE|ALBERTO|ORTIZ|NA|CC|12953733|1949-05-02|1|2|1|9998|2|1||3|07|||8|58.0|164|||2||||||||||||52UZPE01152001T02MT04EBS001H058252UZPE01152001T02MT04EBS001H0582F0582|52UZPE01152001T02MT04EBS001H058252UZPE01152001T02MT04EBS001H0582F0582CC12953733
3|1368|KARENTH|ELIZABETH|DELGADO|DELGADO|CC|1118289337|1988-07-01|2|2|1|5169|9|2||7|07|||8|56.0|151|||2||||||||||||52UZPE01152001T02MT04EBS001H057852UZPE01152001T02MT04EBS001H0578F0578|52UZPE01152001T02MT04EBS001H057852UZPE01152001T02MT04EBS001H0578F0578CC1118289337
3|1369|AURA|VANNESA|ORTIZ|CASTILLO|CC|1085283615|1989-01-05|2|2|1|5169|7|1||7|07|||8|67.0|164|||2||||||||||||52UZPE01152001T02MT04EBS001H058152UZPE01152001T02MT04EBS001H0581F0581|52UZPE01152001T02MT04EBS001H058152UZPE01152001T02MT04EBS001H0581F0581CC1085283615
3|1370|JUAN|ALIRIO|ALBORNOZ|MESIAS|CC|12962176|1956-06-14|1|2|1|9998|9|2||3|07|||8|63.0|167|||2||||||||||||52UZPE01152001T02MT04EBS001H058352UZPE01152001T02MT04EBS001H0583F0583|52UZPE01152001T02MT04EBS001H058352UZPE01152001T02MT04EBS001H0583F0583CC12962176
3|1371|TERESA|DEJESUS|MUNOZ|MAIGUAL|CC|30702878|1957-01-01|2|2|2|9998|9|2||3|07|||8|56.0|156|||2||||||||||||52UZPE01152001T02MT04EBS001H058352UZPE01152001T02MT04EBS001H0583F0583|52UZPE01152001T02MT04EBS001H058352UZPE01152001T02MT04EBS001H0583F0583CC30702878
3|1372|BLANCA|INES|PORTILLA|ESTRELLA|CC|30730415|1958-03-27|2|2|4|9998|3|1||3|07|||8|69.0|155|||2||||||||||||52UZPE01152001T02MT04EBS001H058452UZPE01152001T02MT04EBS001H0584F0584|52UZPE01152001T02MT04EBS001H058452UZPE01152001T02MT04EBS001H0584F0584CC30730415
3|1373|ANA|MATILDE|VICUNA|JURADO|CC|59828511|1975-04-24|2|2|1|5169|9|2||7|07|||8|64.0|158|||2||||||||||||52UZPE01152001T02MT04EBS001H058552UZPE01152001T02MT04EBS001H0585F0585|52UZPE01152001T02MT04EBS001H058552UZPE01152001T02MT04EBS001H0585F0585CC59828511
3|1374|NIVIA|REBECA|JURADO|DEVICUNA|CC|27057182|1936-11-10|2|2|5|9998|3|2||3|07|||1|36.0|142|||2||||||||||||52UZPE01152001T02MT04EBS001H058652UZPE01152001T02MT04EBS001H0586F0586|52UZPE01152001T02MT04EBS001H058652UZPE01152001T02MT04EBS001H0586F0586CC27057182
3|1375|KAREN|MELISA|NAVARRO|MARTINEZ|CC|36665568|1975-12-18|2|2|4|9622|3|1||7|07|||8|54.0|145|||2||||||||||||52UZPE01152001T02MT04EBS001H058752UZPE01152001T02MT04EBS001H0587F0587|52UZPE01152001T02MT04EBS001H058752UZPE01152001T02MT04EBS001H0587F0587CC36665568
3|1376|MAIRA|DANIELA|ROJAS|CRUZ|CC|1006849057|1995-03-02|2|2|4|9622|3|1||7|07|||8|80.0|160|||2||||||||||||52UZPE01152001T02MT04EBS001H058852UZPE01152001T02MT04EBS001H0588F0588|52UZPE01152001T02MT04EBS001H058852UZPE01152001T02MT04EBS001H0588F0588CC1006849057
3|1377|GLORIA|TATIANA|ROSERO|ARTEAGA|CC|1085319370|1995-02-07|2|2|4|9622|3|1||7|07|||8|95.0|149|||2||||||||||||52UZPE01152001T02MT04EBS001H058952UZPE01152001T02MT04EBS001H0589F0589|52UZPE01152001T02MT04EBS001H058952UZPE01152001T02MT04EBS001H0589F0589CC1085319370
3|1378|ROSA|ELVIRA|JOJOA|JOJOA|CC|30717421|1959-06-06|2|2|4|5169|3|1||3|07|||8|64.0|143|||2||||||||||||52UZPE01152001T02MT04EBS001H059452UZPE01152001T02MT04EBS001H0594F0594|52UZPE01152001T02MT04EBS001H059452UZPE01152001T02MT04EBS001H0594F0594CC30717421
3|1379|YISMY|JOHANA|MAIGUAL|ROSERO|CC|11932655416|2001-04-05|2|2|4|5169|3|1||7|07|||8|58.0|148|||2||||||||||||52UZPE01152001T02MT04EBS001H059052UZPE01152001T02MT04EBS001H0590F0590|52UZPE01152001T02MT04EBS001H059052UZPE01152001T02MT04EBS001H0590F0590CC11932655416
3|1380|LINA|MARCELA|MAIGUAL|ROSERO|CC|1085340542|1998-03-20|2|2|4|5169|2|1||7|07|||8|46.0|146|||2||||||||||||52UZPE01152001T02MT04EBS001H059152UZPE01152001T02MT04EBS001H0591F0591|52UZPE01152001T02MT04EBS001H059152UZPE01152001T02MT04EBS001H0591F0591CC1085340542
3|1381|ERIKA|KATHERINE|ROSERO|ARTEAGA|CC|1080048933|2007-03-22|2|2|4|5169|2|1||7|07|||8|62.0|155|||2||||||||||||52UZPE01152001T02MT04EBS001H059252UZPE01152001T02MT04EBS001H0592F0592|52UZPE01152001T02MT04EBS001H059252UZPE01152001T02MT04EBS001H0592F0592CC1080048933
3|1382|LAURA|XIMENA|GARCIA|BOLANOS|CC|1085245182|1984-04-08|2|2|4|5169|3|2||7|07|||8|67.0|160|||2||||||||||||52UZPE01152001T02MT04EBS001H059352UZPE01152001T02MT04EBS001H0593F0593|52UZPE01152001T02MT04EBS001H059352UZPE01152001T02MT04EBS001H0593F0593CC1085245182
3|1383|GLORIA|ISABEL|ARTEAGA|GARCIA|CC|59821583|1972-02-05|2|2|1|9622|3|1||7|07|||8|80.0|150|||2||||||||||||52UZPE01152001T02MT04EBS001H059552UZPE01152001T02MT04EBS001H0595F0595|52UZPE01152001T02MT04EBS001H059552UZPE01152001T02MT04EBS001H0595F0595CC59821583
3|1384|MARIA|MELBA|LOPEZ|DEMORA|CC|27467058|1952-10-01|2|2|1|9998|3|1||3|07|||8|68.0|152|||2||||||||||||52UZPE01152001T02MT04EBS001H059652UZPE01152001T02MT04EBS001H0596F0596|52UZPE01152001T02MT04EBS001H059652UZPE01152001T02MT04EBS001H0596F0596CC27467058
3|1385|LULU|NELLY|ANDRADE|GONZALES|CC|27058296|1940-02-12|2|2|1|9998|2|2||3|07|||8|52.0|154|||2||||||||||||52UZPE01152001T02MT04EBS001H059752UZPE01152001T02MT04EBS001H0597F0597|52UZPE01152001T02MT04EBS001H059752UZPE01152001T02MT04EBS001H0597F0597CC27058296
3|1386|DANIEL|ALEJANDRO|ARTEAGA|BACCA|CC|1085340120|1998-05-04|1|2|1|9622|3|1||7|01|||8|60.0|166|||2||||||||||||52UZPE01152001T02MT04EBS001H059852UZPE01152001T02MT04EBS001H0598F0598|52UZPE01152001T02MT04EBS001H059852UZPE01152001T02MT04EBS001H0598F0598CC1085340120
3|1387|OLGA|ALICIA|ARTEAGA|DEGUERRERO|CC|27071855|1945-12-29|2|2|2|9998|3|2||3|07|||8|65.0|155|||2||||||||||||52UZPE01152001T02MT04EBS001H059952UZPE01152001T02MT04EBS001H0599F0599|52UZPE01152001T02MT04EBS001H059952UZPE01152001T02MT04EBS001H0599F0599CC27071855
3|1388|CESAR|ALBERTO|GUERRERO|DELGADO|CC|5199020|1940-10-16|1|2|1|9998|9|2||3|07|||8|59.0|168|||2||||||||||||52UZPE01152001T02MT04EBS001H059952UZPE01152001T02MT04EBS001H0599F0599|52UZPE01152001T02MT04EBS001H059952UZPE01152001T02MT04EBS001H0599F0599CC5199020
3|1389|ANA|PATRICIA|GUERRERO|ARTEAGA|CC|59312464|1983-09-19|2|2|3|5169|9|2||7|07|||8|80.0|170|||2||||||||||||52UZPE01152001T02MT04EBS001H059952UZPE01152001T02MT04EBS001H0599F0599|52UZPE01152001T02MT04EBS001H059952UZPE01152001T02MT04EBS001H0599F0599CC59312464
3|1390|LUIS|IGNACIO|ROJAS|NA|CC|5256530|1941-08-24|1|2|1|9998|2|1||3|07|||8|62.0|154|||2||||||||||||52UZPE01152001T02MT04EBS001H060152UZPE01152001T02MT04EBS001H0601F0601|52UZPE01152001T02MT04EBS001H060152UZPE01152001T02MT04EBS001H0601F0601CC5256530
3|1391|HERNAN|ALBERTO|MORALES|SABOGAL|CC|12964422|1955-07-13|1|2|1|9622|3|1||3|07|||8|73.0|163|||2||||||||||||52UZPE01152001T02MT04EBS001H060052UZPE01152001T02MT04EBS001H0600F0600|52UZPE01152001T02MT04EBS001H060052UZPE01152001T02MT04EBS001H0600F0600CC12964422
3|1392|TERESITA|DEJESUS|GUANGA|ORTIZ|CC|36996879|1960-06-25|2|2|1|9998|2|1||3|07|||8|61.0|163|||2||||||||||||52UZPE01152001T02MT04EBS001H060252UZPE01152001T02MT04EBS001H0602F0602|52UZPE01152001T02MT04EBS001H060252UZPE01152001T02MT04EBS001H0602F0602CC36996879
3|1393|HELBER|ARVEY|SUNIGA|ROMO|CC|1122786090|1997-09-29|1|2|2|5169|9|2||7|07|||8|62.0|170|||2||||||||||||52UZPE01152001T02MT04EBS001H060352UZPE01152001T02MT04EBS001H0603F0603|52UZPE01152001T02MT04EBS001H060352UZPE01152001T02MT04EBS001H0603F0603CC1122786090
3|1394|DIANA|MAGALY|GETIAL|GUANGA|CC|1085330149|1996-07-25|2|2|1|9998|9|2||7|07|||8|57.0|159|||2||||||||||||52UZPE01152001T02MT04EBS001H060352UZPE01152001T02MT04EBS001H0603F0603|52UZPE01152001T02MT04EBS001H060352UZPE01152001T02MT04EBS001H0603F0603CC1085330149
3|1395|DORIS|OLIVIA|ARBOLEDA|PIEDRAHITA|CC|1085333223|1958-02-07|2|2|1|9510|2|1||3|07|||8|70.0|150|||2||||||||||||52UZPE01152001T02MT04EBS001H060452UZPE01152001T02MT04EBS001H0604F0604|52UZPE01152001T02MT04EBS001H060452UZPE01152001T02MT04EBS001H0604F0604CC1085333223
3|1396|JULIA|EDITH|ARBOLEDA|PIEDRAHITA|CC|30730809|1965-07-22|2|2|4|9510|3|2||4|07|||1|21.0|110|||2||||||||||||52UZPE01152001T02MT04EBS001H060552UZPE01152001T02MT04EBS001H0605F0605|52UZPE01152001T02MT04EBS001H060552UZPE01152001T02MT04EBS001H0605F0605CC30730809
3|1397|ALBA|LUCY|PABON|GAVILANES|CC|27088926|1967-09-12|2|2|1|9998|2|1||6|07|||8|63.0|160|||2||||||||||||52UZPE01152001T02MT04EBS001H060652UZPE01152001T02MT04EBS001H0606F0606|52UZPE01152001T02MT04EBS001H060652UZPE01152001T02MT04EBS001H0606F0606CC27088926
3|1398|EDMI|MARGRET|DELCASTILLO|ENRIQUEZ|CC|59314563|1972-11-15|2|2|1|9998|1|1||7|07|||8|56.0|148|||2||||||||||||52UZPE01152001T02MT04EBS001H060852UZPE01152001T02MT04EBS001H0608F0608|52UZPE01152001T02MT04EBS001H060852UZPE01152001T02MT04EBS001H0608F0608CC59314563
3|1399|SEGUNDO|ENRRIQUE|BELLO|NA|CC|1033870|1958-05-11|1|2|1|5169|3|1||3|07|||8|56.0|170|||2||||||||||||52UZPE01152001T02MT04EBS001H060752UZPE01152001T02MT04EBS001H0607F0607|52UZPE01152001T02MT04EBS001H060752UZPE01152001T02MT04EBS001H0607F0607CC1033870
3|1400|NANCY|MILENA|FARINANGO|LOZANO|CC|27090231|1979-02-21|2|2|1|9622|3|1||7|07|||8|56.0|143|||2||||||||||||52UZPE01152001T02MT04EBS001H060952UZPE01152001T02MT04EBS001H0609F0609|52UZPE01152001T02MT04EBS001H060952UZPE01152001T02MT04EBS001H0609F0609CC27090231
3|1401|SHARITH|GIOVANNA|BASTIDAS|FARINANGO|CC|1080045238|2005-11-28|2|2|3|9998|8|1||7|07|||8|69.0|150|||2||||||||||||52UZPE01152001T02MT04EBS001H060952UZPE01152001T02MT04EBS001H0609F0609|52UZPE01152001T02MT04EBS001H060952UZPE01152001T02MT04EBS001H0609F0609CC1080045238
3|1402|OSCAR|ROVER|DELACRUZ|PEREZ|CC|98394966|1974-03-31|1|2|1|9622|3|1||7|07|||8|70.0|160|||2||||||||||||52UZPE01152001T02MT04EBS001H060952UZPE01152001T02MT04EBS001H0609F0609|52UZPE01152001T02MT04EBS001H060952UZPE01152001T02MT04EBS001H0609F0609CC98394966
3|1403|GINNA|MILENA|BASTIDAS|FRINANGO|CC|1085342617|1998-10-17|2|2|1|9622|3|1||7|07|||8|58.0|150|||2||||||||||||52UZPE01152001T02MT04EBS001H061052UZPE01152001T02MT04EBS001H0610F0610|52UZPE01152001T02MT04EBS001H061052UZPE01152001T02MT04EBS001H0610F0610CC1085342617
3|1404|VIOLETA|DELOURDES|MORENO|VILLARREAL|CC|30708770|1954-11-24|2|2|1|9998|3|2||3|07|||8|73.0|150|||2||||||||||||52UZPE01152001T02MT04EBS001H061152UZPE01152001T02MT04EBS001H0611F0611|52UZPE01152001T02MT04EBS001H061152UZPE01152001T02MT04EBS001H0611F0611CC30708770
3|1405|LEONOR|NA|PONSE|DEMORENI|CC|27061032|1938-08-16|2|2|1|9998|2|2||3|07|||8|59.0|153|||2||||||||||||52UZPE01152001T02MT04EBS001H061252UZPE01152001T02MT04EBS001H0612F0612|52UZPE01152001T02MT04EBS001H061252UZPE01152001T02MT04EBS001H0612F0612CC27061032
3|1406|SONIA|RUTH|ORDONES|NOGUERA|CC|30733335|1966-02-14|2|2|2|5169|9|2||7|07|||8|52.0|150|||2||||||||||||52UZPE01152001T02MT04EBS001H061352UZPE01152001T02MT04EBS001H0613F0613|52UZPE01152001T02MT04EBS001H061352UZPE01152001T02MT04EBS001H0613F0613CC30733335
3|1407|HERNANDO|NOTIENE|BARON|LOPEZ|CC|93292455|1970-06-11|1|2|2|5169|7|2||7|07|||8|69.0|177|||2||||||||||||52UZPE01152001T02MT04EBS001H061352UZPE01152001T02MT04EBS001H0613F0613|52UZPE01152001T02MT04EBS001H061352UZPE01152001T02MT04EBS001H0613F0613CC93292455
3|1408|JIMENA|DELSOCORRO|PEREZ|CHICAIZA|CC|59814142|1971-04-12|2|2|2|5169|9|2||7|07|||8|87.0|160|||2||||||||||||52UZPE01152001T02MT04EBS001H061452UZPE01152001T02MT04EBS001H0614F0614|52UZPE01152001T02MT04EBS001H061452UZPE01152001T02MT04EBS001H0614F0614CC59814142
3|1409|ROLANDO|EDUARDO|PAZ|VILLOTA|CC|12997020|1969-11-24|1|2|1|9998|3|2||7|07|||8|62.0|158|||2||||||||||||52UZPE01152001T02MT04EBS001H061452UZPE01152001T02MT04EBS001H0614F0614|52UZPE01152001T02MT04EBS001H061452UZPE01152001T02MT04EBS001H0614F0614CC12997020
3|1410|PEDRO|PABLO|BACCA|SALAS|CC|19354806|1953-12-19|1|2|2|9510|9|1||3|07|||8|77.0|167|||2||||||||||||52UZPE01152001T02MT04EBS001H061552UZPE01152001T02MT04EBS001H0615F0615|52UZPE01152001T02MT04EBS001H061552UZPE01152001T02MT04EBS001H0615F0615CC19354806
3|1411|MYRIAN|LUCY|CHAVES|AREVALO|CC|30711465|1952-11-25|2|2|1|9510|9|1||3|07|||8|76.0|165|||2||||||||||||52UZPE01152001T02MT04EBS001H061552UZPE01152001T02MT04EBS001H0615F0615|52UZPE01152001T02MT04EBS001H061552UZPE01152001T02MT04EBS001H0615F0615CC30711465
3|1412|SILVIA|CATALINA|GUERRERO|ARBOLEDA|CC|1004235719|2002-01-29|2|2|1|9510|3|1||7|07|||8|65.0|160|||2||||||||||||52UZPE01152001T02MT04EBS001H061652UZPE01152001T02MT04EBS001H0616F0616|52UZPE01152001T02MT04EBS001H061652UZPE01152001T02MT04EBS001H0616F0616CC1004235719
3|1413|LEONOR|DELCARMEN|BECERRA|GUERRERO|CC|30715194|1956-05-18|2|2|6|9998|3|2||3|07|||1|43.0|154|||2||||||||||||52UZPE01152001T02MT04EBS001H061752UZPE01152001T02MT04EBS001H0617F0617|52UZPE01152001T02MT04EBS001H061752UZPE01152001T02MT04EBS001H0617F0617CC30715194
3|1414|OLGA|RUBY|MENESES|CADENA|CC|37083186|1982-06-23|2|2|1|9622|3|1||7|07|||8|72.0|149|||2||||||||||||52UZPE01152001T02MT04EBS001H061852UZPE01152001T02MT04EBS001H0618F0618|52UZPE01152001T02MT04EBS001H061852UZPE01152001T02MT04EBS001H0618F0618CC37083186
3|1415|MILA|DELROSARIO|PEREIRA|SOLARTE|CC|30704474|1953-02-21|2|2|2|9998|7|2||3|07|||8|54.0|160|||2||||||||||||52UZPE01152001T02MT04EBS001H061952UZPE01152001T02MT04EBS001H0619F0619|52UZPE01152001T02MT04EBS001H061952UZPE01152001T02MT04EBS001H0619F0619CC30704474
3|1416|MONICA|ISABEL|SARRALDE|PEREIRA|CC|36951380|1988-09-26|2|2|3|9998|11|2||7|07|||8|56.0|160|||2||||||||||||52UZPE01152001T02MT04EBS001H062052UZPE01152001T02MT04EBS001H0620F0620|52UZPE01152001T02MT04EBS001H062052UZPE01152001T02MT04EBS001H0620F0620CC36951380
3|1417|FABIAN|ANDRES|SALAZAR|IBARRA|CC|1087644656|1989-11-12|1|2|1|9622|2|1||7|07|||8|56.0|158|||2||||||||||||52UZPE01152001T02MT04EBS001H062152UZPE01152001T02MT04EBS001H0621F0621|52UZPE01152001T02MT04EBS001H062152UZPE01152001T02MT04EBS001H0621F0621CC1087644656
3|1418|FABIO|GENTIL|BOLANOS|ORTEGA|CC|15815380|1977-01-01|1|2|1|5169|3|1||7|07|||8|72.0|170|||2||||||||||||52UZPE01152001T02MT04EBS001H062252UZPE01152001T02MT04EBS001H0622F0622|52UZPE01152001T02MT04EBS001H062252UZPE01152001T02MT04EBS001H0622F0622CC15815380
3|1419|PAOLA|ANDREA|ROMERO|ARCOS|CC|1089483173|1992-02-09|2|2|2|5169|3|1||7|07|||8|70.0|162|||2||||||||||||52UZPE01152001T02MT04EBS001H062252UZPE01152001T02MT04EBS001H0622F0622|52UZPE01152001T02MT04EBS001H062252UZPE01152001T02MT04EBS001H0622F0622CC1089483173
3|1420|JORGE|ANTONIO|MENESES|GOMAJOA|CC|5197770|1942-03-22|1|2|6|9998|2|2||3|07|||8|63.0|162|||2||||||||||||52UZPE01152001T02MT04EBS001H055452UZPE01152001T02MT04EBS001H0554F0554|52UZPE01152001T02MT04EBS001H055452UZPE01152001T02MT04EBS001H0554F0554CC5197770
3|1421|MARIA|DELZOCORRO|CUELLAR|BARREIRO|CC|30735634|1967-08-20|2|2|5|9998|13|2||7|07|||8|60.0|163|||2||||||||||||52UZPE01152001T02MT04EBS001H062352UZPE01152001T02MT04EBS001H0623F0623|52UZPE01152001T02MT04EBS001H062352UZPE01152001T02MT04EBS001H0623F0623CC30735634
3|1422|LEONARDO|FABIO|INSUASTI|CUELLAR|CC|13072963|1989-09-08|1|2|3|9622|7|1||7|07|||8|70.0|176|||2||||||||||||52UZPE01152001T02MT04EBS001H062352UZPE01152001T02MT04EBS001H0623F0623|52UZPE01152001T02MT04EBS001H062352UZPE01152001T02MT04EBS001H0623F0623CC13072963
3|1423|BLANCA|NATHALIA|NARVAEZ|NA|CC|27199360|1971-08-27|2|2|1|9510|2|1||7|07|||8|77.0|154|||2||||||||||||52UZPE01152001T02MT04EBS001H062452UZPE01152001T02MT04EBS001H0624F0624|52UZPE01152001T02MT04EBS001H062452UZPE01152001T02MT04EBS001H0624F0624CC27199360
3|1424|MARIA|DELSOCORRO|PANTOJA|DIAZ|CC|59311379|1971-02-02|2|2|1|9510|2|1||7|07|||8|69.0|148|||2||||||||||||52UZPE01152001T02MT04EBS001H062752UZPE01152001T02MT04EBS001H0627F0627|52UZPE01152001T02MT04EBS001H062752UZPE01152001T02MT04EBS001H0627F0627CC59311379
3|1425|DIANA|MARCELA|RODRIGUEZ|PANTOJA|CC|1004508959|2002-03-14|2|2|1|9998|7|1||7|07|||8|56.0|148|||2||||||||||||52UZPE01152001T02MT04EBS001H062852UZPE01152001T02MT04EBS001H0628F0628|52UZPE01152001T02MT04EBS001H062852UZPE01152001T02MT04EBS001H0628F0628CC1004508959
3|1426|ELISETD|YULIANA|RODRIGUEZ|NARVAEZ|CC|1004742850|2002-03-18|2|2|3|5169|3|1||7|07|||8|60.0|160|||2||||||||||||52UZPE01152001T02MT04EBS001H062552UZPE01152001T02MT04EBS001H0625F0625|52UZPE01152001T02MT04EBS001H062552UZPE01152001T02MT04EBS001H0625F0625CC1004742850
3|1427|JOSE|FRANCISCO|PEREZ|NARVAEZ|CC|5250365|1957-09-15|1|2|4|9998|1|2||3|07|||8|83.0|170|||2||||||||||||52UZPE01152001T02MT04EBS001H062952UZPE01152001T02MT04EBS001H0629F0629|52UZPE01152001T02MT04EBS001H062952UZPE01152001T02MT04EBS001H0629F0629CC5250365
3|1428|ROBINSON|CAMILO|RODRIGUEZ|NARVAEZ|CC|1004190180|1994-10-06|1|2|3|5169|8|2||7|07|||8|95.0|187|||2||||||||||||52UZPE01152001T02MT04EBS001H062652UZPE01152001T02MT04EBS001H0626F0626|52UZPE01152001T02MT04EBS001H062652UZPE01152001T02MT04EBS001H0626F0626CC1004190180
3|1429|ENRIQUE|OMAR|BURBANO|PORTILLA|CC|12961212|1953-06-03|1|2|4|9998|2|1||3|07|||2|90.0|176|||2||||||||||||52UZPE01152001T02MT04EBS001H063052UZPE01152001T02MT04EBS001H0630F0630|52UZPE01152001T02MT04EBS001H063052UZPE01152001T02MT04EBS001H0630F0630CC12961212
3|1430|CARMEN|FILOMENA|BURBANO|PORTILLO|CC|27064458|1941-07-14|2|2|4|9998|2|1||3|07|||8|42.0|142|||2||||||||||||52UZPE01152001T02MT04EBS001H063052UZPE01152001T02MT04EBS001H0630F0630|52UZPE01152001T02MT04EBS001H063052UZPE01152001T02MT04EBS001H0630F0630CC27064458
3|1431|GRACIELA|DELCARMEN|HERNANDEZ|PANTOJA|CC|30704646|1952-07-16|2|2|1|9998|2|1||3|07|||8|55.0|151|||2||||||||||||52UZPE01152001T02MT04EBS001H063152UZPE01152001T02MT04EBS001H0631F0631|52UZPE01152001T02MT04EBS001H063152UZPE01152001T02MT04EBS001H0631F0631CC30704646
3|1432|BERTA|CECILIA|MUNOZ|ERASO|CC|31838722|1946-09-01|2|2|4|9998|2|2||3|07|||8|58.0|150|||2||||||||||||52UZPE01152001T02MT04EBS001H063252UZPE01152001T02MT04EBS001H0632F0632|52UZPE01152001T02MT04EBS001H063252UZPE01152001T02MT04EBS001H0632F0632CC31838722
3|1433|GLORIA|CECILIA|MUNOZ|ERASO|CC|30714187|1958-01-28|2|2|4|9998|2|1||3|07|||8|60.0|148|||2||||||||||||52UZPE01152001T02MT04EBS001H063252UZPE01152001T02MT04EBS001H0632F0632|52UZPE01152001T02MT04EBS001H063252UZPE01152001T02MT04EBS001H0632F0632CC30714187
3|1434|ROSA|EDILIA|MEDICIS|BENAVIDES|CC|27166704|1953-06-26|2|2|1|9998|9|2||3|07|||8|45.0|152|||2||||||||||||52UZPE01152001T02MT04EBS001H063352UZPE01152001T02MT04EBS001H0633F0633|52UZPE01152001T02MT04EBS001H063352UZPE01152001T02MT04EBS001H0633F0633CC27166704
3|1435|JORGE|ANTONIO|HIDALGO|BONILLA|CC|98378572|1970-10-05|1|2|1|9622|3|2||7|07|||8|99.0|160|||2||||||||||||52UZPE01152001T02MT04EBS001H063452UZPE01152001T02MT04EBS001H0634F0634|52UZPE01152001T02MT04EBS001H063452UZPE01152001T02MT04EBS001H0634F0634CC98378572
3|1436|VALERIA|NOTIENE|HIDALGO|DELACRUZ|CC|1193470025|2000-07-29|2|2|3|9622|7|2||7|07|||8|70.0|156|||2||||||||||||52UZPE01152001T02MT04EBS001H063452UZPE01152001T02MT04EBS001H0634F0634|52UZPE01152001T02MT04EBS001H063452UZPE01152001T02MT04EBS001H0634F0634CC1193470025
3|1437|CAROLA|ELIZABETH|DELACRUZ|NARVAEZ|CC|27088205|1977-11-17|2|2|2|9998|3|2||7|07|||8|87.0|157|||2||||||||||||52UZPE01152001T02MT04EBS001H063452UZPE01152001T02MT04EBS001H0634F0634|52UZPE01152001T02MT04EBS001H063452UZPE01152001T02MT04EBS001H0634F0634CC27088205
3|1438|MIGUEL|MAURICIO|GARZON|GUERRERO|CC|5206509|1978-10-25|1|2|1|9510|9|1||7|07|||8|65.0|163|||2||||||||||||52UZPE01152001T02MT04EBS001H063552UZPE01152001T02MT04EBS001H0635F0635|52UZPE01152001T02MT04EBS001H063552UZPE01152001T02MT04EBS001H0635F0635CC5206509
3|1439|ELVA|RITA|DELGADO|CHAVES|CC|37003322|1968-04-22|2|2|1|5169|7|2||7|07|||8|60.0|160|||2||||||||||||52UZPE01152001T02MT04EBS001H063652UZPE01152001T02MT04EBS001H0636F0636|52UZPE01152001T02MT04EBS001H063652UZPE01152001T02MT04EBS001H0636F0636CC37003322
3|1440|DELINYER|NICOLAS|ACOSTA|DELGADO|CC|1085308334|1993-10-12|1|2|3|5169|7|2||7|07|||8|69.0|170|||2||||||||||||52UZPE01152001T02MT04EBS001H063652UZPE01152001T02MT04EBS001H0636F0636|52UZPE01152001T02MT04EBS001H063652UZPE01152001T02MT04EBS001H0636F0636CC1085308334
3|1441|GLORIA|ALICIA|GUERRERO|MARTINEZ|CC|36990379|1949-03-29|2|2|1|9998|7|2||3|07|||8|62.0|145|||2||||||||||||52UZPE01152001T02MT04EBS001H063752UZPE01152001T02MT04EBS001H0637F0637|52UZPE01152001T02MT04EBS001H063752UZPE01152001T02MT04EBS001H0637F0637CC36990379
3|1442|ROJAS|ORTIZ|JAIME|HERNAN|CC|12992550|1966-12-09|1|2|3|5169|9|2||7|07|||8|82.0|166|||2||||||||||||52UZPE01152001T02MT04EBS001H063852UZPE01152001T02MT04EBS001H0638F0638|52UZPE01152001T02MT04EBS001H063852UZPE01152001T02MT04EBS001H0638F0638CC12992550
3|1443|MARIO|FERNANDO|PAREDES|AGUIRRE|CC|87531090|1968-06-25|1|2|2|5169|9|2||7|07|||8|70.0|167|||2||||||||||||52UZPE01152001T02MT04EBS001H063952UZPE01152001T02MT04EBS001H0639F0639|52UZPE01152001T02MT04EBS001H063952UZPE01152001T02MT04EBS001H0639F0639CC87531090
3|1444|GINA|ANDREA|BRAVO|IBARRA|CC|34568197|1974-08-08|2|2|1|5169|9|2||7|07|||8|60.0|160|||2||||||||||||52UZPE01152001T02MT04EBS001H063952UZPE01152001T02MT04EBS001H0639F0639|52UZPE01152001T02MT04EBS001H063952UZPE01152001T02MT04EBS001H0639F0639CC34568197
3|1445|MARIA|FERNANDA|PAREDES|BRAVO|CC|1080041435|2004-07-09|2|2|3|9998|3|2||7|07|||8|63.0|155|||2||||||||||||52UZPE01152001T02MT04EBS001H063952UZPE01152001T02MT04EBS001H0639F0639|52UZPE01152001T02MT04EBS001H063952UZPE01152001T02MT04EBS001H0639F0639CC1080041435
3|1446|PAULA|ANDREA|AGREDA|ORTEGA|CC|1085267259|1987-08-31|2|2|3|9510|3|1||6|07|||8|59.0|153|||2||||||||||||52UZPE01152001T02MT04EBS001H064052UZPE01152001T02MT04EBS001H0640F0640|52UZPE01152001T02MT04EBS001H064052UZPE01152001T02MT04EBS001H0640F0640CC1085267259
3|1447|LUIS|ALFONSO|AGREDA|ESCOBAR|CC|5203089|1947-01-06|1|2|1|9998|2|1||3|07|||8|56.0|160|||2||||||||||||52UZPE01152001T02MT04EBS001H064052UZPE01152001T02MT04EBS001H0640F0640|52UZPE01152001T02MT04EBS001H064052UZPE01152001T02MT04EBS001H0640F0640CC5203089
3|1448|BLANCA|ESTELA|LOPEZ|NA|CC|30702176|1951-09-29|2|2|4|9998|2|1||3|07|||8|44.0|148|||2||||||||||||52UZPE01152001T02MT04EBS001H064352UZPE01152001T02MT04EBS001H0643F0643|52UZPE01152001T02MT04EBS001H064352UZPE01152001T02MT04EBS001H0643F0643CC30702176
3|1449|HOOBER|ARMANDO|ESCOBAR|ARGOTI|CC|12754430|1983-03-06|1|2|1|9510|7|1||7|07|||8|83.0|172|||2||||||||||||52UZPE01152001T02MT04EBS001H064252UZPE01152001T02MT04EBS001H0642F0642|52UZPE01152001T02MT04EBS001H064252UZPE01152001T02MT04EBS001H0642F0642CC12754430
3|1450|ANGELA|CRISTINA|NIEVA|NARVAEZ|CC|1130671847|1987-06-14|2|2|2|9510|7|1||7|07|||8|81.0|157|||2||||||||||||52UZPE01152001T02MT04EBS001H064252UZPE01152001T02MT04EBS001H0642F0642|52UZPE01152001T02MT04EBS001H064252UZPE01152001T02MT04EBS001H0642F0642CC1130671847
3|1451|RICHARD|ORLANDO|AGREDA|ORTEGA|CC|98399065|1977-10-27|1|2|3|9510|3|1||7|07|||8|67.0|165|||2||||||||||||52UZPE01152001T02MT04EBS001H064152UZPE01152001T02MT04EBS001H0641F0641|52UZPE01152001T02MT04EBS001H064152UZPE01152001T02MT04EBS001H0641F0641CC98399065
3|1452|LORENA|SILVANA|TORRES|BELARCASA|CC|1085277874|1989-12-03|2|2|1|5169|9|2||7|07|||8|64.0|155|||2||||||||||||52UZPE01152001T02MT04EBS001H064452UZPE01152001T02MT04EBS001H0644F0644|52UZPE01152001T02MT04EBS001H064452UZPE01152001T02MT04EBS001H0644F0644CC1085277874
3|1453|ARMANDO|CAMILO|MARTINEZ|RUEDA|CC|98381763|1972-03-21|1|2|2|5169|9|2||7|07|||8|65.0|168|||2||||||||||||52UZPE01152001T02MT04EBS001H064452UZPE01152001T02MT04EBS001H0644F0644|52UZPE01152001T02MT04EBS001H064452UZPE01152001T02MT04EBS001H0644F0644CC98381763
3|1454|LUIS|ANIBAL|BENAVIDES|BURGOS|CC|12999333|1970-09-25|1|2|1|5169|9|2||7|07|||8|50.0|160|||2||||||||||||52UZPE01152001T02MT04EBS001H064552UZPE01152001T02MT04EBS001H0645F0645|52UZPE01152001T02MT04EBS001H064552UZPE01152001T02MT04EBS001H0645F0645CC12999333
3|1455|DORIS|DELCARMEN|MORA|PANTOJA|CC|59830973|1975-07-16|2|2|2|5169|9|2||7|07|||8|58.0|156|||2||||||||||||52UZPE01152001T02MT04EBS001H064552UZPE01152001T02MT04EBS001H0645F0645|52UZPE01152001T02MT04EBS001H064552UZPE01152001T02MT04EBS001H0645F0645CC59830973
3|1456|DAIRA|CARMENZA|RAMIREZ|SOLARTE|CC|59829120|1975-05-18|2|2|2|5169|7|2||7|07|||8|59.0|153|||2||||||||||||52UZPE01152001T02MT04EBS001H064652UZPE01152001T02MT04EBS001H0646F0646|52UZPE01152001T02MT04EBS001H064652UZPE01152001T02MT04EBS001H0646F0646CC59829120
3|1457|JOSE|LUIS|VILLAQUIRA|CASANOVA|CC|98391863|1975-09-18|1|2|3|9998|9|2||4|07|||1|70.0|180|||2||||||||||||52UZPE01152001T02MT04EBS001H064652UZPE01152001T02MT04EBS001H0646F0646|52UZPE01152001T02MT04EBS001H064652UZPE01152001T02MT04EBS001H0646F0646CC98391863
3|1458|CARMEN|GLORIA|CASANOVA|NA|CC|27353141|1947-11-05|2|2|1|9998|3|2||3|07|||8|65.0|152|||2||||||||||||52UZPE01152001T02MT04EBS001H064652UZPE01152001T02MT04EBS001H0646F0646|52UZPE01152001T02MT04EBS001H064652UZPE01152001T02MT04EBS001H0646F0646CC27353141
3|1459|LISSETTE|XIOMARA|VILLAQUIRAN|RAMIREZ|CC|1085324599|1995-09-21|2|2|1|5169|9|2||7|07|||8|65.0|162|||2||||||||||||52UZPE01152001T02MT04EBS001H064752UZPE01152001T02MT04EBS001H0647F0647|52UZPE01152001T02MT04EBS001H064752UZPE01152001T02MT04EBS001H0647F0647CC1085324599
3|1460|EDELMIRA|NA|ARAUJO|DEDULCE|CC|27295004|1954-07-22|2|2|1|9998|3|2||3|07|||8|42.0|158|||2||||||||||||52UZPE01152001T02MT04EBS001H064852UZPE01152001T02MT04EBS001H0648F0648|52UZPE01152001T02MT04EBS001H064852UZPE01152001T02MT04EBS001H0648F0648CC27295004
3|1461|LUIS|CARLOS|DULCE|MARTINEZ|CC|15810158|1953-03-10|1|2|2|9998|3|2||3|07|||8|63.0|168|||2||||||||||||52UZPE01152001T02MT04EBS001H064852UZPE01152001T02MT04EBS001H0648F0648|52UZPE01152001T02MT04EBS001H064852UZPE01152001T02MT04EBS001H0648F0648CC15810158
3|1462|DULCE|ARAUJO|PABLO|ANDRES|CC|98399538|1978-02-18|1|2|3|5169|9|2||7|07|||8|67.0|175|||2||||||||||||52UZPE01152001T02MT04EBS001H064952UZPE01152001T02MT04EBS001H0649F0649|52UZPE01152001T02MT04EBS001H064952UZPE01152001T02MT04EBS001H0649F0649CC98399538
3|1463|CARLOS|ERNESTO|DULCE|ARAUJO|CC|12753489|1984-12-16|1|2|3|5169|9|2||7|07|||8|65.0|170|||2||||||||||||52UZPE01152001T02MT04EBS001H065052UZPE01152001T02MT04EBS001H0650F0650|52UZPE01152001T02MT04EBS001H065052UZPE01152001T02MT04EBS001H0650F0650CC12753489
3|1464|NANCY|DELCARMEN|ROSERO|SANTACRUZ|CC|30723131|1960-09-15|2|2|1|9998|3|2||3|07|||8|65.0|162|||2||||||||||||52UZPE01152001T02MT02EBS001H065152UZPE01152001T02MT02EBS001H0651F0651|52UZPE01152001T02MT02EBS001H065152UZPE01152001T02MT02EBS001H0651F0651CC30723131
3|1465|INES|DELSOCORRO|GUERRERO|TORRES|CC|27064093|1938-08-06|2|2|1|9998|3|2||3|07|||8|62.0|153|||2||||||||||||52UZPE01152001T02MT02EBS001H065252UZPE01152001T02MT02EBS001H0652F0652|52UZPE01152001T02MT02EBS001H065252UZPE01152001T02MT02EBS001H0652F0652CC27064093
3|1466|LUIS|CARLOS|DELGADO|GUERRERO|CC|12997849|1970-04-24|1|2|3|5169|3|2||7|07|||8|82.0|172|||2||||||||||||52UZPE01152001T02MT02EBS001H065252UZPE01152001T02MT02EBS001H0652F0652|52UZPE01152001T02MT02EBS001H065252UZPE01152001T02MT02EBS001H0652F0652CC12997849
3|1467|ELVA|MYRIAM|YANDAR|NA|CC|30729666|1964-03-07|2|2|1|9510|3|1||3|07|||8|55.0|156|||2||||||||||||52UZPE01152001T02MT04EBS001H065352UZPE01152001T02MT04EBS001H0653F0653|52UZPE01152001T02MT04EBS001H065352UZPE01152001T02MT04EBS001H0653F0653CC30729666
3|1468|OLAVE|DELROSARIO|BASTIDAS|ROSALES|CC|27081597|1974-01-01|2|2|1|9510|3|2||7|07|||8|62.0|154|||2||||||||||||52UZPE01152001T02MT04EBS001H065452UZPE01152001T02MT04EBS001H0654F0654|52UZPE01152001T02MT04EBS001H065452UZPE01152001T02MT04EBS001H0654F0654CC27081597
3|1469|JHON|PABLO|CORAL|NOTIENE|CC|12745877|1978-08-18|1|2|2|9998|9|2||7|07|||8|80.0|182|||2||||||||||||52UZPE01152001T02MT02EBS001H065552UZPE01152001T02MT02EBS001H0655F0655|52UZPE01152001T02MT02EBS001H065552UZPE01152001T02MT02EBS001H0655F0655CC12745877
3|1470|DIANA|LUCIA|CORAL|BETANCUR|CC|1085251833|1986-03-10|2|2|2|9622|7|1||7|07|||8|91.0|159|||2||||||||||||52UZPE01152001T02MT02EBS001H065552UZPE01152001T02MT02EBS001H0655F0655|52UZPE01152001T02MT02EBS001H065552UZPE01152001T02MT02EBS001H0655F0655CC1085251833
3|1471|CECILIA|DELCARMEN|PORTILLA|ORTIZ|CC|38953565|1941-08-20|2|2|1|9998|3|2||3|07|||2|53.0|151|||2||||||||||||52UZPE01152001T02MT02EBS001H065652UZPE01152001T02MT02EBS001H0656F0656|52UZPE01152001T02MT02EBS001H065652UZPE01152001T02MT02EBS001H0656F0656CC38953565
3|1472|FABIOLA|DELROSARIO|JURADO|PORTILLA|CC|30717259|1970-10-07|2|2|3|9998|3|1||7|07|||8|57.0|158|||2||||||||||||52UZPE01152001T02MT02EBS001H065752UZPE01152001T02MT02EBS001H0657F0657|52UZPE01152001T02MT02EBS001H065752UZPE01152001T02MT02EBS001H0657F0657CC30717259
3|1473|LUZ|MARINA|PORTILLA|DEJURADO|CC|27352258|1936-11-20|2|2|1|9998|3|1||3|07|||1|48.0|152|||2||||||||||||52UZPE01152001T02MT02EBS001H065752UZPE01152001T02MT02EBS001H0657F0657|52UZPE01152001T02MT02EBS001H065752UZPE01152001T02MT02EBS001H0657F0657CC27352258
3|1474|DIOGENES|EDUARDO|DELGADO|GOMEZ|CC|5371222|1941-11-10|1|2|1|9510|2|1||3|07|||8|68.0|167|||2||||||||||||52UZPE01152001T02MT02EBS001H065852UZPE01152001T02MT02EBS001H0658F0658|52UZPE01152001T02MT02EBS001H065852UZPE01152001T02MT02EBS001H0658F0658CC5371222
3|1475|PEDRO|PABLO|SANTACRUZ|IBARRA|CC|12694522|1956-12-31|1|2|1|9998|7|2||3|07|||8|84.0|171|||2||||||||||||52UZPE01152001T02MT02EBS001H065952UZPE01152001T02MT02EBS001H0659F0659|52UZPE01152001T02MT02EBS001H065952UZPE01152001T02MT02EBS001H0659F0659CC12694522
3|1476|SANDRA|MARITZA|MUNOZ|BURGOS|CC|1086361297|1991-08-28|2|2|2|9510|3|1||7|07|||8|85.0|165|||2||||||||||||52UZPE01152001T02MT02EBS001H066252UZPE01152001T02MT02EBS001H0662F0662|52UZPE01152001T02MT02EBS001H066252UZPE01152001T02MT02EBS001H0662F0662CC1086361297
3|1477|ANA|LUCIA|HUERTAS|CABRERA|CC|30729480|1962-05-25|2|2|4|9510|3|1||3|07|||8|59.0|162|||2||||||||||||52UZPE01152001T02MT02EBS001H066052UZPE01152001T02MT02EBS001H0660F0660|52UZPE01152001T02MT02EBS001H066052UZPE01152001T02MT02EBS001H0660F0660CC30729480
3|1478|MERCEDES|ISABEL|HUERTAS|CABRERA|CC|30724436|1959-07-21|2|2|4|5169|9|2||3|07|||8|62.0|160|||2||||||||||||52UZPE01152001T02MT02EBS001H066152UZPE01152001T02MT02EBS001H0661F0661|52UZPE01152001T02MT02EBS001H066152UZPE01152001T02MT02EBS001H0661F0661CC30724436
3|1479|CARLOS|MAURICIO|HUERTAS|CABRERA|CC|98396724|1970-02-15|1|2|4|9999|3|2||7|07|||8|81.0|175|||2||||||||||||52UZPE01152001T02MT02EBS001H066152UZPE01152001T02MT02EBS001H0661F0661|52UZPE01152001T02MT02EBS001H066152UZPE01152001T02MT02EBS001H0661F0661CC98396724
3|1480|MARIA|ANGELINA|MONTENEGRO|LEON|CC|27078407|1948-10-14|2|2|1|9998|3|1||3|07|||8|56.0|145|||2||||||||||||52UZPE01152001T02MT02EBS001H066352UZPE01152001T02MT02EBS001H0663F0663|52UZPE01152001T02MT02EBS001H066352UZPE01152001T02MT02EBS001H0663F0663CC27078407
3|1481|JHON|BRAYAR|ARCOS|ARCOS|CC|1085268295|1988-10-09|1|2|2|5169|9|2||7|07|||8|86.0|175|||2||||||||||||52UZPE01152001T02MT02EBS001H066552UZPE01152001T02MT02EBS001H0665F0665|52UZPE01152001T02MT02EBS001H066552UZPE01152001T02MT02EBS001H0665F0665CC1085268295
3|1482|JARLY|FERNANDA|CHATEZ|MARTINEZ|CC|1085285355|1990-12-13|2|2|2|5169|9|1||7|07|||8|65.0|165|||2||||||||||||52UZPE01152001T02MT02EBS001H066552UZPE01152001T02MT02EBS001H0665F0665|52UZPE01152001T02MT02EBS001H066552UZPE01152001T02MT02EBS001H0665F0665CC1085285355
3|1483|ROLANDO|DARIO|CAICEDO|RAMOS|CC|12749126|1980-02-29|1|2|1|9622|11|1||7|07|||8|69.0|164|||2||||||||||||52UZPE01152001T02MT02EBS001H066652UZPE01152001T02MT02EBS001H0666F0666|52UZPE01152001T02MT02EBS001H066652UZPE01152001T02MT02EBS001H0666F0666CC12749126
3|1484|ANDREA|JAQUELINA|ROSERO|TIMANA|CC|27088417|1978-07-01|2|2|2|5169|9|2||7|07|||8|65.0|170|||2||||||||||||52UZPE01152001T02MT02EBS001H066752UZPE01152001T02MT02EBS001H0667F0667|52UZPE01152001T02MT02EBS001H066752UZPE01152001T02MT02EBS001H0667F0667CC27088417
3|1485|YULIETH|FERNANDA|SANTACRUZ|ROSERO|CC|1138524675|2006-01-28|2|2|3|9998|3|2||7|07|||8|59.0|170|||2||||||||||||52UZPE01152001T02MT02EBS001H066752UZPE01152001T02MT02EBS001H0667F0667|52UZPE01152001T02MT02EBS001H066752UZPE01152001T02MT02EBS001H0667F0667CC1138524675
3|1486|BRIAN|ALEJANDER|GUACAS|DIAZ|CC|1085307893|1993-06-15|1|2|1|5169|7|2||7|07|||8|81.0|169|||2||||||||||||52UZPE01152001T02MT02EBS001H066752UZPE01152001T02MT02EBS001H0667F0667|52UZPE01152001T02MT02EBS001H066752UZPE01152001T02MT02EBS001H0667F0667CC1085307893
3|1487|SANDRA|LILIANA|RUIZ|BRAVO|CC|59830259|1972-06-18|2|2|1|9622|9|1||7|07|||8|75.0|163|||2||||||||||||52UZPE01152001T02MT02EBS001H066852UZPE01152001T02MT02EBS001H0668F0668|52UZPE01152001T02MT02EBS001H066852UZPE01152001T02MT02EBS001H0668F0668CC59830259
3|1488|VIVKY|LORENA|TROYA|MARTINEZ|CC|1085269415|1988-11-13|2|2|1|5169|9|2||7|07|||8|58.0|150|||2||||||||||||52UZPE01152001T02MT02EBS001H066952UZPE01152001T02MT02EBS001H0669F0669|52UZPE01152001T02MT02EBS001H066952UZPE01152001T02MT02EBS001H0669F0669CC1085269415
3|1489|AIDA|GLORIA|BRAVO|MERINO|CC|27075916|1949-02-28|2|2|1|9998|1|1||3|07|||2|61.0|158|||2||||||||||||52UZPE01152001T02MT02EBS001H067052UZPE01152001T02MT02EBS001H0670F0670|52UZPE01152001T02MT02EBS001H067052UZPE01152001T02MT02EBS001H0670F0670CC27075916
3|1490|ROSITA|NA|CANTICUS|NA|CC|1087814074|2000-01-01|2|2|1|9998|3|1||7|07|||8|70.0|140|||2||||||||||||52UZPE01152001T02MT02EBS001H067152UZPE01152001T02MT02EBS001H0671F0671|52UZPE01152001T02MT02EBS001H067152UZPE01152001T02MT02EBS001H0671F0671CC1087814074
3|1491|MARGARITA|ROSA|ERAZO|ESCOBAR|CC|30742604|1961-07-16|2|2|1|9998|4|1||3|07|||8|71.0|163|||2||||||||||||52UZPE01152001T02MT02EBS001H067252UZPE01152001T02MT02EBS001H0672F0672|52UZPE01152001T02MT02EBS001H067252UZPE01152001T02MT02EBS001H0672F0672CC30742604
3|1492|BERTA|CECILIA|PANTOJA|NA|CC|27069376|1942-03-14|2|2|1|9998|2|2||3|07|||8|78.0|165|||2||||||||||||52UZPE01152001T02MT02EBS001H067352UZPE01152001T02MT02EBS001H0673F0673|52UZPE01152001T02MT02EBS001H067352UZPE01152001T02MT02EBS001H0673F0673CC27069376
3|1493|JUAN|PABLO|BOLANOS|VILLADA|CC|1085316122|1994-10-20|1|2|3|5169|9|2||7|07|||8|70.0|167|||2||||||||||||52UZPE01152001T02MT02EBS001H067452UZPE01152001T02MT02EBS001H0674F0674|52UZPE01152001T02MT02EBS001H067452UZPE01152001T02MT02EBS001H0674F0674CC1085316122
3|1494|HAYA|LADY|VILLADA|GOMEZ|CC|30298503|1964-10-14|2|2|1|9998|3|2||3|07|||8|60.0|158|||2||||||||||||52UZPE01152001T02MT02EBS001H067452UZPE01152001T02MT02EBS001H0674F0674|52UZPE01152001T02MT02EBS001H067452UZPE01152001T02MT02EBS001H0674F0674CC30298503
3|1495|MONICA|ANDREA|NAVIA|ALVAREZ|CC|59825893|1974-02-14|2|2|1|9998|9|2||7|07|||8|64.0|155|||2||||||||||||52UZPE01152001T02MT02EBS001H067652UZPE01152001T02MT02EBS001H0676F0676|52UZPE01152001T02MT02EBS001H067652UZPE01152001T02MT02EBS001H0676F0676CC59825893
3|1496|CARLOS|EDWIN|BASTIDAS|NARVAEZ|CC|1004640230|2001-08-16|1|2|2|5169|8|1||7|07|||8|75.0|177|||2||||||||||||52UZPE01152001T02MT02EBS001H066452UZPE01152001T02MT02EBS001H0664F0664|52UZPE01152001T02MT02EBS001H066452UZPE01152001T02MT02EBS001H0664F0664CC1004640230
3|1497|GINA|LICETH|AYALA|BOYA|CC|1007516891|2002-04-12|2|2|1|9998|3|1||7|07|||8|66.0|170|||2||||||||||||52UZPE01152001T02MT02EBS001H066452UZPE01152001T02MT02EBS001H0664F0664|52UZPE01152001T02MT02EBS001H066452UZPE01152001T02MT02EBS001H0664F0664CC1007516891
3|1498|LAURA|NA|ORDONEZ|NAVIA|CC|1085335575|1997-07-04|2|2|1|9998|9|2||7|07|||8|48.0|155|||2||||||||||||52UZPE01152001T02MT02EBS001H067552UZPE01152001T02MT02EBS001H0675F0675|52UZPE01152001T02MT02EBS001H067552UZPE01152001T02MT02EBS001H0675F0675CC1085335575
3|1499|ROSA|ELVIRA|PALACIOS|ORDONEZ|CC|27279067|1963-11-28|2|2|2|9622|2|2||3|07|||8|52.0|150|||2||||||||||||52UZPE01152001T02MT02EBS001H067752UZPE01152001T02MT02EBS001H0677F0677|52UZPE01152001T02MT02EBS001H067752UZPE01152001T02MT02EBS001H0677F0677CC27279067
3|1500|RAUL|NEIL|ORDONEZ|ORDONEZ|CC|12974043|1959-10-24|1|2|1|9622|2|1||3|07|||8|64.0|158|||2||||||||||||52UZPE01152001T02MT02EBS001H067752UZPE01152001T02MT02EBS001H0677F0677|52UZPE01152001T02MT02EBS001H067752UZPE01152001T02MT02EBS001H0677F0677CC12974043
3|1501|CARMEN|OMAIRA|ORDONEZ|ARGOTY|CC|27278723|1957-03-13|2|2|2|5169|2|2||3|07|||8|57.0|157|||2||||||||||||52UZPE01152001T02MT02EBS001H067852UZPE01152001T02MT02EBS001H0678F0678|52UZPE01152001T02MT02EBS001H067852UZPE01152001T02MT02EBS001H0678F0678CC27278723
3|1502|ELIAS|NA|ORDONES|GOMEZ|CC|5276123|1948-05-12|1|2|1|9998|2|2||3|07|||8|61.0|157|||2||||||||||||52UZPE01152001T02MT02EBS001H067852UZPE01152001T02MT02EBS001H0678F0678|52UZPE01152001T02MT02EBS001H067852UZPE01152001T02MT02EBS001H0678F0678CC5276123
3|1503|MARTHA|NA|ORDONEZ|MARTINEZ|CC|30709409|1953-01-19|2|2|1|9998|7|2||3|07|||8|62.0|153|||2||||||||||||52UZPE01152001T02MT02EBS001H067952UZPE01152001T02MT02EBS001H0679F0679|52UZPE01152001T02MT02EBS001H067952UZPE01152001T02MT02EBS001H0679F0679CC30709409
3|1504|MERLY|CAROLINA|QUINONEZ|BENAVIDES|CC|1061717118|2007-03-09|2|2|6|9998|3|1||7|07|||8|64.0|160|||2||||||||||||52UZPE01152001T02MT02EBS001H068052UZPE01152001T02MT02EBS001H0680F0680|52UZPE01152001T02MT02EBS001H068052UZPE01152001T02MT02EBS001H0680F0680CC1061717118
3|1505|HUMBERTO|OLMER|BEDOYA|HERRERA|CC|6543745|1970-11-30|1|2|1|9622|2|2||7|07|||8|75.0|174|||2||||||||||||52UZPE01152001T02MT02EBS001H068152UZPE01152001T02MT02EBS001H0681F0681|52UZPE01152001T02MT02EBS001H068152UZPE01152001T02MT02EBS001H0681F0681CC6543745
3|1506|MARIA|JOSE|ROSA|NOGUERA|CC|1087408325|2004-12-23|2|2|3|9998|7|1||7|07|||8|53.0|157|||2||||||||||||52UZPE01152001T02MT02EBS001H068252UZPE01152001T02MT02EBS001H0682F0682|52UZPE01152001T02MT02EBS001H068252UZPE01152001T02MT02EBS001H0682F0682CC1087408325
3|1507|RODRIGO|ENERSTO|DACHIARDI|RENGIFO|CC|98386443|1973-12-05|1|2|1|5169|7|1||7|07|||8|72.0|176|||2||||||||||||52UZPE01152001T02MT02EBS001H068352UZPE01152001T02MT02EBS001H0683F0683|52UZPE01152001T02MT02EBS001H068352UZPE01152001T02MT02EBS001H0683F0683CC98386443
3|1508|MARIA|DELPILAR|PILLIMUE|BERNAL|CC|25545959|1979-09-23|2|2|2|5169|9|1||7|07|||8|50.0|149|||2||||||||||||52UZPE01152001T02MT02EBS001H068352UZPE01152001T02MT02EBS001H0683F0683|52UZPE01152001T02MT02EBS001H068352UZPE01152001T02MT02EBS001H0683F0683CC25545959
3|1509|YENY|ELIZABETH|MONCAYO|MONCAYO|CC|36950043|1977-08-31|2|2|1|9622|3|1||7|07|||8|68.0|157|||2||||||||||||52UZPE01152001T02MT02EBS001H068452UZPE01152001T02MT02EBS001H0684F0684|52UZPE01152001T02MT02EBS001H068452UZPE01152001T02MT02EBS001H0684F0684CC36950043
3|1510|ALIRIO|ALFONSO|LOPEZ|PAZ|CC|12989817|1966-05-12|1|2|2|9622|3|1||7|07|||8|68.0|172|||2||||||||||||52UZPE01152001T02MT02EBS001H068452UZPE01152001T02MT02EBS001H0684F0684|52UZPE01152001T02MT02EBS001H068452UZPE01152001T02MT02EBS001H0684F0684CC12989817
3|1511|NATHALIA|JULIETH|LOPEZ|MONCAYO|CC|1004471041|2000-02-16|2|2|3|9998|3|1||7|07|||8|54.0|164|||2||||||||||||52UZPE01152001T02MT02EBS001H068452UZPE01152001T02MT02EBS001H0684F0684|52UZPE01152001T02MT02EBS001H068452UZPE01152001T02MT02EBS001H0684F0684CC1004471041
3|1512|CARLOS|ANTONIO|ANDRADE|MOREANO|CC|13071018|1981-06-06|1|2|2|9622|9|1||7|07|||8|65.0|158|||2||||||||||||52UZPE01152001T02MT02EBS001H068552UZPE01152001T02MT02EBS001H0685F0685|52UZPE01152001T02MT02EBS001H068552UZPE01152001T02MT02EBS001H0685F0685CC13071018
3|1513|PAOLA|MICHEL|GOMEZ|DELGADO|CC|1083812968|1991-08-30|2|2|1|9622|9|1||7|07|||8|53.0|150|||2||||||||||||52UZPE01152001T02MT02EBS001H068552UZPE01152001T02MT02EBS001H0685F0685|52UZPE01152001T02MT02EBS001H068552UZPE01152001T02MT02EBS001H0685F0685CC1083812968
3|1514|TERESA|MARIA|SANTACRUZ|NA|CC|59819499|1954-10-12|2|2|1|5169|1|1||3|07|||8|62.0|150|||2||||||||||||52UZPE01152001T02MT02EBS001H068652UZPE01152001T02MT02EBS001H0686F0686|52UZPE01152001T02MT02EBS001H068652UZPE01152001T02MT02EBS001H0686F0686CC59819499
3|1515|ANA|ROCIO|MARTINEZ|VITERI|CC|30739437|1968-07-31|2|2|1|9622|8|2||7|07|||8|51.0|155|||2||||||||||||52UZPE01152001T02MT02EBS001H068752UZPE01152001T02MT02EBS001H0687F0687|52UZPE01152001T02MT02EBS001H068752UZPE01152001T02MT02EBS001H0687F0687CC30739437
3|1516|CRISTIAN|SANTIAGO|MUNOZ|BENAVIDES|CC|1004206855|2000-07-10|1|2|1|9622|7|2||7|07|||8|88.0|174|||2||||||||||||52UZPE01152001T02MT02EBS001H068852UZPE01152001T02MT02EBS001H0688F0688|52UZPE01152001T02MT02EBS001H068852UZPE01152001T02MT02EBS001H0688F0688CC1004206855
3|1517|DORIS|ALICIA|YEPES|CABRERA|CC|36993715|1957-01-05|2|2|2|9510|1|2||3|07|||8|68.0|153|||2||||||||||||52UZPE01152001T02MT02EBS001H068952UZPE01152001T02MT02EBS001H0689F0689|52UZPE01152001T02MT02EBS001H068952UZPE01152001T02MT02EBS001H0689F0689CC36993715
3|1518|ALVARO|GUILLERMO|BASTIDAS|MOLINA|CC|13006499|1957-03-07|1|2|1|9510|2|2||3|07|||8|69.0|155|||2||||||||||||52UZPE01152001T02MT02EBS001H068952UZPE01152001T02MT02EBS001H0689F0689|52UZPE01152001T02MT02EBS001H068952UZPE01152001T02MT02EBS001H0689F0689CC13006499
3|1519|LIZETH|VALENTINA|SANTACRUZ|GRISALES|CC|1004193573|2000-09-18|2|2|3|9998|3|2||7|07|||8|48.0|154|||2||||||||||||52UZPE01152001T02MT02EBS001H069052UZPE01152001T02MT02EBS001H0690F0690|52UZPE01152001T02MT02EBS001H069052UZPE01152001T02MT02EBS001H0690F0690CC1004193573
3|1520|MARY|ALEJANDRA|GRISALES|IBARRA|CC|36757807|1981-08-17|2|2|1|9622|7|2||7|07|||8|63.0|155|||2||||||||||||52UZPE01152001T02MT02EBS001H069052UZPE01152001T02MT02EBS001H0690F0690|52UZPE01152001T02MT02EBS001H069052UZPE01152001T02MT02EBS001H0690F0690CC36757807
3|1521|GLADYS|DELCARMEN|IBARRA|IBARRA|CC|30722388|1962-02-25|2|2|1|9998|2|1||3|07|||8|41.0|160|||2||||||||||||52UZPE01152001T02MT02EBS001H069152UZPE01152001T02MT02EBS001H0691F0691|52UZPE01152001T02MT02EBS001H069152UZPE01152001T02MT02EBS001H0691F0691CC30722388
3|1522|JESSIKA|ESTEFANIA|GRISALES|IBARRA|CC|1085294050|1990-04-25|2|2|3|9622|8|2||7|07|||8|61.0|162|||2||||||||||||52UZPE01152001T02MT02EBS001H069252UZPE01152001T02MT02EBS001H0692F0692|52UZPE01152001T02MT02EBS001H069252UZPE01152001T02MT02EBS001H0692F0692CC1085294050
3|1523|ROSA|DELCARMEN|CISNEROS|ORTEGA|CC|59832097|1966-10-15|2|2|6|9510|2|1||7|07|||8|76.0|157|||2||||||||||||52UZPE01152001T02MT01EBS001H069352UZPE01152001T02MT01EBS001H0693F0693|52UZPE01152001T02MT01EBS001H069352UZPE01152001T02MT01EBS001H0693F0693CC59832097
3|1524|MARIA|ISABEL|MARCILLO|NOTIENE|CC|1085260667|1987-09-02|2|2|2|9998|3|1||7|07|||8|71.0|156|||2||||||||||||52UZPE01152001T02MT01EBS001H069452UZPE01152001T02MT01EBS001H0694F0694|52UZPE01152001T02MT01EBS001H069452UZPE01152001T02MT01EBS001H0694F0694CC1085260667
3|1525|DARWIN|ANIBAL|JOJOA|JOJOA|CC|12751502|1981-12-29|1|2|2|9622|3|1||7|07|||8|78.0|168|||2||||||||||||52UZPE01152001T02MT01EBS001H069452UZPE01152001T02MT01EBS001H0694F0694|52UZPE01152001T02MT01EBS001H069452UZPE01152001T02MT01EBS001H0694F0694CC12751502
3|1526|DORIS|NA|MESIAS|ORTEGA|CC|30739123|1965-02-04|2|2|1|9998|9|1||3|07|||8|55.0|165|||2||||||||||||52UZPE01152001T02MT01EBS001H069552UZPE01152001T02MT01EBS001H0695F0695|52UZPE01152001T02MT01EBS001H069552UZPE01152001T02MT01EBS001H0695F0695CC30739123
3|1527|GABRIEL|ALEJANDRO|PLAZAS|MESIAS|CC|1004508685|2002-04-05|1|2|3|9998|3|1||7|07|||8|70.0|172|||2||||||||||||52UZPE01152001T02MT01EBS001H069652UZPE01152001T02MT01EBS001H0696F0696|52UZPE01152001T02MT01EBS001H069652UZPE01152001T02MT01EBS001H0696F0696CC1004508685
3|1528|AMPARO|DELSOCORRO|CAGUASANGO|PENA|CC|30728741|1961-06-17|2|2|1|9998|3|2||3|07|||8|72.0|155|||2||||||||||||52UZPE01152001T02MT01EBS001H069752UZPE01152001T02MT01EBS001H0697F0697|52UZPE01152001T02MT01EBS001H069752UZPE01152001T02MT01EBS001H0697F0697CC30728741
3|1529|JOSE|ISAIAS|DELGADO|QUINTANA|CC|1140420408|1988-05-30|1|2|2|9622|3|1||7|07|||8|50.0|168|||2||||||||||||52UZPE01152001T02MT01EBS001H069852UZPE01152001T02MT01EBS001H0698F0698|52UZPE01152001T02MT01EBS001H069852UZPE01152001T02MT01EBS001H0698F0698CC1140420408
3|1530|MERLI|CATHERINE|MENDEZ|PENA|CC|5947072|1992-05-12|2|2|1|9510|3|1||7|07|||8|68.0|166|||2||||||||||||52UZPE01152001T02MT01EBS001H069852UZPE01152001T02MT01EBS001H0698F0698|52UZPE01152001T02MT01EBS001H069852UZPE01152001T02MT01EBS001H0698F0698CC5947072
3|1531|NELSON|JAVIER|CAMPO|BEDOYA|CC|12967289|1956-05-24|1|2|1|9998|9|1||3|07|||8|89.0|177|||2||||||||||||52UZPE01152001T02MT01EBS001H069952UZPE01152001T02MT01EBS001H0699F0699|52UZPE01152001T02MT01EBS001H069952UZPE01152001T02MT01EBS001H0699F0699CC12967289
3|1532|SINDY|VANESA|CERON|LEITON|CC|1085322474|1995-02-07|2|2|1|5169|7|2||7|07|||8|65.0|165|||2||||||||||||52UZPE01152001T02MT01EBS001H070052UZPE01152001T02MT01EBS001H0700F0700|52UZPE01152001T02MT01EBS001H070052UZPE01152001T02MT01EBS001H0700F0700CC1085322474
3|1533|JHONNY|BERNARDO|CERON|BENAVIDES|CC|98385399|1972-06-01|1|2|1|5169|7|2||7|07|||8|72.0|170|||2||||||||||||52UZPE01152001T02MT01EBS001H070152UZPE01152001T02MT01EBS001H0701F0701|52UZPE01152001T02MT01EBS001H070152UZPE01152001T02MT01EBS001H0701F0701CC98385399
3|1534|MARLY|DELCARMEN|LEITON|CHAVEZ|CC|59823172|1972-06-01|2|2|1|9998|8|2||7|07|||8|69.0|156|||2||||||||||||52UZPE01152001T02MT01EBS001H070152UZPE01152001T02MT01EBS001H0701F0701|52UZPE01152001T02MT01EBS001H070152UZPE01152001T02MT01EBS001H0701F0701CC59823172
3|1535|LUIS|BERNARDO|BRAVO|BENAVIDES|CC|12978943|1961-03-22|1|2|1|5169|3|2||3|07|||8|59.0|160|||2||||||||||||52UZPE01152001T02MT01EBS001H070252UZPE01152001T02MT01EBS001H0702F0702|52UZPE01152001T02MT01EBS001H070252UZPE01152001T02MT01EBS001H0702F0702CC12978943
3|1536|LEIDY|MIREYA|REVELO|SANTACRUZ|CC|1085252431|1985-06-07|2|2|3|9998|13|1||7|07|||8|58.0|152|||2||||||||||||52UZPE01152001T02MT04EBS001H070352UZPE01152001T02MT04EBS001H0703F0703|52UZPE01152001T02MT04EBS001H070352UZPE01152001T02MT04EBS001H0703F0703CC1085252431
3|1537|ANA|GLORIA|SANTACRUZ|POLO|CC|30720696|1961-02-20|2|2|1|9510|3|1||3|07|||8|55.0|150|||2||||||||||||52UZPE01152001T02MT04EBS001H070352UZPE01152001T02MT04EBS001H0703F0703|52UZPE01152001T02MT04EBS001H070352UZPE01152001T02MT04EBS001H0703F0703CC30720696
3|1538|GLORIA|MARIA|MIRAMAG|MENESES|CC|30736275|1948-09-02|2|2|1|9998|1|1||3|07|||8|59.0|145|||2||||||||||||52UZPE01152001T02MT01EBS001H070452UZPE01152001T02MT01EBS001H0704F0704|52UZPE01152001T02MT01EBS001H070452UZPE01152001T02MT01EBS001H0704F0704CC30736275
3|1539|JIMMY|FERNANDO|CAICEDO|ORDONEZ|CC|98382931|1971-11-19|1|2|1|9510|3|1||7|07|||8|57.0|158|||2||||||||||||52UZPE01152001T02MT01EBS001H070552UZPE01152001T02MT01EBS001H0705F0705|52UZPE01152001T02MT01EBS001H070552UZPE01152001T02MT01EBS001H0705F0705CC98382931
3|1540|JENNY|MAGALY|BENAVIDES|CERON|CC|30745987|1969-05-02|2|2|1|9510|3|1||7|07|||8|47.0|165|||2||||||||||||52UZPE01152001T02MT01EBS001H070652UZPE01152001T02MT01EBS001H0706F0706|52UZPE01152001T02MT01EBS001H070652UZPE01152001T02MT01EBS001H0706F0706CC30745987
3|1541|ANGIE|JOHANA|CABRERA|GOYES|CC|1085328448|1996-04-09|2|2|3|9998|13|1||7|01|||8|62.0|153|||2||||||||||||52UZPE01152001T02MT01EBS001H070752UZPE01152001T02MT01EBS001H0707F0707|52UZPE01152001T02MT01EBS001H070752UZPE01152001T02MT01EBS001H0707F0707CC1085328448
3|1542|PATRICIA|DELCARMEN|GOYES|NOTIENE|CC|30738039|1967-10-28|2|2|1|9998|3|1||7|01|||8|74.0|163|||2||||||||||||52UZPE01152001T02MT01EBS001H070752UZPE01152001T02MT01EBS001H0707F0707|52UZPE01152001T02MT01EBS001H070752UZPE01152001T02MT01EBS001H0707F0707CC30738039
3|1543|ROLDAN|ESAUL|CABRERA|VELASQUES|CC|12987667|1966-02-01|1|2|2|9622|8|1||7|01|||8|79.0|167|||2||||||||||||52UZPE01152001T02MT01EBS001H070752UZPE01152001T02MT01EBS001H0707F0707|52UZPE01152001T02MT01EBS001H070752UZPE01152001T02MT01EBS001H0707F0707CC12987667
3|1544|DIEGO|ALEJANDRO|CABRERA|GOYES|CC|1085347218|1999-08-20|1|2|3|9510|3|1||7|07|||8|73.0|180|||2||||||||||||52UZPE01152001T02MT01EBS001H070852UZPE01152001T02MT01EBS001H0708F0708|52UZPE01152001T02MT01EBS001H070852UZPE01152001T02MT01EBS001H0708F0708CC1085347218
3|1545|AQUILES|ORLANDO|BURBANO|SANTACRUZ|CC|1802179|1938-12-05|1|2|6|9510|2|1||3|07|||1|80.0|162|||2||||||||||||52UZPE01152001T02MT01EBS001H070952UZPE01152001T02MT01EBS001H0709F0709|52UZPE01152001T02MT01EBS001H070952UZPE01152001T02MT01EBS001H0709F0709CC1802179
3|1546|JUAN|DAVID|VILLARRAGA|MOLINA|CC|1080040831|2002-09-29|1|2|3|9998|3|1||7|07|||8|59.0|170|||2||||||||||||52UZPE01152001T02MT01EBS001H071052UZPE01152001T02MT01EBS001H0710F0710|52UZPE01152001T02MT01EBS001H071052UZPE01152001T02MT01EBS001H0710F0710CC1080040831
3|1547|JESSICA|JOHANA|MOLINA|FAJARDO|CC|1085271954|1987-12-18|2|2|6|9998|3|1||7|07|||8|60.0|156|||2||||||||||||52UZPE01152001T02MT01EBS001H071052UZPE01152001T02MT01EBS001H0710F0710|52UZPE01152001T02MT01EBS001H071052UZPE01152001T02MT01EBS001H0710F0710CC1085271954
3|1548|ROSARIO|DELCARMEN|CAGUASANGO|PENA|CC|30722291|1958-12-16|2|2|1|9998|3|1||3|07|||8|65.0|155|||2||||||||||||52UZPE01152001T02MT01EBS001H071152UZPE01152001T02MT01EBS001H0711F0711|52UZPE01152001T02MT01EBS001H071152UZPE01152001T02MT01EBS001H0711F0711CC30722291
3|1549|LAURA|GABRIELA|ERASO|CAGUASANGO|CC|1085346044|1999-05-22|2|2|3|9998|3|1||7|07|||8|50.0|151|||2||||||||||||52UZPE01152001T02MT01EBS001H071152UZPE01152001T02MT01EBS001H0711F0711|52UZPE01152001T02MT01EBS001H071152UZPE01152001T02MT01EBS001H0711F0711CC1085346044
3|1550|LUIS|MIGUEL|BOLANOS|SALAZAR|CC|1085281969|1990-06-18|1|2|5|9622|3|1||7|07|||8|58.0|168|||2||||||||||||52UZPE01152001T02MT01EBS001H071252UZPE01152001T02MT01EBS001H0712F0712|52UZPE01152001T02MT01EBS001H071252UZPE01152001T02MT01EBS001H0712F0712CC1085281969
3|1551|PEDRO|MARCIAL|MIRAMAG|MADRONERO|CC|13071997|1980-07-13|1|2|5|5169|3|2||7|07|||8|57.0|160|||2||||||||||||52UZPE01152001T02MT01EBS001H071352UZPE01152001T02MT01EBS001H0713F0713|52UZPE01152001T02MT01EBS001H071352UZPE01152001T02MT01EBS001H0713F0713CC13071997
3|1552|JORGE|LUIS|SANTACRUZ|BOLANOS|CC|98378988|1971-04-27|1|2|1|9510|7|1||7|07|||8|77.0|178|||2||||||||||||52UZPE01152001T02MT01EBS001H071452UZPE01152001T02MT01EBS001H0714F0714|52UZPE01152001T02MT01EBS001H071452UZPE01152001T02MT01EBS001H0714F0714CC98378988
3|1553|DORIS|LUCIA|PATINO|VILLAREAL|CC|36754420|1979-03-07|2|2|2|9510|3|1||7|07|||8|64.0|153|||2||||||||||||52UZPE01152001T02MT01EBS001H071452UZPE01152001T02MT01EBS001H0714F0714|52UZPE01152001T02MT01EBS001H071452UZPE01152001T02MT01EBS001H0714F0714CC36754420
3|1554|PAOLA|ANDREA|ARIAS|CABRERA|CC|1085318785|1995-02-07|2|2|3|9998|3|1||7|07|||8|88.0|152|||2||||||||||||52UZPE01152001T02MT01EBS001H071552UZPE01152001T02MT01EBS001H0715F0715|52UZPE01152001T02MT01EBS001H071552UZPE01152001T02MT01EBS001H0715F0715CC1085318785
3|1555|CRISTINA|ESTEFANIA|SERRANO|FUERTES|CC|1085295026|1992-01-16|2|2|1|5169|9|1||7|07|||8|92.0|156|||2||||||||||||52UZPE01152001T02MT01EBS001H071652UZPE01152001T02MT01EBS001H0716F0716|52UZPE01152001T02MT01EBS001H071652UZPE01152001T02MT01EBS001H0716F0716CC1085295026
3|1556|JANETH|DELCARMEN|CARLOSAMA|ZAMBRANO|CC|1004342774|2002-02-02|2|1|1|9510|7|1||7|07|||8|61.0|153|||2||||||||||||52UZPE01152001T02MT01EBS001H071752UZPE01152001T02MT01EBS001H0717F0717|52UZPE01152001T02MT01EBS001H071752UZPE01152001T02MT01EBS001H0717F0717CC1004342774
3|1557|MILAGRO|AMPARO|PORTILLA|RIASCOS|CC|30703291|1951-11-13|2|2|1|9998|3|2||3|07|||8|51.0|165|||2||||||||||||52UZPE01152001T02MT01EBS001H071852UZPE01152001T02MT01EBS001H0718F0718|52UZPE01152001T02MT01EBS001H071852UZPE01152001T02MT01EBS001H0718F0718CC30703291
3|1558|RUTH|OMAIRA|MORA|DERIVERA|CC|27079664|1950-05-08|2|2|2|9998|3|2||3|07|||8|68.0|147|||2||||||||||||52UZPE01152001T02MT01EBS001H071952UZPE01152001T02MT01EBS001H0719F0719|52UZPE01152001T02MT01EBS001H071952UZPE01152001T02MT01EBS001H0719F0719CC27079664
3|1559|GUIDO|ALEJANDRO|RIVERA|MORA|CC|12993746|1968-06-05|1|2|3|9510|7|1||7|07|||8|76.0|170|||2||||||||||||52UZPE01152001T02MT01EBS001H072052UZPE01152001T02MT01EBS001H0720F0720|52UZPE01152001T02MT01EBS001H072052UZPE01152001T02MT01EBS001H0720F0720CC12993746
3|1560|MARIO|ANDRES|LOPEZ|NOGUERA|CC|1085283573|1990-08-27|1|2|3|9510|2|1||7|07|||8|65.0|170|||2||||||||||||52UZPE01152001T02MT01EBS001H072152UZPE01152001T02MT01EBS001H0721F0721|52UZPE01152001T02MT01EBS001H072152UZPE01152001T02MT01EBS001H0721F0721CC1085283573
3|1561|AMPARO|MAGDALENA|PORTILLA|RIASCOS|CC|30706788|1953-03-31|2|2|1|9998|3|1||3|07|||8|66.0|156|||2||||||||||||52UZPE01152001T02MT01EBS001H072252UZPE01152001T02MT01EBS001H0722F0722|52UZPE01152001T02MT01EBS001H072252UZPE01152001T02MT01EBS001H0722F0722CC30706788
3|1562|FLOR|DEMARIA|PORTILLA|RIASCOS|CC|30715176|1954-12-12|2|2|1|9998|3|1||3|07|||8|52.0|154|||2||||||||||||52UZPE01152001T02MT01EBS001H072352UZPE01152001T02MT01EBS001H0723F0723|52UZPE01152001T02MT01EBS001H072352UZPE01152001T02MT01EBS001H0723F0723CC30715176
3|1563|GLORIA|PIEDAD|PORTILLA|DECORTEZ|CC|27068135|1942-01-20|2|2|4|9998|3|1||3|07|||8|48.0|160|||2||||||||||||52UZPE01152001T02MT01EBS001H072452UZPE01152001T02MT01EBS001H0724F0724|52UZPE01152001T02MT01EBS001H072452UZPE01152001T02MT01EBS001H0724F0724CC27068135
3|1564|AMPARO|DELSOCORRO|PARRA|BURBANO|CC|30706850|1952-02-05|2|2|1|9622|2|1||3|07|||8|71.0|166|||2||||||||||||52UZPE01152001T02MT01EBS001H072552UZPE01152001T02MT01EBS001H0725F0725|52UZPE01152001T02MT01EBS001H072552UZPE01152001T02MT01EBS001H0725F0725CC30706850
3|1565|MARGOT|DELCARMEN|ROSERO|CALDAS|CC|30709100|1956-04-13|2|2|1|9998|9|2||3|07|||8|60.0|156|||2||||||||||||52UZPE01152001T02MT01EBS001H072852UZPE01152001T02MT01EBS001H0728F0728|52UZPE01152001T02MT01EBS001H072852UZPE01152001T02MT01EBS001H0728F0728CC30709100
3|1566|ANDRES|EFEEN|BENAVIDES|RAMOS|CC|98390595|1974-08-02|1|2|3|9510|2|1||7|07|||8|56.0|160|||2||||||||||||52UZPE01152001T02MT01EBS001H072952UZPE01152001T02MT01EBS001H0729F0729|52UZPE01152001T02MT01EBS001H072952UZPE01152001T02MT01EBS001H0729F0729CC98390595
3|1567|ILIA|DELSOCORRO|RAMOS|BENAVIDES|CC|27927750|1939-08-27|2|2|1|9998|2|1||3|07|||8|58.0|148|||2||||||||||||52UZPE01152001T02MT01EBS001H073052UZPE01152001T02MT01EBS001H0730F0730|52UZPE01152001T02MT01EBS001H073052UZPE01152001T02MT01EBS001H0730F0730CC27927750
3|1568|GABRIELA|NA|BENAVIDES|RAMOS|CC|27089812|1979-08-17|2|2|1|9510|3|1||7|07|||8|62.0|153|||2||||||||||||52UZPE01152001T02MT01EBS001H073152UZPE01152001T02MT01EBS001H0731F0731|52UZPE01152001T02MT01EBS001H073152UZPE01152001T02MT01EBS001H0731F0731CC27089812
3|1569|MARIANA|DEJESUS|BASANTE|URRESTI|CC|27219558|1959-06-01|2|2|1|9998|2|1||3|07|||8|49.0|156|||2||||||||||||52UZPE01152001T02MT01EBS001H073252UZPE01152001T02MT01EBS001H0732F0732|52UZPE01152001T02MT01EBS001H073252UZPE01152001T02MT01EBS001H0732F0732CC27219558
3|1570|FRANCISCO|DAVID|CAICEDO|BASANTE|CC|1085335380|1995-01-04|1|2|3|9998|2|1||7|07|||8|57.0|157|||2||||||||||||52UZPE01152001T02MT01EBS001H073352UZPE01152001T02MT01EBS001H0733F0733|52UZPE01152001T02MT01EBS001H073352UZPE01152001T02MT01EBS001H0733F0733CC1085335380
3|1571|MARIA|FERNANDO|GARCIA|GRUESO|CC|59664970|1963-11-27|2|2|1|9998|3|1||3|07|||8|57.0|165|||2||||||||||||52UZPE01152001T02MT01EBS001H073452UZPE01152001T02MT01EBS001H0734F0734|52UZPE01152001T02MT01EBS001H073452UZPE01152001T02MT01EBS001H0734F0734CC59664970
3|1572|LENNYN|ESTEBAN|GARCIA|NOGUERA|CC|1087793644|1999-03-11|1|2|1|9510|3|1||7|07|||8|60.0|173|||2||||||||||||52UZPE01152001T02MT01EBS001H073552UZPE01152001T02MT01EBS001H0735F0735|52UZPE01152001T02MT01EBS001H073552UZPE01152001T02MT01EBS001H0735F0735CC1087793644
3|1573|SARAID|LASTENIA|BALBUENA|PEREZ|PT|5922874|1996-12-19|2|2|2|9510|3|1||7|06|||8|70.0|175|||2||||||||||||52UZPE01152001T02MT01EBS001H073552UZPE01152001T02MT01EBS001H0735F0735|52UZPE01152001T02MT01EBS001H073552UZPE01152001T02MT01EBS001H0735F0735PT5922874
3|1574|LUZ|STELLA|HERNANDEZ|CASTELLANOS|CC|52740921|1977-08-02|2|2|1|9510|2|1||7|07|||8|83.0|162|||2||||||||||||52UZPE01152001T02MT01EBS001H073652UZPE01152001T02MT01EBS001H0736F0736|52UZPE01152001T02MT01EBS001H073652UZPE01152001T02MT01EBS001H0736F0736CC52740921
3|1575|JHON|SEBASTIAN|NARVAEZ|NARVAEZ|CC|1085333665|1997-01-26|1|2|3|9622|3|5||4|07|||1|79.0|165|||2||||||||||||52UZPE01152001T02MT01EBS001H073752UZPE01152001T02MT01EBS001H0737F0737|52UZPE01152001T02MT01EBS001H073752UZPE01152001T02MT01EBS001H0737F0737CC1085333665
3|1576|JUAN|CARLOS|BENAVIDES|RAMOS|CC|12998744|1970-07-16|1|2|3|5169|9|2||7|07|||8|74.0|156|||2||||||||||||52UZPE01152001T02MT01EBS001H073852UZPE01152001T02MT01EBS001H0738F0738|52UZPE01152001T02MT01EBS001H073852UZPE01152001T02MT01EBS001H0738F0738CC12998744
3|1577|IMELDA|NA|JARAMILLO|DECHAVEZ|CC|27200695|1938-11-15|2|2|5|9998|2|2||3|07|||8|75.0|152|||2||||||||||||52UZPE01152001T02MT01EBS001H073952UZPE01152001T02MT01EBS001H0739F0739|52UZPE01152001T02MT01EBS001H073952UZPE01152001T02MT01EBS001H0739F0739CC27200695
3|1578|MARTHA|ESPERANZA|PANTOJA|DEARGOTY|CC|27072221|1943-04-25|2|2|1|9510|9|1||3|07|||8|45.0|156|||2||||||||||||52UZPE01152001T02MT01EBS001H074052UZPE01152001T02MT01EBS001H0740F0740|52UZPE01152001T02MT01EBS001H074052UZPE01152001T02MT01EBS001H0740F0740CC27072221
3|1579|MARIA|FERNANDA|ERASO|SUARES|CC|1086500194|1996-04-25|2|2|1|9510|3|1||7|07|||8|53.0|161|||2||||||||||||52UZPE01152001T02MT01EBS001H074152UZPE01152001T02MT01EBS001H0741F0741|52UZPE01152001T02MT01EBS001H074152UZPE01152001T02MT01EBS001H0741F0741CC1086500194
3|1580|JAVIER|NA|FERNANDEZ|ORTEGA|CC|5276451|1967-08-22|1|2|4|5169|9|2||7|07|||8|76.0|162|||2||||||||||||52UZPE01152001T02MT01EBS001H074252UZPE01152001T02MT01EBS001H0742F0742|52UZPE01152001T02MT01EBS001H074252UZPE01152001T02MT01EBS001H0742F0742CC5276451
3|1581|PAOLA|ANDREA|SANTACRUZ|MUNOZ|CC|1022325397|1986-06-13|2|2|1|9510|7|1||7|07|||8|50.0|150|||2||||||||||||52UZPE01152001T02MT01EBS001H074352UZPE01152001T02MT01EBS001H0743F0743|52UZPE01152001T02MT01EBS001H074352UZPE01152001T02MT01EBS001H0743F0743CC1022325397
3|1582|TATIANA|CAROLINA|SANTACRUZ|BRABO|CC|1085273014|1989-04-14|2|2|1|9510|7|1||7|07|||8|72.0|152|||2||||||||||||52UZPE01152001T02MT01EBS001H074452UZPE01152001T02MT01EBS001H0744F0744|52UZPE01152001T02MT01EBS001H074452UZPE01152001T02MT01EBS001H0744F0744CC1085273014
3|1583|JORGE|ARMANDO|ENRIQUEZ|FLOREZ|CC|87069462|1985-06-05|1|2|1|9622|9|5||7|07|||8|72.0|170|||2||||||||||||52UZPE01152001T02MT02EBS001H074552UZPE01152001T02MT02EBS001H0745F0745|52UZPE01152001T02MT02EBS001H074552UZPE01152001T02MT02EBS001H0745F0745CC87069462
3|1584|ROSARIO|ERODITA|PANTOJA|PENAFIEL|CC|30729964|1957-10-24|2|2|5|9998|2|1||3|07|||8|64.0|150|||2||||||||||||52UZPE01152001T02MT03EBS001H074652UZPE01152001T02MT03EBS001H0746F0746|52UZPE01152001T02MT03EBS001H074652UZPE01152001T02MT03EBS001H0746F0746CC30729964
3|1585|ILDA|CANDIDA|PAZ|DELGADO|CC|59176097|1965-12-20|2|2|5|9998|2|1||7|07|||8|52.0|149|||2||||||||||||52UZPE01152001T02MT03EBS001H074852UZPE01152001T02MT03EBS001H0748F0748|52UZPE01152001T02MT03EBS001H074852UZPE01152001T02MT03EBS001H0748F0748CC59176097
3|1586|DANIEL|ALEXANDER|OSORIO|HERRERA|CC|1004190537|1987-11-30|1|2|1|5169|2|1||7|07|||8|78.0|171|||2||||||||||||52UZPE01152001T02MT03EBS001H074952UZPE01152001T02MT03EBS001H0749F0749|52UZPE01152001T02MT03EBS001H074952UZPE01152001T02MT03EBS001H0749F0749CC1004190537
3|1587|DANIEL|NOTIENE|PINEDA|NARANJO|CC|1023946576|1997-11-03|1|2|2|9622|2|1||7|07|||8|85.0|180|||2||||||||||||52UZPE01152001T02MT01EBS001H075052UZPE01152001T02MT01EBS001H0750F0750|52UZPE01152001T02MT01EBS001H075052UZPE01152001T02MT01EBS001H0750F0750CC1023946576
3|1588|DIANA|ALEJANDRA|DELGADO|BURBANO|CC|1131085106|1994-11-12|2|2|2|9998|3|1||7|07|||8|55.0|147|||2||||||||||||52UZPE01152001T02MT01EBS001H075052UZPE01152001T02MT01EBS001H0750F0750|52UZPE01152001T02MT01EBS001H075052UZPE01152001T02MT01EBS001H0750F0750CC1131085106
3|1589|DARIO|FERNANDO|PANTOJA|ACOSTA|CC|1087413444|1988-09-01|1|2|1|9622|2|1||7|07|||8|72.0|172|||2||||||||||||52UZPE01152001T02MT01EBS001H075152UZPE01152001T02MT01EBS001H0751F0751|52UZPE01152001T02MT01EBS001H075152UZPE01152001T02MT01EBS001H0751F0751CC1087413444
3|1590|MONICA|DELCARMEN|CALPA|PIANDA|CC|30742506|1969-01-30|2|2|1|9998|9|2||7|07|||8|62.0|158|||2||||||||||||52UZPE01152001T02MT01EBS001H075252UZPE01152001T02MT01EBS001H0752F0752|52UZPE01152001T02MT01EBS001H075252UZPE01152001T02MT01EBS001H0752F0752CC30742506
3|1591|SEGUNDO|ANTONIO|CHAMORRO|BARCENAS|CC|5045268|1938-08-24|1|2|1|9999|2|2||3|07|||8|85.0|160|||2||||||||||||52UZPE01152001T02MT01EBS001H075352UZPE01152001T02MT01EBS001H0753F0753|52UZPE01152001T02MT01EBS001H075352UZPE01152001T02MT01EBS001H0753F0753CC5045268
3|1592|MONICA|PATRICIA|CHAMORRO|BELALCAZAR|CC|37084642|1979-03-07|2|2|3|9998|13|2||4|07|||1|43.0|140|||2||||||||||||52UZPE01152001T02MT01EBS001H075352UZPE01152001T02MT01EBS001H0753F0753|52UZPE01152001T02MT01EBS001H075352UZPE01152001T02MT01EBS001H0753F0753CC37084642
3|1593|LUCILA|MARIA|BELACAZAR|DECHAMORRO|CC|27529124|1939-03-01|2|2|2|9998|2|2||3|07|||8|64.0|145|||2||||||||||||52UZPE01152001T02MT01EBS001H075352UZPE01152001T02MT01EBS001H0753F0753|52UZPE01152001T02MT01EBS001H075352UZPE01152001T02MT01EBS001H0753F0753CC27529124
3|1594|ULISES|SALOMON|TABLA|RAMIREZ|CC|12962154|1956-08-11|1|2|6|9998|3|1||3|07|||1|61.0|160|||2||||||||||||52UZPE01152001T02MT01EBS001H075452UZPE01152001T02MT01EBS001H0754F0754|52UZPE01152001T02MT01EBS001H075452UZPE01152001T02MT01EBS001H0754F0754CC12962154
3|1595|CARMEN|HELENA|RUIZ|NA|CC|30713002|1958-12-30|2|2|3|9998|3|2||3|07|||8|65.0|150|||2||||||||||||52UZPE01152001T02MT03EBS001H075552UZPE01152001T02MT03EBS001H0755F0755|52UZPE01152001T02MT03EBS001H075552UZPE01152001T02MT03EBS001H0755F0755CC30713002
3|1596|ROBERT|ORLANDO|VILLAVICENCIO|ARBOLE|CC|12967580|1959-04-22|1|2|1|9998|9|2||3|07|||8|78.0|174|||2||||||||||||52UZPE01152001T02MT03EBS001H075652UZPE01152001T02MT03EBS001H0756F0756|52UZPE01152001T02MT03EBS001H075652UZPE01152001T02MT03EBS001H0756F0756CC12967580
3|1597|ENRIQUE|ERNESTO|LUNA|BOLANOS|CC|12980270|1962-06-06|1|2|1|9510|3|1||3|07|||8|73.0|180|||2||||||||||||52UZPE01152001T02MT03EBS001H075752UZPE01152001T02MT03EBS001H0757F0757|52UZPE01152001T02MT03EBS001H075752UZPE01152001T02MT03EBS001H0757F0757CC12980270
3|1598|LAURA|TATIANA|PINEDA|GONZALES|CC|1004608218|2002-02-07|2|2|3|9510|3|2||7|07|||8|65.0|160|||2||||||||||||52UZPE01152001T02MT01EBS001H075852UZPE01152001T02MT01EBS001H0758F0758|52UZPE01152001T02MT01EBS001H075852UZPE01152001T02MT01EBS001H0758F0758CC1004608218
3|1599|BLANCA|AMPARO|GONZALES|GUERRERO|CC|59665840|1967-11-11|2|2|1|9998|3|2||7|07|||8|60.0|167|||2||||||||||||52UZPE01152001T02MT01EBS001H075952UZPE01152001T02MT01EBS001H0759F0759|52UZPE01152001T02MT01EBS001H075952UZPE01152001T02MT01EBS001H0759F0759CC59665840
3|1600|JULIO|ALVARO|BASTIDAS|SANTANDER|CC|5198339|1942-06-06|1|2|1|9999|3|2||3|07|||8|55.0|175|||2||||||||||||52UZPE01152001T02MT02EBS001H076052UZPE01152001T02MT02EBS001H0760F0760|52UZPE01152001T02MT02EBS001H076052UZPE01152001T02MT02EBS001H0760F0760CC5198339
3|1601|CARMEN|ELISA|RODRIGUEZ|DEPATINO|CC|27075655|1946-10-11|2|2|1|9999|3|1||3|07|||8|65.0|146|||2||||||||||||52UZPE01152001T02MT02EBS001H076152UZPE01152001T02MT02EBS001H0761F0761|52UZPE01152001T02MT02EBS001H076152UZPE01152001T02MT02EBS001H0761F0761CC27075655
3|1602|SANTANDER|NA|BOLANOS|GOMEZ|CC|5276409|1965-11-08|1|2|1|9999|3|1||4|07|||2|50.0|162|||2||||||||||||52UZPE01152001T02MT02EBS001H076252UZPE01152001T02MT02EBS001H0762F0762|52UZPE01152001T02MT02EBS001H076252UZPE01152001T02MT02EBS001H0762F0762CC5276409
3|1603|ZOILA|CECILIA|ERAZO|DECRUZ|CC|27231439|1941-03-13|2|2|1|9999|3|2||3|07|||8|39.0|155|||2||||||||||||52UZPE01152001T02MT02EBS001H076352UZPE01152001T02MT02EBS001H0763F0763|52UZPE01152001T02MT02EBS001H076352UZPE01152001T02MT02EBS001H0763F0763CC27231439
3|1604|EDVAR|NA|CABRERA|RIVERA|CC|5332407|1941-05-14|1|2|1|9999|3|1||3|07|||8|51.0|168|||2||||||||||||52UZPE01152001T02MT02EBS001H076452UZPE01152001T02MT02EBS001H0764F0764|52UZPE01152001T02MT02EBS001H076452UZPE01152001T02MT02EBS001H0764F0764CC5332407
3|1605|SIXTA|CLEMENCIA|CHAVEZ|TORRES|CC|38961555|1943-02-07|2|2|1|9999|3|1||3|07|||8|41.0|141|||2||||||||||||52UZPE01152001T02MT02EBS001H076552UZPE01152001T02MT02EBS001H0765F0765|52UZPE01152001T02MT02EBS001H076552UZPE01152001T02MT02EBS001H0765F0765CC38961555
3|1606|MARIA|ELVIA|ARTEAGA|VALLEJO|CC|27159733|1953-01-12|2|2|1|9999|3|1||3|07|||8|44.0|154|||2||||||||||||52UZPE01152001T02MT02EBS001H076652UZPE01152001T02MT02EBS001H0766F0766|52UZPE01152001T02MT02EBS001H076652UZPE01152001T02MT02EBS001H0766F0766CC27159733
3|1607|ANA|LUISA|JARAMILLO|DEOVIEDO|CC|27070877|1937-11-18|2|2|1|9999|3|2||3|07|||8|59.0|154|||2||||||||||||52UZPE01152001T02MT02EBS001H076752UZPE01152001T02MT02EBS001H0767F0767|52UZPE01152001T02MT02EBS001H076752UZPE01152001T02MT02EBS001H0767F0767CC27070877
3|1608|ELSA|OFELIA|LOPEZ|DECABRERA|CC|27074349|1943-02-08|2|2|1|9999|3|2||3|07|||8|43.0|156|||2||||||||||||52UZPE01152001T02MT02EBS001H076852UZPE01152001T02MT02EBS001H0768F0768|52UZPE01152001T02MT02EBS001H076852UZPE01152001T02MT02EBS001H0768F0768CC27074349
3|1609|GUILLER|JAVIER|VILLADA|IBARRA|CC|80426233|1972-02-22|1|2|3|9510|3|5||7|07|||8|84.0|168|||2||||||||||||52UZPE01152001T02MT02EBS001H076952UZPE01152001T02MT02EBS001H0769F0769|52UZPE01152001T02MT02EBS001H076952UZPE01152001T02MT02EBS001H0769F0769CC80426233
3|1610|TERESA|DEJESUS|CHICAIZA|DEPRADO|CC|27070897|1943-11-09|2|2|5|9998|2|2||3|07|||8|43.0|155|||2||||||||||||52UZPE01152001T02MT02EBS001H077052UZPE01152001T02MT02EBS001H0770F0770|52UZPE01152001T02MT02EBS001H077052UZPE01152001T02MT02EBS001H0770F0770CC27070897
3|1611|GUILLERMO|HERNANDO|MARTINEZ|RONDON|CC|12952390|1948-11-17|1|2|6|9998|2|2||3|07|||8|51.0|167|||2||||||||||||52UZPE01152001T02MT02EBS001H077152UZPE01152001T02MT02EBS001H0771F0771|52UZPE01152001T02MT02EBS001H077152UZPE01152001T02MT02EBS001H0771F0771CC12952390
3|1612|CARLOS|EFRAIN|NARVAEZ|MORA|CC|12969050|1959-08-04|1|2|6|9998|2|2||3|07|||8|57.0|180|||2||||||||||||52UZPE01152001T02MT02EBS001H077352UZPE01152001T02MT02EBS001H0773F0773|52UZPE01152001T02MT02EBS001H077352UZPE01152001T02MT02EBS001H0773F0773CC12969050
3|1613|FANNY|JOSEFINA|PATINO|DETIMANA|CC|27056557|1933-12-14|2|2|5|9998|2|5||3|07|||8|35.0|153|||2||||||||||||52UZPE01152001T02MT02EBS001H077452UZPE01152001T02MT02EBS001H0774F0774|52UZPE01152001T02MT02EBS001H077452UZPE01152001T02MT02EBS001H0774F0774CC27056557
3|1614|MARIA|MYRIAM|BERMEO|PARRA|CC|27078860|1945-10-04|2|2|5|9998|2|1||3|07|||8|45.3|158|||2||||||||||||52UZPE01152001T02MT02EBS001H077552UZPE01152001T02MT02EBS001H0775F0775|52UZPE01152001T02MT02EBS001H077552UZPE01152001T02MT02EBS001H0775F0775CC27078860
3|1615|MARIA|ROSALINA|PATINO|NN|CC|27461023|1956-01-15|2|2|5|9998|2|1||3|07|||8|33.5|140|||2||||||||||||52UZPE01152001T02MT02EBS001H077652UZPE01152001T02MT02EBS001H0776F0776|52UZPE01152001T02MT02EBS001H077652UZPE01152001T02MT02EBS001H0776F0776CC27461023
3|1616|JOSE|BERNARDO|DIAZ|ARTEAGA|CC|5203027|1945-12-01|1|2|5|9998|3|2||3|07|||8|64.0|172|||2||||||||||||52UZPE01152001T02MT02EBS001H077752UZPE01152001T02MT02EBS001H0777F0777|52UZPE01152001T02MT02EBS001H077752UZPE01152001T02MT02EBS001H0777F0777CC5203027
3|1617|MABEL|LILIANA|REVELO|SANTACRUZ|CC|1085264700|1988-02-23|2|2|6|9998|7|1||7|07|||8|58.0|150|||2||||||||||||52UZPE01152001T02MT04EBS001H077852UZPE01152001T02MT04EBS001H0778F0778|52UZPE01152001T02MT04EBS001H077852UZPE01152001T02MT04EBS001H0778F0778CC1085264700
3|1618|NANCY|DELSOCORRO|SANCHEZ|ERASO|CC|59824816|1974-05-01|2|2|4|5169|5|2||7|07|||8|55.0|144|||2||||||||||||52UZPE01152001T03MT01EBS001H033752UZPE01152001T03MT01EBS001H0337F0337|52UZPE01152001T03MT01EBS001H033752UZPE01152001T03MT01EBS001H0337F0337CC59824816
3|1619|LUIS|FRANCO|VILLOTA|ENRIQUEZ|CC|12974908|1960-07-03|1|2|1|9622|2|1||3|07|||8|55.0|165|||2||||||||||||52UZPE01152001T03MT03EBS001H077952UZPE01152001T03MT03EBS001H0779F0779|52UZPE01152001T03MT03EBS001H077952UZPE01152001T03MT03EBS001H0779F0779CC12974908
3|1620|YANETH|DELROCIO|ERASO|RODRIGUEZ|CC|27080670|1969-05-05|2|2|5|9622|2|1||7|07|||8|57.0|156|||2||||||||||||52UZPE01152001T03MT03EBS001H078052UZPE01152001T03MT03EBS001H0780F0780|52UZPE01152001T03MT03EBS001H078052UZPE01152001T03MT03EBS001H0780F0780CC27080670
3|1621|GERMAN|MARTIN|REVELO|ERASO|CC|1085342103|1998-09-13|1|2|3|9998|5|1||7|07|||8|84.0|175|||2||||||||||||52UZPE01152001T03MT03EBS001H078052UZPE01152001T03MT03EBS001H0780F0780|52UZPE01152001T03MT03EBS001H078052UZPE01152001T03MT03EBS001H0780F0780CC1085342103
3|1622|HERMAN|MARTIN|REVELO|RAMOS|CC|12990878|1967-01-24|1|2|5|9622|3|1||7|07|||8|65.0|160|||2||||||||||||52UZPE01152001T03MT03EBS001H078052UZPE01152001T03MT03EBS001H0780F0780|52UZPE01152001T03MT03EBS001H078052UZPE01152001T03MT03EBS001H0780F0780CC12990878
3|1623|FABIAN|DANILO|MORA|ORTEGA|CC|98400603|1977-09-07|1|2|3|9998|3|1||7|07|||8|60.0|160|||2||||||||||||52UZPE01152001T03MT01EBS001H078152UZPE01152001T03MT01EBS001H0781F0781|52UZPE01152001T03MT01EBS001H078152UZPE01152001T03MT01EBS001H0781F0781CC98400603
3|1624|AURA|MARGARITA|ORTEGA|SANTACRUZ|CC|27056675|1934-11-08|2|2|5|9998|2|2||3|07|||1|50.0|148|||2||||||||||||52UZPE01152001T03MT01EBS001H078152UZPE01152001T03MT01EBS001H0781F0781|52UZPE01152001T03MT01EBS001H078152UZPE01152001T03MT01EBS001H0781F0781CC27056675
3|1625|CECILIA|MARTHA|MORENO|SANTACRUZ|CC|30703273|1949-03-30|2|2|5|9998|2|1||3|07|||8|70.0|155|||2||||||||||||52UZPE01152001T03MT03EBS001H078252UZPE01152001T03MT03EBS001H0782F0782|52UZPE01152001T03MT03EBS001H078252UZPE01152001T03MT03EBS001H0782F0782CC30703273
3|1626|LUZ|NA|BURBANO|RIVERA|CC|30703283|1938-12-31|2|2|5|9998|2|1||3|07|||2|52.0|153|||2||||||||||||52UZPE01152001T03MT03EBS001H078352UZPE01152001T03MT03EBS001H0783F0783|52UZPE01152001T03MT03EBS001H078352UZPE01152001T03MT03EBS001H0783F0783CC30703283
3|1627|MARIO|ANDRES|ECHEVERRY|BURBANO|CC|13068049|1980-09-13|1|2|3|9510|2|1||7|07|||8|73.0|173|||2||||||||||||52UZPE01152001T03MT03EBS001H078352UZPE01152001T03MT03EBS001H0783F0783|52UZPE01152001T03MT03EBS001H078352UZPE01152001T03MT03EBS001H0783F0783CC13068049
3|1628|HERLY|JAMES|REINOSA|DELGADO|CC|13068971|1980-08-22|1|2|5|5169|9|2||7|07|||8|81.0|175|||2||||||||||||52UZPE01152001T03MT03EBS001H078452UZPE01152001T03MT03EBS001H0784F0784|52UZPE01152001T03MT03EBS001H078452UZPE01152001T03MT03EBS001H0784F0784CC13068971
3|1629|HERLY|CAMILO|REINOSA|MONCAYO|CC|1085342144|1998-09-23|1|2|3|9998|4|1||7|07|||8|80.0|172|||2||||||||||||52UZPE01152001T03MT03EBS001H078452UZPE01152001T03MT03EBS001H0784F0784|52UZPE01152001T03MT03EBS001H078452UZPE01152001T03MT03EBS001H0784F0784CC1085342144
3|1630|JOSEPH|STEVE|REINOSA|MONCAYO|CC|1080048844|2007-03-10|1|2|3|9998|5|2||7|07|||8|71.0|173|||2||||||||||||52UZPE01152001T03MT03EBS001H078452UZPE01152001T03MT03EBS001H0784F0784|52UZPE01152001T03MT03EBS001H078452UZPE01152001T03MT03EBS001H0784F0784CC1080048844
3|1631|LENIS|YOMAIRA|MONCAYO|BOTINA|CC|37081967|1982-07-22|2|2|5|5169|9|2||7|07|||8|69.0|163|||2||||||||||||52UZPE01152001T03MT03EBS001H078452UZPE01152001T03MT03EBS001H0784F0784|52UZPE01152001T03MT03EBS001H078452UZPE01152001T03MT03EBS001H0784F0784CC37081967
3|1632|RUTH|NA|ASCUNTAR|RIOS|CC|27531941|1957-05-14|2|2|2|9622|2|1||3|07|||8|47.0|153|||2||||||||||||52UZPE01152001T03MT03EBS001H078552UZPE01152001T03MT03EBS001H0785F0785|52UZPE01152001T03MT03EBS001H078552UZPE01152001T03MT03EBS001H0785F0785CC27531941
3|1633|MARIO|FRANCISCO|DAVILA|ALVAREZ|CC|1306773|1955-05-05|1|2|2|9622|2|1||3|07|||8|75.0|166|||2||||||||||||52UZPE01152001T03MT03EBS001H078552UZPE01152001T03MT03EBS001H0785F0785|52UZPE01152001T03MT03EBS001H078552UZPE01152001T03MT03EBS001H0785F0785CC1306773
3|1634|ILDA|DELCARMEN|VILLOTA|TORRES|CC|30704394|1950-10-24|2|2|5|9998|2|2||3|07|||8|73.0|153|||2||||||||||||52UZPE01152001T03MT01EBS001H078652UZPE01152001T03MT01EBS001H0786F0786|52UZPE01152001T03MT01EBS001H078652UZPE01152001T03MT01EBS001H0786F0786CC30704394
3|1635|HENRY|ANTONIO|CHAVEZ|ROSERO|CC|12965545|1958-06-04|1|2|5|9622|3|1||3|07|||8|78.0|173|||2||||||||||||52UZPE01152001T03MT01EBS001H078752UZPE01152001T03MT01EBS001H0787F0787|52UZPE01152001T03MT01EBS001H078752UZPE01152001T03MT01EBS001H0787F0787CC12965545
3|1636|ALICIA|DELCARMEN|DIAZ|OBANDO|CC|30710503|1954-10-17|2|2|5|9998|3|1||3|07|||8|60.0|153|||2||||||||||||52UZPE01152001T03MT01EBS001H078752UZPE01152001T03MT01EBS001H0787F0787|52UZPE01152001T03MT01EBS001H078752UZPE01152001T03MT01EBS001H0787F0787CC30710503
3|1637|ALBERTO|NA|FLOREZ|NA|CC|12963408|1965-02-08|1|2|5|5169|3|2||3|07|||8|67.0|170|||2||||||||||||52UZPE01152001T02MT01EBS001H078852UZPE01152001T02MT01EBS001H0788F0788|52UZPE01152001T02MT01EBS001H078852UZPE01152001T02MT01EBS001H0788F0788CC12963408
3|1638|LUCIA|ELVIRA|LEGARDA|ESPANA|CC|27075932|1946-08-05|2|2|3|9998|5|2||3|07|||8|53.0|155|||2||||||||||||52UZPE01152001T03MT01EBS001H079152UZPE01152001T03MT01EBS001H0791F0791|52UZPE01152001T03MT01EBS001H079152UZPE01152001T03MT01EBS001H0791F0791CC27075932
3|1639|CARLOS|EDUARDO|PATINO|ZAMBRANO|CC|98382057|1971-01-01|1|2|2|9622|3|2||7|07|||8|60.0|165|||2||||||||||||52UZPE01152001T03MT01EBS001H079252UZPE01152001T03MT01EBS001H0792F0792|52UZPE01152001T03MT01EBS001H079252UZPE01152001T03MT01EBS001H0792F0792CC98382057
3|1640|MARIA|BERENICE|TORO|DEVALLEJO|PT|27074534|1940-05-14|2|2|5|9998|3|2||3|07|||8|55.0|156|||2||||||||||||52UZPE01152001T03MT01EBS001H079252UZPE01152001T03MT01EBS001H0792F0792|52UZPE01152001T03MT01EBS001H079252UZPE01152001T03MT01EBS001H0792F0792PT27074534
3|1641|MARITZA|DELPILAR|VALLEJO|TORRES|CC|30746989|1970-11-29|2|2|2|9998|4|2||7|07|||8|60.0|158|||2||||||||||||52UZPE01152001T03MT01EBS001H079252UZPE01152001T03MT01EBS001H0792F0792|52UZPE01152001T03MT01EBS001H079252UZPE01152001T03MT01EBS001H0792F0792CC30746989
3|1642|ALICIA|NA|MARTINEZ|DEGUERRERO|CC|27063631|1940-10-08|2|2|1|9998|2|1||3|07|||8|67.0|135|||2||||||||||||52UZPE01152001T03MT01EBS001H079352UZPE01152001T03MT01EBS001H0793F0793|52UZPE01152001T03MT01EBS001H079352UZPE01152001T03MT01EBS001H0793F0793CC27063631
3|1643|LEIDY|FERNANDA|ENRIQUEZ|VILLAREAL|CC|1085304044|1993-04-09|2|2|3|9998|7|1||7|07|||8|51.0|151|||2||||||||||||52UZPE01152001T03MT01EBS001H079452UZPE01152001T03MT01EBS001H0794F0794|52UZPE01152001T03MT01EBS001H079452UZPE01152001T03MT01EBS001H0794F0794CC1085304044
3|1644|MARINA|CONSUELO|MUNOZ|TORRES|CC|30743795|1967-10-16|2|2|1|9998|9|1||7|07|||8|48.0|148|||2||||||||||||52UZPE01152001T03MT01EBS001H079552UZPE01152001T03MT01EBS001H0795F0795|52UZPE01152001T03MT01EBS001H079552UZPE01152001T03MT01EBS001H0795F0795CC30743795
3|1645|ANA|CRISTINA|GUERREO|OSORIO|CC|59832373|1970-08-26|2|2|1|9998|2|1||7|07|||8|50.0|151|||2||||||||||||52UZPE01152001T03MT01EBS001H078952UZPE01152001T03MT01EBS001H0789F0789|52UZPE01152001T03MT01EBS001H078952UZPE01152001T03MT01EBS001H0789F0789CC59832373
3|1646|LUIS|LISANDRO|MELO|NA|CC|5203328|1946-11-01|1|2|1|9510|2|1||3|07|||8|60.0|159|||2||||||||||||52UZPE01152001T03MT01EBS001H079752UZPE01152001T03MT01EBS001H0797F0797|52UZPE01152001T03MT01EBS001H079752UZPE01152001T03MT01EBS001H0797F0797CC5203328
3|1647|LUZ|MARGOTH|RUIZ|OTERO|CC|59817150|1971-12-12|2|2|1|9998|4|1||7|07|||8|50.0|153|||2||||||||||||52UZPE01152001T03MT01EBS001H079852UZPE01152001T03MT01EBS001H0798F0798|52UZPE01152001T03MT01EBS001H079852UZPE01152001T03MT01EBS001H0798F0798CC59817150
3|1648|CRISTHIAN|CAMILO|MELO|RUIZ|CC|1085342227|1998-09-23|1|2|3|9510|3|1||7|07|||8|65.0|167|||2||||||||||||52UZPE01152001T03MT01EBS001H079852UZPE01152001T03MT01EBS001H0798F0798|52UZPE01152001T03MT01EBS001H079852UZPE01152001T03MT01EBS001H0798F0798CC1085342227
3|1649|ADRIANA|LUCIA|MOSCOSO|MUNOZ|CC|1085322235|1995-07-08|2|2|5|9998|3|1||7|07|||8|68.0|157|||2||||||||||||52UZPE01152001T03MT01EBS001H079952UZPE01152001T03MT01EBS001H0799F0799|52UZPE01152001T03MT01EBS001H079952UZPE01152001T03MT01EBS001H0799F0799CC1085322235
3|1650|CRISTHIAN|OCTAVIO|RODRIGUEZ|NA|CC|1085278646|1988-05-21|1|2|1|9510|2|1||7|07|||8|65.0|151|||2||||||||||||52UZPE01152001T03MT01EBS001H079952UZPE01152001T03MT01EBS001H0799F0799|52UZPE01152001T03MT01EBS001H079952UZPE01152001T03MT01EBS001H0799F0799CC1085278646
3|1651|JANETH|FILOMENA|MONCAYO|NA|CC|37083121|1968-12-20|2|2|5|9998|2|1||7|07|||8|58.0|150|||2||||||||||||52UZPE01152001T02MT02EBS001H080152UZPE01152001T02MT02EBS001H0801F0801|52UZPE01152001T02MT02EBS001H080152UZPE01152001T02MT02EBS001H0801F0801CC37083121
3|1652|HERNAN|DAVID|JARAMILLO|RODRIGUEZ|CC|1085278419|1989-05-10|1|2|1|9510|4|1||7|07|||8|77.0|160|||2||||||||||||52UZPE01152001T03MT01EBS001H080052UZPE01152001T03MT01EBS001H0800F0800|52UZPE01152001T03MT01EBS001H080052UZPE01152001T03MT01EBS001H0800F0800CC1085278419
3|1653|MARITZA|NA|TORRES|GOMEZ|CC|59821842|1972-06-11|2|2|1|9998|5|1||7|07|||8|63.0|156|||2||||||||||||52UZPE01152001T03MT01EBS001H080252UZPE01152001T03MT01EBS001H0802F0802|52UZPE01152001T03MT01EBS001H080252UZPE01152001T03MT01EBS001H0802F0802CC59821842
3|1654|JOSEFINA|DELROSARIO|LOPEZ|NA|CC|27211607|1976-03-19|2|2|2|9510|3|1||7|07|||8|76.0|155|||2||||||||||||52UZPE01152001T02MT01EBS001H080352UZPE01152001T02MT01EBS001H0803F0803|52UZPE01152001T02MT01EBS001H080352UZPE01152001T02MT01EBS001H0803F0803CC27211607
3|1655|JOSE|ALEJANDRO|GOMEZ|LOPEZ|CC|1080692810|2006-08-05|1|2|3|9510|3|1||7|07|||8|70.0|170|||2||||||||||||52UZPE01152001T02MT01EBS001H080352UZPE01152001T02MT01EBS001H0803F0803|52UZPE01152001T02MT01EBS001H080352UZPE01152001T02MT01EBS001H0803F0803CC1080692810
3|1656|LIBARDO|NA|GOMEZ|ORDONEZ|CC|5231583|1966-08-18|1|2|1|9510|3|1||7|07|||8|72.0|170|||2||||||||||||52UZPE01152001T02MT01EBS001H080352UZPE01152001T02MT01EBS001H0803F0803|52UZPE01152001T02MT01EBS001H080352UZPE01152001T02MT01EBS001H0803F0803CC5231583
3|1657|DORA|CECILIA|GOMEZ|LUNA|CC|30711983|1957-06-09|2|2|3|9998|3|2||3|07|||8|52.0|150|||2||||||||||||52UZPE01152001T02MT01EBS001H080752UZPE01152001T02MT01EBS001H0807F0807|52UZPE01152001T02MT01EBS001H080752UZPE01152001T02MT01EBS001H0807F0807CC30711983
3|1658|GLORIA|DELCARMEN|GOMEZ|LUNA|CC|30718258|1951-02-11|2|2|3|9998|3|2||3|07|||8|45.0|145|||2||||||||||||52UZPE01152001T02MT01EBS001H080552UZPE01152001T02MT01EBS001H0805F0805|52UZPE01152001T02MT01EBS001H080552UZPE01152001T02MT01EBS001H0805F0805CC30718258
3|1659|JULIO|CESAR|GOMEZ|LUNA|CC|12984241|1964-09-30|1|2|5|5169|7|2||3|07|||8|50.0|155|||2||||||||||||52UZPE01152001T02MT01EBS001H080652UZPE01152001T02MT01EBS001H0806F0806|52UZPE01152001T02MT01EBS001H080652UZPE01152001T02MT01EBS001H0806F0806CC12984241
3|1660|KEVIN|ADRIAN|RAMIREZ|BUCHELI|CC|1085313402|1994-06-23|1|2|1|5169|7|1||7|07|||8|45.0|161|||2||||||||||||52UZPE01152001T02MT04EBS001H080852UZPE01152001T02MT04EBS001H0808F0808|52UZPE01152001T02MT04EBS001H080852UZPE01152001T02MT04EBS001H0808F0808CC1085313402
3|1661|MARIA|LUISA|CEBALLOS|CAGUASANGO|CC|27061907|1940-07-03|2|2|1|9998|2|1||3|07|||8|62.0|156|||2||||||||||||52UZPE01152001T03MT03EBS001H080952UZPE01152001T03MT03EBS001H0809F0809|52UZPE01152001T03MT03EBS001H080952UZPE01152001T03MT03EBS001H0809F0809CC27061907
3|1662|LILIA|ROSA|MUNOZ|TORRES|CC|30722597|1962-09-18|2|2|2|9998|2|2||3|07|||8|63.0|160|||2||||||||||||52UZPE01152001T03MT03EBS001H081252UZPE01152001T03MT03EBS001H0812F0812|52UZPE01152001T03MT03EBS001H081252UZPE01152001T03MT03EBS001H0812F0812CC30722597
3|1663|HUGO|FRANCISCO|NARVAEZ|NARVAEZ|CC|12973298|1960-05-29|1|2|2|5169|3|2||3|07|||8|78.0|170|||2||||||||||||52UZPE01152001T03MT03EBS001H081252UZPE01152001T03MT03EBS001H0812F0812|52UZPE01152001T03MT03EBS001H081252UZPE01152001T03MT03EBS001H0812F0812CC12973298
3|1664|DORIS|GRACIELA|MARTINEZ|TORRES|CC|36754126|1977-02-25|2|2|2|9998|2|1||7|07|||8|63.0|150|||2||||||||||||52UZPE01152001T03MT03EBS001H081352UZPE01152001T03MT03EBS001H0813F0813|52UZPE01152001T03MT03EBS001H081352UZPE01152001T03MT03EBS001H0813F0813CC36754126
3|1665|ELVIA|CLEMENCIA|VALLEJO|RUANO|CC|27431193|1937-05-19|2|2|5|9998|2|1||3|07|||1|80.0|154|||2||||||||||||52UZPE01152001T03MT01EBS001H080452UZPE01152001T03MT01EBS001H0804F0804|52UZPE01152001T03MT01EBS001H080452UZPE01152001T03MT01EBS001H0804F0804CC27431193
3|1666|JUAN|CARLOS|PAZ|MORALES|CC|1233190205|1997-10-03|1|2|3|9510|3|1||7|07|||8|75.0|170|||2||||||||||||52UZPE01152001T03MT01EBS001H081452UZPE01152001T03MT01EBS001H0814F0814|52UZPE01152001T03MT01EBS001H081452UZPE01152001T03MT01EBS001H0814F0814CC1233190205
3|1667|DORIS|NANCY|MORALES|SUAREZ|CC|30742434|1968-02-22|2|2|5|9510|2|1||7|07|||8|60.0|155|||2||||||||||||52UZPE01152001T03MT01EBS001H081452UZPE01152001T03MT01EBS001H0814F0814|52UZPE01152001T03MT01EBS001H081452UZPE01152001T03MT01EBS001H0814F0814CC30742434
3|1668|JHOANA|ELIZABETH|SOTO|TROYA|CC|1085259615|1987-07-27|2|2|1|9510|5|1||7|07|||8|68.0|150|||2||||||||||||52UZPE01152001T03MT03EBS001H081552UZPE01152001T03MT03EBS001H0815F0815|52UZPE01152001T03MT03EBS001H081552UZPE01152001T03MT03EBS001H0815F0815CC1085259615
3|1669|NIEVES|INES|TROYA|DEREGALADO|CC|30712867|1954-01-05|2|2|5|9998|2|1||3|07|||8|58.0|140|||2||||||||||||52UZPE01152001T03MT03EBS001H081552UZPE01152001T03MT03EBS001H0815F0815|52UZPE01152001T03MT03EBS001H081552UZPE01152001T03MT03EBS001H0815F0815CC30712867
3|1670|PAULA|JULYTH|PARR|MARTINEZ|CC|21081108|1977-10-01|2|2|5|5169|9|2||7|07|||8|10.0|165|||2||||||||||||52UZPE01152001T03MT03EBS001H081652UZPE01152001T03MT03EBS001H0816F0816|52UZPE01152001T03MT03EBS001H081652UZPE01152001T03MT03EBS001H0816F0816CC21081108
3|1671|FRANCISCO|JAVIER|OBANDO|GUERRERO|CC|98380122|1968-07-21|1|2|5|5169|5|2||7|07|||8|60.0|160|||2||||||||||||52UZPE01152001T03MT03EBS001H081652UZPE01152001T03MT03EBS001H0816F0816|52UZPE01152001T03MT03EBS001H081652UZPE01152001T03MT03EBS001H0816F0816CC98380122
3|1672|GABRIELA|SOFIA|OBANDO|PARRA|CC|1004233708|2003-05-11|2|2|3|9998|5|2||7|07|||8|55.0|155|||2||||||||||||52UZPE01152001T03MT03EBS001H081652UZPE01152001T03MT03EBS001H0816F0816|52UZPE01152001T03MT03EBS001H081652UZPE01152001T03MT03EBS001H0816F0816CC1004233708
3|1673|SANDRA|AMELIA|GUZMAN|NOGERA|CC|36750348|1971-11-27|2|2|2|9510|2|1||7|07|||8|70.0|145|||2||||||||||||52UZPE01152001T03MT03EBS001H081752UZPE01152001T03MT03EBS001H0817F0817|52UZPE01152001T03MT03EBS001H081752UZPE01152001T03MT03EBS001H0817F0817CC36750348
3|1674|FRANCISCO|VALLEJO|VALLEJO|DAVID|CC|12992040|1968-03-18|1|2|2|9510|2|1||7|07|||8|55.0|160|||2||||||||||||52UZPE01152001T03MT03EBS001H081752UZPE01152001T03MT03EBS001H0817F0817|52UZPE01152001T03MT03EBS001H081752UZPE01152001T03MT03EBS001H0817F0817CC12992040
3|1675|JHON|JAIRO|JURADO|PATINO|CC|12753873|1983-12-14|1|2|5|9510|5|2||7|07|||8|78.0|168|||2||||||||||||52UZPE01152001T03MT03EBS001H081852UZPE01152001T03MT03EBS001H0818F0818|52UZPE01152001T03MT03EBS001H081852UZPE01152001T03MT03EBS001H0818F0818CC12753873
3|1676|SARA|VALENTINA|JURADO|PARRA|CC|1080690241|2004-01-26|2|2|3|9998|5|1||7|07|||8|59.0|159|||2||||||||||||52UZPE01152001T03MT03EBS001H081852UZPE01152001T03MT03EBS001H0818F0818|52UZPE01152001T03MT03EBS001H081852UZPE01152001T03MT03EBS001H0818F0818CC1080690241
3|1677|JOSE|RENE|ROSERO|MUNOZ|CC|5199850|1944-04-24|1|2|5|9998|2|1||3|07|||8|75.0|177|||2||||||||||||52UZPE01152001T03MT03EBS001H081852UZPE01152001T03MT03EBS001H0818F0818|52UZPE01152001T03MT03EBS001H081852UZPE01152001T03MT03EBS001H0818F0818CC5199850
3|1678|XIMENA|ALEXANDRA|PARRA|ROSERO|CC|1085258683|1986-07-19|2|2|3|9510|5|1||7|07|||8|75.0|165|||2||||||||||||52UZPE01152001T03MT03EBS001H081852UZPE01152001T03MT03EBS001H0818F0818|52UZPE01152001T03MT03EBS001H081852UZPE01152001T03MT03EBS001H0818F0818CC1085258683
3|1679|RUBY|ESPERANZA|BONILLA|NA|CC|34549194|1962-10-01|2|2|1|9998|2|2||3|07|||8|65.0|160|||2||||||||||||52UZPE01152001T03MT01EBS001H081952UZPE01152001T03MT01EBS001H0819F0819|52UZPE01152001T03MT01EBS001H081952UZPE01152001T03MT01EBS001H0819F0819CC34549194
3|1680|FANNY|RUBIELA|NANEZ|LOPEZ|CC|27141614|1960-08-19|2|2|2|9622|2|2||3|07|||8|72.0|158|||2||||||||||||52UZPE01152001T03MT01EBS001H082052UZPE01152001T03MT01EBS001H0820F0820|52UZPE01152001T03MT01EBS001H082052UZPE01152001T03MT01EBS001H0820F0820CC27141614
3|1681|IVAN|NA|PASCUAZA|POLO|CC|87470058|1960-03-28|1|2|2|9622|2|2||3|07|||8|80.0|170|||2||||||||||||52UZPE01152001T03MT01EBS001H082052UZPE01152001T03MT01EBS001H0820F0820|52UZPE01152001T03MT01EBS001H082052UZPE01152001T03MT01EBS001H0820F0820CC87470058
3|1682|ANGELA|LISSETH|CHAPAL|NARVAEZ|CC|1081052535|2004-02-08|2|2|3|9998|3|2||7|07|||8|53.0|150|||2||||||||||||52UZPE01152001T03MT01EBS001H082152UZPE01152001T03MT01EBS001H0821F0821|52UZPE01152001T03MT01EBS001H082152UZPE01152001T03MT01EBS001H0821F0821CC1081052535
3|1683|SANDRA|MILENA|NARVAEZ|DELGADO|CC|36954626|1980-10-28|2|2|5|5169|3|2||7|07|||8|52.0|146|||2||||||||||||52UZPE01152001T03MT01EBS001H082152UZPE01152001T03MT01EBS001H0821F0821|52UZPE01152001T03MT01EBS001H082152UZPE01152001T03MT01EBS001H0821F0821CC36954626
3|1684|LUIS|ARMANDO|CHAPAL|MUESES|CC|98397285|1973-10-01|1|2|5|5169|3|2||7|07|||8|60.0|160|||2||||||||||||52UZPE01152001T03MT01EBS001H082152UZPE01152001T03MT01EBS001H0821F0821|52UZPE01152001T03MT01EBS001H082152UZPE01152001T03MT01EBS001H0821F0821CC98397285
3|1685|MARLY|PATRICIA|SALAS|NA|CC|1085257919|1987-02-01|2|2|2|5169|4|2||7|07|||8|64.0|148|||2||||||||||||52UZPE01152001T03MT03EBS001H082252UZPE01152001T03MT03EBS001H0822F0822|52UZPE01152001T03MT03EBS001H082252UZPE01152001T03MT03EBS001H0822F0822CC1085257919
3|1686|VICTOR|DANIEL|NARVAEZ|DELGADO|CC|12945944|1979-04-20|1|2|1|5169|4|2||7|07|||8|61.0|160|||2||||||||||||52UZPE01152001T03MT03EBS001H082252UZPE01152001T03MT03EBS001H0822F0822|52UZPE01152001T03MT03EBS001H082252UZPE01152001T03MT03EBS001H0822F0822CC12945944
3|1687|OLGA|STELLA|SALAS|GOMEZ|CC|1081052346|1949-04-15|2|2|5|9998|2|1||3|07|||8|60.0|160|||2||||||||||||52UZPE01152001T03MT03EBS001H082252UZPE01152001T03MT03EBS001H0822F0822|52UZPE01152001T03MT03EBS001H082252UZPE01152001T03MT03EBS001H0822F0822CC1081052346
3|1688|JIMMYN|FABIAN|ERAZO|VILLOTA|CC|12752312|1983-07-26|1|2|1|5169|9|1||7|07|||8|72.0|166|||2||||||||||||52UZPE01152001T03MT03EBS001H082352UZPE01152001T03MT03EBS001H0823F0823|52UZPE01152001T03MT03EBS001H082352UZPE01152001T03MT03EBS001H0823F0823CC12752312
3|1689|DANIEL|FELIPE|TABORDA|BENJUMEA|CC|1028120675|1992-09-14|1|2|2|9510|5|2||7|07|||8|63.0|170|||2||||||||||||52UZPE01152001T03MT03EBS001H082452UZPE01152001T03MT03EBS001H0824F0824|52UZPE01152001T03MT03EBS001H082452UZPE01152001T03MT03EBS001H0824F0824CC1028120675
3|1690|INGRITH|KATHERINE|RODRIGUEZ|PANTOJA|CC|1085264512|1988-01-03|2|2|1|5169|9|2||7|07|||8|64.0|155|||2||||||||||||52UZPE01152001T03MT03EBS001H082452UZPE01152001T03MT03EBS001H0824F0824|52UZPE01152001T03MT03EBS001H082452UZPE01152001T03MT03EBS001H0824F0824CC1085264512
3|1691|EUGENIA|PATRICIA|ERASO|GUENGUE|CC|30729866|1966-05-05|2|2|1|9998|2|1||7|07|||8|71.0|158|||2||||||||||||52UZPE01152001T03MT03EBS001H082552UZPE01152001T03MT03EBS001H0825F0825|52UZPE01152001T03MT03EBS001H082552UZPE01152001T03MT03EBS001H0825F0825CC30729866
3|1692|NEBAR|HENRRI|REVELO|FAJARDO|CC|12996339|1969-08-04|1|2|5|9510|3|1||7|07|||8|78.0|169|||2||||||||||||52UZPE01152001T02MT01EBS001H082652UZPE01152001T02MT01EBS001H0826F0826|52UZPE01152001T02MT01EBS001H082652UZPE01152001T02MT01EBS001H0826F0826CC12996339
3|1693|ALEXANDRA|NA|JURADO|APRAEZ|CC|30741213|1967-07-23|2|2|2|9510|3|2||7|07|||8|73.0|153|||2||||||||||||52UZPE01152001T02MT01EBS001H082752UZPE01152001T02MT01EBS001H0827F0827|52UZPE01152001T02MT01EBS001H082752UZPE01152001T02MT01EBS001H0827F0827CC30741213
3|1694|ALIRIO|NA|INSUASTY|FERNANDEZ|CC|14942195|1946-08-12|1|2|2|9510|3|2||3|07|||8|49.0|153|||2||||||||||||52UZPE01152001T02MT01EBS001H082752UZPE01152001T02MT01EBS001H0827F0827|52UZPE01152001T02MT01EBS001H082752UZPE01152001T02MT01EBS001H0827F0827CC14942195
3|1695|NELSA|ANDREA|ROJAS|MIRAMAG|CC|1085327367|1996-01-09|2|2|3|9510|3|1||7|07|||8|58.0|147|||2||||||||||||52UZPE01152001T02MT01EBS001H082852UZPE01152001T02MT01EBS001H0828F0828|52UZPE01152001T02MT01EBS001H082852UZPE01152001T02MT01EBS001H0828F0828CC1085327367
3|1696|CRISTIAN|ANDRES|BUESAQUILLO|BOTINA|CC|1086286320|1990-08-17|1|2|3|5169|3|1||7|07|||8|68.0|175|||2||||||||||||52UZPE01152001T02MT01EBS001H083052UZPE01152001T02MT01EBS001H0830F0830|52UZPE01152001T02MT01EBS001H083052UZPE01152001T02MT01EBS001H0830F0830CC1086286320
3|1697|CARIDAD|NA|DELSOCORRO|SOLARTE|CC|27122724|1952-06-03|2|2|5|9998|2|1||3|07|||1|61.0|155|||2||||||||||||52UZPE01152001T03MT01EBS001H083152UZPE01152001T03MT01EBS001H0831F0831|52UZPE01152001T03MT01EBS001H083152UZPE01152001T03MT01EBS001H0831F0831CC27122724
3|1698|DAVID|NA|GARCIA|SALAZAR|CC|1085270675|1989-02-09|1|2|3|9510|3|2||7|07|||8|75.0|169|||2||||||||||||52UZPE01152001T03MT01EBS001H083252UZPE01152001T03MT01EBS001H0832F0832|52UZPE01152001T03MT01EBS001H083252UZPE01152001T03MT01EBS001H0832F0832CC1085270675
3|1699|EDILMA|DELCARMEN|JOJOA|PUCHANA|CC|30740944|1968-08-18|2|2|5|9622|2|2||7|07|||8|60.0|159|||2||||||||||||52UZPE01152001T03MT01EBS001H083352UZPE01152001T03MT01EBS001H0833F0833|52UZPE01152001T03MT01EBS001H083352UZPE01152001T03MT01EBS001H0833F0833CC30740944
3|1700|EDMUNDO|EDUARDO|JOJOA|NA|CC|12991530|1966-05-01|1|2|5|9622|2|1||7|07|||8|56.0|158|||2||||||||||||52UZPE01152001T03MT01EBS001H083352UZPE01152001T03MT01EBS001H0833F0833|52UZPE01152001T03MT01EBS001H083352UZPE01152001T03MT01EBS001H0833F0833CC12991530
3|1701|DEIMAR|ARBEY|JOJOA|JOJOA|CC|1084227965|1998-01-28|1|2|3|9998|2|1||7|07|||8|60.0|159|||2||||||||||||52UZPE01152001T03MT01EBS001H083352UZPE01152001T03MT01EBS001H0833F0833|52UZPE01152001T03MT01EBS001H083352UZPE01152001T03MT01EBS001H0833F0833CC1084227965
3|1702|JESSICA|ALEJANDRA|PORTILLA|ERASO|CC|1085311754|1994-01-06|2|2|3|5169|3|1||7|07|||8|98.0|161|||2||||||||||||52UZPE01152001T03MT01EBS001H083452UZPE01152001T03MT01EBS001H0834F0834|52UZPE01152001T03MT01EBS001H083452UZPE01152001T03MT01EBS001H0834F0834CC1085311754
3|1703|EDUARDO|ANTONIO|CHANAG|ERAZO|CC|12983437|1965-01-18|1|2|1|9510|3|1||3|07|||8|75.0|157|||2||||||||||||52UZPE01152001T03MT01EBS001H083552UZPE01152001T03MT01EBS001H0835F0835|52UZPE01152001T03MT01EBS001H083552UZPE01152001T03MT01EBS001H0835F0835CC12983437
3|1704|GERARDO|MAURICIO|GONZALEZ|BENAVIDES|CC|12990616|1964-10-11|1|2|4|9510|3|2||3|07|||8|62.0|172|||2||||||||||||52UZPE01152001T02MT04EBS001H083752UZPE01152001T02MT04EBS001H0837F0837|52UZPE01152001T02MT04EBS001H083752UZPE01152001T02MT04EBS001H0837F0837CC12990616
3|1705|CLAUDIA|PATRICIA|GONZALEZ|BENAVIDES|CC|59824959|1973-10-09|2|2|4|9998|2|2||4|07|||1|56.0|154|||2||||||||||||52UZPE01152001T02MT04EBS001H083752UZPE01152001T02MT04EBS001H0837F0837|52UZPE01152001T02MT04EBS001H083752UZPE01152001T02MT04EBS001H0837F0837CC59824959
3|1706|ROCIO|NA|GONZALEZ|BENAVIDES|CC|30713749|1961-11-24|2|2|4|9998|3|1||3|07|||8|52.0|153|||2||||||||||||52UZPE01152001T02MT04EBS001H083752UZPE01152001T02MT04EBS001H0837F0837|52UZPE01152001T02MT04EBS001H083752UZPE01152001T02MT04EBS001H0837F0837CC30713749
3|1707|SONIA|LEONOR|ESPARZA|MONTIEL|CC|30737369|1966-04-16|2|2|3|9510|3|2||7|07|||8|60.0|158|||2||||||||||||52UZPE01152001T02MT04EBS001H083852UZPE01152001T02MT04EBS001H0838F0838|52UZPE01152001T02MT04EBS001H083852UZPE01152001T02MT04EBS001H0838F0838CC30737369
3|1708|YOLANDA|DELCARMEN|MOSQUERA|DEESPARZA|CC|27073501|1943-02-17|2|2|5|9998|2|2||3|07|||8|74.0|162|||2||||||||||||52UZPE01152001T02MT04EBS001H083852UZPE01152001T02MT04EBS001H0838F0838|52UZPE01152001T02MT04EBS001H083852UZPE01152001T02MT04EBS001H0838F0838CC27073501
3|1709|CLAUDIA|XIMENA|GUERRERO|VILLARREAL|CC|30739144|1966-08-08|2|2|3|9998|3|2||7|07|||8|68.0|165|||2||||||||||||52UZPE01152001T02MT04EBS001H084052UZPE01152001T02MT04EBS001H0840F0840|52UZPE01152001T02MT04EBS001H084052UZPE01152001T02MT04EBS001H0840F0840CC30739144
3|1710|HIMELDA|NA|VILLARREAL|REVELO|CC|27066688|1941-04-14|2|2|5|9998|3|2||3|07|||8|55.0|155|||2||||||||||||52UZPE01152001T02MT04EBS001H084052UZPE01152001T02MT04EBS001H0840F0840|52UZPE01152001T02MT04EBS001H084052UZPE01152001T02MT04EBS001H0840F0840CC27066688
3|1711|JHON|ALEXANDER|SALCEDO|PASAJE|CC|1083812313|2005-08-04|1|2|3|9510|3|2||7|07|||8|69.0|174|||2||||||||||||52UZPE01152001T02MT01EBS001H084152UZPE01152001T02MT01EBS001H0841F0841|52UZPE01152001T02MT01EBS001H084152UZPE01152001T02MT01EBS001H0841F0841CC1083812313
3|1712|LIDER|ROLANDO|RIVERA|ERAZO|CC|87067100|1979-08-06|1|2|2|9622|3|1||7|07|||8|76.0|170|||2||||||||||||52UZPE01152001T02MT01EBS001H084152UZPE01152001T02MT01EBS001H0841F0841|52UZPE01152001T02MT01EBS001H084152UZPE01152001T02MT01EBS001H0841F0841CC87067100
3|1713|MILENA|NA|PASAJE|ORDONEZ|CC|27279841|1981-03-25|2|2|5|9510|3|1||7|07|||8|80.0|150|||2||||||||||||52UZPE01152001T02MT01EBS001H084152UZPE01152001T02MT01EBS001H0841F0841|52UZPE01152001T02MT01EBS001H084152UZPE01152001T02MT01EBS001H0841F0841CC27279841
3|1714|GLORIA|ISABEL|GUERRERO|ORTIZ|CC|30703296|1949-04-09|2|2|4|9998|2|1||3|07|||8|70.0|150|||2||||||||||||52UZPE01152001T03MT01EBS001H084252UZPE01152001T03MT01EBS001H0842F0842|52UZPE01152001T03MT01EBS001H084252UZPE01152001T03MT01EBS001H0842F0842CC30703296
3|1715|AIDA|TERESA|GUERRERO|ORTIZ|CC|30703295|1951-09-27|2|2|4|9622|2|1||3|07|||8|52.0|150|||2||||||||||||52UZPE01152001T03MT01EBS001H084252UZPE01152001T03MT01EBS001H0842F0842|52UZPE01152001T03MT01EBS001H084252UZPE01152001T03MT01EBS001H0842F0842CC30703295
3|1716|MARIA|ELENA|GUERRERO|ORTIZ|CC|30727155|1960-01-11|2|2|4|5169|2|1||3|07|||8|48.0|152|||2||||||||||||52UZPE01152001T03MT01EBS001H084252UZPE01152001T03MT01EBS001H0842F0842|52UZPE01152001T03MT01EBS001H084252UZPE01152001T03MT01EBS001H0842F0842CC30727155
3|1717|OLGA|IDALY|LLORENTE|TABLA|CC|59824067|1963-11-09|2|2|1|9510|2|1||3|07|||8|61.0|156|||2||||||||||||52UZPE01152001T03MT01EBS001H081052UZPE01152001T03MT01EBS001H0810F0810|52UZPE01152001T03MT01EBS001H081052UZPE01152001T03MT01EBS001H0810F0810CC59824067
3|1718|EMMA|GRACIELA|TABLA|DELLORENTE|CC|30703774|1949-08-30|2|2|1|9998|2|1||3|07|||1|43.0|152|||2||||||||||||52UZPE01152001T03MT01EBS001H081152UZPE01152001T03MT01EBS001H0811F0811|52UZPE01152001T03MT01EBS001H081152UZPE01152001T03MT01EBS001H0811F0811CC30703774
3|1719|ALONSO|NA|LLORENTE|NA|CC|5199380|1940-04-05|1|2|2|9998|2|1||3|07|||1|37.0|148|||2||||||||||||52UZPE01152001T03MT01EBS001H081152UZPE01152001T03MT01EBS001H0811F0811|52UZPE01152001T03MT01EBS001H081152UZPE01152001T03MT01EBS001H0811F0811CC5199380
3|1720|MARIA|JOSE|ROSERO|SANTACRUZ|CC|1004234672|2002-09-01|2|2|5|9510|5|1||7|07|||8|72.0|156|||2||||||||||||52UZPE01152001T03MT03EBS001H084352UZPE01152001T03MT03EBS001H0843F0843|52UZPE01152001T03MT03EBS001H084352UZPE01152001T03MT03EBS001H0843F0843CC1004234672
3|1721|YOLANDA|DELSOCORRO|GUERRERO|OSORIO|CC|59837454|1975-03-03|2|2|5|9622|2|1||7|07|||8|54.0|147|||2||||||||||||52UZPE01152001T03MT03EBS001H084452UZPE01152001T03MT03EBS001H0844F0844|52UZPE01152001T03MT03EBS001H084452UZPE01152001T03MT03EBS001H0844F0844CC59837454
3|1722|SEGUNDO|EXECINO|FINO|MERCHAN|CC|4243670|1966-07-14|1|2|5|9510|2|1||7|07|||8|71.0|170|||2||||||||||||52UZPE01152001T03MT03EBS001H084452UZPE01152001T03MT03EBS001H0844F0844|52UZPE01152001T03MT03EBS001H084452UZPE01152001T03MT03EBS001H0844F0844CC4243670
3|1723|MARIA|ROSALBA|ACHICANOY|NA|CC|59816489|1966-11-16|2|2|5|9998|2|1||7|07|||8|56.0|156|||2||||||||||||52UZPE01152001T03MT01EBS001H083652UZPE01152001T03MT01EBS001H0836F0836|52UZPE01152001T03MT01EBS001H083652UZPE01152001T03MT01EBS001H0836F0836CC59816489
3|1724|ALFONSO|NEPTALI|RAMOS|JAMAUCA|CC|5277804|1956-10-30|1|2|1|9510|2|1||3|07|||8|56.0|153|||2||||||||||||52UZPE01152001T03MT01EBS001H083652UZPE01152001T03MT01EBS001H0836F0836|52UZPE01152001T03MT01EBS001H083652UZPE01152001T03MT01EBS001H0836F0836CC5277804
3|1725|MARIA|DELSOCORRO|CABRERA|RAMOS|CC|30714050|1952-10-08|2|2|4|9998|3|2||3|07|||8|56.0|150|||2||||||||||||52UZPE01152001T03MT01EBS001H083952UZPE01152001T03MT01EBS001H0839F0839|52UZPE01152001T03MT01EBS001H083952UZPE01152001T03MT01EBS001H0839F0839CC30714050
3|1726|JOSE|ELIAS|ESPANA|CEBALLOS|CC|12980401|1963-01-12|1|2|2|5169|3|2||3|07|||8|98.0|192|||2||||||||||||52UZPE01152001T03MT01EBS001H083952UZPE01152001T03MT01EBS001H0839F0839|52UZPE01152001T03MT01EBS001H083952UZPE01152001T03MT01EBS001H0839F0839CC12980401
3|1727|LUIS|ALBERTO|CABRERA|RAMOS|CC|12962811|1956-06-18|1|2|4|9998|2|1||3|07|||1|48.0|172|||2||||||||||||52UZPE01152001T03MT01EBS001H083952UZPE01152001T03MT01EBS001H0839F0839|52UZPE01152001T03MT01EBS001H083952UZPE01152001T03MT01EBS001H0839F0839CC12962811
3|1728|ROSA|ISABEL|ROSERO|VILLOTA|CC|27244160|1940-06-06|2|2|5|9998|2|2||3|07|||8|53.0|158|||2||||||||||||52UZPE01152001T02MT04EBS001H084552UZPE01152001T02MT04EBS001H0845F0845|52UZPE01152001T02MT04EBS001H084552UZPE01152001T02MT04EBS001H0845F0845CC27244160
3|1729|HILDAFANNY|SOFIA|ORTIZ|ROSERO|CC|27080678|1976-11-30|2|2|3|9998|3|1||7|07|||8|74.0|160|||2||||||||||||52UZPE01152001T02MT04EBS001H084552UZPE01152001T02MT04EBS001H0845F0845|52UZPE01152001T02MT04EBS001H084552UZPE01152001T02MT04EBS001H0845F0845CC27080678
3|1730|GABRIELA|ESTEFANIA|PABON|ORTIZ|CC|1004508406|2001-12-06|2|2|3|5169|7|2||7|07|||8|65.0|168|||2||||||||||||52UZPE01152001T02MT04EBS001H084552UZPE01152001T02MT04EBS001H0845F0845|52UZPE01152001T02MT04EBS001H084552UZPE01152001T02MT04EBS001H0845F0845CC1004508406
3|1731|RICARDO|FABIAN|ORTIZ|ROSERO|CC|98391551|1973-09-17|1|2|4|9510|3|2||7|07|||8|72.0|169|||2||||||||||||52UZPE01152001T02MT04EBS001H084552UZPE01152001T02MT04EBS001H0845F0845|52UZPE01152001T02MT04EBS001H084552UZPE01152001T02MT04EBS001H0845F0845CC98391551
3|1732|CARLOS|ALBERTO|YAQUENO|VILLOTA|CC|1085275924|1989-09-12|1|2|3|9510|3|1||7|07|||8|73.0|167|||2||||||||||||52UZPE01152001T02MT04EBS001H084652UZPE01152001T02MT04EBS001H0846F0846|52UZPE01152001T02MT04EBS001H084652UZPE01152001T02MT04EBS001H0846F0846CC1085275924
3|1733|ANABELLY|NA|JAMANOY|DELACRUZ|CC|1085265855|1988-05-01|2|2|3|9510|3|1||7|07|||8|58.0|147|||2||||||||||||52UZPE01152001T02MT04EBS001H084752UZPE01152001T02MT04EBS001H0847F0847|52UZPE01152001T02MT04EBS001H084752UZPE01152001T02MT04EBS001H0847F0847CC1085265855
3|1734|CRISTINA|AIDALY|CEBALLOS|MIPAZ|CC|1085907699|1988-01-12|2|2|3|9510|3|1||7|07|||8|57.0|150|||2||||||||||||52UZPE01152001T02MT04EBS001H084852UZPE01152001T02MT04EBS001H0848F0848|52UZPE01152001T02MT04EBS001H084852UZPE01152001T02MT04EBS001H0848F0848CC1085907699
3|1735|OSCAR|ALBERTO|JOJOA|NA|CC|12987357|1966-06-04|1|2|5|9510|2|1||7|07|||8|62.0|164|||2||||||||||||52UZPE01152001T03MT01EBS001H084952UZPE01152001T03MT01EBS001H0849F0849|52UZPE01152001T03MT01EBS001H084952UZPE01152001T03MT01EBS001H0849F0849CC12987357
3|1736|FRANCISCO|FABIAN|SANUDO|SANCHEZ|CC|12969868|1959-04-23|1|2|3|9510|5|1||3|07|||8|60.0|159|||2||||||||||||52UZPE01152001T03MT01EBS001H085052UZPE01152001T03MT01EBS001H0850F0850|52UZPE01152001T03MT01EBS001H085052UZPE01152001T03MT01EBS001H0850F0850CC12969868
3|1737|MARIACARLINA|EMMA|SANTACRUZ|MUNOZ|CC|30701107|1947-07-29|2|2|1|9998|2|2||3|07|||8|55.0|145|||2||||||||||||52UZPE01152001T03MT01EBS001H085152UZPE01152001T03MT01EBS001H0851F0851|52UZPE01152001T03MT01EBS001H085152UZPE01152001T03MT01EBS001H0851F0851CC30701107
3|1738|MOISES|ESCOBAR|ESCOBAR|CONCHA|CC|1085257702|1987-05-10|1|2|3|5169|7|2||7|07|||8|70.0|175|||2||||||||||||52UZPE01152001T03MT01EBS001H085252UZPE01152001T03MT01EBS001H0852F0852|52UZPE01152001T03MT01EBS001H085252UZPE01152001T03MT01EBS001H0852F0852CC1085257702
3|1739|MARLENE|DEFATIMA|ESCOBAR|CONCHA|CC|27082608|1960-05-13|2|2|5|9510|3|1||3|07|||8|53.0|152|||2||||||||||||52UZPE01152001T03MT01EBS001H085252UZPE01152001T03MT01EBS001H0852F0852|52UZPE01152001T03MT01EBS001H085252UZPE01152001T03MT01EBS001H0852F0852CC27082608
3|1740|OMAR|GERARDO|ACOSTA|MUNOZ|CC|16353503|1960-05-19|1|2|1|5169|7|5||3|07|||8|78.0|170|||2||||||||||||52UZPE01152001T03MT01EBS001H085352UZPE01152001T03MT01EBS001H0853F0853|52UZPE01152001T03MT01EBS001H085352UZPE01152001T03MT01EBS001H0853F0853CC16353503
3|1741|MARIA|ESPERANZA|PANTOJA|RODRIGUEZ|CC|59830889|1974-03-05|2|2|5|5169|3|2||7|07|||8|61.0|155|||2||||||||||||52UZPE01152001T03MT01EBS001H085352UZPE01152001T03MT01EBS001H0853F0853|52UZPE01152001T03MT01EBS001H085352UZPE01152001T03MT01EBS001H0853F0853CC59830889
3|1742|LUISA|FERNANDA|ACOSTA|PANTOJA|CC|1085315845|1994-09-30|2|2|3|5169|7|2||7|07|||8|52.0|160|||2||||||||||||52UZPE01152001T03MT01EBS001H085352UZPE01152001T03MT01EBS001H0853F0853|52UZPE01152001T03MT01EBS001H085352UZPE01152001T03MT01EBS001H0853F0853CC1085315845
3|1743|IRMA|LEIDY|IPIALES|MUNOZ|CC|36974464|1981-08-23|2|2|3|5169|7|2||7|07|||8|62.0|160|||2||||||||||||52UZPE01152001T03MT01EBS001H085452UZPE01152001T03MT01EBS001H0854F0854|52UZPE01152001T03MT01EBS001H085452UZPE01152001T03MT01EBS001H0854F0854CC36974464
3|1744|MARIA|CAMILA|IPIALES|MUNOZ|CC|1032484636|1996-07-16|2|2|3|5169|7|2||7|07|||8|70.0|171|||2||||||||||||52UZPE01152001T03MT01EBS001H085452UZPE01152001T03MT01EBS001H0854F0854|52UZPE01152001T03MT01EBS001H085452UZPE01152001T03MT01EBS001H0854F0854CC1032484636
3|1745|CITA|IRMA|MUNOZ|RIASCOS|CC|27295467|1959-05-08|2|2|5|9998|2|2||3|07|||8|68.0|152|||2||||||||||||52UZPE01152001T03MT01EBS001H085452UZPE01152001T03MT01EBS001H0854F0854|52UZPE01152001T03MT01EBS001H085452UZPE01152001T03MT01EBS001H0854F0854CC27295467
3|1746|CARLOS|DANIEL|VELASQUEZ|TORRES|CC|1081276304|2007-01-18|1|2|3|9998|7|1||7|07|||8|52.0|161|||2||||||||||||52UZPE01152001T03MT01EBS001H085652UZPE01152001T03MT01EBS001H0856F0856|52UZPE01152001T03MT01EBS001H085652UZPE01152001T03MT01EBS001H0856F0856CC1081276304
3|1747|MAGDALENA|DELPILAR|TORRES|ROSERO|CC|30726438|1964-01-25|2|2|5|5169|3|2||3|07|||8|60.0|150|||2||||||||||||52UZPE01152001T03MT01EBS001H085652UZPE01152001T03MT01EBS001H0856F0856|52UZPE01152001T03MT01EBS001H085652UZPE01152001T03MT01EBS001H0856F0856CC30726438
3|1748|LENIN|ANDERSON|TORRES|ESTUPINAN|CC|1080045324|2005-11-30|1|2|6|9998|3|1||7|07|||8|68.0|168|||2||||||||||||52UZPE01152001T03MT01EBS001H085752UZPE01152001T03MT01EBS001H0857F0857|52UZPE01152001T03MT01EBS001H085752UZPE01152001T03MT01EBS001H0857F0857CC1080045324
3|1749|RUBIELA|RUBIELA|ROSERO|ROSERO|CC|59835715|1976-09-12|2|2|6|9998|2|1||7|07|||8|50.0|152|||2||||||||||||52UZPE01152001T03MT01EBS001H086052UZPE01152001T03MT01EBS001H0860F0860|52UZPE01152001T03MT01EBS001H086052UZPE01152001T03MT01EBS001H0860F0860CC59835715
3|1750|HARRIS|SNEIDER|LENUZ|PATINO|CC|1087420381|1994-05-08|1|2|3|9998|7|1||7|07|||8|11.4|187|||2||||||||||||52UZPE01152001T03MT01EBS001H086152UZPE01152001T03MT01EBS001H0861F0861|52UZPE01152001T03MT01EBS001H086152UZPE01152001T03MT01EBS001H0861F0861CC1087420381
3|1751|PAOLA|NA|YELA|LOPEZ|CC|590866941|1982-03-13|2|2|5|5169|3|1||7|07|||8|60.0|153|||2||||||||||||52UZPE01152001T03MT01EBS001H086352UZPE01152001T03MT01EBS001H0863F0863|52UZPE01152001T03MT01EBS001H086352UZPE01152001T03MT01EBS001H0863F0863CC590866941
3|1752|MARIA|ELIGIA|CASTRO|DEERASO|CC|30712561|1952-10-20|2|2|2|9998|2|1||3|07|||8|60.0|156|||2||||||||||||52UZPE01152001T03MT01EBS001H086452UZPE01152001T03MT01EBS001H0864F0864|52UZPE01152001T03MT01EBS001H086452UZPE01152001T03MT01EBS001H0864F0864CC30712561
3|1753|SANDRA|CECILIA|VILLOTA|ZAMBRANO|CC|66838112|1972-04-30|2|2|2|9998|2|2||7|07|||8|11.0|162|||2||||||||||||52UZPE01152001T03MT01EBS001H086552UZPE01152001T03MT01EBS001H0865F0865|52UZPE01152001T03MT01EBS001H086552UZPE01152001T03MT01EBS001H0865F0865CC66838112
3|1754|ALEX|ACHE|PANTOJA|ESPINOSA|CC|12990572|1966-03-06|1|2|1|5169|8|2||7|07|||8|82.0|174|||2||||||||||||52UZPE01152001T03MT01EBS001H086552UZPE01152001T03MT01EBS001H0865F0865|52UZPE01152001T03MT01EBS001H086552UZPE01152001T03MT01EBS001H0865F0865CC12990572
3|1755|GLORIA|SOLEDAD|ACOSTA|GOMEZ|CC|30714034|1957-05-20|2|2|1|9998|2|1||3|07|||8|52.0|148|||2||||||||||||52UZPE01152001T03MT02EBS001H086652UZPE01152001T03MT02EBS001H0866F0866|52UZPE01152001T03MT02EBS001H086652UZPE01152001T03MT02EBS001H0866F0866CC30714034
3|1756|JHON|ALBEIRO|RAMIREZ|BURBANO|CC|98398670|1976-11-30|1|2|1|9998|3|1||7|07|||8|80.0|170|||2||||||||||||52UZPE01152001T03MT02EBS001H086752UZPE01152001T03MT02EBS001H0867F0867|52UZPE01152001T03MT02EBS001H086752UZPE01152001T03MT02EBS001H0867F0867CC98398670
3|1757|JUAN|NA|BAUTISTA|RIASCOS|CC|5379621|1959-11-26|1|2|1|9998|2|1||3|07|||8|65.0|165|||2||||||||||||52UZPE01152001T03MT02EBS001H086852UZPE01152001T03MT02EBS001H0868F0868|52UZPE01152001T03MT02EBS001H086852UZPE01152001T03MT02EBS001H0868F0868CC5379621
3|1758|CARMELINA|NA|ARTEAGA|NA|CC|27359677|1957-02-25|2|2|6|9998|6|1||3|07|||8|68.0|160|||2||||||||||||52UZPE01152001T03MT02EBS001H086952UZPE01152001T03MT02EBS001H0869F0869|52UZPE01152001T03MT02EBS001H086952UZPE01152001T03MT02EBS001H0869F0869CC27359677
3|1759|ANGIE|VIVIANA|ENRRIQUEZ|MORENO|CC|1004214302|2000-06-22|2|2|3|9998|3|1||7|07|||8|60.0|155|||2||||||||||||52UZPE01152001T03MT02EBS001H087252UZPE01152001T03MT02EBS001H0872F0872|52UZPE01152001T03MT02EBS001H087252UZPE01152001T03MT02EBS001H0872F0872CC1004214302
3|1760|OMAR|GUILLERMO|CHACON|GOMEZ|CC|12983150|1956-08-19|1|2|5|9510|2|1||3|07|||8|74.0|170|||2||||||||||||52UZPE01152001T03MT01EBS001H085852UZPE01152001T03MT01EBS001H0858F0858|52UZPE01152001T03MT01EBS001H085852UZPE01152001T03MT01EBS001H0858F0858CC12983150
3|1761|GLADIS|PIEDAD|DELGADO|BRAVO|CC|27276115|1967-05-26|2|2|5|9998|2|1||7|07|||8|51.0|150|||2||||||||||||52UZPE01152001T03MT01EBS001H085852UZPE01152001T03MT01EBS001H0858F0858|52UZPE01152001T03MT01EBS001H085852UZPE01152001T03MT01EBS001H0858F0858CC27276115
3|1762|ALICIADEL|SOCORRO|OBANDO|DEMARQUEZ|CC|27079598|1951-06-10|2|2|5|9998|3|1||3|07|||8|65.0|155|||2||||||||||||52UZPE01152001T02MT01EBS001H087652UZPE01152001T02MT01EBS001H0876F0876|52UZPE01152001T02MT01EBS001H087652UZPE01152001T02MT01EBS001H0876F0876CC27079598
3|1763|JIMMY|HERNANDO|NARVAEZ|OBANDO|CC|98390623|1975-12-16|1|2|3|9510|3|1||7|05|||8|78.0|170|||2||||||||||||52UZPE01152001T02MT01EBS001H087752UZPE01152001T02MT01EBS001H0877F0877|52UZPE01152001T02MT01EBS001H087752UZPE01152001T02MT01EBS001H0877F0877CC98390623
3|1764|JUAN|CARLOS|JACOME|MADRONERO|CC|307083031|1991-12-03|1|2|3|9510|3|1||7|07|||8|64.0|164|||2||||||||||||52UZPE01152001T03MT01EBS001H087852UZPE01152001T03MT01EBS001H0878F0878|52UZPE01152001T03MT01EBS001H087852UZPE01152001T03MT01EBS001H0878F0878CC307083031
3|1765|DAVID|FELIPE|DUCLERQ|VALENCIA|CC|1085344861|1999-01-25|1|2|3|9510|3|1||7|07|||8|70.0|170|||2||||||||||||52UZPE01152001T03MT01EBS001H087952UZPE01152001T03MT01EBS001H0879F0879|52UZPE01152001T03MT01EBS001H087952UZPE01152001T03MT01EBS001H0879F0879CC1085344861
3|1766|JAEL|BEATRIZ|DELGADO|DIAZ|CC|30739141|1967-01-12|2|2|5|9998|2|1||7|07|||8|58.0|165|||2||||||||||||52UZPE01152001T03MT01EBS001H088052UZPE01152001T03MT01EBS001H0880F0880|52UZPE01152001T03MT01EBS001H088052UZPE01152001T03MT01EBS001H0880F0880CC30739141