1|NI|900091143|2025-12-08|2025-12-08|658
2|1|1|52|UZPE011|52001|T39|MT02|URB SAN LUIS|CASA19C|-77.264174|1.229723||52UZPE01152001T39MT02EBS001H0002|52UZPE01152001T39MT02EBS001H0002F0002|1|1|1|3|52UZPE01152001T39MT02EBS001|900091143|CC|1085286725|AUXILIARDEENFERMERIA|52UZPE01152001T39MT02EBS001H0002F0002CF002|2024-06-21|1||1||3||1||3|2|11|5|3|2|20||2|13|0||1||1||1||1||1|3|3|1|1|1|1|2|2|2|2|2|2||2|2|1|1||9||1|2|2|1|1|1|2|2|1|52UZPE01152001T39MT02EBS001H000252UZPE01152001T39MT02EBS001H0002F0002
2|2|1|52|UZPE011|52001|T39|MT02|URB SAN LUIS|CASA19ACOLORAZULCLARA|-77.263985|1.229852||52UZPE01152001T39MT02EBS001H0004|52UZPE01152001T39MT02EBS001H0004F0004|1|1|1|2|52UZPE01152001T39MT02EBS001|900091143|CC|1085286725|AUXILIARDEENFERMERIA|52UZPE01152001T39MT02EBS001H0004F0004CF004|2024-06-21|1||1||3||1||1|2|11|5|3|2|20||2|13|0||1||1||1||1||1|2|3|1|1|1|1|2|2|2|2|2|2||2|2|1|1||9||1|2|2|1|1|1|2|2|1|52UZPE01152001T39MT02EBS001H000452UZPE01152001T39MT02EBS001H0004F0004
2|3|1|52|UZPE011|52001|T39|MT02|URB SAN LUIS|CASA19ACOLORAZULCLARA|-77.263985|1.229852||52UZPE01152001T39MT02EBS001H0005|52UZPE01152001T39MT02EBS001H0005F0005|1|1|1|2|52UZPE01152001T39MT02EBS001|900091143|CC|1085286725|AUXILIARDEENFERMERIA|52UZPE01152001T39MT02EBS001H0005F0005CF005|2024-06-21|1||1||3||1||1|2|11|5|2|2|20||2|13|0||1||1||1||1||1|2|3|1|1|1|1|2|2|2|2|2|2||2|2|1|2||9||1|2|2|1|1|1|2|2|1|52UZPE01152001T39MT02EBS001H000552UZPE01152001T39MT02EBS001H0005F0005
2|4|1|52|UZPE011|52001|T39|MT02|URB SAN LUIS|CASA19A|-77.263985|1.229841||52UZPE01152001T39MT02EBS001H0006|52UZPE01152001T39MT02EBS001H0006F0006|1|1|1|1|52UZPE01152001T39MT02EBS001|900091143|CC|1085286725|AUXILIARDEENFERMERIA|52UZPE01152001T39MT02EBS001H0006F0006CF006|2024-06-21|1||1||3||1||1|2|11|5|2|2|20||2|13|0||1||1||1||1||7|1|3|1|1|1|1|2|2|2|2|2|2||2|2|2|2||9||2|2|2|1|1|1|2|2|1|52UZPE01152001T39MT02EBS001H000652UZPE01152001T39MT02EBS001H0006F0006
2|5|1|52|UZPE011|52001|T39|MT02|URB SAN LUIS|19A|-77.263985|1.229842||52UZPE01152001T39MT02EBS001H0007|52UZPE01152001T39MT02EBS001H0007F0007|1|1|1|1|52UZPE01152001T39MT02EBS001|900091143|CC|1085286725|AUXILIARDEENFERMERIA|52UZPE01152001T39MT02EBS001H0007F0007CF007|2024-06-21|1||1||3||1||1|2|11|5|2|2|20||2|13|0||1||1||1||1||7|1|3|1|1|1|1|2|2|2|2|2|2||2|2|2|2||9||2|2|2|1|1|1|2|2|1|52UZPE01152001T39MT02EBS001H000752UZPE01152001T39MT02EBS001H0007F0007
2|6|1|52|UZPE011|52001|T39|MT02|URB SAN LUIS|19A|-77.263985|1.229842||52UZPE01152001T39MT02EBS001H0008|52UZPE01152001T39MT02EBS001H0008F0008|1|1|1|1|52UZPE01152001T39MT02EBS001|900091143|CC|1085286725|AUXILIARDEENFERMERIA|52UZPE01152001T39MT02EBS001H0008F0008CF008|2024-06-21|1||1||3||1||1|2|11|5|2|2|20||2|13|0||1||1||1||1||1|3|3|1|1|1|1|2|2|2|2|2|2||2|2|1|2||9||1|2|2|1|1|1|2|2|1|52UZPE01152001T39MT02EBS001H000852UZPE01152001T39MT02EBS001H0008F0008
2|7|1|52|UZPE011|52001|T39|MT02|URB SAN LUIS|CASA1D2CUJACALDIVISION1VILLANUEVA|-77.264444|1.230055||52UZPE01152001T39MT02EBS001H0012|52UZPE01152001T39MT02EBS001H0012F0012|1|1|1|2|52UZPE01152001T39MT02EBS001|900091143|CC|1085286725|AUXILIARDEENFERMERIA|52UZPE01152001T39MT02EBS001H0012F0012CF012|2024-06-21|1||1||3||1||1|2|11|5|2|2|20||2|13|0||1||1||1||1||1|2|3|1|1|1|1|2|2|2|2|2|2||2|2|1|2||9||1|2|2|1|1|1|2|2|1|52UZPE01152001T39MT02EBS001H001252UZPE01152001T39MT02EBS001H0012F0012
2|8|1|52|UZPE011|52001|T39|MT02|URB SAN LUIS|CASA22A|-77.264685|1.229861||52UZPE01152001T39MT02EBS001H0015|52UZPE01152001T39MT02EBS001H0015F0015|1|1|1|4|52UZPE01152001T39MT02EBS001|900091143|CC|1085286725|AUXILIARDEENFERMERIA|52UZPE01152001T39MT02EBS001H0015F0015CF015|2024-06-21|1||1||3||1||2|2|11|5|2|2|20||1|13|0||1||1||1||1||1|4|3|1|1|1|1|2|2|2|2|2|2||2|2|1|2||9||1|2|2|1|1|1|2|2|1|52UZPE01152001T39MT02EBS001H001552UZPE01152001T39MT02EBS001H0015F0015
2|9|1|52|UZPE011|52001|T39|MT02|URB SAN LUIS|CASA26NUMERO3926|-77.26416|1.229784||52UZPE01152001T39MT02EBS001H0018|52UZPE01152001T39MT02EBS001H0018F0018|1|2|2|1|52UZPE01152001T39MT02EBS001|900091143|CC|1085286725|AUXILIARDEENFERMERIA|52UZPE01152001T39MT02EBS001H0018F0018CF018|2024-06-23|1||1||3||1||1|2|11|5|2|2|20||1|13|0||1||1||1||1||1|2|3|1|1|1|1|2|2|2|2|2|2||2|2|1|2||9||1|2|2|1|1|1|2|2|1|52UZPE01152001T39MT02EBS001H001852UZPE01152001T39MT02EBS001H0018F0018
2|10|1|52|UZPE011|52001|T39|MT02|URB SAN LUIS|CASA293980|-77.36416|1.229784||52UZPE01152001T39MT02EBS001H0020|52UZPE01152001T39MT02EBS001H0020F0020|1|1|1|2|52UZPE01152001T39MT02EBS001|900091143|CC|1085286725|AUXILIARDEENFERMERIA|52UZPE01152001T39MT02EBS001H0020F0020CF020|2024-06-25|1||1||3||1||1|2|11|5|3|2|20||1|13|0||1||1||1||1||1|2|3|1|1|1|1|2|2|2|2|2|2||2|2|1|2||9||1|2|2|1|2|1|2|2|1|52UZPE01152001T39MT02EBS001H002052UZPE01152001T39MT02EBS001H0020F0020
2|11|1|52|UZPE011|52001|T39|MT02|URB SAN LUIS|VILLANUEVA18ADIVISION1|-77.36416|1.229784||52UZPE01152001T39MT02EBS001H0022|52UZPE01152001T39MT02EBS001H0022F0022|1|2|2|5|52UZPE01152001T39MT02EBS001|900091143|CC|1085286725|AUXILIARDEENFERMERIA|52UZPE01152001T39MT02EBS001H0022F0022CF022|2024-06-23|1||1||3||1||3|2|11|5|2|2|20||1|13|2||1||1||1||1||1|3|3|1|1|1|1|2|2|2|2|2|2||2|2|1|2||9||1|2|2|1|1|1|2|2|1|52UZPE01152001T39MT02EBS001H002252UZPE01152001T39MT02EBS001H0022F0022
2|12|1|52|UZPE011|52001|T39|MT02|URB SAN LUIS|VILLANUEVA18ADIVISION1|-77.36416|1.229784||52UZPE01152001T39MT02EBS001H0023|52UZPE01152001T39MT02EBS001H0023F0023|1|2|2|5|52UZPE01152001T39MT02EBS001|900091143|CC|1085286725|AUXILIARDEENFERMERIA|52UZPE01152001T39MT02EBS001H0023F0023CF023|2024-06-23|1||1||3||1||3|2|11|5|2|2|20||1|13|2||1||1||1||1||7|1|3|1|1|1|1|2|2|2|2|2|2||2|2|2|2||9||2|2|2|1|1|1|2|2|1|52UZPE01152001T39MT02EBS001H002352UZPE01152001T39MT02EBS001H0023F0023
2|13|1|52|UZPE011|52001|T39|MT02|URB SAN LUIS|VILLANUEVA18ADIVISION1|-77.36416|1.229784||52UZPE01152001T39MT02EBS001H0024|52UZPE01152001T39MT02EBS001H0024F0024|1|2|2|5|52UZPE01152001T39MT02EBS001|900091143|CC|1085286725|AUXILIARDEENFERMERIA|52UZPE01152001T39MT02EBS001H0024F0024CF024|2024-06-23|1||1||3||1||3|2|11|5|2|2|20||1|13|2||1||1||1||1||1|2|3|1|1|1|1|2|2|2|2|2|2||2|2|2|2||9||2|2|2|1|1|1|2|2|1|52UZPE01152001T39MT02EBS001H002452UZPE01152001T39MT02EBS001H0024F0024
2|14|1|52|UZPE011|52001|T39|MT02|URB SAN LUIS|CALLE36NUMERO2912|-77.36416|1.229784||52UZPE01152001T39MT02EBS001H0027|52UZPE01152001T39MT02EBS001H0027F0027|1|1|1|4|52UZPE01152001T39MT02EBS001|900091143|CC|1085286725|AUXILIARDEENFERMERIA|52UZPE01152001T39MT02EBS001H0027F0027CF027|2024-06-23|1||1||3||1||3|2|11|5|3|2|20||1|13|0||1||1||1||1||1|4|3|1|1|1|1|2|2|2|2|2|2||2|2|1|2||9||1|2|2|1|1|1|2|2|1|52UZPE01152001T39MT02EBS001H002752UZPE01152001T39MT02EBS001H0027F0027
2|15|1|52|UZPE011|52001|T39|MT02|URB SAN LUIS|CALLE36CARRERA296CASA6DIVISION1|-77.36416|1.229784||52UZPE01152001T39MT02EBS001H0029|52UZPE01152001T39MT02EBS001H0029F0029|1|4|4|6|52UZPE01152001T39MT02EBS001|900091143|CC|1085286725|AUXILIARDEENFERMERIA|52UZPE01152001T39MT02EBS001H0029F0029CF029|2024-06-23|1||1||3||1||1|1|11|5|3|2|20||2|13|0||1||1||1||1||1|4|3|1|1|1|1|2|2|2|2|2|2||2|2|1|2||9||1|2|2|1|1|1|2|2|1|52UZPE01152001T39MT02EBS001H002952UZPE01152001T39MT02EBS001H0029F0029
2|16|1|52|UZPE011|52001|T39|MT02|URB SAN LUIS|CALLE36CARRERA296CASA6DIVISION1|-77.36416|1.229784||52UZPE01152001T39MT02EBS001H0030|52UZPE01152001T39MT02EBS001H0030F0030|1|4|4|6|52UZPE01152001T39MT02EBS001|900091143|CC|1085286725|AUXILIARDEENFERMERIA|52UZPE01152001T39MT02EBS001H0030F0030CF030|2024-06-23|1||1||3||1||1|1|11|5|3|2|20||2|13|0||1||1||1||1||1|2|3|1|1|1|1|2|2|2|2|2|2||2|2|1|1||9||1|2|2|1|1|1|2|2|1|52UZPE01152001T39MT02EBS001H003052UZPE01152001T39MT02EBS001H0030F0030
2|17|1|52|UZPE011|52001|T39|MT02|URB SAN LUIS|CARRERA40NUMERO2571|-77.26416|1.229784||52UZPE01152001T39MT02EBS001H0032|52UZPE01152001T39MT02EBS001H0032F0032|1|1|1|1|52UZPE01152001T39MT02EBS001|900091143|CC|1085286725|AUXILIARDEENFERMERIA|52UZPE01152001T39MT02EBS001H0032F0032CF032|2024-06-23|1||1||3||1||1|2|11|5|3|2|20||1|13|0||1||1||1||1||1|1|3|1|1|1|1|2|2|2|2|2|2||2|2|2|2||9||2|2|2|1|1|1|2|2|1|52UZPE01152001T39MT02EBS001H003252UZPE01152001T39MT02EBS001H0032F0032
2|18|1|52|UZPE011|52001|T39|MT02|URB SAN LUIS|2557|-77.26416|1.229784||52UZPE01152001T39MT02EBS001H0035|52UZPE01152001T39MT02EBS001H0035F0035|1|1|1|1|52UZPE01152001T39MT02EBS001|900091143|CC|1085286725|AUXILIARDEENFERMERIA|52UZPE01152001T39MT02EBS001H0035F0035CF035|2024-06-23|1||1||3||1||2|2|11|5|2|2|20||1|13|0||1||1||1||1||7|1|3|1|1|1|1|2|2|2|2|2|2||2|2|1|1||9||1|2|2|1|1|1|2|2|1|52UZPE01152001T39MT02EBS001H003552UZPE01152001T39MT02EBS001H0035F0035
2|19|1|52|UZPE011|52001|T39|MT02|URB SAN LUIS|CARRERA40NUMERO2527CASA2|-77.26416|1.229784||52UZPE01152001T39MT02EBS001H0037|52UZPE01152001T39MT02EBS001H0037F0037|1|2|2|3|52UZPE01152001T39MT02EBS001|900091143|CC|1085286725|AUXILIARDEENFERMERIA|52UZPE01152001T39MT02EBS001H0037F0037CF037|2024-06-24|1||1||5||4||2|2|11|5|4|2|20||1|13|2||1||1||1||1||7|2|3|1|1|1|1|2|2|2|2|2|2||2|2|1|2||9||1|2|2|1|1|1|2|2|1|52UZPE01152001T39MT02EBS001H003752UZPE01152001T39MT02EBS001H0037F0037
2|20|1|52|UZPE011|52001|T39|MT02|URB SAN LUIS|CARRERA40NUMERO2527CASA2|-77.26416|1.229784||52UZPE01152001T39MT02EBS001H0038|52UZPE01152001T39MT02EBS001H0038F0038|1|2|2|3|52UZPE01152001T39MT02EBS001|900091143|CC|1085286725|AUXILIARDEENFERMERIA|52UZPE01152001T39MT02EBS001H0038F0038CF038|2024-06-24|1||1||5||4||2|2|11|5|4|2|20||1|13|2||1||1||1||1||7|1|3|1|1|1|1|2|2|2|2|2|2||2|2|1|2||9||1|2|2|1|2|1|2|2|1|52UZPE01152001T39MT02EBS001H003852UZPE01152001T39MT02EBS001H0038F0038
2|21|1|52|UZPE011|52001|T39|MT02|URB SAN LUIS|CASA21AVILLANUEVAALTO|-77.36416|1.228076||52UZPE01152001T39MT02EBS001H0045|52UZPE01152001T39MT02EBS001H0045F0045|1|1|1|1|52UZPE01152001T39MT02EBS001|900091143|CC|1085286725|AUXILIARDEENFERMERIA|52UZPE01152001T39MT02EBS001H0045F0045CF045|2024-06-24|1||1||3||1||1|2|11|5|3|2|20||2|13|0||3||1||1||1||7|1|3|2|1|1|1|2|2|2|2|2|2||2|2|2|2||9||2|2|2|1|1|1|2|2|1|52UZPE01152001T39MT02EBS001H004552UZPE01152001T39MT02EBS001H0045F0045
2|22|1|52|UZPE011|52001|T39|MT02|URB SAN LUIS|CASA20AVILLANUEVAALTO|-77.36416|1.229784||52UZPE01152001T39MT02EBS001H0046|52UZPE01152001T39MT02EBS001H0046F0046|1|1|1|3|52UZPE01152001T39MT02EBS001|900091143|CC|1085286725|AUXILIARDEENFERMERIA|52UZPE01152001T39MT02EBS001H0046F0046CF046|2024-06-24|1||1||5||4||2|2|11|5|2|2|20||1|13|0||3||1||1||1||1|3|3|1|1|1|1|2|2|2|2|2|2||2|2|2|2||9||2|2|2|1|1|1|2|2|1|52UZPE01152001T39MT02EBS001H004652UZPE01152001T39MT02EBS001H0046F0046
2|23|1|52|UZPE011|52001|T39|MT02|URB SAN LUIS|CRA40NUMERO2553VILLANUEVAALTO|-77.36416|1.228076||52UZPE01152001T39MT02EBS001H0047|52UZPE01152001T39MT02EBS001H0047F0047|1|3|3|6|52UZPE01152001T39MT02EBS001|900091143|CC|1085286725|AUXILIARDEENFERMERIA|52UZPE01152001T39MT02EBS001H0047F0047CF047|2024-06-24|1||1||3||1||2|2|11|5|2|2|20||2|13|0||3||1||1||1||1|3|3|1|1|1|1|2|2|2|2|2|2||2|2|1|2||9||1|2|2|1|1|1|2|2|1|52UZPE01152001T39MT02EBS001H004752UZPE01152001T39MT02EBS001H0047F0047
2|24|1|52|UZPE011|52001|T39|MT02|URB SAN LUIS|CARRERA40NUMERO2553|-77.36416|1.229784||52UZPE01152001T39MT02EBS001H0048|52UZPE01152001T39MT02EBS001H0048F0048|1|3|3|2|52UZPE01152001T39MT02EBS001|900091143|CC|1085286725|AUXILIARDEENFERMERIA|52UZPE01152001T39MT02EBS001H0048F0048CF048|2024-06-24|1||1||3||1||1|2|11|5|2|2|20||1|13|0||3||1||1||1||1|2|3|1|1|1|1|2|2|2|2|2|2||2|2|1|1||9||1|2|2|1|1|1|2|2|1|52UZPE01152001T39MT02EBS001H004852UZPE01152001T39MT02EBS001H0048F0048
2|25|1|52|UZPE011|52001|T39|MT02|URB SAN LUIS|CARRERA40NUMERO2553|-77.36416|1.229784||52UZPE01152001T39MT02EBS001H0049|52UZPE01152001T39MT02EBS001H0049F0049|1|3|3|2|52UZPE01152001T39MT02EBS001|900091143|CC|1085286725|AUXILIARDEENFERMERIA|52UZPE01152001T39MT02EBS001H0049F0049CF049|2024-06-24|1||1||3||1||1|2|11|5|4|2|20||1|13|0||3||1||1||1||7|1|3|1|1|1|3|2|2|2|2|2|2||2|2|1|1||9||1|2|2|1|1|1|2|2|1|52UZPE01152001T39MT02EBS001H004952UZPE01152001T39MT02EBS001H0049F0049
2|26|1|52|UZPE011|52001|T39|MT02|URB SAN LUIS|CRA19CASA17BVILLANUEVAALTO|-77.264523|1.229251||52UZPE01152001T39MT02EBS001H0050|52UZPE01152001T39MT02EBS001H0050F0050|1|2|2|3|52UZPE01152001T39MT02EBS001|900091143|CC|1085286725|AUXILIARDEENFERMERIA|52UZPE01152001T39MT02EBS001H0050F0050CF050|2024-06-26|1||1||3||1||2|2|11|5|3|2|20||2|13|0||3||1||1||1||1|3|3|1|1|1|1|2|2|2|2|2|2||2|2|2|2||9||2|2|2|1|1|1|2|2|1|52UZPE01152001T39MT02EBS001H005052UZPE01152001T39MT02EBS001H0050F0050
2|27|1|52|UZPE011|52001|T39|MT02|URB SAN LUIS|CRA19CASA17BVILLANUEVAALTO|-77.264523|1.229251||52UZPE01152001T39MT02EBS001H0051|52UZPE01152001T39MT02EBS001H0051F0051|1|2|2|3|52UZPE01152001T39MT02EBS001|900091143|CC|1085286725|AUXILIARDEENFERMERIA|52UZPE01152001T39MT02EBS001H0051F0051CF051|2024-06-26|1||1||3||1||2|2|11|5|3|2|20||2|13|0||3||1||1||1||1|2|3|1|1|1|1|2|2|2|2|2|2||2|2|2|1||9||2|2|2|1|1|1|2|2|1|52UZPE01152001T39MT02EBS001H005152UZPE01152001T39MT02EBS001H0051F0051
2|28|1|52|UZPE011|52001|T39|MT02|URB SAN LUIS|CASA3VILLANUEVAALTO|-77.264523|1.229251||52UZPE01152001T39MT02EBS001H0054|52UZPE01152001T39MT02EBS001H0054F0054|1|1|1|2|52UZPE01152001T39MT02EBS001|900091143|CC|1085286725|AUXILIARDEENFERMERIA|52UZPE01152001T39MT02EBS001H0054F0054CF054|2024-06-26|1||2||3||1||2|2|11|5|4|2|20||2|13|0||3||1||1||1||1|2|3|1|1|1|2|2|2|2|2|2|2||2|2|1|1||9||1|2|2|1|1|1|2|2|1|52UZPE01152001T39MT02EBS001H005452UZPE01152001T39MT02EBS001H0054F0054
2|29|1|52|UZPE011|52001|T39|MT02|URB SAN LUIS|CASA22EVILLANUEVAALTO|-77.264523|1.229251||52UZPE01152001T39MT02EBS001H0056|52UZPE01152001T39MT02EBS001H0056F0056|1|4|4|3|52UZPE01152001T39MT02EBS001|900091143|CC|1085286725|AUXILIARDEENFERMERIA|52UZPE01152001T39MT02EBS001H0056F0056CF056|2024-06-26|1||2||3||2||2|2|11|5|4|2|20||2|13|2||3||1||1||1||1|3|3|1|1|1|2|2|2|2|2|2|2||2|2|2|2||9||2|2|2|1|1|1|2|2|1|52UZPE01152001T39MT02EBS001H005652UZPE01152001T39MT02EBS001H0056F0056
2|30|1|52|UZPE011|52001|T39|MT02|URB SAN LUIS|CASA22EVILLANUEVAALTO|-77.264523|1.229251||52UZPE01152001T39MT02EBS001H0057|52UZPE01152001T39MT02EBS001H0057F0057|1|4|4|3|52UZPE01152001T39MT02EBS001|900091143|CC|1085286725|AUXILIARDEENFERMERIA|52UZPE01152001T39MT02EBS001H0057F0057CF057|2024-06-26|1||2||3||2||2|2|11|5|4|2|20||2|13|2||3||1||1||1||1|3|3|1|1|1|2|2|2|2|2|2|2||2|2|1|1||9||1|2|2|1|1|1|2|2|1|52UZPE01152001T39MT02EBS001H005752UZPE01152001T39MT02EBS001H0057F0057
2|31|1|52|UZPE011|52001|T39|MT02|URB SAN LUIS|CASA22EVILLANUEVAALTO|-77.264523|1.229251||52UZPE01152001T39MT02EBS001H0058|52UZPE01152001T39MT02EBS001H0058F0058|1|4|4|3|52UZPE01152001T39MT02EBS001|900091143|CC|1085286725|AUXILIARDEENFERMERIA|52UZPE01152001T39MT02EBS001H0058F0058CF058|2024-06-26|1||2||3||2||2|2|11|5|2|2|20||2|13|2||3||1||1||1||1|3|3|1|1|1|2|2|2|2|2|2|2||2|2|1|2||9||1|2|2|1|1|1|2|2|1|52UZPE01152001T39MT02EBS001H005852UZPE01152001T39MT02EBS001H0058F0058
2|32|1|52|UZPE011|52001|T39|MT02|URB SAN LUIS|CASA22BVILLANUEVAALTO|-77.264523|1.229251||52UZPE01152001T39MT02EBS001H0062|52UZPE01152001T39MT02EBS001H0062F0062|1|3|3|3|52UZPE01152001T39MT02EBS001|900091143|CC|1085286725|AUXILIARDEENFERMERIA|52UZPE01152001T39MT02EBS001H0062F0062CF062|2024-06-26|1||1||3||1||2|1|11|5|3|2|20||1|13|0||3||1||1||1||1|3|3|1|1|1|1|2|2|2|2|2|2||2|2|1|2||9||1|2|2|1|1|1|2|2|1|52UZPE01152001T39MT02EBS001H006252UZPE01152001T39MT02EBS001H0062F0062
2|33|1|52|UZPE011|52001|T39|MT02|URB SAN LUIS|CASA17BVILLANUEVAALTO|-77.264523|1.229251||52UZPE01152001T39MT02EBS001H0063|52UZPE01152001T39MT02EBS001H0063F0063|1|1|1|3|52UZPE01152001T39MT02EBS001|900091143|CC|1085286725|AUXILIARDEENFERMERIA|52UZPE01152001T39MT02EBS001H0063F0063CF063|2024-06-26|1||5||4||4||2|2|11|5|4|2|20||2|13|2||3||1||1||1||1|3|3|1|1|1|1|2|2|2|2|2|2||2|2|1|2||9||1|2|2|1|1|1|2|2|1|52UZPE01152001T39MT02EBS001H006352UZPE01152001T39MT02EBS001H0063F0063
2|34|1|52|UZPE011|52001|T39|MT01|NUEVO HORIZONTE|MANZANAECASA9PRADOSDELNORTE|-77.265017|1.229806||52UZPE01152001T39MT01EBS001H0065|52UZPE01152001T39MT01EBS001H0065F0065|1|2|2|2|52UZPE01152001T39MT01EBS001|900091143|CC|1085286725|AUXILIARDEENFERMERIA|52UZPE01152001T39MT01EBS001H0065F0065CF065|2024-06-26|1||1||3||1||1|2|11|5|3|2|20||1|13|0||3||1||1||1||1|1|3|2|1|1|1|2|2|2|2|2|2||2|2|1|2||9||1|2|2|1|1|1|2|2|1|52UZPE01152001T39MT01EBS001H006552UZPE01152001T39MT01EBS001H0065F0065
2|35|1|52|UZPE011|52001|T39|MT01|NUEVO HORIZONTE|MANZANAECASA9PRADOSDELNORTE|-77.265017|1.229806||52UZPE01152001T39MT01EBS001H0066|52UZPE01152001T39MT01EBS001H0066F0066|1|2|2|2|52UZPE01152001T39MT01EBS001|900091143|CC|1085286725|AUXILIARDEENFERMERIA|52UZPE01152001T39MT01EBS001H0066F0066CF066|2024-06-26|1||1||3||1||1|2|11|5|3|2|20||1|13|0||3||1||1||1||1|2|3|1|1|1|1|2|2|2|2|2|2||2|2|1|2||9||1|2|2|1|1|1|2|2|1|52UZPE01152001T39MT01EBS001H006652UZPE01152001T39MT01EBS001H0066F0066
2|36|1|52|UZPE011|52001|T39|MT01|NUEVO HORIZONTE|MANZANABCASA7PRADOSDELNORTE|-77.265409|1.230604||52UZPE01152001T39MT01EBS001H0069|52UZPE01152001T39MT01EBS001H0069F0069|1|1|1|1|52UZPE01152001T39MT01EBS001|900091143|CC|1085286725|AUXILIARDEENFERMERIA|52UZPE01152001T39MT01EBS001H0069F0069CF069|2024-06-27|1||1||3||1||1|2|11|5|2|2|20||2|13|0||3||1||1||1||1|1|3|2|1|1|2|2|2|2|2|2|2||2|2|1|1||9||1|2|2|1|2|1|2|2|1|52UZPE01152001T39MT01EBS001H006952UZPE01152001T39MT01EBS001H0069F0069
2|37|1|52|UZPE011|52001|T39|MT01|NUEVO HORIZONTE|MANZANAACASA14PRADOSDELNORTE|-77.265409|1.230604||52UZPE01152001T39MT01EBS001H0072|52UZPE01152001T39MT01EBS001H0072F0072|1|1|1|4|52UZPE01152001T39MT01EBS001|900091143|CC|1085286725|AUXILIARDEENFERMERIA|52UZPE01152001T39MT01EBS001H0072F0072CF072|2024-06-27|1||1||3||1||3|2|11|5|2|2|20||1|13|0||3||1||1||1||1|4|3|1|1|1|2|2|2|2|2|2|2||2|2|2|2||9||2|2|2|1|1|1|2|2|1|52UZPE01152001T39MT01EBS001H007252UZPE01152001T39MT01EBS001H0072F0072
2|38|1|52|UZPE011|52001|T39|MT01|NUEVO HORIZONTE|MANZANAACASA14PRADOSDELNORTE|-77.265409|1.230604||52UZPE01152001T39MT01EBS001H0073|52UZPE01152001T39MT01EBS001H0073F0073|1|1|1|4|52UZPE01152001T39MT01EBS001|900091143|CC|1085286725|AUXILIARDEENFERMERIA|52UZPE01152001T39MT01EBS001H0073F0073CF073|2024-06-27|1||1||3||1||3|2|11|5|2|2|20||1|13|0||3||1||1||1||7|1|3|1|1|1|1|2|2|2|2|2|2||2|2|2|2||9||2|2|2|1|1|1|2|2|1|52UZPE01152001T39MT01EBS001H007352UZPE01152001T39MT01EBS001H0073F0073
2|39|1|52|UZPE011|52001|T39|MT02|URB SAN LUIS|CRA29NUMERO3513|-77.26556|1.230555||52UZPE01152001T39MT02EBS001H0076|52UZPE01152001T39MT02EBS001H0076F0076|1|3|3|7|52UZPE01152001T39MT02EBS001|900091143|CC|1085286725|AUXILIARDEENFERMERIA|52UZPE01152001T39MT02EBS001H0076F0076CF076|2024-06-27|1||1||3||1||4|2|11|5|2|2|20||1|13|0||3||1||1||3||1|7|3|1|1|1|1|2|2|2|2|2|2||2|2|1|2||9||1|2|2|1|1|1|2|2|1|52UZPE01152001T39MT02EBS001H007652UZPE01152001T39MT02EBS001H0076F0076
2|40|1|52|UZPE011|52001|T39|MT01|NUEVO HORIZONTE|VILLANUEVAMANZANACCASA24|-77.2657|1.231066||52UZPE01152001T39MT01EBS001H0078|52UZPE01152001T39MT01EBS001H0078F0078|1|1|1|2|52UZPE01152001T39MT01EBS001|900091143|CC|1085344082|AUXILIARENFERMERIA|52UZPE01152001T39MT01EBS001H0078F0078CF078|2024-07-02|4||1||3||1||2|2|11|5|3|2|5||2|13|0||1||1||1||1||2|2|3|1|1|1|1|2|2|2|2|2|2||2|2|1|1||9||1|2|2|1|2|1|2|2|1|52UZPE01152001T39MT01EBS001H007852UZPE01152001T39MT01EBS001H0078F0078
2|41|1|52|UZPE011|52001|T39|MT02|URB SAN LUIS|CALLE254122|-77.265595|1.232155||52UZPE01152001T39MT02EBS001H0082|52UZPE01152001T39MT02EBS001H0082F0082|1|2|2|7|52UZPE01152001T39MT02EBS001|900091143|CC|1144206777|TECNOLOGOENPROMOCIONDELASALUD|52UZPE01152001T39MT02EBS001H0082F0082CF082|2024-07-02|1||1||3||1||3|2|11|5|3|2|20||2|13|0||3||1||1||1||2|2|3|1|1|1|4|2|2|2|2|2|2||2|2|2|2||9||2|2|2|1|1|1|2|2|1|52UZPE01152001T39MT02EBS001H008252UZPE01152001T39MT02EBS001H0082F0082
2|42|1|52|UZPE011|52001|T39|MT02|URB SAN LUIS|CALLE254122|-77.265595|1.232155||52UZPE01152001T39MT02EBS001H0083|52UZPE01152001T39MT02EBS001H0083F0083|1|2|2|7|52UZPE01152001T39MT02EBS001|900091143|CC|1144206777|TECNOLOGOENPROMOCIONDELASALUD|52UZPE01152001T39MT02EBS001H0083F0083CF083|2024-07-02|1||1||3||1||3|2|11|5|3|2|20||2|13|0||3||1||1||1||4|3|3|1|1|1|4|2|2|2|2|2|2||2|2|2|2||9||2|2|2|1|1|1|2|2|1|52UZPE01152001T39MT02EBS001H008352UZPE01152001T39MT02EBS001H0083F0083
2|43|1|52|UZPE011|52001|T39|MT02|URB SAN LUIS|CALLE254040CASA19VILLANUEVA|-77.265436|1.231334||52UZPE01152001T39MT02EBS001H0084|52UZPE01152001T39MT02EBS001H0084F0084|1|1|1|2|52UZPE01152001T39MT02EBS001|900091143|CC|1085329230|OTRO|52UZPE01152001T39MT02EBS001H0084F0084CF084|2024-07-02|1||1||3||4||2|2|11|5|2|2|20||2|13|0||1||1||1||1||2|2|3|1|1|1|1|2|2|2|2|2|2||2|2|1|1||9||1|2|2|1|1|1|2|2|1|52UZPE01152001T39MT02EBS001H008452UZPE01152001T39MT02EBS001H0084F0084
2|44|1|52|UZPE011|52001|T39|MT02|URB SAN LUIS|RINCONDEARANDACASA8|-77.26499|1.230395||52UZPE01152001T39MT02EBS001H0085|52UZPE01152001T39MT02EBS001H0085F0085|1|2|2|1|52UZPE01152001T39MT02EBS001|900091143|CC|1085286725|AUXILIARDEENFERMERIA|52UZPE01152001T39MT02EBS001H0085F0085CF085|2024-07-02|1||1||3||1||2|2|11|5|3|2|20||1|13|0||3||1||1||1||1|1|3|1|1|1|1|2|2|2|2|2|2||2|2|1|2||9||1|2|2|1|1|1|2|2|1|52UZPE01152001T39MT02EBS001H008552UZPE01152001T39MT02EBS001H0085F0085
2|45|1|52|UZPE011|52001|T39|MT02|URB SAN LUIS|RINCONDEARANDACASA8|-77.26499|1.230395||52UZPE01152001T39MT02EBS001H0086|52UZPE01152001T39MT02EBS001H0086F0086|1|2|2|1|52UZPE01152001T39MT02EBS001|900091143|CC|1085286725|AUXILIARDEENFERMERIA|52UZPE01152001T39MT02EBS001H0086F0086CF086|2024-07-02|1||1||3||1||2|2|11|5|3|2|20||1|13|0||3||1||1||1||1|2|3|1|1|1|1|2|2|2|2|2|2||2|2|1|1||9||1|2|2|1|1|1|2|2|1|52UZPE01152001T39MT02EBS001H008652UZPE01152001T39MT02EBS001H0086F0086
2|46|1|52|UZPE011|52001|T39|MT02|URB SAN LUIS|CALLE254040VILLANUEVACONSTRUYENDOESPERANZA|-77.265319|1.231136||52UZPE01152001T39MT02EBS001H0089|52UZPE01152001T39MT02EBS001H0089F0089|1|1|1|5|52UZPE01152001T39MT02EBS001|900091143|CC|1085344082|AUXILIARENFERMERIA|52UZPE01152001T39MT02EBS001H0089F0089CF089|2024-07-02|1||1||3||4||3|2|11|4|3|2|20||2|13|0||1||1||1||1||1|5|3|2|1|1|1|2|2|2|2|2|2||2|2|1|2||9||1|2|2|1|1|1|2|2|1|52UZPE01152001T39MT02EBS001H008952UZPE01152001T39MT02EBS001H0089F0089
2|47|1|52|UZPE011|52001|T39|MT02|URB SAN LUIS|RINCONDEARANDACASA11|-77.26499|1.230395||52UZPE01152001T39MT02EBS001H0093|52UZPE01152001T39MT02EBS001H0093F0093|1|1|1|2|52UZPE01152001T39MT02EBS001|900091143|CC|1085286725|AUXILIARDEENFERMERIA|52UZPE01152001T39MT02EBS001H0093F0093CF093|2024-07-02|1||1||3||1||2|1|11|5|2|2|20||1|13|0||3||1||1||1||7|2|3|1|1|1|1|2|2|2|2|2|2||2|2|1|2||9||1|2|2|1|1|1|2|2|1|52UZPE01152001T39MT02EBS001H009352UZPE01152001T39MT02EBS001H0093F0093
2|48|1|52|UZPE011|52001|T39|MT02|URB SAN LUIS|RINCONDEARANDACASA12|-77.26499|1.230395||52UZPE01152001T39MT02EBS001H0095|52UZPE01152001T39MT02EBS001H0095F0095|1|1|1|1|52UZPE01152001T39MT02EBS001|900091143|CC|1085286725|AUXILIARDEENFERMERIA|52UZPE01152001T39MT02EBS001H0095F0095CF095|2024-07-02|1||1||3||1||1|2|11|5|3|2|20||1|13|0||3||1||1||1||1|2|3|1|1|1|1|2|2|2|2|2|2||2|2|1|2||9||1|2|2|1|1|1|2|2|1|52UZPE01152001T39MT02EBS001H009552UZPE01152001T39MT02EBS001H0095F0095
2|49|1|52|UZPE011|52001|T39|MT02|URB SAN LUIS|CALLE254040CASA9|-77.265353|1.231122||52UZPE01152001T39MT02EBS001H0098|52UZPE01152001T39MT02EBS001H0098F0098|1|1|1|4|52UZPE01152001T39MT02EBS001|900091143|CC|1085329230|OTRO|52UZPE01152001T39MT02EBS001H0098F0098CF098|2024-07-02|1||1||3||4||3|2|11|4|2|2|20||2|13|0||1||1||1||1||1|4|3|1|1|1|1|2|2|2|2|2|2||2|2|1|1||9||1|2|2|1|1|1|2|2|1|52UZPE01152001T39MT02EBS001H009852UZPE01152001T39MT02EBS001H0098F0098
2|50|1|52|UZPE011|52001|T39|MT02|URB SAN LUIS|CARRERA41CALLE258|-77.265859|1.231848||52UZPE01152001T39MT02EBS001H0100|52UZPE01152001T39MT02EBS001H0100F0100|2|1|1|4|52UZPE01152001T39MT02EBS001|900091143|CC|1085327701|AUXILIARENFERMERIA|52UZPE01152001T39MT02EBS001H0100F0100CF100|2024-07-02|1||1||3||4||3|1|11|5|2|2|20||2|13|0||3||1||1||1||1|4|3|1|1|1|1|2|2|2|2|2|2||2|2|1|1||9||1|2|2|1|1|1|2|2|1|52UZPE01152001T39MT02EBS001H010052UZPE01152001T39MT02EBS001H0100F0100
2|51|1|52|UZPE011|52001|T39|MT02|URB SAN LUIS|CASA11CALLE254040CASA11|-77.265208|1.231305||52UZPE01152001T39MT02EBS001H0101|52UZPE01152001T39MT02EBS001H0101F0101|1|1|1|3|52UZPE01152001T39MT02EBS001|900091143|CC|1085344082|AUXILIARENFERMERIA|52UZPE01152001T39MT02EBS001H0101F0101CF101|2024-07-02|1||1||3||4||2|2|11|4|2|2|20||2|13|0||1||1||1||1||1|3|3|1|1|1|1|2|2|2|2|2|2||2|2|1|1||9||1|2|2|1|1|1|2|2|1|52UZPE01152001T39MT02EBS001H010152UZPE01152001T39MT02EBS001H0101F0101
2|52|1|52|UZPE011|52001|T39|MT02|URB SAN LUIS|CRA41CASA2512|-77.265691|1.231719||52UZPE01152001T39MT02EBS001H0104|52UZPE01152001T39MT02EBS001H0104F0104|1|1|1|2|52UZPE01152001T39MT02EBS001|900091143|CC|27087851|ODONTOLOGA|52UZPE01152001T39MT02EBS001H0104F0104CF104|2024-07-02|4||1||3||1||1|1|11|5|3|2|20||2|13|0||3||1||1||1||1|2|3|1|1|1|1|2|2|2|2|2|2||2|2|1|2||9||1|2|2|1|1|1|2|2|1|52UZPE01152001T39MT02EBS001H010452UZPE01152001T39MT02EBS001H0104F0104
2|53|1|52|UZPE011|52001|T39|MT02|URB SAN LUIS|CALLE254040CASA12|-77.265365|1.230933||52UZPE01152001T39MT02EBS001H0105|52UZPE01152001T39MT02EBS001H0105F0105|1|1|1|5|52UZPE01152001T39MT02EBS001|900091143|CC|1085329230|OTRO|52UZPE01152001T39MT02EBS001H0105F0105CF105|2024-07-02|1||1||3||1||3|2|11|4|2|2|20||2|13|0||1||1||1||1||2|5|3|1|1|2|1|2|2|2|2|2|2||2|2|1|2||9||1|2|2|1|1|1|2|2|1|52UZPE01152001T39MT02EBS001H010552UZPE01152001T39MT02EBS001H0105F0105
2|54|1|52|UZPE011|52001|T39|MT02|URB SAN LUIS|CALLE36NUMERO2673|-77.266841|1.231418||52UZPE01152001T39MT02EBS001H0106|52UZPE01152001T39MT02EBS001H0106F0106|1|1|1|3|52UZPE01152001T39MT02EBS001|900091143|CC|1085286725|AUXILIARDEENFERMERIA|52UZPE01152001T39MT02EBS001H0106F0106CF106|2024-07-02|1||1||3||1||2|2|11|5|3|2|20||1|13|0||1||1||1||1||1|1|3|1|1|1|1|2|2|2|2|2|2||2|2|1|2||9||1|2|2|1|1|1|2|2|1|52UZPE01152001T39MT02EBS001H010652UZPE01152001T39MT02EBS001H0106F0106
2|55|1|52|UZPE011|52001|T39|MT02|URB SAN LUIS|CALLE36NUMERO2673|-77.266841|1.231418||52UZPE01152001T39MT02EBS001H0107|52UZPE01152001T39MT02EBS001H0107F0107|1|1|1|3|52UZPE01152001T39MT02EBS001|900091143|CC|1085286725|AUXILIARDEENFERMERIA|52UZPE01152001T39MT02EBS001H0107F0107CF107|2024-07-02|1||1||3||1||2|2|11|5|3|2|20||1|13|0||1||1||1||1||1|3|3|1|1|1|1|2|2|2|2|2|2||2|2|1|2||9||1|2|2|1|1|1|2|2|1|52UZPE01152001T39MT02EBS001H010752UZPE01152001T39MT02EBS001H0107F0107
2|56|1|52|UZPE011|52001|T39|MT02|URB SAN LUIS|CARRERA42CASA13|-77.265607|1.23257||52UZPE01152001T39MT02EBS001H0112|52UZPE01152001T39MT02EBS001H0112F0112|1|3|3|7|52UZPE01152001T39MT02EBS001|900091143|CC|1085303067|PSICOLOGA|52UZPE01152001T39MT02EBS001H0112F0112CF112|2024-07-02|1||1||3||8||0|2|11|5|2|1|5||2|13|0||1||1||1||1||1|2|3|1|1|1|1|2|2|2|2|2|2||2|2|1|1||9||1|2|2|1|1|1|2|2|1|52UZPE01152001T39MT02EBS001H011252UZPE01152001T39MT02EBS001H0112F0112
2|57|1|52|UZPE011|52001|T39|MT02|URB SAN LUIS|CRA253695VILLANUEVA|-77.264957|1.231646||52UZPE01152001T39MT02EBS001H0115|52UZPE01152001T39MT02EBS001H0115F0115|1|1|1|2|52UZPE01152001T39MT02EBS001|900091143|CC|1085344082|AUXILIARENFERMERIA|52UZPE01152001T39MT02EBS001H0115F0115CF115|2024-07-02|4||1||3||1||1|2|11|4|2|2|5||2|13|0||1||1||1||1||1|2|3|1|1|1|1|2|2|2|2|2|2||2|2|1|2||9||1|2|2|1|1|1|2|2|1|52UZPE01152001T39MT02EBS001H011552UZPE01152001T39MT02EBS001H0115F0115
2|58|1|52|UZPE011|52001|T39|MT02|URB SAN LUIS|CRA4426A31VILLANUEVA|-77.265244|1.232998||52UZPE01152001T39MT02EBS001H0117|52UZPE01152001T39MT02EBS001H0117F0117|1|1|1|3|52UZPE01152001T39MT02EBS001|900091143|CC|1085303067|PSICOLOGA|52UZPE01152001T39MT02EBS001H0117F0117CF117|2024-07-02|1||1||3||1||2|2|11|5|3|2|20||2|13|0||1||1||1||1||1|3|3|1|1|1|1|2|2|2|2|2|2||2|2|1|2||9||1|2|2|1|1|1|2|2|1|52UZPE01152001T39MT02EBS001H011752UZPE01152001T39MT02EBS001H0117F0117
2|59|1|52|UZPE011|52001|T39|MT02|URB SAN LUIS|CALLE264047VILLANUEVA|-77.26458|1.231104||52UZPE01152001T39MT02EBS001H0118|52UZPE01152001T39MT02EBS001H0118F0118|1|1|1|3|52UZPE01152001T39MT02EBS001|900091143|CC|1085329230|OTRO|52UZPE01152001T39MT02EBS001H0118F0118CF118|2024-07-02|4||1||3||1||2|2|11|4|3|2|20||2|13|0||1||1||1||1||1|4|3|1|1|1|1|2|2|2|2|2|2||2|2|1|1||9||1|2|2|1|2|1|2|2|1|52UZPE01152001T39MT02EBS001H011852UZPE01152001T39MT02EBS001H0118F0118
2|60|1|52|UZPE011|52001|T39|MT02|URB SAN LUIS|CRA41256|-77.265607|1.231932||52UZPE01152001T39MT02EBS001H0122|52UZPE01152001T39MT02EBS001H0122F0122|2|1|1|4|52UZPE01152001T39MT02EBS001|900091143|CC|1085327701|AUXILIARENFERMERIA|52UZPE01152001T39MT02EBS001H0122F0122CF122|2024-07-02|4||1||3||4||2|1|11|5|2|2|20||2|13|0||3||1||1||1||1|4|3|1|1|1|1|2|2|2|2|2|2||2|2|1|1||9||1|2|2|1|1|1|2|2|1|52UZPE01152001T39MT02EBS001H012252UZPE01152001T39MT02EBS001H0122F0122
2|61|1|52|UZPE011|52001|T39|MT02|URB SAN LUIS|CALLE37BNUMERO2642VILLANUEVA|-77.266372|1.231798||52UZPE01152001T39MT02EBS001H0123|52UZPE01152001T39MT02EBS001H0123F0123|1|1|1|3|52UZPE01152001T39MT02EBS001|900091143|CC|1085286725|AUXILIARDEENFERMERIA|52UZPE01152001T39MT02EBS001H0123F0123CF123|2024-07-02|1||1||3||1||3|2|11|5|2|2|20||1|13|0||3||1||1||1||1|3|3|1|1|1|1|2|2|2|2|2|2||2|2|1|2||9||1|2|2|1|2|1|2|2|1|52UZPE01152001T39MT02EBS001H012352UZPE01152001T39MT02EBS001H0123F0123
2|62|1|52|UZPE011|52001|T39|MT02|URB SAN LUIS|CASA12VILLANUEVA|-77.265125|1.233537||52UZPE01152001T39MT02EBS001H0124|52UZPE01152001T39MT02EBS001H0124F0124|1|1|1|2|52UZPE01152001T39MT02EBS001|900091143|CC|1233189234|AUXILIARDEENFERMERIA|52UZPE01152001T39MT02EBS001H0124F0124CF124|2024-07-02|1||1||3||4||1|2|11|5|2|1|20||1|13|2||1||1||1||1||1|2|3|1|1|1|1|2|2|2|2|2|2||2|2|1|2||9||1|2|2|1|1|1|2|2|1|52UZPE01152001T39MT02EBS001H012452UZPE01152001T39MT02EBS001H0124F0124
2|63|1|52|UZPE011|52001|T39|MT02|URB SAN LUIS|CALLE264071|-77.264687|1.230703||52UZPE01152001T39MT02EBS001H0126|52UZPE01152001T39MT02EBS001H0126F0126|2|1|1|2|52UZPE01152001T39MT02EBS001|900091143|CC|1193385397|AUXILIARENFERMERIA|52UZPE01152001T39MT02EBS001H0126F0126CF126|2024-07-02|4||1||3||1||1|2|11|5|3|2|20||2|13|0||1||1||1||1||2|2|3|1|1|1|1|2|2|2|2|2|2||2|2|1|1||9||1|2|2|1|1|1|2|2|1|52UZPE01152001T39MT02EBS001H012652UZPE01152001T39MT02EBS001H0126F0126
2|64|1|52|UZPE011|52001|T39|MT02|URB SAN LUIS|CALLE16CRA3998VILLANUEVA|-77.264653|1.230907||52UZPE01152001T39MT02EBS001H0127|52UZPE01152001T39MT02EBS001H0127F0127|1|1|1|4|52UZPE01152001T39MT02EBS001|900091143|CC|1085329230|OTRO|52UZPE01152001T39MT02EBS001H0127F0127CF127|2024-07-02|4||1||3||1||3|2|8|4|2|2|20||2|13|0||1||1||1||1||1|4|3|1|1|1|1|2|2|2|2|2|2||2|2|1|1||9||1|2|2|1|1|1|2|2|1|52UZPE01152001T39MT02EBS001H012752UZPE01152001T39MT02EBS001H0127F0127
2|65|1|52|UZPE011|52001|T39|MT02|URB SAN LUIS|CASA18EVILLANUEVA|-77.26456|1.230765||52UZPE01152001T39MT02EBS001H0129|52UZPE01152001T39MT02EBS001H0129F0129|1|1|1|5|52UZPE01152001T39MT02EBS001|900091143|CC|1085344082|AUXILIARENFERMERIA|52UZPE01152001T39MT02EBS001H0129F0129CF129|2024-07-02|4||1||3||1||3|2|11|4|2|2|5||2|13|0||1||1||1||1||1|5|3|1|1|1|1|2|2|2|2|2|2||2|2|1|2||9||1|2|2|1|1|1|2|2|1|52UZPE01152001T39MT02EBS001H012952UZPE01152001T39MT02EBS001H0129F0129
2|66|1|52|UZPE011|52001|T39|MT02|URB SAN LUIS|CASA12DIV1VILLANUEVA|-77.265125|1.233537||52UZPE01152001T39MT02EBS001H0130|52UZPE01152001T39MT02EBS001H0130F0130|1|1|1|1|52UZPE01152001T39MT02EBS001|900091143|CC|1233189234|AUXILIARDEENFERMERIA|52UZPE01152001T39MT02EBS001H0130F0130CF130|2024-07-02|1||1||3||1||1|2|11|5|2|1|20||2|13|0||1||1||1||1||7|1|2|1|1|1|2|2|2|2|2|2|2||2|2|1|1||9||1|2|2|1|2|1|2|2|1|52UZPE01152001T39MT02EBS001H013052UZPE01152001T39MT02EBS001H0130F0130
2|67|1|52|UZPE011|52001|T39|MT02|URB SAN LUIS|MANZANABCASA9TORRELADERA|-77.267162|1.231405||52UZPE01152001T39MT02EBS001H0131|52UZPE01152001T39MT02EBS001H0131F0131|1|2|2|1|52UZPE01152001T39MT02EBS001|900091143|CC|1085286725|AUXILIARDEENFERMERIA|52UZPE01152001T39MT02EBS001H0131F0131CF131|2024-07-02|1||1||3||1||1|2|11|5|2|2|20||1|13|0||1||1||1||1||7|1|3|1|1|1|1|2|2|2|2|2|2||2|2|1|1||9||1|2|2|1|2|1|2|2|1|52UZPE01152001T39MT02EBS001H013152UZPE01152001T39MT02EBS001H0131F0131
2|68|1|52|UZPE011|52001|T39|MT02|URB SAN LUIS|MANZANABCASA9TORRELADERA|-77.267162|1.231405||52UZPE01152001T39MT02EBS001H0132|52UZPE01152001T39MT02EBS001H0132F0132|1|2|2|1|52UZPE01152001T39MT02EBS001|900091143|CC|1085286725|AUXILIARDEENFERMERIA|52UZPE01152001T39MT02EBS001H0132F0132CF132|2024-07-02|1||1||3||1||1|2|11|5|2|2|20||1|13|0||1||1||1||1||7|1|3|1|1|1|1|2|2|2|2|2|2||2|2|1|2||9||1|2|2|1|1|1|2|2|1|52UZPE01152001T39MT02EBS001H013252UZPE01152001T39MT02EBS001H0132F0132
2|69|1|52|UZPE011|52001|T39|MT02|URB SAN LUIS|6|-77.265686|1.332746||52UZPE01152001T39MT02EBS001H0133|52UZPE01152001T39MT02EBS001H0133F0133|2|1|1|3|52UZPE01152001T39MT02EBS001|900091143|CC|1081272025|AUXILIARDEENFERMERIA|52UZPE01152001T39MT02EBS001H0133F0133CF133|2024-07-02|1||1||3||1||2|2|11|5|3|2|20||1|13|0||1||1||1||1||1|3|3|1|1|1|1|2|2|2|2|2|2||2|2|1|2||9||1|2|2|1|1|1|2|2|1|52UZPE01152001T39MT02EBS001H013352UZPE01152001T39MT02EBS001H0133F0133
2|70|1|52|UZPE011|52001|T39|MT02|URB SAN LUIS|CASA14VILLANUEVA|-77.265125|1.233537||52UZPE01152001T39MT02EBS001H0135|52UZPE01152001T39MT02EBS001H0135F0135|1|1|1|2|52UZPE01152001T39MT02EBS001|900091143|CC|1233189234|AUXILIARDEENFERMERIA|52UZPE01152001T39MT02EBS001H0135F0135CF135|2024-07-02|1||1||3||4||1|2|11|5|2|1|20||1|13|2||1||1||1||1||1|2|3|1|1|1|1|2|2|2|2|2|2||2|2|1|1||9||1|2|2|1|1|1|2|2|1|52UZPE01152001T39MT02EBS001H013552UZPE01152001T39MT02EBS001H0135F0135
2|71|1|52|UZPE011|52001|T39|MT02|URB SAN LUIS|CARRERA26BNUMERO33100VILLANUEVA|-77.36416|1.228076||52UZPE01152001T39MT02EBS001H0136|52UZPE01152001T39MT02EBS001H0136F0136|1|1|1|2|52UZPE01152001T39MT02EBS001|900091143|CC|1085286725|AUXILIARDEENFERMERIA|52UZPE01152001T39MT02EBS001H0136F0136CF136|2024-07-02|1||1||3||1||1|2|11|5|3|2|20||2|13|0||3||1||1||1||1|2|3|1|1|1|1|2|2|2|2|2|2||2|2|1|2||9||1|2|2|1|1|1|2|2|1|52UZPE01152001T39MT02EBS001H013652UZPE01152001T39MT02EBS001H0136F0136
2|72|1|52|UZPE011|52001|T39|MT02|URB SAN LUIS|CASA5VILLANUEVA|-77.265389|1.233382||52UZPE01152001T39MT02EBS001H0138|52UZPE01152001T39MT02EBS001H0138F0138|1|1|1|1|52UZPE01152001T39MT02EBS001|900091143|CC|1233189234|AUXILIARDEENFERMERIA|52UZPE01152001T39MT02EBS001H0138F0138CF138|2024-07-02|1||1||3||1||1|2|11|5|2|1|20||1|13|0||1||1||1||1||7|1|3|1|1|1|1|2|2|2|2|2|2||2|2|1|2||9||1|2|2|1|1|1|2|2|1|52UZPE01152001T39MT02EBS001H013852UZPE01152001T39MT02EBS001H0138F0138
2|73|1|52|UZPE011|52001|T39|MT02|URB SAN LUIS|CASA4VILLANUEVA|-77.26591|1.233437||52UZPE01152001T39MT02EBS001H0139|52UZPE01152001T39MT02EBS001H0139F0139|1|1|1|1|52UZPE01152001T39MT02EBS001|900091143|CC|1233189234|AUXILIARDEENFERMERIA|52UZPE01152001T39MT02EBS001H0139F0139CF139|2024-07-02|1||1||3||1||1|2|11|5|2|1|20||1|13|0||1||1||1||1||7|1|3|1|1|1|1|2|2|2|2|2|2||2|2|1|2||9||1|2|2|1|1|1|2|2|1|52UZPE01152001T39MT02EBS001H013952UZPE01152001T39MT02EBS001H0139F0139
2|74|1|52|UZPE011|52001|T39|MT02|URB SAN LUIS|CASA7VILLANUEVADIV1|-77.265872|1.232621||52UZPE01152001T39MT02EBS001H0140|52UZPE01152001T39MT02EBS001H0140F0140|1|1|1|2|52UZPE01152001T39MT02EBS001|900091143|CC|1193385397|AUXILIARENFERMERIA|52UZPE01152001T39MT02EBS001H0140F0140CF140|2024-07-02|4||1||3||1||2|2|11|5|3|2|20||2|13|0||1||1||1||1||2|2|3|1|1|1|1|2|2|2|2|2|2||2|2|2|2||9||2|2|2|1|1|1|2|2|1|52UZPE01152001T39MT02EBS001H014052UZPE01152001T39MT02EBS001H0140F0140
2|75|1|52|UZPE011|52001|T39|MT02|URB SAN LUIS|VILLANUEVAMANZANACCASA4|-77.265331|1.233322||52UZPE01152001T39MT02EBS001H0141|52UZPE01152001T39MT02EBS001H0141F0141|1|1|1|4|52UZPE01152001T39MT02EBS001|900091143|CC|87065647|MEDICOGENERAL|52UZPE01152001T39MT02EBS001H0141F0141CF141|2024-07-02|1||1||3||1||0|2|8|5|3|1|5||2|13|0||1||1||1||1||1|3|3|2|1|1|1|2|2|2|2|2|2||2|2|1|2||9||1|2|2|1|1|1|2|2|1|52UZPE01152001T39MT02EBS001H014152UZPE01152001T39MT02EBS001H0141F0141
2|76|1|52|UZPE011|52001|T39|MT02|URB SAN LUIS|CARRERA42CASA9D|-77.26603|1.232781||52UZPE01152001T39MT02EBS001H0142|52UZPE01152001T39MT02EBS001H0142F0142|1|1|1|2|52UZPE01152001T39MT02EBS001|900091143|CC|1193385397|AUXILIARENFERMERIA|52UZPE01152001T39MT02EBS001H0142F0142CF142|2024-07-02|1||1||3||1||3|1|11|1|3|2|20||1|13|0||1||1||1||1||1|2|3|1|1|1|1|2|2|2|2|2|2||2|2|2|2||9||2|2|2|1|1|1|2|2|1|52UZPE01152001T39MT02EBS001H014252UZPE01152001T39MT02EBS001H0142F0142
2|77|1|52|UZPE011|52001|T39|MT02|URB SAN LUIS|CARRERA42CASA9DVILLANUEVA|-77.26603|1.232781||52UZPE01152001T39MT02EBS001H0143|52UZPE01152001T39MT02EBS001H0143F0143|1|1|1|4|52UZPE01152001T39MT02EBS001|900091143|CC|1193385397|AUXILIARENFERMERIA|52UZPE01152001T39MT02EBS001H0143F0143CF143|2024-07-02|4||1||3||1||2|2|11|1|2|2|20||1|13|0||1||1||1||1||4|2|3|1|1|1|1|2|2|2|2|2|2||2|2|2|2||9||2|2|2|1|1|1|2|2|1|52UZPE01152001T39MT02EBS001H014352UZPE01152001T39MT02EBS001H0143F0143
2|78|1|52|UZPE011|52001|T39|MT02|URB SAN LUIS|MANZANAACASA12VILLANUEVA|-77.265466|1.233671||52UZPE01152001T39MT02EBS001H0144|52UZPE01152001T39MT02EBS001H0144F0144|1|1|1|7|52UZPE01152001T39MT02EBS001|900091143|CC|87065647|MEDICOGENERAL|52UZPE01152001T39MT02EBS001H0144F0144CF144|2024-07-02|1||1||3||4||3|1|8|5|3|1|8||2|13|0||1||1||1||1||1|8|3|3|1|1|3|2|2|2|2|2|2||2|2|1|1||9||1|2|2|1|2|1|2|2|1|52UZPE01152001T39MT02EBS001H014452UZPE01152001T39MT02EBS001H0144F0144
2|79|1|52|UZPE011|52001|T39|MT02|URB SAN LUIS|MANZANAACASA12VILLANUEVA|-77.265466|1.233671||52UZPE01152001T39MT02EBS001H0145|52UZPE01152001T39MT02EBS001H0145F0145|1|1|1|7|52UZPE01152001T39MT02EBS001|900091143|CC|87065647|MEDICOGENERAL|52UZPE01152001T39MT02EBS001H0145F0145CF145|2024-07-02|1||1||3||4||3|1|8|5|2|1|8||2|13|0||1||1||1||1||2|8|3|3|1|1|3|2|2|2|2|2|2||2|2|1|1||9||1|2|2|1|2|1|2|2|1|52UZPE01152001T39MT02EBS001H014552UZPE01152001T39MT02EBS001H0145F0145
2|80|1|52|UZPE011|52001|T39|MT02|URB SAN LUIS|VILLANUEVA2MAN2ACASA6|-77.265904|1.233517||52UZPE01152001T39MT02EBS001H0146|52UZPE01152001T39MT02EBS001H0146F0146|1|1|1|2|52UZPE01152001T39MT02EBS001|900091143|CC|1193385397|AUXILIARENFERMERIA|52UZPE01152001T39MT02EBS001H0146F0146CF146|2024-07-02|1||1||3||1||2|2|11|1|2|2|20||2|13|0||1||1||1||1||4|2|3|2|1|1|1|2|2|2|2|2|2||2|2|1|2||9||1|2|2|1|2|1|2|2|1|52UZPE01152001T39MT02EBS001H014652UZPE01152001T39MT02EBS001H0146F0146
2|81|1|52|UZPE011|52001|T39|MT02|URB SAN LUIS|CLL264971|-77.264687|1.230703||52UZPE01152001T39MT02EBS001H0147|52UZPE01152001T39MT02EBS001H0147F0147|2|1|1|2|52UZPE01152001T39MT02EBS001|900091143|CC|59834953|AUXILIARDEENFERMERIA|52UZPE01152001T39MT02EBS001H0147F0147CF147|2024-07-02|4||1||3||1||2|2|11|5|3|2|20||2|13|0||1||1||1||1||1|2|3|1|1|1|2|2|2|2|2|2|2||2|2|1|2||9||1|2|2|1|1|1|2|2|1|52UZPE01152001T39MT02EBS001H014752UZPE01152001T39MT02EBS001H0147F0147
2|82|1|52|UZPE011|52001|T39|MT02|URB SAN LUIS|MZAACS15VILLANUEVA|-77.264884|1.233223||52UZPE01152001T39MT02EBS001H0148|52UZPE01152001T39MT02EBS001H0148F0148|2|1|1|1|52UZPE01152001T39MT02EBS001|900091143|CC|1193385397|AUXILIARENFERMERIA|52UZPE01152001T39MT02EBS001H0148F0148CF148|2024-07-02|1||1||3||1||1|2|11|5|2|2|20||2|13|0||1||1||1||1||7|1|3|1|1|1|2|2|2|2|2|2|2||2|2|1|2||9||1|2|2|1|1|1|2|2|1|52UZPE01152001T39MT02EBS001H014852UZPE01152001T39MT02EBS001H0148F0148
2|83|1|52|UZPE011|52001|T39|MT02|URB SAN LUIS|CARRERA31CALLE3593DIV1|-77.26499|1.23269||52UZPE01152001T39MT02EBS001H0149|52UZPE01152001T39MT02EBS001H0149F0149|1|1|1|2|52UZPE01152001T39MT02EBS001|900091143|CC|1193385397|AUXILIARENFERMERIA|52UZPE01152001T39MT02EBS001H0149F0149CF149|2024-07-02|5||1||3||8||1|2|2|1|2|1|8||2|13|0||1||1||1||1||1|2|1|2|1|1|2|2|2|2|2|2|2||2|2|2|2||9||2|2|2|1|2|1|2|2|1|52UZPE01152001T39MT02EBS001H014952UZPE01152001T39MT02EBS001H0149F0149
2|84|1|52|UZPE011|52001|T39|MT02|URB SAN LUIS|7|-77.265004|1.232699||52UZPE01152001T39MT02EBS001H0150|52UZPE01152001T39MT02EBS001H0150F0150|2|1|1|4|52UZPE01152001T39MT02EBS001|900091143|CC|1081272025|AUXILIARDEENFERMERIA|52UZPE01152001T39MT02EBS001H0150F0150CF150|2024-07-02|1||1||3||1||3|2|4|5|3|2|8||2|13|0||1||1||1||1||1|4|3|2|1|1|1|2|2|2|2|2|2||2|2|1|1||9||1|2|2|1|1|1|2|2|1|52UZPE01152001T39MT02EBS001H015052UZPE01152001T39MT02EBS001H0150F0150
2|85|1|52|UZPE011|52001|T39|MT02|URB SAN LUIS|MANZANABCASA9|-77.2646|1.233236||52UZPE01152001T39MT02EBS001H0151|52UZPE01152001T39MT02EBS001H0151F0151|1|1|1|2|52UZPE01152001T39MT02EBS001|900091143|CC|1233189234|AUXILIARDEENFERMERIA|52UZPE01152001T39MT02EBS001H0151F0151CF151|2024-07-02|1||1||3||1||1|2|11|5|2|1|20||1|13|0||1||1||1||1||1|2|3|1|1|1|1|2|2|2|2|2|2||2|2|1|2||9||1|2|2|1|1|1|2|2|1|52UZPE01152001T39MT02EBS001H015152UZPE01152001T39MT02EBS001H0151F0151
2|86|1|52|UZPE011|52001|T39|MT02|URB SAN LUIS|MZABCASA1|-77.264775|1.23303||52UZPE01152001T39MT02EBS001H0152|52UZPE01152001T39MT02EBS001H0152F0152|2|1|1|3|52UZPE01152001T39MT02EBS001|900091143|CC|1193385397|AUXILIARENFERMERIA|52UZPE01152001T39MT02EBS001H0152F0152CF152|2024-07-02|1||1||3||1||2|2|11|5|2|2|20||2|13|0||1||1||1||1||1|3|3|1|1|1|1|2|2|2|2|2|2||2|2|1|2||9||1|2|2|1|1|1|2|2|1|52UZPE01152001T39MT02EBS001H015252UZPE01152001T39MT02EBS001H0152F0152
2|87|1|52|UZPE011|52001|T39|MT02|URB SAN LUIS|CLL25CRA4062|-77.264687|1.230703||52UZPE01152001T39MT02EBS001H0153|52UZPE01152001T39MT02EBS001H0153F0153|2|1|1|1|52UZPE01152001T39MT02EBS001|900091143|CC|59834953|AUXILIARDEENFERMERIA|52UZPE01152001T39MT02EBS001H0153F0153CF153|2024-07-02|1||1||3||1||1|2|11|5|3|2|20||2|13|0||1||1||1||1||7|1|3|1|1|1|1|2|2|2|2|2|2||2|2|1|2||9||1|2|2|1|1|1|2|2|1|52UZPE01152001T39MT02EBS001H015352UZPE01152001T39MT02EBS001H0153F0153
2|88|1|52|UZPE011|52001|T39|MT02|URB SAN LUIS|11|-77.264842|1.23347||52UZPE01152001T39MT02EBS001H0156|52UZPE01152001T39MT02EBS001H0156F0156|1|1|1|1|52UZPE01152001T39MT02EBS001|900091143|CC|1081272025|AUXILIARDEENFERMERIA|52UZPE01152001T39MT02EBS001H0156F0156CF156|2024-07-02|1||1||3||1||1|2|11|5|2|2|20||2|13|0||1||1||1||1||7|1|3|3|1|1|1|2|2|2|2|2|2||2|2|1|2||9||1|2|2|1|1|1|2|2|1|52UZPE01152001T39MT02EBS001H015652UZPE01152001T39MT02EBS001H0156F0156
2|89|1|52|UZPE011|52001|T39|MT02|URB SAN LUIS|12|-77.265826|1.232466||52UZPE01152001T39MT02EBS001H0159|52UZPE01152001T39MT02EBS001H0159F0159|1|1|1|3|52UZPE01152001T39MT02EBS001|900091143|CC|1081272025|AUXILIARDEENFERMERIA|52UZPE01152001T39MT02EBS001H0159F0159CF159|2024-07-02|1||1||3||1||2|2|11|5|3|2|20||2|13|0||1||1||1||1||1|3|3|1|1|1|1|2|2|2|2|2|2||2|2|1|2||9||1|2|2|1|1|1|2|2|1|52UZPE01152001T39MT02EBS001H015952UZPE01152001T39MT02EBS001H0159F0159
2|90|1|52|UZPE011|52001|T39|MT02|URB SAN LUIS|MZCCASA15|-77.264603|1.232861||52UZPE01152001T39MT02EBS001H0160|52UZPE01152001T39MT02EBS001H0160F0160|2|1|1|2|52UZPE01152001T39MT02EBS001|900091143|CC|1193385397|AUXILIARENFERMERIA|52UZPE01152001T39MT02EBS001H0160F0160CF160|2024-07-02|1||1||3||1||2|2|11|5|3|2|20||2|13|0||1||1||1||1||2|2|3|1|1|1|1|2|2|2|2|2|2||2|2|2|1||9||2|2|2|1|1|1|2|2|1|52UZPE01152001T39MT02EBS001H016052UZPE01152001T39MT02EBS001H0160F0160
2|91|1|52|UZPE011|52001|T39|MT02|URB SAN LUIS|8|-77.265292|1.233289||52UZPE01152001T39MT02EBS001H0161|52UZPE01152001T39MT02EBS001H0161F0161|2|1|1|3|52UZPE01152001T39MT02EBS001|900091143|CC|1081272025|AUXILIARDEENFERMERIA|52UZPE01152001T39MT02EBS001H0161F0161CF161|2024-07-02|1||1||3||1||2|2|11|5|3|2|20||2|13|0||1||1||1||1||1|3|3|1|1|1|1|2|2|2|2|2|2||2|2|1|2||9||1|2|2|1|1|1|2|2|1|52UZPE01152001T39MT02EBS001H016152UZPE01152001T39MT02EBS001H0161F0161
2|92|1|52|UZPE011|52001|T39|MT02|URB SAN LUIS|12A|-77.259324|1.232578||52UZPE01152001T39MT02EBS001H0162|52UZPE01152001T39MT02EBS001H0162F0162|1|2|2|6|52UZPE01152001T39MT02EBS001|900091143|CC|1081272025|AUXILIARDEENFERMERIA|52UZPE01152001T39MT02EBS001H0162F0162CF162|2024-07-02|1||1||3||1||2|1|11|5|2|2|19||2|13|0||1||1||1||1||7|1|3|4|1|1|1|2|2|2|2|2|2||2|2|1|2||9||1|2|2|1|1|1|2|2|1|52UZPE01152001T39MT02EBS001H016252UZPE01152001T39MT02EBS001H0162F0162
2|93|1|52|UZPE011|52001|T39|MT02|URB SAN LUIS|12A|-77.259324|1.232578||52UZPE01152001T39MT02EBS001H0163|52UZPE01152001T39MT02EBS001H0163F0163|1|2|2|6|52UZPE01152001T39MT02EBS001|900091143|CC|1081272025|AUXILIARDEENFERMERIA|52UZPE01152001T39MT02EBS001H0163F0163CF163|2024-07-02|1||1||3||1||2|1|11|5|3|2|19||2|13|0||1||1||1||1||2|5|3|1|1|1|1|2|2|2|2|2|2||2|2|1|2||9||1|2|2|1|1|1|2|2|1|52UZPE01152001T39MT02EBS001H016352UZPE01152001T39MT02EBS001H0163F0163
2|94|1|52|UZPE011|52001|T39|MT02|URB SAN LUIS|MZACASA18|-77.265343|1.233261||52UZPE01152001T39MT02EBS001H0164|52UZPE01152001T39MT02EBS001H0164F0164|2|1|1|3|52UZPE01152001T39MT02EBS001|900091143|CC|59834953|AUXILIARDEENFERMERIA|52UZPE01152001T39MT02EBS001H0164F0164CF164|2024-07-02|1||1||3||1||2|2|11|5|3|2|20||2|13|0||1||1||1||1||1|3|3|1|1|1|1|2|2|2|2|2|2||2|2|1|1||9||1|2|2|1|1|1|2|2|1|52UZPE01152001T39MT02EBS001H016452UZPE01152001T39MT02EBS001H0164F0164
2|95|1|52|UZPE011|52001|T39|MT02|URB SAN LUIS|20|-77.265932|1.232578||52UZPE01152001T39MT02EBS001H0165|52UZPE01152001T39MT02EBS001H0165F0165|1|1|1|2|52UZPE01152001T39MT02EBS001|900091143|CC|1081272025|AUXILIARDEENFERMERIA|52UZPE01152001T39MT02EBS001H0165F0165CF165|2024-07-02|1||1||3||1||1|2|11|5|3|2|20||2|13|0||1||1||1||1||2|2|3|1|1|1|1|2|2|2|2|2|2||2|2|1|2||9||1|2|2|1|1|1|2|2|1|52UZPE01152001T39MT02EBS001H016552UZPE01152001T39MT02EBS001H0165F0165
2|96|1|52|UZPE011|52001|T39|MT02|URB SAN LUIS|CALLE38NUMERO3115|-77.265645|1.232092||52UZPE01152001T39MT02EBS001H0168|52UZPE01152001T39MT02EBS001H0168F0168|1|1|1|1|52UZPE01152001T39MT02EBS001|900091143|CC|27087851|ODONTOLOGA|52UZPE01152001T39MT02EBS001H0168F0168CF168|2024-07-03|1||1||3||1||1|2|11|5|3|2|20||2|13|0||1||1||1||1||7|1|3|1|1|1|1|2|2|2|2|2|2||2|2|2|2||9||2|2|2|1|1|1|2|2|1|52UZPE01152001T39MT02EBS001H016852UZPE01152001T39MT02EBS001H0168F0168
2|97|1|52|UZPE011|52001|T39|MT02|URB SAN LUIS|MANZANAALT7TORRELADERAVILLANUEVA|-77.366514|1.228076||52UZPE01152001T39MT02EBS001H0169|52UZPE01152001T39MT02EBS001H0169F0169|1|1|1|2|52UZPE01152001T39MT02EBS001|900091143|CC|1085286725|AUXILIARDEENFERMERIA|52UZPE01152001T39MT02EBS001H0169F0169CF169|2024-07-03|1||1||3||1||2|2|11|5|2|2|20||1|13|0||1||1||1||1||7|2|3|1|1|1|1|2|2|2|2|2|2||2|2|1|1||9||1|2|2|1|2|1|2|2|1|52UZPE01152001T39MT02EBS001H016952UZPE01152001T39MT02EBS001H0169F0169
2|98|1|52|UZPE011|52001|T39|MT02|URB SAN LUIS|MANZANAACASA5TORRELADERAVILLANUEVA|-77.266116|1.231572||52UZPE01152001T39MT02EBS001H0172|52UZPE01152001T39MT02EBS001H0172F0172|1|1|1|7|52UZPE01152001T39MT02EBS001|900091143|CC|1085286725|AUXILIARDEENFERMERIA|52UZPE01152001T39MT02EBS001H0172F0172CF172|2024-07-03|1||1||3||1||4|2|11|5|3|2|20||1|13|0||1||1||5||1||1|7|3|1|1|1|1|2|2|2|2|2|2||2|2|1|2||9||1|2|2|1|1|1|2|2|1|52UZPE01152001T39MT02EBS001H017252UZPE01152001T39MT02EBS001H0172F0172
2|99|1|52|UZPE011|52001|T39|MT02|URB SAN LUIS|CRA422227VILLANUEVA|-77.266078|1.232771||52UZPE01152001T39MT02EBS001H0174|52UZPE01152001T39MT02EBS001H0174F0174|1|1|1|1|52UZPE01152001T39MT02EBS001|900091143|CC|1085344082|AUXILIARENFERMERIA|52UZPE01152001T39MT02EBS001H0174F0174CF174|2024-07-03|1||1||3||1||1|2|11|4|2|2|20||2|13|0||1||1||1||1||7|1|3|1|1|1|1|2|2|2|2|2|2||2|2|1|2||9||1|2|2|1|1|1|2|2|1|52UZPE01152001T39MT02EBS001H017452UZPE01152001T39MT02EBS001H0174F0174
2|100|1|52|UZPE011|52001|T39|MT02|URB SAN LUIS|CRA4227110VILLANUEVA|-77.266148|1.232609||52UZPE01152001T39MT02EBS001H0176|52UZPE01152001T39MT02EBS001H0176F0176|1|1|1|3|52UZPE01152001T39MT02EBS001|900091143|CC|1085344082|AUXILIARENFERMERIA|52UZPE01152001T39MT02EBS001H0176F0176CF176|2024-07-03|1||1||3||8||3|2|11|4|2|2|20||2|13|0||1||1||1||1||2|3|3|1|1|1|1|2|2|2|2|2|2||2|2|1|1||9||1|2|2|1|1|1|2|2|1|52UZPE01152001T39MT02EBS001H017652UZPE01152001T39MT02EBS001H0176F0176
2|101|1|52|UZPE011|52001|T39|MT02|URB SAN LUIS|CALLE27NUMERO39137VILLANUEVABAJO|-77.266116|1.231572||52UZPE01152001T39MT02EBS001H0177|52UZPE01152001T39MT02EBS001H0177F0177|1|1|1|1|52UZPE01152001T39MT02EBS001|900091143|CC|1085286725|AUXILIARDEENFERMERIA|52UZPE01152001T39MT02EBS001H0177F0177CF177|2024-07-03|1||1||3||1||1|1|11|5|3|2|20||1|13|0||1||1||1||1||1|1|3|1|1|1|1|2|2|2|2|2|2||2|2|1|1||9||1|2|2|1|1|1|2|2|1|52UZPE01152001T39MT02EBS001H017752UZPE01152001T39MT02EBS001H0177F0177
2|102|1|52|UZPE011|52001|T39|MT02|URB SAN LUIS|CALLE27NUMERO39137VILLANUEVABAJO|-77.266116|1.231572||52UZPE01152001T39MT02EBS001H0178|52UZPE01152001T39MT02EBS001H0178F0178|1|1|1|1|52UZPE01152001T39MT02EBS001|900091143|CC|1085286725|AUXILIARDEENFERMERIA|52UZPE01152001T39MT02EBS001H0178F0178CF178|2024-07-03|1||1||3||1||1|1|11|5|3|2|20||1|13|0||1||1||1||1||7|1|3|1|1|1|1|2|2|2|2|2|2||2|2|1|2||9||1|2|2|1|1|1|2|2|1|52UZPE01152001T39MT02EBS001H017852UZPE01152001T39MT02EBS001H0178F0178
2|103|1|52|UZPE011|52001|T39|MT02|URB SAN LUIS|CARRERA40NUMERO2543|-77.265611|1.230853||52UZPE01152001T39MT02EBS001H0181|52UZPE01152001T39MT02EBS001H0181F0181|1|1|1|1|52UZPE01152001T39MT02EBS001|900091143|CC|27087851|ODONTOLOGA|52UZPE01152001T39MT02EBS001H0181F0181CF181|2024-07-03|1||1||3||1||1|2|11|5|3|2|20||2|13|0||1||1||1||1||1|1|3|1|1|1|1|2|2|2|2|2|2||2|2|2|2||9||2|2|2|1|1|1|2|2|1|52UZPE01152001T39MT02EBS001H018152UZPE01152001T39MT02EBS001H0181F0181
2|104|1|52|UZPE011|52001|T39|MT02|URB SAN LUIS|CRA2737BBIS10VILLANUEVA|-77.267413|1.232422||52UZPE01152001T39MT02EBS001H0182|52UZPE01152001T39MT02EBS001H0182F0182|1|1|1|3|52UZPE01152001T39MT02EBS001|900091143|CC|1085344082|AUXILIARENFERMERIA|52UZPE01152001T39MT02EBS001H0182F0182CF182|2024-07-03|4||1||3||1||2|2|11|5|3|2|20||2|13|0||1||1||1||1||1|3|3|1|1|1|1|2|2|2|2|2|2||2|2|1|1||9||1|2|2|1|1|1|2|2|1|52UZPE01152001T39MT02EBS001H018252UZPE01152001T39MT02EBS001H0182F0182
2|105|1|52|UZPE011|52001|T39|MT02|URB SAN LUIS|CRA2737BBIS10VILLANUEVA|-77.267492|1.232424||52UZPE01152001T39MT02EBS001H0183|52UZPE01152001T39MT02EBS001H0183F0183|1|2|2|2|52UZPE01152001T39MT02EBS001|900091143|CC|1085344082|AUXILIARENFERMERIA|52UZPE01152001T39MT02EBS001H0183F0183CF183|2024-07-03|4||1||3||1||2|2|11|4|3|2|20||2|13|0||1||1||1||1||2|2|3|1|1|1|1|2|2|2|2|2|2||2|2|1|1||9||1|2|2|1|1|1|2|2|1|52UZPE01152001T39MT02EBS001H018352UZPE01152001T39MT02EBS001H0183F0183
2|106|1|52|UZPE011|52001|T39|MT02|URB SAN LUIS|PORTALDELNORTEDIV1|-77.264568|1.234074||52UZPE01152001T39MT02EBS001H0184|52UZPE01152001T39MT02EBS001H0184F0184|1|2|2|4|52UZPE01152001T39MT02EBS001|900091143|CC|59837608|ENFERMERA|52UZPE01152001T39MT02EBS001H0184F0184CF184|2024-07-03|1||1||3||4||1|2|4|2|2|2|4||2|13|0||1||1||1||1||1|2|2|2|1|1|2|2|2|2|2|2|2||2|2|1|1||9||1|2|2|1|1|1|2|2|1|52UZPE01152001T39MT02EBS001H018452UZPE01152001T39MT02EBS001H0184F0184
2|107|1|52|UZPE011|52001|T39|MT02|URB SAN LUIS|VILLANUEVA1|-77.265822|1.231168||52UZPE01152001T39MT02EBS001H0191|52UZPE01152001T39MT02EBS001H0191F0191|1|1|1|1|52UZPE01152001T39MT02EBS001|900091143|CC|59834953|AUXILIARDEENFERMERIA|52UZPE01152001T39MT02EBS001H0191F0191CF191|2024-07-03|1||5||5||4||1|2|11|5|2|2|20||2|13|0||1||1||1||1||7|1|3|1|1|1|2|2|2|2|2|2|2||2|2|2|2||9||2|2|2|1|1|1|2|2|1|52UZPE01152001T39MT02EBS001H019152UZPE01152001T39MT02EBS001H0191F0191
2|108|1|52|UZPE011|52001|T39|MT02|URB SAN LUIS|CLL25CR2062|-77.258521|1.237022||52UZPE01152001T39MT02EBS001H0193|52UZPE01152001T39MT02EBS001H0193F0193|1|1|1|2|52UZPE01152001T39MT02EBS001|900091143|CC|59834953|AUXILIARDEENFERMERIA|52UZPE01152001T39MT02EBS001H0193F0193CF193|2024-07-03|1||1||3||4||1|2|11|5|2|1|20||2|13|0||1||1||1||1||2|2|3|1|1|1|1|2|2|2|2|2|2||2|2|2|1||9||2|2|2|1|1|1|2|2|1|52UZPE01152001T39MT02EBS001H019352UZPE01152001T39MT02EBS001H0193F0193
2|109|1|52|UZPE011|52001|T39|MT02|URB SAN LUIS|TORRELADERAMZBCASA18DIV2|-77.266126|1.203097||52UZPE01152001T39MT02EBS001H0194|52UZPE01152001T39MT02EBS001H0194F0194|2|1|1|1|52UZPE01152001T39MT02EBS001|900091143|CC|59834953|AUXILIARDEENFERMERIA|52UZPE01152001T39MT02EBS001H0194F0194CF194|2024-07-03|4||1||3||1||1|2|11|5|2|2|20||2|13|0||1||1||1||1||7|1|3|1|1|1|1|2|2|2|2|2|2||2|2|1|2||9||1|2|2|1|1|1|2|2|1|52UZPE01152001T39MT02EBS001H019452UZPE01152001T39MT02EBS001H0194F0194
2|110|1|52|UZPE011|52001|T39|MT02|URB SAN LUIS|MZBCASA18DIV2|-77.265753|1.230935||52UZPE01152001T39MT02EBS001H0195|52UZPE01152001T39MT02EBS001H0195F0195|2|1|1|2|52UZPE01152001T39MT02EBS001|900091143|CC|59834953|AUXILIARDEENFERMERIA|52UZPE01152001T39MT02EBS001H0195F0195CF195|2024-07-03|4||1||3||1||1|2|11|5|3|2|20||2|13|0||1||1||1||1||1|2|3|1|1|1|1|2|2|2|2|2|2||2|2|2|2||9||2|2|2|1|1|1|2|2|1|52UZPE01152001T39MT02EBS001H019552UZPE01152001T39MT02EBS001H0195F0195
2|111|1|52|UZPE011|52001|T39|MT02|URB SAN LUIS|MCCASA12TORRELADERA|-77.265858|1.231096||52UZPE01152001T39MT02EBS001H0196|52UZPE01152001T39MT02EBS001H0196F0196|2|1|1|3|52UZPE01152001T39MT02EBS001|900091143|CC|1193385397|AUXILIARENFERMERIA|52UZPE01152001T39MT02EBS001H0196F0196CF196|2024-07-03|1||1||3||1||2|2|11|5|3|2|20||2|13|0||1||1||1||1||1|3|3|1|1|1|2|2|2|2|2|2|2||2|2|1|1||9||1|2|2|1|1|1|2|2|1|52UZPE01152001T39MT02EBS001H019652UZPE01152001T39MT02EBS001H0196F0196
2|112|1|52|UZPE011|52001|T39|MT02|URB SAN LUIS|BARRIOVILLANUEVACASA12A|-77.2655|1.232602||52UZPE01152001T39MT02EBS001H0199|52UZPE01152001T39MT02EBS001H0199F0199|2|1|1|3|52UZPE01152001T39MT02EBS001|900091143|CC|87065647|MEDICOGENERAL|52UZPE01152001T39MT02EBS001H0199F0199CF199|2024-07-02|1||1||3||2||3|2|8|5|1|1|19||2|13|0||1||1||1||1||1|3|3|1|1|1|1|2|2|2|2|2|2||2|2|1|1||9||1|2|2|1|1|1|2|2|1|52UZPE01152001T39MT02EBS001H019952UZPE01152001T39MT02EBS001H0199F0199
2|113|1|52|UZPE011|52001|T39|MT02|URB SAN LUIS|MZJCS8|-77.266675|1.219509||52UZPE01152001T39MT02EBS001H0200|52UZPE01152001T39MT02EBS001H0200F0200|1|1|1|1|52UZPE01152001T39MT02EBS001|900091143|CC|1081272025|AUXILIARDEENFERMERIA|52UZPE01152001T39MT02EBS001H0200F0200CF200|2024-07-03|1||1||3||1||1|2|11|5|3|2|20||2|13|0||1||1||1||1||7|1|3|1|1|1|1|2|2|2|2|2|2||2|2|1|2||9||1|2|2|1|1|1|2|2|1|52UZPE01152001T39MT02EBS001H020052UZPE01152001T39MT02EBS001H0200F0200
2|114|1|52|UZPE011|52001|T39|MT02|URB SAN LUIS|17|-77.26565|1.233308||52UZPE01152001T39MT02EBS001H0201|52UZPE01152001T39MT02EBS001H0201F0201|1|1|1|2|52UZPE01152001T39MT02EBS001|900091143|CC|1081272025|AUXILIARDEENFERMERIA|52UZPE01152001T39MT02EBS001H0201F0201CF201|2024-07-03|1||1||3||1||1|2|11|5|3|2|20||2|13|0||1||1||1||1||1|2|3|2|1|1|1|2|2|2|2|2|2||2|2|1|2||9||1|2|2|1|1|1|2|2|1|52UZPE01152001T39MT02EBS001H020152UZPE01152001T39MT02EBS001H0201F0201
2|115|1|52|UZPE011|52001|T39|MT02|URB SAN LUIS|NO4137|-77.265905|1.232244||52UZPE01152001T39MT02EBS001H0202|52UZPE01152001T39MT02EBS001H0202F0202|1|1|1|3|52UZPE01152001T39MT02EBS001|900091143|CC|1081272025|AUXILIARDEENFERMERIA|52UZPE01152001T39MT02EBS001H0202F0202CF202|2024-07-03|1||1||3||1||2|2|11|5|3|2|20||2|13|0||1||2||1||1||2|2|3|1|1|1|1|2|2|2|2|2|2||2|2|1|2||9||1|2|2|1|1|1|2|2|1|52UZPE01152001T39MT02EBS001H020252UZPE01152001T39MT02EBS001H0202F0202
2|116|1|52|UZPE011|52001|T39|MT02|URB SAN LUIS|MANZANA2CASA1TORRELADERA|-77.265906|1.231622||52UZPE01152001T39MT02EBS001H0203|52UZPE01152001T39MT02EBS001H0203F0203|1|1|1|2|52UZPE01152001T39MT02EBS001|900091143|CC|1193385397|AUXILIARENFERMERIA|52UZPE01152001T39MT02EBS001H0203F0203CF203|2024-07-03|4||1||3||1||2|2|11|5|3|2|20||2|13|0||1||1||1||1||2|2|3|1|1|1|1|2|2|2|2|2|2||2|2|2|1||9||2|2|2|1|1|1|2|2|1|52UZPE01152001T39MT02EBS001H020352UZPE01152001T39MT02EBS001H0203F0203
2|117|1|52|UZPE011|52001|T39|MT02|URB SAN LUIS|CASA16VILLANUEVA|-77.265556|1.233489||52UZPE01152001T39MT02EBS001H0204|52UZPE01152001T39MT02EBS001H0204F0204|1|1|1|2|52UZPE01152001T39MT02EBS001|900091143|CC|1233189234|AUXILIARDEENFERMERIA|52UZPE01152001T39MT02EBS001H0204F0204CF204|2024-07-03|1||1||3||1||1|2|11|5|2|1|20||1|13|0||1||1||1||1||1|2|3|1|1|1|1|2|2|2|2|2|2||2|2|1|1||9||1|2|2|1|1|1|2|2|1|52UZPE01152001T39MT02EBS001H020452UZPE01152001T39MT02EBS001H0204F0204
2|118|1|52|UZPE011|52001|T39|MT02|URB SAN LUIS|MZBCS18TORRELADERA|-77.266126|1.203097||52UZPE01152001T39MT02EBS001H0205|52UZPE01152001T39MT02EBS001H0205F0205|2|1|1|2|52UZPE01152001T39MT02EBS001|900091143|CC|1193385397|AUXILIARENFERMERIA|52UZPE01152001T39MT02EBS001H0205F0205CF205|2024-07-03|1||1||3||1||2|2|11|5|3|2|20||2|13|0||1||1||1||1||2|3|3|1|1|1|1|2|2|2|2|2|2||2|2|2|2||9||2|2|2|1|1|1|2|2|1|52UZPE01152001T39MT02EBS001H020552UZPE01152001T39MT02EBS001H0205F0205
2|119|1|52|UZPE011|52001|T39|MT02|URB SAN LUIS|VILLANUEVA12BDIV1|-77.265391|1.232718||52UZPE01152001T39MT02EBS001H0206|52UZPE01152001T39MT02EBS001H0206F0206|1|1|1|1|52UZPE01152001T39MT02EBS001|900091143|CC|1087643211|OTRO|52UZPE01152001T39MT02EBS001H0206F0206CF206|2024-07-02|1||1||3||1||1|2|3|5|2|2|20||1|13|0||3||1||1||1||7|1|3|4|1|1|2|2|2|2|2|2|2||2|2|1|2||9||1|2|2|1|1|1|2|2|1|52UZPE01152001T39MT02EBS001H020652UZPE01152001T39MT02EBS001H0206F0206
2|120|1|52|UZPE011|52001|T39|MT02|URB SAN LUIS|CL254090|-77.265727|1.23167||52UZPE01152001T39MT02EBS001H0210|52UZPE01152001T39MT02EBS001H0210F0210|1|1|1|1|52UZPE01152001T39MT02EBS001|900091143|CC|1087643211|OTRO|52UZPE01152001T39MT02EBS001H0210F0210CF210|2024-06-03|5||1||3||1||1|2|5|5|2|2|19||2|13|0||3||1||1||1||7|1|3|4|1|1|1|2|2|2|2|2|2||2|2|1|1||9||1|2|2|1|1|1|2|2|1|52UZPE01152001T39MT02EBS001H021052UZPE01152001T39MT02EBS001H0210F0210
2|121|1|52|UZPE011|52001|T39|MT01|NUEVO HORIZONTE|PORTALDENORTEDIV1|-77.264568|1.234074||52UZPE01152001T39MT01EBS001H0211|52UZPE01152001T39MT01EBS001H0211F0211|1|2|2|2|52UZPE01152001T39MT01EBS001|900091143|CC|59837608|ENFERMERA|52UZPE01152001T39MT01EBS001H0211F0211CF211|2024-07-03|1||1||3||4||2|2|4|2|2|2|4||2|13|0||1||1||1||1||2|2|2|3|1|1|3|2|2|2|2|2|2||2|2|1|1||9||1|2|2|1|1|1|2|2|1|52UZPE01152001T39MT01EBS001H021152UZPE01152001T39MT01EBS001H0211F0211
2|122|1|52|UZPE011|52001|T39|MT01|NUEVO HORIZONTE|ARANDACRA27ENRO39B19|-77.36746|1.234951||52UZPE01152001T39MT01EBS001H0213|52UZPE01152001T39MT01EBS001H0213F0213|1|2|2|4|52UZPE01152001T39MT01EBS001|900091143|CC|59837608|ENFERMERA|52UZPE01152001T39MT01EBS001H0213F0213CF213|2024-07-03|1||1||3||1||2|2|4|2|2|2|8||2|13|0||1||1||1||1||4|2|2|2|1|1|2|2|2|2|2|2|2||2|2|2|1||9||2|2|2|1|1|1|2|2|1|52UZPE01152001T39MT01EBS001H021352UZPE01152001T39MT01EBS001H0213F0213
2|123|1|52|UZPE011|52001|T39|MT02|URB SAN LUIS|CARRERA42CASA7AVILLANUEVA|-77.265109|1.232822||52UZPE01152001T39MT02EBS001H0215|52UZPE01152001T39MT02EBS001H0215F0215|1|2|2|2|52UZPE01152001T39MT02EBS001|900091143|CC|1144206777|TECNOLOGOENPROMOCIONDELASALUD|52UZPE01152001T39MT02EBS001H0215F0215CF215|2024-07-02|1||1||3||1||2|2|11|5|2|2|20||2|13|0||3||1||1||1||2|2|3|1|1|1|2|2|2|2|2|2|2||2|2|2|2||9||2|2|2|1|2|1|2|2|1|52UZPE01152001T39MT02EBS001H021552UZPE01152001T39MT02EBS001H0215F0215
2|124|1|52|UZPE011|52001|T39|MT02|URB SAN LUIS|CARRERA42CASA7AVILLANUEVA|-77.265109|1.232822||52UZPE01152001T39MT02EBS001H0216|52UZPE01152001T39MT02EBS001H0216F0216|1|2|2|2|52UZPE01152001T39MT02EBS001|900091143|CC|1144206777|TECNOLOGOENPROMOCIONDELASALUD|52UZPE01152001T39MT02EBS001H0216F0216CF216|2024-07-02|1||1||3||1||2|2|11|5|2|2|20||2|13|0||3||1||1||1||1|3|3|1|1|1|1|2|2|2|2|2|2||2|2|2|2||9||2|2|2|1|1|1|2|2|1|52UZPE01152001T39MT02EBS001H021652UZPE01152001T39MT02EBS001H0216F0216
2|125|1|52|UZPE011|52001|T39|MT02|URB SAN LUIS|MANZANA15VILLANUEVA|-77.265261|1.233414||52UZPE01152001T39MT02EBS001H0223|52UZPE01152001T39MT02EBS001H0223F0223|1|2|2|3|52UZPE01152001T39MT02EBS001|900091143|CC|1085263018|PSICOLOGO|52UZPE01152001T39MT02EBS001H0223F0223CF223|2024-07-03|1||1||3||1||4|2|11|4|2|2|20||2|13|0||1||1||1||1||1|2|3|1|1|1|1|2|2|2|2|2|2||2|2|1|2||9||1|2|2|1|1|1|2|2|1|52UZPE01152001T39MT02EBS001H022352UZPE01152001T39MT02EBS001H0223F0223
2|126|1|52|UZPE011|52001|T39|MT02|URB SAN LUIS|MANZANA15VILLANUEVA|-77.265261|1.233414||52UZPE01152001T39MT02EBS001H0224|52UZPE01152001T39MT02EBS001H0224F0224|1|2|2|3|52UZPE01152001T39MT02EBS001|900091143|CC|1085263018|PSICOLOGO|52UZPE01152001T39MT02EBS001H0224F0224CF224|2024-07-03|1||1||3||1||4|2|11|4|2|2|20||2|13|0||1||1||1||1||2|4|3|2|1|1|1|2|2|2|2|2|2||2|2|1|1||9||1|2|2|1|1|1|2|2|1|52UZPE01152001T39MT02EBS001H022452UZPE01152001T39MT02EBS001H0224F0224
2|127|1|52|UZPE011|52001|T39|MT02|URB SAN LUIS|CALLE5058|-77.265128|1.232659||52UZPE01152001T39MT02EBS001H0229|52UZPE01152001T39MT02EBS001H0229F0229|1|1|1|1|52UZPE01152001T39MT02EBS001|900091143|CC|1144206777|TECNOLOGOENPROMOCIONDELASALUD|52UZPE01152001T39MT02EBS001H0229F0229CF229|2024-07-02|1||1||3||1||1|2|11|5|3|2|20||2|13|0||3||1||1||1||7|1|3|3|1|1|3|2|2|2|2|2|2||2|2|2|2||9||2|2|2|1|1|1|2|2|1|52UZPE01152001T39MT02EBS001H022952UZPE01152001T39MT02EBS001H0229F0229
2|128|1|52|UZPE011|52001|T39|MT02|URB SAN LUIS|CRA42CASA2593VILLANUEVA|-77.265361|1.232826||52UZPE01152001T39MT02EBS001H0232|52UZPE01152001T39MT02EBS001H0232F0232|1|3|3|7|52UZPE01152001T39MT02EBS001|900091143|CC|1085303067|PSICOLOGA|52UZPE01152001T39MT02EBS001H0232F0232CF232|2024-07-03|5||1||3||1||3|1|11|5|2|2|8||2|13|0||1||1||1||1||2|2|1|3|1|1|1|2|2|2|2|2|2||2|2|1|1||9||1|2|2|1|1|1|2|2|1|52UZPE01152001T39MT02EBS001H023252UZPE01152001T39MT02EBS001H0232F0232
2|129|1|52|UZPE011|52001|T39|MT02|URB SAN LUIS|CALLE404199|-77.265357|1.232824||52UZPE01152001T39MT02EBS001H0234|52UZPE01152001T39MT02EBS001H0234F0234|1|1|1|3|52UZPE01152001T39MT02EBS001|900091143|CC|1085303067|PSICOLOGA|52UZPE01152001T39MT02EBS001H0234F0234CF234|2024-07-03|1||1||3||1||2|2|11|5|2|2|20||1|13|0||1||1||1||1||1|3|3|1|1|1|1|2|2|2|2|2|2||2|2|1|2||9||1|2|2|1|1|1|2|2|1|52UZPE01152001T39MT02EBS001H023452UZPE01152001T39MT02EBS001H0234F0234
2|130|1|52|UZPE011|52001|T39|MT02|URB SAN LUIS|CRA392825VILLANUEVA|-77.270436|1.236977||52UZPE01152001T39MT02EBS001H0240|52UZPE01152001T39MT02EBS001H0240F0240|1|1|1|1|52UZPE01152001T39MT02EBS001|900091143|CC|1085286725|AUXILIARDEENFERMERIA|52UZPE01152001T39MT02EBS001H0240F0240CF240|2024-07-10|3||7||4||2||1|2|11|5|8|2|8||2|13|0||3||1||1||1||7|1|3|4|1|1|4|2|2|2|2|2|2||2|2|1|2||9||1|2|2|1|1|1|2|2|1|52UZPE01152001T39MT02EBS001H024052UZPE01152001T39MT02EBS001H0240F0240
2|131|1|52|UZPE011|52001|T39|MT02|URB SAN LUIS|LO6DIV2VILLANUEVA|-77.270436|1.236977||52UZPE01152001T39MT02EBS001H0241|52UZPE01152001T39MT02EBS001H0241F0241|1|1|1|1|52UZPE01152001T39MT02EBS001|900091143|CC|1085286725|AUXILIARDEENFERMERIA|52UZPE01152001T39MT02EBS001H0241F0241CF241|2024-07-10|1||5||1||2||1|2|11|5|2|2|5||2|13|0||3||1||1||1||7|1|3|4|1|1|1|2|2|2|2|2|2||2|2|1|1||9||1|2|2|1|2|1|2|2|1|52UZPE01152001T39MT02EBS001H024152UZPE01152001T39MT02EBS001H0241F0241
2|132|1|52|UZPE011|52001|T39|MT02|URB SAN LUIS|MANZANA9CASA16VILLASDELNORTE|-77.270436|1.236977||52UZPE01152001T39MT02EBS001H0243|52UZPE01152001T39MT02EBS001H0243F0243|1|1|1|1|52UZPE01152001T39MT02EBS001|900091143|CC|1085286725|AUXILIARDEENFERMERIA|52UZPE01152001T39MT02EBS001H0243F0243CF243|2024-07-10|1||1||3||1||1|1|11|5|3|2|20||1|13|0||1||1||1||1||1|1|3|1|1|1|4|2|2|2|2|2|2||2|2|1|2||9||1|2|2|1|1|1|2|2|1|52UZPE01152001T39MT02EBS001H024352UZPE01152001T39MT02EBS001H0243F0243
2|133|1|52|UZPE011|52001|T39|MT02|URB SAN LUIS|MANZANACCASA16DIVISION1|-77.270436|1.236977||52UZPE01152001T39MT02EBS001H0244|52UZPE01152001T39MT02EBS001H0244F0244|1|2|2|2|52UZPE01152001T39MT02EBS001|900091143|CC|1085286725|AUXILIARDEENFERMERIA|52UZPE01152001T39MT02EBS001H0244F0244CF244|2024-07-10|1||1||3||1||2|2|11|5|3|2|20||1|13|0||1||1||1||1||1|2|3|1|1|1|2|2|2|2|2|2|2||2|2|1|2||9||1|2|2|1|1|1|2|2|1|52UZPE01152001T39MT02EBS001H024452UZPE01152001T39MT02EBS001H0244F0244
2|134|1|52|UZPE011|52001|T39|MT02|URB SAN LUIS|MANZANACCASA16DIVISION1|-77.270436|1.236977||52UZPE01152001T39MT02EBS001H0245|52UZPE01152001T39MT02EBS001H0245F0245|1|2|2|2|52UZPE01152001T39MT02EBS001|900091143|CC|1085286725|AUXILIARDEENFERMERIA|52UZPE01152001T39MT02EBS001H0245F0245CF245|2024-07-10|1||1||3||1||2|2|11|5|3|2|20||1|13|0||1||1||1||1||7|1|3|4|1|1|4|2|2|2|2|2|2||2|2|1|2||9||1|2|2|1|2|1|2|2|1|52UZPE01152001T39MT02EBS001H024552UZPE01152001T39MT02EBS001H0245F0245
2|135|1|52|UZPE011|52001|T39|MT02|URB SAN LUIS|CARRERA44CALLE26VILLANUEVA|-77.270436|1.236977||52UZPE01152001T39MT02EBS001H0246|52UZPE01152001T39MT02EBS001H0246F0246|1|1|1|4|52UZPE01152001T39MT02EBS001|900091143|CC|1085286725|AUXILIARDEENFERMERIA|52UZPE01152001T39MT02EBS001H0246F0246CF246|2024-07-29|1||1||3||1||2|2|11|5|2|2|20||2|13|0||3||1||1||1||1|4|3|1|1|1|1|2|2|2|2|2|2||2|2|1|1||9||1|2|2|1|1|1|2|2|1|52UZPE01152001T39MT02EBS001H024652UZPE01152001T39MT02EBS001H0246F0246
2|136|1|52|UZPE011|52001|T39|MT02|URB SAN LUIS|CASA3VILLANUEVADIVISION1PORTALDELNORTE|-77.270436|1.236977||52UZPE01152001T39MT02EBS001H0247|52UZPE01152001T39MT02EBS001H0247F0247|1|1|1|2|52UZPE01152001T39MT02EBS001|900091143|CC|1085286725|AUXILIARDEENFERMERIA|52UZPE01152001T39MT02EBS001H0247F0247CF247|2024-07-29|1||1||3||1||1|2|11|5|2|2|20||2|13|0||3||1||1||1||1|2|3|1|1|1|1|2|2|2|2|2|2||2|2|1|2||9||1|2|2|1|1|1|2|2|1|52UZPE01152001T39MT02EBS001H024752UZPE01152001T39MT02EBS001H0247F0247
2|137|1|52|UZPE011|52001|T39|MT02|URB SAN LUIS|CALLE35NUMERO2514CASA10RINCONDEARANDA|-77.270436|1.236977||52UZPE01152001T39MT02EBS001H0248|52UZPE01152001T39MT02EBS001H0248F0248|1|1|1|1|52UZPE01152001T39MT02EBS001|900091143|CC|1085286725|AUXILIARDEENFERMERIA|52UZPE01152001T39MT02EBS001H0248F0248CF248|2024-08-05|1||1||3||1||1|2|11|5|3|2|20||1|13|0||1||1||1||1||7|1|3|1|1|1|1|2|2|2|2|2|2||2|2|1|2||9||1|2|2|1|1|1|2|2|1|52UZPE01152001T39MT02EBS001H024852UZPE01152001T39MT02EBS001H0248F0248
2|138|1|52|UZPE011|52001|T39|MT01|NUEVO HORIZONTE|BARRIOSINDAGUA|-77.263925|1.211848||52UZPE01152001T39MT01EBS001H0249|52UZPE01152001T39MT01EBS001H0249F0249|1|1|1|3|52UZPE01152001T39MT01EBS001|900091143|CC|27285974|AUXILIARENFERMERIA|52UZPE01152001T39MT01EBS001H0249F0249CF249|2024-08-29|4||1||3||1||2|2|11|5|2|2|20||2|13|0||1||1||1||1||1|3|3|1|1|1|2|2|2|2|2|2|2||2|2|2|2||9||2|2|2|1|1|1|2|2|1|52UZPE01152001T39MT01EBS001H024952UZPE01152001T39MT01EBS001H0249F0249
2|139|1|52|UZPE011|52001|T39|MT01|NUEVO HORIZONTE|BARRIOSINDAGUA|-77.264025|1.218485||52UZPE01152001T39MT01EBS001H0250|52UZPE01152001T39MT01EBS001H0250F0250|1|1|1|3|52UZPE01152001T39MT01EBS001|900091143|CC|27285974|AUXILIARENFERMERIA|52UZPE01152001T39MT01EBS001H0250F0250CF250|2024-08-29|4||1||3||1||2|2|11|5|1|2|20||2|13|0||1||2||1||1||2|3|3|3|1|1|2|2|2|2|2|2|2||2|2|1|2||9||1|2|2|1|1|1|2|2|1|52UZPE01152001T39MT01EBS001H025052UZPE01152001T39MT01EBS001H0250F0250
2|140|1|52|UZPE011|52001|T39|MT01|NUEVO HORIZONTE|BARRIOSINDAGUAALO|-77.263704|1.219109||52UZPE01152001T39MT01EBS001H0252|52UZPE01152001T39MT01EBS001H0252F0252|1|1|1|1|52UZPE01152001T39MT01EBS001|900091143|CC|27285974|AUXILIARENFERMERIA|52UZPE01152001T39MT01EBS001H0252F0252CF252|2024-08-29|4||1||3||1||1|2|11|5|2|2|20||2|13|0||1||1||1||1||7|1|3|1|1|1|2|2|2|2|2|2|2||2|2|2|2||9||2|2|2|1|1|1|2|2|1|52UZPE01152001T39MT01EBS001H025252UZPE01152001T39MT01EBS001H0252F0252
2|141|1|52|UZPE011|52001|T39|MT01|NUEVO HORIZONTE|TORRES7BARRIOSINDAGUA|-77.63317|1.219234||52UZPE01152001T39MT01EBS001H0254|52UZPE01152001T39MT01EBS001H0254F0254|1|1|1|1|52UZPE01152001T39MT01EBS001|900091143|CC|27285974|AUXILIARENFERMERIA|52UZPE01152001T39MT01EBS001H0254F0254CF254|2024-08-29|4||1||3||1||2|2|11|5|2|2|20||2|13|0||1||1||1||1||1|4|3|1|1|1|2|2|2|2|2|2|2||2|2|2|2||9||2|2|2|1|1|1|2|2|1|52UZPE01152001T39MT01EBS001H025452UZPE01152001T39MT01EBS001H0254F0254
2|142|1|52|UZPE011|52001|T39|MT01|NUEVO HORIZONTE|MANZANA1CASA8VILLANUEVA|-77.265688|1.23372||52UZPE01152001T39MT01EBS001H0256|52UZPE01152001T39MT01EBS001H0256F0256|1|1|1|3|52UZPE01152001T39MT01EBS001|900091143|CC|1086358836|AUXILIARDEENFERMERIA|52UZPE01152001T39MT01EBS001H0256F0256CF256|2025-10-20|1||1||3||1||3|2|11|5|3|2|20||2|13|0||1||1||1||1||2|3|3|1|1|1|1|2|2|2|2|2|2||2|2|2|2||6||2|2|2|1|2|1|2|2|1|52UZPE01152001T39MT01EBS001H025652UZPE01152001T39MT01EBS001H0256F0256
2|143|1|52|UZPE011|52001|T39|MT01|NUEVO HORIZONTE|MZ1CASA12PORTALDELNORTE|-77.264314|1.23385||52UZPE01152001T39MT01EBS001H0257|52UZPE01152001T39MT01EBS001H0257F0257|1|1|1|1|52UZPE01152001T39MT01EBS001|900091143|CC|1086224204|AUXILIARDEENFERMERIA|52UZPE01152001T39MT01EBS001H0257F0257CF257|2025-10-21|1||1||3||1||1|2|11|5|2|2|20||1|13|0||3||1||1||1||7|1|1|2|1|1|1|2|2|2|2|2|2||2|2|1|2||6||1|2|2|1|1|1|2|2|1|52UZPE01152001T39MT01EBS001H025752UZPE01152001T39MT01EBS001H0257F0257
2|144|1|52|UZPE011|52001|T39|MT01|NUEVO HORIZONTE|MZ21CASA2PORTALDELNORTE|-77.265598|1.234967||52UZPE01152001T39MT01EBS001H0259|52UZPE01152001T39MT01EBS001H0259F0259|1|1|1|2|52UZPE01152001T39MT01EBS001|900091143|CC|1086224204|AUXILIARDEENFERMERIA|52UZPE01152001T39MT01EBS001H0259F0259CF259|2025-10-28|1||1||3||1||2|2|11|5|2|2|20||2|13|0||3||1||1||1||1|2|3|2|1|1|1|2|2|2|2|2|2||2|2|1|2||6||1|2|2|1|1|1|2|2|1|52UZPE01152001T39MT01EBS001H025952UZPE01152001T39MT01EBS001H0259F0259
2|145|1|52|UZPE011|52001|T39|MT01|NUEVO HORIZONTE|CASA37S43PORTALDELNORTE|-77.266001|1.231577||52UZPE01152001T39MT01EBS001H0261|52UZPE01152001T39MT01EBS001H0261F0261|1|1|1|4|52UZPE01152001T39MT01EBS001|900091143|CC|1086358836|AUXILIARDEENFERMERIA|52UZPE01152001T39MT01EBS001H0261F0261CF261|2025-10-27|1||1||3||1||3|2|11|5|3|2|20||2|13|0||1||1||1||1||1|4|3|1|1|1|1|2|2|2|2|2|2||2|2|2|2||6||2|2|2|1|2|1|2|2|1|52UZPE01152001T39MT01EBS001H026152UZPE01152001T39MT01EBS001H0261F0261
2|146|1|52|UZPE011|52001|T39|MT01|NUEVO HORIZONTE|CRA44CALLE26PORTALDELNORTE|-77.264459|1.234117||52UZPE01152001T39MT01EBS001H0262|52UZPE01152001T39MT01EBS001H0262F0262|1|1|1|2|52UZPE01152001T39MT01EBS001|900091143|CC|59829440|PROMOTORDESALUD|52UZPE01152001T39MT01EBS001H0262F0262CF262|2025-10-21|1||1||3||1||1|2|11|5|2|1|20||2|13|0||1||1||1||1||1|2|3|1|1|1|2|2|2|2|2|2|2||2|2|1|1||6||1|2|2|1|1|1|2|2|1|52UZPE01152001T39MT01EBS001H026252UZPE01152001T39MT01EBS001H0262F0262
2|147|1|52|UZPE011|52001|T39|MT01|NUEVO HORIZONTE|MZ2CASA1PORTALDELNORTE|-77.265293|1.234364||52UZPE01152001T39MT01EBS001H0263|52UZPE01152001T39MT01EBS001H0263F0263|1|1|1|3|52UZPE01152001T39MT01EBS001|900091143|CC|36933095|PROMOTORDESALUD|52UZPE01152001T39MT01EBS001H0263F0263CF263|2025-10-20|1||1||3||4||2|2|11|4|2|2|20||2|13|0||1||1||1||1||1|3|3|2|1|1|1|2|2|2|2|2|2||2|2|1|1||6||1|2|2|1|2|1|2|2|1|52UZPE01152001T39MT01EBS001H026352UZPE01152001T39MT01EBS001H0263F0263
2|148|1|52|UZPE011|52001|T39|MT01|NUEVO HORIZONTE|MZ3CASA22PORTALDELNORTE|-77.26547|1.23346||52UZPE01152001T39MT01EBS001H0266|52UZPE01152001T39MT01EBS001H0266F0266|1|1|1|2|52UZPE01152001T39MT01EBS001|900091143|CC|1086224204|AUXILIARDEENFERMERIA|52UZPE01152001T39MT01EBS001H0266F0266CF266|2025-10-31|1||1||3||1||2|2|11|5|2|2|20||2|13|0||1||1||1||1||7|1|3|1|1|1|1|2|2|2|2|2|2||2|2|2|1||6||2|2|2|1|1|1|2|2|1|52UZPE01152001T39MT01EBS001H026652UZPE01152001T39MT01EBS001H0266F0266
2|149|1|52|UZPE011|52001|T39|MT01|NUEVO HORIZONTE|CRR253862MZCCASA5APT101|-77.265116|1.232868||52UZPE01152001T39MT01EBS001H0267|52UZPE01152001T39MT01EBS001H0267F0267|1|1|1|2|52UZPE01152001T39MT01EBS001|900091143|CC|1086224204|AUXILIARDEENFERMERIA|52UZPE01152001T39MT01EBS001H0267F0267CF267|2025-10-10|4||1||3||1||1|2|11|5|2|2|20||2|13|0||1||1||1||1||2|2|3|1|1|1|1|2|2|2|2|2|2||2|2|1|1||6||1|2|2|1|1|1|2|2|1|52UZPE01152001T39MT01EBS001H026752UZPE01152001T39MT01EBS001H0267F0267
2|150|1|52|UZPE011|52001|T39|MT01|NUEVO HORIZONTE|MANZANA2CASA2PORTALDELNORTE|-77.265099|1.233797||52UZPE01152001T39MT01EBS001H0268|52UZPE01152001T39MT01EBS001H0268F0268|1|1|1|4|52UZPE01152001T39MT01EBS001|900091143|CC|1086358836|AUXILIARDEENFERMERIA|52UZPE01152001T39MT01EBS001H0268F0268CF268|2025-10-31|1||1||3||1||2|2|11|5|3|2|20||2|13|0||1||1||1||1||1|4|3|1|1|1|1|2|2|2|2|2|2||2|2|2|2||6||2|2|2|1|2|1|2|2|1|52UZPE01152001T39MT01EBS001H026852UZPE01152001T39MT01EBS001H0268F0268
2|151|1|52|UZPE011|52001|T39|MT01|NUEVO HORIZONTE|MANZANA4CASA3PORTALDELNORTE|-77.264676|1.233724||52UZPE01152001T39MT01EBS001H0271|52UZPE01152001T39MT01EBS001H0271F0271|1|1|1|3|52UZPE01152001T39MT01EBS001|900091143|CC|1086358836|AUXILIARDEENFERMERIA|52UZPE01152001T39MT01EBS001H0271F0271CF271|2025-10-31|1||1||3||1||2|2|11|5|2|2|20||2|13|0||1||1||1||1||2|3|3|2|1|1|1|2|2|2|2|2|2||2|2|2|1||6||2|2|2|1|1|1|2|2|1|52UZPE01152001T39MT01EBS001H027152UZPE01152001T39MT01EBS001H0271F0271
2|152|1|52|UZPE011|52001|T39|MT01|NUEVO HORIZONTE|MANZANA2CASA10VILLANUEVA|-77.265053|1.233377||52UZPE01152001T39MT01EBS001H0276|52UZPE01152001T39MT01EBS001H0276F0276|1|4|4|3|52UZPE01152001T39MT01EBS001|900091143|CC|1086358836|AUXILIARDEENFERMERIA|52UZPE01152001T39MT01EBS001H0276F0276CF276|2025-10-07|1||1||3||1||4|2|11|5|2|2|20||2|13|0||1||1||1||1||1|4|3|2|1|1|1|2|2|2|2|2|2||2|2|1|2||6||1|2|2|1|2|1|2|2|1|52UZPE01152001T39MT01EBS001H027652UZPE01152001T39MT01EBS001H0276F0276
2|153|1|52|UZPE011|52001|T39|MT01|NUEVO HORIZONTE|MANZANA4CASA12VILLANUEVA|-77.265312|1.231184||52UZPE01152001T39MT01EBS001H0277|52UZPE01152001T39MT01EBS001H0277F0277|1|1|1|2|52UZPE01152001T39MT01EBS001|900091143|CC|1086358836|AUXILIARDEENFERMERIA|52UZPE01152001T39MT01EBS001H0277F0277CF277|2025-11-07|1||1||3||1||2|2|11|5|2|2|20||2|13|0||1||1||1||1||7|2|3|1|1|2|1|2|2|2|2|2|2||2|2|1|2||6||1|2|2|1|1|1|2|2|1|52UZPE01152001T39MT01EBS001H027752UZPE01152001T39MT01EBS001H0277F0277
2|154|1|52|UZPE011|52001|T39|MT01|NUEVO HORIZONTE|MANZANAACASA3VILLANUEVA|-77.265053|1.233377||52UZPE01152001T39MT01EBS001H0278|52UZPE01152001T39MT01EBS001H0278F0278|1|1|1|2|52UZPE01152001T39MT01EBS001|900091143|CC|1086358836|AUXILIARDEENFERMERIA|52UZPE01152001T39MT01EBS001H0278F0278CF278|2025-11-07|1||1||3||1||2|2|11|5|2|2|20||2|13|0||1||1||1||1||1|2|2|2|1|1|2|2|2|2|2|2|2||2|2|1|2||6||1|2|2|1|1|1|2|2|1|52UZPE01152001T39MT01EBS001H027852UZPE01152001T39MT01EBS001H0278F0278
2|155|1|52|UZPE011|52001|T39|MT01|NUEVO HORIZONTE|COMUNA10MZ11CASA21PORTALDELNORTEFUNDACIONCRISTIANARESCATADOSPORSUSANGRE|-77.26444|1.239565||52UZPE01152001T39MT01EBS001H0282|52UZPE01152001T39MT01EBS001H0282F0282|1|1|1|1|52UZPE01152001T39MT01EBS001|900091143|CC|1086224204|AUXILIARDEENFERMERIA|52UZPE01152001T39MT01EBS001H0282F0282CF282|2025-11-10|1||1||3||1||1|2|11|5|2|2|20||2|13|0||1||1||1||1||7|1|3|2|1|1|1|2|2|2|2|2|2||2|2|2|2||6||2|2|2|1|1|1|2|2|1|52UZPE01152001T39MT01EBS001H028252UZPE01152001T39MT01EBS001H0282F0282
2|156|1|52|UZPE011|52001|T39|MT01|NUEVO HORIZONTE|COMUNA10MZ11CASA21FUNDACIONCRISTIANARESCATADOSPORTUSANGREPORTALDELNORTE|-77.26444|1.239665||52UZPE01152001T39MT01EBS001H0283|52UZPE01152001T39MT01EBS001H0283F0283|1|1|1|1|52UZPE01152001T39MT01EBS001|900091143|CC|1086224204|AUXILIARDEENFERMERIA|52UZPE01152001T39MT01EBS001H0283F0283CF283|2025-11-10|1||1||3||1||1|2|11|5|2|2|20||2|13|0||1||1||1||1||7|1|3|2|1|1|1|2|2|2|2|2|2||2|2|1|2||6||1|2|2|1|1|1|2|2|1|52UZPE01152001T39MT01EBS001H028352UZPE01152001T39MT01EBS001H0283F0283
2|157|1|52|UZPE011|52001|T39|MT01|NUEVO HORIZONTE|COMINA10MZ11CASA21PORTALDELNOTREFUNDACIONCRISTIANARESCATADOSPORSUSANGRE|-77.26444|1.239565||52UZPE01152001T39MT01EBS001H0284|52UZPE01152001T39MT01EBS001H0284F0284|1|1|1|1|52UZPE01152001T39MT01EBS001|900091143|CC|1086224204|AUXILIARDEENFERMERIA|52UZPE01152001T39MT01EBS001H0284F0284CF284|2025-11-10|1||1||3||1||1|2|11|5|2|2|20||2|13|0||1||1||1||1||7|1|3|2|1|1|1|2|2|2|2|2|2||2|2|2|1||6||2|2|2|1|1|1|2|2|1|52UZPE01152001T39MT01EBS001H028452UZPE01152001T39MT01EBS001H0284F0284
2|158|1|52|UZPE011|52001|T39|MT01|NUEVO HORIZONTE|COMUNA10MZ11CASA21FUNDACIONCRSITIANARESCATADOSPORSUSANGREBARRIOPORTALDELNORTE|-77.26444|1.239565||52UZPE01152001T39MT01EBS001H0285|52UZPE01152001T39MT01EBS001H0285F0285|1|1|1|1|52UZPE01152001T39MT01EBS001|900091143|CC|1086224204|AUXILIARDEENFERMERIA|52UZPE01152001T39MT01EBS001H0285F0285CF285|2025-11-10|1||1||3||1||1|2|11|5|2|2|20||2|13|0||1||1||1||1||7|1|3|2|1|1|1|2|2|2|2|2|2||2|2|1|2||6||1|2|2|1|1|1|2|2|1|52UZPE01152001T39MT01EBS001H028552UZPE01152001T39MT01EBS001H0285F0285
2|159|1|52|UZPE011|52001|T39|MT01|NUEVO HORIZONTE|COMUNA10MZ11CASA21FUNDACIONCRISTIANARESCATADOSPORSUSANGREBARRIOPORTALDELNORTE|-77.26444|1.239565||52UZPE01152001T39MT01EBS001H0286|52UZPE01152001T39MT01EBS001H0286F0286|1|1|1|1|52UZPE01152001T39MT01EBS001|900091143|CC|1086224204|AUXILIARDEENFERMERIA|52UZPE01152001T39MT01EBS001H0286F0286CF286|2025-11-10|1||1||3||1||1|2|11|5|2|2|20||2|13|0||1||1||1||1||7|1|3|2|1|1|1|2|2|2|2|2|2||2|2|1|1||6||1|2|2|1|1|1|2|2|1|52UZPE01152001T39MT01EBS001H028652UZPE01152001T39MT01EBS001H0286F0286
2|160|1|52|UZPE011|52001|T39|MT04|URB SAN SEBASTIAN|CARRERA2732B40|-77.266528|1.227061||52UZPE01152001T39MT04EBS001H0289|52UZPE01152001T39MT04EBS001H0289F0289|1|1|1|3|52UZPE01152001T39MT04EBS001|900091143|CC|27276869|AUXILIARDEENFERMERIA|52UZPE01152001T39MT04EBS001H0289F0289CF289|2025-11-13|4||1||3||1||2|2|11|5|3|2|20||2|13|0||1||1||1||1||1|3|3|1|1|1|1|2|2|2|2|2|2||2|2|1|1||6||1|2|2|1|1|1|2|2|1|52UZPE01152001T39MT04EBS001H028952UZPE01152001T39MT04EBS001H0289F0289
2|161|1|52|UZPE011|52001|T39|MT01|NUEVO HORIZONTE|CR42CASA2523VILLANUEVA|-77.264439|1.232408||52UZPE01152001T39MT01EBS001H0290|52UZPE01152001T39MT01EBS001H0290F0290|1|1|1|3|52UZPE01152001T39MT01EBS001|900091143|CC|1086224204|AUXILIARDEENFERMERIA|52UZPE01152001T39MT01EBS001H0290F0290CF290|2025-11-12|1||1||3||4||2|2|11|5|2|1|8||2|13|0||3||1||1||1||2|3|3|2|1|1|1|2|2|2|2|2|2||2|2|2|1||6||2|2|2|1|2|1|2|2|1|52UZPE01152001T39MT01EBS001H029052UZPE01152001T39MT01EBS001H0290F0290
2|162|1|52|UZPE011|52001|T39|MT04|URB SAN SEBASTIAN|CARRERA27B3240|-77.266307|1.226878||52UZPE01152001T39MT04EBS001H0291|52UZPE01152001T39MT04EBS001H0291F0291|1|1|1|1|52UZPE01152001T39MT04EBS001|900091143|CC|27276869|AUXILIARDEENFERMERIA|52UZPE01152001T39MT04EBS001H0291F0291CF291|2025-11-15|4||1||3||1||1|2|11|5|3|2|20||2|13|0||1||1||1||1||7|1|3|1|1|1|1|2|2|2|2|2|2||2|2|2|1||6||2|2|2|1|2|1|2|2|1|52UZPE01152001T39MT04EBS001H029152UZPE01152001T39MT04EBS001H0291F0291
2|163|1|52|UZPE011|52001|T39|MT03|URB SAN LUIS|TORRESSANLUISAPTO503|-77.266681|1.22818||52UZPE01152001T39MT03EBS001H0292|52UZPE01152001T39MT03EBS001H0292F0292|1|1|1|3|52UZPE01152001T39MT03EBS001|900091143|CC|27276869|AUXILIARDEENFERMERIA|52UZPE01152001T39MT03EBS001H0292F0292CF292|2025-11-15|4||1||3||1||2|2|11|5|3|2|20||2|13|0||1||1||1||1||1|3|3|1|1|1|1|2|2|2|2|2|2||2|2|1|1||6||1|2|2|1|2|1|2|2|1|52UZPE01152001T39MT03EBS001H029252UZPE01152001T39MT03EBS001H0292F0292
2|164|1|52|UZPE011|52001|T39|MT04|URB SAN SEBASTIAN|TORRESSANSEBASTIAN|-77.266475|1.226674||52UZPE01152001T39MT04EBS001H0294|52UZPE01152001T39MT04EBS001H0294F0294|1|1|1|4|52UZPE01152001T39MT04EBS001|900091143|CC|27276869|AUXILIARDEENFERMERIA|52UZPE01152001T39MT04EBS001H0294F0294CF294|2025-11-13|4||1||3||1||3|2|11|5|3|2|20||2|13|0||1||1||1||1||1|5|3|1|1|1|1|2|2|2|2|2|2||2|2|1|1||6||1|2|2|1|2|1|2|2|1|52UZPE01152001T39MT04EBS001H029452UZPE01152001T39MT04EBS001H0294F0294
2|165|1|52|UZPE011|52001|T39|MT01|NUEVO HORIZONTE|CARRERA40LOTESDEINVACIONVILLANUEVA|-77.266165|1.231495||52UZPE01152001T39MT01EBS001H0295|52UZPE01152001T39MT01EBS001H0295F0295|1|1|1|3|52UZPE01152001T39MT01EBS001|900091143|CC|1086224204|AUXILIARDEENFERMERIA|52UZPE01152001T39MT01EBS001H0295F0295CF295|2025-11-13|1||5||5||4||3|2|11|5|2|2|20||2|13|0||3||1||1||1||1|3|3|2|1|1|1|2|2|2|2|2|2||2|2|1|2||6||1|2|2|1|2|1|2|2|1|52UZPE01152001T39MT01EBS001H029552UZPE01152001T39MT01EBS001H0295F0295
2|166|1|52|UZPE011|52001|T39|MT02|URB SAN LUIS|URBANIZACIONSALLUISTORRE3APTO101|-77.266905|1.228647||52UZPE01152001T39MT02EBS001H0297|52UZPE01152001T39MT02EBS001H0297F0297|1|1|1|3|52UZPE01152001T39MT02EBS001|900091143|CC|97470681|ENFERMERO|52UZPE01152001T39MT02EBS001H0297F0297CF297|2025-11-19|4||1||3||1||2|2|11|5|3|2|20||2|13|0||1||1||1||1||2|3|2|2|1|1|3|2|2|2|2|2|2||2|2|1|1||6||1|2|2|1|2|1|2|2|1|52UZPE01152001T39MT02EBS001H029752UZPE01152001T39MT02EBS001H0297F0297
2|167|1|52|UZPE011|52001|T39|MT04|URB SAN SEBASTIAN|TORRE2202SANSEBASTIAN|-77.265913|1.227222||52UZPE01152001T39MT04EBS001H0301|52UZPE01152001T39MT04EBS001H0301F0301|1|1|1|3|52UZPE01152001T39MT04EBS001|900091143|CC|1086358836|AUXILIARDEENFERMERIA|52UZPE01152001T39MT04EBS001H0301F0301CF301|2025-11-20|4||1||3||1||2|1|11|5|3|2|20||2|13|0||1||1||1||1||2|3|3|2|1|1|1|2|2|2|2|2|2||2|2|2|2||6||2|2|2|1|1|1|2|2|1|52UZPE01152001T39MT04EBS001H030152UZPE01152001T39MT04EBS001H0301F0301
2|168|1|52|UZPE011|52001|T39|MT04|URB SAN SEBASTIAN|TORRE2502SANSEBASTIAN|-77.265787|1.227032||52UZPE01152001T39MT04EBS001H0302|52UZPE01152001T39MT04EBS001H0302F0302|1|1|1|4|52UZPE01152001T39MT04EBS001|900091143|CC|1086358836|AUXILIARDEENFERMERIA|52UZPE01152001T39MT04EBS001H0302F0302CF302|2025-11-20|4||1||3||1||2|2|11|5|3|2|20||2|13|0||1||1||1||1||1|4|3|1|1|1|1|2|2|2|2|2|2||2|2|2|1||6||2|2|2|1|1|1|2|2|1|52UZPE01152001T39MT04EBS001H030252UZPE01152001T39MT04EBS001H0302F0302
2|169|1|52|UZPE011|52001|T39|MT03|URB SAN LUIS|TORRE5501TORRESSANLUIS|-77.266421|1.228222||52UZPE01152001T39MT03EBS001H0304|52UZPE01152001T39MT03EBS001H0304F0304|1|1|1|3|52UZPE01152001T39MT03EBS001|900091143|CC|1086358836|AUXILIARDEENFERMERIA|52UZPE01152001T39MT03EBS001H0304F0304CF304|2025-11-21|4||1||3||1||2|1|11|5|3|2|20||2|13|0||1||1||1||1||1|3|3|1|1|1|1|2|2|2|2|2|2||2|2|2|1||6||2|2|2|1|1|1|2|2|1|52UZPE01152001T39MT03EBS001H030452UZPE01152001T39MT03EBS001H0304F0304
2|170|1|52|UZPE011|52001|T39|MT03|URB SAN LUIS|SANLUISTORRE2APTO304|-77.266972|1.228547||52UZPE01152001T39MT03EBS001H0305|52UZPE01152001T39MT03EBS001H0305F0305|1|1|1|1|52UZPE01152001T39MT03EBS001|900091143|CC|27276869|AUXILIARDEENFERMERIA|52UZPE01152001T39MT03EBS001H0305F0305CF305|2025-11-17|4||1||3||1||1|2|11|5|3|2|20||2|13|0||1||1||1||1||7|1|3|1|1|1|1|2|2|2|2|2|2||2|2|2|2||6||2|2|2|1|2|1|2|2|1|52UZPE01152001T39MT03EBS001H030552UZPE01152001T39MT03EBS001H0305F0305
2|171|1|52|UZPE011|52001|T39|MT04|URB SAN SEBASTIAN|TORRE3103SANSEBASTIAN|-77.265806|1.226437||52UZPE01152001T39MT04EBS001H0306|52UZPE01152001T39MT04EBS001H0306F0306|1|1|1|3|52UZPE01152001T39MT04EBS001|900091143|CC|1086358836|AUXILIARDEENFERMERIA|52UZPE01152001T39MT04EBS001H0306F0306CF306|2025-11-22|4||1||3||1||2|2|11|5|3|2|20||2|13|0||1||1||1||1||2|3|2|2|1|1|1|2|2|2|2|2|2||2|2|2|1||6||2|2|2|1|1|1|2|2|1|52UZPE01152001T39MT04EBS001H030652UZPE01152001T39MT04EBS001H0306F0306
2|172|1|52|UZPE011|52001|T39|MT04|URB SAN SEBASTIAN|TORRE3202TORRESSANSEBASTIAN|-77.265022|1.226735||52UZPE01152001T39MT04EBS001H0307|52UZPE01152001T39MT04EBS001H0307F0307|1|1|1|2|52UZPE01152001T39MT04EBS001|900091143|CC|1086358836|AUXILIARDEENFERMERIA|52UZPE01152001T39MT04EBS001H0307F0307CF307|2025-11-22|4||1||3||1||2|2|11|5|3|2|20||2|13|0||1||1||1||1||7|2|3|1|1|1|1|2|2|2|2|2|2||2|2|2|2||6||2|2|2|1|1|1|2|2|1|52UZPE01152001T39MT04EBS001H030752UZPE01152001T39MT04EBS001H0307F0307
2|173|1|52|UZPE011|52001|T39|MT04|URB SAN SEBASTIAN|TORRE3404TORRESSANSEBASTIAN|-77.265622|1.226735||52UZPE01152001T39MT04EBS001H0308|52UZPE01152001T39MT04EBS001H0308F0308|1|1|1|2|52UZPE01152001T39MT04EBS001|900091143|CC|1086358836|AUXILIARDEENFERMERIA|52UZPE01152001T39MT04EBS001H0308F0308CF308|2025-11-22|4||1||3||1||2|2|11|5|3|2|20||2|13|0||1||1||1||1||1|2|3|1|1|1|1|2|2|2|2|2|2||2|2|2|2||6||2|2|2|1|1|1|2|2|1|52UZPE01152001T39MT04EBS001H030852UZPE01152001T39MT04EBS001H0308F0308
2|174|1|52|UZPE011|52001|T39|MT04|URB SAN SEBASTIAN|URBANIZACIONSANSEBASTIANTORRE3APTO102|-77.265994|1.222079||52UZPE01152001T39MT04EBS001H0309|52UZPE01152001T39MT04EBS001H0309F0309|1|1|1|3|52UZPE01152001T39MT04EBS001|900091143|CC|97470681|ENFERMERO|52UZPE01152001T39MT04EBS001H0309F0309CF309|2025-11-22|4||1||3||1||2|2|11|5|3|2|8||2|13|0||1||1||1||1||4|3|3|1|1|1|4|2|2|2|2|2|2||2|2|1|2||6||1|2|2|1|2|1|2|2|1|52UZPE01152001T39MT04EBS001H030952UZPE01152001T39MT04EBS001H0309F0309
2|175|1|52|UZPE011|52001|T39|MT03|URB SAN LUIS|TORRESDESANLUIS|-77.26696|1.228335||52UZPE01152001T39MT03EBS001H0310|52UZPE01152001T39MT03EBS001H0310F0310|1|1|1|3|52UZPE01152001T39MT03EBS001|900091143|CC|27276869|AUXILIARDEENFERMERIA|52UZPE01152001T39MT03EBS001H0310F0310CF310|2025-11-17|4||1||3||1||3|2|11|5|3|2|20||2|13|0||1||1||1||1||2|3|3|1|1|1|1|2|2|2|2|2|2||2|2|1|2||6||1|2|2|1|2|1|2|2|1|52UZPE01152001T39MT03EBS001H031052UZPE01152001T39MT03EBS001H0310F0310
2|176|1|52|UZPE011|52001|T39|MT03|URB SAN LUIS|CARRERA27TORRESDESANLUIS|-77.267023|1.228187||52UZPE01152001T39MT03EBS001H0312|52UZPE01152001T39MT03EBS001H0312F0312|1|1|1|3|52UZPE01152001T39MT03EBS001|900091143|CC|27276869|AUXILIARDEENFERMERIA|52UZPE01152001T39MT03EBS001H0312F0312CF312|2025-11-17|4||1||3||1||1|2|11|5|3|2|20||2|13|0||1||1||1||1||1|3|3|1|1|1|1|2|2|2|2|2|2||2|2|1|1||6||1|2|2|1|1|1|2|2|1|52UZPE01152001T39MT03EBS001H031252UZPE01152001T39MT03EBS001H0312F0312
2|177|1|52|UZPE011|52001|T39|MT04|URB SAN SEBASTIAN|CARRERA27TORRESSANSEBASTIAN|-77.265793|1.22761||52UZPE01152001T39MT04EBS001H0313|52UZPE01152001T39MT04EBS001H0313F0313|1|1|1|4|52UZPE01152001T39MT04EBS001|900091143|CC|27276869|AUXILIARDEENFERMERIA|52UZPE01152001T39MT04EBS001H0313F0313CF313|2025-11-17|4||1||3||1||3|2|11|5|3|2|20||2|13|0||1||1||1||1||1|4|3|1|1|1|1|2|2|2|2|2|2||2|2|1|1||6||1|2|2|1|2|1|2|2|1|52UZPE01152001T39MT04EBS001H031352UZPE01152001T39MT04EBS001H0313F0313
2|178|1|52|UZPE011|52001|T39|MT02|URB SAN LUIS|URBANIZACIONSANLUISTORRE8APTO104|-77.266938|1.228796||52UZPE01152001T39MT02EBS001H0314|52UZPE01152001T39MT02EBS001H0314F0314|1|1|1|2|52UZPE01152001T39MT02EBS001|900091143|CC|97470681|ENFERMERO|52UZPE01152001T39MT02EBS001H0314F0314CF314|2025-11-24|4||1||3||1||2|2|11|5|3|2|19||2|13|0||1||1||1||1||2|2|3|1|1|1|1|2|2|2|2|2|2||2|2|1|1||6||1|2|2|1|2|1|2|2|1|52UZPE01152001T39MT02EBS001H031452UZPE01152001T39MT02EBS001H0314F0314
2|179|1|52|UZPE011|52001|T39|MT02|URB SAN LUIS|TORRE8406TORRESSANLUIS|-77.266095|1.228617||52UZPE01152001T39MT02EBS001H0316|52UZPE01152001T39MT02EBS001H0316F0316|1|1|1|3|52UZPE01152001T39MT02EBS001|900091143|CC|1086358836|AUXILIARDEENFERMERIA|52UZPE01152001T39MT02EBS001H0316F0316CF316|2025-11-24|4||1||3||1||2|2|11|5|3|2|20||2|13|0||1||1||1||1||1|3|3|1|1|1|1|2|2|2|2|2|2||2|2|2|2||6||2|2|2|1|1|1|2|2|1|52UZPE01152001T39MT02EBS001H031652UZPE01152001T39MT02EBS001H0316F0316
2|180|1|52|UZPE011|52001|T39|MT02|URB SAN LUIS|TORRE8408SANLUIS|-77.266009|1.228078||52UZPE01152001T39MT02EBS001H0317|52UZPE01152001T39MT02EBS001H0317F0317|1|1|1|3|52UZPE01152001T39MT02EBS001|900091143|CC|1086358836|AUXILIARDEENFERMERIA|52UZPE01152001T39MT02EBS001H0317F0317CF317|2025-11-24|4||1||3||1||2|1|11|5|3|2|20||2|13|0||1||1||1||1||2|3|3|1|1|1|1|2|2|2|2|2|2||2|2|2|2||6||2|2|2|1|1|1|2|2|1|52UZPE01152001T39MT02EBS001H031752UZPE01152001T39MT02EBS001H0317F0317
2|181|1|52|UZPE011|52001|T39|MT04|URB SAN SEBASTIAN|URBANIZACIONSANSEBASTIAN|-77.265591|1.227361||52UZPE01152001T39MT04EBS001H0319|52UZPE01152001T39MT04EBS001H0319F0319|1|1|1|4|52UZPE01152001T39MT04EBS001|900091143|CC|1082748032|AUXILIARDEENFERMERIA|52UZPE01152001T39MT04EBS001H0319F0319CF319|2025-11-20|4||1||3||1||3|1|11|5|2|2|20||1|13|0||1||1||1||1||2|4|3|1|1|1|1|2|2|2|2|2|2||2|2|1|2||6||1|2|2|1|1|1|2|2|1|52UZPE01152001T39MT04EBS001H031952UZPE01152001T39MT04EBS001H0319F0319
2|182|1|52|UZPE011|52001|T39|MT03|URB SAN LUIS|TORRES7202SANLUIS|-77.265433|1.229402||52UZPE01152001T39MT03EBS001H0322|52UZPE01152001T39MT03EBS001H0322F0322|1|1|1|3|52UZPE01152001T39MT03EBS001|900091143|CC|1086358836|AUXILIARDEENFERMERIA|52UZPE01152001T39MT03EBS001H0322F0322CF322|2025-11-24|4||1||3||1||2|2|11|5|3|2|20||2|13|0||1||1||1||1||1|3|3|1|1|1|1|2|2|2|2|2|2||2|2|2|1||6||2|2|2|1|1|1|2|2|1|52UZPE01152001T39MT03EBS001H032252UZPE01152001T39MT03EBS001H0322F0322
2|183|1|52|UZPE011|52001|T39|MT03|URB SAN LUIS|TORRE24APARTAMENTO504SANLUIS|-77.2662|1.22787||52UZPE01152001T39MT03EBS001H0325|52UZPE01152001T39MT03EBS001H0325F0325|1|1|1|4|52UZPE01152001T39MT03EBS001|900091143|CC|1086358836|AUXILIARDEENFERMERIA|52UZPE01152001T39MT03EBS001H0325F0325CF325|2025-11-27|4||1||3||1||2|2|11|5|3|2|20||2|13|0||1||1||1||1||1|1|3|1|1|1|1|2|2|2|2|2|2||2|2|2|1||6||2|2|2|1|1|1|2|2|1|52UZPE01152001T39MT03EBS001H032552UZPE01152001T39MT03EBS001H0325F0325
2|184|1|52|UZPE011|52001|T39|MT04|URB SAN SEBASTIAN|TORRE5303SANSEBASTIAN|-77.266081|1.221802||52UZPE01152001T39MT04EBS001H0326|52UZPE01152001T39MT04EBS001H0326F0326|1|1|1|3|52UZPE01152001T39MT04EBS001|900091143|CC|1086358836|AUXILIARDEENFERMERIA|52UZPE01152001T39MT04EBS001H0326F0326CF326|2025-11-27|4||1||3||1||2|2|11|5|2|2|20||2|13|0||1||1||1||1||1|3|3|1|1|1|1|2|2|2|2|2|2||2|2|1|1||6||1|2|2|1|1|1|2|2|1|52UZPE01152001T39MT04EBS001H032652UZPE01152001T39MT04EBS001H0326F0326
2|185|1|52|UZPE011|52001|T39|MT04|URB SAN SEBASTIAN|TORRE5402TORRESSANSEBASTIAN|-77.266081|1.221802||52UZPE01152001T39MT04EBS001H0327|52UZPE01152001T39MT04EBS001H0327F0327|1|1|1|5|52UZPE01152001T39MT04EBS001|900091143|CC|1086358836|AUXILIARDEENFERMERIA|52UZPE01152001T39MT04EBS001H0327F0327CF327|2025-11-27|4||1||3||1||2|1|11|5|3|2|20||2|13|2||1||1||1||1||1|2|3|1|1|1|1|2|2|2|2|2|2||2|2|2|2||6||2|2|2|1|1|1|2|2|1|52UZPE01152001T39MT04EBS001H032752UZPE01152001T39MT04EBS001H0327F0327
2|186|1|52|UZPE011|52001|T39|MT04|URB SAN SEBASTIAN|TORRE5402SANSEBASTIAN|-77.266081|1.221802||52UZPE01152001T39MT04EBS001H0328|52UZPE01152001T39MT04EBS001H0328F0328|1|1|1|2|52UZPE01152001T39MT04EBS001|900091143|CC|1086358836|AUXILIARDEENFERMERIA|52UZPE01152001T39MT04EBS001H0328F0328CF328|2025-11-27|4||1||3||1||2|2|11|5|3|2|20||2|13|2||1||1||1||1||1|2|3|1|1|1|1|2|2|2|2|2|2||2|2|2|2||6||2|2|2|1|1|1|2|2|1|52UZPE01152001T39MT04EBS001H032852UZPE01152001T39MT04EBS001H0328F0328
2|187|1|52|UZPE011|52001|T39|MT03|URB SAN LUIS|TORRE11APARTAMENTO104SANLUIS|-77.266129|1.228182||52UZPE01152001T39MT03EBS001H0329|52UZPE01152001T39MT03EBS001H0329F0329|1|1|1|3|52UZPE01152001T39MT03EBS001|900091143|CC|1086358836|AUXILIARDEENFERMERIA|52UZPE01152001T39MT03EBS001H0329F0329CF329|2025-11-28|4||1||3||1||2|2|11|5|3|2|20||2|13|0||1||1||1||1||2|3|3|1|1|1|1|2|2|2|2|2|2||2|2|2|1||6||2|2|2|1|1|1|2|2|1|52UZPE01152001T39MT03EBS001H032952UZPE01152001T39MT03EBS001H0329F0329
2|188|1|52|UZPE011|52001|T39|MT03|URB SAN LUIS|TORRE12403SANLUIS|-77.265972|1.229003||52UZPE01152001T39MT03EBS001H0330|52UZPE01152001T39MT03EBS001H0330F0330|1|1|1|4|52UZPE01152001T39MT03EBS001|900091143|CC|1086358836|AUXILIARDEENFERMERIA|52UZPE01152001T39MT03EBS001H0330F0330CF330|2025-11-28|4||1||3||1||2|1|11|5|3|1|20||2|13|0||1||1||1||1||1|4|3|1|1|1|1|2|2|2|2|2|2||2|2|2|2||6||2|2|2|1|1|1|2|2|1|52UZPE01152001T39MT03EBS001H033052UZPE01152001T39MT03EBS001H0330F0330
2|189|1|52|UZPE011|52001|T39|MT03|URB SAN LUIS|TORRE11401SANLUIS|-77.266482|1.228586||52UZPE01152001T39MT03EBS001H0331|52UZPE01152001T39MT03EBS001H0331F0331|1|1|1|4|52UZPE01152001T39MT03EBS001|900091143|CC|1086358836|AUXILIARDEENFERMERIA|52UZPE01152001T39MT03EBS001H0331F0331CF331|2025-11-28|4||1||3||1||1|1|11|5|3|2|20||2|13|0||1||1||1||1||1|4|3|1|1|1|1|2|2|2|2|2|2||2|2|2|1||6||2|2|2|1|1|1|2|2|1|52UZPE01152001T39MT03EBS001H033152UZPE01152001T39MT03EBS001H0331F0331
2|190|1|52|UZPE011|52001|T39|MT02|URB SAN LUIS|URBSANLUISTORRE11|-77.265665|1.228902||52UZPE01152001T39MT02EBS001H0332|52UZPE01152001T39MT02EBS001H0332F0332|1|1|1|3|52UZPE01152001T39MT02EBS001|900091143|CC|1082748032|AUXILIARDEENFERMERIA|52UZPE01152001T39MT02EBS001H0332F0332CF332|2025-11-27|4||1||3||1||2|2|11|5|2|2|20||2|13|0||1||1||1||1||2|3|3|1|1|1|1|2|2|2|2|2|2||2|2|1|2||6||1|2|2|1|1|1|2|2|1|52UZPE01152001T39MT02EBS001H033252UZPE01152001T39MT02EBS001H0332F0332
2|191|1|52|UZPE011|52001|T39|MT02|URB SAN LUIS|CARRERA273740|-77.360424|1.226476||52UZPE01152001T39MT02EBS001H0333|52UZPE01152001T39MT02EBS001H0333F0333|1|1|1|3|52UZPE01152001T39MT02EBS001|900091143|CC|59310056|AUXILIARDEENFERMERIA|52UZPE01152001T39MT02EBS001H0333F0333CF333|2025-11-11|4||1||3||1||3|2|11|5|3|2|20||2|13|2||1||1||1||1||2|3|3|1|1|1|1|2|2|2|2|2|2||2|2|1|2||6||1|2|2|1|1|1|2|2|1|52UZPE01152001T39MT02EBS001H033352UZPE01152001T39MT02EBS001H0333F0333
2|192|1|52|UZPE011|52001|T39|MT04|URB SAN SEBASTIAN|URBSANSEBASTIAN1|-77.265736|1.227791||52UZPE01152001T39MT04EBS001H0334|52UZPE01152001T39MT04EBS001H0334F0334|1|1|1|2|52UZPE01152001T39MT04EBS001|900091143|CC|59310056|AUXILIARDEENFERMERIA|52UZPE01152001T39MT04EBS001H0334F0334CF334|2025-11-13|4||1||3||1||2|2|11|5|3|2|20||2|13|0||1||1||1||1||2|2|3|1|1|1|1|2|2|2|2|2|2||2|2|1|2||6||1|2|2|1|2|1|2|2|1|52UZPE01152001T39MT04EBS001H033452UZPE01152001T39MT04EBS001H0334F0334
2|193|1|52|UZPE011|52001|T39|MT04|URB SAN SEBASTIAN|URBSANSEBASTIAN2|-77.265954|1.221564||52UZPE01152001T39MT04EBS001H0335|52UZPE01152001T39MT04EBS001H0335F0335|1|1|1|3|52UZPE01152001T39MT04EBS001|900091143|CC|59310056|AUXILIARDEENFERMERIA|52UZPE01152001T39MT04EBS001H0335F0335CF335|2025-11-12|4||1||3||1||3|2|11|5|3|2|20||2|13|0||1||1||1||1||2|3|3|1|1|1|1|2|2|2|2|2|2||2|2|1|1||6||1|2|2|1|1|1|2|2|1|52UZPE01152001T39MT04EBS001H033552UZPE01152001T39MT04EBS001H0335F0335
2|194|1|52|UZPE011|52001|T39|MT04|URB SAN SEBASTIAN|URBSANSEBASTIANTORRE5|-77.266625|1.227718||52UZPE01152001T39MT04EBS001H0337|52UZPE01152001T39MT04EBS001H0337F0337|1|1|1|4|52UZPE01152001T39MT04EBS001|900091143|CC|1082748032|AUXILIARDEENFERMERIA|52UZPE01152001T39MT04EBS001H0337F0337CF337|2025-11-14|4||1||3||1||3|2|11|5|3|2|8||2|13|0||1||1||1||1||2|4|3|1|1|1|1|2|2|2|2|2|2||2|2|1|2||6||1|2|2|1|1|1|2|2|1|52UZPE01152001T39MT04EBS001H033752UZPE01152001T39MT04EBS001H0337F0337
2|195|1|52|UZPE011|52001|T39|MT02|URB SAN LUIS|TORRESSANLUISAPTO101|-77.266965|1.228335||52UZPE01152001T39MT02EBS001H0338|52UZPE01152001T39MT02EBS001H0338F0338|1|1|1|2|52UZPE01152001T39MT02EBS001|900091143|CC|59310056|AUXILIARDEENFERMERIA|52UZPE01152001T39MT02EBS001H0338F0338CF338|2025-11-13|4||1||3||1||2|2|11|5|3|2|20||2|13|0||1||1||1||1||1|2|3|1|1|1|1|2|2|2|2|2|2||2|2|1|1||6||1|2|2|1|2|1|2|2|1|52UZPE01152001T39MT02EBS001H033852UZPE01152001T39MT02EBS001H0338F0338
2|196|1|52|UZPE011|52001|T39|MT02|URB SAN LUIS|CARRERA273740|-77.266182|1.227077||52UZPE01152001T39MT02EBS001H0339|52UZPE01152001T39MT02EBS001H0339F0339|1|1|1|3|52UZPE01152001T39MT02EBS001|900091143|CC|59310056|AUXILIARDEENFERMERIA|52UZPE01152001T39MT02EBS001H0339F0339CF339|2025-11-19|4||1||3||1||2|2|11|5|3|2|20||2|13|0||1||1||1||1||1|3|3|1|1|1|1|2|2|2|2|2|2||2|2|1|2||6||1|2|2|1|1|1|2|2|1|52UZPE01152001T39MT02EBS001H033952UZPE01152001T39MT02EBS001H0339F0339
2|197|1|52|UZPE011|52001|T39|MT02|URB SAN LUIS|TORRESSANLUISAPTO304|-77.264049|1.199131||52UZPE01152001T39MT02EBS001H0340|52UZPE01152001T39MT02EBS001H0340F0340|1|1|1|1|52UZPE01152001T39MT02EBS001|900091143|CC|59310056|AUXILIARDEENFERMERIA|52UZPE01152001T39MT02EBS001H0340F0340CF340|2025-11-13|4||1||3||1||1|2|11|5|3|2|20||2|13|0||1||1||1||1||7|1|3|1|1|1|1|2|2|2|2|2|2||2|2|1|1||6||1|2|2|1|2|1|2|2|1|52UZPE01152001T39MT02EBS001H034052UZPE01152001T39MT02EBS001H0340F0340
2|198|1|52|UZPE011|52001|T39|MT02|URB SAN LUIS|TORRE7SANLUIS|-77.265252|1.229165||52UZPE01152001T39MT02EBS001H0341|52UZPE01152001T39MT02EBS001H0341F0341|1|1|1|2|52UZPE01152001T39MT02EBS001|900091143|CC|59310056|AUXILIARDEENFERMERIA|52UZPE01152001T39MT02EBS001H0341F0341CF341|2025-11-21|4||1||3||1||1|2|11|5|3|2|20||2|13|0||1||1||1||1||1|2|3|1|1|1|1|2|2|2|2|2|2||2|2|1|1||6||1|2|2|1|2|1|2|2|1|52UZPE01152001T39MT02EBS001H034152UZPE01152001T39MT02EBS001H0341F0341
2|199|1|52|UZPE011|52001|T39|MT02|URB SAN LUIS|TORRE7SANLUISAPTO507|-77.265251|1.229165||52UZPE01152001T39MT02EBS001H0342|52UZPE01152001T39MT02EBS001H0342F0342|1|1|1|1|52UZPE01152001T39MT02EBS001|900091143|CC|59310056|AUXILIARDEENFERMERIA|52UZPE01152001T39MT02EBS001H0342F0342CF342|2025-11-21|4||1||3||1||1|2|11|5|3|2|20||2|13|0||1||1||1||1||1|1|3|1|1|1|1|2|2|2|2|2|2||2|2|2|1||6||2|2|2|1|2|1|2|2|1|52UZPE01152001T39MT02EBS001H034252UZPE01152001T39MT02EBS001H0342F0342
2|200|1|52|UZPE011|52001|T39|MT02|URB SAN LUIS|TORRE2SANLUIS|-77.265563|1.226971||52UZPE01152001T39MT02EBS001H0343|52UZPE01152001T39MT02EBS001H0343F0343|1|1|1|1|52UZPE01152001T39MT02EBS001|900091143|CC|59310056|AUXILIARDEENFERMERIA|52UZPE01152001T39MT02EBS001H0343F0343CF343|2025-11-21|4||1||3||1||1|2|11|5|3|2|20||2|13|0||1||1||1||1||1|1|3|1|1|1|1|2|2|2|2|2|2||2|2|1|2||6||1|2|2|1|2|1|2|2|1|52UZPE01152001T39MT02EBS001H034352UZPE01152001T39MT02EBS001H0343F0343
2|201|1|52|UZPE011|52001|T39|MT03|URB SAN LUIS|TORRE4APARTAMENTO101SANLUIS|-77.26583|1.228246||52UZPE01152001T39MT03EBS001H0344|52UZPE01152001T39MT03EBS001H0344F0344|1|1|1|6|52UZPE01152001T39MT03EBS001|900091143|CC|1086358836|AUXILIARDEENFERMERIA|52UZPE01152001T39MT03EBS001H0344F0344CF344|2025-12-02|4||1||3||1||2|1|11|5|3|2|8||1|13|0||1||1||1||1||1|4|3|1|1|1|1|2|2|2|2|2|2||2|2|1|1||6||1|2|2|1|1|1|2|2|1|52UZPE01152001T39MT03EBS001H034452UZPE01152001T39MT03EBS001H0344F0344
2|202|1|52|UZPE011|52001|T39|MT03|URB SAN LUIS|TORRE13SANLUIS305|-77.266043|1.229119||52UZPE01152001T39MT03EBS001H0345|52UZPE01152001T39MT03EBS001H0345F0345|1|1|1|5|52UZPE01152001T39MT03EBS001|900091143|CC|1086358836|AUXILIARDEENFERMERIA|52UZPE01152001T39MT03EBS001H0345F0345CF345|2025-12-02|4||1||1||1||2|1|11|5|3|2|20||2|13|0||1||1||1||1||1|5|3|1|1|1|1|2|2|2|2|2|2||2|2|2|2||6||2|2|2|1|1|1|2|2|1|52UZPE01152001T39MT03EBS001H034552UZPE01152001T39MT03EBS001H0345F0345
2|203|1|52|UZPE011|52001|T39|MT04|URB SAN SEBASTIAN|TORRE6103SANSEBASTIAN|-77.265358|1.227223||52UZPE01152001T39MT04EBS001H0346|52UZPE01152001T39MT04EBS001H0346F0346|1|1|1|4|52UZPE01152001T39MT04EBS001|900091143|CC|1086358836|AUXILIARDEENFERMERIA|52UZPE01152001T39MT04EBS001H0346F0346CF346|2025-12-03|4||1||3||1||2|2|11|5|3|2|20||2|13|0||1||1||1||1||1|4|3|2|1|1|1|2|2|2|2|2|2||2|2|1|1||6||1|2|2|1|1|1|2|2|1|52UZPE01152001T39MT04EBS001H034652UZPE01152001T39MT04EBS001H0346F0346
2|204|1|52|UZPE011|52001|T39|MT04|URB SAN SEBASTIAN|URBSANSEBASTIANTORRE13|-77.265824|1.228228||52UZPE01152001T39MT04EBS001H0347|52UZPE01152001T39MT04EBS001H0347F0347|1|1|1|1|52UZPE01152001T39MT04EBS001|900091143|CC|1082748032|AUXILIARDEENFERMERIA|52UZPE01152001T39MT04EBS001H0347F0347CF347|2025-12-01|4||1||3||1||1|2|11|5|2|2|20||1|13|0||1||1||1||1||1|1|3|1|1|1|1|2|2|2|2|2|2||2|2|2|1||6||2|2|2|1|1|1|2|2|1|52UZPE01152001T39MT04EBS001H034752UZPE01152001T39MT04EBS001H0347F0347
2|205|1|52|UZPE011|52001|T39|MT04|URB SAN SEBASTIAN|URBSANSEBASTIANTORRE6|-77.26657|1.227306||52UZPE01152001T39MT04EBS001H0348|52UZPE01152001T39MT04EBS001H0348F0348|1|1|1|2|52UZPE01152001T39MT04EBS001|900091143|CC|1082748032|AUXILIARDEENFERMERIA|52UZPE01152001T39MT04EBS001H0348F0348CF348|2025-12-01|4||1||3||1||2|2|11|5|2|2|20||1|13|0||1||1||1||1||2|2|3|1|1|1|1|2|2|2|2|2|2||2|2|1|2||6||1|2|2|1|1|1|2|2|1|52UZPE01152001T39MT04EBS001H034852UZPE01152001T39MT04EBS001H0348F0348
2|206|1|52|UZPE011|52001|T39|MT04|URB SAN SEBASTIAN|TORRE6502TORRESSANSEBASTIAN|-77.266047|1.227563||52UZPE01152001T39MT04EBS001H0349|52UZPE01152001T39MT04EBS001H0349F0349|1|1|1|2|52UZPE01152001T39MT04EBS001|900091143|CC|1086358836|AUXILIARDEENFERMERIA|52UZPE01152001T39MT04EBS001H0349F0349CF349|2025-12-04|4||1||3||1||2|2|11|5|3|2|20||2|13|0||1||1||1||1||1|2|3|1|1|1|1|2|2|2|2|2|2||2|2|2|2||6||2|2|2|1|1|1|2|2|1|52UZPE01152001T39MT04EBS001H034952UZPE01152001T39MT04EBS001H0349F0349
2|207|1|52|UZPE011|52001|T39|MT04|URB SAN SEBASTIAN|TORRE10101SANSEBASTIAN|-77.266053|1.227498||52UZPE01152001T39MT04EBS001H0350|52UZPE01152001T39MT04EBS001H0350F0350|1|1|1|3|52UZPE01152001T39MT04EBS001|900091143|CC|1086358836|AUXILIARDEENFERMERIA|52UZPE01152001T39MT04EBS001H0350F0350CF350|2025-12-05|4||1||3||1||1|2|11|5|3|2|20||2|13|0||1||1||1||1||1|3|3|1|1|1|1|2|2|2|2|2|2||2|2|1|2||6||1|2|2|1|1|1|2|2|1|52UZPE01152001T39MT04EBS001H035052UZPE01152001T39MT04EBS001H0350F0350
2|208|1|52|UZPE011|52001|T39|MT04|URB SAN SEBASTIAN|TORRE7201SANSEBASTIAN|-77.265823|1.227402||52UZPE01152001T39MT04EBS001H0351|52UZPE01152001T39MT04EBS001H0351F0351|1|1|1|2|52UZPE01152001T39MT04EBS001|900091143|CC|1086358836|AUXILIARDEENFERMERIA|52UZPE01152001T39MT04EBS001H0351F0351CF351|2025-12-05|4||1||3||1||2|2|11|5|3|2|20||2|13|0||1||1||1||1||1|2|3|1|1|1|1|2|2|2|2|2|2||2|2|2|2||6||2|2|2|1|1|1|2|2|1|52UZPE01152001T39MT04EBS001H035152UZPE01152001T39MT04EBS001H0351F0351
2|209|1|52|UZPE011|52001|T39|MT04|URB SAN SEBASTIAN|TORRE8502SANSEBASTIAN|-77.265784|1.228148||52UZPE01152001T39MT04EBS001H0352|52UZPE01152001T39MT04EBS001H0352F0352|1|2|2|2|52UZPE01152001T39MT04EBS001|900091143|CC|1086358836|AUXILIARDEENFERMERIA|52UZPE01152001T39MT04EBS001H0352F0352CF352|2025-12-05|4||1||3||1||2|2|11|5|3|2|20||2|13|0||1||1||1||1||1|2|3|1|1|1|1|2|2|2|2|2|2||2|2|2|2||6||2|2|2|1|1|1|2|2|1|52UZPE01152001T39MT04EBS001H035252UZPE01152001T39MT04EBS001H0352F0352
2|210|1|52|UZPE011|52001|T39|MT04|URB SAN SEBASTIAN|TORRE9203SANSEBASTIAN|-77.26584|1.227714||52UZPE01152001T39MT04EBS001H0354|52UZPE01152001T39MT04EBS001H0354F0354|1|1|1|2|52UZPE01152001T39MT04EBS001|900091143|CC|1086358836|AUXILIARDEENFERMERIA|52UZPE01152001T39MT04EBS001H0354F0354CF354|2025-12-05|4||1||3||1||2|2|11|5|3|2|20||2|13|0||1||1||1||1||7|2|3|1|1|1|1|2|2|2|2|2|2||2|2|2|2||6||2|2|2|1|1|1|2|2|1|52UZPE01152001T39MT04EBS001H035452UZPE01152001T39MT04EBS001H0354F0354
2|211|1|52|UZPE011|52001|T39|MT03|URB SAN LUIS|TORRE14501SANLUIS|-77.266287|1.229718||52UZPE01152001T39MT03EBS001H0355|52UZPE01152001T39MT03EBS001H0355F0355|1|1|1|3|52UZPE01152001T39MT03EBS001|900091143|CC|1086358836|AUXILIARDEENFERMERIA|52UZPE01152001T39MT03EBS001H0355F0355CF355|2025-12-06|4||1||3||1||2|2|11|5|3|2|20||2|13|0||1||1||1||1||1|3|3|1|1|1|1|2|2|2|2|2|2||2|2|2|2||6||2|2|2|1|1|1|2|2|1|52UZPE01152001T39MT03EBS001H035552UZPE01152001T39MT03EBS001H0355F0355
2|212|1|52|UZPE011|52001|T39|MT03|URB SAN LUIS|TORRE15106SANLUIS|-77.266591|1.228706||52UZPE01152001T39MT03EBS001H0356|52UZPE01152001T39MT03EBS001H0356F0356|1|1|1|3|52UZPE01152001T39MT03EBS001|900091143|CC|1086358836|AUXILIARDEENFERMERIA|52UZPE01152001T39MT03EBS001H0356F0356CF356|2025-12-07|4||1||3||1||2|2|11|5|3|2|20||2|13|0||1||1||1||1||1|3|3|1|1|1|1|2|2|2|2|2|2||2|2|2|2||6||2|2|2|1|1|1|2|2|1|52UZPE01152001T39MT03EBS001H035652UZPE01152001T39MT03EBS001H0356F0356
2|213|1|52|UZPE011|52001|T39|MT03|URB SAN LUIS|TORRE15404SANLUIS|-77.265934|1.228781||52UZPE01152001T39MT03EBS001H0358|52UZPE01152001T39MT03EBS001H0358F0358|1|1|1|2|52UZPE01152001T39MT03EBS001|900091143|CC|1086358836|AUXILIARDEENFERMERIA|52UZPE01152001T39MT03EBS001H0358F0358CF358|2025-12-08|4||1||3||1||2|2|11|5|3|2|20||2|13|0||1||1||1||1||7|2|3|1|1|1|1|2|2|2|2|2|2||2|2|2|1||6||2|2|2|1|1|1|2|2|1|52UZPE01152001T39MT03EBS001H035852UZPE01152001T39MT03EBS001H0358F0358
2|214|1|52|UZPE011|52001|T39|MT02|URB SAN LUIS|TORRE16303SANLUIS|-77.265741|1.229013||52UZPE01152001T39MT02EBS001H0359|52UZPE01152001T39MT02EBS001H0359F0359|1|1|1|4|52UZPE01152001T39MT02EBS001|900091143|CC|1086358836|AUXILIARDEENFERMERIA|52UZPE01152001T39MT02EBS001H0359F0359CF359|2025-12-08|4||1||3||1||2|1|11|5|3|2|20||2|13|0||1||1||1||1||1|4|3|1|1|1|1|2|2|2|2|2|2||2|2|2|1||6||2|2|2|1|1|1|2|2|1|52UZPE01152001T39MT02EBS001H035952UZPE01152001T39MT02EBS001H0359F0359
2|215|1|52|UZPE011|52001|T39|MT03|URB SAN LUIS|TORRE16507SANLUIS|-77.260036|1.223937||52UZPE01152001T39MT03EBS001H0360|52UZPE01152001T39MT03EBS001H0360F0360|2|1|1|2|52UZPE01152001T39MT03EBS001|900091143|CC|1086358836|AUXILIARDEENFERMERIA|52UZPE01152001T39MT03EBS001H0360F0360CF360|2025-12-08|4||1||3||1||2|2|11|5|3|2|20||2|13|0||1||1||1||1||1|2|3|1|1|1|1|2|2|2|2|2|2||2|2|1|1||6||1|2|2|1|1|1|2|2|1|52UZPE01152001T39MT03EBS001H036052UZPE01152001T39MT03EBS001H0360F0360
2|216|1|52|UZPE011|52001|T39|MT01|NUEVO HORIZONTE|MZCCASA9NUEVOHORIZONTE|-77.267885|1.223172||52UZPE01152001T39MT01EBS001H0361|52UZPE01152001T39MT01EBS001H0361F0361|3|1|1|2|52UZPE01152001T39MT01EBS001|900091143|CC|1086224204|AUXILIARDEENFERMERIA|52UZPE01152001T39MT01EBS001H0361F0361CF361|2025-12-06|1||1||3||1||2|2|11|5|2|2|20||2|13|0||1||1||1||1||2|2|2|4|1|1|2|2|2|2|2|2|2||2|2|1|1||6||1|2|2|1|1|1|2|2|1|52UZPE01152001T39MT01EBS001H036152UZPE01152001T39MT01EBS001H0361F0361
3|217|KEREN|ESTEFANIA|CARDENAS|BOTINA|TI|1080047872|2006-11-13|2|2|6|9998|3|1||1|07|||8|53.0|170|||2||||||||||||52UZPE01152001T39MT01EBS001H024952UZPE01152001T39MT01EBS001H0249F0249|52UZPE01152001T39MT01EBS001H024952UZPE01152001T39MT01EBS001H0249F0249TI1080047872
3|218|ANA|CRISTINA|BOTINA|LOPEZ|CC|10852668415|1987-10-29|2|2|6|9510|3|1||7|07|||8|65.0|153|||2||||||||||||52UZPE01152001T39MT01EBS001H024952UZPE01152001T39MT01EBS001H0249F0249|52UZPE01152001T39MT01EBS001H024952UZPE01152001T39MT01EBS001H0249F0249CC10852668415
3|219|EDWIN|GUSTAVO|TOVAR|NOTIENE|CC|1085287843|1990-12-11|1|2|6|9510|3|1||7|07|||8|70.0|165|||2||||||||||||52UZPE01152001T39MT01EBS001H024952UZPE01152001T39MT01EBS001H0249F0249|52UZPE01152001T39MT01EBS001H024952UZPE01152001T39MT01EBS001H0249F0249CC1085287843
3|220|MARIA|IRENE|DELACRUZ|NOTIENE|CC|30724920|1956-02-25|2|2|6|9998|3|1||3|07|||8|70.0|156|||2||||||||||||52UZPE01152001T39MT01EBS001H025052UZPE01152001T39MT01EBS001H0250F0250|52UZPE01152001T39MT01EBS001H025052UZPE01152001T39MT01EBS001H0250F0250CC30724920
3|221|GABRIEL|ALEJANDRO|TORRES|IGUA|CC|1004216755|2001-09-05|1|2|6|9510|3|1||7|07|||8|55.0|153|||2||||||||||||52UZPE01152001T39MT01EBS001H025052UZPE01152001T39MT01EBS001H0250F0250|52UZPE01152001T39MT01EBS001H025052UZPE01152001T39MT01EBS001H0250F0250CC1004216755
3|222|JANETH|NOTIENE|ROMO|RIVERA|CC|1123203029|2003-12-11|2|2|6|9510|3|1||7|07|||8|72.0|154|||2||||||||||||52UZPE01152001T39MT01EBS001H025052UZPE01152001T39MT01EBS001H0250F0250|52UZPE01152001T39MT01EBS001H025052UZPE01152001T39MT01EBS001H0250F0250CC1123203029
3|223|ALEXIS|DANILO|VALENCIA|ROMO|CC|1036666867|1996-07-12|1|2|6|9510|3|1||7|07|||8|85.0|178|||2||||||||||||52UZPE01152001T39MT01EBS001H025252UZPE01152001T39MT01EBS001H0252F0252|52UZPE01152001T39MT01EBS001H025252UZPE01152001T39MT01EBS001H0252F0252CC1036666867
3|224|JOSE|DAVID|PASAJE|BASANTE|RC|1080706128|2019-01-30|1|2|6|9998|3|1||8|07|||8|||||2||||||||||||52UZPE01152001T39MT01EBS001H025452UZPE01152001T39MT01EBS001H0254F0254|52UZPE01152001T39MT01EBS001H025452UZPE01152001T39MT01EBS001H0254F0254RC1080706128
3|225|OSCAR|ALBEIRO|PASAJE|TORO|CC|1085304280|1993-05-02|1|2|6|5169|3|2||7|07|||8|78.0|172|||2||||||||||||52UZPE01152001T39MT01EBS001H025452UZPE01152001T39MT01EBS001H0254F0254|52UZPE01152001T39MT01EBS001H025452UZPE01152001T39MT01EBS001H0254F0254CC1085304280
3|226|AMY|LINETH|VERA|BASANTE|TI|1081277779|2007-12-22|2|2|6|9998|3|1||1|07|||8|50.0|163|||2||||||||||||52UZPE01152001T39MT01EBS001H025452UZPE01152001T39MT01EBS001H0254F0254|52UZPE01152001T39MT01EBS001H025452UZPE01152001T39MT01EBS001H0254F0254TI1081277779
3|227|LEIDY|NATHALIA|BASTANTE|BENAVIDES|CC|1010113715|1990-03-25|2|2|6|9998|3|1||7|07|||8|74.0|167|||2||||||||||||52UZPE01152001T39MT01EBS001H025452UZPE01152001T39MT01EBS001H0254F0254|52UZPE01152001T39MT01EBS001H025452UZPE01152001T39MT01EBS001H0254F0254CC1010113715
3|228|JOSE|ELIBERIO|MATABAJOY|LOPEZ|CC|1086328205|1986-04-07|1|2|6|9510|3|1||7|07|||8|10.0|5|||2||||||||||||52UZPE01152001T39MT02EBS001H005052UZPE01152001T39MT02EBS001H0050F0050|52UZPE01152001T39MT02EBS001H005052UZPE01152001T39MT02EBS001H0050F0050CC1086328205
3|229|VALERIA|MICHEL|ARTUNDUAGA|TORO|TI|1080060666|2012-04-25|2|2|6|9998|3|1||8|07|||8|10.0|5|||2||||||||||||52UZPE01152001T39MT02EBS001H005052UZPE01152001T39MT02EBS001H0050F0050|52UZPE01152001T39MT02EBS001H005052UZPE01152001T39MT02EBS001H0050F0050TI1080060666
3|230|LILI|MILENA|TORO|MONTERO|CC|1085280777|1990-04-18|2|2|6|9510|3|1||7|07|||8|65.0|152|||2||||||||||||52UZPE01152001T39MT02EBS001H005052UZPE01152001T39MT02EBS001H0050F0050|52UZPE01152001T39MT02EBS001H005052UZPE01152001T39MT02EBS001H0050F0050CC1085280777
3|231|LUCIO|VICENTE|TORO|NA|CC|13009746|1959-02-16|1|2|6|9510|3|1||3|07|||8|10.0|5|||2||||||||||||52UZPE01152001T39MT02EBS001H005152UZPE01152001T39MT02EBS001H0051F0051|52UZPE01152001T39MT02EBS001H005152UZPE01152001T39MT02EBS001H0051F0051CC13009746
3|232|MARIA|ROSA|MONTERO|NA|CC|30730705|1958-04-21|2|2|6|9510|3|1||3|07|||8|10.0|5|||2||||||||||||52UZPE01152001T39MT02EBS001H005152UZPE01152001T39MT02EBS001H0051F0051|52UZPE01152001T39MT02EBS001H005152UZPE01152001T39MT02EBS001H0051F0051CC30730705
3|233|ROSALVA|DELSOCORRO|CASANOVA|PANTOJA|CC|36754600|1967-07-26|2|2|6|9998|3|1||7|07|||8|50.0|150|||2||||||||||||52UZPE01152001T39MT02EBS001H005452UZPE01152001T39MT02EBS001H0054F0054|52UZPE01152001T39MT02EBS001H005452UZPE01152001T39MT02EBS001H0054F0054CC36754600
3|234|YEISON|EVELIO|CASANOVA|PANTOJA|CC|1085302802|1992-10-03|1|2|6|9998|3|1||7|07|||8|10.0|5|||2||||||||||||52UZPE01152001T39MT02EBS001H005452UZPE01152001T39MT02EBS001H0054F0054|52UZPE01152001T39MT02EBS001H005452UZPE01152001T39MT02EBS001H0054F0054CC1085302802
3|235|MARIA|EUGENIA|MUNOZ|BUESAQUILLO|CC|37087323|1985-05-09|2|2|6|5169|3|2||7|07|||8|64.0|148|||2||||||||||||52UZPE01152001T39MT02EBS001H005652UZPE01152001T39MT02EBS001H0056F0056|52UZPE01152001T39MT02EBS001H005652UZPE01152001T39MT02EBS001H0056F0056CC37087323
3|236|JEYMY|TATIANA|ORDONEZ|MUNOZ|TI|1080693558|2008-02-22|2|2|6|9998|3|1||8|07|||8|10.0|5|||2||||||||||||52UZPE01152001T39MT02EBS001H005652UZPE01152001T39MT02EBS001H0056F0056|52UZPE01152001T39MT02EBS001H005652UZPE01152001T39MT02EBS001H0056F0056TI1080693558
3|237|JHON|ALEXANDER|ORDONEZ|BUESAQUILLO|CC|1085267383|1984-11-07|1|2|6|9510|3|1||7|07|||8|10.0|5|||2||||||||||||52UZPE01152001T39MT02EBS001H005652UZPE01152001T39MT02EBS001H0056F0056|52UZPE01152001T39MT02EBS001H005652UZPE01152001T39MT02EBS001H0056F0056CC1085267383
3|238|MATILDE|NA|BUESAQUILLO|BASTIDAS|CC|36825217|1949-07-26|2|2|6|9998|3|1||3|07|||8|10.0|5|||2||||||||||||52UZPE01152001T39MT02EBS001H005752UZPE01152001T39MT02EBS001H0057F0057|52UZPE01152001T39MT02EBS001H005752UZPE01152001T39MT02EBS001H0057F0057CC36825217
3|239|GERARDO|NA|ORDONEZ|OBANDO|CC|12820143|1947-04-10|1|2|6|9998|3|1||3|07|||8|55.0|153|||2||||||||||||52UZPE01152001T39MT02EBS001H005752UZPE01152001T39MT02EBS001H0057F0057|52UZPE01152001T39MT02EBS001H005752UZPE01152001T39MT02EBS001H0057F0057CC12820143
3|240|ILBA|BETSABE|BUESAQUILLO|BASTIDAS|CC|1085323204|1960-04-01|2|2|6|9998|3|1||3|07|||8|10.0|5|||2||||||||||||52UZPE01152001T39MT02EBS001H005752UZPE01152001T39MT02EBS001H0057F0057|52UZPE01152001T39MT02EBS001H005752UZPE01152001T39MT02EBS001H0057F0057CC1085323204
3|241|KEVIN|ALEXANDER|ORDONEZ|MUNOZ|CC|1004191747|2002-05-31|1|2|6|9510|3|1||7|07|||8|10.0|5|||2||||||||||||52UZPE01152001T39MT02EBS001H005852UZPE01152001T39MT02EBS001H0058F0058|52UZPE01152001T39MT02EBS001H005852UZPE01152001T39MT02EBS001H0058F0058CC1004191747
3|242|KEVIN|MATEO|ORDONEZ|ALVAREZ|RC|1081289159|2023-10-04|1|2|6|9998|3|1||8|07|||8|||||2||||||||||||52UZPE01152001T39MT02EBS001H005852UZPE01152001T39MT02EBS001H0058F0058|52UZPE01152001T39MT02EBS001H005852UZPE01152001T39MT02EBS001H0058F0058RC1081289159
3|243|JANNY|JAZMIN|ALVAREZ|ENRIQUEZ|CC|1085346682|1999-08-28|2|2|6|9998|3|1||7|07|||8|10.0|5|||2||||||||||||52UZPE01152001T39MT02EBS001H005852UZPE01152001T39MT02EBS001H0058F0058|52UZPE01152001T39MT02EBS001H005852UZPE01152001T39MT02EBS001H0058F0058CC1085346682
3|244|BRIGITH|TATIANA|JIMENEZ|ROSERO|CC|1081053695|2005-03-30|2|2|6|9998|3|1||7|07|||8|62.0|161|||2||||||||||||52UZPE01152001T39MT02EBS001H006252UZPE01152001T39MT02EBS001H0062F0062|52UZPE01152001T39MT02EBS001H006252UZPE01152001T39MT02EBS001H0062F0062CC1081053695
3|245|CLAUDIA|PATRICIA|ROSERO|BOTINA|CC|1085257359|1986-08-13|2|2|6|9998|3|1||7|07|||8|10.0|5|||2||||||||||||52UZPE01152001T39MT02EBS001H006252UZPE01152001T39MT02EBS001H0062F0062|52UZPE01152001T39MT02EBS001H006252UZPE01152001T39MT02EBS001H0062F0062CC1085257359
3|246|JEFERSON|DAVID|GUEVARA|ROSERO|CC|1004216259|2002-04-23|1|2|6|9510|3|1||7|07|||8|10.0|5|||2||||||||||||52UZPE01152001T39MT02EBS001H006252UZPE01152001T39MT02EBS001H0062F0062|52UZPE01152001T39MT02EBS001H006252UZPE01152001T39MT02EBS001H0062F0062CC1004216259
3|247|AURA|DIGNA|GOMEZ|ORDONEZ|CC|27145551|1973-08-08|2|2|6|9998|3|1||7|07|||8|60.0|152|||2||||||||||||52UZPE01152001T39MT02EBS001H006352UZPE01152001T39MT02EBS001H0063F0063|52UZPE01152001T39MT02EBS001H006352UZPE01152001T39MT02EBS001H0063F0063CC27145551
3|248|ROBERT|DANY|VALLEJOS|ROJAS|CC|98391289|1975-08-15|1|2|6|9510|3|1||7|07|||8|10.0|5|||2||||||||||||52UZPE01152001T39MT02EBS001H006352UZPE01152001T39MT02EBS001H0063F0063|52UZPE01152001T39MT02EBS001H006352UZPE01152001T39MT02EBS001H0063F0063CC98391289
3|249|DANIEL|ALEJANDRO|PAZ|PATINO|RC|1080707073|2019-12-13|1|2|6|9998|3|1||8|07|||8|||||2||||||||||||52UZPE01152001T39MT01EBS001H006652UZPE01152001T39MT01EBS001H0066F0066|52UZPE01152001T39MT01EBS001H006652UZPE01152001T39MT01EBS001H0066F0066RC1080707073
3|250|NATHALIA|FERNANDA|PAZ|PATINO|CC|1004217142|2003-09-02|2|2|6|9998|3|1||7|07|||8|47.5|144|||2||||||||||||52UZPE01152001T39MT01EBS001H006652UZPE01152001T39MT01EBS001H0066F0066|52UZPE01152001T39MT01EBS001H006652UZPE01152001T39MT01EBS001H0066F0066CC1004217142
3|251|MARIA|DELPILAR|PATINO|BOTINA|CC|36752794|1979-04-26|2|2|6|9998|3|1||7|07|||8|10.0|5|||2||||||||||||52UZPE01152001T39MT01EBS001H006552UZPE01152001T39MT01EBS001H0065F0065|52UZPE01152001T39MT01EBS001H006552UZPE01152001T39MT01EBS001H0065F0065CC36752794
3|252|CLELIA|NA|ORDONEZ|DEMARTINEZ|CC|27193210|1948-05-14|2|2|6|9998|3|1||3|07|||8|46.0|159|||2||||||||||||52UZPE01152001T39MT01EBS001H006952UZPE01152001T39MT01EBS001H0069F0069|52UZPE01152001T39MT01EBS001H006952UZPE01152001T39MT01EBS001H0069F0069CC27193210
3|253|MARIA|ISAURA|GELPUD|VILLARREAL|CC|593122677|1984-07-24|2|2|6|9998|3|1||7|07|||8|10.0|5|||2||||||||||||52UZPE01152001T39MT01EBS001H007252UZPE01152001T39MT01EBS001H0072F0072|52UZPE01152001T39MT01EBS001H007252UZPE01152001T39MT01EBS001H0072F0072CC593122677
3|254|YOBANI|TOMAS|OBANDO|ITACUAR|CC|87063863|1983-01-12|1|2|6|9998|3|2||7|07|||8|55.0|159|||2||||||||||||52UZPE01152001T39MT01EBS001H007252UZPE01152001T39MT01EBS001H0072F0072|52UZPE01152001T39MT01EBS001H007252UZPE01152001T39MT01EBS001H0072F0072CC87063863
3|255|DANIEL|TOMAS|OBANDO|GELPUD|TI|1080694307|2009-02-17|1|2|6|9998|3|1||8|07|||8|10.0|5|||2||||||||||||52UZPE01152001T39MT01EBS001H007252UZPE01152001T39MT01EBS001H0072F0072|52UZPE01152001T39MT01EBS001H007252UZPE01152001T39MT01EBS001H0072F0072TI1080694307
3|256|LEIDER|YOBANI|OBANDO|GELPUD|CC|1004233108|2001-08-17|1|2|6|9510|3|1||7|07|||8|10.0|5|||2||||||||||||52UZPE01152001T39MT01EBS001H007352UZPE01152001T39MT01EBS001H0073F0073|52UZPE01152001T39MT01EBS001H007352UZPE01152001T39MT01EBS001H0073F0073CC1004233108
3|257|LUIS|GENARO|CUASUQUER|TUMAL|CC|12971748|1958-04-12|1|2|6|9998|3|2||3|07|||8|62.0|160|||2||||||||||||52UZPE01152001T39MT02EBS001H007652UZPE01152001T39MT02EBS001H0076F0076|52UZPE01152001T39MT02EBS001H007652UZPE01152001T39MT02EBS001H0076F0076CC12971748
3|258|JESUS|ANTONIO|PINCHAO|PINCHAO|CC|12997049|1970-05-06|1|2|6|5169|3|2||7|07|||8|65.0|167|||2||||||||||||52UZPE01152001T39MT01EBS001H007852UZPE01152001T39MT01EBS001H0078F0078|52UZPE01152001T39MT01EBS001H007852UZPE01152001T39MT01EBS001H0078F0078CC12997049
3|259|ROSA|MARIA|PINCHAO|NA|CC|27075630|1944-02-07|2|2|6|9998|3|1||3|07|||1|55.0|152|||2||||||||||||52UZPE01152001T39MT01EBS001H007852UZPE01152001T39MT01EBS001H0078F0078|52UZPE01152001T39MT01EBS001H007852UZPE01152001T39MT01EBS001H0078F0078CC27075630
3|260|GRACIELA|DELSOCORRO|RIVAS|NASPIRAN|CC|30725409|1958-03-06|2|2|6|9998|3|1||3|07|||8|58.0|156|||2||||||||||||52UZPE01152001T39MT02EBS001H008452UZPE01152001T39MT02EBS001H0084F0084|52UZPE01152001T39MT02EBS001H008452UZPE01152001T39MT02EBS001H0084F0084CC30725409
3|261|EDISON|SABULON|MUNOS|RIVAS|CC|1085275318|1988-06-05|1|2|6|9998|3|1||7|07|||8|67.0|167|||2||||||||||||52UZPE01152001T39MT02EBS001H008452UZPE01152001T39MT02EBS001H0084F0084|52UZPE01152001T39MT02EBS001H008452UZPE01152001T39MT02EBS001H0084F0084CC1085275318
3|262|CARLOS|AGUSTO|CUASQUER|VELAZQUES|CC|12963235|1954-12-03|1|2|6|9510|3|1||3|07|||8|52.0|152|||2||||||||||||52UZPE01152001T39MT02EBS001H008352UZPE01152001T39MT02EBS001H0083F0083|52UZPE01152001T39MT02EBS001H008352UZPE01152001T39MT02EBS001H0083F0083CC12963235
3|263|MARIA|ELSA|TOVAR|TOVAR|CC|27234503|1958-08-30|2|2|6|9510|3|2||3|07|||8|70.0|155|||2||||||||||||52UZPE01152001T39MT02EBS001H008352UZPE01152001T39MT02EBS001H0083F0083|52UZPE01152001T39MT02EBS001H008352UZPE01152001T39MT02EBS001H0083F0083CC27234503
3|264|LADY|NATHALY|DUENAS|TOVAR|CC|1085280660|1998-04-09|2|2|6|9999|3|1||7|07|||8|60.0|155|||2||||||||||||52UZPE01152001T39MT02EBS001H008352UZPE01152001T39MT02EBS001H0083F0083|52UZPE01152001T39MT02EBS001H008352UZPE01152001T39MT02EBS001H0083F0083CC1085280660
3|265|ANA|DILIA|ENRIQUEZ|BRAVO|CC|36931078|1971-09-01|2|2|6|9622|3|1||7|07|||8|61.0|152|||2||||||||||||52UZPE01152001T39MT02EBS001H008652UZPE01152001T39MT02EBS001H0086F0086|52UZPE01152001T39MT02EBS001H008652UZPE01152001T39MT02EBS001H0086F0086CC36931078
3|266|ANA|MARIA|BRAVO|MARTINEZ|CC|37530223|1947-01-10|2|2|6|9998|3|1||3|07|||8|56.0|158|||2||||||||||||52UZPE01152001T39MT02EBS001H008552UZPE01152001T39MT02EBS001H0085F0085|52UZPE01152001T39MT02EBS001H008552UZPE01152001T39MT02EBS001H0085F0085CC37530223
3|267|ALVARO|JESUS|ALVAREZ|PATINO|CC|12977636|1958-10-18|1|2|6|9622|3|1||3|07|||1|64.0|162|||2||||||||||||52UZPE01152001T39MT02EBS001H008952UZPE01152001T39MT02EBS001H0089F0089|52UZPE01152001T39MT02EBS001H008952UZPE01152001T39MT02EBS001H0089F0089CC12977636
3|268|LUIS|ALBERTO|PEREZ|POTOSI|CC|1193265440|1991-06-01|1|2|6|9998|3|1||7|07|||8|64.0|168|||2||||||||||||52UZPE01152001T39MT02EBS001H008952UZPE01152001T39MT02EBS001H0089F0089|52UZPE01152001T39MT02EBS001H008952UZPE01152001T39MT02EBS001H0089F0089CC1193265440
3|269|MIGUEL|ANTONIO|ALVAREZ|PEREZ|CC|1193393557|2001-01-28|1|2|6|9998|3|1||7|07|||8|63.0|163|||2||||||||||||52UZPE01152001T39MT02EBS001H008952UZPE01152001T39MT02EBS001H0089F0089|52UZPE01152001T39MT02EBS001H008952UZPE01152001T39MT02EBS001H0089F0089CC1193393557
3|270|HECTOR|JAVIER|ALVAREZ|PEREZ|CC|1193474856|2001-11-05|1|2|6|9998|3|1||4|07|||2|57.0|159|||2||||||||||||52UZPE01152001T39MT02EBS001H008952UZPE01152001T39MT02EBS001H0089F0089|52UZPE01152001T39MT02EBS001H008952UZPE01152001T39MT02EBS001H0089F0089CC1193474856
3|271|MARIA|LEONOR|PEREZ|POTOSI|CC|59814882|1965-05-22|2|2|6|9998|3|1||7|07|||8|55.0|152|||2||||||||||||52UZPE01152001T39MT02EBS001H008952UZPE01152001T39MT02EBS001H0089F0089|52UZPE01152001T39MT02EBS001H008952UZPE01152001T39MT02EBS001H0089F0089CC59814882
3|272|BAYRON|ESTEBAN|PATINO|NARVAEZ|CC|1089196300|2005-12-18|1|2|6|9998|3|1||7|07|||8|60.0|174|||2||||||||||||52UZPE01152001T39MT02EBS001H009352UZPE01152001T39MT02EBS001H0093F0093|52UZPE01152001T39MT02EBS001H009352UZPE01152001T39MT02EBS001H0093F0093CC1089196300
3|273|FLORENCIO|ERMINZUL|PATINO|NANDAR|CC|5262489|1965-08-20|1|2|6|9998|3|1||7|07|||8|10.0|5|||2||||||||||||52UZPE01152001T39MT02EBS001H009552UZPE01152001T39MT02EBS001H0095F0095|52UZPE01152001T39MT02EBS001H009552UZPE01152001T39MT02EBS001H0095F0095CC5262489
3|274|MARIA|DELCARMEN|LOPEZ|PAREDES|CC|59824535|1971-01-03|2|2|6|9622|3|1||7|07|||8|67.0|160|||2||||||||||||52UZPE01152001T39MT02EBS001H009552UZPE01152001T39MT02EBS001H0095F0095|52UZPE01152001T39MT02EBS001H009552UZPE01152001T39MT02EBS001H0095F0095CC59824535
3|275|ARELYS|JAQUELINE|PANTOJA|REYES|CC|36754666|1978-12-31|2|2|6|9998|3|1||7|07|||8|72.0|163|||2||||||||||||52UZPE01152001T39MT02EBS001H009852UZPE01152001T39MT02EBS001H0098F0098|52UZPE01152001T39MT02EBS001H009852UZPE01152001T39MT02EBS001H0098F0098CC36754666
3|276|DANIEL|CAMILO|ORTEGA|PANTOJA|CC|1085903077|2005-05-31|1|2|6|9998|3|1||7|07|||8|54.0|160|||2||||||||||||52UZPE01152001T39MT02EBS001H009852UZPE01152001T39MT02EBS001H0098F0098|52UZPE01152001T39MT02EBS001H009852UZPE01152001T39MT02EBS001H0098F0098CC1085903077
3|277|ALVARO|HERNAN|ORTEGA|MENESES|CC|98396334|1977-02-21|2|2|6|9510|3|1||7|07|||8|78.0|165|||2||||||||||||52UZPE01152001T39MT02EBS001H009852UZPE01152001T39MT02EBS001H0098F0098|52UZPE01152001T39MT02EBS001H009852UZPE01152001T39MT02EBS001H0098F0098CC98396334
3|278|DIEGO|SEBASTIAN|ORTEGA|PANTOJA|CC|1004189847|2000-02-27|1|2|6|9998|3|1||4|07|||3|61.0|163|||2||||||||||||52UZPE01152001T39MT02EBS001H009852UZPE01152001T39MT02EBS001H0098F0098|52UZPE01152001T39MT02EBS001H009852UZPE01152001T39MT02EBS001H0098F0098CC1004189847
3|279|JULY|NATHALY|LOPEZ|LEGARDA|CC|1085317157|1994-12-03|2|2|6|9622|3|1||7|07|||8|70.0|155|||2||||||||||||52UZPE01152001T39MT02EBS001H010052UZPE01152001T39MT02EBS001H0100F0100|52UZPE01152001T39MT02EBS001H010052UZPE01152001T39MT02EBS001H0100F0100CC1085317157
3|280|VICTOR|HUGOSERAFIN|TORO|ARROLLO|CC|1082747006|1988-12-14|1|2|6|9998|3|1||7|07|||8|78.0|170|||2||||||||||||52UZPE01152001T39MT02EBS001H010052UZPE01152001T39MT02EBS001H0100F0100|52UZPE01152001T39MT02EBS001H010052UZPE01152001T39MT02EBS001H0100F0100CC1082747006
3|281|SANTIAGO|DAVID|TORO|LOPEZ|TI|1080700269|2014-07-08|2|2|6|9998|3|1||8|07|||8|37.0|135|||2||||||||||||52UZPE01152001T39MT02EBS001H010052UZPE01152001T39MT02EBS001H0100F0100|52UZPE01152001T39MT02EBS001H010052UZPE01152001T39MT02EBS001H0100F0100TI1080700269
3|282|IAN|ANDRES|TORO|LOPEZ|RC|1080710464|2023-01-17|1|2|6|9998|3|1||8|07|||8|||||2||||||||||||52UZPE01152001T39MT02EBS001H010052UZPE01152001T39MT02EBS001H0100F0100|52UZPE01152001T39MT02EBS001H010052UZPE01152001T39MT02EBS001H0100F0100RC1080710464
3|283|MARCO|TULIO|ROSERO|ORTEGA|CC|1004508382|2002-02-19|1|2|6|9998|3|1||7|07|||8|62.0|162|||2||||||||||||52UZPE01152001T39MT02EBS001H010152UZPE01152001T39MT02EBS001H0101F0101|52UZPE01152001T39MT02EBS001H010152UZPE01152001T39MT02EBS001H0101F0101CC1004508382
3|284|SILVIO|LIBARDO|ROSERO|ORTEGA|CC|98332333|1962-10-25|1|2|6|9510|3|1||3|07|||8|67.0|169|||2||||||||||||52UZPE01152001T39MT02EBS001H010152UZPE01152001T39MT02EBS001H0101F0101|52UZPE01152001T39MT02EBS001H010152UZPE01152001T39MT02EBS001H0101F0101CC98332333
3|285|NUVIA|ESPERANZA|ORTEGA|OVIEDO|CC|59817520|1967-05-25|2|2|6|9998|3|1||7|07|||8|70.0|147|||2||||||||||||52UZPE01152001T39MT02EBS001H010152UZPE01152001T39MT02EBS001H0101F0101|52UZPE01152001T39MT02EBS001H010152UZPE01152001T39MT02EBS001H0101F0101CC59817520
3|286|ALAN|GAEL|ESPADA|MACHABISOY|RC|1085350386|2023-05-05|1|2|6|9998|3|1||8|07|||8|||||2||||||||||||52UZPE01152001T39MT02EBS001H010452UZPE01152001T39MT02EBS001H0104F0104|52UZPE01152001T39MT02EBS001H010452UZPE01152001T39MT02EBS001H0104F0104RC1085350386
3|287|DEISY|YOLIMA|ESPADA|MACHABISOY|CC|1004190205|1997-01-24|2|2|6|9998|3|1||7|07|||8|64.0|156|||2||||||||||||52UZPE01152001T39MT02EBS001H010452UZPE01152001T39MT02EBS001H0104F0104|52UZPE01152001T39MT02EBS001H010452UZPE01152001T39MT02EBS001H0104F0104CC1004190205
3|288|JUAN|DAVID|BENAVIDES|EGAS|CC|1010100959|2000-06-14|1|2|6|9998|3|2||7|07|||8|67.0|167|||2||||||||||||52UZPE01152001T39MT02EBS001H010552UZPE01152001T39MT02EBS001H0105F0105|52UZPE01152001T39MT02EBS001H010552UZPE01152001T39MT02EBS001H0105F0105CC1010100959
3|289|NELSON|ANDRE|BENAVIDES|HEGAS|CC|22943607|1998-08-19|1|2|6|9999|3|2||7|07|||8|65.0|167|||2||||||||||||52UZPE01152001T39MT02EBS001H010552UZPE01152001T39MT02EBS001H0105F0105|52UZPE01152001T39MT02EBS001H010552UZPE01152001T39MT02EBS001H0105F0105CC22943607
3|290|CENILDA|MARLENY|CARRERA|LEYTON|CC|1085256446|1983-11-29|2|2|6|9998|3|1||7|07|||8|66.0|153|||2||||||||||||52UZPE01152001T39MT02EBS001H010752UZPE01152001T39MT02EBS001H0107F0107|52UZPE01152001T39MT02EBS001H010752UZPE01152001T39MT02EBS001H0107F0107CC1085256446
3|291|CARLOS|MARIO|CABRERA|ZAMBRANO|CC|87303386|1976-05-10|1|2|6|9510|3|1||7|07|||8|10.0|5|||2||||||||||||52UZPE01152001T39MT02EBS001H010752UZPE01152001T39MT02EBS001H0107F0107|52UZPE01152001T39MT02EBS001H010752UZPE01152001T39MT02EBS001H0107F0107CC87303386
3|292|DAINER|BANIVER|CABRERA|CARRERA|CC|1085265869|2005-05-16|1|2|6|9998|3|1||7|07|||8|10.0|5|||2||||||||||||52UZPE01152001T39MT02EBS001H010752UZPE01152001T39MT02EBS001H0107F0107|52UZPE01152001T39MT02EBS001H010752UZPE01152001T39MT02EBS001H0107F0107CC1085265869
3|293|FARDY|SNEYDER|CABRERA|CARRERA|CC|1085265867|2002-10-29|1|2|6|9998|3|1||7|07|||8|65.0|164|||2||||||||||||52UZPE01152001T39MT02EBS001H010652UZPE01152001T39MT02EBS001H0106F0106|52UZPE01152001T39MT02EBS001H010652UZPE01152001T39MT02EBS001H0106F0106CC1085265867
3|294|NEYI|LORENA|OBANDO|QUEMAC|CC|1192717868|2002-05-04|2|2|6|9998|3|1||7|07|||8|49.0|149|||2||||||||||||52UZPE01152001T39MT02EBS001H011252UZPE01152001T39MT02EBS001H0112F0112|52UZPE01152001T39MT02EBS001H011252UZPE01152001T39MT02EBS001H0112F0112CC1192717868
3|295|JOSE|DANILO|PORTILLO|RECALDE|CC|1193271763|2001-10-29|1|2|6|9510|3|1||7|07|||8|68.0|172|||2||||||||||||52UZPE01152001T39MT02EBS001H011252UZPE01152001T39MT02EBS001H0112F0112|52UZPE01152001T39MT02EBS001H011252UZPE01152001T39MT02EBS001H0112F0112CC1193271763
3|296|JESUS|LEONARDO|TOVAR|CORDOBA|CC|98381386|1971-08-28|1|2|6|9622|3|1||7|07|||8|66.0|163|||2||||||||||||52UZPE01152001T39MT02EBS001H011552UZPE01152001T39MT02EBS001H0115F0115|52UZPE01152001T39MT02EBS001H011552UZPE01152001T39MT02EBS001H0115F0115CC98381386
3|297|JHONATAN|SAMIR|TOBAR|LAZO|CC|1010137582|2000-10-27|1|2|6|5169|3|2||7|07|||8|67.0|174|||2||||||||||||52UZPE01152001T39MT02EBS001H011552UZPE01152001T39MT02EBS001H0115F0115|52UZPE01152001T39MT02EBS001H011552UZPE01152001T39MT02EBS001H0115F0115CC1010137582
3|298|ERIKA|JANETH|LASO|LOPEZ|CC|59818833|1972-12-10|2|2|6|9998|3|1||7|07|||8|89.0|167|||2||||||||||||52UZPE01152001T39MT02EBS001H011552UZPE01152001T39MT02EBS001H0115F0115|52UZPE01152001T39MT02EBS001H011552UZPE01152001T39MT02EBS001H0115F0115CC59818833
3|299|BERTILDE|RUBI|RECALDE|VILLARREAL|CC|36750404|1975-02-06|2|2|6|9510|3|1||7|07|||8|68.0|151|||2||||||||||||52UZPE01152001T39MT02EBS001H011752UZPE01152001T39MT02EBS001H0117F0117|52UZPE01152001T39MT02EBS001H011752UZPE01152001T39MT02EBS001H0117F0117CC36750404
3|300|JOSE|MAURICIO|CHANAG|BOTINA|CC|5206979|1970-10-10|1|2|6|9510|3|1||7|07|||8|65.0|165|||2||||||||||||52UZPE01152001T39MT02EBS001H011752UZPE01152001T39MT02EBS001H0117F0117|52UZPE01152001T39MT02EBS001H011752UZPE01152001T39MT02EBS001H0117F0117CC5206979
3|301|ESTEBAN|MAURICIO|CHANAG|RECALDE|CC|1080044000|2005-05-25|1|2|6|9510|3|1||7|07|||8|60.0|160|||2||||||||||||52UZPE01152001T39MT02EBS001H011752UZPE01152001T39MT02EBS001H0117F0117|52UZPE01152001T39MT02EBS001H011752UZPE01152001T39MT02EBS001H0117F0117CC1080044000
3|302|BLANCA|NERY|ANDRADE|GALVEZ|CC|30739278|1961-06-20|2|2|6|9998|3|1||3|07|||8|62.0|158|||2||||||||||||52UZPE01152001T39MT02EBS001H011852UZPE01152001T39MT02EBS001H0118F0118|52UZPE01152001T39MT02EBS001H011852UZPE01152001T39MT02EBS001H0118F0118CC30739278
3|303|DANILY|YULIZA|ORDONEZ|QUINTERO|TI|1080058578|2011-02-08|2|2|6|9998|3|1||1|07|||8|46.0|146|||2||||||||||||52UZPE01152001T39MT02EBS001H011852UZPE01152001T39MT02EBS001H0118F0118|52UZPE01152001T39MT02EBS001H011852UZPE01152001T39MT02EBS001H0118F0118TI1080058578
3|304|DIEGO|NA|ORDONEZ|MONCAYO|CC|12961008|1953-11-02|1|2|6|9510|3|1||3|07|||8|67.0|167|||2||||||||||||52UZPE01152001T39MT02EBS001H011852UZPE01152001T39MT02EBS001H0118F0118|52UZPE01152001T39MT02EBS001H011852UZPE01152001T39MT02EBS001H0118F0118CC12961008
3|305|STEVAN|DAVID|ARROYO|TORO|RC|1104834974|2014-07-01|1|2|6|9998|3|2||8|07|||8|28.0|133|||2||||||||||||52UZPE01152001T39MT02EBS001H012252UZPE01152001T39MT02EBS001H0122F0122|52UZPE01152001T39MT02EBS001H012252UZPE01152001T39MT02EBS001H0122F0122RC1104834974
3|306|MARIA|MERCEDES|TORO|MORA|CC|1143833903|1990-06-03|2|2|6|9998|3|5||7|07|||8|58.0|160|||2||||||||||||52UZPE01152001T39MT02EBS001H012252UZPE01152001T39MT02EBS001H0122F0122|52UZPE01152001T39MT02EBS001H012252UZPE01152001T39MT02EBS001H0122F0122CC1143833903
3|307|DAVID|SEBASTIAN|ARROLLO|MORA|CC|1082747352|1990-07-10|1|2|6|5169|3|5||7|07|||8|78.0|173|||2||||||||||||52UZPE01152001T39MT02EBS001H012252UZPE01152001T39MT02EBS001H0122F0122|52UZPE01152001T39MT02EBS001H012252UZPE01152001T39MT02EBS001H0122F0122CC1082747352
3|308|NAHIA|LUCIANA|ARROYO|TORO|RC|1104845802|2019-06-05|2|2|6|9998|3|2||8|07|||8|||||2||||||||||||52UZPE01152001T39MT02EBS001H012252UZPE01152001T39MT02EBS001H0122F0122|52UZPE01152001T39MT02EBS001H012252UZPE01152001T39MT02EBS001H0122F0122RC1104845802
3|309|ARLEY|ALEXIS|ARGOTTY|PULZARA|CC|1085254905|1986-11-18|1|2|6|9622|3|1||7|07|||8|74.0|175|||2||||||||||||52UZPE01152001T39MT02EBS001H012352UZPE01152001T39MT02EBS001H0123F0123|52UZPE01152001T39MT02EBS001H012352UZPE01152001T39MT02EBS001H0123F0123CC1085254905
3|310|MARIA|DELROSARIO|PULZARA|NA|CC|43065630|1960-12-10|2|2|6|9998|3|1||3|07|||8|10.0|5|||2||||||||||||52UZPE01152001T39MT02EBS001H012352UZPE01152001T39MT02EBS001H0123F0123|52UZPE01152001T39MT02EBS001H012352UZPE01152001T39MT02EBS001H0123F0123CC43065630
3|311|DAVID|FERN|VERA|BENAVIDES|CC|1080045401|2005-07-10|1|2|6|9998|3|1||7|07|||8|10.0|5|||2||||||||||||52UZPE01152001T39MT02EBS001H012352UZPE01152001T39MT02EBS001H0123F0123|52UZPE01152001T39MT02EBS001H012352UZPE01152001T39MT02EBS001H0123F0123CC1080045401
3|312|MARIA|NA|DIAZ|NA|CC|27090848|1975-02-07|2|2|6|9998|3|1||7|07|||8|57.0|163|||2||||||||||||52UZPE01152001T39MT02EBS001H012452UZPE01152001T39MT02EBS001H0124F0124|52UZPE01152001T39MT02EBS001H012452UZPE01152001T39MT02EBS001H0124F0124CC27090848
3|313|ALBEIRO|MESIAS|PEREZ|LEGARDA|CC|98395390|1975-12-13|1|2|6|5169|3|1||7|07|||8|60.0|157|||2||||||||||||52UZPE01152001T39MT02EBS001H012452UZPE01152001T39MT02EBS001H0124F0124|52UZPE01152001T39MT02EBS001H012452UZPE01152001T39MT02EBS001H0124F0124CC98395390
3|314|JULI|MILENA|DIAZ|MELO|CC|59396576|1983-10-08|2|2|6|9998|3|1||7|07|||8|67.0|166|||2||||||||||||52UZPE01152001T39MT02EBS001H012752UZPE01152001T39MT02EBS001H0127F0127|52UZPE01152001T39MT02EBS001H012752UZPE01152001T39MT02EBS001H0127F0127CC59396576
3|315|SAMUEL|ALEJANDRO|PATINO|BOTINA|CC|1085259986|1987-08-07|1|2|6|9622|3|1||7|07|||8|65.0|167|||2||||||||||||52UZPE01152001T39MT02EBS001H012752UZPE01152001T39MT02EBS001H0127F0127|52UZPE01152001T39MT02EBS001H012752UZPE01152001T39MT02EBS001H0127F0127CC1085259986
3|316|BRAYAN|FELIPE|OBANDO|DIAZ|TI|1081057699|2010-03-11|1|2|6|9998|3|1||1|07|||8|45.0|152|||2||||||||||||52UZPE01152001T39MT02EBS001H012752UZPE01152001T39MT02EBS001H0127F0127|52UZPE01152001T39MT02EBS001H012752UZPE01152001T39MT02EBS001H0127F0127TI1081057699
3|317|ANGELA|SOFIA|TRIANA|RAMIREZ|CC|1004133922|2000-02-25|2|2|6|5169|3|2||7|07|||8|63.0|168|||2||||||||||||52UZPE01152001T39MT02EBS001H012652UZPE01152001T39MT02EBS001H0126F0126|52UZPE01152001T39MT02EBS001H012652UZPE01152001T39MT02EBS001H0126F0126CC1004133922
3|318|LOLI|MABEL|RAMIREZ|SACANANBUY|CC|37084435|1982-07-04|2|2|6|9998|3|1||7|07|||8|47.0|154|||2||||||||||||52UZPE01152001T39MT02EBS001H012652UZPE01152001T39MT02EBS001H0126F0126|52UZPE01152001T39MT02EBS001H012652UZPE01152001T39MT02EBS001H0126F0126CC37084435
3|319|ALEIDA|YANIRA|PAZ|OBANDO|CC|36950175|1980-08-07|2|2|6|9998|3|1||7|07|||8|55.0|152|||2||||||||||||52UZPE01152001T39MT02EBS001H012952UZPE01152001T39MT02EBS001H0129F0129|52UZPE01152001T39MT02EBS001H012952UZPE01152001T39MT02EBS001H0129F0129CC36950175
3|320|LUIS|HERNAN|PERENGUEZ|TULCAN|CC|11749032|1979-11-29|1|2|6|9622|3|1||7|07|||8|72.0|171|||2||||||||||||52UZPE01152001T39MT02EBS001H012952UZPE01152001T39MT02EBS001H0129F0129|52UZPE01152001T39MT02EBS001H012952UZPE01152001T39MT02EBS001H0129F0129CC11749032
3|321|KAREN|PAOLA|PERENGUEZ|PAZ|TI|1080051714|2008-03-26|2|2|6|9998|3|1||1|07|||8|52.0|157|||2||||||||||||52UZPE01152001T39MT02EBS001H012952UZPE01152001T39MT02EBS001H0129F0129|52UZPE01152001T39MT02EBS001H012952UZPE01152001T39MT02EBS001H0129F0129TI1080051714
3|322|JUAN|CAMILO|PERENGUEZ|PAZ|TI|1080051715|2008-03-26|1|2|6|9998|3|1||1|07|||8|59.0|158|||2||||||||||||52UZPE01152001T39MT02EBS001H012952UZPE01152001T39MT02EBS001H0129F0129|52UZPE01152001T39MT02EBS001H012952UZPE01152001T39MT02EBS001H0129F0129TI1080051715
3|323|JEISON|BRAYAN|PERENGUEZ|PAZ|CC|1085342417|1998-10-12|1|2|6|9998|3|1||7|07|||8|65.0|167|||2||||||||||||52UZPE01152001T39MT02EBS001H012952UZPE01152001T39MT02EBS001H0129F0129|52UZPE01152001T39MT02EBS001H012952UZPE01152001T39MT02EBS001H0129F0129CC1085342417
3|324|MILCIADEZ|NA|DIAZ|FIGUEROA|CC|5248717|1944-01-19|1|2|6|9998|3|1||3|07|||3|70.0|170|||2||||||||||||52UZPE01152001T39MT02EBS001H013052UZPE01152001T39MT02EBS001H0130F0130|52UZPE01152001T39MT02EBS001H013052UZPE01152001T39MT02EBS001H0130F0130CC5248717
3|325|ESPERANZA|DELSOCORRO|ROSERO|HERNANDEZ|CC|27223809|1949-11-03|2|2|6|9998|3|1||3|07|||8|74.0|161|||2||||||||||||52UZPE01152001T39MT02EBS001H013152UZPE01152001T39MT02EBS001H0131F0131|52UZPE01152001T39MT02EBS001H013152UZPE01152001T39MT02EBS001H0131F0131CC27223809
3|326|MILEIDY|FABIOLA|LOPEZ|LOPEZ|CC|1085303944|1993-04-09|2|2|6|9622|3|1||7|07|||8|62.0|160|||2||||||||||||52UZPE01152001T39MT02EBS001H013352UZPE01152001T39MT02EBS001H0133F0133|52UZPE01152001T39MT02EBS001H013352UZPE01152001T39MT02EBS001H0133F0133CC1085303944
3|327|DANIEL|SANTIAGO|INSANDARA|LOPEZ|TI|1081284296|2014-07-11|1|2|6|9998|3|1||8|07|||8|38.0|120|||2||||||||||||52UZPE01152001T39MT02EBS001H013352UZPE01152001T39MT02EBS001H0133F0133|52UZPE01152001T39MT02EBS001H013352UZPE01152001T39MT02EBS001H0133F0133TI1081284296
3|328|ERBIN|ERNEY|INSANDARA|JOJOA|CC|1085297339|1992-03-19|1|2|6|9622|3|1||7|07|||8|80.0|165|||2||||||||||||52UZPE01152001T39MT02EBS001H013352UZPE01152001T39MT02EBS001H0133F0133|52UZPE01152001T39MT02EBS001H013352UZPE01152001T39MT02EBS001H0133F0133CC1085297339
3|329|HERNAN|TARCISIO|TREJO|ROSERO|CC|4376990|1977-09-27|1|2|6|5169|3|2||7|07|||8|85.0|181|||2||||||||||||52UZPE01152001T39MT02EBS001H013252UZPE01152001T39MT02EBS001H0132F0132|52UZPE01152001T39MT02EBS001H013252UZPE01152001T39MT02EBS001H0132F0132CC4376990
3|330|DAYANA|NA|PEREZ|FIGUEROA|CC|1085340567|1998-05-24|2|1|6|9998|3|1||7|07|||8|65.0|158|||2||||||||||||52UZPE01152001T39MT02EBS001H013552UZPE01152001T39MT02EBS001H0135F0135|52UZPE01152001T39MT02EBS001H013552UZPE01152001T39MT02EBS001H0135F0135CC1085340567
3|331|DIEGO|ALEXANDER|PAZ|PEREZ|RC|1080071521|2020-12-08|1|2|6|9998|3|1||8|07|||8|||||2||||||||||||52UZPE01152001T39MT02EBS001H013552UZPE01152001T39MT02EBS001H0135F0135|52UZPE01152001T39MT02EBS001H013552UZPE01152001T39MT02EBS001H0135F0135RC1080071521
3|332|EDUARDO|JESUS|MATAGENDOY|SANTACRUZ|CC|12993708|1968-10-16|1|2|6|9998|3|1||7|07|||8|10.0|5|||2||||||||||||52UZPE01152001T39MT02EBS001H013652UZPE01152001T39MT02EBS001H0136F0136|52UZPE01152001T39MT02EBS001H013652UZPE01152001T39MT02EBS001H0136F0136CC12993708
3|333|NUVIA|ERMINIA|CORDOBA|NA|CC|1085280566|1967-05-28|2|2|6|9510|3|1||7|07|||8|52.0|160|||2||||||||||||52UZPE01152001T39MT02EBS001H013652UZPE01152001T39MT02EBS001H0136F0136|52UZPE01152001T39MT02EBS001H013652UZPE01152001T39MT02EBS001H0136F0136CC1085280566
3|334|CLAUDIA|NA|TUTALCHA|NA|CC|59834892|1976-09-14|2|2|6|9998|3|2||7|07|||8|60.0|167|||2||||||||||||52UZPE01152001T39MT02EBS001H013852UZPE01152001T39MT02EBS001H0138F0138|52UZPE01152001T39MT02EBS001H013852UZPE01152001T39MT02EBS001H0138F0138CC59834892
3|335|VANESSA|LUCIA|TAPIA|ROSERO|CC|1085269641|1988-10-27|2|2|6|5169|3|1||7|07|||8|65.0|160|||2||||||||||||52UZPE01152001T39MT02EBS001H013952UZPE01152001T39MT02EBS001H0139F0139|52UZPE01152001T39MT02EBS001H013952UZPE01152001T39MT02EBS001H0139F0139CC1085269641
3|336|ROBERTO|TIENESOLOUNNOMBRE|TREJO|TIENESOLOUNAPELLIDO|CC|12951382|1951-05-12|1|2|6|9998|3|2||3|07|||8|65.0|160|||2||||||||||||52UZPE01152001T39MT02EBS001H014052UZPE01152001T39MT02EBS001H0140F0140|52UZPE01152001T39MT02EBS001H014052UZPE01152001T39MT02EBS001H0140F0140CC12951382
3|337|WILLIAM|OSWALDO|TREJO|VILLOTA|CC|12746583|1978-10-14|1|2|6|9510|3|1||7|07|||8|56.0|168|||2||||||||||||52UZPE01152001T39MT02EBS001H014052UZPE01152001T39MT02EBS001H0140F0140|52UZPE01152001T39MT02EBS001H014052UZPE01152001T39MT02EBS001H0140F0140CC12746583
3|338|MATEO|JOSE|GUANIPA|LOPEZ|RC|1085350203|2019-02-13|1|2|6|9998|3|1||8|07|||8|||||2||||||||||||52UZPE01152001T39MT02EBS001H014152UZPE01152001T39MT02EBS001H0141F0141|52UZPE01152001T39MT02EBS001H014152UZPE01152001T39MT02EBS001H0141F0141RC1085350203
3|339|DOLORES|PATRICIA|GALEANO|SINSAJOA|CC|27081940|1975-06-01|2|2|6|9510|3|1||3|07|||8|63.0|153|||2||||||||||||52UZPE01152001T39MT02EBS001H014152UZPE01152001T39MT02EBS001H0141F0141|52UZPE01152001T39MT02EBS001H014152UZPE01152001T39MT02EBS001H0141F0141CC27081940
3|340|GINA|LINEY|LOPEZ|GALEANO|CC|1085328314|1996-03-14|2|2|6|9998|3|1||7|07|||8|58.0|150|||2||||||||||||52UZPE01152001T39MT02EBS001H014152UZPE01152001T39MT02EBS001H0141F0141|52UZPE01152001T39MT02EBS001H014152UZPE01152001T39MT02EBS001H0141F0141CC1085328314
3|341|JOSE|FLORENTINO|LOPEZ|BURBANO|CC|12996675|1966-05-04|1|2|6|9510|3|1||7|07|||8|57.0|152|||2||||||||||||52UZPE01152001T39MT02EBS001H014152UZPE01152001T39MT02EBS001H0141F0141|52UZPE01152001T39MT02EBS001H014152UZPE01152001T39MT02EBS001H0141F0141CC12996675
3|342|FIDEL|HERNAN|VIVAS|VIVAS|CC|12957671|1955-07-11|1|2|6|9510|3|1||3|07|||8|68.0|170|||2||||||||||||52UZPE01152001T39MT02EBS001H014252UZPE01152001T39MT02EBS001H0142F0142|52UZPE01152001T39MT02EBS001H014252UZPE01152001T39MT02EBS001H0142F0142CC12957671
3|343|PIEDAD|DELSOCORRO|GONZALES|CUATINDOY|CC|30736570|1996-08-24|2|2|6|9998|3|1||7|07|||8|52.0|149|||2||||||||||||52UZPE01152001T39MT02EBS001H014252UZPE01152001T39MT02EBS001H0142F0142|52UZPE01152001T39MT02EBS001H014252UZPE01152001T39MT02EBS001H0142F0142CC30736570
3|344|BRIGHIT|ESTEFANY|VIVAS|GONZALES|CC|1085330434|1996-08-24|2|2|6|9510|3|1||7|07|||8|52.0|149|||2||||||||||||52UZPE01152001T39MT02EBS001H014352UZPE01152001T39MT02EBS001H0143F0143|52UZPE01152001T39MT02EBS001H014352UZPE01152001T39MT02EBS001H0143F0143CC1085330434
3|345|SARITA|ANTONELA|TIMANA|VIVAS|RC|1080073111|2022-09-11|2|2|6|9998|3|1||8|07|||8|||||2||||||||||||52UZPE01152001T39MT02EBS001H014352UZPE01152001T39MT02EBS001H0143F0143|52UZPE01152001T39MT02EBS001H014352UZPE01152001T39MT02EBS001H0143F0143RC1080073111
3|346|MARIA|JOSE|NASPIRAN|CERON|TI|1081054929|2007-08-10|2|2|6|9998|3|1||1|07|||8|47.0|153|||2||||||||||||52UZPE01152001T39MT02EBS001H014452UZPE01152001T39MT02EBS001H0144F0144|52UZPE01152001T39MT02EBS001H014452UZPE01152001T39MT02EBS001H0144F0144TI1081054929
3|347|RUTH|PATRICIA|CERON|SALAS|CC|65776521|1977-09-17|2|2|6|9998|3|1||6|07|||8|47.0|153|||2||||||||||||52UZPE01152001T39MT02EBS001H014452UZPE01152001T39MT02EBS001H0144F0144|52UZPE01152001T39MT02EBS001H014452UZPE01152001T39MT02EBS001H0144F0144CC65776521
3|348|LUISA|FERNANDA|NASPIRAN|CERON|TI|1081054928|2007-08-10|2|2|6|9998|3|1||1|07|||8|47.0|153|||2||||||||||||52UZPE01152001T39MT02EBS001H014452UZPE01152001T39MT02EBS001H0144F0144|52UZPE01152001T39MT02EBS001H014452UZPE01152001T39MT02EBS001H0144F0144TI1081054928
3|349|DUVAN|ALEJANDRO|ORTIZ|BASTIDAS|CC|1193201504|2001-06-25|1|2|6|9510|3|1||7|07|||8|70.0|172|||2||||||||||||52UZPE01152001T39MT02EBS001H014652UZPE01152001T39MT02EBS001H0146F0146|52UZPE01152001T39MT02EBS001H014652UZPE01152001T39MT02EBS001H0146F0146CC1193201504
3|350|ISABEL|SOLOTIENEUNNOMBRE|CUARAN|CUARAN|CC|34603995|1954-11-07|2|2|6|9510|3|1||3|07|||8|65.0|150|||2||||||||||||52UZPE01152001T39MT02EBS001H014652UZPE01152001T39MT02EBS001H0146F0146|52UZPE01152001T39MT02EBS001H014652UZPE01152001T39MT02EBS001H0146F0146CC34603995
3|351|MARIA|CAMILA|MONTENEGRO|CERON|CC|1193255461|1999-10-24|2|2|6|9998|3|1||7|07|||8|48.0|145|||2||||||||||||52UZPE01152001T39MT02EBS001H014552UZPE01152001T39MT02EBS001H0145F0145|52UZPE01152001T39MT02EBS001H014552UZPE01152001T39MT02EBS001H0145F0145CC1193255461
3|352|SHAIRA|SALOME|RODRIGUEZ|MONTENEGRO|RC|1085347364|2017-09-11|2|2|6|9998|3|1||8|07|||8|17.0|110|||2||||||||||||52UZPE01152001T39MT02EBS001H014552UZPE01152001T39MT02EBS001H0145F0145|52UZPE01152001T39MT02EBS001H014552UZPE01152001T39MT02EBS001H0145F0145RC1085347364
3|353|MARIA|MAURA|SACANAMBUY|DERAMOS|CC|30776116|1942-08-30|2|2|6|9998|3|2||3|07|||8|68.0|164|||2||||||||||||52UZPE01152001T39MT02EBS001H014752UZPE01152001T39MT02EBS001H0147F0147|52UZPE01152001T39MT02EBS001H014752UZPE01152001T39MT02EBS001H0147F0147CC30776116
3|354|LUIS|RODRIGO|RAMIREZ|MONTILLA|CC|5203452|1949-07-01|1|2|6|9998|3|2||3|07|||8|55.0|156|||2||||||||||||52UZPE01152001T39MT02EBS001H014752UZPE01152001T39MT02EBS001H0147F0147|52UZPE01152001T39MT02EBS001H014752UZPE01152001T39MT02EBS001H0147F0147CC5203452
3|355|ESPERANZA|DELCARMEN|BOTINA|RIVERA|CC|27078691|1950-07-30|2|2|6|9998|3|1||3|07|||8|64.0|150|||2||||||||||||52UZPE01152001T39MT02EBS001H014852UZPE01152001T39MT02EBS001H0148F0148|52UZPE01152001T39MT02EBS001H014852UZPE01152001T39MT02EBS001H0148F0148CC27078691
3|356|IRIS|MARCELA|MARTINEZ|NAUSIL|RC|1080709134|2021-09-19|2|2|6|9998|3|1||8|07|||8|||||2||||||||||||52UZPE01152001T39MT02EBS001H014952UZPE01152001T39MT02EBS001H0149F0149|52UZPE01152001T39MT02EBS001H014952UZPE01152001T39MT02EBS001H0149F0149RC1080709134
3|357|MARIA|TERESA|NAUSIL|DIAZ|CC|27084287|1945-12-27|2|2|6|9510|3|1||3|07|||8|48.0|150|||2||||||||||||52UZPE01152001T39MT02EBS001H014952UZPE01152001T39MT02EBS001H0149F0149|52UZPE01152001T39MT02EBS001H014952UZPE01152001T39MT02EBS001H0149F0149CC27084287
3|358|YOLANDA|ELIZABETH|SANTACRUZ|PORTILLA|CC|30736227|1974-07-10|2|2|6|9998|3|1||7|07|||8|85.0|158|||2||||||||||||52UZPE01152001T39MT02EBS001H015052UZPE01152001T39MT02EBS001H0150F0150|52UZPE01152001T39MT02EBS001H015052UZPE01152001T39MT02EBS001H0150F0150CC30736227
3|359|ANDREA|XIMENA|CORAL|SANTACRUZ|CC|1085297834|1992-03-28|2|2|6|5169|3|2||7|07|||8|67.0|165|||2||||||||||||52UZPE01152001T39MT02EBS001H015052UZPE01152001T39MT02EBS001H0150F0150|52UZPE01152001T39MT02EBS001H015052UZPE01152001T39MT02EBS001H0150F0150CC1085297834
3|360|DIEGO|FERNANDO|CORAL|SANTACRUZ|CC|1085318408|1994-12-19|1|2|6|9998|3|1||7|07|||8|62.0|172|||2||||||||||||52UZPE01152001T39MT02EBS001H015052UZPE01152001T39MT02EBS001H0150F0150|52UZPE01152001T39MT02EBS001H015052UZPE01152001T39MT02EBS001H0150F0150CC1085318408
3|361|JAIME|ALIRIO|CORAL|AZAIN|CC|13062893|1965-08-08|1|2|6|9998|3|1||7|07|||8|69.0|165|||2||||||||||||52UZPE01152001T39MT02EBS001H015052UZPE01152001T39MT02EBS001H0150F0150|52UZPE01152001T39MT02EBS001H015052UZPE01152001T39MT02EBS001H0150F0150CC13062893
3|362|EDGAR|MARINO|MARTINEZ|NA|CC|12998835|1969-08-07|1|2|6|9998|3|1||7|07|||8|60.0|158|||2||||||||||||52UZPE01152001T39MT02EBS001H015152UZPE01152001T39MT02EBS001H0151F0151|52UZPE01152001T39MT02EBS001H015152UZPE01152001T39MT02EBS001H0151F0151CC12998835
3|363|ELIZABETH|NA|TUTALCHA|NA|CC|59825229|1974-07-28|2|2|6|9998|3|1||7|07|||8|55.0|157|||2||||||||||||52UZPE01152001T39MT02EBS001H015152UZPE01152001T39MT02EBS001H0151F0151|52UZPE01152001T39MT02EBS001H015152UZPE01152001T39MT02EBS001H0151F0151CC59825229
3|364|PATRICIA|NA|RUALES|MARTINEZ|CC|36752186|1977-02-27|2|2|6|9998|3|1||7|07|||8|52.0|141|||2||||||||||||52UZPE01152001T39MT02EBS001H015252UZPE01152001T39MT02EBS001H0152F0152|52UZPE01152001T39MT02EBS001H015252UZPE01152001T39MT02EBS001H0152F0152CC36752186
3|365|MARCELO|NA|CABREJA|RUALES|CC|12749263|1980-02-19|1|2|6|9622|3|1||7|07|||8|80.0|160|||2||||||||||||52UZPE01152001T39MT02EBS001H015252UZPE01152001T39MT02EBS001H0152F0152|52UZPE01152001T39MT02EBS001H015252UZPE01152001T39MT02EBS001H0152F0152CC12749263
3|366|MARCELO|ALEJANDRO|CABREJA|RUALES|TI|1081055614|2007-08-22|1|2|6|9998|3|1||1|07|||8|55.0|160|||2||||||||||||52UZPE01152001T39MT02EBS001H015252UZPE01152001T39MT02EBS001H0152F0152|52UZPE01152001T39MT02EBS001H015252UZPE01152001T39MT02EBS001H0152F0152TI1081055614
3|367|PAULA|ANDREA|CORDOBA|RAMOS|CC|1193522366|2002-01-17|2|2|6|9998|3|1||7|07|||8|54.0|160|||2||||||||||||52UZPE01152001T39MT02EBS001H015352UZPE01152001T39MT02EBS001H0153F0153|52UZPE01152001T39MT02EBS001H015352UZPE01152001T39MT02EBS001H0153F0153CC1193522366
3|368|MARI|UBALDINA|MARTINEZ|MARTINEZ|CC|66950785|1973-08-08|2|2|6|9998|3|1||7|07|||8|65.0|155|||2||||||||||||52UZPE01152001T39MT02EBS001H015652UZPE01152001T39MT02EBS001H0156F0156|52UZPE01152001T39MT02EBS001H015652UZPE01152001T39MT02EBS001H0156F0156CC66950785
3|369|NATHALIA|NATHALIA|DIAZ|DAMELINES|CC|1085327966|1996-03-15|2|2|6|9998|3|1||7|07|||8|56.0|162|||2||||||||||||52UZPE01152001T39MT02EBS001H015952UZPE01152001T39MT02EBS001H0159F0159|52UZPE01152001T39MT02EBS001H015952UZPE01152001T39MT02EBS001H0159F0159CC1085327966
3|370|ALISON|VALENTINA|PEREZ|DIAZ|RC|1089707215|2020-01-22|2|2|6|9998|3|1||8|07|||8|||||2||||||||||||52UZPE01152001T39MT02EBS001H015952UZPE01152001T39MT02EBS001H0159F0159|52UZPE01152001T39MT02EBS001H015952UZPE01152001T39MT02EBS001H0159F0159RC1089707215
3|371|EDUIN|ALVEIRO|PEREZ|DIAZ|CC|1085317586|1994-11-28|1|2|6|5169|3|1||7|07|||8|60.0|167|||2||||||||||||52UZPE01152001T39MT02EBS001H015952UZPE01152001T39MT02EBS001H0159F0159|52UZPE01152001T39MT02EBS001H015952UZPE01152001T39MT02EBS001H0159F0159CC1085317586
3|372|SARA|VALENTINA|RUALES|NA|TI|1081063900|2016-11-08|2|2|6|9998|3|1||8|07|||8|25.0|110|||2||||||||||||52UZPE01152001T39MT02EBS001H016052UZPE01152001T39MT02EBS001H0160F0160|52UZPE01152001T39MT02EBS001H016052UZPE01152001T39MT02EBS001H0160F0160TI1081063900
3|373|NATALIA|NA|CABREJA|RUALES|CC|1085341236|1998-04-01|2|2|6|9998|3|1||7|07|||8|65.0|145|||2||||||||||||52UZPE01152001T39MT02EBS001H016052UZPE01152001T39MT02EBS001H0160F0160|52UZPE01152001T39MT02EBS001H016052UZPE01152001T39MT02EBS001H0160F0160CC1085341236
3|374|TEOFILO|LIBARDO|RODRIGUEZ|RODRIGUEZ|CC|98379905|1976-08-14|1|2|6|5169|3|1||7|07|||8|70.0|168|||2||||||||||||52UZPE01152001T39MT02EBS001H016152UZPE01152001T39MT02EBS001H0161F0161|52UZPE01152001T39MT02EBS001H016152UZPE01152001T39MT02EBS001H0161F0161CC98379905
3|375|NORA|ALBA|MELO|PINTA|CC|36950317|1976-09-13|2|2|6|9998|3|1||7|07|||8|65.0|158|||2||||||||||||52UZPE01152001T39MT02EBS001H016152UZPE01152001T39MT02EBS001H0161F0161|52UZPE01152001T39MT02EBS001H016152UZPE01152001T39MT02EBS001H0161F0161CC36950317
3|376|DIEGO|LIBARDO|RODRIGUEZ|MELO|CC|1085342358|1998-10-18|1|2|6|5169|3|2||7|07|||8|65.0|168|||2||||||||||||52UZPE01152001T39MT02EBS001H016152UZPE01152001T39MT02EBS001H0161F0161|52UZPE01152001T39MT02EBS001H016152UZPE01152001T39MT02EBS001H0161F0161CC1085342358
3|377|ROSA|MARIA|SALAS|SALAS|CC|30704821|1952-04-10|2|2|6|9998|3|1||3|07|||8|72.0|147|||2||||||||||||52UZPE01152001T39MT02EBS001H016252UZPE01152001T39MT02EBS001H0162F0162|52UZPE01152001T39MT02EBS001H016252UZPE01152001T39MT02EBS001H0162F0162CC30704821
3|378|EMILY|SOFIA|ENRIQUEZ|MELO|RC|1081285881|2016-07-23|2|2|6|9998|3|1||8|07|||8|24.0|127|||2||||||||||||52UZPE01152001T39MT02EBS001H016552UZPE01152001T39MT02EBS001H0165F0165|52UZPE01152001T39MT02EBS001H016552UZPE01152001T39MT02EBS001H0165F0165RC1081285881
3|379|INGRID|TATIANA|MELO|PACHAJOA|CC|1233192367|1998-10-31|2|2|6|9998|3|1||7|07|||8|70.0|160|||2||||||||||||52UZPE01152001T39MT02EBS001H016552UZPE01152001T39MT02EBS001H0165F0165|52UZPE01152001T39MT02EBS001H016552UZPE01152001T39MT02EBS001H0165F0165CC1233192367
3|380|MARIA|OLIVA|YAQUENO|PINTA|CC|30737742|1963-09-14|2|2|6|9998|3|1||3|07|||8|70.0|148|||2||||||||||||52UZPE01152001T39MT02EBS001H016452UZPE01152001T39MT02EBS001H0164F0164|52UZPE01152001T39MT02EBS001H016452UZPE01152001T39MT02EBS001H0164F0164CC30737742
3|381|JOSE|ABSALON|JOJOA|BOTINA|CC|12985487|1965-06-21|1|2|6|5169|3|2||7|07|||8|59.0|158|||2||||||||||||52UZPE01152001T39MT02EBS001H016452UZPE01152001T39MT02EBS001H0164F0164|52UZPE01152001T39MT02EBS001H016452UZPE01152001T39MT02EBS001H0164F0164CC12985487
3|382|EDITH|MARGOTH|YAQUENO|NA|CC|37088170|1985-06-25|2|2|6|9510|3|1||7|07|||8|60.0|160|||2||||||||||||52UZPE01152001T39MT02EBS001H016452UZPE01152001T39MT02EBS001H0164F0164|52UZPE01152001T39MT02EBS001H016452UZPE01152001T39MT02EBS001H0164F0164CC37088170
3|383|ANDREY|STEVEN|ORTEGA|ROSERO|CC|1004192536|2003-05-07|1|2|6|9510|3|5||7|07|||8|54.0|162|||2||||||||||||52UZPE01152001T39MT02EBS001H016852UZPE01152001T39MT02EBS001H0168F0168|52UZPE01152001T39MT02EBS001H016852UZPE01152001T39MT02EBS001H0168F0168CC1004192536
3|384|OFELIA|DEJESUS|JARAMILLO|ISAZA|CC|29880851|1949-05-15|2|2|6|9999|3|1||3|07|||1|10.0|158|||2||||||||||||52UZPE01152001T39MT02EBS001H016952UZPE01152001T39MT02EBS001H0169F0169|52UZPE01152001T39MT02EBS001H016952UZPE01152001T39MT02EBS001H0169F0169CC29880851
3|385|ANIBAL|NA|SANCHEZ|JARAMILLO|CC|87550427|1969-01-01|1|2|6|9510|3|1||7|07|||8|10.0|5|||2||||||||||||52UZPE01152001T39MT02EBS001H016952UZPE01152001T39MT02EBS001H0169F0169|52UZPE01152001T39MT02EBS001H016952UZPE01152001T39MT02EBS001H0169F0169CC87550427
3|386|VALERY|ESTEFANY|MAYA|POTOSI|TI|1080065188|2015-09-15|2|2|6|9998|3|1||8|07|||8|10.0|5|||2||||||||||||52UZPE01152001T39MT02EBS001H017252UZPE01152001T39MT02EBS001H0172F0172|52UZPE01152001T39MT02EBS001H017252UZPE01152001T39MT02EBS001H0172F0172TI1080065188
3|387|LEIDY|ANDREA|MAYA|POTOSI|CC|1233189746|1997-05-23|2|2|6|9622|3|1||7|07|||8|66.0|163|||2||||||||||||52UZPE01152001T39MT02EBS001H017252UZPE01152001T39MT02EBS001H0172F0172|52UZPE01152001T39MT02EBS001H017252UZPE01152001T39MT02EBS001H0172F0172CC1233189746
3|388|PATRICIA|NA|VISVICUS|NA|CC|1089288293|1986-12-03|2|2|6|9998|3|1||7|07|||8|65.0|163|||2||||||||||||52UZPE01152001T39MT02EBS001H017452UZPE01152001T39MT02EBS001H0174F0174|52UZPE01152001T39MT02EBS001H017452UZPE01152001T39MT02EBS001H0174F0174CC1089288293
3|389|JOSE|RICARDO|CHAMORRO|GARCIA|CC|98367255|1975-05-26|1|2|6|9510|3|1||7|07|||8|67.0|165|||2||||||||||||52UZPE01152001T39MT02EBS001H017452UZPE01152001T39MT02EBS001H0174F0174|52UZPE01152001T39MT02EBS001H017452UZPE01152001T39MT02EBS001H0174F0174CC98367255
3|390|EDGAR|ANDRES|CHAMORRO|BISBICUS|CC|1004600828|2000-05-25|1|2|6|9998|3|1||7|07|||8|52.0|166|||2||||||||||||52UZPE01152001T39MT02EBS001H017452UZPE01152001T39MT02EBS001H0174F0174|52UZPE01152001T39MT02EBS001H017452UZPE01152001T39MT02EBS001H0174F0174CC1004600828
3|391|HECTOR|JAIME|GONZALES|CUATINDIOY|CC|12992343|1967-11-29|1|2|6|9998|3|1||7|07|||8|74.0|167|||2||||||||||||52UZPE01152001T39MT02EBS001H017652UZPE01152001T39MT02EBS001H0176F0176|52UZPE01152001T39MT02EBS001H017652UZPE01152001T39MT02EBS001H0176F0176CC12992343
3|392|ANGELA|ROSA|GONZALES|CUATIN|CC|598237799|1973-01-10|2|2|6|9998|3|1||7|07|||8|67.0|167|||2||||||||||||52UZPE01152001T39MT02EBS001H017652UZPE01152001T39MT02EBS001H0176F0176|52UZPE01152001T39MT02EBS001H017652UZPE01152001T39MT02EBS001H0176F0176CC598237799
3|393|JEISON|DAVID|PATICHOY|GONZALES|TI|1080063738|2014-09-06|1|2|6|9998|3|1||8|07|||8|26.0|127|||2||||||||||||52UZPE01152001T39MT02EBS001H017652UZPE01152001T39MT02EBS001H0176F0176|52UZPE01152001T39MT02EBS001H017652UZPE01152001T39MT02EBS001H0176F0176TI1080063738
3|394|MARTHA|ALICIA|HORMAZA|DEREINA|CC|30712738|1954-12-27|2|2|6|9998|3|2||3|07|||8|68.0|150|||2||||||||||||52UZPE01152001T39MT02EBS001H017752UZPE01152001T39MT02EBS001H0177F0177|52UZPE01152001T39MT02EBS001H017752UZPE01152001T39MT02EBS001H0177F0177CC30712738
3|395|LUZ|YARI|REINA|HORMAZA|CC|36951006|1980-02-08|2|2|6|5169|3|2||7|07|||8|10.0|5|||2||||||||||||52UZPE01152001T39MT02EBS001H017852UZPE01152001T39MT02EBS001H0178F0178|52UZPE01152001T39MT02EBS001H017852UZPE01152001T39MT02EBS001H0178F0178CC36951006
3|396|IVAN|CAMILO|HORMAZA|CORDOBA|CC|1085311362|1993-12-04|1|2|6|9510|3|1||7|07|||8|65.0|171|||2||||||||||||52UZPE01152001T39MT02EBS001H018152UZPE01152001T39MT02EBS001H0181F0181|52UZPE01152001T39MT02EBS001H018152UZPE01152001T39MT02EBS001H0181F0181CC1085311362
3|397|DAYANA|ALEJANDRA|QUINCHOA|LOPEZ|CC|1193332935|1996-11-20|2|2|6|9998|3|1||7|07|||8|94.0|163|||2||||||||||||52UZPE01152001T39MT02EBS001H018252UZPE01152001T39MT02EBS001H0182F0182|52UZPE01152001T39MT02EBS001H018252UZPE01152001T39MT02EBS001H0182F0182CC1193332935
3|398|BRANDON|RICARDO|VALLEJO|LOPEZ|CC|1085294932|1991-07-20|1|2|6|9510|3|1||7|07|||8|67.0|168|||2||||||||||||52UZPE01152001T39MT02EBS001H018252UZPE01152001T39MT02EBS001H0182F0182|52UZPE01152001T39MT02EBS001H018252UZPE01152001T39MT02EBS001H0182F0182CC1085294932
3|399|DANA|ISABELA|VALLEJO|QUINCHOA|TI|1081284933|2015-03-27|2|2|6|9998|3|1||8|07|||3|30.0|129|||2||||||||||||52UZPE01152001T39MT02EBS001H018252UZPE01152001T39MT02EBS001H0182F0182|52UZPE01152001T39MT02EBS001H018252UZPE01152001T39MT02EBS001H0182F0182TI1081284933
3|400|PASTORA|MARILUZ|LOPEZ|JURADO|CC|30745977|1969-01-10|2|2|6|9998|3|1||7|07|||8|63.0|155|||2||||||||||||52UZPE01152001T39MT02EBS001H018352UZPE01152001T39MT02EBS001H0183F0183|52UZPE01152001T39MT02EBS001H018352UZPE01152001T39MT02EBS001H0183F0183CC30745977
3|401|NINFA|TULIA|JURADO|CALPA|CC|27398792|1931-12-31|2|2|6|9998|3|2||3|07|||8|67.0|167|||2||||||||||||52UZPE01152001T39MT02EBS001H018352UZPE01152001T39MT02EBS001H0183F0183|52UZPE01152001T39MT02EBS001H018352UZPE01152001T39MT02EBS001H0183F0183CC27398792
3|402|MARIA|ORTENCIA|MARIAORTENCIADEJESUS|NOTIENE|CC|30723989|1955-09-25|2|2|6|9998|3|1||3|07|||8|71.0|158|||2||||||||||||52UZPE01152001T39MT02EBS001H018452UZPE01152001T39MT02EBS001H0184F0184|52UZPE01152001T39MT02EBS001H018452UZPE01152001T39MT02EBS001H0184F0184CC30723989
3|403|LUIS|ANTONIO|CUARAN|BENAVIDES|CC|12971075|1958-07-19|1|2|6|9998|3|1||3|07|||8|66.0|165|||2||||||||||||52UZPE01152001T39MT02EBS001H018452UZPE01152001T39MT02EBS001H0184F0184|52UZPE01152001T39MT02EBS001H018452UZPE01152001T39MT02EBS001H0184F0184CC12971075
3|404|ANA|LIZETH|RIASCOS|DAVILA|CC|1085267737|1986-10-13|2|2|6|9510|3|1||7|07|||8|60.0|141|||2||||||||||||52UZPE01152001T39MT02EBS001H019152UZPE01152001T39MT02EBS001H0191F0191|52UZPE01152001T39MT02EBS001H019152UZPE01152001T39MT02EBS001H0191F0191CC1085267737
3|405|AURA|YESENIA|RAMIREZ|SACANAMBUY|CC|1085259285|1982-07-04|2|2|6|9510|3|1||7|07|||8|70.0|159|||2||||||||||||52UZPE01152001T39MT02EBS001H019352UZPE01152001T39MT02EBS001H0193F0193|52UZPE01152001T39MT02EBS001H019352UZPE01152001T39MT02EBS001H0193F0193CC1085259285
3|406|DANNA|ISABELLA|ARGOTY|RAMIREZ|TI|1081061754|2014-11-05|2|2|6|9998|3|1||8|07|||8|27.0|140|||2||||||||||||52UZPE01152001T39MT02EBS001H019352UZPE01152001T39MT02EBS001H0193F0193|52UZPE01152001T39MT02EBS001H019352UZPE01152001T39MT02EBS001H0193F0193TI1081061754
3|407|GLORIA|NA|DIAZ|BENAVIDES|CC|39653507|1968-05-04|2|2|6|9510|3|1||7|07|||8|56.0|150|||2||||||||||||52UZPE01152001T39MT02EBS001H019452UZPE01152001T39MT02EBS001H0194F0194|52UZPE01152001T39MT02EBS001H019452UZPE01152001T39MT02EBS001H0194F0194CC39653507
3|408|LAURA|CAMILA|MARTINEZ|DIAZ|CC|1085347153|1999-10-12|2|2|6|5169|3|5||7|07|||8|64.0|165|||2||||||||||||52UZPE01152001T39MT02EBS001H019552UZPE01152001T39MT02EBS001H0195F0195|52UZPE01152001T39MT02EBS001H019552UZPE01152001T39MT02EBS001H0195F0195CC1085347153
3|409|THOMAS|ALEJANDRO|CARDENAS|MARTINEZ|RC|1080710188|2022-10-01|1|2|6|9998|3|1||8|07|||8|||||2||||||||||||52UZPE01152001T39MT02EBS001H019552UZPE01152001T39MT02EBS001H0195F0195|52UZPE01152001T39MT02EBS001H019552UZPE01152001T39MT02EBS001H0195F0195RC1080710188
3|410|MIGUEL|ALEJANDRO|UNIGARO|CERON|TI|1080052341|2005-07-14|1|2|6|9998|3|1||7|07|||8|60.0|158|||2||||||||||||52UZPE01152001T39MT02EBS001H016352UZPE01152001T39MT02EBS001H0163F0163|52UZPE01152001T39MT02EBS001H016352UZPE01152001T39MT02EBS001H0163F0163TI1080052341
3|411|DAILY|ALEXANDRA|GUAQUEZ|CERON|CC|1087274918|2005-07-11|2|2|6|9998|3|1||7|07|||8|55.0|149|||2||||||||||||52UZPE01152001T39MT02EBS001H016352UZPE01152001T39MT02EBS001H0163F0163|52UZPE01152001T39MT02EBS001H016352UZPE01152001T39MT02EBS001H0163F0163CC1087274918
3|412|DAVID|ANDRES|CERON|SALAS|CC|1085342406|1998-08-19|1|2|6|9998|3|1||7|07|||8|58.0|160|||2||||||||||||52UZPE01152001T39MT02EBS001H016352UZPE01152001T39MT02EBS001H0163F0163|52UZPE01152001T39MT02EBS001H016352UZPE01152001T39MT02EBS001H0163F0163CC1085342406
3|413|ANA|ROCIO|CERON|SALAS|CC|36752251|1978-12-13|2|2|6|9998|3|1||7|07|||8|58.0|155|||2||||||||||||52UZPE01152001T39MT02EBS001H016352UZPE01152001T39MT02EBS001H0163F0163|52UZPE01152001T39MT02EBS001H016352UZPE01152001T39MT02EBS001H0163F0163CC36752251
3|414|JUNIOR|ANDRES|RODRIGUEZ|SALAS|TI|1085320180|2013-03-28|1|2|6|9998|3|1||8|07|||8|42.0|147|||2||||||||||||52UZPE01152001T39MT02EBS001H016352UZPE01152001T39MT02EBS001H0163F0163|52UZPE01152001T39MT02EBS001H016352UZPE01152001T39MT02EBS001H0163F0163TI1085320180
3|415|LEIDY|DAYANA|SALAZAR|IBARRA|CC|1089288168|1986-05-01|2|2|6|9998|3|1||7|07|||8|55.0|155|||2||||||||||||52UZPE01152001T39MT02EBS001H019652UZPE01152001T39MT02EBS001H0196F0196|52UZPE01152001T39MT02EBS001H019652UZPE01152001T39MT02EBS001H0196F0196CC1089288168
3|416|YAMIT|ALEJANDRO|MORALES|MENESES|CC|87551750|1980-12-15|1|2|6|5169|3|2||7|07|||8|60.0|157|||2||||||||||||52UZPE01152001T39MT02EBS001H019652UZPE01152001T39MT02EBS001H0196F0196|52UZPE01152001T39MT02EBS001H019652UZPE01152001T39MT02EBS001H0196F0196CC87551750
3|417|KAREN|JULIETH|MORALES|SALAZAR|CC|1004600906|2001-10-28|2|2|6|9998|3|1||7|07|||8|56.0|156|||2||||||||||||52UZPE01152001T39MT02EBS001H019652UZPE01152001T39MT02EBS001H0196F0196|52UZPE01152001T39MT02EBS001H019652UZPE01152001T39MT02EBS001H0196F0196CC1004600906
3|418|BEATRIZ|LUCIA|CHASPUENGAL|NOTIENE|CC|30711542|1951-04-16|2|2|6|9998|3|2||3|07|||8|67.0|154|||2||||||||||||52UZPE01152001T39MT02EBS001H019952UZPE01152001T39MT02EBS001H0199F0199|52UZPE01152001T39MT02EBS001H019952UZPE01152001T39MT02EBS001H0199F0199CC30711542
3|419|EDMUNDO|ABELINO|MARTINEZ|NOTIENE|CC|12956627|1950-11-10|1|2|6|5169|3|2||3|07|||8|62.0|158|||2||||||||||||52UZPE01152001T39MT02EBS001H019952UZPE01152001T39MT02EBS001H0199F0199|52UZPE01152001T39MT02EBS001H019952UZPE01152001T39MT02EBS001H0199F0199CC12956627
3|420|OSCAR|ORLANDO|MARTINEZ|CHASPUENGAL|CC|5204135|1978-09-25|1|2|6|9510|3|1||7|07|||8|80.0|168|||2||||||||||||52UZPE01152001T39MT02EBS001H019952UZPE01152001T39MT02EBS001H0199F0199|52UZPE01152001T39MT02EBS001H019952UZPE01152001T39MT02EBS001H0199F0199CC5204135
3|421|CLAUDIO|ESTEAN|PATINO|PATINO|CC|97440188|1974-03-18|1|2|6|9510|3|1||7|07|||8|58.0|160|||2||||||||||||52UZPE01152001T39MT02EBS001H020052UZPE01152001T39MT02EBS001H0200F0200|52UZPE01152001T39MT02EBS001H020052UZPE01152001T39MT02EBS001H0200F0200CC97440188
3|422|VICTOR|VICTOR|ORDONEZ|BENAVIDES|CC|98358696|1977-05-18|1|2|6|9622|3|1||7|07|||8|61.0|165|||2||||||||||||52UZPE01152001T39MT02EBS001H020152UZPE01152001T39MT02EBS001H0201F0201|52UZPE01152001T39MT02EBS001H020152UZPE01152001T39MT02EBS001H0201F0201CC98358696
3|423|BELCY|NANCY|ORDONEZ|MELO|CC|36756468|1981-12-15|2|2|6|9998|3|1||7|07|||8|64.0|155|||2||||||||||||52UZPE01152001T39MT02EBS001H020152UZPE01152001T39MT02EBS001H0201F0201|52UZPE01152001T39MT02EBS001H020152UZPE01152001T39MT02EBS001H0201F0201CC36756468
3|424|JONNATHAN|EDISSON|RAMIREZ|HERNANDEZ|CC|1085283604|1999-07-05|1|2|6|5169|3|1||7|07|||8|65.0|165|||2||||||||||||52UZPE01152001T39MT02EBS001H020252UZPE01152001T39MT02EBS001H0202F0202|52UZPE01152001T39MT02EBS001H020252UZPE01152001T39MT02EBS001H0202F0202CC1085283604
3|425|SANDRA|PATRICIA|HERNANDEZ|HERNANDEZ|CC|59828013|1968-12-22|2|2|6|9998|3|1||7|07|||8|60.0|158|||2||||||||||||52UZPE01152001T39MT02EBS001H020252UZPE01152001T39MT02EBS001H0202F0202|52UZPE01152001T39MT02EBS001H020252UZPE01152001T39MT02EBS001H0202F0202CC59828013
3|426|GLORIA|DELCARMEN|RIASCOS|ROSERO|CC|30711301|1958-05-07|2|2|6|9998|3|2||3|07|||8|60.0|154|||2||||||||||||52UZPE01152001T39MT02EBS001H020352UZPE01152001T39MT02EBS001H0203F0203|52UZPE01152001T39MT02EBS001H020352UZPE01152001T39MT02EBS001H0203F0203CC30711301
3|427|FREDY|ORLANDO|CRIOLLO|RIASCOS|CC|1085271153|1989-02-05|1|2|6|5169|3|2||7|07|||8|70.0|160|||2||||||||||||52UZPE01152001T39MT02EBS001H020352UZPE01152001T39MT02EBS001H0203F0203|52UZPE01152001T39MT02EBS001H020352UZPE01152001T39MT02EBS001H0203F0203CC1085271153
3|428|SERBIO|ALIRIO|YAQUENO|PINTA|CC|12989481|1961-05-25|1|2|6|5169|3|2||3|07|||8|65.0|156|||2||||||||||||52UZPE01152001T39MT02EBS001H020452UZPE01152001T39MT02EBS001H0204F0204|52UZPE01152001T39MT02EBS001H020452UZPE01152001T39MT02EBS001H0204F0204CC12989481
3|429|MARIA|FLORICELDA|MARTINEZ|NA|CC|27080778|1968-12-25|2|2|6|5169|3|1||7|07|||8|50.0|150|||2||||||||||||52UZPE01152001T39MT02EBS001H020452UZPE01152001T39MT02EBS001H0204F0204|52UZPE01152001T39MT02EBS001H020452UZPE01152001T39MT02EBS001H0204F0204CC27080778
3|430|JENIFER|TATIANA|MARTINEZ|DIAZ|CC|10855341844|1998-08-18|2|2|6|9510|3|2||7|07|||8|54.0|152|||2||||||||||||52UZPE01152001T39MT02EBS001H020552UZPE01152001T39MT02EBS001H0205F0205|52UZPE01152001T39MT02EBS001H020552UZPE01152001T39MT02EBS001H0205F0205CC10855341844
3|431|DAVID|NA|MARTINEZ|DIAZ|CC|1085310528|1993-09-18|1|2|6|5169|3|2||7|07|||8|60.0|170|||2||||||||||||52UZPE01152001T39MT02EBS001H020552UZPE01152001T39MT02EBS001H0205F0205|52UZPE01152001T39MT02EBS001H020552UZPE01152001T39MT02EBS001H0205F0205CC1085310528
3|432|YEISON|ANDRES|MARTINEZ|DIAZ|CC|100699102|2001-03-14|1|2|6|9510|3|2||7|07|||8|55.0|175|||2||||||||||||52UZPE01152001T39MT02EBS001H020552UZPE01152001T39MT02EBS001H0205F0205|52UZPE01152001T39MT02EBS001H020552UZPE01152001T39MT02EBS001H0205F0205CC100699102
3|433|ERMILA|NOREFIERE|ANGANOY|ARMERO|CC|30704277|1946-11-03|2|2|6|9510|3|1||3|07|||8|50.0|148|||2||||||||||||52UZPE01152001T39MT02EBS001H020652UZPE01152001T39MT02EBS001H0206F0206|52UZPE01152001T39MT02EBS001H020652UZPE01152001T39MT02EBS001H0206F0206CC30704277
3|434|JAIME|GERARDO|GUERRERO|CANAR|CC|98385370|1972-09-12|1|2|6|9510|3|1||7|07|||8|60.0|164|||2||||||||||||52UZPE01152001T39MT02EBS001H021052UZPE01152001T39MT02EBS001H0210F0210|52UZPE01152001T39MT02EBS001H021052UZPE01152001T39MT02EBS001H0210F0210CC98385370
3|435|SEBASTIAN|FELIPE|DIAZ|CUARAN|TI|1080052460|2008-02-16|1|2|6|9998|3|1||1|07|||8|66.0|187|||2||||||||||||52UZPE01152001T39MT01EBS001H021152UZPE01152001T39MT01EBS001H0211F0211|52UZPE01152001T39MT01EBS001H021152UZPE01152001T39MT01EBS001H0211F0211TI1080052460
3|436|ANA|MIREYA|CUARAN|DEJESUS|CC|59311244|1983-06-10|2|2|6|5169|3|2||6|07|||8|69.0|158|||2||||||||||||52UZPE01152001T39MT01EBS001H021152UZPE01152001T39MT01EBS001H0211F0211|52UZPE01152001T39MT01EBS001H021152UZPE01152001T39MT01EBS001H0211F0211CC59311244
3|437|ANGELITA|NOTIENE|MONTILLA|BOTINA|CC|27079106|1948-07-06|2|2|6|9998|3|1||3|07|||8|63.0|150|||2||||||||||||52UZPE01152001T39MT01EBS001H021352UZPE01152001T39MT01EBS001H0213F0213|52UZPE01152001T39MT01EBS001H021352UZPE01152001T39MT01EBS001H0213F0213CC27079106
3|438|TEODULA|NOTIENE|MONTILLA|BOTINA|CC|27140205|1948-07-06|2|2|6|9998|3|1||3|07|||8|49.0|151|||2||||||||||||52UZPE01152001T39MT01EBS001H021352UZPE01152001T39MT01EBS001H0213F0213|52UZPE01152001T39MT01EBS001H021352UZPE01152001T39MT01EBS001H0213F0213CC27140205
3|439|GILMA|NA|RAMIREZ|MONTILLA|CC|59821125|1945-09-26|2|2|6|9998|3|1||3|07|||8|51.0|152|||2||||||||||||52UZPE01152001T39MT02EBS001H021552UZPE01152001T39MT02EBS001H0215F0215|52UZPE01152001T39MT02EBS001H021552UZPE01152001T39MT02EBS001H0215F0215CC59821125
3|440|GILMA|ANDREA|LARA|RAMIREZ|CC|36754297|1978-12-11|2|2|6|9998|3|1||7|07|||8|60.0|151|||2||||||||||||52UZPE01152001T39MT02EBS001H021552UZPE01152001T39MT02EBS001H0215F0215|52UZPE01152001T39MT02EBS001H021552UZPE01152001T39MT02EBS001H0215F0215CC36754297
3|441|AILEN|NA|BOTINW|LARA|TI|1080047906|2006-11-13|2|2|6|9998|3|1||1|07|||8|49.0|145|||2||||||||||||52UZPE01152001T39MT02EBS001H021652UZPE01152001T39MT02EBS001H0216F0216|52UZPE01152001T39MT02EBS001H021652UZPE01152001T39MT02EBS001H0216F0216TI1080047906
3|442|DORIS|LILIANA|LATA|RAMIRAZ|CC|59821274|1973-01-15|2|2|6|9998|3|1||7|07|||8|80.0|154|||2||||||||||||52UZPE01152001T39MT02EBS001H021652UZPE01152001T39MT02EBS001H0216F0216|52UZPE01152001T39MT02EBS001H021652UZPE01152001T39MT02EBS001H0216F0216CC59821274
3|443|JOSE|BENHAMIN|BOTINA|PINCHAO|CC|98325459|1972-04-08|1|2|6|9510|3|1||7|07|||8|54.0|153|||2||||||||||||52UZPE01152001T39MT02EBS001H021652UZPE01152001T39MT02EBS001H0216F0216|52UZPE01152001T39MT02EBS001H021652UZPE01152001T39MT02EBS001H0216F0216CC98325459
3|444|JUAN|JOSE|LASSO|LOPEZ|TI|1080052439|2008-06-28|1|2|6|9998|3|1||1|07|||8|50.0|153|||2||||||||||||52UZPE01152001T39MT02EBS001H022452UZPE01152001T39MT02EBS001H0224F0224|52UZPE01152001T39MT02EBS001H022452UZPE01152001T39MT02EBS001H0224F0224TI1080052439
3|445|NICOLE|VALENTINA|LASSO|LOPEZ|TI|1081281418|2010-12-22|2|2|6|9998|3|1||1|07|||8|45.0|140|||2||||||||||||52UZPE01152001T39MT02EBS001H022452UZPE01152001T39MT02EBS001H0224F0224|52UZPE01152001T39MT02EBS001H022452UZPE01152001T39MT02EBS001H0224F0224TI1081281418
3|446|CARLITOS|DANIEL|LASSO|LOPEZ|TI|1080697363|2010-12-12|1|2|6|9998|3|1||1|07|||8|37.0|132|||2||||||||||||52UZPE01152001T39MT02EBS001H022452UZPE01152001T39MT02EBS001H0224F0224|52UZPE01152001T39MT02EBS001H022452UZPE01152001T39MT02EBS001H0224F0224TI1080697363
3|447|ANDREA|KAROLINA|LOPEZ|PABON|CC|1085301822|1992-11-29|2|2|6|9999|3|1||7|07|||8|75.0|159|||2||||||||||||52UZPE01152001T39MT02EBS001H022452UZPE01152001T39MT02EBS001H0224F0224|52UZPE01152001T39MT02EBS001H022452UZPE01152001T39MT02EBS001H0224F0224CC1085301822
3|448|ANA|MARIA|PABON|BURBANO|CC|59818425|1972-04-15|2|2|6|5169|3|2||7|07|||8|75.0|155|||2||||||||||||52UZPE01152001T39MT02EBS001H022352UZPE01152001T39MT02EBS001H0223F0223|52UZPE01152001T39MT02EBS001H022352UZPE01152001T39MT02EBS001H0223F0223CC59818425
3|449|CARLOS|ALFREDO|LOPEZ|OCANA|CC|12985064|1963-09-21|1|2|6|9998|3|1||3|07|||8|85.0|165|||2||||||||||||52UZPE01152001T39MT02EBS001H022352UZPE01152001T39MT02EBS001H0223F0223|52UZPE01152001T39MT02EBS001H022352UZPE01152001T39MT02EBS001H0223F0223CC12985064
3|450|LUIS|VICENTE|PONCE|NUPAN|CC|12990363|1967-06-01|1|2|6|9510|3|1||7|07|||8|72.0|168|||2||||||||||||52UZPE01152001T39MT02EBS001H022952UZPE01152001T39MT02EBS001H0229F0229|52UZPE01152001T39MT02EBS001H022952UZPE01152001T39MT02EBS001H0229F0229CC12990363
3|451|SHAIRA|ABIGAIL|MELOQUASQUER|QUASQUER|RC|1081288210|2021-02-20|2|2|6|9998|3|1||8|07|||8|||||2||||||||||||52UZPE01152001T39MT02EBS001H008252UZPE01152001T39MT02EBS001H0082F0082|52UZPE01152001T39MT02EBS001H008252UZPE01152001T39MT02EBS001H0082F0082RC1081288210
3|452|GRESLY|YULIETH|QUASQUER|TOVAR|CC|100413524|2002-10-11|2|2|6|9510|3|1||7|07|||8|45.0|150|||2||||||||||||52UZPE01152001T39MT02EBS001H008252UZPE01152001T39MT02EBS001H0082F0082|52UZPE01152001T39MT02EBS001H008252UZPE01152001T39MT02EBS001H0082F0082CC100413524
3|453|LEONIDE|SOLAYDA|RECALDE|VILLARREAL|CC|27081000|1973-02-27|2|2|6|9998|3|1||7|07|||8|58.0|150|||2||||||||||||52UZPE01152001T39MT02EBS001H023252UZPE01152001T39MT02EBS001H0232F0232|52UZPE01152001T39MT02EBS001H023252UZPE01152001T39MT02EBS001H0232F0232CC27081000
3|454|LUIS|ENRIQUE|PORTILLA|RECALDE|CC|1085339766|1998-04-06|1|2|6|9998|3|1||7|07|||8|65.0|170|||2||||||||||||52UZPE01152001T39MT02EBS001H023252UZPE01152001T39MT02EBS001H0232F0232|52UZPE01152001T39MT02EBS001H023252UZPE01152001T39MT02EBS001H0232F0232CC1085339766
3|455|ISABELLA|ALEJANDRA|SALAZAR|SANTACRUZ|TI|1081055273|2012-02-06|2|2|6|9998|3|2||1|07|||8|50.0|155|||2||||||||||||52UZPE01152001T39MT02EBS001H023452UZPE01152001T39MT02EBS001H0234F0234|52UZPE01152001T39MT02EBS001H023452UZPE01152001T39MT02EBS001H0234F0234TI1081055273
3|456|ELIZABETH|DELSOCORRO|SANTACRUZ|RODRIGUEZ|CC|36751905|1975-08-05|2|2|6|9998|3|2||7|07|||8|50.0|160|||2||||||||||||52UZPE01152001T39MT02EBS001H023452UZPE01152001T39MT02EBS001H0234F0234|52UZPE01152001T39MT02EBS001H023452UZPE01152001T39MT02EBS001H0234F0234CC36751905
3|457|RAUL|REMBERTO|SALAZAR|ROSERO|CC|98391536|1974-03-09|1|2|6|5169|3|2||7|07|||8|94.0|184|||2||||||||||||52UZPE01152001T39MT02EBS001H023452UZPE01152001T39MT02EBS001H0234F0234|52UZPE01152001T39MT02EBS001H023452UZPE01152001T39MT02EBS001H0234F0234CC98391536
3|458|AILEN|SALOME|RAMIREZ|CRUZ|RC|1080074935|2024-09-08|2|2|3|9998|3|1||8|07|||8|||||2||||||||||||52UZPE01152001T39MT01EBS001H025652UZPE01152001T39MT01EBS001H0256F0256|52UZPE01152001T39MT01EBS001H025652UZPE01152001T39MT01EBS001H0256F0256RC1080074935
3|459|BREINER|YAIR|CUALTAN|RAMIREZ|TI|1030001539|2014-10-08|1|2|3|9998|3|1||8|07|||8|35.0|135|||2||||||||||||52UZPE01152001T39MT01EBS001H025652UZPE01152001T39MT01EBS001H0256F0256|52UZPE01152001T39MT01EBS001H025652UZPE01152001T39MT01EBS001H0256F0256TI1030001539
3|460|EDGAR|LUIS|DELGADO|BURBANO|CC|12981459|1964-08-23|1|2|3|5169|2|1||3|07|||8|59.0|164|||2||||||||||||52UZPE01152001T39MT01EBS001H025752UZPE01152001T39MT01EBS001H0257F0257|52UZPE01152001T39MT01EBS001H025752UZPE01152001T39MT01EBS001H0257F0257CC12981459
3|461|DIEGO|ALEXANDER|BURBANO|ERAZO|CC|1193279421|2000-08-15|1|2|3|9510|3|1||7|07|||8|70.0|155|||2||||||||||||52UZPE01152001T39MT01EBS001H025952UZPE01152001T39MT01EBS001H0259F0259|52UZPE01152001T39MT01EBS001H025952UZPE01152001T39MT01EBS001H0259F0259CC1193279421
3|462|MARIA|ROSARIO|CAICEDO|GOMEZ|CC|27202836|1945-10-09|2|2|5|9998|1|1||3|07|||8|50.0|145|||2||||||||||||52UZPE01152001T39MT01EBS001H025952UZPE01152001T39MT01EBS001H0259F0259|52UZPE01152001T39MT01EBS001H025952UZPE01152001T39MT01EBS001H0259F0259CC27202836
3|463|MARIHEM|YIRLETH|CASTRO|MALLAMA|PT|1125411481|2019-10-05|2|2|3|9998|3|1||8|07|||8|40.0|145|||2||||||||||||52UZPE01152001T39MT01EBS001H026152UZPE01152001T39MT01EBS001H0261F0261|52UZPE01152001T39MT01EBS001H026152UZPE01152001T39MT01EBS001H0261F0261PT1125411481
3|464|YERSON|FABIAN|MORENO|BURBANO|TI|1125411747|2013-02-27|1|2|3|9998|3|1||1|07|||8|38.0|139|||2||||||||||||52UZPE01152001T39MT01EBS001H026152UZPE01152001T39MT01EBS001H0261F0261|52UZPE01152001T39MT01EBS001H026152UZPE01152001T39MT01EBS001H0261F0261TI1125411747
3|465|NATALIA|ASBEIDE|MALLAMA|CUELTAN|CC|1525411488|1994-06-07|2|2|5|5169|3|1||7|07|||8|52.0|165|||2||||||||||||52UZPE01152001T39MT01EBS001H026152UZPE01152001T39MT01EBS001H0261F0261|52UZPE01152001T39MT01EBS001H026152UZPE01152001T39MT01EBS001H0261F0261CC1525411488
3|466|VICTORIANO|NOTIENE|ARGOTY|CORDOBA|CC|5353767|1956-08-25|1|2|2|9998|2|1||3|07|||8|65.0|166|||2||||||||||||52UZPE01152001T39MT01EBS001H026252UZPE01152001T39MT01EBS001H0262F0262|52UZPE01152001T39MT01EBS001H026252UZPE01152001T39MT01EBS001H0262F0262CC5353767
3|467|LICIA|ESPERANZA|NOGUERA|NOTIENE|CC|27486291|1953-01-29|2|2|2|9998|2|1||3|07|||8|62.0|155|||2||||||||||||52UZPE01152001T39MT01EBS001H026252UZPE01152001T39MT01EBS001H0262F0262|52UZPE01152001T39MT01EBS001H026252UZPE01152001T39MT01EBS001H0262F0262CC27486291
3|468|DIANA|MARCELA|CUERAN|LOPEZ|CC|1080044228|1999-07-13|2|2|3|9998|7|1||7|07|||8|61.0|154|||2||||||||||||52UZPE01152001T39MT01EBS001H026352UZPE01152001T39MT01EBS001H0263F0263|52UZPE01152001T39MT01EBS001H026352UZPE01152001T39MT01EBS001H0263F0263CC1080044228
3|469|IRMA|ESPERANZA|LOPEZ|NOTIENE|CC|59813985|1978-02-12|2|2|5|9510|2|1||7|07|||8|60.0|150|||2||||||||||||52UZPE01152001T39MT01EBS001H026352UZPE01152001T39MT01EBS001H0263F0263|52UZPE01152001T39MT01EBS001H026352UZPE01152001T39MT01EBS001H0263F0263CC59813985
3|470|JESUS|HUMBERTO|LOPEZ|NOTIENE|CC|1085286330|1987-02-06|1|2|4|9510|2|1||7|07|||8|70.0|174|||2||||||||||||52UZPE01152001T39MT01EBS001H026352UZPE01152001T39MT01EBS001H0263F0263|52UZPE01152001T39MT01EBS001H026352UZPE01152001T39MT01EBS001H0263F0263CC1085286330
3|471|JUAN|CAMILO|RICAURTE|NA|CC|1085320689|1995-03-24|1|2|3|9510|3|1||7|07|||8|68.0|170|||2||||||||||||52UZPE01152001T39MT01EBS001H026652UZPE01152001T39MT01EBS001H0266F0266|52UZPE01152001T39MT01EBS001H026652UZPE01152001T39MT01EBS001H0266F0266CC1085320689
3|472|ANYELA|XIMENA|BURBANO|GOMEZ|CC|37083203|1983-03-30|2|2|1|9510|2|1||4|07|||2|74.0|153|||2||||||||||||52UZPE01152001T39MT01EBS001H026752UZPE01152001T39MT01EBS001H0267F0267|52UZPE01152001T39MT01EBS001H026752UZPE01152001T39MT01EBS001H0267F0267CC37083203
3|473|ANYELA|LUCERO|MELO|BURBANO|TI|1030002308|2017-03-15|2|2|3|9998|3|1||8|07|||8|35.0|135|||2||||||||||||52UZPE01152001T39MT01EBS001H026752UZPE01152001T39MT01EBS001H0267F0267|52UZPE01152001T39MT01EBS001H026752UZPE01152001T39MT01EBS001H0267F0267TI1030002308
3|474|NORVEY|HERALDO|GUESAQUILLO|ARCOS|CC|1085315867|1993-01-07|1|2|3|5169|3|2||7|07|||8|92.0|175|||2||||||||||||52UZPE01152001T39MT01EBS001H026852UZPE01152001T39MT01EBS001H0268F0268|52UZPE01152001T39MT01EBS001H026852UZPE01152001T39MT01EBS001H0268F0268CC1085315867
3|475|HERARDO|ELADIO|GUESAQUILLO|QUEPES|CC|59813718|1962-03-22|1|2|5|9998|2|2||7|07|||8|65.0|170|||2||||||||||||52UZPE01152001T39MT01EBS001H026852UZPE01152001T39MT01EBS001H0268F0268|52UZPE01152001T39MT01EBS001H026852UZPE01152001T39MT01EBS001H0268F0268CC59813718
3|476|MARIA|FERNANDA|TROYA|CORAL|CC|1085302015|1994-09-11|2|2|6|5169|6|2||7|07|||8|55.0|152|||2||||||||||||52UZPE01152001T39MT01EBS001H026852UZPE01152001T39MT01EBS001H0268F0268|52UZPE01152001T39MT01EBS001H026852UZPE01152001T39MT01EBS001H0268F0268CC1085302015
3|477|HENRY|ALBARO|PORTILLO|NOTIENE|CC|1085247388|1974-02-10|1|2|5|5169|2|1||7|07|||8|70.0|173|||2||||||||||||52UZPE01152001T39MT01EBS001H027152UZPE01152001T39MT01EBS001H0271F0271|52UZPE01152001T39MT01EBS001H027152UZPE01152001T39MT01EBS001H0271F0271CC1085247388
3|478|ANA|MILENA|PORTILLO|RECALDE|CC|1004215207|2002-01-18|2|2|3|5169|3|1||7|07|||8|61.0|160|||2||||||||||||52UZPE01152001T39MT01EBS001H027152UZPE01152001T39MT01EBS001H0271F0271|52UZPE01152001T39MT01EBS001H027152UZPE01152001T39MT01EBS001H0271F0271CC1004215207
3|479|NUVIA|CONSUELO|RECALDE|VILLAREAL|CC|36750758|1977-07-01|2|2|5|9998|2|1||7|07|||8|70.0|160|||2||||||||||||52UZPE01152001T39MT01EBS001H027652UZPE01152001T39MT01EBS001H0276F0276|52UZPE01152001T39MT01EBS001H027652UZPE01152001T39MT01EBS001H0276F0276CC36750758
3|480|NELSON|ANDRES|BENAVIDES|EGAS|CC|1085342212|1998-08-19|1|2|3|9998|13|2||4|07|||1|70.0|165|||2||||||||||||52UZPE01152001T39MT01EBS001H027752UZPE01152001T39MT01EBS001H0277F0277|52UZPE01152001T39MT01EBS001H027752UZPE01152001T39MT01EBS001H0277F0277CC1085342212
3|481|ANA|MILENA|PORTILLO|RECALDE|CC|1004215206|2002-01-18|2|2|3|9998|3|1||7|07|||8|59.0|165|||2||||||||||||52UZPE01152001T39MT01EBS001H027852UZPE01152001T39MT01EBS001H0278F0278|52UZPE01152001T39MT01EBS001H027852UZPE01152001T39MT01EBS001H0278F0278CC1004215206
3|482|NUVIA|CONSUELO|RECALDE|VILLAREAL|CC|36750759|1977-07-01|2|2|5|9998|2|1||7|07|||8|70.0|160|||2||||||||||||52UZPE01152001T39MT01EBS001H027852UZPE01152001T39MT01EBS001H0278F0278|52UZPE01152001T39MT01EBS001H027852UZPE01152001T39MT01EBS001H0278F0278CC36750759
3|483|JUAN|DAVID|MARTINEZ|ORTIZ|CC|1082693709|1997-07-18|1|2|3|9998|3|5||7|07|||8|61.0|159|||2||||||||||||52UZPE01152001T39MT01EBS001H028252UZPE01152001T39MT01EBS001H0282F0282|52UZPE01152001T39MT01EBS001H028252UZPE01152001T39MT01EBS001H0282F0282CC1082693709
3|484|JULIO|CESAR|MORA|NA|CC|98395177|1975-05-20|1|2|3|9998|2|1||7|07|||8|61.0|160|||2||||||||||||52UZPE01152001T39MT01EBS001H028352UZPE01152001T39MT01EBS001H0283F0283|52UZPE01152001T39MT01EBS001H028352UZPE01152001T39MT01EBS001H0283F0283CC98395177
3|485|EDWIN|JAVIER|GUERRERO|ZAMBRANO|CC|1010030859|1997-10-24|1|2|3|9998|3|1||7|07|||8|72.0|172|||2||||||||||||52UZPE01152001T39MT01EBS001H028452UZPE01152001T39MT01EBS001H0284F0284|52UZPE01152001T39MT01EBS001H028452UZPE01152001T39MT01EBS001H0284F0284CC1010030859
3|486|BRAYAN|ANDRES|MEJIA|VELAZCO|CC|1085330135|1996-05-30|1|2|3|9998|3|1||7|07|||8|60.0|164|||2||||||||||||52UZPE01152001T39MT01EBS001H028552UZPE01152001T39MT01EBS001H0285F0285|52UZPE01152001T39MT01EBS001H028552UZPE01152001T39MT01EBS001H0285F0285CC1085330135
3|487|JOSE|JILMER|CETRE|NA|CC|1004573382|1992-12-11|1|2|3|9998|3|1||7|07|||8|94.0|184|||2||||||||||||52UZPE01152001T39MT01EBS001H028652UZPE01152001T39MT01EBS001H0286F0286|52UZPE01152001T39MT01EBS001H028652UZPE01152001T39MT01EBS001H0286F0286CC1004573382
3|488|LUIS|GUIRALDO|ALVAREZ|EGAS|CC|98382254|1970-10-02|1|2|1|5169|2|1||7|07|||8|75.0|168|||2||||||||||||52UZPE01152001T39MT04EBS001H028952UZPE01152001T39MT04EBS001H0289F0289|52UZPE01152001T39MT04EBS001H028952UZPE01152001T39MT04EBS001H0289F0289CC98382254
3|489|ADRIANA|NA|GUERRERO|LARA|CC|41120252|1982-10-10|2|2|2|9998|2|1||7|07|||8|86.0|166|||2||||||||||||52UZPE01152001T39MT04EBS001H028952UZPE01152001T39MT04EBS001H0289F0289|52UZPE01152001T39MT04EBS001H028952UZPE01152001T39MT04EBS001H0289F0289CC41120252
3|490|LUIS|MIGUEL|ALVAREZ|GUERRERO|CC|1006998159|2002-06-01|1|2|3|5169|3|1||7|07|||8|76.0|180|||2||||||||||||52UZPE01152001T39MT04EBS001H028952UZPE01152001T39MT04EBS001H0289F0289|52UZPE01152001T39MT04EBS001H028952UZPE01152001T39MT04EBS001H0289F0289CC1006998159
3|491|MARIA|HERMENCIA|NAUSIL|NA|CC|59818922|1971-08-16|2|2|5|9998|3|1||7|07|||8|65.0|154|||2||||||||||||52UZPE01152001T39MT01EBS001H029052UZPE01152001T39MT01EBS001H0290F0290|52UZPE01152001T39MT01EBS001H029052UZPE01152001T39MT01EBS001H0290F0290CC59818922
3|492|DIANA|YAMILE|MARTINEZ|NAUSIL|CC|1004192554|2003-04-16|2|2|3|9998|2|1||7|07|||8|79.0|158|||2||||||||||||52UZPE01152001T39MT01EBS001H029052UZPE01152001T39MT01EBS001H0290F0290|52UZPE01152001T39MT01EBS001H029052UZPE01152001T39MT01EBS001H0290F0290CC1004192554
3|493|KEVIN|FERNANDO|PORTILLA|CHITAN|CC|1004215316|2001-12-03|1|2|1|5169|3|2||7|07|||8|57.5|168|||2||||||||||||52UZPE01152001T39MT04EBS001H029152UZPE01152001T39MT04EBS001H0291F0291|52UZPE01152001T39MT04EBS001H029152UZPE01152001T39MT04EBS001H0291F0291CC1004215316
3|494|JANNA|MURIEL|ARAUJO|BOLANOS|TI|1080068255|2018-03-14|2|2|3|9998|3|1||8|07|||8|34.0|119|||2||||||||||||52UZPE01152001T39MT03EBS001H029252UZPE01152001T39MT03EBS001H0292F0292|52UZPE01152001T39MT03EBS001H029252UZPE01152001T39MT03EBS001H0292F0292TI1080068255
3|495|BLANCA|YULY|BOLANOS|URBANO|CC|1088970125|1986-01-13|2|2|1|9998|5|1||7|07|||8|74.0|160|||2||||||||||||52UZPE01152001T39MT03EBS001H029252UZPE01152001T39MT03EBS001H0292F0292|52UZPE01152001T39MT03EBS001H029252UZPE01152001T39MT03EBS001H0292F0292CC1088970125
3|496|ELIAN|DANIEL|RINCON|GARCIA|RC|1080705751|2018-10-27|1|2|3|9998|3|1||8|07|||8|22.0|122|||2||||||||||||52UZPE01152001T39MT04EBS001H029452UZPE01152001T39MT04EBS001H0294F0294|52UZPE01152001T39MT04EBS001H029452UZPE01152001T39MT04EBS001H0294F0294RC1080705751
3|497|BRIANNA|CHARIK|RINCON|GARCIA|TI|1080701483|2015-07-09|2|2|3|9998|3|2||8|07|||8|46.0|149|||2||||||||||||52UZPE01152001T39MT04EBS001H029452UZPE01152001T39MT04EBS001H0294F0294|52UZPE01152001T39MT04EBS001H029452UZPE01152001T39MT04EBS001H0294F0294TI1080701483
3|498|YUDY|TATIANA|GARCIA|GARCIA|CC|1082692031|1994-07-20|2|2|2|9998|3|1||7|07|||8|71.0|160|||2||||||||||||52UZPE01152001T39MT04EBS001H029452UZPE01152001T39MT04EBS001H0294F0294|52UZPE01152001T39MT04EBS001H029452UZPE01152001T39MT04EBS001H0294F0294CC1082692031
3|499|TOMASA|NA|GARCIA|DELGADO|CC|27131038|1937-11-25|2|2|5|9998|1|1||3|07|||8|40.0|145|||2||||||||||||52UZPE01152001T39MT04EBS001H029452UZPE01152001T39MT04EBS001H0294F0294|52UZPE01152001T39MT04EBS001H029452UZPE01152001T39MT04EBS001H0294F0294CC27131038
3|500|SARITA|GABRIELA|MEJIA|NUPAN|RC|1081288490|2021-11-20|2|2|3|9998|3|1||8|07|||8|||||2||||||||||||52UZPE01152001T39MT01EBS001H029552UZPE01152001T39MT01EBS001H0295F0295|52UZPE01152001T39MT01EBS001H029552UZPE01152001T39MT01EBS001H0295F0295RC1081288490
3|501|JENNY|ESTEFANIA|NUPAN|ERASO|CC|1080043727|2005-04-11|2|2|5|9998|3|1||7|07|||8|60.0|145|||2||||||||||||52UZPE01152001T39MT01EBS001H029552UZPE01152001T39MT01EBS001H0295F0295|52UZPE01152001T39MT01EBS001H029552UZPE01152001T39MT01EBS001H0295F0295CC1080043727
3|502|FABIOLA|NA|ACOSTA|ROSERO|CC|36895353|1967-02-12|2|2|1|9998|2|2||7|07|||8|76.0|150|||2||||||||||||52UZPE01152001T39MT02EBS001H029752UZPE01152001T39MT02EBS001H0297F0297|52UZPE01152001T39MT02EBS001H029752UZPE01152001T39MT02EBS001H0297F0297CC36895353
3|503|CARLOS|ANDRES|MUNOZ|ACOSTA|CC|1004743137|2002-05-14|1|2|3|9510|3|1||7|01|||8|55.0|168|||2||||||||||||52UZPE01152001T39MT02EBS001H029752UZPE01152001T39MT02EBS001H0297F0297|52UZPE01152001T39MT02EBS001H029752UZPE01152001T39MT02EBS001H0297F0297CC1004743137
3|504|INGRID|YULIANA|MUNOZ|ACOSTA|CC|1085327619|1996-03-23|2|2|3|5169|7|2||7|07|||8|65.0|156|||2||||||||||||52UZPE01152001T39MT02EBS001H029752UZPE01152001T39MT02EBS001H0297F0297|52UZPE01152001T39MT02EBS001H029752UZPE01152001T39MT02EBS001H0297F0297CC1085327619
3|505|DAVIANA|MARCELA|ERAZO|ESPADA|CC|1080049548|2007-06-22|2|2|3|9998|2|1||7|07|||8|61.0|158|||2||||||||||||52UZPE01152001T39MT04EBS001H030152UZPE01152001T39MT04EBS001H0301F0301|52UZPE01152001T39MT04EBS001H030152UZPE01152001T39MT04EBS001H0301F0301CC1080049548
3|506|MARITZA|JEIMY|ERAZO|ESPADA|CC|1080042030|2004-09-17|2|2|3|9998|7|1||7|07|||8|61.0|153|||2||||||||||||52UZPE01152001T39MT04EBS001H030152UZPE01152001T39MT04EBS001H0301F0301|52UZPE01152001T39MT04EBS001H030152UZPE01152001T39MT04EBS001H0301F0301CC1080042030
3|507|NAHIARA|VALENTINA|RODRI|MORALES|TI|1085346424|2017-08-06|2|2|3|9998|3|1||8|07|||8|16.0|140|||2||||||||||||52UZPE01152001T39MT04EBS001H030252UZPE01152001T39MT04EBS001H0302F0302|52UZPE01152001T39MT04EBS001H030252UZPE01152001T39MT04EBS001H0302F0302TI1085346424
3|508|HECTOR|ALFONSO|RODRIGUEZ|CERON|CC|1085277483|1989-10-12|1|2|5|5169|3|2||7|07|||8|17.5|85|||2||||||||||||52UZPE01152001T39MT04EBS001H030252UZPE01152001T39MT04EBS001H0302F0302|52UZPE01152001T39MT04EBS001H030252UZPE01152001T39MT04EBS001H0302F0302CC1085277483
3|509|BRAYAN|ESTIVEN|BURGOS|MORALES|TI|1029602729|2010-02-10|1|2|3|9998|3|1||1|07|||8|50.0|170|||2||||||||||||52UZPE01152001T39MT04EBS001H030252UZPE01152001T39MT04EBS001H0302F0302|52UZPE01152001T39MT04EBS001H030252UZPE01152001T39MT04EBS001H0302F0302TI1029602729
3|510|YENIFER|VIVIANA|CHAMORRO|FIGUEROA|CC|1081277955|2007-09-15|2|2|3|9998|3|1||7|07|||8|64.0|156|||2||||||||||||52UZPE01152001T39MT03EBS001H030452UZPE01152001T39MT03EBS001H0304F0304|52UZPE01152001T39MT03EBS001H030452UZPE01152001T39MT03EBS001H0304F0304CC1081277955
3|511|IAN|JOSE|CHAMORRO|FIGUEROA|RC|1030024440|2022-06-05|1|2|3|9998|3|1||8|07|||8|||||2||||||||||||52UZPE01152001T39MT03EBS001H030452UZPE01152001T39MT03EBS001H0304F0304|52UZPE01152001T39MT03EBS001H030452UZPE01152001T39MT03EBS001H0304F0304RC1030024440
3|512|ERIKA|NALLELY|MELO|ROSERO|CC|1004596277|2002-01-18|2|2|1|9510|3|1||7|07|||8|72.0|155|||2||||||||||||52UZPE01152001T39MT03EBS001H030552UZPE01152001T39MT03EBS001H0305F0305|52UZPE01152001T39MT03EBS001H030552UZPE01152001T39MT03EBS001H0305F0305CC1004596277
3|513|BLANCA|LIGIA|DIAZ|RIASCOS|CC|1085275414|1989-08-03|2|2|3|5169|2|1||7|07|||8|58.0|146|||2||||||||||||52UZPE01152001T39MT04EBS001H030652UZPE01152001T39MT04EBS001H0306F0306|52UZPE01152001T39MT04EBS001H030652UZPE01152001T39MT04EBS001H0306F0306CC1085275414
3|514|YULIED|ANDREA|JURADO|DIAZ|TI|1030001012|2012-05-16|2|2|3|9998|3|1||1|07|||8|50.0|148|||2||||||||||||52UZPE01152001T39MT04EBS001H030652UZPE01152001T39MT04EBS001H0306F0306|52UZPE01152001T39MT04EBS001H030652UZPE01152001T39MT04EBS001H0306F0306TI1030001012
3|515|JESUS|JAVIER|GOYES|CORTES|CC|1134530819|1981-02-12|1|2|2|5169|2|1||7|07|||8|17.0|86|||2||||||||||||52UZPE01152001T39MT04EBS001H030752UZPE01152001T39MT04EBS001H0307F0307|52UZPE01152001T39MT04EBS001H030752UZPE01152001T39MT04EBS001H0307F0307CC1134530819
3|516|MAIKER|ALEJANDRO|RODRIGUEZ|TIMANA|RC|1080709426|2020-12-02|1|2|3|9998|3|1||8|07|||8|||||2||||||||||||52UZPE01152001T39MT04EBS001H030852UZPE01152001T39MT04EBS001H0308F0308|52UZPE01152001T39MT04EBS001H030852UZPE01152001T39MT04EBS001H0308F0308RC1080709426
3|517|SEGUNDO|LUIS|IBARRA|ROSERO|CC|12967261|1955-01-19|1|2|6|9998|2|1||3|07|||8|46.0|156|||2||||||||||||52UZPE01152001T39MT04EBS001H030952UZPE01152001T39MT04EBS001H0309F0309|52UZPE01152001T39MT04EBS001H030952UZPE01152001T39MT04EBS001H0309F0309CC12967261
3|518|MARIA|DELPILAR|IBARRA|PERZ|CC|37086349|1985-04-05|2|2|1|5169|3|2||7|07|||8|48.0|154|||2||||||||||||52UZPE01152001T39MT04EBS001H030952UZPE01152001T39MT04EBS001H0309F0309|52UZPE01152001T39MT04EBS001H030952UZPE01152001T39MT04EBS001H0309F0309CC37086349
3|519|BREIDY|LIZBETH|IBARRA|PEREZ|TI|1080058953|2011-04-25|2|2|1|9998|3|1||1|07|||8|45.0|160|||2||||||||||||52UZPE01152001T39MT04EBS001H030952UZPE01152001T39MT04EBS001H0309F0309|52UZPE01152001T39MT04EBS001H030952UZPE01152001T39MT04EBS001H0309F0309TI1080058953
3|520|JUAN|CAMILO|CARDENAS|VASQUEZ|CC|1086048375|2007-01-18|1|2|3|9998|3|1||7|07|||8|74.0|172|||2||||||||||||52UZPE01152001T39MT03EBS001H031052UZPE01152001T39MT03EBS001H0310F0310|52UZPE01152001T39MT03EBS001H031052UZPE01152001T39MT03EBS001H0310F0310CC1086048375
3|521|JOHANA|MILENA|CARDENAS|VASQUEZ|CC|1085257506|1986-10-27|2|2|1|9510|2|1||7|07|||8|61.0|145|||2||||||||||||52UZPE01152001T39MT03EBS001H031052UZPE01152001T39MT03EBS001H0310F0310|52UZPE01152001T39MT03EBS001H031052UZPE01152001T39MT03EBS001H0310F0310CC1085257506
3|522|ROSARIO|NA|LOPEZ|MORALES|CC|1085331818|1995-08-25|2|2|2|9998|2|1||7|07|||8|66.0|160|||2||||||||||||52UZPE01152001T39MT03EBS001H031252UZPE01152001T39MT03EBS001H0312F0312|52UZPE01152001T39MT03EBS001H031252UZPE01152001T39MT03EBS001H0312F0312CC1085331818
3|523|IAN|GAEL|VELASQUEZ|LOPEZ|RC|1081289502|2025-10-04|1|2|3|9998|3|1||8|07|||8|35.0|55|||2||||||||||||52UZPE01152001T39MT03EBS001H031252UZPE01152001T39MT03EBS001H0312F0312|52UZPE01152001T39MT03EBS001H031252UZPE01152001T39MT03EBS001H0312F0312RC1081289502
3|524|ANABELY|DELROSARIO|ESCOBAR|GUAPUCAL|CC|27160948|1981-05-16|2|2|2|9510|2|1||7|07|||8|62.0|150|||2||||||||||||52UZPE01152001T39MT04EBS001H031352UZPE01152001T39MT04EBS001H0313F0313|52UZPE01152001T39MT04EBS001H031352UZPE01152001T39MT04EBS001H0313F0313CC27160948
3|525|DIEGO|FERNANDO|OVIEDO|VILLACORTE|CC|1085323876|1994-12-01|1|2|3|5169|3|2||7|07|||8|77.0|168|||2||||||||||||52UZPE01152001T39MT02EBS001H031452UZPE01152001T39MT02EBS001H0314F0314|52UZPE01152001T39MT02EBS001H031452UZPE01152001T39MT02EBS001H0314F0314CC1085323876
3|526|CLARA|LUZ|VILLACORTE|CORDOBA|CC|27303036|1972-09-09|2|2|1|5169|2|1||7|07|||8|65.0|152|||2||||||||||||52UZPE01152001T39MT02EBS001H031452UZPE01152001T39MT02EBS001H0314F0314|52UZPE01152001T39MT02EBS001H031452UZPE01152001T39MT02EBS001H0314F0314CC27303036
3|527|YULIETH|ISABELLA|CORDOBA|CUASTUMAL|RC|1080075353|2025-06-11|2|2|3|9998|3|2||8|07|||8|||||2||||||||||||52UZPE01152001T39MT02EBS001H031652UZPE01152001T39MT02EBS001H0316F0316|52UZPE01152001T39MT02EBS001H031652UZPE01152001T39MT02EBS001H0316F0316RC1080075353
3|528|ANYI|PAOLA|CUASTUMAL|ROJAS|CC|1010034004|1997-05-22|2|2|2|5169|3|2||7|07|||8|60.0|160|||2||||||||||||52UZPE01152001T39MT02EBS001H031652UZPE01152001T39MT02EBS001H0316F0316|52UZPE01152001T39MT02EBS001H031652UZPE01152001T39MT02EBS001H0316F0316CC1010034004
3|529|CLARA|ELIZABETH|ORTEGA|BURBANO|CC|1081274704|2004-12-05|2|2|3|9998|3|1||7|07|||8|61.0|157|||2||||||||||||52UZPE01152001T39MT02EBS001H031752UZPE01152001T39MT02EBS001H0317F0317|52UZPE01152001T39MT02EBS001H031752UZPE01152001T39MT02EBS001H0317F0317CC1081274704
3|530|FRANKLIN|ALEXANDER|ORTEGA|BURBANO|RC|1080071996|2021-06-16|1|2|3|9998|3|1||8|07|||8|||||2||||||||||||52UZPE01152001T39MT02EBS001H031752UZPE01152001T39MT02EBS001H0317F0317|52UZPE01152001T39MT02EBS001H031752UZPE01152001T39MT02EBS001H0317F0317RC1080071996
3|531|LUIS|ANDRES|GOMEZ|MORENO|CC|1085252644|1986-04-10|1|2|2|5169|3|2||4|07|||3|75.0|171|||2||||||||||||52UZPE01152001T39MT03EBS001H032252UZPE01152001T39MT03EBS001H0322F0322|52UZPE01152001T39MT03EBS001H032252UZPE01152001T39MT03EBS001H0322F0322CC1085252644
3|532|IAN|ANDRES|GOMEZ|ORTEGA|TI|1080068833|2018-08-21|1|2|3|9998|3|2||8|07|||8|37.0|140|||2||||||||||||52UZPE01152001T39MT03EBS001H032252UZPE01152001T39MT03EBS001H0322F0322|52UZPE01152001T39MT03EBS001H032252UZPE01152001T39MT03EBS001H0322F0322TI1080068833
3|533|WILCARY|DELCARMEN|LOPEZ|NA|CC|24707712|1995-10-25|2|2|2|9998|3|5||7|07|||8|16.0|83|||2||||||||||||52UZPE01152001T39MT03EBS001H032552UZPE01152001T39MT03EBS001H0325F0325|52UZPE01152001T39MT03EBS001H032552UZPE01152001T39MT03EBS001H0325F0325CC24707712
3|534|LOPEZ|NIEVES|EZCEQUIEL|DAVID|TI|7829789|2016-04-04|1|2|3|9998|3|1||8|07|||8|24.0|143|||2||||||||||||52UZPE01152001T39MT03EBS001H032552UZPE01152001T39MT03EBS001H0325F0325|52UZPE01152001T39MT03EBS001H032552UZPE01152001T39MT03EBS001H0325F0325TI7829789
3|535|JIMENA|DAHIARA|NIEVES|LOPEZ|RC|7827569|2022-01-30|2|2|3|9998|3|1||8|07|||8|14.0|108|||2||||||||||||52UZPE01152001T39MT03EBS001H032552UZPE01152001T39MT03EBS001H0325F0325|52UZPE01152001T39MT03EBS001H032552UZPE01152001T39MT03EBS001H0325F0325RC7827569
3|536|TIAGO|FELIPE|BENAVIDES|MARTINEZ|RC|1030024573|2022-11-21|1|2|3|9998|3|1||8|07|||8|||||2||||||||||||52UZPE01152001T39MT04EBS001H032652UZPE01152001T39MT04EBS001H0326F0326|52UZPE01152001T39MT04EBS001H032652UZPE01152001T39MT04EBS001H0326F0326RC1030024573
3|537|MICHAEL|ARMANDO|BENAVIDES|BENAVIDES|CC|1004236722|1999-11-06|1|2|2|5169|5|1||7|07|||8|67.0|165|||2||||||||||||52UZPE01152001T39MT04EBS001H032652UZPE01152001T39MT04EBS001H0326F0326|52UZPE01152001T39MT04EBS001H032652UZPE01152001T39MT04EBS001H0326F0326CC1004236722
3|538|BASTIDAS|ROJAS|ARIANNY|VALENTINA|TI|1080064033|2014-12-09|2|2|3|9998|3|1||8|07|||8|39.0|142|||2||||||||||||52UZPE01152001T39MT04EBS001H032752UZPE01152001T39MT04EBS001H0327F0327|52UZPE01152001T39MT04EBS001H032752UZPE01152001T39MT04EBS001H0327F0327TI1080064033
3|539|ARIANNY|VALENTINA|BASTIDAS|ROJAS|TI|1080064034|2014-12-09|2|2|3|9998|3|1||8|07|||8|39.0|140|||2||||||||||||52UZPE01152001T39MT04EBS001H032852UZPE01152001T39MT04EBS001H0328F0328|52UZPE01152001T39MT04EBS001H032852UZPE01152001T39MT04EBS001H0328F0328TI1080064034
3|540|SONIA|PATRICIA|TOBAR|ROSERO|CC|59821457|1972-08-29|2|2|6|9998|3|1||7|07|||8|60.1|156|||2||||||||||||52UZPE01152001T39MT02EBS001H000252UZPE01152001T39MT02EBS001H0002F0002|52UZPE01152001T39MT02EBS001H000252UZPE01152001T39MT02EBS001H0002F0002CC59821457
3|541|DANIEL|ARTURO|BOTINA|CUARAN|CC|983833834|1973-01-29|1|2|6|9998|3|1||7|07|||8|10.0|5|||2||||||||||||52UZPE01152001T39MT02EBS001H000252UZPE01152001T39MT02EBS001H0002F0002|52UZPE01152001T39MT02EBS001H000252UZPE01152001T39MT02EBS001H0002F0002CC983833834
3|542|JUAN|PABLO|ORDONEZ|MENESES|TI|1080058766|2011-03-08|1|2|3|9998|3|1||1|07|||8|55.0|169|||2||||||||||||52UZPE01152001T39MT03EBS001H032952UZPE01152001T39MT03EBS001H0329F0329|52UZPE01152001T39MT03EBS001H032952UZPE01152001T39MT03EBS001H0329F0329TI1080058766
3|543|ANDRES|SANTIAGO|ORDONEZ|MENESES|TI|1080065167|2015-10-28|1|2|3|9998|3|1||8|07|||8|45.0|155|||2||||||||||||52UZPE01152001T39MT03EBS001H032952UZPE01152001T39MT03EBS001H0329F0329|52UZPE01152001T39MT03EBS001H032952UZPE01152001T39MT03EBS001H0329F0329TI1080065167
3|544|ADALIS|NA|CABRERA|YELA|CC|59806000|1981-11-28|2|2|2|9998|2|1||7|07|||8|74.0|160|||2||||||||||||52UZPE01152001T39MT03EBS001H033052UZPE01152001T39MT03EBS001H0330F0330|52UZPE01152001T39MT03EBS001H033052UZPE01152001T39MT03EBS001H0330F0330CC59806000
3|545|JOHAN|FELIPE|QUINTERO|CABRERA|CC|1004635916|2000-05-05|1|2|3|5169|3|2||7|07|||8|70.0|175|||2||||||||||||52UZPE01152001T39MT03EBS001H033052UZPE01152001T39MT03EBS001H0330F0330|52UZPE01152001T39MT03EBS001H033052UZPE01152001T39MT03EBS001H0330F0330CC1004635916
3|546|EDWIN|SANTIAGO|PEREZ|CABRERA|TI|1081279267|2009-03-31|1|2|3|9998|3|1||1|07|||8|57.0|176|||2||||||||||||52UZPE01152001T39MT03EBS001H033052UZPE01152001T39MT03EBS001H0330F0330|52UZPE01152001T39MT03EBS001H033052UZPE01152001T39MT03EBS001H0330F0330TI1081279267
3|547|EILYN|VALENTINA|DELACRUZ|CARLOSAMA|TI|1080705594|2018-09-17|2|2|3|9998|3|1||8|07|||8|17.0|110|||2||||||||||||52UZPE01152001T39MT03EBS001H033152UZPE01152001T39MT03EBS001H0331F0331|52UZPE01152001T39MT03EBS001H033152UZPE01152001T39MT03EBS001H0331F0331TI1080705594
3|548|STELLA|NA|GIROTZA|GOMEZ|CC|36752206|1978-08-10|2|2|2|5169|2|1||7|07|||8|65.0|155|||2||||||||||||52UZPE01152001T39MT03EBS001H033152UZPE01152001T39MT03EBS001H0331F0331|52UZPE01152001T39MT03EBS001H033152UZPE01152001T39MT03EBS001H0331F0331CC36752206
3|549|KAREN|YULIETH|CARLOSAMA|GIROTZA|CC|1010096670|2000-04-22|2|2|3|5169|3|1||7|07|||8|57.0|148|||2||||||||||||52UZPE01152001T39MT03EBS001H033152UZPE01152001T39MT03EBS001H0331F0331|52UZPE01152001T39MT03EBS001H033152UZPE01152001T39MT03EBS001H0331F0331CC1010096670
3|550|MIRIAM|NONE|ESTUPINAN|VALENCIA|CC|59455131|1962-08-02|2|2|5|9998|1|1||3|07|||8|50.0|166|||2||||||||||||52UZPE01152001T39MT02EBS001H033252UZPE01152001T39MT02EBS001H0332F0332|52UZPE01152001T39MT02EBS001H033252UZPE01152001T39MT02EBS001H0332F0332CC59455131
3|551|ARGENIS|NONE|TELLO|ESTUPINAN|CC|1192909887|1998-06-23|2|2|3|9998|3|1||7|07|||8|51.0|161|||2||||||||||||52UZPE01152001T39MT02EBS001H033252UZPE01152001T39MT02EBS001H0332F0332|52UZPE01152001T39MT02EBS001H033252UZPE01152001T39MT02EBS001H0332F0332CC1192909887
3|552|JOSELYN|AILEN|ROSERO|ERAZO|RC|1080707710|2020-05-25|2|2|3|9998|3|1||8|07|||8|17.6|108|||2||||||||||||52UZPE01152001T39MT02EBS001H033352UZPE01152001T39MT02EBS001H0333F0333|52UZPE01152001T39MT02EBS001H033352UZPE01152001T39MT02EBS001H0333F0333RC1080707710
3|553|BLANCA|CECILIA|JOJOA|JOJOA|CC|27086424|1941-11-30|2|2|5|9998|2|1||3|07|||8|52.0|150|||2||||||||||||52UZPE01152001T39MT04EBS001H033452UZPE01152001T39MT04EBS001H0334F0334|52UZPE01152001T39MT04EBS001H033452UZPE01152001T39MT04EBS001H0334F0334CC27086424
3|554|MAURO|ALEXANDER|DELGADO|GONZALES|CC|10860182375|1992-06-13|1|2|3|5169|3|1||7|07|||8|80.0|170|||2||||||||||||52UZPE01152001T39MT04EBS001H033552UZPE01152001T39MT04EBS001H0335F0335|52UZPE01152001T39MT04EBS001H033552UZPE01152001T39MT04EBS001H0335F0335CC10860182375
3|555|GUILLERMO|ANDRES|DELGADO|GONZALES|CC|11310858912|1999-07-20|1|2|3|5169|2|1||7|07|||8|12.0|197|||2||||||||||||52UZPE01152001T39MT04EBS001H033552UZPE01152001T39MT04EBS001H0335F0335|52UZPE01152001T39MT04EBS001H033552UZPE01152001T39MT04EBS001H0335F0335CC11310858912
3|556|JOSE|HUMBERTO|ERASO|NONE|CC|12989336|1965-07-15|1|2|2|9622|1|1||3|07|||8|59.0|157|||2||||||||||||52UZPE01152001T39MT04EBS001H033752UZPE01152001T39MT04EBS001H0337F0337|52UZPE01152001T39MT04EBS001H033752UZPE01152001T39MT04EBS001H0337F0337CC12989336
3|557|MARTHA|DELSOCORRO|PINTO|DIAZ|CC|30745295|1969-06-20|2|2|1|9998|2|1||7|07|||8|54.0|156|||2||||||||||||52UZPE01152001T39MT02EBS001H033852UZPE01152001T39MT02EBS001H0338F0338|52UZPE01152001T39MT02EBS001H033852UZPE01152001T39MT02EBS001H0338F0338CC30745295
3|558|JHON|ANDERSON|MARTINEZ|BENAVIDES|CC|14637242|1984-07-23|1|2|2|5169|8|2||7|07|||8|82.0|170|||2||||||||||||52UZPE01152001T39MT02EBS001H033952UZPE01152001T39MT02EBS001H0339F0339|52UZPE01152001T39MT02EBS001H033952UZPE01152001T39MT02EBS001H0339F0339CC14637242
3|559|JHON|SNEIDER|MARTINEZ|MONTOYA|CC|1109187265|2006-07-06|1|2|3|9998|3|2||7|07|||8|75.0|180|||2||||||||||||52UZPE01152001T39MT02EBS001H033952UZPE01152001T39MT02EBS001H0339F0339|52UZPE01152001T39MT02EBS001H033952UZPE01152001T39MT02EBS001H0339F0339CC1109187265
3|560|PASTORA|YAMILE|SANCHEZ|GRANJA|CC|27082066|1977-12-11|2|2|1|9998|2|1||7|07|||8|81.0|159|||2||||||||||||52UZPE01152001T39MT02EBS001H034052UZPE01152001T39MT02EBS001H0340F0340|52UZPE01152001T39MT02EBS001H034052UZPE01152001T39MT02EBS001H0340F0340CC27082066
3|561|CARMEN|ROSA|LAZO|NA|CC|52090602|1962-10-25|2|2|2|9998|2|1||3|07|||3|61.0|160|||2||||||||||||52UZPE01152001T39MT02EBS001H034152UZPE01152001T39MT02EBS001H0341F0341|52UZPE01152001T39MT02EBS001H034152UZPE01152001T39MT02EBS001H0341F0341CC52090602
3|562|DARIO|FERNANDO|BENAVIDES|DAVID|CC|1085288282|1991-02-02|1|2|1|9510|2|1||7|07|||8|79.0|170|||2||||||||||||52UZPE01152001T39MT02EBS001H034252UZPE01152001T39MT02EBS001H0342F0342|52UZPE01152001T39MT02EBS001H034252UZPE01152001T39MT02EBS001H0342F0342CC1085288282
3|563|DIANA|MARCELA|ORTEGA|ERAZO|CC|27093344|1976-08-01|2|2|1|9998|2|1||7|07|||8|71.0|150|||2||||||||||||52UZPE01152001T39MT02EBS001H034352UZPE01152001T39MT02EBS001H0343F0343|52UZPE01152001T39MT02EBS001H034352UZPE01152001T39MT02EBS001H0343F0343CC27093344
3|564|JHONY|ANDEMAS|HERNANDEZ|RODRIGUEZ|CC|87100844|1978-07-13|1|2|2|5169|5|1||4|07|||2|68.0|163|||2||||||||||||52UZPE01152001T39MT03EBS001H034452UZPE01152001T39MT03EBS001H0344F0344|52UZPE01152001T39MT03EBS001H034452UZPE01152001T39MT03EBS001H0344F0344CC87100844
3|565|JHONY|ANDRES|HERNANDEZ|SANTACRUZ|CC|1080050345|2007-09-23|1|2|3|9998|5|1||7|07|||8|52.0|166|||2||||||||||||52UZPE01152001T39MT03EBS001H034452UZPE01152001T39MT03EBS001H0344F0344|52UZPE01152001T39MT03EBS001H034452UZPE01152001T39MT03EBS001H0344F0344CC1080050345
3|566|LAURIANO|NA|SANTACRUZ|CHASOY|CC|5245761|1948-05-01|1|2|5|5169|2|1||3|07|||3|70.0|162|||2||||||||||||52UZPE01152001T39MT03EBS001H034452UZPE01152001T39MT03EBS001H0344F0344|52UZPE01152001T39MT03EBS001H034452UZPE01152001T39MT03EBS001H0344F0344CC5245761
3|567|ISAURA|MARGARITA|JANAMEJOY|SABTACRUZ|CC|27191972|1953-09-27|2|2|5|9998|2|1||3|07|||3|70.0|149|||2||||||||||||52UZPE01152001T39MT03EBS001H034452UZPE01152001T39MT03EBS001H0344F0344|52UZPE01152001T39MT03EBS001H034452UZPE01152001T39MT03EBS001H0344F0344CC27191972
3|568|ANGIE|NATALY|HERNANDEZ|SANTACRUZ|CC|1080042114|2004-09-18|2|2|3|9998|5|1||7|07|||8|55.0|154|||2||||||||||||52UZPE01152001T39MT03EBS001H034452UZPE01152001T39MT03EBS001H0344F0344|52UZPE01152001T39MT03EBS001H034452UZPE01152001T39MT03EBS001H0344F0344CC1080042114
3|569|JESUS|ARNULFO|CORDOBA|CORDOBA|CC|1085331793|1996-10-16|1|2|2|5169|8|1||7|07|||8|70.0|175|||2||||||||||||52UZPE01152001T39MT03EBS001H034552UZPE01152001T39MT03EBS001H0345F0345|52UZPE01152001T39MT03EBS001H034552UZPE01152001T39MT03EBS001H0345F0345CC1085331793
3|570|JUAN|ARNULFO|CORDOBA|LOPEZ|CC|12972620|1967-04-30|1|2|6|5169|2|1||4|07|||3|62.0|160|||2||||||||||||52UZPE01152001T39MT03EBS001H034552UZPE01152001T39MT03EBS001H0345F0345|52UZPE01152001T39MT03EBS001H034552UZPE01152001T39MT03EBS001H0345F0345CC12972620
3|571|ISABELLA|ALEJANDRA|CORDOBA|CHAVES|RC|1080073006|2022-08-03|2|2|3|9998|3|1||8|07|||8|||||2||||||||||||52UZPE01152001T39MT03EBS001H034552UZPE01152001T39MT03EBS001H0345F0345|52UZPE01152001T39MT03EBS001H034552UZPE01152001T39MT03EBS001H0345F0345RC1080073006
3|572|JESUS|DAVID|CORDOBA|CHAVEZ|TI|1080062404|2013-08-27|1|2|3|9998|3|1||1|07|||8|39.0|130|||2||||||||||||52UZPE01152001T39MT03EBS001H034552UZPE01152001T39MT03EBS001H0345F0345|52UZPE01152001T39MT03EBS001H034552UZPE01152001T39MT03EBS001H0345F0345TI1080062404
3|573|OSCAR|HERNANDO|YELA|MAVISOY|CC|1085291746|1991-08-15|1|2|3|5169|5|2||7|07|||8|77.0|170|||2||||||||||||52UZPE01152001T39MT04EBS001H031952UZPE01152001T39MT04EBS001H0319F0319|52UZPE01152001T39MT04EBS001H031952UZPE01152001T39MT04EBS001H0319F0319CC1085291746
3|574|CLARA|LIGIA|MAVISOY|NONE|CC|27088725|1969-04-01|2|2|5|9998|1|1||7|07|||8|70.0|148|||2||||||||||||52UZPE01152001T39MT04EBS001H031952UZPE01152001T39MT04EBS001H0319F0319|52UZPE01152001T39MT04EBS001H031952UZPE01152001T39MT04EBS001H0319F0319CC27088725
3|575|YONNY|GIRALDO|CIFUENTES|AREVALO|CC|98398360|1976-05-24|1|2|2|5169|5|1||7|07|||8|55.0|165|||2||||||||||||52UZPE01152001T39MT04EBS001H034652UZPE01152001T39MT04EBS001H0346F0346|52UZPE01152001T39MT04EBS001H034652UZPE01152001T39MT04EBS001H0346F0346CC98398360
3|576|JHOAN|SEBASTIAN|CIFUENTES|CASTILLO|TI|180698127|2012-10-08|1|2|3|9998|3|1||1|07|||3|33.0|140|||2||||||||||||52UZPE01152001T39MT04EBS001H034652UZPE01152001T39MT04EBS001H0346F0346|52UZPE01152001T39MT04EBS001H034652UZPE01152001T39MT04EBS001H0346F0346TI180698127
3|577|SANTIAGO|ANDRES|CIFUENTES|CASTILLO|TI|1080700504|2014-09-24|1|2|3|9998|3|1||8|07|||8|28.0|140|||2||||||||||||52UZPE01152001T39MT04EBS001H034652UZPE01152001T39MT04EBS001H0346F0346|52UZPE01152001T39MT04EBS001H034652UZPE01152001T39MT04EBS001H0346F0346TI1080700504
3|578|MARIA|DEJESUS|CASTILLO|NONE|CC|30727210|1961-08-09|2|2|5|9998|2|1||3|07|||2|60.0|150|||2||||||||||||52UZPE01152001T39MT04EBS001H034752UZPE01152001T39MT04EBS001H0347F0347|52UZPE01152001T39MT04EBS001H034752UZPE01152001T39MT04EBS001H0347F0347CC30727210
3|579|AURA|SOCORRO|CUASPUD|NONE|CC|30714700|1951-12-23|2|2|5|9998|2|2||3|07|||1|10.7|140|||2||||||||||||52UZPE01152001T39MT04EBS001H034852UZPE01152001T39MT04EBS001H0348F0348|52UZPE01152001T39MT04EBS001H034852UZPE01152001T39MT04EBS001H0348F0348CC30714700
3|580|MARIO|FERNANDO|TORRES|MESIAS|CC|1081277253|2007-08-12|1|2|3|9998|5|1||7|07|||8|60.0|167|||2||||||||||||52UZPE01152001T39MT04EBS001H034952UZPE01152001T39MT04EBS001H0349F0349|52UZPE01152001T39MT04EBS001H034952UZPE01152001T39MT04EBS001H0349F0349CC1081277253
3|581|SOL|ANGIE|MUNOZ|RAMOS|TI|1062311485|2012-01-15|2|2|3|9998|3|1||1|07|||8|46.0|153|||2||||||||||||52UZPE01152001T39MT04EBS001H035052UZPE01152001T39MT04EBS001H0350F0350|52UZPE01152001T39MT04EBS001H035052UZPE01152001T39MT04EBS001H0350F0350TI1062311485
3|582|BRITANY|SAMANTHA|MUDOZ|RAMOS|RC|1081287690|2019-06-11|2|2|3|9998|3|1||8|07|||8|20.0|135|||2||||||||||||52UZPE01152001T39MT04EBS001H035052UZPE01152001T39MT04EBS001H0350F0350|52UZPE01152001T39MT04EBS001H035052UZPE01152001T39MT04EBS001H0350F0350RC1081287690
3|583|MARIA|XIMENA|DELACRUZ|PIANDA|CC|1004235724|2002-03-24|2|2|3|9998|3|1||7|07|||8|78.0|171|||2||||||||||||52UZPE01152001T39MT04EBS001H035152UZPE01152001T39MT04EBS001H0351F0351|52UZPE01152001T39MT04EBS001H035152UZPE01152001T39MT04EBS001H0351F0351CC1004235724
3|584|ZILENY|NIYILETH|LAGOS|MELO|TI|1126447775|2006-04-21|2|2|3|9998|2|1||4|07|||3|67.0|162|||2||||||||||||52UZPE01152001T39MT04EBS001H035252UZPE01152001T39MT04EBS001H0352F0352|52UZPE01152001T39MT04EBS001H035252UZPE01152001T39MT04EBS001H0352F0352TI1126447775
3|585|REIMUNDO|JOSE|IGNACIO|GUERRERO|CC|5309633|1958-03-15|1|2|2|5169|2|1||3|07|||2|60.0|165|||2||||||||||||52UZPE01152001T39MT04EBS001H035452UZPE01152001T39MT04EBS001H0354F0354|52UZPE01152001T39MT04EBS001H035452UZPE01152001T39MT04EBS001H0354F0354CC5309633
3|586|JHOAN|CAMILO|BURGOS|SOLARTE|CC|1122337522|2006-04-06|1|2|3|5169|5|1||7|07|||8|68.0|175|||2||||||||||||52UZPE01152001T39MT03EBS001H035552UZPE01152001T39MT03EBS001H0355F0355|52UZPE01152001T39MT03EBS001H035552UZPE01152001T39MT03EBS001H0355F0355CC1122337522
3|587|JUSTO|PASTOR|CHAVEZ|NA|CC|18154276|1973-04-29|1|2|2|9998|2|1||7|07|||8|70.0|170|||2||||||||||||52UZPE01152001T39MT03EBS001H035552UZPE01152001T39MT03EBS001H0355F0355|52UZPE01152001T39MT03EBS001H035552UZPE01152001T39MT03EBS001H0355F0355CC18154276
3|588|ANDRES|ELIECER|RUALES|CORTES|CC|1193037587|1995-10-19|1|2|2|5169|3|1||7|07|||8|69.0|160|||2||||||||||||52UZPE01152001T39MT03EBS001H035652UZPE01152001T39MT03EBS001H0356F0356|52UZPE01152001T39MT03EBS001H035652UZPE01152001T39MT03EBS001H0356F0356CC1193037587
3|589|ANDRES|GABRIEL|RUALES|ORTEGA|RC|11401214483|2021-09-08|1|2|3|9998|3|1||8|07|||8|||||2||||||||||||52UZPE01152001T39MT03EBS001H035652UZPE01152001T39MT03EBS001H0356F0356|52UZPE01152001T39MT03EBS001H035652UZPE01152001T39MT03EBS001H0356F0356RC11401214483
3|590|LUZ|LUZANGELICA|YASCUAL|NA|CC|307358004|1967-02-08|2|2|2|9998|2|1||7|07|||8|64.0|150|||2||||||||||||52UZPE01152001T39MT03EBS001H035852UZPE01152001T39MT03EBS001H0358F0358|52UZPE01152001T39MT03EBS001H035852UZPE01152001T39MT03EBS001H0358F0358CC307358004
3|591|DAINER|ANDRES|MORA|VITERY|CC|1123200436|2003-10-23|1|2|3|9998|5|1||7|07|||8|75.0|170|||2||||||||||||52UZPE01152001T39MT02EBS001H035952UZPE01152001T39MT02EBS001H0359F0359|52UZPE01152001T39MT02EBS001H035952UZPE01152001T39MT02EBS001H0359F0359CC1123200436
3|592|ELIZABETH|NA|MORA|VITERY|TI|1081063021|2016-01-04|2|2|3|9998|3|1||8|07|||8|36.0|140|||2||||||||||||52UZPE01152001T39MT02EBS001H035952UZPE01152001T39MT02EBS001H0359F0359|52UZPE01152001T39MT02EBS001H035952UZPE01152001T39MT02EBS001H0359F0359TI1081063021
3|593|JHON|SEBASTIAN|SALAZAR|VITERY|CC|1085345241|1999-05-02|1|2|3|9998|5|1||7|07|||8|68.0|174|||2||||||||||||52UZPE01152001T39MT02EBS001H035952UZPE01152001T39MT02EBS001H0359F0359|52UZPE01152001T39MT02EBS001H035952UZPE01152001T39MT02EBS001H0359F0359CC1085345241
3|594|LINA|LIZETH|CASTRILLON|BURGOS|TI|1085300091|2010-09-06|2|2|3|9998|3|1||1|07|||8|15.7|72|||2||||||||||||52UZPE01152001T39MT03EBS001H036052UZPE01152001T39MT03EBS001H0360F0360|52UZPE01152001T39MT03EBS001H036052UZPE01152001T39MT03EBS001H0360F0360TI1085300091
3|595|ANA|PATRICIA|ORTEGA|MAFLA|CC|36953020|1980-11-15|2|2|5|5169|7|1||7|07|||8|10.1|164|||2||||||||||||52UZPE01152001T39MT01EBS001H036152UZPE01152001T39MT01EBS001H0361F0361|52UZPE01152001T39MT01EBS001H036152UZPE01152001T39MT01EBS001H0361F0361CC36953020
3|596|LUIS|ANGEL|RUBIO|ORTEGA|CC|1081272912|2004-03-03|1|2|3|9510|7|1||7|07|||8|68.0|175|||2||||||||||||52UZPE01152001T39MT01EBS001H036152UZPE01152001T39MT01EBS001H0361F0361|52UZPE01152001T39MT01EBS001H036152UZPE01152001T39MT01EBS001H0361F0361CC1081272912
3|597|MARIA|MERCEDES|TIMANA|FLOREZ|CC|37081219|1981-04-09|2|2|6|9998|3|1||7|07|||8|63.9|150|||2||||||||||||52UZPE01152001T39MT02EBS001H000552UZPE01152001T39MT02EBS001H0005F0005|52UZPE01152001T39MT02EBS001H000552UZPE01152001T39MT02EBS001H0005F0005CC37081219
3|598|LEONARDO|FABIO|BOTINA|HORMAZA|CC|12751769|1979-01-01|1|2|6|9998|3|1||7|07|||8|65.0|160|||2||||||||||||52UZPE01152001T39MT02EBS001H000552UZPE01152001T39MT02EBS001H0005F0005|52UZPE01152001T39MT02EBS001H000552UZPE01152001T39MT02EBS001H0005F0005CC12751769
3|599|DAIRI|NATHALIA|BOTINA|TIMANA|CC|1010079611|1999-08-09|2|2|6|9998|3|1||7|07|||8|10.0|5|||2||||||||||||52UZPE01152001T39MT02EBS001H000652UZPE01152001T39MT02EBS001H0006F0006|52UZPE01152001T39MT02EBS001H000652UZPE01152001T39MT02EBS001H0006F0006CC1010079611
3|600|JHONIER|DUBAN|BOTINA|TIMANA|CC|1193033691|2002-07-30|1|2|6|5169|3|1||7|07|||8|10.0|5|||2||||||||||||52UZPE01152001T39MT02EBS001H000752UZPE01152001T39MT02EBS001H0007F0007|52UZPE01152001T39MT02EBS001H000752UZPE01152001T39MT02EBS001H0007F0007CC1193033691
3|601|LEGNY|ALEJANDRA|BRAVO|BOTINA|TI|1080057620|2010-08-17|2|2|6|9998|3|1||8|07|||8|10.0|5|||2||||||||||||52UZPE01152001T39MT02EBS001H000852UZPE01152001T39MT02EBS001H0008F0008|52UZPE01152001T39MT02EBS001H000852UZPE01152001T39MT02EBS001H0008F0008TI1080057620
3|602|EMILY|SAMARA|GAMBOA|BOTINA|RC|1080069555|2019-05-03|2|2|6|9998|3|1||8|07|||8|||||2||||||||||||52UZPE01152001T39MT02EBS001H000852UZPE01152001T39MT02EBS001H0008F0008|52UZPE01152001T39MT02EBS001H000852UZPE01152001T39MT02EBS001H0008F0008RC1080069555
3|603|ALEXANDRA|MIRELLA|BOTINA|HORMAZA|CC|1085278969|1989-09-24|2|2|6|9998|3|2||7|07|||8|58.0|157|||2||||||||||||52UZPE01152001T39MT02EBS001H000852UZPE01152001T39MT02EBS001H0008F0008|52UZPE01152001T39MT02EBS001H000852UZPE01152001T39MT02EBS001H0008F0008CC1085278969
3|604|LUIS|ERASMO|VILLOTA|GUERRERO|CC|12953332|1943-09-28|1|2|6|9998|3|1||3|07|||8|10.0|5|||2||||||||||||52UZPE01152001T39MT02EBS001H024052UZPE01152001T39MT02EBS001H0240F0240|52UZPE01152001T39MT02EBS001H024052UZPE01152001T39MT02EBS001H0240F0240CC12953332
3|605|MARIA|CECILIA|PEREZ|GRIJALBA|CC|27114682|1947-09-21|2|2|6|9998|3|1||3|07|||8|10.0|5|||2||||||||||||52UZPE01152001T39MT02EBS001H024152UZPE01152001T39MT02EBS001H0241F0241|52UZPE01152001T39MT02EBS001H024152UZPE01152001T39MT02EBS001H0241F0241CC27114682
3|606|MARIA|EUGENIA|YELA|REYES|CC|27145824|1981-10-27|2|2|6|9998|3|1||7|07|||8|60.0|155|||2||||||||||||52UZPE01152001T39MT02EBS001H024352UZPE01152001T39MT02EBS001H0243F0243|52UZPE01152001T39MT02EBS001H024352UZPE01152001T39MT02EBS001H0243F0243CC27145824
3|607|SANDRA|DELSOCORRO|SALAZAR|CASTILLO|CC|30744184|1967-12-27|2|2|6|9622|3|1||7|07|||8|58.0|160|||2||||||||||||52UZPE01152001T39MT02EBS001H024452UZPE01152001T39MT02EBS001H0244F0244|52UZPE01152001T39MT02EBS001H024452UZPE01152001T39MT02EBS001H0244F0244CC30744184
3|608|GERMAN|HUMBERTO|PULZARA|VILLOTA|CC|12986177|1964-09-24|1|2|6|9998|3|1||7|07|||8|10.0|5|||2||||||||||||52UZPE01152001T39MT02EBS001H024452UZPE01152001T39MT02EBS001H0244F0244|52UZPE01152001T39MT02EBS001H024452UZPE01152001T39MT02EBS001H0244F0244CC12986177
3|609|ELIA|ESPERANZA|CASTILLO|VIUDADESALAZAR|CC|30703531|1941-07-27|2|2|6|9998|3|1||3|07|||8|10.0|5|||2||||||||||||52UZPE01152001T39MT02EBS001H024552UZPE01152001T39MT02EBS001H0245F0245|52UZPE01152001T39MT02EBS001H024552UZPE01152001T39MT02EBS001H0245F0245CC30703531
3|610|YULIETH|YASMIN|NOTINA|TIMANA|CC|1004191258|2002-06-30|2|2|6|9998|3|1||7|07|||8|57.0|157|||2||||||||||||52UZPE01152001T39MT02EBS001H001252UZPE01152001T39MT02EBS001H0012F0012|52UZPE01152001T39MT02EBS001H001252UZPE01152001T39MT02EBS001H0012F0012CC1004191258
3|611|NEISER|JOHAN|LOPEZ|MADRONERO|CC|1193224058|2002-04-07|1|2|6|9998|3|1||7|07|||8|10.0|5|||2||||||||||||52UZPE01152001T39MT02EBS001H001252UZPE01152001T39MT02EBS001H0012F0012|52UZPE01152001T39MT02EBS001H001252UZPE01152001T39MT02EBS001H0012F0012CC1193224058
3|612|LEONARDO|ALEJANDRO|BOTINA|VALLEJOS|CC|12971236|1957-05-01|1|2|6|9998|3|1||3|07|||8|10.0|5|||2||||||||||||52UZPE01152001T39MT02EBS001H000452UZPE01152001T39MT02EBS001H0004F0004|52UZPE01152001T39MT02EBS001H000452UZPE01152001T39MT02EBS001H0004F0004CC12971236
3|613|CECILIA|DELCARMEN|HORMAZA|GUZMAN|CC|30728285|1961-12-09|2|2|6|9998|3|1||3|07|||8|10.0|5|||2||||||||||||52UZPE01152001T39MT02EBS001H000452UZPE01152001T39MT02EBS001H0004F0004|52UZPE01152001T39MT02EBS001H000452UZPE01152001T39MT02EBS001H0004F0004CC30728285
3|614|VERONICA|NAZARITH|BASTIDAS|MANCHABAJOY|CC|27085836|1985-03-01|2|2|6|9998|3|1||7|07|||8|15.3|70|||2||||||||||||52UZPE01152001T39MT02EBS001H001552UZPE01152001T39MT02EBS001H0015F0015|52UZPE01152001T39MT02EBS001H001552UZPE01152001T39MT02EBS001H0015F0015CC27085836
3|615|MIGUEL|ANGEL|CORDOBA|BASTIDAS|RC|1080073147|2022-09-22|1|2|6|9998|3|1||8|07|||8|||||2||||||||||||52UZPE01152001T39MT02EBS001H001552UZPE01152001T39MT02EBS001H0015F0015|52UZPE01152001T39MT02EBS001H001552UZPE01152001T39MT02EBS001H0015F0015RC1080073147
3|616|JASMIN|PAOLA|CORDOBA|BASTIDAS|TI|1080048812|2007-05-04|2|2|6|9998|3|1||8|07|||8|10.0|5|||2||||||||||||52UZPE01152001T39MT02EBS001H001552UZPE01152001T39MT02EBS001H0015F0015|52UZPE01152001T39MT02EBS001H001552UZPE01152001T39MT02EBS001H0015F0015TI1080048812
3|617|ORLANDO|BERNARDO|CORDOBA|BOTINA|CC|5206989|1978-08-21|1|2|6|5169|3|2||7|07|||8|72.0|167|||2||||||||||||52UZPE01152001T39MT02EBS001H001552UZPE01152001T39MT02EBS001H0015F0015|52UZPE01152001T39MT02EBS001H001552UZPE01152001T39MT02EBS001H0015F0015CC5206989
3|618|LIBARDO|JESUS|VILLARREAL|NA|CC|12994051|1966-06-08|1|2|6|9998|3|1||7|07|||8|66.0|166|||2||||||||||||52UZPE01152001T39MT02EBS001H001852UZPE01152001T39MT02EBS001H0018F0018|52UZPE01152001T39MT02EBS001H001852UZPE01152001T39MT02EBS001H0018F0018CC12994051
3|619|MARIA|RUTH|MARTINEZ|ZAMBRANO|CC|40745064|1955-10-26|2|2|6|9998|3|1||3|07|||8|77.0|160|||2||||||||||||52UZPE01152001T39MT02EBS001H001852UZPE01152001T39MT02EBS001H0018F0018|52UZPE01152001T39MT02EBS001H001852UZPE01152001T39MT02EBS001H0018F0018CC40745064
3|620|EDMUNDO|ELADIO|ACHICANOY|MALES|CC|12974176|1955-01-01|1|2|6|9622|3|2||3|07|||8|76.0|162|||2||||||||||||52UZPE01152001T39MT02EBS001H002052UZPE01152001T39MT02EBS001H0020F0020|52UZPE01152001T39MT02EBS001H002052UZPE01152001T39MT02EBS001H0020F0020CC12974176
3|621|ILDA|MARIA|CAICEDO|BASTIDAS|CC|59818503|1952-03-17|2|2|6|9998|3|2||3|07|||8|10.0|5|||2||||||||||||52UZPE01152001T39MT02EBS001H002052UZPE01152001T39MT02EBS001H0020F0020|52UZPE01152001T39MT02EBS001H002052UZPE01152001T39MT02EBS001H0020F0020CC59818503
3|622|JOSE|GABRIEL|SALAZAR|ALMEIDA|CC|87063310|1983-06-18|1|2|6|9998|3|1||7|07|||8|57.7|153|||2||||||||||||52UZPE01152001T39MT02EBS001H002252UZPE01152001T39MT02EBS001H0022F0022|52UZPE01152001T39MT02EBS001H002252UZPE01152001T39MT02EBS001H0022F0022CC87063310
3|623|SONIA|INES|MARTINEZ|NA|CC|59310482|1976-05-13|2|2|6|9998|3|1||7|07|||8|52.7|150|||2||||||||||||52UZPE01152001T39MT02EBS001H002252UZPE01152001T39MT02EBS001H0022F0022|52UZPE01152001T39MT02EBS001H002252UZPE01152001T39MT02EBS001H0022F0022CC59310482
3|624|BRIAN|ALEXANDER|ZALAZAR|MARTINEZ|CC|1004235706|2001-12-04|1|2|6|9998|3|1||7|07|||8|10.0|5|||2||||||||||||52UZPE01152001T39MT02EBS001H002352UZPE01152001T39MT02EBS001H0023F0023|52UZPE01152001T39MT02EBS001H002352UZPE01152001T39MT02EBS001H0023F0023CC1004235706
3|625|ALFREDO|SEBASTIAN|ZALAZAR|MARTINEZ|CC|1004190583|1998-05-22|1|2|6|9998|3|1||7|07|||8|10.0|5|||2||||||||||||52UZPE01152001T39MT02EBS001H002452UZPE01152001T39MT02EBS001H0024F0024|52UZPE01152001T39MT02EBS001H002452UZPE01152001T39MT02EBS001H0024F0024CC1004190583
3|626|NATHALIA|CAROLINA|HUERTAS|BUESAQUILLO|CC|1080044473|2005-07-31|2|2|6|9998|3|1||7|07|||8|57.0|159|||2||||||||||||52UZPE01152001T39MT02EBS001H002452UZPE01152001T39MT02EBS001H0024F0024|52UZPE01152001T39MT02EBS001H002452UZPE01152001T39MT02EBS001H0024F0024CC1080044473
3|627|GILDARDO|ANTONIO|CAICEDO|ZAMBRANO|CC|87572141|1969-06-01|1|2|6|5169|3|2||7|07|||8|10.0|5|||2||||||||||||52UZPE01152001T39MT02EBS001H002752UZPE01152001T39MT02EBS001H0027F0027|52UZPE01152001T39MT02EBS001H002752UZPE01152001T39MT02EBS001H0027F0027CC87572141
3|628|MANUEL|ANTONIO|CIACEDO|PAZ|TI|1080051152|2008-01-10|1|2|6|9998|3|2||8|07|||8|10.0|5|||2||||||||||||52UZPE01152001T39MT02EBS001H002752UZPE01152001T39MT02EBS001H0027F0027|52UZPE01152001T39MT02EBS001H002752UZPE01152001T39MT02EBS001H0027F0027TI1080051152
3|629|NELY|DELCARMEN|PAZ|OBANDO|CC|36750371|1978-08-22|2|2|6|5169|3|2||7|07|||8|10.0|5|||2||||||||||||52UZPE01152001T39MT02EBS001H002752UZPE01152001T39MT02EBS001H0027F0027|52UZPE01152001T39MT02EBS001H002752UZPE01152001T39MT02EBS001H0027F0027CC36750371
3|630|HALYN|HISEL|CAICEDO|PAZ|CC|1085335254|1997-06-21|2|2|6|9998|3|5||7|07|||8|80.0|150|||2||||||||||||52UZPE01152001T39MT02EBS001H002752UZPE01152001T39MT02EBS001H0027F0027|52UZPE01152001T39MT02EBS001H002752UZPE01152001T39MT02EBS001H0027F0027CC1085335254
3|631|BALLOLETH|MAHIA|RAMOS|PERLAZA|RC|1030003704|2022-03-15|2|2|6|9998|3|1||8|07|||8|||||2||||||||||||52UZPE01152001T39MT02EBS001H002952UZPE01152001T39MT02EBS001H0029F0029|52UZPE01152001T39MT02EBS001H002952UZPE01152001T39MT02EBS001H0029F0029RC1030003704
3|632|NNCY|VIVIANA|PERLAZA|CORDOBA|CC|1085271986|1988-09-26|2|2|6|5169|3|1||7|07|||8|68.0|153|||2||||||||||||52UZPE01152001T39MT02EBS001H002952UZPE01152001T39MT02EBS001H0029F0029|52UZPE01152001T39MT02EBS001H002952UZPE01152001T39MT02EBS001H0029F0029CC1085271986
3|633|JHON|FIBER|RAMOS|SOLARTE|CC|1084257324|1993-07-01|1|2|6|9998|3|1||7|07|||8|10.0|5|||2||||||||||||52UZPE01152001T39MT02EBS001H002952UZPE01152001T39MT02EBS001H0029F0029|52UZPE01152001T39MT02EBS001H002952UZPE01152001T39MT02EBS001H0029F0029CC1084257324
3|634|DANIEL|SEBASTIAN|VALENCIA|PERLAZA|TI|1080057694|2010-08-15|1|2|6|9998|3|2||8|07|||8|10.0|5|||2||||||||||||52UZPE01152001T39MT02EBS001H002952UZPE01152001T39MT02EBS001H0029F0029|52UZPE01152001T39MT02EBS001H002952UZPE01152001T39MT02EBS001H0029F0029TI1080057694
3|635|MARIA|ALBALIGIA|CORDOBA|NA|CC|30729839|1963-04-07|2|2|6|9998|3|1||3|07|||8|10.0|5|||2||||||||||||52UZPE01152001T39MT02EBS001H003052UZPE01152001T39MT02EBS001H0030F0030|52UZPE01152001T39MT02EBS001H003052UZPE01152001T39MT02EBS001H0030F0030CC30729839
3|636|SAMUEL|ALEJANDRO|PAZ|ALVAREZ|TI|1080063085|2014-03-26|1|2|6|9998|3|1||8|07|||8|10.0|5|||2||||||||||||52UZPE01152001T39MT02EBS001H003052UZPE01152001T39MT02EBS001H0030F0030|52UZPE01152001T39MT02EBS001H003052UZPE01152001T39MT02EBS001H0030F0030TI1080063085
3|637|SERVIO|NA|SOLARTE|NA|CC|98358343|1966-08-24|1|2|6|9622|3|1||7|07|||8|78.0|175|||2||||||||||||52UZPE01152001T39MT02EBS001H003252UZPE01152001T39MT02EBS001H0032F0032|52UZPE01152001T39MT02EBS001H003252UZPE01152001T39MT02EBS001H0032F0032CC98358343
3|638|SOCORRO|NA|ANDRADE|NA|CC|30732519|1950-12-18|2|2|6|9998|3|1||3|07|||2|60.0|158|||2||||||||||||52UZPE01152001T39MT02EBS001H003552UZPE01152001T39MT02EBS001H0035F0035|52UZPE01152001T39MT02EBS001H003552UZPE01152001T39MT02EBS001H0035F0035CC30732519
3|639|JOHN|ALEXANDER|ENRIQUEZ|ANDRADE|CC|13072613|1981-02-20|1|2|6|9998|3|1||7|07|||8|51.0|167|||2||||||||||||52UZPE01152001T39MT02EBS001H003752UZPE01152001T39MT02EBS001H0037F0037|52UZPE01152001T39MT02EBS001H003752UZPE01152001T39MT02EBS001H0037F0037CC13072613
3|640|EDIXON|ALEXANDER|ENRIQUEZ|MUNOZ|CC|1080044344|2005-07-18|1|2|6|9998|3|1||7|07|||8|10.0|5|||2||||||||||||52UZPE01152001T39MT02EBS001H003752UZPE01152001T39MT02EBS001H0037F0037|52UZPE01152001T39MT02EBS001H003752UZPE01152001T39MT02EBS001H0037F0037CC1080044344
3|641|ROSA|ANGELICA|VILLARREAL|DERECALDE|CC|27093081|1950-12-18|1|2|6|9998|3|1||3|07|||8|49.0|150|||2||||||||||||52UZPE01152001T39MT02EBS001H003852UZPE01152001T39MT02EBS001H0038F0038|52UZPE01152001T39MT02EBS001H003852UZPE01152001T39MT02EBS001H0038F0038CC27093081
3|642|SHARITH|KARINA|PEJENDINO|FLOREZ|TI|1085320559|2013-04-25|2|2|6|9998|3|1||8|07|||8|10.0|5|||2||||||||||||52UZPE01152001T39MT02EBS001H024652UZPE01152001T39MT02EBS001H0246F0246|52UZPE01152001T39MT02EBS001H024652UZPE01152001T39MT02EBS001H0246F0246TI1085320559
3|643|RUBEN|DARIO|PEJENDINO|CUAICAN|CC|87067698|1983-08-30|1|2|6|9510|3|1||7|07|||8|10.0|5|||2||||||||||||52UZPE01152001T39MT02EBS001H024652UZPE01152001T39MT02EBS001H0246F0246|52UZPE01152001T39MT02EBS001H024652UZPE01152001T39MT02EBS001H0246F0246CC87067698
3|644|DIANA|MARLENY|FLOREZ|ORTEGA|CC|34676723|1984-09-22|2|2|6|9998|3|1||7|07|||8|83.0|167|||2||||||||||||52UZPE01152001T39MT02EBS001H024652UZPE01152001T39MT02EBS001H0246F0246|52UZPE01152001T39MT02EBS001H024652UZPE01152001T39MT02EBS001H0246F0246CC34676723
3|645|DARLIN|YULIETH|PEJENDINO|FLOREZ|TI|1061087061|2008-07-01|2|2|6|9998|3|1||1|07|||8|10.0|5|||2||||||||||||52UZPE01152001T39MT02EBS001H024652UZPE01152001T39MT02EBS001H0246F0246|52UZPE01152001T39MT02EBS001H024652UZPE01152001T39MT02EBS001H0246F0246TI1061087061
3|646|MARIA|DELCARMEN|HIGIDIO|LOPEZ|CC|27084653|1957-08-01|2|2|6|9998|3|1||3|07|||8|10.0|5|||2||||||||||||52UZPE01152001T39MT02EBS001H024752UZPE01152001T39MT02EBS001H0247F0247|52UZPE01152001T39MT02EBS001H024752UZPE01152001T39MT02EBS001H0247F0247CC27084653
3|647|MANUEL|JESUS|HIGIDIO|MATABAJOY|CC|5204619|1957-01-01|1|2|6|9510|3|1||3|07|||8|61.0|155|||2||||||||||||52UZPE01152001T39MT02EBS001H024752UZPE01152001T39MT02EBS001H0247F0247|52UZPE01152001T39MT02EBS001H024752UZPE01152001T39MT02EBS001H0247F0247CC5204619
3|648|MARGARETH|LISBETH|GIMEZ|VALLEJOS|CC|1081053631|2005-02-26|2|2|6|9510|3|2||7|07|||8|48.0|145|||2||||||||||||52UZPE01152001T39MT02EBS001H024852UZPE01152001T39MT02EBS001H0248F0248|52UZPE01152001T39MT02EBS001H024852UZPE01152001T39MT02EBS001H0248F0248CC1081053631
3|649|IVAN|ANDRES|CRIOLLO|YELA|CC|1081273537|2004-07-06|1|2|6|9510|3|1||7|07|||8|66.0|167|||2||||||||||||52UZPE01152001T39MT02EBS001H004552UZPE01152001T39MT02EBS001H0045F0045|52UZPE01152001T39MT02EBS001H004552UZPE01152001T39MT02EBS001H0045F0045CC1081273537
3|650|MARIANA|ESTELLA|LOPEZ|BURBANO|CC|30717687|1960-12-25|2|2|6|9510|3|1||3|07|||8|68.0|156|||2||||||||||||52UZPE01152001T39MT02EBS001H004652UZPE01152001T39MT02EBS001H0046F0046|52UZPE01152001T39MT02EBS001H004652UZPE01152001T39MT02EBS001H0046F0046CC30717687
3|651|JONATHAN|ALEXANDER|ENRIQUEZ|BUSTOS|CC|1004216603|2002-08-06|1|2|6|9510|3|1||7|07|||8|90.0|170|||2||||||||||||52UZPE01152001T39MT02EBS001H004652UZPE01152001T39MT02EBS001H0046F0046|52UZPE01152001T39MT02EBS001H004652UZPE01152001T39MT02EBS001H0046F0046CC1004216603
3|652|JESUS|ORLANDO|BUSTOS|PUERRES|CC|98380550|1968-06-24|1|2|6|9510|3|1||7|07|||8|60.0|168|||2||||||||||||52UZPE01152001T39MT02EBS001H004652UZPE01152001T39MT02EBS001H0046F0046|52UZPE01152001T39MT02EBS001H004652UZPE01152001T39MT02EBS001H0046F0046CC98380550
3|653|PAULA|VANESA|VILLARRAL|MADRONERO|CC|1081273906|2004-10-07|2|2|6|9998|3|1||7|07|||8|62.0|152|||2||||||||||||52UZPE01152001T39MT02EBS001H004752UZPE01152001T39MT02EBS001H0047F0047|52UZPE01152001T39MT02EBS001H004752UZPE01152001T39MT02EBS001H0047F0047CC1081273906
3|654|YORNEY|SAMUEL|MARTINEZ|MATABAJOY|CC|1082272005|2003-11-21|1|2|6|9510|3|1||7|07|||8|65.0|165|||2||||||||||||52UZPE01152001T39MT02EBS001H004752UZPE01152001T39MT02EBS001H0047F0047|52UZPE01152001T39MT02EBS001H004752UZPE01152001T39MT02EBS001H0047F0047CC1082272005
3|655|YORBIN|JARED|MARTINEZ|VILLARREAL|RC|1080074328|2024-01-26|1|2|6|9998|3|1||8|07|||8|||||2||||||||||||52UZPE01152001T39MT02EBS001H004752UZPE01152001T39MT02EBS001H0047F0047|52UZPE01152001T39MT02EBS001H004752UZPE01152001T39MT02EBS001H0047F0047RC1080074328
3|656|EDGAR|ANTONIO|VILLARRAL|NA|CC|12974279|1961-03-24|1|2|6|9510|3|1||3|07|||8|68.0|161|||2||||||||||||52UZPE01152001T39MT02EBS001H004852UZPE01152001T39MT02EBS001H0048F0048|52UZPE01152001T39MT02EBS001H004852UZPE01152001T39MT02EBS001H0048F0048CC12974279
3|657|MARIA|DELPILAR|CANSIMANCI|NA|CC|30745541|1968-09-02|2|2|6|9510|3|1||7|07|||8|72.0|151|||2||||||||||||52UZPE01152001T39MT02EBS001H004852UZPE01152001T39MT02EBS001H0048F0048|52UZPE01152001T39MT02EBS001H004852UZPE01152001T39MT02EBS001H0048F0048CC30745541
3|658|OMAR|FAUSTO|VILLAREAL|CANSIMANCI|CC|1085275252|1989-08-07|1|2|6|9998|3|1||7|07|||8|60.0|172|||2||||||||||||52UZPE01152001T39MT02EBS001H004952UZPE01152001T39MT02EBS001H0049F0049|52UZPE01152001T39MT02EBS001H004952UZPE01152001T39MT02EBS001H0049F0049CC1085275252