2|1|1|52|UZPE011|52001|T38|MT02|ARANDA|CARRERA28NUMERO39C18ARANDAPUEBLO|-77.266116|1.231572||52UZPE01152001T38MT02EBS001H0001|52UZPE01152001T38MT02EBS001H0001F0001|1|2|2|3|52UZPE01152001T38MT02EBS001|900091143|CC|1085286725|AUXILIARDEENFERMERIA|52UZPE01152001T38MT02EBS001H0001F0001CF001|2024-07-03|1||1||5||2||2|2|11|5|2|2|20||2|13|2||3||1||1||1||1|3|3|1|1|1|1|2|2|2|2|2|2||2|2|2|2||9||2|2|2|1|1|1|2|2|1|52UZPE01152001T38MT02EBS001H000152UZPE01152001T38MT02EBS001H0001F0001
2|2|1|52|UZPE011|52001|T38|MT02|ARANDA|CARRERA28NUMERO39C18ARANDAPUEBLO|-77.266116|1.231572||52UZPE01152001T38MT02EBS001H0002|52UZPE01152001T38MT02EBS001H0002F0002|1|2|2|3|52UZPE01152001T38MT02EBS001|900091143|CC|1085286725|AUXILIARDEENFERMERIA|52UZPE01152001T38MT02EBS001H0002F0002CF002|2024-07-03|1||1||5||2||2|2|11|5|2|2|20||2|13|2||3||1||1||1||7|1|3|1|1|1|1|2|2|2|2|2|2||2|2|1|2||9||1|2|2|1|1|1|2|2|1|52UZPE01152001T38MT02EBS001H000252UZPE01152001T38MT02EBS001H0002F0002
2|3|1|52|UZPE011|52001|T38|MT02|ARANDA|CASATIENDAARANDAVIEJO|-77.266116|1.231572||52UZPE01152001T38MT02EBS001H0007|52UZPE01152001T38MT02EBS001H0007F0007|1|1|1|1|52UZPE01152001T38MT02EBS001|900091143|CC|1085286725|AUXILIARDEENFERMERIA|52UZPE01152001T38MT02EBS001H0007F0007CF007|2024-07-04|1||1||3||1||1|2|11|5|3|2|20||1|13|0||3||1||1||1||1|1|3|1|1|1|1|2|2|2|2|2|2||2|2|1|2||9||1|2|2|1|1|1|2|2|1|52UZPE01152001T38MT02EBS001H000752UZPE01152001T38MT02EBS001H0007F0007
2|4|1|52|UZPE011|52001|T38|MT02|ARANDA|CASA029ARANDAVIEJO|-77.266116|1.231572||52UZPE01152001T38MT02EBS001H0008|52UZPE01152001T38MT02EBS001H0008F0008|1|1|1|1|52UZPE01152001T38MT02EBS001|900091143|CC|1085286725|AUXILIARDEENFERMERIA|52UZPE01152001T38MT02EBS001H0008F0008CF008|2024-07-04|1||1||3||4||1|2|11|5|3|2|20||2|13|0||3||1||1||1||7|1|3|1|1|1|1|2|2|2|2|2|2||2|2|1|2||9||1|2|2|1|1|1|2|2|1|52UZPE01152001T38MT02EBS001H000852UZPE01152001T38MT02EBS001H0008F0008
2|5|1|52|UZPE011|52001|T38|MT02|ARANDA|CASA29BARANDAVIEJO|-77.266116|1.231572||52UZPE01152001T38MT02EBS001H0009|52UZPE01152001T38MT02EBS001H0009F0009|1|1|1|2|52UZPE01152001T38MT02EBS001|900091143|CC|1085286725|AUXILIARDEENFERMERIA|52UZPE01152001T38MT02EBS001H0009F0009CF009|2024-07-04|1||1||3||1||1|2|11|5|3|2|20||1|13|0||3||1||1||1||1|2|3|1|1|1|1|2|2|2|2|2|2||2|2|1|2||9||1|2|2|1|1|1|2|2|1|52UZPE01152001T38MT02EBS001H000952UZPE01152001T38MT02EBS001H0009F0009
2|6|1|52|UZPE011|52001|T38|MT02|ARANDA|CALLE40CASA116ARANDAVIEJO|-77.266116|1.231572||52UZPE01152001T38MT02EBS001H0011|52UZPE01152001T38MT02EBS001H0011F0011|1|1|1|4|52UZPE01152001T38MT02EBS001|900091143|CC|1085286725|AUXILIARDEENFERMERIA|52UZPE01152001T38MT02EBS001H0011F0011CF011|2024-07-04|1||1||3||1||3|2|11|5|3|2|20||2|13|0||1||1||1||1||1|4|3|1|1|1|1|2|2|2|2|2|2||2|2|1|2||9||1|2|2|1|1|1|2|2|1|52UZPE01152001T38MT02EBS001H001152UZPE01152001T38MT02EBS001H0011F0011
2|7|1|52|UZPE011|52001|T38|MT02|ARANDA|CALLE40CASA116ARANDAVIEJO|-77.266116|1.231572||52UZPE01152001T38MT02EBS001H0012|52UZPE01152001T38MT02EBS001H0012F0012|1|1|1|4|52UZPE01152001T38MT02EBS001|900091143|CC|1085286725|AUXILIARDEENFERMERIA|52UZPE01152001T38MT02EBS001H0012F0012CF012|2024-07-04|1||1||3||1||3|2|11|5|3|2|20||2|13|0||1||1||1||1||1|2|3|1|1|1|1|2|2|2|2|2|2||2|2|1|2||9||1|2|2|1|1|1|2|2|1|52UZPE01152001T38MT02EBS001H001252UZPE01152001T38MT02EBS001H0012F0012
2|8|1|52|UZPE011|52001|T38|MT02|ARANDA|CARRERA27NUMERO3913ARANDAVIEJO|-77.266116|1.231572||52UZPE01152001T38MT02EBS001H0013|52UZPE01152001T38MT02EBS001H0013F0013|1|1|1|3|52UZPE01152001T38MT02EBS001|900091143|CC|1085286725|AUXILIARDEENFERMERIA|52UZPE01152001T38MT02EBS001H0013F0013CF013|2024-07-04|1||1||3||1||3|1|11|5|3|2|20||2|13|0||1||1||1||1||1|3|3|1|1|1|1|2|2|2|2|2|2||2|2|1|2||9||1|2|2|1|1|1|2|2|1|52UZPE01152001T38MT02EBS001H001352UZPE01152001T38MT02EBS001H0013F0013
2|9|1|52|UZPE011|52001|T38|MT02|ARANDA|CALLE40N27A07|-77.266979|1.235086||52UZPE01152001T38MT02EBS001H0022|52UZPE01152001T38MT02EBS001H0022F0022|1|1|1|2|52UZPE01152001T38MT02EBS001|900091143|CC|87065647|MEDICOGENERAL|52UZPE01152001T38MT02EBS001H0022F0022CF022|2024-07-03|1||1||3||1||2|2|1|5|1|2|19||1|13|0||3||1||1||1||2|2|3|1|1|1|1|2|2|2|2|2|2||2|2|1|1||9||1|2|2|1|1|1|2|2|1|52UZPE01152001T38MT02EBS001H002252UZPE01152001T38MT02EBS001H0022F0022
2|10|1|52|UZPE011|52001|T38|MT02|ARANDA|ARANDACASA32DIV1|-77.268104|1.235873||52UZPE01152001T38MT02EBS001H0023|52UZPE01152001T38MT02EBS001H0023F0023|1|1|1|3|52UZPE01152001T38MT02EBS001|900091143|CC|87065647|MEDICOGENERAL|52UZPE01152001T38MT02EBS001H0023F0023CF023|2024-07-03|1||2||3||2||2|2|8|5|3|1|8||2|13|0||3||1||1||1||2|3|3|1|1|3|3|2|2|2|2|2|2||2|2|1|2||9||1|2|2|1|1|1|2|2|1|52UZPE01152001T38MT02EBS001H002352UZPE01152001T38MT02EBS001H0023F0023
2|11|1|52|UZPE011|52001|T38|MT02|ARANDA|CASA49DIVISIION5ARANDAVIEJOPSINAS|-77.266116|1.231572||52UZPE01152001T38MT02EBS001H0025|52UZPE01152001T38MT02EBS001H0025F0025|1|3|3|1|52UZPE01152001T38MT02EBS001|900091143|CC|1085286725|AUXILIARDEENFERMERIA|52UZPE01152001T38MT02EBS001H0025F0025CF025|2024-07-07|1||2||3||2||1|2|11|5|2|2|20||2|13|0||3||1||1||1||7|1|3|1|1|1|1|2|2|2|2|2|2||2|2|1|2||9||1|2|2|1|2|1|2|2|1|52UZPE01152001T38MT02EBS001H002552UZPE01152001T38MT02EBS001H0025F0025
2|12|1|52|UZPE011|52001|T38|MT02|ARANDA|CASA49DIVISIION5ARANDAVIEJOPSINAS|-77.266116|1.231572||52UZPE01152001T38MT02EBS001H0026|52UZPE01152001T38MT02EBS001H0026F0026|1|3|3|1|52UZPE01152001T38MT02EBS001|900091143|CC|1085286725|AUXILIARDEENFERMERIA|52UZPE01152001T38MT02EBS001H0026F0026CF026|2024-07-07|1||2||3||2||1|2|11|5|2|2|20||2|13|0||3||1||1||1||7|1|3|1|1|1|1|2|2|2|2|2|2||2|2|1|2||9||1|2|2|1|1|1|2|2|1|52UZPE01152001T38MT02EBS001H002652UZPE01152001T38MT02EBS001H0026F0026
2|13|1|52|UZPE011|52001|T38|MT02|ARANDA|CASA49DIVISIION5ARANDAVIEJOPSINAS|-77.266116|1.231572||52UZPE01152001T38MT02EBS001H0027|52UZPE01152001T38MT02EBS001H0027F0027|1|3|3|1|52UZPE01152001T38MT02EBS001|900091143|CC|1085286725|AUXILIARDEENFERMERIA|52UZPE01152001T38MT02EBS001H0027F0027CF027|2024-07-07|1||2||3||2||1|2|11|5|2|2|20||2|13|0||3||1||1||1||1|2|3|1|1|1|1|2|2|2|2|2|2||2|2|1|2||9||1|2|2|1|2|1|2|2|1|52UZPE01152001T38MT02EBS001H002752UZPE01152001T38MT02EBS001H0027F0027
2|14|1|52|UZPE011|52001|T38|MT02|ARANDA|CASA49AARANDAVIEJO|-77.266116|1.231572||52UZPE01152001T38MT02EBS001H0028|52UZPE01152001T38MT02EBS001H0028F0028|1|1|1|2|52UZPE01152001T38MT02EBS001|900091143|CC|1085286725|AUXILIARDEENFERMERIA|52UZPE01152001T38MT02EBS001H0028F0028CF028|2024-07-07|1||2||3||2||1|2|11|5|2|1|20||2|9,10|2||3||1||1||1||1|2|3|1|1|1|1|2|2|2|2|2|2||2|2|1|2||9||1|2|2|1|1|1|2|2|1|52UZPE01152001T38MT02EBS001H002852UZPE01152001T38MT02EBS001H0028F0028
2|15|1|52|UZPE011|52001|T38|MT02|ARANDA|CASA40ARANDAVIEJOSINASMSARRIBA|-77.266116|1.231572||52UZPE01152001T38MT02EBS001H0029|52UZPE01152001T38MT02EBS001H0029F0029|1|1|1|3|52UZPE01152001T38MT02EBS001|900091143|CC|1085286725|AUXILIARDEENFERMERIA|52UZPE01152001T38MT02EBS001H0029F0029CF029|2024-07-07|1||1||3||1||2|2|11|5|2|2|20||2|13|0||3||1||1||1||1|3|3|1|1|1|1|2|2|2|2|2|2||2|2|1|2||9||1|2|2|1|1|1|2|2|1|52UZPE01152001T38MT02EBS001H002952UZPE01152001T38MT02EBS001H0029F0029
2|16|1|52|UZPE011|52001|T38|MT02|ARANDA|CALLE4027A07|-77.267281|1.235176||52UZPE01152001T38MT02EBS001H0030|52UZPE01152001T38MT02EBS001H0030F0030|1|1|1|2|52UZPE01152001T38MT02EBS001|900091143|CC|1233189234|AUXILIARDEENFERMERIA|52UZPE01152001T38MT02EBS001H0030F0030CF030|2024-07-03|1||1||3||4||1|2|11|5|2|1|20||1|13|0||1||1||1||1||1|2|3|1|1|1|1|2|2|2|2|2|2||2|2|1|1||9||1|2|2|1|2|1|2|2|1|52UZPE01152001T38MT02EBS001H003052UZPE01152001T38MT02EBS001H0030F0030
2|17|1|52|UZPE011|52001|T38|MT02|ARANDA|CASA35CALLE40|-77.267497|1.234924||52UZPE01152001T38MT02EBS001H0031|52UZPE01152001T38MT02EBS001H0031F0031|1|1|1|1|52UZPE01152001T38MT02EBS001|900091143|CC|1233189234|AUXILIARDEENFERMERIA|52UZPE01152001T38MT02EBS001H0031F0031CF031|2024-07-03|1||1||3||4||1|2|11|5|2|1|20||2|13|0||1||1||1||1||7|1|3|1|1|1|1|2|2|2|2|2|2||2|2|1|1||9||1|2|2|1|2|1|2|2|1|52UZPE01152001T38MT02EBS001H003152UZPE01152001T38MT02EBS001H0031F0031
2|18|1|52|UZPE011|52001|T38|MT02|ARANDA|CALLE40CASA35|-77.267497|1.234924||52UZPE01152001T38MT02EBS001H0032|52UZPE01152001T38MT02EBS001H0032F0032|1|1|1|2|52UZPE01152001T38MT02EBS001|900091143|CC|1233189234|AUXILIARDEENFERMERIA|52UZPE01152001T38MT02EBS001H0032F0032CF032|2024-07-03|1||1||3||4||1|2|11|5|2|1|20||1|13|0||1||1||1||1||1|2|3|1|1|1|1|2|2|2|2|2|2||2|2|1|2||9||1|2|2|1|1|1|2|2|1|52UZPE01152001T38MT02EBS001H003252UZPE01152001T38MT02EBS001H0032F0032
2|19|1|52|UZPE011|52001|T38|MT02|ARANDA|CASA52ARANDAVIEJO|-77.266116|1.231572||52UZPE01152001T38MT02EBS001H0033|52UZPE01152001T38MT02EBS001H0033F0033|1|1|1|3|52UZPE01152001T38MT02EBS001|900091143|CC|1085286725|AUXILIARDEENFERMERIA|52UZPE01152001T38MT02EBS001H0033F0033CF033|2024-07-07|1||1||3||2||2|1|11|5|2|2|20||2|13|0||3||1||1||1||1|3|3|1|1|1|1|2|2|2|2|2|2||2|2|1|2||9||1|2|2|1|1|1|2|2|1|52UZPE01152001T38MT02EBS001H003352UZPE01152001T38MT02EBS001H0033F0033
2|20|1|52|UZPE011|52001|T38|MT02|ARANDA|CASA51ARANDAVIEJO|-77.267771|1.235391||52UZPE01152001T38MT02EBS001H0034|52UZPE01152001T38MT02EBS001H0034F0034|1|1|1|1|52UZPE01152001T38MT02EBS001|900091143|CC|1233189234|AUXILIARDEENFERMERIA|52UZPE01152001T38MT02EBS001H0034F0034CF034|2024-07-03|1||7||3||4||1|2|11|5|2|1|20||1|13|0||3||1||1||1||7|1|3|1|1|1|1|2|2|2|2|2|2||2|2|1|2||9||1|2|2|1|1|1|2|2|1|52UZPE01152001T38MT02EBS001H003452UZPE01152001T38MT02EBS001H0034F0034
2|21|1|52|UZPE011|52001|T38|MT02|ARANDA|CALLE40CASA35A|-77.267261|1.223596||52UZPE01152001T38MT02EBS001H0035|52UZPE01152001T38MT02EBS001H0035F0035|1|1|1|2|52UZPE01152001T38MT02EBS001|900091143|CC|1233189234|AUXILIARDEENFERMERIA|52UZPE01152001T38MT02EBS001H0035F0035CF035|2024-07-03|1||1||3||1||1|2|11|5|2|1|20||1|13|0||3||1||1||1||1|2|3|1|1|1|1|2|2|2|2|2|2||2|2|1|2||9||1|2|2|1|1|1|2|2|1|52UZPE01152001T38MT02EBS001H003552UZPE01152001T38MT02EBS001H0035F0035
2|22|1|52|UZPE011|52001|T38|MT02|ARANDA|CASA35|-77.267327|1.235385||52UZPE01152001T38MT02EBS001H0036|52UZPE01152001T38MT02EBS001H0036F0036|1|1|1|2|52UZPE01152001T38MT02EBS001|900091143|CC|1233189234|AUXILIARDEENFERMERIA|52UZPE01152001T38MT02EBS001H0036F0036CF036|2024-07-03|1||1||3||4||1|2|11|5|2|1|20||1|13|0||3||1||1||1||1|2|3|1|1|1|1|2|2|2|2|2|2||2|2|1|2||9||1|2|2|1|1|1|2|2|1|52UZPE01152001T38MT02EBS001H003652UZPE01152001T38MT02EBS001H0036F0036
2|23|1|52|UZPE011|52001|T38|MT02|ARANDA|CARRERA44CALLE2453PISO2ARABDADIV1|-77.267241|1.235527||52UZPE01152001T38MT02EBS001H0037|52UZPE01152001T38MT02EBS001H0037F0037|1|1|1|1|52UZPE01152001T38MT02EBS001|900091143|CC|1087643211|OTRO|52UZPE01152001T38MT02EBS001H0037F0037CF037|2024-07-02|1||1||3||4||1|2|3|5|2|2|8||2|13|0||1||2||1||1||7|1|2|4|1|1|1|2|2|2|2|2|2||2|2|1|2||9||1|2|2|1|1|1|2|2|1|52UZPE01152001T38MT02EBS001H003752UZPE01152001T38MT02EBS001H0037F0037
2|24|1|52|UZPE011|52001|T38|MT02|ARANDA|C547FDIV1ARANDA|-77.266861|1.235842||52UZPE01152001T38MT02EBS001H0038|52UZPE01152001T38MT02EBS001H0038F0038|1|1|1|3|52UZPE01152001T38MT02EBS001|900091143|CC|1087643211|OTRO|52UZPE01152001T38MT02EBS001H0038F0038CF038|2024-07-02|1||1||3||1||3|2|11|5|2|2|20||2|13|0||1||1||1||1||2|3|3|1|1|1|1|2|2|2|2|2|2||2|2|2|2||9||2|2|2|1|1|1|2|2|1|52UZPE01152001T38MT02EBS001H003852UZPE01152001T38MT02EBS001H0038F0038
2|25|1|52|UZPE011|52001|T38|MT02|ARANDA|CALLE4027D7|-77.267097|1.234949||52UZPE01152001T38MT02EBS001H0039|52UZPE01152001T38MT02EBS001H0039F0039|1|1|1|2|52UZPE01152001T38MT02EBS001|900091143|CC|1085303067|PSICOLOGA|52UZPE01152001T38MT02EBS001H0039F0039CF039|2024-07-03|1||1||3||1||3|2|11|5|2|1|20||2|13|0||1||1||1||1||2|2|3|1|1|1|1|2|2|2|2|2|2||2|2|1|1||9||1|2|2|1|1|1|2|2|1|52UZPE01152001T38MT02EBS001H003952UZPE01152001T38MT02EBS001H0039F0039
2|26|1|52|UZPE011|52001|T38|MT02|ARANDA|CRA4424CASA7|-77.266916|1.234984||52UZPE01152001T38MT02EBS001H0040|52UZPE01152001T38MT02EBS001H0040F0040|1|2|2|2|52UZPE01152001T38MT02EBS001|900091143|CC|1193385397|AUXILIARENFERMERIA|52UZPE01152001T38MT02EBS001H0040F0040CF040|2024-07-03|1||1||3||1||1|2|11|1|2|2|20||1|13|0||1||1||1||1||1|2|3|1|1|1|1|2|2|2|2|2|2||2|2|1|1||9||1|2|2|1|2|1|2|2|1|52UZPE01152001T38MT02EBS001H004052UZPE01152001T38MT02EBS001H0040F0040
2|27|1|52|UZPE011|52001|T38|MT02|ARANDA|CRA4424CASA7|-77.266916|1.234984||52UZPE01152001T38MT02EBS001H0041|52UZPE01152001T38MT02EBS001H0041F0041|1|2|2|2|52UZPE01152001T38MT02EBS001|900091143|CC|1193385397|AUXILIARENFERMERIA|52UZPE01152001T38MT02EBS001H0041F0041CF041|2024-07-03|1||1||3||1||1|2|11|1|3|2|20||1|13|0||1||1||1||1||2|2|3|1|1|1|1|2|2|2|2|2|2||2|2|1|2||9||1|2|2|1|1|1|2|2|1|52UZPE01152001T38MT02EBS001H004152UZPE01152001T38MT02EBS001H0041F0041
2|28|1|52|UZPE011|52001|T38|MT02|ARANDA|CALLE24N4452|-77.266747|1.235232||52UZPE01152001T38MT02EBS001H0042|52UZPE01152001T38MT02EBS001H0042F0042|1|1|1|1|52UZPE01152001T38MT02EBS001|900091143|CC|1193385397|AUXILIARENFERMERIA|52UZPE01152001T38MT02EBS001H0042F0042CF042|2024-07-03|1||1||3||1||1|2|11|5|2|2|20||2|13|0||1||1||1||1||7|1|3|1|1|1|1|2|2|2|2|2|2||2|2|1|2||9||1|2|2|1|1|1|2|2|1|52UZPE01152001T38MT02EBS001H004252UZPE01152001T38MT02EBS001H0042F0042
2|29|1|52|UZPE011|52001|T38|MT02|ARANDA|CALLE24N4452|-77.266747|1.235232||52UZPE01152001T38MT02EBS001H0043|52UZPE01152001T38MT02EBS001H0043F0043|1|1|1|2|52UZPE01152001T38MT02EBS001|900091143|CC|1193385397|AUXILIARENFERMERIA|52UZPE01152001T38MT02EBS001H0043F0043CF043|2024-07-03|4||1||3||1||2|2|11|1|3|2|20||2|13|0||1||1||1||1||2|2|3|1|1|1|1|2|2|2|2|2|2||2|2|2|2||9||2|2|2|1|1|1|2|2|1|52UZPE01152001T38MT02EBS001H004352UZPE01152001T38MT02EBS001H0043F0043
2|30|1|52|UZPE011|52001|T38|MT02|ARANDA|CALLE40NUMERO1327ARANDAVIEJO|-77.270436|1.236977||52UZPE01152001T38MT02EBS001H0044|52UZPE01152001T38MT02EBS001H0044F0044|1|1|1|1|52UZPE01152001T38MT02EBS001|900091143|CC|1085286725|AUXILIARDEENFERMERIA|52UZPE01152001T38MT02EBS001H0044F0044CF044|2024-07-08|1||1||5||1||1|2|11|5|2|2|20||1|13|0||3||1||1||1||7|1|3|1|1|1|4|2|2|2|2|2|2||2|2|1|1||9||1|2|2|1|1|1|2|2|1|52UZPE01152001T38MT02EBS001H004452UZPE01152001T38MT02EBS001H0044F0044
2|31|1|52|UZPE011|52001|T38|MT02|ARANDA|CALLE40NUMERO1327ARANDAVIEJO|-77.270436|1.236977||52UZPE01152001T38MT02EBS001H0045|52UZPE01152001T38MT02EBS001H0045F0045|1|1|1|1|52UZPE01152001T38MT02EBS001|900091143|CC|1085286725|AUXILIARDEENFERMERIA|52UZPE01152001T38MT02EBS001H0045F0045CF045|2024-07-08|1||1||5||1||1|2|11|5|2|2|20||1|13|0||3||1||1||1||7|1|1|4|1|1|2|2|2|2|2|2|2||2|2|1|2||9||1|2|2|1|1|1|2|2|1|52UZPE01152001T38MT02EBS001H004552UZPE01152001T38MT02EBS001H0045F0045
2|32|1|52|UZPE011|52001|T38|MT02|ARANDA|CALLE40CASA59ARANDAVIEJO|-77.270436|1.236977||52UZPE01152001T38MT02EBS001H0048|52UZPE01152001T38MT02EBS001H0048F0048|1|2|2|1|52UZPE01152001T38MT02EBS001|900091143|CC|1085286725|AUXILIARDEENFERMERIA|52UZPE01152001T38MT02EBS001H0048F0048CF048|2024-07-08|1||1||3||4||1|2|11|5|2|2|20||1|13|0||3||1||1||1||1|1|3|2|1|1|2|2|2|2|2|2|2||2|2|1|2||9||1|2|2|1|1|1|2|2|1|52UZPE01152001T38MT02EBS001H004852UZPE01152001T38MT02EBS001H0048F0048
2|33|1|52|UZPE011|52001|T38|MT02|ARANDA|CALLE40CASA59ARANDAVIEJO|-77.270436|1.236977||52UZPE01152001T38MT02EBS001H0049|52UZPE01152001T38MT02EBS001H0049F0049|1|2|2|1|52UZPE01152001T38MT02EBS001|900091143|CC|1085286725|AUXILIARDEENFERMERIA|52UZPE01152001T38MT02EBS001H0049F0049CF049|2024-07-08|1||1||3||4||1|2|11|5|2|2|20||1|13|0||3||1||1||1||1|4|3|1|1|1|1|2|2|2|2|2|2||2|2|1|2||9||1|2|2|1|1|1|2|2|1|52UZPE01152001T38MT02EBS001H004952UZPE01152001T38MT02EBS001H0049F0049
2|34|1|52|UZPE011|52001|T38|MT02|ARANDA|CALLE40CASA60ARANDAVIEJO|-77.270436|1.236977||52UZPE01152001T38MT02EBS001H0051|52UZPE01152001T38MT02EBS001H0051F0051|1|1|1|2|52UZPE01152001T38MT02EBS001|900091143|CC|1085286725|AUXILIARDEENFERMERIA|52UZPE01152001T38MT02EBS001H0051F0051CF051|2024-07-08|1||1||3||4||1|2|11|5|2|2|20||2|13|0||3||1||1||1||1|2|2|1|1|1|1|2|2|2|2|2|2||2|2|1|1||9||1|2|2|1|1|1|2|2|1|52UZPE01152001T38MT02EBS001H005152UZPE01152001T38MT02EBS001H0051F0051
2|35|1|52|UZPE011|52001|T38|MT02|ARANDA|CALLE40CADA56AARANDAVIEJO|-77.270436|1.236977||52UZPE01152001T38MT02EBS001H0054|52UZPE01152001T38MT02EBS001H0054F0054|1|1|1|1|52UZPE01152001T38MT02EBS001|900091143|CC|1085286725|AUXILIARDEENFERMERIA|52UZPE01152001T38MT02EBS001H0054F0054CF054|2024-07-08|1||1||3||1||1|2|11|5|2|2|20||1|13|0||3||1||1||1||7|1|3|1|1|1|1|2|2|2|2|2|2||2|2|1|2||9||1|2|2|1|1|1|2|2|1|52UZPE01152001T38MT02EBS001H005452UZPE01152001T38MT02EBS001H0054F0054
2|36|1|52|UZPE011|52001|T38|MT02|ARANDA|CALLE40CADA56AARANDAVIEJO|-77.270436|1.236977||52UZPE01152001T38MT02EBS001H0055|52UZPE01152001T38MT02EBS001H0055F0055|1|1|1|1|52UZPE01152001T38MT02EBS001|900091143|CC|1085286725|AUXILIARDEENFERMERIA|52UZPE01152001T38MT02EBS001H0055F0055CF055|2024-07-08|1||1||3||1||1|2|11|5|3|2|20||1|13|0||3||1||1||1||1|2|3|1|1|1|1|2|2|2|2|2|2||2|2|1|2||9||1|2|2|1|1|1|2|2|1|52UZPE01152001T38MT02EBS001H005552UZPE01152001T38MT02EBS001H0055F0055
2|37|1|52|UZPE011|52001|T38|MT02|ARANDA|CALLE40CASA1ARANDAVIEJO|-77.270436|1.236977||52UZPE01152001T38MT02EBS001H0058|52UZPE01152001T38MT02EBS001H0058F0058|1|1|1|2|52UZPE01152001T38MT02EBS001|900091143|CC|1085286725|AUXILIARDEENFERMERIA|52UZPE01152001T38MT02EBS001H0058F0058CF058|2024-07-08|1||1||3||1||1|2|11|5|2|2|20||2|13|0||3||1||1||1||1|2|3|1|1|1|1|2|2|2|2|2|2||2|2|1|2||9||1|2|2|1|1|1|2|2|1|52UZPE01152001T38MT02EBS001H005852UZPE01152001T38MT02EBS001H0058F0058
2|38|1|52|UZPE011|52001|T38|MT02|ARANDA|CARRERA2938B29ARANDAVIEJO|-77.270436|1.236977||52UZPE01152001T38MT02EBS001H0059|52UZPE01152001T38MT02EBS001H0059F0059|1|1|1|2|52UZPE01152001T38MT02EBS001|900091143|CC|1085286725|AUXILIARDEENFERMERIA|52UZPE01152001T38MT02EBS001H0059F0059CF059|2024-07-08|1||1||3||1||2|2|11|5|2|2|20||2|13|0||3||1||1||1||1|3|3|3|1|1|1|2|2|2|2|2|2||2|2|1|1||9||1|2|2|1|1|1|2|2|1|52UZPE01152001T38MT02EBS001H005952UZPE01152001T38MT02EBS001H0059F0059
2|39|1|52|UZPE011|52001|T38|MT02|ARANDA|CALLE39NUMERO38B24CASA12ARANDADIVISION1|-77.270436|1.236977||52UZPE01152001T38MT02EBS001H0060|52UZPE01152001T38MT02EBS001H0060F0060|1|1|1|4|52UZPE01152001T38MT02EBS001|900091143|CC|1085286725|AUXILIARDEENFERMERIA|52UZPE01152001T38MT02EBS001H0060F0060CF060|2024-07-09|1||1||3||1||1|2|11|5|3|2|20||2|13|0||3||1||1||1||1|1|3|1|1|1|4|2|2|2|2|2|2||2|2|1|1||9||1|2|2|1|1|1|2|2|1|52UZPE01152001T38MT02EBS001H006052UZPE01152001T38MT02EBS001H0060F0060
2|40|1|52|UZPE011|52001|T38|MT02|ARANDA|CALLE39NUMERO38B24CASA12ARANDADIVISION1|-77.270436|1.236977||52UZPE01152001T38MT02EBS001H0061|52UZPE01152001T38MT02EBS001H0061F0061|1|1|1|4|52UZPE01152001T38MT02EBS001|900091143|CC|1085286725|AUXILIARDEENFERMERIA|52UZPE01152001T38MT02EBS001H0061F0061CF061|2024-07-09|1||1||3||1||1|2|11|5|3|2|20||2|13|0||3||1||1||1||1|4|2|1|1|1|4|2|2|2|2|2|2||2|2|1|2||9||1|2|2|1|1|1|2|2|1|52UZPE01152001T38MT02EBS001H006152UZPE01152001T38MT02EBS001H0061F0061
2|41|1|52|UZPE011|52001|T38|MT02|ARANDA|CALLE40CASA18ARANDAVIEJO|-77.270436|1.236977||52UZPE01152001T38MT02EBS001H0063|52UZPE01152001T38MT02EBS001H0063F0063|1|1|1|2|52UZPE01152001T38MT02EBS001|900091143|CC|1085286725|AUXILIARDEENFERMERIA|52UZPE01152001T38MT02EBS001H0063F0063CF063|2024-07-09|1||1||5||2||1|2|11|5|3|2|20||2|13|0||3||1||1||1||1|4|3|4|1|1|1|2|2|2|2|2|2||2|2|1|2||9||1|2|2|1|1|1|2|2|1|52UZPE01152001T38MT02EBS001H006352UZPE01152001T38MT02EBS001H0063F0063
2|42|1|52|UZPE011|52001|T38|MT02|ARANDA|CALLE40CASA18ARANDAVIEJO|-77.270436|1.236977||52UZPE01152001T38MT02EBS001H0064|52UZPE01152001T38MT02EBS001H0064F0064|1|1|1|2|52UZPE01152001T38MT02EBS001|900091143|CC|1085286725|AUXILIARDEENFERMERIA|52UZPE01152001T38MT02EBS001H0064F0064CF064|2024-07-09|1||1||5||2||1|2|11|5|3|2|20||2|13|0||3||1||1||1||1|2|3|4|1|1|4|2|2|2|2|2|2||2|2|1|2||9||1|2|2|1|1|1|2|2|1|52UZPE01152001T38MT02EBS001H006452UZPE01152001T38MT02EBS001H0064F0064
2|43|1|52|UZPE011|52001|T38|MT02|ARANDA|CARRERA28B3914ARANDAVIEJO|-77.270436|1.236977||52UZPE01152001T38MT02EBS001H0067|52UZPE01152001T38MT02EBS001H0067F0067|1|1|1|1|52UZPE01152001T38MT02EBS001|900091143|CC|1085286725|AUXILIARDEENFERMERIA|52UZPE01152001T38MT02EBS001H0067F0067CF067|2024-07-09|1||1||3||1||1|2|11|5|3|2|20||2|13|0||3||1||1||1||1|3|3|1|1|1|2|2|2|2|2|2|2||2|2|1|2||9||1|2|2|1|1|1|2|2|1|52UZPE01152001T38MT02EBS001H006752UZPE01152001T38MT02EBS001H0067F0067
2|44|1|52|UZPE011|52001|T38|MT02|ARANDA|CASA52AARANDAVIEJO|-77.270436|1.236977||52UZPE01152001T38MT02EBS001H0068|52UZPE01152001T38MT02EBS001H0068F0068|1|1|1|1|52UZPE01152001T38MT02EBS001|900091143|CC|1085286725|AUXILIARDEENFERMERIA|52UZPE01152001T38MT02EBS001H0068F0068CF068|2024-07-09|1||1||3||1||2|2|11|5|4|2|20||2|13|2||3||1||1||1||1|1|3|4|1|1|2|2|2|2|2|2|2||2|2|1|1||9||1|2|2|1|2|1|2|2|1|52UZPE01152001T38MT02EBS001H006852UZPE01152001T38MT02EBS001H0068F0068
2|45|1|52|UZPE011|52001|T38|MT02|ARANDA|CARRERA403457ARANDAVIEJO|-77.270436|1.236977||52UZPE01152001T38MT02EBS001H0070|52UZPE01152001T38MT02EBS001H0070F0070|1|1|1|4|52UZPE01152001T38MT02EBS001|900091143|CC|1085286725|AUXILIARDEENFERMERIA|52UZPE01152001T38MT02EBS001H0070F0070CF070|2024-07-09|1||1||3||1||3|2|11|5|3|2|20||1|13|0||3||1||1||1||1|4|3|1|1|1|2|2|2|2|2|2|2||2|2|1|1||9||1|2|2|1|1|1|2|2|1|52UZPE01152001T38MT02EBS001H007052UZPE01152001T38MT02EBS001H0070F0070
2|46|1|52|UZPE011|52001|T38|MT02|ARANDA|CARRERA403457ARANDAVIEJO|-77.270436|1.236977||52UZPE01152001T38MT02EBS001H0071|52UZPE01152001T38MT02EBS001H0071F0071|1|1|1|4|52UZPE01152001T38MT02EBS001|900091143|CC|1085286725|AUXILIARDEENFERMERIA|52UZPE01152001T38MT02EBS001H0071F0071CF071|2024-07-09|1||1||3||1||3|2|11|5|2|2|20||1|13|0||3||1||1||1||7|1|3|1|1|1|1|2|2|2|2|2|2||2|2|1|2||9||1|2|2|1|1|1|2|2|1|52UZPE01152001T38MT02EBS001H007152UZPE01152001T38MT02EBS001H0071F0071
2|47|1|52|UZPE011|52001|T38|MT02|ARANDA|CARRERA403457ARANDAVIEJO|-77.270436|1.236977||52UZPE01152001T38MT02EBS001H0072|52UZPE01152001T38MT02EBS001H0072F0072|1|1|1|4|52UZPE01152001T38MT02EBS001|900091143|CC|1085286725|AUXILIARDEENFERMERIA|52UZPE01152001T38MT02EBS001H0072F0072CF072|2024-07-09|1||1||3||1||3|2|11|5|2|2|20||1|13|0||3||1||1||1||7|1|3|1|1|1|1|2|2|2|2|2|2||2|2|1|2||9||1|2|2|1|1|1|2|2|1|52UZPE01152001T38MT02EBS001H007252UZPE01152001T38MT02EBS001H0072F0072
2|48|1|52|UZPE011|52001|T38|MT02|ARANDA|CASA56BARANDAVIEJO|-77.270436|1.236977||52UZPE01152001T38MT02EBS001H0082|52UZPE01152001T38MT02EBS001H0082F0082|1|1|1|2|52UZPE01152001T38MT02EBS001|900091143|CC|1085286725|AUXILIARDEENFERMERIA|52UZPE01152001T38MT02EBS001H0082F0082CF082|2024-07-08|1||1||3||1||1|2|11|5|2|2|20||1|13|0||3||1||1||1||1|2|3|1|1|1|1|2|2|2|2|2|2||2|2|1|2||9||1|2|2|1|1|1|2|2|1|52UZPE01152001T38MT02EBS001H008252UZPE01152001T38MT02EBS001H0082F0082
2|49|1|52|UZPE011|52001|T38|MT02|ARANDA|ARANVIEJOCALLE40CASA56|-77.270436|1.236977||52UZPE01152001T38MT02EBS001H0083|52UZPE01152001T38MT02EBS001H0083F0083|1|1|1|3|52UZPE01152001T38MT02EBS001|900091143|CC|1085286725|AUXILIARDEENFERMERIA|52UZPE01152001T38MT02EBS001H0083F0083CF083|2024-07-11|1||1||3||1||1|2|11|1|2|2|20||1|13|0||3||1||1||1||1|1|3|1|1|1|1|2|2|2|2|2|2||2|2|1|2||9||1|2|2|1|1|1|2|2|1|52UZPE01152001T38MT02EBS001H008352UZPE01152001T38MT02EBS001H0083F0083
2|50|1|52|UZPE011|52001|T38|MT02|ARANDA|CASA7AARANDAVIEJO|-77.366524|1.228076||52UZPE01152001T38MT02EBS001H0084|52UZPE01152001T38MT02EBS001H0084F0084|1|2|2|6|52UZPE01152001T38MT02EBS001|900091143|CC|1085286725|AUXILIARDEENFERMERIA|52UZPE01152001T38MT02EBS001H0084F0084CF084|2024-07-11|1||1||3||1||1|2|11|5|3|2|20||1|13|0||3||1||1||1||1|3|3|1|1|1|1|2|2|2|2|2|2||2|2|1|2||9||1|2|2|1|1|1|2|2|1|52UZPE01152001T38MT02EBS001H008452UZPE01152001T38MT02EBS001H0084F0084
2|51|1|52|UZPE011|52001|T38|MT02|ARANDA|CASA7AARANDAVIEJO|-77.366524|1.228076||52UZPE01152001T38MT02EBS001H0085|52UZPE01152001T38MT02EBS001H0085F0085|1|2|2|6|52UZPE01152001T38MT02EBS001|900091143|CC|1085286725|AUXILIARDEENFERMERIA|52UZPE01152001T38MT02EBS001H0085F0085CF085|2024-07-11|1||1||3||1||1|2|11|5|3|2|20||1|13|0||3||1||1||1||1|3|3|1|1|3|1|2|2|2|2|2|2||2|2|1|1||9||1|2|2|1|1|1|2|2|1|52UZPE01152001T38MT02EBS001H008552UZPE01152001T38MT02EBS001H0085F0085
2|52|1|52|UZPE011|52001|T38|MT02|ARANDA|CRA28CALLE3857ARANDAVIEJO|-77.270436|1.236977||52UZPE01152001T38MT02EBS001H0088|52UZPE01152001T38MT02EBS001H0088F0088|1|1|1|2|52UZPE01152001T38MT02EBS001|900091143|CC|1085286725|AUXILIARDEENFERMERIA|52UZPE01152001T38MT02EBS001H0088F0088CF088|2024-07-15|1||1||3||1||1|2|11|5|3|2|20||2|13|0||3||1||1||1||1|2|3|1|1|1|1|2|2|2|2|2|2||2|2|1|2||9||1|2|2|1|1|1|2|2|1|52UZPE01152001T38MT02EBS001H008852UZPE01152001T38MT02EBS001H0088F0088
2|53|1|52|UZPE011|52001|T38|MT02|ARANDA|CALLE24NUMERO41191ARANDAVIEJO|-77.270436|1.236977||52UZPE01152001T38MT02EBS001H0089|52UZPE01152001T38MT02EBS001H0089F0089|1|1|1|2|52UZPE01152001T38MT02EBS001|900091143|CC|1085286725|AUXILIARDEENFERMERIA|52UZPE01152001T38MT02EBS001H0089F0089CF089|2024-07-15|1||1||3||1||1|2|11|5|3|2|20||2|13|0||3||1||1||1||1|2|3|1|1|1|1|2|2|2|2|2|2||2|2|1|1||9||1|2|2|1|2|1|2|2|1|52UZPE01152001T38MT02EBS001H008952UZPE01152001T38MT02EBS001H0089F0089
2|54|1|52|UZPE011|52001|T38|MT02|ARANDA|CASA12ARANDAVIEJO1|-77.270436|1.236977||52UZPE01152001T38MT02EBS001H0091|52UZPE01152001T38MT02EBS001H0091F0091|1|2|2|3|52UZPE01152001T38MT02EBS001|900091143|CC|1085286725|AUXILIARDEENFERMERIA|52UZPE01152001T38MT02EBS001H0091F0091CF091|2024-07-15|1||1||3||1||2|2|11|5|3|2|20||2|13|0||3||1||1||1||1|3|3|1|1|1|1|2|2|2|2|2|2||2|2|1|2||9||1|2|2|1|1|1|2|2|1|52UZPE01152001T38MT02EBS001H009152UZPE01152001T38MT02EBS001H0091F0091
2|55|1|52|UZPE011|52001|T38|MT02|ARANDA|CASA12ARANDAVIEJO1|-77.270436|1.236977||52UZPE01152001T38MT02EBS001H0092|52UZPE01152001T38MT02EBS001H0092F0092|1|2|2|3|52UZPE01152001T38MT02EBS001|900091143|CC|1085286725|AUXILIARDEENFERMERIA|52UZPE01152001T38MT02EBS001H0092F0092CF092|2024-07-15|1||1||3||1||2|2|11|5|3|2|20||2|13|0||3||1||1||1||1|1|3|1|1|1|1|2|2|2|2|2|2||2|2|1|2||9||1|2|2|1|1|1|2|2|1|52UZPE01152001T38MT02EBS001H009252UZPE01152001T38MT02EBS001H0092F0092
2|56|1|52|UZPE011|52001|T38|MT02|ARANDA|CALLE24CARRERA41121CASA2ARANDAVIEJO|-77.270436|1.236977||52UZPE01152001T38MT02EBS001H0098|52UZPE01152001T38MT02EBS001H0098F0098|1|1|1|3|52UZPE01152001T38MT02EBS001|900091143|CC|1085286725|AUXILIARDEENFERMERIA|52UZPE01152001T38MT02EBS001H0098F0098CF098|2024-07-15|1||1||3||1||2|2|11|5|3|2|20||2|9,10|2||3||1||1||1||1|3|3|1|1|1|1|2|2|2|2|2|2||2|2|1|2||9||1|2|2|1|1|1|2|2|1|52UZPE01152001T38MT02EBS001H009852UZPE01152001T38MT02EBS001H0098F0098
2|57|1|52|UZPE011|52001|T38|MT02|ARANDA|CALLE24CARRERA41121CASA2ARANDAVIEJO|-77.270436|1.236977||52UZPE01152001T38MT02EBS001H0099|52UZPE01152001T38MT02EBS001H0099F0099|1|1|1|3|52UZPE01152001T38MT02EBS001|900091143|CC|1085286725|AUXILIARDEENFERMERIA|52UZPE01152001T38MT02EBS001H0099F0099CF099|2024-07-15|1||1||3||1||2|2|11|5|3|2|20||2|9,10|2||3||1||1||1||1|1|3|1|1|1|1|2|2|2|2|2|2||2|2|1|2||9||1|2|2|1|1|1|2|2|1|52UZPE01152001T38MT02EBS001H009952UZPE01152001T38MT02EBS001H0099F0099
2|58|1|52|UZPE011|52001|T38|MT02|ARANDA|CALLE37BCRA27E31CASA2ARANDAVIEJO|-77.270436|1.236977||52UZPE01152001T38MT02EBS001H0101|52UZPE01152001T38MT02EBS001H0101F0101|1|1|1|1|52UZPE01152001T38MT02EBS001|900091143|CC|1085286725|AUXILIARDEENFERMERIA|52UZPE01152001T38MT02EBS001H0101F0101CF101|2024-07-15|1||1||3||1||1|2|11|5|3|2|20||2|9,10|2||3||1||1||1||1|1|3|1|1|1|1|2|2|2|2|2|2||2|2|1|2||9||1|2|2|1|1|1|2|2|1|52UZPE01152001T38MT02EBS001H010152UZPE01152001T38MT02EBS001H0101F0101
2|59|1|52|UZPE011|52001|T38|MT02|ARANDA|CRA37B2858ARANDAVIEJO|-77.270436|1.236977||52UZPE01152001T38MT02EBS001H0113|52UZPE01152001T38MT02EBS001H0113F0113|1|1|1|3|52UZPE01152001T38MT02EBS001|900091143|CC|1085286725|AUXILIARDEENFERMERIA|52UZPE01152001T38MT02EBS001H0113F0113CF113|2024-07-16|1||1||3||1||2|2|11|5|2|2|20||2|13|0||3||1||1||1||1|3|3|1|1|1|1|2|2|2|2|2|2||2|2|1|2||9||1|2|2|1|1|1|2|2|1|52UZPE01152001T38MT02EBS001H011352UZPE01152001T38MT02EBS001H0113F0113
2|60|1|52|UZPE011|52001|T38|MT02|ARANDA|CRA27E3715ARANDAVIEJO|-77.270436|1.236977||52UZPE01152001T38MT02EBS001H0114|52UZPE01152001T38MT02EBS001H0114F0114|1|1|1|4|52UZPE01152001T38MT02EBS001|900091143|CC|1085286725|AUXILIARDEENFERMERIA|52UZPE01152001T38MT02EBS001H0114F0114CF114|2024-07-16|1||1||3||1||3|2|11|5|3|2|20||2|13|0||3||1||1||1||1|5|3|1|1|1|1|2|2|2|2|2|2||2|2|1|2||9||1|2|2|1|1|1|2|2|1|52UZPE01152001T38MT02EBS001H011452UZPE01152001T38MT02EBS001H0114F0114
2|61|1|52|UZPE011|52001|T38|MT02|ARANDA|CALLE412628ARANDAVIEJO|-77.270436|1.236977||52UZPE01152001T38MT02EBS001H0115|52UZPE01152001T38MT02EBS001H0115F0115|1|1|1|1|52UZPE01152001T38MT02EBS001|900091143|CC|1085286725|AUXILIARDEENFERMERIA|52UZPE01152001T38MT02EBS001H0115F0115CF115|2024-07-16|1||1||3||1||1|2|11|5|3|2|20||2|13|0||3||1||1||1||1|3|3|1|1|1|1|2|2|2|2|2|2||2|2|1|2||9||1|2|2|1|1|1|2|2|1|52UZPE01152001T38MT02EBS001H011552UZPE01152001T38MT02EBS001H0115F0115
2|62|1|52|UZPE011|52001|T38|MT02|ARANDA|CALLE412628ARANDAVIEJO|-77.270436|1.236977||52UZPE01152001T38MT02EBS001H0116|52UZPE01152001T38MT02EBS001H0116F0116|1|1|1|1|52UZPE01152001T38MT02EBS001|900091143|CC|1085286725|AUXILIARDEENFERMERIA|52UZPE01152001T38MT02EBS001H0116F0116CF116|2024-07-16|1||1||3||1||1|2|11|5|3|2|20||2|13|0||3||1||1||1||7|1|3|1|1|1|1|2|2|2|2|2|2||2|2|1|2||9||1|2|2|1|1|1|2|2|1|52UZPE01152001T38MT02EBS001H011652UZPE01152001T38MT02EBS001H0116F0116
2|63|1|52|UZPE011|52001|T38|MT02|ARANDA|CASA9BDIVISION2ARANDAVIEJO|-77.270436|1.236977||52UZPE01152001T38MT02EBS001H0117|52UZPE01152001T38MT02EBS001H0117F0117|1|1|1|1|52UZPE01152001T38MT02EBS001|900091143|CC|1085286725|AUXILIARDEENFERMERIA|52UZPE01152001T38MT02EBS001H0117F0117CF117|2024-07-16|1||1||3||2||1|2|11|5|3|2|20||1|13|0||3||1||1||1||7|1|3|1|1|1|1|2|2|2|2|2|2||2|2|1|2||9||1|2|2|1|1|1|2|2|1|52UZPE01152001T38MT02EBS001H011752UZPE01152001T38MT02EBS001H0117F0117
2|64|1|52|UZPE011|52001|T38|MT02|ARANDA|MANZANAACASA7ARANDABAJO|-77.270436|1.236977||52UZPE01152001T38MT02EBS001H0118|52UZPE01152001T38MT02EBS001H0118F0118|1|1|1|1|52UZPE01152001T38MT02EBS001|900091143|CC|1085286725|AUXILIARDEENFERMERIA|52UZPE01152001T38MT02EBS001H0118F0118CF118|2024-07-16|3||1||3||2||1|1|11|5|2|2|20||1|13|0||3||1||1||1||1|1|3|4|1|1|1|2|2|2|2|2|2||2|2|1|1||9||1|2|2|1|1|1|2|2|1|52UZPE01152001T38MT02EBS001H011852UZPE01152001T38MT02EBS001H0118F0118
2|65|1|52|UZPE011|52001|T38|MT02|ARANDA|CASADNUMERO4ARANDABAJO|-77.270436|1.236977||52UZPE01152001T38MT02EBS001H0119|52UZPE01152001T38MT02EBS001H0119F0119|1|2|2|2|52UZPE01152001T38MT02EBS001|900091143|CC|1085286725|AUXILIARDEENFERMERIA|52UZPE01152001T38MT02EBS001H0119F0119CF119|2024-07-17|1||1||3||1||1|2|11|5|3|2|20||2|13|0||3||1||1||1||1|2|3|1|1|1|1|2|2|2|2|2|2||2|2|1|1||9||1|2|2|1|1|1|2|2|1|52UZPE01152001T38MT02EBS001H011952UZPE01152001T38MT02EBS001H0119F0119
2|66|1|52|UZPE011|52001|T38|MT02|ARANDA|CASADNUMERO4ARANDABAJO|-77.270436|1.236977||52UZPE01152001T38MT02EBS001H0120|52UZPE01152001T38MT02EBS001H0120F0120|1|2|2|2|52UZPE01152001T38MT02EBS001|900091143|CC|1085286725|AUXILIARDEENFERMERIA|52UZPE01152001T38MT02EBS001H0120F0120CF120|2024-07-17|1||1||3||1||1|2|11|5|3|2|20||2|13|0||3||1||1||1||1|2|3|1|1|1|1|2|2|2|2|2|2||2|2|1|2||9||1|2|2|1|1|1|2|2|1|52UZPE01152001T38MT02EBS001H012052UZPE01152001T38MT02EBS001H0120F0120
2|67|1|52|UZPE011|52001|T38|MT02|ARANDA|CRA402315ARANDABJAO|-77.270436|1.236977||52UZPE01152001T38MT02EBS001H0121|52UZPE01152001T38MT02EBS001H0121F0121|1|1|1|1|52UZPE01152001T38MT02EBS001|900091143|CC|1085286725|AUXILIARDEENFERMERIA|52UZPE01152001T38MT02EBS001H0121F0121CF121|2024-05-18|1||1||3||1||1|2|11|5|3|2|20||2|13|0||3||1||1||1||1|1|3|1|1|1|1|2|2|2|2|2|2||2|2|1|2||9||1|2|2|1|1|1|2|2|1|52UZPE01152001T38MT02EBS001H012152UZPE01152001T38MT02EBS001H0121F0121
2|68|1|52|UZPE011|52001|T38|MT02|ARANDA|CALLE23NUMERO40A04ARANDABAJO|-77.270436|1.236977||52UZPE01152001T38MT02EBS001H0122|52UZPE01152001T38MT02EBS001H0122F0122|1|1|1|3|52UZPE01152001T38MT02EBS001|900091143|CC|1085286725|AUXILIARDEENFERMERIA|52UZPE01152001T38MT02EBS001H0122F0122CF122|2024-07-17|1||1||3||1||2|2|11|5|3|2|20||2|13|0||3||1||1||1||1|3|3|1|1|1|4|2|2|2|2|2|2||2|2|1|2||9||1|2|2|1|1|1|2|2|1|52UZPE01152001T38MT02EBS001H012252UZPE01152001T38MT02EBS001H0122F0122
2|69|1|52|UZPE011|52001|T38|MT02|ARANDA|CRA2835B6CASA3ARANDABAJO|-77.270436|1.236977||52UZPE01152001T38MT02EBS001H0123|52UZPE01152001T38MT02EBS001H0123F0123|1|2|2|2|52UZPE01152001T38MT02EBS001|900091143|CC|1085286725|AUXILIARDEENFERMERIA|52UZPE01152001T38MT02EBS001H0123F0123CF123|2024-07-17|1||1||3||1||2|2|11|5|3|2|20||2|13|0||3||1||1||1||1|2|3|1|1|1|2|2|2|2|2|2|2||2|2|1|2||9||1|2|2|1|1|1|2|2|1|52UZPE01152001T38MT02EBS001H012352UZPE01152001T38MT02EBS001H0123F0123
2|70|1|52|UZPE011|52001|T38|MT02|ARANDA|CRA2835B6CASA3ARANDABAJO|-77.270436|1.236977||52UZPE01152001T38MT02EBS001H0124|52UZPE01152001T38MT02EBS001H0124F0124|1|2|2|2|52UZPE01152001T38MT02EBS001|900091143|CC|1085286725|AUXILIARDEENFERMERIA|52UZPE01152001T38MT02EBS001H0124F0124CF124|2024-07-17|1||1||3||1||2|2|11|5|3|2|20||2|13|0||3||1||1||1||1|2|3|1|1|1|1|2|2|2|2|2|2||2|2|1|1||9||1|2|2|1|2|1|2|2|1|52UZPE01152001T38MT02EBS001H012452UZPE01152001T38MT02EBS001H0124F0124
2|71|1|52|UZPE011|52001|T38|MT02|ARANDA|CALLE35CARRERA2812DIVISION1ARANDABAJO|-77.270436|1.236977||52UZPE01152001T38MT02EBS001H0125|52UZPE01152001T38MT02EBS001H0125F0125|1|2|2|3|52UZPE01152001T38MT02EBS001|900091143|CC|1085286725|AUXILIARDEENFERMERIA|52UZPE01152001T38MT02EBS001H0125F0125CF125|2024-07-17|1||1||4||2||1|2|11|5|2|2|20||2|13|0||3||1||1||1||1|3|3|4|1|1|2|2|2|2|2|2|2||2|2|1|1||9||1|2|2|1|1|1|2|2|1|52UZPE01152001T38MT02EBS001H012552UZPE01152001T38MT02EBS001H0125F0125
2|72|1|52|UZPE011|52001|T38|MT02|ARANDA|CALLE35CARRERA2812DIVISION1ARANDABAJO|-77.270436|1.236977||52UZPE01152001T38MT02EBS001H0126|52UZPE01152001T38MT02EBS001H0126F0126|1|2|2|3|52UZPE01152001T38MT02EBS001|900091143|CC|1085286725|AUXILIARDEENFERMERIA|52UZPE01152001T38MT02EBS001H0126F0126CF126|2024-07-17|1||1||4||2||1|2|11|5|2|2|20||2|13|0||3||1||1||1||7|1|3|4|1|1|1|2|2|2|2|2|2||2|2|1|2||9||1|2|2|1|1|1|2|2|1|52UZPE01152001T38MT02EBS001H012652UZPE01152001T38MT02EBS001H0126F0126
2|73|1|52|UZPE011|52001|T38|MT02|ARANDA|CASA2DCARRERA28ARANDABAJO|-77.270436|1.236977||52UZPE01152001T38MT02EBS001H0127|52UZPE01152001T38MT02EBS001H0127F0127|1|2|2|6|52UZPE01152001T38MT02EBS001|900091143|CC|1085286725|AUXILIARDEENFERMERIA|52UZPE01152001T38MT02EBS001H0127F0127CF127|2024-07-17|1||1||3||2||2|2|11|5|2|2|20||2|13|0||3||1||1||1||1|2|3|2|1|1|1|2|2|2|2|2|2||2|2|1|1||9||1|2|2|1|2|1|2|2|1|52UZPE01152001T38MT02EBS001H012752UZPE01152001T38MT02EBS001H0127F0127
2|74|1|52|UZPE011|52001|T38|MT02|ARANDA|CRA44CALLE26DIVISION1PORTALDELNORTE|-77.270436|1.236977||52UZPE01152001T38MT02EBS001H0152|52UZPE01152001T38MT02EBS001H0152F0152|3|1|1|1|52UZPE01152001T38MT02EBS001|900091143|CC|1085286725|AUXILIARDEENFERMERIA|52UZPE01152001T38MT02EBS001H0152F0152CF152|2024-07-25|1||1||3||1||2|2|11|5|2|2|20||2|13|0||3||1||1||1||1|3|3|1|1|1|1|2|2|2|2|2|2||2|2|1|2||9||1|2|2|1|1|1|2|2|1|52UZPE01152001T38MT02EBS001H015252UZPE01152001T38MT02EBS001H0152F0152
2|75|1|52|UZPE011|52001|T38|MT02|ARANDA|CASA015ARANDAPUEBLO|-77.270436|1.236977||52UZPE01152001T38MT02EBS001H0153|52UZPE01152001T38MT02EBS001H0153F0153|1|2|2|4|52UZPE01152001T38MT02EBS001|900091143|CC|1085286725|AUXILIARDEENFERMERIA|52UZPE01152001T38MT02EBS001H0153F0153CF153|2024-07-22|1||1||3||1||3|2|11|5|2|2|20||2|9,10|2||3||1||1||1||1|4|3|1|1|1|1|2|2|2|2|2|2||2|2|1|2||9||1|2|2|1|2|1|2|2|1|52UZPE01152001T38MT02EBS001H015352UZPE01152001T38MT02EBS001H0153F0153
2|76|1|52|UZPE011|52001|T38|MT02|ARANDA|CASA015ARANDAPUEBLO|-77.270436|1.236977||52UZPE01152001T38MT02EBS001H0154|52UZPE01152001T38MT02EBS001H0154F0154|1|2|2|4|52UZPE01152001T38MT02EBS001|900091143|CC|1085286725|AUXILIARDEENFERMERIA|52UZPE01152001T38MT02EBS001H0154F0154CF154|2024-07-22|1||1||3||1||3|2|11|5|2|2|20||2|9,10|2||3||1||1||1||1|3|3|1|1|1|1|2|2|2|2|2|2||2|2|1|2||9||1|2|2|1|1|1|2|2|1|52UZPE01152001T38MT02EBS001H015452UZPE01152001T38MT02EBS001H0154F0154
2|77|1|52|UZPE011|52001|T38|MT02|ARANDA|CASA42AARANDAVIEKO|-77.270436|1.236977||52UZPE01152001T38MT02EBS001H0155|52UZPE01152001T38MT02EBS001H0155F0155|1|1|1|5|52UZPE01152001T38MT02EBS001|900091143|CC|1085286725|AUXILIARDEENFERMERIA|52UZPE01152001T38MT02EBS001H0155F0155CF155|2024-08-01|1||1||3||1||4|2|11|5|2|2|20||2|13|0||3||1||1||1||1|5|3|1|1|1|1|2|2|2|2|2|2||2|2|1|2||9||1|2|2|1|1|1|2|2|1|52UZPE01152001T38MT02EBS001H015552UZPE01152001T38MT02EBS001H0155F0155
2|78|1|52|UZPE011|52001|T38|MT02|ARANDA|CALLE3431CASA12|-77.270436|1.236977||52UZPE01152001T38MT02EBS001H0156|52UZPE01152001T38MT02EBS001H0156F0156|1|2|2|2|52UZPE01152001T38MT02EBS001|900091143|CC|1085286725|AUXILIARDEENFERMERIA|52UZPE01152001T38MT02EBS001H0156F0156CF156|2024-08-01|1||1||3||1||4|2|11|5|3|2|20||2|13|0||3||1||1||1||7|1|3|1|1|1|1|2|2|2|2|2|2||2|2|1|1||9||1|2|2|1|1|1|2|2|1|52UZPE01152001T38MT02EBS001H015652UZPE01152001T38MT02EBS001H0156F0156
2|79|1|52|UZPE011|52001|T38|MT02|ARANDA|CALLE3431CASA12|-77.270436|1.236977||52UZPE01152001T38MT02EBS001H0157|52UZPE01152001T38MT02EBS001H0157F0157|1|2|2|2|52UZPE01152001T38MT02EBS001|900091143|CC|1085286725|AUXILIARDEENFERMERIA|52UZPE01152001T38MT02EBS001H0157F0157CF157|2024-08-01|1||1||3||1||4|2|11|5|3|2|20||2|13|0||3||1||1||1||1|2|3|1|1|1|1|2|2|2|2|2|2||2|2|1|1||9||1|2|2|1|1|1|2|2|1|52UZPE01152001T38MT02EBS001H015752UZPE01152001T38MT02EBS001H0157F0157
2|80|1|52|UZPE011|52001|T38|MT02|ARANDA|CALLE3431CASA12|-77.270436|1.236977||52UZPE01152001T38MT02EBS001H0158|52UZPE01152001T38MT02EBS001H0158F0158|1|2|2|2|52UZPE01152001T38MT02EBS001|900091143|CC|1085286725|AUXILIARDEENFERMERIA|52UZPE01152001T38MT02EBS001H0158F0158CF158|2024-08-01|1||1||3||1||4|2|11|5|3|2|20||2|13|0||3||1||1||1||1|2|3|1|1|1|1|2|2|2|2|2|2||2|2|1|2||9||1|2|2|1|1|1|2|2|1|52UZPE01152001T38MT02EBS001H015852UZPE01152001T38MT02EBS001H0158F0158
2|81|1|52|UZPE011|52001|T38|MT02|ARANDA|MANZANABCASA19|-77.270436|1.236977||52UZPE01152001T38MT02EBS001H0161|52UZPE01152001T38MT02EBS001H0161F0161|1|1|1|1|52UZPE01152001T38MT02EBS001|900091143|CC|1085286725|AUXILIARDEENFERMERIA|52UZPE01152001T38MT02EBS001H0161F0161CF161|2024-08-05|1||1||3||1||1|2|11|5|2|2|20||1|13|0||3||1||1||1||7|1|3|1|1|1|1|2|2|2|2|2|2||2|2|1|1||9||1|2|2|1|1|1|2|2|1|52UZPE01152001T38MT02EBS001H016152UZPE01152001T38MT02EBS001H0161F0161
2|82|1|52|UZPE011|52001|T38|MT02|ARANDA|CRA44CALLE24113PORTALDEARANDA|-77.270436|1.236977||52UZPE01152001T38MT02EBS001H0163|52UZPE01152001T38MT02EBS001H0163F0163|1|1|1|2|52UZPE01152001T38MT02EBS001|900091143|CC|1085286725|AUXILIARDEENFERMERIA|52UZPE01152001T38MT02EBS001H0163F0163CF163|2024-08-07|4||1||3||1||2|2|11|5|2|2|20||2|13|0||1||1||1||1||1|2|3|1|1|1|1|2|2|2|2|2|2||2|2|1|2||9||1|2|2|1|1|1|2|2|1|52UZPE01152001T38MT02EBS001H016352UZPE01152001T38MT02EBS001H0163F0163
2|83|1|52|UZPE011|52001|T38|MT02|ARANDA|CASA5ABARRIOARANDA|-77.270436|1.236977||52UZPE01152001T38MT02EBS001H0165|52UZPE01152001T38MT02EBS001H0165F0165|1|1|1|4|52UZPE01152001T38MT02EBS001|900091143|CC|1085286725|AUXILIARDEENFERMERIA|52UZPE01152001T38MT02EBS001H0165F0165CF165|2024-08-07|1||1||3||1||3|2|11|5|3|2|20||2|13|0||3||1||1||1||1|4|3|1|1|1|1|2|2|2|2|2|2||2|2|1|2||9||1|2|2|1|1|1|2|2|1|52UZPE01152001T38MT02EBS001H016552UZPE01152001T38MT02EBS001H0165F0165
2|84|1|52|UZPE011|52001|T38|MT02|ARANDA|CALLE34NUMERO41N94|-77.270436|1.236977||52UZPE01152001T38MT02EBS001H0168|52UZPE01152001T38MT02EBS001H0168F0168|1|1|1|2|52UZPE01152001T38MT02EBS001|900091143|CC|1085286725|AUXILIARDEENFERMERIA|52UZPE01152001T38MT02EBS001H0168F0168CF168|2024-08-07|1||1||3||1||2|2|11|5|3|2|20||1|13|0||3||1||1||1||1|2|3|1|1|1|1|2|2|2|2|2|2||2|2|1|2||9||1|2|2|1|1|1|2|2|1|52UZPE01152001T38MT02EBS001H016852UZPE01152001T38MT02EBS001H0168F0168
2|85|1|52|UZPE011|52001|T38|MT02|ARANDA|ARANDACASA21|-77.270436|1.236977||52UZPE01152001T38MT02EBS001H0169|52UZPE01152001T38MT02EBS001H0169F0169|1|1|1|3|52UZPE01152001T38MT02EBS001|900091143|CC|1085286725|AUXILIARDEENFERMERIA|52UZPE01152001T38MT02EBS001H0169F0169CF169|2024-08-07|1||1||3||1||3|2|11|5|3|2|20||1|13|0||3||1||1||1||1|3|3|1|1|1|1|2|2|2|2|2|2||2|2|1|2||9||1|2|2|1|2|1|2|2|1|52UZPE01152001T38MT02EBS001H016952UZPE01152001T38MT02EBS001H0169F0169
2|86|1|52|UZPE011|52001|T38|MT02|ARANDA|MANZANAACASA16PORTALDEARANDACRA333410|-77.270436|1.236977||52UZPE01152001T38MT02EBS001H0172|52UZPE01152001T38MT02EBS001H0172F0172|1|2|2|3|52UZPE01152001T38MT02EBS001|900091143|CC|1085286725|AUXILIARDEENFERMERIA|52UZPE01152001T38MT02EBS001H0172F0172CF172|2024-07-22|1||1||3||1||2|2|11|5|2|2|20||2|13|0||3||1||1||1||1|3|3|1|1|1|1|2|2|2|2|2|2||2|2|1|2||9||1|2|2|1|1|1|2|2|1|52UZPE01152001T38MT02EBS001H017252UZPE01152001T38MT02EBS001H0172F0172
2|87|1|52|UZPE011|52001|T38|MT02|ARANDA|MANZANAACASA16PORTALDEARANDACRA333410|-77.270436|1.236977||52UZPE01152001T38MT02EBS001H0173|52UZPE01152001T38MT02EBS001H0173F0173|1|2|2|3|52UZPE01152001T38MT02EBS001|900091143|CC|1085286725|AUXILIARDEENFERMERIA|52UZPE01152001T38MT02EBS001H0173F0173CF173|2024-07-22|1||1||3||1||2|2|11|5|2|2|20||2|13|0||3||1||1||1||1|2|3|1|1|1|1|2|2|2|2|2|2||2|2|1|2||9||1|2|2|1|1|1|2|2|1|52UZPE01152001T38MT02EBS001H017352UZPE01152001T38MT02EBS001H0173F0173
2|88|1|52|UZPE011|52001|T38|MT02|ARANDA|CAR39NUMERO27D42ARANDAVIEJO|-77.270436|1.236977||52UZPE01152001T38MT02EBS001H0175|52UZPE01152001T38MT02EBS001H0175F0175|1|1|1|2|52UZPE01152001T38MT02EBS001|900091143|CC|1085286725|AUXILIARDEENFERMERIA|52UZPE01152001T38MT02EBS001H0175F0175CF175|2024-08-12|1||1||3||1||2|2|11|5|3|2|20||1|13|0||3||1||1||1||1|2|3|1|1|1|1|2|2|2|2|2|2||2|2|1|2||9||1|2|2|1|1|1|2|2|1|52UZPE01152001T38MT02EBS001H017552UZPE01152001T38MT02EBS001H0175F0175
2|89|1|52|UZPE011|52001|T38|MT01|SOL DE ORIENTE|MANZANANCASA11SOLDEORIENTE|-77.271079|1.235452||52UZPE01152001T38MT01EBS001H0181|52UZPE01152001T38MT01EBS001H0181F0181|1|1|1|3|52UZPE01152001T38MT01EBS001|900091143|CC|27097745|ENFERMERA|52UZPE01152001T38MT01EBS001H0181F0181CF181|2024-11-17|1||1||3||1||3|2|11|5|3|2|20||2|13|0||1||1||1||1||1|3|3|1|1|1|1|2|2|2|2|2|2||2|2|2|1||9||2|2|2|1|1|1|2|2|1|52UZPE01152001T38MT01EBS001H018152UZPE01152001T38MT01EBS001H0181F0181
2|90|1|52|UZPE011|52001|T38|MT01|SOL DE ORIENTE|MANZANANCASA2SOLDEORIENTE|-77.271294|1.235215||52UZPE01152001T38MT01EBS001H0182|52UZPE01152001T38MT01EBS001H0182F0182|1|1|1|3|52UZPE01152001T38MT01EBS001|900091143|CC|27097745|ENFERMERA|52UZPE01152001T38MT01EBS001H0182F0182CF182|2024-11-17|1||1||3||1||2|2|11|5|3|2|20||2|13|0||1||1||1||1||1|3|3|1|1|1|1|2|2|2|2|2|2||2|2|1|2||9||1|2|2|1|1|1|2|2|1|52UZPE01152001T38MT01EBS001H018252UZPE01152001T38MT01EBS001H0182F0182
2|91|1|52|UZPE011|52001|T38|MT01|SOL DE ORIENTE|CASA2MANZANAL|-77.27133|1.235441||52UZPE01152001T38MT01EBS001H0183|52UZPE01152001T38MT01EBS001H0183F0183|1|1|1|5|52UZPE01152001T38MT01EBS001|900091143|CC|1004235479|AUXILIARDEENFERMERIA|52UZPE01152001T38MT01EBS001H0183F0183CF183|2024-11-17|1||1||3||1||4|2|11|5|3|2|20||2|13|0||1||1||1||1||1|5|1|1|1|1|1|2|2|2|2|2|2||2|2|2|2||9||2|2|2|1|1|1|2|2|1|52UZPE01152001T38MT01EBS001H018352UZPE01152001T38MT01EBS001H0183F0183
2|92|1|52|UZPE011|52001|T38|MT01|SOL DE ORIENTE|CASA8MANZANAL|-77.271224|1.235355||52UZPE01152001T38MT01EBS001H0184|52UZPE01152001T38MT01EBS001H0184F0184|1|1|1|2|52UZPE01152001T38MT01EBS001|900091143|CC|1004235479|AUXILIARDEENFERMERIA|52UZPE01152001T38MT01EBS001H0184F0184CF184|2024-11-17|1||1||3||1||2|2|11|5|3|2|20||2|13|0||1||1||1||1||2|2|1|1|1|1|1|2|2|2|2|2|2||2|2|2|2||9||2|2|2|1|1|1|2|2|1|52UZPE01152001T38MT01EBS001H018452UZPE01152001T38MT01EBS001H0184F0184
2|93|1|52|UZPE011|52001|T38|MT01|SOL DE ORIENTE|CASA5MANZANAM|-77.270756|1.235037||52UZPE01152001T38MT01EBS001H0185|52UZPE01152001T38MT01EBS001H0185F0185|1|1|1|3|52UZPE01152001T38MT01EBS001|900091143|CC|1004235479|AUXILIARDEENFERMERIA|52UZPE01152001T38MT01EBS001H0185F0185CF185|2024-11-17|1||1||3||1||3|2|11|5|3|2|20||2|13|0||1||1||1||1||2|3|1|1|1|1|1|2|2|2|2|2|2||2|2|2|2||9||2|2|2|1|2|1|2|2|1|52UZPE01152001T38MT01EBS001H018552UZPE01152001T38MT01EBS001H0185F0185
2|94|1|52|UZPE011|52001|T38|MT01|SOL DE ORIENTE|MANZANANCASA16|-77.270469|1.235619||52UZPE01152001T38MT01EBS001H0186|52UZPE01152001T38MT01EBS001H0186F0186|1|4|4|4|52UZPE01152001T38MT01EBS001|900091143|CC|27097745|ENFERMERA|52UZPE01152001T38MT01EBS001H0186F0186CF186|2024-11-18|1||1||3||1||4|2|11|5|3|2|20||2|13|0||1||1||1||1||1|4|3|1|1|1|1|2|2|2|2|2|2||2|2|1|1||9||1|2|2|1|1|1|2|2|1|52UZPE01152001T38MT01EBS001H018652UZPE01152001T38MT01EBS001H0186F0186
2|95|1|52|UZPE011|52001|T38|MT01|SOL DE ORIENTE|CASA7MNAZANK|-77.271451|1.235424||52UZPE01152001T38MT01EBS001H0187|52UZPE01152001T38MT01EBS001H0187F0187|1|1|1|2|52UZPE01152001T38MT01EBS001|900091143|CC|1004235479|AUXILIARDEENFERMERIA|52UZPE01152001T38MT01EBS001H0187F0187CF187|2024-11-17|1||1||3||1||2|2|11|5|3|2|20||2|13|0||1||1||1||1||2|2|3|1|1|1|1|2|2|2|2|2|2||2|2|2|2||9||2|2|2|1|2|1|2|2|1|52UZPE01152001T38MT01EBS001H018752UZPE01152001T38MT01EBS001H0187F0187
2|96|1|52|UZPE011|52001|T38|MT01|SOL DE ORIENTE|CASA8MANZANAM|-77.270049|1.235934||52UZPE01152001T38MT01EBS001H0188|52UZPE01152001T38MT01EBS001H0188F0188|1|1|1|4|52UZPE01152001T38MT01EBS001|900091143|CC|1004235479|AUXILIARDEENFERMERIA|52UZPE01152001T38MT01EBS001H0188F0188CF188|2024-11-17|1||1||3||1||4|2|11|5|3|2|20||2|13|0||1||1||1||1||1|4|1|1|1|1|2|2|2|2|2|2|2||2|2|2|2||9||2|2|2|1|1|1|2|2|1|52UZPE01152001T38MT01EBS001H018852UZPE01152001T38MT01EBS001H0188F0188
2|97|1|52|UZPE011|52001|T38|MT01|SOL DE ORIENTE|MANZANATCASA19SOLDEORIENTE|-77.270021|1.236034||52UZPE01152001T38MT01EBS001H0189|52UZPE01152001T38MT01EBS001H0189F0189|1|1|1|4|52UZPE01152001T38MT01EBS001|900091143|CC|27097745|ENFERMERA|52UZPE01152001T38MT01EBS001H0189F0189CF189|2024-11-18|1||1||3||1||3|1|11|5|3|2|20||2|13|0||1||1||1||1||2|3|3|1|1|1|1|2|2|2|2|2|2||2|2|2|1||9||2|2|2|1|2|1|2|2|1|52UZPE01152001T38MT01EBS001H018952UZPE01152001T38MT01EBS001H0189F0189
2|98|1|52|UZPE011|52001|T38|MT01|SOL DE ORIENTE|MANZANANCASA7|-77.270907|1.235521||52UZPE01152001T38MT01EBS001H0190|52UZPE01152001T38MT01EBS001H0190F0190|1|1|1|1|52UZPE01152001T38MT01EBS001|900091143|CC|1085265622|ODONTOLOGIA|52UZPE01152001T38MT01EBS001H0190F0190CF190|2024-11-17|1||1||3||4||1|2|11|5|3|2|20||2|13|0||1||1||1||1||7|1|2|1|1|1|2|2|2|2|2|2|2||2|2|1|1||9||1|2|2|1|2|1|2|2|1|52UZPE01152001T38MT01EBS001H019052UZPE01152001T38MT01EBS001H0190F0190
2|99|1|52|UZPE011|52001|T38|MT01|SOL DE ORIENTE|MANZANAQCASA5|-77.270175|1.23629||52UZPE01152001T38MT01EBS001H0191|52UZPE01152001T38MT01EBS001H0191F0191|1|1|1|3|52UZPE01152001T38MT01EBS001|900091143|CC|27097745|ENFERMERA|52UZPE01152001T38MT01EBS001H0191F0191CF191|2024-11-19|1||1||3||4||2|2|11|5|3|2|20||2|13|0||1||1||1||1||1|3|3|1|1|1|1|2|2|2|2|2|2||2|2|1|1||9||1|2|2|1|1|1|2|2|1|52UZPE01152001T38MT01EBS001H019152UZPE01152001T38MT01EBS001H0191F0191
2|100|1|52|UZPE011|52001|T38|MT01|SOL DE ORIENTE|MANZANAMCASA9SOLDEORIENTE|-77.271154|1.235887||52UZPE01152001T38MT01EBS001H0196|52UZPE01152001T38MT01EBS001H0196F0196|2|1|1|3|52UZPE01152001T38MT01EBS001|900091143|CC|1233188273|AUXILIARESDEENFERMERIA|52UZPE01152001T38MT01EBS001H0196F0196CF196|2024-11-17|1||1||3||1||3|2|11|1|3|2|20||1|13|0||1||1||1||1||1|3|3|1|1|1|1|2|2|2|2|2|2||2|2|2|2||9||2|2|2|1|1|1|2|2|1|52UZPE01152001T38MT01EBS001H019652UZPE01152001T38MT01EBS001H0196F0196
2|101|1|52|UZPE011|52001|T38|MT01|SOL DE ORIENTE|MANZANANCASA10SOLDEORIENTE|-77.270894|1.235549||52UZPE01152001T38MT01EBS001H0197|52UZPE01152001T38MT01EBS001H0197F0197|1|3|3|3|52UZPE01152001T38MT01EBS001|900091143|CC|1085265622|ODONTOLOGIA|52UZPE01152001T38MT01EBS001H0197F0197CF197|2024-11-17|4||1||3||1||2|2|11|5|3|2|20||2|13|0||1||1||1||1||1|3|3|1|1|1|1|2|2|2|2|2|2||2|2|1|2||9||1|2|2|1|1|1|2|2|1|52UZPE01152001T38MT01EBS001H019752UZPE01152001T38MT01EBS001H0197F0197
2|102|1|52|UZPE011|52001|T38|MT01|SOL DE ORIENTE|MANZANATCASA26SOLDEORIENTE|-77.270667|1.23672||52UZPE01152001T38MT01EBS001H0199|52UZPE01152001T38MT01EBS001H0199F0199|1|1|1|1|52UZPE01152001T38MT01EBS001|900091143|CC|1085265622|ODONTOLOGIA|52UZPE01152001T38MT01EBS001H0199F0199CF199|2024-11-18|1||1||3||1||1|2|11|5|3|2|20||2|13|0||1||1||1||1||7|1|2|1|1|1|2|2|2|2|2|2|2||2|2|2|2||9||2|2|2|1|1|1|2|2|1|52UZPE01152001T38MT01EBS001H019952UZPE01152001T38MT01EBS001H0199F0199
2|103|1|52|UZPE011|52001|T38|MT01|SOL DE ORIENTE|MANZANANCASA15SOLDEORIENTE|-77.271043|1.235899||52UZPE01152001T38MT01EBS001H0200|52UZPE01152001T38MT01EBS001H0200F0200|1|1|1|1|52UZPE01152001T38MT01EBS001|900091143|CC|1085265622|ODONTOLOGIA|52UZPE01152001T38MT01EBS001H0200F0200CF200|2024-11-18|1||1||3||4||1|2|11|5|3|2|20||2|13|0||1||1||1||1||7|1|3|1|1|1|2|2|2|2|2|2|2||2|2|2|1||9||2|2|2|1|2|1|2|2|1|52UZPE01152001T38MT01EBS001H020052UZPE01152001T38MT01EBS001H0200F0200
2|104|1|52|UZPE011|52001|T38|MT01|SOL DE ORIENTE|MANZANATCASA24|-77.270002|1.236343||52UZPE01152001T38MT01EBS001H0202|52UZPE01152001T38MT01EBS001H0202F0202|1|1|1|3|52UZPE01152001T38MT01EBS001|900091143|CC|27097745|ENFERMERA|52UZPE01152001T38MT01EBS001H0202F0202CF202|2024-11-18|4||1||3||1||4|2|11|5|3|2|20||2|13|0||1||1||1||1||2|4|3|2|1|1|1|2|2|2|2|2|2||2|2|1|1||9||1|2|2|1|1|1|2|2|1|52UZPE01152001T38MT01EBS001H020252UZPE01152001T38MT01EBS001H0202F0202
2|105|1|52|UZPE011|52001|T38|MT01|SOL DE ORIENTE|MANZANATCASA25|-77.270396|1.237321||52UZPE01152001T38MT01EBS001H0203|52UZPE01152001T38MT01EBS001H0203F0203|1|1|1|2|52UZPE01152001T38MT01EBS001|900091143|CC|1085265622|ODONTOLOGIA|52UZPE01152001T38MT01EBS001H0203F0203CF203|2024-11-19|1||1||3||1||2|2|11|5|3|1|20||2|13|0||1||1||1||1||4|2|3|1|1|1|2|2|2|2|2|2|2||2|2|1|1||9||1|2|2|1|1|1|2|2|1|52UZPE01152001T38MT01EBS001H020352UZPE01152001T38MT01EBS001H0203F0203
2|106|1|52|UZPE011|52001|T38|MT01|SOL DE ORIENTE|MANZANA20CASA12BARRIOSOLDEORIENTE|-77.270661|1.23688||52UZPE01152001T38MT01EBS001H0204|52UZPE01152001T38MT01EBS001H0204F0204|1|1|1|4|52UZPE01152001T38MT01EBS001|900091143|CC|27097745|ENFERMERA|52UZPE01152001T38MT01EBS001H0204F0204CF204|2024-11-20|1||1||3||4||3|2|11|5|3|2|20||2|13|0||1||1||1||1||1|4|3|1|1|1|1|2|2|2|2|2|2||2|2|2|1||9||2|2|2|1|1|1|2|2|1|52UZPE01152001T38MT01EBS001H020452UZPE01152001T38MT01EBS001H0204F0204
2|107|1|52|UZPE011|52001|T38|MT01|SOL DE ORIENTE|MANZANAJCASA11SOLDEORIENTE|-77.270429|1.234555||52UZPE01152001T38MT01EBS001H0205|52UZPE01152001T38MT01EBS001H0205F0205|1|1|1|2|52UZPE01152001T38MT01EBS001|900091143|CC|27097745|ENFERMERA|52UZPE01152001T38MT01EBS001H0205F0205CF205|2024-11-19|1||1||3||1||1|2|11|5|3|2|20||2|13|0||1||1||1||1||1|2|3|1|1|1|1|2|2|2|2|2|2||2|2|1|1||9||1|2|2|1|2|1|2|2|1|52UZPE01152001T38MT01EBS001H020552UZPE01152001T38MT01EBS001H0205F0205
2|108|1|52|UZPE011|52001|T38|MT01|SOL DE ORIENTE|MANZANATCASA192DOPISOSOLDEORIENTE|-77.269608|1.236973||52UZPE01152001T38MT01EBS001H0207|52UZPE01152001T38MT01EBS001H0207F0207|1|1|1|1|52UZPE01152001T38MT01EBS001|900091143|CC|1085265622|ODONTOLOGIA|52UZPE01152001T38MT01EBS001H0207F0207CF207|2024-11-19|4||1||3||1||2|2|11|5|3|2|20||2|13|0||1||1||1||1||2|2|3|1|1|1|1|2|2|2|2|2|2||2|2|2|2||9||2|2|2|1|2|1|2|2|1|52UZPE01152001T38MT01EBS001H020752UZPE01152001T38MT01EBS001H0207F0207
2|109|1|52|UZPE011|52001|T38|MT01|SOL DE ORIENTE|MANZANADCASA25|-77.270269|1.23364||52UZPE01152001T38MT01EBS001H0211|52UZPE01152001T38MT01EBS001H0211F0211|1|1|1|2|52UZPE01152001T38MT01EBS001|900091143|CC|27097745|ENFERMERA|52UZPE01152001T38MT01EBS001H0211F0211CF211|2024-11-20|1||1||3||4||2|2|11|5|2|2|20||2|13|0||1||1||1||1||1|2|3|1|1|1|1|2|2|2|2|2|2||2|2|1|2||9||1|2|2|1|2|1|2|2|1|52UZPE01152001T38MT01EBS001H021152UZPE01152001T38MT01EBS001H0211F0211
2|110|1|52|UZPE011|52001|T38|MT01|SOL DE ORIENTE|MANZANADCASA28BARRIOOCHODEMARZO|-77.270269|1.23364||52UZPE01152001T38MT01EBS001H0212|52UZPE01152001T38MT01EBS001H0212F0212|1|1|1|3|52UZPE01152001T38MT01EBS001|900091143|CC|27097745|ENFERMERA|52UZPE01152001T38MT01EBS001H0212F0212CF212|2024-11-20|1||1||3||1||2|1|11|5|3|2|20||2|13|0||1||1||1||1||2|3|3|1|1|1|1|2|2|2|2|2|2||2|2|1|1||9||1|2|2|1|2|1|2|2|1|52UZPE01152001T38MT01EBS001H021252UZPE01152001T38MT01EBS001H0212F0212
2|111|1|52|UZPE011|52001|T38|MT01|SOL DE ORIENTE|CASA6MANZANAI|-77.26977|1.236801||52UZPE01152001T38MT01EBS001H0213|52UZPE01152001T38MT01EBS001H0213F0213|1|1|1|1|52UZPE01152001T38MT01EBS001|900091143|CC|1004235479|AUXILIARDEENFERMERIA|52UZPE01152001T38MT01EBS001H0213F0213CF213|2024-11-17|1||1||3||1||2|2|11|5|3|2|20||2|13|0||1||1||1||1||7|1|1|1|1|1|1|2|2|2|2|2|2||2|2|1|2||9||1|2|2|1|2|1|2|2|1|52UZPE01152001T38MT01EBS001H021352UZPE01152001T38MT01EBS001H0213F0213
2|112|1|52|UZPE011|52001|T38|MT01|SOL DE ORIENTE|MANZANANCASA9SOLDEORIENTE|-77.27064|1.235144||52UZPE01152001T38MT01EBS001H0216|52UZPE01152001T38MT01EBS001H0216F0216|1|1|1|4|52UZPE01152001T38MT01EBS001|900091143|CC|27097745|ENFERMERA|52UZPE01152001T38MT01EBS001H0216F0216CF216|2024-11-17|1||1||3||1||4|2|11|5|3|2|8||2|13|0||1||1||1||1||1|4|3|1|1|1|2|2|2|2|2|2|2||2|2|1|1||9||1|2|2|1|1|1|2|2|1|52UZPE01152001T38MT01EBS001H021652UZPE01152001T38MT01EBS001H0216F0216
2|113|1|52|UZPE011|52001|T38|MT01|SOL DE ORIENTE|CASA2MANZANAK|-77.218282|1.235001||52UZPE01152001T38MT01EBS001H0217|52UZPE01152001T38MT01EBS001H0217F0217|1|1|1|2|52UZPE01152001T38MT01EBS001|900091143|CC|1004235479|AUXILIARDEENFERMERIA|52UZPE01152001T38MT01EBS001H0217F0217CF217|2024-11-17|1||1||3||1||2|2|11|5|3|2|20||2|13|0||1||1||1||1||2|2|1|1|1|1|1|2|2|2|2|2|2||2|2|2|1||9||2|2|2|1|1|1|2|2|1|52UZPE01152001T38MT01EBS001H021752UZPE01152001T38MT01EBS001H0217F0217
2|114|1|52|UZPE011|52001|T38|MT01|SOL DE ORIENTE|CASA6MANSANAN|-77.271171|1.235695||52UZPE01152001T38MT01EBS001H0218|52UZPE01152001T38MT01EBS001H0218F0218|1|1|1|3|52UZPE01152001T38MT01EBS001|900091143|CC|1004235479|AUXILIARDEENFERMERIA|52UZPE01152001T38MT01EBS001H0218F0218CF218|2024-11-17|1||1||3||1||3|2|11|5|3|2|20||2|13|0||1||1||1||1||2|3|1|1|1|1|1|2|2|2|2|2|2||2|2|2|2||9||2|2|2|1|1|1|2|2|1|52UZPE01152001T38MT01EBS001H021852UZPE01152001T38MT01EBS001H0218F0218
2|115|1|52|UZPE011|52001|T38|MT01|SOL DE ORIENTE|MANZANAACASA38DEMARZO|-77.271002|1.234333||52UZPE01152001T38MT01EBS001H0221|52UZPE01152001T38MT01EBS001H0221F0221|1|1|1|1|52UZPE01152001T38MT01EBS001|900091143|CC|1085265622|ODONTOLOGIA|52UZPE01152001T38MT01EBS001H0221F0221CF221|2024-11-20|1||1||3||1||1|2|11|5|3|2|20||2|13|0||1||1||1||1||7|1|3|1|1|1|2|2|2|2|2|2|2||2|2|1|1||9||1|2|2|1|2|1|2|2|1|52UZPE01152001T38MT01EBS001H022152UZPE01152001T38MT01EBS001H0221F0221
2|116|1|52|UZPE011|52001|T38|MT01|SOL DE ORIENTE|MZBC5|-77.271662|1.234666||52UZPE01152001T38MT01EBS001H0227|52UZPE01152001T38MT01EBS001H0227F0227|1|1|1|2|52UZPE01152001T38MT01EBS001|900091143|CC|27097745|ENFERMERA|52UZPE01152001T38MT01EBS001H0227F0227CF227|2024-11-24|1||1||3||4||1|2|11|5|3|2|20||1|13|0||1||1||1||1||1|2|3|2|1|1|2|2|2|2|2|2|2||2|2|1|2||9||1|2|2|1|2|1|2|2|1|52UZPE01152001T38MT01EBS001H022752UZPE01152001T38MT01EBS001H0227F0227
2|117|1|52|UZPE011|52001|T38|MT01|SOL DE ORIENTE|CASA28MANZANAD|-77.270901|1.234881||52UZPE01152001T38MT01EBS001H0229|52UZPE01152001T38MT01EBS001H0229F0229|1|1|1|2|52UZPE01152001T38MT01EBS001|900091143|CC|1004235479|AUXILIARDEENFERMERIA|52UZPE01152001T38MT01EBS001H0229F0229CF229|2024-11-24|1||1||3||1||2|2|11|5|2|2|8||2|13|0||1||1||1||1||2|2|3|1|1|1|1|2|2|2|2|2|2||2|2|2|2||9||2|2|2|1|1|1|2|2|1|52UZPE01152001T38MT01EBS001H022952UZPE01152001T38MT01EBS001H0229F0229
2|118|1|52|UZPE011|52001|T38|MT01|SOL DE ORIENTE|MANZANADCASA8|-77.270901|1.234881||52UZPE01152001T38MT01EBS001H0230|52UZPE01152001T38MT01EBS001H0230F0230|1|1|1|3|52UZPE01152001T38MT01EBS001|900091143|CC|1004235479|AUXILIARDEENFERMERIA|52UZPE01152001T38MT01EBS001H0230F0230CF230|2024-11-24|1||1||3||1||3|2|11|5|2|2|20||2|13|0||1||1||1||1||1|3|3|1|1|1|1|2|2|2|2|2|2||2|2|2|1||9||2|2|2|1|1|1|2|2|1|52UZPE01152001T38MT01EBS001H023052UZPE01152001T38MT01EBS001H0230F0230
2|119|1|52|UZPE011|52001|T38|MT01|SOL DE ORIENTE|CASA8MANZANAD|-77.270901|1.234881||52UZPE01152001T38MT01EBS001H0231|52UZPE01152001T38MT01EBS001H0231F0231|1|1|1|2|52UZPE01152001T38MT01EBS001|900091143|CC|1004235479|AUXILIARDEENFERMERIA|52UZPE01152001T38MT01EBS001H0231F0231CF231|2024-11-24|1||1||3||1||2|2|11|5|3|2|20||2|13|0||1||1||1||1||1|2|3|1|1|1|1|2|2|2|2|2|2||2|2|1|1||9||1|2|2|1|1|1|2|2|1|52UZPE01152001T38MT01EBS001H023152UZPE01152001T38MT01EBS001H0231F0231
2|120|1|52|UZPE011|52001|T38|MT01|SOL DE ORIENTE|CASA30MANZANAD|-77.270194|1.233729||52UZPE01152001T38MT01EBS001H0232|52UZPE01152001T38MT01EBS001H0232F0232|1|1|1|4|52UZPE01152001T38MT01EBS001|900091143|CC|1004235479|AUXILIARDEENFERMERIA|52UZPE01152001T38MT01EBS001H0232F0232CF232|2024-11-24|1||1||3||1||3|2|11|5|2|2|20||2|13|0||1||1||1||1||1|4|3|1|1|1|1|2|2|2|2|2|2||2|2|2|2||9||2|2|2|1|1|1|2|2|1|52UZPE01152001T38MT01EBS001H023252UZPE01152001T38MT01EBS001H0232F0232
2|121|1|52|UZPE011|52001|T38|MT01|SOL DE ORIENTE|CASA4MANZANAE|-77.270981|1.234036||52UZPE01152001T38MT01EBS001H0233|52UZPE01152001T38MT01EBS001H0233F0233|1|1|1|2|52UZPE01152001T38MT01EBS001|900091143|CC|1004235479|AUXILIARDEENFERMERIA|52UZPE01152001T38MT01EBS001H0233F0233CF233|2024-11-24|1||1||3||1||2|2|11|5|2|2|20||1|13|0||1||1||1||1||1|2|3|1|1|1|1|2|2|2|2|2|2||2|2|2|1||9||2|2|2|1|1|1|2|2|1|52UZPE01152001T38MT01EBS001H023352UZPE01152001T38MT01EBS001H0233F0233
2|122|1|52|UZPE011|52001|T38|MT01|SOL DE ORIENTE|CASA4MANZANAB|-77.27155|1.234607||52UZPE01152001T38MT01EBS001H0234|52UZPE01152001T38MT01EBS001H0234F0234|1|1|1|1|52UZPE01152001T38MT01EBS001|900091143|CC|1004235479|AUXILIARDEENFERMERIA|52UZPE01152001T38MT01EBS001H0234F0234CF234|2024-11-24|1||1||3||1||1|2|11|5|3|2|20||2|13|0||1||1||1||1||7|1|3|1|1|1|1|2|2|2|2|2|2||2|2|2|2||9||2|2|2|1|1|1|2|2|1|52UZPE01152001T38MT01EBS001H023452UZPE01152001T38MT01EBS001H0234F0234
2|123|1|52|UZPE011|52001|T38|MT01|SOL DE ORIENTE|CASA6MANZANAF|-77.27022|1.234143||52UZPE01152001T38MT01EBS001H0240|52UZPE01152001T38MT01EBS001H0240F0240|1|1|1|1|52UZPE01152001T38MT01EBS001|900091143|CC|1004235479|AUXILIARDEENFERMERIA|52UZPE01152001T38MT01EBS001H0240F0240CF240|2024-11-25|1||1||3||1||2|2|11|5|2|2|20||2|13|0||1||1||1||1||7|1|3|1|1|1|1|2|2|2|2|2|2||2|2|1|2||9||1|2|2|1|2|1|2|2|1|52UZPE01152001T38MT01EBS001H024052UZPE01152001T38MT01EBS001H0240F0240
2|124|1|52|UZPE011|52001|T38|MT01|SOL DE ORIENTE|MANZANAFCASA6|-77.27022|1.234143||52UZPE01152001T38MT01EBS001H0241|52UZPE01152001T38MT01EBS001H0241F0241|1|1|1|2|52UZPE01152001T38MT01EBS001|900091143|CC|1004235479|AUXILIARDEENFERMERIA|52UZPE01152001T38MT01EBS001H0241F0241CF241|2024-11-25|1||1||3||1||2|2|11|5|2|2|20||2|13|0||1||1||1||1||2|2|3|1|1|1|1|2|2|2|2|2|2||2|2|2|2||9||2|2|2|1|1|1|2|2|1|52UZPE01152001T38MT01EBS001H024152UZPE01152001T38MT01EBS001H0241F0241
2|125|1|52|UZPE011|52001|T38|MT01|SOL DE ORIENTE|CASA2MANZANAF|-77.270085|1.234426||52UZPE01152001T38MT01EBS001H0242|52UZPE01152001T38MT01EBS001H0242F0242|1|1|1|3|52UZPE01152001T38MT01EBS001|900091143|CC|1004235479|AUXILIARDEENFERMERIA|52UZPE01152001T38MT01EBS001H0242F0242CF242|2024-11-25|1||1||3||1||3|2|11|5|2|2|20||1|13|0||1||1||1||1||4|3|3|1|1|1|1|2|2|2|2|2|2||2|2|1|2||9||1|2|2|1|2|1|2|2|1|52UZPE01152001T38MT01EBS001H024252UZPE01152001T38MT01EBS001H0242F0242
2|126|1|52|UZPE011|52001|T38|MT01|SOL DE ORIENTE|CRA28NO3424|-77.269836|1.232073||52UZPE01152001T38MT01EBS001H0243|52UZPE01152001T38MT01EBS001H0243F0243|1|1|1|1|52UZPE01152001T38MT01EBS001|900091143|CC|1085265622|ODONTOLOGIA|52UZPE01152001T38MT01EBS001H0243F0243CF243|2024-11-25|1||1||3||2||1|2|11|5|2|2|20||2|13|0||13||1||1||1||7|1|2|2|1|1|3|2|2|2|2|2|2||2|2|2|2||9||2|2|2|1|1|1|2|2|1|52UZPE01152001T38MT01EBS001H024352UZPE01152001T38MT01EBS001H0243F0243
2|127|1|52|UZPE011|52001|T38|MT01|SOL DE ORIENTE|CASA12MANZANAH|-77.270829|1.235652||52UZPE01152001T38MT01EBS001H0244|52UZPE01152001T38MT01EBS001H0244F0244|1|1|1|1|52UZPE01152001T38MT01EBS001|900091143|CC|1004235479|AUXILIARDEENFERMERIA|52UZPE01152001T38MT01EBS001H0244F0244CF244|2024-11-17|1||1||3||1||1|2|11|5|2|2|20||2|13|0||1||1||1||1||7|1|1|1|1|1|1|2|2|2|2|2|2||2|2|1|2||9||1|2|2|1|1|1|2|2|1|52UZPE01152001T38MT01EBS001H024452UZPE01152001T38MT01EBS001H0244F0244
2|128|1|52|UZPE011|52001|T38|MT01|SOL DE ORIENTE|CASA5MANZANAB|-77.271645|1.234586||52UZPE01152001T38MT01EBS001H0248|52UZPE01152001T38MT01EBS001H0248F0248|1|1|1|1|52UZPE01152001T38MT01EBS001|900091143|CC|1004235479|AUXILIARDEENFERMERIA|52UZPE01152001T38MT01EBS001H0248F0248CF248|2024-11-24|1||1||3||1||2|2|11|5|2|2|20||2|13|0||1||1||1||1||7|1|3|1|1|1|1|2|2|2|2|2|2||2|2|2|2||9||2|2|2|1|2|1|2|2|1|52UZPE01152001T38MT01EBS001H024852UZPE01152001T38MT01EBS001H0248F0248
2|129|1|52|UZPE011|52001|T38|MT01|SOL DE ORIENTE|CASADNO9ARANDABAJO|-77.269426|1.231625||52UZPE01152001T38MT01EBS001H0250|52UZPE01152001T38MT01EBS001H0250F0250|1|1|1|2|52UZPE01152001T38MT01EBS001|900091143|CC|27097745|ENFERMERA|52UZPE01152001T38MT01EBS001H0250F0250CF250|2024-11-25|1||1||3||1||4|2|11|5|2|2|20||2|13|0||1||1||1||1||1|2|3|1|1|1|1|2|2|2|2|2|2||2|2|1|1||9||1|2|2|1|1|1|2|2|1|52UZPE01152001T38MT01EBS001H025052UZPE01152001T38MT01EBS001H0250F0250
2|130|1|52|UZPE011|52001|T38|MT01|SOL DE ORIENTE|CARRERA39189|-77.26988|1.233331||52UZPE01152001T38MT01EBS001H0255|52UZPE01152001T38MT01EBS001H0255F0255|1|1|1|1|52UZPE01152001T38MT01EBS001|900091143|CC|1004235479|AUXILIARDEENFERMERIA|52UZPE01152001T38MT01EBS001H0255F0255CF255|2024-11-24|4||1||3||1||2|2|11|5|2|2|20||2|13|0||1||1||1||1||7|1|3|1|1|1|1|2|2|2|2|2|2||2|2|1|2||9||1|2|2|1|1|1|2|2|1|52UZPE01152001T38MT01EBS001H025552UZPE01152001T38MT01EBS001H0255F0255
2|131|1|52|UZPE011|52001|T38|MT04|VILLAS DEL NORTE|MANZANA4CASA6|-77.268616|1.231449||52UZPE01152001T38MT04EBS001H0257|52UZPE01152001T38MT04EBS001H0257F0257|1|1|1|1|52UZPE01152001T38MT04EBS001|900091143|CC|1004235479|AUXILIARDEENFERMERIA|52UZPE01152001T38MT04EBS001H0257F0257CF257|2024-11-26|1||1||3||1||3|2|11|5|3|2|20||2|13|0||1||1||1||1||7|1|3|1|1|1|1|2|2|2|2|2|2||2|2|1|1||9||1|2|2|1|1|1|2|2|1|52UZPE01152001T38MT04EBS001H025752UZPE01152001T38MT04EBS001H0257F0257
2|132|1|52|UZPE011|52001|T38|MT04|VILLAS DEL NORTE|MANZANA3CASA8|-77.268616|1.231299||52UZPE01152001T38MT04EBS001H0258|52UZPE01152001T38MT04EBS001H0258F0258|1|1|1|2|52UZPE01152001T38MT04EBS001|900091143|CC|1004235479|AUXILIARDEENFERMERIA|52UZPE01152001T38MT04EBS001H0258F0258CF258|2024-11-26|4||1||3||1||2|2|11|5|2|2|20||2|13|0||1||1||1||1||2|2|3|1|1|1|1|2|2|2|2|2|2||2|2|2|2||9||2|2|2|1|1|1|2|2|1|52UZPE01152001T38MT04EBS001H025852UZPE01152001T38MT04EBS001H0258F0258
2|133|1|52|UZPE011|52001|T38|MT04|VILLAS DEL NORTE|MANZANA4CASA13VILLASDELNORTE|-77.265908|1.230994||52UZPE01152001T38MT04EBS001H0259|52UZPE01152001T38MT04EBS001H0259F0259|1|1|1|3|52UZPE01152001T38MT04EBS001|900091143|CC|27097745|ENFERMERA|52UZPE01152001T38MT04EBS001H0259F0259CF259|2024-11-26|1||1||3||1||4|2|11|5|2|2|20||1|13|0||1||1||1||1||1|4|3|1|1|1|1|2|2|2|2|2|2||2|2|1|1||9||1|2|2|1|1|1|2|2|1|52UZPE01152001T38MT04EBS001H025952UZPE01152001T38MT04EBS001H0259F0259
2|134|1|52|UZPE011|52001|T38|MT04|VILLAS DEL NORTE|MANZANA3CASA8|-77.268616|1.231299||52UZPE01152001T38MT04EBS001H0260|52UZPE01152001T38MT04EBS001H0260F0260|1|1|1|1|52UZPE01152001T38MT04EBS001|900091143|CC|1004235479|AUXILIARDEENFERMERIA|52UZPE01152001T38MT04EBS001H0260F0260CF260|2024-11-26|4||1||3||1||2|2|11|5|2|2|20||2|13|0||1||1||1||1||7|1|3|1|1|1|1|2|2|2|2|2|2||2|2|2|2||9||2|2|2|1|1|1|2|2|1|52UZPE01152001T38MT04EBS001H026052UZPE01152001T38MT04EBS001H0260F0260
2|135|1|52|UZPE011|52001|T38|MT04|VILLAS DEL NORTE|CASA6MANZANA11|-77.268382|1.230403||52UZPE01152001T38MT04EBS001H0261|52UZPE01152001T38MT04EBS001H0261F0261|1|1|1|2|52UZPE01152001T38MT04EBS001|900091143|CC|1004235479|AUXILIARDEENFERMERIA|52UZPE01152001T38MT04EBS001H0261F0261CF261|2024-11-26|4||1||3||1||2|2|11|5|2|2|20||2|13|0||1||1||1||1||1|2|3|1|1|1|1|2|2|2|2|2|2||2|2|2|2||9||2|2|2|1|1|1|2|2|1|52UZPE01152001T38MT04EBS001H026152UZPE01152001T38MT04EBS001H0261F0261
2|136|1|52|UZPE011|52001|T38|MT01|SOL DE ORIENTE|CASS4MANZANAF|-77.27022|1.234143||52UZPE01152001T38MT01EBS001H0265|52UZPE01152001T38MT01EBS001H0265F0265|1|1|1|1|52UZPE01152001T38MT01EBS001|900091143|CC|1004235479|AUXILIARDEENFERMERIA|52UZPE01152001T38MT01EBS001H0265F0265CF265|2024-11-25|1||1||3||1||2|2|11|5|2|2|20||2|13|0||1||1||1||1||1|1|3|1|1|1|1|2|2|2|2|2|2||2|2|1|2||9||1|2|2|1|1|1|2|2|1|52UZPE01152001T38MT01EBS001H026552UZPE01152001T38MT01EBS001H0265F0265
2|137|1|52|UZPE011|52001|T38|MT01|SOL DE ORIENTE|MANZANAHCASA5|-77.270085|1.234426||52UZPE01152001T38MT01EBS001H0266|52UZPE01152001T38MT01EBS001H0266F0266|1|1|1|1|52UZPE01152001T38MT01EBS001|900091143|CC|1004235479|AUXILIARDEENFERMERIA|52UZPE01152001T38MT01EBS001H0266F0266CF266|2024-11-24|1||1||3||1||4|2|11|5|2|2|20||2|13|0||1||1||1||1||1|3|3|1|1|1|1|2|2|2|2|2|2||2|2|1|2||9||1|2|2|1|2|1|2|2|1|52UZPE01152001T38MT01EBS001H026652UZPE01152001T38MT01EBS001H0266F0266
2|138|1|52|UZPE011|52001|T38|MT01|SOL DE ORIENTE|CASA7MANZANAM|-77.27022|1.234426||52UZPE01152001T38MT01EBS001H0267|52UZPE01152001T38MT01EBS001H0267F0267|1|1|1|1|52UZPE01152001T38MT01EBS001|900091143|CC|1004235479|AUXILIARDEENFERMERIA|52UZPE01152001T38MT01EBS001H0267F0267CF267|2024-11-24|1||1||3||4||1|2|11|5|2|2|20||2|13|0||1||1||1||1||7|1|3|1|1|1|1|2|2|2|2|2|2||2|2|1|2||9||1|2|2|1|2|1|2|2|1|52UZPE01152001T38MT01EBS001H026752UZPE01152001T38MT01EBS001H0267F0267
2|139|1|52|UZPE011|52001|T38|MT01|SOL DE ORIENTE|CASA3MANZANAN|-77.27022|1.234426||52UZPE01152001T38MT01EBS001H0269|52UZPE01152001T38MT01EBS001H0269F0269|1|1|1|1|52UZPE01152001T38MT01EBS001|900091143|CC|1004235479|AUXILIARDEENFERMERIA|52UZPE01152001T38MT01EBS001H0269F0269CF269|2024-11-25|1||1||3||1||3|2|11|5|2|2|20||2|13|0||1||1||1||1||7|1|3|1|1|1|1|2|2|2|2|2|2||2|2|1|2||9||1|2|2|1|1|1|2|2|1|52UZPE01152001T38MT01EBS001H026952UZPE01152001T38MT01EBS001H0269F0269
2|140|1|52|UZPE011|52001|T38|MT01|SOL DE ORIENTE|CASA6MANZANAN|-77.27022|1.234143||52UZPE01152001T38MT01EBS001H0270|52UZPE01152001T38MT01EBS001H0270F0270|1|1|1|2|52UZPE01152001T38MT01EBS001|900091143|CC|1004235479|AUXILIARDEENFERMERIA|52UZPE01152001T38MT01EBS001H0270F0270CF270|2024-11-25|1||1||3||1||3|2|11|5|2|2|20||2|13|0||1||1||1||1||2|2|3|1|1|1|1|2|2|2|2|2|2||2|2|1|2||9||1|2|2|1|2|1|2|2|1|52UZPE01152001T38MT01EBS001H027052UZPE01152001T38MT01EBS001H0270F0270
2|141|1|52|UZPE011|52001|T38|MT01|SOL DE ORIENTE|MANZANADCASA238DEMARZO|-77.271089|1.233787||52UZPE01152001T38MT01EBS001H0271|52UZPE01152001T38MT01EBS001H0271F0271|1|1|1|1|52UZPE01152001T38MT01EBS001|900091143|CC|1085265622|ODONTOLOGIA|52UZPE01152001T38MT01EBS001H0271F0271CF271|2024-11-24|1||1||3||4||1|1|11|5|3|2|20||2|13|0||1||1||1||1||7|1|2|2|1|1|3|2|2|2|2|2|2||2|2|1|2||9||1|2|2|1|1|1|2|2|1|52UZPE01152001T38MT01EBS001H027152UZPE01152001T38MT01EBS001H0271F0271
2|142|1|52|UZPE011|52001|T38|MT01|SOL DE ORIENTE|MANZANABCASA5|-77.270901|1.234586||52UZPE01152001T38MT01EBS001H0273|52UZPE01152001T38MT01EBS001H0273F0273|1|1|1|3|52UZPE01152001T38MT01EBS001|900091143|CC|1004235479|AUXILIARDEENFERMERIA|52UZPE01152001T38MT01EBS001H0273F0273CF273|2024-11-24|1||1||3||1||3|2|11|5|2|2|8||2|13|0||1||1||1||1||1|3|3|1|1|1|1|2|2|2|2|2|2||2|2|1|2||9||1|2|2|1|1|1|2|2|1|52UZPE01152001T38MT01EBS001H027352UZPE01152001T38MT01EBS001H0273F0273
2|143|1|52|UZPE011|52001|T38|MT04|VILLAS DEL NORTE|MANZANA6CASA12DOPISOVILLASDELNORTE|-77.268237|1.23123||52UZPE01152001T38MT04EBS001H0274|52UZPE01152001T38MT04EBS001H0274F0274|3|2|2|2|52UZPE01152001T38MT04EBS001|900091143|CC|1085265622|ODONTOLOGIA|52UZPE01152001T38MT04EBS001H0274F0274CF274|2024-11-27|1||1||3||1||2|2|11|5|3|2|20||2|13|0||1||1||1||1||1|3|3|1|1|1|1|2|2|2|2|2|2||2|2|2|2||9||2|2|2|1|2|1|2|2|1|52UZPE01152001T38MT04EBS001H027452UZPE01152001T38MT04EBS001H0274F0274
2|144|1|52|UZPE011|52001|T38|MT04|VILLAS DEL NORTE|MANZANA2CASA9VILLASDELNORTE|-77.267461|1.231437||52UZPE01152001T38MT04EBS001H0275|52UZPE01152001T38MT04EBS001H0275F0275|3|1|1|1|52UZPE01152001T38MT04EBS001|900091143|CC|1085265622|ODONTOLOGIA|52UZPE01152001T38MT04EBS001H0275F0275CF275|2024-11-27|1||1||3||1||2|2|11|5|3|1|20||2|13|0||1||1||1||1||7|1|3|2|1|1|1|2|2|2|2|2|2||2|2|2|2||9||2|2|2|1|1|1|2|2|1|52UZPE01152001T38MT04EBS001H027552UZPE01152001T38MT04EBS001H0275F0275
2|145|1|52|UZPE011|52001|T38|MT04|VILLAS DEL NORTE|MANZANA6CASA19VILLASDELNORTE|-77.268071|1.230934||52UZPE01152001T38MT04EBS001H0276|52UZPE01152001T38MT04EBS001H0276F0276|2|1|1|2|52UZPE01152001T38MT04EBS001|900091143|CC|1085265622|ODONTOLOGIA|52UZPE01152001T38MT04EBS001H0276F0276CF276|2024-11-27|1||1||3||4||2|2|11|5|3|2|8||2|13|0||1||1||1||1||2|2|2|2|1|1|3|2|2|2|2|2|2||2|2|1|1||9||1|2|2|1|1|1|2|2|1|52UZPE01152001T38MT04EBS001H027652UZPE01152001T38MT04EBS001H0276F0276
2|146|1|52|UZPE011|52001|T38|MT04|VILLAS DEL NORTE|MANZANA11CASA4|-77.268237|1.231229||52UZPE01152001T38MT04EBS001H0277|52UZPE01152001T38MT04EBS001H0277F0277|1|1|1|1|52UZPE01152001T38MT04EBS001|900091143|CC|1004235479|AUXILIARDEENFERMERIA|52UZPE01152001T38MT04EBS001H0277F0277CF277|2024-11-27|1||1||3||1||3|2|11|5|2|2|20||2|13|0||1||1||1||1||7|1|3|1|1|1|1|2|2|2|2|2|2||2|2|2|1||9||2|2|2|1|1|1|2|2|1|52UZPE01152001T38MT04EBS001H027752UZPE01152001T38MT04EBS001H0277F0277
2|147|1|52|UZPE011|52001|T38|MT04|VILLAS DEL NORTE|MANZANA6CASA1|-77.268237|1.23123||52UZPE01152001T38MT04EBS001H0278|52UZPE01152001T38MT04EBS001H0278F0278|1|1|1|1|52UZPE01152001T38MT04EBS001|900091143|CC|1004235479|AUXILIARDEENFERMERIA|52UZPE01152001T38MT04EBS001H0278F0278CF278|2024-11-27|1||1||3||1||1|2|11|5|2|2|20||2|13|0||1||1||1||1||7|1|3|1|1|1|1|2|2|2|2|2|2||2|2|2|1||9||2|2|2|1|1|1|2|2|1|52UZPE01152001T38MT04EBS001H027852UZPE01152001T38MT04EBS001H0278F0278
2|148|1|52|UZPE011|52001|T38|MT04|VILLAS DEL NORTE|CASA11MANZANA2|-77.269494|1.228758||52UZPE01152001T38MT04EBS001H0279|52UZPE01152001T38MT04EBS001H0279F0279|1|1|1|2|52UZPE01152001T38MT04EBS001|900091143|CC|1004235479|AUXILIARDEENFERMERIA|52UZPE01152001T38MT04EBS001H0279F0279CF279|2024-11-27|1||1||3||1||1|2|11|5|3|2|20||2|13|0||1||1||1||1||1|2|3|1|1|1|1|2|2|2|2|2|2||2|2|2|1||9||2|2|2|1|1|1|2|2|1|52UZPE01152001T38MT04EBS001H027952UZPE01152001T38MT04EBS001H0279F0279
2|149|1|52|UZPE011|52001|T38|MT04|VILLAS DEL NORTE|CASA18MANZANA7|-77.267927|1.230581||52UZPE01152001T38MT04EBS001H0280|52UZPE01152001T38MT04EBS001H0280F0280|2|1|1|2|52UZPE01152001T38MT04EBS001|900091143|CC|1004235479|AUXILIARDEENFERMERIA|52UZPE01152001T38MT04EBS001H0280F0280CF280|2024-11-27|1||1||3||1||3|2|11|5|2|2|20||2|13|0||1||1||1||1||2|2|3|1|1|1|1|2|2|2|2|2|2||2|2|2|2||9||2|2|2|1|1|1|2|2|1|52UZPE01152001T38MT04EBS001H028052UZPE01152001T38MT04EBS001H0280F0280
2|150|1|52|UZPE011|52001|T38|MT04|VILLAS DEL NORTE|MANZANA10CASA2VILLASDELNORTE|-77.257205|1.228417||52UZPE01152001T38MT04EBS001H0281|52UZPE01152001T38MT04EBS001H0281F0281|1|1|1|3|52UZPE01152001T38MT04EBS001|900091143|CC|1085265622|ODONTOLOGIA|52UZPE01152001T38MT04EBS001H0281F0281CF281|2024-11-28|1||1||3||1||2|2|11|5|3|2|20||2|13|0||1||1||1||1||4|3|2|1|1|1|2|2|2|2|2|2|2||2|2|1|2||9||1|2|2|1|2|1|2|2|1|52UZPE01152001T38MT04EBS001H028152UZPE01152001T38MT04EBS001H0281F0281
2|151|1|52|UZPE011|52001|T38|MT04|VILLAS DEL NORTE|CASA18MANZANA7|-77.267927|1.230581||52UZPE01152001T38MT04EBS001H0282|52UZPE01152001T38MT04EBS001H0282F0282|2|1|1|1|52UZPE01152001T38MT04EBS001|900091143|CC|1004235479|AUXILIARDEENFERMERIA|52UZPE01152001T38MT04EBS001H0282F0282CF282|2024-11-27|4||1||3||1||1|2|11|5|3|2|20||2|13|0||1||1||1||1||7|1|3|1|1|1|1|2|2|2|2|2|2||2|2|2|2||9||2|2|2|1|1|1|2|2|1|52UZPE01152001T38MT04EBS001H028252UZPE01152001T38MT04EBS001H0282F0282
2|152|1|52|UZPE011|52001|T38|MT04|VILLAS DEL NORTE|MANZANA7CASA2|-77.267927|1.230581||52UZPE01152001T38MT04EBS001H0283|52UZPE01152001T38MT04EBS001H0283F0283|1|1|1|3|52UZPE01152001T38MT04EBS001|900091143|CC|1004235479|AUXILIARDEENFERMERIA|52UZPE01152001T38MT04EBS001H0283F0283CF283|2024-11-28|1||1||3||1||3|2|11|5|3|2|20||2|13|0||1||1||1||1||1|3|3|1|1|1|1|2|2|2|2|2|2||2|2|2|2||9||2|2|2|1|1|1|2|2|1|52UZPE01152001T38MT04EBS001H028352UZPE01152001T38MT04EBS001H0283F0283
2|153|1|52|UZPE011|52001|T38|MT04|VILLAS DEL NORTE|MANZANA9CASA12VILLASDELNORTE|-77.267357|1.230043||52UZPE01152001T38MT04EBS001H0284|52UZPE01152001T38MT04EBS001H0284F0284|1|1|1|3|52UZPE01152001T38MT04EBS001|900091143|CC|1085265622|ODONTOLOGIA|52UZPE01152001T38MT04EBS001H0284F0284CF284|2024-11-28|1||1||3||1||2|2|11|5|2|2|20||2|13|0||1||1||1||1||1|3|2|1|1|1|2|2|2|2|2|2|2||2|2|1|2||9||1|2|2|1|2|1|2|2|1|52UZPE01152001T38MT04EBS001H028452UZPE01152001T38MT04EBS001H0284F0284
2|154|1|52|UZPE011|52001|T38|MT04|VILLAS DEL NORTE|CASA1MANZANA7|-77.267503|1.230517||52UZPE01152001T38MT04EBS001H0285|52UZPE01152001T38MT04EBS001H0285F0285|1|1|1|2|52UZPE01152001T38MT04EBS001|900091143|CC|1004235479|AUXILIARDEENFERMERIA|52UZPE01152001T38MT04EBS001H0285F0285CF285|2024-11-28|1||1||3||1||3|2|11|5|2|2|20||2|13|0||1||1||1||1||2|2|3|1|1|1|1|2|2|2|2|2|2||2|2|2|2||9||2|2|2|1|1|1|2|2|1|52UZPE01152001T38MT04EBS001H028552UZPE01152001T38MT04EBS001H0285F0285
2|155|1|52|UZPE011|52001|T38|MT04|VILLAS DEL NORTE|MANZANA7CASA1|-77.267503|1.230517||52UZPE01152001T38MT04EBS001H0286|52UZPE01152001T38MT04EBS001H0286F0286|1|1|1|1|52UZPE01152001T38MT04EBS001|900091143|CC|1004235479|AUXILIARDEENFERMERIA|52UZPE01152001T38MT04EBS001H0286F0286CF286|2024-11-28|1||1||3||1||2|2|11|5|2|2|20||2|13|0||1||1||1||1||7|1|3|1|1|1|1|2|2|2|2|2|2||2|2|2|2||9||2|2|2|1|2|1|2|2|1|52UZPE01152001T38MT04EBS001H028652UZPE01152001T38MT04EBS001H0286F0286
2|156|1|52|UZPE011|52001|T38|MT04|VILLAS DEL NORTE|CASA7MANZANA7|-77.268288|1.230345||52UZPE01152001T38MT04EBS001H0287|52UZPE01152001T38MT04EBS001H0287F0287|1|1|1|1|52UZPE01152001T38MT04EBS001|900091143|CC|1004235479|AUXILIARDEENFERMERIA|52UZPE01152001T38MT04EBS001H0287F0287CF287|2024-11-28|1||1||3||1||2|2|11|5|3|2|20||2|13|0||1||1||1||1||7|1|3|1|1|1|1|2|2|2|2|2|2||2|2|2|1||9||2|2|2|1|1|1|2|2|1|52UZPE01152001T38MT04EBS001H028752UZPE01152001T38MT04EBS001H0287F0287
2|157|1|52|UZPE011|52001|T38|MT04|VILLAS DEL NORTE|CARRERA24NO7040VILLASDELNORTE|-77.269427|1.233338||52UZPE01152001T38MT04EBS001H0289|52UZPE01152001T38MT04EBS001H0289F0289|1|1|1|2|52UZPE01152001T38MT04EBS001|900091143|CC|27097745|ENFERMERA|52UZPE01152001T38MT04EBS001H0289F0289CF289|2024-11-26|1||1||3||1||2|2|11|5|3|2|20||2|13|0||1||1||1||1||1|3|3|1|1|1|1|2|2|2|2|2|2||2|2|1|2||9||1|2|2|1|1|1|2|2|1|52UZPE01152001T38MT04EBS001H028952UZPE01152001T38MT04EBS001H0289F0289
2|158|1|52|UZPE011|52001|T38|MT04|VILLAS DEL NORTE|MANZANA7CASA9VILLASDELNORTE|-77.268043|1.230018||52UZPE01152001T38MT04EBS001H0290|52UZPE01152001T38MT04EBS001H0290F0290|1|1|1|1|52UZPE01152001T38MT04EBS001|900091143|CC|27097745|ENFERMERA|52UZPE01152001T38MT04EBS001H0290F0290CF290|2024-11-27|4||1||3||1||2|2|11|5|3|2|20||2|13|0||1||1||1||1||1|3|3|1|1|3|1|2|2|2|2|2|2||2|2|1|1||9||1|2|2|1|2|1|2|2|1|52UZPE01152001T38MT04EBS001H029052UZPE01152001T38MT04EBS001H0290F0290
2|159|1|52|UZPE011|52001|T38|MT04|VILLAS DEL NORTE|MANSANA7CASA9VILLASDELNORTEAPARTAMENTO2|-77.268048|1.230018||52UZPE01152001T38MT04EBS001H0291|52UZPE01152001T38MT04EBS001H0291F0291|1|1|1|3|52UZPE01152001T38MT04EBS001|900091143|CC|27097745|ENFERMERA|52UZPE01152001T38MT04EBS001H0291F0291CF291|2024-11-28|4||1||3||1||3|2|11|5|3|2|20||2|13|0||1||1||1||1||1|3|3|1|1|1|2|2|2|2|2|2|2||2|2|1|2||9||1|2|2|1|1|1|2|2|1|52UZPE01152001T38MT04EBS001H029152UZPE01152001T38MT04EBS001H0291F0291
2|160|1|52|UZPE011|52001|T38|MT04|VILLAS DEL NORTE|MANZANA8CASA26VILLASDELNORTE|-77.267506|1.230542||52UZPE01152001T38MT04EBS001H0292|52UZPE01152001T38MT04EBS001H0292F0292|1|2|2|4|52UZPE01152001T38MT04EBS001|900091143|CC|1085265622|ODONTOLOGIA|52UZPE01152001T38MT04EBS001H0292F0292CF292|2024-12-01|1||1||3||4||3|2|11|5|3|2|20||2|13|0||1||1||1||1||4|3|2|1|1|1|2|2|2|2|2|2|2||2|2|1|2||9||1|2|2|1|2|1|2|2|1|52UZPE01152001T38MT04EBS001H029252UZPE01152001T38MT04EBS001H0292F0292
2|161|1|52|UZPE011|52001|T38|MT04|VILLAS DEL NORTE|MZ8CASA26ESQUINAVILLASDELNORTE|-77.267506|1.230542||52UZPE01152001T38MT04EBS001H0293|52UZPE01152001T38MT04EBS001H0293F0293|2|2|2|1|52UZPE01152001T38MT04EBS001|900091143|CC|1085265622|ODONTOLOGIA|52UZPE01152001T38MT04EBS001H0293F0293CF293|2024-12-01|5||1||3||4||1|2|11|4|3|2|20||1|13|0||1||1||1||1||7|1|3|1|1|1|3|2|2|2|2|2|2||2|2|1|1||9||1|2|2|1|2|1|2|2|1|52UZPE01152001T38MT04EBS001H029352UZPE01152001T38MT04EBS001H0293F0293
2|162|1|52|UZPE011|52001|T38|MT04|VILLAS DEL NORTE|MANZANA7CASA9VILLASDELNORTE|-77.268048|1.230018||52UZPE01152001T38MT04EBS001H0294|52UZPE01152001T38MT04EBS001H0294F0294|1|1|1|3|52UZPE01152001T38MT04EBS001|900091143|CC|27097745|ENFERMERA|52UZPE01152001T38MT04EBS001H0294F0294CF294|2024-11-28|4||1||3||1||2|2|11|5|2|2|20||2|13|0||1||1||1||1||1|3|3|1|1|1|1|2|2|2|2|2|2||2|2|1|2||9||1|2|2|1|1|1|2|2|1|52UZPE01152001T38MT04EBS001H029452UZPE01152001T38MT04EBS001H0294F0294
2|163|1|52|UZPE011|52001|T38|MT01|SOL DE ORIENTE|MANZANAOCASA16BARRIOSOLDEORIENTE|-77.27028|1.234586||52UZPE01152001T38MT01EBS001H0295|52UZPE01152001T38MT01EBS001H0295F0295|1|1|1|4|52UZPE01152001T38MT01EBS001|900091143|CC|27097745|ENFERMERA|52UZPE01152001T38MT01EBS001H0295F0295CF295|2024-12-02|1||1||3||1||3|2|11|5|2|2|20||2|13|0||1||1||1||1||1|4|3|1|1|1|1|2|2|2|2|2|2||2|2|1|2||9||1|2|2|1|1|1|2|2|1|52UZPE01152001T38MT01EBS001H029552UZPE01152001T38MT01EBS001H0295F0295
2|164|1|52|UZPE011|52001|T38|MT01|SOL DE ORIENTE|MANSANAJCASA1BARRIOSOLDEORIENTE|-77.271185|1.234811||52UZPE01152001T38MT01EBS001H0296|52UZPE01152001T38MT01EBS001H0296F0296|1|1|1|3|52UZPE01152001T38MT01EBS001|900091143|CC|27097745|ENFERMERA|52UZPE01152001T38MT01EBS001H0296F0296CF296|2024-12-02|1||1||3||1||3|2|11|5|2|2|20||2|13|0||1||1||1||1||1|4|3|1|1|1|1|2|2|2|2|2|2||2|2|1|1||9||1|2|2|1|1|1|2|2|1|52UZPE01152001T38MT01EBS001H029652UZPE01152001T38MT01EBS001H0296F0296
2|165|1|52|UZPE011|52001|T38|MT01|SOL DE ORIENTE|MANZANAPCASA13BARRIOSOLDEORIENTE|-77.270082|1.23676||52UZPE01152001T38MT01EBS001H0297|52UZPE01152001T38MT01EBS001H0297F0297|1|1|1|2|52UZPE01152001T38MT01EBS001|900091143|CC|27097745|ENFERMERA|52UZPE01152001T38MT01EBS001H0297F0297CF297|2024-12-02|1||1||3||4||4|2|11|5|2|2|20||2|13|0||1||1||1||1||2|2|3|1|1|1|1|2|2|2|2|2|2||2|2|2|2||9||2|2|2|1|1|1|2|2|1|52UZPE01152001T38MT01EBS001H029752UZPE01152001T38MT01EBS001H0297F0297
2|166|1|52|UZPE011|52001|T38|MT01|SOL DE ORIENTE|MANZANA1CASA7BARRIOSOLDEORIENTE|-77.270085|1.234178||52UZPE01152001T38MT01EBS001H0298|52UZPE01152001T38MT01EBS001H0298F0298|1|1|1|4|52UZPE01152001T38MT01EBS001|900091143|CC|27097745|ENFERMERA|52UZPE01152001T38MT01EBS001H0298F0298CF298|2024-12-02|1||1||3||4||3|2|11|5|2|2|20||2|13|0||1||1||1||1||1|4|3|2|1|1|2|2|2|2|2|2|2||2|2|1|1||9||1|2|2|1|1|1|2|2|1|52UZPE01152001T38MT01EBS001H029852UZPE01152001T38MT01EBS001H0298F0298
2|167|1|52|UZPE011|52001|T38|MT01|SOL DE ORIENTE|MANSANAOCASA18BARRIOSOLDEORIENTE|-77.270447|1.236261||52UZPE01152001T38MT01EBS001H0299|52UZPE01152001T38MT01EBS001H0299F0299|1|1|1|3|52UZPE01152001T38MT01EBS001|900091143|CC|27097745|ENFERMERA|52UZPE01152001T38MT01EBS001H0299F0299CF299|2024-12-02|1||1||3||1||4|2|11|5|2|2|20||2|13|0||1||1||1||1||1|3|3|1|1|1|1|2|2|2|2|2|2||2|2|1|1||9||1|2|2|1|1|1|2|2|1|52UZPE01152001T38MT01EBS001H029952UZPE01152001T38MT01EBS001H0299F0299
2|168|1|52|UZPE011|52001|T38|MT01|SOL DE ORIENTE|CASA9MANZANA5|-77.27074|1.23745||52UZPE01152001T38MT01EBS001H0300|52UZPE01152001T38MT01EBS001H0300F0300|1|1|1|1|52UZPE01152001T38MT01EBS001|900091143|CC|1004235479|AUXILIARDEENFERMERIA|52UZPE01152001T38MT01EBS001H0300F0300CF300|2024-11-18|1||1||3||1||2|2|11|5|3|2|20||2|13|0||1||1||1||1||7|1|3|1|1|1|1|2|2|2|2|2|2||2|2|1|2||9||1|2|2|1|1|1|2|2|1|52UZPE01152001T38MT01EBS001H030052UZPE01152001T38MT01EBS001H0300F0300
2|169|1|52|UZPE011|52001|T38|MT01|SOL DE ORIENTE|CASA10MANZANAO|-77.271238|1.236853||52UZPE01152001T38MT01EBS001H0301|52UZPE01152001T38MT01EBS001H0301F0301|1|1|1|1|52UZPE01152001T38MT01EBS001|900091143|CC|1004235479|AUXILIARDEENFERMERIA|52UZPE01152001T38MT01EBS001H0301F0301CF301|2024-11-18|1||1||3||1||2|2|11|5|3|2|20||2|13|0||1||1||1||1||7|1|3|1|1|1|1|2|2|2|2|2|2||2|2|2|1||9||2|2|2|1|1|1|2|2|1|52UZPE01152001T38MT01EBS001H030152UZPE01152001T38MT01EBS001H0301F0301
2|170|1|52|UZPE011|52001|T38|MT01|SOL DE ORIENTE|CASA13MANZANAO|-77.271256|1.23657||52UZPE01152001T38MT01EBS001H0302|52UZPE01152001T38MT01EBS001H0302F0302|1|1|1|1|52UZPE01152001T38MT01EBS001|900091143|CC|1004235479|AUXILIARDEENFERMERIA|52UZPE01152001T38MT01EBS001H0302F0302CF302|2024-11-18|1||1||3||1||1|2|11|5|3|2|20||2|13|0||1||1||1||1||7|1|3|1|1|1|1|2|2|2|2|2|2||2|2|2|1||9||2|2|2|1|1|1|2|2|1|52UZPE01152001T38MT01EBS001H030252UZPE01152001T38MT01EBS001H0302F0302
2|171|1|52|UZPE011|52001|T38|MT04|VILLAS DEL NORTE|MANZANA8CASA12|-77.267964|1.229788||52UZPE01152001T38MT04EBS001H0306|52UZPE01152001T38MT04EBS001H0306F0306|1|1|1|2|52UZPE01152001T38MT04EBS001|900091143|CC|27097745|ENFERMERA|52UZPE01152001T38MT04EBS001H0306F0306CF306|2024-11-28|1||1||3||1||2|2|11|5|3|2|20||2|13|0||1||1||1||1||1|2|3|1|1|1|1|2|2|2|2|2|2||2|2|1|2||9||1|2|2|1|1|1|2|2|1|52UZPE01152001T38MT04EBS001H030652UZPE01152001T38MT04EBS001H0306F0306
2|172|1|52|UZPE011|52001|T38|MT04|VILLAS DEL NORTE|MANZANA9CASA20BARRIOVILLASDELNORTE|-77.34365|1.115585||52UZPE01152001T38MT04EBS001H0307|52UZPE01152001T38MT04EBS001H0307F0307|1|1|1|3|52UZPE01152001T38MT04EBS001|900091143|CC|27097745|ENFERMERA|52UZPE01152001T38MT04EBS001H0307F0307CF307|2024-12-01|1||1||3||1||3|2|11|5|3|2|20||1|13|0||1||1||1||1||1|3|3|1|1|1|1|2|2|2|2|2|2||2|2|1|2||9||1|2|2|1|1|1|2|2|1|52UZPE01152001T38MT04EBS001H030752UZPE01152001T38MT04EBS001H0307F0307
2|173|1|52|UZPE011|52001|T38|MT04|VILLAS DEL NORTE|MZF1C5|-77.268322|1.230289||52UZPE01152001T38MT04EBS001H0309|52UZPE01152001T38MT04EBS001H0309F0309|1|1|1|4|52UZPE01152001T38MT04EBS001|900091143|CC|36950073|PSICOLOGIA|52UZPE01152001T38MT04EBS001H0309F0309CF309|2024-12-04|1||1||3||1||2|2|11|5|3|2|20||1|13|0||1||1||1||1||1|4|3|1|1|1|1|2|2|2|2|2|2||2|2|1|1||9||1|2|2|1|2|1|2|2|1|52UZPE01152001T38MT04EBS001H030952UZPE01152001T38MT04EBS001H0309F0309
2|174|1|52|UZPE011|52001|T38|MT04|VILLAS DEL NORTE|MF1CASA22|-77.270374|1.229871||52UZPE01152001T38MT04EBS001H0312|52UZPE01152001T38MT04EBS001H0312F0312|1|1|1|2|52UZPE01152001T38MT04EBS001|900091143|CC|27097745|ENFERMERA|52UZPE01152001T38MT04EBS001H0312F0312CF312|2024-12-04|1||1||3||1||2|2|11|5|2|2|20||1|13|0||1||1||1||1||2|2|3|1|1|1|1|2|2|2|2|2|2||2|2|1|1||9||1|2|2|1|1|1|2|2|1|52UZPE01152001T38MT04EBS001H031252UZPE01152001T38MT04EBS001H0312F0312
2|175|1|52|UZPE011|52001|T38|MT04|VILLAS DEL NORTE|MZF1CASA25|-77.267876|1.229351||52UZPE01152001T38MT04EBS001H0313|52UZPE01152001T38MT04EBS001H0313F0313|1|1|1|3|52UZPE01152001T38MT04EBS001|900091143|CC|27097745|ENFERMERA|52UZPE01152001T38MT04EBS001H0313F0313CF313|2024-12-04|1||1||3||1||3|2|11|5|2|2|20||2|13|0||1||1||1||1||1|4|3|1|1|1|1|2|2|2|2|2|2||2|2|1|2||9||1|2|2|1|2|1|2|2|1|52UZPE01152001T38MT04EBS001H031352UZPE01152001T38MT04EBS001H0313F0313
2|176|1|52|UZPE011|52001|T38|MT04|VILLAS DEL NORTE|MZFCASA20|-77.268455|1.229679||52UZPE01152001T38MT04EBS001H0315|52UZPE01152001T38MT04EBS001H0315F0315|1|1|1|3|52UZPE01152001T38MT04EBS001|900091143|CC|27097745|ENFERMERA|52UZPE01152001T38MT04EBS001H0315F0315CF315|2024-12-04|1||1||3||1||3|2|11|5|3|2|20||2|13|0||1||1||1||1||1|3|3|1|1|1|1|2|2|2|2|2|2||2|2|1|2||9||1|2|2|1|1|1|2|2|1|52UZPE01152001T38MT04EBS001H031552UZPE01152001T38MT04EBS001H0315F0315
2|177|1|52|UZPE011|52001|T38|MT01|SOL DE ORIENTE|MZDC16|-77.270057|1.234674||52UZPE01152001T38MT01EBS001H0317|52UZPE01152001T38MT01EBS001H0317F0317|1|1|1|3|52UZPE01152001T38MT01EBS001|900091143|CC|1085283703|AUXILIARDEENFERMERIA|52UZPE01152001T38MT01EBS001H0317F0317CF317|2024-12-03|1||1||3||1||2|2|11|5|3|2|20||1|13|0||1||1||1||1||1|3|3|2|1|1|1|2|2|2|2|2|2||2|2|2|2||9||2|2|2|1|2|1|2|2|1|52UZPE01152001T38MT01EBS001H031752UZPE01152001T38MT01EBS001H0317F0317
2|178|1|52|UZPE011|52001|T38|MT04|VILLAS DEL NORTE|MZFCASA3|-77.297915|1.231905||52UZPE01152001T38MT04EBS001H0320|52UZPE01152001T38MT04EBS001H0320F0320|1|1|1|2|52UZPE01152001T38MT04EBS001|900091143|CC|27097745|ENFERMERA|52UZPE01152001T38MT04EBS001H0320F0320CF320|2024-12-05|1||1||3||1||2|2|11|5|2|2|20||2|13|0||1||1||1||1||2|4|3|1|1|1|1|2|2|2|2|2|2||2|2|1|1||9||1|2|2|1|1|1|2|2|1|52UZPE01152001T38MT04EBS001H032052UZPE01152001T38MT04EBS001H0320F0320
2|179|1|52|UZPE011|52001|T38|MT04|VILLAS DEL NORTE|MZFCASA11|-77.2667|1.231529||52UZPE01152001T38MT04EBS001H0321|52UZPE01152001T38MT04EBS001H0321F0321|1|1|1|3|52UZPE01152001T38MT04EBS001|900091143|CC|27097745|ENFERMERA|52UZPE01152001T38MT04EBS001H0321F0321CF321|2024-12-05|1||1||3||1||3|2|11|5|3|2|20||2|13|0||1||1||1||1||2|3|3|1|1|1|1|2|2|2|2|2|2||2|2|1|1||9||1|2|2|1|1|1|2|2|1|52UZPE01152001T38MT04EBS001H032152UZPE01152001T38MT04EBS001H0321F0321
2|180|1|52|UZPE011|52001|T38|MT04|VILLAS DEL NORTE|MAC25|-77.258248|1.235682||52UZPE01152001T38MT04EBS001H0323|52UZPE01152001T38MT04EBS001H0323F0323|3|1|1|1|52UZPE01152001T38MT04EBS001|900091143|CC|36950073|PSICOLOGIA|52UZPE01152001T38MT04EBS001H0323F0323CF323|2024-12-05|1||1||3||1||2|2|11|5|1|2|20||2|13|0||1||1||1||1||7|1|3|1|1|1|1|2|2|2|2|2|2||2|2|1|1||9||1|2|2|1|2|1|2|2|1|52UZPE01152001T38MT04EBS001H032352UZPE01152001T38MT04EBS001H0323F0323
2|181|1|52|UZPE011|52001|T38|MT01|SOL DE ORIENTE|CASA14MANZANAO|-77.270728|1.23656||52UZPE01152001T38MT01EBS001H0324|52UZPE01152001T38MT01EBS001H0324F0324|1|1|1|1|52UZPE01152001T38MT01EBS001|900091143|CC|1004235479|AUXILIARDEENFERMERIA|52UZPE01152001T38MT01EBS001H0324F0324CF324|2024-11-25|1||1||3||1||1|2|11|5|2|2|20||2|13|0||1||1||1||1||7|1|3|1|1|1|1|2|2|2|2|2|2||2|2|2|2||9||2|2|2|1|1|1|2|2|1|52UZPE01152001T38MT01EBS001H032452UZPE01152001T38MT01EBS001H0324F0324
2|182|1|52|UZPE011|52001|T38|MT04|VILLAS DEL NORTE|MANZANA8CASA9|-77.267933|1.231524||52UZPE01152001T38MT04EBS001H0330|52UZPE01152001T38MT04EBS001H0330F0330|1|1|1|2|52UZPE01152001T38MT04EBS001|900091143|CC|27097745|ENFERMERA|52UZPE01152001T38MT04EBS001H0330F0330CF330|2024-12-01|1||1||3||1||2|2|11|5|2|2|20||2|13|0||1||1||1||1||1|4|3|1|1|1|1|2|2|2|2|2|2||2|2|1|1||9||1|2|2|1|1|1|2|2|1|52UZPE01152001T38MT04EBS001H033052UZPE01152001T38MT04EBS001H0330F0330
2|183|1|52|UZPE011|52001|T38|MT04|VILLAS DEL NORTE|MZ11CASA7|-77.267933|1.230424||52UZPE01152001T38MT04EBS001H0331|52UZPE01152001T38MT04EBS001H0331F0331|1|1|1|1|52UZPE01152001T38MT04EBS001|900091143|CC|27097745|ENFERMERA|52UZPE01152001T38MT04EBS001H0331F0331CF331|2024-12-01|1||1||3||4||1|2|11|5|2|2|20||2|13|0||1||1||1||1||2|3|3|1|1|1|1|2|2|2|2|2|2||2|2|2|2||9||2|2|2|1|2|1|2|2|1|52UZPE01152001T38MT04EBS001H033152UZPE01152001T38MT04EBS001H0331F0331
2|184|1|52|UZPE011|52001|T38|MT04|VILLAS DEL NORTE|MZ13CASA20VILLASDELNORTE|-77.262768|1.29553||52UZPE01152001T38MT04EBS001H0332|52UZPE01152001T38MT04EBS001H0332F0332|1|1|1|3|52UZPE01152001T38MT04EBS001|900091143|CC|27097745|ENFERMERA|52UZPE01152001T38MT04EBS001H0332F0332CF332|2024-12-01|1||1||3||1||2|2|11|5|3|2|20||2|13|0||1||1||1||1||1|3|3|1|1|1|1|2|2|2|2|2|2||2|2|2|2||9||2|2|2|1|1|1|2|2|1|52UZPE01152001T38MT04EBS001H033252UZPE01152001T38MT04EBS001H0332F0332
2|185|1|52|UZPE011|52001|T38|MT04|VILLAS DEL NORTE|MZ10CASA2VILLASDELNORTE|-77.267848|1.229654||52UZPE01152001T38MT04EBS001H0333|52UZPE01152001T38MT04EBS001H0333F0333|1|1|1|3|52UZPE01152001T38MT04EBS001|900091143|CC|27097745|ENFERMERA|52UZPE01152001T38MT04EBS001H0333F0333CF333|2024-12-01|1||1||3||1||3|2|11|5|2|2|20||2|13|0||1||1||1||1||1|3|3|1|1|1|1|2|2|2|2|2|2||2|2|1|1||9||1|2|2|1|1|1|2|2|1|52UZPE01152001T38MT04EBS001H033352UZPE01152001T38MT04EBS001H0333F0333
2|186|1|52|UZPE011|52001|T38|MT04|VILLAS DEL NORTE|MZ9CASA15VILLASDELNORTE|-77.262017|1.21242||52UZPE01152001T38MT04EBS001H0334|52UZPE01152001T38MT04EBS001H0334F0334|1|1|1|3|52UZPE01152001T38MT04EBS001|900091143|CC|27097745|ENFERMERA|52UZPE01152001T38MT04EBS001H0334F0334CF334|2024-12-01|1||1||3||1||3|2|11|5|2|2|20||2|13|0||1||1||1||1||1|3|3|1|1|1|1|2|2|2|2|2|2||2|2|1|2||9||1|2|2|1|1|1|2|2|1|52UZPE01152001T38MT04EBS001H033452UZPE01152001T38MT04EBS001H0334F0334
2|187|1|52|UZPE011|52001|T38|MT04|VILLAS DEL NORTE|MZ8CASA2|-77.311108|1.02341||52UZPE01152001T38MT04EBS001H0335|52UZPE01152001T38MT04EBS001H0335F0335|1|1|1|3|52UZPE01152001T38MT04EBS001|900091143|CC|27097745|ENFERMERA|52UZPE01152001T38MT04EBS001H0335F0335CF335|2024-12-01|1||1||3||4||3|2|11|5|3|2|20||2|13|0||1||1||1||1||1|3|3|1|1|1|1|2|2|2|2|2|2||2|2|2|1||9||2|2|2|1|1|1|2|2|1|52UZPE01152001T38MT04EBS001H033552UZPE01152001T38MT04EBS001H0335F0335
2|188|1|52|UZPE011|52001|T38|MT04|VILLAS DEL NORTE|MZ9CASA17|-77.455243|1.402788||52UZPE01152001T38MT04EBS001H0336|52UZPE01152001T38MT04EBS001H0336F0336|1|1|1|2|52UZPE01152001T38MT04EBS001|900091143|CC|27097745|ENFERMERA|52UZPE01152001T38MT04EBS001H0336F0336CF336|2024-12-01|1||1||3||1||1|2|11|5|3|2|20||2|13|0||1||1||1||1||1|2|3|1|1|1|1|2|2|2|2|2|2||2|2|1|2||9||1|2|2|1|2|1|2|2|1|52UZPE01152001T38MT04EBS001H033652UZPE01152001T38MT04EBS001H0336F0336
2|189|1|52|UZPE011|52001|T38|MT04|VILLAS DEL NORTE|MZ9CASA2|-77.26694|1.230616||52UZPE01152001T38MT04EBS001H0337|52UZPE01152001T38MT04EBS001H0337F0337|1|1|1|2|52UZPE01152001T38MT04EBS001|900091143|CC|27097745|ENFERMERA|52UZPE01152001T38MT04EBS001H0337F0337CF337|2024-12-01|1||1||3||1||1|2|11|5|2|2|20||2|13|0||1||1||1||1||1|2|3|1|1|1|1|2|2|2|2|2|2||2|2|2|2||9||2|2|2|1|1|1|2|2|1|52UZPE01152001T38MT04EBS001H033752UZPE01152001T38MT04EBS001H0337F0337
2|190|1|52|UZPE011|52001|T38|MT01|SOL DE ORIENTE|MZDCASA17BARRIO8DEMARZO|-77.271037|1.233992||52UZPE01152001T38MT01EBS001H0338|52UZPE01152001T38MT01EBS001H0338F0338|1|1|1|2|52UZPE01152001T38MT01EBS001|900091143|CC|27097745|ENFERMERA|52UZPE01152001T38MT01EBS001H0338F0338CF338|2024-12-01|1||1||3||1||2|2|11|5|3|2|20||2|13|0||1||1||1||1||1|2|3|1|1|1|1|2|2|2|2|2|2||2|2|2|2||9||2|2|2|1|1|1|2|2|1|52UZPE01152001T38MT01EBS001H033852UZPE01152001T38MT01EBS001H0338F0338
2|191|1|52|UZPE011|52001|T38|MT04|VILLAS DEL NORTE|MZBCASA2|-77.267461|1.231437||52UZPE01152001T38MT04EBS001H0339|52UZPE01152001T38MT04EBS001H0339F0339|1|1|1|3|52UZPE01152001T38MT04EBS001|900091143|CC|27097745|ENFERMERA|52UZPE01152001T38MT04EBS001H0339F0339CF339|2024-12-03|1||1||3||1||3|2|11|5|2|2|20||2|13|0||1||1||1||1||1|3|3|1|1|1|1|2|2|2|2|2|2||2|2|2|2||9||2|2|2|1|1|1|2|2|1|52UZPE01152001T38MT04EBS001H033952UZPE01152001T38MT04EBS001H0339F0339
2|192|1|52|UZPE011|52001|T38|MT04|VILLAS DEL NORTE|MZBCASA5|-77.267332|1.232321||52UZPE01152001T38MT04EBS001H0340|52UZPE01152001T38MT04EBS001H0340F0340|1|1|1|1|52UZPE01152001T38MT04EBS001|900091143|CC|27097745|ENFERMERA|52UZPE01152001T38MT04EBS001H0340F0340CF340|2024-12-05|1||1||3||1||1|2|11|5|3|2|20||2|13|0||1||1||1||1||1|4|3|1|1|1|1|2|2|2|2|2|2||2|2|2|2||9||2|2|2|1|1|1|2|2|1|52UZPE01152001T38MT04EBS001H034052UZPE01152001T38MT04EBS001H0340F0340
2|193|1|52|UZPE011|52001|T38|MT04|VILLAS DEL NORTE|MZBCASA10|-77.267283|1.252491||52UZPE01152001T38MT04EBS001H0342|52UZPE01152001T38MT04EBS001H0342F0342|1|1|1|3|52UZPE01152001T38MT04EBS001|900091143|CC|27097745|ENFERMERA|52UZPE01152001T38MT04EBS001H0342F0342CF342|2024-12-05|1||1||3||1||3|2|11|5|2|2|20||2|13|0||1||1||1||1||1|3|3|1|1|1|1|2|2|2|2|2|2||2|2|1|2||9||1|2|2|1|1|1|2|2|1|52UZPE01152001T38MT04EBS001H034252UZPE01152001T38MT04EBS001H0342F0342
2|194|1|52|UZPE011|52001|T38|MT04|VILLAS DEL NORTE|MZBCASA9|-77.266903|1.231931||52UZPE01152001T38MT04EBS001H0343|52UZPE01152001T38MT04EBS001H0343F0343|1|1|1|2|52UZPE01152001T38MT04EBS001|900091143|CC|27097745|ENFERMERA|52UZPE01152001T38MT04EBS001H0343F0343CF343|2024-12-05|1||1||3||1||2|2|11|5|2|2|20||2|13|0||1||1||1||1||2|2|3|1|1|1|1|2|2|2|2|2|2||2|2|2|1||9||2|2|2|1|1|1|2|2|1|52UZPE01152001T38MT04EBS001H034352UZPE01152001T38MT04EBS001H0343F0343
2|195|1|52|UZPE011|52001|T38|MT04|VILLAS DEL NORTE|MZFCASA12|-77.257218|1.227992||52UZPE01152001T38MT04EBS001H0344|52UZPE01152001T38MT04EBS001H0344F0344|1|1|1|3|52UZPE01152001T38MT04EBS001|900091143|CC|27097745|ENFERMERA|52UZPE01152001T38MT04EBS001H0344F0344CF344|2024-12-04|1||1||3||1||3|2|11|5|3|2|20||1|13|0||1||1||1||1||1|3|3|1|1|1|1|2|2|2|2|2|2||2|2|1|2||9||1|2|2|1|1|1|2|2|1|52UZPE01152001T38MT04EBS001H034452UZPE01152001T38MT04EBS001H0344F0344
2|196|1|52|UZPE011|52001|T38|MT04|VILLAS DEL NORTE|MFCASA16|-77.258557|1.234254||52UZPE01152001T38MT04EBS001H0346|52UZPE01152001T38MT04EBS001H0346F0346|1|1|1|2|52UZPE01152001T38MT04EBS001|900091143|CC|27097745|ENFERMERA|52UZPE01152001T38MT04EBS001H0346F0346CF346|2024-12-04|1||1||3||1||1|2|11|5|3|2|20||2|13|0||1||1||1||1||1|2|3|1|1|1|1|2|2|2|2|2|2||2|2|2|1||9||2|2|2|1|1|1|2|2|1|52UZPE01152001T38MT04EBS001H034652UZPE01152001T38MT04EBS001H0346F0346
2|197|1|52|UZPE011|52001|T38|MT04|VILLAS DEL NORTE|MZ8CASA3BARRIOFUTURO|-77.268856|1.231834||52UZPE01152001T38MT04EBS001H0347|52UZPE01152001T38MT04EBS001H0347F0347|1|1|1|3|52UZPE01152001T38MT04EBS001|900091143|CC|27097745|ENFERMERA|52UZPE01152001T38MT04EBS001H0347F0347CF347|2024-12-08|4||1||3||1||3|2|11|5|3|2|20||2|13|0||1||1||1||1||1|3|3|1|1|1|1|2|2|2|2|2|2||2|2|1|1||9||1|2|2|1|1|1|2|2|1|52UZPE01152001T38MT04EBS001H034752UZPE01152001T38MT04EBS001H0347F0347
2|198|1|52|UZPE011|52001|T38|MT04|VILLAS DEL NORTE|CASA3MANZANAD|-77.268231|1.232234||52UZPE01152001T38MT04EBS001H0351|52UZPE01152001T38MT04EBS001H0351F0351|3|1|1|2|52UZPE01152001T38MT04EBS001|900091143|CC|1004235479|AUXILIARDEENFERMERIA|52UZPE01152001T38MT04EBS001H0351F0351CF351|2024-12-08|1||1||3||1||3|2|11|5|3|2|20||2|13|0||1||1||1||1||2|2|3|1|1|1|1|2|2|2|2|2|2||2|2|2|2||9||2|2|2|1|1|1|2|2|1|52UZPE01152001T38MT04EBS001H035152UZPE01152001T38MT04EBS001H0351F0351
2|199|1|52|UZPE011|52001|T38|MT04|VILLAS DEL NORTE|CASA5MANZANAD|-77.26907|1.231673||52UZPE01152001T38MT04EBS001H0352|52UZPE01152001T38MT04EBS001H0352F0352|1|1|1|2|52UZPE01152001T38MT04EBS001|900091143|CC|1004235479|AUXILIARDEENFERMERIA|52UZPE01152001T38MT04EBS001H0352F0352CF352|2024-12-09|1||1||3||1||3|2|11|5|3|2|20||2|13|0||1||1||1||1||2|2|3|1|1|1|1|2|2|2|2|2|2||2|2|1|2||9||1|2|2|1|2|1|2|2|1|52UZPE01152001T38MT04EBS001H035252UZPE01152001T38MT04EBS001H0352F0352
2|200|1|52|UZPE011|52001|T38|MT04|VILLAS DEL NORTE|CASA21MANZANAD|-77.269608|1.231596||52UZPE01152001T38MT04EBS001H0353|52UZPE01152001T38MT04EBS001H0353F0353|1|1|1|2|52UZPE01152001T38MT04EBS001|900091143|CC|1004235479|AUXILIARDEENFERMERIA|52UZPE01152001T38MT04EBS001H0353F0353CF353|2024-12-09|1||1||3||1||3|2|11|5|3|2|20||2|13|0||1||1||1||1||2|2|3|1|1|1|1|2|2|2|2|2|2||2|2|2|1||9||2|2|2|1|1|1|2|2|1|52UZPE01152001T38MT04EBS001H035352UZPE01152001T38MT04EBS001H0353F0353
2|201|1|52|UZPE011|52001|T38|MT04|VILLAS DEL NORTE|CASA20MANZANAD|-77.269608|1.231597||52UZPE01152001T38MT04EBS001H0354|52UZPE01152001T38MT04EBS001H0354F0354|1|1|1|3|52UZPE01152001T38MT04EBS001|900091143|CC|1004235479|AUXILIARDEENFERMERIA|52UZPE01152001T38MT04EBS001H0354F0354CF354|2024-12-09|1||1||3||1||3|2|11|5|3|2|20||2|13|0||1||1||1||1||1|3|3|1|1|1|1|2|2|2|2|2|2||2|2|2|2||9||2|2|2|1|1|1|2|2|1|52UZPE01152001T38MT04EBS001H035452UZPE01152001T38MT04EBS001H0354F0354
2|202|1|52|UZPE011|52001|T38|MT04|VILLAS DEL NORTE|MZCCASA13|-77.268302|1.232768||52UZPE01152001T38MT04EBS001H0357|52UZPE01152001T38MT04EBS001H0357F0357|1|1|1|3|52UZPE01152001T38MT04EBS001|900091143|CC|27097745|ENFERMERA|52UZPE01152001T38MT04EBS001H0357F0357CF357|2024-12-11|1||1||3||1||2|2|11|5|2|2|20||2|13|0||1||1||1||1||1|2|3|1|1|2|1|2|2|2|2|2|2||2|2|2|2||9||2|2|2|1|1|1|2|2|1|52UZPE01152001T38MT04EBS001H035752UZPE01152001T38MT04EBS001H0357F0357
2|203|1|52|UZPE011|52001|T38|MT04|VILLAS DEL NORTE|MZCCASA13|-77.268302|1.232768||52UZPE01152001T38MT04EBS001H0358|52UZPE01152001T38MT04EBS001H0358F0358|1|1|1|3|52UZPE01152001T38MT04EBS001|900091143|CC|27097745|ENFERMERA|52UZPE01152001T38MT04EBS001H0358F0358CF358|2024-12-11|1||1||3||1||2|2|11|5|3|2|20||2|13|0||1||1||1||1||1|3|3|1|1|1|1|2|2|2|2|2|2||2|2|2|2||9||2|2|2|1|1|1|2|2|1|52UZPE01152001T38MT04EBS001H035852UZPE01152001T38MT04EBS001H0358F0358
2|204|1|52|UZPE011|52001|T38|MT04|VILLAS DEL NORTE|CASA17MANZANAD|-77.269229|1.231501||52UZPE01152001T38MT04EBS001H0360|52UZPE01152001T38MT04EBS001H0360F0360|1|1|1|2|52UZPE01152001T38MT04EBS001|900091143|CC|1004235479|AUXILIARDEENFERMERIA|52UZPE01152001T38MT04EBS001H0360F0360CF360|2024-12-11|4||1||3||1||3|2|11|5|3|2|20||2|13|0||1||1||1||1||2|2|3|1|1|1|1|2|2|2|2|2|2||2|2|2|2||9||2|2|2|1|1|1|2|2|1|52UZPE01152001T38MT04EBS001H036052UZPE01152001T38MT04EBS001H0360F0360
2|205|1|52|UZPE011|52001|T38|MT04|VILLAS DEL NORTE|MANZANABCASA2FUTURO|-77.268523|1.231779||52UZPE01152001T38MT04EBS001H0361|52UZPE01152001T38MT04EBS001H0361F0361|1|1|1|3|52UZPE01152001T38MT04EBS001|900091143|CC|1085265622|ODONTOLOGIA|52UZPE01152001T38MT04EBS001H0361F0361CF361|2024-12-10|1||1||3||1||2|2|11|5|2|2|20||2|13|0||1||1||1||1||1|3|2|1|1|1|2|2|2|2|2|2|2||2|2|2|1||9||2|2|2|1|2|1|2|2|1|52UZPE01152001T38MT04EBS001H036152UZPE01152001T38MT04EBS001H0361F0361
2|206|1|52|UZPE011|52001|T38|MT04|VILLAS DEL NORTE|CASA26MANZANAB|-77.269047|1.231677||52UZPE01152001T38MT04EBS001H0362|52UZPE01152001T38MT04EBS001H0362F0362|1|1|1|3|52UZPE01152001T38MT04EBS001|900091143|CC|1004235479|AUXILIARDEENFERMERIA|52UZPE01152001T38MT04EBS001H0362F0362CF362|2024-12-11|1||1||3||1||4|2|11|5|3|2|20||2|13|0||1||1||1||1||1|3|3|1|1|1|1|2|2|2|2|2|2||2|2|2|2||9||2|2|2|1|1|1|2|2|1|52UZPE01152001T38MT04EBS001H036252UZPE01152001T38MT04EBS001H0362F0362
2|207|1|52|UZPE011|52001|T38|MT04|VILLAS DEL NORTE|CASA3MANZANAA|-77.267292|1.232218||52UZPE01152001T38MT04EBS001H0363|52UZPE01152001T38MT04EBS001H0363F0363|1|1|1|1|52UZPE01152001T38MT04EBS001|900091143|CC|1004235479|AUXILIARDEENFERMERIA|52UZPE01152001T38MT04EBS001H0363F0363CF363|2024-12-11|1||1||3||1||2|2|11|5|3|2|20||2|13|0||1||1||1||1||7|1|3|1|1|1|1|2|2|2|2|2|2||2|2|2|2||9||2|2|2|1|1|1|2|2|1|52UZPE01152001T38MT04EBS001H036352UZPE01152001T38MT04EBS001H0363F0363
2|208|1|52|UZPE011|52001|T38|MT04|VILLAS DEL NORTE|MANZANACCASA4|-77.269156|1.232273||52UZPE01152001T38MT04EBS001H0365|52UZPE01152001T38MT04EBS001H0365F0365|1|1|1|1|52UZPE01152001T38MT04EBS001|900091143|CC|1004235479|AUXILIARDEENFERMERIA|52UZPE01152001T38MT04EBS001H0365F0365CF365|2024-12-11|1||1||3||1||2|2|11|5|3|2|20||2|13|0||1||1||1||1||7|1|3|1|1|1|1|2|2|2|2|2|2||2|2|1|2||9||1|2|2|1|1|1|2|2|1|52UZPE01152001T38MT04EBS001H036552UZPE01152001T38MT04EBS001H0365F0365
2|209|1|52|UZPE011|52001|T38|MT04|VILLAS DEL NORTE|MANZANAECASA10|-77.269192|1.23972||52UZPE01152001T38MT04EBS001H0366|52UZPE01152001T38MT04EBS001H0366F0366|1|1|1|2|52UZPE01152001T38MT04EBS001|900091143|CC|1004235479|AUXILIARDEENFERMERIA|52UZPE01152001T38MT04EBS001H0366F0366CF366|2024-12-11|4||1||3||1||3|2|11|5|3|2|20||2|13|0||1||1||1||1||2|2|3|1|1|1|1|2|2|2|2|2|2||2|2|2|1||9||2|2|2|1|1|1|2|2|1|52UZPE01152001T38MT04EBS001H036652UZPE01152001T38MT04EBS001H0366F0366
2|210|1|52|UZPE011|52001|T38|MT04|VILLAS DEL NORTE|MZ3CASA6|-77.26823|1.231944||52UZPE01152001T38MT04EBS001H0369|52UZPE01152001T38MT04EBS001H0369F0369|1|1|1|4|52UZPE01152001T38MT04EBS001|900091143|CC|27097745|ENFERMERA|52UZPE01152001T38MT04EBS001H0369F0369CF369|2024-12-11|1||1||3||4||3|2|11|5|3|2|20||2|13|0||1||1||1||1||1|4|3|1|1|1|1|2|2|2|2|2|2||2|2|2|2||9||2|2|2|1|1|1|2|2|1|52UZPE01152001T38MT04EBS001H036952UZPE01152001T38MT04EBS001H0369F0369
2|211|1|52|UZPE011|52001|T38|MT04|VILLAS DEL NORTE|MZBCASA3|-77.269812|1.231578||52UZPE01152001T38MT04EBS001H0371|52UZPE01152001T38MT04EBS001H0371F0371|1|1|1|3|52UZPE01152001T38MT04EBS001|900091143|CC|27097745|ENFERMERA|52UZPE01152001T38MT04EBS001H0371F0371CF371|2024-12-11|1||1||3||1||3|2|11|5|3|2|20||2|13|0||1||1||1||1||1|3|3|1|1|1|1|2|2|2|2|2|2||2|2|2|1||9||2|2|2|1|1|1|2|2|1|52UZPE01152001T38MT04EBS001H037152UZPE01152001T38MT04EBS001H0371F0371
2|212|1|52|UZPE011|52001|T38|MT04|VILLAS DEL NORTE|CASA11MANZANAE|-77.268879|1.233011||52UZPE01152001T38MT04EBS001H0378|52UZPE01152001T38MT04EBS001H0378F0378|1|1|1|2|52UZPE01152001T38MT04EBS001|900091143|CC|1004235479|AUXILIARDEENFERMERIA|52UZPE01152001T38MT04EBS001H0378F0378CF378|2024-12-12|1||1||3||1||3|2|11|5|3|2|20||2|13|0||1||1||1||1||2|2|3|1|1|1|1|2|2|2|2|2|2||2|2|2|2||9||2|2|2|1|1|1|2|2|1|52UZPE01152001T38MT04EBS001H037852UZPE01152001T38MT04EBS001H0378F0378
2|213|1|52|UZPE011|52001|T38|MT04|VILLAS DEL NORTE|MANZANAECASA11|-77.268879|1.233011||52UZPE01152001T38MT04EBS001H0380|52UZPE01152001T38MT04EBS001H0380F0380|1|1|1|2|52UZPE01152001T38MT04EBS001|900091143|CC|1004235479|AUXILIARDEENFERMERIA|52UZPE01152001T38MT04EBS001H0380F0380CF380|2024-12-12|1||1||3||1||3|2|11|5|3|2|20||1|13|0||1||1||1||1||2|2|3|1|1|1|1|2|2|2|2|2|2||2|2|2|1||9||2|2|2|1|1|1|2|2|1|52UZPE01152001T38MT04EBS001H038052UZPE01152001T38MT04EBS001H0380F0380
2|214|1|52|UZPE011|52001|T38|MT04|VILLAS DEL NORTE|MZ4CASA4|-77.273252|1.230915||52UZPE01152001T38MT04EBS001H0383|52UZPE01152001T38MT04EBS001H0383F0383|1|1|1|2|52UZPE01152001T38MT04EBS001|900091143|CC|27097745|ENFERMERA|52UZPE01152001T38MT04EBS001H0383F0383CF383|2024-12-12|1||1||3||1||1|2|11|5|2|2|20||2|13|0||1||1||1||1||1|2|3|1|1|1|1|2|2|2|2|2|2||2|2|1|2||9||1|2|2|1|2|1|2|2|1|52UZPE01152001T38MT04EBS001H038352UZPE01152001T38MT04EBS001H0383F0383
2|215|1|52|UZPE011|52001|T38|MT01|SOL DE ORIENTE|MZDCASA15|-77.270716|1.233647||52UZPE01152001T38MT01EBS001H0385|52UZPE01152001T38MT01EBS001H0385F0385|1|1|1|4|52UZPE01152001T38MT01EBS001|900091143|CC|27097745|ENFERMERA|52UZPE01152001T38MT01EBS001H0385F0385CF385|2024-12-03|1||1||3||1||3|2|11|5|3|2|20||2|13|0||1||1||1||1||1|4|3|2|1|1|1|2|2|2|2|2|2||2|2|1|1||9||1|2|2|1|1|1|2|2|1|52UZPE01152001T38MT01EBS001H038552UZPE01152001T38MT01EBS001H0385F0385
2|216|1|52|UZPE011|52001|T38|MT04|VILLAS DEL NORTE|MZDCASA18|-77.269545|1.231996||52UZPE01152001T38MT04EBS001H0389|52UZPE01152001T38MT04EBS001H0389F0389|1|1|1|3|52UZPE01152001T38MT04EBS001|900091143|CC|27097745|ENFERMERA|52UZPE01152001T38MT04EBS001H0389F0389CF389|2024-12-11|1||1||3||1||3|2|11|5|3|2|20||2|13|0||1||1||1||1||1|3|3|1|1|1|1|2|2|2|2|2|2||2|2|1|1||9||1|2|2|1|1|1|2|2|1|52UZPE01152001T38MT04EBS001H038952UZPE01152001T38MT04EBS001H0389F0389
2|217|1|52|UZPE011|52001|T38|MT04|VILLAS DEL NORTE|MZF1CASA10|-77.268917|1.229972||52UZPE01152001T38MT04EBS001H0390|52UZPE01152001T38MT04EBS001H0390F0390|1|1|1|3|52UZPE01152001T38MT04EBS001|900091143|CC|27097745|ENFERMERA|52UZPE01152001T38MT04EBS001H0390F0390CF390|2024-12-04|1||1||3||1||3|2|11|5|3|2|20||2|13|0||1||1||1||1||1|3|3|1|1|1|1|2|2|2|2|2|2||2|2|1|1||9||1|2|2|1|1|1|2|2|1|52UZPE01152001T38MT04EBS001H039052UZPE01152001T38MT04EBS001H0390F0390
2|218|1|52|UZPE011|52001|T38|MT04|VILLAS DEL NORTE|MZFCASA9|-77.628892|1.229957||52UZPE01152001T38MT04EBS001H0391|52UZPE01152001T38MT04EBS001H0391F0391|1|1|1|2|52UZPE01152001T38MT04EBS001|900091143|CC|27097745|ENFERMERA|52UZPE01152001T38MT04EBS001H0391F0391CF391|2024-12-04|1||1||3||1||1|2|11|5|2|2|20||2|13|0||1||1||1||1||1|2|3|1|1|1|1|2|2|2|2|2|2||2|2|1|2||9||1|2|2|1|1|1|2|2|1|52UZPE01152001T38MT04EBS001H039152UZPE01152001T38MT04EBS001H0391F0391
2|219|1|52|UZPE011|52001|T38|MT01|SOL DE ORIENTE|MANZANADCASA30BARRIO8DEMARZO|-77.271089|1.233787||52UZPE01152001T38MT01EBS001H0393|52UZPE01152001T38MT01EBS001H0393F0393|1|1|1|2|52UZPE01152001T38MT01EBS001|900091143|CC|1085265622|ODONTOLOGIA|52UZPE01152001T38MT01EBS001H0393F0393CF393|2024-11-24|4||1||3||1||1|2|11|5|3|2|20||2|13|0||1||1||1||1||1|2|2|1|1|1|2|2|2|2|2|2|2||2|2|1|2||9||1|2|2|1|2|1|2|2|1|52UZPE01152001T38MT01EBS001H039352UZPE01152001T38MT01EBS001H0393F0393
2|220|1|52|UZPE011|52001|T38|MT04|VILLAS DEL NORTE|MANZANACCASA7FUTURO|-77.269062|1.231382||52UZPE01152001T38MT04EBS001H0394|52UZPE01152001T38MT04EBS001H0394F0394|1|1|1|2|52UZPE01152001T38MT04EBS001|900091143|CC|1085265622|ODONTOLOGIA|52UZPE01152001T38MT04EBS001H0394F0394CF394|2024-12-11|1||1||3||1||1|2|11|5|3|2|20||2|13|0||1||1||1||1||1|2|3|1|1|1|1|2|2|2|2|2|2||2|2|1|1||9||1|2|2|1|1|1|2|2|1|52UZPE01152001T38MT04EBS001H039452UZPE01152001T38MT04EBS001H0394F0394
2|221|1|52|UZPE011|52001|T38|MT04|VILLAS DEL NORTE|MANZANACCASA14VILLAG|-77.268542|1.232562||52UZPE01152001T38MT04EBS001H0395|52UZPE01152001T38MT04EBS001H0395F0395|1|2|2|4|52UZPE01152001T38MT04EBS001|900091143|CC|1085265622|ODONTOLOGIA|52UZPE01152001T38MT04EBS001H0395F0395CF395|2024-12-11|1||1||3||1||2|2|11|5|2|2|20||2|13|0||1||1||1||1||1|4|1|1|1|1|2|2|2|2|2|2|2||2|2|1|1||9||1|2|2|1|2|1|2|2|1|52UZPE01152001T38MT04EBS001H039552UZPE01152001T38MT04EBS001H0395F0395
2|222|1|52|UZPE011|52001|T38|MT04|VILLAS DEL NORTE|MANZANACCASA14VILLAGUERRERO|-77.268542|1.232562||52UZPE01152001T38MT04EBS001H0396|52UZPE01152001T38MT04EBS001H0396F0396|1|2|2|2|52UZPE01152001T38MT04EBS001|900091143|CC|1085265622|ODONTOLOGIA|52UZPE01152001T38MT04EBS001H0396F0396CF396|2024-12-11|4||1||3||1||1|2|11|5|2|2|20||2|13|0||1||1||1||1||2|2|3|1|1|1|1|2|2|2|2|2|2||2|2|1|1||9||1|2|2|1|1|1|2|2|1|52UZPE01152001T38MT04EBS001H039652UZPE01152001T38MT04EBS001H0396F0396
2|223|1|52|UZPE011|52001|T38|MT04|VILLAS DEL NORTE|MANZANAACASA4VILLAGUERRERO|-77.268542|1.232562||52UZPE01152001T38MT04EBS001H0398|52UZPE01152001T38MT04EBS001H0398F0398|1|1|1|2|52UZPE01152001T38MT04EBS001|900091143|CC|1085265622|ODONTOLOGIA|52UZPE01152001T38MT04EBS001H0398F0398CF398|2024-12-11|1||1||3||1||1|2|11|5|2|2|20||2|13|0||1||1||1||1||1|2|3|1|1|1|1|2|2|2|2|2|2||2|2|1|2||9||1|2|2|1|1|1|2|2|1|52UZPE01152001T38MT04EBS001H039852UZPE01152001T38MT04EBS001H0398F0398
2|224|1|52|UZPE011|52001|T38|MT04|VILLAS DEL NORTE|MZF1CASA3|-77.265968|1.229169||52UZPE01152001T38MT04EBS001H0399|52UZPE01152001T38MT04EBS001H0399F0399|1|1|1|2|52UZPE01152001T38MT04EBS001|900091143|CC|27097745|ENFERMERA|52UZPE01152001T38MT04EBS001H0399F0399CF399|2024-12-04|1||1||3||1||2|2|11|5|3|2|20||2|13|0||1||1||1||1||1|2|3|1|1|1|1|2|2|2|2|2|2||2|2|1|1||9||1|2|2|1|1|1|2|2|1|52UZPE01152001T38MT04EBS001H039952UZPE01152001T38MT04EBS001H0399F0399
2|225|1|52|UZPE011|52001|T38|MT04|VILLAS DEL NORTE|MZF1CASA15|-77.267802|1.232973||52UZPE01152001T38MT04EBS001H0402|52UZPE01152001T38MT04EBS001H0402F0402|1|1|1|3|52UZPE01152001T38MT04EBS001|900091143|CC|27097745|ENFERMERA|52UZPE01152001T38MT04EBS001H0402F0402CF402|2024-12-03|1||1||3||1||3|2|11|5|2|2|20||2|13|0||1||1||1||1||1|3|3|1|1|1|1|2|2|2|2|2|2||2|2|1|2||9||1|2|2|1|1|1|2|2|1|52UZPE01152001T38MT04EBS001H040252UZPE01152001T38MT04EBS001H0402F0402
2|226|1|52|UZPE011|52001|T38|MT04|VILLAS DEL NORTE|MANZANADCASA12DOPISO|-77.269329|1.233093||52UZPE01152001T38MT04EBS001H0406|52UZPE01152001T38MT04EBS001H0406F0406|1|2|2|1|52UZPE01152001T38MT04EBS001|900091143|CC|1085265622|ODONTOLOGIA|52UZPE01152001T38MT04EBS001H0406F0406CF406|2024-12-11|1||1||3||1||1|2|11|5|3|2|20||1|13|0||1||1||1||1||7|1|3|1|1|1|1|2|2|2|2|2|2||2|2|1|2||9||1|2|2|1|1|1|2|2|1|52UZPE01152001T38MT04EBS001H040652UZPE01152001T38MT04EBS001H0406F0406
2|227|1|52|UZPE011|52001|T38|MT04|VILLAS DEL NORTE|MANZANADCASA1VILLAGUERRERO|-77.269329|1.233093||52UZPE01152001T38MT04EBS001H0407|52UZPE01152001T38MT04EBS001H0407F0407|1|2|2|3|52UZPE01152001T38MT04EBS001|900091143|CC|1085265622|ODONTOLOGIA|52UZPE01152001T38MT04EBS001H0407F0407CF407|2024-12-11|1||1||3||1||2|2|11|5|3|1|20||1|9,10|2||1||1||1||1||1|3|3|1|1|1|1|2|2|2|2|2|2||2|2|1|1||9||1|2|2|1|1|1|2|2|1|52UZPE01152001T38MT04EBS001H040752UZPE01152001T38MT04EBS001H0407F0407
2|228|1|52|UZPE011|52001|T38|MT04|VILLAS DEL NORTE|MANZANAECASA8|-77.269545|1.231996||52UZPE01152001T38MT04EBS001H0408|52UZPE01152001T38MT04EBS001H0408F0408|1|1|1|2|52UZPE01152001T38MT04EBS001|900091143|CC|27097745|ENFERMERA|52UZPE01152001T38MT04EBS001H0408F0408CF408|2024-12-11|1||1||3||1||1|2|11|5|3|2|20||2|13|0||1||1||1||1||1|2|3|1|1|1|1|2|2|2|2|2|2||2|2|1|2||9||1|2|2|1|1|1|2|2|1|52UZPE01152001T38MT04EBS001H040852UZPE01152001T38MT04EBS001H0408F0408
2|229|1|52|UZPE011|52001|T38|MT04|VILLAS DEL NORTE|CASA13MANZANAF|-77.269263|1.232802||52UZPE01152001T38MT04EBS001H0411|52UZPE01152001T38MT04EBS001H0411F0411|1|1|1|3|52UZPE01152001T38MT04EBS001|900091143|CC|1004235479|AUXILIARDEENFERMERIA|52UZPE01152001T38MT04EBS001H0411F0411CF411|2024-12-18|4||1||3||1||4|2|11|5|3|2|20||2|13|0||1||1||1||1||2|3|3|1|1|1|1|2|2|2|2|2|2||2|2|2|2||9||2|2|2|1|1|1|2|2|1|52UZPE01152001T38MT04EBS001H041152UZPE01152001T38MT04EBS001H0411F0411
2|230|1|52|UZPE011|52001|T38|MT04|VILLAS DEL NORTE|MZACASA13|-77.268428|1.232675||52UZPE01152001T38MT04EBS001H0413|52UZPE01152001T38MT04EBS001H0413F0413|1|1|1|2|52UZPE01152001T38MT04EBS001|900091143|CC|27097745|ENFERMERA|52UZPE01152001T38MT04EBS001H0413F0413CF413|2024-12-11|1||1||3||1||1|2|11|5|3|2|20||2|13|0||1||1||1||1||1|2|3|1|1|1|1|2|2|2|2|2|2||2|2|2|1||9||2|2|2|1|1|1|2|2|1|52UZPE01152001T38MT04EBS001H041352UZPE01152001T38MT04EBS001H0413F0413
2|231|1|52|UZPE011|52001|T38|MT04|VILLAS DEL NORTE|CASA2MANZANAB|-77.268942|1.232471||52UZPE01152001T38MT04EBS001H0414|52UZPE01152001T38MT04EBS001H0414F0414|1|1|1|1|52UZPE01152001T38MT04EBS001|900091143|CC|1004235479|AUXILIARDEENFERMERIA|52UZPE01152001T38MT04EBS001H0414F0414CF414|2024-12-18|1||1||3||1||2|2|11|5|3|2|20||2|13|0||1||1||1||1||7|1|3|1|1|1|1|2|2|2|2|2|2||2|2|1|2||9||1|2|2|1|1|1|2|2|1|52UZPE01152001T38MT04EBS001H041452UZPE01152001T38MT04EBS001H0414F0414
2|232|1|52|UZPE011|52001|T38|MT04|VILLAS DEL NORTE|CASA15MANZANAD|-77.268435|1.232583||52UZPE01152001T38MT04EBS001H0417|52UZPE01152001T38MT04EBS001H0417F0417|1|1|1|1|52UZPE01152001T38MT04EBS001|900091143|CC|1004235479|AUXILIARDEENFERMERIA|52UZPE01152001T38MT04EBS001H0417F0417CF417|2024-12-08|1||1||3||1||3|2|11|5|3|2|20||2|13|0||1||1||1||1||7|1|3|1|1|1|1|2|2|2|2|2|2||2|2|1|1||9||1|2|2|1|1|1|2|2|1|52UZPE01152001T38MT04EBS001H041752UZPE01152001T38MT04EBS001H0417F0417
2|233|1|52|UZPE011|52001|T38|MT04|VILLAS DEL NORTE|CASA17MANZANAA|-77.268095|1.232842||52UZPE01152001T38MT04EBS001H0418|52UZPE01152001T38MT04EBS001H0418F0418|1|1|1|1|52UZPE01152001T38MT04EBS001|900091143|CC|1004235479|AUXILIARDEENFERMERIA|52UZPE01152001T38MT04EBS001H0418F0418CF418|2024-12-08|1||1||3||1||2|2|11|5|3|2|20||2|13|0||1||1||1||1||7|1|3|1|1|1|1|2|2|2|2|2|2||2|2|2|2||9||2|2|2|1|2|1|2|2|1|52UZPE01152001T38MT04EBS001H041852UZPE01152001T38MT04EBS001H0418F0418
2|234|1|52|UZPE011|52001|T38|MT03|BELLAVISTA DE ARANDA|CALLE22BISNO28106|-77.273289|1.223073||52UZPE01152001T38MT03EBS001H0419|52UZPE01152001T38MT03EBS001H0419F0419|1|2|2|3|52UZPE01152001T38MT03EBS001|900091143|CC|1085265622|ODONTOLOGIA|52UZPE01152001T38MT03EBS001H0419F0419CF419|2025-04-29|4||1||3||1||2|2|11|5|2|2|20||2|13|0||1||1||1||1||1|3|3|1|1|1|1|2|2|2|2|2|2||2|2|1|2||9||1|2|2|1|1|1|2|2|1|52UZPE01152001T38MT03EBS001H041952UZPE01152001T38MT03EBS001H0419F0419
2|235|1|52|UZPE011|52001|T38|MT01|SOL DE ORIENTE|CALLE40C56|-77.269462|1.236792||52UZPE01152001T38MT01EBS001H0421|52UZPE01152001T38MT01EBS001H0421F0421|1|1|1|1|52UZPE01152001T38MT01EBS001|900091143|CC|1004216993|AUXILIARESDEENFERMERIA|52UZPE01152001T38MT01EBS001H0421F0421CF421|2025-04-14|1||1||3||1||1|2|11|5|3|2|20||2|13|0||1||1||1||1||7|1|3|1|1|1|1|2|2|2|2|2|2||2|2|1|2||9||1|2|2|1|2|1|2|2|1|52UZPE01152001T38MT01EBS001H042152UZPE01152001T38MT01EBS001H0421F0421
2|236|1|52|UZPE011|52001|T38|MT01|SOL DE ORIENTE|CALLE2449B134|-77.269462|1.236792||52UZPE01152001T38MT01EBS001H0422|52UZPE01152001T38MT01EBS001H0422F0422|1|2|2|4|52UZPE01152001T38MT01EBS001|900091143|CC|1004216993|AUXILIARESDEENFERMERIA|52UZPE01152001T38MT01EBS001H0422F0422CF422|2025-04-14|1||1||3||1||3|2|11|5|3|2|20||2|13|0||1||1||1||1||1|2|3|1|1|1|1|2|2|2|2|2|2||2|2|1|1||9||1|2|2|1|2|1|2|2|1|52UZPE01152001T38MT01EBS001H042252UZPE01152001T38MT01EBS001H0422F0422
2|237|1|52|UZPE011|52001|T38|MT01|SOL DE ORIENTE|CALLE2449B134|-77.269462|1.236792||52UZPE01152001T38MT01EBS001H0423|52UZPE01152001T38MT01EBS001H0423F0423|1|2|2|4|52UZPE01152001T38MT01EBS001|900091143|CC|1004216993|AUXILIARESDEENFERMERIA|52UZPE01152001T38MT01EBS001H0423F0423CF423|2025-04-14|1||1||3||1||3|2|11|5|3|2|20||2|13|0||1||1||1||1||1|2|3|1|1|1|1|2|2|2|2|2|2||2|2|1|2||9||1|2|2|1|1|1|2|2|1|52UZPE01152001T38MT01EBS001H042352UZPE01152001T38MT01EBS001H0423F0423
2|238|1|52|UZPE011|52001|T38|MT03|BELLAVISTA DE ARANDA|28A61|-77.273565|1.222442||52UZPE01152001T38MT03EBS001H0424|52UZPE01152001T38MT03EBS001H0424F0424|1|1|1|1|52UZPE01152001T38MT03EBS001|900091143|CC|1004235479|AUXILIARDEENFERMERIA|52UZPE01152001T38MT03EBS001H0424F0424CF424|2025-04-22|1||1||3||1||2|2|11|2|3|2|20||2|13|0||1||1||1||1||7|1|3|1|1|1|1|2|2|2|2|2|2||2|2|1|2||9||1|2|2|1|1|1|2|2|1|52UZPE01152001T38MT03EBS001H042452UZPE01152001T38MT03EBS001H0424F0424
2|239|1|52|UZPE011|52001|T38|MT01|SOL DE ORIENTE|CASA52|-77.269242|1.297217||52UZPE01152001T38MT01EBS001H0426|52UZPE01152001T38MT01EBS001H0426F0426|2|1|1|2|52UZPE01152001T38MT01EBS001|900091143|CC|1085286742|AUXILIARDEENFERMERIA|52UZPE01152001T38MT01EBS001H0426F0426CF426|2025-04-14|1||1||3||1||2|2|11|2|2|2|17||2|13|0||1||1||1||1||2|2|3|1|1|1|1|2|2|2|2|2|2||2|2|1|2||9||1|2|2|1|1|1|2|2|1|52UZPE01152001T38MT01EBS001H042652UZPE01152001T38MT01EBS001H0426F0426
2|240|1|52|UZPE011|52001|T38|MT01|SOL DE ORIENTE|CASA49B|-77.268477|1.233721||52UZPE01152001T38MT01EBS001H0428|52UZPE01152001T38MT01EBS001H0428F0428|1|1|1|2|52UZPE01152001T38MT01EBS001|900091143|CC|1085286742|AUXILIARDEENFERMERIA|52UZPE01152001T38MT01EBS001H0428F0428CF428|2025-04-20|1||1||3||1||2|2|11|2|2|2|20||2|13|0||3||1||1||1||2|2|3|1|1|1|1|2|2|2|2|2|2||2|2|1|2||9||1|2|2|1|1|1|2|2|1|52UZPE01152001T38MT01EBS001H042852UZPE01152001T38MT01EBS001H0428F0428
2|241|1|52|UZPE011|52001|T38|MT01|SOL DE ORIENTE|CALLE37BNUMERO27ECON31|-77.269327|1.233856||52UZPE01152001T38MT01EBS001H0429|52UZPE01152001T38MT01EBS001H0429F0429|1|2|2|3|52UZPE01152001T38MT01EBS001|900091143|CC|1085286742|AUXILIARDEENFERMERIA|52UZPE01152001T38MT01EBS001H0429F0429CF429|2025-04-21|1||1||3||1||3|2|11|2|2|2|20||2|13|0||3||1||1||1||2|1|3|1|1|1|1|2|2|2|2|2|2||2|2|1|1||9||1|2|2|1|1|1|2|2|1|52UZPE01152001T38MT01EBS001H042952UZPE01152001T38MT01EBS001H0429F0429
2|242|1|52|UZPE011|52001|T38|MT01|SOL DE ORIENTE|CALLE37BNUMERO27ECON31|-77.269327|1.233856||52UZPE01152001T38MT01EBS001H0430|52UZPE01152001T38MT01EBS001H0430F0430|1|2|2|3|52UZPE01152001T38MT01EBS001|900091143|CC|1085286742|AUXILIARDEENFERMERIA|52UZPE01152001T38MT01EBS001H0430F0430CF430|2025-04-21|1||1||3||1||3|2|11|2|2|2|20||2|13|0||3||1||1||1||2|2|3|1|1|1|1|2|2|2|2|2|2||2|2|1|1||9||1|2|2|1|1|1|2|2|1|52UZPE01152001T38MT01EBS001H043052UZPE01152001T38MT01EBS001H0430F0430
2|243|1|52|UZPE011|52001|T38|MT02|ARANDA|CALLE40052|-77.236815|1.236165||52UZPE01152001T38MT02EBS001H0432|52UZPE01152001T38MT02EBS001H0432F0432|1|1|1|2|52UZPE01152001T38MT02EBS001|900091143|CC|12974849|GESTORCOMUNITARIO|52UZPE01152001T38MT02EBS001H0432F0432CF432|2025-04-20|1||1||3||4||2|2|11|5|2|2|19||2|13|0||1||1||1||1||1|2|3|1|1|1|1|2|2|2|2|2|2||2|2|1|2||9||1|2|2|1|1|1|2|2|1|52UZPE01152001T38MT02EBS001H043252UZPE01152001T38MT02EBS001H0432F0432
2|244|1|52|UZPE011|52001|T38|MT02|ARANDA|CALLE37C2848|-77.268603|1.233672||52UZPE01152001T38MT02EBS001H0434|52UZPE01152001T38MT02EBS001H0434F0434|1|1|1|2|52UZPE01152001T38MT02EBS001|900091143|CC|12974849|GESTORCOMUNITARIO|52UZPE01152001T38MT02EBS001H0434F0434CF434|2025-04-20|1||1||3||1||2|2|11|5|3|2|20||2|13|0||1||1||1||1||1|2|3|1|1|1|4|2|2|2|2|2|2||2|2|1|1||9||1|2|2|1|2|1|2|2|1|52UZPE01152001T38MT02EBS001H043452UZPE01152001T38MT02EBS001H0434F0434
2|245|1|52|UZPE011|52001|T38|MT02|ARANDA|CALLE40CASA52|-77.268603|1.233672||52UZPE01152001T38MT02EBS001H0435|52UZPE01152001T38MT02EBS001H0435F0435|1|1|1|1|52UZPE01152001T38MT02EBS001|900091143|CC|12974849|GESTORCOMUNITARIO|52UZPE01152001T38MT02EBS001H0435F0435CF435|2025-04-20|1||1||3||4||1|2|11|5|2|2|20||2|13|0||1||1||1||1||7|1|3|2|1|1|1|2|2|2|2|2|2||2|2|1|2||9||1|2|2|1|2|1|2|2|1|52UZPE01152001T38MT02EBS001H043552UZPE01152001T38MT02EBS001H0435F0435
2|246|1|52|UZPE011|52001|T38|MT02|ARANDA|CALLE385828|-77.269858|1.234894||52UZPE01152001T38MT02EBS001H0436|52UZPE01152001T38MT02EBS001H0436F0436|1|1|1|2|52UZPE01152001T38MT02EBS001|900091143|CC|12974849|GESTORCOMUNITARIO|52UZPE01152001T38MT02EBS001H0436F0436CF436|2025-04-21|1||1||3||1||2|2|11|5|2|2|20||2|13|0||1||1||1||1||7|1|3|2|1|1|4|2|2|2|2|2|2||2|2|1|2||9||1|2|2|1|2|1|2|2|1|52UZPE01152001T38MT02EBS001H043652UZPE01152001T38MT02EBS001H0436F0436
2|247|1|52|UZPE011|52001|T38|MT01|SOL DE ORIENTE|CALLE2441B2|-77.268579|1.234117||52UZPE01152001T38MT01EBS001H0438|52UZPE01152001T38MT01EBS001H0438F0438|1|1|1|1|52UZPE01152001T38MT01EBS001|900091143|CC|1004216993|AUXILIARESDEENFERMERIA|52UZPE01152001T38MT01EBS001H0438F0438CF438|2025-04-21|1||1||3||1||1|2|11|5|2|2|20||2|13|0||1||1||1||1||7|1|3|2|1|1|1|2|2|2|2|2|2||2|2|1|1||9||1|2|2|1|1|1|2|2|1|52UZPE01152001T38MT01EBS001H043852UZPE01152001T38MT01EBS001H0438F0438
2|248|1|52|UZPE011|52001|T38|MT02|ARANDA|CASA14C|-77.269818|1.234894||52UZPE01152001T38MT02EBS001H0439|52UZPE01152001T38MT02EBS001H0439F0439|1|1|1|1|52UZPE01152001T38MT02EBS001|900091143|CC|12974849|GESTORCOMUNITARIO|52UZPE01152001T38MT02EBS001H0439F0439CF439|2025-04-21|1||1||3||4||2|2|11|5|3|2|20||2|13|0||3||1||1||1||7|1|3|2|1|1|4|2|2|2|2|2|2||2|2|1|1||9||1|2|2|1|2|1|2|2|1|52UZPE01152001T38MT02EBS001H043952UZPE01152001T38MT02EBS001H0439F0439
2|249|1|52|UZPE011|52001|T38|MT03|BELLAVISTA DE ARANDA|CALLE22BISN2704|-77.273161|1.222645||52UZPE01152001T38MT03EBS001H0440|52UZPE01152001T38MT03EBS001H0440F0440|1|1|1|3|52UZPE01152001T38MT03EBS001|900091143|CC|1004216993|AUXILIARESDEENFERMERIA|52UZPE01152001T38MT03EBS001H0440F0440CF440|2025-04-24|1||1||3||4||2|2|5|5|4|1|8||1|13|0||1||1||1||1||2|3|3|3|1|1|1|2|2|2|2|2|2||2|2|1|2||9||1|2|2|1|1|1|2|2|1|52UZPE01152001T38MT03EBS001H044052UZPE01152001T38MT03EBS001H0440F0440
2|250|1|52|UZPE011|52001|T38|MT03|BELLAVISTA DE ARANDA|CALLE22BIS2756|-77.273168|1.222791||52UZPE01152001T38MT03EBS001H0441|52UZPE01152001T38MT03EBS001H0441F0441|1|1|1|2|52UZPE01152001T38MT03EBS001|900091143|CC|1004216993|AUXILIARESDEENFERMERIA|52UZPE01152001T38MT03EBS001H0441F0441CF441|2025-04-24|1||1||3||1||1|2|11|5|2|2|20||2|13|0||1||1||1||1||2|2|3|2|1|1|1|2|2|2|2|2|2||2|2|1|2||9||1|2|2|1|1|1|2|2|1|52UZPE01152001T38MT03EBS001H044152UZPE01152001T38MT03EBS001H0441F0441
2|251|1|52|UZPE011|52001|T38|MT03|BELLAVISTA DE ARANDA|CALLE22BIS2709|-77.273073|1.222894||52UZPE01152001T38MT03EBS001H0442|52UZPE01152001T38MT03EBS001H0442F0442|1|1|1|3|52UZPE01152001T38MT03EBS001|900091143|CC|1004216993|AUXILIARESDEENFERMERIA|52UZPE01152001T38MT03EBS001H0442F0442CF442|2025-04-24|1||1||3||1||2|2|11|5|3|2|20||1|13|0||1||1||1||1||2|3|3|1|1|1|1|2|2|2|2|2|2||2|2|2|2||9||2|2|2|1|2|1|2|2|1|52UZPE01152001T38MT03EBS001H044252UZPE01152001T38MT03EBS001H0442F0442
2|252|1|52|UZPE011|52001|T38|MT02|ARANDA|CALLE22B2714|-77.264855|1.232892||52UZPE01152001T38MT02EBS001H0443|52UZPE01152001T38MT02EBS001H0443F0443|1|1|1|2|52UZPE01152001T38MT02EBS001|900091143|CC|12974849|GESTORCOMUNITARIO|52UZPE01152001T38MT02EBS001H0443F0443CF443|2025-04-24|1||1||3||4||2|2|5|5|2|2|20||2|13|0||1||1||1||1||1|2|2|2|1|1|3|2|2|2|2|2|2||2|2|2|2||9||2|2|2|1|2|1|2|2|1|52UZPE01152001T38MT02EBS001H044352UZPE01152001T38MT02EBS001H0443F0443
2|253|1|52|UZPE011|52001|T38|MT02|ARANDA|CALLE22BIS2717|-77.27082|1.232889||52UZPE01152001T38MT02EBS001H0444|52UZPE01152001T38MT02EBS001H0444F0444|1|1|1|2|52UZPE01152001T38MT02EBS001|900091143|CC|12974849|GESTORCOMUNITARIO|52UZPE01152001T38MT02EBS001H0444F0444CF444|2025-04-24|1||1||3||4||2|2|11|5|2|2|20||2|13|0||1||1||1||1||1|2|3|2|1|1|4|2|2|2|2|2|2||2|2|1|1||9||1|2|2|1|1|1|2|2|1|52UZPE01152001T38MT02EBS001H044452UZPE01152001T38MT02EBS001H0444F0444
2|254|1|52|UZPE011|52001|T38|MT01|SOL DE ORIENTE|CALLE37CASA12|-77.269663|1.234338||52UZPE01152001T38MT01EBS001H0446|52UZPE01152001T38MT01EBS001H0446F0446|1|1|1|2|52UZPE01152001T38MT01EBS001|900091143|CC|1085286742|AUXILIARDEENFERMERIA|52UZPE01152001T38MT01EBS001H0446F0446CF446|2025-04-21|1||1||3||1||4|2|11|2|2|2|20||2|13|0||3||1||1||1||2|2|3|1|1|1|1|2|2|2|2|2|2||2|2|1|2||9||1|2|2|1|1|1|2|2|1|52UZPE01152001T38MT01EBS001H044652UZPE01152001T38MT01EBS001H0446F0446
2|255|1|52|UZPE011|52001|T38|MT02|ARANDA|CALLE22B2753|-77.272856|1.223009||52UZPE01152001T38MT02EBS001H0447|52UZPE01152001T38MT02EBS001H0447F0447|1|1|1|1|52UZPE01152001T38MT02EBS001|900091143|CC|12974849|GESTORCOMUNITARIO|52UZPE01152001T38MT02EBS001H0447F0447CF447|2025-04-24|1||1||3||2||1|2|11|5|2|2|20||2|13|0||1||1||1||1||7|1|3|2|1|1|2|2|2|2|2|2|2||2|2|1|2||9||1|2|2|1|1|1|2|2|1|52UZPE01152001T38MT02EBS001H044752UZPE01152001T38MT02EBS001H0447F0447
2|256|1|52|UZPE011|52001|T38|MT03|BELLAVISTA DE ARANDA|CALLE22BISNUMERO2701|-77.27351|1.224424||52UZPE01152001T38MT03EBS001H0448|52UZPE01152001T38MT03EBS001H0448F0448|1|5|5|5|52UZPE01152001T38MT03EBS001|900091143|CC|1085286742|AUXILIARDEENFERMERIA|52UZPE01152001T38MT03EBS001H0448F0448CF448|2025-04-24|1||1||3||1||4|2|10|2|2|2|17||2|13|0||1||1||1||1||7|1|3|2|1|1|2|2|2|2|2|2|2||2|2|1|2||9||1|2|2|1|1|1|2|2|1|52UZPE01152001T38MT03EBS001H044852UZPE01152001T38MT03EBS001H0448F0448
2|257|1|52|UZPE011|52001|T38|MT03|BELLAVISTA DE ARANDA|CALLE22BISNUMERO2701|-77.27351|1.224424||52UZPE01152001T38MT03EBS001H0449|52UZPE01152001T38MT03EBS001H0449F0449|1|5|5|5|52UZPE01152001T38MT03EBS001|900091143|CC|1085286742|AUXILIARDEENFERMERIA|52UZPE01152001T38MT03EBS001H0449F0449CF449|2025-04-24|1||1||3||1||4|2|10|2|2|2|17||2|13|0||1||1||1||1||7|1|3|2|1|1|2|2|2|2|2|2|2||2|2|1|2||9||1|2|2|1|1|1|2|2|1|52UZPE01152001T38MT03EBS001H044952UZPE01152001T38MT03EBS001H0449F0449
2|258|1|52|UZPE011|52001|T38|MT03|BELLAVISTA DE ARANDA|CALLE22BISNUMERO2701|-77.27351|1.224424||52UZPE01152001T38MT03EBS001H0450|52UZPE01152001T38MT03EBS001H0450F0450|1|5|5|5|52UZPE01152001T38MT03EBS001|900091143|CC|1085286742|AUXILIARDEENFERMERIA|52UZPE01152001T38MT03EBS001H0450F0450CF450|2025-04-24|1||1||3||1||4|2|10|2|2|2|17||2|13|0||1||1||1||1||7|1|3|2|1|1|1|2|2|2|2|2|2||2|2|1|2||9||1|2|2|1|1|1|2|2|1|52UZPE01152001T38MT03EBS001H045052UZPE01152001T38MT03EBS001H0450F0450
2|259|1|52|UZPE011|52001|T38|MT03|BELLAVISTA DE ARANDA|CALLE22BISNUMERO2701|-77.27351|1.224424||52UZPE01152001T38MT03EBS001H0451|52UZPE01152001T38MT03EBS001H0451F0451|1|5|5|5|52UZPE01152001T38MT03EBS001|900091143|CC|1085286742|AUXILIARDEENFERMERIA|52UZPE01152001T38MT03EBS001H0451F0451CF451|2025-04-24|1||1||3||1||4|2|10|2|2|2|17||2|13|0||1||1||1||1||7|1|3|2|1|1|1|2|2|2|2|2|2||2|2|1|2||9||1|2|2|1|2|1|2|2|1|52UZPE01152001T38MT03EBS001H045152UZPE01152001T38MT03EBS001H0451F0451
2|260|1|52|UZPE011|52001|T38|MT03|BELLAVISTA DE ARANDA|CALLE22BISNUMERO2701|-77.27351|1.224424||52UZPE01152001T38MT03EBS001H0452|52UZPE01152001T38MT03EBS001H0452F0452|1|5|5|5|52UZPE01152001T38MT03EBS001|900091143|CC|1085286742|AUXILIARDEENFERMERIA|52UZPE01152001T38MT03EBS001H0452F0452CF452|2025-04-24|1||1||3||1||4|2|10|2|2|2|17||2|13|0||1||1||1||1||7|1|3|3|1|1|1|2|2|2|2|2|2||2|2|2|2||9||2|2|2|1|1|1|2|2|1|52UZPE01152001T38MT03EBS001H045252UZPE01152001T38MT03EBS001H0452F0452
2|261|1|52|UZPE011|52001|T38|MT03|BELLAVISTA DE ARANDA|CALLE22BIS2718|-77.272974|1.223071||52UZPE01152001T38MT03EBS001H0455|52UZPE01152001T38MT03EBS001H0455F0455|1|1|1|1|52UZPE01152001T38MT03EBS001|900091143|CC|1004216993|AUXILIARESDEENFERMERIA|52UZPE01152001T38MT03EBS001H0455F0455CF455|2025-04-24|1||1||3||1||1|2|11|5|2|2|20||2|13|0||1||1||1||1||7|1|3|3|1|1|2|2|2|2|2|2|2||2|2|1|1||9||1|2|2|1|1|1|2|2|1|52UZPE01152001T38MT03EBS001H045552UZPE01152001T38MT03EBS001H0455F0455
2|262|1|52|UZPE011|52001|T38|MT03|BELLAVISTA DE ARANDA|CALLE22BIS2729|-77.272949|1.223129||52UZPE01152001T38MT03EBS001H0457|52UZPE01152001T38MT03EBS001H0457F0457|1|1|1|4|52UZPE01152001T38MT03EBS001|900091143|CC|1004216993|AUXILIARESDEENFERMERIA|52UZPE01152001T38MT03EBS001H0457F0457CF457|2025-04-24|1||1||3||1||3|2|11|5|3|2|20||1|13|0||1||1||1||1||1|4|3|1|1|1|1|2|2|2|2|2|2||2|2|1|2||9||1|2|2|1|2|1|2|2|1|52UZPE01152001T38MT03EBS001H045752UZPE01152001T38MT03EBS001H0457F0457
2|263|1|52|UZPE011|52001|T38|MT03|BELLAVISTA DE ARANDA|CALLE22BIS2769|-77.272892|1.223533||52UZPE01152001T38MT03EBS001H0459|52UZPE01152001T38MT03EBS001H0459F0459|1|1|1|2|52UZPE01152001T38MT03EBS001|900091143|CC|1004216993|AUXILIARESDEENFERMERIA|52UZPE01152001T38MT03EBS001H0459F0459CF459|2025-04-24|1||1||3||1||1|2|11|5|3|2|20||1|13|0||1||1||1||1||1|2|3|1|1|1|1|2|2|2|2|2|2||2|2|1|1||9||1|2|2|1|2|1|2|2|1|52UZPE01152001T38MT03EBS001H045952UZPE01152001T38MT03EBS001H0459F0459
2|264|1|52|UZPE011|52001|T38|MT03|BELLAVISTA DE ARANDA|CALLE22BIS2733|-77.272794|1.223689||52UZPE01152001T38MT03EBS001H0460|52UZPE01152001T38MT03EBS001H0460F0460|1|2|2|3|52UZPE01152001T38MT03EBS001|900091143|CC|1004216993|AUXILIARESDEENFERMERIA|52UZPE01152001T38MT03EBS001H0460F0460CF460|2025-04-24|1||1||3||1||2|2|11|5|2|2|20||1|13|0||1||1||1||1||1|2|3|1|1|1|1|2|2|2|2|2|2||2|2|1|1||9||1|2|2|1|1|1|2|2|1|52UZPE01152001T38MT03EBS001H046052UZPE01152001T38MT03EBS001H0460F0460
2|265|1|52|UZPE011|52001|T38|MT03|BELLAVISTA DE ARANDA|CALLE22BIS2733|-77.272794|1.223689||52UZPE01152001T38MT03EBS001H0461|52UZPE01152001T38MT03EBS001H0461F0461|1|2|2|3|52UZPE01152001T38MT03EBS001|900091143|CC|1004216993|AUXILIARESDEENFERMERIA|52UZPE01152001T38MT03EBS001H0461F0461CF461|2025-04-24|1||1||3||1||2|2|11|5|2|2|20||1|13|0||1||1||1||1||7|1|3|1|1|1|1|2|2|2|2|2|2||2|2|1|1||9||1|2|2|1|1|1|2|2|1|52UZPE01152001T38MT03EBS001H046152UZPE01152001T38MT03EBS001H0461F0461
2|266|1|52|UZPE011|52001|T38|MT02|ARANDA|CALLE22BIS27118|-77.272287|1.223072||52UZPE01152001T38MT02EBS001H0462|52UZPE01152001T38MT02EBS001H0462F0462|1|1|1|2|52UZPE01152001T38MT02EBS001|900091143|CC|12974849|GESTORCOMUNITARIO|52UZPE01152001T38MT02EBS001H0462F0462CF462|2025-04-27|1||1||3||4||2|2|11|5|3|2|20||2|13|0||1||1||1||1||1|2|3|2|1|1|3|2|2|2|2|2|2||2|2|1|1||9||1|2|2|1|1|1|2|2|1|52UZPE01152001T38MT02EBS001H046252UZPE01152001T38MT02EBS001H0462F0462
2|267|1|52|UZPE011|52001|T38|MT03|BELLAVISTA DE ARANDA|CALLE22BIS2738|-77.272681|1.223678||52UZPE01152001T38MT03EBS001H0463|52UZPE01152001T38MT03EBS001H0463F0463|1|1|1|3|52UZPE01152001T38MT03EBS001|900091143|CC|1004216993|AUXILIARESDEENFERMERIA|52UZPE01152001T38MT03EBS001H0463F0463CF463|2025-04-24|1||1||3||1||2|2|11|5|2|2|20||1|13|0||1||1||1||1||1|3|3|1|1|1|1|2|2|2|2|2|2||2|2|1|1||9||1|2|2|1|2|1|2|2|1|52UZPE01152001T38MT03EBS001H046352UZPE01152001T38MT03EBS001H0463F0463
2|268|1|52|UZPE011|52001|T38|MT03|BELLAVISTA DE ARANDA|CALLE22BIS2752|-77.272736|1.223613||52UZPE01152001T38MT03EBS001H0464|52UZPE01152001T38MT03EBS001H0464F0464|1|1|1|4|52UZPE01152001T38MT03EBS001|900091143|CC|1004216993|AUXILIARESDEENFERMERIA|52UZPE01152001T38MT03EBS001H0464F0464CF464|2025-04-24|1||1||3||1||3|2|11|5|2|2|20||1|13|0||1||1||1||1||1|4|3|1|1|1|1|2|2|2|2|2|2||2|2|1|1||9||1|2|2|1|2|1|2|2|1|52UZPE01152001T38MT03EBS001H046452UZPE01152001T38MT03EBS001H0464F0464
2|269|1|52|UZPE011|52001|T38|MT02|ARANDA|CALLE22BIS2878|-77.263518|1.23516||52UZPE01152001T38MT02EBS001H0465|52UZPE01152001T38MT02EBS001H0465F0465|1|1|1|2|52UZPE01152001T38MT02EBS001|900091143|CC|12974849|GESTORCOMUNITARIO|52UZPE01152001T38MT02EBS001H0465F0465CF465|2025-04-27|1||1||3||1||2|2|11|5|3|2|20||2|13|0||1||1||1||1||1|2|3|2|1|1|2|2|2|2|2|2|2||2|2|1|2||9||1|2|2|1|2|1|2|2|1|52UZPE01152001T38MT02EBS001H046552UZPE01152001T38MT02EBS001H0465F0465
2|270|1|52|UZPE011|52001|T38|MT02|ARANDA|CALLE22BIS2878APART2|-77.273289|1.223075||52UZPE01152001T38MT02EBS001H0466|52UZPE01152001T38MT02EBS001H0466F0466|1|1|1|1|52UZPE01152001T38MT02EBS001|900091143|CC|12974849|GESTORCOMUNITARIO|52UZPE01152001T38MT02EBS001H0466F0466CF466|2025-04-27|1||1||3||1||1|2|11|5|3|2|20||2|13|0||1||1||1||1||7|1|3|1|1|1|4|2|2|2|2|2|2||2|2|1|2||9||1|2|2|1|1|1|2|2|1|52UZPE01152001T38MT02EBS001H046652UZPE01152001T38MT02EBS001H0466F0466
2|271|1|52|UZPE011|52001|T38|MT03|BELLAVISTA DE ARANDA|CALLE22BIS2732|-77.273354|1.22335||52UZPE01152001T38MT03EBS001H0467|52UZPE01152001T38MT03EBS001H0467F0467|1|1|1|1|52UZPE01152001T38MT03EBS001|900091143|CC|1004216993|AUXILIARESDEENFERMERIA|52UZPE01152001T38MT03EBS001H0467F0467CF467|2025-04-27|1||1||3||1||1|2|11|5|2|2|20||1|13|0||1||1||1||1||7|1|3|1|1|1|1|2|2|2|2|2|2||2|2|1|2||9||1|2|2|1|1|1|2|2|1|52UZPE01152001T38MT03EBS001H046752UZPE01152001T38MT03EBS001H0467F0467
2|272|1|52|UZPE011|52001|T38|MT03|BELLAVISTA DE ARANDA|CALLE22BIS27139|-77.273354|1.223071||52UZPE01152001T38MT03EBS001H0468|52UZPE01152001T38MT03EBS001H0468F0468|1|2|2|3|52UZPE01152001T38MT03EBS001|900091143|CC|1004216993|AUXILIARESDEENFERMERIA|52UZPE01152001T38MT03EBS001H0468F0468CF468|2025-04-27|1||1||3||1||2|2|11|5|3|2|20||1|13|0||1||1||1||1||1|2|3|1|1|1|1|2|2|2|2|2|2||2|2|1|1||9||1|2|2|1|2|1|2|2|1|52UZPE01152001T38MT03EBS001H046852UZPE01152001T38MT03EBS001H0468F0468
2|273|1|52|UZPE011|52001|T38|MT03|BELLAVISTA DE ARANDA|CALLE22BIS27139|-77.273354|1.223071||52UZPE01152001T38MT03EBS001H0469|52UZPE01152001T38MT03EBS001H0469F0469|1|2|2|3|52UZPE01152001T38MT03EBS001|900091143|CC|1004216993|AUXILIARESDEENFERMERIA|52UZPE01152001T38MT03EBS001H0469F0469CF469|2025-04-27|1||1||3||1||2|2|11|5|2|2|20||1|13|0||1||1||1||1||7|1|3|1|1|1|1|2|2|2|2|2|2||2|2|2|1||9||2|2|2|1|2|1|2|2|1|52UZPE01152001T38MT03EBS001H046952UZPE01152001T38MT03EBS001H0469F0469
2|274|1|52|UZPE011|52001|T38|MT01|SOL DE ORIENTE|CALLE28BIS27172|-77.274288|1.224076||52UZPE01152001T38MT01EBS001H0471|52UZPE01152001T38MT01EBS001H0471F0471|1|1|1|2|52UZPE01152001T38MT01EBS001|900091143|CC|12974849|GESTORCOMUNITARIO|52UZPE01152001T38MT01EBS001H0471F0471CF471|2025-04-27|1||1||4||4||2|2|11|5|2|2|20||2|13|0||1||1||1||1||1|2|3|1|1|1|3|2|2|2|2|2|2||2|2|1|2||9||1|2|2|1|2|1|2|2|1|52UZPE01152001T38MT01EBS001H047152UZPE01152001T38MT01EBS001H0471F0471
2|275|1|52|UZPE011|52001|T38|MT01|SOL DE ORIENTE|CALLE22BIS28102|-77.274512|1.224423||52UZPE01152001T38MT01EBS001H0474|52UZPE01152001T38MT01EBS001H0474F0474|1|1|1|1|52UZPE01152001T38MT01EBS001|900091143|CC|12974849|GESTORCOMUNITARIO|52UZPE01152001T38MT01EBS001H0474F0474CF474|2025-04-25|1||1||3||4||1|2|11|5|3|2|20||2|13|0||1||1||1||1||7|1|3|2|1|1|2|2|2|2|2|2|2||2|2|1|2||9||1|2|2|1|1|1|2|2|1|52UZPE01152001T38MT01EBS001H047452UZPE01152001T38MT01EBS001H0474F0474
2|276|1|52|UZPE011|52001|T38|MT03|BELLAVISTA DE ARANDA|CALLE22BISN2707|-77.27351|1.224424||52UZPE01152001T38MT03EBS001H0478|52UZPE01152001T38MT03EBS001H0478F0478|1|3|3|5|52UZPE01152001T38MT03EBS001|900091143|CC|1085286742|AUXILIARDEENFERMERIA|52UZPE01152001T38MT03EBS001H0478F0478CF478|2025-04-24|1||2||3||4||3|2|11|2|2|1|17||2|13|0||1||1||1||1||7|1|3|2|1|1|2|2|2|2|2|2|2||2|2|1|2||9||1|2|2|1|1|1|2|2|1|52UZPE01152001T38MT03EBS001H047852UZPE01152001T38MT03EBS001H0478F0478
2|277|1|52|UZPE011|52001|T38|MT03|BELLAVISTA DE ARANDA|CALLE22BISN2707|-77.27351|1.224424||52UZPE01152001T38MT03EBS001H0479|52UZPE01152001T38MT03EBS001H0479F0479|1|3|3|5|52UZPE01152001T38MT03EBS001|900091143|CC|1085286742|AUXILIARDEENFERMERIA|52UZPE01152001T38MT03EBS001H0479F0479CF479|2025-04-24|1||2||3||4||3|2|11|2|2|1|17||2|13|0||1||1||1||1||2|2|3|2|1|1|2|2|2|2|2|2|2||2|2|1|2||9||1|2|2|1|2|1|2|2|1|52UZPE01152001T38MT03EBS001H047952UZPE01152001T38MT03EBS001H0479F0479
2|278|1|52|UZPE011|52001|T38|MT03|BELLAVISTA DE ARANDA|CALLE22BISN2707|-77.27351|1.224424||52UZPE01152001T38MT03EBS001H0480|52UZPE01152001T38MT03EBS001H0480F0480|1|3|3|5|52UZPE01152001T38MT03EBS001|900091143|CC|1085286742|AUXILIARDEENFERMERIA|52UZPE01152001T38MT03EBS001H0480F0480CF480|2025-04-24|1||2||3||4||3|2|11|2|2|1|17||2|13|0||1||1||1||1||2|2|3|2|1|1|1|2|2|2|2|2|2||2|2|1|2||9||1|2|2|1|2|1|2|2|1|52UZPE01152001T38MT03EBS001H048052UZPE01152001T38MT03EBS001H0480F0480
2|279|1|52|UZPE011|52001|T38|MT03|BELLAVISTA DE ARANDA|CALLE22BN2715|-77.27351|1.224424||52UZPE01152001T38MT03EBS001H0481|52UZPE01152001T38MT03EBS001H0481F0481|1|1|1|2|52UZPE01152001T38MT03EBS001|900091143|CC|1085286742|AUXILIARDEENFERMERIA|52UZPE01152001T38MT03EBS001H0481F0481CF481|2025-04-24|1||1||3||1||2|2|11|2|2|2|17||1|13|0||1||1||1||1||2|2|3|1|1|1|1|2|2|2|2|2|2||2|2|1|1||9||1|2|2|1|2|1|2|2|1|52UZPE01152001T38MT03EBS001H048152UZPE01152001T38MT03EBS001H0481F0481
2|280|1|52|UZPE011|52001|T38|MT03|BELLAVISTA DE ARANDA|CALLE2210NUMERO2716|-77.27351|1.224424||52UZPE01152001T38MT03EBS001H0482|52UZPE01152001T38MT03EBS001H0482F0482|1|1|1|1|52UZPE01152001T38MT03EBS001|900091143|CC|1085286742|AUXILIARDEENFERMERIA|52UZPE01152001T38MT03EBS001H0482F0482CF482|2025-04-24|1||1||3||4||1|2|11|2|2|2|20||2|13|0||1||1||1||1||7|1|3|1|1|1|1|2|2|2|2|2|2||2|2|1|1||9||1|2|2|1|2|1|2|2|1|52UZPE01152001T38MT03EBS001H048252UZPE01152001T38MT03EBS001H0482F0482
2|281|1|52|UZPE011|52001|T38|MT03|BELLAVISTA DE ARANDA|CALLE22BISNUMERO2790|-77.27351|1.224424||52UZPE01152001T38MT03EBS001H0483|52UZPE01152001T38MT03EBS001H0483F0483|1|1|1|2|52UZPE01152001T38MT03EBS001|900091143|CC|1085286742|AUXILIARDEENFERMERIA|52UZPE01152001T38MT03EBS001H0483F0483CF483|2025-04-24|1||1||3||1||2|2|11|2|2|2|7||2|13|0||1||1||1||1||2|2|3|1|1|1|1|2|2|2|2|2|2||2|2|1|1||9||1|2|2|1|1|1|2|2|1|52UZPE01152001T38MT03EBS001H048352UZPE01152001T38MT03EBS001H0483F0483
2|282|1|52|UZPE011|52001|T38|MT03|BELLAVISTA DE ARANDA|CALLE22BISNUMERO27032|-77.21351|1.224424||52UZPE01152001T38MT03EBS001H0484|52UZPE01152001T38MT03EBS001H0484F0484|1|3|3|3|52UZPE01152001T38MT03EBS001|900091143|CC|1085286742|AUXILIARDEENFERMERIA|52UZPE01152001T38MT03EBS001H0484F0484CF484|2025-04-24|1||5||4||4||3|2|8|3|2|1|20||1|13|0||1||1||1||1||7|1|2|4|1|1|5|2|2|2|2|2|2||2|2|1|2||9||1|2|2|1|1|1|2|2|1|52UZPE01152001T38MT03EBS001H048452UZPE01152001T38MT03EBS001H0484F0484
2|283|1|52|UZPE011|52001|T38|MT03|BELLAVISTA DE ARANDA|CALLE22BISNUMERO27032|-77.21351|1.224424||52UZPE01152001T38MT03EBS001H0485|52UZPE01152001T38MT03EBS001H0485F0485|1|3|3|3|52UZPE01152001T38MT03EBS001|900091143|CC|1085286742|AUXILIARDEENFERMERIA|52UZPE01152001T38MT03EBS001H0485F0485CF485|2025-04-24|1||5||4||4||3|2|8|3|2|1|20||1|13|0||1||1||1||1||7|1|3|3|1|1|2|2|2|2|2|2|2||2|2|1|2||9||1|2|2|1|2|1|2|2|1|52UZPE01152001T38MT03EBS001H048552UZPE01152001T38MT03EBS001H0485F0485
2|284|1|52|UZPE011|52001|T38|MT03|BELLAVISTA DE ARANDA|CALLE22BISNUMERO27032|-77.21351|1.224424||52UZPE01152001T38MT03EBS001H0486|52UZPE01152001T38MT03EBS001H0486F0486|1|3|3|3|52UZPE01152001T38MT03EBS001|900091143|CC|1085286742|AUXILIARDEENFERMERIA|52UZPE01152001T38MT03EBS001H0486F0486CF486|2025-04-24|1||5||4||4||3|2|8|3|2|1|20||1|13|0||1||1||1||1||7|1|3|3|1|1|2|2|2|2|2|2|2||2|2|1|2||9||1|2|2|1|1|1|2|2|1|52UZPE01152001T38MT03EBS001H048652UZPE01152001T38MT03EBS001H0486F0486
2|285|1|52|UZPE011|52001|T38|MT03|BELLAVISTA DE ARANDA|CALLE22B2787|-77.27351|1.224424||52UZPE01152001T38MT03EBS001H0488|52UZPE01152001T38MT03EBS001H0488F0488|1|1|1|1|52UZPE01152001T38MT03EBS001|900091143|CC|1085286742|AUXILIARDEENFERMERIA|52UZPE01152001T38MT03EBS001H0488F0488CF488|2025-04-27|1||1||3||1||1|2|10|2|2|1|8||2|13|0||1||1||1||1||7|1|3|1|1|1|1|2|2|2|2|2|2||2|2|1|1||6||1|2|2|1|1|1|2|2|1|52UZPE01152001T38MT03EBS001H048852UZPE01152001T38MT03EBS001H0488F0488
2|286|1|52|UZPE011|52001|T38|MT03|BELLAVISTA DE ARANDA|CALLE22B27133|-77.27351|1.224424||52UZPE01152001T38MT03EBS001H0489|52UZPE01152001T38MT03EBS001H0489F0489|1|1|1|2|52UZPE01152001T38MT03EBS001|900091143|CC|1085286742|AUXILIARDEENFERMERIA|52UZPE01152001T38MT03EBS001H0489F0489CF489|2025-04-27|1||1||3||1||2|2|11|2|2|2|20||2|13|0||1||1||1||1||2|2|3|1|1|1|1|2|2|2|2|2|2||2|2|1|1||6||1|2|2|1|2|1|2|2|1|52UZPE01152001T38MT03EBS001H048952UZPE01152001T38MT03EBS001H0489F0489
2|287|1|52|UZPE011|52001|T38|MT03|BELLAVISTA DE ARANDA|CALLE22BNUMERO27158|-77.27351|1.224424||52UZPE01152001T38MT03EBS001H0490|52UZPE01152001T38MT03EBS001H0490F0490|1|4|4|5|52UZPE01152001T38MT03EBS001|900091143|CC|1085286742|AUXILIARDEENFERMERIA|52UZPE01152001T38MT03EBS001H0490F0490CF490|2025-04-27|1||1||3||1||4|2|11|2|2|1|17||1|13|0||1||1||1||1||7|1|3|2|1|1|2|2|2|2|2|2|2||2|2|1|2||6||1|2|2|1|1|1|2|2|1|52UZPE01152001T38MT03EBS001H049052UZPE01152001T38MT03EBS001H0490F0490
2|288|1|52|UZPE011|52001|T38|MT03|BELLAVISTA DE ARANDA|CALLE22BNUMERO27158|-77.27351|1.224424||52UZPE01152001T38MT03EBS001H0491|52UZPE01152001T38MT03EBS001H0491F0491|1|4|4|5|52UZPE01152001T38MT03EBS001|900091143|CC|1085286742|AUXILIARDEENFERMERIA|52UZPE01152001T38MT03EBS001H0491F0491CF491|2025-04-27|1||1||3||1||4|2|11|2|2|1|17||1|13|0||1||1||1||1||7|1|3|3|1|1|2|2|2|2|2|2|2||2|2|1|2||6||1|2|2|1|1|1|2|2|1|52UZPE01152001T38MT03EBS001H049152UZPE01152001T38MT03EBS001H0491F0491
2|289|1|52|UZPE011|52001|T38|MT03|BELLAVISTA DE ARANDA|CALLE22BNUMERO27158|-77.27351|1.224424||52UZPE01152001T38MT03EBS001H0492|52UZPE01152001T38MT03EBS001H0492F0492|1|4|4|5|52UZPE01152001T38MT03EBS001|900091143|CC|1085286742|AUXILIARDEENFERMERIA|52UZPE01152001T38MT03EBS001H0492F0492CF492|2025-04-27|1||1||3||1||4|2|11|2|2|1|17||1|13|0||1||1||1||1||1|2|3|3|1|1|1|2|2|2|2|2|2||2|2|1|1||6||1|2|2|1|1|1|2|2|1|52UZPE01152001T38MT03EBS001H049252UZPE01152001T38MT03EBS001H0492F0492
2|290|1|52|UZPE011|52001|T38|MT03|BELLAVISTA DE ARANDA|CALLE22BNUMERO27158|-77.27351|1.224424||52UZPE01152001T38MT03EBS001H0493|52UZPE01152001T38MT03EBS001H0493F0493|1|4|4|5|52UZPE01152001T38MT03EBS001|900091143|CC|1085286742|AUXILIARDEENFERMERIA|52UZPE01152001T38MT03EBS001H0493F0493CF493|2025-04-27|1||1||3||1||4|2|11|2|2|1|17||1|13|0||1||1||1||1||7|1|2|4|1|1|5|2|2|2|2|2|2||2|2|1|2||8||1|2|2|1|1|1|2|2|1|52UZPE01152001T38MT03EBS001H049352UZPE01152001T38MT03EBS001H0493F0493
2|291|1|52|UZPE011|52001|T38|MT03|BELLAVISTA DE ARANDA|CALLE22BIS2713|-77.264858|1.234894||52UZPE01152001T38MT03EBS001H0494|52UZPE01152001T38MT03EBS001H0494F0494|1|1|1|2|52UZPE01152001T38MT03EBS001|900091143|CC|13069636|PSICOLOGO|52UZPE01152001T38MT03EBS001H0494F0494CF494|2025-04-26|1||1||3||4||1|2|11|5|2|2|20||1|13|0||1||1||1||1||1|2|3|1|1|1|1|2|2|2|2|2|2||2|2|1|2||6||1|2|2|1|2|1|2|2|1|52UZPE01152001T38MT03EBS001H049452UZPE01152001T38MT03EBS001H0494F0494
2|292|1|52|UZPE011|52001|T38|MT03|BELLAVISTA DE ARANDA|CALLE22BIS27145|-77.264858|1.234894||52UZPE01152001T38MT03EBS001H0495|52UZPE01152001T38MT03EBS001H0495F0495|1|1|1|2|52UZPE01152001T38MT03EBS001|900091143|CC|13069636|PSICOLOGO|52UZPE01152001T38MT03EBS001H0495F0495CF495|2025-04-27|1||1||3||4||1|2|11|5|2|2|20||1|13|0||1||1||1||1||1|2|3|1|1|1|1|2|2|2|2|2|2||2|2|1|1||6||1|2|2|1|2|1|2|2|1|52UZPE01152001T38MT03EBS001H049552UZPE01152001T38MT03EBS001H0495F0495
2|293|1|52|UZPE011|52001|T38|MT01|SOL DE ORIENTE|CASA42F|-77.269084|1.23761||52UZPE01152001T38MT01EBS001H0496|52UZPE01152001T38MT01EBS001H0496F0496|1|1|1|2|52UZPE01152001T38MT01EBS001|900091143|CC|1004235479|AUXILIARDEENFERMERIA|52UZPE01152001T38MT01EBS001H0496F0496CF496|2025-04-14|1||1||3||1||2|2|11|5|2|2|20||2|13|0||1||1||1||1||2|2|3|1|1|1|1|2|2|2|2|2|2||2|2|1|2||6||1|2|2|1|1|1|2|2|1|52UZPE01152001T38MT01EBS001H049652UZPE01152001T38MT01EBS001H0496F0496
2|294|1|52|UZPE011|52001|T38|MT01|SOL DE ORIENTE|1CASAARANDA|-77.269253|1.23744||52UZPE01152001T38MT01EBS001H0497|52UZPE01152001T38MT01EBS001H0497F0497|1|1|1|1|52UZPE01152001T38MT01EBS001|900091143|CC|1004235479|AUXILIARDEENFERMERIA|52UZPE01152001T38MT01EBS001H0497F0497CF497|2025-04-14|1||1||3||1||2|2|11|5|3|2|20||2|13|0||1||1||1||1||7|1|3|1|1|1|1|2|2|2|2|2|2||2|2|2|2||6||2|2|2|1|1|1|2|2|1|52UZPE01152001T38MT01EBS001H049752UZPE01152001T38MT01EBS001H0497F0497
2|295|1|52|UZPE011|52001|T38|MT01|SOL DE ORIENTE|FCASA1|-77.269253|1.237007||52UZPE01152001T38MT01EBS001H0498|52UZPE01152001T38MT01EBS001H0498F0498|1|1|1|1|52UZPE01152001T38MT01EBS001|900091143|CC|1004235479|AUXILIARDEENFERMERIA|52UZPE01152001T38MT01EBS001H0498F0498CF498|2025-04-14|1||1||3||1||1|2|11|5|3|2|20||2|13|0||1||1||1||1||7|1|3|1|1|1|1|2|2|2|2|2|2||2|2|1|2||6||1|2|2|1|1|1|2|2|1|52UZPE01152001T38MT01EBS001H049852UZPE01152001T38MT01EBS001H0498F0498
2|296|1|52|UZPE011|52001|T38|MT03|BELLAVISTA DE ARANDA|CALLE22BIS2748|-77.273354|1.22335||52UZPE01152001T38MT03EBS001H0500|52UZPE01152001T38MT03EBS001H0500F0500|1|1|1|3|52UZPE01152001T38MT03EBS001|900091143|CC|1004216993|AUXILIARESDEENFERMERIA|52UZPE01152001T38MT03EBS001H0500F0500CF500|2025-04-27|1||1||3||1||2|2|11|5|3|2|20||1|13|0||1||1||1||1||1|3|3|1|1|1|1|2|2|2|2|2|2||2|2|2|1||6||2|2|2|1|2|1|2|2|1|52UZPE01152001T38MT03EBS001H050052UZPE01152001T38MT03EBS001H0500F0500
2|297|1|52|UZPE011|52001|T38|MT03|BELLAVISTA DE ARANDA|CALLE22N2234|-77.273354|1.22335||52UZPE01152001T38MT03EBS001H0501|52UZPE01152001T38MT03EBS001H0501F0501|1|2|2|3|52UZPE01152001T38MT03EBS001|900091143|CC|1004216993|AUXILIARESDEENFERMERIA|52UZPE01152001T38MT03EBS001H0501F0501CF501|2025-04-27|1||1||3||1||2|2|11|5|3|2|20||1|13|0||1||1||1||1||1|2|3|1|1|1|1|2|2|2|2|2|2||2|2|1|2||6||1|2|2|1|2|1|2|2|1|52UZPE01152001T38MT03EBS001H050152UZPE01152001T38MT03EBS001H0501F0501
2|298|1|52|UZPE011|52001|T38|MT03|BELLAVISTA DE ARANDA|CALLE22N2234|-77.273354|1.22335||52UZPE01152001T38MT03EBS001H0502|52UZPE01152001T38MT03EBS001H0502F0502|1|2|2|3|52UZPE01152001T38MT03EBS001|900091143|CC|1004216993|AUXILIARESDEENFERMERIA|52UZPE01152001T38MT03EBS001H0502F0502CF502|2025-04-27|1||1||3||1||2|2|11|5|3|2|20||1|13|0||1||1||1||1||7|1|3|1|1|1|1|2|2|2|2|2|2||2|2|2|2||6||2|2|2|1|2|1|2|2|1|52UZPE01152001T38MT03EBS001H050252UZPE01152001T38MT03EBS001H0502F0502
2|299|1|52|UZPE011|52001|T38|MT01|SOL DE ORIENTE|CARRERA41A|-77.268422|1.233984||52UZPE01152001T38MT01EBS001H0503|52UZPE01152001T38MT01EBS001H0503F0503|1|1|1|1|52UZPE01152001T38MT01EBS001|900091143|CC|1004235479|AUXILIARDEENFERMERIA|52UZPE01152001T38MT01EBS001H0503F0503CF503|2025-04-21|1||1||3||1||3|2|11|5|3|2|20||2|13|0||1||1||1||1||7|1|3|1|1|1|1|2|2|2|2|2|2||2|2|2|2||6||2|2|2|1|2|1|2|2|1|52UZPE01152001T38MT01EBS001H050352UZPE01152001T38MT01EBS001H0503F0503
2|300|1|52|UZPE011|52001|T38|MT03|BELLAVISTA DE ARANDA|CALLE22BIS27173|-77.273354|1.22335||52UZPE01152001T38MT03EBS001H0504|52UZPE01152001T38MT03EBS001H0504F0504|1|1|1|1|52UZPE01152001T38MT03EBS001|900091143|CC|1004216993|AUXILIARESDEENFERMERIA|52UZPE01152001T38MT03EBS001H0504F0504CF504|2025-04-27|1||1||3||1||1|2|11|5|3|2|20||2|13|0||1||1||1||1||7|1|3|1|1|1|1|2|2|2|2|2|2||2|2|2|1||6||2|2|2|1|2|1|2|2|1|52UZPE01152001T38MT03EBS001H050452UZPE01152001T38MT03EBS001H0504F0504
2|301|1|52|UZPE011|52001|T38|MT03|BELLAVISTA DE ARANDA|CALLE22BISN27179|-77.273354|1.22335||52UZPE01152001T38MT03EBS001H0505|52UZPE01152001T38MT03EBS001H0505F0505|1|1|1|3|52UZPE01152001T38MT03EBS001|900091143|CC|1004216993|AUXILIARESDEENFERMERIA|52UZPE01152001T38MT03EBS001H0505F0505CF505|2025-04-27|1||1||3||1||2|2|11|5|2|2|20||1|13|0||1||1||1||1||1|3|3|1|1|1|1|2|2|2|2|2|2||2|2|2|1||6||2|2|2|1|2|1|2|2|1|52UZPE01152001T38MT03EBS001H050552UZPE01152001T38MT03EBS001H0505F0505
2|302|1|52|UZPE011|52001|T38|MT03|BELLAVISTA DE ARANDA|CALLE22BISN27177|-77.273459|1.224657||52UZPE01152001T38MT03EBS001H0506|52UZPE01152001T38MT03EBS001H0506F0506|1|2|2|4|52UZPE01152001T38MT03EBS001|900091143|CC|1004216993|AUXILIARESDEENFERMERIA|52UZPE01152001T38MT03EBS001H0506F0506CF506|2025-04-27|1||1||3||4||3|2|5|5|2|1|8||1|13|0||1||1||1||1||2|1|1|1|1|1|1|2|2|2|2|2|2||2|2|1|1||6||1|2|2|1|2|1|2|2|1|52UZPE01152001T38MT03EBS001H050652UZPE01152001T38MT03EBS001H0506F0506
2|303|1|52|UZPE011|52001|T38|MT03|BELLAVISTA DE ARANDA|CALLE22BISN27177|-77.273459|1.224657||52UZPE01152001T38MT03EBS001H0507|52UZPE01152001T38MT03EBS001H0507F0507|1|2|2|4|52UZPE01152001T38MT03EBS001|900091143|CC|1004216993|AUXILIARESDEENFERMERIA|52UZPE01152001T38MT03EBS001H0507F0507CF507|2025-04-27|1||1||3||4||3|2|5|5|2|1|8||1|13|0||1||1||1||1||2|3|3|1|1|1|1|2|2|2|2|2|2||2|2|1|1||6||1|2|2|1|2|1|2|2|1|52UZPE01152001T38MT03EBS001H050752UZPE01152001T38MT03EBS001H0507F0507
2|304|1|52|UZPE011|52001|T38|MT03|BELLAVISTA DE ARANDA|CALLE22BIS2776|-77.264858|1.234894||52UZPE01152001T38MT03EBS001H0508|52UZPE01152001T38MT03EBS001H0508F0508|1|1|1|3|52UZPE01152001T38MT03EBS001|900091143|CC|13069636|PSICOLOGO|52UZPE01152001T38MT03EBS001H0508F0508CF508|2025-04-27|1||1||3||4||2|2|11|1|2|2|20||1|13|0||1||1||1||1||1|3|3|1|1|1|1|2|2|2|2|2|2||2|2|1|2||6||1|2|2|1|2|1|2|2|1|52UZPE01152001T38MT03EBS001H050852UZPE01152001T38MT03EBS001H0508F0508
2|305|1|52|UZPE011|52001|T38|MT03|BELLAVISTA DE ARANDA|CALLE22BIS27166|-77.264858|1.234894||52UZPE01152001T38MT03EBS001H0509|52UZPE01152001T38MT03EBS001H0509F0509|1|1|1|4|52UZPE01152001T38MT03EBS001|900091143|CC|13069636|PSICOLOGO|52UZPE01152001T38MT03EBS001H0509F0509CF509|2025-04-27|1||1||3||4||2|2|11|5|2|2|20||1|13|0||1||1||1||1||1|4|3|1|1|1|1|2|2|2|2|2|2||2|2|1|2||6||1|2|2|1|2|1|2|2|1|52UZPE01152001T38MT03EBS001H050952UZPE01152001T38MT03EBS001H0509F0509
2|306|1|52|UZPE011|52001|T38|MT03|BELLAVISTA DE ARANDA|CALLE22BIS27299|-77.268579|1.234117||52UZPE01152001T38MT03EBS001H0510|52UZPE01152001T38MT03EBS001H0510F0510|1|2|2|4|52UZPE01152001T38MT03EBS001|900091143|CC|1004216993|AUXILIARESDEENFERMERIA|52UZPE01152001T38MT03EBS001H0510F0510CF510|2025-04-09|4||1||1||1||3|1|11|5|3|2|20||2|13|0||1||1||1||1||2|2|3|1|1|1|1|2|2|2|2|2|2||2|2|1|1||6||1|2|2|1|2|1|2|2|1|52UZPE01152001T38MT03EBS001H051052UZPE01152001T38MT03EBS001H0510F0510
2|307|1|52|UZPE011|52001|T38|MT03|BELLAVISTA DE ARANDA|CALLE22BIS27299|-77.268579|1.234117||52UZPE01152001T38MT03EBS001H0511|52UZPE01152001T38MT03EBS001H0511F0511|1|2|2|4|52UZPE01152001T38MT03EBS001|900091143|CC|1004216993|AUXILIARESDEENFERMERIA|52UZPE01152001T38MT03EBS001H0511F0511CF511|2025-04-09|4||1||1||1||3|1|11|5|3|2|20||2|13|0||1||1||1||1||2|2|3|1|1|1|1|2|2|2|2|2|2||2|2|2|1||6||2|2|2|1|2|1|2|2|1|52UZPE01152001T38MT03EBS001H051152UZPE01152001T38MT03EBS001H0511F0511
2|308|1|52|UZPE011|52001|T38|MT03|BELLAVISTA DE ARANDA|CALLE22BIS295|-77.273063|1.224483||52UZPE01152001T38MT03EBS001H0512|52UZPE01152001T38MT03EBS001H0512F0512|1|1|1|1|52UZPE01152001T38MT03EBS001|900091143|CC|1004216993|AUXILIARESDEENFERMERIA|52UZPE01152001T38MT03EBS001H0512F0512CF512|2025-04-28|1||1||3||1||1|2|11|5|3|2|20||2|13|0||1||1||1||1||7|1|3|1|1|1|1|2|2|2|2|2|2||2|2|1|1||6||1|2|2|1|1|1|2|2|1|52UZPE01152001T38MT03EBS001H051252UZPE01152001T38MT03EBS001H0512F0512
2|309|1|52|UZPE011|52001|T38|MT03|BELLAVISTA DE ARANDA|CALLE22BIS2855|-77.273063|1.224483||52UZPE01152001T38MT03EBS001H0513|52UZPE01152001T38MT03EBS001H0513F0513|1|2|2|3|52UZPE01152001T38MT03EBS001|900091143|CC|1004216993|AUXILIARESDEENFERMERIA|52UZPE01152001T38MT03EBS001H0513F0513CF513|2025-04-28|1||1||3||1||3|2|11|5|3|2|20||1|13|0||1||1||1||1||7|1|3|1|1|1|1|2|2|2|2|2|2||2|2|1|1||6||1|2|2|1|1|1|2|2|1|52UZPE01152001T38MT03EBS001H051352UZPE01152001T38MT03EBS001H0513F0513
2|310|1|52|UZPE011|52001|T38|MT03|BELLAVISTA DE ARANDA|CALLE22BIS2855|-77.273063|1.224483||52UZPE01152001T38MT03EBS001H0514|52UZPE01152001T38MT03EBS001H0514F0514|1|2|2|3|52UZPE01152001T38MT03EBS001|900091143|CC|1004216993|AUXILIARESDEENFERMERIA|52UZPE01152001T38MT03EBS001H0514F0514CF514|2025-04-28|1||1||3||1||3|2|11|5|3|2|20||1|13|0||1||1||1||1||1|2|3|2|1|1|1|2|2|2|2|2|2||2|2|1|1||6||1|2|2|1|2|1|2|2|1|52UZPE01152001T38MT03EBS001H051452UZPE01152001T38MT03EBS001H0514F0514
2|311|1|52|UZPE011|52001|T38|MT03|BELLAVISTA DE ARANDA|CALLE22BISN2880|-77.273063|1.224483||52UZPE01152001T38MT03EBS001H0515|52UZPE01152001T38MT03EBS001H0515F0515|1|1|1|2|52UZPE01152001T38MT03EBS001|900091143|CC|1004216993|AUXILIARESDEENFERMERIA|52UZPE01152001T38MT03EBS001H0515F0515CF515|2025-04-28|1||1||3||1||1|2|11|5|2|2|20||2|13|0||1||1||1||1||2|2|3|1|1|1|1|2|2|2|2|2|2||2|2|1|2||6||1|2|2|1|2|1|2|2|1|52UZPE01152001T38MT03EBS001H051552UZPE01152001T38MT03EBS001H0515F0515
2|312|1|52|UZPE011|52001|T38|MT03|BELLAVISTA DE ARANDA|CALLE22BISN2886|-77.273063|1.224483||52UZPE01152001T38MT03EBS001H0516|52UZPE01152001T38MT03EBS001H0516F0516|1|2|2|4|52UZPE01152001T38MT03EBS001|900091143|CC|1004216993|AUXILIARESDEENFERMERIA|52UZPE01152001T38MT03EBS001H0516F0516CF516|2025-04-28|1||1||3||1||3|2|11|5|3|2|20||1|13|0||1||1||1||1||1|2|3|1|1|1|1|2|2|2|2|2|2||2|2|1|2||6||1|2|2|1|1|1|2|2|1|52UZPE01152001T38MT03EBS001H051652UZPE01152001T38MT03EBS001H0516F0516
2|313|1|52|UZPE011|52001|T38|MT03|BELLAVISTA DE ARANDA|CALLE22BISN2886|-77.273063|1.224483||52UZPE01152001T38MT03EBS001H0517|52UZPE01152001T38MT03EBS001H0517F0517|1|2|2|4|52UZPE01152001T38MT03EBS001|900091143|CC|1004216993|AUXILIARESDEENFERMERIA|52UZPE01152001T38MT03EBS001H0517F0517CF517|2025-04-28|1||1||3||1||3|2|11|5|3|2|20||1|13|0||1||1||1||1||1|2|3|2|1|1|1|2|2|2|2|2|2||2|2|1|2||6||1|2|2|1|2|1|2|2|1|52UZPE01152001T38MT03EBS001H051752UZPE01152001T38MT03EBS001H0517F0517
2|314|1|52|UZPE011|52001|T38|MT03|BELLAVISTA DE ARANDA|CALLE22BIS2799|-77.273063|1.224483||52UZPE01152001T38MT03EBS001H0518|52UZPE01152001T38MT03EBS001H0518F0518|1|3|3|4|52UZPE01152001T38MT03EBS001|900091143|CC|1004216993|AUXILIARESDEENFERMERIA|52UZPE01152001T38MT03EBS001H0518F0518CF518|2025-04-28|1||1||3||1||3|2|11|5|2|2|20||1|13|0||1||1||1||1||7|1|3|1|1|1|1|2|2|2|2|2|2||2|2|1|1||9||1|2|2|1|1|1|2|2|1|52UZPE01152001T38MT03EBS001H051852UZPE01152001T38MT03EBS001H0518F0518
2|315|1|52|UZPE011|52001|T38|MT03|BELLAVISTA DE ARANDA|CALLE22BIS2799|-77.273063|1.224483||52UZPE01152001T38MT03EBS001H0519|52UZPE01152001T38MT03EBS001H0519F0519|1|3|3|4|52UZPE01152001T38MT03EBS001|900091143|CC|1004216993|AUXILIARESDEENFERMERIA|52UZPE01152001T38MT03EBS001H0519F0519CF519|2025-04-28|1||1||3||1||3|2|11|5|2|2|20||1|13|0||1||1||1||1||7|1|3|1|1|1|1|2|2|2|2|2|2||2|2|1|2||6||1|2|2|1|2|1|2|2|1|52UZPE01152001T38MT03EBS001H051952UZPE01152001T38MT03EBS001H0519F0519
2|316|1|52|UZPE011|52001|T38|MT03|BELLAVISTA DE ARANDA|CALLE22BIS2799|-77.273063|1.224483||52UZPE01152001T38MT03EBS001H0520|52UZPE01152001T38MT03EBS001H0520F0520|1|3|3|4|52UZPE01152001T38MT03EBS001|900091143|CC|1004216993|AUXILIARESDEENFERMERIA|52UZPE01152001T38MT03EBS001H0520F0520CF520|2025-04-28|1||1||3||1||3|2|11|5|3|2|20||1|13|0||1||1||1||1||1|2|3|1|1|1|1|2|2|2|2|2|2||2|2|1|1||6||1|2|2|1|2|1|2|2|1|52UZPE01152001T38MT03EBS001H052052UZPE01152001T38MT03EBS001H0520F0520
2|317|1|52|UZPE011|52001|T38|MT03|BELLAVISTA DE ARANDA|BELLAVISTA22BIS|-77.264858|1.234894||52UZPE01152001T38MT03EBS001H0521|52UZPE01152001T38MT03EBS001H0521F0521|1|1|1|2|52UZPE01152001T38MT03EBS001|900091143|CC|13069636|PSICOLOGO|52UZPE01152001T38MT03EBS001H0521F0521CF521|2025-04-27|1||1||3||1||1|2|11|5|2|2|20||1|13|0||1||1||1||1||1|2|3|1|1|1|1|2|2|2|2|2|2||2|2|1|2||6||1|2|2|1|2|1|2|2|1|52UZPE01152001T38MT03EBS001H052152UZPE01152001T38MT03EBS001H0521F0521
2|318|1|52|UZPE011|52001|T38|MT03|BELLAVISTA DE ARANDA|CALLE222886|-77.264858|1.234894||52UZPE01152001T38MT03EBS001H0522|52UZPE01152001T38MT03EBS001H0522F0522|1|1|1|3|52UZPE01152001T38MT03EBS001|900091143|CC|13069636|PSICOLOGO|52UZPE01152001T38MT03EBS001H0522F0522CF522|2025-04-27|1||1||3||1||2|2|11|5|2|2|20||1|13|0||1||1||1||1||1|3|3|1|1|1|1|2|2|2|2|2|2||2|2|1|2||6||1|2|2|1|2|1|2|2|1|52UZPE01152001T38MT03EBS001H052252UZPE01152001T38MT03EBS001H0522F0522
2|319|1|52|UZPE011|52001|T38|MT03|BELLAVISTA DE ARANDA|CALLE22NUMERO27233|-77.27351|1.224424||52UZPE01152001T38MT03EBS001H0523|52UZPE01152001T38MT03EBS001H0523F0523|1|1|1|1|52UZPE01152001T38MT03EBS001|900091143|CC|1085286742|AUXILIARDEENFERMERIA|52UZPE01152001T38MT03EBS001H0523F0523CF523|2025-04-27|1||1||3||1||1|2|11|2|2|2|20||2|13|0||1||1||1||1||1|1|3|1|1|1|1|2|2|2|2|2|2||2|2|1|2||6||1|2|2|1|1|1|2|2|1|52UZPE01152001T38MT03EBS001H052352UZPE01152001T38MT03EBS001H0523F0523
2|320|1|52|UZPE011|52001|T38|MT03|BELLAVISTA DE ARANDA|CLL22ACRA27288|-77.27351|1.224424||52UZPE01152001T38MT03EBS001H0524|52UZPE01152001T38MT03EBS001H0524F0524|1|1|1|3|52UZPE01152001T38MT03EBS001|900091143|CC|1085286742|AUXILIARDEENFERMERIA|52UZPE01152001T38MT03EBS001H0524F0524CF524|2025-04-27|1||1||3||1||2|2|11|2|2|2|8||2|13|0||1||1||1||1||1|3|3|2|1|1|1|2|2|2|2|2|2||2|2|1|1||7||1|2|2|1|2|1|2|2|1|52UZPE01152001T38MT03EBS001H052452UZPE01152001T38MT03EBS001H0524F0524
2|321|1|52|UZPE011|52001|T38|MT03|BELLAVISTA DE ARANDA|CALLE21BNUMERO2819|-77.27351|1.224424||52UZPE01152001T38MT03EBS001H0525|52UZPE01152001T38MT03EBS001H0525F0525|1|1|1|4|52UZPE01152001T38MT03EBS001|900091143|CC|1085286742|AUXILIARDEENFERMERIA|52UZPE01152001T38MT03EBS001H0525F0525CF525|2025-04-27|1||1||3||1||4|2|11|2|2|2|20||2|13|0||1||1||1||1||2|4|3|1|1|1|1|2|2|2|2|2|2||2|2|1|1||6||1|2|2|1|2|1|2|2|1|52UZPE01152001T38MT03EBS001H052552UZPE01152001T38MT03EBS001H0525F0525
2|322|1|52|UZPE011|52001|T38|MT03|BELLAVISTA DE ARANDA|CALLE22BNUMERO27170|-77.27351|1.224424||52UZPE01152001T38MT03EBS001H0526|52UZPE01152001T38MT03EBS001H0526F0526|1|2|2|3|52UZPE01152001T38MT03EBS001|900091143|CC|1085286742|AUXILIARDEENFERMERIA|52UZPE01152001T38MT03EBS001H0526F0526CF526|2025-04-27|1||1||3||1||3|2|11|5|2|2|20||2|13|0||1||1||1||1||2|2|3|2|1|1|1|2|2|2|2|2|2||2|2|1|1||6||1|2|2|1|1|1|2|2|1|52UZPE01152001T38MT03EBS001H052652UZPE01152001T38MT03EBS001H0526F0526
2|323|1|52|UZPE011|52001|T38|MT03|BELLAVISTA DE ARANDA|CALLE22BNUMERO27170|-77.27351|1.224424||52UZPE01152001T38MT03EBS001H0527|52UZPE01152001T38MT03EBS001H0527F0527|1|2|2|3|52UZPE01152001T38MT03EBS001|900091143|CC|1085286742|AUXILIARDEENFERMERIA|52UZPE01152001T38MT03EBS001H0527F0527CF527|2025-04-27|1||1||3||1||3|2|11|5|2|2|20||2|13|0||1||1||1||1||7|1|3|1|1|1|1|2|2|2|2|2|2||2|2|1|1||6||1|2|2|1|2|1|2|2|1|52UZPE01152001T38MT03EBS001H052752UZPE01152001T38MT03EBS001H0527F0527
2|324|1|52|UZPE011|52001|T38|MT03|BELLAVISTA DE ARANDA|CLL22BNUMERO2892|-77.27951|1.224424||52UZPE01152001T38MT03EBS001H0528|52UZPE01152001T38MT03EBS001H0528F0528|1|1|1|3|52UZPE01152001T38MT03EBS001|900091143|CC|1085286742|AUXILIARDEENFERMERIA|52UZPE01152001T38MT03EBS001H0528F0528CF528|2025-04-28|1||1||3||1||4|2|11|5|2|2|20||2|13|0||1||1||1||1||2|4|3|1|1|1|1|2|2|2|2|2|2||2|2|1|1||6||1|2|2|1|1|1|2|2|1|52UZPE01152001T38MT03EBS001H052852UZPE01152001T38MT03EBS001H0528F0528
2|325|1|52|UZPE011|52001|T38|MT03|BELLAVISTA DE ARANDA|CALLE22BIS|-77.27351|1.224424||52UZPE01152001T38MT03EBS001H0529|52UZPE01152001T38MT03EBS001H0529F0529|1|1|1|1|52UZPE01152001T38MT03EBS001|900091143|CC|1085286742|AUXILIARDEENFERMERIA|52UZPE01152001T38MT03EBS001H0529F0529CF529|2025-04-28|1||1||3||1||1|2|1|2|2|1|20||2|13|0||1||1||1||1||2|2|3|1|1|1|1|2|2|2|2|2|2||2|2|1|1||6||1|2|2|1|1|1|2|2|1|52UZPE01152001T38MT03EBS001H052952UZPE01152001T38MT03EBS001H0529F0529
2|326|1|52|UZPE011|52001|T38|MT02|ARANDA|CALLE21CARRERA41121|-77.269432|1.233864||52UZPE01152001T38MT02EBS001H0530|52UZPE01152001T38MT02EBS001H0530F0530|1|1|1|4|52UZPE01152001T38MT02EBS001|900091143|CC|13069636|PSICOLOGO|52UZPE01152001T38MT02EBS001H0530F0530CF530|2025-05-07|1||1||3||4||3|2|11|4|2|1|8||1|13|0||1||1||1||1||2|4|1|1|1|1|1|2|2|2|2|2|2||2|2|1|1||6||1|2|2|1|1|1|2|2|1|52UZPE01152001T38MT02EBS001H053052UZPE01152001T38MT02EBS001H0530F0530
2|327|1|52|UZPE011|52001|T38|MT03|BELLAVISTA DE ARANDA|CALLE22BNUMERO2841|-77.27351|1.224424||52UZPE01152001T38MT03EBS001H0531|52UZPE01152001T38MT03EBS001H0531F0531|1|1|1|2|52UZPE01152001T38MT03EBS001|900091143|CC|1085286742|AUXILIARDEENFERMERIA|52UZPE01152001T38MT03EBS001H0531F0531CF531|2025-04-28|1||1||3||1||2|2|11|2|2|2|20||2|13|0||1||1||1||1||2|2|3|1|1|1|1|2|2|2|2|2|2||2|2|1|1||6||1|2|2|1|1|1|2|2|1|52UZPE01152001T38MT03EBS001H053152UZPE01152001T38MT03EBS001H0531F0531
2|328|1|52|UZPE011|52001|T38|MT03|BELLAVISTA DE ARANDA|CALLE22B2857APTO2|-77.27351|1.224424||52UZPE01152001T38MT03EBS001H0532|52UZPE01152001T38MT03EBS001H0532F0532|1|1|1|1|52UZPE01152001T38MT03EBS001|900091143|CC|1085286742|AUXILIARDEENFERMERIA|52UZPE01152001T38MT03EBS001H0532F0532CF532|2025-04-28|1||1||3||1||1|2|11|2|2|2|20||2|13|0||1||1||1||1||7|1|3|2|1|1|1|2|2|2|2|2|2||2|2|1|2||6||1|2|2|1|2|1|2|2|1|52UZPE01152001T38MT03EBS001H053252UZPE01152001T38MT03EBS001H0532F0532
2|329|1|52|UZPE011|52001|T38|MT03|BELLAVISTA DE ARANDA|CRA30NUMERO28A05|-77.27351|1.224424||52UZPE01152001T38MT03EBS001H0533|52UZPE01152001T38MT03EBS001H0533F0533|1|2|2|4|52UZPE01152001T38MT03EBS001|900091143|CC|1085286742|AUXILIARDEENFERMERIA|52UZPE01152001T38MT03EBS001H0533F0533CF533|2025-04-28|1||1||3||1||4|2|11|2|2|2|20||2|13|0||1||1||1||1||2|2|3|2|1|1|1|2|2|2|2|2|2||2|2|1|1||6||1|2|2|1|1|1|2|2|1|52UZPE01152001T38MT03EBS001H053352UZPE01152001T38MT03EBS001H0533F0533
2|330|1|52|UZPE011|52001|T38|MT03|BELLAVISTA DE ARANDA|CRA30NUMERO28A05|-77.27351|1.224424||52UZPE01152001T38MT03EBS001H0534|52UZPE01152001T38MT03EBS001H0534F0534|1|2|2|4|52UZPE01152001T38MT03EBS001|900091143|CC|1085286742|AUXILIARDEENFERMERIA|52UZPE01152001T38MT03EBS001H0534F0534CF534|2025-04-28|1||1||3||1||4|2|11|2|2|2|20||2|13|0||1||1||1||1||1|2|3|2|1|1|1|2|2|2|2|2|2||2|2|1|1||6||1|2|2|1|1|1|2|2|1|52UZPE01152001T38MT03EBS001H053452UZPE01152001T38MT03EBS001H0534F0534
2|331|1|52|UZPE011|52001|T38|MT03|BELLAVISTA DE ARANDA|CARA30NUMERO3028A03|-77.27351|1.224424||52UZPE01152001T38MT03EBS001H0535|52UZPE01152001T38MT03EBS001H0535F0535|1|2|2|3|52UZPE01152001T38MT03EBS001|900091143|CC|1085286742|AUXILIARDEENFERMERIA|52UZPE01152001T38MT03EBS001H0535F0535CF535|2025-05-04|1||1||3||1||2|2|11|2|2|1|20||2|13|0||1||1||1||1||1|2|3|2|1|1|1|2|2|2|2|2|2||2|2|1|2||6||1|2|2|1|1|1|2|2|1|52UZPE01152001T38MT03EBS001H053552UZPE01152001T38MT03EBS001H0535F0535
2|332|1|52|UZPE011|52001|T38|MT03|BELLAVISTA DE ARANDA|CARA30NUMERO3028A03|-77.27351|1.224424||52UZPE01152001T38MT03EBS001H0536|52UZPE01152001T38MT03EBS001H0536F0536|1|2|2|3|52UZPE01152001T38MT03EBS001|900091143|CC|1085286742|AUXILIARDEENFERMERIA|52UZPE01152001T38MT03EBS001H0536F0536CF536|2025-05-04|1||1||3||1||2|2|11|2|2|1|20||2|13|0||1||1||1||1||7|1|3|2|1|1|1|2|2|2|2|2|2||2|2|1|1||6||1|2|2|1|1|1|2|2|1|52UZPE01152001T38MT03EBS001H053652UZPE01152001T38MT03EBS001H0536F0536
2|333|1|52|UZPE011|52001|T38|MT01|SOL DE ORIENTE|C56BCALLE40|-77.269941|1.236988||52UZPE01152001T38MT01EBS001H0537|52UZPE01152001T38MT01EBS001H0537F0537|1|1|1|1|52UZPE01152001T38MT01EBS001|900091143|CC|1004216993|AUXILIARESDEENFERMERIA|52UZPE01152001T38MT01EBS001H0537F0537CF537|2025-04-14|1||1||3||1||1|2|11|5|2|2|20||1|13|0||1||1||1||1||1|1|2|1|1|1|1|2|2|2|2|2|2||2|2|1|2||6||1|2|2|1|2|1|2|2|1|52UZPE01152001T38MT01EBS001H053752UZPE01152001T38MT01EBS001H0537F0537
2|334|1|52|UZPE011|52001|T38|MT03|BELLAVISTA DE ARANDA|CLL22BCRA2720|-77.27351|1.224424||52UZPE01152001T38MT03EBS001H0540|52UZPE01152001T38MT03EBS001H0540F0540|1|1|1|3|52UZPE01152001T38MT03EBS001|900091143|CC|1085286742|AUXILIARDEENFERMERIA|52UZPE01152001T38MT03EBS001H0540F0540CF540|2025-05-04|1||1||3||1||3|2|11|2|2|2|20||2|13|0||1||1||1||1||2|3|2|3|1|3|2|2|2|2|2|2|2||2|2|1|1||6||1|2|2|1|2|1|2|2|1|52UZPE01152001T38MT03EBS001H054052UZPE01152001T38MT03EBS001H0540F0540
2|335|1|52|UZPE011|52001|T38|MT03|BELLAVISTA DE ARANDA|CALLE22BNUMERO2765|-77.27351|1.224424||52UZPE01152001T38MT03EBS001H0541|52UZPE01152001T38MT03EBS001H0541F0541|1|1|1|2|52UZPE01152001T38MT03EBS001|900091143|CC|1010085543|AUXILIARENFERMERIA|52UZPE01152001T38MT03EBS001H0541F0541CF541|2025-05-04|1||1||3||1||2|2|8|2|2|2|19||2|13|0||1||1||1||1||2|2|2|2|1|3|2|2|2|2|2|2|2||2|2|1|1||6||1|2|2|1|1|1|2|2|1|52UZPE01152001T38MT03EBS001H054152UZPE01152001T38MT03EBS001H0541F0541
2|336|1|52|UZPE011|52001|T38|MT02|ARANDA|CRA24CASA2D|-77.270301|1.232216||52UZPE01152001T38MT02EBS001H0542|52UZPE01152001T38MT02EBS001H0542F0542|1|1|1|2|52UZPE01152001T38MT02EBS001|900091143|CC|12974849|GESTORCOMUNITARIO|52UZPE01152001T38MT02EBS001H0542F0542CF542|2025-05-07|1||1||5||4||2|2|11|5|2|2|20||2|13|0||3||1||1||1||1|2|3|2|1|1|2|2|2|2|2|2|2||2|2|1|2||6||1|2|2|1|1|1|2|2|1|52UZPE01152001T38MT02EBS001H054252UZPE01152001T38MT02EBS001H0542F0542
2|337|1|52|UZPE011|52001|T38|MT03|BELLAVISTA DE ARANDA|CALLE22B27103|-77.27351|1.224424||52UZPE01152001T38MT03EBS001H0543|52UZPE01152001T38MT03EBS001H0543F0543|1|1|1|3|52UZPE01152001T38MT03EBS001|900091143|CC|1085286742|AUXILIARDEENFERMERIA|52UZPE01152001T38MT03EBS001H0543F0543CF543|2025-05-04|1||1||3||1||3|2|11|2|2|2|19||2|13|0||1||1||5||1||2|3|3|1|1|1|1|2|2|2|2|2|2||2|2|1|1||6||1|2|2|1|1|1|2|2|1|52UZPE01152001T38MT03EBS001H054352UZPE01152001T38MT03EBS001H0543F0543
2|338|1|52|UZPE011|52001|T38|MT02|ARANDA|CASA1A|-77.270216|1.231563||52UZPE01152001T38MT02EBS001H0545|52UZPE01152001T38MT02EBS001H0545F0545|1|1|1|2|52UZPE01152001T38MT02EBS001|900091143|CC|12974849|GESTORCOMUNITARIO|52UZPE01152001T38MT02EBS001H0545F0545CF545|2025-05-07|1||1||5||4||2|2|11|5|3|1|20||2|13|0||3||1||1||1||1|2|3|2|1|1|2|2|2|2|2|2|2||2|2|1|2||6||1|2|2|1|1|1|2|2|1|52UZPE01152001T38MT02EBS001H054552UZPE01152001T38MT02EBS001H0545F0545
2|339|1|52|UZPE011|52001|T38|MT02|ARANDA|MANZANAI7CASA13|-77.269215|1.232562||52UZPE01152001T38MT02EBS001H0546|52UZPE01152001T38MT02EBS001H0546F0546|1|1|1|2|52UZPE01152001T38MT02EBS001|900091143|CC|12974849|GESTORCOMUNITARIO|52UZPE01152001T38MT02EBS001H0546F0546CF546|2025-05-07|1||1||3||1||2|2|11|5|3|2|20||2|13|0||1||1||1||1||1|2|3|2|1|1|2|2|2|2|2|2|2||2|2|1|2||6||1|2|2|1|1|1|2|2|1|52UZPE01152001T38MT02EBS001H054652UZPE01152001T38MT02EBS001H0546F0546
2|340|1|52|UZPE011|52001|T38|MT02|ARANDA|MANZANAI7CASA13|-77.269214|1.330565||52UZPE01152001T38MT02EBS001H0547|52UZPE01152001T38MT02EBS001H0547F0547|1|1|1|1|52UZPE01152001T38MT02EBS001|900091143|CC|12974849|GESTORCOMUNITARIO|52UZPE01152001T38MT02EBS001H0547F0547CF547|2025-05-07|1||1||3||1||2|2|11|5|3|2|20||2|13|0||1||1||1||1||1|1|3|2|1|1|1|2|2|2|2|2|2||2|2|1|2||6||1|2|2|1|2|1|2|2|1|52UZPE01152001T38MT02EBS001H054752UZPE01152001T38MT02EBS001H0547F0547
2|341|1|52|UZPE011|52001|T38|MT03|BELLAVISTA DE ARANDA|CALLE22BIS27138|-77.2684|1.233984||52UZPE01152001T38MT03EBS001H0548|52UZPE01152001T38MT03EBS001H0548F0548|2|1|1|1|52UZPE01152001T38MT03EBS001|900091143|CC|1004235479|AUXILIARDEENFERMERIA|52UZPE01152001T38MT03EBS001H0548F0548CF548|2025-05-07|1||1||3||1||2|2|11|5|3|2|20||1|13|0||1||1||1||1||7|1|3|1|1|1|1|2|2|2|2|2|2||2|2|2|2||6||2|2|2|1|1|1|2|2|1|52UZPE01152001T38MT03EBS001H054852UZPE01152001T38MT03EBS001H0548F0548
2|342|1|52|UZPE011|52001|T38|MT03|BELLAVISTA DE ARANDA|CALLE22BIS27138|-77.2684|1.233984||52UZPE01152001T38MT03EBS001H0549|52UZPE01152001T38MT03EBS001H0549F0549|2|1|1|1|52UZPE01152001T38MT03EBS001|900091143|CC|1004235479|AUXILIARDEENFERMERIA|52UZPE01152001T38MT03EBS001H0549F0549CF549|2025-05-07|1||1||3||1||3|2|11|5|3|2|20||1|13|0||1||1||1||1||7|1|3|1|1|1|1|2|2|2|2|2|2||2|2|2|2||6||2|2|2|1|2|1|2|2|1|52UZPE01152001T38MT03EBS001H054952UZPE01152001T38MT03EBS001H0549F0549
2|343|1|52|UZPE011|52001|T38|MT03|BELLAVISTA DE ARANDA|CALLE22BIS27138|-77.2684|1.233984||52UZPE01152001T38MT03EBS001H0550|52UZPE01152001T38MT03EBS001H0550F0550|2|1|1|1|52UZPE01152001T38MT03EBS001|900091143|CC|1004235479|AUXILIARDEENFERMERIA|52UZPE01152001T38MT03EBS001H0550F0550CF550|2025-05-11|1||1||3||1||1|2|11|5|3|2|20||1|13|0||1||1||1||1||7|1|3|1|1|1|1|2|2|2|2|2|2||2|2|2|2||6||2|2|2|1|2|1|2|2|1|52UZPE01152001T38MT03EBS001H055052UZPE01152001T38MT03EBS001H0550F0550
2|344|1|52|UZPE011|52001|T38|MT03|BELLAVISTA DE ARANDA|CALLE22BIS27138|-77.2684|1.233984||52UZPE01152001T38MT03EBS001H0551|52UZPE01152001T38MT03EBS001H0551F0551|2|1|1|1|52UZPE01152001T38MT03EBS001|900091143|CC|1004235479|AUXILIARDEENFERMERIA|52UZPE01152001T38MT03EBS001H0551F0551CF551|2025-05-11|1||1||3||1||1|2|11|5|3|2|20||1|13|0||1||1||1||1||7|1|3|1|1|1|1|2|2|2|2|2|2||2|2|2|2||6||2|2|2|1|2|1|2|2|1|52UZPE01152001T38MT03EBS001H055152UZPE01152001T38MT03EBS001H0551F0551
2|345|1|52|UZPE011|52001|T38|MT03|BELLAVISTA DE ARANDA|CALLE22BIS27203|-77.273061|1.223846||52UZPE01152001T38MT03EBS001H0552|52UZPE01152001T38MT03EBS001H0552F0552|1|1|1|3|52UZPE01152001T38MT03EBS001|900091143|CC|1004235479|AUXILIARDEENFERMERIA|52UZPE01152001T38MT03EBS001H0552F0552CF552|2025-05-12|1||1||3||4||2|2|11|5|2|2|8||2|13|0||1||1||1||1||4|3|3|1|1|1|1|2|2|2|2|2|2||2|2|1|2||6||1|2|2|1|2|1|2|2|1|52UZPE01152001T38MT03EBS001H055252UZPE01152001T38MT03EBS001H0552F0552
2|346|1|52|UZPE011|52001|T38|MT03|BELLAVISTA DE ARANDA|CALLE22BIS27305|-77.273061|1.223846||52UZPE01152001T38MT03EBS001H0553|52UZPE01152001T38MT03EBS001H0553F0553|1|1|1|1|52UZPE01152001T38MT03EBS001|900091143|CC|1004235479|AUXILIARDEENFERMERIA|52UZPE01152001T38MT03EBS001H0553F0553CF553|2025-05-12|1||1||3||1||1|2|11|5|3|2|20||2|13|0||1||1||1||1||7|1|3|1|1|1|1|2|2|2|2|2|2||2|2|2|2||6||2|2|2|1|2|1|2|2|1|52UZPE01152001T38MT03EBS001H055352UZPE01152001T38MT03EBS001H0553F0553
2|347|1|52|UZPE011|52001|T38|MT03|BELLAVISTA DE ARANDA|CALLE22BIS27209|-77.273061|1.223846||52UZPE01152001T38MT03EBS001H0554|52UZPE01152001T38MT03EBS001H0554F0554|1|1|1|4|52UZPE01152001T38MT03EBS001|900091143|CC|1004235479|AUXILIARDEENFERMERIA|52UZPE01152001T38MT03EBS001H0554F0554CF554|2025-05-12|1||1||3||1||4|2|11|5|3|2|20||2|13|0||1||1||1||1||1|4|3|1|1|1|1|2|2|2|2|2|2||2|2|1|2||6||1|2|2|1|2|1|2|2|1|52UZPE01152001T38MT03EBS001H055452UZPE01152001T38MT03EBS001H0554F0554
2|348|1|52|UZPE011|52001|T38|MT03|BELLAVISTA DE ARANDA|CALLE22BIS28209|-77.273061|1.223846||52UZPE01152001T38MT03EBS001H0555|52UZPE01152001T38MT03EBS001H0555F0555|1|1|1|2|52UZPE01152001T38MT03EBS001|900091143|CC|1004235479|AUXILIARDEENFERMERIA|52UZPE01152001T38MT03EBS001H0555F0555CF555|2025-05-13|1||1||3||1||3|2|11|5|2|2|20||2|13|0||1||1||1||1||1|2|3|1|1|1|1|2|2|2|2|2|2||2|2|2|2||6||2|2|2|1|2|1|2|2|1|52UZPE01152001T38MT03EBS001H055552UZPE01152001T38MT03EBS001H0555F0555
2|349|1|52|UZPE011|52001|T38|MT03|BELLAVISTA DE ARANDA|CALLEBIS2228209|-77.273061|1.223846||52UZPE01152001T38MT03EBS001H0556|52UZPE01152001T38MT03EBS001H0556F0556|1|1|1|1|52UZPE01152001T38MT03EBS001|900091143|CC|1004235479|AUXILIARDEENFERMERIA|52UZPE01152001T38MT03EBS001H0556F0556CF556|2025-05-13|1||1||3||1||1|2|11|5|2|2|20||2|13|0||1||1||1||1||7|1|3|1|1|1|1|2|2|2|2|2|2||2|2|1|2||6||1|2|2|1|2|1|2|2|1|52UZPE01152001T38MT03EBS001H055652UZPE01152001T38MT03EBS001H0556F0556
2|350|1|52|UZPE011|52001|T38|MT03|BELLAVISTA DE ARANDA|CALLE22BIS28A58|-77.273061|1.223846||52UZPE01152001T38MT03EBS001H0557|52UZPE01152001T38MT03EBS001H0557F0557|1|1|1|2|52UZPE01152001T38MT03EBS001|900091143|CC|1004235479|AUXILIARDEENFERMERIA|52UZPE01152001T38MT03EBS001H0557F0557CF557|2025-05-13|1||1||3||1||2|2|11|5|2|2|20||2|13|0||1||1||1||1||2|2|3|1|1|1|1|2|2|2|2|2|2||2|2|1|2||6||1|2|2|1|2|1|2|2|1|52UZPE01152001T38MT03EBS001H055752UZPE01152001T38MT03EBS001H0557F0557
2|351|1|52|UZPE011|52001|T38|MT03|BELLAVISTA DE ARANDA|CRRA29C213|-77.273051|1.223846||52UZPE01152001T38MT03EBS001H0558|52UZPE01152001T38MT03EBS001H0558F0558|1|1|1|2|52UZPE01152001T38MT03EBS001|900091143|CC|1004235479|AUXILIARDEENFERMERIA|52UZPE01152001T38MT03EBS001H0558F0558CF558|2025-03-07|1||1||3||1||3|2|11|5|3|2|20||2|13|0||1||1||1||1||2|2|3|1|1|1|1|2|2|2|2|2|2||2|2|2|2||6||2|2|2|1|1|1|2|2|1|52UZPE01152001T38MT03EBS001H055852UZPE01152001T38MT03EBS001H0558F0558
2|352|1|52|UZPE011|52001|T38|MT03|BELLAVISTA DE ARANDA|CALLE22BIS2871|-77.273289|1.223075||52UZPE01152001T38MT03EBS001H0559|52UZPE01152001T38MT03EBS001H0559F0559|1|1|1|1|52UZPE01152001T38MT03EBS001|900091143|CC|1085265622|ODONTOLOGIA|52UZPE01152001T38MT03EBS001H0559F0559CF559|2025-04-07|1||1||3||1||2|2|11|5|2|2|20||1|13|0||1||1||1||1||7|1|3|1|1|1|1|2|2|2|2|2|2||2|2|2|1||6||2|2|2|1|2|1|2|2|1|52UZPE01152001T38MT03EBS001H055952UZPE01152001T38MT03EBS001H0559F0559
2|353|1|52|UZPE011|52001|T38|MT03|BELLAVISTA DE ARANDA|BISCALLE222871|-77.273289|1.223075||52UZPE01152001T38MT03EBS001H0560|52UZPE01152001T38MT03EBS001H0560F0560|1|1|1|2|52UZPE01152001T38MT03EBS001|900091143|CC|1085265622|ODONTOLOGIA|52UZPE01152001T38MT03EBS001H0560F0560CF560|2025-04-07|1||1||3||1||2|2|11|5|1|2|20||1|13|0||1||1||1||1||2|2|3|1|1|1|1|2|2|2|2|2|2||2|2|1|1||6||1|2|2|1|2|1|2|2|1|52UZPE01152001T38MT03EBS001H056052UZPE01152001T38MT03EBS001H0560F0560
2|354|1|52|UZPE011|52001|T38|MT03|BELLAVISTA DE ARANDA|CALLE22BIS2704|-77.273289|1.223075||52UZPE01152001T38MT03EBS001H0561|52UZPE01152001T38MT03EBS001H0561F0561|1|1|1|1|52UZPE01152001T38MT03EBS001|900091143|CC|1085265622|ODONTOLOGIA|52UZPE01152001T38MT03EBS001H0561F0561CF561|2025-04-07|1||1||3||1||2|2|11|5|1|2|20||1|13|0||1||1||1||1||7|1|3|1|1|1|1|2|2|2|2|2|2||2|2|2|2||6||2|2|2|1|2|1|2|2|1|52UZPE01152001T38MT03EBS001H056152UZPE01152001T38MT03EBS001H0561F0561
2|355|1|52|UZPE011|52001|T38|MT03|BELLAVISTA DE ARANDA|CALLE22BNUMERO27205|-77.273188|1.224688||52UZPE01152001T38MT03EBS001H0562|52UZPE01152001T38MT03EBS001H0562F0562|1|1|1|2|52UZPE01152001T38MT03EBS001|900091143|CC|1085286742|AUXILIARDEENFERMERIA|52UZPE01152001T38MT03EBS001H0562F0562CF562|2025-05-18|1||1||3||4||2|2|11|2|3|2|7||2|13|0||1||1||1||1||2|2|3|1|1|1|1|2|2|2|2|2|2||2|2|1|1||6||1|2|2|1|1|1|2|2|1|52UZPE01152001T38MT03EBS001H056252UZPE01152001T38MT03EBS001H0562F0562
2|356|1|52|UZPE011|52001|T38|MT03|BELLAVISTA DE ARANDA|CALLE22BISN2763|-77.273089|1.223813||52UZPE01152001T38MT03EBS001H0563|52UZPE01152001T38MT03EBS001H0563F0563|2|2|2|3|52UZPE01152001T38MT03EBS001|900091143|CC|1004216993|AUXILIARESDEENFERMERIA|52UZPE01152001T38MT03EBS001H0563F0563CF563|2025-05-04|1||1||4||1||2|2|11|5|2|2|20||1|13|0||1||1||1||1||1|2|3|1|1|1|1|2|2|2|2|2|2||2|2|1|2||6||1|2|2|1|1|1|2|2|1|52UZPE01152001T38MT03EBS001H056352UZPE01152001T38MT03EBS001H0563F0563
2|357|1|52|UZPE011|52001|T38|MT03|BELLAVISTA DE ARANDA|CALLE22BISN2763|-77.273089|1.223813||52UZPE01152001T38MT03EBS001H0564|52UZPE01152001T38MT03EBS001H0564F0564|2|2|2|3|52UZPE01152001T38MT03EBS001|900091143|CC|1004216993|AUXILIARESDEENFERMERIA|52UZPE01152001T38MT03EBS001H0564F0564CF564|2025-05-04|1||1||4||1||2|2|11|5|2|2|20||1|13|0||1||1||1||1||7|1|2|2|1|1|1|2|2|2|2|2|2||2|2|1|2||6||1|2|2|1|2|1|2|2|1|52UZPE01152001T38MT03EBS001H056452UZPE01152001T38MT03EBS001H0564F0564
2|358|1|52|UZPE011|52001|T38|MT02|ARANDA|MANZANA1CASA1SOLDEORIENTE|-77.271399|1.235373||52UZPE01152001T38MT02EBS001H0566|52UZPE01152001T38MT02EBS001H0566F0566|2|1|1|2|52UZPE01152001T38MT02EBS001|900091143|CC|13069636|PSICOLOGO|52UZPE01152001T38MT02EBS001H0566F0566CF566|2025-05-11|1||1||3||1||3|2|11|5|2|2|20||1|13|0||1||1||1||1||1|4|3|1|1|1|1|2|2|2|2|2|2||2|2|1|2||6||1|2|2|1|2|1|2|2|1|52UZPE01152001T38MT02EBS001H056652UZPE01152001T38MT02EBS001H0566F0566
2|359|1|52|UZPE011|52001|T38|MT01|SOL DE ORIENTE|CALLE244081|-77.27025|1.232175||52UZPE01152001T38MT01EBS001H0567|52UZPE01152001T38MT01EBS001H0567F0567|1|1|1|2|52UZPE01152001T38MT01EBS001|900091143|CC|1085286742|AUXILIARDEENFERMERIA|52UZPE01152001T38MT01EBS001H0567F0567CF567|2025-05-07|1||1||3||1||2|2|11|2|2|2|20||1|13|0||3||1||1||1||2|2|3|2|1|1|1|2|2|2|2|2|2||2|2|1|2||6||1|2|2|1|1|1|2|2|1|52UZPE01152001T38MT01EBS001H056752UZPE01152001T38MT01EBS001H0567F0567
2|360|1|52|UZPE011|52001|T38|MT01|SOL DE ORIENTE|CASA1AARANDABAJO|-77.270289|1.230718||52UZPE01152001T38MT01EBS001H0568|52UZPE01152001T38MT01EBS001H0568F0568|2|1|1|3|52UZPE01152001T38MT01EBS001|900091143|CC|1085286742|AUXILIARDEENFERMERIA|52UZPE01152001T38MT01EBS001H0568F0568CF568|2025-05-07|1||5||5||4||3|2|11|2|2|1|20||2|13|0||3||1||1||1||2|3|3|1|1|1|1|2|2|2|2|2|2||2|2|1|2||6||1|2|2|1|2|1|2|2|1|52UZPE01152001T38MT01EBS001H056852UZPE01152001T38MT01EBS001H0568F0568
2|361|1|52|UZPE011|52001|T38|MT01|SOL DE ORIENTE|MANZANAI5CASA5|-77.270289|1.230718||52UZPE01152001T38MT01EBS001H0570|52UZPE01152001T38MT01EBS001H0570F0570|1|1|1|1|52UZPE01152001T38MT01EBS001|900091143|CC|1085286742|AUXILIARDEENFERMERIA|52UZPE01152001T38MT01EBS001H0570F0570CF570|2025-05-08|1||1||3||1||1|2|11|5|2|2|20||2|13|0||3||1||1||1||1|2|3|1|1|1|1|2|2|2|2|2|2||2|2|1|1||6||1|2|2|1|1|1|2|2|1|52UZPE01152001T38MT01EBS001H057052UZPE01152001T38MT01EBS001H0570F0570
2|362|1|52|UZPE011|52001|T38|MT02|ARANDA|MANZANA5CASA6SOLDEORIENTE|-77.270396|1.237321||52UZPE01152001T38MT02EBS001H0571|52UZPE01152001T38MT02EBS001H0571F0571|1|1|1|2|52UZPE01152001T38MT02EBS001|900091143|CC|13069636|PSICOLOGO|52UZPE01152001T38MT02EBS001H0571F0571CF571|2025-05-12|1||1||3||4||1|2|11|5|2|2|20||1|13|0||1||1||1||1||1|2|3|1|1|1|1|2|2|2|2|2|2||2|2|1|2||6||1|2|2|1|2|1|2|2|1|52UZPE01152001T38MT02EBS001H057152UZPE01152001T38MT02EBS001H0571F0571
2|363|1|52|UZPE011|52001|T38|MT02|ARANDA|MANZANASCASA6APTO02|-77.270396|1.237321||52UZPE01152001T38MT02EBS001H0572|52UZPE01152001T38MT02EBS001H0572F0572|1|1|1|1|52UZPE01152001T38MT02EBS001|900091143|CC|13069636|PSICOLOGO|52UZPE01152001T38MT02EBS001H0572F0572CF572|2025-05-12|4||1||3||1||1|2|11|5|2|2|20||1|13|0||1||1||1||1||7|1|3|1|1|1|1|2|2|2|2|2|2||2|2|1|2||6||1|2|2|1|2|1|2|2|1|52UZPE01152001T38MT02EBS001H057252UZPE01152001T38MT02EBS001H0572F0572
2|364|1|52|UZPE011|52001|T38|MT03|BELLAVISTA DE ARANDA|CRRA29C213|-77.273061|1.223846||52UZPE01152001T38MT03EBS001H0573|52UZPE01152001T38MT03EBS001H0573F0573|1|1|1|1|52UZPE01152001T38MT03EBS001|900091143|CC|1004235479|AUXILIARDEENFERMERIA|52UZPE01152001T38MT03EBS001H0573F0573CF573|2025-05-05|1||1||3||1||2|2|11|5|3|2|20||2|13|0||1||1||1||1||7|1|3|1|1|1|1|2|2|2|2|2|2||2|2|1|2||6||1|2|2|1|2|1|2|2|1|52UZPE01152001T38MT03EBS001H057352UZPE01152001T38MT03EBS001H0573F0573
2|365|1|52|UZPE011|52001|T38|MT02|ARANDA|MANZANAECASA6NUEVOHORIZONTE|-77.259454|1.228456||52UZPE01152001T38MT02EBS001H0574|52UZPE01152001T38MT02EBS001H0574F0574|1|1|1|2|52UZPE01152001T38MT02EBS001|900091143|CC|13069636|PSICOLOGO|52UZPE01152001T38MT02EBS001H0574F0574CF574|2025-05-13|1||1||3||1||1|2|11|5|2|2|20||1|13|0||1||1||1||1||1|2|3|1|1|1|1|2|2|2|2|2|2||2|2|1|2||6||1|2|2|1|2|1|2|2|1|52UZPE01152001T38MT02EBS001H057452UZPE01152001T38MT02EBS001H0574F0574
2|366|1|52|UZPE011|52001|T38|MT01|SOL DE ORIENTE|MANZANALCASA9APTDOS|-77.300707|1.234615||52UZPE01152001T38MT01EBS001H0582|52UZPE01152001T38MT01EBS001H0582F0582|1|1|1|1|52UZPE01152001T38MT01EBS001|900091143|CC|59310145|TERAPEUTAOCUPACIONAL|52UZPE01152001T38MT01EBS001H0582F0582CF582|2025-05-12|4||1||3||1||1|2|11|1|2|2|20||2|13|0||1||1||1||1||7|1|2|4|1|1|2|2|2|2|2|2|2||2|2|1|1||9||1|2|2|1|1|1|2|2|1|52UZPE01152001T38MT01EBS001H058252UZPE01152001T38MT01EBS001H0582F0582
2|367|1|52|UZPE011|52001|T38|MT01|SOL DE ORIENTE|MANZANAPCASA10|-77.300706|1.234619||52UZPE01152001T38MT01EBS001H0583|52UZPE01152001T38MT01EBS001H0583F0583|1|1|1|1|52UZPE01152001T38MT01EBS001|900091143|CC|59310145|TERAPEUTAOCUPACIONAL|52UZPE01152001T38MT01EBS001H0583F0583CF583|2025-05-12|4||1||3||1||1|2|11|1|2|2|20||1|13|0||1||1||1||1||7|1|3|3|1|1|1|2|2|2|2|2|2||2|2|1|1||9||1|2|2|1|1|1|2|2|1|52UZPE01152001T38MT01EBS001H058352UZPE01152001T38MT01EBS001H0583F0583
2|368|1|52|UZPE011|52001|T38|MT01|SOL DE ORIENTE|MANZANAPCASA10APTODOS|-77.300704|1.234628||52UZPE01152001T38MT01EBS001H0584|52UZPE01152001T38MT01EBS001H0584F0584|1|1|1|1|52UZPE01152001T38MT01EBS001|900091143|CC|59310145|TERAPEUTAOCUPACIONAL|52UZPE01152001T38MT01EBS001H0584F0584CF584|2025-05-12|4||1||3||1||1|2|11|1|2|2|20||2|13|0||1||1||1||1||7|1|2|2|1|1|2|2|2|2|2|2|2||2|2|2|1||9||2|2|2|1|1|1|2|2|1|52UZPE01152001T38MT01EBS001H058452UZPE01152001T38MT01EBS001H0584F0584
2|369|1|52|UZPE011|52001|T38|MT04|VILLAS DEL NORTE|MANZANA2CASA12APTODOS|-77.300707|1.234632||52UZPE01152001T38MT04EBS001H0585|52UZPE01152001T38MT04EBS001H0585F0585|2|1|1|1|52UZPE01152001T38MT04EBS001|900091143|CC|59310145|TERAPEUTAOCUPACIONAL|52UZPE01152001T38MT04EBS001H0585F0585CF585|2025-05-12|1||1||3||1||1|2|11|5|2|2|20||2|13|0||1||1||1||1||7|1|2|3|1|1|1|2|2|2|2|2|2||2|2|1|2||9||1|2|2|1|1|1|2|2|1|52UZPE01152001T38MT04EBS001H058552UZPE01152001T38MT04EBS001H0585F0585
2|370|1|52|UZPE011|52001|T38|MT03|BELLAVISTA DE ARANDA|CALLE22BIS27162|-77.273224|1.224665||52UZPE01152001T38MT03EBS001H0586|52UZPE01152001T38MT03EBS001H0586F0586|1|1|1|1|52UZPE01152001T38MT03EBS001|900091143|CC|1004216993|AUXILIARESDEENFERMERIA|52UZPE01152001T38MT03EBS001H0586F0586CF586|2025-05-18|1||1||3||1||1|1|11|5|2|2|20||1|13|0||1||1||1||1||7|1|3|1|1|1|1|2|2|2|2|2|2||2|2|1|2||6||1|2|2|1|1|1|2|2|1|52UZPE01152001T38MT03EBS001H058652UZPE01152001T38MT03EBS001H0586F0586
2|371|1|52|UZPE011|52001|T38|MT01|SOL DE ORIENTE|MKC11|-77.27119|1.23534||52UZPE01152001T38MT01EBS001H0587|52UZPE01152001T38MT01EBS001H0587F0587|1|2|2|6|52UZPE01152001T38MT01EBS001|900091143|CC|1004216993|AUXILIARESDEENFERMERIA|52UZPE01152001T38MT01EBS001H0587F0587CF587|2025-05-11|1||1||3||1||3|2|11|5|2|2|20||1|13|0||1||1||1||1||1|4|2|2|1|1|1|2|2|2|2|2|2||2|2|1|2||6||1|2|2|1|2|1|2|2|1|52UZPE01152001T38MT01EBS001H058752UZPE01152001T38MT01EBS001H0587F0587
2|372|1|52|UZPE011|52001|T38|MT01|SOL DE ORIENTE|MKC11|-77.27119|1.23534||52UZPE01152001T38MT01EBS001H0588|52UZPE01152001T38MT01EBS001H0588F0588|1|2|2|6|52UZPE01152001T38MT01EBS001|900091143|CC|1004216993|AUXILIARESDEENFERMERIA|52UZPE01152001T38MT01EBS001H0588F0588CF588|2025-05-11|1||1||3||1||3|2|11|5|2|2|20||1|13|0||1||1||1||1||1|2|3|1|1|1|1|2|2|2|2|2|2||2|2|1|1||6||1|2|2|1|2|1|2|2|1|52UZPE01152001T38MT01EBS001H058852UZPE01152001T38MT01EBS001H0588F0588
2|373|1|52|UZPE011|52001|T38|MT01|SOL DE ORIENTE|MANZANAJCASA1APTO1|-77.27351|1.224424||52UZPE01152001T38MT01EBS001H0589|52UZPE01152001T38MT01EBS001H0589F0589|1|2|2|4|52UZPE01152001T38MT01EBS001|900091143|CC|1085286742|AUXILIARDEENFERMERIA|52UZPE01152001T38MT01EBS001H0589F0589CF589|2025-05-08|1||1||3||1||4|2|11|2|2|2|20||2|13|0||3||1||1||1||2|2|3|1|1|1|1|2|2|2|2|2|2||2|2|1|1||6||1|2|2|1|1|1|2|2|1|52UZPE01152001T38MT01EBS001H058952UZPE01152001T38MT01EBS001H0589F0589
2|374|1|52|UZPE011|52001|T38|MT01|SOL DE ORIENTE|MANZANAJCASA1APTO1|-77.27351|1.224424||52UZPE01152001T38MT01EBS001H0590|52UZPE01152001T38MT01EBS001H0590F0590|1|2|2|4|52UZPE01152001T38MT01EBS001|900091143|CC|1085286742|AUXILIARDEENFERMERIA|52UZPE01152001T38MT01EBS001H0590F0590CF590|2025-05-08|1||1||3||1||4|2|11|2|2|2|20||2|13|0||3||1||1||1||2|2|3|1|1|1|1|2|2|2|2|2|2||2|2|1|1||6||1|2|2|1|2|1|2|2|1|52UZPE01152001T38MT01EBS001H059052UZPE01152001T38MT01EBS001H0590F0590
2|375|1|52|UZPE011|52001|T38|MT03|BELLAVISTA DE ARANDA|CALLE343870|-77.270292|1.231218||52UZPE01152001T38MT03EBS001H0591|52UZPE01152001T38MT03EBS001H0591F0591|1|1|1|3|52UZPE01152001T38MT03EBS001|900091143|CC|1004235479|AUXILIARDEENFERMERIA|52UZPE01152001T38MT03EBS001H0591F0591CF591|2025-05-11|1||1||3||1||4|2|11|5|2|2|20||2|13|0||1||1||1||1||2|3|3|1|1|1|1|2|2|2|2|2|2||2|2|2|2||6||2|2|2|1|2|1|2|2|1|52UZPE01152001T38MT03EBS001H059152UZPE01152001T38MT03EBS001H0591F0591
2|376|1|52|UZPE011|52001|T38|MT03|BELLAVISTA DE ARANDA|MANZANA19CASAI7|-77.270624|1.231208||52UZPE01152001T38MT03EBS001H0592|52UZPE01152001T38MT03EBS001H0592F0592|1|1|1|1|52UZPE01152001T38MT03EBS001|900091143|CC|1004235479|AUXILIARDEENFERMERIA|52UZPE01152001T38MT03EBS001H0592F0592CF592|2025-04-11|1||1||3||1||3|2|11|5|2|2|20||2|13|0||1||1||1||1||7|1|3|1|1|1|1|2|2|2|2|2|2||2|2|2|2||6||2|2|2|1|2|1|2|2|1|52UZPE01152001T38MT03EBS001H059252UZPE01152001T38MT03EBS001H0592F0592
2|377|1|52|UZPE011|52001|T38|MT03|BELLAVISTA DE ARANDA|MANZANAJCASAUNO|-77.271019|1.234561||52UZPE01152001T38MT03EBS001H0593|52UZPE01152001T38MT03EBS001H0593F0593|1|1|1|1|52UZPE01152001T38MT03EBS001|900091143|CC|1004235479|AUXILIARDEENFERMERIA|52UZPE01152001T38MT03EBS001H0593F0593CF593|2025-05-08|4||1||3||1||2|2|11|5|2|2|20||1|13|0||1||1||1||1||7|1|3|1|1|1|1|2|2|2|2|2|2||2|2|1|2||6||1|2|2|1|2|1|2|2|1|52UZPE01152001T38MT03EBS001H059352UZPE01152001T38MT03EBS001H0593F0593
2|378|1|52|UZPE011|52001|T38|MT03|BELLAVISTA DE ARANDA|MANZANA15CASA6|-77.270185|1.230459||52UZPE01152001T38MT03EBS001H0594|52UZPE01152001T38MT03EBS001H0594F0594|1|1|1|1|52UZPE01152001T38MT03EBS001|900091143|CC|1004235479|AUXILIARDEENFERMERIA|52UZPE01152001T38MT03EBS001H0594F0594CF594|2025-05-11|1||1||3||1||3|2|11|5|2|2|20||2|13|0||1||1||1||1||7|1|3|1|1|1|1|2|2|2|2|2|2||2|2|2|2||6||2|2|2|1|2|1|2|2|1|52UZPE01152001T38MT03EBS001H059452UZPE01152001T38MT03EBS001H0594F0594
2|379|1|52|UZPE011|52001|T38|MT01|SOL DE ORIENTE|CASA19MANZANAD|-77.271334|1.234266||52UZPE01152001T38MT01EBS001H0595|52UZPE01152001T38MT01EBS001H0595F0595|1|1|1|1|52UZPE01152001T38MT01EBS001|900091143|CC|1004235479|AUXILIARDEENFERMERIA|52UZPE01152001T38MT01EBS001H0595F0595CF595|2025-04-07|1||1||3||1||1|2|11|5|1|2|20||1|13|0||1||1||1||1||7|1|3|1|1|1|1|2|2|2|2|2|2||2|2|2|2||6||2|2|2|1|2|1|2|2|1|52UZPE01152001T38MT01EBS001H059552UZPE01152001T38MT01EBS001H0595F0595
2|380|1|52|UZPE011|52001|T38|MT03|BELLAVISTA DE ARANDA|CASA7IMAZANADA19|-77.270624|1.231208||52UZPE01152001T38MT03EBS001H0596|52UZPE01152001T38MT03EBS001H0596F0596|1|1|1|1|52UZPE01152001T38MT03EBS001|900091143|CC|1004235479|AUXILIARDEENFERMERIA|52UZPE01152001T38MT03EBS001H0596F0596CF596|2025-05-11|1||1||3||1||2|2|11|5|3|2|20||2|13|0||1||1||1||1||7|1|3|1|1|1|1|2|2|2|2|2|2||2|2|2|2||6||2|2|2|1|2|1|2|2|1|52UZPE01152001T38MT03EBS001H059652UZPE01152001T38MT03EBS001H0596F0596
2|381|1|52|UZPE011|52001|T38|MT01|SOL DE ORIENTE|CASATRESMANZANAK|-77.270922|1.234942||52UZPE01152001T38MT01EBS001H0597|52UZPE01152001T38MT01EBS001H0597F0597|1|1|1|1|52UZPE01152001T38MT01EBS001|900091143|CC|1004235479|AUXILIARDEENFERMERIA|52UZPE01152001T38MT01EBS001H0597F0597CF597|2025-05-07|1||1||3||1||1|2|11|5|1|2|20||1|13|0||1||1||1||1||7|1|3|1|1|1|1|2|2|2|2|2|2||2|2|2|2||6||2|2|2|1|2|1|2|2|1|52UZPE01152001T38MT01EBS001H059752UZPE01152001T38MT01EBS001H0597F0597
2|382|1|52|UZPE011|52001|T38|MT03|BELLAVISTA DE ARANDA|CALLE22BIS2797|-77.272996|1.223632||52UZPE01152001T38MT03EBS001H0598|52UZPE01152001T38MT03EBS001H0598F0598|1|2|2|4|52UZPE01152001T38MT03EBS001|900091143|CC|1004216993|AUXILIARESDEENFERMERIA|52UZPE01152001T38MT03EBS001H0598F0598CF598|2025-05-04|1||1||3||1||3|2|11|5|2|2|20||1|13|0||1||1||1||1||2|2|3|1|1|1|1|2|2|2|2|2|2||2|2|1|2||6||1|2|2|1|2|1|2|2|1|52UZPE01152001T38MT03EBS001H059852UZPE01152001T38MT03EBS001H0598F0598
2|383|1|52|UZPE011|52001|T38|MT03|BELLAVISTA DE ARANDA|CALLE22BIS2797|-77.272996|1.223632||52UZPE01152001T38MT03EBS001H0599|52UZPE01152001T38MT03EBS001H0599F0599|1|2|2|4|52UZPE01152001T38MT03EBS001|900091143|CC|1004216993|AUXILIARESDEENFERMERIA|52UZPE01152001T38MT03EBS001H0599F0599CF599|2025-05-04|1||1||3||1||3|2|11|5|2|2|20||1|13|0||1||1||1||1||1|2|3|1|1|1|1|2|2|2|2|2|2||2|2|1|1||6||1|2|2|1|1|1|2|2|1|52UZPE01152001T38MT03EBS001H059952UZPE01152001T38MT03EBS001H0599F0599
2|384|1|52|UZPE011|52001|T38|MT01|SOL DE ORIENTE|ARANDABAJOCASA1|-77.270124|1.232281||52UZPE01152001T38MT01EBS001H0600|52UZPE01152001T38MT01EBS001H0600F0600|1|1|1|1|52UZPE01152001T38MT01EBS001|900091143|CC|1004216993|AUXILIARESDEENFERMERIA|52UZPE01152001T38MT01EBS001H0600F0600CF600|2025-05-07|1||1||3||1||1|2|11|5|2|2|20||1|13|0||1||1||1||1||7|1|3|1|1|1|1|2|2|2|2|2|2||2|2|1|2||6||1|2|2|1|2|1|2|2|1|52UZPE01152001T38MT01EBS001H060052UZPE01152001T38MT01EBS001H0600F0600
2|385|1|52|UZPE011|52001|T38|MT02|ARANDA|MANZANAI5CASA10NUEVAARANDADEL|-77.270074|1.234683||52UZPE01152001T38MT02EBS001H0601|52UZPE01152001T38MT02EBS001H0601F0601|1|1|1|2|52UZPE01152001T38MT02EBS001|900091143|CC|13069636|PSICOLOGO|52UZPE01152001T38MT02EBS001H0601F0601CF601|2025-05-07|1||1||3||1||1|2|11|5|2|2|20||1|13|0||1||1||1||1||1|2|3|1|1|1|1|2|2|2|2|2|2||2|2|1|2||6||1|2|2|1|2|1|2|2|1|52UZPE01152001T38MT02EBS001H060152UZPE01152001T38MT02EBS001H0601F0601
2|386|1|52|UZPE011|52001|T38|MT04|VILLAS DEL NORTE|MANZANAACASA26VILLAGUERRERO|-77.268037|1.228742||52UZPE01152001T38MT04EBS001H0602|52UZPE01152001T38MT04EBS001H0602F0602|1|1|1|2|52UZPE01152001T38MT04EBS001|900091143|CC|13069636|PSICOLOGO|52UZPE01152001T38MT04EBS001H0602F0602CF602|2025-05-12|1||1||3||1||1|2|11|5|2|2|20||1|13|0||1||1||1||1||1|2|3|1|1|1|1|2|2|2|2|2|2||2|2|1|2||6||1|2|2|1|1|1|2|2|1|52UZPE01152001T38MT04EBS001H060252UZPE01152001T38MT04EBS001H0602F0602
2|387|1|52|UZPE011|52001|T38|MT02|ARANDA|CARRERA3022B84|-77.264858|1.234894||52UZPE01152001T38MT02EBS001H0603|52UZPE01152001T38MT02EBS001H0603F0603|1|1|1|1|52UZPE01152001T38MT02EBS001|900091143|CC|13069636|PSICOLOGO|52UZPE01152001T38MT02EBS001H0603F0603CF603|2025-05-04|1||1||3||4||1|2|11|5|2|2|20||1|13|0||1||1||1||1||7|1|3|1|1|1|1|2|2|2|2|2|2||2|2|1|2||6||1|2|2|1|1|1|2|2|1|52UZPE01152001T38MT02EBS001H060352UZPE01152001T38MT02EBS001H0603F0603
2|388|1|52|UZPE011|52001|T38|MT01|SOL DE ORIENTE|M1C4B|-77.270146|1.232308||52UZPE01152001T38MT01EBS001H0604|52UZPE01152001T38MT01EBS001H0604F0604|1|2|2|4|52UZPE01152001T38MT01EBS001|900091143|CC|1004216993|AUXILIARESDEENFERMERIA|52UZPE01152001T38MT01EBS001H0604F0604CF604|2025-05-07|1||1||3||1||3|2|11|5|2|2|20||1|13|0||1||1||1||1||1|2|3|1|1|1|1|2|2|2|2|2|2||2|2|1|1||6||1|2|2|1|2|1|2|2|1|52UZPE01152001T38MT01EBS001H060452UZPE01152001T38MT01EBS001H0604F0604
2|389|1|52|UZPE011|52001|T38|MT01|SOL DE ORIENTE|M1C4B|-77.270146|1.232308||52UZPE01152001T38MT01EBS001H0605|52UZPE01152001T38MT01EBS001H0605F0605|1|2|2|4|52UZPE01152001T38MT01EBS001|900091143|CC|1004216993|AUXILIARESDEENFERMERIA|52UZPE01152001T38MT01EBS001H0605F0605CF605|2025-05-07|1||1||3||1||3|2|11|5|2|2|20||1|13|0||1||1||1||1||1|2|3|1|1|1|1|2|2|2|2|2|2||2|2|2|1||6||2|2|2|1|2|1|2|2|1|52UZPE01152001T38MT01EBS001H060552UZPE01152001T38MT01EBS001H0605F0605
2|390|1|52|UZPE011|52001|T38|MT03|BELLAVISTA DE ARANDA|CALLE22BBIS2716BELLAVISTA|-77.264858|1.234894||52UZPE01152001T38MT03EBS001H0606|52UZPE01152001T38MT03EBS001H0606F0606|1|1|1|1|52UZPE01152001T38MT03EBS001|900091143|CC|13069636|PSICOLOGO|52UZPE01152001T38MT03EBS001H0606F0606CF606|2025-04-27|1||1||3||2||1|2|11|1|2|2|20||2|13|0||1||1||1||1||7|1|3|2|1|1|1|2|2|2|2|2|2||2|2|1|1||6||1|2|2|1|1|1|2|2|1|52UZPE01152001T38MT03EBS001H060652UZPE01152001T38MT03EBS001H0606F0606
2|391|1|52|UZPE011|52001|T38|MT01|SOL DE ORIENTE|CALLE3428B80|-77.270466|1.22133||52UZPE01152001T38MT01EBS001H0607|52UZPE01152001T38MT01EBS001H0607F0607|1|1|1|4|52UZPE01152001T38MT01EBS001|900091143|CC|1004216993|AUXILIARESDEENFERMERIA|52UZPE01152001T38MT01EBS001H0607F0607CF607|2025-05-07|1||1||3||1||2|2|11|5|2|2|20||1|13|0||1||1||1||1||2|2|3|1|1|1|1|2|2|2|2|2|2||2|2|1|2||6||1|2|2|1|2|1|2|2|1|52UZPE01152001T38MT01EBS001H060752UZPE01152001T38MT01EBS001H0607F0607
2|392|1|52|UZPE011|52001|T38|MT01|SOL DE ORIENTE|CALLE3428B80|-77.270466|1.22133||52UZPE01152001T38MT01EBS001H0608|52UZPE01152001T38MT01EBS001H0608F0608|1|1|1|4|52UZPE01152001T38MT01EBS001|900091143|CC|1004216993|AUXILIARESDEENFERMERIA|52UZPE01152001T38MT01EBS001H0608F0608CF608|2025-05-07|1||1||3||1||2|2|11|5|2|2|20||1|13|0||1||1||1||1||2|2|3|1|1|1|1|2|2|2|2|2|2||2|2|1|2||6||1|2|2|1|2|1|2|2|1|52UZPE01152001T38MT01EBS001H060852UZPE01152001T38MT01EBS001H0608F0608
2|393|1|52|UZPE011|52001|T38|MT01|SOL DE ORIENTE|MPCASA16|-77.270996|1.23707||52UZPE01152001T38MT01EBS001H0609|52UZPE01152001T38MT01EBS001H0609F0609|1|1|1|1|52UZPE01152001T38MT01EBS001|900091143|CC|1004216993|AUXILIARESDEENFERMERIA|52UZPE01152001T38MT01EBS001H0609F0609CF609|2025-05-12|1||1||3||4||1|2|11|5|1|2|20||1|13|0||1||1||1||1||7|1|3|1|1|1|1|2|2|2|2|2|2||2|2|1|1||6||1|2|2|1|2|1|2|2|1|52UZPE01152001T38MT01EBS001H060952UZPE01152001T38MT01EBS001H0609F0609
2|394|1|52|UZPE011|52001|T38|MT01|SOL DE ORIENTE|MFC12|-77.267626|1.230975||52UZPE01152001T38MT01EBS001H0610|52UZPE01152001T38MT01EBS001H0610F0610|1|1|1|3|52UZPE01152001T38MT01EBS001|900091143|CC|1004216993|AUXILIARESDEENFERMERIA|52UZPE01152001T38MT01EBS001H0610F0610CF610|2025-05-12|1||1||3||1||2|2|11|1|2|2|20||1|13|0||1||1||1||1||1|3|3|1|1|1|1|2|2|2|2|2|2||2|2|2|2||6||2|2|2|1|2|1|2|2|1|52UZPE01152001T38MT01EBS001H061052UZPE01152001T38MT01EBS001H0610F0610
2|395|1|52|UZPE011|52001|T38|MT01|SOL DE ORIENTE|CALLE24N1932|-77.270727|1.232684||52UZPE01152001T38MT01EBS001H0611|52UZPE01152001T38MT01EBS001H0611F0611|2|1|1|3|52UZPE01152001T38MT01EBS001|900091143|CC|1014212900|ENFERMERA|52UZPE01152001T38MT01EBS001H0611F0611CF611|2025-05-07|1||1||3||4||3|2|11|5|3|2|20||2|13|0||1||1||1||1||1|3|1|1|1|1|1|2|2|2|2|2|2||2|2|1|1||6||1|2|2|1|1|1|2|2|1|52UZPE01152001T38MT01EBS001H061152UZPE01152001T38MT01EBS001H0611F0611
2|396|1|52|UZPE011|52001|T38|MT01|SOL DE ORIENTE|CRA24N4025BARRIOARANDABAJO|-77.270413|1.231992||52UZPE01152001T38MT01EBS001H0612|52UZPE01152001T38MT01EBS001H0612F0612|2|6|6|7|52UZPE01152001T38MT01EBS001|900091143|CC|1014212900|ENFERMERA|52UZPE01152001T38MT01EBS001H0612F0612CF612|2025-05-07|1||1||3||4||0|2|11|5|3|1|20||2|13|0||1||1||1||1||1|2|1|1|1|1|1|2|2|2|2|2|2||2|2|1|1||6||1|2|2|1|2|1|2|2|1|52UZPE01152001T38MT01EBS001H061252UZPE01152001T38MT01EBS001H0612F0612
2|397|1|52|UZPE011|52001|T38|MT01|SOL DE ORIENTE|CRA24N4025BARRIOARANDABAJO|-77.270413|1.231992||52UZPE01152001T38MT01EBS001H0613|52UZPE01152001T38MT01EBS001H0613F0613|2|6|6|7|52UZPE01152001T38MT01EBS001|900091143|CC|1014212900|ENFERMERA|52UZPE01152001T38MT01EBS001H0613F0613CF613|2025-05-07|1||1||3||4||0|2|11|5|3|1|20||2|13|0||1||1||1||1||1|2|1|1|1|1|1|2|2|2|2|2|2||2|2|1|1||6||1|2|2|1|1|1|2|2|1|52UZPE01152001T38MT01EBS001H061352UZPE01152001T38MT01EBS001H0613F0613
2|398|1|52|UZPE011|52001|T38|MT01|SOL DE ORIENTE|CRA24N4025BARRIOARANDABAJO|-77.270413|1.231992||52UZPE01152001T38MT01EBS001H0614|52UZPE01152001T38MT01EBS001H0614F0614|2|6|6|7|52UZPE01152001T38MT01EBS001|900091143|CC|1014212900|ENFERMERA|52UZPE01152001T38MT01EBS001H0614F0614CF614|2025-05-07|1||1||3||4||0|2|11|5|3|1|20||2|13|0||1||1||1||1||2|2|3|1|1|1|1|2|2|2|2|2|2||2|2|1|2||6||1|2|2|1|1|1|2|2|1|52UZPE01152001T38MT01EBS001H061452UZPE01152001T38MT01EBS001H0614F0614
2|399|1|52|UZPE011|52001|T38|MT01|SOL DE ORIENTE|CRA24N4025BARRIOARANDABAJO|-77.270413|1.231992||52UZPE01152001T38MT01EBS001H0615|52UZPE01152001T38MT01EBS001H0615F0615|2|6|6|7|52UZPE01152001T38MT01EBS001|900091143|CC|1014212900|ENFERMERA|52UZPE01152001T38MT01EBS001H0615F0615CF615|2025-05-07|1||1||3||4||0|2|11|5|3|1|20||2|13|0||1||1||1||1||1|2|1|1|1|1|1|2|2|2|2|2|2||2|2|1|1||6||1|2|2|1|1|1|2|2|1|52UZPE01152001T38MT01EBS001H061552UZPE01152001T38MT01EBS001H0615F0615
2|400|1|52|UZPE011|52001|T38|MT01|SOL DE ORIENTE|CRA24N4025BARRIOARANDABAJO|-77.270413|1.231992||52UZPE01152001T38MT01EBS001H0616|52UZPE01152001T38MT01EBS001H0616F0616|2|6|6|7|52UZPE01152001T38MT01EBS001|900091143|CC|1014212900|ENFERMERA|52UZPE01152001T38MT01EBS001H0616F0616CF616|2025-05-07|1||1||3||4||0|2|11|5|3|1|20||2|13|0||1||1||1||1||1|2|1|1|1|1|1|2|2|2|2|2|2||2|2|1|1||6||1|2|2|1|1|1|2|2|1|52UZPE01152001T38MT01EBS001H061652UZPE01152001T38MT01EBS001H0616F0616
2|401|1|52|UZPE011|52001|T38|MT01|SOL DE ORIENTE|CRA24N4025BARRIOARANDABAJO|-77.270413|1.231992||52UZPE01152001T38MT01EBS001H0617|52UZPE01152001T38MT01EBS001H0617F0617|2|6|6|7|52UZPE01152001T38MT01EBS001|900091143|CC|1014212900|ENFERMERA|52UZPE01152001T38MT01EBS001H0617F0617CF617|2025-05-07|1||1||3||4||0|2|11|5|3|1|20||2|13|0||1||1||1||1||2|2|1|1|1|1|1|2|2|2|2|2|2||2|2|1|1||6||1|2|2|1|1|1|2|2|1|52UZPE01152001T38MT01EBS001H061752UZPE01152001T38MT01EBS001H0617F0617
2|402|1|52|UZPE011|52001|T38|MT01|SOL DE ORIENTE|CRA244025APARTAMENTO2|-77.270413|1.231993||52UZPE01152001T38MT01EBS001H0618|52UZPE01152001T38MT01EBS001H0618F0618|2|1|1|2|52UZPE01152001T38MT01EBS001|900091143|CC|1014212900|ENFERMERA|52UZPE01152001T38MT01EBS001H0618F0618CF618|2025-05-07|4||1||3||4||1|2|11|5|3|1|20||2|13|0||1||1||1||1||1|2|1|1|1|1|1|2|2|2|2|2|2||2|2|1|1||6||1|2|2|1|1|1|2|2|1|52UZPE01152001T38MT01EBS001H061852UZPE01152001T38MT01EBS001H0618F0618
2|403|1|52|UZPE011|52001|T38|MT01|SOL DE ORIENTE|MANZANADCASA17BARRIO8DEMARZO|-77.271002|1.234333||52UZPE01152001T38MT01EBS001H0619|52UZPE01152001T38MT01EBS001H0619F0619|2|2|2|3|52UZPE01152001T38MT01EBS001|900091143|CC|1014212900|ENFERMERA|52UZPE01152001T38MT01EBS001H0619F0619CF619|2025-05-08|1||1||3||1||3|2|11|5|3|2|20||2|13|0||1||1||1||1||1|2|1|2|1|1|1|2|2|2|2|2|2||2|2|1|1||6||1|2|2|1|1|1|2|2|1|52UZPE01152001T38MT01EBS001H061952UZPE01152001T38MT01EBS001H0619F0619
2|404|1|52|UZPE011|52001|T38|MT01|SOL DE ORIENTE|MANZANADCASA17BARRIO8DEMARZO|-77.271002|1.234333||52UZPE01152001T38MT01EBS001H0620|52UZPE01152001T38MT01EBS001H0620F0620|2|2|2|3|52UZPE01152001T38MT01EBS001|900091143|CC|1014212900|ENFERMERA|52UZPE01152001T38MT01EBS001H0620F0620CF620|2025-05-08|1||1||3||1||3|2|11|5|3|2|20||2|13|0||1||1||1||1||7|1|1|1|1|1|1|2|2|2|2|2|2||2|2|1|1||6||1|2|2|1|1|1|2|2|1|52UZPE01152001T38MT01EBS001H062052UZPE01152001T38MT01EBS001H0620F0620
2|405|1|52|UZPE011|52001|T38|MT04|VILLAS DEL NORTE|MANZANA2CASA13BARRIOVILLASDELNORTE|-77.267527|1.230973||52UZPE01152001T38MT04EBS001H0621|52UZPE01152001T38MT04EBS001H0621F0621|2|1|1|1|52UZPE01152001T38MT04EBS001|900091143|CC|1014212900|ENFERMERA|52UZPE01152001T38MT04EBS001H0621F0621CF621|2025-05-12|1||1||3||1||2|2|11|5|3|2|20||2|13|0||1||1||1||1||7|1|1|1|1|1|1|2|2|2|2|2|2||2|2|1|1||6||1|2|2|1|1|1|2|2|1|52UZPE01152001T38MT04EBS001H062152UZPE01152001T38MT04EBS001H0621F0621
2|406|1|52|UZPE011|52001|T38|MT02|ARANDA|MANZANA5ACASA13|-77.267453|1.225576||52UZPE01152001T38MT02EBS001H0623|52UZPE01152001T38MT02EBS001H0623F0623|1|1|1|1|52UZPE01152001T38MT02EBS001|900091143|CC|12974849|GESTORCOMUNITARIO|52UZPE01152001T38MT02EBS001H0623F0623CF623|2025-07-06|1||1||3||1||1|2|11|5|2|2|20||2|13|0||1||1||1||1||7|1|3|2|1|1|2|2|2|2|2|2|2||2|2|1|2||6||1|2|2|1|1|1|2|2|1|52UZPE01152001T38MT02EBS001H062352UZPE01152001T38MT02EBS001H0623F0623
2|407|1|52|UZPE011|52001|T38|MT02|ARANDA|MANZANA5CASA3|-77.267495|1.225866||52UZPE01152001T38MT02EBS001H0625|52UZPE01152001T38MT02EBS001H0625F0625|1|1|1|2|52UZPE01152001T38MT02EBS001|900091143|CC|12974849|GESTORCOMUNITARIO|52UZPE01152001T38MT02EBS001H0625F0625CF625|2025-07-06|1||1||3||1||2|2|11|5|2|2|20||2|13|0||1||1||1||1||2|2|3|2|1|1|2|2|2|2|2|2|2||2|2|1|2||6||1|2|2|1|2|1|2|2|1|52UZPE01152001T38MT02EBS001H062552UZPE01152001T38MT02EBS001H0625F0625
2|408|1|52|UZPE011|52001|T38|MT02|ARANDA|MANZANA5DCASA1|-77.267188|1.225872||52UZPE01152001T38MT02EBS001H0626|52UZPE01152001T38MT02EBS001H0626F0626|1|1|1|2|52UZPE01152001T38MT02EBS001|900091143|CC|12974849|GESTORCOMUNITARIO|52UZPE01152001T38MT02EBS001H0626F0626CF626|2025-07-06|1||1||3||1||2|2|11|5|2|2|20||2|13|0||1||1||1||1||2|2|3|2|1|1|2|2|2|2|2|2|2||2|2|1|2||6||1|2|2|1|1|1|2|2|1|52UZPE01152001T38MT02EBS001H062652UZPE01152001T38MT02EBS001H0626F0626
2|409|1|52|UZPE011|52001|T38|MT02|ARANDA|MANZANA10CCASA5APARTAMENTO3|-77.267104|1.225255||52UZPE01152001T38MT02EBS001H0627|52UZPE01152001T38MT02EBS001H0627F0627|1|3|3|2|52UZPE01152001T38MT02EBS001|900091143|CC|12974849|GESTORCOMUNITARIO|52UZPE01152001T38MT02EBS001H0627F0627CF627|2025-07-06|4||1||3||1||2|2|11|5|3|2|20||2|13|0||1||1||1||1||2|2|3|2|1|1|4|2|2|2|2|2|2||2|2|1|2||6||1|2|2|1|2|1|2|2|1|52UZPE01152001T38MT02EBS001H062752UZPE01152001T38MT02EBS001H0627F0627
2|410|1|52|UZPE011|52001|T38|MT02|ARANDA|MANZANA10ACASA11ETAPA3|-77.266968|1.224716||52UZPE01152001T38MT02EBS001H0628|52UZPE01152001T38MT02EBS001H0628F0628|1|1|1|1|52UZPE01152001T38MT02EBS001|900091143|CC|12974849|GESTORCOMUNITARIO|52UZPE01152001T38MT02EBS001H0628F0628CF628|2025-07-21|1||1||3||1||2|2|11|5|3|2|20||2|13|0||1||1||1||1||7|1|3|2|1|1|2|2|2|2|2|2|2||2|2|2|1||6||2|2|2|1|1|1|2|2|1|52UZPE01152001T38MT02EBS001H062852UZPE01152001T38MT02EBS001H0628F0628
2|411|1|52|UZPE011|52001|T38|MT02|ARANDA|MANZANA10ACASA7|-77.267125|1.224699||52UZPE01152001T38MT02EBS001H0629|52UZPE01152001T38MT02EBS001H0629F0629|1|1|1|1|52UZPE01152001T38MT02EBS001|900091143|CC|12974849|GESTORCOMUNITARIO|52UZPE01152001T38MT02EBS001H0629F0629CF629|2025-07-22|1||1||3||4||2|2|11|5|2|2|20||2|13|0||1||1||1||1||7|1|3|3|1|1|4|2|2|2|2|2|2||2|2|2|1||6||2|2|2|1|1|1|2|2|1|52UZPE01152001T38MT02EBS001H062952UZPE01152001T38MT02EBS001H0629F0629
2|412|1|52|UZPE011|52001|T38|MT02|ARANDA|MANZANAD5CASA15|-77.269853|1.228166||52UZPE01152001T38MT02EBS001H0630|52UZPE01152001T38MT02EBS001H0630F0630|1|1|1|2|52UZPE01152001T38MT02EBS001|900091143|CC|12974849|GESTORCOMUNITARIO|52UZPE01152001T38MT02EBS001H0630F0630CF630|2025-07-22|1||1||3||1||2|2|11|5|2|2|20||2|13|0||1||1||1||1||2|2|3|2|1|1|2|2|2|2|2|2|2||2|2|2|1||6||2|2|2|1|1|1|2|2|1|52UZPE01152001T38MT02EBS001H063052UZPE01152001T38MT02EBS001H0630F0630
2|413|1|52|UZPE011|52001|T38|MT02|ARANDA|MANZANAE5CASA24APART2|-77.270941|1.228287||52UZPE01152001T38MT02EBS001H0632|52UZPE01152001T38MT02EBS001H0632F0632|1|1|1|1|52UZPE01152001T38MT02EBS001|900091143|CC|12974849|GESTORCOMUNITARIO|52UZPE01152001T38MT02EBS001H0632F0632CF632|2025-07-22|1||1||3||1||1|2|11|5|3|2|20||2|13|0||1||1||1||1||7|1|3|2|1|1|2|2|2|2|2|2|2||2|2|1|2||6||1|2|2|1|1|1|2|2|1|52UZPE01152001T38MT02EBS001H063252UZPE01152001T38MT02EBS001H0632F0632
2|414|1|52|UZPE011|52001|T38|MT02|ARANDA|MANZANA10ACASA11|-77.207257|1.22441||52UZPE01152001T38MT02EBS001H0633|52UZPE01152001T38MT02EBS001H0633F0633|1|1|1|2|52UZPE01152001T38MT02EBS001|900091143|CC|12974849|GESTORCOMUNITARIO|52UZPE01152001T38MT02EBS001H0633F0633CF633|2025-07-22|1||1||3||1||2|2|11|5|3|2|20||2|13|0||1||1||1||1||1|3|3|2|1|1|2|2|2|2|2|2|2||2|2|1|1||6||1|2|2|1|1|1|2|2|1|52UZPE01152001T38MT02EBS001H063352UZPE01152001T38MT02EBS001H0633F0633
2|415|1|52|UZPE011|52001|T38|MT02|ARANDA|MANZANAE6CASA11|-77.270521|1.228641||52UZPE01152001T38MT02EBS001H0634|52UZPE01152001T38MT02EBS001H0634F0634|2|1|1|1|52UZPE01152001T38MT02EBS001|900091143|CC|12974849|GESTORCOMUNITARIO|52UZPE01152001T38MT02EBS001H0634F0634CF634|2025-07-24|1||1||3||1||2|2|11|1|3|2|20||2|13|0||1||1||1||1||7|1|3|2|1|1|1|2|2|2|2|2|2||2|2|2|1||6||2|2|2|1|1|1|2|2|1|52UZPE01152001T38MT02EBS001H063452UZPE01152001T38MT02EBS001H0634F0634
2|416|1|52|UZPE011|52001|T38|MT04|VILLAS DEL NORTE|MANZANA4CASA3VILLASDELNORTEBARRIOFUTURO|-77.267661|1.22468||52UZPE01152001T38MT04EBS001H0636|52UZPE01152001T38MT04EBS001H0636F0636|1|1|1|2|52UZPE01152001T38MT04EBS001|900091143|CC|1086224204|AUXILIARDEENFERMERIA|52UZPE01152001T38MT04EBS001H0636F0636CF636|2025-10-03|4||1||3||1||2|2|11|5|2|2|20||2|13|0||3||1||1||1||2|2|3|2|1|1|1|2|2|2|2|2|2||2|2|2|1||6||2|2|2|1|1|1|2|2|1|52UZPE01152001T38MT04EBS001H063652UZPE01152001T38MT04EBS001H0636F0636
2|417|1|52|UZPE011|52001|T38|MT04|VILLAS DEL NORTE|MZ11CS8|-77.268016|1.225296||52UZPE01152001T38MT04EBS001H0637|52UZPE01152001T38MT04EBS001H0637F0637|2|1|1|3|52UZPE01152001T38MT04EBS001|900091143|CC|59313711|AUXILIARDEENFERMERIA|52UZPE01152001T38MT04EBS001H0637F0637CF637|2025-10-06|4||1||3||1||3|2|11|5|3|2|20||2|13|0||1||1||1||1||1|4|3|1|1|1|1|2|2|2|2|2|2||2|2|2|2||6||2|2|2|1|2|1|2|2|1|52UZPE01152001T38MT04EBS001H063752UZPE01152001T38MT04EBS001H0637F0637
2|418|1|52|UZPE011|52001|T38|MT04|VILLAS DEL NORTE|MZ7CS2|-77.266719|1.223102||52UZPE01152001T38MT04EBS001H0638|52UZPE01152001T38MT04EBS001H0638F0638|2|1|1|1|52UZPE01152001T38MT04EBS001|900091143|CC|59313711|AUXILIARDEENFERMERIA|52UZPE01152001T38MT04EBS001H0638F0638CF638|2025-10-06|4||1||3||1||1|2|11|5|3|2|20||2|13|0||1||1||1||1||7|1|3|1|1|1|1|2|2|2|2|2|2||2|2|2|2||6||2|2|2|1|2|1|2|2|1|52UZPE01152001T38MT04EBS001H063852UZPE01152001T38MT04EBS001H0638F0638
2|419|1|52|UZPE011|52001|T38|MT04|VILLAS DEL NORTE|MANZANA6CASA21VILLASDELNORTE|-77.267952|1.230627||52UZPE01152001T38MT04EBS001H0639|52UZPE01152001T38MT04EBS001H0639F0639|2|1|1|3|52UZPE01152001T38MT04EBS001|900091143|CC|1086358836|AUXILIARDEENFERMERIA|52UZPE01152001T38MT04EBS001H0639F0639CF639|2025-10-06|1||1||3||1||3|2|11|5|3|2|20||2|13|0||1||1||1||1||1|3|2|1|1|1|1|2|2|2|2|2|2||2|2|2|1||6||2|2|2|1|2|1|2|2|1|52UZPE01152001T38MT04EBS001H063952UZPE01152001T38MT04EBS001H0639F0639
2|420|1|52|UZPE011|52001|T38|MT04|VILLAS DEL NORTE|MANZANA4CASA12VILLASDELNORTE|-77.268102|1.230814||52UZPE01152001T38MT04EBS001H0640|52UZPE01152001T38MT04EBS001H0640F0640|2|1|1|3|52UZPE01152001T38MT04EBS001|900091143|CC|1086358836|AUXILIARDEENFERMERIA|52UZPE01152001T38MT04EBS001H0640F0640CF640|2025-10-04|1||1||3||4||3|2|11|5|3|2|20||2|13|0||1||1||1||1||7|3|2|2|1|1|1|2|2|2|2|2|2||2|2|1|1||6||1|2|2|1|2|1|2|2|1|52UZPE01152001T38MT04EBS001H064052UZPE01152001T38MT04EBS001H0640F0640
2|421|1|52|UZPE011|52001|T38|MT04|VILLAS DEL NORTE|MANZANA4CASAVILLASDELNORTE|-77.268417|1.230796||52UZPE01152001T38MT04EBS001H0643|52UZPE01152001T38MT04EBS001H0643F0643|2|1|1|3|52UZPE01152001T38MT04EBS001|900091143|CC|1086358836|AUXILIARDEENFERMERIA|52UZPE01152001T38MT04EBS001H0643F0643CF643|2025-10-04|1||1||3||1||3|2|11|5|3|2|20||2|13|0||1||1||1||1||1|3|2|1|1|1|1|2|2|2|2|2|2||2|2|2|1||6||2|2|2|1|1|1|2|2|1|52UZPE01152001T38MT04EBS001H064352UZPE01152001T38MT04EBS001H0643F0643
2|422|1|52|UZPE011|52001|T38|MT04|VILLAS DEL NORTE|VILLASDELNORTEMANZANA6CASA15|-77.268155|1.230869||52UZPE01152001T38MT04EBS001H0645|52UZPE01152001T38MT04EBS001H0645F0645|2|1|1|3|52UZPE01152001T38MT04EBS001|900091143|CC|1086224204|AUXILIARDEENFERMERIA|52UZPE01152001T38MT04EBS001H0645F0645CF645|2025-10-06|4||1||3||1||2|2|11|5|2|2|20||2|13|0||1||1||1||1||1|3|3|1|1|1|1|2|2|2|2|2|2||2|2|1|1||6||1|2|2|1|1|1|2|2|1|52UZPE01152001T38MT04EBS001H064552UZPE01152001T38MT04EBS001H0645F0645
2|423|1|52|UZPE011|52001|T38|MT04|VILLAS DEL NORTE|MANZANA6CASA18DIV1VILLASDELNORTE|-77.267738|1.230269||52UZPE01152001T38MT04EBS001H0646|52UZPE01152001T38MT04EBS001H0646F0646|1|1|1|3|52UZPE01152001T38MT04EBS001|900091143|CC|1086224204|AUXILIARDEENFERMERIA|52UZPE01152001T38MT04EBS001H0646F0646CF646|2025-10-07|1||1||3||1||3|2|11|5|2|2|19||2|13|0||1||1||1||1||1|3|3|2|1|1|1|2|2|2|2|2|2||2|2|2|2||6||2|2|2|1|1|1|2|2|1|52UZPE01152001T38MT04EBS001H064652UZPE01152001T38MT04EBS001H0646F0646
2|424|1|52|UZPE011|52001|T38|MT04|VILLAS DEL NORTE|MANZANA6CASA22BARRIOVILLASDELNORTECOMUNA10|-77.268288|1.230422||52UZPE01152001T38MT04EBS001H0647|52UZPE01152001T38MT04EBS001H0647F0647|2|1|1|3|52UZPE01152001T38MT04EBS001|900091143|CC|1086224204|AUXILIARDEENFERMERIA|52UZPE01152001T38MT04EBS001H0647F0647CF647|2025-10-07|1||1||3||4||3|2|11|5|2|2|20||2|13|0||1||1||1||1||4|3|3|2|1|1|1|2|2|2|2|2|2||2|2|2|2||6||2|2|2|1|1|1|2|2|1|52UZPE01152001T38MT04EBS001H064752UZPE01152001T38MT04EBS001H0647F0647
2|425|1|52|UZPE011|52001|T38|MT02|ARANDA|MZCCS32|-77.26487|1.236039||52UZPE01152001T38MT02EBS001H0648|52UZPE01152001T38MT02EBS001H0648F0648|2|1|1|1|52UZPE01152001T38MT02EBS001|900091143|CC|59313711|AUXILIARDEENFERMERIA|52UZPE01152001T38MT02EBS001H0648F0648CF648|2025-10-21|1||1||3||4||1|2|11|5|2|2|7||2|13|0||1||1||1||1||7|1|2|1|1|1|1|2|2|2|2|2|2||2|2|1|1||6||1|2|2|1|2|1|2|2|1|52UZPE01152001T38MT02EBS001H064852UZPE01152001T38MT02EBS001H0648F0648
2|426|1|52|UZPE011|52001|T38|MT01|SOL DE ORIENTE|MZ4CS28|-77.258851|1.226123||52UZPE01152001T38MT01EBS001H0649|52UZPE01152001T38MT01EBS001H0649F0649|1|1|1|2|52UZPE01152001T38MT01EBS001|900091143|CC|59313711|AUXILIARDEENFERMERIA|52UZPE01152001T38MT01EBS001H0649F0649CF649|2025-10-21|1||1||3||4||2|2|11|5|2|2|20||2|13|0||1||1||1||1||2|2|3|4|1|1|2|2|2|2|2|2|2||2|2|1|2||6||1|2|2|1|1|1|2|2|1|52UZPE01152001T38MT01EBS001H064952UZPE01152001T38MT01EBS001H0649F0649
2|427|1|52|UZPE011|52001|T38|MT01|SOL DE ORIENTE|MANZANA0CASA5|-77.271325|1.236522||52UZPE01152001T38MT01EBS001H0650|52UZPE01152001T38MT01EBS001H0650F0650|1|2|2|2|52UZPE01152001T38MT01EBS001|900091143|CC|1081053820|AUXILIARDEENFERMERIA|52UZPE01152001T38MT01EBS001H0650F0650CF650|2025-11-20|1||1||3||1||3|1|11|4|2|2|8||1|13|0||1||1||1||1||7|1|1|1|1|1|1|2|2|2|2|2|2||2|2|1|1||6||1|2|2|1|2|1|2|2|1|52UZPE01152001T38MT01EBS001H065052UZPE01152001T38MT01EBS001H0650F0650
2|428|1|52|UZPE011|52001|T38|MT01|SOL DE ORIENTE|MANZANA0CASA5|-77.271325|1.236522||52UZPE01152001T38MT01EBS001H0651|52UZPE01152001T38MT01EBS001H0651F0651|1|2|2|2|52UZPE01152001T38MT01EBS001|900091143|CC|1081053820|AUXILIARDEENFERMERIA|52UZPE01152001T38MT01EBS001H0651F0651CF651|2025-11-20|1||1||3||1||3|1|11|4|3|2|8||1|13|0||1||1||1||1||1|1|1|1|1|1|1|2|2|2|2|2|2||2|2|2|1||6||2|2|2|1|2|1|2|2|1|52UZPE01152001T38MT01EBS001H065152UZPE01152001T38MT01EBS001H0651F0651
2|429|1|52|UZPE011|52001|T38|MT01|SOL DE ORIENTE|MANZANASCASA12|-77.270806|1.247203||52UZPE01152001T38MT01EBS001H0652|52UZPE01152001T38MT01EBS001H0652F0652|1|1|1|2|52UZPE01152001T38MT01EBS001|900091143|CC|1081053820|AUXILIARDEENFERMERIA|52UZPE01152001T38MT01EBS001H0652F0652CF652|2025-11-20|1||1||3||1||1|2|8|3|2|1|20||2|13|0||1||1||1||1||2|2|1|1|1|1|1|2|2|2|2|2|2||2|2|2|1||3||2|2|2|1|2|1|2|2|1|52UZPE01152001T38MT01EBS001H065252UZPE01152001T38MT01EBS001H0652F0652
2|430|1|52|UZPE011|52001|T38|MT01|SOL DE ORIENTE|CALLE39BCASA13|-77.270806|1.247203||52UZPE01152001T38MT01EBS001H0653|52UZPE01152001T38MT01EBS001H0653F0653|1|1|1|3|52UZPE01152001T38MT01EBS001|900091143|CC|1081053820|AUXILIARDEENFERMERIA|52UZPE01152001T38MT01EBS001H0653F0653CF653|2025-11-20|1||1||3||4||1|1|8|3|2|1|20||2|13|0||1||1||1||1||1|3|3|1|1|1|1|2|2|2|2|2|2||2|2|1|1||6||1|2|2|1|1|1|2|2|1|52UZPE01152001T38MT01EBS001H065352UZPE01152001T38MT01EBS001H0653F0653
2|431|1|52|UZPE011|52001|T38|MT01|SOL DE ORIENTE|CRA29A16|-77.270641|1.23189||52UZPE01152001T38MT01EBS001H0654|52UZPE01152001T38MT01EBS001H0654F0654|1|1|1|1|52UZPE01152001T38MT01EBS001|900091143|CC|1081053820|AUXILIARDEENFERMERIA|52UZPE01152001T38MT01EBS001H0654F0654CF654|2025-11-20|1||1||3||4||1|2|8|4|2|2|7||2|13|0||1||1||1||1||7|2|2|2|1|1|2|2|2|2|2|2|2||2|2|1|1||6||1|2|2|1|2|1|2|2|1|52UZPE01152001T38MT01EBS001H065452UZPE01152001T38MT01EBS001H0654F0654
2|432|1|52|UZPE011|52001|T38|MT01|SOL DE ORIENTE|MZ3CS111|-77.256555|1.222782||52UZPE01152001T38MT01EBS001H0656|52UZPE01152001T38MT01EBS001H0656F0656|2|1|1|3|52UZPE01152001T38MT01EBS001|900091143|CC|59313711|AUXILIARDEENFERMERIA|52UZPE01152001T38MT01EBS001H0656F0656CF656|2025-11-24|1||1||3||4||2|2|11|5|3|2|20||2|13|0||1||1||1||1||2|3|3|1|1|1|1|2|2|2|2|2|2||2|2|1|2||6||1|2|2|1|2|1|2|2|1|52UZPE01152001T38MT01EBS001H065652UZPE01152001T38MT01EBS001H0656F0656
3|433|AXEL|STEVEN|SOLARTE|CEBALLOS|CC|1085313151|1994-06-14|1|2|6|5169|3|1||7|07|||8|75.0|173|||2||||||||||||52UZPE01152001T38MT01EBS001H018152UZPE01152001T38MT01EBS001H0181F0181|52UZPE01152001T38MT01EBS001H018152UZPE01152001T38MT01EBS001H0181F0181CC1085313151
3|434|ANGIE|LISETH|CEBALLOS|SUAREZ|CC|1085330229|1996-07-20|2|2|6|5169|3|1||7|07|||8|56.0|157|||2||||||||||||52UZPE01152001T38MT01EBS001H018152UZPE01152001T38MT01EBS001H0181F0181|52UZPE01152001T38MT01EBS001H018152UZPE01152001T38MT01EBS001H0181F0181CC1085330229
3|435|ELIZABETH|SOFIA|SOLARTE|CEBALLOS|TI|1081062534|2015-07-14|2|2|6|9998|3|1||8|07|||8|26.0|127|||2||||||||||||52UZPE01152001T38MT01EBS001H018152UZPE01152001T38MT01EBS001H0181F0181|52UZPE01152001T38MT01EBS001H018152UZPE01152001T38MT01EBS001H0181F0181TI1081062534
3|436|DELMI|MILENA|TRUKE|ARANDA|CC|1085249983|1986-05-28|2|2|6|9998|3|1||7|07|||8|75.0|157|||2||||||||||||52UZPE01152001T38MT01EBS001H018252UZPE01152001T38MT01EBS001H0182F0182|52UZPE01152001T38MT01EBS001H018252UZPE01152001T38MT01EBS001H0182F0182CC1085249983
3|437|JAIME|SAMIR|BOLANOS|LOPEZ|CC|1085265583|1988-06-13|1|2|6|9510|3|1||7|07|||8|75.0|172|||2||||||||||||52UZPE01152001T38MT01EBS001H018252UZPE01152001T38MT01EBS001H0182F0182|52UZPE01152001T38MT01EBS001H018252UZPE01152001T38MT01EBS001H0182F0182CC1085265583
3|438|ROXANA|JULIETH|ARCINIEGAS|TRUKE|TI|1085917565|2008-02-07|2|2|6|9998|3|1||1|07|||8|11.0|163|||2||||||||||||52UZPE01152001T38MT01EBS001H018252UZPE01152001T38MT01EBS001H0182F0182|52UZPE01152001T38MT01EBS001H018252UZPE01152001T38MT01EBS001H0182F0182TI1085917565
3|439|LUCIANA|ANTONELA|VELASQUEZ|ERAZO|RC|1080070072|2019-10-11|2|2|6|9998|3|1||8|07|||8|||||2||||||||||||52UZPE01152001T38MT01EBS001H018352UZPE01152001T38MT01EBS001H0183F0183|52UZPE01152001T38MT01EBS001H018352UZPE01152001T38MT01EBS001H0183F0183RC1080070072
3|440|JULIANA|VALERIA|VELASQUEZ|ERAZO|TI|103000511|2009-05-26|2|2|6|9998|3|1||1|07|||8|64.0|162|||2||||||||||||52UZPE01152001T38MT01EBS001H018352UZPE01152001T38MT01EBS001H0183F0183|52UZPE01152001T38MT01EBS001H018352UZPE01152001T38MT01EBS001H0183F0183TI103000511
3|441|EDER|JHOHANY|VELASQUEZ|CONDO|CC|1123204147|1986-10-11|1|2|6|9510|3|1||7|07|||8|69.0|172|||2||||||||||||52UZPE01152001T38MT01EBS001H018352UZPE01152001T38MT01EBS001H0183F0183|52UZPE01152001T38MT01EBS001H018352UZPE01152001T38MT01EBS001H0183F0183CC1123204147
3|442|FLEIDER|SAMUEL|PEREZ|ERAZO|CC|12849005|2002-05-28|1|2|6|9998|3|1||7|07|||8|63.0|160|||2||||||||||||52UZPE01152001T38MT01EBS001H018352UZPE01152001T38MT01EBS001H0183F0183|52UZPE01152001T38MT01EBS001H018352UZPE01152001T38MT01EBS001H0183F0183CC12849005
3|443|MARIA|MARIBEL|ERAZO|NOTIENE|CC|69022833|1982-03-25|2|2|6|9998|3|1||7|07|||8|67.0|155|||2||||||||||||52UZPE01152001T38MT01EBS001H018352UZPE01152001T38MT01EBS001H0183F0183|52UZPE01152001T38MT01EBS001H018352UZPE01152001T38MT01EBS001H0183F0183CC69022833
3|444|LUIS|JAVIER|ORTIZ|NOTIENE|CC|5197607|1936-07-20|1|2|6|9998|3|1||3|07|||8|67.0|158|||2||||||||||||52UZPE01152001T38MT01EBS001H018452UZPE01152001T38MT01EBS001H0184F0184|52UZPE01152001T38MT01EBS001H018452UZPE01152001T38MT01EBS001H0184F0184CC5197607
3|445|INGRID|MARIBEL|ORTIZ|NOTIENE|CC|30741552|1966-05-01|2|2|6|9998|3|1||7|07|||8|73.0|145|||2||||||||||||52UZPE01152001T38MT01EBS001H018452UZPE01152001T38MT01EBS001H0184F0184|52UZPE01152001T38MT01EBS001H018452UZPE01152001T38MT01EBS001H0184F0184CC30741552
3|446|IBAN|ESTEBAN|VENEGAS|ORDONEZ|RC|1080073353|2023-01-04|1|2|6|9998|3|1||8|07|||8|||||2||||||||||||52UZPE01152001T38MT01EBS001H018552UZPE01152001T38MT01EBS001H0185F0185|52UZPE01152001T38MT01EBS001H018552UZPE01152001T38MT01EBS001H0185F0185RC1080073353
3|447|NANCY|RUBIELA|ORDONEZ|NOTIENE|CC|30741329|1968-07-03|2|2|6|9510|3|1||7|07|||8|50.0|145|||2||||||||||||52UZPE01152001T38MT01EBS001H018552UZPE01152001T38MT01EBS001H0185F0185|52UZPE01152001T38MT01EBS001H018552UZPE01152001T38MT01EBS001H0185F0185CC30741329
3|448|ANGIE|DANIELA|VENEGAS|ORDONEZ|CC|1080044863|2005-09-28|2|2|6|9998|3|1||7|07|||8|53.0|152|||2||||||||||||52UZPE01152001T38MT01EBS001H018552UZPE01152001T38MT01EBS001H0185F0185|52UZPE01152001T38MT01EBS001H018552UZPE01152001T38MT01EBS001H0185F0185CC1080044863
3|449|JOSE|ALIRIO|GUERRERO|NOAPLICA|CC|12979212|1962-11-20|1|2|6|9510|3|1||3|07|||8|70.0|165|||2||||||||||||52UZPE01152001T38MT01EBS001H018652UZPE01152001T38MT01EBS001H0186F0186|52UZPE01152001T38MT01EBS001H018652UZPE01152001T38MT01EBS001H0186F0186CC12979212
3|450|WILSON|FABIAN|GUERRERO|GUERRERO|CC|1085329776|1996-07-09|1|2|6|9510|3|1||7|07|||8|64.0|164|||2||||||||||||52UZPE01152001T38MT01EBS001H018652UZPE01152001T38MT01EBS001H0186F0186|52UZPE01152001T38MT01EBS001H018652UZPE01152001T38MT01EBS001H0186F0186CC1085329776
3|451|LEIDY|MILENA|GUERRERO|GUERRERO|CC|1985838968|1998-02-09|2|2|6|9510|3|1||7|07|||8|49.0|155|||2||||||||||||52UZPE01152001T38MT01EBS001H018652UZPE01152001T38MT01EBS001H0186F0186|52UZPE01152001T38MT01EBS001H018652UZPE01152001T38MT01EBS001H0186F0186CC1985838968
3|452|NURY|PATRICIA|GUERRERO|TUTALCHA|CC|27210542|1965-01-10|2|2|6|9998|3|1||7|07|||8|57.0|153|||2||||||||||||52UZPE01152001T38MT01EBS001H018652UZPE01152001T38MT01EBS001H0186F0186|52UZPE01152001T38MT01EBS001H018652UZPE01152001T38MT01EBS001H0186F0186CC27210542
3|453|ZULY|TATIANA|ECHEVERRIA|ANDRADE|CC|1085281172|1985-06-05|2|2|6|9510|3|1||7|07|||8|11.0|160|||2||||||||||||52UZPE01152001T38MT01EBS001H018752UZPE01152001T38MT01EBS001H0187F0187|52UZPE01152001T38MT01EBS001H018752UZPE01152001T38MT01EBS001H0187F0187CC1085281172
3|454|LIZBETH|TATIANA|TORO|ECHEVERRY|CC|1080692277|2006-01-19|2|2|6|9998|3|1||7|07|||8|50.0|148|||2||||||||||||52UZPE01152001T38MT01EBS001H018752UZPE01152001T38MT01EBS001H0187F0187|52UZPE01152001T38MT01EBS001H018752UZPE01152001T38MT01EBS001H0187F0187CC1080692277
3|455|AURA|VIVIANA|LOPEZ|RUANO|CC|1085252229|1985-08-19|2|2|6|9510|3|1||7|07|||8|50.0|149|||2||||||||||||52UZPE01152001T38MT01EBS001H018852UZPE01152001T38MT01EBS001H0188F0188|52UZPE01152001T38MT01EBS001H018852UZPE01152001T38MT01EBS001H0188F0188CC1085252229
3|456|JHON|ALEJANDRO|MORA|NOTIENE|CC|1085271270|1987-06-12|1|2|6|9510|3|1||7|07|||8|55.0|167|||2||||||||||||52UZPE01152001T38MT01EBS001H018852UZPE01152001T38MT01EBS001H0188F0188|52UZPE01152001T38MT01EBS001H018852UZPE01152001T38MT01EBS001H0188F0188CC1085271270
3|457|ERICK|MAURICIO|MORA|LOPEZ|RC|1080705625|2018-09-30|1|2|6|9998|3|1||8|07|||8|16.2|102|||2||||||||||||52UZPE01152001T38MT01EBS001H018852UZPE01152001T38MT01EBS001H0188F0188|52UZPE01152001T38MT01EBS001H018852UZPE01152001T38MT01EBS001H0188F0188RC1080705625
3|458|DIEGO|FERNEY|MORA|LOPEZ|TI|1080052075|2008-05-08|1|2|6|9998|3|1||1|07|||8|52.0|167|||2||||||||||||52UZPE01152001T38MT01EBS001H018852UZPE01152001T38MT01EBS001H0188F0188|52UZPE01152001T38MT01EBS001H018852UZPE01152001T38MT01EBS001H0188F0188TI1080052075
3|459|KEVIN|ALEXANDER|BURGOS|CERON|CC|1080044231|2005-07-08|1|2|6|9998|3|1||7|07|||8|49.0|167|||2||||||||||||52UZPE01152001T38MT01EBS001H018952UZPE01152001T38MT01EBS001H0189F0189|52UZPE01152001T38MT01EBS001H018952UZPE01152001T38MT01EBS001H0189F0189CC1080044231
3|460|CRISTIAN|CAMILO|BURGOS|CERON|CC|1004255365|2001-11-07|1|2|6|9998|3|1||7|07|||8|53.0|165|||2||||||||||||52UZPE01152001T38MT01EBS001H018952UZPE01152001T38MT01EBS001H0189F0189|52UZPE01152001T38MT01EBS001H018952UZPE01152001T38MT01EBS001H0189F0189CC1004255365
3|461|HUGO|RICARDO|BURGOS|GARCIA|CC|13016449|1968-06-25|1|2|6|9510|3|1||7|07|||8|66.0|162|||2||||||||||||52UZPE01152001T38MT01EBS001H018952UZPE01152001T38MT01EBS001H0189F0189|52UZPE01152001T38MT01EBS001H018952UZPE01152001T38MT01EBS001H0189F0189CC13016449
3|462|GLADIS|DELSOCORRO|RAMOS|GUERRERO|CC|30711965|1956-08-08|2|2|6|9510|3|1||3|07|||8|44.0|140|||2||||||||||||52UZPE01152001T38MT01EBS001H019052UZPE01152001T38MT01EBS001H0190F0190|52UZPE01152001T38MT01EBS001H019052UZPE01152001T38MT01EBS001H0190F0190CC30711965
3|463|EULER|NICOLAS|HERRERA|CAMPOS|RC|103002271|2014-08-23|1|2|6|9998|3|1||8|07|||8|36.2|144|||2||||||||||||52UZPE01152001T38MT01EBS001H019152UZPE01152001T38MT01EBS001H0191F0191|52UZPE01152001T38MT01EBS001H019152UZPE01152001T38MT01EBS001H0191F0191RC103002271
3|464|OSCAR|JULIAN|HERRERA|JURADO|CC|10297954|1983-04-06|1|2|6|5169|3|2||7|07|||8|70.4|176|||2||||||||||||52UZPE01152001T38MT01EBS001H019152UZPE01152001T38MT01EBS001H0191F0191|52UZPE01152001T38MT01EBS001H019152UZPE01152001T38MT01EBS001H0191F0191CC10297954
3|465|ANGIE|KATHERINE|CAMPOS|CESPEDES|CC|27097745|1997-11-15|2|2|6|5169|3|2||7|07|||8|75.0|172|||2||||||||||||52UZPE01152001T38MT01EBS001H019152UZPE01152001T38MT01EBS001H0191F0191|52UZPE01152001T38MT01EBS001H019152UZPE01152001T38MT01EBS001H0191F0191CC27097745
3|466|ANTONIO|FRANCO|GUALMAN|CALVACHE|CC|98384772|1973-06-15|1|2|6|9999|3|1||7|07|||8|80.0|173|||2||||||||||||52UZPE01152001T38MT01EBS001H019652UZPE01152001T38MT01EBS001H0196F0196|52UZPE01152001T38MT01EBS001H019652UZPE01152001T38MT01EBS001H0196F0196CC98384772
3|467|ADRIANA|ELIZABETH|ORTEGA|NOTIENEOTROAPELLIDO|CC|2009350017|1979-10-12|2|2|6|9998|3|1||7|07|||8|68.0|155|||2||||||||||||52UZPE01152001T38MT01EBS001H019652UZPE01152001T38MT01EBS001H0196F0196|52UZPE01152001T38MT01EBS001H019652UZPE01152001T38MT01EBS001H0196F0196CC2009350017
3|468|CLARA|NOTIENEOTRONOMBRE|GUALMAN|ORTEGA|CC|1933885897|2000-08-26|2|2|6|5169|3|2||7|07|||8|80.0|173|||2||||||||||||52UZPE01152001T38MT01EBS001H019652UZPE01152001T38MT01EBS001H0196F0196|52UZPE01152001T38MT01EBS001H019652UZPE01152001T38MT01EBS001H0196F0196CC1933885897
3|469|DANIELA|JULIETT|GUERRERO|MICANQUER|CC|1233189082|1997-04-07|2|2|6|5169|3|1||7|07|||8|62.0|157|||2||||||||||||52UZPE01152001T38MT01EBS001H019752UZPE01152001T38MT01EBS001H0197F0197|52UZPE01152001T38MT01EBS001H019752UZPE01152001T38MT01EBS001H0197F0197CC1233189082
3|470|JAIRO|DANIEL|ZAMBRANO|VALLEJO|CC|1085318483|1995-02-05|1|2|6|9999|3|2||7|07|||8|50.0|155|||2||||||||||||52UZPE01152001T38MT01EBS001H019752UZPE01152001T38MT01EBS001H0197F0197|52UZPE01152001T38MT01EBS001H019752UZPE01152001T38MT01EBS001H0197F0197CC1085318483
3|471|IAN|DANIEL|ZAMBRANO|GUERRERO|RC|1080074428|2024-03-01|1|2|6|9998|3|1||8|07|||8|||||2||||||||||||52UZPE01152001T38MT01EBS001H019752UZPE01152001T38MT01EBS001H0197F0197|52UZPE01152001T38MT01EBS001H019752UZPE01152001T38MT01EBS001H0197F0197RC1080074428
3|472|GLORIA|EUGENIA|VALLEJO|PORTILLA|CC|59815787|1970-02-01|2|2|6|9998|3|2||7|07|||8|62.0|158|||2||||||||||||52UZPE01152001T38MT01EBS001H019952UZPE01152001T38MT01EBS001H0199F0199|52UZPE01152001T38MT01EBS001H019952UZPE01152001T38MT01EBS001H0199F0199CC59815787
3|473|GLORIA|NA|ERASO|ROSERO|CC|30727624|1963-05-20|2|2|6|9999|3|2||3|07|||8|61.5|145|||2||||||||||||52UZPE01152001T38MT01EBS001H020052UZPE01152001T38MT01EBS001H0200F0200|52UZPE01152001T38MT01EBS001H020052UZPE01152001T38MT01EBS001H0200F0200CC30727624
3|474|DERECK|SANTIAGO|PORTILA|MENA|RC|1081066080|2019-08-30|1|2|6|9998|3|1||8|07|||8|||||2||||||||||||52UZPE01152001T38MT01EBS001H020252UZPE01152001T38MT01EBS001H0202F0202|52UZPE01152001T38MT01EBS001H020252UZPE01152001T38MT01EBS001H0202F0202RC1081066080
3|475|GAEL|DAVID|PORTILLA|MENA|RC|1081068723|2024-05-21|1|2|6|9998|3|1||8|07|||8|||||2||||||||||||52UZPE01152001T38MT01EBS001H020252UZPE01152001T38MT01EBS001H0202F0202|52UZPE01152001T38MT01EBS001H020252UZPE01152001T38MT01EBS001H0202F0202RC1081068723
3|476|KEILA|MELISA|ROSERO|MENA|TI|1081060267|2013-04-20|2|2|6|9998|3|1||8|07|||8|36.0|150|||2||||||||||||52UZPE01152001T38MT01EBS001H020252UZPE01152001T38MT01EBS001H0202F0202|52UZPE01152001T38MT01EBS001H020252UZPE01152001T38MT01EBS001H0202F0202TI1081060267
3|477|DIANA|LISETH|MENA|MENESES|CC|110706638|1991-01-15|2|2|6|9998|3|1||7|07|||8|70.0|163|||2||||||||||||52UZPE01152001T38MT01EBS001H020252UZPE01152001T38MT01EBS001H0202F0202|52UZPE01152001T38MT01EBS001H020252UZPE01152001T38MT01EBS001H0202F0202CC110706638
3|478|AYDA|SOFIA|RODRIGUEZ|LOPEZ|CC|59825282|1966-12-02|2|2|6|9998|3|1||7|07|||8|66.0|153|||2||||||||||||52UZPE01152001T38MT01EBS001H020352UZPE01152001T38MT01EBS001H0203F0203|52UZPE01152001T38MT01EBS001H020352UZPE01152001T38MT01EBS001H0203F0203CC59825282
3|479|ALMA|DELCARMEN|RODRIGUEZ|LOPEZ|CC|52692416|1971-12-10|2|2|6|9998|3|2||7|07|||8|62.0|152|||2||||||||||||52UZPE01152001T38MT01EBS001H020352UZPE01152001T38MT01EBS001H0203F0203|52UZPE01152001T38MT01EBS001H020352UZPE01152001T38MT01EBS001H0203F0203CC52692416
3|480|JUAN|MANUEL|INSUASTY|BASTIDAS|TI|1081060954|2014-01-17|1|2|6|9998|3|2||8|07|||8|35.0|131|||2||||||||||||52UZPE01152001T38MT01EBS001H020452UZPE01152001T38MT01EBS001H0204F0204|52UZPE01152001T38MT01EBS001H020452UZPE01152001T38MT01EBS001H0204F0204TI1081060954
3|481|LUISA|MARIA|PEREZ|BASTIDAS|RC|1081067694|2022-01-23|2|2|6|9998|3|2||8|07|||8|||||2||||||||||||52UZPE01152001T38MT01EBS001H020452UZPE01152001T38MT01EBS001H0204F0204|52UZPE01152001T38MT01EBS001H020452UZPE01152001T38MT01EBS001H0204F0204RC1081067694
3|482|GUSTAVO|ALEJANDRO|PEREZ|PEREZ|CC|1085271191|1989-01-19|1|2|6|5169|3|2||7|07|||8|80.0|175|||2||||||||||||52UZPE01152001T38MT01EBS001H020452UZPE01152001T38MT01EBS001H0204F0204|52UZPE01152001T38MT01EBS001H020452UZPE01152001T38MT01EBS001H0204F0204CC1085271191
3|483|ANGELA|MARIA|BASTIDAS|CASTRILLON|CC|1085298180|1993-07-13|2|2|6|5169|3|2||7|07|||8|66.0|154|||2||||||||||||52UZPE01152001T38MT01EBS001H020452UZPE01152001T38MT01EBS001H0204F0204|52UZPE01152001T38MT01EBS001H020452UZPE01152001T38MT01EBS001H0204F0204CC1085298180
3|484|FRANCISCO|NN|MADRONERO|YANDAR|CC|12996564|1968-08-18|1|2|6|9510|3|1||7|07|||8|70.0|173|||2||||||||||||52UZPE01152001T38MT01EBS001H020552UZPE01152001T38MT01EBS001H0205F0205|52UZPE01152001T38MT01EBS001H020552UZPE01152001T38MT01EBS001H0205F0205CC12996564
3|485|MARLENY|DELROSARIO|AITE|CONSTAIN|CC|59813664|1971-02-07|2|2|6|9998|3|1||7|07|||8|54.0|150|||2||||||||||||52UZPE01152001T38MT01EBS001H020552UZPE01152001T38MT01EBS001H0205F0205|52UZPE01152001T38MT01EBS001H020552UZPE01152001T38MT01EBS001H0205F0205CC59813664
3|486|HUGO|ALIRIO|BURGOS|POSSO|CC|1085266801|1988-08-07|1|2|6|5169|3|2||7|07|||8|61.0|157|||2||||||||||||52UZPE01152001T38MT01EBS001H020752UZPE01152001T38MT01EBS001H0207F0207|52UZPE01152001T38MT01EBS001H020752UZPE01152001T38MT01EBS001H0207F0207CC1085266801
3|487|NICOLAS|GEOVANY|BURGOS|ERAZO|TI|1080059464|2011-08-22|1|2|6|9998|3|2||1|07|||8|49.0|156|||2||||||||||||52UZPE01152001T38MT01EBS001H020752UZPE01152001T38MT01EBS001H0207F0207|52UZPE01152001T38MT01EBS001H020752UZPE01152001T38MT01EBS001H0207F0207TI1080059464
3|488|DORIS|DELCARMEN|LOPEZ|RODRIGUEZ|CC|36756064|1981-07-25|2|2|6|9510|3|1||7|07|||8|60.0|155|||2||||||||||||52UZPE01152001T38MT01EBS001H021152UZPE01152001T38MT01EBS001H0211F0211|52UZPE01152001T38MT01EBS001H021152UZPE01152001T38MT01EBS001H0211F0211CC36756064
3|489|MARTHA|CECILIA|RODRUGUEZ|ROSERO|CC|27547426|1951-04-12|2|2|6|9998|3|1||3|07|||8|53.0|152|||2||||||||||||52UZPE01152001T38MT01EBS001H021152UZPE01152001T38MT01EBS001H0211F0211|52UZPE01152001T38MT01EBS001H021152UZPE01152001T38MT01EBS001H0211F0211CC27547426
3|490|ROSA|ISABEL|BOTINA|VANEGAS|CC|30706650|1952-10-22|2|2|6|9998|3|2||3|07|||8|62.0|153|||2||||||||||||52UZPE01152001T38MT01EBS001H021252UZPE01152001T38MT01EBS001H0212F0212|52UZPE01152001T38MT01EBS001H021252UZPE01152001T38MT01EBS001H0212F0212CC30706650
3|491|IVANA|VALENTINA|ENRRIQUEZ|NARVAEZ|CC|1233193601|1999-04-04|2|2|6|9998|3|1||7|07|||8|60.0|158|||2||||||||||||52UZPE01152001T38MT01EBS001H021252UZPE01152001T38MT01EBS001H0212F0212|52UZPE01152001T38MT01EBS001H021252UZPE01152001T38MT01EBS001H0212F0212CC1233193601
3|492|MARTHA|ISABEL|PERAFAN|BOTINA|CC|59823144|1973-02-23|2|2|6|9998|3|1||7|07|||8|72.0|163|||2||||||||||||52UZPE01152001T38MT01EBS001H021252UZPE01152001T38MT01EBS001H0212F0212|52UZPE01152001T38MT01EBS001H021252UZPE01152001T38MT01EBS001H0212F0212CC59823144
3|493|MARIA|SOCORRO|URBINA|URBINA|CC|27480255|1952-04-17|2|2|6|9510|3|1||3|07|||8|68.0|152|||2||||||||||||52UZPE01152001T38MT01EBS001H021352UZPE01152001T38MT01EBS001H0213F0213|52UZPE01152001T38MT01EBS001H021352UZPE01152001T38MT01EBS001H0213F0213CC27480255
3|494|FABIO|HERNANDO|DELGADO|CAMUES|CC|98384067|1971-04-23|1|2|6|9510|3|1||7|07|||8|52.0|165|||2||||||||||||52UZPE01152001T38MT01EBS001H021652UZPE01152001T38MT01EBS001H0216F0216|52UZPE01152001T38MT01EBS001H021652UZPE01152001T38MT01EBS001H0216F0216CC98384067
3|495|ELIENI|JULIETH|MEDINA|DELGADO|CC|59835301|1976-06-13|2|2|6|9998|3|1||7|07|||8|88.0|160|||2||||||||||||52UZPE01152001T38MT01EBS001H021652UZPE01152001T38MT01EBS001H0216F0216|52UZPE01152001T38MT01EBS001H021652UZPE01152001T38MT01EBS001H0216F0216CC59835301
3|496|DIEGO|ALEXANDER|DELGADO|MEDINA|CC|1081052296|2003-12-11|1|2|6|9510|3|1||7|07|||8|67.0|176|||2||||||||||||52UZPE01152001T38MT01EBS001H021652UZPE01152001T38MT01EBS001H0216F0216|52UZPE01152001T38MT01EBS001H021652UZPE01152001T38MT01EBS001H0216F0216CC1081052296
3|497|JESUS|FABIAN|DEGADO|MEDINA|CC|1193469122|2001-05-07|1|2|6|9510|3|1||7|07|||8|62.0|169|||2||||||||||||52UZPE01152001T38MT01EBS001H021652UZPE01152001T38MT01EBS001H0216F0216|52UZPE01152001T38MT01EBS001H021652UZPE01152001T38MT01EBS001H0216F0216CC1193469122
3|498|VALERY|ZARAY|VALLEJO|MORA|TI|1080064310|2015-03-11|2|2|6|9998|3|2||8|07|||8|30.0|127|||2||||||||||||52UZPE01152001T38MT01EBS001H021752UZPE01152001T38MT01EBS001H0217F0217|52UZPE01152001T38MT01EBS001H021752UZPE01152001T38MT01EBS001H0217F0217TI1080064310
3|499|DANIELA|NOTIENE|MORA|PARRA|CC|100421442|2000-05-29|2|2|6|5169|3|2||7|07|||8|48.0|150|||2||||||||||||52UZPE01152001T38MT01EBS001H021752UZPE01152001T38MT01EBS001H0217F0217|52UZPE01152001T38MT01EBS001H021752UZPE01152001T38MT01EBS001H0217F0217CC100421442
3|500|GAEL|ALEJANDRO|MONTOYA|CEPEDA|RC|10810661013|2019-09-06|1|2|6|9998|3|1||8|07|||8|||||2||||||||||||52UZPE01152001T38MT01EBS001H021852UZPE01152001T38MT01EBS001H0218F0218|52UZPE01152001T38MT01EBS001H021852UZPE01152001T38MT01EBS001H0218F0218RC10810661013
3|501|EIKON|ALEXANDER|ANGULO|CEPEDA|TI|1081058563|2011-03-26|1|2|6|9998|3|1||1|07|||8|55.0|156|||2||||||||||||52UZPE01152001T38MT01EBS001H021852UZPE01152001T38MT01EBS001H0218F0218|52UZPE01152001T38MT01EBS001H021852UZPE01152001T38MT01EBS001H0218F0218TI1081058563
3|502|JEIMY|ALEXANDRA|CEPEDA|ORDONEZ|CC|1085284|1990-09-12|2|2|6|9510|3|2||7|07|||8|54.0|142|||2||||||||||||52UZPE01152001T38MT01EBS001H021852UZPE01152001T38MT01EBS001H0218F0218|52UZPE01152001T38MT01EBS001H021852UZPE01152001T38MT01EBS001H0218F0218CC1085284
3|503|AURA|ISABEL|TORO|NA|CC|30714051|1953-07-03|2|2|6|9998|3|1||3|07|||8|74.3|153|||2||||||||||||52UZPE01152001T38MT01EBS001H022152UZPE01152001T38MT01EBS001H0221F0221|52UZPE01152001T38MT01EBS001H022152UZPE01152001T38MT01EBS001H0221F0221CC30714051
3|504|GLORIA|DELSOCORRO|ARANDA|CEGAVIA|CC|30736807|1967-01-24|2|2|6|9510|3|1||7|07|||8|75.0|160|||2||||||||||||52UZPE01152001T38MT01EBS001H022752UZPE01152001T38MT01EBS001H0227F0227|52UZPE01152001T38MT01EBS001H022752UZPE01152001T38MT01EBS001H0227F0227CC30736807
3|505|INGRIH|JULIETH|ARANDA|SEGOVIANO|CC|1233194006|1999-08-03|2|2|6|9998|3|1||7|07|||8|60.0|157|||2||||||||||||52UZPE01152001T38MT01EBS001H022752UZPE01152001T38MT01EBS001H0227F0227|52UZPE01152001T38MT01EBS001H022752UZPE01152001T38MT01EBS001H0227F0227CC1233194006
3|506|EMANUEL|ALEXANDER|BURGOS|MARTINEZ|RC|1080709538|2021-02-07|1|2|6|9998|3|2||8|07|||8|||||2||||||||||||52UZPE01152001T38MT01EBS001H022952UZPE01152001T38MT01EBS001H0229F0229|52UZPE01152001T38MT01EBS001H022952UZPE01152001T38MT01EBS001H0229F0229RC1080709538
3|507|SILVANA|PATRICIA|MARTINEZ|BENAVIDES|CC|108210457|1988-12-13|2|2|6|9510|3|2||7|07|||8|65.0|152|||2||||||||||||52UZPE01152001T38MT01EBS001H022952UZPE01152001T38MT01EBS001H0229F0229|52UZPE01152001T38MT01EBS001H022952UZPE01152001T38MT01EBS001H0229F0229CC108210457
3|508|LUIS|FRANSISCO|ALVARES|TREJO|CC|1085323749|1995-10-05|1|2|6|9510|3|1||7|07|||8|65.0|165|||2||||||||||||52UZPE01152001T38MT01EBS001H023052UZPE01152001T38MT01EBS001H0230F0230|52UZPE01152001T38MT01EBS001H023052UZPE01152001T38MT01EBS001H0230F0230CC1085323749
3|509|MARIANA|CAMILA|ALVARES|BURGOS|RC|108074316|2017-10-17|2|2|6|9998|3|1||8|07|||8|20.0|120|||2||||||||||||52UZPE01152001T38MT01EBS001H023052UZPE01152001T38MT01EBS001H0230F0230|52UZPE01152001T38MT01EBS001H023052UZPE01152001T38MT01EBS001H0230F0230RC108074316
3|510|ANGIE|PAOLA|BURGOS|BOTINA|CC|1233192128|1998-09-05|2|2|6|9510|3|1||7|07|||8|67.0|152|||2||||||||||||52UZPE01152001T38MT01EBS001H023052UZPE01152001T38MT01EBS001H0230F0230|52UZPE01152001T38MT01EBS001H023052UZPE01152001T38MT01EBS001H0230F0230CC1233192128
3|511|ERNAN|ORLANDO|BURGOS|SACANAMBUY|CC|98390418|1975-05-17|1|2|6|9510|3|1||7|07|||8|75.0|170|||2||||||||||||52UZPE01152001T38MT01EBS001H023152UZPE01152001T38MT01EBS001H0231F0231|52UZPE01152001T38MT01EBS001H023152UZPE01152001T38MT01EBS001H0231F0231CC98390418
3|512|AMANDA|NURI|BOTINA|CERON|CC|30731120|1964-07-06|2|2|6|9998|3|1||3|07|||8|62.0|150|||2||||||||||||52UZPE01152001T38MT01EBS001H023152UZPE01152001T38MT01EBS001H0231F0231|52UZPE01152001T38MT01EBS001H023152UZPE01152001T38MT01EBS001H0231F0231CC30731120
3|513|DIANA|FERNANDA|MADRONERO|GONZALES|CC|1085332294|1996-11-06|2|2|6|9998|3|1||7|07|||8|96.0|170|||2||||||||||||52UZPE01152001T38MT01EBS001H023252UZPE01152001T38MT01EBS001H0232F0232|52UZPE01152001T38MT01EBS001H023252UZPE01152001T38MT01EBS001H0232F0232CC1085332294
3|514|FABIAN|ORLANDO|MUNOZ|PADILLA|CC|1085296864|1992-01-25|1|2|6|9510|3|1||7|07|||8|80.0|179|||2||||||||||||52UZPE01152001T38MT01EBS001H023252UZPE01152001T38MT01EBS001H0232F0232|52UZPE01152001T38MT01EBS001H023252UZPE01152001T38MT01EBS001H0232F0232CC1085296864
3|515|VALERI|SALOME|MUNOZ|MADRONERO|RC|1081288203|2021-02-14|2|2|6|9998|3|1||8|07|||8|||||2||||||||||||52UZPE01152001T38MT01EBS001H023252UZPE01152001T38MT01EBS001H0232F0232|52UZPE01152001T38MT01EBS001H023252UZPE01152001T38MT01EBS001H0232F0232RC1081288203
3|516|EMILY|LUCIANA|MUNOZ|MADRONERO|RC|1080710112|2022-08-26|2|2|6|9998|3|1||8|07|||8|||||2||||||||||||52UZPE01152001T38MT01EBS001H023252UZPE01152001T38MT01EBS001H0232F0232|52UZPE01152001T38MT01EBS001H023252UZPE01152001T38MT01EBS001H0232F0232RC1080710112
3|517|LIDIA|FILOMENA|MUNOZ|ENRRIQUE|CC|30746631|1957-05-05|2|2|6|9998|3|1||3|07|||8|55.0|150|||2||||||||||||52UZPE01152001T38MT01EBS001H023352UZPE01152001T38MT01EBS001H0233F0233|52UZPE01152001T38MT01EBS001H023352UZPE01152001T38MT01EBS001H0233F0233CC30746631
3|518|HUMBERTO|ARMANDO|BENAVIDES|RODRIGUEZ|CC|12973591|1956-09-11|1|2|6|9510|3|1||3|07|||8|61.0|157|||2||||||||||||52UZPE01152001T38MT01EBS001H023352UZPE01152001T38MT01EBS001H0233F0233|52UZPE01152001T38MT01EBS001H023352UZPE01152001T38MT01EBS001H0233F0233CC12973591
3|519|ROSA|ALBINA|PAZ|NOTIENE|CC|274422287|1966-06-22|2|2|6|9998|3|1||7|07|||8|56.0|150|||2||||||||||||52UZPE01152001T38MT01EBS001H023452UZPE01152001T38MT01EBS001H0234F0234|52UZPE01152001T38MT01EBS001H023452UZPE01152001T38MT01EBS001H0234F0234CC274422287
3|520|GERMAN|ALBERTO|CHAMORRO|MIDEROS|CC|1299394|1968-06-16|1|2|6|9510|3|1||7|07|||8|70.0|155|||2||||||||||||52UZPE01152001T38MT01EBS001H024052UZPE01152001T38MT01EBS001H0240F0240|52UZPE01152001T38MT01EBS001H024052UZPE01152001T38MT01EBS001H0240F0240CC1299394
3|521|SHARLOTSHIRLY|DANIELA|OJEDA|ROSERO|CC|1085245023|2003-10-21|2|2|6|9510|3|1||7|07|||8|60.0|160|||2||||||||||||52UZPE01152001T38MT01EBS001H024152UZPE01152001T38MT01EBS001H0241F0241|52UZPE01152001T38MT01EBS001H024152UZPE01152001T38MT01EBS001H0241F0241CC1085245023
3|522|JUSTIN|DANIEL|VIVEROS|OJEDA|RC|1080708650|2021-03-29|1|2|6|9998|3|1||8|07|||8|||||2||||||||||||52UZPE01152001T38MT01EBS001H024152UZPE01152001T38MT01EBS001H0241F0241|52UZPE01152001T38MT01EBS001H024152UZPE01152001T38MT01EBS001H0241F0241RC1080708650
3|523|LUZ|MERY|PINTA|LOPEZ|CC|27084343|1960-03-23|2|2|6|9510|3|2||3|07|||8|67.0|152|||2||||||||||||52UZPE01152001T38MT01EBS001H024252UZPE01152001T38MT01EBS001H0242F0242|52UZPE01152001T38MT01EBS001H024252UZPE01152001T38MT01EBS001H0242F0242CC27084343
3|524|ROBERTO|NOTIENE|MORA|NOTIENE|CC|12953876|1950-01-20|1|2|6|9510|3|2||3|07|||8|67.0|165|||2||||||||||||52UZPE01152001T38MT01EBS001H024252UZPE01152001T38MT01EBS001H0242F0242|52UZPE01152001T38MT01EBS001H024252UZPE01152001T38MT01EBS001H0242F0242CC12953876
3|525|CARMEN|NOTIENE|LOPEZDE|PINTA|CC|27083898|1935-12-31|2|2|6|9998|3|1||3|07|||8|60.0|154|||2||||||||||||52UZPE01152001T38MT01EBS001H024252UZPE01152001T38MT01EBS001H0242F0242|52UZPE01152001T38MT01EBS001H024252UZPE01152001T38MT01EBS001H0242F0242CC27083898
3|526|DORA|INES|FIGUEROA|RAMIREZ|CC|307393664|1967-10-07|2|2|6|9510|3|1||7|07|||8|85.0|155|||2||||||||||||52UZPE01152001T38MT01EBS001H024452UZPE01152001T38MT01EBS001H0244F0244|52UZPE01152001T38MT01EBS001H024452UZPE01152001T38MT01EBS001H0244F0244CC307393664
3|527|MARIA|MARTHA|BERNAL|TELLO|CC|27235044|1970-09-25|2|2|6|9998|3|1||7|07|||8|74.7|155|||2||||||||||||52UZPE01152001T38MT01EBS001H024352UZPE01152001T38MT01EBS001H0243F0243|52UZPE01152001T38MT01EBS001H024352UZPE01152001T38MT01EBS001H0243F0243CC27235044
3|528|GLORIADEL|ROSIO|ROSER|NOTIENE|CC|30726522|1963-11-21|2|2|6|9998|3|1||3|07|||8|73.0|145|||2||||||||||||52UZPE01152001T38MT01EBS001H024852UZPE01152001T38MT01EBS001H0248F0248|52UZPE01152001T38MT01EBS001H024852UZPE01152001T38MT01EBS001H0248F0248CC30726522
3|529|CLAUDIA|LORENA|BUESAQUILLO|YANGUATIN|CC|59313414|1984-08-12|2|2|6|9510|3|1||7|07|||8|60.0|160|||2||||||||||||52UZPE01152001T38MT01EBS001H025052UZPE01152001T38MT01EBS001H0250F0250|52UZPE01152001T38MT01EBS001H025052UZPE01152001T38MT01EBS001H0250F0250CC59313414
3|530|SOCORRO|DELTRANCITO|YANGUATIN|ROSERO|CC|30708957|1957-08-12|2|2|6|9998|3|1||3|07|||8|82.0|152|||2||||||||||||52UZPE01152001T38MT01EBS001H025052UZPE01152001T38MT01EBS001H0250F0250|52UZPE01152001T38MT01EBS001H025052UZPE01152001T38MT01EBS001H0250F0250CC30708957
3|531|VANESSA|NATALI|ARMERO|GUACA|CC|1004189935|1992-04-13|2|2|6|9510|3|1||7|07|||8|82.0|160|||2||||||||||||52UZPE01152001T38MT01EBS001H025552UZPE01152001T38MT01EBS001H0255F0255|52UZPE01152001T38MT01EBS001H025552UZPE01152001T38MT01EBS001H0255F0255CC1004189935
3|532|MARIA|AMANDA|URREGO|MORERA|CC|20748896|1958-10-07|2|2|6|9998|3|1||3|07|||8|59.0|140|||2||||||||||||52UZPE01152001T38MT04EBS001H025752UZPE01152001T38MT04EBS001H0257F0257|52UZPE01152001T38MT04EBS001H025752UZPE01152001T38MT04EBS001H0257F0257CC20748896
3|533|SAMANATA|SOFIA|MORA|LUCERO|CC|1080044607|2005-08-25|2|2|6|9998|3|1||7|07|||8|72.0|163|||2||||||||||||52UZPE01152001T38MT04EBS001H025852UZPE01152001T38MT04EBS001H0258F0258|52UZPE01152001T38MT04EBS001H025852UZPE01152001T38MT04EBS001H0258F0258CC1080044607
3|534|ELIZABET|JHOANA|LUCERO|BENAVIDES|CC|37087193|1984-11-23|2|2|6|9510|3|1||7|07|||8|62.0|160|||2||||||||||||52UZPE01152001T38MT04EBS001H025852UZPE01152001T38MT04EBS001H0258F0258|52UZPE01152001T38MT04EBS001H025852UZPE01152001T38MT04EBS001H0258F0258CC37087193
3|535|EDILMA|DELROCIO|PINTA|CANAR|CC|36952800|1981-04-27|2|2|6|9622|3|1||7|07|||8|65.0|160|||2||||||||||||52UZPE01152001T38MT04EBS001H025952UZPE01152001T38MT04EBS001H0259F0259|52UZPE01152001T38MT04EBS001H025952UZPE01152001T38MT04EBS001H0259F0259CC36952800
3|536|VICTOR|NOAPLICA|PINTA|ITALIANO|CC|12978089|1959-08-18|1|2|6|9622|3|1||3|07|||8|73.0|163|||2||||||||||||52UZPE01152001T38MT04EBS001H025952UZPE01152001T38MT04EBS001H0259F0259|52UZPE01152001T38MT04EBS001H025952UZPE01152001T38MT04EBS001H0259F0259CC12978089
3|537|MARIA|MERCEDES|CANAR|NOAPLICA|CC|30741795|1963-05-10|2|2|6|9622|3|1||3|07|||8|70.0|158|||2||||||||||||52UZPE01152001T38MT04EBS001H025952UZPE01152001T38MT04EBS001H0259F0259|52UZPE01152001T38MT04EBS001H025952UZPE01152001T38MT04EBS001H0259F0259CC30741795
3|538|GENRRI|MARTIN|GALLARDO|PANTOJA|CC|98388798|1973-11-21|1|2|6|9510|3|1||7|07|||8|94.0|173|||2||||||||||||52UZPE01152001T38MT04EBS001H026052UZPE01152001T38MT04EBS001H0260F0260|52UZPE01152001T38MT04EBS001H026052UZPE01152001T38MT04EBS001H0260F0260CC98388798
3|539|IRENE|NOTIENE|SATURIA|GRANDA|CC|30724952|1961-06-19|2|2|6|9510|3|2||3|07|||8|68.0|161|||2||||||||||||52UZPE01152001T38MT04EBS001H026152UZPE01152001T38MT04EBS001H0261F0261|52UZPE01152001T38MT04EBS001H026152UZPE01152001T38MT04EBS001H0261F0261CC30724952
3|540|FRANSISCO|NOTIENE|ROSERO|YELA|CC|12970288|1956-12-21|1|2|6|9998|3|2||3|07|||8|68.0|161|||2||||||||||||52UZPE01152001T38MT04EBS001H026152UZPE01152001T38MT04EBS001H0261F0261|52UZPE01152001T38MT04EBS001H026152UZPE01152001T38MT04EBS001H0261F0261CC12970288
3|541|ALICIADEL|ROSIO|MORENO|NOTIENE|CC|30732107|1960-09-17|2|2|6|9998|3|1||3|07|||8|50.0|156|||2||||||||||||52UZPE01152001T38MT01EBS001H026552UZPE01152001T38MT01EBS001H0265F0265|52UZPE01152001T38MT01EBS001H026552UZPE01152001T38MT01EBS001H0265F0265CC30732107
3|542|LEIDY|CAMILA|MORA|BURBANO|CC|1085339936|1998-06-02|2|2|6|5169|3|2||7|07|||8|54.0|158|||2||||||||||||52UZPE01152001T38MT01EBS001H026652UZPE01152001T38MT01EBS001H0266F0266|52UZPE01152001T38MT01EBS001H026652UZPE01152001T38MT01EBS001H0266F0266CC1085339936
3|543|ELIZABETHDEL|PILAR|BURBANO|NOTIENE|CC|59825678|1967-01-20|2|2|6|9510|3|1||7|07|||8|70.0|160|||2||||||||||||52UZPE01152001T38MT01EBS001H026652UZPE01152001T38MT01EBS001H0266F0266|52UZPE01152001T38MT01EBS001H026652UZPE01152001T38MT01EBS001H0266F0266CC59825678
3|544|GINNA|VANESSA|URBANO|DELGADO|CC|1085347719|1999-11-28|2|2|6|9998|3|2||7|07|||8|63.0|155|||2||||||||||||52UZPE01152001T38MT01EBS001H026752UZPE01152001T38MT01EBS001H0267F0267|52UZPE01152001T38MT01EBS001H026752UZPE01152001T38MT01EBS001H0267F0267CC1085347719
3|545|ERWIN|LEONARDO|PECILLO|OBANDO|CC|87067190|1984-10-16|1|2|6|9998|3|1||7|07|||8|56.0|165|||2||||||||||||52UZPE01152001T38MT01EBS001H027052UZPE01152001T38MT01EBS001H0270F0270|52UZPE01152001T38MT01EBS001H027052UZPE01152001T38MT01EBS001H0270F0270CC87067190
3|546|SOCORRO|FATIMA|OBANDO|LOPEZ|CC|27399790|1957-03-24|2|2|6|9998|3|1||3|07|||8|66.0|162|||2||||||||||||52UZPE01152001T38MT01EBS001H027052UZPE01152001T38MT01EBS001H0270F0270|52UZPE01152001T38MT01EBS001H027052UZPE01152001T38MT01EBS001H0270F0270CC27399790
3|547|GLADIS|PRAXEDES|BOTINA|GUZMAN|CC|36754257|1985-11-14|2|2|6|9998|3|2||7|07|||8|74.0|155|||2||||||||||||52UZPE01152001T38MT01EBS001H027152UZPE01152001T38MT01EBS001H0271F0271|52UZPE01152001T38MT01EBS001H027152UZPE01152001T38MT01EBS001H0271F0271CC36754257
3|548|JHONATAN|EDWAR|SOLARTE|ROSERO|CC|1085278938|1990-02-03|1|2|6|9510|3|2||7|07|||8|70.0|178|||2||||||||||||52UZPE01152001T38MT01EBS001H027352UZPE01152001T38MT01EBS001H0273F0273|52UZPE01152001T38MT01EBS001H027352UZPE01152001T38MT01EBS001H0273F0273CC1085278938
3|549|MARIA|ROSIO|ROSER|CIFUENTES|CC|1085279424|1998-08-12|2|2|6|9510|3|2||7|07|||8|65.0|160|||2||||||||||||52UZPE01152001T38MT01EBS001H027352UZPE01152001T38MT01EBS001H0273F0273|52UZPE01152001T38MT01EBS001H027352UZPE01152001T38MT01EBS001H0273F0273CC1085279424
3|550|LAURA|SOFIA|SOLARTE|ROSERO|TI|1085303801|2011-03-29|2|2|6|9998|3|1||1|07|||8|49.0|165|||2||||||||||||52UZPE01152001T38MT01EBS001H027352UZPE01152001T38MT01EBS001H0273F0273|52UZPE01152001T38MT01EBS001H027352UZPE01152001T38MT01EBS001H0273F0273TI1085303801
3|551|SANDRA|YANET|ALZATE|SANCHEZ|CC|43618359|1980-12-28|2|2|6|9510|3|5||7|07|||8|57.0|158|||2||||||||||||52UZPE01152001T38MT04EBS001H027452UZPE01152001T38MT04EBS001H0274F0274|52UZPE01152001T38MT04EBS001H027452UZPE01152001T38MT04EBS001H0274F0274CC43618359
3|552|ANA|SOFIA|ROSERO|ALZATE|TI|1020225638|2009-11-16|2|2|6|9998|3|5||1|07|||8|56.0|162|||2||||||||||||52UZPE01152001T38MT04EBS001H027452UZPE01152001T38MT04EBS001H0274F0274|52UZPE01152001T38MT04EBS001H027452UZPE01152001T38MT04EBS001H0274F0274TI1020225638
3|553|SANDRA|CAROLA|FLORES|RIASCOS|CC|1085247771|1984-04-20|2|2|6|9510|3|1||7|07|||8|53.0|151|||2||||||||||||52UZPE01152001T38MT04EBS001H027552UZPE01152001T38MT04EBS001H0275F0275|52UZPE01152001T38MT04EBS001H027552UZPE01152001T38MT04EBS001H0275F0275CC1085247771
3|554|ERIKA|JANNETH|PORTILLA|SOLARTE|CC|1085286347|1993-05-31|2|2|6|9510|3|1||6|07|||8|54.0|160|||2||||||||||||52UZPE01152001T38MT04EBS001H027652UZPE01152001T38MT04EBS001H0276F0276|52UZPE01152001T38MT04EBS001H027652UZPE01152001T38MT04EBS001H0276F0276CC1085286347
3|555|MARIANA|ISABEL|SOLARTE|MADRONERO|CC|27307945|1962-06-18|2|2|6|9998|3|2||3|07|||8|53.0|150|||2||||||||||||52UZPE01152001T38MT04EBS001H027652UZPE01152001T38MT04EBS001H0276F0276|52UZPE01152001T38MT04EBS001H027652UZPE01152001T38MT04EBS001H0276F0276CC27307945
3|556|SEGUNDO|TOMAS|VILLAMERIN|TEQUIN|CC|12955779|1951-06-09|1|2|6|9510|3|1||3|07|||8|63.0|163|||2||||||||||||52UZPE01152001T38MT04EBS001H027752UZPE01152001T38MT04EBS001H0277F0277|52UZPE01152001T38MT04EBS001H027752UZPE01152001T38MT04EBS001H0277F0277CC12955779
3|557|LUZ|ELVIA|RODRIGUEZ|SAMORA|CC|27077187|1947-01-18|2|2|6|9998|3|2||3|07|||8|49.0|149|||2||||||||||||52UZPE01152001T38MT04EBS001H027852UZPE01152001T38MT04EBS001H0278F0278|52UZPE01152001T38MT04EBS001H027852UZPE01152001T38MT04EBS001H0278F0278CC27077187
3|558|MANUEL|ANTONIO|CABRERA|SALAZAR|CC|87714659|1973-12-19|1|2|6|9510|3|1||7|07|||8|90.0|165|||2||||||||||||52UZPE01152001T38MT04EBS001H027952UZPE01152001T38MT04EBS001H0279F0279|52UZPE01152001T38MT04EBS001H027952UZPE01152001T38MT04EBS001H0279F0279CC87714659
3|559|OLGA|MARIA|MORENO|MORA|CC|27396664|1974-02-06|2|2|6|9998|3|1||7|07|||8|60.0|158|||2||||||||||||52UZPE01152001T38MT04EBS001H027952UZPE01152001T38MT04EBS001H0279F0279|52UZPE01152001T38MT04EBS001H027952UZPE01152001T38MT04EBS001H0279F0279CC27396664
3|560|MARTA|IRENE|MAYA|PASUY|CC|36758297|1980-04-12|2|2|6|9510|3|1||7|07|||8|80.0|154|||2||||||||||||52UZPE01152001T38MT04EBS001H028052UZPE01152001T38MT04EBS001H0280F0280|52UZPE01152001T38MT04EBS001H028052UZPE01152001T38MT04EBS001H0280F0280CC36758297
3|561|SOFIA|STEFANNY|HERMOSA|MAYA|CC|1137089299|2006-04-19|2|2|6|9998|3|1||7|07|||8|55.0|161|||2||||||||||||52UZPE01152001T38MT04EBS001H028052UZPE01152001T38MT04EBS001H0280F0280|52UZPE01152001T38MT04EBS001H028052UZPE01152001T38MT04EBS001H0280F0280CC1137089299
3|562|JUAN|CARLOS|MERA|YAGUAPAZ|CC|12998146|1968-12-07|1|2|6|9622|3|1||7|07|||8|65.0|175|||2||||||||||||52UZPE01152001T38MT04EBS001H028152UZPE01152001T38MT04EBS001H0281F0281|52UZPE01152001T38MT04EBS001H028152UZPE01152001T38MT04EBS001H0281F0281CC12998146
3|563|MIRIAM|DELSOCORRO|MADRONERO|NA|CC|59823624|1973-07-12|2|2|6|9998|3|1||7|07|||8|92.0|152|||2||||||||||||52UZPE01152001T38MT04EBS001H028152UZPE01152001T38MT04EBS001H0281F0281|52UZPE01152001T38MT04EBS001H028152UZPE01152001T38MT04EBS001H0281F0281CC59823624
3|564|EMILY|GISSEL|MERA|ARIAS|RC|1030002553|2018-01-20|2|2|6|9998|3|1||8|07|||8|25.0|110|||2||||||||||||52UZPE01152001T38MT04EBS001H028152UZPE01152001T38MT04EBS001H0281F0281|52UZPE01152001T38MT04EBS001H028152UZPE01152001T38MT04EBS001H0281F0281RC1030002553
3|565|DIEGO|JESUS|HERMOSA|ERAZO|CC|94295832|1971-02-11|1|2|6|9510|3|1||7|07|||8|77.0|164|||2||||||||||||52UZPE01152001T38MT04EBS001H028252UZPE01152001T38MT04EBS001H0282F0282|52UZPE01152001T38MT04EBS001H028252UZPE01152001T38MT04EBS001H0282F0282CC94295832
3|566|EVA|MARLYN|HERMOZA|ERAZO|CC|100457458|1983-11-18|2|2|6|9998|3|1||7|07|||8|70.0|155|||2||||||||||||52UZPE01152001T38MT04EBS001H028352UZPE01152001T38MT04EBS001H0283F0283|52UZPE01152001T38MT04EBS001H028352UZPE01152001T38MT04EBS001H0283F0283CC100457458
3|567|MARIA|CERVELINA|ERAZO|VACA|CC|27322752|1939-11-07|2|2|6|9998|3|1||3|07|||8|60.0|152|||2||||||||||||52UZPE01152001T38MT04EBS001H028352UZPE01152001T38MT04EBS001H0283F0283|52UZPE01152001T38MT04EBS001H028352UZPE01152001T38MT04EBS001H0283F0283CC27322752
3|568|LUCIANO|MARCIAL|HERMOSA|ZAMBRANO|CC|5288639|1944-06-30|1|2|6|9998|3|1||3|07|||8|68.0|162|||2||||||||||||52UZPE01152001T38MT04EBS001H028352UZPE01152001T38MT04EBS001H0283F0283|52UZPE01152001T38MT04EBS001H028352UZPE01152001T38MT04EBS001H0283F0283CC5288639
3|569|ARIEL|OSWALDO|JURADO|CANAR|CC|1085267558|1988-09-02|1|2|6|9999|3|1||7|07|||8|68.0|165|||2||||||||||||52UZPE01152001T38MT04EBS001H028452UZPE01152001T38MT04EBS001H0284F0284|52UZPE01152001T38MT04EBS001H028452UZPE01152001T38MT04EBS001H0284F0284CC1085267558
3|570|SEGUNDO|GILDARDO|JURADO|NA|CC|5341945|1962-09-21|1|2|6|9510|3|1||3|07|||8|63.0|159|||2||||||||||||52UZPE01152001T38MT04EBS001H028452UZPE01152001T38MT04EBS001H0284F0284|52UZPE01152001T38MT04EBS001H028452UZPE01152001T38MT04EBS001H0284F0284CC5341945
3|571|LUZ|MARINA|CANAR|SANTACRUZ|CC|36860299|1961-01-15|2|2|6|9998|3|1||3|07|||8|55.0|152|||2||||||||||||52UZPE01152001T38MT04EBS001H028452UZPE01152001T38MT04EBS001H0284F0284|52UZPE01152001T38MT04EBS001H028452UZPE01152001T38MT04EBS001H0284F0284CC36860299
3|572|OSCAR|EDUARDO|LUMBANO|MONTENEGRO|CC|12753581|1982-11-27|1|2|6|5169|3|5||7|07|||8|42.0|160|||2||||||||||||52UZPE01152001T38MT04EBS001H028552UZPE01152001T38MT04EBS001H0285F0285|52UZPE01152001T38MT04EBS001H028552UZPE01152001T38MT04EBS001H0285F0285CC12753581
3|573|GLORIA|ESPERANZA|MONTENEGRO|RODRIGUEZ|CC|30712314|1957-01-22|2|2|6|9998|3|2||3|07|||8|68.0|157|||2||||||||||||52UZPE01152001T38MT04EBS001H028552UZPE01152001T38MT04EBS001H0285F0285|52UZPE01152001T38MT04EBS001H028552UZPE01152001T38MT04EBS001H0285F0285CC30712314
3|574|IVAN|CARLOS|ONOFRE|LOMBANA|CC|1085298731|1992-08-19|1|2|6|9510|3|1||7|07|||8|67.0|169|||2||||||||||||52UZPE01152001T38MT04EBS001H028652UZPE01152001T38MT04EBS001H0286F0286|52UZPE01152001T38MT04EBS001H028652UZPE01152001T38MT04EBS001H0286F0286CC1085298731
3|575|JOSE|EFRAIN|ARAUJO|LARA|CC|17191156|1947-05-01|1|2|6|5169|3|1||3|07|||8|79.0|160|||2||||||||||||52UZPE01152001T38MT04EBS001H028752UZPE01152001T38MT04EBS001H0287F0287|52UZPE01152001T38MT04EBS001H028752UZPE01152001T38MT04EBS001H0287F0287CC17191156
3|576|SAIRA|MELINI|SALAZAR|MONTILLA|CC|1004136219|2003-04-11|2|2|6|9510|3|1||7|07|||8|54.0|155|||2||||||||||||52UZPE01152001T38MT04EBS001H028952UZPE01152001T38MT04EBS001H0289F0289|52UZPE01152001T38MT04EBS001H028952UZPE01152001T38MT04EBS001H0289F0289CC1004136219
3|577|LUZ|MARINA|MONTLLA|NOAPLICA|CC|59815879|1971-07-24|2|2|6|9510|3|1||7|07|||8|75.0|155|||2||||||||||||52UZPE01152001T38MT04EBS001H028952UZPE01152001T38MT04EBS001H0289F0289|52UZPE01152001T38MT04EBS001H028952UZPE01152001T38MT04EBS001H0289F0289CC59815879
3|578|ORLANDO|ALFREDO|GUERRERO|ERAZO|CC|12753606|1982-01-12|1|2|6|9510|3|1||7|07|||8|70.0|172|||2||||||||||||52UZPE01152001T38MT04EBS001H029152UZPE01152001T38MT04EBS001H0291F0291|52UZPE01152001T38MT04EBS001H029152UZPE01152001T38MT04EBS001H0291F0291CC12753606
3|579|SARA|VALENTINA|GUERRERO|CHASPARIZAN|TI|1081057261|2006-08-18|2|2|6|9998|3|1||7|07|||8|55.0|150|||2||||||||||||52UZPE01152001T38MT04EBS001H029152UZPE01152001T38MT04EBS001H0291F0291|52UZPE01152001T38MT04EBS001H029152UZPE01152001T38MT04EBS001H0291F0291TI1081057261
3|580|GLORIA|NANCY|CHASPARIZAN|BETANCOURT|CC|27091084|1979-05-15|2|2|6|9998|3|1||7|07|||8|56.0|145|||2||||||||||||52UZPE01152001T38MT04EBS001H029152UZPE01152001T38MT04EBS001H0291F0291|52UZPE01152001T38MT04EBS001H029152UZPE01152001T38MT04EBS001H0291F0291CC27091084
3|581|JUVENCIO|DANIEL|PEREZ|BASTIDAS|CC|5215556|1935-02-28|1|2|6|9999|3|1||3|07|||1|45.8|163|||2||||||||||||52UZPE01152001T38MT04EBS001H029252UZPE01152001T38MT04EBS001H0292F0292|52UZPE01152001T38MT04EBS001H029252UZPE01152001T38MT04EBS001H0292F0292CC5215556
3|582|BLANCA|STELLA|PEREZ|NA|CC|30728575|1960-07-20|2|2|6|9998|3|1||3|07|||8|67.0|152|||2||||||||||||52UZPE01152001T38MT04EBS001H029252UZPE01152001T38MT04EBS001H0292F0292|52UZPE01152001T38MT04EBS001H029252UZPE01152001T38MT04EBS001H0292F0292CC30728575
3|583|ANGIE|SOFIA|ENRIQUEZ|PEREZ|CC|1085341162|1998-05-16|2|2|6|5169|3|2||7|07|||8|49.5|149|||2||||||||||||52UZPE01152001T38MT04EBS001H029252UZPE01152001T38MT04EBS001H0292F0292|52UZPE01152001T38MT04EBS001H029252UZPE01152001T38MT04EBS001H0292F0292CC1085341162
3|584|MARIA|CECILIA|PEREZ|NA|CC|30728576|1963-09-04|2|2|6|9998|3|2||3|07|||8|46.4|145|||2||||||||||||52UZPE01152001T38MT04EBS001H029352UZPE01152001T38MT04EBS001H0293F0293|52UZPE01152001T38MT04EBS001H029352UZPE01152001T38MT04EBS001H0293F0293CC30728576
3|585|MARIA|CAMILA|VILLA|GUERRERO|CC|1233189431|1997-02-22|2|2|6|5169|3|2||7|07|||8|75.0|166|||2||||||||||||52UZPE01152001T38MT04EBS001H029052UZPE01152001T38MT04EBS001H0290F0290|52UZPE01152001T38MT04EBS001H029052UZPE01152001T38MT04EBS001H0290F0290CC1233189431
3|586|SANTIAGO|ALEXANDER|CALPA|GUERRERO|CC|1080690314|2004-05-13|1|2|6|9999|3|2||7|07|||8|37.0|136|||2||||||||||||52UZPE01152001T38MT04EBS001H029052UZPE01152001T38MT04EBS001H0290F0290|52UZPE01152001T38MT04EBS001H029052UZPE01152001T38MT04EBS001H0290F0290CC1080690314
3|587|LEIDY|MARGOTH|GUERRERO|ERAZO|CC|59834062|1976-09-26|2|2|6|9998|3|2||7|07|||8|75.0|156|||2||||||||||||52UZPE01152001T38MT04EBS001H029052UZPE01152001T38MT04EBS001H0290F0290|52UZPE01152001T38MT04EBS001H029052UZPE01152001T38MT04EBS001H0290F0290CC59834062
3|588|NAYIBE|MARILIN|CHIGUANGO|MONTILLA|CC|1004542784|2002-05-17|2|2|6|5169|3|2||7|07|||8|56.0|165|||2||||||||||||52UZPE01152001T38MT04EBS001H029452UZPE01152001T38MT04EBS001H0294F0294|52UZPE01152001T38MT04EBS001H029452UZPE01152001T38MT04EBS001H0294F0294CC1004542784
3|589|DELMA|LEIDY|MONTILLA|ERAZO|CC|27488585|1987-06-10|2|2|6|9998|3|1||7|07|||8|53.0|158|||2||||||||||||52UZPE01152001T38MT04EBS001H029452UZPE01152001T38MT04EBS001H0294F0294|52UZPE01152001T38MT04EBS001H029452UZPE01152001T38MT04EBS001H0294F0294CC27488585
3|590|DEIBY|OLIVER|CHIGUANGO|MONTILLA|CC|1192832174|2000-11-22|1|2|6|9510|3|1||7|07|||8|65.0|170|||2||||||||||||52UZPE01152001T38MT04EBS001H029452UZPE01152001T38MT04EBS001H0294F0294|52UZPE01152001T38MT04EBS001H029452UZPE01152001T38MT04EBS001H0294F0294CC1192832174
3|591|MONICA|KATERINE|BOTINA|MALLA|CC|10855303936|1993-04-14|2|2|6|5169|3|2||7|07|||8|65.0|150|||2||||||||||||52UZPE01152001T38MT01EBS001H029552UZPE01152001T38MT01EBS001H0295F0295|52UZPE01152001T38MT01EBS001H029552UZPE01152001T38MT01EBS001H0295F0295CC10855303936
3|592|CRISTIAN|ALEXANDER|BASTIDAS|CATRILLON|CC|1085316819|1994-10-25|1|2|6|9998|3|2||7|07|||8|75.0|175|||2||||||||||||52UZPE01152001T38MT01EBS001H029552UZPE01152001T38MT01EBS001H0295F0295|52UZPE01152001T38MT01EBS001H029552UZPE01152001T38MT01EBS001H0295F0295CC1085316819
3|593|JUAN|JOSE|BASTIDAS|BOTINA|TI|1030021883|2012-07-13|1|2|6|9998|3|2||1|07|||8|39.0|148|||2||||||||||||52UZPE01152001T38MT01EBS001H029552UZPE01152001T38MT01EBS001H0295F0295|52UZPE01152001T38MT01EBS001H029552UZPE01152001T38MT01EBS001H0295F0295TI1030021883
3|594|NICOLAS|NNN|BASTIDAS|BOTINA|RC|1081288249|2021-04-27|1|2|6|9998|3|2||8|07|||8|||||2||||||||||||52UZPE01152001T38MT01EBS001H029552UZPE01152001T38MT01EBS001H0295F0295|52UZPE01152001T38MT01EBS001H029552UZPE01152001T38MT01EBS001H0295F0295RC1081288249
3|595|EDISON|DARIO|MORENO|MUNOZ|CC|1080046599|1992-05-09|1|2|6|9998|3|1||7|07|||8|92.0|180|||2||||||||||||52UZPE01152001T38MT01EBS001H029652UZPE01152001T38MT01EBS001H0296F0296|52UZPE01152001T38MT01EBS001H029652UZPE01152001T38MT01EBS001H0296F0296CC1080046599
3|596|ALEIDA|ESPERANZA|MUNOZ|MUNOZ|CC|59817555|1971-12-05|2|2|6|5169|3|2||7|07|||8|85.0|165|||2||||||||||||52UZPE01152001T38MT01EBS001H029652UZPE01152001T38MT01EBS001H0296F0296|52UZPE01152001T38MT01EBS001H029652UZPE01152001T38MT01EBS001H0296F0296CC59817555
3|597|LUIS|FERNANDO|MORENO|VELASQUES|CC|12997036|1969-11-16|1|2|6|9510|3|1||7|07|||8|81.0|167|||2||||||||||||52UZPE01152001T38MT01EBS001H029652UZPE01152001T38MT01EBS001H0296F0296|52UZPE01152001T38MT01EBS001H029652UZPE01152001T38MT01EBS001H0296F0296CC12997036
3|598|GILBER|NICOLAS|NUPAN|SALAZAR|CC|1193029565|2001-05-22|1|2|6|9510|3|1||7|07|||8|56.0|175|||2||||||||||||52UZPE01152001T38MT01EBS001H029752UZPE01152001T38MT01EBS001H0297F0297|52UZPE01152001T38MT01EBS001H029752UZPE01152001T38MT01EBS001H0297F0297CC1193029565
3|599|GRICELA|DELCARMEN|SALAZAR|NOAPLICA|CC|27097740|1970-09-19|2|2|6|9510|3|1||7|07|||8|60.0|152|||2||||||||||||52UZPE01152001T38MT01EBS001H029752UZPE01152001T38MT01EBS001H0297F0297|52UZPE01152001T38MT01EBS001H029752UZPE01152001T38MT01EBS001H0297F0297CC27097740
3|600|LUZ|ERMINDA|OLIVA|JURADO|CC|30742503|1968-12-02|2|2|6|9998|3|1||7|07|||8|55.0|156|||2||||||||||||52UZPE01152001T38MT01EBS001H029852UZPE01152001T38MT01EBS001H0298F0298|52UZPE01152001T38MT01EBS001H029852UZPE01152001T38MT01EBS001H0298F0298CC30742503
3|601|CESAR|ALONSO|LATORRE|ARCOS|CC|79527072|1969-12-01|1|2|6|9998|3|1||7|07|||8|62.0|172|||2||||||||||||52UZPE01152001T38MT01EBS001H029852UZPE01152001T38MT01EBS001H0298F0298|52UZPE01152001T38MT01EBS001H029852UZPE01152001T38MT01EBS001H0298F0298CC79527072
3|602|CESAR|SEBASTIAN|LATORRE|OLIVA|CC|1004234527|2002-09-15|1|2|6|9998|3|1||7|07|||8|50.0|162|||2||||||||||||52UZPE01152001T38MT01EBS001H029852UZPE01152001T38MT01EBS001H0298F0298|52UZPE01152001T38MT01EBS001H029852UZPE01152001T38MT01EBS001H0298F0298CC1004234527
3|603|DORELIS|VANESSA|SALAZAR|NOAPLICA|CC|1080048511|1992-05-14|2|2|6|9998|3|2||7|07|||8|60.0|144|||2||||||||||||52UZPE01152001T38MT01EBS001H029952UZPE01152001T38MT01EBS001H0299F0299|52UZPE01152001T38MT01EBS001H029952UZPE01152001T38MT01EBS001H0299F0299CC1080048511
3|604|JAIR|SEBASTIAN|NUPAN|LEON|CC|119303005010|2001-09-21|1|2|6|9510|3|2||7|07|||8|90.0|166|||2||||||||||||52UZPE01152001T38MT01EBS001H029952UZPE01152001T38MT01EBS001H0299F0299|52UZPE01152001T38MT01EBS001H029952UZPE01152001T38MT01EBS001H0299F0299CC119303005010
3|605|ALAN|JAIR|GONSALES|SALAZAR|TI|1080049632|2007-06-09|1|2|6|9998|3|2||1|07|||8|52.0|163|||2||||||||||||52UZPE01152001T38MT01EBS001H029952UZPE01152001T38MT01EBS001H0299F0299|52UZPE01152001T38MT01EBS001H029952UZPE01152001T38MT01EBS001H0299F0299TI1080049632
3|606|LUIS|JOSE|ORDONEZ|GOMEZ|CC|18128278|1989-12-27|1|2|6|9510|3|2||7|07|||8|63.0|164|||2||||||||||||52UZPE01152001T38MT01EBS001H030052UZPE01152001T38MT01EBS001H0300F0300|52UZPE01152001T38MT01EBS001H030052UZPE01152001T38MT01EBS001H0300F0300CC18128278
3|607|ALICIA|NOTIENE|PEREZ|PANTOJA|CC|10085322869|1995-01-09|2|2|6|9998|3|1||7|07|||8|75.0|165|||2||||||||||||52UZPE01152001T38MT01EBS001H030152UZPE01152001T38MT01EBS001H0301F0301|52UZPE01152001T38MT01EBS001H030152UZPE01152001T38MT01EBS001H0301F0301CC10085322869
3|608|ANDREA|NOTIENE|TIMARAN|CASTILLO|CC|59835369|1976-03-21|2|2|6|9510|3|1||7|07|||8|52.0|160|||2||||||||||||52UZPE01152001T38MT01EBS001H030252UZPE01152001T38MT01EBS001H0302F0302|52UZPE01152001T38MT01EBS001H030252UZPE01152001T38MT01EBS001H0302F0302CC59835369
3|609|OLGA|MARIA|PEREZ|ORTIZ|CC|30717024|1956-05-20|2|2|6|9998|3|1||3|07|||8|45.0|152|||2||||||||||||52UZPE01152001T38MT04EBS001H030652UZPE01152001T38MT04EBS001H0306F0306|52UZPE01152001T38MT04EBS001H030652UZPE01152001T38MT04EBS001H0306F0306CC30717024
3|610|JOSE|HERMES|VARRERO|TRUJILLO|CC|14972950|1950-05-12|1|2|6|9510|3|1||3|07|||8|68.0|170|||2||||||||||||52UZPE01152001T38MT04EBS001H030652UZPE01152001T38MT04EBS001H0306F0306|52UZPE01152001T38MT04EBS001H030652UZPE01152001T38MT04EBS001H0306F0306CC14972950
3|611|NAYIBER|YOURLEY|LOAIZA|SANTACRUZ|CC|1084221674|2005-08-24|2|2|6|9998|3|1||7|07|||8|85.0|150|||2||||||||||||52UZPE01152001T38MT04EBS001H030752UZPE01152001T38MT04EBS001H0307F0307|52UZPE01152001T38MT04EBS001H030752UZPE01152001T38MT04EBS001H0307F0307CC1084221674
3|612|LEIDY|CIELO|SANTACRUZ|RODRIGUEZ|CC|1084223541|1990-03-07|2|2|6|9510|3|1||7|07|||8|60.0|158|||2||||||||||||52UZPE01152001T38MT04EBS001H030752UZPE01152001T38MT04EBS001H0307F0307|52UZPE01152001T38MT04EBS001H030752UZPE01152001T38MT04EBS001H0307F0307CC1084223541
3|613|ARCELINO|NOAPLICA|LOAIZA|LOPEZ|CC|5228672|1981-01-24|1|2|6|9998|3|1||7|07|||8|85.0|168|||2||||||||||||52UZPE01152001T38MT04EBS001H030752UZPE01152001T38MT04EBS001H0307F0307|52UZPE01152001T38MT04EBS001H030752UZPE01152001T38MT04EBS001H0307F0307CC5228672
3|614|DAYANA|ALEXANDRA|OBANDO|PANTOJA|CC|1067032400|2004-04-29|2|2|6|9998|3|1||7|07|||8|85.0|185|||2||||||||||||52UZPE01152001T38MT04EBS001H030952UZPE01152001T38MT04EBS001H0309F0309|52UZPE01152001T38MT04EBS001H030952UZPE01152001T38MT04EBS001H0309F0309CC1067032400
3|615|IVAN|FERNADANDO|OBANDO|PANTOJA|CC|10004509067|2003-02-24|1|2|6|9998|3|1||7|07|||8|78.0|180|||2||||||||||||52UZPE01152001T38MT04EBS001H030952UZPE01152001T38MT04EBS001H0309F0309|52UZPE01152001T38MT04EBS001H030952UZPE01152001T38MT04EBS001H0309F0309CC10004509067
3|616|DORIS|FLORINDA|PANTOJA|ENRRIQUEZ|CC|27433985|1971-02-08|2|2|6|9998|3|1||7|07|||8|10.2|176|||2||||||||||||52UZPE01152001T38MT04EBS001H030952UZPE01152001T38MT04EBS001H0309F0309|52UZPE01152001T38MT04EBS001H030952UZPE01152001T38MT04EBS001H0309F0309CC27433985
3|617|TULIO|GIRALDO|OBANDO|ENRRIQUEZ|CC|533189|1966-05-01|1|2|6|9510|3|1||7|07|||8|90.0|167|||2||||||||||||52UZPE01152001T38MT04EBS001H030952UZPE01152001T38MT04EBS001H0309F0309|52UZPE01152001T38MT04EBS001H030952UZPE01152001T38MT04EBS001H0309F0309CC533189
3|618|RUBIELA|NOTIENE|CAICEDO|NOTIENE|CC|27082999|1973-07-19|2|2|6|9998|3|1||7|07|||8|63.0|150|||2||||||||||||52UZPE01152001T38MT04EBS001H031252UZPE01152001T38MT04EBS001H0312F0312|52UZPE01152001T38MT04EBS001H031252UZPE01152001T38MT04EBS001H0312F0312CC27082999
3|619|MARIA|TERESADEJESUS|CAICEDO|NOTIENE|CC|27306566|1936-06-01|2|2|6|9998|3|1||3|07|||8|44.0|145|||2||||||||||||52UZPE01152001T38MT04EBS001H031252UZPE01152001T38MT04EBS001H0312F0312|52UZPE01152001T38MT04EBS001H031252UZPE01152001T38MT04EBS001H0312F0312CC27306566
3|620|LEONEL|EMILIO|VILLAREAL|GUSTIN|CC|98225228|1995-12-13|1|2|6|5169|3|2||7|07|||8|72.0|176|||2||||||||||||52UZPE01152001T38MT04EBS001H031352UZPE01152001T38MT04EBS001H0313F0313|52UZPE01152001T38MT04EBS001H031352UZPE01152001T38MT04EBS001H0313F0313CC98225228
3|621|MARIA|DELCARMEN|GUSTIN|VILLAREAL|CC|29484261|1955-01-05|2|2|6|9998|3|1||3|07|||8|52.0|149|||2||||||||||||52UZPE01152001T38MT04EBS001H031352UZPE01152001T38MT04EBS001H0313F0313|52UZPE01152001T38MT04EBS001H031352UZPE01152001T38MT04EBS001H0313F0313CC29484261
3|622|SEBASTIAN|JHOJAN|VILLAREAL|SANTANDER|TI|1081056207|2008-04-24|1|2|6|9998|3|2||1|07|||8|76.0|174|||2||||||||||||52UZPE01152001T38MT04EBS001H031352UZPE01152001T38MT04EBS001H0313F0313|52UZPE01152001T38MT04EBS001H031352UZPE01152001T38MT04EBS001H0313F0313TI1081056207
3|623|LUZ|DARY|GOMEZ|MORENO|CC|36753496|1976-01-22|2|2|6|9510|3|2||7|07|||8|69.0|158|||2||||||||||||52UZPE01152001T38MT04EBS001H031552UZPE01152001T38MT04EBS001H0315F0315|52UZPE01152001T38MT04EBS001H031552UZPE01152001T38MT04EBS001H0315F0315CC36753496
3|624|LUIS|HUMBERTO|ORDONEZ|NA|CC|98321468|1966-09-19|1|2|6|9510|3|1||7|07|||8|69.0|158|||2||||||||||||52UZPE01152001T38MT04EBS001H031552UZPE01152001T38MT04EBS001H0315F0315|52UZPE01152001T38MT04EBS001H031552UZPE01152001T38MT04EBS001H0315F0315CC98321468
3|625|ANDRES|FELIPE|ORDONEZ|GOMEZ|CC|10041134012|2003-10-30|1|2|6|9998|3|1||7|07|||8|61.0|164|||2||||||||||||52UZPE01152001T38MT04EBS001H031552UZPE01152001T38MT04EBS001H0315F0315|52UZPE01152001T38MT04EBS001H031552UZPE01152001T38MT04EBS001H0315F0315CC10041134012
3|626|ISABELA|NOTIENE|LOPEZ|NARVAEZ|RC|1080069416|2019-03-23|2|2|6|9998|3|2||8|07|||8|||||2||||||||||||52UZPE01152001T38MT01EBS001H031752UZPE01152001T38MT01EBS001H0317F0317|52UZPE01152001T38MT01EBS001H031752UZPE01152001T38MT01EBS001H0317F0317RC1080069416
3|627|SAMUEL|ALEXANDER|LOPEZ|NARVAEZ|TI|1081061272|2014-05-22|1|2|6|9998|3|2||8|07|||8|40.0|140|||2||||||||||||52UZPE01152001T38MT01EBS001H031752UZPE01152001T38MT01EBS001H0317F0317|52UZPE01152001T38MT01EBS001H031752UZPE01152001T38MT01EBS001H0317F0317TI1081061272
3|628|YOHANA|CAROLINA|NARVAEZ|PETEVI|CC|1085249710|1985-03-26|2|2|6|9510|3|5||7|07|||8|62.0|156|||2||||||||||||52UZPE01152001T38MT01EBS001H031752UZPE01152001T38MT01EBS001H0317F0317|52UZPE01152001T38MT01EBS001H031752UZPE01152001T38MT01EBS001H0317F0317CC1085249710
3|629|MARIA|CRISTINA|ACHICANOY|PUPIALES|CC|59829790|1970-08-13|2|2|6|9998|3|1||7|07|||8|79.0|144|||2||||||||||||52UZPE01152001T38MT04EBS001H032052UZPE01152001T38MT04EBS001H0320F0320|52UZPE01152001T38MT04EBS001H032052UZPE01152001T38MT04EBS001H0320F0320CC59829790
3|630|JHON|ALEXIS|ACHICANOY|PUPIALES|TI|1081277505|2007-10-30|1|2|6|9998|3|1||1|07|||8|70.0|175|||2||||||||||||52UZPE01152001T38MT04EBS001H032052UZPE01152001T38MT04EBS001H0320F0320|52UZPE01152001T38MT04EBS001H032052UZPE01152001T38MT04EBS001H0320F0320TI1081277505
3|631|JHOANA|ALEJANDRA|BUCHELI|VALENCI|CC|1193146683|2001-12-15|2|2|6|9622|3|2||7|07|||8|78.0|170|||2||||||||||||52UZPE01152001T38MT04EBS001H032152UZPE01152001T38MT04EBS001H0321F0321|52UZPE01152001T38MT04EBS001H032152UZPE01152001T38MT04EBS001H0321F0321CC1193146683
3|632|LAURA|MICHEL|BUCHELI|VALENCIA|CC|1081275373|2005-12-05|2|2|6|5169|3|2||7|07|||8|60.0|168|||2||||||||||||52UZPE01152001T38MT04EBS001H032152UZPE01152001T38MT04EBS001H0321F0321|52UZPE01152001T38MT04EBS001H032152UZPE01152001T38MT04EBS001H0321F0321CC1081275373
3|633|ANA|LILIA|VALENCIA|NOAPLICA|CC|59824986|1974-06-15|2|2|6|9622|3|2||7|07|||8|60.0|163|||2||||||||||||52UZPE01152001T38MT04EBS001H032152UZPE01152001T38MT04EBS001H0321F0321|52UZPE01152001T38MT04EBS001H032152UZPE01152001T38MT04EBS001H0321F0321CC59824986
3|634|OLGA|INES|BURBANO|CORDOBA|CC|27092706|1939-05-12|2|2|6|9998|3|1||3|07|||8|64.0|149|||2||||||||||||52UZPE01152001T38MT04EBS001H032352UZPE01152001T38MT04EBS001H0323F0323|52UZPE01152001T38MT04EBS001H032352UZPE01152001T38MT04EBS001H0323F0323CC27092706
3|635|ROSA|ELENA|AGUIRREDE|ORTEGA|CC|27066610|1961-11-17|2|2|6|9510|3|1||3|07|||8|65.0|160|||2||||||||||||52UZPE01152001T38MT01EBS001H026952UZPE01152001T38MT01EBS001H0269F0269|52UZPE01152001T38MT01EBS001H026952UZPE01152001T38MT01EBS001H0269F0269CC27066610
3|636|PEDRO|ANTONIO|PAZ|NOTIENE|CC|12965874|1954-09-17|1|2|6|9510|3|1||3|07|||8|95.0|158|||2||||||||||||52UZPE01152001T38MT01EBS001H032452UZPE01152001T38MT01EBS001H0324F0324|52UZPE01152001T38MT01EBS001H032452UZPE01152001T38MT01EBS001H0324F0324CC12965874
3|637|LUIS|EDUARDO|CHAMORRO|CASANOVA|CC|12965645|1958-09-24|1|2|6|9998|3|1||3|07|||8|86.0|167|||2||||||||||||52UZPE01152001T38MT04EBS001H033052UZPE01152001T38MT04EBS001H0330F0330|52UZPE01152001T38MT04EBS001H033052UZPE01152001T38MT04EBS001H0330F0330CC12965645
3|638|NELLY|NA|CERON|ERAZO|CC|59828346|1969-01-19|2|2|6|9998|3|1||7|07|||8|80.0|151|||2||||||||||||52UZPE01152001T38MT04EBS001H033052UZPE01152001T38MT04EBS001H0330F0330|52UZPE01152001T38MT04EBS001H033052UZPE01152001T38MT04EBS001H0330F0330CC59828346
3|639|SEGUNDO|PARMENIO|ERAZO|NA|CC|13065095|1971-12-22|1|2|6|9510|3|1||7|07|||8|75.0|175|||2||||||||||||52UZPE01152001T38MT04EBS001H033152UZPE01152001T38MT04EBS001H0331F0331|52UZPE01152001T38MT04EBS001H033152UZPE01152001T38MT04EBS001H0331F0331CC13065095
3|640|HUGO|HERNANDO|CRIOLLO|JURADDO|CC|98399472|1976-01-30|1|2|6|9510|3|1||7|07|||8|55.0|160|||2||||||||||||52UZPE01152001T38MT04EBS001H033252UZPE01152001T38MT04EBS001H0332F0332|52UZPE01152001T38MT04EBS001H033252UZPE01152001T38MT04EBS001H0332F0332CC98399472
3|641|BEISY|NA|ERAZO|MARTINES|CC|27082956|1976-06-13|2|2|6|9998|3|1||7|07|||8|95.0|150|||2||||||||||||52UZPE01152001T38MT04EBS001H033252UZPE01152001T38MT04EBS001H0332F0332|52UZPE01152001T38MT04EBS001H033252UZPE01152001T38MT04EBS001H0332F0332CC27082956
3|642|ANYELI|NATALIA|ERAZO|CRIOLLO|CC|1004133557|2000-06-09|2|2|6|9998|3|1||7|07|||8|95.0|155|||2||||||||||||52UZPE01152001T38MT04EBS001H033252UZPE01152001T38MT04EBS001H0332F0332|52UZPE01152001T38MT04EBS001H033252UZPE01152001T38MT04EBS001H0332F0332CC1004133557
3|643|MARTHA|NA|CORAL|MALLA|CC|59821227|1973-05-20|2|2|6|9998|3|1||7|07|||8|64.0|150|||2||||||||||||52UZPE01152001T38MT04EBS001H033352UZPE01152001T38MT04EBS001H0333F0333|52UZPE01152001T38MT04EBS001H033352UZPE01152001T38MT04EBS001H0333F0333CC59821227
3|644|ALISON|NA|ACOSTA|CORAL|CC|1085339341|1998-01-11|2|2|6|5169|3|2||7|07|||8|54.0|150|||2||||||||||||52UZPE01152001T38MT04EBS001H033352UZPE01152001T38MT04EBS001H0333F0333|52UZPE01152001T38MT04EBS001H033352UZPE01152001T38MT04EBS001H0333F0333CC1085339341
3|645|MAURICIO|NA|ACOSTA|MUNOZ|CC|98395401|1976-02-03|1|2|6|9510|3|1||7|07|||8|68.0|170|||2||||||||||||52UZPE01152001T38MT04EBS001H033352UZPE01152001T38MT04EBS001H0333F0333|52UZPE01152001T38MT04EBS001H033352UZPE01152001T38MT04EBS001H0333F0333CC98395401
3|646|ANDREA|DELCARMEN|DELGADO|HIGIDIO|CC|1085249259|1985-10-22|2|2|6|9998|3|1||7|07|||8|70.0|162|||2||||||||||||52UZPE01152001T38MT04EBS001H033452UZPE01152001T38MT04EBS001H0334F0334|52UZPE01152001T38MT04EBS001H033452UZPE01152001T38MT04EBS001H0334F0334CC1085249259
3|647|MARCO|ANDRES|FAJARDO|CHILAMA|CC|12751999|1981-12-13|1|2|6|5169|3|2||7|07|||8|90.0|182|||2||||||||||||52UZPE01152001T38MT04EBS001H033452UZPE01152001T38MT04EBS001H0334F0334|52UZPE01152001T38MT04EBS001H033452UZPE01152001T38MT04EBS001H0334F0334CC12751999
3|648|JULIAN|CAMILO|FAJARDO|DELGADO|CC|1080043428|2005-02-13|1|2|6|9998|3|2||7|07|||8|65.0|180|||2||||||||||||52UZPE01152001T38MT04EBS001H033452UZPE01152001T38MT04EBS001H0334F0334|52UZPE01152001T38MT04EBS001H033452UZPE01152001T38MT04EBS001H0334F0334CC1080043428
3|649|DAMARIS|LORENA|TORRES|CERON|CC|1233190773|1997-09-13|2|2|6|9998|3|1||7|07|||8|41.0|154|||2||||||||||||52UZPE01152001T38MT04EBS001H033552UZPE01152001T38MT04EBS001H0335F0335|52UZPE01152001T38MT04EBS001H033552UZPE01152001T38MT04EBS001H0335F0335CC1233190773
3|650|MILEIDY|GISETH|TORRES|CERON|CC|1233190172|1997-09-13|2|2|6|9998|3|1||7|07|||8|60.0|155|||2||||||||||||52UZPE01152001T38MT04EBS001H033552UZPE01152001T38MT04EBS001H0335F0335|52UZPE01152001T38MT04EBS001H033552UZPE01152001T38MT04EBS001H0335F0335CC1233190172
3|651|FANY|AURA|CERON|PANTOJA|CC|30734301|1966-06-18|2|2|6|9998|3|1||7|07|||8|66.0|171|||2||||||||||||52UZPE01152001T38MT04EBS001H033552UZPE01152001T38MT04EBS001H0335F0335|52UZPE01152001T38MT04EBS001H033552UZPE01152001T38MT04EBS001H0335F0335CC30734301
3|652|GERMAN|ALBERTO|TAPIA|TORRES|CC|98363746|1976-04-08|1|2|6|9998|3|1||7|07|||8|70.0|175|||2||||||||||||52UZPE01152001T38MT04EBS001H033652UZPE01152001T38MT04EBS001H0336F0336|52UZPE01152001T38MT04EBS001H033652UZPE01152001T38MT04EBS001H0336F0336CC98363746
3|653|TRANCITO|NA|TORRES|TAPIA|CC|27393776|1944-07-09|2|2|6|9998|3|1||3|07|||8|52.0|146|||2||||||||||||52UZPE01152001T38MT04EBS001H033652UZPE01152001T38MT04EBS001H0336F0336|52UZPE01152001T38MT04EBS001H033652UZPE01152001T38MT04EBS001H0336F0336CC27393776
3|654|LEIDY|JOHANA|TIMANA|BURBANO|CC|1081052125|2003-09-28|2|1|6|9998|3|1||7|07|||8|51.0|152|||2||||||||||||52UZPE01152001T38MT04EBS001H033752UZPE01152001T38MT04EBS001H0337F0337|52UZPE01152001T38MT04EBS001H033752UZPE01152001T38MT04EBS001H0337F0337CC1081052125
3|655|YEISON|ALBEIRO|LUCANO|OBANDO|CC|1087408711|1981-02-01|1|2|6|5169|3|5||7|07|||8|75.0|170|||2||||||||||||52UZPE01152001T38MT04EBS001H033752UZPE01152001T38MT04EBS001H0337F0337|52UZPE01152001T38MT04EBS001H033752UZPE01152001T38MT04EBS001H0337F0337CC1087408711
3|656|OSCAR|DAVID|PERUGACHE|DELACRUZ|TI|1080646066|2010-09-08|1|2|6|9998|3|2||1|07|||8|49.0|160|||2||||||||||||52UZPE01152001T38MT01EBS001H033852UZPE01152001T38MT01EBS001H0338F0338|52UZPE01152001T38MT01EBS001H033852UZPE01152001T38MT01EBS001H0338F0338TI1080646066
3|657|YESIKA|NATALI|DELACRUZ|NA|CC|1085289747|1991-06-24|2|2|6|5169|3|2||7|07|||8|60.0|152|||2||||||||||||52UZPE01152001T38MT01EBS001H033852UZPE01152001T38MT01EBS001H0338F0338|52UZPE01152001T38MT01EBS001H033852UZPE01152001T38MT01EBS001H0338F0338CC1085289747
3|658|ETIKA|CECILIA|GUERRA|NA|CC|43810364|1971-01-10|2|2|6|9998|3|2||7|07|||8|64.0|164|||2||||||||||||52UZPE01152001T38MT04EBS001H033952UZPE01152001T38MT04EBS001H0339F0339|52UZPE01152001T38MT04EBS001H033952UZPE01152001T38MT04EBS001H0339F0339CC43810364
3|659|JOSE|ANIBAL|QUEMA|CASTRO|CC|5227512|1967-03-07|1|2|6|9998|3|2||7|07|||8|82.0|160|||2||||||||||||52UZPE01152001T38MT04EBS001H033952UZPE01152001T38MT04EBS001H0339F0339|52UZPE01152001T38MT04EBS001H033952UZPE01152001T38MT04EBS001H0339F0339CC5227512
3|660|GLORIA|ESTEFANI|QUEMA|GUERRA|CC|1085293937|1991-11-22|2|2|6|5169|3|1||7|07|||8|65.0|160|||2||||||||||||52UZPE01152001T38MT04EBS001H033952UZPE01152001T38MT04EBS001H0339F0339|52UZPE01152001T38MT04EBS001H033952UZPE01152001T38MT04EBS001H0339F0339CC1085293937
3|661|VICTOR|NICOLAS|PEREZ|ROSERO|CC|5828411|1985-04-03|1|2|6|5169|3|5||7|07|||8|76.0|170|||2||||||||||||52UZPE01152001T38MT04EBS001H034052UZPE01152001T38MT04EBS001H0340F0340|52UZPE01152001T38MT04EBS001H034052UZPE01152001T38MT04EBS001H0340F0340CC5828411
3|662|MILBIA|NA|SALCEDO|HERNANDEZ|CC|41115607|1960-11-28|2|2|6|9998|3|1||3|07|||8|55.0|145|||2||||||||||||52UZPE01152001T38MT04EBS001H034352UZPE01152001T38MT04EBS001H0343F0343|52UZPE01152001T38MT04EBS001H034352UZPE01152001T38MT04EBS001H0343F0343CC41115607
3|663|JHON|SEBASTIAN|CASTRO|SALCEDO|CC|1085344068|1990-09-15|1|2|6|9998|3|1||7|07|||8|50.0|160|||2||||||||||||52UZPE01152001T38MT04EBS001H034352UZPE01152001T38MT04EBS001H0343F0343|52UZPE01152001T38MT04EBS001H034352UZPE01152001T38MT04EBS001H0343F0343CC1085344068
3|664|FANNY|ERNENCIA|ERAZO|MONTENEGRO|CC|59830092|1970-04-14|2|2|6|9510|3|1||7|07|||8|52.0|152|||2||||||||||||52UZPE01152001T38MT04EBS001H034452UZPE01152001T38MT04EBS001H0344F0344|52UZPE01152001T38MT04EBS001H034452UZPE01152001T38MT04EBS001H0344F0344CC59830092
3|665|JHON|NA|SICERI|NA|CC|98389341|1972-02-16|1|2|6|9510|3|1||7|07|||8|72.0|172|||2||||||||||||52UZPE01152001T38MT04EBS001H034452UZPE01152001T38MT04EBS001H0344F0344|52UZPE01152001T38MT04EBS001H034452UZPE01152001T38MT04EBS001H0344F0344CC98389341
3|666|LEDY|ANDREA|SICERI|ERAZO|CC|1085338121|1997-12-23|2|2|6|9510|3|1||7|07|||8|52.0|152|||2||||||||||||52UZPE01152001T38MT04EBS001H034452UZPE01152001T38MT04EBS001H0344F0344|52UZPE01152001T38MT04EBS001H034452UZPE01152001T38MT04EBS001H0344F0344CC1085338121
3|667|JHON|ALEXANDER|MIRAMAR|CHANAG|CC|1085530641|1993-04-21|1|2|6|5169|3|2||7|07|||8|68.0|160|||2||||||||||||52UZPE01152001T38MT04EBS001H034652UZPE01152001T38MT04EBS001H0346F0346|52UZPE01152001T38MT04EBS001H034652UZPE01152001T38MT04EBS001H0346F0346CC1085530641
3|668|INGRIT|KATETINE|GARCIA|FAJARDO|CC|1085341567|1998-07-29|1|2|6|9510|3|1||7|07|||8|60.0|160|||2||||||||||||52UZPE01152001T38MT04EBS001H034652UZPE01152001T38MT04EBS001H0346F0346|52UZPE01152001T38MT04EBS001H034652UZPE01152001T38MT04EBS001H0346F0346CC1085341567
3|669|MARIA|LOURDES|FIGUEROA|CANSIMANCE|CC|30726421|1963-04-22|2|2|6|9998|3|1||3|07|||8|74.0|155|||2||||||||||||52UZPE01152001T38MT04EBS001H034752UZPE01152001T38MT04EBS001H0347F0347|52UZPE01152001T38MT04EBS001H034752UZPE01152001T38MT04EBS001H0347F0347CC30726421
3|670|DIANA|CAROLINA|LOPEZ|FIGUEREO|CC|1085301205|1992-12-06|2|2|6|9998|3|1||7|07|||8|76.0|160|||2||||||||||||52UZPE01152001T38MT04EBS001H034752UZPE01152001T38MT04EBS001H0347F0347|52UZPE01152001T38MT04EBS001H034752UZPE01152001T38MT04EBS001H0347F0347CC1085301205
3|671|MARIA|JOSE|ENRIQUEZ|HERNANDEZ|CC|1080690696|2004-07-28|2|2|6|9998|3|1||7|07|||8|55.0|163|||2||||||||||||52UZPE01152001T38MT04EBS001H034252UZPE01152001T38MT04EBS001H0342F0342|52UZPE01152001T38MT04EBS001H034252UZPE01152001T38MT04EBS001H0342F0342CC1080690696
3|672|GABRIELA|NA|HERNANDEZ|MORA|CC|36758123|1983-06-09|2|2|6|5169|3|2||7|07|||8|78.0|172|||2||||||||||||52UZPE01152001T38MT04EBS001H034252UZPE01152001T38MT04EBS001H0342F0342|52UZPE01152001T38MT04EBS001H034252UZPE01152001T38MT04EBS001H0342F0342CC36758123
3|673|JOSE|SEBASTIA|ENRIQUEZ|HERNANDEZ|CC|1193035624|2001-02-26|1|2|6|9998|3|1||7|07|||8|73.0|188|||2||||||||||||52UZPE01152001T38MT04EBS001H034252UZPE01152001T38MT04EBS001H0342F0342|52UZPE01152001T38MT04EBS001H034252UZPE01152001T38MT04EBS001H0342F0342CC1193035624
3|674|ANDREADEL|SOCORRO|NARVAEZ|BENAVIDES|CC|30735172|1966-08-30|2|2|6|9998|3|1||7|07|||8|58.0|155|||2||||||||||||52UZPE01152001T38MT04EBS001H035152UZPE01152001T38MT04EBS001H0351F0351|52UZPE01152001T38MT04EBS001H035152UZPE01152001T38MT04EBS001H0351F0351CC30735172
3|675|JUAN|ESTEBAN|ENRRIQUEZ|NARVAEZ|CC|1080691210|2005-01-28|1|2|6|9998|3|1||7|07|||8|78.0|175|||2||||||||||||52UZPE01152001T38MT04EBS001H035152UZPE01152001T38MT04EBS001H0351F0351|52UZPE01152001T38MT04EBS001H035152UZPE01152001T38MT04EBS001H0351F0351CC1080691210
3|676|GABY|RUTH|RUANO|ZAMBRANO|CC|27535805|1970-05-01|2|2|6|9998|3|1||4|07|||1|75.0|143|||2||||||||||||52UZPE01152001T38MT04EBS001H035252UZPE01152001T38MT04EBS001H0352F0352|52UZPE01152001T38MT04EBS001H035252UZPE01152001T38MT04EBS001H0352F0352CC27535805
3|677|CARLOS|ALONSO|ESTRADA|RUANO|CC|1085298676|1992-08-19|1|2|6|9510|3|1||7|07|||8|10.0|175|||2||||||||||||52UZPE01152001T38MT04EBS001H035252UZPE01152001T38MT04EBS001H0352F0352|52UZPE01152001T38MT04EBS001H035252UZPE01152001T38MT04EBS001H0352F0352CC1085298676
3|678|DORIS|LEONOR|YANDAR|NOTIENE|CC|59824172|1973-12-19|2|2|6|9998|3|1||7|07|||8|61.0|155|||2||||||||||||52UZPE01152001T38MT04EBS001H035352UZPE01152001T38MT04EBS001H0353F0353|52UZPE01152001T38MT04EBS001H035352UZPE01152001T38MT04EBS001H0353F0353CC59824172
3|679|YICELA|ESTEFANIA|MEGIA|YANDAR|CC|1004193108|2003-07-29|2|2|6|9998|3|1||7|07|||8|63.0|163|||2||||||||||||52UZPE01152001T38MT04EBS001H035352UZPE01152001T38MT04EBS001H0353F0353|52UZPE01152001T38MT04EBS001H035352UZPE01152001T38MT04EBS001H0353F0353CC1004193108
3|680|GINNA|ZULEMA|REINA|YANGUATIN|CC|1085311336|1994-03-26|2|2|6|9510|3|1||7|07|||8|55.0|157|||2||||||||||||52UZPE01152001T38MT04EBS001H035452UZPE01152001T38MT04EBS001H0354F0354|52UZPE01152001T38MT04EBS001H035452UZPE01152001T38MT04EBS001H0354F0354CC1085311336
3|681|BERTA|ELIZA|YANGUATIN|ROSERO|CC|30742149|1967-03-15|2|2|6|9998|3|1||7|07|||8|65.0|147|||2||||||||||||52UZPE01152001T38MT04EBS001H035452UZPE01152001T38MT04EBS001H0354F0354|52UZPE01152001T38MT04EBS001H035452UZPE01152001T38MT04EBS001H0354F0354CC30742149
3|682|LUIS|ALBERTO|REINA|PASCUAZA|CC|5252360|1967-10-20|1|2|6|9998|3|1||7|07|||8|63.0|165|||2||||||||||||52UZPE01152001T38MT04EBS001H035452UZPE01152001T38MT04EBS001H0354F0354|52UZPE01152001T38MT04EBS001H035452UZPE01152001T38MT04EBS001H0354F0354CC5252360
3|683|DEYANIRA|NA|ADRADA|NA|CC|27185956|1971-02-02|2|2|6|9998|3|2||7|07|||8|76.0|154|||2||||||||||||52UZPE01152001T38MT04EBS001H035852UZPE01152001T38MT04EBS001H0358F0358|52UZPE01152001T38MT04EBS001H035852UZPE01152001T38MT04EBS001H0358F0358CC27185956
3|684|ANGIE|CRISTINA|RUANO|ADRADA|CC|1089907235|1993-08-14|2|2|6|9998|3|2||7|07|||8|70.0|160|||2||||||||||||52UZPE01152001T38MT04EBS001H035852UZPE01152001T38MT04EBS001H0358F0358|52UZPE01152001T38MT04EBS001H035852UZPE01152001T38MT04EBS001H0358F0358CC1089907235
3|685|ADRIAN|JAIR|LOPEZ|ORDONEZ|TI|1084224385|2009-12-27|1|2|6|9998|3|1||1|07|||8|40.0|165|||2||||||||||||52UZPE01152001T38MT04EBS001H036052UZPE01152001T38MT04EBS001H0360F0360|52UZPE01152001T38MT04EBS001H036052UZPE01152001T38MT04EBS001H0360F0360TI1084224385
3|686|JESUS|WUILMAR|LOPEZ|LOPEZ|CC|87472965|1977-01-15|1|2|6|9510|3|1||7|07|||8|90.0|177|||2||||||||||||52UZPE01152001T38MT04EBS001H036052UZPE01152001T38MT04EBS001H0360F0360|52UZPE01152001T38MT04EBS001H036052UZPE01152001T38MT04EBS001H0360F0360CC87472965
3|687|GERARDO|YESID|MONCAYO|MESA|CC|1085328404|1996-04-23|1|2|6|9510|3|1||7|07|||8|72.0|175|||2||||||||||||52UZPE01152001T38MT04EBS001H036252UZPE01152001T38MT04EBS001H0362F0362|52UZPE01152001T38MT04EBS001H036252UZPE01152001T38MT04EBS001H0362F0362CC1085328404
3|688|ANA|ESMERALDA|MEZA|BENAVIDEZ|CC|30732543|1962-12-26|2|2|6|9998|3|1||3|07|||8|60.0|156|||2||||||||||||52UZPE01152001T38MT04EBS001H036252UZPE01152001T38MT04EBS001H0362F0362|52UZPE01152001T38MT04EBS001H036252UZPE01152001T38MT04EBS001H0362F0362CC30732543
3|689|GERARDO|EDMUNDO|MONCAYO|BENAVIDEZ|CC|12972818|1961-06-02|1|2|6|9510|3|1||3|07|||8|74.0|165|||2||||||||||||52UZPE01152001T38MT04EBS001H036252UZPE01152001T38MT04EBS001H0362F0362|52UZPE01152001T38MT04EBS001H036252UZPE01152001T38MT04EBS001H0362F0362CC12972818
3|690|ANA|LUCIA|ESPANA|CAJIGAS|CC|59828973|1971-04-09|2|2|6|9998|3|1||7|07|||8|62.0|160|||2||||||||||||52UZPE01152001T38MT04EBS001H036152UZPE01152001T38MT04EBS001H0361F0361|52UZPE01152001T38MT04EBS001H036152UZPE01152001T38MT04EBS001H0361F0361CC59828973
3|691|RICARDO|NA|RUANO|DELGADO|CC|12986409|1966-02-14|1|2|6|9510|3|1||7|07|||8|60.0|165|||2||||||||||||52UZPE01152001T38MT04EBS001H036152UZPE01152001T38MT04EBS001H0361F0361|52UZPE01152001T38MT04EBS001H036152UZPE01152001T38MT04EBS001H0361F0361CC12986409
3|692|ERIKA|ESTHEFANIA|RUANO|ESPANA|TI|1080051549|2008-03-03|2|2|6|9998|3|1||1|07|||8|60.0|161|||2||||||||||||52UZPE01152001T38MT04EBS001H036152UZPE01152001T38MT04EBS001H0361F0361|52UZPE01152001T38MT04EBS001H036152UZPE01152001T38MT04EBS001H0361F0361TI1080051549
3|693|LUIS|JAIR|JAMAUCA|MESA|CC|5278125|1967-06-14|1|2|6|9998|3|5||7|07|||8|55.0|170|||2||||||||||||52UZPE01152001T38MT04EBS001H036352UZPE01152001T38MT04EBS001H0363F0363|52UZPE01152001T38MT04EBS001H036352UZPE01152001T38MT04EBS001H0363F0363CC5278125
3|694|JAIME|ALEXANDER|MONTENEGRO|NA|CC|1085258827|1987-06-23|1|2|6|9510|3|1||7|07|||8|64.0|164|||2||||||||||||52UZPE01152001T38MT04EBS001H035752UZPE01152001T38MT04EBS001H0357F0357|52UZPE01152001T38MT04EBS001H035752UZPE01152001T38MT04EBS001H0357F0357CC1085258827
3|695|JOSE|ALBEIRO|MONTENEGRO|NA|CC|1085303391|1984-04-07|1|2|6|9998|3|1||7|07|||8|43.0|149|||2||||||||||||52UZPE01152001T38MT04EBS001H035752UZPE01152001T38MT04EBS001H0357F0357|52UZPE01152001T38MT04EBS001H035752UZPE01152001T38MT04EBS001H0357F0357CC1085303391
3|696|MARTA|SECILIA|BASTIDAS|BACA|CC|275450942|1965-12-27|2|2|6|9998|3|1||7|07|||8|66.0|165|||2||||||||||||52UZPE01152001T38MT04EBS001H036552UZPE01152001T38MT04EBS001H0365F0365|52UZPE01152001T38MT04EBS001H036552UZPE01152001T38MT04EBS001H0365F0365CC275450942
3|697|CLAUDIA|MERCEDES|CASTILLO|ESTRADA|CC|36753632|1975-06-20|2|2|6|9998|3|1||7|07|||8|82.0|152|||2||||||||||||52UZPE01152001T38MT04EBS001H036652UZPE01152001T38MT04EBS001H0366F0366|52UZPE01152001T38MT04EBS001H036652UZPE01152001T38MT04EBS001H0366F0366CC36753632
3|698|ROSA|MATILDE|ESTRADA|NOTIENE|CC|3742400|1941-10-04|2|2|6|9998|3|1||3|07|||3|55.0|150|||2||||||||||||52UZPE01152001T38MT04EBS001H036652UZPE01152001T38MT04EBS001H0366F0366|52UZPE01152001T38MT04EBS001H036652UZPE01152001T38MT04EBS001H0366F0366CC3742400
3|699|PAOLA|ANTONELA|JURADO|MORIANO|CC|37086171|1984-11-24|2|2|6|9998|3|1||7|07|||8|50.0|148|||2||||||||||||52UZPE01152001T38MT04EBS001H036952UZPE01152001T38MT04EBS001H0369F0369|52UZPE01152001T38MT04EBS001H036952UZPE01152001T38MT04EBS001H0369F0369CC37086171
3|700|KEVIN|SANTIAGO|ZAMBRANO|JURADO|TI|1081276401|2007-02-04|1|2|6|9998|3|1||1|07|||8|46.0|160|||2||||||||||||52UZPE01152001T38MT04EBS001H036952UZPE01152001T38MT04EBS001H0369F0369|52UZPE01152001T38MT04EBS001H036952UZPE01152001T38MT04EBS001H0369F0369TI1081276401
3|701|LUZ|IMELDA|MORIANO|DEJURADO|CC|31885483|1950-12-10|2|2|6|9998|3|1||3|07|||8|41.0|148|||2||||||||||||52UZPE01152001T38MT04EBS001H036952UZPE01152001T38MT04EBS001H0369F0369|52UZPE01152001T38MT04EBS001H036952UZPE01152001T38MT04EBS001H0369F0369CC31885483
3|702|WILLIAM|GUIOVANY|ZAMBRANO|CADENA|CC|3195262266|1982-10-01|1|2|6|9510|3|1||7|07|||8|53.0|156|||2||||||||||||52UZPE01152001T38MT04EBS001H036952UZPE01152001T38MT04EBS001H0369F0369|52UZPE01152001T38MT04EBS001H036952UZPE01152001T38MT04EBS001H0369F0369CC3195262266
3|703|XIMENA|NA|BUITRIAGO|BEBAVIDES|CC|1144053636|1992-05-10|2|2|6|9998|3|1||7|07|||8|51.0|160|||2||||||||||||52UZPE01152001T38MT04EBS001H037152UZPE01152001T38MT04EBS001H0371F0371|52UZPE01152001T38MT04EBS001H037152UZPE01152001T38MT04EBS001H0371F0371CC1144053636
3|704|CARLOS|ANDRES|LOPEZ|FIGUEROA|CC|1085308783|1993-12-04|1|2|6|9622|3|1||7|07|||8|54.0|160|||2||||||||||||52UZPE01152001T38MT04EBS001H037152UZPE01152001T38MT04EBS001H0371F0371|52UZPE01152001T38MT04EBS001H037152UZPE01152001T38MT04EBS001H0371F0371CC1085308783
3|705|ALAAN|SAMIR|LOPEZ|BUTRIAGO|RC|1080069244|2018-01-29|1|2|6|9998|3|1||8|07|||8|18.0|110|||2||||||||||||52UZPE01152001T38MT04EBS001H037152UZPE01152001T38MT04EBS001H0371F0371|52UZPE01152001T38MT04EBS001H037152UZPE01152001T38MT04EBS001H0371F0371RC1080069244
3|706|BLANCA|ROSIO|CHANGUEZAN|LINARES|CC|36950291|1979-03-14|2|2|6|5169|3|2||7|07|||8|68.0|157|||2||||||||||||52UZPE01152001T38MT04EBS001H037852UZPE01152001T38MT04EBS001H0378F0378|52UZPE01152001T38MT04EBS001H037852UZPE01152001T38MT04EBS001H0378F0378CC36950291
3|707|FRANCISCO|DANIEL|FUENTES|CHANGUEZA|TI|1080048267|2006-12-28|1|2|6|9998|3|2||1|07|||8|63.0|180|||2||||||||||||52UZPE01152001T38MT04EBS001H037852UZPE01152001T38MT04EBS001H0378F0378|52UZPE01152001T38MT04EBS001H037852UZPE01152001T38MT04EBS001H0378F0378TI1080048267
3|708|MARIA|ANITA|LINARES|MUNOZ|CC|30710419|1956-01-08|2|2|6|9998|3|2||3|07|||8|70.0|153|||2||||||||||||52UZPE01152001T38MT04EBS001H038052UZPE01152001T38MT04EBS001H0380F0380|52UZPE01152001T38MT04EBS001H038052UZPE01152001T38MT04EBS001H0380F0380CC30710419
3|709|JHON|ALEXANDER|CHANGUEZAN|LINARES|CC|1085292146|1991-09-09|1|2|6|9998|3|1||7|07|||8|65.0|158|||2||||||||||||52UZPE01152001T38MT04EBS001H038052UZPE01152001T38MT04EBS001H0380F0380|52UZPE01152001T38MT04EBS001H038052UZPE01152001T38MT04EBS001H0380F0380CC1085292146
3|710|FIDEX|NA|CERON|ERAZO|CC|27293717|1945-10-25|2|2|6|9510|3|5||3|07|||8|62.0|145|||2||||||||||||52UZPE01152001T38MT04EBS001H038352UZPE01152001T38MT04EBS001H0383F0383|52UZPE01152001T38MT04EBS001H038352UZPE01152001T38MT04EBS001H0383F0383CC27293717
3|711|HECTOR|NA|CERON|TORRES|CC|5281003|1947-01-06|1|2|6|9998|3|5||3|07|||8|72.0|165|||2||||||||||||52UZPE01152001T38MT04EBS001H038352UZPE01152001T38MT04EBS001H0383F0383|52UZPE01152001T38MT04EBS001H038352UZPE01152001T38MT04EBS001H0383F0383CC5281003
3|712|ROSA|SIRAYA|MASMELO|LOAIZA|CC|30745550|1968-12-12|2|2|6|9998|3|1||7|07|||8|56.0|165|||2||||||||||||52UZPE01152001T38MT01EBS001H038552UZPE01152001T38MT01EBS001H0385F0385|52UZPE01152001T38MT01EBS001H038552UZPE01152001T38MT01EBS001H0385F0385CC30745550
3|713|MARCELA|JOHANA|CUCARDO|MASMELO|CC|1085257120|1986-11-05|2|2|6|9510|3|1||7|07|||8|58.0|150|||2||||||||||||52UZPE01152001T38MT01EBS001H038552UZPE01152001T38MT01EBS001H0385F0385|52UZPE01152001T38MT01EBS001H038552UZPE01152001T38MT01EBS001H0385F0385CC1085257120
3|714|IVETT|ARIADNA|CHAZATAR|CUCARDO|TI|1080046593|2017-03-06|2|2|6|9998|3|2||8|07|||8|25.0|110|||2||||||||||||52UZPE01152001T38MT01EBS001H038552UZPE01152001T38MT01EBS001H0385F0385|52UZPE01152001T38MT01EBS001H038552UZPE01152001T38MT01EBS001H0385F0385TI1080046593
3|715|ENRIQUE|ARTEMIO|CUCARDO|VELTRAN|CC|12981745|1964-06-06|1|2|6|9510|3|1||3|07|||8|70.0|160|||2||||||||||||52UZPE01152001T38MT01EBS001H038552UZPE01152001T38MT01EBS001H0385F0385|52UZPE01152001T38MT01EBS001H038552UZPE01152001T38MT01EBS001H0385F0385CC12981745
3|716|JHON|JAIRO|ZAMBRANO|CADENA|CC|5204900|1978-03-02|1|2|6|9510|3|1||7|07|||8|80.0|170|||2||||||||||||52UZPE01152001T38MT04EBS001H038952UZPE01152001T38MT04EBS001H0389F0389|52UZPE01152001T38MT04EBS001H038952UZPE01152001T38MT04EBS001H0389F0389CC5204900
3|717|NUVIA|MARICELA|ROSERO|BOTINA|CC|27093353|1976-08-29|2|2|6|9510|3|1||7|07|||8|67.0|162|||2||||||||||||52UZPE01152001T38MT04EBS001H038952UZPE01152001T38MT04EBS001H0389F0389|52UZPE01152001T38MT04EBS001H038952UZPE01152001T38MT04EBS001H0389F0389CC27093353
3|718|DANIELA|ALEJANDRA|ZAMVRANO|ROSERO|CC|1004236373|2002-05-18|2|2|6|9998|3|1||7|07|||8|70.0|160|||2||||||||||||52UZPE01152001T38MT04EBS001H038952UZPE01152001T38MT04EBS001H0389F0389|52UZPE01152001T38MT04EBS001H038952UZPE01152001T38MT04EBS001H0389F0389CC1004236373
3|719|JUBENCIO|RRINEL|DELGADO|SALAZAR|CC|87530549|1966-03-15|1|2|6|9510|3|1||7|07|||8|58.0|160|||2||||||||||||52UZPE01152001T38MT04EBS001H039052UZPE01152001T38MT04EBS001H0390F0390|52UZPE01152001T38MT04EBS001H039052UZPE01152001T38MT04EBS001H0390F0390CC87530549
3|720|LUZ|ANGELICA|SALAZAR|MELO|CC|27221712|1929-03-07|2|2|6|9998|3|1||3|07|||8|45.0|150|||2||||||||||||52UZPE01152001T38MT04EBS001H039052UZPE01152001T38MT04EBS001H0390F0390|52UZPE01152001T38MT04EBS001H039052UZPE01152001T38MT04EBS001H0390F0390CC27221712
3|721|DELFINA|MAGDALEN|DELGADO|SALAZAR|CC|2721943|1962-03-20|2|2|6|9510|3|1||3|07|||8|58.0|143|||2||||||||||||52UZPE01152001T38MT04EBS001H039052UZPE01152001T38MT04EBS001H0390F0390|52UZPE01152001T38MT04EBS001H039052UZPE01152001T38MT04EBS001H0390F0390CC2721943
3|722|PAOLA|NATALY|DUENAS|MUNOZ|CC|1085265521|1988-02-04|2|2|6|9510|3|1||7|07|||8|62.0|156|||2||||||||||||52UZPE01152001T38MT04EBS001H039152UZPE01152001T38MT04EBS001H0391F0391|52UZPE01152001T38MT04EBS001H039152UZPE01152001T38MT04EBS001H0391F0391CC1085265521
3|723|JOSE|MAURICIO|CORDOBA|NA|CC|10303761|1981-07-19|1|2|6|9510|3|1||7|07|||8|75.0|170|||2||||||||||||52UZPE01152001T38MT04EBS001H039152UZPE01152001T38MT04EBS001H0391F0391|52UZPE01152001T38MT04EBS001H039152UZPE01152001T38MT04EBS001H0391F0391CC10303761
3|724|CARLOTA|NA|PADILLA|NA|CC|28656739|1962-05-20|2|2|6|9998|3|1||3|07|||8|61.0|166|||2||||||||||||52UZPE01152001T38MT01EBS001H039352UZPE01152001T38MT01EBS001H0393F0393|52UZPE01152001T38MT01EBS001H039352UZPE01152001T38MT01EBS001H0393F0393CC28656739
3|725|GERMAN|EDUARDO|MUNOZ|NA|CC|5377802|1958-07-21|1|2|6|9510|3|1||3|07|||8|65.0|172|||2||||||||||||52UZPE01152001T38MT01EBS001H039352UZPE01152001T38MT01EBS001H0393F0393|52UZPE01152001T38MT01EBS001H039352UZPE01152001T38MT01EBS001H0393F0393CC5377802
3|726|LUZ|MARIA|JOJOA|PAZ|CC|59816249|1967-01-05|2|2|6|9998|3|1||7|07|||8|50.0|150|||2||||||||||||52UZPE01152001T38MT04EBS001H039452UZPE01152001T38MT04EBS001H0394F0394|52UZPE01152001T38MT04EBS001H039452UZPE01152001T38MT04EBS001H0394F0394CC59816249
3|727|JUSTO|JESUS|PUCHANA|CASTILLO|CC|19243651|1954-07-12|1|2|6|9999|3|1||3|07|||8|68.0|170|||2||||||||||||52UZPE01152001T38MT04EBS001H039452UZPE01152001T38MT04EBS001H0394F0394|52UZPE01152001T38MT04EBS001H039452UZPE01152001T38MT04EBS001H0394F0394CC19243651
3|728|SILVIO|GERMAN|DELACRUZ|GUARNICA|CC|13071671|1981-01-10|1|2|6|5169|3|1||7|07|||8|60.0|165|||2||||||||||||52UZPE01152001T38MT04EBS001H039552UZPE01152001T38MT04EBS001H0395F0395|52UZPE01152001T38MT04EBS001H039552UZPE01152001T38MT04EBS001H0395F0395CC13071671
3|729|SEGUNDO|GUILLERMO|DELACRUZ|NA|CC|12955167|1950-08-03|1|2|6|5169|3|2||3|07|||8|60.0|150|||2||||||||||||52UZPE01152001T38MT04EBS001H039552UZPE01152001T38MT04EBS001H0395F0395|52UZPE01152001T38MT04EBS001H039552UZPE01152001T38MT04EBS001H0395F0395CC12955167
3|730|ANA|LUCIA|DELACRUZ|GUARNICA|CC|37082767|1983-05-20|2|2|6|9998|3|1||7|07|||8|52.0|160|||2||||||||||||52UZPE01152001T38MT04EBS001H039552UZPE01152001T38MT04EBS001H0395F0395|52UZPE01152001T38MT04EBS001H039552UZPE01152001T38MT04EBS001H0395F0395CC37082767
3|731|MARIA|AURORA|GUARNICA|NA|CC|27394550|1955-06-10|2|2|6|9998|3|1||3|07|||8|50.0|150|||2||||||||||||52UZPE01152001T38MT04EBS001H039552UZPE01152001T38MT04EBS001H0395F0395|52UZPE01152001T38MT04EBS001H039552UZPE01152001T38MT04EBS001H0395F0395CC27394550
3|732|JUAN|PABLO|ARTEAGA|DELACRUZ|RC|1080070924|2020-07-13|1|2|6|9998|3|2||8|07|||8|||||2||||||||||||52UZPE01152001T38MT04EBS001H039652UZPE01152001T38MT04EBS001H0396F0396|52UZPE01152001T38MT04EBS001H039652UZPE01152001T38MT04EBS001H0396F0396RC1080070924
3|733|PATRICIA|DELSOCORRO|DELACRUZ|GUARNICA|CC|36954651|1979-12-24|2|2|6|5169|3|2||7|07|||8|40.0|155|||2||||||||||||52UZPE01152001T38MT04EBS001H039652UZPE01152001T38MT04EBS001H0396F0396|52UZPE01152001T38MT04EBS001H039652UZPE01152001T38MT04EBS001H0396F0396CC36954651
3|734|JONATAN|HERNAN|LOPEZ|MUNOZ|CC|1085303558|1992-01-26|1|2|6|5169|3|2||7|07|||8|80.0|168|||2||||||||||||52UZPE01152001T38MT04EBS001H039852UZPE01152001T38MT04EBS001H0398F0398|52UZPE01152001T38MT04EBS001H039852UZPE01152001T38MT04EBS001H0398F0398CC1085303558
3|735|DARLYN|TATIANA|CALVACHE|FREIDEL|CC|1085344427|1999-03-11|2|2|6|9998|3|1||7|07|||8|83.0|168|||2||||||||||||52UZPE01152001T38MT04EBS001H039852UZPE01152001T38MT04EBS001H0398F0398|52UZPE01152001T38MT04EBS001H039852UZPE01152001T38MT04EBS001H0398F0398CC1085344427
3|736|LEIDY|ALEXANDRA|GOMEZ|GOMEZ|CC|10044710107|1998-04-24|2|2|6|9998|3|1||7|07|||8|45.0|155|||2||||||||||||52UZPE01152001T38MT04EBS001H039952UZPE01152001T38MT04EBS001H0399F0399|52UZPE01152001T38MT04EBS001H039952UZPE01152001T38MT04EBS001H0399F0399CC10044710107
3|737|MARIA|DORIS|GOMEZ|GOMEZ|CC|27145894|1973-01-03|2|2|6|9998|3|1||7|07|||8|57.0|150|||2||||||||||||52UZPE01152001T38MT04EBS001H039952UZPE01152001T38MT04EBS001H0399F0399|52UZPE01152001T38MT04EBS001H039952UZPE01152001T38MT04EBS001H0399F0399CC27145894
3|738|SANDRA|PATRICIA|CADENA|RODRIGUEZ|CC|27081426|1977-08-22|2|2|6|9998|3|1||7|07|||8|61.0|151|||2||||||||||||52UZPE01152001T38MT04EBS001H040252UZPE01152001T38MT04EBS001H0402F0402|52UZPE01152001T38MT04EBS001H040252UZPE01152001T38MT04EBS001H0402F0402CC27081426
3|739|JOSE|ANDRES|PAZ|CADENA|CC|1085309889|1994-06-11|1|2|6|9510|3|1||7|07|||8|82.0|165|||2||||||||||||52UZPE01152001T38MT04EBS001H040252UZPE01152001T38MT04EBS001H0402F0402|52UZPE01152001T38MT04EBS001H040252UZPE01152001T38MT04EBS001H0402F0402CC1085309889
3|740|ANGEL|DANIELA|PAZ|CADENA|CC|1085340760|1998-04-12|2|2|6|9510|3|1||7|07|||8|55.0|150|||2||||||||||||52UZPE01152001T38MT04EBS001H040252UZPE01152001T38MT04EBS001H0402F0402|52UZPE01152001T38MT04EBS001H040252UZPE01152001T38MT04EBS001H0402F0402CC1085340760
3|741|ROSALBA|DELCARMEN|PANTOJA|NARVAEZ|CC|27199307|1969-04-03|2|2|6|9998|3|1||7|07|||8|70.0|165|||2||||||||||||52UZPE01152001T38MT04EBS001H040652UZPE01152001T38MT04EBS001H0406F0406|52UZPE01152001T38MT04EBS001H040652UZPE01152001T38MT04EBS001H0406F0406CC27199307
3|742|SARA|LUCIA|NARVAEZ|PANTOJA|CC|1085334982|1997-05-29|2|2|6|9998|3|1||7|07|||8|78.0|167|||2||||||||||||52UZPE01152001T38MT04EBS001H040752UZPE01152001T38MT04EBS001H0407F0407|52UZPE01152001T38MT04EBS001H040752UZPE01152001T38MT04EBS001H0407F0407CC1085334982
3|743|IVY|CATALEYA|VILLARREAL|NARVAEZ|RC|1086364655|2024-04-18|2|2|6|9998|3|1||8|07|||8|||||2||||||||||||52UZPE01152001T38MT04EBS001H040752UZPE01152001T38MT04EBS001H0407F0407|52UZPE01152001T38MT04EBS001H040752UZPE01152001T38MT04EBS001H0407F0407RC1086364655
3|744|CELIMO|NA|VALLEJO|CAICEDO|CC|12953800|1949-01-17|1|2|6|9999|3|2||3|07|||8|81.0|168|||2||||||||||||52UZPE01152001T38MT04EBS001H040852UZPE01152001T38MT04EBS001H0408F0408|52UZPE01152001T38MT04EBS001H040852UZPE01152001T38MT04EBS001H0408F0408CC12953800
3|745|ESPERANZA|EDILMA|SOLARTE|NA|CC|27354270|1954-08-08|2|2|6|9999|3|2||3|07|||8|70.0|149|||2||||||||||||52UZPE01152001T38MT04EBS001H040852UZPE01152001T38MT04EBS001H0408F0408|52UZPE01152001T38MT04EBS001H040852UZPE01152001T38MT04EBS001H0408F0408CC27354270
3|746|YORKY|MAIK|GOMEZ|CASTILLO|RC|1080842108|2022-07-29|1|2|6|9998|3|1||8|07|||8|||||2||||||||||||52UZPE01152001T38MT04EBS001H041152UZPE01152001T38MT04EBS001H0411F0411|52UZPE01152001T38MT04EBS001H041152UZPE01152001T38MT04EBS001H0411F0411RC1080842108
3|747|MARIA|LEYSI|CASTILLO|CORTEZ|CC|1085318588|1993-07-14|2|2|6|9510|3|1||7|07|||8|66.0|146|||2||||||||||||52UZPE01152001T38MT04EBS001H041152UZPE01152001T38MT04EBS001H0411F0411|52UZPE01152001T38MT04EBS001H041152UZPE01152001T38MT04EBS001H0411F0411CC1085318588
3|748|YEINER|ALEJANDRO|AREVALO|CASTILLO|TI|1080062488|2013-09-07|1|2|6|9998|3|1||8|07|||8|32.0|136|||2||||||||||||52UZPE01152001T38MT04EBS001H041152UZPE01152001T38MT04EBS001H0411F0411|52UZPE01152001T38MT04EBS001H041152UZPE01152001T38MT04EBS001H0411F0411TI1080062488
3|749|ANGIE|STEFANY|GUERRERO|PAEZ|CC|3104027706|1992-10-27|2|2|6|9510|3|1||7|07|||8|76.0|168|||2||||||||||||52UZPE01152001T38MT04EBS001H041352UZPE01152001T38MT04EBS001H0413F0413|52UZPE01152001T38MT04EBS001H041352UZPE01152001T38MT04EBS001H0413F0413CC3104027706
3|750|ANDRES|FELIPE|ROSERO|HOYOS|CC|1085284076|1992-05-17|1|2|6|9510|3|1||7|07|||8|73.0|172|||2||||||||||||52UZPE01152001T38MT04EBS001H041352UZPE01152001T38MT04EBS001H0413F0413|52UZPE01152001T38MT04EBS001H041352UZPE01152001T38MT04EBS001H0413F0413CC1085284076
3|751|JOHANNA|KAROL|URBANO|NOTIENE|CC|1086695050|1985-07-30|2|2|6|9510|3|1||7|07|||8|60.0|148|||2||||||||||||52UZPE01152001T38MT04EBS001H041452UZPE01152001T38MT04EBS001H0414F0414|52UZPE01152001T38MT04EBS001H041452UZPE01152001T38MT04EBS001H0414F0414CC1086695050
3|752|AMANDA|NATALI|ROSERO|ACOSTA|CC|1085911535|1987-07-05|2|2|6|9510|3|1||7|07|||8|50.0|156|||2||||||||||||52UZPE01152001T38MT04EBS001H041752UZPE01152001T38MT04EBS001H0417F0417|52UZPE01152001T38MT04EBS001H041752UZPE01152001T38MT04EBS001H0417F0417CC1085911535
3|753|ANA|ISABEL|ZAMBRANO|GUERRERO|CC|59821248|1971-05-18|2|2|6|9998|3|2||7|07|||8|58.0|158|||2||||||||||||52UZPE01152001T38MT04EBS001H041852UZPE01152001T38MT04EBS001H0418F0418|52UZPE01152001T38MT04EBS001H041852UZPE01152001T38MT04EBS001H0418F0418CC59821248
3|754|DANIELA|ALEXANDRA|CANTUCA|TUMAL|CC|1193271812|2001-11-19|2|2|6|9998|3|1||7|07|||8|49.0|159|||2||||||||||||52UZPE01152001T38MT01EBS001H042152UZPE01152001T38MT01EBS001H0421F0421|52UZPE01152001T38MT01EBS001H042152UZPE01152001T38MT01EBS001H0421F0421CC1193271812
3|755|ALISON|VALENTINA|ROBLES|GOMEZ|TI|1080696623|2011-04-22|2|2|6|9998|3|1||1|07|||8|40.0|146|||2||||||||||||52UZPE01152001T38MT03EBS001H041952UZPE01152001T38MT03EBS001H0419F0419|52UZPE01152001T38MT03EBS001H041952UZPE01152001T38MT03EBS001H0419F0419TI1080696623
3|756|DENY|MARITZA|GOMEZ|HERNANDEZ|CC|36754617|1979-07-31|2|2|6|9998|3|1||7|07|||8|55.0|146|||2||||||||||||52UZPE01152001T38MT03EBS001H041952UZPE01152001T38MT03EBS001H0419F0419|52UZPE01152001T38MT03EBS001H041952UZPE01152001T38MT03EBS001H0419F0419CC36754617
3|757|DARY|CAMILA|CUZIT|NA|CC|1193272995|2001-08-14|2|2|6|5169|3|2||7|07|||8|61.1|150|||2||||||||||||52UZPE01152001T38MT01EBS001H042252UZPE01152001T38MT01EBS001H0422F0422|52UZPE01152001T38MT01EBS001H042252UZPE01152001T38MT01EBS001H0422F0422CC1193272995
3|758|LIAN|SAMUEL|MERCHANCANO|CUSIS|RC|1030004060|2023-07-06|1|2|6|9998|3|2||8|07|||8|||||2||||||||||||52UZPE01152001T38MT01EBS001H042252UZPE01152001T38MT01EBS001H0422F0422|52UZPE01152001T38MT01EBS001H042252UZPE01152001T38MT01EBS001H0422F0422RC1030004060
3|759|MARTA|ROSARIO|DELGADO|SINSACUAN|CC|30741176|1964-06-17|2|2|6|9998|3|2||3|07|||8|60.0|155|||2||||||||||||52UZPE01152001T38MT03EBS001H042452UZPE01152001T38MT03EBS001H0424F0424|52UZPE01152001T38MT03EBS001H042452UZPE01152001T38MT03EBS001H0424F0424CC30741176
3|760|ERICK|FERNANDO|PUPIALES|MAINGUEZ|CC|1085332193|1996-10-29|1|2|6|5169|3|2||7|07|||8|72.0|172|||2||||||||||||52UZPE01152001T38MT01EBS001H042652UZPE01152001T38MT01EBS001H0426F0426|52UZPE01152001T38MT01EBS001H042652UZPE01152001T38MT01EBS001H0426F0426CC1085332193
3|761|MARIA|JULIA|MAINGUEZ|YAMPUENZAN|CC|59814535|1970-04-29|2|2|6|5169|3|2||7|07|||8|60.0|156|||2||||||||||||52UZPE01152001T38MT01EBS001H042652UZPE01152001T38MT01EBS001H0426F0426|52UZPE01152001T38MT01EBS001H042652UZPE01152001T38MT01EBS001H0426F0426CC59814535
3|762|MARIA|MERCEDES|LOPEZ|MARTINEZ|CC|27095735|1935-05-31|2|2|6|9998|3|1||3|07|||8|48.0|145|||2||||||||||||52UZPE01152001T38MT01EBS001H042852UZPE01152001T38MT01EBS001H0428F0428|52UZPE01152001T38MT01EBS001H042852UZPE01152001T38MT01EBS001H0428F0428CC27095735
3|763|DELGADO|RIVERA|LUZ|ANGELA|CC|1085346196|1999-06-29|2|2|6|9510|3|1||7|07|||8|64.0|164|||2||||||||||||52UZPE01152001T38MT01EBS001H042952UZPE01152001T38MT01EBS001H0429F0429|52UZPE01152001T38MT01EBS001H042952UZPE01152001T38MT01EBS001H0429F0429CC1085346196
3|764|RAMIRO|GERARDO|DELGADO|NA|CC|98378157|1970-07-07|1|2|6|9510|3|1||7|07|||8|68.0|161|||2||||||||||||52UZPE01152001T38MT01EBS001H043052UZPE01152001T38MT01EBS001H0430F0430|52UZPE01152001T38MT01EBS001H043052UZPE01152001T38MT01EBS001H0430F0430CC98378157
3|765|FRANCISCO|NA|TUTISTAR|DELACRUZ|CC|5203249|1947-03-13|1|2|6|9998|3|1||3|07|||8|74.0|169|||2||||||||||||52UZPE01152001T38MT02EBS001H043252UZPE01152001T38MT02EBS001H0432F0432|52UZPE01152001T38MT02EBS001H043252UZPE01152001T38MT02EBS001H0432F0432CC5203249
3|766|CLARA|NA|JOJOAMIER|CASTILLO|CC|30703330|1953-04-20|2|2|6|9998|3|1||3|07|||8|66.0|165|||2||||||||||||52UZPE01152001T38MT02EBS001H043252UZPE01152001T38MT02EBS001H0432F0432|52UZPE01152001T38MT02EBS001H043252UZPE01152001T38MT02EBS001H0432F0432CC30703330
3|767|AURELIO|NA|VILLOTA|BASTIDAS|CC|59837569|1975-02-19|1|2|6|9510|3|2||7|07|||8|45.0|153|||2||||||||||||52UZPE01152001T38MT02EBS001H043452UZPE01152001T38MT02EBS001H0434F0434|52UZPE01152001T38MT02EBS001H043452UZPE01152001T38MT02EBS001H0434F0434CC59837569
3|768|MARIA|LUCILA|BASTIDAS|BASTIDAS|CC|27084210|1943-08-05|2|2|6|9998|3|1||3|07|||8|57.0|153|||2||||||||||||52UZPE01152001T38MT02EBS001H043452UZPE01152001T38MT02EBS001H0434F0434|52UZPE01152001T38MT02EBS001H043452UZPE01152001T38MT02EBS001H0434F0434CC27084210
3|769|ANA|LUCIA|TUTISTAR|MIER|CC|59827932|1970-08-27|2|2|6|9998|3|1||7|07|||8|65.0|160|||2||||||||||||52UZPE01152001T38MT02EBS001H043552UZPE01152001T38MT02EBS001H0435F0435|52UZPE01152001T38MT02EBS001H043552UZPE01152001T38MT02EBS001H0435F0435CC59827932
3|770|JOHANA|MARILYN|YACELGA|BASTIDAS|CC|36757578|1982-03-09|2|2|5|9998|2|1||7|07|||8|60.0|150|||2||||||||||||52UZPE01152001T38MT02EBS001H043652UZPE01152001T38MT02EBS001H0436F0436|52UZPE01152001T38MT02EBS001H043652UZPE01152001T38MT02EBS001H0436F0436CC36757578
3|771|JENY|ALICIA|CUSIS|DELACRUZ|CC|36756997|1982-03-23|2|2|6|9998|3|2||7|07|||8|72.0|155|||2||||||||||||52UZPE01152001T38MT01EBS001H042352UZPE01152001T38MT01EBS001H0423F0423|52UZPE01152001T38MT01EBS001H042352UZPE01152001T38MT01EBS001H0423F0423CC36756997
3|772|ALONSO|NA|CUSIS|MARTINEZ|CC|98396134|1977-01-08|1|2|6|5169|3|2||7|07|||8|76.0|170|||2||||||||||||52UZPE01152001T38MT01EBS001H042352UZPE01152001T38MT01EBS001H0423F0423|52UZPE01152001T38MT01EBS001H042352UZPE01152001T38MT01EBS001H0423F0423CC98396134
3|773|NELSON|ENRIQUE|DIAZ|TUMAL|CC|98396618|1977-05-03|1|2|6|9998|3|2||7|07|||8|77.0|165|||2||||||||||||52UZPE01152001T38MT01EBS001H043852UZPE01152001T38MT01EBS001H0438F0438|52UZPE01152001T38MT01EBS001H043852UZPE01152001T38MT01EBS001H0438F0438CC98396618
3|774|FABIOLA|DEJESUS|VIZCAINO|CORAL|CC|36952810|1978-12-22|2|2|6|9510|3|1||7|07|||8|64.0|163|||2||||||||||||52UZPE01152001T38MT03EBS001H044052UZPE01152001T38MT03EBS001H0440F0440|52UZPE01152001T38MT03EBS001H044052UZPE01152001T38MT03EBS001H0440F0440CC36952810
3|775|ALISON|SOFIA|ORTEGA|VIZCAINO|TI|1080704942|2018-03-18|2|2|6|9998|3|1||8|07|||8|21.0|119|||2||||||||||||52UZPE01152001T38MT03EBS001H044052UZPE01152001T38MT03EBS001H0440F0440|52UZPE01152001T38MT03EBS001H044052UZPE01152001T38MT03EBS001H0440F0440TI1080704942
3|776|JULIAN|ANDRES|ZAMBRANO|VIZCAINO|TI|1080056633|2010-03-12|1|2|6|9998|3|1||1|07|||8|60.0|168|||2||||||||||||52UZPE01152001T38MT03EBS001H044052UZPE01152001T38MT03EBS001H0440F0440|52UZPE01152001T38MT03EBS001H044052UZPE01152001T38MT03EBS001H0440F0440TI1080056633
3|777|LEYDY|CRISTINA|CHIRAL|NARVAEZ|CC|37084068|1983-04-02|2|2|6|9998|3|1||7|07|||8|76.0|165|||2||||||||||||52UZPE01152001T38MT03EBS001H044152UZPE01152001T38MT03EBS001H0441F0441|52UZPE01152001T38MT03EBS001H044152UZPE01152001T38MT03EBS001H0441F0441CC37084068
3|778|TANIA|ALEJANDRA|DIAZ|CHIRAL|CC|1004135299|2002-11-07|2|2|6|9998|3|1||7|07|||8|55.0|157|||2||||||||||||52UZPE01152001T38MT03EBS001H044152UZPE01152001T38MT03EBS001H0441F0441|52UZPE01152001T38MT03EBS001H044152UZPE01152001T38MT03EBS001H0441F0441CC1004135299
3|779|MAYCK|NICOLAS|CHAPUES|CHINGUA|RC|1080069628|2019-03-25|1|2|6|9998|3|1||8|07|||8|16.0|89|||2||||||||||||52UZPE01152001T38MT03EBS001H044252UZPE01152001T38MT03EBS001H0442F0442|52UZPE01152001T38MT03EBS001H044252UZPE01152001T38MT03EBS001H0442F0442RC1080069628
3|780|ALISSON|JULIETH|CHAPUES|CHINGUA|TI|1080056449|2010-01-28|2|2|6|9998|3|1||1|07|||8|48.0|145|||2||||||||||||52UZPE01152001T38MT03EBS001H044252UZPE01152001T38MT03EBS001H0442F0442|52UZPE01152001T38MT03EBS001H044252UZPE01152001T38MT03EBS001H0442F0442TI1080056449
3|781|DORIS|LUCIA|CHINGUA|NA|CC|36954525|1982-04-04|2|2|6|9510|3|1||7|07|||8|62.5|150|||2||||||||||||52UZPE01152001T38MT03EBS001H044252UZPE01152001T38MT03EBS001H0442F0442|52UZPE01152001T38MT03EBS001H044252UZPE01152001T38MT03EBS001H0442F0442CC36954525
3|782|MARIA|TRANSITO|BASTIDAS|PANTOJA|CC|36924234|1956-09-30|2|2|5|9998|2|1||3|07|||8|67.0|142|||2||||||||||||52UZPE01152001T38MT02EBS001H043952UZPE01152001T38MT02EBS001H0439F0439|52UZPE01152001T38MT02EBS001H043952UZPE01152001T38MT02EBS001H0439F0439CC36924234
3|783|JORGE|ENRIQUE|LOPEZ|ALTAMIRANO|CC|1085296059|1992-02-03|1|2|6|9998|3|1||7|07|||8|60.0|165|||2||||||||||||52UZPE01152001T38MT02EBS001H044352UZPE01152001T38MT02EBS001H0443F0443|52UZPE01152001T38MT02EBS001H044352UZPE01152001T38MT02EBS001H0443F0443CC1085296059
3|784|MARIA|CANDIDA|ALTAMIRANO|NA|CC|37455324|1955-01-22|2|2|6|9999|3|1||3|07|||8|60.0|148|||2||||||||||||52UZPE01152001T38MT02EBS001H044352UZPE01152001T38MT02EBS001H0443F0443|52UZPE01152001T38MT02EBS001H044352UZPE01152001T38MT02EBS001H0443F0443CC37455324
3|785|MARIA|AYDA|BURBANO|PATINO|CC|30735304|1986-05-21|2|2|6|9998|3|1||7|07|||8|68.0|157|||2||||||||||||52UZPE01152001T38MT02EBS001H044452UZPE01152001T38MT02EBS001H0444F0444|52UZPE01152001T38MT02EBS001H044452UZPE01152001T38MT02EBS001H0444F0444CC30735304
3|786|LUIS|ANTONIO|DIAZ|MAIGUAL|CC|98341439|1966-12-12|1|2|6|9998|3|1||7|07|||8|62.0|160|||2||||||||||||52UZPE01152001T38MT02EBS001H044452UZPE01152001T38MT02EBS001H0444F0444|52UZPE01152001T38MT02EBS001H044452UZPE01152001T38MT02EBS001H0444F0444CC98341439
3|787|ESTEBAN|DANIEL|CHAPUEZ|DORADO|CC|123389941|1997-07-15|1|2|6|9999|2|1||7|07|||8|72.0|160|||2||||||||||||52UZPE01152001T38MT02EBS001H044752UZPE01152001T38MT02EBS001H0447F0447|52UZPE01152001T38MT02EBS001H044752UZPE01152001T38MT02EBS001H0447F0447CC123389941
3|788|ANGELI|YERALDINE|COSTAIN|PANTOJA|TI|1137089539|2008-04-05|2|2|6|9998|3|1||1|07|||8|61.0|152|||2||||||||||||52UZPE01152001T38MT01EBS001H044652UZPE01152001T38MT01EBS001H0446F0446|52UZPE01152001T38MT01EBS001H044652UZPE01152001T38MT01EBS001H0446F0446TI1137089539
3|789|RICHARD|ALEXANDER|COSTAIN|BASTIDAS|CC|1085270988|1989-01-06|1|2|6|9510|3|1||7|07|||8|17.3|74|||2||||||||||||52UZPE01152001T38MT01EBS001H044652UZPE01152001T38MT01EBS001H0446F0446|52UZPE01152001T38MT01EBS001H044652UZPE01152001T38MT01EBS001H0446F0446CC1085270988
3|790|LESLY|TATIANA|ITUYAN|MELO|CC|1010099275|1998-11-03|2|2|6|9510|3|1||7|07|||8|60.0|155|||2||||||||||||52UZPE01152001T38MT03EBS001H045252UZPE01152001T38MT03EBS001H0452F0452|52UZPE01152001T38MT03EBS001H045252UZPE01152001T38MT03EBS001H0452F0452CC1010099275
3|791|JESUS|NA|DIMAS|CUNDAR|CC|12976626|1962-01-02|1|2|6|9998|3|1||3|07|||8|69.5|172|||2||||||||||||52UZPE01152001T38MT03EBS001H045552UZPE01152001T38MT03EBS001H0455F0455|52UZPE01152001T38MT03EBS001H045552UZPE01152001T38MT03EBS001H0455F0455CC12976626
3|792|ANA|MILENA|NARVAEZ|PAREDES|CC|1085257615|1984-05-16|2|2|6|9998|3|1||7|07|||8|84.0|156|||2||||||||||||52UZPE01152001T38MT03EBS001H045752UZPE01152001T38MT03EBS001H0457F0457|52UZPE01152001T38MT03EBS001H045752UZPE01152001T38MT03EBS001H0457F0457CC1085257615
3|793|OSCAR|WILMER|ABAHONZA|CHAPUEL|CC|87064450|1983-03-08|1|2|6|9510|3|1||7|07|||8|11.5|163|||2||||||||||||52UZPE01152001T38MT03EBS001H045752UZPE01152001T38MT03EBS001H0457F0457|52UZPE01152001T38MT03EBS001H045752UZPE01152001T38MT03EBS001H0457F0457CC87064450
3|794|OSCAR|IVAN|ABAHONZA|NARVAEZ|CC|1193271444|2001-09-05|1|2|6|9510|3|1||7|07|||8|10.0|175|||2||||||||||||52UZPE01152001T38MT03EBS001H045752UZPE01152001T38MT03EBS001H0457F0457|52UZPE01152001T38MT03EBS001H045752UZPE01152001T38MT03EBS001H0457F0457CC1193271444
3|795|BREINER|NICOLAS|ABAHONZA|NARVAEZ|TI|1193271440|2012-02-24|1|2|6|9998|3|1||1|07|||8|79.0|157|||2||||||||||||52UZPE01152001T38MT03EBS001H045752UZPE01152001T38MT03EBS001H0457F0457|52UZPE01152001T38MT03EBS001H045752UZPE01152001T38MT03EBS001H0457F0457TI1193271440
3|796|CLAUDIA|JAQUELINE|RUIZ|NA|CC|59819575|1967-01-05|2|2|6|9998|3|1||7|07|||8|58.0|158|||2||||||||||||52UZPE01152001T38MT03EBS001H045952UZPE01152001T38MT03EBS001H0459F0459|52UZPE01152001T38MT03EBS001H045952UZPE01152001T38MT03EBS001H0459F0459CC59819575
3|797|DIEGO|NA|KLINGER|TUMAL|CC|12980827|1963-12-28|1|2|6|9510|3|1||3|07|||8|78.0|163|||2||||||||||||52UZPE01152001T38MT03EBS001H045952UZPE01152001T38MT03EBS001H0459F0459|52UZPE01152001T38MT03EBS001H045952UZPE01152001T38MT03EBS001H0459F0459CC12980827
3|798|MARIA|OLGA|BURBANO|DESANTACRUZ|CC|30709497|1954-12-30|2|2|6|9998|3|2||3|07|||8|72.0|156|||2||||||||||||52UZPE01152001T38MT03EBS001H046052UZPE01152001T38MT03EBS001H0460F0460|52UZPE01152001T38MT03EBS001H046052UZPE01152001T38MT03EBS001H0460F0460CC30709497
3|799|JOSE|RAFAEL|SANTACRUZ|VILLAREAL|CC|12964560|1954-09-03|1|2|6|9998|3|2||3|07|||8|70.0|168|||2||||||||||||52UZPE01152001T38MT03EBS001H046052UZPE01152001T38MT03EBS001H0460F0460|52UZPE01152001T38MT03EBS001H046052UZPE01152001T38MT03EBS001H0460F0460CC12964560
3|800|JHON|JAIRO|SANTACRUZ|BURBANO|CC|98396443|1977-03-31|1|2|6|5169|3|2||7|07|||8|80.0|170|||2||||||||||||52UZPE01152001T38MT03EBS001H046152UZPE01152001T38MT03EBS001H0461F0461|52UZPE01152001T38MT03EBS001H046152UZPE01152001T38MT03EBS001H0461F0461CC98396443
3|801|LAURA|VANESA|ROJAS|CUASES|CC|1085338441|1998-01-19|2|2|6|9999|3|1||7|07|||8|45.0|153|||2||||||||||||52UZPE01152001T38MT02EBS001H046252UZPE01152001T38MT02EBS001H0462F0462|52UZPE01152001T38MT02EBS001H046252UZPE01152001T38MT02EBS001H0462F0462CC1085338441
3|802|LAURA|ESPERANZA|CUASES|MARCILLO|CC|79813568|1968-06-17|2|2|6|9999|3|1||7|07|||8|75.0|150|||2||||||||||||52UZPE01152001T38MT02EBS001H046252UZPE01152001T38MT02EBS001H0462F0462|52UZPE01152001T38MT02EBS001H046252UZPE01152001T38MT02EBS001H0462F0462CC79813568
3|803|ZULLY|CAROLINA|TREJO|BENAVIDES|CC|1080047767|2006-09-25|2|2|6|9998|3|1||7|07|||8|55.0|150|||2||||||||||||52UZPE01152001T38MT03EBS001H046352UZPE01152001T38MT03EBS001H0463F0463|52UZPE01152001T38MT03EBS001H046352UZPE01152001T38MT03EBS001H0463F0463CC1080047767
3|804|HUGO|FERNANDO|BENAVIDES|LOPEZ|CC|1004181415|1990-08-01|1|2|6|9510|3|1||7|07|||8|65.0|180|||2||||||||||||52UZPE01152001T38MT03EBS001H046352UZPE01152001T38MT03EBS001H0463F0463|52UZPE01152001T38MT03EBS001H046352UZPE01152001T38MT03EBS001H0463F0463CC1004181415
3|805|ANGELA|PATRICIA|BENAVIDES|NA|CC|37088331|1985-07-21|2|2|6|9998|3|1||7|07|||8|85.0|155|||2||||||||||||52UZPE01152001T38MT03EBS001H046352UZPE01152001T38MT03EBS001H0463F0463|52UZPE01152001T38MT03EBS001H046352UZPE01152001T38MT03EBS001H0463F0463CC37088331
3|806|SHELLY|SAMARA|ROSERO|DELACRUZ|TI|1081281091|2010-09-08|2|2|6|9998|3|1||1|07|||8|42.0|148|||2||||||||||||52UZPE01152001T38MT03EBS001H046452UZPE01152001T38MT03EBS001H0464F0464|52UZPE01152001T38MT03EBS001H046452UZPE01152001T38MT03EBS001H0464F0464TI1081281091
3|807|ALEXANDER|MANUEL|ROSERO|UNIGARRO|CC|16891563|1977-06-21|1|2|6|9622|3|1||7|07|||8|78.0|172|||2||||||||||||52UZPE01152001T38MT03EBS001H046452UZPE01152001T38MT03EBS001H0464F0464|52UZPE01152001T38MT03EBS001H046452UZPE01152001T38MT03EBS001H0464F0464CC16891563
3|808|JOSE|MANUEL|ROSERO|DELACRUZ|CC|1006997402|2002-11-02|1|2|6|9510|3|1||7|07|||8|91.0|180|||2||||||||||||52UZPE01152001T38MT03EBS001H046452UZPE01152001T38MT03EBS001H0464F0464|52UZPE01152001T38MT03EBS001H046452UZPE01152001T38MT03EBS001H0464F0464CC1006997402
3|809|SANDRA|MILENA|DELACRUZ|BURBANO|CC|27088083|1978-06-27|2|2|6|9998|3|1||7|07|||8|78.0|154|||2||||||||||||52UZPE01152001T38MT03EBS001H046452UZPE01152001T38MT03EBS001H0464F0464|52UZPE01152001T38MT03EBS001H046452UZPE01152001T38MT03EBS001H0464F0464CC27088083
3|810|MARIA|DENCARMEN|CUASES|MARCILLO|CC|30716765|1953-01-16|2|2|6|9999|3|1||3|07|||8|50.0|145|||2||||||||||||52UZPE01152001T38MT02EBS001H046552UZPE01152001T38MT02EBS001H0465F0465|52UZPE01152001T38MT02EBS001H046552UZPE01152001T38MT02EBS001H0465F0465CC30716765
3|811|SEGUNDO|CASANOVA|CASANOVA|RODRIGUEZ|CC|6050286|1936-04-22|1|2|6|9999|3|1||3|07|||8|78.0|165|||2||||||||||||52UZPE01152001T38MT02EBS001H046552UZPE01152001T38MT02EBS001H0465F0465|52UZPE01152001T38MT02EBS001H046552UZPE01152001T38MT02EBS001H0465F0465CC6050286
3|812|DORIS|DELCARMEN|CASANOVA|CUASES|CC|27082776|1978-02-07|2|2|6|9999|3|1||7|07|||8|46.0|152|||2||||||||||||52UZPE01152001T38MT02EBS001H046652UZPE01152001T38MT02EBS001H0466F0466|52UZPE01152001T38MT02EBS001H046652UZPE01152001T38MT02EBS001H0466F0466CC27082776
3|813|CARLOS|ALEJANDRO|LAGOS|BENAVIDES|CC|12986547|1966-02-09|1|2|6|9999|3|1||7|07|||8|74.0|174|||2||||||||||||52UZPE01152001T38MT02EBS001H046652UZPE01152001T38MT02EBS001H0466F0466|52UZPE01152001T38MT02EBS001H046652UZPE01152001T38MT02EBS001H0466F0466CC12986547
3|814|MARIA|ALEJANDRA|LAGOS|CASANOVA|CC|1080044829|2005-09-06|2|2|6|9999|3|1||7|07|||8|57.0|164|||2||||||||||||52UZPE01152001T38MT02EBS001H046652UZPE01152001T38MT02EBS001H0466F0466|52UZPE01152001T38MT02EBS001H046652UZPE01152001T38MT02EBS001H0466F0466CC1080044829
3|815|SIXTO|EDMUNDO|DELGADO|SINSAJOA|CC|12966360|1958-03-07|1|2|6|9510|3|1||3|07|||8|75.0|170|||2||||||||||||52UZPE01152001T38MT03EBS001H046752UZPE01152001T38MT03EBS001H0467F0467|52UZPE01152001T38MT03EBS001H046752UZPE01152001T38MT03EBS001H0467F0467CC12966360
3|816|MIRIAM|ISABEL|SALAZAR|NA|CC|30745124|1970-10-26|2|2|6|9510|3|1||7|07|||8|65.0|155|||2||||||||||||52UZPE01152001T38MT03EBS001H046852UZPE01152001T38MT03EBS001H0468F0468|52UZPE01152001T38MT03EBS001H046852UZPE01152001T38MT03EBS001H0468F0468CC30745124
3|817|JESUS|NA|RODRIGUEZ|LOPEZ|CC|987405|1977-12-23|1|2|6|9998|3|1||7|07|||8|58.0|160|||2||||||||||||52UZPE01152001T38MT03EBS001H046852UZPE01152001T38MT03EBS001H0468F0468|52UZPE01152001T38MT03EBS001H046852UZPE01152001T38MT03EBS001H0468F0468CC987405
3|818|DANIELA|NA|RODRIGUEZ|SALAZAR|CC|1085325295|1995-11-19|2|2|6|9510|3|1||7|07|||8|55.0|156|||2||||||||||||52UZPE01152001T38MT03EBS001H046952UZPE01152001T38MT03EBS001H0469F0469|52UZPE01152001T38MT03EBS001H046952UZPE01152001T38MT03EBS001H0469F0469CC1085325295
3|819|MARIA|DELSOCORRO|GRANJA|ROSERO|CC|27486433|1953-12-31|2|2|6|9510|3|1||3|07|||8|49.0|156|||2||||||||||||52UZPE01152001T38MT03EBS001H044852UZPE01152001T38MT03EBS001H0448F0448|52UZPE01152001T38MT03EBS001H044852UZPE01152001T38MT03EBS001H0448F0448CC27486433
3|820|PIEDAD|NA|BURBANO|PAZ|CC|30722575|1954-06-24|2|2|6|9999|3|1||3|07|||8|75.0|155|||2||||||||||||52UZPE01152001T38MT01EBS001H047152UZPE01152001T38MT01EBS001H0471F0471|52UZPE01152001T38MT01EBS001H047152UZPE01152001T38MT01EBS001H0471F0471CC30722575
3|821|SONIA|NA|PARRA|BURBANO|CC|36954020|1980-06-28|2|2|6|9999|3|1||7|07|||8|71.0|151|||2||||||||||||52UZPE01152001T38MT01EBS001H047152UZPE01152001T38MT01EBS001H0471F0471|52UZPE01152001T38MT01EBS001H047152UZPE01152001T38MT01EBS001H0471F0471CC36954020
3|822|DARLYN|DANIELA|ITUYAN|MELO|CC|1004233344|2003-01-14|2|2|6|9998|3|1||7|07|||8|55.0|153|||2||||||||||||52UZPE01152001T38MT03EBS001H044952UZPE01152001T38MT03EBS001H0449F0449|52UZPE01152001T38MT03EBS001H044952UZPE01152001T38MT03EBS001H0449F0449CC1004233344
3|823|GENTIL|ALBERTO|ITUYAN|GRANJA|CC|13070298|1980-06-07|1|2|6|9510|3|2||7|07|||8|79.0|171|||2||||||||||||52UZPE01152001T38MT03EBS001H045052UZPE01152001T38MT03EBS001H0450F0450|52UZPE01152001T38MT03EBS001H045052UZPE01152001T38MT03EBS001H0450F0450CC13070298
3|824|JAIRO|ALBERTO|GRANJA|NA|CC|12746179|1946-07-09|1|2|6|5169|3|2||3|07|||8|75.0|178|||2||||||||||||52UZPE01152001T38MT03EBS001H045152UZPE01152001T38MT03EBS001H0451F0451|52UZPE01152001T38MT03EBS001H045152UZPE01152001T38MT03EBS001H0451F0451CC12746179
3|825|ARMANDO|NA|MORA|HERNANDEZ|CC|12989463|1967-03-07|1|2|6|9999|3|1||7|07|||8|98.0|175|||2||||||||||||52UZPE01152001T38MT01EBS001H047452UZPE01152001T38MT01EBS001H0474F0474|52UZPE01152001T38MT01EBS001H047452UZPE01152001T38MT01EBS001H0474F0474CC12989463
3|826|MONICA|TERESA|TENGANA|BURBANO|CC|36950695|1979-10-31|2|2|6|9510|3|1||7|07|||8|58.0|147|||2||||||||||||52UZPE01152001T38MT03EBS001H047852UZPE01152001T38MT03EBS001H0478F0478|52UZPE01152001T38MT03EBS001H047852UZPE01152001T38MT03EBS001H0478F0478CC36950695
3|827|FANI|JULIETH|TREJOS|URBANO|CC|1086328643|2005-03-30|2|2|6|9998|3|1||7|07|||8|50.0|159|||2||||||||||||52UZPE01152001T38MT03EBS001H047952UZPE01152001T38MT03EBS001H0479F0479|52UZPE01152001T38MT03EBS001H047952UZPE01152001T38MT03EBS001H0479F0479CC1086328643
3|828|JUAN|ANDRES|ERAZO|TENGANAN|CC|10800417577|2004-08-07|1|2|6|9510|3|1||7|07|||8|51.0|161|||2||||||||||||52UZPE01152001T38MT03EBS001H047952UZPE01152001T38MT03EBS001H0479F0479|52UZPE01152001T38MT03EBS001H047952UZPE01152001T38MT03EBS001H0479F0479CC10800417577
3|829|JOHANA|ALEJANDRA|ERAZO|TENGANAN|CC|1004134977|2002-08-03|2|2|6|9998|3|1||7|07|||8|38.0|149|||2||||||||||||52UZPE01152001T38MT03EBS001H048052UZPE01152001T38MT03EBS001H0480F0480|52UZPE01152001T38MT03EBS001H048052UZPE01152001T38MT03EBS001H0480F0480CC1004134977
3|830|ALAIA|ESABELLA|ERAZO|TENGANAN|RC|1008074498|2024-03-05|2|2|6|9998|3|1||8|07|||8|10.0|41|||2||||||||||||52UZPE01152001T38MT03EBS001H048052UZPE01152001T38MT03EBS001H0480F0480|52UZPE01152001T38MT03EBS001H048052UZPE01152001T38MT03EBS001H0480F0480RC1008074498
3|831|ELCY|DIANA|ESTRADA|RUBIO|CC|1085265883|1988-06-19|2|2|6|9510|3|1||7|07|||8|59.0|158|||2||||||||||||52UZPE01152001T38MT03EBS001H048152UZPE01152001T38MT03EBS001H0481F0481|52UZPE01152001T38MT03EBS001H048152UZPE01152001T38MT03EBS001H0481F0481CC1085265883
3|832|JEISON|ESTIVEN|PRADO|ROJAS|CC|1085328886|1996-05-22|1|2|6|9510|3|1||7|07|||8|88.0|175|||2||||||||||||52UZPE01152001T38MT03EBS001H048152UZPE01152001T38MT03EBS001H0481F0481|52UZPE01152001T38MT03EBS001H048152UZPE01152001T38MT03EBS001H0481F0481CC1085328886
3|833|MARGOT|DELCARMEN|ROJAS|GUZMAN|CC|59814175|1968-11-15|2|2|6|9622|3|2||7|07|||8|70.0|156|||2||||||||||||52UZPE01152001T38MT03EBS001H048252UZPE01152001T38MT03EBS001H0482F0482|52UZPE01152001T38MT03EBS001H048252UZPE01152001T38MT03EBS001H0482F0482CC59814175
3|834|FLORALBA|NA|DELGADO|NA|CC|59827796|1974-11-10|2|2|6|9998|3|2||7|07|||8|69.0|154|||2||||||||||||52UZPE01152001T38MT03EBS001H048352UZPE01152001T38MT03EBS001H0483F0483|52UZPE01152001T38MT03EBS001H048352UZPE01152001T38MT03EBS001H0483F0483CC59827796
3|835|BRITANI|SAMANTA|ORTEGA|DELGADO|TI|1080063210|2014-05-12|2|2|6|9998|3|2||8|07|||8|30.0|135|||2||||||||||||52UZPE01152001T38MT03EBS001H048352UZPE01152001T38MT03EBS001H0483F0483|52UZPE01152001T38MT03EBS001H048352UZPE01152001T38MT03EBS001H0483F0483TI1080063210
3|836|ROBERTO|FERNANDO|CHAPUEL|LOPEZ|CC|87070586|1982-03-29|1|2|6|9510|3|1||7|07|||8|65.0|166|||2||||||||||||52UZPE01152001T38MT03EBS001H048452UZPE01152001T38MT03EBS001H0484F0484|52UZPE01152001T38MT03EBS001H048452UZPE01152001T38MT03EBS001H0484F0484CC87070586
3|837|WILLIAN|HERNANDO|CHAPUEL|LASSO|CC|13068694|1978-10-10|1|2|6|9510|3|1||7|07|||8|90.0|160|||2||||||||||||52UZPE01152001T38MT03EBS001H048552UZPE01152001T38MT03EBS001H0485F0485|52UZPE01152001T38MT03EBS001H048552UZPE01152001T38MT03EBS001H0485F0485CC13068694
3|838|AURA|ELISSA|LASSO|NA|CC|30731059|1958-01-01|1|2|6|9510|3|1||3|07|||8|52.0|143|||2||||||||||||52UZPE01152001T38MT03EBS001H048652UZPE01152001T38MT03EBS001H0486F0486|52UZPE01152001T38MT03EBS001H048652UZPE01152001T38MT03EBS001H0486F0486CC30731059
3|839|LUZ|MARINA|ROMERO|MOLINA|CC|30735435|1963-11-14|2|2|1|9510|2|1||3|01|||8|84.0|154|||2||||||||||||52UZPE01152001T38MT03EBS001H048852UZPE01152001T38MT03EBS001H0488F0488|52UZPE01152001T38MT03EBS001H048852UZPE01152001T38MT03EBS001H0488F0488CC30735435
3|840|MARIELA|DELCARMEN|HERNANDEZ|NA|CC|30729424|1962-01-17|2|2|3|9998|3|1||3|07|||8|56.0|152|||2||||||||||||52UZPE01152001T38MT03EBS001H048952UZPE01152001T38MT03EBS001H0489F0489|52UZPE01152001T38MT03EBS001H048952UZPE01152001T38MT03EBS001H0489F0489CC30729424
3|841|CLARA|ELISA|HERNANDEZ|CORAL|CC|27067055|1938-09-28|2|2|5|9998|2|1||3|07|||8|42.0|150|||2||||||||||||52UZPE01152001T38MT03EBS001H048952UZPE01152001T38MT03EBS001H0489F0489|52UZPE01152001T38MT03EBS001H048952UZPE01152001T38MT03EBS001H0489F0489CC27067055
3|842|BLANCA|LILIA|RODRIGUEZ|LOPEZ|CC|30718486|1960-01-22|2|2|2|9998|2|1||3|07|||8|53.0|148|||2||||||||||||52UZPE01152001T38MT03EBS001H049252UZPE01152001T38MT03EBS001H0492F0492|52UZPE01152001T38MT03EBS001H049252UZPE01152001T38MT03EBS001H0492F0492CC30718486
3|843|JOSE|HERNESTO|BASTIDAS|CASTRO|CC|12993966|1968-07-18|1|2|2|9998|2|1||7|07|||8|96.0|160|||2||||||||||||52UZPE01152001T38MT03EBS001H049252UZPE01152001T38MT03EBS001H0492F0492|52UZPE01152001T38MT03EBS001H049252UZPE01152001T38MT03EBS001H0492F0492CC12993966
3|844|JAIRO|EDUARDO|MONTOYA|BASTIDAS|CC|5207885|1972-01-10|1|2|6|9998|2|1||7|07|||8|50.0|169|||2||||||||||||52UZPE01152001T38MT03EBS001H049352UZPE01152001T38MT03EBS001H0493F0493|52UZPE01152001T38MT03EBS001H049352UZPE01152001T38MT03EBS001H0493F0493CC5207885
3|845|JOSE|PALMENIDES|ESPUNOZA|CHINGUA|CC|12966788|1959-02-11|1|2|1|9510|3|1||3|07|||1|68.0|158|||2||||||||||||52UZPE01152001T38MT03EBS001H049452UZPE01152001T38MT03EBS001H0494F0494|52UZPE01152001T38MT03EBS001H049452UZPE01152001T38MT03EBS001H0494F0494CC12966788
3|846|ESPERANZA|CECILIA|CHAMORRO|NOAPLICA|CC|30723781|1964-12-10|2|2|2|9998|3|1||3|07|||8|52.0|156|||2||||||||||||52UZPE01152001T38MT03EBS001H049452UZPE01152001T38MT03EBS001H0494F0494|52UZPE01152001T38MT03EBS001H049452UZPE01152001T38MT03EBS001H0494F0494CC30723781
3|847|MARIA|ELENA|LOPEZ|NOAPLICA|CC|30705307|1953-01-20|2|2|2|9998|2|1||3|07|||8|72.0|153|||2||||||||||||52UZPE01152001T38MT03EBS001H049552UZPE01152001T38MT03EBS001H0495F0495|52UZPE01152001T38MT03EBS001H049552UZPE01152001T38MT03EBS001H0495F0495CC30705307
3|848|SEGUNDO|ARTURO|VELASQUEZ|LOPEZ|CC|5201784|1944-06-18|1|2|1|9998|2|1||3|07|||8|66.0|160|||2||||||||||||52UZPE01152001T38MT03EBS001H049552UZPE01152001T38MT03EBS001H0495F0495|52UZPE01152001T38MT03EBS001H049552UZPE01152001T38MT03EBS001H0495F0495CC5201784
3|849|SAMUEL|ALEJANDRO|PAREDES|MORALES|RC|1080707192|2020-01-21|1|2|3|9998|3|1||8|07|||8|||||2||||||||||||52UZPE01152001T38MT01EBS001H049652UZPE01152001T38MT01EBS001H0496F0496|52UZPE01152001T38MT01EBS001H049652UZPE01152001T38MT01EBS001H0496F0496RC1080707192
3|850|INGRID|TATIANA|MORALES|NARVAEZ|CC|1010077535|1999-04-22|2|2|1|9510|5|1||7|07|||8|53.0|150|||2||||||||||||52UZPE01152001T38MT01EBS001H049652UZPE01152001T38MT01EBS001H0496F0496|52UZPE01152001T38MT01EBS001H049652UZPE01152001T38MT01EBS001H0496F0496CC1010077535
3|851|JHON|DEIBY|TORRES|VIVEROS|CC|1004604635|2001-08-31|1|2|6|9510|5|1||7|07|||8|60.0|165|||2||||||||||||52UZPE01152001T38MT01EBS001H049752UZPE01152001T38MT01EBS001H0497F0497|52UZPE01152001T38MT01EBS001H049752UZPE01152001T38MT01EBS001H0497F0497CC1004604635
3|852|MAURICIO|HERNANDO|MARTINEZ|BOTINA|CC|98385449|1973-03-03|1|2|6|9622|7|2||7|07|||8|62.0|165|||2||||||||||||52UZPE01152001T38MT01EBS001H049852UZPE01152001T38MT01EBS001H0498F0498|52UZPE01152001T38MT01EBS001H049852UZPE01152001T38MT01EBS001H0498F0498CC98385449
3|853|JUAN|CARLOS|CHILAMA|NA|CC|13070616|1982-04-26|1|2|5|9510|3|1||7|07|||8|65.0|164|||2||||||||||||52UZPE01152001T38MT03EBS001H050052UZPE01152001T38MT03EBS001H0500F0500|52UZPE01152001T38MT03EBS001H050052UZPE01152001T38MT03EBS001H0500F0500CC13070616
3|854|JANETH|JIMENA|VELASQUEZ|NA|CC|59310689|1981-01-20|2|2|1|9622|3|1||7|07|||8|58.1|153|||2||||||||||||52UZPE01152001T38MT03EBS001H050052UZPE01152001T38MT03EBS001H0500F0500|52UZPE01152001T38MT03EBS001H050052UZPE01152001T38MT03EBS001H0500F0500CC59310689
3|855|MATIAS|ISMAEL|CHILAMA|VELASQUEZ|TI|1081285410|2015-12-01|1|2|3|9998|3|1||8|07|||8|41.0|120|||2||||||||||||52UZPE01152001T38MT03EBS001H050052UZPE01152001T38MT03EBS001H0500F0500|52UZPE01152001T38MT03EBS001H050052UZPE01152001T38MT03EBS001H0500F0500TI1081285410
3|856|RICARDO|ALFREDO|PORTILLA|CARLOSAMA|CC|12996172|1968-12-07|1|2|2|9510|3|2||7|07|||8|60.0|160|||2||||||||||||52UZPE01152001T38MT03EBS001H050152UZPE01152001T38MT03EBS001H0501F0501|52UZPE01152001T38MT03EBS001H050152UZPE01152001T38MT03EBS001H0501F0501CC12996172
3|857|OLGA|LUCIA|ERAZO|LOPEZ|CC|59820844|1973-05-14|2|2|1|9510|3|2||7|07|||8|52.7|150|||2||||||||||||52UZPE01152001T38MT03EBS001H050152UZPE01152001T38MT03EBS001H0501F0501|52UZPE01152001T38MT03EBS001H050152UZPE01152001T38MT03EBS001H0501F0501CC59820844
3|858|JOSE|RAUL|TUMAL|GETIAL|CC|98388768|1971-03-30|1|2|1|9510|3|2||7|07|||8|80.0|172|||2||||||||||||52UZPE01152001T38MT01EBS001H050352UZPE01152001T38MT01EBS001H0503F0503|52UZPE01152001T38MT01EBS001H050352UZPE01152001T38MT01EBS001H0503F0503CC98388768
3|859|SANTIAGO|JOSE|PORTILLA|ERAZO|CC|1004216491|2002-10-12|1|2|1|9622|3|2||7|07|||8|70.0|165|||2||||||||||||52UZPE01152001T38MT03EBS001H050252UZPE01152001T38MT03EBS001H0502F0502|52UZPE01152001T38MT03EBS001H050252UZPE01152001T38MT03EBS001H0502F0502CC1004216491
3|860|CARLOS|HERALDO|ARGOTI|HOYOS|CC|87471225|1968-05-16|1|2|1|9998|7|5||7|07|||8|78.0|168|||2||||||||||||52UZPE01152001T38MT03EBS001H050452UZPE01152001T38MT03EBS001H0504F0504|52UZPE01152001T38MT03EBS001H050452UZPE01152001T38MT03EBS001H0504F0504CC87471225
3|861|ALAN|ISAC|GRANJA|CRIOLLO|RC|1080327071|2021-10-08|1|2|3|9998|3|1||8|07|||8|||||2||||||||||||52UZPE01152001T38MT03EBS001H050552UZPE01152001T38MT03EBS001H0505F0505|52UZPE01152001T38MT03EBS001H050552UZPE01152001T38MT03EBS001H0505F0505RC1080327071
3|862|MARLON|NA|GRANJA|NA|CC|1085314413|1994-07-19|1|2|1|5169|3|2||7|07|||8|68.0|163|||2||||||||||||52UZPE01152001T38MT03EBS001H050552UZPE01152001T38MT03EBS001H0505F0505|52UZPE01152001T38MT03EBS001H050552UZPE01152001T38MT03EBS001H0505F0505CC1085314413
3|863|ANGELA|KATERINE|CRIOLLO|MATABANCHOY|CC|1085340775|1998-06-12|2|2|5|9510|3|1||7|07|||8|68.0|149|||2||||||||||||52UZPE01152001T38MT03EBS001H050552UZPE01152001T38MT03EBS001H0505F0505|52UZPE01152001T38MT03EBS001H050552UZPE01152001T38MT03EBS001H0505F0505CC1085340775
3|864|NANCY|DELPILAR|RUANO|LOPEZ|CC|330745971|1966-08-15|2|2|1|9510|2|1||7|07|||8|60.0|150|||2||||||||||||52UZPE01152001T38MT03EBS001H050652UZPE01152001T38MT03EBS001H0506F0506|52UZPE01152001T38MT03EBS001H050652UZPE01152001T38MT03EBS001H0506F0506CC330745971
3|865|DIANA|CAROLINA|CABRERA|RUANO|CC|1085307763|1993-08-06|2|2|1|5169|3|2||7|07|||8|65.3|150|||2||||||||||||52UZPE01152001T38MT03EBS001H050752UZPE01152001T38MT03EBS001H0507F0507|52UZPE01152001T38MT03EBS001H050752UZPE01152001T38MT03EBS001H0507F0507CC1085307763
3|866|DIANA|CAROLINA|BOLANOS|CABRERA|RC|1080071346|2020-10-10|2|2|3|9998|3|1||8|07|||8|||||2||||||||||||52UZPE01152001T38MT03EBS001H050752UZPE01152001T38MT03EBS001H0507F0507|52UZPE01152001T38MT03EBS001H050752UZPE01152001T38MT03EBS001H0507F0507RC1080071346
3|867|EMILY|GABRIELA|YASCAL|CABRERA|TI|1080059785|2011-10-16|2|2|3|9998|3|1||1|07|||8|49.0|152|||2||||||||||||52UZPE01152001T38MT03EBS001H050752UZPE01152001T38MT03EBS001H0507F0507|52UZPE01152001T38MT03EBS001H050752UZPE01152001T38MT03EBS001H0507F0507TI1080059785
3|868|CALUDIA|LUCIA|CHAVEZ|ROSAS|CC|59813558|1950-05-31|2|2|5|9998|2|1||3|07|||8|63.0|160|||2||||||||||||52UZPE01152001T38MT03EBS001H050852UZPE01152001T38MT03EBS001H0508F0508|52UZPE01152001T38MT03EBS001H050852UZPE01152001T38MT03EBS001H0508F0508CC59813558
3|869|JIMMY|HERNAN|BURBANO|SANCHEZ|CC|98383647|1972-04-27|1|2|5|5169|5|1||7|07|||8|63.0|167|||2||||||||||||52UZPE01152001T38MT03EBS001H050852UZPE01152001T38MT03EBS001H0508F0508|52UZPE01152001T38MT03EBS001H050852UZPE01152001T38MT03EBS001H0508F0508CC98383647
3|870|JIMMY|ALEJANDRO|BURBANO|CHAVES|CC|1080040615|2004-04-03|1|2|3|9510|5|1||7|07|||8|60.0|173|||2||||||||||||52UZPE01152001T38MT03EBS001H050852UZPE01152001T38MT03EBS001H0508F0508|52UZPE01152001T38MT03EBS001H050852UZPE01152001T38MT03EBS001H0508F0508CC1080040615
3|871|FLOR|MARLENY|HIGIDIO|TREJOS|CC|1193458296|1997-06-28|2|2|5|9510|2|1||7|07|||8|62.0|146|||2||||||||||||52UZPE01152001T38MT03EBS001H050952UZPE01152001T38MT03EBS001H0509F0509|52UZPE01152001T38MT03EBS001H050952UZPE01152001T38MT03EBS001H0509F0509CC1193458296
3|872|JOSE|RAMIRO|UYAQUE|ESTRADA|CC|12750432|1972-05-07|1|2|5|9510|2|1||7|07|||8|57.0|158|||2||||||||||||52UZPE01152001T38MT03EBS001H050952UZPE01152001T38MT03EBS001H0509F0509|52UZPE01152001T38MT03EBS001H050952UZPE01152001T38MT03EBS001H0509F0509CC12750432
3|873|EILEEN|SALOME|UYAQUE|HIGIDIO|RC|1080074380|2024-02-16|2|2|3|9998|3|1||8|07|||8|||||2||||||||||||52UZPE01152001T38MT03EBS001H050952UZPE01152001T38MT03EBS001H0509F0509|52UZPE01152001T38MT03EBS001H050952UZPE01152001T38MT03EBS001H0509F0509RC1080074380
3|874|DORLAN|SANTIAGO|UYAQUE|HIJIDIO|TI|1080066265|2016-09-23|1|2|3|9998|3|1||8|07|||8|18.0|126|||2||||||||||||52UZPE01152001T38MT03EBS001H050952UZPE01152001T38MT03EBS001H0509F0509|52UZPE01152001T38MT03EBS001H050952UZPE01152001T38MT03EBS001H0509F0509TI1080066265
3|875|MARTHA|LEONOR|BENAVIDES|DEPORTILLA|CC|27073123|1945-06-02|2|2|5|9998|3|1||3|07|||8|68.0|154|||2||||||||||||52UZPE01152001T38MT03EBS001H051052UZPE01152001T38MT03EBS001H0510F0510|52UZPE01152001T38MT03EBS001H051052UZPE01152001T38MT03EBS001H0510F0510CC27073123
3|876|NANCY|NA|PORTILLA|BENAVIDES|CC|59817953|1963-06-25|2|2|1|9998|3|1||3|07|||8|68.0|162|||2||||||||||||52UZPE01152001T38MT03EBS001H051052UZPE01152001T38MT03EBS001H0510F0510|52UZPE01152001T38MT03EBS001H051052UZPE01152001T38MT03EBS001H0510F0510CC59817953
3|877|EITAN|JOEL|YALUZAN|CRIOLLO|RC|1080074946|2024-09-28|1|2|3|9998|3|1||8|07|||8|||||2||||||||||||52UZPE01152001T38MT03EBS001H051152UZPE01152001T38MT03EBS001H0511F0511|52UZPE01152001T38MT03EBS001H051152UZPE01152001T38MT03EBS001H0511F0511RC1080074946
3|878|LESLY|JULIETH|CRIOLLO|PORTILLA|CC|1080691268|2005-03-02|2|2|1|9998|4|1||7|07|||8|65.0|156|||2||||||||||||52UZPE01152001T38MT03EBS001H051152UZPE01152001T38MT03EBS001H0511F0511|52UZPE01152001T38MT03EBS001H051152UZPE01152001T38MT03EBS001H0511F0511CC1080691268
3|879|MILTON|RAUL|RODRIGUEZ|LOPEZ|CC|12970240|1958-01-22|1|2|6|9510|2|1||3|07|||8|69.0|162|||2||||||||||||52UZPE01152001T38MT03EBS001H049052UZPE01152001T38MT03EBS001H0490F0490|52UZPE01152001T38MT03EBS001H049052UZPE01152001T38MT03EBS001H0490F0490CC12970240
3|880|GRACIELA|DELSOCORRO|JURADO|NA|CC|51671339|1962-06-20|2|2|1|9510|3|1||3|07|||8|67.0|147|||2||||||||||||52UZPE01152001T38MT03EBS001H049152UZPE01152001T38MT03EBS001H0491F0491|52UZPE01152001T38MT03EBS001H049152UZPE01152001T38MT03EBS001H0491F0491CC51671339
3|881|JORGE|NA|MONCAYO|TUCHANA|CC|12964276|1955-05-11|1|2|1|9998|3|1||3|07|||8|60.0|153|||2||||||||||||52UZPE01152001T38MT03EBS001H051252UZPE01152001T38MT03EBS001H0512F0512|52UZPE01152001T38MT03EBS001H051252UZPE01152001T38MT03EBS001H0512F0512CC12964276
3|882|MARIA|MARGARITA|LOPEZ|LEON|CC|30718039|1957-06-27|2|2|1|9998|2|1||3|07|||8|58.7|145|||2||||||||||||52UZPE01152001T38MT03EBS001H051352UZPE01152001T38MT03EBS001H0513F0513|52UZPE01152001T38MT03EBS001H051352UZPE01152001T38MT03EBS001H0513F0513CC30718039
3|883|WILIAM|ANDRES|CARDENAS|LOPEZ|CC|5207170|1979-12-27|1|2|4|9510|3|1||7|07|||8|60.0|165|||2||||||||||||52UZPE01152001T38MT03EBS001H051452UZPE01152001T38MT03EBS001H0514F0514|52UZPE01152001T38MT03EBS001H051452UZPE01152001T38MT03EBS001H0514F0514CC5207170
3|884|LUIS|EDUARDO|CARDENAS|LOPEZ|CC|1085319339|1994-09-10|1|2|4|9510|3|1||7|07|||8|60.3|140|||2||||||||||||52UZPE01152001T38MT03EBS001H051452UZPE01152001T38MT03EBS001H0514F0514|52UZPE01152001T38MT03EBS001H051452UZPE01152001T38MT03EBS001H0514F0514CC1085319339
3|885|DEYSI|VIVIANA|BURBANO|CHAVEZ|CC|1085274794|1989-05-04|2|2|1|9998|3|1||7|07|||8|62.0|165|||2||||||||||||52UZPE01152001T38MT03EBS001H051552UZPE01152001T38MT03EBS001H0515F0515|52UZPE01152001T38MT03EBS001H051552UZPE01152001T38MT03EBS001H0515F0515CC1085274794
3|886|DAVID|ESTIBEN|CHACON|BURBANO|TI|1074533863|2018-02-16|1|2|3|9998|3|1||8|07|||8|30.0|124|||2||||||||||||52UZPE01152001T38MT03EBS001H051552UZPE01152001T38MT03EBS001H0515F0515|52UZPE01152001T38MT03EBS001H051552UZPE01152001T38MT03EBS001H0515F0515TI1074533863
3|887|JAIME|DUVAR|BURBANO|MONCAYO|CC|98386193|1973-12-28|1|2|2|9510|4|1||7|07|||8|83.0|158|||2||||||||||||52UZPE01152001T38MT03EBS001H051652UZPE01152001T38MT03EBS001H0516F0516|52UZPE01152001T38MT03EBS001H051652UZPE01152001T38MT03EBS001H0516F0516CC98386193
3|888|ALVA|PATRICIA|GUERRERO|NA|CC|59835178|1976-03-05|2|2|1|9998|2|1||7|07|||8|56.0|152|||2||||||||||||52UZPE01152001T38MT03EBS001H051652UZPE01152001T38MT03EBS001H0516F0516|52UZPE01152001T38MT03EBS001H051652UZPE01152001T38MT03EBS001H0516F0516CC59835178
3|889|HAMILTON|NICOLAS|BURBANO|GUERRERO|CC|1085295525|1992-03-27|1|2|4|5169|7|1||4|07|||1|73.0|158|||2||||||||||||52UZPE01152001T38MT03EBS001H051752UZPE01152001T38MT03EBS001H0517F0517|52UZPE01152001T38MT03EBS001H051752UZPE01152001T38MT03EBS001H0517F0517CC1085295525
3|890|DUVAR|ANDRES|BURBANO|GUERRRERO|CC|116709075|2001-03-22|1|2|4|9510|7|2||7|07|||8|70.0|165|||2||||||||||||52UZPE01152001T38MT03EBS001H051752UZPE01152001T38MT03EBS001H0517F0517|52UZPE01152001T38MT03EBS001H051752UZPE01152001T38MT03EBS001H0517F0517CC116709075
3|891|JORGE|ANDRES|CUASPA|PORTILLA|CC|1085251655|1986-03-31|1|2|1|5169|3|2||7|07|||8|72.0|170|||2||||||||||||52UZPE01152001T38MT03EBS001H052052UZPE01152001T38MT03EBS001H0520F0520|52UZPE01152001T38MT03EBS001H052052UZPE01152001T38MT03EBS001H0520F0520CC1085251655
3|892|GLORIA|PATRICIA|JURADO|ORTEGA|CC|1085266080|1987-05-27|2|2|5|9998|3|1||7|07|||8|75.0|151|||2||||||||||||52UZPE01152001T38MT03EBS001H052052UZPE01152001T38MT03EBS001H0520F0520|52UZPE01152001T38MT03EBS001H052052UZPE01152001T38MT03EBS001H0520F0520CC1085266080
3|893|LEOPOLDO|BALTAZAR|CUASPA|NA|CC|5192258|1938-05-12|1|2|1|9998|3|1||3|07|||8|65.0|167|||2||||||||||||52UZPE01152001T38MT03EBS001H051852UZPE01152001T38MT03EBS001H0518F0518|52UZPE01152001T38MT03EBS001H051852UZPE01152001T38MT03EBS001H0518F0518CC5192258
3|894|KEVIN|ANDRES|CUASPA|JURADO|CC|1004192834|2003-08-16|1|2|1|5169|7|2||7|07|||8|65.0|165|||2||||||||||||52UZPE01152001T38MT03EBS001H051952UZPE01152001T38MT03EBS001H0519F0519|52UZPE01152001T38MT03EBS001H051952UZPE01152001T38MT03EBS001H0519F0519CC1004192834
3|895|JULIO|ALBERTO|PATINO|GUERRERO|CC|87060771|1952-12-09|1|2|5|9510|2|1||3|07|||8|74.0|170|||2||||||||||||52UZPE01152001T38MT03EBS001H052152UZPE01152001T38MT03EBS001H0521F0521|52UZPE01152001T38MT03EBS001H052152UZPE01152001T38MT03EBS001H0521F0521CC87060771
3|896|AMPARO|DELROSARIO|TORRES|PATINO|CC|30722068|1952-09-16|2|2|5|9998|2|1||3|07|||8|60.0|145|||2||||||||||||52UZPE01152001T38MT03EBS001H052152UZPE01152001T38MT03EBS001H0521F0521|52UZPE01152001T38MT03EBS001H052152UZPE01152001T38MT03EBS001H0521F0521CC30722068
3|897|CRISTINA|LUCIA|GUERRERO|GRANJA|CC|59828408|1974-07-13|2|2|5|9998|3|1||7|07|||8|68.0|165|||2||||||||||||52UZPE01152001T38MT03EBS001H052252UZPE01152001T38MT03EBS001H0522F0522|52UZPE01152001T38MT03EBS001H052252UZPE01152001T38MT03EBS001H0522F0522CC59828408
3|898|WILSON|ANDRES|DIAZ|CHAVEZ|CC|98390785|1975-07-08|1|2|5|9998|2|1||7|07|||8|70.0|170|||2||||||||||||52UZPE01152001T38MT03EBS001H052252UZPE01152001T38MT03EBS001H0522F0522|52UZPE01152001T38MT03EBS001H052252UZPE01152001T38MT03EBS001H0522F0522CC98390785
3|899|KEVIN|ANDREY|DIAS|GUERRERO|CC|1085325518|1995-11-24|1|2|3|9998|3|1||7|07|||8|68.0|170|||2||||||||||||52UZPE01152001T38MT03EBS001H052252UZPE01152001T38MT03EBS001H0522F0522|52UZPE01152001T38MT03EBS001H052252UZPE01152001T38MT03EBS001H0522F0522CC1085325518
3|900|CLARA|JOHANA|SUAREZ|URBINA|CC|1085273386|1985-07-25|2|2|1|9510|3|2||7|07|||8|65.0|165|||2||||||||||||52UZPE01152001T38MT03EBS001H052352UZPE01152001T38MT03EBS001H0523F0523|52UZPE01152001T38MT03EBS001H052352UZPE01152001T38MT03EBS001H0523F0523CC1085273386
3|901|JUAN|DAVID|CASTILLO|NA|TI|108005889|2011-04-08|1|2|3|9998|3|1||1|07|||8|48.0|150|||2||||||||||||52UZPE01152001T38MT03EBS001H052452UZPE01152001T38MT03EBS001H0524F0524|52UZPE01152001T38MT03EBS001H052452UZPE01152001T38MT03EBS001H0524F0524TI108005889
3|902|INES|MARCELA|CASTILLA|NA|CC|1085318411|1994-12-19|2|2|1|9510|3|1||7|07|||8|74.0|164|||2||||||||||||52UZPE01152001T38MT03EBS001H052452UZPE01152001T38MT03EBS001H0524F0524|52UZPE01152001T38MT03EBS001H052452UZPE01152001T38MT03EBS001H0524F0524CC1085318411
3|903|JUAN|DIEGO|COSTAIN|NA|CC|1085320211|1993-12-16|1|2|2|9510|3|1||7|07|||8|70.0|165|||2||||||||||||52UZPE01152001T38MT03EBS001H052452UZPE01152001T38MT03EBS001H0524F0524|52UZPE01152001T38MT03EBS001H052452UZPE01152001T38MT03EBS001H0524F0524CC1085320211
3|904|FRANCISCO|JAVIER|NUPAN|BENAVIDES|CC|98382511|1972-03-04|1|2|5|9998|2|1||7|07|||8|74.0|172|||2||||||||||||52UZPE01152001T38MT03EBS001H052552UZPE01152001T38MT03EBS001H0525F0525|52UZPE01152001T38MT03EBS001H052552UZPE01152001T38MT03EBS001H0525F0525CC98382511
3|905|GEOVANNY|FRANCISCO|RODRIGUEZ|MARTINEZ|TI|1080050429|2007-09-19|1|2|3|9998|3|1||1|07|||8|67.0|181|||2||||||||||||52UZPE01152001T38MT03EBS001H052652UZPE01152001T38MT03EBS001H0526F0526|52UZPE01152001T38MT03EBS001H052652UZPE01152001T38MT03EBS001H0526F0526TI1080050429
3|906|TANIA|MILENA|MARTINEZ|REAL|CC|36953891|1980-11-12|2|2|5|9998|3|1||7|07|||8|67.0|165|||2||||||||||||52UZPE01152001T38MT03EBS001H052652UZPE01152001T38MT03EBS001H0526F0526|52UZPE01152001T38MT03EBS001H052652UZPE01152001T38MT03EBS001H0526F0526CC36953891
3|907|ANGELA|ESTEFANIA|RODRIGUEZ|MARTINEZ|CC|1004217257|2004-09-08|2|2|3|9510|3|1||7|07|||8|61.0|170|||2||||||||||||52UZPE01152001T38MT03EBS001H052752UZPE01152001T38MT03EBS001H0527F0527|52UZPE01152001T38MT03EBS001H052752UZPE01152001T38MT03EBS001H0527F0527CC1004217257
3|908|JOSE|IGNACIO|LOPEZ|BUSTOS|CC|12959884|1949-08-10|1|2|1|9998|3|1||3|07|||8|74.0|169|||2||||||||||||52UZPE01152001T38MT03EBS001H052852UZPE01152001T38MT03EBS001H0528F0528|52UZPE01152001T38MT03EBS001H052852UZPE01152001T38MT03EBS001H0528F0528CC12959884
3|909|MARIAGRACIELA|DELSOCORRO|CUASPA|PORTILLO|CC|27079254|1946-07-22|2|2|2|9998|3|1||3|07|||8|58.0|150|||2||||||||||||52UZPE01152001T38MT03EBS001H052952UZPE01152001T38MT03EBS001H0529F0529|52UZPE01152001T38MT03EBS001H052952UZPE01152001T38MT03EBS001H0529F0529CC27079254
3|910|JOSE|BOLIVAR|ARANDA|DELGADO|CC|5203432|1947-07-24|1|2|2|9998|3|1||3|07|||8|69.0|160|||2||||||||||||52UZPE01152001T38MT03EBS001H052952UZPE01152001T38MT03EBS001H0529F0529|52UZPE01152001T38MT03EBS001H052952UZPE01152001T38MT03EBS001H0529F0529CC5203432
3|911|JESUS|ALEJANDRO|ROSERO|CHINCHAJOA|CC|13067498|1981-08-06|1|2|5|5169|3|2||4|07|||1|78.0|167|||2||||||||||||52UZPE01152001T38MT02EBS001H053052UZPE01152001T38MT02EBS001H0530F0530|52UZPE01152001T38MT02EBS001H053052UZPE01152001T38MT02EBS001H0530F0530CC13067498
3|912|ANA|PATRICIA|VIVA|GONSALES|CC|367586010|1982-07-02|2|2|5|9998|3|1||7|07|||8|64.0|160|||2||||||||||||52UZPE01152001T38MT02EBS001H053052UZPE01152001T38MT02EBS001H0530F0530|52UZPE01152001T38MT02EBS001H053052UZPE01152001T38MT02EBS001H0530F0530CC367586010
3|913|PAULA|ALEJANDRA|ROSERO|VIVA|CC|1081054912|2006-09-13|2|2|3|9998|5|1||7|07|||8|56.0|160|||2||||||||||||52UZPE01152001T38MT02EBS001H053052UZPE01152001T38MT02EBS001H0530F0530|52UZPE01152001T38MT02EBS001H053052UZPE01152001T38MT02EBS001H0530F0530CC1081054912
3|914|VICENTE|GABRIEL|ROSERO|BENABIDES|CC|129570510|1952-02-25|1|2|6|9998|13|1||3|07|||2|68.0|170|||2||||||||||||52UZPE01152001T38MT02EBS001H053052UZPE01152001T38MT02EBS001H0530F0530|52UZPE01152001T38MT02EBS001H053052UZPE01152001T38MT02EBS001H0530F0530CC129570510
3|915|FLOR|ALICIA|PRADO|MONTILLA|CC|27081670|1975-12-13|2|2|3|9998|3|1||7|07|||8|47.0|148|||2||||||||||||52UZPE01152001T38MT03EBS001H053152UZPE01152001T38MT03EBS001H0531F0531|52UZPE01152001T38MT03EBS001H053152UZPE01152001T38MT03EBS001H0531F0531CC27081670
3|916|CARMELA|MARIA|MONTILLA|MONCAYO|CC|25602206|1934-12-18|2|2|5|9998|4|2||3|07|||8|55.0|145|||2||||||||||||52UZPE01152001T38MT03EBS001H053152UZPE01152001T38MT03EBS001H0531F0531|52UZPE01152001T38MT03EBS001H053152UZPE01152001T38MT03EBS001H0531F0531CC25602206
3|917|JAIDER|ALBERTO|MOLINA|IPUJAN|CC|12746180|1977-05-20|1|2|6|9510|5|1||7|07|||8|64.0|164|||2||||||||||||52UZPE01152001T38MT03EBS001H053252UZPE01152001T38MT03EBS001H0532F0532|52UZPE01152001T38MT03EBS001H053252UZPE01152001T38MT03EBS001H0532F0532CC12746180
3|918|DANIEL|SANTIAGO|MARTINEZ|GRANJA|TI|1081279723|2009-08-08|1|2|3|9998|3|1||1|07|||8|50.0|155|||2||||||||||||52UZPE01152001T38MT03EBS001H053352UZPE01152001T38MT03EBS001H0533F0533|52UZPE01152001T38MT03EBS001H053352UZPE01152001T38MT03EBS001H0533F0533TI1081279723
3|919|CLAUDIA|ANDREA|GRANJA|GRANJA|CC|36950730|1980-08-29|2|2|5|5169|3|2||7|07|||8|72.0|155|||2||||||||||||52UZPE01152001T38MT03EBS001H053352UZPE01152001T38MT03EBS001H0533F0533|52UZPE01152001T38MT03EBS001H053352UZPE01152001T38MT03EBS001H0533F0533CC36950730
3|920|VICTORIA|NA|GRANJA|ERAZO|CC|30706691|1953-03-16|2|2|6|9998|3|1||3|07|||8|77.0|161|||2||||||||||||52UZPE01152001T38MT03EBS001H053452UZPE01152001T38MT03EBS001H0534F0534|52UZPE01152001T38MT03EBS001H053452UZPE01152001T38MT03EBS001H0534F0534CC30706691
3|921|SANDRA|DAMARIS|MARTINEZ|GRANJA|CC|1081272373|2004-01-13|2|2|6|9998|3|1||7|07|||8|52.0|161|||2||||||||||||52UZPE01152001T38MT03EBS001H053452UZPE01152001T38MT03EBS001H0534F0534|52UZPE01152001T38MT03EBS001H053452UZPE01152001T38MT03EBS001H0534F0534CC1081272373
3|922|LUIS|ORLANDO|GRANJA|NA|CC|98385778|1973-07-15|1|2|2|9510|3|2||7|07|||8|85.0|170|||2||||||||||||52UZPE01152001T38MT03EBS001H053552UZPE01152001T38MT03EBS001H0535F0535|52UZPE01152001T38MT03EBS001H053552UZPE01152001T38MT03EBS001H0535F0535CC98385778
3|923|ZORAIDA|NA|DELACRUZ|PULSARA|CC|59817026|1972-06-12|2|2|2|9510|3|1||7|07|||8|74.0|163|||2||||||||||||52UZPE01152001T38MT03EBS001H053552UZPE01152001T38MT03EBS001H0535F0535|52UZPE01152001T38MT03EBS001H053552UZPE01152001T38MT03EBS001H0535F0535CC59817026
3|924|JOHANA|VANESSA|GRANJA|NA|CC|1004234674|2002-09-09|2|2|6|9998|3|1||7|07|||8|65.0|168|||2||||||||||||52UZPE01152001T38MT03EBS001H053652UZPE01152001T38MT03EBS001H0536F0536|52UZPE01152001T38MT03EBS001H053652UZPE01152001T38MT03EBS001H0536F0536CC1004234674
3|925|GERMAN|ALBERTO|MUNOZ|NA|CC|12982065|1964-05-04|1|2|1|5169|7|2||3|07|||8|68.0|165|||2||||||||||||52UZPE01152001T38MT01EBS001H053752UZPE01152001T38MT01EBS001H0537F0537|52UZPE01152001T38MT01EBS001H053752UZPE01152001T38MT01EBS001H0537F0537CC12982065
3|926|LUCIA|NA|NARVAEZ|CISNEROS|CC|27050060|1921-09-03|2|2|5|9998|2|1||3|07|||2|34.0|144|||2||||||||||||52UZPE01152001T38MT03EBS001H054052UZPE01152001T38MT03EBS001H0540F0540|52UZPE01152001T38MT03EBS001H054052UZPE01152001T38MT03EBS001H0540F0540CC27050060
3|927|ALVARO|ANTONIO|GARCES|URBANO|CC|12964112|1953-05-22|1|2|2|9510|3|1||3|07|||8|65.0|163|||2||||||||||||52UZPE01152001T38MT03EBS001H054152UZPE01152001T38MT03EBS001H0541F0541|52UZPE01152001T38MT03EBS001H054152UZPE01152001T38MT03EBS001H0541F0541CC12964112
3|928|AURA|ELISA|DEGOMEZ|BURBANO|CC|27065985|1934-11-16|2|2|5|9998|3|2||3|07|||8|56.0|168|||2||||||||||||52UZPE01152001T38MT03EBS001H054152UZPE01152001T38MT03EBS001H0541F0541|52UZPE01152001T38MT03EBS001H054152UZPE01152001T38MT03EBS001H0541F0541CC27065985
3|929|MARIA|FERNANDA|JIMENEZ|ZAMBRANO|CC|10806922455|2005-11-01|2|2|2|9510|2|1||7|07|||8|65.0|145|||2||||||||||||52UZPE01152001T38MT02EBS001H054252UZPE01152001T38MT02EBS001H0542F0542|52UZPE01152001T38MT02EBS001H054252UZPE01152001T38MT02EBS001H0542F0542CC10806922455
3|930|KEVIN|STEBAN|VELAZQUEZ|ROSERO|CC|180040102|2004-01-14|1|2|2|9510|2|2||7|07|||8|50.0|155|||2||||||||||||52UZPE01152001T38MT02EBS001H054252UZPE01152001T38MT02EBS001H0542F0542|52UZPE01152001T38MT02EBS001H054252UZPE01152001T38MT02EBS001H0542F0542CC180040102
3|931|MIRIAM|DELROSARIO|PORTILLO|NA|CC|30716123|1958-08-03|2|2|5|9998|3|1||3|07|||8|60.0|156|||2||||||||||||52UZPE01152001T38MT03EBS001H054352UZPE01152001T38MT03EBS001H0543F0543|52UZPE01152001T38MT03EBS001H054352UZPE01152001T38MT03EBS001H0543F0543CC30716123
3|932|ALBA|CECILIA|AYALA|NA|CC|37081885|1984-10-31|2|2|2|9998|2|1||7|07|||8|58.0|150|||2||||||||||||52UZPE01152001T38MT02EBS001H054552UZPE01152001T38MT02EBS001H0545F0545|52UZPE01152001T38MT02EBS001H054552UZPE01152001T38MT02EBS001H0545F0545CC37081885
3|933|LUIS|WILFREDO|BUESAQUILLO|NA|CC|98388656|1964-04-08|1|2|2|9998|2|1||3|07|||8|67.0|155|||2||||||||||||52UZPE01152001T38MT02EBS001H054552UZPE01152001T38MT02EBS001H0545F0545|52UZPE01152001T38MT02EBS001H054552UZPE01152001T38MT02EBS001H0545F0545CC98388656
3|934|JORGE|ELIECER|NASPIRAN|DELACRUZ|CC|12751396|1982-06-06|1|2|2|9510|2|1||7|07|||8|63.0|160|||2||||||||||||52UZPE01152001T38MT02EBS001H054652UZPE01152001T38MT02EBS001H0546F0546|52UZPE01152001T38MT02EBS001H054652UZPE01152001T38MT02EBS001H0546F0546CC12751396
3|935|ERIKA|YAZMIN|MUNOZ|NA|CC|1061726742|1989-12-15|2|2|2|9998|2|1||7|07|||8|75.0|160|||2||||||||||||52UZPE01152001T38MT02EBS001H054652UZPE01152001T38MT02EBS001H0546F0546|52UZPE01152001T38MT02EBS001H054652UZPE01152001T38MT02EBS001H0546F0546CC1061726742
3|936|MARIA|CLEOTILDE|NASPIRAN|MOSCOSO|CC|27062641|1932-01-18|2|2|5|9998|2|1||3|07|||8|70.0|143|||2||||||||||||52UZPE01152001T38MT02EBS001H054752UZPE01152001T38MT02EBS001H0547F0547|52UZPE01152001T38MT02EBS001H054752UZPE01152001T38MT02EBS001H0547F0547CC27062641
3|937|ANA|PATRICIA|CALDERON|SANTACRUZ|CC|27088023|1960-07-11|2|2|1|9510|4|1||3|07|||8|65.0|160|||2||||||||||||52UZPE01152001T38MT03EBS001H054852UZPE01152001T38MT03EBS001H0548F0548|52UZPE01152001T38MT03EBS001H054852UZPE01152001T38MT03EBS001H0548F0548CC27088023
3|938|MONICA|DELPILAR|CALDERON|SANTACRUZ|CC|27088925|1971-06-18|2|2|1|9510|4|1||7|07|||8|70.0|160|||2||||||||||||52UZPE01152001T38MT03EBS001H054952UZPE01152001T38MT03EBS001H0549F0549|52UZPE01152001T38MT03EBS001H054952UZPE01152001T38MT03EBS001H0549F0549CC27088925
3|939|JOSE|MOISES|CALDERON|SANTACRUZ|CC|12986531|1966-03-01|1|2|1|9510|8|1||7|07|||8|75.0|163|||2||||||||||||52UZPE01152001T38MT03EBS001H055052UZPE01152001T38MT03EBS001H0550F0550|52UZPE01152001T38MT03EBS001H055052UZPE01152001T38MT03EBS001H0550F0550CC12986531
3|940|JOSE|NA|SAVEDRA|DIAZ|CC|12985195|1964-05-30|1|2|1|9510|8|1||3|07|||1|65.0|160|||2||||||||||||52UZPE01152001T38MT03EBS001H055152UZPE01152001T38MT03EBS001H0551F0551|52UZPE01152001T38MT03EBS001H055152UZPE01152001T38MT03EBS001H0551F0551CC12985195
3|941|ELQUIN|DEJESUS|MARTINEZ|NA|CC|12998398|1956-04-27|1|2|1|9510|4|1||3|07|||8|65.0|163|||2||||||||||||52UZPE01152001T38MT03EBS001H055252UZPE01152001T38MT03EBS001H0552F0552|52UZPE01152001T38MT03EBS001H055252UZPE01152001T38MT03EBS001H0552F0552CC12998398
3|942|KAROL|TATIANA|ROSERO|CRUZ|CC|1080045550|2006-01-12|2|2|6|9998|3|1||7|07|||8|52.0|169|||2||||||||||||52UZPE01152001T38MT03EBS001H055252UZPE01152001T38MT03EBS001H0552F0552|52UZPE01152001T38MT03EBS001H055252UZPE01152001T38MT03EBS001H0552F0552CC1080045550
3|943|JHOLANDA|NA|IBARRA|ROSERO|CC|297022890|1965-01-19|2|2|2|9510|3|1||3|07|||8|65.0|162|||2||||||||||||52UZPE01152001T38MT03EBS001H055252UZPE01152001T38MT03EBS001H0552F0552|52UZPE01152001T38MT03EBS001H055252UZPE01152001T38MT03EBS001H0552F0552CC297022890
3|944|YOSELIN|TATIANA|CHAOUES|MATABANCHOI|CC|1080045701|2006-02-02|2|2|3|9998|3|1||7|07|||8|77.0|160|||2||||||||||||52UZPE01152001T38MT03EBS001H055352UZPE01152001T38MT03EBS001H0553F0553|52UZPE01152001T38MT03EBS001H055352UZPE01152001T38MT03EBS001H0553F0553CC1080045701
3|945|EMILY|YESENIA|SEGURA|LOPEZ|CC|1030000038|2006-04-26|2|2|3|9998|5|1||7|07|||8|66.0|158|||2||||||||||||52UZPE01152001T38MT03EBS001H055452UZPE01152001T38MT03EBS001H0554F0554|52UZPE01152001T38MT03EBS001H055452UZPE01152001T38MT03EBS001H0554F0554CC1030000038
3|946|MIRIAM|NA|LOPEZ|LOPEZ|CC|59832144|1971-05-17|2|2|2|9510|7|1||7|07|||8|70.0|156|||2||||||||||||52UZPE01152001T38MT03EBS001H055452UZPE01152001T38MT03EBS001H0554F0554|52UZPE01152001T38MT03EBS001H055452UZPE01152001T38MT03EBS001H0554F0554CC59832144
3|947|ANGELA|MARIA|SEGURA|LOPEZ|TI|1080693797|2008-05-20|2|2|3|9998|3|1||1|07|||8|50.0|160|||2||||||||||||52UZPE01152001T38MT03EBS001H055452UZPE01152001T38MT03EBS001H0554F0554|52UZPE01152001T38MT03EBS001H055452UZPE01152001T38MT03EBS001H0554F0554TI1080693797
3|948|CARLOS|ANDRES|SEGURA|PATINO|CC|13072050|1981-05-11|1|2|1|9510|5|1||7|07|||8|60.0|175|||2||||||||||||52UZPE01152001T38MT03EBS001H055452UZPE01152001T38MT03EBS001H0554F0554|52UZPE01152001T38MT03EBS001H055452UZPE01152001T38MT03EBS001H0554F0554CC13072050
3|949|LUIS|ALBERTO|VILLOTA|ARSE|CC|12981197|1964-05-18|1|2|1|9510|5|1||3|07|||8|57.0|165|||2||||||||||||52UZPE01152001T38MT03EBS001H055552UZPE01152001T38MT03EBS001H0555F0555|52UZPE01152001T38MT03EBS001H055552UZPE01152001T38MT03EBS001H0555F0555CC12981197
3|950|MARIANA|DEJESUS|DELGADO|SINSAJUAN|CC|30734518|1966-09-03|2|2|2|9998|3|1||7|07|||8|58.0|155|||2||||||||||||52UZPE01152001T38MT03EBS001H055552UZPE01152001T38MT03EBS001H0555F0555|52UZPE01152001T38MT03EBS001H055552UZPE01152001T38MT03EBS001H0555F0555CC30734518
3|951|JESUS|ALBERTO|VILLOTA|DELGADO|CC|1089299393|1992-09-17|1|2|6|9998|10|5||4|07|||1|60.0|170|||2||||||||||||52UZPE01152001T38MT03EBS001H055652UZPE01152001T38MT03EBS001H0556F0556|52UZPE01152001T38MT03EBS001H055652UZPE01152001T38MT03EBS001H0556F0556CC1089299393
3|952|FLOR|ELIZABETH|BOTINA|NA|CC|41103669|1966-08-06|2|2|1|9510|8|1||7|07|||8|50.0|152|||2||||||||||||52UZPE01152001T38MT03EBS001H055752UZPE01152001T38MT03EBS001H0557F0557|52UZPE01152001T38MT03EBS001H055752UZPE01152001T38MT03EBS001H0557F0557CC41103669
3|953|EDGAR|DANIEL|CANAMEJOI|BOTINA|TI|1028600786|2007-11-29|1|2|3|9998|3|1||1|07|||8|50.0|152|||2||||||||||||52UZPE01152001T38MT03EBS001H055752UZPE01152001T38MT03EBS001H0557F0557|52UZPE01152001T38MT03EBS001H055752UZPE01152001T38MT03EBS001H0557F0557TI1028600786
3|954|MAURICIO|HERNANDO|CHAMORRO|PAZ|CC|87072002|1985-05-06|1|2|1|9510|3|1||7|07|||8|80.0|163|||2||||||||||||52UZPE01152001T38MT03EBS001H055852UZPE01152001T38MT03EBS001H0558F0558|52UZPE01152001T38MT03EBS001H055852UZPE01152001T38MT03EBS001H0558F0558CC87072002
3|955|MARIA|ELENA|PAZ|ORTEGA|CC|30728439|1956-11-19|2|2|3|9510|3|1||3|07|||1|66.0|148|||2||||||||||||52UZPE01152001T38MT03EBS001H055852UZPE01152001T38MT03EBS001H0558F0558|52UZPE01152001T38MT03EBS001H055852UZPE01152001T38MT03EBS001H0558F0558CC30728439
3|956|MARIA|ELENA|GOMEZ|ERAZO|CC|30724172|1960-08-10|2|2|1|9510|3|1||3|07|||8|72.0|150|||2||||||||||||52UZPE01152001T38MT03EBS001H055952UZPE01152001T38MT03EBS001H0559F0559|52UZPE01152001T38MT03EBS001H055952UZPE01152001T38MT03EBS001H0559F0559CC30724172
3|957|CLARA|ELISA|GUERRA|ROSERO|CC|30731239|1964-08-19|2|2|5|9510|3|1||3|07|||8|45.0|156|||2||||||||||||52UZPE01152001T38MT03EBS001H056052UZPE01152001T38MT03EBS001H0560F0560|52UZPE01152001T38MT03EBS001H056052UZPE01152001T38MT03EBS001H0560F0560CC30731239
3|958|LUNA|ALEXANDRA|PEREZ|GUERRA|TI|1085339185|2016-02-07|2|2|3|9998|3|1||8|07|||8|30.0|110|||2||||||||||||52UZPE01152001T38MT03EBS001H056052UZPE01152001T38MT03EBS001H0560F0560|52UZPE01152001T38MT03EBS001H056052UZPE01152001T38MT03EBS001H0560F0560TI1085339185
3|959|PEDRO|PABLO|BURBANO|BOTINA|CC|13069419|1980-11-12|1|2|1|9510|3|1||7|07|||8|90.0|177|||2||||||||||||52UZPE01152001T38MT03EBS001H056152UZPE01152001T38MT03EBS001H0561F0561|52UZPE01152001T38MT03EBS001H056152UZPE01152001T38MT03EBS001H0561F0561CC13069419
3|960|MARIA|DELTRANSITO|BENAVIDES|HIDALGO|CC|52149162|1974-08-18|2|2|5|9998|3|1||7|07|||8|65.0|156|||2||||||||||||52UZPE01152001T38MT03EBS001H056252UZPE01152001T38MT03EBS001H0562F0562|52UZPE01152001T38MT03EBS001H056252UZPE01152001T38MT03EBS001H0562F0562CC52149162
3|961|ROSARIO|MERCEDES|ROSAL|NA|CC|59814503|1975-04-05|2|2|1|9998|3|5||7|07|||8|60.2|150|||2||||||||||||52UZPE01152001T38MT03EBS001H056352UZPE01152001T38MT03EBS001H0563F0563|52UZPE01152001T38MT03EBS001H056352UZPE01152001T38MT03EBS001H0563F0563CC59814503
3|962|SEGUNDO|GENARO|BURBANO|NUPAN|CC|5198859|1942-06-19|1|2|2|9998|7|5||3|07|||8|94.0|176|||2||||||||||||52UZPE01152001T38MT03EBS001H056352UZPE01152001T38MT03EBS001H0563F0563|52UZPE01152001T38MT03EBS001H056352UZPE01152001T38MT03EBS001H0563F0563CC5198859
3|963|NEISAN|ELIANA|ROSERO|NA|CC|36753456|1979-05-03|2|2|1|9998|3|1||7|07|||8|10.0|157|||2||||||||||||52UZPE01152001T38MT03EBS001H056452UZPE01152001T38MT03EBS001H0564F0564|52UZPE01152001T38MT03EBS001H056452UZPE01152001T38MT03EBS001H0564F0564CC36753456
3|964|LILIANA|NA|SALAZAR|CHANGUEZA|CC|367506050|1978-10-02|2|2|5|9998|2|1||7|07|||8|65.0|155|||2||||||||||||52UZPE01152001T38MT02EBS001H056652UZPE01152001T38MT02EBS001H0566F0566|52UZPE01152001T38MT02EBS001H056652UZPE01152001T38MT02EBS001H0566F0566CC367506050
3|965|JOSE|ROMAN|LOPEZ|NA|CC|870692400|1978-10-05|1|2|5|9510|2|1||7|07|||8|68.0|165|||2||||||||||||52UZPE01152001T38MT02EBS001H056652UZPE01152001T38MT02EBS001H0566F0566|52UZPE01152001T38MT02EBS001H056652UZPE01152001T38MT02EBS001H0566F0566CC870692400
3|966|DILAN|ALEJANDRO|PORTILLA|GORDILLO|TI|10807026255|2016-07-02|1|2|3|9998|3|1||8|07|||8|30.0|135|||2||||||||||||52UZPE01152001T38MT01EBS001H056752UZPE01152001T38MT01EBS001H0567F0567|52UZPE01152001T38MT01EBS001H056752UZPE01152001T38MT01EBS001H0567F0567TI10807026255
3|967|RUBIELA|SORAIDA|GORDILLO|PADILLA|CC|270806667|1977-04-17|2|2|5|9510|3|1||7|07|||8|61.0|148|||2||||||||||||52UZPE01152001T38MT01EBS001H056752UZPE01152001T38MT01EBS001H0567F0567|52UZPE01152001T38MT01EBS001H056752UZPE01152001T38MT01EBS001H0567F0567CC270806667
3|968|MARIA|DELTRANSITO|BUESAQUILLO|NA|CC|31266777|1954-09-05|2|2|5|9998|2|1||3|07|||8|60.0|149|||2||||||||||||52UZPE01152001T38MT01EBS001H056852UZPE01152001T38MT01EBS001H0568F0568|52UZPE01152001T38MT01EBS001H056852UZPE01152001T38MT01EBS001H0568F0568CC31266777
3|969|ALEXANDRA|ACOSTA|ACOSTA|LASSO|CC|27082946|1976-03-09|2|2|2|9622|5|1||7|07|||8|65.0|150|||2||||||||||||52UZPE01152001T38MT01EBS001H057052UZPE01152001T38MT01EBS001H0570F0570|52UZPE01152001T38MT01EBS001H057052UZPE01152001T38MT01EBS001H0570F0570CC27082946
3|970|PATRICIA|AMPARO|FUERTES|CASTRO|CC|37002278|1966-05-24|2|2|2|9622|5|5||7|07|||8|71.0|170|||2||||||||||||52UZPE01152001T38MT01EBS001H057052UZPE01152001T38MT01EBS001H0570F0570|52UZPE01152001T38MT01EBS001H057052UZPE01152001T38MT01EBS001H0570F0570CC37002278
3|971|ELIO|CUPERTINO|GUARANGUAY|CALPA|CC|87069920|1985-02-10|1|2|2|5169|5|2||7|07|||8|68.0|170|||2||||||||||||52UZPE01152001T38MT02EBS001H057152UZPE01152001T38MT02EBS001H0571F0571|52UZPE01152001T38MT02EBS001H057152UZPE01152001T38MT02EBS001H0571F0571CC87069920
3|972|LINDA|NA|BRAVO|MOLINA|CC|10852499833|1986-01-10|2|2|2|9998|3|1||7|07|||8|65.0|165|||2||||||||||||52UZPE01152001T38MT02EBS001H057152UZPE01152001T38MT02EBS001H0571F0571|52UZPE01152001T38MT02EBS001H057152UZPE01152001T38MT02EBS001H0571F0571CC10852499833
3|973|HERNAN|MAURICIO|BRAVO|LARRANAGA|CC|12981216|1964-05-15|1|2|1|9510|3|1||3|07|||8|68.0|170|||2||||||||||||52UZPE01152001T38MT02EBS001H057252UZPE01152001T38MT02EBS001H0572F0572|52UZPE01152001T38MT02EBS001H057252UZPE01152001T38MT02EBS001H0572F0572CC12981216
3|974|ANA|JULIA|HERNANDEZ|NA|CC|3467324|1977-10-30|2|2|2|9998|2|1||7|07|||8|64.0|160|||2||||||||||||52UZPE01152001T38MT02EBS001H057452UZPE01152001T38MT02EBS001H0574F0574|52UZPE01152001T38MT02EBS001H057452UZPE01152001T38MT02EBS001H0574F0574CC3467324
3|975|JAVIER|HERNANDO|CHAMORRO|NA|CC|116644737|1960-05-02|1|2|1|9510|8|1||3|07|||8|68.0|165|||2||||||||||||52UZPE01152001T38MT03EBS001H057352UZPE01152001T38MT03EBS001H0573F0573|52UZPE01152001T38MT03EBS001H057352UZPE01152001T38MT03EBS001H0573F0573CC116644737
3|976|MARIA|DANIELA|NARVAEZ|DIAZ|CC|1004216874|2002-12-11|2|2|1|9998|3|1||7|07|||8|65.0|170|||2||||||||||||52UZPE01152001T38MT01EBS001H058252UZPE01152001T38MT01EBS001H0582F0582|52UZPE01152001T38MT01EBS001H058252UZPE01152001T38MT01EBS001H0582F0582CC1004216874
3|977|LUIS|ALBERTO|CHACUA|ORTEGA|CC|1085335866|1991-07-21|1|2|3|9622|3|1||7|07|||8|70.0|170|||2||||||||||||52UZPE01152001T38MT01EBS001H058352UZPE01152001T38MT01EBS001H0583F0583|52UZPE01152001T38MT01EBS001H058352UZPE01152001T38MT01EBS001H0583F0583CC1085335866
3|978|ROSA|ELVIRA|ORTEGA|FLOREZ|CC|52092653|1960-02-04|2|2|1|9622|3|1||3|07|||8|55.0|150|||2||||||||||||52UZPE01152001T38MT01EBS001H058452UZPE01152001T38MT01EBS001H0584F0584|52UZPE01152001T38MT01EBS001H058452UZPE01152001T38MT01EBS001H0584F0584CC52092653
3|979|WILFER|DAVID|QUINONES|CAICEDO|CC|1087116432|2003-08-02|1|2|3|9998|3|1||7|05|||8|85.0|190|||2||||||||||||52UZPE01152001T38MT04EBS001H058552UZPE01152001T38MT04EBS001H0585F0585|52UZPE01152001T38MT04EBS001H058552UZPE01152001T38MT04EBS001H0585F0585CC1087116432
3|980|CONSUELO|ESMERALDA|GRANJA|ROSERO|CC|30730257|1964-07-30|2|2|1|9998|2|1||3|07|||8|50.1|150|||2||||||||||||52UZPE01152001T38MT03EBS001H058652UZPE01152001T38MT03EBS001H0586F0586|52UZPE01152001T38MT03EBS001H058652UZPE01152001T38MT03EBS001H0586F0586CC30730257
3|981|YENY|MARCELA|QUENGUAN|NA|CC|1085293602|1990-12-13|2|2|1|9998|3|1||7|07|||8|62.5|155|||2||||||||||||52UZPE01152001T38MT01EBS001H058752UZPE01152001T38MT01EBS001H0587F0587|52UZPE01152001T38MT01EBS001H058752UZPE01152001T38MT01EBS001H0587F0587CC1085293602
3|982|ANDRES|ALFREDO|BOTINA|BOTINA|CC|1085278062|1990-01-04|1|2|2|9510|3|1||7|07|||8|75.0|170|||2||||||||||||52UZPE01152001T38MT01EBS001H058752UZPE01152001T38MT01EBS001H0587F0587|52UZPE01152001T38MT01EBS001H058752UZPE01152001T38MT01EBS001H0587F0587CC1085278062
3|983|DULCE|MARIA|BOTINA|QUENGUAN|RC|1081065748|2019-03-20|2|2|3|9998|3|1||8|07|||8|35.0|135|||2||||||||||||52UZPE01152001T38MT01EBS001H058752UZPE01152001T38MT01EBS001H0587F0587|52UZPE01152001T38MT01EBS001H058752UZPE01152001T38MT01EBS001H0587F0587RC1081065748
3|984|EDISON|ALEXANDER|TENGANAN|QUENGUAN|TI|1081058912|2011-09-15|1|2|3|9998|3|1||1|07|||8|47.0|150|||2||||||||||||52UZPE01152001T38MT01EBS001H058752UZPE01152001T38MT01EBS001H0587F0587|52UZPE01152001T38MT01EBS001H058752UZPE01152001T38MT01EBS001H0587F0587TI1081058912
3|985|MARLENY|DELSOCORRO|CUARAN|DIAZ|CC|30743873|1970-07-10|2|2|1|5169|3|2||7|07|||8|58.0|154|||2||||||||||||52UZPE01152001T38MT01EBS001H058852UZPE01152001T38MT01EBS001H0588F0588|52UZPE01152001T38MT01EBS001H058852UZPE01152001T38MT01EBS001H0588F0588CC30743873
3|986|VIVIS|LORENA|HURTADO|QUENGUAN|TI|1081056574|2008-09-25|2|2|3|9998|3|1||1|07|||8|45.0|150|||2||||||||||||52UZPE01152001T38MT01EBS001H058852UZPE01152001T38MT01EBS001H0588F0588|52UZPE01152001T38MT01EBS001H058852UZPE01152001T38MT01EBS001H0588F0588TI1081056574
3|987|MELANI|XIOMARA|BERNAL|RIVERA|TI|1080057173|2010-07-05|1|2|3|9998|3|1||1|07|||8|62.0|150|||2||||||||||||52UZPE01152001T38MT01EBS001H058952UZPE01152001T38MT01EBS001H0589F0589|52UZPE01152001T38MT01EBS001H058952UZPE01152001T38MT01EBS001H0589F0589TI1080057173
3|988|DIANA|CAROLINA|RIVERA|BENAVIDES|CC|1085262746|1987-05-06|2|2|5|9510|3|1||7|07|||8|85.0|155|||2||||||||||||52UZPE01152001T38MT01EBS001H058952UZPE01152001T38MT01EBS001H0589F0589|52UZPE01152001T38MT01EBS001H058952UZPE01152001T38MT01EBS001H0589F0589CC1085262746
3|989|THIAGO|EMANUEL|ERAZO|RIVERA|RC|1080710321|2023-11-16|1|2|3|9998|3|1||8|07|||8|12.0|87|||2||||||||||||52UZPE01152001T38MT01EBS001H059052UZPE01152001T38MT01EBS001H0590F0590|52UZPE01152001T38MT01EBS001H059052UZPE01152001T38MT01EBS001H0590F0590RC1080710321
3|990|TOSHYE|NAYIBE|ERAZO|RIVERA|CC|1080041620|2004-07-21|2|2|5|9998|3|1||7|07|||8|67.0|155|||2||||||||||||52UZPE01152001T38MT01EBS001H059052UZPE01152001T38MT01EBS001H0590F0590|52UZPE01152001T38MT01EBS001H059052UZPE01152001T38MT01EBS001H0590F0590CC1080041620
3|991|YIRI|AYELI|CHARFUELAN|CHAVEZ|CC|1137099083|2005-02-16|2|2|3|9998|7|1||7|07|||8|58.0|165|||2||||||||||||52UZPE01152001T38MT03EBS001H059152UZPE01152001T38MT03EBS001H0591F0591|52UZPE01152001T38MT03EBS001H059152UZPE01152001T38MT03EBS001H0591F0591CC1137099083
3|992|MARBY|YANIRA|ERAZO|GUERRERO|CC|37082553|1983-04-10|2|2|1|9998|5|1||7|07|||8|63.0|156|||2||||||||||||52UZPE01152001T38MT03EBS001H059152UZPE01152001T38MT03EBS001H0591F0591|52UZPE01152001T38MT03EBS001H059152UZPE01152001T38MT03EBS001H0591F0591CC37082553
3|993|SARA|SOFIA|CHARFUEZAN|ERAZO|TI|1085297191|2010-06-10|2|2|3|9998|3|1||1|07|||8|45.0|148|||2||||||||||||52UZPE01152001T38MT03EBS001H059152UZPE01152001T38MT03EBS001H0591F0591|52UZPE01152001T38MT03EBS001H059152UZPE01152001T38MT03EBS001H0591F0591TI1085297191
3|994|BERTA|OLIVA|CUNDUMI|MARQUEZ|CC|27261460|1982-04-18|2|2|1|9510|5|1||7|07|||8|60.0|168|||2||||||||||||52UZPE01152001T38MT03EBS001H059252UZPE01152001T38MT03EBS001H0592F0592|52UZPE01152001T38MT03EBS001H059252UZPE01152001T38MT03EBS001H0592F0592CC27261460
3|995|EDISSON|DARIO|MORENO|MUNOS|CC|1085296432|1992-05-09|1|2|1|9510|3|1||7|07|||8|12.0|180|||2||||||||||||52UZPE01152001T38MT03EBS001H059352UZPE01152001T38MT03EBS001H0593F0593|52UZPE01152001T38MT03EBS001H059352UZPE01152001T38MT03EBS001H0593F0593CC1085296432
3|996|YEAM|FEID|ALZATE|LOPEZ|CC|108534859|1999-12-20|1|2|1|9510|5|2||7|07|||8|60.0|170|||2||||||||||||52UZPE01152001T38MT03EBS001H059452UZPE01152001T38MT03EBS001H0594F0594|52UZPE01152001T38MT03EBS001H059452UZPE01152001T38MT03EBS001H0594F0594CC108534859
3|997|MARTA|ESTELA|BENAVIDES|ROSERO|CC|30730930|1963-09-13|2|2|1|9510|3|1||3|07|||8|99.0|154|||2||||||||||||52UZPE01152001T38MT01EBS001H059552UZPE01152001T38MT01EBS001H0595F0595|52UZPE01152001T38MT01EBS001H059552UZPE01152001T38MT01EBS001H0595F0595CC30730930
3|998|KELLY|JHOANA|MONTANO|CUNDUMI|CC|1087751139|1999-11-19|2|2|1|9998|7|1||7|07|||8|10.0|169|||2||||||||||||52UZPE01152001T38MT03EBS001H059652UZPE01152001T38MT03EBS001H0596F0596|52UZPE01152001T38MT03EBS001H059652UZPE01152001T38MT03EBS001H0596F0596CC1087751139
3|999|ARBEI|NA|MARTINEZ|BOLANOS|CC|1007268078|1997-09-12|1|2|1|9510|3|1||7|07|||8|65.0|178|||2||||||||||||52UZPE01152001T38MT01EBS001H059752UZPE01152001T38MT01EBS001H0597F0597|52UZPE01152001T38MT01EBS001H059752UZPE01152001T38MT01EBS001H0597F0597CC1007268078
3|1000|RUBY|ANDREA|BOLANOS|CUASPA|CC|27080718|1977-08-31|2|2|1|9998|9|2||7|07|||8|64.0|165|||2||||||||||||52UZPE01152001T38MT03EBS001H059852UZPE01152001T38MT03EBS001H0598F0598|52UZPE01152001T38MT03EBS001H059852UZPE01152001T38MT03EBS001H0598F0598CC27080718
3|1001|DAVID|ESTEBAN|VALLEJO|BOLANOS|CC|1010125429|2000-11-28|1|2|3|9998|3|2||7|07|||8|66.0|178|||2||||||||||||52UZPE01152001T38MT03EBS001H059852UZPE01152001T38MT03EBS001H0598F0598|52UZPE01152001T38MT03EBS001H059852UZPE01152001T38MT03EBS001H0598F0598CC1010125429
3|1002|CARMELA|NA|CUASPA|DEBOLANOS|CC|27060528|1932-05-12|2|2|2|9998|3|2||3|07|||8|53.0|157|||2||||||||||||52UZPE01152001T38MT03EBS001H059952UZPE01152001T38MT03EBS001H0599F0599|52UZPE01152001T38MT03EBS001H059952UZPE01152001T38MT03EBS001H0599F0599CC27060528
3|1003|JOSE|ZENON|BOLANOS|PATINO|CC|1792687|1930-03-06|1|2|2|9998|4|2||3|07|||8|64.0|165|||2||||||||||||52UZPE01152001T38MT03EBS001H059952UZPE01152001T38MT03EBS001H0599F0599|52UZPE01152001T38MT03EBS001H059952UZPE01152001T38MT03EBS001H0599F0599CC1792687
3|1004|JHON|EDISON|MONTILLA|VIVEROS|CC|1085286650|1991-02-24|1|2|1|9510|4|1||7|07|||8|55.0|160|||2||||||||||||52UZPE01152001T38MT01EBS001H060052UZPE01152001T38MT01EBS001H0600F0600|52UZPE01152001T38MT01EBS001H060052UZPE01152001T38MT01EBS001H0600F0600CC1085286650
3|1005|ISAURA|MELISA|CUS|ROSERO|CC|30744511|1967-05-10|2|2|2|9998|2|1||7|07|||8|55.0|148|||2||||||||||||52UZPE01152001T38MT02EBS001H060152UZPE01152001T38MT02EBS001H0601F0601|52UZPE01152001T38MT02EBS001H060152UZPE01152001T38MT02EBS001H0601F0601CC30744511
3|1006|TERRY|MANOLO|TAQUEZ|QUEMA|CC|12994636|1968-11-29|1|2|2|5169|3|2||7|07|||8|68.0|165|||2||||||||||||52UZPE01152001T38MT02EBS001H060152UZPE01152001T38MT02EBS001H0601F0601|52UZPE01152001T38MT02EBS001H060152UZPE01152001T38MT02EBS001H0601F0601CC12994636
3|1007|GLORIA|IMELDA|BISBICUS|URBANO|CC|59836080|1977-02-26|2|2|2|9998|2|1||7|07|||8|54.0|157|||2||||||||||||52UZPE01152001T38MT04EBS001H060252UZPE01152001T38MT04EBS001H0602F0602|52UZPE01152001T38MT04EBS001H060252UZPE01152001T38MT04EBS001H0602F0602CC59836080
3|1008|GUSTAVO|NA|HINCAPIE|MUNOZ|CC|16499146|1972-01-20|1|2|2|9510|3|1||7|07|||8|64.0|168|||2||||||||||||52UZPE01152001T38MT04EBS001H060252UZPE01152001T38MT04EBS001H0602F0602|52UZPE01152001T38MT04EBS001H060252UZPE01152001T38MT04EBS001H0602F0602CC16499146
3|1009|GUILLERMO|CLEMENTE|GUERRON|BENAVIDES|CC|5199203|1943-08-30|1|2|5|9510|2|1||3|07|||8|65.0|165|||2||||||||||||52UZPE01152001T38MT02EBS001H060352UZPE01152001T38MT02EBS001H0603F0603|52UZPE01152001T38MT02EBS001H060352UZPE01152001T38MT02EBS001H0603F0603CC5199203
3|1010|JONATHAN|DAVID|BUESAQUILLO|NA|CC|1086345897|1984-01-26|1|2|2|9510|3|1||7|07|||8|50.0|158|||2||||||||||||52UZPE01152001T38MT01EBS001H060452UZPE01152001T38MT01EBS001H0604F0604|52UZPE01152001T38MT01EBS001H060452UZPE01152001T38MT01EBS001H0604F0604CC1086345897
3|1011|LEIDY|JHOANA|MIRAMAR|DELACRUZ|CC|1085246808|1985-06-18|2|2|1|9998|3|1||7|07|||8|74.0|158|||2||||||||||||52UZPE01152001T38MT01EBS001H060452UZPE01152001T38MT01EBS001H0604F0604|52UZPE01152001T38MT01EBS001H060452UZPE01152001T38MT01EBS001H0604F0604CC1085246808
3|1012|TERESA|DEJESUS|PORTILLO|NA|CC|30704746|1948-12-26|2|2|1|9998|2|1||3|07|||8|65.0|148|||2||||||||||||52UZPE01152001T38MT03EBS001H060652UZPE01152001T38MT03EBS001H0606F0606|52UZPE01152001T38MT03EBS001H060652UZPE01152001T38MT03EBS001H0606F0606CC30704746
3|1013|LEYDI|JHOANA|BUESAQUILLO|MIRAMAR|CC|1081052450|2004-01-18|2|2|1|5169|3|1||7|07|||8|55.0|150|||2||||||||||||52UZPE01152001T38MT01EBS001H060552UZPE01152001T38MT01EBS001H0605F0605|52UZPE01152001T38MT01EBS001H060552UZPE01152001T38MT01EBS001H0605F0605CC1081052450
3|1014|JONATHAN|JAIR|BUESAQUILLO|MIRAMAR|CC|1004215946|2002-04-27|1|2|4|5169|7|1||7|07|||8|60.0|168|||2||||||||||||52UZPE01152001T38MT01EBS001H060552UZPE01152001T38MT01EBS001H0605F0605|52UZPE01152001T38MT01EBS001H060552UZPE01152001T38MT01EBS001H0605F0605CC1004215946
3|1015|MARIA|ISABEL|ROSERO|MORA|CC|1082746077|1985-12-20|2|2|1|9998|3|1||7|07|||8|67.0|162|||2||||||||||||52UZPE01152001T38MT01EBS001H060752UZPE01152001T38MT01EBS001H0607F0607|52UZPE01152001T38MT01EBS001H060752UZPE01152001T38MT01EBS001H0607F0607CC1082746077
3|1016|LIZETH|FERNANDA|ERAZO|ROSERO|CC|1082746943|2007-01-22|2|2|3|9998|3|1||7|07|||8|63.0|161|||2||||||||||||52UZPE01152001T38MT01EBS001H060752UZPE01152001T38MT01EBS001H0607F0607|52UZPE01152001T38MT01EBS001H060752UZPE01152001T38MT01EBS001H0607F0607CC1082746943
3|1017|YASLIN|LORENA|ERAZO|ROSERO|CC|1085268436|2004-04-16|2|2|1|9510|7|1||7|07|||8|56.0|161|||2||||||||||||52UZPE01152001T38MT01EBS001H060852UZPE01152001T38MT01EBS001H0608F0608|52UZPE01152001T38MT01EBS001H060852UZPE01152001T38MT01EBS001H0608F0608CC1085268436
3|1018|CARLOS|SANTIAGO|PASTUZAN|ERAZO|RC|1080710023|2022-07-29|1|2|3|9998|3|1||8|07|||8|||||2||||||||||||52UZPE01152001T38MT01EBS001H060852UZPE01152001T38MT01EBS001H0608F0608|52UZPE01152001T38MT01EBS001H060852UZPE01152001T38MT01EBS001H0608F0608RC1080710023
3|1019|HUGO|SILVIO|MORILLO|SANTACRUZ|CC|12968|1958-02-03|1|2|1|9622|9|1||3|07|||8|57.9|170|||2||||||||||||52UZPE01152001T38MT01EBS001H060952UZPE01152001T38MT01EBS001H0609F0609|52UZPE01152001T38MT01EBS001H060952UZPE01152001T38MT01EBS001H0609F0609CC12968
3|1020|LENY|MASCIEL|LOMBANA|BASTIDAS|CC|6563724|1984-09-06|2|2|1|9998|3|5||7|07|||8|62.0|150|||2||||||||||||52UZPE01152001T38MT01EBS001H061052UZPE01152001T38MT01EBS001H0610F0610|52UZPE01152001T38MT01EBS001H061052UZPE01152001T38MT01EBS001H0610F0610CC6563724
3|1021|ROBERT|FABIAN|GALVIS|ZAMBRANO|CC|11444441|1979-07-10|1|2|2|5169|4|5||7|07|||8|80.0|169|||2||||||||||||52UZPE01152001T38MT01EBS001H061052UZPE01152001T38MT01EBS001H0610F0610|52UZPE01152001T38MT01EBS001H061052UZPE01152001T38MT01EBS001H0610F0610CC11444441
3|1022|NICOLAS|NA|GALVIS|LOMBANA|TI|1106228094|2008-03-30|1|2|3|9998|3|5||1|07|||8|60.0|172|||2||||||||||||52UZPE01152001T38MT01EBS001H061052UZPE01152001T38MT01EBS001H0610F0610|52UZPE01152001T38MT01EBS001H061052UZPE01152001T38MT01EBS001H0610F0610TI1106228094
3|1023|ROSENDO|NA|DELGADO|NA|CC|12965328|1955-12-20|1|2|6|9510|3|1||3|07|||8|74.0|156|||2||||||||||||52UZPE01152001T38MT02EBS001H000152UZPE01152001T38MT02EBS001H0001F0001|52UZPE01152001T38MT02EBS001H000152UZPE01152001T38MT02EBS001H0001F0001CC12965328
3|1024|YANELI|DELSOCORRO|ORTEGA|DELACRUZ|CC|59311719|1983-12-28|2|2|6|9998|3|1||7|07|||8|73.0|149|||2||||||||||||52UZPE01152001T38MT02EBS001H000152UZPE01152001T38MT02EBS001H0001F0001|52UZPE01152001T38MT02EBS001H000152UZPE01152001T38MT02EBS001H0001F0001CC59311719
3|1025|YANELI|PAULINA|DELGADO|ORTEGA|CC|1004216392|2002-08-16|2|2|6|9998|3|1||7|07|||8|39.8|144|||2||||||||||||52UZPE01152001T38MT02EBS001H000152UZPE01152001T38MT02EBS001H0001F0001|52UZPE01152001T38MT02EBS001H000152UZPE01152001T38MT02EBS001H0001F0001CC1004216392
3|1026|ELISENIA|NA|DELACRUZ|VELAZQUEZ|CC|30717226|1956-09-06|2|2|6|9998|3|1||3|07|||8|47.0|146|||2||||||||||||52UZPE01152001T38MT02EBS001H000252UZPE01152001T38MT02EBS001H0002F0002|52UZPE01152001T38MT02EBS001H000252UZPE01152001T38MT02EBS001H0002F0002CC30717226
3|1027|JUAN|JOSE|CUARAN|PAZ|RC|1080072653|2021-11-10|1|2|3|9998|3|1||8|07|||8|12.0|85|||2||||||||||||52UZPE01152001T38MT01EBS001H061152UZPE01152001T38MT01EBS001H0611F0611|52UZPE01152001T38MT01EBS001H061152UZPE01152001T38MT01EBS001H0611F0611RC1080072653
3|1028|ANDERSON|NA|CUARAN|MATABAJOY|CC|1193273050|2000-05-19|1|2|5|5169|3|1||7|07|||8|78.0|172|||2||||||||||||52UZPE01152001T38MT01EBS001H061152UZPE01152001T38MT01EBS001H0611F0611|52UZPE01152001T38MT01EBS001H061152UZPE01152001T38MT01EBS001H0611F0611CC1193273050
3|1029|ESTEFANY|NA|PAZ|CARDENAS|CC|1193271831|2001-11-21|2|2|5|9998|3|1||7|07|||8|54.0|146|||2||||||||||||52UZPE01152001T38MT01EBS001H061152UZPE01152001T38MT01EBS001H0611F0611|52UZPE01152001T38MT01EBS001H061152UZPE01152001T38MT01EBS001H0611F0611CC1193271831
3|1030|HUGO|ALBERTO|CIFUENTES|VIVEROS|CC|12958142|1952-03-14|1|2|5|9998|2|1||3|07|||1|68.0|165|||2||||||||||||52UZPE01152001T38MT01EBS001H061252UZPE01152001T38MT01EBS001H0612F0612|52UZPE01152001T38MT01EBS001H061252UZPE01152001T38MT01EBS001H0612F0612CC12958142
3|1031|ELBA|MATILDE|ORTIZ|NA|CC|27189798|1950-06-23|2|2|2|9998|2|1||3|07|||8|61.7|154|||2||||||||||||52UZPE01152001T38MT01EBS001H061252UZPE01152001T38MT01EBS001H0612F0612|52UZPE01152001T38MT01EBS001H061252UZPE01152001T38MT01EBS001H0612F0612CC27189798
3|1032|ANDREA|NA|MAYA|NA|CC|37082561|1982-07-01|2|2|2|9510|3|1||7|07|||8|57.0|160|||2||||||||||||52UZPE01152001T38MT01EBS001H061352UZPE01152001T38MT01EBS001H0613F0613|52UZPE01152001T38MT01EBS001H061352UZPE01152001T38MT01EBS001H0613F0613CC37082561
3|1033|VICTOR|HERNAN|CIFUENTES|ORTIZ|CC|1085246941|1982-05-03|1|2|2|5169|2|1||7|07|||8|72.0|175|||2||||||||||||52UZPE01152001T38MT01EBS001H061352UZPE01152001T38MT01EBS001H0613F0613|52UZPE01152001T38MT01EBS001H061352UZPE01152001T38MT01EBS001H0613F0613CC1085246941
3|1034|KEILY|DURLEY|FLOREZ|MALE|TI|1081057207|2009-08-19|2|2|3|9998|3|1||1|07|||8|54.0|154|||2||||||||||||52UZPE01152001T38MT01EBS001H061452UZPE01152001T38MT01EBS001H0614F0614|52UZPE01152001T38MT01EBS001H061452UZPE01152001T38MT01EBS001H0614F0614TI1081057207
3|1035|MARIA|MAGDA|MALE|ROSERO|CC|1085291075|1991-07-14|2|2|5|9510|3|1||7|07|||8|65.0|160|||2||||||||||||52UZPE01152001T38MT01EBS001H061452UZPE01152001T38MT01EBS001H0614F0614|52UZPE01152001T38MT01EBS001H061452UZPE01152001T38MT01EBS001H0614F0614CC1085291075
3|1036|SEGUNDO|BERNARDO|MALES|CHAVEZ|CC|98390287|1971-03-19|1|2|2|9510|2|2||7|07|||8|72.0|160|||2||||||||||||52UZPE01152001T38MT01EBS001H061552UZPE01152001T38MT01EBS001H0615F0615|52UZPE01152001T38MT01EBS001H061552UZPE01152001T38MT01EBS001H0615F0615CC98390287
3|1037|AIDA|PATRICIA|BOTINA|ROSERO|CC|59828038|1972-10-10|2|2|2|9510|2|2||7|07|||8|65.0|165|||2||||||||||||52UZPE01152001T38MT01EBS001H061552UZPE01152001T38MT01EBS001H0615F0615|52UZPE01152001T38MT01EBS001H061552UZPE01152001T38MT01EBS001H0615F0615CC59828038
3|1038|ALFONSO|RAMIRO|BOTINA|NA|CC|12951391|1943-03-30|1|2|2|9998|2|1||3|07|||8|62.0|162|||2||||||||||||52UZPE01152001T38MT01EBS001H061652UZPE01152001T38MT01EBS001H0616F0616|52UZPE01152001T38MT01EBS001H061652UZPE01152001T38MT01EBS001H0616F0616CC12951391
3|1039|MARIA|FANY|ROSERO|DEBOTINA|CC|30702612|1954-11-11|2|2|2|9510|2|1||3|07|||2|60.0|158|||2||||||||||||52UZPE01152001T38MT01EBS001H061652UZPE01152001T38MT01EBS001H0616F0616|52UZPE01152001T38MT01EBS001H061652UZPE01152001T38MT01EBS001H0616F0616CC30702612
3|1040|LUZ|MERY|BOTINA|ROSERO|CC|59828120|1973-08-04|2|2|5|9510|2|1||7|07|||8|60.0|160|||2||||||||||||52UZPE01152001T38MT01EBS001H061752UZPE01152001T38MT01EBS001H0617F0617|52UZPE01152001T38MT01EBS001H061752UZPE01152001T38MT01EBS001H0617F0617CC59828120
3|1041|KAREN|GABRIELA|CIFUENTES|BOTINA|TI|1080055787|2009-10-23|2|2|3|9998|3|1||1|07|||8|50.0|152|||2||||||||||||52UZPE01152001T38MT01EBS001H061752UZPE01152001T38MT01EBS001H0617F0617|52UZPE01152001T38MT01EBS001H061752UZPE01152001T38MT01EBS001H0617F0617TI1080055787
3|1042|YUDY|YAMILE|CIFUENTES|NA|CC|36756851|1981-03-06|2|2|2|9510|2|1||7|07|||8|65.0|160|||2||||||||||||52UZPE01152001T38MT01EBS001H061852UZPE01152001T38MT01EBS001H0618F0618|52UZPE01152001T38MT01EBS001H061852UZPE01152001T38MT01EBS001H0618F0618CC36756851
3|1043|ALFONSO|LIBARDO|BOTINA|ROSERO|CC|12745768|1979-02-03|1|2|2|9510|3|1||7|07|||8|72.0|165|||2||||||||||||52UZPE01152001T38MT01EBS001H061852UZPE01152001T38MT01EBS001H0618F0618|52UZPE01152001T38MT01EBS001H061852UZPE01152001T38MT01EBS001H0618F0618CC12745768
3|1044|JANETH|VIVIANA|TREJOS|QUINONEZ|CC|36759673|1982-03-22|2|2|2|9998|3|1||7|07|||8|56.0|150|||2||||||||||||52UZPE01152001T38MT01EBS001H061952UZPE01152001T38MT01EBS001H0619F0619|52UZPE01152001T38MT01EBS001H061952UZPE01152001T38MT01EBS001H0619F0619CC36759673
3|1045|SEGUNDO|ABILIO|PANTOJA|AGUIRRE|CC|98396695|1977-10-06|1|2|2|5169|3|1||7|07|||8|78.0|170|||2||||||||||||52UZPE01152001T38MT01EBS001H061952UZPE01152001T38MT01EBS001H0619F0619|52UZPE01152001T38MT01EBS001H061952UZPE01152001T38MT01EBS001H0619F0619CC98396695
3|1046|LESLY|JULIETH|PANTOJA|TREJOS|CC|1014212901|2001-11-13|2|2|6|5169|3|1||7|07|||8|55.0|162|||2||||||||||||52UZPE01152001T38MT01EBS001H062052UZPE01152001T38MT01EBS001H0620F0620|52UZPE01152001T38MT01EBS001H062052UZPE01152001T38MT01EBS001H0620F0620CC1014212901
3|1047|MONICA|LUCIA|TORRES|GARCIA|CC|27087941|1982-02-09|2|2|6|5169|3|2||7|07|||8|85.0|164|||2||||||||||||52UZPE01152001T38MT04EBS001H062152UZPE01152001T38MT04EBS001H0621F0621|52UZPE01152001T38MT04EBS001H062152UZPE01152001T38MT04EBS001H0621F0621CC27087941
3|1048|GABRIEL|JUAN|CHAMORRO|SANTANDER|CC|5341178|1942-02-27|1|2|5|9998|3|1||3|07|||8|83.0|160|||2||||||||||||52UZPE01152001T38MT02EBS001H062352UZPE01152001T38MT02EBS001H0623F0623|52UZPE01152001T38MT02EBS001H062352UZPE01152001T38MT02EBS001H0623F0623CC5341178
3|1049|PITER|FABIAN|VILLADA|NA|CC|1085323525|1995-03-04|1|2|3|9622|13|1||7|07|||8|50.0|155|||2||||||||||||52UZPE01152001T38MT02EBS001H062552UZPE01152001T38MT02EBS001H0625F0625|52UZPE01152001T38MT02EBS001H062552UZPE01152001T38MT02EBS001H0625F0625CC1085323525
3|1050|ANGELITA|MARINA|VILLADA|NA|CC|27199777|1967-10-01|2|2|5|9998|3|1||7|07|||8|55.0|146|||2||||||||||||52UZPE01152001T38MT02EBS001H062552UZPE01152001T38MT02EBS001H0625F0625|52UZPE01152001T38MT02EBS001H062552UZPE01152001T38MT02EBS001H0625F0625CC27199777
3|1051|PIEDAD|NIDIA|MELO|RODRIGUEZ|CC|59816895|1969-08-10|2|2|5|9998|3|1||7|07|||8|62.0|146|||2||||||||||||52UZPE01152001T38MT02EBS001H062652UZPE01152001T38MT02EBS001H0626F0626|52UZPE01152001T38MT02EBS001H062652UZPE01152001T38MT02EBS001H0626F0626CC59816895
3|1052|EDUARDO|ENRIQUE|MARTINEZ|ROSERO|CC|98378494|1971-03-09|1|2|5|9622|3|1||7|07|||8|58.0|163|||2||||||||||||52UZPE01152001T38MT02EBS001H062652UZPE01152001T38MT02EBS001H0626F0626|52UZPE01152001T38MT02EBS001H062652UZPE01152001T38MT02EBS001H0626F0626CC98378494
3|1053|JUAN|DAVID|FLOREZ|SAAVEDRA|TI|103003049|2019-05-12|1|2|3|9998|3|1||8|07|||8|16.0|104|||2||||||||||||52UZPE01152001T38MT02EBS001H062752UZPE01152001T38MT02EBS001H0627F0627|52UZPE01152001T38MT02EBS001H062752UZPE01152001T38MT02EBS001H0627F0627TI103003049
3|1054|PAOLA|ANDREA|SAAVEDRA|VASQUEZ|CC|1085289979|1990-12-29|2|2|5|9998|3|1||7|07|||8|54.0|152|||2||||||||||||52UZPE01152001T38MT02EBS001H062752UZPE01152001T38MT02EBS001H0627F0627|52UZPE01152001T38MT02EBS001H062752UZPE01152001T38MT02EBS001H0627F0627CC1085289979
3|1055|NNACY|DORIS|PORTILLA|DIAZ|CC|59829177|1967-05-20|2|2|6|9622|3|1||7|07|||8|61.0|156|||2||||||||||||52UZPE01152001T38MT02EBS001H000752UZPE01152001T38MT02EBS001H0007F0007|52UZPE01152001T38MT02EBS001H000752UZPE01152001T38MT02EBS001H0007F0007CC59829177
3|1056|CONSEPCION|ISABELL|CHINCHAJOA|POTOSI|CC|30716457|1959-12-08|2|2|6|5169|3|2||3|07|||8|57.0|155|||2||||||||||||52UZPE01152001T38MT02EBS001H000852UZPE01152001T38MT02EBS001H0008F0008|52UZPE01152001T38MT02EBS001H000852UZPE01152001T38MT02EBS001H0008F0008CC30716457
3|1057|LORENZO|CAYETANO|CHINCHAJOA|POTOSI|CC|12978760|1961-10-13|1|2|6|5169|3|5||3|07|||8|78.0|162|||2||||||||||||52UZPE01152001T38MT02EBS001H000952UZPE01152001T38MT02EBS001H0009F0009|52UZPE01152001T38MT02EBS001H000952UZPE01152001T38MT02EBS001H0009F0009CC12978760
3|1058|NUBIA|DELCARMEN|PINTO|PINTO|CC|59828086|1972-01-01|2|2|6|9622|3|1||7|07|||8|62.0|156|||2||||||||||||52UZPE01152001T38MT02EBS001H000952UZPE01152001T38MT02EBS001H0009F0009|52UZPE01152001T38MT02EBS001H000952UZPE01152001T38MT02EBS001H0009F0009CC59828086
3|1059|ESTELA|LUCIA|CORAL|DEQUINONES|CC|30723319|1962-10-06|2|2|5|9510|2|1||3|07|||8|82.0|162|||2||||||||||||52UZPE01152001T38MT02EBS001H062852UZPE01152001T38MT02EBS001H0628F0628|52UZPE01152001T38MT02EBS001H062852UZPE01152001T38MT02EBS001H0628F0628CC30723319
3|1060|MELVA|LEONOR|ANDRADE|INSUASTY|CC|27548671|1976-01-02|2|2|6|9998|3|5||7|07|||8|65.0|165|||2||||||||||||52UZPE01152001T38MT02EBS001H001152UZPE01152001T38MT02EBS001H0011F0011|52UZPE01152001T38MT02EBS001H001152UZPE01152001T38MT02EBS001H0011F0011CC27548671
3|1061|ANGUIE|ISABELLA|DELGADO|ZAPATA|CC|1080693272|2004-10-01|2|2|6|9998|3|5||7|07|||8|10.0|5|||2||||||||||||52UZPE01152001T38MT02EBS001H001152UZPE01152001T38MT02EBS001H0011F0011|52UZPE01152001T38MT02EBS001H001152UZPE01152001T38MT02EBS001H0011F0011CC1080693272
3|1062|JOSE|JAIME|DELGADO|MARTINEZ|CC|98396669|1976-05-01|1|2|6|5169|3|5||7|07|||8|76.0|178|||2||||||||||||52UZPE01152001T38MT02EBS001H001152UZPE01152001T38MT02EBS001H0011F0011|52UZPE01152001T38MT02EBS001H001152UZPE01152001T38MT02EBS001H0011F0011CC98396669
3|1063|GERALDINE|NA|DELGADO|ZAPATA|CC|1193036630|2003-04-22|2|2|6|9998|3|5||7|07|||8|54.0|171|||2||||||||||||52UZPE01152001T38MT02EBS001H001152UZPE01152001T38MT02EBS001H0011F0011|52UZPE01152001T38MT02EBS001H001152UZPE01152001T38MT02EBS001H0011F0011CC1193036630
3|1064|BLANCA|LIDIA|GUERRON|BENAVIDES|CC|59823184|1974-01-30|2|2|5|9622|3|2||7|07|||8|62.0|160|||2||||||||||||52UZPE01152001T38MT02EBS001H062952UZPE01152001T38MT02EBS001H0629F0629|52UZPE01152001T38MT02EBS001H062952UZPE01152001T38MT02EBS001H0629F0629CC59823184
3|1065|DANY|MARISOL|LOPEZ|TORRES|CC|1004598285|1994-07-22|2|2|5|5169|2|2||7|07|||8|62.0|154|||2||||||||||||52UZPE01152001T38MT02EBS001H063052UZPE01152001T38MT02EBS001H0630F0630|52UZPE01152001T38MT02EBS001H063052UZPE01152001T38MT02EBS001H0630F0630CC1004598285
3|1066|MELANY|SALOME|GUALMATAN|LOPEZ|TI|1087048790|2014-07-09|2|2|3|9998|3|2||8|07|||8|38.0|140|||2||||||||||||52UZPE01152001T38MT02EBS001H063052UZPE01152001T38MT02EBS001H0630F0630|52UZPE01152001T38MT02EBS001H063052UZPE01152001T38MT02EBS001H0630F0630TI1087048790
3|1067|OLGA|MARIA|GETIAL|MENESES|CC|30719305|1960-02-06|2|2|5|9998|2|2||3|07|||8|56.0|149|||2||||||||||||52UZPE01152001T38MT02EBS001H063252UZPE01152001T38MT02EBS001H0632F0632|52UZPE01152001T38MT02EBS001H063252UZPE01152001T38MT02EBS001H0632F0632CC30719305
3|1068|CAMILO|FRANCISCO|QUINONES|CORAL|CC|1193234963|1994-09-18|1|2|5|9998|2|1||7|07|||8|70.0|170|||2||||||||||||52UZPE01152001T38MT02EBS001H063352UZPE01152001T38MT02EBS001H0633F0633|52UZPE01152001T38MT02EBS001H063352UZPE01152001T38MT02EBS001H0633F0633CC1193234963
3|1069|ADRIANA|YURANI|NASTACUAS|CASTRO|CC|1126449304|2006-04-21|2|2|5|9998|3|1||7|07|||8|60.0|160|||2||||||||||||52UZPE01152001T38MT02EBS001H063352UZPE01152001T38MT02EBS001H0633F0633|52UZPE01152001T38MT02EBS001H063352UZPE01152001T38MT02EBS001H0633F0633CC1126449304
3|1070|KAREN|JULIETH|INSUASTY|ANDRADE|CC|1087959211|1991-03-27|2|2|6|9510|3|1||7|07|||8|10.0|5|||2||||||||||||52UZPE01152001T38MT02EBS001H001252UZPE01152001T38MT02EBS001H0012F0012|52UZPE01152001T38MT02EBS001H001252UZPE01152001T38MT02EBS001H0012F0012CC1087959211
3|1071|GABRIEL|SEBASTIAN|PATINO|INSUASTY|TI|1137089693|2016-01-01|1|2|6|9998|3|1||8|07|||8|10.0|5|||2||||||||||||52UZPE01152001T38MT02EBS001H001252UZPE01152001T38MT02EBS001H0012F0012|52UZPE01152001T38MT02EBS001H001252UZPE01152001T38MT02EBS001H0012F0012TI1137089693
3|1072|NGUIE|CATALINA|CAMPOS|INSUASTY|TI|1080693340|2008-01-01|1|2|6|9998|3|1||1|07|||8|10.0|5|||2||||||||||||52UZPE01152001T38MT02EBS001H001352UZPE01152001T38MT02EBS001H0013F0013|52UZPE01152001T38MT02EBS001H001352UZPE01152001T38MT02EBS001H0013F0013TI1080693340
3|1073|JOSUE|DAVID|CAMPOS|INSUASTY|TI|1140214069|2017-02-07|1|2|6|9998|3|1||8|07|||8|10.0|5|||2||||||||||||52UZPE01152001T38MT02EBS001H001352UZPE01152001T38MT02EBS001H0013F0013|52UZPE01152001T38MT02EBS001H001352UZPE01152001T38MT02EBS001H0013F0013TI1140214069
3|1074|DEISY|GREY|INSUASTY|CORDOBA|CC|59314947|1984-12-01|2|2|6|9510|3|1||7|07|||8|59.0|159|||2||||||||||||52UZPE01152001T38MT02EBS001H001352UZPE01152001T38MT02EBS001H0013F0013|52UZPE01152001T38MT02EBS001H001352UZPE01152001T38MT02EBS001H0013F0013CC59314947
3|1075|MARTHA|ISABEL|CUAYCAL|TAPIA|CC|27394385|1954-05-16|2|2|5|9998|2|1||3|07|||8|64.0|154|||2||||||||||||52UZPE01152001T38MT02EBS001H063452UZPE01152001T38MT02EBS001H0634F0634|52UZPE01152001T38MT02EBS001H063452UZPE01152001T38MT02EBS001H0634F0634CC27394385
3|1076|MARIA|FERNANDA|RAMIREZ|AREVALO|CC|1085300184|1994-01-14|2|2|6|9510|3|1||7|07|||8|63.0|165|||2||||||||||||52UZPE01152001T38MT02EBS001H002252UZPE01152001T38MT02EBS001H0022F0022|52UZPE01152001T38MT02EBS001H002252UZPE01152001T38MT02EBS001H0022F0022CC1085300184
3|1077|CLAUDIA|MARCELA|AREVALO|RODRIGUEZ|CC|59826199|1974-10-16|2|2|6|9510|3|1||7|07|||8|80.0|165|||2||||||||||||52UZPE01152001T38MT02EBS001H002252UZPE01152001T38MT02EBS001H0022F0022|52UZPE01152001T38MT02EBS001H002252UZPE01152001T38MT02EBS001H0022F0022CC59826199
3|1078|HECTOR|FABIO|MARTINEZ|ERAZO|CC|14652287|1977-06-29|2|2|6|9510|3|1||7|07|||8|75.0|160|||2||||||||||||52UZPE01152001T38MT02EBS001H002352UZPE01152001T38MT02EBS001H0023F0023|52UZPE01152001T38MT02EBS001H002352UZPE01152001T38MT02EBS001H0023F0023CC14652287
3|1079|CECILIA|NOTIENE|MARTINEZ|ERAZO|CC|29533395|1955-03-13|2|2|6|9998|3|1||3|07|||8|55.0|143|||2||||||||||||52UZPE01152001T38MT02EBS001H002352UZPE01152001T38MT02EBS001H0023F0023|52UZPE01152001T38MT02EBS001H002352UZPE01152001T38MT02EBS001H0023F0023CC29533395
3|1080|ROSALBA|NOTIENE|MARTINEZ|ERAZO|CC|38656943|1982-05-21|2|2|6|9998|3|1||4|07|||1|35.0|150|||2||||||||||||52UZPE01152001T38MT02EBS001H002352UZPE01152001T38MT02EBS001H0023F0023|52UZPE01152001T38MT02EBS001H002352UZPE01152001T38MT02EBS001H0023F0023CC38656943
3|1081|MARUJITA|NA|CHINCHAJOA|NA|CC|30713384|1955-12-20|2|2|6|9998|3|1||3|07|||8|64.0|146|||2||||||||||||52UZPE01152001T38MT02EBS001H002552UZPE01152001T38MT02EBS001H0025F0025|52UZPE01152001T38MT02EBS001H002552UZPE01152001T38MT02EBS001H0025F0025CC30713384
3|1082|JESUS|ARMANDO|DIAZ|CHINCHAJOA|CC|1085288949|1991-05-04|1|2|6|9510|3|1||7|07|||8|10.0|5|||2||||||||||||52UZPE01152001T38MT02EBS001H002652UZPE01152001T38MT02EBS001H0026F0026|52UZPE01152001T38MT02EBS001H002652UZPE01152001T38MT02EBS001H0026F0026CC1085288949
3|1083|ANGY|NATHALIA|LEGARDA|CHINCHAJOA|CC|1004508915|2002-10-06|2|2|6|9998|3|1||7|07|||8|75.0|161|||2||||||||||||52UZPE01152001T38MT02EBS001H002752UZPE01152001T38MT02EBS001H0027F0027|52UZPE01152001T38MT02EBS001H002752UZPE01152001T38MT02EBS001H0027F0027CC1004508915
3|1084|JENNY|ROCIO|CHINCHAJOA|NA|CC|36952641|1980-07-02|2|2|6|9998|3|1||6|07|||8|10.0|5|||2||||||||||||52UZPE01152001T38MT02EBS001H002752UZPE01152001T38MT02EBS001H0027F0027|52UZPE01152001T38MT02EBS001H002752UZPE01152001T38MT02EBS001H0027F0027CC36952641
3|1085|EDITH|MARGOT|NUPAN|MARTINEZ|CC|59832160|1972-12-10|2|2|6|9998|3|1||7|07|||8|60.0|147|||2||||||||||||52UZPE01152001T38MT02EBS001H002852UZPE01152001T38MT02EBS001H0028F0028|52UZPE01152001T38MT02EBS001H002852UZPE01152001T38MT02EBS001H0028F0028CC59832160
3|1086|DAVID|ERIBERTO|CHINCHAJOA|RODRIGUEZ|CC|98389562|1964-08-30|1|2|6|9510|3|1||7|07|||8|10.0|5|||2||||||||||||52UZPE01152001T38MT02EBS001H002852UZPE01152001T38MT02EBS001H0028F0028|52UZPE01152001T38MT02EBS001H002852UZPE01152001T38MT02EBS001H0028F0028CC98389562
3|1087|MARIA|ESPERANZA|ACOSTA|ANTE|CC|34556227|1969-09-22|2|2|6|9510|3|1||7|07|||8|14.5|77|||2||||||||||||52UZPE01152001T38MT02EBS001H002952UZPE01152001T38MT02EBS001H0029F0029|52UZPE01152001T38MT02EBS001H002952UZPE01152001T38MT02EBS001H0029F0029CC34556227
3|1088|JESUS|ANTONIO|PATINO|PENA|CC|16632159|1959-07-18|1|2|6|9510|3|1||3|07|||8|10.0|5|||2||||||||||||52UZPE01152001T38MT02EBS001H002952UZPE01152001T38MT02EBS001H0029F0029|52UZPE01152001T38MT02EBS001H002952UZPE01152001T38MT02EBS001H0029F0029CC16632159
3|1089|MAILEN|SHARITH|CAOSTA|AGUDELO|RC|1080709764|2022-05-04|2|2|6|9998|3|1||8|07|||8|||||2||||||||||||52UZPE01152001T38MT02EBS001H002952UZPE01152001T38MT02EBS001H0029F0029|52UZPE01152001T38MT02EBS001H002952UZPE01152001T38MT02EBS001H0029F0029RC1080709764
3|1090|JAIRO|NA|ORDONEZ|NA|CC|19119492|1950-11-12|1|2|6|5169|3|1||3|07|||8|60.0|157|||2||||||||||||52UZPE01152001T38MT02EBS001H003052UZPE01152001T38MT02EBS001H0030F0030|52UZPE01152001T38MT02EBS001H003052UZPE01152001T38MT02EBS001H0030F0030CC19119492
3|1091|MARUGENIA|NA|RODRIGUEZ|NA|CC|30712631|1956-02-12|2|2|6|5169|3|1||3|07|||8|63.0|160|||2||||||||||||52UZPE01152001T38MT02EBS001H003052UZPE01152001T38MT02EBS001H0030F0030|52UZPE01152001T38MT02EBS001H003052UZPE01152001T38MT02EBS001H0030F0030CC30712631
3|1092|MATILDE|DELSOCORRO|NUPAN|NA|CC|27071656|1944-03-06|2|2|6|9998|3|1||3|07|||8|60.0|155|||2||||||||||||52UZPE01152001T38MT02EBS001H003152UZPE01152001T38MT02EBS001H0031F0031|52UZPE01152001T38MT02EBS001H003152UZPE01152001T38MT02EBS001H0031F0031CC27071656
3|1093|NATHALIA|ALEXANDRA|MENA|BURBANO|TI|1086018025|2008-02-07|2|1|6|9998|3|2||1|07|||8|55.0|150|||2||||||||||||52UZPE01152001T38MT02EBS001H003252UZPE01152001T38MT02EBS001H0032F0032|52UZPE01152001T38MT02EBS001H003252UZPE01152001T38MT02EBS001H0032F0032TI1086018025
3|1094|MELANIA|NA|MENA|BURBANO|CC|1007254298|1991-12-06|2|2|6|9998|3|1||7|07|||8|58.0|160|||2||||||||||||52UZPE01152001T38MT02EBS001H003252UZPE01152001T38MT02EBS001H0032F0032|52UZPE01152001T38MT02EBS001H003252UZPE01152001T38MT02EBS001H0032F0032CC1007254298
3|1095|CARLOS|ANDRES|VALLEJO|ZAMBRANO|CC|87061497|1982-04-23|1|2|6|9510|3|1||7|07|||8|10.0|5|||2||||||||||||52UZPE01152001T38MT02EBS001H003352UZPE01152001T38MT02EBS001H0033F0033|52UZPE01152001T38MT02EBS001H003352UZPE01152001T38MT02EBS001H0033F0033CC87061497
3|1096|SANDRA|PATRICIA|CHINCHAJOA|NA|CC|36753061|1977-10-22|2|2|6|9998|3|1||7|07|||8|55.0|151|||2||||||||||||52UZPE01152001T38MT02EBS001H003352UZPE01152001T38MT02EBS001H0033F0033|52UZPE01152001T38MT02EBS001H003352UZPE01152001T38MT02EBS001H0033F0033CC36753061
3|1097|ALISSON|JULIETH|VALLEJO|CHINCHAJOA|CC|1081053537|2005-01-14|2|2|6|9510|3|1||7|07|||8|10.0|5|||2||||||||||||52UZPE01152001T38MT02EBS001H003352UZPE01152001T38MT02EBS001H0033F0033|52UZPE01152001T38MT02EBS001H003352UZPE01152001T38MT02EBS001H0033F0033CC1081053537
3|1098|OMERO|NA|MORALES|NA|CC|12970676|1960-02-11|1|2|6|9622|3|1||3|07|||8|60.0|155|||2||||||||||||52UZPE01152001T38MT02EBS001H003452UZPE01152001T38MT02EBS001H0034F0034|52UZPE01152001T38MT02EBS001H003452UZPE01152001T38MT02EBS001H0034F0034CC12970676
3|1099|LETICIA|NA|CHINCHAJOA|NA|CC|36954067|1976-08-03|2|2|6|9998|3|1||7|07|||8|47.0|150|||2||||||||||||52UZPE01152001T38MT02EBS001H003552UZPE01152001T38MT02EBS001H0035F0035|52UZPE01152001T38MT02EBS001H003552UZPE01152001T38MT02EBS001H0035F0035CC36954067
3|1100|MARIA|ALEJANDRA|AVILA|CHINCHAJOA|CC|1080044125|2005-06-12|2|2|6|9998|3|1||7|07|||8|50.0|150|||2||||||||||||52UZPE01152001T38MT02EBS001H003552UZPE01152001T38MT02EBS001H0035F0035|52UZPE01152001T38MT02EBS001H003552UZPE01152001T38MT02EBS001H0035F0035CC1080044125
3|1101|JOSE|GUILLERMO|AYALA|NA|CC|98383544|1970-03-30|1|2|6|9998|3|1||7|07|||8|60.0|162|||2||||||||||||52UZPE01152001T38MT02EBS001H003652UZPE01152001T38MT02EBS001H0036F0036|52UZPE01152001T38MT02EBS001H003652UZPE01152001T38MT02EBS001H0036F0036CC98383544
3|1102|ALBA|LUCIA|GUERRERO|ROSERO|CC|30741504|1965-09-21|2|2|6|9998|3|1||7|07|||8|50.0|147|||2||||||||||||52UZPE01152001T38MT02EBS001H003652UZPE01152001T38MT02EBS001H0036F0036|52UZPE01152001T38MT02EBS001H003652UZPE01152001T38MT02EBS001H0036F0036CC30741504
3|1103|LUIS|ANTONIO|CHINCHAJOA|BURBANO|CC|12956961|1952-01-22|1|2|6|9998|3|1||3|07|||3|55.0|156|||2||||||||||||52UZPE01152001T38MT02EBS001H003752UZPE01152001T38MT02EBS001H0037F0037|52UZPE01152001T38MT02EBS001H003752UZPE01152001T38MT02EBS001H0037F0037CC12956961
3|1104|THIAGO|JOHANNES|SANCHEZ|TORRES|RC|1080068700|2018-07-26|1|2|6|9998|3|1||8|07|||8|||||2||||||||||||52UZPE01152001T38MT02EBS001H003852UZPE01152001T38MT02EBS001H0038F0038|52UZPE01152001T38MT02EBS001H003852UZPE01152001T38MT02EBS001H0038F0038RC1080068700
3|1105|MYA|TAHEL|SANCHEZ|TORRES|TI|1080066601|2016-12-21|2|2|6|9998|3|1||8|07|||8|30.0|120|||2||||||||||||52UZPE01152001T38MT02EBS001H003852UZPE01152001T38MT02EBS001H0038F0038|52UZPE01152001T38MT02EBS001H003852UZPE01152001T38MT02EBS001H0038F0038TI1080066601
3|1106|MILLY|SOFIA|SANCHEZ|TORRES|TI|1081272760|1980-09-03|2|2|6|9510|3|1||7|07|||8|69.0|156|||2||||||||||||52UZPE01152001T38MT02EBS001H003852UZPE01152001T38MT02EBS001H0038F0038|52UZPE01152001T38MT02EBS001H003852UZPE01152001T38MT02EBS001H0038F0038TI1081272760
3|1107|GLORIA|CRISTINA|NUPAN|NA|CC|59816069|1971-08-29|2|2|6|9998|3|2||7|07|||8|73.0|165|||2||||||||||||52UZPE01152001T38MT02EBS001H003952UZPE01152001T38MT02EBS001H0039F0039|52UZPE01152001T38MT02EBS001H003952UZPE01152001T38MT02EBS001H0039F0039CC59816069
3|1108|SILVANA|CRISTINA|CHINCHAJOA|NUPAN|CC|1085345498|1999-05-25|2|2|6|5169|3|2||7|07|||8|60.0|165|||2||||||||||||52UZPE01152001T38MT02EBS001H003952UZPE01152001T38MT02EBS001H0039F0039|52UZPE01152001T38MT02EBS001H003952UZPE01152001T38MT02EBS001H0039F0039CC1085345498
3|1109|MIGUEL|ANGEL|VAZQUEZ|ROMERO|RC|1080069320|2019-02-13|1|2|6|9998|3|1||8|07|||8|||||2||||||||||||52UZPE01152001T38MT02EBS001H004152UZPE01152001T38MT02EBS001H0041F0041|52UZPE01152001T38MT02EBS001H004152UZPE01152001T38MT02EBS001H0041F0041RC1080069320
3|1110|EDITH|DELCARMEN|VAZQUEZ|ROMERO|CC|1233190128|1997-09-19|2|2|6|9510|3|1||7|07|||8|55.0|145|||2||||||||||||52UZPE01152001T38MT02EBS001H004152UZPE01152001T38MT02EBS001H0041F0041|52UZPE01152001T38MT02EBS001H004152UZPE01152001T38MT02EBS001H0041F0041CC1233190128
3|1111|ZOILA|VICTORIA|HIGIDIO|MATABANJOY|CC|59834148|1952-02-15|2|2|6|9510|3|1||3|07|||8|70.0|143|||2||||||||||||52UZPE01152001T38MT02EBS001H004052UZPE01152001T38MT02EBS001H0040F0040|52UZPE01152001T38MT02EBS001H004052UZPE01152001T38MT02EBS001H0040F0040CC59834148
3|1112|SEGUNDO|NEPAMUCENO|TREJO|PINTA|CC|12992717|1948-04-12|1|2|6|9510|3|1||3|07|||8|60.0|164|||2||||||||||||52UZPE01152001T38MT02EBS001H004052UZPE01152001T38MT02EBS001H0040F0040|52UZPE01152001T38MT02EBS001H004052UZPE01152001T38MT02EBS001H0040F0040CC12992717
3|1113|SILVIO|SOLOTIENEUNNOMBRE|TONGUINO|SOLOTIENEUNAPELLIDO|CC|1837191|1934-12-20|1|2|6|9998|3|1||3|07|||8|52.0|160|||2||||||||||||52UZPE01152001T38MT02EBS001H004252UZPE01152001T38MT02EBS001H0042F0042|52UZPE01152001T38MT02EBS001H004252UZPE01152001T38MT02EBS001H0042F0042CC1837191
3|1114|JEFERSON|STIVEN|CHICHAJOA|CUALQUER|CC|1004193287|2000-12-16|1|2|6|9998|3|1||7|07|||8|53.0|164|||2||||||||||||52UZPE01152001T38MT02EBS001H004352UZPE01152001T38MT02EBS001H0043F0043|52UZPE01152001T38MT02EBS001H004352UZPE01152001T38MT02EBS001H0043F0043CC1004193287
3|1115|MARIA|LUCILA|QUASQUER|VELASQUEZ|CC|30736492|1966-02-22|2|2|6|9510|3|1||7|07|||8|52.0|150|||2||||||||||||52UZPE01152001T38MT02EBS001H004352UZPE01152001T38MT02EBS001H0043F0043|52UZPE01152001T38MT02EBS001H004352UZPE01152001T38MT02EBS001H0043F0043CC30736492
3|1116|EMMA|LUCIA|MARTINEZ|MALLAMA|RC|1085350048|2022-02-14|2|2|3|9998|3|1||8|07|||8|14.5|96|||2||||||||||||52UZPE01152001T38MT04EBS001H063752UZPE01152001T38MT04EBS001H0637F0637|52UZPE01152001T38MT04EBS001H063752UZPE01152001T38MT04EBS001H0637F0637RC1085350048
3|1117|VANESA|LISETH|MALLAMA|GOMEZ|CC|1085279469|1990-02-14|2|2|2|9998|5|1||7|07|||8|44.0|150|||2||||||||||||52UZPE01152001T38MT04EBS001H063752UZPE01152001T38MT04EBS001H0637F0637|52UZPE01152001T38MT04EBS001H063752UZPE01152001T38MT04EBS001H0637F0637CC1085279469
3|1118|JHON|JAIRO|VILLAMARIN|LOPEZ|CC|1085303491|1993-01-13|1|2|1|9622|3|2||7|07|||8|56.0|156|||2||||||||||||52UZPE01152001T38MT04EBS001H063852UZPE01152001T38MT04EBS001H0638F0638|52UZPE01152001T38MT04EBS001H063852UZPE01152001T38MT04EBS001H0638F0638CC1085303491
3|1119|ORDONEZ|HUERTAS|JUAN|CAMILO|RC|112070649|2022-07-01|1|2|3|9998|3|1||8|07|||8|||||2||||||||||||52UZPE01152001T38MT04EBS001H063952UZPE01152001T38MT04EBS001H0639F0639|52UZPE01152001T38MT04EBS001H063952UZPE01152001T38MT04EBS001H0639F0639RC112070649
3|1120|JUAN|CAMILO|ORDONEZ|HUERTAS|RC|1112070649|2022-07-01|1|2|3|9998|3|1||8|07|||8|||||2||||||||||||52UZPE01152001T38MT04EBS001H063952UZPE01152001T38MT04EBS001H0639F0639|52UZPE01152001T38MT04EBS001H063952UZPE01152001T38MT04EBS001H0639F0639RC1112070649
3|1121|WILTON|CAMILO|ORDONEZ|ORDONEZ|CC|1085259271|1988-06-30|1|2|1|5169|3|2||7|07|||8|76.0|165|||2||||||||||||52UZPE01152001T38MT04EBS001H063952UZPE01152001T38MT04EBS001H0639F0639|52UZPE01152001T38MT04EBS001H063952UZPE01152001T38MT04EBS001H0639F0639CC1085259271
3|1122|JUAN|CAMILO|ORDONEZ|HUERTAS|RC|11120706649|2022-07-01|1|2|3|9998|3|1||8|07|||8|||||2||||||||||||52UZPE01152001T38MT04EBS001H063952UZPE01152001T38MT04EBS001H0639F0639|52UZPE01152001T38MT04EBS001H063952UZPE01152001T38MT04EBS001H0639F0639RC11120706649
3|1123|OSCAR|FELIPE|ERAZO|VILLARREAL|CC|312972852|1960-03-22|1|2|1|5169|2|1||3|07|||8|70.0|173|||2||||||||||||52UZPE01152001T38MT04EBS001H064052UZPE01152001T38MT04EBS001H0640F0640|52UZPE01152001T38MT04EBS001H064052UZPE01152001T38MT04EBS001H0640F0640CC312972852
3|1124|MELANY|NICOL|TROYA|VILLAMARIN|TI|1080065002|2015-09-13|2|2|3|9998|3|1||8|07|||8|27.0|137|||2||||||||||||52UZPE01152001T38MT04EBS001H064352UZPE01152001T38MT04EBS001H0643F0643|52UZPE01152001T38MT04EBS001H064352UZPE01152001T38MT04EBS001H0643F0643TI1080065002
3|1125|SEGUNDO|MANUEL|RODRIGUEZ|NA|CC|12963415|1956-04-05|1|2|5|9998|7|2||3|07|||8|62.0|165|||2||||||||||||52UZPE01152001T38MT04EBS001H064552UZPE01152001T38MT04EBS001H0645F0645|52UZPE01152001T38MT04EBS001H064552UZPE01152001T38MT04EBS001H0645F0645CC12963415
3|1126|GLORIA|MARIA|JIMENEZ|MOSQUERA|CC|30721896|1956-07-09|2|2|5|9998|3|2||3|07|||8|90.0|155|||2||||||||||||52UZPE01152001T38MT04EBS001H064552UZPE01152001T38MT04EBS001H0645F0645|52UZPE01152001T38MT04EBS001H064552UZPE01152001T38MT04EBS001H0645F0645CC30721896
3|1127|JHON|MANUEL|RODRIGUEZ|JIMENEZ|CC|12747354|1979-09-03|1|2|5|5169|7|2||7|07|||8|77.0|165|||2||||||||||||52UZPE01152001T38MT04EBS001H064552UZPE01152001T38MT04EBS001H0645F0645|52UZPE01152001T38MT04EBS001H064552UZPE01152001T38MT04EBS001H0645F0645CC12747354
3|1128|CLEILLA|INES|BENAVIDES|BRAVO|CC|27206828|1955-11-10|2|2|5|9998|2|1||3|07|||8|69.0|154|||2||||||||||||52UZPE01152001T38MT04EBS001H064652UZPE01152001T38MT04EBS001H0646F0646|52UZPE01152001T38MT04EBS001H064652UZPE01152001T38MT04EBS001H0646F0646CC27206828
3|1129|GERARDO|GILBERTO|POTOSI|MIRAMAG|CC|12953177|1949-03-02|1|2|5|9510|5|1||3|07|||8|58.0|155|||2||||||||||||52UZPE01152001T38MT04EBS001H064652UZPE01152001T38MT04EBS001H0646F0646|52UZPE01152001T38MT04EBS001H064652UZPE01152001T38MT04EBS001H0646F0646CC12953177
3|1130|CARLOS|ALBERTO|POTOSI|BENAVIDES|CC|5204482|1978-11-06|1|2|3|9510|5|1||7|07|||8|58.0|161|||2||||||||||||52UZPE01152001T38MT04EBS001H064652UZPE01152001T38MT04EBS001H0646F0646|52UZPE01152001T38MT04EBS001H064652UZPE01152001T38MT04EBS001H0646F0646CC5204482
3|1131|MARTIN|ALONSO|ROMAN|BENAVIDES|CC|12985839|1965-06-14|1|2|4|5169|7|2||3|07|||8|10.2|172|||2||||||||||||52UZPE01152001T38MT04EBS001H064752UZPE01152001T38MT04EBS001H0647F0647|52UZPE01152001T38MT04EBS001H064752UZPE01152001T38MT04EBS001H0647F0647CC12985839
3|1132|LAURA|MARCELA|MORALES|ROMAN|CC|1080692095|2005-10-15|2|2|3|9998|3|2||7|07|||8|47.0|158|||2||||||||||||52UZPE01152001T38MT04EBS001H064752UZPE01152001T38MT04EBS001H0647F0647|52UZPE01152001T38MT04EBS001H064752UZPE01152001T38MT04EBS001H0647F0647CC1080692095
3|1133|CLAUDIA|PATRICIA|ROMAN|BENAVIDES|CC|27082403|1976-09-11|2|2|4|5169|7|2||7|07|||8|70.0|155|||2||||||||||||52UZPE01152001T38MT04EBS001H064752UZPE01152001T38MT04EBS001H0647F0647|52UZPE01152001T38MT04EBS001H064752UZPE01152001T38MT04EBS001H0647F0647CC27082403
3|1134|DEXI|YULIANA|BURBANO|RIOS|CC|1085331258|1996-08-22|2|2|3|5169|3|1||7|07|||8|61.0|157|||2||||||||||||52UZPE01152001T38MT04EBS001H063652UZPE01152001T38MT04EBS001H0636F0636|52UZPE01152001T38MT04EBS001H063652UZPE01152001T38MT04EBS001H0636F0636CC1085331258
3|1135|LUIS|ALIRIO|BURBANO|CANSIMANCE|CC|98334513|1975-06-20|1|2|5|9510|2|1||7|07|||8|69.0|163|||2||||||||||||52UZPE01152001T38MT04EBS001H063652UZPE01152001T38MT04EBS001H0636F0636|52UZPE01152001T38MT04EBS001H063652UZPE01152001T38MT04EBS001H0636F0636CC98334513
3|1136|MARLENY|MARLENY|BURBANO|DECEBALLOS|CC|30710405|1952-05-11|2|2|5|9998|2|1||3|07|||8|43.0|150|||2||||||||||||52UZPE01152001T38MT02EBS001H064852UZPE01152001T38MT02EBS001H0648F0648|52UZPE01152001T38MT02EBS001H064852UZPE01152001T38MT02EBS001H0648F0648CC30710405
3|1137|BLANCA|ELVIRA|VALLEJO|LOPEZ|CC|59829964|1968-04-18|2|2|5|5169|2|2||7|07|||8|64.0|150|||2||||||||||||52UZPE01152001T38MT01EBS001H064952UZPE01152001T38MT01EBS001H0649F0649|52UZPE01152001T38MT01EBS001H064952UZPE01152001T38MT01EBS001H0649F0649CC59829964
3|1138|KEIN|SANTIAGO|CERON|VALLEJO|CC|1081276788|2006-11-28|1|2|3|9510|3|2||7|07|||8|50.0|166|||2||||||||||||52UZPE01152001T38MT01EBS001H064952UZPE01152001T38MT01EBS001H0649F0649|52UZPE01152001T38MT01EBS001H064952UZPE01152001T38MT01EBS001H0649F0649CC1081276788
3|1139|LUIS|FERNANDO|MELO|PORTILLA|CC|1841605|1963-08-20|1|2|6|9510|3|1||3|07|||8|75.0|158|||2||||||||||||52UZPE01152001T38MT02EBS001H004452UZPE01152001T38MT02EBS001H0044F0044|52UZPE01152001T38MT02EBS001H004452UZPE01152001T38MT02EBS001H0044F0044CC1841605
3|1140|RODOLFO|NA|FLOREZ|PEREZ|CC|12999890|1970-10-24|1|2|6|9510|3|1||7|07|||8|65.0|165|||2||||||||||||52UZPE01152001T38MT02EBS001H004552UZPE01152001T38MT02EBS001H0045F0045|52UZPE01152001T38MT02EBS001H004552UZPE01152001T38MT02EBS001H0045F0045CC12999890
3|1141|YOLANDA|SORAYA|ACHICANOY|GUALGUAN|CC|30746036|1967-06-16|2|2|6|9998|3|1||4|07|||3|70.0|156|||2||||||||||||52UZPE01152001T38MT02EBS001H004852UZPE01152001T38MT02EBS001H0048F0048|52UZPE01152001T38MT02EBS001H004852UZPE01152001T38MT02EBS001H0048F0048CC30746036
3|1142|JUAN|JOSE|ROBAYO|PIANDOY|TI|1080061098|2011-09-01|1|2|6|9998|3|1||1|07|||8|10.0|5|||2||||||||||||52UZPE01152001T38MT02EBS001H004952UZPE01152001T38MT02EBS001H0049F0049|52UZPE01152001T38MT02EBS001H004952UZPE01152001T38MT02EBS001H0049F0049TI1080061098
3|1143|ALISON|SOFIA|CUSIS|PIANDOY|TI|1080051513|2008-02-28|2|2|6|9998|3|1||1|07|||8|10.0|5|||2||||||||||||52UZPE01152001T38MT02EBS001H004952UZPE01152001T38MT02EBS001H0049F0049|52UZPE01152001T38MT02EBS001H004952UZPE01152001T38MT02EBS001H0049F0049TI1080051513
3|1144|ISABELA|NA|ROBAYO|PIANDOY|RC|1080068996|2018-10-25|2|2|6|9998|3|1||8|07|||8|||||2||||||||||||52UZPE01152001T38MT02EBS001H004952UZPE01152001T38MT02EBS001H0049F0049|52UZPE01152001T38MT02EBS001H004952UZPE01152001T38MT02EBS001H0049F0049RC1080068996
3|1145|HANNER|ALFONSO|ROBAYO|ARIAS|CC|1097404697|1996-09-30|1|2|6|9510|3|1||7|07|||8|10.0|5|||2||||||||||||52UZPE01152001T38MT02EBS001H004952UZPE01152001T38MT02EBS001H0049F0049|52UZPE01152001T38MT02EBS001H004952UZPE01152001T38MT02EBS001H0049F0049CC1097404697
3|1146|MAGALY|IDALY|PIANDOY|ACHICANOY|CC|1085246268|1986-01-25|2|2|6|9998|3|1||7|07|||8|53.0|152|||2||||||||||||52UZPE01152001T38MT02EBS001H004952UZPE01152001T38MT02EBS001H0049F0049|52UZPE01152001T38MT02EBS001H004952UZPE01152001T38MT02EBS001H0049F0049CC1085246268
3|1147|MARIA|VICENTA|BRAVO|CAICEDO|CC|27307725|1957-06-01|2|2|5|9510|2|2||3|07|||1|65.0|150|||2||||||||||||52UZPE01152001T38MT01EBS001H065152UZPE01152001T38MT01EBS001H0651F0651|52UZPE01152001T38MT01EBS001H065152UZPE01152001T38MT01EBS001H0651F0651CC27307725
3|1148|JORGE|OSWALDO|MUNOZ|CARDENAZ|CC|12997847|1965-05-19|1|2|2|9510|3|1||3|07|||8|89.0|160|||2||||||||||||52UZPE01152001T38MT01EBS001H065352UZPE01152001T38MT01EBS001H0653F0653|52UZPE01152001T38MT01EBS001H065352UZPE01152001T38MT01EBS001H0653F0653CC12997847
3|1149|SOREIDA|DELPILAR|BURBANO|ACOSTA|CC|36751037|1977-05-01|2|2|5|9510|3|2||7|07|||8|68.0|145|||2||||||||||||52UZPE01152001T38MT01EBS001H065352UZPE01152001T38MT01EBS001H0653F0653|52UZPE01152001T38MT01EBS001H065352UZPE01152001T38MT01EBS001H0653F0653CC36751037
3|1150|BAIRON|ARMANDO|ROSERO|ROSERO|CC|12997423|1968-11-11|1|2|5|9510|3|5||7|07|||8|72.0|70|||2||||||||||||52UZPE01152001T38MT01EBS001H065452UZPE01152001T38MT01EBS001H0654F0654|52UZPE01152001T38MT01EBS001H065452UZPE01152001T38MT01EBS001H0654F0654CC12997423
3|1151|DAIRA|MARCELA|BURBANO|CHARA|CC|37082470|1982-05-14|2|2|6|5169|3|2||7|07|||8|83.0|150|||2||||||||||||52UZPE01152001T38MT02EBS001H005152UZPE01152001T38MT02EBS001H0051F0051|52UZPE01152001T38MT02EBS001H005152UZPE01152001T38MT02EBS001H0051F0051CC37082470
3|1152|ISABELLA|NA|BURBANO|GUERRERO|TI|1080065684|2016-04-01|2|2|6|9998|3|1||8|07|||8|10.0|5|||2||||||||||||52UZPE01152001T38MT02EBS001H005152UZPE01152001T38MT02EBS001H0051F0051|52UZPE01152001T38MT02EBS001H005152UZPE01152001T38MT02EBS001H0051F0051TI1080065684
3|1153|LUIS|HERNANDO|OVIEDO|BRAVO|CC|1233189983|1997-08-08|1|2|3|9510|3|1||7|07|||8|68.0|170|||2||||||||||||52UZPE01152001T38MT01EBS001H065052UZPE01152001T38MT01EBS001H0650F0650|52UZPE01152001T38MT01EBS001H065052UZPE01152001T38MT01EBS001H0650F0650CC1233189983
3|1154|CAMILO|CAMILO|AGREDA|ORDERES|CC|1085309944|1993-08-17|1|2|2|5169|5|2||7|07|||8|60.0|165|||2||||||||||||52UZPE01152001T38MT01EBS001H065252UZPE01152001T38MT01EBS001H0652F0652|52UZPE01152001T38MT01EBS001H065252UZPE01152001T38MT01EBS001H0652F0652CC1085309944
3|1155|DIANA|MARCELA|ESPINOZA|ROSERO|CC|1080042600|2004-08-11|2|2|2|5169|3|2||7|07|||8|56.0|157|||2||||||||||||52UZPE01152001T38MT01EBS001H065252UZPE01152001T38MT01EBS001H0652F0652|52UZPE01152001T38MT01EBS001H065252UZPE01152001T38MT01EBS001H0652F0652CC1080042600
3|1156|EDUARDO|EDUARDO|RODRIGUEZ|MARTINEZ|CC|12990146|1967-04-15|1|2|5|5169|2|1||7|07|||8|73.0|167|||2||||||||||||52UZPE01152001T38MT01EBS001H065652UZPE01152001T38MT01EBS001H0656F0656|52UZPE01152001T38MT01EBS001H065652UZPE01152001T38MT01EBS001H0656F0656CC12990146
3|1157|DAVID|FELIPE|RODRIGUEZ|RIVERA|CC|1080690445|2004-04-08|1|2|3|9622|4|1||7|07|||8|72.0|179|||2||||||||||||52UZPE01152001T38MT01EBS001H065652UZPE01152001T38MT01EBS001H0656F0656|52UZPE01152001T38MT01EBS001H065652UZPE01152001T38MT01EBS001H0656F0656CC1080690445
3|1158|DANIELA|SOFIA|BURGOS|DELGADO|CC|1080046264|2006-09-21|2|2|6|9998|4|1||7|07|||8|62.0|156|||2||||||||||||52UZPE01152001T38MT01EBS001H065652UZPE01152001T38MT01EBS001H0656F0656|52UZPE01152001T38MT01EBS001H065652UZPE01152001T38MT01EBS001H0656F0656CC1080046264
3|1159|NODIA|ALICIA|RODRIGUEZ|GONZALEZ|CC|37077433|1948-08-16|2|2|6|9998|3|2||3|07|||8|63.0|156|||2||||||||||||52UZPE01152001T38MT02EBS001H005452UZPE01152001T38MT02EBS001H0054F0054|52UZPE01152001T38MT02EBS001H005452UZPE01152001T38MT02EBS001H0054F0054CC37077433
3|1160|NIDIA|YURANI|MORA|RODRIGUEZ|CC|37084752|1983-05-29|2|2|6|5169|3|2||7|07|||8|10.0|5|||2||||||||||||52UZPE01152001T38MT02EBS001H005552UZPE01152001T38MT02EBS001H0055F0055|52UZPE01152001T38MT02EBS001H005552UZPE01152001T38MT02EBS001H0055F0055CC37084752
3|1161|JUAN|JOSE|ESCOBAR|MORA|CC|1081053153|2004-08-17|1|2|6|9998|3|2||7|07|||8|10.0|5|||2||||||||||||52UZPE01152001T38MT02EBS001H005552UZPE01152001T38MT02EBS001H0055F0055|52UZPE01152001T38MT02EBS001H005552UZPE01152001T38MT02EBS001H0055F0055CC1081053153
3|1162|CELESTE|NA|BOLANOS|MORA|RC|1140214358|2020-04-16|2|2|6|9998|3|2||8|07|||8|||||2||||||||||||52UZPE01152001T38MT02EBS001H005552UZPE01152001T38MT02EBS001H0055F0055|52UZPE01152001T38MT02EBS001H005552UZPE01152001T38MT02EBS001H0055F0055RC1140214358
3|1163|LILIANA|DELROSARIO|CRUZ|SAAVEDRA|CC|59822264|1967-06-03|2|2|6|9998|3|1||7|07|||8|65.0|165|||2||||||||||||52UZPE01152001T38MT02EBS001H005852UZPE01152001T38MT02EBS001H0058F0058|52UZPE01152001T38MT02EBS001H005852UZPE01152001T38MT02EBS001H0058F0058CC59822264
3|1164|JORGE|ELIGIO|PAZ|NA|CC|94310340|1970-07-27|1|2|6|9510|3|2||7|07|||8|10.0|5|||2||||||||||||52UZPE01152001T38MT02EBS001H005852UZPE01152001T38MT02EBS001H0058F0058|52UZPE01152001T38MT02EBS001H005852UZPE01152001T38MT02EBS001H0058F0058CC94310340
3|1165|CENELIA|NA|MATABANCHOY|NOPAN|CC|59824789|1973-04-29|2|2|6|9510|3|1||4|07|||1|75.0|168|||2||||||||||||52UZPE01152001T38MT02EBS001H005952UZPE01152001T38MT02EBS001H0059F0059|52UZPE01152001T38MT02EBS001H005952UZPE01152001T38MT02EBS001H0059F0059CC59824789
3|1166|MICHELLE|SOFIA|LUNA|AGUIRRE|TI|1085343558|2017-01-10|2|2|6|9998|3|2||8|07|||8|10.0|5|||2||||||||||||52UZPE01152001T38MT02EBS001H005952UZPE01152001T38MT02EBS001H0059F0059|52UZPE01152001T38MT02EBS001H005952UZPE01152001T38MT02EBS001H0059F0059TI1085343558
3|1167|ROSA|EDILMA|HERNANDEZ|ESTRADA|CC|27167714|1970-05-01|2|2|6|9998|3|2||7|07|||8|62.0|147|||2||||||||||||52UZPE01152001T38MT02EBS001H006152UZPE01152001T38MT02EBS001H0061F0061|52UZPE01152001T38MT02EBS001H006152UZPE01152001T38MT02EBS001H0061F0061CC27167714
3|1168|LUIS|EDUARDO|ZAMBRANO|VILLOTA|CC|12981341|1964-06-20|1|2|6|5169|3|1||3|07|||8|10.0|5|||2||||||||||||52UZPE01152001T38MT02EBS001H006152UZPE01152001T38MT02EBS001H0061F0061|52UZPE01152001T38MT02EBS001H006152UZPE01152001T38MT02EBS001H0061F0061CC12981341
3|1169|SARA|ELIZABETH|ZAMBRANO|HERNANDEZ|CC|1081272717|2004-02-18|2|2|6|9998|3|1||7|07|||8|10.0|5|||2||||||||||||52UZPE01152001T38MT02EBS001H006152UZPE01152001T38MT02EBS001H0061F0061|52UZPE01152001T38MT02EBS001H006152UZPE01152001T38MT02EBS001H0061F0061CC1081272717
3|1170|BEATRIZ|NA|ESTRADA|DEHERNANDEZ|CC|27164315|1930-11-30|2|2|6|9998|3|1||3|07|||8|10.0|5|||2||||||||||||52UZPE01152001T38MT02EBS001H006052UZPE01152001T38MT02EBS001H0060F0060|52UZPE01152001T38MT02EBS001H006052UZPE01152001T38MT02EBS001H0060F0060CC27164315
3|1171|NELCY|VERONICA|BURBANO|MADRONERO|CC|1085279997|1989-12-12|2|2|6|9998|3|1||7|07|||8|10.0|5|||2||||||||||||52UZPE01152001T38MT02EBS001H006352UZPE01152001T38MT02EBS001H0063F0063|52UZPE01152001T38MT02EBS001H006352UZPE01152001T38MT02EBS001H0063F0063CC1085279997
3|1172|RAUL|ARMANDO|TENGANAN|TUMAL|CC|1085284088|1990-06-11|1|2|6|9510|3|1||7|07|||8|50.0|155|||2||||||||||||52UZPE01152001T38MT02EBS001H006352UZPE01152001T38MT02EBS001H0063F0063|52UZPE01152001T38MT02EBS001H006352UZPE01152001T38MT02EBS001H0063F0063CC1085284088
3|1173|YENNIFER|VANESA|TENGANAN|BURBANO|TI|1080060157|2012-01-11|2|2|6|9998|3|1||1|07|||8|10.0|5|||2||||||||||||52UZPE01152001T38MT02EBS001H006352UZPE01152001T38MT02EBS001H0063F0063|52UZPE01152001T38MT02EBS001H006352UZPE01152001T38MT02EBS001H0063F0063TI1080060157
3|1174|ANGIE|VALERIA|TENGANAN|BURBANO|TI|1080055556|2009-09-11|2|2|6|9998|3|1||1|07|||8|10.0|5|||2||||||||||||52UZPE01152001T38MT02EBS001H006352UZPE01152001T38MT02EBS001H0063F0063|52UZPE01152001T38MT02EBS001H006352UZPE01152001T38MT02EBS001H0063F0063TI1080055556
3|1175|MARIA|ERMENCIA|NARVAEZ|LEGARDA|CC|59817967|1960-10-05|2|2|6|9998|3|1||3|07|||8|40.0|138|||2||||||||||||52UZPE01152001T38MT02EBS001H006452UZPE01152001T38MT02EBS001H0064F0064|52UZPE01152001T38MT02EBS001H006452UZPE01152001T38MT02EBS001H0064F0064CC59817967
3|1176|BLANCA|DOLORES|TUMAL|NARVAEZ|CC|1085244639|1984-01-10|2|2|6|9998|3|1||7|07|||8|38.0|142|||2||||||||||||52UZPE01152001T38MT02EBS001H006452UZPE01152001T38MT02EBS001H0064F0064|52UZPE01152001T38MT02EBS001H006452UZPE01152001T38MT02EBS001H0064F0064CC1085244639
3|1177|JOSE|VICENTE|TUMAL|PAZ|CC|12977444|1963-01-01|1|2|6|9998|3|1||3|07|||8|10.0|5|||2||||||||||||52UZPE01152001T38MT02EBS001H006452UZPE01152001T38MT02EBS001H0064F0064|52UZPE01152001T38MT02EBS001H006452UZPE01152001T38MT02EBS001H0064F0064CC12977444
3|1178|LUCIANO|ANIBAL|ROSALES|ACOSTA|CC|98391385|1975-02-28|1|2|6|9510|3|1||7|07|||8|72.0|166|||2||||||||||||52UZPE01152001T38MT02EBS001H006752UZPE01152001T38MT02EBS001H0067F0067|52UZPE01152001T38MT02EBS001H006752UZPE01152001T38MT02EBS001H0067F0067CC98391385
3|1179|MARTHA|CECILIA|HERRERA|IMBACUAN|CC|27227650|1972-11-03|2|2|6|9622|3|1||7|07|||8|10.0|5|||2||||||||||||52UZPE01152001T38MT02EBS001H006752UZPE01152001T38MT02EBS001H0067F0067|52UZPE01152001T38MT02EBS001H006752UZPE01152001T38MT02EBS001H0067F0067CC27227650
3|1180|MAXIMILIANO|NA|URBANO|NARVAEZ|CC|5336228|1940-11-14|1|2|6|9998|3|1||3|07|||8|70.0|153|||2||||||||||||52UZPE01152001T38MT02EBS001H006852UZPE01152001T38MT02EBS001H0068F0068|52UZPE01152001T38MT02EBS001H006852UZPE01152001T38MT02EBS001H0068F0068CC5336228
3|1181|ANGELA|VALENTINA|SANTACRUZ|CANTUCA|TI|1081279828|2009-08-31|2|2|6|9998|3|1||1|07|||8|10.0|5|||2||||||||||||52UZPE01152001T38MT02EBS001H007052UZPE01152001T38MT02EBS001H0070F0070|52UZPE01152001T38MT02EBS001H007052UZPE01152001T38MT02EBS001H0070F0070TI1081279828
3|1182|DORIS|ERLINDA|CANTUCA|BURGOS|CC|30739301|1968-07-23|2|2|6|9998|3|1||7|07|||8|60.0|154|||2||||||||||||52UZPE01152001T38MT02EBS001H007052UZPE01152001T38MT02EBS001H0070F0070|52UZPE01152001T38MT02EBS001H007052UZPE01152001T38MT02EBS001H0070F0070CC30739301
3|1183|JOSE|OMAR|SANTACRUZ|NA|CC|12992243|1966-04-01|1|2|6|5169|3|2||7|07|||8|10.0|5|||2||||||||||||52UZPE01152001T38MT02EBS001H007052UZPE01152001T38MT02EBS001H0070F0070|52UZPE01152001T38MT02EBS001H007052UZPE01152001T38MT02EBS001H0070F0070CC12992243
3|1184|BERTHA|DORIS|BOLANOS|PAZ|CC|30735191|1963-12-31|2|2|6|9998|3|1||3|07|||8|66.0|154|||2||||||||||||52UZPE01152001T38MT02EBS001H008252UZPE01152001T38MT02EBS001H0082F0082|52UZPE01152001T38MT02EBS001H008252UZPE01152001T38MT02EBS001H0082F0082CC30735191
3|1185|OMAR|DANIEL|SANTACRUZ|CANTUCA|CC|10852930221|1991-11-18|1|2|6|9998|3|1||7|07|||8|70.0|167|||2||||||||||||52UZPE01152001T38MT02EBS001H007152UZPE01152001T38MT02EBS001H0071F0071|52UZPE01152001T38MT02EBS001H007152UZPE01152001T38MT02EBS001H0071F0071CC10852930221
3|1186|LUIS|BERNARDO|SANTACRUZ|CANTUCA|CC|1085335922|1997-07-18|1|2|6|9998|3|1||7|07|||8|65.0|160|||2||||||||||||52UZPE01152001T38MT02EBS001H007252UZPE01152001T38MT02EBS001H0072F0072|52UZPE01152001T38MT02EBS001H007252UZPE01152001T38MT02EBS001H0072F0072CC1085335922
3|1187|LAURA|SIFIA|PATINO|SANTACRUZ|RC|1080070108|2019-10-19|2|2|6|9998|3|1||8|07|||8|||||2||||||||||||52UZPE01152001T38MT02EBS001H008352UZPE01152001T38MT02EBS001H0083F0083|52UZPE01152001T38MT02EBS001H008352UZPE01152001T38MT02EBS001H0083F0083RC1080070108
3|1188|JESUS|DUBAN|PATINO|SANTACRUZ|TI|1080066186|2016-09-06|1|2|6|9998|3|1||8|07|||8|10.0|5|||2||||||||||||52UZPE01152001T38MT02EBS001H008352UZPE01152001T38MT02EBS001H0083F0083|52UZPE01152001T38MT02EBS001H008352UZPE01152001T38MT02EBS001H0083F0083TI1080066186
3|1189|HELEN|FERNANDA|SANTACRUZ|CANTUCA|CC|1085276588|1989-10-02|2|2|6|9998|3|1||7|07|||8|65.0|156|||2||||||||||||52UZPE01152001T38MT02EBS001H008352UZPE01152001T38MT02EBS001H0083F0083|52UZPE01152001T38MT02EBS001H008352UZPE01152001T38MT02EBS001H0083F0083CC1085276588
3|1190|JORGE|ARMANDO|TIMANA|GUERRERO|CC|87065964|1982-12-20|1|2|6|5169|3|2||7|07|||8|10.0|5|||2||||||||||||52UZPE01152001T38MT02EBS001H008452UZPE01152001T38MT02EBS001H0084F0084|52UZPE01152001T38MT02EBS001H008452UZPE01152001T38MT02EBS001H0084F0084CC87065964
3|1191|MARITZA|LILIANA|BURBANO|CANTUCA|CC|36855596|1981-03-13|2|2|6|9998|3|2||7|07|||8|56.0|153|||2||||||||||||52UZPE01152001T38MT02EBS001H008452UZPE01152001T38MT02EBS001H0084F0084|52UZPE01152001T38MT02EBS001H008452UZPE01152001T38MT02EBS001H0084F0084CC36855596
3|1192|DANIELA|ALEJANDRA|TIMANA|BURBANO|TI|1081285248|2015-09-15|2|2|6|9998|3|2||8|07|||8|10.0|5|||2||||||||||||52UZPE01152001T38MT02EBS001H008452UZPE01152001T38MT02EBS001H0084F0084|52UZPE01152001T38MT02EBS001H008452UZPE01152001T38MT02EBS001H0084F0084TI1081285248
3|1193|ESISSON|ARMANDO|BURBANO|CANTUCA|CC|1085293511|1991-11-11|1|2|6|9998|3|1||7|07|||8|10.0|5|||2||||||||||||52UZPE01152001T38MT02EBS001H008552UZPE01152001T38MT02EBS001H0085F0085|52UZPE01152001T38MT02EBS001H008552UZPE01152001T38MT02EBS001H0085F0085CC1085293511
3|1194|MARIA|IMELDA|ANTICA|BURBANO|CC|30712139|1955-10-31|2|2|6|9998|3|1||3|07|||8|50.0|148|||2||||||||||||52UZPE01152001T38MT02EBS001H008552UZPE01152001T38MT02EBS001H0085F0085|52UZPE01152001T38MT02EBS001H008552UZPE01152001T38MT02EBS001H0085F0085CC30712139
3|1195|EMA|VIVIANA|YARA|CORTES|CC|1071329709|1991-08-31|2|2|6|9998|3|1||7|07|||8|68.0|159|||2||||||||||||52UZPE01152001T38MT02EBS001H008852UZPE01152001T38MT02EBS001H0088F0088|52UZPE01152001T38MT02EBS001H008852UZPE01152001T38MT02EBS001H0088F0088CC1071329709
3|1196|SARA|SOFIA|ROSERO|YARA|RC|1080069439|2019-03-31|2|2|6|9998|3|1||8|07|||8|||||2||||||||||||52UZPE01152001T38MT02EBS001H008852UZPE01152001T38MT02EBS001H0088F0088|52UZPE01152001T38MT02EBS001H008852UZPE01152001T38MT02EBS001H0088F0088RC1080069439
3|1197|AURELIO|JUAN|BURBANO|MALES|CC|5194778|1940-08-05|1|2|6|9622|3|1||3|07|||8|75.0|164|||2||||||||||||52UZPE01152001T38MT02EBS001H008952UZPE01152001T38MT02EBS001H0089F0089|52UZPE01152001T38MT02EBS001H008952UZPE01152001T38MT02EBS001H0089F0089CC5194778
3|1198|CLEMENCIA|MARLENY|ROMERO|GARRETA|CC|36998592|1963-05-01|2|2|6|9622|3|1||3|07|||8|10.0|5|||2||||||||||||52UZPE01152001T38MT02EBS001H008952UZPE01152001T38MT02EBS001H0089F0089|52UZPE01152001T38MT02EBS001H008952UZPE01152001T38MT02EBS001H0089F0089CC36998592
3|1199|KAREN|SOFIA|VELAZQUEZ|CUASQUER|TI|1080695367|2010-02-02|2|2|6|9998|3|1||1|07|||8|10.0|5|||2||||||||||||52UZPE01152001T38MT02EBS001H009152UZPE01152001T38MT02EBS001H0091F0091|52UZPE01152001T38MT02EBS001H009152UZPE01152001T38MT02EBS001H0091F0091TI1080695367
3|1200|ANA|MILENA|CUASQUER|TUMAL|CC|36750516|1978-08-03|2|2|6|9510|3|1||7|07|||8|59.0|153|||2||||||||||||52UZPE01152001T38MT02EBS001H009152UZPE01152001T38MT02EBS001H0091F0091|52UZPE01152001T38MT02EBS001H009152UZPE01152001T38MT02EBS001H0091F0091CC36750516
3|1201|MILTON|ORLANDO|VELAZQUEZ|VERGARA|CC|12747667|1979-02-16|1|2|6|9510|3|1||7|07|||8|10.0|5|||2||||||||||||52UZPE01152001T38MT02EBS001H009152UZPE01152001T38MT02EBS001H0091F0091|52UZPE01152001T38MT02EBS001H009152UZPE01152001T38MT02EBS001H0091F0091CC12747667
3|1202|AMALIA|NA|VERGARA|NA|CC|36751193|1958-08-24|2|2|6|9510|3|1||3|07|||8|10.0|5|||2||||||||||||52UZPE01152001T38MT02EBS001H009252UZPE01152001T38MT02EBS001H0092F0092|52UZPE01152001T38MT02EBS001H009252UZPE01152001T38MT02EBS001H0092F0092CC36751193
3|1203|JESUS|ALEJANDRO|ROSERO|CHINCHAJOA|CC|13071498|1981-08-06|1|2|6|5169|3|2||7|07|||8|74.0|166|||2||||||||||||52UZPE01152001T38MT02EBS001H009852UZPE01152001T38MT02EBS001H0098F0098|52UZPE01152001T38MT02EBS001H009852UZPE01152001T38MT02EBS001H0098F0098CC13071498
3|1204|ANA|PATRICIA|VIVAS|GONZALES|CC|36758601|1982-07-02|2|2|6|9998|3|1||7|07|||8|10.0|5|||2||||||||||||52UZPE01152001T38MT02EBS001H009852UZPE01152001T38MT02EBS001H0098F0098|52UZPE01152001T38MT02EBS001H009852UZPE01152001T38MT02EBS001H0098F0098CC36758601
3|1205|VICENTE|GABRIEL|ROSERO|BENAVIDES|CC|12957051|1952-02-27|1|2|6|9998|3|1||3|07|||2|10.0|5|||2||||||||||||52UZPE01152001T38MT02EBS001H009952UZPE01152001T38MT02EBS001H0099F0099|52UZPE01152001T38MT02EBS001H009952UZPE01152001T38MT02EBS001H0099F0099CC12957051
3|1206|JAIME|ANTIDIO|BENAVIDES|BENITEZ|CC|12993405|1964-08-20|1|2|6|9510|3|1||7|07|||8|10.0|5|||2||||||||||||52UZPE01152001T38MT02EBS001H010152UZPE01152001T38MT02EBS001H0101F0101|52UZPE01152001T38MT02EBS001H010152UZPE01152001T38MT02EBS001H0101F0101CC12993405
3|1207|JAIR|SEBASTIAN|MARTINEZ|RAMIREZ|TI|1081278968|2009-01-10|1|2|6|9998|3|1||1|07|||8|10.0|5|||2||||||||||||52UZPE01152001T38MT02EBS001H011352UZPE01152001T38MT02EBS001H0113F0113|52UZPE01152001T38MT02EBS001H011352UZPE01152001T38MT02EBS001H0113F0113TI1081278968
3|1208|IVONN|ALEJANDRA|RAMIREZ|SALAZAR|CC|1085303080|1992-11-03|2|2|6|9998|3|1||7|07|||8|85.0|158|||2||||||||||||52UZPE01152001T38MT02EBS001H011352UZPE01152001T38MT02EBS001H0113F0113|52UZPE01152001T38MT02EBS001H011352UZPE01152001T38MT02EBS001H0113F0113CC1085303080
3|1209|CAMILO|FERNANDO|MARTINEZ|NARVAEZ|CC|1081274045|1989-08-07|1|2|6|9510|3|1||7|07|||8|10.0|5|||2||||||||||||52UZPE01152001T38MT02EBS001H011352UZPE01152001T38MT02EBS001H0113F0113|52UZPE01152001T38MT02EBS001H011352UZPE01152001T38MT02EBS001H0113F0113CC1081274045
3|1210|SARA|NA|TUMAL|PECILLO|CC|59819192|1971-12-23|2|2|6|9998|3|1||7|07|||8|78.0|162|||2||||||||||||52UZPE01152001T38MT02EBS001H011452UZPE01152001T38MT02EBS001H0114F0114|52UZPE01152001T38MT02EBS001H011452UZPE01152001T38MT02EBS001H0114F0114CC59819192
3|1211|JOSE|FIDENCIO|CASTRO|DELACRUZ|CC|12997705|1969-05-21|1|2|6|9998|3|1||7|07|||8|10.0|5|||2||||||||||||52UZPE01152001T38MT02EBS001H011452UZPE01152001T38MT02EBS001H0114F0114|52UZPE01152001T38MT02EBS001H011452UZPE01152001T38MT02EBS001H0114F0114CC12997705
3|1212|GABRIELA|ALEXANDRA|CASTRO|TUMAL|CC|1085342738|1998-11-02|2|2|6|9998|3|1||7|07|||8|10.0|5|||2||||||||||||52UZPE01152001T38MT02EBS001H011452UZPE01152001T38MT02EBS001H0114F0114|52UZPE01152001T38MT02EBS001H011452UZPE01152001T38MT02EBS001H0114F0114CC1085342738
3|1213|ALISSON|YOSELY|CASTRO|TUMAL|CC|1085320793|1995-05-22|2|2|6|9510|3|1||7|07|||8|10.0|5|||2||||||||||||52UZPE01152001T38MT02EBS001H011452UZPE01152001T38MT02EBS001H0114F0114|52UZPE01152001T38MT02EBS001H011452UZPE01152001T38MT02EBS001H0114F0114CC1085320793
3|1214|NIKOL|SOFIA|CASTRO|TUNAL|CC|1004136519|2003-04-05|2|2|6|9998|3|1||7|07|||8|10.0|5|||2||||||||||||52UZPE01152001T38MT02EBS001H011452UZPE01152001T38MT02EBS001H0114F0114|52UZPE01152001T38MT02EBS001H011452UZPE01152001T38MT02EBS001H0114F0114CC1004136519
3|1215|MARIA|DELSOCORRO|PESILLO|DETUMAL|CC|27075112|1945-09-27|2|2|6|9998|3|2||3|07|||8|75.0|160|||2||||||||||||52UZPE01152001T38MT02EBS001H011652UZPE01152001T38MT02EBS001H0116F0116|52UZPE01152001T38MT02EBS001H011652UZPE01152001T38MT02EBS001H0116F0116CC27075112
3|1216|JUAN|ESTEBAN|CASTRO|TUMAL|CC|1137089089|2005-08-22|1|2|6|9998|3|1||7|07|||8|10.0|5|||2||||||||||||52UZPE01152001T38MT02EBS001H011552UZPE01152001T38MT02EBS001H0115F0115|52UZPE01152001T38MT02EBS001H011552UZPE01152001T38MT02EBS001H0115F0115CC1137089089
3|1217|MARGARITA|MARIA|TUMAL|PESILLO|CC|36753277|1979-05-31|2|2|6|9998|3|1||7|07|||8|64.0|161|||2||||||||||||52UZPE01152001T38MT02EBS001H011552UZPE01152001T38MT02EBS001H0115F0115|52UZPE01152001T38MT02EBS001H011552UZPE01152001T38MT02EBS001H0115F0115CC36753277
3|1218|JOSE|ANDRES|CASTRO|TUMAL|CC|1004216374|2002-09-02|1|2|6|9998|3|1||7|07|||8|10.0|5|||2||||||||||||52UZPE01152001T38MT02EBS001H011552UZPE01152001T38MT02EBS001H0115F0115|52UZPE01152001T38MT02EBS001H011552UZPE01152001T38MT02EBS001H0115F0115CC1004216374
3|1219|LUIS|ALBERTO|NUPAN|LOPEZ|CC|12979691|1961-06-26|1|2|6|9510|3|1||3|07|||8|65.0|156|||2||||||||||||52UZPE01152001T38MT02EBS001H011752UZPE01152001T38MT02EBS001H0117F0117|52UZPE01152001T38MT02EBS001H011752UZPE01152001T38MT02EBS001H0117F0117CC12979691
3|1220|JENNETH|ROSA|TREJO|GOMEZ|CC|36750483|1978-05-13|2|2|6|9510|3|1||7|07|||8|61.0|151|||2||||||||||||52UZPE01152001T38MT02EBS001H011852UZPE01152001T38MT02EBS001H0118F0118|52UZPE01152001T38MT02EBS001H011852UZPE01152001T38MT02EBS001H0118F0118CC36750483
3|1221|ALICIA|AMPARO|YANGUATIN|ROSERO|CC|30729860|1964-10-30|2|2|6|9510|3|2||7|07|||8|84.0|156|||2||||||||||||52UZPE01152001T38MT02EBS001H011952UZPE01152001T38MT02EBS001H0119F0119|52UZPE01152001T38MT02EBS001H011952UZPE01152001T38MT02EBS001H0119F0119CC30729860
3|1222|JORGE|JAVIER|CUSIS|CUSIS|CC|12968796|1956-05-10|1|2|6|9999|3|2||3|07|||8|68.0|155|||2||||||||||||52UZPE01152001T38MT02EBS001H011952UZPE01152001T38MT02EBS001H0119F0119|52UZPE01152001T38MT02EBS001H011952UZPE01152001T38MT02EBS001H0119F0119CC12968796
3|1223|IRENE|SOFIA|CUSIS|YANGUATIN|CC|37085469|1985-01-21|2|2|6|9510|3|1||7|07|||8|62.0|153|||2||||||||||||52UZPE01152001T38MT02EBS001H012052UZPE01152001T38MT02EBS001H0120F0120|52UZPE01152001T38MT02EBS001H012052UZPE01152001T38MT02EBS001H0120F0120CC37085469
3|1224|JEAN|MARCOS|ROSERO|CUSIS|TI|1080048055|2006-11-20|1|2|6|9998|3|1||1|07|||8|10.0|5|||2||||||||||||52UZPE01152001T38MT02EBS001H012052UZPE01152001T38MT02EBS001H0120F0120|52UZPE01152001T38MT02EBS001H012052UZPE01152001T38MT02EBS001H0120F0120TI1080048055
3|1225|OSCAR|EMILIO|TUMAL|GETIAL|CC|12991902|1967-05-19|1|2|6|9998|3|5||7|07|||8|72.0|162|||2||||||||||||52UZPE01152001T38MT02EBS001H012152UZPE01152001T38MT02EBS001H0121F0121|52UZPE01152001T38MT02EBS001H012152UZPE01152001T38MT02EBS001H0121F0121CC12991902
3|1226|MARTHA|ISABEL|MARTINEZ|TABLA|CC|30746429|1970-06-07|2|2|6|5169|3|2||7|07|||8|10.0|5|||2||||||||||||52UZPE01152001T38MT02EBS001H012152UZPE01152001T38MT02EBS001H0121F0121|52UZPE01152001T38MT02EBS001H012152UZPE01152001T38MT02EBS001H0121F0121CC30746429
3|1227|JESICA|NAYIBE|SALAZAR|MARTINEZ|CC|1085333948|1997-02-12|2|2|6|9998|3|1||7|07|||8|10.0|5|||2||||||||||||52UZPE01152001T38MT02EBS001H012252UZPE01152001T38MT02EBS001H0122F0122|52UZPE01152001T38MT02EBS001H012252UZPE01152001T38MT02EBS001H0122F0122CC1085333948
3|1228|NANCY|DELPILA|MARTINEZ|TABLA|CC|20740481|1968-09-23|2|2|6|5169|3|2||7|07|||8|67.0|157|||2||||||||||||52UZPE01152001T38MT02EBS001H012252UZPE01152001T38MT02EBS001H0122F0122|52UZPE01152001T38MT02EBS001H012252UZPE01152001T38MT02EBS001H0122F0122CC20740481
3|1229|OSCAR|GEOVANY|SALAZAR|BURBANO|CC|98386399|1973-08-21|1|2|6|9510|3|1||7|07|||8|10.0|5|||2||||||||||||52UZPE01152001T38MT02EBS001H012252UZPE01152001T38MT02EBS001H0122F0122|52UZPE01152001T38MT02EBS001H012252UZPE01152001T38MT02EBS001H0122F0122CC98386399
3|1230|CIELO|JAZMIN|NUPAN|YANGUATIN|CC|1085274334|1989-03-31|2|2|6|9510|3|1||7|07|||8|10.0|5|||2||||||||||||52UZPE01152001T38MT02EBS001H012352UZPE01152001T38MT02EBS001H0123F0123|52UZPE01152001T38MT02EBS001H012352UZPE01152001T38MT02EBS001H0123F0123CC1085274334
3|1231|ANA|MARIA|NUPAN|YANGUATIN|CC|59823171|1971-10-16|2|2|6|9510|3|1||7|07|||8|61.0|154|||2||||||||||||52UZPE01152001T38MT02EBS001H012352UZPE01152001T38MT02EBS001H0123F0123|52UZPE01152001T38MT02EBS001H012352UZPE01152001T38MT02EBS001H0123F0123CC59823171
3|1232|JOSE|LUCIOEDUARDO|NUPAN|SUAREZ|CC|12957891|1950-04-07|1|2|6|9510|3|1||3|07|||8|10.0|5|||2||||||||||||52UZPE01152001T38MT02EBS001H012452UZPE01152001T38MT02EBS001H0124F0124|52UZPE01152001T38MT02EBS001H012452UZPE01152001T38MT02EBS001H0124F0124CC12957891
3|1233|ROSA|ELENA|YANGUATIN|DENUPAN|CC|30719330|1950-12-09|2|2|6|9998|3|1||3|07|||8|76.0|153|||2||||||||||||52UZPE01152001T38MT02EBS001H012452UZPE01152001T38MT02EBS001H0124F0124|52UZPE01152001T38MT02EBS001H012452UZPE01152001T38MT02EBS001H0124F0124CC30719330
3|1234|NATALY|SALOME|ROMO|REYNA|TI|1080064301|2015-01-21|2|2|6|9998|3|1||8|07|||8|10.0|5|||2||||||||||||52UZPE01152001T38MT02EBS001H012552UZPE01152001T38MT02EBS001H0125F0125|52UZPE01152001T38MT02EBS001H012552UZPE01152001T38MT02EBS001H0125F0125TI1080064301
3|1235|LEYDI|JOHANA|ROMO|REINA|TI|1030001236|2013-06-05|2|2|6|9998|3|1||8|07|||8|10.0|5|||2||||||||||||52UZPE01152001T38MT02EBS001H012552UZPE01152001T38MT02EBS001H0125F0125|52UZPE01152001T38MT02EBS001H012552UZPE01152001T38MT02EBS001H0125F0125TI1030001236
3|1236|MILENA|ANDREA|REYNA|NUPAN|CC|1086018848|1994-05-05|2|2|6|9510|3|1||7|07|||8|54.0|164|||2||||||||||||52UZPE01152001T38MT02EBS001H012552UZPE01152001T38MT02EBS001H0125F0125|52UZPE01152001T38MT02EBS001H012552UZPE01152001T38MT02EBS001H0125F0125CC1086018848
3|1237|CRISTIANA|DEJESUS|NUPAN|BUESAQUILLO|CC|30742022|1967-12-05|2|2|6|9510|3|1||7|07|||8|10.0|5|||2||||||||||||52UZPE01152001T38MT02EBS001H012652UZPE01152001T38MT02EBS001H0126F0126|52UZPE01152001T38MT02EBS001H012652UZPE01152001T38MT02EBS001H0126F0126CC30742022
3|1238|AURAELISA|DELSOCORRO|CEBALLOS|DEROSERO|CC|30709023|1950-10-07|2|2|6|9998|3|1||3|07|||8|56.0|145|||2||||||||||||52UZPE01152001T38MT02EBS001H012752UZPE01152001T38MT02EBS001H0127F0127|52UZPE01152001T38MT02EBS001H012752UZPE01152001T38MT02EBS001H0127F0127CC30709023
3|1239|JOSE|TOBIAS|ROSERO|TUMAL|CC|5203169|1944-06-25|1|2|6|9510|3|1||3|07|||8|62.0|162|||2||||||||||||52UZPE01152001T38MT02EBS001H012752UZPE01152001T38MT02EBS001H0127F0127|52UZPE01152001T38MT02EBS001H012752UZPE01152001T38MT02EBS001H0127F0127CC5203169
3|1240|EVER|RUBEN|MANZO|MORALES|CC|15812337|1965-03-15|1|2|6|9510|3|1||7|07|||8|10.0|5|||2||||||||||||52UZPE01152001T38MT02EBS001H015252UZPE01152001T38MT02EBS001H0152F0152|52UZPE01152001T38MT02EBS001H015252UZPE01152001T38MT02EBS001H0152F0152CC15812337
3|1241|LUZ|MIDE|CASTILLO|SOLARTE|CC|27297309|1968-09-28|2|2|6|9998|3|1||7|07|||8|62.0|150|||2||||||||||||52UZPE01152001T38MT02EBS001H015252UZPE01152001T38MT02EBS001H0152F0152|52UZPE01152001T38MT02EBS001H015252UZPE01152001T38MT02EBS001H0152F0152CC27297309
3|1242|LUIS|ALBERTO|QUENSN|COLOMBIA|CC|5255648|1953-01-07|1|2|6|9510|3|1||3|07|||8|10.0|5|||2||||||||||||52UZPE01152001T38MT02EBS001H015352UZPE01152001T38MT02EBS001H0153F0153|52UZPE01152001T38MT02EBS001H015352UZPE01152001T38MT02EBS001H0153F0153CC5255648
3|1243|MAYERLI|ALEXANDRA|QUEBAN|HERNANDEZ|CC|1004135235|2002-10-08|2|2|6|9998|3|1||7|07|||8|10.0|5|||2||||||||||||52UZPE01152001T38MT02EBS001H015352UZPE01152001T38MT02EBS001H0153F0153|52UZPE01152001T38MT02EBS001H015352UZPE01152001T38MT02EBS001H0153F0153CC1004135235
3|1244|MARTHA|NA|HERNANDEZ|BUESAQUILLO|CC|27100263|1961-08-23|2|2|6|9998|3|1||3|07|||8|60.0|152|||2||||||||||||52UZPE01152001T38MT02EBS001H015352UZPE01152001T38MT02EBS001H0153F0153|52UZPE01152001T38MT02EBS001H015352UZPE01152001T38MT02EBS001H0153F0153CC27100263
3|1245|XIMENA|ANDREA|HERNANDEZ|BUESAQUILLO|CC|1080041643|2004-07-29|2|2|6|9998|3|1||7|07|||8|10.0|5|||2||||||||||||52UZPE01152001T38MT02EBS001H015352UZPE01152001T38MT02EBS001H0153F0153|52UZPE01152001T38MT02EBS001H015352UZPE01152001T38MT02EBS001H0153F0153CC1080041643
3|1246|LUIS|HERNANDO|DELGADA|LOPEZ|CC|87070665|1984-03-07|1|2|6|5169|3|2||7|07|||8|10.0|5|||2||||||||||||52UZPE01152001T38MT02EBS001H015452UZPE01152001T38MT02EBS001H0154F0154|52UZPE01152001T38MT02EBS001H015452UZPE01152001T38MT02EBS001H0154F0154CC87070665
3|1247|SANDRA|PATRICIA|QUENAN|FIGUEROA|CC|37086396|1985-03-15|2|2|6|9998|3|1||7|07|||8|60.0|160|||2||||||||||||52UZPE01152001T38MT02EBS001H015452UZPE01152001T38MT02EBS001H0154F0154|52UZPE01152001T38MT02EBS001H015452UZPE01152001T38MT02EBS001H0154F0154CC37086396
3|1248|SANTIAGO|FELIPE|DELGADO|QUENAN|CC|108105378|2005-04-13|1|2|6|9998|3|1||7|07|||8|10.0|5|||2||||||||||||52UZPE01152001T38MT02EBS001H015452UZPE01152001T38MT02EBS001H0154F0154|52UZPE01152001T38MT02EBS001H015452UZPE01152001T38MT02EBS001H0154F0154CC108105378
3|1249|SILVIA|ALEJANDRA|DELACRUZ|BOLANOS|TI|1030000434|2009-01-12|2|2|6|9998|3|1||1|07|||8|10.0|5|||2||||||||||||52UZPE01152001T38MT02EBS001H015552UZPE01152001T38MT02EBS001H0155F0155|52UZPE01152001T38MT02EBS001H015552UZPE01152001T38MT02EBS001H0155F0155TI1030000434
3|1250|SANDRA|STEFANIA|DELACRUZ|BOLANOS|TI|1081281702|2011-05-01|2|2|6|9998|3|1||1|07|||8|10.0|5|||2||||||||||||52UZPE01152001T38MT02EBS001H015552UZPE01152001T38MT02EBS001H0155F0155|52UZPE01152001T38MT02EBS001H015552UZPE01152001T38MT02EBS001H0155F0155TI1081281702
3|1251|SARA|JAQUELIN|DELACRUZ|BOLANOS|TI|1080702719|2016-08-18|2|2|6|9998|3|1||8|07|||8|10.0|5|||2||||||||||||52UZPE01152001T38MT02EBS001H015552UZPE01152001T38MT02EBS001H0155F0155|52UZPE01152001T38MT02EBS001H015552UZPE01152001T38MT02EBS001H0155F0155TI1080702719
3|1252|SANDRA|MILENA|BOLANOS|ORTEGA|CC|59314215|1983-03-20|2|2|6|9998|3|1||7|07|||8|64.0|154|||2||||||||||||52UZPE01152001T38MT02EBS001H015552UZPE01152001T38MT02EBS001H0155F0155|52UZPE01152001T38MT02EBS001H015552UZPE01152001T38MT02EBS001H0155F0155CC59314215
3|1253|FAUSTO|EFRAIN|DELACRUZ|CUSIS|CC|87064465|1984-03-19|1|2|6|5169|3|2||7|07|||8|10.0|5|||2||||||||||||52UZPE01152001T38MT02EBS001H015552UZPE01152001T38MT02EBS001H0155F0155|52UZPE01152001T38MT02EBS001H015552UZPE01152001T38MT02EBS001H0155F0155CC87064465
3|1254|MARIA|ESTELLA|LEITON|CORTES|CC|27126313|1965-12-19|2|2|6|9998|3|1||7|07|||8|71.0|151|||2||||||||||||52UZPE01152001T38MT02EBS001H015752UZPE01152001T38MT02EBS001H0157F0157|52UZPE01152001T38MT02EBS001H015752UZPE01152001T38MT02EBS001H0157F0157CC27126313
3|1255|LUIS|ALICIO|CASTILLO|LEYTON|CC|12971433|1960-10-11|1|2|6|9622|3|1||3|07|||8|70.0|166|||2||||||||||||52UZPE01152001T38MT02EBS001H015752UZPE01152001T38MT02EBS001H0157F0157|52UZPE01152001T38MT02EBS001H015752UZPE01152001T38MT02EBS001H0157F0157CC12971433
3|1256|LAURA|VALENTINA|RODRIGUEZ|CASTILLO|CC|1137089310|2006-04-06|2|2|6|9998|3|1||7|07|||8|10.0|5|||2||||||||||||52UZPE01152001T38MT02EBS001H015852UZPE01152001T38MT02EBS001H0158F0158|52UZPE01152001T38MT02EBS001H015852UZPE01152001T38MT02EBS001H0158F0158CC1137089310
3|1257|YUBER|ARLEY|RODRIGUEZ|CASTILLO|TI|1080052657|2008-08-04|1|2|6|9998|3|1||1|07|||8|10.0|5|||2||||||||||||52UZPE01152001T38MT02EBS001H015852UZPE01152001T38MT02EBS001H0158F0158|52UZPE01152001T38MT02EBS001H015852UZPE01152001T38MT02EBS001H0158F0158TI1080052657
3|1258|KOSE|DOMINGO|CORTES|NA|CC|1817365|1939-01-08|1|2|6|9998|3|1||3|07|||8|58.0|157|||2||||||||||||52UZPE01152001T38MT02EBS001H015652UZPE01152001T38MT02EBS001H0156F0156|52UZPE01152001T38MT02EBS001H015652UZPE01152001T38MT02EBS001H0156F0156CC1817365
3|1259|EDID|MARLENE|RAMIREZ|GUERRERO|CC|30740312|1964-05-28|2|2|6|9998|3|1||3|07|||8|52.0|159|||2||||||||||||52UZPE01152001T38MT02EBS001H016152UZPE01152001T38MT02EBS001H0161F0161|52UZPE01152001T38MT02EBS001H016152UZPE01152001T38MT02EBS001H0161F0161CC30740312
3|1260|LIZETH|DAYANA|DELGADO|VELAZQUEZ|CC|1081054649|2006-05-21|2|2|6|9998|3|1||7|07|||8|55.0|148|||2||||||||||||52UZPE01152001T38MT02EBS001H016352UZPE01152001T38MT02EBS001H0163F0163|52UZPE01152001T38MT02EBS001H016352UZPE01152001T38MT02EBS001H0163F0163CC1081054649
3|1261|DORA|MARIA|DELGADO|VELAZQUEZ|CC|66782015|1967-09-22|2|2|6|9510|3|1||7|07|||8|10.0|5|||2||||||||||||52UZPE01152001T38MT02EBS001H016352UZPE01152001T38MT02EBS001H0163F0163|52UZPE01152001T38MT02EBS001H016352UZPE01152001T38MT02EBS001H0163F0163CC66782015
3|1262|ANA|LUCIA|MARCILLO|ACHICANOY|CC|1085301339|1992-12-07|2|2|6|9998|3|2||7|07|||8|62.0|145|||2||||||||||||52UZPE01152001T38MT02EBS001H016552UZPE01152001T38MT02EBS001H0165F0165|52UZPE01152001T38MT02EBS001H016552UZPE01152001T38MT02EBS001H0165F0165CC1085301339
3|1263|ADRIANA|NATHALI|JOSA|MARCILLO|TI|1080053283|2008-10-15|2|2|6|9998|3|1||1|07|||8|10.0|5|||2||||||||||||52UZPE01152001T38MT02EBS001H016552UZPE01152001T38MT02EBS001H0165F0165|52UZPE01152001T38MT02EBS001H016552UZPE01152001T38MT02EBS001H0165F0165TI1080053283
3|1264|DAVID|ALBERTO|JOSA|MARCILLO|TI|1080063658|2014-08-29|1|2|6|9998|3|1||8|07|||8|10.0|5|||2||||||||||||52UZPE01152001T38MT02EBS001H016552UZPE01152001T38MT02EBS001H0165F0165|52UZPE01152001T38MT02EBS001H016552UZPE01152001T38MT02EBS001H0165F0165TI1080063658
3|1265|MARIANA|CATALINA|PUPIALES|RAMIREZ|CC|1193131559|2001-05-30|2|2|6|9998|3|5||7|07|||8|10.0|5|||2||||||||||||52UZPE01152001T38MT02EBS001H016852UZPE01152001T38MT02EBS001H0168F0168|52UZPE01152001T38MT02EBS001H016852UZPE01152001T38MT02EBS001H0168F0168CC1193131559
3|1266|WILSON|ALFREDO|PUPIALES|NAUSIL|CC|12995722|1969-06-29|1|2|6|9998|3|5||7|07|||8|80.0|166|||2||||||||||||52UZPE01152001T38MT02EBS001H016852UZPE01152001T38MT02EBS001H0168F0168|52UZPE01152001T38MT02EBS001H016852UZPE01152001T38MT02EBS001H0168F0168CC12995722
3|1267|AIDA|OLADY|DELACRUZ|BOTINA|CC|1085283660|1990-07-02|2|2|6|9998|3|1||7|07|||8|61.0|151|||2||||||||||||52UZPE01152001T38MT02EBS001H016952UZPE01152001T38MT02EBS001H0169F0169|52UZPE01152001T38MT02EBS001H016952UZPE01152001T38MT02EBS001H0169F0169CC1085283660
3|1268|ANGEL|MAURICIO|CUERO|DELACRUZ|RC|1080706771|2019-09-16|1|2|6|9998|3|1||8|07|||8|||||2||||||||||||52UZPE01152001T38MT02EBS001H016952UZPE01152001T38MT02EBS001H0169F0169|52UZPE01152001T38MT02EBS001H016952UZPE01152001T38MT02EBS001H0169F0169RC1080706771
3|1269|ALISON|SARITA|GUINCHIN|DELACRUZ|TI|1081281928|2011-07-26|2|2|6|9998|3|1||1|07|||8|10.0|5|||2||||||||||||52UZPE01152001T38MT02EBS001H016952UZPE01152001T38MT02EBS001H0169F0169|52UZPE01152001T38MT02EBS001H016952UZPE01152001T38MT02EBS001H0169F0169TI1081281928
3|1270|YULIETH|FERNANDA|NARVAEZ|CHANAG|CC|1085344399|1999-03-13|2|2|6|9998|3|1||7|07|||8|49.0|152|||2||||||||||||52UZPE01152001T38MT02EBS001H017252UZPE01152001T38MT02EBS001H0172F0172|52UZPE01152001T38MT02EBS001H017252UZPE01152001T38MT02EBS001H0172F0172CC1085344399
3|1271|ANA|LUCIA|CHANAG|ESPINOSA|CC|36951744|1978-06-02|2|2|6|9998|3|1||7|07|||8|10.0|5|||2||||||||||||52UZPE01152001T38MT02EBS001H017252UZPE01152001T38MT02EBS001H0172F0172|52UZPE01152001T38MT02EBS001H017252UZPE01152001T38MT02EBS001H0172F0172CC36951744
3|1272|LUIS|OMAR|FLOREZ|NA|CC|98400077|1978-01-13|1|2|6|9510|3|1||7|07|||8|10.0|5|||2||||||||||||52UZPE01152001T38MT02EBS001H017252UZPE01152001T38MT02EBS001H0172F0172|52UZPE01152001T38MT02EBS001H017252UZPE01152001T38MT02EBS001H0172F0172CC98400077
3|1273|MARIA|CARMELA|MARTINEZ|DELGADO|CC|59827144|1965-04-15|2|2|6|9510|3|1||7|07|||8|63.0|155|||2||||||||||||52UZPE01152001T38MT02EBS001H017552UZPE01152001T38MT02EBS001H0175F0175|52UZPE01152001T38MT02EBS001H017552UZPE01152001T38MT02EBS001H0175F0175CC59827144
3|1274|MARIA|SALOME|JIMENEZ|FLOREZ|TI|1081064413|2018-01-01|2|2|6|9998|3|1||8|07|||8|10.0|5|||2||||||||||||52UZPE01152001T38MT02EBS001H017352UZPE01152001T38MT02EBS001H0173F0173|52UZPE01152001T38MT02EBS001H017352UZPE01152001T38MT02EBS001H0173F0173TI1081064413
3|1275|LEIDY|JOHANA|FLOREZ|CHANA|CC|1004214918|2000-09-06|2|2|6|5169|3|2||7|07|||8|10.0|5|||2||||||||||||52UZPE01152001T38MT02EBS001H017352UZPE01152001T38MT02EBS001H0173F0173|52UZPE01152001T38MT02EBS001H017352UZPE01152001T38MT02EBS001H0173F0173CC1004214918